RD_NO,CRASH_DATE_EST_I,CRASH_DATE,POSTED_SPEED_LIMIT,TRAFFIC_CONTROL_DEVICE,DEVICE_CONDITION,WEATHER_CONDITION,LIGHTING_CONDITION,FIRST_CRASH_TYPE,TRAFFICWAY_TYPE,LANE_CNT,ALIGNMENT,ROADWAY_SURFACE_COND,ROAD_DEFECT,REPORT_TYPE,CRASH_TYPE,INTERSECTION_RELATED_I,NOT_RIGHT_OF_WAY_I,HIT_AND_RUN_I,DAMAGE,DATE_POLICE_NOTIFIED,PRIM_CONTRIBUTORY_CAUSE,SEC_CONTRIBUTORY_CAUSE,STREET_NO,STREET_DIRECTION,STREET_NAME,BEAT_OF_OCCURRENCE,PHOTOS_TAKEN_I,STATEMENTS_TAKEN_I,DOORING_I,WORK_ZONE_I,WORK_ZONE_TYPE,WORKERS_PRESENT_I,NUM_UNITS,MOST_SEVERE_INJURY,INJURIES_TOTAL,INJURIES_FATAL,INJURIES_INCAPACITATING,INJURIES_NON_INCAPACITATING,INJURIES_REPORTED_NOT_EVIDENT,INJURIES_NO_INDICATION,INJURIES_UNKNOWN,CRASH_HOUR,CRASH_DAY_OF_WEEK,CRASH_MONTH,LATITUDE,LONGITUDE,LOCATION
JC459884,,10/4/2019 13:00,30,UNKNOWN,UNKNOWN,CLEAR,DAYLIGHT,REAR END,UNKNOWN,,STRAIGHT AND LEVEL,DRY,NO DEFECTS,NOT ON SCENE (DESK REPORT),NO INJURY / DRIVE AWAY,,,,"OVER $1,500",10/4/2019 14:30,UNABLE TO DETERMINE,UNABLE TO DETERMINE,1209,W,47TH ST,933,,,,,,,2,NO INDICATION OF INJURY,0,0,0,0,0,2,0,13,6,10,41.8086177,-87.65566429,POINT (-87.655664285148 41.808617695077)
JC459794,,10/4/2019 13:00,30,NO CONTROLS,NO CONTROLS,CLEAR,DAYLIGHT,REAR END,OTHER,,STRAIGHT AND LEVEL,UNKNOWN,NO DEFECTS,ON SCENE,INJURY AND / OR TOW DUE TO CRASH,,,,"OVER $1,500",10/4/2019 13:01,FAILING TO REDUCE SPEED TO AVOID CRASH,NOT APPLICABLE,1315,W,71ST ST,734,,,,,,,2,NO INDICATION OF INJURY,0,0,0,0,0,2,0,13,6,10,41.76488618,-87.65805127,POINT (-87.658051274079 41.764886184396)
JC459851,,10/4/2019 12:45,30,UNKNOWN,NOT FUNCTIONING,CLEAR,DAYLIGHT,TURNING,UNKNOWN,,STRAIGHT AND LEVEL,DRY,NO DEFECTS,NOT ON SCENE (DESK REPORT),NO INJURY / DRIVE AWAY,,,,"OVER $1,500",10/4/2019 15:00,UNABLE TO DETERMINE,NOT APPLICABLE,825,W,47TH PL,933,,,,,,,2,NO INDICATION OF INJURY,0,0,0,0,0,2,0,12,6,10,41.80782848,-87.64637349,POINT (-87.646373493934 41.807828480966)
JC459791,,10/4/2019 12:45,30,TRAFFIC SIGNAL,FUNCTIONING PROPERLY,CLEAR,DAYLIGHT,REAR END,NOT DIVIDED,,STRAIGHT AND LEVEL,DRY,NO DEFECTS,ON SCENE,INJURY AND / OR TOW DUE TO CRASH,,,,"$501 - $1,500",10/4/2019 12:48,IMPROPER LANE USAGE,UNABLE TO DETERMINE,1527,N,HALSTED ST,1822,,,,,,,2,NONINCAPACITATING INJURY,1,0,0,1,0,2,0,12,6,10,41.90944382,-87.64809125,POINT (-87.648091253497 41.909443824114)
JC459799,,10/4/2019 12:40,5,NO CONTROLS,NO CONTROLS,CLEAR,DAYLIGHT,FIXED OBJECT,RAMP,,"CURVE, LEVEL",DRY,NO DEFECTS,ON SCENE,INJURY AND / OR TOW DUE TO CRASH,,Y,N,"OVER $1,500",10/4/2019 12:45,DISREGARDING TRAFFIC SIGNALS,UNABLE TO DETERMINE,909,N,MICHIGAN AVE,1833,,,,,,,1,NO INDICATION OF INJURY,0,0,0,0,0,1,0,12,6,10,41.89953903,-87.623989,POINT (-87.623989000326 41.899539027962)
JC459782,,10/4/2019 12:35,30,TRAFFIC SIGNAL,FUNCTIONING PROPERLY,CLEAR,DAYLIGHT,REAR TO FRONT,FOUR WAY,,STRAIGHT AND LEVEL,DRY,NO DEFECTS,ON SCENE,NO INJURY / DRIVE AWAY,,,,"$501 - $1,500",10/4/2019 12:48,IMPROPER BACKING,NOT APPLICABLE,1,S,DEARBORN ST,112,,,,,,,2,NO INDICATION OF INJURY,0,0,0,0,0,2,0,12,6,10,41.88193668,-87.62925348,POINT (-87.629253479919 41.881936674674)
JC459860,,10/4/2019 12:30,30,STOP SIGN/FLASHER,FUNCTIONING PROPERLY,CLEAR,DAYLIGHT,ANGLE,NOT DIVIDED,,STRAIGHT AND LEVEL,DRY,NO DEFECTS,NOT ON SCENE (DESK REPORT),NO INJURY / DRIVE AWAY,Y,,,"$501 - $1,500",10/4/2019 14:00,FAILING TO YIELD RIGHT-OF-WAY,NOT APPLICABLE,1828,W,NORTH AVE,1434,,,,,,,2,NO INDICATION OF INJURY,0,0,0,0,0,2,0,12,6,10,41.91065229,-87.67374125,POINT (-87.673741253308 41.910652294374)
JC459759,,10/4/2019 12:30,30,NO CONTROLS,NO CONTROLS,CLOUDY/OVERCAST,DAYLIGHT,FIXED OBJECT,NOT DIVIDED,,STRAIGHT AND LEVEL,DRY,NO DEFECTS,ON SCENE,NO INJURY / DRIVE AWAY,,,,"$501 - $1,500",10/4/2019 13:26,PHYSICAL CONDITION OF DRIVER,NOT APPLICABLE,7814,S,JEFFERY BLVD,414,,,,,,,1,NO INDICATION OF INJURY,0,0,0,0,0,1,0,12,6,10,41.75293634,-87.57616184,POINT (-87.576161838257 41.752936336272)
JC459752,,10/4/2019 12:30,30,NO CONTROLS,NO CONTROLS,CLEAR,DAYLIGHT,REAR END,NOT DIVIDED,,STRAIGHT AND LEVEL,DRY,NO DEFECTS,NOT ON SCENE (DESK REPORT),NO INJURY / DRIVE AWAY,,,,"OVER $1,500",10/4/2019 12:45,UNABLE TO DETERMINE,UNABLE TO DETERMINE,5013,N,LINCOLN AVE,2031,,,,,,,2,NO INDICATION OF INJURY,0,0,0,0,0,2,0,12,6,10,41.97227489,-87.69075048,POINT (-87.690750477129 41.972274887575)
JC459769,,10/4/2019 12:24,30,NO CONTROLS,NO CONTROLS,CLOUDY/OVERCAST,DAYLIGHT,PARKED MOTOR VEHICLE,ONE-WAY,,STRAIGHT AND LEVEL,DRY,NO DEFECTS,ON SCENE,NO INJURY / DRIVE AWAY,,,,"OVER $1,500",10/4/2019 12:24,UNABLE TO DETERMINE,NOT APPLICABLE,162,W,SUPERIOR ST,1832,,,,,,,2,NO INDICATION OF INJURY,0,0,0,0,0,1,0,12,6,10,41.89571023,-87.63374675,POINT (-87.633746750973 41.895710229365)
JC459750,,10/4/2019 12:00,30,NO CONTROLS,NO CONTROLS,CLEAR,DAYLIGHT,PARKED MOTOR VEHICLE,DIVIDED - W/MEDIAN BARRIER,,STRAIGHT AND LEVEL,DRY,NO DEFECTS,ON SCENE,NO INJURY / DRIVE AWAY,,,,"OVER $1,500",10/4/2019 12:40,IMPROPER LANE USAGE,NOT APPLICABLE,401,N,WABASH AVE,1834,,,,,,,2,NO INDICATION OF INJURY,0,0,0,0,0,1,0,12,6,10,41.88928401,-87.62654855,POINT (-87.626548547941 41.889284013529)
JC460216,,10/4/2019 11:55,15,NO CONTROLS,NO CONTROLS,CLEAR,DAYLIGHT,TURNING,NOT DIVIDED,,STRAIGHT AND LEVEL,DRY,NO DEFECTS,NOT ON SCENE (DESK REPORT),NO INJURY / DRIVE AWAY,,,,"OVER $1,500",10/4/2019 18:25,IMPROPER LANE USAGE,UNABLE TO DETERMINE,7421,S,YATES BLVD,334,,,,,,,2,NO INDICATION OF INJURY,0,0,0,0,0,2,0,11,6,10,41.76015044,-87.56625132,POINT (-87.566251320411 41.760150436115)
JC459695,,10/4/2019 11:55,35,TRAFFIC SIGNAL,FUNCTIONING PROPERLY,CLOUDY/OVERCAST,DAWN,REAR END,CENTER TURN LANE,,STRAIGHT AND LEVEL,DRY,NO DEFECTS,ON SCENE,NO INJURY / DRIVE AWAY,,,,"OVER $1,500",10/4/2019 11:55,UNABLE TO DETERMINE,UNABLE TO DETERMINE,7974,S,SOUTH CHICAGO AVE,414,,,,,,,2,NO INDICATION OF INJURY,0,0,0,0,0,2,0,11,6,10,41.74975554,-87.58337102,POINT (-87.583371016797 41.749755544425)
JC459686,,10/4/2019 11:47,30,STOP SIGN/FLASHER,NO CONTROLS,CLEAR,DAYLIGHT,REAR TO SIDE,NOT DIVIDED,,STRAIGHT AND LEVEL,DRY,NO DEFECTS,ON SCENE,INJURY AND / OR TOW DUE TO CRASH,Y,,,"$501 - $1,500",10/4/2019 11:48,FAILING TO YIELD RIGHT-OF-WAY,NOT APPLICABLE,9300,S,MANISTEE AVE,423,,,,,,,2,"REPORTED, NOT EVIDENT",1,0,0,0,1,2,0,11,6,10,41.7262589,-87.5568376,POINT (-87.556837597607 41.726258903981)
JC459710,,10/4/2019 11:45,30,NO CONTROLS,NO CONTROLS,CLEAR,DAYLIGHT,SIDESWIPE OPPOSITE DIRECTION,DIVIDED - W/MEDIAN (NOT RAISED),,STRAIGHT AND LEVEL,DRY,NO DEFECTS,ON SCENE,INJURY AND / OR TOW DUE TO CRASH,,,,"OVER $1,500",10/4/2019 11:47,DRIVING ON WRONG SIDE/WRONG WAY,IMPROPER LANE USAGE,5413,N,CENTRAL AVE,1623,,,,,,,2,NONINCAPACITATING INJURY,2,0,0,2,0,0,0,11,6,10,41.97973392,-87.76825592,POINT (-87.768255920511 41.979733917331)
JC459699,,10/4/2019 11:45,35,STOP SIGN/FLASHER,FUNCTIONING PROPERLY,CLEAR,DAYLIGHT,REAR TO SIDE,FOUR WAY,,STRAIGHT AND LEVEL,DRY,NO DEFECTS,NOT ON SCENE (DESK REPORT),NO INJURY / DRIVE AWAY,Y,,,"$501 - $1,500",10/4/2019 12:00,DISREGARDING STOP SIGN,NOT APPLICABLE,10700,S,AVENUE F,432,,,,,,,2,NO INDICATION OF INJURY,0,0,0,0,0,2,0,11,6,10,41.70080446,-87.53059709,POINT (-87.530597087682 41.70080445485)
JC459682,,10/4/2019 11:45,30,TRAFFIC SIGNAL,FUNCTIONING PROPERLY,CLEAR,DAYLIGHT,PARKED MOTOR VEHICLE,DIVIDED - W/MEDIAN (NOT RAISED),,STRAIGHT AND LEVEL,DRY,NO DEFECTS,ON SCENE,NO INJURY / DRIVE AWAY,,,,"OVER $1,500",10/4/2019 11:45,DRIVING SKILLS/KNOWLEDGE/EXPERIENCE,"VISION OBSCURED (SIGNS, TREE LIMBS, BUILDINGS, ETC.)",2403,N,CENTRAL PARK AVE,1413,,,,,,,2,NO INDICATION OF INJURY,0,0,0,0,0,1,0,11,6,10,41.924752,-87.71685023,POINT (-87.716850228494 41.924751994858)
JC459698,,10/4/2019 11:24,30,TRAFFIC SIGNAL,FUNCTIONING PROPERLY,CLOUDY/OVERCAST,DAYLIGHT,REAR END,NOT DIVIDED,,STRAIGHT AND LEVEL,DRY,NO DEFECTS,NOT ON SCENE (DESK REPORT),NO INJURY / DRIVE AWAY,,,,"$501 - $1,500",10/4/2019 12:07,FOLLOWING TOO CLOSELY,FOLLOWING TOO CLOSELY,3405,W,FOSTER AVE,1712,,,,,,,2,NO INDICATION OF INJURY,0,0,0,0,0,2,0,11,6,10,41.97557689,-87.71377318,POINT (-87.713773184383 41.975576892241)
JC459693,,10/4/2019 11:20,30,NO CONTROLS,NO CONTROLS,CLEAR,DAYLIGHT,SIDESWIPE SAME DIRECTION,ONE-WAY,,STRAIGHT AND LEVEL,DRY,NO DEFECTS,ON SCENE,NO INJURY / DRIVE AWAY,,,,"OVER $1,500",10/4/2019 11:20,FAILING TO YIELD RIGHT-OF-WAY,IMPROPER LANE USAGE,100,E,HURON ST,1834,,,,,,,2,NO INDICATION OF INJURY,0,0,0,0,0,2,0,11,6,10,41.89503408,-87.62540434,POINT (-87.625404339124 41.895034078528)
JC459669,,10/4/2019 11:20,30,NO CONTROLS,NO CONTROLS,CLEAR,DAYLIGHT,REAR END,NOT DIVIDED,,STRAIGHT AND LEVEL,DRY,NO DEFECTS,NOT ON SCENE (DESK REPORT),NO INJURY / DRIVE AWAY,,,,"OVER $1,500",10/4/2019 11:44,FOLLOWING TOO CLOSELY,NOT APPLICABLE,205,W,MONROE ST,122,,,,,,,2,NO INDICATION OF INJURY,0,0,0,0,0,2,0,11,6,10,41.8805479,-87.63398067,POINT (-87.63398066695 41.880547897807)
JC459660,,10/4/2019 11:17,30,NO CONTROLS,NO CONTROLS,CLEAR,DAYLIGHT,SIDESWIPE SAME DIRECTION,ONE-WAY,,STRAIGHT AND LEVEL,DRY,NO DEFECTS,ON SCENE,NO INJURY / DRIVE AWAY,,,,"OVER $1,500",10/4/2019 11:30,UNABLE TO DETERMINE,UNABLE TO DETERMINE,1931,W,19TH ST,1234,,,,,,,2,NO INDICATION OF INJURY,0,0,0,0,0,2,0,11,6,10,41.85574237,-87.67475712,POINT (-87.674757123077 41.855742365096)
JC459673,,10/4/2019 11:10,25,NO CONTROLS,NO CONTROLS,SNOW,DAYLIGHT,PARKED MOTOR VEHICLE,OTHER,,STRAIGHT AND LEVEL,WET,SHOULDER DEFECT,ON SCENE,NO INJURY / DRIVE AWAY,,,,"$501 - $1,500",10/4/2019 11:19,IMPROPER OVERTAKING/PASSING,UNABLE TO DETERMINE,230,W,OHARE ST,1653,,,,,,,2,NO INDICATION OF INJURY,0,0,0,0,0,1,0,11,6,10,,,
JC459783,,10/4/2019 10:58,30,NO CONTROLS,NO CONTROLS,CLEAR,DAYLIGHT,PARKED MOTOR VEHICLE,NOT DIVIDED,,STRAIGHT AND LEVEL,DRY,NO DEFECTS,NOT ON SCENE (DESK REPORT),NO INJURY / DRIVE AWAY,,,,"$501 - $1,500",10/4/2019 13:10,IMPROPER BACKING,NOT APPLICABLE,224,N,POST PL,122,,,,,,,2,NO INDICATION OF INJURY,0,0,0,0,0,1,0,10,6,10,41.88639766,-87.63491575,POINT (-87.634915752039 41.886397655612)
JC459624,,10/4/2019 10:57,35,STOP SIGN/FLASHER,FUNCTIONING PROPERLY,CLEAR,DAYLIGHT,ANGLE,NOT DIVIDED,,STRAIGHT AND LEVEL,DRY,NO DEFECTS,ON SCENE,NO INJURY / DRIVE AWAY,Y,,,"OVER $1,500",10/4/2019 11:01,UNABLE TO DETERMINE,UNABLE TO DETERMINE,431,N,HALSTED ST,1214,,,,,,,2,NO INDICATION OF INJURY,0,0,0,0,0,2,0,10,6,10,41.8900733,-87.64746235,POINT (-87.647462350782 41.890073300607)
JC459725,,10/4/2019 10:50,30,NO CONTROLS,FUNCTIONING IMPROPERLY,CLEAR,DAYLIGHT,SIDESWIPE SAME DIRECTION,NOT DIVIDED,,STRAIGHT AND LEVEL,DRY,NO DEFECTS,NOT ON SCENE (DESK REPORT),NO INJURY / DRIVE AWAY,,,,"OVER $1,500",10/4/2019 12:28,FAILING TO YIELD RIGHT-OF-WAY,UNABLE TO DETERMINE,500,N,MICHIGAN AVE,1834,,,,,,,2,NO INDICATION OF INJURY,0,0,0,0,0,2,0,10,6,10,41.89097123,-87.62427695,POINT (-87.624276945562 41.890971229645)
JC459654,,10/4/2019 10:32,30,TRAFFIC SIGNAL,FUNCTIONING PROPERLY,CLEAR,DAYLIGHT,REAR END,DIVIDED - W/MEDIAN (NOT RAISED),,STRAIGHT AND LEVEL,DRY,NO DEFECTS,NOT ON SCENE (DESK REPORT),NO INJURY / DRIVE AWAY,,,,$500 OR LESS,10/4/2019 11:15,UNABLE TO DETERMINE,NOT APPLICABLE,2322,W,FOSTER AVE,2012,,,,,,,2,NO INDICATION OF INJURY,0,0,0,0,0,2,0,10,6,10,41.97602188,-87.68766137,POINT (-87.687661370485 41.976021874996)
JC459742,,10/4/2019 10:30,30,STOP SIGN/FLASHER,FUNCTIONING PROPERLY,CLEAR,DAYLIGHT,TURNING,DIVIDED - W/MEDIAN BARRIER,,STRAIGHT AND LEVEL,DRY,NO DEFECTS,NOT ON SCENE (DESK REPORT),NO INJURY / DRIVE AWAY,,,,"$501 - $1,500",10/4/2019 12:40,IMPROPER TURNING/NO SIGNAL,FAILING TO YIELD RIGHT-OF-WAY,500,N,MICHIGAN AVE,1834,,,,,,,2,NO INDICATION OF INJURY,0,0,0,0,0,3,0,10,6,10,41.89097123,-87.62427695,POINT (-87.624276945562 41.890971229645)
JC460237,,10/4/2019 10:10,30,NO CONTROLS,NO CONTROLS,CLOUDY/OVERCAST,DAYLIGHT,TURNING,NOT DIVIDED,,STRAIGHT AND LEVEL,DRY,NO DEFECTS,NOT ON SCENE (DESK REPORT),NO INJURY / DRIVE AWAY,,,,"$501 - $1,500",10/4/2019 18:45,FAILING TO YIELD RIGHT-OF-WAY,NOT APPLICABLE,28,E,87TH ST,632,,,,,,,2,NO INDICATION OF INJURY,0,0,0,0,0,2,0,10,6,10,41.73646911,-87.62302412,POINT (-87.623024124225 41.736469113027)
JC459597,,10/4/2019 10:00,35,TRAFFIC SIGNAL,FUNCTIONING PROPERLY,CLEAR,DAYLIGHT,TURNING,ONE-WAY,,STRAIGHT ON GRADE,DRY,NO DEFECTS,NOT ON SCENE (DESK REPORT),NO INJURY / DRIVE AWAY,Y,,Y,$500 OR LESS,10/4/2019 10:46,IMPROPER LANE USAGE,NOT APPLICABLE,100,E,GRAND AVE,1834,,,,,,,2,NO INDICATION OF INJURY,0,0,0,0,0,3,0,10,6,10,41.89182349,-87.62531771,POINT (-87.625317709668 41.891823490173)
JC459589,,10/4/2019 10:00,30,TRAFFIC SIGNAL,FUNCTIONING PROPERLY,CLOUDY/OVERCAST,DAYLIGHT,REAR TO SIDE,FOUR WAY,,STRAIGHT AND LEVEL,DRY,NO DEFECTS,ON SCENE,NO INJURY / DRIVE AWAY,Y,,,"OVER $1,500",10/4/2019 10:30,IMPROPER BACKING,NOT APPLICABLE,5500,S,KOSTNER AVE,813,,,,,,,2,NO INDICATION OF INJURY,0,0,0,0,0,2,0,10,6,10,41.79302217,-87.73310677,POINT (-87.733106769964 41.793022164526)
JC459580,,10/4/2019 9:45,30,TRAFFIC SIGNAL,FUNCTIONING PROPERLY,CLEAR,DAYLIGHT,REAR END,DIVIDED - W/MEDIAN (NOT RAISED),,STRAIGHT AND LEVEL,DRY,NO DEFECTS,NOT ON SCENE (DESK REPORT),INJURY AND / OR TOW DUE TO CRASH,,,Y,"OVER $1,500",10/4/2019 10:20,FOLLOWING TOO CLOSELY,FAILING TO REDUCE SPEED TO AVOID CRASH,1500,S,ASHLAND AVE,1233,,,,,,,2,"REPORTED, NOT EVIDENT",1,0,0,0,1,1,0,9,6,10,41.86141786,-87.66638826,POINT (-87.666388256198 41.861417857387)
JC459648,,10/4/2019 9:30,30,NO CONTROLS,NO CONTROLS,CLEAR,DAYLIGHT,PARKED MOTOR VEHICLE,NOT DIVIDED,,STRAIGHT AND LEVEL,DRY,NO DEFECTS,NOT ON SCENE (DESK REPORT),NO INJURY / DRIVE AWAY,,,,"$501 - $1,500",10/4/2019 11:20,UNABLE TO DETERMINE,NOT APPLICABLE,1456,N,LAWNDALE AVE,2535,,,,,,,2,NO INDICATION OF INJURY,0,0,0,0,0,1,0,9,6,10,41.90795841,-87.7194691,POINT (-87.719469101132 41.907958414166)
JC459606,,10/4/2019 9:30,30,NO CONTROLS,NO CONTROLS,CLEAR,DAYLIGHT,SIDESWIPE SAME DIRECTION,NOT DIVIDED,,STRAIGHT AND LEVEL,DRY,NO DEFECTS,NOT ON SCENE (DESK REPORT),NO INJURY / DRIVE AWAY,,,,"OVER $1,500",10/4/2019 9:30,UNABLE TO DETERMINE,NOT APPLICABLE,2918,N,PULASKI RD,2523,,,,,,,2,NO INDICATION OF INJURY,0,0,0,0,0,2,0,9,6,10,41.9341908,-87.72719271,POINT (-87.727192712848 41.934190794898)
JC459569,,10/4/2019 9:30,20,NO CONTROLS,NO CONTROLS,CLEAR,DAYLIGHT,PARKED MOTOR VEHICLE,NOT DIVIDED,,STRAIGHT AND LEVEL,DRY,NO DEFECTS,ON SCENE,NO INJURY / DRIVE AWAY,,,,"OVER $1,500",10/4/2019 9:54,DRIVING SKILLS/KNOWLEDGE/EXPERIENCE,UNABLE TO DETERMINE,5725,W,FILLMORE ST,1513,,,,,,,2,NO INDICATION OF INJURY,0,0,0,0,0,1,0,9,6,10,41.86727967,-87.76785953,POINT (-87.767859529815 41.867279666972)
JC459497,,10/4/2019 9:10,35,NO CONTROLS,NO CONTROLS,CLEAR,DAYLIGHT,FIXED OBJECT,ONE-WAY,,STRAIGHT AND LEVEL,DRY,NO DEFECTS,ON SCENE,NO INJURY / DRIVE AWAY,,Y,,$500 OR LESS,10/4/2019 9:10,IMPROPER BACKING,NOT APPLICABLE,140,E,WALTON ST,1833,,,,,,,2,NO INDICATION OF INJURY,0,0,0,0,0,2,0,9,6,10,41.90011846,-87.62398052,POINT (-87.62398051947 41.900118457259)
JC459498,Y,10/4/2019 8:50,25,TRAFFIC SIGNAL,FUNCTIONING PROPERLY,CLEAR,DAYLIGHT,SIDESWIPE SAME DIRECTION,FOUR WAY,,STRAIGHT AND LEVEL,DRY,NO DEFECTS,ON SCENE,NO INJURY / DRIVE AWAY,Y,,,"$501 - $1,500",10/4/2019 8:55,IMPROPER OVERTAKING/PASSING,DRIVING SKILLS/KNOWLEDGE/EXPERIENCE,1400,S,HALSTED ST,1232,,,,,,,2,NO INDICATION OF INJURY,0,0,0,0,0,4,0,8,6,10,41.86352514,-87.64695668,POINT (-87.646956674734 41.863525140538)
JC459493,,10/4/2019 8:50,30,STOP SIGN/FLASHER,FUNCTIONING PROPERLY,CLEAR,DAYLIGHT,REAR END,ONE-WAY,,STRAIGHT AND LEVEL,WET,NO DEFECTS,ON SCENE,NO INJURY / DRIVE AWAY,,,,"OVER $1,500",10/4/2019 8:52,UNABLE TO DETERMINE,UNABLE TO DETERMINE,5600,N,ST LOUIS AVE,1711,,,,,,,2,NO INDICATION OF INJURY,0,0,0,0,0,2,0,8,6,10,41.98304272,-87.7163427,POINT (-87.716342699219 41.983042716573)
JC459485,,10/4/2019 8:40,30,NO CONTROLS,NO CONTROLS,CLEAR,DAYLIGHT,TURNING,NOT DIVIDED,,STRAIGHT AND LEVEL,DRY,NO DEFECTS,ON SCENE,NO INJURY / DRIVE AWAY,,,,"OVER $1,500",10/4/2019 8:55,FAILING TO YIELD RIGHT-OF-WAY,NOT APPLICABLE,1620,N,SHEFFIELD AVE,1811,,,,,,,2,NO INDICATION OF INJURY,0,0,0,0,0,2,0,8,6,10,41.91146915,-87.65327794,POINT (-87.653277939686 41.911469149879)
JC459473,,10/4/2019 8:40,35,STOP SIGN/FLASHER,FUNCTIONING PROPERLY,CLEAR,DAYLIGHT,ANGLE,FOUR WAY,,STRAIGHT AND LEVEL,DRY,NO DEFECTS,ON SCENE,INJURY AND / OR TOW DUE TO CRASH,Y,,,"OVER $1,500",10/4/2019 8:40,FAILING TO YIELD RIGHT-OF-WAY,NOT APPLICABLE,4100,N,PULASKI RD,1722,,,,,,,3,NO INDICATION OF INJURY,0,0,0,0,0,2,0,8,6,10,41.95556567,-87.72781803,POINT (-87.727818032148 41.955565668022)
JC459472,,10/4/2019 8:30,40,NO CONTROLS,NO CONTROLS,CLEAR,DAYLIGHT,REAR END,DIVIDED - W/MEDIAN BARRIER,,STRAIGHT AND LEVEL,DRY,NO DEFECTS,ON SCENE,INJURY AND / OR TOW DUE TO CRASH,,,,"OVER $1,500",10/4/2019 8:39,FOLLOWING TOO CLOSELY,FAILING TO REDUCE SPEED TO AVOID CRASH,1000,S,LAKE SHORE DR W,114,,,,,,,2,NONINCAPACITATING INJURY,2,0,0,2,0,1,0,8,6,10,41.86995744,-87.61737244,POINT (-87.617372440882 41.86995744317)
JC459464,,10/4/2019 8:27,30,NO CONTROLS,NO CONTROLS,CLOUDY/OVERCAST,DAYLIGHT,TURNING,NOT DIVIDED,,STRAIGHT AND LEVEL,DRY,WORN SURFACE,NOT ON SCENE (DESK REPORT),NO INJURY / DRIVE AWAY,,,,"$501 - $1,500",10/4/2019 8:28,IMPROPER OVERTAKING/PASSING,NOT APPLICABLE,300,E,63RD ST,311,,,,,,,2,NO INDICATION OF INJURY,0,0,0,0,0,2,0,8,6,10,41.78029139,-87.61882023,POINT (-87.618820231187 41.780291393174)
JC459496,,10/4/2019 8:10,30,STOP SIGN/FLASHER,FUNCTIONING PROPERLY,CLEAR,DAYLIGHT,ANGLE,NOT DIVIDED,,STRAIGHT AND LEVEL,DRY,NO DEFECTS,NOT ON SCENE (DESK REPORT),NO INJURY / DRIVE AWAY,Y,,,"OVER $1,500",10/4/2019 8:40,UNABLE TO DETERMINE,NOT APPLICABLE,8900,S,DR MARTIN LUTHER KING JR DR,633,,,,,,,2,NO INDICATION OF INJURY,0,0,0,0,0,2,0,8,6,10,41.73280152,-87.61457664,POINT (-87.614576635321 41.732801516703)
JC459421,,10/4/2019 8:01,20,NO CONTROLS,NO CONTROLS,CLEAR,DAYLIGHT,PARKED MOTOR VEHICLE,NOT DIVIDED,,STRAIGHT AND LEVEL,DRY,NO DEFECTS,ON SCENE,NO INJURY / DRIVE AWAY,,,,"$501 - $1,500",10/4/2019 8:02,UNABLE TO DETERMINE,NOT APPLICABLE,5406,N,LINDER AVE,1623,,,,,,,2,NO INDICATION OF INJURY,0,0,0,0,0,1,0,8,6,10,41.97958402,-87.76611224,POINT (-87.766112239223 41.979584022434)
JC460302,,10/4/2019 8:00,30,STOP SIGN/FLASHER,FUNCTIONING PROPERLY,CLEAR,DAYLIGHT,REAR END,NOT DIVIDED,,STRAIGHT AND LEVEL,DRY,NO DEFECTS,NOT ON SCENE (DESK REPORT),NO INJURY / DRIVE AWAY,,,,"$501 - $1,500",10/4/2019 20:00,FOLLOWING TOO CLOSELY,FOLLOWING TOO CLOSELY,5658,S,CALIFORNIA AVE,824,,,,,,,2,NO INDICATION OF INJURY,0,0,0,0,0,2,0,8,6,10,41.79013709,-87.69384618,POINT (-87.693846177116 41.790137092124)
JC459619,,10/4/2019 8:00,30,NO CONTROLS,NO CONTROLS,CLEAR,DAYLIGHT,PARKED MOTOR VEHICLE,PARKING LOT,,STRAIGHT AND LEVEL,DRY,NO DEFECTS,NOT ON SCENE (DESK REPORT),NO INJURY / DRIVE AWAY,,Y,Y,"OVER $1,500",10/4/2019 10:55,IMPROPER BACKING,NOT APPLICABLE,5001,W,POLK ST,1533,,,,,,,2,NO INDICATION OF INJURY,0,0,0,0,0,1,0,8,6,10,41.87010188,-87.74925162,POINT (-87.749251615837 41.87010188062)
JC459456,,10/4/2019 8:00,35,NO CONTROLS,NO CONTROLS,CLEAR,DAYLIGHT,FIXED OBJECT,ALLEY,,STRAIGHT AND LEVEL,DRY,NO DEFECTS,ON SCENE,NO INJURY / DRIVE AWAY,,Y,,"OVER $1,500",10/4/2019 8:10,UNABLE TO DETERMINE,UNABLE TO DETERMINE,1101,W,JACKSON BLVD,1232,,,,,,,1,NO INDICATION OF INJURY,0,0,0,0,0,1,0,8,6,10,41.87772021,-87.65469,POINT (-87.654690001107 41.877720207181)
JC459449,,10/4/2019 8:00,30,NO CONTROLS,NO CONTROLS,CLEAR,DAYLIGHT,PARKED MOTOR VEHICLE,NOT DIVIDED,,STRAIGHT AND LEVEL,DRY,NO DEFECTS,ON SCENE,INJURY AND / OR TOW DUE TO CRASH,,,,"OVER $1,500",10/4/2019 8:15,NOT APPLICABLE,NOT APPLICABLE,541,N,RUSH ST,1834,,,,,,,2,NO INDICATION OF INJURY,0,0,0,0,0,1,0,8,6,10,41.89219497,-87.62523086,POINT (-87.625230863447 41.892194967717)