RD_NO,CRASH_DATE_EST_I,CRASH_DATE,POSTED_SPEED_LIMIT,TRAFFIC_CONTROL_DEVICE,DEVICE_CONDITION,WEATHER_CONDITION,LIGHTING_CONDITION,FIRST_CRASH_TYPE,TRAFFICWAY_TYPE,LANE_CNT,ALIGNMENT,ROADWAY_SURFACE_COND,ROAD_DEFECT,REPORT_TYPE,CRASH_TYPE,INTERSECTION_RELATED_I,NOT_RIGHT_OF_WAY_I,HIT_AND_RUN_I,DAMAGE,DATE_POLICE_NOTIFIED,PRIM_CONTRIBUTORY_CAUSE,SEC_CONTRIBUTORY_CAUSE,STREET_NO,STREET_DIRECTION,STREET_NAME,BEAT_OF_OCCURRENCE,PHOTOS_TAKEN_I,STATEMENTS_TAKEN_I,DOORING_I,WORK_ZONE_I,WORK_ZONE_TYPE,WORKERS_PRESENT_I,NUM_UNITS,MOST_SEVERE_INJURY,INJURIES_TOTAL,INJURIES_FATAL,INJURIES_INCAPACITATING,INJURIES_NON_INCAPACITATING,INJURIES_REPORTED_NOT_EVIDENT,INJURIES_NO_INDICATION,INJURIES_UNKNOWN,CRASH_HOUR,CRASH_DAY_OF_WEEK,CRASH_MONTH,LATITUDE,LONGITUDE,LOCATION
JC459435,,10/4/2019 7:50,30,TRAFFIC SIGNAL,FUNCTIONING PROPERLY,CLEAR,DAYLIGHT,REAR END,NOT DIVIDED,,STRAIGHT AND LEVEL,DRY,UNKNOWN,ON SCENE,INJURY AND / OR TOW DUE TO CRASH,,,,"OVER $1,500",10/4/2019 7:55,FOLLOWING TOO CLOSELY,EQUIPMENT - VEHICLE CONDITION,4326,W,ADDISON ST,1731,,,,,,,2,"REPORTED, NOT EVIDENT",1,0,0,0,1,1,0,7,6,10,41.94637133,-87.73634402,POINT (-87.736344018854 41.946371332261)
JC459416,,10/4/2019 7:47,30,NO CONTROLS,NO CONTROLS,CLEAR,DAYLIGHT,REAR END,NOT DIVIDED,,STRAIGHT AND LEVEL,DRY,NO DEFECTS,ON SCENE,NO INJURY / DRIVE AWAY,,Y,,$500 OR LESS,10/4/2019 7:47,"OPERATING VEHICLE IN ERRATIC, RECKLESS, CARELESS, NEGLIGENT OR AGGRESSIVE MANNER",NOT APPLICABLE,1608,W,59TH ST,715,,Y,,,,,2,NO INDICATION OF INJURY,0,0,0,0,0,2,0,7,6,10,41.78684979,-87.66480141,POINT (-87.664801412169 41.786849792503)
JC459518,,10/4/2019 7:45,30,NO CONTROLS,NO CONTROLS,CLEAR,DAYLIGHT,SIDESWIPE SAME DIRECTION,NOT DIVIDED,,STRAIGHT AND LEVEL,DRY,NO DEFECTS,NOT ON SCENE (DESK REPORT),NO INJURY / DRIVE AWAY,,,,"$501 - $1,500",10/4/2019 9:00,IMPROPER OVERTAKING/PASSING,NOT APPLICABLE,4141,S,PULASKI RD,821,,,,,,,2,NO INDICATION OF INJURY,0,0,0,0,0,2,0,7,6,10,41.81723213,-87.72376472,POINT (-87.72376472236 41.817232128476)
JC459424,,10/4/2019 7:37,30,TRAFFIC SIGNAL,FUNCTIONING PROPERLY,CLEAR,DAYLIGHT,ANGLE,DIVIDED - W/MEDIAN (NOT RAISED),,STRAIGHT AND LEVEL,DRY,NO DEFECTS,ON SCENE,INJURY AND / OR TOW DUE TO CRASH,Y,,,"OVER $1,500",10/4/2019 7:39,FAILING TO YIELD RIGHT-OF-WAY,NOT APPLICABLE,5401,W,ADDISON ST,1633,,,,,,,2,NO INDICATION OF INJURY,0,0,0,0,0,6,0,7,6,10,41.94582993,-87.76189383,POINT (-87.761893832644 41.945829929159)
JC459453,,10/4/2019 7:35,30,NO CONTROLS,NO CONTROLS,CLEAR,DAYLIGHT,TURNING,NOT DIVIDED,,STRAIGHT AND LEVEL,DRY,NO DEFECTS,NOT ON SCENE (DESK REPORT),NO INJURY / DRIVE AWAY,,,,"OVER $1,500",10/4/2019 8:30,UNABLE TO DETERMINE,NOT APPLICABLE,5113,S,PULASKI RD,822,,,,,,,2,NO INDICATION OF INJURY,0,0,0,0,0,5,0,7,6,10,41.79998891,-87.7232099,POINT (-87.72320989834 41.799988909685)
JC460360,,10/4/2019 7:30,30,NO CONTROLS,NO CONTROLS,CLEAR,"DARKNESS, LIGHTED ROAD",SIDESWIPE SAME DIRECTION,ONE-WAY,,STRAIGHT AND LEVEL,DRY,NO DEFECTS,NOT ON SCENE (DESK REPORT),NO INJURY / DRIVE AWAY,,,,$500 OR LESS,10/4/2019 8:00,NOT APPLICABLE,NOT APPLICABLE,2,N,CANAL ST,121,,,,,,,2,NO INDICATION OF INJURY,0,0,0,0,0,2,0,7,6,10,41.88194712,-87.639833,POINT (-87.6398329945 41.881947123607)
JC460007,,10/4/2019 7:30,30,STOP SIGN/FLASHER,FUNCTIONING PROPERLY,CLEAR,DAYLIGHT,ANGLE,FOUR WAY,,STRAIGHT AND LEVEL,DRY,NO DEFECTS,NOT ON SCENE (DESK REPORT),NO INJURY / DRIVE AWAY,Y,,,"OVER $1,500",10/4/2019 16:05,UNABLE TO DETERMINE,NOT APPLICABLE,400,E,89TH ST,632,,,,,,,2,NO INDICATION OF INJURY,0,0,0,0,0,2,0,7,6,10,41.73296092,-87.61431303,POINT (-87.614313028255 41.732960924084)
JC459432,,10/4/2019 7:30,30,NO CONTROLS,NO CONTROLS,CLEAR,DAYLIGHT,PARKED MOTOR VEHICLE,NOT DIVIDED,,STRAIGHT AND LEVEL,DRY,NO DEFECTS,ON SCENE,NO INJURY / DRIVE AWAY,,,,"OVER $1,500",10/4/2019 8:30,IMPROPER BACKING,FAILING TO YIELD RIGHT-OF-WAY,1230,N,HICKORY AVE,1822,,,,,,,2,NO INDICATION OF INJURY,0,0,0,0,0,1,0,7,6,10,41.90427153,-87.65329975,POINT (-87.653299747845 41.904271529308)
JC459418,,10/4/2019 7:30,30,NO CONTROLS,NO CONTROLS,CLEAR,DAYLIGHT,REAR END,NOT DIVIDED,,STRAIGHT AND LEVEL,DRY,NO DEFECTS,NOT ON SCENE (DESK REPORT),NO INJURY / DRIVE AWAY,,,,"$501 - $1,500",10/4/2019 8:00,NOT APPLICABLE,NOT APPLICABLE,2700,N,LARAMIE AVE,2514,,,,,,,2,NO INDICATION OF INJURY,0,0,0,0,0,2,0,7,6,10,41.92963043,-87.75650017,POINT (-87.756500164878 41.929630430303)
JC459417,,10/4/2019 7:30,30,NO CONTROLS,NO CONTROLS,CLEAR,DAYLIGHT,TURNING,DIVIDED - W/MEDIAN (NOT RAISED),,STRAIGHT AND LEVEL,DRY,NO DEFECTS,ON SCENE,NO INJURY / DRIVE AWAY,,,Y,"OVER $1,500",10/4/2019 7:35,UNABLE TO DETERMINE,UNABLE TO DETERMINE,6401,W,TOUHY AVE,1621,,,,,,,2,NO INDICATION OF INJURY,0,0,0,0,0,2,0,7,6,10,42.01188197,-87.78682592,POINT (-87.786825921147 42.011881972185)
JC459412,,10/4/2019 7:27,20,STOP SIGN/FLASHER,FUNCTIONING PROPERLY,CLEAR,DAYLIGHT,ANGLE,UNKNOWN INTERSECTION TYPE,,STRAIGHT AND LEVEL,DRY,NO DEFECTS,ON SCENE,INJURY AND / OR TOW DUE TO CRASH,Y,,,"OVER $1,500",10/4/2019 7:30,UNABLE TO DETERMINE,UNABLE TO DETERMINE,327,W,76TH ST,623,,,,,,,2,NONINCAPACITATING INJURY,3,0,0,1,2,4,0,7,6,10,41.75616696,-87.6329881,POINT (-87.632988101517 41.756166956451)
JC459489,,10/4/2019 7:15,30,TRAFFIC SIGNAL,FUNCTIONING PROPERLY,CLEAR,DAYLIGHT,SIDESWIPE SAME DIRECTION,ONE-WAY,,STRAIGHT AND LEVEL,DRY,NO DEFECTS,NOT ON SCENE (DESK REPORT),INJURY AND / OR TOW DUE TO CRASH,Y,,Y,"OVER $1,500",10/4/2019 7:16,IMPROPER LANE USAGE,IMPROPER OVERTAKING/PASSING,200,W,VAN BUREN ST,122,,Y,,,,,2,INCAPACITATING INJURY,1,0,1,0,0,1,0,7,6,10,41.87695741,-87.63377286,POINT (-87.633772857208 41.87695740937)
JC459419,,10/4/2019 7:05,30,NO CONTROLS,NO CONTROLS,CLEAR,DAYLIGHT,FIXED OBJECT,NOT DIVIDED,,STRAIGHT AND LEVEL,DRY,NO DEFECTS,ON SCENE,INJURY AND / OR TOW DUE TO CRASH,,Y,,"OVER $1,500",10/4/2019 7:40,NOT APPLICABLE,NOT APPLICABLE,155,W,18TH ST,914,,,,,,,1,NO INDICATION OF INJURY,0,0,0,0,0,1,0,7,6,10,41.85764632,-87.6316361,POINT (-87.631636103882 41.857646322866)
JC459406,,10/4/2019 7:00,30,NO CONTROLS,NO CONTROLS,CLOUDY/OVERCAST,DAYLIGHT,REAR END,DIVIDED - W/MEDIAN (NOT RAISED),,STRAIGHT AND LEVEL,DRY,NO DEFECTS,ON SCENE,INJURY AND / OR TOW DUE TO CRASH,,,,"OVER $1,500",10/4/2019 7:30,FOLLOWING TOO CLOSELY,NOT APPLICABLE,3155,S,CALIFORNIA AVE,1034,,,,,,,2,NO INDICATION OF INJURY,0,0,0,0,0,2,0,7,6,10,41.83506788,-87.69481672,POINT (-87.694816714638 41.835067879921)
JC459395,,10/4/2019 6:45,30,NO CONTROLS,NO CONTROLS,CLEAR,DAYLIGHT,OTHER OBJECT,NOT DIVIDED,,STRAIGHT AND LEVEL,DRY,NO DEFECTS,ON SCENE,INJURY AND / OR TOW DUE TO CRASH,,,,"OVER $1,500",10/4/2019 7:15,IMPROPER LANE USAGE,NOT APPLICABLE,640,N,LA SALLE DR,1832,,,,,,,1,NO INDICATION OF INJURY,0,0,0,0,0,1,0,6,6,10,41.89360787,-87.63280056,POINT (-87.632800560883 41.893607873522)
JC459394,,10/4/2019 6:30,25,STOP SIGN/FLASHER,FUNCTIONING PROPERLY,CLEAR,DAWN,ANGLE,NOT DIVIDED,,STRAIGHT AND LEVEL,DRY,NO DEFECTS,NOT ON SCENE (DESK REPORT),NO INJURY / DRIVE AWAY,Y,,,"$501 - $1,500",10/4/2019 7:00,FAILING TO YIELD RIGHT-OF-WAY,NOT APPLICABLE,6700,W,WABANSIA AVE,2513,,,,,,,2,NO INDICATION OF INJURY,0,0,0,0,0,2,0,6,6,10,41.91097636,-87.79246233,POINT (-87.792462333915 41.910976363398)
JC459386,,10/4/2019 6:30,30,NO CONTROLS,NO CONTROLS,CLEAR,DAYLIGHT,PARKED MOTOR VEHICLE,NOT DIVIDED,,STRAIGHT AND LEVEL,DRY,NO DEFECTS,ON SCENE,NO INJURY / DRIVE AWAY,,,Y,"$501 - $1,500",10/4/2019 6:35,UNABLE TO DETERMINE,NOT APPLICABLE,5245,W,HARRISON ST,1522,,,,,,,3,NO INDICATION OF INJURY,0,0,0,0,0,1,0,6,6,10,41.87281545,-87.75669575,POINT (-87.756695751559 41.872815449739)
JC459403,,10/4/2019 6:25,30,STOP SIGN/FLASHER,FUNCTIONING PROPERLY,CLEAR,DAYLIGHT,TURNING,NOT DIVIDED,,STRAIGHT AND LEVEL,UNKNOWN,UNKNOWN,NOT ON SCENE (DESK REPORT),NO INJURY / DRIVE AWAY,Y,,,"$501 - $1,500",10/4/2019 7:25,UNABLE TO DETERMINE,NOT APPLICABLE,5325,S,CENTRAL AVE,814,,,,,,,2,NO INDICATION OF INJURY,0,0,0,0,0,3,0,6,6,10,41.79574458,-87.76226225,POINT (-87.762262253154 41.795744584003)
JC459423,,10/4/2019 5:50,30,NO CONTROLS,NO CONTROLS,CLOUDY/OVERCAST,UNKNOWN,REAR END,DIVIDED - W/MEDIAN (NOT RAISED),,STRAIGHT AND LEVEL,UNKNOWN,NO DEFECTS,NOT ON SCENE (DESK REPORT),NO INJURY / DRIVE AWAY,,,,"OVER $1,500",10/4/2019 8:15,UNABLE TO DETERMINE,UNABLE TO DETERMINE,13000,S,TORRENCE AVE,434,,,,,,,2,NO INDICATION OF INJURY,0,0,0,0,0,3,0,5,6,10,41.65912619,-87.55943274,POINT (-87.559432741943 41.659126189932)
JC459479,,10/4/2019 5:48,30,TRAFFIC SIGNAL,FUNCTIONING PROPERLY,CLEAR,DARKNESS,REAR END,FOUR WAY,,STRAIGHT AND LEVEL,DRY,NO DEFECTS,NOT ON SCENE (DESK REPORT),NO INJURY / DRIVE AWAY,N,,,$500 OR LESS,10/4/2019 9:00,DISTRACTION - FROM OUTSIDE VEHICLE,DRIVING SKILLS/KNOWLEDGE/EXPERIENCE,1400,W,NORTH AVE,1433,,,,,,,2,NO INDICATION OF INJURY,0,0,0,0,0,2,0,5,6,10,41.91080682,-87.66310493,POINT (-87.66310493406 41.910806819199)
JC459374,,10/4/2019 5:15,30,TRAFFIC SIGNAL,FUNCTIONING PROPERLY,CLEAR,"DARKNESS, LIGHTED ROAD",REAR END,NOT DIVIDED,,STRAIGHT AND LEVEL,DRY,NO DEFECTS,ON SCENE,INJURY AND / OR TOW DUE TO CRASH,,,,"OVER $1,500",10/4/2019 5:18,FAILING TO REDUCE SPEED TO AVOID CRASH,NOT APPLICABLE,3110,W,PETERSON AVE,2413,,,,,,,2,"REPORTED, NOT EVIDENT",1,0,0,0,1,1,0,5,6,10,41.99050496,-87.70736285,POINT (-87.707362846075 41.990504958626)
JC459358,N,10/4/2019 4:09,30,TRAFFIC SIGNAL,FUNCTIONING PROPERLY,CLEAR,"DARKNESS, LIGHTED ROAD",ANGLE,FOUR WAY,,STRAIGHT AND LEVEL,DRY,NO DEFECTS,ON SCENE,INJURY AND / OR TOW DUE TO CRASH,Y,,,"OVER $1,500",10/4/2019 4:09,DISREGARDING YIELD SIGN,UNABLE TO DETERMINE,3599,N,CLARK ST,1924,,,,,,,2,NO INDICATION OF INJURY,0,0,0,0,0,3,0,4,6,10,41.9472229,-87.65636161,POINT (-87.656361606938 41.947222895197)
JC459740,,10/4/2019 3:30,30,NO CONTROLS,NO CONTROLS,CLEAR,DARKNESS,SIDESWIPE SAME DIRECTION,NOT DIVIDED,,STRAIGHT AND LEVEL,DRY,NO DEFECTS,NOT ON SCENE (DESK REPORT),NO INJURY / DRIVE AWAY,,,,"OVER $1,500",10/4/2019 12:43,UNABLE TO DETERMINE,NOT APPLICABLE,5959,S,HARLEM AVE,812,,,,,,,2,NO INDICATION OF INJURY,0,0,0,0,0,2,0,3,6,10,41.78289054,-87.80099267,POINT (-87.800992665468 41.782890542639)
JC459352,,10/4/2019 2:30,30,NO CONTROLS,NO CONTROLS,CLEAR,"DARKNESS, LIGHTED ROAD",PARKED MOTOR VEHICLE,NOT DIVIDED,,STRAIGHT AND LEVEL,DRY,NO DEFECTS,ON SCENE,INJURY AND / OR TOW DUE TO CRASH,,,,"OVER $1,500",10/4/2019 2:35,UNDER THE INFLUENCE OF ALCOHOL/DRUGS (USE WHEN ARREST IS EFFECTED),NOT APPLICABLE,1343,N,CLEVELAND AVE,1821,,,,,,,2,NO INDICATION OF INJURY,0,0,0,0,0,1,0,2,6,10,41.90694652,-87.64074187,POINT (-87.640741865647 41.906946519057)
JC459338,,10/4/2019 2:25,20,NO CONTROLS,NO CONTROLS,CLEAR,"DARKNESS, LIGHTED ROAD",PARKED MOTOR VEHICLE,ONE-WAY,,STRAIGHT AND LEVEL,DRY,NO DEFECTS,ON SCENE,INJURY AND / OR TOW DUE TO CRASH,,,Y,"OVER $1,500",10/4/2019 2:33,UNDER THE INFLUENCE OF ALCOHOL/DRUGS (USE WHEN ARREST IS EFFECTED),NOT APPLICABLE,5350,W,CORNELIA AVE,1634,,,,,,,3,NO INDICATION OF INJURY,0,0,0,0,0,1,0,2,6,10,41.944229,-87.76134998,POINT (-87.761349983313 41.944229002148)
JC459333,,10/4/2019 2:00,30,NO CONTROLS,NO CONTROLS,CLEAR,"DARKNESS, LIGHTED ROAD",REAR END,NOT DIVIDED,,STRAIGHT AND LEVEL,DRY,NO DEFECTS,ON SCENE,INJURY AND / OR TOW DUE TO CRASH,,,,"OVER $1,500",10/4/2019 2:04,IMPROPER LANE USAGE,UNABLE TO DETERMINE,798,W,NORTH AVE,1813,,,,,,,2,NO INDICATION OF INJURY,0,0,0,0,0,3,0,2,6,10,41.91103077,-87.64817359,POINT (-87.648173588633 41.911030769751)
JC459329,,10/4/2019 1:52,30,TRAFFIC SIGNAL,FUNCTIONING PROPERLY,CLEAR,"DARKNESS, LIGHTED ROAD",TURNING,FOUR WAY,,STRAIGHT AND LEVEL,DRY,NO DEFECTS,ON SCENE,NO INJURY / DRIVE AWAY,Y,,,"OVER $1,500",10/4/2019 1:56,IMPROPER TURNING/NO SIGNAL,IMPROPER LANE USAGE,4759,W,MADISON ST,1113,,,,,,,2,NO INDICATION OF INJURY,0,0,0,0,0,2,0,1,6,10,41.88038977,-87.74515274,POINT (-87.745152735985 41.880389773538)
JC459296,,10/4/2019 0:34,30,NO CONTROLS,NO CONTROLS,CLEAR,"DARKNESS, LIGHTED ROAD",PARKED MOTOR VEHICLE,DIVIDED - W/MEDIAN (NOT RAISED),,STRAIGHT AND LEVEL,DRY,NO DEFECTS,ON SCENE,NO INJURY / DRIVE AWAY,,,,"OVER $1,500",10/4/2019 0:34,PHYSICAL CONDITION OF DRIVER,NOT APPLICABLE,2911,N,CENTRAL PARK AVE,1412,,,,,,,2,NO INDICATION OF INJURY,0,0,0,0,0,2,0,0,6,10,41.93416378,-87.71710245,POINT (-87.717102451455 41.934163782606)
JC459298,,10/4/2019 0:30,30,NO CONTROLS,NO CONTROLS,CLEAR,DUSK,REAR TO FRONT,OTHER,,STRAIGHT AND LEVEL,DRY,NO DEFECTS,NOT ON SCENE (DESK REPORT),NO INJURY / DRIVE AWAY,,Y,,$500 OR LESS,10/4/2019 0:50,IMPROPER BACKING,NOT APPLICABLE,801,W,ADDISON ST,1924,,,,,,,2,NO INDICATION OF INJURY,0,0,0,0,0,2,0,0,6,10,41.94720709,-87.649553,POINT (-87.649553000747 41.947207091229)
JC459564,,10/4/2019 0:01,30,NO CONTROLS,NO CONTROLS,UNKNOWN,UNKNOWN,PARKED MOTOR VEHICLE,NOT DIVIDED,,STRAIGHT AND LEVEL,UNKNOWN,NO DEFECTS,ON SCENE,NO INJURY / DRIVE AWAY,,,Y,"$501 - $1,500",10/4/2019 10:05,UNABLE TO DETERMINE,"OPERATING VEHICLE IN ERRATIC, RECKLESS, CARELESS, NEGLIGENT OR AGGRESSIVE MANNER",1125,E,94TH ST,413,,,,,,,2,NO INDICATION OF INJURY,0,0,0,0,0,1,0,0,6,10,41.72392925,-87.59610059,POINT (-87.596100588604 41.723929250605)
JC459390,Y,10/4/2019 0:01,25,NO CONTROLS,NO CONTROLS,UNKNOWN,UNKNOWN,PARKED MOTOR VEHICLE,ONE-WAY,,STRAIGHT AND LEVEL,UNKNOWN,NO DEFECTS,ON SCENE,NO INJURY / DRIVE AWAY,,,Y,"$501 - $1,500",10/4/2019 6:55,NOT APPLICABLE,NOT APPLICABLE,4732,N,KNOX AVE,1722,,,,,,,2,NO INDICATION OF INJURY,0,0,0,0,0,1,0,0,6,10,41.96724003,-87.74418436,POINT (-87.744184362059 41.967240029104)
JC459491,Y,10/4/2019 0:00,30,NO CONTROLS,NO CONTROLS,UNKNOWN,DARKNESS,PARKED MOTOR VEHICLE,ONE-WAY,,STRAIGHT AND LEVEL,UNKNOWN,NO DEFECTS,ON SCENE,NO INJURY / DRIVE AWAY,,,Y,"OVER $1,500",10/4/2019 9:05,IMPROPER LANE USAGE,UNABLE TO DETERMINE,4322,N,MASON AVE,1624,,,,,,,2,NO INDICATION OF INJURY,0,0,0,0,0,1,0,0,6,10,41.95925452,-87.77590732,POINT (-87.775907322184 41.959254523925)
JC459420,Y,10/4/2019 0:00,30,NO CONTROLS,NO CONTROLS,UNKNOWN,DARKNESS,PARKED MOTOR VEHICLE,ONE-WAY,,STRAIGHT AND LEVEL,UNKNOWN,NO DEFECTS,ON SCENE,NO INJURY / DRIVE AWAY,,,Y,"$501 - $1,500",10/4/2019 7:39,IMPROPER LANE USAGE,UNABLE TO DETERMINE,4149,N,MARMORA AVE,1624,,,,,,,2,NO INDICATION OF INJURY,0,0,0,0,0,1,0,0,6,10,41.95636208,-87.774294,POINT (-87.774293996114 41.956362082954)
JC459300,,10/4/2019 0:00,30,NO CONTROLS,NO CONTROLS,CLEAR,"DARKNESS, LIGHTED ROAD",PARKED MOTOR VEHICLE,DIVIDED - W/MEDIAN (NOT RAISED),,STRAIGHT AND LEVEL,DRY,NO DEFECTS,ON SCENE,NO INJURY / DRIVE AWAY,,,Y,"OVER $1,500",10/4/2019 0:45,IMPROPER BACKING,NOT APPLICABLE,2347,S,KOSTNER AVE,1013,,,,,,,2,NO INDICATION OF INJURY,0,0,0,0,0,1,0,0,6,10,41.84808499,-87.73425433,POINT (-87.734254324678 41.848084987914)
JC459280,,10/3/2019 23:56,40,NO CONTROLS,NO CONTROLS,CLEAR,"DARKNESS, LIGHTED ROAD",REAR END,DIVIDED - W/MEDIAN BARRIER,,STRAIGHT AND LEVEL,DRY,NO DEFECTS,ON SCENE,NO INJURY / DRIVE AWAY,,,Y,"$501 - $1,500",10/3/2019 23:57,UNABLE TO DETERMINE,UNABLE TO DETERMINE,7413,S,PULASKI RD,833,,,,,,,2,NO INDICATION OF INJURY,0,0,0,0,0,2,0,23,5,10,41.75767924,-87.72203955,POINT (-87.722039551958 41.757679242982)
JC459281,,10/3/2019 23:55,15,NO CONTROLS,NO CONTROLS,CLEAR,DARKNESS,PARKED MOTOR VEHICLE,PARKING LOT,,STRAIGHT AND LEVEL,DRY,NO DEFECTS,ON SCENE,NO INJURY / DRIVE AWAY,,Y,,"$501 - $1,500",10/4/2019 0:01,IMPROPER BACKING,IMPROPER BACKING,2020,N,CALIFORNIA AVE,1414,,Y,,,,,2,NO INDICATION OF INJURY,0,0,0,0,0,1,0,23,5,10,41.91810712,-87.6973653,POINT (-87.697365295386 41.91810712422)
JC459275,,10/3/2019 23:50,30,TRAFFIC SIGNAL,FUNCTIONING PROPERLY,CLEAR,"DARKNESS, LIGHTED ROAD",REAR END,DIVIDED - W/MEDIAN BARRIER,,STRAIGHT AND LEVEL,DRY,NO DEFECTS,ON SCENE,INJURY AND / OR TOW DUE TO CRASH,,,,"$501 - $1,500",10/3/2019 23:58,FOLLOWING TOO CLOSELY,IMPROPER OVERTAKING/PASSING,12001,S,HALSTED ST,523,,,,,,,2,NO INDICATION OF INJURY,0,0,0,0,0,4,0,23,5,10,41.67590207,-87.64169805,POINT (-87.641698046282 41.675902066048)
JC459286,,10/3/2019 23:46,30,TRAFFIC SIGNAL,FUNCTIONING PROPERLY,CLEAR,"DARKNESS, LIGHTED ROAD",FIXED OBJECT,DIVIDED - W/MEDIAN BARRIER,,STRAIGHT AND LEVEL,DRY,NO DEFECTS,ON SCENE,INJURY AND / OR TOW DUE TO CRASH,Y,,,"OVER $1,500",10/3/2019 23:46,UNDER THE INFLUENCE OF ALCOHOL/DRUGS (USE WHEN ARREST IS EFFECTED),IMPROPER LANE USAGE,1042,W,ROOSEVELT RD,1232,,,,,,,1,NONINCAPACITATING INJURY,1,0,0,1,0,2,0,23,5,10,41.86717029,-87.65279514,POINT (-87.652795140047 41.867170294037)
JC459267,,10/3/2019 23:40,30,STOP SIGN/FLASHER,FUNCTIONING PROPERLY,CLEAR,"DARKNESS, LIGHTED ROAD",ANGLE,FOUR WAY,,STRAIGHT AND LEVEL,DRY,NO DEFECTS,ON SCENE,INJURY AND / OR TOW DUE TO CRASH,Y,,,"OVER $1,500",10/3/2019 23:43,DISREGARDING STOP SIGN,NOT APPLICABLE,3899,W,59TH ST,822,,,,,,,3,NONINCAPACITATING INJURY,1,0,0,1,0,7,0,23,5,10,41.7858698,-87.72038148,POINT (-87.720381477655 41.78586979807)
JC459574,,10/3/2019 23:30,30,NO CONTROLS,NO CONTROLS,CLEAR,DAYLIGHT,PARKED MOTOR VEHICLE,ONE-WAY,,STRAIGHT AND LEVEL,DRY,NO DEFECTS,NOT ON SCENE (DESK REPORT),NO INJURY / DRIVE AWAY,,,Y,"OVER $1,500",10/4/2019 11:00,UNABLE TO DETERMINE,NOT APPLICABLE,2954,N,MOBILE AVE,2511,,,,,,,2,NO INDICATION OF INJURY,0,0,0,0,0,1,0,23,5,10,41.93448559,-87.7835196,POINT (-87.78351959951 41.934485585601)
JC459263,,10/3/2019 23:23,15,NO CONTROLS,NO CONTROLS,CLEAR,"DARKNESS, LIGHTED ROAD",PARKED MOTOR VEHICLE,PARKING LOT,,STRAIGHT AND LEVEL,DRY,NO DEFECTS,ON SCENE,NO INJURY / DRIVE AWAY,,,,$500 OR LESS,10/3/2019 23:30,IMPROPER TURNING/NO SIGNAL,UNABLE TO DETERMINE,7101,S,CICERO AVE,833,,,,,,,2,NO INDICATION OF INJURY,0,0,0,0,0,1,0,23,5,10,41.76429247,-87.74175261,POINT (-87.741752607214 41.764292464973)
JC459628,,10/3/2019 23:00,25,NO CONTROLS,UNKNOWN,UNKNOWN,DARKNESS,FIXED OBJECT,NOT DIVIDED,,STRAIGHT AND LEVEL,UNKNOWN,NO DEFECTS,ON SCENE,NO INJURY / DRIVE AWAY,,Y,Y,"OVER $1,500",10/4/2019 11:00,UNABLE TO DETERMINE,UNABLE TO DETERMINE,1400,W,113TH PL,2234,,,,,,,2,NO INDICATION OF INJURY,0,0,0,0,0,2,0,23,5,10,41.68764028,-87.65690864,POINT (-87.656908638725 41.687640279701)
JC459227,,10/3/2019 22:15,30,NO CONTROLS,UNKNOWN,CLEAR,DUSK,REAR END,NOT DIVIDED,,STRAIGHT AND LEVEL,DRY,UNKNOWN,NOT ON SCENE (DESK REPORT),NO INJURY / DRIVE AWAY,,,,"OVER $1,500",10/3/2019 22:50,UNABLE TO DETERMINE,UNABLE TO DETERMINE,4200,W,IRVING PARK RD,1722,,,,,,,2,NO INDICATION OF INJURY,0,0,0,0,0,2,0,22,5,10,41.95370551,-87.73255098,POINT (-87.732550981181 41.953705509686)
JC459238,,10/3/2019 22:11,30,NO CONTROLS,NO CONTROLS,CLEAR,DARKNESS,SIDESWIPE SAME DIRECTION,ONE-WAY,,STRAIGHT ON GRADE,DRY,UNKNOWN,NOT ON SCENE (DESK REPORT),NO INJURY / DRIVE AWAY,,,Y,"OVER $1,500",10/3/2019 22:55,UNABLE TO DETERMINE,NOT APPLICABLE,130,E,CONGRESS DR,114,,,,,,,2,NO INDICATION OF INJURY,0,0,0,0,0,2,0,22,5,10,41.87584944,-87.6231539,POINT (-87.623153896353 41.875849441478)
JC459226,Y,10/3/2019 22:00,30,NO CONTROLS,NO CONTROLS,CLEAR,"DARKNESS, LIGHTED ROAD",PARKED MOTOR VEHICLE,DIVIDED - W/MEDIAN BARRIER,,STRAIGHT AND LEVEL,DRY,NO DEFECTS,ON SCENE,INJURY AND / OR TOW DUE TO CRASH,,,Y,"OVER $1,500",10/3/2019 22:30,UNABLE TO DETERMINE,NOT APPLICABLE,1413,W,ROOSEVELT RD,1233,Y,,,,,,3,NO INDICATION OF INJURY,0,0,0,0,0,1,0,22,5,10,41.866799,-87.66214381,POINT (-87.662143805836 41.866799003824)
JC459192,,10/3/2019 21:35,30,NO CONTROLS,NO CONTROLS,CLEAR,"DARKNESS, LIGHTED ROAD",PARKED MOTOR VEHICLE,ONE-WAY,,STRAIGHT AND LEVEL,DRY,NO DEFECTS,ON SCENE,NO INJURY / DRIVE AWAY,,,Y,"$501 - $1,500",10/3/2019 21:50,UNABLE TO DETERMINE,NOT APPLICABLE,6609,S,CLAREMONT AVE,832,,,,,,,2,NO INDICATION OF INJURY,0,0,0,0,0,1,0,21,5,10,41.77347285,-87.68198209,POINT (-87.681982087549 41.773472847401)