RD_NO,CRASH_DATE_EST_I,CRASH_DATE,POSTED_SPEED_LIMIT,TRAFFIC_CONTROL_DEVICE,DEVICE_CONDITION,WEATHER_CONDITION,LIGHTING_CONDITION,FIRST_CRASH_TYPE,TRAFFICWAY_TYPE,LANE_CNT,ALIGNMENT,ROADWAY_SURFACE_COND,ROAD_DEFECT,REPORT_TYPE,CRASH_TYPE,INTERSECTION_RELATED_I,NOT_RIGHT_OF_WAY_I,HIT_AND_RUN_I,DAMAGE,DATE_POLICE_NOTIFIED,PRIM_CONTRIBUTORY_CAUSE,SEC_CONTRIBUTORY_CAUSE,STREET_NO,STREET_DIRECTION,STREET_NAME,BEAT_OF_OCCURRENCE,PHOTOS_TAKEN_I,STATEMENTS_TAKEN_I,DOORING_I,WORK_ZONE_I,WORK_ZONE_TYPE,WORKERS_PRESENT_I,NUM_UNITS,MOST_SEVERE_INJURY,INJURIES_TOTAL,INJURIES_FATAL,INJURIES_INCAPACITATING,INJURIES_NON_INCAPACITATING,INJURIES_REPORTED_NOT_EVIDENT,INJURIES_NO_INDICATION,INJURIES_UNKNOWN,CRASH_HOUR,CRASH_DAY_OF_WEEK,CRASH_MONTH,LATITUDE,LONGITUDE,LOCATION
JC459204,,10/3/2019 21:30,30,UNKNOWN,UNKNOWN,UNKNOWN,UNKNOWN,PEDALCYCLIST,NOT DIVIDED,,STRAIGHT AND LEVEL,UNKNOWN,UNKNOWN,NOT ON SCENE (DESK REPORT),INJURY AND / OR TOW DUE TO CRASH,,,Y,$500 OR LESS,10/3/2019 22:15,UNABLE TO DETERMINE,UNABLE TO DETERMINE,5599,W,GRAND AVE,2515,,,,,,,2,NONINCAPACITATING INJURY,1,0,0,1,0,1,0,21,5,10,41.91864993,-87.76580513,POINT (-87.765805132827 41.918649933129)
JC459186,,10/3/2019 21:25,30,NO CONTROLS,NO CONTROLS,CLEAR,"DARKNESS, LIGHTED ROAD",TURNING,NOT DIVIDED,,STRAIGHT AND LEVEL,DRY,NO DEFECTS,ON SCENE,NO INJURY / DRIVE AWAY,,,,"OVER $1,500",10/3/2019 21:41,FAILING TO YIELD RIGHT-OF-WAY,UNABLE TO DETERMINE,3198,W,63RD ST,823,,,,,,,2,NO INDICATION OF INJURY,0,0,0,0,0,3,0,21,5,10,41.7790838,-87.7030783,POINT (-87.703078301863 41.779083802552)
JC459155,,10/3/2019 21:14,35,TRAFFIC SIGNAL,FUNCTIONING PROPERLY,CLEAR,"DARKNESS, LIGHTED ROAD",ANGLE,NOT DIVIDED,,STRAIGHT AND LEVEL,DRY,NO DEFECTS,,INJURY AND / OR TOW DUE TO CRASH,Y,,,"OVER $1,500",10/3/2019 21:14,DISREGARDING TRAFFIC SIGNALS,FAILING TO REDUCE SPEED TO AVOID CRASH,4500,W,LAKE ST,1113,N,Y,,,,,2,NONINCAPACITATING INJURY,4,0,0,4,0,0,0,21,5,10,41.88628271,-87.73820659,POINT (-87.738206592881 41.886282714158)
JC459161,,10/3/2019 21:10,30,OTHER,FUNCTIONING PROPERLY,CLEAR,DUSK,TURNING,NOT DIVIDED,,STRAIGHT AND LEVEL,DRY,NO DEFECTS,ON SCENE,NO INJURY / DRIVE AWAY,,,,"$501 - $1,500",10/3/2019 21:11,FAILING TO YIELD RIGHT-OF-WAY,UNABLE TO DETERMINE,161,W,ILLINOIS ST,1831,,,,,,,2,NO INDICATION OF INJURY,0,0,0,0,0,3,0,21,5,10,41.89068261,-87.63352599,POINT (-87.633525985248 41.890682604798)
JC459182,,10/3/2019 21:09,30,UNKNOWN,UNKNOWN,CLEAR,UNKNOWN,TURNING,NOT DIVIDED,,STRAIGHT AND LEVEL,UNKNOWN,UNKNOWN,NOT ON SCENE (DESK REPORT),NO INJURY / DRIVE AWAY,Y,,,"OVER $1,500",10/3/2019 21:40,IMPROPER LANE USAGE,IMPROPER TURNING/NO SIGNAL,4348,W,GRAND AVE,2534,,,,,,,2,NO INDICATION OF INJURY,0,0,0,0,0,3,0,21,5,10,41.90987703,-87.7354854,POINT (-87.73548539997 41.909877028275)
JC459151,,10/3/2019 21:04,30,TRAFFIC SIGNAL,FUNCTIONING PROPERLY,CLEAR,"DARKNESS, LIGHTED ROAD",TURNING,NOT DIVIDED,,STRAIGHT AND LEVEL,DRY,NO DEFECTS,ON SCENE,INJURY AND / OR TOW DUE TO CRASH,Y,,,"OVER $1,500",10/3/2019 21:04,UNABLE TO DETERMINE,UNABLE TO DETERMINE,5000,S,ASHLAND AVE,931,,,,,,,2,NO INDICATION OF INJURY,0,0,0,0,0,2,0,21,5,10,41.80304684,-87.66496864,POINT (-87.66496864367 41.803046839822)
JC459612,,10/3/2019 21:00,25,NO CONTROLS,NO CONTROLS,CLEAR,DARKNESS,PARKED MOTOR VEHICLE,NOT DIVIDED,,STRAIGHT AND LEVEL,DRY,NO DEFECTS,NOT ON SCENE (DESK REPORT),NO INJURY / DRIVE AWAY,,,Y,"OVER $1,500",10/4/2019 10:30,FAILING TO YIELD RIGHT-OF-WAY,NOT APPLICABLE,2145,S,RIDGEWAY AVE,1014,,,,,,,2,NO INDICATION OF INJURY,0,0,0,0,0,1,0,21,5,10,41.85169915,-87.7185106,POINT (-87.718510595399 41.851699153971)
JC459259,,10/3/2019 21:00,15,NO CONTROLS,NO CONTROLS,UNKNOWN,UNKNOWN,PARKED MOTOR VEHICLE,PARKING LOT,,STRAIGHT AND LEVEL,UNKNOWN,UNKNOWN,NOT ON SCENE (DESK REPORT),NO INJURY / DRIVE AWAY,,,,"$501 - $1,500",10/3/2019 23:30,NOT APPLICABLE,NOT APPLICABLE,3201,N,BROADWAY,1925,,,,,,,2,NO INDICATION OF INJURY,0,0,0,0,0,2,0,21,5,10,41.94010202,-87.64425441,POINT (-87.64425441373 41.940102022465)
JC459136,,10/3/2019 20:45,10,NO CONTROLS,NO CONTROLS,CLEAR,DARKNESS,PARKED MOTOR VEHICLE,PARKING LOT,,STRAIGHT AND LEVEL,DRY,UNKNOWN,ON SCENE,NO INJURY / DRIVE AWAY,,,Y,"$501 - $1,500",10/3/2019 20:52,IMPROPER BACKING,NOT APPLICABLE,8249,S,COTTAGE GROVE AVE,631,,,,,,,2,NO INDICATION OF INJURY,0,0,0,0,0,1,0,20,5,10,41.74434703,-87.60489773,POINT (-87.604897732586 41.744347024933)
JC459133,,10/3/2019 20:35,30,STOP SIGN/FLASHER,FUNCTIONING PROPERLY,CLEAR,"DARKNESS, LIGHTED ROAD",SIDESWIPE SAME DIRECTION,NOT DIVIDED,,STRAIGHT AND LEVEL,DRY,NO DEFECTS,NOT ON SCENE (DESK REPORT),NO INJURY / DRIVE AWAY,,,,"$501 - $1,500",10/3/2019 20:45,UNABLE TO DETERMINE,UNABLE TO DETERMINE,2790,W,BIRCHWOOD AVE,2411,,,,,,,2,NO INDICATION OF INJURY,0,0,0,0,0,2,0,20,5,10,42.01762645,-87.69950596,POINT (-87.699505956595 42.017626445126)
JC459317,,10/3/2019 20:30,30,NO CONTROLS,UNKNOWN,CLEAR,DARKNESS,SIDESWIPE SAME DIRECTION,NOT DIVIDED,,STRAIGHT AND LEVEL,DRY,NO DEFECTS,NOT ON SCENE (DESK REPORT),NO INJURY / DRIVE AWAY,Y,,Y,"OVER $1,500",10/4/2019 1:33,IMPROPER OVERTAKING/PASSING,UNABLE TO DETERMINE,1590,N,CLARK ST,1821,,,,,,,2,NO INDICATION OF INJURY,0,0,0,0,0,2,0,20,5,10,41.91113068,-87.63182397,POINT (-87.631823973952 41.911130682547)
JC459153,,10/3/2019 20:30,30,TRAFFIC SIGNAL,FUNCTIONING PROPERLY,UNKNOWN,"DARKNESS, LIGHTED ROAD",REAR END,NOT DIVIDED,,STRAIGHT AND LEVEL,UNKNOWN,NO DEFECTS,NOT ON SCENE (DESK REPORT),NO INJURY / DRIVE AWAY,,,Y,"OVER $1,500",10/3/2019 21:18,UNABLE TO DETERMINE,NOT APPLICABLE,5700,S,CALIFORNIA AVE,824,,,,,,,2,NO INDICATION OF INJURY,0,0,0,0,0,2,0,20,5,10,41.78995501,-87.69384099,POINT (-87.693840993851 41.789955013776)
JC459131,,10/3/2019 20:30,30,TRAFFIC SIGNAL,FUNCTIONING PROPERLY,UNKNOWN,"DARKNESS, LIGHTED ROAD",REAR END,NOT DIVIDED,,STRAIGHT AND LEVEL,UNKNOWN,NO DEFECTS,NOT ON SCENE (DESK REPORT),NO INJURY / DRIVE AWAY,,,,"OVER $1,500",10/3/2019 20:55,UNABLE TO DETERMINE,NOT APPLICABLE,4854,S,PULASKI RD,815,,,,,,,2,NO INDICATION OF INJURY,0,0,0,0,0,2,0,20,5,10,41.80441141,-87.7236318,POINT (-87.723631796123 41.804411406304)
JC459108,,10/3/2019 20:15,30,NO CONTROLS,NO CONTROLS,CLEAR,"DARKNESS, LIGHTED ROAD",TURNING,NOT DIVIDED,,STRAIGHT ON GRADE,DRY,NO DEFECTS,ON SCENE,NO INJURY / DRIVE AWAY,,,Y,"OVER $1,500",10/3/2019 20:20,FAILING TO YIELD RIGHT-OF-WAY,IMPROPER TURNING/NO SIGNAL,2059,S,CANAL ST,914,,,,,,,2,NO INDICATION OF INJURY,0,0,0,0,0,3,0,20,5,10,41.85415887,-87.63843763,POINT (-87.638437625984 41.854158870322)
JC459152,,10/3/2019 20:11,25,TRAFFIC SIGNAL,FUNCTIONING PROPERLY,CLEAR,"DARKNESS, LIGHTED ROAD",PARKED MOTOR VEHICLE,DIVIDED - W/MEDIAN BARRIER,,STRAIGHT AND LEVEL,DRY,UNKNOWN,ON SCENE,NO INJURY / DRIVE AWAY,,,Y,"OVER $1,500",10/3/2019 21:10,UNABLE TO DETERMINE,NOT APPLICABLE,1968,W,PETERSON AVE,2413,,,,,,,2,NO INDICATION OF INJURY,0,0,0,0,0,1,0,20,5,10,41.99078621,-87.67976037,POINT (-87.679760367705 41.99078621176)
JC459114,,10/3/2019 20:10,30,NO CONTROLS,NO CONTROLS,CLEAR,"DARKNESS, LIGHTED ROAD",PARKED MOTOR VEHICLE,NOT DIVIDED,,STRAIGHT AND LEVEL,DRY,UNKNOWN,ON SCENE,NO INJURY / DRIVE AWAY,,,Y,$500 OR LESS,10/3/2019 20:23,UNABLE TO DETERMINE,UNABLE TO DETERMINE,7914,S,SACRAMENTO AVE,835,,,,,,,2,NO INDICATION OF INJURY,0,0,0,0,0,1,0,20,5,10,41.74929619,-87.69764093,POINT (-87.697640933339 41.749296192661)
JC459083,,10/3/2019 20:05,30,NO CONTROLS,NO CONTROLS,CLEAR,"DARKNESS, LIGHTED ROAD",REAR END,FOUR WAY,,STRAIGHT AND LEVEL,DRY,NO DEFECTS,ON SCENE,INJURY AND / OR TOW DUE TO CRASH,,,Y,"OVER $1,500",10/3/2019 20:24,FOLLOWING TOO CLOSELY,NOT APPLICABLE,4133,W,16TH ST,1012,,,,,,,2,NONINCAPACITATING INJURY,3,0,0,3,0,1,0,20,5,10,41.85870976,-87.72867437,POINT (-87.728674372856 41.858709761946)
JC459111,,10/3/2019 20:00,30,NO CONTROLS,NO CONTROLS,CLEAR,"DARKNESS, LIGHTED ROAD",REAR END,ONE-WAY,,STRAIGHT AND LEVEL,DRY,NO DEFECTS,NOT ON SCENE (DESK REPORT),NO INJURY / DRIVE AWAY,,,,$500 OR LESS,10/3/2019 20:05,FOLLOWING TOO CLOSELY,NOT APPLICABLE,3,W,TERMINAL ST,1653,,,,,,,2,NO INDICATION OF INJURY,0,0,0,0,0,2,0,20,5,10,,,
JC459100,,10/3/2019 19:53,30,STOP SIGN/FLASHER,NO CONTROLS,CLEAR,"DARKNESS, LIGHTED ROAD",REAR END,NOT DIVIDED,,STRAIGHT AND LEVEL,DRY,NO DEFECTS,NOT ON SCENE (DESK REPORT),NO INJURY / DRIVE AWAY,,,,"OVER $1,500",10/3/2019 20:20,FOLLOWING TOO CLOSELY,FOLLOWING TOO CLOSELY,6258,S,CENTRAL AVE,812,,,,,,,2,NO INDICATION OF INJURY,0,0,0,0,0,2,0,19,5,10,41.77814107,-87.76186571,POINT (-87.761865711076 41.77814107116)
JC460412,,10/3/2019 19:20,30,NO CONTROLS,NO CONTROLS,CLEAR,"DARKNESS, LIGHTED ROAD",TURNING,NOT DIVIDED,,STRAIGHT AND LEVEL,DRY,NO DEFECTS,NOT ON SCENE (DESK REPORT),NO INJURY / DRIVE AWAY,,,,"$501 - $1,500",10/4/2019 22:00,UNABLE TO DETERMINE,UNABLE TO DETERMINE,3640,N,WESTERN AVE,1921,,,,,,,2,NO INDICATION OF INJURY,0,0,0,0,0,2,0,19,5,10,41.94794732,-87.68844043,POINT (-87.688440433925 41.947947324374)
JC459081,,10/3/2019 19:20,30,DELINEATORS,FUNCTIONING PROPERLY,CLEAR,DARKNESS,PEDESTRIAN,DIVIDED - W/MEDIAN (NOT RAISED),,STRAIGHT AND LEVEL,DRY,UNKNOWN,ON SCENE,INJURY AND / OR TOW DUE TO CRASH,,,,"OVER $1,500",10/3/2019 19:28,DISREGARDING ROAD MARKINGS,FAILING TO YIELD RIGHT-OF-WAY,303,N,AUSTIN BLVD,1512,,,,,,,2,NONINCAPACITATING INJURY,1,0,0,1,0,2,0,19,5,10,41.88570856,-87.7746901,POINT (-87.774690100591 41.885708563463)
JC459046,,10/3/2019 19:20,40,NO CONTROLS,NO CONTROLS,CLEAR,"DARKNESS, LIGHTED ROAD",REAR END,DIVIDED - W/MEDIAN BARRIER,,STRAIGHT ON GRADE,DRY,UNKNOWN,ON SCENE,INJURY AND / OR TOW DUE TO CRASH,,,,$500 OR LESS,10/3/2019 19:30,DRIVING SKILLS/KNOWLEDGE/EXPERIENCE,UNABLE TO DETERMINE,5699,N,LAKE SHORE DR NB,2022,,,,,,,2,NONINCAPACITATING INJURY,1,0,0,1,0,1,0,19,5,10,41.98555677,-87.65336148,POINT (-87.653361480328 41.985556766551)
JC459068,,10/3/2019 19:18,25,TRAFFIC SIGNAL,NO CONTROLS,CLEAR,DAYLIGHT,REAR END,FOUR WAY,,STRAIGHT AND LEVEL,DRY,NO DEFECTS,NOT ON SCENE (DESK REPORT),NO INJURY / DRIVE AWAY,Y,,,"$501 - $1,500",10/3/2019 20:06,FOLLOWING TOO CLOSELY,UNABLE TO DETERMINE,2403,W,GRANVILLE AVE,2413,,,,,,,2,NO INDICATION OF INJURY,0,0,0,0,0,2,0,19,5,10,41.99398131,-87.68990828,POINT (-87.689908282017 41.99398130749)
JC459938,,10/3/2019 19:15,30,STOP SIGN/FLASHER,FUNCTIONING PROPERLY,CLEAR,DAYLIGHT,TURNING,NOT DIVIDED,,STRAIGHT AND LEVEL,WET,NO DEFECTS,NOT ON SCENE (DESK REPORT),NO INJURY / DRIVE AWAY,Y,,,"OVER $1,500",10/4/2019 13:06,FAILING TO REDUCE SPEED TO AVOID CRASH,NOT APPLICABLE,1700,N,LARRABEE ST,1813,,,,,,,2,NO INDICATION OF INJURY,0,0,0,0,0,2,0,19,5,10,41.9128617,-87.64363882,POINT (-87.643638815356 41.912861696498)
JC459116,,10/3/2019 19:15,30,NO CONTROLS,NO CONTROLS,CLOUDY/OVERCAST,UNKNOWN,PARKED MOTOR VEHICLE,ONE-WAY,,STRAIGHT AND LEVEL,DRY,UNKNOWN,NOT ON SCENE (DESK REPORT),NO INJURY / DRIVE AWAY,,,Y,"$501 - $1,500",10/3/2019 20:35,UNABLE TO DETERMINE,NOT APPLICABLE,7904,S,PERRY AVE,623,,,,,,,2,NO INDICATION OF INJURY,0,0,0,0,0,1,0,19,5,10,41.75070447,-87.62717478,POINT (-87.627174783557 41.750704465111)
JC459026,,10/3/2019 19:15,35,NO CONTROLS,OTHER,CLEAR,"DARKNESS, LIGHTED ROAD",SIDESWIPE SAME DIRECTION,ONE-WAY,,STRAIGHT AND LEVEL,DRY,NO DEFECTS,ON SCENE,NO INJURY / DRIVE AWAY,,,Y,"$501 - $1,500",10/3/2019 19:17,IMPROPER OVERTAKING/PASSING,UNABLE TO DETERMINE,318,W,ADAMS ST,122,,,,,,,2,NO INDICATION OF INJURY,0,0,0,0,0,2,0,19,5,10,41.8794728,-87.63580748,POINT (-87.635807481028 41.87947279718)
JC459035,,10/3/2019 19:09,30,TRAFFIC SIGNAL,FUNCTIONING PROPERLY,CLEAR,"DARKNESS, LIGHTED ROAD",REAR END,DIVIDED - W/MEDIAN BARRIER,,STRAIGHT AND LEVEL,DRY,NO DEFECTS,ON SCENE,NO INJURY / DRIVE AWAY,,,,"OVER $1,500",10/3/2019 19:10,FAILING TO REDUCE SPEED TO AVOID CRASH,NOT APPLICABLE,3626,N,ASHLAND AVE,1922,,,,,,,3,NO INDICATION OF INJURY,0,0,0,0,0,3,0,19,5,10,41.94781417,-87.66902622,POINT (-87.669026216052 41.947814166859)
JC459016,,10/3/2019 19:05,30,NO CONTROLS,NO CONTROLS,CLEAR,"DARKNESS, LIGHTED ROAD",REAR END,NOT DIVIDED,,STRAIGHT AND LEVEL,DRY,NO DEFECTS,NOT ON SCENE (DESK REPORT),INJURY AND / OR TOW DUE TO CRASH,,,,"$501 - $1,500",10/3/2019 19:15,UNABLE TO DETERMINE,NOT APPLICABLE,873,N,LARRABEE ST,1823,,,,,,,2,"REPORTED, NOT EVIDENT",1,0,0,0,1,1,0,19,5,10,41.89855526,-87.64286951,POINT (-87.64286951248 41.898555255903)
JC459017,,10/3/2019 19:00,30,TRAFFIC SIGNAL,FUNCTIONING PROPERLY,CLEAR,"DARKNESS, LIGHTED ROAD",SIDESWIPE SAME DIRECTION,FOUR WAY,,STRAIGHT AND LEVEL,DRY,NO DEFECTS,,NO INJURY / DRIVE AWAY,Y,,,"OVER $1,500",10/3/2019 19:20,IMPROPER TURNING/NO SIGNAL,UNABLE TO DETERMINE,201,S,MICHIGAN AVE,114,,,,,,,2,NO INDICATION OF INJURY,0,0,0,0,0,3,0,19,5,10,41.87949176,-87.62420439,POINT (-87.624204388826 41.87949176069)
JC459014,,10/3/2019 18:55,25,NO CONTROLS,NO CONTROLS,CLEAR,DAYLIGHT,ANGLE,DIVIDED - W/MEDIAN (NOT RAISED),,STRAIGHT AND LEVEL,DRY,NO DEFECTS,NOT ON SCENE (DESK REPORT),NO INJURY / DRIVE AWAY,,,,$500 OR LESS,10/3/2019 19:00,FAILING TO YIELD RIGHT-OF-WAY,UNABLE TO DETERMINE,2815,W,IRVING PARK RD,1733,,,,,,,2,NO INDICATION OF INJURY,0,0,0,0,0,3,0,18,5,10,41.95386054,-87.69889324,POINT (-87.698893236864 41.953860542894)
JC459027,,10/3/2019 18:45,35,TRAFFIC SIGNAL,UNKNOWN,CLEAR,"DARKNESS, LIGHTED ROAD",PEDALCYCLIST,NOT DIVIDED,,STRAIGHT AND LEVEL,DRY,NO DEFECTS,ON SCENE,NO INJURY / DRIVE AWAY,Y,,,$500 OR LESS,10/3/2019 19:13,UNABLE TO DETERMINE,DRIVING SKILLS/KNOWLEDGE/EXPERIENCE,1229,N,ASHLAND AVE,1433,,,,,,,2,NO INDICATION OF INJURY,0,0,0,0,0,2,0,18,5,10,41.90428854,-87.66737359,POINT (-87.667373590044 41.904288543414)
JC459032,,10/3/2019 18:38,30,NO CONTROLS,NO CONTROLS,CLEAR,DAYLIGHT,ANGLE,ONE-WAY,,STRAIGHT AND LEVEL,DRY,NO DEFECTS,NOT ON SCENE (DESK REPORT),NO INJURY / DRIVE AWAY,,,,"$501 - $1,500",10/3/2019 19:36,FAILING TO YIELD RIGHT-OF-WAY,FAILING TO REDUCE SPEED TO AVOID CRASH,6629,W,GEORGE ST,2511,,,,,,,2,NO INDICATION OF INJURY,0,0,0,0,0,4,0,18,5,10,41.93264195,-87.79179369,POINT (-87.791793688552 41.93264194924)
JC459459,,10/3/2019 18:30,30,NO CONTROLS,NO CONTROLS,CLEAR,DAYLIGHT,REAR END,NOT DIVIDED,,STRAIGHT AND LEVEL,DRY,NO DEFECTS,NOT ON SCENE (DESK REPORT),NO INJURY / DRIVE AWAY,,,,"$501 - $1,500",10/4/2019 8:45,UNABLE TO DETERMINE,NOT APPLICABLE,415,N,CENTRAL AVE,1523,,,,,,,2,NO INDICATION OF INJURY,0,0,0,0,0,2,0,18,5,10,41.88822033,-87.76499124,POINT (-87.764991243876 41.888220326956)
JC459008,,10/3/2019 18:30,30,UNKNOWN,UNKNOWN,CLEAR,"DARKNESS, LIGHTED ROAD",REAR END,ONE-WAY,,STRAIGHT AND LEVEL,DRY,UNKNOWN,NOT ON SCENE (DESK REPORT),NO INJURY / DRIVE AWAY,,,Y,$500 OR LESS,10/3/2019 19:00,UNABLE TO DETERMINE,NOT APPLICABLE,7100,S,STATE ST,323,,,,,,,2,NO INDICATION OF INJURY,0,0,0,0,0,2,0,18,5,10,41.76539361,-87.62505048,POINT (-87.625050475006 41.765393607783)
JC458999,,10/3/2019 18:30,30,TRAFFIC SIGNAL,FUNCTIONING PROPERLY,CLEAR,DUSK,SIDESWIPE SAME DIRECTION,NOT DIVIDED,,STRAIGHT AND LEVEL,UNKNOWN,UNKNOWN,NOT ON SCENE (DESK REPORT),NO INJURY / DRIVE AWAY,,,,"$501 - $1,500",10/3/2019 18:48,IMPROPER LANE USAGE,IMPROPER OVERTAKING/PASSING,800,W,BELMONT AVE,1924,,,,,,,2,NO INDICATION OF INJURY,0,0,0,0,0,4,0,18,5,10,41.94009013,-87.64930996,POINT (-87.649309959096 41.940090124848)
JC458976,,10/3/2019 18:30,30,TRAFFIC SIGNAL,FUNCTIONING PROPERLY,CLEAR,DAWN,REAR END,DIVIDED - W/MEDIAN (NOT RAISED),,STRAIGHT AND LEVEL,DRY,NO DEFECTS,ON SCENE,INJURY AND / OR TOW DUE TO CRASH,,,,"OVER $1,500",10/3/2019 18:37,FAILING TO REDUCE SPEED TO AVOID CRASH,FAILING TO REDUCE SPEED TO AVOID CRASH,3999,N,DAMEN AVE,1922,,,,,,,3,NO INDICATION OF INJURY,0,0,0,0,0,3,0,18,5,10,41.95406824,-87.67860445,POINT (-87.678604449027 41.954068242042)
JC459809,,10/3/2019 18:15,25,NO CONTROLS,NO CONTROLS,CLEAR,DAYLIGHT,REAR END,NOT DIVIDED,,STRAIGHT AND LEVEL,DRY,UNKNOWN,NOT ON SCENE (DESK REPORT),NO INJURY / DRIVE AWAY,,,,"$501 - $1,500",10/4/2019 13:20,UNABLE TO DETERMINE,NOT APPLICABLE,3984,W,PETERSON AVE,1711,,,,,,,2,NO INDICATION OF INJURY,0,0,0,0,0,2,0,18,5,10,41.99024567,-87.72860841,POINT (-87.728608412236 41.990245668981)
JC458970,,10/3/2019 18:14,30,NO CONTROLS,NO CONTROLS,CLEAR,DUSK,TURNING,DIVIDED - W/MEDIAN BARRIER,,STRAIGHT AND LEVEL,DRY,NO DEFECTS,ON SCENE,NO INJURY / DRIVE AWAY,,,,"$501 - $1,500",10/3/2019 18:14,IMPROPER TURNING/NO SIGNAL,DRIVING SKILLS/KNOWLEDGE/EXPERIENCE,10,W,95TH ST,634,,,,,,,2,NO INDICATION OF INJURY,0,0,0,0,0,4,0,18,5,10,41.72173962,-87.62414979,POINT (-87.624149788999 41.721739623528)
JC458949,,10/3/2019 18:13,30,NO CONTROLS,NO CONTROLS,CLEAR,DUSK,PEDESTRIAN,NOT DIVIDED,,STRAIGHT AND LEVEL,DRY,NO DEFECTS,NOT ON SCENE (DESK REPORT),INJURY AND / OR TOW DUE TO CRASH,,,,"$501 - $1,500",10/3/2019 18:13,"VISION OBSCURED (SIGNS, TREE LIMBS, BUILDINGS, ETC.)",NOT APPLICABLE,1621,N,CENTRAL AVE,2532,,,,,,,2,"REPORTED, NOT EVIDENT",1,0,0,0,1,1,0,18,5,10,41.91002068,-87.76539618,POINT (-87.765396184047 41.910020674611)
JC458991,Y,10/3/2019 18:06,30,NO CONTROLS,NO CONTROLS,CLEAR,DAYLIGHT,REAR END,NOT DIVIDED,,STRAIGHT AND LEVEL,DRY,NO DEFECTS,NOT ON SCENE (DESK REPORT),NO INJURY / DRIVE AWAY,Y,,,"$501 - $1,500",10/3/2019 19:09,FOLLOWING TOO CLOSELY,NOT APPLICABLE,6355,N,CALIFORNIA AVE,2413,,,,,,,2,NO INDICATION OF INJURY,0,0,0,0,0,2,0,18,5,10,41.99736305,-87.6994878,POINT (-87.699487802243 41.997363053425)
JC459469,,10/3/2019 18:00,30,NO CONTROLS,NO CONTROLS,CLEAR,DARKNESS,REAR END,NOT DIVIDED,,STRAIGHT AND LEVEL,DRY,NO DEFECTS,NOT ON SCENE (DESK REPORT),NO INJURY / DRIVE AWAY,,,,"OVER $1,500",10/4/2019 8:48,FOLLOWING TOO CLOSELY,NOT APPLICABLE,1,S,CENTRAL AVE,1522,,,,,,,2,NO INDICATION OF INJURY,0,0,0,0,0,2,0,18,5,10,41.88019686,-87.76471639,POINT (-87.764716389906 41.880196859672)
JC458903,,10/3/2019 17:59,30,NO CONTROLS,NO CONTROLS,RAIN,DAYLIGHT,PARKED MOTOR VEHICLE,NOT DIVIDED,,STRAIGHT AND LEVEL,DRY,NO DEFECTS,ON SCENE,INJURY AND / OR TOW DUE TO CRASH,,,,"OVER $1,500",10/3/2019 17:59,IMPROPER OVERTAKING/PASSING,FAILING TO REDUCE SPEED TO AVOID CRASH,2220,W,JACKSON BLVD,1225,,,,,,,2,NO INDICATION OF INJURY,0,0,0,0,0,1,0,17,5,10,41.87770673,-87.68227142,POINT (-87.682271424322 41.877706726726)
JC458927,,10/3/2019 17:54,35,STOP SIGN/FLASHER,FUNCTIONING PROPERLY,CLEAR,DAYLIGHT,REAR END,NOT DIVIDED,,STRAIGHT AND LEVEL,DRY,NO DEFECTS,ON SCENE,NO INJURY / DRIVE AWAY,,,,"OVER $1,500",10/3/2019 17:55,UNABLE TO DETERMINE,NOT APPLICABLE,2929,E,79TH ST,422,,,,,,,2,NO INDICATION OF INJURY,0,0,0,0,0,2,0,17,5,10,41.75179962,-87.55295522,POINT (-87.552955224041 41.751799621333)
JC458925,,10/3/2019 17:50,30,TRAFFIC SIGNAL,FUNCTIONING PROPERLY,CLEAR,DAYLIGHT,REAR END,NOT DIVIDED,,STRAIGHT AND LEVEL,UNKNOWN,UNKNOWN,NOT ON SCENE (DESK REPORT),NO INJURY / DRIVE AWAY,,,,"$501 - $1,500",10/3/2019 18:04,FOLLOWING TOO CLOSELY,FOLLOWING TOO CLOSELY,3700,N,LINCOLN AVE,1922,,,,,,,2,NO INDICATION OF INJURY,0,0,0,0,0,2,0,17,5,10,41.94877637,-87.6751779,POINT (-87.675177895066 41.9487763673)
JC458924,Y,10/3/2019 17:50,30,TRAFFIC SIGNAL,FUNCTIONING PROPERLY,CLEAR,DAYLIGHT,REAR END,NOT DIVIDED,,STRAIGHT AND LEVEL,DRY,NO DEFECTS,ON SCENE,INJURY AND / OR TOW DUE TO CRASH,Y,,,"$501 - $1,500",10/3/2019 17:55,UNABLE TO DETERMINE,NOT APPLICABLE,1400,S,CANAL ST,124,,,,,,,2,NO INDICATION OF INJURY,0,0,0,0,0,2,0,17,5,10,41.86359876,-87.63927326,POINT (-87.639273257258 41.863598755874)
JC458912,,10/3/2019 17:48,30,TRAFFIC SIGNAL,FUNCTIONING PROPERLY,CLOUDY/OVERCAST,DUSK,REAR END,DIVIDED - W/MEDIAN (NOT RAISED),,STRAIGHT AND LEVEL,DRY,NO DEFECTS,ON SCENE,INJURY AND / OR TOW DUE TO CRASH,,,,$500 OR LESS,10/3/2019 17:53,UNABLE TO DETERMINE,UNABLE TO DETERMINE,7900,S,STONY ISLAND AVE,411,,,,,,,2,NONINCAPACITATING INJURY,1,0,0,1,0,1,0,17,5,10,41.7514606,-87.58597199,POINT (-87.585971992965 41.751460603167)