RD_NO,CRASH_DATE_EST_I,CRASH_DATE,POSTED_SPEED_LIMIT,TRAFFIC_CONTROL_DEVICE,DEVICE_CONDITION,WEATHER_CONDITION,LIGHTING_CONDITION,FIRST_CRASH_TYPE,TRAFFICWAY_TYPE,LANE_CNT,ALIGNMENT,ROADWAY_SURFACE_COND,ROAD_DEFECT,REPORT_TYPE,CRASH_TYPE,INTERSECTION_RELATED_I,NOT_RIGHT_OF_WAY_I,HIT_AND_RUN_I,DAMAGE,DATE_POLICE_NOTIFIED,PRIM_CONTRIBUTORY_CAUSE,SEC_CONTRIBUTORY_CAUSE,STREET_NO,STREET_DIRECTION,STREET_NAME,BEAT_OF_OCCURRENCE,PHOTOS_TAKEN_I,STATEMENTS_TAKEN_I,DOORING_I,WORK_ZONE_I,WORK_ZONE_TYPE,WORKERS_PRESENT_I,NUM_UNITS,MOST_SEVERE_INJURY,INJURIES_TOTAL,INJURIES_FATAL,INJURIES_INCAPACITATING,INJURIES_NON_INCAPACITATING,INJURIES_REPORTED_NOT_EVIDENT,INJURIES_NO_INDICATION,INJURIES_UNKNOWN,CRASH_HOUR,CRASH_DAY_OF_WEEK,CRASH_MONTH,LATITUDE,LONGITUDE,LOCATION
JC458915,,10/3/2019 17:40,30,NO CONTROLS,NO CONTROLS,CLEAR,DAYLIGHT,ANGLE,T-INTERSECTION,,STRAIGHT AND LEVEL,DRY,UNKNOWN,NOT ON SCENE (DESK REPORT),NO INJURY / DRIVE AWAY,,,,"OVER $1,500",10/3/2019 18:10,FAILING TO YIELD RIGHT-OF-WAY,IMPROPER TURNING/NO SIGNAL,3800,W,GRAND AVE,2535,,,,,,,2,NO INDICATION OF INJURY,0,0,0,0,0,2,0,17,5,10,41.90432679,-87.72146699,POINT (-87.721466987369 41.90432678888)
JC459034,,10/3/2019 17:38,30,NO CONTROLS,NO CONTROLS,CLEAR,DAYLIGHT,TURNING,DIVIDED - W/MEDIAN (NOT RAISED),,STRAIGHT AND LEVEL,DRY,NO DEFECTS,ON SCENE,INJURY AND / OR TOW DUE TO CRASH,,,,"OVER $1,500",10/3/2019 19:15,FAILING TO YIELD RIGHT-OF-WAY,UNABLE TO DETERMINE,4730,N,WESTERN AVE,1911,,,,,,,2,"REPORTED, NOT EVIDENT",1,0,0,0,1,1,0,17,5,10,41.96768355,-87.68902157,POINT (-87.689021573948 41.967683548344)
JC459148,,10/3/2019 17:30,30,NO CONTROLS,NO CONTROLS,CLEAR,"DARKNESS, LIGHTED ROAD",PARKED MOTOR VEHICLE,NOT DIVIDED,,STRAIGHT AND LEVEL,DRY,NO DEFECTS,NOT ON SCENE (DESK REPORT),NO INJURY / DRIVE AWAY,,,Y,"OVER $1,500",10/3/2019 21:00,IMPROPER LANE USAGE,NOT APPLICABLE,1631,W,DEVON AVE,2433,,,,,,,2,NO INDICATION OF INJURY,0,0,0,0,0,1,0,17,5,10,41.99794336,-87.67191769,POINT (-87.671917693877 41.997943359136)
JC458959,,10/3/2019 17:30,25,STOP SIGN/FLASHER,OTHER,RAIN,DAYLIGHT,PARKED MOTOR VEHICLE,NOT DIVIDED,,STRAIGHT AND LEVEL,DRY,NO DEFECTS,ON SCENE,NO INJURY / DRIVE AWAY,,,Y,"OVER $1,500",10/3/2019 18:17,UNABLE TO DETERMINE,UNABLE TO DETERMINE,4701,S,SHIELDS AVE,935,,,,,,,2,NO INDICATION OF INJURY,0,0,0,0,0,1,0,17,5,10,41.80897903,-87.63443355,POINT (-87.634433545893 41.808979028736)
JC458899,,10/3/2019 17:30,30,TRAFFIC SIGNAL,FUNCTIONING PROPERLY,CLEAR,DAYLIGHT,TURNING,NOT DIVIDED,,STRAIGHT AND LEVEL,DRY,NO DEFECTS,NOT ON SCENE (DESK REPORT),NO INJURY / DRIVE AWAY,Y,,,"$501 - $1,500",10/3/2019 17:36,UNABLE TO DETERMINE,UNABLE TO DETERMINE,2798,W,47TH ST,922,,,,,,,2,NO INDICATION OF INJURY,0,0,0,0,0,2,0,17,5,10,41.80839155,-87.694147,POINT (-87.694146997179 41.808391553791)
JC458869,,10/3/2019 17:21,30,TRAFFIC SIGNAL,FUNCTIONING PROPERLY,CLEAR,DAYLIGHT,PEDESTRIAN,DIVIDED - W/MEDIAN BARRIER,,STRAIGHT AND LEVEL,DRY,NO DEFECTS,ON SCENE,INJURY AND / OR TOW DUE TO CRASH,Y,,,$500 OR LESS,10/3/2019 17:21,UNABLE TO DETERMINE,UNABLE TO DETERMINE,10300,S,HALSTED ST,2232,,,,,,,2,NONINCAPACITATING INJURY,1,0,0,1,0,1,0,17,5,10,41.70682334,-87.64297747,POINT (-87.642977469284 41.706823336585)
JC458965,,10/3/2019 17:15,30,NO CONTROLS,NO CONTROLS,CLEAR,DAYLIGHT,PARKED MOTOR VEHICLE,NOT DIVIDED,,STRAIGHT AND LEVEL,UNKNOWN,UNKNOWN,NOT ON SCENE (DESK REPORT),NO INJURY / DRIVE AWAY,,,Y,"$501 - $1,500",10/3/2019 18:40,UNABLE TO DETERMINE,UNABLE TO DETERMINE,2222,N,ELSTON AVE,1432,,,,,,,2,NO INDICATION OF INJURY,0,0,0,0,0,1,0,17,5,10,41.92181941,-87.67301522,POINT (-87.673015216766 41.921819404928)
JC458940,,10/3/2019 17:15,30,NO CONTROLS,NO CONTROLS,CLEAR,DAYLIGHT,SIDESWIPE SAME DIRECTION,NOT DIVIDED,,STRAIGHT AND LEVEL,DRY,NO DEFECTS,NOT ON SCENE (DESK REPORT),NO INJURY / DRIVE AWAY,,,,"$501 - $1,500",10/3/2019 18:15,IMPROPER LANE USAGE,IMPROPER LANE USAGE,5829,S,ARCHER AVE,814,,,,,,,2,NO INDICATION OF INJURY,0,0,0,0,0,2,0,17,5,10,41.79601962,-87.75968337,POINT (-87.759683367185 41.796019624453)
JC458858,,10/3/2019 17:10,30,TRAFFIC SIGNAL,FUNCTIONING PROPERLY,CLEAR,DAYLIGHT,REAR END,DIVIDED - W/MEDIAN BARRIER,,STRAIGHT AND LEVEL,DRY,NO DEFECTS,NOT ON SCENE (DESK REPORT),NO INJURY / DRIVE AWAY,,,,"OVER $1,500",10/3/2019 17:20,FAILING TO YIELD RIGHT-OF-WAY,UNABLE TO DETERMINE,1756,S,STATE ST,131,,,,,,,2,NO INDICATION OF INJURY,0,0,0,0,0,2,0,17,5,10,41.85786739,-87.62734479,POINT (-87.627344789341 41.857867390112)
JC458870,,10/3/2019 17:05,35,NO CONTROLS,NO CONTROLS,CLEAR,DAYLIGHT,TURNING,OTHER,,STRAIGHT AND LEVEL,DRY,NO DEFECTS,ON SCENE,NO INJURY / DRIVE AWAY,,,Y,$500 OR LESS,10/3/2019 17:08,UNABLE TO DETERMINE,NOT APPLICABLE,8299,S,COTTAGE GROVE AVE,631,,,,,,,2,NO INDICATION OF INJURY,0,0,0,0,0,5,0,17,5,10,41.74406421,-87.60488997,POINT (-87.604889969992 41.744064212729)
JC458826,,10/3/2019 17:04,25,STOP SIGN/FLASHER,NO CONTROLS,CLEAR,DAYLIGHT,PARKED MOTOR VEHICLE,NOT DIVIDED,,STRAIGHT AND LEVEL,DRY,NO DEFECTS,ON SCENE,NO INJURY / DRIVE AWAY,,,,"OVER $1,500",10/3/2019 17:04,NOT APPLICABLE,NOT APPLICABLE,2458,W,WILSON AVE,1911,,,,,,,2,NO INDICATION OF INJURY,0,0,0,0,0,6,0,17,5,10,41.9649463,-87.69117686,POINT (-87.691176859489 41.964946300741)
JC458844,,10/3/2019 17:03,30,NO CONTROLS,NO CONTROLS,CLEAR,DAYLIGHT,ANGLE,NOT DIVIDED,,STRAIGHT AND LEVEL,DRY,NO DEFECTS,ON SCENE,NO INJURY / DRIVE AWAY,Y,,,"$501 - $1,500",10/3/2019 17:07,FAILING TO YIELD RIGHT-OF-WAY,NOT APPLICABLE,6200,S,ASHLAND AVE,714,,,,,,,2,NO INDICATION OF INJURY,0,0,0,0,0,2,0,17,5,10,41.78120045,-87.66440654,POINT (-87.66440653932 41.781200449899)
JC458968,,10/3/2019 17:00,30,NO CONTROLS,NO CONTROLS,CLEAR,DAYLIGHT,TURNING,NOT DIVIDED,,STRAIGHT AND LEVEL,DRY,NO DEFECTS,NOT ON SCENE (DESK REPORT),NO INJURY / DRIVE AWAY,,,,"$501 - $1,500",10/3/2019 18:40,IMPROPER TURNING/NO SIGNAL,IMPROPER TURNING/NO SIGNAL,2732,W,CERMAK RD,1023,,,,,,,2,NO INDICATION OF INJURY,0,0,0,0,0,2,0,17,5,10,41.85202653,-87.69427308,POINT (-87.694273079528 41.85202653381)
JC458892,,10/3/2019 16:58,35,NO CONTROLS,NO CONTROLS,CLEAR,DAYLIGHT,REAR END,DIVIDED - W/MEDIAN (NOT RAISED),,STRAIGHT AND LEVEL,DRY,NO DEFECTS,NOT ON SCENE (DESK REPORT),NO INJURY / DRIVE AWAY,,,,"$501 - $1,500",10/3/2019 17:50,UNABLE TO DETERMINE,UNABLE TO DETERMINE,2500,S,BLUE ISLAND AVE,1034,,,,,,,2,NO INDICATION OF INJURY,0,0,0,0,0,2,0,16,5,10,41.84711173,-87.67979237,POINT (-87.679792373832 41.847111726424)
JC458847,,10/3/2019 16:57,10,NO CONTROLS,NO CONTROLS,CLEAR,DAYLIGHT,ANGLE,NOT DIVIDED,,STRAIGHT AND LEVEL,DRY,UNKNOWN,NOT ON SCENE (DESK REPORT),NO INJURY / DRIVE AWAY,,,,"OVER $1,500",10/3/2019 17:20,UNABLE TO DETERMINE,UNABLE TO DETERMINE,3357,W,HARRISON ST,1134,,,,,,,2,NO INDICATION OF INJURY,0,0,0,0,0,3,0,16,5,10,41.87352017,-87.71063937,POINT (-87.710639368304 41.873520167592)
JC458861,,10/3/2019 16:53,30,TRAFFIC SIGNAL,FUNCTIONING PROPERLY,CLEAR,DAYLIGHT,PEDALCYCLIST,ONE-WAY,,STRAIGHT AND LEVEL,DRY,NO DEFECTS,ON SCENE,INJURY AND / OR TOW DUE TO CRASH,Y,,Y,"OVER $1,500",10/3/2019 16:56,FOLLOWING TOO CLOSELY,FAILING TO YIELD RIGHT-OF-WAY,498,W,MADISON ST,121,,,,,,,2,NONINCAPACITATING INJURY,1,0,0,1,0,1,0,16,5,10,41.88199341,-87.63963625,POINT (-87.639636251001 41.881993413565)
JC458907,,10/3/2019 16:50,30,TRAFFIC SIGNAL,FUNCTIONING PROPERLY,CLEAR,DUSK,TURNING,DIVIDED - W/MEDIAN (NOT RAISED),,STRAIGHT AND LEVEL,DRY,NO DEFECTS,NOT ON SCENE (DESK REPORT),NO INJURY / DRIVE AWAY,Y,,Y,"OVER $1,500",10/3/2019 18:00,UNABLE TO DETERMINE,NOT APPLICABLE,36,W,CONGRESS PKWY,113,,,,,,,2,NO INDICATION OF INJURY,0,0,0,0,0,2,0,16,5,10,41.87573802,-87.62897187,POINT (-87.628971865532 41.875738018246)
JC458832,,10/3/2019 16:50,30,NO CONTROLS,NO CONTROLS,CLEAR,DAYLIGHT,REAR END,DIVIDED - W/MEDIAN (NOT RAISED),,STRAIGHT AND LEVEL,DRY,NO DEFECTS,NOT ON SCENE (DESK REPORT),NO INJURY / DRIVE AWAY,,,,"$501 - $1,500",10/3/2019 17:10,UNABLE TO DETERMINE,UNABLE TO DETERMINE,4343,N,ELSTON AVE,1723,,,,,,,2,NO INDICATION OF INJURY,0,0,0,0,0,2,0,16,5,10,41.95965155,-87.72762696,POINT (-87.727626964089 41.959651548358)
JC458867,Y,10/3/2019 16:45,30,NO CONTROLS,NO CONTROLS,CLEAR,DAYLIGHT,SIDESWIPE SAME DIRECTION,NOT DIVIDED,,STRAIGHT AND LEVEL,DRY,NO DEFECTS,NOT ON SCENE (DESK REPORT),NO INJURY / DRIVE AWAY,,,,"$501 - $1,500",10/3/2019 17:40,FOLLOWING TOO CLOSELY,NOT APPLICABLE,6422,N,SHERIDAN RD,2432,,,,,,,2,NO INDICATION OF INJURY,0,0,0,0,0,2,0,16,5,10,41.99885878,-87.66078393,POINT (-87.66078392609 41.998858784157)
JC458865,,10/3/2019 16:45,30,TRAFFIC SIGNAL,FUNCTIONING PROPERLY,CLEAR,DAYLIGHT,TURNING,NOT DIVIDED,,STRAIGHT AND LEVEL,DRY,NO DEFECTS,NOT ON SCENE (DESK REPORT),NO INJURY / DRIVE AWAY,Y,,,"OVER $1,500",10/3/2019 17:20,DRIVING SKILLS/KNOWLEDGE/EXPERIENCE,NOT APPLICABLE,4732,W,IRVING PARK RD,1722,,,,,,,2,NO INDICATION OF INJURY,0,0,0,0,0,2,0,16,5,10,41.95354172,-87.7467486,POINT (-87.746748596526 41.95354171991)
JC458879,,10/3/2019 16:40,30,TRAFFIC SIGNAL,FUNCTIONING PROPERLY,CLEAR,"DARKNESS, LIGHTED ROAD",REAR END,NOT DIVIDED,,STRAIGHT AND LEVEL,DRY,NO DEFECTS,NOT ON SCENE (DESK REPORT),NO INJURY / DRIVE AWAY,,,,"OVER $1,500",10/3/2019 17:47,UNABLE TO DETERMINE,NOT APPLICABLE,7945,S,CICERO AVE,834,,,,,,,2,NO INDICATION OF INJURY,0,0,0,0,0,2,0,16,5,10,41.7481942,-87.74115847,POINT (-87.741158465162 41.74819420327)
JC458812,,10/3/2019 16:40,30,TRAFFIC SIGNAL,FUNCTIONING PROPERLY,CLOUDY/OVERCAST,DAYLIGHT,ANGLE,FOUR WAY,,STRAIGHT AND LEVEL,DRY,NO DEFECTS,ON SCENE,INJURY AND / OR TOW DUE TO CRASH,Y,,,"OVER $1,500",10/3/2019 16:40,DISREGARDING TRAFFIC SIGNALS,FAILING TO REDUCE SPEED TO AVOID CRASH,1000,N,LARAMIE AVE,1524,,,,,,,3,"REPORTED, NOT EVIDENT",2,0,0,0,2,2,0,16,5,10,41.89867317,-87.75583815,POINT (-87.755838149412 41.89867316563)
JC458835,,10/3/2019 16:35,15,NO CONTROLS,NO CONTROLS,CLEAR,DAYLIGHT,PARKED MOTOR VEHICLE,PARKING LOT,,STRAIGHT AND LEVEL,DRY,NO DEFECTS,NOT ON SCENE (DESK REPORT),NO INJURY / DRIVE AWAY,,Y,Y,"$501 - $1,500",10/3/2019 17:14,UNABLE TO DETERMINE,UNABLE TO DETERMINE,1714,N,SHEFFIELD AVE,1811,,,,,,,2,NO INDICATION OF INJURY,0,0,0,0,0,1,0,16,5,10,41.91205521,-87.65329889,POINT (-87.65329888762 41.912055209292)
JC458804,,10/3/2019 16:35,30,TRAFFIC SIGNAL,FUNCTIONING PROPERLY,CLEAR,DAYLIGHT,TURNING,DIVIDED - W/MEDIAN (NOT RAISED),,STRAIGHT AND LEVEL,DRY,NO DEFECTS,ON SCENE,INJURY AND / OR TOW DUE TO CRASH,Y,,Y,"OVER $1,500",10/3/2019 16:40,UNABLE TO DETERMINE,UNABLE TO DETERMINE,3201,W,PETERSON AVE,1711,,,,,,,2,NO INDICATION OF INJURY,0,0,0,0,0,2,0,16,5,10,41.99027363,-87.70918701,POINT (-87.709187004591 41.99027363386)
JC460050,,10/3/2019 16:30,30,NO CONTROLS,NO CONTROLS,CLEAR,DAYLIGHT,PARKED MOTOR VEHICLE,NOT DIVIDED,,STRAIGHT AND LEVEL,DRY,NO DEFECTS,NOT ON SCENE (DESK REPORT),NO INJURY / DRIVE AWAY,,,,"$501 - $1,500",10/4/2019 16:30,DRIVING SKILLS/KNOWLEDGE/EXPERIENCE,UNABLE TO DETERMINE,1645,W,NORTH AVE,1433,,,,,,,2,NO INDICATION OF INJURY,0,0,0,0,0,2,0,16,5,10,41.91049576,-87.66952034,POINT (-87.669520339859 41.91049576092)
JC459091,,10/3/2019 16:30,30,NO CONTROLS,NO CONTROLS,CLEAR,DAYLIGHT,PARKED MOTOR VEHICLE,NOT DIVIDED,,STRAIGHT AND LEVEL,DRY,NO DEFECTS,NOT ON SCENE (DESK REPORT),NO INJURY / DRIVE AWAY,,,,$500 OR LESS,10/3/2019 20:00,UNABLE TO DETERMINE,UNABLE TO DETERMINE,88,E,8TH ST,123,,,,,,,2,NO INDICATION OF INJURY,0,0,0,0,0,1,0,16,5,10,41.87198492,-87.62433195,POINT (-87.624331946314 41.87198492254)
JC458818,,10/3/2019 16:30,30,NO CONTROLS,NO CONTROLS,CLEAR,DAYLIGHT,PARKED MOTOR VEHICLE,NOT DIVIDED,,STRAIGHT AND LEVEL,DRY,NO DEFECTS,ON SCENE,NO INJURY / DRIVE AWAY,,,Y,"OVER $1,500",10/3/2019 16:55,UNABLE TO DETERMINE,UNABLE TO DETERMINE,1503,N,DEARBORN PKWY,1824,,,,,,,2,NO INDICATION OF INJURY,0,0,0,0,0,2,0,16,5,10,41.90960352,-87.63001096,POINT (-87.630010962634 41.909603517389)
JC458800,,10/3/2019 16:30,10,NO CONTROLS,NO CONTROLS,CLEAR,DAYLIGHT,PARKED MOTOR VEHICLE,PARKING LOT,,STRAIGHT AND LEVEL,DRY,UNKNOWN,NOT ON SCENE (DESK REPORT),NO INJURY / DRIVE AWAY,,,Y,"$501 - $1,500",10/3/2019 16:50,UNABLE TO DETERMINE,NOT APPLICABLE,11730,S,MARSHFIELD AVE,2234,,,,,,,2,NO INDICATION OF INJURY,0,0,0,0,0,1,0,16,5,10,41.68033221,-87.66258468,POINT (-87.662584678739 41.680332205335)
JC458933,,10/3/2019 16:15,30,TRAFFIC SIGNAL,FUNCTIONING PROPERLY,CLEAR,DAYLIGHT,ANGLE,FOUR WAY,,STRAIGHT AND LEVEL,DRY,NO DEFECTS,NOT ON SCENE (DESK REPORT),NO INJURY / DRIVE AWAY,,,,"OVER $1,500",10/3/2019 18:00,UNABLE TO DETERMINE,UNABLE TO DETERMINE,150,E,CONGRESS DR,114,,,,,,,2,NO INDICATION OF INJURY,0,0,0,0,0,2,0,16,5,10,41.87585922,-87.62240879,POINT (-87.622408785167 41.875859216548)
JC458829,,10/3/2019 16:15,30,NO CONTROLS,NO CONTROLS,CLEAR,DAYLIGHT,REAR TO FRONT,NOT DIVIDED,,STRAIGHT AND LEVEL,DRY,NO DEFECTS,NOT ON SCENE (DESK REPORT),INJURY AND / OR TOW DUE TO CRASH,,,,"$501 - $1,500",10/3/2019 17:00,IMPROPER BACKING,IMPROPER BACKING,2911,W,47TH ST,922,,,,,,,2,NONINCAPACITATING INJURY,1,0,0,1,0,1,0,16,5,10,41.80812169,-87.69707375,POINT (-87.697073749518 41.808121690701)
JC458784,,10/3/2019 16:15,15,NO CONTROLS,NO CONTROLS,CLEAR,DAYLIGHT,FIXED OBJECT,OTHER,,STRAIGHT AND LEVEL,DRY,NO DEFECTS,ON SCENE,INJURY AND / OR TOW DUE TO CRASH,,Y,,"OVER $1,500",10/3/2019 16:21,DRIVING SKILLS/KNOWLEDGE/EXPERIENCE,UNABLE TO DETERMINE,6101,N,SHERIDAN RD,2433,,,,,,,1,NO INDICATION OF INJURY,0,0,0,0,0,1,0,16,5,10,41.99247323,-87.65531238,POINT (-87.655312379061 41.992473226852)
JC458830,,10/3/2019 16:10,30,TRAFFIC SIGNAL,FUNCTIONING PROPERLY,CLEAR,DAYLIGHT,SIDESWIPE OPPOSITE DIRECTION,NOT DIVIDED,,STRAIGHT ON GRADE,DRY,NO DEFECTS,ON SCENE,INJURY AND / OR TOW DUE TO CRASH,N,,,"OVER $1,500",10/3/2019 16:18,UNDER THE INFLUENCE OF ALCOHOL/DRUGS (USE WHEN ARREST IS EFFECTED),IMPROPER LANE USAGE,1804,W,FOSTER AVE,2012,,,,,,,2,NO INDICATION OF INJURY,0,0,0,0,0,2,0,16,5,10,41.97620219,-87.67503921,POINT (-87.67503921416 41.976202190009)
JC459925,,10/3/2019 16:00,10,NO CONTROLS,NO CONTROLS,CLEAR,DAYLIGHT,SIDESWIPE OPPOSITE DIRECTION,PARKING LOT,,STRAIGHT AND LEVEL,DRY,NO DEFECTS,NOT ON SCENE (DESK REPORT),NO INJURY / DRIVE AWAY,,,,"OVER $1,500",10/4/2019 14:50,IMPROPER OVERTAKING/PASSING,UNABLE TO DETERMINE,8705,S,STONY ISLAND AVE,412,,,,,,,2,NO INDICATION OF INJURY,0,0,0,0,0,2,0,16,5,10,41.73671471,-87.58506135,POINT (-87.58506135104 41.736714706069)
JC459659,,10/3/2019 16:00,30,NO CONTROLS,NO CONTROLS,CLEAR,DAYLIGHT,SIDESWIPE SAME DIRECTION,NOT DIVIDED,,STRAIGHT AND LEVEL,DRY,NO DEFECTS,NOT ON SCENE (DESK REPORT),NO INJURY / DRIVE AWAY,,,Y,"OVER $1,500",10/4/2019 10:23,IMPROPER LANE USAGE,UNABLE TO DETERMINE,2138,W,CHICAGO AVE,1212,,,,,,,2,NO INDICATION OF INJURY,0,0,0,0,0,3,0,16,5,10,41.8959522,-87.68107005,POINT (-87.681070045793 41.895952199531)
JC458872,,10/3/2019 16:00,30,NO CONTROLS,NO CONTROLS,CLEAR,DAYLIGHT,PARKED MOTOR VEHICLE,NOT DIVIDED,,STRAIGHT AND LEVEL,DRY,NO DEFECTS,NOT ON SCENE (DESK REPORT),NO INJURY / DRIVE AWAY,,,Y,$500 OR LESS,10/3/2019 17:36,UNABLE TO DETERMINE,UNABLE TO DETERMINE,162,E,OHIO ST,1834,,,,,,,2,NO INDICATION OF INJURY,0,0,0,0,0,2,0,16,5,10,41.8926669,-87.62286601,POINT (-87.622866010896 41.892666897031)
JC458827,,10/3/2019 16:00,30,NO CONTROLS,NO CONTROLS,CLEAR,DAYLIGHT,FIXED OBJECT,T-INTERSECTION,,STRAIGHT AND LEVEL,DRY,NO DEFECTS,ON SCENE,INJURY AND / OR TOW DUE TO CRASH,,,,"$501 - $1,500",10/3/2019 16:03,UNABLE TO DETERMINE,NOT APPLICABLE,8931,S,DAUPHIN AVE,633,,,,,,,1,,,,,,,,,16,5,10,41.732063,-87.60209003,POINT (-87.602090032163 41.732062996716)
JC458775,,10/3/2019 16:00,30,UNKNOWN,UNKNOWN,CLEAR,DAYLIGHT,REAR END,UNKNOWN,,STRAIGHT AND LEVEL,DRY,NO DEFECTS,NOT ON SCENE (DESK REPORT),NO INJURY / DRIVE AWAY,,,,"$501 - $1,500",10/3/2019 16:30,FAILING TO REDUCE SPEED TO AVOID CRASH,NOT APPLICABLE,2734,W,87TH ST,835,,,,,,,2,NO INDICATION OF INJURY,0,0,0,0,0,8,0,16,5,10,41.73549191,-87.69107061,POINT (-87.691070604976 41.735491911524)
JC458776,,10/3/2019 15:59,30,NO CONTROLS,NO CONTROLS,CLEAR,DAYLIGHT,SIDESWIPE SAME DIRECTION,ONE-WAY,,STRAIGHT AND LEVEL,DRY,NO DEFECTS,ON SCENE,NO INJURY / DRIVE AWAY,,,Y,"$501 - $1,500",10/3/2019 16:00,IMPROPER OVERTAKING/PASSING,UNABLE TO DETERMINE,700,E,89TH ST,632,,,,,,,2,NO INDICATION OF INJURY,0,0,0,0,0,2,0,15,5,10,41.73307559,-87.60704118,POINT (-87.607041179168 41.733075587083)
JC458722,,10/3/2019 15:57,30,STOP SIGN/FLASHER,NO CONTROLS,CLEAR,DAWN,PEDALCYCLIST,NOT DIVIDED,,STRAIGHT AND LEVEL,DRY,NO DEFECTS,ON SCENE,INJURY AND / OR TOW DUE TO CRASH,Y,,,"OVER $1,500",10/3/2019 15:57,FAILING TO REDUCE SPEED TO AVOID CRASH,NOT APPLICABLE,2929,W,DEVON AVE,2413,,,,,,,2,NONINCAPACITATING INJURY,1,0,0,1,0,1,0,15,5,10,41.99738825,-87.70323053,POINT (-87.703230530375 41.997388252633)
JC458733,,10/3/2019 15:50,30,STOP SIGN/FLASHER,FUNCTIONING PROPERLY,CLOUDY/OVERCAST,DAYLIGHT,PEDALCYCLIST,FOUR WAY,,STRAIGHT AND LEVEL,DRY,NO DEFECTS,ON SCENE,INJURY AND / OR TOW DUE TO CRASH,Y,,,$500 OR LESS,10/3/2019 15:53,DISREGARDING STOP SIGN,FAILING TO YIELD RIGHT-OF-WAY,5800,S,NARRAGANSETT AVE,811,,,,,,,2,"REPORTED, NOT EVIDENT",1,0,0,0,1,1,0,15,5,10,41.78674894,-87.78174785,POINT (-87.78174784592 41.786748935986)
JC458774,,10/3/2019 15:48,35,TRAFFIC SIGNAL,FUNCTIONING PROPERLY,CLEAR,DAYLIGHT,TURNING,FOUR WAY,,STRAIGHT AND LEVEL,DRY,NO DEFECTS,ON SCENE,INJURY AND / OR TOW DUE TO CRASH,Y,,,"OVER $1,500",10/3/2019 16:00,FAILING TO YIELD RIGHT-OF-WAY,NOT APPLICABLE,10000,W,OHARE ST,1651,,,,,,,2,NONINCAPACITATING INJURY,2,0,0,2,0,0,0,15,5,10,41.97620114,-87.90530913,POINT (-87.905309125103 41.976201139024)
JC458718,,10/3/2019 15:46,30,NO CONTROLS,NO CONTROLS,CLEAR,DAYLIGHT,SIDESWIPE SAME DIRECTION,ONE-WAY,,STRAIGHT AND LEVEL,DRY,NO DEFECTS,ON SCENE,INJURY AND / OR TOW DUE TO CRASH,Y,,,"OVER $1,500",10/3/2019 15:52,UNABLE TO DETERMINE,UNABLE TO DETERMINE,5400,S,WESTERN AVE,923,,,,,,,2,"REPORTED, NOT EVIDENT",1,0,0,0,1,6,0,15,5,10,41.79517044,-87.68421944,POINT (-87.684219438912 41.795170441201)
JC458938,,10/3/2019 15:45,35,NO CONTROLS,NO CONTROLS,CLEAR,DAYLIGHT,TURNING,DIVIDED - W/MEDIAN (NOT RAISED),,STRAIGHT AND LEVEL,DRY,NO DEFECTS,NOT ON SCENE (DESK REPORT),NO INJURY / DRIVE AWAY,,,,"$501 - $1,500",10/3/2019 18:20,UNABLE TO DETERMINE,UNABLE TO DETERMINE,2321,W,28TH ST,1034,,,,,,,2,NO INDICATION OF INJURY,0,0,0,0,0,2,0,15,5,10,41.84111983,-87.68379054,POINT (-87.683790542029 41.841119826695)
JC458732,,10/3/2019 15:40,30,NO CONTROLS,NO CONTROLS,CLEAR,DAYLIGHT,ANGLE,ONE-WAY,,STRAIGHT AND LEVEL,DRY,NO DEFECTS,ON SCENE,INJURY AND / OR TOW DUE TO CRASH,,,,"OVER $1,500",10/3/2019 15:44,FAILING TO YIELD RIGHT-OF-WAY,NOT APPLICABLE,2414,N,AVERS AVE,2524,,,,,,,3,"REPORTED, NOT EVIDENT",1,0,0,0,1,3,0,15,5,10,41.92501774,-87.72326579,POINT (-87.723265786921 41.925017741369)
JC458700,,10/3/2019 15:37,30,NO CONTROLS,NO CONTROLS,CLEAR,DAYLIGHT,REAR END,NOT DIVIDED,,STRAIGHT AND LEVEL,DRY,NO DEFECTS,ON SCENE,NO INJURY / DRIVE AWAY,,,,$500 OR LESS,10/3/2019 15:37,DISTRACTION - FROM INSIDE VEHICLE,UNABLE TO DETERMINE,3206,S,HALSTED ST,913,,,,,,,2,NO INDICATION OF INJURY,0,0,0,0,0,2,0,15,5,10,41.83614751,-87.64637899,POINT (-87.646378989566 41.83614751035)
JC459631,,10/3/2019 15:30,25,NO CONTROLS,NO CONTROLS,CLEAR,DAYLIGHT,PARKED MOTOR VEHICLE,NOT DIVIDED,,STRAIGHT AND LEVEL,DRY,NO DEFECTS,NOT ON SCENE (DESK REPORT),NO INJURY / DRIVE AWAY,,,Y,"$501 - $1,500",10/4/2019 11:00,FAILING TO YIELD RIGHT-OF-WAY,NOT APPLICABLE,1800,N,DAYTON ST,1813,,,,,,,2,NO INDICATION OF INJURY,0,0,0,0,0,1,0,15,5,10,41.91391731,-87.64972795,POINT (-87.64972795164 41.913917310236)