RD_NO,CRASH_DATE_EST_I,CRASH_DATE,POSTED_SPEED_LIMIT,TRAFFIC_CONTROL_DEVICE,DEVICE_CONDITION,WEATHER_CONDITION,LIGHTING_CONDITION,FIRST_CRASH_TYPE,TRAFFICWAY_TYPE,LANE_CNT,ALIGNMENT,ROADWAY_SURFACE_COND,ROAD_DEFECT,REPORT_TYPE,CRASH_TYPE,INTERSECTION_RELATED_I,NOT_RIGHT_OF_WAY_I,HIT_AND_RUN_I,DAMAGE,DATE_POLICE_NOTIFIED,PRIM_CONTRIBUTORY_CAUSE,SEC_CONTRIBUTORY_CAUSE,STREET_NO,STREET_DIRECTION,STREET_NAME,BEAT_OF_OCCURRENCE,PHOTOS_TAKEN_I,STATEMENTS_TAKEN_I,DOORING_I,WORK_ZONE_I,WORK_ZONE_TYPE,WORKERS_PRESENT_I,NUM_UNITS,MOST_SEVERE_INJURY,INJURIES_TOTAL,INJURIES_FATAL,INJURIES_INCAPACITATING,INJURIES_NON_INCAPACITATING,INJURIES_REPORTED_NOT_EVIDENT,INJURIES_NO_INDICATION,INJURIES_UNKNOWN,CRASH_HOUR,CRASH_DAY_OF_WEEK,CRASH_MONTH,LATITUDE,LONGITUDE,LOCATION
JC459058,,10/3/2019 15:30,5,NO CONTROLS,NO CONTROLS,CLEAR,DAYLIGHT,PARKED MOTOR VEHICLE,PARKING LOT,,STRAIGHT AND LEVEL,DRY,NO DEFECTS,NOT ON SCENE (DESK REPORT),NO INJURY / DRIVE AWAY,,,Y,"OVER $1,500",10/3/2019 19:55,UNABLE TO DETERMINE,UNABLE TO DETERMINE,6710,N,WASHTENAW AVE,2412,,,,,,,2,NO INDICATION OF INJURY,0,0,0,0,0,1,0,15,5,10,42.00343519,-87.69750011,POINT (-87.697500105409 42.003435192291)
JC458736,,10/3/2019 15:26,30,NO CONTROLS,NO CONTROLS,CLEAR,DAYLIGHT,PARKED MOTOR VEHICLE,NOT DIVIDED,,STRAIGHT AND LEVEL,UNKNOWN,UNKNOWN,NOT ON SCENE (DESK REPORT),NO INJURY / DRIVE AWAY,,,Y,$500 OR LESS,10/3/2019 15:46,IMPROPER BACKING,IMPROPER BACKING,3234,N,SOUTHPORT AVE,1922,,,,,,,2,NO INDICATION OF INJURY,0,0,0,0,0,4,0,15,5,10,41.94077787,-87.6639915,POINT (-87.663991497216 41.94077786893)
JC458721,,10/3/2019 15:26,30,TRAFFIC SIGNAL,FUNCTIONING PROPERLY,CLEAR,DAYLIGHT,REAR END,NOT DIVIDED,,STRAIGHT AND LEVEL,DRY,NO DEFECTS,NOT ON SCENE (DESK REPORT),NO INJURY / DRIVE AWAY,Y,,,"OVER $1,500",10/3/2019 16:00,FOLLOWING TOO CLOSELY,NOT APPLICABLE,3956,W,ARMITAGE AVE,2525,,,,,,,3,NO INDICATION OF INJURY,0,0,0,0,0,3,0,15,5,10,41.91727781,-87.72642179,POINT (-87.726421788952 41.917277811297)
JC459778,,10/3/2019 15:20,0,NO CONTROLS,NO CONTROLS,CLEAR,DAYLIGHT,TURNING,PARKING LOT,,STRAIGHT AND LEVEL,DRY,NO DEFECTS,NOT ON SCENE (DESK REPORT),NO INJURY / DRIVE AWAY,,N,,"$501 - $1,500",10/4/2019 13:00,DRIVING SKILLS/KNOWLEDGE/EXPERIENCE,NOT APPLICABLE,1261,W,103RD ST,2232,,,,,,,2,NO INDICATION OF INJURY,0,0,0,0,0,2,0,15,5,10,41.70668817,-87.6550019,POINT (-87.655001895138 41.706688174231)
JC458708,,10/3/2019 15:20,30,TRAFFIC SIGNAL,FUNCTIONING PROPERLY,CLEAR,DAYLIGHT,REAR END,NOT DIVIDED,,STRAIGHT AND LEVEL,DRY,NO DEFECTS,ON SCENE,NO INJURY / DRIVE AWAY,,,,"$501 - $1,500",10/3/2019 15:23,FOLLOWING TOO CLOSELY,NOT APPLICABLE,2751,W,TOUHY AVE,2411,,,,,,,2,NO INDICATION OF INJURY,0,0,0,0,0,2,0,15,5,10,42.01196856,-87.69936775,POINT (-87.699367751875 42.01196856075)
JC458782,,10/3/2019 15:16,30,NO CONTROLS,NO CONTROLS,CLEAR,DAYLIGHT,SIDESWIPE SAME DIRECTION,NOT DIVIDED,,STRAIGHT AND LEVEL,DRY,NO DEFECTS,ON SCENE,INJURY AND / OR TOW DUE TO CRASH,,,Y,"OVER $1,500",10/3/2019 15:16,IMPROPER OVERTAKING/PASSING,FAILING TO REDUCE SPEED TO AVOID CRASH,4500,W,GRAND AVE,2533,,,,,,,2,NO INDICATION OF INJURY,0,0,0,0,0,4,0,15,5,10,41.91110899,-87.73858023,POINT (-87.738580226463 41.911108987991)
JC458798,,10/3/2019 15:15,30,NO CONTROLS,NO CONTROLS,CLEAR,DAYLIGHT,REAR END,NOT DIVIDED,,STRAIGHT AND LEVEL,DRY,NO DEFECTS,NOT ON SCENE (DESK REPORT),INJURY AND / OR TOW DUE TO CRASH,,,,"OVER $1,500",10/3/2019 16:52,UNABLE TO DETERMINE,NOT APPLICABLE,1303,S,HALSTED ST,1232,,,,,,,2,NO INDICATION OF INJURY,0,0,0,0,0,4,0,15,5,10,41.86529261,-87.6467155,POINT (-87.646715495709 41.865292605783)
JC458679,,10/3/2019 15:15,30,NO CONTROLS,NO CONTROLS,CLEAR,DAWN,PARKED MOTOR VEHICLE,DIVIDED - W/MEDIAN (NOT RAISED),,STRAIGHT AND LEVEL,DRY,NO DEFECTS,ON SCENE,NO INJURY / DRIVE AWAY,,,Y,"$501 - $1,500",10/3/2019 15:36,IMPROPER BACKING,NOT APPLICABLE,2553,W,FULLERTON AVE,1431,,,,,,,2,NO INDICATION OF INJURY,0,0,0,0,0,1,0,15,5,10,41.92475051,-87.69188518,POINT (-87.691885177041 41.924750508217)
JC458672,,10/3/2019 15:15,15,NO CONTROLS,NO CONTROLS,CLEAR,DAYLIGHT,PARKED MOTOR VEHICLE,ONE-WAY,,STRAIGHT AND LEVEL,DRY,NO DEFECTS,ON SCENE,NO INJURY / DRIVE AWAY,,,Y,"OVER $1,500",10/3/2019 15:15,UNABLE TO DETERMINE,NOT APPLICABLE,1506,W,GRANVILLE AVE,2433,,,,,,,2,NO INDICATION OF INJURY,0,0,0,0,0,1,0,15,5,10,41.99457278,-87.66807038,POINT (-87.66807037558 41.994572779416)
JC458703,,10/3/2019 15:13,35,TRAFFIC SIGNAL,FUNCTIONING PROPERLY,CLEAR,DAYLIGHT,TURNING,FOUR WAY,,STRAIGHT AND LEVEL,DRY,NO DEFECTS,ON SCENE,NO INJURY / DRIVE AWAY,Y,,Y,"OVER $1,500",10/3/2019 15:41,NOT APPLICABLE,NOT APPLICABLE,2401,W,55TH ST,824,,,,,,,2,NO INDICATION OF INJURY,0,0,0,0,0,9,0,15,5,10,41.79376235,-87.6841211,POINT (-87.684121095297 41.793762354203)
JC458734,,10/3/2019 15:12,30,NO CONTROLS,NO CONTROLS,CLEAR,DAYLIGHT,REAR END,DIVIDED - W/MEDIAN (NOT RAISED),,STRAIGHT AND LEVEL,DRY,NO DEFECTS,NOT ON SCENE (DESK REPORT),NO INJURY / DRIVE AWAY,,,,"$501 - $1,500",10/3/2019 16:00,UNABLE TO DETERMINE,UNABLE TO DETERMINE,3224,W,MONTROSE AVE,1724,,,,,,,2,NO INDICATION OF INJURY,0,0,0,0,0,2,0,15,5,10,41.9612858,-87.70932853,POINT (-87.70932853203 41.961285802536)
JC459303,,10/3/2019 15:10,30,NO CONTROLS,NO CONTROLS,CLEAR,DAYLIGHT,REAR END,NOT DIVIDED,,STRAIGHT AND LEVEL,DRY,UNKNOWN,NOT ON SCENE (DESK REPORT),NO INJURY / DRIVE AWAY,,,,"OVER $1,500",10/4/2019 1:05,UNABLE TO DETERMINE,NOT APPLICABLE,7451,S,YATES BLVD,334,,,,,,,2,NO INDICATION OF INJURY,0,0,0,0,0,2,0,15,5,10,41.75930558,-87.56623299,POINT (-87.566232991715 41.759305574893)
JC458814,,10/3/2019 15:10,30,TRAFFIC SIGNAL,FUNCTIONING PROPERLY,CLEAR,DAYLIGHT,ANGLE,DIVIDED - W/MEDIAN (NOT RAISED),,STRAIGHT AND LEVEL,DRY,NO DEFECTS,NOT ON SCENE (DESK REPORT),NO INJURY / DRIVE AWAY,Y,,,"$501 - $1,500",10/3/2019 17:00,UNABLE TO DETERMINE,NOT APPLICABLE,1599,N,CLYBOURN AVE,1822,,,,,,,2,NO INDICATION OF INJURY,0,0,0,0,0,2,0,15,5,10,41.91093474,-87.64933701,POINT (-87.649337013437 41.910934740184)
JC458944,,10/3/2019 15:00,30,TRAFFIC SIGNAL,FUNCTIONING PROPERLY,CLEAR,DAYLIGHT,FIXED OBJECT,FOUR WAY,,STRAIGHT AND LEVEL,DRY,NO DEFECTS,ON SCENE,NO INJURY / DRIVE AWAY,Y,,,"OVER $1,500",10/3/2019 18:25,NOT APPLICABLE,NOT APPLICABLE,1601,W,LAKE ST,1224,,,,,,,1,NO INDICATION OF INJURY,0,0,0,0,0,1,0,15,5,10,41.88521559,-87.66707769,POINT (-87.667077685891 41.885215590125)
JC458675,,10/3/2019 14:55,30,STOP SIGN/FLASHER,FUNCTIONING PROPERLY,CLEAR,DAYLIGHT,PARKED MOTOR VEHICLE,ONE-WAY,,STRAIGHT AND LEVEL,DRY,NO DEFECTS,NOT ON SCENE (DESK REPORT),NO INJURY / DRIVE AWAY,,,Y,"OVER $1,500",10/3/2019 15:30,DRIVING SKILLS/KNOWLEDGE/EXPERIENCE,UNABLE TO DETERMINE,3355,W,ARGYLE ST,1713,,,,,,,2,NO INDICATION OF INJURY,0,0,0,0,0,2,0,14,5,10,41.97184487,-87.71322145,POINT (-87.713221448648 41.971844869647)
JC458637,,10/3/2019 14:54,30,TRAFFIC SIGNAL,FUNCTIONING PROPERLY,CLEAR,DAYLIGHT,PEDALCYCLIST,NOT DIVIDED,,STRAIGHT AND LEVEL,DRY,NO DEFECTS,ON SCENE,NO INJURY / DRIVE AWAY,,,,"$501 - $1,500",10/3/2019 15:11,DRIVING SKILLS/KNOWLEDGE/EXPERIENCE,NOT APPLICABLE,1244,N,CLYBOURN AVE,1821,,,,,,,2,NO INDICATION OF INJURY,0,0,0,0,0,2,0,14,5,10,41.90469774,-87.64107458,POINT (-87.64107458147 41.904697736857)
JC458753,,10/3/2019 14:50,30,STOP SIGN/FLASHER,FUNCTIONING PROPERLY,CLEAR,DAYLIGHT,ANGLE,FOUR WAY,,STRAIGHT AND LEVEL,DRY,NO DEFECTS,ON SCENE,INJURY AND / OR TOW DUE TO CRASH,Y,,,"OVER $1,500",10/3/2019 16:02,FAILING TO YIELD RIGHT-OF-WAY,NOT APPLICABLE,1132,W,LAKE ST,1214,,,,,,,2,NO INDICATION OF INJURY,0,0,0,0,0,2,0,14,5,10,41.88563259,-87.65570289,POINT (-87.655702888297 41.885632586366)
JC458723,,10/3/2019 14:50,30,TRAFFIC SIGNAL,FUNCTIONING PROPERLY,CLEAR,DAYLIGHT,TURNING,ONE-WAY,,STRAIGHT AND LEVEL,DRY,NO DEFECTS,NOT ON SCENE (DESK REPORT),NO INJURY / DRIVE AWAY,,,,"OVER $1,500",10/3/2019 15:50,UNABLE TO DETERMINE,UNABLE TO DETERMINE,341,N,LAKE SHORE DR NB,114,,,,,,,2,NO INDICATION OF INJURY,0,0,0,0,0,3,0,14,5,10,41.88796547,-87.61380932,POINT (-87.613809317529 41.887965469451)
JC458612,,10/3/2019 14:40,30,TRAFFIC SIGNAL,FUNCTIONING PROPERLY,CLEAR,DAYLIGHT,TURNING,FOUR WAY,,STRAIGHT ON GRADE,DRY,NO DEFECTS,ON SCENE,INJURY AND / OR TOW DUE TO CRASH,Y,,,"OVER $1,500",10/3/2019 14:42,DISREGARDING TRAFFIC SIGNALS,NOT APPLICABLE,7300,S,KEDZIE AVE,835,,,,,,,2,INCAPACITATING INJURY,1,0,1,0,0,1,0,14,5,10,41.76066858,-87.7028548,POINT (-87.702854797154 41.760668583144)
JC458600,,10/3/2019 14:30,30,NO CONTROLS,NO CONTROLS,CLEAR,DAYLIGHT,PARKED MOTOR VEHICLE,PARKING LOT,,STRAIGHT AND LEVEL,DRY,NO DEFECTS,NOT ON SCENE (DESK REPORT),NO INJURY / DRIVE AWAY,,,Y,"OVER $1,500",10/3/2019 14:45,UNABLE TO DETERMINE,UNABLE TO DETERMINE,11112,S,HALSTED ST,2233,,,,,,,2,NO INDICATION OF INJURY,0,0,0,0,0,1,0,14,5,10,41.69192409,-87.64251438,POINT (-87.642514376336 41.691924092671)
JC458937,,10/3/2019 14:25,15,NO CONTROLS,NO CONTROLS,CLEAR,DAYLIGHT,PARKED MOTOR VEHICLE,PARKING LOT,,STRAIGHT AND LEVEL,DRY,NO DEFECTS,NOT ON SCENE (DESK REPORT),NO INJURY / DRIVE AWAY,,Y,Y,$500 OR LESS,10/3/2019 18:20,UNABLE TO DETERMINE,UNABLE TO DETERMINE,1000,W,NORTH AVE,1811,,,,,,,2,NO INDICATION OF INJURY,0,0,0,0,0,1,0,14,5,10,41.91094876,-87.65315955,POINT (-87.653159551272 41.910948762561)
JC458613,,10/3/2019 14:25,30,NO CONTROLS,NO CONTROLS,CLEAR,DAYLIGHT,SIDESWIPE SAME DIRECTION,DIVIDED - W/MEDIAN (NOT RAISED),,STRAIGHT AND LEVEL,DRY,NO DEFECTS,NOT ON SCENE (DESK REPORT),NO INJURY / DRIVE AWAY,,,,"OVER $1,500",10/3/2019 14:38,IMPROPER LANE USAGE,NOT APPLICABLE,14,W,87TH ST,622,,,,,,,2,NO INDICATION OF INJURY,0,0,0,0,0,2,0,14,5,10,41.73639036,-87.6249754,POINT (-87.624975398688 41.736390356088)
JC458717,,10/3/2019 14:22,15,NO CONTROLS,NO CONTROLS,CLEAR,DAYLIGHT,SIDESWIPE SAME DIRECTION,DIVIDED - W/MEDIAN (NOT RAISED),,STRAIGHT AND LEVEL,DRY,UNKNOWN,NOT ON SCENE (DESK REPORT),NO INJURY / DRIVE AWAY,,,,"$501 - $1,500",10/3/2019 16:08,UNABLE TO DETERMINE,UNABLE TO DETERMINE,4234,N,KEDZIE AVE,1724,,,,,,,2,NO INDICATION OF INJURY,0,0,0,0,0,2,0,14,5,10,41.95859673,-87.70830958,POINT (-87.708309575895 41.958596724683)
JC458625,,10/3/2019 14:20,30,STOP SIGN/FLASHER,FUNCTIONING PROPERLY,CLEAR,DAYLIGHT,ANGLE,OTHER,,STRAIGHT AND LEVEL,DRY,NO DEFECTS,ON SCENE,INJURY AND / OR TOW DUE TO CRASH,Y,,,"$501 - $1,500",10/3/2019 14:20,UNABLE TO DETERMINE,UNABLE TO DETERMINE,100,N,PEORIA ST,1224,,Y,,,,,2,NONINCAPACITATING INJURY,1,0,0,1,0,2,0,14,5,10,41.88316003,-87.64988422,POINT (-87.649884217 41.883160028063)
JC458594,,10/3/2019 14:15,30,NO CONTROLS,NO CONTROLS,CLEAR,DAYLIGHT,REAR END,NOT DIVIDED,,STRAIGHT AND LEVEL,DRY,NO DEFECTS,NOT ON SCENE (DESK REPORT),NO INJURY / DRIVE AWAY,,,,"$501 - $1,500",10/3/2019 14:40,UNABLE TO DETERMINE,NOT APPLICABLE,998,S,RACINE AVE,1231,,,,,,,2,NO INDICATION OF INJURY,0,0,0,0,0,2,0,14,5,10,41.86945619,-87.65690294,POINT (-87.656902941033 41.869456193301)
JC458885,,10/3/2019 14:10,30,NO CONTROLS,NO CONTROLS,CLEAR,DAYLIGHT,SIDESWIPE SAME DIRECTION,ONE-WAY,,STRAIGHT AND LEVEL,DRY,NO DEFECTS,NOT ON SCENE (DESK REPORT),NO INJURY / DRIVE AWAY,,,,"$501 - $1,500",10/3/2019 17:30,FAILING TO YIELD RIGHT-OF-WAY,UNABLE TO DETERMINE,3505,N,MARSHFIELD AVE,1922,,,,,,,2,NO INDICATION OF INJURY,0,0,0,0,0,2,0,14,5,10,41.94535655,-87.66988875,POINT (-87.669888749349 41.945356551826)
JC459977,Y,10/3/2019 14:00,20,NO CONTROLS,NO CONTROLS,UNKNOWN,UNKNOWN,PARKED MOTOR VEHICLE,NOT DIVIDED,,STRAIGHT AND LEVEL,UNKNOWN,UNKNOWN,NOT ON SCENE (DESK REPORT),NO INJURY / DRIVE AWAY,,,Y,"OVER $1,500",10/4/2019 15:25,UNABLE TO DETERMINE,UNABLE TO DETERMINE,2323,W,ARTHUR AVE,2412,,,,,,,2,NO INDICATION OF INJURY,0,0,0,0,0,1,0,14,5,10,41.99945902,-87.68848145,POINT (-87.688481448363 41.999459014889)
JC458634,,10/3/2019 14:00,25,NO CONTROLS,NO CONTROLS,CLEAR,DAYLIGHT,PARKED MOTOR VEHICLE,NOT DIVIDED,,STRAIGHT AND LEVEL,DRY,NO DEFECTS,NOT ON SCENE (DESK REPORT),NO INJURY / DRIVE AWAY,,,,"$501 - $1,500",10/3/2019 15:04,UNABLE TO DETERMINE,UNABLE TO DETERMINE,3109,W,DEVON AVE,2413,,,,,,,2,NO INDICATION OF INJURY,0,0,0,0,0,2,0,14,5,10,41.99731399,-87.70733682,POINT (-87.707336821989 41.997313988299)
JC458564,,10/3/2019 14:00,30,NO CONTROLS,NO CONTROLS,CLEAR,DAYLIGHT,REAR END,NOT DIVIDED,,STRAIGHT AND LEVEL,DRY,NO DEFECTS,NOT ON SCENE (DESK REPORT),NO INJURY / DRIVE AWAY,,,,"$501 - $1,500",10/3/2019 14:10,FOLLOWING TOO CLOSELY,FOLLOWING TOO CLOSELY,7858,S,WESTERN AVE,835,,,,,,,2,NO INDICATION OF INJURY,0,0,0,0,0,2,0,14,5,10,41.75019173,-87.68299672,POINT (-87.682996721559 41.750191727925)
JC458567,,10/3/2019 13:50,25,STOP SIGN/FLASHER,FUNCTIONING PROPERLY,CLEAR,DAYLIGHT,REAR END,"FIVE POINT, OR MORE",,STRAIGHT AND LEVEL,UNKNOWN,NO DEFECTS,NOT ON SCENE (DESK REPORT),NO INJURY / DRIVE AWAY,Y,,,"OVER $1,500",10/3/2019 14:15,FOLLOWING TOO CLOSELY,UNABLE TO DETERMINE,5648,S,PAYNE DR,233,,,,,,,2,NO INDICATION OF INJURY,0,0,0,0,0,4,0,13,5,10,41.79157253,-87.60826753,POINT (-87.608267533922 41.791572529394)
JC458591,,10/3/2019 13:42,30,TRAFFIC SIGNAL,FUNCTIONING PROPERLY,CLEAR,DAYLIGHT,REAR END,NOT DIVIDED,,STRAIGHT ON GRADE,DRY,NO DEFECTS,NOT ON SCENE (DESK REPORT),NO INJURY / DRIVE AWAY,Y,,Y,"$501 - $1,500",10/3/2019 14:39,UNABLE TO DETERMINE,UNABLE TO DETERMINE,1600,N,CLARK ST,1814,,,,,,,2,NO INDICATION OF INJURY,0,0,0,0,0,2,0,13,5,10,41.91125705,-87.63185167,POINT (-87.631851671867 41.91125704548)
JC458617,Y,10/3/2019 13:40,30,NO CONTROLS,NO CONTROLS,CLEAR,DAYLIGHT,ANGLE,ONE-WAY,,STRAIGHT AND LEVEL,DRY,NO DEFECTS,ON SCENE,NO INJURY / DRIVE AWAY,,,,"OVER $1,500",10/3/2019 14:38,FAILING TO YIELD RIGHT-OF-WAY,FAILING TO YIELD RIGHT-OF-WAY,69,E,VAN BUREN ST,113,,,,,,,2,NO INDICATION OF INJURY,0,0,0,0,0,2,0,13,5,10,41.87688747,-87.62506578,POINT (-87.625065782727 41.876887471249)
JC458562,,10/3/2019 13:40,30,TRAFFIC SIGNAL,FUNCTIONING PROPERLY,CLOUDY/OVERCAST,DAYLIGHT,SIDESWIPE SAME DIRECTION,ONE-WAY,,STRAIGHT AND LEVEL,DRY,NO DEFECTS,NOT ON SCENE (DESK REPORT),NO INJURY / DRIVE AWAY,,,,"OVER $1,500",10/3/2019 14:15,UNABLE TO DETERMINE,UNABLE TO DETERMINE,33,N,DEARBORN ST,112,,,,,,,2,NO INDICATION OF INJURY,0,0,0,0,0,2,0,13,5,10,41.88280623,-87.6292815,POINT (-87.629281495683 41.882806226618)
JC458557,,10/3/2019 13:40,30,OTHER,FUNCTIONING PROPERLY,CLEAR,DAYLIGHT,REAR END,DIVIDED - W/MEDIAN BARRIER,,STRAIGHT AND LEVEL,DRY,NO DEFECTS,ON SCENE,NO INJURY / DRIVE AWAY,,,Y,"OVER $1,500",10/3/2019 13:49,FOLLOWING TOO CLOSELY,FAILING TO REDUCE SPEED TO AVOID CRASH,4730,W,PETERSON AVE,1711,,,,,,,3,NO INDICATION OF INJURY,0,0,0,0,0,3,0,13,5,10,41.99001498,-87.74717055,POINT (-87.747170544571 41.990014981231)
JC459846,,10/3/2019 13:30,30,STOP SIGN/FLASHER,FUNCTIONING PROPERLY,CLEAR,DAYLIGHT,REAR END,NOT DIVIDED,,STRAIGHT AND LEVEL,DRY,NO DEFECTS,NOT ON SCENE (DESK REPORT),NO INJURY / DRIVE AWAY,,,Y,"OVER $1,500",10/4/2019 14:00,UNABLE TO DETERMINE,NOT APPLICABLE,11358,S,VINCENNES AVE,2212,,,,,,,2,NO INDICATION OF INJURY,0,0,0,0,0,2,0,13,5,10,41.68678298,-87.66669912,POINT (-87.666699121561 41.686782981643)
JC458894,Y,10/3/2019 13:30,30,NO CONTROLS,NO CONTROLS,CLEAR,DAYLIGHT,SIDESWIPE SAME DIRECTION,DIVIDED - W/MEDIAN (NOT RAISED),,STRAIGHT AND LEVEL,DRY,NO DEFECTS,ON SCENE,NO INJURY / DRIVE AWAY,,,Y,"$501 - $1,500",10/3/2019 15:58,IMPROPER OVERTAKING/PASSING,FAILING TO REDUCE SPEED TO AVOID CRASH,1010,N,DAMEN AVE,1212,,,,,,,2,NO INDICATION OF INJURY,0,0,0,0,0,2,0,13,5,10,41.89991094,-87.67731257,POINT (-87.677312571213 41.899910935699)
JC458582,Y,10/3/2019 13:30,30,NO CONTROLS,NO CONTROLS,CLEAR,DAYLIGHT,PARKED MOTOR VEHICLE,NOT DIVIDED,,STRAIGHT AND LEVEL,DRY,NO DEFECTS,NOT ON SCENE (DESK REPORT),NO INJURY / DRIVE AWAY,,,,"$501 - $1,500",10/3/2019 14:30,UNABLE TO DETERMINE,NOT APPLICABLE,2629,W,DEVON AVE,2413,,,,,,,2,NO INDICATION OF INJURY,0,0,0,0,0,2,0,13,5,10,41.99751644,-87.69592211,POINT (-87.695922110082 41.997516437974)
JC458570,,10/3/2019 13:30,10,NO CONTROLS,NO CONTROLS,CLEAR,DAYLIGHT,ANGLE,PARKING LOT,,STRAIGHT AND LEVEL,DRY,NO DEFECTS,ON SCENE,NO INJURY / DRIVE AWAY,,Y,,"OVER $1,500",10/3/2019 14:03,IMPROPER BACKING,NOT APPLICABLE,1145,W,84TH ST,613,,,,,,,2,NO INDICATION OF INJURY,0,0,0,0,0,2,0,13,5,10,41.74129206,-87.65284088,POINT (-87.652840877713 41.741292060076)
JC458551,,10/3/2019 13:30,35,NO CONTROLS,NO CONTROLS,CLEAR,DAYLIGHT,ANGLE,NOT DIVIDED,,STRAIGHT AND LEVEL,DRY,NO DEFECTS,ON SCENE,NO INJURY / DRIVE AWAY,,,Y,"$501 - $1,500",10/3/2019 13:35,UNABLE TO DETERMINE,UNABLE TO DETERMINE,1858,W,CULLERTON ST,1234,,,,,,,2,NO INDICATION OF INJURY,0,0,0,0,0,2,0,13,5,10,41.85506981,-87.67335026,POINT (-87.673350256675 41.855069812035)
JC458528,,10/3/2019 13:30,30,TRAFFIC SIGNAL,FUNCTIONING PROPERLY,CLEAR,DAYLIGHT,PEDESTRIAN,FOUR WAY,,STRAIGHT AND LEVEL,DRY,NO DEFECTS,ON SCENE,NO INJURY / DRIVE AWAY,Y,,,$500 OR LESS,10/3/2019 13:32,FAILING TO YIELD RIGHT-OF-WAY,UNABLE TO DETERMINE,4700,S,WESTERN AVE,922,,,,,,,2,NO INDICATION OF INJURY,0,0,0,0,0,2,0,13,5,10,41.80837841,-87.68457072,POINT (-87.684570716896 41.808378407947)
JC458534,,10/3/2019 13:17,30,NO CONTROLS,NO CONTROLS,CLEAR,DAYLIGHT,SIDESWIPE SAME DIRECTION,DIVIDED - W/MEDIAN (NOT RAISED),,STRAIGHT AND LEVEL,DRY,NO DEFECTS,ON SCENE,NO INJURY / DRIVE AWAY,Y,,,"$501 - $1,500",10/3/2019 13:28,DRIVING SKILLS/KNOWLEDGE/EXPERIENCE,DRIVING SKILLS/KNOWLEDGE/EXPERIENCE,5528,W,ADDISON ST,1633,,,,N,,,2,NO INDICATION OF INJURY,0,0,0,0,0,2,0,13,5,10,41.94600295,-87.76547113,POINT (-87.765471127703 41.946002953419)
JC458760,,10/3/2019 13:15,30,NO CONTROLS,NO CONTROLS,CLEAR,DAYLIGHT,PEDESTRIAN,ONE-WAY,,STRAIGHT AND LEVEL,DRY,NO DEFECTS,NOT ON SCENE (DESK REPORT),NO INJURY / DRIVE AWAY,,,Y,$500 OR LESS,10/3/2019 16:30,FAILING TO YIELD RIGHT-OF-WAY,UNABLE TO DETERMINE,128,N,DEARBORN ST,111,,,,,,,2,NO INDICATION OF INJURY,0,0,0,0,0,2,0,13,5,10,41.88388344,-87.62958483,POINT (-87.629584831841 41.883883443232)
JC458518,,10/3/2019 13:15,30,UNKNOWN,UNKNOWN,CLEAR,DAYLIGHT,SIDESWIPE SAME DIRECTION,CENTER TURN LANE,,STRAIGHT AND LEVEL,DRY,NO DEFECTS,NOT ON SCENE (DESK REPORT),NO INJURY / DRIVE AWAY,,,,$500 OR LESS,10/3/2019 13:25,IMPROPER LANE USAGE,NOT APPLICABLE,758,W,76TH ST,621,,,,,,,2,NO INDICATION OF INJURY,0,0,0,0,0,2,0,13,5,10,41.75619399,-87.64413529,POINT (-87.644135288082 41.756193988293)
JC458512,,10/3/2019 13:11,30,TRAFFIC SIGNAL,FUNCTIONING PROPERLY,CLEAR,DAYLIGHT,ANGLE,DIVIDED - W/MEDIAN (NOT RAISED),,STRAIGHT AND LEVEL,DRY,NO DEFECTS,ON SCENE,INJURY AND / OR TOW DUE TO CRASH,Y,,,"OVER $1,500",10/3/2019 13:25,DISREGARDING TRAFFIC SIGNALS,"OPERATING VEHICLE IN ERRATIC, RECKLESS, CARELESS, NEGLIGENT OR AGGRESSIVE MANNER",100,N,ASHLAND AVE,1224,,,,,,,2,INCAPACITATING INJURY,1,0,1,0,0,2,0,13,5,10,41.88334602,-87.66701923,POINT (-87.667019224707 41.883346017771)
JC458524,,10/3/2019 13:10,30,NO CONTROLS,NO CONTROLS,CLEAR,DAYLIGHT,REAR END,NOT DIVIDED,,STRAIGHT AND LEVEL,DRY,"RUT, HOLES",ON SCENE,NO INJURY / DRIVE AWAY,,,,"OVER $1,500",10/3/2019 13:13,UNABLE TO DETERMINE,UNABLE TO DETERMINE,4424,W,55TH ST,815,,,,,,,2,NO INDICATION OF INJURY,0,0,0,0,0,4,0,13,5,10,41.79322132,-87.73404637,POINT (-87.734046368864 41.793221316081)
JC458516,,10/3/2019 13:00,30,NO CONTROLS,NO CONTROLS,CLEAR,DAYLIGHT,PARKED MOTOR VEHICLE,NOT DIVIDED,,STRAIGHT AND LEVEL,DRY,NO DEFECTS,ON SCENE,INJURY AND / OR TOW DUE TO CRASH,,,,"OVER $1,500",10/3/2019 13:15,NOT APPLICABLE,NOT APPLICABLE,1245,W,WRIGHTWOOD AVE,1932,,,,,,,2,NO INDICATION OF INJURY,0,0,0,0,0,1,0,13,5,10,41.92878611,-87.66041344,POINT (-87.660413444071 41.928786106018)
JC458698,,10/3/2019 12:55,5,NO CONTROLS,NO CONTROLS,CLEAR,DAYLIGHT,PARKED MOTOR VEHICLE,PARKING LOT,,STRAIGHT AND LEVEL,DRY,NO DEFECTS,ON SCENE,NO INJURY / DRIVE AWAY,,Y,,"OVER $1,500",10/3/2019 15:00,IMPROPER BACKING,NOT APPLICABLE,3100,W,77TH ST,835,,,,,,,2,NO INDICATION OF INJURY,0,0,0,0,0,1,0,12,5,10,41.75359697,-87.70008142,POINT (-87.700081419736 41.753596964993)