RD_NO,CRASH_DATE_EST_I,CRASH_DATE,POSTED_SPEED_LIMIT,TRAFFIC_CONTROL_DEVICE,DEVICE_CONDITION,WEATHER_CONDITION,LIGHTING_CONDITION,FIRST_CRASH_TYPE,TRAFFICWAY_TYPE,LANE_CNT,ALIGNMENT,ROADWAY_SURFACE_COND,ROAD_DEFECT,REPORT_TYPE,CRASH_TYPE,INTERSECTION_RELATED_I,NOT_RIGHT_OF_WAY_I,HIT_AND_RUN_I,DAMAGE,DATE_POLICE_NOTIFIED,PRIM_CONTRIBUTORY_CAUSE,SEC_CONTRIBUTORY_CAUSE,STREET_NO,STREET_DIRECTION,STREET_NAME,BEAT_OF_OCCURRENCE,PHOTOS_TAKEN_I,STATEMENTS_TAKEN_I,DOORING_I,WORK_ZONE_I,WORK_ZONE_TYPE,WORKERS_PRESENT_I,NUM_UNITS,MOST_SEVERE_INJURY,INJURIES_TOTAL,INJURIES_FATAL,INJURIES_INCAPACITATING,INJURIES_NON_INCAPACITATING,INJURIES_REPORTED_NOT_EVIDENT,INJURIES_NO_INDICATION,INJURIES_UNKNOWN,CRASH_HOUR,CRASH_DAY_OF_WEEK,CRASH_MONTH,LATITUDE,LONGITUDE,LOCATION
JC458484,,10/3/2019 12:54,30,TRAFFIC SIGNAL,FUNCTIONING PROPERLY,CLEAR,DAYLIGHT,REAR END,NOT DIVIDED,,STRAIGHT AND LEVEL,DRY,NO DEFECTS,ON SCENE,NO INJURY / DRIVE AWAY,,,,"OVER $1,500",10/3/2019 12:59,DISTRACTION - FROM INSIDE VEHICLE,FAILING TO REDUCE SPEED TO AVOID CRASH,997,E,63RD ST,314,,,,,,,2,NO INDICATION OF INJURY,0,0,0,0,0,2,0,12,5,10,41.78035769,-87.60109582,POINT (-87.601095814655 41.780357689902)
JC458897,,10/3/2019 12:51,10,NO CONTROLS,NO CONTROLS,CLEAR,DAWN,PARKED MOTOR VEHICLE,PARKING LOT,,STRAIGHT AND LEVEL,DRY,NO DEFECTS,NOT ON SCENE (DESK REPORT),NO INJURY / DRIVE AWAY,,Y,Y,"OVER $1,500",10/3/2019 17:35,UNABLE TO DETERMINE,NOT APPLICABLE,535,N,ST CLAIR ST,1834,,,,,,,2,NO INDICATION OF INJURY,0,0,0,0,0,1,0,12,5,10,41.89194717,-87.62252231,POINT (-87.622522305977 41.891947173301)
JC458476,,10/3/2019 12:45,30,NO CONTROLS,NO CONTROLS,CLEAR,DAYLIGHT,PARKED MOTOR VEHICLE,ONE-WAY,,STRAIGHT AND LEVEL,DRY,NO DEFECTS,NOT ON SCENE (DESK REPORT),NO INJURY / DRIVE AWAY,,,,"$501 - $1,500",10/3/2019 13:00,IMPROPER BACKING,IMPROPER BACKING,6330,S,SACRAMENTO AVE,823,,,,,,,2,NO INDICATION OF INJURY,0,0,0,0,0,1,0,12,5,10,41.77810208,-87.69838475,POINT (-87.698384746318 41.778102082348)
JC458493,,10/3/2019 12:38,35,STOP SIGN/FLASHER,FUNCTIONING PROPERLY,CLEAR,DAYLIGHT,ANGLE,FOUR WAY,,STRAIGHT AND LEVEL,UNKNOWN,UNKNOWN,ON SCENE,NO INJURY / DRIVE AWAY,Y,,,"OVER $1,500",10/3/2019 12:39,FAILING TO YIELD RIGHT-OF-WAY,UNABLE TO DETERMINE,10418,S,CALHOUN AVE,434,,,,,,,2,NO INDICATION OF INJURY,0,0,0,0,0,6,0,12,5,10,41.70579984,-87.56220666,POINT (-87.562206655727 41.705799836114)
JC458451,,10/3/2019 12:20,25,NO CONTROLS,NO CONTROLS,CLEAR,DAYLIGHT,PARKED MOTOR VEHICLE,ONE-WAY,,STRAIGHT AND LEVEL,DRY,NO DEFECTS,ON SCENE,NO INJURY / DRIVE AWAY,,,,$500 OR LESS,10/3/2019 12:21,NOT APPLICABLE,NOT APPLICABLE,3732,N,FREMONT ST,1923,,,,,,,2,NO INDICATION OF INJURY,0,0,0,0,0,1,0,12,5,10,41.95012711,-87.65213773,POINT (-87.652137730205 41.950127106617)
JC458437,,10/3/2019 12:19,30,TRAFFIC SIGNAL,FUNCTIONING PROPERLY,CLEAR,DAYLIGHT,REAR END,NOT DIVIDED,,STRAIGHT AND LEVEL,DRY,NO DEFECTS,ON SCENE,NO INJURY / DRIVE AWAY,,,,$500 OR LESS,10/3/2019 12:20,FOLLOWING TOO CLOSELY,NOT APPLICABLE,1599,N,CLYBOURN AVE,1822,,Y,,,,,2,NO INDICATION OF INJURY,0,0,0,0,0,2,0,12,5,10,41.91093474,-87.64933701,POINT (-87.649337013437 41.910934740184)
JC458569,,10/3/2019 12:15,35,NO CONTROLS,NO CONTROLS,CLEAR,DAYLIGHT,REAR END,NOT DIVIDED,,STRAIGHT AND LEVEL,DRY,UNKNOWN,NOT ON SCENE (DESK REPORT),NO INJURY / DRIVE AWAY,,,,"$501 - $1,500",10/3/2019 14:15,FOLLOWING TOO CLOSELY,FOLLOWING TOO CLOSELY,4764,N,CICERO AVE,1623,,,,,,,2,NO INDICATION OF INJURY,0,0,0,0,0,2,0,12,5,10,41.96793883,-87.74786914,POINT (-87.747869138702 41.967938830031)
JC458495,,10/3/2019 12:15,30,NO CONTROLS,NO CONTROLS,CLEAR,DAYLIGHT,TURNING,NOT DIVIDED,,STRAIGHT AND LEVEL,DRY,NO DEFECTS,ON SCENE,NO INJURY / DRIVE AWAY,,,,"OVER $1,500",10/3/2019 12:18,IMPROPER LANE USAGE,NOT APPLICABLE,1216,N,HALSTED ST,1822,,,,,,,2,NO INDICATION OF INJURY,0,0,0,0,0,2,0,12,5,10,41.90390201,-87.64825524,POINT (-87.648255240089 41.903902013221)
JC458414,,10/3/2019 12:02,30,TRAFFIC SIGNAL,FUNCTIONING PROPERLY,CLEAR,DAYLIGHT,REAR END,DIVIDED - W/MEDIAN (NOT RAISED),,STRAIGHT AND LEVEL,DRY,NO DEFECTS,ON SCENE,INJURY AND / OR TOW DUE TO CRASH,,,,"OVER $1,500",10/3/2019 12:04,FAILING TO REDUCE SPEED TO AVOID CRASH,NOT APPLICABLE,154,W,HARRISON ST,123,,,,,,,3,NO INDICATION OF INJURY,0,0,0,0,0,4,0,12,5,10,41.87460252,-87.63259881,POINT (-87.632598804804 41.874602523564)
JC458473,,10/3/2019 12:00,30,NO CONTROLS,NO CONTROLS,CLEAR,DAYLIGHT,PARKED MOTOR VEHICLE,NOT DIVIDED,,STRAIGHT AND LEVEL,DRY,NO DEFECTS,ON SCENE,INJURY AND / OR TOW DUE TO CRASH,,,Y,"OVER $1,500",10/3/2019 12:05,UNABLE TO DETERMINE,PHYSICAL CONDITION OF DRIVER,2144,N,SHEFFIELD AVE,1811,Y,Y,,,,,3,NO INDICATION OF INJURY,0,0,0,0,0,1,0,12,5,10,41.92125092,-87.65362091,POINT (-87.653620908259 41.921250915941)
JC458421,,10/3/2019 12:00,10,NO CONTROLS,NO CONTROLS,CLEAR,DAYLIGHT,PARKED MOTOR VEHICLE,PARKING LOT,,STRAIGHT AND LEVEL,DRY,NO DEFECTS,NOT ON SCENE (DESK REPORT),NO INJURY / DRIVE AWAY,,Y,,"$501 - $1,500",10/3/2019 12:16,NOT APPLICABLE,NOT APPLICABLE,1360,N,ASHLAND AVE,1433,,,,,,,2,NO INDICATION OF INJURY,0,0,0,0,0,1,0,12,5,10,41.90679511,-87.66773167,POINT (-87.667731670063 41.906795109844)
JC458444,,10/3/2019 11:55,30,NO CONTROLS,NO CONTROLS,CLOUDY/OVERCAST,DAYLIGHT,SIDESWIPE OPPOSITE DIRECTION,NOT DIVIDED,,STRAIGHT AND LEVEL,DRY,NO DEFECTS,NOT ON SCENE (DESK REPORT),NO INJURY / DRIVE AWAY,,,Y,"$501 - $1,500",10/3/2019 12:37,UNABLE TO DETERMINE,UNABLE TO DETERMINE,3459,W,LAKE ST,1123,,,,,,,2,NO INDICATION OF INJURY,0,0,0,0,0,3,0,11,5,10,41.88466098,-87.71344973,POINT (-87.713449728168 41.884660978843)
JC458387,,10/3/2019 11:51,30,NO CONTROLS,NO CONTROLS,CLEAR,DAYLIGHT,PARKED MOTOR VEHICLE,NOT DIVIDED,,STRAIGHT AND LEVEL,DRY,NO DEFECTS,ON SCENE,NO INJURY / DRIVE AWAY,,,,$500 OR LESS,10/3/2019 11:51,UNABLE TO DETERMINE,UNABLE TO DETERMINE,3247,W,MONTROSE AVE,1724,,,,,,,2,NO INDICATION OF INJURY,0,0,0,0,0,3,0,11,5,10,41.96105576,-87.7101208,POINT (-87.710120798014 41.961055755781)
JC458402,,10/3/2019 11:50,30,NO CONTROLS,NO CONTROLS,CLEAR,DAYLIGHT,PARKED MOTOR VEHICLE,DIVIDED - W/MEDIAN (NOT RAISED),,STRAIGHT AND LEVEL,DRY,NO DEFECTS,NOT ON SCENE (DESK REPORT),NO INJURY / DRIVE AWAY,,,Y,$500 OR LESS,10/3/2019 12:08,UNABLE TO DETERMINE,UNABLE TO DETERMINE,4445,N,PULASKI RD,1723,,,,,,,2,NO INDICATION OF INJURY,0,0,0,0,0,3,0,11,5,10,41.96223481,-87.72771372,POINT (-87.727713718165 41.962234811627)
JC458388,,10/3/2019 11:45,25,NO CONTROLS,NO CONTROLS,CLEAR,DAYLIGHT,REAR END,ONE-WAY,,STRAIGHT AND LEVEL,DRY,NO DEFECTS,ON SCENE,NO INJURY / DRIVE AWAY,,,,$500 OR LESS,10/3/2019 11:45,FOLLOWING TOO CLOSELY,NOT APPLICABLE,2,W,TERMINAL ST,1652,,,,,,,2,NO INDICATION OF INJURY,0,0,0,0,0,2,0,11,5,10,,,
JC458738,,10/3/2019 11:40,30,NO CONTROLS,NO CONTROLS,CLEAR,DAYLIGHT,SIDESWIPE SAME DIRECTION,DIVIDED - W/MEDIAN (NOT RAISED),,STRAIGHT AND LEVEL,DRY,NO DEFECTS,NOT ON SCENE (DESK REPORT),NO INJURY / DRIVE AWAY,,,Y,"OVER $1,500",10/3/2019 16:20,IMPROPER OVERTAKING/PASSING,UNABLE TO DETERMINE,115,E,61ST ST,311,,,,,,,2,NO INDICATION OF INJURY,0,0,0,0,0,2,0,11,5,10,41.78367271,-87.62149754,POINT (-87.621497534603 41.783672704898)
JC458431,,10/3/2019 11:40,30,NO CONTROLS,UNKNOWN,CLEAR,DAYLIGHT,REAR END,NOT DIVIDED,,STRAIGHT AND LEVEL,DRY,UNKNOWN,NOT ON SCENE (DESK REPORT),NO INJURY / DRIVE AWAY,,,,"OVER $1,500",10/3/2019 12:25,UNABLE TO DETERMINE,NOT APPLICABLE,5112,S,KEDZIE AVE,822,,,,,,,2,NO INDICATION OF INJURY,0,0,0,0,0,2,0,11,5,10,41.80038675,-87.70390092,POINT (-87.703900919889 41.800386746461)
JC458379,,10/3/2019 11:40,35,TRAFFIC SIGNAL,FUNCTIONING PROPERLY,CLEAR,DAYLIGHT,FIXED OBJECT,FOUR WAY,,STRAIGHT AND LEVEL,DRY,NO DEFECTS,ON SCENE,INJURY AND / OR TOW DUE TO CRASH,Y,,,"OVER $1,500",10/3/2019 12:00,IMPROPER TURNING/NO SIGNAL,FAILING TO REDUCE SPEED TO AVOID CRASH,12200,S,TORRENCE AVE,434,,,,,,,1,NO INDICATION OF INJURY,0,0,0,0,0,1,0,11,5,10,41.67367899,-87.55939861,POINT (-87.559398607312 41.673678986233)
JC458386,,10/3/2019 11:35,30,NO CONTROLS,NO CONTROLS,CLEAR,DAYLIGHT,PARKED MOTOR VEHICLE,NOT DIVIDED,,STRAIGHT AND LEVEL,DRY,NO DEFECTS,ON SCENE,INJURY AND / OR TOW DUE TO CRASH,,,,"OVER $1,500",10/3/2019 11:36,NOT APPLICABLE,NOT APPLICABLE,1107,W,79TH ST,612,,,,,,,2,NO INDICATION OF INJURY,0,0,0,0,0,2,0,11,5,10,41.75041728,-87.65162561,POINT (-87.651625609666 41.750417283651)
JC458357,,10/3/2019 11:35,30,NO CONTROLS,NO CONTROLS,CLEAR,DAYLIGHT,REAR END,DIVIDED - W/MEDIAN (NOT RAISED),,STRAIGHT AND LEVEL,DRY,NO DEFECTS,NOT ON SCENE (DESK REPORT),NO INJURY / DRIVE AWAY,,,,"OVER $1,500",10/3/2019 11:50,UNABLE TO DETERMINE,UNABLE TO DETERMINE,3550,W,ADDISON ST,1732,,,,,,,2,NO INDICATION OF INJURY,0,0,0,0,0,2,0,11,5,10,41.94661905,-87.71718238,POINT (-87.717182375697 41.94661904518)
JC458432,,10/3/2019 11:30,30,TRAFFIC SIGNAL,FUNCTIONING PROPERLY,CLEAR,DAYLIGHT,SIDESWIPE SAME DIRECTION,DIVIDED - W/MEDIAN (NOT RAISED),,STRAIGHT AND LEVEL,DRY,NO DEFECTS,ON SCENE,NO INJURY / DRIVE AWAY,Y,,N,"OVER $1,500",10/3/2019 11:47,IMPROPER OVERTAKING/PASSING,UNABLE TO DETERMINE,3458,S,KEDZIE AVE,911,,,,,,,2,NO INDICATION OF INJURY,0,0,0,0,0,3,0,11,5,10,41.82980641,-87.70475451,POINT (-87.7047545049 41.829806406986)
JC458349,,10/3/2019 11:20,30,NO CONTROLS,NO CONTROLS,CLEAR,DAYLIGHT,REAR END,DIVIDED - W/MEDIAN BARRIER,,STRAIGHT AND LEVEL,DRY,NO DEFECTS,ON SCENE,INJURY AND / OR TOW DUE TO CRASH,,,Y,"OVER $1,500",10/3/2019 11:33,IMPROPER BACKING,UNABLE TO DETERMINE,998,N,LAKE SHORE DR SB,1833,,,,,,,3,NONINCAPACITATING INJURY,1,0,0,1,0,2,0,11,5,10,41.90080611,-87.61972396,POINT (-87.619723961393 41.90080610974)
JC458377,Y,10/3/2019 11:00,30,NO CONTROLS,NO CONTROLS,CLEAR,DAYLIGHT,SIDESWIPE SAME DIRECTION,ONE-WAY,,STRAIGHT AND LEVEL,DRY,NO DEFECTS,NOT ON SCENE (DESK REPORT),NO INJURY / DRIVE AWAY,,,Y,"$501 - $1,500",10/3/2019 11:45,FAILING TO YIELD RIGHT-OF-WAY,NOT APPLICABLE,6923,S,EMERALD AVE,732,,,,,,,2,NO INDICATION OF INJURY,0,0,0,0,0,2,0,11,5,10,41.7681469,-87.64310059,POINT (-87.643100586394 41.768146896676)
JC458306,,10/3/2019 11:00,30,TRAFFIC SIGNAL,FUNCTIONING PROPERLY,CLEAR,DAYLIGHT,SIDESWIPE SAME DIRECTION,NOT DIVIDED,,STRAIGHT AND LEVEL,DRY,NO DEFECTS,NOT ON SCENE (DESK REPORT),NO INJURY / DRIVE AWAY,,,,"OVER $1,500",10/3/2019 11:10,DRIVING SKILLS/KNOWLEDGE/EXPERIENCE,UNABLE TO DETERMINE,7458,S,COTTAGE GROVE AVE,323,,,,,,,2,NO INDICATION OF INJURY,0,0,0,0,0,3,0,11,5,10,41.75866718,-87.60554237,POINT (-87.605542371071 41.758667181158)
JC458418,,10/3/2019 10:55,30,NO CONTROLS,NO CONTROLS,CLOUDY/OVERCAST,DAYLIGHT,SIDESWIPE SAME DIRECTION,NOT DIVIDED,,STRAIGHT AND LEVEL,DRY,NO DEFECTS,ON SCENE,INJURY AND / OR TOW DUE TO CRASH,,,,"OVER $1,500",10/3/2019 10:55,DISTRACTION - FROM OUTSIDE VEHICLE,UNABLE TO DETERMINE,2,E,8TH ST,123,,,,,,,2,NO INDICATION OF INJURY,0,0,0,0,0,2,0,10,5,10,41.87191722,-87.62749276,POINT (-87.627492760975 41.871917214589)
JC458328,,10/3/2019 10:51,30,NO CONTROLS,NO CONTROLS,CLEAR,DAYLIGHT,SIDESWIPE SAME DIRECTION,NOT DIVIDED,,STRAIGHT AND LEVEL,DRY,NO DEFECTS,ON SCENE,NO INJURY / DRIVE AWAY,,,,"$501 - $1,500",10/3/2019 11:12,UNABLE TO DETERMINE,NOT APPLICABLE,4801,W,CHICAGO AVE,1531,,,,,,,2,NO INDICATION OF INJURY,0,0,0,0,0,2,0,10,5,10,41.89489272,-87.74592702,POINT (-87.745927023949 41.894892721418)
JC458305,,10/3/2019 10:45,30,NO CONTROLS,NO CONTROLS,CLEAR,DAYLIGHT,SIDESWIPE SAME DIRECTION,NOT DIVIDED,,STRAIGHT AND LEVEL,DRY,NO DEFECTS,ON SCENE,NO INJURY / DRIVE AWAY,,,Y,$500 OR LESS,10/3/2019 10:55,UNABLE TO DETERMINE,NOT APPLICABLE,6435,W,TOUHY AVE,1621,,,,,,,2,NO INDICATION OF INJURY,0,0,0,0,0,2,0,10,5,10,42.01189589,-87.78809586,POINT (-87.78809585602 42.011895889438)
JC458291,,10/3/2019 10:38,30,TRAFFIC SIGNAL,FUNCTIONING PROPERLY,CLEAR,DAYLIGHT,REAR END,FOUR WAY,,STRAIGHT AND LEVEL,DRY,NO DEFECTS,ON SCENE,NO INJURY / DRIVE AWAY,Y,,,"OVER $1,500",10/3/2019 10:56,UNABLE TO DETERMINE,UNABLE TO DETERMINE,4000,W,PETERSON AVE,1711,,Y,,,,,2,NO INDICATION OF INJURY,0,0,0,0,0,2,0,10,5,10,41.99024419,-87.72871439,POINT (-87.728714391009 41.990244185647)
JC458310,,10/3/2019 10:35,30,NO CONTROLS,NO CONTROLS,CLEAR,DAYLIGHT,ANGLE,NOT DIVIDED,,STRAIGHT AND LEVEL,DRY,NO DEFECTS,ON SCENE,NO INJURY / DRIVE AWAY,,,,"OVER $1,500",10/3/2019 10:55,FAILING TO YIELD RIGHT-OF-WAY,NOT APPLICABLE,29,E,OAK ST,1833,,,,,,,2,NO INDICATION OF INJURY,0,0,0,0,0,2,0,10,5,10,41.90065264,-87.62726907,POINT (-87.627269070381 41.900652640829)
JC458294,,10/3/2019 10:32,30,TRAFFIC SIGNAL,FUNCTIONING PROPERLY,CLEAR,DAYLIGHT,REAR END,DIVIDED - W/MEDIAN (NOT RAISED),,STRAIGHT AND LEVEL,DRY,NO DEFECTS,ON SCENE,INJURY AND / OR TOW DUE TO CRASH,Y,,,"$501 - $1,500",10/3/2019 10:32,FAILING TO YIELD RIGHT-OF-WAY,FOLLOWING TOO CLOSELY,6700,N,NORTHWEST HWY,1612,,Y,,,,,2,NONINCAPACITATING INJURY,4,0,0,4,0,0,0,10,5,10,42.00272742,-87.81630052,POINT (-87.816300515333 42.002727424473)
JC458333,,10/3/2019 10:30,30,NO CONTROLS,NO CONTROLS,CLEAR,DAYLIGHT,PARKED MOTOR VEHICLE,NOT DIVIDED,,STRAIGHT AND LEVEL,DRY,NO DEFECTS,NOT ON SCENE (DESK REPORT),NO INJURY / DRIVE AWAY,,,,"$501 - $1,500",10/3/2019 11:30,IMPROPER LANE USAGE,UNABLE TO DETERMINE,500,W,WRIGHTWOOD AVE,1935,,,,,,,2,NO INDICATION OF INJURY,0,0,0,0,0,1,0,10,5,10,41.93074539,-87.64157679,POINT (-87.641576790308 41.930745384706)
JC458283,,10/3/2019 10:30,30,TRAFFIC SIGNAL,FUNCTIONING PROPERLY,CLEAR,DAYLIGHT,TURNING,DIVIDED - W/MEDIAN (NOT RAISED),,STRAIGHT AND LEVEL,DRY,NO DEFECTS,ON SCENE,NO INJURY / DRIVE AWAY,,,,"OVER $1,500",10/3/2019 10:31,UNABLE TO DETERMINE,UNABLE TO DETERMINE,4340,N,ELSTON AVE,1722,,,,,,,2,NO INDICATION OF INJURY,0,0,0,0,0,2,0,10,5,10,41.95958909,-87.72797014,POINT (-87.727970143775 41.959589087021)
JC458338,,10/3/2019 10:08,30,TRAFFIC SIGNAL,FUNCTIONING PROPERLY,CLEAR,DAYLIGHT,TURNING,NOT DIVIDED,,STRAIGHT AND LEVEL,DRY,NO DEFECTS,ON SCENE,INJURY AND / OR TOW DUE TO CRASH,Y,,,"OVER $1,500",10/3/2019 10:08,IMPROPER TURNING/NO SIGNAL,ROAD CONSTRUCTION/MAINTENANCE,534,W,ROOSEVELT RD,124,,,,Y,CONSTRUCTION,,2,NO INDICATION OF INJURY,0,0,0,0,0,3,0,10,5,10,41.86735164,-87.64064858,POINT (-87.640648576774 41.867351634791)
JC458397,Y,10/3/2019 10:00,30,NO CONTROLS,NO CONTROLS,CLEAR,DAYLIGHT,PARKED MOTOR VEHICLE,DIVIDED - W/MEDIAN (NOT RAISED),,STRAIGHT AND LEVEL,DRY,NO DEFECTS,ON SCENE,INJURY AND / OR TOW DUE TO CRASH,,,Y,"OVER $1,500",10/3/2019 12:05,NOT APPLICABLE,NOT APPLICABLE,2134,N,WESTERN AVE,1431,,,,,,,2,NO INDICATION OF INJURY,0,0,0,0,0,1,0,10,5,10,41.92093215,-87.68766601,POINT (-87.687666008832 41.920932146979)
JC458376,,10/3/2019 10:00,15,STOP SIGN/FLASHER,FUNCTIONING PROPERLY,CLEAR,DAYLIGHT,PARKED MOTOR VEHICLE,NOT DIVIDED,,STRAIGHT AND LEVEL,DRY,NO DEFECTS,ON SCENE,NO INJURY / DRIVE AWAY,,,Y,"OVER $1,500",10/3/2019 11:20,DRIVING SKILLS/KNOWLEDGE/EXPERIENCE,IMPROPER TURNING/NO SIGNAL,2902,N,CAMPBELL AVE,1411,,,,,,,2,NO INDICATION OF INJURY,0,0,0,0,0,1,0,10,5,10,41.93412526,-87.69050124,POINT (-87.690501236356 41.934125258255)
JC458234,,10/3/2019 9:59,30,NO CONTROLS,NO CONTROLS,CLEAR,DAYLIGHT,TURNING,DIVIDED - W/MEDIAN (NOT RAISED),,STRAIGHT AND LEVEL,DRY,NO DEFECTS,ON SCENE,NO INJURY / DRIVE AWAY,,,,"OVER $1,500",10/3/2019 9:59,IMPROPER TURNING/NO SIGNAL,IMPROPER TURNING/NO SIGNAL,2210,S,WESTERN AVE,1034,,,,,,,2,NO INDICATION OF INJURY,0,0,0,0,0,4,0,9,5,10,41.85170988,-87.68577767,POINT (-87.68577766618 41.851709883322)
JC458239,,10/3/2019 9:55,30,NO CONTROLS,NO CONTROLS,CLEAR,DAYLIGHT,SIDESWIPE SAME DIRECTION,NOT DIVIDED,,STRAIGHT AND LEVEL,DRY,NO DEFECTS,ON SCENE,INJURY AND / OR TOW DUE TO CRASH,,,,"OVER $1,500",10/3/2019 10:11,UNABLE TO DETERMINE,NOT APPLICABLE,684,W,IRVING PARK RD,1915,,,,,,,2,NO INDICATION OF INJURY,0,0,0,0,0,2,0,9,5,10,41.95470778,-87.6475854,POINT (-87.647585396076 41.954707779635)
JC458280,,10/3/2019 9:45,20,NO CONTROLS,NO CONTROLS,CLEAR,DAYLIGHT,SIDESWIPE SAME DIRECTION,OTHER,,STRAIGHT AND LEVEL,WET,NO DEFECTS,NOT ON SCENE (DESK REPORT),NO INJURY / DRIVE AWAY,,,Y,"OVER $1,500",10/3/2019 10:45,UNABLE TO DETERMINE,NOT APPLICABLE,3,W,TERMINAL ST,1653,,,,,,,2,NO INDICATION OF INJURY,0,0,0,0,0,2,0,9,5,10,,,
JC458276,,10/3/2019 9:45,35,TRAFFIC SIGNAL,FUNCTIONING PROPERLY,CLEAR,DAYLIGHT,REAR END,OTHER,,STRAIGHT AND LEVEL,WET,NO DEFECTS,NOT ON SCENE (DESK REPORT),NO INJURY / DRIVE AWAY,,,,"OVER $1,500",10/3/2019 10:45,DRIVING SKILLS/KNOWLEDGE/EXPERIENCE,UNABLE TO DETERMINE,800,S,LAKE SHORE DR W,114,,,,,,,2,NO INDICATION OF INJURY,0,0,0,0,0,2,0,9,5,10,41.87190712,-87.6174293,POINT (-87.617429304499 41.871907120412)
JC458244,,10/3/2019 9:34,35,UNKNOWN,NO CONTROLS,CLEAR,DAYLIGHT,SIDESWIPE SAME DIRECTION,FOUR WAY,,STRAIGHT AND LEVEL,DRY,NO DEFECTS,ON SCENE,NO INJURY / DRIVE AWAY,,,Y,"$501 - $1,500",10/3/2019 10:00,UNABLE TO DETERMINE,NOT APPLICABLE,830,E,95TH ST,413,,,,,,,2,NO INDICATION OF INJURY,0,0,0,0,0,2,0,9,5,10,41.72215744,-87.60321813,POINT (-87.603218129841 41.722157442139)
JC458232,,10/3/2019 9:30,30,NO CONTROLS,NO CONTROLS,RAIN,DAYLIGHT,SIDESWIPE SAME DIRECTION,ONE-WAY,,STRAIGHT AND LEVEL,WET,NO DEFECTS,ON SCENE,NO INJURY / DRIVE AWAY,,,Y,$500 OR LESS,10/3/2019 9:35,IMPROPER LANE USAGE,NOT APPLICABLE,63,E,MADISON ST,112,,,,,,,2,NO INDICATION OF INJURY,0,0,0,0,0,2,0,9,5,10,41.88198314,-87.62557563,POINT (-87.625575627439 41.881983142712)
JC458706,,10/3/2019 9:25,25,TRAFFIC SIGNAL,FUNCTIONING PROPERLY,CLEAR,DAYLIGHT,REAR END,ONE-WAY,,STRAIGHT AND LEVEL,DRY,NO DEFECTS,NOT ON SCENE (DESK REPORT),NO INJURY / DRIVE AWAY,,,Y,"OVER $1,500",10/3/2019 16:00,FOLLOWING TOO CLOSELY,UNABLE TO DETERMINE,4650,S,WENTWORTH AVE,925,,,,,,,2,NO INDICATION OF INJURY,0,0,0,0,0,2,0,9,5,10,41.80956357,-87.63254826,POINT (-87.632548264211 41.809563569351)
JC458215,,10/3/2019 9:20,35,NO CONTROLS,NO CONTROLS,CLOUDY/OVERCAST,DAYLIGHT,TURNING,NOT DIVIDED,,STRAIGHT AND LEVEL,DRY,UNKNOWN,ON SCENE,NO INJURY / DRIVE AWAY,,,,"OVER $1,500",10/3/2019 9:21,FAILING TO REDUCE SPEED TO AVOID CRASH,UNABLE TO DETERMINE,5454,S,LAKE SHORE DR NB,234,,,,,,,2,NO INDICATION OF INJURY,0,0,0,0,0,2,0,9,5,10,41.79666118,-87.57949173,POINT (-87.579491726157 41.796661180269)
JC458258,N,10/3/2019 9:15,30,NO CONTROLS,NO CONTROLS,CLEAR,DAYLIGHT,PEDALCYCLIST,ALLEY,,STRAIGHT AND LEVEL,DRY,UNKNOWN,ON SCENE,INJURY AND / OR TOW DUE TO CRASH,,,Y,"OVER $1,500",10/3/2019 10:07,FAILING TO YIELD RIGHT-OF-WAY,UNABLE TO DETERMINE,7013,N,WESTERN AVE,2411,,,,,,,2,NONINCAPACITATING INJURY,1,0,0,1,0,1,0,9,5,10,42.00904269,-87.69002408,POINT (-87.69002407861 42.009042686259)
JC458193,,10/3/2019 9:15,30,TRAFFIC SIGNAL,FUNCTIONING PROPERLY,CLEAR,DAYLIGHT,REAR END,ONE-WAY,,STRAIGHT AND LEVEL,DRY,NO DEFECTS,NOT ON SCENE (DESK REPORT),NO INJURY / DRIVE AWAY,,,Y,"OVER $1,500",10/3/2019 9:40,UNABLE TO DETERMINE,NOT APPLICABLE,7900,S,LAFAYETTE AVE,623,,,,,,,2,NO INDICATION OF INJURY,0,0,0,0,0,3,0,9,5,10,41.75089105,-87.62596851,POINT (-87.625968505423 41.750891046593)
JC458189,,10/3/2019 9:07,30,STOP SIGN/FLASHER,FUNCTIONING PROPERLY,CLEAR,DAYLIGHT,REAR END,NOT DIVIDED,,STRAIGHT ON GRADE,DRY,NO DEFECTS,ON SCENE,NO INJURY / DRIVE AWAY,Y,,,"$501 - $1,500",10/3/2019 9:07,FOLLOWING TOO CLOSELY,FAILING TO REDUCE SPEED TO AVOID CRASH,1780,W,MONTROSE AVE,1912,,,,,,,2,NO INDICATION OF INJURY,0,0,0,0,0,2,0,9,5,10,41.96163481,-87.67399443,POINT (-87.673994429439 41.961634813618)
JC458369,,10/3/2019 9:00,30,TRAFFIC SIGNAL,FUNCTIONING PROPERLY,UNKNOWN,DAYLIGHT,ANGLE,NOT DIVIDED,,STRAIGHT AND LEVEL,UNKNOWN,UNKNOWN,NOT ON SCENE (DESK REPORT),NO INJURY / DRIVE AWAY,,,,"$501 - $1,500",10/3/2019 11:45,UNABLE TO DETERMINE,UNABLE TO DETERMINE,4113,S,PULASKI RD,821,,,,,,,2,NO INDICATION OF INJURY,0,0,0,0,0,2,0,9,5,10,41.81801875,-87.72379038,POINT (-87.723790382171 41.818018746165)