RD_NO,CRASH_DATE_EST_I,CRASH_DATE,POSTED_SPEED_LIMIT,TRAFFIC_CONTROL_DEVICE,DEVICE_CONDITION,WEATHER_CONDITION,LIGHTING_CONDITION,FIRST_CRASH_TYPE,TRAFFICWAY_TYPE,LANE_CNT,ALIGNMENT,ROADWAY_SURFACE_COND,ROAD_DEFECT,REPORT_TYPE,CRASH_TYPE,INTERSECTION_RELATED_I,NOT_RIGHT_OF_WAY_I,HIT_AND_RUN_I,DAMAGE,DATE_POLICE_NOTIFIED,PRIM_CONTRIBUTORY_CAUSE,SEC_CONTRIBUTORY_CAUSE,STREET_NO,STREET_DIRECTION,STREET_NAME,BEAT_OF_OCCURRENCE,PHOTOS_TAKEN_I,STATEMENTS_TAKEN_I,DOORING_I,WORK_ZONE_I,WORK_ZONE_TYPE,WORKERS_PRESENT_I,NUM_UNITS,MOST_SEVERE_INJURY,INJURIES_TOTAL,INJURIES_FATAL,INJURIES_INCAPACITATING,INJURIES_NON_INCAPACITATING,INJURIES_REPORTED_NOT_EVIDENT,INJURIES_NO_INDICATION,INJURIES_UNKNOWN,CRASH_HOUR,CRASH_DAY_OF_WEEK,CRASH_MONTH,LATITUDE,LONGITUDE,LOCATION
JC458255,,10/3/2019 9:00,30,NO CONTROLS,NO CONTROLS,CLEAR,DAYLIGHT,REAR END,NOT DIVIDED,,STRAIGHT AND LEVEL,DRY,UNKNOWN,NOT ON SCENE (DESK REPORT),INJURY AND / OR TOW DUE TO CRASH,,,,"$501 - $1,500",10/3/2019 10:03,UNABLE TO DETERMINE,UNABLE TO DETERMINE,2253,E,74TH ST,333,,,,,,,2,"REPORTED, NOT EVIDENT",1,0,0,0,1,1,0,9,5,10,41.76066619,-87.5691497,POINT (-87.569149696954 41.760666186416)
JC458165,,10/3/2019 9:00,35,STOP SIGN/FLASHER,FUNCTIONING PROPERLY,CLEAR,DAYLIGHT,REAR END,DIVIDED - W/MEDIAN (NOT RAISED),,STRAIGHT AND LEVEL,DRY,NO DEFECTS,ON SCENE,NO INJURY / DRIVE AWAY,,,,"$501 - $1,500",10/3/2019 9:16,FOLLOWING TOO CLOSELY,NOT APPLICABLE,700,E,83RD ST,631,,,,,,,3,NO INDICATION OF INJURY,0,0,0,0,0,5,0,9,5,10,41.74403655,-87.60738564,POINT (-87.607385637935 41.744036554447)
JC458153,,10/3/2019 9:00,35,STOP SIGN/FLASHER,FUNCTIONING PROPERLY,CLOUDY/OVERCAST,DAYLIGHT,PEDESTRIAN,DIVIDED - W/MEDIAN BARRIER,,STRAIGHT AND LEVEL,DRY,NO DEFECTS,ON SCENE,INJURY AND / OR TOW DUE TO CRASH,,,Y,$500 OR LESS,10/3/2019 9:00,UNABLE TO DETERMINE,NOT APPLICABLE,1600,E,83RD PL,412,,,,,,,2,NONINCAPACITATING INJURY,1,0,0,1,0,1,0,9,5,10,41.74340729,-87.58524189,POINT (-87.58524188905 41.743407289546)
JC458173,,10/3/2019 8:56,30,STOP SIGN/FLASHER,FUNCTIONING PROPERLY,CLEAR,DAYLIGHT,ANGLE,UNKNOWN INTERSECTION TYPE,,STRAIGHT AND LEVEL,WET,NO DEFECTS,ON SCENE,INJURY AND / OR TOW DUE TO CRASH,Y,Y,,"OVER $1,500",10/3/2019 8:58,UNABLE TO DETERMINE,UNABLE TO DETERMINE,833,E,79TH ST,624,,,,,,,2,NONINCAPACITATING INJURY,1,0,0,1,0,1,0,8,5,10,41.75119237,-87.60390405,POINT (-87.603904046836 41.751192374354)
JC458200,,10/3/2019 8:55,25,NO CONTROLS,NO CONTROLS,CLEAR,DAYLIGHT,FIXED OBJECT,PARKING LOT,,STRAIGHT AND LEVEL,DRY,NO DEFECTS,ON SCENE,NO INJURY / DRIVE AWAY,,Y,,"OVER $1,500",10/3/2019 9:28,UNABLE TO DETERMINE,NOT APPLICABLE,204,S,ASHLAND AVE,1231,,,,,,,1,NO INDICATION OF INJURY,0,0,0,0,0,1,0,8,5,10,41.87870717,-87.66688983,POINT (-87.666889832597 41.878707166344)
JC458900,,10/3/2019 8:50,30,NO CONTROLS,NO CONTROLS,CLEAR,DAYLIGHT,PEDALCYCLIST,NOT DIVIDED,,STRAIGHT AND LEVEL,DRY,NO DEFECTS,NOT ON SCENE (DESK REPORT),NO INJURY / DRIVE AWAY,,,,$500 OR LESS,10/3/2019 17:59,UNABLE TO DETERMINE,UNABLE TO DETERMINE,1850,N,CLARK ST,1814,,,,,,,2,NO INDICATION OF INJURY,0,0,0,0,0,2,0,8,5,10,41.91625108,-87.63490637,POINT (-87.63490636467 41.916251076723)
JC458206,Y,10/3/2019 8:50,35,NO CONTROLS,NO CONTROLS,CLEAR,DAYLIGHT,HEAD ON,DIVIDED - W/MEDIAN (NOT RAISED),,STRAIGHT AND LEVEL,DRY,NO DEFECTS,ON SCENE,INJURY AND / OR TOW DUE TO CRASH,,,,"OVER $1,500",10/3/2019 9:20,UNABLE TO DETERMINE,UNABLE TO DETERMINE,398,E,87TH ST,632,,,,,,,2,NONINCAPACITATING INJURY,1,0,0,1,0,1,0,8,5,10,41.73661159,-87.61461133,POINT (-87.614611334361 41.736611592278)
JC458169,,10/3/2019 8:45,15,NO CONTROLS,NO CONTROLS,CLEAR,DAYLIGHT,REAR TO SIDE,PARKING LOT,,STRAIGHT AND LEVEL,UNKNOWN,UNKNOWN,ON SCENE,INJURY AND / OR TOW DUE TO CRASH,,,,"OVER $1,500",10/3/2019 8:46,IMPROPER BACKING,NOT APPLICABLE,4047,E,106TH ST,432,,,,,,,2,NO INDICATION OF INJURY,0,0,0,0,0,4,0,8,5,10,41.70257328,-87.52509414,POINT (-87.525094135987 41.702573275377)
JC458103,,10/3/2019 8:45,25,TRAFFIC SIGNAL,FUNCTIONING PROPERLY,CLOUDY/OVERCAST,DAYLIGHT,SIDESWIPE SAME DIRECTION,DIVIDED - W/MEDIAN (NOT RAISED),,STRAIGHT AND LEVEL,DRY,NO DEFECTS,ON SCENE,INJURY AND / OR TOW DUE TO CRASH,N,,,"$501 - $1,500",10/3/2019 8:45,RELATED TO BUS STOP,NOT APPLICABLE,6700,S,JEFFERY BLVD,332,,,,,,,2,NONINCAPACITATING INJURY,1,0,0,1,0,1,0,8,5,10,41.77336841,-87.57663855,POINT (-87.576638552177 41.773368408547)
JC458188,,10/3/2019 8:40,30,TRAFFIC SIGNAL,FUNCTIONING PROPERLY,CLEAR,DAYLIGHT,TURNING,DIVIDED - W/MEDIAN BARRIER,,STRAIGHT AND LEVEL,DRY,NO DEFECTS,NOT ON SCENE (DESK REPORT),NO INJURY / DRIVE AWAY,Y,,,"$501 - $1,500",10/3/2019 9:40,FAILING TO YIELD RIGHT-OF-WAY,NOT APPLICABLE,658,N,LA SALLE DR,1832,,,,,,,2,NO INDICATION OF INJURY,0,0,0,0,0,2,0,8,5,10,41.8940496,-87.63280877,POINT (-87.632808773591 41.894049599624)
JC458164,,10/3/2019 8:40,30,NO CONTROLS,NO CONTROLS,CLEAR,DAYLIGHT,SIDESWIPE SAME DIRECTION,DIVIDED - W/MEDIAN (NOT RAISED),,CURVE ON GRADE,DRY,NO DEFECTS,ON SCENE,INJURY AND / OR TOW DUE TO CRASH,,,,"OVER $1,500",10/3/2019 9:15,UNABLE TO DETERMINE,NOT APPLICABLE,2751,S,DAMEN AVE,1034,,,,,,,2,NO INDICATION OF INJURY,0,0,0,0,0,2,0,8,5,10,41.84171552,-87.67536249,POINT (-87.67536249391 41.841715516607)
JC458149,,10/3/2019 8:38,30,NO CONTROLS,NO CONTROLS,CLEAR,DAYLIGHT,PARKED MOTOR VEHICLE,NOT DIVIDED,,STRAIGHT AND LEVEL,DRY,NO DEFECTS,NOT ON SCENE (DESK REPORT),NO INJURY / DRIVE AWAY,,,,$500 OR LESS,10/3/2019 9:00,IMPROPER LANE USAGE,UNABLE TO DETERMINE,10630,S,TORRENCE AVE,434,,,,,,,2,NO INDICATION OF INJURY,0,0,0,0,0,1,0,8,5,10,41.70184724,-87.55973481,POINT (-87.559734808118 41.70184724442)
JC458155,,10/3/2019 8:35,30,STOP SIGN/FLASHER,FUNCTIONING PROPERLY,RAIN,DAYLIGHT,ANGLE,NOT DIVIDED,,STRAIGHT AND LEVEL,WET,NO DEFECTS,ON SCENE,INJURY AND / OR TOW DUE TO CRASH,Y,,,"OVER $1,500",10/3/2019 8:37,FAILING TO YIELD RIGHT-OF-WAY,NOT APPLICABLE,6300,N,HARLEM AVE,1612,,,,,,,3,INCAPACITATING INJURY,2,0,2,0,0,1,0,8,5,10,41.99541208,-87.80696503,POINT (-87.806965026884 41.995412084135)
JC458327,Y,10/3/2019 8:30,20,NO CONTROLS,NO CONTROLS,CLEAR,DAYLIGHT,PARKED MOTOR VEHICLE,ONE-WAY,,STRAIGHT AND LEVEL,UNKNOWN,UNKNOWN,NOT ON SCENE (DESK REPORT),NO INJURY / DRIVE AWAY,,N,Y,"OVER $1,500",10/3/2019 11:25,UNABLE TO DETERMINE,NOT APPLICABLE,7926,S,LANGLEY AVE,624,,,,,,,2,NO INDICATION OF INJURY,0,0,0,0,0,1,0,8,5,10,41.75041311,-87.60778413,POINT (-87.607784128149 41.750413112565)
JC458238,,10/3/2019 8:30,15,NO CONTROLS,NO CONTROLS,RAIN,DAYLIGHT,PARKED MOTOR VEHICLE,NOT DIVIDED,,STRAIGHT AND LEVEL,WET,NO DEFECTS,NOT ON SCENE (DESK REPORT),NO INJURY / DRIVE AWAY,,,Y,"OVER $1,500",10/3/2019 10:00,NOT APPLICABLE,NOT APPLICABLE,6,N,HAMLIN BLVD,1122,,,,,,,2,NO INDICATION OF INJURY,0,0,0,0,0,1,0,8,5,10,41.88096762,-87.72090693,POINT (-87.720906932532 41.880967623606)
JC458123,,10/3/2019 8:29,30,TRAFFIC SIGNAL,UNKNOWN,CLOUDY/OVERCAST,DUSK,PEDALCYCLIST,DIVIDED - W/MEDIAN (NOT RAISED),,STRAIGHT AND LEVEL,DRY,NO DEFECTS,ON SCENE,NO INJURY / DRIVE AWAY,Y,,,$500 OR LESS,10/3/2019 8:29,DISTRACTION - FROM INSIDE VEHICLE,NOT APPLICABLE,562,W,VAN BUREN ST,121,,,Y,,,,2,NO INDICATION OF INJURY,0,0,0,0,0,2,0,8,5,10,41.87684856,-87.64207357,POINT (-87.64207357144 41.876848564186)
JC459127,,10/3/2019 8:25,30,NO CONTROLS,NO CONTROLS,CLEAR,DAWN,SIDESWIPE SAME DIRECTION,NOT DIVIDED,,STRAIGHT AND LEVEL,DRY,NO DEFECTS,NOT ON SCENE (DESK REPORT),NO INJURY / DRIVE AWAY,,,Y,"$501 - $1,500",10/3/2019 20:45,IMPROPER LANE USAGE,IMPROPER BACKING,6127,S,HARLEM AVE,812,,,,,,,2,NO INDICATION OF INJURY,0,0,0,0,0,2,0,8,5,10,41.78008067,-87.80087253,POINT (-87.800872534353 41.780080666295)
JC458119,,10/3/2019 8:20,30,STOP SIGN/FLASHER,FUNCTIONING PROPERLY,CLOUDY/OVERCAST,DAYLIGHT,ANGLE,NOT DIVIDED,,STRAIGHT AND LEVEL,DRY,NO DEFECTS,ON SCENE,INJURY AND / OR TOW DUE TO CRASH,Y,,,"OVER $1,500",10/3/2019 8:24,FAILING TO YIELD RIGHT-OF-WAY,NOT APPLICABLE,6329,W,FOSTER AVE,1622,,,,,,,2,NO INDICATION OF INJURY,0,0,0,0,0,2,0,8,5,10,41.97554605,-87.78662284,POINT (-87.786622843185 41.975546052637)
JC458134,,10/3/2019 8:19,30,TRAFFIC SIGNAL,FUNCTIONING PROPERLY,CLEAR,DAYLIGHT,TURNING,NOT DIVIDED,,STRAIGHT AND LEVEL,WET,NO DEFECTS,ON SCENE,INJURY AND / OR TOW DUE TO CRASH,Y,,,"OVER $1,500",10/3/2019 8:22,UNABLE TO DETERMINE,UNABLE TO DETERMINE,3000,W,LAKE ST,1222,,,,,,,2,INCAPACITATING INJURY,2,0,2,0,0,0,0,8,5,10,41.88418765,-87.70141117,POINT (-87.701411168075 41.884187653953)
JC458120,,10/3/2019 8:18,1,NO CONTROLS,NO CONTROLS,RAIN,DAYLIGHT,REAR TO FRONT,ONE-WAY,,STRAIGHT AND LEVEL,WET,NO DEFECTS,ON SCENE,NO INJURY / DRIVE AWAY,,,,"$501 - $1,500",10/3/2019 8:30,IMPROPER BACKING,FAILING TO REDUCE SPEED TO AVOID CRASH,4200,W,115TH ST,2211,,,,,,,2,NO INDICATION OF INJURY,0,0,0,0,0,2,0,8,5,10,41.68399182,-87.72501728,POINT (-87.725017275758 41.683991815644)
JC458477,,10/3/2019 8:15,30,TRAFFIC SIGNAL,FUNCTIONING PROPERLY,CLEAR,DAYLIGHT,REAR END,DIVIDED - W/MEDIAN (NOT RAISED),,STRAIGHT AND LEVEL,DRY,NO DEFECTS,NOT ON SCENE (DESK REPORT),NO INJURY / DRIVE AWAY,,,,$500 OR LESS,10/3/2019 12:55,FOLLOWING TOO CLOSELY,UNABLE TO DETERMINE,3000,W,DEVON AVE,2412,,,,,,,2,NO INDICATION OF INJURY,0,0,0,0,0,2,0,8,5,10,41.99758449,-87.7045782,POINT (-87.70457819681 41.997584487986)
JC458223,,10/3/2019 8:15,30,TRAFFIC SIGNAL,FUNCTIONING PROPERLY,OTHER,"DARKNESS, LIGHTED ROAD",REAR END,DIVIDED - W/MEDIAN BARRIER,,STRAIGHT AND LEVEL,DRY,NO DEFECTS,NOT ON SCENE (DESK REPORT),NO INJURY / DRIVE AWAY,Y,,,"OVER $1,500",10/3/2019 10:00,UNABLE TO DETERMINE,UNABLE TO DETERMINE,200,W,LOWER WACKER DR,122,,,,,,,2,NO INDICATION OF INJURY,0,0,0,0,0,3,0,8,5,10,41.88706878,-87.63400796,POINT (-87.634007958314 41.88706877922)
JC458158,,10/3/2019 8:10,30,NO CONTROLS,NO CONTROLS,CLEAR,DAYLIGHT,SIDESWIPE OPPOSITE DIRECTION,NOT DIVIDED,,STRAIGHT AND LEVEL,DRY,NO DEFECTS,NOT ON SCENE (DESK REPORT),NO INJURY / DRIVE AWAY,,,Y,$500 OR LESS,10/3/2019 9:20,UNABLE TO DETERMINE,NOT APPLICABLE,4818,S,EVANS AVE,223,,,,,,,2,NO INDICATION OF INJURY,0,0,0,0,0,4,0,8,5,10,41.80709635,-87.60787928,POINT (-87.607879278483 41.807096350459)
JC458104,,10/3/2019 8:09,30,STOP SIGN/FLASHER,NO CONTROLS,RAIN,DAYLIGHT,PEDALCYCLIST,NOT DIVIDED,,STRAIGHT AND LEVEL,WET,UNKNOWN,ON SCENE,INJURY AND / OR TOW DUE TO CRASH,Y,,,$500 OR LESS,10/3/2019 8:15,UNABLE TO DETERMINE,UNABLE TO DETERMINE,1600,E,55TH ST,234,,,,,,,2,NONINCAPACITATING INJURY,1,0,0,1,0,1,0,8,5,10,41.79529493,-87.58752503,POINT (-87.587525031623 41.795294926626)
JC458150,,10/3/2019 8:05,30,TRAFFIC SIGNAL,FUNCTIONING PROPERLY,CLEAR,DAYLIGHT,REAR END,NOT DIVIDED,,STRAIGHT AND LEVEL,DRY,NO DEFECTS,NOT ON SCENE (DESK REPORT),NO INJURY / DRIVE AWAY,,,Y,"OVER $1,500",10/3/2019 9:00,UNABLE TO DETERMINE,UNABLE TO DETERMINE,4397,N,ELSTON AVE,1722,,,,,,,2,NO INDICATION OF INJURY,0,0,0,0,0,3,0,8,5,10,41.9607592,-87.72923439,POINT (-87.72923439098 41.96075920147)
JC458201,,10/3/2019 8:00,30,NO CONTROLS,NO CONTROLS,UNKNOWN,UNKNOWN,PARKED MOTOR VEHICLE,ONE-WAY,,STRAIGHT AND LEVEL,UNKNOWN,UNKNOWN,NOT ON SCENE (DESK REPORT),NO INJURY / DRIVE AWAY,,,Y,"$501 - $1,500",10/3/2019 9:40,NOT APPLICABLE,NOT APPLICABLE,713,N,LATROBE AVE,1524,,,,,,,2,NO INDICATION OF INJURY,0,0,0,0,0,1,0,8,5,10,41.89342624,-87.75662428,POINT (-87.756624277206 41.893426237294)
JC458190,,10/3/2019 8:00,30,NO CONTROLS,NO CONTROLS,CLEAR,DAYLIGHT,REAR END,NOT DIVIDED,,STRAIGHT AND LEVEL,DRY,NO DEFECTS,NOT ON SCENE (DESK REPORT),NO INJURY / DRIVE AWAY,,,,"$501 - $1,500",10/3/2019 9:30,UNABLE TO DETERMINE,UNABLE TO DETERMINE,452,S,ASHLAND AVE,1231,,,,,,,2,NO INDICATION OF INJURY,0,0,0,0,0,2,0,8,5,10,41.87519014,-87.66677373,POINT (-87.666773733757 41.875190140846)
JC458166,,10/3/2019 8:00,30,NO CONTROLS,NO CONTROLS,CLEAR,DAYLIGHT,REAR END,NOT DIVIDED,,STRAIGHT AND LEVEL,DRY,NO DEFECTS,NOT ON SCENE (DESK REPORT),NO INJURY / DRIVE AWAY,,,,"OVER $1,500",10/3/2019 9:10,UNABLE TO DETERMINE,NOT APPLICABLE,6422,W,ARCHER AVE,811,,,,,,,2,NO INDICATION OF INJURY,0,0,0,0,0,2,0,8,5,10,41.79243223,-87.78287753,POINT (-87.782877530109 41.792432225441)
JC458160,,10/3/2019 8:00,15,NO CONTROLS,NO CONTROLS,CLOUDY/OVERCAST,DAYLIGHT,FIXED OBJECT,PARKING LOT,,STRAIGHT AND LEVEL,WET,NO DEFECTS,ON SCENE,INJURY AND / OR TOW DUE TO CRASH,,,,"OVER $1,500",10/3/2019 8:00,UNABLE TO DETERMINE,NOT APPLICABLE,1750,W,PETERSON AVE,2433,,,,,,,1,NO INDICATION OF INJURY,0,0,0,0,0,1,0,8,5,10,41.9908917,-87.67367523,POINT (-87.673675230799 41.990891695235)
JC458110,,10/3/2019 7:55,25,STOP SIGN/FLASHER,FUNCTIONING PROPERLY,RAIN,DAYLIGHT,ANGLE,NOT DIVIDED,,STRAIGHT AND LEVEL,WET,NO DEFECTS,ON SCENE,NO INJURY / DRIVE AWAY,,,,$500 OR LESS,10/3/2019 8:30,NOT APPLICABLE,NOT APPLICABLE,2640,W,NORTH SHORE AVE,2412,,,,,,,2,NO INDICATION OF INJURY,0,0,0,0,0,4,0,7,5,10,42.00318572,-87.69652686,POINT (-87.696526856753 42.003185723642)
JC458902,,10/3/2019 7:50,30,TRAFFIC SIGNAL,FUNCTIONING PROPERLY,CLEAR,DAYLIGHT,PARKED MOTOR VEHICLE,DIVIDED - W/MEDIAN BARRIER,,STRAIGHT AND LEVEL,DRY,NO DEFECTS,NOT ON SCENE (DESK REPORT),NO INJURY / DRIVE AWAY,,,,"OVER $1,500",10/3/2019 17:55,UNABLE TO DETERMINE,UNABLE TO DETERMINE,7531,S,STONY ISLAND AVE,411,,,,,,,2,NO INDICATION OF INJURY,0,0,0,0,0,1,0,7,5,10,41.75781542,-87.58556922,POINT (-87.585569221511 41.757815422072)
JC458888,,10/3/2019 7:50,30,NO CONTROLS,NO CONTROLS,CLEAR,DAYLIGHT,SIDESWIPE SAME DIRECTION,NOT DIVIDED,,STRAIGHT AND LEVEL,DRY,NO DEFECTS,NOT ON SCENE (DESK REPORT),NO INJURY / DRIVE AWAY,,,,"$501 - $1,500",10/3/2019 17:45,IMPROPER LANE USAGE,IMPROPER LANE USAGE,4135,S,KEDZIE AVE,921,,,,,,,2,NO INDICATION OF INJURY,0,0,0,0,0,2,0,7,5,10,41.81798772,-87.70421744,POINT (-87.704217437776 41.817987721861)
JC458100,,10/3/2019 7:50,30,TRAFFIC SIGNAL,FUNCTIONING PROPERLY,CLOUDY/OVERCAST,DAYLIGHT,REAR END,NOT DIVIDED,,STRAIGHT AND LEVEL,WET,NO DEFECTS,NOT ON SCENE (DESK REPORT),NO INJURY / DRIVE AWAY,,,,"$501 - $1,500",10/3/2019 8:10,FOLLOWING TOO CLOSELY,FAILING TO REDUCE SPEED TO AVOID CRASH,7134,W,HIGGINS AVE,1613,,,,,,,3,NO INDICATION OF INJURY,0,0,0,0,0,4,0,7,5,10,41.98100034,-87.80590547,POINT (-87.805905466005 41.981000341611)
JC458314,,10/3/2019 7:49,30,STOP SIGN/FLASHER,FUNCTIONING PROPERLY,CLEAR,DAYLIGHT,SIDESWIPE SAME DIRECTION,NOT DIVIDED,,STRAIGHT AND LEVEL,DRY,NO DEFECTS,NOT ON SCENE (DESK REPORT),NO INJURY / DRIVE AWAY,Y,,,"OVER $1,500",10/3/2019 11:10,IMPROPER OVERTAKING/PASSING,UNABLE TO DETERMINE,1832,W,DIVISION ST,1424,,,,,,,2,NO INDICATION OF INJURY,0,0,0,0,0,4,0,7,5,10,41.90335572,-87.67370964,POINT (-87.673709637333 41.903355722062)
JC458341,,10/3/2019 7:45,30,NO CONTROLS,NO CONTROLS,CLEAR,DAYLIGHT,TURNING,NOT DIVIDED,,STRAIGHT AND LEVEL,DRY,NO DEFECTS,NOT ON SCENE (DESK REPORT),NO INJURY / DRIVE AWAY,,,Y,"OVER $1,500",10/3/2019 11:00,FAILING TO YIELD RIGHT-OF-WAY,IMPROPER OVERTAKING/PASSING,5600,W,FULLERTON AVE,2515,,,,,,,2,NO INDICATION OF INJURY,0,0,0,0,0,2,0,7,5,10,41.9240902,-87.76605353,POINT (-87.766053530161 41.924090198835)
JC458087,,10/3/2019 7:45,20,NO CONTROLS,NO CONTROLS,CLEAR,DAYLIGHT,PARKED MOTOR VEHICLE,NOT DIVIDED,,STRAIGHT AND LEVEL,DRY,NO DEFECTS,ON SCENE,NO INJURY / DRIVE AWAY,,,Y,"OVER $1,500",10/3/2019 7:50,UNABLE TO DETERMINE,NOT APPLICABLE,3619,S,ELLIS AVE,212,,,,,,,2,NO INDICATION OF INJURY,0,0,0,0,0,1,0,7,5,10,41.829108,-87.60800442,POINT (-87.60800441576 41.829108002498)
JC458079,,10/3/2019 7:45,30,NO CONTROLS,NO CONTROLS,CLEAR,DAYLIGHT,REAR END,NOT DIVIDED,,STRAIGHT AND LEVEL,WET,NO DEFECTS,NOT ON SCENE (DESK REPORT),NO INJURY / DRIVE AWAY,,,,"OVER $1,500",10/3/2019 7:50,FOLLOWING TOO CLOSELY,UNABLE TO DETERMINE,5109,W,FOSTER AVE,1623,,,,,,,2,NO INDICATION OF INJURY,0,0,0,0,0,2,0,7,5,10,41.97513171,-87.75566297,POINT (-87.75566297074 41.975131705257)
JC458085,,10/3/2019 7:41,40,NO CONTROLS,NO CONTROLS,CLOUDY/OVERCAST,DAYLIGHT,REAR END,DIVIDED - W/MEDIAN BARRIER,,STRAIGHT AND LEVEL,WET,NO DEFECTS,ON SCENE,NO INJURY / DRIVE AWAY,,,,$500 OR LESS,10/3/2019 7:41,"EVASIVE ACTION DUE TO ANIMAL, OBJECT, NONMOTORIST",UNABLE TO DETERMINE,943,N,LAKE SHORE DR NB,1833,,,,,,,2,NO INDICATION OF INJURY,0,0,0,0,0,2,0,7,5,10,41.9005623,-87.61905543,POINT (-87.619055430943 41.90056230072)
JC458086,,10/3/2019 7:39,30,TRAFFIC SIGNAL,FUNCTIONING PROPERLY,RAIN,DAYLIGHT,REAR END,DIVIDED - W/MEDIAN (NOT RAISED),,STRAIGHT AND LEVEL,WET,NO DEFECTS,ON SCENE,INJURY AND / OR TOW DUE TO CRASH,,,,"OVER $1,500",10/3/2019 7:40,FAILING TO REDUCE SPEED TO AVOID CRASH,WEATHER,6231,W,MONTROSE AVE,1624,,,,,,,3,NO INDICATION OF INJURY,0,0,0,0,0,4,0,7,5,10,41.96015674,-87.78319229,POINT (-87.783192293533 41.960156743817)
JC458082,,10/3/2019 7:37,30,NO CONTROLS,NO CONTROLS,CLOUDY/OVERCAST,DAWN,PEDESTRIAN,NOT DIVIDED,,STRAIGHT AND LEVEL,WET,UNKNOWN,ON SCENE,INJURY AND / OR TOW DUE TO CRASH,,,,"$501 - $1,500",10/3/2019 7:37,NOT APPLICABLE,NOT APPLICABLE,958,E,75TH ST,323,,Y,,,,,2,INCAPACITATING INJURY,1,0,1,0,0,1,0,7,5,10,41.75874354,-87.60057795,POINT (-87.600577944538 41.758743540618)
JC460056,,10/3/2019 7:30,25,NO CONTROLS,NO CONTROLS,CLEAR,DAYLIGHT,PARKED MOTOR VEHICLE,NOT DIVIDED,,STRAIGHT AND LEVEL,DRY,NO DEFECTS,NOT ON SCENE (DESK REPORT),NO INJURY / DRIVE AWAY,,,Y,$500 OR LESS,10/4/2019 16:20,UNABLE TO DETERMINE,NOT APPLICABLE,2400,W,WILSON AVE,1911,,,,,,,2,NO INDICATION OF INJURY,0,0,0,0,0,1,0,7,5,10,41.96497562,-87.68885806,POINT (-87.688858060648 41.964975618235)
JC459020,,10/3/2019 7:30,30,STOP SIGN/FLASHER,NO CONTROLS,CLEAR,DAYLIGHT,PEDALCYCLIST,NOT DIVIDED,,STRAIGHT AND LEVEL,DRY,NO DEFECTS,ON SCENE,INJURY AND / OR TOW DUE TO CRASH,,,,"OVER $1,500",10/3/2019 19:20,DISREGARDING STOP SIGN,DISREGARDING STOP SIGN,4000,S,WESTERN AVE,921,,,,,,,2,NONINCAPACITATING INJURY,1,0,0,1,0,1,0,7,5,10,41.82100687,-87.68491087,POINT (-87.684910873598 41.821006868171)
JC458084,,10/3/2019 7:30,10,NO CONTROLS,NO CONTROLS,CLEAR,DAYLIGHT,FIXED OBJECT,PARKING LOT,,STRAIGHT AND LEVEL,WET,NO DEFECTS,ON SCENE,NO INJURY / DRIVE AWAY,,Y,,"$501 - $1,500",10/3/2019 8:05,UNABLE TO DETERMINE,UNABLE TO DETERMINE,3205,S,ASHLAND AVE,912,,,,,,,1,NO INDICATION OF INJURY,0,0,0,0,0,1,0,7,5,10,41.83534052,-87.66553736,POINT (-87.665537361696 41.835340520818)
JC458080,,10/3/2019 7:30,15,NO CONTROLS,NO CONTROLS,CLEAR,DAYLIGHT,REAR END,NOT DIVIDED,,STRAIGHT AND LEVEL,WET,NO DEFECTS,ON SCENE,NO INJURY / DRIVE AWAY,,,,"OVER $1,500",10/3/2019 7:35,IMPROPER BACKING,NOT APPLICABLE,1158,E,54TH ST,233,,,,,,,2,NO INDICATION OF INJURY,0,0,0,0,0,3,0,7,5,10,41.79808961,-87.59737969,POINT (-87.597379685092 41.798089604986)
JC458075,,10/3/2019 7:30,25,TRAFFIC SIGNAL,FUNCTIONING PROPERLY,CLOUDY/OVERCAST,DAYLIGHT,REAR END,NOT DIVIDED,,STRAIGHT AND LEVEL,WET,NO DEFECTS,NOT ON SCENE (DESK REPORT),NO INJURY / DRIVE AWAY,Y,,,"$501 - $1,500",10/3/2019 7:40,FOLLOWING TOO CLOSELY,FOLLOWING TOO CLOSELY,1905,W,DEVON AVE,2413,,,,,,,2,NO INDICATION OF INJURY,0,0,0,0,0,2,0,7,5,10,41.99784461,-87.67714735,POINT (-87.677147349922 41.997844606429)
JC458094,,10/3/2019 7:25,30,STOP SIGN/FLASHER,FUNCTIONING PROPERLY,CLEAR,DAYLIGHT,REAR END,NOT DIVIDED,,STRAIGHT AND LEVEL,DRY,NO DEFECTS,NOT ON SCENE (DESK REPORT),NO INJURY / DRIVE AWAY,,,,"$501 - $1,500",10/3/2019 8:17,UNABLE TO DETERMINE,NOT APPLICABLE,2833,N,KEDZIE AVE,1411,,,,,,,2,NO INDICATION OF INJURY,0,0,0,0,0,2,0,7,5,10,41.93304063,-87.7073072,POINT (-87.707307202243 41.933040631069)
JC458117,,10/3/2019 7:00,25,TRAFFIC SIGNAL,FUNCTIONING PROPERLY,CLOUDY/OVERCAST,DAYLIGHT,SIDESWIPE SAME DIRECTION,ONE-WAY,,STRAIGHT AND LEVEL,WET,NO DEFECTS,NOT ON SCENE (DESK REPORT),NO INJURY / DRIVE AWAY,Y,,,"OVER $1,500",10/3/2019 8:07,FOLLOWING TOO CLOSELY,FOLLOWING TOO CLOSELY,4810,W,43RD ST,814,,,,,,,2,NO INDICATION OF INJURY,0,0,0,0,0,3,0,7,5,10,41.81502948,-87.74372082,POINT (-87.743720821118 41.815029483185)