RD_NO,CRASH_DATE_EST_I,CRASH_DATE,POSTED_SPEED_LIMIT,TRAFFIC_CONTROL_DEVICE,DEVICE_CONDITION,WEATHER_CONDITION,LIGHTING_CONDITION,FIRST_CRASH_TYPE,TRAFFICWAY_TYPE,LANE_CNT,ALIGNMENT,ROADWAY_SURFACE_COND,ROAD_DEFECT,REPORT_TYPE,CRASH_TYPE,INTERSECTION_RELATED_I,NOT_RIGHT_OF_WAY_I,HIT_AND_RUN_I,DAMAGE,DATE_POLICE_NOTIFIED,PRIM_CONTRIBUTORY_CAUSE,SEC_CONTRIBUTORY_CAUSE,STREET_NO,STREET_DIRECTION,STREET_NAME,BEAT_OF_OCCURRENCE,PHOTOS_TAKEN_I,STATEMENTS_TAKEN_I,DOORING_I,WORK_ZONE_I,WORK_ZONE_TYPE,WORKERS_PRESENT_I,NUM_UNITS,MOST_SEVERE_INJURY,INJURIES_TOTAL,INJURIES_FATAL,INJURIES_INCAPACITATING,INJURIES_NON_INCAPACITATING,INJURIES_REPORTED_NOT_EVIDENT,INJURIES_NO_INDICATION,INJURIES_UNKNOWN,CRASH_HOUR,CRASH_DAY_OF_WEEK,CRASH_MONTH,LATITUDE,LONGITUDE,LOCATION
JC458046,,10/3/2019 6:35,30,STOP SIGN/FLASHER,FUNCTIONING PROPERLY,RAIN,DAWN,ANGLE,NOT DIVIDED,,STRAIGHT AND LEVEL,WET,NO DEFECTS,ON SCENE,INJURY AND / OR TOW DUE TO CRASH,Y,,,"OVER $1,500",10/3/2019 6:37,FAILING TO YIELD RIGHT-OF-WAY,NOT APPLICABLE,3400,W,BEACH AVE,1422,,,,,,,2,NO INDICATION OF INJURY,0,0,0,0,0,2,0,6,5,10,41.90742904,-87.71194609,POINT (-87.711946090529 41.907429039297)
JC458145,,10/3/2019 6:00,25,NO CONTROLS,NO CONTROLS,CLEAR,"DARKNESS, LIGHTED ROAD",TURNING,ONE-WAY,,STRAIGHT AND LEVEL,DRY,NO DEFECTS,NOT ON SCENE (DESK REPORT),NO INJURY / DRIVE AWAY,,,,"OVER $1,500",10/3/2019 9:00,FAILING TO YIELD RIGHT-OF-WAY,"VISION OBSCURED (SIGNS, TREE LIMBS, BUILDINGS, ETC.)",2615,W,POTOMAC AVE,1423,,,,,,,2,NO INDICATION OF INJURY,0,0,0,0,0,2,0,6,5,10,41.90468126,-87.69265486,POINT (-87.692654856732 41.904681263282)
JC458032,,10/3/2019 5:48,30,TRAFFIC SIGNAL,FUNCTIONING PROPERLY,CLEAR,"DARKNESS, LIGHTED ROAD",REAR END,NOT DIVIDED,,STRAIGHT AND LEVEL,WET,NO DEFECTS,ON SCENE,NO INJURY / DRIVE AWAY,Y,,Y,$500 OR LESS,10/3/2019 5:53,FOLLOWING TOO CLOSELY,FAILING TO REDUCE SPEED TO AVOID CRASH,1158,W,LAKE ST,1214,,,,,,,2,NO INDICATION OF INJURY,0,0,0,0,0,2,0,5,5,10,41.88561362,-87.65674549,POINT (-87.656745488517 41.885613623095)
JC458027,,10/3/2019 5:45,25,STOP SIGN/FLASHER,FUNCTIONING PROPERLY,RAIN,"DARKNESS, LIGHTED ROAD",PARKED MOTOR VEHICLE,ONE-WAY,,STRAIGHT AND LEVEL,WET,NO DEFECTS,ON SCENE,NO INJURY / DRIVE AWAY,,,Y,$500 OR LESS,10/3/2019 5:48,UNABLE TO DETERMINE,NOT APPLICABLE,7813,S,ESSEX AVE,421,,,,,,,2,NO INDICATION OF INJURY,0,0,0,0,0,1,0,5,5,10,41.75315106,-87.56368591,POINT (-87.56368591234 41.753151057913)
JC458018,,10/3/2019 5:31,30,TRAFFIC SIGNAL,FUNCTIONING PROPERLY,RAIN,"DARKNESS, LIGHTED ROAD",TURNING,FOUR WAY,,STRAIGHT AND LEVEL,WET,NO DEFECTS,ON SCENE,INJURY AND / OR TOW DUE TO CRASH,Y,,,"$501 - $1,500",10/3/2019 5:31,UNABLE TO DETERMINE,UNABLE TO DETERMINE,728,S,CICERO AVE,1533,,,,,,,2,NO INDICATION OF INJURY,0,0,0,0,0,3,0,5,5,10,41.87128873,-87.7450732,POINT (-87.745073203162 41.871288733308)
JC458030,Y,10/3/2019 5:28,30,TRAFFIC SIGNAL,FUNCTIONING PROPERLY,RAIN,"DARKNESS, LIGHTED ROAD",TURNING,DIVIDED - W/MEDIAN (NOT RAISED),,STRAIGHT AND LEVEL,WET,NO DEFECTS,ON SCENE,NO INJURY / DRIVE AWAY,,,Y,"$501 - $1,500",10/3/2019 5:59,IMPROPER TURNING/NO SIGNAL,IMPROPER OVERTAKING/PASSING,1,S,CICERO AVE,1113,,,,,,,2,NO INDICATION OF INJURY,0,0,0,0,0,2,0,5,5,10,41.88045118,-87.74512888,POINT (-87.745128877552 41.880451176199)
JC458020,,10/3/2019 5:08,30,NO CONTROLS,NO CONTROLS,RAIN,"DARKNESS, LIGHTED ROAD",PARKED MOTOR VEHICLE,NOT DIVIDED,,STRAIGHT AND LEVEL,WET,NO DEFECTS,ON SCENE,NO INJURY / DRIVE AWAY,,,Y,"OVER $1,500",10/3/2019 5:32,UNABLE TO DETERMINE,UNABLE TO DETERMINE,2915,W,55TH ST,824,,,,,,,2,NO INDICATION OF INJURY,0,0,0,0,0,1,0,5,5,10,41.79352645,-87.69693811,POINT (-87.696938109208 41.793526452033)
JC458012,,10/3/2019 4:57,35,TRAFFIC SIGNAL,FUNCTIONING PROPERLY,CLEAR,"DARKNESS, LIGHTED ROAD",SIDESWIPE OPPOSITE DIRECTION,DIVIDED - W/MEDIAN BARRIER,,STRAIGHT AND LEVEL,WET,NO DEFECTS,ON SCENE,INJURY AND / OR TOW DUE TO CRASH,Y,,,"OVER $1,500",10/3/2019 4:59,EQUIPMENT - VEHICLE CONDITION,FAILING TO REDUCE SPEED TO AVOID CRASH,6220,S,LAKE SHORE DR,331,,,,,,,2,NO INDICATION OF INJURY,0,0,0,0,0,2,0,4,5,10,41.7818513,-87.57547464,POINT (-87.575474638028 41.781851295939)
JC458525,,10/3/2019 4:45,30,TRAFFIC SIGNAL,FUNCTIONING PROPERLY,UNKNOWN,"DARKNESS, LIGHTED ROAD",REAR END,NOT DIVIDED,,STRAIGHT AND LEVEL,UNKNOWN,NO DEFECTS,NOT ON SCENE (DESK REPORT),INJURY AND / OR TOW DUE TO CRASH,,,,"OVER $1,500",10/3/2019 13:37,UNABLE TO DETERMINE,NOT APPLICABLE,5200,S,CICERO AVE,814,,,,,,,2,"REPORTED, NOT EVIDENT",1,0,0,0,1,1,0,4,5,10,41.79855828,-87.74307187,POINT (-87.743071866164 41.798558278193)
JC458005,,10/3/2019 4:30,35,NO CONTROLS,NO CONTROLS,CLEAR,"DARKNESS, LIGHTED ROAD",PARKED MOTOR VEHICLE,OTHER,,STRAIGHT AND LEVEL,WET,NO DEFECTS,NOT ON SCENE (DESK REPORT),NO INJURY / DRIVE AWAY,,N,,"OVER $1,500",10/3/2019 4:30,PHYSICAL CONDITION OF DRIVER,NOT APPLICABLE,7601,S,JEFFERY BLVD,414,,,,,,,2,NO INDICATION OF INJURY,0,0,0,0,0,1,0,4,5,10,41.7569701,-87.57595446,POINT (-87.575954462331 41.756970096425)
JC458007,,10/3/2019 4:19,20,NO CONTROLS,NO CONTROLS,CLEAR,"DARKNESS, LIGHTED ROAD",PARKED MOTOR VEHICLE,ONE-WAY,,STRAIGHT AND LEVEL,DRY,NO DEFECTS,ON SCENE,NO INJURY / DRIVE AWAY,,,,"OVER $1,500",10/3/2019 4:36,UNDER THE INFLUENCE OF ALCOHOL/DRUGS (USE WHEN ARREST IS EFFECTED),PHYSICAL CONDITION OF DRIVER,2239,N,LONG AVE,2515,,,,,,,2,NO INDICATION OF INJURY,0,0,0,0,0,1,0,4,5,10,41.92156236,-87.76083908,POINT (-87.760839075278 41.921562361938)
JC457999,,10/3/2019 4:00,30,NO CONTROLS,UNKNOWN,RAIN,DUSK,FIXED OBJECT,NOT DIVIDED,,STRAIGHT AND LEVEL,WET,UNKNOWN,NOT ON SCENE (DESK REPORT),NO INJURY / DRIVE AWAY,,,,"OVER $1,500",10/3/2019 4:22,UNABLE TO DETERMINE,NOT APPLICABLE,3100,N,PULASKI RD,2523,,,,,,,1,NO INDICATION OF INJURY,0,0,0,0,0,1,0,4,5,10,41.93735773,-87.72728293,POINT (-87.727282926315 41.937357726717)
JC457994,,10/3/2019 3:30,25,NO CONTROLS,NO CONTROLS,RAIN,"DARKNESS, LIGHTED ROAD",FIXED OBJECT,DIVIDED - W/MEDIAN BARRIER,,"CURVE, LEVEL",WET,NO DEFECTS,ON SCENE,INJURY AND / OR TOW DUE TO CRASH,,,Y,"OVER $1,500",10/3/2019 3:32,"OPERATING VEHICLE IN ERRATIC, RECKLESS, CARELESS, NEGLIGENT OR AGGRESSIVE MANNER",FAILING TO REDUCE SPEED TO AVOID CRASH,1000,N,LAKE SHORE DR NB,1824,,,,,,,1,NO INDICATION OF INJURY,0,0,0,0,0,1,0,3,5,10,41.90100286,-87.61977981,POINT (-87.619779806193 41.901002863094)
JC457985,,10/3/2019 2:58,30,NO CONTROLS,NO CONTROLS,RAIN,"DARKNESS, LIGHTED ROAD",PARKED MOTOR VEHICLE,NOT DIVIDED,,STRAIGHT AND LEVEL,WET,NO DEFECTS,ON SCENE,INJURY AND / OR TOW DUE TO CRASH,,,,"OVER $1,500",10/3/2019 2:58,DISTRACTION - FROM INSIDE VEHICLE,DISTRACTION - FROM OUTSIDE VEHICLE,3629,N,HARLEM AVE,1632,,,,,,,2,NONINCAPACITATING INJURY,1,0,0,1,0,0,0,2,5,10,41.94614068,-87.80688893,POINT (-87.806888929349 41.946140677415)
JC457980,,10/3/2019 2:40,30,TRAFFIC SIGNAL,FUNCTIONING PROPERLY,RAIN,"DARKNESS, LIGHTED ROAD",PARKED MOTOR VEHICLE,DIVIDED - W/MEDIAN (NOT RAISED),,STRAIGHT AND LEVEL,WET,NO DEFECTS,ON SCENE,INJURY AND / OR TOW DUE TO CRASH,,,,"OVER $1,500",10/3/2019 2:45,UNDER THE INFLUENCE OF ALCOHOL/DRUGS (USE WHEN ARREST IS EFFECTED),NOT APPLICABLE,5688,N,ELSTON AVE,1623,,,,,,,2,NO INDICATION OF INJURY,0,0,0,0,0,1,0,2,5,10,41.98469756,-87.76797254,POINT (-87.767972536301 41.984697562356)
JC457986,,10/3/2019 2:34,30,NO CONTROLS,NO CONTROLS,RAIN,"DARKNESS, LIGHTED ROAD",FIXED OBJECT,DIVIDED - W/MEDIAN (NOT RAISED),,STRAIGHT AND LEVEL,WET,NO DEFECTS,ON SCENE,INJURY AND / OR TOW DUE TO CRASH,,Y,,"OVER $1,500",10/3/2019 2:34,FAILING TO REDUCE SPEED TO AVOID CRASH,NOT APPLICABLE,4006,W,DIVERSEY AVE,2523,,,,,,,1,NO INDICATION OF INJURY,0,0,0,0,0,1,0,2,5,10,41.93189438,-87.72733151,POINT (-87.7273315137 41.931894376331)
JC457981,,10/3/2019 2:10,30,OTHER,OTHER,UNKNOWN,"DARKNESS, LIGHTED ROAD",REAR END,DIVIDED - W/MEDIAN BARRIER,,STRAIGHT AND LEVEL,UNKNOWN,UNKNOWN,NOT ON SCENE (DESK REPORT),INJURY AND / OR TOW DUE TO CRASH,,,N,"OVER $1,500",10/3/2019 2:45,UNABLE TO DETERMINE,HAD BEEN DRINKING (USE WHEN ARREST IS NOT MADE),513,N,COLUMBUS DR,1834,,,,,,,2,"REPORTED, NOT EVIDENT",1,0,0,0,1,1,0,2,5,10,41.89147683,-87.62008258,POINT (-87.620082581632 41.89147683233)
JC457973,,10/3/2019 2:10,30,NO CONTROLS,NO CONTROLS,RAIN,"DARKNESS, LIGHTED ROAD",FIXED OBJECT,DIVIDED - W/MEDIAN BARRIER,,STRAIGHT AND LEVEL,WET,NO DEFECTS,ON SCENE,INJURY AND / OR TOW DUE TO CRASH,Y,,,"OVER $1,500",10/3/2019 2:10,WEATHER,UNABLE TO DETERMINE,2324,W,IRVING PARK RD,1911,,,,,,,1,NO INDICATION OF INJURY,0,0,0,0,0,1,0,2,5,10,41.95414467,-87.68697505,POINT (-87.686975049861 41.954144666323)
JC457970,,10/3/2019 2:05,30,NO CONTROLS,NO CONTROLS,RAIN,"DARKNESS, LIGHTED ROAD",OTHER OBJECT,RAMP,,STRAIGHT AND LEVEL,WET,NO DEFECTS,ON SCENE,NO INJURY / DRIVE AWAY,,Y,,"OVER $1,500",10/3/2019 2:11,EQUIPMENT - VEHICLE CONDITION,UNABLE TO DETERMINE,2605,S,INDIANA AVE,133,,,,,,,1,NO INDICATION OF INJURY,0,0,0,0,0,1,0,2,5,10,41.84548095,-87.62198612,POINT (-87.621986116944 41.845480950206)
JC457967,,10/3/2019 1:41,30,NO CONTROLS,NO CONTROLS,RAIN,"DARKNESS, LIGHTED ROAD",FIXED OBJECT,NOT DIVIDED,,STRAIGHT AND LEVEL,WET,NO DEFECTS,ON SCENE,INJURY AND / OR TOW DUE TO CRASH,,,Y,"OVER $1,500",10/3/2019 1:46,UNABLE TO DETERMINE,NOT APPLICABLE,7132,S,HALSTED ST,733,,,,,,,1,NO INDICATION OF INJURY,0,0,0,0,0,1,0,1,5,10,41.76420611,-87.64453327,POINT (-87.644533266625 41.764206105605)
JC457960,,10/3/2019 1:25,30,NO CONTROLS,NO CONTROLS,RAIN,"DARKNESS, LIGHTED ROAD",SIDESWIPE SAME DIRECTION,ONE-WAY,,STRAIGHT AND LEVEL,WET,UNKNOWN,ON SCENE,NO INJURY / DRIVE AWAY,,,,"OVER $1,500",10/3/2019 1:29,FAILING TO YIELD RIGHT-OF-WAY,FAILING TO REDUCE SPEED TO AVOID CRASH,7339,S,RIDGELAND AVE,324,,,,,,,2,NO INDICATION OF INJURY,0,0,0,0,0,3,0,1,5,10,41.76130695,-87.58216141,POINT (-87.582161411585 41.761306945101)
JC459254,Y,10/3/2019 1:00,30,NO CONTROLS,NO CONTROLS,RAIN,DARKNESS,SIDESWIPE OPPOSITE DIRECTION,NOT DIVIDED,,STRAIGHT AND LEVEL,WET,NO DEFECTS,NOT ON SCENE (DESK REPORT),INJURY AND / OR TOW DUE TO CRASH,,,Y,"OVER $1,500",10/3/2019 23:42,FAILING TO REDUCE SPEED TO AVOID CRASH,UNABLE TO DETERMINE,4701,W,LAKE ST,1113,,,,,,,2,NO INDICATION OF INJURY,0,0,0,0,0,2,0,1,5,10,41.88635623,-87.74317042,POINT (-87.743170422752 41.886356232378)
JC457957,,10/3/2019 0:59,30,NO CONTROLS,NO CONTROLS,RAIN,"DARKNESS, LIGHTED ROAD",FIXED OBJECT,NOT DIVIDED,,STRAIGHT AND LEVEL,WET,NO DEFECTS,ON SCENE,INJURY AND / OR TOW DUE TO CRASH,,,,"OVER $1,500",10/3/2019 0:59,FAILING TO REDUCE SPEED TO AVOID CRASH,WEATHER,1345,W,87TH ST,2222,,,,,,,1,NO INDICATION OF INJURY,0,0,0,0,0,2,0,0,5,10,41.73576034,-87.65759309,POINT (-87.657593093798 41.735760341614)
JC457936,,10/3/2019 0:15,30,TRAFFIC SIGNAL,FUNCTIONING PROPERLY,RAIN,"DARKNESS, LIGHTED ROAD",TURNING,NOT DIVIDED,,STRAIGHT AND LEVEL,WET,UNKNOWN,NOT ON SCENE (DESK REPORT),NO INJURY / DRIVE AWAY,,,,"OVER $1,500",10/3/2019 0:29,WEATHER,WEATHER,5500,S,RACINE AVE,713,,,,,,,2,NO INDICATION OF INJURY,0,0,0,0,0,2,0,0,5,10,41.79372769,-87.65500998,POINT (-87.655009982896 41.793727692254)
JC457948,,10/3/2019 0:07,30,NO CONTROLS,NO CONTROLS,RAIN,"DARKNESS, LIGHTED ROAD",ANGLE,ALLEY,,STRAIGHT AND LEVEL,WET,NO DEFECTS,ON SCENE,INJURY AND / OR TOW DUE TO CRASH,,,N,"OVER $1,500",10/3/2019 0:10,WEATHER,DRIVING SKILLS/KNOWLEDGE/EXPERIENCE,613,N,WOOD ST,1215,,,,,,,2,NO INDICATION OF INJURY,0,0,0,0,0,2,0,0,5,10,41.8928086,-87.67192824,POINT (-87.671928239549 41.892808603964)
JC459614,,10/3/2019 0:01,30,NO CONTROLS,NO CONTROLS,CLEAR,"DARKNESS, LIGHTED ROAD",PARKED MOTOR VEHICLE,NOT DIVIDED,,STRAIGHT AND LEVEL,DRY,NO DEFECTS,NOT ON SCENE (DESK REPORT),NO INJURY / DRIVE AWAY,,,Y,"OVER $1,500",10/4/2019 10:50,UNABLE TO DETERMINE,NOT APPLICABLE,5641,W,HIGGINS AVE,1622,,,,,,,2,NO INDICATION OF INJURY,0,0,0,0,0,1,0,0,5,10,41.97061094,-87.76904607,POINT (-87.769046071057 41.970610942119)
JC457926,,10/2/2019 23:40,30,TRAFFIC SIGNAL,FUNCTIONING PROPERLY,RAIN,"DARKNESS, LIGHTED ROAD",TURNING,NOT DIVIDED,,STRAIGHT AND LEVEL,WET,NO DEFECTS,ON SCENE,NO INJURY / DRIVE AWAY,Y,,,"OVER $1,500",10/2/2019 23:44,IMPROPER TURNING/NO SIGNAL,FAILING TO YIELD RIGHT-OF-WAY,1432,S,HALSTED ST,1232,,,,,,,2,NO INDICATION OF INJURY,0,0,0,0,0,3,0,23,4,10,41.86258623,-87.64693222,POINT (-87.646932216697 41.86258622495)
JC457920,,10/2/2019 23:30,30,NO CONTROLS,NO CONTROLS,RAIN,"DARKNESS, LIGHTED ROAD",REAR END,NOT DIVIDED,,STRAIGHT AND LEVEL,WET,NO DEFECTS,NOT ON SCENE (DESK REPORT),NO INJURY / DRIVE AWAY,,,,"$501 - $1,500",10/2/2019 23:51,FOLLOWING TOO CLOSELY,WEATHER,3000,N,ELSTON AVE,1411,,,,,,,2,NO INDICATION OF INJURY,0,0,0,0,0,2,0,23,4,10,41.93574656,-87.69323098,POINT (-87.693230982019 41.935746560491)
JC457931,,10/2/2019 23:20,30,TRAFFIC SIGNAL,FUNCTIONING PROPERLY,RAIN,"DARKNESS, LIGHTED ROAD",TURNING,DIVIDED - W/MEDIAN (NOT RAISED),,STRAIGHT AND LEVEL,WET,NO DEFECTS,ON SCENE,NO INJURY / DRIVE AWAY,Y,,Y,"OVER $1,500",10/2/2019 23:54,IMPROPER BACKING,UNABLE TO DETERMINE,1400,S,STATE ST,131,,,,,,,2,NO INDICATION OF INJURY,0,0,0,0,0,5,0,23,4,10,41.86396788,-87.62748774,POINT (-87.627487739919 41.86396788126)
JC457910,,10/2/2019 23:15,30,NO CONTROLS,NO CONTROLS,RAIN,"DARKNESS, LIGHTED ROAD",PARKED MOTOR VEHICLE,NOT DIVIDED,,STRAIGHT AND LEVEL,WET,UNKNOWN,ON SCENE,INJURY AND / OR TOW DUE TO CRASH,,,,"OVER $1,500",10/2/2019 23:15,DISREGARDING ROAD MARKINGS,WEATHER,6219,W,55TH ST,811,,,,,,,3,NO INDICATION OF INJURY,0,0,0,0,0,1,0,23,4,10,41.79231713,-87.77781538,POINT (-87.777815380425 41.792317128222)
JC457901,,10/2/2019 23:10,30,TRAFFIC SIGNAL,FUNCTIONING PROPERLY,RAIN,"DARKNESS, LIGHTED ROAD",TURNING,NOT DIVIDED,,STRAIGHT AND LEVEL,WET,NO DEFECTS,ON SCENE,INJURY AND / OR TOW DUE TO CRASH,Y,,,"OVER $1,500",10/2/2019 23:13,IMPROPER TURNING/NO SIGNAL,FAILING TO YIELD RIGHT-OF-WAY,1000,S,DAMEN AVE,1225,,,,,,,2,NO INDICATION OF INJURY,0,0,0,0,0,4,0,23,4,10,41.86904509,-87.67646103,POINT (-87.676461033512 41.869045088257)
JC457911,,10/2/2019 23:06,30,TRAFFIC SIGNAL,FUNCTIONING PROPERLY,RAIN,"DARKNESS, LIGHTED ROAD",REAR END,T-INTERSECTION,,STRAIGHT AND LEVEL,WET,NO DEFECTS,ON SCENE,NO INJURY / DRIVE AWAY,Y,,,$500 OR LESS,10/2/2019 23:28,FAILING TO REDUCE SPEED TO AVOID CRASH,UNABLE TO DETERMINE,100,W,ROOSEVELT RD,123,,,,,,,2,NO INDICATION OF INJURY,0,0,0,0,0,2,0,23,4,10,41.86748292,-87.6304928,POINT (-87.630492795017 41.86748291958)
JC458725,,10/2/2019 23:00,30,NO CONTROLS,NO CONTROLS,RAIN,DARKNESS,PARKED MOTOR VEHICLE,PARKING LOT,,STRAIGHT AND LEVEL,WET,UNKNOWN,NOT ON SCENE (DESK REPORT),NO INJURY / DRIVE AWAY,,,Y,"$501 - $1,500",10/3/2019 16:00,UNABLE TO DETERMINE,NOT APPLICABLE,6400,W,FULLERTON AVE,2512,,,,,,,2,NO INDICATION OF INJURY,0,0,0,0,0,1,0,23,4,10,41.92378619,-87.78556721,POINT (-87.785567205622 41.923786188711)
JC457904,,10/2/2019 22:58,30,TRAFFIC SIGNAL,FUNCTIONING PROPERLY,RAIN,"DARKNESS, LIGHTED ROAD",SIDESWIPE OPPOSITE DIRECTION,NOT DIVIDED,,STRAIGHT AND LEVEL,WET,NO DEFECTS,ON SCENE,INJURY AND / OR TOW DUE TO CRASH,,,,"$501 - $1,500",10/2/2019 23:02,DISREGARDING TRAFFIC SIGNALS,UNABLE TO DETERMINE,6702,S,PULASKI RD,833,,,,,,,2,NONINCAPACITATING INJURY,1,0,0,1,0,2,0,22,4,10,41.771267,-87.72271973,POINT (-87.722719726454 41.771266997713)
JC457896,,10/2/2019 22:58,30,NO CONTROLS,NO CONTROLS,RAIN,"DARKNESS, LIGHTED ROAD",FIXED OBJECT,NOT DIVIDED,,STRAIGHT AND LEVEL,WET,NO DEFECTS,ON SCENE,NO INJURY / DRIVE AWAY,,Y,,"OVER $1,500",10/2/2019 23:00,FAILING TO REDUCE SPEED TO AVOID CRASH,IMPROPER LANE USAGE,6657,S,KOMENSKY AVE,833,,,,,,,3,NO INDICATION OF INJURY,0,0,0,0,0,2,0,22,4,10,41.77150597,-87.72364811,POINT (-87.72364810503 41.771505972598)
JC457897,,10/2/2019 22:45,30,STOP SIGN/FLASHER,FUNCTIONING PROPERLY,RAIN,"DARKNESS, LIGHTED ROAD",ANGLE,FOUR WAY,,STRAIGHT AND LEVEL,WET,NO DEFECTS,ON SCENE,INJURY AND / OR TOW DUE TO CRASH,Y,,,"OVER $1,500",10/2/2019 22:48,FAILING TO YIELD RIGHT-OF-WAY,NOT APPLICABLE,1301,W,80TH ST,612,,,,,,,2,NONINCAPACITATING INJURY,1,0,0,1,0,2,0,22,4,10,41.74853178,-87.65617368,POINT (-87.656173675349 41.748531775954)
JC457874,,10/2/2019 22:25,30,STOP SIGN/FLASHER,FUNCTIONING PROPERLY,CLEAR,"DARKNESS, LIGHTED ROAD",HEAD ON,FOUR WAY,,STRAIGHT AND LEVEL,WET,NO DEFECTS,ON SCENE,INJURY AND / OR TOW DUE TO CRASH,,,,"OVER $1,500",10/2/2019 22:26,DRIVING SKILLS/KNOWLEDGE/EXPERIENCE,NOT APPLICABLE,7900,S,ASHLAND AVE,611,,,,,,,2,"REPORTED, NOT EVIDENT",1,0,0,0,1,2,0,22,4,10,41.75026224,-87.66358012,POINT (-87.663580117092 41.750262240415)
JC457889,,10/2/2019 22:13,30,STOP SIGN/FLASHER,FUNCTIONING PROPERLY,RAIN,"DARKNESS, LIGHTED ROAD",TURNING,FOUR WAY,,STRAIGHT AND LEVEL,WET,NO DEFECTS,NOT ON SCENE (DESK REPORT),NO INJURY / DRIVE AWAY,Y,,,"OVER $1,500",10/2/2019 23:06,UNABLE TO DETERMINE,WEATHER,3900,S,ARCHER AVE,921,,,,,,,2,NO INDICATION OF INJURY,0,0,0,0,0,4,0,22,4,10,41.82290968,-87.69009733,POINT (-87.690097334163 41.822909678928)
JC458681,Y,10/2/2019 22:00,30,STOP SIGN/FLASHER,FUNCTIONING PROPERLY,RAIN,"DARKNESS, LIGHTED ROAD",ANGLE,ONE-WAY,,STRAIGHT AND LEVEL,WET,NO DEFECTS,NOT ON SCENE (DESK REPORT),NO INJURY / DRIVE AWAY,Y,,Y,"OVER $1,500",10/3/2019 15:40,DISREGARDING STOP SIGN,UNABLE TO DETERMINE,4300,S,CAMPBELL AVE,922,,,,,,,2,NO INDICATION OF INJURY,0,0,0,0,0,2,0,22,4,10,41.81556397,-87.68725644,POINT (-87.687256438457 41.81556397346)
JC457887,,10/2/2019 22:00,30,UNKNOWN,UNKNOWN,RAIN,DUSK,TURNING,FOUR WAY,,STRAIGHT AND LEVEL,WET,UNKNOWN,NOT ON SCENE (DESK REPORT),NO INJURY / DRIVE AWAY,Y,,,"OVER $1,500",10/2/2019 23:00,NOT APPLICABLE,UNABLE TO DETERMINE,1600,W,ROOSEVELT RD,1231,,,,,,,2,NO INDICATION OF INJURY,0,0,0,0,0,4,0,22,4,10,41.86697112,-87.66650974,POINT (-87.666509743796 41.86697111645)
JC457875,,10/2/2019 21:50,30,TRAFFIC SIGNAL,FUNCTIONING PROPERLY,CLEAR,"DARKNESS, LIGHTED ROAD",REAR END,DIVIDED - W/MEDIAN (NOT RAISED),,STRAIGHT AND LEVEL,WET,NO DEFECTS,ON SCENE,INJURY AND / OR TOW DUE TO CRASH,Y,,Y,$500 OR LESS,10/2/2019 22:15,UNABLE TO DETERMINE,NOT APPLICABLE,2139,S,INDIANA AVE,132,,,,,,,2,NONINCAPACITATING INJURY,1,0,0,1,0,2,0,21,4,10,41.85307827,-87.62209066,POINT (-87.622090663654 41.853078269033)
JC457855,,10/2/2019 21:40,30,TRAFFIC SIGNAL,FUNCTIONING IMPROPERLY,RAIN,"DARKNESS, LIGHTED ROAD",TURNING,DIVIDED - W/MEDIAN (NOT RAISED),,STRAIGHT AND LEVEL,WET,NO DEFECTS,ON SCENE,NO INJURY / DRIVE AWAY,,,,"$501 - $1,500",10/2/2019 21:44,UNABLE TO DETERMINE,UNABLE TO DETERMINE,1645,E,57TH DR,331,,,,,,,2,NO INDICATION OF INJURY,0,0,0,0,0,3,0,21,4,10,41.7922144,-87.58504691,POINT (-87.585046914359 41.792214397095)
JC457846,,10/2/2019 21:39,20,NO CONTROLS,NO CONTROLS,CLOUDY/OVERCAST,"DARKNESS, LIGHTED ROAD",SIDESWIPE OPPOSITE DIRECTION,ALLEY,,STRAIGHT AND LEVEL,WET,NO DEFECTS,ON SCENE,NO INJURY / DRIVE AWAY,,,Y,"OVER $1,500",10/2/2019 21:41,DRIVING SKILLS/KNOWLEDGE/EXPERIENCE,DRIVING SKILLS/KNOWLEDGE/EXPERIENCE,3225,S,WELLS ST,915,,,,,,,2,NO INDICATION OF INJURY,0,0,0,0,0,2,0,21,4,10,41.83560326,-87.63267396,POINT (-87.632673958401 41.835603260192)
JC457882,,10/2/2019 21:30,30,NO CONTROLS,NO CONTROLS,UNKNOWN,"DARKNESS, LIGHTED ROAD",REAR END,NOT DIVIDED,,STRAIGHT AND LEVEL,UNKNOWN,UNKNOWN,NOT ON SCENE (DESK REPORT),NO INJURY / DRIVE AWAY,,,Y,"OVER $1,500",10/2/2019 22:30,UNABLE TO DETERMINE,NOT APPLICABLE,2118,S,KEELER AVE,1012,,,,,,,3,NO INDICATION OF INJURY,0,0,0,0,0,4,0,21,4,10,41.8527661,-87.72980877,POINT (-87.729808766232 41.852766102504)