RD_NO,CRASH_DATE_EST_I,CRASH_DATE,POSTED_SPEED_LIMIT,TRAFFIC_CONTROL_DEVICE,DEVICE_CONDITION,WEATHER_CONDITION,LIGHTING_CONDITION,FIRST_CRASH_TYPE,TRAFFICWAY_TYPE,LANE_CNT,ALIGNMENT,ROADWAY_SURFACE_COND,ROAD_DEFECT,REPORT_TYPE,CRASH_TYPE,INTERSECTION_RELATED_I,NOT_RIGHT_OF_WAY_I,HIT_AND_RUN_I,DAMAGE,DATE_POLICE_NOTIFIED,PRIM_CONTRIBUTORY_CAUSE,SEC_CONTRIBUTORY_CAUSE,STREET_NO,STREET_DIRECTION,STREET_NAME,BEAT_OF_OCCURRENCE,PHOTOS_TAKEN_I,STATEMENTS_TAKEN_I,DOORING_I,WORK_ZONE_I,WORK_ZONE_TYPE,WORKERS_PRESENT_I,NUM_UNITS,MOST_SEVERE_INJURY,INJURIES_TOTAL,INJURIES_FATAL,INJURIES_INCAPACITATING,INJURIES_NON_INCAPACITATING,INJURIES_REPORTED_NOT_EVIDENT,INJURIES_NO_INDICATION,INJURIES_UNKNOWN,CRASH_HOUR,CRASH_DAY_OF_WEEK,CRASH_MONTH,LATITUDE,LONGITUDE,LOCATION
JC457841,,10/2/2019 21:16,30,NO CONTROLS,NO CONTROLS,RAIN,"DARKNESS, LIGHTED ROAD",REAR END,ONE-WAY,,STRAIGHT AND LEVEL,WET,UNKNOWN,ON SCENE,INJURY AND / OR TOW DUE TO CRASH,,,,"OVER $1,500",10/2/2019 21:18,DISTRACTION - FROM INSIDE VEHICLE,DISTRACTION - FROM INSIDE VEHICLE,5542,W,HADDON AVE,1524,,,,,,,2,NONINCAPACITATING INJURY,2,0,0,2,0,2,0,21,4,10,41.90134383,-87.76553212,POINT (-87.765532117145 41.901343833177)
JC457856,,10/2/2019 21:15,30,TRAFFIC SIGNAL,FUNCTIONING PROPERLY,RAIN,"DARKNESS, LIGHTED ROAD",ANGLE,CENTER TURN LANE,,STRAIGHT AND LEVEL,WET,NO DEFECTS,NOT ON SCENE (DESK REPORT),NO INJURY / DRIVE AWAY,,,N,"OVER $1,500",10/2/2019 22:00,UNABLE TO DETERMINE,UNABLE TO DETERMINE,3550,N,CENTRAL AVE,1633,,,,,,,2,NO INDICATION OF INJURY,0,0,0,0,0,2,0,21,4,10,41.94559365,-87.76689322,POINT (-87.766893218032 41.945593651808)
JC457818,,10/2/2019 21:10,30,TRAFFIC SIGNAL,FUNCTIONING PROPERLY,RAIN,"DARKNESS, LIGHTED ROAD",PEDALCYCLIST,FOUR WAY,,STRAIGHT AND LEVEL,WET,NO DEFECTS,ON SCENE,INJURY AND / OR TOW DUE TO CRASH,Y,,,$500 OR LESS,10/2/2019 21:11,UNABLE TO DETERMINE,NOT APPLICABLE,300,E,ILLINOIS ST,1834,,,,,,,2,"REPORTED, NOT EVIDENT",1,0,0,0,1,1,0,21,4,10,41.89111388,-87.62019942,POINT (-87.620199417551 41.89111388192)
JC458326,,10/2/2019 21:00,30,NO CONTROLS,NO CONTROLS,RAIN,"DARKNESS, LIGHTED ROAD",SIDESWIPE SAME DIRECTION,DIVIDED - W/MEDIAN BARRIER,,STRAIGHT AND LEVEL,WET,NO DEFECTS,NOT ON SCENE (DESK REPORT),NO INJURY / DRIVE AWAY,,,Y,"OVER $1,500",10/3/2019 11:00,UNABLE TO DETERMINE,UNABLE TO DETERMINE,4032,W,87TH ST,834,,,,,,,3,NO INDICATION OF INJURY,0,0,0,0,0,3,0,21,4,10,41.73494513,-87.72279541,POINT (-87.722795405221 41.734945129833)
JC457863,,10/2/2019 21:00,30,TRAFFIC SIGNAL,FUNCTIONING PROPERLY,CLEAR,"DARKNESS, LIGHTED ROAD",REAR END,NOT DIVIDED,,STRAIGHT AND LEVEL,DRY,NO DEFECTS,NOT ON SCENE (DESK REPORT),NO INJURY / DRIVE AWAY,,,,"$501 - $1,500",10/2/2019 22:15,NOT APPLICABLE,NOT APPLICABLE,1,W,87TH ST,632,,,,,,,2,NO INDICATION OF INJURY,0,0,0,0,0,2,0,21,4,10,41.73618924,-87.62417653,POINT (-87.624176525958 41.736189235332)
JC457796,,10/2/2019 20:58,30,NO CONTROLS,NO CONTROLS,RAIN,"DARKNESS, LIGHTED ROAD",PEDESTRIAN,DIVIDED - W/MEDIAN (NOT RAISED),,CURVE ON GRADE,WET,NO DEFECTS,,INJURY AND / OR TOW DUE TO CRASH,Y,N,Y,"OVER $1,500",10/2/2019 20:59,UNABLE TO DETERMINE,WEATHER,2211,S,DR MARTIN LUTHER KING JR DR,132,,,,,,,2,NONINCAPACITATING INJURY,2,0,0,2,0,1,0,20,4,10,41.85269492,-87.61887563,POINT (-87.618875625291 41.852694921541)
JC457872,,10/2/2019 20:54,30,TRAFFIC SIGNAL,FUNCTIONING PROPERLY,RAIN,"DARKNESS, LIGHTED ROAD",REAR END,DIVIDED - W/MEDIAN BARRIER,,"CURVE, LEVEL",WET,UNKNOWN,ON SCENE,INJURY AND / OR TOW DUE TO CRASH,,,,"OVER $1,500",10/2/2019 21:05,UNABLE TO DETERMINE,UNABLE TO DETERMINE,5651,S,LAKE SHORE DR SB,331,,,,,,,3,NONINCAPACITATING INJURY,3,0,0,3,0,1,0,20,4,10,41.79191316,-87.58003819,POINT (-87.580038191023 41.791913160761)
JC457831,,10/2/2019 20:53,35,TRAFFIC SIGNAL,FUNCTIONING PROPERLY,RAIN,"DARKNESS, LIGHTED ROAD",SIDESWIPE SAME DIRECTION,DIVIDED - W/MEDIAN BARRIER,,STRAIGHT AND LEVEL,WET,UNKNOWN,ON SCENE,INJURY AND / OR TOW DUE TO CRASH,N,,,"OVER $1,500",10/2/2019 21:05,UNABLE TO DETERMINE,UNABLE TO DETERMINE,5649,S,LAKE SHORE DR NB,331,,,,,,,2,NO INDICATION OF INJURY,0,0,0,0,0,2,0,20,4,10,41.79199305,-87.58006056,POINT (-87.580060564313 41.791993048689)
JC458385,,10/2/2019 20:30,30,NO CONTROLS,NO CONTROLS,CLEAR,DAWN,PARKED MOTOR VEHICLE,ONE-WAY,,STRAIGHT AND LEVEL,DRY,NO DEFECTS,NOT ON SCENE (DESK REPORT),NO INJURY / DRIVE AWAY,,,Y,"$501 - $1,500",10/3/2019 12:00,UNABLE TO DETERMINE,NOT APPLICABLE,1611,N,MONITOR AVE,2531,,,,,,,2,NO INDICATION OF INJURY,0,0,0,0,0,1,0,20,4,10,41.90968231,-87.7713245,POINT (-87.771324495029 41.90968230755)
JC457810,,10/2/2019 20:30,30,STOP SIGN/FLASHER,FUNCTIONING PROPERLY,UNKNOWN,UNKNOWN,ANGLE,FOUR WAY,,STRAIGHT AND LEVEL,UNKNOWN,UNKNOWN,NOT ON SCENE (DESK REPORT),NO INJURY / DRIVE AWAY,Y,,,"OVER $1,500",10/2/2019 21:15,FAILING TO YIELD RIGHT-OF-WAY,NOT APPLICABLE,1301,W,HOLLYWOOD AVE,2013,,,,,,,2,NO INDICATION OF INJURY,0,0,0,0,0,2,0,20,4,10,41.98543645,-87.66321121,POINT (-87.663211211876 41.985436451803)
JC457801,,10/2/2019 20:20,30,TRAFFIC SIGNAL,FUNCTIONING PROPERLY,CLEAR,"DARKNESS, LIGHTED ROAD",SIDESWIPE SAME DIRECTION,ONE-WAY,,STRAIGHT AND LEVEL,DRY,NO DEFECTS,NOT ON SCENE (DESK REPORT),NO INJURY / DRIVE AWAY,,,,"$501 - $1,500",10/2/2019 21:10,IMPROPER OVERTAKING/PASSING,NOT APPLICABLE,11232,S,HAMLET AVE,2234,,,,,,,2,NO INDICATION OF INJURY,0,0,0,0,0,2,0,20,4,10,41.68937445,-87.66090913,POINT (-87.660909125179 41.689374453403)
JC457767,,10/2/2019 20:13,30,TRAFFIC SIGNAL,FUNCTIONING PROPERLY,RAIN,"DARKNESS, LIGHTED ROAD",TURNING,"FIVE POINT, OR MORE",,STRAIGHT AND LEVEL,WET,NO DEFECTS,ON SCENE,INJURY AND / OR TOW DUE TO CRASH,Y,,,"OVER $1,500",10/2/2019 20:13,FAILING TO YIELD RIGHT-OF-WAY,IMPROPER TURNING/NO SIGNAL,5100,S,DR MARTIN LUTHER KING JR DR,231,,,,,,,2,NO INDICATION OF INJURY,0,0,0,0,0,4,0,20,4,10,41.80202315,-87.61627184,POINT (-87.616271839461 41.8020231541)
JC458828,,10/2/2019 20:00,30,NO CONTROLS,NO CONTROLS,CLEAR,"DARKNESS, LIGHTED ROAD",PARKED MOTOR VEHICLE,NOT DIVIDED,,STRAIGHT AND LEVEL,UNKNOWN,UNKNOWN,NOT ON SCENE (DESK REPORT),NO INJURY / DRIVE AWAY,,,Y,"OVER $1,500",10/3/2019 17:05,UNABLE TO DETERMINE,NOT APPLICABLE,2808,S,HILLOCK AVE,913,,,,,,,2,NO INDICATION OF INJURY,0,0,0,0,0,1,0,20,4,10,41.84376145,-87.659829,POINT (-87.659829003218 41.843761453332)
JC457747,,10/2/2019 20:00,35,NO CONTROLS,NO CONTROLS,RAIN,DUSK,SIDESWIPE SAME DIRECTION,NOT DIVIDED,,STRAIGHT AND LEVEL,WET,NO DEFECTS,ON SCENE,NO INJURY / DRIVE AWAY,,,Y,"$501 - $1,500",10/2/2019 20:22,IMPROPER LANE USAGE,NOT APPLICABLE,8200,S,COTTAGE GROVE AVE,631,,,,,,,3,NO INDICATION OF INJURY,0,0,0,0,0,2,0,20,4,10,41.74570414,-87.6052282,POINT (-87.605228203638 41.745704140078)
JC458212,,10/2/2019 19:50,30,NO CONTROLS,NO CONTROLS,RAIN,"DARKNESS, LIGHTED ROAD",TURNING,DIVIDED - W/MEDIAN BARRIER,,STRAIGHT AND LEVEL,WET,NO DEFECTS,,NO INJURY / DRIVE AWAY,,,,"$501 - $1,500",10/3/2019 9:45,FAILING TO YIELD RIGHT-OF-WAY,UNABLE TO DETERMINE,6241,N,MC CORMICK RD,1711,,,,,,,2,NO INDICATION OF INJURY,0,0,0,0,0,3,0,19,4,10,41.99528722,-87.71308663,POINT (-87.713086628037 41.995287223282)
JC457827,,10/2/2019 19:45,30,TRAFFIC SIGNAL,FUNCTIONING PROPERLY,RAIN,"DARKNESS, LIGHTED ROAD",SIDESWIPE SAME DIRECTION,FOUR WAY,,STRAIGHT AND LEVEL,WET,NO DEFECTS,NOT ON SCENE (DESK REPORT),NO INJURY / DRIVE AWAY,Y,,,"OVER $1,500",10/2/2019 21:30,IMPROPER LANE USAGE,NOT APPLICABLE,7201,N,SHERIDAN RD,2423,,,,,,,2,NO INDICATION OF INJURY,0,0,0,0,0,2,0,19,4,10,42.01292549,-87.6633447,POINT (-87.663344696754 42.012925489168)
JC457713,,10/2/2019 19:42,35,NO CONTROLS,FUNCTIONING PROPERLY,RAIN,"DARKNESS, LIGHTED ROAD",SIDESWIPE SAME DIRECTION,ONE-WAY,,STRAIGHT AND LEVEL,WET,NO DEFECTS,ON SCENE,INJURY AND / OR TOW DUE TO CRASH,,,Y,"$501 - $1,500",10/2/2019 19:45,IMPROPER OVERTAKING/PASSING,UNABLE TO DETERMINE,546,W,WASHINGTON BLVD,121,,,,,,,2,NO INDICATION OF INJURY,0,0,0,0,0,2,0,19,4,10,41.88328611,-87.64157072,POINT (-87.641570717012 41.883286112142)
JC457695,,10/2/2019 19:37,30,NO CONTROLS,NO CONTROLS,RAIN,"DARKNESS, LIGHTED ROAD",TURNING,NOT DIVIDED,,STRAIGHT AND LEVEL,WET,NO DEFECTS,ON SCENE,NO INJURY / DRIVE AWAY,,,,"$501 - $1,500",10/2/2019 19:40,FAILING TO YIELD RIGHT-OF-WAY,NOT APPLICABLE,1418,N,PULASKI RD,2534,,,,,,,2,NO INDICATION OF INJURY,0,0,0,0,0,2,0,19,4,10,41.90678592,-87.72657373,POINT (-87.726573730467 41.906785917232)
JC457712,,10/2/2019 19:35,30,NO CONTROLS,NO CONTROLS,RAIN,"DARKNESS, LIGHTED ROAD",REAR END,NOT DIVIDED,,STRAIGHT AND LEVEL,WET,NO DEFECTS,ON SCENE,INJURY AND / OR TOW DUE TO CRASH,,,Y,$500 OR LESS,10/2/2019 19:42,WEATHER,FOLLOWING TOO CLOSELY,2124,W,ADDISON ST,1921,,,,,,,2,"REPORTED, NOT EVIDENT",1,0,0,0,1,1,0,19,4,10,41.9469275,-87.68205298,POINT (-87.682052981642 41.946927502724)
JC457674,,10/2/2019 19:35,30,TRAFFIC SIGNAL,FUNCTIONING PROPERLY,RAIN,DAYLIGHT,REAR END,NOT DIVIDED,,STRAIGHT AND LEVEL,WET,UNKNOWN,NOT ON SCENE (DESK REPORT),NO INJURY / DRIVE AWAY,Y,,,$500 OR LESS,10/2/2019 19:35,UNABLE TO DETERMINE,UNABLE TO DETERMINE,1600,S,HALSTED ST,1235,,,,,,,2,NO INDICATION OF INJURY,0,0,0,0,0,2,0,19,4,10,41.85987078,-87.64685126,POINT (-87.646851262921 41.85987077668)
JC457797,,10/2/2019 19:30,30,NO CONTROLS,NO CONTROLS,RAIN,"DARKNESS, LIGHTED ROAD",REAR END,NOT DIVIDED,,STRAIGHT AND LEVEL,WET,UNKNOWN,NOT ON SCENE (DESK REPORT),INJURY AND / OR TOW DUE TO CRASH,,,,"OVER $1,500",10/2/2019 21:00,FAILING TO REDUCE SPEED TO AVOID CRASH,UNABLE TO DETERMINE,831,W,DIVERSEY PKWY,1935,,,,,,,2,"REPORTED, NOT EVIDENT",1,0,0,0,1,1,0,19,4,10,41.93258712,-87.65015592,POINT (-87.650155914822 41.932587117413)
JC457722,,10/2/2019 19:30,30,NO CONTROLS,NO CONTROLS,CLEAR,"DARKNESS, LIGHTED ROAD",REAR END,NOT DIVIDED,,STRAIGHT AND LEVEL,DRY,NO DEFECTS,NOT ON SCENE (DESK REPORT),NO INJURY / DRIVE AWAY,,,,$500 OR LESS,10/2/2019 20:00,FOLLOWING TOO CLOSELY,NOT APPLICABLE,2412,N,CLARK ST,1935,,,,,,,2,NO INDICATION OF INJURY,0,0,0,0,0,2,0,19,4,10,41.92589943,-87.64084252,POINT (-87.640842517853 41.925899427652)
JC457704,,10/2/2019 19:30,30,NO CONTROLS,NO CONTROLS,RAIN,"DARKNESS, LIGHTED ROAD",TURNING,DIVIDED - W/MEDIAN (NOT RAISED),,STRAIGHT AND LEVEL,WET,NO DEFECTS,ON SCENE,NO INJURY / DRIVE AWAY,Y,,,"OVER $1,500",10/2/2019 19:35,FAILING TO YIELD RIGHT-OF-WAY,FAILING TO YIELD RIGHT-OF-WAY,799,W,126TH ST,523,,,,,,,2,NO INDICATION OF INJURY,0,0,0,0,0,2,0,19,4,10,41.66495714,-87.64141803,POINT (-87.641418031831 41.664957134959)
JC457733,,10/2/2019 19:25,30,NO CONTROLS,NO CONTROLS,RAIN,"DARKNESS, LIGHTED ROAD",REAR END,NOT DIVIDED,,STRAIGHT AND LEVEL,WET,NO DEFECTS,ON SCENE,NO INJURY / DRIVE AWAY,,,Y,$500 OR LESS,10/2/2019 20:05,FOLLOWING TOO CLOSELY,NOT APPLICABLE,6934,S,SOUTH SHORE DR,331,,,,,,,2,NO INDICATION OF INJURY,0,0,0,0,0,2,0,19,4,10,41.76884726,-87.56666795,POINT (-87.56666795303 41.768847258778)
JC457709,,10/2/2019 19:25,30,NO CONTROLS,NO CONTROLS,RAIN,DARKNESS,TURNING,NOT DIVIDED,,STRAIGHT AND LEVEL,WET,NO DEFECTS,NOT ON SCENE (DESK REPORT),NO INJURY / DRIVE AWAY,,,,"OVER $1,500",10/2/2019 20:00,IMPROPER LANE USAGE,UNABLE TO DETERMINE,3555,W,ADDISON ST,1732,,,,,,,2,NO INDICATION OF INJURY,0,0,0,0,0,2,0,19,4,10,41.94639767,-87.71732058,POINT (-87.717320583691 41.946397665207)
JC457685,,10/2/2019 19:16,30,NO CONTROLS,NO CONTROLS,RAIN,"DARKNESS, LIGHTED ROAD",PARKED MOTOR VEHICLE,PARKING LOT,,STRAIGHT AND LEVEL,WET,NO DEFECTS,ON SCENE,NO INJURY / DRIVE AWAY,,,,$500 OR LESS,10/2/2019 19:16,PHYSICAL CONDITION OF DRIVER,IMPROPER LANE USAGE,1601,W,59TH ST,714,,,,,,,2,NO INDICATION OF INJURY,0,0,0,0,0,1,0,19,4,10,41.78663654,-87.66442202,POINT (-87.664422017168 41.786636539075)
JC458792,,10/2/2019 19:15,30,NO CONTROLS,NO CONTROLS,CLEAR,"DARKNESS, LIGHTED ROAD",SIDESWIPE SAME DIRECTION,NOT DIVIDED,,STRAIGHT AND LEVEL,DRY,NO DEFECTS,NOT ON SCENE (DESK REPORT),NO INJURY / DRIVE AWAY,,,,"$501 - $1,500",10/3/2019 16:51,UNABLE TO DETERMINE,UNABLE TO DETERMINE,164,W,DIVISION ST,1821,,,,,,,2,NO INDICATION OF INJURY,0,0,0,0,0,2,0,19,4,10,41.90397013,-87.63399178,POINT (-87.633991776674 41.903970126635)
JC457679,,10/2/2019 19:13,30,TRAFFIC SIGNAL,FUNCTIONING IMPROPERLY,RAIN,"DARKNESS, LIGHTED ROAD",PEDESTRIAN,FOUR WAY,,STRAIGHT AND LEVEL,WET,NO DEFECTS,ON SCENE,INJURY AND / OR TOW DUE TO CRASH,Y,,,$500 OR LESS,10/2/2019 19:14,NOT APPLICABLE,NOT APPLICABLE,3100,S,HALSTED ST,913,,,,,,,2,INCAPACITATING INJURY,1,0,1,0,0,1,0,19,4,10,41.83796415,-87.64642271,POINT (-87.646422712201 41.837964153652)
JC457657,,10/2/2019 18:59,30,STOP SIGN/FLASHER,FUNCTIONING PROPERLY,RAIN,"DARKNESS, LIGHTED ROAD",SIDESWIPE SAME DIRECTION,DIVIDED - W/MEDIAN (NOT RAISED),,STRAIGHT AND LEVEL,WET,NO DEFECTS,ON SCENE,NO INJURY / DRIVE AWAY,,,,$500 OR LESS,10/2/2019 19:04,IMPROPER OVERTAKING/PASSING,UNABLE TO DETERMINE,3700,W,DIVERSEY AVE,2523,,,,,,,2,NO INDICATION OF INJURY,0,0,0,0,0,2,0,18,4,10,41.93198942,-87.71969927,POINT (-87.71969926512 41.931989422908)
JC457681,Y,10/2/2019 18:50,30,TRAFFIC SIGNAL,FUNCTIONING PROPERLY,RAIN,"DARKNESS, LIGHTED ROAD",REAR END,FOUR WAY,,STRAIGHT AND LEVEL,WET,NO DEFECTS,ON SCENE,NO INJURY / DRIVE AWAY,Y,,Y,$500 OR LESS,10/2/2019 19:07,NOT APPLICABLE,NOT APPLICABLE,1357,W,LAKE ST,1224,,,,,,,2,NO INDICATION OF INJURY,0,0,0,0,0,2,0,18,4,10,41.88533129,-87.66099587,POINT (-87.660995871906 41.885331287883)
JC457676,,10/2/2019 18:50,30,NO CONTROLS,NO CONTROLS,RAIN,DAYLIGHT,SIDESWIPE SAME DIRECTION,NOT DIVIDED,,STRAIGHT AND LEVEL,WET,NO DEFECTS,NOT ON SCENE (DESK REPORT),NO INJURY / DRIVE AWAY,,,,"$501 - $1,500",10/2/2019 19:43,FAILING TO YIELD RIGHT-OF-WAY,FAILING TO REDUCE SPEED TO AVOID CRASH,1605,N,CENTRAL AVE,2532,,,,,,,2,NO INDICATION OF INJURY,0,0,0,0,0,3,0,18,4,10,41.90955748,-87.76551028,POINT (-87.765510283285 41.909557475482)
JC457655,N,10/2/2019 18:50,25,NO CONTROLS,NO CONTROLS,CLEAR,UNKNOWN,PARKED MOTOR VEHICLE,ONE-WAY,,STRAIGHT AND LEVEL,UNKNOWN,NO DEFECTS,ON SCENE,NO INJURY / DRIVE AWAY,,,Y,"OVER $1,500",10/2/2019 18:51,IMPROPER BACKING,NOT APPLICABLE,9633,S,EUCLID AVE,431,,,,,,,2,NO INDICATION OF INJURY,0,0,0,0,0,1,0,18,4,10,41.7196328,-87.57635849,POINT (-87.576358493365 41.719632798429)
JC457632,,10/2/2019 18:50,30,STOP SIGN/FLASHER,OTHER,RAIN,DARKNESS,REAR END,NOT DIVIDED,,STRAIGHT AND LEVEL,WET,NO DEFECTS,NOT ON SCENE (DESK REPORT),NO INJURY / DRIVE AWAY,,,,"OVER $1,500",10/2/2019 19:10,WEATHER,NOT APPLICABLE,1300,S,BLUE ISLAND AVE,1232,,,,,,,2,NO INDICATION OF INJURY,0,0,0,0,0,3,0,18,4,10,41.86550994,-87.65480871,POINT (-87.654808710583 41.86550994283)
JC457680,,10/2/2019 18:45,30,TRAFFIC SIGNAL,UNKNOWN,RAIN,UNKNOWN,TURNING,FOUR WAY,,STRAIGHT AND LEVEL,WET,UNKNOWN,ON SCENE,INJURY AND / OR TOW DUE TO CRASH,Y,,,"OVER $1,500",10/2/2019 19:20,UNABLE TO DETERMINE,NOT APPLICABLE,8801,W,HIGGINS RD,1614,,,,,,,2,NONINCAPACITATING INJURY,1,0,0,1,0,1,0,18,4,10,41.98781561,-87.84702181,POINT (-87.84702181399 41.987815605286)
JC457624,,10/2/2019 18:45,30,STOP SIGN/FLASHER,FUNCTIONING PROPERLY,RAIN,"DARKNESS, LIGHTED ROAD",PEDESTRIAN,FOUR WAY,,STRAIGHT AND LEVEL,WET,NO DEFECTS,ON SCENE,INJURY AND / OR TOW DUE TO CRASH,Y,,,$500 OR LESS,10/2/2019 18:45,FAILING TO YIELD RIGHT-OF-WAY,NOT APPLICABLE,300,W,HUBBARD ST,1831,,,,,,,2,NONINCAPACITATING INJURY,1,0,0,1,0,1,0,18,4,10,41.89007262,-87.63559786,POINT (-87.635597855807 41.890072617092)
JC457726,,10/2/2019 18:40,30,NO CONTROLS,NO CONTROLS,RAIN,"DARKNESS, LIGHTED ROAD",REAR END,ONE-WAY,,STRAIGHT AND LEVEL,WET,NO DEFECTS,NOT ON SCENE (DESK REPORT),INJURY AND / OR TOW DUE TO CRASH,,,Y,"OVER $1,500",10/2/2019 18:44,UNABLE TO DETERMINE,UNABLE TO DETERMINE,2453,S,DRAKE AVE,1024,,,,,,,2,NONINCAPACITATING INJURY,2,0,0,2,0,2,0,18,4,10,41.84648978,-87.71348008,POINT (-87.713480075943 41.846489778123)
JC457707,,10/2/2019 18:40,30,NO CONTROLS,NO CONTROLS,RAIN,"DARKNESS, LIGHTED ROAD",SIDESWIPE SAME DIRECTION,NOT DIVIDED,,STRAIGHT AND LEVEL,WET,UNKNOWN,ON SCENE,NO INJURY / DRIVE AWAY,,,,"$501 - $1,500",10/2/2019 19:05,UNABLE TO DETERMINE,UNABLE TO DETERMINE,3952,N,CICERO AVE,1634,,,,,,,2,NO INDICATION OF INJURY,0,0,0,0,0,2,0,18,4,10,41.95318958,-87.74745376,POINT (-87.747453758778 41.953189582846)
JC457710,,10/2/2019 18:35,30,NO CONTROLS,NO CONTROLS,RAIN,DAYLIGHT,REAR END,DIVIDED - W/MEDIAN (NOT RAISED),,STRAIGHT AND LEVEL,WET,NO DEFECTS,ON SCENE,INJURY AND / OR TOW DUE TO CRASH,,,,"OVER $1,500",10/2/2019 19:30,FAILING TO REDUCE SPEED TO AVOID CRASH,NOT APPLICABLE,2622,W,55TH ST,923,,,,,,,2,NO INDICATION OF INJURY,0,0,0,0,0,3,0,18,4,10,41.79387198,-87.68999569,POINT (-87.689995685254 41.793871978386)
JC457625,,10/2/2019 18:35,30,NO CONTROLS,NO CONTROLS,RAIN,"DARKNESS, LIGHTED ROAD",PARKED MOTOR VEHICLE,NOT DIVIDED,,STRAIGHT AND LEVEL,WET,NO DEFECTS,ON SCENE,NO INJURY / DRIVE AWAY,,,,"$501 - $1,500",10/2/2019 18:50,WEATHER,UNABLE TO DETERMINE,2333,W,GRAND AVE,1221,,Y,,Y,MAINTENANCE,,2,NO INDICATION OF INJURY,0,0,0,0,0,2,0,18,4,10,41.89056936,-87.68557425,POINT (-87.685574248532 41.890569355413)
JC457617,,10/2/2019 18:34,30,NO CONTROLS,NO CONTROLS,RAIN,"DARKNESS, LIGHTED ROAD",PARKED MOTOR VEHICLE,NOT DIVIDED,,STRAIGHT AND LEVEL,WET,NO DEFECTS,ON SCENE,INJURY AND / OR TOW DUE TO CRASH,,,,"OVER $1,500",10/2/2019 18:35,UNABLE TO DETERMINE,NOT APPLICABLE,158,E,76TH ST,623,,,,,,,2,NONINCAPACITATING INJURY,1,0,0,1,0,0,0,18,4,10,41.75660662,-87.61997244,POINT (-87.619972436211 41.756606615734)
JC457706,,10/2/2019 18:30,30,NO CONTROLS,NO CONTROLS,RAIN,DAWN,SIDESWIPE SAME DIRECTION,NOT DIVIDED,,STRAIGHT AND LEVEL,WET,NO DEFECTS,NOT ON SCENE (DESK REPORT),NO INJURY / DRIVE AWAY,,,,"$501 - $1,500",10/2/2019 19:50,IMPROPER OVERTAKING/PASSING,NOT APPLICABLE,6427,N,HARLEM AVE,1611,,,,,,,2,NO INDICATION OF INJURY,0,0,0,0,0,2,0,18,4,10,41.99773029,-87.80664512,POINT (-87.806645117018 41.997730287008)
JC457594,,10/2/2019 18:27,10,NO CONTROLS,NO CONTROLS,RAIN,DUSK,PARKED MOTOR VEHICLE,ONE-WAY,,STRAIGHT AND LEVEL,WET,NO DEFECTS,ON SCENE,NO INJURY / DRIVE AWAY,,,,$500 OR LESS,10/2/2019 18:35,IMPROPER BACKING,NOT APPLICABLE,5101,S,WENTWORTH AVE,225,,,,,,,2,NO INDICATION OF INJURY,0,0,0,0,0,3,0,18,4,10,41.80181109,-87.63056018,POINT (-87.630560180083 41.801811091232)
JC457588,,10/2/2019 18:20,30,NO CONTROLS,NO CONTROLS,RAIN,"DARKNESS, LIGHTED ROAD",TURNING,DIVIDED - W/MEDIAN BARRIER,,STRAIGHT AND LEVEL,WET,NO DEFECTS,ON SCENE,NO INJURY / DRIVE AWAY,,,,"OVER $1,500",10/2/2019 18:24,IMPROPER TURNING/NO SIGNAL,IMPROPER LANE USAGE,1210,S,INDIANA AVE,132,,,,,,,2,NO INDICATION OF INJURY,0,0,0,0,0,3,0,18,4,10,41.86713652,-87.62269374,POINT (-87.622693740064 41.867136518732)
JC457599,,10/2/2019 18:19,35,NO CONTROLS,NO CONTROLS,CLEAR,DAYLIGHT,REAR END,NOT DIVIDED,,STRAIGHT AND LEVEL,WET,NO DEFECTS,ON SCENE,NO INJURY / DRIVE AWAY,,,,"$501 - $1,500",10/2/2019 18:21,NOT APPLICABLE,NOT APPLICABLE,7248,N,HARLEM AVE,1611,,,,,,,2,NO INDICATION OF INJURY,0,0,0,0,0,2,0,18,4,10,42.0131558,-87.80676624,POINT (-87.80676624312 42.013155795138)
JC457590,,10/2/2019 18:15,30,NO CONTROLS,NO CONTROLS,RAIN,DUSK,REAR END,DIVIDED - W/MEDIAN (NOT RAISED),,STRAIGHT AND LEVEL,WET,NO DEFECTS,NOT ON SCENE (DESK REPORT),INJURY AND / OR TOW DUE TO CRASH,,,,"OVER $1,500",10/2/2019 18:30,FOLLOWING TOO CLOSELY,FAILING TO REDUCE SPEED TO AVOID CRASH,1415,N,WESTERN AVE,1424,,,,,,,2,"REPORTED, NOT EVIDENT",3,0,0,0,3,1,0,18,4,10,41.90715665,-87.68698986,POINT (-87.686989861241 41.907156654127)
JC457600,,10/2/2019 18:12,10,NO CONTROLS,NO CONTROLS,RAIN,DUSK,ANGLE,PARKING LOT,,STRAIGHT AND LEVEL,WET,NO DEFECTS,ON SCENE,NO INJURY / DRIVE AWAY,,,,"OVER $1,500",10/2/2019 18:12,FAILING TO YIELD RIGHT-OF-WAY,FAILING TO REDUCE SPEED TO AVOID CRASH,2650,N,NARRAGANSETT AVE,2512,,,,,,,2,NO INDICATION OF INJURY,0,0,0,0,0,3,0,18,4,10,41.92884722,-87.78578102,POINT (-87.785781019201 41.928847223324)