RD_NO,CRASH_DATE_EST_I,CRASH_DATE,POSTED_SPEED_LIMIT,TRAFFIC_CONTROL_DEVICE,DEVICE_CONDITION,WEATHER_CONDITION,LIGHTING_CONDITION,FIRST_CRASH_TYPE,TRAFFICWAY_TYPE,LANE_CNT,ALIGNMENT,ROADWAY_SURFACE_COND,ROAD_DEFECT,REPORT_TYPE,CRASH_TYPE,INTERSECTION_RELATED_I,NOT_RIGHT_OF_WAY_I,HIT_AND_RUN_I,DAMAGE,DATE_POLICE_NOTIFIED,PRIM_CONTRIBUTORY_CAUSE,SEC_CONTRIBUTORY_CAUSE,STREET_NO,STREET_DIRECTION,STREET_NAME,BEAT_OF_OCCURRENCE,PHOTOS_TAKEN_I,STATEMENTS_TAKEN_I,DOORING_I,WORK_ZONE_I,WORK_ZONE_TYPE,WORKERS_PRESENT_I,NUM_UNITS,MOST_SEVERE_INJURY,INJURIES_TOTAL,INJURIES_FATAL,INJURIES_INCAPACITATING,INJURIES_NON_INCAPACITATING,INJURIES_REPORTED_NOT_EVIDENT,INJURIES_NO_INDICATION,INJURIES_UNKNOWN,CRASH_HOUR,CRASH_DAY_OF_WEEK,CRASH_MONTH,LATITUDE,LONGITUDE,LOCATION
JC459113,,10/2/2019 18:10,30,STOP SIGN/FLASHER,FUNCTIONING PROPERLY,RAIN,"DARKNESS, LIGHTED ROAD",ANGLE,NOT DIVIDED,,STRAIGHT AND LEVEL,WET,NO DEFECTS,NOT ON SCENE (DESK REPORT),NO INJURY / DRIVE AWAY,Y,,,"$501 - $1,500",10/3/2019 20:36,UNABLE TO DETERMINE,UNABLE TO DETERMINE,430,N,DAMEN AVE,1221,,,,,,,2,NO INDICATION OF INJURY,0,0,0,0,0,3,0,18,4,10,41.889673,-87.67701892,POINT (-87.677018914729 41.889672998448)
JC457584,,10/2/2019 18:05,25,NO CONTROLS,NO CONTROLS,RAIN,DARKNESS,FIXED OBJECT,OTHER,,STRAIGHT AND LEVEL,WET,NO DEFECTS,ON SCENE,NO INJURY / DRIVE AWAY,,,,"OVER $1,500",10/2/2019 18:25,NOT APPLICABLE,NOT APPLICABLE,4820,W,SUNNYSIDE AVE,1623,,,,,,,1,NO INDICATION OF INJURY,0,0,0,0,0,1,0,18,4,10,41.96264705,-87.74855634,POINT (-87.748556343452 41.962647045144)
JC457658,,10/2/2019 18:01,30,TRAFFIC SIGNAL,FUNCTIONING PROPERLY,RAIN,"DARKNESS, LIGHTED ROAD",TURNING,DIVIDED - W/MEDIAN (NOT RAISED),,STRAIGHT AND LEVEL,WET,NO DEFECTS,ON SCENE,NO INJURY / DRIVE AWAY,Y,,,"OVER $1,500",10/2/2019 19:04,UNABLE TO DETERMINE,NOT APPLICABLE,7600,S,PULASKI RD,833,,,,,,,2,NO INDICATION OF INJURY,0,0,0,0,0,2,0,18,4,10,41.75504428,-87.72231551,POINT (-87.722315514022 41.755044279733)
JC457806,,10/2/2019 18:00,30,NO CONTROLS,NO CONTROLS,RAIN,DAYLIGHT,REAR END,ONE-WAY,,STRAIGHT AND LEVEL,WET,NO DEFECTS,NOT ON SCENE (DESK REPORT),NO INJURY / DRIVE AWAY,,,,"OVER $1,500",10/2/2019 21:30,IMPROPER BACKING,IMPROPER BACKING,2310,N,MASON AVE,2515,,,,,,,2,NO INDICATION OF INJURY,0,0,0,0,0,2,0,18,4,10,41.92239682,-87.77459611,POINT (-87.774596107007 41.922396818228)
JC457640,,10/2/2019 18:00,20,NO CONTROLS,NO CONTROLS,RAIN,"DARKNESS, LIGHTED ROAD",SIDESWIPE SAME DIRECTION,ONE-WAY,,STRAIGHT AND LEVEL,WET,NO DEFECTS,NOT ON SCENE (DESK REPORT),NO INJURY / DRIVE AWAY,,,,"OVER $1,500",10/2/2019 19:00,UNABLE TO DETERMINE,UNABLE TO DETERMINE,6127,W,BYRON ST,1633,,,,,,,2,NO INDICATION OF INJURY,0,0,0,0,0,2,0,18,4,10,41.95105334,-87.78025444,POINT (-87.780254443175 41.951053335344)
JC457628,,10/2/2019 18:00,30,TRAFFIC SIGNAL,FUNCTIONING PROPERLY,RAIN,DUSK,REAR END,NOT DIVIDED,,STRAIGHT AND LEVEL,WET,NO DEFECTS,NOT ON SCENE (DESK REPORT),NO INJURY / DRIVE AWAY,,,,"$501 - $1,500",10/2/2019 19:05,UNABLE TO DETERMINE,NOT APPLICABLE,4009,W,DIVERSEY AVE,2524,,,,,,,2,NO INDICATION OF INJURY,0,0,0,0,0,3,0,18,4,10,41.93167405,-87.72740335,POINT (-87.72740334673 41.931674048877)
JC457622,,10/2/2019 17:57,30,TRAFFIC SIGNAL,FUNCTIONING PROPERLY,RAIN,DAWN,ANGLE,UNKNOWN,,STRAIGHT AND LEVEL,WET,NO DEFECTS,NOT ON SCENE (DESK REPORT),NO INJURY / DRIVE AWAY,,,,"$501 - $1,500",10/2/2019 18:33,NOT APPLICABLE,NOT APPLICABLE,6300,S,KNOX AVE,813,,,,,,,2,NO INDICATION OF INJURY,0,0,0,0,0,2,0,17,4,10,41.77838094,-87.73876291,POINT (-87.738762912538 41.778380939583)
JC457697,,10/2/2019 17:55,20,UNKNOWN,UNKNOWN,UNKNOWN,UNKNOWN,REAR END,NOT DIVIDED,,STRAIGHT AND LEVEL,UNKNOWN,UNKNOWN,NOT ON SCENE (DESK REPORT),NO INJURY / DRIVE AWAY,,,Y,"OVER $1,500",10/2/2019 19:35,UNABLE TO DETERMINE,UNABLE TO DETERMINE,222,W,WACKER DR,122,,,,,,,2,NO INDICATION OF INJURY,0,0,0,0,0,2,0,17,4,10,41.88703273,-87.63465746,POINT (-87.634657462481 41.887032730221)
JC457574,,10/2/2019 17:50,30,NO CONTROLS,NO CONTROLS,CLEAR,DAYLIGHT,OTHER NONCOLLISION,NOT DIVIDED,,STRAIGHT AND LEVEL,DRY,NO DEFECTS,ON SCENE,NO INJURY / DRIVE AWAY,Y,,,"OVER $1,500",10/2/2019 17:51,DRIVING SKILLS/KNOWLEDGE/EXPERIENCE,UNABLE TO DETERMINE,11321,S,WENTWORTH AVE,522,,,,,,,1,NO INDICATION OF INJURY,0,0,0,0,0,2,0,17,4,10,41.68817069,-87.62763069,POINT (-87.627630690934 41.68817069361)
JC457558,,10/2/2019 17:45,30,TRAFFIC SIGNAL,FUNCTIONING PROPERLY,RAIN,DAYLIGHT,REAR END,DIVIDED - W/MEDIAN (NOT RAISED),,STRAIGHT AND LEVEL,WET,NO DEFECTS,ON SCENE,INJURY AND / OR TOW DUE TO CRASH,,,,"OVER $1,500",10/2/2019 17:45,UNDER THE INFLUENCE OF ALCOHOL/DRUGS (USE WHEN ARREST IS EFFECTED),FAILING TO REDUCE SPEED TO AVOID CRASH,1601,S,WESTERN AVE,1233,,,,,,,2,NONINCAPACITATING INJURY,3,0,0,3,0,1,0,17,4,10,41.85932051,-87.68568583,POINT (-87.685685832986 41.859320508767)
JC457744,,10/2/2019 17:41,15,NO CONTROLS,NO CONTROLS,CLOUDY/OVERCAST,DAYLIGHT,FIXED OBJECT,ALLEY,,STRAIGHT AND LEVEL,WET,NO DEFECTS,NOT ON SCENE (DESK REPORT),NO INJURY / DRIVE AWAY,,,,$500 OR LESS,10/2/2019 20:00,"VISION OBSCURED (SIGNS, TREE LIMBS, BUILDINGS, ETC.)",NOT APPLICABLE,6227,S,RHODES AVE,313,,,,,,,1,NO INDICATION OF INJURY,0,0,0,0,0,2,0,17,4,10,41.78130093,-87.61190173,POINT (-87.611901728526 41.781300934498)
JC457654,,10/2/2019 17:40,30,STOP SIGN/FLASHER,UNKNOWN,RAIN,DAWN,SIDESWIPE SAME DIRECTION,NOT DIVIDED,,STRAIGHT AND LEVEL,WET,UNKNOWN,NOT ON SCENE (DESK REPORT),NO INJURY / DRIVE AWAY,,,Y,$500 OR LESS,10/2/2019 17:59,UNABLE TO DETERMINE,NOT APPLICABLE,8400,S,ASHLAND AVE,614,,,,,,,2,NO INDICATION OF INJURY,0,0,0,0,0,2,0,17,4,10,41.74115758,-87.66334807,POINT (-87.663348072287 41.741157584111)
JC457566,,10/2/2019 17:39,30,TRAFFIC SIGNAL,FUNCTIONING PROPERLY,RAIN,DAYLIGHT,REAR END,NOT DIVIDED,,STRAIGHT AND LEVEL,WET,UNKNOWN,ON SCENE,INJURY AND / OR TOW DUE TO CRASH,Y,,,"OVER $1,500",10/2/2019 17:41,UNABLE TO DETERMINE,NOT APPLICABLE,3503,S,ARCHER AVE,912,,,,,,,2,"REPORTED, NOT EVIDENT",1,0,0,0,1,2,0,17,4,10,41.83024202,-87.67768581,POINT (-87.677685811382 41.83024201548)
JC457542,Y,10/2/2019 17:38,30,NO CONTROLS,NO CONTROLS,RAIN,DAWN,PEDALCYCLIST,DIVIDED - W/MEDIAN (NOT RAISED),,STRAIGHT AND LEVEL,WET,NO DEFECTS,ON SCENE,INJURY AND / OR TOW DUE TO CRASH,,,,"$501 - $1,500",10/2/2019 18:46,NOT APPLICABLE,UNABLE TO DETERMINE,700,W,GRAND AVE,1214,,,Y,,,,2,NONINCAPACITATING INJURY,1,0,0,1,0,2,0,17,4,10,41.89131647,-87.64592671,POINT (-87.645926711165 41.891316468934)
JC457516,,10/2/2019 17:36,30,STOP SIGN/FLASHER,FUNCTIONING PROPERLY,RAIN,DUSK,ANGLE,DIVIDED - W/MEDIAN (NOT RAISED),,STRAIGHT AND LEVEL,WET,NO DEFECTS,ON SCENE,INJURY AND / OR TOW DUE TO CRASH,Y,,,"OVER $1,500",10/2/2019 17:40,FAILING TO YIELD RIGHT-OF-WAY,IMPROPER OVERTAKING/PASSING,2100,W,CERMAK RD,1234,,,,,,,2,NO INDICATION OF INJURY,0,0,0,0,0,2,0,17,4,10,41.85224519,-87.67841789,POINT (-87.67841788835 41.852245185595)
JC457503,,10/2/2019 17:33,30,STOP SIGN/FLASHER,FUNCTIONING PROPERLY,CLEAR,DAYLIGHT,ANGLE,ONE-WAY,,STRAIGHT AND LEVEL,DRY,NO DEFECTS,ON SCENE,NO INJURY / DRIVE AWAY,Y,,Y,"OVER $1,500",10/2/2019 17:37,DISREGARDING STOP SIGN,FAILING TO YIELD RIGHT-OF-WAY,5700,S,HERMITAGE AVE,715,,,,,,,2,NO INDICATION OF INJURY,0,0,0,0,0,4,0,17,4,10,41.79025176,-87.66828142,POINT (-87.668281415841 41.790251761382)
JC458667,,10/2/2019 17:30,30,NO CONTROLS,NO CONTROLS,CLEAR,DAYLIGHT,SIDESWIPE SAME DIRECTION,DIVIDED - W/MEDIAN (NOT RAISED),,STRAIGHT AND LEVEL,DRY,NO DEFECTS,NOT ON SCENE (DESK REPORT),NO INJURY / DRIVE AWAY,,,,$500 OR LESS,10/3/2019 15:25,UNABLE TO DETERMINE,UNABLE TO DETERMINE,2803,N,CALIFORNIA AVE,1411,,,,,,,2,NO INDICATION OF INJURY,0,0,0,0,0,2,0,17,4,10,41.93219426,-87.69747305,POINT (-87.697473048552 41.932194262017)
JC457623,,10/2/2019 17:30,30,TRAFFIC SIGNAL,FUNCTIONING PROPERLY,RAIN,"DARKNESS, LIGHTED ROAD",TURNING,DIVIDED - W/MEDIAN (NOT RAISED),,STRAIGHT AND LEVEL,WET,NO DEFECTS,NOT ON SCENE (DESK REPORT),NO INJURY / DRIVE AWAY,,,Y,"OVER $1,500",10/2/2019 19:00,IMPROPER TURNING/NO SIGNAL,UNABLE TO DETERMINE,4508,W,IRVING PARK RD,1722,,,,,,,2,NO INDICATION OF INJURY,0,0,0,0,0,2,0,17,4,10,41.95360054,-87.74100791,POINT (-87.741007912509 41.953600534965)
JC457615,,10/2/2019 17:30,30,STOP SIGN/FLASHER,NO CONTROLS,RAIN,DUSK,ANGLE,FOUR WAY,,STRAIGHT AND LEVEL,WET,NO DEFECTS,NOT ON SCENE (DESK REPORT),NO INJURY / DRIVE AWAY,,,,"OVER $1,500",10/2/2019 18:40,FAILING TO YIELD RIGHT-OF-WAY,NOT APPLICABLE,2505,W,GRAND AVE,1221,,,,,,,2,NO INDICATION OF INJURY,0,0,0,0,0,3,0,17,4,10,41.89133295,-87.68945442,POINT (-87.689454417357 41.891332948448)
JC457578,,10/2/2019 17:30,30,TRAFFIC SIGNAL,FUNCTIONING PROPERLY,RAIN,"DARKNESS, LIGHTED ROAD",SIDESWIPE SAME DIRECTION,NOT DIVIDED,,STRAIGHT AND LEVEL,WET,NO DEFECTS,NOT ON SCENE (DESK REPORT),NO INJURY / DRIVE AWAY,,,,"OVER $1,500",10/2/2019 18:00,IMPROPER LANE USAGE,UNABLE TO DETERMINE,6438,N,MILWAUKEE AVE,1611,,,,,,,2,NO INDICATION OF INJURY,0,0,0,0,0,2,0,17,4,10,41.99818211,-87.78881134,POINT (-87.788811340235 41.998182105445)
JC457526,,10/2/2019 17:30,30,NO CONTROLS,NO CONTROLS,RAIN,DAYLIGHT,REAR END,NOT DIVIDED,,STRAIGHT AND LEVEL,WET,NO DEFECTS,ON SCENE,INJURY AND / OR TOW DUE TO CRASH,,,,"OVER $1,500",10/2/2019 17:35,FOLLOWING TOO CLOSELY,FOLLOWING TOO CLOSELY,6158,N,NORTHWEST HWY,1612,,,,,,,2,NO INDICATION OF INJURY,0,0,0,0,0,2,0,17,4,10,41.99353422,-87.80126102,POINT (-87.80126102081 41.993534218514)
JC457506,,10/2/2019 17:25,30,TRAFFIC SIGNAL,FUNCTIONING PROPERLY,RAIN,DAYLIGHT,TURNING,NOT DIVIDED,,STRAIGHT AND LEVEL,WET,NO DEFECTS,ON SCENE,NO INJURY / DRIVE AWAY,Y,,,"OVER $1,500",10/2/2019 17:34,FAILING TO YIELD RIGHT-OF-WAY,NOT APPLICABLE,1700,W,WARREN BLVD,1224,,,,,,,2,NO INDICATION OF INJURY,0,0,0,0,0,4,0,17,4,10,41.88245451,-87.66937171,POINT (-87.669371711668 41.882454511677)
JC457675,,10/2/2019 17:23,30,NO CONTROLS,NO CONTROLS,RAIN,"DARKNESS, LIGHTED ROAD",PARKED MOTOR VEHICLE,DIVIDED - W/MEDIAN (NOT RAISED),,STRAIGHT AND LEVEL,WET,UNKNOWN,NOT ON SCENE (DESK REPORT),NO INJURY / DRIVE AWAY,,,,"$501 - $1,500",10/2/2019 19:30,UNABLE TO DETERMINE,UNABLE TO DETERMINE,4754,N,ASHLAND AVE,1912,,,,,,,2,NO INDICATION OF INJURY,0,0,0,0,0,1,0,17,4,10,41.96867067,-87.66958076,POINT (-87.669580761165 41.968670673471)
JC457508,,10/2/2019 17:23,30,NO CONTROLS,NO CONTROLS,RAIN,DAYLIGHT,TURNING,NOT DIVIDED,,STRAIGHT AND LEVEL,WET,NO DEFECTS,ON SCENE,INJURY AND / OR TOW DUE TO CRASH,,,,"OVER $1,500",10/2/2019 17:27,FAILING TO YIELD RIGHT-OF-WAY,IMPROPER TURNING/NO SIGNAL,2341,W,28TH ST,1034,,,,,,,2,"REPORTED, NOT EVIDENT",2,0,0,0,2,1,0,17,4,10,41.84110733,-87.68451225,POINT (-87.684512251397 41.841107325151)
JC457531,,10/2/2019 17:22,30,NO CONTROLS,NO CONTROLS,RAIN,DAYLIGHT,ANGLE,T-INTERSECTION,,STRAIGHT AND LEVEL,WET,NO DEFECTS,NOT ON SCENE (DESK REPORT),NO INJURY / DRIVE AWAY,,,,"OVER $1,500",10/2/2019 18:05,FAILING TO YIELD RIGHT-OF-WAY,UNABLE TO DETERMINE,3432,W,FOSTER AVE,1712,,,,,,,2,NO INDICATION OF INJURY,0,0,0,0,0,3,0,17,4,10,41.97578613,-87.71491701,POINT (-87.714917012927 41.975786132003)
JC457572,,10/2/2019 17:20,30,UNKNOWN,NO CONTROLS,UNKNOWN,UNKNOWN,REAR END,NOT DIVIDED,,STRAIGHT AND LEVEL,UNKNOWN,UNKNOWN,NOT ON SCENE (DESK REPORT),NO INJURY / DRIVE AWAY,,,,"$501 - $1,500",10/2/2019 18:20,UNABLE TO DETERMINE,UNABLE TO DETERMINE,2400,W,OGDEN AVE,1023,,,,,,,2,NO INDICATION OF INJURY,0,0,0,0,0,2,0,17,4,10,41.86483171,-87.68616067,POINT (-87.686160672742 41.864831710222)
JC457505,,10/2/2019 17:16,30,NO CONTROLS,NO CONTROLS,CLOUDY/OVERCAST,DAYLIGHT,TURNING,NOT DIVIDED,,STRAIGHT AND LEVEL,DRY,NO DEFECTS,ON SCENE,NO INJURY / DRIVE AWAY,,,Y,"$501 - $1,500",10/2/2019 17:17,UNABLE TO DETERMINE,UNABLE TO DETERMINE,4600,S,HONORE ST,924,,,,,,,2,NO INDICATION OF INJURY,0,0,0,0,0,5,0,17,4,10,41.81027383,-87.67124003,POINT (-87.671240032456 41.810273825419)
JC457555,,10/2/2019 17:10,30,TRAFFIC SIGNAL,FUNCTIONING PROPERLY,RAIN,DAYLIGHT,PEDALCYCLIST,NOT DIVIDED,,STRAIGHT AND LEVEL,WET,NO DEFECTS,NOT ON SCENE (DESK REPORT),INJURY AND / OR TOW DUE TO CRASH,,,Y,$500 OR LESS,10/2/2019 18:10,UNABLE TO DETERMINE,NOT APPLICABLE,2410,N,MILWAUKEE AVE,1414,,,,,,,2,NONINCAPACITATING INJURY,1,0,0,1,0,2,0,17,4,10,41.92491617,-87.70086166,POINT (-87.700861659114 41.924916170211)
JC457845,,10/2/2019 17:00,35,NO CONTROLS,NO CONTROLS,RAIN,DAYLIGHT,REAR END,DIVIDED - W/MEDIAN (NOT RAISED),,STRAIGHT AND LEVEL,WET,NO DEFECTS,NOT ON SCENE (DESK REPORT),NO INJURY / DRIVE AWAY,,,,"OVER $1,500",10/2/2019 22:20,FOLLOWING TOO CLOSELY,FOLLOWING TOO CLOSELY,6201,W,TOUHY AVE,1621,,,,,,,2,NO INDICATION OF INJURY,0,0,0,0,0,2,0,17,4,10,42.01189233,-87.78187007,POINT (-87.781870064905 42.011892331971)
JC457833,,10/2/2019 17:00,30,NO CONTROLS,NO CONTROLS,CLEAR,DAYLIGHT,PARKED MOTOR VEHICLE,ONE-WAY,,STRAIGHT AND LEVEL,DRY,NO DEFECTS,NOT ON SCENE (DESK REPORT),NO INJURY / DRIVE AWAY,,,Y,"OVER $1,500",10/2/2019 21:45,UNABLE TO DETERMINE,UNABLE TO DETERMINE,100,W,94TH ST,634,,,,,,,2,NO INDICATION OF INJURY,0,0,0,0,0,1,0,17,4,10,41.72362924,-87.62635082,POINT (-87.626350819751 41.72362923975)
JC457525,,10/2/2019 17:00,35,NO CONTROLS,NO CONTROLS,CLEAR,DAYLIGHT,REAR END,DIVIDED - W/MEDIAN (NOT RAISED),,STRAIGHT AND LEVEL,DRY,NO DEFECTS,NOT ON SCENE (DESK REPORT),NO INJURY / DRIVE AWAY,,,Y,"$501 - $1,500",10/2/2019 17:50,UNABLE TO DETERMINE,UNABLE TO DETERMINE,4070,W,26TH ST,1013,,,,,,,2,NO INDICATION OF INJURY,0,0,0,0,0,2,0,17,4,10,41.84432455,-87.72743065,POINT (-87.72743065259 41.844324551203)
JC457476,,10/2/2019 17:00,30,NO CONTROLS,NO CONTROLS,CLEAR,DAYLIGHT,TURNING,DIVIDED - W/MEDIAN BARRIER,,STRAIGHT AND LEVEL,WET,NO DEFECTS,ON SCENE,NO INJURY / DRIVE AWAY,,,,"$501 - $1,500",10/2/2019 17:10,IMPROPER OVERTAKING/PASSING,IMPROPER LANE USAGE,5115,S,PULASKI RD,822,,,,,,,2,NO INDICATION OF INJURY,0,0,0,0,0,3,0,17,4,10,41.79993754,-87.723208,POINT (-87.723208000756 41.799937541913)
JC457493,,10/2/2019 16:45,30,STOP SIGN/FLASHER,FUNCTIONING PROPERLY,CLEAR,DAYLIGHT,REAR END,NOT DIVIDED,,STRAIGHT AND LEVEL,DRY,NO DEFECTS,NOT ON SCENE (DESK REPORT),NO INJURY / DRIVE AWAY,,,,"$501 - $1,500",10/2/2019 17:39,UNABLE TO DETERMINE,UNABLE TO DETERMINE,1000,S,RACINE AVE,1231,,,,,,,2,NO INDICATION OF INJURY,0,0,0,0,0,2,0,16,4,10,41.86935557,-87.65690024,POINT (-87.656900243811 41.869355573441)
JC458178,,10/2/2019 16:30,30,STOP SIGN/FLASHER,FUNCTIONING PROPERLY,CLEAR,DAYLIGHT,TURNING,DIVIDED - W/MEDIAN (NOT RAISED),,STRAIGHT AND LEVEL,WET,NO DEFECTS,NOT ON SCENE (DESK REPORT),NO INJURY / DRIVE AWAY,Y,,,"OVER $1,500",10/3/2019 9:25,DISREGARDING STOP SIGN,NOT APPLICABLE,7700,W,FOSTER AVE,1613,,,,,,,2,NO INDICATION OF INJURY,0,0,0,0,0,2,0,16,4,10,41.97432966,-87.81952493,POINT (-87.819524932013 41.974329657994)
JC457468,,10/2/2019 16:30,30,TRAFFIC SIGNAL,FUNCTIONING PROPERLY,CLEAR,DAYLIGHT,TURNING,NOT DIVIDED,,STRAIGHT AND LEVEL,UNKNOWN,UNKNOWN,NOT ON SCENE (DESK REPORT),NO INJURY / DRIVE AWAY,,,,"OVER $1,500",10/2/2019 17:15,FOLLOWING TOO CLOSELY,FOLLOWING TOO CLOSELY,4700,S,DR MARTIN LUTHER KING JR DR,224,,,,,,,2,NO INDICATION OF INJURY,0,0,0,0,0,3,0,16,4,10,41.80929091,-87.61673305,POINT (-87.616733045993 41.809290910501)
JC457426,,10/2/2019 16:30,30,TRAFFIC SIGNAL,FUNCTIONING PROPERLY,RAIN,DAYLIGHT,ANGLE,DIVIDED - W/MEDIAN (NOT RAISED),,STRAIGHT AND LEVEL,WET,NO DEFECTS,ON SCENE,NO INJURY / DRIVE AWAY,Y,,,"OVER $1,500",10/2/2019 16:45,UNABLE TO DETERMINE,NOT APPLICABLE,1160,N,KOSTNER AVE,1111,,,,,,,3,NO INDICATION OF INJURY,0,0,0,0,0,2,0,16,4,10,41.90246324,-87.73629081,POINT (-87.736290812904 41.902463236333)
JC457462,,10/2/2019 16:27,30,NO CONTROLS,NO CONTROLS,RAIN,DAYLIGHT,REAR END,ONE-WAY,,STRAIGHT AND LEVEL,WET,UNKNOWN,ON SCENE,NO INJURY / DRIVE AWAY,,,,"$501 - $1,500",10/2/2019 16:38,UNABLE TO DETERMINE,UNABLE TO DETERMINE,6414,N,WHIPPLE ST,2412,,,,,,,2,NO INDICATION OF INJURY,0,0,0,0,0,2,0,16,4,10,41.99793753,-87.70590894,POINT (-87.705908937386 41.997937529125)
JC457455,,10/2/2019 16:25,20,NO CONTROLS,NO CONTROLS,RAIN,DAYLIGHT,REAR END,DIVIDED - W/MEDIAN (NOT RAISED),,STRAIGHT AND LEVEL,WET,NO DEFECTS,NOT ON SCENE (DESK REPORT),NO INJURY / DRIVE AWAY,,,,"$501 - $1,500",10/2/2019 17:00,FOLLOWING TOO CLOSELY,FOLLOWING TOO CLOSELY,955,W,JACKSON BLVD,1232,,,,,,,2,NO INDICATION OF INJURY,0,0,0,0,0,2,0,16,4,10,41.87776215,-87.65176534,POINT (-87.651765340669 41.877762146715)
JC457629,,10/2/2019 16:20,30,NO CONTROLS,NO CONTROLS,RAIN,DAYLIGHT,TURNING,NOT DIVIDED,,STRAIGHT AND LEVEL,WET,NO DEFECTS,NOT ON SCENE (DESK REPORT),NO INJURY / DRIVE AWAY,,,,"OVER $1,500",10/2/2019 19:00,FAILING TO YIELD RIGHT-OF-WAY,NOT APPLICABLE,6401,W,TOUHY AVE,1621,,,,,,,2,NO INDICATION OF INJURY,0,0,0,0,0,2,0,16,4,10,42.01188197,-87.78682592,POINT (-87.786825921147 42.011881972185)
JC457459,,10/2/2019 16:20,35,NO CONTROLS,NO CONTROLS,RAIN,DAYLIGHT,TURNING,OTHER,,STRAIGHT AND LEVEL,WET,NO DEFECTS,ON SCENE,NO INJURY / DRIVE AWAY,,,,"OVER $1,500",10/2/2019 16:20,UNABLE TO DETERMINE,NOT APPLICABLE,3951,N,LAKE SHORE DR,1925,,,,,,,2,NO INDICATION OF INJURY,0,0,0,0,0,3,0,16,4,10,41.9543829,-87.64506,POINT (-87.645060004155 41.954382898709)
JC457430,,10/2/2019 16:20,35,TRAFFIC SIGNAL,FUNCTIONING PROPERLY,CLEAR,DUSK,PEDALCYCLIST,FOUR WAY,,STRAIGHT AND LEVEL,WET,NO DEFECTS,ON SCENE,INJURY AND / OR TOW DUE TO CRASH,Y,,,$500 OR LESS,10/2/2019 16:29,FAILING TO REDUCE SPEED TO AVOID CRASH,NOT APPLICABLE,531,W,95TH ST,2223,,,N,,,,2,"REPORTED, NOT EVIDENT",1,0,0,0,1,1,0,16,4,10,41.72143257,-87.63709151,POINT (-87.637091513994 41.72143256963)
JC457410,,10/2/2019 16:17,30,NO CONTROLS,NO CONTROLS,CLEAR,DAYLIGHT,REAR END,NOT DIVIDED,,STRAIGHT AND LEVEL,DRY,NO DEFECTS,NOT ON SCENE (DESK REPORT),NO INJURY / DRIVE AWAY,,,,"$501 - $1,500",10/2/2019 16:38,NOT APPLICABLE,NOT APPLICABLE,2832,W,71ST ST,831,,,,,,,2,NO INDICATION OF INJURY,0,0,0,0,0,2,0,16,4,10,41.76462627,-87.69431599,POINT (-87.694315985821 41.76462627246)
JC458374,,10/2/2019 16:15,30,TRAFFIC SIGNAL,FUNCTIONING PROPERLY,RAIN,DAYLIGHT,REAR END,DIVIDED - W/MEDIAN BARRIER,,STRAIGHT AND LEVEL,WET,NO DEFECTS,NOT ON SCENE (DESK REPORT),NO INJURY / DRIVE AWAY,,,,$500 OR LESS,10/3/2019 12:00,FAILING TO REDUCE SPEED TO AVOID CRASH,DRIVING SKILLS/KNOWLEDGE/EXPERIENCE,8638,S,STONY ISLAND AVE,412,Y,,,,,,2,NO INDICATION OF INJURY,0,0,0,0,0,2,0,16,4,10,41.73758733,-87.5857964,POINT (-87.585796397947 41.737587325168)
JC457472,,10/2/2019 16:15,30,NO CONTROLS,NO CONTROLS,CLOUDY/OVERCAST,DAYLIGHT,PARKED MOTOR VEHICLE,ONE-WAY,,STRAIGHT AND LEVEL,UNKNOWN,UNKNOWN,NOT ON SCENE (DESK REPORT),NO INJURY / DRIVE AWAY,,,Y,"$501 - $1,500",10/2/2019 17:15,IMPROPER BACKING,NOT APPLICABLE,6637,S,PAULINA ST,725,,,,,,,2,NO INDICATION OF INJURY,0,0,0,0,0,1,0,16,4,10,41.77287407,-87.66636187,POINT (-87.66636187169 41.772874067985)
JC457470,,10/2/2019 16:15,20,NO CONTROLS,NO CONTROLS,CLEAR,DAYLIGHT,PARKED MOTOR VEHICLE,PARKING LOT,,STRAIGHT AND LEVEL,DRY,NO DEFECTS,ON SCENE,NO INJURY / DRIVE AWAY,,,,"OVER $1,500",10/2/2019 16:56,UNABLE TO DETERMINE,NOT APPLICABLE,4179,W,OGDEN AVE,1013,,,,,,,2,NO INDICATION OF INJURY,0,0,0,0,0,1,0,16,4,10,41.84940394,-87.72918167,POINT (-87.729181669821 41.849403942933)
JC457398,,10/2/2019 16:15,30,TRAFFIC SIGNAL,FUNCTIONING PROPERLY,RAIN,DAYLIGHT,TURNING,NOT DIVIDED,,STRAIGHT AND LEVEL,WET,NO DEFECTS,,NO INJURY / DRIVE AWAY,,,N,"OVER $1,500",10/2/2019 16:30,UNABLE TO DETERMINE,UNABLE TO DETERMINE,4800,W,FLOURNOY ST,1533,,,,,,,2,NO INDICATION OF INJURY,0,0,0,0,0,3,0,16,4,10,41.87218093,-87.74498443,POINT (-87.744984427653 41.87218092888)