RD_NO,CRASH_DATE_EST_I,CRASH_DATE,POSTED_SPEED_LIMIT,TRAFFIC_CONTROL_DEVICE,DEVICE_CONDITION,WEATHER_CONDITION,LIGHTING_CONDITION,FIRST_CRASH_TYPE,TRAFFICWAY_TYPE,LANE_CNT,ALIGNMENT,ROADWAY_SURFACE_COND,ROAD_DEFECT,REPORT_TYPE,CRASH_TYPE,INTERSECTION_RELATED_I,NOT_RIGHT_OF_WAY_I,HIT_AND_RUN_I,DAMAGE,DATE_POLICE_NOTIFIED,PRIM_CONTRIBUTORY_CAUSE,SEC_CONTRIBUTORY_CAUSE,STREET_NO,STREET_DIRECTION,STREET_NAME,BEAT_OF_OCCURRENCE,PHOTOS_TAKEN_I,STATEMENTS_TAKEN_I,DOORING_I,WORK_ZONE_I,WORK_ZONE_TYPE,WORKERS_PRESENT_I,NUM_UNITS,MOST_SEVERE_INJURY,INJURIES_TOTAL,INJURIES_FATAL,INJURIES_INCAPACITATING,INJURIES_NON_INCAPACITATING,INJURIES_REPORTED_NOT_EVIDENT,INJURIES_NO_INDICATION,INJURIES_UNKNOWN,CRASH_HOUR,CRASH_DAY_OF_WEEK,CRASH_MONTH,LATITUDE,LONGITUDE,LOCATION
JC457397,,10/2/2019 16:15,35,NO CONTROLS,NO CONTROLS,CLOUDY/OVERCAST,DAYLIGHT,SIDESWIPE SAME DIRECTION,NOT DIVIDED,,STRAIGHT AND LEVEL,DRY,NO DEFECTS,ON SCENE,INJURY AND / OR TOW DUE TO CRASH,,,,"OVER $1,500",10/2/2019 16:20,IMPROPER OVERTAKING/PASSING,IMPROPER OVERTAKING/PASSING,1700,E,95TH ST,413,,,,,,,2,NO INDICATION OF INJURY,0,0,0,0,0,6,0,16,4,10,41.72248731,-87.58251464,POINT (-87.582514642078 41.722487307302)
JC457394,,10/2/2019 16:15,30,NO CONTROLS,NO CONTROLS,RAIN,DAYLIGHT,PARKED MOTOR VEHICLE,NOT DIVIDED,,STRAIGHT AND LEVEL,WET,NO DEFECTS,ON SCENE,NO INJURY / DRIVE AWAY,,,,"OVER $1,500",10/2/2019 16:15,IMPROPER OVERTAKING/PASSING,NOT APPLICABLE,1128,W,THORNDALE AVE,2433,,,,,,,2,NO INDICATION OF INJURY,0,0,0,0,0,1,0,16,4,10,41.99014452,-87.65944472,POINT (-87.659444720609 41.990144522485)
JC457403,,10/2/2019 16:10,30,STOP SIGN/FLASHER,FUNCTIONING PROPERLY,CLEAR,DAYLIGHT,ANGLE,FOUR WAY,,STRAIGHT AND LEVEL,DRY,NO DEFECTS,ON SCENE,INJURY AND / OR TOW DUE TO CRASH,Y,,Y,"OVER $1,500",10/2/2019 16:15,UNABLE TO DETERMINE,UNABLE TO DETERMINE,2100,W,79TH ST,611,,,,,,,4,NO INDICATION OF INJURY,0,0,0,0,0,7,0,16,4,10,41.75030847,-87.67564359,POINT (-87.675643593212 41.750308468882)
JC457379,,10/2/2019 16:10,30,NO CONTROLS,NO CONTROLS,CLOUDY/OVERCAST,DAYLIGHT,REAR END,NOT DIVIDED,,STRAIGHT AND LEVEL,DRY,NO DEFECTS,NOT ON SCENE (DESK REPORT),NO INJURY / DRIVE AWAY,,,Y,"OVER $1,500",10/2/2019 16:30,FOLLOWING TOO CLOSELY,NOT APPLICABLE,6200,S,ASHLAND AVE,714,,,,,,,2,NO INDICATION OF INJURY,0,0,0,0,0,2,0,16,4,10,41.78120045,-87.66440654,POINT (-87.66440653932 41.781200449899)
JC457458,,10/2/2019 16:05,30,TRAFFIC SIGNAL,FUNCTIONING PROPERLY,CLEAR,DAYLIGHT,REAR END,NOT DIVIDED,,STRAIGHT AND LEVEL,WET,NO DEFECTS,NOT ON SCENE (DESK REPORT),NO INJURY / DRIVE AWAY,,,Y,"$501 - $1,500",10/2/2019 17:02,UNABLE TO DETERMINE,UNABLE TO DETERMINE,652,W,TAYLOR ST,124,,,,,,,2,NO INDICATION OF INJURY,0,0,0,0,0,2,0,16,4,10,41.86980688,-87.64367009,POINT (-87.643670093094 41.869806880037)
JC457401,,10/2/2019 16:04,30,TRAFFIC SIGNAL,FUNCTIONING PROPERLY,RAIN,DAYLIGHT,REAR END,DIVIDED - W/MEDIAN (NOT RAISED),,STRAIGHT AND LEVEL,WET,NO DEFECTS,NOT ON SCENE (DESK REPORT),NO INJURY / DRIVE AWAY,Y,,,"OVER $1,500",10/2/2019 16:30,UNABLE TO DETERMINE,UNABLE TO DETERMINE,4158,S,ASHLAND AVE,924,,,,,,,2,NO INDICATION OF INJURY,0,0,0,0,0,3,0,16,4,10,41.81774274,-87.66533501,POINT (-87.665335012334 41.817742737026)
JC459041,,10/2/2019 16:00,30,TRAFFIC SIGNAL,FUNCTIONING PROPERLY,CLEAR,DAYLIGHT,ANGLE,NOT DIVIDED,,STRAIGHT AND LEVEL,DRY,NO DEFECTS,NOT ON SCENE (DESK REPORT),NO INJURY / DRIVE AWAY,,,,"$501 - $1,500",10/3/2019 19:40,FAILING TO YIELD RIGHT-OF-WAY,FAILING TO YIELD RIGHT-OF-WAY,2200,S,KOSTNER AVE,1013,,,,,,,2,NO INDICATION OF INJURY,0,0,0,0,0,2,0,16,4,10,41.85130385,-87.73464514,POINT (-87.734645137918 41.851303852482)
JC457520,,10/2/2019 16:00,30,UNKNOWN,UNKNOWN,RAIN,DAYLIGHT,PEDALCYCLIST,NOT DIVIDED,,STRAIGHT AND LEVEL,WET,NO DEFECTS,ON SCENE,INJURY AND / OR TOW DUE TO CRASH,,,,"$501 - $1,500",10/2/2019 16:00,UNABLE TO DETERMINE,NOT APPLICABLE,2200,N,MILWAUKEE AVE,1431,,,,,,,2,NONINCAPACITATING INJURY,1,0,0,1,0,1,0,16,4,10,41.92073413,-87.69404109,POINT (-87.694041093934 41.920734131956)
JC457460,,10/2/2019 15:55,30,NO CONTROLS,NO CONTROLS,RAIN,DAYLIGHT,SIDESWIPE SAME DIRECTION,NOT DIVIDED,,STRAIGHT AND LEVEL,WET,NO DEFECTS,NOT ON SCENE (DESK REPORT),NO INJURY / DRIVE AWAY,,,,"OVER $1,500",10/2/2019 17:10,IMPROPER OVERTAKING/PASSING,NOT APPLICABLE,8029,W,FOREST PRESERVE AVE,1631,,,,,,,2,NO INDICATION OF INJURY,0,0,0,0,0,2,0,15,4,10,41.94400913,-87.82748193,POINT (-87.827481928438 41.94400912718)
JC457575,,10/2/2019 15:45,30,TRAFFIC SIGNAL,FUNCTIONING PROPERLY,RAIN,DAYLIGHT,REAR END,NOT DIVIDED,,STRAIGHT AND LEVEL,WET,NO DEFECTS,NOT ON SCENE (DESK REPORT),NO INJURY / DRIVE AWAY,,,Y,"$501 - $1,500",10/2/2019 19:14,FOLLOWING TOO CLOSELY,FAILING TO REDUCE SPEED TO AVOID CRASH,1230,N,CICERO AVE,2533,,,,,,,2,NO INDICATION OF INJURY,0,0,0,0,0,2,0,15,4,10,41.90321683,-87.74613259,POINT (-87.746132591409 41.903216834038)
JC457344,,10/2/2019 15:45,30,TRAFFIC SIGNAL,FUNCTIONING PROPERLY,RAIN,DAYLIGHT,SIDESWIPE SAME DIRECTION,NOT DIVIDED,,STRAIGHT AND LEVEL,WET,NO DEFECTS,ON SCENE,NO INJURY / DRIVE AWAY,Y,,,"$501 - $1,500",10/2/2019 15:50,UNABLE TO DETERMINE,UNABLE TO DETERMINE,398,S,ASHLAND AVE,1231,,,,,,,2,NO INDICATION OF INJURY,0,0,0,0,0,2,0,15,4,10,41.87638849,-87.66681235,POINT (-87.666812350149 41.876388488923)
JC457338,,10/2/2019 15:45,30,TRAFFIC SIGNAL,FUNCTIONING PROPERLY,CLEAR,DAYLIGHT,TURNING,NOT DIVIDED,,STRAIGHT AND LEVEL,DRY,NO DEFECTS,ON SCENE,NO INJURY / DRIVE AWAY,,,,"OVER $1,500",10/2/2019 15:46,FAILING TO YIELD RIGHT-OF-WAY,NOT APPLICABLE,10351,S,TORRENCE AVE,434,,,,,,,2,NO INDICATION OF INJURY,0,0,0,0,0,2,0,15,4,10,41.70670703,-87.55949919,POINT (-87.559499185102 41.706707034022)
JC457374,,10/2/2019 15:40,15,NO CONTROLS,NO CONTROLS,RAIN,DAYLIGHT,PARKED MOTOR VEHICLE,OTHER,,STRAIGHT AND LEVEL,WET,NO DEFECTS,ON SCENE,NO INJURY / DRIVE AWAY,,,,"OVER $1,500",10/2/2019 15:51,NOT APPLICABLE,NOT APPLICABLE,412,W,OHARE ST,1654,,,,,,,2,NO INDICATION OF INJURY,0,0,0,0,0,2,0,15,4,10,,,
JC457366,,10/2/2019 15:40,30,NO CONTROLS,NO CONTROLS,RAIN,DAYLIGHT,ANGLE,NOT DIVIDED,,STRAIGHT AND LEVEL,WET,NO DEFECTS,NOT ON SCENE (DESK REPORT),NO INJURY / DRIVE AWAY,,,,"$501 - $1,500",10/2/2019 16:50,FAILING TO YIELD RIGHT-OF-WAY,FAILING TO REDUCE SPEED TO AVOID CRASH,6333,W,BLOOMINGDALE AVE,2513,,,,,,,2,NO INDICATION OF INJURY,0,0,0,0,0,2,0,15,4,10,41.91269042,-87.78393402,POINT (-87.783934019987 41.91269041676)
JC457385,,10/2/2019 15:31,30,TRAFFIC SIGNAL,FUNCTIONING PROPERLY,CLEAR,DAYLIGHT,PEDESTRIAN,DIVIDED - W/MEDIAN BARRIER,,STRAIGHT AND LEVEL,DRY,NO DEFECTS,ON SCENE,INJURY AND / OR TOW DUE TO CRASH,,,Y,"OVER $1,500",10/2/2019 16:07,IMPROPER LANE USAGE,IMPROPER OVERTAKING/PASSING,6658,S,ASHLAND AVE,725,,,,,,,2,NONINCAPACITATING INJURY,1,0,0,1,0,1,0,15,4,10,41.77228024,-87.66417081,POINT (-87.664170810972 41.772280242722)
JC457580,,10/2/2019 15:30,30,NO CONTROLS,NO CONTROLS,RAIN,DAYLIGHT,SIDESWIPE SAME DIRECTION,DIVIDED - W/MEDIAN (NOT RAISED),,STRAIGHT AND LEVEL,WET,NO DEFECTS,,NO INJURY / DRIVE AWAY,,,,"$501 - $1,500",10/2/2019 18:30,IMPROPER OVERTAKING/PASSING,UNABLE TO DETERMINE,5251,N,HARLEM AVE,1613,,,,,,,2,NO INDICATION OF INJURY,0,0,0,0,0,3,0,15,4,10,41.97705855,-87.80686268,POINT (-87.80686267804 41.977058551961)
JC457551,,10/2/2019 15:30,20,NO CONTROLS,NO CONTROLS,CLEAR,DAYLIGHT,PARKED MOTOR VEHICLE,PARKING LOT,,STRAIGHT AND LEVEL,DRY,NO DEFECTS,NOT ON SCENE (DESK REPORT),NO INJURY / DRIVE AWAY,,Y,,"$501 - $1,500",10/2/2019 18:05,NOT APPLICABLE,NOT APPLICABLE,4021,W,63RD ST,813,,,,,,,2,NO INDICATION OF INJURY,0,0,0,0,0,2,0,15,4,10,41.77853446,-87.72373404,POINT (-87.723734041431 41.778534455613)
JC457407,,10/2/2019 15:30,30,TRAFFIC SIGNAL,FUNCTIONING PROPERLY,RAIN,DAYLIGHT,TURNING,DIVIDED - W/MEDIAN (NOT RAISED),,STRAIGHT ON GRADE,WET,NO DEFECTS,ON SCENE,INJURY AND / OR TOW DUE TO CRASH,Y,,,"OVER $1,500",10/2/2019 15:31,FAILING TO YIELD RIGHT-OF-WAY,NOT APPLICABLE,6320,N,CALDWELL AVE,1621,,,,,,,2,NONINCAPACITATING INJURY,1,0,0,1,0,2,0,15,4,10,41.99602756,-87.76425359,POINT (-87.764253590677 41.996027563389)
JC457390,,10/2/2019 15:30,10,NO CONTROLS,NO CONTROLS,CLEAR,DAYLIGHT,PARKED MOTOR VEHICLE,PARKING LOT,,STRAIGHT AND LEVEL,DRY,NO DEFECTS,NOT ON SCENE (DESK REPORT),NO INJURY / DRIVE AWAY,,,Y,"$501 - $1,500",10/2/2019 16:28,UNABLE TO DETERMINE,UNABLE TO DETERMINE,9402,S,ASHLAND AVE,2221,,,,,,,2,NO INDICATION OF INJURY,0,0,0,0,0,1,0,15,4,10,41.72288479,-87.66286211,POINT (-87.662862110623 41.722884791754)
JC457360,,10/2/2019 15:30,30,NO CONTROLS,NO CONTROLS,RAIN,DAYLIGHT,REAR END,NOT DIVIDED,,STRAIGHT AND LEVEL,WET,NO DEFECTS,NOT ON SCENE (DESK REPORT),NO INJURY / DRIVE AWAY,,,,"OVER $1,500",10/2/2019 16:00,FOLLOWING TOO CLOSELY,NOT APPLICABLE,2130,N,LARAMIE AVE,2515,,,,,,,3,NO INDICATION OF INJURY,0,0,0,0,0,6,0,15,4,10,41.91958056,-87.75616462,POINT (-87.756164618438 41.91958056166)
JC457301,,10/2/2019 15:25,35,STOP SIGN/FLASHER,FUNCTIONING PROPERLY,RAIN,DUSK,PEDALCYCLIST,NOT DIVIDED,,STRAIGHT AND LEVEL,WET,UNKNOWN,ON SCENE,INJURY AND / OR TOW DUE TO CRASH,,,,"OVER $1,500",10/2/2019 15:30,UNABLE TO DETERMINE,UNABLE TO DETERMINE,4200,W,CHICAGO AVE,1111,,,,,,,2,NONINCAPACITATING INJURY,1,0,0,1,0,1,0,15,4,10,41.89538299,-87.73108238,POINT (-87.731082379531 41.895382986871)
JC457324,Y,10/2/2019 15:24,30,TRAFFIC SIGNAL,FUNCTIONING PROPERLY,RAIN,DAYLIGHT,REAR END,ONE-WAY,,STRAIGHT AND LEVEL,WET,NO DEFECTS,ON SCENE,INJURY AND / OR TOW DUE TO CRASH,,,,$500 OR LESS,10/2/2019 15:26,FOLLOWING TOO CLOSELY,UNABLE TO DETERMINE,620,N,RACINE AVE,1215,,,,,,,2,"REPORTED, NOT EVIDENT",1,0,0,0,1,2,0,15,4,10,41.89294663,-87.65757787,POINT (-87.657577869531 41.892946634142)
JC457395,,10/2/2019 15:20,30,UNKNOWN,UNKNOWN,RAIN,DAYLIGHT,REAR END,OTHER,,STRAIGHT AND LEVEL,WET,UNKNOWN,NOT ON SCENE (DESK REPORT),NO INJURY / DRIVE AWAY,,,,"OVER $1,500",10/2/2019 16:30,FOLLOWING TOO CLOSELY,NOT APPLICABLE,6017,W,HIGGINS AVE,1622,,,,,,,3,NO INDICATION OF INJURY,0,0,0,0,0,4,0,15,4,10,41.97329873,-87.77901931,POINT (-87.779019313893 41.973298733423)
JC457294,,10/2/2019 15:20,30,OTHER,FUNCTIONING PROPERLY,CLEAR,DAYLIGHT,TURNING,FOUR WAY,,STRAIGHT AND LEVEL,DRY,NO DEFECTS,ON SCENE,NO INJURY / DRIVE AWAY,Y,,,$500 OR LESS,10/2/2019 15:21,UNABLE TO DETERMINE,NOT APPLICABLE,1601,E,75TH ST,411,Y,,,,,,2,NO INDICATION OF INJURY,0,0,0,0,0,3,0,15,4,10,41.75865822,-87.58567938,POINT (-87.585679384328 41.758658217701)
JC457404,Y,10/2/2019 15:15,25,NO CONTROLS,NO CONTROLS,RAIN,DAYLIGHT,PARKED MOTOR VEHICLE,NOT DIVIDED,,STRAIGHT AND LEVEL,WET,NO DEFECTS,ON SCENE,NO INJURY / DRIVE AWAY,,,,"OVER $1,500",10/2/2019 16:30,NOT APPLICABLE,NOT APPLICABLE,7145,N,ODELL AVE,1611,,,,,,,2,NO INDICATION OF INJURY,0,0,0,0,0,1,0,15,4,10,42.01111943,-87.81079263,POINT (-87.810792630967 42.011119433194)
JC457353,,10/2/2019 15:15,30,NO CONTROLS,NO CONTROLS,CLEAR,DAYLIGHT,SIDESWIPE SAME DIRECTION,NOT DIVIDED,,STRAIGHT AND LEVEL,DRY,NO DEFECTS,NOT ON SCENE (DESK REPORT),NO INJURY / DRIVE AWAY,,,,"$501 - $1,500",10/2/2019 15:53,NOT APPLICABLE,NOT APPLICABLE,4900,S,WESTERN AVE,923,,,,,,,2,NO INDICATION OF INJURY,0,0,0,0,0,2,0,15,4,10,41.80464125,-87.68451691,POINT (-87.684516905411 41.804641245012)
JC457316,,10/2/2019 15:10,30,STOP SIGN/FLASHER,FUNCTIONING PROPERLY,CLEAR,DAYLIGHT,ANGLE,NOT DIVIDED,,STRAIGHT AND LEVEL,DRY,NO DEFECTS,ON SCENE,INJURY AND / OR TOW DUE TO CRASH,,,Y,"$501 - $1,500",10/2/2019 15:32,DISREGARDING STOP SIGN,UNABLE TO DETERMINE,1030,W,63RD ST,712,,,,,,,2,NONINCAPACITATING INJURY,1,0,0,1,0,1,0,15,4,10,41.77977199,-87.65080184,POINT (-87.650801835714 41.779771992062)
JC457276,,10/2/2019 15:10,30,NO CONTROLS,NO CONTROLS,RAIN,DAYLIGHT,TURNING,ONE-WAY,,STRAIGHT AND LEVEL,WET,NO DEFECTS,ON SCENE,INJURY AND / OR TOW DUE TO CRASH,,,,"OVER $1,500",10/2/2019 15:12,"VISION OBSCURED (SIGNS, TREE LIMBS, BUILDINGS, ETC.)",UNABLE TO DETERMINE,4011,W,WAVELAND AVE,1732,,,,,,,3,NO INDICATION OF INJURY,0,0,0,0,0,2,0,15,4,10,41.94806577,-87.72798296,POINT (-87.72798295888 41.948065769998)
JC457266,,10/2/2019 15:10,30,NO CONTROLS,OTHER,RAIN,DAYLIGHT,REAR END,NOT DIVIDED,,STRAIGHT AND LEVEL,WET,OTHER,ON SCENE,INJURY AND / OR TOW DUE TO CRASH,,,,"$501 - $1,500",10/2/2019 15:16,FOLLOWING TOO CLOSELY,FOLLOWING TOO CLOSELY,7001,W,IRVING PARK RD,1632,,,,,,,2,INCAPACITATING INJURY,1,0,1,0,0,1,0,15,4,10,41.95263758,-87.80119902,POINT (-87.801199017886 41.95263757461)
JC457305,,10/2/2019 15:08,30,NO CONTROLS,NO CONTROLS,UNKNOWN,DAYLIGHT,REAR END,NOT DIVIDED,,STRAIGHT AND LEVEL,UNKNOWN,UNKNOWN,ON SCENE,INJURY AND / OR TOW DUE TO CRASH,,,,"OVER $1,500",10/2/2019 15:15,UNABLE TO DETERMINE,NOT APPLICABLE,6800,S,DAMEN AVE,726,,,,,,,4,NONINCAPACITATING INJURY,1,0,0,1,0,4,0,15,4,10,41.77021093,-87.67381288,POINT (-87.673812879939 41.77021093167)
JC457384,,10/2/2019 15:05,30,TRAFFIC SIGNAL,FUNCTIONING PROPERLY,RAIN,DUSK,REAR END,NOT DIVIDED,,STRAIGHT AND LEVEL,WET,NO DEFECTS,ON SCENE,NO INJURY / DRIVE AWAY,,,,"OVER $1,500",10/2/2019 16:10,FOLLOWING TOO CLOSELY,RELATED TO BUS STOP,4000,S,PULASKI RD,815,,Y,,,,,2,NO INDICATION OF INJURY,0,0,0,0,0,3,0,15,4,10,41.81905247,-87.7241127,POINT (-87.7241127025 41.819052466282)
JC457363,,10/2/2019 15:00,30,TRAFFIC SIGNAL,FUNCTIONING PROPERLY,RAIN,DAYLIGHT,SIDESWIPE SAME DIRECTION,DIVIDED - W/MEDIAN (NOT RAISED),,STRAIGHT AND LEVEL,WET,NO DEFECTS,NOT ON SCENE (DESK REPORT),NO INJURY / DRIVE AWAY,,,,"OVER $1,500",10/2/2019 15:30,IMPROPER OVERTAKING/PASSING,UNABLE TO DETERMINE,9500,S,TORRENCE AVE,431,,,,,,,2,NO INDICATION OF INJURY,0,0,0,0,0,2,0,15,4,10,41.7223594,-87.56002301,POINT (-87.560023006518 41.72235939979)
JC457263,,10/2/2019 15:00,30,TRAFFIC SIGNAL,FUNCTIONING PROPERLY,RAIN,DAYLIGHT,REAR END,NOT DIVIDED,,STRAIGHT AND LEVEL,WET,NO DEFECTS,NOT ON SCENE (DESK REPORT),NO INJURY / DRIVE AWAY,,,,"$501 - $1,500",10/2/2019 15:51,FOLLOWING TOO CLOSELY,DISTRACTION - FROM INSIDE VEHICLE,1859,N,CENTRAL AVE,2532,,,,,,,2,NO INDICATION OF INJURY,0,0,0,0,0,2,0,15,4,10,41.9147846,-87.76539686,POINT (-87.765396857557 41.914784599646)
JC457234,,10/2/2019 14:56,30,TRAFFIC SIGNAL,FUNCTIONING PROPERLY,CLEAR,DAYLIGHT,ANGLE,NOT DIVIDED,,STRAIGHT AND LEVEL,DRY,NO DEFECTS,NOT ON SCENE (DESK REPORT),NO INJURY / DRIVE AWAY,Y,,,"$501 - $1,500",10/2/2019 14:56,UNABLE TO DETERMINE,UNABLE TO DETERMINE,120,W,GRAND AVE,1831,,,,,,,2,NO INDICATION OF INJURY,0,0,0,0,0,2,0,14,4,10,41.89172327,-87.63207589,POINT (-87.63207588483 41.891723266696)
JC457432,,10/2/2019 14:55,30,TRAFFIC SIGNAL,FUNCTIONING PROPERLY,CLEAR,DAYLIGHT,REAR END,NOT DIVIDED,,STRAIGHT AND LEVEL,DRY,NO DEFECTS,NOT ON SCENE (DESK REPORT),NO INJURY / DRIVE AWAY,,,,"$501 - $1,500",10/2/2019 16:45,FAILING TO YIELD RIGHT-OF-WAY,UNABLE TO DETERMINE,4225,S,HALSTED ST,925,,,,,,,2,NO INDICATION OF INJURY,0,0,0,0,0,2,0,14,4,10,41.8167876,-87.64559695,POINT (-87.645596953575 41.816787597624)
JC457372,,10/2/2019 14:55,25,NO CONTROLS,NO CONTROLS,RAIN,DAYLIGHT,PARKED MOTOR VEHICLE,NOT DIVIDED,,STRAIGHT AND LEVEL,WET,UNKNOWN,NOT ON SCENE (DESK REPORT),NO INJURY / DRIVE AWAY,,,,"$501 - $1,500",10/2/2019 16:20,UNABLE TO DETERMINE,UNABLE TO DETERMINE,3009,E,92ND ST,424,,,,,,,2,NO INDICATION OF INJURY,0,0,0,0,0,1,0,14,4,10,41.72814619,-87.55080794,POINT (-87.55080793673 41.728146188321)
JC457286,,10/2/2019 14:49,30,STOP SIGN/FLASHER,NO CONTROLS,CLEAR,DAYLIGHT,TURNING,DIVIDED - W/MEDIAN (NOT RAISED),,STRAIGHT AND LEVEL,WET,NO DEFECTS,ON SCENE,INJURY AND / OR TOW DUE TO CRASH,,,,"OVER $1,500",10/2/2019 15:15,FAILING TO YIELD RIGHT-OF-WAY,NOT APPLICABLE,7200,S,KEDZIE AVE,831,,,,,,,2,NO INDICATION OF INJURY,0,0,0,0,0,2,0,14,4,10,41.76246372,-87.70290451,POINT (-87.702904513708 41.76246372415)
JC457576,,10/2/2019 14:45,30,NO CONTROLS,NO CONTROLS,RAIN,DAYLIGHT,TURNING,DIVIDED - W/MEDIAN (NOT RAISED),,STRAIGHT AND LEVEL,WET,NO DEFECTS,NOT ON SCENE (DESK REPORT),NO INJURY / DRIVE AWAY,,,,"OVER $1,500",10/2/2019 16:00,UNABLE TO DETERMINE,NOT APPLICABLE,1950,N,CICERO AVE,2533,,,,,,,2,NO INDICATION OF INJURY,0,0,0,0,0,2,0,14,4,10,41.91660972,-87.7462385,POINT (-87.746238494623 41.916609720543)
JC457383,,10/2/2019 14:42,30,NO CONTROLS,NO CONTROLS,RAIN,DAYLIGHT,SIDESWIPE SAME DIRECTION,NOT DIVIDED,,STRAIGHT AND LEVEL,WET,NO DEFECTS,NOT ON SCENE (DESK REPORT),NO INJURY / DRIVE AWAY,,,Y,"OVER $1,500",10/2/2019 16:15,UNABLE TO DETERMINE,UNABLE TO DETERMINE,1053,N,ASHLAND AVE,1213,,,,,,,3,NO INDICATION OF INJURY,0,0,0,0,0,2,0,14,4,10,41.90125423,-87.66728845,POINT (-87.66728844911 41.901254232427)
JC457309,,10/2/2019 14:41,30,NO CONTROLS,NO CONTROLS,CLOUDY/OVERCAST,DAYLIGHT,SIDESWIPE SAME DIRECTION,NOT DIVIDED,,STRAIGHT AND LEVEL,DRY,NO DEFECTS,ON SCENE,INJURY AND / OR TOW DUE TO CRASH,,,Y,"OVER $1,500",10/2/2019 15:09,"OPERATING VEHICLE IN ERRATIC, RECKLESS, CARELESS, NEGLIGENT OR AGGRESSIVE MANNER",NOT APPLICABLE,7139,W,WRIGHTWOOD AVE,2512,,,,,,,3,"REPORTED, NOT EVIDENT",1,0,0,0,1,5,0,14,4,10,41.92704227,-87.80429642,POINT (-87.80429642132 41.927042265239)
JC457232,,10/2/2019 14:25,30,TRAFFIC SIGNAL,FUNCTIONING PROPERLY,CLEAR,DAYLIGHT,REAR END,ONE-WAY,,STRAIGHT AND LEVEL,DRY,NO DEFECTS,NOT ON SCENE (DESK REPORT),NO INJURY / DRIVE AWAY,,,,"OVER $1,500",10/2/2019 14:55,FOLLOWING TOO CLOSELY,UNABLE TO DETERMINE,6258,S,WENTWORTH AVE,311,,,,,,,2,NO INDICATION OF INJURY,0,0,0,0,0,3,0,14,4,10,,,
JC457214,,10/2/2019 14:17,30,NO CONTROLS,NO CONTROLS,RAIN,DAYLIGHT,REAR END,OTHER,,STRAIGHT AND LEVEL,WET,NO DEFECTS,NOT ON SCENE (DESK REPORT),NO INJURY / DRIVE AWAY,,,,"OVER $1,500",10/2/2019 14:40,FOLLOWING TOO CLOSELY,NOT APPLICABLE,6223,W,BRYN MAWR AVE,1622,,,,,,,2,NO INDICATION OF INJURY,0,0,0,0,0,2,0,14,4,10,41.98279923,-87.78396095,POINT (-87.783960945518 41.98279922708)
JC457255,,10/2/2019 14:15,15,NO CONTROLS,NO CONTROLS,CLEAR,DAYLIGHT,PARKED MOTOR VEHICLE,ALLEY,,STRAIGHT AND LEVEL,WET,UNKNOWN,NOT ON SCENE (DESK REPORT),NO INJURY / DRIVE AWAY,,,Y,"OVER $1,500",10/2/2019 14:45,DRIVING SKILLS/KNOWLEDGE/EXPERIENCE,UNABLE TO DETERMINE,8634,S,HONORE ST,614,,,,,,,2,NO INDICATION OF INJURY,0,0,0,0,0,1,0,14,4,10,41.73647608,-87.66930305,POINT (-87.669303044546 41.736476076695)
JC457205,,10/2/2019 14:15,35,TRAFFIC SIGNAL,FUNCTIONING PROPERLY,RAIN,DAYLIGHT,SIDESWIPE SAME DIRECTION,DIVIDED - W/MEDIAN (NOT RAISED),,STRAIGHT AND LEVEL,WET,NO DEFECTS,ON SCENE,NO INJURY / DRIVE AWAY,,,,"$501 - $1,500",10/2/2019 14:20,IMPROPER LANE USAGE,NOT APPLICABLE,3600,N,HARLEM AVE,1631,,,,,,,2,NO INDICATION OF INJURY,0,0,0,0,0,2,0,14,4,10,41.94533841,-87.80715477,POINT (-87.80715476912 41.945338412466)
JC457248,,10/2/2019 14:14,30,NO CONTROLS,NO CONTROLS,CLEAR,DAYLIGHT,REAR END,NOT DIVIDED,,STRAIGHT AND LEVEL,DRY,UNKNOWN,NOT ON SCENE (DESK REPORT),NO INJURY / DRIVE AWAY,,,,"OVER $1,500",10/2/2019 15:15,UNABLE TO DETERMINE,UNABLE TO DETERMINE,1439,W,47TH ST,933,,,,,,,2,NO INDICATION OF INJURY,0,0,0,0,0,2,0,14,4,10,41.80853878,-87.66162987,POINT (-87.661629871837 41.808538775704)
JC457193,,10/2/2019 14:05,30,TRAFFIC SIGNAL,FUNCTIONING PROPERLY,RAIN,DAYLIGHT,SIDESWIPE SAME DIRECTION,DIVIDED - W/MEDIAN BARRIER,,STRAIGHT AND LEVEL,WET,UNKNOWN,ON SCENE,NO INJURY / DRIVE AWAY,,,Y,"OVER $1,500",10/2/2019 14:05,IMPROPER OVERTAKING/PASSING,IMPROPER LANE USAGE,800,N,HALSTED ST,1213,,,,,,,2,NO INDICATION OF INJURY,0,0,0,0,0,2,0,14,4,10,41.89647402,-87.64789499,POINT (-87.647894992663 41.896474017804)
JC457717,,10/2/2019 14:00,25,STOP SIGN/FLASHER,UNKNOWN,CLEAR,DAYLIGHT,TURNING,CENTER TURN LANE,,STRAIGHT AND LEVEL,DRY,UNKNOWN,NOT ON SCENE (DESK REPORT),NO INJURY / DRIVE AWAY,,,,"OVER $1,500",10/2/2019 19:00,IMPROPER OVERTAKING/PASSING,UNABLE TO DETERMINE,360,S,WESTERN AVE,1125,,,,,,,2,NO INDICATION OF INJURY,0,0,0,0,0,2,0,14,4,10,41.87615344,-87.68641946,POINT (-87.686419462863 41.876153441824)