RD_NO,CRASH_DATE_EST_I,CRASH_DATE,POSTED_SPEED_LIMIT,TRAFFIC_CONTROL_DEVICE,DEVICE_CONDITION,WEATHER_CONDITION,LIGHTING_CONDITION,FIRST_CRASH_TYPE,TRAFFICWAY_TYPE,LANE_CNT,ALIGNMENT,ROADWAY_SURFACE_COND,ROAD_DEFECT,REPORT_TYPE,CRASH_TYPE,INTERSECTION_RELATED_I,NOT_RIGHT_OF_WAY_I,HIT_AND_RUN_I,DAMAGE,DATE_POLICE_NOTIFIED,PRIM_CONTRIBUTORY_CAUSE,SEC_CONTRIBUTORY_CAUSE,STREET_NO,STREET_DIRECTION,STREET_NAME,BEAT_OF_OCCURRENCE,PHOTOS_TAKEN_I,STATEMENTS_TAKEN_I,DOORING_I,WORK_ZONE_I,WORK_ZONE_TYPE,WORKERS_PRESENT_I,NUM_UNITS,MOST_SEVERE_INJURY,INJURIES_TOTAL,INJURIES_FATAL,INJURIES_INCAPACITATING,INJURIES_NON_INCAPACITATING,INJURIES_REPORTED_NOT_EVIDENT,INJURIES_NO_INDICATION,INJURIES_UNKNOWN,CRASH_HOUR,CRASH_DAY_OF_WEEK,CRASH_MONTH,LATITUDE,LONGITUDE,LOCATION
JC457533,Y,10/2/2019 14:00,30,TRAFFIC SIGNAL,FUNCTIONING PROPERLY,CLEAR,DAYLIGHT,REAR END,NOT DIVIDED,,STRAIGHT AND LEVEL,DRY,NO DEFECTS,NOT ON SCENE (DESK REPORT),NO INJURY / DRIVE AWAY,,,,"$501 - $1,500",10/2/2019 18:00,FOLLOWING TOO CLOSELY,NOT APPLICABLE,6826,N,RIDGE BLVD,2411,,,,,,,2,NO INDICATION OF INJURY,0,0,0,0,0,2,0,14,4,10,42.0059892,-87.68068736,POINT (-87.680687356127 42.005989194586)
JC457222,,10/2/2019 14:00,30,TRAFFIC SIGNAL,FUNCTIONING PROPERLY,RAIN,DAYLIGHT,REAR END,DIVIDED - W/MEDIAN BARRIER,,STRAIGHT AND LEVEL,WET,NO DEFECTS,ON SCENE,NO INJURY / DRIVE AWAY,Y,,,"OVER $1,500",10/2/2019 14:17,FOLLOWING TOO CLOSELY,FOLLOWING TOO CLOSELY,7100,S,STONY ISLAND AVE,324,,,,,,,2,NO INDICATION OF INJURY,0,0,0,0,0,2,0,14,4,10,41.76592819,-87.58647008,POINT (-87.586470077922 41.76592819222)
JC457200,,10/2/2019 14:00,30,NO CONTROLS,NO CONTROLS,RAIN,DAYLIGHT,PEDALCYCLIST,NOT DIVIDED,,STRAIGHT AND LEVEL,WET,NO DEFECTS,ON SCENE,NO INJURY / DRIVE AWAY,,,,"$501 - $1,500",10/2/2019 14:10,FAILING TO YIELD RIGHT-OF-WAY,FAILING TO YIELD RIGHT-OF-WAY,4915,W,IRVING PARK RD,1634,,,Y,,,,2,NO INDICATION OF INJURY,0,0,0,0,0,1,0,14,4,10,41.95326662,-87.75048836,POINT (-87.750488357723 41.953266622649)
JC457189,,10/2/2019 14:00,30,NO CONTROLS,NO CONTROLS,RAIN,DAYLIGHT,TURNING,NOT DIVIDED,,STRAIGHT AND LEVEL,WET,NO DEFECTS,NOT ON SCENE (DESK REPORT),NO INJURY / DRIVE AWAY,,,Y,"$501 - $1,500",10/2/2019 14:00,IMPROPER OVERTAKING/PASSING,NOT APPLICABLE,1132,W,NORTH AVE,1811,,,,,,,2,NO INDICATION OF INJURY,0,0,0,0,0,2,0,14,4,10,41.91089626,-87.65659027,POINT (-87.656590265922 41.910896262161)
JC457201,,10/2/2019 13:54,30,NO CONTROLS,NO CONTROLS,RAIN,DAYLIGHT,PARKED MOTOR VEHICLE,PARKING LOT,,STRAIGHT AND LEVEL,WET,NO DEFECTS,NOT ON SCENE (DESK REPORT),NO INJURY / DRIVE AWAY,,Y,,"$501 - $1,500",10/2/2019 14:00,IMPROPER BACKING,IMPROPER BACKING,2650,W,FULTON ST,1222,,,,,,,2,NO INDICATION OF INJURY,0,0,0,0,0,2,0,13,4,10,41.88667666,-87.69354148,POINT (-87.693541479988 41.886676655033)
JC457249,,10/2/2019 13:45,30,NO CONTROLS,NO CONTROLS,RAIN,DAYLIGHT,REAR END,NOT DIVIDED,,STRAIGHT AND LEVEL,WET,NO DEFECTS,NOT ON SCENE (DESK REPORT),NO INJURY / DRIVE AWAY,,,,"$501 - $1,500",10/2/2019 15:10,FOLLOWING TOO CLOSELY,NOT APPLICABLE,5601,N,MILWAUKEE AVE,1622,,,,,,,2,NO INDICATION OF INJURY,0,0,0,0,0,2,0,13,4,10,41.98299321,-87.77424302,POINT (-87.774243020941 41.982993210453)
JC457210,,10/2/2019 13:30,10,NO CONTROLS,NO CONTROLS,CLOUDY/OVERCAST,DAYLIGHT,ANGLE,PARKING LOT,,STRAIGHT AND LEVEL,DRY,NO DEFECTS,NOT ON SCENE (DESK REPORT),NO INJURY / DRIVE AWAY,,Y,,"$501 - $1,500",10/2/2019 14:30,FAILING TO YIELD RIGHT-OF-WAY,NOT APPLICABLE,11730,S,MARSHFIELD AVE,2234,,,,,,,2,NO INDICATION OF INJURY,0,0,0,0,0,2,0,13,4,10,41.68033221,-87.66258468,POINT (-87.662584678739 41.680332205335)
JC458434,,10/2/2019 13:26,30,NO CONTROLS,NO CONTROLS,FREEZING RAIN/DRIZZLE,DAYLIGHT,TURNING,DIVIDED - W/MEDIAN BARRIER,,STRAIGHT AND LEVEL,WET,NO DEFECTS,NOT ON SCENE (DESK REPORT),NO INJURY / DRIVE AWAY,,,,$500 OR LESS,10/3/2019 12:50,NOT APPLICABLE,UNABLE TO DETERMINE,2159,W,95TH ST,2213,,,,,,,2,NO INDICATION OF INJURY,0,0,0,0,0,2,0,13,4,10,41.72090187,-87.67715586,POINT (-87.677155862478 41.720901868227)
JC457382,,10/2/2019 13:10,30,NO CONTROLS,NO CONTROLS,CLEAR,DAYLIGHT,PARKED MOTOR VEHICLE,NOT DIVIDED,,STRAIGHT AND LEVEL,DRY,NO DEFECTS,NOT ON SCENE (DESK REPORT),NO INJURY / DRIVE AWAY,,,,"$501 - $1,500",10/2/2019 16:29,UNABLE TO DETERMINE,UNABLE TO DETERMINE,710,N,WABASH AVE,1834,,,,,,,2,NO INDICATION OF INJURY,0,0,0,0,0,2,0,13,4,10,41.89529559,-87.62696267,POINT (-87.626962666899 41.895295591992)
JC457121,,10/2/2019 13:08,30,NO CONTROLS,NO CONTROLS,RAIN,DAYLIGHT,ANGLE,NOT DIVIDED,,STRAIGHT AND LEVEL,WET,NO DEFECTS,ON SCENE,INJURY AND / OR TOW DUE TO CRASH,,,,"OVER $1,500",10/2/2019 13:08,FAILING TO YIELD RIGHT-OF-WAY,FAILING TO YIELD RIGHT-OF-WAY,864,E,87TH PL,632,,,,,,,2,NO INDICATION OF INJURY,0,0,0,0,0,2,0,13,4,10,41.73588237,-87.60224037,POINT (-87.602240374344 41.73588237184)
JC459012,,10/2/2019 13:00,30,TRAFFIC SIGNAL,FUNCTIONING PROPERLY,CLOUDY/OVERCAST,DAYLIGHT,ANGLE,NOT DIVIDED,,STRAIGHT AND LEVEL,WET,NO DEFECTS,NOT ON SCENE (DESK REPORT),NO INJURY / DRIVE AWAY,Y,,Y,"$501 - $1,500",10/3/2019 19:10,UNABLE TO DETERMINE,NOT APPLICABLE,4000,W,CERMAK RD,1012,,,,,,,2,NO INDICATION OF INJURY,0,0,0,0,0,2,0,13,4,10,41.85165437,-87.72488298,POINT (-87.724882975308 41.851654368676)
JC457260,,10/2/2019 13:00,35,NO CONTROLS,NO CONTROLS,CLEAR,DAYLIGHT,REAR TO FRONT,DIVIDED - W/MEDIAN (NOT RAISED),,STRAIGHT AND LEVEL,DRY,NO DEFECTS,NOT ON SCENE (DESK REPORT),NO INJURY / DRIVE AWAY,,,,"$501 - $1,500",10/2/2019 15:20,UNABLE TO DETERMINE,UNABLE TO DETERMINE,900,S,CICERO AVE,1533,,,,,,,2,NO INDICATION OF INJURY,0,0,0,0,0,2,0,13,4,10,41.86931257,-87.74500673,POINT (-87.745006729734 41.86931256933)
JC457162,,10/2/2019 13:00,10,NO CONTROLS,NO CONTROLS,CLOUDY/OVERCAST,DAYLIGHT,PARKED MOTOR VEHICLE,ALLEY,,STRAIGHT AND LEVEL,WET,NO DEFECTS,NOT ON SCENE (DESK REPORT),NO INJURY / DRIVE AWAY,,,,"$501 - $1,500",10/2/2019 13:30,NOT APPLICABLE,NOT APPLICABLE,11401,S,VINCENNES AVE,2234,,,,,,,2,NO INDICATION OF INJURY,0,0,0,0,0,2,0,13,4,10,41.6865547,-87.66651094,POINT (-87.666510942934 41.686554698927)
JC457125,,10/2/2019 13:00,20,NO CONTROLS,NO CONTROLS,RAIN,DAYLIGHT,ANGLE,ALLEY,,STRAIGHT AND LEVEL,WET,NO DEFECTS,ON SCENE,INJURY AND / OR TOW DUE TO CRASH,,,,"OVER $1,500",10/2/2019 13:05,FAILING TO YIELD RIGHT-OF-WAY,UNABLE TO DETERMINE,4013,N,LECLAIRE AVE,1624,,,,,,,2,NO INDICATION OF INJURY,0,0,0,0,0,3,0,13,4,10,41.953763,-87.75455219,POINT (-87.7545521855 41.953763002289)
JC457102,,10/2/2019 12:53,30,NO CONTROLS,NO CONTROLS,CLOUDY/OVERCAST,DAYLIGHT,SIDESWIPE SAME DIRECTION,NOT DIVIDED,,STRAIGHT AND LEVEL,DRY,NO DEFECTS,ON SCENE,NO INJURY / DRIVE AWAY,,,,$500 OR LESS,10/2/2019 12:55,"OPERATING VEHICLE IN ERRATIC, RECKLESS, CARELESS, NEGLIGENT OR AGGRESSIVE MANNER",NOT APPLICABLE,4028,S,WESTERN AVE,921,,,,,,,2,NO INDICATION OF INJURY,0,0,0,0,0,2,0,12,4,10,41.82027102,-87.68489257,POINT (-87.68489256531 41.820271018881)
JC457188,,10/2/2019 12:50,30,NO CONTROLS,NO CONTROLS,RAIN,DAYLIGHT,REAR END,NOT DIVIDED,,STRAIGHT AND LEVEL,WET,NO DEFECTS,NOT ON SCENE (DESK REPORT),NO INJURY / DRIVE AWAY,,,,"OVER $1,500",10/2/2019 14:00,FOLLOWING TOO CLOSELY,UNABLE TO DETERMINE,4324,N,CUMBERLAND AVE,1614,,,,,,,2,NO INDICATION OF INJURY,0,0,0,0,0,2,0,12,4,10,41.95829066,-87.83682748,POINT (-87.836827484294 41.958290664215)
JC457091,,10/2/2019 12:50,25,NO CONTROLS,NO CONTROLS,RAIN,DAYLIGHT,ANGLE,T-INTERSECTION,,STRAIGHT AND LEVEL,WET,NO DEFECTS,ON SCENE,INJURY AND / OR TOW DUE TO CRASH,Y,,,"OVER $1,500",10/2/2019 12:55,"VISION OBSCURED (SIGNS, TREE LIMBS, BUILDINGS, ETC.)",NOT APPLICABLE,11600,S,WENTWORTH AVE,522,,,,,,,2,NONINCAPACITATING INJURY,1,0,0,1,0,1,0,12,4,10,41.68338555,-87.62777645,POINT (-87.62777644646 41.683385551262)
JC457164,,10/2/2019 12:48,30,NO CONTROLS,NO CONTROLS,RAIN,DAYLIGHT,FIXED OBJECT,NOT DIVIDED,,STRAIGHT AND LEVEL,WET,NO DEFECTS,ON SCENE,NO INJURY / DRIVE AWAY,,,,"OVER $1,500",10/2/2019 13:10,NOT APPLICABLE,NOT APPLICABLE,3512,S,LEAVITT ST,912,,,,,,,1,NO INDICATION OF INJURY,0,0,0,0,0,1,0,12,4,10,41.82994713,-87.68030088,POINT (-87.680300884252 41.829947125259)
JC457241,,10/2/2019 12:45,30,NO CONTROLS,NO CONTROLS,RAIN,DAYLIGHT,PARKED MOTOR VEHICLE,NOT DIVIDED,,STRAIGHT AND LEVEL,WET,NO DEFECTS,NOT ON SCENE (DESK REPORT),NO INJURY / DRIVE AWAY,,,,"$501 - $1,500",10/2/2019 15:05,UNABLE TO DETERMINE,UNABLE TO DETERMINE,99,E,BURTON PL,1824,,,,,,,2,NO INDICATION OF INJURY,0,0,0,0,0,1,0,12,4,10,41.90941273,-87.62622277,POINT (-87.626222768209 41.909412730768)
JC457529,,10/2/2019 12:40,30,NO CONTROLS,NO CONTROLS,RAIN,DAYLIGHT,PARKED MOTOR VEHICLE,NOT DIVIDED,,STRAIGHT AND LEVEL,WET,NO DEFECTS,NOT ON SCENE (DESK REPORT),NO INJURY / DRIVE AWAY,,,Y,"$501 - $1,500",10/2/2019 18:00,UNABLE TO DETERMINE,NOT APPLICABLE,6849,S,WESTERN AVE,832,,,,,,,2,NO INDICATION OF INJURY,0,0,0,0,0,1,0,12,4,10,41.768707,-87.68320837,POINT (-87.683208369618 41.768706995646)
JC457090,,10/2/2019 12:30,30,TRAFFIC SIGNAL,FUNCTIONING PROPERLY,RAIN,DAYLIGHT,REAR END,DIVIDED - W/MEDIAN (NOT RAISED),,STRAIGHT AND LEVEL,WET,NO DEFECTS,ON SCENE,INJURY AND / OR TOW DUE TO CRASH,Y,,Y,"OVER $1,500",10/2/2019 12:40,UNABLE TO DETERMINE,UNABLE TO DETERMINE,1001,W,59TH ST,712,,,,,,,2,"REPORTED, NOT EVIDENT",1,0,0,0,1,1,0,12,4,10,41.78684574,-87.64988625,POINT (-87.649886246427 41.786845738925)
JC457076,,10/2/2019 12:30,30,NO CONTROLS,NO CONTROLS,RAIN,DAYLIGHT,ANGLE,DIVIDED - W/MEDIAN (NOT RAISED),,STRAIGHT AND LEVEL,WET,NO DEFECTS,ON SCENE,NO INJURY / DRIVE AWAY,,,,"OVER $1,500",10/2/2019 12:35,UNABLE TO DETERMINE,UNABLE TO DETERMINE,6620,W,IRVING PARK RD,1632,,,,,,,2,NO INDICATION OF INJURY,0,0,0,0,0,2,0,12,4,10,41.95291959,-87.79252137,POINT (-87.792521366447 41.952919590194)
JC457108,,10/2/2019 12:20,30,NO CONTROLS,NO CONTROLS,RAIN,DAYLIGHT,TURNING,NOT DIVIDED,,STRAIGHT AND LEVEL,WET,NO DEFECTS,NOT ON SCENE (DESK REPORT),NO INJURY / DRIVE AWAY,,,,"OVER $1,500",10/2/2019 13:00,FAILING TO YIELD RIGHT-OF-WAY,FAILING TO REDUCE SPEED TO AVOID CRASH,5961,N,LINCOLN AVE,2011,,,,,,,2,NO INDICATION OF INJURY,0,0,0,0,0,3,0,12,4,10,41.98950582,-87.70565777,POINT (-87.705657769522 41.989505816497)
JC457079,,10/2/2019 12:20,30,NO CONTROLS,NO CONTROLS,CLOUDY/OVERCAST,DAYLIGHT,REAR END,DIVIDED - W/MEDIAN (NOT RAISED),,STRAIGHT AND LEVEL,WET,UNKNOWN,ON SCENE,NO INJURY / DRIVE AWAY,,,N,"OVER $1,500",10/2/2019 12:29,FOLLOWING TOO CLOSELY,NOT APPLICABLE,2112,N,ASHLAND AVE,1432,,,,N,,,2,NO INDICATION OF INJURY,0,0,0,0,0,2,0,12,4,10,41.92024549,-87.66857296,POINT (-87.668572962613 41.920245490489)
JC458274,Y,10/2/2019 12:15,30,STOP SIGN/FLASHER,FUNCTIONING PROPERLY,UNKNOWN,UNKNOWN,PARKED MOTOR VEHICLE,NOT DIVIDED,,STRAIGHT AND LEVEL,UNKNOWN,UNKNOWN,NOT ON SCENE (DESK REPORT),NO INJURY / DRIVE AWAY,,,Y,"$501 - $1,500",10/3/2019 10:44,UNABLE TO DETERMINE,NOT APPLICABLE,4350,W,62ND ST,813,,,,,,,2,NO INDICATION OF INJURY,0,0,0,0,0,1,0,12,4,10,41.78047995,-87.73218113,POINT (-87.732181128535 41.780479945152)
JC457101,,10/2/2019 12:15,30,NO CONTROLS,NO CONTROLS,RAIN,DAYLIGHT,PARKED MOTOR VEHICLE,ONE-WAY,,STRAIGHT AND LEVEL,WET,NO DEFECTS,ON SCENE,NO INJURY / DRIVE AWAY,,,,$500 OR LESS,10/2/2019 12:42,UNABLE TO DETERMINE,UNABLE TO DETERMINE,1108,S,HERMITAGE AVE,1231,,,,,,,2,NO INDICATION OF INJURY,0,0,0,0,0,2,0,12,4,10,41.86802657,-87.67030859,POINT (-87.670308590608 41.868026566303)
JC457060,,10/2/2019 12:15,30,NO CONTROLS,NO CONTROLS,RAIN,DAYLIGHT,REAR END,DIVIDED - W/MEDIAN (NOT RAISED),,STRAIGHT AND LEVEL,WET,UNKNOWN,ON SCENE,NO INJURY / DRIVE AWAY,,,,$500 OR LESS,10/2/2019 12:24,WEATHER,NOT APPLICABLE,4813,W,IRVING PARK RD,1634,,,,,,,2,NO INDICATION OF INJURY,0,0,0,0,0,2,0,12,4,10,41.95329528,-87.74786229,POINT (-87.747862287502 41.95329528284)
JC457062,Y,10/2/2019 12:07,30,STOP SIGN/FLASHER,FUNCTIONING PROPERLY,RAIN,DAYLIGHT,ANGLE,DIVIDED - W/MEDIAN (NOT RAISED),,STRAIGHT AND LEVEL,WET,UNKNOWN,ON SCENE,INJURY AND / OR TOW DUE TO CRASH,Y,,,"OVER $1,500",10/2/2019 12:07,FAILING TO YIELD RIGHT-OF-WAY,UNABLE TO DETERMINE,200,W,72ND ST,731,,,,,,,2,"REPORTED, NOT EVIDENT",1,0,0,0,1,4,0,12,4,10,41.76372053,-87.62979246,POINT (-87.629792463986 41.763720533886)
JC457051,,10/2/2019 12:00,30,TRAFFIC SIGNAL,NO CONTROLS,RAIN,DAYLIGHT,TURNING,NOT DIVIDED,,STRAIGHT AND LEVEL,WET,NO DEFECTS,NOT ON SCENE (DESK REPORT),NO INJURY / DRIVE AWAY,,,Y,"$501 - $1,500",10/2/2019 12:35,FAILING TO YIELD RIGHT-OF-WAY,NOT APPLICABLE,4800,W,DIVERSEY AVE,2521,,,,,,,2,NO INDICATION OF INJURY,0,0,0,0,0,2,0,12,4,10,41.93164142,-87.74671991,POINT (-87.746719910646 41.931641420407)
JC457132,,10/2/2019 11:50,30,TRAFFIC SIGNAL,UNKNOWN,RAIN,DAYLIGHT,REAR END,CENTER TURN LANE,,STRAIGHT AND LEVEL,WET,UNKNOWN,NOT ON SCENE (DESK REPORT),NO INJURY / DRIVE AWAY,Y,,,"OVER $1,500",10/2/2019 13:05,UNABLE TO DETERMINE,UNABLE TO DETERMINE,489,W,LAKE ST,121,,,,,,,2,NO INDICATION OF INJURY,0,0,0,0,0,3,0,11,4,10,41.8856102,-87.63980201,POINT (-87.639802009057 41.885610196652)
JC457167,,10/2/2019 11:45,30,NO CONTROLS,NO CONTROLS,CLEAR,DAYLIGHT,SIDESWIPE SAME DIRECTION,NOT DIVIDED,,STRAIGHT AND LEVEL,DRY,NO DEFECTS,NOT ON SCENE (DESK REPORT),NO INJURY / DRIVE AWAY,,,Y,"$501 - $1,500",10/2/2019 13:53,UNABLE TO DETERMINE,UNABLE TO DETERMINE,215,W,WASHINGTON ST,122,,,,,,,2,NO INDICATION OF INJURY,0,0,0,0,0,4,0,11,4,10,41.88310023,-87.63432268,POINT (-87.634322681805 41.883100225864)
JC457061,,10/2/2019 11:45,30,TRAFFIC SIGNAL,FUNCTIONING PROPERLY,RAIN,DAYLIGHT,REAR END,NOT DIVIDED,,STRAIGHT AND LEVEL,WET,NO DEFECTS,ON SCENE,NO INJURY / DRIVE AWAY,,,Y,"OVER $1,500",10/2/2019 12:19,FAILING TO REDUCE SPEED TO AVOID CRASH,DRIVING SKILLS/KNOWLEDGE/EXPERIENCE,50,N,JEFFERSON ST,121,,,,,,,2,NO INDICATION OF INJURY,0,0,0,0,0,3,0,11,4,10,41.88310352,-87.64284513,POINT (-87.642845125045 41.883103520762)
JC457032,,10/2/2019 11:40,30,TRAFFIC SIGNAL,FUNCTIONING PROPERLY,RAIN,DAYLIGHT,SIDESWIPE SAME DIRECTION,DIVIDED - W/MEDIAN BARRIER,,STRAIGHT AND LEVEL,WET,NO DEFECTS,ON SCENE,NO INJURY / DRIVE AWAY,N,,Y,"OVER $1,500",10/2/2019 11:50,UNABLE TO DETERMINE,NOT APPLICABLE,2741,W,79TH ST,835,,,,,,,2,NO INDICATION OF INJURY,0,0,0,0,0,2,0,11,4,10,41.74977193,-87.69177005,POINT (-87.69177005344 41.749771926009)
JC457005,,10/2/2019 11:38,30,NO CONTROLS,NO CONTROLS,RAIN,DAYLIGHT,REAR END,NOT DIVIDED,,STRAIGHT AND LEVEL,WET,NO DEFECTS,ON SCENE,INJURY AND / OR TOW DUE TO CRASH,,,,"OVER $1,500",10/2/2019 11:42,FOLLOWING TOO CLOSELY,NOT APPLICABLE,31,N,AUSTIN BLVD,1513,,,,,,,2,NO INDICATION OF INJURY,0,0,0,0,0,4,0,11,4,10,41.88106813,-87.77454203,POINT (-87.774542025575 41.881068128019)
JC457027,,10/2/2019 11:30,30,TRAFFIC SIGNAL,FUNCTIONING PROPERLY,RAIN,DAYLIGHT,TURNING,NOT DIVIDED,,STRAIGHT AND LEVEL,WET,NO DEFECTS,NOT ON SCENE (DESK REPORT),NO INJURY / DRIVE AWAY,Y,,,"OVER $1,500",10/2/2019 12:00,IMPROPER LANE USAGE,FAILING TO REDUCE SPEED TO AVOID CRASH,5025,W,LAWRENCE AVE,1623,,,,,,,2,NO INDICATION OF INJURY,0,0,0,0,0,2,0,11,4,10,41.9678452,-87.75362122,POINT (-87.753621223195 41.967845202471)
JC456994,,10/2/2019 11:30,30,NO CONTROLS,NO CONTROLS,RAIN,DAYLIGHT,ANGLE,NOT DIVIDED,,STRAIGHT AND LEVEL,WET,NO DEFECTS,ON SCENE,INJURY AND / OR TOW DUE TO CRASH,,,,"$501 - $1,500",10/2/2019 11:35,DISREGARDING STOP SIGN,FAILING TO YIELD RIGHT-OF-WAY,4334,W,LAWRENCE AVE,1712,,,,,,,2,NONINCAPACITATING INJURY,1,0,0,1,0,1,0,11,4,10,41.9682527,-87.73688875,POINT (-87.736888748137 41.968252700726)
JC457017,,10/2/2019 11:15,30,TRAFFIC SIGNAL,FUNCTIONING PROPERLY,RAIN,DAYLIGHT,REAR END,FOUR WAY,,STRAIGHT AND LEVEL,WET,NO DEFECTS,NOT ON SCENE (DESK REPORT),NO INJURY / DRIVE AWAY,Y,,,"OVER $1,500",10/2/2019 12:00,FOLLOWING TOO CLOSELY,NOT APPLICABLE,2000,W,CERMAK RD,1234,,,,,,,2,NO INDICATION OF INJURY,0,0,0,0,0,3,0,11,4,10,41.85228349,-87.67596643,POINT (-87.675966428283 41.852283492772)
JC456998,,10/2/2019 11:15,30,UNKNOWN,UNKNOWN,RAIN,DAYLIGHT,REAR END,NOT DIVIDED,,STRAIGHT AND LEVEL,WET,NO DEFECTS,NOT ON SCENE (DESK REPORT),INJURY AND / OR TOW DUE TO CRASH,,,,$500 OR LESS,10/2/2019 11:25,UNABLE TO DETERMINE,UNABLE TO DETERMINE,4050,N,KEDZIE AVE,1724,,,,,,,2,NONINCAPACITATING INJURY,1,0,0,1,0,1,0,11,4,10,41.95541853,-87.70820504,POINT (-87.708205035577 41.955418527648)
JC457097,,10/2/2019 11:10,10,NO CONTROLS,NO CONTROLS,CLOUDY/OVERCAST,DAYLIGHT,REAR TO SIDE,PARKING LOT,,STRAIGHT AND LEVEL,UNKNOWN,UNKNOWN,NOT ON SCENE (DESK REPORT),NO INJURY / DRIVE AWAY,,,,"$501 - $1,500",10/2/2019 12:54,IMPROPER BACKING,IMPROPER BACKING,2601,N,CLYBOURN AVE,1931,,,,,,,2,NO INDICATION OF INJURY,0,0,0,0,0,2,0,11,4,10,41.92883739,-87.67397132,POINT (-87.673971319994 41.928837384913)
JC456952,,10/2/2019 11:08,30,NO CONTROLS,NO CONTROLS,RAIN,DAYLIGHT,SIDESWIPE SAME DIRECTION,NOT DIVIDED,,STRAIGHT AND LEVEL,DRY,NO DEFECTS,ON SCENE,INJURY AND / OR TOW DUE TO CRASH,,,,"OVER $1,500",10/2/2019 11:09,FAILING TO YIELD RIGHT-OF-WAY,FAILING TO YIELD RIGHT-OF-WAY,4210,W,ARMITAGE AVE,2522,,,,,,,2,"REPORTED, NOT EVIDENT",1,0,0,0,1,2,0,11,4,10,41.9172055,-87.73196817,POINT (-87.731968164715 41.917205495937)
JC457184,Y,10/2/2019 11:00,30,NO CONTROLS,NO CONTROLS,UNKNOWN,UNKNOWN,PARKED MOTOR VEHICLE,DIVIDED - W/MEDIAN (NOT RAISED),,STRAIGHT AND LEVEL,UNKNOWN,UNKNOWN,ON SCENE,NO INJURY / DRIVE AWAY,,,Y,"$501 - $1,500",10/2/2019 13:59,UNABLE TO DETERMINE,NOT APPLICABLE,2210,W,HUBBARD ST,1221,,,,,,,2,NO INDICATION OF INJURY,0,0,0,0,0,1,0,11,4,10,41.8897429,-87.68227379,POINT (-87.68227378961 41.889742896864)
JC456986,,10/2/2019 11:00,30,NO CONTROLS,NO CONTROLS,RAIN,DAYLIGHT,PARKED MOTOR VEHICLE,NOT DIVIDED,,STRAIGHT AND LEVEL,WET,NO DEFECTS,NOT ON SCENE (DESK REPORT),NO INJURY / DRIVE AWAY,,,,"OVER $1,500",10/2/2019 11:45,UNABLE TO DETERMINE,NOT APPLICABLE,1458,W,TAYLOR ST,1231,,,,,,,2,NO INDICATION OF INJURY,0,0,0,0,0,2,0,11,4,10,41.8694111,-87.66401783,POINT (-87.664017834252 41.869411103369)
JC456960,,10/2/2019 11:00,40,NO CONTROLS,NO CONTROLS,RAIN,UNKNOWN,REAR END,NOT DIVIDED,,STRAIGHT AND LEVEL,WET,NO DEFECTS,ON SCENE,INJURY AND / OR TOW DUE TO CRASH,,,,"OVER $1,500",10/2/2019 11:05,UNABLE TO DETERMINE,NOT APPLICABLE,7455,S,CICERO AVE,833,,,,,,,2,NO INDICATION OF INJURY,0,0,0,0,0,2,0,11,4,10,41.75738052,-87.74148529,POINT (-87.741485291316 41.757380517133)
JC457179,,10/2/2019 10:55,30,NO CONTROLS,NO CONTROLS,CLOUDY/OVERCAST,DAYLIGHT,FIXED OBJECT,NOT DIVIDED,,STRAIGHT AND LEVEL,DRY,NO DEFECTS,ON SCENE,NO INJURY / DRIVE AWAY,N,,,"OVER $1,500",10/2/2019 13:20,DISREGARDING TRAFFIC SIGNALS,DRIVING SKILLS/KNOWLEDGE/EXPERIENCE,550,E,RANDOLPH ST,114,,,,,,,1,NO INDICATION OF INJURY,0,0,0,0,0,1,0,10,4,10,41.88420739,-87.61212723,POINT (-87.612127229778 41.884207391835)
JC456937,,10/2/2019 10:55,30,STOP SIGN/FLASHER,FUNCTIONING PROPERLY,RAIN,DAYLIGHT,ANGLE,DIVIDED - W/MEDIAN (NOT RAISED),,STRAIGHT AND LEVEL,WET,NO DEFECTS,ON SCENE,INJURY AND / OR TOW DUE TO CRASH,Y,,,"OVER $1,500",10/2/2019 10:55,FAILING TO REDUCE SPEED TO AVOID CRASH,WEATHER,6400,N,AVONDALE AVE,1612,,,,,,,2,NONINCAPACITATING INJURY,2,0,0,2,0,1,0,10,4,10,41.99707877,-87.8105208,POINT (-87.810520798856 41.997078766837)
JC456929,,10/2/2019 10:53,30,TRAFFIC SIGNAL,FUNCTIONING PROPERLY,RAIN,DAYLIGHT,TURNING,NOT DIVIDED,,STRAIGHT AND LEVEL,WET,NO DEFECTS,ON SCENE,NO INJURY / DRIVE AWAY,,,,"OVER $1,500",10/2/2019 10:56,UNABLE TO DETERMINE,NOT APPLICABLE,2800,N,CALIFORNIA AVE,1411,,,,,,,2,NO INDICATION OF INJURY,0,0,0,0,0,3,0,10,4,10,41.93212072,-87.6977653,POINT (-87.697765300365 41.932120719106)