RD_NO,CRASH_DATE_EST_I,CRASH_DATE,POSTED_SPEED_LIMIT,TRAFFIC_CONTROL_DEVICE,DEVICE_CONDITION,WEATHER_CONDITION,LIGHTING_CONDITION,FIRST_CRASH_TYPE,TRAFFICWAY_TYPE,LANE_CNT,ALIGNMENT,ROADWAY_SURFACE_COND,ROAD_DEFECT,REPORT_TYPE,CRASH_TYPE,INTERSECTION_RELATED_I,NOT_RIGHT_OF_WAY_I,HIT_AND_RUN_I,DAMAGE,DATE_POLICE_NOTIFIED,PRIM_CONTRIBUTORY_CAUSE,SEC_CONTRIBUTORY_CAUSE,STREET_NO,STREET_DIRECTION,STREET_NAME,BEAT_OF_OCCURRENCE,PHOTOS_TAKEN_I,STATEMENTS_TAKEN_I,DOORING_I,WORK_ZONE_I,WORK_ZONE_TYPE,WORKERS_PRESENT_I,NUM_UNITS,MOST_SEVERE_INJURY,INJURIES_TOTAL,INJURIES_FATAL,INJURIES_INCAPACITATING,INJURIES_NON_INCAPACITATING,INJURIES_REPORTED_NOT_EVIDENT,INJURIES_NO_INDICATION,INJURIES_UNKNOWN,CRASH_HOUR,CRASH_DAY_OF_WEEK,CRASH_MONTH,LATITUDE,LONGITUDE,LOCATION
JC458579,,10/2/2019 10:50,20,NO CONTROLS,NO CONTROLS,CLEAR,"DARKNESS, LIGHTED ROAD",REAR TO FRONT,ALLEY,,STRAIGHT ON GRADE,DRY,"RUT, HOLES",NOT ON SCENE (DESK REPORT),NO INJURY / DRIVE AWAY,,,,"OVER $1,500",10/3/2019 14:15,UNABLE TO DETERMINE,UNABLE TO DETERMINE,301,N,LOWER MICHIGAN AVE,114,,,,,,,2,NO INDICATION OF INJURY,0,0,0,0,0,2,0,10,4,10,41.8868341,-87.62442616,POINT (-87.624426161358 41.88683409857)
JC456988,,10/2/2019 10:50,30,TRAFFIC SIGNAL,FUNCTIONING PROPERLY,RAIN,DAWN,SIDESWIPE SAME DIRECTION,UNKNOWN INTERSECTION TYPE,,STRAIGHT AND LEVEL,WET,NO DEFECTS,ON SCENE,NO INJURY / DRIVE AWAY,Y,,,"$501 - $1,500",10/2/2019 10:53,FAILING TO YIELD RIGHT-OF-WAY,NOT APPLICABLE,36,W,SUPERIOR ST,1832,,,,,,,2,NO INDICATION OF INJURY,0,0,0,0,0,2,0,10,4,10,41.89576804,-87.62967832,POINT (-87.629678317 41.895768039028)
JC456945,,10/2/2019 10:50,20,TRAFFIC SIGNAL,FUNCTIONING PROPERLY,RAIN,DAYLIGHT,ANGLE,T-INTERSECTION,,STRAIGHT AND LEVEL,WET,NO DEFECTS,ON SCENE,INJURY AND / OR TOW DUE TO CRASH,Y,,,"OVER $1,500",10/2/2019 11:00,UNABLE TO DETERMINE,UNABLE TO DETERMINE,530,N,DEARBORN ST,1831,,,,,,,2,NO INDICATION OF INJURY,0,0,0,0,0,2,0,10,4,10,41.89168202,-87.62980115,POINT (-87.629801148647 41.891682017778)
JC456943,,10/2/2019 10:50,30,TRAFFIC SIGNAL,FUNCTIONING PROPERLY,CLEAR,DAYLIGHT,ANGLE,FOUR WAY,,STRAIGHT AND LEVEL,UNKNOWN,NO DEFECTS,ON SCENE,INJURY AND / OR TOW DUE TO CRASH,Y,,,"OVER $1,500",10/2/2019 10:52,DISREGARDING TRAFFIC SIGNALS,NOT APPLICABLE,3400,N,DAMEN AVE,1921,,,,,,,4,"REPORTED, NOT EVIDENT",1,0,0,0,1,3,0,10,4,10,41.94325853,-87.67860138,POINT (-87.678601376733 41.943258525646)
JC457075,,10/2/2019 10:38,30,TRAFFIC SIGNAL,FUNCTIONING PROPERLY,RAIN,DAYLIGHT,ANGLE,NOT DIVIDED,,STRAIGHT AND LEVEL,WET,NO DEFECTS,NOT ON SCENE (DESK REPORT),INJURY AND / OR TOW DUE TO CRASH,,,,"OVER $1,500",10/2/2019 12:40,UNABLE TO DETERMINE,UNABLE TO DETERMINE,3200,W,WARREN BLVD,1123,,,,,,,2,NO INDICATION OF INJURY,0,0,0,0,0,2,0,10,4,10,41.881985,-87.70628734,POINT (-87.706287335668 41.881985003773)
JC459082,,10/2/2019 10:30,30,TRAFFIC SIGNAL,FUNCTIONING PROPERLY,CLEAR,DAYLIGHT,TURNING,NOT DIVIDED,,STRAIGHT AND LEVEL,UNKNOWN,NO DEFECTS,NOT ON SCENE (DESK REPORT),NO INJURY / DRIVE AWAY,Y,,,"$501 - $1,500",10/3/2019 20:20,UNABLE TO DETERMINE,NOT APPLICABLE,8611,S,PULASKI RD,834,,,,,,,2,NO INDICATION OF INJURY,0,0,0,0,0,2,0,10,4,10,41.7362277,-87.72133412,POINT (-87.721334115724 41.736227701783)
JC458409,,10/2/2019 10:30,15,NO CONTROLS,NO CONTROLS,RAIN,DAYLIGHT,PEDALCYCLIST,ONE-WAY,,STRAIGHT AND LEVEL,WET,NO DEFECTS,NOT ON SCENE (DESK REPORT),NO INJURY / DRIVE AWAY,,,,"$501 - $1,500",10/3/2019 12:07,FAILING TO YIELD RIGHT-OF-WAY,RELATED TO BUS STOP,3942,N,LAVERGNE AVE,1634,,,,,,,2,NO INDICATION OF INJURY,0,0,0,0,0,2,0,10,4,10,41.95282315,-87.75236417,POINT (-87.752364168548 41.952823154278)
JC457339,,10/2/2019 10:30,30,TRAFFIC SIGNAL,FUNCTIONING PROPERLY,UNKNOWN,DAYLIGHT,REAR END,FOUR WAY,,STRAIGHT AND LEVEL,UNKNOWN,UNKNOWN,NOT ON SCENE (DESK REPORT),NO INJURY / DRIVE AWAY,Y,,,"$501 - $1,500",10/2/2019 16:00,FOLLOWING TOO CLOSELY,NOT APPLICABLE,3390,W,BELMONT AVE,1733,,,,,,,2,NO INDICATION OF INJURY,0,0,0,0,0,2,0,10,4,10,41.93939112,-87.71243708,POINT (-87.712437080838 41.93939112314)
JC457058,,10/2/2019 10:30,15,NO CONTROLS,NO CONTROLS,CLOUDY/OVERCAST,DAYLIGHT,HEAD ON,PARKING LOT,,STRAIGHT AND LEVEL,WET,NO DEFECTS,NOT ON SCENE (DESK REPORT),NO INJURY / DRIVE AWAY,,,,"OVER $1,500",10/2/2019 12:30,UNABLE TO DETERMINE,DRIVING SKILLS/KNOWLEDGE/EXPERIENCE,3451,S,DR MARTIN LUTHER KING JR DR,211,,,,,,,2,NO INDICATION OF INJURY,0,0,0,0,0,2,0,10,4,10,41.83175351,-87.61682894,POINT (-87.616828942102 41.831753511547)
JC457034,Y,10/2/2019 10:30,25,TRAFFIC SIGNAL,FUNCTIONING PROPERLY,RAIN,DAYLIGHT,SIDESWIPE SAME DIRECTION,NOT DIVIDED,,STRAIGHT AND LEVEL,WET,NO DEFECTS,NOT ON SCENE (DESK REPORT),NO INJURY / DRIVE AWAY,,,Y,"OVER $1,500",10/2/2019 12:15,UNABLE TO DETERMINE,UNABLE TO DETERMINE,220,E,CHICAGO AVE,1833,,,,,,,2,NO INDICATION OF INJURY,0,0,0,0,0,2,0,10,4,10,41.89687696,-87.62193403,POINT (-87.621934031166 41.896876961996)
JC456927,,10/2/2019 10:30,40,TRAFFIC SIGNAL,FUNCTIONING PROPERLY,RAIN,DAYLIGHT,REAR END,NOT DIVIDED,,STRAIGHT AND LEVEL,WET,NO DEFECTS,ON SCENE,INJURY AND / OR TOW DUE TO CRASH,Y,,,"$501 - $1,500",10/2/2019 10:36,UNABLE TO DETERMINE,NOT APPLICABLE,1200,N,CLYBOURN AVE,1821,,,,,,,2,NO INDICATION OF INJURY,0,0,0,0,0,5,0,10,4,10,41.90378959,-87.63982077,POINT (-87.639820773757 41.903789584668)
JC456912,,10/2/2019 10:30,30,NO CONTROLS,NO CONTROLS,RAIN,DAYLIGHT,REAR END,NOT DIVIDED,,STRAIGHT AND LEVEL,WET,NO DEFECTS,ON SCENE,INJURY AND / OR TOW DUE TO CRASH,,,,"OVER $1,500",10/2/2019 10:37,FOLLOWING TOO CLOSELY,FAILING TO REDUCE SPEED TO AVOID CRASH,1726,W,BELMONT AVE,1922,,,,,,,4,NONINCAPACITATING INJURY,2,0,0,1,1,2,0,10,4,10,41.9397594,-87.67216062,POINT (-87.672160621805 41.939759402764)
JC456934,,10/2/2019 10:27,35,TRAFFIC SIGNAL,FUNCTIONING PROPERLY,RAIN,DAYLIGHT,SIDESWIPE SAME DIRECTION,FOUR WAY,,STRAIGHT AND LEVEL,WET,NO DEFECTS,ON SCENE,NO INJURY / DRIVE AWAY,,,,"OVER $1,500",10/2/2019 10:30,WEATHER,FAILING TO REDUCE SPEED TO AVOID CRASH,1001,W,GARFIELD BLVD,712,,,,,,,2,NO INDICATION OF INJURY,0,0,0,0,0,2,0,10,4,10,41.79376088,-87.65007118,POINT (-87.650071180111 41.793760880904)
JC456911,,10/2/2019 10:25,30,STOP SIGN/FLASHER,FUNCTIONING PROPERLY,RAIN,DAWN,PEDESTRIAN,DIVIDED - W/MEDIAN BARRIER,,STRAIGHT AND LEVEL,WET,NO DEFECTS,NOT ON SCENE (DESK REPORT),INJURY AND / OR TOW DUE TO CRASH,,,Y,$500 OR LESS,10/2/2019 10:40,DISREGARDING STOP SIGN,FAILING TO YIELD RIGHT-OF-WAY,1033,W,RANDOLPH ST,1224,,,,,,,2,NONINCAPACITATING INJURY,1,0,0,1,0,1,0,10,4,10,41.88419462,-87.65332445,POINT (-87.653324451145 41.884194622439)
JC456944,,10/2/2019 10:15,35,STOP SIGN/FLASHER,UNKNOWN,RAIN,DAYLIGHT,FIXED OBJECT,NOT DIVIDED,,STRAIGHT AND LEVEL,WET,NO DEFECTS,ON SCENE,INJURY AND / OR TOW DUE TO CRASH,Y,,Y,"OVER $1,500",10/2/2019 10:25,FAILING TO REDUCE SPEED TO AVOID CRASH,NOT APPLICABLE,500,W,111TH ST,2233,,,,,,,1,NO INDICATION OF INJURY,0,0,0,0,0,1,0,10,4,10,41.69255389,-87.63519895,POINT (-87.635198947219 41.692553891218)
JC456941,,10/2/2019 10:15,30,TRAFFIC SIGNAL,FUNCTIONING PROPERLY,CLOUDY/OVERCAST,DAYLIGHT,REAR END,NOT DIVIDED,,STRAIGHT AND LEVEL,DRY,NO DEFECTS,NOT ON SCENE (DESK REPORT),NO INJURY / DRIVE AWAY,,,,"$501 - $1,500",10/2/2019 11:09,FOLLOWING TOO CLOSELY,FOLLOWING TOO CLOSELY,3610,W,PETERSON AVE,1711,,,,,,,2,NO INDICATION OF INJURY,0,0,0,0,0,2,0,10,4,10,41.99036589,-87.71935725,POINT (-87.719357250464 41.990365885967)
JC456889,,10/2/2019 10:15,30,TRAFFIC SIGNAL,FUNCTIONING PROPERLY,RAIN,DAYLIGHT,TURNING,NOT DIVIDED,,STRAIGHT AND LEVEL,WET,NO DEFECTS,ON SCENE,INJURY AND / OR TOW DUE TO CRASH,Y,,,"OVER $1,500",10/2/2019 10:20,FOLLOWING TOO CLOSELY,FAILING TO REDUCE SPEED TO AVOID CRASH,1399,W,76TH ST,612,,Y,,,,,2,"REPORTED, NOT EVIDENT",3,0,0,0,3,1,0,10,4,10,41.75577538,-87.65861535,POINT (-87.658615346104 41.755775379406)
JC456878,,10/2/2019 10:06,30,TRAFFIC SIGNAL,FUNCTIONING PROPERLY,RAIN,DAYLIGHT,ANGLE,NOT DIVIDED,,STRAIGHT AND LEVEL,WET,NO DEFECTS,ON SCENE,INJURY AND / OR TOW DUE TO CRASH,Y,,,"OVER $1,500",10/2/2019 10:11,FAILING TO REDUCE SPEED TO AVOID CRASH,UNABLE TO DETERMINE,4758,W,FOSTER AVE,1712,,,,,,,2,"REPORTED, NOT EVIDENT",2,0,0,0,2,0,0,10,4,10,41.9754508,-87.7479747,POINT (-87.747974700934 41.9754507992)
JC456938,,10/2/2019 10:03,30,NO CONTROLS,NO CONTROLS,RAIN,DAYLIGHT,TURNING,NOT DIVIDED,,STRAIGHT AND LEVEL,WET,NO DEFECTS,NOT ON SCENE (DESK REPORT),NO INJURY / DRIVE AWAY,,,,"OVER $1,500",10/2/2019 10:03,UNABLE TO DETERMINE,UNABLE TO DETERMINE,8659,S,PULASKI RD,834,,,,,,,2,NO INDICATION OF INJURY,0,0,0,0,0,2,0,10,4,10,41.73489932,-87.7212934,POINT (-87.721293398349 41.734899321134)
JC456922,,10/2/2019 10:00,30,NO CONTROLS,NO CONTROLS,RAIN,DAYLIGHT,SIDESWIPE SAME DIRECTION,NOT DIVIDED,,STRAIGHT AND LEVEL,WET,NO DEFECTS,ON SCENE,NO INJURY / DRIVE AWAY,,,,"OVER $1,500",10/2/2019 10:25,IMPROPER LANE USAGE,NOT APPLICABLE,6932,W,IRVING PARK RD,1632,,,,,,,2,NO INDICATION OF INJURY,0,0,0,0,0,2,0,10,4,10,41.95285544,-87.79998065,POINT (-87.799980648297 41.952855442701)
JC456891,,10/2/2019 10:00,30,NO CONTROLS,NO CONTROLS,RAIN,DAYLIGHT,REAR END,NOT DIVIDED,,STRAIGHT AND LEVEL,WET,NO DEFECTS,NOT ON SCENE (DESK REPORT),NO INJURY / DRIVE AWAY,,,,"OVER $1,500",10/2/2019 10:38,UNABLE TO DETERMINE,NOT APPLICABLE,3305,W,DIVERSEY AVE,1412,,,,,,,2,NO INDICATION OF INJURY,0,0,0,0,0,4,0,10,4,10,41.93188937,-87.71007731,POINT (-87.710077306709 41.931889371543)
JC456890,,10/2/2019 10:00,30,NO CONTROLS,NO CONTROLS,RAIN,DAYLIGHT,SIDESWIPE SAME DIRECTION,NOT DIVIDED,,STRAIGHT AND LEVEL,WET,NO DEFECTS,NOT ON SCENE (DESK REPORT),NO INJURY / DRIVE AWAY,,,,"$501 - $1,500",10/2/2019 10:35,UNABLE TO DETERMINE,UNABLE TO DETERMINE,7428,N,ROGERS AVE,2422,,,,,,,2,NO INDICATION OF INJURY,0,0,0,0,0,2,0,10,4,10,42.01668938,-87.67415034,POINT (-87.674150336296 42.016689382112)
JC456868,,10/2/2019 10:00,30,TRAFFIC SIGNAL,FUNCTIONING PROPERLY,RAIN,DAYLIGHT,REAR END,DIVIDED - W/MEDIAN (NOT RAISED),,STRAIGHT AND LEVEL,WET,NO DEFECTS,NOT ON SCENE (DESK REPORT),NO INJURY / DRIVE AWAY,,,Y,"$501 - $1,500",10/2/2019 10:15,FOLLOWING TOO CLOSELY,NOT APPLICABLE,6631,W,GRAND AVE,2512,,,,,,,2,NO INDICATION OF INJURY,0,0,0,0,0,4,0,10,4,10,41.92351701,-87.79169487,POINT (-87.79169487139 41.923517010224)
JC457434,,10/2/2019 9:55,40,NO CONTROLS,NO CONTROLS,RAIN,DAYLIGHT,SIDESWIPE SAME DIRECTION,DIVIDED - W/MEDIAN BARRIER,,STRAIGHT AND LEVEL,WET,UNKNOWN,NOT ON SCENE (DESK REPORT),NO INJURY / DRIVE AWAY,,,,"$501 - $1,500",10/2/2019 16:34,IMPROPER OVERTAKING/PASSING,UNABLE TO DETERMINE,2406,N,LAKE SHORE DR SB,1935,,,,,,,2,NO INDICATION OF INJURY,0,0,0,0,0,2,0,9,4,10,41.92630213,-87.63155979,POINT (-87.631559792848 41.926302132903)
JC456873,,10/2/2019 9:53,30,NO CONTROLS,NO CONTROLS,RAIN,DAYLIGHT,SIDESWIPE OPPOSITE DIRECTION,NOT DIVIDED,,STRAIGHT AND LEVEL,WET,NO DEFECTS,ON SCENE,NO INJURY / DRIVE AWAY,Y,,,"OVER $1,500",10/2/2019 9:54,UNABLE TO DETERMINE,NOT APPLICABLE,1300,N,CLYBOURN AVE,1821,,,,,,,2,NO INDICATION OF INJURY,0,0,0,0,0,3,0,9,4,10,41.90555902,-87.64227499,POINT (-87.642274993131 41.905559015942)
JC456893,,10/2/2019 9:50,35,STOP SIGN/FLASHER,NO CONTROLS,RAIN,DAYLIGHT,PEDALCYCLIST,FOUR WAY,,STRAIGHT AND LEVEL,WET,NO DEFECTS,ON SCENE,NO INJURY / DRIVE AWAY,,,Y,$500 OR LESS,10/2/2019 10:20,DISREGARDING STOP SIGN,NOT APPLICABLE,2301,W,TAYLOR ST,1225,,,,,,,2,NO INDICATION OF INJURY,0,0,0,0,0,2,0,9,4,10,41.86890111,-87.68371238,POINT (-87.683712383714 41.868901114341)
JC456838,,10/2/2019 9:45,30,STOP SIGN/FLASHER,FUNCTIONING PROPERLY,RAIN,DAYLIGHT,REAR END,DIVIDED - W/MEDIAN (NOT RAISED),,STRAIGHT AND LEVEL,WET,UNKNOWN,ON SCENE,NO INJURY / DRIVE AWAY,,,,"$501 - $1,500",10/2/2019 9:52,FOLLOWING TOO CLOSELY,WEATHER,5248,N,CENTRAL AVE,1622,,,,,,,2,NO INDICATION OF INJURY,0,0,0,0,0,2,0,9,4,10,41.97683896,-87.76860321,POINT (-87.768603205825 41.976838962426)
JC456839,,10/2/2019 9:36,30,STOP SIGN/FLASHER,FUNCTIONING PROPERLY,RAIN,DAYLIGHT,TURNING,NOT DIVIDED,,STRAIGHT AND LEVEL,WET,NO DEFECTS,ON SCENE,NO INJURY / DRIVE AWAY,Y,,,"OVER $1,500",10/2/2019 9:41,FAILING TO YIELD RIGHT-OF-WAY,WEATHER,7075,W,DIVERSEY AVE,2512,,,,,,,2,NO INDICATION OF INJURY,0,0,0,0,0,2,0,9,4,10,41.93068812,-87.80273066,POINT (-87.802730658959 41.930688116607)
JC456832,,10/2/2019 9:35,15,NO CONTROLS,NO CONTROLS,RAIN,DAYLIGHT,FIXED OBJECT,ALLEY,,STRAIGHT AND LEVEL,WET,NO DEFECTS,ON SCENE,NO INJURY / DRIVE AWAY,,Y,,"$501 - $1,500",10/2/2019 9:41,IMPROPER BACKING,NOT APPLICABLE,747,N,WABASH AVE,1833,,,,,,,2,NO INDICATION OF INJURY,0,0,0,0,0,1,0,9,4,10,41.89630288,-87.62669496,POINT (-87.626694962629 41.896302880432)
JC456825,,10/2/2019 9:35,30,NO CONTROLS,NO CONTROLS,RAIN,DAYLIGHT,ANGLE,DIVIDED - W/MEDIAN (NOT RAISED),,STRAIGHT AND LEVEL,WET,NO DEFECTS,ON SCENE,NO INJURY / DRIVE AWAY,,,,"OVER $1,500",10/2/2019 9:39,WEATHER,UNABLE TO DETERMINE,540,W,35TH ST,915,,,,,,,2,NO INDICATION OF INJURY,0,0,0,0,0,2,0,9,4,10,41.83093563,-87.6404176,POINT (-87.640417599583 41.830935632398)
JC456841,,10/2/2019 9:30,30,STOP SIGN/FLASHER,FUNCTIONING PROPERLY,RAIN,DAYLIGHT,REAR END,NOT DIVIDED,,STRAIGHT AND LEVEL,WET,NO DEFECTS,ON SCENE,NO INJURY / DRIVE AWAY,Y,,,"$501 - $1,500",10/2/2019 9:41,FOLLOWING TOO CLOSELY,NOT APPLICABLE,1690,N,ELSTON AVE,1433,,,,,,,2,NO INDICATION OF INJURY,0,0,0,0,0,2,0,9,4,10,41.91290391,-87.66394498,POINT (-87.663944975982 41.912903911859)
JC456847,,10/2/2019 9:25,30,STOP SIGN/FLASHER,NO CONTROLS,RAIN,DAYLIGHT,REAR TO SIDE,FOUR WAY,,STRAIGHT AND LEVEL,WET,NO DEFECTS,ON SCENE,INJURY AND / OR TOW DUE TO CRASH,Y,,,"OVER $1,500",10/2/2019 9:57,DISREGARDING STOP SIGN,UNABLE TO DETERMINE,950,N,KILBOURN AVE,1111,,,,,,,2,"REPORTED, NOT EVIDENT",2,0,0,0,2,1,0,9,4,10,41.89851554,-87.73864441,POINT (-87.738644409742 41.89851553733)
JC456962,,10/2/2019 9:22,30,TRAFFIC SIGNAL,FUNCTIONING PROPERLY,RAIN,DAYLIGHT,PEDALCYCLIST,UNKNOWN INTERSECTION TYPE,,STRAIGHT AND LEVEL,WET,NO DEFECTS,NOT ON SCENE (DESK REPORT),INJURY AND / OR TOW DUE TO CRASH,Y,,Y,$500 OR LESS,10/2/2019 11:30,UNABLE TO DETERMINE,NOT APPLICABLE,800,W,VAN BUREN ST,1232,,,,,,,2,NONINCAPACITATING INJURY,1,0,0,1,0,1,0,9,4,10,41.87678055,-87.64726374,POINT (-87.647263735271 41.876780553232)
JC456888,,10/2/2019 9:20,30,STOP SIGN/FLASHER,FUNCTIONING PROPERLY,OTHER,DAYLIGHT,TURNING,NOT DIVIDED,,STRAIGHT AND LEVEL,WET,NO DEFECTS,NOT ON SCENE (DESK REPORT),NO INJURY / DRIVE AWAY,,,,"OVER $1,500",10/2/2019 10:38,FAILING TO YIELD RIGHT-OF-WAY,CELL PHONE USE OTHER THAN TEXTING,2007,S,DAMEN AVE,1234,,,,,,,2,NO INDICATION OF INJURY,0,0,0,0,0,2,0,9,4,10,41.8546947,-87.67576514,POINT (-87.675765135168 41.854694701707)
JC456881,,10/2/2019 9:20,30,NO CONTROLS,NO CONTROLS,RAIN,DAYLIGHT,TURNING,DIVIDED - W/MEDIAN (NOT RAISED),,STRAIGHT AND LEVEL,WET,NO DEFECTS,NOT ON SCENE (DESK REPORT),NO INJURY / DRIVE AWAY,,,,"OVER $1,500",10/2/2019 10:15,FAILING TO YIELD RIGHT-OF-WAY,UNABLE TO DETERMINE,1950,W,CULLERTON ST,1234,,,,,,,2,NO INDICATION OF INJURY,0,0,0,0,0,2,0,9,4,10,41.8550439,-87.67549617,POINT (-87.675496166414 41.855043896691)
JC456836,,10/2/2019 9:20,30,RAILROAD CROSSING GATE,FUNCTIONING PROPERLY,RAIN,DAYLIGHT,SIDESWIPE SAME DIRECTION,NOT DIVIDED,,STRAIGHT ON HILLCREST,DRY,NO DEFECTS,,NO INJURY / DRIVE AWAY,,,,"OVER $1,500",10/2/2019 10:03,IMPROPER LANE USAGE,NOT APPLICABLE,333,N,CANAL ST,1214,,,,,,,2,NO INDICATION OF INJURY,0,0,0,0,0,2,0,9,4,10,41.88787217,-87.63980618,POINT (-87.639806180502 41.887872173955)
JC456803,,10/2/2019 9:15,35,TRAFFIC SIGNAL,FUNCTIONING PROPERLY,RAIN,DAYLIGHT,REAR END,DIVIDED - W/MEDIAN BARRIER,,STRAIGHT AND LEVEL,WET,NO DEFECTS,ON SCENE,INJURY AND / OR TOW DUE TO CRASH,,,,$500 OR LESS,10/2/2019 9:17,FAILING TO REDUCE SPEED TO AVOID CRASH,NOT APPLICABLE,1655,W,95TH ST,2213,,,,,,,2,"REPORTED, NOT EVIDENT",1,0,0,0,1,1,0,9,4,10,41.7210742,-87.66482375,POINT (-87.664823748763 41.721074198178)
JC456837,,10/2/2019 9:07,25,STOP SIGN/FLASHER,FUNCTIONING PROPERLY,RAIN,DAYLIGHT,ANGLE,FOUR WAY,,STRAIGHT AND LEVEL,WET,NO DEFECTS,NOT ON SCENE (DESK REPORT),NO INJURY / DRIVE AWAY,Y,,,"$501 - $1,500",10/2/2019 10:00,FAILING TO YIELD RIGHT-OF-WAY,WEATHER,2100,W,DEVON AVE,2412,,,,,,,2,NO INDICATION OF INJURY,0,0,0,0,0,4,0,9,4,10,41.99796272,-87.68263764,POINT (-87.682637637121 41.997962721021)
JC456834,,10/2/2019 9:05,30,TRAFFIC SIGNAL,FUNCTIONING PROPERLY,RAIN,DAYLIGHT,REAR END,NOT DIVIDED,,STRAIGHT AND LEVEL,WET,NO DEFECTS,ON SCENE,NO INJURY / DRIVE AWAY,Y,,,"$501 - $1,500",10/2/2019 9:20,FOLLOWING TOO CLOSELY,UNABLE TO DETERMINE,8658,S,HALSTED ST,613,,,,,,,2,NO INDICATION OF INJURY,0,0,0,0,0,2,0,9,4,10,41.73596522,-87.64376495,POINT (-87.64376494494 41.735965217543)
JC456782,,10/2/2019 9:05,40,NO CONTROLS,NO CONTROLS,RAIN,DAYLIGHT,REAR END,DIVIDED - W/MEDIAN BARRIER,,STRAIGHT ON HILLCREST,WET,NO DEFECTS,ON SCENE,INJURY AND / OR TOW DUE TO CRASH,,,,"OVER $1,500",10/2/2019 9:10,FOLLOWING TOO CLOSELY,FAILING TO REDUCE SPEED TO AVOID CRASH,5600,N,LAKE SHORE DR NB,2022,,,,,,,2,NO INDICATION OF INJURY,0,0,0,0,0,2,0,9,4,10,41.983976,-87.6528362,POINT (-87.652836202747 41.983975995232)
JC457373,,10/2/2019 9:00,30,TRAFFIC SIGNAL,FUNCTIONING PROPERLY,RAIN,DAYLIGHT,REAR END,NOT DIVIDED,,STRAIGHT AND LEVEL,WET,NO DEFECTS,NOT ON SCENE (DESK REPORT),NO INJURY / DRIVE AWAY,,,,"OVER $1,500",10/2/2019 16:15,FOLLOWING TOO CLOSELY,UNABLE TO DETERMINE,342,N,COLUMBUS DR,114,,,,,,,2,NO INDICATION OF INJURY,0,0,0,0,0,2,0,9,4,10,41.88807627,-87.6207757,POINT (-87.620775700742 41.888076266309)
JC456840,,10/2/2019 9:00,30,NO CONTROLS,NO CONTROLS,RAIN,DAYLIGHT,PARKED MOTOR VEHICLE,NOT DIVIDED,,STRAIGHT ON HILLCREST,WET,NO DEFECTS,ON SCENE,INJURY AND / OR TOW DUE TO CRASH,,,,"$501 - $1,500",10/2/2019 9:20,DRIVING SKILLS/KNOWLEDGE/EXPERIENCE,NOT APPLICABLE,1542,W,46TH ST,924,,,,,,,2,NO INDICATION OF INJURY,0,0,0,0,0,1,0,9,4,10,41.81054106,-87.664324,POINT (-87.664324000253 41.810541060057)
JC456807,,10/2/2019 9:00,30,NO CONTROLS,NO CONTROLS,RAIN,DAYLIGHT,SIDESWIPE SAME DIRECTION,ONE-WAY,,STRAIGHT AND LEVEL,WET,NO DEFECTS,ON SCENE,NO INJURY / DRIVE AWAY,,,,"$501 - $1,500",10/2/2019 9:21,UNABLE TO DETERMINE,UNABLE TO DETERMINE,1921,S,RUBLE ST,1235,,,,,,,2,NO INDICATION OF INJURY,0,0,0,0,0,2,0,9,4,10,41.85604923,-87.64343475,POINT (-87.643434749983 41.856049226857)
JC456801,,10/2/2019 9:00,30,NO CONTROLS,NO CONTROLS,RAIN,DAYLIGHT,REAR END,NOT DIVIDED,,STRAIGHT AND LEVEL,WET,NO DEFECTS,NOT ON SCENE (DESK REPORT),NO INJURY / DRIVE AWAY,,,,"$501 - $1,500",10/2/2019 9:30,FOLLOWING TOO CLOSELY,FOLLOWING TOO CLOSELY,10944,S,WESTERN AVE,2212,,,,,,,2,NO INDICATION OF INJURY,0,0,0,0,0,2,0,9,4,10,41.69435183,-87.68138401,POINT (-87.681384005784 41.694351833425)
JC456791,,10/2/2019 9:00,35,NO CONTROLS,NO CONTROLS,RAIN,DAYLIGHT,TURNING,NOT DIVIDED,,STRAIGHT AND LEVEL,WET,NO DEFECTS,ON SCENE,INJURY AND / OR TOW DUE TO CRASH,,,,"$501 - $1,500",10/2/2019 9:09,DISREGARDING STOP SIGN,FAILING TO YIELD RIGHT-OF-WAY,4686,N,ELSTON AVE,1722,,,,,,,2,NO INDICATION OF INJURY,0,0,0,0,0,2,0,9,4,10,41.96620952,-87.73759016,POINT (-87.73759015482 41.966209518043)
JC456789,,10/2/2019 9:00,30,STOP SIGN/FLASHER,FUNCTIONING PROPERLY,RAIN,DAYLIGHT,ANGLE,DIVIDED - W/MEDIAN (NOT RAISED),,STRAIGHT AND LEVEL,WET,NO DEFECTS,ON SCENE,INJURY AND / OR TOW DUE TO CRASH,,,,"OVER $1,500",10/2/2019 9:05,DRIVING SKILLS/KNOWLEDGE/EXPERIENCE,NOT APPLICABLE,3500,N,ASHLAND AVE,1922,,,,,,,2,NO INDICATION OF INJURY,0,0,0,0,0,2,0,9,4,10,41.94525519,-87.66896382,POINT (-87.668963818529 41.945255189047)
JC456774,,10/2/2019 8:59,30,NO CONTROLS,NO CONTROLS,RAIN,DAYLIGHT,SIDESWIPE OPPOSITE DIRECTION,NOT DIVIDED,,STRAIGHT AND LEVEL,WET,NO DEFECTS,ON SCENE,INJURY AND / OR TOW DUE TO CRASH,,,,$500 OR LESS,10/2/2019 9:02,NOT APPLICABLE,NOT APPLICABLE,4821,W,ARTHINGTON ST,1533,,,,,,,2,NO INDICATION OF INJURY,0,0,0,0,0,2,0,8,4,10,41.8692385,-87.74573662,POINT (-87.745736617964 41.869238494806)