RD_NO,CRASH_DATE_EST_I,CRASH_DATE,POSTED_SPEED_LIMIT,TRAFFIC_CONTROL_DEVICE,DEVICE_CONDITION,WEATHER_CONDITION,LIGHTING_CONDITION,FIRST_CRASH_TYPE,TRAFFICWAY_TYPE,LANE_CNT,ALIGNMENT,ROADWAY_SURFACE_COND,ROAD_DEFECT,REPORT_TYPE,CRASH_TYPE,INTERSECTION_RELATED_I,NOT_RIGHT_OF_WAY_I,HIT_AND_RUN_I,DAMAGE,DATE_POLICE_NOTIFIED,PRIM_CONTRIBUTORY_CAUSE,SEC_CONTRIBUTORY_CAUSE,STREET_NO,STREET_DIRECTION,STREET_NAME,BEAT_OF_OCCURRENCE,PHOTOS_TAKEN_I,STATEMENTS_TAKEN_I,DOORING_I,WORK_ZONE_I,WORK_ZONE_TYPE,WORKERS_PRESENT_I,NUM_UNITS,MOST_SEVERE_INJURY,INJURIES_TOTAL,INJURIES_FATAL,INJURIES_INCAPACITATING,INJURIES_NON_INCAPACITATING,INJURIES_REPORTED_NOT_EVIDENT,INJURIES_NO_INDICATION,INJURIES_UNKNOWN,CRASH_HOUR,CRASH_DAY_OF_WEEK,CRASH_MONTH,LATITUDE,LONGITUDE,LOCATION
JC456766,,10/2/2019 8:59,30,STOP SIGN/FLASHER,FUNCTIONING PROPERLY,RAIN,DAWN,REAR END,T-INTERSECTION,,STRAIGHT AND LEVEL,WET,NO DEFECTS,ON SCENE,NO INJURY / DRIVE AWAY,,,Y,"$501 - $1,500",10/2/2019 8:59,FOLLOWING TOO CLOSELY,UNABLE TO DETERMINE,6900,S,COTTAGE GROVE AVE,321,,,,,,,2,NO INDICATION OF INJURY,0,0,0,0,0,2,0,8,4,10,41.76945117,-87.60583022,POINT (-87.605830216477 41.769451171337)
JC456822,,10/2/2019 8:55,30,NO CONTROLS,NO CONTROLS,CLEAR,DAYLIGHT,SIDESWIPE SAME DIRECTION,NOT DIVIDED,,STRAIGHT AND LEVEL,WET,NO DEFECTS,NOT ON SCENE (DESK REPORT),NO INJURY / DRIVE AWAY,,,,$500 OR LESS,10/2/2019 9:30,UNABLE TO DETERMINE,UNABLE TO DETERMINE,11200,S,DOTY AVE W,531,,,,,,,2,NO INDICATION OF INJURY,0,0,0,0,0,2,0,8,4,10,41.69084369,-87.59971161,POINT (-87.599711604934 41.69084368952)
JC456793,,10/2/2019 8:52,30,STOP SIGN/FLASHER,FUNCTIONING PROPERLY,RAIN,DAYLIGHT,TURNING,FOUR WAY,,STRAIGHT AND LEVEL,WET,NO DEFECTS,NOT ON SCENE (DESK REPORT),INJURY AND / OR TOW DUE TO CRASH,Y,,,"OVER $1,500",10/2/2019 8:52,FAILING TO YIELD RIGHT-OF-WAY,WEATHER,10800,S,DR MARTIN LUTHER KING JR DR,513,,,,,,,2,NO INDICATION OF INJURY,0,0,0,0,0,2,0,8,4,10,41.6980989,-87.61366635,POINT (-87.613666350547 41.698098901143)
JC456827,,10/2/2019 8:45,30,TRAFFIC SIGNAL,FUNCTIONING PROPERLY,RAIN,DAWN,REAR END,FOUR WAY,,STRAIGHT AND LEVEL,WET,NO DEFECTS,ON SCENE,NO INJURY / DRIVE AWAY,Y,,Y,$500 OR LESS,10/2/2019 9:28,UNABLE TO DETERMINE,UNABLE TO DETERMINE,358,S,SACRAMENTO BLVD,1124,,,,,,,2,NO INDICATION OF INJURY,0,0,0,0,0,2,0,8,4,10,41.8759964,-87.70123069,POINT (-87.701230686503 41.875996400322)
JC459005,Y,10/2/2019 8:30,30,UNKNOWN,UNKNOWN,UNKNOWN,DAYLIGHT,REAR END,NOT DIVIDED,,STRAIGHT AND LEVEL,UNKNOWN,UNKNOWN,NOT ON SCENE (DESK REPORT),NO INJURY / DRIVE AWAY,,,,"OVER $1,500",10/3/2019 19:00,FOLLOWING TOO CLOSELY,"VISION OBSCURED (SIGNS, TREE LIMBS, BUILDINGS, ETC.)",4230,N,KEDZIE AVE,1724,,,,,,,2,NO INDICATION OF INJURY,0,0,0,0,0,2,0,8,4,10,41.95848445,-87.70830586,POINT (-87.70830585918 41.958484449923)
JC457464,,10/2/2019 8:30,30,NO CONTROLS,NO CONTROLS,UNKNOWN,DAYLIGHT,TURNING,NOT DIVIDED,,STRAIGHT AND LEVEL,UNKNOWN,UNKNOWN,NOT ON SCENE (DESK REPORT),NO INJURY / DRIVE AWAY,,,,"$501 - $1,500",10/2/2019 17:15,IMPROPER TURNING/NO SIGNAL,FAILING TO YIELD RIGHT-OF-WAY,5601,S,HARLEM AVE,811,,,,,,,2,NO INDICATION OF INJURY,0,0,0,0,0,2,0,8,4,10,41.79004397,-87.8013004,POINT (-87.801300394739 41.790043968552)
JC457208,,10/2/2019 8:30,20,NO CONTROLS,NO CONTROLS,RAIN,DAYLIGHT,PARKED MOTOR VEHICLE,PARKING LOT,,STRAIGHT AND LEVEL,WET,NO DEFECTS,NOT ON SCENE (DESK REPORT),NO INJURY / DRIVE AWAY,,,,"OVER $1,500",10/2/2019 14:30,UNABLE TO DETERMINE,UNABLE TO DETERMINE,8701,S,STATE ST,632,,,,,,,2,NO INDICATION OF INJURY,0,0,0,0,0,1,0,8,4,10,41.73621242,-87.62401245,POINT (-87.624012445333 41.736212420227)
JC457129,,10/2/2019 8:30,30,TRAFFIC SIGNAL,FUNCTIONING PROPERLY,RAIN,DAYLIGHT,REAR END,ONE-WAY,,STRAIGHT AND LEVEL,WET,UNKNOWN,NOT ON SCENE (DESK REPORT),NO INJURY / DRIVE AWAY,,,,"$501 - $1,500",10/2/2019 13:16,DISTRACTION - FROM INSIDE VEHICLE,FOLLOWING TOO CLOSELY,1630,W,ROSCOE ST,1922,,,,,,,2,NO INDICATION OF INJURY,0,0,0,0,0,2,0,8,4,10,41.94343683,-87.66992429,POINT (-87.669924288558 41.943436828175)
JC456856,,10/2/2019 8:30,20,NO CONTROLS,NO CONTROLS,CLEAR,DAYLIGHT,TURNING,ALLEY,,STRAIGHT AND LEVEL,WET,NO DEFECTS,NOT ON SCENE (DESK REPORT),INJURY AND / OR TOW DUE TO CRASH,,,,"OVER $1,500",10/2/2019 10:00,FAILING TO YIELD RIGHT-OF-WAY,NOT APPLICABLE,5903,S,SACRAMENTO AVE,824,,,,,,,2,NONINCAPACITATING INJURY,1,0,0,1,0,1,0,8,4,10,41.78618256,-87.69831981,POINT (-87.698319811153 41.78618255644)
JC456781,,10/2/2019 8:30,15,NO CONTROLS,NO CONTROLS,FREEZING RAIN/DRIZZLE,DAYLIGHT,REAR END,PARKING LOT,,STRAIGHT AND LEVEL,WET,NO DEFECTS,NOT ON SCENE (DESK REPORT),NO INJURY / DRIVE AWAY,,,,"OVER $1,500",10/2/2019 9:22,UNABLE TO DETERMINE,UNABLE TO DETERMINE,6700,N,WHIPPLE ST,2412,,,,,,,2,NO INDICATION OF INJURY,0,0,0,0,0,2,0,8,4,10,42.00299575,-87.70595357,POINT (-87.705953574402 42.002995747425)
JC456754,,10/2/2019 8:30,30,NO CONTROLS,NO CONTROLS,RAIN,DAYLIGHT,REAR END,DIVIDED - W/MEDIAN (NOT RAISED),,STRAIGHT AND LEVEL,WET,NO DEFECTS,ON SCENE,NO INJURY / DRIVE AWAY,,,,"OVER $1,500",10/2/2019 9:00,FAILING TO REDUCE SPEED TO AVOID CRASH,UNABLE TO DETERMINE,2735,S,PULASKI RD,1031,,,,,,,2,NO INDICATION OF INJURY,0,0,0,0,0,2,0,8,4,10,41.8413471,-87.72432406,POINT (-87.724324057513 41.841347094557)
JC456750,,10/2/2019 8:30,35,TRAFFIC SIGNAL,FUNCTIONING PROPERLY,RAIN,DAYLIGHT,TURNING,FOUR WAY,,STRAIGHT AND LEVEL,WET,NO DEFECTS,ON SCENE,INJURY AND / OR TOW DUE TO CRASH,Y,,,"OVER $1,500",10/2/2019 8:35,DISREGARDING TRAFFIC SIGNALS,NOT APPLICABLE,801,W,87TH ST,2223,,,,,,,2,"REPORTED, NOT EVIDENT",1,0,0,0,1,1,0,8,4,10,41.73596365,-87.64368172,POINT (-87.643681724352 41.735963647349)
JC456745,,10/2/2019 8:30,30,TRAFFIC SIGNAL,FUNCTIONING PROPERLY,RAIN,DAYLIGHT,REAR END,NOT DIVIDED,,STRAIGHT AND LEVEL,WET,NO DEFECTS,ON SCENE,INJURY AND / OR TOW DUE TO CRASH,,,,"OVER $1,500",10/2/2019 8:37,WEATHER,UNABLE TO DETERMINE,4011,W,JACKSON BLVD,1132,,,,,,,2,NONINCAPACITATING INJURY,1,0,0,1,0,2,0,8,4,10,41.87697108,-87.72604671,POINT (-87.726046712583 41.876971078782)
JC456742,,10/2/2019 8:30,30,TRAFFIC SIGNAL,FUNCTIONING PROPERLY,CLOUDY/OVERCAST,DAYLIGHT,REAR TO SIDE,NOT DIVIDED,,STRAIGHT AND LEVEL,WET,NO DEFECTS,NOT ON SCENE (DESK REPORT),NO INJURY / DRIVE AWAY,,,,"$501 - $1,500",10/2/2019 8:47,IMPROPER BACKING,NOT APPLICABLE,4800,N,CICERO AVE,1623,,,,,,,2,NO INDICATION OF INJURY,0,0,0,0,0,2,0,8,4,10,41.96804801,-87.74787599,POINT (-87.747875984681 41.968048007294)
JC456739,,10/2/2019 8:20,30,TRAFFIC SIGNAL,FUNCTIONING PROPERLY,RAIN,DAYLIGHT,REAR END,NOT DIVIDED,,STRAIGHT AND LEVEL,WET,NO DEFECTS,NOT ON SCENE (DESK REPORT),INJURY AND / OR TOW DUE TO CRASH,Y,,,"OVER $1,500",10/2/2019 8:40,FOLLOWING TOO CLOSELY,FOLLOWING TOO CLOSELY,3701,W,OGDEN AVE,1014,,,,,,,2,"REPORTED, NOT EVIDENT",2,0,0,0,2,1,0,8,4,10,41.85347532,-87.71749061,POINT (-87.717490612106 41.853475323255)
JC456744,,10/2/2019 8:19,30,STOP SIGN/FLASHER,FUNCTIONING PROPERLY,RAIN,DAYLIGHT,ANGLE,FOUR WAY,,STRAIGHT AND LEVEL,WET,NO DEFECTS,ON SCENE,INJURY AND / OR TOW DUE TO CRASH,Y,,,"OVER $1,500",10/2/2019 8:32,FAILING TO YIELD RIGHT-OF-WAY,NOT APPLICABLE,3801,W,JACKSON BLVD,1133,,,,,,,2,"REPORTED, NOT EVIDENT",4,0,0,0,4,1,0,8,4,10,41.87703897,-87.72075069,POINT (-87.720750694122 41.877038969334)
JC458093,,10/2/2019 8:10,30,NO CONTROLS,NO CONTROLS,RAIN,DAYLIGHT,REAR END,NOT DIVIDED,,STRAIGHT AND LEVEL,WET,NO DEFECTS,NOT ON SCENE (DESK REPORT),NO INJURY / DRIVE AWAY,,,,"$501 - $1,500",10/3/2019 7:58,FOLLOWING TOO CLOSELY,WEATHER,8847,S,ASHLAND AVE,2221,,,,,,,2,NO INDICATION OF INJURY,0,0,0,0,0,2,0,8,4,10,41.73256752,-87.66282631,POINT (-87.662826304971 41.732567523517)
JC457557,,10/2/2019 8:10,30,NO CONTROLS,NO CONTROLS,CLEAR,DAYLIGHT,PARKED MOTOR VEHICLE,NOT DIVIDED,,STRAIGHT AND LEVEL,DRY,NO DEFECTS,NOT ON SCENE (DESK REPORT),NO INJURY / DRIVE AWAY,,,,$500 OR LESS,10/2/2019 18:15,UNABLE TO DETERMINE,UNABLE TO DETERMINE,3711,N,RAVENSWOOD AVE,1922,,,,,,,2,NO INDICATION OF INJURY,0,0,0,0,0,2,0,8,4,10,41.94912605,-87.67354149,POINT (-87.673541487636 41.949126048934)
JC456716,,10/2/2019 8:10,30,NO CONTROLS,NO CONTROLS,RAIN,DAYLIGHT,SIDESWIPE SAME DIRECTION,NOT DIVIDED,,STRAIGHT AND LEVEL,WET,NO DEFECTS,ON SCENE,INJURY AND / OR TOW DUE TO CRASH,,,,"OVER $1,500",10/2/2019 8:17,UNABLE TO DETERMINE,UNABLE TO DETERMINE,3649,E,106TH ST,432,,,,,,,2,NO INDICATION OF INJURY,0,0,0,0,0,2,0,8,4,10,41.70262076,-87.53455856,POINT (-87.534558555618 41.702620756496)
JC457290,,10/2/2019 8:08,30,TRAFFIC SIGNAL,FUNCTIONING PROPERLY,UNKNOWN,DAYLIGHT,REAR END,DIVIDED - W/MEDIAN (NOT RAISED),,STRAIGHT AND LEVEL,UNKNOWN,UNKNOWN,NOT ON SCENE (DESK REPORT),NO INJURY / DRIVE AWAY,,,,"$501 - $1,500",10/2/2019 15:35,FOLLOWING TOO CLOSELY,NOT APPLICABLE,5862,S,ARCHER AVE,814,,,,,,,2,NO INDICATION OF INJURY,0,0,0,0,0,2,0,8,4,10,41.79599666,-87.76126898,POINT (-87.761268977487 41.795996659834)
JC458191,,10/2/2019 8:00,30,TRAFFIC SIGNAL,FUNCTIONING PROPERLY,RAIN,DAYLIGHT,REAR END,DIVIDED - W/MEDIAN BARRIER,,STRAIGHT AND LEVEL,WET,NO DEFECTS,NOT ON SCENE (DESK REPORT),INJURY AND / OR TOW DUE TO CRASH,Y,,,"OVER $1,500",10/3/2019 9:30,FOLLOWING TOO CLOSELY,UNABLE TO DETERMINE,598,S,ASHLAND AVE,1231,,,,,,,2,NONINCAPACITATING INJURY,1,0,0,1,0,1,0,8,4,10,41.87424715,-87.66674704,POINT (-87.666747035397 41.874247146504)
JC457238,,10/2/2019 8:00,30,NO CONTROLS,NO CONTROLS,CLEAR,DAYLIGHT,SIDESWIPE SAME DIRECTION,DIVIDED - W/MEDIAN (NOT RAISED),,STRAIGHT AND LEVEL,DRY,NO DEFECTS,NOT ON SCENE (DESK REPORT),NO INJURY / DRIVE AWAY,,,,"$501 - $1,500",10/2/2019 14:55,FAILING TO YIELD RIGHT-OF-WAY,DRIVING SKILLS/KNOWLEDGE/EXPERIENCE,1818,W,99TH ST,2213,,,,,,,2,NO INDICATION OF INJURY,0,0,0,0,0,2,0,8,4,10,41.71398954,-87.66817258,POINT (-87.668172579231 41.713989542485)
JC456753,Y,10/2/2019 8:00,25,TRAFFIC SIGNAL,FUNCTIONING PROPERLY,RAIN,DAYLIGHT,TURNING,NOT DIVIDED,,STRAIGHT AND LEVEL,WET,NO DEFECTS,NOT ON SCENE (DESK REPORT),NO INJURY / DRIVE AWAY,Y,,,"OVER $1,500",10/2/2019 8:45,UNABLE TO DETERMINE,UNABLE TO DETERMINE,400,W,NORTH AVE,1813,,,,,,,2,NO INDICATION OF INJURY,0,0,0,0,0,2,0,8,4,10,41.91122338,-87.63865603,POINT (-87.638656031792 41.911223379944)
JC456728,Y,10/2/2019 8:00,25,TRAFFIC SIGNAL,FUNCTIONING IMPROPERLY,RAIN,DAYLIGHT,ANGLE,"FIVE POINT, OR MORE",,STRAIGHT AND LEVEL,WET,NO DEFECTS,ON SCENE,INJURY AND / OR TOW DUE TO CRASH,Y,,Y,"$501 - $1,500",10/2/2019 8:11,UNABLE TO DETERMINE,UNABLE TO DETERMINE,2,W,69TH ST,322,,,,,,,3,NO INDICATION OF INJURY,0,0,0,0,0,5,0,8,4,10,41.76930369,-87.62495326,POINT (-87.624953260253 41.769303693201)
JC456721,,10/2/2019 8:00,30,NO CONTROLS,NO CONTROLS,RAIN,DAYLIGHT,TURNING,NOT DIVIDED,,STRAIGHT AND LEVEL,WET,NO DEFECTS,NOT ON SCENE (DESK REPORT),NO INJURY / DRIVE AWAY,,,,"$501 - $1,500",10/2/2019 8:30,FAILING TO YIELD RIGHT-OF-WAY,FAILING TO YIELD RIGHT-OF-WAY,4501,W,NORTH AVE,2533,,,,,,,2,NO INDICATION OF INJURY,0,0,0,0,0,2,0,8,4,10,41.90960039,-87.73935647,POINT (-87.739356466533 41.909600386011)
JC456718,,10/2/2019 8:00,30,NO CONTROLS,NO CONTROLS,RAIN,DAYLIGHT,SIDESWIPE OPPOSITE DIRECTION,NOT DIVIDED,,STRAIGHT AND LEVEL,WET,NO DEFECTS,NOT ON SCENE (DESK REPORT),NO INJURY / DRIVE AWAY,,,,$500 OR LESS,10/2/2019 8:25,IMPROPER LANE USAGE,NOT APPLICABLE,6212,N,NEWARK AVE,1611,,,,,,,2,NO INDICATION OF INJURY,0,0,0,0,0,4,0,8,4,10,41.99345386,-87.79802126,POINT (-87.798021263595 41.99345385653)
JC456715,,10/2/2019 8:00,30,NO CONTROLS,NO CONTROLS,RAIN,DAYLIGHT,REAR END,NOT DIVIDED,,STRAIGHT AND LEVEL,WET,NO DEFECTS,ON SCENE,INJURY AND / OR TOW DUE TO CRASH,,,,"OVER $1,500",10/2/2019 8:10,FOLLOWING TOO CLOSELY,WEATHER,7037,N,RIDGE BLVD,2424,,,,,,,3,NO INDICATION OF INJURY,0,0,0,0,0,3,0,8,4,10,42.0100319,-87.68212665,POINT (-87.682126651517 42.010031901576)
JC456723,,10/2/2019 7:59,30,NO CONTROLS,NO CONTROLS,RAIN,DAYLIGHT,PARKED MOTOR VEHICLE,PARKING LOT,,STRAIGHT AND LEVEL,WET,NO DEFECTS,ON SCENE,INJURY AND / OR TOW DUE TO CRASH,,Y,,"OVER $1,500",10/2/2019 8:04,IMPROPER BACKING,UNABLE TO DETERMINE,4866,N,MILWAUKEE AVE,1623,,,,,,,3,"REPORTED, NOT EVIDENT",1,0,0,0,1,1,0,7,4,10,41.96950931,-87.76233991,POINT (-87.762339911714 41.969509310771)
JC456722,,10/2/2019 7:56,30,STOP SIGN/FLASHER,FUNCTIONING PROPERLY,RAIN,DAYLIGHT,TURNING,FOUR WAY,,STRAIGHT AND LEVEL,WET,NO DEFECTS,ON SCENE,NO INJURY / DRIVE AWAY,Y,,,"OVER $1,500",10/2/2019 8:11,UNABLE TO DETERMINE,NOT APPLICABLE,3556,W,WABANSIA AVE,1422,,,,,,,2,NO INDICATION OF INJURY,0,0,0,0,0,4,0,7,4,10,41.91193608,-87.71560617,POINT (-87.715606172984 41.911936083648)
JC456730,,10/2/2019 7:55,30,NO CONTROLS,NO CONTROLS,RAIN,DAYLIGHT,REAR END,DIVIDED - W/MEDIAN (NOT RAISED),,STRAIGHT AND LEVEL,WET,NO DEFECTS,,INJURY AND / OR TOW DUE TO CRASH,,,,"OVER $1,500",10/2/2019 7:55,FOLLOWING TOO CLOSELY,UNABLE TO DETERMINE,2307,W,95TH ST,2213,,,,,,,2,"REPORTED, NOT EVIDENT",1,0,0,0,1,1,0,7,4,10,41.72086109,-87.67995655,POINT (-87.679956546725 41.72086108792)
JC456710,,10/2/2019 7:55,20,STOP SIGN/FLASHER,FUNCTIONING PROPERLY,RAIN,DAYLIGHT,ANGLE,T-INTERSECTION,,STRAIGHT AND LEVEL,WET,NO DEFECTS,ON SCENE,INJURY AND / OR TOW DUE TO CRASH,Y,,,"OVER $1,500",10/2/2019 7:56,FAILING TO YIELD RIGHT-OF-WAY,NOT APPLICABLE,6900,S,WASHTENAW AVE,831,,,,,,,2,INCAPACITATING INJURY,1,0,1,0,0,2,0,7,4,10,41.76812436,-87.69082061,POINT (-87.690820605955 41.768124355541)
JC457270,,10/2/2019 7:50,30,NO CONTROLS,NO CONTROLS,RAIN,DAYLIGHT,ANGLE,DIVIDED - W/MEDIAN (NOT RAISED),,STRAIGHT AND LEVEL,WET,NO DEFECTS,NOT ON SCENE (DESK REPORT),NO INJURY / DRIVE AWAY,Y,,,"$501 - $1,500",10/2/2019 15:30,FAILING TO YIELD RIGHT-OF-WAY,UNABLE TO DETERMINE,4235,W,FULLERTON AVE,2522,,,,,,,2,NO INDICATION OF INJURY,0,0,0,0,0,2,0,7,4,10,41.92429899,-87.73310773,POINT (-87.73310773395 41.924298986583)
JC456719,,10/2/2019 7:50,30,NO CONTROLS,NO CONTROLS,CLOUDY/OVERCAST,DAWN,PARKED MOTOR VEHICLE,NOT DIVIDED,,STRAIGHT AND LEVEL,WET,NO DEFECTS,NOT ON SCENE (DESK REPORT),NO INJURY / DRIVE AWAY,,,Y,"OVER $1,500",10/2/2019 8:30,UNABLE TO DETERMINE,NOT APPLICABLE,4549,N,KILDARE AVE,1722,,,,,,,2,NO INDICATION OF INJURY,0,0,0,0,0,1,0,7,4,10,41.9641343,-87.7356008,POINT (-87.735600794821 41.964134301138)
JC456699,,10/2/2019 7:49,30,TRAFFIC SIGNAL,FUNCTIONING PROPERLY,RAIN,DAYLIGHT,REAR END,NOT DIVIDED,,STRAIGHT AND LEVEL,WET,NO DEFECTS,ON SCENE,NO INJURY / DRIVE AWAY,,,Y,"$501 - $1,500",10/2/2019 8:10,FOLLOWING TOO CLOSELY,NOT APPLICABLE,198,S,CLINTON ST,121,,,,,,,2,NO INDICATION OF INJURY,0,0,0,0,0,2,0,7,4,10,41.87935348,-87.64125807,POINT (-87.641258073195 41.879353477685)
JC456702,,10/2/2019 7:46,30,STOP SIGN/FLASHER,FUNCTIONING PROPERLY,RAIN,DAYLIGHT,HEAD ON,NOT DIVIDED,,STRAIGHT AND LEVEL,WET,UNKNOWN,ON SCENE,INJURY AND / OR TOW DUE TO CRASH,Y,,,"OVER $1,500",10/2/2019 7:47,FAILING TO YIELD RIGHT-OF-WAY,FAILING TO REDUCE SPEED TO AVOID CRASH,8300,S,EAST END AVE,412,,,,,,,2,"REPORTED, NOT EVIDENT",1,0,0,0,1,1,0,7,4,10,41.74419236,-87.58305756,POINT (-87.583057559649 41.744192364233)
JC456700,,10/2/2019 7:46,30,NO CONTROLS,NO CONTROLS,RAIN,DAYLIGHT,TURNING,NOT DIVIDED,,STRAIGHT AND LEVEL,WET,NO DEFECTS,ON SCENE,NO INJURY / DRIVE AWAY,Y,,,$500 OR LESS,10/2/2019 8:00,UNABLE TO DETERMINE,UNABLE TO DETERMINE,5040,S,ARCHER AVE,815,,,,,,,2,NO INDICATION OF INJURY,0,0,0,0,0,2,0,7,4,10,41.80143565,-87.72581042,POINT (-87.725810414672 41.801435652279)
JC456733,,10/2/2019 7:45,30,NO CONTROLS,NO CONTROLS,RAIN,DAYLIGHT,REAR END,DIVIDED - W/MEDIAN (NOT RAISED),,STRAIGHT AND LEVEL,WET,NO DEFECTS,ON SCENE,NO INJURY / DRIVE AWAY,Y,,,"OVER $1,500",10/2/2019 7:53,FAILING TO REDUCE SPEED TO AVOID CRASH,NOT APPLICABLE,3501,N,CENTRAL AVE,1633,,,,,,,2,NO INDICATION OF INJURY,0,0,0,0,0,2,0,7,4,10,41.94409931,-87.76654805,POINT (-87.766548046097 41.944099306959)
JC456705,,10/2/2019 7:45,30,STOP SIGN/FLASHER,FUNCTIONING PROPERLY,RAIN,DAYLIGHT,TURNING,T-INTERSECTION,,STRAIGHT AND LEVEL,WET,NO DEFECTS,NOT ON SCENE (DESK REPORT),NO INJURY / DRIVE AWAY,Y,,,"OVER $1,500",10/2/2019 8:05,"OPERATING VEHICLE IN ERRATIC, RECKLESS, CARELESS, NEGLIGENT OR AGGRESSIVE MANNER",NOT APPLICABLE,301,N,AUSTIN BLVD,1512,,,,,,,2,NO INDICATION OF INJURY,0,0,0,0,0,2,0,7,4,10,41.88565367,-87.77468835,POINT (-87.774688353019 41.885653668244)
JC456698,,10/2/2019 7:42,30,TRAFFIC SIGNAL,FUNCTIONING PROPERLY,RAIN,DAYLIGHT,TURNING,NOT DIVIDED,,STRAIGHT AND LEVEL,WET,NO DEFECTS,,NO INJURY / DRIVE AWAY,Y,,,"$501 - $1,500",10/2/2019 7:54,IMPROPER TURNING/NO SIGNAL,NOT APPLICABLE,298,S,CANAL ST,121,,,,,,,2,NO INDICATION OF INJURY,0,0,0,0,0,2,0,7,4,10,41.87810705,-87.63970825,POINT (-87.639708249401 41.878107050206)
JC459168,Y,10/2/2019 7:40,30,NO CONTROLS,NO CONTROLS,RAIN,"DARKNESS, LIGHTED ROAD",SIDESWIPE SAME DIRECTION,NOT DIVIDED,,STRAIGHT AND LEVEL,WET,NO DEFECTS,NOT ON SCENE (DESK REPORT),NO INJURY / DRIVE AWAY,,,Y,$500 OR LESS,10/3/2019 21:30,FAILING TO YIELD RIGHT-OF-WAY,IMPROPER LANE USAGE,4814,W,IRVING PARK RD,1624,,,,,,,2,NO INDICATION OF INJURY,0,0,0,0,0,2,0,7,4,10,41.9535144,-87.74792174,POINT (-87.74792174262 41.953514399972)
JC457103,,10/2/2019 7:40,30,NO CONTROLS,NO CONTROLS,CLEAR,DAYLIGHT,REAR END,DIVIDED - W/MEDIAN (NOT RAISED),,STRAIGHT AND LEVEL,DRY,NO DEFECTS,NOT ON SCENE (DESK REPORT),NO INJURY / DRIVE AWAY,,,,"OVER $1,500",10/2/2019 13:30,FOLLOWING TOO CLOSELY,UNABLE TO DETERMINE,7115,N,SHERIDAN RD,2423,,,,,,,2,NO INDICATION OF INJURY,0,0,0,0,0,2,0,7,4,10,42.01197645,-87.66289063,POINT (-87.662890629236 42.011976451191)
JC456862,,10/2/2019 7:40,30,TRAFFIC SIGNAL,UNKNOWN,RAIN,"DARKNESS, LIGHTED ROAD",PEDESTRIAN,DIVIDED - W/MEDIAN (NOT RAISED),,STRAIGHT AND LEVEL,WET,UNKNOWN,NOT ON SCENE (DESK REPORT),INJURY AND / OR TOW DUE TO CRASH,,,Y,"OVER $1,500",10/2/2019 9:40,FAILING TO YIELD RIGHT-OF-WAY,UNABLE TO DETERMINE,6100,S,WESTERN AVE,825,,,,,,,2,INCAPACITATING INJURY,1,0,1,0,0,1,0,7,4,10,41.7828162,-87.683886,POINT (-87.683885994582 41.782816203429)
JC458288,,10/2/2019 7:35,30,STOP SIGN/FLASHER,NO CONTROLS,CLEAR,DAYLIGHT,TURNING,NOT DIVIDED,,STRAIGHT AND LEVEL,DRY,NO DEFECTS,NOT ON SCENE (DESK REPORT),NO INJURY / DRIVE AWAY,,,,"$501 - $1,500",10/3/2019 10:25,IMPROPER TURNING/NO SIGNAL,NOT APPLICABLE,6298,N,RIDGE AVE,2413,,,,,,,2,NO INDICATION OF INJURY,0,0,0,0,0,2,0,7,4,10,41.99548448,-87.67583408,POINT (-87.67583407501 41.995484475819)
JC456707,,10/2/2019 7:35,30,NO CONTROLS,NO CONTROLS,RAIN,DAYLIGHT,SIDESWIPE SAME DIRECTION,NOT DIVIDED,,STRAIGHT AND LEVEL,WET,NO DEFECTS,NOT ON SCENE (DESK REPORT),NO INJURY / DRIVE AWAY,,,Y,"OVER $1,500",10/2/2019 8:08,UNABLE TO DETERMINE,UNABLE TO DETERMINE,3400,W,CHICAGO AVE,1121,,,,,,,2,NO INDICATION OF INJURY,0,0,0,0,0,3,0,7,4,10,41.89561585,-87.71149859,POINT (-87.711498589633 41.895615850546)
JC456907,,10/2/2019 7:31,30,NO CONTROLS,NO CONTROLS,RAIN,DAYLIGHT,REAR END,FOUR WAY,,STRAIGHT AND LEVEL,WET,NO DEFECTS,NOT ON SCENE (DESK REPORT),NO INJURY / DRIVE AWAY,,,,"$501 - $1,500",10/2/2019 11:00,FOLLOWING TOO CLOSELY,NOT APPLICABLE,4000,S,LAKE PARK AVE,214,,,,,,,2,NO INDICATION OF INJURY,0,0,0,0,0,2,0,7,4,10,41.82237082,-87.60240615,POINT (-87.602406149531 41.822370817892)
JC458199,,10/2/2019 7:30,30,NO CONTROLS,NO CONTROLS,CLEAR,DAYLIGHT,REAR END,NOT DIVIDED,,STRAIGHT AND LEVEL,DRY,NO DEFECTS,NOT ON SCENE (DESK REPORT),NO INJURY / DRIVE AWAY,,,,"$501 - $1,500",10/3/2019 9:26,FOLLOWING TOO CLOSELY,NOT APPLICABLE,599,S,AUSTIN BLVD,1513,,,,,,,2,NO INDICATION OF INJURY,0,0,0,0,0,2,0,7,4,10,41.8728291,-87.77426483,POINT (-87.774264830043 41.872829098426)