RD_NO,CRASH_DATE_EST_I,CRASH_DATE,POSTED_SPEED_LIMIT,TRAFFIC_CONTROL_DEVICE,DEVICE_CONDITION,WEATHER_CONDITION,LIGHTING_CONDITION,FIRST_CRASH_TYPE,TRAFFICWAY_TYPE,LANE_CNT,ALIGNMENT,ROADWAY_SURFACE_COND,ROAD_DEFECT,REPORT_TYPE,CRASH_TYPE,INTERSECTION_RELATED_I,NOT_RIGHT_OF_WAY_I,HIT_AND_RUN_I,DAMAGE,DATE_POLICE_NOTIFIED,PRIM_CONTRIBUTORY_CAUSE,SEC_CONTRIBUTORY_CAUSE,STREET_NO,STREET_DIRECTION,STREET_NAME,BEAT_OF_OCCURRENCE,PHOTOS_TAKEN_I,STATEMENTS_TAKEN_I,DOORING_I,WORK_ZONE_I,WORK_ZONE_TYPE,WORKERS_PRESENT_I,NUM_UNITS,MOST_SEVERE_INJURY,INJURIES_TOTAL,INJURIES_FATAL,INJURIES_INCAPACITATING,INJURIES_NON_INCAPACITATING,INJURIES_REPORTED_NOT_EVIDENT,INJURIES_NO_INDICATION,INJURIES_UNKNOWN,CRASH_HOUR,CRASH_DAY_OF_WEEK,CRASH_MONTH,LATITUDE,LONGITUDE,LOCATION
JC457642,,10/2/2019 7:30,30,TRAFFIC SIGNAL,FUNCTIONING PROPERLY,RAIN,DAYLIGHT,REAR END,NOT DIVIDED,,STRAIGHT AND LEVEL,WET,NO DEFECTS,NOT ON SCENE (DESK REPORT),NO INJURY / DRIVE AWAY,,,Y,"OVER $1,500",10/2/2019 19:00,FOLLOWING TOO CLOSELY,NOT APPLICABLE,6750,W,BELMONT AVE,1632,,,,,,,2,NO INDICATION OF INJURY,0,0,0,0,0,2,0,7,4,10,41.93827387,-87.79532408,POINT (-87.795324082206 41.938273870896)
JC457312,,10/2/2019 7:30,35,TRAFFIC SIGNAL,FUNCTIONING PROPERLY,RAIN,DAYLIGHT,REAR END,DIVIDED - W/MEDIAN (NOT RAISED),,STRAIGHT AND LEVEL,WET,NO DEFECTS,NOT ON SCENE (DESK REPORT),NO INJURY / DRIVE AWAY,,,Y,"$501 - $1,500",10/2/2019 15:50,FAILING TO REDUCE SPEED TO AVOID CRASH,NOT APPLICABLE,10319,S,PULASKI RD,2211,,,,,,,2,NO INDICATION OF INJURY,0,0,0,0,0,2,0,7,4,10,41.7052743,-87.72074789,POINT (-87.720747887902 41.705274299658)
JC456897,,10/2/2019 7:30,5,NO CONTROLS,NO CONTROLS,CLEAR,DAYLIGHT,PARKED MOTOR VEHICLE,PARKING LOT,,STRAIGHT AND LEVEL,DRY,NO DEFECTS,NOT ON SCENE (DESK REPORT),NO INJURY / DRIVE AWAY,,,,"OVER $1,500",10/2/2019 8:30,UNABLE TO DETERMINE,UNABLE TO DETERMINE,5125,S,PRINCETON AVE,935,,,,,,,2,NO INDICATION OF INJURY,0,0,0,0,0,1,0,7,4,10,41.801066,-87.63301596,POINT (-87.633015956687 41.801065996563)
JC456711,,10/2/2019 7:30,30,NO CONTROLS,NO CONTROLS,RAIN,DAYLIGHT,REAR END,DIVIDED - W/MEDIAN (NOT RAISED),,STRAIGHT AND LEVEL,WET,NO DEFECTS,ON SCENE,NO INJURY / DRIVE AWAY,,,,"OVER $1,500",10/2/2019 7:55,UNABLE TO DETERMINE,NOT APPLICABLE,7445,W,TOUHY AVE,1611,,,,,,,2,NO INDICATION OF INJURY,0,0,0,0,0,2,0,7,4,10,42.01142941,-87.81325021,POINT (-87.813250208848 42.011429407262)
JC456703,,10/2/2019 7:30,30,NO CONTROLS,NO CONTROLS,RAIN,DAYLIGHT,REAR END,DIVIDED - W/MEDIAN (NOT RAISED),,STRAIGHT AND LEVEL,WET,NO DEFECTS,NOT ON SCENE (DESK REPORT),NO INJURY / DRIVE AWAY,,,,"OVER $1,500",10/2/2019 8:12,UNABLE TO DETERMINE,UNABLE TO DETERMINE,5899,N,CUMBERLAND AVE,1614,,,,,,,3,NO INDICATION OF INJURY,0,0,0,0,0,3,0,7,4,10,41.98638297,-87.83643375,POINT (-87.836433753977 41.98638296862)
JC456669,,10/2/2019 7:30,30,TRAFFIC SIGNAL,FUNCTIONING PROPERLY,RAIN,DAYLIGHT,PEDESTRIAN,DIVIDED - W/MEDIAN BARRIER,,STRAIGHT AND LEVEL,WET,NO DEFECTS,ON SCENE,INJURY AND / OR TOW DUE TO CRASH,Y,,,"OVER $1,500",10/2/2019 7:32,"OPERATING VEHICLE IN ERRATIC, RECKLESS, CARELESS, NEGLIGENT OR AGGRESSIVE MANNER",FAILING TO YIELD RIGHT-OF-WAY,300,N,MICHIGAN AVE,111,,,,,,,2,NONINCAPACITATING INJURY,1,0,0,1,0,1,0,7,4,10,41.8868758,-87.62468519,POINT (-87.624685186707 41.886875795392)
JC456690,,10/2/2019 7:29,30,TRAFFIC SIGNAL,FUNCTIONING PROPERLY,RAIN,DAYLIGHT,PEDALCYCLIST,"FIVE POINT, OR MORE",,STRAIGHT AND LEVEL,WET,NO DEFECTS,ON SCENE,INJURY AND / OR TOW DUE TO CRASH,Y,,,"OVER $1,500",10/2/2019 7:33,FAILING TO YIELD RIGHT-OF-WAY,ROAD CONSTRUCTION/MAINTENANCE,401,N,DESPLAINES ST,1214,,,,,,,2,NONINCAPACITATING INJURY,1,0,0,1,0,1,0,7,4,10,41.8890786,-87.64418812,POINT (-87.644188123248 41.889078597918)
JC456689,,10/2/2019 7:25,30,TRAFFIC SIGNAL,FUNCTIONING PROPERLY,RAIN,DAYLIGHT,REAR END,NOT DIVIDED,,STRAIGHT AND LEVEL,WET,NO DEFECTS,NOT ON SCENE (DESK REPORT),NO INJURY / DRIVE AWAY,,,,"$501 - $1,500",10/2/2019 8:10,FOLLOWING TOO CLOSELY,UNABLE TO DETERMINE,3650,N,ELSTON AVE,1733,,,,,,,2,NO INDICATION OF INJURY,0,0,0,0,0,2,0,7,4,10,41.94758219,-87.71046047,POINT (-87.710460470099 41.947582193898)
JC456682,,10/2/2019 7:25,30,TRAFFIC SIGNAL,FUNCTIONING PROPERLY,CLOUDY/OVERCAST,DAYLIGHT,TURNING,NOT DIVIDED,,STRAIGHT AND LEVEL,DRY,NO DEFECTS,NOT ON SCENE (DESK REPORT),NO INJURY / DRIVE AWAY,,,,"OVER $1,500",10/2/2019 7:52,UNABLE TO DETERMINE,UNABLE TO DETERMINE,3759,W,LAKE ST,1122,,N,,,,,2,NO INDICATION OF INJURY,0,0,0,0,0,4,0,7,4,10,41.88508283,-87.72073922,POINT (-87.720739219338 41.885082833322)
JC456677,,10/2/2019 7:24,30,NO CONTROLS,NO CONTROLS,RAIN,DAYLIGHT,REAR END,NOT DIVIDED,,STRAIGHT AND LEVEL,WET,NO DEFECTS,ON SCENE,INJURY AND / OR TOW DUE TO CRASH,,,,"OVER $1,500",10/2/2019 7:38,DISTRACTION - FROM INSIDE VEHICLE,NOT APPLICABLE,2940,W,26TH ST,1033,,,,,,,2,NO INDICATION OF INJURY,0,0,0,0,0,7,0,7,4,10,41.84474811,-87.69934342,POINT (-87.699343415652 41.844748114218)
JC456663,,10/2/2019 7:18,40,NO CONTROLS,NO CONTROLS,RAIN,DAWN,REAR END,DIVIDED - W/MEDIAN BARRIER,,STRAIGHT AND LEVEL,WET,NO DEFECTS,ON SCENE,NO INJURY / DRIVE AWAY,,,,"OVER $1,500",10/2/2019 7:20,FOLLOWING TOO CLOSELY,WEATHER,2700,N,LAKE SHORE DR SB,1935,,,,,,,2,NO INDICATION OF INJURY,0,0,0,0,0,2,0,7,4,10,41.93152079,-87.63227394,POINT (-87.63227393683 41.931520786818)
JC456786,,10/2/2019 7:10,30,OTHER,NO CONTROLS,RAIN,DAYLIGHT,ANGLE,NOT DIVIDED,,STRAIGHT AND LEVEL,DRY,NO DEFECTS,NOT ON SCENE (DESK REPORT),NO INJURY / DRIVE AWAY,,,,"$501 - $1,500",10/2/2019 9:00,DRIVING SKILLS/KNOWLEDGE/EXPERIENCE,UNABLE TO DETERMINE,2298,W,ARMITAGE AVE,1432,,,,,,,2,NO INDICATION OF INJURY,0,0,0,0,0,3,0,7,4,10,41.91772652,-87.6848404,POINT (-87.684840401272 41.917726519962)
JC456785,,10/2/2019 7:10,30,NO CONTROLS,NO CONTROLS,RAIN,DAYLIGHT,SIDESWIPE OPPOSITE DIRECTION,NOT DIVIDED,,STRAIGHT AND LEVEL,WET,NO DEFECTS,NOT ON SCENE (DESK REPORT),INJURY AND / OR TOW DUE TO CRASH,,,Y,"OVER $1,500",10/2/2019 8:10,UNABLE TO DETERMINE,WEATHER,416,E,73RD ST,323,,,,,,,2,NONINCAPACITATING INJURY,1,0,0,1,0,1,0,7,4,10,41.76218178,-87.61446045,POINT (-87.614460447716 41.762181782238)
JC456662,,10/2/2019 7:02,30,STOP SIGN/FLASHER,FUNCTIONING PROPERLY,RAIN,DAWN,PARKED MOTOR VEHICLE,DIVIDED - W/MEDIAN (NOT RAISED),,STRAIGHT AND LEVEL,WET,NO DEFECTS,ON SCENE,NO INJURY / DRIVE AWAY,,,Y,$500 OR LESS,10/2/2019 7:06,UNABLE TO DETERMINE,UNABLE TO DETERMINE,1197,W,69TH ST,733,,,,,,,2,NO INDICATION OF INJURY,0,0,0,0,0,1,0,7,4,10,41.76858458,-87.65414566,POINT (-87.654145662027 41.768584577904)
JC456783,,10/2/2019 7:00,30,TRAFFIC SIGNAL,FUNCTIONING PROPERLY,CLEAR,DAYLIGHT,REAR END,NOT DIVIDED,,STRAIGHT AND LEVEL,DRY,NO DEFECTS,NOT ON SCENE (DESK REPORT),INJURY AND / OR TOW DUE TO CRASH,Y,,,"$501 - $1,500",10/2/2019 9:20,UNABLE TO DETERMINE,UNABLE TO DETERMINE,5756,N,CLARK ST,2012,,,,,,,2,"REPORTED, NOT EVIDENT",2,0,0,0,2,1,0,7,4,10,41.98589054,-87.66946513,POINT (-87.669465126055 41.985890540951)
JC456675,,10/2/2019 7:00,30,NO CONTROLS,NOT FUNCTIONING,RAIN,DAYLIGHT,SIDESWIPE SAME DIRECTION,NOT DIVIDED,,STRAIGHT AND LEVEL,WET,NO DEFECTS,NOT ON SCENE (DESK REPORT),NO INJURY / DRIVE AWAY,,,,"$501 - $1,500",10/2/2019 7:51,UNABLE TO DETERMINE,UNABLE TO DETERMINE,6350,W,55TH ST,811,,,,,,,2,NO INDICATION OF INJURY,0,0,0,0,0,2,0,7,4,10,41.79273633,-87.78029448,POINT (-87.78029447766 41.792736327858)
JC456656,,10/2/2019 6:56,30,NO CONTROLS,NO CONTROLS,RAIN,DAWN,FIXED OBJECT,NOT DIVIDED,,STRAIGHT AND LEVEL,WET,UNKNOWN,ON SCENE,INJURY AND / OR TOW DUE TO CRASH,,Y,,"OVER $1,500",10/2/2019 6:58,EQUIPMENT - VEHICLE CONDITION,WEATHER,4738,S,KEDZIE AVE,821,,,,,,,1,NO INDICATION OF INJURY,0,0,0,0,0,1,0,6,4,10,41.80699644,-87.70409119,POINT (-87.704091188167 41.806996436428)
JC456653,,10/2/2019 6:51,30,NO CONTROLS,NO CONTROLS,RAIN,DAWN,REAR END,NOT DIVIDED,,STRAIGHT AND LEVEL,WET,NO DEFECTS,ON SCENE,INJURY AND / OR TOW DUE TO CRASH,,,,"OVER $1,500",10/2/2019 6:56,FAILING TO REDUCE SPEED TO AVOID CRASH,UNABLE TO DETERMINE,5363,N,MILWAUKEE AVE,1622,,,,,,,2,"REPORTED, NOT EVIDENT",1,0,0,0,1,1,0,6,4,10,41.97840992,-87.77006325,POINT (-87.770063254432 41.978409919327)
JC458319,,10/2/2019 6:50,30,TRAFFIC SIGNAL,NO CONTROLS,RAIN,"DARKNESS, LIGHTED ROAD",REAR END,NOT DIVIDED,,STRAIGHT AND LEVEL,WET,NO DEFECTS,NOT ON SCENE (DESK REPORT),NO INJURY / DRIVE AWAY,,,,$500 OR LESS,10/3/2019 11:00,UNABLE TO DETERMINE,UNABLE TO DETERMINE,4015,N,LINCOLN AVE,1911,,,,,,,2,NO INDICATION OF INJURY,0,0,0,0,0,2,0,6,4,10,41.95485438,-87.67907596,POINT (-87.679075957177 41.954854381936)
JC459504,,10/2/2019 6:45,30,NO CONTROLS,NO CONTROLS,RAIN,DAYLIGHT,PARKED MOTOR VEHICLE,DIVIDED - W/MEDIAN (NOT RAISED),,STRAIGHT AND LEVEL,WET,NO DEFECTS,NOT ON SCENE (DESK REPORT),NO INJURY / DRIVE AWAY,,,Y,"$501 - $1,500",10/4/2019 9:20,UNABLE TO DETERMINE,UNABLE TO DETERMINE,1715,N,WELLS ST,1814,,,,,,,2,NO INDICATION OF INJURY,0,0,0,0,0,1,0,6,4,10,41.9133487,-87.63463255,POINT (-87.634632550628 41.913348701179)
JC457015,,10/2/2019 6:45,30,TRAFFIC SIGNAL,FUNCTIONING PROPERLY,RAIN,DAYLIGHT,REAR END,DIVIDED - W/MEDIAN (NOT RAISED),,STRAIGHT AND LEVEL,WET,NO DEFECTS,NOT ON SCENE (DESK REPORT),NO INJURY / DRIVE AWAY,,,,"$501 - $1,500",10/2/2019 11:48,DISTRACTION - FROM INSIDE VEHICLE,UNABLE TO DETERMINE,6140,N,LINCOLN AVE,1711,,,,,,,2,NO INDICATION OF INJURY,0,0,0,0,0,2,0,6,4,10,41.99360022,-87.71282737,POINT (-87.712827366349 41.993600217239)
JC456654,,10/2/2019 6:40,40,NO CONTROLS,NO CONTROLS,CLEAR,DAYLIGHT,REAR END,DIVIDED - W/MEDIAN BARRIER,,STRAIGHT AND LEVEL,DRY,NO DEFECTS,ON SCENE,INJURY AND / OR TOW DUE TO CRASH,,,,"OVER $1,500",10/2/2019 6:42,NOT APPLICABLE,NOT APPLICABLE,2602,N,LAKE SHORE DR SB,1935,,,,,,,4,"REPORTED, NOT EVIDENT",1,0,0,0,1,3,0,6,4,10,41.92995245,-87.63230134,POINT (-87.632301338429 41.929952446546)
JC456652,,10/2/2019 6:37,30,NO CONTROLS,NO CONTROLS,RAIN,DAWN,REAR END,NOT DIVIDED,,STRAIGHT AND LEVEL,WET,NO DEFECTS,ON SCENE,NO INJURY / DRIVE AWAY,,,Y,"OVER $1,500",10/2/2019 6:42,UNABLE TO DETERMINE,NOT APPLICABLE,7730,W,DEVON AVE,1612,,,,,,,2,NO INDICATION OF INJURY,0,0,0,0,0,2,0,6,4,10,41.99699441,-87.82026141,POINT (-87.820261406267 41.996994411598)
JC456641,Y,10/2/2019 6:25,30,TRAFFIC SIGNAL,FUNCTIONING PROPERLY,CLEAR,"DARKNESS, LIGHTED ROAD",ANGLE,DIVIDED - W/MEDIAN (NOT RAISED),,STRAIGHT AND LEVEL,DRY,UNKNOWN,NOT ON SCENE (DESK REPORT),NO INJURY / DRIVE AWAY,Y,,,"$501 - $1,500",10/2/2019 6:40,UNABLE TO DETERMINE,UNABLE TO DETERMINE,5000,W,JACKSON BLVD,1533,,,,,,,2,NO INDICATION OF INJURY,0,0,0,0,0,2,0,6,4,10,41.87683881,-87.74949109,POINT (-87.749491086143 41.876838805613)
JC456640,,10/2/2019 6:21,20,NO CONTROLS,NO CONTROLS,RAIN,"DARKNESS, LIGHTED ROAD",SIDESWIPE SAME DIRECTION,ONE-WAY,,STRAIGHT AND LEVEL,WET,NO DEFECTS,ON SCENE,NO INJURY / DRIVE AWAY,,,,"OVER $1,500",10/2/2019 6:26,FAILING TO YIELD RIGHT-OF-WAY,DRIVING SKILLS/KNOWLEDGE/EXPERIENCE,3,W,TERMINAL ST,1653,,,,,,,2,NO INDICATION OF INJURY,0,0,0,0,0,2,0,6,4,10,,,
JC456646,,10/2/2019 6:20,30,NO CONTROLS,NO CONTROLS,RAIN,DAYLIGHT,REAR TO FRONT,PARKING LOT,,STRAIGHT AND LEVEL,WET,NO DEFECTS,ON SCENE,NO INJURY / DRIVE AWAY,,,Y,"$501 - $1,500",10/2/2019 6:35,UNABLE TO DETERMINE,NOT APPLICABLE,5328,W,WINDSOR AVE,1623,,,,,,,2,NO INDICATION OF INJURY,0,0,0,0,0,2,0,6,4,10,41.96346067,-87.76117803,POINT (-87.76117803062 41.963460673163)
JC456634,,10/2/2019 6:10,30,STOP SIGN/FLASHER,FUNCTIONING PROPERLY,RAIN,DAWN,ANGLE,NOT DIVIDED,,STRAIGHT AND LEVEL,WET,NO DEFECTS,ON SCENE,INJURY AND / OR TOW DUE TO CRASH,,,,"OVER $1,500",10/2/2019 6:10,FAILING TO YIELD RIGHT-OF-WAY,NOT APPLICABLE,4700,S,LAPORTE AVE,814,,,,,,,2,NO INDICATION OF INJURY,0,0,0,0,0,2,0,6,4,10,41.80747751,-87.74697397,POINT (-87.746973971235 41.807477506867)
JC456708,,10/2/2019 6:00,30,NO CONTROLS,NO CONTROLS,UNKNOWN,DARKNESS,PARKED MOTOR VEHICLE,DIVIDED - W/MEDIAN (NOT RAISED),,STRAIGHT AND LEVEL,UNKNOWN,NO DEFECTS,NOT ON SCENE (DESK REPORT),NO INJURY / DRIVE AWAY,,,Y,"OVER $1,500",10/2/2019 8:27,UNABLE TO DETERMINE,UNABLE TO DETERMINE,11164,S,KEDZIE AVE,2211,,,,,,,2,NO INDICATION OF INJURY,0,0,0,0,0,1,0,6,4,10,41.68983181,-87.70090611,POINT (-87.700906108658 41.689831804761)
JC456649,,10/2/2019 5:45,25,TRAFFIC SIGNAL,FUNCTIONING PROPERLY,RAIN,DAWN,SIDESWIPE SAME DIRECTION,NOT DIVIDED,,STRAIGHT AND LEVEL,WET,NO DEFECTS,ON SCENE,NO INJURY / DRIVE AWAY,N,,,$500 OR LESS,10/2/2019 6:00,"OPERATING VEHICLE IN ERRATIC, RECKLESS, CARELESS, NEGLIGENT OR AGGRESSIVE MANNER",NOT APPLICABLE,4001,S,KEDZIE AVE,921,,,,,,,2,NO INDICATION OF INJURY,0,0,0,0,0,2,0,5,4,10,41.82074724,-87.70432218,POINT (-87.704322177716 41.820747235318)
JC456627,,10/2/2019 5:45,30,NO CONTROLS,NO CONTROLS,RAIN,"DARKNESS, LIGHTED ROAD",PARKED MOTOR VEHICLE,ONE-WAY,,STRAIGHT AND LEVEL,WET,NO DEFECTS,ON SCENE,NO INJURY / DRIVE AWAY,,,,"OVER $1,500",10/2/2019 5:51,UNABLE TO DETERMINE,UNABLE TO DETERMINE,8104,S,VERNON AVE,631,,,,,,,2,NO INDICATION OF INJURY,0,0,0,0,0,4,0,5,4,10,41.74727487,-87.61375676,POINT (-87.613756760031 41.747274871465)
JC456650,,10/2/2019 5:41,30,STOP SIGN/FLASHER,FUNCTIONING PROPERLY,CLEAR,"DARKNESS, LIGHTED ROAD",REAR END,T-INTERSECTION,,STRAIGHT AND LEVEL,DRY,NO DEFECTS,NOT ON SCENE (DESK REPORT),INJURY AND / OR TOW DUE TO CRASH,Y,,,"$501 - $1,500",10/2/2019 6:45,UNABLE TO DETERMINE,NOT APPLICABLE,4126,S,ROCKWELL ST,921,,,,,,,2,"REPORTED, NOT EVIDENT",1,0,0,0,1,1,0,5,4,10,41.81839865,-87.68975742,POINT (-87.689757420901 41.818398653096)
JC456637,,10/2/2019 5:35,30,STOP SIGN/FLASHER,NO CONTROLS,RAIN,"DARKNESS, LIGHTED ROAD",ANGLE,NOT DIVIDED,,STRAIGHT AND LEVEL,WET,NO DEFECTS,ON SCENE,INJURY AND / OR TOW DUE TO CRASH,Y,N,,"OVER $1,500",10/2/2019 6:00,FAILING TO YIELD RIGHT-OF-WAY,FAILING TO YIELD RIGHT-OF-WAY,2631,N,LARAMIE AVE,2521,,,,,,,4,INCAPACITATING INJURY,1,0,1,0,0,1,0,5,4,10,41.92873109,-87.75616833,POINT (-87.756168330809 41.92873109077)
JC457380,,10/2/2019 5:30,30,TRAFFIC SIGNAL,NOT FUNCTIONING,UNKNOWN,"DARKNESS, LIGHTED ROAD",REAR END,NOT DIVIDED,,STRAIGHT AND LEVEL,UNKNOWN,UNKNOWN,NOT ON SCENE (DESK REPORT),NO INJURY / DRIVE AWAY,Y,,,"$501 - $1,500",10/2/2019 16:25,FOLLOWING TOO CLOSELY,NOT APPLICABLE,3500,W,63RD ST,823,,,,,,,2,NO INDICATION OF INJURY,0,0,0,0,0,2,0,5,4,10,41.7789616,-87.71052895,POINT (-87.710528948795 41.778961598969)
JC457475,,10/2/2019 4:40,30,TRAFFIC SIGNAL,FUNCTIONING PROPERLY,CLEAR,DAYLIGHT,REAR END,NOT DIVIDED,,STRAIGHT AND LEVEL,DRY,NO DEFECTS,NOT ON SCENE (DESK REPORT),NO INJURY / DRIVE AWAY,,,,"OVER $1,500",10/2/2019 17:50,DISREGARDING TRAFFIC SIGNALS,DISREGARDING TRAFFIC SIGNALS,1200,S,ASHLAND AVE,1233,,,,,,,2,NO INDICATION OF INJURY,0,0,0,0,0,2,0,4,4,10,41.86681578,-87.66652926,POINT (-87.666529262922 41.86681578431)
JC456614,,10/2/2019 4:35,35,TRAFFIC SIGNAL,FUNCTIONING PROPERLY,RAIN,"DARKNESS, LIGHTED ROAD",REAR END,CENTER TURN LANE,,STRAIGHT AND LEVEL,WET,NO DEFECTS,NOT ON SCENE (DESK REPORT),NO INJURY / DRIVE AWAY,Y,,Y,"OVER $1,500",10/2/2019 4:45,FAILING TO REDUCE SPEED TO AVOID CRASH,NOT APPLICABLE,2958,W,ADDISON ST,1733,,,,,,,2,NO INDICATION OF INJURY,0,0,0,0,0,2,0,4,4,10,41.94676317,-87.70286455,POINT (-87.702864547197 41.9467631666)
JC456608,,10/2/2019 4:06,30,TRAFFIC SIGNAL,FUNCTIONING PROPERLY,CLEAR,"DARKNESS, LIGHTED ROAD",ANGLE,FOUR WAY,,STRAIGHT AND LEVEL,DRY,NO DEFECTS,ON SCENE,NO INJURY / DRIVE AWAY,Y,,,"OVER $1,500",10/2/2019 4:45,DISREGARDING TRAFFIC SIGNALS,UNABLE TO DETERMINE,4799,W,LEXINGTON ST,1131,,,,,,,2,NO INDICATION OF INJURY,0,0,0,0,0,2,0,4,4,10,41.87108338,-87.74479089,POINT (-87.744790885901 41.871083374595)
JC456607,,10/2/2019 3:59,30,TRAFFIC SIGNAL,FUNCTIONING PROPERLY,FREEZING RAIN/DRIZZLE,"DARKNESS, LIGHTED ROAD",PARKED MOTOR VEHICLE,NOT DIVIDED,,STRAIGHT AND LEVEL,WET,NO DEFECTS,ON SCENE,NO INJURY / DRIVE AWAY,,,,"OVER $1,500",10/2/2019 4:04,UNDER THE INFLUENCE OF ALCOHOL/DRUGS (USE WHEN ARREST IS EFFECTED),NOT APPLICABLE,3481,N,LAKE SHORE DR,1925,N,,,,,,3,NO INDICATION OF INJURY,0,0,0,0,0,1,0,3,4,10,41.9461861,-87.64188501,POINT (-87.641885012858 41.946186099166)
JC456581,N,10/2/2019 1:50,30,NO CONTROLS,NO CONTROLS,CLEAR,"DARKNESS, LIGHTED ROAD",PARKED MOTOR VEHICLE,NOT DIVIDED,,STRAIGHT AND LEVEL,DRY,NO DEFECTS,ON SCENE,INJURY AND / OR TOW DUE TO CRASH,,,,"OVER $1,500",10/2/2019 1:52,UNABLE TO DETERMINE,UNABLE TO DETERMINE,10833,S,EWING AVE,432,,,,,,,3,NO INDICATION OF INJURY,0,0,0,0,0,2,0,1,4,10,41.69811527,-87.53513578,POINT (-87.535135784052 41.69811526879)
JC456924,,10/2/2019 0:52,30,NO CONTROLS,NO CONTROLS,RAIN,DAWN,PARKED MOTOR VEHICLE,NOT DIVIDED,,STRAIGHT AND LEVEL,WET,NO DEFECTS,ON SCENE,NO INJURY / DRIVE AWAY,,,,"$501 - $1,500",10/2/2019 11:03,UNABLE TO DETERMINE,UNABLE TO DETERMINE,4942,W,VAN BUREN ST,1533,,,,,,,2,NO INDICATION OF INJURY,0,0,0,0,0,1,0,0,4,10,41.87503607,-87.74890275,POINT (-87.748902747573 41.87503607054)
JC457441,,10/2/2019 0:37,20,NO CONTROLS,NO CONTROLS,CLEAR,DUSK,PARKED MOTOR VEHICLE,NOT DIVIDED,,STRAIGHT AND LEVEL,DRY,NO DEFECTS,NOT ON SCENE (DESK REPORT),NO INJURY / DRIVE AWAY,,,,"$501 - $1,500",10/2/2019 17:00,UNABLE TO DETERMINE,UNABLE TO DETERMINE,2700,E,74TH ST,334,,,,,,,2,NO INDICATION OF INJURY,0,0,0,0,0,1,0,0,4,10,41.76244355,-87.55892598,POINT (-87.558925974748 41.762443548765)
JC456624,Y,10/2/2019 0:00,30,UNKNOWN,UNKNOWN,CLEAR,"DARKNESS, LIGHTED ROAD",PARKED MOTOR VEHICLE,NOT DIVIDED,,STRAIGHT AND LEVEL,DRY,NO DEFECTS,ON SCENE,NO INJURY / DRIVE AWAY,,,Y,"OVER $1,500",10/2/2019 5:18,UNABLE TO DETERMINE,NOT APPLICABLE,7404,S,COLES AVE,334,,,,,,,2,NO INDICATION OF INJURY,0,0,0,0,0,1,0,0,4,10,41.76141522,-87.5602672,POINT (-87.560267204311 41.761415216051)
JC456499,,10/1/2019 23:45,35,NO CONTROLS,NO CONTROLS,CLEAR,"DARKNESS, LIGHTED ROAD",REAR END,DIVIDED - W/MEDIAN BARRIER,,STRAIGHT AND LEVEL,DRY,NO DEFECTS,ON SCENE,INJURY AND / OR TOW DUE TO CRASH,,,,"OVER $1,500",10/1/2019 23:50,FOLLOWING TOO CLOSELY,FAILING TO REDUCE SPEED TO AVOID CRASH,104,S,ASHLAND AVE,1224,,,,,,,3,NO INDICATION OF INJURY,0,0,0,0,0,5,0,23,3,10,41.87998496,-87.66689607,POINT (-87.666896072957 41.879984958758)
JC456518,,10/1/2019 23:40,30,TRAFFIC SIGNAL,FUNCTIONING PROPERLY,CLEAR,"DARKNESS, LIGHTED ROAD",ANGLE,FOUR WAY,,STRAIGHT AND LEVEL,DRY,NO DEFECTS,ON SCENE,INJURY AND / OR TOW DUE TO CRASH,Y,,,"OVER $1,500",10/1/2019 23:45,DISREGARDING TRAFFIC SIGNALS,NOT APPLICABLE,653,W,ROOSEVELT RD,1232,,,,,,,2,NO INDICATION OF INJURY,0,0,0,0,0,4,0,23,3,10,41.86708028,-87.64432525,POINT (-87.644325248556 41.867080279085)
JC456486,,10/1/2019 23:31,30,NO CONTROLS,NO CONTROLS,CLEAR,"DARKNESS, LIGHTED ROAD",PARKED MOTOR VEHICLE,NOT DIVIDED,,STRAIGHT AND LEVEL,DRY,NO DEFECTS,ON SCENE,INJURY AND / OR TOW DUE TO CRASH,,,,$500 OR LESS,10/1/2019 23:31,PHYSICAL CONDITION OF DRIVER,UNABLE TO DETERMINE,1525,E,82ND ST,411,,Y,,,,,2,NO INDICATION OF INJURY,0,0,0,0,0,1,0,23,3,10,41.74589393,-87.58711981,POINT (-87.587119809264 41.745893925768)
JC456490,,10/1/2019 23:15,20,NO CONTROLS,NO CONTROLS,UNKNOWN,UNKNOWN,ANGLE,ALLEY,,STRAIGHT AND LEVEL,UNKNOWN,UNKNOWN,NOT ON SCENE (DESK REPORT),NO INJURY / DRIVE AWAY,,,Y,"OVER $1,500",10/1/2019 23:40,FAILING TO YIELD RIGHT-OF-WAY,NOT APPLICABLE,7211,N,BELL AVE,2411,,,,,,,2,NO INDICATION OF INJURY,0,0,0,0,0,2,0,23,3,10,42.01261206,-87.6860626,POINT (-87.686062604084 42.012612061037)
JC456487,Y,10/1/2019 22:50,15,NO CONTROLS,NO CONTROLS,CLEAR,"DARKNESS, LIGHTED ROAD",PARKED MOTOR VEHICLE,PARKING LOT,,STRAIGHT AND LEVEL,DRY,NO DEFECTS,NOT ON SCENE (DESK REPORT),NO INJURY / DRIVE AWAY,,Y,Y,"$501 - $1,500",10/1/2019 23:40,UNABLE TO DETERMINE,NOT APPLICABLE,8331,S,STEWART AVE,622,,,,,,,2,NO INDICATION OF INJURY,0,0,0,0,0,1,0,22,3,10,41.74257762,-87.63393693,POINT (-87.633936930688 41.742577617335)