RD_NO,CRASH_DATE_EST_I,CRASH_DATE,POSTED_SPEED_LIMIT,TRAFFIC_CONTROL_DEVICE,DEVICE_CONDITION,WEATHER_CONDITION,LIGHTING_CONDITION,FIRST_CRASH_TYPE,TRAFFICWAY_TYPE,LANE_CNT,ALIGNMENT,ROADWAY_SURFACE_COND,ROAD_DEFECT,REPORT_TYPE,CRASH_TYPE,INTERSECTION_RELATED_I,NOT_RIGHT_OF_WAY_I,HIT_AND_RUN_I,DAMAGE,DATE_POLICE_NOTIFIED,PRIM_CONTRIBUTORY_CAUSE,SEC_CONTRIBUTORY_CAUSE,STREET_NO,STREET_DIRECTION,STREET_NAME,BEAT_OF_OCCURRENCE,PHOTOS_TAKEN_I,STATEMENTS_TAKEN_I,DOORING_I,WORK_ZONE_I,WORK_ZONE_TYPE,WORKERS_PRESENT_I,NUM_UNITS,MOST_SEVERE_INJURY,INJURIES_TOTAL,INJURIES_FATAL,INJURIES_INCAPACITATING,INJURIES_NON_INCAPACITATING,INJURIES_REPORTED_NOT_EVIDENT,INJURIES_NO_INDICATION,INJURIES_UNKNOWN,CRASH_HOUR,CRASH_DAY_OF_WEEK,CRASH_MONTH,LATITUDE,LONGITUDE,LOCATION
JC456548,,10/1/2019 22:46,30,NO CONTROLS,NO CONTROLS,CLEAR,"DARKNESS, LIGHTED ROAD",OTHER NONCOLLISION,NOT DIVIDED,,STRAIGHT AND LEVEL,DRY,"RUT, HOLES",NOT ON SCENE (DESK REPORT),NO INJURY / DRIVE AWAY,,,,$500 OR LESS,10/2/2019 1:05,UNABLE TO DETERMINE,UNABLE TO DETERMINE,3952,S,FEDERAL ST,213,,,,,,,1,NO INDICATION OF INJURY,0,0,0,0,0,1,0,22,3,10,41.8222094,-87.62871718,POINT (-87.628717176402 41.822209396217)
JC456458,,10/1/2019 22:35,20,NO CONTROLS,NO CONTROLS,CLEAR,"DARKNESS, LIGHTED ROAD",SIDESWIPE OPPOSITE DIRECTION,NOT DIVIDED,,STRAIGHT AND LEVEL,DRY,NO DEFECTS,ON SCENE,NO INJURY / DRIVE AWAY,,,,"OVER $1,500",10/1/2019 22:45,DRIVING SKILLS/KNOWLEDGE/EXPERIENCE,UNABLE TO DETERMINE,4715,S,KOSTNER AVE,815,,,,,,,2,NO INDICATION OF INJURY,0,0,0,0,0,5,0,22,3,10,41.80726119,-87.73321371,POINT (-87.73321371008 41.807261185902)
JC457866,,10/1/2019 22:30,30,TRAFFIC SIGNAL,FUNCTIONING PROPERLY,RAIN,"DARKNESS, LIGHTED ROAD",OTHER NONCOLLISION,NOT DIVIDED,,STRAIGHT AND LEVEL,WET,OTHER,NOT ON SCENE (DESK REPORT),NO INJURY / DRIVE AWAY,,,,"OVER $1,500",10/2/2019 22:10,ROAD CONSTRUCTION/MAINTENANCE,ROAD CONSTRUCTION/MAINTENANCE,2312,N,ASHLAND AVE,1811,Y,,,,,,1,NO INDICATION OF INJURY,0,0,0,0,0,1,0,22,3,10,41.92374168,-87.66831941,POINT (-87.668319410607 41.923741682421)
JC456414,,10/1/2019 21:40,30,TRAFFIC SIGNAL,FUNCTIONING PROPERLY,CLEAR,"DARKNESS, LIGHTED ROAD",REAR END,DIVIDED - W/MEDIAN BARRIER,,STRAIGHT AND LEVEL,DRY,NO DEFECTS,ON SCENE,INJURY AND / OR TOW DUE TO CRASH,,,,"OVER $1,500",10/1/2019 22:02,PHYSICAL CONDITION OF DRIVER,NOT APPLICABLE,3150,W,87TH ST,835,,,,,,,2,NO INDICATION OF INJURY,0,0,0,0,0,2,0,21,3,10,41.7353206,-87.70122708,POINT (-87.701227074614 41.735320601097)
JC456409,,10/1/2019 21:30,30,NO CONTROLS,NO CONTROLS,CLEAR,"DARKNESS, LIGHTED ROAD",PARKED MOTOR VEHICLE,ONE-WAY,,STRAIGHT AND LEVEL,DRY,UNKNOWN,ON SCENE,NO INJURY / DRIVE AWAY,,,Y,"OVER $1,500",10/1/2019 21:40,IMPROPER BACKING,UNABLE TO DETERMINE,1823,S,HARDING AVE,1014,,,,,,,2,NO INDICATION OF INJURY,0,0,0,0,0,1,0,21,3,10,41.85634406,-87.72349161,POINT (-87.723491609047 41.856344062497)
JC457224,,10/1/2019 21:00,25,NO CONTROLS,NO CONTROLS,CLEAR,DARKNESS,PARKED MOTOR VEHICLE,NOT DIVIDED,,STRAIGHT AND LEVEL,DRY,NO DEFECTS,NOT ON SCENE (DESK REPORT),NO INJURY / DRIVE AWAY,,,Y,"$501 - $1,500",10/2/2019 14:57,NOT APPLICABLE,NOT APPLICABLE,308,S,SPRINGFIELD AVE,1132,,,,,,,2,NO INDICATION OF INJURY,0,0,0,0,0,1,0,21,3,10,41.87679764,-87.72324105,POINT (-87.723241045722 41.876797640327)
JC456406,,10/1/2019 21:00,30,NO CONTROLS,NO CONTROLS,CLEAR,"DARKNESS, LIGHTED ROAD",SIDESWIPE SAME DIRECTION,NOT DIVIDED,,STRAIGHT AND LEVEL,DRY,UNKNOWN,NOT ON SCENE (DESK REPORT),NO INJURY / DRIVE AWAY,,,,"$501 - $1,500",10/1/2019 22:05,IMPROPER OVERTAKING/PASSING,NOT APPLICABLE,7752,W,DEVON AVE,1612,,,,,,,2,NO INDICATION OF INJURY,0,0,0,0,0,2,0,21,3,10,41.99697356,-87.82107207,POINT (-87.82107206844 41.996973560932)
JC456400,,10/1/2019 21:00,30,OTHER,FUNCTIONING PROPERLY,CLEAR,DARKNESS,HEAD ON,ONE-WAY,,STRAIGHT AND LEVEL,DRY,NO DEFECTS,ON SCENE,NO INJURY / DRIVE AWAY,,,,"OVER $1,500",10/1/2019 21:00,DRIVING SKILLS/KNOWLEDGE/EXPERIENCE,NOT APPLICABLE,337,S,LAVERGNE AVE,1533,,,,,,,2,NO INDICATION OF INJURY,0,0,0,0,0,5,0,21,3,10,41.87571729,-87.74909748,POINT (-87.749097480936 41.875717288839)
JC456398,,10/1/2019 21:00,40,TRAFFIC SIGNAL,FUNCTIONING PROPERLY,CLEAR,"DARKNESS, LIGHTED ROAD",SIDESWIPE SAME DIRECTION,DIVIDED - W/MEDIAN (NOT RAISED),,STRAIGHT AND LEVEL,DRY,NO DEFECTS,NOT ON SCENE (DESK REPORT),NO INJURY / DRIVE AWAY,,,,"OVER $1,500",10/1/2019 22:00,IMPROPER OVERTAKING/PASSING,UNABLE TO DETERMINE,700,S,LAKE SHORE DR E,114,,,,,,,2,NO INDICATION OF INJURY,0,0,0,0,0,2,0,21,3,10,41.87319361,-87.61722829,POINT (-87.617228294467 41.873193608809)
JC456352,Y,10/1/2019 20:59,35,TRAFFIC SIGNAL,FUNCTIONING PROPERLY,CLEAR,DARKNESS,REAR END,DIVIDED - W/MEDIAN BARRIER,,STRAIGHT AND LEVEL,DRY,NO DEFECTS,NOT ON SCENE (DESK REPORT),NO INJURY / DRIVE AWAY,,,,"OVER $1,500",10/1/2019 21:19,FOLLOWING TOO CLOSELY,NOT APPLICABLE,1999,W,95TH ST,2213,,,,,,,2,NO INDICATION OF INJURY,0,0,0,0,0,2,0,20,3,10,41.72096934,-87.67228091,POINT (-87.672280909084 41.720969343878)
JC456395,,10/1/2019 20:50,35,UNKNOWN,UNKNOWN,UNKNOWN,UNKNOWN,REAR END,NOT DIVIDED,,STRAIGHT AND LEVEL,UNKNOWN,UNKNOWN,NOT ON SCENE (DESK REPORT),NO INJURY / DRIVE AWAY,,,,"$501 - $1,500",10/1/2019 21:20,NOT APPLICABLE,NOT APPLICABLE,3600,N,LAKE SHORE DR,1925,,,,,,,2,NO INDICATION OF INJURY,0,0,0,0,0,3,0,20,3,10,41.94868367,-87.64364976,POINT (-87.643649758505 41.948683674375)
JC456370,,10/1/2019 20:50,30,NO CONTROLS,NO CONTROLS,CLEAR,"DARKNESS, LIGHTED ROAD",REAR END,DIVIDED - W/MEDIAN (NOT RAISED),,STRAIGHT AND LEVEL,DRY,NO DEFECTS,NOT ON SCENE (DESK REPORT),NO INJURY / DRIVE AWAY,,,,$500 OR LESS,10/1/2019 21:00,FOLLOWING TOO CLOSELY,UNABLE TO DETERMINE,2400,E,103RD ST,431,,,,,,,2,NO INDICATION OF INJURY,0,0,0,0,0,2,0,20,3,10,41.70819552,-87.56566197,POINT (-87.56566196769 41.708195517513)
JC456360,,10/1/2019 20:50,30,NO CONTROLS,NO CONTROLS,CLEAR,"DARKNESS, LIGHTED ROAD",PARKED MOTOR VEHICLE,ONE-WAY,,STRAIGHT AND LEVEL,DRY,NO DEFECTS,ON SCENE,NO INJURY / DRIVE AWAY,,,Y,"$501 - $1,500",10/1/2019 20:54,UNABLE TO DETERMINE,UNABLE TO DETERMINE,48,N,LONG AVE,1522,,,,,,,2,NO INDICATION OF INJURY,0,0,0,0,0,1,0,20,3,10,41.88174019,-87.76031576,POINT (-87.760315763861 41.881740191207)
JC456354,,10/1/2019 20:40,30,NO CONTROLS,NO CONTROLS,CLEAR,"DARKNESS, LIGHTED ROAD",TURNING,NOT DIVIDED,,STRAIGHT AND LEVEL,DRY,NO DEFECTS,ON SCENE,NO INJURY / DRIVE AWAY,,,,"$501 - $1,500",10/1/2019 20:42,UNABLE TO DETERMINE,UNABLE TO DETERMINE,1910,S,LEE PKWY,914,,,,,,,2,NO INDICATION OF INJURY,0,0,0,0,0,2,0,20,3,10,41.85570054,-87.63456497,POINT (-87.6345649721 41.855700541666)
JC456340,,10/1/2019 20:40,15,STOP SIGN/FLASHER,NO CONTROLS,CLEAR,DUSK,PARKED MOTOR VEHICLE,PARKING LOT,,STRAIGHT AND LEVEL,DRY,NO DEFECTS,ON SCENE,NO INJURY / DRIVE AWAY,,Y,,"OVER $1,500",10/1/2019 20:49,IMPROPER BACKING,FAILING TO REDUCE SPEED TO AVOID CRASH,1633,W,MADISON ST,1224,,,,,,,3,NO INDICATION OF INJURY,0,0,0,0,0,1,0,20,3,10,41.88132906,-87.6680499,POINT (-87.668049900896 41.881329060652)
JC456344,,10/1/2019 20:35,25,NO CONTROLS,NO CONTROLS,CLEAR,"DARKNESS, LIGHTED ROAD",PEDESTRIAN,ONE-WAY,,STRAIGHT AND LEVEL,DRY,NO DEFECTS,ON SCENE,INJURY AND / OR TOW DUE TO CRASH,,,,$500 OR LESS,10/1/2019 20:40,UNABLE TO DETERMINE,UNABLE TO DETERMINE,814,W,53RD ST,934,,,,,,,2,INCAPACITATING INJURY,1,0,1,0,0,1,0,20,3,10,41.79794274,-87.64590451,POINT (-87.645904513338 41.797942743668)
JC456349,,10/1/2019 20:15,30,TRAFFIC SIGNAL,FUNCTIONING PROPERLY,CLEAR,"DARKNESS, LIGHTED ROAD",SIDESWIPE SAME DIRECTION,NOT DIVIDED,,STRAIGHT AND LEVEL,DRY,NO DEFECTS,NOT ON SCENE (DESK REPORT),NO INJURY / DRIVE AWAY,Y,,,"$501 - $1,500",10/1/2019 21:00,IMPROPER OVERTAKING/PASSING,IMPROPER LANE USAGE,401,E,83RD ST,632,,,,,,,2,NO INDICATION OF INJURY,0,0,0,0,0,2,0,20,3,10,41.74370341,-87.61468208,POINT (-87.614682081663 41.743703406858)
JC456295,,10/1/2019 20:15,30,TRAFFIC SIGNAL,FUNCTIONING PROPERLY,CLEAR,"DARKNESS, LIGHTED ROAD",TURNING,FOUR WAY,,STRAIGHT AND LEVEL,DRY,NO DEFECTS,ON SCENE,NO INJURY / DRIVE AWAY,Y,,,"OVER $1,500",10/1/2019 20:20,IMPROPER TURNING/NO SIGNAL,UNABLE TO DETERMINE,5700,N,SHERIDAN RD,2022,,,,,,,2,NO INDICATION OF INJURY,0,0,0,0,0,3,0,20,3,10,41.9856411,-87.65538854,POINT (-87.655388544127 41.985641095429)
JC456292,,10/1/2019 20:13,25,NO CONTROLS,NO CONTROLS,CLEAR,"DARKNESS, LIGHTED ROAD",PARKED MOTOR VEHICLE,ONE-WAY,,STRAIGHT AND LEVEL,DRY,NO DEFECTS,ON SCENE,NO INJURY / DRIVE AWAY,,,,"OVER $1,500",10/1/2019 20:15,UNABLE TO DETERMINE,NOT APPLICABLE,809,W,RANDOLPH ST,1224,,,,,,,2,NO INDICATION OF INJURY,0,0,0,0,0,1,0,20,3,10,41.88429093,-87.64784177,POINT (-87.647841773254 41.884290930107)
JC456450,,10/1/2019 20:05,30,NO CONTROLS,NO CONTROLS,CLEAR,"DARKNESS, LIGHTED ROAD",FIXED OBJECT,DIVIDED - W/MEDIAN (NOT RAISED),,STRAIGHT AND LEVEL,DRY,NO DEFECTS,NOT ON SCENE (DESK REPORT),NO INJURY / DRIVE AWAY,,,,"OVER $1,500",10/1/2019 22:40,UNABLE TO DETERMINE,NOT APPLICABLE,1998,N,AUSTIN AVE,2513,,,,,,,1,NO INDICATION OF INJURY,0,0,0,0,0,2,0,20,3,10,41.91645304,-87.77561321,POINT (-87.775613212082 41.916453040528)
JC456306,,10/1/2019 20:03,30,TRAFFIC SIGNAL,FUNCTIONING PROPERLY,CLEAR,"DARKNESS, LIGHTED ROAD",REAR END,NOT DIVIDED,,STRAIGHT AND LEVEL,DRY,NO DEFECTS,ON SCENE,INJURY AND / OR TOW DUE TO CRASH,Y,,,"OVER $1,500",10/1/2019 20:10,FOLLOWING TOO CLOSELY,NOT APPLICABLE,2202,S,ARCHER AVE,914,,,,,,,2,NO INDICATION OF INJURY,0,0,0,0,0,2,0,20,3,10,41.85286946,-87.6350755,POINT (-87.635075500625 41.852869460034)
JC456358,,10/1/2019 20:00,30,NO CONTROLS,NO CONTROLS,UNKNOWN,DUSK,PARKED MOTOR VEHICLE,PARKING LOT,,STRAIGHT AND LEVEL,UNKNOWN,UNKNOWN,NOT ON SCENE (DESK REPORT),NO INJURY / DRIVE AWAY,,,,"$501 - $1,500",10/1/2019 21:00,UNABLE TO DETERMINE,UNABLE TO DETERMINE,7530,S,STONY ISLAND AVE,411,,,,,,,2,NO INDICATION OF INJURY,0,0,0,0,0,1,0,20,3,10,41.75780566,-87.58626826,POINT (-87.586268258019 41.757805658543)
JC457692,,10/1/2019 19:57,30,NO CONTROLS,NO CONTROLS,CLEAR,"DARKNESS, LIGHTED ROAD",PARKED MOTOR VEHICLE,NOT DIVIDED,,STRAIGHT AND LEVEL,DRY,NO DEFECTS,NOT ON SCENE (DESK REPORT),NO INJURY / DRIVE AWAY,,,Y,"$501 - $1,500",10/2/2019 19:30,FAILING TO YIELD RIGHT-OF-WAY,UNABLE TO DETERMINE,5837,S,LAFAYETTE AVE,232,,,,,,,2,NO INDICATION OF INJURY,0,0,0,0,0,1,0,19,3,10,41.78786174,-87.62646618,POINT (-87.626466178998 41.787861743204)
JC456368,,10/1/2019 19:55,30,NO CONTROLS,NO CONTROLS,CLEAR,"DARKNESS, LIGHTED ROAD",SIDESWIPE SAME DIRECTION,DIVIDED - W/MEDIAN (NOT RAISED),,STRAIGHT AND LEVEL,DRY,NO DEFECTS,NOT ON SCENE (DESK REPORT),NO INJURY / DRIVE AWAY,,,Y,$500 OR LESS,10/1/2019 21:10,IMPROPER OVERTAKING/PASSING,NOT APPLICABLE,803,N,AUSTIN BLVD,1511,,,,,,,2,NO INDICATION OF INJURY,0,0,0,0,0,2,0,19,3,10,41.89482793,-87.77498627,POINT (-87.774986267838 41.894827928658)
JC456410,,10/1/2019 19:45,30,TRAFFIC SIGNAL,FUNCTIONING PROPERLY,CLEAR,"DARKNESS, LIGHTED ROAD",TURNING,DIVIDED - W/MEDIAN (NOT RAISED),,STRAIGHT AND LEVEL,DRY,NO DEFECTS,ON SCENE,INJURY AND / OR TOW DUE TO CRASH,Y,,,"OVER $1,500",10/1/2019 21:40,FAILING TO YIELD RIGHT-OF-WAY,UNABLE TO DETERMINE,358,W,MADISON ST,122,,,,,,,2,NO INDICATION OF INJURY,0,0,0,0,0,3,0,19,3,10,41.88202425,-87.63695684,POINT (-87.636956842867 41.882024247383)
JC456355,,10/1/2019 19:45,35,NO CONTROLS,NO CONTROLS,CLEAR,"DARKNESS, LIGHTED ROAD",PARKED MOTOR VEHICLE,ONE-WAY,,STRAIGHT AND LEVEL,DRY,NO DEFECTS,ON SCENE,INJURY AND / OR TOW DUE TO CRASH,,,Y,"OVER $1,500",10/1/2019 20:53,UNABLE TO DETERMINE,UNABLE TO DETERMINE,8154,S,WOLCOTT AVE,614,,,,,,,2,NO INDICATION OF INJURY,0,0,0,0,0,1,0,19,3,10,41.74500102,-87.67072925,POINT (-87.670729244626 41.745001020403)
JC456279,,10/1/2019 19:40,30,STOP SIGN/FLASHER,FUNCTIONING PROPERLY,CLEAR,"DARKNESS, LIGHTED ROAD",REAR END,NOT DIVIDED,,STRAIGHT AND LEVEL,DRY,NO DEFECTS,ON SCENE,NO INJURY / DRIVE AWAY,,,,$500 OR LESS,10/1/2019 19:50,NOT APPLICABLE,NOT APPLICABLE,2398,W,LAWRENCE AVE,2031,,,,,,,3,NO INDICATION OF INJURY,0,0,0,0,0,4,0,19,3,10,41.96872478,-87.6888911,POINT (-87.688891097244 41.968724779964)
JC456275,,10/1/2019 19:40,30,TRAFFIC SIGNAL,FUNCTIONING PROPERLY,CLEAR,"DARKNESS, LIGHTED ROAD",REAR END,NOT DIVIDED,,STRAIGHT AND LEVEL,DRY,NO DEFECTS,NOT ON SCENE (DESK REPORT),INJURY AND / OR TOW DUE TO CRASH,,,,"OVER $1,500",10/1/2019 20:00,FOLLOWING TOO CLOSELY,UNABLE TO DETERMINE,7701,S,SOUTH CHICAGO AVE,411,,,,,,,2,"REPORTED, NOT EVIDENT",2,0,0,0,2,5,0,19,3,10,41.75472257,-87.5898441,POINT (-87.589844097642 41.754722569886)
JC456268,,10/1/2019 19:40,20,STOP SIGN/FLASHER,FUNCTIONING PROPERLY,CLEAR,"DARKNESS, LIGHTED ROAD",FIXED OBJECT,T-INTERSECTION,,STRAIGHT AND LEVEL,DRY,NO DEFECTS,ON SCENE,INJURY AND / OR TOW DUE TO CRASH,Y,Y,,"OVER $1,500",10/1/2019 19:51,DRIVING ON WRONG SIDE/WRONG WAY,NOT APPLICABLE,6300,N,KENMORE AVE,2433,,,,,,,1,NONINCAPACITATING INJURY,1,0,0,1,0,0,0,19,3,10,41.99649675,-87.65715879,POINT (-87.657158785337 41.996496752398)
JC459553,,10/1/2019 19:30,30,STOP SIGN/FLASHER,FUNCTIONING PROPERLY,CLEAR,"DARKNESS, LIGHTED ROAD",TURNING,NOT DIVIDED,,STRAIGHT AND LEVEL,DRY,NO DEFECTS,NOT ON SCENE (DESK REPORT),NO INJURY / DRIVE AWAY,Y,,,"OVER $1,500",10/4/2019 9:55,DISREGARDING STOP SIGN,FAILING TO YIELD RIGHT-OF-WAY,4100,N,AUSTIN AVE,1624,,,,,,,2,NO INDICATION OF INJURY,0,0,0,0,0,3,0,19,3,10,41.95496562,-87.7769877,POINT (-87.776987695723 41.954965616728)
JC457235,,10/1/2019 19:30,30,TRAFFIC SIGNAL,FUNCTIONING PROPERLY,UNKNOWN,"DARKNESS, LIGHTED ROAD",REAR END,OTHER,,STRAIGHT AND LEVEL,UNKNOWN,UNKNOWN,NOT ON SCENE (DESK REPORT),INJURY AND / OR TOW DUE TO CRASH,,,,"$501 - $1,500",10/2/2019 14:50,FOLLOWING TOO CLOSELY,NOT APPLICABLE,4201,S,WESTERN AVE,921,,,,,,,2,"REPORTED, NOT EVIDENT",1,0,0,0,1,1,0,19,3,10,41.81742258,-87.68452603,POINT (-87.68452602582 41.817422583975)
JC456273,,10/1/2019 19:30,30,NO CONTROLS,NO CONTROLS,CLEAR,"DARKNESS, LIGHTED ROAD",SIDESWIPE SAME DIRECTION,OTHER,,STRAIGHT AND LEVEL,DRY,NO DEFECTS,ON SCENE,NO INJURY / DRIVE AWAY,,,,"$501 - $1,500",10/1/2019 19:40,FAILING TO YIELD RIGHT-OF-WAY,RELATED TO BUS STOP,10358,S,HALSTED ST,2232,,,,,,,2,NO INDICATION OF INJURY,0,0,0,0,0,2,0,19,3,10,41.70518341,-87.64292711,POINT (-87.642927111504 41.70518341021)
JC456262,,10/1/2019 19:30,30,NO CONTROLS,NO CONTROLS,CLEAR,"DARKNESS, LIGHTED ROAD",REAR TO FRONT,NOT DIVIDED,,STRAIGHT AND LEVEL,DRY,UNKNOWN,NOT ON SCENE (DESK REPORT),NO INJURY / DRIVE AWAY,,,,$500 OR LESS,10/1/2019 19:30,IMPROPER BACKING,NOT APPLICABLE,2728,W,41ST ST,921,,N,,,,,2,NO INDICATION OF INJURY,0,0,0,0,0,3,0,19,3,10,41.81940568,-87.69354119,POINT (-87.69354119206 41.81940568261)
JC456249,,10/1/2019 19:27,30,NO CONTROLS,NO CONTROLS,CLEAR,"DARKNESS, LIGHTED ROAD",HEAD ON,NOT DIVIDED,,STRAIGHT AND LEVEL,DRY,NO DEFECTS,ON SCENE,INJURY AND / OR TOW DUE TO CRASH,,,,"OVER $1,500",10/1/2019 19:27,DRIVING ON WRONG SIDE/WRONG WAY,NOT APPLICABLE,4705,W,JACKSON BLVD,1131,,,,,,,2,NONINCAPACITATING INJURY,1,0,0,1,0,1,0,19,3,10,41.8767621,-87.74296984,POINT (-87.742969843249 41.876762100907)
JC456318,,10/1/2019 19:20,15,NO CONTROLS,NO CONTROLS,CLEAR,DARKNESS,PARKED MOTOR VEHICLE,OTHER,,STRAIGHT AND LEVEL,DRY,NO DEFECTS,ON SCENE,INJURY AND / OR TOW DUE TO CRASH,,,,"OVER $1,500",10/1/2019 19:30,UNABLE TO DETERMINE,NOT APPLICABLE,517,W,OHARE ST,1654,,,,,,,2,NO INDICATION OF INJURY,0,0,0,0,0,1,0,19,3,10,,,
JC456321,,10/1/2019 19:18,30,NO CONTROLS,NO CONTROLS,CLEAR,DUSK,SIDESWIPE SAME DIRECTION,NOT DIVIDED,,STRAIGHT AND LEVEL,DRY,NO DEFECTS,NOT ON SCENE (DESK REPORT),INJURY AND / OR TOW DUE TO CRASH,,,,"$501 - $1,500",10/1/2019 20:26,NOT APPLICABLE,NOT APPLICABLE,5900,S,CICERO AVE,813,,,,,,,2,NONINCAPACITATING INJURY,1,0,0,1,0,1,0,19,3,10,41.78564332,-87.74148578,POINT (-87.741485778405 41.785643323876)
JC456252,,10/1/2019 19:15,30,STOP SIGN/FLASHER,FUNCTIONING PROPERLY,CLEAR,"DARKNESS, LIGHTED ROAD",TURNING,NOT DIVIDED,,STRAIGHT AND LEVEL,DRY,NO DEFECTS,ON SCENE,NO INJURY / DRIVE AWAY,,,Y,"OVER $1,500",10/1/2019 19:18,DISREGARDING STOP SIGN,UNABLE TO DETERMINE,3100,N,LOCKWOOD AVE,2514,,,,,,,2,NO INDICATION OF INJURY,0,0,0,0,0,4,0,19,3,10,41.93688691,-87.75921054,POINT (-87.759210538421 41.936886913982)
JC456244,,10/1/2019 19:05,30,NO CONTROLS,NO CONTROLS,CLEAR,"DARKNESS, LIGHTED ROAD",SIDESWIPE SAME DIRECTION,NOT DIVIDED,,STRAIGHT AND LEVEL,DRY,NO DEFECTS,NOT ON SCENE (DESK REPORT),NO INJURY / DRIVE AWAY,,,,"$501 - $1,500",10/1/2019 19:39,UNABLE TO DETERMINE,UNABLE TO DETERMINE,658,N,LA SALLE DR,1832,,,,,,,2,NO INDICATION OF INJURY,0,0,0,0,0,2,0,19,3,10,41.8940496,-87.63280877,POINT (-87.632808773591 41.894049599624)
JC456263,,10/1/2019 19:00,30,NO CONTROLS,NO CONTROLS,CLEAR,DARKNESS,PARKED MOTOR VEHICLE,DIVIDED - W/MEDIAN (NOT RAISED),,STRAIGHT AND LEVEL,DRY,NO DEFECTS,ON SCENE,INJURY AND / OR TOW DUE TO CRASH,,,Y,"OVER $1,500",10/1/2019 19:16,UNABLE TO DETERMINE,NOT APPLICABLE,5618,W,IRVING PARK RD,1624,,,,,,,2,NO INDICATION OF INJURY,0,0,0,0,0,1,0,19,3,10,41.95328156,-87.76777296,POINT (-87.767772957017 41.953281558528)
JC456253,,10/1/2019 18:50,30,OTHER,OTHER,CLEAR,"DARKNESS, LIGHTED ROAD",PEDALCYCLIST,NOT DIVIDED,,STRAIGHT AND LEVEL,DRY,OTHER,NOT ON SCENE (DESK REPORT),INJURY AND / OR TOW DUE TO CRASH,,,Y,"OVER $1,500",10/1/2019 18:56,NOT APPLICABLE,NOT APPLICABLE,4527,W,IRVING PARK RD,1731,,,,,,,2,INCAPACITATING INJURY,1,0,1,0,0,1,0,18,3,10,41.95337467,-87.74162083,POINT (-87.741620830753 41.953374669656)
JC456190,,10/1/2019 18:48,30,TRAFFIC SIGNAL,FUNCTIONING PROPERLY,CLEAR,"DARKNESS, LIGHTED ROAD",ANGLE,FOUR WAY,,STRAIGHT AND LEVEL,DRY,NO DEFECTS,ON SCENE,NO INJURY / DRIVE AWAY,Y,,,"OVER $1,500",10/1/2019 18:49,FAILING TO REDUCE SPEED TO AVOID CRASH,UNABLE TO DETERMINE,6258,S,PULASKI RD,813,,,,,,,2,NO INDICATION OF INJURY,0,0,0,0,0,3,0,18,3,10,41.77870024,-87.72290801,POINT (-87.722908007567 41.778700240551)
JC457633,,10/1/2019 18:40,20,NO CONTROLS,NO CONTROLS,RAIN,DUSK,SIDESWIPE SAME DIRECTION,PARKING LOT,,STRAIGHT AND LEVEL,WET,NO DEFECTS,NOT ON SCENE (DESK REPORT),NO INJURY / DRIVE AWAY,,,,"$501 - $1,500",10/2/2019 19:00,UNABLE TO DETERMINE,UNABLE TO DETERMINE,3835,W,MADISON ST,1122,,,,,,,2,NO INDICATION OF INJURY,0,0,0,0,0,3,0,18,3,10,41.88065941,-87.72219367,POINT (-87.722193668857 41.880659411459)
JC456191,,10/1/2019 18:30,30,NO CONTROLS,NO CONTROLS,CLEAR,DAYLIGHT,PARKED MOTOR VEHICLE,ONE-WAY,,STRAIGHT AND LEVEL,DRY,NO DEFECTS,NOT ON SCENE (DESK REPORT),NO INJURY / DRIVE AWAY,,,Y,"OVER $1,500",10/1/2019 19:00,UNABLE TO DETERMINE,UNABLE TO DETERMINE,5744,S,ADA ST,713,,,,,,,2,NO INDICATION OF INJURY,0,0,0,0,0,1,0,18,3,10,41.78913902,-87.65853545,POINT (-87.658535444729 41.789139015991)
JC456175,,10/1/2019 18:30,30,STOP SIGN/FLASHER,FUNCTIONING PROPERLY,CLEAR,DUSK,ANGLE,FOUR WAY,,STRAIGHT AND LEVEL,DRY,NO DEFECTS,ON SCENE,INJURY AND / OR TOW DUE TO CRASH,Y,,,"OVER $1,500",10/1/2019 18:38,FAILING TO YIELD RIGHT-OF-WAY,NOT APPLICABLE,2301,W,ARMITAGE AVE,1434,,,,,,,2,NO INDICATION OF INJURY,0,0,0,0,0,2,0,18,3,10,41.91750316,-87.68505348,POINT (-87.685053482725 41.917503159796)
JC456256,,10/1/2019 18:25,30,STOP SIGN/FLASHER,FUNCTIONING PROPERLY,CLEAR,DUSK,REAR END,NOT DIVIDED,,STRAIGHT AND LEVEL,DRY,NO DEFECTS,NOT ON SCENE (DESK REPORT),NO INJURY / DRIVE AWAY,,,,"$501 - $1,500",10/1/2019 19:21,NOT APPLICABLE,NOT APPLICABLE,3332,W,59TH ST,822,,,,,,,2,NO INDICATION OF INJURY,0,0,0,0,0,4,0,18,3,10,41.7862985,-87.70708194,POINT (-87.707081938548 41.786298496573)
JC456216,,10/1/2019 18:15,40,TRAFFIC SIGNAL,FUNCTIONING PROPERLY,CLEAR,DAYLIGHT,ANGLE,DIVIDED - W/MEDIAN (NOT RAISED),,STRAIGHT AND LEVEL,DRY,NO DEFECTS,NOT ON SCENE (DESK REPORT),NO INJURY / DRIVE AWAY,,,,$500 OR LESS,10/1/2019 18:35,FAILING TO YIELD RIGHT-OF-WAY,"VISION OBSCURED (SIGNS, TREE LIMBS, BUILDINGS, ETC.)",1947,E,95TH ST,431,,,,,,,2,NO INDICATION OF INJURY,0,0,0,0,0,3,0,18,3,10,41.72235159,-87.57596048,POINT (-87.575960475838 41.722351588777)