RD_NO,CRASH_DATE_EST_I,CRASH_DATE,POSTED_SPEED_LIMIT,TRAFFIC_CONTROL_DEVICE,DEVICE_CONDITION,WEATHER_CONDITION,LIGHTING_CONDITION,FIRST_CRASH_TYPE,TRAFFICWAY_TYPE,LANE_CNT,ALIGNMENT,ROADWAY_SURFACE_COND,ROAD_DEFECT,REPORT_TYPE,CRASH_TYPE,INTERSECTION_RELATED_I,NOT_RIGHT_OF_WAY_I,HIT_AND_RUN_I,DAMAGE,DATE_POLICE_NOTIFIED,PRIM_CONTRIBUTORY_CAUSE,SEC_CONTRIBUTORY_CAUSE,STREET_NO,STREET_DIRECTION,STREET_NAME,BEAT_OF_OCCURRENCE,PHOTOS_TAKEN_I,STATEMENTS_TAKEN_I,DOORING_I,WORK_ZONE_I,WORK_ZONE_TYPE,WORKERS_PRESENT_I,NUM_UNITS,MOST_SEVERE_INJURY,INJURIES_TOTAL,INJURIES_FATAL,INJURIES_INCAPACITATING,INJURIES_NON_INCAPACITATING,INJURIES_REPORTED_NOT_EVIDENT,INJURIES_NO_INDICATION,INJURIES_UNKNOWN,CRASH_HOUR,CRASH_DAY_OF_WEEK,CRASH_MONTH,LATITUDE,LONGITUDE,LOCATION
JC456157,,10/1/2019 18:13,30,TRAFFIC SIGNAL,FUNCTIONING PROPERLY,CLEAR,DAYLIGHT,TURNING,ONE-WAY,,STRAIGHT AND LEVEL,DRY,NO DEFECTS,ON SCENE,INJURY AND / OR TOW DUE TO CRASH,,,,"OVER $1,500",10/1/2019 18:26,DISREGARDING TRAFFIC SIGNALS,FAILING TO REDUCE SPEED TO AVOID CRASH,3404,W,CONGRESS PKWY,1133,,N,,,,,8,NO INDICATION OF INJURY,0,0,0,0,0,2,0,18,3,10,41.87465005,-87.71106277,POINT (-87.71106276815 41.874650053108)
JC456226,,10/1/2019 18:12,30,NO CONTROLS,NO CONTROLS,CLEAR,DUSK,SIDESWIPE SAME DIRECTION,ONE-WAY,,STRAIGHT AND LEVEL,DRY,NO DEFECTS,NOT ON SCENE (DESK REPORT),NO INJURY / DRIVE AWAY,,,,"$501 - $1,500",10/1/2019 19:29,UNABLE TO DETERMINE,UNABLE TO DETERMINE,1900,W,WASHINGTON BLVD,1223,,,,,,,2,NO INDICATION OF INJURY,0,0,0,0,0,4,0,18,3,10,41.88329148,-87.67436359,POINT (-87.674363584528 41.88329148186)
JC456170,,10/1/2019 18:10,30,NO CONTROLS,NO CONTROLS,CLEAR,DAYLIGHT,SIDESWIPE SAME DIRECTION,NOT DIVIDED,,STRAIGHT AND LEVEL,DRY,UNKNOWN,NOT ON SCENE (DESK REPORT),NO INJURY / DRIVE AWAY,,,,"$501 - $1,500",10/1/2019 18:30,UNABLE TO DETERMINE,NOT APPLICABLE,5600,S,STONY ISLAND AVE,235,,,,,,,2,NO INDICATION OF INJURY,0,0,0,0,0,2,0,18,3,10,41.79329572,-87.58678834,POINT (-87.586788336813 41.793295722397)
JC456132,,10/1/2019 18:10,20,NO CONTROLS,NO CONTROLS,CLEAR,DAYLIGHT,PARKED MOTOR VEHICLE,PARKING LOT,,STRAIGHT AND LEVEL,DRY,NO DEFECTS,ON SCENE,NO INJURY / DRIVE AWAY,,Y,,"$501 - $1,500",10/1/2019 18:16,UNABLE TO DETERMINE,NOT APPLICABLE,1554,E,55TH ST,234,,,,,,,2,NO INDICATION OF INJURY,0,0,0,0,0,2,0,18,3,10,41.79529732,-87.58782256,POINT (-87.587822555467 41.79529731814)
JC456123,,10/1/2019 18:10,30,STOP SIGN/FLASHER,FUNCTIONING PROPERLY,CLEAR,DAYLIGHT,TURNING,FOUR WAY,,STRAIGHT AND LEVEL,DRY,NO DEFECTS,ON SCENE,NO INJURY / DRIVE AWAY,Y,,Y,"$501 - $1,500",10/1/2019 18:12,DISREGARDING STOP SIGN,NOT APPLICABLE,5800,S,LOOMIS BLVD,713,,,,,,,2,NO INDICATION OF INJURY,0,0,0,0,0,4,0,18,3,10,41.78859437,-87.65973679,POINT (-87.659736785973 41.788594365393)
JC456091,,10/1/2019 18:04,35,NO CONTROLS,NO CONTROLS,CLEAR,DAYLIGHT,PEDALCYCLIST,NOT DIVIDED,,STRAIGHT AND LEVEL,DRY,NO DEFECTS,ON SCENE,INJURY AND / OR TOW DUE TO CRASH,,,,$500 OR LESS,10/1/2019 18:04,UNABLE TO DETERMINE,UNABLE TO DETERMINE,2929,E,80TH ST,422,,,,,,,2,NONINCAPACITATING INJURY,1,0,0,1,0,1,0,18,3,10,41.74998406,-87.55292313,POINT (-87.55292312628 41.749984061723)
JC456372,,10/1/2019 18:00,30,TRAFFIC SIGNAL,FUNCTIONING PROPERLY,CLEAR,DAYLIGHT,ANGLE,ONE-WAY,,STRAIGHT AND LEVEL,DRY,NO DEFECTS,ON SCENE,INJURY AND / OR TOW DUE TO CRASH,Y,,,"OVER $1,500",10/1/2019 21:06,FAILING TO YIELD RIGHT-OF-WAY,DISREGARDING TRAFFIC SIGNALS,601,S,DESPLAINES ST,124,,,,,,,3,"REPORTED, NOT EVIDENT",1,0,0,0,1,2,0,18,3,10,41.87431397,-87.64373889,POINT (-87.643738893737 41.874313970403)
JC456254,,10/1/2019 17:50,30,NO CONTROLS,NO CONTROLS,CLEAR,DAYLIGHT,SIDESWIPE OPPOSITE DIRECTION,NOT DIVIDED,,STRAIGHT AND LEVEL,DRY,NO DEFECTS,NOT ON SCENE (DESK REPORT),NO INJURY / DRIVE AWAY,N,,Y,$500 OR LESS,10/1/2019 19:48,UNABLE TO DETERMINE,UNABLE TO DETERMINE,816,W,18TH ST,1235,,,,,,,2,NO INDICATION OF INJURY,0,0,0,0,0,2,0,17,3,10,41.85818843,-87.64740117,POINT (-87.647401169693 41.858188430972)
JC456210,,10/1/2019 17:45,30,TRAFFIC SIGNAL,FUNCTIONING PROPERLY,CLEAR,DAYLIGHT,REAR END,FOUR WAY,,STRAIGHT AND LEVEL,DRY,NO DEFECTS,ON SCENE,INJURY AND / OR TOW DUE TO CRASH,Y,,,$500 OR LESS,10/1/2019 18:37,FOLLOWING TOO CLOSELY,UNABLE TO DETERMINE,3001,W,DIVISION ST,1211,,,,,,,2,NONINCAPACITATING INJURY,1,0,0,1,0,2,0,17,3,10,41.90276997,-87.70183868,POINT (-87.701838675016 41.902769973859)
JC456093,,10/1/2019 17:40,25,NO CONTROLS,NO CONTROLS,CLEAR,DAYLIGHT,PARKED MOTOR VEHICLE,ONE-WAY,,STRAIGHT AND LEVEL,DRY,NO DEFECTS,ON SCENE,NO INJURY / DRIVE AWAY,,,Y,"$501 - $1,500",10/1/2019 17:51,DRIVING SKILLS/KNOWLEDGE/EXPERIENCE,UNABLE TO DETERMINE,4920,W,VAN BUREN ST,1533,,,,,,,2,NO INDICATION OF INJURY,0,0,0,0,0,1,0,17,3,10,41.87504752,-87.74809684,POINT (-87.748096836144 41.875047523213)
JC456116,,10/1/2019 17:36,30,TRAFFIC SIGNAL,FUNCTIONING PROPERLY,CLEAR,DAYLIGHT,REAR END,NOT DIVIDED,,STRAIGHT AND LEVEL,DRY,NO DEFECTS,NOT ON SCENE (DESK REPORT),NO INJURY / DRIVE AWAY,,,,"OVER $1,500",10/1/2019 17:50,FOLLOWING TOO CLOSELY,UNABLE TO DETERMINE,600,E,71ST ST,322,,,,,,,2,NO INDICATION OF INJURY,0,0,0,0,0,2,0,17,3,10,41.7659046,-87.61037109,POINT (-87.610371093416 41.765904595979)
JC456193,,10/1/2019 17:30,30,NO CONTROLS,NO CONTROLS,CLEAR,DAYLIGHT,PARKED MOTOR VEHICLE,ONE-WAY,,STRAIGHT AND LEVEL,DRY,NO DEFECTS,NOT ON SCENE (DESK REPORT),NO INJURY / DRIVE AWAY,,,,"OVER $1,500",10/1/2019 19:00,IMPROPER OVERTAKING/PASSING,NOT APPLICABLE,4122,S,ELLIS AVE,214,,,,,,,2,NO INDICATION OF INJURY,0,0,0,0,0,1,0,17,3,10,41.81927703,-87.60245204,POINT (-87.60245204222 41.819277028523)
JC456081,,10/1/2019 17:30,30,TRAFFIC SIGNAL,UNKNOWN,CLEAR,DAYLIGHT,SIDESWIPE SAME DIRECTION,NOT DIVIDED,,STRAIGHT AND LEVEL,DRY,NO DEFECTS,NOT ON SCENE (DESK REPORT),NO INJURY / DRIVE AWAY,,,Y,"$501 - $1,500",10/1/2019 18:03,IMPROPER LANE USAGE,NOT APPLICABLE,2,S,CICERO AVE,1533,,,,,,,2,NO INDICATION OF INJURY,0,0,0,0,0,2,0,17,3,10,41.88044506,-87.74542253,POINT (-87.745422526067 41.880445063162)
JC456264,,10/1/2019 17:26,30,TRAFFIC SIGNAL,FUNCTIONING PROPERLY,CLEAR,DAYLIGHT,TURNING,ONE-WAY,,STRAIGHT AND LEVEL,DRY,NO DEFECTS,ON SCENE,NO INJURY / DRIVE AWAY,Y,,,$500 OR LESS,10/1/2019 17:50,NOT APPLICABLE,NOT APPLICABLE,220,W,ADAMS ST,122,,,,,,,2,NO INDICATION OF INJURY,0,0,0,0,0,2,0,17,3,10,41.87948852,-87.63438662,POINT (-87.634386621557 41.87948851812)
JC456028,,10/1/2019 17:26,15,STOP SIGN/FLASHER,FUNCTIONING PROPERLY,CLEAR,DAYLIGHT,TURNING,NOT DIVIDED,,STRAIGHT AND LEVEL,DRY,NO DEFECTS,NOT ON SCENE (DESK REPORT),NO INJURY / DRIVE AWAY,,,,"$501 - $1,500",10/1/2019 17:38,UNABLE TO DETERMINE,NOT APPLICABLE,2400,N,NEW ENGLAND AVE,2512,Y,,,,,,2,NO INDICATION OF INJURY,0,0,0,0,0,3,0,17,3,10,41.92366799,-87.79782627,POINT (-87.797826274232 41.923667991062)
JC456053,,10/1/2019 17:21,30,TRAFFIC SIGNAL,FUNCTIONING PROPERLY,CLEAR,DAYLIGHT,REAR END,DIVIDED - W/MEDIAN (NOT RAISED),,STRAIGHT AND LEVEL,DRY,NO DEFECTS,ON SCENE,INJURY AND / OR TOW DUE TO CRASH,,,,"OVER $1,500",10/1/2019 17:23,FAILING TO REDUCE SPEED TO AVOID CRASH,DRIVING SKILLS/KNOWLEDGE/EXPERIENCE,6058,S,STATE ST,311,,,,,,,5,NONINCAPACITATING INJURY,1,0,0,1,0,4,0,17,3,10,41.78400082,-87.62557103,POINT (-87.625571031631 41.784000821548)
JC456043,,10/1/2019 17:20,30,STOP SIGN/FLASHER,FUNCTIONING PROPERLY,CLEAR,DAYLIGHT,PEDALCYCLIST,NOT DIVIDED,,STRAIGHT AND LEVEL,DRY,NO DEFECTS,ON SCENE,INJURY AND / OR TOW DUE TO CRASH,Y,,Y,$500 OR LESS,10/1/2019 17:25,FAILING TO REDUCE SPEED TO AVOID CRASH,DISREGARDING STOP SIGN,11001,S,EWING AVE,433,,,,,,,2,NONINCAPACITATING INJURY,1,0,0,1,0,1,0,17,3,10,41.69538301,-87.53513607,POINT (-87.535136066501 41.695383004809)
JC456126,,10/1/2019 17:16,30,NO CONTROLS,NO CONTROLS,CLEAR,DAYLIGHT,REAR END,ONE-WAY,,STRAIGHT AND LEVEL,DRY,NO DEFECTS,NOT ON SCENE (DESK REPORT),NO INJURY / DRIVE AWAY,,,,"OVER $1,500",10/1/2019 18:25,FOLLOWING TOO CLOSELY,NOT APPLICABLE,540,W,MADISON ST,121,,,,,,,2,NO INDICATION OF INJURY,0,0,0,0,0,2,0,17,3,10,41.88196645,-87.64127583,POINT (-87.641275825477 41.881966448756)
JC456051,,10/1/2019 17:16,35,TRAFFIC SIGNAL,FUNCTIONING PROPERLY,CLEAR,DAYLIGHT,ANGLE,DIVIDED - W/MEDIAN (NOT RAISED),,STRAIGHT AND LEVEL,DRY,NO DEFECTS,ON SCENE,INJURY AND / OR TOW DUE TO CRASH,,Y,,"OVER $1,500",10/1/2019 17:17,EQUIPMENT - VEHICLE CONDITION,UNABLE TO DETERMINE,1600,N,CICERO AVE,2533,,,,,,,3,NONINCAPACITATING INJURY,1,0,0,1,0,1,0,17,3,10,41.909672,-87.7462613,POINT (-87.74626130363 41.90967200151)
JC456120,,10/1/2019 17:15,30,TRAFFIC SIGNAL,FUNCTIONING PROPERLY,CLEAR,DAYLIGHT,SIDESWIPE SAME DIRECTION,NOT DIVIDED,,STRAIGHT AND LEVEL,DRY,NO DEFECTS,NOT ON SCENE (DESK REPORT),NO INJURY / DRIVE AWAY,,,Y,"OVER $1,500",10/1/2019 18:00,UNABLE TO DETERMINE,NOT APPLICABLE,399,S,KOSTNER AVE,1131,,,,,,,2,NO INDICATION OF INJURY,0,0,0,0,0,2,0,17,3,10,41.87519127,-87.73513828,POINT (-87.735138277004 41.875191265704)
JC456060,,10/1/2019 17:10,30,TRAFFIC SIGNAL,FUNCTIONING PROPERLY,CLEAR,DAYLIGHT,SIDESWIPE SAME DIRECTION,NOT DIVIDED,,STRAIGHT AND LEVEL,DRY,UNKNOWN,NOT ON SCENE (DESK REPORT),NO INJURY / DRIVE AWAY,Y,,,"OVER $1,500",10/1/2019 17:49,UNABLE TO DETERMINE,UNABLE TO DETERMINE,2900,S,LOOMIS ST,913,,,,,,,2,NO INDICATION OF INJURY,0,0,0,0,0,2,0,17,3,10,41.8416208,-87.6577075,POINT (-87.657707496226 41.841620799669)
JC456062,,10/1/2019 17:08,30,TRAFFIC SIGNAL,FUNCTIONING PROPERLY,CLEAR,DAYLIGHT,SIDESWIPE SAME DIRECTION,NOT DIVIDED,,STRAIGHT AND LEVEL,DRY,NO DEFECTS,NOT ON SCENE (DESK REPORT),NO INJURY / DRIVE AWAY,,,Y,"$501 - $1,500",10/1/2019 17:35,UNABLE TO DETERMINE,UNABLE TO DETERMINE,6441,W,IRVING PARK RD,1632,,,,,,,2,NO INDICATION OF INJURY,0,0,0,0,0,2,0,17,3,10,41.95278263,-87.78818215,POINT (-87.788182154289 41.952782629977)
JC456010,,10/1/2019 17:05,30,TRAFFIC SIGNAL,FUNCTIONING PROPERLY,CLEAR,DAYLIGHT,PEDALCYCLIST,NOT DIVIDED,,STRAIGHT AND LEVEL,DRY,NO DEFECTS,ON SCENE,NO INJURY / DRIVE AWAY,,,Y,$500 OR LESS,10/1/2019 17:05,FAILING TO REDUCE SPEED TO AVOID CRASH,NOT APPLICABLE,2759,W,HARRISON ST,1135,,,,,,,2,NO INDICATION OF INJURY,0,0,0,0,0,2,0,17,3,10,41.87368488,-87.6959782,POINT (-87.69597820405 41.873684876031)
JC456302,,10/1/2019 17:00,20,STOP SIGN/FLASHER,FUNCTIONING PROPERLY,CLEAR,DAYLIGHT,REAR END,NOT DIVIDED,,STRAIGHT AND LEVEL,DRY,NO DEFECTS,NOT ON SCENE (DESK REPORT),NO INJURY / DRIVE AWAY,,,,"$501 - $1,500",10/1/2019 20:25,UNABLE TO DETERMINE,NOT APPLICABLE,1833,S,KEDZIE AVE,1022,,,,,,,2,NO INDICATION OF INJURY,0,0,0,0,0,3,0,17,3,10,41.85676599,-87.70524832,POINT (-87.705248318009 41.856765990097)
JC456291,,10/1/2019 17:00,25,NO CONTROLS,NO CONTROLS,CLEAR,DAYLIGHT,SIDESWIPE SAME DIRECTION,NOT DIVIDED,,STRAIGHT AND LEVEL,DRY,NO DEFECTS,NOT ON SCENE (DESK REPORT),NO INJURY / DRIVE AWAY,,,,"OVER $1,500",10/1/2019 20:12,FOLLOWING TOO CLOSELY,FAILING TO REDUCE SPEED TO AVOID CRASH,5318,S,PRINCETON AVE,935,,,,,,,2,NO INDICATION OF INJURY,0,0,0,0,0,2,0,17,3,10,41.79758506,-87.63322554,POINT (-87.633225537635 41.797585056386)
JC456114,Y,10/1/2019 17:00,30,NO CONTROLS,NO CONTROLS,CLEAR,DAYLIGHT,PARKED MOTOR VEHICLE,ONE-WAY,,STRAIGHT AND LEVEL,DRY,NO DEFECTS,NOT ON SCENE (DESK REPORT),NO INJURY / DRIVE AWAY,,,Y,"OVER $1,500",10/1/2019 18:00,IMPROPER BACKING,UNABLE TO DETERMINE,6136,N,WASHTENAW AVE,2413,,,,,,,2,NO INDICATION OF INJURY,0,0,0,0,0,1,0,17,3,10,41.99330031,-87.6972046,POINT (-87.697204596437 41.993300310816)
JC456097,,10/1/2019 17:00,20,NO CONTROLS,NO CONTROLS,CLEAR,DAYLIGHT,ANGLE,ONE-WAY,,STRAIGHT AND LEVEL,DRY,NO DEFECTS,NOT ON SCENE (DESK REPORT),NO INJURY / DRIVE AWAY,,,,"$501 - $1,500",10/1/2019 18:00,IMPROPER LANE USAGE,IMPROPER LANE USAGE,6640,S,MAPLEWOOD AVE,832,,,,,,,2,NO INDICATION OF INJURY,0,0,0,0,0,2,0,17,3,10,41.7725171,-87.68727232,POINT (-87.687272322702 41.772517095848)
JC456019,,10/1/2019 17:00,30,NO CONTROLS,NO CONTROLS,CLEAR,DAYLIGHT,PARKED MOTOR VEHICLE,ONE-WAY,,STRAIGHT AND LEVEL,DRY,NO DEFECTS,ON SCENE,NO INJURY / DRIVE AWAY,,,,"$501 - $1,500",10/1/2019 17:00,DRIVING SKILLS/KNOWLEDGE/EXPERIENCE,UNABLE TO DETERMINE,4401,N,BERNARD ST,1723,,,,,,,2,NO INDICATION OF INJURY,0,0,0,0,0,1,0,17,3,10,41.96120734,-87.71421951,POINT (-87.714219512154 41.961207339005)
JC456009,Y,10/1/2019 17:00,30,NO CONTROLS,NO CONTROLS,CLEAR,DAYLIGHT,REAR END,NOT DIVIDED,,STRAIGHT AND LEVEL,DRY,NO DEFECTS,NOT ON SCENE (DESK REPORT),NO INJURY / DRIVE AWAY,,,,"OVER $1,500",10/1/2019 17:15,IMPROPER OVERTAKING/PASSING,NOT APPLICABLE,4035,W,LAWRENCE AVE,1722,,,,,,,2,NO INDICATION OF INJURY,0,0,0,0,0,2,0,17,3,10,41.96811591,-87.72947577,POINT (-87.729475771436 41.968115904737)
JC456025,,10/1/2019 16:55,30,NO CONTROLS,NO CONTROLS,CLEAR,DAYLIGHT,TURNING,NOT DIVIDED,,STRAIGHT AND LEVEL,DRY,NO DEFECTS,NOT ON SCENE (DESK REPORT),NO INJURY / DRIVE AWAY,,,,"$501 - $1,500",10/1/2019 17:20,FAILING TO YIELD RIGHT-OF-WAY,NOT APPLICABLE,10600,S,MACKINAW AVE,432,,,,,,,2,NO INDICATION OF INJURY,0,0,0,0,0,2,0,16,3,10,41.70266851,-87.54270847,POINT (-87.542708473968 41.702668513477)
JC455997,,10/1/2019 16:55,30,NO CONTROLS,NO CONTROLS,CLEAR,DAYLIGHT,PARKED MOTOR VEHICLE,NOT DIVIDED,,STRAIGHT AND LEVEL,DRY,NO DEFECTS,ON SCENE,NO INJURY / DRIVE AWAY,,,,"$501 - $1,500",10/1/2019 16:59,IMPROPER OVERTAKING/PASSING,NOT APPLICABLE,3903,W,FULLERTON AVE,2525,,,,,,,2,NO INDICATION OF INJURY,0,0,0,0,0,4,0,16,3,10,41.92440413,-87.72446511,POINT (-87.724465105641 41.924404131161)
JC457152,,10/1/2019 16:48,30,UNKNOWN,UNKNOWN,UNKNOWN,UNKNOWN,TURNING,PARKING LOT,,STRAIGHT AND LEVEL,UNKNOWN,UNKNOWN,NOT ON SCENE (DESK REPORT),NO INJURY / DRIVE AWAY,,,,"$501 - $1,500",10/2/2019 13:35,IMPROPER BACKING,UNABLE TO DETERMINE,799,W,76TH ST,621,,,,,,,2,NO INDICATION OF INJURY,0,0,0,0,0,2,0,16,3,10,41.75597686,-87.64417863,POINT (-87.644178626755 41.755976862816)
JC455973,,10/1/2019 16:47,30,STOP SIGN/FLASHER,FUNCTIONING PROPERLY,CLEAR,DAYLIGHT,PEDALCYCLIST,ONE-WAY,,STRAIGHT AND LEVEL,DRY,NO DEFECTS,ON SCENE,INJURY AND / OR TOW DUE TO CRASH,Y,,,$500 OR LESS,10/1/2019 16:49,FAILING TO YIELD RIGHT-OF-WAY,NOT APPLICABLE,9400,S,STATE ST,634,,,,,,,2,NONINCAPACITATING INJURY,1,0,0,1,0,2,0,16,3,10,41.72351456,-87.62392349,POINT (-87.623923494444 41.723514556229)
JC455986,,10/1/2019 16:46,30,NO CONTROLS,NO CONTROLS,CLEAR,DAYLIGHT,TURNING,NOT DIVIDED,,STRAIGHT AND LEVEL,DRY,NO DEFECTS,ON SCENE,INJURY AND / OR TOW DUE TO CRASH,,,,"OVER $1,500",10/1/2019 16:49,UNABLE TO DETERMINE,NOT APPLICABLE,123,N,TALMAN AVE,1222,,,,,,,2,NONINCAPACITATING INJURY,1,0,0,1,0,2,0,16,3,10,41.88364994,-87.69210278,POINT (-87.692102782397 41.883649936122)
JC456092,Y,10/1/2019 16:45,30,NO CONTROLS,NO CONTROLS,CLEAR,DAYLIGHT,PARKED MOTOR VEHICLE,NOT DIVIDED,,STRAIGHT AND LEVEL,DRY,NO DEFECTS,NOT ON SCENE (DESK REPORT),NO INJURY / DRIVE AWAY,,,Y,"$501 - $1,500",10/1/2019 18:05,UNABLE TO DETERMINE,UNABLE TO DETERMINE,1700,S,WENTWORTH ST,914,,,,,,,2,NO INDICATION OF INJURY,0,0,0,0,0,1,0,16,3,10,41.85819935,-87.63205601,POINT (-87.632056004781 41.858199347166)
JC456373,,10/1/2019 16:30,30,NO CONTROLS,NO CONTROLS,CLEAR,DAYLIGHT,REAR TO FRONT,NOT DIVIDED,,STRAIGHT AND LEVEL,DRY,NO DEFECTS,NOT ON SCENE (DESK REPORT),NO INJURY / DRIVE AWAY,,,,"OVER $1,500",10/1/2019 21:30,IMPROPER BACKING,UNABLE TO DETERMINE,42,E,JACKSON BLVD,113,,,,,,,2,NO INDICATION OF INJURY,0,0,0,0,0,3,0,16,3,10,41.87835376,-87.62616755,POINT (-87.62616755386 41.878353762649)
JC456041,,10/1/2019 16:30,30,STOP SIGN/FLASHER,FUNCTIONING PROPERLY,CLEAR,DAYLIGHT,ANGLE,NOT DIVIDED,,STRAIGHT AND LEVEL,DRY,UNKNOWN,NOT ON SCENE (DESK REPORT),NO INJURY / DRIVE AWAY,,,,"OVER $1,500",10/1/2019 16:45,UNABLE TO DETERMINE,NOT APPLICABLE,3800,W,MARQUETTE RD,833,,,,,,,2,NO INDICATION OF INJURY,0,0,0,0,0,2,0,16,3,10,41.77155776,-87.7177987,POINT (-87.717798696372 41.771557756749)
JC456036,,10/1/2019 16:30,30,NO CONTROLS,NO CONTROLS,CLEAR,DAYLIGHT,REAR END,DIVIDED - W/MEDIAN (NOT RAISED),,STRAIGHT AND LEVEL,DRY,NO DEFECTS,NOT ON SCENE (DESK REPORT),NO INJURY / DRIVE AWAY,,,,"OVER $1,500",10/1/2019 17:25,UNABLE TO DETERMINE,NOT APPLICABLE,10020,S,INDIANAPOLIS AVE,432,,,,,,,2,NO INDICATION OF INJURY,0,0,0,0,0,2,0,16,3,10,41.7132349,-87.53591976,POINT (-87.535919763496 41.713234901818)
JC456021,,10/1/2019 16:30,30,NO CONTROLS,NO CONTROLS,CLEAR,DAYLIGHT,TURNING,NOT DIVIDED,,STRAIGHT AND LEVEL,DRY,NO DEFECTS,ON SCENE,NO INJURY / DRIVE AWAY,,,Y,"$501 - $1,500",10/1/2019 17:12,DRIVING ON WRONG SIDE/WRONG WAY,DRIVING SKILLS/KNOWLEDGE/EXPERIENCE,2145,W,CHICAGO AVE,1221,,,,,,,2,NO INDICATION OF INJURY,0,0,0,0,0,2,0,16,3,10,41.89572889,-87.68129145,POINT (-87.681291449699 41.895728889342)
JC455993,,10/1/2019 16:30,30,NO CONTROLS,NO CONTROLS,CLEAR,DAYLIGHT,SIDESWIPE SAME DIRECTION,NOT DIVIDED,,STRAIGHT AND LEVEL,UNKNOWN,UNKNOWN,NOT ON SCENE (DESK REPORT),NO INJURY / DRIVE AWAY,,,,"$501 - $1,500",10/1/2019 16:55,FAILING TO YIELD RIGHT-OF-WAY,IMPROPER OVERTAKING/PASSING,3459,N,SOUTHPORT AVE,1924,,,,,,,2,NO INDICATION OF INJURY,0,0,0,0,0,2,0,16,3,10,41.9452002,-87.6638197,POINT (-87.663819703986 41.945200204497)
JC456040,,10/1/2019 16:25,30,NO CONTROLS,NO CONTROLS,CLEAR,DAYLIGHT,REAR END,NOT DIVIDED,,STRAIGHT AND LEVEL,DRY,NO DEFECTS,NOT ON SCENE (DESK REPORT),INJURY AND / OR TOW DUE TO CRASH,,,,"OVER $1,500",10/1/2019 17:27,NOT APPLICABLE,NOT APPLICABLE,7100,S,PULASKI RD,833,,,,,,,3,INCAPACITATING INJURY,3,0,1,2,0,4,0,16,3,10,41.76400775,-87.72249911,POINT (-87.722499107707 41.764007749308)
JC455978,,10/1/2019 16:24,35,STOP SIGN/FLASHER,FUNCTIONING PROPERLY,CLEAR,DAYLIGHT,ANGLE,FOUR WAY,,STRAIGHT AND LEVEL,DRY,NO DEFECTS,ON SCENE,INJURY AND / OR TOW DUE TO CRASH,Y,,,"OVER $1,500",10/1/2019 16:35,DRIVING SKILLS/KNOWLEDGE/EXPERIENCE,UNABLE TO DETERMINE,7600,S,PEORIA ST,621,,,,,,,2,NO INDICATION OF INJURY,0,0,0,0,0,2,0,16,3,10,41.75597358,-87.6467516,POINT (-87.646751597184 41.755973580067)
JC456017,,10/1/2019 16:20,30,TRAFFIC SIGNAL,FUNCTIONING PROPERLY,CLEAR,DAYLIGHT,REAR END,NOT DIVIDED,,STRAIGHT AND LEVEL,DRY,NO DEFECTS,NOT ON SCENE (DESK REPORT),NO INJURY / DRIVE AWAY,Y,,,"$501 - $1,500",10/1/2019 17:00,UNABLE TO DETERMINE,UNABLE TO DETERMINE,2901,N,SHERIDAN RD,1934,,,,,,,2,NO INDICATION OF INJURY,0,0,0,0,0,4,0,16,3,10,41.93441218,-87.63920072,POINT (-87.639200717346 41.934412182397)
JC455947,,10/1/2019 16:20,15,OTHER,FUNCTIONING PROPERLY,CLEAR,DAYLIGHT,PEDESTRIAN,ONE-WAY,,STRAIGHT AND LEVEL,DRY,NO DEFECTS,ON SCENE,INJURY AND / OR TOW DUE TO CRASH,,,,$500 OR LESS,10/1/2019 16:24,FAILING TO YIELD RIGHT-OF-WAY,NOT APPLICABLE,4642,N,FRANCISCO AVE,1713,,,,,,,2,NONINCAPACITATING INJURY,1,0,0,1,0,1,0,16,3,10,41.9659687,-87.70120492,POINT (-87.701204915854 41.965968695808)
JC544944,,10/1/2019 16:19,30,STOP SIGN/FLASHER,FUNCTIONING PROPERLY,CLEAR,DAYLIGHT,TURNING,NOT DIVIDED,,STRAIGHT AND LEVEL,DRY,NO DEFECTS,ON SCENE,INJURY AND / OR TOW DUE TO CRASH,Y,,,"OVER $1,500",10/1/2019 16:27,FAILING TO YIELD RIGHT-OF-WAY,DRIVING SKILLS/KNOWLEDGE/EXPERIENCE,5700,W,WASHINGTON BLVD,1512,,,,,,,2,NO INDICATION OF INJURY,0,0,0,0,0,4,0,16,3,10,41.88230104,-87.76827506,POINT (-87.768275060491 41.88230103745)
JC455983,,10/1/2019 16:15,15,NO CONTROLS,NO CONTROLS,CLEAR,DAYLIGHT,REAR TO REAR,PARKING LOT,,STRAIGHT AND LEVEL,DRY,NO DEFECTS,NOT ON SCENE (DESK REPORT),NO INJURY / DRIVE AWAY,,Y,,"$501 - $1,500",10/1/2019 17:05,NOT APPLICABLE,NOT APPLICABLE,4844,N,LINCOLN AVE,2031,,,,,,,2,NO INDICATION OF INJURY,0,0,0,0,0,2,0,16,3,10,41.96975372,-87.68940344,POINT (-87.689403436704 41.969753720574)