RD_NO,CRASH_DATE_EST_I,CRASH_DATE,POSTED_SPEED_LIMIT,TRAFFIC_CONTROL_DEVICE,DEVICE_CONDITION,WEATHER_CONDITION,LIGHTING_CONDITION,FIRST_CRASH_TYPE,TRAFFICWAY_TYPE,LANE_CNT,ALIGNMENT,ROADWAY_SURFACE_COND,ROAD_DEFECT,REPORT_TYPE,CRASH_TYPE,INTERSECTION_RELATED_I,NOT_RIGHT_OF_WAY_I,HIT_AND_RUN_I,DAMAGE,DATE_POLICE_NOTIFIED,PRIM_CONTRIBUTORY_CAUSE,SEC_CONTRIBUTORY_CAUSE,STREET_NO,STREET_DIRECTION,STREET_NAME,BEAT_OF_OCCURRENCE,PHOTOS_TAKEN_I,STATEMENTS_TAKEN_I,DOORING_I,WORK_ZONE_I,WORK_ZONE_TYPE,WORKERS_PRESENT_I,NUM_UNITS,MOST_SEVERE_INJURY,INJURIES_TOTAL,INJURIES_FATAL,INJURIES_INCAPACITATING,INJURIES_NON_INCAPACITATING,INJURIES_REPORTED_NOT_EVIDENT,INJURIES_NO_INDICATION,INJURIES_UNKNOWN,CRASH_HOUR,CRASH_DAY_OF_WEEK,CRASH_MONTH,LATITUDE,LONGITUDE,LOCATION
JC455988,,10/1/2019 16:10,30,TRAFFIC SIGNAL,UNKNOWN,UNKNOWN,DAYLIGHT,SIDESWIPE SAME DIRECTION,NOT DIVIDED,,STRAIGHT AND LEVEL,UNKNOWN,UNKNOWN,NOT ON SCENE (DESK REPORT),NO INJURY / DRIVE AWAY,,,,"OVER $1,500",10/1/2019 17:00,UNABLE TO DETERMINE,UNABLE TO DETERMINE,6355,N,CENTRAL AVE,1621,,,,,,,2,NO INDICATION OF INJURY,0,0,0,0,0,2,0,16,3,10,41.99716659,-87.76369461,POINT (-87.763694607162 41.997166584701)
JC455961,,10/1/2019 16:10,30,TRAFFIC SIGNAL,FUNCTIONING PROPERLY,CLEAR,DAYLIGHT,SIDESWIPE OPPOSITE DIRECTION,NOT DIVIDED,,STRAIGHT AND LEVEL,DRY,NO DEFECTS,ON SCENE,NO INJURY / DRIVE AWAY,Y,,,"OVER $1,500",10/1/2019 16:16,IMPROPER OVERTAKING/PASSING,NOT APPLICABLE,953,W,IRVING PARK RD,1923,,,,,,,2,NO INDICATION OF INJURY,0,0,0,0,0,2,0,16,3,10,41.95438385,-87.65419529,POINT (-87.65419529417 41.954383848186)
JC455911,,10/1/2019 16:10,30,NO CONTROLS,NO CONTROLS,CLEAR,DAYLIGHT,TURNING,PARKING LOT,,STRAIGHT AND LEVEL,DRY,NO DEFECTS,NOT ON SCENE (DESK REPORT),NO INJURY / DRIVE AWAY,,,,"OVER $1,500",10/1/2019 16:15,UNABLE TO DETERMINE,UNABLE TO DETERMINE,4429,N,PULASKI RD,1723,,,,,,,2,NO INDICATION OF INJURY,0,0,0,0,0,3,0,16,3,10,41.96179608,-87.72770186,POINT (-87.727701857048 41.961796078585)
JC456056,,10/1/2019 16:06,30,TRAFFIC SIGNAL,FUNCTIONING IMPROPERLY,CLEAR,DAYLIGHT,REAR END,NOT DIVIDED,,STRAIGHT AND LEVEL,DRY,UNKNOWN,NOT ON SCENE (DESK REPORT),NO INJURY / DRIVE AWAY,,,,$500 OR LESS,10/1/2019 17:35,FOLLOWING TOO CLOSELY,FAILING TO REDUCE SPEED TO AVOID CRASH,7100,S,WENTWORTH AVE,731,,,,,,,2,NO INDICATION OF INJURY,0,0,0,0,0,2,0,16,3,10,41.76534136,-87.62991458,POINT (-87.629914574932 41.7653413584)
JC455927,,10/1/2019 16:04,30,NO CONTROLS,NO CONTROLS,CLEAR,DAYLIGHT,REAR END,FOUR WAY,,STRAIGHT AND LEVEL,DRY,NO DEFECTS,ON SCENE,INJURY AND / OR TOW DUE TO CRASH,,,,"OVER $1,500",10/1/2019 16:05,UNABLE TO DETERMINE,UNABLE TO DETERMINE,4000,W,WASHINGTON BLVD,1114,,,,,,,2,NO INDICATION OF INJURY,0,0,0,0,0,5,0,16,3,10,41.8820619,-87.72580154,POINT (-87.725801544404 41.882061896152)
JC457331,,10/1/2019 16:00,30,NO CONTROLS,NO CONTROLS,RAIN,DAYLIGHT,PARKED MOTOR VEHICLE,NOT DIVIDED,,STRAIGHT AND LEVEL,WET,SHOULDER DEFECT,NOT ON SCENE (DESK REPORT),NO INJURY / DRIVE AWAY,,,Y,"OVER $1,500",10/2/2019 16:00,IMPROPER BACKING,NOT APPLICABLE,4000,N,ASHLAND AVE,1912,,,,,,,2,NO INDICATION OF INJURY,0,0,0,0,0,1,0,16,3,10,41.95437933,-87.66919912,POINT (-87.669199119804 41.954379326213)
JC456948,,10/1/2019 16:00,30,STOP SIGN/FLASHER,FUNCTIONING PROPERLY,CLEAR,DAYLIGHT,REAR TO FRONT,NOT DIVIDED,,STRAIGHT AND LEVEL,DRY,NO DEFECTS,NOT ON SCENE (DESK REPORT),NO INJURY / DRIVE AWAY,,,,"OVER $1,500",10/2/2019 12:15,UNABLE TO DETERMINE,UNABLE TO DETERMINE,7101,S,EXCHANGE AVE,334,,,,,,,2,NO INDICATION OF INJURY,0,0,0,0,0,2,0,16,3,10,41.76622187,-87.56628921,POINT (-87.566289206784 41.766221869852)
JC456144,,10/1/2019 16:00,30,NO CONTROLS,NO CONTROLS,CLEAR,DAYLIGHT,PARKED MOTOR VEHICLE,NOT DIVIDED,,STRAIGHT AND LEVEL,DRY,NO DEFECTS,NOT ON SCENE (DESK REPORT),NO INJURY / DRIVE AWAY,,,,"OVER $1,500",10/1/2019 18:30,UNABLE TO DETERMINE,NOT APPLICABLE,1432,W,21ST ST,1235,,,,,,,2,NO INDICATION OF INJURY,0,0,0,0,0,2,0,16,3,10,41.85433722,-87.66255877,POINT (-87.662558768123 41.854337215122)
JC456119,,10/1/2019 16:00,30,NO CONTROLS,NO CONTROLS,CLEAR,DAYLIGHT,SIDESWIPE SAME DIRECTION,DIVIDED - W/MEDIAN BARRIER,,STRAIGHT AND LEVEL,DRY,NO DEFECTS,ON SCENE,NO INJURY / DRIVE AWAY,,,,"OVER $1,500",10/1/2019 17:30,UNABLE TO DETERMINE,UNABLE TO DETERMINE,3740,W,79TH ST,833,,,,,,,2,NO INDICATION OF INJURY,0,0,0,0,0,2,0,16,3,10,41.74977645,-87.71579359,POINT (-87.715793586201 41.749776446531)
JC456045,,10/1/2019 16:00,30,NO CONTROLS,NO CONTROLS,CLEAR,DAYLIGHT,PARKED MOTOR VEHICLE,NOT DIVIDED,,STRAIGHT AND LEVEL,DRY,NO DEFECTS,NOT ON SCENE (DESK REPORT),NO INJURY / DRIVE AWAY,,,,"$501 - $1,500",10/1/2019 17:20,FOLLOWING TOO CLOSELY,FOLLOWING TOO CLOSELY,6340,S,SPRINGFIELD AVE,823,,,,,,,2,NO INDICATION OF INJURY,0,0,0,0,0,1,0,16,3,10,41.77745022,-87.720421,POINT (-87.72042100379 41.777450214566)
JC456003,,10/1/2019 16:00,30,NO CONTROLS,NO CONTROLS,CLEAR,DAYLIGHT,PARKED MOTOR VEHICLE,NOT DIVIDED,,STRAIGHT AND LEVEL,UNKNOWN,UNKNOWN,NOT ON SCENE (DESK REPORT),NO INJURY / DRIVE AWAY,,Y,Y,"OVER $1,500",10/1/2019 17:10,UNABLE TO DETERMINE,UNABLE TO DETERMINE,6025,N,CALIFORNIA AVE,2413,,,,,,,2,NO INDICATION OF INJURY,0,0,0,0,0,1,0,16,3,10,41.99118262,-87.69927605,POINT (-87.699276054236 41.991182620405)
JC455924,,10/1/2019 16:00,30,NO CONTROLS,NO CONTROLS,CLEAR,DAYLIGHT,ANGLE,ONE-WAY,,STRAIGHT AND LEVEL,DRY,NO DEFECTS,ON SCENE,NO INJURY / DRIVE AWAY,,,,"OVER $1,500",10/1/2019 16:06,"VISION OBSCURED (SIGNS, TREE LIMBS, BUILDINGS, ETC.)",NOT APPLICABLE,3640,N,MEADE AVE,1633,,,,,,,2,NO INDICATION OF INJURY,0,0,0,0,0,2,0,16,3,10,41.94698911,-87.7791352,POINT (-87.779135196319 41.946989109249)
JC455920,,10/1/2019 16:00,30,NO CONTROLS,NO CONTROLS,CLEAR,DAYLIGHT,PARKED MOTOR VEHICLE,PARKING LOT,,STRAIGHT AND LEVEL,DRY,NO DEFECTS,NOT ON SCENE (DESK REPORT),NO INJURY / DRIVE AWAY,,Y,,"$501 - $1,500",10/1/2019 16:24,NOT APPLICABLE,NOT APPLICABLE,4720,W,63RD ST,813,,,,,,,2,NO INDICATION OF INJURY,0,0,0,0,0,3,0,16,3,10,41.7785584,-87.74064393,POINT (-87.740643930601 41.778558395429)
JC455914,,10/1/2019 16:00,30,NO CONTROLS,NO CONTROLS,CLEAR,DAYLIGHT,PEDALCYCLIST,NOT DIVIDED,,STRAIGHT AND LEVEL,DRY,NO DEFECTS,ON SCENE,NO INJURY / DRIVE AWAY,,,,"$501 - $1,500",10/1/2019 16:08,"VISION OBSCURED (SIGNS, TREE LIMBS, BUILDINGS, ETC.)",UNABLE TO DETERMINE,6800,N,SHERIDAN RD,2431,,,Y,,,,2,NO INDICATION OF INJURY,0,0,0,0,0,3,0,16,3,10,42.00558687,-87.66107732,POINT (-87.6610773204 42.005586864851)
JC455940,,10/1/2019 15:57,30,NO CONTROLS,NO CONTROLS,CLEAR,DAYLIGHT,REAR END,DIVIDED - W/MEDIAN (NOT RAISED),,STRAIGHT AND LEVEL,DRY,NO DEFECTS,ON SCENE,INJURY AND / OR TOW DUE TO CRASH,Y,,,"OVER $1,500",10/1/2019 15:59,FOLLOWING TOO CLOSELY,UNABLE TO DETERMINE,4733,S,CALIFORNIA AVE,922,,,,,,,2,NONINCAPACITATING INJURY,1,0,0,1,0,1,0,15,3,10,41.80728882,-87.69402997,POINT (-87.694029970735 41.807288819079)
JC455932,,10/1/2019 15:50,30,NO CONTROLS,NO CONTROLS,CLEAR,DAYLIGHT,REAR END,DIVIDED - W/MEDIAN BARRIER,,STRAIGHT AND LEVEL,DRY,NO DEFECTS,ON SCENE,NO INJURY / DRIVE AWAY,,,,"OVER $1,500",10/1/2019 15:59,FAILING TO REDUCE SPEED TO AVOID CRASH,FOLLOWING TOO CLOSELY,3731,W,IRVING PARK RD,1732,,,,,,,3,NO INDICATION OF INJURY,0,0,0,0,0,7,0,15,3,10,41.95362829,-87.72154563,POINT (-87.721545627502 41.953628290103)
JC455962,,10/1/2019 15:40,30,STOP SIGN/FLASHER,FUNCTIONING PROPERLY,CLEAR,DAYLIGHT,TURNING,FOUR WAY,,STRAIGHT AND LEVEL,DRY,NO DEFECTS,ON SCENE,INJURY AND / OR TOW DUE TO CRASH,Y,,,"OVER $1,500",10/1/2019 15:45,FAILING TO YIELD RIGHT-OF-WAY,FAILING TO REDUCE SPEED TO AVOID CRASH,1132,W,GRAND AVE,1214,,,,,,,2,NO INDICATION OF INJURY,0,0,0,0,0,2,0,15,3,10,41.89120657,-87.65587219,POINT (-87.655872188348 41.891206570793)
JC456086,,10/1/2019 15:35,30,NO CONTROLS,NO CONTROLS,CLEAR,DAYLIGHT,TURNING,NOT DIVIDED,,STRAIGHT AND LEVEL,DRY,NO DEFECTS,NOT ON SCENE (DESK REPORT),NO INJURY / DRIVE AWAY,,,,$500 OR LESS,10/1/2019 17:56,NOT APPLICABLE,NOT APPLICABLE,4750,W,47TH ST,815,,,,,,,2,NO INDICATION OF INJURY,0,0,0,0,0,3,0,15,3,10,41.80775441,-87.74275707,POINT (-87.742757072291 41.807754412549)
JC455945,,10/1/2019 15:30,30,NO CONTROLS,NO CONTROLS,CLEAR,DAYLIGHT,TURNING,NOT DIVIDED,,STRAIGHT AND LEVEL,DRY,NO DEFECTS,ON SCENE,NO INJURY / DRIVE AWAY,,,Y,"$501 - $1,500",10/1/2019 15:35,IMPROPER TURNING/NO SIGNAL,UNABLE TO DETERMINE,5347,S,RACINE AVE,934,,,,,,,2,NO INDICATION OF INJURY,0,0,0,0,0,2,0,15,3,10,41.79642201,-87.65477623,POINT (-87.654776232509 41.796422010723)
JC455854,,10/1/2019 15:28,30,NO CONTROLS,FUNCTIONING PROPERLY,CLEAR,DAYLIGHT,TURNING,NOT DIVIDED,,STRAIGHT AND LEVEL,DRY,NO DEFECTS,ON SCENE,INJURY AND / OR TOW DUE TO CRASH,,,,"OVER $1,500",10/1/2019 15:30,FAILING TO YIELD RIGHT-OF-WAY,NOT APPLICABLE,5501,W,ADDISON ST,1633,,,,,,,2,NO INDICATION OF INJURY,0,0,0,0,0,2,0,15,3,10,41.94579753,-87.76435673,POINT (-87.764356729376 41.945797526089)
JC455867,,10/1/2019 15:15,30,NO CONTROLS,NO CONTROLS,CLEAR,DAYLIGHT,SIDESWIPE SAME DIRECTION,NOT DIVIDED,,STRAIGHT AND LEVEL,DRY,NO DEFECTS,NOT ON SCENE (DESK REPORT),NO INJURY / DRIVE AWAY,,,,$500 OR LESS,10/1/2019 15:47,UNABLE TO DETERMINE,UNABLE TO DETERMINE,142,W,35TH ST,915,,,,,,,2,NO INDICATION OF INJURY,0,0,0,0,0,2,0,15,3,10,41.83106201,-87.63073935,POINT (-87.630739346453 41.831062009276)
JC455847,,10/1/2019 15:14,30,NO CONTROLS,NO CONTROLS,CLEAR,DAYLIGHT,PARKED MOTOR VEHICLE,NOT DIVIDED,,STRAIGHT AND LEVEL,DRY,NO DEFECTS,ON SCENE,NO INJURY / DRIVE AWAY,,,Y,"OVER $1,500",10/1/2019 15:14,UNABLE TO DETERMINE,UNABLE TO DETERMINE,6042,W,WABANSIA AVE,2513,,,,,,,2,NO INDICATION OF INJURY,0,0,0,0,0,1,0,15,3,10,41.91117088,-87.77702895,POINT (-87.777028949766 41.911170883322)
JC455929,,10/1/2019 15:12,30,TRAFFIC SIGNAL,FUNCTIONING PROPERLY,CLEAR,DAYLIGHT,SIDESWIPE SAME DIRECTION,FOUR WAY,,STRAIGHT AND LEVEL,DRY,NO DEFECTS,ON SCENE,INJURY AND / OR TOW DUE TO CRASH,Y,,,"$501 - $1,500",10/1/2019 15:13,UNABLE TO DETERMINE,NOT APPLICABLE,301,W,GARFIELD BLVD,711,,,,,,,2,NO INDICATION OF INJURY,0,0,0,0,0,2,0,15,3,10,41.79405248,-87.63304648,POINT (-87.633046478883 41.794052474989)
JC455841,,10/1/2019 15:12,30,UNKNOWN,NO CONTROLS,CLEAR,DAYLIGHT,SIDESWIPE SAME DIRECTION,ONE-WAY,,STRAIGHT AND LEVEL,DRY,NO DEFECTS,ON SCENE,INJURY AND / OR TOW DUE TO CRASH,,,,"OVER $1,500",10/1/2019 15:12,FAILING TO YIELD RIGHT-OF-WAY,FAILING TO REDUCE SPEED TO AVOID CRASH,4653,S,INDIANA AVE,215,,,,,,,3,NONINCAPACITATING INJURY,2,0,0,2,0,1,0,15,3,10,41.80957316,-87.62107384,POINT (-87.6210738433 41.809573155791)
JC456048,,10/1/2019 15:10,35,STOP SIGN/FLASHER,FUNCTIONING PROPERLY,CLEAR,DAYLIGHT,ANGLE,ONE-WAY,,STRAIGHT AND LEVEL,DRY,NO DEFECTS,NOT ON SCENE (DESK REPORT),NO INJURY / DRIVE AWAY,,,Y,"$501 - $1,500",10/1/2019 17:30,UNABLE TO DETERMINE,UNABLE TO DETERMINE,5556,W,WALTON ST,1524,,,,,,,2,NO INDICATION OF INJURY,0,0,0,0,0,2,0,15,3,10,41.8976946,-87.76542513,POINT (-87.76542513139 41.897694599419)
JC456204,,10/1/2019 15:05,30,NO CONTROLS,NO CONTROLS,CLEAR,DAYLIGHT,REAR END,NOT DIVIDED,,STRAIGHT AND LEVEL,DRY,NO DEFECTS,NOT ON SCENE (DESK REPORT),NO INJURY / DRIVE AWAY,,,,"$501 - $1,500",10/1/2019 18:49,NOT APPLICABLE,NOT APPLICABLE,4501,S,WESTERN BLVD,924,,,,,,,3,NO INDICATION OF INJURY,0,0,0,0,0,3,0,15,3,10,41.81204257,-87.68381611,POINT (-87.683816105325 41.812042573925)
JC455845,,10/1/2019 15:05,30,STOP SIGN/FLASHER,FUNCTIONING PROPERLY,CLEAR,DAYLIGHT,ANGLE,DIVIDED - W/MEDIAN (NOT RAISED),,STRAIGHT AND LEVEL,DRY,NO DEFECTS,ON SCENE,INJURY AND / OR TOW DUE TO CRASH,Y,,,"$501 - $1,500",10/1/2019 15:10,FAILING TO YIELD RIGHT-OF-WAY,UNABLE TO DETERMINE,731,E,79TH ST,624,,,,,,,2,NONINCAPACITATING INJURY,2,0,0,2,0,1,0,15,3,10,41.75115187,-87.60650441,POINT (-87.606504408678 41.751151873787)
JC455891,,10/1/2019 15:04,30,NO CONTROLS,NO CONTROLS,CLEAR,DAYLIGHT,REAR END,NOT DIVIDED,,STRAIGHT AND LEVEL,DRY,NO DEFECTS,NOT ON SCENE (DESK REPORT),NO INJURY / DRIVE AWAY,,,,"$501 - $1,500",10/1/2019 15:58,NOT APPLICABLE,NOT APPLICABLE,3930,W,87TH ST,834,,,,,,,2,NO INDICATION OF INJURY,0,0,0,0,0,3,0,15,3,10,41.73498867,-87.72022982,POINT (-87.720229815441 41.734988673602)
JC456804,,10/1/2019 15:00,30,NO CONTROLS,NO CONTROLS,CLEAR,DAYLIGHT,PARKED MOTOR VEHICLE,PARKING LOT,,STRAIGHT AND LEVEL,DRY,NO DEFECTS,NOT ON SCENE (DESK REPORT),NO INJURY / DRIVE AWAY,,,Y,"OVER $1,500",10/1/2019 15:00,UNABLE TO DETERMINE,UNABLE TO DETERMINE,300,S,HALSTED ST,1232,,,,,,,2,NO INDICATION OF INJURY,0,0,0,0,0,1,0,15,3,10,41.87791475,-87.64738828,POINT (-87.647388281435 41.877914752179)
JC456066,,10/1/2019 15:00,30,TRAFFIC SIGNAL,FUNCTIONING PROPERLY,CLEAR,DAYLIGHT,REAR END,NOT DIVIDED,,STRAIGHT AND LEVEL,DRY,NO DEFECTS,NOT ON SCENE (DESK REPORT),NO INJURY / DRIVE AWAY,,,,"OVER $1,500",10/1/2019 17:30,UNABLE TO DETERMINE,NOT APPLICABLE,1902,W,TAYLOR ST,1231,,,,,,,2,NO INDICATION OF INJURY,0,0,0,0,0,2,0,15,3,10,41.86926344,-87.67388669,POINT (-87.673886692429 41.869263437582)
JC455834,,10/1/2019 14:55,30,NO CONTROLS,NO CONTROLS,CLEAR,DAYLIGHT,SIDESWIPE SAME DIRECTION,ONE-WAY,,STRAIGHT AND LEVEL,DRY,NO DEFECTS,ON SCENE,NO INJURY / DRIVE AWAY,,,,"OVER $1,500",10/1/2019 15:03,DRIVING SKILLS/KNOWLEDGE/EXPERIENCE,IMPROPER LANE USAGE,1521,W,FRY ST,1213,,,,,,,2,NO INDICATION OF INJURY,0,0,0,0,0,2,0,14,3,10,41.89683933,-87.66578513,POINT (-87.665785128165 41.896839324534)
JC455822,,10/1/2019 14:55,30,TRAFFIC SIGNAL,FUNCTIONING PROPERLY,CLEAR,DAYLIGHT,PEDESTRIAN,NOT DIVIDED,,STRAIGHT AND LEVEL,DRY,NO DEFECTS,ON SCENE,INJURY AND / OR TOW DUE TO CRASH,Y,,,"$501 - $1,500",10/1/2019 15:20,FAILING TO YIELD RIGHT-OF-WAY,NOT APPLICABLE,44,E,HARRISON ST,123,,,,,,,2,NONINCAPACITATING INJURY,1,0,0,1,0,1,0,14,3,10,41.87451002,-87.62639174,POINT (-87.626391741943 41.874510020609)
JC455823,,10/1/2019 14:52,30,NO CONTROLS,NO CONTROLS,CLEAR,DAYLIGHT,SIDESWIPE SAME DIRECTION,OTHER,,STRAIGHT AND LEVEL,DRY,NO DEFECTS,ON SCENE,INJURY AND / OR TOW DUE TO CRASH,,,,"OVER $1,500",10/1/2019 14:52,IMPROPER OVERTAKING/PASSING,UNABLE TO DETERMINE,4758,S,MICHIGAN AVE,224,,,,,,,2,"REPORTED, NOT EVIDENT",1,0,0,0,1,2,0,14,3,10,41.8075551,-87.62293593,POINT (-87.622935927222 41.807555098327)
JC455873,,10/1/2019 14:50,30,TRAFFIC SIGNAL,FUNCTIONING PROPERLY,CLEAR,DAYLIGHT,TURNING,FOUR WAY,,STRAIGHT AND LEVEL,DRY,UNKNOWN,NOT ON SCENE (DESK REPORT),NO INJURY / DRIVE AWAY,,,,"OVER $1,500",10/1/2019 15:32,UNABLE TO DETERMINE,DRIVING SKILLS/KNOWLEDGE/EXPERIENCE,2199,S,PULASKI RD,1014,,,,,,,2,NO INDICATION OF INJURY,0,0,0,0,0,2,0,14,3,10,41.85160068,-87.72461323,POINT (-87.724613229899 41.851600679123)
JC456018,,10/1/2019 14:45,30,TRAFFIC SIGNAL,FUNCTIONING PROPERLY,CLEAR,DAYLIGHT,REAR END,DIVIDED - W/MEDIAN (NOT RAISED),,STRAIGHT AND LEVEL,DRY,NO DEFECTS,NOT ON SCENE (DESK REPORT),NO INJURY / DRIVE AWAY,Y,,,"$501 - $1,500",10/1/2019 17:00,UNABLE TO DETERMINE,NOT APPLICABLE,4720,W,JACKSON BLVD,1113,,,,,,,2,NO INDICATION OF INJURY,0,0,0,0,0,2,0,14,3,10,41.87697491,-87.74358303,POINT (-87.743583026532 41.876974909828)
JC455842,,10/1/2019 14:45,30,NO CONTROLS,NO CONTROLS,CLOUDY/OVERCAST,DAYLIGHT,REAR END,DIVIDED - W/MEDIAN (NOT RAISED),,STRAIGHT AND LEVEL,DRY,NO DEFECTS,NOT ON SCENE (DESK REPORT),NO INJURY / DRIVE AWAY,,,Y,"OVER $1,500",10/1/2019 15:15,FOLLOWING TOO CLOSELY,NOT APPLICABLE,2117,N,CICERO AVE,2522,,,,,,,2,NO INDICATION OF INJURY,0,0,0,0,0,2,0,14,3,10,41.91927439,-87.74603449,POINT (-87.746034486093 41.919274392546)
JC455819,,10/1/2019 14:45,30,NO CONTROLS,NO CONTROLS,CLEAR,DAYLIGHT,TURNING,NOT DIVIDED,,STRAIGHT AND LEVEL,UNKNOWN,UNKNOWN,,NO INJURY / DRIVE AWAY,,,,"$501 - $1,500",10/1/2019 15:05,IMPROPER TURNING/NO SIGNAL,IMPROPER OVERTAKING/PASSING,3150,N,SHERIDAN RD,1934,,,,,,,2,NO INDICATION OF INJURY,0,0,0,0,0,2,0,14,3,10,41.93922164,-87.63966499,POINT (-87.639664987503 41.939221635022)
JC457275,,10/1/2019 14:40,30,DELINEATORS,NO CONTROLS,CLEAR,DAYLIGHT,ANGLE,DIVIDED - W/MEDIAN (NOT RAISED),,STRAIGHT AND LEVEL,DRY,NO DEFECTS,,NO INJURY / DRIVE AWAY,,,,"OVER $1,500",10/2/2019 15:20,FAILING TO YIELD RIGHT-OF-WAY,UNABLE TO DETERMINE,211,N,POST PL,122,,,,,,,2,NO INDICATION OF INJURY,0,0,0,0,0,2,0,14,3,10,41.88603314,-87.6346218,POINT (-87.634621803428 41.886033134915)
JC455955,,10/1/2019 14:40,35,TRAFFIC SIGNAL,FUNCTIONING PROPERLY,CLEAR,DAYLIGHT,PEDESTRIAN,NOT DIVIDED,,STRAIGHT AND LEVEL,DRY,NO DEFECTS,ON SCENE,INJURY AND / OR TOW DUE TO CRASH,,,,"OVER $1,500",10/1/2019 14:42,UNABLE TO DETERMINE,UNABLE TO DETERMINE,7340,S,WESTERN AVE,835,,,,,,,2,NONINCAPACITATING INJURY,1,0,0,1,0,1,0,14,3,10,41.75982955,-87.68326594,POINT (-87.683265934668 41.759829553318)
JC455848,,10/1/2019 14:34,30,TRAFFIC SIGNAL,FUNCTIONING PROPERLY,CLEAR,DAYLIGHT,TURNING,NOT DIVIDED,,STRAIGHT AND LEVEL,DRY,NO DEFECTS,NOT ON SCENE (DESK REPORT),NO INJURY / DRIVE AWAY,Y,,,"OVER $1,500",10/1/2019 15:15,IMPROPER TURNING/NO SIGNAL,UNABLE TO DETERMINE,5932,S,COTTAGE GROVE AVE,233,,,,,,,2,NO INDICATION OF INJURY,0,0,0,0,0,3,0,14,3,10,41.78680005,-87.60619897,POINT (-87.606198972477 41.78680004834)
JC455813,,10/1/2019 14:33,25,STOP SIGN/FLASHER,FUNCTIONING PROPERLY,CLEAR,DAYLIGHT,ANGLE,CENTER TURN LANE,,STRAIGHT AND LEVEL,DRY,NO DEFECTS,ON SCENE,INJURY AND / OR TOW DUE TO CRASH,Y,,,"OVER $1,500",10/1/2019 14:33,DISREGARDING STOP SIGN,FAILING TO YIELD RIGHT-OF-WAY,5600,S,RUTHERFORD AVE,811,,,,,,,2,NO INDICATION OF INJURY,0,0,0,0,0,2,0,14,3,10,41.79027526,-87.79042916,POINT (-87.790429159125 41.790275263016)
JC455812,,10/1/2019 14:33,30,NO CONTROLS,NO CONTROLS,CLEAR,DAYLIGHT,REAR END,DIVIDED - W/MEDIAN (NOT RAISED),,STRAIGHT AND LEVEL,DRY,NO DEFECTS,ON SCENE,NO INJURY / DRIVE AWAY,,,,"OVER $1,500",10/1/2019 14:51,NOT APPLICABLE,NOT APPLICABLE,624,W,FULTON ST,1214,,,,,,,2,NO INDICATION OF INJURY,0,0,0,0,0,6,0,14,3,10,41.88691587,-87.64393967,POINT (-87.643939664856 41.886915873631)
JC457105,,10/1/2019 14:30,30,NO CONTROLS,NO CONTROLS,CLEAR,DAWN,REAR TO FRONT,PARKING LOT,,STRAIGHT AND LEVEL,DRY,NO DEFECTS,NOT ON SCENE (DESK REPORT),NO INJURY / DRIVE AWAY,,Y,,"OVER $1,500",10/2/2019 13:10,DISTRACTION - FROM INSIDE VEHICLE,UNABLE TO DETERMINE,4700,S,LAKE PARK AVE,222,,,,,,,2,NO INDICATION OF INJURY,0,0,0,0,0,2,0,14,3,10,41.80953478,-87.59245022,POINT (-87.592450223394 41.809534780826)
JC456865,,10/1/2019 14:30,30,STOP SIGN/FLASHER,FUNCTIONING PROPERLY,CLEAR,DAYLIGHT,REAR END,NOT DIVIDED,,STRAIGHT AND LEVEL,DRY,NO DEFECTS,NOT ON SCENE (DESK REPORT),NO INJURY / DRIVE AWAY,,,Y,"$501 - $1,500",10/2/2019 10:15,UNABLE TO DETERMINE,UNABLE TO DETERMINE,1400,W,PRATT BLVD,2431,,,,,,,2,NO INDICATION OF INJURY,0,0,0,0,0,2,0,14,3,10,42.00556521,-87.66593027,POINT (-87.665930269237 42.005565211733)
JC455783,,10/1/2019 14:30,30,TRAFFIC SIGNAL,FUNCTIONING PROPERLY,CLEAR,DAYLIGHT,TURNING,ONE-WAY,,STRAIGHT AND LEVEL,DRY,NO DEFECTS,ON SCENE,NO INJURY / DRIVE AWAY,,,,"$501 - $1,500",10/1/2019 15:00,IMPROPER TURNING/NO SIGNAL,NOT APPLICABLE,142,W,ILLINOIS ST,1831,,,,,,,2,NO INDICATION OF INJURY,0,0,0,0,0,2,0,14,3,10,41.89091051,-87.63272569,POINT (-87.632725691383 41.890910505095)
JC455805,,10/1/2019 14:29,30,NO CONTROLS,NO CONTROLS,CLEAR,DAYLIGHT,PARKED MOTOR VEHICLE,PARKING LOT,,STRAIGHT AND LEVEL,DRY,NO DEFECTS,NOT ON SCENE (DESK REPORT),NO INJURY / DRIVE AWAY,,,,"OVER $1,500",10/1/2019 15:10,UNABLE TO DETERMINE,NOT APPLICABLE,1440,N,HUMBOLDT DR,1423,,,,,,,2,NO INDICATION OF INJURY,0,0,0,0,0,1,0,14,3,10,41.90773973,-87.70141191,POINT (-87.701411911119 41.907739733306)