RD_NO,CRASH_DATE_EST_I,CRASH_DATE,POSTED_SPEED_LIMIT,TRAFFIC_CONTROL_DEVICE,DEVICE_CONDITION,WEATHER_CONDITION,LIGHTING_CONDITION,FIRST_CRASH_TYPE,TRAFFICWAY_TYPE,LANE_CNT,ALIGNMENT,ROADWAY_SURFACE_COND,ROAD_DEFECT,REPORT_TYPE,CRASH_TYPE,INTERSECTION_RELATED_I,NOT_RIGHT_OF_WAY_I,HIT_AND_RUN_I,DAMAGE,DATE_POLICE_NOTIFIED,PRIM_CONTRIBUTORY_CAUSE,SEC_CONTRIBUTORY_CAUSE,STREET_NO,STREET_DIRECTION,STREET_NAME,BEAT_OF_OCCURRENCE,PHOTOS_TAKEN_I,STATEMENTS_TAKEN_I,DOORING_I,WORK_ZONE_I,WORK_ZONE_TYPE,WORKERS_PRESENT_I,NUM_UNITS,MOST_SEVERE_INJURY,INJURIES_TOTAL,INJURIES_FATAL,INJURIES_INCAPACITATING,INJURIES_NON_INCAPACITATING,INJURIES_REPORTED_NOT_EVIDENT,INJURIES_NO_INDICATION,INJURIES_UNKNOWN,CRASH_HOUR,CRASH_DAY_OF_WEEK,CRASH_MONTH,LATITUDE,LONGITUDE,LOCATION
JC455782,,10/1/2019 14:20,35,TRAFFIC SIGNAL,NO CONTROLS,CLEAR,DAYLIGHT,SIDESWIPE SAME DIRECTION,FOUR WAY,,STRAIGHT AND LEVEL,DRY,NO DEFECTS,ON SCENE,NO INJURY / DRIVE AWAY,Y,,,"$501 - $1,500",10/1/2019 14:27,UNABLE TO DETERMINE,UNABLE TO DETERMINE,9500,S,STONY ISLAND AVE,511,,,,,,,2,NO INDICATION OF INJURY,0,0,0,0,0,2,0,14,3,10,41.72225727,-87.58527557,POINT (-87.585275565077 41.722257273006)
JC455781,,10/1/2019 14:20,10,NO CONTROLS,NO CONTROLS,CLEAR,DAYLIGHT,ANGLE,PARKING LOT,,STRAIGHT AND LEVEL,DRY,NO DEFECTS,NOT ON SCENE (DESK REPORT),NO INJURY / DRIVE AWAY,,,,"OVER $1,500",10/1/2019 14:45,IMPROPER BACKING,UNABLE TO DETERMINE,6104,S,COTTAGE GROVE AVE,313,,,,,,,2,NO INDICATION OF INJURY,0,0,0,0,0,2,0,14,3,10,41.7838511,-87.60615102,POINT (-87.606151022075 41.783851097453)
JC455909,,10/1/2019 14:15,30,NO CONTROLS,NO CONTROLS,CLEAR,DAYLIGHT,PARKED MOTOR VEHICLE,NOT DIVIDED,,STRAIGHT AND LEVEL,DRY,NO DEFECTS,NOT ON SCENE (DESK REPORT),NO INJURY / DRIVE AWAY,,,,"OVER $1,500",10/1/2019 16:20,UNABLE TO DETERMINE,NOT APPLICABLE,105,E,47TH ST,224,,,,,,,2,NO INDICATION OF INJURY,0,0,0,0,0,2,0,14,3,10,41.80918129,-87.62256913,POINT (-87.622569133922 41.809181293691)
JC455809,,10/1/2019 14:15,30,TRAFFIC SIGNAL,FUNCTIONING PROPERLY,CLEAR,DAYLIGHT,REAR END,DIVIDED - W/MEDIAN (NOT RAISED),,STRAIGHT AND LEVEL,DRY,UNKNOWN,NOT ON SCENE (DESK REPORT),NO INJURY / DRIVE AWAY,,,,$500 OR LESS,10/1/2019 15:00,FOLLOWING TOO CLOSELY,UNABLE TO DETERMINE,1603,W,87TH ST,2221,,,,,,,2,NO INDICATION OF INJURY,0,0,0,0,0,2,0,14,3,10,41.73567795,-87.66320092,POINT (-87.663200924024 41.735677946807)
JC455774,,10/1/2019 14:10,30,TRAFFIC SIGNAL,FUNCTIONING PROPERLY,CLEAR,DAYLIGHT,TURNING,NOT DIVIDED,,STRAIGHT AND LEVEL,DRY,NO DEFECTS,ON SCENE,INJURY AND / OR TOW DUE TO CRASH,Y,,,"OVER $1,500",10/1/2019 14:25,UNABLE TO DETERMINE,UNABLE TO DETERMINE,3500,S,WESTERN BLVD,911,,,,,,,2,NONINCAPACITATING INJURY,1,0,0,1,0,2,0,14,3,10,41.83023678,-87.68460476,POINT (-87.684604757265 41.830236775648)
JC456339,,10/1/2019 14:00,30,TRAFFIC SIGNAL,FUNCTIONING PROPERLY,CLEAR,DAYLIGHT,REAR END,NOT DIVIDED,,STRAIGHT AND LEVEL,DRY,NO DEFECTS,NOT ON SCENE (DESK REPORT),INJURY AND / OR TOW DUE TO CRASH,,,,"OVER $1,500",10/1/2019 20:30,FOLLOWING TOO CLOSELY,FOLLOWING TOO CLOSELY,6900,S,LOOMIS BLVD,734,,,,,,,2,INCAPACITATING INJURY,1,0,1,0,0,1,0,14,3,10,41.76852874,-87.65920953,POINT (-87.65920953384 41.768528738834)
JC456192,Y,10/1/2019 14:00,30,NO CONTROLS,NO CONTROLS,CLEAR,DAYLIGHT,PARKED MOTOR VEHICLE,NOT DIVIDED,,STRAIGHT AND LEVEL,DRY,NO DEFECTS,NOT ON SCENE (DESK REPORT),NO INJURY / DRIVE AWAY,,,Y,"OVER $1,500",10/1/2019 19:05,UNABLE TO DETERMINE,NOT APPLICABLE,420,S,PULASKI RD,1132,,,,,,,2,NO INDICATION OF INJURY,0,0,0,0,0,1,0,14,3,10,41.87453731,-87.7255969,POINT (-87.725596901652 41.874537312209)
JC455880,,10/1/2019 14:00,30,NO CONTROLS,NO CONTROLS,CLEAR,DAYLIGHT,SIDESWIPE SAME DIRECTION,DIVIDED - W/MEDIAN BARRIER,,STRAIGHT AND LEVEL,DRY,NO DEFECTS,NOT ON SCENE (DESK REPORT),NO INJURY / DRIVE AWAY,,,,"OVER $1,500",10/1/2019 15:45,IMPROPER LANE USAGE,FAILING TO REDUCE SPEED TO AVOID CRASH,729,N,MICHIGAN AVE,1833,,,,,,,2,NO INDICATION OF INJURY,0,0,0,0,0,3,0,14,3,10,41.89570177,-87.6241234,POINT (-87.624123396592 41.895701773443)
JC455818,,10/1/2019 14:00,30,OTHER,OTHER,CLEAR,DAYLIGHT,REAR END,NOT DIVIDED,,STRAIGHT AND LEVEL,DRY,NO DEFECTS,ON SCENE,INJURY AND / OR TOW DUE TO CRASH,Y,,,"OVER $1,500",10/1/2019 14:40,NOT APPLICABLE,NOT APPLICABLE,4000,W,FOSTER AVE,1712,,,,,,,3,NO INDICATION OF INJURY,0,0,0,0,0,3,0,14,3,10,41.97564062,-87.72833547,POINT (-87.728335469266 41.975640616232)
JC455756,,10/1/2019 14:00,30,NO CONTROLS,NO CONTROLS,CLEAR,DAYLIGHT,TURNING,NOT DIVIDED,,STRAIGHT AND LEVEL,DRY,NO DEFECTS,NOT ON SCENE (DESK REPORT),NO INJURY / DRIVE AWAY,,,,"$501 - $1,500",10/1/2019 14:28,NOT APPLICABLE,NOT APPLICABLE,8500,S,PULASKI RD,834,,,,,,,2,NO INDICATION OF INJURY,0,0,0,0,0,2,0,14,3,10,41.7384684,-87.72170401,POINT (-87.721704009921 41.738468404342)
JC455832,,10/1/2019 13:55,30,NO CONTROLS,NO CONTROLS,CLEAR,DAYLIGHT,ANGLE,NOT DIVIDED,,STRAIGHT AND LEVEL,DRY,"RUT, HOLES",ON SCENE,NO INJURY / DRIVE AWAY,,,,"OVER $1,500",10/1/2019 14:39,FAILING TO YIELD RIGHT-OF-WAY,NOT APPLICABLE,1346,S,CLINTON ST,124,,,,Y,UNKNOWN,,2,NO INDICATION OF INJURY,0,0,0,0,0,3,0,13,3,10,41.86431314,-87.64077263,POINT (-87.640772628589 41.864313141118)
JC455753,,10/1/2019 13:54,30,TRAFFIC SIGNAL,FUNCTIONING PROPERLY,CLEAR,DAYLIGHT,TURNING,NOT DIVIDED,,STRAIGHT AND LEVEL,DRY,NO DEFECTS,ON SCENE,INJURY AND / OR TOW DUE TO CRASH,Y,,,"OVER $1,500",10/1/2019 13:56,FAILING TO YIELD RIGHT-OF-WAY,UNABLE TO DETERMINE,1500,N,LAKE SHORE DR,1824,,,,,,,2,INCAPACITATING INJURY,1,0,1,0,0,1,0,13,3,10,41.90959743,-87.62631221,POINT (-87.626312214236 41.909597430399)
JC455729,,10/1/2019 13:45,30,NO CONTROLS,NO CONTROLS,CLEAR,DAYLIGHT,SIDESWIPE SAME DIRECTION,DIVIDED - W/MEDIAN (NOT RAISED),,STRAIGHT AND LEVEL,DRY,NO DEFECTS,NOT ON SCENE (DESK REPORT),NO INJURY / DRIVE AWAY,,,Y,"$501 - $1,500",10/1/2019 14:12,IMPROPER OVERTAKING/PASSING,NOT APPLICABLE,500,W,MADISON ST,121,,,,,,,2,NO INDICATION OF INJURY,0,0,0,0,0,2,0,13,3,10,41.88199434,-87.63975869,POINT (-87.639758684881 41.881994338205)
JC455709,,10/1/2019 13:45,0,NO CONTROLS,NO CONTROLS,CLEAR,DAYLIGHT,REAR TO SIDE,PARKING LOT,,STRAIGHT AND LEVEL,DRY,NO DEFECTS,ON SCENE,NO INJURY / DRIVE AWAY,,Y,,$500 OR LESS,10/1/2019 13:50,UNABLE TO DETERMINE,NOT APPLICABLE,6411,N,ARTESIAN AVE,2412,,,,,,,2,NO INDICATION OF INJURY,0,0,0,0,0,2,0,13,3,10,41.99808408,-87.69096754,POINT (-87.690967537869 41.998084082359)
JC456939,,10/1/2019 13:37,30,TRAFFIC SIGNAL,FUNCTIONING PROPERLY,CLEAR,DAYLIGHT,REAR END,DIVIDED - W/MEDIAN (NOT RAISED),,STRAIGHT AND LEVEL,DRY,NO DEFECTS,NOT ON SCENE (DESK REPORT),NO INJURY / DRIVE AWAY,,,Y,"OVER $1,500",10/2/2019 11:17,FOLLOWING TOO CLOSELY,FAILING TO REDUCE SPEED TO AVOID CRASH,5060,N,ELSTON AVE,1623,,,,,,,2,NO INDICATION OF INJURY,0,0,0,0,0,4,0,13,3,10,41.97283549,-87.74806928,POINT (-87.748069278274 41.972835492642)
JC456442,,10/1/2019 13:30,30,NO CONTROLS,NO CONTROLS,CLEAR,DARKNESS,PARKED MOTOR VEHICLE,ALLEY,,STRAIGHT AND LEVEL,DRY,NO DEFECTS,ON SCENE,NO INJURY / DRIVE AWAY,,,Y,"OVER $1,500",10/1/2019 22:17,NOT APPLICABLE,NOT APPLICABLE,1471,E,69TH ST,332,,,,,,,3,NO INDICATION OF INJURY,0,0,0,0,0,1,0,13,3,10,41.76956527,-87.58837157,POINT (-87.588371566454 41.769565269372)
JC455797,,10/1/2019 13:30,35,NO CONTROLS,NO CONTROLS,CLEAR,DAYLIGHT,PARKED MOTOR VEHICLE,PARKING LOT,,STRAIGHT AND LEVEL,DRY,NO DEFECTS,NOT ON SCENE (DESK REPORT),NO INJURY / DRIVE AWAY,,,,"$501 - $1,500",10/1/2019 15:00,UNABLE TO DETERMINE,UNABLE TO DETERMINE,3152,S,CALIFORNIA AVE,1033,,,,,,,2,NO INDICATION OF INJURY,0,0,0,0,0,1,0,13,3,10,41.83514681,-87.69511176,POINT (-87.695111763208 41.835146810007)
JC455736,,10/1/2019 13:30,30,NO CONTROLS,NO CONTROLS,CLEAR,DAYLIGHT,REAR END,DIVIDED - W/MEDIAN (NOT RAISED),,STRAIGHT AND LEVEL,DRY,NO DEFECTS,NOT ON SCENE (DESK REPORT),NO INJURY / DRIVE AWAY,,,,"OVER $1,500",10/1/2019 14:17,FOLLOWING TOO CLOSELY,FOLLOWING TOO CLOSELY,1997,W,PETERSON AVE,2012,,,,,,,2,NO INDICATION OF INJURY,0,0,0,0,0,2,0,13,3,10,41.99056673,-87.67975418,POINT (-87.679754175596 41.990566731263)
JC455724,,10/1/2019 13:30,15,OTHER,FUNCTIONING PROPERLY,CLEAR,DAYLIGHT,OTHER OBJECT,ONE-WAY,,STRAIGHT AND LEVEL,OTHER,OTHER,ON SCENE,NO INJURY / DRIVE AWAY,,,,"OVER $1,500",10/1/2019 13:46,DISREGARDING TRAFFIC SIGNALS,NOT APPLICABLE,2920,W,FLETCHER ST,1411,,,,Y,CONSTRUCTION,Y,1,NO INDICATION OF INJURY,0,0,0,0,0,1,0,13,3,10,41.93857492,-87.70110084,POINT (-87.701100843486 41.9385749213)
JC455711,,10/1/2019 13:30,20,STOP SIGN/FLASHER,FUNCTIONING PROPERLY,CLEAR,DAYLIGHT,ANGLE,FOUR WAY,,STRAIGHT AND LEVEL,DRY,NO DEFECTS,ON SCENE,INJURY AND / OR TOW DUE TO CRASH,,,,"OVER $1,500",10/1/2019 13:35,DISREGARDING STOP SIGN,DISREGARDING STOP SIGN,2099,N,SHEFFIELD AVE,1812,,,,,,,2,"REPORTED, NOT EVIDENT",1,0,0,0,1,1,0,13,3,10,41.91983504,-87.65327771,POINT (-87.653277712384 41.919835037694)
JC455915,,10/1/2019 13:26,30,NO CONTROLS,NO CONTROLS,CLEAR,DAYLIGHT,REAR END,NOT DIVIDED,,STRAIGHT AND LEVEL,DRY,NO DEFECTS,ON SCENE,NO INJURY / DRIVE AWAY,,,,"OVER $1,500",10/1/2019 13:30,FAILING TO REDUCE SPEED TO AVOID CRASH,NOT APPLICABLE,1551,W,FULLERTON AVE,1811,,,,,,,2,NO INDICATION OF INJURY,0,0,0,0,0,3,0,13,3,10,41.92504647,-87.66778798,POINT (-87.667787978306 41.925046474254)
JC455925,,10/1/2019 13:25,30,STOP SIGN/FLASHER,FUNCTIONING PROPERLY,CLEAR,DAYLIGHT,ANGLE,FOUR WAY,,STRAIGHT AND LEVEL,DRY,NO DEFECTS,NOT ON SCENE (DESK REPORT),NO INJURY / DRIVE AWAY,Y,,,"OVER $1,500",10/1/2019 13:30,FAILING TO YIELD RIGHT-OF-WAY,NOT APPLICABLE,3901,W,107TH ST,2211,,,,,,,2,NO INDICATION OF INJURY,0,0,0,0,0,2,0,13,3,10,41.69849835,-87.71824028,POINT (-87.718240283382 41.698498347718)
JC455721,,10/1/2019 13:15,30,STOP SIGN/FLASHER,NO CONTROLS,CLEAR,DAYLIGHT,ANGLE,NOT DIVIDED,,STRAIGHT AND LEVEL,DRY,NO DEFECTS,NOT ON SCENE (DESK REPORT),NO INJURY / DRIVE AWAY,Y,,,"OVER $1,500",10/1/2019 14:15,UNABLE TO DETERMINE,NOT APPLICABLE,160,S,KOSTNER AVE,1113,,,,,,,2,NO INDICATION OF INJURY,0,0,0,0,0,2,0,13,3,10,41.87790227,-87.73552872,POINT (-87.735528723272 41.877902269874)
JC455710,,10/1/2019 13:15,20,NO CONTROLS,NO CONTROLS,CLEAR,DAYLIGHT,PARKED MOTOR VEHICLE,ONE-WAY,,STRAIGHT AND LEVEL,DRY,NO DEFECTS,NOT ON SCENE (DESK REPORT),NO INJURY / DRIVE AWAY,,,Y,"$501 - $1,500",10/1/2019 13:59,UNABLE TO DETERMINE,UNABLE TO DETERMINE,1215,W,ARTHUR AVE,2432,,,,,,,2,NO INDICATION OF INJURY,0,0,0,0,0,1,0,13,3,10,42.00032144,-87.66140728,POINT (-87.661407279249 42.000321439963)
JC455713,,10/1/2019 13:10,30,TRAFFIC SIGNAL,FUNCTIONING PROPERLY,CLEAR,DAYLIGHT,REAR END,DIVIDED - W/MEDIAN (NOT RAISED),,STRAIGHT AND LEVEL,DRY,UNKNOWN,NOT ON SCENE (DESK REPORT),NO INJURY / DRIVE AWAY,,,,"OVER $1,500",10/1/2019 13:54,UNABLE TO DETERMINE,FOLLOWING TOO CLOSELY,1832,W,GRAND AVE,1221,,,,,,,2,NO INDICATION OF INJURY,0,0,0,0,0,2,0,13,3,10,41.89099199,-87.67336044,POINT (-87.673360440143 41.890991993323)
JC455674,,10/1/2019 13:10,30,NO CONTROLS,NO CONTROLS,CLEAR,DAYLIGHT,TURNING,NOT DIVIDED,,STRAIGHT AND LEVEL,DRY,NO DEFECTS,NOT ON SCENE (DESK REPORT),NO INJURY / DRIVE AWAY,,,Y,"$501 - $1,500",10/1/2019 13:37,IMPROPER TURNING/NO SIGNAL,NOT APPLICABLE,5607,W,CORCORAN PL,1512,,,,,,,2,NO INDICATION OF INJURY,0,0,0,0,0,2,0,13,3,10,41.88710618,-87.76543552,POINT (-87.765435521211 41.887106177539)
JC459591,,10/1/2019 13:00,20,NO CONTROLS,UNKNOWN,UNKNOWN,UNKNOWN,PARKED MOTOR VEHICLE,PARKING LOT,,STRAIGHT AND LEVEL,DRY,SHOULDER DEFECT,NOT ON SCENE (DESK REPORT),NO INJURY / DRIVE AWAY,,Y,,"OVER $1,500",10/4/2019 9:15,UNABLE TO DETERMINE,NOT APPLICABLE,10255,W,ZEMKE RD,1654,,,,,,,2,NO INDICATION OF INJURY,0,0,0,0,0,1,0,13,3,10,41.99479339,-87.88270766,POINT (-87.882707659516 41.994793386112)
JC456198,,10/1/2019 13:00,30,TRAFFIC SIGNAL,FUNCTIONING PROPERLY,CLEAR,DAYLIGHT,OTHER OBJECT,NOT DIVIDED,,STRAIGHT AND LEVEL,DRY,NO DEFECTS,NOT ON SCENE (DESK REPORT),NO INJURY / DRIVE AWAY,Y,,,"OVER $1,500",10/1/2019 19:15,UNABLE TO DETERMINE,UNABLE TO DETERMINE,629,W,LAKE ST,121,,,,,,,1,NO INDICATION OF INJURY,0,0,0,0,0,1,0,13,3,10,41.88558837,-87.64407985,POINT (-87.644079849959 41.885588370109)
JC455699,,10/1/2019 13:00,35,STOP SIGN/FLASHER,FUNCTIONING PROPERLY,CLEAR,DAYLIGHT,ANGLE,DIVIDED - W/MEDIAN (NOT RAISED),,STRAIGHT AND LEVEL,DRY,NO DEFECTS,ON SCENE,INJURY AND / OR TOW DUE TO CRASH,Y,,,"OVER $1,500",10/1/2019 13:10,FAILING TO YIELD RIGHT-OF-WAY,NOT APPLICABLE,1200,W,111TH ST,2234,,,,,,,2,NO INDICATION OF INJURY,0,0,0,0,0,2,0,13,3,10,41.69234713,-87.65223234,POINT (-87.652232335145 41.692347125764)
JC455628,,10/1/2019 12:47,30,TRAFFIC SIGNAL,FUNCTIONING PROPERLY,CLEAR,DAYLIGHT,REAR END,NOT DIVIDED,,STRAIGHT AND LEVEL,DRY,NO DEFECTS,ON SCENE,NO INJURY / DRIVE AWAY,Y,,,"$501 - $1,500",10/1/2019 12:47,FAILING TO REDUCE SPEED TO AVOID CRASH,CELL PHONE USE OTHER THAN TEXTING,7102,S,JEFFERY BLVD,333,,,,,,,2,NO INDICATION OF INJURY,0,0,0,0,0,2,0,12,3,10,41.7659741,-87.57644169,POINT (-87.57644168577 41.765974097973)
JC456050,,10/1/2019 12:45,30,NO CONTROLS,NO CONTROLS,CLEAR,DAYLIGHT,FIXED OBJECT,PARKING LOT,,STRAIGHT AND LEVEL,DRY,NO DEFECTS,ON SCENE,NO INJURY / DRIVE AWAY,,N,Y,"OVER $1,500",10/1/2019 17:05,DRIVING SKILLS/KNOWLEDGE/EXPERIENCE,UNABLE TO DETERMINE,6430,S,CICERO AVE,813,,,,,,,1,NO INDICATION OF INJURY,0,0,0,0,0,1,0,12,3,10,41.77566337,-87.74232781,POINT (-87.742327811139 41.775663367554)
JC455732,,10/1/2019 12:42,10,NO CONTROLS,NO CONTROLS,CLEAR,DAYLIGHT,PARKED MOTOR VEHICLE,PARKING LOT,,STRAIGHT AND LEVEL,DRY,NO DEFECTS,NOT ON SCENE (DESK REPORT),NO INJURY / DRIVE AWAY,,,,"OVER $1,500",10/1/2019 14:08,IMPROPER TURNING/NO SIGNAL,NOT APPLICABLE,650,W,63RD ST,711,,,,,,,2,NO INDICATION OF INJURY,0,0,0,0,0,1,0,12,3,10,41.77990486,-87.64185815,POINT (-87.641858145754 41.779904856232)
JC455624,,10/1/2019 12:27,30,NO CONTROLS,NO CONTROLS,CLEAR,DAYLIGHT,REAR END,NOT DIVIDED,,STRAIGHT AND LEVEL,DRY,NO DEFECTS,ON SCENE,INJURY AND / OR TOW DUE TO CRASH,,,,"$501 - $1,500",10/1/2019 12:37,FAILING TO REDUCE SPEED TO AVOID CRASH,NOT APPLICABLE,2954,N,PULASKI RD,2523,,,,,,,2,"REPORTED, NOT EVIDENT",1,0,0,0,1,1,0,12,3,10,41.93522056,-87.7272213,POINT (-87.727221298083 41.935220561756)
JC455680,,10/1/2019 12:20,30,NO CONTROLS,NO CONTROLS,CLEAR,DAYLIGHT,PARKED MOTOR VEHICLE,DIVIDED - W/MEDIAN (NOT RAISED),,STRAIGHT AND LEVEL,DRY,NO DEFECTS,ON SCENE,NO INJURY / DRIVE AWAY,,,Y,"$501 - $1,500",10/1/2019 12:33,UNABLE TO DETERMINE,UNABLE TO DETERMINE,6220,S,DAMEN AVE,714,,,,,,,2,NO INDICATION OF INJURY,0,0,0,0,0,1,0,12,3,10,41.78049484,-87.67407893,POINT (-87.674078929113 41.780494838817)
JC455617,,10/1/2019 12:20,30,NO CONTROLS,NO CONTROLS,CLEAR,DAYLIGHT,REAR END,NOT DIVIDED,,STRAIGHT AND LEVEL,DRY,NO DEFECTS,NOT ON SCENE (DESK REPORT),NO INJURY / DRIVE AWAY,,,,"OVER $1,500",10/1/2019 12:35,FOLLOWING TOO CLOSELY,NOT APPLICABLE,5934,W,ROOSEVELT RD,1513,,,,,,,2,NO INDICATION OF INJURY,0,0,0,0,0,2,0,12,3,10,41.86558629,-87.77304763,POINT (-87.773047627454 41.865586292617)
JC455602,,10/1/2019 12:12,30,TRAFFIC SIGNAL,FUNCTIONING PROPERLY,CLEAR,DAYLIGHT,TURNING,DIVIDED - W/MEDIAN (NOT RAISED),,STRAIGHT AND LEVEL,DRY,NO DEFECTS,ON SCENE,NO INJURY / DRIVE AWAY,,,,"OVER $1,500",10/1/2019 12:19,IMPROPER TURNING/NO SIGNAL,UNABLE TO DETERMINE,1398,E,47TH ST,222,,,,,,,2,NO INDICATION OF INJURY,0,0,0,0,0,3,0,12,3,10,41.80979511,-87.59256603,POINT (-87.592566027232 41.809795111509)
JC455610,,10/1/2019 12:10,30,UNKNOWN,UNKNOWN,CLEAR,DAYLIGHT,REAR END,NOT DIVIDED,,STRAIGHT AND LEVEL,UNKNOWN,UNKNOWN,NOT ON SCENE (DESK REPORT),NO INJURY / DRIVE AWAY,,,,"OVER $1,500",10/1/2019 12:40,UNABLE TO DETERMINE,NOT APPLICABLE,2854,E,106TH ST,431,,,,,,,2,NO INDICATION OF INJURY,0,0,0,0,0,2,0,12,3,10,41.70287606,-87.55395697,POINT (-87.553956966441 41.70287605541)
JC456298,Y,10/1/2019 12:00,30,NO CONTROLS,NO CONTROLS,UNKNOWN,UNKNOWN,PARKED MOTOR VEHICLE,DIVIDED - W/MEDIAN (NOT RAISED),,STRAIGHT AND LEVEL,DRY,NO DEFECTS,NOT ON SCENE (DESK REPORT),NO INJURY / DRIVE AWAY,,,Y,"$501 - $1,500",10/1/2019 20:15,IMPROPER LANE USAGE,NOT APPLICABLE,3820,W,BELMONT AVE,1732,,,,,,,2,NO INDICATION OF INJURY,0,0,0,0,0,1,0,12,3,10,41.9392533,-87.72320599,POINT (-87.723205987539 41.939253300022)
JC455672,N,10/1/2019 12:00,30,NO CONTROLS,NO CONTROLS,CLEAR,DAYLIGHT,PARKED MOTOR VEHICLE,DIVIDED - W/MEDIAN (NOT RAISED),,STRAIGHT AND LEVEL,DRY,NO DEFECTS,ON SCENE,NO INJURY / DRIVE AWAY,,,Y,"OVER $1,500",10/1/2019 13:07,UNABLE TO DETERMINE,UNABLE TO DETERMINE,2243,N,ELSTON AVE,1432,,,,,,,2,NO INDICATION OF INJURY,0,0,0,0,0,1,0,12,3,10,41.92239405,-87.67341284,POINT (-87.673412835015 41.922394051505)
JC455659,,10/1/2019 12:00,35,NO CONTROLS,NO CONTROLS,CLEAR,DAYLIGHT,FIXED OBJECT,PARKING LOT,,STRAIGHT AND LEVEL,DRY,NO DEFECTS,NOT ON SCENE (DESK REPORT),NO INJURY / DRIVE AWAY,,Y,,"$501 - $1,500",10/1/2019 13:10,UNABLE TO DETERMINE,UNABLE TO DETERMINE,3960,W,26TH ST,1013,,,,,,,1,NO INDICATION OF INJURY,0,0,0,0,0,1,0,12,3,10,41.84436504,-87.72449252,POINT (-87.724492520268 41.844365037785)
JC455652,,10/1/2019 12:00,30,NO CONTROLS,NO CONTROLS,CLEAR,DAYLIGHT,PARKED MOTOR VEHICLE,NOT DIVIDED,,STRAIGHT AND LEVEL,DRY,NO DEFECTS,NOT ON SCENE (DESK REPORT),NO INJURY / DRIVE AWAY,,,Y,"OVER $1,500",10/1/2019 13:18,"OPERATING VEHICLE IN ERRATIC, RECKLESS, CARELESS, NEGLIGENT OR AGGRESSIVE MANNER",NOT APPLICABLE,10,W,CHICAGO AVE,1832,,,,,,,2,NO INDICATION OF INJURY,0,0,0,0,0,1,0,12,3,10,41.89678144,-87.62861446,POINT (-87.628614457261 41.896781435528)
JC455615,,10/1/2019 12:00,25,NO CONTROLS,NO CONTROLS,CLEAR,DAYLIGHT,REAR TO SIDE,NOT DIVIDED,,STRAIGHT AND LEVEL,DRY,NO DEFECTS,ON SCENE,NO INJURY / DRIVE AWAY,,,,"$501 - $1,500",10/1/2019 12:18,UNABLE TO DETERMINE,NOT APPLICABLE,2738,S,WELLS ST,914,,,,,,,2,NO INDICATION OF INJURY,0,0,0,0,0,3,0,12,3,10,41.84285783,-87.63314926,POINT (-87.633149255409 41.842857826832)
JC455592,,10/1/2019 12:00,30,NO CONTROLS,NO CONTROLS,CLEAR,DAYLIGHT,TURNING,NOT DIVIDED,,STRAIGHT AND LEVEL,DRY,NO DEFECTS,NOT ON SCENE (DESK REPORT),NO INJURY / DRIVE AWAY,,,,"OVER $1,500",10/1/2019 12:20,IMPROPER BACKING,NOT APPLICABLE,5475,N,MILWAUKEE AVE,1622,,,,,,,2,NO INDICATION OF INJURY,0,0,0,0,0,2,0,12,3,10,41.98119476,-87.77260788,POINT (-87.77260787798 41.981194757951)
JC455576,N,10/1/2019 12:00,30,OTHER WARNING SIGN,FUNCTIONING PROPERLY,RAIN,DAYLIGHT,PEDALCYCLIST,DIVIDED - W/MEDIAN (NOT RAISED),,STRAIGHT AND LEVEL,DRY,NO DEFECTS,ON SCENE,INJURY AND / OR TOW DUE TO CRASH,,,Y,$500 OR LESS,10/1/2019 12:01,IMPROPER OVERTAKING/PASSING,UNABLE TO DETERMINE,1816,W,PERSHING RD,912,,,,,,,2,INCAPACITATING INJURY,1,0,1,0,0,1,0,12,3,10,41.8233986,-87.67094217,POINT (-87.670942165505 41.823398596938)
JC455539,,10/1/2019 11:50,30,NO CONTROLS,NO CONTROLS,CLEAR,DAYLIGHT,OTHER OBJECT,FOUR WAY,,STRAIGHT AND LEVEL,DRY,NO DEFECTS,ON SCENE,INJURY AND / OR TOW DUE TO CRASH,Y,,,"$501 - $1,500",10/1/2019 11:50,FAILING TO REDUCE SPEED TO AVOID CRASH,NOT APPLICABLE,8600,S,RACINE AVE,613,,,,,,,2,INCAPACITATING INJURY,1,0,1,0,0,2,0,11,3,10,41.7376626,-87.65353731,POINT (-87.653537311537 41.737662603938)
JC455568,,10/1/2019 11:49,30,TRAFFIC SIGNAL,FUNCTIONING PROPERLY,CLEAR,DAYLIGHT,TURNING,"FIVE POINT, OR MORE",,STRAIGHT AND LEVEL,DRY,NO DEFECTS,ON SCENE,INJURY AND / OR TOW DUE TO CRASH,,,,"OVER $1,500",10/1/2019 11:50,FAILING TO YIELD RIGHT-OF-WAY,UNABLE TO DETERMINE,1602,E,79TH ST,411,,,,,,,2,NO INDICATION OF INJURY,0,0,0,0,0,2,0,11,3,10,41.7516113,-87.58551737,POINT (-87.585517371095 41.751611298796)
JC455614,,10/1/2019 11:48,35,UNKNOWN,UNKNOWN,UNKNOWN,UNKNOWN,REAR END,UNKNOWN INTERSECTION TYPE,,STRAIGHT AND LEVEL,UNKNOWN,UNKNOWN,NOT ON SCENE (DESK REPORT),NO INJURY / DRIVE AWAY,,,Y,"$501 - $1,500",10/1/2019 12:15,UNABLE TO DETERMINE,UNABLE TO DETERMINE,1199,E,75TH ST,624,,,,,,,2,NO INDICATION OF INJURY,0,0,0,0,0,2,0,11,3,10,41.75858596,-87.59567328,POINT (-87.595673277515 41.758585954934)