RD_NO,CRASH_DATE_EST_I,CRASH_DATE,POSTED_SPEED_LIMIT,TRAFFIC_CONTROL_DEVICE,DEVICE_CONDITION,WEATHER_CONDITION,LIGHTING_CONDITION,FIRST_CRASH_TYPE,TRAFFICWAY_TYPE,LANE_CNT,ALIGNMENT,ROADWAY_SURFACE_COND,ROAD_DEFECT,REPORT_TYPE,CRASH_TYPE,INTERSECTION_RELATED_I,NOT_RIGHT_OF_WAY_I,HIT_AND_RUN_I,DAMAGE,DATE_POLICE_NOTIFIED,PRIM_CONTRIBUTORY_CAUSE,SEC_CONTRIBUTORY_CAUSE,STREET_NO,STREET_DIRECTION,STREET_NAME,BEAT_OF_OCCURRENCE,PHOTOS_TAKEN_I,STATEMENTS_TAKEN_I,DOORING_I,WORK_ZONE_I,WORK_ZONE_TYPE,WORKERS_PRESENT_I,NUM_UNITS,MOST_SEVERE_INJURY,INJURIES_TOTAL,INJURIES_FATAL,INJURIES_INCAPACITATING,INJURIES_NON_INCAPACITATING,INJURIES_REPORTED_NOT_EVIDENT,INJURIES_NO_INDICATION,INJURIES_UNKNOWN,CRASH_HOUR,CRASH_DAY_OF_WEEK,CRASH_MONTH,LATITUDE,LONGITUDE,LOCATION
JC455566,,10/1/2019 11:40,40,NO CONTROLS,NO CONTROLS,CLEAR,DAYLIGHT,SIDESWIPE SAME DIRECTION,DIVIDED - W/MEDIAN BARRIER,,STRAIGHT AND LEVEL,DRY,NO DEFECTS,ON SCENE,NO INJURY / DRIVE AWAY,,,,"OVER $1,500",10/1/2019 11:40,IMPROPER LANE USAGE,FAILING TO YIELD RIGHT-OF-WAY,900,N,LAKE SHORE DR SB,1833,,,,N,,,2,NO INDICATION OF INJURY,0,0,0,0,0,2,0,11,3,10,41.89932228,-87.61873843,POINT (-87.618738433114 41.899322278833)
JC455722,,10/1/2019 11:30,30,NO CONTROLS,NO CONTROLS,CLEAR,DAYLIGHT,SIDESWIPE SAME DIRECTION,PARKING LOT,,STRAIGHT AND LEVEL,DRY,NO DEFECTS,NOT ON SCENE (DESK REPORT),NO INJURY / DRIVE AWAY,,Y,,"$501 - $1,500",10/1/2019 14:02,NOT APPLICABLE,NOT APPLICABLE,5400,S,PULASKI RD,815,,,,,,,2,NO INDICATION OF INJURY,0,0,0,0,0,3,0,11,3,10,41.79495745,-87.72335657,POINT (-87.723356564996 41.794957444828)
JC455537,,10/1/2019 11:20,30,UNKNOWN,NO CONTROLS,CLEAR,DAYLIGHT,PARKED MOTOR VEHICLE,DIVIDED - W/MEDIAN (NOT RAISED),,STRAIGHT AND LEVEL,DRY,NO DEFECTS,NOT ON SCENE (DESK REPORT),NO INJURY / DRIVE AWAY,,,Y,"OVER $1,500",10/1/2019 11:35,NOT APPLICABLE,NOT APPLICABLE,5578,N,LINCOLN AVE,2011,,,,,,,2,NO INDICATION OF INJURY,0,0,0,0,0,1,0,11,3,10,41.98286927,-87.69490894,POINT (-87.694908944441 41.98286927395)
JC455653,,10/1/2019 11:15,30,TRAFFIC SIGNAL,FUNCTIONING PROPERLY,CLEAR,DAYLIGHT,SIDESWIPE SAME DIRECTION,DIVIDED - W/MEDIAN (NOT RAISED),,STRAIGHT AND LEVEL,DRY,NO DEFECTS,ON SCENE,NO INJURY / DRIVE AWAY,Y,,Y,$500 OR LESS,10/1/2019 11:42,IMPROPER OVERTAKING/PASSING,IMPROPER OVERTAKING/PASSING,2757,W,PETERSON AVE,2011,,,,,,,2,NO INDICATION OF INJURY,0,0,0,0,0,2,0,11,3,10,41.99033326,-87.69934036,POINT (-87.699340358462 41.990333262505)
JC455518,,10/1/2019 11:15,30,NO CONTROLS,NO CONTROLS,CLEAR,DAYLIGHT,PARKED MOTOR VEHICLE,ONE-WAY,,STRAIGHT AND LEVEL,DRY,NO DEFECTS,ON SCENE,NO INJURY / DRIVE AWAY,,,,$500 OR LESS,10/1/2019 11:17,DRIVING SKILLS/KNOWLEDGE/EXPERIENCE,DRIVING SKILLS/KNOWLEDGE/EXPERIENCE,1,W,TERMINAL ST,1651,,,,,,,2,NO INDICATION OF INJURY,0,0,0,0,0,1,0,11,3,10,,,
JC455507,,10/1/2019 11:15,30,NO CONTROLS,NO CONTROLS,CLEAR,DAYLIGHT,PEDALCYCLIST,FOUR WAY,,STRAIGHT AND LEVEL,DRY,NO DEFECTS,ON SCENE,NO INJURY / DRIVE AWAY,,,Y,$500 OR LESS,10/1/2019 11:21,UNABLE TO DETERMINE,NOT APPLICABLE,6609,N,WAUKESHA AVE,1621,,,,,,,2,NO INDICATION OF INJURY,0,0,0,0,0,2,0,11,3,10,42.00171359,-87.76695928,POINT (-87.766959281711 42.001713593165)
JC455494,,10/1/2019 11:11,30,NO CONTROLS,NO CONTROLS,CLEAR,DAYLIGHT,PEDALCYCLIST,OTHER,,STRAIGHT AND LEVEL,DRY,NO DEFECTS,ON SCENE,INJURY AND / OR TOW DUE TO CRASH,,,,"$501 - $1,500",10/1/2019 11:13,UNABLE TO DETERMINE,NOT APPLICABLE,1135,S,HALSTED ST,1232,,,,,,,2,INCAPACITATING INJURY,1,0,1,0,0,1,0,11,3,10,41.86784978,-87.6467739,POINT (-87.646773901313 41.867849782692)
JC455501,,10/1/2019 11:05,30,NO CONTROLS,NO CONTROLS,CLEAR,DAYLIGHT,PARKED MOTOR VEHICLE,DIVIDED - W/MEDIAN (NOT RAISED),,STRAIGHT AND LEVEL,DRY,NO DEFECTS,ON SCENE,NO INJURY / DRIVE AWAY,,,,"$501 - $1,500",10/1/2019 11:16,UNABLE TO DETERMINE,NOT APPLICABLE,50,N,WESTERN AVE,1222,,,,,,,2,NO INDICATION OF INJURY,0,0,0,0,0,2,0,11,3,10,41.88263294,-87.68662183,POINT (-87.686621829305 41.882632938657)
JC455463,,10/1/2019 11:01,30,NO CONTROLS,NO CONTROLS,CLEAR,DAYLIGHT,FIXED OBJECT,DIVIDED - W/MEDIAN (NOT RAISED),,STRAIGHT AND LEVEL,DRY,NO DEFECTS,ON SCENE,INJURY AND / OR TOW DUE TO CRASH,,,,"OVER $1,500",10/1/2019 11:01,FAILING TO REDUCE SPEED TO AVOID CRASH,NOT APPLICABLE,4525,W,ROOSEVELT RD,1011,,,,,,,1,NO INDICATION OF INJURY,0,0,0,0,0,1,0,11,3,10,41.86587292,-87.7383621,POINT (-87.738362103856 41.86587292269)
JC455468,,10/1/2019 11:00,35,NO CONTROLS,NO CONTROLS,CLEAR,DAYLIGHT,SIDESWIPE SAME DIRECTION,NOT DIVIDED,,STRAIGHT AND LEVEL,DRY,NO DEFECTS,ON SCENE,NO INJURY / DRIVE AWAY,,,,"OVER $1,500",10/1/2019 11:00,FOLLOWING TOO CLOSELY,NOT APPLICABLE,10315,S,DR MARTIN LUTHER KING JR DR,512,,Y,,,,,2,NO INDICATION OF INJURY,0,0,0,0,0,2,0,11,3,10,41.70682942,-87.61360885,POINT (-87.613608847178 41.706829416775)
JC455461,,10/1/2019 10:50,30,TRAFFIC SIGNAL,FUNCTIONING PROPERLY,CLEAR,DAYLIGHT,PEDESTRIAN,NOT DIVIDED,,STRAIGHT AND LEVEL,DRY,NO DEFECTS,ON SCENE,INJURY AND / OR TOW DUE TO CRASH,Y,,,"OVER $1,500",10/1/2019 10:55,UNABLE TO DETERMINE,UNABLE TO DETERMINE,5932,S,COTTAGE GROVE AVE,233,,,,,,,2,NONINCAPACITATING INJURY,1,0,0,1,0,1,0,10,3,10,41.78680005,-87.60619897,POINT (-87.606198972477 41.78680004834)
JC455484,,10/1/2019 10:49,30,NO CONTROLS,NO CONTROLS,CLEAR,DAYLIGHT,SIDESWIPE SAME DIRECTION,DIVIDED - W/MEDIAN BARRIER,,STRAIGHT AND LEVEL,DRY,NO DEFECTS,ON SCENE,INJURY AND / OR TOW DUE TO CRASH,,Y,,"OVER $1,500",10/1/2019 11:00,PHYSICAL CONDITION OF DRIVER,NOT APPLICABLE,1731,W,LAWRENCE AVE,1912,,,,,,,2,FATAL,1,1,0,0,0,2,0,10,3,10,41.96873656,-87.67234893,POINT (-87.67234893143 41.96873656359)
JC455472,,10/1/2019 10:45,30,NO CONTROLS,NO CONTROLS,CLEAR,DAYLIGHT,PARKED MOTOR VEHICLE,NOT DIVIDED,,STRAIGHT AND LEVEL,DRY,UNKNOWN,ON SCENE,NO INJURY / DRIVE AWAY,,,Y,"$501 - $1,500",10/1/2019 10:47,UNABLE TO DETERMINE,UNABLE TO DETERMINE,5230,W,MONTROSE AVE,1623,,,,,,,2,NO INDICATION OF INJURY,0,0,0,0,0,1,0,10,3,10,41.96069502,-87.75865956,POINT (-87.758659564113 41.960695018539)
JC455430,,10/1/2019 10:20,20,NO CONTROLS,NO CONTROLS,CLEAR,DAYLIGHT,FIXED OBJECT,OTHER,,STRAIGHT AND LEVEL,DRY,NO DEFECTS,ON SCENE,NO INJURY / DRIVE AWAY,,,,"OVER $1,500",10/1/2019 10:23,UNABLE TO DETERMINE,NOT APPLICABLE,4848,S,JUSTINE ST,933,,,,,,,1,NO INDICATION OF INJURY,0,0,0,0,0,1,0,10,3,10,41.80535009,-87.66381137,POINT (-87.663811366404 41.805350087364)
JC458250,,10/1/2019 10:10,30,NO CONTROLS,NO CONTROLS,CLEAR,DAYLIGHT,REAR END,NOT DIVIDED,,STRAIGHT AND LEVEL,WET,NO DEFECTS,NOT ON SCENE (DESK REPORT),INJURY AND / OR TOW DUE TO CRASH,,,,"$501 - $1,500",10/3/2019 10:10,UNABLE TO DETERMINE,NOT APPLICABLE,2000,W,FULLERTON AVE,1432,,,,,,,2,NONINCAPACITATING INJURY,1,0,0,1,0,1,0,10,3,10,41.92513494,-87.67796355,POINT (-87.677963545538 41.925134943749)
JC455423,,10/1/2019 10:10,30,TRAFFIC SIGNAL,FUNCTIONING PROPERLY,CLEAR,DAYLIGHT,TURNING,DIVIDED - W/MEDIAN BARRIER,,STRAIGHT AND LEVEL,DRY,NO DEFECTS,ON SCENE,NO INJURY / DRIVE AWAY,Y,,,$500 OR LESS,10/1/2019 10:15,DRIVING SKILLS/KNOWLEDGE/EXPERIENCE,NOT APPLICABLE,499,S,COLUMBUS DR,114,,,,,,,2,NO INDICATION OF INJURY,0,0,0,0,0,2,0,10,3,10,41.87584389,-87.62044499,POINT (-87.620444985702 41.87584389392)
JC455413,,10/1/2019 10:10,30,NO CONTROLS,NO CONTROLS,CLEAR,DAYLIGHT,SIDESWIPE SAME DIRECTION,DIVIDED - W/MEDIAN (NOT RAISED),,STRAIGHT AND LEVEL,DRY,NO DEFECTS,NOT ON SCENE (DESK REPORT),NO INJURY / DRIVE AWAY,,,,"OVER $1,500",10/1/2019 10:25,IMPROPER LANE USAGE,NOT APPLICABLE,3411,W,ADDISON ST,1732,,,,,,,2,NO INDICATION OF INJURY,0,0,0,0,0,2,0,10,3,10,41.94645156,-87.71316831,POINT (-87.713168304716 41.946451563513)
JC455439,,10/1/2019 10:06,30,NO CONTROLS,NO CONTROLS,CLEAR,DAYLIGHT,FIXED OBJECT,NOT DIVIDED,,STRAIGHT AND LEVEL,DRY,NO DEFECTS,ON SCENE,INJURY AND / OR TOW DUE TO CRASH,,,,"OVER $1,500",10/1/2019 10:06,UNABLE TO DETERMINE,UNABLE TO DETERMINE,2098,S,MARSHALL BLVD,1022,,,,,,,1,NO INDICATION OF INJURY,0,0,0,0,0,1,0,10,3,10,41.85372665,-87.69929767,POINT (-87.699297665374 41.853726651196)
JC455856,,10/1/2019 10:00,10,NO CONTROLS,NO CONTROLS,CLEAR,DAYLIGHT,OTHER OBJECT,PARKING LOT,,STRAIGHT AND LEVEL,DRY,NO DEFECTS,NOT ON SCENE (DESK REPORT),NO INJURY / DRIVE AWAY,,,,"OVER $1,500",10/1/2019 15:20,UNABLE TO DETERMINE,UNABLE TO DETERMINE,1600,W,95TH ST,2221,,,,,,,2,NO INDICATION OF INJURY,0,0,0,0,0,2,0,10,3,10,41.72132441,-87.66272415,POINT (-87.662724152651 41.721324411975)
JC455426,,10/1/2019 9:54,30,TRAFFIC SIGNAL,FUNCTIONING PROPERLY,CLEAR,DAYLIGHT,PARKED MOTOR VEHICLE,NOT DIVIDED,,STRAIGHT AND LEVEL,DRY,"RUT, HOLES",ON SCENE,NO INJURY / DRIVE AWAY,Y,,,"$501 - $1,500",10/1/2019 9:55,DISREGARDING OTHER TRAFFIC SIGNS,UNABLE TO DETERMINE,4400,W,PALMER ST,2522,,,,,,,2,NO INDICATION OF INJURY,0,0,0,0,0,2,0,9,3,10,41.92081529,-87.73649825,POINT (-87.7364982537 41.920815285366)
JC455407,N,10/1/2019 9:48,30,NO CONTROLS,NO CONTROLS,CLEAR,DAYLIGHT,PARKED MOTOR VEHICLE,DIVIDED - W/MEDIAN (NOT RAISED),,STRAIGHT AND LEVEL,DRY,NO DEFECTS,ON SCENE,INJURY AND / OR TOW DUE TO CRASH,,,,"OVER $1,500",10/1/2019 9:55,NOT APPLICABLE,NOT APPLICABLE,4145,N,MILWAUKEE AVE,1624,,,,,,,3,NO INDICATION OF INJURY,0,0,0,0,0,2,0,9,3,10,41.95642489,-87.75066066,POINT (-87.750660655449 41.956424887711)
JC455406,,10/1/2019 9:30,30,TRAFFIC SIGNAL,UNKNOWN,CLEAR,DAYLIGHT,REAR END,NOT DIVIDED,,STRAIGHT AND LEVEL,DRY,UNKNOWN,ON SCENE,NO INJURY / DRIVE AWAY,,,,"$501 - $1,500",10/1/2019 9:45,FAILING TO YIELD RIGHT-OF-WAY,FAILING TO YIELD RIGHT-OF-WAY,7600,S,LOOMIS BLVD,612,,,,,,,2,NO INDICATION OF INJURY,0,0,0,0,0,2,0,9,3,10,41.75579046,-87.65887512,POINT (-87.65887512225 41.755790457308)
JC455387,,10/1/2019 9:15,35,NO CONTROLS,NO CONTROLS,CLEAR,DAYLIGHT,TURNING,ONE-WAY,,STRAIGHT AND LEVEL,DRY,NO DEFECTS,NOT ON SCENE (DESK REPORT),NO INJURY / DRIVE AWAY,Y,,,"OVER $1,500",10/1/2019 9:45,FAILING TO REDUCE SPEED TO AVOID CRASH,NOT APPLICABLE,430,N,LOWER MICHIGAN AVE,1834,,,,,,,2,NO INDICATION OF INJURY,0,0,0,0,0,2,0,9,3,10,41.8903,-87.62428965,POINT (-87.624289644961 41.890299998107)
JC455379,,10/1/2019 9:09,30,TRAFFIC SIGNAL,FUNCTIONING PROPERLY,CLEAR,DAYLIGHT,SIDESWIPE SAME DIRECTION,NOT DIVIDED,,STRAIGHT AND LEVEL,DRY,UNKNOWN,ON SCENE,INJURY AND / OR TOW DUE TO CRASH,,,,"OVER $1,500",10/1/2019 9:18,IMPROPER LANE USAGE,FAILING TO REDUCE SPEED TO AVOID CRASH,200,N,HALSTED ST,1214,,,,,,,3,INCAPACITATING INJURY,1,0,1,0,0,2,0,9,3,10,41.88568962,-87.64762173,POINT (-87.647621731544 41.88568961566)
JC455600,,10/1/2019 9:07,20,NO CONTROLS,NO CONTROLS,UNKNOWN,UNKNOWN,PARKED MOTOR VEHICLE,DIVIDED - W/MEDIAN (NOT RAISED),,STRAIGHT AND LEVEL,DRY,NO DEFECTS,NOT ON SCENE (DESK REPORT),NO INJURY / DRIVE AWAY,,,Y,"$501 - $1,500",10/1/2019 12:32,UNABLE TO DETERMINE,UNABLE TO DETERMINE,4815,W,BELLE PLAINE AVE,1624,,,,,,,2,NO INDICATION OF INJURY,0,0,0,0,0,1,0,9,3,10,41.95512766,-87.74802272,POINT (-87.748022717054 41.955127654813)
JC455361,Y,10/1/2019 8:55,20,TRAFFIC SIGNAL,FUNCTIONING PROPERLY,CLEAR,DAYLIGHT,PEDESTRIAN,DIVIDED - W/MEDIAN (NOT RAISED),,STRAIGHT AND LEVEL,DRY,NO DEFECTS,ON SCENE,NO INJURY / DRIVE AWAY,Y,,,$500 OR LESS,10/1/2019 8:57,FAILING TO YIELD RIGHT-OF-WAY,NOT APPLICABLE,600,S,HOMAN AVE,1133,,,,,,,3,NO INDICATION OF INJURY,0,0,0,0,0,3,0,8,3,10,41.87358175,-87.71092787,POINT (-87.71092786952 41.873581747107)
JC455349,,10/1/2019 8:50,30,NO CONTROLS,NO CONTROLS,CLEAR,DAYLIGHT,TURNING,NOT DIVIDED,,STRAIGHT AND LEVEL,DRY,NO DEFECTS,ON SCENE,NO INJURY / DRIVE AWAY,Y,,,"OVER $1,500",10/1/2019 9:02,UNABLE TO DETERMINE,NOT APPLICABLE,3945,S,ARCHER AVE,921,,,,,,,2,NO INDICATION OF INJURY,0,0,0,0,0,2,0,8,3,10,41.82179314,-87.69145184,POINT (-87.691451840729 41.821793140417)
JC459405,,10/1/2019 8:40,30,TRAFFIC SIGNAL,FUNCTIONING PROPERLY,CLEAR,DAYLIGHT,REAR END,FOUR WAY,,STRAIGHT AND LEVEL,DRY,NO DEFECTS,NOT ON SCENE (DESK REPORT),NO INJURY / DRIVE AWAY,Y,,,"OVER $1,500",10/4/2019 7:35,FOLLOWING TOO CLOSELY,UNABLE TO DETERMINE,200,N,DAMEN AVE,1223,,,,,,,2,NO INDICATION OF INJURY,0,0,0,0,0,2,0,8,3,10,41.88502368,-87.67688746,POINT (-87.676887457255 41.885023682326)
JC455545,Y,10/1/2019 8:40,30,TRAFFIC SIGNAL,FUNCTIONING PROPERLY,CLEAR,DAYLIGHT,REAR END,NOT DIVIDED,,STRAIGHT AND LEVEL,DRY,NO DEFECTS,NOT ON SCENE (DESK REPORT),NO INJURY / DRIVE AWAY,Y,,Y,"OVER $1,500",10/1/2019 11:40,FOLLOWING TOO CLOSELY,FAILING TO REDUCE SPEED TO AVOID CRASH,2811,W,DIVERSEY AVE,1411,,,,,,,2,NO INDICATION OF INJURY,0,0,0,0,0,3,0,8,3,10,41.93198341,-87.69813786,POINT (-87.6981378579 41.931983405014)
JC455448,,10/1/2019 8:40,30,TRAFFIC SIGNAL,FUNCTIONING PROPERLY,CLEAR,DAYLIGHT,TURNING,NOT DIVIDED,,STRAIGHT AND LEVEL,DRY,NO DEFECTS,NOT ON SCENE (DESK REPORT),NO INJURY / DRIVE AWAY,,,,"OVER $1,500",10/1/2019 10:55,FAILING TO REDUCE SPEED TO AVOID CRASH,FAILING TO REDUCE SPEED TO AVOID CRASH,2000,W,TAYLOR ST,1231,,,,,,,2,NO INDICATION OF INJURY,0,0,0,0,0,2,0,8,3,10,41.86922439,-87.67598775,POINT (-87.67598774615 41.869224387357)
JC455362,,10/1/2019 8:40,30,NO CONTROLS,NO CONTROLS,RAIN,DAYLIGHT,PARKED MOTOR VEHICLE,NOT DIVIDED,,STRAIGHT AND LEVEL,WET,NO DEFECTS,NOT ON SCENE (DESK REPORT),NO INJURY / DRIVE AWAY,,,,$500 OR LESS,10/1/2019 9:14,UNABLE TO DETERMINE,NOT APPLICABLE,4608,W,DICKENS AVE,2522,,,,,,,2,NO INDICATION OF INJURY,0,0,0,0,0,1,0,8,3,10,41.91891896,-87.74208046,POINT (-87.742080457694 41.918918964069)
JC455323,,10/1/2019 8:40,15,NO CONTROLS,NO CONTROLS,CLEAR,DAYLIGHT,PARKED MOTOR VEHICLE,PARKING LOT,,STRAIGHT AND LEVEL,DRY,NO DEFECTS,NOT ON SCENE (DESK REPORT),NO INJURY / DRIVE AWAY,,Y,,"$501 - $1,500",10/1/2019 9:00,IMPROPER BACKING,UNABLE TO DETERMINE,6440,W,DIVERSEY AVE,2511,,,,,,,2,NO INDICATION OF INJURY,0,0,0,0,0,1,0,8,3,10,41.93107535,-87.78736662,POINT (-87.787366621095 41.931075349793)
JC455384,,10/1/2019 8:35,30,TRAFFIC SIGNAL,FUNCTIONING PROPERLY,CLEAR,DAYLIGHT,REAR END,DIVIDED - W/MEDIAN (NOT RAISED),,STRAIGHT AND LEVEL,DRY,NO DEFECTS,NOT ON SCENE (DESK REPORT),NO INJURY / DRIVE AWAY,,,,"$501 - $1,500",10/1/2019 9:40,FOLLOWING TOO CLOSELY,NOT APPLICABLE,1200,S,INDEPENDENCE BLVD,1011,,,,,,,2,NO INDICATION OF INJURY,0,0,0,0,0,2,0,8,3,10,41.86614638,-87.72026804,POINT (-87.720268041003 41.86614638227)
JC455437,Y,10/1/2019 8:30,30,NO CONTROLS,NO CONTROLS,CLEAR,UNKNOWN,PARKED MOTOR VEHICLE,ONE-WAY,,STRAIGHT AND LEVEL,DRY,NO DEFECTS,NOT ON SCENE (DESK REPORT),NO INJURY / DRIVE AWAY,,,Y,$500 OR LESS,10/1/2019 10:30,UNABLE TO DETERMINE,UNABLE TO DETERMINE,6928,W,WRIGHTWOOD AVE,2512,,,,,,,2,NO INDICATION OF INJURY,0,0,0,0,0,1,0,8,3,10,41.92731369,-87.79896604,POINT (-87.798966043559 41.927313692689)
JC455402,,10/1/2019 8:30,20,NO CONTROLS,NO CONTROLS,CLEAR,DAYLIGHT,PARKED MOTOR VEHICLE,DIVIDED - W/MEDIAN (NOT RAISED),,STRAIGHT AND LEVEL,DRY,NO DEFECTS,NOT ON SCENE (DESK REPORT),NO INJURY / DRIVE AWAY,,,,"$501 - $1,500",10/1/2019 9:55,UNABLE TO DETERMINE,UNABLE TO DETERMINE,3507,N,ELSTON AVE,1733,,,,,,,2,NO INDICATION OF INJURY,0,0,0,0,0,1,0,8,3,10,41.94504359,-87.70631267,POINT (-87.706312673918 41.94504358942)
JC455367,,10/1/2019 8:30,30,NO CONTROLS,NO CONTROLS,CLEAR,DAYLIGHT,PARKED MOTOR VEHICLE,ONE-WAY,,STRAIGHT AND LEVEL,DRY,NO DEFECTS,NOT ON SCENE (DESK REPORT),NO INJURY / DRIVE AWAY,,,Y,"$501 - $1,500",10/1/2019 10:00,UNABLE TO DETERMINE,UNABLE TO DETERMINE,5728,S,MICHIGAN AVE,232,,,,,,,2,NO INDICATION OF INJURY,0,0,0,0,0,1,0,8,3,10,41.79018178,-87.62249817,POINT (-87.622498170199 41.790181777884)
JC455330,,10/1/2019 8:30,30,TRAFFIC SIGNAL,FUNCTIONING PROPERLY,CLEAR,DAYLIGHT,TURNING,OTHER,,STRAIGHT AND LEVEL,DRY,NO DEFECTS,ON SCENE,NO INJURY / DRIVE AWAY,,,,"$501 - $1,500",10/1/2019 8:44,IMPROPER LANE USAGE,NOT APPLICABLE,155,W,CERMAK RD,914,,,,,,,2,NO INDICATION OF INJURY,0,0,0,0,0,2,0,8,3,10,41.85275048,-87.63148014,POINT (-87.631480140201 41.852750480136)
JC455327,,10/1/2019 8:30,30,STOP SIGN/FLASHER,NO CONTROLS,CLEAR,DAYLIGHT,ANGLE,NOT DIVIDED,,STRAIGHT AND LEVEL,DRY,NO DEFECTS,ON SCENE,INJURY AND / OR TOW DUE TO CRASH,Y,,,"OVER $1,500",10/1/2019 8:45,FAILING TO YIELD RIGHT-OF-WAY,FAILING TO YIELD RIGHT-OF-WAY,3955,W,BELDEN AVE,2525,,,,,,,2,NO INDICATION OF INJURY,0,0,0,0,0,2,0,8,3,10,41.92254322,-87.72644643,POINT (-87.726446431391 41.92254321827)
JC455320,,10/1/2019 8:27,35,NO CONTROLS,NO CONTROLS,CLEAR,DAYLIGHT,FIXED OBJECT,ALLEY,,STRAIGHT AND LEVEL,DRY,NO DEFECTS,ON SCENE,NO INJURY / DRIVE AWAY,,Y,,"OVER $1,500",10/1/2019 8:30,DRIVING SKILLS/KNOWLEDGE/EXPERIENCE,NOT APPLICABLE,7540,N,WESTERN AVE,2411,,,,,,,1,NO INDICATION OF INJURY,0,0,0,0,0,1,0,8,3,10,42.01864441,-87.69033068,POINT (-87.69033068416 42.018644413387)
JC458458,,10/1/2019 8:20,30,NO CONTROLS,NO CONTROLS,CLEAR,DAYLIGHT,PARKED MOTOR VEHICLE,DIVIDED - W/MEDIAN (NOT RAISED),,STRAIGHT AND LEVEL,DRY,NO DEFECTS,NOT ON SCENE (DESK REPORT),NO INJURY / DRIVE AWAY,,,,"OVER $1,500",10/3/2019 12:45,UNABLE TO DETERMINE,NOT APPLICABLE,1551,W,DIVISION ST,1213,,,,,,,2,NO INDICATION OF INJURY,0,0,0,0,0,1,0,8,3,10,41.90324135,-87.66713779,POINT (-87.667137789244 41.903241346939)
JC455370,,10/1/2019 8:16,30,TRAFFIC SIGNAL,FUNCTIONING PROPERLY,CLEAR,DAWN,SIDESWIPE SAME DIRECTION,ONE-WAY,,STRAIGHT AND LEVEL,DRY,NO DEFECTS,NOT ON SCENE (DESK REPORT),NO INJURY / DRIVE AWAY,,,Y,$500 OR LESS,10/1/2019 8:30,IMPROPER OVERTAKING/PASSING,IMPROPER OVERTAKING/PASSING,3800,W,HARRISON ST,1133,,Y,,,,,2,NO INDICATION OF INJURY,0,0,0,0,0,2,0,8,3,10,41.87362412,-87.72040656,POINT (-87.720406557306 41.873624118782)
JC456741,,10/1/2019 8:15,30,TRAFFIC SIGNAL,FUNCTIONING PROPERLY,CLEAR,DAYLIGHT,REAR END,NOT DIVIDED,,STRAIGHT AND LEVEL,DRY,NO DEFECTS,NOT ON SCENE (DESK REPORT),NO INJURY / DRIVE AWAY,Y,,,$500 OR LESS,10/2/2019 8:30,FOLLOWING TOO CLOSELY,FAILING TO REDUCE SPEED TO AVOID CRASH,5900,S,MORGAN ST,712,,,,,,,2,NO INDICATION OF INJURY,0,0,0,0,0,2,0,8,3,10,41.7868632,-87.64997215,POINT (-87.649972149917 41.786863201321)
JC456257,,10/1/2019 8:15,30,NO CONTROLS,NO CONTROLS,CLEAR,DAYLIGHT,PARKED MOTOR VEHICLE,DIVIDED - W/MEDIAN (NOT RAISED),,STRAIGHT AND LEVEL,DRY,UNKNOWN,NOT ON SCENE (DESK REPORT),NO INJURY / DRIVE AWAY,,,,"OVER $1,500",10/1/2019 19:30,DRIVING SKILLS/KNOWLEDGE/EXPERIENCE,UNABLE TO DETERMINE,8936,S,RACINE AVE,2222,,,,,,,2,NO INDICATION OF INJURY,0,0,0,0,0,1,0,8,3,10,41.73112563,-87.6533468,POINT (-87.6533467967 41.731125634061)
JC455348,,10/1/2019 8:15,30,TRAFFIC SIGNAL,FUNCTIONING PROPERLY,CLOUDY/OVERCAST,DAYLIGHT,REAR END,FOUR WAY,,STRAIGHT AND LEVEL,DRY,NO DEFECTS,ON SCENE,INJURY AND / OR TOW DUE TO CRASH,Y,,,"OVER $1,500",10/1/2019 8:45,DISTRACTION - FROM INSIDE VEHICLE,NOT APPLICABLE,1931,W,HARRISON ST,1225,,,,,,,3,NO INDICATION OF INJURY,0,0,0,0,0,5,0,8,3,10,41.87395788,-87.67481325,POINT (-87.674813252635 41.873957880891)
JC455324,,10/1/2019 8:15,30,TRAFFIC SIGNAL,FUNCTIONING PROPERLY,CLEAR,DAYLIGHT,SIDESWIPE SAME DIRECTION,FOUR WAY,,STRAIGHT AND LEVEL,DRY,NO DEFECTS,NOT ON SCENE (DESK REPORT),NO INJURY / DRIVE AWAY,Y,,,"$501 - $1,500",10/1/2019 8:30,IMPROPER OVERTAKING/PASSING,NOT APPLICABLE,6300,S,ASHLAND AVE,725,,,,,,,2,NO INDICATION OF INJURY,0,0,0,0,0,2,0,8,3,10,41.77937222,-87.66436535,POINT (-87.664365347416 41.779372220485)
JC455302,,10/1/2019 8:05,30,UNKNOWN,UNKNOWN,CLEAR,DAYLIGHT,SIDESWIPE SAME DIRECTION,DIVIDED - W/MEDIAN (NOT RAISED),,STRAIGHT AND LEVEL,UNKNOWN,UNKNOWN,ON SCENE,NO INJURY / DRIVE AWAY,,,Y,"$501 - $1,500",10/1/2019 8:07,IMPROPER OVERTAKING/PASSING,UNABLE TO DETERMINE,6000,S,ASHLAND AVE,714,,,,,,,2,NO INDICATION OF INJURY,0,0,0,0,0,2,0,8,3,10,41.7848367,-87.66449748,POINT (-87.664497476845 41.784836699046)