RD_NO,CRASH_DATE_EST_I,CRASH_DATE,POSTED_SPEED_LIMIT,TRAFFIC_CONTROL_DEVICE,DEVICE_CONDITION,WEATHER_CONDITION,LIGHTING_CONDITION,FIRST_CRASH_TYPE,TRAFFICWAY_TYPE,LANE_CNT,ALIGNMENT,ROADWAY_SURFACE_COND,ROAD_DEFECT,REPORT_TYPE,CRASH_TYPE,INTERSECTION_RELATED_I,NOT_RIGHT_OF_WAY_I,HIT_AND_RUN_I,DAMAGE,DATE_POLICE_NOTIFIED,PRIM_CONTRIBUTORY_CAUSE,SEC_CONTRIBUTORY_CAUSE,STREET_NO,STREET_DIRECTION,STREET_NAME,BEAT_OF_OCCURRENCE,PHOTOS_TAKEN_I,STATEMENTS_TAKEN_I,DOORING_I,WORK_ZONE_I,WORK_ZONE_TYPE,WORKERS_PRESENT_I,NUM_UNITS,MOST_SEVERE_INJURY,INJURIES_TOTAL,INJURIES_FATAL,INJURIES_INCAPACITATING,INJURIES_NON_INCAPACITATING,INJURIES_REPORTED_NOT_EVIDENT,INJURIES_NO_INDICATION,INJURIES_UNKNOWN,CRASH_HOUR,CRASH_DAY_OF_WEEK,CRASH_MONTH,LATITUDE,LONGITUDE,LOCATION
JC454840,,9/30/2019 18:00,30,NO CONTROLS,NO CONTROLS,CLEAR,DAYLIGHT,REAR END,NOT DIVIDED,,STRAIGHT AND LEVEL,DRY,UNKNOWN,NOT ON SCENE (DESK REPORT),NO INJURY / DRIVE AWAY,,,,"$501 - $1,500",9/30/2019 19:00,UNABLE TO DETERMINE,UNABLE TO DETERMINE,1600,E,130TH ST,434,,,,,,,2,NO INDICATION OF INJURY,0,0,0,0,0,2,0,18,2,9,41.66042281,-87.58639179,POINT (-87.586391793459 41.660422810648)
JC454739,,9/30/2019 18:00,30,SCHOOL ZONE,OTHER,CLEAR,DUSK,REAR END,DIVIDED - W/MEDIAN (NOT RAISED),,STRAIGHT AND LEVEL,DRY,NO DEFECTS,ON SCENE,INJURY AND / OR TOW DUE TO CRASH,,,,"OVER $1,500",9/30/2019 18:01,EQUIPMENT - VEHICLE CONDITION,NOT APPLICABLE,3915,W,111TH ST,2211,,,,,,,2,NO INDICATION OF INJURY,0,0,0,0,0,3,0,18,2,9,41.69118534,-87.71851738,POINT (-87.718517381677 41.691185342711)
JC454730,,9/30/2019 18:00,20,NO CONTROLS,NO CONTROLS,CLEAR,DAYLIGHT,PARKED MOTOR VEHICLE,ONE-WAY,,STRAIGHT AND LEVEL,DRY,NO DEFECTS,ON SCENE,NO INJURY / DRIVE AWAY,,,,"$501 - $1,500",9/30/2019 18:15,UNABLE TO DETERMINE,NOT APPLICABLE,5138,W,NELSON ST,2521,,,,,,,2,NO INDICATION OF INJURY,0,0,0,0,0,1,0,18,2,9,41.93608539,-87.75570741,POINT (-87.755707411581 41.936085387368)
JC454728,,9/30/2019 18:00,30,TRAFFIC SIGNAL,FUNCTIONING PROPERLY,CLEAR,DAYLIGHT,SIDESWIPE SAME DIRECTION,DIVIDED - W/MEDIAN BARRIER,,STRAIGHT AND LEVEL,DRY,NO DEFECTS,ON SCENE,NO INJURY / DRIVE AWAY,,,,$500 OR LESS,9/30/2019 18:15,IMPROPER OVERTAKING/PASSING,IMPROPER LANE USAGE,198,W,GARFIELD BLVD,225,,,,,,,2,NO INDICATION OF INJURY,0,0,0,0,0,2,0,18,2,9,41.794677,-87.63048785,POINT (-87.630487850767 41.79467700255)
JC454777,,9/30/2019 17:58,30,NO CONTROLS,NO CONTROLS,CLEAR,DAYLIGHT,PEDALCYCLIST,DIVIDED - W/MEDIAN (NOT RAISED),,STRAIGHT AND LEVEL,DRY,NO DEFECTS,ON SCENE,INJURY AND / OR TOW DUE TO CRASH,Y,,,"OVER $1,500",9/30/2019 18:01,FAILING TO YIELD RIGHT-OF-WAY,FOLLOWING TOO CLOSELY,9900,S,BELL AVE,2213,,,,,,,2,NONINCAPACITATING INJURY,1,0,0,1,0,1,0,17,2,9,41.71361615,-87.67835506,POINT (-87.678355057283 41.713616150393)
JC454760,,9/30/2019 17:55,30,NO CONTROLS,NO CONTROLS,CLEAR,DAYLIGHT,REAR END,DIVIDED - W/MEDIAN (NOT RAISED),,STRAIGHT AND LEVEL,DRY,NO DEFECTS,NOT ON SCENE (DESK REPORT),NO INJURY / DRIVE AWAY,,,,$500 OR LESS,9/30/2019 18:25,UNABLE TO DETERMINE,UNABLE TO DETERMINE,4250,W,LAWRENCE AVE,1712,,,,,,,2,NO INDICATION OF INJURY,0,0,0,0,0,3,0,17,2,9,41.96827399,-87.73505747,POINT (-87.73505746599 41.968273994109)
JC454775,,9/30/2019 17:50,35,TRAFFIC SIGNAL,FUNCTIONING PROPERLY,CLEAR,DAWN,SIDESWIPE SAME DIRECTION,NOT DIVIDED,,STRAIGHT AND LEVEL,DRY,NO DEFECTS,NOT ON SCENE (DESK REPORT),NO INJURY / DRIVE AWAY,,,,"OVER $1,500",9/30/2019 18:40,IMPROPER OVERTAKING/PASSING,UNABLE TO DETERMINE,800,N,CICERO AVE,1531,,,,,,,2,NO INDICATION OF INJURY,0,0,0,0,0,3,0,17,2,9,41.89504904,-87.74595552,POINT (-87.745955516269 41.895049037964)
JC454726,,9/30/2019 17:50,30,UNKNOWN,UNKNOWN,UNKNOWN,UNKNOWN,SIDESWIPE SAME DIRECTION,NOT DIVIDED,,STRAIGHT AND LEVEL,UNKNOWN,UNKNOWN,ON SCENE,INJURY AND / OR TOW DUE TO CRASH,,,,"OVER $1,500",9/30/2019 18:00,UNABLE TO DETERMINE,NOT APPLICABLE,1217,W,DIVERSEY PKWY,1932,,,,,,,3,NO INDICATION OF INJURY,0,0,0,0,0,3,0,17,2,9,41.93243374,-87.65943578,POINT (-87.659435778993 41.932433736019)
JC454712,,9/30/2019 17:50,25,TRAFFIC SIGNAL,FUNCTIONING PROPERLY,CLEAR,DAYLIGHT,PEDESTRIAN,NOT DIVIDED,,STRAIGHT AND LEVEL,DRY,NO DEFECTS,ON SCENE,INJURY AND / OR TOW DUE TO CRASH,Y,,,$500 OR LESS,9/30/2019 17:51,NOT APPLICABLE,NOT APPLICABLE,4400,N,WESTERN AVE,1911,,,,,,,2,INCAPACITATING INJURY,1,0,1,0,0,1,0,17,2,9,41.96140185,-87.68883262,POINT (-87.688832622779 41.961401846279)
JC454706,,9/30/2019 17:49,35,NO CONTROLS,NO CONTROLS,CLEAR,DAYLIGHT,SIDESWIPE SAME DIRECTION,NOT DIVIDED,,STRAIGHT AND LEVEL,DRY,NO DEFECTS,ON SCENE,INJURY AND / OR TOW DUE TO CRASH,,,,"OVER $1,500",9/30/2019 17:52,IMPROPER OVERTAKING/PASSING,NOT APPLICABLE,10299,S,INDIANAPOLIS AVE,432,,,,,,,2,NO INDICATION OF INJURY,0,0,0,0,0,2,0,17,2,9,41.70836607,-87.53033346,POINT (-87.530333457099 41.708366070876)
JC454723,,9/30/2019 17:48,30,NO CONTROLS,NO CONTROLS,CLEAR,DAWN,PARKED MOTOR VEHICLE,NOT DIVIDED,,STRAIGHT AND LEVEL,DRY,NO DEFECTS,ON SCENE,INJURY AND / OR TOW DUE TO CRASH,,,,"OVER $1,500",9/30/2019 17:50,PHYSICAL CONDITION OF DRIVER,DRIVING ON WRONG SIDE/WRONG WAY,7129,S,WENTWORTH AVE,731,,,,,,,2,NONINCAPACITATING INJURY,3,0,0,3,0,0,0,17,2,9,41.76455352,-87.62960211,POINT (-87.629602110866 41.764553524281)
JC454725,,9/30/2019 17:47,30,NO CONTROLS,NO CONTROLS,CLEAR,DAYLIGHT,ANGLE,PARKING LOT,,STRAIGHT AND LEVEL,DRY,NO DEFECTS,NOT ON SCENE (DESK REPORT),NO INJURY / DRIVE AWAY,,,,"OVER $1,500",9/30/2019 18:09,UNABLE TO DETERMINE,NOT APPLICABLE,1100,W,HARRISON ST,1232,,,,,,,2,NO INDICATION OF INJURY,0,0,0,0,0,2,0,17,2,9,41.87442952,-87.65454927,POINT (-87.654549273052 41.874429519405)
JC455654,Y,9/30/2019 17:45,15,NO CONTROLS,NO CONTROLS,CLEAR,DAYLIGHT,PARKED MOTOR VEHICLE,PARKING LOT,,STRAIGHT AND LEVEL,DRY,NO DEFECTS,NOT ON SCENE (DESK REPORT),NO INJURY / DRIVE AWAY,,Y,Y,"$501 - $1,500",10/1/2019 13:10,UNABLE TO DETERMINE,NOT APPLICABLE,600,E,GRAND AVE,1834,,,,,,,2,NO INDICATION OF INJURY,0,0,0,0,0,1,0,17,2,9,41.89209414,-87.61156988,POINT (-87.611569883947 41.892094136862)
JC454713,,9/30/2019 17:45,30,TRAFFIC SIGNAL,FUNCTIONING PROPERLY,CLEAR,DAYLIGHT,SIDESWIPE SAME DIRECTION,DIVIDED - W/MEDIAN (NOT RAISED),,STRAIGHT AND LEVEL,DRY,NO DEFECTS,NOT ON SCENE (DESK REPORT),NO INJURY / DRIVE AWAY,,,,"$501 - $1,500",9/30/2019 18:10,UNABLE TO DETERMINE,NOT APPLICABLE,3958,W,63RD ST,823,,,,,,,2,NO INDICATION OF INJURY,0,0,0,0,0,3,0,17,2,9,41.77876921,-87.7226394,POINT (-87.722639397243 41.778769211741)
JC454752,,9/30/2019 17:40,35,STOP SIGN/FLASHER,FUNCTIONING PROPERLY,CLEAR,DAYLIGHT,REAR END,DIVIDED - W/MEDIAN (NOT RAISED),,STRAIGHT AND LEVEL,DRY,NO DEFECTS,NOT ON SCENE (DESK REPORT),NO INJURY / DRIVE AWAY,,,Y,"$501 - $1,500",9/30/2019 18:25,UNABLE TO DETERMINE,UNABLE TO DETERMINE,3231,W,WARREN BLVD,1123,,,,,,,2,NO INDICATION OF INJURY,0,0,0,0,0,2,0,17,2,9,41.88175059,-87.70737397,POINT (-87.707373966927 41.881750593475)
JC454746,,9/30/2019 17:40,30,STOP SIGN/FLASHER,NO CONTROLS,CLEAR,DAYLIGHT,ANGLE,NOT DIVIDED,,STRAIGHT AND LEVEL,DRY,NO DEFECTS,NOT ON SCENE (DESK REPORT),NO INJURY / DRIVE AWAY,Y,,Y,"$501 - $1,500",9/30/2019 18:10,UNABLE TO DETERMINE,UNABLE TO DETERMINE,31,N,CAMPBELL AVE,1222,,,,,,,2,NO INDICATION OF INJURY,0,0,0,0,0,4,0,17,2,9,41.88202423,-87.68835969,POINT (-87.688359686949 41.882024226647)
JC454734,,9/30/2019 17:40,15,NO CONTROLS,NO CONTROLS,CLEAR,DAYLIGHT,FIXED OBJECT,ONE-WAY,,STRAIGHT AND LEVEL,DRY,NO DEFECTS,ON SCENE,INJURY AND / OR TOW DUE TO CRASH,,Y,,"OVER $1,500",9/30/2019 17:45,EQUIPMENT - VEHICLE CONDITION,UNABLE TO DETERMINE,3232,W,53RD ST,822,,,,,,,1,NO INDICATION OF INJURY,0,0,0,0,0,1,0,17,2,9,41.79725798,-87.70494983,POINT (-87.704949826213 41.797257982819)
JC454757,,9/30/2019 17:35,30,NO CONTROLS,NO CONTROLS,CLEAR,DAYLIGHT,SIDESWIPE SAME DIRECTION,DIVIDED - W/MEDIAN BARRIER,,STRAIGHT AND LEVEL,DRY,NO DEFECTS,NOT ON SCENE (DESK REPORT),NO INJURY / DRIVE AWAY,,,Y,"OVER $1,500",9/30/2019 18:25,UNABLE TO DETERMINE,UNABLE TO DETERMINE,1800,S,LAKE SHORE DR E,132,,,,,,,2,NO INDICATION OF INJURY,0,0,0,0,0,2,0,17,2,9,41.85790967,-87.61659414,POINT (-87.616594138523 41.857909668758)
JC454737,,9/30/2019 17:30,30,TRAFFIC SIGNAL,FUNCTIONING PROPERLY,CLEAR,DAYLIGHT,SIDESWIPE SAME DIRECTION,NOT DIVIDED,,STRAIGHT AND LEVEL,UNKNOWN,UNKNOWN,NOT ON SCENE (DESK REPORT),NO INJURY / DRIVE AWAY,,,Y,"$501 - $1,500",9/30/2019 18:14,IMPROPER OVERTAKING/PASSING,IMPROPER OVERTAKING/PASSING,800,W,DIVERSEY PKWY,1933,,,,,,,2,NO INDICATION OF INJURY,0,0,0,0,0,2,0,17,2,9,41.93282831,-87.64907675,POINT (-87.649076753345 41.932828308369)
JC454733,,9/30/2019 17:30,30,STOP SIGN/FLASHER,FUNCTIONING PROPERLY,CLEAR,DAYLIGHT,REAR END,FOUR WAY,,STRAIGHT AND LEVEL,DRY,NO DEFECTS,NOT ON SCENE (DESK REPORT),NO INJURY / DRIVE AWAY,Y,,,"$501 - $1,500",9/30/2019 18:23,FAILING TO REDUCE SPEED TO AVOID CRASH,NOT APPLICABLE,1604,N,ASHLAND AVE,1433,,,,,,,2,NO INDICATION OF INJURY,0,0,0,0,0,2,0,17,2,9,41.9108323,-87.66784362,POINT (-87.66784361986 41.91083229453)
JC454696,,9/30/2019 17:26,30,TRAFFIC SIGNAL,UNKNOWN,CLEAR,DAYLIGHT,REAR END,FOUR WAY,,STRAIGHT AND LEVEL,DRY,UNKNOWN,NOT ON SCENE (DESK REPORT),NO INJURY / DRIVE AWAY,N,,,"$501 - $1,500",9/30/2019 17:58,FAILING TO REDUCE SPEED TO AVOID CRASH,NOT APPLICABLE,7900,S,LAFAYETTE AVE,623,,,,,,,2,NO INDICATION OF INJURY,0,0,0,0,0,2,0,17,2,9,41.75089105,-87.62596851,POINT (-87.625968505423 41.750891046593)
JC458849,,9/30/2019 17:20,30,UNKNOWN,UNKNOWN,UNKNOWN,DAYLIGHT,PARKED MOTOR VEHICLE,UNKNOWN,,STRAIGHT AND LEVEL,UNKNOWN,UNKNOWN,NOT ON SCENE (DESK REPORT),NO INJURY / DRIVE AWAY,,,,$500 OR LESS,10/3/2019 15:15,UNABLE TO DETERMINE,NOT APPLICABLE,4800,W,GLADYS AVE,1533,,,,,,,2,NO INDICATION OF INJURY,0,0,0,0,0,1,0,17,2,9,41.87600031,-87.74517574,POINT (-87.745175740063 41.876000307017)
JC455285,,9/30/2019 17:20,30,TRAFFIC SIGNAL,FUNCTIONING PROPERLY,CLEAR,DAYLIGHT,REAR END,DIVIDED - W/MEDIAN (NOT RAISED),,STRAIGHT AND LEVEL,DRY,NO DEFECTS,,NO INJURY / DRIVE AWAY,,,,"OVER $1,500",10/1/2019 7:55,FOLLOWING TOO CLOSELY,FOLLOWING TOO CLOSELY,299,N,WESTERN AVE,1223,,,,,,,2,NO INDICATION OF INJURY,0,0,0,0,0,2,0,17,2,9,41.88658471,-87.68643087,POINT (-87.686430869731 41.886584709013)
JC454716,,9/30/2019 17:20,30,STOP SIGN/FLASHER,FUNCTIONING PROPERLY,CLEAR,DAYLIGHT,ANGLE,NOT DIVIDED,,STRAIGHT AND LEVEL,UNKNOWN,UNKNOWN,NOT ON SCENE (DESK REPORT),NO INJURY / DRIVE AWAY,Y,,,"$501 - $1,500",9/30/2019 17:55,IMPROPER OVERTAKING/PASSING,IMPROPER OVERTAKING/PASSING,2600,N,RACINE AVE,1932,,,,,,,2,NO INDICATION OF INJURY,0,0,0,0,0,4,0,17,2,9,41.9289652,-87.65872697,POINT (-87.658726968208 41.928965204445)
JC454751,,9/30/2019 17:15,30,TRAFFIC SIGNAL,FUNCTIONING PROPERLY,CLEAR,DAYLIGHT,TURNING,NOT DIVIDED,,STRAIGHT AND LEVEL,DRY,NO DEFECTS,,NO INJURY / DRIVE AWAY,,,,"$501 - $1,500",9/30/2019 18:30,IMPROPER TURNING/NO SIGNAL,UNABLE TO DETERMINE,241,E,CONGRESS DR,114,,,,,,,2,NO INDICATION OF INJURY,0,0,0,0,0,2,0,17,2,9,41.87565973,-87.6209451,POINT (-87.620945100678 41.875659725389)
JC454652,,9/30/2019 17:15,15,NO CONTROLS,NO CONTROLS,CLEAR,DAYLIGHT,PARKED MOTOR VEHICLE,ONE-WAY,,STRAIGHT AND LEVEL,DRY,NO DEFECTS,ON SCENE,INJURY AND / OR TOW DUE TO CRASH,,,,"OVER $1,500",9/30/2019 17:17,EQUIPMENT - VEHICLE CONDITION,UNABLE TO DETERMINE,5416,W,MONROE ST,1522,,,,,,,2,NO INDICATION OF INJURY,0,0,0,0,0,1,0,17,2,9,41.87941888,-87.7603902,POINT (-87.760390200285 41.879418882547)
JC454738,,9/30/2019 17:10,30,NO CONTROLS,NO CONTROLS,CLEAR,DAYLIGHT,PARKED MOTOR VEHICLE,NOT DIVIDED,,STRAIGHT AND LEVEL,DRY,NO DEFECTS,NOT ON SCENE (DESK REPORT),NO INJURY / DRIVE AWAY,,,N,"$501 - $1,500",9/30/2019 18:15,UNABLE TO DETERMINE,NOT APPLICABLE,1299,W,WEBSTER AVE,1811,,,,,,,2,NO INDICATION OF INJURY,0,0,0,0,0,1,0,17,2,9,41.92153164,-87.66070645,POINT (-87.660706448372 41.921531642589)
JC454688,,9/30/2019 17:05,25,NO CONTROLS,NO CONTROLS,CLEAR,DAYLIGHT,PARKED MOTOR VEHICLE,NOT DIVIDED,,STRAIGHT AND LEVEL,DRY,NO DEFECTS,ON SCENE,NO INJURY / DRIVE AWAY,,,,"OVER $1,500",9/30/2019 17:10,UNABLE TO DETERMINE,UNABLE TO DETERMINE,3032,W,SCHOOL ST,1733,,,,,,,4,NO INDICATION OF INJURY,0,0,0,0,0,1,0,17,2,9,41.94116674,-87.70414046,POINT (-87.704140462296 41.941166743713)
JC455987,,9/30/2019 17:00,30,NO CONTROLS,NO CONTROLS,CLEAR,DAYLIGHT,SIDESWIPE SAME DIRECTION,NOT DIVIDED,,STRAIGHT AND LEVEL,DRY,NO DEFECTS,NOT ON SCENE (DESK REPORT),NO INJURY / DRIVE AWAY,,,,"$501 - $1,500",10/1/2019 16:50,FOLLOWING TOO CLOSELY,FOLLOWING TOO CLOSELY,5440,S,WESTERN BLVD,923,,,,,,,2,NO INDICATION OF INJURY,0,0,0,0,0,2,0,17,2,9,41.79433014,-87.68362735,POINT (-87.683627349188 41.794330135045)
JC455655,,9/30/2019 17:00,0,NO CONTROLS,NO CONTROLS,CLEAR,DAYLIGHT,PARKED MOTOR VEHICLE,ONE-WAY,,STRAIGHT AND LEVEL,DRY,NO DEFECTS,NOT ON SCENE (DESK REPORT),NO INJURY / DRIVE AWAY,,,,"$501 - $1,500",10/1/2019 13:00,IMPROPER BACKING,UNABLE TO DETERMINE,4802,W,GLADYS AVE,1533,,,,,,,2,NO INDICATION OF INJURY,0,0,0,0,0,1,0,17,2,9,41.8759843,-87.74524422,POINT (-87.745244221827 41.875984297781)
JC454929,Y,9/30/2019 17:00,20,NO CONTROLS,NO CONTROLS,CLEAR,DAYLIGHT,PARKED MOTOR VEHICLE,ONE-WAY,,STRAIGHT AND LEVEL,DRY,NO DEFECTS,NOT ON SCENE (DESK REPORT),NO INJURY / DRIVE AWAY,,,Y,"$501 - $1,500",9/30/2019 20:20,UNABLE TO DETERMINE,UNABLE TO DETERMINE,4448,W,GUNNISON ST,1712,,,,,,,2,NO INDICATION OF INJURY,0,0,0,0,0,1,0,17,2,9,41.96912834,-87.73993831,POINT (-87.739938311623 41.969128337422)
JC454676,,9/30/2019 17:00,30,TRAFFIC SIGNAL,FUNCTIONING PROPERLY,CLEAR,DAYLIGHT,TURNING,NOT DIVIDED,,STRAIGHT AND LEVEL,DRY,NO DEFECTS,NOT ON SCENE (DESK REPORT),NO INJURY / DRIVE AWAY,Y,,,"OVER $1,500",9/30/2019 17:35,NOT APPLICABLE,NOT APPLICABLE,3201,W,BRYN MAWR AVE,1712,,,,,,,2,NO INDICATION OF INJURY,0,0,0,0,0,2,0,17,2,9,41.98295697,-87.70893337,POINT (-87.708933370232 41.982956973822)
JC454656,,9/30/2019 17:00,45,NO CONTROLS,NO CONTROLS,CLEAR,DAYLIGHT,REAR END,DIVIDED - W/MEDIAN BARRIER,,STRAIGHT AND LEVEL,DRY,NO DEFECTS,ON SCENE,NO INJURY / DRIVE AWAY,,,,"OVER $1,500",9/30/2019 17:05,FAILING TO REDUCE SPEED TO AVOID CRASH,FOLLOWING TOO CLOSELY,5300,S,LAKE SHORE DR SB,234,,,,,,,3,NO INDICATION OF INJURY,0,0,0,0,0,4,0,17,2,9,41.7995694,-87.58154906,POINT (-87.581549060329 41.7995693995)
JC454658,,9/30/2019 16:55,30,NO CONTROLS,NO CONTROLS,CLEAR,DAYLIGHT,PARKED MOTOR VEHICLE,ONE-WAY,,STRAIGHT AND LEVEL,DRY,NO DEFECTS,ON SCENE,NO INJURY / DRIVE AWAY,,,,$500 OR LESS,9/30/2019 17:00,NOT APPLICABLE,NOT APPLICABLE,11628,S,BISHOP ST,524,,,,,,,2,NO INDICATION OF INJURY,0,0,0,0,0,2,0,16,2,9,41.68216904,-87.65802234,POINT (-87.658022341418 41.682169039321)
JC454648,,9/30/2019 16:55,15,NO CONTROLS,NO CONTROLS,CLEAR,DAYLIGHT,TURNING,NOT DIVIDED,,STRAIGHT AND LEVEL,DRY,NO DEFECTS,ON SCENE,NO INJURY / DRIVE AWAY,,,Y,"OVER $1,500",9/30/2019 17:00,UNABLE TO DETERMINE,UNABLE TO DETERMINE,2244,W,BARRY AVE,1931,,,,,,,2,NO INDICATION OF INJURY,0,0,0,0,0,3,0,16,2,9,41.93778018,-87.68497263,POINT (-87.684972628978 41.937780181107)
JC454763,,9/30/2019 16:53,30,NO CONTROLS,NO CONTROLS,CLEAR,DAYLIGHT,REAR END,DIVIDED - W/MEDIAN (NOT RAISED),,STRAIGHT AND LEVEL,DRY,NO DEFECTS,NOT ON SCENE (DESK REPORT),NO INJURY / DRIVE AWAY,,,,"$501 - $1,500",9/30/2019 18:10,FOLLOWING TOO CLOSELY,UNABLE TO DETERMINE,8425,W,IRVING PARK RD,1631,,,,,,,2,NO INDICATION OF INJURY,0,0,0,0,0,2,0,16,2,9,41.95200227,-87.83769643,POINT (-87.837696429937 41.952002269291)
JC454967,,9/30/2019 16:50,30,TRAFFIC SIGNAL,FUNCTIONING PROPERLY,CLEAR,"DARKNESS, LIGHTED ROAD",REAR END,NOT DIVIDED,,STRAIGHT AND LEVEL,DRY,UNKNOWN,NOT ON SCENE (DESK REPORT),NO INJURY / DRIVE AWAY,,,,$500 OR LESS,9/30/2019 21:00,UNABLE TO DETERMINE,UNABLE TO DETERMINE,1025,N,ORLEANS ST,1823,,,,,,,2,NO INDICATION OF INJURY,0,0,0,0,0,2,0,16,2,9,41.90124715,-87.63720551,POINT (-87.637205504683 41.901247144504)
JC454628,,9/30/2019 16:50,30,NO CONTROLS,NO CONTROLS,CLOUDY/OVERCAST,DAYLIGHT,SIDESWIPE SAME DIRECTION,DIVIDED - W/MEDIAN (NOT RAISED),,STRAIGHT AND LEVEL,DRY,NO DEFECTS,ON SCENE,INJURY AND / OR TOW DUE TO CRASH,,,,"OVER $1,500",9/30/2019 16:57,UNABLE TO DETERMINE,UNABLE TO DETERMINE,6941,N,SHERIDAN RD,2431,,,,,,,3,NO INDICATION OF INJURY,0,0,0,0,0,3,0,16,2,9,42.00794425,-87.66152944,POINT (-87.661529443876 42.007944253129)
JC454615,,9/30/2019 16:46,30,STOP SIGN/FLASHER,FUNCTIONING PROPERLY,CLEAR,DAYLIGHT,TURNING,FOUR WAY,,STRAIGHT AND LEVEL,DRY,WORN SURFACE,ON SCENE,NO INJURY / DRIVE AWAY,Y,,,"OVER $1,500",9/30/2019 16:46,UNABLE TO DETERMINE,UNABLE TO DETERMINE,2500,S,WESTERN AVE,1034,,,,,,,2,NO INDICATION OF INJURY,0,0,0,0,0,7,0,16,2,9,41.84649544,-87.68563425,POINT (-87.685634247279 41.8464954425)
JC454646,,9/30/2019 16:45,30,NO CONTROLS,OTHER,CLEAR,DAYLIGHT,TURNING,DIVIDED - W/MEDIAN BARRIER,,STRAIGHT AND LEVEL,DRY,NO DEFECTS,ON SCENE,NO INJURY / DRIVE AWAY,Y,,,"OVER $1,500",9/30/2019 16:50,UNABLE TO DETERMINE,UNABLE TO DETERMINE,1554,E,55TH ST,234,,,,,,,2,NO INDICATION OF INJURY,0,0,0,0,0,2,0,16,2,9,41.79529732,-87.58782256,POINT (-87.587822555467 41.79529731814)
JC454606,,9/30/2019 16:45,25,UNKNOWN,UNKNOWN,CLEAR,DAYLIGHT,PARKED MOTOR VEHICLE,ONE-WAY,,STRAIGHT AND LEVEL,DRY,NO DEFECTS,ON SCENE,NO INJURY / DRIVE AWAY,,,,"$501 - $1,500",9/30/2019 16:55,UNABLE TO DETERMINE,NOT APPLICABLE,6414,N,HOYNE AVE,2412,,,,,,,2,NO INDICATION OF INJURY,0,0,0,0,0,1,0,16,2,9,41.99833583,-87.68273682,POINT (-87.682736817006 41.998335829067)
JC454601,Y,9/30/2019 16:45,30,NO CONTROLS,NO CONTROLS,CLEAR,DAYLIGHT,TURNING,NOT DIVIDED,,STRAIGHT AND LEVEL,DRY,NO DEFECTS,NOT ON SCENE (DESK REPORT),NO INJURY / DRIVE AWAY,,,,"OVER $1,500",9/30/2019 17:00,"OPERATING VEHICLE IN ERRATIC, RECKLESS, CARELESS, NEGLIGENT OR AGGRESSIVE MANNER",UNABLE TO DETERMINE,4100,N,PULASKI RD,1722,,,,,,,2,NO INDICATION OF INJURY,0,0,0,0,0,2,0,16,2,9,41.95556567,-87.72781803,POINT (-87.727818032148 41.955565668022)
JC454571,,9/30/2019 16:45,30,NO CONTROLS,NO CONTROLS,CLEAR,DAYLIGHT,SIDESWIPE SAME DIRECTION,NOT DIVIDED,,STRAIGHT AND LEVEL,DRY,NO DEFECTS,ON SCENE,NO INJURY / DRIVE AWAY,,,Y,"OVER $1,500",9/30/2019 16:50,IMPROPER OVERTAKING/PASSING,NOT APPLICABLE,3101,N,ASHLAND AVE,1932,,,,,,,2,NO INDICATION OF INJURY,0,0,0,0,0,4,0,16,2,9,41.93795851,-87.66845232,POINT (-87.668452316403 41.937958513423)
JC454582,,9/30/2019 16:44,30,TRAFFIC SIGNAL,FUNCTIONING PROPERLY,CLEAR,DAYLIGHT,PEDALCYCLIST,NOT DIVIDED,,STRAIGHT AND LEVEL,DRY,NO DEFECTS,ON SCENE,INJURY AND / OR TOW DUE TO CRASH,Y,,,"OVER $1,500",9/30/2019 16:46,FAILING TO YIELD RIGHT-OF-WAY,NOT APPLICABLE,3800,N,CENTRAL AVE,1633,,,,,,,2,NONINCAPACITATING INJURY,1,0,0,1,0,10,0,16,2,9,41.94957174,-87.7670287,POINT (-87.7670286962 41.949571741267)
JC455546,,9/30/2019 16:40,10,NO CONTROLS,NO CONTROLS,CLEAR,DAYLIGHT,PARKED MOTOR VEHICLE,PARKING LOT,,STRAIGHT AND LEVEL,DRY,NO DEFECTS,NOT ON SCENE (DESK REPORT),NO INJURY / DRIVE AWAY,,Y,Y,"OVER $1,500",10/1/2019 12:15,UNABLE TO DETERMINE,UNABLE TO DETERMINE,1641,W,HARRISON ST,1231,,,,,,,2,NO INDICATION OF INJURY,0,0,0,0,0,1,0,16,2,9,41.87406011,-87.66838474,POINT (-87.668384740591 41.874060107846)
JC454531,,9/30/2019 16:36,30,STOP SIGN/FLASHER,FUNCTIONING PROPERLY,CLEAR,DAYLIGHT,ANGLE,NOT DIVIDED,,STRAIGHT AND LEVEL,DRY,NO DEFECTS,ON SCENE,INJURY AND / OR TOW DUE TO CRASH,,,,"OVER $1,500",9/30/2019 16:49,FAILING TO REDUCE SPEED TO AVOID CRASH,FAILING TO REDUCE SPEED TO AVOID CRASH,2227,E,92ND ST,413,,,,,,,2,"REPORTED, NOT EVIDENT",2,0,0,0,2,0,0,16,2,9,41.72790771,-87.56946752,POINT (-87.569467520296 41.727907706694)
JC445014,,9/30/2019 16:35,15,NO CONTROLS,NO CONTROLS,CLEAR,DAYLIGHT,REAR TO SIDE,PARKING LOT,,STRAIGHT AND LEVEL,DRY,UNKNOWN,NOT ON SCENE (DESK REPORT),NO INJURY / DRIVE AWAY,,Y,,$500 OR LESS,9/30/2019 22:10,UNABLE TO DETERMINE,NOT APPLICABLE,2104,S,WABASH AVE,131,,,,,,,2,NO INDICATION OF INJURY,0,0,0,0,0,2,0,16,2,9,41.85406965,-87.6256723,POINT (-87.625672296424 41.854069654487)