RD_NO,CRASH_DATE_EST_I,CRASH_DATE,POSTED_SPEED_LIMIT,TRAFFIC_CONTROL_DEVICE,DEVICE_CONDITION,WEATHER_CONDITION,LIGHTING_CONDITION,FIRST_CRASH_TYPE,TRAFFICWAY_TYPE,LANE_CNT,ALIGNMENT,ROADWAY_SURFACE_COND,ROAD_DEFECT,REPORT_TYPE,CRASH_TYPE,INTERSECTION_RELATED_I,NOT_RIGHT_OF_WAY_I,HIT_AND_RUN_I,DAMAGE,DATE_POLICE_NOTIFIED,PRIM_CONTRIBUTORY_CAUSE,SEC_CONTRIBUTORY_CAUSE,STREET_NO,STREET_DIRECTION,STREET_NAME,BEAT_OF_OCCURRENCE,PHOTOS_TAKEN_I,STATEMENTS_TAKEN_I,DOORING_I,WORK_ZONE_I,WORK_ZONE_TYPE,WORKERS_PRESENT_I,NUM_UNITS,MOST_SEVERE_INJURY,INJURIES_TOTAL,INJURIES_FATAL,INJURIES_INCAPACITATING,INJURIES_NON_INCAPACITATING,INJURIES_REPORTED_NOT_EVIDENT,INJURIES_NO_INDICATION,INJURIES_UNKNOWN,CRASH_HOUR,CRASH_DAY_OF_WEEK,CRASH_MONTH,LATITUDE,LONGITUDE,LOCATION
JC454640,,9/30/2019 16:30,30,NO CONTROLS,NO CONTROLS,CLEAR,DAYLIGHT,SIDESWIPE SAME DIRECTION,DIVIDED - W/MEDIAN (NOT RAISED),,STRAIGHT AND LEVEL,DRY,NO DEFECTS,NOT ON SCENE (DESK REPORT),NO INJURY / DRIVE AWAY,,,Y,"OVER $1,500",9/30/2019 17:20,UNABLE TO DETERMINE,NOT APPLICABLE,600,N,MICHIGAN AVE,1834,,,,,,,2,NO INDICATION OF INJURY,0,0,0,0,0,5,0,16,2,9,41.89259323,-87.62433405,POINT (-87.624334047949 41.892593225538)
JC454632,,9/30/2019 16:30,15,NO CONTROLS,NO CONTROLS,CLEAR,DAYLIGHT,REAR TO REAR,PARKING LOT,,STRAIGHT AND LEVEL,DRY,NO DEFECTS,NOT ON SCENE (DESK REPORT),NO INJURY / DRIVE AWAY,,,,$500 OR LESS,9/30/2019 17:30,UNABLE TO DETERMINE,UNABLE TO DETERMINE,2400,W,MADISON ST,1222,,,,,,,2,NO INDICATION OF INJURY,0,0,0,0,0,2,0,16,2,9,41.8812705,-87.68653594,POINT (-87.686535940171 41.881270504288)
JC454619,,9/30/2019 16:30,30,NO CONTROLS,NO CONTROLS,CLEAR,DAYLIGHT,SIDESWIPE SAME DIRECTION,UNKNOWN INTERSECTION TYPE,,STRAIGHT AND LEVEL,DRY,NO DEFECTS,ON SCENE,INJURY AND / OR TOW DUE TO CRASH,Y,,,"OVER $1,500",9/30/2019 16:30,FAILING TO YIELD RIGHT-OF-WAY,IMPROPER OVERTAKING/PASSING,8944,S,DR MARTIN LUTHER KING JR DR,633,,,,,,,3,NO INDICATION OF INJURY,0,0,0,0,0,5,0,16,2,9,41.73150931,-87.61454482,POINT (-87.614544819162 41.731509307438)
JC454598,,9/30/2019 16:30,30,NO CONTROLS,NO CONTROLS,CLEAR,DAYLIGHT,ANGLE,NOT DIVIDED,,STRAIGHT AND LEVEL,DRY,NO DEFECTS,ON SCENE,NO INJURY / DRIVE AWAY,Y,,,"$501 - $1,500",9/30/2019 16:44,UNABLE TO DETERMINE,NOT APPLICABLE,317,W,CERMAK RD,914,,,,,,,2,NO INDICATION OF INJURY,0,0,0,0,0,2,0,16,2,9,41.85277171,-87.63556537,POINT (-87.635565364857 41.852771707682)
JC454591,,9/30/2019 16:30,30,TRAFFIC SIGNAL,FUNCTIONING PROPERLY,CLEAR,DAYLIGHT,ANGLE,FOUR WAY,,STRAIGHT AND LEVEL,DRY,NO DEFECTS,ON SCENE,INJURY AND / OR TOW DUE TO CRASH,Y,,,"OVER $1,500",9/30/2019 16:32,UNABLE TO DETERMINE,UNABLE TO DETERMINE,7859,S,KEDZIE AVE,835,,,,,,,3,NO INDICATION OF INJURY,0,0,0,0,0,3,0,16,2,9,41.74987611,-87.70225046,POINT (-87.702250460209 41.749876112003)
JC454556,,9/30/2019 16:30,30,STOP SIGN/FLASHER,FUNCTIONING PROPERLY,CLEAR,DAYLIGHT,ANGLE,NOT DIVIDED,,STRAIGHT AND LEVEL,DRY,NO DEFECTS,ON SCENE,INJURY AND / OR TOW DUE TO CRASH,Y,,,"OVER $1,500",9/30/2019 16:40,FAILING TO YIELD RIGHT-OF-WAY,UNABLE TO DETERMINE,936,N,WESTERN AVE,1212,,,,,,,2,NONINCAPACITATING INJURY,1,0,0,1,0,2,0,16,2,9,41.89863908,-87.68706449,POINT (-87.687064491738 41.898639078754)
JC454613,,9/30/2019 16:25,15,NO CONTROLS,NO CONTROLS,CLEAR,DAYLIGHT,PARKED MOTOR VEHICLE,OTHER,,STRAIGHT ON GRADE,DRY,NO DEFECTS,ON SCENE,NO INJURY / DRIVE AWAY,,,Y,"OVER $1,500",9/30/2019 16:40,UNABLE TO DETERMINE,NOT APPLICABLE,517,W,OHARE ST,1654,,,,,,,2,NO INDICATION OF INJURY,0,0,0,0,0,1,0,16,2,9,,,
JC454547,,9/30/2019 16:25,30,UNKNOWN,UNKNOWN,CLEAR,DAYLIGHT,PEDALCYCLIST,ALLEY,,STRAIGHT AND LEVEL,DRY,NO DEFECTS,ON SCENE,NO INJURY / DRIVE AWAY,,,,$500 OR LESS,9/30/2019 16:30,UNABLE TO DETERMINE,NOT APPLICABLE,4560,W,DIVERSEY AVE,2521,,,,,,,2,NO INDICATION OF INJURY,0,0,0,0,0,2,0,16,2,9,41.931708,-87.74160524,POINT (-87.741605238773 41.93170800389)
JC454729,,9/30/2019 16:20,15,NO CONTROLS,NO CONTROLS,CLEAR,DAYLIGHT,FIXED OBJECT,PARKING LOT,,STRAIGHT AND LEVEL,DRY,NO DEFECTS,NOT ON SCENE (DESK REPORT),NO INJURY / DRIVE AWAY,,Y,,"$501 - $1,500",9/30/2019 18:16,UNABLE TO DETERMINE,UNABLE TO DETERMINE,424,W,DIVISION ST,1821,,,,,,,1,NO INDICATION OF INJURY,0,0,0,0,0,1,0,16,2,9,41.90388396,-87.6394372,POINT (-87.639437201552 41.90388396114)
JC454655,,9/30/2019 16:15,45,NO CONTROLS,NO CONTROLS,CLEAR,DAYLIGHT,REAR END,DIVIDED - W/MEDIAN BARRIER,,STRAIGHT AND LEVEL,DRY,NO DEFECTS,ON SCENE,INJURY AND / OR TOW DUE TO CRASH,,,,"$501 - $1,500",9/30/2019 16:32,FOLLOWING TOO CLOSELY,FAILING TO REDUCE SPEED TO AVOID CRASH,1330,N,LAKE SHORE DR SB,1824,,,,,,,3,NO INDICATION OF INJURY,0,0,0,0,0,6,0,16,2,9,41.9067529,-87.62546419,POINT (-87.625464189197 41.906752896771)
JC454534,,9/30/2019 16:15,30,NO CONTROLS,NO CONTROLS,CLEAR,DAYLIGHT,SIDESWIPE SAME DIRECTION,NOT DIVIDED,,STRAIGHT AND LEVEL,DRY,NO DEFECTS,ON SCENE,NO INJURY / DRIVE AWAY,,,Y,"OVER $1,500",9/30/2019 16:21,UNABLE TO DETERMINE,NOT APPLICABLE,5820,S,STATE ST,232,,,,,,,2,NO INDICATION OF INJURY,0,0,0,0,0,2,0,16,2,9,41.78852751,-87.62569165,POINT (-87.625691645897 41.788527513062)
JC454618,,9/30/2019 16:05,35,STOP SIGN/FLASHER,FUNCTIONING PROPERLY,CLEAR,DAYLIGHT,REAR END,DIVIDED - W/MEDIAN (NOT RAISED),,STRAIGHT AND LEVEL,DRY,NO DEFECTS,NOT ON SCENE (DESK REPORT),NO INJURY / DRIVE AWAY,,,,"$501 - $1,500",9/30/2019 17:10,UNABLE TO DETERMINE,UNABLE TO DETERMINE,1801,S,AVERS AVE,1014,,,,,,,2,NO INDICATION OF INJURY,0,0,0,0,0,2,0,16,2,9,41.85698355,-87.7210082,POINT (-87.721008198 41.856983551151)
JC454558,,9/30/2019 16:04,30,TRAFFIC SIGNAL,FUNCTIONING IMPROPERLY,CLEAR,DAYLIGHT,ANGLE,FOUR WAY,,STRAIGHT AND LEVEL,DRY,NO DEFECTS,ON SCENE,NO INJURY / DRIVE AWAY,Y,,Y,"OVER $1,500",9/30/2019 16:04,DISREGARDING TRAFFIC SIGNALS,FAILING TO REDUCE SPEED TO AVOID CRASH,10229,S,MICHIGAN AVE,511,,,,,,,2,NO INDICATION OF INJURY,0,0,0,0,0,2,0,16,2,9,41.70816213,-87.61991235,POINT (-87.619912349752 41.708162134007)
JC458295,,9/30/2019 16:00,30,NO CONTROLS,NO CONTROLS,CLEAR,"DARKNESS, LIGHTED ROAD",SIDESWIPE SAME DIRECTION,NOT DIVIDED,,STRAIGHT AND LEVEL,DRY,NO DEFECTS,NOT ON SCENE (DESK REPORT),NO INJURY / DRIVE AWAY,,,Y,"OVER $1,500",10/3/2019 10:50,UNABLE TO DETERMINE,UNABLE TO DETERMINE,8299,S,MICHIGAN AVE,631,,,,,,,2,NO INDICATION OF INJURY,0,0,0,0,0,3,0,16,2,9,41.74379972,-87.62104154,POINT (-87.621041537891 41.74379972108)
JC457422,,9/30/2019 16:00,30,TRAFFIC SIGNAL,FUNCTIONING PROPERLY,CLEAR,DAYLIGHT,PEDESTRIAN,FOUR WAY,,STRAIGHT AND LEVEL,DRY,NO DEFECTS,ON SCENE,INJURY AND / OR TOW DUE TO CRASH,,,Y,"OVER $1,500",10/2/2019 16:26,UNABLE TO DETERMINE,UNABLE TO DETERMINE,4900,S,COTTAGE GROVE AVE,223,,,,,,,2,"REPORTED, NOT EVIDENT",1,0,0,0,1,1,0,16,2,9,41.80580087,-87.60663188,POINT (-87.606631879301 41.805800866288)
JC455533,,9/30/2019 16:00,30,TRAFFIC SIGNAL,FUNCTIONING PROPERLY,CLEAR,DAYLIGHT,REAR END,NOT DIVIDED,,STRAIGHT AND LEVEL,DRY,UNKNOWN,NOT ON SCENE (DESK REPORT),NO INJURY / DRIVE AWAY,Y,,Y,"OVER $1,500",10/1/2019 12:00,UNABLE TO DETERMINE,UNABLE TO DETERMINE,1357,E,47TH ST,222,,,,,,,2,NO INDICATION OF INJURY,0,0,0,0,0,2,0,16,2,9,41.80957188,-87.59314532,POINT (-87.59314531742 41.809571877766)
JC454718,,9/30/2019 16:00,30,NO CONTROLS,FUNCTIONING PROPERLY,CLEAR,DAYLIGHT,REAR END,DIVIDED - W/MEDIAN (NOT RAISED),,STRAIGHT AND LEVEL,DRY,NO DEFECTS,NOT ON SCENE (DESK REPORT),NO INJURY / DRIVE AWAY,,,,"$501 - $1,500",9/30/2019 18:13,UNABLE TO DETERMINE,UNABLE TO DETERMINE,4399,W,PETERSON AVE,1711,,,,,,,2,NO INDICATION OF INJURY,0,0,0,0,0,2,0,16,2,9,41.98990667,-87.73828812,POINT (-87.738288115613 41.989906672202)
JC454622,,9/30/2019 16:00,35,UNKNOWN,UNKNOWN,CLEAR,DAYLIGHT,PARKED MOTOR VEHICLE,NOT DIVIDED,,STRAIGHT AND LEVEL,WET,NO DEFECTS,NOT ON SCENE (DESK REPORT),NO INJURY / DRIVE AWAY,,,,"$501 - $1,500",9/30/2019 16:50,UNABLE TO DETERMINE,NOT APPLICABLE,6018,W,DAKIN ST,1633,,,,,,,2,NO INDICATION OF INJURY,0,0,0,0,0,1,0,16,2,9,41.95220793,-87.77754886,POINT (-87.777548861144 41.952207931115)
JC454521,,9/30/2019 16:00,20,TRAFFIC SIGNAL,FUNCTIONING PROPERLY,CLEAR,DAYLIGHT,REAR END,NOT DIVIDED,,STRAIGHT AND LEVEL,DRY,NO DEFECTS,NOT ON SCENE (DESK REPORT),NO INJURY / DRIVE AWAY,,,Y,"$501 - $1,500",9/30/2019 16:15,UNABLE TO DETERMINE,NOT APPLICABLE,1323,W,IRVING PARK RD,1923,,,,,,,2,NO INDICATION OF INJURY,0,0,0,0,0,2,0,16,2,9,41.95425825,-87.66321604,POINT (-87.663216041056 41.954258253547)
JC454504,,9/30/2019 16:00,30,NO CONTROLS,NO CONTROLS,CLEAR,DAYLIGHT,REAR END,NOT DIVIDED,,STRAIGHT AND LEVEL,DRY,NO DEFECTS,NOT ON SCENE (DESK REPORT),NO INJURY / DRIVE AWAY,,,,"$501 - $1,500",9/30/2019 16:10,FOLLOWING TOO CLOSELY,UNABLE TO DETERMINE,98,W,18TH ST,131,,,,,,,2,NO INDICATION OF INJURY,0,0,0,0,0,3,0,16,2,9,41.85790008,-87.62943019,POINT (-87.629430187735 41.857900074545)
JC454549,,9/30/2019 15:58,30,TRAFFIC SIGNAL,FUNCTIONING PROPERLY,CLEAR,DAYLIGHT,PEDESTRIAN,NOT DIVIDED,,STRAIGHT AND LEVEL,DRY,NO DEFECTS,ON SCENE,INJURY AND / OR TOW DUE TO CRASH,Y,,Y,$500 OR LESS,9/30/2019 16:02,FAILING TO YIELD RIGHT-OF-WAY,NOT APPLICABLE,5102,S,WESTERN BLVD,923,,,,,,,2,"REPORTED, NOT EVIDENT",1,0,0,0,1,1,0,15,2,9,41.80101887,-87.68381621,POINT (-87.683816205383 41.801018869022)
JC454561,,9/30/2019 15:57,30,NO CONTROLS,NO CONTROLS,CLEAR,DAYLIGHT,ANGLE,NOT DIVIDED,,STRAIGHT AND LEVEL,DRY,NO DEFECTS,NOT ON SCENE (DESK REPORT),INJURY AND / OR TOW DUE TO CRASH,,,,"OVER $1,500",9/30/2019 16:15,UNABLE TO DETERMINE,UNABLE TO DETERMINE,2943,N,PINE GROVE AVE,1934,,,,,,,2,NO INDICATION OF INJURY,0,0,0,0,0,2,0,15,2,9,41.93561397,-87.64167861,POINT (-87.641678612587 41.935613967236)
JC454532,,9/30/2019 15:56,30,NO CONTROLS,NO CONTROLS,CLEAR,DAYLIGHT,SIDESWIPE SAME DIRECTION,DIVIDED - W/MEDIAN BARRIER,,STRAIGHT AND LEVEL,DRY,NO DEFECTS,ON SCENE,INJURY AND / OR TOW DUE TO CRASH,,,,"OVER $1,500",9/30/2019 15:56,IMPROPER LANE USAGE,IMPROPER OVERTAKING/PASSING,305,W,95TH ST,511,,,,,,,2,NONINCAPACITATING INJURY,2,0,0,1,1,1,0,15,2,9,41.7215131,-87.63130467,POINT (-87.631304673711 41.721513102856)
JC454555,,9/30/2019 15:55,30,NO CONTROLS,NO CONTROLS,CLEAR,DAYLIGHT,REAR END,NOT DIVIDED,,STRAIGHT AND LEVEL,DRY,NO DEFECTS,NOT ON SCENE (DESK REPORT),NO INJURY / DRIVE AWAY,,,,"$501 - $1,500",9/30/2019 16:30,UNABLE TO DETERMINE,NOT APPLICABLE,1300,S,WESTERN AVE,1023,,,,,,,2,NO INDICATION OF INJURY,0,0,0,0,0,4,0,15,2,9,41.86473994,-87.68613406,POINT (-87.686134063238 41.864739941196)
JC454509,,9/30/2019 15:50,20,NO CONTROLS,NO CONTROLS,CLEAR,DAYLIGHT,PARKED MOTOR VEHICLE,ONE-WAY,,STRAIGHT AND LEVEL,DRY,NO DEFECTS,ON SCENE,NO INJURY / DRIVE AWAY,,,,"$501 - $1,500",9/30/2019 16:00,UNABLE TO DETERMINE,UNABLE TO DETERMINE,5449,N,WINTHROP AVE,2023,,,,,,,2,NO INDICATION OF INJURY,0,0,0,0,0,1,0,15,2,9,41.98145947,-87.65780809,POINT (-87.657808085114 41.981459473933)
JC454616,,9/30/2019 15:48,30,NO CONTROLS,NO CONTROLS,CLEAR,DAYLIGHT,TURNING,NOT DIVIDED,,STRAIGHT AND LEVEL,DRY,UNKNOWN,ON SCENE,INJURY AND / OR TOW DUE TO CRASH,,,,"OVER $1,500",9/30/2019 16:39,IMPROPER OVERTAKING/PASSING,IMPROPER TURNING/NO SIGNAL,12700,S,DOTY AVE E,434,,,,,,,2,NO INDICATION OF INJURY,0,0,0,0,0,3,0,15,2,9,41.66366371,-87.59179752,POINT (-87.591797521193 41.663663713452)
JC454553,,9/30/2019 15:46,30,TRAFFIC SIGNAL,FUNCTIONING PROPERLY,CLEAR,DAYLIGHT,TURNING,DIVIDED - W/MEDIAN (NOT RAISED),,STRAIGHT AND LEVEL,DRY,NO DEFECTS,ON SCENE,INJURY AND / OR TOW DUE TO CRASH,,,,"OVER $1,500",9/30/2019 15:46,FAILING TO YIELD RIGHT-OF-WAY,NOT APPLICABLE,2949,W,ADDISON ST,1733,,,,,,,2,NONINCAPACITATING INJURY,1,0,0,1,0,1,0,15,2,9,41.94654252,-87.70247583,POINT (-87.702475831209 41.946542514774)
JC454488,Y,9/30/2019 15:45,35,NO CONTROLS,NO CONTROLS,CLEAR,DAYLIGHT,TURNING,NOT DIVIDED,,STRAIGHT AND LEVEL,DRY,NO DEFECTS,NOT ON SCENE (DESK REPORT),NO INJURY / DRIVE AWAY,,,,"$501 - $1,500",9/30/2019 15:55,UNABLE TO DETERMINE,UNABLE TO DETERMINE,3200,W,FOSTER AVE,1712,,,,,,,2,NO INDICATION OF INJURY,0,0,0,0,0,2,0,15,2,9,41.97585692,-87.70874364,POINT (-87.708743641643 41.975856915535)
JC454649,,9/30/2019 15:40,30,NO CONTROLS,NO CONTROLS,CLEAR,DAYLIGHT,TURNING,DIVIDED - W/MEDIAN (NOT RAISED),,STRAIGHT AND LEVEL,DRY,NO DEFECTS,NOT ON SCENE (DESK REPORT),NO INJURY / DRIVE AWAY,,,,"$501 - $1,500",9/30/2019 17:20,UNABLE TO DETERMINE,UNABLE TO DETERMINE,3800,N,ELSTON AVE,1732,,,,,,,2,NO INDICATION OF INJURY,0,0,0,0,0,2,0,15,2,9,41.95015408,-87.7141852,POINT (-87.714185196966 41.950154074831)
JC454505,,9/30/2019 15:35,30,NO CONTROLS,NO CONTROLS,CLEAR,DAYLIGHT,TURNING,FOUR WAY,,STRAIGHT AND LEVEL,DRY,NO DEFECTS,ON SCENE,NO INJURY / DRIVE AWAY,Y,,,$500 OR LESS,9/30/2019 15:41,"VISION OBSCURED (SIGNS, TREE LIMBS, BUILDINGS, ETC.)",UNABLE TO DETERMINE,430,N,DAMEN AVE,1221,,,,,,,2,NO INDICATION OF INJURY,0,0,0,0,0,4,0,15,2,9,41.889673,-87.67701892,POINT (-87.677018914729 41.889672998448)
JC454484,,9/30/2019 15:31,30,TRAFFIC SIGNAL,FUNCTIONING PROPERLY,CLEAR,DAYLIGHT,REAR END,NOT DIVIDED,,STRAIGHT AND LEVEL,DRY,NO DEFECTS,ON SCENE,NO INJURY / DRIVE AWAY,,,Y,"OVER $1,500",9/30/2019 15:37,FOLLOWING TOO CLOSELY,UNABLE TO DETERMINE,1401,W,74TH ST,734,,,,,,,2,NO INDICATION OF INJURY,0,0,0,0,0,2,0,15,2,9,41.75941294,-87.65890371,POINT (-87.658903707842 41.759412936212)
JC454620,,9/30/2019 15:30,35,UNKNOWN,UNKNOWN,CLEAR,DAYLIGHT,REAR TO SIDE,NOT DIVIDED,,STRAIGHT AND LEVEL,UNKNOWN,UNKNOWN,ON SCENE,NO INJURY / DRIVE AWAY,Y,,,"OVER $1,500",9/30/2019 16:33,UNABLE TO DETERMINE,NOT APPLICABLE,6719,S,KEDZIE AVE,831,,,,,,,2,NO INDICATION OF INJURY,0,0,0,0,0,3,0,15,2,9,41.77112792,-87.70281175,POINT (-87.702811754233 41.771127922153)
JC454540,,9/30/2019 15:30,35,NO CONTROLS,FUNCTIONING PROPERLY,CLEAR,DAYLIGHT,SIDESWIPE SAME DIRECTION,NOT DIVIDED,,STRAIGHT AND LEVEL,DRY,NO DEFECTS,NOT ON SCENE (DESK REPORT),NO INJURY / DRIVE AWAY,,,,"$501 - $1,500",9/30/2019 16:50,UNABLE TO DETERMINE,NOT APPLICABLE,3800,W,GRAND AVE,2535,,,,,,,2,NO INDICATION OF INJURY,0,0,0,0,0,2,0,15,2,9,41.90432679,-87.72146699,POINT (-87.721466987369 41.90432678888)
JC454519,,9/30/2019 15:30,20,NO CONTROLS,NO CONTROLS,CLEAR,DAYLIGHT,REAR END,DIVIDED - W/MEDIAN (NOT RAISED),,STRAIGHT AND LEVEL,DRY,NO DEFECTS,NOT ON SCENE (DESK REPORT),NO INJURY / DRIVE AWAY,,,Y,"$501 - $1,500",9/30/2019 16:30,IMPROPER OVERTAKING/PASSING,IMPROPER OVERTAKING/PASSING,2426,W,PETERSON AVE,2413,,,,,,,2,NO INDICATION OF INJURY,0,0,0,0,0,3,0,15,2,9,41.99060121,-87.69082265,POINT (-87.690822650895 41.990601213008)
JC454465,,9/30/2019 15:26,30,TRAFFIC SIGNAL,FUNCTIONING PROPERLY,CLEAR,DAYLIGHT,REAR END,NOT DIVIDED,,STRAIGHT AND LEVEL,DRY,NO DEFECTS,ON SCENE,NO INJURY / DRIVE AWAY,,,,"OVER $1,500",9/30/2019 15:27,DISTRACTION - FROM INSIDE VEHICLE,UNABLE TO DETERMINE,634,W,ROOSEVELT RD,124,,,,,,,2,NO INDICATION OF INJURY,0,0,0,0,0,10,0,15,2,9,41.86731003,-87.64359022,POINT (-87.643590220245 41.867310032947)
JC454472,,9/30/2019 15:25,30,TRAFFIC SIGNAL,FUNCTIONING PROPERLY,CLEAR,DAYLIGHT,TURNING,DIVIDED - W/MEDIAN BARRIER,,STRAIGHT ON GRADE,DRY,NO DEFECTS,ON SCENE,INJURY AND / OR TOW DUE TO CRASH,Y,,,"OVER $1,500",9/30/2019 15:32,IMPROPER LANE USAGE,IMPROPER TURNING/NO SIGNAL,2020,N,ASHLAND AVE,1432,,,,,,,2,NO INDICATION OF INJURY,0,0,0,0,0,2,0,15,2,9,41.91859017,-87.66825471,POINT (-87.668254713857 41.91859016695)
JC454806,,9/30/2019 15:19,30,STOP SIGN/FLASHER,FUNCTIONING PROPERLY,CLEAR,DAYLIGHT,ANGLE,NOT DIVIDED,,STRAIGHT AND LEVEL,DRY,NO DEFECTS,NOT ON SCENE (DESK REPORT),NO INJURY / DRIVE AWAY,Y,,,"OVER $1,500",9/30/2019 18:55,UNABLE TO DETERMINE,NOT APPLICABLE,1032,W,GRAND AVE,1214,,,,,,,2,NO INDICATION OF INJURY,0,0,0,0,0,2,0,15,2,9,41.89122956,-87.6535221,POINT (-87.653522101813 41.89122955452)
JC454654,,9/30/2019 15:15,30,PEDESTRIAN CROSSING SIGN,FUNCTIONING PROPERLY,CLEAR,DAYLIGHT,TURNING,DIVIDED - W/MEDIAN (NOT RAISED),,STRAIGHT AND LEVEL,UNKNOWN,UNKNOWN,NOT ON SCENE (DESK REPORT),NO INJURY / DRIVE AWAY,Y,,,"$501 - $1,500",9/30/2019 17:16,IMPROPER OVERTAKING/PASSING,IMPROPER OVERTAKING/PASSING,3700,W,IRVING PARK RD,1723,,,,,,,2,NO INDICATION OF INJURY,0,0,0,0,0,2,0,15,2,9,41.9538626,-87.72032226,POINT (-87.720322258737 41.953862598991)
JC454490,,9/30/2019 15:15,25,NO CONTROLS,NO CONTROLS,CLEAR,DAYLIGHT,TURNING,NOT DIVIDED,,STRAIGHT AND LEVEL,DRY,NO DEFECTS,NOT ON SCENE (DESK REPORT),NO INJURY / DRIVE AWAY,,,,"$501 - $1,500",9/30/2019 15:25,EQUIPMENT - VEHICLE CONDITION,UNABLE TO DETERMINE,9656,S,HALSTED ST,2223,,,,,,,2,NO INDICATION OF INJURY,0,0,0,0,0,2,0,15,2,9,41.71762812,-87.64325412,POINT (-87.643254117012 41.717628120776)
JC454608,,9/30/2019 15:09,30,UNKNOWN,UNKNOWN,UNKNOWN,UNKNOWN,SIDESWIPE SAME DIRECTION,UNKNOWN,,STRAIGHT AND LEVEL,UNKNOWN,UNKNOWN,NOT ON SCENE (DESK REPORT),NO INJURY / DRIVE AWAY,,,Y,"OVER $1,500",9/30/2019 17:10,UNABLE TO DETERMINE,NOT APPLICABLE,3716,N,MILWAUKEE AVE,1731,,,,,,,2,NO INDICATION OF INJURY,0,0,0,0,0,2,0,15,2,9,41.94824189,-87.73909426,POINT (-87.739094256251 41.948241889793)
JC454439,,9/30/2019 15:06,30,TRAFFIC SIGNAL,FUNCTIONING PROPERLY,CLEAR,DAYLIGHT,REAR END,DIVIDED - W/MEDIAN BARRIER,,STRAIGHT AND LEVEL,DRY,NO DEFECTS,NOT ON SCENE (DESK REPORT),NO INJURY / DRIVE AWAY,Y,,,$500 OR LESS,9/30/2019 15:45,DISTRACTION - FROM INSIDE VEHICLE,NOT APPLICABLE,6500,S,HALSTED ST,723,N,,,,,,2,NO INDICATION OF INJURY,0,0,0,0,0,2,0,15,2,9,41.77609576,-87.64489095,POINT (-87.644890947336 41.776095755648)
JC454770,,9/30/2019 15:00,10,NO CONTROLS,NO CONTROLS,CLEAR,DAYLIGHT,PARKED MOTOR VEHICLE,PARKING LOT,,STRAIGHT AND LEVEL,DRY,NO DEFECTS,NOT ON SCENE (DESK REPORT),NO INJURY / DRIVE AWAY,,,Y,"$501 - $1,500",9/30/2019 18:30,FOLLOWING TOO CLOSELY,NOT APPLICABLE,8300,S,HOLLAND RD,622,,,,,,,2,NO INDICATION OF INJURY,0,0,0,0,0,1,0,15,2,9,41.74342733,-87.63218113,POINT (-87.632181132025 41.743427333057)
JC454623,,9/30/2019 15:00,30,NO CONTROLS,NO CONTROLS,CLEAR,DAYLIGHT,PARKED MOTOR VEHICLE,NOT DIVIDED,,STRAIGHT AND LEVEL,DRY,NO DEFECTS,NOT ON SCENE (DESK REPORT),NO INJURY / DRIVE AWAY,,,Y,"$501 - $1,500",9/30/2019 17:14,UNABLE TO DETERMINE,UNABLE TO DETERMINE,955,W,BELDEN AVE,1812,,,,,,,2,NO INDICATION OF INJURY,0,0,0,0,0,1,0,15,2,9,41.92345093,-87.65331538,POINT (-87.653315378295 41.923450929883)
JC454530,,9/30/2019 15:00,35,TRAFFIC SIGNAL,FUNCTIONING PROPERLY,CLEAR,DAYLIGHT,TURNING,DIVIDED - W/MEDIAN (NOT RAISED),,STRAIGHT AND LEVEL,DRY,NO DEFECTS,NOT ON SCENE (DESK REPORT),NO INJURY / DRIVE AWAY,,,,"$501 - $1,500",9/30/2019 16:30,UNABLE TO DETERMINE,UNABLE TO DETERMINE,500,E,ILLINOIS ST,1834,,,,,,,2,NO INDICATION OF INJURY,0,0,0,0,0,2,0,15,2,9,41.89120784,-87.6151303,POINT (-87.615130302871 41.891207840971)
JC454482,,9/30/2019 15:00,30,STOP SIGN/FLASHER,OTHER,CLEAR,DAYLIGHT,PARKED MOTOR VEHICLE,OTHER,,STRAIGHT AND LEVEL,DRY,NO DEFECTS,,NO INJURY / DRIVE AWAY,,,,"OVER $1,500",9/30/2019 15:17,NOT APPLICABLE,NOT APPLICABLE,2930,W,HENDERSON ST,1733,,,,,,,2,NO INDICATION OF INJURY,0,0,0,0,0,1,0,15,2,9,,,
JC450508,,9/30/2019 15:00,25,NO CONTROLS,NO CONTROLS,CLEAR,DAYLIGHT,SIDESWIPE OPPOSITE DIRECTION,NOT DIVIDED,,STRAIGHT AND LEVEL,DRY,NO DEFECTS,,NO INJURY / DRIVE AWAY,,,,"OVER $1,500",9/30/2019 15:32,IMPROPER TURNING/NO SIGNAL,NOT APPLICABLE,12952,S,DOTY AVE W,532,,,,,,,2,NO INDICATION OF INJURY,0,0,0,0,0,2,0,15,2,9,41.66072287,-87.59298497,POINT (-87.592984964696 41.660722867237)