RD_NO,CRASH_DATE_EST_I,CRASH_DATE,POSTED_SPEED_LIMIT,TRAFFIC_CONTROL_DEVICE,DEVICE_CONDITION,WEATHER_CONDITION,LIGHTING_CONDITION,FIRST_CRASH_TYPE,TRAFFICWAY_TYPE,LANE_CNT,ALIGNMENT,ROADWAY_SURFACE_COND,ROAD_DEFECT,REPORT_TYPE,CRASH_TYPE,INTERSECTION_RELATED_I,NOT_RIGHT_OF_WAY_I,HIT_AND_RUN_I,DAMAGE,DATE_POLICE_NOTIFIED,PRIM_CONTRIBUTORY_CAUSE,SEC_CONTRIBUTORY_CAUSE,STREET_NO,STREET_DIRECTION,STREET_NAME,BEAT_OF_OCCURRENCE,PHOTOS_TAKEN_I,STATEMENTS_TAKEN_I,DOORING_I,WORK_ZONE_I,WORK_ZONE_TYPE,WORKERS_PRESENT_I,NUM_UNITS,MOST_SEVERE_INJURY,INJURIES_TOTAL,INJURIES_FATAL,INJURIES_INCAPACITATING,INJURIES_NON_INCAPACITATING,INJURIES_REPORTED_NOT_EVIDENT,INJURIES_NO_INDICATION,INJURIES_UNKNOWN,CRASH_HOUR,CRASH_DAY_OF_WEEK,CRASH_MONTH,LATITUDE,LONGITUDE,LOCATION
JC454552,,9/30/2019 14:55,30,NO CONTROLS,NO CONTROLS,CLEAR,DAYLIGHT,PARKED MOTOR VEHICLE,UNKNOWN,,STRAIGHT AND LEVEL,DRY,NO DEFECTS,NOT ON SCENE (DESK REPORT),NO INJURY / DRIVE AWAY,,,,$500 OR LESS,9/30/2019 16:37,NOT APPLICABLE,NOT APPLICABLE,5600,S,MAPLEWOOD AVE,824,,,,,,,2,NO INDICATION OF INJURY,0,0,0,0,0,5,0,14,2,9,41.79187473,-87.68779756,POINT (-87.687797557229 41.791874732969)
JC454453,,9/30/2019 14:45,20,NO CONTROLS,NO CONTROLS,CLEAR,DAYLIGHT,PARKED MOTOR VEHICLE,PARKING LOT,,STRAIGHT AND LEVEL,DRY,NO DEFECTS,NOT ON SCENE (DESK REPORT),NO INJURY / DRIVE AWAY,,Y,Y,"$501 - $1,500",9/30/2019 15:40,NOT APPLICABLE,NOT APPLICABLE,7500,S,PULASKI RD,833,,,,,,,2,NO INDICATION OF INJURY,0,0,0,0,0,1,0,14,2,9,41.7568764,-87.72232174,POINT (-87.722321738255 41.756876394825)
JC454409,Y,9/30/2019 14:41,40,TRAFFIC SIGNAL,FUNCTIONING PROPERLY,CLEAR,DAYLIGHT,REAR END,DIVIDED - W/MEDIAN BARRIER,,STRAIGHT AND LEVEL,DRY,NO DEFECTS,ON SCENE,INJURY AND / OR TOW DUE TO CRASH,,,,"OVER $1,500",9/30/2019 14:49,DISTRACTION - FROM OUTSIDE VEHICLE,UNABLE TO DETERMINE,1430,E,103RD ST,511,,,,,,,2,NONINCAPACITATING INJURY,1,0,0,1,0,1,0,14,2,9,41.70784496,-87.58893873,POINT (-87.588938725188 41.707844955085)
JC454389,,9/30/2019 14:30,30,NO CONTROLS,NO CONTROLS,CLEAR,DAYLIGHT,PARKED MOTOR VEHICLE,ONE-WAY,,STRAIGHT AND LEVEL,DRY,UNKNOWN,ON SCENE,NO INJURY / DRIVE AWAY,,,,"OVER $1,500",9/30/2019 14:45,FOLLOWING TOO CLOSELY,NOT APPLICABLE,434,W,ROSCOE ST,1925,,,,,,,2,NO INDICATION OF INJURY,0,0,0,0,0,1,0,14,2,9,41.94346492,-87.64194481,POINT (-87.641944813111 41.943464921543)
JC454452,,9/30/2019 14:15,30,NO CONTROLS,NO CONTROLS,CLEAR,DAYLIGHT,TURNING,CENTER TURN LANE,,STRAIGHT AND LEVEL,DRY,NO DEFECTS,ON SCENE,INJURY AND / OR TOW DUE TO CRASH,,,,"OVER $1,500",9/30/2019 15:30,FAILING TO YIELD RIGHT-OF-WAY,NOT APPLICABLE,6262,N,MC CORMICK RD,1711,,,,,,,2,NO INDICATION OF INJURY,0,0,0,0,0,2,0,14,2,9,41.99584374,-87.71285795,POINT (-87.712857952143 41.995843744187)
JC454375,,9/30/2019 14:15,30,TRAFFIC SIGNAL,FUNCTIONING PROPERLY,CLEAR,DAYLIGHT,SIDESWIPE SAME DIRECTION,NOT DIVIDED,,STRAIGHT AND LEVEL,DRY,UNKNOWN,NOT ON SCENE (DESK REPORT),NO INJURY / DRIVE AWAY,,,,"OVER $1,500",9/30/2019 14:54,FOLLOWING TOO CLOSELY,NOT APPLICABLE,401,N,MICHIGAN AVE,1834,,,,,,,2,NO INDICATION OF INJURY,0,0,0,0,0,2,0,14,2,9,41.88935425,-87.62410246,POINT (-87.624102456243 41.889354251928)
JC454360,,9/30/2019 14:14,30,NO CONTROLS,NO CONTROLS,CLEAR,DAYLIGHT,PARKED MOTOR VEHICLE,DIVIDED - W/MEDIAN (NOT RAISED),,STRAIGHT AND LEVEL,DRY,NO DEFECTS,ON SCENE,INJURY AND / OR TOW DUE TO CRASH,,,,"OVER $1,500",9/30/2019 14:15,UNABLE TO DETERMINE,UNABLE TO DETERMINE,420,W,63RD ST,711,,,,,,,2,NONINCAPACITATING INJURY,1,0,0,1,0,0,0,14,2,9,41.7800047,-87.63597559,POINT (-87.635975592449 41.780004700896)
JC454339,,9/30/2019 14:09,40,NO CONTROLS,NO CONTROLS,CLEAR,DAYLIGHT,OTHER NONCOLLISION,DIVIDED - W/MEDIAN BARRIER,,STRAIGHT AND LEVEL,DRY,NO DEFECTS,ON SCENE,INJURY AND / OR TOW DUE TO CRASH,,,,"OVER $1,500",9/30/2019 14:10,PHYSICAL CONDITION OF DRIVER,PHYSICAL CONDITION OF DRIVER,5201,N,LAKE SHORE DR NB,2023,Y,,,,,,1,NONINCAPACITATING INJURY,1,0,0,1,0,0,0,14,2,9,41.97677895,-87.65016355,POINT (-87.650163545346 41.976778952794)
JC454386,,9/30/2019 14:00,30,NO CONTROLS,NO CONTROLS,CLEAR,DAYLIGHT,SIDESWIPE SAME DIRECTION,NOT DIVIDED,,STRAIGHT AND LEVEL,DRY,NO DEFECTS,NOT ON SCENE (DESK REPORT),NO INJURY / DRIVE AWAY,,,,$500 OR LESS,9/30/2019 14:55,UNABLE TO DETERMINE,NOT APPLICABLE,5100,W,FOSTER AVE,1623,,,,,,,2,NO INDICATION OF INJURY,0,0,0,0,0,2,0,14,2,9,41.9753547,-87.75534849,POINT (-87.755348488993 41.975354698581)
JC434391,,9/30/2019 13:55,30,TRAFFIC SIGNAL,FUNCTIONING PROPERLY,CLEAR,DAYLIGHT,REAR END,ONE-WAY,,STRAIGHT AND LEVEL,DRY,NO DEFECTS,NOT ON SCENE (DESK REPORT),NO INJURY / DRIVE AWAY,N,,,"OVER $1,500",9/30/2019 14:30,UNABLE TO DETERMINE,NOT APPLICABLE,218,W,GARFIELD BLVD,935,,,,,,,2,NO INDICATION OF INJURY,0,0,0,0,0,2,0,13,2,9,41.79464454,-87.63137647,POINT (-87.6313764707 41.794644536708)
JC455651,,9/30/2019 13:50,10,NO CONTROLS,NO CONTROLS,CLEAR,DAYLIGHT,REAR TO REAR,PARKING LOT,,STRAIGHT AND LEVEL,UNKNOWN,UNKNOWN,NOT ON SCENE (DESK REPORT),NO INJURY / DRIVE AWAY,,,,"$501 - $1,500",10/1/2019 13:02,IMPROPER BACKING,IMPROPER BACKING,3745,N,LINCOLN AVE,1922,,,,,,,2,NO INDICATION OF INJURY,0,0,0,0,0,2,0,13,2,9,41.94996117,-87.67567113,POINT (-87.675671129255 41.949961171142)
JC454461,,9/30/2019 13:49,15,NO CONTROLS,NO CONTROLS,CLEAR,DAYLIGHT,SIDESWIPE SAME DIRECTION,PARKING LOT,,STRAIGHT AND LEVEL,DRY,NO DEFECTS,NOT ON SCENE (DESK REPORT),NO INJURY / DRIVE AWAY,,,Y,"$501 - $1,500",9/30/2019 15:40,UNABLE TO DETERMINE,UNABLE TO DETERMINE,4158,S,ASHLAND AVE,924,,,,,,,2,NO INDICATION OF INJURY,0,0,0,0,0,3,0,13,2,9,41.81774274,-87.66533501,POINT (-87.665335012334 41.817742737026)
JC454354,,9/30/2019 13:48,30,STOP SIGN/FLASHER,FUNCTIONING PROPERLY,CLEAR,DAYLIGHT,TURNING,DIVIDED - W/MEDIAN BARRIER,,STRAIGHT AND LEVEL,DRY,NO DEFECTS,ON SCENE,INJURY AND / OR TOW DUE TO CRASH,Y,Y,,"OVER $1,500",9/30/2019 13:48,FAILING TO YIELD RIGHT-OF-WAY,NOT APPLICABLE,3457,W,OGDEN AVE,1024,,,,,,,3,"REPORTED, NOT EVIDENT",1,0,0,0,1,1,0,13,2,9,41.85529568,-87.71231966,POINT (-87.712319656343 41.855295682438)
JC454348,,9/30/2019 13:45,30,NO CONTROLS,NO CONTROLS,CLEAR,DAYLIGHT,SIDESWIPE SAME DIRECTION,ONE-WAY,,STRAIGHT AND LEVEL,DRY,NO DEFECTS,NOT ON SCENE (DESK REPORT),NO INJURY / DRIVE AWAY,,,,"OVER $1,500",9/30/2019 14:15,FAILING TO YIELD RIGHT-OF-WAY,UNABLE TO DETERMINE,450,S,WABASH AVE,113,,,,,,,2,NO INDICATION OF INJURY,0,0,0,0,0,4,0,13,2,9,41.87575072,-87.62617552,POINT (-87.626175520932 41.875750714668)
JC454371,,9/30/2019 13:40,30,NO CONTROLS,NO CONTROLS,CLEAR,DAYLIGHT,TURNING,RAMP,,STRAIGHT AND LEVEL,DRY,NO DEFECTS,NOT ON SCENE (DESK REPORT),NO INJURY / DRIVE AWAY,,,Y,"$501 - $1,500",9/30/2019 14:48,IMPROPER TURNING/NO SIGNAL,NOT APPLICABLE,100,N,COLUMBUS DR,114,,,,,,,2,NO INDICATION OF INJURY,0,0,0,0,0,2,0,13,2,9,41.88329361,-87.62075899,POINT (-87.620758985794 41.88329361206)
JC454343,,9/30/2019 13:39,30,TRAFFIC SIGNAL,FUNCTIONING PROPERLY,CLEAR,DAYLIGHT,REAR END,FOUR WAY,,STRAIGHT AND LEVEL,DRY,UNKNOWN,NOT ON SCENE (DESK REPORT),INJURY AND / OR TOW DUE TO CRASH,Y,,,"OVER $1,500",9/30/2019 13:53,FAILING TO REDUCE SPEED TO AVOID CRASH,FOLLOWING TOO CLOSELY,104,N,WESTERN AVE,1222,,,,,,,2,NONINCAPACITATING INJURY,2,0,0,2,0,2,0,13,2,9,41.8831753,-87.68663588,POINT (-87.686635876344 41.883175296013)
JC456664,,9/30/2019 13:35,30,TRAFFIC SIGNAL,FUNCTIONING PROPERLY,CLEAR,DAYLIGHT,REAR END,NOT DIVIDED,,STRAIGHT AND LEVEL,DRY,NO DEFECTS,NOT ON SCENE (DESK REPORT),NO INJURY / DRIVE AWAY,,,,"OVER $1,500",10/2/2019 7:24,FOLLOWING TOO CLOSELY,FAILING TO REDUCE SPEED TO AVOID CRASH,6342,N,LEHIGH AVE,1621,,,,,,,2,NO INDICATION OF INJURY,0,0,0,0,0,2,0,13,2,9,41.99537107,-87.7649006,POINT (-87.764900599905 41.995371069228)
JC456059,,9/30/2019 13:30,30,NO CONTROLS,NO CONTROLS,CLEAR,DAYLIGHT,PARKED MOTOR VEHICLE,NOT DIVIDED,,STRAIGHT AND LEVEL,DRY,NO DEFECTS,NOT ON SCENE (DESK REPORT),NO INJURY / DRIVE AWAY,,,,"$501 - $1,500",10/1/2019 17:45,FAILING TO YIELD RIGHT-OF-WAY,UNABLE TO DETERMINE,722,W,69TH ST,723,,,,,,,2,NO INDICATION OF INJURY,0,0,0,0,0,1,0,13,2,9,41.76897765,-87.64269336,POINT (-87.642693360034 41.768977645539)
JC454506,,9/30/2019 13:30,30,NO CONTROLS,NO CONTROLS,CLEAR,DAYLIGHT,PARKED MOTOR VEHICLE,NOT DIVIDED,,STRAIGHT AND LEVEL,DRY,NO DEFECTS,ON SCENE,NO INJURY / DRIVE AWAY,,,Y,"$501 - $1,500",9/30/2019 16:09,UNABLE TO DETERMINE,NOT APPLICABLE,3141,W,WALTON ST,1211,,,,,,,2,NO INDICATION OF INJURY,0,0,0,0,0,1,0,13,2,9,41.89820186,-87.70606166,POINT (-87.706061660797 41.898201863553)
JC454350,,9/30/2019 13:30,30,NO CONTROLS,NO CONTROLS,CLEAR,DAYLIGHT,REAR END,NOT DIVIDED,,STRAIGHT AND LEVEL,DRY,NO DEFECTS,NOT ON SCENE (DESK REPORT),NO INJURY / DRIVE AWAY,,,,"$501 - $1,500",9/30/2019 14:26,UNABLE TO DETERMINE,UNABLE TO DETERMINE,1000,N,LAKE SHORE DR SB,1824,,,,,,,2,NO INDICATION OF INJURY,0,0,0,0,0,3,0,13,2,9,41.90095892,-87.61992817,POINT (-87.619928173678 41.900958919109)
JC454321,,9/30/2019 13:30,30,UNKNOWN,UNKNOWN,CLEAR,DAYLIGHT,TURNING,ONE-WAY,,STRAIGHT AND LEVEL,UNKNOWN,UNKNOWN,NOT ON SCENE (DESK REPORT),NO INJURY / DRIVE AWAY,,,,"$501 - $1,500",9/30/2019 14:10,UNABLE TO DETERMINE,UNABLE TO DETERMINE,5995,N,TALMAN AVE,2011,,,,,,,2,NO INDICATION OF INJURY,0,0,0,0,0,2,0,13,2,9,41.99037302,-87.69559996,POINT (-87.695599960838 41.990373018969)
JC454305,,9/30/2019 13:20,30,NO CONTROLS,NO CONTROLS,CLEAR,DAYLIGHT,SIDESWIPE SAME DIRECTION,NOT DIVIDED,,STRAIGHT AND LEVEL,DRY,NO DEFECTS,ON SCENE,INJURY AND / OR TOW DUE TO CRASH,Y,,,"OVER $1,500",9/30/2019 13:24,FAILING TO YIELD RIGHT-OF-WAY,"OPERATING VEHICLE IN ERRATIC, RECKLESS, CARELESS, NEGLIGENT OR AGGRESSIVE MANNER",5411,W,MADISON ST,1522,,,,,,,2,"REPORTED, NOT EVIDENT",1,0,0,0,1,2,0,13,2,9,41.88019235,-87.76056476,POINT (-87.760564756601 41.880192354429)
JC454282,,9/30/2019 13:20,35,NO CONTROLS,NO CONTROLS,CLEAR,DAYLIGHT,SIDESWIPE SAME DIRECTION,OTHER,,STRAIGHT AND LEVEL,DRY,NO DEFECTS,ON SCENE,NO INJURY / DRIVE AWAY,,,,"OVER $1,500",9/30/2019 13:23,UNABLE TO DETERMINE,NOT APPLICABLE,1,W,TERMINAL ST,1651,,,,,,,2,NO INDICATION OF INJURY,0,0,0,0,0,2,0,13,2,9,,,
JC454291,,9/30/2019 13:18,30,TRAFFIC SIGNAL,FUNCTIONING PROPERLY,CLEAR,DAYLIGHT,REAR END,NOT DIVIDED,,STRAIGHT ON HILLCREST,DRY,NO DEFECTS,ON SCENE,NO INJURY / DRIVE AWAY,,,,$500 OR LESS,9/30/2019 13:19,FAILING TO REDUCE SPEED TO AVOID CRASH,DISTRACTION - FROM INSIDE VEHICLE,420,N,HALSTED ST,1214,,,,,,,3,NO INDICATION OF INJURY,0,0,0,0,0,4,0,13,2,9,41.88971425,-87.64775078,POINT (-87.647750780504 41.889714250853)
JC454310,,9/30/2019 13:15,30,NO CONTROLS,NO CONTROLS,CLEAR,DAYLIGHT,PARKED MOTOR VEHICLE,NOT DIVIDED,,STRAIGHT AND LEVEL,DRY,NO DEFECTS,ON SCENE,NO INJURY / DRIVE AWAY,,,Y,"OVER $1,500",9/30/2019 13:43,UNABLE TO DETERMINE,UNABLE TO DETERMINE,8739,W,GREGORY ST,1614,,,,,,,2,NO INDICATION OF INJURY,0,0,0,0,0,1,0,13,2,9,41.97991758,-87.84553912,POINT (-87.84553911917 41.979917577921)
JC454298,Y,9/30/2019 13:14,30,NO CONTROLS,NO CONTROLS,CLEAR,DAYLIGHT,TURNING,NOT DIVIDED,,STRAIGHT AND LEVEL,DRY,NO DEFECTS,ON SCENE,INJURY AND / OR TOW DUE TO CRASH,Y,,,"OVER $1,500",9/30/2019 13:20,NOT APPLICABLE,NOT APPLICABLE,11107,S,DOTY AVE E,434,,,,,,,2,NO INDICATION OF INJURY,0,0,0,0,0,2,0,13,2,9,41.69232595,-87.59690224,POINT (-87.596902242988 41.692325951298)
JC455951,,9/30/2019 13:10,30,NO CONTROLS,NO CONTROLS,CLEAR,DAYLIGHT,REAR END,NOT DIVIDED,,STRAIGHT AND LEVEL,DRY,NO DEFECTS,NOT ON SCENE (DESK REPORT),NO INJURY / DRIVE AWAY,,,,"OVER $1,500",10/1/2019 17:30,UNABLE TO DETERMINE,NOT APPLICABLE,5121,S,HYDE PARK BLVD,234,,,,,,,2,NO INDICATION OF INJURY,0,0,0,0,0,2,0,13,2,9,41.80187686,-87.58476613,POINT (-87.584766133194 41.801876860601)
JC454990,,9/30/2019 13:10,30,UNKNOWN,UNKNOWN,CLEAR,DAYLIGHT,REAR END,DRIVEWAY,,STRAIGHT AND LEVEL,DRY,UNKNOWN,NOT ON SCENE (DESK REPORT),NO INJURY / DRIVE AWAY,,,,"OVER $1,500",9/30/2019 21:30,UNABLE TO DETERMINE,UNABLE TO DETERMINE,4546,N,KEDZIE AVE,1724,,,,,,,2,NO INDICATION OF INJURY,0,0,0,0,0,2,0,13,2,9,41.96438753,-87.70849248,POINT (-87.708492478441 41.964387528635)
JC454296,,9/30/2019 13:10,30,STOP SIGN/FLASHER,FUNCTIONING PROPERLY,CLEAR,DAYLIGHT,TURNING,NOT DIVIDED,,STRAIGHT AND LEVEL,DRY,WORN SURFACE,NOT ON SCENE (DESK REPORT),NO INJURY / DRIVE AWAY,,,,"$501 - $1,500",9/30/2019 13:50,FAILING TO YIELD RIGHT-OF-WAY,UNABLE TO DETERMINE,4600,N,CUMBERLAND AVE,1614,,,,,,,2,NO INDICATION OF INJURY,0,0,0,0,0,2,0,13,2,9,41.96314206,-87.83684102,POINT (-87.836841017605 41.963142058451)
JC454249,,9/30/2019 13:05,30,TRAFFIC SIGNAL,FUNCTIONING PROPERLY,CLEAR,DAYLIGHT,TURNING,FOUR WAY,,STRAIGHT AND LEVEL,DRY,NO DEFECTS,ON SCENE,INJURY AND / OR TOW DUE TO CRASH,Y,,,"OVER $1,500",9/30/2019 13:05,IMPROPER TURNING/NO SIGNAL,FAILING TO YIELD RIGHT-OF-WAY,2799,W,DIVERSEY AVE,1411,,,,,,,2,NO INDICATION OF INJURY,0,0,0,0,0,2,0,13,2,9,41.93198596,-87.69755673,POINT (-87.697556729954 41.931985955206)
JC454265,,9/30/2019 13:00,35,NO CONTROLS,NO CONTROLS,CLEAR,DAYLIGHT,REAR END,DIVIDED - W/MEDIAN (NOT RAISED),,STRAIGHT AND LEVEL,DRY,NO DEFECTS,ON SCENE,INJURY AND / OR TOW DUE TO CRASH,,,,"OVER $1,500",9/30/2019 13:08,FOLLOWING TOO CLOSELY,FOLLOWING TOO CLOSELY,3406,W,BELMONT AVE,1732,,,,,,,3,NO INDICATION OF INJURY,0,0,0,0,0,4,0,13,2,9,41.93938092,-87.7128088,POINT (-87.712808794672 41.939380924094)
JC454238,,9/30/2019 12:45,20,NO CONTROLS,MISSING,CLEAR,DAYLIGHT,FIXED OBJECT,NOT DIVIDED,,STRAIGHT AND LEVEL,DRY,NO DEFECTS,ON SCENE,INJURY AND / OR TOW DUE TO CRASH,,,,"$501 - $1,500",9/30/2019 13:00,UNABLE TO DETERMINE,UNABLE TO DETERMINE,1900,N,LECLAIRE AVE,2533,,,,,,,1,NO INDICATION OF INJURY,0,0,0,0,0,1,0,12,2,9,41.91525754,-87.75300201,POINT (-87.753002008217 41.915257535251)
JC454205,,9/30/2019 12:45,15,NO CONTROLS,NO CONTROLS,CLEAR,DAYLIGHT,REAR TO SIDE,PARKING LOT,,STRAIGHT AND LEVEL,DRY,NO DEFECTS,ON SCENE,NO INJURY / DRIVE AWAY,,Y,,"$501 - $1,500",9/30/2019 12:55,IMPROPER BACKING,NOT APPLICABLE,325,W,83RD ST,622,,,,,,,2,NO INDICATION OF INJURY,0,0,0,0,0,2,0,12,2,9,41.74341888,-87.63268123,POINT (-87.632681224919 41.743418883359)
JC454259,,9/30/2019 12:40,30,TRAFFIC SIGNAL,UNKNOWN,CLEAR,DAYLIGHT,REAR END,CENTER TURN LANE,,STRAIGHT AND LEVEL,DRY,NO DEFECTS,NOT ON SCENE (DESK REPORT),INJURY AND / OR TOW DUE TO CRASH,Y,,,"$501 - $1,500",9/30/2019 13:15,UNABLE TO DETERMINE,UNABLE TO DETERMINE,601,W,HARRISON ST,124,,,,,,,2,"REPORTED, NOT EVIDENT",1,0,0,0,1,1,0,12,2,9,41.8742605,-87.6424952,POINT (-87.642495203363 41.874260495657)
JC454203,,9/30/2019 12:40,30,NO CONTROLS,NO CONTROLS,CLEAR,DAYLIGHT,PARKED MOTOR VEHICLE,NOT DIVIDED,,STRAIGHT AND LEVEL,DRY,NO DEFECTS,ON SCENE,NO INJURY / DRIVE AWAY,,,,"OVER $1,500",9/30/2019 12:40,DISTRACTION - FROM OUTSIDE VEHICLE,UNABLE TO DETERMINE,3274,W,FULLERTON AVE,1413,,,,,,,2,NO INDICATION OF INJURY,0,0,0,0,0,1,0,12,2,9,41.92479256,-87.71034591,POINT (-87.71034590926 41.924792563748)
JC454286,,9/30/2019 12:35,30,NO CONTROLS,NO CONTROLS,CLEAR,DAYLIGHT,PARKED MOTOR VEHICLE,PARKING LOT,,STRAIGHT AND LEVEL,DRY,NO DEFECTS,NOT ON SCENE (DESK REPORT),NO INJURY / DRIVE AWAY,,Y,Y,"OVER $1,500",9/30/2019 13:35,UNABLE TO DETERMINE,NOT APPLICABLE,1380,W,LAKE ST,1215,,,,,,,2,NO INDICATION OF INJURY,0,0,0,0,0,1,0,12,2,9,41.88553521,-87.66189725,POINT (-87.66189724784 41.885535211997)
JC454232,,9/30/2019 12:35,30,NO CONTROLS,NO CONTROLS,CLEAR,DAYLIGHT,PARKED MOTOR VEHICLE,NOT DIVIDED,,STRAIGHT AND LEVEL,DRY,NO DEFECTS,NOT ON SCENE (DESK REPORT),NO INJURY / DRIVE AWAY,,,Y,"OVER $1,500",9/30/2019 13:09,IMPROPER BACKING,NOT APPLICABLE,203,E,OHIO ST,1834,,,,,,,2,NO INDICATION OF INJURY,0,0,0,0,0,2,0,12,2,9,41.89245291,-87.62249083,POINT (-87.622490832782 41.892452907944)
JC454218,,9/30/2019 12:35,30,TRAFFIC SIGNAL,FUNCTIONING PROPERLY,CLEAR,DAYLIGHT,SIDESWIPE SAME DIRECTION,DIVIDED - W/MEDIAN (NOT RAISED),,STRAIGHT AND LEVEL,DRY,NO DEFECTS,ON SCENE,NO INJURY / DRIVE AWAY,,,,"OVER $1,500",9/30/2019 12:45,IMPROPER OVERTAKING/PASSING,UNABLE TO DETERMINE,2019,W,FULLERTON AVE,1432,,,,,,,2,NO INDICATION OF INJURY,0,0,0,0,0,2,0,12,2,9,41.92490572,-87.6787226,POINT (-87.678722599959 41.924905719274)
JC454443,,9/30/2019 12:30,30,NO CONTROLS,NO CONTROLS,CLEAR,DAYLIGHT,PARKED MOTOR VEHICLE,DIVIDED - W/MEDIAN (NOT RAISED),,STRAIGHT AND LEVEL,DRY,NO DEFECTS,NOT ON SCENE (DESK REPORT),NO INJURY / DRIVE AWAY,,,,"$501 - $1,500",9/30/2019 15:25,UNABLE TO DETERMINE,NOT APPLICABLE,340,N,LARAMIE AVE,1523,,,,,,,2,NO INDICATION OF INJURY,0,0,0,0,0,2,0,12,2,9,41.88687869,-87.75545148,POINT (-87.75545147891 41.88687869289)
JC454215,Y,9/30/2019 12:30,35,TRAFFIC SIGNAL,FUNCTIONING PROPERLY,CLEAR,DAYLIGHT,TURNING,ONE-WAY,,STRAIGHT AND LEVEL,DRY,NO DEFECTS,NOT ON SCENE (DESK REPORT),NO INJURY / DRIVE AWAY,Y,,,"OVER $1,500",9/30/2019 13:00,UNABLE TO DETERMINE,UNABLE TO DETERMINE,320,W,OHIO ST,1831,,,,,,,2,NO INDICATION OF INJURY,0,0,0,0,0,2,0,12,2,9,41.89246583,-87.63654818,POINT (-87.636548181326 41.892465831107)
JC454214,,9/30/2019 12:30,5,NO CONTROLS,NO CONTROLS,CLEAR,DAYLIGHT,PARKED MOTOR VEHICLE,PARKING LOT,,STRAIGHT AND LEVEL,DRY,NO DEFECTS,ON SCENE,NO INJURY / DRIVE AWAY,,,,$500 OR LESS,9/30/2019 12:35,DRIVING SKILLS/KNOWLEDGE/EXPERIENCE,NOT APPLICABLE,5435,N,HARLEM AVE,1613,,,,,,,2,NO INDICATION OF INJURY,0,0,0,0,0,1,0,12,2,9,41.98020323,-87.80683112,POINT (-87.806831118316 41.980203233751)
JC458443,,9/30/2019 12:14,30,NO CONTROLS,NO CONTROLS,CLEAR,DAYLIGHT,ANGLE,NOT DIVIDED,,STRAIGHT AND LEVEL,DRY,NO DEFECTS,NOT ON SCENE (DESK REPORT),NO INJURY / DRIVE AWAY,,,,"OVER $1,500",10/3/2019 12:45,FAILING TO YIELD RIGHT-OF-WAY,FAILING TO YIELD RIGHT-OF-WAY,1301,S,WESTERN AVE,1233,,,,,,,2,NO INDICATION OF INJURY,0,0,0,0,0,2,0,12,2,9,41.86474507,-87.68584046,POINT (-87.685840454681 41.864745069282)
JC454190,,9/30/2019 12:10,15,NO CONTROLS,NO CONTROLS,CLEAR,DAYLIGHT,SIDESWIPE SAME DIRECTION,PARKING LOT,,STRAIGHT AND LEVEL,DRY,NO DEFECTS,ON SCENE,NO INJURY / DRIVE AWAY,,Y,,"$501 - $1,500",9/30/2019 12:18,UNABLE TO DETERMINE,NOT APPLICABLE,10459,S,MUSKEGON AVE,431,,,,,,,2,NO INDICATION OF INJURY,0,0,0,0,0,2,0,12,2,9,41.70457009,-87.55478916,POINT (-87.554789157969 41.704570092436)
JC455712,,9/30/2019 12:00,30,NO CONTROLS,NO CONTROLS,CLEAR,DAYLIGHT,PARKED MOTOR VEHICLE,NOT DIVIDED,,STRAIGHT AND LEVEL,DRY,NO DEFECTS,NOT ON SCENE (DESK REPORT),NO INJURY / DRIVE AWAY,,,Y,"$501 - $1,500",10/1/2019 13:55,UNABLE TO DETERMINE,UNABLE TO DETERMINE,4042,W,60TH ST,813,,,,,,,2,NO INDICATION OF INJURY,0,0,0,0,0,1,0,12,2,9,41.78420364,-87.72462351,POINT (-87.724623509931 41.784203635419)
JC454651,Y,9/30/2019 12:00,30,UNKNOWN,UNKNOWN,UNKNOWN,UNKNOWN,REAR END,NOT DIVIDED,,STRAIGHT AND LEVEL,UNKNOWN,UNKNOWN,NOT ON SCENE (DESK REPORT),NO INJURY / DRIVE AWAY,,,Y,"OVER $1,500",9/30/2019 17:00,UNABLE TO DETERMINE,UNABLE TO DETERMINE,800,S,WESTERN AVE,1135,,,,,,,2,NO INDICATION OF INJURY,0,0,0,0,0,2,0,12,2,9,41.87111238,-87.68631026,POINT (-87.686310262335 41.871112377511)
JC454178,,9/30/2019 12:00,30,TRAFFIC SIGNAL,FUNCTIONING PROPERLY,CLEAR,DAYLIGHT,SIDESWIPE SAME DIRECTION,FOUR WAY,,STRAIGHT ON GRADE,DRY,UNKNOWN,ON SCENE,NO INJURY / DRIVE AWAY,,,,"OVER $1,500",9/30/2019 12:26,UNABLE TO DETERMINE,UNABLE TO DETERMINE,3700,S,ASHLAND AVE,912,,,,,,,2,NO INDICATION OF INJURY,0,0,0,0,0,2,0,12,2,9,41.82682115,-87.66562788,POINT (-87.665627881585 41.826821149303)
JC454180,N,9/30/2019 11:55,30,TRAFFIC SIGNAL,FUNCTIONING PROPERLY,CLEAR,DAYLIGHT,SIDESWIPE SAME DIRECTION,ONE-WAY,,STRAIGHT AND LEVEL,DRY,NO DEFECTS,ON SCENE,NO INJURY / DRIVE AWAY,,,,"OVER $1,500",9/30/2019 12:04,IMPROPER OVERTAKING/PASSING,IMPROPER OVERTAKING/PASSING,2401,W,CONGRESS PKWY,1135,Y,,,,,,2,NO INDICATION OF INJURY,0,0,0,0,0,3,0,11,2,9,41.87488571,-87.68631142,POINT (-87.686311417464 41.874885709418)