RD_NO,CRASH_DATE_EST_I,CRASH_DATE,POSTED_SPEED_LIMIT,TRAFFIC_CONTROL_DEVICE,DEVICE_CONDITION,WEATHER_CONDITION,LIGHTING_CONDITION,FIRST_CRASH_TYPE,TRAFFICWAY_TYPE,LANE_CNT,ALIGNMENT,ROADWAY_SURFACE_COND,ROAD_DEFECT,REPORT_TYPE,CRASH_TYPE,INTERSECTION_RELATED_I,NOT_RIGHT_OF_WAY_I,HIT_AND_RUN_I,DAMAGE,DATE_POLICE_NOTIFIED,PRIM_CONTRIBUTORY_CAUSE,SEC_CONTRIBUTORY_CAUSE,STREET_NO,STREET_DIRECTION,STREET_NAME,BEAT_OF_OCCURRENCE,PHOTOS_TAKEN_I,STATEMENTS_TAKEN_I,DOORING_I,WORK_ZONE_I,WORK_ZONE_TYPE,WORKERS_PRESENT_I,NUM_UNITS,MOST_SEVERE_INJURY,INJURIES_TOTAL,INJURIES_FATAL,INJURIES_INCAPACITATING,INJURIES_NON_INCAPACITATING,INJURIES_REPORTED_NOT_EVIDENT,INJURIES_NO_INDICATION,INJURIES_UNKNOWN,CRASH_HOUR,CRASH_DAY_OF_WEEK,CRASH_MONTH,LATITUDE,LONGITUDE,LOCATION
JC454146,,9/30/2019 11:48,30,NO CONTROLS,NO CONTROLS,CLEAR,DAYLIGHT,PARKED MOTOR VEHICLE,NOT DIVIDED,,STRAIGHT AND LEVEL,DRY,NO DEFECTS,ON SCENE,INJURY AND / OR TOW DUE TO CRASH,,,,"OVER $1,500",9/30/2019 11:49,EQUIPMENT - VEHICLE CONDITION,EQUIPMENT - VEHICLE CONDITION,5730,N,NEWCASTLE AVE,1612,,,,,,,2,NO INDICATION OF INJURY,0,0,0,0,0,1,0,11,2,9,41.98594365,-87.79772258,POINT (-87.797722581841 41.985943651435)
JC454158,,9/30/2019 11:46,35,NO CONTROLS,NO CONTROLS,CLEAR,DAYLIGHT,REAR END,DIVIDED - W/MEDIAN (NOT RAISED),,STRAIGHT AND LEVEL,DRY,UNKNOWN,ON SCENE,INJURY AND / OR TOW DUE TO CRASH,,,,"OVER $1,500",9/30/2019 11:47,UNABLE TO DETERMINE,NOT APPLICABLE,3423,N,SOUTHPORT AVE,1924,,,,,,,2,NO INDICATION OF INJURY,0,0,0,0,0,3,0,11,2,9,41.94416192,-87.66379057,POINT (-87.663790573668 41.94416192092)
JC454372,,9/30/2019 11:45,30,NO CONTROLS,NO CONTROLS,CLEAR,DAYLIGHT,REAR END,NOT DIVIDED,,STRAIGHT AND LEVEL,DRY,NO DEFECTS,NOT ON SCENE (DESK REPORT),NO INJURY / DRIVE AWAY,,,Y,"$501 - $1,500",9/30/2019 14:50,UNABLE TO DETERMINE,UNABLE TO DETERMINE,831,N,LAKE SHORE DR SB,1833,,,,,,,2,NO INDICATION OF INJURY,0,0,0,0,0,2,0,11,2,9,41.89767867,-87.61728447,POINT (-87.617284469332 41.89767866482)
JC454169,,9/30/2019 11:44,30,TRAFFIC SIGNAL,FUNCTIONING PROPERLY,CLEAR,DAYLIGHT,ANGLE,DIVIDED - W/MEDIAN (NOT RAISED),,STRAIGHT AND LEVEL,DRY,NO DEFECTS,ON SCENE,INJURY AND / OR TOW DUE TO CRASH,Y,,,"OVER $1,500",9/30/2019 11:54,DISREGARDING TRAFFIC SIGNALS,NOT APPLICABLE,651,W,TAYLOR ST,124,,,,,,,2,NONINCAPACITATING INJURY,2,0,0,2,0,1,0,11,2,9,41.8695874,-87.64366396,POINT (-87.643663960591 41.869587395081)
JC454271,,9/30/2019 11:37,30,NO CONTROLS,NO CONTROLS,CLEAR,DAYLIGHT,SIDESWIPE SAME DIRECTION,ONE-WAY,,STRAIGHT AND LEVEL,DRY,NO DEFECTS,NOT ON SCENE (DESK REPORT),NO INJURY / DRIVE AWAY,,,,"$501 - $1,500",9/30/2019 13:28,NOT APPLICABLE,NOT APPLICABLE,6400,S,LINDER AVE,813,,,,,,,2,NO INDICATION OF INJURY,0,0,0,0,0,2,0,11,2,9,41.77624059,-87.75936897,POINT (-87.759368970826 41.776240591525)
JC454133,,9/30/2019 11:35,30,NO CONTROLS,NO CONTROLS,CLEAR,DAYLIGHT,REAR END,NOT DIVIDED,,STRAIGHT AND LEVEL,DRY,NO DEFECTS,ON SCENE,NO INJURY / DRIVE AWAY,,,,"OVER $1,500",9/30/2019 11:42,FOLLOWING TOO CLOSELY,NOT APPLICABLE,2738,W,47TH ST,922,,,,,,,2,NO INDICATION OF INJURY,0,0,0,0,0,2,0,11,2,9,41.80840581,-87.69329995,POINT (-87.693299950439 41.808405804824)
JC454141,,9/30/2019 11:31,15,NO CONTROLS,NO CONTROLS,CLEAR,DAYLIGHT,SIDESWIPE OPPOSITE DIRECTION,PARKING LOT,,STRAIGHT AND LEVEL,DRY,NO DEFECTS,ON SCENE,NO INJURY / DRIVE AWAY,,N,Y,"OVER $1,500",9/30/2019 11:31,IMPROPER LANE USAGE,UNABLE TO DETERMINE,9623,S,WESTERN AVE,2213,,,,,,,2,NO INDICATION OF INJURY,0,0,0,0,0,3,0,11,2,9,41.71839819,-87.68183837,POINT (-87.681838365844 41.718398193082)
JC454754,,9/30/2019 11:30,30,NO CONTROLS,NO CONTROLS,CLEAR,DAYLIGHT,PARKED MOTOR VEHICLE,NOT DIVIDED,,STRAIGHT AND LEVEL,DRY,NO DEFECTS,NOT ON SCENE (DESK REPORT),NO INJURY / DRIVE AWAY,,,,"OVER $1,500",9/30/2019 18:34,UNABLE TO DETERMINE,NOT APPLICABLE,157,N,MORGAN ST,1224,,,,,,,2,NO INDICATION OF INJURY,0,0,0,0,0,1,0,11,2,9,41.88476992,-87.65196798,POINT (-87.651967978196 41.884769921244)
JC454150,Y,9/30/2019 11:30,30,NO CONTROLS,NO CONTROLS,CLEAR,DAYLIGHT,ANGLE,NOT DIVIDED,,STRAIGHT AND LEVEL,DRY,NO DEFECTS,NOT ON SCENE (DESK REPORT),NO INJURY / DRIVE AWAY,Y,,,"OVER $1,500",9/30/2019 11:35,FAILING TO YIELD RIGHT-OF-WAY,DRIVING SKILLS/KNOWLEDGE/EXPERIENCE,5215,W,FULLERTON AVE,2515,,,,,,,2,NO INDICATION OF INJURY,0,0,0,0,0,3,0,11,2,9,41.92398681,-87.75675552,POINT (-87.756755519742 41.923986811282)
JC454123,,9/30/2019 11:29,30,TRAFFIC SIGNAL,FUNCTIONING PROPERLY,CLEAR,DAYLIGHT,REAR END,NOT DIVIDED,,STRAIGHT AND LEVEL,DRY,UNKNOWN,ON SCENE,INJURY AND / OR TOW DUE TO CRASH,,,,"$501 - $1,500",9/30/2019 11:30,DISTRACTION - FROM INSIDE VEHICLE,NOT APPLICABLE,2035,N,CICERO AVE,2522,,,,,,,3,NONINCAPACITATING INJURY,1,0,0,1,0,2,0,11,2,9,41.9180081,-87.74600367,POINT (-87.746003673213 41.918008097011)
JC454114,,9/30/2019 11:27,30,TRAFFIC SIGNAL,FUNCTIONING PROPERLY,CLEAR,DAYLIGHT,SIDESWIPE SAME DIRECTION,DIVIDED - W/MEDIAN (NOT RAISED),,STRAIGHT AND LEVEL,DRY,NO DEFECTS,ON SCENE,INJURY AND / OR TOW DUE TO CRASH,Y,N,,"OVER $1,500",9/30/2019 11:32,ROAD CONSTRUCTION/MAINTENANCE,NOT APPLICABLE,3320,W,FULLERTON AVE,1413,,,,Y,MAINTENANCE,,2,NO INDICATION OF INJURY,0,0,0,0,0,5,0,11,2,9,41.92477742,-87.71169354,POINT (-87.71169353548 41.924777419322)
JC454099,,9/30/2019 11:20,30,TRAFFIC SIGNAL,FUNCTIONING PROPERLY,CLEAR,DAYLIGHT,REAR END,NOT DIVIDED,,STRAIGHT AND LEVEL,DRY,NO DEFECTS,NOT ON SCENE (DESK REPORT),NO INJURY / DRIVE AWAY,,,,"$501 - $1,500",9/30/2019 11:29,FOLLOWING TOO CLOSELY,NOT APPLICABLE,3799,W,HARRISON ST,1133,,,,,,,2,NO INDICATION OF INJURY,0,0,0,0,0,5,0,11,2,9,41.87340585,-87.72033139,POINT (-87.720331389988 41.87340584874)
JC454118,,9/30/2019 11:08,20,STOP SIGN/FLASHER,NO CONTROLS,CLEAR,DAYLIGHT,SIDESWIPE SAME DIRECTION,NOT DIVIDED,,STRAIGHT AND LEVEL,DRY,NO DEFECTS,ON SCENE,NO INJURY / DRIVE AWAY,,,,"$501 - $1,500",9/30/2019 11:42,IMPROPER OVERTAKING/PASSING,DISREGARDING STOP SIGN,631,W,79TH ST,621,,,,,,,2,NO INDICATION OF INJURY,0,0,0,0,0,2,0,11,2,9,41.75058701,-87.6403442,POINT (-87.640344204348 41.750587014462)
JC454108,,9/30/2019 11:06,30,TRAFFIC SIGNAL,FUNCTIONING PROPERLY,CLEAR,DAYLIGHT,TURNING,NOT DIVIDED,,STRAIGHT AND LEVEL,DRY,NO DEFECTS,ON SCENE,NO INJURY / DRIVE AWAY,Y,,,"OVER $1,500",9/30/2019 11:34,IMPROPER OVERTAKING/PASSING,UNABLE TO DETERMINE,1,E,127TH ST,532,,,,,,,2,NO INDICATION OF INJURY,0,0,0,0,0,4,0,11,2,9,41.66334431,-87.62197855,POINT (-87.621978550541 41.663344313665)
JC454137,,9/30/2019 11:05,35,NO CONTROLS,NO CONTROLS,CLEAR,DAYLIGHT,SIDESWIPE SAME DIRECTION,DIVIDED - W/MEDIAN (NOT RAISED),,STRAIGHT AND LEVEL,DRY,NO DEFECTS,ON SCENE,NO INJURY / DRIVE AWAY,,,,"OVER $1,500",9/30/2019 11:20,IMPROPER LANE USAGE,NOT APPLICABLE,324,S,CICERO AVE,1533,,,,,,,2,NO INDICATION OF INJURY,0,0,0,0,0,2,0,11,2,9,41.87594436,-87.74525023,POINT (-87.745250227542 41.875944355445)
JC454181,,9/30/2019 11:04,10,NO CONTROLS,NO CONTROLS,CLEAR,DAYLIGHT,PARKED MOTOR VEHICLE,PARKING LOT,,STRAIGHT AND LEVEL,DRY,NO DEFECTS,ON SCENE,INJURY AND / OR TOW DUE TO CRASH,,Y,Y,"OVER $1,500",9/30/2019 12:00,UNABLE TO DETERMINE,NOT APPLICABLE,1101,S,STATE ST,123,,,,,,,2,NO INDICATION OF INJURY,0,0,0,0,0,1,0,11,2,9,41.86914591,-87.62731902,POINT (-87.627319014706 41.869145914067)
JC454074,,9/30/2019 11:00,20,NO CONTROLS,NO CONTROLS,CLEAR,DAYLIGHT,PARKED MOTOR VEHICLE,ONE-WAY,,STRAIGHT AND LEVEL,DRY,NO DEFECTS,ON SCENE,NO INJURY / DRIVE AWAY,,,,"OVER $1,500",9/30/2019 11:06,NOT APPLICABLE,NOT APPLICABLE,8221,S,PRAIRIE AVE,631,,,,,,,2,NO INDICATION OF INJURY,0,0,0,0,0,5,0,11,2,9,41.74492836,-87.61784148,POINT (-87.617841480626 41.744928358284)
JC454078,,9/30/2019 10:53,25,NO CONTROLS,NO CONTROLS,CLEAR,DAYLIGHT,REAR END,ONE-WAY,,STRAIGHT AND LEVEL,DRY,NO DEFECTS,ON SCENE,NO INJURY / DRIVE AWAY,,,,"OVER $1,500",9/30/2019 10:55,IMPROPER BACKING,DRIVING SKILLS/KNOWLEDGE/EXPERIENCE,524,W,OHARE ST,1654,,,,,,,2,NO INDICATION OF INJURY,0,0,0,0,0,2,0,10,2,9,,,
JC454189,,9/30/2019 10:45,25,NO CONTROLS,NO CONTROLS,CLEAR,DAYLIGHT,REAR TO FRONT,NOT DIVIDED,,STRAIGHT AND LEVEL,DRY,NO DEFECTS,NOT ON SCENE (DESK REPORT),NO INJURY / DRIVE AWAY,,,,"OVER $1,500",9/30/2019 12:30,IMPROPER BACKING,UNABLE TO DETERMINE,1802,W,FARWELL AVE,2424,,,,,,,2,NO INDICATION OF INJURY,0,0,0,0,0,2,0,10,2,9,42.00663021,-87.67591604,POINT (-87.6759160361 42.006630206141)
JC455016,,9/30/2019 10:44,30,NO CONTROLS,NO CONTROLS,CLEAR,DAYLIGHT,PARKED MOTOR VEHICLE,DIVIDED - W/MEDIAN (NOT RAISED),,STRAIGHT AND LEVEL,DRY,NO DEFECTS,ON SCENE,NO INJURY / DRIVE AWAY,,,Y,"OVER $1,500",9/30/2019 21:40,IMPROPER BACKING,UNABLE TO DETERMINE,4072,N,SHERIDAN RD,1915,,,,,,,2,NO INDICATION OF INJURY,0,0,0,0,0,1,0,10,2,9,41.95657737,-87.65475037,POINT (-87.65475036766 41.95657736618)
JC454072,,9/30/2019 10:40,30,NO CONTROLS,NO CONTROLS,CLEAR,DAYLIGHT,FIXED OBJECT,ALLEY,,STRAIGHT AND LEVEL,DRY,NO DEFECTS,ON SCENE,NO INJURY / DRIVE AWAY,,Y,,$500 OR LESS,9/30/2019 10:54,IMPROPER LANE USAGE,NOT APPLICABLE,213,S,THROOP ST,1231,,,,,,,1,NO INDICATION OF INJURY,0,0,0,0,0,1,0,10,2,9,41.87860866,-87.65933138,POINT (-87.659331376826 41.878608654683)
JC455758,,9/30/2019 10:30,30,NO CONTROLS,NO CONTROLS,CLOUDY/OVERCAST,DAYLIGHT,TURNING,NOT DIVIDED,,STRAIGHT AND LEVEL,DRY,NO DEFECTS,NOT ON SCENE (DESK REPORT),NO INJURY / DRIVE AWAY,,,,"OVER $1,500",9/30/2019 18:15,UNABLE TO DETERMINE,UNABLE TO DETERMINE,4313,S,COTTAGE GROVE AVE,221,,,,,,,2,NO INDICATION OF INJURY,0,0,0,0,0,2,0,10,2,9,41.81638552,-87.60655437,POINT (-87.606554371608 41.816385519823)
JC454165,,9/30/2019 10:30,30,NO CONTROLS,NO CONTROLS,CLEAR,DAYLIGHT,PARKED MOTOR VEHICLE,NOT DIVIDED,,STRAIGHT AND LEVEL,DRY,NO DEFECTS,,NO INJURY / DRIVE AWAY,,,,"OVER $1,500",9/30/2019 12:30,NOT APPLICABLE,NOT APPLICABLE,5411,W,KAMERLING AVE,2532,,,,,,,2,NO INDICATION OF INJURY,0,0,0,0,0,2,0,10,2,9,41.90479138,-87.76156177,POINT (-87.761561771129 41.904791375042)
JC454037,,9/30/2019 10:28,30,NO CONTROLS,NO CONTROLS,CLEAR,DAYLIGHT,OTHER OBJECT,NOT DIVIDED,,STRAIGHT AND LEVEL,DRY,"RUT, HOLES",ON SCENE,INJURY AND / OR TOW DUE TO CRASH,,,,"OVER $1,500",9/30/2019 10:38,ROAD ENGINEERING/SURFACE/MARKING DEFECTS,NOT APPLICABLE,2358,E,103RD ST,431,,,,,,,1,NO INDICATION OF INJURY,0,0,0,0,0,3,0,10,2,9,41.70819367,-87.56578275,POINT (-87.565782747613 41.708193666375)
JC454049,,9/30/2019 10:26,15,NO CONTROLS,NO CONTROLS,CLEAR,DAYLIGHT,REAR TO REAR,PARKING LOT,,STRAIGHT AND LEVEL,DRY,NO DEFECTS,NOT ON SCENE (DESK REPORT),NO INJURY / DRIVE AWAY,,,,"OVER $1,500",9/30/2019 10:55,UNABLE TO DETERMINE,NOT APPLICABLE,2731,N,ELSTON AVE,1432,,,,,,,2,NO INDICATION OF INJURY,0,0,0,0,0,4,0,10,2,9,41.93126646,-87.68627205,POINT (-87.6862720477 41.931266454777)
JC454060,,9/30/2019 10:10,30,NO CONTROLS,NO CONTROLS,CLEAR,DAYLIGHT,PARKED MOTOR VEHICLE,ONE-WAY,,STRAIGHT AND LEVEL,DRY,NO DEFECTS,ON SCENE,NO INJURY / DRIVE AWAY,,,Y,"OVER $1,500",9/30/2019 10:30,IMPROPER TURNING/NO SIGNAL,UNABLE TO DETERMINE,322,N,CLARK ST,1831,,,,,,,2,NO INDICATION OF INJURY,0,0,0,0,0,1,0,10,2,9,41.88814401,-87.63118271,POINT (-87.631182713792 41.888144011367)
JC454077,,9/30/2019 10:00,30,STOP SIGN/FLASHER,NO CONTROLS,CLEAR,DAYLIGHT,REAR TO FRONT,NOT DIVIDED,,STRAIGHT AND LEVEL,DRY,NO DEFECTS,NOT ON SCENE (DESK REPORT),NO INJURY / DRIVE AWAY,,,,"OVER $1,500",9/30/2019 11:06,UNABLE TO DETERMINE,UNABLE TO DETERMINE,800,N,KILBOURN AVE,1111,,,,,,,2,NO INDICATION OF INJURY,0,0,0,0,0,2,0,10,2,9,41.89518584,-87.73856106,POINT (-87.738561061707 41.895185838604)
JC454346,,9/30/2019 9:57,10,NO CONTROLS,NO CONTROLS,CLEAR,DAYLIGHT,PARKED MOTOR VEHICLE,PARKING LOT,,STRAIGHT AND LEVEL,DRY,NO DEFECTS,NOT ON SCENE (DESK REPORT),NO INJURY / DRIVE AWAY,,,,"OVER $1,500",9/30/2019 14:00,UNABLE TO DETERMINE,NOT APPLICABLE,3526,S,LAKE PARK AVE,212,,,,,,,2,NO INDICATION OF INJURY,0,0,0,0,0,1,0,9,2,9,41.83047552,-87.60789655,POINT (-87.607896552211 41.830475523555)
JC494904,,9/30/2019 9:50,30,NO CONTROLS,NO CONTROLS,CLEAR,DAYLIGHT,REAR END,ONE-WAY,,STRAIGHT AND LEVEL,DRY,NO DEFECTS,NOT ON SCENE (DESK REPORT),NO INJURY / DRIVE AWAY,,,,"OVER $1,500",9/30/2019 20:10,UNABLE TO DETERMINE,UNABLE TO DETERMINE,358,W,VAN BUREN ST,122,,,,,,,2,NO INDICATION OF INJURY,0,0,0,0,0,2,0,9,2,9,41.87691521,-87.63683381,POINT (-87.636833811918 41.876915212252)
JC455261,,9/30/2019 9:50,25,NO CONTROLS,NO CONTROLS,CLEAR,DAYLIGHT,PARKED MOTOR VEHICLE,NOT DIVIDED,,STRAIGHT AND LEVEL,DRY,NO DEFECTS,NOT ON SCENE (DESK REPORT),NO INJURY / DRIVE AWAY,,,,"OVER $1,500",10/1/2019 7:00,DRIVING SKILLS/KNOWLEDGE/EXPERIENCE,NOT APPLICABLE,6334,W,BLOOMINGDALE AVE,2513,,,,,,,2,NO INDICATION OF INJURY,0,0,0,0,0,1,0,9,2,9,41.91290969,-87.78396021,POINT (-87.783960212407 41.91290968485)
JC454023,,9/30/2019 9:48,15,NO CONTROLS,NO CONTROLS,CLEAR,DAYLIGHT,ANGLE,PARKING LOT,,STRAIGHT AND LEVEL,DRY,NO DEFECTS,ON SCENE,NO INJURY / DRIVE AWAY,,Y,,"$501 - $1,500",9/30/2019 9:58,DRIVING SKILLS/KNOWLEDGE/EXPERIENCE,NOT APPLICABLE,200,W,87TH ST,622,,,,,,,2,NO INDICATION OF INJURY,0,0,0,0,0,2,0,9,2,9,41.7362617,-87.62906472,POINT (-87.629064716425 41.736261699376)
JC454629,,9/30/2019 9:45,30,NO CONTROLS,NO CONTROLS,CLEAR,DAYLIGHT,SIDESWIPE SAME DIRECTION,DIVIDED - W/MEDIAN (NOT RAISED),,STRAIGHT AND LEVEL,DRY,UNKNOWN,NOT ON SCENE (DESK REPORT),NO INJURY / DRIVE AWAY,,,Y,"OVER $1,500",9/30/2019 17:00,FAILING TO YIELD RIGHT-OF-WAY,UNABLE TO DETERMINE,1200,W,63RD ST,713,,,,,,,2,NO INDICATION OF INJURY,0,0,0,0,0,2,0,9,2,9,41.77971768,-87.65456553,POINT (-87.654565524531 41.779717682556)
JC453966,,9/30/2019 9:41,35,NO CONTROLS,NO CONTROLS,CLEAR,DAYLIGHT,TURNING,T-INTERSECTION,,STRAIGHT AND LEVEL,DRY,NO DEFECTS,ON SCENE,NO INJURY / DRIVE AWAY,Y,,,"OVER $1,500",9/30/2019 9:41,IMPROPER BACKING,NOT APPLICABLE,1800,W,CONGRESS PKWY,1231,,,,,,,2,NO INDICATION OF INJURY,0,0,0,0,0,2,0,9,2,9,41.87520542,-87.67169397,POINT (-87.671693964979 41.87520541459)
JC453972,,9/30/2019 9:38,30,NO CONTROLS,NO CONTROLS,CLEAR,DAYLIGHT,TURNING,DIVIDED - W/MEDIAN (NOT RAISED),,STRAIGHT AND LEVEL,DRY,NO DEFECTS,ON SCENE,INJURY AND / OR TOW DUE TO CRASH,,,,"OVER $1,500",9/30/2019 10:00,DISREGARDING ROAD MARKINGS,UNABLE TO DETERMINE,4705,S,WESTERN BLVD,931,,,,,,,2,NO INDICATION OF INJURY,0,0,0,0,0,5,0,9,2,9,41.80823586,-87.68372245,POINT (-87.683722445788 41.80823585501)
JC453973,,9/30/2019 9:32,30,TRAFFIC SIGNAL,FUNCTIONING PROPERLY,CLEAR,DAYLIGHT,ANGLE,FOUR WAY,,STRAIGHT AND LEVEL,DRY,NO DEFECTS,ON SCENE,INJURY AND / OR TOW DUE TO CRASH,Y,,,"OVER $1,500",9/30/2019 9:32,DISREGARDING TRAFFIC SIGNALS,NOT APPLICABLE,4700,S,MICHIGAN AVE,224,,,,,,,2,NO INDICATION OF INJURY,0,0,0,0,0,2,0,9,2,9,41.80919351,-87.62297931,POINT (-87.62297930642 41.809193513201)
JC454507,Y,9/30/2019 9:30,20,UNKNOWN,UNKNOWN,CLEAR,UNKNOWN,PARKED MOTOR VEHICLE,NOT DIVIDED,,STRAIGHT AND LEVEL,DRY,UNKNOWN,NOT ON SCENE (DESK REPORT),NO INJURY / DRIVE AWAY,,,Y,"OVER $1,500",9/30/2019 16:30,UNABLE TO DETERMINE,NOT APPLICABLE,12416,S,WENTWORTH AVE,523,,,,,,,2,NO INDICATION OF INJURY,0,0,0,0,0,1,0,9,2,9,41.66833029,-87.62730841,POINT (-87.627308404768 41.668330289673)
JC453954,,9/30/2019 9:30,30,NO CONTROLS,NO CONTROLS,CLEAR,DAYLIGHT,REAR END,ONE-WAY,,STRAIGHT AND LEVEL,DRY,NO DEFECTS,ON SCENE,NO INJURY / DRIVE AWAY,,,,$500 OR LESS,9/30/2019 9:34,UNABLE TO DETERMINE,UNABLE TO DETERMINE,2206,N,HAMILTON AVE,1432,,,,,,,2,NO INDICATION OF INJURY,0,0,0,0,0,2,0,9,2,9,41.92157319,-87.68158517,POINT (-87.681585164992 41.92157319246)
JC453930,,9/30/2019 9:26,30,STOP SIGN/FLASHER,NO CONTROLS,CLEAR,DAYLIGHT,ANGLE,FOUR WAY,,STRAIGHT AND LEVEL,DRY,NO DEFECTS,ON SCENE,NO INJURY / DRIVE AWAY,Y,,,"$501 - $1,500",9/30/2019 9:26,DISREGARDING STOP SIGN,NOT APPLICABLE,7298,S,RHODES AVE,323,,,,,,,2,NO INDICATION OF INJURY,0,0,0,0,0,4,0,9,2,9,41.76221278,-87.61170069,POINT (-87.611700690185 41.762212776065)
JC453908,,9/30/2019 9:24,15,STOP SIGN/FLASHER,FUNCTIONING PROPERLY,CLEAR,DAYLIGHT,ANGLE,FOUR WAY,,STRAIGHT AND LEVEL,DRY,NO DEFECTS,ON SCENE,INJURY AND / OR TOW DUE TO CRASH,Y,,,"OVER $1,500",9/30/2019 9:25,FAILING TO YIELD RIGHT-OF-WAY,NOT APPLICABLE,4699,N,KARLOV AVE,1722,,,,,,,2,NO INDICATION OF INJURY,0,0,0,0,0,2,0,9,2,9,41.96556665,-87.73023716,POINT (-87.730237154773 41.965566653694)
JC453960,,9/30/2019 9:20,30,NO CONTROLS,NO CONTROLS,CLEAR,DAYLIGHT,PARKED MOTOR VEHICLE,PARKING LOT,,STRAIGHT AND LEVEL,DRY,NO DEFECTS,ON SCENE,NO INJURY / DRIVE AWAY,,,,"OVER $1,500",9/30/2019 9:28,IMPROPER BACKING,NOT APPLICABLE,4859,N,MILWAUKEE AVE,1623,,,,,,,2,NO INDICATION OF INJURY,0,0,0,0,0,1,0,9,2,9,41.96939422,-87.76188717,POINT (-87.761887172396 41.969394221758)
JC453981,,9/30/2019 9:15,30,STOP SIGN/FLASHER,FUNCTIONING PROPERLY,CLEAR,DAYLIGHT,TURNING,FOUR WAY,,STRAIGHT AND LEVEL,DRY,NO DEFECTS,NOT ON SCENE (DESK REPORT),INJURY AND / OR TOW DUE TO CRASH,Y,,,"OVER $1,500",9/30/2019 10:30,FAILING TO YIELD RIGHT-OF-WAY,NOT APPLICABLE,1901,W,ADAMS ST,1225,,,,,,,2,NONINCAPACITATING INJURY,2,0,0,2,0,1,0,9,2,9,41.87867015,-87.67418952,POINT (-87.67418952274 41.878670150422)
JC453962,,9/30/2019 9:11,30,STOP SIGN/FLASHER,FUNCTIONING PROPERLY,CLEAR,DAYLIGHT,REAR END,NOT DIVIDED,,STRAIGHT AND LEVEL,WET,NO DEFECTS,ON SCENE,NO INJURY / DRIVE AWAY,Y,,,$500 OR LESS,9/30/2019 9:11,FOLLOWING TOO CLOSELY,DRIVING SKILLS/KNOWLEDGE/EXPERIENCE,531,W,71ST ST,732,,,,,,,2,NO INDICATION OF INJURY,0,0,0,0,0,2,0,9,2,9,41.76518951,-87.63827431,POINT (-87.638274310849 41.765189512788)
JC453927,,9/30/2019 9:08,30,TRAFFIC SIGNAL,UNKNOWN,CLEAR,DAYLIGHT,REAR END,DIVIDED - W/MEDIAN (NOT RAISED),,STRAIGHT AND LEVEL,DRY,UNKNOWN,,INJURY AND / OR TOW DUE TO CRASH,,,,"$501 - $1,500",9/30/2019 9:08,FOLLOWING TOO CLOSELY,FOLLOWING TOO CLOSELY,7855,S,DR MARTIN LUTHER KING JR DR,624,,,,,,,3,NO INDICATION OF INJURY,0,0,0,0,0,2,0,9,2,9,41.75132049,-87.61481715,POINT (-87.614817150723 41.751320494407)
JC545063,,9/30/2019 9:00,30,NO CONTROLS,NO CONTROLS,CLEAR,DAYLIGHT,PARKED MOTOR VEHICLE,PARKING LOT,,STRAIGHT AND LEVEL,DRY,NO DEFECTS,NOT ON SCENE (DESK REPORT),NO INJURY / DRIVE AWAY,,,Y,"OVER $1,500",9/30/2019 11:09,UNABLE TO DETERMINE,UNABLE TO DETERMINE,5160,S,PULASKI RD,815,,,,,,,2,NO INDICATION OF INJURY,0,0,0,0,0,1,0,9,2,9,41.79875026,-87.72346641,POINT (-87.723466410189 41.798750257433)
JC454869,Y,9/30/2019 9:00,30,TRAFFIC SIGNAL,FUNCTIONING PROPERLY,CLEAR,DAYLIGHT,TURNING,NOT DIVIDED,,STRAIGHT AND LEVEL,DRY,NO DEFECTS,NOT ON SCENE (DESK REPORT),NO INJURY / DRIVE AWAY,Y,,,"OVER $1,500",9/30/2019 19:49,FOLLOWING TOO CLOSELY,IMPROPER TURNING/NO SIGNAL,2050,S,CLARK ST,131,,,,,,,2,NO INDICATION OF INJURY,0,0,0,0,0,2,0,9,2,9,41.85422519,-87.63028053,POINT (-87.630280531539 41.854225184781)
JC454692,,9/30/2019 9:00,30,NO CONTROLS,NO CONTROLS,CLEAR,DAYLIGHT,PARKED MOTOR VEHICLE,NOT DIVIDED,,STRAIGHT AND LEVEL,DRY,NO DEFECTS,NOT ON SCENE (DESK REPORT),NO INJURY / DRIVE AWAY,,,Y,"$501 - $1,500",9/30/2019 17:45,UNABLE TO DETERMINE,NOT APPLICABLE,5442,W,BERTEAU AVE,1624,,,,,,,2,NO INDICATION OF INJURY,0,0,0,0,0,1,0,9,2,9,41.95698017,-87.76392648,POINT (-87.763926478743 41.956980164888)
JC453953,,9/30/2019 9:00,30,NO CONTROLS,NO CONTROLS,CLEAR,DAYLIGHT,FIXED OBJECT,NOT DIVIDED,,STRAIGHT AND LEVEL,WET,NO DEFECTS,ON SCENE,INJURY AND / OR TOW DUE TO CRASH,,,,"OVER $1,500",9/30/2019 9:07,DRIVING SKILLS/KNOWLEDGE/EXPERIENCE,UNABLE TO DETERMINE,556,W,71ST ST,732,,,,,,,1,NO INDICATION OF INJURY,0,0,0,0,0,1,0,9,2,9,41.76539093,-87.63933322,POINT (-87.639333222339 41.765390929997)
JC453937,,9/30/2019 9:00,30,NO CONTROLS,NO CONTROLS,CLEAR,DAYLIGHT,PARKED MOTOR VEHICLE,NOT DIVIDED,,STRAIGHT AND LEVEL,DRY,NO DEFECTS,ON SCENE,NO INJURY / DRIVE AWAY,,,Y,"$501 - $1,500",9/30/2019 9:35,FAILING TO REDUCE SPEED TO AVOID CRASH,NOT APPLICABLE,202,E,21ST ST,132,,,,,,,2,NO INDICATION OF INJURY,0,0,0,0,0,1,0,9,2,9,41.85442106,-87.62210153,POINT (-87.622101524872 41.854421056483)