RD_NO,CRASH_DATE_EST_I,CRASH_DATE,POSTED_SPEED_LIMIT,TRAFFIC_CONTROL_DEVICE,DEVICE_CONDITION,WEATHER_CONDITION,LIGHTING_CONDITION,FIRST_CRASH_TYPE,TRAFFICWAY_TYPE,LANE_CNT,ALIGNMENT,ROADWAY_SURFACE_COND,ROAD_DEFECT,REPORT_TYPE,CRASH_TYPE,INTERSECTION_RELATED_I,NOT_RIGHT_OF_WAY_I,HIT_AND_RUN_I,DAMAGE,DATE_POLICE_NOTIFIED,PRIM_CONTRIBUTORY_CAUSE,SEC_CONTRIBUTORY_CAUSE,STREET_NO,STREET_DIRECTION,STREET_NAME,BEAT_OF_OCCURRENCE,PHOTOS_TAKEN_I,STATEMENTS_TAKEN_I,DOORING_I,WORK_ZONE_I,WORK_ZONE_TYPE,WORKERS_PRESENT_I,NUM_UNITS,MOST_SEVERE_INJURY,INJURIES_TOTAL,INJURIES_FATAL,INJURIES_INCAPACITATING,INJURIES_NON_INCAPACITATING,INJURIES_REPORTED_NOT_EVIDENT,INJURIES_NO_INDICATION,INJURIES_UNKNOWN,CRASH_HOUR,CRASH_DAY_OF_WEEK,CRASH_MONTH,LATITUDE,LONGITUDE,LOCATION
JC456933,,9/30/2019 8:55,40,NO CONTROLS,NO CONTROLS,CLEAR,DAYLIGHT,REAR END,RAMP,,STRAIGHT AND LEVEL,DRY,NO DEFECTS,ON SCENE,NO INJURY / DRIVE AWAY,,,,"OVER $1,500",9/30/2019 9:06,"DISTRACTION - OTHER ELECTRONIC DEVICE (NAVIGATION DEVICE, DVD PLAYER, ETC.)",NOT APPLICABLE,1000,N,LAKE SHORE DR SB,1824,,,,,,,2,NO INDICATION OF INJURY,0,0,0,0,0,2,0,8,2,9,41.90095892,-87.61992817,POINT (-87.619928173678 41.900958919109)
JC453909,,9/30/2019 8:50,30,NO CONTROLS,NO CONTROLS,CLEAR,DAYLIGHT,PARKED MOTOR VEHICLE,DIVIDED - W/MEDIAN (NOT RAISED),,STRAIGHT AND LEVEL,DRY,NO DEFECTS,ON SCENE,INJURY AND / OR TOW DUE TO CRASH,,,,"OVER $1,500",9/30/2019 8:53,DISTRACTION - FROM OUTSIDE VEHICLE,IMPROPER OVERTAKING/PASSING,5017,W,LAWRENCE AVE,1623,,,,,,,3,NO INDICATION OF INJURY,0,0,0,0,0,1,0,8,2,9,41.96784781,-87.75343411,POINT (-87.753434109002 41.967847813639)
JC453889,,9/30/2019 8:48,30,NO CONTROLS,OTHER,CLEAR,DAYLIGHT,REAR END,CENTER TURN LANE,,STRAIGHT AND LEVEL,WET,NO DEFECTS,ON SCENE,INJURY AND / OR TOW DUE TO CRASH,,,,"$501 - $1,500",9/30/2019 8:48,EQUIPMENT - VEHICLE CONDITION,UNABLE TO DETERMINE,1611,S,WABASH AVE,131,,Y,,,,,2,NO INDICATION OF INJURY,0,0,0,0,0,3,0,8,2,9,41.8598809,-87.62550921,POINT (-87.625509214366 41.859880898909)
JC453870,,9/30/2019 8:45,30,NO CONTROLS,FUNCTIONING PROPERLY,RAIN,DAYLIGHT,REAR END,DIVIDED - W/MEDIAN (NOT RAISED),,STRAIGHT AND LEVEL,WET,NO DEFECTS,NOT ON SCENE (DESK REPORT),NO INJURY / DRIVE AWAY,,,,"$501 - $1,500",9/30/2019 8:45,UNABLE TO DETERMINE,UNABLE TO DETERMINE,4300,S,CICERO AVE,814,,,,,,,2,NO INDICATION OF INJURY,0,0,0,0,0,2,0,8,2,9,41.81483675,-87.74350148,POINT (-87.743501480634 41.81483675036)
JC453885,,9/30/2019 8:44,35,TRAFFIC SIGNAL,FUNCTIONING PROPERLY,CLEAR,DAYLIGHT,REAR END,NOT DIVIDED,,STRAIGHT AND LEVEL,WET,NO DEFECTS,ON SCENE,NO INJURY / DRIVE AWAY,Y,,,"OVER $1,500",9/30/2019 8:44,UNABLE TO DETERMINE,NOT APPLICABLE,10600,S,TORRENCE AVE,434,,,,,,,2,NO INDICATION OF INJURY,0,0,0,0,0,2,0,8,2,9,41.70268583,-87.55974771,POINT (-87.559747707177 41.702685826641)
JC454637,,9/30/2019 8:30,40,NO CONTROLS,NO CONTROLS,CLEAR,DAYLIGHT,SIDESWIPE SAME DIRECTION,DIVIDED - W/MEDIAN BARRIER,,STRAIGHT AND LEVEL,DRY,NO DEFECTS,NOT ON SCENE (DESK REPORT),NO INJURY / DRIVE AWAY,,,,"$501 - $1,500",9/30/2019 17:22,IMPROPER LANE USAGE,UNABLE TO DETERMINE,3600,N,LAKE SHORE DR SB,1925,,,,,,,2,NO INDICATION OF INJURY,0,0,0,0,0,3,0,8,2,9,41.94872967,-87.64344799,POINT (-87.64344798585 41.94872966546)
JC454395,,9/30/2019 8:30,30,STOP SIGN/FLASHER,FUNCTIONING PROPERLY,CLEAR,DAYLIGHT,ANGLE,FOUR WAY,,STRAIGHT AND LEVEL,DRY,NO DEFECTS,NOT ON SCENE (DESK REPORT),NO INJURY / DRIVE AWAY,Y,,,"OVER $1,500",9/30/2019 15:10,FAILING TO YIELD RIGHT-OF-WAY,UNABLE TO DETERMINE,5200,W,DEVON AVE,1621,,,,,,,2,NO INDICATION OF INJURY,0,0,0,0,0,3,0,8,2,9,41.99743045,-87.75797128,POINT (-87.757971278477 41.997430452089)
JC453901,,9/30/2019 8:30,35,NO CONTROLS,NO CONTROLS,CLEAR,DAYLIGHT,PEDALCYCLIST,FOUR WAY,,STRAIGHT AND LEVEL,DRY,NO DEFECTS,NOT ON SCENE (DESK REPORT),INJURY AND / OR TOW DUE TO CRASH,,,,"$501 - $1,500",9/30/2019 9:00,"VISION OBSCURED (SIGNS, TREE LIMBS, BUILDINGS, ETC.)",NOT APPLICABLE,235,N,WESTERN AVE,1223,,,,,,,2,NONINCAPACITATING INJURY,1,0,0,1,0,1,0,8,2,9,41.88565545,-87.68640695,POINT (-87.686406953621 41.885655448693)
JC453891,,9/30/2019 8:30,25,STOP SIGN/FLASHER,FUNCTIONING PROPERLY,CLEAR,DAYLIGHT,ANGLE,NOT DIVIDED,,STRAIGHT AND LEVEL,DRY,NO DEFECTS,,NO INJURY / DRIVE AWAY,,,,"$501 - $1,500",9/30/2019 9:00,FAILING TO YIELD RIGHT-OF-WAY,FAILING TO YIELD RIGHT-OF-WAY,1900,S,WOOD ST,1234,,,,,,,2,NO INDICATION OF INJURY,0,0,0,0,0,2,0,8,2,9,41.85585475,-87.67119305,POINT (-87.671193049076 41.855854751743)
JC453858,,9/30/2019 8:26,15,OTHER REG. SIGN,FUNCTIONING PROPERLY,CLEAR,DAYLIGHT,FIXED OBJECT,ALLEY,,STRAIGHT AND LEVEL,DRY,NO DEFECTS,ON SCENE,NO INJURY / DRIVE AWAY,,Y,,$500 OR LESS,9/30/2019 8:30,IMPROPER TURNING/NO SIGNAL,NOT APPLICABLE,1802,N,CENTRAL PARK AVE,2535,,,,,,,1,NO INDICATION OF INJURY,0,0,0,0,0,2,0,8,2,9,41.91376744,-87.71680937,POINT (-87.716809368676 41.913767440521)
JC453971,,9/30/2019 8:25,30,TRAFFIC SIGNAL,FUNCTIONING PROPERLY,CLEAR,DAYLIGHT,TURNING,NOT DIVIDED,,STRAIGHT AND LEVEL,DRY,NO DEFECTS,NOT ON SCENE (DESK REPORT),NO INJURY / DRIVE AWAY,Y,,,"OVER $1,500",9/30/2019 10:01,IMPROPER OVERTAKING/PASSING,NOT APPLICABLE,2198,S,CLARK ST,131,,,,,,,2,NO INDICATION OF INJURY,0,0,0,0,0,2,0,8,2,9,41.85293397,-87.63021424,POINT (-87.630214239166 41.852933967598)
JC453922,,9/30/2019 8:20,30,TRAFFIC SIGNAL,FUNCTIONING PROPERLY,CLEAR,DAYLIGHT,REAR END,T-INTERSECTION,,STRAIGHT AND LEVEL,WET,NO DEFECTS,NOT ON SCENE (DESK REPORT),NO INJURY / DRIVE AWAY,Y,,,"OVER $1,500",9/30/2019 9:15,FOLLOWING TOO CLOSELY,NOT APPLICABLE,2354,S,BLUE ISLAND AVE,1034,,,,,,,2,NO INDICATION OF INJURY,0,0,0,0,0,2,0,8,2,9,41.8495331,-87.67348225,POINT (-87.673482244628 41.849533101563)
JC453898,,9/30/2019 8:20,30,NO CONTROLS,NO CONTROLS,CLEAR,DAYLIGHT,PARKED MOTOR VEHICLE,DIVIDED - W/MEDIAN (NOT RAISED),,STRAIGHT AND LEVEL,DRY,NO DEFECTS,ON SCENE,NO INJURY / DRIVE AWAY,,,,"OVER $1,500",9/30/2019 8:24,DRIVING SKILLS/KNOWLEDGE/EXPERIENCE,NOT APPLICABLE,3805,W,DIVERSEY AVE,2524,,,,,,,2,NO INDICATION OF INJURY,0,0,0,0,0,2,0,8,2,9,41.93173903,-87.72231404,POINT (-87.722314039108 41.931739033488)
JC453853,,9/30/2019 8:19,30,STOP SIGN/FLASHER,FUNCTIONING PROPERLY,CLEAR,DAYLIGHT,ANGLE,DIVIDED - W/MEDIAN (NOT RAISED),,STRAIGHT AND LEVEL,DRY,NO DEFECTS,ON SCENE,INJURY AND / OR TOW DUE TO CRASH,Y,,,"OVER $1,500",9/30/2019 8:20,FAILING TO YIELD RIGHT-OF-WAY,FAILING TO YIELD RIGHT-OF-WAY,8800,S,ST LAWRENCE AVE,632,,,,,,,2,NO INDICATION OF INJURY,0,0,0,0,0,2,0,8,2,9,41.73470478,-87.6097719,POINT (-87.609771902037 41.734704776901)
JC453810,,9/30/2019 8:16,30,NO CONTROLS,UNKNOWN,CLEAR,DAYLIGHT,PEDESTRIAN,DIVIDED - W/MEDIAN (NOT RAISED),,STRAIGHT AND LEVEL,DRY,NO DEFECTS,ON SCENE,INJURY AND / OR TOW DUE TO CRASH,,,,$500 OR LESS,9/30/2019 8:16,DRIVING ON WRONG SIDE/WRONG WAY,UNABLE TO DETERMINE,7900,S,HONORE ST,611,,,,,,,2,NONINCAPACITATING INJURY,1,0,0,1,0,5,0,8,2,9,41.75018474,-87.66963913,POINT (-87.669639131161 41.750184739393)
JC454107,,9/30/2019 8:15,30,NO CONTROLS,NO CONTROLS,CLEAR,DAYLIGHT,TURNING,OTHER,,STRAIGHT AND LEVEL,DRY,NO DEFECTS,NOT ON SCENE (DESK REPORT),NO INJURY / DRIVE AWAY,,,,"OVER $1,500",9/30/2019 11:45,FAILING TO REDUCE SPEED TO AVOID CRASH,FAILING TO YIELD RIGHT-OF-WAY,4429,W,DIVERSEY AVE,2524,,,,,,,2,NO INDICATION OF INJURY,0,0,0,0,0,3,0,8,2,9,41.93153615,-87.73796114,POINT (-87.737961141344 41.931536147066)
JC453888,,9/30/2019 8:15,35,TRAFFIC SIGNAL,UNKNOWN,CLEAR,DAYLIGHT,REAR END,DIVIDED - W/MEDIAN (NOT RAISED),,STRAIGHT AND LEVEL,DRY,UNKNOWN,ON SCENE,INJURY AND / OR TOW DUE TO CRASH,Y,,Y,"$501 - $1,500",9/30/2019 8:28,UNABLE TO DETERMINE,UNABLE TO DETERMINE,3364,N,ELSTON AVE,1733,,,,,,,4,"REPORTED, NOT EVIDENT",1,0,0,0,1,3,0,8,2,9,41.94253664,-87.7031105,POINT (-87.703110501721 41.942536642962)
JC453857,,9/30/2019 8:15,30,TRAFFIC SIGNAL,FUNCTIONING PROPERLY,CLEAR,DAYLIGHT,REAR END,FOUR WAY,,STRAIGHT AND LEVEL,DRY,NO DEFECTS,NOT ON SCENE (DESK REPORT),NO INJURY / DRIVE AWAY,Y,,,"OVER $1,500",9/30/2019 8:30,UNABLE TO DETERMINE,UNABLE TO DETERMINE,5501,S,ASHLAND AVE,713,,,,,,,2,NO INDICATION OF INJURY,0,0,0,0,0,2,0,8,2,9,41.79359129,-87.66442764,POINT (-87.664427637221 41.793591294116)
JC453842,,9/30/2019 8:07,30,STOP SIGN/FLASHER,FUNCTIONING PROPERLY,CLEAR,DAYLIGHT,TURNING,DIVIDED - W/MEDIAN (NOT RAISED),,STRAIGHT AND LEVEL,DRY,NO DEFECTS,ON SCENE,INJURY AND / OR TOW DUE TO CRASH,,,,"$501 - $1,500",9/30/2019 8:09,"VISION OBSCURED (SIGNS, TREE LIMBS, BUILDINGS, ETC.)",IMPROPER OVERTAKING/PASSING,2021,W,GARFIELD BLVD,715,,,,,,,2,"REPORTED, NOT EVIDENT",1,0,0,0,1,2,0,8,2,9,41.79343618,-87.67525328,POINT (-87.675253282823 41.793436175856)
JC454427,,9/30/2019 8:00,10,NO CONTROLS,NO CONTROLS,CLEAR,DAYLIGHT,REAR TO FRONT,DRIVEWAY,,STRAIGHT AND LEVEL,DRY,NO DEFECTS,NOT ON SCENE (DESK REPORT),NO INJURY / DRIVE AWAY,,,,"OVER $1,500",9/30/2019 15:25,IMPROPER BACKING,NOT APPLICABLE,3100,W,77TH ST,835,,,,,,,2,NO INDICATION OF INJURY,0,0,0,0,0,2,0,8,2,9,41.75359697,-87.70008142,POINT (-87.700081419736 41.753596964993)
JC453911,,9/30/2019 8:00,10,NO CONTROLS,NO CONTROLS,CLEAR,DAYLIGHT,ANGLE,PARKING LOT,,STRAIGHT AND LEVEL,DRY,NO DEFECTS,NOT ON SCENE (DESK REPORT),NO INJURY / DRIVE AWAY,,,Y,$500 OR LESS,9/30/2019 8:00,IMPROPER BACKING,NOT APPLICABLE,1550,E,79TH ST,411,,,,,,,2,NO INDICATION OF INJURY,0,0,0,0,0,2,0,8,2,9,41.75160323,-87.58656543,POINT (-87.58656542529 41.751603225932)
JC453835,,9/30/2019 7:53,35,NO CONTROLS,NO CONTROLS,CLEAR,DAYLIGHT,SIDESWIPE SAME DIRECTION,NOT DIVIDED,,STRAIGHT ON GRADE,DRY,NO DEFECTS,ON SCENE,INJURY AND / OR TOW DUE TO CRASH,,,,"OVER $1,500",9/30/2019 7:53,FAILING TO YIELD RIGHT-OF-WAY,NOT APPLICABLE,1499,W,CERMAK RD,1235,,,,,,,2,NO INDICATION OF INJURY,0,0,0,0,0,2,0,7,2,9,41.85227169,-87.66348839,POINT (-87.663488389319 41.852271689756)
JC455051,,9/30/2019 7:50,30,NO CONTROLS,NO CONTROLS,CLEAR,DAYLIGHT,REAR END,ONE-WAY,,STRAIGHT AND LEVEL,DRY,NO DEFECTS,NOT ON SCENE (DESK REPORT),NO INJURY / DRIVE AWAY,,,,"OVER $1,500",9/30/2019 22:45,FAILING TO YIELD RIGHT-OF-WAY,IMPROPER LANE USAGE,3242,W,WAVELAND AVE,1733,,,,,,,2,NO INDICATION OF INJURY,0,0,0,0,0,2,0,7,2,9,41.94854296,-87.70963001,POINT (-87.709630012335 41.948542955353)
JC453833,,9/30/2019 7:50,20,NO CONTROLS,NO CONTROLS,CLEAR,DAYLIGHT,SIDESWIPE SAME DIRECTION,ONE-WAY,,STRAIGHT AND LEVEL,DRY,NO DEFECTS,ON SCENE,NO INJURY / DRIVE AWAY,,,,"OVER $1,500",9/30/2019 7:55,FAILING TO YIELD RIGHT-OF-WAY,DRIVING SKILLS/KNOWLEDGE/EXPERIENCE,1,W,TERMINAL ST,1651,,,,,,,2,NO INDICATION OF INJURY,0,0,0,0,0,2,0,7,2,9,,,
JC453851,,9/30/2019 7:45,30,STOP SIGN/FLASHER,FUNCTIONING PROPERLY,FOG/SMOKE/HAZE,DAYLIGHT,ANGLE,FOUR WAY,,STRAIGHT AND LEVEL,DRY,NO DEFECTS,NOT ON SCENE (DESK REPORT),INJURY AND / OR TOW DUE TO CRASH,Y,,,"OVER $1,500",9/30/2019 8:45,FAILING TO YIELD RIGHT-OF-WAY,FAILING TO REDUCE SPEED TO AVOID CRASH,2800,N,PARKSIDE AVE,2514,,,,,,,2,"REPORTED, NOT EVIDENT",2,0,0,0,2,2,0,7,2,9,41.93134823,-87.76761213,POINT (-87.767612130984 41.931348229973)
JC453837,,9/30/2019 7:45,30,NO CONTROLS,NO CONTROLS,CLEAR,DAYLIGHT,REAR END,DIVIDED - W/MEDIAN (NOT RAISED),,STRAIGHT AND LEVEL,DRY,NO DEFECTS,NOT ON SCENE (DESK REPORT),NO INJURY / DRIVE AWAY,,,,"$501 - $1,500",9/30/2019 8:25,UNABLE TO DETERMINE,UNABLE TO DETERMINE,4921,S,ASHLAND AVE,933,,,,,,,2,NO INDICATION OF INJURY,0,0,0,0,0,2,0,7,2,9,41.80428511,-87.66470861,POINT (-87.664708610215 41.804285110188)
JC454281,,9/30/2019 7:40,30,NO CONTROLS,NO CONTROLS,RAIN,DAYLIGHT,TURNING,NOT DIVIDED,,STRAIGHT AND LEVEL,WET,NO DEFECTS,NOT ON SCENE (DESK REPORT),NO INJURY / DRIVE AWAY,,,Y,"OVER $1,500",9/30/2019 13:30,IMPROPER TURNING/NO SIGNAL,UNABLE TO DETERMINE,1550,W,112TH PL,2234,,,,,,,2,NO INDICATION OF INJURY,0,0,0,0,0,2,0,7,2,9,41.68939561,-87.66184927,POINT (-87.661849265382 41.689395605436)
JC454621,,9/30/2019 7:35,35,TRAFFIC SIGNAL,NOT FUNCTIONING,CLEAR,DAYLIGHT,REAR END,NOT DIVIDED,,STRAIGHT AND LEVEL,WET,NO DEFECTS,NOT ON SCENE (DESK REPORT),NO INJURY / DRIVE AWAY,,,,$500 OR LESS,9/30/2019 17:10,FOLLOWING TOO CLOSELY,NOT APPLICABLE,5400,W,NORTH AVE,2532,,,,,,,2,NO INDICATION OF INJURY,0,0,0,0,0,2,0,7,2,9,41.90954836,-87.76056814,POINT (-87.760568140621 41.909548356014)
JC454594,,9/30/2019 7:30,30,TRAFFIC SIGNAL,FUNCTIONING PROPERLY,CLEAR,DAYLIGHT,REAR END,NOT DIVIDED,,STRAIGHT AND LEVEL,DRY,UNKNOWN,NOT ON SCENE (DESK REPORT),NO INJURY / DRIVE AWAY,Y,,,"OVER $1,500",9/30/2019 17:02,UNABLE TO DETERMINE,UNABLE TO DETERMINE,4900,S,ASHLAND AVE,931,,,,,,,2,NO INDICATION OF INJURY,0,0,0,0,0,2,0,7,2,9,41.80494867,-87.66501307,POINT (-87.665013074287 41.804948673338)
JC454345,Y,9/30/2019 7:30,15,NO CONTROLS,NO CONTROLS,UNKNOWN,"DARKNESS, LIGHTED ROAD",PARKED MOTOR VEHICLE,ONE-WAY,,STRAIGHT AND LEVEL,DRY,NO DEFECTS,NOT ON SCENE (DESK REPORT),NO INJURY / DRIVE AWAY,,,Y,"$501 - $1,500",9/30/2019 14:10,UNABLE TO DETERMINE,NOT APPLICABLE,97,S,LOTUS AVE,1522,,,,,,,2,NO INDICATION OF INJURY,0,0,0,0,0,1,0,7,2,9,41.87934351,-87.76164415,POINT (-87.761644149651 41.879343513408)
JC453846,,9/30/2019 7:30,30,TRAFFIC SIGNAL,FUNCTIONING PROPERLY,CLEAR,DAYLIGHT,REAR END,ONE-WAY,,STRAIGHT AND LEVEL,DRY,NO DEFECTS,NOT ON SCENE (DESK REPORT),NO INJURY / DRIVE AWAY,Y,,,"OVER $1,500",9/30/2019 8:15,DISTRACTION - FROM INSIDE VEHICLE,NOT APPLICABLE,3858,S,INDIANA AVE,212,,,,,,,2,NO INDICATION OF INJURY,0,0,0,0,0,3,0,7,2,9,41.82386445,-87.62175088,POINT (-87.621750881776 41.82386444784)
JC453855,,9/30/2019 7:25,30,NO CONTROLS,NO CONTROLS,CLEAR,DAYLIGHT,REAR END,DIVIDED - W/MEDIAN (NOT RAISED),,STRAIGHT AND LEVEL,WET,NO DEFECTS,ON SCENE,NO INJURY / DRIVE AWAY,,,,"OVER $1,500",9/30/2019 7:52,UNABLE TO DETERMINE,NOT APPLICABLE,2829,W,LAKE ST,1222,,,,,,,2,NO INDICATION OF INJURY,0,0,0,0,0,2,0,7,2,9,41.88410053,-87.69748656,POINT (-87.697486559749 41.884100525808)
JC453829,,9/30/2019 7:20,30,STOP SIGN/FLASHER,NO CONTROLS,CLEAR,DAYLIGHT,TURNING,FOUR WAY,,STRAIGHT AND LEVEL,DRY,NO DEFECTS,NOT ON SCENE (DESK REPORT),INJURY AND / OR TOW DUE TO CRASH,Y,,,"OVER $1,500",9/30/2019 8:00,UNABLE TO DETERMINE,UNABLE TO DETERMINE,430,E,103RD ST,511,,,,,,,2,NONINCAPACITATING INJURY,2,0,0,2,0,1,0,7,2,9,41.70744211,-87.61261369,POINT (-87.612613685372 41.707442107976)
JC453903,,9/30/2019 7:15,35,UNKNOWN,UNKNOWN,UNKNOWN,DAYLIGHT,TURNING,UNKNOWN INTERSECTION TYPE,,STRAIGHT AND LEVEL,UNKNOWN,UNKNOWN,NOT ON SCENE (DESK REPORT),NO INJURY / DRIVE AWAY,,,,"OVER $1,500",9/30/2019 9:00,UNABLE TO DETERMINE,UNABLE TO DETERMINE,4400,S,KEDZIE AVE,821,,,,,,,2,NO INDICATION OF INJURY,0,0,0,0,0,2,0,7,2,9,41.81348404,-87.70433311,POINT (-87.704333106694 41.813484035263)
JC453803,,9/30/2019 7:14,30,NO CONTROLS,NO CONTROLS,CLEAR,DAYLIGHT,REAR END,NOT DIVIDED,,STRAIGHT AND LEVEL,DRY,NO DEFECTS,NOT ON SCENE (DESK REPORT),NO INJURY / DRIVE AWAY,,,,"$501 - $1,500",9/30/2019 7:32,UNABLE TO DETERMINE,UNABLE TO DETERMINE,6304,N,MILWAUKEE AVE,1611,,,,,,,2,NO INDICATION OF INJURY,0,0,0,0,0,2,0,7,2,9,41.99526639,-87.78608348,POINT (-87.786083480566 41.995266390265)
JC453800,,9/30/2019 7:10,30,NO CONTROLS,NO CONTROLS,CLEAR,DAYLIGHT,REAR END,DIVIDED - W/MEDIAN (NOT RAISED),,STRAIGHT AND LEVEL,WET,WORN SURFACE,ON SCENE,INJURY AND / OR TOW DUE TO CRASH,,,,$500 OR LESS,9/30/2019 7:16,UNABLE TO DETERMINE,UNABLE TO DETERMINE,2350,W,51ST ST,923,,,,,,,2,"REPORTED, NOT EVIDENT",1,0,0,0,1,1,0,7,2,9,41.80123291,-87.6835707,POINT (-87.683570698378 41.801232911615)
JC453897,,9/30/2019 7:03,30,TRAFFIC SIGNAL,FUNCTIONING PROPERLY,CLEAR,DAYLIGHT,REAR END,NOT DIVIDED,,STRAIGHT AND LEVEL,DRY,NO DEFECTS,NOT ON SCENE (DESK REPORT),NO INJURY / DRIVE AWAY,,,,"$501 - $1,500",9/30/2019 9:45,FOLLOWING TOO CLOSELY,UNABLE TO DETERMINE,400,E,LOWER WACKER DR,114,,,,,,,2,NO INDICATION OF INJURY,0,0,0,0,0,2,0,7,2,9,41.88755113,-87.61735601,POINT (-87.617356008287 41.8875511317)
JC454216,,9/30/2019 7:00,30,NO CONTROLS,NO CONTROLS,UNKNOWN,UNKNOWN,PARKED MOTOR VEHICLE,NOT DIVIDED,,STRAIGHT AND LEVEL,UNKNOWN,NO DEFECTS,NOT ON SCENE (DESK REPORT),NO INJURY / DRIVE AWAY,,,Y,"$501 - $1,500",9/30/2019 13:00,UNABLE TO DETERMINE,UNABLE TO DETERMINE,2103,W,FULLERTON AVE,1432,,,,,,,2,NO INDICATION OF INJURY,0,0,0,0,0,1,0,7,2,9,41.92488177,-87.68060909,POINT (-87.680609091363 41.924881771013)
JC453798,,9/30/2019 7:00,30,NO CONTROLS,NO CONTROLS,CLEAR,DAYLIGHT,PARKED MOTOR VEHICLE,NOT DIVIDED,,STRAIGHT AND LEVEL,DRY,NO DEFECTS,ON SCENE,INJURY AND / OR TOW DUE TO CRASH,,,,"OVER $1,500",9/30/2019 7:01,UNABLE TO DETERMINE,UNABLE TO DETERMINE,3358,S,LAWNDALE AVE,1031,,,,,,,3,NO INDICATION OF INJURY,0,0,0,0,0,1,0,7,2,9,41.83163192,-87.71704771,POINT (-87.717047712014 41.831631919183)
JC453796,,9/30/2019 7:00,30,TRAFFIC SIGNAL,FUNCTIONING PROPERLY,FOG/SMOKE/HAZE,DAYLIGHT,PEDALCYCLIST,NOT DIVIDED,,STRAIGHT AND LEVEL,DRY,NO DEFECTS,ON SCENE,INJURY AND / OR TOW DUE TO CRASH,Y,,,"$501 - $1,500",9/30/2019 7:05,"VISION OBSCURED (SIGNS, TREE LIMBS, BUILDINGS, ETC.)",UNABLE TO DETERMINE,7300,N,SHERIDAN RD,2423,,,,,,,2,NONINCAPACITATING INJURY,1,0,0,1,0,1,0,7,2,9,42.01395778,-87.66424324,POINT (-87.664243236398 42.013957776681)
JC453904,Y,9/30/2019 6:56,25,NO CONTROLS,NO CONTROLS,CLEAR,DAYLIGHT,PARKED MOTOR VEHICLE,NOT DIVIDED,,STRAIGHT AND LEVEL,DRY,NO DEFECTS,ON SCENE,NO INJURY / DRIVE AWAY,,,Y,"OVER $1,500",9/30/2019 6:56,UNABLE TO DETERMINE,NOT APPLICABLE,1340,W,97TH PL,2213,,,,,,,2,NO INDICATION OF INJURY,0,0,0,0,0,1,0,6,2,9,41.71705193,-87.65692339,POINT (-87.656923390096 41.717051932432)
JC454444,,9/30/2019 6:45,30,UNKNOWN,UNKNOWN,UNKNOWN,UNKNOWN,SIDESWIPE OPPOSITE DIRECTION,UNKNOWN,,STRAIGHT AND LEVEL,UNKNOWN,UNKNOWN,NOT ON SCENE (DESK REPORT),NO INJURY / DRIVE AWAY,,,,"OVER $1,500",9/30/2019 15:35,UNABLE TO DETERMINE,NOT APPLICABLE,4824,W,CARMEN AVE,1623,,,,,,,2,NO INDICATION OF INJURY,0,0,0,0,0,2,0,6,2,9,41.97369869,-87.74934352,POINT (-87.749343516974 41.973698692809)
JC453792,,9/30/2019 6:40,30,TRAFFIC SIGNAL,FUNCTIONING PROPERLY,FOG/SMOKE/HAZE,DAYLIGHT,TURNING,FOUR WAY,,STRAIGHT AND LEVEL,WET,NO DEFECTS,ON SCENE,NO INJURY / DRIVE AWAY,Y,,,"OVER $1,500",9/30/2019 7:12,UNABLE TO DETERMINE,UNABLE TO DETERMINE,5700,N,CUMBERLAND AVE,1614,,,,,,,2,NO INDICATION OF INJURY,0,0,0,0,0,2,0,6,2,9,41.98259956,-87.83672841,POINT (-87.836728406808 41.982599554701)
JC455006,Y,9/30/2019 6:30,25,NO CONTROLS,NO CONTROLS,CLEAR,"DARKNESS, LIGHTED ROAD",PARKED MOTOR VEHICLE,UNKNOWN,,STRAIGHT AND LEVEL,DRY,NO DEFECTS,NOT ON SCENE (DESK REPORT),NO INJURY / DRIVE AWAY,,,Y,"OVER $1,500",9/30/2019 21:40,UNABLE TO DETERMINE,NOT APPLICABLE,3800,W,60TH ST,822,,,,,,,2,NO INDICATION OF INJURY,0,0,0,0,0,1,0,6,2,9,41.78430052,-87.71813298,POINT (-87.718132983043 41.784300518971)
JC453778,,9/30/2019 6:25,35,NO CONTROLS,NO CONTROLS,CLEAR,DAWN,SIDESWIPE SAME DIRECTION,DIVIDED - W/MEDIAN BARRIER,,STRAIGHT ON GRADE,WET,NO DEFECTS,ON SCENE,NO INJURY / DRIVE AWAY,,,,"$501 - $1,500",9/30/2019 6:29,IMPROPER OVERTAKING/PASSING,FAILING TO REDUCE SPEED TO AVOID CRASH,3820,S,PULASKI RD,815,,,,,,,2,NO INDICATION OF INJURY,0,0,0,0,0,3,0,6,2,9,41.82369819,-87.72421326,POINT (-87.724213260163 41.823698188793)
JC453838,Y,9/30/2019 6:20,15,NO CONTROLS,NO CONTROLS,RAIN,UNKNOWN,PARKED MOTOR VEHICLE,ONE-WAY,,STRAIGHT AND LEVEL,WET,UNKNOWN,ON SCENE,NO INJURY / DRIVE AWAY,,,Y,"OVER $1,500",9/30/2019 7:42,"OPERATING VEHICLE IN ERRATIC, RECKLESS, CARELESS, NEGLIGENT OR AGGRESSIVE MANNER",FAILING TO REDUCE SPEED TO AVOID CRASH,5434,W,WABANSIA AVE,2532,,,,,,,2,NO INDICATION OF INJURY,0,0,0,0,0,1,0,6,2,9,41.91135863,-87.76205909,POINT (-87.762059092534 41.911358625558)