RD_NO,CRASH_DATE_EST_I,CRASH_DATE,POSTED_SPEED_LIMIT,TRAFFIC_CONTROL_DEVICE,DEVICE_CONDITION,WEATHER_CONDITION,LIGHTING_CONDITION,FIRST_CRASH_TYPE,TRAFFICWAY_TYPE,LANE_CNT,ALIGNMENT,ROADWAY_SURFACE_COND,ROAD_DEFECT,REPORT_TYPE,CRASH_TYPE,INTERSECTION_RELATED_I,NOT_RIGHT_OF_WAY_I,HIT_AND_RUN_I,DAMAGE,DATE_POLICE_NOTIFIED,PRIM_CONTRIBUTORY_CAUSE,SEC_CONTRIBUTORY_CAUSE,STREET_NO,STREET_DIRECTION,STREET_NAME,BEAT_OF_OCCURRENCE,PHOTOS_TAKEN_I,STATEMENTS_TAKEN_I,DOORING_I,WORK_ZONE_I,WORK_ZONE_TYPE,WORKERS_PRESENT_I,NUM_UNITS,MOST_SEVERE_INJURY,INJURIES_TOTAL,INJURIES_FATAL,INJURIES_INCAPACITATING,INJURIES_NON_INCAPACITATING,INJURIES_REPORTED_NOT_EVIDENT,INJURIES_NO_INDICATION,INJURIES_UNKNOWN,CRASH_HOUR,CRASH_DAY_OF_WEEK,CRASH_MONTH,LATITUDE,LONGITUDE,LOCATION
JC453780,,9/30/2019 6:15,30,TRAFFIC SIGNAL,FUNCTIONING PROPERLY,CLEAR,DAWN,FIXED OBJECT,DIVIDED - W/MEDIAN (NOT RAISED),,STRAIGHT AND LEVEL,DRY,NO DEFECTS,ON SCENE,INJURY AND / OR TOW DUE TO CRASH,Y,,,"OVER $1,500",9/30/2019 6:16,FAILING TO REDUCE SPEED TO AVOID CRASH,NOT APPLICABLE,998,N,MICHIGAN AVE,1833,,,,,,,1,NONINCAPACITATING INJURY,1,0,0,1,0,11,0,6,2,9,41.90080165,-87.62427247,POINT (-87.62427246793 41.900801649452)
JC453767,,9/30/2019 6:15,30,NO CONTROLS,NO CONTROLS,CLOUDY/OVERCAST,DAWN,REAR END,NOT DIVIDED,,STRAIGHT AND LEVEL,WET,NO DEFECTS,ON SCENE,INJURY AND / OR TOW DUE TO CRASH,,,,"OVER $1,500",9/30/2019 6:20,UNABLE TO DETERMINE,NOT APPLICABLE,3001,W,59TH ST,824,,,,,,,2,"REPORTED, NOT EVIDENT",2,0,0,0,2,1,0,6,2,9,41.78621653,-87.69852849,POINT (-87.69852849376 41.786216533069)
JC454678,,9/30/2019 6:05,30,NO CONTROLS,NO CONTROLS,CLEAR,DAYLIGHT,TURNING,NOT DIVIDED,,STRAIGHT AND LEVEL,DRY,NO DEFECTS,NOT ON SCENE (DESK REPORT),NO INJURY / DRIVE AWAY,,,,"$501 - $1,500",9/30/2019 17:45,UNABLE TO DETERMINE,NOT APPLICABLE,7904,W,FOSTER AVE,1613,,,,,,,2,NO INDICATION OF INJURY,0,0,0,0,0,2,0,6,2,9,41.97419538,-87.824746,POINT (-87.824746001354 41.974195378765)
JC457621,,9/30/2019 6:00,20,NO CONTROLS,UNKNOWN,UNKNOWN,UNKNOWN,PARKED MOTOR VEHICLE,OTHER,,STRAIGHT ON GRADE,UNKNOWN,UNKNOWN,NOT ON SCENE (DESK REPORT),NO INJURY / DRIVE AWAY,,,Y,"$501 - $1,500",10/2/2019 19:00,NOT APPLICABLE,NOT APPLICABLE,6175,N,WOLCOTT AVE,2413,,,,,,,2,NO INDICATION OF INJURY,0,0,0,0,0,1,0,6,2,9,41.99413797,-87.67702238,POINT (-87.677022379425 41.994137967791)
JC454458,,9/30/2019 5:45,30,STOP SIGN/FLASHER,FUNCTIONING PROPERLY,CLEAR,"DARKNESS, LIGHTED ROAD",REAR END,CENTER TURN LANE,,STRAIGHT AND LEVEL,DRY,NO DEFECTS,NOT ON SCENE (DESK REPORT),NO INJURY / DRIVE AWAY,Y,,,"$501 - $1,500",9/30/2019 15:20,UNABLE TO DETERMINE,UNABLE TO DETERMINE,1159,W,LAKE ST,1224,,,,,,,2,NO INDICATION OF INJURY,0,0,0,0,0,3,0,5,2,9,41.88539413,-87.65673997,POINT (-87.656739968916 41.8853941293)
JC453781,Y,9/30/2019 5:45,30,TRAFFIC SIGNAL,FUNCTIONING PROPERLY,CLOUDY/OVERCAST,"DARKNESS, LIGHTED ROAD",PEDALCYCLIST,FOUR WAY,,CURVE ON HILLCREST,WET,NO DEFECTS,ON SCENE,INJURY AND / OR TOW DUE TO CRASH,Y,,,"$501 - $1,500",9/30/2019 6:02,FAILING TO YIELD RIGHT-OF-WAY,BICYCLE ADVANCING LEGALLY ON RED LIGHT,100,E,OAK ST,1824,,,,,,,2,NONINCAPACITATING INJURY,1,0,0,1,0,1,0,5,2,9,41.90090135,-87.62562885,POINT (-87.625628848015 41.900901348667)
JC453785,,9/30/2019 5:30,30,NO CONTROLS,NO CONTROLS,CLOUDY/OVERCAST,"DARKNESS, LIGHTED ROAD",PARKED MOTOR VEHICLE,NOT DIVIDED,,STRAIGHT AND LEVEL,WET,NO DEFECTS,NOT ON SCENE (DESK REPORT),NO INJURY / DRIVE AWAY,,,Y,"OVER $1,500",9/30/2019 7:12,UNABLE TO DETERMINE,UNABLE TO DETERMINE,6047,S,ARCHER AVE,811,,,,,,,2,NO INDICATION OF INJURY,0,0,0,0,0,1,0,5,2,9,41.79468053,-87.76839281,POINT (-87.768392808503 41.794680530596)
JC453762,,9/30/2019 5:21,40,NO CONTROLS,NO CONTROLS,RAIN,DAWN,SIDESWIPE SAME DIRECTION,DIVIDED - W/MEDIAN (NOT RAISED),,STRAIGHT AND LEVEL,WET,NO DEFECTS,ON SCENE,INJURY AND / OR TOW DUE TO CRASH,,,,"OVER $1,500",9/30/2019 5:21,FOLLOWING TOO CLOSELY,"OPERATING VEHICLE IN ERRATIC, RECKLESS, CARELESS, NEGLIGENT OR AGGRESSIVE MANNER",13400,S,TORRENCE AVE,434,,N,,,,,3,INCAPACITATING INJURY,2,0,1,1,0,3,0,5,2,9,41.65215063,-87.55946644,POINT (-87.559466439603 41.652150633573)
JC453754,,9/30/2019 4:49,15,NO CONTROLS,NO CONTROLS,FOG/SMOKE/HAZE,"DARKNESS, LIGHTED ROAD",REAR END,PARKING LOT,,STRAIGHT AND LEVEL,WET,NO DEFECTS,ON SCENE,NO INJURY / DRIVE AWAY,,N,,"OVER $1,500",9/30/2019 5:09,IMPROPER BACKING,NOT APPLICABLE,2404,S,WOLCOTT AVE,1034,,,,,,,2,NO INDICATION OF INJURY,0,0,0,0,0,2,0,4,2,9,41.84832466,-87.67343416,POINT (-87.673434156694 41.848324655385)
JC453743,,9/30/2019 3:50,35,TRAFFIC SIGNAL,FUNCTIONING PROPERLY,FOG/SMOKE/HAZE,"DARKNESS, LIGHTED ROAD",REAR END,NOT DIVIDED,,STRAIGHT AND LEVEL,WET,NO DEFECTS,NOT ON SCENE (DESK REPORT),INJURY AND / OR TOW DUE TO CRASH,,,,"OVER $1,500",9/30/2019 3:50,FOLLOWING TOO CLOSELY,NOT APPLICABLE,2625,E,122ND ST,434,,,,,,,2,NONINCAPACITATING INJURY,1,0,0,1,0,1,0,3,2,9,41.67366135,-87.55933581,POINT (-87.559335811508 41.673661347288)
JC454874,Y,9/30/2019 2:00,30,NO CONTROLS,NO CONTROLS,UNKNOWN,"DARKNESS, LIGHTED ROAD",PARKED MOTOR VEHICLE,ONE-WAY,,STRAIGHT AND LEVEL,WET,NO DEFECTS,ON SCENE,NO INJURY / DRIVE AWAY,,,Y,"OVER $1,500",9/30/2019 20:00,UNABLE TO DETERMINE,NOT APPLICABLE,8323,S,MARYLAND AVE,632,,,,,,,2,NO INDICATION OF INJURY,0,0,0,0,0,1,0,2,2,9,41.74326524,-87.60365077,POINT (-87.603650772857 41.743265237831)
JC460434,,9/30/2019 0:45,30,STOP SIGN/FLASHER,UNKNOWN,RAIN,"DARKNESS, LIGHTED ROAD",OTHER OBJECT,NOT DIVIDED,,STRAIGHT AND LEVEL,WET,UNKNOWN,NOT ON SCENE (DESK REPORT),INJURY AND / OR TOW DUE TO CRASH,Y,,Y,"OVER $1,500",10/4/2019 21:50,DISREGARDING OTHER TRAFFIC SIGNS,UNABLE TO DETERMINE,7000,S,PEORIA ST,733,,,,,,,2,NO INDICATION OF INJURY,0,0,0,0,0,2,0,0,2,9,41.76689117,-87.64703595,POINT (-87.647035948456 41.766891166339)
JC453693,Y,9/30/2019 0:32,35,NO CONTROLS,NO CONTROLS,CLEAR,"DARKNESS, LIGHTED ROAD",PARKED MOTOR VEHICLE,NOT DIVIDED,,STRAIGHT AND LEVEL,WET,NO DEFECTS,ON SCENE,NO INJURY / DRIVE AWAY,,,,"OVER $1,500",9/30/2019 0:37,"DISTRACTION - OTHER ELECTRONIC DEVICE (NAVIGATION DEVICE, DVD PLAYER, ETC.)","DISTRACTION - OTHER ELECTRONIC DEVICE (NAVIGATION DEVICE, DVD PLAYER, ETC.)",1951,W,33RD ST,912,,,,,,,2,NO INDICATION OF INJURY,0,0,0,0,0,2,0,0,2,9,41.83391962,-87.67499434,POINT (-87.674994342656 41.833919616604)
JC453691,,9/30/2019 0:32,15,STOP SIGN/FLASHER,NO CONTROLS,CLEAR,"DARKNESS, LIGHTED ROAD",ANGLE,ONE-WAY,,STRAIGHT AND LEVEL,DRY,NO DEFECTS,ON SCENE,INJURY AND / OR TOW DUE TO CRASH,,,Y,"OVER $1,500",9/30/2019 1:10,DISREGARDING STOP SIGN,NOT APPLICABLE,700,W,124TH ST,523,,,,,,,2,NO INDICATION OF INJURY,0,0,0,0,0,1,0,0,2,9,41.66885256,-87.6392629,POINT (-87.639262897322 41.668852564006)
JC453715,,9/30/2019 0:30,30,TRAFFIC SIGNAL,FUNCTIONING PROPERLY,CLEAR,"DARKNESS, LIGHTED ROAD",PEDESTRIAN,FOUR WAY,,STRAIGHT AND LEVEL,WET,NO DEFECTS,ON SCENE,INJURY AND / OR TOW DUE TO CRASH,Y,,Y,"OVER $1,500",9/30/2019 1:06,UNABLE TO DETERMINE,NOT APPLICABLE,4500,W,WASHINGTON BLVD,1113,,,,,,,2,INCAPACITATING INJURY,1,0,1,0,0,1,0,0,2,9,41.88200864,-87.73808107,POINT (-87.73808106854 41.882008643613)
JC453683,,9/30/2019 0:10,35,STOP SIGN/FLASHER,FUNCTIONING PROPERLY,RAIN,"DARKNESS, LIGHTED ROAD",REAR TO SIDE,FOUR WAY,,STRAIGHT AND LEVEL,WET,NO DEFECTS,ON SCENE,INJURY AND / OR TOW DUE TO CRASH,,,Y,"$501 - $1,500",9/30/2019 0:12,DISREGARDING STOP SIGN,NOT APPLICABLE,7200,S,SEELEY AVE,735,,,,,,,2,"REPORTED, NOT EVIDENT",1,0,0,0,1,1,0,0,2,9,41.76288407,-87.67484201,POINT (-87.674842006531 41.76288406825)
JC453707,,9/30/2019 0:02,10,NO CONTROLS,NO CONTROLS,CLEAR,DARKNESS,REAR TO FRONT,PARKING LOT,,STRAIGHT AND LEVEL,UNKNOWN,UNKNOWN,NOT ON SCENE (DESK REPORT),NO INJURY / DRIVE AWAY,,,,$500 OR LESS,9/30/2019 1:00,IMPROPER BACKING,NOT APPLICABLE,1090,W,LAWRENCE AVE,2024,,,,,,,2,NO INDICATION OF INJURY,0,0,0,0,0,2,0,0,2,9,41.96916324,-87.65755793,POINT (-87.65755793144 41.969163235685)
JC453676,,9/29/2019 23:50,30,NO CONTROLS,NO CONTROLS,CLEAR,"DARKNESS, LIGHTED ROAD",PARKED MOTOR VEHICLE,NOT DIVIDED,,STRAIGHT AND LEVEL,DRY,NO DEFECTS,ON SCENE,NO INJURY / DRIVE AWAY,,,,$500 OR LESS,9/29/2019 23:50,UNABLE TO DETERMINE,NOT APPLICABLE,9902,S,WENTWORTH AVE,511,,,,,,,2,NO INDICATION OF INJURY,0,0,0,0,0,1,0,23,1,9,41.71401611,-87.62863652,POINT (-87.628636517832 41.714016111675)
JC453711,Y,9/29/2019 23:40,30,NO CONTROLS,NO CONTROLS,CLEAR,"DARKNESS, LIGHTED ROAD",FIXED OBJECT,DIVIDED - W/MEDIAN BARRIER,,STRAIGHT AND LEVEL,DRY,NO DEFECTS,ON SCENE,INJURY AND / OR TOW DUE TO CRASH,,,,"OVER $1,500",9/29/2019 23:53,DRIVING SKILLS/KNOWLEDGE/EXPERIENCE,UNABLE TO DETERMINE,3100,N,KILDARE AVE,2523,,,,,,,1,NONINCAPACITATING INJURY,1,0,0,1,0,0,0,23,1,9,41.93721865,-87.735124,POINT (-87.73512399643 41.937218650793)
JC453669,,9/29/2019 23:40,35,TRAFFIC SIGNAL,FUNCTIONING IMPROPERLY,RAIN,"DARKNESS, LIGHTED ROAD",REAR END,DIVIDED - W/MEDIAN (NOT RAISED),,STRAIGHT AND LEVEL,WET,NO DEFECTS,ON SCENE,INJURY AND / OR TOW DUE TO CRASH,,,Y,"OVER $1,500",9/29/2019 23:43,UNABLE TO DETERMINE,WEATHER,2599,W,63RD ST,825,,,,,,,2,"REPORTED, NOT EVIDENT",1,0,0,0,1,1,0,23,1,9,41.77907876,-87.68846027,POINT (-87.688460266797 41.77907875635)
JC456381,Y,9/29/2019 23:30,30,NO CONTROLS,NO CONTROLS,CLEAR,"DARKNESS, LIGHTED ROAD",PARKED MOTOR VEHICLE,NOT DIVIDED,,STRAIGHT AND LEVEL,DRY,NO DEFECTS,NOT ON SCENE (DESK REPORT),NO INJURY / DRIVE AWAY,,,Y,"OVER $1,500",10/1/2019 21:30,UNABLE TO DETERMINE,UNABLE TO DETERMINE,6842,W,ARCHER AVE,811,,,,,,,2,NO INDICATION OF INJURY,0,0,0,0,0,1,0,23,1,9,41.79223322,-87.7932838,POINT (-87.79328380356 41.792233216982)
JC453992,,9/29/2019 23:30,30,NO CONTROLS,NO CONTROLS,CLEAR,DARKNESS,PARKED MOTOR VEHICLE,NOT DIVIDED,,STRAIGHT AND LEVEL,DRY,NO DEFECTS,NOT ON SCENE (DESK REPORT),NO INJURY / DRIVE AWAY,,,Y,$500 OR LESS,9/30/2019 10:20,UNABLE TO DETERMINE,UNABLE TO DETERMINE,11125,S,AVENUE O,433,,,,,,,2,NO INDICATION OF INJURY,0,0,0,0,0,1,0,23,1,9,41.69291052,-87.53996121,POINT (-87.539961204761 41.692910521435)
JC453678,,9/29/2019 23:30,30,NO CONTROLS,NO CONTROLS,CLOUDY/OVERCAST,"DARKNESS, LIGHTED ROAD",PARKED MOTOR VEHICLE,DIVIDED - W/MEDIAN (NOT RAISED),,STRAIGHT AND LEVEL,WET,NO DEFECTS,ON SCENE,NO INJURY / DRIVE AWAY,,,Y,"OVER $1,500",9/29/2019 23:48,UNABLE TO DETERMINE,UNABLE TO DETERMINE,2048,W,LAWRENCE AVE,2032,,,,,,,3,NO INDICATION OF INJURY,0,0,0,0,0,1,0,23,1,9,41.96883869,-87.681137,POINT (-87.681137001776 41.968838691905)
JC453668,Y,9/29/2019 23:30,30,TRAFFIC SIGNAL,FUNCTIONING PROPERLY,RAIN,"DARKNESS, LIGHTED ROAD",FIXED OBJECT,FOUR WAY,,STRAIGHT AND LEVEL,WET,NO DEFECTS,ON SCENE,INJURY AND / OR TOW DUE TO CRASH,Y,,N,"OVER $1,500",9/29/2019 23:33,UNABLE TO DETERMINE,UNABLE TO DETERMINE,41,W,71ST ST,731,,,,,,,1,NO INDICATION OF INJURY,0,0,0,0,0,1,0,23,1,9,41.76533195,-87.62658777,POINT (-87.626587769497 41.765331947728)
JC453658,,9/29/2019 23:19,30,STOP SIGN/FLASHER,FUNCTIONING PROPERLY,CLEAR,"DARKNESS, LIGHTED ROAD",TURNING,NOT DIVIDED,,STRAIGHT AND LEVEL,WET,NO DEFECTS,ON SCENE,INJURY AND / OR TOW DUE TO CRASH,,,,"OVER $1,500",9/29/2019 23:39,IMPROPER TURNING/NO SIGNAL,UNDER THE INFLUENCE OF ALCOHOL/DRUGS (USE WHEN ARREST IS EFFECTED),1117,W,76TH ST,612,,,,,,,2,NONINCAPACITATING INJURY,1,0,0,1,0,1,0,23,1,9,41.75587158,-87.65218388,POINT (-87.652183878574 41.755871577606)
JC453653,,9/29/2019 23:13,30,NO CONTROLS,NO CONTROLS,CLEAR,"DARKNESS, LIGHTED ROAD",SIDESWIPE SAME DIRECTION,NOT DIVIDED,,STRAIGHT AND LEVEL,WET,NO DEFECTS,ON SCENE,NO INJURY / DRIVE AWAY,,,,"OVER $1,500",9/29/2019 23:16,FAILING TO YIELD RIGHT-OF-WAY,NOT APPLICABLE,1940,N,CALIFORNIA AVE,1421,,,,,,,2,NO INDICATION OF INJURY,0,0,0,0,0,3,0,23,1,9,41.91688857,-87.69732867,POINT (-87.697328674106 41.91688856603)
JC455094,Y,9/29/2019 23:00,30,NO CONTROLS,NO CONTROLS,RAIN,DARKNESS,PARKED MOTOR VEHICLE,NOT DIVIDED,,STRAIGHT AND LEVEL,WET,UNKNOWN,NOT ON SCENE (DESK REPORT),NO INJURY / DRIVE AWAY,,,Y,"OVER $1,500",9/30/2019 23:45,UNABLE TO DETERMINE,UNABLE TO DETERMINE,825,N,CHRISTIANA AVE,1121,,,,,,,2,NO INDICATION OF INJURY,0,0,0,0,0,1,0,23,1,9,41.89626365,-87.709784,POINT (-87.709783997618 41.896263653226)
JC453649,,9/29/2019 23:00,30,NO CONTROLS,FUNCTIONING PROPERLY,RAIN,DARKNESS,PARKED MOTOR VEHICLE,ONE-WAY,,STRAIGHT AND LEVEL,WET,UNKNOWN,ON SCENE,NO INJURY / DRIVE AWAY,,,Y,"$501 - $1,500",9/29/2019 23:15,UNABLE TO DETERMINE,UNABLE TO DETERMINE,5047,S,DR MARTIN LUTHER KING JR DR,223,,,,,,,2,NO INDICATION OF INJURY,0,0,0,0,0,1,0,23,1,9,41.80255192,-87.61607361,POINT (-87.616073604866 41.802551918923)
JC453656,,9/29/2019 22:48,30,UNKNOWN,NO CONTROLS,CLEAR,DARKNESS,SIDESWIPE SAME DIRECTION,NOT DIVIDED,,STRAIGHT AND LEVEL,UNKNOWN,UNKNOWN,ON SCENE,INJURY AND / OR TOW DUE TO CRASH,,,,"OVER $1,500",9/29/2019 22:48,IMPROPER LANE USAGE,IMPROPER OVERTAKING/PASSING,2450,N,CLARK ST,1935,,,,,,,2,"REPORTED, NOT EVIDENT",1,0,0,0,1,2,0,22,1,9,41.92686645,-87.64141216,POINT (-87.641412156721 41.926866450737)
JC453633,,9/29/2019 22:47,15,NO CONTROLS,NO CONTROLS,RAIN,"DARKNESS, LIGHTED ROAD",FIXED OBJECT,DIVIDED - W/MEDIAN BARRIER,,STRAIGHT AND LEVEL,WET,NO DEFECTS,ON SCENE,INJURY AND / OR TOW DUE TO CRASH,Y,,,"OVER $1,500",9/29/2019 22:59,WEATHER,UNABLE TO DETERMINE,10801,S,ST LOUIS AVE,2211,,,,,,,1,NO INDICATION OF INJURY,0,0,0,0,0,1,0,22,1,9,41.69684045,-87.70822738,POINT (-87.708227382474 41.696840452772)
JC453648,,9/29/2019 22:45,30,NO CONTROLS,NO CONTROLS,UNKNOWN,UNKNOWN,PARKED MOTOR VEHICLE,NOT DIVIDED,,STRAIGHT AND LEVEL,UNKNOWN,NO DEFECTS,ON SCENE,NO INJURY / DRIVE AWAY,,,Y,"OVER $1,500",9/29/2019 22:45,IMPROPER OVERTAKING/PASSING,NOT APPLICABLE,4510,N,MERRIMAC AVE,1622,,,,,,,2,NO INDICATION OF INJURY,0,0,0,0,0,1,0,22,1,9,41.96246019,-87.78335366,POINT (-87.783353660687 41.962460192813)
JC454156,,9/29/2019 22:30,30,NO CONTROLS,NO CONTROLS,CLEAR,"DARKNESS, LIGHTED ROAD",PARKED MOTOR VEHICLE,NOT DIVIDED,,STRAIGHT AND LEVEL,WET,NO DEFECTS,NOT ON SCENE (DESK REPORT),NO INJURY / DRIVE AWAY,,,Y,"$501 - $1,500",9/30/2019 12:00,UNABLE TO DETERMINE,UNABLE TO DETERMINE,2636,N,CALIFORNIA AVE,1411,,,,,,,2,NO INDICATION OF INJURY,0,0,0,0,0,1,0,22,1,9,41.92972672,-87.69770046,POINT (-87.697700460354 41.929726715744)
JC453642,,9/29/2019 22:30,30,NO CONTROLS,NO CONTROLS,CLEAR,"DARKNESS, LIGHTED ROAD",SIDESWIPE SAME DIRECTION,ONE-WAY,,STRAIGHT AND LEVEL,WET,NO DEFECTS,NOT ON SCENE (DESK REPORT),NO INJURY / DRIVE AWAY,,,,"OVER $1,500",9/29/2019 22:50,UNABLE TO DETERMINE,UNABLE TO DETERMINE,2002,S,EMERALD AVE,1235,Y,,,,,,2,NO INDICATION OF INJURY,0,0,0,0,0,4,0,22,1,9,41.85534749,-87.64530962,POINT (-87.645309622748 41.855347487744)
JC454127,,9/29/2019 22:25,30,NO CONTROLS,NO CONTROLS,CLEAR,"DARKNESS, LIGHTED ROAD",REAR END,T-INTERSECTION,,STRAIGHT AND LEVEL,DRY,NO DEFECTS,NOT ON SCENE (DESK REPORT),NO INJURY / DRIVE AWAY,N,,Y,"$501 - $1,500",9/30/2019 11:45,UNABLE TO DETERMINE,UNABLE TO DETERMINE,234,E,134TH ST,533,,,,,,,2,NO INDICATION OF INJURY,0,0,0,0,0,2,0,22,1,9,41.65193596,-87.61570576,POINT (-87.61570576003 41.651935963068)
JC453631,,9/29/2019 22:23,20,NO CONTROLS,NO CONTROLS,CLOUDY/OVERCAST,"DARKNESS, LIGHTED ROAD",REAR TO FRONT,ONE-WAY,,STRAIGHT AND LEVEL,WET,NO DEFECTS,ON SCENE,NO INJURY / DRIVE AWAY,Y,,Y,"$501 - $1,500",9/29/2019 22:26,IMPROPER BACKING,NOT APPLICABLE,412,W,OHARE ST,1654,,,,,,,2,NO INDICATION OF INJURY,0,0,0,0,0,3,0,22,1,9,,,
JC453622,,9/29/2019 22:11,30,TRAFFIC SIGNAL,FUNCTIONING PROPERLY,FOG/SMOKE/HAZE,"DARKNESS, LIGHTED ROAD",REAR TO FRONT,NOT DIVIDED,,STRAIGHT AND LEVEL,WET,NO DEFECTS,ON SCENE,INJURY AND / OR TOW DUE TO CRASH,,,Y,$500 OR LESS,9/29/2019 22:42,UNABLE TO DETERMINE,UNABLE TO DETERMINE,2152,W,BELMONT AVE,1921,,,,,,,3,"REPORTED, NOT EVIDENT",1,0,0,0,1,2,0,22,1,9,41.93962733,-87.68285697,POINT (-87.682856971871 41.939627324678)
JC454699,,9/29/2019 22:00,30,NO CONTROLS,NO CONTROLS,CLEAR,"DARKNESS, LIGHTED ROAD",PARKED MOTOR VEHICLE,NOT DIVIDED,,STRAIGHT AND LEVEL,UNKNOWN,UNKNOWN,NOT ON SCENE (DESK REPORT),NO INJURY / DRIVE AWAY,,,Y,"$501 - $1,500",9/30/2019 17:55,UNABLE TO DETERMINE,UNABLE TO DETERMINE,5000,N,RAVENSWOOD AVE,2032,,,,,,,2,NO INDICATION OF INJURY,0,0,0,0,0,1,0,22,1,9,41.97251573,-87.67441262,POINT (-87.674412617987 41.972515726387)
JC454546,Y,9/29/2019 22:00,15,NO CONTROLS,NO CONTROLS,RAIN,"DARKNESS, LIGHTED ROAD",FIXED OBJECT,PARKING LOT,,STRAIGHT AND LEVEL,WET,NO DEFECTS,NOT ON SCENE (DESK REPORT),NO INJURY / DRIVE AWAY,,Y,,"OVER $1,500",9/30/2019 15:05,UNABLE TO DETERMINE,NOT APPLICABLE,524,W,OHARE ST,1654,,,,,,,1,NO INDICATION OF INJURY,0,0,0,0,0,1,0,22,1,9,,,
JC453896,Y,9/29/2019 22:00,20,NO CONTROLS,NO CONTROLS,FREEZING RAIN/DRIZZLE,"DARKNESS, LIGHTED ROAD",PARKED MOTOR VEHICLE,ONE-WAY,,STRAIGHT AND LEVEL,WET,NO DEFECTS,NOT ON SCENE (DESK REPORT),NO INJURY / DRIVE AWAY,,,Y,"OVER $1,500",9/30/2019 9:00,UNABLE TO DETERMINE,UNABLE TO DETERMINE,4449,N,KEOKUK AVE,1722,,,,,,,2,NO INDICATION OF INJURY,0,0,0,0,0,1,0,22,1,9,41.96199759,-87.73278107,POINT (-87.732781065019 41.96199759382)
JC453599,,9/29/2019 21:45,25,STOP SIGN/FLASHER,FUNCTIONING PROPERLY,CLEAR,DARKNESS,PARKED MOTOR VEHICLE,NOT DIVIDED,,STRAIGHT AND LEVEL,WET,UNKNOWN,ON SCENE,NO INJURY / DRIVE AWAY,,,Y,"OVER $1,500",9/29/2019 22:08,UNABLE TO DETERMINE,NOT APPLICABLE,2818,N,LONG AVE,2514,,,,,,,2,NO INDICATION OF INJURY,0,0,0,0,0,1,0,21,1,9,41.93190998,-87.76149885,POINT (-87.761498846751 41.931909976089)
JC453608,,9/29/2019 21:40,30,NO CONTROLS,NO CONTROLS,CLEAR,"DARKNESS, LIGHTED ROAD",REAR TO FRONT,NOT DIVIDED,,STRAIGHT AND LEVEL,WET,NO DEFECTS,ON SCENE,NO INJURY / DRIVE AWAY,,,,"$501 - $1,500",9/29/2019 21:51,IMPROPER BACKING,NOT APPLICABLE,157,N,MORGAN ST,1224,,,,,,,2,NO INDICATION OF INJURY,0,0,0,0,0,2,0,21,1,9,41.88476992,-87.65196798,POINT (-87.651967978196 41.884769921244)
JC455573,,9/29/2019 21:30,35,TRAFFIC SIGNAL,FUNCTIONING PROPERLY,CLEAR,"DARKNESS, LIGHTED ROAD",SIDESWIPE SAME DIRECTION,DIVIDED - W/MEDIAN (NOT RAISED),,STRAIGHT AND LEVEL,DRY,NO DEFECTS,NOT ON SCENE (DESK REPORT),NO INJURY / DRIVE AWAY,Y,,Y,"OVER $1,500",10/1/2019 12:00,FAILING TO REDUCE SPEED TO AVOID CRASH,NOT APPLICABLE,76,W,KINZIE ST,1831,,,,,,,2,NO INDICATION OF INJURY,0,0,0,0,0,2,0,21,1,9,41.88932167,-87.63098602,POINT (-87.630986022954 41.889321670463)
JC454886,,9/29/2019 21:30,35,TRAFFIC SIGNAL,FUNCTIONING PROPERLY,RAIN,"DARKNESS, LIGHTED ROAD",REAR END,NOT DIVIDED,,STRAIGHT AND LEVEL,WET,NO DEFECTS,NOT ON SCENE (DESK REPORT),NO INJURY / DRIVE AWAY,,,,"OVER $1,500",9/30/2019 19:55,FOLLOWING TOO CLOSELY,UNABLE TO DETERMINE,4800,W,DIVERSEY AVE,2521,,,,,,,2,NO INDICATION OF INJURY,0,0,0,0,0,2,0,21,1,9,41.93164142,-87.74671991,POINT (-87.746719910646 41.931641420407)
JC453570,,9/29/2019 21:24,30,TRAFFIC SIGNAL,FUNCTIONING PROPERLY,RAIN,"DARKNESS, LIGHTED ROAD",TURNING,DIVIDED - W/MEDIAN (NOT RAISED),,STRAIGHT AND LEVEL,WET,NO DEFECTS,ON SCENE,INJURY AND / OR TOW DUE TO CRASH,Y,,,"OVER $1,500",9/29/2019 21:25,UNABLE TO DETERMINE,DRIVING SKILLS/KNOWLEDGE/EXPERIENCE,598,W,NORTH AVE,1813,,,,,,,2,NO INDICATION OF INJURY,0,0,0,0,0,3,0,21,1,9,41.91113124,-87.64338407,POINT (-87.643384072983 41.911131235258)
JC453569,,9/29/2019 21:21,30,NO CONTROLS,NO CONTROLS,RAIN,"DARKNESS, LIGHTED ROAD",REAR END,NOT DIVIDED,,STRAIGHT AND LEVEL,WET,NO DEFECTS,ON SCENE,NO INJURY / DRIVE AWAY,,,Y,"OVER $1,500",9/29/2019 21:28,FOLLOWING TOO CLOSELY,UNABLE TO DETERMINE,5033,W,WASHINGTON BLVD,1533,,,,,,,2,NO INDICATION OF INJURY,0,0,0,0,0,4,0,21,1,9,41.88162543,-87.75155677,POINT (-87.751556764976 41.881625432132)