RD_NO,CRASH_DATE_EST_I,CRASH_DATE,POSTED_SPEED_LIMIT,TRAFFIC_CONTROL_DEVICE,DEVICE_CONDITION,WEATHER_CONDITION,LIGHTING_CONDITION,FIRST_CRASH_TYPE,TRAFFICWAY_TYPE,LANE_CNT,ALIGNMENT,ROADWAY_SURFACE_COND,ROAD_DEFECT,REPORT_TYPE,CRASH_TYPE,INTERSECTION_RELATED_I,NOT_RIGHT_OF_WAY_I,HIT_AND_RUN_I,DAMAGE,DATE_POLICE_NOTIFIED,PRIM_CONTRIBUTORY_CAUSE,SEC_CONTRIBUTORY_CAUSE,STREET_NO,STREET_DIRECTION,STREET_NAME,BEAT_OF_OCCURRENCE,PHOTOS_TAKEN_I,STATEMENTS_TAKEN_I,DOORING_I,WORK_ZONE_I,WORK_ZONE_TYPE,WORKERS_PRESENT_I,NUM_UNITS,MOST_SEVERE_INJURY,INJURIES_TOTAL,INJURIES_FATAL,INJURIES_INCAPACITATING,INJURIES_NON_INCAPACITATING,INJURIES_REPORTED_NOT_EVIDENT,INJURIES_NO_INDICATION,INJURIES_UNKNOWN,CRASH_HOUR,CRASH_DAY_OF_WEEK,CRASH_MONTH,LATITUDE,LONGITUDE,LOCATION
JC453586,,9/29/2019 21:00,30,STOP SIGN/FLASHER,NO CONTROLS,CLEAR,"DARKNESS, LIGHTED ROAD",ANGLE,NOT DIVIDED,,STRAIGHT AND LEVEL,WET,NO DEFECTS,ON SCENE,INJURY AND / OR TOW DUE TO CRASH,,,Y,"OVER $1,500",9/29/2019 21:20,FAILING TO YIELD RIGHT-OF-WAY,UNABLE TO DETERMINE,1857,W,AUGUSTA BLVD,1212,,,,,,,2,"REPORTED, NOT EVIDENT",1,0,0,0,1,1,0,21,1,9,41.89948353,-87.67456258,POINT (-87.674562575073 41.899483524521)
JC453565,,9/29/2019 21:00,30,NO CONTROLS,NO CONTROLS,CLEAR,"DARKNESS, LIGHTED ROAD",SIDESWIPE SAME DIRECTION,DIVIDED - W/MEDIAN (NOT RAISED),,STRAIGHT AND LEVEL,DRY,NO DEFECTS,NOT ON SCENE (DESK REPORT),NO INJURY / DRIVE AWAY,,,Y,"$501 - $1,500",9/29/2019 21:25,IMPROPER LANE USAGE,NOT APPLICABLE,5749,S,PERRY AVE,232,,,,,,,2,NO INDICATION OF INJURY,0,0,0,0,0,2,0,21,1,9,41.78956945,-87.62753315,POINT (-87.627533151875 41.78956944866)
JC453544,,9/29/2019 20:51,35,NO CONTROLS,NO CONTROLS,RAIN,"DARKNESS, LIGHTED ROAD",REAR END,NOT DIVIDED,,STRAIGHT AND LEVEL,WET,UNKNOWN,ON SCENE,NO INJURY / DRIVE AWAY,,,Y,"OVER $1,500",9/29/2019 20:51,NOT APPLICABLE,NOT APPLICABLE,423,S,PULASKI RD,1132,,,,,,,2,NO INDICATION OF INJURY,0,0,0,0,0,2,0,20,1,9,41.87447515,-87.72530069,POINT (-87.725300690628 41.874475146512)
JC454097,,9/29/2019 20:50,30,NO CONTROLS,NO CONTROLS,RAIN,"DARKNESS, LIGHTED ROAD",FIXED OBJECT,ONE-WAY,,STRAIGHT AND LEVEL,WET,NO DEFECTS,NOT ON SCENE (DESK REPORT),NO INJURY / DRIVE AWAY,,,,"$501 - $1,500",9/30/2019 11:30,WEATHER,UNABLE TO DETERMINE,4000,N,KEYSTONE AVE,1722,,,,,,,1,NO INDICATION OF INJURY,0,0,0,0,0,1,0,20,1,9,41.9537197,-87.72936415,POINT (-87.729364149261 41.953719696362)
JC453587,,9/29/2019 20:45,25,NO CONTROLS,NO CONTROLS,RAIN,"DARKNESS, LIGHTED ROAD",PARKED MOTOR VEHICLE,ONE-WAY,,STRAIGHT AND LEVEL,WET,NO DEFECTS,ON SCENE,NO INJURY / DRIVE AWAY,,,Y,"OVER $1,500",9/29/2019 21:48,UNABLE TO DETERMINE,NOT APPLICABLE,6425,S,LOWE AVE,723,,,,,,,3,NO INDICATION OF INJURY,0,0,0,0,0,1,0,20,1,9,41.7772212,-87.64065355,POINT (-87.64065355106 41.77722119984)
JC453550,,9/29/2019 20:45,30,STOP SIGN/FLASHER,FUNCTIONING PROPERLY,CLEAR,"DARKNESS, LIGHTED ROAD",ANGLE,NOT DIVIDED,,STRAIGHT AND LEVEL,WET,NO DEFECTS,NOT ON SCENE (DESK REPORT),NO INJURY / DRIVE AWAY,Y,,,"$501 - $1,500",9/29/2019 21:00,FAILING TO YIELD RIGHT-OF-WAY,UNABLE TO DETERMINE,7100,N,CLARK ST,2424,,,,,,,2,NO INDICATION OF INJURY,0,0,0,0,0,2,0,20,1,9,42.01146046,-87.67459345,POINT (-87.67459345171 42.011460459993)
JC454313,,9/29/2019 20:40,30,TRAFFIC SIGNAL,FUNCTIONING PROPERLY,CLEAR,DAYLIGHT,REAR END,NOT DIVIDED,,STRAIGHT AND LEVEL,DRY,NO DEFECTS,NOT ON SCENE (DESK REPORT),NO INJURY / DRIVE AWAY,,,,"$501 - $1,500",9/30/2019 14:01,NOT APPLICABLE,NOT APPLICABLE,5500,S,WOOD ST,715,,,,,,,2,NO INDICATION OF INJURY,0,0,0,0,0,5,0,20,1,9,41.79352936,-87.66957884,POINT (-87.669578838829 41.793529360561)
JC453546,,9/29/2019 20:36,30,NO CONTROLS,NO CONTROLS,RAIN,"DARKNESS, LIGHTED ROAD",TURNING,NOT DIVIDED,,STRAIGHT AND LEVEL,WET,NO DEFECTS,,NO INJURY / DRIVE AWAY,,,,"$501 - $1,500",9/29/2019 20:40,NOT APPLICABLE,NOT APPLICABLE,10000,W,OHARE ST,1651,,,,,,,2,NO INDICATION OF INJURY,0,0,0,0,0,2,0,20,1,9,41.97620114,-87.90530913,POINT (-87.905309125103 41.976201139024)
JC453562,,9/29/2019 20:35,35,TRAFFIC SIGNAL,FUNCTIONING PROPERLY,RAIN,"DARKNESS, LIGHTED ROAD",REAR END,DIVIDED - W/MEDIAN BARRIER,,STRAIGHT ON GRADE,WET,WORN SURFACE,NOT ON SCENE (DESK REPORT),NO INJURY / DRIVE AWAY,,,,"OVER $1,500",9/29/2019 21:15,FOLLOWING TOO CLOSELY,UNABLE TO DETERMINE,12000,S,HALSTED ST,524,Y,,,,,,3,NO INDICATION OF INJURY,0,0,0,0,0,5,0,20,1,9,41.67589656,-87.64199078,POINT (-87.641990781206 41.675896558815)
JC453607,,9/29/2019 20:30,30,TRAFFIC SIGNAL,FUNCTIONING PROPERLY,RAIN,"DARKNESS, LIGHTED ROAD",REAR END,NOT DIVIDED,,STRAIGHT AND LEVEL,WET,NO DEFECTS,NOT ON SCENE (DESK REPORT),NO INJURY / DRIVE AWAY,Y,,Y,"OVER $1,500",9/29/2019 21:10,FAILING TO REDUCE SPEED TO AVOID CRASH,IMPROPER OVERTAKING/PASSING,1600,W,CERMAK RD,1234,,,,,,,2,NO INDICATION OF INJURY,0,0,0,0,0,3,0,20,1,9,41.85243805,-87.66615223,POINT (-87.666152230449 41.852438049213)
JC454644,,9/29/2019 20:24,30,TRAFFIC SIGNAL,FUNCTIONING PROPERLY,CLEAR,"DARKNESS, LIGHTED ROAD",SIDESWIPE SAME DIRECTION,NOT DIVIDED,,STRAIGHT AND LEVEL,DRY,NO DEFECTS,NOT ON SCENE (DESK REPORT),NO INJURY / DRIVE AWAY,Y,,,"OVER $1,500",9/30/2019 17:15,UNABLE TO DETERMINE,NOT APPLICABLE,4900,N,BROADWAY,2033,,,,,,,2,NO INDICATION OF INJURY,0,0,0,0,0,2,0,20,1,9,41.97151644,-87.65988564,POINT (-87.659885636238 41.971516440921)
JC453536,,9/29/2019 20:20,30,TRAFFIC SIGNAL,FUNCTIONING PROPERLY,RAIN,"DARKNESS, LIGHTED ROAD",REAR END,FOUR WAY,,STRAIGHT AND LEVEL,WET,NO DEFECTS,NOT ON SCENE (DESK REPORT),NO INJURY / DRIVE AWAY,Y,,,"OVER $1,500",9/29/2019 20:56,UNABLE TO DETERMINE,UNABLE TO DETERMINE,2320,W,FULLERTON AVE,1432,,,,,,,2,NO INDICATION OF INJURY,0,0,0,0,0,2,0,20,1,9,41.92502945,-87.68605807,POINT (-87.686058069678 41.925029447525)
JC454564,Y,9/29/2019 20:15,30,NO CONTROLS,UNKNOWN,CLEAR,DAYLIGHT,TURNING,NOT DIVIDED,,STRAIGHT AND LEVEL,DRY,UNKNOWN,NOT ON SCENE (DESK REPORT),NO INJURY / DRIVE AWAY,,,Y,"OVER $1,500",9/30/2019 16:49,IMPROPER TURNING/NO SIGNAL,NOT APPLICABLE,2659,N,SPRINGFIELD AVE,2524,,,,,,,2,NO INDICATION OF INJURY,0,0,0,0,0,2,0,20,1,9,41.92994007,-87.72433514,POINT (-87.724335137061 41.929940068172)
JC453561,,9/29/2019 20:15,30,NO CONTROLS,NO CONTROLS,CLEAR,"DARKNESS, LIGHTED ROAD",REAR END,NOT DIVIDED,,STRAIGHT AND LEVEL,WET,NO DEFECTS,NOT ON SCENE (DESK REPORT),NO INJURY / DRIVE AWAY,N,,,"OVER $1,500",9/29/2019 20:43,FOLLOWING TOO CLOSELY,UNABLE TO DETERMINE,550,E,31ST ST,133,Y,,,,,,2,NO INDICATION OF INJURY,0,0,0,0,0,7,0,20,1,9,41.83862277,-87.6115237,POINT (-87.61152369962 41.838622767615)
JC453497,,9/29/2019 20:03,35,TRAFFIC SIGNAL,FUNCTIONING PROPERLY,RAIN,DARKNESS,REAR END,DIVIDED - W/MEDIAN BARRIER,,STRAIGHT AND LEVEL,WET,NO DEFECTS,ON SCENE,NO INJURY / DRIVE AWAY,,,Y,"$501 - $1,500",9/29/2019 20:04,FOLLOWING TOO CLOSELY,NOT APPLICABLE,5952,W,NORTH AVE,2531,,,,,,,2,NO INDICATION OF INJURY,0,0,0,0,0,2,0,20,1,9,41.90937012,-87.77505861,POINT (-87.775058608476 41.909370115707)
JC453547,,9/29/2019 20:00,30,TRAFFIC SIGNAL,FUNCTIONING PROPERLY,CLEAR,"DARKNESS, LIGHTED ROAD",TURNING,NOT DIVIDED,,STRAIGHT AND LEVEL,UNKNOWN,UNKNOWN,NOT ON SCENE (DESK REPORT),NO INJURY / DRIVE AWAY,,,Y,"$501 - $1,500",9/29/2019 21:00,IMPROPER TURNING/NO SIGNAL,IMPROPER TURNING/NO SIGNAL,136,W,ONTARIO ST,1832,,,,,,,2,NO INDICATION OF INJURY,0,0,0,0,0,2,0,20,1,9,41.89331898,-87.63256861,POINT (-87.632568606637 41.8933189813)
JC453538,,9/29/2019 20:00,35,NO CONTROLS,NO CONTROLS,RAIN,"DARKNESS, LIGHTED ROAD",FIXED OBJECT,ONE-WAY,,STRAIGHT AND LEVEL,WET,NO DEFECTS,ON SCENE,NO INJURY / DRIVE AWAY,,Y,Y,"OVER $1,500",9/29/2019 20:34,UNABLE TO DETERMINE,UNABLE TO DETERMINE,645,W,GARFIELD BLVD,711,,,,,,,1,NO INDICATION OF INJURY,0,0,0,0,0,1,0,20,1,9,41.79389079,-87.6420655,POINT (-87.642065496686 41.793890794163)
JC453494,,9/29/2019 20:00,30,NO CONTROLS,NO CONTROLS,RAIN,"DARKNESS, LIGHTED ROAD",TURNING,ONE-WAY,,STRAIGHT AND LEVEL,WET,NO DEFECTS,ON SCENE,NO INJURY / DRIVE AWAY,,,,"OVER $1,500",9/29/2019 20:04,FAILING TO YIELD RIGHT-OF-WAY,NOT APPLICABLE,543,S,JEFFERSON ST,124,,,,,,,2,NO INDICATION OF INJURY,0,0,0,0,0,3,0,20,1,9,41.87441915,-87.64227857,POINT (-87.642278566951 41.87441914455)
JC453535,,9/29/2019 19:50,30,NO CONTROLS,NO CONTROLS,CLEAR,"DARKNESS, LIGHTED ROAD",PARKED MOTOR VEHICLE,NOT DIVIDED,,STRAIGHT AND LEVEL,UNKNOWN,UNKNOWN,NOT ON SCENE (DESK REPORT),NO INJURY / DRIVE AWAY,,,,"OVER $1,500",9/29/2019 20:51,UNABLE TO DETERMINE,NOT APPLICABLE,3307,W,63RD ST,823,,,,,,,2,NO INDICATION OF INJURY,0,0,0,0,0,4,0,19,1,9,41.77881858,-87.70590358,POINT (-87.70590357549 41.778818577108)
JC453496,,9/29/2019 19:43,30,NO CONTROLS,NO CONTROLS,RAIN,DARKNESS,PARKED MOTOR VEHICLE,ALLEY,,STRAIGHT AND LEVEL,WET,NO DEFECTS,ON SCENE,NO INJURY / DRIVE AWAY,,,Y,$500 OR LESS,9/29/2019 19:44,UNABLE TO DETERMINE,NOT APPLICABLE,5441,S,WOLCOTT AVE,932,,,,,,,3,NO INDICATION OF INJURY,0,0,0,0,0,1,0,19,1,9,41.79463517,-87.67174564,POINT (-87.671745637325 41.79463517148)
JC453482,,9/29/2019 19:40,30,TRAFFIC SIGNAL,FUNCTIONING IMPROPERLY,RAIN,"DARKNESS, LIGHTED ROAD",REAR END,DIVIDED - W/MEDIAN BARRIER,,STRAIGHT AND LEVEL,WET,NO DEFECTS,ON SCENE,INJURY AND / OR TOW DUE TO CRASH,Y,,,"OVER $1,500",9/29/2019 19:45,WEATHER,NOT APPLICABLE,921,S,STATE ST,123,,,,,,,2,INCAPACITATING INJURY,2,0,1,1,0,4,0,19,1,9,41.87015053,-87.62733816,POINT (-87.627338160492 41.870150527338)
JC453502,,9/29/2019 19:35,35,TRAFFIC SIGNAL,FUNCTIONING PROPERLY,CLEAR,"DARKNESS, LIGHTED ROAD",REAR END,NOT DIVIDED,,STRAIGHT AND LEVEL,DRY,NO DEFECTS,NOT ON SCENE (DESK REPORT),NO INJURY / DRIVE AWAY,,,Y,"OVER $1,500",9/29/2019 20:00,UNABLE TO DETERMINE,UNABLE TO DETERMINE,1200,N,HALSTED ST,1822,,,,,,,2,NO INDICATION OF INJURY,0,0,0,0,0,2,0,19,1,9,41.90369831,-87.64824535,POINT (-87.648245350626 41.90369830765)
JC453483,,9/29/2019 19:35,30,STOP SIGN/FLASHER,FUNCTIONING PROPERLY,RAIN,"DARKNESS, LIGHTED ROAD",PARKED MOTOR VEHICLE,NOT DIVIDED,,STRAIGHT AND LEVEL,WET,NO DEFECTS,ON SCENE,INJURY AND / OR TOW DUE TO CRASH,,,,"OVER $1,500",9/29/2019 19:35,WEATHER,UNABLE TO DETERMINE,3101,W,PERSHING RD,921,,,,,,,3,NONINCAPACITATING INJURY,1,0,0,1,0,3,0,19,1,9,41.82252482,-87.70212242,POINT (-87.702122424322 41.822524818913)
JC453821,,9/29/2019 19:30,30,TRAFFIC SIGNAL,FUNCTIONING PROPERLY,FREEZING RAIN/DRIZZLE,"DARKNESS, LIGHTED ROAD",SIDESWIPE SAME DIRECTION,NOT DIVIDED,,STRAIGHT AND LEVEL,WET,NO DEFECTS,NOT ON SCENE (DESK REPORT),NO INJURY / DRIVE AWAY,,,,"OVER $1,500",9/30/2019 7:30,IMPROPER LANE USAGE,NOT APPLICABLE,600,S,DEARBORN ST,123,,,,,,,2,NO INDICATION OF INJURY,0,0,0,0,0,3,0,19,1,9,41.87448117,-87.62935654,POINT (-87.629356539905 41.874481165681)
JC453513,,9/29/2019 19:30,10,NO CONTROLS,NO CONTROLS,CLEAR,DAYLIGHT,PARKED MOTOR VEHICLE,NOT DIVIDED,,STRAIGHT AND LEVEL,DRY,NO DEFECTS,NOT ON SCENE (DESK REPORT),NO INJURY / DRIVE AWAY,,,Y,"OVER $1,500",9/29/2019 20:40,UNABLE TO DETERMINE,UNABLE TO DETERMINE,7252,S,YATES BLVD,334,,,,,,,2,NO INDICATION OF INJURY,0,0,0,0,0,1,0,19,1,9,41.76287737,-87.56660283,POINT (-87.566602829748 41.762877369187)
JC453475,,9/29/2019 19:20,15,NO CONTROLS,NO CONTROLS,RAIN,"DARKNESS, LIGHTED ROAD",ANGLE,PARKING LOT,,STRAIGHT ON GRADE,DRY,NO DEFECTS,ON SCENE,INJURY AND / OR TOW DUE TO CRASH,,,,"OVER $1,500",9/29/2019 19:31,FAILING TO YIELD RIGHT-OF-WAY,NOT APPLICABLE,901,W,MADISON ST,1232,,,,,,,2,NO INDICATION OF INJURY,0,0,0,0,0,2,0,19,1,9,41.88162694,-87.64975194,POINT (-87.64975194168 41.881626936573)
JC453543,,9/29/2019 19:00,30,NO CONTROLS,NO CONTROLS,RAIN,DARKNESS,PARKED MOTOR VEHICLE,ONE-WAY,,STRAIGHT AND LEVEL,WET,NO DEFECTS,ON SCENE,NO INJURY / DRIVE AWAY,,,Y,"$501 - $1,500",9/29/2019 19:11,NOT APPLICABLE,NOT APPLICABLE,3038,W,62ND ST,823,,,,,,,2,NO INDICATION OF INJURY,0,0,0,0,0,1,0,19,1,9,41.7809501,-87.69985066,POINT (-87.69985066379 41.780950100153)
JC454095,,9/29/2019 18:55,30,NO CONTROLS,NO CONTROLS,RAIN,"DARKNESS, LIGHTED ROAD",REAR END,NOT DIVIDED,,STRAIGHT AND LEVEL,WET,NO DEFECTS,NOT ON SCENE (DESK REPORT),NO INJURY / DRIVE AWAY,,,,"OVER $1,500",9/30/2019 11:25,FOLLOWING TOO CLOSELY,FAILING TO REDUCE SPEED TO AVOID CRASH,7743,W,FOREST PRESERVE AVE,1631,,,,,,,2,NO INDICATION OF INJURY,0,0,0,0,0,4,0,18,1,9,41.94683077,-87.82133343,POINT (-87.821333429757 41.946830767747)
JC453454,,9/29/2019 18:38,35,NO CONTROLS,NO CONTROLS,RAIN,"DARKNESS, LIGHTED ROAD",REAR END,NOT DIVIDED,,STRAIGHT AND LEVEL,DRY,NO DEFECTS,NOT ON SCENE (DESK REPORT),NO INJURY / DRIVE AWAY,,,,"$501 - $1,500",9/29/2019 19:30,FOLLOWING TOO CLOSELY,UNABLE TO DETERMINE,4232,W,FULLERTON AVE,2524,,,,,,,2,NO INDICATION OF INJURY,0,0,0,0,0,2,0,18,1,9,41.92451945,-87.73303362,POINT (-87.733033619748 41.924519448716)
JC453420,,9/29/2019 18:37,30,TRAFFIC SIGNAL,FUNCTIONING PROPERLY,RAIN,"DARKNESS, LIGHTED ROAD",FIXED OBJECT,FOUR WAY,,STRAIGHT AND LEVEL,WET,NO DEFECTS,ON SCENE,INJURY AND / OR TOW DUE TO CRASH,Y,,Y,"OVER $1,500",9/29/2019 18:37,UNABLE TO DETERMINE,NOT APPLICABLE,6901,S,WENTWORTH AVE,731,,,,,,,1,NO INDICATION OF INJURY,0,0,0,0,0,1,0,18,1,9,41.76898913,-87.62971417,POINT (-87.629714174408 41.768989134415)
JC453456,,9/29/2019 18:30,15,NO CONTROLS,NO CONTROLS,RAIN,DUSK,PARKED MOTOR VEHICLE,PARKING LOT,,STRAIGHT AND LEVEL,WET,NO DEFECTS,ON SCENE,NO INJURY / DRIVE AWAY,,Y,,"OVER $1,500",9/29/2019 19:01,IMPROPER BACKING,NOT APPLICABLE,448,E,18TH DR,132,,,,,,,2,NO INDICATION OF INJURY,0,0,0,0,0,1,0,18,1,9,41.85818704,-87.61628122,POINT (-87.616281223137 41.85818703787)
JC453412,,9/29/2019 18:30,30,NO CONTROLS,NO CONTROLS,RAIN,DUSK,PEDALCYCLIST,DIVIDED - W/MEDIAN (NOT RAISED),,STRAIGHT AND LEVEL,WET,NO DEFECTS,ON SCENE,INJURY AND / OR TOW DUE TO CRASH,,,,$500 OR LESS,9/29/2019 18:30,IMPROPER LANE USAGE,NOT APPLICABLE,4630,W,GRAND AVE,2533,,,,,,,2,NONINCAPACITATING INJURY,1,0,0,1,0,3,0,18,1,9,41.91260101,-87.74235508,POINT (-87.742355077601 41.912601009459)
JC453410,,9/29/2019 18:24,30,NO CONTROLS,NO CONTROLS,RAIN,"DARKNESS, LIGHTED ROAD",TURNING,NOT DIVIDED,,STRAIGHT AND LEVEL,WET,NO DEFECTS,ON SCENE,INJURY AND / OR TOW DUE TO CRASH,,,,"OVER $1,500",9/29/2019 18:35,IMPROPER TURNING/NO SIGNAL,WEATHER,1140,E,82ND ST,411,,,,,,,2,NONINCAPACITATING INJURY,1,0,0,1,0,1,0,18,1,9,41.74600435,-87.59611762,POINT (-87.596117620406 41.746004351558)
JC453393,,9/29/2019 18:20,30,NO CONTROLS,NO CONTROLS,RAIN,DAYLIGHT,FIXED OBJECT,NOT DIVIDED,,STRAIGHT AND LEVEL,DRY,NO DEFECTS,ON SCENE,NO INJURY / DRIVE AWAY,,,,"$501 - $1,500",9/29/2019 18:30,NOT APPLICABLE,UNABLE TO DETERMINE,7808,S,HALSTED ST,621,,,,,,,1,NO INDICATION OF INJURY,0,0,0,0,0,1,0,18,1,9,41.75213684,-87.64422891,POINT (-87.644228906559 41.752136837768)
JC453390,,9/29/2019 18:13,30,STOP SIGN/FLASHER,NO CONTROLS,CLEAR,DUSK,ANGLE,NOT DIVIDED,,STRAIGHT AND LEVEL,WET,NO DEFECTS,ON SCENE,INJURY AND / OR TOW DUE TO CRASH,Y,,,"OVER $1,500",9/29/2019 18:13,FAILING TO YIELD RIGHT-OF-WAY,FAILING TO YIELD RIGHT-OF-WAY,2000,W,HUBBARD ST,1221,,Y,,,,,2,NO INDICATION OF INJURY,0,0,0,0,0,3,0,18,1,9,41.88983392,-87.67699972,POINT (-87.676999723815 41.889833922823)
JC454867,,9/29/2019 18:04,30,TRAFFIC SIGNAL,FUNCTIONING PROPERLY,CLEAR,DUSK,REAR END,NOT DIVIDED,,STRAIGHT AND LEVEL,DRY,NO DEFECTS,NOT ON SCENE (DESK REPORT),NO INJURY / DRIVE AWAY,Y,,,"OVER $1,500",9/30/2019 19:30,FOLLOWING TOO CLOSELY,FAILING TO REDUCE SPEED TO AVOID CRASH,1408,N,MILWAUKEE AVE,1424,,,,,,,2,NO INDICATION OF INJURY,0,0,0,0,0,2,0,18,1,9,41.90742473,-87.67307367,POINT (-87.673073673888 41.907424729615)
JC457187,,9/29/2019 18:00,30,NO CONTROLS,NO CONTROLS,CLEAR,DAYLIGHT,PARKED MOTOR VEHICLE,ONE-WAY,,STRAIGHT AND LEVEL,DRY,NO DEFECTS,NOT ON SCENE (DESK REPORT),NO INJURY / DRIVE AWAY,,,,"$501 - $1,500",10/2/2019 13:58,NOT APPLICABLE,NOT APPLICABLE,5243,S,RUTHERFORD AVE,811,,,,,,,2,NO INDICATION OF INJURY,0,0,0,0,0,1,0,18,1,9,41.79646504,-87.79032911,POINT (-87.790329110771 41.796465036241)
JC453571,,9/29/2019 18:00,25,NO CONTROLS,NO CONTROLS,RAIN,DAYLIGHT,PARKED MOTOR VEHICLE,NOT DIVIDED,,STRAIGHT AND LEVEL,WET,NO DEFECTS,NOT ON SCENE (DESK REPORT),NO INJURY / DRIVE AWAY,Y,,Y,"$501 - $1,500",9/29/2019 21:30,UNABLE TO DETERMINE,UNABLE TO DETERMINE,10900,S,DR MARTIN LUTHER KING JR DR,513,,,,,,,2,NO INDICATION OF INJURY,0,0,0,0,0,1,0,18,1,9,41.69628248,-87.6136163,POINT (-87.613616295869 41.696282481652)
JC453508,,9/29/2019 18:00,30,NO CONTROLS,NO CONTROLS,RAIN,"DARKNESS, LIGHTED ROAD",PEDESTRIAN,OTHER,,STRAIGHT AND LEVEL,WET,NO DEFECTS,ON SCENE,INJURY AND / OR TOW DUE TO CRASH,,,,"$501 - $1,500",9/29/2019 19:55,FAILING TO YIELD RIGHT-OF-WAY,NOT APPLICABLE,35,W,ONTARIO ST,1832,,,N,,,,2,NONINCAPACITATING INJURY,1,0,0,1,0,1,0,18,1,9,41.89314053,-87.62961417,POINT (-87.629614164999 41.893140528749)
JC453386,,9/29/2019 18:00,30,NO CONTROLS,NO CONTROLS,RAIN,"DARKNESS, LIGHTED ROAD",TURNING,OTHER,,STRAIGHT AND LEVEL,WET,NO DEFECTS,ON SCENE,NO INJURY / DRIVE AWAY,,,,"OVER $1,500",9/29/2019 18:10,UNABLE TO DETERMINE,UNABLE TO DETERMINE,59,W,GRAND AVE,1831,,,,,,,2,NO INDICATION OF INJURY,0,0,0,0,0,2,0,18,1,9,41.89152757,-87.63034188,POINT (-87.630341880365 41.891527574142)
JC453378,,9/29/2019 17:55,30,NO CONTROLS,NO CONTROLS,RAIN,DAYLIGHT,TURNING,NOT DIVIDED,,STRAIGHT AND LEVEL,WET,NO DEFECTS,ON SCENE,INJURY AND / OR TOW DUE TO CRASH,,,,"OVER $1,500",9/29/2019 18:02,FAILING TO YIELD RIGHT-OF-WAY,UNABLE TO DETERMINE,4651,W,72ND ST,833,,,,,,,2,NO INDICATION OF INJURY,0,0,0,0,0,2,0,17,1,9,41.76206778,-87.73899172,POINT (-87.738991715059 41.762067784223)
JC453374,,9/29/2019 17:53,30,STOP SIGN/FLASHER,FUNCTIONING PROPERLY,RAIN,DUSK,REAR END,DIVIDED - W/MEDIAN BARRIER,,STRAIGHT AND LEVEL,WET,NO DEFECTS,ON SCENE,INJURY AND / OR TOW DUE TO CRASH,Y,,,"OVER $1,500",9/29/2019 17:54,FAILING TO REDUCE SPEED TO AVOID CRASH,WEATHER,700,W,GARFIELD BLVD,935,,,,,,,2,NO INDICATION OF INJURY,0,0,0,0,0,6,0,17,1,9,41.79445339,-87.64285424,POINT (-87.642854236249 41.794453385018)
JC453560,,9/29/2019 17:50,30,TRAFFIC SIGNAL,FUNCTIONING PROPERLY,CLOUDY/OVERCAST,DAYLIGHT,REAR END,NOT DIVIDED,,STRAIGHT AND LEVEL,WET,NO DEFECTS,NOT ON SCENE (DESK REPORT),NO INJURY / DRIVE AWAY,,,,"$501 - $1,500",9/29/2019 21:30,FOLLOWING TOO CLOSELY,UNABLE TO DETERMINE,8300,S,LA SALLE ST,622,,,,,,,2,NO INDICATION OF INJURY,0,0,0,0,0,2,0,17,1,9,41.74350578,-87.62819656,POINT (-87.628196560035 41.743505780006)
JC453404,,9/29/2019 17:50,30,NO CONTROLS,NO CONTROLS,CLEAR,"DARKNESS, LIGHTED ROAD",PARKED MOTOR VEHICLE,DIVIDED - W/MEDIAN BARRIER,,STRAIGHT AND LEVEL,DRY,NO DEFECTS,NOT ON SCENE (DESK REPORT),NO INJURY / DRIVE AWAY,,,,$500 OR LESS,9/29/2019 18:45,UNABLE TO DETERMINE,NOT APPLICABLE,400,N,MICHIGAN AVE,1834,,,,,,,2,NO INDICATION OF INJURY,0,0,0,0,0,3,0,17,1,9,41.88939788,-87.6243904,POINT (-87.624390394571 41.8893978833)
JC454876,,9/29/2019 17:48,35,STOP SIGN/FLASHER,FUNCTIONING PROPERLY,RAIN,DAWN,REAR END,DIVIDED - W/MEDIAN (NOT RAISED),,STRAIGHT AND LEVEL,WET,UNKNOWN,NOT ON SCENE (DESK REPORT),NO INJURY / DRIVE AWAY,,,,"$501 - $1,500",9/30/2019 19:57,FOLLOWING TOO CLOSELY,NOT APPLICABLE,8700,S,HALSTED ST,2223,,,,,,,2,NO INDICATION OF INJURY,0,0,0,0,0,2,0,17,1,9,41.73578527,-87.64375883,POINT (-87.643758829628 41.735785266472)
JC453913,,9/29/2019 17:39,20,NO CONTROLS,NO CONTROLS,UNKNOWN,DUSK,FIXED OBJECT,PARKING LOT,,STRAIGHT AND LEVEL,UNKNOWN,NO DEFECTS,ON SCENE,NO INJURY / DRIVE AWAY,,Y,Y,"$501 - $1,500",9/30/2019 9:01,UNABLE TO DETERMINE,UNABLE TO DETERMINE,220,W,ILLINOIS ST,1831,,,,,,,1,NO INDICATION OF INJURY,0,0,0,0,0,1,0,17,1,9,41.89088382,-87.63497409,POINT (-87.634974086222 41.890883817797)
JC453941,Y,9/29/2019 17:30,30,NO CONTROLS,NO CONTROLS,CLEAR,DARKNESS,PARKED MOTOR VEHICLE,ONE-WAY,,STRAIGHT AND LEVEL,DRY,NO DEFECTS,NOT ON SCENE (DESK REPORT),NO INJURY / DRIVE AWAY,,,Y,"$501 - $1,500",9/30/2019 9:40,UNABLE TO DETERMINE,UNABLE TO DETERMINE,724,E,89TH ST,632,,,,,,,2,NO INDICATION OF INJURY,0,0,0,0,0,1,0,17,1,9,41.73309082,-87.6061064,POINT (-87.606106394826 41.73309081557)