RD_NO,CRASH_DATE_EST_I,CRASH_DATE,POSTED_SPEED_LIMIT,TRAFFIC_CONTROL_DEVICE,DEVICE_CONDITION,WEATHER_CONDITION,LIGHTING_CONDITION,FIRST_CRASH_TYPE,TRAFFICWAY_TYPE,LANE_CNT,ALIGNMENT,ROADWAY_SURFACE_COND,ROAD_DEFECT,REPORT_TYPE,CRASH_TYPE,INTERSECTION_RELATED_I,NOT_RIGHT_OF_WAY_I,HIT_AND_RUN_I,DAMAGE,DATE_POLICE_NOTIFIED,PRIM_CONTRIBUTORY_CAUSE,SEC_CONTRIBUTORY_CAUSE,STREET_NO,STREET_DIRECTION,STREET_NAME,BEAT_OF_OCCURRENCE,PHOTOS_TAKEN_I,STATEMENTS_TAKEN_I,DOORING_I,WORK_ZONE_I,WORK_ZONE_TYPE,WORKERS_PRESENT_I,NUM_UNITS,MOST_SEVERE_INJURY,INJURIES_TOTAL,INJURIES_FATAL,INJURIES_INCAPACITATING,INJURIES_NON_INCAPACITATING,INJURIES_REPORTED_NOT_EVIDENT,INJURIES_NO_INDICATION,INJURIES_UNKNOWN,CRASH_HOUR,CRASH_DAY_OF_WEEK,CRASH_MONTH,LATITUDE,LONGITUDE,LOCATION
JC453331,,9/29/2019 17:28,30,NO CONTROLS,NO CONTROLS,CLEAR,DAYLIGHT,PEDALCYCLIST,DIVIDED - W/MEDIAN (NOT RAISED),,STRAIGHT AND LEVEL,DRY,NO DEFECTS,ON SCENE,NO INJURY / DRIVE AWAY,,,,$500 OR LESS,9/29/2019 17:29,FAILING TO YIELD RIGHT-OF-WAY,NOT APPLICABLE,2744,W,63RD ST,825,,,,,,,2,NO INDICATION OF INJURY,0,0,0,0,0,2,0,17,1,9,41.77923522,-87.69274379,POINT (-87.692743788854 41.779235217318)
JC453326,,9/29/2019 17:20,25,STOP SIGN/FLASHER,FUNCTIONING PROPERLY,CLEAR,DAYLIGHT,REAR END,NOT DIVIDED,,STRAIGHT AND LEVEL,UNKNOWN,UNKNOWN,NOT ON SCENE (DESK REPORT),NO INJURY / DRIVE AWAY,,,,"OVER $1,500",9/29/2019 17:40,UNABLE TO DETERMINE,NOT APPLICABLE,940,W,107TH ST,2232,,,,,,,2,NO INDICATION OF INJURY,0,0,0,0,0,2,0,17,1,9,41.69971035,-87.64674246,POINT (-87.64674246395 41.699710350488)
JC453505,Y,9/29/2019 17:15,30,NO CONTROLS,NO CONTROLS,RAIN,"DARKNESS, LIGHTED ROAD",SIDESWIPE SAME DIRECTION,ONE-WAY,,STRAIGHT AND LEVEL,WET,NO DEFECTS,ON SCENE,NO INJURY / DRIVE AWAY,,,,"OVER $1,500",9/29/2019 17:21,DISTRACTION - FROM INSIDE VEHICLE,NOT APPLICABLE,6529,N,ROCKWELL ST,2412,,,,,,,2,NO INDICATION OF INJURY,0,0,0,0,0,2,0,17,1,9,42.00034676,-87.69468912,POINT (-87.694689122353 42.000346762527)
JC453426,,9/29/2019 17:15,30,TRAFFIC SIGNAL,FUNCTIONING PROPERLY,CLEAR,DAYLIGHT,SIDESWIPE SAME DIRECTION,NOT DIVIDED,,STRAIGHT AND LEVEL,DRY,NO DEFECTS,NOT ON SCENE (DESK REPORT),NO INJURY / DRIVE AWAY,,,,"OVER $1,500",9/29/2019 19:05,UNABLE TO DETERMINE,NOT APPLICABLE,6100,S,WESTERN AVE,825,,,,,,,2,NO INDICATION OF INJURY,0,0,0,0,0,4,0,17,1,9,41.7828162,-87.683886,POINT (-87.683885994582 41.782816203429)
JC453424,,9/29/2019 17:15,30,NO CONTROLS,UNKNOWN,CLEAR,DAYLIGHT,SIDESWIPE SAME DIRECTION,NOT DIVIDED,,STRAIGHT AND LEVEL,DRY,UNKNOWN,NOT ON SCENE (DESK REPORT),NO INJURY / DRIVE AWAY,,,Y,"OVER $1,500",9/29/2019 19:00,IMPROPER OVERTAKING/PASSING,IMPROPER LANE USAGE,6100,S,WESTERN AVE,825,,,,,,,2,NO INDICATION OF INJURY,0,0,0,0,0,4,0,17,1,9,41.7828162,-87.683886,POINT (-87.683885994582 41.782816203429)
JC453328,,9/29/2019 17:10,30,NO CONTROLS,NO CONTROLS,CLEAR,DAYLIGHT,PEDESTRIAN,FOUR WAY,,STRAIGHT AND LEVEL,DRY,NO DEFECTS,ON SCENE,INJURY AND / OR TOW DUE TO CRASH,Y,,Y,$500 OR LESS,9/29/2019 17:13,FAILING TO YIELD RIGHT-OF-WAY,UNABLE TO DETERMINE,6200,W,HIGGINS AVE,1622,,,,,,,2,NONINCAPACITATING INJURY,1,0,0,1,0,1,0,17,1,9,41.97484744,-87.78304538,POINT (-87.783045375528 41.974847438552)
JC453309,,9/29/2019 17:10,30,STOP SIGN/FLASHER,FUNCTIONING PROPERLY,CLOUDY/OVERCAST,DAYLIGHT,ANGLE,FOUR WAY,,STRAIGHT AND LEVEL,WET,NO DEFECTS,ON SCENE,NO INJURY / DRIVE AWAY,Y,,,"$501 - $1,500",9/29/2019 17:12,UNABLE TO DETERMINE,NOT APPLICABLE,1400,S,AVERS AVE,1011,,,,,,,2,NO INDICATION OF INJURY,0,0,0,0,0,2,0,17,1,9,41.86247093,-87.72155542,POINT (-87.721555416995 41.862470931133)
JC453310,,9/29/2019 17:05,30,NO CONTROLS,NO CONTROLS,CLEAR,DAYLIGHT,REAR END,ONE-WAY,,STRAIGHT AND LEVEL,DRY,NO DEFECTS,ON SCENE,INJURY AND / OR TOW DUE TO CRASH,,,,"OVER $1,500",9/29/2019 17:07,IMPROPER OVERTAKING/PASSING,UNABLE TO DETERMINE,4055,W,CERMAK RD,1013,,,,,,,3,"REPORTED, NOT EVIDENT",2,0,0,0,2,3,0,17,1,9,41.85140909,-87.72671838,POINT (-87.726718376543 41.851409090287)
JC454256,,9/29/2019 17:00,30,OTHER REG. SIGN,OTHER,CLEAR,DAYLIGHT,SIDESWIPE SAME DIRECTION,ONE-WAY,,STRAIGHT AND LEVEL,DRY,NO DEFECTS,NOT ON SCENE (DESK REPORT),NO INJURY / DRIVE AWAY,,,,"OVER $1,500",9/30/2019 13:30,FAILING TO YIELD RIGHT-OF-WAY,UNABLE TO DETERMINE,1925,W,EDDY ST,1922,,,,,,,2,NO INDICATION OF INJURY,0,0,0,0,0,4,0,17,1,9,41.94584679,-87.67712515,POINT (-87.677125144706 41.945846790035)
JC454182,,9/29/2019 17:00,30,NO CONTROLS,NO CONTROLS,CLEAR,DUSK,PARKED MOTOR VEHICLE,ONE-WAY,,STRAIGHT AND LEVEL,DRY,NO DEFECTS,NOT ON SCENE (DESK REPORT),NO INJURY / DRIVE AWAY,,,Y,"OVER $1,500",9/30/2019 12:30,NOT APPLICABLE,NOT APPLICABLE,2242,N,MAJOR AVE,2515,,,,,,,2,NO INDICATION OF INJURY,0,0,0,0,0,1,0,17,1,9,41.92157196,-87.76848104,POINT (-87.768481042381 41.921571957873)
JC453336,,9/29/2019 17:00,15,NO CONTROLS,NO CONTROLS,CLOUDY/OVERCAST,DAYLIGHT,PARKED MOTOR VEHICLE,UNKNOWN,,STRAIGHT AND LEVEL,DRY,NO DEFECTS,NOT ON SCENE (DESK REPORT),NO INJURY / DRIVE AWAY,,,,"$501 - $1,500",9/29/2019 17:25,UNABLE TO DETERMINE,NOT APPLICABLE,5021,W,ADAMS ST,1533,,,,,,,2,NO INDICATION OF INJURY,0,0,0,0,0,1,0,17,1,9,41.87842209,-87.75031283,POINT (-87.750312831129 41.878422093914)
JC458521,,9/29/2019 16:59,30,NO CONTROLS,NO CONTROLS,CLEAR,DAYLIGHT,TURNING,DIVIDED - W/MEDIAN (NOT RAISED),,STRAIGHT AND LEVEL,DRY,UNKNOWN,NOT ON SCENE (DESK REPORT),NO INJURY / DRIVE AWAY,,,,"$501 - $1,500",10/3/2019 13:30,FAILING TO YIELD RIGHT-OF-WAY,UNABLE TO DETERMINE,3423,N,BROADWAY,1925,,,,,,,2,NO INDICATION OF INJURY,0,0,0,0,0,2,0,16,1,9,41.94404156,-87.64509087,POINT (-87.645090867632 41.944041559067)
JC453321,,9/29/2019 16:50,20,NO CONTROLS,NO CONTROLS,CLEAR,DAYLIGHT,TURNING,NOT DIVIDED,,STRAIGHT AND LEVEL,DRY,NO DEFECTS,NOT ON SCENE (DESK REPORT),NO INJURY / DRIVE AWAY,,,,"$501 - $1,500",9/29/2019 17:20,UNABLE TO DETERMINE,NOT APPLICABLE,6400,N,RIDGE BLVD,2412,,,,,,,2,NO INDICATION OF INJURY,0,0,0,0,0,2,0,16,1,9,41.99801926,-87.67701946,POINT (-87.677019460109 41.998019258165)
JC453293,,9/29/2019 16:35,5,NO CONTROLS,NO CONTROLS,CLOUDY/OVERCAST,DAYLIGHT,REAR TO FRONT,PARKING LOT,,STRAIGHT AND LEVEL,UNKNOWN,NO DEFECTS,NOT ON SCENE (DESK REPORT),NO INJURY / DRIVE AWAY,,Y,Y,"OVER $1,500",9/29/2019 17:10,IMPROPER BACKING,NOT APPLICABLE,4338,W,NORTH AVE,2534,Y,,,,,,2,NO INDICATION OF INJURY,0,0,0,0,0,3,0,16,1,9,41.90988087,-87.7351582,POINT (-87.735158200369 41.909880868056)
JC453307,,9/29/2019 16:30,30,TRAFFIC SIGNAL,FUNCTIONING PROPERLY,CLOUDY/OVERCAST,DAYLIGHT,PEDALCYCLIST,DIVIDED - W/MEDIAN (NOT RAISED),,STRAIGHT AND LEVEL,WET,NO DEFECTS,ON SCENE,NO INJURY / DRIVE AWAY,,,,"OVER $1,500",9/29/2019 17:08,DISTRACTION - FROM OUTSIDE VEHICLE,UNABLE TO DETERMINE,6001,N,CLARK ST,2433,,,,,,,2,NO INDICATION OF INJURY,0,0,0,0,0,1,0,16,1,9,41.99084572,-87.66987878,POINT (-87.669878782439 41.990845723305)
JC453258,,9/29/2019 16:28,35,TRAFFIC SIGNAL,FUNCTIONING PROPERLY,CLEAR,DAWN,REAR END,DIVIDED - W/MEDIAN (NOT RAISED),,STRAIGHT AND LEVEL,DRY,NO DEFECTS,ON SCENE,NO INJURY / DRIVE AWAY,,,Y,"OVER $1,500",9/29/2019 16:30,NOT APPLICABLE,NOT APPLICABLE,7900,S,STONY ISLAND AVE,411,,,,,,,2,NO INDICATION OF INJURY,0,0,0,0,0,2,0,16,1,9,41.7514606,-87.58597199,POINT (-87.585971992965 41.751460603167)
JC453271,,9/29/2019 16:22,20,NO CONTROLS,NO CONTROLS,CLEAR,DAYLIGHT,PARKED MOTOR VEHICLE,OTHER,,STRAIGHT AND LEVEL,DRY,NO DEFECTS,ON SCENE,NO INJURY / DRIVE AWAY,,,Y,"OVER $1,500",9/29/2019 16:29,UNABLE TO DETERMINE,NOT APPLICABLE,5504,W,GLADYS AVE,1522,,,,,,,2,NO INDICATION OF INJURY,0,0,0,0,0,1,0,16,1,9,41.87577723,-87.76195816,POINT (-87.761958159836 41.875777226869)
JC453351,,9/29/2019 16:19,30,NO CONTROLS,NO CONTROLS,CLEAR,DAYLIGHT,REAR END,NOT DIVIDED,,STRAIGHT AND LEVEL,DRY,UNKNOWN,NOT ON SCENE (DESK REPORT),NO INJURY / DRIVE AWAY,,,,$500 OR LESS,9/29/2019 17:45,FOLLOWING TOO CLOSELY,NOT APPLICABLE,4209,W,26TH ST,1031,,,,,,,2,NO INDICATION OF INJURY,0,0,0,0,0,4,0,16,1,9,41.84406958,-87.72980747,POINT (-87.729807473674 41.844069583411)
JC453236,,9/29/2019 16:04,15,NO CONTROLS,NO CONTROLS,CLOUDY/OVERCAST,DAYLIGHT,PARKED MOTOR VEHICLE,ALLEY,,STRAIGHT AND LEVEL,UNKNOWN,UNKNOWN,ON SCENE,INJURY AND / OR TOW DUE TO CRASH,,Y,Y,"OVER $1,500",9/29/2019 16:06,DRIVING SKILLS/KNOWLEDGE/EXPERIENCE,UNABLE TO DETERMINE,4157,S,ARCHER AVE,921,,,,,,,3,NO INDICATION OF INJURY,0,0,0,0,0,1,0,16,1,9,41.81788556,-87.69781788,POINT (-87.697817877773 41.817885555974)
JC453246,,9/29/2019 16:02,15,NO CONTROLS,NO CONTROLS,CLOUDY/OVERCAST,DAYLIGHT,SIDESWIPE SAME DIRECTION,PARKING LOT,,STRAIGHT AND LEVEL,DRY,NO DEFECTS,ON SCENE,INJURY AND / OR TOW DUE TO CRASH,,,N,"OVER $1,500",9/29/2019 16:05,UNABLE TO DETERMINE,NOT APPLICABLE,10000,W,OHARE ST,1651,,,,,,,2,NO INDICATION OF INJURY,0,0,0,0,0,2,0,16,1,9,41.97620114,-87.90530913,POINT (-87.905309125103 41.976201139024)
JC453403,,9/29/2019 16:00,30,NO CONTROLS,NO CONTROLS,CLEAR,DAYLIGHT,TURNING,NOT DIVIDED,,STRAIGHT AND LEVEL,DRY,NO DEFECTS,NOT ON SCENE (DESK REPORT),NO INJURY / DRIVE AWAY,,,,"$501 - $1,500",9/29/2019 19:39,NOT APPLICABLE,NOT APPLICABLE,5401,S,LARAMIE AVE,814,,,,,,,2,NO INDICATION OF INJURY,0,0,0,0,0,2,0,16,1,9,41.79460195,-87.7524071,POINT (-87.752407097512 41.794601950816)
JC453383,,9/29/2019 16:00,30,NO CONTROLS,NO CONTROLS,CLOUDY/OVERCAST,DAYLIGHT,SIDESWIPE SAME DIRECTION,NOT DIVIDED,,STRAIGHT AND LEVEL,DRY,NO DEFECTS,NOT ON SCENE (DESK REPORT),NO INJURY / DRIVE AWAY,Y,,Y,"OVER $1,500",9/29/2019 18:25,IMPROPER OVERTAKING/PASSING,UNABLE TO DETERMINE,12000,S,MICHIGAN AVE,532,N,,,,,,2,NO INDICATION OF INJURY,0,0,0,0,0,2,0,16,1,9,41.67618407,-87.62060308,POINT (-87.620603077426 41.676184069855)
JC453300,,9/29/2019 15:53,30,STOP SIGN/FLASHER,FUNCTIONING PROPERLY,CLEAR,DAYLIGHT,PARKED MOTOR VEHICLE,NOT DIVIDED,,STRAIGHT AND LEVEL,DRY,NO DEFECTS,NOT ON SCENE (DESK REPORT),NO INJURY / DRIVE AWAY,Y,,Y,"$501 - $1,500",9/29/2019 17:10,IMPROPER BACKING,FAILING TO REDUCE SPEED TO AVOID CRASH,3158,N,MOBILE AVE,2511,,,,,,,2,NO INDICATION OF INJURY,0,0,0,0,0,2,0,15,1,9,41.9383056,-87.78365104,POINT (-87.783651036572 41.938305598033)
JC453248,,9/29/2019 15:50,30,NO CONTROLS,NO CONTROLS,CLEAR,DAYLIGHT,REAR END,NOT DIVIDED,,STRAIGHT AND LEVEL,DRY,NO DEFECTS,NOT ON SCENE (DESK REPORT),NO INJURY / DRIVE AWAY,,,Y,"$501 - $1,500",9/29/2019 16:30,NOT APPLICABLE,NOT APPLICABLE,6754,W,63RD ST,812,,,,,,,2,NO INDICATION OF INJURY,0,0,0,0,0,2,0,15,1,9,41.77764499,-87.79079419,POINT (-87.790794192483 41.777644994078)
JC454455,,9/29/2019 15:45,35,NO CONTROLS,NO CONTROLS,CLEAR,DAYLIGHT,PARKED MOTOR VEHICLE,DIVIDED - W/MEDIAN (NOT RAISED),,STRAIGHT AND LEVEL,DRY,NO DEFECTS,NOT ON SCENE (DESK REPORT),NO INJURY / DRIVE AWAY,,,Y,"$501 - $1,500",9/30/2019 15:45,UNABLE TO DETERMINE,UNABLE TO DETERMINE,1216,S,KOLIN AVE,1011,,,,,,,2,NO INDICATION OF INJURY,0,0,0,0,0,1,0,15,1,9,41.86550282,-87.73386522,POINT (-87.733865220266 41.865502822291)
JC453190,,9/29/2019 15:33,30,TRAFFIC SIGNAL,UNKNOWN,CLEAR,DAYLIGHT,REAR END,DIVIDED - W/MEDIAN (NOT RAISED),,STRAIGHT AND LEVEL,DRY,UNKNOWN,ON SCENE,NO INJURY / DRIVE AWAY,,,Y,"OVER $1,500",9/29/2019 15:34,UNABLE TO DETERMINE,NOT APPLICABLE,1400,W,74TH ST,734,,,,,,,3,NO INDICATION OF INJURY,0,0,0,0,0,3,0,15,1,9,41.75963244,-87.65890901,POINT (-87.65890900533 41.759632437775)
JC453224,,9/29/2019 15:30,40,TRAFFIC SIGNAL,FUNCTIONING PROPERLY,CLEAR,DAYLIGHT,SIDESWIPE SAME DIRECTION,DIVIDED - W/MEDIAN BARRIER,,STRAIGHT AND LEVEL,DRY,NO DEFECTS,ON SCENE,NO INJURY / DRIVE AWAY,,,,"$501 - $1,500",9/29/2019 15:31,IMPROPER LANE USAGE,UNABLE TO DETERMINE,1401,S,LAKE SHORE DR E,132,,,,,,,2,NO INDICATION OF INJURY,0,0,0,0,0,2,0,15,1,9,41.86415309,-87.6186603,POINT (-87.618660297344 41.864153091273)
JC453212,,9/29/2019 15:30,30,TRAFFIC SIGNAL,FUNCTIONING PROPERLY,CLEAR,DAYLIGHT,TURNING,NOT DIVIDED,,STRAIGHT AND LEVEL,DRY,NO DEFECTS,ON SCENE,INJURY AND / OR TOW DUE TO CRASH,Y,,,"OVER $1,500",9/29/2019 15:30,FAILING TO YIELD RIGHT-OF-WAY,NOT APPLICABLE,5698,N,ELSTON AVE,1623,,,,,,,3,NONINCAPACITATING INJURY,1,0,0,1,0,2,0,15,1,9,41.98487709,-87.76831819,POINT (-87.768318184807 41.984877090269)
JC453243,,9/29/2019 15:25,30,OTHER,OTHER,CLEAR,DAYLIGHT,PARKED MOTOR VEHICLE,OTHER,,STRAIGHT AND LEVEL,DRY,UNKNOWN,ON SCENE,NO INJURY / DRIVE AWAY,,,Y,"OVER $1,500",9/29/2019 16:00,NOT APPLICABLE,NOT APPLICABLE,4800,N,TROY ST,1713,,,,,,,2,NO INDICATION OF INJURY,0,0,0,0,0,1,0,15,1,9,41.9685535,-87.70740686,POINT (-87.70740685956 41.968553502618)
JC453186,,9/29/2019 15:22,30,NO CONTROLS,NO CONTROLS,CLEAR,DAYLIGHT,PARKED MOTOR VEHICLE,PARKING LOT,,STRAIGHT AND LEVEL,DRY,NO DEFECTS,NOT ON SCENE (DESK REPORT),NO INJURY / DRIVE AWAY,,Y,,"OVER $1,500",9/29/2019 15:30,UNABLE TO DETERMINE,NOT APPLICABLE,820,W,NORTH AVE,1813,,,,,,,2,NO INDICATION OF INJURY,0,0,0,0,0,2,0,15,1,9,41.91101553,-87.64918775,POINT (-87.649187751614 41.911015529209)
JC453228,,9/29/2019 15:17,30,NO CONTROLS,NO CONTROLS,CLOUDY/OVERCAST,DUSK,PARKED MOTOR VEHICLE,PARKING LOT,,STRAIGHT AND LEVEL,WET,NO DEFECTS,ON SCENE,NO INJURY / DRIVE AWAY,,Y,Y,$500 OR LESS,9/29/2019 15:20,IMPROPER BACKING,NOT APPLICABLE,3710,S,ASHLAND AVE,912,,,,,,,2,NO INDICATION OF INJURY,0,0,0,0,0,1,0,15,1,9,41.82648898,-87.66562373,POINT (-87.665623731873 41.826488980119)
JC453295,,9/29/2019 15:00,35,NO CONTROLS,NO CONTROLS,CLEAR,DAYLIGHT,SIDESWIPE SAME DIRECTION,DIVIDED - W/MEDIAN (NOT RAISED),,STRAIGHT AND LEVEL,DRY,UNKNOWN,NOT ON SCENE (DESK REPORT),INJURY AND / OR TOW DUE TO CRASH,,,,"OVER $1,500",9/29/2019 16:42,UNABLE TO DETERMINE,NOT APPLICABLE,9300,S,ASHLAND AVE,2221,,,,,,,2,NO INDICATION OF INJURY,0,0,0,0,0,6,0,15,1,9,41.72479898,-87.6629114,POINT (-87.66291139883 41.724798975174)
JC453217,,9/29/2019 15:00,15,NO CONTROLS,NO CONTROLS,CLOUDY/OVERCAST,DAYLIGHT,PARKED MOTOR VEHICLE,ONE-WAY,,STRAIGHT AND LEVEL,DRY,NO DEFECTS,NOT ON SCENE (DESK REPORT),NO INJURY / DRIVE AWAY,,,,"OVER $1,500",9/29/2019 15:50,UNABLE TO DETERMINE,NOT APPLICABLE,4732,W,CONGRESS PKWY,1131,,,,,,,2,NO INDICATION OF INJURY,0,0,0,0,0,1,0,15,1,9,41.87423179,-87.74393548,POINT (-87.743935480935 41.874231792911)
JC453200,,9/29/2019 15:00,30,NO CONTROLS,NO CONTROLS,CLOUDY/OVERCAST,DAYLIGHT,TURNING,NOT DIVIDED,,STRAIGHT AND LEVEL,DRY,NO DEFECTS,NOT ON SCENE (DESK REPORT),NO INJURY / DRIVE AWAY,,,,"OVER $1,500",9/29/2019 15:40,IMPROPER TURNING/NO SIGNAL,NOT APPLICABLE,1146,S,DAMEN AVE,1225,,,,,,,2,NO INDICATION OF INJURY,0,0,0,0,0,2,0,15,1,9,41.86681108,-87.67639815,POINT (-87.676398150273 41.866811082861)
JC453192,,9/29/2019 15:00,30,TRAFFIC SIGNAL,FUNCTIONING PROPERLY,CLEAR,DAYLIGHT,SIDESWIPE SAME DIRECTION,DIVIDED - W/MEDIAN BARRIER,,STRAIGHT AND LEVEL,WET,NO DEFECTS,ON SCENE,NO INJURY / DRIVE AWAY,,,,"OVER $1,500",9/29/2019 15:05,UNABLE TO DETERMINE,DRIVING SKILLS/KNOWLEDGE/EXPERIENCE,935,N,ASHLAND AVE,1213,,,,,,,2,NO INDICATION OF INJURY,0,0,0,0,0,2,0,15,1,9,41.89896282,-87.66722481,POINT (-87.667224807999 41.89896281603)
JC453214,,9/29/2019 14:55,30,NO CONTROLS,NO CONTROLS,CLOUDY/OVERCAST,DAYLIGHT,PARKED MOTOR VEHICLE,DIVIDED - W/MEDIAN (NOT RAISED),,STRAIGHT AND LEVEL,DRY,NO DEFECTS,,INJURY AND / OR TOW DUE TO CRASH,,,,"OVER $1,500",9/29/2019 15:59,PHYSICAL CONDITION OF DRIVER,UNABLE TO DETERMINE,3658,W,GRAND AVE,2535,,,,,,,3,NO INDICATION OF INJURY,0,0,0,0,0,1,0,14,1,9,41.90315246,-87.71853357,POINT (-87.718533567317 41.903152456995)
JC453161,,9/29/2019 14:54,30,NO CONTROLS,NO CONTROLS,CLOUDY/OVERCAST,DAYLIGHT,TURNING,DIVIDED - W/MEDIAN (NOT RAISED),,STRAIGHT AND LEVEL,DRY,NO DEFECTS,ON SCENE,NO INJURY / DRIVE AWAY,,,,"$501 - $1,500",9/29/2019 14:55,FAILING TO YIELD RIGHT-OF-WAY,FAILING TO YIELD RIGHT-OF-WAY,3900,W,NORTH AVE,2535,,,,,,,2,NO INDICATION OF INJURY,0,0,0,0,0,2,0,14,1,9,41.91002375,-87.72390639,POINT (-87.723906386248 41.910023748014)
JC453184,,9/29/2019 14:50,30,STOP SIGN/FLASHER,OTHER,CLOUDY/OVERCAST,DAYLIGHT,SIDESWIPE SAME DIRECTION,NOT DIVIDED,,STRAIGHT AND LEVEL,DRY,NO DEFECTS,ON SCENE,NO INJURY / DRIVE AWAY,,,,"OVER $1,500",9/29/2019 14:52,UNABLE TO DETERMINE,UNABLE TO DETERMINE,6301,S,MAYFIELD AVE,812,,,,,,,2,NO INDICATION OF INJURY,0,0,0,0,0,2,0,14,1,9,41.77787026,-87.76890441,POINT (-87.768904409034 41.777870258902)
JC453182,,9/29/2019 14:40,30,STOP SIGN/FLASHER,FUNCTIONING PROPERLY,CLEAR,DAYLIGHT,ANGLE,DIVIDED - W/MEDIAN (NOT RAISED),,STRAIGHT AND LEVEL,DRY,NO DEFECTS,ON SCENE,INJURY AND / OR TOW DUE TO CRASH,Y,,,"OVER $1,500",9/29/2019 15:15,FAILING TO YIELD RIGHT-OF-WAY,UNABLE TO DETERMINE,3299,N,SHEFFIELD AVE,1924,,,,,,,2,NO INDICATION OF INJURY,0,0,0,0,0,3,0,14,1,9,41.94165276,-87.65401287,POINT (-87.654012867487 41.941652759385)
JC453169,,9/29/2019 14:35,30,TRAFFIC SIGNAL,FUNCTIONING PROPERLY,CLOUDY/OVERCAST,DAYLIGHT,REAR END,NOT DIVIDED,,STRAIGHT AND LEVEL,DRY,NO DEFECTS,NOT ON SCENE (DESK REPORT),NO INJURY / DRIVE AWAY,Y,,Y,"OVER $1,500",9/29/2019 15:30,FOLLOWING TOO CLOSELY,UNABLE TO DETERMINE,803,W,95TH ST,2223,,,,,,,2,NO INDICATION OF INJURY,0,0,0,0,0,2,0,14,1,9,41.72134692,-87.64335718,POINT (-87.643357176566 41.721346918791)
JC453130,,9/29/2019 14:31,30,TRAFFIC SIGNAL,FUNCTIONING PROPERLY,CLOUDY/OVERCAST,DAYLIGHT,ANGLE,NOT DIVIDED,,STRAIGHT AND LEVEL,DRY,NO DEFECTS,ON SCENE,NO INJURY / DRIVE AWAY,Y,,,"OVER $1,500",9/29/2019 14:33,UNABLE TO DETERMINE,UNABLE TO DETERMINE,5500,S,LAKE PARK AVE,235,,,,,,,2,NO INDICATION OF INJURY,0,0,0,0,0,3,0,14,1,9,41.79510594,-87.58770941,POINT (-87.587709412142 41.795105937194)
JC453448,,9/29/2019 14:30,25,NO CONTROLS,NO CONTROLS,CLEAR,DAYLIGHT,PARKED MOTOR VEHICLE,ONE-WAY,,STRAIGHT AND LEVEL,DRY,NO DEFECTS,NOT ON SCENE (DESK REPORT),NO INJURY / DRIVE AWAY,Y,,,"$501 - $1,500",9/29/2019 19:30,UNABLE TO DETERMINE,UNABLE TO DETERMINE,2553,W,58TH ST,824,,,,,,,2,NO INDICATION OF INJURY,0,0,0,0,0,1,0,14,1,9,41.78820609,-87.68845098,POINT (-87.688450980798 41.788206085056)
JC453171,,9/29/2019 14:25,30,TRAFFIC SIGNAL,FUNCTIONING PROPERLY,CLEAR,DAYLIGHT,SIDESWIPE SAME DIRECTION,NOT DIVIDED,,STRAIGHT AND LEVEL,UNKNOWN,NO DEFECTS,NOT ON SCENE (DESK REPORT),NO INJURY / DRIVE AWAY,,,,"OVER $1,500",9/29/2019 15:28,UNABLE TO DETERMINE,NOT APPLICABLE,600,N,ST CLAIR ST,1834,,,,,,,2,NO INDICATION OF INJURY,0,0,0,0,0,2,0,14,1,9,41.89259351,-87.6228409,POINT (-87.62284090321 41.892593508354)
JC453109,,9/29/2019 14:23,25,NO CONTROLS,NO CONTROLS,CLEAR,DAYLIGHT,PARKED MOTOR VEHICLE,NOT DIVIDED,,STRAIGHT AND LEVEL,DRY,NO DEFECTS,ON SCENE,NO INJURY / DRIVE AWAY,,,,$500 OR LESS,9/29/2019 14:23,UNABLE TO DETERMINE,NOT APPLICABLE,7724,N,PAULINA ST,2422,,,,,,,2,NO INDICATION OF INJURY,0,0,0,0,0,1,0,14,1,9,42.02191052,-87.67321425,POINT (-87.673214245767 42.021910515225)
JC453119,,9/29/2019 14:20,25,NO CONTROLS,NO CONTROLS,CLEAR,DAYLIGHT,PARKED MOTOR VEHICLE,DIVIDED - W/MEDIAN (NOT RAISED),,STRAIGHT AND LEVEL,DRY,NO DEFECTS,NOT ON SCENE (DESK REPORT),INJURY AND / OR TOW DUE TO CRASH,,,Y,"OVER $1,500",9/29/2019 14:25,UNABLE TO DETERMINE,UNABLE TO DETERMINE,645,W,DIVISION ST,1822,,,,,,,5,NO INDICATION OF INJURY,0,0,0,0,0,1,0,14,1,9,41.90357838,-87.64493404,POINT (-87.644934034944 41.903578377401)
JC458693,,9/29/2019 14:15,30,NO CONTROLS,NO CONTROLS,CLEAR,DAYLIGHT,PARKED MOTOR VEHICLE,ONE-WAY,,STRAIGHT AND LEVEL,UNKNOWN,UNKNOWN,NOT ON SCENE (DESK REPORT),NO INJURY / DRIVE AWAY,,N,Y,"OVER $1,500",10/3/2019 15:50,UNABLE TO DETERMINE,NOT APPLICABLE,7122,S,SEELEY AVE,735,,,,,,,2,NO INDICATION OF INJURY,0,0,0,0,0,1,0,14,1,9,41.76408397,-87.67487373,POINT (-87.674873726673 41.76408397194)