RD_NO,CRASH_DATE_EST_I,CRASH_DATE,POSTED_SPEED_LIMIT,TRAFFIC_CONTROL_DEVICE,DEVICE_CONDITION,WEATHER_CONDITION,LIGHTING_CONDITION,FIRST_CRASH_TYPE,TRAFFICWAY_TYPE,LANE_CNT,ALIGNMENT,ROADWAY_SURFACE_COND,ROAD_DEFECT,REPORT_TYPE,CRASH_TYPE,INTERSECTION_RELATED_I,NOT_RIGHT_OF_WAY_I,HIT_AND_RUN_I,DAMAGE,DATE_POLICE_NOTIFIED,PRIM_CONTRIBUTORY_CAUSE,SEC_CONTRIBUTORY_CAUSE,STREET_NO,STREET_DIRECTION,STREET_NAME,BEAT_OF_OCCURRENCE,PHOTOS_TAKEN_I,STATEMENTS_TAKEN_I,DOORING_I,WORK_ZONE_I,WORK_ZONE_TYPE,WORKERS_PRESENT_I,NUM_UNITS,MOST_SEVERE_INJURY,INJURIES_TOTAL,INJURIES_FATAL,INJURIES_INCAPACITATING,INJURIES_NON_INCAPACITATING,INJURIES_REPORTED_NOT_EVIDENT,INJURIES_NO_INDICATION,INJURIES_UNKNOWN,CRASH_HOUR,CRASH_DAY_OF_WEEK,CRASH_MONTH,LATITUDE,LONGITUDE,LOCATION
JC453122,,9/29/2019 14:15,30,TRAFFIC SIGNAL,FUNCTIONING PROPERLY,CLEAR,DAYLIGHT,REAR END,DIVIDED - W/MEDIAN (NOT RAISED),,STRAIGHT AND LEVEL,DRY,NO DEFECTS,NOT ON SCENE (DESK REPORT),NO INJURY / DRIVE AWAY,Y,,,"$501 - $1,500",9/29/2019 14:44,DISTRACTION - FROM INSIDE VEHICLE,DISTRACTION - FROM INSIDE VEHICLE,5900,S,LAFAYETTE AVE,232,,,,,,,2,NO INDICATION OF INJURY,0,0,0,0,0,3,0,14,1,9,41.78726864,-87.62735118,POINT (-87.627351181936 41.787268642514)
JC453106,Y,9/29/2019 14:15,20,NO CONTROLS,NO CONTROLS,UNKNOWN,UNKNOWN,PARKED MOTOR VEHICLE,ONE-WAY,,STRAIGHT AND LEVEL,UNKNOWN,NO DEFECTS,ON SCENE,NO INJURY / DRIVE AWAY,,,Y,"$501 - $1,500",9/29/2019 14:15,UNABLE TO DETERMINE,NOT APPLICABLE,2425,W,WINONA ST,2031,,,,,,,2,NO INDICATION OF INJURY,0,0,0,0,0,1,0,14,1,9,41.97479059,-87.69016139,POINT (-87.690161390309 41.974790589357)
JC453090,,9/29/2019 14:04,30,STOP SIGN/FLASHER,FUNCTIONING PROPERLY,CLEAR,DAYLIGHT,TURNING,NOT DIVIDED,,STRAIGHT AND LEVEL,DRY,NO DEFECTS,ON SCENE,NO INJURY / DRIVE AWAY,,,,"OVER $1,500",9/29/2019 14:04,UNABLE TO DETERMINE,UNABLE TO DETERMINE,2330,N,LARAMIE AVE,2515,,,,,,,2,NO INDICATION OF INJURY,0,0,0,0,0,5,0,14,1,9,41.92314836,-87.7562559,POINT (-87.756255902168 41.923148356629)
JC453120,,9/29/2019 14:03,30,TRAFFIC SIGNAL,FUNCTIONING PROPERLY,CLEAR,DAYLIGHT,PEDESTRIAN,FOUR WAY,,STRAIGHT AND LEVEL,UNKNOWN,UNKNOWN,ON SCENE,INJURY AND / OR TOW DUE TO CRASH,Y,,,$500 OR LESS,9/29/2019 14:08,DRIVING SKILLS/KNOWLEDGE/EXPERIENCE,UNABLE TO DETERMINE,1200,S,WABASH AVE,131,,Y,,,,,2,NONINCAPACITATING INJURY,1,0,0,1,0,1,0,14,1,9,41.86734642,-87.62597476,POINT (-87.625974764137 41.86734641752)
JC453118,,9/29/2019 14:01,30,TRAFFIC SIGNAL,FUNCTIONING PROPERLY,CLEAR,DAYLIGHT,SIDESWIPE SAME DIRECTION,DIVIDED - W/MEDIAN (NOT RAISED),,STRAIGHT AND LEVEL,DRY,NO DEFECTS,NOT ON SCENE (DESK REPORT),NO INJURY / DRIVE AWAY,,,,"$501 - $1,500",9/29/2019 14:30,IMPROPER TURNING/NO SIGNAL,DRIVING SKILLS/KNOWLEDGE/EXPERIENCE,2190,S,CALIFORNIA AVE,1023,,,,,,,2,NO INDICATION OF INJURY,0,0,0,0,0,6,0,14,1,9,41.85194569,-87.69559344,POINT (-87.695593443937 41.85194568497)
JC453098,,9/29/2019 14:00,25,NO CONTROLS,NO CONTROLS,UNKNOWN,UNKNOWN,PARKED MOTOR VEHICLE,ONE-WAY,,STRAIGHT AND LEVEL,UNKNOWN,UNKNOWN,NOT ON SCENE (DESK REPORT),NO INJURY / DRIVE AWAY,,,Y,"OVER $1,500",9/29/2019 14:15,IMPROPER LANE USAGE,NOT APPLICABLE,3844,W,CORNELIA AVE,1732,,,,,,,2,NO INDICATION OF INJURY,0,0,0,0,0,1,0,14,1,9,41.94470307,-87.7242922,POINT (-87.724292200649 41.944703072481)
JC453137,,9/29/2019 13:54,30,NO CONTROLS,NO CONTROLS,CLOUDY/OVERCAST,DAYLIGHT,PARKED MOTOR VEHICLE,UNKNOWN,,STRAIGHT AND LEVEL,DRY,UNKNOWN,ON SCENE,NO INJURY / DRIVE AWAY,,,,"OVER $1,500",9/29/2019 14:38,UNABLE TO DETERMINE,UNABLE TO DETERMINE,4802,W,RACE AVE,1532,,,,,,,2,NO INDICATION OF INJURY,0,0,0,0,0,1,0,13,1,9,41.89058566,-87.74579306,POINT (-87.745793059382 41.890585657431)
JC453110,,9/29/2019 13:45,25,NO CONTROLS,NO CONTROLS,CLEAR,DAYLIGHT,PARKED MOTOR VEHICLE,ONE-WAY,,STRAIGHT AND LEVEL,DRY,NO DEFECTS,NOT ON SCENE (DESK REPORT),NO INJURY / DRIVE AWAY,,,,"OVER $1,500",9/29/2019 14:26,IMPROPER OVERTAKING/PASSING,UNABLE TO DETERMINE,2556,W,58TH ST,824,,,,,,,2,NO INDICATION OF INJURY,0,0,0,0,0,1,0,13,1,9,41.78842231,-87.68862714,POINT (-87.688627140827 41.788422305724)
JC453080,,9/29/2019 13:45,35,NO CONTROLS,NO CONTROLS,CLEAR,DAYLIGHT,REAR END,NOT DIVIDED,,STRAIGHT AND LEVEL,WET,NO DEFECTS,NOT ON SCENE (DESK REPORT),INJURY AND / OR TOW DUE TO CRASH,,,,"$501 - $1,500",9/29/2019 13:55,UNABLE TO DETERMINE,UNABLE TO DETERMINE,2932,W,GLENLAKE AVE,2413,,,,,,,2,INCAPACITATING INJURY,3,0,2,0,1,2,0,13,1,9,41.99226857,-87.70316089,POINT (-87.703160894443 41.992268567899)
JC453127,,9/29/2019 13:42,10,UNKNOWN,UNKNOWN,CLEAR,DAYLIGHT,TURNING,NOT DIVIDED,,STRAIGHT AND LEVEL,DRY,NO DEFECTS,NOT ON SCENE (DESK REPORT),NO INJURY / DRIVE AWAY,,Y,,"OVER $1,500",9/29/2019 14:53,IMPROPER TURNING/NO SIGNAL,UNABLE TO DETERMINE,1430,S,ASHLAND AVE,1233,,,,,,,2,NO INDICATION OF INJURY,0,0,0,0,0,2,0,13,1,9,41.86240243,-87.66641897,POINT (-87.666418968157 41.862402424927)
JC454111,,9/29/2019 13:30,5,NO CONTROLS,NO CONTROLS,RAIN,DAYLIGHT,PARKED MOTOR VEHICLE,PARKING LOT,,STRAIGHT AND LEVEL,WET,NO DEFECTS,NOT ON SCENE (DESK REPORT),NO INJURY / DRIVE AWAY,,,,"$501 - $1,500",9/30/2019 11:25,UNABLE TO DETERMINE,UNABLE TO DETERMINE,7600,S,YALE AVE,623,,,,,,,2,NO INDICATION OF INJURY,0,0,0,0,0,1,0,13,1,9,41.75621011,-87.63134494,POINT (-87.631344935214 41.756210109285)
JC453094,,9/29/2019 13:23,30,TRAFFIC SIGNAL,FUNCTIONING PROPERLY,CLOUDY/OVERCAST,DAYLIGHT,ANGLE,NOT DIVIDED,,STRAIGHT AND LEVEL,DRY,NO DEFECTS,NOT ON SCENE (DESK REPORT),NO INJURY / DRIVE AWAY,Y,,Y,"OVER $1,500",9/29/2019 14:30,UNABLE TO DETERMINE,NOT APPLICABLE,2,E,63RD ST,311,,,,,,,2,NO INDICATION OF INJURY,0,0,0,0,0,4,0,13,1,9,41.78016863,-87.62529227,POINT (-87.625292267357 41.780168630918)
JC454300,Y,9/29/2019 13:10,15,NO CONTROLS,NO CONTROLS,CLEAR,DAYLIGHT,ANGLE,PARKING LOT,,STRAIGHT AND LEVEL,DRY,NO DEFECTS,NOT ON SCENE (DESK REPORT),NO INJURY / DRIVE AWAY,,,,"OVER $1,500",9/30/2019 13:50,FAILING TO YIELD RIGHT-OF-WAY,NOT APPLICABLE,4620,N,BROADWAY,1913,,,,,,,2,NO INDICATION OF INJURY,0,0,0,0,0,2,0,13,1,9,41.96591995,-87.65796884,POINT (-87.65796883689 41.965919947086)
JC453050,,9/29/2019 13:10,30,TRAFFIC SIGNAL,FUNCTIONING PROPERLY,CLEAR,DAYLIGHT,REAR END,NOT DIVIDED,,STRAIGHT AND LEVEL,DRY,NO DEFECTS,NOT ON SCENE (DESK REPORT),NO INJURY / DRIVE AWAY,,,,"OVER $1,500",9/29/2019 13:35,UNABLE TO DETERMINE,NOT APPLICABLE,2600,N,CALIFORNIA AVE,1411,,,,,,,2,NO INDICATION OF INJURY,0,0,0,0,0,3,0,13,1,9,41.92878824,-87.69767217,POINT (-87.697672173033 41.9287882438)
JC453058,,9/29/2019 13:05,35,TRAFFIC SIGNAL,FUNCTIONING PROPERLY,CLEAR,DAYLIGHT,REAR END,DIVIDED - W/MEDIAN (NOT RAISED),,STRAIGHT AND LEVEL,DRY,NO DEFECTS,ON SCENE,NO INJURY / DRIVE AWAY,,,,"OVER $1,500",9/29/2019 13:11,FOLLOWING TOO CLOSELY,UNABLE TO DETERMINE,1140,S,CICERO AVE,1533,,,,,,,3,NO INDICATION OF INJURY,0,0,0,0,0,6,0,13,1,9,41.86604269,-87.7449057,POINT (-87.744905703328 41.866042692609)
JC453057,,9/29/2019 13:04,30,NO CONTROLS,NO CONTROLS,CLEAR,DAYLIGHT,PARKED MOTOR VEHICLE,NOT DIVIDED,,STRAIGHT AND LEVEL,WET,NO DEFECTS,NOT ON SCENE (DESK REPORT),NO INJURY / DRIVE AWAY,,,,"OVER $1,500",9/29/2019 13:06,UNABLE TO DETERMINE,UNABLE TO DETERMINE,5329,N,OLCOTT AVE,1613,,,,,,,2,NO INDICATION OF INJURY,0,0,0,0,0,2,0,13,1,9,41.97704477,-87.81427391,POINT (-87.814273908621 41.977044765341)
JC453063,,9/29/2019 13:00,30,TRAFFIC SIGNAL,FUNCTIONING PROPERLY,CLEAR,DAYLIGHT,REAR END,NOT DIVIDED,,STRAIGHT AND LEVEL,WET,NO DEFECTS,NOT ON SCENE (DESK REPORT),NO INJURY / DRIVE AWAY,Y,,,"$501 - $1,500",9/29/2019 13:40,UNABLE TO DETERMINE,NOT APPLICABLE,1553,E,79TH ST,411,,,,,,,2,NO INDICATION OF INJURY,0,0,0,0,0,3,0,13,1,9,41.75139176,-87.58606922,POINT (-87.586069221124 41.751391759077)
JC453040,,9/29/2019 13:00,30,UNKNOWN,UNKNOWN,UNKNOWN,UNKNOWN,ANGLE,NOT DIVIDED,,STRAIGHT AND LEVEL,UNKNOWN,UNKNOWN,NOT ON SCENE (DESK REPORT),NO INJURY / DRIVE AWAY,,,,"$501 - $1,500",9/29/2019 13:24,DISREGARDING STOP SIGN,NOT APPLICABLE,1851,W,OGDEN AVE,1231,,,,,,,2,NO INDICATION OF INJURY,0,0,0,0,0,3,0,13,1,9,41.87562875,-87.67279517,POINT (-87.672795174359 41.875628747846)
JC453039,,9/29/2019 13:00,30,NO CONTROLS,NO CONTROLS,CLEAR,DAYLIGHT,ANGLE,PARKING LOT,,STRAIGHT AND LEVEL,DRY,UNKNOWN,NOT ON SCENE (DESK REPORT),NO INJURY / DRIVE AWAY,,Y,,$500 OR LESS,9/29/2019 13:32,UNABLE TO DETERMINE,UNABLE TO DETERMINE,3644,S,ARCHER AVE,912,,,,,,,2,NO INDICATION OF INJURY,0,0,0,0,0,2,0,13,1,9,41.8275839,-87.68245444,POINT (-87.682454442461 41.827583896764)
JC453017,,9/29/2019 13:00,30,TRAFFIC SIGNAL,FUNCTIONING PROPERLY,CLEAR,DAYLIGHT,SIDESWIPE SAME DIRECTION,NOT DIVIDED,,STRAIGHT AND LEVEL,WET,NO DEFECTS,ON SCENE,INJURY AND / OR TOW DUE TO CRASH,,,,"$501 - $1,500",9/29/2019 13:15,UNABLE TO DETERMINE,UNABLE TO DETERMINE,2022,E,MARQUETTE DR,331,,,,,,,2,NONINCAPACITATING INJURY,1,0,0,1,0,1,0,13,1,9,41.77555945,-87.57548642,POINT (-87.575486416008 41.77555945144)
JC453059,,9/29/2019 12:59,30,NO CONTROLS,NO CONTROLS,CLOUDY/OVERCAST,DAYLIGHT,FIXED OBJECT,ALLEY,,STRAIGHT AND LEVEL,UNKNOWN,UNKNOWN,,NO INJURY / DRIVE AWAY,,N,Y,"OVER $1,500",9/29/2019 13:37,DRIVING SKILLS/KNOWLEDGE/EXPERIENCE,UNABLE TO DETERMINE,4344,N,RIDGEWAY AVE,1723,,,,,,,1,NO INDICATION OF INJURY,0,0,0,0,0,1,0,12,1,9,41.96053476,-87.72183736,POINT (-87.72183736427 41.960534757715)
JC453016,,9/29/2019 12:55,35,NO CONTROLS,NO CONTROLS,CLEAR,DAYLIGHT,FIXED OBJECT,DIVIDED - W/MEDIAN BARRIER,,"CURVE, LEVEL",WET,UNKNOWN,ON SCENE,INJURY AND / OR TOW DUE TO CRASH,,,,"$501 - $1,500",9/29/2019 12:56,UNABLE TO DETERMINE,UNABLE TO DETERMINE,9100,S,LAKE SHORE DR,424,,,,,,,1,NO INDICATION OF INJURY,0,0,0,0,0,1,0,12,1,9,41.73039613,-87.54077275,POINT (-87.540772749112 41.730396133619)
JC453033,,9/29/2019 12:45,30,NO CONTROLS,NOT FUNCTIONING,CLEAR,DAYLIGHT,REAR END,NOT DIVIDED,,STRAIGHT ON GRADE,DRY,NO DEFECTS,NOT ON SCENE (DESK REPORT),NO INJURY / DRIVE AWAY,,,,"$501 - $1,500",9/29/2019 13:24,UNABLE TO DETERMINE,UNABLE TO DETERMINE,5249,S,KEDZIE AVE,923,,,,,,,2,NO INDICATION OF INJURY,0,0,0,0,0,2,0,12,1,9,41.79754391,-87.70352333,POINT (-87.70352333204 41.797543905372)
JC453301,,9/29/2019 12:35,30,NO CONTROLS,NO CONTROLS,UNKNOWN,"DARKNESS, LIGHTED ROAD",PARKED MOTOR VEHICLE,NOT DIVIDED,,STRAIGHT AND LEVEL,UNKNOWN,NO DEFECTS,NOT ON SCENE (DESK REPORT),NO INJURY / DRIVE AWAY,,,,"OVER $1,500",9/29/2019 17:15,UNABLE TO DETERMINE,NOT APPLICABLE,250,E,PEARSON ST,1833,,,,,,,2,NO INDICATION OF INJURY,0,0,0,0,0,1,0,12,1,9,41.89775838,-87.6196621,POINT (-87.619662099897 41.897758382287)
JC452997,,9/29/2019 12:33,30,NO CONTROLS,NO CONTROLS,CLEAR,DAYLIGHT,PARKED MOTOR VEHICLE,DIVIDED - W/MEDIAN BARRIER,,STRAIGHT AND LEVEL,WET,NO DEFECTS,ON SCENE,INJURY AND / OR TOW DUE TO CRASH,,,Y,"OVER $1,500",9/29/2019 12:51,IMPROPER OVERTAKING/PASSING,UNABLE TO DETERMINE,9300,S,STONY ISLAND AVE,413,,,,,,,2,NONINCAPACITATING INJURY,1,0,0,1,0,1,0,12,1,9,41.7258881,-87.58555879,POINT (-87.585558785787 41.725888099989)
JC453031,,9/29/2019 12:30,35,NO CONTROLS,NO CONTROLS,CLEAR,DAYLIGHT,PARKED MOTOR VEHICLE,ONE-WAY,,STRAIGHT AND LEVEL,WET,NO DEFECTS,NOT ON SCENE (DESK REPORT),NO INJURY / DRIVE AWAY,,,,$500 OR LESS,9/29/2019 13:15,IMPROPER BACKING,UNABLE TO DETERMINE,5007,W,GEORGE ST,2521,,,,,,,2,NO INDICATION OF INJURY,0,0,0,0,0,1,0,12,1,9,41.93317852,-87.75192538,POINT (-87.751925377449 41.933178518927)
JC453002,,9/29/2019 12:30,30,NO CONTROLS,NO CONTROLS,CLEAR,DAYLIGHT,PEDALCYCLIST,NOT DIVIDED,,STRAIGHT AND LEVEL,WET,NO DEFECTS,ON SCENE,INJURY AND / OR TOW DUE TO CRASH,,,Y,"$501 - $1,500",9/29/2019 12:30,NOT APPLICABLE,NOT APPLICABLE,7900,S,PERRY AVE,623,,,,,,,2,NONINCAPACITATING INJURY,1,0,0,1,0,1,0,12,1,9,41.75081611,-87.62717754,POINT (-87.62717754304 41.75081610788)
JC453013,,9/29/2019 12:27,30,NO CONTROLS,NO CONTROLS,CLEAR,DAYLIGHT,SIDESWIPE SAME DIRECTION,FOUR WAY,,STRAIGHT AND LEVEL,WET,NO DEFECTS,NOT ON SCENE (DESK REPORT),NO INJURY / DRIVE AWAY,,,,$500 OR LESS,9/29/2019 12:27,UNABLE TO DETERMINE,UNABLE TO DETERMINE,4198,W,26TH ST,1013,,,,,,,2,NO INDICATION OF INJURY,0,0,0,0,0,5,0,12,1,9,41.84429608,-87.72935424,POINT (-87.729354240337 41.844296079283)
JC453001,,9/29/2019 12:25,30,NO CONTROLS,NO CONTROLS,CLEAR,DAYLIGHT,ANGLE,DIVIDED - W/MEDIAN (NOT RAISED),,STRAIGHT AND LEVEL,WET,NO DEFECTS,ON SCENE,INJURY AND / OR TOW DUE TO CRASH,,,,"OVER $1,500",9/29/2019 12:25,IMPROPER LANE USAGE,IMPROPER OVERTAKING/PASSING,431,S,COLUMBUS DR,114,,,,,,,2,NONINCAPACITATING INJURY,2,0,0,2,0,2,0,12,1,9,41.87630355,-87.62047657,POINT (-87.620476565297 41.876303553065)
JC452989,,9/29/2019 12:22,30,NO CONTROLS,NO CONTROLS,FREEZING RAIN/DRIZZLE,DAYLIGHT,SIDESWIPE SAME DIRECTION,ONE-WAY,,STRAIGHT AND LEVEL,WET,NO DEFECTS,ON SCENE,NO INJURY / DRIVE AWAY,,,,"OVER $1,500",9/29/2019 12:22,IMPROPER LANE USAGE,WEATHER,4420,S,INDIANA AVE,215,,,,,,,2,NO INDICATION OF INJURY,0,0,0,0,0,3,0,12,1,9,41.81408592,-87.62148783,POINT (-87.621487828026 41.814085914922)
JC453318,,9/29/2019 12:17,10,NO CONTROLS,NO CONTROLS,CLEAR,DAYLIGHT,TURNING,ALLEY,,STRAIGHT AND LEVEL,WET,NO DEFECTS,NOT ON SCENE (DESK REPORT),NO INJURY / DRIVE AWAY,,,,"OVER $1,500",9/29/2019 17:25,UNABLE TO DETERMINE,NOT APPLICABLE,3047,S,PULASKI RD,1031,,,,,,,2,NO INDICATION OF INJURY,0,0,0,0,0,4,0,12,1,9,41.83731849,-87.72421165,POINT (-87.72421165142 41.837318486387)
JC452990,,9/29/2019 12:12,30,TRAFFIC SIGNAL,FUNCTIONING PROPERLY,RAIN,DAYLIGHT,SIDESWIPE SAME DIRECTION,DIVIDED - W/MEDIAN BARRIER,,STRAIGHT AND LEVEL,WET,NO DEFECTS,,INJURY AND / OR TOW DUE TO CRASH,,,,"$501 - $1,500",9/29/2019 12:40,UNABLE TO DETERMINE,UNABLE TO DETERMINE,10300,S,WESTERN AVE,2211,,,,,,,2,NO INDICATION OF INJURY,0,0,0,0,0,2,0,12,1,9,41.70628233,-87.6817636,POINT (-87.68176359458 41.706282331898)
JC454536,,9/29/2019 12:00,35,TRAFFIC SIGNAL,FUNCTIONING PROPERLY,CLOUDY/OVERCAST,DAYLIGHT,REAR END,DIVIDED - W/MEDIAN (NOT RAISED),,STRAIGHT AND LEVEL,DRY,NO DEFECTS,NOT ON SCENE (DESK REPORT),NO INJURY / DRIVE AWAY,,,,$500 OR LESS,9/30/2019 16:00,UNABLE TO DETERMINE,NOT APPLICABLE,4504,W,FULLERTON AVE,2521,,,,,,,2,NO INDICATION OF INJURY,0,0,0,0,0,3,0,12,1,9,41.92444227,-87.73926735,POINT (-87.739267346256 41.924442269075)
JC453808,Y,9/29/2019 12:00,15,NO CONTROLS,NO CONTROLS,UNKNOWN,UNKNOWN,PARKED MOTOR VEHICLE,ONE-WAY,,STRAIGHT AND LEVEL,UNKNOWN,NO DEFECTS,NOT ON SCENE (DESK REPORT),NO INJURY / DRIVE AWAY,,,Y,"OVER $1,500",9/30/2019 7:40,UNABLE TO DETERMINE,UNABLE TO DETERMINE,1835,W,76TH ST,611,,,,,,,2,NO INDICATION OF INJURY,0,0,0,0,0,1,0,12,1,9,41.75562758,-87.66978884,POINT (-87.669788837286 41.755627580266)
JC452999,,9/29/2019 12:00,15,NO CONTROLS,NO CONTROLS,CLOUDY/OVERCAST,DAYLIGHT,SIDESWIPE OPPOSITE DIRECTION,NOT DIVIDED,,STRAIGHT AND LEVEL,WET,NO DEFECTS,ON SCENE,NO INJURY / DRIVE AWAY,,,Y,"OVER $1,500",9/29/2019 12:00,UNABLE TO DETERMINE,UNABLE TO DETERMINE,5642,W,ALTGELD ST,2515,,,,,,,2,NO INDICATION OF INJURY,0,0,0,0,0,3,0,12,1,9,41.92588846,-87.76780309,POINT (-87.767803092289 41.92588846431)
JC452988,,9/29/2019 12:00,30,NO CONTROLS,NO CONTROLS,RAIN,DAYLIGHT,REAR END,NOT DIVIDED,,STRAIGHT AND LEVEL,WET,NO DEFECTS,ON SCENE,NO INJURY / DRIVE AWAY,,,,"$501 - $1,500",9/29/2019 12:07,FAILING TO REDUCE SPEED TO AVOID CRASH,UNABLE TO DETERMINE,5417,S,CALIFORNIA AVE,923,,,,,,,4,NO INDICATION OF INJURY,0,0,0,0,0,5,0,12,1,9,41.7949737,-87.69368687,POINT (-87.69368687413 41.794973703677)
JC452978,,9/29/2019 12:00,0,TRAFFIC SIGNAL,FUNCTIONING PROPERLY,RAIN,DAYLIGHT,SIDESWIPE SAME DIRECTION,DIVIDED - W/MEDIAN (NOT RAISED),,STRAIGHT AND LEVEL,WET,NO DEFECTS,NOT ON SCENE (DESK REPORT),NO INJURY / DRIVE AWAY,,,,"$501 - $1,500",9/29/2019 12:30,UNABLE TO DETERMINE,NOT APPLICABLE,1559,E,75TH ST,411,,,,,,,2,NO INDICATION OF INJURY,0,0,0,0,0,3,0,12,1,9,41.75865379,-87.5862464,POINT (-87.586246402994 41.758653790025)
JC454963,,9/29/2019 11:58,30,TRAFFIC SIGNAL,FUNCTIONING PROPERLY,CLEAR,DAYLIGHT,REAR END,ONE-WAY,,STRAIGHT AND LEVEL,DRY,NO DEFECTS,ON SCENE,INJURY AND / OR TOW DUE TO CRASH,,,Y,"OVER $1,500",9/29/2019 12:02,UNABLE TO DETERMINE,UNABLE TO DETERMINE,3800,W,CONGRESS PKWY,1133,,,,,,,2,NO INDICATION OF INJURY,0,0,0,0,0,2,0,11,1,9,41.87455188,-87.72045366,POINT (-87.720453658604 41.874551880336)
JC452971,,9/29/2019 11:55,30,NO CONTROLS,NO CONTROLS,RAIN,DAYLIGHT,SIDESWIPE SAME DIRECTION,NOT DIVIDED,,STRAIGHT AND LEVEL,WET,NO DEFECTS,NOT ON SCENE (DESK REPORT),NO INJURY / DRIVE AWAY,,,,"OVER $1,500",9/29/2019 12:15,IMPROPER LANE USAGE,UNABLE TO DETERMINE,2030,W,COULTER ST,1034,,,,,,,2,NO INDICATION OF INJURY,0,0,0,0,0,3,0,11,1,9,41.84911125,-87.67698331,POINT (-87.676983308359 41.849111248416)
JC452949,,9/29/2019 11:55,30,TRAFFIC SIGNAL,FUNCTIONING PROPERLY,CLEAR,DAYLIGHT,SIDESWIPE SAME DIRECTION,NOT DIVIDED,,STRAIGHT AND LEVEL,WET,NO DEFECTS,ON SCENE,NO INJURY / DRIVE AWAY,,,,"OVER $1,500",9/29/2019 11:57,FAILING TO YIELD RIGHT-OF-WAY,"OPERATING VEHICLE IN ERRATIC, RECKLESS, CARELESS, NEGLIGENT OR AGGRESSIVE MANNER",1925,N,MILWAUKEE AVE,1434,,,,,,,2,NO INDICATION OF INJURY,0,0,0,0,0,5,0,11,1,9,41.91651439,-87.6867099,POINT (-87.686709900015 41.916514393369)
JC452913,,9/29/2019 11:55,30,UNKNOWN,UNKNOWN,RAIN,DAYLIGHT,SIDESWIPE SAME DIRECTION,NOT DIVIDED,,STRAIGHT AND LEVEL,WET,UNKNOWN,ON SCENE,NO INJURY / DRIVE AWAY,,,,"OVER $1,500",9/29/2019 11:59,NOT APPLICABLE,NOT APPLICABLE,6700,S,SOUTH SHORE DR,331,,,,,,,2,NO INDICATION OF INJURY,0,0,0,0,0,2,0,11,1,9,41.77343857,-87.56689931,POINT (-87.566899305833 41.773438566009)
JC453025,,9/29/2019 11:54,30,NO CONTROLS,NO CONTROLS,UNKNOWN,UNKNOWN,PARKED MOTOR VEHICLE,DIVIDED - W/MEDIAN (NOT RAISED),,STRAIGHT AND LEVEL,UNKNOWN,NO DEFECTS,ON SCENE,NO INJURY / DRIVE AWAY,,,Y,"OVER $1,500",9/29/2019 11:54,UNABLE TO DETERMINE,UNABLE TO DETERMINE,2852,N,WESTERN AVE,1411,,,,,,,2,NO INDICATION OF INJURY,0,0,0,0,0,1,0,11,1,9,41.93379588,-87.68808444,POINT (-87.688084442277 41.933795878617)
JC452977,,9/29/2019 11:40,30,TRAFFIC SIGNAL,FUNCTIONING PROPERLY,RAIN,DAYLIGHT,REAR END,NOT DIVIDED,,STRAIGHT AND LEVEL,WET,NO DEFECTS,NOT ON SCENE (DESK REPORT),NO INJURY / DRIVE AWAY,,,,$500 OR LESS,9/29/2019 12:26,WEATHER,WEATHER,2840,W,FULLERTON AVE,1414,,,,,,,2,NO INDICATION OF INJURY,0,0,0,0,0,3,0,11,1,9,41.92490233,-87.69903913,POINT (-87.699039132447 41.92490232842)
JC452996,,9/29/2019 11:30,30,NO CONTROLS,NO CONTROLS,CLEAR,DAYLIGHT,REAR END,NOT DIVIDED,,STRAIGHT AND LEVEL,WET,NO DEFECTS,NOT ON SCENE (DESK REPORT),NO INJURY / DRIVE AWAY,,,,"OVER $1,500",9/29/2019 12:45,FOLLOWING TOO CLOSELY,FOLLOWING TOO CLOSELY,3433,S,KEDZIE AVE,911,,,,,,,2,NO INDICATION OF INJURY,0,0,0,0,0,2,0,11,1,9,41.83091996,-87.7045003,POINT (-87.704500300027 41.830919959101)
JC452965,,9/29/2019 11:30,30,NO CONTROLS,NO CONTROLS,UNKNOWN,UNKNOWN,PARKED MOTOR VEHICLE,NOT DIVIDED,,STRAIGHT AND LEVEL,UNKNOWN,UNKNOWN,NOT ON SCENE (DESK REPORT),NO INJURY / DRIVE AWAY,,,Y,"$501 - $1,500",9/29/2019 12:15,UNABLE TO DETERMINE,NOT APPLICABLE,4828,S,HAMLIN AVE,821,,,,,,,2,NO INDICATION OF INJURY,0,0,0,0,0,1,0,11,1,9,41.80531697,-87.71874883,POINT (-87.718748830385 41.805316969719)
JC452940,Y,9/29/2019 11:30,15,NO CONTROLS,NO CONTROLS,UNKNOWN,UNKNOWN,PARKED MOTOR VEHICLE,PARKING LOT,,STRAIGHT AND LEVEL,UNKNOWN,NO DEFECTS,ON SCENE,NO INJURY / DRIVE AWAY,,,Y,"OVER $1,500",9/29/2019 11:39,UNABLE TO DETERMINE,NOT APPLICABLE,614,W,OHARE ST,1654,,,,,,,2,NO INDICATION OF INJURY,0,0,0,0,0,1,0,11,1,9,,,
JC452916,,9/29/2019 11:30,30,STOP SIGN/FLASHER,FUNCTIONING PROPERLY,RAIN,DAYLIGHT,ANGLE,FOUR WAY,,STRAIGHT AND LEVEL,WET,NO DEFECTS,ON SCENE,NO INJURY / DRIVE AWAY,Y,,,"OVER $1,500",9/29/2019 11:31,FAILING TO YIELD RIGHT-OF-WAY,FAILING TO REDUCE SPEED TO AVOID CRASH,4700,S,CHRISTIANA AVE,821,,,,,,,2,NO INDICATION OF INJURY,0,0,0,0,0,2,0,11,1,9,41.80800675,-87.70780365,POINT (-87.707803645505 41.808006744866)