RD_NO,CRASH_DATE_EST_I,CRASH_DATE,POSTED_SPEED_LIMIT,TRAFFIC_CONTROL_DEVICE,DEVICE_CONDITION,WEATHER_CONDITION,LIGHTING_CONDITION,FIRST_CRASH_TYPE,TRAFFICWAY_TYPE,LANE_CNT,ALIGNMENT,ROADWAY_SURFACE_COND,ROAD_DEFECT,REPORT_TYPE,CRASH_TYPE,INTERSECTION_RELATED_I,NOT_RIGHT_OF_WAY_I,HIT_AND_RUN_I,DAMAGE,DATE_POLICE_NOTIFIED,PRIM_CONTRIBUTORY_CAUSE,SEC_CONTRIBUTORY_CAUSE,STREET_NO,STREET_DIRECTION,STREET_NAME,BEAT_OF_OCCURRENCE,PHOTOS_TAKEN_I,STATEMENTS_TAKEN_I,DOORING_I,WORK_ZONE_I,WORK_ZONE_TYPE,WORKERS_PRESENT_I,NUM_UNITS,MOST_SEVERE_INJURY,INJURIES_TOTAL,INJURIES_FATAL,INJURIES_INCAPACITATING,INJURIES_NON_INCAPACITATING,INJURIES_REPORTED_NOT_EVIDENT,INJURIES_NO_INDICATION,INJURIES_UNKNOWN,CRASH_HOUR,CRASH_DAY_OF_WEEK,CRASH_MONTH,LATITUDE,LONGITUDE,LOCATION
JC453027,,9/29/2019 11:20,15,NO CONTROLS,NO CONTROLS,UNKNOWN,DAYLIGHT,REAR TO SIDE,PARKING LOT,,STRAIGHT AND LEVEL,WET,UNKNOWN,NOT ON SCENE (DESK REPORT),NO INJURY / DRIVE AWAY,,,,"$501 - $1,500",9/29/2019 13:14,UNABLE TO DETERMINE,UNABLE TO DETERMINE,5521,S,KEDZIE AVE,824,,,,,,,2,NO INDICATION OF INJURY,0,0,0,0,0,2,0,11,1,9,41.79286167,-87.70338926,POINT (-87.703389258136 41.792861669618)
JC452937,Y,9/29/2019 11:20,15,NO CONTROLS,NO CONTROLS,CLEAR,DAYLIGHT,PARKED MOTOR VEHICLE,ONE-WAY,,STRAIGHT AND LEVEL,WET,NO DEFECTS,ON SCENE,NO INJURY / DRIVE AWAY,,,,$500 OR LESS,9/29/2019 11:35,NOT APPLICABLE,NOT APPLICABLE,3,W,TERMINAL ST,1653,,,,,,,2,NO INDICATION OF INJURY,0,0,0,0,0,2,0,11,1,9,,,
JC452935,,9/29/2019 11:20,30,NO CONTROLS,NO CONTROLS,CLEAR,DAYLIGHT,REAR END,NOT DIVIDED,,STRAIGHT AND LEVEL,WET,NO DEFECTS,NOT ON SCENE (DESK REPORT),NO INJURY / DRIVE AWAY,,,,"OVER $1,500",9/29/2019 12:10,DISTRACTION - FROM INSIDE VEHICLE,NOT APPLICABLE,7158,W,NORTH AVE,2513,,,,,,,2,NO INDICATION OF INJURY,0,0,0,0,0,3,0,11,1,9,41.90898946,-87.80436284,POINT (-87.804362841452 41.908989459958)
JC452925,,9/29/2019 11:20,30,STOP SIGN/FLASHER,NO CONTROLS,RAIN,DAYLIGHT,ANGLE,FOUR WAY,,STRAIGHT AND LEVEL,WET,NO DEFECTS,ON SCENE,INJURY AND / OR TOW DUE TO CRASH,Y,,,"OVER $1,500",9/29/2019 11:24,UNABLE TO DETERMINE,UNABLE TO DETERMINE,632,W,35TH ST,915,,,,,,,2,NO INDICATION OF INJURY,0,0,0,0,0,2,0,11,1,9,41.83090888,-87.64251887,POINT (-87.642518868866 41.830908878634)
JC452970,,9/29/2019 11:15,20,NO CONTROLS,NO CONTROLS,RAIN,DAYLIGHT,PARKED MOTOR VEHICLE,DIVIDED - W/MEDIAN (NOT RAISED),,STRAIGHT AND LEVEL,WET,NO DEFECTS,NOT ON SCENE (DESK REPORT),NO INJURY / DRIVE AWAY,,,,"$501 - $1,500",9/29/2019 12:00,UNABLE TO DETERMINE,NOT APPLICABLE,1549,E,93RD ST,413,,,,,,,2,NO INDICATION OF INJURY,0,0,0,0,0,1,0,11,1,9,41.72586577,-87.58652262,POINT (-87.58652261858 41.725865773608)
JC452958,,9/29/2019 11:10,30,TRAFFIC SIGNAL,FUNCTIONING PROPERLY,RAIN,DAYLIGHT,REAR END,DIVIDED - W/MEDIAN (NOT RAISED),,STRAIGHT AND LEVEL,WET,NO DEFECTS,NOT ON SCENE (DESK REPORT),INJURY AND / OR TOW DUE TO CRASH,,,,"OVER $1,500",9/29/2019 12:00,UNABLE TO DETERMINE,NOT APPLICABLE,6601,S,JEFFERY DR,331,,,,,,,3,"REPORTED, NOT EVIDENT",1,0,0,0,1,3,0,11,1,9,41.77525524,-87.57502608,POINT (-87.575026080746 41.775255235884)
JC452923,,9/29/2019 11:05,30,NO CONTROLS,NO CONTROLS,RAIN,DAYLIGHT,REAR END,NOT DIVIDED,,STRAIGHT AND LEVEL,WET,NO DEFECTS,NOT ON SCENE (DESK REPORT),NO INJURY / DRIVE AWAY,,,,"OVER $1,500",9/29/2019 11:17,FOLLOWING TOO CLOSELY,WEATHER,2900,W,111TH ST,2212,,,,,,,3,NO INDICATION OF INJURY,0,0,0,0,0,3,0,11,1,9,41.69176101,-87.69365955,POINT (-87.693659544885 41.691761007358)
JC453121,,9/29/2019 11:00,30,NO CONTROLS,NO CONTROLS,CLEAR,DAYLIGHT,PARKED MOTOR VEHICLE,NOT DIVIDED,,STRAIGHT AND LEVEL,UNKNOWN,NO DEFECTS,NOT ON SCENE (DESK REPORT),NO INJURY / DRIVE AWAY,,,,"OVER $1,500",9/29/2019 14:38,UNABLE TO DETERMINE,NOT APPLICABLE,4125,S,ARCHER AVE,921,,,,,,,2,NO INDICATION OF INJURY,0,0,0,0,0,1,0,11,1,9,41.81846435,-87.69688004,POINT (-87.696880037504 41.818464344834)
JC452934,,9/29/2019 11:00,30,TRAFFIC SIGNAL,FUNCTIONING PROPERLY,RAIN,DAYLIGHT,ANGLE,NOT DIVIDED,,STRAIGHT ON GRADE,WET,OTHER,NOT ON SCENE (DESK REPORT),NO INJURY / DRIVE AWAY,Y,,Y,"OVER $1,500",9/29/2019 11:20,FAILING TO YIELD RIGHT-OF-WAY,FAILING TO YIELD RIGHT-OF-WAY,2459,S,KEDZIE AVE,1033,,,,,,,2,NO INDICATION OF INJURY,0,0,0,0,0,2,0,11,1,9,41.84642679,-87.70495,POINT (-87.70494999523 41.846426793692)
JC452917,,9/29/2019 11:00,30,TRAFFIC SIGNAL,FUNCTIONING PROPERLY,RAIN,DAYLIGHT,REAR END,NOT DIVIDED,,STRAIGHT AND LEVEL,WET,NO DEFECTS,NOT ON SCENE (DESK REPORT),NO INJURY / DRIVE AWAY,,,,"OVER $1,500",9/29/2019 11:40,UNABLE TO DETERMINE,UNABLE TO DETERMINE,5500,S,DR MARTIN LUTHER KING JR DR,231,,,,,,,3,NO INDICATION OF INJURY,0,0,0,0,0,3,0,11,1,9,41.79445668,-87.61611883,POINT (-87.616118829535 41.794456675068)
JC452909,,9/29/2019 11:00,30,NO CONTROLS,NO CONTROLS,RAIN,DAYLIGHT,REAR END,NOT DIVIDED,,STRAIGHT AND LEVEL,WET,NO DEFECTS,NOT ON SCENE (DESK REPORT),NO INJURY / DRIVE AWAY,,,,"$501 - $1,500",9/29/2019 11:25,UNABLE TO DETERMINE,NOT APPLICABLE,6016,W,63RD ST,812,,,,,,,3,NO INDICATION OF INJURY,0,0,0,0,0,3,0,11,1,9,41.77795816,-87.7722942,POINT (-87.772294196007 41.777958159629)
JC453269,,9/29/2019 10:53,30,NO CONTROLS,NO CONTROLS,RAIN,DAYLIGHT,SIDESWIPE SAME DIRECTION,NOT DIVIDED,,STRAIGHT AND LEVEL,WET,NO DEFECTS,NOT ON SCENE (DESK REPORT),NO INJURY / DRIVE AWAY,,,Y,$500 OR LESS,9/29/2019 16:55,UNABLE TO DETERMINE,NOT APPLICABLE,7759,N,SHERIDAN RD,2422,,,,,,,2,NO INDICATION OF INJURY,0,0,0,0,0,3,0,10,1,9,42.02241469,-87.66631767,POINT (-87.666317667047 42.022414693923)
JC453024,,9/29/2019 10:45,25,NO CONTROLS,NO CONTROLS,CLOUDY/OVERCAST,DAYLIGHT,SIDESWIPE SAME DIRECTION,DIVIDED - W/MEDIAN BARRIER,,"CURVE, LEVEL",WET,NO DEFECTS,NOT ON SCENE (DESK REPORT),NO INJURY / DRIVE AWAY,,,,"$501 - $1,500",9/29/2019 13:11,UNABLE TO DETERMINE,UNABLE TO DETERMINE,990,N,LAKE SHORE DR SB,1833,,,,,,,2,NO INDICATION OF INJURY,0,0,0,0,0,2,0,10,1,9,41.90080611,-87.61972396,POINT (-87.619723961393 41.90080610974)
JC452872,,9/29/2019 10:36,30,NO CONTROLS,NO CONTROLS,CLEAR,DAYLIGHT,REAR END,DIVIDED - W/MEDIAN BARRIER,,STRAIGHT AND LEVEL,WET,NO DEFECTS,ON SCENE,INJURY AND / OR TOW DUE TO CRASH,,,,"OVER $1,500",9/29/2019 10:36,FAILING TO REDUCE SPEED TO AVOID CRASH,NOT APPLICABLE,2,E,GARFIELD BLVD,225,,,,,,,2,NO INDICATION OF INJURY,0,0,0,0,0,3,0,10,1,9,41.7947522,-87.62561859,POINT (-87.625618591418 41.794752200697)
JC452893,,9/29/2019 10:34,45,TRAFFIC SIGNAL,FUNCTIONING PROPERLY,RAIN,DAYLIGHT,REAR END,DIVIDED - W/MEDIAN (NOT RAISED),,STRAIGHT AND LEVEL,WET,NO DEFECTS,NOT ON SCENE (DESK REPORT),NO INJURY / DRIVE AWAY,,,,"OVER $1,500",9/29/2019 11:05,UNABLE TO DETERMINE,NOT APPLICABLE,700,S,LAKE SHORE DR E,114,,,,,,,2,NO INDICATION OF INJURY,0,0,0,0,0,2,0,10,1,9,41.87319361,-87.61722829,POINT (-87.617228294467 41.873193608809)
JC459674,,9/29/2019 10:30,30,NO CONTROLS,NO CONTROLS,RAIN,DAYLIGHT,FIXED OBJECT,DIVIDED - W/MEDIAN (NOT RAISED),,STRAIGHT AND LEVEL,WET,"RUT, HOLES",NOT ON SCENE (DESK REPORT),NO INJURY / DRIVE AWAY,,,,"$501 - $1,500",10/4/2019 11:55,NOT APPLICABLE,NOT APPLICABLE,3306,W,IRVING PARK RD,1724,,,,,,,1,NO INDICATION OF INJURY,0,0,0,0,0,1,0,10,1,9,41.95399699,-87.71076353,POINT (-87.71076352515 41.953996986339)
JC452860,,9/29/2019 10:29,30,TRAFFIC SIGNAL,FUNCTIONING PROPERLY,RAIN,DAYLIGHT,PEDESTRIAN,NOT REPORTED,,STRAIGHT AND LEVEL,WET,NO DEFECTS,ON SCENE,INJURY AND / OR TOW DUE TO CRASH,Y,,,$500 OR LESS,9/29/2019 10:41,UNABLE TO DETERMINE,UNABLE TO DETERMINE,3100,S,WENTWORTH AVE,915,,,,,,,2,NONINCAPACITATING INJURY,1,0,0,1,0,1,0,10,1,9,41.83820059,-87.63182338,POINT (-87.631823375905 41.83820059378)
JC452874,,9/29/2019 10:25,30,STOP SIGN/FLASHER,FUNCTIONING PROPERLY,RAIN,DAYLIGHT,SIDESWIPE SAME DIRECTION,DIVIDED - W/MEDIAN (NOT RAISED),,STRAIGHT AND LEVEL,WET,NO DEFECTS,ON SCENE,NO INJURY / DRIVE AWAY,,,,$500 OR LESS,9/29/2019 10:27,DRIVING SKILLS/KNOWLEDGE/EXPERIENCE,UNABLE TO DETERMINE,401,S,CICERO AVE,1131,,,,,,,2,NO INDICATION OF INJURY,0,0,0,0,0,2,0,10,1,9,41.87495723,-87.74491858,POINT (-87.744918583056 41.874957229692)
JC452862,,9/29/2019 10:20,40,NO CONTROLS,NO CONTROLS,RAIN,DAYLIGHT,REAR END,DIVIDED - W/MEDIAN BARRIER,,STRAIGHT AND LEVEL,WET,NO DEFECTS,ON SCENE,INJURY AND / OR TOW DUE TO CRASH,,,,"OVER $1,500",9/29/2019 10:29,FOLLOWING TOO CLOSELY,IMPROPER OVERTAKING/PASSING,1400,N,LAKE SHORE DR SB,1824,,,,,,,3,NO INDICATION OF INJURY,0,0,0,0,0,3,0,10,1,9,41.90790993,-87.62574109,POINT (-87.625741088327 41.90790992609)
JC452851,,9/29/2019 10:20,30,NO CONTROLS,NO CONTROLS,RAIN,DAYLIGHT,TURNING,NOT DIVIDED,,STRAIGHT AND LEVEL,WET,NO DEFECTS,ON SCENE,NO INJURY / DRIVE AWAY,,,,"OVER $1,500",9/29/2019 10:21,UNABLE TO DETERMINE,NOT APPLICABLE,855,W,ROOSEVELT RD,1232,,,,,,,2,NO INDICATION OF INJURY,0,0,0,0,0,3,0,10,1,9,41.86700972,-87.64900202,POINT (-87.64900202114 41.86700972042)
JC452852,,9/29/2019 10:15,30,NO CONTROLS,NO CONTROLS,RAIN,DAWN,PARKED MOTOR VEHICLE,ONE-WAY,,STRAIGHT AND LEVEL,WET,NO DEFECTS,NOT ON SCENE (DESK REPORT),NO INJURY / DRIVE AWAY,,,,"OVER $1,500",9/29/2019 10:17,IMPROPER TURNING/NO SIGNAL,UNABLE TO DETERMINE,5013,N,MENARD AVE,1622,,,,,,,2,NO INDICATION OF INJURY,0,0,0,0,0,1,0,10,1,9,41.97231341,-87.77325245,POINT (-87.773252449633 41.972313407653)
JC452849,,9/29/2019 10:15,30,TRAFFIC SIGNAL,FUNCTIONING PROPERLY,RAIN,DAYLIGHT,TURNING,NOT DIVIDED,,STRAIGHT AND LEVEL,WET,NO DEFECTS,ON SCENE,INJURY AND / OR TOW DUE TO CRASH,Y,,,"OVER $1,500",9/29/2019 10:16,WEATHER,DRIVING SKILLS/KNOWLEDGE/EXPERIENCE,1601,E,75TH ST,411,,Y,,,,,2,NO INDICATION OF INJURY,0,0,0,0,0,2,0,10,1,9,41.75865822,-87.58567938,POINT (-87.585679384328 41.758658217701)
JC452984,,9/29/2019 10:10,30,TRAFFIC SIGNAL,FUNCTIONING PROPERLY,RAIN,DAYLIGHT,REAR END,DIVIDED - W/MEDIAN (NOT RAISED),,STRAIGHT AND LEVEL,WET,NO DEFECTS,NOT ON SCENE (DESK REPORT),NO INJURY / DRIVE AWAY,,,,"$501 - $1,500",9/29/2019 12:30,UNABLE TO DETERMINE,UNABLE TO DETERMINE,74,W,LA SALLE DR,1814,,,,,,,2,NO INDICATION OF INJURY,0,0,0,0,0,3,0,10,1,9,41.91349013,-87.63161945,POINT (-87.631619448109 41.91349012866)
JC452884,,9/29/2019 10:10,30,STOP SIGN/FLASHER,FUNCTIONING PROPERLY,RAIN,DAYLIGHT,ANGLE,NOT DIVIDED,,STRAIGHT AND LEVEL,WET,NO DEFECTS,ON SCENE,NO INJURY / DRIVE AWAY,Y,,,"OVER $1,500",9/29/2019 10:15,FAILING TO YIELD RIGHT-OF-WAY,FAILING TO REDUCE SPEED TO AVOID CRASH,7200,S,KEDZIE AVE,831,,,,,,,2,NO INDICATION OF INJURY,0,0,0,0,0,4,0,10,1,9,41.76246372,-87.70290451,POINT (-87.702904513708 41.76246372415)
JC452837,,9/29/2019 10:00,30,NO CONTROLS,NO CONTROLS,RAIN,DAYLIGHT,PARKED MOTOR VEHICLE,PARKING LOT,,STRAIGHT AND LEVEL,WET,NO DEFECTS,ON SCENE,NO INJURY / DRIVE AWAY,,Y,Y,"$501 - $1,500",9/29/2019 10:02,UNABLE TO DETERMINE,NOT APPLICABLE,1604,S,DEARBORN ST,131,,,,,,,2,NO INDICATION OF INJURY,0,0,0,0,0,1,0,10,1,9,41.85996659,-87.62892613,POINT (-87.628926126299 41.85996659154)
JC452879,,9/29/2019 9:45,25,STOP SIGN/FLASHER,FUNCTIONING PROPERLY,CLOUDY/OVERCAST,DAYLIGHT,REAR END,FOUR WAY,,STRAIGHT AND LEVEL,DRY,UNKNOWN,NOT ON SCENE (DESK REPORT),NO INJURY / DRIVE AWAY,Y,,,"OVER $1,500",9/29/2019 10:00,UNABLE TO DETERMINE,NOT APPLICABLE,10700,S,AVENUE O,432,,,,,,,2,NO INDICATION OF INJURY,0,0,0,0,0,2,0,9,1,9,41.70085438,-87.54023599,POINT (-87.54023599112 41.700854382206)
JC452819,,9/29/2019 9:45,30,TRAFFIC SIGNAL,FUNCTIONING PROPERLY,RAIN,DAYLIGHT,TURNING,FOUR WAY,,STRAIGHT AND LEVEL,WET,NO DEFECTS,ON SCENE,NO INJURY / DRIVE AWAY,Y,,,"OVER $1,500",9/29/2019 9:46,FAILING TO YIELD RIGHT-OF-WAY,WEATHER,6100,S,COTTAGE GROVE AVE,313,,,,,,,2,NO INDICATION OF INJURY,0,0,0,0,0,2,0,9,1,9,41.78396437,-87.60615379,POINT (-87.606153790698 41.783964365307)
JC452815,,9/29/2019 9:45,30,TRAFFIC SIGNAL,FUNCTIONING PROPERLY,RAIN,DAYLIGHT,REAR END,DIVIDED - W/MEDIAN (NOT RAISED),,STRAIGHT AND LEVEL,WET,NO DEFECTS,ON SCENE,INJURY AND / OR TOW DUE TO CRASH,Y,,Y,"OVER $1,500",9/29/2019 9:50,UNABLE TO DETERMINE,UNABLE TO DETERMINE,2450,N,CICERO AVE,2521,,,,,,,2,NONINCAPACITATING INJURY,2,0,0,1,1,1,0,9,1,9,41.92579179,-87.7465059,POINT (-87.746505903043 41.925791790661)
JC452841,,9/29/2019 9:40,30,NO CONTROLS,NO CONTROLS,RAIN,DAYLIGHT,REAR END,DIVIDED - W/MEDIAN (NOT RAISED),,STRAIGHT AND LEVEL,WET,NO DEFECTS,NOT ON SCENE (DESK REPORT),NO INJURY / DRIVE AWAY,,,,"$501 - $1,500",9/29/2019 10:19,UNABLE TO DETERMINE,UNABLE TO DETERMINE,3611,N,CUMBERLAND AVE,1631,,,,,,,2,NO INDICATION OF INJURY,0,0,0,0,0,2,0,9,1,9,41.94513659,-87.83630028,POINT (-87.83630028389 41.945136591041)
JC452824,,9/29/2019 9:40,30,NO CONTROLS,NO CONTROLS,RAIN,DAYLIGHT,REAR END,DIVIDED - W/MEDIAN (NOT RAISED),,STRAIGHT AND LEVEL,WET,NO DEFECTS,ON SCENE,INJURY AND / OR TOW DUE TO CRASH,,,,"OVER $1,500",9/29/2019 9:44,IMPROPER BACKING,UNABLE TO DETERMINE,4509,S,ASHLAND AVE,924,,,,,,,2,NO INDICATION OF INJURY,0,0,0,0,0,2,0,9,1,9,41.81191077,-87.66490966,POINT (-87.664909658671 41.81191077445)
JC452856,,9/29/2019 9:37,30,NO CONTROLS,NO CONTROLS,RAIN,DAYLIGHT,TURNING,NOT DIVIDED,,STRAIGHT AND LEVEL,WET,NO DEFECTS,ON SCENE,INJURY AND / OR TOW DUE TO CRASH,,,,"OVER $1,500",9/29/2019 9:37,IMPROPER OVERTAKING/PASSING,FAILING TO REDUCE SPEED TO AVOID CRASH,1545,E,64TH ST,314,,,,,,,5,NONINCAPACITATING INJURY,2,0,0,1,1,4,0,9,1,9,41.77865449,-87.58715427,POINT (-87.587154271507 41.778654489105)
JC452828,Y,9/29/2019 9:33,30,STOP SIGN/FLASHER,FUNCTIONING PROPERLY,RAIN,DAYLIGHT,ANGLE,T-INTERSECTION,,STRAIGHT AND LEVEL,WET,NO DEFECTS,ON SCENE,INJURY AND / OR TOW DUE TO CRASH,Y,,,"OVER $1,500",9/29/2019 9:33,FAILING TO YIELD RIGHT-OF-WAY,UNABLE TO DETERMINE,2629,N,LARAMIE AVE,2521,,,,,,,2,"REPORTED, NOT EVIDENT",1,0,0,0,1,3,0,9,1,9,41.92864056,-87.7561656,POINT (-87.756165604092 41.928640558604)
JC454860,,9/29/2019 9:30,25,NO CONTROLS,NO CONTROLS,CLEAR,DAYLIGHT,SIDESWIPE OPPOSITE DIRECTION,ONE-WAY,,STRAIGHT AND LEVEL,DRY,NO DEFECTS,NOT ON SCENE (DESK REPORT),NO INJURY / DRIVE AWAY,,,,"$501 - $1,500",9/30/2019 19:41,IMPROPER BACKING,UNABLE TO DETERMINE,2150,W,ARTHUR AVE,2412,,,,,,,2,NO INDICATION OF INJURY,0,0,0,0,0,2,0,9,1,9,41.99974168,-87.68466769,POINT (-87.684667692045 41.999741678557)
JC452831,,9/29/2019 9:30,30,NO CONTROLS,NO CONTROLS,RAIN,DAYLIGHT,FIXED OBJECT,NOT DIVIDED,,STRAIGHT AND LEVEL,WET,NO DEFECTS,ON SCENE,INJURY AND / OR TOW DUE TO CRASH,,,,"OVER $1,500",9/29/2019 9:40,PHYSICAL CONDITION OF DRIVER,UNABLE TO DETERMINE,821,W,87TH ST,2223,,,,,,,1,INCAPACITATING INJURY,1,0,1,0,0,0,0,9,1,9,41.73595002,-87.64461373,POINT (-87.644613727311 41.735950020287)
JC452817,,9/29/2019 9:30,30,TRAFFIC SIGNAL,FUNCTIONING PROPERLY,RAIN,DAYLIGHT,TURNING,DIVIDED - W/MEDIAN (NOT RAISED),,STRAIGHT AND LEVEL,WET,NO DEFECTS,ON SCENE,NO INJURY / DRIVE AWAY,Y,,,"OVER $1,500",9/29/2019 9:41,IMPROPER TURNING/NO SIGNAL,UNABLE TO DETERMINE,1950,W,33RD ST,912,,,,,,,2,NO INDICATION OF INJURY,0,0,0,0,0,2,0,9,1,9,41.83413939,-87.67498685,POINT (-87.674986851996 41.834139388599)
JC452812,,9/29/2019 9:30,30,TRAFFIC SIGNAL,FUNCTIONING PROPERLY,RAIN,DAYLIGHT,REAR END,DIVIDED - W/MEDIAN (NOT RAISED),,STRAIGHT AND LEVEL,WET,NO DEFECTS,NOT ON SCENE (DESK REPORT),NO INJURY / DRIVE AWAY,,,,"OVER $1,500",9/29/2019 9:40,WEATHER,NOT APPLICABLE,530,W,18TH ST,1235,,,,,,,2,NO INDICATION OF INJURY,0,0,0,0,0,2,0,9,1,9,41.85775244,-87.64028599,POINT (-87.640285986748 41.857752436182)
JC452830,,9/29/2019 9:20,35,TRAFFIC SIGNAL,FUNCTIONING PROPERLY,RAIN,"DARKNESS, LIGHTED ROAD",TURNING,DIVIDED - W/MEDIAN (NOT RAISED),,STRAIGHT AND LEVEL,WET,NO DEFECTS,ON SCENE,NO INJURY / DRIVE AWAY,Y,,,"OVER $1,500",9/29/2019 9:44,FOLLOWING TOO CLOSELY,NOT APPLICABLE,4201,W,NORTH AVE,2534,,,,,,,2,NO INDICATION OF INJURY,0,0,0,0,0,3,0,9,1,9,41.90970685,-87.73146919,POINT (-87.73146919016 41.909706846694)
JC452806,,9/29/2019 9:20,25,NO CONTROLS,NO CONTROLS,RAIN,DAYLIGHT,PARKED MOTOR VEHICLE,ONE-WAY,,STRAIGHT AND LEVEL,WET,NO DEFECTS,ON SCENE,NO INJURY / DRIVE AWAY,,,,"OVER $1,500",9/29/2019 9:24,UNABLE TO DETERMINE,IMPROPER BACKING,926,N,LAWLER AVE,1531,,,,,,,2,NO INDICATION OF INJURY,0,0,0,0,0,1,0,9,1,9,41.89761335,-87.7521401,POINT (-87.752140101575 41.897613350662)
JC452798,,9/29/2019 9:09,30,NO CONTROLS,NO CONTROLS,RAIN,DAYLIGHT,PARKED MOTOR VEHICLE,NOT DIVIDED,,STRAIGHT AND LEVEL,WET,NO DEFECTS,ON SCENE,INJURY AND / OR TOW DUE TO CRASH,,,,"OVER $1,500",9/29/2019 9:13,"OPERATING VEHICLE IN ERRATIC, RECKLESS, CARELESS, NEGLIGENT OR AGGRESSIVE MANNER",NOT APPLICABLE,620,E,35TH ST,211,,,,,,,3,NONINCAPACITATING INJURY,1,0,0,1,0,0,0,9,1,9,41.83130407,-87.60981376,POINT (-87.60981375979 41.831304066436)
JC452792,,9/29/2019 9:02,30,TRAFFIC SIGNAL,FUNCTIONING PROPERLY,RAIN,DAYLIGHT,TURNING,NOT DIVIDED,,STRAIGHT AND LEVEL,WET,NO DEFECTS,ON SCENE,INJURY AND / OR TOW DUE TO CRASH,Y,,Y,"OVER $1,500",9/29/2019 9:05,FAILING TO YIELD RIGHT-OF-WAY,NOT APPLICABLE,6900,S,HALSTED ST,733,,,,,,,4,NO INDICATION OF INJURY,0,0,0,0,0,2,0,9,1,9,41.76874434,-87.64465138,POINT (-87.644651378169 41.768744340933)
JC453056,,9/29/2019 9:00,30,TRAFFIC SIGNAL,FUNCTIONING PROPERLY,CLEAR,DAYLIGHT,PEDESTRIAN,NOT DIVIDED,,STRAIGHT AND LEVEL,DRY,NO DEFECTS,NOT ON SCENE (DESK REPORT),INJURY AND / OR TOW DUE TO CRASH,Y,,Y,$500 OR LESS,9/29/2019 13:30,UNABLE TO DETERMINE,NOT APPLICABLE,4000,W,CONGRESS PKWY,1132,,,,,,,2,NONINCAPACITATING INJURY,1,0,0,1,0,1,0,9,1,9,41.87446701,-87.7255684,POINT (-87.725568395397 41.874467006872)
JC452790,,9/29/2019 8:50,30,TRAFFIC SIGNAL,UNKNOWN,RAIN,DAYLIGHT,REAR END,NOT DIVIDED,,STRAIGHT AND LEVEL,WET,UNKNOWN,ON SCENE,NO INJURY / DRIVE AWAY,,,Y,"OVER $1,500",9/29/2019 8:54,FOLLOWING TOO CLOSELY,NOT APPLICABLE,4624,W,BELMONT AVE,1731,,,,,,,2,NO INDICATION OF INJURY,0,0,0,0,0,3,0,8,1,9,41.9389865,-87.74326808,POINT (-87.743268080419 41.938986504029)
JC452796,,9/29/2019 8:40,30,STOP SIGN/FLASHER,FUNCTIONING PROPERLY,RAIN,DAYLIGHT,ANGLE,DIVIDED - W/MEDIAN BARRIER,,STRAIGHT AND LEVEL,WET,NO DEFECTS,ON SCENE,INJURY AND / OR TOW DUE TO CRASH,Y,,,"OVER $1,500",9/29/2019 9:15,FAILING TO YIELD RIGHT-OF-WAY,WEATHER,3100,N,CENTRAL AVE,2514,,,,,,,2,NO INDICATION OF INJURY,0,0,0,0,0,3,0,8,1,9,41.9368409,-87.76658482,POINT (-87.76658482413 41.936840894992)
JC452845,,9/29/2019 8:20,25,STOP SIGN/FLASHER,NO CONTROLS,RAIN,DAYLIGHT,REAR END,NOT DIVIDED,,STRAIGHT AND LEVEL,WET,NO DEFECTS,NOT ON SCENE (DESK REPORT),NO INJURY / DRIVE AWAY,,,,"$501 - $1,500",9/29/2019 10:15,FOLLOWING TOO CLOSELY,FOLLOWING TOO CLOSELY,1531,W,TOUHY AVE,2423,,,,,,,2,NO INDICATION OF INJURY,0,0,0,0,0,2,0,8,1,9,42.01262149,-87.66930461,POINT (-87.669304612222 42.012621491261)
JC452777,,9/29/2019 8:20,20,NO CONTROLS,NO CONTROLS,RAIN,DAYLIGHT,PARKED MOTOR VEHICLE,NOT DIVIDED,,STRAIGHT AND LEVEL,WET,NO DEFECTS,ON SCENE,INJURY AND / OR TOW DUE TO CRASH,,,N,"OVER $1,500",9/29/2019 8:25,UNABLE TO DETERMINE,NOT APPLICABLE,2456,E,106TH ST,434,,,,,,,2,NO INDICATION OF INJURY,0,0,0,0,0,1,0,8,1,9,41.70287429,-87.5633641,POINT (-87.563364102035 41.702874291905)
JC452778,,9/29/2019 8:09,30,NO CONTROLS,NO CONTROLS,RAIN,DAYLIGHT,REAR END,DIVIDED - W/MEDIAN (NOT RAISED),,STRAIGHT AND LEVEL,WET,NO DEFECTS,NOT ON SCENE (DESK REPORT),NO INJURY / DRIVE AWAY,,,,"OVER $1,500",9/29/2019 8:50,UNABLE TO DETERMINE,UNABLE TO DETERMINE,1233,W,NORTH AVE,1433,,,,,,,2,NO INDICATION OF INJURY,0,0,0,0,0,4,0,8,1,9,41.91065594,-87.65835176,POINT (-87.658351761486 41.910655944485)