RD_NO,CRASH_DATE_EST_I,CRASH_DATE,POSTED_SPEED_LIMIT,TRAFFIC_CONTROL_DEVICE,DEVICE_CONDITION,WEATHER_CONDITION,LIGHTING_CONDITION,FIRST_CRASH_TYPE,TRAFFICWAY_TYPE,LANE_CNT,ALIGNMENT,ROADWAY_SURFACE_COND,ROAD_DEFECT,REPORT_TYPE,CRASH_TYPE,INTERSECTION_RELATED_I,NOT_RIGHT_OF_WAY_I,HIT_AND_RUN_I,DAMAGE,DATE_POLICE_NOTIFIED,PRIM_CONTRIBUTORY_CAUSE,SEC_CONTRIBUTORY_CAUSE,STREET_NO,STREET_DIRECTION,STREET_NAME,BEAT_OF_OCCURRENCE,PHOTOS_TAKEN_I,STATEMENTS_TAKEN_I,DOORING_I,WORK_ZONE_I,WORK_ZONE_TYPE,WORKERS_PRESENT_I,NUM_UNITS,MOST_SEVERE_INJURY,INJURIES_TOTAL,INJURIES_FATAL,INJURIES_INCAPACITATING,INJURIES_NON_INCAPACITATING,INJURIES_REPORTED_NOT_EVIDENT,INJURIES_NO_INDICATION,INJURIES_UNKNOWN,CRASH_HOUR,CRASH_DAY_OF_WEEK,CRASH_MONTH,LATITUDE,LONGITUDE,LOCATION
JC456720,,9/29/2019 8:00,30,STOP SIGN/FLASHER,FUNCTIONING PROPERLY,UNKNOWN,UNKNOWN,PARKED MOTOR VEHICLE,ONE-WAY,,STRAIGHT AND LEVEL,UNKNOWN,UNKNOWN,NOT ON SCENE (DESK REPORT),NO INJURY / DRIVE AWAY,,,Y,"OVER $1,500",10/2/2019 8:30,UNABLE TO DETERMINE,UNABLE TO DETERMINE,5357,N,SPAULDING AVE,1712,,,,,,,2,NO INDICATION OF INJURY,0,0,0,0,0,1,0,8,1,9,41.97924336,-87.71105237,POINT (-87.711052373094 41.979243358515)
JC452774,,9/29/2019 8:00,30,NO CONTROLS,NO CONTROLS,RAIN,DAYLIGHT,REAR END,DIVIDED - W/MEDIAN BARRIER,,STRAIGHT AND LEVEL,WET,NO DEFECTS,NOT ON SCENE (DESK REPORT),NO INJURY / DRIVE AWAY,,,Y,"$501 - $1,500",9/29/2019 8:40,UNABLE TO DETERMINE,UNABLE TO DETERMINE,2658,W,63RD ST,825,,,,,,,2,NO INDICATION OF INJURY,0,0,0,0,0,2,0,8,1,9,41.77926356,-87.69090094,POINT (-87.690900941241 41.7792635577)
JC452763,,9/29/2019 7:57,40,NO CONTROLS,NO CONTROLS,RAIN,DAYLIGHT,REAR END,ONE-WAY,,STRAIGHT AND LEVEL,WET,NO DEFECTS,ON SCENE,INJURY AND / OR TOW DUE TO CRASH,,,,"OVER $1,500",9/29/2019 7:57,FAILING TO REDUCE SPEED TO AVOID CRASH,"OPERATING VEHICLE IN ERRATIC, RECKLESS, CARELESS, NEGLIGENT OR AGGRESSIVE MANNER",3030,S,LAKE SHORE DR SB,133,,,,,,,2,NONINCAPACITATING INJURY,4,0,0,4,0,2,0,7,1,9,41.83926318,-87.60908715,POINT (-87.609087146353 41.839263176139)
JC452748,,9/29/2019 7:15,30,UNKNOWN,UNKNOWN,CLEAR,DAYLIGHT,REAR END,NOT DIVIDED,,STRAIGHT AND LEVEL,WET,UNKNOWN,ON SCENE,NO INJURY / DRIVE AWAY,,,N,"OVER $1,500",9/29/2019 7:38,NOT APPLICABLE,NOT APPLICABLE,6900,S,JEFFERY BLVD,332,,,,,,,2,NO INDICATION OF INJURY,0,0,0,0,0,2,0,7,1,9,41.76970786,-87.57654226,POINT (-87.576542259917 41.769707856796)
JC452740,,9/29/2019 7:02,30,NO CONTROLS,NO CONTROLS,RAIN,DAYLIGHT,PARKED MOTOR VEHICLE,ONE-WAY,,STRAIGHT AND LEVEL,WET,UNKNOWN,ON SCENE,NO INJURY / DRIVE AWAY,,,,$500 OR LESS,9/29/2019 7:05,DRIVING ON WRONG SIDE/WRONG WAY,NOT APPLICABLE,620,N,MENARD AVE,1511,,,,,,,2,NO INDICATION OF INJURY,0,0,0,0,0,1,0,7,1,9,41.8917523,-87.77017844,POINT (-87.770178441827 41.891752302657)
JC452804,,9/29/2019 7:00,20,NO CONTROLS,NO CONTROLS,RAIN,DAYLIGHT,PARKED MOTOR VEHICLE,ONE-WAY,,STRAIGHT AND LEVEL,WET,NO DEFECTS,ON SCENE,NO INJURY / DRIVE AWAY,,,Y,"$501 - $1,500",9/29/2019 9:28,UNABLE TO DETERMINE,UNABLE TO DETERMINE,3506,N,LAVERGNE AVE,1634,,,,,,,2,NO INDICATION OF INJURY,0,0,0,0,0,1,0,7,1,9,41.94447075,-87.75210538,POINT (-87.752105378405 41.944470747226)
JC453170,,9/29/2019 6:50,30,STOP SIGN/FLASHER,FUNCTIONING PROPERLY,RAIN,DAYLIGHT,REAR END,NOT DIVIDED,,STRAIGHT AND LEVEL,WET,NO DEFECTS,NOT ON SCENE (DESK REPORT),NO INJURY / DRIVE AWAY,,,,"OVER $1,500",9/29/2019 15:15,FOLLOWING TOO CLOSELY,UNABLE TO DETERMINE,5554,S,HYDE PARK BLVD,235,,,,,,,2,NO INDICATION OF INJURY,0,0,0,0,0,2,0,6,1,9,41.79362051,-87.58405759,POINT (-87.584057588184 41.793620508636)
JC452739,,9/29/2019 6:45,30,NO CONTROLS,NO CONTROLS,RAIN,"DARKNESS, LIGHTED ROAD",PARKED MOTOR VEHICLE,NOT DIVIDED,,STRAIGHT AND LEVEL,WET,NO DEFECTS,,INJURY AND / OR TOW DUE TO CRASH,,,Y,"OVER $1,500",9/29/2019 6:45,WEATHER,DRIVING SKILLS/KNOWLEDGE/EXPERIENCE,820,W,MONTROSE AVE,1914,,,,,,,7,NO INDICATION OF INJURY,0,0,0,0,0,3,0,6,1,9,41.96194058,-87.65074386,POINT (-87.650743855164 41.961940579217)
JC452737,Y,9/29/2019 6:45,30,NO CONTROLS,NO CONTROLS,RAIN,DUSK,REAR END,NOT DIVIDED,,STRAIGHT AND LEVEL,WET,UNKNOWN,NOT ON SCENE (DESK REPORT),NO INJURY / DRIVE AWAY,,,,"OVER $1,500",9/29/2019 7:16,UNABLE TO DETERMINE,UNABLE TO DETERMINE,1342,E,63RD ST,314,,,,,,,2,NO INDICATION OF INJURY,0,0,0,0,0,4,0,6,1,9,41.78066296,-87.59298527,POINT (-87.592985266333 41.780662957491)
JC452729,,9/29/2019 6:44,30,NO CONTROLS,NO CONTROLS,RAIN,DUSK,REAR END,NOT DIVIDED,,STRAIGHT AND LEVEL,WET,NO DEFECTS,ON SCENE,NO INJURY / DRIVE AWAY,,,,"OVER $1,500",9/29/2019 6:44,FAILING TO REDUCE SPEED TO AVOID CRASH,WEATHER,6801,S,SOUTH SHORE DR,334,,,,,,,2,NO INDICATION OF INJURY,0,0,0,0,0,2,0,6,1,9,41.77164522,-87.56644915,POINT (-87.566449150348 41.771645222612)
JC452735,,9/29/2019 6:40,30,TRAFFIC SIGNAL,FUNCTIONING PROPERLY,RAIN,"DARKNESS, LIGHTED ROAD",PEDESTRIAN,FOUR WAY,,STRAIGHT AND LEVEL,WET,NO DEFECTS,ON SCENE,INJURY AND / OR TOW DUE TO CRASH,Y,,,$500 OR LESS,9/29/2019 6:43,FAILING TO YIELD RIGHT-OF-WAY,IMPROPER TURNING/NO SIGNAL,5700,S,KEDZIE AVE,822,,,,,,,2,NONINCAPACITATING INJURY,1,0,0,1,0,1,0,6,1,9,41.78979082,-87.70359877,POINT (-87.703598769655 41.789790821511)
JC452770,,9/29/2019 6:37,30,NO CONTROLS,NO CONTROLS,RAIN,DAWN,SIDESWIPE SAME DIRECTION,ONE-WAY,,STRAIGHT AND LEVEL,WET,WORN SURFACE,NOT ON SCENE (DESK REPORT),NO INJURY / DRIVE AWAY,,,Y,$500 OR LESS,9/29/2019 8:18,UNABLE TO DETERMINE,UNABLE TO DETERMINE,8807,S,STATE ST,632,,,,,,,2,NO INDICATION OF INJURY,0,0,0,0,0,2,0,6,1,9,41.73426839,-87.62396605,POINT (-87.623966050863 41.734268394324)
JC452732,,9/29/2019 6:35,30,NO CONTROLS,NO CONTROLS,RAIN,DAWN,HEAD ON,UNKNOWN INTERSECTION TYPE,,CURVE ON GRADE,WET,NO DEFECTS,,INJURY AND / OR TOW DUE TO CRASH,Y,,Y,"$501 - $1,500",9/29/2019 6:39,UNABLE TO DETERMINE,UNABLE TO DETERMINE,4000,W,BELDEN AVE,2525,,Y,,,,,2,NONINCAPACITATING INJURY,1,0,0,1,0,8,0,6,1,9,41.92275729,-87.72676844,POINT (-87.726768442123 41.922757289379)
JC453014,Y,9/29/2019 6:00,30,UNKNOWN,UNKNOWN,CLEAR,DAYLIGHT,FIXED OBJECT,UNKNOWN,,STRAIGHT AND LEVEL,UNKNOWN,UNKNOWN,NOT ON SCENE (DESK REPORT),NO INJURY / DRIVE AWAY,,,,"OVER $1,500",9/29/2019 11:30,UNABLE TO DETERMINE,NOT APPLICABLE,5608,W,WASHINGTON BLVD,1512,,,,,,,1,NO INDICATION OF INJURY,0,0,0,0,0,1,0,6,1,9,41.88234944,-87.76534092,POINT (-87.765340920918 41.882349436863)
JC452719,,9/29/2019 5:58,35,NO CONTROLS,NO CONTROLS,CLEAR,DUSK,PARKED MOTOR VEHICLE,NOT DIVIDED,,STRAIGHT AND LEVEL,WET,NO DEFECTS,,NO INJURY / DRIVE AWAY,,,,"OVER $1,500",9/29/2019 6:10,NOT APPLICABLE,NOT APPLICABLE,618,E,90TH ST,633,,,,,,,3,NO INDICATION OF INJURY,0,0,0,0,0,1,0,5,1,9,41.73122289,-87.60874143,POINT (-87.608741432042 41.73122289107)
JC452863,,9/29/2019 5:00,30,NO CONTROLS,NO CONTROLS,RAIN,"DARKNESS, LIGHTED ROAD",PARKED MOTOR VEHICLE,NOT DIVIDED,,STRAIGHT AND LEVEL,WET,NO DEFECTS,NOT ON SCENE (DESK REPORT),NO INJURY / DRIVE AWAY,,,Y,"OVER $1,500",9/29/2019 10:41,UNABLE TO DETERMINE,UNABLE TO DETERMINE,1916,W,CHICAGO AVE,1212,,,,,,,2,NO INDICATION OF INJURY,0,0,0,0,0,1,0,5,1,9,41.89604872,-87.67535124,POINT (-87.675351234589 41.896048721734)
JC452700,,9/29/2019 4:59,30,TRAFFIC SIGNAL,UNKNOWN,RAIN,"DARKNESS, LIGHTED ROAD",ANGLE,FOUR WAY,,STRAIGHT AND LEVEL,WET,UNKNOWN,ON SCENE,INJURY AND / OR TOW DUE TO CRASH,Y,,,"OVER $1,500",9/29/2019 5:00,DISREGARDING OTHER TRAFFIC SIGNS,UNABLE TO DETERMINE,2001,W,CERMAK RD,1034,,Y,,,,,2,NONINCAPACITATING INJURY,1,0,0,1,0,1,0,4,1,9,41.85206402,-87.6759594,POINT (-87.675959401283 41.852064021354)
JC452699,,9/29/2019 4:58,30,NO CONTROLS,NO CONTROLS,RAIN,"DARKNESS, LIGHTED ROAD",SIDESWIPE SAME DIRECTION,NOT DIVIDED,,STRAIGHT AND LEVEL,WET,NO DEFECTS,ON SCENE,INJURY AND / OR TOW DUE TO CRASH,,,Y,"OVER $1,500",9/29/2019 4:59,UNABLE TO DETERMINE,UNABLE TO DETERMINE,2851,W,CHICAGO AVE,1221,,,,,,,2,NO INDICATION OF INJURY,0,0,0,0,0,2,0,4,1,9,41.89553072,-87.69878561,POINT (-87.698785607613 41.895530722542)
JC453242,,9/29/2019 4:45,30,NO CONTROLS,NO CONTROLS,CLEAR,DAYLIGHT,REAR TO FRONT,PARKING LOT,,STRAIGHT AND LEVEL,DRY,NO DEFECTS,NOT ON SCENE (DESK REPORT),NO INJURY / DRIVE AWAY,,,,"$501 - $1,500",9/29/2019 16:25,UNABLE TO DETERMINE,NOT APPLICABLE,10000,W,OHARE ST,1651,,,,,,,2,NO INDICATION OF INJURY,0,0,0,0,0,4,0,4,1,9,41.97620114,-87.90530913,POINT (-87.905309125103 41.976201139024)
JC452701,,9/29/2019 4:42,30,TRAFFIC SIGNAL,FUNCTIONING PROPERLY,RAIN,"DARKNESS, LIGHTED ROAD",PEDESTRIAN,FOUR WAY,,STRAIGHT AND LEVEL,WET,NO DEFECTS,ON SCENE,INJURY AND / OR TOW DUE TO CRASH,,,Y,"OVER $1,500",9/29/2019 4:42,UNABLE TO DETERMINE,NOT APPLICABLE,40,W,ILLINOIS ST,1831,,,,,,,2,INCAPACITATING INJURY,1,0,1,0,0,1,0,4,1,9,41.89094466,-87.62955405,POINT (-87.629554048003 41.890944656709)
JC452685,,9/29/2019 3:45,30,NO CONTROLS,NO CONTROLS,RAIN,"DARKNESS, LIGHTED ROAD",SIDESWIPE OPPOSITE DIRECTION,NOT DIVIDED,,STRAIGHT AND LEVEL,WET,NO DEFECTS,ON SCENE,INJURY AND / OR TOW DUE TO CRASH,,,Y,"OVER $1,500",9/29/2019 3:51,UNABLE TO DETERMINE,UNABLE TO DETERMINE,301,E,75TH ST,623,,,,,,,2,NO INDICATION OF INJURY,0,0,0,0,0,2,0,3,1,9,41.75824335,-87.61822068,POINT (-87.618220683122 41.758243346443)
JC452670,,9/29/2019 3:40,30,TRAFFIC SIGNAL,UNKNOWN,RAIN,"DARKNESS, LIGHTED ROAD",TURNING,CENTER TURN LANE,,STRAIGHT AND LEVEL,WET,UNKNOWN,ON SCENE,INJURY AND / OR TOW DUE TO CRASH,Y,,,"OVER $1,500",9/29/2019 3:46,UNDER THE INFLUENCE OF ALCOHOL/DRUGS (USE WHEN ARREST IS EFFECTED),IMPROPER TURNING/NO SIGNAL,4801,W,MADISON ST,1533,,,,,,,2,INCAPACITATING INJURY,1,0,1,0,0,2,0,3,1,9,41.88038672,-87.74539738,POINT (-87.745397380161 41.880386720106)
JC452684,,9/29/2019 3:35,30,TRAFFIC SIGNAL,FUNCTIONING PROPERLY,RAIN,"DARKNESS, LIGHTED ROAD",REAR END,NOT DIVIDED,,STRAIGHT AND LEVEL,WET,NO DEFECTS,NOT ON SCENE (DESK REPORT),INJURY AND / OR TOW DUE TO CRASH,Y,,Y,"OVER $1,500",9/29/2019 4:05,FOLLOWING TOO CLOSELY,FAILING TO REDUCE SPEED TO AVOID CRASH,520,S,STATE ST,123,,,,,,,2,"REPORTED, NOT EVIDENT",2,0,0,0,2,0,0,3,1,9,41.87524727,-87.62776719,POINT (-87.62776718558 41.875247268407)
JC452673,,9/29/2019 3:31,30,NO CONTROLS,NO CONTROLS,CLEAR,"DARKNESS, LIGHTED ROAD",PARKED MOTOR VEHICLE,NOT DIVIDED,,STRAIGHT AND LEVEL,DRY,NO DEFECTS,ON SCENE,INJURY AND / OR TOW DUE TO CRASH,,,,"OVER $1,500",9/29/2019 3:31,UNABLE TO DETERMINE,UNABLE TO DETERMINE,2436,S,PULASKI RD,1013,,,,,,,3,NO INDICATION OF INJURY,0,0,0,0,0,1,0,3,1,9,41.84687922,-87.72478035,POINT (-87.724780347464 41.846879217617)
JC452707,,9/29/2019 3:27,30,NO CONTROLS,NO CONTROLS,RAIN,"DARKNESS, LIGHTED ROAD",SIDESWIPE OPPOSITE DIRECTION,NOT DIVIDED,,STRAIGHT AND LEVEL,UNKNOWN,NO DEFECTS,ON SCENE,INJURY AND / OR TOW DUE TO CRASH,,,,"OVER $1,500",9/29/2019 3:28,DRIVING ON WRONG SIDE/WRONG WAY,UNABLE TO DETERMINE,2107,W,TOUHY AVE,2411,,,,,,,2,NO INDICATION OF INJURY,0,0,0,0,0,4,0,3,1,9,42.01210356,-87.68334718,POINT (-87.683347180285 42.012103557146)
JC452659,,9/29/2019 3:24,35,TRAFFIC SIGNAL,FUNCTIONING PROPERLY,CLEAR,"DARKNESS, LIGHTED ROAD",HEAD ON,DIVIDED - W/MEDIAN (NOT RAISED),,STRAIGHT AND LEVEL,DRY,NO DEFECTS,ON SCENE,INJURY AND / OR TOW DUE TO CRASH,Y,,,"OVER $1,500",9/29/2019 3:25,DISREGARDING TRAFFIC SIGNALS,NOT APPLICABLE,5202,W,HARRISON ST,1522,,,,,,,2,NO INDICATION OF INJURY,0,0,0,0,0,2,0,3,1,9,41.87305394,-87.75494756,POINT (-87.754947560085 41.873053943252)
JC452666,,9/29/2019 3:20,30,NO CONTROLS,NO CONTROLS,CLEAR,"DARKNESS, LIGHTED ROAD",REAR END,DIVIDED - W/MEDIAN (NOT RAISED),,STRAIGHT AND LEVEL,WET,NO DEFECTS,ON SCENE,NO INJURY / DRIVE AWAY,,,Y,"OVER $1,500",9/29/2019 3:38,UNABLE TO DETERMINE,NOT APPLICABLE,800,N,MICHIGAN AVE,1833,,,,,,,2,NO INDICATION OF INJURY,0,0,0,0,0,2,0,3,1,9,41.89679057,-87.62438066,POINT (-87.624380655444 41.896790572039)
JC452652,,9/29/2019 3:18,25,NO CONTROLS,NO CONTROLS,CLEAR,"DARKNESS, LIGHTED ROAD",OTHER OBJECT,DIVIDED - W/MEDIAN BARRIER,,STRAIGHT AND LEVEL,DRY,NO DEFECTS,ON SCENE,INJURY AND / OR TOW DUE TO CRASH,,,,"$501 - $1,500",9/29/2019 3:21,UNABLE TO DETERMINE,DRIVING SKILLS/KNOWLEDGE/EXPERIENCE,900,N,LAKE SHORE DR,1833,,,,,,,1,"REPORTED, NOT EVIDENT",1,0,0,0,1,0,0,3,1,9,41.89928099,-87.61889451,POINT (-87.618894512302 41.89928099092)
JC452654,,9/29/2019 3:13,15,NO CONTROLS,NO CONTROLS,CLEAR,"DARKNESS, LIGHTED ROAD",FIXED OBJECT,OTHER,,STRAIGHT AND LEVEL,DRY,UNKNOWN,ON SCENE,INJURY AND / OR TOW DUE TO CRASH,,,Y,"OVER $1,500",9/29/2019 3:13,UNABLE TO DETERMINE,UNABLE TO DETERMINE,3111,W,DIVERSEY AVE,1411,,,,,,,1,NO INDICATION OF INJURY,0,0,0,0,0,1,0,3,1,9,41.93192839,-87.70546367,POINT (-87.705463672832 41.931928389948)
JC452649,,9/29/2019 3:06,30,NO CONTROLS,NO CONTROLS,CLEAR,"DARKNESS, LIGHTED ROAD",PARKED MOTOR VEHICLE,NOT DIVIDED,,STRAIGHT AND LEVEL,DRY,NO DEFECTS,ON SCENE,INJURY AND / OR TOW DUE TO CRASH,,,,"OVER $1,500",9/29/2019 3:06,UNDER THE INFLUENCE OF ALCOHOL/DRUGS (USE WHEN ARREST IS EFFECTED),PHYSICAL CONDITION OF DRIVER,3741,N,SHEFFIELD AVE,1923,,,,,,,3,NO INDICATION OF INJURY,0,0,0,0,0,1,0,3,1,9,41.95025148,-87.65427191,POINT (-87.654271912708 41.950251477674)
JC455725,,9/29/2019 3:00,30,RAILROAD CROSSING GATE,FUNCTIONING PROPERLY,CLEAR,DARKNESS,REAR END,DIVIDED - W/MEDIAN (NOT RAISED),,STRAIGHT ON GRADE,DRY,NO DEFECTS,NOT ON SCENE (DESK REPORT),NO INJURY / DRIVE AWAY,,,Y,"OVER $1,500",10/1/2019 13:30,DRIVING SKILLS/KNOWLEDGE/EXPERIENCE,UNABLE TO DETERMINE,3259,E,95TH ST,431,,,,,,,2,NO INDICATION OF INJURY,0,0,0,0,0,2,0,3,1,9,41.7227327,-87.54453083,POINT (-87.544530829903 41.722732694606)
JC452656,,9/29/2019 2:50,30,TRAFFIC SIGNAL,UNKNOWN,CLEAR,DARKNESS,REAR END,DIVIDED - W/MEDIAN (NOT RAISED),,STRAIGHT AND LEVEL,UNKNOWN,UNKNOWN,NOT ON SCENE (DESK REPORT),INJURY AND / OR TOW DUE TO CRASH,Y,,Y,"$501 - $1,500",9/29/2019 3:30,FOLLOWING TOO CLOSELY,FOLLOWING TOO CLOSELY,1986,E,67TH ST,331,,,,,,,2,"REPORTED, NOT EVIDENT",2,0,0,0,2,1,0,2,1,9,41.77356492,-87.57655091,POINT (-87.576550906768 41.773564915243)
JC452954,,9/29/2019 2:45,30,TRAFFIC SIGNAL,FUNCTIONING PROPERLY,RAIN,"DARKNESS, LIGHTED ROAD",PARKED MOTOR VEHICLE,DIVIDED - W/MEDIAN BARRIER,,STRAIGHT AND LEVEL,WET,NO DEFECTS,NOT ON SCENE (DESK REPORT),NO INJURY / DRIVE AWAY,,,,"OVER $1,500",9/29/2019 12:00,UNABLE TO DETERMINE,UNABLE TO DETERMINE,12001,S,HALSTED ST,523,,,,,,,2,NO INDICATION OF INJURY,0,0,0,0,0,1,0,2,1,9,41.67590207,-87.64169805,POINT (-87.641698046282 41.675902066048)
JC453667,,9/29/2019 2:30,30,NO CONTROLS,NO CONTROLS,CLEAR,"DARKNESS, LIGHTED ROAD",PARKED MOTOR VEHICLE,NOT DIVIDED,,STRAIGHT AND LEVEL,WET,NO DEFECTS,NOT ON SCENE (DESK REPORT),NO INJURY / DRIVE AWAY,,,Y,$500 OR LESS,9/29/2019 23:30,UNABLE TO DETERMINE,NOT APPLICABLE,116,W,HUBBARD ST,1831,,,,,,,2,NO INDICATION OF INJURY,0,0,0,0,0,1,0,2,1,9,41.89012138,-87.63186017,POINT (-87.631860167469 41.890121376006)
JC452617,,9/29/2019 2:15,30,TRAFFIC SIGNAL,FUNCTIONING PROPERLY,RAIN,"DARKNESS, LIGHTED ROAD",REAR END,FOUR WAY,,STRAIGHT AND LEVEL,WET,NO DEFECTS,ON SCENE,NO INJURY / DRIVE AWAY,Y,,,"OVER $1,500",9/29/2019 2:19,FOLLOWING TOO CLOSELY,FAILING TO REDUCE SPEED TO AVOID CRASH,3828,W,BELMONT AVE,1732,,,,,,,2,NO INDICATION OF INJURY,0,0,0,0,0,3,0,2,1,9,41.93924954,-87.72346142,POINT (-87.723461417927 41.939249544301)
JC454132,Y,9/29/2019 2:00,30,NO CONTROLS,NO CONTROLS,FOG/SMOKE/HAZE,"DARKNESS, LIGHTED ROAD",PARKED MOTOR VEHICLE,ONE-WAY,,STRAIGHT AND LEVEL,DRY,NO DEFECTS,NOT ON SCENE (DESK REPORT),NO INJURY / DRIVE AWAY,,,Y,"OVER $1,500",9/30/2019 10:00,UNABLE TO DETERMINE,NOT APPLICABLE,4007,S,ARTESIAN AVE,921,,,,,,,2,NO INDICATION OF INJURY,0,0,0,0,0,1,0,2,1,9,41.82083237,-87.68589427,POINT (-87.68589427368 41.820832371565)
JC452914,Y,9/29/2019 2:00,20,NO CONTROLS,NO CONTROLS,UNKNOWN,"DARKNESS, LIGHTED ROAD",PARKED MOTOR VEHICLE,ONE-WAY,,STRAIGHT AND LEVEL,UNKNOWN,NO DEFECTS,ON SCENE,INJURY AND / OR TOW DUE TO CRASH,,,Y,"OVER $1,500",9/29/2019 11:30,UNABLE TO DETERMINE,NOT APPLICABLE,6249,N,WASHTENAW AVE,2413,,,,,,,2,NO INDICATION OF INJURY,0,0,0,0,0,1,0,2,1,9,41.99543907,-87.69698062,POINT (-87.696980621366 41.99543906699)
JC452608,,9/29/2019 1:55,30,NO CONTROLS,NO CONTROLS,CLEAR,"DARKNESS, LIGHTED ROAD",FIXED OBJECT,DIVIDED - W/MEDIAN BARRIER,,STRAIGHT AND LEVEL,DRY,NO DEFECTS,ON SCENE,INJURY AND / OR TOW DUE TO CRASH,,,,"OVER $1,500",9/29/2019 1:58,UNABLE TO DETERMINE,UNABLE TO DETERMINE,9430,S,JEFFERY AVE,413,,,,,,,1,"REPORTED, NOT EVIDENT",1,0,0,0,1,1,0,1,1,9,41.72335138,-87.57552296,POINT (-87.575522956472 41.723351382174)
JC452605,,9/29/2019 1:51,20,NO CONTROLS,NO CONTROLS,UNKNOWN,"DARKNESS, LIGHTED ROAD",PARKED MOTOR VEHICLE,ONE-WAY,,STRAIGHT AND LEVEL,UNKNOWN,NO DEFECTS,ON SCENE,NO INJURY / DRIVE AWAY,,,Y,"$501 - $1,500",9/29/2019 1:57,FAILING TO REDUCE SPEED TO AVOID CRASH,UNABLE TO DETERMINE,7512,N,OAKLEY AVE,2411,,,,,,,2,NO INDICATION OF INJURY,0,0,0,0,0,2,0,1,1,9,42.01785801,-87.68789526,POINT (-87.687895255294 42.017858012411)
JC452624,,9/29/2019 1:50,30,TRAFFIC SIGNAL,FUNCTIONING PROPERLY,CLEAR,"DARKNESS, LIGHTED ROAD",FIXED OBJECT,DIVIDED - W/MEDIAN BARRIER,,STRAIGHT AND LEVEL,DRY,UNKNOWN,ON SCENE,INJURY AND / OR TOW DUE TO CRASH,,,,"OVER $1,500",9/29/2019 1:55,DRIVING SKILLS/KNOWLEDGE/EXPERIENCE,DISTRACTION - FROM OUTSIDE VEHICLE,200,W,LOWER WACKER DR,122,,,,,,,1,NO INDICATION OF INJURY,0,0,0,0,0,1,0,1,1,9,41.88706878,-87.63400796,POINT (-87.634007958314 41.88706877922)
JC452598,,9/29/2019 1:44,20,NO CONTROLS,NO CONTROLS,RAIN,"DARKNESS, LIGHTED ROAD",PARKED MOTOR VEHICLE,ONE-WAY,,STRAIGHT AND LEVEL,WET,NO DEFECTS,ON SCENE,INJURY AND / OR TOW DUE TO CRASH,,,,"OVER $1,500",9/29/2019 1:46,UNABLE TO DETERMINE,UNABLE TO DETERMINE,912,N,LAMON AVE,1531,,,,,,,3,NO INDICATION OF INJURY,0,0,0,0,0,2,0,1,1,9,41.89726622,-87.74845652,POINT (-87.748456517723 41.897266215932)
JC452590,,9/29/2019 1:30,30,NO CONTROLS,UNKNOWN,CLEAR,"DARKNESS, LIGHTED ROAD",FIXED OBJECT,NOT DIVIDED,,STRAIGHT AND LEVEL,DRY,NO DEFECTS,ON SCENE,INJURY AND / OR TOW DUE TO CRASH,,,,"OVER $1,500",9/29/2019 1:59,UNABLE TO DETERMINE,NOT APPLICABLE,13615,S,BRAINARD AVE,433,,,,,,,1,NO INDICATION OF INJURY,0,0,0,0,0,1,0,1,1,9,41.64795474,-87.54503583,POINT (-87.545035825392 41.647954738874)
JC452574,,9/29/2019 1:08,45,NO CONTROLS,NO CONTROLS,CLEAR,DARKNESS,FIXED OBJECT,ONE-WAY,,"CURVE, LEVEL",DRY,NO DEFECTS,ON SCENE,INJURY AND / OR TOW DUE TO CRASH,,,,"OVER $1,500",9/29/2019 1:12,FAILING TO REDUCE SPEED TO AVOID CRASH,UNABLE TO DETERMINE,5442,S,LAKE SHORE DR SB,234,,,,,,,1,NO INDICATION OF INJURY,0,0,0,0,0,1,0,1,1,9,41.79694589,-87.57987894,POINT (-87.5798789414 41.796945887572)
JC452580,,9/29/2019 1:02,30,TRAFFIC SIGNAL,FUNCTIONING PROPERLY,CLEAR,"DARKNESS, LIGHTED ROAD",REAR TO SIDE,NOT DIVIDED,,STRAIGHT AND LEVEL,DRY,NO DEFECTS,ON SCENE,INJURY AND / OR TOW DUE TO CRASH,,,Y,"OVER $1,500",9/29/2019 1:02,UNABLE TO DETERMINE,UNABLE TO DETERMINE,3602,W,CERMAK RD,1014,,,,,,,2,NO INDICATION OF INJURY,0,0,0,0,0,3,0,1,1,9,41.85177262,-87.71515354,POINT (-87.715153536498 41.851772619076)
JC453492,,9/29/2019 1:00,30,UNKNOWN,UNKNOWN,UNKNOWN,"DARKNESS, LIGHTED ROAD",REAR END,NOT DIVIDED,,STRAIGHT AND LEVEL,UNKNOWN,UNKNOWN,NOT ON SCENE (DESK REPORT),NO INJURY / DRIVE AWAY,,,,"OVER $1,500",9/29/2019 20:00,UNABLE TO DETERMINE,NOT APPLICABLE,3600,N,LINCOLN AVE,1922,,,,,,,2,NO INDICATION OF INJURY,0,0,0,0,0,2,0,1,1,9,41.94706281,-87.67399164,POINT (-87.673991636259 41.947062814395)
JC452566,,9/29/2019 0:50,30,STOP SIGN/FLASHER,FUNCTIONING PROPERLY,CLEAR,"DARKNESS, LIGHTED ROAD",TURNING,T-INTERSECTION,,STRAIGHT AND LEVEL,DRY,NO DEFECTS,ON SCENE,INJURY AND / OR TOW DUE TO CRASH,Y,,Y,"OVER $1,500",9/29/2019 0:51,UNABLE TO DETERMINE,UNABLE TO DETERMINE,2632,W,LAKE ST,1222,,,,,,,2,"REPORTED, NOT EVIDENT",4,0,0,0,4,1,0,0,1,9,41.88449924,-87.69266756,POINT (-87.692667557996 41.884499242812)