RD_NO,CRASH_DATE_EST_I,CRASH_DATE,POSTED_SPEED_LIMIT,TRAFFIC_CONTROL_DEVICE,DEVICE_CONDITION,WEATHER_CONDITION,LIGHTING_CONDITION,FIRST_CRASH_TYPE,TRAFFICWAY_TYPE,LANE_CNT,ALIGNMENT,ROADWAY_SURFACE_COND,ROAD_DEFECT,REPORT_TYPE,CRASH_TYPE,INTERSECTION_RELATED_I,NOT_RIGHT_OF_WAY_I,HIT_AND_RUN_I,DAMAGE,DATE_POLICE_NOTIFIED,PRIM_CONTRIBUTORY_CAUSE,SEC_CONTRIBUTORY_CAUSE,STREET_NO,STREET_DIRECTION,STREET_NAME,BEAT_OF_OCCURRENCE,PHOTOS_TAKEN_I,STATEMENTS_TAKEN_I,DOORING_I,WORK_ZONE_I,WORK_ZONE_TYPE,WORKERS_PRESENT_I,NUM_UNITS,MOST_SEVERE_INJURY,INJURIES_TOTAL,INJURIES_FATAL,INJURIES_INCAPACITATING,INJURIES_NON_INCAPACITATING,INJURIES_REPORTED_NOT_EVIDENT,INJURIES_NO_INDICATION,INJURIES_UNKNOWN,CRASH_HOUR,CRASH_DAY_OF_WEEK,CRASH_MONTH,LATITUDE,LONGITUDE,LOCATION
JC457691,,9/29/2019 0:45,30,TRAFFIC SIGNAL,FUNCTIONING PROPERLY,CLEAR,"DARKNESS, LIGHTED ROAD",REAR END,DIVIDED - W/MEDIAN (NOT RAISED),,STRAIGHT AND LEVEL,DRY,NO DEFECTS,NOT ON SCENE (DESK REPORT),NO INJURY / DRIVE AWAY,,,,$500 OR LESS,10/2/2019 19:25,UNABLE TO DETERMINE,NOT APPLICABLE,400,N,CLARK ST,1831,,,,,,,2,NO INDICATION OF INJURY,0,0,0,0,0,2,0,0,1,9,41.8892498,-87.63120782,POINT (-87.631207820201 41.889249801889)
JC452560,,9/29/2019 0:40,35,NO CONTROLS,NO CONTROLS,CLEAR,"DARKNESS, LIGHTED ROAD",SIDESWIPE SAME DIRECTION,DIVIDED - W/MEDIAN BARRIER,,STRAIGHT AND LEVEL,DRY,NO DEFECTS,ON SCENE,NO INJURY / DRIVE AWAY,,,,"$501 - $1,500",9/29/2019 0:45,FAILING TO YIELD RIGHT-OF-WAY,NOT APPLICABLE,850,N,LAKE SHORE DR SB,1833,,,,,,,2,NO INDICATION OF INJURY,0,0,0,0,0,3,0,0,1,9,41.89810418,-87.61789354,POINT (-87.617893535871 41.89810417586)
JC452558,,9/29/2019 0:39,20,NO CONTROLS,NO CONTROLS,CLEAR,"DARKNESS, LIGHTED ROAD",PARKED MOTOR VEHICLE,NOT DIVIDED,,STRAIGHT AND LEVEL,DRY,NO DEFECTS,ON SCENE,INJURY AND / OR TOW DUE TO CRASH,,,,"OVER $1,500",9/29/2019 0:39,FAILING TO REDUCE SPEED TO AVOID CRASH,UNABLE TO DETERMINE,2958,N,LONG AVE,2514,,,,,,,4,NONINCAPACITATING INJURY,2,0,0,2,0,0,0,0,1,9,41.93494093,-87.76161009,POINT (-87.761610087284 41.934940924939)
JC453087,,9/29/2019 0:01,30,TRAFFIC SIGNAL,FUNCTIONING PROPERLY,CLOUDY/OVERCAST,DAYLIGHT,PARKED MOTOR VEHICLE,NOT DIVIDED,,STRAIGHT AND LEVEL,WET,NO DEFECTS,NOT ON SCENE (DESK REPORT),NO INJURY / DRIVE AWAY,,,Y,"OVER $1,500",9/29/2019 14:00,UNABLE TO DETERMINE,NOT APPLICABLE,1235,N,HALSTED ST,1822,,,,,,,2,NO INDICATION OF INJURY,0,0,0,0,0,2,0,0,1,9,41.90450531,-87.64797303,POINT (-87.647973029464 41.904505308877)
JC452596,,9/29/2019 0:00,30,TRAFFIC SIGNAL,FUNCTIONING PROPERLY,CLEAR,"DARKNESS, LIGHTED ROAD",ANGLE,ONE-WAY,,STRAIGHT AND LEVEL,DRY,NO DEFECTS,,NO INJURY / DRIVE AWAY,Y,,,"$501 - $1,500",9/29/2019 2:04,UNABLE TO DETERMINE,NOT APPLICABLE,65,E,ONTARIO ST,1834,,,,,,,2,NO INDICATION OF INJURY,0,0,0,0,0,5,0,0,1,9,41.89320435,-87.62548219,POINT (-87.625482185792 41.893204345311)
JC452531,,9/28/2019 23:50,30,NO CONTROLS,NO CONTROLS,CLEAR,"DARKNESS, LIGHTED ROAD",PARKED MOTOR VEHICLE,ONE-WAY,,STRAIGHT AND LEVEL,DRY,NO DEFECTS,ON SCENE,INJURY AND / OR TOW DUE TO CRASH,,,,"OVER $1,500",9/28/2019 23:53,FAILING TO REDUCE SPEED TO AVOID CRASH,UNDER THE INFLUENCE OF ALCOHOL/DRUGS (USE WHEN ARREST IS EFFECTED),7946,S,MARYLAND AVE,624,,,,,,,6,NONINCAPACITATING INJURY,1,0,0,1,0,0,0,23,7,9,41.7499025,-87.60407583,POINT (-87.604075829976 41.749902497495)
JC452525,,9/28/2019 23:50,30,TRAFFIC SIGNAL,FUNCTIONING PROPERLY,CLEAR,"DARKNESS, LIGHTED ROAD",TURNING,FOUR WAY,,STRAIGHT AND LEVEL,DRY,NO DEFECTS,ON SCENE,INJURY AND / OR TOW DUE TO CRASH,Y,,,"OVER $1,500",9/28/2019 23:53,FAILING TO YIELD RIGHT-OF-WAY,NOT APPLICABLE,100,N,HAMLIN BLVD,1122,,,,,,,2,NONINCAPACITATING INJURY,2,0,0,1,1,5,0,23,7,9,41.88194948,-87.7209688,POINT (-87.720968802268 41.881949477729)
JC452521,,9/28/2019 23:50,30,NO CONTROLS,NO CONTROLS,CLEAR,"DARKNESS, LIGHTED ROAD",ANGLE,NOT DIVIDED,,STRAIGHT AND LEVEL,DRY,UNKNOWN,ON SCENE,NO INJURY / DRIVE AWAY,,,,"OVER $1,500",9/28/2019 23:55,FAILING TO REDUCE SPEED TO AVOID CRASH,UNABLE TO DETERMINE,251,N,ST LOUIS AVE,1123,,,,,,,2,NO INDICATION OF INJURY,0,0,0,0,0,2,0,23,7,9,41.88627922,-87.71345641,POINT (-87.713456406499 41.886279215701)
JC452533,,9/28/2019 23:45,30,NO CONTROLS,NO CONTROLS,CLEAR,DARKNESS,PARKED MOTOR VEHICLE,ONE-WAY,,STRAIGHT AND LEVEL,DRY,NO DEFECTS,ON SCENE,INJURY AND / OR TOW DUE TO CRASH,,,Y,"OVER $1,500",9/28/2019 23:52,UNABLE TO DETERMINE,NOT APPLICABLE,6254,N,ROCKWELL ST,2413,N,,,,,,3,NO INDICATION OF INJURY,0,0,0,0,0,2,0,23,7,9,41.99563527,-87.69484392,POINT (-87.69484392368 41.995635271191)
JC452645,,9/28/2019 23:40,30,NO CONTROLS,NO CONTROLS,CLEAR,"DARKNESS, LIGHTED ROAD",FIXED OBJECT,DIVIDED - W/MEDIAN (NOT RAISED),,STRAIGHT AND LEVEL,DRY,UNKNOWN,NOT ON SCENE (DESK REPORT),NO INJURY / DRIVE AWAY,,,,"OVER $1,500",9/29/2019 3:17,UNABLE TO DETERMINE,UNABLE TO DETERMINE,631,W,63RD ST,723,,,,,,,1,NO INDICATION OF INJURY,0,0,0,0,0,1,0,23,7,9,41.77969932,-87.64100459,POINT (-87.641004586766 41.779699320407)
JC452576,,9/28/2019 23:35,30,TRAFFIC SIGNAL,FUNCTIONING PROPERLY,CLEAR,"DARKNESS, LIGHTED ROAD",TURNING,DIVIDED - W/MEDIAN (NOT RAISED),,STRAIGHT AND LEVEL,DRY,NO DEFECTS,NOT ON SCENE (DESK REPORT),NO INJURY / DRIVE AWAY,,,,"OVER $1,500",9/29/2019 1:05,UNABLE TO DETERMINE,UNABLE TO DETERMINE,7100,S,KEDZIE AVE,831,,,,,,,2,NO INDICATION OF INJURY,0,0,0,0,0,3,0,23,7,9,41.76429504,-87.70295716,POINT (-87.702957162118 41.764295036757)
JC452553,,9/28/2019 23:30,30,TRAFFIC SIGNAL,FUNCTIONING PROPERLY,CLEAR,"DARKNESS, LIGHTED ROAD",ANGLE,OTHER,,STRAIGHT AND LEVEL,DRY,NO DEFECTS,NOT ON SCENE (DESK REPORT),NO INJURY / DRIVE AWAY,Y,,,"OVER $1,500",9/29/2019 0:40,UNABLE TO DETERMINE,NOT APPLICABLE,340,W,OHIO ST,1831,,,,,,,2,NO INDICATION OF INJURY,0,0,0,0,0,3,0,23,7,9,41.89244415,-87.63720038,POINT (-87.637200379783 41.892444152118)
JC452952,,9/28/2019 23:25,10,NO CONTROLS,NO CONTROLS,CLEAR,DARKNESS,PARKED MOTOR VEHICLE,PARKING LOT,,STRAIGHT AND LEVEL,WET,NO DEFECTS,NOT ON SCENE (DESK REPORT),NO INJURY / DRIVE AWAY,,,,"$501 - $1,500",9/29/2019 12:05,UNABLE TO DETERMINE,UNABLE TO DETERMINE,7858,S,ASHLAND AVE,611,,,,,,,2,NO INDICATION OF INJURY,0,0,0,0,0,1,0,23,7,9,41.75044455,-87.6635876,POINT (-87.663587602693 41.750444546457)
JC452565,,9/28/2019 23:22,30,NO CONTROLS,NO CONTROLS,CLEAR,"DARKNESS, LIGHTED ROAD",PARKED MOTOR VEHICLE,NOT DIVIDED,,STRAIGHT AND LEVEL,DRY,NO DEFECTS,NOT ON SCENE (DESK REPORT),NO INJURY / DRIVE AWAY,,,,"OVER $1,500",9/29/2019 0:20,UNABLE TO DETERMINE,NOT APPLICABLE,180,N,MORGAN ST,1224,,,,,,,2,NO INDICATION OF INJURY,0,0,0,0,0,1,0,23,7,9,41.88546712,-87.65228392,POINT (-87.652283917324 41.88546712445)
JC452500,,9/28/2019 23:18,30,NO CONTROLS,NO CONTROLS,CLEAR,"DARKNESS, LIGHTED ROAD",PARKED MOTOR VEHICLE,ONE-WAY,,STRAIGHT AND LEVEL,DRY,NO DEFECTS,ON SCENE,INJURY AND / OR TOW DUE TO CRASH,,,Y,"OVER $1,500",9/28/2019 23:18,UNABLE TO DETERMINE,FAILING TO REDUCE SPEED TO AVOID CRASH,214,N,CLINTON ST,1214,,,,,,,2,NO INDICATION OF INJURY,0,0,0,0,0,2,0,23,7,9,41.88622144,-87.6414676,POINT (-87.641467595987 41.886221438416)
JC452495,,9/28/2019 23:10,30,NO CONTROLS,NO CONTROLS,CLEAR,"DARKNESS, LIGHTED ROAD",REAR END,DIVIDED - W/MEDIAN (NOT RAISED),,STRAIGHT AND LEVEL,DRY,OTHER,NOT ON SCENE (DESK REPORT),NO INJURY / DRIVE AWAY,,,Y,"OVER $1,500",9/28/2019 23:36,FOLLOWING TOO CLOSELY,NOT APPLICABLE,2639,N,SACRAMENTO AVE,1411,,,,,,,2,NO INDICATION OF INJURY,0,0,0,0,0,4,0,23,7,9,41.92982035,-87.70231322,POINT (-87.702313223283 41.929820353497)
JC453624,,9/28/2019 23:05,35,STOP SIGN/FLASHER,FUNCTIONING PROPERLY,CLEAR,"DARKNESS, LIGHTED ROAD",REAR END,DIVIDED - W/MEDIAN (NOT RAISED),,STRAIGHT AND LEVEL,DRY,NO DEFECTS,NOT ON SCENE (DESK REPORT),NO INJURY / DRIVE AWAY,,,,"OVER $1,500",9/29/2019 22:30,DRIVING SKILLS/KNOWLEDGE/EXPERIENCE,NOT APPLICABLE,220,E,35TH ST,211,,,,,,,2,NO INDICATION OF INJURY,0,0,0,0,0,2,0,23,7,9,41.83117804,-87.6208652,POINT (-87.62086520032 41.831178035793)
JC452496,,9/28/2019 23:05,30,TRAFFIC SIGNAL,FUNCTIONING PROPERLY,CLEAR,"DARKNESS, LIGHTED ROAD",REAR END,ONE-WAY,,STRAIGHT AND LEVEL,DRY,NO DEFECTS,ON SCENE,INJURY AND / OR TOW DUE TO CRASH,,,,"OVER $1,500",9/28/2019 23:12,PHYSICAL CONDITION OF DRIVER,FOLLOWING TOO CLOSELY,6434,W,GREGORY ST,1613,,,,,,,2,NO INDICATION OF INJURY,0,0,0,0,0,3,0,23,7,9,41.98215638,-87.78910386,POINT (-87.789103856167 41.98215638068)
JC460478,,9/28/2019 23:00,30,NO CONTROLS,NO CONTROLS,CLEAR,"DARKNESS, LIGHTED ROAD",PARKED MOTOR VEHICLE,PARKING LOT,,STRAIGHT AND LEVEL,DRY,NO DEFECTS,NOT ON SCENE (DESK REPORT),NO INJURY / DRIVE AWAY,,,,"OVER $1,500",10/4/2019 23:18,IMPROPER BACKING,NOT APPLICABLE,1717,W,PERSHING RD,924,,,,,,,2,NO INDICATION OF INJURY,0,0,0,0,0,1,0,23,7,9,41.82308192,-87.66850798,POINT (-87.668507979793 41.823081921101)
JC453314,,9/28/2019 23:00,30,NO CONTROLS,NO CONTROLS,CLEAR,"DARKNESS, LIGHTED ROAD",PARKED MOTOR VEHICLE,DIVIDED - W/MEDIAN (NOT RAISED),,STRAIGHT AND LEVEL,DRY,NO DEFECTS,NOT ON SCENE (DESK REPORT),NO INJURY / DRIVE AWAY,,,,$500 OR LESS,9/29/2019 17:00,UNABLE TO DETERMINE,NOT APPLICABLE,3350,N,SHEFFIELD AVE,1924,,,,,,,2,NO INDICATION OF INJURY,0,0,0,0,0,2,0,23,7,9,41.94324977,-87.65435515,POINT (-87.654355146667 41.943249769608)
JC452811,,9/28/2019 23:00,30,TRAFFIC SIGNAL,FUNCTIONING PROPERLY,CLEAR,UNKNOWN,REAR END,DIVIDED - W/MEDIAN BARRIER,,STRAIGHT AND LEVEL,DRY,NO DEFECTS,NOT ON SCENE (DESK REPORT),NO INJURY / DRIVE AWAY,,,Y,"OVER $1,500",9/29/2019 9:30,UNABLE TO DETERMINE,NOT APPLICABLE,200,S,LOWER WACKER DR,122,,,,,,,2,NO INDICATION OF INJURY,0,0,0,0,0,2,0,23,7,9,41.87931428,-87.63713818,POINT (-87.63713818324 41.879314281556)
JC452480,,9/28/2019 23:00,30,TRAFFIC SIGNAL,FUNCTIONING PROPERLY,CLEAR,"DARKNESS, LIGHTED ROAD",REAR END,NOT DIVIDED,,STRAIGHT AND LEVEL,DRY,NO DEFECTS,ON SCENE,NO INJURY / DRIVE AWAY,Y,,,"OVER $1,500",9/28/2019 23:02,DISTRACTION - FROM INSIDE VEHICLE,FOLLOWING TOO CLOSELY,11901,S,STATE ST,532,,,,,,,2,NO INDICATION OF INJURY,0,0,0,0,0,3,0,23,7,9,41.67798367,-87.62251007,POINT (-87.622510067741 41.677983668936)
JC452486,,9/28/2019 22:58,30,NO CONTROLS,NO CONTROLS,CLEAR,"DARKNESS, LIGHTED ROAD",PARKED MOTOR VEHICLE,DIVIDED - W/MEDIAN BARRIER,,STRAIGHT AND LEVEL,DRY,NO DEFECTS,ON SCENE,INJURY AND / OR TOW DUE TO CRASH,,,,"OVER $1,500",9/28/2019 23:05,UNABLE TO DETERMINE,UNABLE TO DETERMINE,1244,N,ASHLAND AVE,1433,,,,,,,3,NONINCAPACITATING INJURY,1,0,0,1,0,0,0,22,7,9,41.90452396,-87.66767409,POINT (-87.667674090118 41.904523957403)
JC452526,,9/28/2019 22:42,30,TRAFFIC SIGNAL,FUNCTIONING PROPERLY,CLEAR,"DARKNESS, LIGHTED ROAD",TURNING,FOUR WAY,,STRAIGHT AND LEVEL,DRY,NO DEFECTS,ON SCENE,NO INJURY / DRIVE AWAY,Y,,,"OVER $1,500",9/28/2019 22:52,UNABLE TO DETERMINE,UNABLE TO DETERMINE,7100,S,KEDZIE AVE,831,,,,,,,2,NO INDICATION OF INJURY,0,0,0,0,0,3,0,22,7,9,41.76429504,-87.70295716,POINT (-87.702957162118 41.764295036757)
JC452464,,9/28/2019 22:38,30,TRAFFIC SIGNAL,FUNCTIONING PROPERLY,CLOUDY/OVERCAST,DARKNESS,TURNING,FOUR WAY,,STRAIGHT AND LEVEL,DRY,NO DEFECTS,ON SCENE,INJURY AND / OR TOW DUE TO CRASH,,,,"OVER $1,500",9/28/2019 22:38,IMPROPER TURNING/NO SIGNAL,FAILING TO YIELD RIGHT-OF-WAY,902,S,PULASKI RD,1132,,,,,,,2,NONINCAPACITATING INJURY,1,0,0,1,0,2,0,22,7,9,41.86981304,-87.72545645,POINT (-87.725456445345 41.869813043345)
JC453444,,9/28/2019 22:30,30,NO CONTROLS,NO CONTROLS,CLEAR,"DARKNESS, LIGHTED ROAD",REAR END,NOT DIVIDED,,STRAIGHT AND LEVEL,DRY,NO DEFECTS,NOT ON SCENE (DESK REPORT),NO INJURY / DRIVE AWAY,,,,"OVER $1,500",9/29/2019 19:25,UNABLE TO DETERMINE,UNABLE TO DETERMINE,3632,S,ARCHER AVE,912,,,,,,,2,NO INDICATION OF INJURY,0,0,0,0,0,2,0,22,7,9,41.82777759,-87.6821362,POINT (-87.682136199171 41.827777588264)
JC453191,,9/28/2019 22:30,30,NO CONTROLS,NO CONTROLS,CLEAR,DARKNESS,REAR END,NOT DIVIDED,,STRAIGHT AND LEVEL,DRY,UNKNOWN,NOT ON SCENE (DESK REPORT),NO INJURY / DRIVE AWAY,,,,"OVER $1,500",9/29/2019 15:44,UNABLE TO DETERMINE,UNABLE TO DETERMINE,4500,S,CICERO AVE,814,,,,,,,2,NO INDICATION OF INJURY,0,0,0,0,0,2,0,22,7,9,41.81118031,-87.74339852,POINT (-87.743398517829 41.811180312644)
JC452578,,9/28/2019 22:20,30,TRAFFIC SIGNAL,FUNCTIONING PROPERLY,CLEAR,"DARKNESS, LIGHTED ROAD",REAR END,DIVIDED - W/MEDIAN (NOT RAISED),,STRAIGHT AND LEVEL,DRY,NO DEFECTS,NOT ON SCENE (DESK REPORT),NO INJURY / DRIVE AWAY,,,Y,"OVER $1,500",9/29/2019 1:15,FAILING TO REDUCE SPEED TO AVOID CRASH,UNABLE TO DETERMINE,7900,S,PULASKI RD,834,,,,,,,2,NO INDICATION OF INJURY,0,0,0,0,0,2,0,22,7,9,41.749339,-87.72205209,POINT (-87.722052090915 41.749339000082)
JC452457,,9/28/2019 22:20,30,NO CONTROLS,NO CONTROLS,CLEAR,"DARKNESS, LIGHTED ROAD",PARKED MOTOR VEHICLE,ONE-WAY,,STRAIGHT AND LEVEL,DRY,NO DEFECTS,ON SCENE,INJURY AND / OR TOW DUE TO CRASH,,,,"OVER $1,500",9/28/2019 22:24,UNABLE TO DETERMINE,UNABLE TO DETERMINE,5801,S,NEENAH AVE,811,,,,,,,2,NO INDICATION OF INJURY,0,0,0,0,0,2,0,22,7,9,41.78669443,-87.78511654,POINT (-87.785116539994 41.786694429002)
JC452452,,9/28/2019 22:12,25,NO CONTROLS,NO CONTROLS,CLEAR,"DARKNESS, LIGHTED ROAD",SIDESWIPE OPPOSITE DIRECTION,NOT DIVIDED,,STRAIGHT AND LEVEL,DRY,NO DEFECTS,NOT ON SCENE (DESK REPORT),NO INJURY / DRIVE AWAY,,,,"OVER $1,500",9/28/2019 22:12,NOT APPLICABLE,NOT APPLICABLE,821,W,WAVELAND AVE,1923,,,,,,,2,NO INDICATION OF INJURY,0,0,0,0,0,2,0,22,7,9,41.94899509,-87.65041069,POINT (-87.65041068708 41.948995087482)
JC452459,,9/28/2019 22:10,30,NO CONTROLS,NO CONTROLS,CLEAR,"DARKNESS, LIGHTED ROAD",OTHER OBJECT,UNKNOWN INTERSECTION TYPE,,STRAIGHT AND LEVEL,DRY,NO DEFECTS,NOT ON SCENE (DESK REPORT),NO INJURY / DRIVE AWAY,,,,"$501 - $1,500",9/28/2019 22:22,EQUIPMENT - VEHICLE CONDITION,EQUIPMENT - VEHICLE CONDITION,700,W,83RD ST,622,,,,,,,1,NO INDICATION OF INJURY,0,0,0,0,0,1,0,22,7,9,41.74350139,-87.64187955,POINT (-87.641879548276 41.743501393885)
JC455351,,9/28/2019 22:00,30,UNKNOWN,UNKNOWN,UNKNOWN,UNKNOWN,REAR END,UNKNOWN,,STRAIGHT AND LEVEL,UNKNOWN,UNKNOWN,NOT ON SCENE (DESK REPORT),NO INJURY / DRIVE AWAY,,,,"OVER $1,500",10/1/2019 9:10,UNABLE TO DETERMINE,NOT APPLICABLE,7902,S,STONY ISLAND AVE,411,,,,,,,2,NO INDICATION OF INJURY,0,0,0,0,0,2,0,22,7,9,41.75133363,-87.5859742,POINT (-87.585974198787 41.751333633499)
JC452939,,9/28/2019 22:00,30,TRAFFIC SIGNAL,FUNCTIONING PROPERLY,CLEAR,"DARKNESS, LIGHTED ROAD",FIXED OBJECT,NOT DIVIDED,,STRAIGHT AND LEVEL,WET,"RUT, HOLES",NOT ON SCENE (DESK REPORT),NO INJURY / DRIVE AWAY,,,,"OVER $1,500",9/29/2019 12:00,UNABLE TO DETERMINE,UNABLE TO DETERMINE,4800,N,MILWAUKEE AVE,1623,,,,,,,1,NO INDICATION OF INJURY,0,0,0,0,0,1,0,22,7,9,41.9678444,-87.76089754,POINT (-87.760897541125 41.967844398521)
JC452506,,9/28/2019 22:00,30,STOP SIGN/FLASHER,OTHER,CLEAR,"DARKNESS, LIGHTED ROAD",REAR END,NOT DIVIDED,,STRAIGHT AND LEVEL,DRY,NO DEFECTS,NOT ON SCENE (DESK REPORT),NO INJURY / DRIVE AWAY,Y,,,$500 OR LESS,9/28/2019 23:45,UNABLE TO DETERMINE,NOT APPLICABLE,1400,N,WELLS ST,1821,,,,,,,2,NO INDICATION OF INJURY,0,0,0,0,0,3,0,22,7,9,41.90773848,-87.63475462,POINT (-87.634754618366 41.907738477358)
JC452443,,9/28/2019 22:00,25,NO CONTROLS,NO CONTROLS,CLEAR,DARKNESS,PARKED MOTOR VEHICLE,NOT DIVIDED,,STRAIGHT AND LEVEL,DRY,NO DEFECTS,ON SCENE,INJURY AND / OR TOW DUE TO CRASH,,,Y,"$501 - $1,500",9/28/2019 22:03,FAILING TO REDUCE SPEED TO AVOID CRASH,"OPERATING VEHICLE IN ERRATIC, RECKLESS, CARELESS, NEGLIGENT OR AGGRESSIVE MANNER",4023,W,WILSON AVE,1722,,,,,,,2,NO INDICATION OF INJURY,0,0,0,0,0,4,0,22,7,9,41.96397274,-87.72889469,POINT (-87.728894688971 41.963972736308)
JC453215,,9/28/2019 21:55,30,NO CONTROLS,NO CONTROLS,CLEAR,DUSK,REAR END,NOT DIVIDED,,STRAIGHT AND LEVEL,DRY,NO DEFECTS,NOT ON SCENE (DESK REPORT),NO INJURY / DRIVE AWAY,,,Y,"$501 - $1,500",9/29/2019 15:56,NOT APPLICABLE,NOT APPLICABLE,2239,W,FULLERTON AVE,1432,,,,,,,2,NO INDICATION OF INJURY,0,0,0,0,0,2,0,21,7,9,41.924837,-87.68433707,POINT (-87.684337074026 41.924837001329)
JC452440,,9/28/2019 21:55,35,TRAFFIC SIGNAL,FUNCTIONING PROPERLY,CLEAR,"DARKNESS, LIGHTED ROAD",REAR END,DIVIDED - W/MEDIAN (NOT RAISED),,STRAIGHT AND LEVEL,DRY,NO DEFECTS,ON SCENE,NO INJURY / DRIVE AWAY,,,Y,"$501 - $1,500",9/28/2019 22:07,FAILING TO REDUCE SPEED TO AVOID CRASH,NOT APPLICABLE,3500,S,WENTWORTH AVE,915,,,,,,,3,NO INDICATION OF INJURY,0,0,0,0,0,3,0,21,7,9,41.83092244,-87.63165052,POINT (-87.631650518377 41.830922441769)
JC452424,,9/28/2019 21:35,30,NO CONTROLS,NO CONTROLS,CLEAR,"DARKNESS, LIGHTED ROAD",PARKED MOTOR VEHICLE,NOT DIVIDED,,STRAIGHT AND LEVEL,DRY,NO DEFECTS,ON SCENE,NO INJURY / DRIVE AWAY,,,Y,"$501 - $1,500",9/28/2019 21:36,UNABLE TO DETERMINE,UNABLE TO DETERMINE,301,W,MONTROSE HARBOR DR,1915,,,,,,,2,NO INDICATION OF INJURY,0,0,0,0,0,1,0,21,7,9,41.96207381,-87.6347422,POINT (-87.634742196679 41.96207381355)
JC458996,,9/28/2019 21:30,30,TRAFFIC SIGNAL,FUNCTIONING PROPERLY,CLEAR,"DARKNESS, LIGHTED ROAD",OTHER NONCOLLISION,"FIVE POINT, OR MORE",,STRAIGHT AND LEVEL,DRY,"RUT, HOLES",NOT ON SCENE (DESK REPORT),NO INJURY / DRIVE AWAY,Y,,,"$501 - $1,500",10/3/2019 19:00,ROAD CONSTRUCTION/MAINTENANCE,ROAD CONSTRUCTION/MAINTENANCE,2800,N,DAMEN AVE,1931,,,,,,,1,NO INDICATION OF INJURY,0,0,0,0,0,1,0,21,7,9,41.93232949,-87.67828272,POINT (-87.678282719314 41.932329494099)
JC452479,,9/28/2019 21:30,30,NO CONTROLS,NO CONTROLS,CLEAR,"DARKNESS, LIGHTED ROAD",PARKED MOTOR VEHICLE,NOT DIVIDED,,STRAIGHT AND LEVEL,DRY,NO DEFECTS,NOT ON SCENE (DESK REPORT),NO INJURY / DRIVE AWAY,,,Y,"OVER $1,500",9/28/2019 23:00,UNABLE TO DETERMINE,NOT APPLICABLE,620,N,STATE ST,1832,,,,,,,3,NO INDICATION OF INJURY,0,0,0,0,0,1,0,21,7,9,41.89306252,-87.62826529,POINT (-87.628265287614 41.893062524459)
JC452434,,9/28/2019 21:30,30,TRAFFIC SIGNAL,FUNCTIONING PROPERLY,CLEAR,DUSK,REAR TO SIDE,DIVIDED - W/MEDIAN BARRIER,,STRAIGHT AND LEVEL,DRY,NO DEFECTS,ON SCENE,INJURY AND / OR TOW DUE TO CRASH,Y,,,"OVER $1,500",9/28/2019 21:48,EQUIPMENT - VEHICLE CONDITION,NOT APPLICABLE,3017,W,DIVISION ST,1211,,Y,,,,,2,NO INDICATION OF INJURY,0,0,0,0,0,2,0,21,7,9,41.90276546,-87.70237267,POINT (-87.702372667567 41.902765460453)
JC453206,Y,9/28/2019 21:00,20,NO CONTROLS,NO CONTROLS,UNKNOWN,"DARKNESS, LIGHTED ROAD",PARKED MOTOR VEHICLE,NOT DIVIDED,,STRAIGHT AND LEVEL,UNKNOWN,NO DEFECTS,NOT ON SCENE (DESK REPORT),NO INJURY / DRIVE AWAY,,,Y,"$501 - $1,500",9/29/2019 15:45,UNABLE TO DETERMINE,NOT APPLICABLE,5047,N,CALIFORNIA AVE,2031,,,,,,,2,NO INDICATION OF INJURY,0,0,0,0,0,1,0,21,7,9,41.97357851,-87.69870565,POINT (-87.698705652624 41.973578513244)
JC452920,,9/28/2019 21:00,30,NO CONTROLS,NO CONTROLS,RAIN,"DARKNESS, LIGHTED ROAD",OTHER OBJECT,NOT DIVIDED,,STRAIGHT AND LEVEL,WET,"RUT, HOLES",NOT ON SCENE (DESK REPORT),NO INJURY / DRIVE AWAY,,,,"OVER $1,500",9/29/2019 11:40,ROAD ENGINEERING/SURFACE/MARKING DEFECTS,NOT APPLICABLE,3855,W,LAWRENCE AVE,1723,,,,,,,1,NO INDICATION OF INJURY,0,0,0,0,0,1,0,21,7,9,41.96816126,-87.72537704,POINT (-87.725377041999 41.968161254639)
JC452414,,9/28/2019 21:00,30,NO CONTROLS,NO CONTROLS,CLEAR,"DARKNESS, LIGHTED ROAD",PARKED MOTOR VEHICLE,PARKING LOT,,STRAIGHT AND LEVEL,DRY,NO DEFECTS,NOT ON SCENE (DESK REPORT),NO INJURY / DRIVE AWAY,,,,"$501 - $1,500",9/28/2019 21:45,IMPROPER BACKING,IMPROPER BACKING,6525,W,DIVERSEY AVE,2512,,,,,,,2,NO INDICATION OF INJURY,0,0,0,0,0,1,0,21,7,9,41.93083392,-87.78913379,POINT (-87.789133787544 41.93083391524)
JC453241,,9/28/2019 20:55,30,NO CONTROLS,NO CONTROLS,CLEAR,DARKNESS,REAR END,NOT DIVIDED,,STRAIGHT AND LEVEL,WET,NO DEFECTS,NOT ON SCENE (DESK REPORT),NO INJURY / DRIVE AWAY,,,,"$501 - $1,500",9/29/2019 16:20,FOLLOWING TOO CLOSELY,UNABLE TO DETERMINE,6755,N,CLARK ST,2432,,,,,,,2,NO INDICATION OF INJURY,0,0,0,0,0,2,0,20,7,9,42.00512982,-87.67288009,POINT (-87.672880086128 42.00512981707)