RD_NO,CRASH_DATE_EST_I,CRASH_DATE,POSTED_SPEED_LIMIT,TRAFFIC_CONTROL_DEVICE,DEVICE_CONDITION,WEATHER_CONDITION,LIGHTING_CONDITION,FIRST_CRASH_TYPE,TRAFFICWAY_TYPE,LANE_CNT,ALIGNMENT,ROADWAY_SURFACE_COND,ROAD_DEFECT,REPORT_TYPE,CRASH_TYPE,INTERSECTION_RELATED_I,NOT_RIGHT_OF_WAY_I,HIT_AND_RUN_I,DAMAGE,DATE_POLICE_NOTIFIED,PRIM_CONTRIBUTORY_CAUSE,SEC_CONTRIBUTORY_CAUSE,STREET_NO,STREET_DIRECTION,STREET_NAME,BEAT_OF_OCCURRENCE,PHOTOS_TAKEN_I,STATEMENTS_TAKEN_I,DOORING_I,WORK_ZONE_I,WORK_ZONE_TYPE,WORKERS_PRESENT_I,NUM_UNITS,MOST_SEVERE_INJURY,INJURIES_TOTAL,INJURIES_FATAL,INJURIES_INCAPACITATING,INJURIES_NON_INCAPACITATING,INJURIES_REPORTED_NOT_EVIDENT,INJURIES_NO_INDICATION,INJURIES_UNKNOWN,CRASH_HOUR,CRASH_DAY_OF_WEEK,CRASH_MONTH,LATITUDE,LONGITUDE,LOCATION
JC452395,,9/28/2019 20:52,30,TRAFFIC SIGNAL,FUNCTIONING PROPERLY,CLEAR,"DARKNESS, LIGHTED ROAD",ANGLE,DIVIDED - W/MEDIAN BARRIER,,STRAIGHT AND LEVEL,DRY,NO DEFECTS,ON SCENE,INJURY AND / OR TOW DUE TO CRASH,Y,,,"OVER $1,500",9/28/2019 20:53,DISREGARDING TRAFFIC SIGNALS,FAILING TO REDUCE SPEED TO AVOID CRASH,8658,S,HALSTED ST,613,,,,,,,4,INCAPACITATING INJURY,6,0,1,5,0,0,0,20,7,9,41.73596522,-87.64376495,POINT (-87.64376494494 41.735965217543)
JC455779,,9/28/2019 20:50,30,NO CONTROLS,NO CONTROLS,CLEAR,"DARKNESS, LIGHTED ROAD",SIDESWIPE SAME DIRECTION,NOT DIVIDED,,STRAIGHT AND LEVEL,DRY,NO DEFECTS,NOT ON SCENE (DESK REPORT),NO INJURY / DRIVE AWAY,,,,"$501 - $1,500",10/1/2019 14:20,UNABLE TO DETERMINE,UNABLE TO DETERMINE,8000,S,STONY ISLAND AVE,411,,,,,,,2,NO INDICATION OF INJURY,0,0,0,0,0,2,0,20,7,9,41.74969958,-87.58595724,POINT (-87.585957241503 41.749699576791)
JC452426,,9/28/2019 20:37,30,UNKNOWN,NO CONTROLS,UNKNOWN,"DARKNESS, LIGHTED ROAD",PARKED MOTOR VEHICLE,NOT DIVIDED,,STRAIGHT AND LEVEL,DRY,NO DEFECTS,NOT ON SCENE (DESK REPORT),INJURY AND / OR TOW DUE TO CRASH,,,,"OVER $1,500",9/28/2019 20:39,HAD BEEN DRINKING (USE WHEN ARREST IS NOT MADE),IMPROPER LANE USAGE,12145,S,MICHIGAN AVE,532,,,,,,,3,NO INDICATION OF INJURY,0,0,0,0,0,1,0,20,7,9,41.6730768,-87.62021625,POINT (-87.620216251405 41.673076797324)
JC452389,,9/28/2019 20:30,30,TRAFFIC SIGNAL,FUNCTIONING PROPERLY,CLEAR,"DARKNESS, LIGHTED ROAD",REAR END,DIVIDED - W/MEDIAN BARRIER,,STRAIGHT AND LEVEL,DRY,NO DEFECTS,ON SCENE,INJURY AND / OR TOW DUE TO CRASH,Y,,,"$501 - $1,500",9/28/2019 20:36,FAILING TO REDUCE SPEED TO AVOID CRASH,FOLLOWING TOO CLOSELY,150,W,GARFIELD BLVD,225,,,,,,,2,NONINCAPACITATING INJURY,1,0,0,1,0,1,0,20,7,9,41.79469264,-87.62961429,POINT (-87.629614287085 41.794692642301)
JC452350,,9/28/2019 20:20,30,NO CONTROLS,NO CONTROLS,CLEAR,"DARKNESS, LIGHTED ROAD",PARKED MOTOR VEHICLE,DIVIDED - W/MEDIAN BARRIER,,STRAIGHT AND LEVEL,DRY,NO DEFECTS,ON SCENE,NO INJURY / DRIVE AWAY,,,Y,"OVER $1,500",9/28/2019 20:28,UNABLE TO DETERMINE,IMPROPER OVERTAKING/PASSING,1125,N,ASHLAND AVE,1213,,,,,,,2,NO INDICATION OF INJURY,0,0,0,0,0,1,0,20,7,9,41.90228806,-87.66731898,POINT (-87.667318980371 41.902288058472)
JC452439,,9/28/2019 20:15,30,TRAFFIC SIGNAL,UNKNOWN,CLEAR,"DARKNESS, LIGHTED ROAD",SIDESWIPE SAME DIRECTION,FOUR WAY,,STRAIGHT AND LEVEL,UNKNOWN,UNKNOWN,NOT ON SCENE (DESK REPORT),NO INJURY / DRIVE AWAY,Y,,Y,"OVER $1,500",9/28/2019 22:00,IMPROPER OVERTAKING/PASSING,UNABLE TO DETERMINE,105,E,SOUTH WATER ST,114,,,,,,,2,NO INDICATION OF INJURY,0,0,0,0,0,3,0,20,7,9,41.88670092,-87.62434791,POINT (-87.624347909338 41.886700916592)
JC452342,,9/28/2019 20:15,30,NO CONTROLS,NO CONTROLS,CLEAR,"DARKNESS, LIGHTED ROAD",TURNING,DIVIDED - W/MEDIAN (NOT RAISED),,STRAIGHT AND LEVEL,DRY,NO DEFECTS,ON SCENE,INJURY AND / OR TOW DUE TO CRASH,,,,"OVER $1,500",9/28/2019 20:20,UNABLE TO DETERMINE,UNABLE TO DETERMINE,3332,W,ADDISON ST,1733,,,,,,,2,NO INDICATION OF INJURY,0,0,0,0,0,2,0,20,7,9,41.94669195,-87.71163728,POINT (-87.711637281766 41.946691948442)
JC452388,,9/28/2019 20:02,30,NO CONTROLS,NO CONTROLS,CLEAR,DARKNESS,SIDESWIPE SAME DIRECTION,NOT DIVIDED,,STRAIGHT AND LEVEL,DRY,NO DEFECTS,NOT ON SCENE (DESK REPORT),NO INJURY / DRIVE AWAY,,,,"OVER $1,500",9/28/2019 21:00,UNABLE TO DETERMINE,UNABLE TO DETERMINE,5113,W,LAWRENCE AVE,1623,,,,,,,2,NO INDICATION OF INJURY,0,0,0,0,0,3,0,20,7,9,41.9678211,-87.75548822,POINT (-87.755488217652 41.967821102322)
JC452793,Y,9/28/2019 20:00,20,NO CONTROLS,NO CONTROLS,RAIN,UNKNOWN,PARKED MOTOR VEHICLE,ONE-WAY,,STRAIGHT AND LEVEL,UNKNOWN,NO DEFECTS,ON SCENE,INJURY AND / OR TOW DUE TO CRASH,,,Y,"$501 - $1,500",9/29/2019 9:23,UNABLE TO DETERMINE,NOT APPLICABLE,5827,S,ARTESIAN AVE,824,,,,,,,3,NO INDICATION OF INJURY,0,0,0,0,0,1,0,20,7,9,41.7875442,-87.68493824,POINT (-87.68493823781 41.787544204248)
JC452423,,9/28/2019 20:00,15,NO CONTROLS,NO CONTROLS,CLEAR,"DARKNESS, LIGHTED ROAD",PARKED MOTOR VEHICLE,PARKING LOT,,STRAIGHT AND LEVEL,DRY,NO DEFECTS,ON SCENE,NO INJURY / DRIVE AWAY,,Y,Y,"OVER $1,500",9/28/2019 20:10,UNABLE TO DETERMINE,UNABLE TO DETERMINE,8095,S,CICERO AVE,834,,,,,,,2,NO INDICATION OF INJURY,0,0,0,0,0,1,0,20,7,9,41.74571023,-87.74109064,POINT (-87.741090643592 41.745710232144)
JC452358,,9/28/2019 20:00,25,NO CONTROLS,NO CONTROLS,CLEAR,"DARKNESS, LIGHTED ROAD",ANGLE,NOT DIVIDED,,STRAIGHT AND LEVEL,DRY,NO DEFECTS,NOT ON SCENE (DESK REPORT),NO INJURY / DRIVE AWAY,Y,,,"OVER $1,500",9/28/2019 20:40,FAILING TO YIELD RIGHT-OF-WAY,NOT APPLICABLE,2930,W,RASCHER AVE,2011,,,,,,,2,NO INDICATION OF INJURY,0,0,0,0,0,2,0,20,7,9,41.98047065,-87.70275359,POINT (-87.702753592586 41.980470650853)
JC452349,,9/28/2019 19:51,30,TRAFFIC SIGNAL,FUNCTIONING PROPERLY,CLEAR,"DARKNESS, LIGHTED ROAD",SIDESWIPE SAME DIRECTION,FOUR WAY,,STRAIGHT AND LEVEL,DRY,NO DEFECTS,NOT ON SCENE (DESK REPORT),NO INJURY / DRIVE AWAY,Y,,,"OVER $1,500",9/28/2019 20:26,"OPERATING VEHICLE IN ERRATIC, RECKLESS, CARELESS, NEGLIGENT OR AGGRESSIVE MANNER",UNABLE TO DETERMINE,11500,S,HALSTED ST,524,,,,,,,2,NO INDICATION OF INJURY,0,0,0,0,0,3,0,19,7,9,41.68502626,-87.64229737,POINT (-87.642297366963 41.685026256307)
JC452336,,9/28/2019 19:50,35,STOP SIGN/FLASHER,FUNCTIONING PROPERLY,CLEAR,"DARKNESS, LIGHTED ROAD",ANGLE,NOT DIVIDED,,STRAIGHT AND LEVEL,DRY,NO DEFECTS,ON SCENE,INJURY AND / OR TOW DUE TO CRASH,,,Y,"OVER $1,500",9/28/2019 19:50,DISREGARDING STOP SIGN,UNABLE TO DETERMINE,1098,S,SACRAMENTO BLVD,1134,,,,,,,2,NONINCAPACITATING INJURY,1,0,0,1,0,1,0,19,7,9,41.86830297,-87.70099039,POINT (-87.700990393556 41.868302968388)
JC452339,,9/28/2019 19:45,30,NO CONTROLS,NO CONTROLS,CLEAR,DARKNESS,SIDESWIPE SAME DIRECTION,ONE-WAY,,STRAIGHT AND LEVEL,DRY,NO DEFECTS,NOT ON SCENE (DESK REPORT),NO INJURY / DRIVE AWAY,,,,"$501 - $1,500",9/28/2019 20:21,UNABLE TO DETERMINE,NOT APPLICABLE,1210,E,MIDWAY PLAISANCE,235,,,,,,,2,NO INDICATION OF INJURY,0,0,0,0,0,2,0,19,7,9,41.78734947,-87.59587396,POINT (-87.595873963846 41.787349468138)
JC452326,,9/28/2019 19:45,20,NO CONTROLS,NO CONTROLS,CLEAR,"DARKNESS, LIGHTED ROAD",PEDALCYCLIST,T-INTERSECTION,,STRAIGHT AND LEVEL,DRY,NO DEFECTS,ON SCENE,INJURY AND / OR TOW DUE TO CRASH,,,,$500 OR LESS,9/28/2019 19:50,UNABLE TO DETERMINE,NOT APPLICABLE,1432,E,73RD ST,324,,,,,,,2,NONINCAPACITATING INJURY,1,0,0,1,0,1,0,19,7,9,41.76249386,-87.58954434,POINT (-87.589544340271 41.762493858088)
JC452761,,9/28/2019 19:44,30,NO CONTROLS,NO CONTROLS,CLEAR,DARKNESS,REAR END,NOT DIVIDED,,STRAIGHT AND LEVEL,WET,NO DEFECTS,NOT ON SCENE (DESK REPORT),NO INJURY / DRIVE AWAY,,,,"OVER $1,500",9/29/2019 7:59,FOLLOWING TOO CLOSELY,FAILING TO REDUCE SPEED TO AVOID CRASH,27,N,WACKER DR,122,,,,,,,2,NO INDICATION OF INJURY,0,0,0,0,0,2,0,19,7,9,41.88265323,-87.63663662,POINT (-87.636636620576 41.882653225268)
JC452357,,9/28/2019 19:30,30,TRAFFIC SIGNAL,FUNCTIONING PROPERLY,CLEAR,"DARKNESS, LIGHTED ROAD",REAR END,NOT DIVIDED,,STRAIGHT AND LEVEL,DRY,NO DEFECTS,NOT ON SCENE (DESK REPORT),NO INJURY / DRIVE AWAY,,,,"OVER $1,500",9/28/2019 20:10,FOLLOWING TOO CLOSELY,FOLLOWING TOO CLOSELY,3801,W,71ST ST,833,,,,,,,2,NO INDICATION OF INJURY,0,0,0,0,0,2,0,19,7,9,41.76405456,-87.71755226,POINT (-87.717552256075 41.76405455554)
JC452355,,9/28/2019 19:30,30,TRAFFIC SIGNAL,FUNCTIONING PROPERLY,CLEAR,"DARKNESS, LIGHTED ROAD",TURNING,NOT DIVIDED,,STRAIGHT AND LEVEL,DRY,NO DEFECTS,NOT ON SCENE (DESK REPORT),NO INJURY / DRIVE AWAY,Y,,,"OVER $1,500",9/28/2019 20:30,IMPROPER TURNING/NO SIGNAL,NOT APPLICABLE,909,N,MICHIGAN AVE,1833,,,,,,,2,NO INDICATION OF INJURY,0,0,0,0,0,3,0,19,7,9,41.89953903,-87.623989,POINT (-87.623989000326 41.899539027962)
JC452301,,9/28/2019 19:22,30,TRAFFIC SIGNAL,UNKNOWN,CLEAR,"DARKNESS, LIGHTED ROAD",TURNING,NOT DIVIDED,,STRAIGHT AND LEVEL,UNKNOWN,NO DEFECTS,ON SCENE,NO INJURY / DRIVE AWAY,,,,"$501 - $1,500",9/28/2019 19:22,UNABLE TO DETERMINE,NOT APPLICABLE,809,W,MADISON ST,1232,,,,,,,2,NO INDICATION OF INJURY,0,0,0,0,0,3,0,19,7,9,41.88166124,-87.6478083,POINT (-87.647808294796 41.881661243118)
JC452415,Y,9/28/2019 19:20,10,NO CONTROLS,NO CONTROLS,CLEAR,"DARKNESS, LIGHTED ROAD",PARKED MOTOR VEHICLE,PARKING LOT,,STRAIGHT AND LEVEL,DRY,NO DEFECTS,ON SCENE,NO INJURY / DRIVE AWAY,,,Y,"$501 - $1,500",9/28/2019 19:21,UNABLE TO DETERMINE,NOT APPLICABLE,8101,S,HALSTED ST,622,,,,,,,2,NO INDICATION OF INJURY,0,0,0,0,0,1,0,19,7,9,41.74691116,-87.64378413,POINT (-87.64378413237 41.746911154795)
JC452314,,9/28/2019 19:10,30,STOP SIGN/FLASHER,FUNCTIONING PROPERLY,CLEAR,DUSK,SIDESWIPE SAME DIRECTION,ONE-WAY,,STRAIGHT AND LEVEL,DRY,NO DEFECTS,NOT ON SCENE (DESK REPORT),NO INJURY / DRIVE AWAY,,,,"OVER $1,500",9/28/2019 19:46,IMPROPER LANE USAGE,FAILING TO YIELD RIGHT-OF-WAY,272,N,DEARBORN ST,111,,,,,,,2,NO INDICATION OF INJURY,0,0,0,0,0,2,0,19,7,9,41.88739555,-87.62968382,POINT (-87.629683818075 41.88739554626)
JC453636,,9/28/2019 19:00,30,NO CONTROLS,NO CONTROLS,CLEAR,"DARKNESS, LIGHTED ROAD",PARKED MOTOR VEHICLE,DIVIDED - W/MEDIAN (NOT RAISED),,STRAIGHT AND LEVEL,DRY,NO DEFECTS,NOT ON SCENE (DESK REPORT),NO INJURY / DRIVE AWAY,,,Y,"OVER $1,500",9/29/2019 23:15,UNABLE TO DETERMINE,NOT APPLICABLE,5507,S,MAY ST,712,,,,,,,2,NO INDICATION OF INJURY,0,0,0,0,0,1,0,19,7,9,41.79356542,-87.65349688,POINT (-87.65349687774 41.793565418726)
JC452407,,9/28/2019 19:00,30,TRAFFIC SIGNAL,FUNCTIONING PROPERLY,CLEAR,"DARKNESS, LIGHTED ROAD",REAR END,NOT DIVIDED,,STRAIGHT AND LEVEL,DRY,NO DEFECTS,NOT ON SCENE (DESK REPORT),NO INJURY / DRIVE AWAY,,,,"OVER $1,500",9/28/2019 21:00,IMPROPER TURNING/NO SIGNAL,FAILING TO REDUCE SPEED TO AVOID CRASH,500,N,STATE ST,1831,,,,,,,2,NO INDICATION OF INJURY,0,0,0,0,0,2,0,19,7,9,41.89090369,-87.62818612,POINT (-87.628186123483 41.890903690741)
JC452338,,9/28/2019 18:45,25,NO CONTROLS,NO CONTROLS,CLEAR,DUSK,PARKED MOTOR VEHICLE,L-INTERSECTION,,STRAIGHT AND LEVEL,DRY,NO DEFECTS,NOT ON SCENE (DESK REPORT),NO INJURY / DRIVE AWAY,,,,"$501 - $1,500",9/28/2019 20:26,NOT APPLICABLE,NOT APPLICABLE,742,N,KEDZIE AVE,1121,,,,,,,2,NO INDICATION OF INJURY,0,0,0,0,0,1,0,18,7,9,41.89500524,-87.70668689,POINT (-87.706686886939 41.895005238707)
JC452311,,9/28/2019 18:45,35,TRAFFIC SIGNAL,FUNCTIONING PROPERLY,CLEAR,"DARKNESS, LIGHTED ROAD",TURNING,FOUR WAY,,STRAIGHT AND LEVEL,DRY,NO DEFECTS,ON SCENE,INJURY AND / OR TOW DUE TO CRASH,Y,,Y,"OVER $1,500",9/28/2019 18:45,DISREGARDING TRAFFIC SIGNALS,NOT APPLICABLE,727,S,CICERO AVE,1131,,,,,,,2,NO INDICATION OF INJURY,0,0,0,0,0,4,0,18,7,9,41.87132965,-87.7447798,POINT (-87.744779803846 41.871329645284)
JC452329,,9/28/2019 18:40,30,NO CONTROLS,NO CONTROLS,CLEAR,DAYLIGHT,REAR END,NOT DIVIDED,,STRAIGHT AND LEVEL,DRY,NO DEFECTS,NOT ON SCENE (DESK REPORT),NO INJURY / DRIVE AWAY,,,,"OVER $1,500",9/28/2019 20:10,FOLLOWING TOO CLOSELY,NOT APPLICABLE,6520,W,IRVING PARK RD,1632,,,,,,,2,NO INDICATION OF INJURY,0,0,0,0,0,2,0,18,7,9,41.95297151,-87.78983076,POINT (-87.789830757009 41.952971509507)
JC452247,,9/28/2019 18:40,40,NO CONTROLS,NO CONTROLS,RAIN,"DARKNESS, LIGHTED ROAD",PARKED MOTOR VEHICLE,DIVIDED - W/MEDIAN BARRIER,,STRAIGHT AND LEVEL,WET,UNKNOWN,ON SCENE,INJURY AND / OR TOW DUE TO CRASH,,,,"OVER $1,500",9/28/2019 18:44,FAILING TO REDUCE SPEED TO AVOID CRASH,FAILING TO REDUCE SPEED TO AVOID CRASH,1109,W,GARFIELD BLVD,712,,,,,,,3,NO INDICATION OF INJURY,0,0,0,0,0,1,0,18,7,9,41.79371527,-87.65286004,POINT (-87.652860042551 41.793715267111)
JC452316,,9/28/2019 18:38,30,NO CONTROLS,NO CONTROLS,CLEAR,DUSK,PARKED MOTOR VEHICLE,NOT DIVIDED,,STRAIGHT AND LEVEL,DRY,NO DEFECTS,ON SCENE,NO INJURY / DRIVE AWAY,,,Y,"OVER $1,500",9/28/2019 18:41,UNABLE TO DETERMINE,NOT APPLICABLE,4331,S,VINCENNES AVE,221,,,,,,,2,NO INDICATION OF INJURY,0,0,0,0,0,1,0,18,7,9,41.8157499,-87.61390941,POINT (-87.613909413807 41.815749903264)
JC452256,,9/28/2019 18:35,35,NO CONTROLS,NO CONTROLS,CLEAR,"DARKNESS, LIGHTED ROAD",REAR END,DIVIDED - W/MEDIAN BARRIER,,STRAIGHT AND LEVEL,DRY,NO DEFECTS,ON SCENE,NO INJURY / DRIVE AWAY,,,,"OVER $1,500",9/28/2019 18:38,UNABLE TO DETERMINE,NOT APPLICABLE,5680,N,LINCOLN AVE,2011,,,,,,,2,NO INDICATION OF INJURY,0,0,0,0,0,3,0,18,7,9,41.98455028,-87.69778367,POINT (-87.697783668913 41.98455028081)
JC452285,,9/28/2019 18:15,30,TRAFFIC SIGNAL,FUNCTIONING PROPERLY,CLEAR,DUSK,TURNING,NOT DIVIDED,,STRAIGHT AND LEVEL,DRY,NO DEFECTS,NOT ON SCENE (DESK REPORT),NO INJURY / DRIVE AWAY,,,,"OVER $1,500",9/28/2019 18:50,UNABLE TO DETERMINE,UNABLE TO DETERMINE,5750,W,WASHINGTON BLVD,1512,,,,,,,2,NO INDICATION OF INJURY,0,0,0,0,0,4,0,18,7,9,41.88228304,-87.76974501,POINT (-87.769745005353 41.88228303866)
JC452227,,9/28/2019 18:13,30,NO CONTROLS,NO CONTROLS,CLEAR,DAYLIGHT,REAR END,NOT DIVIDED,,STRAIGHT AND LEVEL,DRY,NO DEFECTS,ON SCENE,NO INJURY / DRIVE AWAY,,,,"$501 - $1,500",9/28/2019 18:33,UNABLE TO DETERMINE,UNABLE TO DETERMINE,130,N,CENTRAL AVE,1512,,,,,,,2,NO INDICATION OF INJURY,0,0,0,0,0,3,0,18,7,9,41.88318077,-87.76510695,POINT (-87.765106953753 41.883180773455)
JC452289,,9/28/2019 18:10,30,TRAFFIC SIGNAL,FUNCTIONING PROPERLY,CLEAR,"DARKNESS, LIGHTED ROAD",ANGLE,ONE-WAY,,STRAIGHT AND LEVEL,DRY,NO DEFECTS,NOT ON SCENE (DESK REPORT),NO INJURY / DRIVE AWAY,Y,,,"OVER $1,500",9/28/2019 19:15,UNABLE TO DETERMINE,NOT APPLICABLE,300,E,ERIE ST,1834,,,,,,,2,NO INDICATION OF INJURY,0,0,0,0,0,5,0,18,7,9,41.8943175,-87.620177,POINT (-87.620176995336 41.89431749977)
JC452243,,9/28/2019 18:05,30,NO CONTROLS,NO CONTROLS,CLOUDY/OVERCAST,DUSK,TURNING,DIVIDED - W/MEDIAN (NOT RAISED),,STRAIGHT AND LEVEL,DRY,UNKNOWN,NOT ON SCENE (DESK REPORT),NO INJURY / DRIVE AWAY,,,,"OVER $1,500",9/28/2019 18:45,IMPROPER TURNING/NO SIGNAL,IMPROPER LANE USAGE,2432,W,PETERSON AVE,2413,,,,,,,2,NO INDICATION OF INJURY,0,0,0,0,0,3,0,18,7,9,41.9906008,-87.691017,POINT (-87.691017003206 41.990600801036)
JC454491,,9/28/2019 18:00,35,NO CONTROLS,NO CONTROLS,RAIN,DAYLIGHT,PARKED MOTOR VEHICLE,NOT DIVIDED,,STRAIGHT AND LEVEL,WET,UNKNOWN,NOT ON SCENE (DESK REPORT),NO INJURY / DRIVE AWAY,,,Y,"$501 - $1,500",9/30/2019 16:00,UNABLE TO DETERMINE,UNABLE TO DETERMINE,3100,S,LAWNDALE AVE,1031,,,,,,,2,NO INDICATION OF INJURY,0,0,0,0,0,1,0,18,7,9,41.83691779,-87.71717478,POINT (-87.717174777573 41.836917788094)
JC452280,,9/28/2019 18:00,30,NO CONTROLS,NO CONTROLS,UNKNOWN,UNKNOWN,REAR END,NOT DIVIDED,,STRAIGHT AND LEVEL,UNKNOWN,UNKNOWN,ON SCENE,NO INJURY / DRIVE AWAY,,,Y,"OVER $1,500",9/28/2019 19:05,UNABLE TO DETERMINE,NOT APPLICABLE,327,E,79TH ST,623,,,,,,,2,NO INDICATION OF INJURY,0,0,0,0,0,2,0,18,7,9,41.75097268,-87.61695788,POINT (-87.616957880191 41.750972675255)
JC452229,,9/28/2019 18:00,30,TRAFFIC SIGNAL,FUNCTIONING PROPERLY,CLEAR,DAYLIGHT,TURNING,ONE-WAY,,STRAIGHT AND LEVEL,DRY,NO DEFECTS,NOT ON SCENE (DESK REPORT),NO INJURY / DRIVE AWAY,Y,,,"$501 - $1,500",9/28/2019 18:30,IMPROPER TURNING/NO SIGNAL,NOT APPLICABLE,500,W,RANDOLPH ST,121,,,,,,,2,NO INDICATION OF INJURY,0,0,0,0,0,3,0,18,7,9,41.88455161,-87.63987424,POINT (-87.639874240945 41.884551612703)
JC452212,,9/28/2019 18:00,30,NO CONTROLS,NO CONTROLS,CLEAR,DAYLIGHT,SIDESWIPE SAME DIRECTION,ONE-WAY,,STRAIGHT AND LEVEL,DRY,NO DEFECTS,NOT ON SCENE (DESK REPORT),NO INJURY / DRIVE AWAY,,,,"OVER $1,500",9/28/2019 18:20,UNABLE TO DETERMINE,UNABLE TO DETERMINE,2101,S,EMERALD AVE,1235,,,,,,,2,NO INDICATION OF INJURY,0,0,0,0,0,2,0,18,7,9,41.8541374,-87.6454513,POINT (-87.645451300681 41.854137403313)
JC452178,,9/28/2019 17:45,25,NO CONTROLS,NO CONTROLS,CLEAR,DAYLIGHT,PARKED MOTOR VEHICLE,NOT DIVIDED,,STRAIGHT AND LEVEL,DRY,NO DEFECTS,ON SCENE,INJURY AND / OR TOW DUE TO CRASH,,,,"OVER $1,500",9/28/2019 17:50,UNABLE TO DETERMINE,UNABLE TO DETERMINE,4710,W,WASHINGTON BLVD,1113,,,,,,,2,NO INDICATION OF INJURY,0,0,0,0,0,2,0,17,7,9,41.8819503,-87.74338255,POINT (-87.743382548813 41.881950302046)
JC454157,,9/28/2019 17:42,30,NO CONTROLS,NO CONTROLS,CLEAR,"DARKNESS, LIGHTED ROAD",SIDESWIPE SAME DIRECTION,ONE-WAY,,STRAIGHT AND LEVEL,DRY,NO DEFECTS,NOT ON SCENE (DESK REPORT),NO INJURY / DRIVE AWAY,,,,"$501 - $1,500",9/30/2019 11:30,UNABLE TO DETERMINE,NOT APPLICABLE,626,W,21ST ST,1235,,,,,,,2,NO INDICATION OF INJURY,0,0,0,0,0,2,0,17,7,9,41.85435223,-87.64279227,POINT (-87.642792267779 41.854352228019)
JC452235,,9/28/2019 17:40,40,TRAFFIC SIGNAL,FUNCTIONING PROPERLY,CLEAR,DAYLIGHT,REAR END,NOT DIVIDED,,STRAIGHT AND LEVEL,DRY,NO DEFECTS,ON SCENE,NO INJURY / DRIVE AWAY,Y,,Y,"$501 - $1,500",9/28/2019 18:17,FOLLOWING TOO CLOSELY,UNABLE TO DETERMINE,13600,S,TORRENCE AVE,434,,,,,,,2,NO INDICATION OF INJURY,0,0,0,0,0,2,0,17,7,9,41.64810712,-87.55943735,POINT (-87.559437348149 41.648107117972)
JC452196,,9/28/2019 17:36,30,STOP SIGN/FLASHER,FUNCTIONING PROPERLY,CLEAR,DAYLIGHT,TURNING,NOT DIVIDED,,STRAIGHT AND LEVEL,WET,NO DEFECTS,ON SCENE,NO INJURY / DRIVE AWAY,Y,,,$500 OR LESS,9/28/2019 17:36,FAILING TO REDUCE SPEED TO AVOID CRASH,FOLLOWING TOO CLOSELY,301,S,PULASKI RD,1132,,,,,,,2,NO INDICATION OF INJURY,0,0,0,0,0,3,0,17,7,9,41.87704459,-87.7253977,POINT (-87.725397699302 41.877044585224)
JC452190,,9/28/2019 17:36,30,NO CONTROLS,NO CONTROLS,CLEAR,DAYLIGHT,PEDALCYCLIST,DIVIDED - W/MEDIAN (NOT RAISED),,STRAIGHT AND LEVEL,DRY,NO DEFECTS,ON SCENE,INJURY AND / OR TOW DUE TO CRASH,,,,$500 OR LESS,9/28/2019 17:45,FAILING TO YIELD RIGHT-OF-WAY,NOT APPLICABLE,4401,S,ARCHER AVE,821,,,,,,,2,INCAPACITATING INJURY,1,0,1,0,0,3,0,17,7,9,41.8132719,-87.70534703,POINT (-87.705347027158 41.81327189615)
JC452164,,9/28/2019 17:35,30,NO CONTROLS,NO CONTROLS,CLEAR,DAYLIGHT,ANGLE,NOT DIVIDED,,STRAIGHT AND LEVEL,DRY,NO DEFECTS,NOT ON SCENE (DESK REPORT),NO INJURY / DRIVE AWAY,,,,"$501 - $1,500",9/28/2019 17:44,UNABLE TO DETERMINE,UNABLE TO DETERMINE,11448,S,FORRESTVILLE AVE,531,,,,,,,2,NO INDICATION OF INJURY,0,0,0,0,0,2,0,17,7,9,41.68587652,-87.60962538,POINT (-87.609625378252 41.685876522283)
JC454949,,9/28/2019 17:30,25,NO CONTROLS,UNKNOWN,UNKNOWN,UNKNOWN,FIXED OBJECT,NOT DIVIDED,,STRAIGHT AND LEVEL,UNKNOWN,"RUT, HOLES",NOT ON SCENE (DESK REPORT),NO INJURY / DRIVE AWAY,,,,$500 OR LESS,9/30/2019 20:30,NOT APPLICABLE,NOT APPLICABLE,2312,N,ASHLAND AVE,1811,,,,,,,1,NO INDICATION OF INJURY,0,0,0,0,0,1,0,17,7,9,41.92374168,-87.66831941,POINT (-87.668319410607 41.923741682421)
JC452181,,9/28/2019 17:30,30,NO CONTROLS,NO CONTROLS,CLEAR,DAYLIGHT,PARKED MOTOR VEHICLE,PARKING LOT,,STRAIGHT AND LEVEL,DRY,NO DEFECTS,NOT ON SCENE (DESK REPORT),NO INJURY / DRIVE AWAY,,Y,Y,"OVER $1,500",9/28/2019 18:00,UNABLE TO DETERMINE,NOT APPLICABLE,800,N,KEDZIE AVE,1121,,,,,,,2,NO INDICATION OF INJURY,0,0,0,0,0,1,0,17,7,9,41.89561531,-87.70670533,POINT (-87.706705325106 41.895615313545)