RD_NO,CRASH_DATE_EST_I,CRASH_DATE,POSTED_SPEED_LIMIT,TRAFFIC_CONTROL_DEVICE,DEVICE_CONDITION,WEATHER_CONDITION,LIGHTING_CONDITION,FIRST_CRASH_TYPE,TRAFFICWAY_TYPE,LANE_CNT,ALIGNMENT,ROADWAY_SURFACE_COND,ROAD_DEFECT,REPORT_TYPE,CRASH_TYPE,INTERSECTION_RELATED_I,NOT_RIGHT_OF_WAY_I,HIT_AND_RUN_I,DAMAGE,DATE_POLICE_NOTIFIED,PRIM_CONTRIBUTORY_CAUSE,SEC_CONTRIBUTORY_CAUSE,STREET_NO,STREET_DIRECTION,STREET_NAME,BEAT_OF_OCCURRENCE,PHOTOS_TAKEN_I,STATEMENTS_TAKEN_I,DOORING_I,WORK_ZONE_I,WORK_ZONE_TYPE,WORKERS_PRESENT_I,NUM_UNITS,MOST_SEVERE_INJURY,INJURIES_TOTAL,INJURIES_FATAL,INJURIES_INCAPACITATING,INJURIES_NON_INCAPACITATING,INJURIES_REPORTED_NOT_EVIDENT,INJURIES_NO_INDICATION,INJURIES_UNKNOWN,CRASH_HOUR,CRASH_DAY_OF_WEEK,CRASH_MONTH,LATITUDE,LONGITUDE,LOCATION
JC452173,,9/28/2019 17:30,30,NO CONTROLS,NO CONTROLS,CLEAR,DAYLIGHT,ANGLE,T-INTERSECTION,,STRAIGHT AND LEVEL,DRY,NO DEFECTS,NOT ON SCENE (DESK REPORT),NO INJURY / DRIVE AWAY,,,,$500 OR LESS,9/28/2019 17:50,FAILING TO YIELD RIGHT-OF-WAY,UNABLE TO DETERMINE,3841,W,24TH ST,1013,,,,,,,2,NO INDICATION OF INJURY,0,0,0,0,0,2,0,17,7,9,41.84785275,-87.72132472,POINT (-87.721324720714 41.847852747341)
JC452169,,9/28/2019 17:30,30,NO CONTROLS,NO CONTROLS,CLEAR,DAYLIGHT,REAR END,NOT DIVIDED,,STRAIGHT AND LEVEL,DRY,NO DEFECTS,NOT ON SCENE (DESK REPORT),NO INJURY / DRIVE AWAY,,,,"$501 - $1,500",9/28/2019 18:00,FOLLOWING TOO CLOSELY,FOLLOWING TOO CLOSELY,11700,S,MICHIGAN AVE,532,,,,,,,2,NO INDICATION OF INJURY,0,0,0,0,0,2,0,17,7,9,41.68151612,-87.62077155,POINT (-87.620771546909 41.681516116016)
JC452162,,9/28/2019 17:30,15,NO CONTROLS,NO CONTROLS,CLEAR,DAYLIGHT,SIDESWIPE SAME DIRECTION,ONE-WAY,,STRAIGHT AND LEVEL,DRY,NO DEFECTS,ON SCENE,NO INJURY / DRIVE AWAY,,,,$500 OR LESS,9/28/2019 17:35,NOT APPLICABLE,NOT APPLICABLE,70,W,I190 EXPY,1654,,,,,,,2,NO INDICATION OF INJURY,0,0,0,0,0,2,0,17,7,9,,,
JC452161,,9/28/2019 17:30,30,TRAFFIC SIGNAL,FUNCTIONING PROPERLY,RAIN,"DARKNESS, LIGHTED ROAD",TURNING,NOT DIVIDED,,STRAIGHT AND LEVEL,WET,NO DEFECTS,ON SCENE,NO INJURY / DRIVE AWAY,Y,,,"OVER $1,500",9/28/2019 17:40,IMPROPER TURNING/NO SIGNAL,WEATHER,1304,N,WESTERN AVE,1423,,,,,,,2,NO INDICATION OF INJURY,0,0,0,0,0,3,0,17,7,9,41.90504448,-87.68722809,POINT (-87.687228090925 41.905044481919)
JC452827,,9/28/2019 17:15,10,NO CONTROLS,NO CONTROLS,CLEAR,DAYLIGHT,OTHER OBJECT,PARKING LOT,,STRAIGHT AND LEVEL,DRY,NO DEFECTS,NOT ON SCENE (DESK REPORT),NO INJURY / DRIVE AWAY,,,,$500 OR LESS,9/29/2019 9:45,UNABLE TO DETERMINE,NOT APPLICABLE,1147,W,WILSON AVE,1913,,,,,,,1,NO INDICATION OF INJURY,0,0,0,0,0,1,0,17,7,9,41.96526556,-87.65930713,POINT (-87.659307131862 41.965265558066)
JC452145,,9/28/2019 17:11,30,NO CONTROLS,NO CONTROLS,CLOUDY/OVERCAST,DAYLIGHT,TURNING,DIVIDED - W/MEDIAN (NOT RAISED),,STRAIGHT AND LEVEL,DRY,NO DEFECTS,ON SCENE,INJURY AND / OR TOW DUE TO CRASH,,,,"OVER $1,500",9/28/2019 17:11,IMPROPER LANE USAGE,NOT APPLICABLE,5156,N,MARINE DR,2024,,,,,,,2,NO INDICATION OF INJURY,0,0,0,0,0,2,0,17,7,9,41.97635504,-87.65227266,POINT (-87.652272658764 41.976355043491)
JC452156,,9/28/2019 17:09,30,NO CONTROLS,NO CONTROLS,CLOUDY/OVERCAST,DAYLIGHT,REAR END,DIVIDED - W/MEDIAN BARRIER,,STRAIGHT AND LEVEL,DRY,NO DEFECTS,ON SCENE,NO INJURY / DRIVE AWAY,,,,"OVER $1,500",9/28/2019 17:18,FOLLOWING TOO CLOSELY,UNABLE TO DETERMINE,4149,S,ASHLAND AVE,924,,,,,,,3,NO INDICATION OF INJURY,0,0,0,0,0,3,0,17,7,9,41.81814375,-87.66505069,POINT (-87.665050686682 41.818143745484)
JC453049,,9/28/2019 17:02,30,NO CONTROLS,NO CONTROLS,UNKNOWN,DAYLIGHT,PARKED MOTOR VEHICLE,UNKNOWN,,STRAIGHT AND LEVEL,UNKNOWN,NO DEFECTS,NOT ON SCENE (DESK REPORT),NO INJURY / DRIVE AWAY,,,Y,"OVER $1,500",9/29/2019 13:35,UNABLE TO DETERMINE,NOT APPLICABLE,4448,W,FIFTH AVE,1131,,,,,,,2,NO INDICATION OF INJURY,0,0,0,0,0,1,0,17,7,9,41.86991717,-87.7369183,POINT (-87.736918302534 41.869917165763)
JC452179,,9/28/2019 17:00,30,NO CONTROLS,NO CONTROLS,CLEAR,DAYLIGHT,TURNING,NOT DIVIDED,,STRAIGHT AND LEVEL,DRY,NO DEFECTS,NOT ON SCENE (DESK REPORT),INJURY AND / OR TOW DUE TO CRASH,,,,"OVER $1,500",9/28/2019 17:55,FAILING TO YIELD RIGHT-OF-WAY,UNABLE TO DETERMINE,4801,W,MONTROSE AVE,1624,,,,,,,2,NO INDICATION OF INJURY,0,0,0,0,0,2,0,17,7,9,41.96061186,-87.7475936,POINT (-87.747593601704 41.96061186437)
JC452158,,9/28/2019 16:56,30,TRAFFIC SIGNAL,FUNCTIONING PROPERLY,CLEAR,DAYLIGHT,REAR END,FOUR WAY,,STRAIGHT AND LEVEL,DRY,NO DEFECTS,ON SCENE,NO INJURY / DRIVE AWAY,Y,,,"$501 - $1,500",9/28/2019 16:56,FOLLOWING TOO CLOSELY,FAILING TO REDUCE SPEED TO AVOID CRASH,4200,S,CALIFORNIA AVE,921,,,,,,,2,NO INDICATION OF INJURY,0,0,0,0,0,2,0,16,7,9,41.81726472,-87.69462384,POINT (-87.694623843555 41.817264721784)
JC452150,,9/28/2019 16:55,30,NO CONTROLS,NO CONTROLS,CLEAR,DAYLIGHT,PEDESTRIAN,ONE-WAY,,STRAIGHT AND LEVEL,DRY,NO DEFECTS,ON SCENE,INJURY AND / OR TOW DUE TO CRASH,,,Y,$500 OR LESS,9/28/2019 16:59,UNABLE TO DETERMINE,UNABLE TO DETERMINE,8535,S,GREEN ST,613,,,,,,,2,INCAPACITATING INJURY,2,0,1,0,1,0,0,16,7,9,41.7386363,-87.64476093,POINT (-87.644760930326 41.738636301801)
JC452230,,9/28/2019 16:50,30,TRAFFIC SIGNAL,FUNCTIONING PROPERLY,CLEAR,DAYLIGHT,TURNING,DIVIDED - W/MEDIAN BARRIER,,STRAIGHT AND LEVEL,DRY,NO DEFECTS,ON SCENE,INJURY AND / OR TOW DUE TO CRASH,Y,,,"OVER $1,500",9/28/2019 16:52,FAILING TO REDUCE SPEED TO AVOID CRASH,UNABLE TO DETERMINE,153,E,WACKER DR,114,,,,,,,2,NO INDICATION OF INJURY,0,0,0,0,0,2,0,16,7,9,41.88799053,-87.62249044,POINT (-87.622490440621 41.887990525911)
JC452118,,9/28/2019 16:50,30,TRAFFIC SIGNAL,FUNCTIONING PROPERLY,CLEAR,DAYLIGHT,PEDESTRIAN,FOUR WAY,,STRAIGHT AND LEVEL,DRY,NO DEFECTS,ON SCENE,INJURY AND / OR TOW DUE TO CRASH,Y,,,"$501 - $1,500",9/28/2019 16:54,DISREGARDING TRAFFIC SIGNALS,NOT APPLICABLE,9300,S,COTTAGE GROVE AVE,633,,,,,,,2,NONINCAPACITATING INJURY,1,0,0,1,0,1,0,16,7,9,41.72562049,-87.60471001,POINT (-87.604710014159 41.725620485092)
JC452114,,9/28/2019 16:50,35,TRAFFIC SIGNAL,FUNCTIONING PROPERLY,CLOUDY/OVERCAST,DAYLIGHT,ANGLE,FOUR WAY,,STRAIGHT AND LEVEL,WET,NO DEFECTS,ON SCENE,INJURY AND / OR TOW DUE TO CRASH,Y,,,"OVER $1,500",9/28/2019 16:51,UNABLE TO DETERMINE,NOT APPLICABLE,7400,S,RACINE AVE,734,,,,,,,2,NO INDICATION OF INJURY,0,0,0,0,0,2,0,16,7,9,41.75954691,-87.65411775,POINT (-87.654117747793 41.759546908416)
JC452134,,9/28/2019 16:48,30,STOP SIGN/FLASHER,FUNCTIONING IMPROPERLY,CLEAR,DAYLIGHT,PEDESTRIAN,T-INTERSECTION,1,STRAIGHT AND LEVEL,DRY,NO DEFECTS,ON SCENE,INJURY AND / OR TOW DUE TO CRASH,,,,$500 OR LESS,9/28/2019 16:51,UNABLE TO DETERMINE,NOT APPLICABLE,3054,N,MILWAUKEE AVE,2523,,,,,,,2,NONINCAPACITATING INJURY,1,0,0,1,0,1,0,16,7,9,41.93658629,-87.71996353,POINT (-87.719963529893 41.936586292588)
JC455928,,9/28/2019 16:45,25,NO CONTROLS,NO CONTROLS,CLEAR,DAYLIGHT,ANGLE,ONE-WAY,,STRAIGHT AND LEVEL,DRY,NO DEFECTS,NOT ON SCENE (DESK REPORT),NO INJURY / DRIVE AWAY,,,,"$501 - $1,500",10/1/2019 16:20,UNABLE TO DETERMINE,UNABLE TO DETERMINE,5336,W,WRIGHTWOOD AVE,2514,,,,,,,2,NO INDICATION OF INJURY,0,0,0,0,0,2,0,16,7,9,41.9278366,-87.76024142,POINT (-87.760241415261 41.927836597451)
JC452239,,9/28/2019 16:45,25,NO CONTROLS,NO CONTROLS,CLEAR,DAYLIGHT,REAR END,NOT DIVIDED,,STRAIGHT AND LEVEL,DRY,NO DEFECTS,NOT ON SCENE (DESK REPORT),NO INJURY / DRIVE AWAY,,,,"OVER $1,500",9/28/2019 18:45,FAILING TO YIELD RIGHT-OF-WAY,NOT APPLICABLE,2750,W,NORTH SHORE AVE,2412,,,,,,,2,NO INDICATION OF INJURY,0,0,0,0,0,2,0,16,7,9,42.00313401,-87.69939136,POINT (-87.699391362994 42.003134005134)
JC452152,,9/28/2019 16:45,30,OTHER,FUNCTIONING PROPERLY,CLEAR,DAYLIGHT,SIDESWIPE SAME DIRECTION,ONE-WAY,,STRAIGHT AND LEVEL,DRY,NO DEFECTS,NOT ON SCENE (DESK REPORT),NO INJURY / DRIVE AWAY,,,Y,"OVER $1,500",9/28/2019 17:25,IMPROPER LANE USAGE,FAILING TO YIELD RIGHT-OF-WAY,1260,N,LAKE SHORE DR SB,1824,,,,,,,2,NO INDICATION OF INJURY,0,0,0,0,0,3,0,16,7,9,41.90573285,-87.62521612,POINT (-87.625216114688 41.905732847951)
JC452113,,9/28/2019 16:45,30,TRAFFIC SIGNAL,FUNCTIONING PROPERLY,CLEAR,DAYLIGHT,TURNING,NOT DIVIDED,,STRAIGHT AND LEVEL,DRY,NO DEFECTS,ON SCENE,NO INJURY / DRIVE AWAY,Y,,,"$501 - $1,500",9/28/2019 16:48,FAILING TO YIELD RIGHT-OF-WAY,DISREGARDING TRAFFIC SIGNALS,4501,W,MADISON ST,1113,,,,,,,2,NO INDICATION OF INJURY,0,0,0,0,0,2,0,16,7,9,41.88047157,-87.73803306,POINT (-87.738033058242 41.880471573777)
JC452219,,9/28/2019 16:42,30,NO CONTROLS,NO CONTROLS,CLEAR,DAYLIGHT,SIDESWIPE SAME DIRECTION,ONE-WAY,,STRAIGHT AND LEVEL,DRY,NO DEFECTS,NOT ON SCENE (DESK REPORT),NO INJURY / DRIVE AWAY,,,,"OVER $1,500",9/28/2019 16:51,FAILING TO YIELD RIGHT-OF-WAY,UNABLE TO DETERMINE,5022,W,GLADYS AVE,1533,,,,,,,2,NO INDICATION OF INJURY,0,0,0,0,0,4,0,16,7,9,41.87592375,-87.75029327,POINT (-87.750293268824 41.875923745337)
JC452170,,9/28/2019 16:41,15,OTHER,OTHER,CLEAR,DAYLIGHT,PARKED MOTOR VEHICLE,PARKING LOT,,STRAIGHT AND LEVEL,DRY,NO DEFECTS,NOT ON SCENE (DESK REPORT),NO INJURY / DRIVE AWAY,,Y,,"$501 - $1,500",9/28/2019 17:50,DRIVING SKILLS/KNOWLEDGE/EXPERIENCE,UNABLE TO DETERMINE,2310,W,LOGAN BLVD,1432,,,,,,,2,NO INDICATION OF INJURY,0,0,0,0,0,1,0,16,7,9,41.93029546,-87.68581874,POINT (-87.685818741592 41.930295458606)
JC452104,,9/28/2019 16:40,30,TRAFFIC SIGNAL,FUNCTIONING PROPERLY,CLEAR,DAYLIGHT,TURNING,NOT DIVIDED,,STRAIGHT AND LEVEL,DRY,NO DEFECTS,NOT ON SCENE (DESK REPORT),NO INJURY / DRIVE AWAY,,,,"OVER $1,500",9/28/2019 17:00,FAILING TO YIELD RIGHT-OF-WAY,UNABLE TO DETERMINE,6000,N,PULASKI RD,1711,,,,,,,2,NO INDICATION OF INJURY,0,0,0,0,0,2,0,16,7,9,41.99016092,-87.72879075,POINT (-87.728790747599 41.990160922806)
JC452092,,9/28/2019 16:40,10,NO CONTROLS,NO CONTROLS,CLEAR,DAYLIGHT,PARKED MOTOR VEHICLE,PARKING LOT,,STRAIGHT AND LEVEL,DRY,NO DEFECTS,NOT ON SCENE (DESK REPORT),NO INJURY / DRIVE AWAY,,Y,,"$501 - $1,500",9/28/2019 16:45,UNABLE TO DETERMINE,UNABLE TO DETERMINE,7808,S,HALSTED ST,621,,,,,,,2,NO INDICATION OF INJURY,0,0,0,0,0,1,0,16,7,9,41.75213684,-87.64422891,POINT (-87.644228906559 41.752136837768)
JC452123,,9/28/2019 16:35,30,NO CONTROLS,NO CONTROLS,CLEAR,DAYLIGHT,PEDALCYCLIST,NOT DIVIDED,,STRAIGHT AND LEVEL,DRY,NO DEFECTS,ON SCENE,INJURY AND / OR TOW DUE TO CRASH,,,,$500 OR LESS,9/28/2019 16:51,FAILING TO YIELD RIGHT-OF-WAY,DRIVING SKILLS/KNOWLEDGE/EXPERIENCE,2274,N,MILWAUKEE AVE,1431,,,Y,,,,2,NONINCAPACITATING INJURY,1,0,0,1,0,1,0,16,7,9,41.92223872,-87.69651057,POINT (-87.696510567128 41.922238718628)
JC455908,,9/28/2019 16:25,35,NO CONTROLS,NO CONTROLS,CLEAR,DAYLIGHT,SIDESWIPE SAME DIRECTION,DIVIDED - W/MEDIAN (NOT RAISED),,STRAIGHT AND LEVEL,DRY,NO DEFECTS,NOT ON SCENE (DESK REPORT),NO INJURY / DRIVE AWAY,,,,"$501 - $1,500",10/1/2019 16:10,UNABLE TO DETERMINE,UNABLE TO DETERMINE,1635,W,35TH ST,912,,,,,,,2,NO INDICATION OF INJURY,0,0,0,0,0,2,0,16,7,9,41.83037621,-87.66687881,POINT (-87.666878809853 41.830376206)
JC452084,,9/28/2019 16:21,25,TRAFFIC SIGNAL,FUNCTIONING PROPERLY,CLEAR,DAYLIGHT,ANGLE,DIVIDED - W/MEDIAN (NOT RAISED),,STRAIGHT AND LEVEL,DRY,NO DEFECTS,NOT ON SCENE (DESK REPORT),INJURY AND / OR TOW DUE TO CRASH,Y,,,"$501 - $1,500",9/28/2019 16:25,UNABLE TO DETERMINE,UNABLE TO DETERMINE,4700,W,WILSON AVE,1722,,,,,,,2,NO INDICATION OF INJURY,0,0,0,0,0,2,0,16,7,9,41.9645126,-87.74520537,POINT (-87.745205371716 41.964512604477)
JC452183,,9/28/2019 16:20,30,NO CONTROLS,NO CONTROLS,FOG/SMOKE/HAZE,DAYLIGHT,PARKED MOTOR VEHICLE,PARKING LOT,,STRAIGHT AND LEVEL,DRY,UNKNOWN,NOT ON SCENE (DESK REPORT),NO INJURY / DRIVE AWAY,,,Y,"OVER $1,500",9/28/2019 18:05,UNABLE TO DETERMINE,UNABLE TO DETERMINE,5555,W,NORTH AVE,2532,,,,,,,2,NO INDICATION OF INJURY,0,0,0,0,0,1,0,16,7,9,41.90927457,-87.76518779,POINT (-87.765187784962 41.909274566712)
JC452168,,9/28/2019 16:20,30,STOP SIGN/FLASHER,FUNCTIONING PROPERLY,CLEAR,DAYLIGHT,TURNING,FOUR WAY,,STRAIGHT AND LEVEL,DRY,NO DEFECTS,NOT ON SCENE (DESK REPORT),NO INJURY / DRIVE AWAY,,,,"OVER $1,500",9/28/2019 17:30,IMPROPER TURNING/NO SIGNAL,NOT APPLICABLE,7900,S,COTTAGE GROVE AVE,624,,,,,,,2,NO INDICATION OF INJURY,0,0,0,0,0,2,0,16,7,9,41.75119434,-87.60536733,POINT (-87.60536732633 41.751194338222)
JC452267,,9/28/2019 16:15,25,TRAFFIC SIGNAL,FUNCTIONING PROPERLY,CLEAR,"DARKNESS, LIGHTED ROAD",REAR END,DIVIDED - W/MEDIAN (NOT RAISED),,STRAIGHT AND LEVEL,DRY,NO DEFECTS,NOT ON SCENE (DESK REPORT),NO INJURY / DRIVE AWAY,,,,"$501 - $1,500",9/28/2019 18:58,FOLLOWING TOO CLOSELY,NOT APPLICABLE,200,N,LOWER COLUMBUS DR,114,,,,,,,2,NO INDICATION OF INJURY,0,0,0,0,0,2,0,16,7,9,41.88585184,-87.62086026,POINT (-87.62086026425 41.885851834564)
JC452148,,9/28/2019 16:15,30,TRAFFIC SIGNAL,UNKNOWN,UNKNOWN,DAYLIGHT,SIDESWIPE SAME DIRECTION,NOT DIVIDED,,STRAIGHT AND LEVEL,UNKNOWN,UNKNOWN,NOT ON SCENE (DESK REPORT),NO INJURY / DRIVE AWAY,Y,,,"OVER $1,500",9/28/2019 17:20,IMPROPER OVERTAKING/PASSING,NOT APPLICABLE,7900,S,COTTAGE GROVE AVE,624,,,,,,,2,NO INDICATION OF INJURY,0,0,0,0,0,2,0,16,7,9,41.75119434,-87.60536733,POINT (-87.60536732633 41.751194338222)
JC452085,,9/28/2019 16:08,30,NO CONTROLS,NO CONTROLS,CLEAR,DAYLIGHT,TURNING,NOT DIVIDED,,STRAIGHT AND LEVEL,DRY,NO DEFECTS,ON SCENE,INJURY AND / OR TOW DUE TO CRASH,,,,"$501 - $1,500",9/28/2019 16:08,FAILING TO YIELD RIGHT-OF-WAY,NOT APPLICABLE,4015,N,PULASKI RD,1723,,,,,,,2,INCAPACITATING INJURY,1,0,1,0,0,1,0,16,7,9,41.95413895,-87.72748343,POINT (-87.727483432132 41.954138950635)
JC452074,,9/28/2019 16:05,10,NO CONTROLS,NO CONTROLS,CLEAR,DAYLIGHT,PARKED MOTOR VEHICLE,PARKING LOT,,STRAIGHT AND LEVEL,DRY,NO DEFECTS,ON SCENE,NO INJURY / DRIVE AWAY,,,Y,$500 OR LESS,9/28/2019 16:30,"OPERATING VEHICLE IN ERRATIC, RECKLESS, CARELESS, NEGLIGENT OR AGGRESSIVE MANNER",NOT APPLICABLE,7601,S,CICERO AVE,833,,,,,,,2,NO INDICATION OF INJURY,0,0,0,0,0,2,0,16,7,9,41.75466012,-87.74138476,POINT (-87.741384758605 41.754660124394)
JC455694,,9/28/2019 16:00,30,TRAFFIC SIGNAL,FUNCTIONING PROPERLY,CLEAR,DAYLIGHT,REAR END,DIVIDED - W/MEDIAN (NOT RAISED),,STRAIGHT AND LEVEL,DRY,NO DEFECTS,NOT ON SCENE (DESK REPORT),NO INJURY / DRIVE AWAY,,,,"$501 - $1,500",10/1/2019 13:40,FOLLOWING TOO CLOSELY,NOT APPLICABLE,3198,W,BELMONT AVE,1733,,,,,,,2,NO INDICATION OF INJURY,0,0,0,0,0,2,0,16,7,9,41.93944102,-87.70767235,POINT (-87.707672344742 41.939441019937)
JC454191,,9/28/2019 16:00,30,NO CONTROLS,NO CONTROLS,CLEAR,DAYLIGHT,REAR END,DIVIDED - W/MEDIAN (NOT RAISED),,STRAIGHT AND LEVEL,DRY,NO DEFECTS,NOT ON SCENE (DESK REPORT),NO INJURY / DRIVE AWAY,,,,"OVER $1,500",9/30/2019 10:30,FOLLOWING TOO CLOSELY,NOT APPLICABLE,1100,N,ASHLAND AVE,1213,,,,,,,2,NO INDICATION OF INJURY,0,0,0,0,0,2,0,16,7,9,41.901559,-87.66759184,POINT (-87.667591841962 41.901558997267)
JC452195,,9/28/2019 16:00,30,NO CONTROLS,NO CONTROLS,CLEAR,DAYLIGHT,PARKED MOTOR VEHICLE,NOT DIVIDED,,STRAIGHT AND LEVEL,DRY,NO DEFECTS,NOT ON SCENE (DESK REPORT),NO INJURY / DRIVE AWAY,,,Y,"$501 - $1,500",9/28/2019 18:01,NOT APPLICABLE,NOT APPLICABLE,5700,S,KEDZIE AVE,822,,,,,,,2,NO INDICATION OF INJURY,0,0,0,0,0,1,0,16,7,9,41.78979082,-87.70359877,POINT (-87.703598769655 41.789790821511)
JC452015,,9/28/2019 15:50,35,UNKNOWN,UNKNOWN,CLEAR,DAYLIGHT,HEAD ON,DIVIDED - W/MEDIAN BARRIER,,STRAIGHT AND LEVEL,DRY,NO DEFECTS,ON SCENE,INJURY AND / OR TOW DUE TO CRASH,,,,"OVER $1,500",9/28/2019 15:50,UNABLE TO DETERMINE,FAILING TO REDUCE SPEED TO AVOID CRASH,626,W,95TH ST,2223,,,,,,,2,NO INDICATION OF INJURY,0,0,0,0,0,2,0,15,7,9,41.72161863,-87.63951501,POINT (-87.639515008907 41.721618630941)
JC452064,,9/28/2019 15:45,30,NO CONTROLS,NO CONTROLS,CLOUDY/OVERCAST,DAYLIGHT,PARKED MOTOR VEHICLE,ONE-WAY,,STRAIGHT AND LEVEL,DRY,NO DEFECTS,ON SCENE,NO INJURY / DRIVE AWAY,,,Y,"OVER $1,500",9/28/2019 15:50,IMPROPER LANE USAGE,DRIVING SKILLS/KNOWLEDGE/EXPERIENCE,241,E,PEARSON ST,1833,,,,,,,2,NO INDICATION OF INJURY,0,0,0,0,0,3,0,15,7,9,41.89753274,-87.62005147,POINT (-87.620051470568 41.897532738898)
JC452081,,9/28/2019 15:42,30,TRAFFIC SIGNAL,FUNCTIONING PROPERLY,CLEAR,DAYLIGHT,SIDESWIPE SAME DIRECTION,DIVIDED - W/MEDIAN BARRIER,,STRAIGHT AND LEVEL,DRY,NO DEFECTS,ON SCENE,NO INJURY / DRIVE AWAY,Y,,Y,"OVER $1,500",9/28/2019 15:45,IMPROPER LANE USAGE,UNABLE TO DETERMINE,200,E,WACKER DR,114,,,,,,,2,NO INDICATION OF INJURY,0,0,0,0,0,2,0,15,7,9,41.88829704,-87.62219224,POINT (-87.622192237914 41.888297043565)
JC452146,,9/28/2019 15:30,30,NO CONTROLS,NO CONTROLS,CLEAR,DAYLIGHT,REAR END,NOT DIVIDED,,STRAIGHT AND LEVEL,DRY,NO DEFECTS,ON SCENE,NO INJURY / DRIVE AWAY,Y,,Y,"OVER $1,500",9/28/2019 16:13,UNABLE TO DETERMINE,UNABLE TO DETERMINE,1900,W,83RD ST,614,,,,,,,2,NO INDICATION OF INJURY,0,0,0,0,0,2,0,15,7,9,41.74308526,-87.67059912,POINT (-87.670599119676 41.743085258752)
JC452079,,9/28/2019 15:30,30,NO CONTROLS,NO CONTROLS,CLEAR,DAYLIGHT,REAR END,DIVIDED - W/MEDIAN (NOT RAISED),,STRAIGHT AND LEVEL,DRY,NO DEFECTS,NOT ON SCENE (DESK REPORT),NO INJURY / DRIVE AWAY,,,Y,"OVER $1,500",9/28/2019 16:30,FOLLOWING TOO CLOSELY,NOT APPLICABLE,8300,S,WOLCOTT AVE,614,,,,,,,2,NO INDICATION OF INJURY,0,0,0,0,0,2,0,15,7,9,41.74288339,-87.67067936,POINT (-87.670679357776 41.742883393889)
JC452076,,9/28/2019 15:30,30,NO CONTROLS,NO CONTROLS,CLEAR,DAYLIGHT,PARKED MOTOR VEHICLE,CENTER TURN LANE,,STRAIGHT AND LEVEL,DRY,NO DEFECTS,ON SCENE,NO INJURY / DRIVE AWAY,,,Y,"$501 - $1,500",9/28/2019 16:10,IMPROPER LANE USAGE,NOT APPLICABLE,4433,S,DRAKE AVE,821,,,,,,,2,NO INDICATION OF INJURY,0,0,0,0,0,1,0,15,7,9,41.81251121,-87.71241294,POINT (-87.712412944262 41.812511207153)
JC452056,,9/28/2019 15:30,30,NO CONTROLS,NO CONTROLS,CLEAR,DAYLIGHT,ANGLE,ALLEY,,STRAIGHT AND LEVEL,DRY,NO DEFECTS,NOT ON SCENE (DESK REPORT),NO INJURY / DRIVE AWAY,,,,"$501 - $1,500",9/28/2019 16:12,NOT APPLICABLE,NOT APPLICABLE,2334,W,MARQUETTE RD,832,,,,,,,2,NO INDICATION OF INJURY,0,0,0,0,0,3,0,15,7,9,41.77208928,-87.68226439,POINT (-87.682264389061 41.772089277375)
JC452025,,9/28/2019 15:29,20,TRAFFIC SIGNAL,FUNCTIONING PROPERLY,CLEAR,DAYLIGHT,REAR END,NOT DIVIDED,,STRAIGHT AND LEVEL,DRY,NO DEFECTS,NOT ON SCENE (DESK REPORT),NO INJURY / DRIVE AWAY,,,,"OVER $1,500",9/28/2019 15:45,FOLLOWING TOO CLOSELY,NOT APPLICABLE,4700,S,LAFLIN ST,933,,,,,,,2,NO INDICATION OF INJURY,0,0,0,0,0,2,0,15,7,9,41.80854438,-87.66267891,POINT (-87.662678908924 41.808544382283)
JC452026,,9/28/2019 15:26,20,NO CONTROLS,NO CONTROLS,CLEAR,DAYLIGHT,PARKED MOTOR VEHICLE,ONE-WAY,,STRAIGHT AND LEVEL,WET,UNKNOWN,ON SCENE,INJURY AND / OR TOW DUE TO CRASH,,,,"OVER $1,500",9/28/2019 15:26,UNDER THE INFLUENCE OF ALCOHOL/DRUGS (USE WHEN ARREST IS EFFECTED),UNDER THE INFLUENCE OF ALCOHOL/DRUGS (USE WHEN ARREST IS EFFECTED),6750,S,CORNELL AVE,332,,,,,,,2,NO INDICATION OF INJURY,0,0,0,0,0,1,0,15,7,9,41.77183146,-87.58518755,POINT (-87.585187552461 41.771831458945)
JC452106,,9/28/2019 15:19,35,NO CONTROLS,NO CONTROLS,CLEAR,DAYLIGHT,SIDESWIPE SAME DIRECTION,FOUR WAY,,STRAIGHT AND LEVEL,DRY,NO DEFECTS,ON SCENE,INJURY AND / OR TOW DUE TO CRASH,Y,,,"OVER $1,500",9/28/2019 16:08,UNABLE TO DETERMINE,NOT APPLICABLE,657,W,111TH ST,2233,Y,Y,,,,,2,NO INDICATION OF INJURY,0,0,0,0,0,2,0,15,7,9,41.69227563,-87.6398087,POINT (-87.639808704445 41.692275625641)
JC452122,,9/28/2019 15:15,30,TRAFFIC SIGNAL,FUNCTIONING PROPERLY,CLOUDY/OVERCAST,DAYLIGHT,SIDESWIPE SAME DIRECTION,NOT DIVIDED,,STRAIGHT AND LEVEL,DRY,NO DEFECTS,NOT ON SCENE (DESK REPORT),NO INJURY / DRIVE AWAY,,,Y,"$501 - $1,500",9/28/2019 17:10,IMPROPER LANE USAGE,UNABLE TO DETERMINE,3212,W,ADDISON ST,1733,,,,,,,2,NO INDICATION OF INJURY,0,0,0,0,0,2,0,15,7,9,41.94673627,-87.70842598,POINT (-87.708425979206 41.946736269406)
JC452086,,9/28/2019 15:15,35,TRAFFIC SIGNAL,FUNCTIONING PROPERLY,FOG/SMOKE/HAZE,DAYLIGHT,TURNING,DIVIDED - W/MEDIAN (NOT RAISED),,STRAIGHT AND LEVEL,WET,NO DEFECTS,ON SCENE,INJURY AND / OR TOW DUE TO CRASH,Y,,,"OVER $1,500",9/28/2019 15:30,UNABLE TO DETERMINE,UNABLE TO DETERMINE,5200,S,PULASKI RD,815,,,,,,,2,"REPORTED, NOT EVIDENT",1,0,0,0,1,2,0,15,7,9,41.79850504,-87.72345874,POINT (-87.723458737142 41.798505044022)