RD_NO,CRASH_DATE_EST_I,CRASH_DATE,POSTED_SPEED_LIMIT,TRAFFIC_CONTROL_DEVICE,DEVICE_CONDITION,WEATHER_CONDITION,LIGHTING_CONDITION,FIRST_CRASH_TYPE,TRAFFICWAY_TYPE,LANE_CNT,ALIGNMENT,ROADWAY_SURFACE_COND,ROAD_DEFECT,REPORT_TYPE,CRASH_TYPE,INTERSECTION_RELATED_I,NOT_RIGHT_OF_WAY_I,HIT_AND_RUN_I,DAMAGE,DATE_POLICE_NOTIFIED,PRIM_CONTRIBUTORY_CAUSE,SEC_CONTRIBUTORY_CAUSE,STREET_NO,STREET_DIRECTION,STREET_NAME,BEAT_OF_OCCURRENCE,PHOTOS_TAKEN_I,STATEMENTS_TAKEN_I,DOORING_I,WORK_ZONE_I,WORK_ZONE_TYPE,WORKERS_PRESENT_I,NUM_UNITS,MOST_SEVERE_INJURY,INJURIES_TOTAL,INJURIES_FATAL,INJURIES_INCAPACITATING,INJURIES_NON_INCAPACITATING,INJURIES_REPORTED_NOT_EVIDENT,INJURIES_NO_INDICATION,INJURIES_UNKNOWN,CRASH_HOUR,CRASH_DAY_OF_WEEK,CRASH_MONTH,LATITUDE,LONGITUDE,LOCATION
JC452010,,9/28/2019 15:15,10,NO CONTROLS,NO CONTROLS,CLEAR,DAYLIGHT,SIDESWIPE OPPOSITE DIRECTION,NOT DIVIDED,,STRAIGHT AND LEVEL,DRY,UNKNOWN,NOT ON SCENE (DESK REPORT),NO INJURY / DRIVE AWAY,,,Y,"$501 - $1,500",9/28/2019 15:44,UNABLE TO DETERMINE,NOT APPLICABLE,3048,W,CULLERTON ST,1022,,,,,,,2,NO INDICATION OF INJURY,0,0,0,0,0,2,0,15,7,9,41.85466814,-87.70223057,POINT (-87.702230565295 41.854668141841)
JC451992,,9/28/2019 15:05,25,NO CONTROLS,NO CONTROLS,CLOUDY/OVERCAST,DAYLIGHT,PARKED MOTOR VEHICLE,ONE-WAY,,STRAIGHT AND LEVEL,WET,NO DEFECTS,ON SCENE,NO INJURY / DRIVE AWAY,,,,"$501 - $1,500",9/28/2019 15:15,IMPROPER OVERTAKING/PASSING,UNABLE TO DETERMINE,7015,N,RAVENSWOOD AVE,2424,,,,,,,2,NO INDICATION OF INJURY,0,0,0,0,0,1,0,15,7,9,42.00945514,-87.67518608,POINT (-87.675186077417 42.009455139285)
JC453818,,9/28/2019 15:00,20,NO CONTROLS,NO CONTROLS,UNKNOWN,DAYLIGHT,PARKED MOTOR VEHICLE,DIVIDED - W/MEDIAN (NOT RAISED),,STRAIGHT AND LEVEL,UNKNOWN,NO DEFECTS,NOT ON SCENE (DESK REPORT),NO INJURY / DRIVE AWAY,,,Y,"$501 - $1,500",9/30/2019 7:50,UNABLE TO DETERMINE,NOT APPLICABLE,3442,W,BELLE PLAINE AVE,1723,,,,,,,2,NO INDICATION OF INJURY,0,0,0,0,0,1,0,15,7,9,41.95576213,-87.71473001,POINT (-87.714730006698 41.955762131096)
JC452060,,9/28/2019 15:00,20,NO CONTROLS,NO CONTROLS,CLOUDY/OVERCAST,DAYLIGHT,PARKED MOTOR VEHICLE,ONE-WAY,,STRAIGHT AND LEVEL,DRY,NO DEFECTS,ON SCENE,NO INJURY / DRIVE AWAY,,,,"OVER $1,500",9/28/2019 15:03,UNABLE TO DETERMINE,UNABLE TO DETERMINE,4742,N,VIRGINIA AVE,1911,,,,,,,2,NO INDICATION OF INJURY,0,0,0,0,0,1,0,15,7,9,41.96762969,-87.69909026,POINT (-87.699090257907 41.967629693639)
JC451989,,9/28/2019 15:00,30,NO CONTROLS,NO CONTROLS,CLOUDY/OVERCAST,DAYLIGHT,REAR END,NOT DIVIDED,,STRAIGHT AND LEVEL,DRY,NO DEFECTS,NOT ON SCENE (DESK REPORT),NO INJURY / DRIVE AWAY,,,,"$501 - $1,500",9/28/2019 15:20,FOLLOWING TOO CLOSELY,UNABLE TO DETERMINE,3898,N,CICERO AVE,1634,,,,,,,2,NO INDICATION OF INJURY,0,0,0,0,0,2,0,15,7,9,41.95152381,-87.74741219,POINT (-87.747412192333 41.951523809514)
JC451988,,9/28/2019 15:00,30,NO CONTROLS,NO CONTROLS,RAIN,DAYLIGHT,ANGLE,NOT DIVIDED,,STRAIGHT AND LEVEL,WET,UNKNOWN,ON SCENE,NO INJURY / DRIVE AWAY,Y,,,"OVER $1,500",9/28/2019 15:15,UNABLE TO DETERMINE,NOT APPLICABLE,4414,N,MANGO AVE,1622,,,,,,,2,NO INDICATION OF INJURY,0,0,0,0,0,2,0,15,7,9,41.96093195,-87.77107046,POINT (-87.771070459787 41.960931947707)
JC452002,Y,9/28/2019 14:57,30,NO CONTROLS,NO CONTROLS,CLOUDY/OVERCAST,DAYLIGHT,REAR END,DIVIDED - W/MEDIAN (NOT RAISED),,STRAIGHT AND LEVEL,DRY,NO DEFECTS,ON SCENE,NO INJURY / DRIVE AWAY,,,Y,"$501 - $1,500",9/28/2019 15:03,FOLLOWING TOO CLOSELY,UNABLE TO DETERMINE,4002,W,31ST ST,1031,,,,,,,2,NO INDICATION OF INJURY,0,0,0,0,0,3,0,14,7,9,41.83699016,-87.72448719,POINT (-87.724487189526 41.83699016249)
JC454079,,9/28/2019 14:50,30,TRAFFIC SIGNAL,FUNCTIONING PROPERLY,CLEAR,DAYLIGHT,REAR END,NOT DIVIDED,,STRAIGHT AND LEVEL,DRY,NO DEFECTS,NOT ON SCENE (DESK REPORT),NO INJURY / DRIVE AWAY,,,,"OVER $1,500",9/30/2019 11:21,FOLLOWING TOO CLOSELY,NOT APPLICABLE,698,S,MICHIGAN AVE,123,,,,,,,2,NO INDICATION OF INJURY,0,0,0,0,0,2,0,14,7,9,41.87322319,-87.62434873,POINT (-87.624348732928 41.873223187237)
JC451981,Y,9/28/2019 14:50,25,NO CONTROLS,NO CONTROLS,CLEAR,DAYLIGHT,PARKED MOTOR VEHICLE,ONE-WAY,,STRAIGHT AND LEVEL,DRY,NO DEFECTS,ON SCENE,NO INJURY / DRIVE AWAY,,,Y,"$501 - $1,500",9/28/2019 15:10,UNABLE TO DETERMINE,NOT APPLICABLE,7049,S,WABASH AVE,322,,,,,,,2,NO INDICATION OF INJURY,0,0,0,0,0,1,0,14,7,9,41.76591911,-87.62315579,POINT (-87.623155787925 41.765919114008)
JC451955,,9/28/2019 14:45,30,NO CONTROLS,NO CONTROLS,CLOUDY/OVERCAST,DAYLIGHT,TURNING,NOT DIVIDED,,STRAIGHT AND LEVEL,DRY,NO DEFECTS,ON SCENE,NO INJURY / DRIVE AWAY,,,,"$501 - $1,500",9/28/2019 14:49,UNABLE TO DETERMINE,UNABLE TO DETERMINE,2170,W,OGDEN AVE,1225,,,,,,,2,NO INDICATION OF INJURY,0,0,0,0,0,4,0,14,7,9,41.86918854,-87.68088995,POINT (-87.680889951088 41.86918853456)
JC451948,,9/28/2019 14:40,30,TRAFFIC SIGNAL,FUNCTIONING PROPERLY,CLEAR,DAYLIGHT,REAR END,NOT DIVIDED,,STRAIGHT AND LEVEL,DRY,NO DEFECTS,ON SCENE,NO INJURY / DRIVE AWAY,,,N,$500 OR LESS,9/28/2019 14:49,FAILING TO REDUCE SPEED TO AVOID CRASH,UNABLE TO DETERMINE,400,E,83RD ST,631,,,,,,,2,NO INDICATION OF INJURY,0,0,0,0,0,2,0,14,7,9,41.74392291,-87.61468749,POINT (-87.614687486131 41.743922906387)
JC452231,,9/28/2019 14:30,30,OTHER,FUNCTIONING PROPERLY,CLEAR,DAYLIGHT,SIDESWIPE SAME DIRECTION,DIVIDED - W/MEDIAN (NOT RAISED),,STRAIGHT AND LEVEL,DRY,NO DEFECTS,NOT ON SCENE (DESK REPORT),NO INJURY / DRIVE AWAY,,,,"OVER $1,500",9/28/2019 18:28,FAILING TO YIELD RIGHT-OF-WAY,FAILING TO REDUCE SPEED TO AVOID CRASH,837,W,NORTH AVE,1822,,,,,,,2,NO INDICATION OF INJURY,0,0,0,0,0,2,0,14,7,9,41.91078672,-87.64973872,POINT (-87.649738716022 41.910786719094)
JC451945,,9/28/2019 14:30,30,TRAFFIC SIGNAL,FUNCTIONING PROPERLY,CLEAR,DAYLIGHT,REAR END,NOT DIVIDED,,STRAIGHT AND LEVEL,DRY,UNKNOWN,NOT ON SCENE (DESK REPORT),NO INJURY / DRIVE AWAY,,,,"$501 - $1,500",9/28/2019 14:35,FOLLOWING TOO CLOSELY,UNABLE TO DETERMINE,2800,W,CERMAK RD,1023,,,,,,,2,NO INDICATION OF INJURY,0,0,0,0,0,2,0,14,7,9,41.85201006,-87.69563002,POINT (-87.695630018093 41.852010054572)
JC453036,,9/28/2019 14:20,30,NO CONTROLS,NO CONTROLS,CLEAR,DAYLIGHT,PEDALCYCLIST,NOT DIVIDED,,STRAIGHT AND LEVEL,DRY,NO DEFECTS,NOT ON SCENE (DESK REPORT),INJURY AND / OR TOW DUE TO CRASH,,,,"$501 - $1,500",9/29/2019 13:22,NOT APPLICABLE,NOT APPLICABLE,2000,W,MARQUETTE RD,726,,,,,,,2,NONINCAPACITATING INJURY,1,0,0,1,0,1,0,14,7,9,41.77218557,-87.67377607,POINT (-87.673776072457 41.772185569439)
JC452238,,9/28/2019 14:15,30,NO CONTROLS,NO CONTROLS,RAIN,DAYLIGHT,FIXED OBJECT,NOT DIVIDED,,STRAIGHT AND LEVEL,WET,"RUT, HOLES",NOT ON SCENE (DESK REPORT),INJURY AND / OR TOW DUE TO CRASH,,,,"OVER $1,500",9/28/2019 18:30,ROAD ENGINEERING/SURFACE/MARKING DEFECTS,NOT APPLICABLE,1230,N,LARRABEE ST,1822,,,,,,,1,NO INDICATION OF INJURY,0,0,0,0,0,2,0,14,7,9,41.90466318,-87.64339739,POINT (-87.643397393752 41.904663179944)
JC451916,,9/28/2019 14:15,15,NO CONTROLS,NO CONTROLS,CLEAR,DAYLIGHT,REAR TO REAR,PARKING LOT,,STRAIGHT AND LEVEL,DRY,UNKNOWN,NOT ON SCENE (DESK REPORT),NO INJURY / DRIVE AWAY,,,,$500 OR LESS,9/28/2019 14:30,UNABLE TO DETERMINE,UNABLE TO DETERMINE,6560,W,FULLERTON AVE,2512,,,,,,,2,NO INDICATION OF INJURY,0,0,0,0,0,2,0,14,7,9,41.9237502,-87.78988086,POINT (-87.789880859626 41.923750201042)
JC454550,,9/28/2019 14:10,30,NO CONTROLS,NO CONTROLS,CLEAR,DAYLIGHT,FIXED OBJECT,ONE-WAY,,STRAIGHT AND LEVEL,UNKNOWN,OTHER,NOT ON SCENE (DESK REPORT),NO INJURY / DRIVE AWAY,,,,$500 OR LESS,9/30/2019 16:24,ROAD CONSTRUCTION/MAINTENANCE,ROAD CONSTRUCTION/MAINTENANCE,131,S,DEARBORN ST,112,,,,Y,CONSTRUCTION,Y,1,NO INDICATION OF INJURY,0,0,0,0,0,2,0,14,7,9,41.87988544,-87.6292116,POINT (-87.629211594803 41.879885440301)
JC451934,,9/28/2019 14:10,30,NO CONTROLS,NO CONTROLS,CLEAR,DAYLIGHT,TURNING,DIVIDED - W/MEDIAN (NOT RAISED),,STRAIGHT AND LEVEL,DRY,NO DEFECTS,ON SCENE,NO INJURY / DRIVE AWAY,,,,"OVER $1,500",9/28/2019 14:13,UNABLE TO DETERMINE,UNABLE TO DETERMINE,204,W,83RD ST,622,,,,,,,2,NO INDICATION OF INJURY,0,0,0,0,0,2,0,14,7,9,41.74368719,-87.6293891,POINT (-87.629389095651 41.743687185869)
JC451910,,9/28/2019 14:08,30,TRAFFIC SIGNAL,FUNCTIONING PROPERLY,RAIN,DAYLIGHT,REAR END,NOT DIVIDED,,STRAIGHT AND LEVEL,WET,NO DEFECTS,ON SCENE,INJURY AND / OR TOW DUE TO CRASH,,,,"OVER $1,500",9/28/2019 14:08,FOLLOWING TOO CLOSELY,FAILING TO REDUCE SPEED TO AVOID CRASH,830,N,MICHIGAN AVE,1833,,,,,,,2,NONINCAPACITATING INJURY,1,0,0,1,0,1,0,14,7,9,41.89762925,-87.62427007,POINT (-87.624270068761 41.897629246031)
JC451898,,9/28/2019 14:04,30,STOP SIGN/FLASHER,FUNCTIONING PROPERLY,CLEAR,DAYLIGHT,TURNING,FOUR WAY,,STRAIGHT AND LEVEL,DRY,NO DEFECTS,ON SCENE,INJURY AND / OR TOW DUE TO CRASH,Y,,,"OVER $1,500",9/28/2019 14:09,FAILING TO YIELD RIGHT-OF-WAY,DRIVING SKILLS/KNOWLEDGE/EXPERIENCE,5201,W,MADISON ST,1522,,,,,,,2,NO INDICATION OF INJURY,0,0,0,0,0,3,0,14,7,9,41.88026125,-87.75512498,POINT (-87.755124979873 41.880261254492)
JC453133,,9/28/2019 14:00,45,NO CONTROLS,NO CONTROLS,CLEAR,DAYLIGHT,SIDESWIPE SAME DIRECTION,DIVIDED - W/MEDIAN BARRIER,,STRAIGHT AND LEVEL,DRY,NO DEFECTS,NOT ON SCENE (DESK REPORT),NO INJURY / DRIVE AWAY,,,Y,"$501 - $1,500",9/29/2019 14:40,UNABLE TO DETERMINE,NOT APPLICABLE,5200,N,LAKE SHORE DR SB,2024,,,,,,,2,NO INDICATION OF INJURY,0,0,0,0,0,2,0,14,7,9,41.97662163,-87.65079003,POINT (-87.650790026249 41.976621627865)
JC451976,,9/28/2019 14:00,30,NO CONTROLS,NO CONTROLS,RAIN,DAYLIGHT,ANGLE,NOT DIVIDED,,STRAIGHT AND LEVEL,WET,NO DEFECTS,NOT ON SCENE (DESK REPORT),NO INJURY / DRIVE AWAY,,,,"$501 - $1,500",9/28/2019 15:15,FAILING TO YIELD RIGHT-OF-WAY,FAILING TO YIELD RIGHT-OF-WAY,8400,S,PULASKI RD,834,,,,,,,2,NO INDICATION OF INJURY,0,0,0,0,0,2,0,14,7,9,41.74029939,-87.72176392,POINT (-87.721763924152 41.740299384869)
JC451950,,9/28/2019 14:00,30,NO CONTROLS,NO CONTROLS,CLOUDY/OVERCAST,DAYLIGHT,PARKED MOTOR VEHICLE,DIVIDED - W/MEDIAN (NOT RAISED),,STRAIGHT AND LEVEL,WET,NO DEFECTS,ON SCENE,NO INJURY / DRIVE AWAY,,,Y,"$501 - $1,500",9/28/2019 14:51,UNABLE TO DETERMINE,UNABLE TO DETERMINE,3940,N,KEDZIE AVE,1733,,,,,,,2,NO INDICATION OF INJURY,0,0,0,0,0,1,0,14,7,9,41.95332115,-87.70814585,POINT (-87.708145852422 41.953321150257)
JC451890,,9/28/2019 14:00,30,NO CONTROLS,NO CONTROLS,CLEAR,DAYLIGHT,PARKED MOTOR VEHICLE,NOT DIVIDED,,STRAIGHT AND LEVEL,DRY,NO DEFECTS,NOT ON SCENE (DESK REPORT),NO INJURY / DRIVE AWAY,,,Y,"$501 - $1,500",9/28/2019 14:00,UNABLE TO DETERMINE,NOT APPLICABLE,730,N,RUSH ST,1833,,,,,,,2,NO INDICATION OF INJURY,0,0,0,0,0,1,0,14,7,9,41.89576985,-87.62562856,POINT (-87.62562855939 41.895769846625)
JC451895,,9/28/2019 13:58,30,NO CONTROLS,NO CONTROLS,CLEAR,DAYLIGHT,SIDESWIPE SAME DIRECTION,NOT DIVIDED,,STRAIGHT AND LEVEL,DRY,NO DEFECTS,ON SCENE,INJURY AND / OR TOW DUE TO CRASH,,,,"OVER $1,500",9/28/2019 14:00,IMPROPER LANE USAGE,UNABLE TO DETERMINE,1145,S,CANAL ST,124,,,,,,,2,NO INDICATION OF INJURY,0,0,0,0,0,3,0,13,7,9,41.86771418,-87.63905915,POINT (-87.639059151223 41.867714179101)
JC451954,,9/28/2019 13:52,30,NO CONTROLS,NO CONTROLS,CLOUDY/OVERCAST,DAYLIGHT,SIDESWIPE SAME DIRECTION,DIVIDED - W/MEDIAN (NOT RAISED),,STRAIGHT AND LEVEL,DRY,NO DEFECTS,ON SCENE,NO INJURY / DRIVE AWAY,,,Y,"OVER $1,500",9/28/2019 13:54,DISREGARDING ROAD MARKINGS,FAILING TO YIELD RIGHT-OF-WAY,618,N,MICHIGAN AVE,1834,,,,,,,2,NO INDICATION OF INJURY,0,0,0,0,0,3,0,13,7,9,41.89322322,-87.62435571,POINT (-87.624355710958 41.893223224312)
JC451997,,9/28/2019 13:45,20,NO CONTROLS,NO CONTROLS,CLEAR,DAYLIGHT,SIDESWIPE OPPOSITE DIRECTION,OTHER,,STRAIGHT AND LEVEL,DRY,UNKNOWN,NOT ON SCENE (DESK REPORT),NO INJURY / DRIVE AWAY,,,,"OVER $1,500",9/28/2019 15:45,UNABLE TO DETERMINE,UNABLE TO DETERMINE,6701,S,JEFFERY BLVD,331,,,,,,,2,NO INDICATION OF INJURY,0,0,0,0,0,2,0,13,7,9,41.77336022,-87.57634549,POINT (-87.576345488656 41.77336021958)
JC451947,,9/28/2019 13:45,30,STOP SIGN/FLASHER,FUNCTIONING PROPERLY,RAIN,DAYLIGHT,ANGLE,NOT DIVIDED,,STRAIGHT AND LEVEL,WET,NO DEFECTS,NOT ON SCENE (DESK REPORT),NO INJURY / DRIVE AWAY,Y,,,"OVER $1,500",9/28/2019 14:25,UNABLE TO DETERMINE,UNABLE TO DETERMINE,4800,W,CONGRESS PKWY,1533,,,,,,,2,NO INDICATION OF INJURY,0,0,0,0,0,2,0,13,7,9,41.87417256,-87.74518286,POINT (-87.745182862399 41.874172560376)
JC451909,,9/28/2019 13:45,30,NO CONTROLS,NO CONTROLS,RAIN,DAYLIGHT,ANGLE,NOT DIVIDED,,STRAIGHT AND LEVEL,WET,NO DEFECTS,ON SCENE,NO INJURY / DRIVE AWAY,,,,"OVER $1,500",9/28/2019 14:38,FAILING TO YIELD RIGHT-OF-WAY,UNABLE TO DETERMINE,9900,S,WINSTON AVE,2213,,,,,,,2,NO INDICATION OF INJURY,0,0,0,0,0,2,0,13,7,9,41.71384732,-87.65805675,POINT (-87.658056748013 41.713847320707)
JC451901,,9/28/2019 13:45,30,TRAFFIC SIGNAL,FUNCTIONING PROPERLY,CLEAR,DAYLIGHT,TURNING,NOT DIVIDED,,STRAIGHT AND LEVEL,WET,NO DEFECTS,NOT ON SCENE (DESK REPORT),NO INJURY / DRIVE AWAY,Y,,,"$501 - $1,500",9/28/2019 14:20,UNABLE TO DETERMINE,NOT APPLICABLE,6201,W,FULLERTON AVE,2512,,,,,,,2,NO INDICATION OF INJURY,0,0,0,0,0,3,0,13,7,9,41.92364126,-87.78063559,POINT (-87.780635586119 41.923641259195)
JC451939,,9/28/2019 13:43,30,NO CONTROLS,NO CONTROLS,RAIN,DAYLIGHT,REAR END,NOT DIVIDED,,STRAIGHT AND LEVEL,WET,NO DEFECTS,NOT ON SCENE (DESK REPORT),NO INJURY / DRIVE AWAY,,,,"OVER $1,500",9/28/2019 14:45,NOT APPLICABLE,NOT APPLICABLE,2830,W,59TH ST,824,,,,,,,2,NO INDICATION OF INJURY,0,0,0,0,0,2,0,13,7,9,41.7864962,-87.69475632,POINT (-87.694756320361 41.786496195895)
JC451861,,9/28/2019 13:38,30,TRAFFIC SIGNAL,UNKNOWN,RAIN,DAYLIGHT,TURNING,FOUR WAY,,STRAIGHT AND LEVEL,WET,UNKNOWN,ON SCENE,INJURY AND / OR TOW DUE TO CRASH,Y,,Y,"OVER $1,500",9/28/2019 13:38,FOLLOWING TOO CLOSELY,FOLLOWING TOO CLOSELY,3554,W,IRVING PARK RD,1723,,,,,,,3,NONINCAPACITATING INJURY,1,0,0,1,0,2,0,13,7,9,41.95389934,-87.71759737,POINT (-87.717597370573 41.953899342079)
JC451848,,9/28/2019 13:35,30,NO CONTROLS,NO CONTROLS,CLEAR,DAYLIGHT,REAR END,NOT DIVIDED,,STRAIGHT AND LEVEL,WET,NO DEFECTS,ON SCENE,NO INJURY / DRIVE AWAY,,,,"$501 - $1,500",9/28/2019 13:35,FAILING TO REDUCE SPEED TO AVOID CRASH,NOT APPLICABLE,352,E,47TH ST,215,,,,,,,2,NO INDICATION OF INJURY,0,0,0,0,0,4,0,13,7,9,41.80947866,-87.61750473,POINT (-87.617504727772 41.809478664252)
JC452121,,9/28/2019 13:30,30,NO CONTROLS,NO CONTROLS,RAIN,DAYLIGHT,PARKED MOTOR VEHICLE,NOT DIVIDED,,STRAIGHT AND LEVEL,WET,NO DEFECTS,NOT ON SCENE (DESK REPORT),NO INJURY / DRIVE AWAY,,Y,,"OVER $1,500",9/28/2019 17:05,FAILING TO YIELD RIGHT-OF-WAY,UNABLE TO DETERMINE,7410,S,WESTERN AVE,835,,,,,,,3,NO INDICATION OF INJURY,0,0,0,0,0,1,0,13,7,9,41.75880488,-87.68323325,POINT (-87.683233250533 41.758804875182)
JC452066,,9/28/2019 13:30,20,NO CONTROLS,NO CONTROLS,CLOUDY/OVERCAST,DAYLIGHT,PARKED MOTOR VEHICLE,PARKING LOT,,STRAIGHT AND LEVEL,DRY,WORN SURFACE,ON SCENE,INJURY AND / OR TOW DUE TO CRASH,,,,"OVER $1,500",9/28/2019 15:30,FAILING TO REDUCE SPEED TO AVOID CRASH,UNDER THE INFLUENCE OF ALCOHOL/DRUGS (USE WHEN ARREST IS EFFECTED),351,W,MONTROSE HARBOR DR,1915,,,,,,,2,NO INDICATION OF INJURY,0,0,0,0,0,2,0,13,7,9,41.96071997,-87.63581881,POINT (-87.635818810105 41.960719969257)
JC452022,,9/28/2019 13:30,30,NO CONTROLS,NO CONTROLS,CLEAR,DAYLIGHT,REAR END,NOT DIVIDED,,STRAIGHT AND LEVEL,WET,NO DEFECTS,NOT ON SCENE (DESK REPORT),NO INJURY / DRIVE AWAY,,,,"$501 - $1,500",9/28/2019 15:48,NOT APPLICABLE,NOT APPLICABLE,7900,S,KILPATRICK AVE,834,,,,,,,2,NO INDICATION OF INJURY,0,0,0,0,0,2,0,13,7,9,41.74919988,-87.73729656,POINT (-87.737296564109 41.749199883406)
JC451926,,9/28/2019 13:30,30,NO CONTROLS,NO CONTROLS,CLOUDY/OVERCAST,DAYLIGHT,REAR END,NOT DIVIDED,,STRAIGHT AND LEVEL,WET,NO DEFECTS,ON SCENE,NO INJURY / DRIVE AWAY,,,,"OVER $1,500",9/28/2019 14:22,DRIVING SKILLS/KNOWLEDGE/EXPERIENCE,NOT APPLICABLE,1604,W,95TH ST,2221,,,,,,,2,NO INDICATION OF INJURY,0,0,0,0,0,3,0,13,7,9,41.72132077,-87.66292119,POINT (-87.662921189917 41.721320769301)
JC451913,,9/28/2019 13:30,30,STOP SIGN/FLASHER,FUNCTIONING PROPERLY,CLEAR,DAYLIGHT,ANGLE,DIVIDED - W/MEDIAN (NOT RAISED),,STRAIGHT AND LEVEL,DRY,NO DEFECTS,NOT ON SCENE (DESK REPORT),INJURY AND / OR TOW DUE TO CRASH,Y,,Y,"OVER $1,500",9/28/2019 14:20,FAILING TO YIELD RIGHT-OF-WAY,UNABLE TO DETERMINE,101,W,79TH ST,623,,,,,,,2,"REPORTED, NOT EVIDENT",1,0,0,0,1,1,0,13,7,9,41.75079951,-87.62708963,POINT (-87.627089632181 41.750799513905)
JC453372,,9/28/2019 13:20,30,TRAFFIC SIGNAL,FUNCTIONING PROPERLY,UNKNOWN,DAYLIGHT,REAR END,DIVIDED - W/MEDIAN (NOT RAISED),,STRAIGHT AND LEVEL,UNKNOWN,UNKNOWN,NOT ON SCENE (DESK REPORT),NO INJURY / DRIVE AWAY,,,,"$501 - $1,500",9/29/2019 18:00,FAILING TO REDUCE SPEED TO AVOID CRASH,NOT APPLICABLE,4730,W,79TH ST,834,,,,,,,2,NO INDICATION OF INJURY,0,0,0,0,0,3,0,13,7,9,41.74928884,-87.74009538,POINT (-87.740095379467 41.749288838092)
JC451975,,9/28/2019 13:15,30,TRAFFIC SIGNAL,FUNCTIONING PROPERLY,CLEAR,DAYLIGHT,PARKED MOTOR VEHICLE,NOT DIVIDED,,STRAIGHT AND LEVEL,DRY,NO DEFECTS,ON SCENE,INJURY AND / OR TOW DUE TO CRASH,,,Y,"OVER $1,500",9/28/2019 14:34,UNABLE TO DETERMINE,NOT APPLICABLE,4225,W,55TH ST,813,,,,,,,2,NO INDICATION OF INJURY,0,0,0,0,0,1,0,13,7,9,41.79304143,-87.72922465,POINT (-87.729224647414 41.793041425223)
JC451946,,9/28/2019 13:15,45,NO CONTROLS,NO CONTROLS,CLEAR,DAYLIGHT,FIXED OBJECT,DIVIDED - W/MEDIAN (NOT RAISED),,"CURVE, LEVEL",DRY,NO DEFECTS,ON SCENE,INJURY AND / OR TOW DUE TO CRASH,,,,"OVER $1,500",9/28/2019 14:48,NOT APPLICABLE,NOT APPLICABLE,8800,S,CHICAGO SKYWAY IB,423,,,,,,,1,NO INDICATION OF INJURY,0,0,0,0,0,1,0,13,7,9,41.73527677,-87.5665293,POINT (-87.566529296213 41.735276774373)
JC451891,,9/28/2019 13:15,30,TRAFFIC SIGNAL,FUNCTIONING PROPERLY,CLEAR,DAYLIGHT,TURNING,NOT DIVIDED,,STRAIGHT AND LEVEL,DRY,NO DEFECTS,NOT ON SCENE (DESK REPORT),NO INJURY / DRIVE AWAY,Y,,,"OVER $1,500",9/28/2019 14:00,DISREGARDING TRAFFIC SIGNALS,NOT APPLICABLE,1200,W,CONGRESS PKWY,1231,,,,,,,2,NO INDICATION OF INJURY,0,0,0,0,0,3,0,13,7,9,41.87544973,-87.65706187,POINT (-87.657061870729 41.875449727558)
JC451847,,9/28/2019 13:15,30,NO CONTROLS,NO CONTROLS,RAIN,DAYLIGHT,REAR END,NOT DIVIDED,,STRAIGHT AND LEVEL,WET,NO DEFECTS,NOT ON SCENE (DESK REPORT),NO INJURY / DRIVE AWAY,,,,"$501 - $1,500",9/28/2019 14:30,FOLLOWING TOO CLOSELY,FOLLOWING TOO CLOSELY,5400,W,55TH ST,814,,,,,,,2,NO INDICATION OF INJURY,0,0,0,0,0,2,0,13,7,9,41.79291923,-87.757484,POINT (-87.757484003156 41.792919227649)
JC451834,,9/28/2019 13:15,25,STOP SIGN/FLASHER,FUNCTIONING PROPERLY,CLOUDY/OVERCAST,DAYLIGHT,PEDESTRIAN,FOUR WAY,,STRAIGHT AND LEVEL,WET,NO DEFECTS,ON SCENE,INJURY AND / OR TOW DUE TO CRASH,,,,"$501 - $1,500",9/28/2019 13:15,UNABLE TO DETERMINE,UNABLE TO DETERMINE,3848,W,19TH ST,1014,,,,,,,2,NONINCAPACITATING INJURY,1,0,0,1,0,1,0,13,7,9,41.85513619,-87.72185294,POINT (-87.721852943398 41.85513619101)
JC451838,,9/28/2019 13:14,30,NO CONTROLS,NO CONTROLS,RAIN,DAYLIGHT,REAR END,NOT DIVIDED,,STRAIGHT AND LEVEL,WET,NO DEFECTS,ON SCENE,INJURY AND / OR TOW DUE TO CRASH,,,,"OVER $1,500",9/28/2019 13:18,FOLLOWING TOO CLOSELY,IMPROPER OVERTAKING/PASSING,1457,N,CICERO AVE,2533,,,,,,,2,NONINCAPACITATING INJURY,2,0,0,1,1,4,0,13,7,9,41.90766124,-87.745916,POINT (-87.745915995526 41.907661243938)
JC451853,,9/28/2019 13:11,35,NO CONTROLS,NO CONTROLS,CLEAR,DAYLIGHT,ANGLE,NOT DIVIDED,,STRAIGHT AND LEVEL,WET,UNKNOWN,ON SCENE,NO INJURY / DRIVE AWAY,,,,"OVER $1,500",9/28/2019 13:12,"OPERATING VEHICLE IN ERRATIC, RECKLESS, CARELESS, NEGLIGENT OR AGGRESSIVE MANNER",FAILING TO REDUCE SPEED TO AVOID CRASH,1852,E,87TH ST,412,,,,,,,2,NO INDICATION OF INJURY,0,0,0,0,0,5,0,13,7,9,41.73712633,-87.57852382,POINT (-87.578523820049 41.737126328477)