RD_NO,CRASH_DATE_EST_I,CRASH_DATE,POSTED_SPEED_LIMIT,TRAFFIC_CONTROL_DEVICE,DEVICE_CONDITION,WEATHER_CONDITION,LIGHTING_CONDITION,FIRST_CRASH_TYPE,TRAFFICWAY_TYPE,LANE_CNT,ALIGNMENT,ROADWAY_SURFACE_COND,ROAD_DEFECT,REPORT_TYPE,CRASH_TYPE,INTERSECTION_RELATED_I,NOT_RIGHT_OF_WAY_I,HIT_AND_RUN_I,DAMAGE,DATE_POLICE_NOTIFIED,PRIM_CONTRIBUTORY_CAUSE,SEC_CONTRIBUTORY_CAUSE,STREET_NO,STREET_DIRECTION,STREET_NAME,BEAT_OF_OCCURRENCE,PHOTOS_TAKEN_I,STATEMENTS_TAKEN_I,DOORING_I,WORK_ZONE_I,WORK_ZONE_TYPE,WORKERS_PRESENT_I,NUM_UNITS,MOST_SEVERE_INJURY,INJURIES_TOTAL,INJURIES_FATAL,INJURIES_INCAPACITATING,INJURIES_NON_INCAPACITATING,INJURIES_REPORTED_NOT_EVIDENT,INJURIES_NO_INDICATION,INJURIES_UNKNOWN,CRASH_HOUR,CRASH_DAY_OF_WEEK,CRASH_MONTH,LATITUDE,LONGITUDE,LOCATION
JC451832,,9/28/2019 13:10,15,NO CONTROLS,NO CONTROLS,RAIN,DAYLIGHT,SIDESWIPE SAME DIRECTION,OTHER,,STRAIGHT AND LEVEL,WET,NO DEFECTS,ON SCENE,NO INJURY / DRIVE AWAY,,,,"OVER $1,500",9/28/2019 13:10,FAILING TO YIELD RIGHT-OF-WAY,NOT APPLICABLE,3,W,TERMINAL ST,1653,,,,,,,2,NO INDICATION OF INJURY,0,0,0,0,0,2,0,13,7,9,,,
JC451817,,9/28/2019 13:06,30,TRAFFIC SIGNAL,FUNCTIONING PROPERLY,CLEAR,DAYLIGHT,TURNING,DIVIDED - W/MEDIAN (NOT RAISED),,STRAIGHT AND LEVEL,WET,NO DEFECTS,ON SCENE,INJURY AND / OR TOW DUE TO CRASH,,,Y,"OVER $1,500",9/28/2019 13:10,UNABLE TO DETERMINE,UNABLE TO DETERMINE,5600,N,KIMBALL AVE,1711,,,,,,,2,NO INDICATION OF INJURY,0,0,0,0,0,3,0,13,7,9,41.98309374,-87.71389435,POINT (-87.713894344798 41.983093736616)
JC451819,,9/28/2019 13:04,30,NO CONTROLS,NO CONTROLS,CLOUDY/OVERCAST,DAYLIGHT,TURNING,NOT DIVIDED,,STRAIGHT AND LEVEL,WET,NO DEFECTS,ON SCENE,INJURY AND / OR TOW DUE TO CRASH,,,,"OVER $1,500",9/28/2019 13:13,FAILING TO YIELD RIGHT-OF-WAY,IMPROPER OVERTAKING/PASSING,2440,W,CERMAK RD,1023,,,,,,,2,NO INDICATION OF INJURY,0,0,0,0,0,5,0,13,7,9,41.85212379,-87.68736261,POINT (-87.68736260886 41.852123788777)
JC454450,,9/28/2019 13:00,30,NO CONTROLS,NO CONTROLS,UNKNOWN,UNKNOWN,PARKED MOTOR VEHICLE,NOT DIVIDED,,STRAIGHT AND LEVEL,UNKNOWN,NO DEFECTS,ON SCENE,INJURY AND / OR TOW DUE TO CRASH,,,Y,"OVER $1,500",9/30/2019 15:40,UNABLE TO DETERMINE,NOT APPLICABLE,220,W,SCOTT ST,1821,,,,,,,2,NO INDICATION OF INJURY,0,0,0,0,0,1,0,13,7,9,41.90504463,-87.63543168,POINT (-87.635431675701 41.905044632364)
JC452903,,9/28/2019 13:00,15,NO CONTROLS,NO CONTROLS,CLEAR,DAYLIGHT,PEDALCYCLIST,ALLEY,,STRAIGHT AND LEVEL,DRY,NO DEFECTS,NOT ON SCENE (DESK REPORT),INJURY AND / OR TOW DUE TO CRASH,,,,$500 OR LESS,9/29/2019 11:18,NOT APPLICABLE,NOT APPLICABLE,1856,N,WESTERN AVE,1434,,,,,,,2,NONINCAPACITATING INJURY,1,0,0,1,0,1,0,13,7,9,41.91565055,-87.68750755,POINT (-87.687507545112 41.915650551407)
JC451842,,9/28/2019 13:00,35,NO CONTROLS,NO CONTROLS,CLOUDY/OVERCAST,DAYLIGHT,REAR END,DIVIDED - W/MEDIAN BARRIER,,STRAIGHT AND LEVEL,WET,NO DEFECTS,ON SCENE,INJURY AND / OR TOW DUE TO CRASH,,,,"OVER $1,500",9/28/2019 13:01,FOLLOWING TOO CLOSELY,NOT APPLICABLE,4600,W,PETERSON AVE,1711,,,,,,,2,NO INDICATION OF INJURY,0,0,0,0,0,3,0,13,7,9,41.99007385,-87.74264396,POINT (-87.7426439574 41.99007385223)
JC451840,,9/28/2019 13:00,35,NO CONTROLS,NO CONTROLS,CLEAR,DAYLIGHT,REAR TO FRONT,DIVIDED - W/MEDIAN (NOT RAISED),,STRAIGHT AND LEVEL,DRY,NO DEFECTS,ON SCENE,NO INJURY / DRIVE AWAY,,,,$500 OR LESS,9/28/2019 13:05,IMPROPER BACKING,IMPROPER BACKING,3940,W,87TH ST,834,,,,,,,2,NO INDICATION OF INJURY,0,0,0,0,0,2,0,13,7,9,41.73498305,-87.72060098,POINT (-87.720600978976 41.73498305133)
JC451835,,9/28/2019 13:00,5,NO CONTROLS,NO CONTROLS,RAIN,DAYLIGHT,FIXED OBJECT,ALLEY,,STRAIGHT AND LEVEL,WET,NO DEFECTS,ON SCENE,NO INJURY / DRIVE AWAY,,Y,,$500 OR LESS,9/28/2019 13:09,"VISION OBSCURED (SIGNS, TREE LIMBS, BUILDINGS, ETC.)",NOT APPLICABLE,3542,W,ARTHINGTON ST,1133,,,,,,,1,NO INDICATION OF INJURY,0,0,0,0,0,2,0,13,7,9,41.8700629,-87.71480927,POINT (-87.7148092693 41.87006290404)
JC451831,Y,9/28/2019 12:55,30,TRAFFIC SIGNAL,FUNCTIONING PROPERLY,RAIN,DAYLIGHT,REAR END,NOT DIVIDED,,STRAIGHT AND LEVEL,WET,NO DEFECTS,ON SCENE,NO INJURY / DRIVE AWAY,Y,,,"$501 - $1,500",9/28/2019 13:10,FOLLOWING TOO CLOSELY,NOT APPLICABLE,2601,S,KEDZIE AVE,1033,,,,,,,2,NO INDICATION OF INJURY,0,0,0,0,0,2,0,12,7,9,41.8444281,-87.70489189,POINT (-87.704891888558 41.844428101911)
JC451863,,9/28/2019 12:50,30,TRAFFIC SIGNAL,FUNCTIONING PROPERLY,RAIN,DAYLIGHT,REAR END,NOT DIVIDED,,STRAIGHT AND LEVEL,WET,NO DEFECTS,NOT ON SCENE (DESK REPORT),NO INJURY / DRIVE AWAY,Y,,,"OVER $1,500",9/28/2019 13:56,UNABLE TO DETERMINE,NOT APPLICABLE,2000,E,95TH ST,413,,,,,,,2,NO INDICATION OF INJURY,0,0,0,0,0,2,0,12,7,9,41.72257947,-87.57529252,POINT (-87.575292522504 41.722579473126)
JC452379,,9/28/2019 12:45,30,NO CONTROLS,NO CONTROLS,CLEAR,DAYLIGHT,PARKED MOTOR VEHICLE,OTHER,,STRAIGHT AND LEVEL,DRY,"RUT, HOLES",NOT ON SCENE (DESK REPORT),NO INJURY / DRIVE AWAY,,Y,Y,"OVER $1,500",9/28/2019 20:50,UNABLE TO DETERMINE,UNABLE TO DETERMINE,10134,S,HALSTED ST,2232,,,,,,,2,NO INDICATION OF INJURY,0,0,0,0,0,1,0,12,7,9,41.70950437,-87.64304649,POINT (-87.64304648618 41.709504365945)
JC451824,,9/28/2019 12:45,30,NO CONTROLS,NO CONTROLS,CLEAR,DAYLIGHT,PEDALCYCLIST,DIVIDED - W/MEDIAN (NOT RAISED),,STRAIGHT AND LEVEL,DRY,NO DEFECTS,NOT ON SCENE (DESK REPORT),NO INJURY / DRIVE AWAY,,,,$500 OR LESS,9/28/2019 13:08,FAILING TO YIELD RIGHT-OF-WAY,FAILING TO REDUCE SPEED TO AVOID CRASH,1234,N,HALSTED ST,1822,,,,,,,2,NO INDICATION OF INJURY,0,0,0,0,0,2,0,12,7,9,41.90450211,-87.64826687,POINT (-87.648266867804 41.90450210718)
JC451808,,9/28/2019 12:45,30,NO CONTROLS,NO CONTROLS,RAIN,DAYLIGHT,PARKED MOTOR VEHICLE,ONE-WAY,,STRAIGHT AND LEVEL,WET,NO DEFECTS,NOT ON SCENE (DESK REPORT),NO INJURY / DRIVE AWAY,,,,"OVER $1,500",9/28/2019 13:15,HAD BEEN DRINKING (USE WHEN ARREST IS NOT MADE),NOT APPLICABLE,220,W,SCOTT ST,1821,,,,,,,2,NO INDICATION OF INJURY,0,0,0,0,0,1,0,12,7,9,41.90504463,-87.63543168,POINT (-87.635431675701 41.905044632364)
JC451788,,9/28/2019 12:45,30,TRAFFIC SIGNAL,FUNCTIONING PROPERLY,CLEAR,DAYLIGHT,PEDALCYCLIST,NOT DIVIDED,,STRAIGHT AND LEVEL,WET,NO DEFECTS,ON SCENE,INJURY AND / OR TOW DUE TO CRASH,Y,,,"OVER $1,500",9/28/2019 12:55,FAILING TO YIELD RIGHT-OF-WAY,NOT APPLICABLE,200,W,NORTH AVE,1814,,,,,,,2,NONINCAPACITATING INJURY,1,0,0,1,0,1,0,12,7,9,41.91127114,-87.63476048,POINT (-87.634760480217 41.911271144127)
JC451915,,9/28/2019 12:40,30,UNKNOWN,UNKNOWN,UNKNOWN,UNKNOWN,REAR END,UNKNOWN,,STRAIGHT AND LEVEL,UNKNOWN,UNKNOWN,NOT ON SCENE (DESK REPORT),NO INJURY / DRIVE AWAY,Y,,,"OVER $1,500",9/28/2019 14:30,UNABLE TO DETERMINE,UNABLE TO DETERMINE,10405,S,WESTERN AVE,2212,,,,,,,2,NO INDICATION OF INJURY,0,0,0,0,0,2,0,12,7,9,41.70435296,-87.68141223,POINT (-87.68141223214 41.704352954542)
JC451844,,9/28/2019 12:40,30,TRAFFIC SIGNAL,FUNCTIONING PROPERLY,UNKNOWN,DAYLIGHT,REAR END,NOT DIVIDED,,STRAIGHT AND LEVEL,UNKNOWN,NO DEFECTS,NOT ON SCENE (DESK REPORT),NO INJURY / DRIVE AWAY,,,,"OVER $1,500",9/28/2019 13:30,UNABLE TO DETERMINE,NOT APPLICABLE,10701,S,KEDZIE AVE,2211,,,,,,,2,NO INDICATION OF INJURY,0,0,0,0,0,3,0,12,7,9,41.69878302,-87.70093279,POINT (-87.700932785543 41.698783022375)
JC451889,,9/28/2019 12:35,30,TRAFFIC SIGNAL,FUNCTIONING PROPERLY,RAIN,DAYLIGHT,REAR END,NOT DIVIDED,,STRAIGHT AND LEVEL,WET,NO DEFECTS,NOT ON SCENE (DESK REPORT),NO INJURY / DRIVE AWAY,,,,"$501 - $1,500",9/28/2019 14:05,FOLLOWING TOO CLOSELY,FOLLOWING TOO CLOSELY,7901,S,WESTERN AVE,835,,,,,,,2,NO INDICATION OF INJURY,0,0,0,0,0,2,0,12,7,9,41.75006036,-87.68269913,POINT (-87.682699127318 41.750060362735)
JC451804,,9/28/2019 12:35,20,STOP SIGN/FLASHER,FUNCTIONING PROPERLY,CLOUDY/OVERCAST,DAWN,TURNING,DIVIDED - W/MEDIAN (NOT RAISED),,STRAIGHT AND LEVEL,WET,NO DEFECTS,ON SCENE,NO INJURY / DRIVE AWAY,,,,"$501 - $1,500",9/28/2019 12:50,NOT APPLICABLE,NOT APPLICABLE,10000,W,OHARE ST,1651,,,,,,,2,NO INDICATION OF INJURY,0,0,0,0,0,2,0,12,7,9,41.97620114,-87.90530913,POINT (-87.905309125103 41.976201139024)
JC451777,,9/28/2019 12:35,30,TRAFFIC SIGNAL,FUNCTIONING PROPERLY,CLEAR,DAYLIGHT,REAR END,NOT DIVIDED,,STRAIGHT AND LEVEL,DRY,NO DEFECTS,ON SCENE,INJURY AND / OR TOW DUE TO CRASH,Y,,,"OVER $1,500",9/28/2019 13:11,DRIVING SKILLS/KNOWLEDGE/EXPERIENCE,DISTRACTION - FROM OUTSIDE VEHICLE,735,N,AUSTIN BLVD,1511,,,,,,,3,NO INDICATION OF INJURY,0,0,0,0,0,4,0,12,7,9,41.89375538,-87.77495075,POINT (-87.774950752809 41.893755375182)
JC451836,,9/28/2019 12:32,30,STOP SIGN/FLASHER,FUNCTIONING PROPERLY,CLEAR,DAYLIGHT,REAR END,Y-INTERSECTION,,STRAIGHT AND LEVEL,DRY,NO DEFECTS,NOT ON SCENE (DESK REPORT),NO INJURY / DRIVE AWAY,Y,,,$500 OR LESS,9/28/2019 13:38,FAILING TO REDUCE SPEED TO AVOID CRASH,NOT APPLICABLE,1034,N,MILWAUKEE AVE,1213,,,,,,,2,NO INDICATION OF INJURY,0,0,0,0,0,2,0,12,7,9,41.90062367,-87.66244196,POINT (-87.662441958151 41.90062366665)
JC451782,,9/28/2019 12:31,30,STOP SIGN/FLASHER,FUNCTIONING PROPERLY,RAIN,DAYLIGHT,REAR END,NOT DIVIDED,,STRAIGHT AND LEVEL,WET,NO DEFECTS,ON SCENE,NO INJURY / DRIVE AWAY,,,,"$501 - $1,500",9/28/2019 12:45,FOLLOWING TOO CLOSELY,NOT APPLICABLE,11000,S,KEDZIE AVE,2211,,,,,,,2,NO INDICATION OF INJURY,0,0,0,0,0,2,0,12,7,9,41.69329964,-87.70103488,POINT (-87.701034874831 41.693299638486)
JC453604,,9/28/2019 12:30,30,TRAFFIC SIGNAL,FUNCTIONING PROPERLY,RAIN,DAYLIGHT,SIDESWIPE SAME DIRECTION,DIVIDED - W/MEDIAN BARRIER,,STRAIGHT AND LEVEL,WET,NO DEFECTS,NOT ON SCENE (DESK REPORT),NO INJURY / DRIVE AWAY,Y,,Y,"$501 - $1,500",9/29/2019 22:00,UNABLE TO DETERMINE,UNABLE TO DETERMINE,9500,S,STONY ISLAND AVE,511,,,,,,,2,NO INDICATION OF INJURY,0,0,0,0,0,2,0,12,7,9,41.72225727,-87.58527557,POINT (-87.585275565077 41.722257273006)
JC453262,,9/28/2019 12:30,30,NO CONTROLS,NO CONTROLS,CLEAR,DAYLIGHT,OTHER NONCOLLISION,DIVIDED - W/MEDIAN (NOT RAISED),,STRAIGHT AND LEVEL,DRY,"RUT, HOLES",NOT ON SCENE (DESK REPORT),NO INJURY / DRIVE AWAY,,,,"OVER $1,500",9/29/2019 16:40,NOT APPLICABLE,UNABLE TO DETERMINE,2300,E,103RD ST,431,,,,,,,1,NO INDICATION OF INJURY,0,0,0,0,0,1,0,12,7,9,41.70815708,-87.5680768,POINT (-87.568076799656 41.708157078165)
JC452095,,9/28/2019 12:30,30,NO CONTROLS,NO CONTROLS,CLEAR,DAYLIGHT,REAR END,NOT DIVIDED,,STRAIGHT AND LEVEL,DRY,NO DEFECTS,NOT ON SCENE (DESK REPORT),NO INJURY / DRIVE AWAY,,,Y,"OVER $1,500",9/28/2019 16:50,FOLLOWING TOO CLOSELY,NOT APPLICABLE,2800,N,CENTRAL PARK AVE,2523,,,,,,,2,NO INDICATION OF INJURY,0,0,0,0,0,2,0,12,7,9,41.93195564,-87.71734268,POINT (-87.717342681327 41.931955643353)
JC451851,,9/28/2019 12:30,30,NO CONTROLS,NO CONTROLS,RAIN,DAYLIGHT,PARKED MOTOR VEHICLE,ONE-WAY,,STRAIGHT AND LEVEL,WET,NO DEFECTS,NOT ON SCENE (DESK REPORT),NO INJURY / DRIVE AWAY,,,Y,"OVER $1,500",9/28/2019 13:10,UNABLE TO DETERMINE,NOT APPLICABLE,12801,S,EMERALD AVE,523,,,,,,,2,NO INDICATION OF INJURY,0,0,0,0,0,1,0,12,7,9,41.66135886,-87.6400163,POINT (-87.640016299925 41.661358863188)
JC451792,,9/28/2019 12:21,30,NO CONTROLS,NO CONTROLS,RAIN,DAYLIGHT,PEDESTRIAN,NOT DIVIDED,,STRAIGHT AND LEVEL,WET,NO DEFECTS,ON SCENE,INJURY AND / OR TOW DUE TO CRASH,,,Y,$500 OR LESS,9/28/2019 12:33,UNABLE TO DETERMINE,UNABLE TO DETERMINE,1561,N,MILWAUKEE AVE,1424,,,,,,,2,NONINCAPACITATING INJURY,1,0,0,1,0,1,0,12,7,9,41.90996243,-87.67659113,POINT (-87.676591131324 41.909962433906)
JC451753,,9/28/2019 12:20,25,NO CONTROLS,FUNCTIONING PROPERLY,RAIN,DAYLIGHT,TURNING,FOUR WAY,,STRAIGHT AND LEVEL,WET,NO DEFECTS,ON SCENE,INJURY AND / OR TOW DUE TO CRASH,Y,,,"OVER $1,500",9/28/2019 12:21,FAILING TO YIELD RIGHT-OF-WAY,IMPROPER LANE USAGE,4700,N,ELSTON AVE,1722,,,,,,,2,NO INDICATION OF INJURY,0,0,0,0,0,2,0,12,7,9,41.96624228,-87.73763718,POINT (-87.737637183348 41.966242279799)
JC451866,,9/28/2019 12:15,30,NO CONTROLS,NO CONTROLS,RAIN,DAYLIGHT,REAR END,NOT DIVIDED,,STRAIGHT AND LEVEL,WET,NO DEFECTS,NOT ON SCENE (DESK REPORT),NO INJURY / DRIVE AWAY,,,,"$501 - $1,500",9/28/2019 14:15,NOT APPLICABLE,NOT APPLICABLE,5900,S,CALIFORNIA AVE,824,,,,,,,2,NO INDICATION OF INJURY,0,0,0,0,0,2,0,12,7,9,41.78631361,-87.69373919,POINT (-87.693739184818 41.786313611306)
JC451759,,9/28/2019 12:15,30,NO CONTROLS,NO CONTROLS,RAIN,DAYLIGHT,SIDESWIPE SAME DIRECTION,NOT DIVIDED,,STRAIGHT AND LEVEL,DRY,NO DEFECTS,ON SCENE,NO INJURY / DRIVE AWAY,,,,"OVER $1,500",9/28/2019 12:18,IMPROPER OVERTAKING/PASSING,IMPROPER LANE USAGE,4832,W,47TH ST,814,,,,,,,2,NO INDICATION OF INJURY,0,0,0,0,0,2,0,12,7,9,41.80771214,-87.74443952,POINT (-87.744439515073 41.807712140399)
JC451754,,9/28/2019 12:12,30,NO CONTROLS,NO CONTROLS,RAIN,DAYLIGHT,REAR END,DIVIDED - W/MEDIAN (NOT RAISED),,STRAIGHT AND LEVEL,WET,NO DEFECTS,ON SCENE,NO INJURY / DRIVE AWAY,,,,"OVER $1,500",9/28/2019 12:43,UNABLE TO DETERMINE,UNABLE TO DETERMINE,2925,S,HALSTED ST,914,,,,,,,3,NO INDICATION OF INJURY,0,0,0,0,0,3,0,12,7,9,41.8409021,-87.64620124,POINT (-87.646201235602 41.840902103504)
JC451795,,9/28/2019 12:05,30,STOP SIGN/FLASHER,FUNCTIONING PROPERLY,RAIN,DAYLIGHT,SIDESWIPE SAME DIRECTION,NOT DIVIDED,,STRAIGHT AND LEVEL,WET,NO DEFECTS,NOT ON SCENE (DESK REPORT),NO INJURY / DRIVE AWAY,,,,"OVER $1,500",9/28/2019 13:00,FAILING TO YIELD RIGHT-OF-WAY,UNABLE TO DETERMINE,4902,N,KIMBALL AVE,1712,,,,,,,2,NO INDICATION OF INJURY,0,0,0,0,0,2,0,12,7,9,41.97035529,-87.71356452,POINT (-87.713564519237 41.970355286429)
JC451781,,9/28/2019 12:05,30,NO CONTROLS,NO CONTROLS,RAIN,DAYLIGHT,SIDESWIPE SAME DIRECTION,NOT DIVIDED,,STRAIGHT AND LEVEL,WET,NO DEFECTS,ON SCENE,NO INJURY / DRIVE AWAY,,,,"$501 - $1,500",9/28/2019 12:05,DRIVING ON WRONG SIDE/WRONG WAY,WEATHER,7802,S,SOUTH SHORE DR,421,,,,,,,2,NO INDICATION OF INJURY,0,0,0,0,0,2,0,12,7,9,41.75502997,-87.55150275,POINT (-87.551502754015 41.755029971338)
JC451765,,9/28/2019 12:05,35,NO CONTROLS,NO CONTROLS,CLEAR,DAYLIGHT,ANGLE,NOT DIVIDED,,STRAIGHT AND LEVEL,DRY,NO DEFECTS,NOT ON SCENE (DESK REPORT),NO INJURY / DRIVE AWAY,,,,"OVER $1,500",9/28/2019 12:15,FAILING TO YIELD RIGHT-OF-WAY,FAILING TO YIELD RIGHT-OF-WAY,2241,S,PULASKI RD,1013,,,,,,,2,NO INDICATION OF INJURY,0,0,0,0,0,4,0,12,7,9,41.85023435,-87.72457683,POINT (-87.724576827002 41.850234345846)
JC452297,,9/28/2019 12:00,30,NO CONTROLS,NO CONTROLS,CLEAR,DAYLIGHT,SIDESWIPE SAME DIRECTION,DIVIDED - W/MEDIAN BARRIER,,STRAIGHT AND LEVEL,DRY,NO DEFECTS,NOT ON SCENE (DESK REPORT),NO INJURY / DRIVE AWAY,,,,"$501 - $1,500",9/28/2019 19:35,IMPROPER OVERTAKING/PASSING,NOT APPLICABLE,7900,S,STONY ISLAND AVE,411,,,,,,,2,NO INDICATION OF INJURY,0,0,0,0,0,2,0,12,7,9,41.7514606,-87.58597199,POINT (-87.585971992965 41.751460603167)
JC451798,,9/28/2019 12:00,35,NO CONTROLS,NO CONTROLS,RAIN,DAYLIGHT,PARKED MOTOR VEHICLE,NOT DIVIDED,,STRAIGHT AND LEVEL,WET,NO DEFECTS,NOT ON SCENE (DESK REPORT),NO INJURY / DRIVE AWAY,,,,"OVER $1,500",9/28/2019 12:30,UNABLE TO DETERMINE,UNABLE TO DETERMINE,3749,W,CERMAK RD,1013,,,,,,,2,NO INDICATION OF INJURY,0,0,0,0,0,5,0,12,7,9,41.85150444,-87.71935149,POINT (-87.719351489196 41.851504440374)
JC451779,,9/28/2019 12:00,30,TRAFFIC SIGNAL,FUNCTIONING PROPERLY,RAIN,DAYLIGHT,REAR END,FOUR WAY,,STRAIGHT AND LEVEL,WET,UNKNOWN,NOT ON SCENE (DESK REPORT),NO INJURY / DRIVE AWAY,Y,,N,"OVER $1,500",9/28/2019 12:40,NOT APPLICABLE,NOT APPLICABLE,4000,W,55TH ST,815,,,,,,,2,NO INDICATION OF INJURY,0,0,0,0,0,3,0,12,7,9,41.79331333,-87.72322304,POINT (-87.723223038126 41.793313333588)
JC451711,,9/28/2019 11:46,30,UNKNOWN,UNKNOWN,RAIN,DAYLIGHT,SIDESWIPE OPPOSITE DIRECTION,NOT DIVIDED,,STRAIGHT AND LEVEL,WET,UNKNOWN,ON SCENE,INJURY AND / OR TOW DUE TO CRASH,,,,"OVER $1,500",9/28/2019 12:07,UNABLE TO DETERMINE,DRIVING ON WRONG SIDE/WRONG WAY,6700,S,SOUTH SHORE DR,331,,,,,,,2,NO INDICATION OF INJURY,0,0,0,0,0,4,0,11,7,9,41.77343857,-87.56689931,POINT (-87.566899305833 41.773438566009)
JC452836,,9/28/2019 11:45,30,NO CONTROLS,NO CONTROLS,RAIN,DAYLIGHT,FIXED OBJECT,PARKING LOT,,STRAIGHT AND LEVEL,DRY,NO DEFECTS,NOT ON SCENE (DESK REPORT),NO INJURY / DRIVE AWAY,,Y,,"OVER $1,500",9/29/2019 10:15,FAILING TO YIELD RIGHT-OF-WAY,FOLLOWING TOO CLOSELY,2330,W,SUNNYSIDE AVE,1911,,,,,,,1,NO INDICATION OF INJURY,0,0,0,0,0,1,0,11,7,9,41.96326498,-87.68746618,POINT (-87.687466176329 41.963264979799)
JC451837,,9/28/2019 11:45,30,NO CONTROLS,NO CONTROLS,CLEAR,DAYLIGHT,REAR END,NOT DIVIDED,,STRAIGHT AND LEVEL,DRY,NO DEFECTS,NOT ON SCENE (DESK REPORT),NO INJURY / DRIVE AWAY,,,,"$501 - $1,500",9/28/2019 13:34,NOT APPLICABLE,NOT APPLICABLE,6300,S,SPAULDING AVE,823,,,,,,,2,NO INDICATION OF INJURY,0,0,0,0,0,5,0,11,7,9,41.7788848,-87.70570376,POINT (-87.705703763394 41.778884802093)
JC451767,,9/28/2019 11:45,30,NO CONTROLS,NO CONTROLS,UNKNOWN,DAYLIGHT,SIDESWIPE SAME DIRECTION,ALLEY,,STRAIGHT AND LEVEL,WET,UNKNOWN,NOT ON SCENE (DESK REPORT),NO INJURY / DRIVE AWAY,,,Y,"$501 - $1,500",9/28/2019 12:31,UNABLE TO DETERMINE,NOT APPLICABLE,4814,W,47TH ST,814,,,,,,,2,NO INDICATION OF INJURY,0,0,0,0,0,4,0,11,7,9,41.80770266,-87.74385074,POINT (-87.743850737963 41.807702659699)
JC451722,,9/28/2019 11:45,30,YIELD,NO CONTROLS,RAIN,DAYLIGHT,REAR END,NOT DIVIDED,,STRAIGHT AND LEVEL,WET,NO DEFECTS,NOT ON SCENE (DESK REPORT),NO INJURY / DRIVE AWAY,,,,"OVER $1,500",9/28/2019 12:09,WEATHER,WEATHER,403,W,26TH ST,914,,,,,,,2,NO INDICATION OF INJURY,0,0,0,0,0,3,0,11,7,9,41.84534643,-87.6369244,POINT (-87.636924402922 41.845346433566)
JC451718,,9/28/2019 11:44,30,STOP SIGN/FLASHER,NO CONTROLS,RAIN,DAYLIGHT,ANGLE,NOT DIVIDED,,STRAIGHT AND LEVEL,WET,NO DEFECTS,ON SCENE,NO INJURY / DRIVE AWAY,Y,,,"OVER $1,500",9/28/2019 11:50,DISREGARDING STOP SIGN,DRIVING SKILLS/KNOWLEDGE/EXPERIENCE,500,E,67TH ST,321,,,,,,,2,NO INDICATION OF INJURY,0,0,0,0,0,2,0,11,7,9,41.7731232,-87.61298771,POINT (-87.612987707912 41.773123195334)
JC452520,,9/28/2019 11:43,30,STOP SIGN/FLASHER,FUNCTIONING PROPERLY,CLEAR,"DARKNESS, LIGHTED ROAD",ANGLE,NOT DIVIDED,,STRAIGHT AND LEVEL,DRY,NO DEFECTS,ON SCENE,INJURY AND / OR TOW DUE TO CRASH,Y,,,"OVER $1,500",9/28/2019 11:46,DISREGARDING STOP SIGN,UNABLE TO DETERMINE,100,E,44TH ST,215,,,,,,,3,NO INDICATION OF INJURY,0,0,0,0,0,3,0,11,7,9,41.81483691,-87.62290375,POINT (-87.62290374528 41.814836913239)
JC451813,,9/28/2019 11:40,20,NO CONTROLS,NO CONTROLS,RAIN,DAYLIGHT,REAR END,PARKING LOT,,STRAIGHT AND LEVEL,WET,NO DEFECTS,NOT ON SCENE (DESK REPORT),NO INJURY / DRIVE AWAY,,,,"$501 - $1,500",9/28/2019 13:10,FOLLOWING TOO CLOSELY,FOLLOWING TOO CLOSELY,7921,S,CICERO AVE,834,,,,,,,2,NO INDICATION OF INJURY,0,0,0,0,0,2,0,11,7,9,41.74866824,-87.74117133,POINT (-87.741171330903 41.748668243106)
JC451733,,9/28/2019 11:40,30,STOP SIGN/FLASHER,FUNCTIONING PROPERLY,CLEAR,DAYLIGHT,ANGLE,NOT DIVIDED,,STRAIGHT AND LEVEL,WET,NO DEFECTS,NOT ON SCENE (DESK REPORT),NO INJURY / DRIVE AWAY,Y,,,"OVER $1,500",9/28/2019 12:15,FAILING TO YIELD RIGHT-OF-WAY,DISREGARDING STOP SIGN,4300,N,KIMBALL AVE,1723,,,,,,,2,NO INDICATION OF INJURY,0,0,0,0,0,2,0,11,7,9,41.95935722,-87.71323397,POINT (-87.713233973204 41.95935722408)
JC451709,,9/28/2019 11:38,30,NO CONTROLS,NO CONTROLS,CLEAR,DAYLIGHT,TURNING,DIVIDED - W/MEDIAN (NOT RAISED),,STRAIGHT AND LEVEL,WET,NO DEFECTS,ON SCENE,INJURY AND / OR TOW DUE TO CRASH,,,,"OVER $1,500",9/28/2019 11:38,IMPROPER TURNING/NO SIGNAL,IMPROPER TURNING/NO SIGNAL,1232,W,NORTH AVE,1433,,,,,,,2,NO INDICATION OF INJURY,0,0,0,0,0,2,0,11,7,9,41.91087554,-87.65827824,POINT (-87.658278239858 41.910875543991)