RD_NO,CRASH_DATE_EST_I,CRASH_DATE,POSTED_SPEED_LIMIT,TRAFFIC_CONTROL_DEVICE,DEVICE_CONDITION,WEATHER_CONDITION,LIGHTING_CONDITION,FIRST_CRASH_TYPE,TRAFFICWAY_TYPE,LANE_CNT,ALIGNMENT,ROADWAY_SURFACE_COND,ROAD_DEFECT,REPORT_TYPE,CRASH_TYPE,INTERSECTION_RELATED_I,NOT_RIGHT_OF_WAY_I,HIT_AND_RUN_I,DAMAGE,DATE_POLICE_NOTIFIED,PRIM_CONTRIBUTORY_CAUSE,SEC_CONTRIBUTORY_CAUSE,STREET_NO,STREET_DIRECTION,STREET_NAME,BEAT_OF_OCCURRENCE,PHOTOS_TAKEN_I,STATEMENTS_TAKEN_I,DOORING_I,WORK_ZONE_I,WORK_ZONE_TYPE,WORKERS_PRESENT_I,NUM_UNITS,MOST_SEVERE_INJURY,INJURIES_TOTAL,INJURIES_FATAL,INJURIES_INCAPACITATING,INJURIES_NON_INCAPACITATING,INJURIES_REPORTED_NOT_EVIDENT,INJURIES_NO_INDICATION,INJURIES_UNKNOWN,CRASH_HOUR,CRASH_DAY_OF_WEEK,CRASH_MONTH,LATITUDE,LONGITUDE,LOCATION
JC455621,,9/28/2019 11:30,30,TRAFFIC SIGNAL,FUNCTIONING PROPERLY,CLEAR,DAYLIGHT,TURNING,NOT DIVIDED,,STRAIGHT AND LEVEL,DRY,NO DEFECTS,NOT ON SCENE (DESK REPORT),NO INJURY / DRIVE AWAY,Y,,,"$501 - $1,500",10/1/2019 12:43,FAILING TO YIELD RIGHT-OF-WAY,IMPROPER OVERTAKING/PASSING,2956,N,MILWAUKEE AVE,2523,,,,,,,2,NO INDICATION OF INJURY,0,0,0,0,0,2,0,11,7,9,41.93497394,-87.71731853,POINT (-87.717318525716 41.934973944052)
JC452132,,9/28/2019 11:30,30,STOP SIGN/FLASHER,FUNCTIONING PROPERLY,CLEAR,DAYLIGHT,REAR END,NOT DIVIDED,,STRAIGHT AND LEVEL,DRY,NO DEFECTS,NOT ON SCENE (DESK REPORT),NO INJURY / DRIVE AWAY,Y,,,"OVER $1,500",9/28/2019 15:26,FOLLOWING TOO CLOSELY,NOT APPLICABLE,2109,S,RACINE AVE,1235,,,,,,,2,NO INDICATION OF INJURY,0,0,0,0,0,3,0,11,7,9,41.85374037,-87.65615178,POINT (-87.656151783252 41.85374036924)
JC451869,,9/28/2019 11:30,30,NO CONTROLS,NO CONTROLS,RAIN,DAYLIGHT,SIDESWIPE SAME DIRECTION,NOT DIVIDED,,STRAIGHT AND LEVEL,WET,NO DEFECTS,NOT ON SCENE (DESK REPORT),NO INJURY / DRIVE AWAY,,,Y,"$501 - $1,500",9/28/2019 13:58,NOT APPLICABLE,NOT APPLICABLE,5248,S,KEDZIE AVE,822,,,,,,,2,NO INDICATION OF INJURY,0,0,0,0,0,2,0,11,7,9,41.7975392,-87.70381665,POINT (-87.703816646777 41.797539196813)
JC451715,,9/28/2019 11:30,30,TRAFFIC SIGNAL,FUNCTIONING PROPERLY,RAIN,DAYLIGHT,HEAD ON,NOT DIVIDED,,STRAIGHT AND LEVEL,WET,NO DEFECTS,ON SCENE,INJURY AND / OR TOW DUE TO CRASH,Y,,,"OVER $1,500",9/28/2019 11:32,UNABLE TO DETERMINE,UNABLE TO DETERMINE,8058,S,DR MARTIN LUTHER KING JR DR,623,,,,,,,2,NONINCAPACITATING INJURY,1,0,0,1,0,2,0,11,7,9,41.74755212,-87.61501992,POINT (-87.615019924052 41.747552120629)
JC451778,Y,9/28/2019 11:20,20,NO CONTROLS,NO CONTROLS,RAIN,"DARKNESS, LIGHTED ROAD",SIDESWIPE SAME DIRECTION,ONE-WAY,,STRAIGHT AND LEVEL,WET,NO DEFECTS,ON SCENE,NO INJURY / DRIVE AWAY,,,N,"OVER $1,500",9/28/2019 12:22,UNABLE TO DETERMINE,UNABLE TO DETERMINE,7052,S,SANGAMON ST,733,,,,,,,2,NO INDICATION OF INJURY,0,0,0,0,0,2,0,11,7,9,41.76540595,-87.64821052,POINT (-87.648210520496 41.765405946313)
JC451723,,9/28/2019 11:16,30,NO CONTROLS,NO CONTROLS,CLEAR,DAYLIGHT,PARKED MOTOR VEHICLE,DIVIDED - W/MEDIAN (NOT RAISED),,STRAIGHT AND LEVEL,DRY,NO DEFECTS,NOT ON SCENE (DESK REPORT),NO INJURY / DRIVE AWAY,,,,"$501 - $1,500",9/28/2019 12:00,DRIVING SKILLS/KNOWLEDGE/EXPERIENCE,NOT APPLICABLE,120,W,OAK ST,1824,,,,,,,2,NO INDICATION OF INJURY,0,0,0,0,0,1,0,11,7,9,41.90064917,-87.63232095,POINT (-87.632320948791 41.900649167816)
JC451702,,9/28/2019 11:15,30,NO CONTROLS,NO CONTROLS,CLOUDY/OVERCAST,DAYLIGHT,FIXED OBJECT,OTHER,,STRAIGHT AND LEVEL,DRY,NO DEFECTS,ON SCENE,NO INJURY / DRIVE AWAY,,,,"OVER $1,500",9/28/2019 11:27,UNABLE TO DETERMINE,NOT APPLICABLE,3001,W,BELMONT AVE,1411,,,,,,,1,NO INDICATION OF INJURY,0,0,0,0,0,1,0,11,7,9,41.93925335,-87.70278523,POINT (-87.702785233036 41.939253344724)
JC451731,,9/28/2019 11:12,35,NO CONTROLS,NO CONTROLS,RAIN,DAYLIGHT,PARKED MOTOR VEHICLE,ONE-WAY,,STRAIGHT AND LEVEL,WET,NO DEFECTS,ON SCENE,INJURY AND / OR TOW DUE TO CRASH,,,,"OVER $1,500",9/28/2019 11:12,UNABLE TO DETERMINE,UNABLE TO DETERMINE,1739,E,78TH ST,414,,N,,,,,2,NO INDICATION OF INJURY,0,0,0,0,0,2,0,11,7,9,41.75324249,-87.58181456,POINT (-87.581814558721 41.753242486564)
JC451684,,9/28/2019 11:10,30,TRAFFIC SIGNAL,FUNCTIONING PROPERLY,CLEAR,DAYLIGHT,REAR END,ONE-WAY,,STRAIGHT AND LEVEL,DRY,NO DEFECTS,NOT ON SCENE (DESK REPORT),NO INJURY / DRIVE AWAY,,,Y,"OVER $1,500",9/28/2019 11:20,UNABLE TO DETERMINE,UNABLE TO DETERMINE,340,W,OHIO ST,1831,,,,,,,2,NO INDICATION OF INJURY,0,0,0,0,0,3,0,11,7,9,41.89244415,-87.63720038,POINT (-87.637200379783 41.892444152118)
JC451806,,9/28/2019 11:01,30,STOP SIGN/FLASHER,FUNCTIONING PROPERLY,CLOUDY/OVERCAST,DAYLIGHT,REAR TO SIDE,NOT DIVIDED,,STRAIGHT AND LEVEL,WET,NO DEFECTS,NOT ON SCENE (DESK REPORT),NO INJURY / DRIVE AWAY,,,,"$501 - $1,500",9/28/2019 13:15,UNABLE TO DETERMINE,NOT APPLICABLE,3076,S,KEDVALE AVE,1031,,,,,,,2,NO INDICATION OF INJURY,0,0,0,0,0,4,0,11,7,9,41.83685912,-87.72814154,POINT (-87.728141542069 41.836859117987)
JC456159,,9/28/2019 11:00,35,NO CONTROLS,NO CONTROLS,CLEAR,DAYLIGHT,PARKED MOTOR VEHICLE,ONE-WAY,,STRAIGHT AND LEVEL,DRY,NO DEFECTS,NOT ON SCENE (DESK REPORT),NO INJURY / DRIVE AWAY,,,Y,"OVER $1,500",10/1/2019 18:45,UNABLE TO DETERMINE,UNABLE TO DETERMINE,5544,W,WELLINGTON AVE,2514,,,,,,,2,NO INDICATION OF INJURY,0,0,0,0,0,1,0,11,7,9,41.93504507,-87.765762,POINT (-87.765761998343 41.935045068256)
JC452202,,9/28/2019 11:00,30,NO CONTROLS,NO CONTROLS,CLEAR,DAYLIGHT,SIDESWIPE SAME DIRECTION,DIVIDED - W/MEDIAN (NOT RAISED),,STRAIGHT AND LEVEL,DRY,NO DEFECTS,NOT ON SCENE (DESK REPORT),NO INJURY / DRIVE AWAY,,,Y,"OVER $1,500",9/28/2019 19:00,IMPROPER OVERTAKING/PASSING,UNABLE TO DETERMINE,2200,W,CERMAK RD,1234,,,,,,,2,NO INDICATION OF INJURY,0,0,0,0,0,2,0,11,7,9,41.85220753,-87.68080742,POINT (-87.680807414749 41.852207528974)
JC451668,Y,9/28/2019 11:00,30,TRAFFIC SIGNAL,FUNCTIONING PROPERLY,RAIN,DAYLIGHT,REAR END,FOUR WAY,,STRAIGHT AND LEVEL,WET,NO DEFECTS,ON SCENE,NO INJURY / DRIVE AWAY,,,,$500 OR LESS,9/28/2019 11:10,FOLLOWING TOO CLOSELY,DISTRACTION - FROM INSIDE VEHICLE,9500,S,HALSTED ST,2223,,,,,,,2,NO INDICATION OF INJURY,0,0,0,0,0,2,0,11,7,9,41.72136506,-87.64335804,POINT (-87.643358042341 41.721365060783)
JB451787,,9/28/2019 11:00,30,TRAFFIC SIGNAL,FUNCTIONING PROPERLY,RAIN,DAYLIGHT,TURNING,FOUR WAY,,STRAIGHT AND LEVEL,DRY,NO DEFECTS,NOT ON SCENE (DESK REPORT),NO INJURY / DRIVE AWAY,Y,,Y,"OVER $1,500",9/28/2019 12:00,UNABLE TO DETERMINE,UNABLE TO DETERMINE,244,W,75TH ST,731,,,,,,,2,NO INDICATION OF INJURY,0,0,0,0,0,2,0,11,7,9,41.75823928,-87.63129222,POINT (-87.631292219249 41.758239279424)
JC451927,,9/28/2019 10:55,30,NO CONTROLS,NO CONTROLS,CLEAR,DAYLIGHT,REAR END,NOT DIVIDED,,STRAIGHT AND LEVEL,DRY,UNKNOWN,NOT ON SCENE (DESK REPORT),NO INJURY / DRIVE AWAY,,,,$500 OR LESS,9/28/2019 14:45,FOLLOWING TOO CLOSELY,DRIVING SKILLS/KNOWLEDGE/EXPERIENCE,1520,W,BELMONT AVE,1922,,,,,,,2,NO INDICATION OF INJURY,0,0,0,0,0,2,0,10,7,9,41.93982671,-87.66711668,POINT (-87.667116679148 41.939826709839)
JC451696,,9/28/2019 10:53,30,TRAFFIC SIGNAL,FUNCTIONING PROPERLY,CLEAR,DAYLIGHT,REAR END,DIVIDED - W/MEDIAN (NOT RAISED),,STRAIGHT AND LEVEL,WET,NO DEFECTS,NOT ON SCENE (DESK REPORT),NO INJURY / DRIVE AWAY,,,,"$501 - $1,500",9/28/2019 11:30,DISTRACTION - FROM INSIDE VEHICLE,NOT APPLICABLE,5201,W,IRVING PARK RD,1634,,,,,,,2,NO INDICATION OF INJURY,0,0,0,0,0,2,0,10,7,9,41.95318685,-87.75726574,POINT (-87.757265734676 41.953186849643)
JC452870,,9/28/2019 10:30,35,NO CONTROLS,NO CONTROLS,FOG/SMOKE/HAZE,DAYLIGHT,SIDESWIPE SAME DIRECTION,NOT DIVIDED,,STRAIGHT AND LEVEL,WET,NO DEFECTS,NOT ON SCENE (DESK REPORT),NO INJURY / DRIVE AWAY,,,,"$501 - $1,500",9/29/2019 10:40,UNABLE TO DETERMINE,UNABLE TO DETERMINE,67,W,FULLERTON DR,1814,,,,,,,2,NO INDICATION OF INJURY,0,0,0,0,0,2,0,10,7,9,41.92600504,-87.63130434,POINT (-87.631304335946 41.926005041975)
JC451902,,9/28/2019 10:30,30,NO CONTROLS,NO CONTROLS,CLEAR,DAYLIGHT,TURNING,NOT DIVIDED,,STRAIGHT AND LEVEL,DRY,NO DEFECTS,NOT ON SCENE (DESK REPORT),NO INJURY / DRIVE AWAY,,,,"$501 - $1,500",9/28/2019 14:26,IMPROPER OVERTAKING/PASSING,FOLLOWING TOO CLOSELY,2004,W,MONTROSE AVE,1911,,,,,,,2,NO INDICATION OF INJURY,0,0,0,0,0,2,0,10,7,9,41.96156467,-87.67920672,POINT (-87.679206724074 41.961564672856)
JC451675,,9/28/2019 10:30,30,NO CONTROLS,NO CONTROLS,CLEAR,DAYLIGHT,SIDESWIPE SAME DIRECTION,NOT DIVIDED,,STRAIGHT AND LEVEL,DRY,NO DEFECTS,NOT ON SCENE (DESK REPORT),NO INJURY / DRIVE AWAY,,,,"$501 - $1,500",9/28/2019 11:15,UNABLE TO DETERMINE,UNABLE TO DETERMINE,51,E,71ST ST,323,,,,,,,2,NO INDICATION OF INJURY,0,0,0,0,0,5,0,10,7,9,41.76544527,-87.62289032,POINT (-87.622890317286 41.765445271116)
JC451657,,9/28/2019 10:30,30,NO CONTROLS,NO CONTROLS,RAIN,DAYLIGHT,SIDESWIPE SAME DIRECTION,NOT DIVIDED,,STRAIGHT AND LEVEL,DRY,NO DEFECTS,NOT ON SCENE (DESK REPORT),NO INJURY / DRIVE AWAY,,,,"$501 - $1,500",9/28/2019 11:15,IMPROPER LANE USAGE,UNABLE TO DETERMINE,275,W,FULLERTON DR,1814,,,,,,,2,NO INDICATION OF INJURY,0,0,0,0,0,4,0,10,7,9,41.92556004,-87.63608395,POINT (-87.636083946672 41.925560040081)
JC451633,,9/28/2019 10:30,30,NO CONTROLS,NO CONTROLS,CLEAR,DAYLIGHT,TURNING,NOT DIVIDED,,STRAIGHT AND LEVEL,DRY,NO DEFECTS,ON SCENE,INJURY AND / OR TOW DUE TO CRASH,,,,"OVER $1,500",9/28/2019 10:35,IMPROPER TURNING/NO SIGNAL,NOT APPLICABLE,3701,W,ADDISON ST,1732,,,,,,,2,NO INDICATION OF INJURY,0,0,0,0,0,2,0,10,7,9,41.94635956,-87.72018093,POINT (-87.720180930371 41.946359560499)
JC451640,,9/28/2019 10:26,40,NO CONTROLS,NO CONTROLS,RAIN,DAYLIGHT,FIXED OBJECT,DIVIDED - W/MEDIAN BARRIER,,"CURVE, LEVEL",WET,NO DEFECTS,ON SCENE,INJURY AND / OR TOW DUE TO CRASH,,,,"OVER $1,500",9/28/2019 10:27,UNABLE TO DETERMINE,WEATHER,5530,S,LAKE SHORE DR SB,235,,,,,,,1,NO INDICATION OF INJURY,0,0,0,0,0,1,0,10,7,9,41.79439247,-87.57977369,POINT (-87.579773694193 41.794392473905)
JC452088,,9/28/2019 10:24,15,NO CONTROLS,NO CONTROLS,RAIN,DAYLIGHT,PARKED MOTOR VEHICLE,PARKING LOT,,STRAIGHT AND LEVEL,WET,NO DEFECTS,NOT ON SCENE (DESK REPORT),NO INJURY / DRIVE AWAY,,,Y,"$501 - $1,500",9/28/2019 16:30,IMPROPER BACKING,IMPROPER BACKING,5553,S,KEDZIE AVE,824,,,,,,,2,NO INDICATION OF INJURY,0,0,0,0,0,1,0,10,7,9,41.79196063,-87.70336603,POINT (-87.703366029714 41.791960630385)
JC451652,,9/28/2019 10:20,30,NO CONTROLS,NO CONTROLS,CLEAR,DAYLIGHT,REAR END,NOT DIVIDED,,STRAIGHT AND LEVEL,WET,NO DEFECTS,NOT ON SCENE (DESK REPORT),NO INJURY / DRIVE AWAY,,,,"OVER $1,500",9/28/2019 10:57,FOLLOWING TOO CLOSELY,NOT APPLICABLE,301,N,CICERO AVE,1113,,,,,,,2,NO INDICATION OF INJURY,0,0,0,0,0,3,0,10,7,9,41.88537852,-87.74530832,POINT (-87.745308322713 41.885378522194)
JC451620,,9/28/2019 10:20,30,NO CONTROLS,NO CONTROLS,RAIN,DAYLIGHT,TURNING,NOT DIVIDED,,STRAIGHT AND LEVEL,WET,NO DEFECTS,ON SCENE,NO INJURY / DRIVE AWAY,,,,"OVER $1,500",9/28/2019 10:25,IMPROPER TURNING/NO SIGNAL,WEATHER,10420,S,WESTERN AVE,2211,,,,,,,2,NO INDICATION OF INJURY,0,0,0,0,0,2,0,10,7,9,41.70389515,-87.68168935,POINT (-87.681689353409 41.703895154314)
JC451674,N,9/28/2019 10:15,30,NO CONTROLS,NO CONTROLS,RAIN,DAYLIGHT,SIDESWIPE SAME DIRECTION,DIVIDED - W/MEDIAN BARRIER,,STRAIGHT AND LEVEL,WET,NO DEFECTS,ON SCENE,INJURY AND / OR TOW DUE TO CRASH,,,Y,"OVER $1,500",9/28/2019 11:15,IMPROPER OVERTAKING/PASSING,NOT APPLICABLE,11717,S,HALSTED ST,524,,,,,,,2,NO INDICATION OF INJURY,0,0,0,0,0,3,0,10,7,9,41.68122247,-87.64187657,POINT (-87.64187657016 41.681222465932)
JC451663,,9/28/2019 10:15,30,TRAFFIC SIGNAL,FUNCTIONING PROPERLY,RAIN,DAYLIGHT,REAR END,NOT DIVIDED,,STRAIGHT AND LEVEL,WET,NO DEFECTS,ON SCENE,NO INJURY / DRIVE AWAY,,,Y,$500 OR LESS,9/28/2019 10:30,FOLLOWING TOO CLOSELY,FAILING TO REDUCE SPEED TO AVOID CRASH,9300,S,LAFAYETTE AVE,634,,,,,,,2,NO INDICATION OF INJURY,0,0,0,0,0,3,0,10,7,9,41.72527261,-87.62530521,POINT (-87.625305208488 41.725272605738)
JC451597,,9/28/2019 10:01,30,NO CONTROLS,NO CONTROLS,RAIN,DAYLIGHT,PARKED MOTOR VEHICLE,NOT DIVIDED,,STRAIGHT AND LEVEL,WET,NO DEFECTS,ON SCENE,INJURY AND / OR TOW DUE TO CRASH,,,Y,"OVER $1,500",9/28/2019 10:01,UNABLE TO DETERMINE,UNABLE TO DETERMINE,432,N,ST LOUIS AVE,1123,,,,,,,4,NO INDICATION OF INJURY,0,0,0,0,0,1,0,10,7,9,41.88924819,-87.71383578,POINT (-87.7138357782 41.889248189391)
JC458789,,9/28/2019 10:00,10,NO CONTROLS,NO CONTROLS,UNKNOWN,DAYLIGHT,PARKED MOTOR VEHICLE,PARKING LOT,,STRAIGHT AND LEVEL,UNKNOWN,UNKNOWN,NOT ON SCENE (DESK REPORT),NO INJURY / DRIVE AWAY,,Y,,"OVER $1,500",10/3/2019 17:00,IMPROPER BACKING,UNABLE TO DETERMINE,1210,E,78TH ST,411,,,,,,,2,NO INDICATION OF INJURY,0,0,0,0,0,2,0,10,7,9,41.75332502,-87.59504076,POINT (-87.595040758431 41.753325016069)
JC453924,Y,9/28/2019 10:00,30,NO CONTROLS,NO CONTROLS,UNKNOWN,UNKNOWN,PARKED MOTOR VEHICLE,NOT DIVIDED,,STRAIGHT AND LEVEL,UNKNOWN,NO DEFECTS,NOT ON SCENE (DESK REPORT),NO INJURY / DRIVE AWAY,,,Y,"OVER $1,500",9/30/2019 9:25,UNABLE TO DETERMINE,UNABLE TO DETERMINE,1599,N,KEDZIE AVE,1423,,,,,,,2,NO INDICATION OF INJURY,0,0,0,0,0,1,0,10,7,9,41.91003373,-87.70684419,POINT (-87.70684419376 41.910033726424)
JC451878,,9/28/2019 10:00,30,NO CONTROLS,NO CONTROLS,RAIN,DAYLIGHT,PARKED MOTOR VEHICLE,ONE-WAY,,STRAIGHT AND LEVEL,WET,NO DEFECTS,NOT ON SCENE (DESK REPORT),NO INJURY / DRIVE AWAY,,,Y,"OVER $1,500",9/28/2019 14:00,UNABLE TO DETERMINE,UNABLE TO DETERMINE,5032,W,IOWA ST,1531,,,,,,,2,NO INDICATION OF INJURY,0,0,0,0,0,1,0,10,7,9,41.89688938,-87.75211498,POINT (-87.752114978712 41.896889382113)
JC451608,Y,9/28/2019 10:00,30,STOP SIGN/FLASHER,FUNCTIONING PROPERLY,RAIN,DAYLIGHT,ANGLE,T-INTERSECTION,,STRAIGHT AND LEVEL,WET,NO DEFECTS,ON SCENE,NO INJURY / DRIVE AWAY,Y,,,"OVER $1,500",9/28/2019 10:19,UNABLE TO DETERMINE,UNABLE TO DETERMINE,2840,N,CENTRAL PARK AVE,2523,,,,,,,2,NO INDICATION OF INJURY,0,0,0,0,0,2,0,10,7,9,41.93316281,-87.71736793,POINT (-87.717367931573 41.933162806291)
JC451587,,9/28/2019 9:59,30,NO CONTROLS,NO CONTROLS,RAIN,DAYLIGHT,PEDESTRIAN,NOT DIVIDED,,STRAIGHT AND LEVEL,WET,NO DEFECTS,ON SCENE,INJURY AND / OR TOW DUE TO CRASH,Y,,,$500 OR LESS,9/28/2019 10:00,UNABLE TO DETERMINE,UNABLE TO DETERMINE,655,N,ASHLAND AVE,1215,,,,,,,2,NONINCAPACITATING INJURY,1,0,0,1,0,1,0,9,7,9,41.89408721,-87.66708464,POINT (-87.667084634935 41.894087207499)
JC451595,,9/28/2019 9:57,35,TRAFFIC SIGNAL,FUNCTIONING PROPERLY,RAIN,DAYLIGHT,PEDESTRIAN,NOT DIVIDED,,STRAIGHT AND LEVEL,WET,NO DEFECTS,ON SCENE,INJURY AND / OR TOW DUE TO CRASH,,,,$500 OR LESS,9/28/2019 9:58,FAILING TO YIELD RIGHT-OF-WAY,UNABLE TO DETERMINE,8519,S,ESSEX AVE,423,,,,,,,2,NONINCAPACITATING INJURY,1,0,0,1,0,3,0,9,7,9,41.74026397,-87.56348064,POINT (-87.563480640553 41.740263973233)
JC451569,,9/28/2019 9:55,30,NO CONTROLS,NO CONTROLS,RAIN,DAYLIGHT,REAR END,NOT DIVIDED,,STRAIGHT AND LEVEL,WET,NO DEFECTS,ON SCENE,INJURY AND / OR TOW DUE TO CRASH,,,,"OVER $1,500",9/28/2019 9:55,UNABLE TO DETERMINE,UNABLE TO DETERMINE,5329,N,MILWAUKEE AVE,1622,,,,,,,2,NO INDICATION OF INJURY,0,0,0,0,0,5,0,9,7,9,41.97739805,-87.76914014,POINT (-87.76914014229 41.977398053218)
JC451594,,9/28/2019 9:45,15,NO CONTROLS,NO CONTROLS,RAIN,DAYLIGHT,FIXED OBJECT,PARKING LOT,,STRAIGHT AND LEVEL,WET,NO DEFECTS,ON SCENE,NO INJURY / DRIVE AWAY,,Y,,"$501 - $1,500",9/28/2019 9:53,DRIVING SKILLS/KNOWLEDGE/EXPERIENCE,NOT APPLICABLE,2712,N,MILWAUKEE AVE,1412,,,,,,,1,NO INDICATION OF INJURY,0,0,0,0,0,1,0,9,7,9,41.93042227,-87.7098543,POINT (-87.709854299645 41.930422272103)
JC451465,,9/28/2019 9:36,20,NO CONTROLS,NO CONTROLS,RAIN,DAYLIGHT,SIDESWIPE OPPOSITE DIRECTION,NOT DIVIDED,,STRAIGHT AND LEVEL,WET,NO DEFECTS,ON SCENE,INJURY AND / OR TOW DUE TO CRASH,,,,"$501 - $1,500",9/28/2019 9:37,UNABLE TO DETERMINE,NOT APPLICABLE,847,W,BARRY AVE,1933,,,,,,,2,NO INDICATION OF INJURY,0,0,0,0,0,2,0,9,7,9,41.93803202,-87.65099007,POINT (-87.650990065278 41.938032017639)
JC454267,,9/28/2019 9:30,30,NO CONTROLS,NO CONTROLS,RAIN,DAYLIGHT,TURNING,DIVIDED - W/MEDIAN (NOT RAISED),,STRAIGHT AND LEVEL,WET,NO DEFECTS,NOT ON SCENE (DESK REPORT),NO INJURY / DRIVE AWAY,,,,$500 OR LESS,9/30/2019 13:10,IMPROPER TURNING/NO SIGNAL,UNABLE TO DETERMINE,1825,W,MONTEREY AVE,2212,,,,,,,2,NO INDICATION OF INJURY,0,0,0,0,0,2,0,9,7,9,41.69111909,-87.66827673,POINT (-87.668276730758 41.691119092715)
JC451589,,9/28/2019 9:30,30,NO CONTROLS,NO CONTROLS,RAIN,DARKNESS,TURNING,DIVIDED - W/MEDIAN (NOT RAISED),,STRAIGHT AND LEVEL,WET,NO DEFECTS,NOT ON SCENE (DESK REPORT),NO INJURY / DRIVE AWAY,,,,$500 OR LESS,9/28/2019 10:20,UNABLE TO DETERMINE,UNABLE TO DETERMINE,1358,S,KEDZIE AVE,1022,,,,,,,2,NO INDICATION OF INJURY,0,0,0,0,0,3,0,9,7,9,41.86252938,-87.70570454,POINT (-87.705704542865 41.862529376566)
JC451580,,9/28/2019 9:30,30,TRAFFIC SIGNAL,FUNCTIONING PROPERLY,RAIN,DAYLIGHT,ANGLE,NOT DIVIDED,,STRAIGHT AND LEVEL,WET,NO DEFECTS,ON SCENE,INJURY AND / OR TOW DUE TO CRASH,Y,,,"OVER $1,500",9/28/2019 10:00,UNABLE TO DETERMINE,NOT APPLICABLE,6300,S,LAWNDALE AVE,823,,,,,,,2,NO INDICATION OF INJURY,0,0,0,0,0,3,0,9,7,9,41.77872316,-87.71554782,POINT (-87.715547820757 41.778723163419)
JC451547,,9/28/2019 9:20,35,TRAFFIC SIGNAL,FUNCTIONING PROPERLY,RAIN,DAYLIGHT,REAR END,ONE-WAY,,STRAIGHT AND LEVEL,WET,NO DEFECTS,ON SCENE,INJURY AND / OR TOW DUE TO CRASH,Y,,,"OVER $1,500",9/28/2019 9:21,FOLLOWING TOO CLOSELY,NOT APPLICABLE,348,E,25TH ST,133,,,,,,,2,NO INDICATION OF INJURY,0,0,0,0,0,2,0,9,7,9,41.84764253,-87.61876219,POINT (-87.618762191642 41.847642532239)
JC451548,,9/28/2019 9:18,45,OTHER WARNING SIGN,FUNCTIONING PROPERLY,RAIN,DAYLIGHT,FIXED OBJECT,DIVIDED - W/MEDIAN (NOT RAISED),,STRAIGHT AND LEVEL,WET,NO DEFECTS,ON SCENE,INJURY AND / OR TOW DUE TO CRASH,,Y,,"$501 - $1,500",9/28/2019 9:19,EQUIPMENT - VEHICLE CONDITION,NOT APPLICABLE,6700,S,CHICAGO SKYWAY OB,322,,,,Y,UNKNOWN,,1,NO INDICATION OF INJURY,0,0,0,0,0,1,0,9,7,9,,,
JC451534,,9/28/2019 9:08,30,STOP SIGN/FLASHER,FUNCTIONING PROPERLY,RAIN,DAYLIGHT,ANGLE,NOT DIVIDED,,STRAIGHT AND LEVEL,WET,NO DEFECTS,ON SCENE,INJURY AND / OR TOW DUE TO CRASH,Y,,,"OVER $1,500",9/28/2019 9:09,DRIVING SKILLS/KNOWLEDGE/EXPERIENCE,NOT APPLICABLE,4400,S,DR MARTIN LUTHER KING JR DR,215,,,,,,,2,"REPORTED, NOT EVIDENT",1,0,0,0,1,3,0,9,7,9,41.81472915,-87.61688511,POINT (-87.616885106915 41.814729152611)
JC451562,,9/28/2019 9:07,30,NO CONTROLS,NO CONTROLS,RAIN,DAYLIGHT,FIXED OBJECT,NOT DIVIDED,,STRAIGHT AND LEVEL,WET,NO DEFECTS,ON SCENE,INJURY AND / OR TOW DUE TO CRASH,,,Y,"OVER $1,500",9/28/2019 9:07,"OPERATING VEHICLE IN ERRATIC, RECKLESS, CARELESS, NEGLIGENT OR AGGRESSIVE MANNER",UNABLE TO DETERMINE,5552,S,STATE ST,225,,,,,,,1,NO INDICATION OF INJURY,0,0,0,0,0,1,0,9,7,9,41.79291528,-87.62580213,POINT (-87.625802130554 41.792915279623)
JC451630,,9/28/2019 9:05,25,UNKNOWN,UNKNOWN,CLEAR,DAYLIGHT,REAR END,NOT DIVIDED,,STRAIGHT AND LEVEL,UNKNOWN,UNKNOWN,NOT ON SCENE (DESK REPORT),NO INJURY / DRIVE AWAY,,,,"OVER $1,500",9/28/2019 10:30,UNABLE TO DETERMINE,NOT APPLICABLE,5048,N,MARINE DR,2024,,,,,,,2,NO INDICATION OF INJURY,0,0,0,0,0,2,0,9,7,9,41.9748104,-87.65169518,POINT (-87.651695176112 41.974810397396)
JC451563,,9/28/2019 9:05,10,NO CONTROLS,NO CONTROLS,RAIN,DAYLIGHT,PARKED MOTOR VEHICLE,OTHER,,STRAIGHT AND LEVEL,WET,UNKNOWN,NOT ON SCENE (DESK REPORT),NO INJURY / DRIVE AWAY,,,Y,"$501 - $1,500",9/28/2019 9:18,UNABLE TO DETERMINE,UNABLE TO DETERMINE,1514,E,66TH PL,321,,,,,,,2,NO INDICATION OF INJURY,0,0,0,0,0,1,0,9,7,9,41.77434327,-87.58818852,POINT (-87.588188518117 41.77434326972)
JC451543,,9/28/2019 9:00,30,NO CONTROLS,NO CONTROLS,RAIN,DAYLIGHT,PARKED MOTOR VEHICLE,ONE-WAY,,STRAIGHT AND LEVEL,WET,NO DEFECTS,ON SCENE,INJURY AND / OR TOW DUE TO CRASH,,,,"OVER $1,500",9/28/2019 9:00,PHYSICAL CONDITION OF DRIVER,PHYSICAL CONDITION OF DRIVER,5501,W,HURON ST,1524,,,,,,,4,NONINCAPACITATING INJURY,1,0,0,1,0,0,0,9,7,9,41.89282783,-87.76358045,POINT (-87.763580454006 41.892827830351)