RD_NO,CRASH_DATE_EST_I,CRASH_DATE,POSTED_SPEED_LIMIT,TRAFFIC_CONTROL_DEVICE,DEVICE_CONDITION,WEATHER_CONDITION,LIGHTING_CONDITION,FIRST_CRASH_TYPE,TRAFFICWAY_TYPE,LANE_CNT,ALIGNMENT,ROADWAY_SURFACE_COND,ROAD_DEFECT,REPORT_TYPE,CRASH_TYPE,INTERSECTION_RELATED_I,NOT_RIGHT_OF_WAY_I,HIT_AND_RUN_I,DAMAGE,DATE_POLICE_NOTIFIED,PRIM_CONTRIBUTORY_CAUSE,SEC_CONTRIBUTORY_CAUSE,STREET_NO,STREET_DIRECTION,STREET_NAME,BEAT_OF_OCCURRENCE,PHOTOS_TAKEN_I,STATEMENTS_TAKEN_I,DOORING_I,WORK_ZONE_I,WORK_ZONE_TYPE,WORKERS_PRESENT_I,NUM_UNITS,MOST_SEVERE_INJURY,INJURIES_TOTAL,INJURIES_FATAL,INJURIES_INCAPACITATING,INJURIES_NON_INCAPACITATING,INJURIES_REPORTED_NOT_EVIDENT,INJURIES_NO_INDICATION,INJURIES_UNKNOWN,CRASH_HOUR,CRASH_DAY_OF_WEEK,CRASH_MONTH,LATITUDE,LONGITUDE,LOCATION
JC451536,,9/28/2019 9:00,30,NO CONTROLS,NO CONTROLS,CLOUDY/OVERCAST,DAYLIGHT,SIDESWIPE SAME DIRECTION,NOT DIVIDED,,STRAIGHT AND LEVEL,WET,NO DEFECTS,NOT ON SCENE (DESK REPORT),NO INJURY / DRIVE AWAY,,,,"OVER $1,500",9/28/2019 9:25,WEATHER,IMPROPER OVERTAKING/PASSING,1551,N,KEDZIE AVE,1423,,,,,,,2,NO INDICATION OF INJURY,0,0,0,0,0,2,0,9,7,9,41.90983272,-87.7068537,POINT (-87.706853697186 41.909832723118)
JC451621,,9/28/2019 8:55,30,NO CONTROLS,NO CONTROLS,RAIN,DAYLIGHT,REAR END,DIVIDED - W/MEDIAN BARRIER,,STRAIGHT AND LEVEL,WET,UNKNOWN,NOT ON SCENE (DESK REPORT),NO INJURY / DRIVE AWAY,,,,"OVER $1,500",9/28/2019 10:42,UNABLE TO DETERMINE,UNABLE TO DETERMINE,6560,S,STONY ISLAND AVE,321,,,,,,,2,NO INDICATION OF INJURY,0,0,0,0,0,3,0,8,7,9,41.77522009,-87.58643663,POINT (-87.586436625748 41.775220087308)
JC451529,,9/28/2019 8:55,30,STOP SIGN/FLASHER,FUNCTIONING PROPERLY,RAIN,DAYLIGHT,ANGLE,FOUR WAY,,STRAIGHT ON GRADE,SNOW OR SLUSH,NO DEFECTS,ON SCENE,NO INJURY / DRIVE AWAY,Y,,,"OVER $1,500",9/28/2019 8:56,WEATHER,DISREGARDING STOP SIGN,4100,N,LINCOLN AVE,1911,,,,,,,2,NO INDICATION OF INJURY,0,0,0,0,0,2,0,8,7,9,41.95595707,-87.68018532,POINT (-87.680185320076 41.95595706841)
JC451535,,9/28/2019 8:54,30,TRAFFIC SIGNAL,FUNCTIONING PROPERLY,RAIN,DAYLIGHT,TURNING,FOUR WAY,,STRAIGHT AND LEVEL,WET,NO DEFECTS,ON SCENE,INJURY AND / OR TOW DUE TO CRASH,Y,,,"OVER $1,500",9/28/2019 9:11,FAILING TO REDUCE SPEED TO AVOID CRASH,WEATHER,5200,W,55TH ST,814,,,,,,,2,NONINCAPACITATING INJURY,1,0,0,1,0,3,0,8,7,9,41.79299675,-87.75257229,POINT (-87.752572289898 41.792996746987)
JC451550,,9/28/2019 8:50,25,TRAFFIC SIGNAL,FUNCTIONING PROPERLY,RAIN,DAYLIGHT,SIDESWIPE SAME DIRECTION,FOUR WAY,,STRAIGHT AND LEVEL,WET,NO DEFECTS,NOT ON SCENE (DESK REPORT),NO INJURY / DRIVE AWAY,Y,,,"$501 - $1,500",9/28/2019 9:30,UNABLE TO DETERMINE,UNABLE TO DETERMINE,200,W,NORTH AVE,1814,,,,,,,2,NO INDICATION OF INJURY,0,0,0,0,0,2,0,8,7,9,41.91127114,-87.63476048,POINT (-87.634760480217 41.911271144127)
JC451528,,9/28/2019 8:35,30,STOP SIGN/FLASHER,FUNCTIONING PROPERLY,RAIN,DAYLIGHT,ANGLE,NOT DIVIDED,,STRAIGHT AND LEVEL,WET,NO DEFECTS,ON SCENE,INJURY AND / OR TOW DUE TO CRASH,N,,,"OVER $1,500",9/28/2019 8:39,UNABLE TO DETERMINE,UNABLE TO DETERMINE,633,W,63RD ST,723,,,,,,,2,NONINCAPACITATING INJURY,2,0,0,2,0,3,0,8,7,9,41.77969806,-87.64108911,POINT (-87.641089113768 41.779698056606)
JC452454,,9/28/2019 8:30,30,NO CONTROLS,NO CONTROLS,CLEAR,DAYLIGHT,PARKED MOTOR VEHICLE,DIVIDED - W/MEDIAN (NOT RAISED),,STRAIGHT AND LEVEL,DRY,NO DEFECTS,NOT ON SCENE (DESK REPORT),NO INJURY / DRIVE AWAY,,,Y,"OVER $1,500",9/28/2019 22:35,UNABLE TO DETERMINE,NOT APPLICABLE,4737,S,CHRISTIANA AVE,821,,,,,,,2,NO INDICATION OF INJURY,0,0,0,0,0,1,0,8,7,9,41.80696134,-87.70747914,POINT (-87.70747914434 41.806961336184)
JC451540,,9/28/2019 8:30,15,NO CONTROLS,NO CONTROLS,RAIN,DAYLIGHT,SIDESWIPE SAME DIRECTION,ONE-WAY,,STRAIGHT AND LEVEL,WET,NO DEFECTS,NOT ON SCENE (DESK REPORT),NO INJURY / DRIVE AWAY,,,,"$501 - $1,500",9/28/2019 9:20,UNABLE TO DETERMINE,UNABLE TO DETERMINE,7386,N,WINCHESTER AVE,2424,,,,,,,2,NO INDICATION OF INJURY,0,0,0,0,0,2,0,8,7,9,42.01646711,-87.67921176,POINT (-87.679211758775 42.016467107586)
JC451523,,9/28/2019 8:30,30,TRAFFIC SIGNAL,FUNCTIONING PROPERLY,RAIN,DAYLIGHT,TURNING,FOUR WAY,,STRAIGHT AND LEVEL,WET,UNKNOWN,NOT ON SCENE (DESK REPORT),NO INJURY / DRIVE AWAY,Y,,Y,"$501 - $1,500",9/28/2019 9:00,UNABLE TO DETERMINE,UNABLE TO DETERMINE,10300,S,STATE ST,512,,,,,,,2,NO INDICATION OF INJURY,0,0,0,0,0,2,0,8,7,9,41.70711658,-87.62366762,POINT (-87.6236676203 41.707116579239)
JC451496,,9/28/2019 8:20,30,NO CONTROLS,NO CONTROLS,RAIN,DAYLIGHT,ANGLE,NOT DIVIDED,,STRAIGHT AND LEVEL,WET,NO DEFECTS,ON SCENE,NO INJURY / DRIVE AWAY,,,,"OVER $1,500",9/28/2019 8:25,FAILING TO YIELD RIGHT-OF-WAY,UNABLE TO DETERMINE,2743,W,BRYN MAWR AVE,2011,,,,,,,2,NO INDICATION OF INJURY,0,0,0,0,0,2,0,8,7,9,41.98301211,-87.69847157,POINT (-87.698471573359 41.983012109248)
JC451538,,9/28/2019 8:09,30,STOP SIGN/FLASHER,OTHER,FREEZING RAIN/DRIZZLE,DAYLIGHT,REAR END,NOT DIVIDED,,STRAIGHT AND LEVEL,WET,NO DEFECTS,NOT ON SCENE (DESK REPORT),NO INJURY / DRIVE AWAY,,,,"OVER $1,500",9/28/2019 9:30,UNABLE TO DETERMINE,NOT APPLICABLE,1664,W,DIVISION ST,1424,,,,,,,2,NO INDICATION OF INJURY,0,0,0,0,0,3,0,8,7,9,41.90341508,-87.66997144,POINT (-87.669971441408 41.903415077446)
JC451484,,9/28/2019 8:04,30,NO CONTROLS,UNKNOWN,RAIN,UNKNOWN,PARKED MOTOR VEHICLE,DIVIDED - W/MEDIAN (NOT RAISED),,STRAIGHT AND LEVEL,WET,UNKNOWN,ON SCENE,NO INJURY / DRIVE AWAY,,,Y,"OVER $1,500",9/28/2019 8:04,NOT APPLICABLE,NOT APPLICABLE,4457,N,KEDZIE AVE,1724,,,,,,,2,NO INDICATION OF INJURY,0,0,0,0,0,1,0,8,7,9,41.96290682,-87.70815042,POINT (-87.708150424062 41.962906817329)
JC451502,,9/28/2019 8:00,25,STOP SIGN/FLASHER,FUNCTIONING PROPERLY,RAIN,DAYLIGHT,TURNING,FOUR WAY,,STRAIGHT AND LEVEL,WET,NO DEFECTS,NOT ON SCENE (DESK REPORT),NO INJURY / DRIVE AWAY,Y,,,"OVER $1,500",9/28/2019 8:30,FAILING TO YIELD RIGHT-OF-WAY,UNABLE TO DETERMINE,1700,W,79TH ST,611,,,,,,,2,NO INDICATION OF INJURY,0,0,0,0,0,3,0,8,7,9,41.75043466,-87.66592493,POINT (-87.665924934237 41.750434659896)
JC451488,,9/28/2019 8:00,35,NO CONTROLS,NO CONTROLS,RAIN,DAYLIGHT,FIXED OBJECT,NOT DIVIDED,,STRAIGHT AND LEVEL,WET,"RUT, HOLES",ON SCENE,INJURY AND / OR TOW DUE TO CRASH,,,,"OVER $1,500",9/28/2019 8:03,ROAD CONSTRUCTION/MAINTENANCE,NOT APPLICABLE,2799,W,TOUHY AVE,2411,,,,Y,CONSTRUCTION,,1,NO INDICATION OF INJURY,0,0,0,0,0,2,0,8,7,9,42.01196214,-87.69959352,POINT (-87.699593521757 42.011962141065)
JC451476,,9/28/2019 7:52,30,TRAFFIC SIGNAL,FUNCTIONING PROPERLY,RAIN,DAYLIGHT,PARKED MOTOR VEHICLE,NOT DIVIDED,,STRAIGHT AND LEVEL,WET,NO DEFECTS,ON SCENE,INJURY AND / OR TOW DUE TO CRASH,Y,,,"OVER $1,500",9/28/2019 7:52,PHYSICAL CONDITION OF DRIVER,UNABLE TO DETERMINE,801,W,63RD ST,723,,,,,,,2,NO INDICATION OF INJURY,0,0,0,0,0,1,0,7,7,9,41.77964017,-87.64484857,POINT (-87.644848574219 41.779640165629)
JC451480,,9/28/2019 7:38,30,TRAFFIC SIGNAL,NOT FUNCTIONING,RAIN,DAYLIGHT,ANGLE,NOT REPORTED,,STRAIGHT AND LEVEL,WET,NO DEFECTS,ON SCENE,NO INJURY / DRIVE AWAY,Y,,Y,"OVER $1,500",9/28/2019 8:30,DISREGARDING STOP SIGN,UNABLE TO DETERMINE,230,W,GARFIELD BLVD,935,,,,,,,2,NO INDICATION OF INJURY,0,0,0,0,0,3,0,7,7,9,41.79464267,-87.63177187,POINT (-87.631771869692 41.794642668627)
JC452016,,9/28/2019 7:31,30,TRAFFIC SIGNAL,UNKNOWN,UNKNOWN,UNKNOWN,REAR END,DIVIDED - W/MEDIAN BARRIER,,STRAIGHT AND LEVEL,UNKNOWN,UNKNOWN,NOT ON SCENE (DESK REPORT),NO INJURY / DRIVE AWAY,Y,,,"OVER $1,500",9/28/2019 15:35,UNABLE TO DETERMINE,NOT APPLICABLE,6174,S,LAKE SHORE DR,331,,,,,,,2,NO INDICATION OF INJURY,0,0,0,0,0,2,0,7,7,9,41.78253056,-87.57596243,POINT (-87.575962430492 41.782530562944)
JC451479,,9/28/2019 7:30,30,TRAFFIC SIGNAL,NO CONTROLS,RAIN,DAYLIGHT,REAR END,NOT DIVIDED,,STRAIGHT AND LEVEL,WET,NO DEFECTS,NOT ON SCENE (DESK REPORT),NO INJURY / DRIVE AWAY,,,,"$501 - $1,500",9/28/2019 8:15,FOLLOWING TOO CLOSELY,WEATHER,4700,N,ASHLAND AVE,1912,,,,,,,2,NO INDICATION OF INJURY,0,0,0,0,0,2,0,7,7,9,41.9671395,-87.66954597,POINT (-87.669545973951 41.967139495156)
JC451468,,9/28/2019 7:30,30,TRAFFIC SIGNAL,FUNCTIONING PROPERLY,RAIN,DAYLIGHT,REAR END,NOT DIVIDED,,STRAIGHT AND LEVEL,WET,NO DEFECTS,ON SCENE,NO INJURY / DRIVE AWAY,Y,,,"OVER $1,500",9/28/2019 7:45,FOLLOWING TOO CLOSELY,FAILING TO YIELD RIGHT-OF-WAY,1000,W,NORTH AVE,1811,,,,,,,3,NO INDICATION OF INJURY,0,0,0,0,0,3,0,7,7,9,41.91094876,-87.65315955,POINT (-87.653159551272 41.910948762561)
JC451457,,9/28/2019 7:11,30,TRAFFIC SIGNAL,FUNCTIONING PROPERLY,RAIN,DAYLIGHT,SIDESWIPE SAME DIRECTION,NOT DIVIDED,,STRAIGHT AND LEVEL,WET,NO DEFECTS,NOT ON SCENE (DESK REPORT),NO INJURY / DRIVE AWAY,,,Y,"OVER $1,500",9/28/2019 7:30,UNABLE TO DETERMINE,UNABLE TO DETERMINE,6500,S,STATE ST,312,,,,,,,2,NO INDICATION OF INJURY,0,0,0,0,0,2,0,7,7,9,41.77636259,-87.62536894,POINT (-87.625368940615 41.776362586673)
JC451461,,9/28/2019 7:05,20,NO CONTROLS,NOT FUNCTIONING,RAIN,DAYLIGHT,PARKED MOTOR VEHICLE,ONE-WAY,,STRAIGHT AND LEVEL,WET,NO DEFECTS,ON SCENE,NO INJURY / DRIVE AWAY,,,,"$501 - $1,500",9/28/2019 7:09,NOT APPLICABLE,NOT APPLICABLE,3,W,TERMINAL ST,1653,,,,,,,2,NO INDICATION OF INJURY,0,0,0,0,0,3,0,7,7,9,,,
JC451462,,9/28/2019 7:00,25,TRAFFIC SIGNAL,FUNCTIONING PROPERLY,RAIN,DAYLIGHT,REAR END,NOT DIVIDED,,STRAIGHT AND LEVEL,WET,UNKNOWN,ON SCENE,NO INJURY / DRIVE AWAY,,,,"$501 - $1,500",9/28/2019 7:10,UNABLE TO DETERMINE,UNABLE TO DETERMINE,2600,W,47TH ST,922,,,,,,,2,NO INDICATION OF INJURY,0,0,0,0,0,2,0,7,7,9,41.80846852,-87.68938816,POINT (-87.689388162143 41.808468524155)
JC451445,,9/28/2019 7:00,30,NO CONTROLS,NO CONTROLS,RAIN,DAWN,OTHER OBJECT,NOT DIVIDED,,STRAIGHT AND LEVEL,WET,NO DEFECTS,ON SCENE,INJURY AND / OR TOW DUE TO CRASH,,,,"$501 - $1,500",9/28/2019 7:14,UNABLE TO DETERMINE,NOT APPLICABLE,4428,W,16TH ST,1012,,,,,,,1,NO INDICATION OF INJURY,0,0,0,0,0,1,0,7,7,9,41.85882178,-87.73589847,POINT (-87.735898472113 41.858821780989)
JC451450,,9/28/2019 6:35,30,NO CONTROLS,NO CONTROLS,RAIN,DAWN,SIDESWIPE SAME DIRECTION,DIVIDED - W/MEDIAN (NOT RAISED),,STRAIGHT AND LEVEL,WET,NO DEFECTS,NOT ON SCENE (DESK REPORT),NO INJURY / DRIVE AWAY,,,,$500 OR LESS,9/28/2019 7:00,UNABLE TO DETERMINE,UNABLE TO DETERMINE,7853,S,WESTERN AVE,835,,,,,,,2,NO INDICATION OF INJURY,0,0,0,0,0,3,0,6,7,9,41.75036776,-87.68270928,POINT (-87.682709279661 41.750367758079)
JC451769,,9/28/2019 6:32,30,NO CONTROLS,NO CONTROLS,UNKNOWN,UNKNOWN,PARKED MOTOR VEHICLE,NOT DIVIDED,,STRAIGHT AND LEVEL,UNKNOWN,UNKNOWN,ON SCENE,NO INJURY / DRIVE AWAY,,,Y,"OVER $1,500",9/28/2019 12:11,"OPERATING VEHICLE IN ERRATIC, RECKLESS, CARELESS, NEGLIGENT OR AGGRESSIVE MANNER",FAILING TO REDUCE SPEED TO AVOID CRASH,1503,N,CENTRAL AVE,2532,,,,,,,2,NO INDICATION OF INJURY,0,0,0,0,0,1,0,6,7,9,41.90771701,-87.76570623,POINT (-87.765706225642 41.907717009032)
JC451473,,9/28/2019 6:30,30,NO CONTROLS,NO CONTROLS,RAIN,"DARKNESS, LIGHTED ROAD",PARKED MOTOR VEHICLE,NOT DIVIDED,,STRAIGHT AND LEVEL,WET,NO DEFECTS,NOT ON SCENE (DESK REPORT),NO INJURY / DRIVE AWAY,,,Y,"$501 - $1,500",9/28/2019 7:55,UNABLE TO DETERMINE,UNABLE TO DETERMINE,3820,W,CERMAK RD,1014,,,,,,,2,NO INDICATION OF INJURY,0,0,0,0,0,1,0,6,7,9,41.85170924,-87.72067374,POINT (-87.720673739791 41.85170923619)
JC451439,,9/28/2019 6:15,30,NO CONTROLS,NO CONTROLS,RAIN,"DARKNESS, LIGHTED ROAD",REAR END,ONE-WAY,,STRAIGHT AND LEVEL,WET,NO DEFECTS,ON SCENE,NO INJURY / DRIVE AWAY,,,,"OVER $1,500",9/28/2019 6:15,FOLLOWING TOO CLOSELY,NOT APPLICABLE,13,W,I190 EXPY,1654,,,,,,,2,NO INDICATION OF INJURY,0,0,0,0,0,2,0,6,7,9,,,
JC451434,,9/28/2019 6:15,30,TRAFFIC SIGNAL,FUNCTIONING PROPERLY,RAIN,"DARKNESS, LIGHTED ROAD",TURNING,FOUR WAY,,STRAIGHT AND LEVEL,WET,NO DEFECTS,ON SCENE,INJURY AND / OR TOW DUE TO CRASH,Y,,,"OVER $1,500",9/28/2019 6:16,FAILING TO YIELD RIGHT-OF-WAY,FAILING TO REDUCE SPEED TO AVOID CRASH,4398,N,MILWAUKEE AVE,1624,,,,,,,2,NO INDICATION OF INJURY,0,0,0,0,0,2,0,6,7,9,41.96052692,-87.75456012,POINT (-87.754560121666 41.960526917689)
JC452236,,9/28/2019 6:00,30,NO CONTROLS,NO CONTROLS,CLEAR,DAYLIGHT,PARKED MOTOR VEHICLE,NOT DIVIDED,,STRAIGHT AND LEVEL,DRY,NO DEFECTS,NOT ON SCENE (DESK REPORT),NO INJURY / DRIVE AWAY,,,,$500 OR LESS,9/28/2019 18:56,UNABLE TO DETERMINE,UNABLE TO DETERMINE,7800,S,WESTERN AVE,835,,,,,,,2,NO INDICATION OF INJURY,0,0,0,0,0,1,0,6,7,9,41.75184218,-87.68303923,POINT (-87.683039232875 41.751842183589)
JC451495,,9/28/2019 6:00,15,NO CONTROLS,NO CONTROLS,RAIN,DARKNESS,PARKED MOTOR VEHICLE,NOT DIVIDED,,STRAIGHT AND LEVEL,WET,NO DEFECTS,ON SCENE,NO INJURY / DRIVE AWAY,,,Y,"OVER $1,500",9/28/2019 8:30,IMPROPER LANE USAGE,IMPROPER LANE USAGE,8446,S,KOMENSKY AVE,834,,,,,,,2,NO INDICATION OF INJURY,0,0,0,0,0,1,0,6,7,9,41.73892419,-87.7229339,POINT (-87.722933901183 41.738924191068)
JC451446,,9/28/2019 6:00,30,NO CONTROLS,NO CONTROLS,RAIN,"DARKNESS, LIGHTED ROAD",PARKED MOTOR VEHICLE,NOT DIVIDED,,STRAIGHT AND LEVEL,WET,NO DEFECTS,ON SCENE,INJURY AND / OR TOW DUE TO CRASH,,,,"OVER $1,500",9/28/2019 6:30,UNABLE TO DETERMINE,UNABLE TO DETERMINE,2600,S,ST LOUIS AVE,1032,,,,,,,2,NO INDICATION OF INJURY,0,0,0,0,0,1,0,6,7,9,41.84431927,-87.71249382,POINT (-87.712493815362 41.844319271342)
JC453156,,9/28/2019 5:30,30,NO CONTROLS,NO CONTROLS,CLEAR,"DARKNESS, LIGHTED ROAD",PARKED MOTOR VEHICLE,NOT DIVIDED,,STRAIGHT AND LEVEL,DRY,NO DEFECTS,NOT ON SCENE (DESK REPORT),NO INJURY / DRIVE AWAY,,,Y,"OVER $1,500",9/29/2019 15:10,UNABLE TO DETERMINE,UNABLE TO DETERMINE,5413,N,LINCOLN AVE,2011,,,,,,,2,NO INDICATION OF INJURY,0,0,0,0,0,1,0,5,7,9,41.97991301,-87.69257669,POINT (-87.692576684817 41.979913012354)
JC451456,,9/28/2019 5:30,35,TRAFFIC SIGNAL,FUNCTIONING PROPERLY,RAIN,"DARKNESS, LIGHTED ROAD",SIDESWIPE SAME DIRECTION,DIVIDED - W/MEDIAN (NOT RAISED),,STRAIGHT AND LEVEL,WET,NO DEFECTS,ON SCENE,INJURY AND / OR TOW DUE TO CRASH,Y,,,"OVER $1,500",9/28/2019 5:34,IMPROPER LANE USAGE,IMPROPER LANE USAGE,4158,N,AUSTIN AVE,1624,,,,,,,2,NO INDICATION OF INJURY,0,0,0,0,0,2,0,5,7,9,41.95660813,-87.77704422,POINT (-87.777044217248 41.956608129224)
JC451447,,9/28/2019 5:30,35,STOP SIGN/FLASHER,FUNCTIONING PROPERLY,RAIN,"DARKNESS, LIGHTED ROAD",SIDESWIPE SAME DIRECTION,DIVIDED - W/MEDIAN (NOT RAISED),,STRAIGHT AND LEVEL,WET,NO DEFECTS,NOT ON SCENE (DESK REPORT),NO INJURY / DRIVE AWAY,,,,"$501 - $1,500",9/28/2019 6:50,UNABLE TO DETERMINE,UNABLE TO DETERMINE,1000,E,130TH ST,532,,,,,,,2,NO INDICATION OF INJURY,0,0,0,0,0,2,0,5,7,9,41.65958318,-87.59760738,POINT (-87.597607376284 41.659583177355)
JC451427,,9/28/2019 5:30,30,TRAFFIC SIGNAL,FUNCTIONING PROPERLY,RAIN,"DARKNESS, LIGHTED ROAD",PARKED MOTOR VEHICLE,NOT DIVIDED,,STRAIGHT AND LEVEL,WET,NO DEFECTS,ON SCENE,INJURY AND / OR TOW DUE TO CRASH,,,Y,"OVER $1,500",9/28/2019 5:35,NOT APPLICABLE,NOT APPLICABLE,1921,W,ADDISON ST,1922,,,,,,,3,NO INDICATION OF INJURY,0,0,0,0,0,1,0,5,7,9,41.94677438,-87.67699996,POINT (-87.676999962116 41.946774374589)
JC451425,,9/28/2019 5:30,30,NO CONTROLS,NO CONTROLS,RAIN,"DARKNESS, LIGHTED ROAD",PARKED MOTOR VEHICLE,NOT DIVIDED,,STRAIGHT AND LEVEL,WET,NO DEFECTS,ON SCENE,INJURY AND / OR TOW DUE TO CRASH,,,,"OVER $1,500",9/28/2019 5:33,DISTRACTION - FROM INSIDE VEHICLE,DISTRACTION - FROM INSIDE VEHICLE,5806,W,60TH ST,812,,,,,,,2,NO INDICATION OF INJURY,0,0,0,0,0,1,0,5,7,9,41.78356546,-87.76716167,POINT (-87.767161671643 41.783565455194)
JC451422,,9/28/2019 5:13,30,NO CONTROLS,NO CONTROLS,RAIN,"DARKNESS, LIGHTED ROAD",REAR END,NOT DIVIDED,,STRAIGHT AND LEVEL,WET,NO DEFECTS,ON SCENE,NO INJURY / DRIVE AWAY,Y,,,$500 OR LESS,9/28/2019 5:18,PHYSICAL CONDITION OF DRIVER,NOT APPLICABLE,802,N,CENTRAL AVE,1511,,,,,,,2,NO INDICATION OF INJURY,0,0,0,0,0,2,0,5,7,9,41.89495508,-87.76554515,POINT (-87.76554515028 41.894955079811)
JC451714,,9/28/2019 5:00,30,NO CONTROLS,NO CONTROLS,RAIN,"DARKNESS, LIGHTED ROAD",SIDESWIPE SAME DIRECTION,NOT DIVIDED,,STRAIGHT AND LEVEL,WET,"RUT, HOLES",NOT ON SCENE (DESK REPORT),NO INJURY / DRIVE AWAY,,,,"OVER $1,500",9/28/2019 11:40,"EVASIVE ACTION DUE TO ANIMAL, OBJECT, NONMOTORIST",WEATHER,1350,W,111TH ST,2234,,,,,,,2,NO INDICATION OF INJURY,0,0,0,0,0,2,0,5,7,9,41.69229669,-87.65655106,POINT (-87.656551063008 41.692296689575)
JC451416,N,9/28/2019 4:51,30,TRAFFIC SIGNAL,FUNCTIONING PROPERLY,RAIN,"DARKNESS, LIGHTED ROAD",ANGLE,FOUR WAY,,STRAIGHT AND LEVEL,WET,NO DEFECTS,ON SCENE,INJURY AND / OR TOW DUE TO CRASH,Y,,Y,"OVER $1,500",9/28/2019 4:51,DISREGARDING TRAFFIC SIGNALS,DRIVING SKILLS/KNOWLEDGE/EXPERIENCE,3359,W,HARRISON ST,1134,,,,,,,2,NO INDICATION OF INJURY,0,0,0,0,0,3,0,4,7,9,41.87351931,-87.71071584,POINT (-87.710715838111 41.873519308484)
JC451593,,9/28/2019 4:50,30,NO CONTROLS,NO CONTROLS,RAIN,"DARKNESS, LIGHTED ROAD",PARKED MOTOR VEHICLE,NOT DIVIDED,,STRAIGHT AND LEVEL,WET,NO DEFECTS,NOT ON SCENE (DESK REPORT),NO INJURY / DRIVE AWAY,,,,"$501 - $1,500",9/28/2019 14:30,IMPROPER LANE USAGE,IMPROPER LANE USAGE,4049,W,79TH ST,834,,,,,,,2,NO INDICATION OF INJURY,0,0,0,0,0,1,0,4,7,9,41.74929252,-87.72394906,POINT (-87.72394905956 41.749292520208)
JC451424,,9/28/2019 4:30,30,TRAFFIC SIGNAL,FUNCTIONING PROPERLY,RAIN,"DARKNESS, LIGHTED ROAD",REAR END,FOUR WAY,,STRAIGHT AND LEVEL,WET,NO DEFECTS,NOT ON SCENE (DESK REPORT),NO INJURY / DRIVE AWAY,Y,,,"OVER $1,500",9/28/2019 5:30,FOLLOWING TOO CLOSELY,UNABLE TO DETERMINE,3558,W,IRVING PARK RD,1723,,,,,,,2,NO INDICATION OF INJURY,0,0,0,0,0,2,0,4,7,9,41.95389708,-87.71775488,POINT (-87.717754877675 41.953897081461)
JC451409,,9/28/2019 4:29,30,NO CONTROLS,NO CONTROLS,RAIN,"DARKNESS, LIGHTED ROAD",PARKED MOTOR VEHICLE,NOT DIVIDED,,STRAIGHT AND LEVEL,WET,NO DEFECTS,ON SCENE,INJURY AND / OR TOW DUE TO CRASH,,,,"OVER $1,500",9/28/2019 4:30,UNDER THE INFLUENCE OF ALCOHOL/DRUGS (USE WHEN ARREST IS EFFECTED),PHYSICAL CONDITION OF DRIVER,6818,N,ASHLAND BLVD,2431,,,,,,,2,NONINCAPACITATING INJURY,1,0,0,1,0,0,0,4,7,9,42.00596966,-87.67011572,POINT (-87.670115720136 42.00596965618)
JC451412,,9/28/2019 4:10,35,TRAFFIC SIGNAL,FUNCTIONING IMPROPERLY,RAIN,"DARKNESS, LIGHTED ROAD",TURNING,T-INTERSECTION,,STRAIGHT AND LEVEL,WET,UNKNOWN,ON SCENE,INJURY AND / OR TOW DUE TO CRASH,Y,,Y,"OVER $1,500",9/28/2019 4:14,NOT APPLICABLE,NOT APPLICABLE,3832,S,PULASKI RD,815,,,,,,,2,NO INDICATION OF INJURY,0,0,0,0,0,2,0,4,7,9,41.82328118,-87.72420378,POINT (-87.724203782428 41.823281180829)
JC451413,,9/28/2019 4:00,30,STOP SIGN/FLASHER,FUNCTIONING PROPERLY,RAIN,"DARKNESS, LIGHTED ROAD",REAR END,ONE-WAY,,STRAIGHT AND LEVEL,WET,NO DEFECTS,ON SCENE,NO INJURY / DRIVE AWAY,,,,"OVER $1,500",9/28/2019 4:19,IMPROPER BACKING,WEATHER,4346,S,SPAULDING AVE,821,,,,,,,2,NO INDICATION OF INJURY,0,0,0,0,0,3,0,4,7,9,41.81401021,-87.70680281,POINT (-87.706802805469 41.814010204636)
JC451405,,9/28/2019 3:58,30,NO CONTROLS,NO CONTROLS,RAIN,"DARKNESS, LIGHTED ROAD",PARKED MOTOR VEHICLE,DIVIDED - W/MEDIAN (NOT RAISED),,STRAIGHT AND LEVEL,WET,NO DEFECTS,ON SCENE,INJURY AND / OR TOW DUE TO CRASH,,,,"OVER $1,500",9/28/2019 3:59,FAILING TO REDUCE SPEED TO AVOID CRASH,DRIVING SKILLS/KNOWLEDGE/EXPERIENCE,7852,W,ADDISON ST,1631,,,,,,,2,NO INDICATION OF INJURY,0,0,0,0,0,1,0,3,7,9,41.94521058,-87.82380153,POINT (-87.823801529309 41.945210576626)
JC451402,,9/28/2019 3:54,35,TRAFFIC SIGNAL,FUNCTIONING PROPERLY,RAIN,"DARKNESS, LIGHTED ROAD",REAR END,T-INTERSECTION,,"CURVE, LEVEL",WET,NO DEFECTS,ON SCENE,INJURY AND / OR TOW DUE TO CRASH,Y,,,"OVER $1,500",9/28/2019 4:00,FAILING TO REDUCE SPEED TO AVOID CRASH,WEATHER,1200,S,LAKE SHORE DR E,132,,,,,,,2,"REPORTED, NOT EVIDENT",2,0,0,0,2,4,0,3,7,9,41.86744611,-87.61890449,POINT (-87.618904488078 41.867446111851)