RD_NO,CRASH_DATE_EST_I,CRASH_DATE,POSTED_SPEED_LIMIT,TRAFFIC_CONTROL_DEVICE,DEVICE_CONDITION,WEATHER_CONDITION,LIGHTING_CONDITION,FIRST_CRASH_TYPE,TRAFFICWAY_TYPE,LANE_CNT,ALIGNMENT,ROADWAY_SURFACE_COND,ROAD_DEFECT,REPORT_TYPE,CRASH_TYPE,INTERSECTION_RELATED_I,NOT_RIGHT_OF_WAY_I,HIT_AND_RUN_I,DAMAGE,DATE_POLICE_NOTIFIED,PRIM_CONTRIBUTORY_CAUSE,SEC_CONTRIBUTORY_CAUSE,STREET_NO,STREET_DIRECTION,STREET_NAME,BEAT_OF_OCCURRENCE,PHOTOS_TAKEN_I,STATEMENTS_TAKEN_I,DOORING_I,WORK_ZONE_I,WORK_ZONE_TYPE,WORKERS_PRESENT_I,NUM_UNITS,MOST_SEVERE_INJURY,INJURIES_TOTAL,INJURIES_FATAL,INJURIES_INCAPACITATING,INJURIES_NON_INCAPACITATING,INJURIES_REPORTED_NOT_EVIDENT,INJURIES_NO_INDICATION,INJURIES_UNKNOWN,CRASH_HOUR,CRASH_DAY_OF_WEEK,CRASH_MONTH,LATITUDE,LONGITUDE,LOCATION
JC451403,N,9/28/2019 3:46,30,NO CONTROLS,NO CONTROLS,RAIN,"DARKNESS, LIGHTED ROAD",PARKED MOTOR VEHICLE,DIVIDED - W/MEDIAN (NOT RAISED),,STRAIGHT AND LEVEL,WET,NO DEFECTS,ON SCENE,NO INJURY / DRIVE AWAY,,,Y,"OVER $1,500",9/28/2019 3:48,UNABLE TO DETERMINE,UNABLE TO DETERMINE,3341,N,NARRAGANSETT AVE,1633,,,,,,,2,NO INDICATION OF INJURY,0,0,0,0,0,1,0,3,7,9,41.94141597,-87.7860391,POINT (-87.786039103864 41.941415970441)
JC452529,,9/28/2019 3:30,30,NO CONTROLS,NO CONTROLS,RAIN,"DARKNESS, LIGHTED ROAD",PARKED MOTOR VEHICLE,ONE-WAY,,STRAIGHT AND LEVEL,WET,NO DEFECTS,NOT ON SCENE (DESK REPORT),NO INJURY / DRIVE AWAY,,,Y,"OVER $1,500",9/28/2019 23:45,UNABLE TO DETERMINE,NOT APPLICABLE,111,W,GRAND AVE,1831,,,,,,,2,NO INDICATION OF INJURY,0,0,0,0,0,1,0,3,7,9,41.89150986,-87.6316332,POINT (-87.631633203126 41.891509862963)
JC451544,Y,9/28/2019 3:30,15,NO CONTROLS,NO CONTROLS,UNKNOWN,UNKNOWN,PARKED MOTOR VEHICLE,UNKNOWN,,STRAIGHT AND LEVEL,UNKNOWN,NO DEFECTS,ON SCENE,NO INJURY / DRIVE AWAY,,Y,Y,"$501 - $1,500",9/28/2019 9:26,NOT APPLICABLE,NOT APPLICABLE,6358,S,DR MARTIN LUTHER KING JR DR,312,,,,,,,2,NO INDICATION OF INJURY,0,0,0,0,0,1,0,3,7,9,41.77866642,-87.61573659,POINT (-87.615736589584 41.778666416159)
JC451435,Y,9/28/2019 3:30,30,NO CONTROLS,NO CONTROLS,RAIN,DARKNESS,PARKED MOTOR VEHICLE,NOT DIVIDED,,STRAIGHT AND LEVEL,WET,NO DEFECTS,ON SCENE,INJURY AND / OR TOW DUE TO CRASH,,,Y,"OVER $1,500",9/28/2019 6:13,UNABLE TO DETERMINE,NOT APPLICABLE,1049,N,LARAMIE AVE,1531,,,,,,,3,NO INDICATION OF INJURY,0,0,0,0,0,1,0,3,7,9,41.90004287,-87.75557695,POINT (-87.755576950444 41.900042872883)
JC457350,Y,9/28/2019 3:00,10,NO CONTROLS,NO CONTROLS,CLEAR,DARKNESS,PARKED MOTOR VEHICLE,PARKING LOT,,STRAIGHT AND LEVEL,DRY,NO DEFECTS,NOT ON SCENE (DESK REPORT),NO INJURY / DRIVE AWAY,,,Y,"OVER $1,500",10/2/2019 16:00,UNABLE TO DETERMINE,UNABLE TO DETERMINE,8229,S,COTTAGE GROVE AVE,631,,,,,,,2,NO INDICATION OF INJURY,0,0,0,0,0,1,0,3,7,9,41.74491444,-87.60491268,POINT (-87.604912679935 41.744914440439)
JC452406,,9/28/2019 3:00,30,TRAFFIC SIGNAL,FUNCTIONING PROPERLY,CLEAR,"DARKNESS, LIGHTED ROAD",REAR END,DIVIDED - W/MEDIAN (NOT RAISED),,STRAIGHT AND LEVEL,DRY,NO DEFECTS,NOT ON SCENE (DESK REPORT),NO INJURY / DRIVE AWAY,,,Y,"OVER $1,500",9/28/2019 21:20,FOLLOWING TOO CLOSELY,NOT APPLICABLE,99,E,CONGRESS PKWY,123,,,,,,,2,NO INDICATION OF INJURY,0,0,0,0,0,2,0,3,7,9,41.87561297,-87.62434394,POINT (-87.624343942054 41.875612969826)
JC451509,,9/28/2019 2:47,30,TRAFFIC SIGNAL,FUNCTIONING PROPERLY,RAIN,DARKNESS,FIXED OBJECT,NOT DIVIDED,,STRAIGHT AND LEVEL,WET,NO DEFECTS,ON SCENE,NO INJURY / DRIVE AWAY,Y,,Y,"OVER $1,500",9/28/2019 6:00,UNABLE TO DETERMINE,UNABLE TO DETERMINE,201,W,33RD ST,915,,,,,,,1,NO INDICATION OF INJURY,0,0,0,0,0,1,0,2,7,9,41.83448609,-87.63165816,POINT (-87.631658155114 41.834486087299)
JC451388,,9/28/2019 2:40,25,NO CONTROLS,NO CONTROLS,UNKNOWN,"DARKNESS, LIGHTED ROAD",REAR END,DIVIDED - W/MEDIAN (NOT RAISED),,STRAIGHT AND LEVEL,WET,UNKNOWN,ON SCENE,INJURY AND / OR TOW DUE TO CRASH,,,,"OVER $1,500",9/28/2019 2:45,FAILING TO REDUCE SPEED TO AVOID CRASH,NOT APPLICABLE,405,N,SACRAMENTO BLVD,1221,,,,,,,2,NO INDICATION OF INJURY,0,0,0,0,0,3,0,2,7,9,41.8886254,-87.70127634,POINT (-87.701276339155 41.888625397873)
JC451387,,9/28/2019 2:40,30,NO CONTROLS,NO CONTROLS,RAIN,DARKNESS,PARKED MOTOR VEHICLE,ONE-WAY,,STRAIGHT AND LEVEL,WET,UNKNOWN,ON SCENE,NO INJURY / DRIVE AWAY,,,Y,"OVER $1,500",9/28/2019 2:44,UNABLE TO DETERMINE,NOT APPLICABLE,5220,S,ROCKWELL ST,923,,,,,,,3,NO INDICATION OF INJURY,0,0,0,0,0,3,0,2,7,9,41.7985875,-87.68919991,POINT (-87.689199907495 41.798587499969)
JC452011,,9/28/2019 2:30,30,NO CONTROLS,NO CONTROLS,CLOUDY/OVERCAST,DAYLIGHT,SIDESWIPE SAME DIRECTION,NOT DIVIDED,,STRAIGHT ON GRADE,DRY,NO DEFECTS,NOT ON SCENE (DESK REPORT),NO INJURY / DRIVE AWAY,,,Y,"OVER $1,500",9/28/2019 3:30,IMPROPER LANE USAGE,UNABLE TO DETERMINE,9921,S,WESTERN AVE,2213,,,,,,,2,NO INDICATION OF INJURY,0,0,0,0,0,3,0,2,7,9,41.71301832,-87.68167679,POINT (-87.681676789053 41.713018317611)
JC451393,,9/28/2019 2:30,35,TRAFFIC SIGNAL,FUNCTIONING PROPERLY,CLEAR,"DARKNESS, LIGHTED ROAD",REAR END,DIVIDED - W/MEDIAN (NOT RAISED),,STRAIGHT AND LEVEL,WET,NO DEFECTS,NOT ON SCENE (DESK REPORT),NO INJURY / DRIVE AWAY,,,Y,"OVER $1,500",9/28/2019 3:30,UNABLE TO DETERMINE,NOT APPLICABLE,6315,S,CICERO AVE,813,,,,,,,2,NO INDICATION OF INJURY,0,0,0,0,0,3,0,2,7,9,41.77794441,-87.74213056,POINT (-87.742130555452 41.777944410669)
JC451378,,9/28/2019 2:30,30,TRAFFIC SIGNAL,FUNCTIONING PROPERLY,RAIN,"DARKNESS, LIGHTED ROAD",ANGLE,CENTER TURN LANE,,STRAIGHT AND LEVEL,WET,NO DEFECTS,NOT ON SCENE (DESK REPORT),NO INJURY / DRIVE AWAY,Y,,Y,"$501 - $1,500",9/28/2019 2:55,UNABLE TO DETERMINE,NOT APPLICABLE,2212,S,PULASKI RD,1013,,,,,,,2,NO INDICATION OF INJURY,0,0,0,0,0,2,0,2,7,9,41.85101776,-87.7248904,POINT (-87.724890399482 41.851017760653)
JC451366,Y,9/28/2019 2:16,30,NO CONTROLS,NO CONTROLS,RAIN,"DARKNESS, LIGHTED ROAD",FIXED OBJECT,DIVIDED - W/MEDIAN BARRIER,,STRAIGHT AND LEVEL,WET,NO DEFECTS,ON SCENE,INJURY AND / OR TOW DUE TO CRASH,,,N,"OVER $1,500",9/28/2019 2:16,UNABLE TO DETERMINE,UNABLE TO DETERMINE,4941,W,CHICAGO AVE,1531,,,,,,,1,NO INDICATION OF INJURY,0,0,0,0,0,1,0,2,7,9,41.89486207,-87.74989801,POINT (-87.749898007752 41.894862066332)
JC451356,,9/28/2019 2:05,30,NO CONTROLS,UNKNOWN,RAIN,"DARKNESS, LIGHTED ROAD",REAR END,OTHER,,STRAIGHT AND LEVEL,WET,NO DEFECTS,ON SCENE,NO INJURY / DRIVE AWAY,,,,"OVER $1,500",9/28/2019 2:05,NOT APPLICABLE,NOT APPLICABLE,3101,W,26TH ST,1033,,,,,,,2,NO INDICATION OF INJURY,0,0,0,0,0,3,0,2,7,9,41.84443751,-87.70262831,POINT (-87.702628313945 41.844437504988)
JC451363,,9/28/2019 1:53,30,TRAFFIC SIGNAL,FUNCTIONING PROPERLY,RAIN,"DARKNESS, LIGHTED ROAD",PARKED MOTOR VEHICLE,NOT DIVIDED,,STRAIGHT AND LEVEL,WET,NO DEFECTS,ON SCENE,INJURY AND / OR TOW DUE TO CRASH,,,,"OVER $1,500",9/28/2019 1:55,DISTRACTION - FROM INSIDE VEHICLE,WEATHER,5007,W,DIVERSEY AVE,2521,,,,,,,3,NO INDICATION OF INJURY,0,0,0,0,0,1,0,1,7,9,41.93135134,-87.75185426,POINT (-87.751854261799 41.931351337073)
JC451801,,9/28/2019 1:50,30,TRAFFIC SIGNAL,FUNCTIONING PROPERLY,CLEAR,"DARKNESS, LIGHTED ROAD",OTHER NONCOLLISION,DIVIDED - W/MEDIAN (NOT RAISED),,STRAIGHT AND LEVEL,WET,"RUT, HOLES",NOT ON SCENE (DESK REPORT),NO INJURY / DRIVE AWAY,,,,$500 OR LESS,9/28/2019 13:15,ROAD CONSTRUCTION/MAINTENANCE,UNABLE TO DETERMINE,2800,N,DAMEN AVE,1931,,,,,,,1,NO INDICATION OF INJURY,0,0,0,0,0,1,0,1,7,9,41.93232949,-87.67828272,POINT (-87.678282719314 41.932329494099)
JC451361,,9/28/2019 1:47,25,UNKNOWN,UNKNOWN,RAIN,"DARKNESS, LIGHTED ROAD",SIDESWIPE OPPOSITE DIRECTION,NOT DIVIDED,,STRAIGHT AND LEVEL,WET,UNKNOWN,ON SCENE,INJURY AND / OR TOW DUE TO CRASH,,,,"OVER $1,500",9/28/2019 1:49,UNABLE TO DETERMINE,UNABLE TO DETERMINE,750,W,WRIGHTWOOD AVE,1935,,,,,,,2,NONINCAPACITATING INJURY,1,0,0,1,0,2,0,1,7,9,41.929194,-87.64848856,POINT (-87.648488558297 41.9291940013)
JC451367,,9/28/2019 1:45,30,TRAFFIC SIGNAL,FUNCTIONING PROPERLY,RAIN,"DARKNESS, LIGHTED ROAD",ANGLE,NOT DIVIDED,,STRAIGHT AND LEVEL,WET,NO DEFECTS,NOT ON SCENE (DESK REPORT),NO INJURY / DRIVE AWAY,Y,,,"OVER $1,500",9/28/2019 2:14,UNABLE TO DETERMINE,UNABLE TO DETERMINE,6700,S,PULASKI RD,833,,,,,,,2,NO INDICATION OF INJURY,0,0,0,0,0,2,0,1,7,9,41.77132587,-87.72272138,POINT (-87.722721377294 41.771325865209)
JC451362,,9/28/2019 1:43,30,NO CONTROLS,NO CONTROLS,RAIN,"DARKNESS, LIGHTED ROAD",SIDESWIPE SAME DIRECTION,NOT DIVIDED,,STRAIGHT AND LEVEL,WET,NO DEFECTS,ON SCENE,NO INJURY / DRIVE AWAY,,,,"$501 - $1,500",9/28/2019 1:46,DRIVING SKILLS/KNOWLEDGE/EXPERIENCE,UNDER THE INFLUENCE OF ALCOHOL/DRUGS (USE WHEN ARREST IS EFFECTED),724,W,MAXWELL ST,1232,Y,,,,,,2,NO INDICATION OF INJURY,0,0,0,0,0,3,0,1,7,9,41.86490383,-87.64605899,POINT (-87.646058990283 41.864903825932)
JC451345,,9/28/2019 1:32,35,TRAFFIC SIGNAL,FUNCTIONING PROPERLY,RAIN,"DARKNESS, LIGHTED ROAD",HEAD ON,NOT DIVIDED,,STRAIGHT AND LEVEL,WET,NO DEFECTS,ON SCENE,INJURY AND / OR TOW DUE TO CRASH,Y,,,"OVER $1,500",9/28/2019 1:32,FAILING TO YIELD RIGHT-OF-WAY,IMPROPER TURNING/NO SIGNAL,3901,S,ARCHER AVE,921,,,,,,,2,NO INDICATION OF INJURY,0,0,0,0,0,2,0,1,7,9,41.82274081,-87.68990979,POINT (-87.689909789049 41.822740810808)
JC451940,,9/28/2019 1:30,30,NO CONTROLS,NO CONTROLS,RAIN,DUSK,PARKED MOTOR VEHICLE,NOT DIVIDED,,STRAIGHT AND LEVEL,WET,NO DEFECTS,NOT ON SCENE (DESK REPORT),NO INJURY / DRIVE AWAY,,,Y,"OVER $1,500",9/28/2019 14:47,NOT APPLICABLE,NOT APPLICABLE,5306,S,KEELER AVE,815,,,,,,,2,NO INDICATION OF INJURY,0,0,0,0,0,1,0,1,7,9,41.7965662,-87.72830735,POINT (-87.728307350493 41.796566202019)
JC451340,Y,9/28/2019 1:30,30,TRAFFIC SIGNAL,FUNCTIONING PROPERLY,RAIN,"DARKNESS, LIGHTED ROAD",REAR END,FOUR WAY,,STRAIGHT AND LEVEL,WET,NO DEFECTS,ON SCENE,NO INJURY / DRIVE AWAY,Y,,Y,"$501 - $1,500",9/28/2019 1:40,FOLLOWING TOO CLOSELY,IMPROPER OVERTAKING/PASSING,1400,W,87TH ST,614,,Y,,,,,2,NO INDICATION OF INJURY,0,0,0,0,0,2,0,1,7,9,41.73597057,-87.65826818,POINT (-87.6582681841 41.735970572419)
JC451335,,9/28/2019 1:20,30,TRAFFIC SIGNAL,FUNCTIONING PROPERLY,RAIN,"DARKNESS, LIGHTED ROAD",REAR END,DIVIDED - W/MEDIAN (NOT RAISED),,STRAIGHT AND LEVEL,WET,NO DEFECTS,ON SCENE,NO INJURY / DRIVE AWAY,Y,,,"OVER $1,500",9/28/2019 1:23,WEATHER,FOLLOWING TOO CLOSELY,6801,W,ARCHER AVE,811,,,,,,,2,NO INDICATION OF INJURY,0,0,0,0,0,2,0,1,7,9,41.79204524,-87.79163306,POINT (-87.79163306363 41.792045238105)
JC451347,,9/28/2019 1:15,30,NO CONTROLS,NO CONTROLS,RAIN,"DARKNESS, LIGHTED ROAD",ANGLE,UNKNOWN INTERSECTION TYPE,,STRAIGHT AND LEVEL,WET,NO DEFECTS,NOT ON SCENE (DESK REPORT),NO INJURY / DRIVE AWAY,,,Y,"$501 - $1,500",9/28/2019 1:50,FAILING TO YIELD RIGHT-OF-WAY,NOT APPLICABLE,2206,W,21ST PL,1234,,,,,,,2,NO INDICATION OF INJURY,0,0,0,0,0,2,0,1,7,9,41.85311856,-87.6811227,POINT (-87.681122700311 41.853118561689)
JC452253,,9/28/2019 1:00,25,TRAFFIC SIGNAL,FUNCTIONING PROPERLY,RAIN,"DARKNESS, LIGHTED ROAD",FIXED OBJECT,ONE-WAY,,STRAIGHT AND LEVEL,WET,NO DEFECTS,ON SCENE,INJURY AND / OR TOW DUE TO CRASH,Y,Y,,"OVER $1,500",9/28/2019 17:25,UNABLE TO DETERMINE,UNABLE TO DETERMINE,3300,S,WENTWORTH AVE,915,,,,,,,1,NO INDICATION OF INJURY,0,0,0,0,0,1,0,1,7,9,41.83449802,-87.6317458,POINT (-87.631745801426 41.834498021652)
JC452094,,9/28/2019 1:00,15,NO CONTROLS,NO CONTROLS,CLEAR,"DARKNESS, LIGHTED ROAD",PARKED MOTOR VEHICLE,PARKING LOT,,STRAIGHT AND LEVEL,WET,NO DEFECTS,ON SCENE,NO INJURY / DRIVE AWAY,,,Y,"OVER $1,500",9/28/2019 16:22,UNABLE TO DETERMINE,UNABLE TO DETERMINE,3564,S,RHODES AVE,212,,,,,,,4,NO INDICATION OF INJURY,0,0,0,0,0,1,0,1,7,9,41.82929172,-87.6145923,POINT (-87.614592298329 41.829291717927)
JC451807,,9/28/2019 1:00,30,NO CONTROLS,NO CONTROLS,RAIN,"DARKNESS, LIGHTED ROAD",PARKED MOTOR VEHICLE,NOT DIVIDED,,STRAIGHT AND LEVEL,WET,NO DEFECTS,NOT ON SCENE (DESK REPORT),NO INJURY / DRIVE AWAY,,,,"$501 - $1,500",9/28/2019 12:00,UNABLE TO DETERMINE,UNABLE TO DETERMINE,2648,E,92ND ST,423,,,,,,,2,NO INDICATION OF INJURY,0,0,0,0,0,1,0,1,7,9,41.72826325,-87.55893868,POINT (-87.558938675574 41.728263244888)
JC451557,,9/28/2019 1:00,25,NO CONTROLS,NO CONTROLS,RAIN,DARKNESS,PARKED MOTOR VEHICLE,ONE-WAY,,STRAIGHT ON GRADE,WET,NO DEFECTS,,NO INJURY / DRIVE AWAY,,,Y,"OVER $1,500",9/28/2019 9:38,UNABLE TO DETERMINE,UNABLE TO DETERMINE,3604,W,SCHUBERT AVE,2524,,,,,,,2,NO INDICATION OF INJURY,0,0,0,0,0,1,0,1,7,9,41.93020489,-87.71736791,POINT (-87.717367906001 41.93020488907)
JC451487,Y,9/28/2019 1:00,30,NO CONTROLS,NO CONTROLS,RAIN,DARKNESS,PARKED MOTOR VEHICLE,ONE-WAY,,STRAIGHT AND LEVEL,WET,NO DEFECTS,,NO INJURY / DRIVE AWAY,,,Y,"OVER $1,500",9/28/2019 7:52,UNABLE TO DETERMINE,UNABLE TO DETERMINE,7833,S,HOYNE AVE,611,,,,,,,5,NO INDICATION OF INJURY,0,0,0,0,0,1,0,1,7,9,41.7510304,-87.6754447,POINT (-87.67544469607 41.751030400366)
JC451325,Y,9/28/2019 1:00,30,NO CONTROLS,FUNCTIONING PROPERLY,RAIN,"DARKNESS, LIGHTED ROAD",SIDESWIPE SAME DIRECTION,NOT DIVIDED,,STRAIGHT AND LEVEL,WET,NO DEFECTS,ON SCENE,NO INJURY / DRIVE AWAY,N,,Y,"$501 - $1,500",9/28/2019 1:04,FAILING TO REDUCE SPEED TO AVOID CRASH,UNABLE TO DETERMINE,1558,W,BELMONT AVE,1922,,Y,,,,,2,NO INDICATION OF INJURY,0,0,0,0,0,3,0,1,7,9,41.93980784,-87.66854329,POINT (-87.66854329066 41.939807839766)
JC451327,,9/28/2019 0:45,30,TRAFFIC SIGNAL,FUNCTIONING PROPERLY,RAIN,"DARKNESS, LIGHTED ROAD",SIDESWIPE OPPOSITE DIRECTION,DIVIDED - W/MEDIAN (NOT RAISED),,STRAIGHT AND LEVEL,WET,NO DEFECTS,ON SCENE,INJURY AND / OR TOW DUE TO CRASH,,,Y,"OVER $1,500",9/28/2019 0:58,UNABLE TO DETERMINE,UNABLE TO DETERMINE,6300,S,CICERO AVE,813,,,,,,,2,NO INDICATION OF INJURY,0,0,0,0,0,2,0,0,7,9,41.77833539,-87.74243649,POINT (-87.74243649416 41.778335390453)
JC451326,,9/28/2019 0:45,30,TRAFFIC SIGNAL,FUNCTIONING PROPERLY,RAIN,"DARKNESS, LIGHTED ROAD",REAR END,NOT DIVIDED,,STRAIGHT AND LEVEL,WET,NO DEFECTS,NOT ON SCENE (DESK REPORT),NO INJURY / DRIVE AWAY,,,,"$501 - $1,500",9/28/2019 1:25,WEATHER,WEATHER,2019,N,OAK PARK AVE,2512,,,,,,,2,NO INDICATION OF INJURY,0,0,0,0,0,2,0,0,7,9,41.91691061,-87.79488762,POINT (-87.794887615416 41.916910609038)
JC451320,,9/28/2019 0:45,35,STOP SIGN/FLASHER,FUNCTIONING PROPERLY,RAIN,"DARKNESS, LIGHTED ROAD",ANGLE,NOT DIVIDED,,STRAIGHT AND LEVEL,WET,NO DEFECTS,ON SCENE,NO INJURY / DRIVE AWAY,Y,,,"OVER $1,500",9/28/2019 0:50,FAILING TO YIELD RIGHT-OF-WAY,WEATHER,100,N,LOTUS AVE,1523,,,,,,,3,NO INDICATION OF INJURY,0,0,0,0,0,3,0,0,7,9,41.88238424,-87.76175882,POINT (-87.761758818902 41.882384243212)
JC451318,,9/28/2019 0:44,30,NO CONTROLS,NO CONTROLS,RAIN,DARKNESS,PARKED MOTOR VEHICLE,NOT DIVIDED,,STRAIGHT AND LEVEL,WET,NO DEFECTS,ON SCENE,INJURY AND / OR TOW DUE TO CRASH,,,,"OVER $1,500",9/28/2019 0:44,FAILING TO REDUCE SPEED TO AVOID CRASH,NOT APPLICABLE,10427,S,DR MARTIN LUTHER KING JR DR,512,,,,,,,2,NO INDICATION OF INJURY,0,0,0,0,0,1,0,0,7,9,41.70466358,-87.61355145,POINT (-87.613551445708 41.704663583024)
JC451321,,9/28/2019 0:41,30,NO CONTROLS,NO CONTROLS,RAIN,"DARKNESS, LIGHTED ROAD",PARKED MOTOR VEHICLE,DIVIDED - W/MEDIAN (NOT RAISED),,STRAIGHT AND LEVEL,WET,NO DEFECTS,ON SCENE,NO INJURY / DRIVE AWAY,,,Y,"OVER $1,500",9/28/2019 0:41,UNABLE TO DETERMINE,UNABLE TO DETERMINE,4151,W,59TH ST,813,,,,,,,2,NO INDICATION OF INJURY,0,0,0,0,0,1,0,0,7,9,41.78578137,-87.72742336,POINT (-87.727423359661 41.785781369172)
JC451313,,9/28/2019 0:39,30,TRAFFIC SIGNAL,FUNCTIONING PROPERLY,RAIN,"DARKNESS, LIGHTED ROAD",ANGLE,FOUR WAY,,STRAIGHT AND LEVEL,WET,UNKNOWN,ON SCENE,INJURY AND / OR TOW DUE TO CRASH,Y,,,"OVER $1,500",9/28/2019 0:39,FAILING TO YIELD RIGHT-OF-WAY,WEATHER,4400,W,JACKSON BLVD,1113,,,,,,,2,NONINCAPACITATING INJURY,1,0,0,1,0,2,0,0,7,9,41.87707459,-87.73547397,POINT (-87.735473968311 41.877074587616)
JC451309,,9/28/2019 0:30,30,TRAFFIC SIGNAL,FUNCTIONING PROPERLY,RAIN,"DARKNESS, LIGHTED ROAD",HEAD ON,NOT DIVIDED,,STRAIGHT AND LEVEL,WET,NO DEFECTS,ON SCENE,INJURY AND / OR TOW DUE TO CRASH,,,,"OVER $1,500",9/28/2019 0:32,IMPROPER LANE USAGE,UNABLE TO DETERMINE,5713,N,ELSTON AVE,1622,,,,,,,2,NO INDICATION OF INJURY,0,0,0,0,0,3,0,0,7,9,41.98534394,-87.76870498,POINT (-87.768704974664 41.985343934742)
JC451305,,9/28/2019 0:20,30,UNKNOWN,UNKNOWN,RAIN,"DARKNESS, LIGHTED ROAD",ANGLE,ONE-WAY,,STRAIGHT AND LEVEL,WET,NO DEFECTS,ON SCENE,INJURY AND / OR TOW DUE TO CRASH,,,Y,"OVER $1,500",9/28/2019 0:24,FAILING TO REDUCE SPEED TO AVOID CRASH,NOT APPLICABLE,1300,W,70TH ST,734,,,,,,,2,NO INDICATION OF INJURY,0,0,0,0,0,3,0,0,7,9,41.76694579,-87.65665486,POINT (-87.656654860067 41.766945789961)
JC452795,,9/28/2019 0:17,30,NO CONTROLS,NO CONTROLS,RAIN,"DARKNESS, LIGHTED ROAD",REAR END,DIVIDED - W/MEDIAN (NOT RAISED),,STRAIGHT AND LEVEL,WET,NO DEFECTS,NOT ON SCENE (DESK REPORT),NO INJURY / DRIVE AWAY,,,Y,"OVER $1,500",9/29/2019 8:45,FOLLOWING TOO CLOSELY,"OPERATING VEHICLE IN ERRATIC, RECKLESS, CARELESS, NEGLIGENT OR AGGRESSIVE MANNER",8655,S,ASHLAND AVE,614,,,,,,,2,NO INDICATION OF INJURY,0,0,0,0,0,2,0,0,7,9,41.73599603,-87.66292337,POINT (-87.662923367776 41.735996031688)
JC455462,,9/28/2019 0:15,30,NO CONTROLS,NO CONTROLS,UNKNOWN,"DARKNESS, LIGHTED ROAD",PEDALCYCLIST,DIVIDED - W/MEDIAN (NOT RAISED),,STRAIGHT AND LEVEL,UNKNOWN,SHOULDER DEFECT,NOT ON SCENE (DESK REPORT),INJURY AND / OR TOW DUE TO CRASH,,,Y,$500 OR LESS,10/1/2019 11:00,UNABLE TO DETERMINE,UNABLE TO DETERMINE,6000,N,CALDWELL AVE,1621,,,,,,,2,NONINCAPACITATING INJURY,1,0,0,1,0,1,0,0,7,9,41.99020994,-87.75127033,POINT (-87.751270332486 41.990209941002)
JC451329,,9/28/2019 0:05,30,STOP SIGN/FLASHER,FUNCTIONING PROPERLY,RAIN,"DARKNESS, LIGHTED ROAD",REAR END,DIVIDED - W/MEDIAN (NOT RAISED),,STRAIGHT AND LEVEL,WET,NO DEFECTS,ON SCENE,NO INJURY / DRIVE AWAY,N,,Y,"OVER $1,500",9/28/2019 0:08,FAILING TO REDUCE SPEED TO AVOID CRASH,NOT APPLICABLE,4100,W,ARMITAGE AVE,2525,,,,,,,2,NO INDICATION OF INJURY,0,0,0,0,0,5,0,0,7,9,41.91724397,-87.72906372,POINT (-87.729063715517 41.917243973804)
JC451299,,9/28/2019 0:01,30,TRAFFIC SIGNAL,FUNCTIONING PROPERLY,RAIN,"DARKNESS, LIGHTED ROAD",REAR END,FOUR WAY,,STRAIGHT AND LEVEL,WET,NO DEFECTS,ON SCENE,INJURY AND / OR TOW DUE TO CRASH,Y,,,"OVER $1,500",9/28/2019 0:04,UNDER THE INFLUENCE OF ALCOHOL/DRUGS (USE WHEN ARREST IS EFFECTED),FAILING TO REDUCE SPEED TO AVOID CRASH,300,S,CICERO AVE,1533,,,,,,,2,NO INDICATION OF INJURY,0,0,0,0,0,2,0,0,7,9,41.87676066,-87.74529167,POINT (-87.745291666388 41.876760654888)
JC454873,,9/28/2019 0:00,30,NO CONTROLS,NO CONTROLS,RAIN,DARKNESS,FIXED OBJECT,NOT DIVIDED,,STRAIGHT AND LEVEL,WET,NO DEFECTS,NOT ON SCENE (DESK REPORT),NO INJURY / DRIVE AWAY,,,,"$501 - $1,500",9/30/2019 19:40,UNABLE TO DETERMINE,UNABLE TO DETERMINE,3831,W,ROOSEVELT RD,1011,,,,,,,1,NO INDICATION OF INJURY,0,0,0,0,0,1,0,0,7,9,41.86611469,-87.72129622,POINT (-87.721296221829 41.866114693767)
JC454793,Y,9/28/2019 0:00,30,NO CONTROLS,NO CONTROLS,UNKNOWN,UNKNOWN,PARKED MOTOR VEHICLE,OTHER,,STRAIGHT AND LEVEL,UNKNOWN,NO DEFECTS,NOT ON SCENE (DESK REPORT),NO INJURY / DRIVE AWAY,,,Y,$500 OR LESS,9/30/2019 18:55,UNABLE TO DETERMINE,NOT APPLICABLE,920,S,ADA ST,1231,,,,,,,2,NO INDICATION OF INJURY,0,0,0,0,0,1,0,0,7,9,41.86965235,-87.66026617,POINT (-87.660266171304 41.86965235367)
JC452203,Y,9/28/2019 0:00,15,NO CONTROLS,NO CONTROLS,RAIN,UNKNOWN,PARKED MOTOR VEHICLE,ALLEY,,STRAIGHT AND LEVEL,WET,NO DEFECTS,ON SCENE,INJURY AND / OR TOW DUE TO CRASH,,N,Y,"$501 - $1,500",9/28/2019 17:49,UNABLE TO DETERMINE,UNABLE TO DETERMINE,6826,S,INDIANA AVE,322,,Y,,,,,2,NO INDICATION OF INJURY,0,0,0,0,0,1,0,0,7,9,41.77023812,-87.6203843,POINT (-87.620384296723 41.770238122742)
JC451290,,9/28/2019 0:00,30,TRAFFIC SIGNAL,FUNCTIONING PROPERLY,RAIN,"DARKNESS, LIGHTED ROAD",FIXED OBJECT,DIVIDED - W/MEDIAN (NOT RAISED),,STRAIGHT AND LEVEL,WET,NO DEFECTS,ON SCENE,INJURY AND / OR TOW DUE TO CRASH,N,,,"OVER $1,500",9/28/2019 0:00,FAILING TO REDUCE SPEED TO AVOID CRASH,WEATHER,5500,S,LAKE PARK AVE,235,,Y,,,,,1,NO INDICATION OF INJURY,0,0,0,0,0,1,0,0,7,9,41.79510594,-87.58770941,POINT (-87.587709412142 41.795105937194)