RD_NO,CRASH_DATE_EST_I,CRASH_DATE,POSTED_SPEED_LIMIT,TRAFFIC_CONTROL_DEVICE,DEVICE_CONDITION,WEATHER_CONDITION,LIGHTING_CONDITION,FIRST_CRASH_TYPE,TRAFFICWAY_TYPE,LANE_CNT,ALIGNMENT,ROADWAY_SURFACE_COND,ROAD_DEFECT,REPORT_TYPE,CRASH_TYPE,INTERSECTION_RELATED_I,NOT_RIGHT_OF_WAY_I,HIT_AND_RUN_I,DAMAGE,DATE_POLICE_NOTIFIED,PRIM_CONTRIBUTORY_CAUSE,SEC_CONTRIBUTORY_CAUSE,STREET_NO,STREET_DIRECTION,STREET_NAME,BEAT_OF_OCCURRENCE,PHOTOS_TAKEN_I,STATEMENTS_TAKEN_I,DOORING_I,WORK_ZONE_I,WORK_ZONE_TYPE,WORKERS_PRESENT_I,NUM_UNITS,MOST_SEVERE_INJURY,INJURIES_TOTAL,INJURIES_FATAL,INJURIES_INCAPACITATING,INJURIES_NON_INCAPACITATING,INJURIES_REPORTED_NOT_EVIDENT,INJURIES_NO_INDICATION,INJURIES_UNKNOWN,CRASH_HOUR,CRASH_DAY_OF_WEEK,CRASH_MONTH,LATITUDE,LONGITUDE,LOCATION
JC451323,,9/27/2019 23:58,30,UNKNOWN,UNKNOWN,RAIN,"DARKNESS, LIGHTED ROAD",SIDESWIPE SAME DIRECTION,DIVIDED - W/MEDIAN (NOT RAISED),,STRAIGHT AND LEVEL,DRY,UNKNOWN,NOT ON SCENE (DESK REPORT),NO INJURY / DRIVE AWAY,,,,"$501 - $1,500",9/28/2019 0:01,FAILING TO YIELD RIGHT-OF-WAY,FAILING TO YIELD RIGHT-OF-WAY,3147,N,SHEFFIELD AVE,1933,,,,,,,2,NO INDICATION OF INJURY,0,0,0,0,0,2,0,23,6,9,41.93946558,-87.65394362,POINT (-87.653943615685 41.939465581146)
JC451291,,9/27/2019 23:50,30,STOP SIGN/FLASHER,FUNCTIONING PROPERLY,RAIN,"DARKNESS, LIGHTED ROAD",TURNING,NOT DIVIDED,,STRAIGHT AND LEVEL,WET,NO DEFECTS,ON SCENE,INJURY AND / OR TOW DUE TO CRASH,Y,,,"OVER $1,500",9/27/2019 23:55,IMPROPER BACKING,NOT APPLICABLE,3201,S,WESTERN AVE,912,,,,,,,2,NONINCAPACITATING INJURY,1,0,0,1,0,3,0,23,6,9,41.83536304,-87.68442117,POINT (-87.68442116861 41.835363040876)
JC451250,,9/27/2019 23:45,40,TRAFFIC SIGNAL,FUNCTIONING PROPERLY,RAIN,"DARKNESS, LIGHTED ROAD",TURNING,T-INTERSECTION,,STRAIGHT AND LEVEL,WET,NO DEFECTS,ON SCENE,INJURY AND / OR TOW DUE TO CRASH,Y,,,"OVER $1,500",9/27/2019 23:49,IMPROPER LANE USAGE,IMPROPER LANE USAGE,1600,N,LAKE SHORE DR NB,1814,,,,,,,2,NO INDICATION OF INJURY,0,0,0,0,0,3,0,23,6,9,41.91130449,-87.6258786,POINT (-87.625878603169 41.91130448787)
JC451297,,9/27/2019 23:43,30,TRAFFIC SIGNAL,FUNCTIONING PROPERLY,RAIN,"DARKNESS, LIGHTED ROAD",TURNING,TRAFFIC ROUTE,,STRAIGHT AND LEVEL,WET,UNKNOWN,ON SCENE,INJURY AND / OR TOW DUE TO CRASH,Y,,,"OVER $1,500",9/28/2019 0:01,IMPROPER TURNING/NO SIGNAL,NOT APPLICABLE,2600,S,STATE ST,133,,,,,,,2,NO INDICATION OF INJURY,0,0,0,0,0,2,0,23,6,9,41.8455204,-87.62710659,POINT (-87.627106591997 41.845520397465)
JC451867,,9/27/2019 23:37,10,NO CONTROLS,NO CONTROLS,CLEAR,"DARKNESS, LIGHTED ROAD",PARKED MOTOR VEHICLE,PARKING LOT,,STRAIGHT AND LEVEL,DRY,NO DEFECTS,NOT ON SCENE (DESK REPORT),NO INJURY / DRIVE AWAY,,Y,,"$501 - $1,500",9/28/2019 13:57,IMPROPER LANE USAGE,NOT APPLICABLE,111,W,KINZIE ST,1831,,,,,,,2,NO INDICATION OF INJURY,0,0,0,0,0,1,0,23,6,9,41.88909518,-87.63156942,POINT (-87.631569424082 41.88909517779)
JC451281,,9/27/2019 23:35,30,NO CONTROLS,NO CONTROLS,RAIN,DARKNESS,PEDESTRIAN,OTHER,,STRAIGHT AND LEVEL,WET,NO DEFECTS,ON SCENE,INJURY AND / OR TOW DUE TO CRASH,Y,,,$500 OR LESS,9/27/2019 23:36,WEATHER,WEATHER,2401,W,HADDON AVE,1212,,,,,,,2,NONINCAPACITATING INJURY,1,0,0,1,0,1,0,23,6,9,41.90197598,-87.68712689,POINT (-87.687126892081 41.90197598311)
JC451627,Y,9/27/2019 23:30,30,NO CONTROLS,NO CONTROLS,RAIN,"DARKNESS, LIGHTED ROAD",PARKED MOTOR VEHICLE,DIVIDED - W/MEDIAN (NOT RAISED),,STRAIGHT AND LEVEL,WET,NO DEFECTS,ON SCENE,NO INJURY / DRIVE AWAY,,,Y,"OVER $1,500",9/28/2019 10:20,UNABLE TO DETERMINE,NOT APPLICABLE,4439,N,KIMBALL AVE,1724,,,,,,,3,NO INDICATION OF INJURY,0,0,0,0,0,1,0,23,6,9,41.96229983,-87.71302896,POINT (-87.713028956026 41.96229982955)
JC451295,,9/27/2019 23:30,30,TRAFFIC SIGNAL,FUNCTIONING PROPERLY,RAIN,"DARKNESS, LIGHTED ROAD",REAR END,FOUR WAY,,STRAIGHT AND LEVEL,WET,NO DEFECTS,ON SCENE,NO INJURY / DRIVE AWAY,,,,"$501 - $1,500",9/27/2019 23:51,FAILING TO REDUCE SPEED TO AVOID CRASH,NOT APPLICABLE,5,W,PERSHING RD,213,,N,,,,,3,NO INDICATION OF INJURY,0,0,0,0,0,3,0,23,6,9,41.82360078,-87.62667093,POINT (-87.626670929748 41.823600776874)
JC451294,,9/27/2019 23:30,30,STOP SIGN/FLASHER,FUNCTIONING PROPERLY,RAIN,DARKNESS,PARKED MOTOR VEHICLE,NOT DIVIDED,,STRAIGHT AND LEVEL,WET,NO DEFECTS,ON SCENE,NO INJURY / DRIVE AWAY,,,Y,"OVER $1,500",9/27/2019 23:50,UNABLE TO DETERMINE,NOT APPLICABLE,10828,S,STATE ST,513,,,,,,,2,NO INDICATION OF INJURY,0,0,0,0,0,1,0,23,6,9,41.69718469,-87.62338256,POINT (-87.623382561418 41.697184690889)
JC454091,,9/27/2019 23:20,30,TRAFFIC SIGNAL,FUNCTIONING PROPERLY,RAIN,"DARKNESS, LIGHTED ROAD",ANGLE,NOT DIVIDED,,STRAIGHT AND LEVEL,WET,NO DEFECTS,NOT ON SCENE (DESK REPORT),NO INJURY / DRIVE AWAY,,,Y,"OVER $1,500",9/30/2019 11:19,DISREGARDING TRAFFIC SIGNALS,NOT APPLICABLE,8948,S,DAUPHIN AVE,633,,,,,,,2,NO INDICATION OF INJURY,0,0,0,0,0,2,0,23,6,9,41.73159174,-87.60249477,POINT (-87.60249476779 41.731591735185)
JC451821,,9/27/2019 23:15,30,NO CONTROLS,NO CONTROLS,RAIN,DARKNESS,SIDESWIPE SAME DIRECTION,NOT DIVIDED,,STRAIGHT AND LEVEL,WET,NO DEFECTS,NOT ON SCENE (DESK REPORT),NO INJURY / DRIVE AWAY,,,,"$501 - $1,500",9/28/2019 13:03,NOT APPLICABLE,NOT APPLICABLE,5900,S,CICERO AVE,813,,,,,,,2,NO INDICATION OF INJURY,0,0,0,0,0,2,0,23,6,9,41.78564332,-87.74148578,POINT (-87.741485778405 41.785643323876)
JC451285,,9/27/2019 23:15,30,NO CONTROLS,NO CONTROLS,RAIN,"DARKNESS, LIGHTED ROAD",TURNING,NOT DIVIDED,,STRAIGHT AND LEVEL,WET,NO DEFECTS,,NO INJURY / DRIVE AWAY,,,,"$501 - $1,500",9/28/2019 0:05,IMPROPER TURNING/NO SIGNAL,UNABLE TO DETERMINE,5908,N,BROADWAY,2013,,,,,,,2,NO INDICATION OF INJURY,0,0,0,0,0,2,0,23,6,9,41.9893336,-87.66039461,POINT (-87.660394613064 41.989333596165)
JC451531,,9/27/2019 23:07,30,TRAFFIC SIGNAL,FUNCTIONING PROPERLY,RAIN,DARKNESS,REAR END,ONE-WAY,,STRAIGHT AND LEVEL,WET,NO DEFECTS,NOT ON SCENE (DESK REPORT),NO INJURY / DRIVE AWAY,,,,"OVER $1,500",9/28/2019 9:10,FOLLOWING TOO CLOSELY,UNABLE TO DETERMINE,1200,W,GARFIELD BLVD,934,,,,,,,2,NO INDICATION OF INJURY,0,0,0,0,0,2,0,23,6,9,41.79428416,-87.65499144,POINT (-87.654991435145 41.79428416371)
JC451255,,9/27/2019 23:05,35,NO CONTROLS,NO CONTROLS,RAIN,"DARKNESS, LIGHTED ROAD",FIXED OBJECT,DIVIDED - W/MEDIAN (NOT RAISED),,STRAIGHT AND LEVEL,WET,NO DEFECTS,ON SCENE,INJURY AND / OR TOW DUE TO CRASH,,,,"OVER $1,500",9/27/2019 23:10,UNABLE TO DETERMINE,UNABLE TO DETERMINE,3800,W,PETERSON AVE,1711,,,,,,,1,NONINCAPACITATING INJURY,1,0,0,1,0,0,0,23,6,9,41.99030247,-87.72409755,POINT (-87.724097553346 41.990302465091)
JC451251,,9/27/2019 23:04,30,UNKNOWN,UNKNOWN,RAIN,"DARKNESS, LIGHTED ROAD",PARKED MOTOR VEHICLE,NOT DIVIDED,,STRAIGHT AND LEVEL,WET,NO DEFECTS,ON SCENE,INJURY AND / OR TOW DUE TO CRASH,,,Y,"OVER $1,500",9/27/2019 23:07,UNABLE TO DETERMINE,NOT APPLICABLE,1404,N,ASHLAND AVE,1433,,,,,,,2,NO INDICATION OF INJURY,0,0,0,0,0,1,0,23,6,9,41.90716916,-87.66774141,POINT (-87.667741408446 41.907169154992)
JC451254,,9/27/2019 22:55,30,NO CONTROLS,NO CONTROLS,RAIN,"DARKNESS, LIGHTED ROAD",ANGLE,FOUR WAY,,STRAIGHT AND LEVEL,WET,NO DEFECTS,ON SCENE,INJURY AND / OR TOW DUE TO CRASH,Y,,,"OVER $1,500",9/27/2019 23:01,FAILING TO YIELD RIGHT-OF-WAY,UNABLE TO DETERMINE,4000,N,ST LOUIS AVE,1723,,,,,,,2,NONINCAPACITATING INJURY,3,0,0,3,0,1,0,22,6,9,41.95391028,-87.71551173,POINT (-87.715511727422 41.953910279768)
JC451243,,9/27/2019 22:54,30,NO CONTROLS,NO CONTROLS,RAIN,"DARKNESS, LIGHTED ROAD",REAR END,NOT DIVIDED,,STRAIGHT AND LEVEL,WET,NO DEFECTS,ON SCENE,NO INJURY / DRIVE AWAY,Y,,,"OVER $1,500",9/27/2019 22:54,IMPROPER OVERTAKING/PASSING,FOLLOWING TOO CLOSELY,2550,E,71ST ST,334,,,,,,,2,NO INDICATION OF INJURY,0,0,0,0,0,3,0,22,6,9,41.76639331,-87.56275015,POINT (-87.562750151725 41.766393312223)
JC451261,,9/27/2019 22:42,35,NO CONTROLS,NO CONTROLS,RAIN,"DARKNESS, LIGHTED ROAD",FIXED OBJECT,NOT DIVIDED,,STRAIGHT AND LEVEL,WET,NO DEFECTS,ON SCENE,INJURY AND / OR TOW DUE TO CRASH,,,,"OVER $1,500",9/27/2019 22:42,UNABLE TO DETERMINE,NOT APPLICABLE,13061,S,BRAINARD AVE,433,,,,,,,1,NO INDICATION OF INJURY,0,0,0,0,0,1,0,22,6,9,41.65736043,-87.55702818,POINT (-87.557028182362 41.657360432628)
JC451223,,9/27/2019 22:40,35,NO CONTROLS,NO CONTROLS,RAIN,"DARKNESS, LIGHTED ROAD",TURNING,NOT DIVIDED,,STRAIGHT AND LEVEL,WET,NO DEFECTS,ON SCENE,NO INJURY / DRIVE AWAY,,,,$500 OR LESS,9/27/2019 22:41,FAILING TO YIELD RIGHT-OF-WAY,IMPROPER OVERTAKING/PASSING,3540,N,CLARK ST,1924,,,,,,,2,NO INDICATION OF INJURY,0,0,0,0,0,3,0,22,6,9,41.94657696,-87.65618754,POINT (-87.6561875411 41.946576955272)
JC451232,,9/27/2019 22:35,30,TRAFFIC SIGNAL,FUNCTIONING PROPERLY,RAIN,"DARKNESS, LIGHTED ROAD",REAR END,DIVIDED - W/MEDIAN (NOT RAISED),,STRAIGHT AND LEVEL,WET,NO DEFECTS,ON SCENE,NO INJURY / DRIVE AWAY,Y,,,"$501 - $1,500",9/27/2019 22:37,FOLLOWING TOO CLOSELY,NOT APPLICABLE,400,S,STATE ST,113,,,,,,,2,NO INDICATION OF INJURY,0,0,0,0,0,3,0,22,6,9,41.87686253,-87.62779697,POINT (-87.627796970132 41.876862529588)
JC451265,,9/27/2019 22:32,30,NO CONTROLS,NO CONTROLS,RAIN,"DARKNESS, LIGHTED ROAD",PARKED MOTOR VEHICLE,DIVIDED - W/MEDIAN (NOT RAISED),,STRAIGHT AND LEVEL,WET,NO DEFECTS,ON SCENE,INJURY AND / OR TOW DUE TO CRASH,,,,"$501 - $1,500",9/27/2019 22:32,DISTRACTION - FROM INSIDE VEHICLE,UNABLE TO DETERMINE,61,E,24TH ST,131,,,,,,,2,NO INDICATION OF INJURY,0,0,0,0,0,1,0,22,6,9,41.8491652,-87.62460288,POINT (-87.62460287631 41.849165202332)
JC454135,,9/27/2019 22:30,30,STOP SIGN/FLASHER,FUNCTIONING PROPERLY,CLEAR,DARKNESS,ANGLE,DIVIDED - W/MEDIAN (NOT RAISED),,STRAIGHT AND LEVEL,DRY,NO DEFECTS,NOT ON SCENE (DESK REPORT),NO INJURY / DRIVE AWAY,,,,"$501 - $1,500",9/30/2019 11:50,UNABLE TO DETERMINE,UNABLE TO DETERMINE,1138,W,18TH ST,1235,,,,,,,2,NO INDICATION OF INJURY,0,0,0,0,0,2,0,22,6,9,41.85808845,-87.65492967,POINT (-87.654929673195 41.858088448018)
JC451852,,9/27/2019 22:30,30,TRAFFIC SIGNAL,FUNCTIONING PROPERLY,RAIN,"DARKNESS, LIGHTED ROAD",REAR END,DIVIDED - W/MEDIAN BARRIER,,STRAIGHT AND LEVEL,WET,UNKNOWN,NOT ON SCENE (DESK REPORT),NO INJURY / DRIVE AWAY,,,,"OVER $1,500",9/28/2019 13:00,UNABLE TO DETERMINE,UNABLE TO DETERMINE,3801,N,AUSTIN AVE,1633,,,,,,,2,NO INDICATION OF INJURY,0,0,0,0,0,2,0,22,6,9,41.94946175,-87.77649693,POINT (-87.776496924872 41.949461749386)
JC451257,,9/27/2019 22:30,30,NO CONTROLS,NO CONTROLS,RAIN,"DARKNESS, LIGHTED ROAD",SIDESWIPE SAME DIRECTION,NOT DIVIDED,,STRAIGHT AND LEVEL,WET,NO DEFECTS,ON SCENE,INJURY AND / OR TOW DUE TO CRASH,,,Y,"OVER $1,500",9/27/2019 22:31,UNABLE TO DETERMINE,UNABLE TO DETERMINE,7000,S,SOUTH SHORE DR,331,,,,,,,4,NO INDICATION OF INJURY,0,0,0,0,0,4,0,22,6,9,41.76802847,-87.56664989,POINT (-87.566649893195 41.768028469262)
JC451237,,9/27/2019 22:20,30,NO CONTROLS,NO CONTROLS,RAIN,"DARKNESS, LIGHTED ROAD",ANGLE,T-INTERSECTION,,STRAIGHT AND LEVEL,WET,NO DEFECTS,NOT ON SCENE (DESK REPORT),NO INJURY / DRIVE AWAY,Y,,,"OVER $1,500",9/27/2019 22:50,FAILING TO REDUCE SPEED TO AVOID CRASH,UNABLE TO DETERMINE,2515,E,78TH ST,421,,,,,,,2,NO INDICATION OF INJURY,0,0,0,0,0,2,0,22,6,9,41.75347631,-87.5631923,POINT (-87.563192299286 41.753476307234)
JC451217,Y,9/27/2019 22:20,30,NO CONTROLS,NO CONTROLS,RAIN,"DARKNESS, LIGHTED ROAD",FIXED OBJECT,NOT DIVIDED,,STRAIGHT AND LEVEL,WET,NO DEFECTS,NOT ON SCENE (DESK REPORT),INJURY AND / OR TOW DUE TO CRASH,,,,"OVER $1,500",9/27/2019 22:24,UNABLE TO DETERMINE,UNABLE TO DETERMINE,235,N,PEORIA ST,1214,,,,,,,1,NONINCAPACITATING INJURY,1,0,0,1,0,2,0,22,6,9,41.88671305,-87.64969288,POINT (-87.649692881667 41.88671305016)
JC451204,,9/27/2019 22:14,30,TRAFFIC SIGNAL,FUNCTIONING PROPERLY,RAIN,"DARKNESS, LIGHTED ROAD",ANGLE,NOT DIVIDED,,STRAIGHT AND LEVEL,WET,NO DEFECTS,ON SCENE,INJURY AND / OR TOW DUE TO CRASH,Y,,,"$501 - $1,500",9/27/2019 22:14,FAILING TO YIELD RIGHT-OF-WAY,NOT APPLICABLE,6000,W,FULLERTON AVE,2512,,,,,,,2,NO INDICATION OF INJURY,0,0,0,0,0,2,0,22,6,9,41.92393534,-87.77577956,POINT (-87.775779561919 41.923935335172)
JC451215,,9/27/2019 22:03,30,NO CONTROLS,NO CONTROLS,RAIN,"DARKNESS, LIGHTED ROAD",PARKED MOTOR VEHICLE,NOT DIVIDED,,STRAIGHT AND LEVEL,WET,NO DEFECTS,ON SCENE,INJURY AND / OR TOW DUE TO CRASH,,,Y,"OVER $1,500",9/27/2019 22:04,UNABLE TO DETERMINE,NOT APPLICABLE,218,E,83RD ST,631,,,,,,,3,NO INDICATION OF INJURY,0,0,0,0,0,1,0,22,6,9,41.74385745,-87.61867435,POINT (-87.618674350829 41.743857448181)
JC453077,,9/27/2019 22:00,30,NO CONTROLS,NO CONTROLS,RAIN,"DARKNESS, LIGHTED ROAD",REAR END,NOT DIVIDED,,STRAIGHT AND LEVEL,WET,NO DEFECTS,NOT ON SCENE (DESK REPORT),NO INJURY / DRIVE AWAY,,,,"OVER $1,500",9/29/2019 14:00,WEATHER,WEATHER,2019,N,OAK PARK AVE,2512,,,,,,,2,NO INDICATION OF INJURY,0,0,0,0,0,2,0,22,6,9,41.91691061,-87.79488762,POINT (-87.794887615416 41.916910609038)
JC451971,,9/27/2019 22:00,15,NO CONTROLS,NO CONTROLS,RAIN,"DARKNESS, LIGHTED ROAD",ANGLE,DIVIDED - W/MEDIAN (NOT RAISED),,STRAIGHT AND LEVEL,WET,NO DEFECTS,NOT ON SCENE (DESK REPORT),NO INJURY / DRIVE AWAY,,,,"$501 - $1,500",9/28/2019 15:17,UNABLE TO DETERMINE,UNABLE TO DETERMINE,5002,N,PULASKI RD,1712,,,,,,,2,NO INDICATION OF INJURY,0,0,0,0,0,3,0,22,6,9,41.97203104,-87.72828227,POINT (-87.728282270549 41.972031036944)
JC451218,,9/27/2019 22:00,25,STOP SIGN/FLASHER,UNKNOWN,RAIN,"DARKNESS, LIGHTED ROAD",PARKED MOTOR VEHICLE,FOUR WAY,,STRAIGHT AND LEVEL,WET,NO DEFECTS,ON SCENE,NO INJURY / DRIVE AWAY,,,,"OVER $1,500",9/27/2019 22:10,FAILING TO REDUCE SPEED TO AVOID CRASH,NOT APPLICABLE,5599,S,SANGAMON ST,712,N,,,,,,3,NO INDICATION OF INJURY,0,0,0,0,0,1,0,22,6,9,41.79250903,-87.64861159,POINT (-87.648611584973 41.792509033426)
JC451213,,9/27/2019 21:51,30,TRAFFIC SIGNAL,FUNCTIONING PROPERLY,RAIN,"DARKNESS, LIGHTED ROAD",PEDALCYCLIST,ONE-WAY,,STRAIGHT AND LEVEL,WET,NO DEFECTS,ON SCENE,INJURY AND / OR TOW DUE TO CRASH,Y,,,"$501 - $1,500",9/27/2019 22:00,DISREGARDING TRAFFIC SIGNALS,NOT APPLICABLE,600,N,FRANKLIN ST,1831,,,,,,,2,NONINCAPACITATING INJURY,1,0,0,1,0,1,0,21,6,9,41.89240654,-87.63574363,POINT (-87.635743626722 41.892406536262)
JC451234,,9/27/2019 21:47,30,NO CONTROLS,NO CONTROLS,RAIN,"DARKNESS, LIGHTED ROAD",TURNING,T-INTERSECTION,,STRAIGHT AND LEVEL,WET,NO DEFECTS,ON SCENE,INJURY AND / OR TOW DUE TO CRASH,Y,,,"OVER $1,500",9/27/2019 21:47,WEATHER,"VISION OBSCURED (SIGNS, TREE LIMBS, BUILDINGS, ETC.)",4431,N,CLARENDON AVE,1914,,,,,,,3,NONINCAPACITATING INJURY,1,0,0,1,0,2,0,21,6,9,41.96284141,-87.64979326,POINT (-87.649793256587 41.962841413756)
JC454207,,9/27/2019 21:45,15,NO CONTROLS,NO CONTROLS,RAIN,"DARKNESS, LIGHTED ROAD",PARKED MOTOR VEHICLE,PARKING LOT,,STRAIGHT AND LEVEL,WET,UNKNOWN,NOT ON SCENE (DESK REPORT),NO INJURY / DRIVE AWAY,,,,"$501 - $1,500",9/30/2019 12:43,UNABLE TO DETERMINE,NOT APPLICABLE,5901,S,ARCHER AVE,811,,,,,,,2,NO INDICATION OF INJURY,0,0,0,0,0,2,0,21,6,9,41.79551639,-87.76292466,POINT (-87.762924660149 41.795516394428)
JC451194,,9/27/2019 21:39,30,TRAFFIC SIGNAL,FUNCTIONING PROPERLY,RAIN,"DARKNESS, LIGHTED ROAD",TURNING,UNKNOWN INTERSECTION TYPE,,STRAIGHT AND LEVEL,WET,UNKNOWN,ON SCENE,INJURY AND / OR TOW DUE TO CRASH,Y,,,"OVER $1,500",9/27/2019 22:10,UNABLE TO DETERMINE,UNABLE TO DETERMINE,7058,S,SOUTH SHORE DR,331,,,,,,,2,NONINCAPACITATING INJURY,1,0,0,1,0,2,0,21,6,9,41.76636542,-87.56662788,POINT (-87.566627879732 41.766365419233)
JC451216,,9/27/2019 21:35,40,TRAFFIC SIGNAL,UNKNOWN,RAIN,"DARKNESS, LIGHTED ROAD",FIXED OBJECT,DIVIDED - W/MEDIAN BARRIER,,STRAIGHT AND LEVEL,WET,UNKNOWN,ON SCENE,INJURY AND / OR TOW DUE TO CRASH,Y,,Y,"OVER $1,500",9/27/2019 21:40,UNABLE TO DETERMINE,UNABLE TO DETERMINE,862,N,LAKE SHORE DR SB,1833,,,,,,,1,NO INDICATION OF INJURY,0,0,0,0,0,1,0,21,6,9,41.89838905,-87.61809191,POINT (-87.618091911783 41.898389053094)
JC451197,,9/27/2019 21:35,25,NO CONTROLS,NO CONTROLS,RAIN,"DARKNESS, LIGHTED ROAD",FIXED OBJECT,NOT DIVIDED,,STRAIGHT AND LEVEL,WET,NO DEFECTS,ON SCENE,INJURY AND / OR TOW DUE TO CRASH,,,Y,"OVER $1,500",9/27/2019 21:46,UNABLE TO DETERMINE,UNABLE TO DETERMINE,311,W,23RD ST,914,,,,,,,1,NO INDICATION OF INJURY,0,0,0,0,0,2,0,21,6,9,41.85082002,-87.63521245,POINT (-87.63521245427 41.850820017241)
JC451980,,9/27/2019 21:30,30,NO CONTROLS,NO CONTROLS,RAIN,DARKNESS,REAR END,ONE-WAY,,STRAIGHT AND LEVEL,WET,NO DEFECTS,NOT ON SCENE (DESK REPORT),NO INJURY / DRIVE AWAY,,,,"$501 - $1,500",9/28/2019 15:23,NOT APPLICABLE,NOT APPLICABLE,3930,N,PULASKI RD,1732,,,,,,,2,NO INDICATION OF INJURY,0,0,0,0,0,2,0,21,6,9,41.95276555,-87.72773669,POINT (-87.727736693855 41.952765553864)
JC451200,,9/27/2019 21:30,30,NO CONTROLS,NO CONTROLS,RAIN,DARKNESS,TURNING,FOUR WAY,,STRAIGHT AND LEVEL,WET,NO DEFECTS,NOT ON SCENE (DESK REPORT),NO INJURY / DRIVE AWAY,Y,,,"OVER $1,500",9/27/2019 22:15,FOLLOWING TOO CLOSELY,WEATHER,3600,N,SPRINGFIELD AVE,1732,,,,,,,2,NO INDICATION OF INJURY,0,0,0,0,0,3,0,21,6,9,41.94649389,-87.72510359,POINT (-87.725103592281 41.946493888701)
JC451172,,9/27/2019 21:30,30,TRAFFIC SIGNAL,FUNCTIONING PROPERLY,RAIN,"DARKNESS, LIGHTED ROAD",REAR END,NOT DIVIDED,,STRAIGHT AND LEVEL,WET,NO DEFECTS,ON SCENE,NO INJURY / DRIVE AWAY,,,Y,"$501 - $1,500",9/27/2019 21:40,UNABLE TO DETERMINE,UNABLE TO DETERMINE,5559,N,NAGLE AVE,1622,,,,,,,2,NO INDICATION OF INJURY,0,0,0,0,0,5,0,21,6,9,41.9826026,-87.78759382,POINT (-87.787593816926 41.982602595923)
JC451189,,9/27/2019 21:15,30,TRAFFIC SIGNAL,FUNCTIONING PROPERLY,RAIN,"DARKNESS, LIGHTED ROAD",REAR END,DIVIDED - W/MEDIAN (NOT RAISED),,STRAIGHT AND LEVEL,WET,NO DEFECTS,ON SCENE,INJURY AND / OR TOW DUE TO CRASH,Y,,,"$501 - $1,500",9/27/2019 21:42,FOLLOWING TOO CLOSELY,WEATHER,6501,W,IRVING PARK RD,1632,,,,,,,2,NO INDICATION OF INJURY,0,0,0,0,0,2,0,21,6,9,41.95276473,-87.78907688,POINT (-87.789076876554 41.952764731289)
JC451176,,9/27/2019 21:10,30,NO CONTROLS,NO CONTROLS,RAIN,"DARKNESS, LIGHTED ROAD",REAR TO SIDE,ONE-WAY,,STRAIGHT AND LEVEL,WET,NO DEFECTS,ON SCENE,INJURY AND / OR TOW DUE TO CRASH,,,Y,"OVER $1,500",9/27/2019 21:13,IMPROPER BACKING,NOT APPLICABLE,611,E,88TH ST,632,,,,,,,2,"REPORTED, NOT EVIDENT",1,0,0,0,1,2,0,21,6,9,41.73465034,-87.60912611,POINT (-87.609126106227 41.734650339883)
JC451153,,9/27/2019 21:10,25,NO CONTROLS,UNKNOWN,RAIN,"DARKNESS, LIGHTED ROAD",TURNING,FOUR WAY,,STRAIGHT AND LEVEL,WET,NO DEFECTS,NOT ON SCENE (DESK REPORT),NO INJURY / DRIVE AWAY,Y,,,"OVER $1,500",9/27/2019 21:20,IMPROPER TURNING/NO SIGNAL,NOT APPLICABLE,44,E,CHESTNUT ST,1833,,,,,,,2,NO INDICATION OF INJURY,0,0,0,0,0,2,0,21,6,9,41.8984641,-87.62639792,POINT (-87.626397923685 41.898464103816)
JC451688,,9/27/2019 21:00,30,NO CONTROLS,NO CONTROLS,RAIN,"DARKNESS, LIGHTED ROAD",PARKED MOTOR VEHICLE,ONE-WAY,,STRAIGHT AND LEVEL,WET,UNKNOWN,NOT ON SCENE (DESK REPORT),NO INJURY / DRIVE AWAY,,,,"OVER $1,500",9/28/2019 11:42,UNABLE TO DETERMINE,UNABLE TO DETERMINE,8429,S,PHILLIPS AVE,423,,,,,,,2,NO INDICATION OF INJURY,0,0,0,0,0,1,0,21,6,9,41.7417807,-87.56472238,POINT (-87.564722382973 41.741780699022)
JC451677,,9/27/2019 21:00,20,NO CONTROLS,NO CONTROLS,RAIN,"DARKNESS, LIGHTED ROAD",FIXED OBJECT,ALLEY,,STRAIGHT AND LEVEL,UNKNOWN,UNKNOWN,NOT ON SCENE (DESK REPORT),NO INJURY / DRIVE AWAY,,,Y,"$501 - $1,500",9/28/2019 11:20,IMPROPER BACKING,UNABLE TO DETERMINE,1837,W,17TH ST,1234,N,,,,,,1,NO INDICATION OF INJURY,0,0,0,0,0,1,0,21,6,9,41.85851001,-87.67260989,POINT (-87.672609893681 41.858510014225)
JC451644,,9/27/2019 21:00,30,NO CONTROLS,NO CONTROLS,CLEAR,DAYLIGHT,REAR END,DIVIDED - W/MEDIAN BARRIER,,STRAIGHT AND LEVEL,WET,NO DEFECTS,NOT ON SCENE (DESK REPORT),NO INJURY / DRIVE AWAY,,,,"$501 - $1,500",9/28/2019 10:58,UNABLE TO DETERMINE,UNABLE TO DETERMINE,800,N,LAKE SHORE DR,1833,,,,,,,2,NO INDICATION OF INJURY,0,0,0,0,0,2,0,21,6,9,41.89682805,-87.6172077,POINT (-87.617207703311 41.896828045009)