RD_NO,CRASH_DATE_EST_I,CRASH_DATE,POSTED_SPEED_LIMIT,TRAFFIC_CONTROL_DEVICE,DEVICE_CONDITION,WEATHER_CONDITION,LIGHTING_CONDITION,FIRST_CRASH_TYPE,TRAFFICWAY_TYPE,LANE_CNT,ALIGNMENT,ROADWAY_SURFACE_COND,ROAD_DEFECT,REPORT_TYPE,CRASH_TYPE,INTERSECTION_RELATED_I,NOT_RIGHT_OF_WAY_I,HIT_AND_RUN_I,DAMAGE,DATE_POLICE_NOTIFIED,PRIM_CONTRIBUTORY_CAUSE,SEC_CONTRIBUTORY_CAUSE,STREET_NO,STREET_DIRECTION,STREET_NAME,BEAT_OF_OCCURRENCE,PHOTOS_TAKEN_I,STATEMENTS_TAKEN_I,DOORING_I,WORK_ZONE_I,WORK_ZONE_TYPE,WORKERS_PRESENT_I,NUM_UNITS,MOST_SEVERE_INJURY,INJURIES_TOTAL,INJURIES_FATAL,INJURIES_INCAPACITATING,INJURIES_NON_INCAPACITATING,INJURIES_REPORTED_NOT_EVIDENT,INJURIES_NO_INDICATION,INJURIES_UNKNOWN,CRASH_HOUR,CRASH_DAY_OF_WEEK,CRASH_MONTH,LATITUDE,LONGITUDE,LOCATION
JC451205,,9/27/2019 21:00,30,NO CONTROLS,NO CONTROLS,RAIN,"DARKNESS, LIGHTED ROAD",PARKED MOTOR VEHICLE,NOT DIVIDED,,STRAIGHT AND LEVEL,WET,NO DEFECTS,ON SCENE,NO INJURY / DRIVE AWAY,,,Y,"$501 - $1,500",9/27/2019 21:57,UNABLE TO DETERMINE,NOT APPLICABLE,3520,W,ARMITAGE AVE,1413,,,,,,,2,NO INDICATION OF INJURY,0,0,0,0,0,1,0,21,6,9,41.91742044,-87.71442038,POINT (-87.714420382384 41.917420438103)
JC451168,,9/27/2019 21:00,30,STOP SIGN/FLASHER,FUNCTIONING PROPERLY,RAIN,"DARKNESS, LIGHTED ROAD",TURNING,NOT DIVIDED,,STRAIGHT AND LEVEL,WET,NO DEFECTS,ON SCENE,NO INJURY / DRIVE AWAY,Y,,Y,"$501 - $1,500",9/27/2019 21:30,FAILING TO REDUCE SPEED TO AVOID CRASH,UNABLE TO DETERMINE,10901,S,PROSPECT AVE,2212,,,,,,,2,NO INDICATION OF INJURY,0,0,0,0,0,4,0,21,6,9,41.69530567,-87.66667953,POINT (-87.666679525215 41.695305671488)
JC451154,,9/27/2019 20:57,30,TRAFFIC SIGNAL,FUNCTIONING PROPERLY,RAIN,DARKNESS,PEDESTRIAN,FOUR WAY,,STRAIGHT AND LEVEL,WET,NO DEFECTS,ON SCENE,INJURY AND / OR TOW DUE TO CRASH,Y,,,$500 OR LESS,9/27/2019 20:57,FAILING TO YIELD RIGHT-OF-WAY,IMPROPER LANE USAGE,5200,S,COTTAGE GROVE AVE,233,,,,,,,2,NONINCAPACITATING INJURY,1,0,0,1,0,1,0,20,6,9,41.80034148,-87.60649814,POINT (-87.606498144493 41.800341479197)
JC145135,,9/27/2019 20:57,30,NO CONTROLS,NO CONTROLS,RAIN,"DARKNESS, LIGHTED ROAD",PARKED MOTOR VEHICLE,NOT DIVIDED,,STRAIGHT AND LEVEL,WET,NO DEFECTS,ON SCENE,INJURY AND / OR TOW DUE TO CRASH,,,Y,"OVER $1,500",9/27/2019 21:10,FAILING TO REDUCE SPEED TO AVOID CRASH,IMPROPER OVERTAKING/PASSING,1516,N,KOSTNER AVE,2533,,,,,,,4,NO INDICATION OF INJURY,0,0,0,0,0,1,0,20,6,9,41.90818458,-87.73644071,POINT (-87.736440709177 41.908184575753)
JC455837,,9/27/2019 20:40,25,STOP SIGN/FLASHER,FUNCTIONING PROPERLY,RAIN,DARKNESS,REAR END,NOT DIVIDED,,STRAIGHT AND LEVEL,WET,NO DEFECTS,NOT ON SCENE (DESK REPORT),NO INJURY / DRIVE AWAY,Y,,,"$501 - $1,500",10/1/2019 15:20,FOLLOWING TOO CLOSELY,NOT APPLICABLE,5757,N,RIDGE AVE,2013,,,,,,,2,NO INDICATION OF INJURY,0,0,0,0,0,2,0,20,6,9,41.98671256,-87.66487969,POINT (-87.664879689721 41.986712555877)
JC451165,,9/27/2019 20:40,30,NO CONTROLS,NO CONTROLS,RAIN,"DARKNESS, LIGHTED ROAD",TURNING,NOT DIVIDED,,STRAIGHT AND LEVEL,WET,NO DEFECTS,NOT ON SCENE (DESK REPORT),NO INJURY / DRIVE AWAY,,,Y,"OVER $1,500",9/27/2019 21:30,UNABLE TO DETERMINE,NOT APPLICABLE,368,W,KINZIE ST,1831,,,,,,,2,NO INDICATION OF INJURY,0,0,0,0,0,7,0,20,6,9,41.88920356,-87.63805805,POINT (-87.638058049531 41.889203563711)
JC451100,,9/27/2019 20:39,25,STOP SIGN/FLASHER,FUNCTIONING PROPERLY,RAIN,DUSK,FIXED OBJECT,DIVIDED - W/MEDIAN (NOT RAISED),,STRAIGHT AND LEVEL,WET,NO DEFECTS,ON SCENE,INJURY AND / OR TOW DUE TO CRASH,,,Y,"OVER $1,500",9/27/2019 20:39,UNABLE TO DETERMINE,NOT APPLICABLE,947,E,67TH ST,321,,,,,,,1,"REPORTED, NOT EVIDENT",1,0,0,0,1,1,0,20,6,9,41.77307217,-87.60146819,POINT (-87.601468185613 41.773072166689)
JC451171,,9/27/2019 20:30,30,TRAFFIC SIGNAL,FUNCTIONING PROPERLY,RAIN,DARKNESS,TURNING,CENTER TURN LANE,,STRAIGHT AND LEVEL,WET,NO DEFECTS,NOT ON SCENE (DESK REPORT),NO INJURY / DRIVE AWAY,,,Y,"$501 - $1,500",9/27/2019 21:30,FAILING TO YIELD RIGHT-OF-WAY,IMPROPER LANE USAGE,400,S,ASHLAND AVE,1231,,,,,,,2,NO INDICATION OF INJURY,0,0,0,0,0,3,0,20,6,9,41.87633286,-87.66681112,POINT (-87.666811117572 41.87633285922)
JC451148,,9/27/2019 20:30,15,NO CONTROLS,NO CONTROLS,RAIN,"DARKNESS, LIGHTED ROAD",ANGLE,PARKING LOT,,STRAIGHT ON HILLCREST,WET,NO DEFECTS,NOT ON SCENE (DESK REPORT),NO INJURY / DRIVE AWAY,,Y,,"OVER $1,500",9/27/2019 21:10,UNABLE TO DETERMINE,NOT APPLICABLE,1201,S,CANAL ST,124,,,,,,,2,NO INDICATION OF INJURY,0,0,0,0,0,2,0,20,6,9,41.86716318,-87.63908255,POINT (-87.639082549636 41.86716317677)
JC451106,,9/27/2019 20:30,35,NO CONTROLS,NO CONTROLS,RAIN,"DARKNESS, LIGHTED ROAD",TURNING,NOT DIVIDED,,STRAIGHT AND LEVEL,WET,UNKNOWN,ON SCENE,INJURY AND / OR TOW DUE TO CRASH,,,,"OVER $1,500",9/27/2019 20:31,FAILING TO YIELD RIGHT-OF-WAY,UNABLE TO DETERMINE,1151,N,PULASKI RD,1112,,,,,,,2,NO INDICATION OF INJURY,0,0,0,0,0,2,0,20,6,9,41.90230884,-87.72614476,POINT (-87.726144758915 41.902308834802)
JC451095,,9/27/2019 20:22,10,NO CONTROLS,NO CONTROLS,RAIN,"DARKNESS, LIGHTED ROAD",REAR TO SIDE,PARKING LOT,,STRAIGHT AND LEVEL,WET,NO DEFECTS,ON SCENE,NO INJURY / DRIVE AWAY,,,Y,"$501 - $1,500",9/27/2019 20:27,WEATHER,NOT APPLICABLE,4439,W,63RD ST,813,,,,,,,2,NO INDICATION OF INJURY,0,0,0,0,0,3,0,20,6,9,41.77841597,-87.73405757,POINT (-87.734057571464 41.778415974365)
JC451158,,9/27/2019 20:20,30,NO CONTROLS,NO CONTROLS,RAIN,"DARKNESS, LIGHTED ROAD",PARKED MOTOR VEHICLE,ONE-WAY,,STRAIGHT AND LEVEL,WET,"RUT, HOLES",NOT ON SCENE (DESK REPORT),NO INJURY / DRIVE AWAY,,,,"OVER $1,500",9/27/2019 21:20,ROAD ENGINEERING/SURFACE/MARKING DEFECTS,NOT APPLICABLE,6200,S,KILDARE AVE,813,,,,,,,3,NO INDICATION OF INJURY,0,0,0,0,0,1,0,20,6,9,41.78029964,-87.73028017,POINT (-87.730280171745 41.780299638816)
JC451156,,9/27/2019 20:20,30,TRAFFIC SIGNAL,FUNCTIONING PROPERLY,RAIN,"DARKNESS, LIGHTED ROAD",REAR END,NOT DIVIDED,,STRAIGHT AND LEVEL,WET,NO DEFECTS,ON SCENE,NO INJURY / DRIVE AWAY,Y,,Y,"$501 - $1,500",9/27/2019 20:21,UNABLE TO DETERMINE,UNABLE TO DETERMINE,2350,W,47TH ST,924,,,,,,,2,NO INDICATION OF INJURY,0,0,0,0,0,2,0,20,6,9,41.80852657,-87.68377824,POINT (-87.683778235311 41.808526571636)
JC451117,,9/27/2019 20:20,30,NO CONTROLS,NO CONTROLS,RAIN,"DARKNESS, LIGHTED ROAD",SIDESWIPE SAME DIRECTION,NOT DIVIDED,,STRAIGHT AND LEVEL,WET,NO DEFECTS,NOT ON SCENE (DESK REPORT),NO INJURY / DRIVE AWAY,,,Y,"$501 - $1,500",9/27/2019 20:32,FAILING TO YIELD RIGHT-OF-WAY,UNABLE TO DETERMINE,2316,N,CALIFORNIA AVE,1414,,,,,,,2,NO INDICATION OF INJURY,0,0,0,0,0,3,0,20,6,9,41.92335491,-87.69752271,POINT (-87.697522708593 41.923354913683)
JC458626,,9/27/2019 20:15,30,NO CONTROLS,NO CONTROLS,RAIN,DARKNESS,REAR END,NOT DIVIDED,,STRAIGHT AND LEVEL,WET,UNKNOWN,NOT ON SCENE (DESK REPORT),NO INJURY / DRIVE AWAY,,,,$500 OR LESS,10/3/2019 14:45,DISTRACTION - FROM OUTSIDE VEHICLE,FOLLOWING TOO CLOSELY,820,N,HALSTED ST,1213,,,,,,,2,NO INDICATION OF INJURY,0,0,0,0,0,4,0,20,6,9,41.89710912,-87.64792845,POINT (-87.647928446049 41.897109121693)
JC451102,,9/27/2019 20:10,15,NO CONTROLS,NO CONTROLS,RAIN,"DARKNESS, LIGHTED ROAD",ANGLE,PARKING LOT,,STRAIGHT AND LEVEL,WET,NO DEFECTS,ON SCENE,NO INJURY / DRIVE AWAY,,,,$500 OR LESS,9/27/2019 20:15,FAILING TO YIELD RIGHT-OF-WAY,NOT APPLICABLE,10255,W,ZEMKE RD,1654,,,,,,,2,NO INDICATION OF INJURY,0,0,0,0,0,2,0,20,6,9,41.99479339,-87.88270766,POINT (-87.882707659516 41.994793386112)
JC451098,,9/27/2019 20:10,20,NO CONTROLS,NO CONTROLS,RAIN,"DARKNESS, LIGHTED ROAD",REAR TO FRONT,ONE-WAY,,STRAIGHT AND LEVEL,WET,NO DEFECTS,NOT ON SCENE (DESK REPORT),NO INJURY / DRIVE AWAY,,,,"$501 - $1,500",9/27/2019 20:20,IMPROPER BACKING,IMPROPER BACKING,6450,S,TROY ST,823,,,,,,,2,NO INDICATION OF INJURY,0,0,0,0,0,2,0,20,6,9,41.77565692,-87.70197874,POINT (-87.701978736702 41.775656917528)
JC451078,,9/27/2019 20:05,30,STOP SIGN/FLASHER,NO CONTROLS,RAIN,"DARKNESS, LIGHTED ROAD",ANGLE,NOT DIVIDED,,STRAIGHT AND LEVEL,WET,NO DEFECTS,ON SCENE,NO INJURY / DRIVE AWAY,,,,"OVER $1,500",9/27/2019 20:09,DISREGARDING STOP SIGN,NOT APPLICABLE,2100,S,THROOP ST,1235,,,,,,,2,NO INDICATION OF INJURY,0,0,0,0,0,4,0,20,6,9,41.8541887,-87.65891065,POINT (-87.658910653142 41.854188698042)
JC541133,,9/27/2019 20:02,35,NO CONTROLS,NO CONTROLS,RAIN,"DARKNESS, LIGHTED ROAD",REAR END,DIVIDED - W/MEDIAN (NOT RAISED),,STRAIGHT AND LEVEL,WET,NO DEFECTS,ON SCENE,INJURY AND / OR TOW DUE TO CRASH,,,Y,"OVER $1,500",9/27/2019 21:06,FOLLOWING TOO CLOSELY,UNABLE TO DETERMINE,10408,S,WESTERN AVE,2211,,,,,,,3,NONINCAPACITATING INJURY,1,0,0,1,0,2,0,20,6,9,41.70423421,-87.68170116,POINT (-87.68170115583 41.704234211001)
JC454338,,9/27/2019 20:00,20,NO CONTROLS,NO CONTROLS,UNKNOWN,DARKNESS,TURNING,NOT DIVIDED,,STRAIGHT AND LEVEL,UNKNOWN,UNKNOWN,NOT ON SCENE (DESK REPORT),NO INJURY / DRIVE AWAY,,,,"$501 - $1,500",9/30/2019 14:10,IMPROPER TURNING/NO SIGNAL,UNABLE TO DETERMINE,400,W,KINZIE ST,1831,,,,,,,2,NO INDICATION OF INJURY,0,0,0,0,0,2,0,20,6,9,41.88919328,-87.6381507,POINT (-87.63815069502 41.889193279096)
JC451105,,9/27/2019 20:00,25,NO CONTROLS,NO CONTROLS,RAIN,DARKNESS,REAR END,NOT DIVIDED,,STRAIGHT AND LEVEL,WET,NO DEFECTS,NOT ON SCENE (DESK REPORT),NO INJURY / DRIVE AWAY,,,,"$501 - $1,500",9/27/2019 20:34,NOT APPLICABLE,NOT APPLICABLE,100,N,SACRAMENTO BLVD,1222,,,,,,,2,NO INDICATION OF INJURY,0,0,0,0,0,2,0,20,6,9,41.8829063,-87.70140236,POINT (-87.701402356006 41.882906303265)
JC451074,,9/27/2019 20:00,35,NO CONTROLS,NO CONTROLS,RAIN,"DARKNESS, LIGHTED ROAD",PEDESTRIAN,DIVIDED - W/MEDIAN (NOT RAISED),,STRAIGHT AND LEVEL,WET,NO DEFECTS,ON SCENE,NO INJURY / DRIVE AWAY,Y,,,"$501 - $1,500",9/27/2019 20:15,FAILING TO YIELD RIGHT-OF-WAY,NOT APPLICABLE,5059,W,DIVERSEY AVE,2521,,,,,,,2,NO INDICATION OF INJURY,0,0,0,0,0,2,0,20,6,9,41.93132565,-87.75383505,POINT (-87.753835053278 41.931325649974)
JC452018,,9/27/2019 19:55,30,TRAFFIC SIGNAL,FUNCTIONING PROPERLY,RAIN,DAYLIGHT,REAR END,NOT DIVIDED,,STRAIGHT AND LEVEL,WET,NO DEFECTS,NOT ON SCENE (DESK REPORT),INJURY AND / OR TOW DUE TO CRASH,,,,"$501 - $1,500",9/28/2019 15:45,FOLLOWING TOO CLOSELY,NOT APPLICABLE,150,N,COLUMBUS DR,114,,,,,,,2,"REPORTED, NOT EVIDENT",2,0,0,0,2,1,0,19,6,9,41.88458537,-87.62079215,POINT (-87.620792152563 41.884585370634)
JC451150,,9/27/2019 19:50,30,TRAFFIC SIGNAL,FUNCTIONING PROPERLY,RAIN,DUSK,TURNING,FOUR WAY,,STRAIGHT AND LEVEL,WET,NO DEFECTS,NOT ON SCENE (DESK REPORT),NO INJURY / DRIVE AWAY,Y,,,"$501 - $1,500",9/27/2019 21:15,DISREGARDING TRAFFIC SIGNALS,NOT APPLICABLE,2400,W,PRATT BLVD,2411,,,,,,,2,NO INDICATION OF INJURY,0,0,0,0,0,2,0,19,6,9,42.00514229,-87.69013416,POINT (-87.690134160016 42.005142287068)
JC451127,,9/27/2019 19:50,30,NO CONTROLS,NO CONTROLS,RAIN,DARKNESS,REAR END,NOT DIVIDED,,STRAIGHT AND LEVEL,WET,NO DEFECTS,NOT ON SCENE (DESK REPORT),NO INJURY / DRIVE AWAY,,,,"OVER $1,500",9/27/2019 21:00,FOLLOWING TOO CLOSELY,FOLLOWING TOO CLOSELY,3132,W,COLUMBUS AVE,835,,,,,,,3,NO INDICATION OF INJURY,0,0,0,0,0,3,0,19,6,9,41.75116899,-87.70119309,POINT (-87.7011930928 41.751168991184)
JC451066,,9/27/2019 19:50,25,STOP SIGN/FLASHER,NO CONTROLS,RAIN,"DARKNESS, LIGHTED ROAD",PEDESTRIAN,NOT DIVIDED,,STRAIGHT AND LEVEL,WET,NO DEFECTS,ON SCENE,INJURY AND / OR TOW DUE TO CRASH,Y,,,$500 OR LESS,9/27/2019 19:51,FAILING TO YIELD RIGHT-OF-WAY,UNABLE TO DETERMINE,1300,W,WELLINGTON AVE,1933,,,,,,,2,NONINCAPACITATING INJURY,1,0,0,1,0,1,0,19,6,9,41.93626672,-87.66137965,POINT (-87.661379644875 41.936266720275)
JC451141,,9/27/2019 19:48,30,TRAFFIC SIGNAL,FUNCTIONING PROPERLY,RAIN,"DARKNESS, LIGHTED ROAD",TURNING,T-INTERSECTION,,STRAIGHT AND LEVEL,WET,UNKNOWN,NOT ON SCENE (DESK REPORT),NO INJURY / DRIVE AWAY,Y,,,"OVER $1,500",9/27/2019 19:48,FAILING TO YIELD RIGHT-OF-WAY,IMPROPER OVERTAKING/PASSING,4801,W,LEXINGTON ST,1533,,,,,,,2,NO INDICATION OF INJURY,0,0,0,0,0,2,0,19,6,9,41.87107048,-87.74497391,POINT (-87.744973904635 41.871070483337)
JC451045,,9/27/2019 19:47,30,NO CONTROLS,NO CONTROLS,RAIN,"DARKNESS, LIGHTED ROAD",REAR END,DIVIDED - W/MEDIAN BARRIER,,STRAIGHT AND LEVEL,WET,UNKNOWN,ON SCENE,INJURY AND / OR TOW DUE TO CRASH,,,,"OVER $1,500",9/27/2019 19:47,WEATHER,FAILING TO REDUCE SPEED TO AVOID CRASH,1921,W,PETERSON AVE,2012,,,,,,,2,NO INDICATION OF INJURY,0,0,0,0,0,2,0,19,6,9,41.99059423,-87.67800421,POINT (-87.678004207364 41.990594225689)
JC452217,,9/27/2019 19:45,10,NO CONTROLS,NO CONTROLS,UNKNOWN,DUSK,PARKED MOTOR VEHICLE,PARKING LOT,,STRAIGHT AND LEVEL,UNKNOWN,NO DEFECTS,NOT ON SCENE (DESK REPORT),NO INJURY / DRIVE AWAY,,Y,Y,"OVER $1,500",9/28/2019 18:15,IMPROPER BACKING,UNABLE TO DETERMINE,1554,E,55TH ST,234,,,,,,,2,NO INDICATION OF INJURY,0,0,0,0,0,1,0,19,6,9,41.79529732,-87.58782256,POINT (-87.587822555467 41.79529731814)
JC451076,,9/27/2019 19:45,30,UNKNOWN,UNKNOWN,RAIN,"DARKNESS, LIGHTED ROAD",REAR END,FOUR WAY,,STRAIGHT AND LEVEL,WET,UNKNOWN,NOT ON SCENE (DESK REPORT),NO INJURY / DRIVE AWAY,Y,,Y,"OVER $1,500",9/27/2019 20:10,FOLLOWING TOO CLOSELY,FOLLOWING TOO CLOSELY,1300,W,MARQUETTE RD,724,,,,,,,2,NO INDICATION OF INJURY,0,0,0,0,0,2,0,19,6,9,41.77240689,-87.65680065,POINT (-87.656800652198 41.772406888598)
JC451059,,9/27/2019 19:45,30,STOP SIGN/FLASHER,FUNCTIONING PROPERLY,RAIN,"DARKNESS, LIGHTED ROAD",TURNING,DIVIDED - W/MEDIAN (NOT RAISED),,STRAIGHT AND LEVEL,WET,NO DEFECTS,ON SCENE,NO INJURY / DRIVE AWAY,Y,,,"$501 - $1,500",9/27/2019 19:45,FAILING TO YIELD RIGHT-OF-WAY,FAILING TO REDUCE SPEED TO AVOID CRASH,3700,W,CHICAGO AVE,1112,,,,,,,2,NO INDICATION OF INJURY,0,0,0,0,0,3,0,19,6,9,41.89554602,-87.71881787,POINT (-87.718817866506 41.895546016786)
JC451054,Y,9/27/2019 19:44,30,NO CONTROLS,NO CONTROLS,RAIN,DARKNESS,TURNING,NOT DIVIDED,,STRAIGHT AND LEVEL,WET,NO DEFECTS,ON SCENE,INJURY AND / OR TOW DUE TO CRASH,,,,"$501 - $1,500",9/27/2019 19:47,UNABLE TO DETERMINE,NOT APPLICABLE,6500,W,DIVERSEY AVE,2511,,,,,,,2,NO INDICATION OF INJURY,0,0,0,0,0,2,0,19,6,9,41.9310653,-87.78819763,POINT (-87.788197632376 41.931065295397)
JC454665,,9/27/2019 19:43,30,NO CONTROLS,NO CONTROLS,RAIN,"DARKNESS, LIGHTED ROAD",TURNING,NOT DIVIDED,,STRAIGHT AND LEVEL,WET,NO DEFECTS,NOT ON SCENE (DESK REPORT),NO INJURY / DRIVE AWAY,,,Y,"OVER $1,500",9/30/2019 17:38,IMPROPER OVERTAKING/PASSING,NOT APPLICABLE,330,W,ONTARIO ST,1831,,,,,,,2,NO INDICATION OF INJURY,0,0,0,0,0,2,0,19,6,9,41.89325671,-87.6370078,POINT (-87.637007797127 41.893256711085)
JC454351,,9/27/2019 19:40,30,NO CONTROLS,NO CONTROLS,RAIN,"DARKNESS, LIGHTED ROAD",FIXED OBJECT,NOT DIVIDED,,STRAIGHT AND LEVEL,WET,NO DEFECTS,NOT ON SCENE (DESK REPORT),NO INJURY / DRIVE AWAY,,,,"OVER $1,500",9/30/2019 14:15,DRIVING ON WRONG SIDE/WRONG WAY,WEATHER,1100,N,ELSTON AVE,1213,,,,,,,1,NO INDICATION OF INJURY,0,0,0,0,0,1,0,19,6,9,41.90141465,-87.65689607,POINT (-87.65689606796 41.901414647162)
JC451061,,9/27/2019 19:40,30,STOP SIGN/FLASHER,UNKNOWN,RAIN,DARKNESS,ANGLE,NOT DIVIDED,,STRAIGHT AND LEVEL,WET,UNKNOWN,NOT ON SCENE (DESK REPORT),NO INJURY / DRIVE AWAY,Y,,,"OVER $1,500",9/27/2019 20:02,UNABLE TO DETERMINE,UNABLE TO DETERMINE,10700,S,PROSPECT AVE,2212,,,,,,,2,NO INDICATION OF INJURY,0,0,0,0,0,2,0,19,6,9,41.69931556,-87.66232333,POINT (-87.662323326061 41.699315555882)
JC451051,,9/27/2019 19:40,35,NO CONTROLS,NO CONTROLS,RAIN,"DARKNESS, LIGHTED ROAD",FIXED OBJECT,DIVIDED - W/MEDIAN (NOT RAISED),,STRAIGHT AND LEVEL,WET,NO DEFECTS,ON SCENE,INJURY AND / OR TOW DUE TO CRASH,,,,"OVER $1,500",9/27/2019 19:49,WEATHER,FAILING TO REDUCE SPEED TO AVOID CRASH,2331,W,87TH ST,2221,,,,,,,1,NO INDICATION OF INJURY,0,0,0,0,0,1,0,19,6,9,41.7354347,-87.68143832,POINT (-87.681438315458 41.735434697265)
JC451047,,9/27/2019 19:40,20,NO CONTROLS,NO CONTROLS,RAIN,DARKNESS,TURNING,NOT DIVIDED,,STRAIGHT AND LEVEL,WET,NO DEFECTS,NOT ON SCENE (DESK REPORT),NO INJURY / DRIVE AWAY,,,Y,"OVER $1,500",9/27/2019 19:45,IMPROPER TURNING/NO SIGNAL,NOT APPLICABLE,535,W,ADDISON ST,1925,,,,,,,2,NO INDICATION OF INJURY,0,0,0,0,0,2,0,19,6,9,41.94810074,-87.64468659,POINT (-87.644686593462 41.948100735333)
JC451043,,9/27/2019 19:35,25,NO CONTROLS,NO CONTROLS,RAIN,"DARKNESS, LIGHTED ROAD",REAR END,DIVIDED - W/MEDIAN BARRIER,,STRAIGHT AND LEVEL,WET,NO DEFECTS,ON SCENE,INJURY AND / OR TOW DUE TO CRASH,,,Y,"OVER $1,500",9/27/2019 19:37,FOLLOWING TOO CLOSELY,NOT APPLICABLE,8300,S,VINCENNES AVE,622,,,,,,,2,NONINCAPACITATING INJURY,1,0,0,1,0,1,0,19,6,9,41.74350456,-87.6366628,POINT (-87.636662798126 41.743504557606)
JC451053,,9/27/2019 19:30,30,NO CONTROLS,NO CONTROLS,RAIN,DARKNESS,ANGLE,PARKING LOT,,STRAIGHT AND LEVEL,WET,NO DEFECTS,NOT ON SCENE (DESK REPORT),NO INJURY / DRIVE AWAY,,,,"OVER $1,500",9/27/2019 19:50,IMPROPER BACKING,IMPROPER BACKING,6900,S,ASHLAND AVE,735,,,,,,,2,NO INDICATION OF INJURY,0,0,0,0,0,2,0,19,6,9,41.76845491,-87.66403843,POINT (-87.664038433009 41.768454909931)
JC451038,,9/27/2019 19:20,30,NO CONTROLS,NO CONTROLS,RAIN,"DARKNESS, LIGHTED ROAD",REAR END,DIVIDED - W/MEDIAN BARRIER,,STRAIGHT AND LEVEL,WET,NO DEFECTS,ON SCENE,NO INJURY / DRIVE AWAY,,,,"OVER $1,500",9/27/2019 19:20,PHYSICAL CONDITION OF DRIVER,UNABLE TO DETERMINE,1457,W,ROOSEVELT RD,1233,,,,,,,4,NO INDICATION OF INJURY,0,0,0,0,0,2,0,19,6,9,41.86676995,-87.66381023,POINT (-87.663810232608 41.866769946168)
JC451019,,9/27/2019 19:18,30,NO CONTROLS,NO CONTROLS,CLEAR,DUSK,PARKED MOTOR VEHICLE,PARKING LOT,,STRAIGHT AND LEVEL,DRY,NO DEFECTS,NOT ON SCENE (DESK REPORT),NO INJURY / DRIVE AWAY,,Y,,"$501 - $1,500",9/27/2019 19:18,NOT APPLICABLE,NOT APPLICABLE,5687,S,ARCHER AVE,814,,,,,,,2,NO INDICATION OF INJURY,0,0,0,0,0,3,0,19,6,9,41.79696861,-87.75352367,POINT (-87.75352366806 41.796968605758)
JC451009,,9/27/2019 19:18,30,NO CONTROLS,OTHER,RAIN,"DARKNESS, LIGHTED ROAD",ANGLE,FOUR WAY,,STRAIGHT AND LEVEL,WET,NO DEFECTS,ON SCENE,INJURY AND / OR TOW DUE TO CRASH,Y,,,"OVER $1,500",9/27/2019 19:20,FAILING TO YIELD RIGHT-OF-WAY,NOT APPLICABLE,5100,W,HENDERSON ST,1634,,,,,,,2,NO INDICATION OF INJURY,0,0,0,0,0,2,0,19,6,9,41.94157827,-87.75445185,POINT (-87.754451846746 41.941578266428)
JC451541,,9/27/2019 19:15,35,TRAFFIC SIGNAL,FUNCTIONING PROPERLY,RAIN,"DARKNESS, LIGHTED ROAD",REAR END,DIVIDED - W/MEDIAN BARRIER,,STRAIGHT AND LEVEL,WET,NO DEFECTS,NOT ON SCENE (DESK REPORT),NO INJURY / DRIVE AWAY,,,,"OVER $1,500",9/28/2019 9:41,UNABLE TO DETERMINE,UNABLE TO DETERMINE,8650,S,WESTERN AVE,835,,,,,,,2,NO INDICATION OF INJURY,0,0,0,0,0,2,0,19,6,9,41.73584929,-87.68267037,POINT (-87.682670372273 41.73584929338)
JC451035,Y,9/27/2019 19:15,10,NO CONTROLS,NO CONTROLS,RAIN,"DARKNESS, LIGHTED ROAD",PARKED MOTOR VEHICLE,OTHER,,STRAIGHT AND LEVEL,WET,NO DEFECTS,ON SCENE,NO INJURY / DRIVE AWAY,,,Y,"OVER $1,500",9/27/2019 19:25,UNABLE TO DETERMINE,"OPERATING VEHICLE IN ERRATIC, RECKLESS, CARELESS, NEGLIGENT OR AGGRESSIVE MANNER",7601,S,STATE ST,623,,,,,,,2,NO INDICATION OF INJURY,0,0,0,0,0,2,0,19,6,9,41.75640309,-87.62457652,POINT (-87.624576515698 41.756403092616)
JC451010,,9/27/2019 19:15,30,NO CONTROLS,UNKNOWN,RAIN,"DARKNESS, LIGHTED ROAD",REAR END,NOT DIVIDED,,STRAIGHT AND LEVEL,WET,UNKNOWN,NOT ON SCENE (DESK REPORT),NO INJURY / DRIVE AWAY,,,,"$501 - $1,500",9/27/2019 20:18,FOLLOWING TOO CLOSELY,FOLLOWING TOO CLOSELY,5340,W,IRVING PARK RD,1624,,,,,,,2,NO INDICATION OF INJURY,0,0,0,0,0,2,0,19,6,9,41.95336272,-87.76126547,POINT (-87.761265469074 41.953362719561)