RD_NO,CRASH_DATE_EST_I,CRASH_DATE,POSTED_SPEED_LIMIT,TRAFFIC_CONTROL_DEVICE,DEVICE_CONDITION,WEATHER_CONDITION,LIGHTING_CONDITION,FIRST_CRASH_TYPE,TRAFFICWAY_TYPE,LANE_CNT,ALIGNMENT,ROADWAY_SURFACE_COND,ROAD_DEFECT,REPORT_TYPE,CRASH_TYPE,INTERSECTION_RELATED_I,NOT_RIGHT_OF_WAY_I,HIT_AND_RUN_I,DAMAGE,DATE_POLICE_NOTIFIED,PRIM_CONTRIBUTORY_CAUSE,SEC_CONTRIBUTORY_CAUSE,STREET_NO,STREET_DIRECTION,STREET_NAME,BEAT_OF_OCCURRENCE,PHOTOS_TAKEN_I,STATEMENTS_TAKEN_I,DOORING_I,WORK_ZONE_I,WORK_ZONE_TYPE,WORKERS_PRESENT_I,NUM_UNITS,MOST_SEVERE_INJURY,INJURIES_TOTAL,INJURIES_FATAL,INJURIES_INCAPACITATING,INJURIES_NON_INCAPACITATING,INJURIES_REPORTED_NOT_EVIDENT,INJURIES_NO_INDICATION,INJURIES_UNKNOWN,CRASH_HOUR,CRASH_DAY_OF_WEEK,CRASH_MONTH,LATITUDE,LONGITUDE,LOCATION
JC451017,,9/27/2019 19:11,30,NO CONTROLS,NO CONTROLS,RAIN,DAWN,TURNING,NOT DIVIDED,,STRAIGHT AND LEVEL,WET,NO DEFECTS,ON SCENE,INJURY AND / OR TOW DUE TO CRASH,,,,"OVER $1,500",9/27/2019 19:12,IMPROPER TURNING/NO SIGNAL,NOT APPLICABLE,12300,S,TORRENCE AVE,434,,,,,,,2,INCAPACITATING INJURY,2,0,1,1,0,3,0,19,6,9,41.67185205,-87.55940314,POINT (-87.559403137725 41.671852053136)
JC451082,,9/27/2019 19:09,30,NO CONTROLS,NO CONTROLS,RAIN,DARKNESS,REAR END,NOT DIVIDED,,STRAIGHT AND LEVEL,WET,NO DEFECTS,ON SCENE,NO INJURY / DRIVE AWAY,,,,"$501 - $1,500",9/27/2019 20:35,DRIVING SKILLS/KNOWLEDGE/EXPERIENCE,NOT APPLICABLE,415,N,LA SALLE DR,1831,,,,,,,2,NO INDICATION OF INJURY,0,0,0,0,0,2,0,19,6,9,41.88974388,-87.63239653,POINT (-87.632396529615 41.889743879957)
JC454362,,9/27/2019 19:05,30,NO CONTROLS,NO CONTROLS,RAIN,"DARKNESS, LIGHTED ROAD",REAR END,DIVIDED - W/MEDIAN (NOT RAISED),,STRAIGHT AND LEVEL,WET,NO DEFECTS,NOT ON SCENE (DESK REPORT),NO INJURY / DRIVE AWAY,,,,"$501 - $1,500",9/30/2019 14:30,UNABLE TO DETERMINE,UNABLE TO DETERMINE,3442,N,PULASKI RD,1731,,,,,,,2,NO INDICATION OF INJURY,0,0,0,0,0,2,0,19,6,9,41.94394204,-87.72747382,POINT (-87.727473823237 41.943942040301)
JC450999,,9/27/2019 19:03,35,UNKNOWN,UNKNOWN,RAIN,"DARKNESS, LIGHTED ROAD",REAR END,DIVIDED - W/MEDIAN (NOT RAISED),,STRAIGHT AND LEVEL,WET,NO DEFECTS,ON SCENE,NO INJURY / DRIVE AWAY,,,,"$501 - $1,500",9/27/2019 19:04,FOLLOWING TOO CLOSELY,NOT APPLICABLE,2140,N,WESTERN AVE,1431,,,,,,,2,NO INDICATION OF INJURY,0,0,0,0,0,2,0,19,6,9,41.92109627,-87.68767101,POINT (-87.687671012922 41.921096268018)
JC453986,,9/27/2019 19:00,30,NO CONTROLS,NO CONTROLS,CLEAR,DAYLIGHT,PARKED MOTOR VEHICLE,NOT DIVIDED,,STRAIGHT AND LEVEL,DRY,NO DEFECTS,ON SCENE,NO INJURY / DRIVE AWAY,,,Y,"OVER $1,500",9/30/2019 10:15,FAILING TO REDUCE SPEED TO AVOID CRASH,FAILING TO REDUCE SPEED TO AVOID CRASH,5152,W,DIVISION ST,2533,,,,,,,2,NO INDICATION OF INJURY,0,0,0,0,0,1,0,19,6,9,41.90236423,-87.75546229,POINT (-87.755462293911 41.902364230949)
JC450993,,9/27/2019 18:50,30,NO CONTROLS,NO CONTROLS,RAIN,"DARKNESS, LIGHTED ROAD",SIDESWIPE SAME DIRECTION,NOT DIVIDED,,STRAIGHT AND LEVEL,WET,NO DEFECTS,,NO INJURY / DRIVE AWAY,,,,"$501 - $1,500",9/27/2019 19:10,FAILING TO YIELD RIGHT-OF-WAY,FAILING TO YIELD RIGHT-OF-WAY,2406,S,DAMEN AVE,1034,,,,,,,2,NO INDICATION OF INJURY,0,0,0,0,0,2,0,18,6,9,41.8483338,-87.6758886,POINT (-87.675888595902 41.848333800919)
JC450974,,9/27/2019 18:48,30,TRAFFIC SIGNAL,FUNCTIONING PROPERLY,RAIN,DUSK,HEAD ON,FOUR WAY,,STRAIGHT AND LEVEL,WET,NO DEFECTS,ON SCENE,NO INJURY / DRIVE AWAY,Y,,,"$501 - $1,500",9/27/2019 18:48,"VISION OBSCURED (SIGNS, TREE LIMBS, BUILDINGS, ETC.)",UNABLE TO DETERMINE,400,E,83RD ST,631,,,,,,,2,NO INDICATION OF INJURY,0,0,0,0,0,2,0,18,6,9,41.74392291,-87.61468749,POINT (-87.614687486131 41.743922906387)
JC450979,,9/27/2019 18:47,30,NO CONTROLS,NO CONTROLS,RAIN,DARKNESS,FIXED OBJECT,DIVIDED - W/MEDIAN BARRIER,,STRAIGHT AND LEVEL,WET,NO DEFECTS,ON SCENE,INJURY AND / OR TOW DUE TO CRASH,,,,"OVER $1,500",9/27/2019 18:56,WEATHER,WEATHER,455,N,ASHLAND AVE,1215,,,,,,,1,NO INDICATION OF INJURY,0,0,0,0,0,1,0,18,6,9,41.89034863,-87.66697848,POINT (-87.66697848094 41.89034863124)
JC451001,,9/27/2019 18:45,30,NO CONTROLS,NO CONTROLS,RAIN,"DARKNESS, LIGHTED ROAD",REAR END,PARKING LOT,,STRAIGHT AND LEVEL,WET,NO DEFECTS,NOT ON SCENE (DESK REPORT),NO INJURY / DRIVE AWAY,,,,$500 OR LESS,9/27/2019 19:00,UNABLE TO DETERMINE,NOT APPLICABLE,3325,W,NORTH AVE,1422,,,,,,,2,NO INDICATION OF INJURY,0,0,0,0,0,3,0,18,6,9,41.90995893,-87.71049741,POINT (-87.710497409158 41.909958933337)
JC450984,,9/27/2019 18:43,30,PEDESTRIAN CROSSING SIGN,NO CONTROLS,RAIN,"DARKNESS, LIGHTED ROAD",PEDESTRIAN,NOT DIVIDED,,STRAIGHT AND LEVEL,WET,NO DEFECTS,ON SCENE,INJURY AND / OR TOW DUE TO CRASH,Y,,,$500 OR LESS,9/27/2019 18:52,WEATHER,NOT APPLICABLE,2328,W,DEVON AVE,2412,,,,,,,2,NONINCAPACITATING INJURY,1,0,0,1,0,1,0,18,6,9,41.99786101,-87.68860509,POINT (-87.688605084988 41.997861005186)
JC451266,,9/27/2019 18:41,30,TRAFFIC SIGNAL,FUNCTIONING PROPERLY,RAIN,"DARKNESS, LIGHTED ROAD",REAR END,NOT DIVIDED,,STRAIGHT AND LEVEL,WET,UNKNOWN,NOT ON SCENE (DESK REPORT),INJURY AND / OR TOW DUE TO CRASH,,,,"$501 - $1,500",9/27/2019 18:41,FAILING TO REDUCE SPEED TO AVOID CRASH,NOT APPLICABLE,1159,N,CENTRAL AVE,1524,,,,,,,2,NONINCAPACITATING INJURY,2,0,0,2,0,1,0,18,6,9,41.90210135,-87.76550559,POINT (-87.765505586971 41.90210135012)
JC450980,,9/27/2019 18:40,30,STOP SIGN/FLASHER,FUNCTIONING PROPERLY,RAIN,DARKNESS,ANGLE,DIVIDED - W/MEDIAN (NOT RAISED),,STRAIGHT AND LEVEL,WET,NO DEFECTS,ON SCENE,INJURY AND / OR TOW DUE TO CRASH,,,,"OVER $1,500",9/27/2019 18:42,FAILING TO YIELD RIGHT-OF-WAY,NOT APPLICABLE,2831,W,MONTROSE AVE,1724,,,,,,,2,"REPORTED, NOT EVIDENT",1,0,0,0,1,3,0,18,6,9,41.96113166,-87.69974743,POINT (-87.699747425768 41.961131664493)
JC451003,,9/27/2019 18:39,30,TRAFFIC SIGNAL,FUNCTIONING PROPERLY,RAIN,DARKNESS,SIDESWIPE SAME DIRECTION,FOUR WAY,,STRAIGHT AND LEVEL,WET,NO DEFECTS,ON SCENE,INJURY AND / OR TOW DUE TO CRASH,Y,,,"OVER $1,500",9/27/2019 19:13,FAILING TO YIELD RIGHT-OF-WAY,IMPROPER LANE USAGE,6000,S,STONY ISLAND AVE,314,,,,,,,2,NO INDICATION OF INJURY,0,0,0,0,0,3,0,18,6,9,41.78602474,-87.58673847,POINT (-87.586738466448 41.786024735096)
JC450988,,9/27/2019 18:37,30,TRAFFIC SIGNAL,UNKNOWN,UNKNOWN,UNKNOWN,REAR END,NOT DIVIDED,,STRAIGHT AND LEVEL,UNKNOWN,UNKNOWN,NOT ON SCENE (DESK REPORT),NO INJURY / DRIVE AWAY,,,,"$501 - $1,500",9/27/2019 19:00,DISTRACTION - FROM INSIDE VEHICLE,UNABLE TO DETERMINE,1932,W,OGDEN AVE,1225,,,,,,,2,NO INDICATION OF INJURY,0,0,0,0,0,3,0,18,6,9,41.87417383,-87.67492779,POINT (-87.674927792369 41.874173824531)
JC450972,,9/27/2019 18:37,30,NO CONTROLS,FUNCTIONING PROPERLY,RAIN,DARKNESS,PEDESTRIAN,NOT DIVIDED,,STRAIGHT AND LEVEL,WET,NO DEFECTS,ON SCENE,NO INJURY / DRIVE AWAY,,,,$500 OR LESS,9/27/2019 18:39,NOT APPLICABLE,NOT APPLICABLE,10259,S,MICHIGAN AVE,511,,,,,,,2,NO INDICATION OF INJURY,0,0,0,0,0,2,0,18,6,9,41.70724798,-87.62005636,POINT (-87.620056363978 41.707247974766)
JC451031,,9/27/2019 18:36,30,NO CONTROLS,NO CONTROLS,RAIN,"DARKNESS, LIGHTED ROAD",REAR END,NOT DIVIDED,,STRAIGHT AND LEVEL,WET,NO DEFECTS,NOT ON SCENE (DESK REPORT),INJURY AND / OR TOW DUE TO CRASH,,,,"$501 - $1,500",9/27/2019 19:50,FOLLOWING TOO CLOSELY,NOT APPLICABLE,636,N,ORLEANS ST,1831,,,,,,,2,"REPORTED, NOT EVIDENT",1,0,0,0,1,1,0,18,6,9,41.89347361,-87.63723646,POINT (-87.63723646225 41.893473607144)
JC451020,,9/27/2019 18:35,30,NO CONTROLS,NO CONTROLS,RAIN,"DARKNESS, LIGHTED ROAD",TURNING,DIVIDED - W/MEDIAN (NOT RAISED),,STRAIGHT AND LEVEL,WET,NO DEFECTS,ON SCENE,NO INJURY / DRIVE AWAY,,,,"OVER $1,500",9/27/2019 18:37,FAILING TO YIELD RIGHT-OF-WAY,UNABLE TO DETERMINE,2807,W,IRVING PARK RD,1733,,,,,,,2,NO INDICATION OF INJURY,0,0,0,0,0,5,0,18,6,9,41.9538624,-87.69855459,POINT (-87.698554593288 41.953862400292)
JC456311,,9/27/2019 18:30,30,NO CONTROLS,NO CONTROLS,CLEAR,DAYLIGHT,REAR END,NOT DIVIDED,,STRAIGHT AND LEVEL,DRY,NO DEFECTS,NOT ON SCENE (DESK REPORT),NO INJURY / DRIVE AWAY,,,,"OVER $1,500",10/1/2019 20:30,FOLLOWING TOO CLOSELY,NOT APPLICABLE,7801,W,IRVING PARK RD,1631,,,,,,,2,NO INDICATION OF INJURY,0,0,0,0,0,2,0,18,6,9,41.95229744,-87.82209477,POINT (-87.822094766041 41.952297439255)
JC451924,,9/27/2019 18:30,30,TRAFFIC SIGNAL,FUNCTIONING PROPERLY,RAIN,"DARKNESS, LIGHTED ROAD",SIDESWIPE SAME DIRECTION,NOT DIVIDED,,STRAIGHT AND LEVEL,WET,NO DEFECTS,NOT ON SCENE (DESK REPORT),NO INJURY / DRIVE AWAY,Y,,,"$501 - $1,500",9/28/2019 14:30,UNABLE TO DETERMINE,NOT APPLICABLE,500,S,ASHLAND AVE,1231,,,,,,,2,NO INDICATION OF INJURY,0,0,0,0,0,2,0,18,6,9,41.8751259,-87.66677177,POINT (-87.666771774482 41.875125894617)
JC451585,,9/27/2019 18:30,30,TRAFFIC SIGNAL,FUNCTIONING PROPERLY,RAIN,DUSK,REAR END,FOUR WAY,,STRAIGHT AND LEVEL,WET,NO DEFECTS,NOT ON SCENE (DESK REPORT),NO INJURY / DRIVE AWAY,Y,,,"OVER $1,500",9/28/2019 10:10,UNABLE TO DETERMINE,UNABLE TO DETERMINE,8401,W,IRVING PARK RD,1631,,,,,,,2,NO INDICATION OF INJURY,0,0,0,0,0,2,0,18,6,9,41.95194999,-87.83679806,POINT (-87.836798058418 41.951949986636)
JC451201,,9/27/2019 18:30,30,TRAFFIC SIGNAL,FUNCTIONING PROPERLY,CLEAR,"DARKNESS, LIGHTED ROAD",REAR END,DIVIDED - W/MEDIAN (NOT RAISED),,STRAIGHT AND LEVEL,WET,NO DEFECTS,NOT ON SCENE (DESK REPORT),NO INJURY / DRIVE AWAY,,,,"$501 - $1,500",9/28/2019 2:00,FOLLOWING TOO CLOSELY,NOT APPLICABLE,5598,W,CORCORAN PL,1523,,,,,,,2,NO INDICATION OF INJURY,0,0,0,0,0,2,0,18,6,9,41.88733069,-87.76502504,POINT (-87.765025036241 41.887330692088)
JC451012,,9/27/2019 18:30,30,TRAFFIC SIGNAL,FUNCTIONING PROPERLY,RAIN,"DARKNESS, LIGHTED ROAD",TURNING,FOUR WAY,,STRAIGHT AND LEVEL,WET,NO DEFECTS,NOT ON SCENE (DESK REPORT),INJURY AND / OR TOW DUE TO CRASH,Y,,,"OVER $1,500",9/27/2019 19:06,FAILING TO YIELD RIGHT-OF-WAY,FAILING TO YIELD RIGHT-OF-WAY,2,E,103RD ST,511,,,,,,,2,NO INDICATION OF INJURY,0,0,0,0,0,2,0,18,6,9,41.70727532,-87.62346617,POINT (-87.623466171882 41.707275321599)
JC450968,,9/27/2019 18:21,30,TRAFFIC SIGNAL,FUNCTIONING PROPERLY,RAIN,"DARKNESS, LIGHTED ROAD",FIXED OBJECT,ONE-WAY,,STRAIGHT AND LEVEL,WET,NO DEFECTS,ON SCENE,NO INJURY / DRIVE AWAY,Y,Y,,"OVER $1,500",9/27/2019 18:28,DRIVING SKILLS/KNOWLEDGE/EXPERIENCE,UNABLE TO DETERMINE,4300,S,WENTWORTH AVE,925,,,,,,,2,NO INDICATION OF INJURY,0,0,0,0,0,3,0,18,6,9,41.81639453,-87.63134009,POINT (-87.631340089793 41.816394533729)
JC451013,,9/27/2019 18:20,30,TRAFFIC SIGNAL,FUNCTIONING PROPERLY,RAIN,"DARKNESS, LIGHTED ROAD",TURNING,DIVIDED - W/MEDIAN (NOT RAISED),,STRAIGHT AND LEVEL,WET,NO DEFECTS,NOT ON SCENE (DESK REPORT),NO INJURY / DRIVE AWAY,Y,,Y,"OVER $1,500",9/27/2019 19:09,IMPROPER TURNING/NO SIGNAL,IMPROPER LANE USAGE,320,N,STETSON AVE,114,,,,,,,2,NO INDICATION OF INJURY,0,0,0,0,0,3,0,18,6,9,41.88740506,-87.62249155,POINT (-87.622491546914 41.88740505458)
JC450985,,9/27/2019 18:20,30,NO CONTROLS,NO CONTROLS,RAIN,DUSK,SIDESWIPE SAME DIRECTION,NOT DIVIDED,,STRAIGHT AND LEVEL,WET,NO DEFECTS,NOT ON SCENE (DESK REPORT),NO INJURY / DRIVE AWAY,,,Y,"$501 - $1,500",9/27/2019 19:00,IMPROPER LANE USAGE,IMPROPER LANE USAGE,7901,S,KEDZIE AVE,835,,,,,,,2,NO INDICATION OF INJURY,0,0,0,0,0,2,0,18,6,9,41.74972842,-87.70224647,POINT (-87.702246467369 41.749728415098)
JC454514,,9/27/2019 18:17,30,TRAFFIC SIGNAL,FUNCTIONING PROPERLY,RAIN,DUSK,REAR END,FOUR WAY,,STRAIGHT AND LEVEL,WET,NO DEFECTS,NOT ON SCENE (DESK REPORT),NO INJURY / DRIVE AWAY,Y,,,$500 OR LESS,9/30/2019 16:30,WEATHER,NOT APPLICABLE,2100,N,HUMBOLDT BLVD,1414,,,,,,,2,NO INDICATION OF INJURY,0,0,0,0,0,2,0,18,6,9,41.91977321,-87.70230984,POINT (-87.702309836648 41.919773209077)
JC455310,,9/27/2019 18:15,30,NO CONTROLS,NO CONTROLS,CLEAR,DARKNESS,PARKED MOTOR VEHICLE,ONE-WAY,,STRAIGHT AND LEVEL,DRY,NO DEFECTS,NOT ON SCENE (DESK REPORT),NO INJURY / DRIVE AWAY,,,,"OVER $1,500",10/1/2019 8:40,UNABLE TO DETERMINE,UNABLE TO DETERMINE,4833,S,DORCHESTER AVE,222,,,,,,,2,NO INDICATION OF INJURY,0,0,0,0,0,1,0,18,6,9,41.80688178,-87.59178184,POINT (-87.59178183705 41.806881782262)
JC450960,,9/27/2019 18:15,30,STOP SIGN/FLASHER,FUNCTIONING PROPERLY,RAIN,DUSK,REAR END,NOT DIVIDED,,STRAIGHT AND LEVEL,WET,UNKNOWN,ON SCENE,NO INJURY / DRIVE AWAY,,,,"OVER $1,500",9/27/2019 18:30,FAILING TO REDUCE SPEED TO AVOID CRASH,HAD BEEN DRINKING (USE WHEN ARREST IS NOT MADE),6601,S,CALIFORNIA AVE,831,,,,,,,2,NO INDICATION OF INJURY,0,0,0,0,0,2,0,18,6,9,41.77354905,-87.69310245,POINT (-87.693102451341 41.773549046598)
JC450945,,9/27/2019 18:15,30,STOP SIGN/FLASHER,FUNCTIONING PROPERLY,RAIN,DARKNESS,PEDESTRIAN,NOT DIVIDED,,STRAIGHT AND LEVEL,WET,NO DEFECTS,ON SCENE,INJURY AND / OR TOW DUE TO CRASH,,,,$500 OR LESS,9/27/2019 18:18,FAILING TO YIELD RIGHT-OF-WAY,NOT APPLICABLE,6935,W,BARRY AVE,2511,,,,,,,2,"REPORTED, NOT EVIDENT",1,0,0,0,1,1,0,18,6,9,41.93618055,-87.79955267,POINT (-87.799552667269 41.936180547324)
JC450935,,9/27/2019 18:15,30,NO CONTROLS,NO CONTROLS,RAIN,DUSK,PARKED MOTOR VEHICLE,ONE-WAY,,STRAIGHT AND LEVEL,WET,NO DEFECTS,ON SCENE,NO INJURY / DRIVE AWAY,,,,"OVER $1,500",9/27/2019 18:33,NOT APPLICABLE,NOT APPLICABLE,2735,W,64TH ST,825,,,,,,,2,NO INDICATION OF INJURY,0,0,0,0,0,1,0,18,6,9,41.77713168,-87.69227741,POINT (-87.692277410435 41.777131678875)
JC450952,,9/27/2019 18:13,30,STOP SIGN/FLASHER,FUNCTIONING PROPERLY,RAIN,"DARKNESS, LIGHTED ROAD",ANGLE,FOUR WAY,,STRAIGHT AND LEVEL,WET,NO DEFECTS,ON SCENE,INJURY AND / OR TOW DUE TO CRASH,Y,,,"OVER $1,500",9/27/2019 18:14,FAILING TO YIELD RIGHT-OF-WAY,FAILING TO YIELD RIGHT-OF-WAY,6300,S,JUSTINE ST,725,,,,,,,2,NO INDICATION OF INJURY,0,0,0,0,0,3,0,18,6,9,41.77939365,-87.66313547,POINT (-87.663135465158 41.779393645831)
JC451016,,9/27/2019 18:10,30,TRAFFIC SIGNAL,FUNCTIONING PROPERLY,RAIN,DAYLIGHT,REAR END,DIVIDED - W/MEDIAN (NOT RAISED),,STRAIGHT AND LEVEL,DRY,UNKNOWN,NOT ON SCENE (DESK REPORT),NO INJURY / DRIVE AWAY,,,,"$501 - $1,500",9/27/2019 19:33,UNABLE TO DETERMINE,UNABLE TO DETERMINE,955,W,FOSTER AVE,2024,,,,,,,2,NO INDICATION OF INJURY,0,0,0,0,0,2,0,18,6,9,41.97629148,-87.65464521,POINT (-87.654645207284 41.976291482315)
JC450947,,9/27/2019 18:10,30,NO CONTROLS,NO CONTROLS,RAIN,"DARKNESS, LIGHTED ROAD",REAR END,NOT DIVIDED,,STRAIGHT AND LEVEL,WET,NO DEFECTS,ON SCENE,NO INJURY / DRIVE AWAY,N,,,"$501 - $1,500",9/27/2019 18:16,UNABLE TO DETERMINE,UNABLE TO DETERMINE,2458,W,GRAND AVE,1221,,,,,,,2,NO INDICATION OF INJURY,0,0,0,0,0,4,0,18,6,9,41.89132415,-87.68880297,POINT (-87.688802970033 41.891324146228)
JC450918,,9/27/2019 18:04,30,NO CONTROLS,NO CONTROLS,RAIN,"DARKNESS, LIGHTED ROAD",REAR END,NOT DIVIDED,,STRAIGHT AND LEVEL,WET,NO DEFECTS,ON SCENE,NO INJURY / DRIVE AWAY,,,,"OVER $1,500",9/27/2019 18:05,FOLLOWING TOO CLOSELY,UNABLE TO DETERMINE,3579,W,COLUMBUS AVE,834,,,,,,,2,NO INDICATION OF INJURY,0,0,0,0,0,3,0,18,6,9,41.74338345,-87.71146178,POINT (-87.711461783171 41.743383448696)
JC450900,,9/27/2019 18:04,30,NO CONTROLS,NO CONTROLS,RAIN,"DARKNESS, LIGHTED ROAD",SIDESWIPE SAME DIRECTION,ONE-WAY,,STRAIGHT AND LEVEL,WET,NO DEFECTS,ON SCENE,NO INJURY / DRIVE AWAY,,,,"OVER $1,500",9/27/2019 18:06,IMPROPER LANE USAGE,UNABLE TO DETERMINE,66,E,JACKSON BLVD,113,,,,,,,2,NO INDICATION OF INJURY,0,0,0,0,0,2,0,18,6,9,41.8783751,-87.62523441,POINT (-87.625234413552 41.878375100974)
JC451152,,9/27/2019 18:00,30,NO CONTROLS,NO CONTROLS,RAIN,"DARKNESS, LIGHTED ROAD",REAR END,PARKING LOT,,STRAIGHT AND LEVEL,WET,NO DEFECTS,NOT ON SCENE (DESK REPORT),NO INJURY / DRIVE AWAY,,,Y,"OVER $1,500",9/27/2019 21:30,FAILING TO YIELD RIGHT-OF-WAY,NOT APPLICABLE,3327,W,NORTH AVE,1422,,,,,,,2,NO INDICATION OF INJURY,0,0,0,0,0,2,0,18,6,9,41.90995814,-87.71056532,POINT (-87.7105653208 41.909958143205)
JC450997,,9/27/2019 18:00,30,NO CONTROLS,NO CONTROLS,RAIN,"DARKNESS, LIGHTED ROAD",SIDESWIPE SAME DIRECTION,NOT DIVIDED,,STRAIGHT AND LEVEL,WET,NO DEFECTS,NOT ON SCENE (DESK REPORT),NO INJURY / DRIVE AWAY,,,,"$501 - $1,500",9/27/2019 18:30,IMPROPER OVERTAKING/PASSING,IMPROPER OVERTAKING/PASSING,2255,E,103RD ST,434,,,,,,,2,NO INDICATION OF INJURY,0,0,0,0,0,2,0,18,6,9,41.70793329,-87.56834912,POINT (-87.568349122821 41.707933290572)
JC450983,Y,9/27/2019 18:00,20,STOP SIGN/FLASHER,NO CONTROLS,RAIN,"DARKNESS, LIGHTED ROAD",REAR END,ONE-WAY,,STRAIGHT AND LEVEL,WET,NO DEFECTS,NOT ON SCENE (DESK REPORT),NO INJURY / DRIVE AWAY,,,,"$501 - $1,500",9/27/2019 19:00,UNABLE TO DETERMINE,UNABLE TO DETERMINE,4810,N,HARDING AVE,1712,,,,,,,2,NO INDICATION OF INJURY,0,0,0,0,0,2,0,18,6,9,41.96862478,-87.72697282,POINT (-87.726972817222 41.968624774586)
JC450932,,9/27/2019 18:00,30,STOP SIGN/FLASHER,FUNCTIONING PROPERLY,RAIN,"DARKNESS, LIGHTED ROAD",REAR TO FRONT,NOT DIVIDED,,STRAIGHT AND LEVEL,WET,NO DEFECTS,ON SCENE,NO INJURY / DRIVE AWAY,Y,,Y,"$501 - $1,500",9/27/2019 18:05,IMPROPER BACKING,NOT APPLICABLE,1500,W,SUMMERDALE AVE,2012,,,,,,,2,NO INDICATION OF INJURY,0,0,0,0,0,2,0,18,6,9,41.97903955,-87.66838248,POINT (-87.668382478626 41.979039553548)
JC450906,,9/27/2019 18:00,30,NO CONTROLS,NO CONTROLS,RAIN,DUSK,PEDESTRIAN,FOUR WAY,,STRAIGHT AND LEVEL,WET,NO DEFECTS,ON SCENE,INJURY AND / OR TOW DUE TO CRASH,,,,"OVER $1,500",9/27/2019 18:00,FAILING TO REDUCE SPEED TO AVOID CRASH,NOT APPLICABLE,2517,S,CALIFORNIA AVE,1034,,,,,,,2,NONINCAPACITATING INJURY,1,0,0,1,0,1,0,18,6,9,,,
JC450961,,9/27/2019 17:55,30,NO CONTROLS,UNKNOWN,RAIN,DUSK,REAR END,NOT DIVIDED,,STRAIGHT AND LEVEL,WET,UNKNOWN,NOT ON SCENE (DESK REPORT),NO INJURY / DRIVE AWAY,,,,"$501 - $1,500",9/27/2019 18:30,UNABLE TO DETERMINE,UNABLE TO DETERMINE,7401,S,SOUTH SHORE DR,334,,,,,,,2,NO INDICATION OF INJURY,0,0,0,0,0,2,0,17,6,9,41.76230491,-87.55869197,POINT (-87.55869196788 41.762304912221)
JC450991,,9/27/2019 17:50,35,TRAFFIC SIGNAL,FUNCTIONING PROPERLY,RAIN,DAYLIGHT,REAR END,DIVIDED - W/MEDIAN (NOT RAISED),,STRAIGHT AND LEVEL,WET,NO DEFECTS,NOT ON SCENE (DESK REPORT),NO INJURY / DRIVE AWAY,,,Y,"$501 - $1,500",9/27/2019 19:10,UNABLE TO DETERMINE,UNABLE TO DETERMINE,2346,S,KOSTNER AVE,1013,,,,,,,2,NO INDICATION OF INJURY,0,0,0,0,0,2,0,17,6,9,41.84812559,-87.73454954,POINT (-87.734549535941 41.84812559383)
JC450976,,9/27/2019 17:50,30,TRAFFIC SIGNAL,UNKNOWN,RAIN,DAYLIGHT,TURNING,NOT DIVIDED,,STRAIGHT AND LEVEL,WET,NO DEFECTS,NOT ON SCENE (DESK REPORT),NO INJURY / DRIVE AWAY,,,,"$501 - $1,500",9/27/2019 19:04,IMPROPER LANE USAGE,NOT APPLICABLE,4758,W,LAKE ST,1113,,,,,,,2,NO INDICATION OF INJURY,0,0,0,0,0,4,0,17,6,9,41.88671843,-87.74535162,POINT (-87.745351623453 41.886718429607)
JC452271,,9/27/2019 17:45,30,STOP SIGN/FLASHER,FUNCTIONING PROPERLY,RAIN,"DARKNESS, LIGHTED ROAD",TURNING,NOT DIVIDED,,STRAIGHT AND LEVEL,WET,UNKNOWN,NOT ON SCENE (DESK REPORT),NO INJURY / DRIVE AWAY,,,,"$501 - $1,500",9/28/2019 19:05,FAILING TO YIELD RIGHT-OF-WAY,FAILING TO YIELD RIGHT-OF-WAY,3852,W,LAKE ST,1122,,,,,,,2,NO INDICATION OF INJURY,0,0,0,0,0,3,0,17,6,9,41.88542828,-87.72294419,POINT (-87.722944187186 41.885428283947)
JC451957,,9/27/2019 17:45,30,NO CONTROLS,NO CONTROLS,RAIN,DAYLIGHT,REAR END,NOT DIVIDED,,STRAIGHT AND LEVEL,WET,NO DEFECTS,NOT ON SCENE (DESK REPORT),NO INJURY / DRIVE AWAY,,,,"$501 - $1,500",9/28/2019 15:00,UNABLE TO DETERMINE,UNABLE TO DETERMINE,2628,W,DIVISION ST,1423,,,,,,,2,NO INDICATION OF INJURY,0,0,0,0,0,3,0,17,6,9,41.90306762,-87.69314756,POINT (-87.693147561679 41.903067617283)
JC451067,,9/27/2019 17:45,30,NO CONTROLS,NO CONTROLS,RAIN,"DARKNESS, LIGHTED ROAD",SIDESWIPE SAME DIRECTION,NOT DIVIDED,,STRAIGHT AND LEVEL,WET,NO DEFECTS,NOT ON SCENE (DESK REPORT),INJURY AND / OR TOW DUE TO CRASH,,,,"OVER $1,500",9/27/2019 20:00,FAILING TO YIELD RIGHT-OF-WAY,NOT APPLICABLE,1300,W,MONTROSE AVE,1913,,,,,,,2,NO INDICATION OF INJURY,0,0,0,0,0,2,0,17,6,9,41.96178961,-87.66240293,POINT (-87.66240292457 41.961789610198)