RD_NO,CRASH_DATE_EST_I,CRASH_DATE,POSTED_SPEED_LIMIT,TRAFFIC_CONTROL_DEVICE,DEVICE_CONDITION,WEATHER_CONDITION,LIGHTING_CONDITION,FIRST_CRASH_TYPE,TRAFFICWAY_TYPE,LANE_CNT,ALIGNMENT,ROADWAY_SURFACE_COND,ROAD_DEFECT,REPORT_TYPE,CRASH_TYPE,INTERSECTION_RELATED_I,NOT_RIGHT_OF_WAY_I,HIT_AND_RUN_I,DAMAGE,DATE_POLICE_NOTIFIED,PRIM_CONTRIBUTORY_CAUSE,SEC_CONTRIBUTORY_CAUSE,STREET_NO,STREET_DIRECTION,STREET_NAME,BEAT_OF_OCCURRENCE,PHOTOS_TAKEN_I,STATEMENTS_TAKEN_I,DOORING_I,WORK_ZONE_I,WORK_ZONE_TYPE,WORKERS_PRESENT_I,NUM_UNITS,MOST_SEVERE_INJURY,INJURIES_TOTAL,INJURIES_FATAL,INJURIES_INCAPACITATING,INJURIES_NON_INCAPACITATING,INJURIES_REPORTED_NOT_EVIDENT,INJURIES_NO_INDICATION,INJURIES_UNKNOWN,CRASH_HOUR,CRASH_DAY_OF_WEEK,CRASH_MONTH,LATITUDE,LONGITUDE,LOCATION
JC450943,,9/27/2019 17:44,30,TRAFFIC SIGNAL,FUNCTIONING PROPERLY,RAIN,DUSK,SIDESWIPE SAME DIRECTION,OTHER,,STRAIGHT AND LEVEL,WET,NO DEFECTS,ON SCENE,NO INJURY / DRIVE AWAY,Y,,,"OVER $1,500",9/27/2019 17:54,UNABLE TO DETERMINE,NOT APPLICABLE,1657,N,LA SALLE DR,1814,,,,,,,2,NO INDICATION OF INJURY,0,0,0,0,0,4,0,17,6,9,41.91277487,-87.63301807,POINT (-87.63301806503 41.912774873738)
JC450927,,9/27/2019 17:40,15,NO CONTROLS,NO CONTROLS,CLEAR,"DARKNESS, LIGHTED ROAD",FIXED OBJECT,RAMP,,STRAIGHT AND LEVEL,WET,UNKNOWN,ON SCENE,NO INJURY / DRIVE AWAY,,Y,,$500 OR LESS,9/27/2019 17:46,FOLLOWING TOO CLOSELY,UNABLE TO DETERMINE,2301,S,INDIANA AVE,132,,,,,,,1,NO INDICATION OF INJURY,0,0,0,0,0,1,0,17,6,9,41.85104668,-87.62209309,POINT (-87.622093084554 41.851046674633)
JC450996,,9/27/2019 17:35,30,NO CONTROLS,NO CONTROLS,RAIN,"DARKNESS, LIGHTED ROAD",REAR END,NOT DIVIDED,,STRAIGHT AND LEVEL,WET,NO DEFECTS,NOT ON SCENE (DESK REPORT),NO INJURY / DRIVE AWAY,,,,"$501 - $1,500",9/27/2019 19:10,FOLLOWING TOO CLOSELY,NOT APPLICABLE,7400,N,HARLEM AVE,1611,,,,,,,2,NO INDICATION OF INJURY,0,0,0,0,0,3,0,17,6,9,42.01542792,-87.80674007,POINT (-87.806740064582 42.015427920604)
JC459961,,9/27/2019 17:30,30,NO CONTROLS,NO CONTROLS,RAIN,DAYLIGHT,ANGLE,DIVIDED - W/MEDIAN (NOT RAISED),,STRAIGHT AND LEVEL,WET,NO DEFECTS,NOT ON SCENE (DESK REPORT),NO INJURY / DRIVE AWAY,,,Y,"$501 - $1,500",10/4/2019 15:25,UNABLE TO DETERMINE,UNABLE TO DETERMINE,4027,N,KEDZIE AVE,1724,,,,,,,2,NO INDICATION OF INJURY,0,0,0,0,0,2,0,17,6,9,41.95474611,-87.70789274,POINT (-87.707892737567 41.954746105246)
JC451050,,9/27/2019 17:30,30,TRAFFIC SIGNAL,FUNCTIONING PROPERLY,CLOUDY/OVERCAST,DAYLIGHT,REAR END,NOT DIVIDED,,STRAIGHT AND LEVEL,WET,NO DEFECTS,NOT ON SCENE (DESK REPORT),NO INJURY / DRIVE AWAY,,,Y,"$501 - $1,500",9/27/2019 19:38,FOLLOWING TOO CLOSELY,DRIVING SKILLS/KNOWLEDGE/EXPERIENCE,11900,S,HALSTED ST,524,,,,,,,2,NO INDICATION OF INJURY,0,0,0,0,0,5,0,17,6,9,41.67772083,-87.64205185,POINT (-87.642051844982 41.677720829248)
JC451030,,9/27/2019 17:30,30,STOP SIGN/FLASHER,UNKNOWN,RAIN,DUSK,TURNING,FOUR WAY,,STRAIGHT AND LEVEL,UNKNOWN,UNKNOWN,NOT ON SCENE (DESK REPORT),NO INJURY / DRIVE AWAY,Y,,,$500 OR LESS,9/27/2019 19:30,UNABLE TO DETERMINE,NOT APPLICABLE,5200,N,CHRISTIANA AVE,1712,,,,,,,2,NO INDICATION OF INJURY,0,0,0,0,0,2,0,17,6,9,41.97579725,-87.71248037,POINT (-87.71248036611 41.975797252522)
JC450872,,9/27/2019 17:30,30,TRAFFIC SIGNAL,FUNCTIONING PROPERLY,RAIN,"DARKNESS, LIGHTED ROAD",TURNING,DIVIDED - W/MEDIAN (NOT RAISED),,STRAIGHT AND LEVEL,WET,NO DEFECTS,ON SCENE,INJURY AND / OR TOW DUE TO CRASH,,,,"$501 - $1,500",9/27/2019 17:30,IMPROPER TURNING/NO SIGNAL,DRIVING ON WRONG SIDE/WRONG WAY,4748,W,FULLERTON AVE,2521,,,,,,,2,NONINCAPACITATING INJURY,1,0,0,1,0,3,0,17,6,9,41.92435593,-87.74584951,POINT (-87.745849511135 41.924355928882)
JC450886,,9/27/2019 17:29,30,NO CONTROLS,NO CONTROLS,RAIN,DAYLIGHT,TURNING,DIVIDED - W/MEDIAN (NOT RAISED),,STRAIGHT AND LEVEL,WET,NO DEFECTS,ON SCENE,INJURY AND / OR TOW DUE TO CRASH,,,,"OVER $1,500",9/27/2019 17:45,FAILING TO YIELD RIGHT-OF-WAY,NOT APPLICABLE,4015,W,MARQUETTE RD,833,,,,,,,2,NO INDICATION OF INJURY,0,0,0,0,0,2,0,17,6,9,41.77125351,-87.72327231,POINT (-87.723272313996 41.771253509998)
JC450982,,9/27/2019 17:25,30,NO CONTROLS,NO CONTROLS,RAIN,DUSK,REAR END,NOT DIVIDED,,STRAIGHT AND LEVEL,WET,NO DEFECTS,NOT ON SCENE (DESK REPORT),NO INJURY / DRIVE AWAY,,,,"$501 - $1,500",9/27/2019 18:59,NOT APPLICABLE,NOT APPLICABLE,7200,S,KEDZIE AVE,831,,,,,,,2,NO INDICATION OF INJURY,0,0,0,0,0,5,0,17,6,9,41.76246372,-87.70290451,POINT (-87.702904513708 41.76246372415)
JC450866,,9/27/2019 17:25,45,NO CONTROLS,NO CONTROLS,RAIN,DAYLIGHT,TURNING,NOT DIVIDED,,STRAIGHT AND LEVEL,WET,NO DEFECTS,ON SCENE,NO INJURY / DRIVE AWAY,,,,"OVER $1,500",9/27/2019 17:45,FAILING TO YIELD RIGHT-OF-WAY,DRIVING SKILLS/KNOWLEDGE/EXPERIENCE,4026,N,KEDZIE AVE,1724,,,,,,,2,NO INDICATION OF INJURY,0,0,0,0,0,2,0,17,6,9,41.95474141,-87.70818677,POINT (-87.708186772633 41.954741413465)
JC451015,,9/27/2019 17:20,30,NO CONTROLS,NO CONTROLS,RAIN,DUSK,ANGLE,NOT DIVIDED,,STRAIGHT AND LEVEL,WET,NO DEFECTS,NOT ON SCENE (DESK REPORT),NO INJURY / DRIVE AWAY,,,,"OVER $1,500",9/27/2019 19:30,FAILING TO YIELD RIGHT-OF-WAY,UNABLE TO DETERMINE,3332,W,FOSTER AVE,1712,,,,,,,2,NO INDICATION OF INJURY,0,0,0,0,0,2,0,17,6,9,41.97581412,-87.7124744,POINT (-87.712474404278 41.975814115729)
JC450937,,9/27/2019 17:20,30,NO CONTROLS,NO CONTROLS,RAIN,DUSK,SIDESWIPE SAME DIRECTION,NOT DIVIDED,,STRAIGHT AND LEVEL,WET,NO DEFECTS,NOT ON SCENE (DESK REPORT),NO INJURY / DRIVE AWAY,,,,"$501 - $1,500",9/27/2019 18:27,NOT APPLICABLE,NOT APPLICABLE,7500,S,PULASKI RD,833,,,,,,,2,NO INDICATION OF INJURY,0,0,0,0,0,4,0,17,6,9,41.7568764,-87.72232174,POINT (-87.722321738255 41.756876394825)
JC450896,,9/27/2019 17:20,30,NO CONTROLS,NO CONTROLS,RAIN,DAYLIGHT,PARKED MOTOR VEHICLE,PARKING LOT,,STRAIGHT AND LEVEL,DRY,NO DEFECTS,NOT ON SCENE (DESK REPORT),NO INJURY / DRIVE AWAY,,,,"OVER $1,500",9/27/2019 18:00,UNABLE TO DETERMINE,NOT APPLICABLE,1154,S,CLARK ST,123,,,,,,,2,NO INDICATION OF INJURY,0,0,0,0,0,1,0,17,6,9,41.86757102,-87.63058647,POINT (-87.630586473861 41.867571015433)
JC450863,,9/27/2019 17:20,30,TRAFFIC SIGNAL,FUNCTIONING PROPERLY,CLEAR,DAYLIGHT,REAR END,NOT DIVIDED,,STRAIGHT AND LEVEL,WET,NO DEFECTS,NOT ON SCENE (DESK REPORT),INJURY AND / OR TOW DUE TO CRASH,,,Y,"OVER $1,500",9/27/2019 17:40,FOLLOWING TOO CLOSELY,UNABLE TO DETERMINE,1399,E,67TH ST,321,,,,,,,2,"REPORTED, NOT EVIDENT",1,0,0,0,1,3,0,17,6,9,41.77317527,-87.5911881,POINT (-87.591188100253 41.773175273949)
JC450938,,9/27/2019 17:18,30,NO CONTROLS,NO CONTROLS,RAIN,DUSK,SIDESWIPE SAME DIRECTION,ONE-WAY,,STRAIGHT AND LEVEL,WET,NO DEFECTS,NOT ON SCENE (DESK REPORT),NO INJURY / DRIVE AWAY,,,,"$501 - $1,500",9/27/2019 18:25,IMPROPER LANE USAGE,UNABLE TO DETERMINE,75,N,FRANKLIN ST,122,,,,,,,2,NO INDICATION OF INJURY,0,0,0,0,0,4,0,17,6,9,41.88317627,-87.63519482,POINT (-87.635194817034 41.883176266755)
JC451631,,9/27/2019 17:15,30,NO CONTROLS,NO CONTROLS,RAIN,DUSK,PARKED MOTOR VEHICLE,FOUR WAY,,STRAIGHT AND LEVEL,WET,NO DEFECTS,NOT ON SCENE (DESK REPORT),NO INJURY / DRIVE AWAY,,,Y,"OVER $1,500",9/28/2019 10:45,UNABLE TO DETERMINE,UNABLE TO DETERMINE,1604,W,AUGUSTA BLVD,1213,,,,,,,2,NO INDICATION OF INJURY,0,0,0,0,0,1,0,17,6,9,41.8998135,-87.66762407,POINT (-87.667624069986 41.899813502547)
JC450873,,9/27/2019 17:15,30,STOP SIGN/FLASHER,FUNCTIONING PROPERLY,RAIN,DUSK,SIDESWIPE SAME DIRECTION,DIVIDED - W/MEDIAN (NOT RAISED),,STRAIGHT AND LEVEL,WET,UNKNOWN,NOT ON SCENE (DESK REPORT),NO INJURY / DRIVE AWAY,,,Y,"OVER $1,500",9/27/2019 17:45,IMPROPER OVERTAKING/PASSING,IMPROPER LANE USAGE,1600,E,HYDE PARK BLVD,222,,,,,,,2,NO INDICATION OF INJURY,0,0,0,0,0,2,0,17,6,9,41.8026037,-87.58639379,POINT (-87.586393789497 41.802603700528)
JC450849,,9/27/2019 17:15,30,NO CONTROLS,NO CONTROLS,RAIN,DAYLIGHT,REAR END,DIVIDED - W/MEDIAN BARRIER,,STRAIGHT AND LEVEL,WET,NO DEFECTS,ON SCENE,NO INJURY / DRIVE AWAY,,,,"OVER $1,500",9/27/2019 17:19,UNABLE TO DETERMINE,UNABLE TO DETERMINE,1820,W,IRVING PARK RD,1912,,,,,,,4,NO INDICATION OF INJURY,0,0,0,0,0,9,0,17,6,9,41.95431441,-87.67505331,POINT (-87.675053308446 41.954314412217)
JC450840,,9/27/2019 17:15,25,NO CONTROLS,NO CONTROLS,RAIN,DAYLIGHT,SIDESWIPE SAME DIRECTION,NOT DIVIDED,,STRAIGHT AND LEVEL,WET,UNKNOWN,ON SCENE,NO INJURY / DRIVE AWAY,,,Y,"OVER $1,500",9/27/2019 17:20,UNABLE TO DETERMINE,UNABLE TO DETERMINE,5739,N,NAGLE AVE,1622,,,,,,,2,NO INDICATION OF INJURY,0,0,0,0,0,3,0,17,6,9,41.98591023,-87.78753021,POINT (-87.787530206648 41.9859102255)
JC450874,,9/27/2019 17:13,30,TRAFFIC SIGNAL,FUNCTIONING PROPERLY,RAIN,DUSK,TURNING,T-INTERSECTION,,STRAIGHT AND LEVEL,WET,NO DEFECTS,ON SCENE,INJURY AND / OR TOW DUE TO CRASH,Y,,,"OVER $1,500",9/27/2019 17:14,FAILING TO YIELD RIGHT-OF-WAY,UNABLE TO DETERMINE,700,W,GARFIELD BLVD,935,,,,,,,2,NO INDICATION OF INJURY,0,0,0,0,0,2,0,17,6,9,41.79445339,-87.64285424,POINT (-87.642854236249 41.794453385018)
JC452033,,9/27/2019 17:10,30,TRAFFIC SIGNAL,FUNCTIONING PROPERLY,RAIN,DAYLIGHT,REAR END,DIVIDED - W/MEDIAN (NOT RAISED),,STRAIGHT AND LEVEL,WET,NO DEFECTS,NOT ON SCENE (DESK REPORT),NO INJURY / DRIVE AWAY,,,,"$501 - $1,500",9/28/2019 16:00,FOLLOWING TOO CLOSELY,NOT APPLICABLE,2051,W,79TH ST,611,,,,,,,2,NO INDICATION OF INJURY,0,0,0,0,0,2,0,17,6,9,41.75009648,-87.6752004,POINT (-87.675200400456 41.75009647545)
JC450973,,9/27/2019 17:10,30,TRAFFIC SIGNAL,FUNCTIONING PROPERLY,RAIN,DUSK,TURNING,DIVIDED - W/MEDIAN BARRIER,,STRAIGHT AND LEVEL,WET,UNKNOWN,NOT ON SCENE (DESK REPORT),NO INJURY / DRIVE AWAY,Y,,Y,"OVER $1,500",9/27/2019 18:40,IMPROPER OVERTAKING/PASSING,UNABLE TO DETERMINE,2558,W,IRVING PARK RD,1911,,,,,,,2,NO INDICATION OF INJURY,0,0,0,0,0,4,0,17,6,9,41.95410608,-87.69316662,POINT (-87.693166619162 41.95410608445)
JC450936,,9/27/2019 17:05,30,STOP SIGN/FLASHER,OTHER,RAIN,DAYLIGHT,SIDESWIPE SAME DIRECTION,NOT DIVIDED,,STRAIGHT AND LEVEL,WET,NO DEFECTS,NOT ON SCENE (DESK REPORT),NO INJURY / DRIVE AWAY,,,,"$501 - $1,500",9/27/2019 18:30,FAILING TO YIELD RIGHT-OF-WAY,FAILING TO YIELD RIGHT-OF-WAY,5256,N,LAWLER AVE,1621,,,,,,,2,NO INDICATION OF INJURY,0,0,0,0,0,2,0,17,6,9,41.97702049,-87.75383209,POINT (-87.753832085456 41.977020487927)
JC450822,,9/27/2019 17:05,30,NO CONTROLS,NO CONTROLS,RAIN,DAYLIGHT,PEDESTRIAN,PARKING LOT,,STRAIGHT AND LEVEL,WET,NO DEFECTS,ON SCENE,INJURY AND / OR TOW DUE TO CRASH,,,,$500 OR LESS,9/27/2019 17:15,UNABLE TO DETERMINE,UNABLE TO DETERMINE,7900,S,ASHLAND AVE,611,,,,,,,2,NONINCAPACITATING INJURY,1,0,0,1,0,1,0,17,6,9,41.75026224,-87.66358012,POINT (-87.663580117092 41.750262240415)
JC450897,,9/27/2019 17:02,30,DELINEATORS,FUNCTIONING PROPERLY,RAIN,DAYLIGHT,SIDESWIPE SAME DIRECTION,ONE-WAY,,STRAIGHT AND LEVEL,WET,NO DEFECTS,NOT ON SCENE (DESK REPORT),NO INJURY / DRIVE AWAY,,,Y,$500 OR LESS,9/27/2019 18:08,IMPROPER OVERTAKING/PASSING,IMPROPER LANE USAGE,641,N,CLARK ST,1832,,,,,,,2,NO INDICATION OF INJURY,0,0,0,0,0,3,0,17,6,9,41.89363229,-87.63103001,POINT (-87.631030008305 41.893632293807)
JC450917,,9/27/2019 17:00,10,NO CONTROLS,NO CONTROLS,RAIN,DAYLIGHT,PARKED MOTOR VEHICLE,PARKING LOT,,STRAIGHT AND LEVEL,WET,NO DEFECTS,ON SCENE,NO INJURY / DRIVE AWAY,,Y,,"$501 - $1,500",9/27/2019 17:21,UNABLE TO DETERMINE,UNABLE TO DETERMINE,3745,N,LINCOLN AVE,1922,,,,,,,2,NO INDICATION OF INJURY,0,0,0,0,0,1,0,17,6,9,41.94996117,-87.67567113,POINT (-87.675671129255 41.949961171142)
JC450903,,9/27/2019 17:00,30,NO CONTROLS,NO CONTROLS,RAIN,DAYLIGHT,REAR END,NOT DIVIDED,,STRAIGHT AND LEVEL,WET,NO DEFECTS,NOT ON SCENE (DESK REPORT),NO INJURY / DRIVE AWAY,,,,"$501 - $1,500",9/27/2019 18:05,FOLLOWING TOO CLOSELY,FOLLOWING TOO CLOSELY,5400,W,55TH ST,814,,,,,,,2,NO INDICATION OF INJURY,0,0,0,0,0,2,0,17,6,9,41.79291923,-87.757484,POINT (-87.757484003156 41.792919227649)
JC450847,,9/27/2019 17:00,30,TRAFFIC SIGNAL,NO CONTROLS,RAIN,DAYLIGHT,REAR END,DIVIDED - W/MEDIAN (NOT RAISED),,STRAIGHT AND LEVEL,WET,NO DEFECTS,NOT ON SCENE (DESK REPORT),NO INJURY / DRIVE AWAY,,,,"OVER $1,500",9/27/2019 17:30,FOLLOWING TOO CLOSELY,UNABLE TO DETERMINE,8700,S,ASHLAND AVE,2221,,,,,,,2,NO INDICATION OF INJURY,0,0,0,0,0,2,0,17,6,9,41.73569699,-87.66320954,POINT (-87.663209544457 41.735696988636)
JC450821,,9/27/2019 17:00,30,NO CONTROLS,NO CONTROLS,RAIN,DUSK,REAR END,NOT DIVIDED,,STRAIGHT AND LEVEL,WET,UNKNOWN,ON SCENE,INJURY AND / OR TOW DUE TO CRASH,,,,"OVER $1,500",9/27/2019 17:10,FAILING TO REDUCE SPEED TO AVOID CRASH,WEATHER,2456,N,CENTRAL AVE,2515,,,,,,,3,NO INDICATION OF INJURY,0,0,0,0,0,3,0,17,6,9,41.92565396,-87.76619676,POINT (-87.766196763842 41.925653956541)
JC451033,,9/27/2019 16:55,30,NO CONTROLS,NO CONTROLS,RAIN,DUSK,SIDESWIPE SAME DIRECTION,NOT DIVIDED,,STRAIGHT AND LEVEL,WET,NO DEFECTS,NOT ON SCENE (DESK REPORT),NO INJURY / DRIVE AWAY,,,,"$501 - $1,500",9/27/2019 19:40,NOT APPLICABLE,NOT APPLICABLE,4132,W,87TH ST,834,,,,,,,2,NO INDICATION OF INJURY,0,0,0,0,0,2,0,16,6,9,41.73490359,-87.72513656,POINT (-87.725136562759 41.734903592704)
JC453196,,9/27/2019 16:50,30,NO CONTROLS,NO CONTROLS,RAIN,DAYLIGHT,PARKED MOTOR VEHICLE,ONE-WAY,,STRAIGHT AND LEVEL,WET,NO DEFECTS,NOT ON SCENE (DESK REPORT),NO INJURY / DRIVE AWAY,,,,"$501 - $1,500",9/29/2019 15:45,IMPROPER BACKING,NOT APPLICABLE,800,N,ROCKWELL ST,1211,,,,,,,2,NO INDICATION OF INJURY,0,0,0,0,0,1,0,16,6,9,41.89574509,-87.69192072,POINT (-87.691920718617 41.895745089851)
JC450901,,9/27/2019 16:50,30,NO CONTROLS,NO CONTROLS,RAIN,DAYLIGHT,REAR END,NOT DIVIDED,,STRAIGHT AND LEVEL,WET,NO DEFECTS,,NO INJURY / DRIVE AWAY,,,N,"OVER $1,500",9/27/2019 17:30,FOLLOWING TOO CLOSELY,UNABLE TO DETERMINE,7605,S,DAMEN AVE,611,,,,,,,2,NO INDICATION OF INJURY,0,0,0,0,0,5,0,16,6,9,41.7554911,-87.67313625,POINT (-87.673136247121 41.755491098985)
JC450824,,9/27/2019 16:50,30,NO CONTROLS,NO CONTROLS,RAIN,DAYLIGHT,TURNING,NOT DIVIDED,,STRAIGHT AND LEVEL,WET,NO DEFECTS,ON SCENE,INJURY AND / OR TOW DUE TO CRASH,,,,"OVER $1,500",9/27/2019 16:52,FAILING TO YIELD RIGHT-OF-WAY,IMPROPER TURNING/NO SIGNAL,1615,W,CORNELIA AVE,1922,,,,,,,2,NO INDICATION OF INJURY,0,0,0,0,0,3,0,16,6,9,41.94504688,-87.66951061,POINT (-87.669510609426 41.945046879242)
JC450804,,9/27/2019 16:50,30,NO CONTROLS,NO CONTROLS,RAIN,DAYLIGHT,REAR END,NOT DIVIDED,,STRAIGHT AND LEVEL,WET,NO DEFECTS,NOT ON SCENE (DESK REPORT),NO INJURY / DRIVE AWAY,,,,"$501 - $1,500",9/27/2019 17:10,FOLLOWING TOO CLOSELY,UNABLE TO DETERMINE,1431,S,CANAL ST,124,,,,,,,2,NO INDICATION OF INJURY,0,0,0,0,0,2,0,16,6,9,41.86270927,-87.63895436,POINT (-87.638954363412 41.86270926608)
JC450800,,9/27/2019 16:50,30,NO CONTROLS,FUNCTIONING PROPERLY,RAIN,DAYLIGHT,PEDALCYCLIST,ONE-WAY,,STRAIGHT AND LEVEL,WET,NO DEFECTS,ON SCENE,INJURY AND / OR TOW DUE TO CRASH,,,,$500 OR LESS,9/27/2019 16:52,DRIVING ON WRONG SIDE/WRONG WAY,DRIVING SKILLS/KNOWLEDGE/EXPERIENCE,1399,W,WASHINGTON BLVD,1224,,,,,,,2,NONINCAPACITATING INJURY,1,0,0,1,0,1,0,16,6,9,41.88279021,-87.66222476,POINT (-87.66222476329 41.882790211301)
JC450807,,9/27/2019 16:49,30,TRAFFIC SIGNAL,FUNCTIONING PROPERLY,RAIN,DAYLIGHT,PEDALCYCLIST,DIVIDED - W/MEDIAN BARRIER,,STRAIGHT AND LEVEL,WET,NO DEFECTS,ON SCENE,INJURY AND / OR TOW DUE TO CRASH,,,,"OVER $1,500",9/27/2019 16:50,DISREGARDING TRAFFIC SIGNALS,UNABLE TO DETERMINE,501,S,MICHIGAN AVE,114,,,,,,,2,NONINCAPACITATING INJURY,1,0,0,1,0,1,0,16,6,9,41.87566213,-87.62411124,POINT (-87.624111243627 41.875662133708)
JC450794,,9/27/2019 16:41,30,NO CONTROLS,NO CONTROLS,RAIN,DAYLIGHT,REAR END,NOT DIVIDED,,STRAIGHT AND LEVEL,WET,NO DEFECTS,NOT ON SCENE (DESK REPORT),NO INJURY / DRIVE AWAY,,,,"OVER $1,500",9/27/2019 17:00,FOLLOWING TOO CLOSELY,UNABLE TO DETERMINE,4998,N,NAGLE AVE,1613,,,,,,,2,NO INDICATION OF INJURY,0,0,0,0,0,2,0,16,6,9,41.97193745,-87.78809626,POINT (-87.788096261873 41.971937453855)
JC450879,,9/27/2019 16:40,15,NO CONTROLS,NO CONTROLS,RAIN,DAYLIGHT,PARKED MOTOR VEHICLE,NOT DIVIDED,,STRAIGHT AND LEVEL,WET,NO DEFECTS,NOT ON SCENE (DESK REPORT),NO INJURY / DRIVE AWAY,,,,$500 OR LESS,9/27/2019 17:50,IMPROPER BACKING,UNABLE TO DETERMINE,2599,W,CHICAGO AVE,1221,,,,,,,2,NO INDICATION OF INJURY,0,0,0,0,0,2,0,16,6,9,41.89559207,-87.69171227,POINT (-87.691712273604 41.895592067856)
JC453949,,9/27/2019 16:30,40,TRAFFIC SIGNAL,FUNCTIONING PROPERLY,RAIN,DAYLIGHT,REAR END,OTHER,,STRAIGHT AND LEVEL,WET,NO DEFECTS,NOT ON SCENE (DESK REPORT),NO INJURY / DRIVE AWAY,,,,"OVER $1,500",9/30/2019 9:47,WEATHER,NOT APPLICABLE,530,N,LAKE SHORE DR,1834,,,,,,,2,NO INDICATION OF INJURY,0,0,0,0,0,3,0,16,6,9,41.89197561,-87.61458027,POINT (-87.614580270889 41.891975608018)
JC451567,,9/27/2019 16:30,30,YIELD,FUNCTIONING PROPERLY,CLOUDY/OVERCAST,DAYLIGHT,TURNING,DIVIDED - W/MEDIAN BARRIER,,STRAIGHT AND LEVEL,WET,NO DEFECTS,NOT ON SCENE (DESK REPORT),NO INJURY / DRIVE AWAY,,,,"OVER $1,500",9/28/2019 9:55,UNABLE TO DETERMINE,NOT APPLICABLE,1734,E,71ST ST,332,,,,,,,2,NO INDICATION OF INJURY,0,0,0,0,0,5,0,16,6,9,41.76628981,-87.58231129,POINT (-87.582311289947 41.76628980462)
JC451101,,9/27/2019 16:30,30,NO CONTROLS,UNKNOWN,RAIN,DAYLIGHT,SIDESWIPE SAME DIRECTION,NOT DIVIDED,,STRAIGHT AND LEVEL,WET,UNKNOWN,NOT ON SCENE (DESK REPORT),NO INJURY / DRIVE AWAY,,,,$500 OR LESS,9/27/2019 20:00,UNABLE TO DETERMINE,UNABLE TO DETERMINE,2150,E,130TH ST,434,,,,,,,2,NO INDICATION OF INJURY,0,0,0,0,0,2,0,16,6,9,41.65930074,-87.57064739,POINT (-87.570647386399 41.659300736346)
JC450977,,9/27/2019 16:30,30,NO CONTROLS,NO CONTROLS,RAIN,DARKNESS,REAR TO FRONT,PARKING LOT,,CURVE ON GRADE,WET,NO DEFECTS,NOT ON SCENE (DESK REPORT),INJURY AND / OR TOW DUE TO CRASH,,Y,,"OVER $1,500",9/27/2019 18:45,IMPROPER BACKING,NOT APPLICABLE,848,N,STATE ST,1832,,,,,,,2,NO INDICATION OF INJURY,0,0,0,0,0,2,0,16,6,9,41.89802184,-87.62838328,POINT (-87.628383280907 41.898021838467)
JC450855,,9/27/2019 16:30,15,NO CONTROLS,NO CONTROLS,RAIN,DAWN,FIXED OBJECT,ALLEY,,STRAIGHT AND LEVEL,WET,NO DEFECTS,ON SCENE,NO INJURY / DRIVE AWAY,,Y,,"OVER $1,500",9/27/2019 17:26,FAILING TO REDUCE SPEED TO AVOID CRASH,DRIVING SKILLS/KNOWLEDGE/EXPERIENCE,7243,S,RICHMOND ST,831,,,,,,,1,NO INDICATION OF INJURY,0,0,0,0,0,1,0,16,6,9,41.76137822,-87.69646503,POINT (-87.696465027514 41.761378223634)
JC450795,,9/27/2019 16:30,25,NO CONTROLS,NO CONTROLS,RAIN,DAYLIGHT,PARKED MOTOR VEHICLE,NOT DIVIDED,,STRAIGHT AND LEVEL,WET,NO DEFECTS,ON SCENE,INJURY AND / OR TOW DUE TO CRASH,,,,"OVER $1,500",9/27/2019 16:43,DISTRACTION - FROM INSIDE VEHICLE,"EVASIVE ACTION DUE TO ANIMAL, OBJECT, NONMOTORIST",8800,S,JEFFERY BLVD,412,,,,,,,2,NO INDICATION OF INJURY,0,0,0,0,0,1,0,16,6,9,41.73513894,-87.57582049,POINT (-87.575820491009 41.735138937081)
JC450788,Y,9/27/2019 16:25,30,TRAFFIC SIGNAL,FUNCTIONING PROPERLY,RAIN,DAYLIGHT,PEDESTRIAN,NOT DIVIDED,,STRAIGHT AND LEVEL,WET,NO DEFECTS,NOT ON SCENE (DESK REPORT),INJURY AND / OR TOW DUE TO CRASH,,,,$500 OR LESS,9/27/2019 16:29,UNABLE TO DETERMINE,CELL PHONE USE OTHER THAN TEXTING,400,E,87TH ST,632,,,,,,,2,NONINCAPACITATING INJURY,1,0,0,1,0,1,0,16,6,9,41.73661397,-87.61444973,POINT (-87.614449730497 41.736613967437)
JC450792,,9/27/2019 16:23,30,STOP SIGN/FLASHER,FUNCTIONING PROPERLY,RAIN,DAYLIGHT,ANGLE,NOT DIVIDED,,STRAIGHT AND LEVEL,WET,NO DEFECTS,ON SCENE,NO INJURY / DRIVE AWAY,Y,,,"OVER $1,500",9/27/2019 16:24,FAILING TO YIELD RIGHT-OF-WAY,UNABLE TO DETERMINE,5101,N,BROADWAY,2033,,,,,,,2,NO INDICATION OF INJURY,0,0,0,0,0,3,0,16,6,9,41.97522169,-87.65969096,POINT (-87.659690961509 41.975221688188)
JC450778,,9/27/2019 16:18,30,STOP SIGN/FLASHER,NO CONTROLS,RAIN,DAYLIGHT,ANGLE,UNKNOWN INTERSECTION TYPE,,STRAIGHT AND LEVEL,WET,NO DEFECTS,ON SCENE,INJURY AND / OR TOW DUE TO CRASH,Y,,,"OVER $1,500",9/27/2019 16:18,FAILING TO YIELD RIGHT-OF-WAY,DISREGARDING STOP SIGN,5600,W,WABANSIA AVE,2531,,,,,,,2,NO INDICATION OF INJURY,0,0,0,0,0,3,0,16,6,9,41.91131251,-87.76563662,POINT (-87.765636618428 41.911312508951)