RD_NO,CRASH_DATE_EST_I,CRASH_DATE,POSTED_SPEED_LIMIT,TRAFFIC_CONTROL_DEVICE,DEVICE_CONDITION,WEATHER_CONDITION,LIGHTING_CONDITION,FIRST_CRASH_TYPE,TRAFFICWAY_TYPE,LANE_CNT,ALIGNMENT,ROADWAY_SURFACE_COND,ROAD_DEFECT,REPORT_TYPE,CRASH_TYPE,INTERSECTION_RELATED_I,NOT_RIGHT_OF_WAY_I,HIT_AND_RUN_I,DAMAGE,DATE_POLICE_NOTIFIED,PRIM_CONTRIBUTORY_CAUSE,SEC_CONTRIBUTORY_CAUSE,STREET_NO,STREET_DIRECTION,STREET_NAME,BEAT_OF_OCCURRENCE,PHOTOS_TAKEN_I,STATEMENTS_TAKEN_I,DOORING_I,WORK_ZONE_I,WORK_ZONE_TYPE,WORKERS_PRESENT_I,NUM_UNITS,MOST_SEVERE_INJURY,INJURIES_TOTAL,INJURIES_FATAL,INJURIES_INCAPACITATING,INJURIES_NON_INCAPACITATING,INJURIES_REPORTED_NOT_EVIDENT,INJURIES_NO_INDICATION,INJURIES_UNKNOWN,CRASH_HOUR,CRASH_DAY_OF_WEEK,CRASH_MONTH,LATITUDE,LONGITUDE,LOCATION
JC450769,,9/27/2019 16:15,30,STOP SIGN/FLASHER,OTHER,RAIN,DAYLIGHT,SIDESWIPE OPPOSITE DIRECTION,FOUR WAY,,STRAIGHT AND LEVEL,WET,UNKNOWN,ON SCENE,INJURY AND / OR TOW DUE TO CRASH,,,,"OVER $1,500",9/27/2019 16:20,DRIVING ON WRONG SIDE/WRONG WAY,UNABLE TO DETERMINE,2256,N,KIMBALL AVE,1413,,,,,,,3,NO INDICATION OF INJURY,0,0,0,0,0,3,0,16,6,9,41.92272801,-87.71219436,POINT (-87.71219435543 41.922728008312)
JC450789,,9/27/2019 16:12,30,TRAFFIC SIGNAL,FUNCTIONING IMPROPERLY,RAIN,DAYLIGHT,TURNING,FOUR WAY,,STRAIGHT AND LEVEL,WET,NO DEFECTS,ON SCENE,INJURY AND / OR TOW DUE TO CRASH,Y,,,"OVER $1,500",9/27/2019 16:45,DISREGARDING TRAFFIC SIGNALS,NOT APPLICABLE,6700,S,CALIFORNIA AVE,831,,,,,,,2,NO INDICATION OF INJURY,0,0,0,0,0,6,0,16,6,9,41.77172918,-87.69334992,POINT (-87.693349922161 41.771729174636)
JC450779,,9/27/2019 16:10,30,NO CONTROLS,NO CONTROLS,RAIN,DAYLIGHT,SIDESWIPE OPPOSITE DIRECTION,NOT DIVIDED,,STRAIGHT AND LEVEL,WET,SHOULDER DEFECT,ON SCENE,NO INJURY / DRIVE AWAY,,,,"$501 - $1,500",9/27/2019 16:15,UNABLE TO DETERMINE,NOT APPLICABLE,3305,N,LONG AVE,1634,,,,,,,2,NO INDICATION OF INJURY,0,0,0,0,0,2,0,16,6,9,41.94063829,-87.76151603,POINT (-87.761516031318 41.940638291126)
JC450760,,9/27/2019 16:10,30,TRAFFIC SIGNAL,FUNCTIONING PROPERLY,RAIN,DAYLIGHT,REAR END,NOT DIVIDED,,STRAIGHT AND LEVEL,WET,NO DEFECTS,NOT ON SCENE (DESK REPORT),NO INJURY / DRIVE AWAY,,,,"OVER $1,500",9/27/2019 16:10,FOLLOWING TOO CLOSELY,FOLLOWING TOO CLOSELY,6900,S,WESTERN AVE,832,,,,,,,2,NO INDICATION OF INJURY,0,0,0,0,0,3,0,16,6,9,41.76823848,-87.68348696,POINT (-87.68348695709 41.76823847692)
JC450762,,9/27/2019 16:06,40,TRAFFIC SIGNAL,FUNCTIONING PROPERLY,RAIN,DARKNESS,TURNING,FOUR WAY,,STRAIGHT AND LEVEL,WET,"RUT, HOLES",ON SCENE,INJURY AND / OR TOW DUE TO CRASH,Y,,,"OVER $1,500",9/27/2019 16:09,"VISION OBSCURED (SIGNS, TREE LIMBS, BUILDINGS, ETC.)",NOT APPLICABLE,2600,S,PULASKI RD,1031,,,,,,,2,"REPORTED, NOT EVIDENT",1,0,0,0,1,2,0,16,6,9,41.84415759,-87.72469381,POINT (-87.72469380877 41.844157585905)
JC454352,,9/27/2019 16:00,35,NO CONTROLS,NO CONTROLS,CLEAR,DAYLIGHT,TURNING,DIVIDED - W/MEDIAN (NOT RAISED),,STRAIGHT AND LEVEL,DRY,NO DEFECTS,NOT ON SCENE (DESK REPORT),NO INJURY / DRIVE AWAY,,,Y,"$501 - $1,500",9/30/2019 17:28,UNABLE TO DETERMINE,NOT APPLICABLE,353,W,83RD ST,622,,,,,,,2,NO INDICATION OF INJURY,0,0,0,0,0,2,0,16,6,9,41.74340141,-87.63376859,POINT (-87.633768585157 41.743401411902)
JC451952,,9/27/2019 16:00,30,UNKNOWN,NO CONTROLS,CLEAR,DAYLIGHT,REAR END,UNKNOWN,,STRAIGHT AND LEVEL,DRY,NO DEFECTS,NOT ON SCENE (DESK REPORT),INJURY AND / OR TOW DUE TO CRASH,,,,"OVER $1,500",9/28/2019 14:50,UNABLE TO DETERMINE,UNABLE TO DETERMINE,6601,S,STATE ST,312,,,,,,,2,NONINCAPACITATING INJURY,1,0,0,1,0,1,0,16,6,9,41.77491826,-87.62503366,POINT (-87.625033659726 41.774918257347)
JC451584,,9/27/2019 16:00,35,TRAFFIC SIGNAL,FUNCTIONING PROPERLY,RAIN,DAYLIGHT,ANGLE,FOUR WAY,,STRAIGHT AND LEVEL,WET,NO DEFECTS,NOT ON SCENE (DESK REPORT),NO INJURY / DRIVE AWAY,,,Y,$500 OR LESS,9/28/2019 10:00,UNABLE TO DETERMINE,UNABLE TO DETERMINE,398,W,79TH ST,623,,,,,,,2,NO INDICATION OF INJURY,0,0,0,0,0,2,0,16,6,9,41.75089363,-87.63417643,POINT (-87.634176427344 41.75089362487)
JC450858,,9/27/2019 16:00,30,NO CONTROLS,NO CONTROLS,CLEAR,DAYLIGHT,REAR END,NOT DIVIDED,,STRAIGHT AND LEVEL,DRY,NO DEFECTS,NOT ON SCENE (DESK REPORT),NO INJURY / DRIVE AWAY,,,Y,"$501 - $1,500",9/27/2019 17:33,NOT APPLICABLE,NOT APPLICABLE,5900,S,CALIFORNIA AVE,824,,,,,,,2,NO INDICATION OF INJURY,0,0,0,0,0,2,0,16,6,9,41.78631361,-87.69373919,POINT (-87.693739184818 41.786313611306)
JC450781,,9/27/2019 16:00,30,NO CONTROLS,OTHER,RAIN,DAYLIGHT,SIDESWIPE SAME DIRECTION,NOT DIVIDED,,STRAIGHT AND LEVEL,WET,NO DEFECTS,NOT ON SCENE (DESK REPORT),NO INJURY / DRIVE AWAY,,,,"$501 - $1,500",9/27/2019 16:50,FAILING TO YIELD RIGHT-OF-WAY,FAILING TO YIELD RIGHT-OF-WAY,6251,N,HARLEM AVE,1612,,,,,,,2,NO INDICATION OF INJURY,0,0,0,0,0,2,0,16,6,9,41.99504589,-87.80667517,POINT (-87.806675168491 41.995045891518)
JC450759,,9/27/2019 15:55,30,STOP SIGN/FLASHER,FUNCTIONING PROPERLY,RAIN,DUSK,TURNING,NOT DIVIDED,,STRAIGHT AND LEVEL,WET,NO DEFECTS,ON SCENE,INJURY AND / OR TOW DUE TO CRASH,Y,,,"OVER $1,500",9/27/2019 15:55,"OPERATING VEHICLE IN ERRATIC, RECKLESS, CARELESS, NEGLIGENT OR AGGRESSIVE MANNER",WEATHER,13100,S,CORLISS AVE,533,,,,,,,4,INCAPACITATING INJURY,1,0,1,0,0,3,0,15,6,9,41.65713022,-87.60248075,POINT (-87.602480752616 41.657130223648)
JC450741,,9/27/2019 15:55,25,NO CONTROLS,NO CONTROLS,RAIN,DUSK,TURNING,NOT DIVIDED,,STRAIGHT AND LEVEL,WET,NO DEFECTS,NOT ON SCENE (DESK REPORT),NO INJURY / DRIVE AWAY,,,Y,"OVER $1,500",9/27/2019 16:15,IMPROPER TURNING/NO SIGNAL,NOT APPLICABLE,6300,S,JUSTINE ST,725,,,,,,,2,NO INDICATION OF INJURY,0,0,0,0,0,2,0,15,6,9,41.77939365,-87.66313547,POINT (-87.663135465158 41.779393645831)
JC451883,,9/27/2019 15:51,30,STOP SIGN/FLASHER,FUNCTIONING PROPERLY,UNKNOWN,DAYLIGHT,REAR END,UNKNOWN,,STRAIGHT AND LEVEL,UNKNOWN,UNKNOWN,NOT ON SCENE (DESK REPORT),NO INJURY / DRIVE AWAY,,,,"OVER $1,500",9/28/2019 14:00,FOLLOWING TOO CLOSELY,UNABLE TO DETERMINE,17,S,HOMAN AVE,1124,,,,,,,2,NO INDICATION OF INJURY,0,0,0,0,0,2,0,15,6,9,41.88035105,-87.71084078,POINT (-87.710840781144 41.880351049562)
JC450950,,9/27/2019 15:40,20,NO CONTROLS,NO CONTROLS,RAIN,DAYLIGHT,SIDESWIPE SAME DIRECTION,ONE-WAY,,STRAIGHT AND LEVEL,WET,NO DEFECTS,NOT ON SCENE (DESK REPORT),NO INJURY / DRIVE AWAY,,,,"$501 - $1,500",9/27/2019 18:35,FOLLOWING TOO CLOSELY,FOLLOWING TOO CLOSELY,3458,W,54TH ST,822,,,,,,,2,NO INDICATION OF INJURY,0,0,0,0,0,2,0,15,6,9,41.79534292,-87.71083122,POINT (-87.710831217577 41.795342916281)
JC450728,,9/27/2019 15:40,30,TRAFFIC SIGNAL,FUNCTIONING PROPERLY,RAIN,DAYLIGHT,REAR END,NOT DIVIDED,,STRAIGHT AND LEVEL,WET,NO DEFECTS,NOT ON SCENE (DESK REPORT),NO INJURY / DRIVE AWAY,,,,"OVER $1,500",9/27/2019 16:00,UNABLE TO DETERMINE,NOT APPLICABLE,8200,S,COTTAGE GROVE AVE,631,,,,,,,2,NO INDICATION OF INJURY,0,0,0,0,0,2,0,15,6,9,41.74570414,-87.6052282,POINT (-87.605228203638 41.745704140078)
JC450724,,9/27/2019 15:40,35,NO CONTROLS,NO CONTROLS,RAIN,DAYLIGHT,SIDESWIPE OPPOSITE DIRECTION,DIVIDED - W/MEDIAN (NOT RAISED),,STRAIGHT AND LEVEL,WET,NO DEFECTS,ON SCENE,INJURY AND / OR TOW DUE TO CRASH,,,,"OVER $1,500",9/27/2019 15:44,PHYSICAL CONDITION OF DRIVER,UNABLE TO DETERMINE,2960,W,103RD ST,2211,,,,,,,2,NONINCAPACITATING INJURY,1,0,0,1,0,4,0,15,6,9,41.70637006,-87.69658544,POINT (-87.696585440627 41.706370063783)
JC450758,,9/27/2019 15:35,30,NO CONTROLS,NO CONTROLS,CLEAR,DAYLIGHT,TURNING,NOT DIVIDED,,STRAIGHT AND LEVEL,WET,NO DEFECTS,NOT ON SCENE (DESK REPORT),NO INJURY / DRIVE AWAY,,,,"$501 - $1,500",9/27/2019 16:23,NOT APPLICABLE,NOT APPLICABLE,5500,S,CALIFORNIA AVE,824,,,,,,,2,NO INDICATION OF INJURY,0,0,0,0,0,4,0,15,6,9,41.79359751,-87.69394205,POINT (-87.6939420481 41.793597512795)
JC450803,,9/27/2019 15:33,30,NO CONTROLS,NO CONTROLS,RAIN,DAYLIGHT,TURNING,DIVIDED - W/MEDIAN (NOT RAISED),,STRAIGHT AND LEVEL,WET,NO DEFECTS,ON SCENE,NO INJURY / DRIVE AWAY,,,Y,"OVER $1,500",9/27/2019 16:41,IMPROPER TURNING/NO SIGNAL,NOT APPLICABLE,6199,W,FOSTER AVE,1622,,,,,,,2,NO INDICATION OF INJURY,0,0,0,0,0,2,0,15,6,9,41.97555002,-87.78300165,POINT (-87.783001650579 41.975550018311)
JC450944,,9/27/2019 15:30,10,STOP SIGN/FLASHER,FUNCTIONING IMPROPERLY,RAIN,DAYLIGHT,TURNING,NOT DIVIDED,,STRAIGHT AND LEVEL,WET,NO DEFECTS,NOT ON SCENE (DESK REPORT),NO INJURY / DRIVE AWAY,,,Y,"OVER $1,500",9/27/2019 18:20,IMPROPER TURNING/NO SIGNAL,IMPROPER TURNING/NO SIGNAL,353,W,83RD ST,622,,,,,,,2,NO INDICATION OF INJURY,0,0,0,0,0,2,0,15,6,9,41.74340141,-87.63376859,POINT (-87.633768585157 41.743401411902)
JC450890,,9/27/2019 15:30,30,NO CONTROLS,NO CONTROLS,RAIN,DAYLIGHT,PARKED MOTOR VEHICLE,NOT DIVIDED,,STRAIGHT AND LEVEL,WET,NO DEFECTS,ON SCENE,NO INJURY / DRIVE AWAY,,,Y,$500 OR LESS,9/27/2019 17:56,UNABLE TO DETERMINE,UNABLE TO DETERMINE,2604,W,46TH ST,922,,,,,,,2,,,,,,,,,15,6,9,41.81025915,-87.68960779,POINT (-87.689607785023 41.810259148334)
JC450736,,9/27/2019 15:30,30,TRAFFIC SIGNAL,FUNCTIONING PROPERLY,CLOUDY/OVERCAST,"DARKNESS, LIGHTED ROAD",ANGLE,DIVIDED - W/MEDIAN BARRIER,,STRAIGHT AND LEVEL,WET,NO DEFECTS,NOT ON SCENE (DESK REPORT),NO INJURY / DRIVE AWAY,Y,,,"OVER $1,500",9/27/2019 16:00,DRIVING SKILLS/KNOWLEDGE/EXPERIENCE,FAILING TO REDUCE SPEED TO AVOID CRASH,1600,S,STATE ST,131,,,,,,,2,NO INDICATION OF INJURY,0,0,0,0,0,3,0,15,6,9,41.8601185,-87.62740831,POINT (-87.627408311391 41.86011850138)
JC450711,,9/27/2019 15:30,20,NO CONTROLS,NO CONTROLS,RAIN,DAYLIGHT,ANGLE,ALLEY,,STRAIGHT AND LEVEL,WET,NO DEFECTS,NOT ON SCENE (DESK REPORT),NO INJURY / DRIVE AWAY,,,,"OVER $1,500",9/27/2019 15:47,IMPROPER BACKING,NOT APPLICABLE,3450,N,LAKEWOOD AVE,1924,,,,,,,2,NO INDICATION OF INJURY,0,0,0,0,0,2,0,15,6,9,41.94498218,-87.66168661,POINT (-87.661686605433 41.944982176688)
JC450738,,9/27/2019 15:25,30,TRAFFIC SIGNAL,FUNCTIONING PROPERLY,RAIN,DAYLIGHT,REAR END,FOUR WAY,,STRAIGHT AND LEVEL,WET,NO DEFECTS,ON SCENE,NO INJURY / DRIVE AWAY,Y,,,$500 OR LESS,9/27/2019 15:56,WEATHER,NOT APPLICABLE,3058,S,ASHLAND AVE,912,,,,,,,2,NO INDICATION OF INJURY,0,0,0,0,0,2,0,15,6,9,41.83770907,-87.66588892,POINT (-87.665888918787 41.837709069606)
JC450701,Y,9/27/2019 15:24,30,NO CONTROLS,NO CONTROLS,RAIN,DAYLIGHT,PARKED MOTOR VEHICLE,NOT DIVIDED,,STRAIGHT AND LEVEL,WET,NO DEFECTS,ON SCENE,NO INJURY / DRIVE AWAY,,,Y,"OVER $1,500",9/27/2019 15:24,UNABLE TO DETERMINE,UNABLE TO DETERMINE,1537,W,LAKE ST,1224,,,,,,,2,NO INDICATION OF INJURY,0,0,0,0,0,1,0,15,6,9,41.88524518,-87.66573948,POINT (-87.665739480572 41.885245178002)
JC450815,,9/27/2019 15:20,30,STOP SIGN/FLASHER,FUNCTIONING PROPERLY,RAIN,DAYLIGHT,PARKED MOTOR VEHICLE,NOT DIVIDED,,STRAIGHT AND LEVEL,WET,NO DEFECTS,ON SCENE,NO INJURY / DRIVE AWAY,,,Y,"$501 - $1,500",9/27/2019 16:07,IMPROPER BACKING,FAILING TO REDUCE SPEED TO AVOID CRASH,6901,W,BYRON ST,1632,,,,,,,2,NO INDICATION OF INJURY,0,0,0,0,0,1,0,15,6,9,41.95078289,-87.7986901,POINT (-87.798690094878 41.95078289096)
JC450709,,9/27/2019 15:15,30,STOP SIGN/FLASHER,NO CONTROLS,RAIN,DAYLIGHT,ANGLE,DIVIDED - W/MEDIAN (NOT RAISED),,STRAIGHT AND LEVEL,WET,NO DEFECTS,ON SCENE,INJURY AND / OR TOW DUE TO CRASH,Y,,,"OVER $1,500",9/27/2019 15:16,DRIVING SKILLS/KNOWLEDGE/EXPERIENCE,WEATHER,5301,S,WESTERN AVE,923,,,,,,,2,NO INDICATION OF INJURY,0,0,0,0,0,3,0,15,6,9,41.79739866,-87.68397963,POINT (-87.683979629186 41.79739866337)
JC450703,,9/27/2019 15:15,30,UNKNOWN,FUNCTIONING PROPERLY,RAIN,DAWN,TURNING,NOT DIVIDED,,STRAIGHT AND LEVEL,WET,UNKNOWN,NOT ON SCENE (DESK REPORT),INJURY AND / OR TOW DUE TO CRASH,Y,,Y,"OVER $1,500",9/27/2019 15:45,NOT APPLICABLE,FAILING TO YIELD RIGHT-OF-WAY,7501,W,BELMONT AVE,2511,,,,,,,2,INCAPACITATING INJURY,2,0,1,1,0,1,0,15,6,9,41.93785691,-87.81413759,POINT (-87.814137588512 41.937856910229)
JC450689,,9/27/2019 15:13,30,NO CONTROLS,NO CONTROLS,RAIN,DAYLIGHT,TURNING,DIVIDED - W/MEDIAN (NOT RAISED),,STRAIGHT AND LEVEL,WET,NO DEFECTS,ON SCENE,INJURY AND / OR TOW DUE TO CRASH,,,Y,"OVER $1,500",9/27/2019 15:13,IMPROPER LANE USAGE,DRIVING SKILLS/KNOWLEDGE/EXPERIENCE,2337,N,CICERO AVE,2522,,,,,,,2,NO INDICATION OF INJURY,0,0,0,0,0,4,0,15,6,9,41.92354969,-87.74613388,POINT (-87.746133875298 41.923549688404)
JC450749,,9/27/2019 15:12,30,NO CONTROLS,NO CONTROLS,RAIN,DAYLIGHT,ANGLE,NOT DIVIDED,,STRAIGHT AND LEVEL,WET,NO DEFECTS,ON SCENE,NO INJURY / DRIVE AWAY,,,,"OVER $1,500",9/27/2019 15:13,FAILING TO YIELD RIGHT-OF-WAY,NOT APPLICABLE,601,S,SACRAMENTO BLVD,1135,,,,,,,2,NO INDICATION OF INJURY,0,0,0,0,0,2,0,15,6,9,41.87370412,-87.70086462,POINT (-87.700864617137 41.873704115019)
JC450716,,9/27/2019 15:10,30,NO CONTROLS,NO CONTROLS,RAIN,DAYLIGHT,REAR END,NOT DIVIDED,,STRAIGHT AND LEVEL,WET,NO DEFECTS,ON SCENE,NO INJURY / DRIVE AWAY,,,,"$501 - $1,500",9/27/2019 15:15,FAILING TO REDUCE SPEED TO AVOID CRASH,WEATHER,3101,W,DEVON AVE,2413,,,,,,,2,NO INDICATION OF INJURY,0,0,0,0,0,2,0,15,6,9,41.99732042,-87.70699908,POINT (-87.706999083936 41.997320423808)
JC450696,,9/27/2019 15:10,30,NO CONTROLS,NO CONTROLS,RAIN,DAYLIGHT,REAR TO FRONT,NOT DIVIDED,,STRAIGHT AND LEVEL,WET,NO DEFECTS,ON SCENE,NO INJURY / DRIVE AWAY,,,,"OVER $1,500",9/27/2019 15:20,UNABLE TO DETERMINE,UNABLE TO DETERMINE,1850,W,ROOSEVELT RD,1231,,,,,,,2,NO INDICATION OF INJURY,0,0,0,0,0,2,0,15,6,9,41.86690584,-87.67331592,POINT (-87.673315916273 41.866905837562)
JC450687,,9/27/2019 15:05,30,NO CONTROLS,NO CONTROLS,RAIN,DARKNESS,ANGLE,NOT DIVIDED,,STRAIGHT AND LEVEL,WET,NO DEFECTS,ON SCENE,INJURY AND / OR TOW DUE TO CRASH,Y,,,"OVER $1,500",9/27/2019 15:15,"OPERATING VEHICLE IN ERRATIC, RECKLESS, CARELESS, NEGLIGENT OR AGGRESSIVE MANNER",NOT APPLICABLE,499,W,NORTH AVE,1821,,,,,,,2,NONINCAPACITATING INJURY,1,0,0,1,0,1,0,15,6,9,41.91097039,-87.64095313,POINT (-87.640953134011 41.910970386904)
JC450650,,9/27/2019 15:02,30,TRAFFIC SIGNAL,FUNCTIONING PROPERLY,RAIN,DAYLIGHT,ANGLE,Y-INTERSECTION,,STRAIGHT AND LEVEL,WET,NO DEFECTS,NOT ON SCENE (DESK REPORT),INJURY AND / OR TOW DUE TO CRASH,Y,,,"OVER $1,500",9/27/2019 15:10,DISREGARDING TRAFFIC SIGNALS,FAILING TO REDUCE SPEED TO AVOID CRASH,8656,S,VINCENNES AVE,622,,,,,,,2,NO INDICATION OF INJURY,0,0,0,0,0,2,0,15,6,9,41.73742746,-87.64368691,POINT (-87.643686911892 41.7374274563)
JC453028,,9/27/2019 15:00,30,TRAFFIC SIGNAL,FUNCTIONING PROPERLY,CLEAR,DAYLIGHT,REAR END,NOT DIVIDED,,STRAIGHT AND LEVEL,DRY,NO DEFECTS,NOT ON SCENE (DESK REPORT),NO INJURY / DRIVE AWAY,Y,,N,$500 OR LESS,9/29/2019 12:55,UNABLE TO DETERMINE,UNABLE TO DETERMINE,811,E,83RD ST,632,,,,,,,2,NO INDICATION OF INJURY,0,0,0,0,0,2,0,15,6,9,41.74386627,-87.60453914,POINT (-87.60453913694 41.743866272894)
JC450767,,9/27/2019 15:00,30,NO CONTROLS,NO CONTROLS,RAIN,DAYLIGHT,SIDESWIPE SAME DIRECTION,NOT DIVIDED,,STRAIGHT AND LEVEL,WET,NO DEFECTS,NOT ON SCENE (DESK REPORT),NO INJURY / DRIVE AWAY,,,,"OVER $1,500",9/27/2019 16:30,IMPROPER TURNING/NO SIGNAL,IMPROPER TURNING/NO SIGNAL,1859,E,79TH ST,414,,,,,,,2,NO INDICATION OF INJURY,0,0,0,0,0,2,0,15,6,9,41.75146533,-87.5784843,POINT (-87.578484300755 41.75146533359)
JC450706,,9/27/2019 15:00,30,TRAFFIC SIGNAL,NO CONTROLS,RAIN,DAYLIGHT,SIDESWIPE SAME DIRECTION,DIVIDED - W/MEDIAN (NOT RAISED),,STRAIGHT AND LEVEL,WET,NO DEFECTS,NOT ON SCENE (DESK REPORT),NO INJURY / DRIVE AWAY,,,,"OVER $1,500",9/27/2019 16:00,IMPROPER OVERTAKING/PASSING,UNABLE TO DETERMINE,7600,S,YALE AVE,623,,,,,,,2,NO INDICATION OF INJURY,0,0,0,0,0,2,0,15,6,9,41.75621011,-87.63134494,POINT (-87.631344935214 41.756210109285)
JC450697,,9/27/2019 15:00,25,NO CONTROLS,NO CONTROLS,RAIN,DAYLIGHT,PARKED MOTOR VEHICLE,NOT DIVIDED,,STRAIGHT AND LEVEL,WET,NO DEFECTS,NOT ON SCENE (DESK REPORT),NO INJURY / DRIVE AWAY,,,Y,"$501 - $1,500",9/27/2019 15:39,IMPROPER OVERTAKING/PASSING,UNABLE TO DETERMINE,1590,W,THOME AVE,2433,,,,,,,2,NO INDICATION OF INJURY,0,0,0,0,0,2,0,15,6,9,41.99552615,-87.67006834,POINT (-87.670068343239 41.995526150086)
JC450714,,9/27/2019 14:57,30,NO CONTROLS,NO CONTROLS,RAIN,DAYLIGHT,ANGLE,DIVIDED - W/MEDIAN (NOT RAISED),,STRAIGHT AND LEVEL,WET,NO DEFECTS,ON SCENE,INJURY AND / OR TOW DUE TO CRASH,,,,"OVER $1,500",9/27/2019 15:01,FAILING TO REDUCE SPEED TO AVOID CRASH,IMPROPER TURNING/NO SIGNAL,2615,S,KOSTNER AVE,1031,,,,,,,2,NONINCAPACITATING INJURY,1,0,0,1,0,1,0,14,6,9,41.84362787,-87.73412061,POINT (-87.734120605746 41.843627867548)
JC450869,,9/27/2019 14:55,30,STOP SIGN/FLASHER,FUNCTIONING PROPERLY,RAIN,DAYLIGHT,ANGLE,NOT DIVIDED,,STRAIGHT AND LEVEL,WET,NO DEFECTS,NOT ON SCENE (DESK REPORT),NO INJURY / DRIVE AWAY,,,Y,"$501 - $1,500",9/27/2019 17:45,UNABLE TO DETERMINE,UNABLE TO DETERMINE,3200,W,79TH ST,835,,,,,,,2,NO INDICATION OF INJURY,0,0,0,0,0,2,0,14,6,9,41.749952,-87.70244848,POINT (-87.702448478087 41.749952001423)
JC451271,,9/27/2019 14:45,10,NO CONTROLS,NO CONTROLS,RAIN,DARKNESS,REAR END,OTHER,,STRAIGHT AND LEVEL,WET,NO DEFECTS,NOT ON SCENE (DESK REPORT),NO INJURY / DRIVE AWAY,,Y,,"$501 - $1,500",9/27/2019 23:30,IMPROPER BACKING,IMPROPER BACKING,322,E,ILLINOIS ST,1834,,,,,,,2,NO INDICATION OF INJURY,0,0,0,0,0,2,0,14,6,9,41.89113317,-87.61916021,POINT (-87.619160207046 41.891133170855)
JC450668,,9/27/2019 14:45,30,TRAFFIC SIGNAL,FUNCTIONING PROPERLY,RAIN,DAYLIGHT,REAR END,NOT DIVIDED,,STRAIGHT AND LEVEL,WET,NO DEFECTS,ON SCENE,INJURY AND / OR TOW DUE TO CRASH,,,,"OVER $1,500",9/27/2019 14:47,FOLLOWING TOO CLOSELY,NOT APPLICABLE,2421,N,SACRAMENTO AVE,1414,,,,,,,2,NONINCAPACITATING INJURY,3,0,0,3,0,2,0,14,6,9,41.92547213,-87.70219323,POINT (-87.702193230008 41.925472129163)
JC450656,,9/27/2019 14:43,30,TRAFFIC SIGNAL,FUNCTIONING IMPROPERLY,RAIN,DAYLIGHT,REAR END,FOUR WAY,,STRAIGHT AND LEVEL,WET,UNKNOWN,NOT ON SCENE (DESK REPORT),NO INJURY / DRIVE AWAY,Y,,,"OVER $1,500",9/27/2019 14:43,FAILING TO REDUCE SPEED TO AVOID CRASH,NOT APPLICABLE,401,W,79TH ST,621,,,,,,,2,NO INDICATION OF INJURY,0,0,0,0,0,5,0,14,6,9,41.75066969,-87.6342881,POINT (-87.634288101601 41.750669686259)
JC450730,,9/27/2019 14:40,30,NO CONTROLS,NO CONTROLS,RAIN,DAYLIGHT,REAR END,NOT DIVIDED,,STRAIGHT AND LEVEL,WET,NO DEFECTS,NOT ON SCENE (DESK REPORT),NO INJURY / DRIVE AWAY,,,,"$501 - $1,500",9/27/2019 16:00,FOLLOWING TOO CLOSELY,NOT APPLICABLE,3932,W,47TH ST,821,,,,,,,2,NO INDICATION OF INJURY,0,0,0,0,0,2,0,14,6,9,41.80799863,-87.72242157,POINT (-87.722421570309 41.807998631814)
JC450713,,9/27/2019 14:33,30,NO CONTROLS,NO CONTROLS,RAIN,DAYLIGHT,HEAD ON,DIVIDED - W/MEDIAN (NOT RAISED),,STRAIGHT AND LEVEL,WET,NO DEFECTS,ON SCENE,INJURY AND / OR TOW DUE TO CRASH,,,,"OVER $1,500",9/27/2019 15:33,IMPROPER LANE USAGE,NOT APPLICABLE,3543,S,WESTERN BLVD,912,,,,,,,2,NONINCAPACITATING INJURY,1,0,0,1,0,3,0,14,6,9,41.82904802,-87.68427355,POINT (-87.684273551464 41.829048020412)
JC453437,,9/27/2019 14:30,20,NO CONTROLS,NO CONTROLS,CLEAR,DAYLIGHT,ANGLE,ONE-WAY,,STRAIGHT AND LEVEL,DRY,NO DEFECTS,NOT ON SCENE (DESK REPORT),NO INJURY / DRIVE AWAY,,,Y,"OVER $1,500",9/29/2019 19:20,DRIVING SKILLS/KNOWLEDGE/EXPERIENCE,NOT APPLICABLE,3980,N,KENNETH AVE,1731,,,,,,,2,NO INDICATION OF INJURY,0,0,0,0,0,2,0,14,6,9,41.95341863,-87.73942329,POINT (-87.739423285716 41.953418628531)
JC452802,,9/27/2019 14:30,30,TRAFFIC SIGNAL,UNKNOWN,UNKNOWN,DAYLIGHT,REAR END,NOT DIVIDED,,STRAIGHT AND LEVEL,UNKNOWN,UNKNOWN,NOT ON SCENE (DESK REPORT),NO INJURY / DRIVE AWAY,Y,,,"OVER $1,500",9/29/2019 9:40,UNABLE TO DETERMINE,NOT APPLICABLE,9300,S,SOUTH CHICAGO AVE,424,,,,,,,2,NO INDICATION OF INJURY,0,0,0,0,0,2,0,14,6,9,41.72626026,-87.55072459,POINT (-87.550724586828 41.726260258806)