RD_NO,CRASH_DATE_EST_I,CRASH_DATE,POSTED_SPEED_LIMIT,TRAFFIC_CONTROL_DEVICE,DEVICE_CONDITION,WEATHER_CONDITION,LIGHTING_CONDITION,FIRST_CRASH_TYPE,TRAFFICWAY_TYPE,LANE_CNT,ALIGNMENT,ROADWAY_SURFACE_COND,ROAD_DEFECT,REPORT_TYPE,CRASH_TYPE,INTERSECTION_RELATED_I,NOT_RIGHT_OF_WAY_I,HIT_AND_RUN_I,DAMAGE,DATE_POLICE_NOTIFIED,PRIM_CONTRIBUTORY_CAUSE,SEC_CONTRIBUTORY_CAUSE,STREET_NO,STREET_DIRECTION,STREET_NAME,BEAT_OF_OCCURRENCE,PHOTOS_TAKEN_I,STATEMENTS_TAKEN_I,DOORING_I,WORK_ZONE_I,WORK_ZONE_TYPE,WORKERS_PRESENT_I,NUM_UNITS,MOST_SEVERE_INJURY,INJURIES_TOTAL,INJURIES_FATAL,INJURIES_INCAPACITATING,INJURIES_NON_INCAPACITATING,INJURIES_REPORTED_NOT_EVIDENT,INJURIES_NO_INDICATION,INJURIES_UNKNOWN,CRASH_HOUR,CRASH_DAY_OF_WEEK,CRASH_MONTH,LATITUDE,LONGITUDE,LOCATION
JC451583,,9/27/2019 14:30,30,STOP SIGN/FLASHER,FUNCTIONING PROPERLY,RAIN,DAYLIGHT,TURNING,NOT DIVIDED,,STRAIGHT AND LEVEL,WET,NO DEFECTS,NOT ON SCENE (DESK REPORT),NO INJURY / DRIVE AWAY,Y,,,"OVER $1,500",9/28/2019 10:28,WEATHER,UNABLE TO DETERMINE,5101,S,ST LOUIS AVE,822,,,,,,,2,NO INDICATION OF INJURY,0,0,0,0,0,2,0,14,6,9,41.80062784,-87.71097633,POINT (-87.710976327276 41.800627838794)
JC450704,,9/27/2019 14:30,15,NO CONTROLS,NO CONTROLS,RAIN,DAYLIGHT,PARKED MOTOR VEHICLE,NOT DIVIDED,,STRAIGHT AND LEVEL,WET,NO DEFECTS,NOT ON SCENE (DESK REPORT),NO INJURY / DRIVE AWAY,,,,"OVER $1,500",9/27/2019 15:30,UNABLE TO DETERMINE,NOT APPLICABLE,2246,W,NORTH AVE,1434,,,,,,,2,NO INDICATION OF INJURY,0,0,0,0,0,1,0,14,6,9,41.91047577,-87.68421869,POINT (-87.68421868507 41.91047576474)
JC450662,,9/27/2019 14:30,25,TRAFFIC SIGNAL,FUNCTIONING PROPERLY,RAIN,DUSK,REAR END,NOT DIVIDED,,STRAIGHT AND LEVEL,WET,NO DEFECTS,NOT ON SCENE (DESK REPORT),NO INJURY / DRIVE AWAY,,,,"OVER $1,500",9/27/2019 15:05,FOLLOWING TOO CLOSELY,NOT APPLICABLE,6700,S,HALSTED ST,723,,,,,,,2,NO INDICATION OF INJURY,0,0,0,0,0,3,0,14,6,9,41.77237962,-87.64474164,POINT (-87.644741641913 41.772379616506)
JC450657,,9/27/2019 14:30,30,NO CONTROLS,NO CONTROLS,RAIN,DAYLIGHT,PARKED MOTOR VEHICLE,ONE-WAY,,STRAIGHT AND LEVEL,WET,NO DEFECTS,ON SCENE,INJURY AND / OR TOW DUE TO CRASH,,,Y,"OVER $1,500",9/27/2019 14:33,UNABLE TO DETERMINE,NOT APPLICABLE,1020,W,ARDMORE AVE,2022,,,,,,,2,NO INDICATION OF INJURY,0,0,0,0,0,1,0,14,6,9,41.98745038,-87.6562339,POINT (-87.656233897377 41.987450376687)
JC450623,,9/27/2019 14:26,30,TRAFFIC SIGNAL,FUNCTIONING PROPERLY,RAIN,DAYLIGHT,PEDESTRIAN,Y-INTERSECTION,,STRAIGHT AND LEVEL,WET,NO DEFECTS,ON SCENE,NO INJURY / DRIVE AWAY,,,,$500 OR LESS,9/27/2019 14:27,UNABLE TO DETERMINE,NOT APPLICABLE,1299,N,MILWAUKEE AVE,1433,,,,,,,2,NO INDICATION OF INJURY,0,0,0,0,0,2,0,14,6,9,41.90532563,-87.669322,POINT (-87.669321996738 41.905325630923)
JC450675,,9/27/2019 14:24,30,NO CONTROLS,NO CONTROLS,RAIN,DARKNESS,SIDESWIPE OPPOSITE DIRECTION,NOT DIVIDED,,STRAIGHT AND LEVEL,WET,NO DEFECTS,ON SCENE,INJURY AND / OR TOW DUE TO CRASH,,,Y,"OVER $1,500",9/27/2019 14:38,UNABLE TO DETERMINE,NOT APPLICABLE,2120,W,DEVON AVE,2412,,,,,,,2,NO INDICATION OF INJURY,0,0,0,0,0,2,0,14,6,9,41.99794745,-87.68348409,POINT (-87.683484085531 41.997947447165)
JC450634,,9/27/2019 14:19,40,TRAFFIC SIGNAL,FUNCTIONING PROPERLY,RAIN,DAYLIGHT,OTHER OBJECT,DIVIDED - W/MEDIAN BARRIER,,"CURVE, LEVEL",WET,NO DEFECTS,ON SCENE,NO INJURY / DRIVE AWAY,Y,,,"OVER $1,500",9/27/2019 14:19,FAILING TO REDUCE SPEED TO AVOID CRASH,WEATHER,5750,S,LAKE SHORE DR,331,,,,,,,1,NO INDICATION OF INJURY,0,0,0,0,0,1,0,14,6,9,41.79029832,-87.57937904,POINT (-87.579379039473 41.790298322202)
JC451115,,9/27/2019 14:15,15,UNKNOWN,UNKNOWN,UNKNOWN,UNKNOWN,PARKED MOTOR VEHICLE,PARKING LOT,,STRAIGHT AND LEVEL,UNKNOWN,UNKNOWN,NOT ON SCENE (DESK REPORT),NO INJURY / DRIVE AWAY,,Y,,"OVER $1,500",9/27/2019 20:30,NOT APPLICABLE,NOT APPLICABLE,3745,N,LINCOLN AVE,1922,,,,,,,2,NO INDICATION OF INJURY,0,0,0,0,0,1,0,14,6,9,41.94996117,-87.67567113,POINT (-87.675671129255 41.949961171142)
JC450754,,9/27/2019 14:15,30,STOP SIGN/FLASHER,FUNCTIONING PROPERLY,RAIN,DAYLIGHT,ANGLE,NOT DIVIDED,,STRAIGHT AND LEVEL,WET,NO DEFECTS,NOT ON SCENE (DESK REPORT),NO INJURY / DRIVE AWAY,Y,,,"OVER $1,500",9/27/2019 16:29,FAILING TO YIELD RIGHT-OF-WAY,UNABLE TO DETERMINE,6155,N,TALMAN AVE,2413,,,,,,,3,NO INDICATION OF INJURY,0,0,0,0,0,3,0,14,6,9,41.99382213,-87.69571014,POINT (-87.695710142589 41.993822132449)
JC450611,,9/27/2019 14:15,30,TRAFFIC SIGNAL,FUNCTIONING PROPERLY,RAIN,DAYLIGHT,REAR END,NOT DIVIDED,,STRAIGHT AND LEVEL,WET,UNKNOWN,NOT ON SCENE (DESK REPORT),NO INJURY / DRIVE AWAY,,,,"$501 - $1,500",9/27/2019 14:28,FOLLOWING TOO CLOSELY,WEATHER,4325,W,OGDEN AVE,1013,,,,,,,2,NO INDICATION OF INJURY,0,0,0,0,0,2,0,14,6,9,41.84835577,-87.73212847,POINT (-87.73212847396 41.848355767545)
JC450617,,9/27/2019 14:10,35,TRAFFIC SIGNAL,FUNCTIONING PROPERLY,RAIN,DAYLIGHT,REAR END,NOT DIVIDED,,STRAIGHT AND LEVEL,WET,UNKNOWN,ON SCENE,NO INJURY / DRIVE AWAY,Y,,,"$501 - $1,500",9/27/2019 14:13,FOLLOWING TOO CLOSELY,WEATHER,9300,S,SOUTH CHICAGO AVE,424,,,,,,,2,NO INDICATION OF INJURY,0,0,0,0,0,2,0,14,6,9,41.72626026,-87.55072459,POINT (-87.550724586828 41.726260258806)
JC450665,,9/27/2019 14:03,30,TRAFFIC SIGNAL,FUNCTIONING PROPERLY,RAIN,DAYLIGHT,ANGLE,FOUR WAY,,STRAIGHT AND LEVEL,WET,NO DEFECTS,ON SCENE,INJURY AND / OR TOW DUE TO CRASH,Y,,,"OVER $1,500",9/27/2019 14:08,UNABLE TO DETERMINE,NOT APPLICABLE,532,N,ORLEANS ST,1831,,,,,,,2,NO INDICATION OF INJURY,0,0,0,0,0,3,0,14,6,9,41.8916599,-87.63718013,POINT (-87.637180125509 41.891659902155)
JC450828,,9/27/2019 14:00,30,STOP SIGN/FLASHER,FUNCTIONING PROPERLY,RAIN,DAYLIGHT,ANGLE,NOT DIVIDED,,STRAIGHT AND LEVEL,WET,UNKNOWN,,INJURY AND / OR TOW DUE TO CRASH,Y,,,"$501 - $1,500",9/27/2019 17:15,FAILING TO YIELD RIGHT-OF-WAY,NOT APPLICABLE,7600,S,BENNETT AVE,414,,,,,,,3,NO INDICATION OF INJURY,0,0,0,0,0,2,0,14,6,9,41.7569385,-87.57869387,POINT (-87.578693866465 41.756938499011)
JC450707,,9/27/2019 14:00,30,NO CONTROLS,NO CONTROLS,RAIN,DAYLIGHT,PARKED MOTOR VEHICLE,NOT DIVIDED,,STRAIGHT AND LEVEL,WET,NO DEFECTS,NOT ON SCENE (DESK REPORT),NO INJURY / DRIVE AWAY,,,Y,"OVER $1,500",9/27/2019 15:30,UNABLE TO DETERMINE,UNABLE TO DETERMINE,1001,W,LAKE ST,1224,,,,,,,2,NO INDICATION OF INJURY,0,0,0,0,0,1,0,14,6,9,41.88547324,-87.65219518,POINT (-87.652195184279 41.885473235473)
JC450666,,9/27/2019 13:50,30,TRAFFIC SIGNAL,OTHER,RAIN,DAYLIGHT,TURNING,NOT DIVIDED,,STRAIGHT AND LEVEL,WET,NO DEFECTS,NOT ON SCENE (DESK REPORT),NO INJURY / DRIVE AWAY,,,,"$501 - $1,500",9/27/2019 15:10,FAILING TO YIELD RIGHT-OF-WAY,FAILING TO YIELD RIGHT-OF-WAY,6801,W,IRVING PARK RD,1632,,,,,,,2,NO INDICATION OF INJURY,0,0,0,0,0,3,0,13,6,9,41.95263272,-87.79633146,POINT (-87.796331457694 41.952632721071)
JC450599,,9/27/2019 13:50,30,NO CONTROLS,NO CONTROLS,RAIN,DAYLIGHT,PARKED MOTOR VEHICLE,NOT DIVIDED,,STRAIGHT AND LEVEL,WET,NO DEFECTS,ON SCENE,INJURY AND / OR TOW DUE TO CRASH,,,,"OVER $1,500",9/27/2019 13:52,UNABLE TO DETERMINE,NOT APPLICABLE,1505,W,MORSE AVE,2431,,,,,,,2,NO INDICATION OF INJURY,0,0,0,0,0,1,0,13,6,9,42.00776014,-87.6681238,POINT (-87.668123803816 42.007760138133)
JC450615,,9/27/2019 13:48,30,STOP SIGN/FLASHER,FUNCTIONING IMPROPERLY,RAIN,DAYLIGHT,REAR END,NOT DIVIDED,,STRAIGHT AND LEVEL,WET,NO DEFECTS,NOT ON SCENE (DESK REPORT),INJURY AND / OR TOW DUE TO CRASH,,,,$500 OR LESS,9/27/2019 14:46,DISREGARDING TRAFFIC SIGNALS,DISREGARDING TRAFFIC SIGNALS,8625,S,HALSTED ST,622,,,,,,,2,NONINCAPACITATING INJURY,2,0,0,2,0,1,0,13,6,9,41.73734955,-87.6435017,POINT (-87.643501696553 41.737349548916)
JC450610,,9/27/2019 13:46,30,STOP SIGN/FLASHER,FUNCTIONING PROPERLY,RAIN,"DARKNESS, LIGHTED ROAD",REAR END,NOT DIVIDED,,STRAIGHT AND LEVEL,WET,NO DEFECTS,NOT ON SCENE (DESK REPORT),NO INJURY / DRIVE AWAY,,,,"OVER $1,500",9/27/2019 14:20,FOLLOWING TOO CLOSELY,WEATHER,2100,S,INDIANA AVE,132,,,,,,,2,NO INDICATION OF INJURY,0,0,0,0,0,2,0,13,6,9,41.85423551,-87.62239968,POINT (-87.622399682349 41.854235513986)
JC450598,,9/27/2019 13:45,30,TRAFFIC SIGNAL,FUNCTIONING PROPERLY,RAIN,DUSK,SIDESWIPE SAME DIRECTION,OTHER,,STRAIGHT AND LEVEL,WET,NO DEFECTS,ON SCENE,NO INJURY / DRIVE AWAY,,,,"OVER $1,500",9/27/2019 13:46,DRIVING SKILLS/KNOWLEDGE/EXPERIENCE,NOT APPLICABLE,1354,W,18TH ST,1233,,,,,,,3,NO INDICATION OF INJURY,0,0,0,0,0,3,0,13,6,9,41.85798989,-87.66107201,POINT (-87.661072010136 41.85798989218)
JC450569,,9/27/2019 13:35,30,TRAFFIC SIGNAL,FUNCTIONING PROPERLY,RAIN,DAYLIGHT,REAR END,NOT DIVIDED,,STRAIGHT AND LEVEL,WET,NO DEFECTS,ON SCENE,INJURY AND / OR TOW DUE TO CRASH,,,,$500 OR LESS,9/27/2019 13:36,UNABLE TO DETERMINE,NOT APPLICABLE,3005,W,59TH ST,824,,,,,,,2,NONINCAPACITATING INJURY,1,0,0,1,0,1,0,13,6,9,41.78621305,-87.69871245,POINT (-87.698712445794 41.78621304811)
JC451604,,9/27/2019 13:31,30,NO CONTROLS,NO CONTROLS,RAIN,DAYLIGHT,SIDESWIPE SAME DIRECTION,ONE-WAY,,STRAIGHT AND LEVEL,WET,NO DEFECTS,NOT ON SCENE (DESK REPORT),NO INJURY / DRIVE AWAY,,,,"OVER $1,500",9/28/2019 10:25,IMPROPER LANE USAGE,UNABLE TO DETERMINE,130,E,SUPERIOR ST,1833,,,,,,,2,NO INDICATION OF INJURY,0,0,0,0,0,3,0,13,6,9,41.89584892,-87.62433368,POINT (-87.62433367787 41.895848923837)
JC450645,,9/27/2019 13:30,30,DELINEATORS,FUNCTIONING PROPERLY,RAIN,DARKNESS,REAR END,ONE-WAY,,STRAIGHT AND LEVEL,WET,NO DEFECTS,NOT ON SCENE (DESK REPORT),NO INJURY / DRIVE AWAY,,,,"$501 - $1,500",9/27/2019 14:40,WEATHER,ROAD ENGINEERING/SURFACE/MARKING DEFECTS,400,S,DESPLAINES ST,121,,,,,,,2,NO INDICATION OF INJURY,0,0,0,0,0,3,0,13,6,9,41.87667388,-87.6441058,POINT (-87.644105801452 41.876673878574)
JC450581,,9/27/2019 13:30,30,NO CONTROLS,NO CONTROLS,RAIN,DAYLIGHT,REAR END,NOT DIVIDED,,STRAIGHT AND LEVEL,WET,NO DEFECTS,NOT ON SCENE (DESK REPORT),NO INJURY / DRIVE AWAY,,,,"OVER $1,500",9/27/2019 13:55,FOLLOWING TOO CLOSELY,UNABLE TO DETERMINE,3549,S,WESTERN BLVD,912,,,,,,,2,NO INDICATION OF INJURY,0,0,0,0,0,2,0,13,6,9,41.82884333,-87.68426757,POINT (-87.6842675688 41.828843328357)
JC450607,,9/27/2019 13:22,40,TRAFFIC SIGNAL,FUNCTIONING PROPERLY,RAIN,DAYLIGHT,REAR END,DIVIDED - W/MEDIAN BARRIER,,"CURVE, LEVEL",WET,UNKNOWN,ON SCENE,NO INJURY / DRIVE AWAY,,,Y,"OVER $1,500",9/27/2019 13:30,"OPERATING VEHICLE IN ERRATIC, RECKLESS, CARELESS, NEGLIGENT OR AGGRESSIVE MANNER",WEATHER,5750,S,LAKE SHORE DR,331,,,,,,,5,NO INDICATION OF INJURY,0,0,0,0,0,7,0,13,6,9,41.79029832,-87.57937904,POINT (-87.579379039473 41.790298322202)
JC450573,,9/27/2019 13:20,15,STOP SIGN/FLASHER,FUNCTIONING PROPERLY,RAIN,DAYLIGHT,ANGLE,FOUR WAY,,STRAIGHT AND LEVEL,WET,NO DEFECTS,ON SCENE,NO INJURY / DRIVE AWAY,,,,$500 OR LESS,9/27/2019 13:28,FAILING TO YIELD RIGHT-OF-WAY,NOT APPLICABLE,4600,W,WASHINGTON BLVD,1113,,,,,,,2,NO INDICATION OF INJURY,0,0,0,0,0,3,0,13,6,9,41.88198444,-87.74016301,POINT (-87.740163011434 41.881984434835)
JC450678,,9/27/2019 13:17,40,TRAFFIC SIGNAL,FUNCTIONING PROPERLY,RAIN,"DARKNESS, LIGHTED ROAD",SIDESWIPE SAME DIRECTION,DIVIDED - W/MEDIAN (NOT RAISED),,STRAIGHT AND LEVEL,WET,NO DEFECTS,NOT ON SCENE (DESK REPORT),NO INJURY / DRIVE AWAY,Y,,,"OVER $1,500",9/27/2019 15:15,IMPROPER LANE USAGE,IMPROPER OVERTAKING/PASSING,301,S,LAKE SHORE DR NB,114,,,,,,,2,NO INDICATION OF INJURY,0,0,0,0,0,2,0,13,6,9,41.87831701,-87.61705213,POINT (-87.617052125371 41.878317010667)
JC450576,,9/27/2019 13:10,30,NO CONTROLS,NO CONTROLS,RAIN,DAYLIGHT,ANGLE,NOT DIVIDED,,STRAIGHT AND LEVEL,WET,NO DEFECTS,NOT ON SCENE (DESK REPORT),NO INJURY / DRIVE AWAY,,,,$500 OR LESS,9/27/2019 13:55,FAILING TO YIELD RIGHT-OF-WAY,UNABLE TO DETERMINE,1339,S,HALSTED ST,1232,,,,,,,2,NO INDICATION OF INJURY,0,0,0,0,0,2,0,13,6,9,41.86427438,-87.64668907,POINT (-87.646689071155 41.864274382133)
JC450561,,9/27/2019 13:10,30,STOP SIGN/FLASHER,FUNCTIONING PROPERLY,RAIN,DAYLIGHT,ANGLE,T-INTERSECTION,,STRAIGHT AND LEVEL,WET,NO DEFECTS,ON SCENE,INJURY AND / OR TOW DUE TO CRASH,Y,,,"OVER $1,500",9/27/2019 13:10,DISREGARDING STOP SIGN,NOT APPLICABLE,1878,W,OGDEN AVE,1225,,Y,,,,,2,NO INDICATION OF INJURY,0,0,0,0,0,2,0,13,6,9,41.87515478,-87.67375588,POINT (-87.673755881513 41.875154779829)
JC450739,,9/27/2019 13:04,30,TRAFFIC SIGNAL,FUNCTIONING PROPERLY,RAIN,DAYLIGHT,REAR END,NOT DIVIDED,,STRAIGHT AND LEVEL,WET,NO DEFECTS,NOT ON SCENE (DESK REPORT),NO INJURY / DRIVE AWAY,,,,"$501 - $1,500",9/27/2019 15:30,WEATHER,FAILING TO REDUCE SPEED TO AVOID CRASH,4800,W,MADISON ST,1533,,,,,,,2,NO INDICATION OF INJURY,0,0,0,0,0,3,0,13,6,9,41.88060622,-87.74540229,POINT (-87.745402285926 41.880606224313)
JC452244,,9/27/2019 13:00,30,STOP SIGN/FLASHER,FUNCTIONING PROPERLY,CLEAR,DAYLIGHT,REAR END,NOT DIVIDED,,STRAIGHT AND LEVEL,DRY,NO DEFECTS,NOT ON SCENE (DESK REPORT),NO INJURY / DRIVE AWAY,,,,"OVER $1,500",9/28/2019 18:30,UNABLE TO DETERMINE,UNABLE TO DETERMINE,2602,N,SHEFFIELD AVE,1935,,,,,,,2,NO INDICATION OF INJURY,0,0,0,0,0,2,0,13,6,9,41.92909568,-87.65388448,POINT (-87.653884477094 41.929095674763)
JC451611,,9/27/2019 13:00,30,STOP SIGN/FLASHER,FUNCTIONING PROPERLY,RAIN,DAYLIGHT,REAR END,DIVIDED - W/MEDIAN BARRIER,,STRAIGHT AND LEVEL,WET,NO DEFECTS,NOT ON SCENE (DESK REPORT),NO INJURY / DRIVE AWAY,,,,"OVER $1,500",9/28/2019 10:35,FOLLOWING TOO CLOSELY,UNABLE TO DETERMINE,820,S,DAMEN AVE,1225,,,,,,,2,NO INDICATION OF INJURY,0,0,0,0,0,2,0,13,6,9,41.8708895,-87.67651265,POINT (-87.676512650226 41.870889496052)
JC450594,,9/27/2019 13:00,30,NO CONTROLS,NO CONTROLS,RAIN,DAYLIGHT,SIDESWIPE OPPOSITE DIRECTION,NOT DIVIDED,,STRAIGHT AND LEVEL,WET,NO DEFECTS,ON SCENE,NO INJURY / DRIVE AWAY,,,,$500 OR LESS,9/27/2019 13:49,DRIVING SKILLS/KNOWLEDGE/EXPERIENCE,NOT APPLICABLE,1525,W,BELMONT AVE,1933,,,,,,,3,NO INDICATION OF INJURY,0,0,0,0,0,4,0,13,6,9,41.93960432,-87.66732835,POINT (-87.667328349038 41.939604323751)
JC450530,,9/27/2019 13:00,30,NO CONTROLS,NO CONTROLS,RAIN,DAYLIGHT,REAR END,NOT DIVIDED,,STRAIGHT AND LEVEL,WET,UNKNOWN,NOT ON SCENE (DESK REPORT),NO INJURY / DRIVE AWAY,,,,"$501 - $1,500",9/27/2019 13:15,WEATHER,FOLLOWING TOO CLOSELY,3455,S,KEDZIE AVE,911,,,,,,,2,NO INDICATION OF INJURY,0,0,0,0,0,4,0,13,6,9,41.83046792,-87.70448411,POINT (-87.704484111923 41.8304679243)
JC450542,,9/27/2019 12:55,30,NO CONTROLS,NO CONTROLS,RAIN,DAYLIGHT,SIDESWIPE SAME DIRECTION,DIVIDED - W/MEDIAN (NOT RAISED),,STRAIGHT AND LEVEL,WET,NO DEFECTS,ON SCENE,NO INJURY / DRIVE AWAY,,,Y,"$501 - $1,500",9/27/2019 12:59,IMPROPER LANE USAGE,NOT APPLICABLE,1332,N,LA SALLE DR,1821,,,,,,,2,NO INDICATION OF INJURY,0,0,0,0,0,3,0,12,6,9,41.90672681,-87.6331632,POINT (-87.63316320106 41.906726808662)
JC450525,,9/27/2019 12:55,30,TRAFFIC SIGNAL,FUNCTIONING PROPERLY,RAIN,DAYLIGHT,ANGLE,DIVIDED - W/MEDIAN (NOT RAISED),,STRAIGHT AND LEVEL,WET,NO DEFECTS,NOT ON SCENE (DESK REPORT),INJURY AND / OR TOW DUE TO CRASH,Y,,,"OVER $1,500",9/27/2019 12:55,IMPROPER OVERTAKING/PASSING,NOT APPLICABLE,2400,W,PERSHING RD,911,,,,,,,2,NO INDICATION OF INJURY,0,0,0,0,0,2,0,12,6,9,41.82309676,-87.68501895,POINT (-87.685018950616 41.823096760166)
JC450537,,9/27/2019 12:51,30,NO CONTROLS,NO CONTROLS,RAIN,DAYLIGHT,SIDESWIPE SAME DIRECTION,NOT DIVIDED,,STRAIGHT AND LEVEL,WET,NO DEFECTS,ON SCENE,NO INJURY / DRIVE AWAY,,,,"OVER $1,500",9/27/2019 12:57,FAILING TO YIELD RIGHT-OF-WAY,NOT APPLICABLE,1546,N,CLYBOURN AVE,1822,,,,,,,2,NO INDICATION OF INJURY,0,0,0,0,0,2,0,12,6,9,41.90947229,-87.64772276,POINT (-87.647722757816 41.909472292852)
JC458203,,9/27/2019 12:45,30,NO CONTROLS,NO CONTROLS,UNKNOWN,DAYLIGHT,ANGLE,UNKNOWN INTERSECTION TYPE,,STRAIGHT AND LEVEL,UNKNOWN,NO DEFECTS,NOT ON SCENE (DESK REPORT),NO INJURY / DRIVE AWAY,Y,,Y,"OVER $1,500",10/3/2019 9:43,UNABLE TO DETERMINE,UNABLE TO DETERMINE,1131,S,CENTRAL AVE,1522,,,,,,,2,NO INDICATION OF INJURY,0,0,0,0,0,2,0,12,6,9,41.86644174,-87.76412317,POINT (-87.764123165337 41.866441743975)
JC450510,,9/27/2019 12:37,20,NO CONTROLS,NO CONTROLS,RAIN,DAYLIGHT,TURNING,NOT DIVIDED,,STRAIGHT AND LEVEL,WET,NO DEFECTS,NOT ON SCENE (DESK REPORT),NO INJURY / DRIVE AWAY,,,,"OVER $1,500",9/27/2019 12:40,FAILING TO YIELD RIGHT-OF-WAY,NOT APPLICABLE,954,W,IRVING PARK RD,1915,,,,,,,2,NO INDICATION OF INJURY,0,0,0,0,0,2,0,12,6,9,41.9546022,-87.65427636,POINT (-87.654276362042 41.954602202756)
JC450509,Y,9/27/2019 12:35,30,TRAFFIC SIGNAL,FUNCTIONING PROPERLY,RAIN,DAYLIGHT,REAR END,DIVIDED - W/MEDIAN BARRIER,,STRAIGHT AND LEVEL,WET,NO DEFECTS,ON SCENE,NO INJURY / DRIVE AWAY,,,,"OVER $1,500",9/27/2019 12:40,FAILING TO REDUCE SPEED TO AVOID CRASH,UNABLE TO DETERMINE,4829,W,DEVON AVE,1621,,,,,,,2,NO INDICATION OF INJURY,0,0,0,0,0,2,0,12,6,9,41.9971816,-87.74956314,POINT (-87.749563140281 41.997181595126)
JC450590,,9/27/2019 12:30,30,NO CONTROLS,NO CONTROLS,RAIN,DAYLIGHT,SIDESWIPE SAME DIRECTION,NOT DIVIDED,,STRAIGHT AND LEVEL,WET,NO DEFECTS,NOT ON SCENE (DESK REPORT),NO INJURY / DRIVE AWAY,,,,"$501 - $1,500",9/27/2019 14:00,UNABLE TO DETERMINE,UNABLE TO DETERMINE,2240,S,MICHIGAN AVE,131,,,,,,,2,NO INDICATION OF INJURY,0,0,0,0,0,2,0,12,6,9,41.85168837,-87.62391987,POINT (-87.623919867592 41.851688372456)
JC450523,,9/27/2019 12:30,30,TRAFFIC SIGNAL,FUNCTIONING PROPERLY,RAIN,DAYLIGHT,REAR END,Y-INTERSECTION,,STRAIGHT AND LEVEL,WET,NO DEFECTS,NOT ON SCENE (DESK REPORT),INJURY AND / OR TOW DUE TO CRASH,Y,,,"OVER $1,500",9/27/2019 13:00,UNABLE TO DETERMINE,UNABLE TO DETERMINE,930,W,CERMAK RD,1235,,,,,,,2,NONINCAPACITATING INJURY,1,0,0,1,0,1,0,12,6,9,41.85270254,-87.64938633,POINT (-87.649386328629 41.852702544036)
JC450477,,9/27/2019 12:25,30,NO CONTROLS,NO CONTROLS,RAIN,DAYLIGHT,TURNING,DIVIDED - W/MEDIAN (NOT RAISED),,STRAIGHT AND LEVEL,WET,NO DEFECTS,ON SCENE,NO INJURY / DRIVE AWAY,,,,"OVER $1,500",9/27/2019 12:28,UNABLE TO DETERMINE,UNABLE TO DETERMINE,3342,W,FOSTER AVE,1712,,,,,,,2,NO INDICATION OF INJURY,0,0,0,0,0,2,0,12,6,9,41.97581086,-87.71286935,POINT (-87.712869353818 41.975810855178)
JC450515,,9/27/2019 12:20,30,NO CONTROLS,NO CONTROLS,RAIN,DAYLIGHT,REAR END,NOT DIVIDED,,STRAIGHT AND LEVEL,WET,NO DEFECTS,NOT ON SCENE (DESK REPORT),NO INJURY / DRIVE AWAY,,,,"$501 - $1,500",9/27/2019 12:29,UNABLE TO DETERMINE,UNABLE TO DETERMINE,7698,S,COTTAGE GROVE AVE,624,,,,,,,2,NO INDICATION OF INJURY,0,0,0,0,0,2,0,12,6,9,41.75502063,-87.60544732,POINT (-87.605447316559 41.755020630389)
JC450502,,9/27/2019 12:16,30,NO CONTROLS,NO CONTROLS,RAIN,DAYLIGHT,TURNING,NOT DIVIDED,,STRAIGHT AND LEVEL,WET,NO DEFECTS,ON SCENE,NO INJURY / DRIVE AWAY,,,,"OVER $1,500",9/27/2019 12:18,FAILING TO YIELD RIGHT-OF-WAY,FAILING TO YIELD RIGHT-OF-WAY,918,N,KOSTNER AVE,1111,,,,,,,2,NO INDICATION OF INJURY,0,0,0,0,0,3,0,12,6,9,41.89768516,-87.73616062,POINT (-87.736160619027 41.897685156511)
JC450584,,9/27/2019 12:15,30,NO CONTROLS,NO CONTROLS,UNKNOWN,UNKNOWN,TURNING,NOT DIVIDED,,STRAIGHT AND LEVEL,UNKNOWN,UNKNOWN,NOT ON SCENE (DESK REPORT),NO INJURY / DRIVE AWAY,,,,"OVER $1,500",9/27/2019 13:51,FAILING TO YIELD RIGHT-OF-WAY,NOT APPLICABLE,3932,W,AUGUSTA BLVD,1112,,,,,,,2,NO INDICATION OF INJURY,0,0,0,0,0,2,0,12,6,9,41.8991446,-87.72490997,POINT (-87.724909967289 41.899144596938)
JC450501,,9/27/2019 12:10,30,NO CONTROLS,NO CONTROLS,RAIN,DAYLIGHT,REAR END,NOT DIVIDED,,STRAIGHT AND LEVEL,WET,NO DEFECTS,NOT ON SCENE (DESK REPORT),NO INJURY / DRIVE AWAY,,,,$500 OR LESS,9/27/2019 12:56,FOLLOWING TOO CLOSELY,UNABLE TO DETERMINE,150,W,ROOSEVELT RD,123,,,,,,,3,NO INDICATION OF INJURY,0,0,0,0,0,3,0,12,6,9,41.86745273,-87.63233424,POINT (-87.632334236597 41.867452730876)
JC450497,,9/27/2019 12:10,30,TRAFFIC SIGNAL,FUNCTIONING PROPERLY,RAIN,DAYLIGHT,ANGLE,DIVIDED - W/MEDIAN (NOT RAISED),,STRAIGHT AND LEVEL,WET,NO DEFECTS,ON SCENE,INJURY AND / OR TOW DUE TO CRASH,,,Y,"OVER $1,500",9/27/2019 12:34,FAILING TO YIELD RIGHT-OF-WAY,UNABLE TO DETERMINE,8631,S,PULASKI RD,834,,,,,,,2,NONINCAPACITATING INJURY,2,0,0,2,0,2,0,12,6,9,41.73565924,-87.72131669,POINT (-87.721316691207 41.735659238398)