RD_NO,CRASH_DATE_EST_I,CRASH_DATE,POSTED_SPEED_LIMIT,TRAFFIC_CONTROL_DEVICE,DEVICE_CONDITION,WEATHER_CONDITION,LIGHTING_CONDITION,FIRST_CRASH_TYPE,TRAFFICWAY_TYPE,LANE_CNT,ALIGNMENT,ROADWAY_SURFACE_COND,ROAD_DEFECT,REPORT_TYPE,CRASH_TYPE,INTERSECTION_RELATED_I,NOT_RIGHT_OF_WAY_I,HIT_AND_RUN_I,DAMAGE,DATE_POLICE_NOTIFIED,PRIM_CONTRIBUTORY_CAUSE,SEC_CONTRIBUTORY_CAUSE,STREET_NO,STREET_DIRECTION,STREET_NAME,BEAT_OF_OCCURRENCE,PHOTOS_TAKEN_I,STATEMENTS_TAKEN_I,DOORING_I,WORK_ZONE_I,WORK_ZONE_TYPE,WORKERS_PRESENT_I,NUM_UNITS,MOST_SEVERE_INJURY,INJURIES_TOTAL,INJURIES_FATAL,INJURIES_INCAPACITATING,INJURIES_NON_INCAPACITATING,INJURIES_REPORTED_NOT_EVIDENT,INJURIES_NO_INDICATION,INJURIES_UNKNOWN,CRASH_HOUR,CRASH_DAY_OF_WEEK,CRASH_MONTH,LATITUDE,LONGITUDE,LOCATION
JC450481,,9/27/2019 12:10,30,FLASHING CONTROL SIGNAL,FUNCTIONING PROPERLY,RAIN,DAYLIGHT,SIDESWIPE SAME DIRECTION,ONE-WAY,,STRAIGHT AND LEVEL,WET,NO DEFECTS,ON SCENE,NO INJURY / DRIVE AWAY,,,,"OVER $1,500",9/27/2019 12:11,FAILING TO YIELD RIGHT-OF-WAY,IMPROPER OVERTAKING/PASSING,219,S,DEARBORN ST,113,,Y,,Y,CONSTRUCTION,,2,NO INDICATION OF INJURY,0,0,0,0,0,2,0,12,6,9,41.87896684,-87.62919336,POINT (-87.629193356099 41.878966836146)
JC450498,,9/27/2019 12:06,30,UNKNOWN,UNKNOWN,RAIN,DAYLIGHT,FIXED OBJECT,NOT DIVIDED,,STRAIGHT AND LEVEL,WET,UNKNOWN,ON SCENE,NO INJURY / DRIVE AWAY,,,,"$501 - $1,500",9/27/2019 12:17,UNABLE TO DETERMINE,UNABLE TO DETERMINE,2017,S,ARCHER AVE,131,,,,,,,2,NO INDICATION OF INJURY,0,0,0,0,0,2,0,12,6,9,41.8550172,-87.63010549,POINT (-87.630105492343 41.855017200074)
JC450586,,9/27/2019 12:05,30,NO CONTROLS,NO CONTROLS,RAIN,DAYLIGHT,REAR END,NOT DIVIDED,,STRAIGHT AND LEVEL,WET,NO DEFECTS,ON SCENE,INJURY AND / OR TOW DUE TO CRASH,,Y,,"OVER $1,500",9/27/2019 12:10,UNABLE TO DETERMINE,UNABLE TO DETERMINE,7046,W,DEVON AVE,1611,,,,,,,2,NO INDICATION OF INJURY,0,0,0,0,0,2,0,12,6,9,41.997857,-87.80469699,POINT (-87.804696989483 41.997856998437)
JC450476,N,9/27/2019 11:59,30,NO CONTROLS,NO CONTROLS,RAIN,DAYLIGHT,ANGLE,DIVIDED - W/MEDIAN BARRIER,,STRAIGHT AND LEVEL,WET,UNKNOWN,ON SCENE,NO INJURY / DRIVE AWAY,Y,,Y,"OVER $1,500",9/27/2019 11:59,FAILING TO YIELD RIGHT-OF-WAY,IMPROPER TURNING/NO SIGNAL,11550,S,HALSTED ST,524,,,,,,,2,NO INDICATION OF INJURY,0,0,0,0,0,2,0,11,6,9,41.68355538,-87.64224895,POINT (-87.642248950252 41.683555380606)
JC450455,,9/27/2019 11:59,15,NO CONTROLS,NO CONTROLS,RAIN,DAYLIGHT,PEDESTRIAN,PARKING LOT,,STRAIGHT AND LEVEL,WET,NO DEFECTS,NOT ON SCENE (DESK REPORT),NO INJURY / DRIVE AWAY,,,,$500 OR LESS,9/27/2019 11:59,UNABLE TO DETERMINE,FAILING TO YIELD RIGHT-OF-WAY,200,W,87TH ST,622,,,,,,,2,NO INDICATION OF INJURY,0,0,0,0,0,2,0,11,6,9,41.7362617,-87.62906472,POINT (-87.629064716425 41.736261699376)
JC450468,,9/27/2019 11:55,30,STOP SIGN/FLASHER,FUNCTIONING PROPERLY,RAIN,"DARKNESS, LIGHTED ROAD",PEDESTRIAN,ONE-WAY,,STRAIGHT AND LEVEL,WET,UNKNOWN,ON SCENE,INJURY AND / OR TOW DUE TO CRASH,Y,,,$500 OR LESS,9/27/2019 11:58,UNABLE TO DETERMINE,WEATHER,2930,W,DEVON AVE,2412,,,,,,,2,"REPORTED, NOT EVIDENT",1,0,0,0,1,1,0,11,6,9,41.99760774,-87.70323604,POINT (-87.703236036349 41.997607743613)
JC450462,,9/27/2019 11:40,30,NO CONTROLS,NO CONTROLS,RAIN,DAYLIGHT,REAR TO FRONT,PARKING LOT,,STRAIGHT AND LEVEL,WET,NO DEFECTS,NOT ON SCENE (DESK REPORT),NO INJURY / DRIVE AWAY,,Y,,"$501 - $1,500",9/27/2019 12:10,IMPROPER BACKING,UNABLE TO DETERMINE,1900,W,JACKSON BLVD,1225,,,,,,,2,NO INDICATION OF INJURY,0,0,0,0,0,2,0,11,6,9,41.87761166,-87.67422787,POINT (-87.674227867806 41.877611658237)
JC450519,,9/27/2019 11:30,30,TRAFFIC SIGNAL,FUNCTIONING PROPERLY,RAIN,"DARKNESS, LIGHTED ROAD",REAR END,NOT DIVIDED,,STRAIGHT AND LEVEL,WET,NO DEFECTS,NOT ON SCENE (DESK REPORT),NO INJURY / DRIVE AWAY,,,,"OVER $1,500",9/27/2019 13:00,WEATHER,FOLLOWING TOO CLOSELY,500,W,CHICAGO AVE,1823,,,,,,,2,NO INDICATION OF INJURY,0,0,0,0,0,2,0,11,6,9,41.89659928,-87.64180678,POINT (-87.641806779671 41.896599284407)
JC450441,N,9/27/2019 11:25,30,NO CONTROLS,NO CONTROLS,RAIN,DAYLIGHT,REAR END,FOUR WAY,,STRAIGHT AND LEVEL,WET,NO DEFECTS,ON SCENE,INJURY AND / OR TOW DUE TO CRASH,,,,"OVER $1,500",9/27/2019 11:33,FAILING TO REDUCE SPEED TO AVOID CRASH,FOLLOWING TOO CLOSELY,1637,N,ASHLAND AVE,1433,,,,,,,3,NONINCAPACITATING INJURY,1,0,0,1,0,3,0,11,6,9,41.9117402,-87.66757502,POINT (-87.667575024302 41.911740201765)
JC450448,,9/27/2019 11:15,30,NO CONTROLS,NO CONTROLS,RAIN,DAYLIGHT,SIDESWIPE SAME DIRECTION,NOT DIVIDED,,STRAIGHT AND LEVEL,WET,NO DEFECTS,NOT ON SCENE (DESK REPORT),NO INJURY / DRIVE AWAY,,,,"$501 - $1,500",9/27/2019 12:00,NOT APPLICABLE,NOT APPLICABLE,8650,S,PULASKI RD,834,,,,,,,2,NO INDICATION OF INJURY,0,0,0,0,0,2,0,11,6,9,41.73513742,-87.72159387,POINT (-87.7215938722 41.735137420588)
JC450394,,9/27/2019 11:15,30,NO CONTROLS,NO CONTROLS,RAIN,DAYLIGHT,ANGLE,NOT DIVIDED,,STRAIGHT AND LEVEL,WET,NO DEFECTS,ON SCENE,NO INJURY / DRIVE AWAY,,,,"OVER $1,500",9/27/2019 11:15,FAILING TO YIELD RIGHT-OF-WAY,IMPROPER TURNING/NO SIGNAL,757,N,CICERO AVE,1111,,,,,,,2,NO INDICATION OF INJURY,0,0,0,0,0,5,0,11,6,9,41.89489328,-87.74565691,POINT (-87.745656913117 41.894893277969)
JC450460,,9/27/2019 11:03,30,NO CONTROLS,NO CONTROLS,RAIN,DAYLIGHT,ANGLE,DIVIDED - W/MEDIAN (NOT RAISED),,STRAIGHT AND LEVEL,WET,NO DEFECTS,NOT ON SCENE (DESK REPORT),NO INJURY / DRIVE AWAY,Y,,,"OVER $1,500",9/27/2019 12:15,FAILING TO YIELD RIGHT-OF-WAY,NOT APPLICABLE,929,S,LAFLIN ST,1231,,,,,,,2,NO INDICATION OF INJURY,0,0,0,0,0,2,0,11,6,9,41.86964473,-87.66393796,POINT (-87.663937956384 41.869644725955)
JC450392,,9/27/2019 11:00,30,TRAFFIC SIGNAL,FUNCTIONING PROPERLY,CLEAR,DAYLIGHT,REAR END,DIVIDED - W/MEDIAN (NOT RAISED),,STRAIGHT AND LEVEL,DRY,NO DEFECTS,ON SCENE,NO INJURY / DRIVE AWAY,,,,"$501 - $1,500",9/27/2019 11:05,FOLLOWING TOO CLOSELY,NOT APPLICABLE,8700,S,ASHLAND AVE,2221,,,,,,,2,NO INDICATION OF INJURY,0,0,0,0,0,2,0,11,6,9,41.73569699,-87.66320954,POINT (-87.663209544457 41.735696988636)
JC450409,Y,9/27/2019 10:55,25,NO CONTROLS,NO CONTROLS,RAIN,DAWN,HEAD ON,DIVIDED - W/MEDIAN (NOT RAISED),,STRAIGHT AND LEVEL,WET,NO DEFECTS,ON SCENE,NO INJURY / DRIVE AWAY,,,,"$501 - $1,500",9/27/2019 11:20,NOT APPLICABLE,NOT APPLICABLE,10200,W,ZEMKE RD,1654,,,,,,,2,NO INDICATION OF INJURY,0,0,0,0,0,2,0,10,6,9,41.99510431,-87.88088175,POINT (-87.880881751957 41.995104306392)
JC450399,,9/27/2019 10:53,30,NO CONTROLS,NO CONTROLS,RAIN,DAYLIGHT,SIDESWIPE SAME DIRECTION,ONE-WAY,,STRAIGHT AND LEVEL,WET,NO DEFECTS,ON SCENE,NO INJURY / DRIVE AWAY,,,,"OVER $1,500",9/27/2019 10:54,FAILING TO YIELD RIGHT-OF-WAY,WEATHER,3,W,TERMINAL ST,1653,,,,,,,2,NO INDICATION OF INJURY,0,0,0,0,0,2,0,10,6,9,,,
JC450387,,9/27/2019 10:45,30,NO CONTROLS,NO CONTROLS,CLEAR,DAYLIGHT,REAR END,NOT DIVIDED,,STRAIGHT AND LEVEL,DRY,NO DEFECTS,ON SCENE,INJURY AND / OR TOW DUE TO CRASH,,,,"OVER $1,500",9/27/2019 11:00,FOLLOWING TOO CLOSELY,FAILING TO YIELD RIGHT-OF-WAY,130,E,OAK ST,1824,,,,,,,2,NO INDICATION OF INJURY,0,0,0,0,0,2,0,10,6,9,41.90092088,-87.62437226,POINT (-87.62437225719 41.900920875736)
JC450397,,9/27/2019 10:43,30,NO CONTROLS,NO CONTROLS,CLEAR,DAYLIGHT,PARKED MOTOR VEHICLE,NOT DIVIDED,,STRAIGHT AND LEVEL,DRY,NO DEFECTS,ON SCENE,INJURY AND / OR TOW DUE TO CRASH,,,,"$501 - $1,500",9/27/2019 10:51,DRIVING SKILLS/KNOWLEDGE/EXPERIENCE,UNABLE TO DETERMINE,2020,N,HALSTED ST,1812,,,,,,,2,NO INDICATION OF INJURY,0,0,0,0,0,2,0,10,6,9,41.91883059,-87.64868109,POINT (-87.648681086521 41.918830588621)
JC450376,,9/27/2019 10:41,30,NO CONTROLS,NO CONTROLS,RAIN,DAYLIGHT,PARKED MOTOR VEHICLE,NOT DIVIDED,,STRAIGHT AND LEVEL,WET,NO DEFECTS,ON SCENE,INJURY AND / OR TOW DUE TO CRASH,,,Y,"OVER $1,500",9/27/2019 10:42,UNABLE TO DETERMINE,UNABLE TO DETERMINE,7540,W,BELMONT AVE,1631,,,,,,,2,NO INDICATION OF INJURY,0,0,0,0,0,1,0,10,6,9,41.93806391,-87.81569792,POINT (-87.815697919229 41.938063908887)
JC450379,,9/27/2019 10:40,30,STOP SIGN/FLASHER,NO CONTROLS,CLEAR,DAYLIGHT,SIDESWIPE SAME DIRECTION,NOT DIVIDED,,STRAIGHT AND LEVEL,DRY,NO DEFECTS,ON SCENE,NO INJURY / DRIVE AWAY,,,,"$501 - $1,500",9/27/2019 11:01,UNABLE TO DETERMINE,NOT APPLICABLE,482,W,DEMING PL,1935,,,,,,,2,NO INDICATION OF INJURY,0,0,0,0,0,2,0,10,6,9,41.92894495,-87.64189175,POINT (-87.64189175198 41.928944954094)
JC450439,,9/27/2019 10:30,5,NO CONTROLS,NO CONTROLS,CLOUDY/OVERCAST,DAYLIGHT,PARKED MOTOR VEHICLE,PARKING LOT,,STRAIGHT AND LEVEL,DRY,UNKNOWN,NOT ON SCENE (DESK REPORT),NO INJURY / DRIVE AWAY,,Y,,"OVER $1,500",9/27/2019 12:04,UNABLE TO DETERMINE,NOT APPLICABLE,2700,S,CALIFORNIA AVE,1033,,,,,,,2,NO INDICATION OF INJURY,0,0,0,0,0,1,0,10,6,9,41.84250629,-87.69529706,POINT (-87.695297058659 41.842506291778)
JC450358,,9/27/2019 10:30,30,NO CONTROLS,NO CONTROLS,CLOUDY/OVERCAST,DAYLIGHT,REAR END,NOT DIVIDED,,STRAIGHT AND LEVEL,DRY,NO DEFECTS,ON SCENE,NO INJURY / DRIVE AWAY,,,,"OVER $1,500",9/27/2019 10:56,FOLLOWING TOO CLOSELY,DISTRACTION - FROM INSIDE VEHICLE,11500,S,CHAMPLAIN AVE,532,,,,,,,2,NO INDICATION OF INJURY,0,0,0,0,0,5,0,10,6,9,41.68545335,-87.60720243,POINT (-87.607202430264 41.685453352497)
JC450356,,9/27/2019 10:17,30,NO CONTROLS,NO CONTROLS,CLEAR,DAYLIGHT,REAR END,NOT DIVIDED,,STRAIGHT AND LEVEL,DRY,NO DEFECTS,ON SCENE,NO INJURY / DRIVE AWAY,,,,"$501 - $1,500",9/27/2019 10:17,IMPROPER BACKING,DRIVING SKILLS/KNOWLEDGE/EXPERIENCE,4533,N,SHERIDAN RD,1914,,,,,,,2,NO INDICATION OF INJURY,0,0,0,0,0,2,0,10,6,9,41.96466204,-87.65463336,POINT (-87.654633358842 41.964662040054)
JC457116,,9/27/2019 10:00,15,NO CONTROLS,NO CONTROLS,CLEAR,DAYLIGHT,ANGLE,ALLEY,,STRAIGHT AND LEVEL,DRY,NO DEFECTS,NOT ON SCENE (DESK REPORT),NO INJURY / DRIVE AWAY,,,,"OVER $1,500",10/2/2019 13:00,FAILING TO YIELD RIGHT-OF-WAY,NOT APPLICABLE,4245,W,NELSON ST,2523,,,,,,,2,NO INDICATION OF INJURY,0,0,0,0,0,2,0,10,6,9,41.93616107,-87.73520848,POINT (-87.735208478108 41.936161065435)
JC450393,,9/27/2019 9:55,30,TRAFFIC SIGNAL,FUNCTIONING PROPERLY,CLEAR,DAYLIGHT,SIDESWIPE SAME DIRECTION,DIVIDED - W/MEDIAN (NOT RAISED),,STRAIGHT AND LEVEL,DRY,NO DEFECTS,,NO INJURY / DRIVE AWAY,,,,"OVER $1,500",9/27/2019 11:20,FAILING TO YIELD RIGHT-OF-WAY,FAILING TO REDUCE SPEED TO AVOID CRASH,5841,N,CUMBERLAND AVE,1614,,,,,,,2,NO INDICATION OF INJURY,0,0,0,0,0,2,0,9,6,9,41.98581262,-87.83643382,POINT (-87.836433816803 41.985812618627)
JC450475,,9/27/2019 9:45,10,NO CONTROLS,NO CONTROLS,CLEAR,DAYLIGHT,PARKED MOTOR VEHICLE,PARKING LOT,,STRAIGHT AND LEVEL,DRY,NO DEFECTS,NOT ON SCENE (DESK REPORT),NO INJURY / DRIVE AWAY,,Y,,"$501 - $1,500",9/27/2019 12:35,IMPROPER OVERTAKING/PASSING,NOT APPLICABLE,1834,W,FULLERTON AVE,1931,,,,,,,2,NO INDICATION OF INJURY,0,0,0,0,0,2,0,9,6,9,41.92517921,-87.67439355,POINT (-87.674393551288 41.925179209238)
JC450298,,9/27/2019 9:40,30,NO CONTROLS,NO CONTROLS,CLEAR,DAYLIGHT,FIXED OBJECT,ONE-WAY,,STRAIGHT AND LEVEL,DRY,NO DEFECTS,ON SCENE,INJURY AND / OR TOW DUE TO CRASH,,,,"OVER $1,500",9/27/2019 9:54,DISREGARDING ROAD MARKINGS,DISREGARDING ROAD MARKINGS,450,W,GARFIELD BLVD,935,,,,,,,1,NO INDICATION OF INJURY,0,0,0,0,0,1,0,9,6,9,41.79455102,-87.63746986,POINT (-87.637469857801 41.794551022303)
JC452281,,9/27/2019 9:38,30,TRAFFIC SIGNAL,NOT FUNCTIONING,UNKNOWN,UNKNOWN,REAR END,NOT DIVIDED,,STRAIGHT AND LEVEL,UNKNOWN,UNKNOWN,NOT ON SCENE (DESK REPORT),NO INJURY / DRIVE AWAY,,,,"OVER $1,500",9/28/2019 19:15,FAILING TO REDUCE SPEED TO AVOID CRASH,NOT APPLICABLE,250,S,WACKER DR,122,,,,,,,2,NO INDICATION OF INJURY,0,0,0,0,0,2,0,9,6,9,41.87813818,-87.637065,POINT (-87.637064995202 41.878138181156)
JC450297,,9/27/2019 9:38,30,STOP SIGN/FLASHER,NO CONTROLS,CLOUDY/OVERCAST,DAYLIGHT,REAR END,DIVIDED - W/MEDIAN (NOT RAISED),,STRAIGHT AND LEVEL,DRY,NO DEFECTS,NOT ON SCENE (DESK REPORT),NO INJURY / DRIVE AWAY,,,,"OVER $1,500",9/27/2019 10:05,DISTRACTION - FROM INSIDE VEHICLE,FOLLOWING TOO CLOSELY,1101,W,LAWRENCE AVE,1914,,,,,,,2,NO INDICATION OF INJURY,0,0,0,0,0,2,0,9,6,9,41.96894191,-87.65766136,POINT (-87.657661362037 41.968941909253)
JC450419,,9/27/2019 9:30,30,TRAFFIC SIGNAL,FUNCTIONING PROPERLY,CLEAR,DAYLIGHT,TURNING,NOT DIVIDED,,STRAIGHT AND LEVEL,DRY,NO DEFECTS,NOT ON SCENE (DESK REPORT),NO INJURY / DRIVE AWAY,,,,"OVER $1,500",9/27/2019 11:40,FOLLOWING TOO CLOSELY,NOT APPLICABLE,4802,N,LINDER AVE,1623,,,,,,,2,NO INDICATION OF INJURY,0,0,0,0,0,2,0,9,6,9,41.96794824,-87.76517737,POINT (-87.765177372961 41.967948237486)
JC450380,Y,9/27/2019 9:30,20,NO CONTROLS,NO CONTROLS,CLOUDY/OVERCAST,DAYLIGHT,PARKED MOTOR VEHICLE,NOT DIVIDED,,STRAIGHT AND LEVEL,DRY,NO DEFECTS,NOT ON SCENE (DESK REPORT),NO INJURY / DRIVE AWAY,,,,"OVER $1,500",9/27/2019 11:10,UNABLE TO DETERMINE,UNABLE TO DETERMINE,333,W,HUBBARD ST,1831,,,,,,,2,NO INDICATION OF INJURY,0,0,0,0,0,1,0,9,6,9,41.88983451,-87.63696862,POINT (-87.636968614846 41.889834511717)
JC450268,,9/27/2019 9:20,30,TRAFFIC SIGNAL,FUNCTIONING PROPERLY,CLEAR,DAYLIGHT,FIXED OBJECT,NOT DIVIDED,,STRAIGHT AND LEVEL,DRY,NO DEFECTS,ON SCENE,NO INJURY / DRIVE AWAY,Y,,,"OVER $1,500",9/27/2019 9:30,UNABLE TO DETERMINE,UNABLE TO DETERMINE,1400,W,CERMAK RD,1235,,,,,,,1,NO INDICATION OF INJURY,0,0,0,0,0,1,0,9,6,9,41.85252617,-87.66129007,POINT (-87.661290064695 41.852526165608)
JC450273,,9/27/2019 9:15,15,NO CONTROLS,NO CONTROLS,CLEAR,DAYLIGHT,SIDESWIPE SAME DIRECTION,ONE-WAY,,STRAIGHT AND LEVEL,DRY,NO DEFECTS,ON SCENE,NO INJURY / DRIVE AWAY,,,,$500 OR LESS,9/27/2019 9:15,UNABLE TO DETERMINE,NOT APPLICABLE,731,W,87TH SD,2223,,,,,,,2,NO INDICATION OF INJURY,0,0,0,0,0,3,0,9,6,9,,,
JC450262,,9/27/2019 9:15,30,NO CONTROLS,NO CONTROLS,CLEAR,DAYLIGHT,REAR TO SIDE,DIVIDED - W/MEDIAN (NOT RAISED),,STRAIGHT AND LEVEL,DRY,NO DEFECTS,NOT ON SCENE (DESK REPORT),NO INJURY / DRIVE AWAY,,,,"OVER $1,500",9/27/2019 9:30,IMPROPER BACKING,NOT APPLICABLE,2534,S,PULASKI RD,1013,,,,,,,2,NO INDICATION OF INJURY,0,0,0,0,0,4,0,9,6,9,41.8451198,-87.72473263,POINT (-87.724732625434 41.845119800536)
JC450230,,9/27/2019 9:14,30,TRAFFIC SIGNAL,FUNCTIONING PROPERLY,CLEAR,"DARKNESS, LIGHTED ROAD",FIXED OBJECT,ONE-WAY,,STRAIGHT AND LEVEL,DRY,NO DEFECTS,ON SCENE,INJURY AND / OR TOW DUE TO CRASH,Y,,,"$501 - $1,500",9/27/2019 9:15,IMPROPER LANE USAGE,NOT APPLICABLE,499,W,WASHINGTON ST,121,,,,,,,1,NONINCAPACITATING INJURY,1,0,0,1,0,1,0,9,6,9,41.88307125,-87.63968665,POINT (-87.639686651357 41.883071247795)
JC450253,,9/27/2019 9:12,30,NO CONTROLS,NO CONTROLS,CLOUDY/OVERCAST,DAYLIGHT,PEDALCYCLIST,FOUR WAY,,STRAIGHT AND LEVEL,DRY,NO DEFECTS,ON SCENE,NO INJURY / DRIVE AWAY,Y,,,$500 OR LESS,9/27/2019 9:15,DISREGARDING STOP SIGN,UNABLE TO DETERMINE,3600,S,WESTERN BLVD,911,,,,,,,2,NO INDICATION OF INJURY,0,0,0,0,0,2,0,9,6,9,41.82840352,-87.68455059,POINT (-87.684550584737 41.828403522284)
JC450283,,9/27/2019 9:10,30,TRAFFIC SIGNAL,FUNCTIONING PROPERLY,CLEAR,DAYLIGHT,SIDESWIPE SAME DIRECTION,ONE-WAY,,STRAIGHT AND LEVEL,DRY,NO DEFECTS,NOT ON SCENE (DESK REPORT),NO INJURY / DRIVE AWAY,,,,"OVER $1,500",9/27/2019 9:45,IMPROPER OVERTAKING/PASSING,UNABLE TO DETERMINE,3332,S,DAMEN AVE,912,,,,,,,2,NO INDICATION OF INJURY,0,0,0,0,0,2,0,9,6,9,41.83304289,-87.67549452,POINT (-87.675494523689 41.833042887071)
JC450277,,9/27/2019 9:10,20,NO CONTROLS,NO CONTROLS,CLEAR,DAYLIGHT,SIDESWIPE SAME DIRECTION,ONE-WAY,,STRAIGHT AND LEVEL,DRY,NO DEFECTS,ON SCENE,NO INJURY / DRIVE AWAY,,,,"OVER $1,500",9/27/2019 9:14,IMPROPER LANE USAGE,DRIVING SKILLS/KNOWLEDGE/EXPERIENCE,2,W,TERMINAL ST,1652,,,,,,,2,NO INDICATION OF INJURY,0,0,0,0,0,2,0,9,6,9,,,
JC450237,,9/27/2019 9:09,30,NO CONTROLS,NO CONTROLS,CLEAR,DAYLIGHT,PARKED MOTOR VEHICLE,DIVIDED - W/MEDIAN (NOT RAISED),,STRAIGHT AND LEVEL,DRY,NO DEFECTS,NOT ON SCENE (DESK REPORT),NO INJURY / DRIVE AWAY,,,,"OVER $1,500",9/27/2019 9:15,DISTRACTION - FROM OUTSIDE VEHICLE,FAILING TO REDUCE SPEED TO AVOID CRASH,4940,N,MILWAUKEE AVE,1623,,,,,,,2,NO INDICATION OF INJURY,0,0,0,0,0,1,0,9,6,9,41.97053972,-87.76330345,POINT (-87.76330345151 41.970539715421)
JC453111,,9/27/2019 9:00,30,NO CONTROLS,NO CONTROLS,CLEAR,DAYLIGHT,REAR END,NOT DIVIDED,,STRAIGHT AND LEVEL,DRY,NO DEFECTS,NOT ON SCENE (DESK REPORT),NO INJURY / DRIVE AWAY,Y,,,"$501 - $1,500",9/29/2019 14:15,FOLLOWING TOO CLOSELY,FAILING TO REDUCE SPEED TO AVOID CRASH,4625,S,PULASKI RD,821,,,,,,,2,NO INDICATION OF INJURY,0,0,0,0,0,2,0,9,6,9,41.80893711,-87.72347674,POINT (-87.723476740359 41.808937105675)
JC450338,,9/27/2019 9:00,15,NO CONTROLS,NO CONTROLS,CLEAR,DAYLIGHT,PARKED MOTOR VEHICLE,PARKING LOT,,STRAIGHT AND LEVEL,DRY,NO DEFECTS,NOT ON SCENE (DESK REPORT),NO INJURY / DRIVE AWAY,,,,"$501 - $1,500",9/27/2019 10:25,UNABLE TO DETERMINE,UNABLE TO DETERMINE,2355,S,WESTERN AVE,1034,,,,,,,2,NO INDICATION OF INJURY,0,0,0,0,0,1,0,9,6,9,41.84858266,-87.68539419,POINT (-87.685394189242 41.84858266277)
JC450276,,9/27/2019 9:00,30,NO CONTROLS,NO CONTROLS,CLOUDY/OVERCAST,DAYLIGHT,TURNING,NOT DIVIDED,,STRAIGHT AND LEVEL,DRY,NO DEFECTS,ON SCENE,INJURY AND / OR TOW DUE TO CRASH,Y,,,"OVER $1,500",9/27/2019 9:30,IMPROPER TURNING/NO SIGNAL,NOT APPLICABLE,1401,S,CALIFORNIA BLVD,1023,,,,,,,2,NO INDICATION OF INJURY,0,0,0,0,0,2,0,9,6,9,41.86251967,-87.69564453,POINT (-87.695644533841 41.862519665974)
JC450255,,9/27/2019 9:00,35,STOP SIGN/FLASHER,NO CONTROLS,CLEAR,DAYLIGHT,PEDESTRIAN,ONE-WAY,,STRAIGHT AND LEVEL,DRY,NO DEFECTS,NOT ON SCENE (DESK REPORT),INJURY AND / OR TOW DUE TO CRASH,,,,$500 OR LESS,9/27/2019 9:05,UNABLE TO DETERMINE,UNABLE TO DETERMINE,7100,S,STONY ISLAND AVE,324,,,,,,,2,NONINCAPACITATING INJURY,1,0,0,1,0,1,0,9,6,9,41.76592819,-87.58647008,POINT (-87.586470077922 41.76592819222)
JC450256,,9/27/2019 8:57,30,STOP SIGN/FLASHER,NO CONTROLS,CLEAR,DAYLIGHT,ANGLE,DIVIDED - W/MEDIAN (NOT RAISED),,STRAIGHT AND LEVEL,DRY,NO DEFECTS,ON SCENE,INJURY AND / OR TOW DUE TO CRASH,Y,,,"OVER $1,500",9/27/2019 8:59,FAILING TO YIELD RIGHT-OF-WAY,IMPROPER OVERTAKING/PASSING,2701,W,99TH ST,2211,,,,,,,2,"REPORTED, NOT EVIDENT",1,0,0,0,1,1,0,8,6,9,41.71348262,-87.68931405,POINT (-87.689314049316 41.713482618681)
JC450232,Y,9/27/2019 8:50,30,NO CONTROLS,NO CONTROLS,UNKNOWN,UNKNOWN,PARKED MOTOR VEHICLE,NOT DIVIDED,,STRAIGHT AND LEVEL,UNKNOWN,UNKNOWN,ON SCENE,NO INJURY / DRIVE AWAY,,,Y,"$501 - $1,500",9/27/2019 8:52,UNABLE TO DETERMINE,NOT APPLICABLE,5128,W,ROOSEVELT RD,1533,,,,,,,2,NO INDICATION OF INJURY,0,0,0,0,0,1,0,8,6,9,41.86588041,-87.75317429,POINT (-87.753174287887 41.865880408146)
JC450221,,9/27/2019 8:45,30,NO CONTROLS,NO CONTROLS,CLEAR,UNKNOWN,PARKED MOTOR VEHICLE,NOT DIVIDED,,STRAIGHT AND LEVEL,UNKNOWN,UNKNOWN,ON SCENE,NO INJURY / DRIVE AWAY,,,Y,"$501 - $1,500",9/27/2019 8:47,UNABLE TO DETERMINE,UNABLE TO DETERMINE,3016,E,97TH ST,431,,,,,,,2,NO INDICATION OF INJURY,0,0,0,0,0,1,0,8,6,9,41.71923455,-87.55025108,POINT (-87.5502510776 41.71923455434)
JC450236,N,9/27/2019 8:40,30,STOP SIGN/FLASHER,NO CONTROLS,CLEAR,DAYLIGHT,ANGLE,FOUR WAY,,STRAIGHT AND LEVEL,DRY,NO DEFECTS,ON SCENE,INJURY AND / OR TOW DUE TO CRASH,,,,"OVER $1,500",9/27/2019 9:00,DISREGARDING STOP SIGN,NOT APPLICABLE,6400,S,KIMBARK AVE,314,,,,,,,2,NO INDICATION OF INJURY,0,0,0,0,0,4,0,8,6,9,41.77863464,-87.59475516,POINT (-87.594755156434 41.778634640081)
JC450215,,9/27/2019 8:39,30,STOP SIGN/FLASHER,NO CONTROLS,CLEAR,DAYLIGHT,ANGLE,FOUR WAY,,STRAIGHT AND LEVEL,DRY,NO DEFECTS,ON SCENE,INJURY AND / OR TOW DUE TO CRASH,,,,"OVER $1,500",9/27/2019 8:45,DRIVING SKILLS/KNOWLEDGE/EXPERIENCE,UNABLE TO DETERMINE,2400,E,92ND ST,423,,,,,,,2,NONINCAPACITATING INJURY,2,0,0,1,1,0,0,8,6,9,41.72817357,-87.56570793,POINT (-87.565707932029 41.728173573646)