RD_NO,CRASH_DATE_EST_I,CRASH_DATE,POSTED_SPEED_LIMIT,TRAFFIC_CONTROL_DEVICE,DEVICE_CONDITION,WEATHER_CONDITION,LIGHTING_CONDITION,FIRST_CRASH_TYPE,TRAFFICWAY_TYPE,LANE_CNT,ALIGNMENT,ROADWAY_SURFACE_COND,ROAD_DEFECT,REPORT_TYPE,CRASH_TYPE,INTERSECTION_RELATED_I,NOT_RIGHT_OF_WAY_I,HIT_AND_RUN_I,DAMAGE,DATE_POLICE_NOTIFIED,PRIM_CONTRIBUTORY_CAUSE,SEC_CONTRIBUTORY_CAUSE,STREET_NO,STREET_DIRECTION,STREET_NAME,BEAT_OF_OCCURRENCE,PHOTOS_TAKEN_I,STATEMENTS_TAKEN_I,DOORING_I,WORK_ZONE_I,WORK_ZONE_TYPE,WORKERS_PRESENT_I,NUM_UNITS,MOST_SEVERE_INJURY,INJURIES_TOTAL,INJURIES_FATAL,INJURIES_INCAPACITATING,INJURIES_NON_INCAPACITATING,INJURIES_REPORTED_NOT_EVIDENT,INJURIES_NO_INDICATION,INJURIES_UNKNOWN,CRASH_HOUR,CRASH_DAY_OF_WEEK,CRASH_MONTH,LATITUDE,LONGITUDE,LOCATION
JC450212,,9/27/2019 8:31,35,TRAFFIC SIGNAL,FUNCTIONING PROPERLY,CLEAR,DAYLIGHT,REAR END,FOUR WAY,,STRAIGHT AND LEVEL,DRY,NO DEFECTS,ON SCENE,NO INJURY / DRIVE AWAY,,,Y,$500 OR LESS,9/27/2019 8:34,IMPROPER TURNING/NO SIGNAL,NOT APPLICABLE,2010,W,OGDEN AVE,1225,,,,,,,2,NO INDICATION OF INJURY,0,0,0,0,0,2,0,8,6,9,41.87260191,-87.67680105,POINT (-87.676801053196 41.872601909202)
JC452065,,9/27/2019 8:30,30,STOP SIGN/FLASHER,FUNCTIONING PROPERLY,CLEAR,DAYLIGHT,REAR TO SIDE,FOUR WAY,,STRAIGHT AND LEVEL,DRY,NO DEFECTS,NOT ON SCENE (DESK REPORT),NO INJURY / DRIVE AWAY,Y,,,"OVER $1,500",9/28/2019 16:27,UNABLE TO DETERMINE,NOT APPLICABLE,2908,W,WASHINGTON BLVD,1222,,,,,,,2,NO INDICATION OF INJURY,0,0,0,0,0,2,0,8,6,9,41.88297701,-87.69922315,POINT (-87.699223152807 41.882977004673)
JC450522,,9/27/2019 8:30,30,TRAFFIC SIGNAL,NO CONTROLS,RAIN,DAYLIGHT,REAR END,DIVIDED - W/MEDIAN (NOT RAISED),,STRAIGHT AND LEVEL,WET,NO DEFECTS,NOT ON SCENE (DESK REPORT),NO INJURY / DRIVE AWAY,,,,"OVER $1,500",9/27/2019 13:10,FOLLOWING TOO CLOSELY,UNABLE TO DETERMINE,7600,S,DR MARTIN LUTHER KING JR DR,623,,,,,,,2,NO INDICATION OF INJURY,0,0,0,0,0,2,0,8,6,9,41.75649015,-87.61522679,POINT (-87.61522679361 41.756490149368)
JC450234,,9/27/2019 8:30,30,TRAFFIC SIGNAL,FUNCTIONING PROPERLY,FOG/SMOKE/HAZE,DAYLIGHT,REAR END,DIVIDED - W/MEDIAN BARRIER,,STRAIGHT AND LEVEL,DRY,NO DEFECTS,ON SCENE,NO INJURY / DRIVE AWAY,,,Y,"$501 - $1,500",9/27/2019 8:44,FAILING TO YIELD RIGHT-OF-WAY,NOT APPLICABLE,1735,W,ROOSEVELT RD,1233,,,,,,,3,NO INDICATION OF INJURY,0,0,0,0,0,3,0,8,6,9,41.86672892,-87.67034107,POINT (-87.670341073262 41.866728923122)
JC450231,,9/27/2019 8:30,30,TRAFFIC SIGNAL,FUNCTIONING PROPERLY,CLEAR,DAYLIGHT,REAR END,FOUR WAY,,STRAIGHT AND LEVEL,DRY,UNKNOWN,NOT ON SCENE (DESK REPORT),NO INJURY / DRIVE AWAY,Y,,,"OVER $1,500",9/27/2019 9:15,FAILING TO REDUCE SPEED TO AVOID CRASH,NOT APPLICABLE,2201,W,NORTH AVE,1424,,,,,,,2,NO INDICATION OF INJURY,0,0,0,0,0,2,0,8,6,9,41.91028301,-87.68240519,POINT (-87.682405191638 41.91028301183)
JC450211,,9/27/2019 8:30,30,NO CONTROLS,NO CONTROLS,CLEAR,DAYLIGHT,SIDESWIPE SAME DIRECTION,NOT DIVIDED,,STRAIGHT AND LEVEL,DRY,NO DEFECTS,ON SCENE,INJURY AND / OR TOW DUE TO CRASH,,,,"OVER $1,500",9/27/2019 8:50,NOT APPLICABLE,NOT APPLICABLE,2745,N,CANNON DR,1935,,,,,,,2,NO INDICATION OF INJURY,0,0,0,0,0,2,0,8,6,9,41.93226101,-87.63838796,POINT (-87.638387957053 41.932261013058)
JC450241,,9/27/2019 8:28,25,TRAFFIC SIGNAL,FUNCTIONING PROPERLY,CLEAR,DAYLIGHT,REAR END,NOT DIVIDED,,STRAIGHT AND LEVEL,DRY,NO DEFECTS,NOT ON SCENE (DESK REPORT),NO INJURY / DRIVE AWAY,,,,"OVER $1,500",9/27/2019 9:10,ROAD ENGINEERING/SURFACE/MARKING DEFECTS,UNABLE TO DETERMINE,551,E,47TH ST,223,,,,,,,3,NO INDICATION OF INJURY,0,0,0,0,0,3,0,8,6,9,41.80934382,-87.61193265,POINT (-87.611932647265 41.809343823863)
JC450910,,9/27/2019 8:15,30,NO CONTROLS,NO CONTROLS,CLEAR,DAYLIGHT,REAR END,NOT DIVIDED,,STRAIGHT AND LEVEL,DRY,NO DEFECTS,NOT ON SCENE (DESK REPORT),NO INJURY / DRIVE AWAY,,,,"$501 - $1,500",9/27/2019 8:25,UNABLE TO DETERMINE,UNABLE TO DETERMINE,2112,W,PETERSON AVE,2413,,,,,,,3,NO INDICATION OF INJURY,0,0,0,0,0,3,0,8,6,9,41.99072922,-87.68297945,POINT (-87.682979453599 41.990729217961)
JC450210,,9/27/2019 8:15,35,STOP SIGN/FLASHER,FUNCTIONING PROPERLY,CLEAR,DAYLIGHT,REAR END,DIVIDED - W/MEDIAN BARRIER,,STRAIGHT AND LEVEL,DRY,NO DEFECTS,ON SCENE,INJURY AND / OR TOW DUE TO CRASH,,,,"OVER $1,500",9/27/2019 8:20,FOLLOWING TOO CLOSELY,"OPERATING VEHICLE IN ERRATIC, RECKLESS, CARELESS, NEGLIGENT OR AGGRESSIVE MANNER",5700,N,CUMBERLAND AVE,1614,,,,,,,2,NONINCAPACITATING INJURY,1,0,0,1,0,1,0,8,6,9,41.98259956,-87.83672841,POINT (-87.836728406808 41.982599554701)
JC450381,,9/27/2019 8:10,25,NO CONTROLS,NO CONTROLS,CLEAR,DAYLIGHT,REAR END,NOT DIVIDED,,STRAIGHT AND LEVEL,DRY,NO DEFECTS,ON SCENE,NO INJURY / DRIVE AWAY,,,Y,$500 OR LESS,9/27/2019 11:00,UNABLE TO DETERMINE,UNABLE TO DETERMINE,50,E,71ST ST,322,,,,,,,2,NO INDICATION OF INJURY,0,0,0,0,0,2,0,8,6,9,41.76566236,-87.62298056,POINT (-87.622980563378 41.765662356087)
JC450219,,9/27/2019 8:10,25,NO CONTROLS,NO CONTROLS,CLEAR,DAYLIGHT,TURNING,PARKING LOT,,STRAIGHT AND LEVEL,DRY,NO DEFECTS,NOT ON SCENE (DESK REPORT),NO INJURY / DRIVE AWAY,,Y,,"OVER $1,500",9/27/2019 9:00,DRIVING SKILLS/KNOWLEDGE/EXPERIENCE,UNABLE TO DETERMINE,1515,W,DEVON AVE,2433,,,,,,,2,NO INDICATION OF INJURY,0,0,0,0,0,2,0,8,6,9,41.99799346,-87.66842789,POINT (-87.668427885713 41.997993459679)
JC459587,,9/27/2019 8:00,30,NO CONTROLS,NO CONTROLS,UNKNOWN,DAYLIGHT,OTHER OBJECT,NOT DIVIDED,,STRAIGHT AND LEVEL,DRY,"RUT, HOLES",NOT ON SCENE (DESK REPORT),NO INJURY / DRIVE AWAY,,,,"$501 - $1,500",10/4/2019 10:50,UNABLE TO DETERMINE,NOT APPLICABLE,2701,W,GRAND AVE,1221,,,,,,,1,NO INDICATION OF INJURY,0,0,0,0,0,1,0,8,6,9,41.89328313,-87.69436013,POINT (-87.694360133291 41.893283129451)
JC454545,,9/27/2019 8:00,20,TRAFFIC SIGNAL,FUNCTIONING PROPERLY,UNKNOWN,DAYLIGHT,FIXED OBJECT,NOT DIVIDED,,STRAIGHT AND LEVEL,UNKNOWN,OTHER,NOT ON SCENE (DESK REPORT),NO INJURY / DRIVE AWAY,Y,,,"$501 - $1,500",9/30/2019 16:30,UNABLE TO DETERMINE,NOT APPLICABLE,2758,W,TOUHY AVE,2411,,,,,,,1,NO INDICATION OF INJURY,0,0,0,0,0,1,0,8,6,9,42.01218143,-87.69960727,POINT (-87.699607268014 42.012181430335)
JC450228,,9/27/2019 8:00,30,NO CONTROLS,NO CONTROLS,CLEAR,DAYLIGHT,SIDESWIPE SAME DIRECTION,DIVIDED - W/MEDIAN (NOT RAISED),,STRAIGHT AND LEVEL,DRY,NO DEFECTS,NOT ON SCENE (DESK REPORT),NO INJURY / DRIVE AWAY,,,Y,$500 OR LESS,9/27/2019 8:52,IMPROPER OVERTAKING/PASSING,UNABLE TO DETERMINE,71,N,MICHIGAN AVE,114,,,,,,,2,NO INDICATION OF INJURY,0,0,0,0,0,3,0,8,6,9,41.88317858,-87.62425042,POINT (-87.624250416005 41.88317858382)
JC450195,,9/27/2019 8:00,30,TRAFFIC SIGNAL,FUNCTIONING PROPERLY,CLEAR,DAYLIGHT,TURNING,DIVIDED - W/MEDIAN (NOT RAISED),,STRAIGHT AND LEVEL,DRY,NO DEFECTS,NOT ON SCENE (DESK REPORT),NO INJURY / DRIVE AWAY,Y,,,"OVER $1,500",9/27/2019 9:26,IMPROPER OVERTAKING/PASSING,NOT APPLICABLE,2400,W,FULLERTON AVE,1431,,,,,,,2,NO INDICATION OF INJURY,0,0,0,0,0,2,0,8,6,9,41.92500994,-87.68770475,POINT (-87.687704752222 41.925009934765)
JC455995,,9/27/2019 7:50,30,NO CONTROLS,NO CONTROLS,UNKNOWN,UNKNOWN,PARKED MOTOR VEHICLE,ONE-WAY,,STRAIGHT AND LEVEL,DRY,NO DEFECTS,NOT ON SCENE (DESK REPORT),NO INJURY / DRIVE AWAY,,,Y,"$501 - $1,500",10/1/2019 17:00,DRIVING SKILLS/KNOWLEDGE/EXPERIENCE,NOT APPLICABLE,5321,W,CORNELIA AVE,1634,,,,,,,2,NO INDICATION OF INJURY,0,0,0,0,0,1,0,7,6,9,41.94402338,-87.76020156,POINT (-87.760201561489 41.94402337907)
JC450167,,9/27/2019 7:45,30,TRAFFIC SIGNAL,FUNCTIONING PROPERLY,CLEAR,DAYLIGHT,REAR END,NOT DIVIDED,,STRAIGHT AND LEVEL,DRY,NO DEFECTS,ON SCENE,NO INJURY / DRIVE AWAY,,,Y,"OVER $1,500",9/27/2019 8:00,FOLLOWING TOO CLOSELY,NOT APPLICABLE,2455,S,KEDZIE AVE,1033,,,,,,,3,NO INDICATION OF INJURY,0,0,0,0,0,4,0,7,6,9,41.84653889,-87.70495286,POINT (-87.70495285576 41.846538888991)
JC450168,,9/27/2019 7:40,30,TRAFFIC SIGNAL,FUNCTIONING PROPERLY,CLEAR,DAYLIGHT,REAR END,NOT DIVIDED,,STRAIGHT AND LEVEL,DRY,NO DEFECTS,NOT ON SCENE (DESK REPORT),NO INJURY / DRIVE AWAY,,,,"$501 - $1,500",9/27/2019 7:48,FOLLOWING TOO CLOSELY,NOT APPLICABLE,2500,S,KEDZIE AVE,1024,,,,,,,2,NO INDICATION OF INJURY,0,0,0,0,0,2,0,7,6,9,41.84624146,-87.70523892,POINT (-87.705238923566 41.846241455219)
JC451044,,9/27/2019 7:35,30,TRAFFIC SIGNAL,FUNCTIONING PROPERLY,RAIN,DAYLIGHT,REAR END,CENTER TURN LANE,,STRAIGHT AND LEVEL,WET,NO DEFECTS,NOT ON SCENE (DESK REPORT),NO INJURY / DRIVE AWAY,,,,$500 OR LESS,9/27/2019 17:30,FOLLOWING TOO CLOSELY,FOLLOWING TOO CLOSELY,6700,S,JEFFERY BLVD,332,,,,,,,2,NO INDICATION OF INJURY,0,0,0,0,0,2,0,7,6,9,41.77336841,-87.57663855,POINT (-87.576638552177 41.773368408547)
JC540180,,9/27/2019 7:30,30,STOP SIGN/FLASHER,UNKNOWN,CLEAR,DAYLIGHT,TURNING,DIVIDED - W/MEDIAN (NOT RAISED),,STRAIGHT AND LEVEL,DRY,NO DEFECTS,ON SCENE,INJURY AND / OR TOW DUE TO CRASH,,,,"OVER $1,500",9/27/2019 7:40,FAILING TO YIELD RIGHT-OF-WAY,NOT APPLICABLE,600,E,43RD ST,214,,Y,,,,,2,INCAPACITATING INJURY,1,0,1,0,0,4,0,7,6,9,41.81683963,-87.61158424,POINT (-87.611584236909 41.816839626748)
JC450175,,9/27/2019 7:30,30,TRAFFIC SIGNAL,FUNCTIONING PROPERLY,CLEAR,DAYLIGHT,REAR END,DIVIDED - W/MEDIAN (NOT RAISED),,STRAIGHT AND LEVEL,DRY,NO DEFECTS,NOT ON SCENE (DESK REPORT),INJURY AND / OR TOW DUE TO CRASH,Y,,Y,"OVER $1,500",9/27/2019 8:00,FAILING TO YIELD RIGHT-OF-WAY,FAILING TO REDUCE SPEED TO AVOID CRASH,5159,N,CENTRAL AVE,1623,,,,,,,2,NONINCAPACITATING INJURY,1,0,0,1,0,1,0,7,6,9,41.97517487,-87.7683442,POINT (-87.768344200415 41.975174873583)
JC450174,,9/27/2019 7:30,30,NO CONTROLS,NO CONTROLS,CLEAR,DAYLIGHT,PARKED MOTOR VEHICLE,NOT DIVIDED,,STRAIGHT AND LEVEL,DRY,NO DEFECTS,NOT ON SCENE (DESK REPORT),NO INJURY / DRIVE AWAY,,,,"OVER $1,500",9/27/2019 8:00,IMPROPER TURNING/NO SIGNAL,NOT APPLICABLE,4962,N,MAJOR AVE,1622,,,,,,,2,NO INDICATION OF INJURY,0,0,0,0,0,1,0,7,6,9,41.97130704,-87.77113943,POINT (-87.771139433827 41.971307042196)
JC450176,,9/27/2019 7:18,30,NO CONTROLS,NO CONTROLS,CLEAR,DAYLIGHT,SIDESWIPE SAME DIRECTION,NOT DIVIDED,,STRAIGHT AND LEVEL,DRY,NO DEFECTS,ON SCENE,NO INJURY / DRIVE AWAY,,,,"OVER $1,500",9/27/2019 7:20,DRIVING SKILLS/KNOWLEDGE/EXPERIENCE,UNABLE TO DETERMINE,4048,W,WASHINGTON BLVD,1114,N,,,,,,2,NO INDICATION OF INJURY,0,0,0,0,0,6,0,7,6,9,41.88213004,-87.72765506,POINT (-87.727655062126 41.882130040336)
JC451029,,9/27/2019 7:10,30,TRAFFIC SIGNAL,FUNCTIONING PROPERLY,RAIN,DARKNESS,SIDESWIPE SAME DIRECTION,NOT DIVIDED,,STRAIGHT AND LEVEL,WET,NO DEFECTS,NOT ON SCENE (DESK REPORT),NO INJURY / DRIVE AWAY,,,,"$501 - $1,500",9/27/2019 19:25,UNABLE TO DETERMINE,UNABLE TO DETERMINE,12700,S,INDIANA AVE,532,,,,,,,2,NO INDICATION OF INJURY,0,0,0,0,0,2,0,7,6,9,41.66325448,-87.61778866,POINT (-87.617788659925 41.663254478672)
JC450340,,9/27/2019 7:00,30,NO CONTROLS,NO CONTROLS,CLEAR,DAYLIGHT,PARKED MOTOR VEHICLE,ONE-WAY,,STRAIGHT AND LEVEL,DRY,NO DEFECTS,NOT ON SCENE (DESK REPORT),NO INJURY / DRIVE AWAY,,,,$500 OR LESS,9/27/2019 10:30,FAILING TO YIELD RIGHT-OF-WAY,NOT APPLICABLE,2750,N,LINDER AVE,2514,,,,,,,2,NO INDICATION OF INJURY,0,0,0,0,0,1,0,7,6,9,41.93102716,-87.7639269,POINT (-87.763926898018 41.931027156101)
JC450218,,9/27/2019 7:00,30,TRAFFIC SIGNAL,FUNCTIONING PROPERLY,CLEAR,DAYLIGHT,TURNING,DIVIDED - W/MEDIAN BARRIER,,STRAIGHT AND LEVEL,DRY,NO DEFECTS,ON SCENE,NO INJURY / DRIVE AWAY,Y,,,"OVER $1,500",9/27/2019 7:05,IMPROPER TURNING/NO SIGNAL,FAILING TO YIELD RIGHT-OF-WAY,3246,W,COLUMBUS AVE,834,,,,,,,2,NO INDICATION OF INJURY,0,0,0,0,0,2,0,7,6,9,41.74971747,-87.70384431,POINT (-87.703844312608 41.749717469427)
JC450163,Y,9/27/2019 7:00,30,TRAFFIC SIGNAL,FUNCTIONING PROPERLY,CLEAR,DAYLIGHT,PEDESTRIAN,TRAFFIC ROUTE,,STRAIGHT AND LEVEL,DRY,NO DEFECTS,ON SCENE,INJURY AND / OR TOW DUE TO CRASH,,,,$500 OR LESS,9/27/2019 7:10,FAILING TO YIELD RIGHT-OF-WAY,NOT APPLICABLE,4800,W,GRACE ST,1634,,N,,,,,2,NONINCAPACITATING INJURY,1,0,0,1,0,1,0,7,6,9,41.94988025,-87.74723279,POINT (-87.74723278706 41.94988025173)
JC450159,,9/27/2019 7:00,30,NO CONTROLS,NO CONTROLS,CLEAR,DAYLIGHT,PARKED MOTOR VEHICLE,ONE-WAY,,STRAIGHT AND LEVEL,DRY,UNKNOWN,ON SCENE,NO INJURY / DRIVE AWAY,,,,"$501 - $1,500",9/27/2019 7:05,IMPROPER TURNING/NO SIGNAL,UNABLE TO DETERMINE,3217,N,MONTICELLO AVE,1732,,,,,,,2,NO INDICATION OF INJURY,0,0,0,0,0,1,0,7,6,9,41.93974476,-87.71849433,POINT (-87.718494325437 41.939744761184)
JC450142,,9/27/2019 6:37,35,NO CONTROLS,NO CONTROLS,CLEAR,DAWN,REAR END,DIVIDED - W/MEDIAN BARRIER,,STRAIGHT AND LEVEL,DRY,NO DEFECTS,ON SCENE,NO INJURY / DRIVE AWAY,,,,"OVER $1,500",9/27/2019 6:38,DRIVING SKILLS/KNOWLEDGE/EXPERIENCE,UNABLE TO DETERMINE,3126,E,79TH ST,421,,,,,,,3,NO INDICATION OF INJURY,0,0,0,0,0,4,0,6,6,9,41.75208651,-87.54808728,POINT (-87.548087280607 41.752086505508)
JC450152,,9/27/2019 6:00,30,NO CONTROLS,NO CONTROLS,CLEAR,DAWN,SIDESWIPE SAME DIRECTION,NOT DIVIDED,,STRAIGHT AND LEVEL,DRY,NO DEFECTS,NOT ON SCENE (DESK REPORT),NO INJURY / DRIVE AWAY,,,,"OVER $1,500",9/27/2019 7:10,UNABLE TO DETERMINE,UNABLE TO DETERMINE,320,N,HAMLIN AVE,1122,,,,,,,2,NO INDICATION OF INJURY,0,0,0,0,0,2,0,6,6,9,41.88589216,-87.72107229,POINT (-87.721072290435 41.885892156146)
JC450135,,9/27/2019 5:56,30,TRAFFIC SIGNAL,FUNCTIONING PROPERLY,CLEAR,DAWN,REAR END,ONE-WAY,,STRAIGHT AND LEVEL,DRY,NO DEFECTS,ON SCENE,NO INJURY / DRIVE AWAY,Y,,,"OVER $1,500",9/27/2019 5:58,FOLLOWING TOO CLOSELY,DRIVING SKILLS/KNOWLEDGE/EXPERIENCE,1,W,HELIPAD ST,1654,,,,,,,2,NO INDICATION OF INJURY,0,0,0,0,0,2,0,5,6,9,,,
JC450150,,9/27/2019 5:50,35,NO CONTROLS,NO CONTROLS,CLEAR,DAYLIGHT,TURNING,NOT DIVIDED,,STRAIGHT AND LEVEL,DRY,NO DEFECTS,ON SCENE,INJURY AND / OR TOW DUE TO CRASH,Y,,,"OVER $1,500",9/27/2019 6:17,FAILING TO YIELD RIGHT-OF-WAY,NOT APPLICABLE,5149,S,ARCHER AVE,815,,,,,,,2,NO INDICATION OF INJURY,0,0,0,0,0,2,0,5,6,9,41.80028712,-87.73185209,POINT (-87.731852090742 41.800287121413)
JC450137,,9/27/2019 5:38,30,TRAFFIC SIGNAL,FUNCTIONING PROPERLY,CLEAR,"DARKNESS, LIGHTED ROAD",PEDALCYCLIST,"FIVE POINT, OR MORE",,STRAIGHT AND LEVEL,DRY,NO DEFECTS,NOT ON SCENE (DESK REPORT),INJURY AND / OR TOW DUE TO CRASH,Y,,,"OVER $1,500",9/27/2019 6:20,TURNING RIGHT ON RED,UNABLE TO DETERMINE,1598,W,CERMAK RD,1235,,,,,,,2,"REPORTED, NOT EVIDENT",1,0,0,0,1,1,0,5,6,9,41.85244343,-87.66590805,POINT (-87.665908047989 41.852443432445)
JC450123,Y,9/27/2019 5:31,30,NO CONTROLS,NO CONTROLS,CLEAR,"DARKNESS, LIGHTED ROAD",PARKED MOTOR VEHICLE,NOT DIVIDED,,STRAIGHT AND LEVEL,DRY,NO DEFECTS,ON SCENE,NO INJURY / DRIVE AWAY,,,Y,"$501 - $1,500",9/27/2019 5:31,UNABLE TO DETERMINE,UNABLE TO DETERMINE,501,S,CENTRAL AVE,1522,,,,,,,2,NO INDICATION OF INJURY,0,0,0,0,0,1,0,5,6,9,41.87378038,-87.76447613,POINT (-87.764476126893 41.873780381656)
JC450130,,9/27/2019 5:15,30,NO CONTROLS,NO CONTROLS,CLEAR,"DARKNESS, LIGHTED ROAD",REAR END,NOT DIVIDED,,STRAIGHT AND LEVEL,DRY,NO DEFECTS,ON SCENE,NO INJURY / DRIVE AWAY,,,Y,"OVER $1,500",9/27/2019 5:22,FAILING TO REDUCE SPEED TO AVOID CRASH,UNABLE TO DETERMINE,7351,S,WESTERN AVE,835,,,,,,,2,NO INDICATION OF INJURY,0,0,0,0,0,2,0,5,6,9,41.75955103,-87.68296563,POINT (-87.682965629185 41.759551033742)
JC451741,,9/27/2019 5:10,30,TRAFFIC SIGNAL,NO CONTROLS,CLEAR,DAYLIGHT,REAR END,DIVIDED - W/MEDIAN (NOT RAISED),,STRAIGHT AND LEVEL,DRY,NO DEFECTS,NOT ON SCENE (DESK REPORT),NO INJURY / DRIVE AWAY,Y,,,"$501 - $1,500",9/28/2019 12:16,UNABLE TO DETERMINE,UNABLE TO DETERMINE,7000,N,SHERIDAN RD,2423,,,,,,,2,NO INDICATION OF INJURY,0,0,0,0,0,2,0,5,6,9,42.00921827,-87.66225148,POINT (-87.662251478467 42.009218270952)
JC450133,,9/27/2019 5:00,35,NO CONTROLS,NO CONTROLS,CLEAR,"DARKNESS, LIGHTED ROAD",FIXED OBJECT,NOT DIVIDED,,STRAIGHT AND LEVEL,DRY,NO DEFECTS,ON SCENE,INJURY AND / OR TOW DUE TO CRASH,,,,"OVER $1,500",9/27/2019 5:04,UNDER THE INFLUENCE OF ALCOHOL/DRUGS (USE WHEN ARREST IS EFFECTED),UNABLE TO DETERMINE,2401,N,OAKLEY AVE,1432,,,,,,,1,NO INDICATION OF INJURY,0,0,0,0,0,3,0,5,6,9,41.92497464,-87.68506392,POINT (-87.685063917001 41.924974642526)
JC450119,,9/27/2019 4:40,30,NO CONTROLS,NO CONTROLS,CLEAR,"DARKNESS, LIGHTED ROAD",SIDESWIPE SAME DIRECTION,NOT DIVIDED,,STRAIGHT AND LEVEL,DRY,NO DEFECTS,ON SCENE,NO INJURY / DRIVE AWAY,,,Y,"OVER $1,500",9/27/2019 4:53,NOT APPLICABLE,NOT APPLICABLE,250,E,ILLINOIS ST,1834,,,,,,,3,NO INDICATION OF INJURY,0,0,0,0,0,3,0,4,6,9,41.89110663,-87.62058996,POINT (-87.6205899641 41.891106630424)
JC450120,,9/27/2019 4:30,30,NO CONTROLS,NO CONTROLS,CLEAR,"DARKNESS, LIGHTED ROAD",OTHER OBJECT,NOT DIVIDED,,STRAIGHT AND LEVEL,DRY,NO DEFECTS,ON SCENE,INJURY AND / OR TOW DUE TO CRASH,,,,"OVER $1,500",9/27/2019 5:07,"OPERATING VEHICLE IN ERRATIC, RECKLESS, CARELESS, NEGLIGENT OR AGGRESSIVE MANNER",FAILING TO REDUCE SPEED TO AVOID CRASH,1212,N,CENTRAL PARK AVE,2535,,,,,,,1,NO INDICATION OF INJURY,0,0,0,0,0,2,0,4,6,9,41.90317862,-87.71672215,POINT (-87.716722146404 41.903178616496)
JC450114,,9/27/2019 4:29,30,STOP SIGN/FLASHER,FUNCTIONING PROPERLY,CLEAR,"DARKNESS, LIGHTED ROAD",PEDESTRIAN,RAMP,,STRAIGHT AND LEVEL,DRY,NO DEFECTS,ON SCENE,INJURY AND / OR TOW DUE TO CRASH,,,,$500 OR LESS,9/27/2019 4:31,"VISION OBSCURED (SIGNS, TREE LIMBS, BUILDINGS, ETC.)",FAILING TO YIELD RIGHT-OF-WAY,726,W,MADISON ST,1224,,,,,,,2,INCAPACITATING INJURY,1,0,1,0,0,1,0,4,6,9,41.88189755,-87.64672413,POINT (-87.646724128468 41.881897551863)
JC450110,,9/27/2019 4:00,30,UNKNOWN,UNKNOWN,UNKNOWN,UNKNOWN,FIXED OBJECT,ONE-WAY,,STRAIGHT AND LEVEL,UNKNOWN,UNKNOWN,NOT ON SCENE (DESK REPORT),NO INJURY / DRIVE AWAY,,,,"$501 - $1,500",9/27/2019 4:30,UNABLE TO DETERMINE,NOT APPLICABLE,1221,N,STATE PKWY,1824,,,,,,,1,NO INDICATION OF INJURY,0,0,0,0,0,1,0,4,6,9,41.90462213,-87.62855539,POINT (-87.628555393701 41.904622130889)
JC450105,,9/27/2019 3:30,35,TRAFFIC SIGNAL,FUNCTIONING PROPERLY,CLEAR,"DARKNESS, LIGHTED ROAD",TURNING,DIVIDED - W/MEDIAN (NOT RAISED),,STRAIGHT AND LEVEL,DRY,NO DEFECTS,NOT ON SCENE (DESK REPORT),NO INJURY / DRIVE AWAY,Y,,,"$501 - $1,500",9/27/2019 4:00,FAILING TO YIELD RIGHT-OF-WAY,NOT APPLICABLE,4700,S,PULASKI RD,815,,,,,,,2,NO INDICATION OF INJURY,0,0,0,0,0,2,0,3,6,9,41.80778877,-87.72373033,POINT (-87.72373033158 41.807788769095)
JC460457,,9/27/2019 3:00,30,UNKNOWN,UNKNOWN,UNKNOWN,UNKNOWN,PARKED MOTOR VEHICLE,PARKING LOT,,STRAIGHT AND LEVEL,UNKNOWN,UNKNOWN,NOT ON SCENE (DESK REPORT),NO INJURY / DRIVE AWAY,,,Y,"OVER $1,500",10/5/2019 0:10,IMPROPER BACKING,UNABLE TO DETERMINE,2120,S,CANAL ST,914,,,,,,,2,NO INDICATION OF INJURY,0,0,0,0,0,1,0,3,6,9,41.853702,-87.63870833,POINT (-87.638708328432 41.853701997361)
JC450140,,9/27/2019 2:56,15,NO CONTROLS,NO CONTROLS,CLEAR,"DARKNESS, LIGHTED ROAD",PARKED MOTOR VEHICLE,ALLEY,,STRAIGHT AND LEVEL,DRY,NO DEFECTS,NOT ON SCENE (DESK REPORT),NO INJURY / DRIVE AWAY,,Y,Y,"OVER $1,500",9/27/2019 3:02,"OPERATING VEHICLE IN ERRATIC, RECKLESS, CARELESS, NEGLIGENT OR AGGRESSIVE MANNER",UNABLE TO DETERMINE,8551,S,LAFLIN ST,614,,,,,,,2,NO INDICATION OF INJURY,0,0,0,0,0,1,0,2,6,9,41.73796656,-87.66054284,POINT (-87.660542842671 41.7379665596)
JC450103,,9/27/2019 2:45,25,NO CONTROLS,NO CONTROLS,CLEAR,"DARKNESS, LIGHTED ROAD",REAR END,PARKING LOT,,STRAIGHT AND LEVEL,DRY,NO DEFECTS,NOT ON SCENE (DESK REPORT),INJURY AND / OR TOW DUE TO CRASH,,,Y,"OVER $1,500",9/27/2019 3:39,IMPROPER BACKING,NOT APPLICABLE,6700,S,ASHLAND AVE,725,,,,,,,2,"REPORTED, NOT EVIDENT",3,0,0,0,3,1,0,2,6,9,41.77209823,-87.66416462,POINT (-87.664164617596 41.77209823278)
JC450084,,9/27/2019 2:14,35,NO CONTROLS,NO CONTROLS,CLEAR,DARKNESS,TURNING,NOT DIVIDED,,STRAIGHT AND LEVEL,DRY,NO DEFECTS,ON SCENE,INJURY AND / OR TOW DUE TO CRASH,,,,"OVER $1,500",9/27/2019 2:15,FAILING TO REDUCE SPEED TO AVOID CRASH,UNDER THE INFLUENCE OF ALCOHOL/DRUGS (USE WHEN ARREST IS EFFECTED),6741,N,CALDWELL AVE,1621,,,,,,,2,NONINCAPACITATING INJURY,2,0,0,2,0,1,0,2,6,9,42.00372686,-87.7802166,POINT (-87.78021659473 42.003726861998)