RD_NO,CRASH_DATE_EST_I,CRASH_DATE,POSTED_SPEED_LIMIT,TRAFFIC_CONTROL_DEVICE,DEVICE_CONDITION,WEATHER_CONDITION,LIGHTING_CONDITION,FIRST_CRASH_TYPE,TRAFFICWAY_TYPE,LANE_CNT,ALIGNMENT,ROADWAY_SURFACE_COND,ROAD_DEFECT,REPORT_TYPE,CRASH_TYPE,INTERSECTION_RELATED_I,NOT_RIGHT_OF_WAY_I,HIT_AND_RUN_I,DAMAGE,DATE_POLICE_NOTIFIED,PRIM_CONTRIBUTORY_CAUSE,SEC_CONTRIBUTORY_CAUSE,STREET_NO,STREET_DIRECTION,STREET_NAME,BEAT_OF_OCCURRENCE,PHOTOS_TAKEN_I,STATEMENTS_TAKEN_I,DOORING_I,WORK_ZONE_I,WORK_ZONE_TYPE,WORKERS_PRESENT_I,NUM_UNITS,MOST_SEVERE_INJURY,INJURIES_TOTAL,INJURIES_FATAL,INJURIES_INCAPACITATING,INJURIES_NON_INCAPACITATING,INJURIES_REPORTED_NOT_EVIDENT,INJURIES_NO_INDICATION,INJURIES_UNKNOWN,CRASH_HOUR,CRASH_DAY_OF_WEEK,CRASH_MONTH,LATITUDE,LONGITUDE,LOCATION
JC450076,,9/27/2019 2:10,30,NO CONTROLS,NO CONTROLS,CLEAR,"DARKNESS, LIGHTED ROAD",FIXED OBJECT,DIVIDED - W/MEDIAN (NOT RAISED),,STRAIGHT AND LEVEL,DRY,NO DEFECTS,ON SCENE,INJURY AND / OR TOW DUE TO CRASH,,,,"OVER $1,500",9/27/2019 2:10,UNABLE TO DETERMINE,NOT APPLICABLE,5113,S,WESTERN AVE,923,,,,,,,1,NONINCAPACITATING INJURY,1,0,0,1,0,0,0,2,6,9,41.80071988,-87.68406564,POINT (-87.684065644229 41.800719881648)
JC450596,Y,9/27/2019 2:00,30,NO CONTROLS,NO CONTROLS,UNKNOWN,UNKNOWN,PARKED MOTOR VEHICLE,ONE-WAY,,STRAIGHT AND LEVEL,UNKNOWN,UNKNOWN,NOT ON SCENE (DESK REPORT),INJURY AND / OR TOW DUE TO CRASH,,,Y,"OVER $1,500",9/27/2019 14:00,UNABLE TO DETERMINE,NOT APPLICABLE,2955,S,ELIAS CT,913,,,,,,,2,NO INDICATION OF INJURY,0,0,0,0,0,1,0,2,6,9,41.84076517,-87.65583871,POINT (-87.655838706251 41.840765169888)
JC450093,,9/27/2019 1:59,5,NO CONTROLS,NO CONTROLS,CLEAR,"DARKNESS, LIGHTED ROAD",FIXED OBJECT,RAMP,,STRAIGHT ON HILLCREST,DRY,NO DEFECTS,ON SCENE,NO INJURY / DRIVE AWAY,,,,$500 OR LESS,9/27/2019 1:59,IMPROPER BACKING,NOT APPLICABLE,765,W,ADAMS ST,1232,,,,,,,1,NO INDICATION OF INJURY,0,0,0,0,0,2,0,1,6,9,41.87911724,-87.64660719,POINT (-87.646607192167 41.879117244017)
JC450075,,9/27/2019 1:45,30,TRAFFIC SIGNAL,FUNCTIONING PROPERLY,CLEAR,"DARKNESS, LIGHTED ROAD",ANGLE,FOUR WAY,,STRAIGHT AND LEVEL,DRY,NO DEFECTS,NOT ON SCENE (DESK REPORT),INJURY AND / OR TOW DUE TO CRASH,Y,,Y,"OVER $1,500",9/27/2019 2:17,FAILING TO YIELD RIGHT-OF-WAY,NOT APPLICABLE,2801,W,FULLERTON AVE,1414,,,,,,,2,NONINCAPACITATING INJURY,1,0,0,1,0,2,0,1,6,9,41.9246969,-87.69747184,POINT (-87.697471842296 41.924696904233)
JC450055,,9/27/2019 1:15,30,NO CONTROLS,NO CONTROLS,CLEAR,"DARKNESS, LIGHTED ROAD",PARKED MOTOR VEHICLE,NOT DIVIDED,,STRAIGHT AND LEVEL,DRY,NO DEFECTS,ON SCENE,NO INJURY / DRIVE AWAY,,,,"OVER $1,500",9/27/2019 1:17,UNABLE TO DETERMINE,UNABLE TO DETERMINE,6900,N,WESTERN AVE,2411,,,,,,,2,NO INDICATION OF INJURY,0,0,0,0,0,1,0,1,6,9,42.00685124,-87.69026061,POINT (-87.690260604528 42.006851237571)
JC450226,,9/27/2019 1:00,30,NO CONTROLS,NO CONTROLS,CLEAR,"DARKNESS, LIGHTED ROAD",PARKED MOTOR VEHICLE,NOT DIVIDED,,STRAIGHT AND LEVEL,DRY,NO DEFECTS,NOT ON SCENE (DESK REPORT),NO INJURY / DRIVE AWAY,,,Y,"OVER $1,500",9/27/2019 9:00,UNABLE TO DETERMINE,NOT APPLICABLE,6023,W,ADDISON ST,1633,,,,,,,2,NO INDICATION OF INJURY,0,0,0,0,0,1,0,1,6,9,41.94565205,-87.77745461,POINT (-87.777454609725 41.945652047772)
JC450164,,9/27/2019 1:00,30,NO CONTROLS,NO CONTROLS,UNKNOWN,"DARKNESS, LIGHTED ROAD",PARKED MOTOR VEHICLE,NOT DIVIDED,,STRAIGHT AND LEVEL,UNKNOWN,NO DEFECTS,ON SCENE,NO INJURY / DRIVE AWAY,,,Y,"OVER $1,500",9/27/2019 7:14,UNABLE TO DETERMINE,UNABLE TO DETERMINE,5437,S,PRINCETON AVE,935,,,,,,,2,NO INDICATION OF INJURY,0,0,0,0,0,1,0,1,6,9,41.79519281,-87.6328709,POINT (-87.63287089866 41.795192806814)
JC450070,,9/27/2019 1:00,30,UNKNOWN,UNKNOWN,CLEAR,"DARKNESS, LIGHTED ROAD",PARKED MOTOR VEHICLE,NOT DIVIDED,,STRAIGHT AND LEVEL,DRY,UNKNOWN,NOT ON SCENE (DESK REPORT),NO INJURY / DRIVE AWAY,,,Y,"$501 - $1,500",9/27/2019 1:50,UNABLE TO DETERMINE,HAD BEEN DRINKING (USE WHEN ARREST IS NOT MADE),432,N,LA SALLE DR,1831,,,,,,,2,NO INDICATION OF INJURY,0,0,0,0,0,1,0,1,6,9,41.89011433,-87.63269573,POINT (-87.632695724719 41.89011432723)
JC450047,Y,9/27/2019 0:45,30,NO CONTROLS,NO CONTROLS,CLEAR,DUSK,PARKED MOTOR VEHICLE,NOT DIVIDED,,STRAIGHT AND LEVEL,DRY,NO DEFECTS,ON SCENE,NO INJURY / DRIVE AWAY,,,Y,"OVER $1,500",9/27/2019 0:50,IMPROPER BACKING,NOT APPLICABLE,3800,S,PRINCETON AVE,915,,,,,,,2,NO INDICATION OF INJURY,0,0,0,0,0,1,0,0,6,9,41.82508919,-87.63394545,POINT (-87.633945451383 41.825089189723)
JC450043,,9/27/2019 0:26,30,TRAFFIC SIGNAL,FUNCTIONING PROPERLY,CLEAR,"DARKNESS, LIGHTED ROAD",PARKED MOTOR VEHICLE,FOUR WAY,,STRAIGHT AND LEVEL,DRY,UNKNOWN,ON SCENE,NO INJURY / DRIVE AWAY,Y,,,"$501 - $1,500",9/27/2019 0:26,FAILING TO REDUCE SPEED TO AVOID CRASH,NOT APPLICABLE,9501,S,STONY ISLAND AVE,431,,,,,,,2,NO INDICATION OF INJURY,0,0,0,0,0,3,0,0,6,9,41.72224382,-87.58496912,POINT (-87.584969118484 41.722243814964)
JC450063,,9/27/2019 0:20,30,NO CONTROLS,NO CONTROLS,CLEAR,"DARKNESS, LIGHTED ROAD",PARKED MOTOR VEHICLE,NOT DIVIDED,,STRAIGHT AND LEVEL,DRY,NO DEFECTS,ON SCENE,INJURY AND / OR TOW DUE TO CRASH,,,,"OVER $1,500",9/27/2019 0:25,UNABLE TO DETERMINE,UNABLE TO DETERMINE,8206,S,MAPLEWOOD AVE,835,,,,,,,3,NO INDICATION OF INJURY,0,0,0,0,0,1,0,0,6,9,41.74434902,-87.68657522,POINT (-87.686575222743 41.744349019963)
JC450036,,9/27/2019 0:20,30,TRAFFIC SIGNAL,FUNCTIONING PROPERLY,CLEAR,"DARKNESS, LIGHTED ROAD",REAR END,DIVIDED - W/MEDIAN (NOT RAISED),,STRAIGHT AND LEVEL,DRY,NO DEFECTS,ON SCENE,INJURY AND / OR TOW DUE TO CRASH,,,,"$501 - $1,500",9/27/2019 0:22,UNABLE TO DETERMINE,UNABLE TO DETERMINE,7100,S,SOUTH SHORE DR,334,,,,,,,2,NO INDICATION OF INJURY,0,0,0,0,0,2,0,0,6,9,41.7661952,-87.56290818,POINT (-87.562908182042 41.76619520231)
JC450026,,9/27/2019 0:15,20,NO CONTROLS,NO CONTROLS,CLEAR,"DARKNESS, LIGHTED ROAD",PARKED MOTOR VEHICLE,ONE-WAY,,STRAIGHT AND LEVEL,DRY,NO DEFECTS,ON SCENE,NO INJURY / DRIVE AWAY,,,,"$501 - $1,500",9/27/2019 0:25,UNABLE TO DETERMINE,NOT APPLICABLE,3631,W,SCHOOL ST,1732,,,,,,,2,NO INDICATION OF INJURY,0,0,0,0,0,1,0,0,6,9,41.94091204,-87.71873894,POINT (-87.718738934736 41.940912041523)
JC450023,,9/27/2019 0:14,30,NO CONTROLS,NO CONTROLS,CLEAR,"DARKNESS, LIGHTED ROAD",PARKED MOTOR VEHICLE,ONE-WAY,,STRAIGHT AND LEVEL,DRY,NO DEFECTS,ON SCENE,INJURY AND / OR TOW DUE TO CRASH,,N,,"OVER $1,500",9/27/2019 0:14,UNABLE TO DETERMINE,NOT APPLICABLE,4425,N,SPRINGFIELD AVE,1723,N,,,,,,2,NO INDICATION OF INJURY,0,0,0,0,0,1,0,0,6,9,41.96170355,-87.72525348,POINT (-87.725253479637 41.961703550671)
JC450328,Y,9/27/2019 0:05,30,TRAFFIC SIGNAL,FUNCTIONING PROPERLY,CLEAR,DAYLIGHT,PARKED MOTOR VEHICLE,ONE-WAY,,STRAIGHT AND LEVEL,DRY,NO DEFECTS,NOT ON SCENE (DESK REPORT),NO INJURY / DRIVE AWAY,,,Y,"OVER $1,500",9/27/2019 9:00,UNABLE TO DETERMINE,UNABLE TO DETERMINE,1533,S,RIDGEWAY AVE,1014,,,,,,,2,NO INDICATION OF INJURY,0,0,0,0,0,1,0,0,6,9,41.85976361,-87.71874155,POINT (-87.718741546176 41.859763609136)
JC450071,,9/26/2019 23:30,30,UNKNOWN,UNKNOWN,CLEAR,"DARKNESS, LIGHTED ROAD",REAR END,NOT DIVIDED,,STRAIGHT AND LEVEL,DRY,NO DEFECTS,ON SCENE,INJURY AND / OR TOW DUE TO CRASH,,,Y,"OVER $1,500",9/27/2019 2:50,NOT APPLICABLE,NOT APPLICABLE,2428,S,KOSTNER AVE,1013,,,,,,,2,INCAPACITATING INJURY,2,0,2,0,0,1,0,23,5,9,41.84674503,-87.73455521,POINT (-87.73455521151 41.846745028797)
JC450029,,9/26/2019 23:30,30,UNKNOWN,UNKNOWN,UNKNOWN,UNKNOWN,TURNING,T-INTERSECTION,,STRAIGHT AND LEVEL,UNKNOWN,UNKNOWN,NOT ON SCENE (DESK REPORT),NO INJURY / DRIVE AWAY,,,,"$501 - $1,500",9/27/2019 0:30,"OPERATING VEHICLE IN ERRATIC, RECKLESS, CARELESS, NEGLIGENT OR AGGRESSIVE MANNER",FOLLOWING TOO CLOSELY,44,N,WOLCOTT AVE,1223,,,,,,,2,NO INDICATION OF INJURY,0,0,0,0,0,3,0,23,5,9,41.88265654,-87.67436958,POINT (-87.674369584049 41.882656538928)
JC449985,,9/26/2019 23:02,30,STOP SIGN/FLASHER,FUNCTIONING PROPERLY,CLEAR,"DARKNESS, LIGHTED ROAD",PARKED MOTOR VEHICLE,NOT DIVIDED,,STRAIGHT AND LEVEL,DRY,NO DEFECTS,ON SCENE,INJURY AND / OR TOW DUE TO CRASH,,,,"OVER $1,500",9/26/2019 23:03,"EVASIVE ACTION DUE TO ANIMAL, OBJECT, NONMOTORIST",UNABLE TO DETERMINE,1605,E,50TH ST,222,,,,,,,4,NO INDICATION OF INJURY,0,0,0,0,0,2,0,23,5,9,41.80424814,-87.58624185,POINT (-87.586241846523 41.804248136144)
JC450867,,9/26/2019 23:00,30,NO CONTROLS,NO CONTROLS,UNKNOWN,DARKNESS,PARKED MOTOR VEHICLE,DIVIDED - W/MEDIAN (NOT RAISED),,STRAIGHT AND LEVEL,UNKNOWN,OTHER,NOT ON SCENE (DESK REPORT),NO INJURY / DRIVE AWAY,,,Y,"$501 - $1,500",9/27/2019 17:40,UNABLE TO DETERMINE,UNABLE TO DETERMINE,2236,N,NARRAGANSETT AVE,2512,,,,,,,3,NO INDICATION OF INJURY,0,0,0,0,0,1,0,23,5,9,41.92111297,-87.78551301,POINT (-87.785513011198 41.921112972609)
JC449984,,9/26/2019 23:00,30,NO CONTROLS,NO CONTROLS,CLEAR,"DARKNESS, LIGHTED ROAD",SIDESWIPE SAME DIRECTION,NOT DIVIDED,,STRAIGHT AND LEVEL,DRY,NO DEFECTS,NOT ON SCENE (DESK REPORT),NO INJURY / DRIVE AWAY,,,,"OVER $1,500",9/26/2019 23:15,IMPROPER LANE USAGE,DRIVING SKILLS/KNOWLEDGE/EXPERIENCE,4800,W,55TH ST,814,,,,,,,2,NO INDICATION OF INJURY,0,0,0,0,0,2,0,23,5,9,41.79312636,-87.74293177,POINT (-87.742931772386 41.793126358267)
JC449980,,9/26/2019 22:50,30,NO CONTROLS,NO CONTROLS,CLEAR,"DARKNESS, LIGHTED ROAD",PARKED MOTOR VEHICLE,NOT DIVIDED,,STRAIGHT AND LEVEL,DRY,NO DEFECTS,ON SCENE,NO INJURY / DRIVE AWAY,,,Y,"$501 - $1,500",9/26/2019 22:57,UNABLE TO DETERMINE,NOT APPLICABLE,1837,W,105TH ST,2212,,,,,,,2,NO INDICATION OF INJURY,0,0,0,0,0,1,0,22,5,9,41.70274778,-87.66850007,POINT (-87.668500067584 41.702747781935)
JC449974,,9/26/2019 22:40,30,TRAFFIC SIGNAL,FUNCTIONING PROPERLY,CLEAR,"DARKNESS, LIGHTED ROAD",TURNING,FOUR WAY,,STRAIGHT AND LEVEL,DRY,NO DEFECTS,ON SCENE,INJURY AND / OR TOW DUE TO CRASH,Y,,Y,"OVER $1,500",9/26/2019 22:41,DISREGARDING TRAFFIC SIGNALS,UNABLE TO DETERMINE,4398,W,JACKSON BLVD,1115,,,,,,,2,NO INDICATION OF INJURY,0,0,0,0,0,3,0,22,5,9,41.87707738,-87.73522908,POINT (-87.735229076195 41.877077375176)
JC449972,,9/26/2019 22:00,30,NO CONTROLS,NO CONTROLS,CLEAR,"DARKNESS, LIGHTED ROAD",SIDESWIPE SAME DIRECTION,NOT DIVIDED,,STRAIGHT AND LEVEL,DRY,NO DEFECTS,NOT ON SCENE (DESK REPORT),NO INJURY / DRIVE AWAY,Y,,,"OVER $1,500",9/26/2019 22:55,IMPROPER LANE USAGE,DRIVING SKILLS/KNOWLEDGE/EXPERIENCE,6300,S,CICERO AVE,813,,,,,,,2,NO INDICATION OF INJURY,0,0,0,0,0,3,0,22,5,9,41.77833539,-87.74243649,POINT (-87.74243649416 41.778335390453)
JC451477,,9/26/2019 21:59,30,NO CONTROLS,NO CONTROLS,CLEAR,"DARKNESS, LIGHTED ROAD",SIDESWIPE SAME DIRECTION,NOT DIVIDED,,STRAIGHT AND LEVEL,DRY,NO DEFECTS,NOT ON SCENE (DESK REPORT),NO INJURY / DRIVE AWAY,,,,"OVER $1,500",9/28/2019 8:08,UNABLE TO DETERMINE,UNABLE TO DETERMINE,225,S,CANAL ST,121,,,,,,,2,NO INDICATION OF INJURY,0,0,0,0,0,4,0,21,5,9,41.87853128,-87.63942746,POINT (-87.639427459627 41.878531278354)
JC449951,,9/26/2019 21:45,10,NO CONTROLS,NO CONTROLS,CLEAR,"DARKNESS, LIGHTED ROAD",FIXED OBJECT,OTHER,,STRAIGHT AND LEVEL,DRY,NO DEFECTS,NOT ON SCENE (DESK REPORT),NO INJURY / DRIVE AWAY,,,Y,"$501 - $1,500",9/26/2019 22:10,UNABLE TO DETERMINE,UNABLE TO DETERMINE,6350,N,CICERO AVE,1621,,,,,,,1,NO INDICATION OF INJURY,0,0,0,0,0,1,0,21,5,9,41.99714701,-87.74849096,POINT (-87.748490959667 41.997147007376)
JC450818,,9/26/2019 21:30,30,NO CONTROLS,NO CONTROLS,CLEAR,"DARKNESS, LIGHTED ROAD",ANGLE,ONE-WAY,,STRAIGHT AND LEVEL,DRY,NO DEFECTS,NOT ON SCENE (DESK REPORT),NO INJURY / DRIVE AWAY,,,,"$501 - $1,500",9/27/2019 17:00,UNABLE TO DETERMINE,UNABLE TO DETERMINE,1332,S,KEDVALE AVE,1011,,,,,,,2,NO INDICATION OF INJURY,0,0,0,0,0,2,0,21,5,9,41.86329397,-87.7289038,POINT (-87.728903796233 41.863293970427)
JC449883,,9/26/2019 21:27,30,TRAFFIC SIGNAL,NO CONTROLS,CLEAR,DUSK,REAR END,FOUR WAY,,STRAIGHT AND LEVEL,DRY,NO DEFECTS,ON SCENE,NO INJURY / DRIVE AWAY,,,,$500 OR LESS,9/26/2019 21:34,FOLLOWING TOO CLOSELY,UNABLE TO DETERMINE,1958,W,35TH ST,912,,,,,,,2,NO INDICATION OF INJURY,0,0,0,0,0,3,0,21,5,9,41.83050042,-87.67522141,POINT (-87.67522140471 41.830500417951)
JC449880,,9/26/2019 21:24,30,NO CONTROLS,NO CONTROLS,CLEAR,"DARKNESS, LIGHTED ROAD",FIXED OBJECT,NOT DIVIDED,,STRAIGHT AND LEVEL,DRY,"RUT, HOLES",ON SCENE,INJURY AND / OR TOW DUE TO CRASH,Y,,,"OVER $1,500",9/26/2019 21:24,ROAD ENGINEERING/SURFACE/MARKING DEFECTS,NOT APPLICABLE,1144,E,67TH ST,321,,,,,,,2,NO INDICATION OF INJURY,0,0,0,0,0,3,0,21,5,9,41.77334008,-87.59669402,POINT (-87.59669401888 41.773340075147)
JC449867,,9/26/2019 21:16,35,TRAFFIC SIGNAL,UNKNOWN,CLEAR,"DARKNESS, LIGHTED ROAD",SIDESWIPE SAME DIRECTION,DIVIDED - W/MEDIAN (NOT RAISED),,STRAIGHT AND LEVEL,DRY,UNKNOWN,ON SCENE,INJURY AND / OR TOW DUE TO CRASH,,,,"$501 - $1,500",9/26/2019 21:17,FAILING TO REDUCE SPEED TO AVOID CRASH,NOT APPLICABLE,242,W,75TH ST,731,,,,,,,2,NO INDICATION OF INJURY,0,0,0,0,0,2,0,21,5,9,41.75823928,-87.63129222,POINT (-87.631292219249 41.758239279424)
JC449947,,9/26/2019 21:15,30,UNKNOWN,UNKNOWN,CLEAR,"DARKNESS, LIGHTED ROAD",REAR END,DIVIDED - W/MEDIAN (NOT RAISED),,STRAIGHT ON GRADE,DRY,NO DEFECTS,ON SCENE,NO INJURY / DRIVE AWAY,,,,"OVER $1,500",9/26/2019 21:24,DRIVING SKILLS/KNOWLEDGE/EXPERIENCE,FOLLOWING TOO CLOSELY,1112,W,DIVISION ST,1822,,,,,,,2,NO INDICATION OF INJURY,0,0,0,0,0,2,0,21,5,9,41.90363475,-87.65610968,POINT (-87.656109682814 41.903634750545)
JC449920,,9/26/2019 21:15,30,NO CONTROLS,NO CONTROLS,CLEAR,DARKNESS,PARKED MOTOR VEHICLE,ONE-WAY,,STRAIGHT AND LEVEL,DRY,NO DEFECTS,NOT ON SCENE (DESK REPORT),NO INJURY / DRIVE AWAY,,,Y,"$501 - $1,500",9/26/2019 22:00,IMPROPER LANE USAGE,UNABLE TO DETERMINE,4800,W,FLOURNOY ST,1533,,,,,,,2,NO INDICATION OF INJURY,0,0,0,0,0,1,0,21,5,9,41.87218093,-87.74498443,POINT (-87.744984427653 41.87218092888)
JC449874,,9/26/2019 21:13,30,STOP SIGN/FLASHER,FUNCTIONING PROPERLY,CLEAR,"DARKNESS, LIGHTED ROAD",SIDESWIPE OPPOSITE DIRECTION,NOT DIVIDED,,STRAIGHT AND LEVEL,DRY,NO DEFECTS,ON SCENE,INJURY AND / OR TOW DUE TO CRASH,Y,,Y,"OVER $1,500",9/26/2019 21:13,"OPERATING VEHICLE IN ERRATIC, RECKLESS, CARELESS, NEGLIGENT OR AGGRESSIVE MANNER",NOT APPLICABLE,925,E,40TH ST,214,,,,,,,5,NO INDICATION OF INJURY,0,0,0,0,0,4,0,21,5,9,41.8221879,-87.6027714,POINT (-87.60277140392 41.82218789988)
JC449862,,9/26/2019 21:12,20,NO CONTROLS,NO CONTROLS,CLEAR,"DARKNESS, LIGHTED ROAD",FIXED OBJECT,ONE-WAY,,STRAIGHT AND LEVEL,DRY,NO DEFECTS,ON SCENE,INJURY AND / OR TOW DUE TO CRASH,,,Y,"OVER $1,500",9/26/2019 21:12,IMPROPER TURNING/NO SIGNAL,FAILING TO REDUCE SPEED TO AVOID CRASH,5208,W,RACE AVE,1523,,,,,,,1,NO INDICATION OF INJURY,0,0,0,0,0,1,0,21,5,9,41.89016014,-87.75584896,POINT (-87.755848957753 41.890160137169)
JC449935,,9/26/2019 21:10,30,NO CONTROLS,NO CONTROLS,CLEAR,DARKNESS,PEDESTRIAN,NOT DIVIDED,,STRAIGHT AND LEVEL,DRY,NO DEFECTS,ON SCENE,INJURY AND / OR TOW DUE TO CRASH,,,,"OVER $1,500",9/26/2019 22:02,UNABLE TO DETERMINE,UNABLE TO DETERMINE,2540,N,CLARK ST,1935,,,,,,,2,"REPORTED, NOT EVIDENT",1,0,0,0,1,1,0,21,5,9,41.92882225,-87.64256221,POINT (-87.642562208952 41.928822252364)
JC449869,,9/26/2019 21:08,30,NO CONTROLS,NO CONTROLS,CLEAR,DUSK,PARKED MOTOR VEHICLE,DIVIDED - W/MEDIAN (NOT RAISED),,STRAIGHT AND LEVEL,DRY,NO DEFECTS,ON SCENE,INJURY AND / OR TOW DUE TO CRASH,,,N,"OVER $1,500",9/26/2019 21:14,UNABLE TO DETERMINE,UNABLE TO DETERMINE,1005,S,RACINE AVE,1232,,,,,,,2,NO INDICATION OF INJURY,0,0,0,0,0,1,0,21,5,9,41.86925091,-87.65660359,POINT (-87.656603587934 41.869250906285)
JC449853,Y,9/26/2019 21:00,30,TRAFFIC SIGNAL,FUNCTIONING PROPERLY,CLEAR,DAYLIGHT,PEDESTRIAN,DIVIDED - W/MEDIAN (NOT RAISED),,STRAIGHT AND LEVEL,DRY,NO DEFECTS,ON SCENE,INJURY AND / OR TOW DUE TO CRASH,Y,,Y,$500 OR LESS,9/26/2019 21:04,UNABLE TO DETERMINE,UNABLE TO DETERMINE,3358,W,16TH ST,1021,,,,,,,2,NONINCAPACITATING INJURY,1,0,0,1,0,1,0,21,5,9,41.85913692,-87.71027863,POINT (-87.71027862755 41.85913691862)
JC449945,,9/26/2019 20:45,30,STOP SIGN/FLASHER,FUNCTIONING PROPERLY,CLEAR,DARKNESS,PEDALCYCLIST,FOUR WAY,,STRAIGHT AND LEVEL,DRY,UNKNOWN,NOT ON SCENE (DESK REPORT),NO INJURY / DRIVE AWAY,Y,,,$500 OR LESS,9/26/2019 22:30,UNABLE TO DETERMINE,NOT APPLICABLE,1200,S,CANAL ST,124,,,,,,,2,NO INDICATION OF INJURY,0,0,0,0,0,2,0,20,5,9,41.86717513,-87.63937581,POINT (-87.639375812581 41.86717512472)
JC449872,,9/26/2019 20:45,30,TRAFFIC SIGNAL,FUNCTIONING PROPERLY,CLEAR,"DARKNESS, LIGHTED ROAD",TURNING,FOUR WAY,,STRAIGHT AND LEVEL,DRY,NO DEFECTS,NOT ON SCENE (DESK REPORT),INJURY AND / OR TOW DUE TO CRASH,Y,,,"OVER $1,500",9/26/2019 21:39,FAILING TO YIELD RIGHT-OF-WAY,NOT APPLICABLE,2601,N,CALIFORNIA AVE,1411,,,,,,,2,NO INDICATION OF INJURY,0,0,0,0,0,2,0,20,5,9,41.92879376,-87.69737828,POINT (-87.697378283155 41.928793759091)
JC449858,,9/26/2019 20:40,30,TRAFFIC SIGNAL,FUNCTIONING PROPERLY,CLEAR,"DARKNESS, LIGHTED ROAD",REAR END,NOT DIVIDED,,STRAIGHT AND LEVEL,DRY,UNKNOWN,ON SCENE,INJURY AND / OR TOW DUE TO CRASH,Y,,,"OVER $1,500",9/26/2019 21:05,UNABLE TO DETERMINE,UNABLE TO DETERMINE,6500,W,IRVING PARK RD,1632,,,,,,,2,NONINCAPACITATING INJURY,2,0,0,2,0,0,0,20,5,9,41.9529842,-87.78908383,POINT (-87.789083830955 41.952984202879)
JC449852,,9/26/2019 20:40,30,NO CONTROLS,NO CONTROLS,CLEAR,"DARKNESS, LIGHTED ROAD",SIDESWIPE SAME DIRECTION,ONE-WAY,,STRAIGHT AND LEVEL,DRY,NO DEFECTS,ON SCENE,NO INJURY / DRIVE AWAY,,,,"OVER $1,500",9/26/2019 20:42,IMPROPER LANE USAGE,"VISION OBSCURED (SIGNS, TREE LIMBS, BUILDINGS, ETC.)",832,W,99TH ST,2232,,,,,,,2,NO INDICATION OF INJURY,0,0,0,0,0,2,0,20,5,9,41.7143127,-87.64430359,POINT (-87.644303587101 41.714312694705)
JC449826,,9/26/2019 20:17,30,STOP SIGN/FLASHER,FUNCTIONING PROPERLY,CLEAR,DARKNESS,TURNING,NOT DIVIDED,,STRAIGHT AND LEVEL,DRY,NO DEFECTS,ON SCENE,INJURY AND / OR TOW DUE TO CRASH,Y,,,"OVER $1,500",9/26/2019 20:29,IMPROPER LANE USAGE,UNABLE TO DETERMINE,5700,S,WABASH AVE,232,,,,,,,2,NO INDICATION OF INJURY,0,0,0,0,0,2,0,20,5,9,41.79095263,-87.62414012,POINT (-87.624140122153 41.790952627636)
JC449861,,9/26/2019 20:15,35,UNKNOWN,UNKNOWN,CLEAR,"DARKNESS, LIGHTED ROAD",TURNING,DIVIDED - W/MEDIAN BARRIER,,STRAIGHT AND LEVEL,DRY,UNKNOWN,NOT ON SCENE (DESK REPORT),NO INJURY / DRIVE AWAY,,,,"OVER $1,500",9/26/2019 21:15,UNABLE TO DETERMINE,UNABLE TO DETERMINE,5000,S,LAKE PARK AVE,222,,,,,,,2,NO INDICATION OF INJURY,0,0,0,0,0,2,0,20,5,9,41.80418808,-87.58867469,POINT (-87.58867468797 41.80418807794)
JC449830,,9/26/2019 20:15,10,NO CONTROLS,NO CONTROLS,CLEAR,DARKNESS,PARKED MOTOR VEHICLE,PARKING LOT,,STRAIGHT AND LEVEL,DRY,NO DEFECTS,ON SCENE,NO INJURY / DRIVE AWAY,,,Y,"OVER $1,500",9/26/2019 20:20,IMPROPER BACKING,NOT APPLICABLE,6249,N,MC CORMICK RD,1711,,,,,,,2,NO INDICATION OF INJURY,0,0,0,0,0,1,0,20,5,9,41.9954406,-87.71291738,POINT (-87.712917378905 41.995440602185)
JC453004,,9/26/2019 20:00,30,TRAFFIC SIGNAL,FUNCTIONING PROPERLY,CLEAR,DUSK,REAR END,NOT DIVIDED,,STRAIGHT AND LEVEL,DRY,NO DEFECTS,NOT ON SCENE (DESK REPORT),NO INJURY / DRIVE AWAY,,,,"OVER $1,500",9/29/2019 12:45,UNABLE TO DETERMINE,UNABLE TO DETERMINE,5201,W,ADDISON ST,1634,,,,,,,2,NO INDICATION OF INJURY,0,0,0,0,0,2,0,20,5,9,41.94588918,-87.75704112,POINT (-87.757041123001 41.945889175533)
JC449797,Y,9/26/2019 20:00,30,NO CONTROLS,UNKNOWN,CLEAR,"DARKNESS, LIGHTED ROAD",REAR END,DIVIDED - W/MEDIAN (NOT RAISED),,STRAIGHT AND LEVEL,DRY,UNKNOWN,NOT ON SCENE (DESK REPORT),INJURY AND / OR TOW DUE TO CRASH,,,Y,"$501 - $1,500",9/26/2019 20:08,UNABLE TO DETERMINE,UNABLE TO DETERMINE,1107,N,PULASKI RD,1112,,,,,,,2,NONINCAPACITATING INJURY,4,0,0,4,0,1,0,20,5,9,41.9011044,-87.72611017,POINT (-87.726110167256 41.901104403075)