RD_NO,CRASH_DATE_EST_I,CRASH_DATE,POSTED_SPEED_LIMIT,TRAFFIC_CONTROL_DEVICE,DEVICE_CONDITION,WEATHER_CONDITION,LIGHTING_CONDITION,FIRST_CRASH_TYPE,TRAFFICWAY_TYPE,LANE_CNT,ALIGNMENT,ROADWAY_SURFACE_COND,ROAD_DEFECT,REPORT_TYPE,CRASH_TYPE,INTERSECTION_RELATED_I,NOT_RIGHT_OF_WAY_I,HIT_AND_RUN_I,DAMAGE,DATE_POLICE_NOTIFIED,PRIM_CONTRIBUTORY_CAUSE,SEC_CONTRIBUTORY_CAUSE,STREET_NO,STREET_DIRECTION,STREET_NAME,BEAT_OF_OCCURRENCE,PHOTOS_TAKEN_I,STATEMENTS_TAKEN_I,DOORING_I,WORK_ZONE_I,WORK_ZONE_TYPE,WORKERS_PRESENT_I,NUM_UNITS,MOST_SEVERE_INJURY,INJURIES_TOTAL,INJURIES_FATAL,INJURIES_INCAPACITATING,INJURIES_NON_INCAPACITATING,INJURIES_REPORTED_NOT_EVIDENT,INJURIES_NO_INDICATION,INJURIES_UNKNOWN,CRASH_HOUR,CRASH_DAY_OF_WEEK,CRASH_MONTH,LATITUDE,LONGITUDE,LOCATION
JC449794,,9/26/2019 19:45,30,NO CONTROLS,NO CONTROLS,CLEAR,DARKNESS,TURNING,DIVIDED - W/MEDIAN (NOT RAISED),,STRAIGHT AND LEVEL,DRY,NO DEFECTS,ON SCENE,NO INJURY / DRIVE AWAY,,,,"OVER $1,500",9/26/2019 19:48,UNABLE TO DETERMINE,UNABLE TO DETERMINE,1107,N,PULASKI RD,1112,,,,,,,2,NO INDICATION OF INJURY,0,0,0,0,0,2,0,19,5,9,41.9011044,-87.72611017,POINT (-87.726110167256 41.901104403075)
JC449787,,9/26/2019 19:45,50,NO CONTROLS,NO CONTROLS,CLEAR,"DARKNESS, LIGHTED ROAD",REAR END,DIVIDED - W/MEDIAN BARRIER,,STRAIGHT AND LEVEL,DRY,NO DEFECTS,ON SCENE,INJURY AND / OR TOW DUE TO CRASH,,,,"OVER $1,500",9/26/2019 19:50,FAILING TO REDUCE SPEED TO AVOID CRASH,NOT APPLICABLE,5501,N,MANNHEIM RD,1654,,,,,,,2,NONINCAPACITATING INJURY,2,0,0,1,1,0,0,19,5,9,41.98030959,-87.87867451,POINT (-87.878674508638 41.980309592927)
JC449785,,9/26/2019 19:33,30,NO CONTROLS,NO CONTROLS,CLEAR,"DARKNESS, LIGHTED ROAD",SIDESWIPE SAME DIRECTION,DIVIDED - W/MEDIAN (NOT RAISED),,STRAIGHT AND LEVEL,DRY,NO DEFECTS,,NO INJURY / DRIVE AWAY,,,,"$501 - $1,500",9/26/2019 20:00,UNABLE TO DETERMINE,UNABLE TO DETERMINE,3940,W,LAWRENCE AVE,1712,,,,,,,2,NO INDICATION OF INJURY,0,0,0,0,0,2,0,19,5,9,41.96835954,-87.72726654,POINT (-87.727266536608 41.968359543199)
JC460223,,9/26/2019 19:30,30,STOP SIGN/FLASHER,FUNCTIONING PROPERLY,CLEAR,DARKNESS,PEDESTRIAN,FOUR WAY,,STRAIGHT AND LEVEL,DRY,NO DEFECTS,NOT ON SCENE (DESK REPORT),INJURY AND / OR TOW DUE TO CRASH,,,Y,$500 OR LESS,10/4/2019 18:40,UNABLE TO DETERMINE,NOT APPLICABLE,435,N,MAY ST,1214,,,,,,,2,"REPORTED, NOT EVIDENT",1,0,0,0,1,1,0,19,5,9,41.88999685,-87.65561742,POINT (-87.655617419623 41.889996849554)
JC456820,,9/26/2019 19:30,40,TRAFFIC SIGNAL,FUNCTIONING PROPERLY,CLEAR,"DARKNESS, LIGHTED ROAD",SIDESWIPE SAME DIRECTION,DIVIDED - W/MEDIAN (NOT RAISED),,STRAIGHT AND LEVEL,DRY,NO DEFECTS,NOT ON SCENE (DESK REPORT),NO INJURY / DRIVE AWAY,,,,"OVER $1,500",10/2/2019 9:27,IMPROPER LANE USAGE,UNABLE TO DETERMINE,800,N,LAKE SHORE DR NB,1833,,,,,,,2,NO INDICATION OF INJURY,0,0,0,0,0,2,0,19,5,9,41.89681668,-87.61682704,POINT (-87.61682704395 41.896816682694)
JC450279,,9/26/2019 19:30,30,TRAFFIC SIGNAL,FUNCTIONING PROPERLY,CLEAR,"DARKNESS, LIGHTED ROAD",SIDESWIPE SAME DIRECTION,NOT DIVIDED,,STRAIGHT AND LEVEL,DRY,NO DEFECTS,NOT ON SCENE (DESK REPORT),NO INJURY / DRIVE AWAY,,,Y,"$501 - $1,500",9/27/2019 9:00,UNABLE TO DETERMINE,UNABLE TO DETERMINE,2259,S,KEDZIE AVE,1033,,,,,,,2,NO INDICATION OF INJURY,0,0,0,0,0,2,0,19,5,9,41.85004479,-87.70505663,POINT (-87.705056633988 41.850044792734)
JC450048,,9/26/2019 19:30,30,UNKNOWN,UNKNOWN,UNKNOWN,UNKNOWN,REAR END,NOT DIVIDED,,STRAIGHT AND LEVEL,UNKNOWN,UNKNOWN,NOT ON SCENE (DESK REPORT),NO INJURY / DRIVE AWAY,,,,"OVER $1,500",9/26/2019 22:59,UNABLE TO DETERMINE,NOT APPLICABLE,4553,N,CICERO AVE,1722,,,,,,,2,NO INDICATION OF INJURY,0,0,0,0,0,2,0,19,5,9,41.96412857,-87.74738887,POINT (-87.747388869916 41.964128570101)
JC449873,,9/26/2019 19:30,30,NO CONTROLS,NO CONTROLS,CLEAR,DAYLIGHT,ANGLE,NOT DIVIDED,,STRAIGHT AND LEVEL,DRY,NO DEFECTS,NOT ON SCENE (DESK REPORT),NO INJURY / DRIVE AWAY,,,,"$501 - $1,500",9/26/2019 21:32,IMPROPER BACKING,IMPROPER BACKING,7217,W,RASCHER AVE,1613,,,,,,,2,NO INDICATION OF INJURY,0,0,0,0,0,2,0,19,5,9,41.97855208,-87.80775933,POINT (-87.807759328744 41.978552081357)
JC449849,,9/26/2019 19:30,30,UNKNOWN,UNKNOWN,UNKNOWN,UNKNOWN,REAR END,NOT DIVIDED,,STRAIGHT AND LEVEL,UNKNOWN,UNKNOWN,NOT ON SCENE (DESK REPORT),NO INJURY / DRIVE AWAY,,,,"OVER $1,500",9/26/2019 21:00,UNABLE TO DETERMINE,NOT APPLICABLE,3509,N,HARLEM AVE,1632,,,,,,,2,NO INDICATION OF INJURY,0,0,0,0,0,3,0,19,5,9,41.94376517,-87.80680786,POINT (-87.806807855039 41.943765167738)
JC449778,,9/26/2019 19:29,30,TRAFFIC SIGNAL,FUNCTIONING PROPERLY,CLEAR,"DARKNESS, LIGHTED ROAD",SIDESWIPE SAME DIRECTION,DIVIDED - W/MEDIAN BARRIER,,STRAIGHT ON GRADE,DRY,NO DEFECTS,,NO INJURY / DRIVE AWAY,,,,"OVER $1,500",9/26/2019 19:33,FOLLOWING TOO CLOSELY,IMPROPER LANE USAGE,128,E,ROOSEVELT RD,114,,,,,,,2,NO INDICATION OF INJURY,0,0,0,0,0,3,0,19,5,9,41.86758719,-87.62311949,POINT (-87.623119491581 41.867587193463)
JC449865,,9/26/2019 19:21,30,NO CONTROLS,NO CONTROLS,CLEAR,DARKNESS,TURNING,NOT DIVIDED,,STRAIGHT AND LEVEL,DRY,NO DEFECTS,ON SCENE,INJURY AND / OR TOW DUE TO CRASH,,,,"OVER $1,500",9/26/2019 19:30,FAILING TO REDUCE SPEED TO AVOID CRASH,NOT APPLICABLE,3419,W,55TH ST,822,,,,,,,5,"REPORTED, NOT EVIDENT",2,0,0,0,2,3,0,19,5,9,41.79331859,-87.70934419,POINT (-87.709344188057 41.793318589113)
JC449760,,9/26/2019 19:10,30,TRAFFIC SIGNAL,FUNCTIONING PROPERLY,CLEAR,DARKNESS,REAR END,DIVIDED - W/MEDIAN (NOT RAISED),,STRAIGHT AND LEVEL,DRY,NO DEFECTS,ON SCENE,INJURY AND / OR TOW DUE TO CRASH,N,,,"OVER $1,500",9/26/2019 19:13,DISREGARDING TRAFFIC SIGNALS,FOLLOWING TOO CLOSELY,8900,S,SOUTH CHICAGO AVE,423,,,,,,,2,NO INDICATION OF INJURY,0,0,0,0,0,2,0,19,5,9,41.73353363,-87.56081918,POINT (-87.560819183447 41.733533628921)
JC449780,,9/26/2019 19:00,30,TRAFFIC SIGNAL,FUNCTIONING PROPERLY,CLEAR,"DARKNESS, LIGHTED ROAD",SIDESWIPE SAME DIRECTION,NOT DIVIDED,,STRAIGHT AND LEVEL,DRY,NO DEFECTS,NOT ON SCENE (DESK REPORT),NO INJURY / DRIVE AWAY,,,,"OVER $1,500",9/26/2019 19:05,UNDER THE INFLUENCE OF ALCOHOL/DRUGS (USE WHEN ARREST IS EFFECTED),PHYSICAL CONDITION OF DRIVER,2311,N,LINCOLN AVE,1812,,,,,,,2,NO INDICATION OF INJURY,0,0,0,0,0,2,0,19,5,9,41.92399547,-87.64652104,POINT (-87.646521042506 41.923995470722)
JC449733,,9/26/2019 18:56,30,TRAFFIC SIGNAL,FUNCTIONING PROPERLY,CLEAR,"DARKNESS, LIGHTED ROAD",SIDESWIPE SAME DIRECTION,ONE-WAY,,STRAIGHT AND LEVEL,DRY,NO DEFECTS,ON SCENE,NO INJURY / DRIVE AWAY,,,Y,"OVER $1,500",9/26/2019 19:00,"OPERATING VEHICLE IN ERRATIC, RECKLESS, CARELESS, NEGLIGENT OR AGGRESSIVE MANNER",NOT APPLICABLE,1000,N,RUSH ST,1824,,,,,,,2,NO INDICATION OF INJURY,0,0,0,0,0,2,0,18,5,9,41.90076143,-87.62766854,POINT (-87.627668539877 41.900761424509)
JC449706,,9/26/2019 18:46,30,TRAFFIC SIGNAL,NO CONTROLS,CLEAR,DAWN,SIDESWIPE SAME DIRECTION,NOT DIVIDED,,STRAIGHT AND LEVEL,DRY,NO DEFECTS,ON SCENE,INJURY AND / OR TOW DUE TO CRASH,,,,"OVER $1,500",9/26/2019 18:47,FAILING TO YIELD RIGHT-OF-WAY,NOT APPLICABLE,7634,N,ROGERS AVE,2422,,,,,,,2,NO INDICATION OF INJURY,0,0,0,0,0,2,0,18,5,9,42.02019421,-87.66677455,POINT (-87.666774552164 42.020194205182)
JC449732,,9/26/2019 18:41,30,NO CONTROLS,FUNCTIONING PROPERLY,CLEAR,DUSK,TURNING,FOUR WAY,,STRAIGHT AND LEVEL,DRY,NO DEFECTS,ON SCENE,NO INJURY / DRIVE AWAY,,,,$500 OR LESS,9/26/2019 18:52,DRIVING SKILLS/KNOWLEDGE/EXPERIENCE,NOT APPLICABLE,3159,N,CICERO AVE,2521,,,,,,,2,NO INDICATION OF INJURY,0,0,0,0,0,5,0,18,5,9,41.93878066,-87.74672581,POINT (-87.74672580981 41.938780659589)
JC449685,,9/26/2019 18:40,30,TRAFFIC SIGNAL,FUNCTIONING PROPERLY,CLEAR,DAYLIGHT,ANGLE,UNKNOWN INTERSECTION TYPE,,STRAIGHT AND LEVEL,DRY,NO DEFECTS,ON SCENE,INJURY AND / OR TOW DUE TO CRASH,Y,,,"OVER $1,500",9/26/2019 18:43,UNABLE TO DETERMINE,FAILING TO REDUCE SPEED TO AVOID CRASH,201,W,59TH ST,232,,,,,,,2,NONINCAPACITATING INJURY,1,0,0,1,0,3,0,18,5,9,41.78714637,-87.63032561,POINT (-87.63032561104 41.787146368088)
JC449699,,9/26/2019 18:35,30,TRAFFIC SIGNAL,FUNCTIONING PROPERLY,CLEAR,DAYLIGHT,REAR END,NOT DIVIDED,,STRAIGHT AND LEVEL,DRY,NO DEFECTS,ON SCENE,NO INJURY / DRIVE AWAY,,,Y,"OVER $1,500",9/26/2019 18:41,FOLLOWING TOO CLOSELY,NOT APPLICABLE,7900,S,STONY ISLAND AVE,411,,,,,,,3,NO INDICATION OF INJURY,0,0,0,0,0,3,0,18,5,9,41.7514606,-87.58597199,POINT (-87.585971992965 41.751460603167)
JC450757,,9/26/2019 18:30,30,NO CONTROLS,NO CONTROLS,CLEAR,DAYLIGHT,ANGLE,NOT DIVIDED,,STRAIGHT AND LEVEL,DRY,NO DEFECTS,NOT ON SCENE (DESK REPORT),NO INJURY / DRIVE AWAY,,,,"$501 - $1,500",9/27/2019 16:26,UNABLE TO DETERMINE,UNABLE TO DETERMINE,219,N,GREEN ST,1214,,,,,,,2,NO INDICATION OF INJURY,0,0,0,0,0,4,0,18,5,9,41.88628212,-87.64851478,POINT (-87.648514779738 41.886282116841)
JC449754,,9/26/2019 18:30,30,OTHER REG. SIGN,OTHER,CLEAR,DAYLIGHT,PARKED MOTOR VEHICLE,DIVIDED - W/MEDIAN (NOT RAISED),,STRAIGHT AND LEVEL,DRY,NO DEFECTS,NOT ON SCENE (DESK REPORT),NO INJURY / DRIVE AWAY,,,Y,"$501 - $1,500",9/26/2019 19:30,UNABLE TO DETERMINE,UNABLE TO DETERMINE,2840,W,DEVON AVE,2412,,,,,,,2,NO INDICATION OF INJURY,0,0,0,0,0,1,0,18,5,9,41.9976417,-87.70126028,POINT (-87.701260281131 41.997641701374)
JC449724,,9/26/2019 18:30,30,NO CONTROLS,NO CONTROLS,CLEAR,DAYLIGHT,PEDALCYCLIST,DIVIDED - W/MEDIAN (NOT RAISED),,STRAIGHT AND LEVEL,DRY,UNKNOWN,NOT ON SCENE (DESK REPORT),INJURY AND / OR TOW DUE TO CRASH,Y,,,$500 OR LESS,9/26/2019 19:05,FOLLOWING TOO CLOSELY,UNABLE TO DETERMINE,700,W,FULLERTON AVE,1935,,,,,,,2,NONINCAPACITATING INJURY,1,0,0,1,0,1,0,18,5,9,41.92560232,-87.64638177,POINT (-87.646381768559 41.925602316253)
JC449694,,9/26/2019 18:30,35,STOP SIGN/FLASHER,UNKNOWN,CLEAR,DAYLIGHT,ANGLE,NOT DIVIDED,,STRAIGHT AND LEVEL,DRY,NO DEFECTS,ON SCENE,INJURY AND / OR TOW DUE TO CRASH,Y,,,"OVER $1,500",9/26/2019 18:38,UNABLE TO DETERMINE,UNABLE TO DETERMINE,10800,S,EWING AVE,432,,,,,,,2,NO INDICATION OF INJURY,0,0,0,0,0,2,0,18,5,9,41.69901252,-87.53542791,POINT (-87.53542791363 41.699012522767)
JC449678,,9/26/2019 18:27,30,NO CONTROLS,NO CONTROLS,CLEAR,DAWN,PARKED MOTOR VEHICLE,NOT DIVIDED,,STRAIGHT AND LEVEL,DRY,NO DEFECTS,ON SCENE,NO INJURY / DRIVE AWAY,,,,"OVER $1,500",9/26/2019 18:27,NOT APPLICABLE,NOT APPLICABLE,3722,S,SPAULDING AVE,911,,,,,,,2,NO INDICATION OF INJURY,0,0,0,0,0,1,0,18,5,9,41.82530262,-87.70707573,POINT (-87.707075731546 41.825302617525)
JC449671,,9/26/2019 18:23,30,STOP SIGN/FLASHER,FUNCTIONING PROPERLY,CLEAR,DAYLIGHT,PEDESTRIAN,DIVIDED - W/MEDIAN (NOT RAISED),,STRAIGHT AND LEVEL,DRY,UNKNOWN,ON SCENE,INJURY AND / OR TOW DUE TO CRASH,Y,,,$500 OR LESS,9/26/2019 18:32,"VISION OBSCURED (SIGNS, TREE LIMBS, BUILDINGS, ETC.)",UNABLE TO DETERMINE,2199,W,DEVON AVE,2413,,,,,,,2,"REPORTED, NOT EVIDENT",1,0,0,0,1,1,0,18,5,9,41.99770414,-87.68494652,POINT (-87.684946523705 41.997704137884)
JC449736,,9/26/2019 18:20,30,NO CONTROLS,NO CONTROLS,CLEAR,DAYLIGHT,SIDESWIPE SAME DIRECTION,ONE-WAY,,STRAIGHT AND LEVEL,DRY,NO DEFECTS,NOT ON SCENE (DESK REPORT),NO INJURY / DRIVE AWAY,,,Y,"OVER $1,500",9/26/2019 19:00,IMPROPER OVERTAKING/PASSING,UNABLE TO DETERMINE,6300,S,STATE ST,312,,,,,,,2,NO INDICATION OF INJURY,0,0,0,0,0,2,0,18,5,9,41.78000828,-87.62552251,POINT (-87.625522511916 41.780008277408)
JC449728,,9/26/2019 18:15,35,STOP SIGN/FLASHER,FUNCTIONING PROPERLY,CLEAR,DAYLIGHT,REAR END,DIVIDED - W/MEDIAN (NOT RAISED),,STRAIGHT AND LEVEL,DRY,UNKNOWN,NOT ON SCENE (DESK REPORT),NO INJURY / DRIVE AWAY,,,,"$501 - $1,500",9/26/2019 19:43,FOLLOWING TOO CLOSELY,NOT APPLICABLE,6200,S,YALE AVE,711,,,,,,,2,NO INDICATION OF INJURY,0,0,0,0,0,2,0,18,5,9,41.78163247,-87.63204099,POINT (-87.632040984849 41.78163247109)
JC449743,,9/26/2019 18:13,30,NO CONTROLS,NO CONTROLS,CLEAR,DAYLIGHT,SIDESWIPE SAME DIRECTION,NOT DIVIDED,,STRAIGHT AND LEVEL,DRY,NO DEFECTS,NOT ON SCENE (DESK REPORT),NO INJURY / DRIVE AWAY,,,,"OVER $1,500",9/26/2019 19:27,UNABLE TO DETERMINE,UNABLE TO DETERMINE,6224,N,CENTRAL AVE,1621,,,,,,,2,NO INDICATION OF INJURY,0,0,0,0,0,2,0,18,5,9,41.99511164,-87.76475292,POINT (-87.764752917955 41.995111638123)
JC449649,,9/26/2019 18:07,30,TRAFFIC SIGNAL,FUNCTIONING PROPERLY,CLEAR,DAYLIGHT,TURNING,FOUR WAY,,STRAIGHT AND LEVEL,DRY,NO DEFECTS,ON SCENE,INJURY AND / OR TOW DUE TO CRASH,,,,"OVER $1,500",9/26/2019 18:07,DISREGARDING TRAFFIC SIGNALS,FAILING TO REDUCE SPEED TO AVOID CRASH,5001,W,FULLERTON AVE,2522,,,,,,,2,NO INDICATION OF INJURY,0,0,0,0,0,2,0,18,5,9,41.92406399,-87.75134815,POINT (-87.751348151764 41.924063988935)
JC451500,Y,9/26/2019 18:00,30,NO CONTROLS,NO CONTROLS,UNKNOWN,UNKNOWN,PARKED MOTOR VEHICLE,ONE-WAY,,STRAIGHT AND LEVEL,UNKNOWN,UNKNOWN,ON SCENE,NO INJURY / DRIVE AWAY,,,Y,"$501 - $1,500",9/28/2019 8:22,UNABLE TO DETERMINE,NOT APPLICABLE,3647,N,LAKEWOOD AVE,1923,,,,,,,2,NO INDICATION OF INJURY,0,0,0,0,0,1,0,18,5,9,41.94850084,-87.66148386,POINT (-87.661483855933 41.948500843088)
JC449777,Y,9/26/2019 18:00,30,NO CONTROLS,UNKNOWN,UNKNOWN,UNKNOWN,PARKED MOTOR VEHICLE,ONE-WAY,,STRAIGHT AND LEVEL,UNKNOWN,NO DEFECTS,ON SCENE,NO INJURY / DRIVE AWAY,,,Y,"OVER $1,500",9/26/2019 19:39,UNABLE TO DETERMINE,NOT APPLICABLE,1621,N,NATCHEZ AVE,2513,,,,,,,2,NO INDICATION OF INJURY,0,0,0,0,0,1,0,18,5,9,41.90976239,-87.78813823,POINT (-87.788138228712 41.909762389696)
JC449737,,9/26/2019 18:00,30,NO CONTROLS,NO CONTROLS,CLEAR,DAYLIGHT,REAR END,DIVIDED - W/MEDIAN (NOT RAISED),,STRAIGHT AND LEVEL,DRY,NO DEFECTS,NOT ON SCENE (DESK REPORT),NO INJURY / DRIVE AWAY,,,,"$501 - $1,500",9/26/2019 19:20,UNABLE TO DETERMINE,NOT APPLICABLE,350,N,SACRAMENTO BLVD,1222,,,,,,,2,NO INDICATION OF INJURY,0,0,0,0,0,2,0,18,5,9,41.88794596,-87.70155169,POINT (-87.701551690226 41.887945956612)
JC449621,,9/26/2019 18:00,30,UNKNOWN,UNKNOWN,CLEAR,DAYLIGHT,PEDESTRIAN,NOT DIVIDED,,STRAIGHT AND LEVEL,DRY,UNKNOWN,ON SCENE,INJURY AND / OR TOW DUE TO CRASH,,,Y,"OVER $1,500",9/26/2019 18:01,UNABLE TO DETERMINE,NOT APPLICABLE,7400,S,RACINE AVE,734,,,,,,,2,"REPORTED, NOT EVIDENT",1,0,0,0,1,1,0,18,5,9,41.75954691,-87.65411775,POINT (-87.654117747793 41.759546908416)
JC449709,,9/26/2019 17:57,20,NO CONTROLS,NO CONTROLS,CLEAR,DUSK,PARKED MOTOR VEHICLE,ONE-WAY,,STRAIGHT AND LEVEL,DRY,NO DEFECTS,ON SCENE,NO INJURY / DRIVE AWAY,,,Y,"OVER $1,500",9/26/2019 18:53,UNABLE TO DETERMINE,NOT APPLICABLE,3503,W,23RD ST,1024,,,,,,,3,NO INDICATION OF INJURY,0,0,0,0,0,1,0,17,5,9,41.84976221,-87.71265662,POINT (-87.712656619404 41.849762207869)
JC449634,,9/26/2019 17:51,30,NO CONTROLS,NO CONTROLS,CLEAR,DAYLIGHT,PEDESTRIAN,FOUR WAY,,STRAIGHT AND LEVEL,DRY,NO DEFECTS,ON SCENE,INJURY AND / OR TOW DUE TO CRASH,Y,,N,$500 OR LESS,9/26/2019 17:52,FAILING TO YIELD RIGHT-OF-WAY,UNABLE TO DETERMINE,2000,W,78TH ST,611,,,,,,,2,"REPORTED, NOT EVIDENT",1,0,0,0,1,1,0,17,5,9,41.75216273,-87.67324483,POINT (-87.673244826609 41.752162728593)
JC449641,,9/26/2019 17:45,20,NO CONTROLS,NO CONTROLS,CLEAR,DAYLIGHT,ANGLE,OTHER,,STRAIGHT AND LEVEL,DRY,UNKNOWN,NOT ON SCENE (DESK REPORT),NO INJURY / DRIVE AWAY,,,,"$501 - $1,500",9/26/2019 18:00,FAILING TO YIELD RIGHT-OF-WAY,UNABLE TO DETERMINE,2260,E,103RD ST,431,,,,,,,2,NO INDICATION OF INJURY,0,0,0,0,0,2,0,17,5,9,41.7081552,-87.56819821,POINT (-87.568198209543 41.708155203937)
JC450536,,9/26/2019 17:30,30,NO CONTROLS,NO CONTROLS,CLEAR,DAYLIGHT,PEDESTRIAN,NOT DIVIDED,,STRAIGHT AND LEVEL,DRY,NO DEFECTS,NOT ON SCENE (DESK REPORT),NO INJURY / DRIVE AWAY,Y,,Y,$500 OR LESS,9/27/2019 13:15,FAILING TO YIELD RIGHT-OF-WAY,UNABLE TO DETERMINE,98,E,WASHINGTON ST,111,,,,,,,2,NO INDICATION OF INJURY,0,0,0,0,0,2,0,17,5,9,41.88334002,-87.62444926,POINT (-87.624449258593 41.883340015698)
JC450225,,9/26/2019 17:30,30,NO CONTROLS,NO CONTROLS,CLEAR,DAYLIGHT,SIDESWIPE SAME DIRECTION,ONE-WAY,,STRAIGHT AND LEVEL,DRY,NO DEFECTS,NOT ON SCENE (DESK REPORT),NO INJURY / DRIVE AWAY,,,,"$501 - $1,500",9/27/2019 9:00,UNABLE TO DETERMINE,DRIVING SKILLS/KNOWLEDGE/EXPERIENCE,3658,S,WENTWORTH AVE,915,Y,,,,,,2,NO INDICATION OF INJURY,0,0,0,0,0,2,0,17,5,9,41.82733982,-87.63156879,POINT (-87.631568789787 41.827339819897)
JC449905,Y,9/26/2019 17:30,30,NO CONTROLS,NO CONTROLS,CLEAR,DAYLIGHT,PARKED MOTOR VEHICLE,DIVIDED - W/MEDIAN (NOT RAISED),,STRAIGHT AND LEVEL,DRY,NO DEFECTS,NOT ON SCENE (DESK REPORT),NO INJURY / DRIVE AWAY,,,Y,"$501 - $1,500",9/26/2019 21:50,UNABLE TO DETERMINE,NOT APPLICABLE,3644,S,ARCHER AVE,912,,,,,,,2,NO INDICATION OF INJURY,0,0,0,0,0,1,0,17,5,9,41.8275839,-87.68245444,POINT (-87.682454442461 41.827583896764)
JC449670,,9/26/2019 17:30,30,UNKNOWN,UNKNOWN,UNKNOWN,UNKNOWN,TURNING,T-INTERSECTION,,STRAIGHT AND LEVEL,UNKNOWN,UNKNOWN,NOT ON SCENE (DESK REPORT),NO INJURY / DRIVE AWAY,Y,,,"$501 - $1,500",9/26/2019 18:15,DRIVING SKILLS/KNOWLEDGE/EXPERIENCE,UNABLE TO DETERMINE,1300,S,STATE ST,131,,,,,,,2,NO INDICATION OF INJURY,0,0,0,0,0,2,0,17,5,9,41.86565703,-87.62752942,POINT (-87.627529418922 41.865657029899)
JC449650,,9/26/2019 17:30,30,NO CONTROLS,NO CONTROLS,CLEAR,DAYLIGHT,REAR END,ONE-WAY,,STRAIGHT AND LEVEL,DRY,NO DEFECTS,NOT ON SCENE (DESK REPORT),NO INJURY / DRIVE AWAY,,,,"OVER $1,500",9/26/2019 18:25,FOLLOWING TOO CLOSELY,UNABLE TO DETERMINE,300,W,BELMONT AVE,1925,,,,,,,2,NO INDICATION OF INJURY,0,0,0,0,0,3,0,17,5,9,41.94068746,-87.63809213,POINT (-87.638092128602 41.940687458655)
JC449795,,9/26/2019 17:24,30,TRAFFIC SIGNAL,FUNCTIONING PROPERLY,CLEAR,DAYLIGHT,SIDESWIPE SAME DIRECTION,DIVIDED - W/MEDIAN (NOT RAISED),,STRAIGHT AND LEVEL,DRY,NO DEFECTS,NOT ON SCENE (DESK REPORT),NO INJURY / DRIVE AWAY,,,Y,"$501 - $1,500",9/26/2019 20:00,FOLLOWING TOO CLOSELY,FAILING TO REDUCE SPEED TO AVOID CRASH,8522,S,LAFAYETTE AVE,622,,,,,,,2,NO INDICATION OF INJURY,0,0,0,0,0,2,0,17,5,9,41.739233,-87.62568387,POINT (-87.625683870609 41.739233002546)
JC449610,,9/26/2019 17:24,30,NO CONTROLS,NO CONTROLS,CLEAR,DAYLIGHT,TURNING,DIVIDED - W/MEDIAN (NOT RAISED),,STRAIGHT AND LEVEL,UNKNOWN,UNKNOWN,ON SCENE,NO INJURY / DRIVE AWAY,,,,"OVER $1,500",9/26/2019 17:25,IMPROPER TURNING/NO SIGNAL,NOT APPLICABLE,4626,W,IRVING PARK RD,1722,,,,,,,2,NO INDICATION OF INJURY,0,0,0,0,0,3,0,17,5,9,41.95357854,-87.74367835,POINT (-87.743678353055 41.953578536491)
JC449625,,9/26/2019 17:23,30,NO CONTROLS,NO CONTROLS,CLEAR,DAYLIGHT,REAR END,NOT DIVIDED,,STRAIGHT AND LEVEL,DRY,NO DEFECTS,NOT ON SCENE (DESK REPORT),NO INJURY / DRIVE AWAY,,,,"OVER $1,500",9/26/2019 17:50,FOLLOWING TOO CLOSELY,NOT APPLICABLE,5100,W,NORTH AVE,2533,,,,,,,2,NO INDICATION OF INJURY,0,0,0,0,0,2,0,17,5,9,41.90964984,-87.75269216,POINT (-87.752692160653 41.909649836345)
JC452073,,9/26/2019 17:22,30,NO CONTROLS,NO CONTROLS,UNKNOWN,UNKNOWN,SIDESWIPE SAME DIRECTION,NOT DIVIDED,,STRAIGHT AND LEVEL,UNKNOWN,UNKNOWN,NOT ON SCENE (DESK REPORT),NO INJURY / DRIVE AWAY,,,,"OVER $1,500",9/28/2019 16:32,IMPROPER OVERTAKING/PASSING,UNABLE TO DETERMINE,7701,S,COTTAGE GROVE AVE,624,,,,,,,2,NO INDICATION OF INJURY,0,0,0,0,0,2,0,17,5,9,41.75484495,-87.60514671,POINT (-87.605146706338 41.754844946598)
JC449928,,9/26/2019 17:20,35,TRAFFIC SIGNAL,FUNCTIONING PROPERLY,CLEAR,DAYLIGHT,TURNING,DIVIDED - W/MEDIAN BARRIER,,STRAIGHT AND LEVEL,DRY,NO DEFECTS,NOT ON SCENE (DESK REPORT),INJURY AND / OR TOW DUE TO CRASH,Y,,,"OVER $1,500",9/26/2019 22:00,TURNING RIGHT ON RED,NOT APPLICABLE,1500,S,STATE ST,131,,,,,,,2,NO INDICATION OF INJURY,0,0,0,0,0,3,0,17,5,9,41.8618898,-87.62743548,POINT (-87.627435477216 41.861889801964)
JC449663,,9/26/2019 17:20,30,NO CONTROLS,NO CONTROLS,CLEAR,DAYLIGHT,SIDESWIPE SAME DIRECTION,NOT DIVIDED,,STRAIGHT AND LEVEL,DRY,NO DEFECTS,NOT ON SCENE (DESK REPORT),NO INJURY / DRIVE AWAY,,,,"$501 - $1,500",9/26/2019 18:28,UNABLE TO DETERMINE,UNABLE TO DETERMINE,698,N,CLARK ST,1832,,,,,,,2,NO INDICATION OF INJURY,0,0,0,0,0,3,0,17,5,9,41.8947912,-87.63134895,POINT (-87.631348952767 41.894791197287)