RD_NO,CRASH_DATE_EST_I,CRASH_DATE,POSTED_SPEED_LIMIT,TRAFFIC_CONTROL_DEVICE,DEVICE_CONDITION,WEATHER_CONDITION,LIGHTING_CONDITION,FIRST_CRASH_TYPE,TRAFFICWAY_TYPE,LANE_CNT,ALIGNMENT,ROADWAY_SURFACE_COND,ROAD_DEFECT,REPORT_TYPE,CRASH_TYPE,INTERSECTION_RELATED_I,NOT_RIGHT_OF_WAY_I,HIT_AND_RUN_I,DAMAGE,DATE_POLICE_NOTIFIED,PRIM_CONTRIBUTORY_CAUSE,SEC_CONTRIBUTORY_CAUSE,STREET_NO,STREET_DIRECTION,STREET_NAME,BEAT_OF_OCCURRENCE,PHOTOS_TAKEN_I,STATEMENTS_TAKEN_I,DOORING_I,WORK_ZONE_I,WORK_ZONE_TYPE,WORKERS_PRESENT_I,NUM_UNITS,MOST_SEVERE_INJURY,INJURIES_TOTAL,INJURIES_FATAL,INJURIES_INCAPACITATING,INJURIES_NON_INCAPACITATING,INJURIES_REPORTED_NOT_EVIDENT,INJURIES_NO_INDICATION,INJURIES_UNKNOWN,CRASH_HOUR,CRASH_DAY_OF_WEEK,CRASH_MONTH,LATITUDE,LONGITUDE,LOCATION
JC449596,,9/26/2019 17:20,30,TRAFFIC SIGNAL,FUNCTIONING PROPERLY,CLEAR,DAYLIGHT,REAR END,NOT DIVIDED,,STRAIGHT AND LEVEL,DRY,NO DEFECTS,ON SCENE,NO INJURY / DRIVE AWAY,Y,,,"OVER $1,500",9/26/2019 17:20,FOLLOWING TOO CLOSELY,NOT APPLICABLE,3720,W,ROOSEVELT RD,1133,,,,,,,2,NO INDICATION OF INJURY,0,0,0,0,0,2,0,17,5,9,41.86636704,-87.71877673,POINT (-87.718776732712 41.866367044069)
JC449522,,9/26/2019 17:15,30,TRAFFIC SIGNAL,FUNCTIONING PROPERLY,CLEAR,DAYLIGHT,SIDESWIPE SAME DIRECTION,NOT DIVIDED,,STRAIGHT AND LEVEL,DRY,NO DEFECTS,ON SCENE,NO INJURY / DRIVE AWAY,,,,"$501 - $1,500",9/26/2019 17:20,IMPROPER OVERTAKING/PASSING,IMPROPER OVERTAKING/PASSING,258,W,83RD ST,622,,,,,,,2,NO INDICATION OF INJURY,0,0,0,0,0,2,0,17,5,9,41.74365787,-87.63134312,POINT (-87.631343122454 41.743657866603)
JC449600,,9/26/2019 17:12,30,TRAFFIC SIGNAL,FUNCTIONING PROPERLY,CLEAR,DAYLIGHT,PEDALCYCLIST,DIVIDED - W/MEDIAN BARRIER,,STRAIGHT AND LEVEL,DRY,NO DEFECTS,ON SCENE,NO INJURY / DRIVE AWAY,Y,,,"OVER $1,500",9/26/2019 17:13,IMPROPER LANE USAGE,UNABLE TO DETERMINE,102,E,WACKER DR,114,,,,,,,2,NO INDICATION OF INJURY,0,0,0,0,0,4,0,17,5,9,41.88840069,-87.62432171,POINT (-87.624321713986 41.88840068568)
JC450248,,9/26/2019 17:10,35,TRAFFIC SIGNAL,FUNCTIONING PROPERLY,CLEAR,DAYLIGHT,REAR END,NOT DIVIDED,,STRAIGHT AND LEVEL,DRY,NO DEFECTS,NOT ON SCENE (DESK REPORT),NO INJURY / DRIVE AWAY,Y,,,"OVER $1,500",9/27/2019 9:17,FOLLOWING TOO CLOSELY,DRIVING SKILLS/KNOWLEDGE/EXPERIENCE,10355,S,PULASKI RD,2211,,,,,,,2,NO INDICATION OF INJURY,0,0,0,0,0,2,0,17,5,9,41.70425197,-87.7206918,POINT (-87.720691803659 41.704251971418)
JC449594,,9/26/2019 17:10,30,NO CONTROLS,NO CONTROLS,CLEAR,DAWN,TURNING,NOT DIVIDED,,STRAIGHT AND LEVEL,DRY,NO DEFECTS,NOT ON SCENE (DESK REPORT),NO INJURY / DRIVE AWAY,,,,"$501 - $1,500",9/26/2019 17:40,UNABLE TO DETERMINE,UNABLE TO DETERMINE,5475,N,NORTHWEST HWY,1622,,,,,,,2,NO INDICATION OF INJURY,0,0,0,0,0,2,0,17,5,9,41.98025482,-87.77724476,POINT (-87.777244764198 41.980254820139)
JC449624,,9/26/2019 17:05,30,TRAFFIC SIGNAL,FUNCTIONING PROPERLY,CLEAR,DAYLIGHT,SIDESWIPE SAME DIRECTION,NOT DIVIDED,,STRAIGHT AND LEVEL,WET,NO DEFECTS,NOT ON SCENE (DESK REPORT),NO INJURY / DRIVE AWAY,Y,,Y,$500 OR LESS,9/26/2019 18:00,IMPROPER OVERTAKING/PASSING,NOT APPLICABLE,333,N,CANAL ST,1214,,,,,,,2,NO INDICATION OF INJURY,0,0,0,0,0,3,0,17,5,9,41.88787217,-87.63980618,POINT (-87.639806180502 41.887872173955)
JC449639,,9/26/2019 17:04,30,NO CONTROLS,NO CONTROLS,CLEAR,DAYLIGHT,REAR END,NOT DIVIDED,,STRAIGHT AND LEVEL,UNKNOWN,UNKNOWN,ON SCENE,NO INJURY / DRIVE AWAY,,,Y,"OVER $1,500",9/26/2019 17:13,UNABLE TO DETERMINE,NOT APPLICABLE,3750,N,AUSTIN AVE,1633,,,,,,,2,NO INDICATION OF INJURY,0,0,0,0,0,2,0,17,5,9,41.94913045,-87.77677872,POINT (-87.776778717894 41.949130454076)
JC449564,,9/26/2019 17:04,35,TRAFFIC SIGNAL,FUNCTIONING PROPERLY,CLEAR,DAYLIGHT,TURNING,FOUR WAY,,STRAIGHT AND LEVEL,DRY,NO DEFECTS,ON SCENE,NO INJURY / DRIVE AWAY,Y,,,"OVER $1,500",9/26/2019 17:05,FAILING TO YIELD RIGHT-OF-WAY,FAILING TO YIELD RIGHT-OF-WAY,4132,S,STATE ST,213,,Y,,,,,2,NO INDICATION OF INJURY,0,0,0,0,0,2,0,17,5,9,41.81923996,-87.62649203,POINT (-87.626492028235 41.8192399621)
JC449581,,9/26/2019 17:03,30,NO CONTROLS,NO CONTROLS,CLEAR,DAYLIGHT,REAR END,NOT DIVIDED,,STRAIGHT AND LEVEL,DRY,NO DEFECTS,ON SCENE,INJURY AND / OR TOW DUE TO CRASH,,,,"OVER $1,500",9/26/2019 17:10,FOLLOWING TOO CLOSELY,NOT APPLICABLE,7158,S,DAMEN AVE,735,,,,,,,4,NONINCAPACITATING INJURY,1,0,0,1,0,5,0,17,5,9,41.76306986,-87.67363275,POINT (-87.673632745282 41.763069860243)
JC453091,,9/26/2019 17:00,30,YIELD,OTHER,UNKNOWN,DAYLIGHT,ANGLE,UNKNOWN,,STRAIGHT AND LEVEL,DRY,NO DEFECTS,NOT ON SCENE (DESK REPORT),NO INJURY / DRIVE AWAY,,,,"OVER $1,500",9/29/2019 14:12,UNABLE TO DETERMINE,NOT APPLICABLE,6800,W,54TH ST,811,,,,,,,2,NO INDICATION OF INJURY,0,0,0,0,0,3,0,17,5,9,41.79420208,-87.79169282,POINT (-87.791692821612 41.794202080284)
JC451961,,9/26/2019 17:00,30,TRAFFIC SIGNAL,FUNCTIONING PROPERLY,UNKNOWN,DAYLIGHT,REAR END,NOT DIVIDED,,STRAIGHT AND LEVEL,UNKNOWN,UNKNOWN,NOT ON SCENE (DESK REPORT),NO INJURY / DRIVE AWAY,,,,"OVER $1,500",9/28/2019 15:10,FAILING TO REDUCE SPEED TO AVOID CRASH,NOT APPLICABLE,1000,W,TAYLOR ST,1232,,,,,,,2,NO INDICATION OF INJURY,0,0,0,0,0,2,0,17,5,9,41.8696158,-87.65116218,POINT (-87.651162183323 41.869615797854)
JC451519,,9/26/2019 17:00,25,TRAFFIC SIGNAL,FUNCTIONING PROPERLY,CLEAR,DAYLIGHT,SIDESWIPE SAME DIRECTION,FOUR WAY,,STRAIGHT AND LEVEL,DRY,NO DEFECTS,NOT ON SCENE (DESK REPORT),NO INJURY / DRIVE AWAY,,,Y,"$501 - $1,500",9/28/2019 9:00,UNABLE TO DETERMINE,UNABLE TO DETERMINE,35,E,OHIO ST,1834,,,,,,,2,NO INDICATION OF INJURY,0,0,0,0,0,2,0,17,5,9,41.89238342,-87.62680479,POINT (-87.626804786562 41.892383416639)
JC450426,,9/26/2019 17:00,30,TRAFFIC SIGNAL,FUNCTIONING PROPERLY,UNKNOWN,DAYLIGHT,SIDESWIPE SAME DIRECTION,ONE-WAY,,STRAIGHT AND LEVEL,UNKNOWN,NO DEFECTS,NOT ON SCENE (DESK REPORT),NO INJURY / DRIVE AWAY,,,Y,"OVER $1,500",9/27/2019 12:45,FAILING TO YIELD RIGHT-OF-WAY,FAILING TO YIELD RIGHT-OF-WAY,1600,W,VAN BUREN ST,1231,,,,,,,2,NO INDICATION OF INJURY,0,0,0,0,0,3,0,17,5,9,41.87646093,-87.66670765,POINT (-87.666707650735 41.876460927341)
JC449745,,9/26/2019 17:00,30,NO CONTROLS,NO CONTROLS,CLEAR,DAYLIGHT,SIDESWIPE SAME DIRECTION,NOT DIVIDED,,STRAIGHT AND LEVEL,DRY,NO DEFECTS,ON SCENE,INJURY AND / OR TOW DUE TO CRASH,Y,,Y,"OVER $1,500",9/26/2019 17:00,FAILING TO REDUCE SPEED TO AVOID CRASH,NOT APPLICABLE,700,S,KEDZIE AVE,1134,Y,,,,,,3,NO INDICATION OF INJURY,0,0,0,0,0,3,0,17,5,9,41.87273012,-87.70603229,POINT (-87.706032288891 41.872730121965)
JC449684,,9/26/2019 17:00,20,NO CONTROLS,NO CONTROLS,CLEAR,DAYLIGHT,PEDESTRIAN,RAMP,,STRAIGHT AND LEVEL,DRY,NO DEFECTS,NOT ON SCENE (DESK REPORT),INJURY AND / OR TOW DUE TO CRASH,,,Y,$500 OR LESS,9/26/2019 19:00,UNABLE TO DETERMINE,UNABLE TO DETERMINE,10000,W,OHARE ST,1651,,,,,,,2,NONINCAPACITATING INJURY,1,0,0,1,0,1,0,17,5,9,41.97620114,-87.90530913,POINT (-87.905309125103 41.976201139024)
JC449640,,9/26/2019 17:00,35,NO CONTROLS,NO CONTROLS,CLEAR,DAYLIGHT,TURNING,NOT DIVIDED,,STRAIGHT AND LEVEL,DRY,UNKNOWN,NOT ON SCENE (DESK REPORT),NO INJURY / DRIVE AWAY,,,Y,"OVER $1,500",9/26/2019 18:00,IMPROPER TURNING/NO SIGNAL,IMPROPER TURNING/NO SIGNAL,5800,W,ROOSEVELT RD,1513,,,,,,,2,NO INDICATION OF INJURY,0,0,0,0,0,2,0,17,5,9,41.86563763,-87.76927777,POINT (-87.769277772385 41.86563763159)
JC449562,,9/26/2019 17:00,30,STOP SIGN/FLASHER,FUNCTIONING PROPERLY,CLEAR,DAYLIGHT,PEDESTRIAN,DIVIDED - W/MEDIAN BARRIER,,STRAIGHT AND LEVEL,DRY,NO DEFECTS,ON SCENE,INJURY AND / OR TOW DUE TO CRASH,Y,,Y,$500 OR LESS,9/26/2019 17:03,FAILING TO YIELD RIGHT-OF-WAY,CELL PHONE USE OTHER THAN TEXTING,832,W,RANDOLPH ST,1224,,,,,,,2,NONINCAPACITATING INJURY,1,0,0,1,0,1,0,17,5,9,41.88449669,-87.64866551,POINT (-87.648665508245 41.884496686294)
JC449554,,9/26/2019 16:54,30,TRAFFIC SIGNAL,FUNCTIONING PROPERLY,CLEAR,DAYLIGHT,TURNING,FOUR WAY,,STRAIGHT AND LEVEL,DRY,NO DEFECTS,,INJURY AND / OR TOW DUE TO CRASH,Y,,,"$501 - $1,500",9/26/2019 16:55,UNABLE TO DETERMINE,UNABLE TO DETERMINE,3600,W,OGDEN AVE,1014,,,,,,,3,"REPORTED, NOT EVIDENT",2,0,0,0,2,3,0,16,5,9,41.8546457,-87.71520625,POINT (-87.715206251845 41.854645701934)
JC449530,,9/26/2019 16:50,30,NO CONTROLS,NO CONTROLS,CLEAR,DAYLIGHT,PARKED MOTOR VEHICLE,OTHER,,STRAIGHT AND LEVEL,DRY,NO DEFECTS,NOT ON SCENE (DESK REPORT),NO INJURY / DRIVE AWAY,,,Y,"OVER $1,500",9/26/2019 17:00,IMPROPER LANE USAGE,NOT APPLICABLE,5475,N,NORTHWEST HWY,1622,,,,,,,2,NO INDICATION OF INJURY,0,0,0,0,0,1,0,16,5,9,41.98025482,-87.77724476,POINT (-87.777244764198 41.980254820139)
JC449607,,9/26/2019 16:46,35,NO CONTROLS,NO CONTROLS,CLEAR,DAYLIGHT,PEDESTRIAN,DIVIDED - W/MEDIAN BARRIER,,STRAIGHT AND LEVEL,DRY,NO DEFECTS,,INJURY AND / OR TOW DUE TO CRASH,,,Y,"OVER $1,500",9/26/2019 16:51,UNABLE TO DETERMINE,FAILING TO YIELD RIGHT-OF-WAY,6831,S,STONY ISLAND AVE,332,,,,,,,2,INCAPACITATING INJURY,1,0,1,0,0,1,0,16,5,9,41.770584,-87.58582184,POINT (-87.585821842672 41.770583995796)
JC449528,,9/26/2019 16:45,30,TRAFFIC SIGNAL,FUNCTIONING PROPERLY,CLEAR,DAYLIGHT,SIDESWIPE SAME DIRECTION,DIVIDED - W/MEDIAN (NOT RAISED),,STRAIGHT AND LEVEL,DRY,NO DEFECTS,ON SCENE,INJURY AND / OR TOW DUE TO CRASH,,,,"OVER $1,500",9/26/2019 16:46,IMPROPER LANE USAGE,UNABLE TO DETERMINE,4808,N,KEDZIE AVE,1713,,,,,,,2,NO INDICATION OF INJURY,0,0,0,0,0,2,0,16,5,9,41.96876564,-87.70863111,POINT (-87.708631105394 41.968765637056)
JC449540,,9/26/2019 16:43,30,NO CONTROLS,NO CONTROLS,CLEAR,DAYLIGHT,HEAD ON,DIVIDED - W/MEDIAN (NOT RAISED),,STRAIGHT AND LEVEL,DRY,NO DEFECTS,ON SCENE,INJURY AND / OR TOW DUE TO CRASH,,,,"OVER $1,500",9/26/2019 16:44,EQUIPMENT - VEHICLE CONDITION,NOT APPLICABLE,5132,W,DEVON AVE,1621,,,,,,,2,NO INDICATION OF INJURY,0,0,0,0,0,2,0,16,5,9,41.99741949,-87.75638242,POINT (-87.756382417745 41.997419487781)
JC449608,,9/26/2019 16:42,30,NO CONTROLS,NO CONTROLS,CLEAR,DAYLIGHT,REAR END,NOT DIVIDED,,STRAIGHT AND LEVEL,DRY,NO DEFECTS,ON SCENE,INJURY AND / OR TOW DUE TO CRASH,,,,"OVER $1,500",9/26/2019 16:49,UNABLE TO DETERMINE,UNABLE TO DETERMINE,4817,W,FULLERTON AVE,2522,,,,,,,2,NONINCAPACITATING INJURY,1,0,0,1,0,1,0,16,5,9,41.92411902,-87.74703214,POINT (-87.747032136012 41.924119024175)
JC449598,,9/26/2019 16:41,20,NO CONTROLS,NO CONTROLS,CLEAR,DAYLIGHT,REAR TO FRONT,NOT DIVIDED,,STRAIGHT AND LEVEL,DRY,NO DEFECTS,ON SCENE,NO INJURY / DRIVE AWAY,,,,"OVER $1,500",9/26/2019 16:55,UNABLE TO DETERMINE,NOT APPLICABLE,1401,N,HONORE ST,1424,,,,,,,2,NO INDICATION OF INJURY,0,0,0,0,0,2,0,16,5,9,41.90814122,-87.67602913,POINT (-87.676029128839 41.908141221773)
JC449508,,9/26/2019 16:40,35,STOP SIGN/FLASHER,FUNCTIONING PROPERLY,CLEAR,DAYLIGHT,ANGLE,NOT DIVIDED,,STRAIGHT AND LEVEL,DRY,NO DEFECTS,ON SCENE,INJURY AND / OR TOW DUE TO CRASH,,,Y,"OVER $1,500",9/26/2019 16:45,DISREGARDING STOP SIGN,NOT APPLICABLE,9700,S,RACINE AVE,2213,,,,,,,2,NO INDICATION OF INJURY,0,0,0,0,0,3,0,16,5,9,41.71807163,-87.6530049,POINT (-87.653004898873 41.718071624614)
JC450281,,9/26/2019 16:30,30,NO CONTROLS,NO CONTROLS,CLEAR,DAYLIGHT,SIDESWIPE SAME DIRECTION,NOT DIVIDED,,STRAIGHT AND LEVEL,DRY,WORN SURFACE,NOT ON SCENE (DESK REPORT),NO INJURY / DRIVE AWAY,,,,"$501 - $1,500",9/27/2019 9:30,FAILING TO YIELD RIGHT-OF-WAY,NOT APPLICABLE,661,W,LAKE ST,121,,,,,,,2,NO INDICATION OF INJURY,0,0,0,0,0,2,0,16,5,9,41.88558234,-87.64531832,POINT (-87.645318315992 41.885582339741)
JC449744,,9/26/2019 16:30,30,TRAFFIC SIGNAL,FUNCTIONING PROPERLY,CLEAR,DAYLIGHT,TURNING,NOT DIVIDED,,STRAIGHT AND LEVEL,DRY,NO DEFECTS,NOT ON SCENE (DESK REPORT),NO INJURY / DRIVE AWAY,,,,"OVER $1,500",9/26/2019 19:15,IMPROPER TURNING/NO SIGNAL,UNABLE TO DETERMINE,659,S,STATE ST,123,,,,,,,2,NO INDICATION OF INJURY,0,0,0,0,0,2,0,16,5,9,41.87315898,-87.62742173,POINT (-87.627421727939 41.87315898408)
JC449542,,9/26/2019 16:30,30,NO CONTROLS,NO CONTROLS,CLEAR,DAYLIGHT,PARKED MOTOR VEHICLE,ONE-WAY,,STRAIGHT AND LEVEL,DRY,NO DEFECTS,ON SCENE,NO INJURY / DRIVE AWAY,,,,"OVER $1,500",9/26/2019 16:30,FOLLOWING TOO CLOSELY,UNABLE TO DETERMINE,4758,N,CAMPBELL AVE,1911,,,,,,,2,NO INDICATION OF INJURY,0,0,0,0,0,1,0,16,5,9,41.96844433,-87.69149212,POINT (-87.691492114971 41.968444327723)
JC449474,,9/26/2019 16:30,30,TRAFFIC SIGNAL,FUNCTIONING PROPERLY,CLEAR,DAYLIGHT,REAR END,DIVIDED - W/MEDIAN (NOT RAISED),,STRAIGHT AND LEVEL,DRY,NO DEFECTS,ON SCENE,INJURY AND / OR TOW DUE TO CRASH,,,,"OVER $1,500",9/26/2019 16:30,FOLLOWING TOO CLOSELY,FOLLOWING TOO CLOSELY,208,S,PAULINA ST,1231,,,,,,,3,NONINCAPACITATING INJURY,3,0,0,3,0,3,0,16,5,9,41.87854955,-87.66936645,POINT (-87.669366453707 41.878549548007)
JC449502,,9/26/2019 16:15,30,NO CONTROLS,NO CONTROLS,CLEAR,DAYLIGHT,REAR END,NOT DIVIDED,,STRAIGHT AND LEVEL,DRY,UNKNOWN,ON SCENE,INJURY AND / OR TOW DUE TO CRASH,,,,"OVER $1,500",9/26/2019 16:32,DISTRACTION - FROM OUTSIDE VEHICLE,UNABLE TO DETERMINE,2928,N,DAMEN AVE,1931,,,,,,,2,NO INDICATION OF INJURY,0,0,0,0,0,2,0,16,5,9,41.93496824,-87.67834814,POINT (-87.67834814119 41.934968235104)
JC449517,,9/26/2019 16:14,30,TRAFFIC SIGNAL,NO CONTROLS,CLEAR,DAYLIGHT,TURNING,T-INTERSECTION,,STRAIGHT AND LEVEL,DRY,NO DEFECTS,NOT ON SCENE (DESK REPORT),NO INJURY / DRIVE AWAY,Y,,,"$501 - $1,500",9/26/2019 17:18,UNABLE TO DETERMINE,NOT APPLICABLE,7100,S,LAFAYETTE AVE,731,,,,,,,2,NO INDICATION OF INJURY,0,0,0,0,0,3,0,16,5,9,41.76539859,-87.6266955,POINT (-87.626695500681 41.765398585764)
JC449478,,9/26/2019 16:10,45,NO CONTROLS,NO CONTROLS,CLEAR,DAYLIGHT,REAR END,DIVIDED - W/MEDIAN BARRIER,,STRAIGHT AND LEVEL,DRY,NO DEFECTS,ON SCENE,INJURY AND / OR TOW DUE TO CRASH,,,,"$501 - $1,500",9/26/2019 16:15,FOLLOWING TOO CLOSELY,NOT APPLICABLE,1000,S,LAKE SHORE DR W,114,,,,,,,2,"REPORTED, NOT EVIDENT",1,0,0,0,1,1,0,16,5,9,41.86995744,-87.61737244,POINT (-87.617372440882 41.86995744317)
JC449449,,9/26/2019 16:06,30,UNKNOWN,UNKNOWN,CLEAR,DAYLIGHT,REAR END,NOT DIVIDED,,STRAIGHT AND LEVEL,DRY,NO DEFECTS,ON SCENE,NO INJURY / DRIVE AWAY,Y,,,"OVER $1,500",9/26/2019 16:28,FOLLOWING TOO CLOSELY,FOLLOWING TOO CLOSELY,2619,W,LAWRENCE AVE,1911,,,,,,,2,NO INDICATION OF INJURY,0,0,0,0,0,5,0,16,5,9,41.96845445,-87.69461992,POINT (-87.694619915099 41.968454448637)
JC449784,,9/26/2019 16:05,30,TRAFFIC SIGNAL,UNKNOWN,CLEAR,DAYLIGHT,REAR END,NOT DIVIDED,,STRAIGHT AND LEVEL,UNKNOWN,UNKNOWN,NOT ON SCENE (DESK REPORT),NO INJURY / DRIVE AWAY,Y,,,"OVER $1,500",9/26/2019 19:55,FOLLOWING TOO CLOSELY,NOT APPLICABLE,1801,W,35TH ST,912,,,,,,,2,NO INDICATION OF INJURY,0,0,0,0,0,3,0,16,5,9,41.83033638,-87.67045883,POINT (-87.670458827126 41.830336378004)
JC449523,,9/26/2019 16:03,30,STOP SIGN/FLASHER,FUNCTIONING PROPERLY,CLEAR,DAYLIGHT,TURNING,FOUR WAY,,STRAIGHT AND LEVEL,DRY,NO DEFECTS,ON SCENE,NO INJURY / DRIVE AWAY,Y,,,"OVER $1,500",9/26/2019 16:29,IMPROPER OVERTAKING/PASSING,FAILING TO YIELD RIGHT-OF-WAY,5500,S,PRAIRIE AVE,231,,,,,,,2,NO INDICATION OF INJURY,0,0,0,0,0,3,0,16,5,9,41.79439209,-87.61936262,POINT (-87.619362622546 41.794392085533)
JC449469,,9/26/2019 16:03,25,NO CONTROLS,NO CONTROLS,CLEAR,DAYLIGHT,TURNING,ONE-WAY,,STRAIGHT AND LEVEL,DRY,NO DEFECTS,ON SCENE,INJURY AND / OR TOW DUE TO CRASH,,,,"$501 - $1,500",9/26/2019 16:07,FAILING TO YIELD RIGHT-OF-WAY,UNABLE TO DETERMINE,4410,N,SACRAMENTO AVE,1724,,,,,,,3,NO INDICATION OF INJURY,0,0,0,0,0,2,0,16,5,9,41.96159115,-87.70351504,POINT (-87.703515042788 41.961591144979)
JC449589,,9/26/2019 16:00,35,TRAFFIC SIGNAL,FUNCTIONING PROPERLY,CLEAR,DAYLIGHT,TURNING,DIVIDED - W/MEDIAN (NOT RAISED),,STRAIGHT AND LEVEL,DRY,NO DEFECTS,NOT ON SCENE (DESK REPORT),INJURY AND / OR TOW DUE TO CRASH,,,,"OVER $1,500",9/26/2019 17:10,CELL PHONE USE OTHER THAN TEXTING,UNABLE TO DETERMINE,2001,E,95TH ST,431,,,,,,,2,NONINCAPACITATING INJURY,2,0,0,2,0,1,0,16,5,9,41.72235996,-87.57528849,POINT (-87.575288488821 41.722359957358)
JC449582,,9/26/2019 16:00,30,NO CONTROLS,NO CONTROLS,CLEAR,DAYLIGHT,ANGLE,DIVIDED - W/MEDIAN (NOT RAISED),,STRAIGHT AND LEVEL,DRY,NO DEFECTS,NOT ON SCENE (DESK REPORT),NO INJURY / DRIVE AWAY,,,,"OVER $1,500",9/26/2019 17:30,IMPROPER LANE USAGE,UNABLE TO DETERMINE,6211,N,LINCOLN AVE,1711,,,,,,,2,NO INDICATION OF INJURY,0,0,0,0,0,2,0,16,5,9,41.99481704,-87.71434277,POINT (-87.714342768281 41.994817043186)
JC449504,,9/26/2019 16:00,30,NO CONTROLS,NO CONTROLS,CLEAR,DAYLIGHT,REAR END,NOT DIVIDED,,STRAIGHT AND LEVEL,DRY,NO DEFECTS,NOT ON SCENE (DESK REPORT),NO INJURY / DRIVE AWAY,,,,"$501 - $1,500",9/26/2019 16:51,FOLLOWING TOO CLOSELY,EQUIPMENT - VEHICLE CONDITION,1304,N,LARAMIE AVE,2532,,,,,,,2,NO INDICATION OF INJURY,0,0,0,0,0,2,0,16,5,9,41.90426342,-87.75596714,POINT (-87.755967135974 41.904263420281)
JC449503,,9/26/2019 16:00,30,STOP SIGN/FLASHER,FUNCTIONING PROPERLY,CLEAR,DAYLIGHT,REAR END,DIVIDED - W/MEDIAN BARRIER,,STRAIGHT AND LEVEL,DRY,NO DEFECTS,NOT ON SCENE (DESK REPORT),NO INJURY / DRIVE AWAY,,,,"OVER $1,500",9/26/2019 16:30,FOLLOWING TOO CLOSELY,NOT APPLICABLE,1800,W,DEVON AVE,2432,,,,,,,2,NO INDICATION OF INJURY,0,0,0,0,0,3,0,16,5,9,41.99809836,-87.67525337,POINT (-87.675253373877 41.998098359481)
JC449488,,9/26/2019 16:00,30,NO CONTROLS,NO CONTROLS,CLEAR,DAYLIGHT,PARKED MOTOR VEHICLE,DIVIDED - W/MEDIAN (NOT RAISED),,STRAIGHT ON GRADE,DRY,NO DEFECTS,ON SCENE,NO INJURY / DRIVE AWAY,,,Y,"$501 - $1,500",9/26/2019 16:01,UNABLE TO DETERMINE,UNABLE TO DETERMINE,6759,W,HIGGINS AVE,1613,,,,,,,2,NO INDICATION OF INJURY,0,0,0,0,0,2,0,16,5,9,41.97894422,-87.79740677,POINT (-87.79740677209 41.978944222036)
JC449484,,9/26/2019 16:00,30,NO CONTROLS,NO CONTROLS,CLEAR,DAYLIGHT,PARKED MOTOR VEHICLE,ONE-WAY,,STRAIGHT AND LEVEL,DRY,UNKNOWN,ON SCENE,NO INJURY / DRIVE AWAY,,,,"$501 - $1,500",9/26/2019 16:15,DISTRACTION - FROM INSIDE VEHICLE,NOT APPLICABLE,2700,W,MAYPOLE AVE,1222,,,,,,,2,NO INDICATION OF INJURY,0,0,0,0,0,1,0,16,5,9,41.88377822,-87.69414703,POINT (-87.694147029621 41.883778215079)
JC449466,,9/26/2019 16:00,30,TRAFFIC SIGNAL,FUNCTIONING PROPERLY,CLEAR,DAYLIGHT,TURNING,FOUR WAY,,STRAIGHT AND LEVEL,DRY,NO DEFECTS,ON SCENE,NO INJURY / DRIVE AWAY,Y,,,"$501 - $1,500",9/26/2019 16:08,FAILING TO YIELD RIGHT-OF-WAY,FAILING TO YIELD RIGHT-OF-WAY,8628,S,COTTAGE GROVE AVE,632,,,,,,,2,NO INDICATION OF INJURY,0,0,0,0,0,4,0,16,5,9,41.7375814,-87.60499623,POINT (-87.604996230941 41.737581395989)
JC449447,,9/26/2019 16:00,30,TRAFFIC SIGNAL,FUNCTIONING PROPERLY,CLEAR,DAYLIGHT,FIXED OBJECT,DIVIDED - W/MEDIAN BARRIER,,STRAIGHT AND LEVEL,DRY,NO DEFECTS,ON SCENE,NO INJURY / DRIVE AWAY,Y,,,$500 OR LESS,9/26/2019 16:02,UNABLE TO DETERMINE,UNABLE TO DETERMINE,3050,S,ASHLAND AVE,912,,,,,,,1,NO INDICATION OF INJURY,0,0,0,0,0,1,0,16,5,9,41.83809243,-87.66590365,POINT (-87.665903645743 41.838092432806)
JC449471,,9/26/2019 15:54,45,NO CONTROLS,NO CONTROLS,CLEAR,DAYLIGHT,REAR END,DIVIDED - W/MEDIAN BARRIER,,STRAIGHT AND LEVEL,DRY,NO DEFECTS,ON SCENE,INJURY AND / OR TOW DUE TO CRASH,,,,"OVER $1,500",9/26/2019 15:54,FOLLOWING TOO CLOSELY,NOT APPLICABLE,1700,N,LAKE SHORE DR NB,1814,,,,,,,3,"REPORTED, NOT EVIDENT",1,0,0,0,1,2,0,15,5,9,41.91309785,-87.62647164,POINT (-87.626471636766 41.913097849463)
JC449494,,9/26/2019 15:48,30,NO CONTROLS,NO CONTROLS,CLEAR,DAYLIGHT,SIDESWIPE SAME DIRECTION,NOT DIVIDED,,STRAIGHT AND LEVEL,DRY,NO DEFECTS,NOT ON SCENE (DESK REPORT),NO INJURY / DRIVE AWAY,,,,"$501 - $1,500",9/26/2019 19:51,IMPROPER OVERTAKING/PASSING,IMPROPER OVERTAKING/PASSING,9400,S,STONY ISLAND AVE,413,,,,,,,2,NO INDICATION OF INJURY,0,0,0,0,0,3,0,15,5,9,41.72407478,-87.58530323,POINT (-87.585303232497 41.724074783765)