RD_NO,CRASH_DATE_EST_I,CRASH_DATE,POSTED_SPEED_LIMIT,TRAFFIC_CONTROL_DEVICE,DEVICE_CONDITION,WEATHER_CONDITION,LIGHTING_CONDITION,FIRST_CRASH_TYPE,TRAFFICWAY_TYPE,LANE_CNT,ALIGNMENT,ROADWAY_SURFACE_COND,ROAD_DEFECT,REPORT_TYPE,CRASH_TYPE,INTERSECTION_RELATED_I,NOT_RIGHT_OF_WAY_I,HIT_AND_RUN_I,DAMAGE,DATE_POLICE_NOTIFIED,PRIM_CONTRIBUTORY_CAUSE,SEC_CONTRIBUTORY_CAUSE,STREET_NO,STREET_DIRECTION,STREET_NAME,BEAT_OF_OCCURRENCE,PHOTOS_TAKEN_I,STATEMENTS_TAKEN_I,DOORING_I,WORK_ZONE_I,WORK_ZONE_TYPE,WORKERS_PRESENT_I,NUM_UNITS,MOST_SEVERE_INJURY,INJURIES_TOTAL,INJURIES_FATAL,INJURIES_INCAPACITATING,INJURIES_NON_INCAPACITATING,INJURIES_REPORTED_NOT_EVIDENT,INJURIES_NO_INDICATION,INJURIES_UNKNOWN,CRASH_HOUR,CRASH_DAY_OF_WEEK,CRASH_MONTH,LATITUDE,LONGITUDE,LOCATION
JC450395,,9/26/2019 15:45,30,NO CONTROLS,FUNCTIONING PROPERLY,CLEAR,DAYLIGHT,SIDESWIPE SAME DIRECTION,DIVIDED - W/MEDIAN (NOT RAISED),,STRAIGHT AND LEVEL,DRY,NO DEFECTS,ON SCENE,NO INJURY / DRIVE AWAY,,,,"OVER $1,500",9/27/2019 11:20,FAILING TO YIELD RIGHT-OF-WAY,FOLLOWING TOO CLOSELY,5750,S,COTTAGE GROVE AVE,233,,,,,,,2,NO INDICATION OF INJURY,0,0,0,0,0,2,0,15,5,9,41.78982739,-87.60627149,POINT (-87.606271485048 41.789827392678)
JC449543,,9/26/2019 15:45,30,TRAFFIC SIGNAL,FUNCTIONING PROPERLY,CLEAR,DAYLIGHT,PEDALCYCLIST,ONE-WAY,,STRAIGHT AND LEVEL,DRY,NO DEFECTS,ON SCENE,INJURY AND / OR TOW DUE TO CRASH,,,,$500 OR LESS,9/26/2019 16:06,DRIVING ON WRONG SIDE/WRONG WAY,NOT APPLICABLE,9,E,CHESTNUT ST,1833,,,,,,,2,"REPORTED, NOT EVIDENT",1,0,0,0,1,1,0,15,5,9,41.89821573,-87.62782809,POINT (-87.627828086895 41.898215725915)
JC449431,,9/26/2019 15:45,35,STOP SIGN/FLASHER,FUNCTIONING PROPERLY,CLEAR,DAYLIGHT,ANGLE,FOUR WAY,,STRAIGHT AND LEVEL,DRY,NO DEFECTS,ON SCENE,INJURY AND / OR TOW DUE TO CRASH,Y,,,"OVER $1,500",9/26/2019 15:46,FAILING TO REDUCE SPEED TO AVOID CRASH,FAILING TO YIELD RIGHT-OF-WAY,9000,S,JEFFERY BLVD,413,,,,,,,2,INCAPACITATING INJURY,1,0,1,0,0,2,0,15,5,9,41.731491,-87.57573005,POINT (-87.575730053476 41.731490995184)
JC449451,Y,9/26/2019 15:41,35,TRAFFIC SIGNAL,FUNCTIONING PROPERLY,CLEAR,DAYLIGHT,PEDALCYCLIST,FOUR WAY,,STRAIGHT AND LEVEL,DRY,NO DEFECTS,ON SCENE,INJURY AND / OR TOW DUE TO CRASH,Y,,,$500 OR LESS,9/26/2019 15:41,IMPROPER TURNING/NO SIGNAL,FAILING TO REDUCE SPEED TO AVOID CRASH,3597,W,47TH ST,821,,,,,,,2,NONINCAPACITATING INJURY,1,0,0,1,0,6,0,15,5,9,41.80787931,-87.71417167,POINT (-87.714171670478 41.807879309308)
JC449443,,9/26/2019 15:40,30,NO CONTROLS,NO CONTROLS,CLEAR,DAYLIGHT,PARKED MOTOR VEHICLE,NOT DIVIDED,,STRAIGHT AND LEVEL,DRY,NO DEFECTS,ON SCENE,NO INJURY / DRIVE AWAY,,,,"OVER $1,500",9/26/2019 15:48,UNABLE TO DETERMINE,UNABLE TO DETERMINE,11615,S,INDIANA AVE,532,,,,,,,2,NO INDICATION OF INJURY,0,0,0,0,0,2,0,15,5,9,41.68213777,-87.61779413,POINT (-87.617794129137 41.682137769879)
JC449408,,9/26/2019 15:29,30,NO CONTROLS,NO CONTROLS,CLEAR,DAYLIGHT,SIDESWIPE SAME DIRECTION,NOT DIVIDED,,STRAIGHT AND LEVEL,DRY,NO DEFECTS,ON SCENE,NO INJURY / DRIVE AWAY,,,,"$501 - $1,500",9/26/2019 15:29,IMPROPER OVERTAKING/PASSING,IMPROPER LANE USAGE,2304,E,75TH ST,334,,,,,,,2,NO INDICATION OF INJURY,0,0,0,0,0,2,0,15,5,9,41.75907351,-87.56858204,POINT (-87.568582034543 41.759073513805)
JC458538,,9/26/2019 15:20,30,TRAFFIC SIGNAL,UNKNOWN,UNKNOWN,UNKNOWN,REAR END,NOT DIVIDED,,STRAIGHT AND LEVEL,UNKNOWN,UNKNOWN,NOT ON SCENE (DESK REPORT),INJURY AND / OR TOW DUE TO CRASH,,,,"OVER $1,500",10/3/2019 13:15,UNABLE TO DETERMINE,UNABLE TO DETERMINE,5412,W,DEVON AVE,1621,,,,,,,3,INCAPACITATING INJURY,1,0,1,0,0,2,0,15,5,9,41.99743809,-87.76432201,POINT (-87.764322010577 41.997438091519)
JC449444,,9/26/2019 15:20,30,TRAFFIC SIGNAL,UNKNOWN,CLEAR,DAYLIGHT,REAR TO FRONT,CENTER TURN LANE,,STRAIGHT AND LEVEL,DRY,UNKNOWN,NOT ON SCENE (DESK REPORT),NO INJURY / DRIVE AWAY,Y,,,"OVER $1,500",9/26/2019 15:55,IMPROPER BACKING,UNABLE TO DETERMINE,2155,S,ASHLAND AVE,1235,,,,,,,2,NO INDICATION OF INJURY,0,0,0,0,0,2,0,15,5,9,41.85251202,-87.66587883,POINT (-87.665878828168 41.852512017192)
JC449433,,9/26/2019 15:15,30,NO CONTROLS,NO CONTROLS,CLEAR,DAYLIGHT,SIDESWIPE SAME DIRECTION,NOT DIVIDED,,STRAIGHT AND LEVEL,DRY,NO DEFECTS,NOT ON SCENE (DESK REPORT),NO INJURY / DRIVE AWAY,,,,$500 OR LESS,9/26/2019 16:00,UNABLE TO DETERMINE,UNABLE TO DETERMINE,1308,W,NORTH AVE,1433,,,,,,,2,NO INDICATION OF INJURY,0,0,0,0,0,2,0,15,5,9,41.91083751,-87.66083378,POINT (-87.660833783595 41.910837509728)
JC449400,,9/26/2019 15:10,30,STOP SIGN/FLASHER,FUNCTIONING PROPERLY,CLEAR,DAYLIGHT,HEAD ON,FOUR WAY,,STRAIGHT AND LEVEL,DRY,NO DEFECTS,ON SCENE,NO INJURY / DRIVE AWAY,Y,,,"OVER $1,500",9/26/2019 15:13,UNABLE TO DETERMINE,UNABLE TO DETERMINE,6001,W,FOSTER AVE,1622,,N,,,,,2,NO INDICATION OF INJURY,0,0,0,0,0,2,0,15,5,9,41.97555873,-87.77823866,POINT (-87.778238664373 41.975558733794)
JC449378,,9/26/2019 15:05,30,NO CONTROLS,NO CONTROLS,CLEAR,DAYLIGHT,TURNING,NOT DIVIDED,,STRAIGHT AND LEVEL,DRY,NO DEFECTS,ON SCENE,NO INJURY / DRIVE AWAY,Y,,,"OVER $1,500",9/26/2019 15:55,IMPROPER TURNING/NO SIGNAL,FAILING TO YIELD RIGHT-OF-WAY,4101,W,ROOSEVELT RD,1011,,,,,,,2,NO INDICATION OF INJURY,0,0,0,0,0,3,0,15,5,9,41.86602633,-87.72767677,POINT (-87.727676773463 41.86602633173)
JC449406,,9/26/2019 15:03,10,NO CONTROLS,NO CONTROLS,CLEAR,DAYLIGHT,PEDALCYCLIST,ALLEY,,STRAIGHT AND LEVEL,DRY,NO DEFECTS,ON SCENE,NO INJURY / DRIVE AWAY,,,,$500 OR LESS,9/26/2019 15:38,FAILING TO YIELD RIGHT-OF-WAY,FAILING TO YIELD RIGHT-OF-WAY,7499,N,SACRAMENTO AVE,2411,Y,Y,,,,,2,NO INDICATION OF INJURY,0,0,0,0,0,3,0,15,5,9,42.01736501,-87.70419375,POINT (-87.704193746716 42.017365009389)
JC451850,,9/26/2019 15:00,30,TRAFFIC SIGNAL,FUNCTIONING PROPERLY,CLEAR,DAYLIGHT,SIDESWIPE SAME DIRECTION,NOT DIVIDED,,STRAIGHT AND LEVEL,DRY,NO DEFECTS,NOT ON SCENE (DESK REPORT),NO INJURY / DRIVE AWAY,,,,"$501 - $1,500",9/28/2019 13:30,IMPROPER LANE USAGE,UNABLE TO DETERMINE,4599,N,CICERO AVE,1722,,,,,,,2,NO INDICATION OF INJURY,0,0,0,0,0,2,0,15,5,9,41.96432344,-87.74746855,POINT (-87.747468544931 41.964323444127)
JC449403,,9/26/2019 15:00,15,NO CONTROLS,NO CONTROLS,CLEAR,DAYLIGHT,SIDESWIPE OPPOSITE DIRECTION,ALLEY,,STRAIGHT AND LEVEL,DRY,NO DEFECTS,NOT ON SCENE (DESK REPORT),NO INJURY / DRIVE AWAY,,,,"$501 - $1,500",9/26/2019 15:30,UNABLE TO DETERMINE,UNABLE TO DETERMINE,1201,N,AUSTIN BLVD,2531,,,,,,,2,NO INDICATION OF INJURY,0,0,0,0,0,2,0,15,5,9,41.90209124,-87.77521789,POINT (-87.77521789397 41.902091238174)
JC449398,,9/26/2019 15:00,30,NO CONTROLS,NO CONTROLS,CLEAR,DAYLIGHT,SIDESWIPE SAME DIRECTION,NOT DIVIDED,,STRAIGHT AND LEVEL,DRY,NO DEFECTS,ON SCENE,NO INJURY / DRIVE AWAY,,,,"OVER $1,500",9/26/2019 15:30,IMPROPER LANE USAGE,NOT APPLICABLE,1530,S,STATE ST,131,,,,,,,2,NO INDICATION OF INJURY,0,0,0,0,0,2,0,15,5,9,41.86101824,-87.6274171,POINT (-87.627417099996 41.861018239854)
JC449630,,9/26/2019 14:50,30,UNKNOWN,UNKNOWN,CLEAR,DAYLIGHT,REAR END,NOT DIVIDED,,STRAIGHT AND LEVEL,DRY,UNKNOWN,ON SCENE,INJURY AND / OR TOW DUE TO CRASH,,,,"OVER $1,500",9/26/2019 14:50,DISTRACTION - FROM OUTSIDE VEHICLE,NOT APPLICABLE,2358,W,VAN BUREN ST,1225,,,,,,,3,NONINCAPACITATING INJURY,2,0,0,2,0,4,0,14,5,9,41.87619808,-87.68615535,POINT (-87.686155352745 41.876198079481)
JC449397,,9/26/2019 14:50,30,NO CONTROLS,NO CONTROLS,CLEAR,DAYLIGHT,SIDESWIPE SAME DIRECTION,ONE-WAY,,STRAIGHT AND LEVEL,DRY,NO DEFECTS,NOT ON SCENE (DESK REPORT),NO INJURY / DRIVE AWAY,,,N,"OVER $1,500",9/26/2019 15:35,IMPROPER LANE USAGE,UNABLE TO DETERMINE,156,N,WABASH AVE,111,,,,,,,2,NO INDICATION OF INJURY,0,0,0,0,0,2,0,14,5,9,41.88471488,-87.62640013,POINT (-87.626400132256 41.884714876887)
JC449396,,9/26/2019 14:45,30,STOP SIGN/FLASHER,NO CONTROLS,CLEAR,DAYLIGHT,ANGLE,NOT DIVIDED,,STRAIGHT AND LEVEL,DRY,NO DEFECTS,NOT ON SCENE (DESK REPORT),NO INJURY / DRIVE AWAY,Y,,Y,"OVER $1,500",9/26/2019 15:38,DISREGARDING STOP SIGN,UNABLE TO DETERMINE,2165,S,HOYNE AVE,1234,,,,,,,2,NO INDICATION OF INJURY,0,0,0,0,0,3,0,14,5,9,41.85218475,-87.67814652,POINT (-87.678146515746 41.852184751853)
JC449372,Y,9/26/2019 14:45,30,TRAFFIC SIGNAL,FUNCTIONING PROPERLY,CLEAR,DAYLIGHT,REAR END,NOT DIVIDED,,STRAIGHT AND LEVEL,DRY,NO DEFECTS,NOT ON SCENE (DESK REPORT),NO INJURY / DRIVE AWAY,,,,"$501 - $1,500",9/26/2019 15:24,FOLLOWING TOO CLOSELY,NOT APPLICABLE,1033,W,HOLLYWOOD AVE,2022,,,,,,,2,NO INDICATION OF INJURY,0,0,0,0,0,3,0,14,5,9,41.98539852,-87.65659716,POINT (-87.656597159091 41.985398515961)
JC449366,,9/26/2019 14:45,30,NO CONTROLS,NO CONTROLS,CLEAR,DAYLIGHT,SIDESWIPE SAME DIRECTION,NOT DIVIDED,,STRAIGHT AND LEVEL,UNKNOWN,UNKNOWN,NOT ON SCENE (DESK REPORT),NO INJURY / DRIVE AWAY,Y,,,"OVER $1,500",9/26/2019 15:15,UNABLE TO DETERMINE,UNABLE TO DETERMINE,1001,W,HOLLYWOOD AVE,2022,,,,,,,2,NO INDICATION OF INJURY,0,0,0,0,0,2,0,14,5,9,41.98543277,-87.65529154,POINT (-87.655291536412 41.985432768814)
JC449480,Y,9/26/2019 14:43,30,NO CONTROLS,NO CONTROLS,CLEAR,DAYLIGHT,SIDESWIPE SAME DIRECTION,ONE-WAY,,STRAIGHT AND LEVEL,DRY,NO DEFECTS,NOT ON SCENE (DESK REPORT),NO INJURY / DRIVE AWAY,,,,"$501 - $1,500",9/26/2019 16:30,FAILING TO YIELD RIGHT-OF-WAY,NOT APPLICABLE,1437,W,BALMORAL AVE,2013,,,,,,,2,NO INDICATION OF INJURY,0,0,0,0,0,2,0,14,5,9,41.97976577,-87.66634141,POINT (-87.666341410866 41.979765767054)
JC449369,,9/26/2019 14:40,30,NO CONTROLS,NO CONTROLS,CLEAR,DAYLIGHT,REAR END,NOT DIVIDED,,STRAIGHT AND LEVEL,DRY,NO DEFECTS,,NO INJURY / DRIVE AWAY,,,,"OVER $1,500",9/26/2019 14:42,IMPROPER BACKING,NOT APPLICABLE,3140,N,HALSTED ST,1933,,,,,,,2,NO INDICATION OF INJURY,0,0,0,0,0,2,0,14,5,9,41.93905031,-87.64938367,POINT (-87.649383668702 41.93905030785)
JC449346,,9/26/2019 14:38,30,NO CONTROLS,NO CONTROLS,CLEAR,DAYLIGHT,TURNING,DIVIDED - W/MEDIAN (NOT RAISED),,STRAIGHT AND LEVEL,DRY,NO DEFECTS,ON SCENE,INJURY AND / OR TOW DUE TO CRASH,,,,"$501 - $1,500",9/26/2019 14:42,FOLLOWING TOO CLOSELY,UNABLE TO DETERMINE,4621,W,BELMONT AVE,2521,,,,,,,2,NONINCAPACITATING INJURY,1,0,0,1,0,2,0,14,5,9,41.93876799,-87.74318676,POINT (-87.743186762461 41.93876798505)
JC449362,,9/26/2019 14:35,25,NO CONTROLS,NO CONTROLS,CLEAR,DAYLIGHT,PEDALCYCLIST,DIVIDED - W/MEDIAN (NOT RAISED),,STRAIGHT AND LEVEL,DRY,NO DEFECTS,ON SCENE,INJURY AND / OR TOW DUE TO CRASH,,,,$500 OR LESS,9/26/2019 14:39,DRIVING SKILLS/KNOWLEDGE/EXPERIENCE,NOT APPLICABLE,1438,W,CHICAGO AVE,1213,,,N,,,,2,"REPORTED, NOT EVIDENT",1,0,0,0,1,1,0,14,5,9,41.89623436,-87.66401079,POINT (-87.664010788825 41.896234356948)
JC449629,,9/26/2019 14:33,35,NO CONTROLS,NO CONTROLS,CLEAR,DAYLIGHT,TURNING,DIVIDED - W/MEDIAN (NOT RAISED),,STRAIGHT AND LEVEL,DRY,NO DEFECTS,NOT ON SCENE (DESK REPORT),NO INJURY / DRIVE AWAY,Y,,,"OVER $1,500",9/26/2019 14:35,IMPROPER OVERTAKING/PASSING,NOT APPLICABLE,1255,W,NORTH AVE,1433,,,,,,,2,NO INDICATION OF INJURY,0,0,0,0,0,3,0,14,5,9,41.91065533,-87.65901742,POINT (-87.659017422338 41.91065532766)
JC449352,,9/26/2019 14:30,35,NO CONTROLS,NO CONTROLS,CLEAR,DAYLIGHT,PARKED MOTOR VEHICLE,NOT DIVIDED,,STRAIGHT AND LEVEL,DRY,NO DEFECTS,NOT ON SCENE (DESK REPORT),INJURY AND / OR TOW DUE TO CRASH,,,,"OVER $1,500",9/26/2019 14:52,IMPROPER BACKING,UNABLE TO DETERMINE,6130,S,BLACKSTONE AVE,314,,,,,,,2,NO INDICATION OF INJURY,0,0,0,0,0,1,0,14,5,9,41.78339072,-87.59043708,POINT (-87.590437080123 41.783390723901)
JC449357,Y,9/26/2019 14:15,30,TRAFFIC SIGNAL,FUNCTIONING PROPERLY,CLEAR,DAYLIGHT,PARKED MOTOR VEHICLE,NOT DIVIDED,,STRAIGHT AND LEVEL,DRY,UNKNOWN,ON SCENE,INJURY AND / OR TOW DUE TO CRASH,,,,"OVER $1,500",9/26/2019 14:30,DRIVING SKILLS/KNOWLEDGE/EXPERIENCE,NOT APPLICABLE,1954,N,WESTERN AVE,1434,,,,,,,4,NO INDICATION OF INJURY,0,0,0,0,0,1,0,14,5,9,41.91733081,-87.68755053,POINT (-87.687550525683 41.917330806441)
JC449341,,9/26/2019 14:13,30,NO CONTROLS,NO CONTROLS,CLEAR,DAYLIGHT,REAR END,DIVIDED - W/MEDIAN (NOT RAISED),,STRAIGHT AND LEVEL,DRY,NO DEFECTS,ON SCENE,INJURY AND / OR TOW DUE TO CRASH,,,,"$501 - $1,500",9/26/2019 14:50,FAILING TO REDUCE SPEED TO AVOID CRASH,NOT APPLICABLE,2951,W,63RD ST,823,,,,,,,2,NONINCAPACITATING INJURY,1,0,0,1,0,1,0,14,5,9,41.77894085,-87.69786429,POINT (-87.697864284523 41.77894085223)
JC449329,,9/26/2019 14:08,35,NO CONTROLS,NO CONTROLS,CLEAR,DAYLIGHT,SIDESWIPE SAME DIRECTION,NOT DIVIDED,,STRAIGHT AND LEVEL,DRY,NO DEFECTS,ON SCENE,NO INJURY / DRIVE AWAY,,,,$500 OR LESS,9/26/2019 14:12,UNABLE TO DETERMINE,NOT APPLICABLE,3958,N,WESTERN AVE,1921,,,,,,,2,NO INDICATION OF INJURY,0,0,0,0,0,2,0,14,5,9,41.9539642,-87.68861204,POINT (-87.688612036633 41.953964197401)
JC450363,,9/26/2019 14:05,30,TRAFFIC SIGNAL,FUNCTIONING PROPERLY,CLEAR,DAYLIGHT,TURNING,NOT DIVIDED,,STRAIGHT AND LEVEL,DRY,NO DEFECTS,NOT ON SCENE (DESK REPORT),NO INJURY / DRIVE AWAY,Y,,,"$501 - $1,500",9/27/2019 10:45,UNABLE TO DETERMINE,UNABLE TO DETERMINE,5970,N,CLARK ST,2012,,,,,,,2,NO INDICATION OF INJURY,0,0,0,0,0,2,0,14,5,9,41.9905381,-87.67016237,POINT (-87.670162366354 41.990538097743)
JC450244,,9/26/2019 14:05,30,NO CONTROLS,NO CONTROLS,CLEAR,DAYLIGHT,ANGLE,OTHER,,STRAIGHT AND LEVEL,DRY,"RUT, HOLES",NOT ON SCENE (DESK REPORT),NO INJURY / DRIVE AWAY,,,Y,$500 OR LESS,9/27/2019 8:56,"OPERATING VEHICLE IN ERRATIC, RECKLESS, CARELESS, NEGLIGENT OR AGGRESSIVE MANNER",NOT APPLICABLE,12700,S,WENTWORTH AVE,523,,,,,,,2,NO INDICATION OF INJURY,0,0,0,0,0,2,0,14,5,9,41.6633486,-87.62713069,POINT (-87.627130687705 41.663348599857)
JC449356,,9/26/2019 14:05,30,NO CONTROLS,NO CONTROLS,CLEAR,DAYLIGHT,REAR END,DIVIDED - W/MEDIAN (NOT RAISED),,STRAIGHT AND LEVEL,DRY,NO DEFECTS,,NO INJURY / DRIVE AWAY,,,Y,"$501 - $1,500",9/26/2019 15:08,FOLLOWING TOO CLOSELY,NOT APPLICABLE,5400,W,63RD ST,813,,,,,,,3,NO INDICATION OF INJURY,0,0,0,0,0,3,0,14,5,9,41.77825555,-87.75698852,POINT (-87.75698852067 41.778255544779)
JC450341,,9/26/2019 14:00,30,NO CONTROLS,NO CONTROLS,CLEAR,DAYLIGHT,PARKED MOTOR VEHICLE,PARKING LOT,,STRAIGHT AND LEVEL,DRY,NO DEFECTS,NOT ON SCENE (DESK REPORT),NO INJURY / DRIVE AWAY,,,Y,"OVER $1,500",9/27/2019 10:40,UNABLE TO DETERMINE,UNABLE TO DETERMINE,4400,N,LAKE SHORE DR NB,1914,,,,,,,2,NO INDICATION OF INJURY,0,0,0,0,0,1,0,14,5,9,41.96205861,-87.64638962,POINT (-87.646389617943 41.962058605158)
JC450198,,9/26/2019 14:00,30,NO CONTROLS,NO CONTROLS,CLEAR,DAYLIGHT,FIXED OBJECT,NOT DIVIDED,,STRAIGHT AND LEVEL,DRY,NO DEFECTS,NOT ON SCENE (DESK REPORT),INJURY AND / OR TOW DUE TO CRASH,,,,$500 OR LESS,9/27/2019 7:45,IMPROPER BACKING,UNABLE TO DETERMINE,901,E,103RD ST,512,,,,,,,1,NONINCAPACITATING INJURY,1,0,0,1,0,0,0,14,5,9,41.70742316,-87.60097563,POINT (-87.600975626536 41.707423154569)
JC449637,Y,9/26/2019 14:00,30,NO CONTROLS,NO CONTROLS,CLEAR,DAYLIGHT,PARKED MOTOR VEHICLE,NOT DIVIDED,,STRAIGHT AND LEVEL,DRY,NO DEFECTS,ON SCENE,NO INJURY / DRIVE AWAY,,,Y,"OVER $1,500",9/26/2019 17:17,UNABLE TO DETERMINE,UNABLE TO DETERMINE,3600,N,LAKE SHORE DR,1925,,,,,,,2,NO INDICATION OF INJURY,0,0,0,0,0,1,0,14,5,9,41.94868367,-87.64364976,POINT (-87.643649758505 41.948683674375)
JC449591,,9/26/2019 14:00,20,NO CONTROLS,NO CONTROLS,CLEAR,DAYLIGHT,PARKED MOTOR VEHICLE,NOT DIVIDED,,STRAIGHT AND LEVEL,DRY,OTHER,NOT ON SCENE (DESK REPORT),NO INJURY / DRIVE AWAY,,,,"OVER $1,500",9/26/2019 17:30,ROAD CONSTRUCTION/MAINTENANCE,UNABLE TO DETERMINE,2401,W,GRACE ST,1921,,,,Y,CONSTRUCTION,,2,NO INDICATION OF INJURY,0,0,0,0,0,1,0,14,5,9,41.95026697,-87.68847562,POINT (-87.688475623159 41.950266970425)
JC449374,,9/26/2019 14:00,30,TRAFFIC SIGNAL,FUNCTIONING PROPERLY,CLEAR,DAYLIGHT,REAR END,DIVIDED - W/MEDIAN BARRIER,,STRAIGHT AND LEVEL,DRY,NO DEFECTS,NOT ON SCENE (DESK REPORT),INJURY AND / OR TOW DUE TO CRASH,Y,,,"OVER $1,500",9/26/2019 15:00,FOLLOWING TOO CLOSELY,FAILING TO REDUCE SPEED TO AVOID CRASH,2200,N,ASHLAND AVE,1432,,,,,,,2,"REPORTED, NOT EVIDENT",2,0,0,0,2,1,0,14,5,9,41.92158491,-87.66877311,POINT (-87.6687731076 41.921584911368)
JC449351,,9/26/2019 14:00,30,NO CONTROLS,NO CONTROLS,CLEAR,DAYLIGHT,ANGLE,NOT DIVIDED,,STRAIGHT AND LEVEL,DRY,NO DEFECTS,ON SCENE,INJURY AND / OR TOW DUE TO CRASH,,,,"OVER $1,500",9/26/2019 14:35,NOT APPLICABLE,NOT APPLICABLE,125,E,MONROE DR,114,,,,,,,2,INCAPACITATING INJURY,1,0,1,0,0,1,0,14,5,9,41.88072879,-87.62344449,POINT (-87.623444488102 41.880728794265)
JC449345,,9/26/2019 14:00,30,TRAFFIC SIGNAL,FUNCTIONING PROPERLY,CLEAR,DAYLIGHT,REAR END,OTHER,,STRAIGHT AND LEVEL,DRY,NO DEFECTS,NOT ON SCENE (DESK REPORT),NO INJURY / DRIVE AWAY,Y,,,"OVER $1,500",9/26/2019 15:10,FOLLOWING TOO CLOSELY,NOT APPLICABLE,3155,N,HARLEM AVE,2511,,,,,,,2,NO INDICATION OF INJURY,0,0,0,0,0,2,0,14,5,9,41.9379174,-87.80659717,POINT (-87.806597164974 41.937917397564)
JC449293,,9/26/2019 14:00,10,NO CONTROLS,NO CONTROLS,CLEAR,DAYLIGHT,PARKED MOTOR VEHICLE,PARKING LOT,,STRAIGHT AND LEVEL,DRY,UNKNOWN,NOT ON SCENE (DESK REPORT),NO INJURY / DRIVE AWAY,,,,"OVER $1,500",9/26/2019 14:20,UNABLE TO DETERMINE,NOT APPLICABLE,6300,S,HALSTED ST,723,,,,,,,2,NO INDICATION OF INJURY,0,0,0,0,0,2,0,14,5,9,41.7796575,-87.64493099,POINT (-87.644930992789 41.779657500363)
JC449260,,9/26/2019 13:37,30,NO CONTROLS,NO CONTROLS,CLEAR,DAYLIGHT,SIDESWIPE SAME DIRECTION,NOT DIVIDED,,STRAIGHT AND LEVEL,DRY,NO DEFECTS,ON SCENE,NO INJURY / DRIVE AWAY,,,Y,"$501 - $1,500",9/26/2019 13:40,FAILING TO YIELD RIGHT-OF-WAY,UNABLE TO DETERMINE,4355,W,ARMITAGE AVE,2534,,,,,,,2,NO INDICATION OF INJURY,0,0,0,0,0,2,0,13,5,9,41.91693755,-87.73610576,POINT (-87.73610576392 41.916937544638)
JC449285,,9/26/2019 13:30,30,NO CONTROLS,NO CONTROLS,CLEAR,DAYLIGHT,SIDESWIPE SAME DIRECTION,DIVIDED - W/MEDIAN (NOT RAISED),,STRAIGHT AND LEVEL,DRY,UNKNOWN,NOT ON SCENE (DESK REPORT),NO INJURY / DRIVE AWAY,,,,"OVER $1,500",9/26/2019 13:48,FAILING TO YIELD RIGHT-OF-WAY,UNABLE TO DETERMINE,3256,N,LINCOLN AVE,1922,,,,,,,2,NO INDICATION OF INJURY,0,0,0,0,0,3,0,13,5,9,41.94113619,-87.66983913,POINT (-87.669839129942 41.941136194336)
JC450172,,9/26/2019 13:20,25,NO CONTROLS,NO CONTROLS,CLEAR,DAYLIGHT,PARKED MOTOR VEHICLE,PARKING LOT,,STRAIGHT AND LEVEL,DRY,NO DEFECTS,NOT ON SCENE (DESK REPORT),NO INJURY / DRIVE AWAY,,,Y,"OVER $1,500",9/27/2019 7:50,UNABLE TO DETERMINE,UNABLE TO DETERMINE,7133,S,COLES AVE,334,,,,,,,2,NO INDICATION OF INJURY,0,0,0,0,0,1,0,13,5,9,41.76552001,-87.56377758,POINT (-87.563777579262 41.765520010699)
JC449282,,9/26/2019 13:20,30,NO CONTROLS,NO CONTROLS,CLEAR,DAYLIGHT,REAR END,NOT DIVIDED,,STRAIGHT AND LEVEL,DRY,NO DEFECTS,NOT ON SCENE (DESK REPORT),INJURY AND / OR TOW DUE TO CRASH,,,,"OVER $1,500",9/26/2019 14:00,FOLLOWING TOO CLOSELY,UNABLE TO DETERMINE,6800,W,RAVEN ST,1611,,,,,,,2,NO INDICATION OF INJURY,0,0,0,0,0,2,0,13,5,9,41.99312987,-87.7979106,POINT (-87.797910601418 41.993129867345)
JC449240,,9/26/2019 13:10,30,NO CONTROLS,NO CONTROLS,CLEAR,DAYLIGHT,SIDESWIPE SAME DIRECTION,NOT DIVIDED,,STRAIGHT AND LEVEL,DRY,NO DEFECTS,ON SCENE,NO INJURY / DRIVE AWAY,,,,"$501 - $1,500",9/26/2019 13:12,IMPROPER OVERTAKING/PASSING,NOT APPLICABLE,1604,S,CLARK ST,131,,,,,,,2,NO INDICATION OF INJURY,0,0,0,0,0,2,0,13,5,9,41.85994087,-87.63041429,POINT (-87.63041428824 41.859940874048)
JC449249,,9/26/2019 13:05,40,TRAFFIC SIGNAL,FUNCTIONING PROPERLY,CLEAR,DAYLIGHT,REAR END,DIVIDED - W/MEDIAN BARRIER,,STRAIGHT AND LEVEL,DRY,NO DEFECTS,NOT ON SCENE (DESK REPORT),NO INJURY / DRIVE AWAY,,,,"OVER $1,500",9/26/2019 13:30,FOLLOWING TOO CLOSELY,UNABLE TO DETERMINE,325,S,LAKE SHORE DR NB,114,,,,,,,2,NO INDICATION OF INJURY,0,0,0,0,0,2,0,13,5,9,41.87776505,-87.61703921,POINT (-87.61703920485 41.877765046213)
JC449238,,9/26/2019 13:05,30,STOP SIGN/FLASHER,FUNCTIONING PROPERLY,CLEAR,DAYLIGHT,REAR END,FOUR WAY,,STRAIGHT AND LEVEL,DRY,NO DEFECTS,ON SCENE,INJURY AND / OR TOW DUE TO CRASH,Y,,,"OVER $1,500",9/26/2019 13:11,FOLLOWING TOO CLOSELY,FAILING TO REDUCE SPEED TO AVOID CRASH,1309,N,PULASKI RD,2535,,,,,,,2,"REPORTED, NOT EVIDENT",1,0,0,0,1,3,0,13,5,9,41.90474171,-87.72621961,POINT (-87.726219606137 41.904741709509)