RD_NO,CRASH_DATE_EST_I,CRASH_DATE,POSTED_SPEED_LIMIT,TRAFFIC_CONTROL_DEVICE,DEVICE_CONDITION,WEATHER_CONDITION,LIGHTING_CONDITION,FIRST_CRASH_TYPE,TRAFFICWAY_TYPE,LANE_CNT,ALIGNMENT,ROADWAY_SURFACE_COND,ROAD_DEFECT,REPORT_TYPE,CRASH_TYPE,INTERSECTION_RELATED_I,NOT_RIGHT_OF_WAY_I,HIT_AND_RUN_I,DAMAGE,DATE_POLICE_NOTIFIED,PRIM_CONTRIBUTORY_CAUSE,SEC_CONTRIBUTORY_CAUSE,STREET_NO,STREET_DIRECTION,STREET_NAME,BEAT_OF_OCCURRENCE,PHOTOS_TAKEN_I,STATEMENTS_TAKEN_I,DOORING_I,WORK_ZONE_I,WORK_ZONE_TYPE,WORKERS_PRESENT_I,NUM_UNITS,MOST_SEVERE_INJURY,INJURIES_TOTAL,INJURIES_FATAL,INJURIES_INCAPACITATING,INJURIES_NON_INCAPACITATING,INJURIES_REPORTED_NOT_EVIDENT,INJURIES_NO_INDICATION,INJURIES_UNKNOWN,CRASH_HOUR,CRASH_DAY_OF_WEEK,CRASH_MONTH,LATITUDE,LONGITUDE,LOCATION
JC450002,Y,9/26/2019 13:00,30,UNKNOWN,UNKNOWN,UNKNOWN,DAYLIGHT,SIDESWIPE SAME DIRECTION,NOT DIVIDED,,STRAIGHT AND LEVEL,UNKNOWN,UNKNOWN,NOT ON SCENE (DESK REPORT),NO INJURY / DRIVE AWAY,,,,"OVER $1,500",9/26/2019 23:59,UNABLE TO DETERMINE,NOT APPLICABLE,4351,W,ARMITAGE AVE,2534,,,,,,,2,NO INDICATION OF INJURY,0,0,0,0,0,2,0,13,5,9,41.91693929,-87.73594733,POINT (-87.735947334061 41.916939292441)
JC449290,,9/26/2019 13:00,25,NO CONTROLS,NO CONTROLS,CLEAR,DAYLIGHT,PARKED MOTOR VEHICLE,ONE-WAY,,STRAIGHT AND LEVEL,DRY,NO DEFECTS,NOT ON SCENE (DESK REPORT),NO INJURY / DRIVE AWAY,,,Y,"OVER $1,500",9/26/2019 14:10,NOT APPLICABLE,NOT APPLICABLE,4809,N,WOLCOTT AVE,2032,,,,,,,2,NO INDICATION OF INJURY,0,0,0,0,0,1,0,13,5,9,41.96911449,-87.67606876,POINT (-87.676068756298 41.969114492499)
JC449283,Y,9/26/2019 13:00,30,NO CONTROLS,NO CONTROLS,CLEAR,DAYLIGHT,PARKED MOTOR VEHICLE,ONE-WAY,,STRAIGHT AND LEVEL,DRY,NO DEFECTS,ON SCENE,NO INJURY / DRIVE AWAY,,,Y,$500 OR LESS,9/26/2019 13:45,IMPROPER BACKING,NOT APPLICABLE,916,N,LAWLER AVE,1531,,,,,,,2,NO INDICATION OF INJURY,0,0,0,0,0,1,0,13,5,9,41.89732773,-87.75213342,POINT (-87.752133423614 41.89732772639)
JC449255,,9/26/2019 12:55,10,NO CONTROLS,NO CONTROLS,CLEAR,DAYLIGHT,ANGLE,PARKING LOT,,STRAIGHT AND LEVEL,DRY,NO DEFECTS,NOT ON SCENE (DESK REPORT),NO INJURY / DRIVE AWAY,,Y,,"OVER $1,500",9/26/2019 13:25,FAILING TO YIELD RIGHT-OF-WAY,NOT APPLICABLE,4300,N,NARRAGANSETT AVE,1632,,,,,,,2,NO INDICATION OF INJURY,0,0,0,0,0,2,0,12,5,9,41.95854835,-87.78691899,POINT (-87.786918988769 41.958548345645)
JC449232,,9/26/2019 12:50,35,NO CONTROLS,NO CONTROLS,CLEAR,DAYLIGHT,SIDESWIPE SAME DIRECTION,DIVIDED - W/MEDIAN (NOT RAISED),,STRAIGHT AND LEVEL,DRY,UNKNOWN,ON SCENE,NO INJURY / DRIVE AWAY,,,,"$501 - $1,500",9/26/2019 13:00,UNABLE TO DETERMINE,UNABLE TO DETERMINE,3615,N,KEDZIE AVE,1733,,,,,,,2,NO INDICATION OF INJURY,0,0,0,0,0,2,0,12,5,9,41.94711968,-87.70768823,POINT (-87.707688227938 41.947119680468)
JC449226,,9/26/2019 12:39,30,TRAFFIC SIGNAL,NO CONTROLS,CLEAR,DAYLIGHT,REAR END,NOT DIVIDED,,STRAIGHT AND LEVEL,DRY,NO DEFECTS,NOT ON SCENE (DESK REPORT),NO INJURY / DRIVE AWAY,,,,$500 OR LESS,9/26/2019 13:16,UNABLE TO DETERMINE,NOT APPLICABLE,2200,N,KIMBALL AVE,1413,,,,,,,2,NO INDICATION OF INJURY,0,0,0,0,0,2,0,12,5,9,41.92104505,-87.71214153,POINT (-87.712141524909 41.921045051664)
JC449237,,9/26/2019 12:35,30,TRAFFIC SIGNAL,FUNCTIONING PROPERLY,CLEAR,DAYLIGHT,TURNING,NOT DIVIDED,,STRAIGHT AND LEVEL,DRY,NO DEFECTS,ON SCENE,NO INJURY / DRIVE AWAY,,,,"$501 - $1,500",9/26/2019 12:48,FAILING TO YIELD RIGHT-OF-WAY,UNABLE TO DETERMINE,5599,W,ADDISON ST,1633,,,,,,,2,NO INDICATION OF INJURY,0,0,0,0,0,2,0,12,5,9,41.94576761,-87.76669255,POINT (-87.766692544951 41.945767607143)
JC449227,,9/26/2019 12:35,30,TRAFFIC SIGNAL,FUNCTIONING PROPERLY,CLEAR,DAYLIGHT,REAR END,FOUR WAY,,STRAIGHT AND LEVEL,DRY,NO DEFECTS,NOT ON SCENE (DESK REPORT),NO INJURY / DRIVE AWAY,Y,,,$500 OR LESS,9/26/2019 13:00,UNABLE TO DETERMINE,NOT APPLICABLE,5758,W,MADISON ST,1513,,,,,,,2,NO INDICATION OF INJURY,0,0,0,0,0,2,0,12,5,9,41.88027752,-87.76968011,POINT (-87.769680112224 41.880277516673)
JC452191,,9/26/2019 12:33,30,NO CONTROLS,NO CONTROLS,CLEAR,DAYLIGHT,PARKED MOTOR VEHICLE,ONE-WAY,,STRAIGHT AND LEVEL,DRY,NO DEFECTS,NOT ON SCENE (DESK REPORT),NO INJURY / DRIVE AWAY,,,Y,"$501 - $1,500",9/28/2019 18:00,FAILING TO REDUCE SPEED TO AVOID CRASH,NOT APPLICABLE,2421,N,LAVERGNE AVE,2521,,,,,,,2,NO INDICATION OF INJURY,0,0,0,0,0,1,0,12,5,9,41.924938,-87.7511,POINT (-87.751100000185 41.924937997672)
JC449177,,9/26/2019 12:32,20,STOP SIGN/FLASHER,FUNCTIONING PROPERLY,CLEAR,DAYLIGHT,ANGLE,NOT DIVIDED,,STRAIGHT AND LEVEL,DRY,NO DEFECTS,ON SCENE,INJURY AND / OR TOW DUE TO CRASH,Y,,,"OVER $1,500",9/26/2019 12:40,DISREGARDING STOP SIGN,UNABLE TO DETERMINE,6900,S,GREEN ST,733,,,,,,,2,NONINCAPACITATING INJURY,1,0,0,1,0,2,0,12,5,9,41.76872843,-87.64587254,POINT (-87.645872544041 41.768728434058)
JC449548,,9/26/2019 12:30,30,NO CONTROLS,NO CONTROLS,CLEAR,DAYLIGHT,SIDESWIPE SAME DIRECTION,NOT DIVIDED,,STRAIGHT AND LEVEL,DRY,NO DEFECTS,NOT ON SCENE (DESK REPORT),NO INJURY / DRIVE AWAY,,,Y,$500 OR LESS,9/26/2019 17:09,UNABLE TO DETERMINE,NOT APPLICABLE,2042,W,AUGUSTA BLVD,1212,,,,,,,2,NO INDICATION OF INJURY,0,0,0,0,0,2,0,12,5,9,41.89963132,-87.67887406,POINT (-87.678874061797 41.899631321498)
JC449242,,9/26/2019 12:30,30,UNKNOWN,UNKNOWN,UNKNOWN,DAYLIGHT,SIDESWIPE SAME DIRECTION,T-INTERSECTION,,STRAIGHT AND LEVEL,UNKNOWN,UNKNOWN,NOT ON SCENE (DESK REPORT),NO INJURY / DRIVE AWAY,Y,,,$500 OR LESS,9/26/2019 13:20,UNABLE TO DETERMINE,UNABLE TO DETERMINE,932,W,CHICAGO AVE,1213,,,,,,,2,NO INDICATION OF INJURY,0,0,0,0,0,2,0,12,5,9,41.8964456,-87.65116234,POINT (-87.651162336557 41.896445601593)
JC449217,,9/26/2019 12:30,30,NO CONTROLS,NO CONTROLS,CLEAR,DAYLIGHT,PARKED MOTOR VEHICLE,NOT DIVIDED,,STRAIGHT AND LEVEL,UNKNOWN,UNKNOWN,NOT ON SCENE (DESK REPORT),NO INJURY / DRIVE AWAY,,,,"OVER $1,500",9/26/2019 13:00,UNABLE TO DETERMINE,UNABLE TO DETERMINE,4913,N,LINCOLN AVE,2031,,,,,,,2,NO INDICATION OF INJURY,0,0,0,0,0,1,0,12,5,9,41.97118781,-87.69002891,POINT (-87.69002891306 41.971187812942)
JC449214,,9/26/2019 12:30,30,NO CONTROLS,NO CONTROLS,CLEAR,DAYLIGHT,SIDESWIPE SAME DIRECTION,ONE-WAY,,STRAIGHT AND LEVEL,DRY,NO DEFECTS,ON SCENE,NO INJURY / DRIVE AWAY,,,,"$501 - $1,500",9/26/2019 13:02,IMPROPER LANE USAGE,NOT APPLICABLE,20,W,RANDOLPH ST,111,,,,,,,2,NO INDICATION OF INJURY,0,0,0,0,0,3,0,12,5,9,41.88459663,-87.6286485,POINT (-87.628648495057 41.884596630186)
JC449010,,9/26/2019 12:30,25,NO CONTROLS,NO CONTROLS,CLEAR,DAYLIGHT,REAR END,NOT DIVIDED,,STRAIGHT AND LEVEL,DRY,NO DEFECTS,NOT ON SCENE (DESK REPORT),NO INJURY / DRIVE AWAY,,,,"$501 - $1,500",9/26/2019 13:00,UNABLE TO DETERMINE,UNABLE TO DETERMINE,1000,W,ROSEMONT AVE,2433,,,,,,,2,NO INDICATION OF INJURY,0,0,0,0,0,2,0,12,5,9,41.99653275,-87.65565476,POINT (-87.655654758648 41.996532754282)
JC449190,,9/26/2019 12:23,35,NO CONTROLS,NO CONTROLS,CLEAR,DAYLIGHT,TURNING,NOT DIVIDED,,STRAIGHT AND LEVEL,DRY,NO DEFECTS,ON SCENE,INJURY AND / OR TOW DUE TO CRASH,,,,"$501 - $1,500",9/26/2019 12:27,FAILING TO YIELD RIGHT-OF-WAY,NOT APPLICABLE,4400,N,ELSTON AVE,1722,,,,,,,2,NONINCAPACITATING INJURY,1,0,0,1,0,1,0,12,5,9,41.9609248,-87.7299069,POINT (-87.729906898945 41.960924798749)
JC449209,,9/26/2019 12:20,35,PEDESTRIAN CROSSING SIGN,FUNCTIONING PROPERLY,CLEAR,DAYLIGHT,PEDESTRIAN,ONE-WAY,,STRAIGHT AND LEVEL,DRY,NO DEFECTS,ON SCENE,INJURY AND / OR TOW DUE TO CRASH,Y,,,$500 OR LESS,9/26/2019 12:27,DISREGARDING OTHER TRAFFIC SIGNS,UNABLE TO DETERMINE,200,S,WABASH AVE,113,,,,,,,2,NONINCAPACITATING INJURY,1,0,0,1,0,1,0,12,5,9,41.87945489,-87.62627048,POINT (-87.626270474892 41.879454893952)
JC449208,,9/26/2019 12:20,30,NO CONTROLS,NO CONTROLS,SEVERE CROSS WIND GATE,DAYLIGHT,SIDESWIPE SAME DIRECTION,DIVIDED - W/MEDIAN (NOT RAISED),,STRAIGHT AND LEVEL,DRY,NO DEFECTS,ON SCENE,INJURY AND / OR TOW DUE TO CRASH,,,,"OVER $1,500",9/26/2019 12:28,FAILING TO YIELD RIGHT-OF-WAY,UNABLE TO DETERMINE,5780,N,ELSTON AVE,1622,,,,,,,2,NO INDICATION OF INJURY,0,0,0,0,0,2,0,12,5,9,41.98643598,-87.77132959,POINT (-87.771329585241 41.986435977365)
JC449452,,9/26/2019 12:15,30,NO CONTROLS,NO CONTROLS,CLEAR,DAYLIGHT,PARKED MOTOR VEHICLE,PARKING LOT,,STRAIGHT AND LEVEL,DRY,NO DEFECTS,NOT ON SCENE (DESK REPORT),NO INJURY / DRIVE AWAY,,,,$500 OR LESS,9/26/2019 16:41,UNABLE TO DETERMINE,NOT APPLICABLE,3500,N,KIMBALL AVE,1732,,,,,,,2,NO INDICATION OF INJURY,0,0,0,0,0,1,0,12,5,9,41.94488107,-87.71280509,POINT (-87.712805088759 41.944881073845)
JC449201,,9/26/2019 12:15,30,NO CONTROLS,NO CONTROLS,CLEAR,DAYLIGHT,OTHER OBJECT,DIVIDED - W/MEDIAN (NOT RAISED),,STRAIGHT AND LEVEL,DRY,NO DEFECTS,ON SCENE,INJURY AND / OR TOW DUE TO CRASH,,,,$500 OR LESS,9/26/2019 12:33,FOLLOWING TOO CLOSELY,NOT APPLICABLE,1516,W,TAYLOR ST,1231,,,,,,,2,"REPORTED, NOT EVIDENT",1,0,0,0,1,0,0,12,5,9,41.86939894,-87.6648343,POINT (-87.664834300774 41.869398936353)
JC449175,,9/26/2019 12:15,30,NO CONTROLS,NO CONTROLS,CLEAR,DAYLIGHT,TURNING,NOT DIVIDED,,STRAIGHT AND LEVEL,DRY,NO DEFECTS,ON SCENE,NO INJURY / DRIVE AWAY,Y,,,"OVER $1,500",9/26/2019 12:20,UNABLE TO DETERMINE,NOT APPLICABLE,2414,N,KIMBALL AVE,1413,,,,,,,2,NO INDICATION OF INJURY,0,0,0,0,0,2,0,12,5,9,41.92514444,-87.71226584,POINT (-87.712265836068 41.925144439087)
JC455771,,9/26/2019 12:10,30,TRAFFIC SIGNAL,FUNCTIONING PROPERLY,CLEAR,DAYLIGHT,SIDESWIPE SAME DIRECTION,NOT DIVIDED,,STRAIGHT AND LEVEL,DRY,NO DEFECTS,NOT ON SCENE (DESK REPORT),NO INJURY / DRIVE AWAY,,,,"$501 - $1,500",10/1/2019 14:35,UNABLE TO DETERMINE,UNABLE TO DETERMINE,2000,N,CICERO AVE,2522,,,,,,,2,NO INDICATION OF INJURY,0,0,0,0,0,2,0,12,5,9,41.91697333,-87.74626022,POINT (-87.746260222511 41.916973324511)
JC449176,,9/26/2019 12:05,30,TRAFFIC SIGNAL,FUNCTIONING PROPERLY,CLEAR,DAYLIGHT,REAR TO FRONT,ONE-WAY,,STRAIGHT AND LEVEL,DRY,NO DEFECTS,ON SCENE,NO INJURY / DRIVE AWAY,,,,"$501 - $1,500",9/26/2019 12:10,IMPROPER BACKING,NOT APPLICABLE,5651,N,KENMORE AVE,2022,,,,,,,2,NO INDICATION OF INJURY,0,0,0,0,0,2,0,12,5,9,41.98519207,-87.65651452,POINT (-87.656514522043 41.985192074345)
JC449152,,9/26/2019 12:05,30,STOP SIGN/FLASHER,FUNCTIONING PROPERLY,CLEAR,DAYLIGHT,TURNING,T-INTERSECTION,,STRAIGHT AND LEVEL,DRY,NO DEFECTS,ON SCENE,NO INJURY / DRIVE AWAY,Y,,,"OVER $1,500",9/26/2019 12:10,NOT APPLICABLE,NOT APPLICABLE,3230,S,RHODES AVE,211,,,,,,,2,NO INDICATION OF INJURY,0,0,0,0,0,2,0,12,5,9,41.8357225,-87.61358639,POINT (-87.61358638696 41.835722499706)
JC499187,,9/26/2019 12:00,30,NO CONTROLS,NO CONTROLS,CLEAR,DAYLIGHT,SIDESWIPE SAME DIRECTION,NOT DIVIDED,,STRAIGHT AND LEVEL,DRY,NO DEFECTS,NOT ON SCENE (DESK REPORT),NO INJURY / DRIVE AWAY,,,,"OVER $1,500",9/26/2019 12:40,IMPROPER LANE USAGE,UNABLE TO DETERMINE,6410,S,CICERO AVE,813,,,,,,,2,NO INDICATION OF INJURY,0,0,0,0,0,2,0,12,5,9,41.77622481,-87.74235979,POINT (-87.742359788417 41.776224812448)
JC449160,,9/26/2019 11:56,30,STOP SIGN/FLASHER,FUNCTIONING PROPERLY,CLEAR,DAYLIGHT,SIDESWIPE SAME DIRECTION,ONE-WAY,,STRAIGHT AND LEVEL,DRY,NO DEFECTS,NOT ON SCENE (DESK REPORT),NO INJURY / DRIVE AWAY,,,,$500 OR LESS,9/26/2019 11:56,UNABLE TO DETERMINE,UNABLE TO DETERMINE,42,W,JACKSON BLVD,113,,,,,,,2,NO INDICATION OF INJURY,0,0,0,0,0,4,0,11,5,9,41.87827648,-87.62932325,POINT (-87.629323253677 41.87827648366)
JC449171,,9/26/2019 11:55,35,NO CONTROLS,NO CONTROLS,CLEAR,DAYLIGHT,REAR END,NOT DIVIDED,,STRAIGHT AND LEVEL,DRY,NO DEFECTS,NOT ON SCENE (DESK REPORT),NO INJURY / DRIVE AWAY,,,,"OVER $1,500",9/26/2019 12:45,UNABLE TO DETERMINE,UNABLE TO DETERMINE,7030,S,ASHLAND AVE,735,,,,,,,2,NO INDICATION OF INJURY,0,0,0,0,0,2,0,11,5,9,41.76579077,-87.66396689,POINT (-87.663966886455 41.765790770432)
JC449138,,9/26/2019 11:55,30,TRAFFIC SIGNAL,FUNCTIONING PROPERLY,CLEAR,DAYLIGHT,SIDESWIPE SAME DIRECTION,DIVIDED - W/MEDIAN (NOT RAISED),,STRAIGHT AND LEVEL,DRY,NO DEFECTS,NOT ON SCENE (DESK REPORT),NO INJURY / DRIVE AWAY,,,,"OVER $1,500",9/26/2019 12:10,FAILING TO YIELD RIGHT-OF-WAY,FOLLOWING TOO CLOSELY,5617,W,FOSTER AVE,1622,,,,,,,2,NO INDICATION OF INJURY,0,0,0,0,0,3,0,11,5,9,41.97557189,-87.76927668,POINT (-87.769276676057 41.975571888042)
JC449128,,9/26/2019 11:53,30,NO CONTROLS,NO CONTROLS,CLEAR,DAYLIGHT,REAR END,OTHER,,STRAIGHT AND LEVEL,DRY,NO DEFECTS,NOT ON SCENE (DESK REPORT),NO INJURY / DRIVE AWAY,,,,"$501 - $1,500",9/26/2019 12:00,UNABLE TO DETERMINE,NOT APPLICABLE,3119,N,KEDZIE AVE,1411,,,,,,,2,NO INDICATION OF INJURY,0,0,0,0,0,2,0,11,5,9,41.93809248,-87.70745756,POINT (-87.707457557192 41.938092480514)
JC449231,,9/26/2019 11:50,30,NO CONTROLS,NO CONTROLS,CLEAR,DAYLIGHT,SIDESWIPE SAME DIRECTION,NOT DIVIDED,,STRAIGHT AND LEVEL,DRY,NO DEFECTS,NOT ON SCENE (DESK REPORT),NO INJURY / DRIVE AWAY,,,Y,"$501 - $1,500",9/26/2019 12:10,UNABLE TO DETERMINE,NOT APPLICABLE,1949,W,FULLERTON AVE,1432,,,,,,,2,NO INDICATION OF INJURY,0,0,0,0,0,2,0,11,5,9,41.92491928,-87.67766794,POINT (-87.677667941394 41.924919280698)
JC449144,,9/26/2019 11:50,30,NO CONTROLS,NO CONTROLS,CLEAR,DAYLIGHT,REAR END,ONE-WAY,,STRAIGHT AND LEVEL,DRY,NO DEFECTS,,NO INJURY / DRIVE AWAY,,,Y,"$501 - $1,500",9/26/2019 11:58,FAILING TO REDUCE SPEED TO AVOID CRASH,"OPERATING VEHICLE IN ERRATIC, RECKLESS, CARELESS, NEGLIGENT OR AGGRESSIVE MANNER",431,S,WACKER DR,122,,,,,,,2,NO INDICATION OF INJURY,0,0,0,0,0,2,0,11,5,9,41.87626289,-87.63607867,POINT (-87.63607866808 41.87626289434)
JC449626,,9/26/2019 11:45,20,NO CONTROLS,NO CONTROLS,CLEAR,DAYLIGHT,REAR END,ONE-WAY,,STRAIGHT AND LEVEL,DRY,UNKNOWN,NOT ON SCENE (DESK REPORT),NO INJURY / DRIVE AWAY,,,Y,$500 OR LESS,9/26/2019 16:57,UNABLE TO DETERMINE,UNABLE TO DETERMINE,10000,W,OHARE ST,1651,,,,,,,2,NO INDICATION OF INJURY,0,0,0,0,0,3,0,11,5,9,41.97620114,-87.90530913,POINT (-87.905309125103 41.976201139024)
JC449123,,9/26/2019 11:41,45,NO CONTROLS,NO CONTROLS,CLEAR,DAYLIGHT,SIDESWIPE SAME DIRECTION,DIVIDED - W/MEDIAN (NOT RAISED),,"CURVE, LEVEL",DRY,NO DEFECTS,ON SCENE,NO INJURY / DRIVE AWAY,,,,"OVER $1,500",9/26/2019 11:41,FAILING TO YIELD RIGHT-OF-WAY,NOT APPLICABLE,10000,W,OHARE ST,1651,,,,,,,2,NO INDICATION OF INJURY,0,0,0,0,0,2,0,11,5,9,41.97620114,-87.90530913,POINT (-87.905309125103 41.976201139024)
JC449195,,9/26/2019 11:40,30,NO CONTROLS,NO CONTROLS,CLEAR,DAYLIGHT,PARKED MOTOR VEHICLE,DIVIDED - W/MEDIAN (NOT RAISED),,STRAIGHT AND LEVEL,DRY,UNKNOWN,NOT ON SCENE (DESK REPORT),NO INJURY / DRIVE AWAY,,,Y,"OVER $1,500",9/26/2019 12:50,UNABLE TO DETERMINE,RELATED TO BUS STOP,3300,W,FOSTER AVE,1712,,,,,,,2,NO INDICATION OF INJURY,0,0,0,0,0,1,0,11,5,9,41.97582984,-87.71118215,POINT (-87.711182148704 41.975829838361)
JC449112,,9/26/2019 11:35,30,TRAFFIC SIGNAL,FUNCTIONING PROPERLY,CLEAR,DAYLIGHT,ANGLE,DIVIDED - W/MEDIAN (NOT RAISED),,STRAIGHT AND LEVEL,DRY,NO DEFECTS,ON SCENE,INJURY AND / OR TOW DUE TO CRASH,Y,,,"OVER $1,500",9/26/2019 11:38,DISREGARDING TRAFFIC SIGNALS,UNABLE TO DETERMINE,1399,W,76TH ST,612,,,,,,,2,"REPORTED, NOT EVIDENT",1,0,0,0,1,2,0,11,5,9,41.75577538,-87.65861535,POINT (-87.658615346104 41.755775379406)
JC450305,,9/26/2019 11:30,30,NO CONTROLS,NO CONTROLS,CLEAR,DAYLIGHT,SIDESWIPE SAME DIRECTION,NOT DIVIDED,,STRAIGHT AND LEVEL,DRY,NO DEFECTS,NOT ON SCENE (DESK REPORT),NO INJURY / DRIVE AWAY,,,,"$501 - $1,500",9/27/2019 9:55,UNABLE TO DETERMINE,UNABLE TO DETERMINE,2237,W,DEVON AVE,2413,,,,,,,2,NO INDICATION OF INJURY,0,0,0,0,0,2,0,11,5,9,41.99768014,-87.68644293,POINT (-87.686442926298 41.997680140072)
JC449114,,9/26/2019 11:30,30,NO CONTROLS,NO CONTROLS,UNKNOWN,UNKNOWN,PARKED MOTOR VEHICLE,ONE-WAY,,STRAIGHT AND LEVEL,UNKNOWN,UNKNOWN,NOT ON SCENE (DESK REPORT),NO INJURY / DRIVE AWAY,,,Y,"OVER $1,500",9/26/2019 11:50,UNABLE TO DETERMINE,UNABLE TO DETERMINE,3432,W,BALMORAL AVE,1712,,,,,,,2,NO INDICATION OF INJURY,0,0,0,0,0,1,0,11,5,9,41.97945339,-87.71499199,POINT (-87.714991991674 41.979453393681)
JC449113,,9/26/2019 11:30,30,TRAFFIC SIGNAL,FUNCTIONING PROPERLY,CLEAR,DAYLIGHT,TURNING,FOUR WAY,,STRAIGHT AND LEVEL,DRY,NO DEFECTS,ON SCENE,INJURY AND / OR TOW DUE TO CRASH,Y,,,"OVER $1,500",9/26/2019 11:35,DISREGARDING TRAFFIC SIGNALS,NOT APPLICABLE,4700,W,55TH ST,815,,,,,,,2,NO INDICATION OF INJURY,0,0,0,0,0,3,0,11,5,9,41.79316329,-87.74037958,POINT (-87.740379581785 41.793163286443)
JC449094,,9/26/2019 11:28,15,NO CONTROLS,NO CONTROLS,CLEAR,DAYLIGHT,PARKED MOTOR VEHICLE,ONE-WAY,,STRAIGHT AND LEVEL,DRY,NO DEFECTS,ON SCENE,NO INJURY / DRIVE AWAY,,,,"$501 - $1,500",9/26/2019 11:28,DRIVING SKILLS/KNOWLEDGE/EXPERIENCE,UNABLE TO DETERMINE,6310,S,CALUMET AVE,312,,,,,,,2,NO INDICATION OF INJURY,0,0,0,0,0,1,0,11,5,9,41.77979293,-87.61746819,POINT (-87.61746819029 41.779792930184)
JC449307,,9/26/2019 11:25,30,NO CONTROLS,NO CONTROLS,CLEAR,DAYLIGHT,SIDESWIPE SAME DIRECTION,NOT DIVIDED,,STRAIGHT AND LEVEL,DRY,NO DEFECTS,NOT ON SCENE (DESK REPORT),NO INJURY / DRIVE AWAY,,,,"OVER $1,500",9/26/2019 14:25,UNABLE TO DETERMINE,UNABLE TO DETERMINE,300,N,ORLEANS ST,122,,,,,,,2,NO INDICATION OF INJURY,0,0,0,0,0,3,0,11,5,9,41.88687599,-87.6355937,POINT (-87.635593694875 41.886875985672)
JC449098,,9/26/2019 11:20,30,TRAFFIC SIGNAL,FUNCTIONING PROPERLY,CLEAR,DAYLIGHT,SIDESWIPE SAME DIRECTION,NOT DIVIDED,,STRAIGHT AND LEVEL,DRY,NO DEFECTS,ON SCENE,INJURY AND / OR TOW DUE TO CRASH,Y,,,"$501 - $1,500",9/26/2019 11:25,FAILING TO YIELD RIGHT-OF-WAY,NOT APPLICABLE,2700,S,PULASKI RD,1031,,,,,,,2,"REPORTED, NOT EVIDENT",1,0,0,0,1,3,0,11,5,9,41.84231666,-87.72464504,POINT (-87.724645038379 41.84231665823)
JC449078,,9/26/2019 11:13,30,TRAFFIC SIGNAL,FUNCTIONING PROPERLY,CLEAR,DAYLIGHT,TURNING,FOUR WAY,,STRAIGHT AND LEVEL,DRY,NO DEFECTS,ON SCENE,INJURY AND / OR TOW DUE TO CRASH,Y,,,"OVER $1,500",9/26/2019 11:13,FAILING TO YIELD RIGHT-OF-WAY,NOT APPLICABLE,3200,W,GRAND AVE,1121,Y,Y,,,,,2,"REPORTED, NOT EVIDENT",1,0,0,0,1,1,0,11,5,9,41.89842312,-87.70661641,POINT (-87.706616405026 41.898423122275)
JC449086,,9/26/2019 11:05,30,STOP SIGN/FLASHER,FUNCTIONING PROPERLY,CLEAR,DAYLIGHT,ANGLE,OTHER,,STRAIGHT AND LEVEL,DRY,SHOULDER DEFECT,ON SCENE,NO INJURY / DRIVE AWAY,,,,"$501 - $1,500",9/26/2019 11:10,FAILING TO REDUCE SPEED TO AVOID CRASH,NOT APPLICABLE,5200,W,ARGYLE ST,1623,,,,,,,2,NO INDICATION OF INJURY,0,0,0,0,0,2,0,11,5,9,41.97168129,-87.7577704,POINT (-87.757770400343 41.971681288101)
JC449103,,9/26/2019 11:04,0,NO CONTROLS,NO CONTROLS,CLEAR,DAYLIGHT,PARKED MOTOR VEHICLE,OTHER,,STRAIGHT AND LEVEL,DRY,NO DEFECTS,ON SCENE,NO INJURY / DRIVE AWAY,,Y,,$500 OR LESS,9/26/2019 11:05,IMPROPER OVERTAKING/PASSING,NOT APPLICABLE,340,W,CHICAGO AVE,1823,,,,,,,2,NO INDICATION OF INJURY,0,0,0,0,0,4,0,11,5,9,41.89665962,-87.63724781,POINT (-87.637247807935 41.896659619828)
JC449276,,9/26/2019 11:00,30,TRAFFIC SIGNAL,FUNCTIONING PROPERLY,CLEAR,DAYLIGHT,REAR END,NOT DIVIDED,,STRAIGHT AND LEVEL,DRY,NO DEFECTS,NOT ON SCENE (DESK REPORT),NO INJURY / DRIVE AWAY,Y,,,"OVER $1,500",9/26/2019 14:00,UNABLE TO DETERMINE,NOT APPLICABLE,500,S,DAMEN AVE,1225,,,,,,,3,NO INDICATION OF INJURY,0,0,0,0,0,3,0,11,5,9,41.87496969,-87.6766323,POINT (-87.67663229632 41.874969684894)
JC449083,,9/26/2019 11:00,25,NO CONTROLS,NO CONTROLS,CLEAR,DAYLIGHT,SIDESWIPE SAME DIRECTION,ONE-WAY,,STRAIGHT AND LEVEL,DRY,NO DEFECTS,ON SCENE,NO INJURY / DRIVE AWAY,,,Y,$500 OR LESS,9/26/2019 11:22,"OPERATING VEHICLE IN ERRATIC, RECKLESS, CARELESS, NEGLIGENT OR AGGRESSIVE MANNER","OPERATING VEHICLE IN ERRATIC, RECKLESS, CARELESS, NEGLIGENT OR AGGRESSIVE MANNER",6900,S,CALUMET AVE,322,,,,,,,2,NO INDICATION OF INJURY,0,0,0,0,0,2,0,11,5,9,41.76926189,-87.61711072,POINT (-87.617110720868 41.769261893357)