RD_NO,CRASH_DATE_EST_I,CRASH_DATE,POSTED_SPEED_LIMIT,TRAFFIC_CONTROL_DEVICE,DEVICE_CONDITION,WEATHER_CONDITION,LIGHTING_CONDITION,FIRST_CRASH_TYPE,TRAFFICWAY_TYPE,LANE_CNT,ALIGNMENT,ROADWAY_SURFACE_COND,ROAD_DEFECT,REPORT_TYPE,CRASH_TYPE,INTERSECTION_RELATED_I,NOT_RIGHT_OF_WAY_I,HIT_AND_RUN_I,DAMAGE,DATE_POLICE_NOTIFIED,PRIM_CONTRIBUTORY_CAUSE,SEC_CONTRIBUTORY_CAUSE,STREET_NO,STREET_DIRECTION,STREET_NAME,BEAT_OF_OCCURRENCE,PHOTOS_TAKEN_I,STATEMENTS_TAKEN_I,DOORING_I,WORK_ZONE_I,WORK_ZONE_TYPE,WORKERS_PRESENT_I,NUM_UNITS,MOST_SEVERE_INJURY,INJURIES_TOTAL,INJURIES_FATAL,INJURIES_INCAPACITATING,INJURIES_NON_INCAPACITATING,INJURIES_REPORTED_NOT_EVIDENT,INJURIES_NO_INDICATION,INJURIES_UNKNOWN,CRASH_HOUR,CRASH_DAY_OF_WEEK,CRASH_MONTH,LATITUDE,LONGITUDE,LOCATION
JC449680,,9/26/2019 10:55,30,TRAFFIC SIGNAL,FUNCTIONING PROPERLY,CLEAR,DAYLIGHT,SIDESWIPE SAME DIRECTION,ONE-WAY,,STRAIGHT AND LEVEL,DRY,NO DEFECTS,NOT ON SCENE (DESK REPORT),NO INJURY / DRIVE AWAY,,,,"$501 - $1,500",9/26/2019 18:49,IMPROPER OVERTAKING/PASSING,FAILING TO REDUCE SPEED TO AVOID CRASH,3555,N,OAK PARK AVE,1632,,,,,,,2,NO INDICATION OF INJURY,0,0,0,0,0,2,0,10,5,9,41.94527688,-87.79583094,POINT (-87.795830938238 41.945276876679)
JC449076,,9/26/2019 10:41,30,NO CONTROLS,NO CONTROLS,CLEAR,DAYLIGHT,REAR END,NOT DIVIDED,,STRAIGHT AND LEVEL,DRY,NO DEFECTS,NOT ON SCENE (DESK REPORT),NO INJURY / DRIVE AWAY,,,,"$501 - $1,500",9/26/2019 11:10,FOLLOWING TOO CLOSELY,NOT APPLICABLE,2410,S,ARCHER AVE,914,,,,,,,2,NO INDICATION OF INJURY,0,0,0,0,0,2,0,10,5,9,41.84876098,-87.64290481,POINT (-87.642904808402 41.848760980262)
JC449077,,9/26/2019 10:35,10,NO CONTROLS,NO CONTROLS,CLEAR,DAYLIGHT,ANGLE,PARKING LOT,,STRAIGHT AND LEVEL,DRY,NO DEFECTS,NOT ON SCENE (DESK REPORT),NO INJURY / DRIVE AWAY,,Y,,"$501 - $1,500",9/26/2019 11:25,FAILING TO YIELD RIGHT-OF-WAY,NOT APPLICABLE,4440,W,NORTH AVE,2533,,,,,,,2,NO INDICATION OF INJURY,0,0,0,0,0,2,0,10,5,9,41.90984206,-87.73779797,POINT (-87.737797969282 41.909842057966)
JC450791,,9/26/2019 10:30,30,TRAFFIC SIGNAL,FUNCTIONING PROPERLY,CLEAR,DAYLIGHT,SIDESWIPE SAME DIRECTION,ONE-WAY,,STRAIGHT AND LEVEL,DRY,NO DEFECTS,NOT ON SCENE (DESK REPORT),NO INJURY / DRIVE AWAY,Y,,,"OVER $1,500",9/27/2019 16:25,IMPROPER LANE USAGE,UNABLE TO DETERMINE,77,E,WASHINGTON ST,112,,,,,,,2,NO INDICATION OF INJURY,0,0,0,0,0,2,0,10,5,9,41.88311499,-87.62511209,POINT (-87.625112088007 41.883114985941)
JC449248,,9/26/2019 10:30,25,NO CONTROLS,NO CONTROLS,CLEAR,DAYLIGHT,PARKED MOTOR VEHICLE,ONE-WAY,,STRAIGHT AND LEVEL,DRY,UNKNOWN,NOT ON SCENE (DESK REPORT),NO INJURY / DRIVE AWAY,,,N,"OVER $1,500",9/26/2019 13:00,UNABLE TO DETERMINE,UNABLE TO DETERMINE,314,S,KILDARE AVE,1131,,,,,,,2,NO INDICATION OF INJURY,0,0,0,0,0,1,0,10,5,9,41.87646943,-87.73302869,POINT (-87.733028688463 41.876469432918)
JC449124,,9/26/2019 10:30,30,TRAFFIC SIGNAL,UNKNOWN,CLEAR,DAYLIGHT,REAR END,UNKNOWN,,STRAIGHT AND LEVEL,DRY,UNKNOWN,NOT ON SCENE (DESK REPORT),NO INJURY / DRIVE AWAY,,,,"OVER $1,500",9/26/2019 12:09,IMPROPER BACKING,UNABLE TO DETERMINE,3230,W,38TH ST,911,,,,,,,2,NO INDICATION OF INJURY,0,0,0,0,0,2,0,10,5,9,41.82449188,-87.70571531,POINT (-87.705715310355 41.824491881489)
JC449019,,9/26/2019 10:21,35,TRAFFIC SIGNAL,FUNCTIONING PROPERLY,CLEAR,DAYLIGHT,TURNING,NOT DIVIDED,,STRAIGHT AND LEVEL,DRY,NO DEFECTS,ON SCENE,NO INJURY / DRIVE AWAY,,,Y,"OVER $1,500",9/26/2019 10:21,IMPROPER TURNING/NO SIGNAL,NOT APPLICABLE,220,W,GARFIELD BLVD,935,,,,,,,2,NO INDICATION OF INJURY,0,0,0,0,0,4,0,10,5,9,41.7946444,-87.63140654,POINT (-87.631406536705 41.794644394705)
JC449041,,9/26/2019 10:19,45,TRAFFIC SIGNAL,FUNCTIONING PROPERLY,CLEAR,DAYLIGHT,SIDESWIPE SAME DIRECTION,DIVIDED - W/MEDIAN BARRIER,,STRAIGHT AND LEVEL,DRY,NO DEFECTS,ON SCENE,INJURY AND / OR TOW DUE TO CRASH,,,,"OVER $1,500",9/26/2019 10:24,IMPROPER LANE USAGE,UNABLE TO DETERMINE,850,N,LAKE SHORE DR SB,1833,,,,,,,2,NONINCAPACITATING INJURY,1,0,0,1,0,1,0,10,5,9,41.89810418,-87.61789354,POINT (-87.617893535871 41.89810417586)
JC449137,,9/26/2019 10:15,30,NO CONTROLS,NO CONTROLS,CLEAR,DAYLIGHT,PARKED MOTOR VEHICLE,NOT DIVIDED,,STRAIGHT AND LEVEL,DRY,NO DEFECTS,NOT ON SCENE (DESK REPORT),NO INJURY / DRIVE AWAY,,,Y,$500 OR LESS,9/26/2019 11:00,UNABLE TO DETERMINE,NOT APPLICABLE,338,N,CENTRAL AVE,1512,,,,,,,2,NO INDICATION OF INJURY,0,0,0,0,0,1,0,10,5,9,41.886907,-87.76524647,POINT (-87.765246467793 41.886907002275)
JC451666,,9/26/2019 10:10,30,TRAFFIC SIGNAL,FUNCTIONING PROPERLY,CLEAR,"DARKNESS, LIGHTED ROAD",REAR END,ONE-WAY,,STRAIGHT AND LEVEL,DRY,NO DEFECTS,NOT ON SCENE (DESK REPORT),NO INJURY / DRIVE AWAY,Y,,,"OVER $1,500",9/28/2019 11:15,FOLLOWING TOO CLOSELY,UNABLE TO DETERMINE,804,W,WASHINGTON BLVD,1224,,,,,,,2,NO INDICATION OF INJURY,0,0,0,0,0,2,0,10,5,9,41.8832528,-87.64764601,POINT (-87.647646013872 41.883252799967)
JC449009,,9/26/2019 10:10,30,NO CONTROLS,NO CONTROLS,CLEAR,DAYLIGHT,PARKED MOTOR VEHICLE,ONE-WAY,,STRAIGHT AND LEVEL,DRY,NO DEFECTS,ON SCENE,NO INJURY / DRIVE AWAY,,,,"OVER $1,500",9/26/2019 10:14,UNABLE TO DETERMINE,NOT APPLICABLE,1601,N,SPRINGFIELD AVE,2535,,,,,,,2,NO INDICATION OF INJURY,0,0,0,0,0,2,0,10,5,9,41.91000721,-87.72374975,POINT (-87.723749753837 41.910007206913)
JC449537,,9/26/2019 10:07,30,TRAFFIC SIGNAL,FUNCTIONING PROPERLY,CLEAR,DAYLIGHT,REAR END,NOT DIVIDED,,STRAIGHT AND LEVEL,DRY,NO DEFECTS,NOT ON SCENE (DESK REPORT),NO INJURY / DRIVE AWAY,,,,$500 OR LESS,9/26/2019 16:45,FAILING TO YIELD RIGHT-OF-WAY,UNABLE TO DETERMINE,900,S,KEDZIE AVE,1134,,,,,,,3,NO INDICATION OF INJURY,0,0,0,0,0,3,0,10,5,9,41.87000283,-87.70593427,POINT (-87.705934271357 41.870002824798)
JC450414,,9/26/2019 10:00,30,NO CONTROLS,NO CONTROLS,CLEAR,DAYLIGHT,SIDESWIPE SAME DIRECTION,ONE-WAY,,STRAIGHT AND LEVEL,DRY,NO DEFECTS,NOT ON SCENE (DESK REPORT),NO INJURY / DRIVE AWAY,,,,"OVER $1,500",9/27/2019 11:40,IMPROPER LANE USAGE,IMPROPER OVERTAKING/PASSING,4248,S,MICHIGAN AVE,213,,,,,,,2,NO INDICATION OF INJURY,0,0,0,0,0,3,0,10,5,9,41.8169074,-87.62318459,POINT (-87.623184594219 41.816907399209)
JC450265,N,9/26/2019 10:00,30,TRAFFIC SIGNAL,FUNCTIONING PROPERLY,CLEAR,DAYLIGHT,SIDESWIPE SAME DIRECTION,NOT DIVIDED,,STRAIGHT AND LEVEL,DRY,NO DEFECTS,NOT ON SCENE (DESK REPORT),NO INJURY / DRIVE AWAY,Y,,,"OVER $1,500",9/27/2019 9:35,IMPROPER LANE USAGE,NOT APPLICABLE,401,W,CHICAGO AVE,1831,,,,,,,2,NO INDICATION OF INJURY,0,0,0,0,0,2,0,10,5,9,41.89642174,-87.63868323,POINT (-87.638683226089 41.896421737687)
JC450261,,9/26/2019 10:00,30,NO CONTROLS,NO CONTROLS,CLEAR,"DARKNESS, LIGHTED ROAD",PARKED MOTOR VEHICLE,DIVIDED - W/MEDIAN (NOT RAISED),,STRAIGHT AND LEVEL,DRY,NO DEFECTS,NOT ON SCENE (DESK REPORT),NO INJURY / DRIVE AWAY,,,Y,"$501 - $1,500",9/27/2019 9:20,IMPROPER LANE USAGE,HAD BEEN DRINKING (USE WHEN ARREST IS NOT MADE),5807,N,KIMBALL AVE,1711,,,,,,,2,NO INDICATION OF INJURY,0,0,0,0,0,1,0,10,5,9,41.98690392,-87.71372881,POINT (-87.713728814403 41.98690391744)
JC449392,Y,9/26/2019 10:00,30,NO CONTROLS,NO CONTROLS,CLEAR,DAYLIGHT,PARKED MOTOR VEHICLE,DIVIDED - W/MEDIAN (NOT RAISED),,STRAIGHT AND LEVEL,DRY,NO DEFECTS,NOT ON SCENE (DESK REPORT),NO INJURY / DRIVE AWAY,,,Y,"OVER $1,500",9/26/2019 15:30,UNABLE TO DETERMINE,NOT APPLICABLE,2956,W,NORTH AVE,1421,,,,,,,2,NO INDICATION OF INJURY,0,0,0,0,0,1,0,10,5,9,41.91028581,-87.70137269,POINT (-87.701372684545 41.910285814291)
JC449301,,9/26/2019 10:00,15,NO CONTROLS,NO CONTROLS,CLEAR,DAYLIGHT,PARKED MOTOR VEHICLE,PARKING LOT,,STRAIGHT AND LEVEL,DRY,NO DEFECTS,NOT ON SCENE (DESK REPORT),NO INJURY / DRIVE AWAY,,Y,Y,"$501 - $1,500",9/26/2019 14:33,NOT APPLICABLE,NOT APPLICABLE,5700,S,CICERO AVE,813,,,,,,,2,NO INDICATION OF INJURY,0,0,0,0,0,1,0,10,5,9,41.78932932,-87.74164564,POINT (-87.741645644196 41.789329323265)
JC449277,,9/26/2019 10:00,35,TRAFFIC SIGNAL,FUNCTIONING PROPERLY,CLEAR,DAWN,REAR END,T-INTERSECTION,,STRAIGHT AND LEVEL,DRY,UNKNOWN,NOT ON SCENE (DESK REPORT),NO INJURY / DRIVE AWAY,,,,"$501 - $1,500",9/26/2019 14:00,FOLLOWING TOO CLOSELY,FOLLOWING TOO CLOSELY,2400,S,BLUE ISLAND AVE,1034,,,,,,,2,NO INDICATION OF INJURY,0,0,0,0,0,4,0,10,5,9,41.8488453,-87.67526272,POINT (-87.67526271744 41.848845297763)
JC448998,,9/26/2019 10:00,30,TRAFFIC SIGNAL,FUNCTIONING PROPERLY,CLEAR,DAYLIGHT,ANGLE,NOT DIVIDED,,STRAIGHT AND LEVEL,DRY,NO DEFECTS,ON SCENE,INJURY AND / OR TOW DUE TO CRASH,,,,"OVER $1,500",9/26/2019 10:32,UNABLE TO DETERMINE,UNABLE TO DETERMINE,5901,S,WESTERN AVE,825,,,,,,,2,NONINCAPACITATING INJURY,1,0,0,1,0,1,0,10,5,9,41.78644084,-87.68368196,POINT (-87.683681956485 41.786440843824)
JC449012,,9/26/2019 9:55,15,NO CONTROLS,UNKNOWN,CLEAR,DAYLIGHT,PARKED MOTOR VEHICLE,PARKING LOT,,STRAIGHT AND LEVEL,DRY,UNKNOWN,ON SCENE,NO INJURY / DRIVE AWAY,,,,$500 OR LESS,9/26/2019 10:00,IMPROPER BACKING,NOT APPLICABLE,1326,E,47TH ST,222,,,,,,,2,NO INDICATION OF INJURY,0,0,0,0,0,2,0,9,5,9,41.8097835,-87.59398844,POINT (-87.593988440641 41.809783504307)
JC449101,,9/26/2019 9:40,35,TRAFFIC SIGNAL,FUNCTIONING PROPERLY,CLEAR,DAYLIGHT,REAR END,FOUR WAY,,STRAIGHT AND LEVEL,DRY,NO DEFECTS,NOT ON SCENE (DESK REPORT),NO INJURY / DRIVE AWAY,,,Y,"$501 - $1,500",9/26/2019 11:40,UNABLE TO DETERMINE,UNABLE TO DETERMINE,7100,S,DAMEN AVE,735,,,,,,,2,NO INDICATION OF INJURY,0,0,0,0,0,2,0,9,5,9,41.76471319,-87.67367849,POINT (-87.673678489303 41.764713187398)
JC448969,,9/26/2019 9:35,30,NO CONTROLS,NO CONTROLS,CLEAR,DAYLIGHT,TURNING,NOT DIVIDED,,STRAIGHT AND LEVEL,DRY,NO DEFECTS,ON SCENE,INJURY AND / OR TOW DUE TO CRASH,,,,"OVER $1,500",9/26/2019 9:35,IMPROPER TURNING/NO SIGNAL,FAILING TO YIELD RIGHT-OF-WAY,1743,W,ADDISON ST,1922,,,,,,,2,NO INDICATION OF INJURY,0,0,0,0,0,2,0,9,5,9,41.94682465,-87.67301036,POINT (-87.673010361655 41.946824653671)
JC449739,,9/26/2019 9:30,30,NO CONTROLS,NO CONTROLS,CLEAR,DAYLIGHT,TURNING,NOT DIVIDED,,STRAIGHT AND LEVEL,DRY,NO DEFECTS,NOT ON SCENE (DESK REPORT),NO INJURY / DRIVE AWAY,,,,"$501 - $1,500",9/26/2019 19:29,UNABLE TO DETERMINE,NOT APPLICABLE,1053,E,93RD PL,413,,,,,,,2,NO INDICATION OF INJURY,0,0,0,0,0,2,0,9,5,9,41.72494418,-87.59737421,POINT (-87.597374204564 41.724944174736)
JC448980,,9/26/2019 9:30,30,TRAFFIC SIGNAL,FUNCTIONING PROPERLY,CLEAR,DAYLIGHT,TURNING,NOT DIVIDED,,STRAIGHT AND LEVEL,DRY,UNKNOWN,NOT ON SCENE (DESK REPORT),NO INJURY / DRIVE AWAY,,,Y,"$501 - $1,500",9/26/2019 9:45,UNABLE TO DETERMINE,UNABLE TO DETERMINE,101,N,AUSTIN BLVD,1512,,,,,,,2,NO INDICATION OF INJURY,0,0,0,0,0,2,0,9,5,9,41.88220308,-87.77457851,POINT (-87.774578508667 41.882203075889)
JC450734,,9/26/2019 9:28,30,NO CONTROLS,NO CONTROLS,CLEAR,DAYLIGHT,REAR END,DIVIDED - W/MEDIAN (NOT RAISED),,STRAIGHT AND LEVEL,DRY,UNKNOWN,ON SCENE,NO INJURY / DRIVE AWAY,,,,"$501 - $1,500",9/27/2019 16:11,UNABLE TO DETERMINE,UNABLE TO DETERMINE,4801,W,DEVON AVE,1621,,,,,,,3,NO INDICATION OF INJURY,0,0,0,0,0,3,0,9,5,9,41.99717817,-87.74837975,POINT (-87.748379748961 41.997178170351)
JC449106,Y,9/26/2019 9:20,30,NO CONTROLS,NO CONTROLS,CLEAR,DAYLIGHT,PARKED MOTOR VEHICLE,NOT DIVIDED,,STRAIGHT AND LEVEL,DRY,NO DEFECTS,NOT ON SCENE (DESK REPORT),NO INJURY / DRIVE AWAY,,,Y,"$501 - $1,500",9/26/2019 11:35,UNABLE TO DETERMINE,NOT APPLICABLE,920,W,WILSON AVE,1914,,,,,,,2,NO INDICATION OF INJURY,0,0,0,0,0,1,0,9,5,9,41.9655623,-87.65326284,POINT (-87.653262837721 41.965562298306)
JC448979,,9/26/2019 9:17,30,STOP SIGN/FLASHER,FUNCTIONING PROPERLY,CLEAR,DAYLIGHT,REAR TO FRONT,FOUR WAY,,STRAIGHT AND LEVEL,DRY,NO DEFECTS,NOT ON SCENE (DESK REPORT),NO INJURY / DRIVE AWAY,Y,,,"OVER $1,500",9/26/2019 9:40,UNABLE TO DETERMINE,NOT APPLICABLE,3900,N,ASHLAND AVE,1922,,,,,,,2,NO INDICATION OF INJURY,0,0,0,0,0,2,0,9,5,9,41.95255607,-87.6691488,POINT (-87.669148796688 41.9525560678)
JC449644,,9/26/2019 9:15,15,NO CONTROLS,NO CONTROLS,CLEAR,DAYLIGHT,PARKED MOTOR VEHICLE,PARKING LOT,,STRAIGHT AND LEVEL,DRY,NO DEFECTS,NOT ON SCENE (DESK REPORT),NO INJURY / DRIVE AWAY,,,,"$501 - $1,500",9/26/2019 18:15,UNABLE TO DETERMINE,NOT APPLICABLE,9601,S,WESTERN AVE,2213,,,,,,,2,NO INDICATION OF INJURY,0,0,0,0,0,1,0,9,5,9,41.71902228,-87.68185843,POINT (-87.681858434193 41.71902228377)
JC449235,,9/26/2019 9:15,30,STOP SIGN/FLASHER,FUNCTIONING PROPERLY,CLEAR,DAYLIGHT,REAR END,NOT DIVIDED,,STRAIGHT AND LEVEL,DRY,NO DEFECTS,ON SCENE,NO INJURY / DRIVE AWAY,,,Y,"$501 - $1,500",9/26/2019 9:15,FOLLOWING TOO CLOSELY,NOT APPLICABLE,1421,E,HYDE PARK BLVD,234,,,,,,,2,NO INDICATION OF INJURY,0,0,0,0,0,2,0,9,5,9,41.80232319,-87.59091759,POINT (-87.590917586742 41.802323189388)
JC449133,,9/26/2019 9:15,15,NO CONTROLS,NO CONTROLS,CLEAR,DAYLIGHT,PARKED MOTOR VEHICLE,PARKING LOT,,STRAIGHT AND LEVEL,DRY,NO DEFECTS,NOT ON SCENE (DESK REPORT),NO INJURY / DRIVE AWAY,,,,"OVER $1,500",9/26/2019 12:14,IMPROPER BACKING,UNABLE TO DETERMINE,4815,N,WINTHROP AVE,2024,,,,,,,2,NO INDICATION OF INJURY,0,0,0,0,0,2,0,9,5,9,41.96956126,-87.65748357,POINT (-87.657483573546 41.969561261864)
JC449084,,9/26/2019 9:15,30,NO CONTROLS,NO CONTROLS,CLEAR,DAYLIGHT,FIXED OBJECT,PARKING LOT,,STRAIGHT AND LEVEL,DRY,NO DEFECTS,NOT ON SCENE (DESK REPORT),NO INJURY / DRIVE AWAY,,,,$500 OR LESS,9/26/2019 9:20,NOT APPLICABLE,NOT APPLICABLE,5151,N,MILWAUKEE AVE,1623,,,,,,,1,NO INDICATION OF INJURY,0,0,0,0,0,1,0,9,5,9,41.97409445,-87.76614884,POINT (-87.766148843184 41.974094451086)
JC451671,,9/26/2019 9:10,25,NO CONTROLS,NO CONTROLS,CLEAR,DAYLIGHT,PARKED MOTOR VEHICLE,NOT DIVIDED,,STRAIGHT AND LEVEL,DRY,NO DEFECTS,NOT ON SCENE (DESK REPORT),NO INJURY / DRIVE AWAY,,,Y,"OVER $1,500",9/28/2019 11:00,NOT APPLICABLE,NOT APPLICABLE,2415,W,ALTGELD ST,1431,,,,,,,2,NO INDICATION OF INJURY,0,0,0,0,0,1,0,9,5,9,41.92660135,-87.68840878,POINT (-87.688408780484 41.926601349568)
JC448959,Y,9/26/2019 9:08,30,NO CONTROLS,NO CONTROLS,CLEAR,DAYLIGHT,ANGLE,DIVIDED - W/MEDIAN BARRIER,,STRAIGHT AND LEVEL,DRY,NO DEFECTS,ON SCENE,INJURY AND / OR TOW DUE TO CRASH,,,,"OVER $1,500",9/26/2019 9:22,"VISION OBSCURED (SIGNS, TREE LIMBS, BUILDINGS, ETC.)",NOT APPLICABLE,3698,W,PETERSON AVE,1711,,,,,,,2,NO INDICATION OF INJURY,0,0,0,0,0,2,0,9,5,9,41.99034063,-87.72129717,POINT (-87.721297168525 41.990340630453)
JC448950,,9/26/2019 9:08,30,NO CONTROLS,NO CONTROLS,CLEAR,DAYLIGHT,TURNING,NOT DIVIDED,,STRAIGHT AND LEVEL,DRY,NO DEFECTS,ON SCENE,INJURY AND / OR TOW DUE TO CRASH,,,,"OVER $1,500",9/26/2019 9:08,FAILING TO YIELD RIGHT-OF-WAY,DRIVING SKILLS/KNOWLEDGE/EXPERIENCE,4639,S,LAKE PARK AVE,222,,,,,,,2,NO INDICATION OF INJURY,0,0,0,0,0,3,0,9,5,9,41.81075675,-87.59351293,POINT (-87.593512933538 41.81075674621)
JC449270,,9/26/2019 9:00,30,NO CONTROLS,NO CONTROLS,CLEAR,DAYLIGHT,PARKED MOTOR VEHICLE,ONE-WAY,,STRAIGHT AND LEVEL,DRY,NO DEFECTS,NOT ON SCENE (DESK REPORT),NO INJURY / DRIVE AWAY,,,Y,"OVER $1,500",9/26/2019 13:45,UNABLE TO DETERMINE,UNABLE TO DETERMINE,38,N,LOCKWOOD AVE,1522,,,,,,,2,NO INDICATION OF INJURY,0,0,0,0,0,1,0,9,5,9,41.88148225,-87.75769523,POINT (-87.757695228981 41.881482246521)
JC448968,,9/26/2019 9:00,30,TRAFFIC SIGNAL,FUNCTIONING PROPERLY,CLEAR,DAYLIGHT,REAR END,NOT DIVIDED,,STRAIGHT AND LEVEL,DRY,NO DEFECTS,ON SCENE,INJURY AND / OR TOW DUE TO CRASH,,,,"OVER $1,500",9/26/2019 9:02,UNABLE TO DETERMINE,NOT APPLICABLE,6909,S,WESTERN AVE,832,,,,,,,2,"REPORTED, NOT EVIDENT",7,0,0,0,7,3,0,9,5,9,41.76801863,-87.68318627,POINT (-87.683186264859 41.768018625123)
JC448931,,9/26/2019 8:55,30,TRAFFIC SIGNAL,FUNCTIONING PROPERLY,CLEAR,DAYLIGHT,SIDESWIPE SAME DIRECTION,NOT DIVIDED,,STRAIGHT AND LEVEL,DRY,NO DEFECTS,NOT ON SCENE (DESK REPORT),NO INJURY / DRIVE AWAY,,,,"OVER $1,500",9/26/2019 9:05,IMPROPER LANE USAGE,NOT APPLICABLE,5739,N,NAGLE AVE,1622,,,,,,,2,NO INDICATION OF INJURY,0,0,0,0,0,2,0,8,5,9,41.98591023,-87.78753021,POINT (-87.787530206648 41.9859102255)
JC448919,,9/26/2019 8:54,10,NO CONTROLS,NO CONTROLS,CLEAR,DAYLIGHT,TURNING,PARKING LOT,,STRAIGHT AND LEVEL,DRY,NO DEFECTS,ON SCENE,NO INJURY / DRIVE AWAY,,,,"$501 - $1,500",9/26/2019 8:54,NOT APPLICABLE,NOT APPLICABLE,2801,S,ROCKWELL ST,1034,,,,,,,2,NO INDICATION OF INJURY,0,0,0,0,0,2,0,8,5,9,41.84080288,-87.69007043,POINT (-87.690070426734 41.840802884127)
JC451735,,9/26/2019 8:50,25,NO CONTROLS,NO CONTROLS,CLEAR,DAYLIGHT,SIDESWIPE SAME DIRECTION,NOT DIVIDED,,STRAIGHT AND LEVEL,DRY,NO DEFECTS,NOT ON SCENE (DESK REPORT),NO INJURY / DRIVE AWAY,,,,"$501 - $1,500",9/28/2019 12:10,UNABLE TO DETERMINE,UNABLE TO DETERMINE,535,N,MICHIGAN AVE,1834,,,,,,,2,NO INDICATION OF INJURY,0,0,0,0,0,2,0,8,5,9,41.89189708,-87.62401629,POINT (-87.624016288559 41.891897075755)
JC449693,,9/26/2019 8:50,30,TRAFFIC SIGNAL,FUNCTIONING PROPERLY,CLEAR,DAYLIGHT,SIDESWIPE SAME DIRECTION,DIVIDED - W/MEDIAN BARRIER,,STRAIGHT AND LEVEL,DRY,NO DEFECTS,NOT ON SCENE (DESK REPORT),NO INJURY / DRIVE AWAY,,,,"OVER $1,500",9/26/2019 18:40,IMPROPER LANE USAGE,UNABLE TO DETERMINE,116,S,MICHIGAN AVE,112,,,,,,,2,NO INDICATION OF INJURY,0,0,0,0,0,2,0,8,5,9,41.88039584,-87.62450172,POINT (-87.624501721595 41.88039583826)
JC448976,,9/26/2019 8:50,30,TRAFFIC SIGNAL,FUNCTIONING PROPERLY,CLEAR,DAYLIGHT,TURNING,DIVIDED - W/MEDIAN BARRIER,,STRAIGHT AND LEVEL,DRY,NO DEFECTS,ON SCENE,INJURY AND / OR TOW DUE TO CRASH,,,,"OVER $1,500",9/26/2019 8:51,FAILING TO YIELD RIGHT-OF-WAY,UNABLE TO DETERMINE,8258,S,WESTERN AVE,835,,,,,,,3,NO INDICATION OF INJURY,0,0,0,0,0,5,0,8,5,9,41.74288959,-87.68282664,POINT (-87.682826638553 41.742889585658)
JC448937,,9/26/2019 8:50,30,TRAFFIC SIGNAL,FUNCTIONING PROPERLY,CLEAR,DAYLIGHT,SIDESWIPE SAME DIRECTION,DIVIDED - W/MEDIAN (NOT RAISED),,STRAIGHT AND LEVEL,DRY,NO DEFECTS,ON SCENE,NO INJURY / DRIVE AWAY,,,Y,"$501 - $1,500",9/26/2019 8:54,IMPROPER LANE USAGE,NOT APPLICABLE,800,N,ORLEANS ST,1823,,,,,,,2,NO INDICATION OF INJURY,0,0,0,0,0,2,0,8,5,9,41.89659113,-87.63731927,POINT (-87.637319266853 41.896591130052)
JC448927,,9/26/2019 8:48,30,STOP SIGN/FLASHER,FUNCTIONING PROPERLY,CLEAR,DAYLIGHT,ANGLE,T-INTERSECTION,,STRAIGHT AND LEVEL,DRY,NO DEFECTS,ON SCENE,INJURY AND / OR TOW DUE TO CRASH,,,,"OVER $1,500",9/26/2019 8:48,FAILING TO YIELD RIGHT-OF-WAY,FAILING TO REDUCE SPEED TO AVOID CRASH,632,W,71ST ST,732,,,,,,,2,"REPORTED, NOT EVIDENT",1,0,0,0,1,3,0,8,5,9,41.76537097,-87.64078729,POINT (-87.64078729386 41.765370969647)
JC448934,,9/26/2019 8:45,30,TRAFFIC SIGNAL,FUNCTIONING PROPERLY,CLEAR,DAYLIGHT,PEDESTRIAN,DIVIDED - W/MEDIAN (NOT RAISED),,STRAIGHT AND LEVEL,DRY,NO DEFECTS,ON SCENE,INJURY AND / OR TOW DUE TO CRASH,Y,,,"OVER $1,500",9/26/2019 8:46,DISREGARDING TRAFFIC SIGNALS,NOT APPLICABLE,5084,S,COTTAGE GROVE AVE,223,,,,,,,2,NONINCAPACITATING INJURY,1,0,0,1,0,1,0,8,5,9,41.80229407,-87.60655539,POINT (-87.606555387798 41.802294070806)
JC448926,,9/26/2019 8:45,30,TRAFFIC SIGNAL,FUNCTIONING PROPERLY,CLEAR,DAYLIGHT,PEDALCYCLIST,DIVIDED - W/MEDIAN BARRIER,,STRAIGHT AND LEVEL,DRY,NO DEFECTS,ON SCENE,NO INJURY / DRIVE AWAY,,,,$500 OR LESS,9/26/2019 8:45,UNABLE TO DETERMINE,DRIVING SKILLS/KNOWLEDGE/EXPERIENCE,399,S,LAKE SHORE DR NB,114,,,,,,,2,NO INDICATION OF INJURY,0,0,0,0,0,2,0,8,5,9,41.87716703,-87.61702488,POINT (-87.617024883155 41.877167028541)
JC448921,,9/26/2019 8:45,25,NO CONTROLS,NO CONTROLS,CLEAR,DAYLIGHT,SIDESWIPE SAME DIRECTION,NOT DIVIDED,,STRAIGHT AND LEVEL,DRY,NO DEFECTS,ON SCENE,NO INJURY / DRIVE AWAY,,,,$500 OR LESS,9/26/2019 9:02,UNABLE TO DETERMINE,NOT APPLICABLE,2315,S,WENTWORTH AVE,914,,,,,,,2,NO INDICATION OF INJURY,0,0,0,0,0,2,0,8,5,9,41.85052784,-87.63181717,POINT (-87.631817169898 41.850527841536)
JC448918,Y,9/26/2019 8:44,15,NO CONTROLS,NO CONTROLS,CLEAR,DAYLIGHT,FIXED OBJECT,PARKING LOT,,STRAIGHT AND LEVEL,DRY,NO DEFECTS,ON SCENE,INJURY AND / OR TOW DUE TO CRASH,,Y,,"OVER $1,500",9/26/2019 8:44,DRIVING SKILLS/KNOWLEDGE/EXPERIENCE,NOT APPLICABLE,5410,W,CHICAGO AVE,1524,,,,,,,2,NO INDICATION OF INJURY,0,0,0,0,0,1,0,8,5,9,41.89499615,-87.7611137,POINT (-87.761113701812 41.894996144572)