RD_NO,CRASH_DATE_EST_I,CRASH_DATE,POSTED_SPEED_LIMIT,TRAFFIC_CONTROL_DEVICE,DEVICE_CONDITION,WEATHER_CONDITION,LIGHTING_CONDITION,FIRST_CRASH_TYPE,TRAFFICWAY_TYPE,LANE_CNT,ALIGNMENT,ROADWAY_SURFACE_COND,ROAD_DEFECT,REPORT_TYPE,CRASH_TYPE,INTERSECTION_RELATED_I,NOT_RIGHT_OF_WAY_I,HIT_AND_RUN_I,DAMAGE,DATE_POLICE_NOTIFIED,PRIM_CONTRIBUTORY_CAUSE,SEC_CONTRIBUTORY_CAUSE,STREET_NO,STREET_DIRECTION,STREET_NAME,BEAT_OF_OCCURRENCE,PHOTOS_TAKEN_I,STATEMENTS_TAKEN_I,DOORING_I,WORK_ZONE_I,WORK_ZONE_TYPE,WORKERS_PRESENT_I,NUM_UNITS,MOST_SEVERE_INJURY,INJURIES_TOTAL,INJURIES_FATAL,INJURIES_INCAPACITATING,INJURIES_NON_INCAPACITATING,INJURIES_REPORTED_NOT_EVIDENT,INJURIES_NO_INDICATION,INJURIES_UNKNOWN,CRASH_HOUR,CRASH_DAY_OF_WEEK,CRASH_MONTH,LATITUDE,LONGITUDE,LOCATION
JC448922,,9/26/2019 8:42,30,TRAFFIC SIGNAL,FUNCTIONING IMPROPERLY,CLEAR,DAYLIGHT,SIDESWIPE SAME DIRECTION,DIVIDED - W/MEDIAN (NOT RAISED),,STRAIGHT AND LEVEL,DRY,NO DEFECTS,ON SCENE,NO INJURY / DRIVE AWAY,,,Y,"OVER $1,500",9/26/2019 8:43,IMPROPER OVERTAKING/PASSING,UNABLE TO DETERMINE,11107,S,HALSTED ST,2233,,,,,,,2,NO INDICATION OF INJURY,0,0,0,0,0,2,0,8,5,9,41.69209772,-87.64222571,POINT (-87.642225709589 41.692097716069)
JC453162,,9/26/2019 8:40,30,TRAFFIC SIGNAL,FUNCTIONING PROPERLY,UNKNOWN,DAYLIGHT,REAR END,NOT DIVIDED,,STRAIGHT AND LEVEL,UNKNOWN,NO DEFECTS,NOT ON SCENE (DESK REPORT),NO INJURY / DRIVE AWAY,,,,"OVER $1,500",9/29/2019 15:15,FOLLOWING TOO CLOSELY,UNABLE TO DETERMINE,3501,N,NARRAGANSETT AVE,1633,,,,,,,2,NO INDICATION OF INJURY,0,0,0,0,0,4,0,8,5,9,41.94387755,-87.78614571,POINT (-87.78614570918 41.943877548599)
JC449884,,9/26/2019 8:40,30,STOP SIGN/FLASHER,FUNCTIONING PROPERLY,CLEAR,DAYLIGHT,ANGLE,NOT DIVIDED,,STRAIGHT AND LEVEL,DRY,NO DEFECTS,NOT ON SCENE (DESK REPORT),NO INJURY / DRIVE AWAY,,,,"OVER $1,500",9/26/2019 21:20,UNABLE TO DETERMINE,UNABLE TO DETERMINE,5399,W,EDDY ST,1634,,,,,,,2,NO INDICATION OF INJURY,0,0,0,0,0,2,0,8,5,9,41.94491646,-87.76168084,POINT (-87.761680843302 41.944916461228)
JC449438,,9/26/2019 8:40,30,OTHER,OTHER,CLEAR,DAYLIGHT,SIDESWIPE SAME DIRECTION,OTHER,,STRAIGHT AND LEVEL,DRY,OTHER,NOT ON SCENE (DESK REPORT),NO INJURY / DRIVE AWAY,,,Y,"$501 - $1,500",9/26/2019 16:00,IMPROPER OVERTAKING/PASSING,NOT APPLICABLE,2501,S,WESTERN AVE,1034,,,,,,,2,NO INDICATION OF INJURY,0,0,0,0,0,2,0,8,5,9,41.84649966,-87.6853407,POINT (-87.68534069617 41.846499656885)
JC449079,,9/26/2019 8:37,35,TRAFFIC SIGNAL,FUNCTIONING PROPERLY,CLEAR,DAYLIGHT,SIDESWIPE SAME DIRECTION,DIVIDED - W/MEDIAN BARRIER,,STRAIGHT AND LEVEL,DRY,NO DEFECTS,ON SCENE,NO INJURY / DRIVE AWAY,,,Y,"OVER $1,500",9/26/2019 11:30,IMPROPER OVERTAKING/PASSING,UNABLE TO DETERMINE,5100,S,LAKE PARK AVE,234,,,,,,,2,NO INDICATION OF INJURY,0,0,0,0,0,3,0,8,5,9,41.80237973,-87.58797941,POINT (-87.587979406628 41.802379729614)
JC448942,,9/26/2019 8:32,30,NO CONTROLS,NO CONTROLS,CLEAR,DAYLIGHT,SIDESWIPE SAME DIRECTION,ONE-WAY,,STRAIGHT AND LEVEL,DRY,NO DEFECTS,ON SCENE,NO INJURY / DRIVE AWAY,,,,"$501 - $1,500",9/26/2019 8:45,IMPROPER LANE USAGE,NOT APPLICABLE,130,E,RANDOLPH ST,114,,,,,,,2,NO INDICATION OF INJURY,0,0,0,0,0,3,0,8,5,9,41.88458837,-87.62327256,POINT (-87.623272561055 41.884588371969)
JC450816,,9/26/2019 8:30,30,UNKNOWN,UNKNOWN,UNKNOWN,DAYLIGHT,ANGLE,NOT DIVIDED,,STRAIGHT AND LEVEL,DRY,UNKNOWN,NOT ON SCENE (DESK REPORT),NO INJURY / DRIVE AWAY,,,,$500 OR LESS,9/27/2019 17:07,UNABLE TO DETERMINE,UNABLE TO DETERMINE,5138,W,FULLERTON AVE,2521,,,,,,,2,NO INDICATION OF INJURY,0,0,0,0,0,3,0,8,5,9,41.9242301,-87.755261,POINT (-87.755260997914 41.92423009985)
JC449165,,9/26/2019 8:30,30,TRAFFIC SIGNAL,FUNCTIONING PROPERLY,CLEAR,DAYLIGHT,REAR END,NOT DIVIDED,,STRAIGHT AND LEVEL,DRY,NO DEFECTS,NOT ON SCENE (DESK REPORT),NO INJURY / DRIVE AWAY,,,,"$501 - $1,500",9/26/2019 12:30,FOLLOWING TOO CLOSELY,NOT APPLICABLE,5958,S,CENTRAL AVE,812,,,,,,,2,NO INDICATION OF INJURY,0,0,0,0,0,2,0,8,5,9,41.7836259,-87.76209726,POINT (-87.762097255737 41.783625903302)
JC448903,,9/26/2019 8:29,30,NO CONTROLS,NO CONTROLS,CLEAR,DAYLIGHT,SIDESWIPE SAME DIRECTION,ONE-WAY,,STRAIGHT AND LEVEL,DRY,NO DEFECTS,ON SCENE,INJURY AND / OR TOW DUE TO CRASH,,,,"OVER $1,500",9/26/2019 8:41,FAILING TO YIELD RIGHT-OF-WAY,NOT APPLICABLE,440,N,PINE AVE,1523,,,,,,,2,NO INDICATION OF INJURY,0,0,0,0,0,3,0,8,5,9,41.88892671,-87.76347896,POINT (-87.763478956198 41.888926713271)
JC448913,,9/26/2019 8:20,30,STOP SIGN/FLASHER,NOT FUNCTIONING,CLEAR,DAYLIGHT,ANGLE,DIVIDED - W/MEDIAN (NOT RAISED),,STRAIGHT AND LEVEL,DRY,NO DEFECTS,ON SCENE,INJURY AND / OR TOW DUE TO CRASH,Y,,,"OVER $1,500",9/26/2019 8:45,FAILING TO YIELD RIGHT-OF-WAY,FAILING TO REDUCE SPEED TO AVOID CRASH,4501,W,BELMONT AVE,2521,,,,,,,2,NONINCAPACITATING INJURY,1,0,0,1,0,1,0,8,5,9,41.9388179,-87.73955587,POINT (-87.739555867949 41.938817899907)
JC448876,,9/26/2019 8:17,30,STOP SIGN/FLASHER,FUNCTIONING PROPERLY,CLEAR,DAYLIGHT,PEDESTRIAN,NOT DIVIDED,,STRAIGHT AND LEVEL,DRY,NO DEFECTS,ON SCENE,INJURY AND / OR TOW DUE TO CRASH,Y,,,$500 OR LESS,9/26/2019 8:23,NOT APPLICABLE,NOT APPLICABLE,10300,S,CORLISS AVE,512,,,,,,,2,"REPORTED, NOT EVIDENT",1,0,0,0,1,3,0,8,5,9,41.70743645,-87.60416001,POINT (-87.604160009748 41.707436449917)
JC457028,,9/26/2019 8:15,40,NO CONTROLS,NO CONTROLS,CLEAR,DAYLIGHT,REAR END,DIVIDED - W/MEDIAN (NOT RAISED),,STRAIGHT AND LEVEL,DRY,NO DEFECTS,NOT ON SCENE (DESK REPORT),NO INJURY / DRIVE AWAY,,,,$500 OR LESS,10/2/2019 12:11,FOLLOWING TOO CLOSELY,UNABLE TO DETERMINE,3450,N,LAKE SHORE DR SB,1925,,,,,,,2,NO INDICATION OF INJURY,0,0,0,0,0,2,0,8,5,9,41.94514337,-87.64139824,POINT (-87.641398238008 41.945143372676)
JC448895,,9/26/2019 8:15,30,NO CONTROLS,NO CONTROLS,CLEAR,DAYLIGHT,SIDESWIPE SAME DIRECTION,DIVIDED - W/MEDIAN (NOT RAISED),,STRAIGHT AND LEVEL,DRY,NO DEFECTS,ON SCENE,INJURY AND / OR TOW DUE TO CRASH,,,,"OVER $1,500",9/26/2019 8:20,IMPROPER OVERTAKING/PASSING,NOT APPLICABLE,4899,W,47TH ST,814,,,,,,,2,NONINCAPACITATING INJURY,2,0,0,1,1,1,0,8,5,9,41.80748109,-87.74554039,POINT (-87.74554038491 41.807481087846)
JC448894,,9/26/2019 8:15,25,NO CONTROLS,NO CONTROLS,CLEAR,DAYLIGHT,PARKED MOTOR VEHICLE,NOT DIVIDED,,STRAIGHT AND LEVEL,DRY,NO DEFECTS,ON SCENE,NO INJURY / DRIVE AWAY,,,,"$501 - $1,500",9/26/2019 8:22,"VISION OBSCURED (SIGNS, TREE LIMBS, BUILDINGS, ETC.)",UNABLE TO DETERMINE,4601,N,PATTON AVE,1614,,,,,,,2,NO INDICATION OF INJURY,0,0,0,0,0,1,0,8,5,9,41.96308324,-87.83737197,POINT (-87.83737197152 41.963083244331)
JC448892,,9/26/2019 8:15,45,NO CONTROLS,NO CONTROLS,CLEAR,DAYLIGHT,REAR END,RAMP,,STRAIGHT AND LEVEL,DRY,NO DEFECTS,ON SCENE,NO INJURY / DRIVE AWAY,,,,"OVER $1,500",9/26/2019 8:25,FOLLOWING TOO CLOSELY,NOT APPLICABLE,2441,S,LAKE SHORE DR NB,132,,,,,,,2,NO INDICATION OF INJURY,0,0,0,0,0,2,0,8,5,9,41.8485946,-87.61206105,POINT (-87.612061052826 41.848594601647)
JC448885,,9/26/2019 8:15,10,NO CONTROLS,NO CONTROLS,CLEAR,DAYLIGHT,REAR END,PARKING LOT,,STRAIGHT AND LEVEL,DRY,NO DEFECTS,NOT ON SCENE (DESK REPORT),NO INJURY / DRIVE AWAY,,,,"$501 - $1,500",9/26/2019 8:38,UNABLE TO DETERMINE,UNABLE TO DETERMINE,6900,S,ASHLAND AVE,735,,,,,,,2,NO INDICATION OF INJURY,0,0,0,0,0,2,0,8,5,9,41.76845491,-87.66403843,POINT (-87.664038433009 41.768454909931)
JC449379,N,9/26/2019 8:10,30,NO CONTROLS,NO CONTROLS,CLEAR,DAYLIGHT,REAR END,NOT DIVIDED,,STRAIGHT AND LEVEL,DRY,NO DEFECTS,NOT ON SCENE (DESK REPORT),NO INJURY / DRIVE AWAY,,,,$500 OR LESS,9/26/2019 15:28,DRIVING ON WRONG SIDE/WRONG WAY,NOT APPLICABLE,7151,S,ASHLAND AVE,734,N,,,,,,2,NO INDICATION OF INJURY,0,0,0,0,0,2,0,8,5,9,41.76338916,-87.66359692,POINT (-87.663596914687 41.763389159683)
JC448958,,9/26/2019 8:10,30,NO CONTROLS,NO CONTROLS,CLEAR,DUSK,REAR END,NOT DIVIDED,,STRAIGHT AND LEVEL,DRY,NO DEFECTS,NOT ON SCENE (DESK REPORT),NO INJURY / DRIVE AWAY,,,,"OVER $1,500",9/26/2019 9:25,FOLLOWING TOO CLOSELY,NOT APPLICABLE,7231,S,ASHLAND AVE,734,,,,,,,2,NO INDICATION OF INJURY,0,0,0,0,0,2,0,8,5,9,41.7622283,-87.66356899,POINT (-87.663568985805 41.762228301267)
JC448890,,9/26/2019 8:09,30,TRAFFIC SIGNAL,FUNCTIONING PROPERLY,CLEAR,DAYLIGHT,TURNING,ONE-WAY,,STRAIGHT AND LEVEL,DRY,NO DEFECTS,ON SCENE,INJURY AND / OR TOW DUE TO CRASH,Y,,,"OVER $1,500",9/26/2019 8:09,FOLLOWING TOO CLOSELY,UNABLE TO DETERMINE,800,W,98TH PL,2223,,,,,,,2,NO INDICATION OF INJURY,0,0,0,0,0,4,0,8,5,9,41.71522124,-87.64310527,POINT (-87.643105270846 41.715221236147)
JC448888,,9/26/2019 8:05,30,NO CONTROLS,NO CONTROLS,CLEAR,DAYLIGHT,SIDESWIPE OPPOSITE DIRECTION,NOT DIVIDED,,STRAIGHT AND LEVEL,DRY,NO DEFECTS,NOT ON SCENE (DESK REPORT),NO INJURY / DRIVE AWAY,,,,"OVER $1,500",9/26/2019 8:18,DRIVING ON WRONG SIDE/WRONG WAY,UNABLE TO DETERMINE,11049,S,PULASKI RD,2211,,,,,,,2,NO INDICATION OF INJURY,0,0,0,0,0,2,0,8,5,9,41.69165422,-87.72018643,POINT (-87.720186425623 41.691654218023)
JC448863,,9/26/2019 8:05,30,STOP SIGN/FLASHER,FUNCTIONING PROPERLY,CLEAR,DAYLIGHT,ANGLE,DIVIDED - W/MEDIAN (NOT RAISED),,STRAIGHT AND LEVEL,DRY,NO DEFECTS,ON SCENE,INJURY AND / OR TOW DUE TO CRASH,Y,,,"OVER $1,500",9/26/2019 8:09,UNABLE TO DETERMINE,UNABLE TO DETERMINE,200,W,69TH ST,722,,,,,,,2,"REPORTED, NOT EVIDENT",2,0,0,0,2,0,0,8,5,9,41.7691905,-87.6299241,POINT (-87.629924095777 41.769190503193)
JC449742,Y,9/26/2019 8:03,40,NO CONTROLS,NO CONTROLS,CLEAR,DAYLIGHT,SIDESWIPE SAME DIRECTION,OTHER,,STRAIGHT AND LEVEL,DRY,NO DEFECTS,NOT ON SCENE (DESK REPORT),NO INJURY / DRIVE AWAY,,,Y,"$501 - $1,500",9/26/2019 19:30,IMPROPER OVERTAKING/PASSING,NOT APPLICABLE,5000,N,LAKE SHORE DR SB,2024,,,,,,,2,NO INDICATION OF INJURY,0,0,0,0,0,2,0,8,5,9,41.97339175,-87.64935895,POINT (-87.649358948908 41.973391750411)
JC448880,,9/26/2019 8:01,30,NO CONTROLS,NO CONTROLS,CLEAR,DAYLIGHT,PEDALCYCLIST,NOT DIVIDED,,STRAIGHT AND LEVEL,DRY,NO DEFECTS,NOT ON SCENE (DESK REPORT),INJURY AND / OR TOW DUE TO CRASH,,,,"$501 - $1,500",9/26/2019 8:25,IMPROPER TURNING/NO SIGNAL,UNABLE TO DETERMINE,3760,N,HALSTED ST,1923,,,,,,,2,"REPORTED, NOT EVIDENT",1,0,0,0,1,1,0,8,5,9,41.95090116,-87.64977184,POINT (-87.649771838187 41.950901157508)
JC450545,,9/26/2019 8:00,30,TRAFFIC SIGNAL,FUNCTIONING PROPERLY,CLEAR,DAYLIGHT,TURNING,DIVIDED - W/MEDIAN (NOT RAISED),,STRAIGHT AND LEVEL,DRY,NO DEFECTS,NOT ON SCENE (DESK REPORT),NO INJURY / DRIVE AWAY,,,,"$501 - $1,500",9/27/2019 13:00,IMPROPER TURNING/NO SIGNAL,FAILING TO YIELD RIGHT-OF-WAY,1646,W,WEBSTER AVE,1432,,,,,,,2,NO INDICATION OF INJURY,0,0,0,0,0,2,0,8,5,9,41.92164122,-87.66982004,POINT (-87.669820043906 41.921641222035)
JC450183,,9/26/2019 8:00,30,STOP SIGN/FLASHER,FUNCTIONING PROPERLY,CLEAR,DAYLIGHT,REAR END,DIVIDED - W/MEDIAN (NOT RAISED),,STRAIGHT AND LEVEL,DRY,NO DEFECTS,ON SCENE,INJURY AND / OR TOW DUE TO CRASH,,,Y,"$501 - $1,500",9/26/2019 8:02,FOLLOWING TOO CLOSELY,FAILING TO REDUCE SPEED TO AVOID CRASH,401,W,MARQUETTE RD,722,,,,,,,2,"REPORTED, NOT EVIDENT",3,0,0,0,3,1,0,8,5,9,41.77252171,-87.63497199,POINT (-87.634971991565 41.772521708912)
JC449570,,9/26/2019 8:00,35,NO CONTROLS,NO CONTROLS,CLEAR,DAYLIGHT,PARKED MOTOR VEHICLE,PARKING LOT,,STRAIGHT AND LEVEL,DRY,UNKNOWN,NOT ON SCENE (DESK REPORT),NO INJURY / DRIVE AWAY,,,Y,"OVER $1,500",9/26/2019 17:15,UNABLE TO DETERMINE,UNABLE TO DETERMINE,2640,W,13TH ST,1023,,,,,,,2,NO INDICATION OF INJURY,0,0,0,0,0,1,0,8,5,9,,,
JC448943,,9/26/2019 8:00,25,NO CONTROLS,NO CONTROLS,CLEAR,DAYLIGHT,ANGLE,NOT DIVIDED,,STRAIGHT AND LEVEL,DRY,NO DEFECTS,NOT ON SCENE (DESK REPORT),NO INJURY / DRIVE AWAY,,,,"OVER $1,500",9/26/2019 9:00,IMPROPER BACKING,NOT APPLICABLE,3764,N,LAVERGNE AVE,1634,,,,,,,2,NO INDICATION OF INJURY,0,0,0,0,0,3,0,8,5,9,41.9496602,-87.75227821,POINT (-87.752278205385 41.949660203671)
JC448907,,9/26/2019 8:00,35,NO CONTROLS,NO CONTROLS,CLEAR,DAYLIGHT,SIDESWIPE SAME DIRECTION,DIVIDED - W/MEDIAN (NOT RAISED),,STRAIGHT AND LEVEL,DRY,NO DEFECTS,ON SCENE,NO INJURY / DRIVE AWAY,,,,$500 OR LESS,9/26/2019 8:04,UNABLE TO DETERMINE,UNABLE TO DETERMINE,5433,W,NORTH AVE,2532,,,,,,,2,NO INDICATION OF INJURY,0,0,0,0,0,5,0,8,5,9,41.9093126,-87.76191043,POINT (-87.761910430429 41.909312596023)
JC448905,,9/26/2019 8:00,30,TRAFFIC SIGNAL,FUNCTIONING PROPERLY,CLEAR,DAYLIGHT,PEDALCYCLIST,FOUR WAY,,STRAIGHT AND LEVEL,DRY,NO DEFECTS,ON SCENE,NO INJURY / DRIVE AWAY,Y,,,$500 OR LESS,9/26/2019 8:45,UNABLE TO DETERMINE,NOT APPLICABLE,2407,N,MILWAUKEE AVE,1414,,,,,,,2,NO INDICATION OF INJURY,0,0,0,0,0,2,0,8,5,9,41.92501063,-87.70055197,POINT (-87.700551965905 41.925010627714)
JC448887,,9/26/2019 8:00,30,STOP SIGN/FLASHER,NO CONTROLS,CLEAR,DAYLIGHT,REAR END,NOT DIVIDED,,STRAIGHT AND LEVEL,DRY,NO DEFECTS,NOT ON SCENE (DESK REPORT),NO INJURY / DRIVE AWAY,,,,"OVER $1,500",9/26/2019 8:19,FOLLOWING TOO CLOSELY,UNABLE TO DETERMINE,2301,W,TAYLOR ST,1225,,,,,,,2,NO INDICATION OF INJURY,0,0,0,0,0,2,0,8,5,9,41.86890111,-87.68371238,POINT (-87.683712383714 41.868901114341)
JC448854,,9/26/2019 7:52,30,STOP SIGN/FLASHER,FUNCTIONING PROPERLY,CLEAR,DAYLIGHT,ANGLE,NOT DIVIDED,,STRAIGHT AND LEVEL,DRY,NO DEFECTS,ON SCENE,INJURY AND / OR TOW DUE TO CRASH,Y,,Y,"$501 - $1,500",9/26/2019 8:55,UNABLE TO DETERMINE,NOT APPLICABLE,3301,S,MORGAN ST,913,,,,,,,2,NO INDICATION OF INJURY,0,0,0,0,0,2,0,7,5,9,41.83474332,-87.65091517,POINT (-87.650915171058 41.834743323052)
JC448866,,9/26/2019 7:51,30,TRAFFIC SIGNAL,FUNCTIONING PROPERLY,CLEAR,DAYLIGHT,ANGLE,DIVIDED - W/MEDIAN BARRIER,,STRAIGHT AND LEVEL,DRY,NO DEFECTS,ON SCENE,INJURY AND / OR TOW DUE TO CRASH,,,,"OVER $1,500",9/26/2019 7:51,DISREGARDING TRAFFIC SIGNALS,DISREGARDING TRAFFIC SIGNALS,727,S,INDEPENDENCE BLVD,1133,,,,,,,2,NO INDICATION OF INJURY,0,0,0,0,0,3,0,7,5,9,41.87176575,-87.71956136,POINT (-87.71956135568 41.87176574478)
JC448875,,9/26/2019 7:50,30,NO CONTROLS,NO CONTROLS,CLEAR,DAYLIGHT,TURNING,NOT DIVIDED,,STRAIGHT AND LEVEL,DRY,NO DEFECTS,NOT ON SCENE (DESK REPORT),NO INJURY / DRIVE AWAY,,,,"$501 - $1,500",9/26/2019 8:20,UNABLE TO DETERMINE,UNABLE TO DETERMINE,4158,S,ASHLAND AVE,924,,,,,,,2,NO INDICATION OF INJURY,0,0,0,0,0,2,0,7,5,9,41.81774274,-87.66533501,POINT (-87.665335012334 41.817742737026)
JC448874,,9/26/2019 7:50,30,TRAFFIC SIGNAL,FUNCTIONING PROPERLY,CLEAR,DAYLIGHT,PEDESTRIAN,FOUR WAY,,STRAIGHT AND LEVEL,DRY,NO DEFECTS,ON SCENE,INJURY AND / OR TOW DUE TO CRASH,Y,,,"OVER $1,500",9/26/2019 7:54,FAILING TO YIELD RIGHT-OF-WAY,IMPROPER TURNING/NO SIGNAL,4001,N,HARLEM AVE,1632,,,,,,,2,NONINCAPACITATING INJURY,1,0,0,1,0,1,0,7,5,9,41.95282314,-87.8071246,POINT (-87.807124594857 41.952823135455)
JC448868,Y,9/26/2019 7:49,30,NO CONTROLS,NO CONTROLS,CLEAR,DAYLIGHT,REAR END,DIVIDED - W/MEDIAN (NOT RAISED),,STRAIGHT AND LEVEL,DRY,NO DEFECTS,ON SCENE,NO INJURY / DRIVE AWAY,,,,"OVER $1,500",9/26/2019 7:50,FOLLOWING TOO CLOSELY,FAILING TO REDUCE SPEED TO AVOID CRASH,5002,W,LAWRENCE AVE,1623,,,,,,,4,NO INDICATION OF INJURY,0,0,0,0,0,4,0,7,5,9,41.96807595,-87.75276714,POINT (-87.752767139346 41.968075946674)
JC449676,,9/26/2019 7:48,30,NO CONTROLS,NO CONTROLS,CLEAR,DAYLIGHT,SIDESWIPE SAME DIRECTION,NOT DIVIDED,,STRAIGHT AND LEVEL,DRY,NO DEFECTS,NOT ON SCENE (DESK REPORT),NO INJURY / DRIVE AWAY,,,,"$501 - $1,500",9/26/2019 18:48,IMPROPER OVERTAKING/PASSING,IMPROPER OVERTAKING/PASSING,9600,S,STONY ISLAND AVE,511,,,,,,,2,NO INDICATION OF INJURY,0,0,0,0,0,3,0,7,5,9,41.72056241,-87.58530241,POINT (-87.585302405672 41.720562412012)
JC448904,,9/26/2019 7:47,30,TRAFFIC SIGNAL,FUNCTIONING PROPERLY,CLEAR,DAYLIGHT,SIDESWIPE SAME DIRECTION,OTHER,,STRAIGHT AND LEVEL,DRY,NO DEFECTS,NOT ON SCENE (DESK REPORT),NO INJURY / DRIVE AWAY,,,,"OVER $1,500",9/26/2019 8:30,DRIVING SKILLS/KNOWLEDGE/EXPERIENCE,UNABLE TO DETERMINE,4700,S,WENTWORTH AVE,224,,,,,,,2,NO INDICATION OF INJURY,0,0,0,0,0,2,0,7,5,9,41.80908244,-87.63103087,POINT (-87.63103087365 41.809082436649)
JC448844,N,9/26/2019 7:46,30,NO CONTROLS,NO CONTROLS,CLEAR,UNKNOWN,PARKED MOTOR VEHICLE,ONE-WAY,,STRAIGHT AND LEVEL,DRY,NO DEFECTS,ON SCENE,NO INJURY / DRIVE AWAY,,,Y,"$501 - $1,500",9/26/2019 7:46,UNABLE TO DETERMINE,UNABLE TO DETERMINE,26,W,109TH PL,513,,,,,,,2,NO INDICATION OF INJURY,0,0,0,0,0,1,0,7,5,9,41.69541493,-87.62419549,POINT (-87.624195486128 41.695414928069)
JC448881,,9/26/2019 7:45,30,NO CONTROLS,NO CONTROLS,CLEAR,DAYLIGHT,ANGLE,OTHER,,STRAIGHT AND LEVEL,DRY,NO DEFECTS,NOT ON SCENE (DESK REPORT),INJURY AND / OR TOW DUE TO CRASH,N,,,"OVER $1,500",9/26/2019 8:20,FAILING TO YIELD RIGHT-OF-WAY,FAILING TO YIELD RIGHT-OF-WAY,846,W,87TH ST,613,,,,,,,2,"REPORTED, NOT EVIDENT",1,0,0,0,1,1,0,7,5,9,41.73615908,-87.64532423,POINT (-87.645324234292 41.736159075056)
JC448909,,9/26/2019 7:40,30,NO CONTROLS,NO CONTROLS,CLEAR,DAYLIGHT,SIDESWIPE SAME DIRECTION,NOT DIVIDED,,STRAIGHT AND LEVEL,DRY,NO DEFECTS,NOT ON SCENE (DESK REPORT),NO INJURY / DRIVE AWAY,,,Y,"$501 - $1,500",9/26/2019 8:50,IMPROPER OVERTAKING/PASSING,NOT APPLICABLE,3313,W,CERMAK RD,1024,,,,,,,2,NO INDICATION OF INJURY,0,0,0,0,0,5,0,7,5,9,41.85162092,-87.70825233,POINT (-87.708252326147 41.851620921391)
JC449380,,9/26/2019 7:30,30,NO CONTROLS,NO CONTROLS,CLEAR,DAYLIGHT,PARKED MOTOR VEHICLE,NOT DIVIDED,,STRAIGHT AND LEVEL,DRY,NO DEFECTS,NOT ON SCENE (DESK REPORT),NO INJURY / DRIVE AWAY,,,N,"$501 - $1,500",9/26/2019 15:29,UNABLE TO DETERMINE,UNABLE TO DETERMINE,408,N,CLARK ST,1831,,,,,,,2,NO INDICATION OF INJURY,0,0,0,0,0,2,0,7,5,9,41.88954161,-87.63121553,POINT (-87.631215533807 41.889541612264)
JC449354,,9/26/2019 7:30,30,NO CONTROLS,NO CONTROLS,CLEAR,DAYLIGHT,REAR END,DIVIDED - W/MEDIAN (NOT RAISED),,STRAIGHT AND LEVEL,DRY,NO DEFECTS,NOT ON SCENE (DESK REPORT),NO INJURY / DRIVE AWAY,,,,"OVER $1,500",9/26/2019 15:20,FOLLOWING TOO CLOSELY,UNABLE TO DETERMINE,7900,S,LOOMIS BLVD,612,,,,,,,2,NO INDICATION OF INJURY,0,0,0,0,0,2,0,7,5,9,41.75040378,-87.65873571,POINT (-87.658735707932 41.750403778707)
JC448861,,9/26/2019 7:30,30,NO CONTROLS,NO CONTROLS,CLEAR,DAYLIGHT,SIDESWIPE SAME DIRECTION,DIVIDED - W/MEDIAN BARRIER,,"CURVE, LEVEL",DRY,NO DEFECTS,ON SCENE,NO INJURY / DRIVE AWAY,,,Y,"OVER $1,500",9/26/2019 7:35,FAILING TO YIELD RIGHT-OF-WAY,FOLLOWING TOO CLOSELY,4398,N,CICERO AVE,1624,,,,,,,2,NO INDICATION OF INJURY,0,0,0,0,0,2,0,7,5,9,41.96066903,-87.74767761,POINT (-87.747677608769 41.960669034258)
JC448853,,9/26/2019 7:29,30,NO CONTROLS,NO CONTROLS,CLEAR,DAYLIGHT,PEDALCYCLIST,NOT DIVIDED,,STRAIGHT ON GRADE,DRY,NO DEFECTS,ON SCENE,INJURY AND / OR TOW DUE TO CRASH,,,Y,$500 OR LESS,9/26/2019 7:33,IMPROPER LANE USAGE,UNABLE TO DETERMINE,2218,N,CLYBOURN AVE,1811,,,,,,,2,NONINCAPACITATING INJURY,1,0,0,1,0,2,0,7,5,9,41.9220088,-87.66515758,POINT (-87.665157581116 41.922008797831)
JC448829,,9/26/2019 7:22,30,NO CONTROLS,NO CONTROLS,CLEAR,DAYLIGHT,TURNING,DIVIDED - W/MEDIAN (NOT RAISED),,STRAIGHT AND LEVEL,DRY,NO DEFECTS,ON SCENE,INJURY AND / OR TOW DUE TO CRASH,,,,"OVER $1,500",9/26/2019 7:30,FAILING TO YIELD RIGHT-OF-WAY,NOT APPLICABLE,4832,N,WESTERN AVE,2031,,,,,,,2,NO INDICATION OF INJURY,0,0,0,0,0,2,0,7,5,9,41.96962575,-87.68908521,POINT (-87.689085212064 41.969625745133)
JC448550,,9/26/2019 7:20,30,NO CONTROLS,NO CONTROLS,CLEAR,DAYLIGHT,REAR TO FRONT,ONE-WAY,,STRAIGHT AND LEVEL,DRY,NO DEFECTS,ON SCENE,NO INJURY / DRIVE AWAY,,,,"$501 - $1,500",9/26/2019 7:20,ROAD CONSTRUCTION/MAINTENANCE,UNABLE TO DETERMINE,2352,W,WINNEMAC AVE,2031,,,,Y,CONSTRUCTION,Y,2,NO INDICATION OF INJURY,0,0,0,0,0,2,0,7,5,9,41.97312166,-87.68874657,POINT (-87.688746566507 41.973121662349)