RD_NO,CRASH_DATE_EST_I,CRASH_DATE,POSTED_SPEED_LIMIT,TRAFFIC_CONTROL_DEVICE,DEVICE_CONDITION,WEATHER_CONDITION,LIGHTING_CONDITION,FIRST_CRASH_TYPE,TRAFFICWAY_TYPE,LANE_CNT,ALIGNMENT,ROADWAY_SURFACE_COND,ROAD_DEFECT,REPORT_TYPE,CRASH_TYPE,INTERSECTION_RELATED_I,NOT_RIGHT_OF_WAY_I,HIT_AND_RUN_I,DAMAGE,DATE_POLICE_NOTIFIED,PRIM_CONTRIBUTORY_CAUSE,SEC_CONTRIBUTORY_CAUSE,STREET_NO,STREET_DIRECTION,STREET_NAME,BEAT_OF_OCCURRENCE,PHOTOS_TAKEN_I,STATEMENTS_TAKEN_I,DOORING_I,WORK_ZONE_I,WORK_ZONE_TYPE,WORKERS_PRESENT_I,NUM_UNITS,MOST_SEVERE_INJURY,INJURIES_TOTAL,INJURIES_FATAL,INJURIES_INCAPACITATING,INJURIES_NON_INCAPACITATING,INJURIES_REPORTED_NOT_EVIDENT,INJURIES_NO_INDICATION,INJURIES_UNKNOWN,CRASH_HOUR,CRASH_DAY_OF_WEEK,CRASH_MONTH,LATITUDE,LONGITUDE,LOCATION
JC448834,,9/26/2019 7:12,30,NO CONTROLS,NO CONTROLS,CLEAR,DAYLIGHT,SIDESWIPE SAME DIRECTION,NOT DIVIDED,,STRAIGHT AND LEVEL,DRY,NO DEFECTS,ON SCENE,NO INJURY / DRIVE AWAY,,,,$500 OR LESS,9/26/2019 7:15,UNABLE TO DETERMINE,NOT APPLICABLE,6530,W,DIVERSEY AVE,2511,,,,,,,2,NO INDICATION OF INJURY,0,0,0,0,0,8,0,7,5,9,41.93105099,-87.78941994,POINT (-87.78941994053 41.931050994065)
JC448867,,9/26/2019 7:10,30,STOP SIGN/FLASHER,NO CONTROLS,CLEAR,DAYLIGHT,ANGLE,NOT DIVIDED,,STRAIGHT AND LEVEL,DRY,NO DEFECTS,ON SCENE,NO INJURY / DRIVE AWAY,,,,"OVER $1,500",9/26/2019 8:10,UNABLE TO DETERMINE,NOT APPLICABLE,2259,W,GARFIELD BLVD,824,,,,,,,2,NO INDICATION OF INJURY,0,0,0,0,0,2,0,7,5,9,41.79336354,-87.68121161,POINT (-87.681211610963 41.793363543387)
JC448953,,9/26/2019 7:00,20,NO CONTROLS,NO CONTROLS,CLEAR,DAYLIGHT,PARKED MOTOR VEHICLE,ONE-WAY,,STRAIGHT AND LEVEL,DRY,NO DEFECTS,NOT ON SCENE (DESK REPORT),NO INJURY / DRIVE AWAY,,,Y,"OVER $1,500",9/26/2019 9:20,UNABLE TO DETERMINE,UNABLE TO DETERMINE,8447,S,ESSEX AVE,423,,,,,,,2,NO INDICATION OF INJURY,0,0,0,0,0,1,0,7,5,9,41.74129089,-87.56349766,POINT (-87.563497657171 41.741290890328)
JC448825,,9/26/2019 7:00,30,STOP SIGN/FLASHER,NO CONTROLS,CLEAR,DAYLIGHT,TURNING,T-INTERSECTION,,STRAIGHT AND LEVEL,DRY,NO DEFECTS,ON SCENE,NO INJURY / DRIVE AWAY,Y,,,$500 OR LESS,9/26/2019 7:14,IMPROPER TURNING/NO SIGNAL,IMPROPER LANE USAGE,7158,W,WELLINGTON AVE,2511,,,,,,,2,NO INDICATION OF INJURY,0,0,0,0,0,2,0,7,5,9,41.93448993,-87.80622175,POINT (-87.806221749015 41.934489926245)
JC448823,,9/26/2019 6:55,30,TRAFFIC SIGNAL,FUNCTIONING PROPERLY,CLEAR,DAYLIGHT,SIDESWIPE SAME DIRECTION,NOT DIVIDED,,STRAIGHT AND LEVEL,DRY,NO DEFECTS,NOT ON SCENE (DESK REPORT),NO INJURY / DRIVE AWAY,,,,"$501 - $1,500",9/26/2019 7:20,IMPROPER OVERTAKING/PASSING,ANIMAL,2600,N,CALIFORNIA AVE,1411,,,,,,,2,NO INDICATION OF INJURY,0,0,0,0,0,2,0,6,5,9,41.92878824,-87.69767217,POINT (-87.697672173033 41.9287882438)
JC448819,,9/26/2019 6:50,30,TRAFFIC SIGNAL,FUNCTIONING PROPERLY,CLEAR,DAYLIGHT,PEDESTRIAN,CENTER TURN LANE,,STRAIGHT AND LEVEL,DRY,NO DEFECTS,ON SCENE,NO INJURY / DRIVE AWAY,,,N,"OVER $1,500",9/26/2019 7:05,FAILING TO YIELD RIGHT-OF-WAY,FAILING TO YIELD RIGHT-OF-WAY,4800,S,ARCHER AVE,821,,,,,,,2,NO INDICATION OF INJURY,0,0,0,0,0,2,0,6,5,9,41.80629421,-87.71719212,POINT (-87.717192119248 41.806294211794)
JC449604,,9/26/2019 6:45,30,TRAFFIC SIGNAL,NO CONTROLS,CLEAR,DAYLIGHT,REAR END,NOT DIVIDED,,STRAIGHT AND LEVEL,DRY,NO DEFECTS,NOT ON SCENE (DESK REPORT),NO INJURY / DRIVE AWAY,,,Y,"$501 - $1,500",9/26/2019 17:54,FOLLOWING TOO CLOSELY,FAILING TO REDUCE SPEED TO AVOID CRASH,3155,N,HARLEM AVE,2511,,,,,,,3,NO INDICATION OF INJURY,0,0,0,0,0,3,0,6,5,9,41.9379174,-87.80659717,POINT (-87.806597164974 41.937917397564)
JC448807,,9/26/2019 6:35,40,TRAFFIC SIGNAL,FUNCTIONING PROPERLY,CLEAR,DAYLIGHT,REAR END,DIVIDED - W/MEDIAN BARRIER,,STRAIGHT AND LEVEL,DRY,NO DEFECTS,ON SCENE,INJURY AND / OR TOW DUE TO CRASH,Y,,,"OVER $1,500",9/26/2019 6:35,FAILING TO REDUCE SPEED TO AVOID CRASH,"OPERATING VEHICLE IN ERRATIC, RECKLESS, CARELESS, NEGLIGENT OR AGGRESSIVE MANNER",1501,S,LAKE SHORE DR E,132,,,,,,,2,NO INDICATION OF INJURY,0,0,0,0,0,2,0,6,5,9,41.86205243,-87.61813635,POINT (-87.618136351336 41.862052428489)
JC448813,,9/26/2019 6:30,30,NO CONTROLS,NO CONTROLS,CLEAR,DAYLIGHT,SIDESWIPE OPPOSITE DIRECTION,NOT DIVIDED,,STRAIGHT AND LEVEL,DRY,NO DEFECTS,ON SCENE,NO INJURY / DRIVE AWAY,,,,"OVER $1,500",9/26/2019 6:40,PHYSICAL CONDITION OF DRIVER,PHYSICAL CONDITION OF DRIVER,5859,W,BELMONT AVE,2514,,,,,,,2,NO INDICATION OF INJURY,0,0,0,0,0,2,0,6,5,9,41.93837133,-87.77365027,POINT (-87.773650268283 41.938371334396)
JC449587,Y,9/26/2019 6:25,25,STOP SIGN/FLASHER,FUNCTIONING PROPERLY,UNKNOWN,DARKNESS,PARKED MOTOR VEHICLE,NOT DIVIDED,,STRAIGHT AND LEVEL,UNKNOWN,UNKNOWN,NOT ON SCENE (DESK REPORT),NO INJURY / DRIVE AWAY,,,Y,"OVER $1,500",9/26/2019 17:30,UNABLE TO DETERMINE,NOT APPLICABLE,6751,N,RAVENSWOOD AVE,2432,,,,,,,2,NO INDICATION OF INJURY,0,0,0,0,0,1,0,6,5,9,42.00499942,-87.67506524,POINT (-87.675065235718 42.004999418108)
JC448801,,9/26/2019 6:15,30,NO CONTROLS,NO CONTROLS,CLEAR,DAWN,PEDALCYCLIST,DIVIDED - W/MEDIAN (NOT RAISED),,STRAIGHT AND LEVEL,DRY,NO DEFECTS,ON SCENE,INJURY AND / OR TOW DUE TO CRASH,,,,"$501 - $1,500",9/26/2019 6:20,IMPROPER LANE USAGE,NOT APPLICABLE,1034,N,MILWAUKEE AVE,1213,,,,,,,2,NONINCAPACITATING INJURY,1,0,0,1,0,1,0,6,5,9,41.90062367,-87.66244196,POINT (-87.662441958151 41.90062366665)
JC448797,,9/26/2019 6:08,30,NO CONTROLS,NO CONTROLS,CLEAR,DAWN,TURNING,NOT DIVIDED,,STRAIGHT AND LEVEL,DRY,NO DEFECTS,ON SCENE,INJURY AND / OR TOW DUE TO CRASH,,,,"OVER $1,500",9/26/2019 6:09,FAILING TO YIELD RIGHT-OF-WAY,IMPROPER TURNING/NO SIGNAL,12500,S,BURLEY AVE,433,,,,,,,2,"REPORTED, NOT EVIDENT",1,0,0,0,1,1,0,6,5,9,41.66839567,-87.54443667,POINT (-87.544436669497 41.668395665793)
JC448900,Y,9/26/2019 6:00,30,NO CONTROLS,NO CONTROLS,CLEAR,DAWN,PARKED MOTOR VEHICLE,NOT DIVIDED,,STRAIGHT AND LEVEL,DRY,NO DEFECTS,NOT ON SCENE (DESK REPORT),NO INJURY / DRIVE AWAY,,,Y,"OVER $1,500",9/26/2019 8:40,UNABLE TO DETERMINE,UNABLE TO DETERMINE,7313,S,CENTRAL PARK AVE,835,,,,,,,2,NO INDICATION OF INJURY,0,0,0,0,0,1,0,6,5,9,41.76013876,-87.71210372,POINT (-87.712103715431 41.760138764438)
JC448802,,9/26/2019 6:00,30,NO CONTROLS,NO CONTROLS,CLEAR,DAYLIGHT,PARKED MOTOR VEHICLE,NOT DIVIDED,,STRAIGHT AND LEVEL,DRY,NO DEFECTS,ON SCENE,NO INJURY / DRIVE AWAY,,,Y,"$501 - $1,500",9/26/2019 6:36,NOT APPLICABLE,NOT APPLICABLE,2956,N,OAK PARK AVE,2511,,,,,,,2,NO INDICATION OF INJURY,0,0,0,0,0,1,0,6,5,9,41.93437644,-87.79572421,POINT (-87.795724206215 41.9343764433)
JC448788,,9/26/2019 5:38,30,TRAFFIC SIGNAL,FUNCTIONING PROPERLY,CLEAR,"DARKNESS, LIGHTED ROAD",ANGLE,NOT DIVIDED,,STRAIGHT AND LEVEL,DRY,NO DEFECTS,ON SCENE,NO INJURY / DRIVE AWAY,Y,,,"$501 - $1,500",9/26/2019 5:38,FAILING TO YIELD RIGHT-OF-WAY,DRIVING SKILLS/KNOWLEDGE/EXPERIENCE,10700,S,WESTERN AVE,2212,,,,,,,2,NO INDICATION OF INJURY,0,0,0,0,0,2,0,5,5,9,41.69901254,-87.68153201,POINT (-87.681532009133 41.699012535928)
JC448789,,9/26/2019 5:28,30,TRAFFIC SIGNAL,FUNCTIONING PROPERLY,CLEAR,"DARKNESS, LIGHTED ROAD",TURNING,CENTER TURN LANE,,STRAIGHT AND LEVEL,UNKNOWN,UNKNOWN,ON SCENE,INJURY AND / OR TOW DUE TO CRASH,Y,,,"OVER $1,500",9/26/2019 5:38,UNABLE TO DETERMINE,UNABLE TO DETERMINE,2200,W,FULLERTON AVE,1432,,,,,,,2,"REPORTED, NOT EVIDENT",3,0,0,0,3,0,0,5,5,9,41.92506406,-87.68368165,POINT (-87.683681647531 41.925064061997)
JC448799,,9/26/2019 5:15,30,TRAFFIC SIGNAL,FUNCTIONING PROPERLY,CLEAR,DUSK,SIDESWIPE SAME DIRECTION,NOT DIVIDED,,STRAIGHT AND LEVEL,DRY,NO DEFECTS,ON SCENE,NO INJURY / DRIVE AWAY,Y,,,"$501 - $1,500",9/26/2019 5:15,IMPROPER LANE USAGE,NOT APPLICABLE,2400,W,55TH ST,923,,,,,,,2,NO INDICATION OF INJURY,0,0,0,0,0,3,0,5,5,9,41.79398135,-87.68414174,POINT (-87.684141741284 41.793981346574)
JC448779,,9/26/2019 5:03,30,NO CONTROLS,NO CONTROLS,CLEAR,"DARKNESS, LIGHTED ROAD",PARKED MOTOR VEHICLE,DIVIDED - W/MEDIAN (NOT RAISED),,STRAIGHT AND LEVEL,DRY,NO DEFECTS,ON SCENE,INJURY AND / OR TOW DUE TO CRASH,,,,"OVER $1,500",9/26/2019 5:05,DISTRACTION - FROM INSIDE VEHICLE,NOT APPLICABLE,721,W,BELMONT AVE,1934,,,,,,,2,NO INDICATION OF INJURY,0,0,0,0,0,3,0,5,5,9,41.93989442,-87.6477084,POINT (-87.647708397766 41.939894423424)
JC448849,Y,9/26/2019 5:00,30,NO CONTROLS,NO CONTROLS,CLEAR,DAYLIGHT,PARKED MOTOR VEHICLE,ONE-WAY,,STRAIGHT AND LEVEL,DRY,NO DEFECTS,ON SCENE,NO INJURY / DRIVE AWAY,,,Y,"OVER $1,500",9/26/2019 8:00,UNABLE TO DETERMINE,UNABLE TO DETERMINE,3027,N,LAMON AVE,2521,,,,,,,2,NO INDICATION OF INJURY,0,0,0,0,0,1,0,5,5,9,41.9359576,-87.74908001,POINT (-87.749080007468 41.935957596539)
JC448790,,9/26/2019 4:25,15,NO CONTROLS,UNKNOWN,CLEAR,"DARKNESS, LIGHTED ROAD",PARKED MOTOR VEHICLE,ONE-WAY,,STRAIGHT AND LEVEL,UNKNOWN,UNKNOWN,ON SCENE,INJURY AND / OR TOW DUE TO CRASH,,,Y,"OVER $1,500",9/26/2019 5:49,UNABLE TO DETERMINE,NOT APPLICABLE,3528,W,63RD PL,823,,,,,,,2,NO INDICATION OF INJURY,0,0,0,0,0,1,0,4,5,9,41.77801981,-87.71150976,POINT (-87.711509760715 41.778019810386)
JC448773,,9/26/2019 4:00,30,TRAFFIC SIGNAL,FUNCTIONING PROPERLY,CLEAR,"DARKNESS, LIGHTED ROAD",FIXED OBJECT,ONE-WAY,,STRAIGHT AND LEVEL,DRY,NO DEFECTS,NOT ON SCENE (DESK REPORT),NO INJURY / DRIVE AWAY,Y,,,"OVER $1,500",9/26/2019 4:10,DISTRACTION - FROM INSIDE VEHICLE,NOT APPLICABLE,499,W,RANDOLPH ST,121,,,,,,,1,NO INDICATION OF INJURY,0,0,0,0,0,1,0,4,5,9,41.8843328,-87.63975028,POINT (-87.639750282484 41.884332796175)
JC448748,,9/26/2019 3:15,40,NO CONTROLS,NO CONTROLS,CLEAR,"DARKNESS, LIGHTED ROAD",FIXED OBJECT,DIVIDED - W/MEDIAN BARRIER,,STRAIGHT ON GRADE,DRY,OTHER,ON SCENE,INJURY AND / OR TOW DUE TO CRASH,,,,"OVER $1,500",9/26/2019 3:27,IMPROPER OVERTAKING/PASSING,NOT APPLICABLE,1200,S,LAKE SHORE DR W,132,,N,,,,,1,NONINCAPACITATING INJURY,1,0,0,1,0,0,0,3,5,9,41.86748423,-87.61915038,POINT (-87.619150383382 41.867484227164)
JC448747,,9/26/2019 3:15,30,NO CONTROLS,NO CONTROLS,CLEAR,"DARKNESS, LIGHTED ROAD",FIXED OBJECT,ONE-WAY,,STRAIGHT AND LEVEL,DRY,NO DEFECTS,NOT ON SCENE (DESK REPORT),NO INJURY / DRIVE AWAY,,,,"OVER $1,500",9/26/2019 3:43,DISTRACTION - FROM INSIDE VEHICLE,NOT APPLICABLE,5101,S,WENTWORTH AVE,225,,,,,,,1,NO INDICATION OF INJURY,0,0,0,0,0,2,0,3,5,9,41.80181109,-87.63056018,POINT (-87.630560180083 41.801811091232)
JC448742,,9/26/2019 2:35,35,TRAFFIC SIGNAL,FUNCTIONING PROPERLY,CLEAR,"DARKNESS, LIGHTED ROAD",ANGLE,"FIVE POINT, OR MORE",,STRAIGHT AND LEVEL,DRY,NO DEFECTS,ON SCENE,INJURY AND / OR TOW DUE TO CRASH,Y,,,"OVER $1,500",9/26/2019 2:35,UNDER THE INFLUENCE OF ALCOHOL/DRUGS (USE WHEN ARREST IS EFFECTED),DISREGARDING ROAD MARKINGS,4000,N,CICERO AVE,1624,,,,,,,2,NO INDICATION OF INJURY,0,0,0,0,0,2,0,2,5,9,41.95347154,-87.7474515,POINT (-87.747451497756 41.953471538241)
JC448734,,9/26/2019 2:15,30,TRAFFIC SIGNAL,FUNCTIONING PROPERLY,CLEAR,"DARKNESS, LIGHTED ROAD",TURNING,FOUR WAY,,STRAIGHT AND LEVEL,DRY,NO DEFECTS,ON SCENE,NO INJURY / DRIVE AWAY,Y,,Y,"OVER $1,500",9/26/2019 2:18,UNABLE TO DETERMINE,NOT APPLICABLE,2758,W,FULLERTON AVE,1431,,,,,,,2,NO INDICATION OF INJURY,0,0,0,0,0,3,0,2,5,9,41.92491767,-87.69735362,POINT (-87.697353620555 41.924917666721)
JC448729,Y,9/26/2019 2:06,30,NO CONTROLS,NO CONTROLS,CLEAR,"DARKNESS, LIGHTED ROAD",PARKED MOTOR VEHICLE,DIVIDED - W/MEDIAN (NOT RAISED),,STRAIGHT AND LEVEL,DRY,WORN SURFACE,ON SCENE,NO INJURY / DRIVE AWAY,,,,"OVER $1,500",9/26/2019 2:06,UNABLE TO DETERMINE,NOT APPLICABLE,7131,S,VINCENNES AVE,731,,,,,,,2,NO INDICATION OF INJURY,0,0,0,0,0,1,0,2,5,9,41.76446176,-87.62823493,POINT (-87.628234927047 41.764461757464)
JC448701,,9/26/2019 1:01,30,TRAFFIC SIGNAL,FUNCTIONING PROPERLY,CLEAR,"DARKNESS, LIGHTED ROAD",TURNING,FOUR WAY,,STRAIGHT AND LEVEL,DRY,NO DEFECTS,ON SCENE,INJURY AND / OR TOW DUE TO CRASH,Y,,,"OVER $1,500",9/26/2019 1:01,FAILING TO YIELD RIGHT-OF-WAY,UNABLE TO DETERMINE,6401,N,WESTERN AVE,2412,,,,,,,2,NO INDICATION OF INJURY,0,0,0,0,0,2,0,1,5,9,41.99782316,-87.68973882,POINT (-87.689738822213 41.997823158566)
JC448700,,9/26/2019 0:48,30,STOP SIGN/FLASHER,FUNCTIONING PROPERLY,CLEAR,"DARKNESS, LIGHTED ROAD",ANGLE,NOT DIVIDED,,STRAIGHT AND LEVEL,DRY,NO DEFECTS,ON SCENE,NO INJURY / DRIVE AWAY,Y,,,"OVER $1,500",9/26/2019 0:54,FAILING TO YIELD RIGHT-OF-WAY,NOT APPLICABLE,2658,N,OAK PARK AVE,2512,,,,,,,2,NO INDICATION OF INJURY,0,0,0,0,0,3,0,0,5,9,41.92896793,-87.79555451,POINT (-87.795554512122 41.928967930988)
JC448698,,9/26/2019 0:40,30,NO CONTROLS,FUNCTIONING PROPERLY,CLEAR,"DARKNESS, LIGHTED ROAD",PARKED MOTOR VEHICLE,DIVIDED - W/MEDIAN (NOT RAISED),,STRAIGHT AND LEVEL,DRY,NO DEFECTS,ON SCENE,NO INJURY / DRIVE AWAY,,,,$500 OR LESS,9/26/2019 0:40,PHYSICAL CONDITION OF DRIVER,NOT APPLICABLE,5755,W,FULLERTON AVE,2515,,,,,,,2,NO INDICATION OF INJURY,0,0,0,0,0,1,0,0,5,9,41.92379936,-87.77063324,POINT (-87.770633236443 41.923799354532)
JC448688,,9/26/2019 0:20,30,NO CONTROLS,NO CONTROLS,CLEAR,"DARKNESS, LIGHTED ROAD",FIXED OBJECT,DIVIDED - W/MEDIAN BARRIER,,STRAIGHT AND LEVEL,WET,NO DEFECTS,ON SCENE,INJURY AND / OR TOW DUE TO CRASH,Y,,,"OVER $1,500",9/26/2019 0:24,"EVASIVE ACTION DUE TO ANIMAL, OBJECT, NONMOTORIST",UNABLE TO DETERMINE,1042,N,WESTERN AVE,1212,,,,,,,1,NO INDICATION OF INJURY,0,0,0,0,0,2,0,0,5,9,41.90065053,-87.68711235,POINT (-87.687112345855 41.900650524577)
JC448709,,9/26/2019 0:16,30,NO CONTROLS,NO CONTROLS,CLEAR,"DARKNESS, LIGHTED ROAD",OTHER OBJECT,ONE-WAY,,STRAIGHT AND LEVEL,DRY,UNKNOWN,ON SCENE,INJURY AND / OR TOW DUE TO CRASH,,,,"OVER $1,500",9/26/2019 0:16,"OPERATING VEHICLE IN ERRATIC, RECKLESS, CARELESS, NEGLIGENT OR AGGRESSIVE MANNER",UNABLE TO DETERMINE,6304,S,WASHTENAW AVE,825,,,,,,,2,NONINCAPACITATING INJURY,6,0,0,6,0,1,0,0,5,9,41.77893559,-87.69109586,POINT (-87.691095854984 41.778935592642)
JC448706,,9/26/2019 0:15,30,NO CONTROLS,NO CONTROLS,CLEAR,"DARKNESS, LIGHTED ROAD",PARKED MOTOR VEHICLE,DIVIDED - W/MEDIAN (NOT RAISED),,STRAIGHT AND LEVEL,DRY,NO DEFECTS,NOT ON SCENE (DESK REPORT),NO INJURY / DRIVE AWAY,,,Y,"OVER $1,500",9/26/2019 1:15,UNABLE TO DETERMINE,UNABLE TO DETERMINE,5729,W,WABANSIA AVE,2531,,,,,,,2,NO INDICATION OF INJURY,0,0,0,0,0,1,0,0,5,9,41.9110488,-87.76910412,POINT (-87.769104116126 41.911048800078)
JC448696,,9/26/2019 0:05,30,NO CONTROLS,NO CONTROLS,CLEAR,"DARKNESS, LIGHTED ROAD",PARKED MOTOR VEHICLE,ONE-WAY,,STRAIGHT AND LEVEL,DRY,NO DEFECTS,ON SCENE,NO INJURY / DRIVE AWAY,,,,"$501 - $1,500",9/26/2019 0:41,UNABLE TO DETERMINE,ROAD CONSTRUCTION/MAINTENANCE,8011,S,PRINCETON AVE,623,,,,,,,2,NO INDICATION OF INJURY,0,0,0,0,0,1,0,0,5,9,41.74863104,-87.63167495,POINT (-87.631674944997 41.74863103843)
JC448649,,9/25/2019 23:10,30,NO CONTROLS,NO CONTROLS,CLEAR,"DARKNESS, LIGHTED ROAD",PARKED MOTOR VEHICLE,ONE-WAY,,STRAIGHT AND LEVEL,DRY,NO DEFECTS,ON SCENE,INJURY AND / OR TOW DUE TO CRASH,,,,"OVER $1,500",9/25/2019 23:12,"OPERATING VEHICLE IN ERRATIC, RECKLESS, CARELESS, NEGLIGENT OR AGGRESSIVE MANNER",PHYSICAL CONDITION OF DRIVER,448,E,OHIO ST,1834,,,,,,,2,INCAPACITATING INJURY,1,0,1,0,0,2,0,23,4,9,41.89278162,-87.61588993,POINT (-87.615889927957 41.892781623007)
JC448638,,9/25/2019 23:04,30,TRAFFIC SIGNAL,FUNCTIONING PROPERLY,CLEAR,"DARKNESS, LIGHTED ROAD",TURNING,NOT DIVIDED,,STRAIGHT AND LEVEL,DRY,NO DEFECTS,ON SCENE,INJURY AND / OR TOW DUE TO CRASH,Y,,,"OVER $1,500",9/25/2019 23:06,FAILING TO YIELD RIGHT-OF-WAY,NOT APPLICABLE,3100,S,WENTWORTH AVE,915,,,,,,,2,NO INDICATION OF INJURY,0,0,0,0,0,3,0,23,4,9,41.83820059,-87.63182338,POINT (-87.631823375905 41.83820059378)
JC448633,,9/25/2019 22:50,30,NO CONTROLS,NO CONTROLS,CLEAR,"DARKNESS, LIGHTED ROAD",SIDESWIPE SAME DIRECTION,NOT DIVIDED,,STRAIGHT AND LEVEL,DRY,UNKNOWN,ON SCENE,INJURY AND / OR TOW DUE TO CRASH,,,Y,"OVER $1,500",9/25/2019 22:55,IMPROPER LANE USAGE,UNABLE TO DETERMINE,5445,N,WESTERN AVE,2012,,,,,,,4,NONINCAPACITATING INJURY,1,0,0,1,0,1,0,22,4,9,41.98084399,-87.68919656,POINT (-87.689196559237 41.980843993488)
JC448654,,9/25/2019 22:49,30,TRAFFIC SIGNAL,FUNCTIONING PROPERLY,CLEAR,"DARKNESS, LIGHTED ROAD",ANGLE,FOUR WAY,,STRAIGHT AND LEVEL,DRY,NO DEFECTS,ON SCENE,NO INJURY / DRIVE AWAY,Y,,Y,"$501 - $1,500",9/25/2019 23:20,DISREGARDING TRAFFIC SIGNALS,UNABLE TO DETERMINE,501,S,WESTERN AVE,1225,,,,,,,2,NO INDICATION OF INJURY,0,0,0,0,0,2,0,22,4,9,41.8749379,-87.68611247,POINT (-87.686112467683 41.874937902981)
JC448617,,9/25/2019 22:42,30,STOP SIGN/FLASHER,FUNCTIONING PROPERLY,CLEAR,"DARKNESS, LIGHTED ROAD",REAR END,DIVIDED - W/MEDIAN (NOT RAISED),,STRAIGHT AND LEVEL,DRY,UNKNOWN,ON SCENE,INJURY AND / OR TOW DUE TO CRASH,Y,,Y,$500 OR LESS,9/25/2019 22:43,FOLLOWING TOO CLOSELY,FAILING TO REDUCE SPEED TO AVOID CRASH,530,E,61ST ST,313,,,,,,,2,NONINCAPACITATING INJURY,2,0,0,2,0,3,0,22,4,9,41.78405713,-87.61213854,POINT (-87.612138544485 41.784057127363)
JC448630,,9/25/2019 22:40,15,NO CONTROLS,NO CONTROLS,CLEAR,"DARKNESS, LIGHTED ROAD",OTHER OBJECT,NOT DIVIDED,,STRAIGHT AND LEVEL,DRY,UNKNOWN,ON SCENE,NO INJURY / DRIVE AWAY,,,,"OVER $1,500",9/25/2019 22:50,FOLLOWING TOO CLOSELY,NOT APPLICABLE,430,N,RUSH ST,1834,,,,,,,2,NO INDICATION OF INJURY,0,0,0,0,0,2,0,22,4,9,41.89014356,-87.62546158,POINT (-87.625461576604 41.890143556964)
JC448635,Y,9/25/2019 22:34,30,NO CONTROLS,NO CONTROLS,CLEAR,"DARKNESS, LIGHTED ROAD",PARKED MOTOR VEHICLE,ONE-WAY,,STRAIGHT AND LEVEL,UNKNOWN,NO DEFECTS,ON SCENE,INJURY AND / OR TOW DUE TO CRASH,,,,"OVER $1,500",9/25/2019 22:34,UNABLE TO DETERMINE,PHYSICAL CONDITION OF DRIVER,1500,W,85TH ST,614,,,,,,,2,INCAPACITATING INJURY,1,0,1,0,0,0,0,22,4,9,41.7395775,-87.6607692,POINT (-87.66076919802 41.739577496141)
JC449668,,9/25/2019 22:30,30,NO CONTROLS,NO CONTROLS,CLEAR,DARKNESS,OTHER OBJECT,OTHER,,STRAIGHT AND LEVEL,DRY,NO DEFECTS,NOT ON SCENE (DESK REPORT),NO INJURY / DRIVE AWAY,,,,"$501 - $1,500",9/26/2019 18:31,UNABLE TO DETERMINE,NOT APPLICABLE,1511,W,71ST PL,734,,,,,,,1,NO INDICATION OF INJURY,0,0,0,0,0,1,0,22,4,9,41.76390628,-87.66264576,POINT (-87.662645754764 41.763906275647)
JC448619,Y,9/25/2019 22:26,30,UNKNOWN,UNKNOWN,CLEAR,"DARKNESS, LIGHTED ROAD",REAR END,ONE-WAY,,STRAIGHT AND LEVEL,OTHER,NO DEFECTS,ON SCENE,INJURY AND / OR TOW DUE TO CRASH,,,,"OVER $1,500",9/25/2019 22:40,FOLLOWING TOO CLOSELY,NOT APPLICABLE,1627,W,WARREN BLVD,1224,,Y,,,,,3,NONINCAPACITATING INJURY,2,0,0,2,0,4,0,22,4,9,41.88225366,-87.66796551,POINT (-87.667965505152 41.882253655402)
JC448597,,9/25/2019 22:19,35,NO CONTROLS,NO CONTROLS,CLEAR,"DARKNESS, LIGHTED ROAD",PARKED MOTOR VEHICLE,ONE-WAY,,STRAIGHT AND LEVEL,DRY,NO DEFECTS,ON SCENE,INJURY AND / OR TOW DUE TO CRASH,,,,"OVER $1,500",9/25/2019 22:20,DISTRACTION - FROM INSIDE VEHICLE,UNDER THE INFLUENCE OF ALCOHOL/DRUGS (USE WHEN ARREST IS EFFECTED),1892,W,VAN BUREN ST,1225,,,,,,,2,NO INDICATION OF INJURY,0,0,0,0,0,2,0,22,4,9,41.87634671,-87.67399133,POINT (-87.673991330839 41.876346712983)
JC448571,,9/25/2019 22:00,30,TRAFFIC SIGNAL,FUNCTIONING PROPERLY,CLEAR,"DARKNESS, LIGHTED ROAD",HEAD ON,DIVIDED - W/MEDIAN (NOT RAISED),,STRAIGHT AND LEVEL,DRY,NO DEFECTS,ON SCENE,NO INJURY / DRIVE AWAY,Y,,,"OVER $1,500",9/25/2019 22:03,FAILING TO YIELD RIGHT-OF-WAY,NOT APPLICABLE,4799,W,LAKE ST,1113,,,,,,,2,NO INDICATION OF INJURY,0,0,0,0,0,2,0,22,4,9,41.88650199,-87.74540075,POINT (-87.745400754026 41.886501986521)
JC448578,,9/25/2019 21:54,25,STOP SIGN/FLASHER,FUNCTIONING PROPERLY,CLEAR,"DARKNESS, LIGHTED ROAD",PEDALCYCLIST,NOT DIVIDED,,STRAIGHT AND LEVEL,DRY,NO DEFECTS,,INJURY AND / OR TOW DUE TO CRASH,Y,,,$500 OR LESS,9/25/2019 21:54,DISREGARDING STOP SIGN,NOT APPLICABLE,5127,N,GLENWOOD AVE,2033,,N,,,,,2,INCAPACITATING INJURY,1,0,1,0,0,2,0,21,4,9,41.97531486,-87.66458007,POINT (-87.664580072194 41.975314863166)