RD_NO,CRASH_DATE_EST_I,CRASH_DATE,POSTED_SPEED_LIMIT,TRAFFIC_CONTROL_DEVICE,DEVICE_CONDITION,WEATHER_CONDITION,LIGHTING_CONDITION,FIRST_CRASH_TYPE,TRAFFICWAY_TYPE,LANE_CNT,ALIGNMENT,ROADWAY_SURFACE_COND,ROAD_DEFECT,REPORT_TYPE,CRASH_TYPE,INTERSECTION_RELATED_I,NOT_RIGHT_OF_WAY_I,HIT_AND_RUN_I,DAMAGE,DATE_POLICE_NOTIFIED,PRIM_CONTRIBUTORY_CAUSE,SEC_CONTRIBUTORY_CAUSE,STREET_NO,STREET_DIRECTION,STREET_NAME,BEAT_OF_OCCURRENCE,PHOTOS_TAKEN_I,STATEMENTS_TAKEN_I,DOORING_I,WORK_ZONE_I,WORK_ZONE_TYPE,WORKERS_PRESENT_I,NUM_UNITS,MOST_SEVERE_INJURY,INJURIES_TOTAL,INJURIES_FATAL,INJURIES_INCAPACITATING,INJURIES_NON_INCAPACITATING,INJURIES_REPORTED_NOT_EVIDENT,INJURIES_NO_INDICATION,INJURIES_UNKNOWN,CRASH_HOUR,CRASH_DAY_OF_WEEK,CRASH_MONTH,LATITUDE,LONGITUDE,LOCATION
JC448598,,9/25/2019 21:50,10,NO CONTROLS,NO CONTROLS,UNKNOWN,UNKNOWN,PARKED MOTOR VEHICLE,PARKING LOT,,STRAIGHT AND LEVEL,UNKNOWN,UNKNOWN,NOT ON SCENE (DESK REPORT),NO INJURY / DRIVE AWAY,,,Y,"$501 - $1,500",9/25/2019 22:30,UNABLE TO DETERMINE,NOT APPLICABLE,2225,W,DEVON AVE,2413,,,,,,,2,NO INDICATION OF INJURY,0,0,0,0,0,1,0,21,4,9,41.99768843,-87.68600797,POINT (-87.686007973503 41.997688426543)
JC448584,,9/25/2019 21:35,30,NO CONTROLS,NO CONTROLS,CLEAR,"DARKNESS, LIGHTED ROAD",FIXED OBJECT,DIVIDED - W/MEDIAN (NOT RAISED),,STRAIGHT AND LEVEL,DRY,NO DEFECTS,ON SCENE,INJURY AND / OR TOW DUE TO CRASH,,,,"OVER $1,500",9/25/2019 21:40,NOT APPLICABLE,NOT APPLICABLE,5449,W,ADDISON ST,1633,,,,,,,1,NONINCAPACITATING INJURY,1,0,0,1,0,0,0,21,4,9,41.94580466,-87.76383757,POINT (-87.763837570621 41.945804662353)
JC450592,,9/25/2019 21:30,30,TRAFFIC SIGNAL,FUNCTIONING PROPERLY,CLEAR,DAYLIGHT,REAR END,DIVIDED - W/MEDIAN (NOT RAISED),,STRAIGHT AND LEVEL,DRY,UNKNOWN,NOT ON SCENE (DESK REPORT),NO INJURY / DRIVE AWAY,Y,,,"OVER $1,500",9/27/2019 13:50,FOLLOWING TOO CLOSELY,UNABLE TO DETERMINE,4258,W,IRVING PARK RD,1722,,,,,,,2,NO INDICATION OF INJURY,0,0,0,0,0,3,0,21,4,9,41.95367788,-87.73482147,POINT (-87.734821464955 41.953677880557)
JC448569,,9/25/2019 21:28,15,NO CONTROLS,NO CONTROLS,CLEAR,DARKNESS,FIXED OBJECT,PARKING LOT,,STRAIGHT AND LEVEL,DRY,NO DEFECTS,ON SCENE,NO INJURY / DRIVE AWAY,,Y,,"OVER $1,500",9/25/2019 21:29,UNABLE TO DETERMINE,NOT APPLICABLE,5220,S,HARPER AVE,234,,,,,,,1,NO INDICATION OF INJURY,0,0,0,0,0,2,0,21,4,9,41.80028598,-87.589215,POINT (-87.589214997564 41.800285978665)
JC448570,,9/25/2019 21:10,30,NO CONTROLS,NO CONTROLS,CLEAR,"DARKNESS, LIGHTED ROAD",PARKED MOTOR VEHICLE,NOT DIVIDED,,STRAIGHT AND LEVEL,DRY,NO DEFECTS,NOT ON SCENE (DESK REPORT),NO INJURY / DRIVE AWAY,,,Y,$500 OR LESS,9/25/2019 21:50,IMPROPER BACKING,NOT APPLICABLE,5300,S,SHORE DR,234,,,,,,,2,NO INDICATION OF INJURY,0,0,0,0,0,1,0,21,4,9,41.79956926,-87.58246504,POINT (-87.582465037155 41.799569254868)
JC448554,,9/25/2019 21:10,30,TRAFFIC SIGNAL,FUNCTIONING PROPERLY,CLEAR,"DARKNESS, LIGHTED ROAD",SIDESWIPE SAME DIRECTION,DIVIDED - W/MEDIAN BARRIER,,STRAIGHT AND LEVEL,DRY,NO DEFECTS,ON SCENE,INJURY AND / OR TOW DUE TO CRASH,,,Y,"OVER $1,500",9/25/2019 21:15,UNABLE TO DETERMINE,UNABLE TO DETERMINE,2205,W,IRVING PARK RD,1921,,,,,,,2,"REPORTED, NOT EVIDENT",1,0,0,0,1,1,0,21,4,9,41.9539716,-87.68383793,POINT (-87.683837926591 41.953971601726)
JC449833,,9/25/2019 21:00,30,NO CONTROLS,NO CONTROLS,UNKNOWN,"DARKNESS, LIGHTED ROAD",PARKED MOTOR VEHICLE,UNKNOWN INTERSECTION TYPE,,STRAIGHT AND LEVEL,UNKNOWN,UNKNOWN,NOT ON SCENE (DESK REPORT),NO INJURY / DRIVE AWAY,,,,"$501 - $1,500",9/26/2019 20:40,IMPROPER TURNING/NO SIGNAL,NOT APPLICABLE,9,W,KINZIE ST,1831,,,,,,,2,NO INDICATION OF INJURY,0,0,0,0,0,1,0,21,4,9,41.88913727,-87.62843006,POINT (-87.628430059843 41.889137270566)
JC448540,,9/25/2019 21:00,35,NO CONTROLS,NO CONTROLS,CLEAR,"DARKNESS, LIGHTED ROAD",REAR END,DIVIDED - W/MEDIAN BARRIER,,STRAIGHT AND LEVEL,DRY,NO DEFECTS,ON SCENE,INJURY AND / OR TOW DUE TO CRASH,,,,$500 OR LESS,9/25/2019 21:06,UNABLE TO DETERMINE,NOT APPLICABLE,13,W,I190 EXPY,1654,,,,,,,2,"REPORTED, NOT EVIDENT",2,0,0,0,2,1,0,21,4,9,,,
JC448576,,9/25/2019 20:50,30,NO CONTROLS,UNKNOWN,CLEAR,"DARKNESS, LIGHTED ROAD",PEDESTRIAN,ONE-WAY,,STRAIGHT AND LEVEL,DRY,UNKNOWN,NOT ON SCENE (DESK REPORT),INJURY AND / OR TOW DUE TO CRASH,,,Y,"OVER $1,500",9/25/2019 20:50,FAILING TO YIELD RIGHT-OF-WAY,FAILING TO YIELD RIGHT-OF-WAY,4810,W,FLOURNOY ST,1533,,,,,,,2,INCAPACITATING INJURY,1,0,1,0,0,1,0,20,4,9,41.87217299,-87.7454078,POINT (-87.74540779984 41.872172993898)
JC448507,,9/25/2019 20:50,30,NO CONTROLS,NO CONTROLS,CLEAR,"DARKNESS, LIGHTED ROAD",PEDALCYCLIST,DIVIDED - W/MEDIAN (NOT RAISED),,STRAIGHT AND LEVEL,DRY,UNKNOWN,ON SCENE,INJURY AND / OR TOW DUE TO CRASH,,,,"$501 - $1,500",9/25/2019 21:00,FAILING TO YIELD RIGHT-OF-WAY,UNABLE TO DETERMINE,5649,W,FULLERTON AVE,2515,,,Y,,,,2,INCAPACITATING INJURY,1,0,1,0,0,0,0,20,4,9,41.92384038,-87.76796675,POINT (-87.767966751212 41.923840383991)
JC448519,,9/25/2019 20:45,30,NO CONTROLS,NO CONTROLS,CLEAR,"DARKNESS, LIGHTED ROAD",TURNING,NOT DIVIDED,,STRAIGHT AND LEVEL,DRY,NO DEFECTS,ON SCENE,INJURY AND / OR TOW DUE TO CRASH,Y,,,"OVER $1,500",9/25/2019 20:50,IMPROPER TURNING/NO SIGNAL,NOT APPLICABLE,1230,W,LAWRENCE AVE,2033,,Y,,,,,2,NO INDICATION OF INJURY,0,0,0,0,0,2,0,20,4,9,41.96911537,-87.66097999,POINT (-87.6609799919 41.969115368512)
JC448522,,9/25/2019 20:42,30,NO CONTROLS,NO CONTROLS,CLEAR,"DARKNESS, LIGHTED ROAD",PARKED MOTOR VEHICLE,ONE-WAY,,STRAIGHT AND LEVEL,DRY,UNKNOWN,ON SCENE,NO INJURY / DRIVE AWAY,,,,"OVER $1,500",9/25/2019 20:45,PHYSICAL CONDITION OF DRIVER,NOT APPLICABLE,1932,S,RIDGEWAY AVE,1014,,,,,,,2,NO INDICATION OF INJURY,0,0,0,0,0,1,0,20,4,9,41.85407563,-87.71890425,POINT (-87.71890425046 41.854075628566)
JC448577,,9/25/2019 20:31,30,TRAFFIC SIGNAL,FUNCTIONING PROPERLY,CLEAR,"DARKNESS, LIGHTED ROAD",SIDESWIPE SAME DIRECTION,ROUNDABOUT,,STRAIGHT AND LEVEL,DRY,NO DEFECTS,NOT ON SCENE (DESK REPORT),NO INJURY / DRIVE AWAY,Y,,,"OVER $1,500",9/25/2019 22:00,IMPROPER OVERTAKING/PASSING,UNABLE TO DETERMINE,3129,W,LOGAN BLVD,1414,,,,,,,2,NO INDICATION OF INJURY,0,0,0,0,0,4,0,20,4,9,41.9278642,-87.70616188,POINT (-87.706161881884 41.927864202687)
JC450412,,9/25/2019 20:30,20,NO CONTROLS,NO CONTROLS,CLEAR,DUSK,REAR END,PARKING LOT,,STRAIGHT AND LEVEL,DRY,NO DEFECTS,ON SCENE,NO INJURY / DRIVE AWAY,,Y,,"OVER $1,500",9/27/2019 11:30,FOLLOWING TOO CLOSELY,DRIVING SKILLS/KNOWLEDGE/EXPERIENCE,10000,W,OHARE ST,1651,,,,,,,2,NO INDICATION OF INJURY,0,0,0,0,0,2,0,20,4,9,41.97620114,-87.90530913,POINT (-87.905309125103 41.976201139024)
JC448593,,9/25/2019 20:30,30,STOP SIGN/FLASHER,FUNCTIONING PROPERLY,CLEAR,"DARKNESS, LIGHTED ROAD",ANGLE,FOUR WAY,,STRAIGHT AND LEVEL,DRY,NO DEFECTS,NOT ON SCENE (DESK REPORT),NO INJURY / DRIVE AWAY,Y,,,"OVER $1,500",9/25/2019 21:15,FAILING TO YIELD RIGHT-OF-WAY,UNABLE TO DETERMINE,7101,W,ARCHER AVE,811,,,,,,,2,NO INDICATION OF INJURY,0,0,0,0,0,2,0,20,4,9,41.79187822,-87.79905134,POINT (-87.799051336199 41.791878215308)
JC448587,,9/25/2019 20:30,25,NO CONTROLS,NO CONTROLS,CLEAR,"DARKNESS, LIGHTED ROAD",PARKED MOTOR VEHICLE,NOT DIVIDED,,STRAIGHT AND LEVEL,DRY,NO DEFECTS,NOT ON SCENE (DESK REPORT),NO INJURY / DRIVE AWAY,,,,"$501 - $1,500",9/25/2019 22:21,IMPROPER BACKING,DRIVING SKILLS/KNOWLEDGE/EXPERIENCE,1518,W,CHICAGO AVE,1213,,,,,,,2,NO INDICATION OF INJURY,0,0,0,0,0,1,0,20,4,9,41.89620682,-87.66574338,POINT (-87.665743375254 41.896206818641)
JC448483,,9/25/2019 20:30,25,NO CONTROLS,NO CONTROLS,CLEAR,DARKNESS,PARKED MOTOR VEHICLE,ONE-WAY,,STRAIGHT AND LEVEL,DRY,NO DEFECTS,ON SCENE,NO INJURY / DRIVE AWAY,,,Y,"OVER $1,500",9/25/2019 20:34,UNABLE TO DETERMINE,NOT APPLICABLE,3007,N,NOTTINGHAM AVE,2511,,,,,,,2,NO INDICATION OF INJURY,0,0,0,0,0,1,0,20,4,9,41.9346825,-87.80372101,POINT (-87.80372100996 41.934682497463)
JC448482,,9/25/2019 20:30,30,TRAFFIC SIGNAL,FUNCTIONING PROPERLY,CLEAR,"DARKNESS, LIGHTED ROAD",TURNING,NOT DIVIDED,,STRAIGHT AND LEVEL,DRY,NO DEFECTS,ON SCENE,NO INJURY / DRIVE AWAY,Y,,Y,"OVER $1,500",9/25/2019 20:40,FAILING TO YIELD RIGHT-OF-WAY,NOT APPLICABLE,1,N,HALSTED ST,1224,,,,,,,2,NO INDICATION OF INJURY,0,0,0,0,0,2,0,20,4,9,41.88181563,-87.64721472,POINT (-87.647214717041 41.881815631642)
JC448502,,9/25/2019 20:28,30,NO CONTROLS,NO CONTROLS,CLEAR,"DARKNESS, LIGHTED ROAD",PARKED MOTOR VEHICLE,OTHER,,STRAIGHT AND LEVEL,DRY,NO DEFECTS,ON SCENE,INJURY AND / OR TOW DUE TO CRASH,,,,"OVER $1,500",9/25/2019 20:58,UNDER THE INFLUENCE OF ALCOHOL/DRUGS (USE WHEN ARREST IS EFFECTED),NOT APPLICABLE,941,E,82ND ST,631,,,,,,,2,NO INDICATION OF INJURY,0,0,0,0,0,1,0,20,4,9,41.7457308,-87.6009929,POINT (-87.600992898218 41.745730801221)
JC449613,,9/25/2019 19:50,35,STOP SIGN/FLASHER,FUNCTIONING PROPERLY,CLEAR,DUSK,TURNING,DIVIDED - W/MEDIAN (NOT RAISED),,STRAIGHT AND LEVEL,DRY,UNKNOWN,NOT ON SCENE (DESK REPORT),INJURY AND / OR TOW DUE TO CRASH,,,Y,"$501 - $1,500",9/26/2019 17:57,IMPROPER OVERTAKING/PASSING,NOT APPLICABLE,400,S,ASHLAND AVE,1231,,,,,,,2,"REPORTED, NOT EVIDENT",3,0,0,0,3,1,0,19,4,9,41.87633286,-87.66681112,POINT (-87.666811117572 41.87633285922)
JC448438,,9/25/2019 19:35,30,TRAFFIC SIGNAL,FUNCTIONING PROPERLY,CLEAR,"DARKNESS, LIGHTED ROAD",TURNING,FOUR WAY,,STRAIGHT AND LEVEL,DRY,NO DEFECTS,ON SCENE,INJURY AND / OR TOW DUE TO CRASH,Y,,,"OVER $1,500",9/25/2019 19:37,FAILING TO YIELD RIGHT-OF-WAY,FAILING TO REDUCE SPEED TO AVOID CRASH,800,W,63RD ST,712,,,,,,,2,"REPORTED, NOT EVIDENT",3,0,0,0,3,0,0,19,4,9,41.77985968,-87.64485278,POINT (-87.644852781595 41.779859679309)
JC448421,,9/25/2019 19:24,35,NO CONTROLS,NO CONTROLS,CLEAR,DARKNESS,FIXED OBJECT,NOT DIVIDED,,STRAIGHT AND LEVEL,DRY,NO DEFECTS,ON SCENE,NO INJURY / DRIVE AWAY,,,,"$501 - $1,500",9/25/2019 19:30,NOT APPLICABLE,NOT APPLICABLE,7983,S,SOUTH CHICAGO AVE,414,,,,,,,1,NO INDICATION OF INJURY,0,0,0,0,0,1,0,19,4,9,41.74976381,-87.58295953,POINT (-87.582959524905 41.749763806135)
JC448426,,9/25/2019 19:20,30,NO CONTROLS,NO CONTROLS,CLEAR,DARKNESS,PARKED MOTOR VEHICLE,DIVIDED - W/MEDIAN (NOT RAISED),,STRAIGHT AND LEVEL,DRY,NO DEFECTS,ON SCENE,INJURY AND / OR TOW DUE TO CRASH,,,,"OVER $1,500",9/25/2019 19:30,DISTRACTION - FROM INSIDE VEHICLE,IMPROPER LANE USAGE,1831,N,WESTERN AVE,1434,,,,,,,2,NO INDICATION OF INJURY,0,0,0,0,0,1,0,19,4,9,41.91490296,-87.68719466,POINT (-87.687194662219 41.914902962166)
JC448434,,9/25/2019 19:00,30,TRAFFIC SIGNAL,UNKNOWN,CLEAR,DUSK,REAR END,DIVIDED - W/MEDIAN BARRIER,,STRAIGHT AND LEVEL,DRY,UNKNOWN,NOT ON SCENE (DESK REPORT),NO INJURY / DRIVE AWAY,,,,"$501 - $1,500",9/25/2019 19:40,UNABLE TO DETERMINE,UNABLE TO DETERMINE,156,N,OGDEN AVE,1224,,,,,,,2,NO INDICATION OF INJURY,0,0,0,0,0,2,0,19,4,9,41.88444111,-87.66340343,POINT (-87.663403432024 41.884441108608)
JC448392,,9/25/2019 18:57,0,NO CONTROLS,NO CONTROLS,CLEAR,"DARKNESS, LIGHTED ROAD",PARKED MOTOR VEHICLE,PARKING LOT,,STRAIGHT AND LEVEL,DRY,NO DEFECTS,ON SCENE,NO INJURY / DRIVE AWAY,,Y,Y,$500 OR LESS,9/25/2019 18:57,IMPROPER BACKING,NOT APPLICABLE,1344,E,67TH ST,321,,,,,,,2,NO INDICATION OF INJURY,0,0,0,0,0,1,0,18,4,9,41.77338069,-87.59256121,POINT (-87.592561206972 41.773380690875)
JC448432,,9/25/2019 18:55,30,TRAFFIC SIGNAL,FUNCTIONING PROPERLY,CLEAR,DARKNESS,TURNING,NOT DIVIDED,,STRAIGHT AND LEVEL,DRY,NO DEFECTS,ON SCENE,INJURY AND / OR TOW DUE TO CRASH,Y,,,"$501 - $1,500",9/25/2019 19:29,IMPROPER TURNING/NO SIGNAL,UNABLE TO DETERMINE,734,S,CICERO AVE,1533,,,,,,,2,"REPORTED, NOT EVIDENT",1,0,0,0,1,1,0,18,4,9,41.87114717,-87.74507207,POINT (-87.745072073229 41.871147168568)
JC448384,,9/25/2019 18:54,30,NO CONTROLS,NO CONTROLS,CLEAR,"DARKNESS, LIGHTED ROAD",REAR END,NOT DIVIDED,,STRAIGHT AND LEVEL,DRY,NO DEFECTS,ON SCENE,NO INJURY / DRIVE AWAY,,,,"OVER $1,500",9/25/2019 18:55,FOLLOWING TOO CLOSELY,UNABLE TO DETERMINE,4117,W,ADDISON ST,1731,,,,,,,2,NO INDICATION OF INJURY,0,0,0,0,0,2,0,18,4,9,41.94623272,-87.7298891,POINT (-87.729889102168 41.946232722881)
JC449602,,9/25/2019 18:45,30,NO CONTROLS,NO CONTROLS,CLEAR,DAYLIGHT,REAR END,NOT DIVIDED,,STRAIGHT AND LEVEL,UNKNOWN,UNKNOWN,NOT ON SCENE (DESK REPORT),NO INJURY / DRIVE AWAY,,,,"$501 - $1,500",9/26/2019 17:35,FOLLOWING TOO CLOSELY,FOLLOWING TOO CLOSELY,6100,N,PULASKI RD,1711,,,,,,,2,NO INDICATION OF INJURY,0,0,0,0,0,2,0,18,4,9,41.99200579,-87.72901683,POINT (-87.729016829304 41.99200578874)
JC448412,,9/25/2019 18:45,30,RR CROSSING SIGN,NO CONTROLS,CLEAR,DAYLIGHT,REAR END,NOT DIVIDED,,STRAIGHT AND LEVEL,DRY,NO DEFECTS,NOT ON SCENE (DESK REPORT),NO INJURY / DRIVE AWAY,,,,"$501 - $1,500",9/25/2019 19:30,FOLLOWING TOO CLOSELY,FOLLOWING TOO CLOSELY,8045,W,IRVING PARK RD,1631,,,,,,,2,NO INDICATION OF INJURY,0,0,0,0,0,2,0,18,4,9,41.95213271,-87.8286872,POINT (-87.828687201031 41.952132708312)
JC448408,,9/25/2019 18:45,15,NO CONTROLS,NO CONTROLS,CLEAR,DUSK,SIDESWIPE SAME DIRECTION,PARKING LOT,,STRAIGHT AND LEVEL,DRY,NO DEFECTS,NOT ON SCENE (DESK REPORT),NO INJURY / DRIVE AWAY,,,,"$501 - $1,500",9/25/2019 19:15,UNABLE TO DETERMINE,NOT APPLICABLE,10300,S,MICHIGAN AVE,512,,,,,,,2,NO INDICATION OF INJURY,0,0,0,0,0,3,0,18,4,9,41.70718218,-87.62036149,POINT (-87.620361492183 41.707182175387)
JC448465,,9/25/2019 18:43,30,NO CONTROLS,NO CONTROLS,CLEAR,DUSK,SIDESWIPE SAME DIRECTION,NOT DIVIDED,,STRAIGHT AND LEVEL,DRY,NO DEFECTS,NOT ON SCENE (DESK REPORT),NO INJURY / DRIVE AWAY,,,,"$501 - $1,500",9/25/2019 20:15,UNABLE TO DETERMINE,UNABLE TO DETERMINE,953,W,RANDOLPH ST,1224,,,,,,,2,NO INDICATION OF INJURY,0,0,0,0,0,6,0,18,4,9,41.88422089,-87.65186714,POINT (-87.651867143552 41.884220891638)
JC448404,,9/25/2019 18:39,30,TRAFFIC SIGNAL,FUNCTIONING PROPERLY,CLEAR,DAYLIGHT,SIDESWIPE SAME DIRECTION,FOUR WAY,,STRAIGHT AND LEVEL,DRY,NO DEFECTS,ON SCENE,NO INJURY / DRIVE AWAY,Y,,Y,"OVER $1,500",9/25/2019 18:40,FAILING TO YIELD RIGHT-OF-WAY,NOT APPLICABLE,102,W,ONTARIO ST,1832,,,,,,,2,NO INDICATION OF INJURY,0,0,0,0,0,2,0,18,4,9,41.89333658,-87.63133269,POINT (-87.631332691009 41.893336581634)
JC448380,,9/25/2019 18:38,30,NO CONTROLS,NO CONTROLS,CLEAR,"DARKNESS, LIGHTED ROAD",FIXED OBJECT,ONE-WAY,,STRAIGHT AND LEVEL,UNKNOWN,NO DEFECTS,ON SCENE,NO INJURY / DRIVE AWAY,Y,,,"OVER $1,500",9/25/2019 18:39,DRIVING SKILLS/KNOWLEDGE/EXPERIENCE,UNABLE TO DETERMINE,200,W,QUINCY ST,122,,,,Y,CONSTRUCTION,N,1,NO INDICATION OF INJURY,0,0,0,0,0,3,0,18,4,9,41.87883498,-87.63382908,POINT (-87.633829075076 41.878834978405)
JC448961,Y,9/25/2019 18:30,30,NO CONTROLS,NO CONTROLS,CLEAR,DARKNESS,PARKED MOTOR VEHICLE,ONE-WAY,,STRAIGHT AND LEVEL,DRY,NO DEFECTS,ON SCENE,INJURY AND / OR TOW DUE TO CRASH,,,Y,"OVER $1,500",9/26/2019 9:31,UNABLE TO DETERMINE,UNABLE TO DETERMINE,6702,S,BLACKSTONE AVE,332,,,,,,,2,NO INDICATION OF INJURY,0,0,0,0,0,1,0,18,4,9,41.77319301,-87.58890099,POINT (-87.58890099326 41.773193009612)
JC448399,,9/25/2019 18:30,30,NO CONTROLS,NO CONTROLS,CLEAR,DUSK,REAR END,NOT DIVIDED,,STRAIGHT AND LEVEL,DRY,NO DEFECTS,ON SCENE,INJURY AND / OR TOW DUE TO CRASH,,,,$500 OR LESS,9/25/2019 18:55,FAILING TO REDUCE SPEED TO AVOID CRASH,FAILING TO YIELD RIGHT-OF-WAY,4313,N,PULASKI RD,1723,,,,,,,2,"REPORTED, NOT EVIDENT",1,0,0,0,1,1,0,18,4,9,41.95959165,-87.72764136,POINT (-87.727641355092 41.959591652752)
JC448353,,9/25/2019 18:23,30,NO CONTROLS,NO CONTROLS,CLEAR,DAYLIGHT,PEDESTRIAN,NOT DIVIDED,,STRAIGHT AND LEVEL,DRY,NO DEFECTS,ON SCENE,INJURY AND / OR TOW DUE TO CRASH,,,,$500 OR LESS,9/25/2019 18:34,UNABLE TO DETERMINE,NOT APPLICABLE,5502,W,WASHINGTON BLVD,1523,N,,,,,,3,NONINCAPACITATING INJURY,2,0,0,2,0,1,0,18,4,9,41.88237397,-87.76343026,POINT (-87.763430256207 41.882373967996)
JC448348,,9/25/2019 18:06,30,TRAFFIC SIGNAL,FUNCTIONING PROPERLY,CLEAR,DUSK,REAR END,NOT DIVIDED,,STRAIGHT AND LEVEL,DRY,NO DEFECTS,ON SCENE,NO INJURY / DRIVE AWAY,,,,"$501 - $1,500",9/25/2019 18:07,FAILING TO REDUCE SPEED TO AVOID CRASH,NOT APPLICABLE,5550,N,NAGLE AVE,1612,,,,,,,2,NO INDICATION OF INJURY,0,0,0,0,0,2,0,18,4,9,41.98237687,-87.78789264,POINT (-87.787892639615 41.982376870561)
JC453042,,9/25/2019 18:00,10,NO CONTROLS,NO CONTROLS,CLEAR,DAYLIGHT,PARKED MOTOR VEHICLE,PARKING LOT,,STRAIGHT AND LEVEL,DRY,NO DEFECTS,NOT ON SCENE (DESK REPORT),NO INJURY / DRIVE AWAY,,Y,Y,"$501 - $1,500",9/29/2019 13:20,IMPROPER BACKING,NOT APPLICABLE,2001,S,MICHIGAN AVE,132,,,,,,,2,NO INDICATION OF INJURY,0,0,0,0,0,1,0,18,4,9,41.855432,-87.62372822,POINT (-87.623728215571 41.855431999021)
JC448407,,9/25/2019 18:00,20,TRAFFIC SIGNAL,FUNCTIONING PROPERLY,CLEAR,DAYLIGHT,TURNING,NOT DIVIDED,,STRAIGHT AND LEVEL,DRY,NO DEFECTS,NOT ON SCENE (DESK REPORT),NO INJURY / DRIVE AWAY,Y,,,"$501 - $1,500",9/25/2019 19:15,FOLLOWING TOO CLOSELY,NOT APPLICABLE,4802,N,BROADWAY,2033,,,,,,,2,NO INDICATION OF INJURY,0,0,0,0,0,5,0,18,4,9,41.96913801,-87.6598213,POINT (-87.659821302405 41.969138014238)
JC448387,,9/25/2019 18:00,30,NO CONTROLS,NO CONTROLS,CLEAR,DAYLIGHT,PARKED MOTOR VEHICLE,NOT DIVIDED,,STRAIGHT AND LEVEL,DRY,NO DEFECTS,NOT ON SCENE (DESK REPORT),NO INJURY / DRIVE AWAY,,,,"OVER $1,500",9/25/2019 19:00,UNABLE TO DETERMINE,NOT APPLICABLE,5500,N,CLARK ST,2012,,,,,,,2,NO INDICATION OF INJURY,0,0,0,0,0,1,0,18,4,9,41.98170562,-87.66858092,POINT (-87.668580917559 41.981705621386)
JC448358,,9/25/2019 18:00,30,STOP SIGN/FLASHER,FUNCTIONING PROPERLY,CLEAR,DAYLIGHT,ANGLE,NOT DIVIDED,,STRAIGHT AND LEVEL,UNKNOWN,UNKNOWN,NOT ON SCENE (DESK REPORT),NO INJURY / DRIVE AWAY,Y,,,"$501 - $1,500",9/25/2019 18:45,UNABLE TO DETERMINE,UNABLE TO DETERMINE,1738,W,MONTROSE AVE,1912,,,,,,,2,NO INDICATION OF INJURY,0,0,0,0,0,2,0,18,4,9,41.96165887,-87.67234161,POINT (-87.67234160862 41.961658873128)
JC448332,,9/25/2019 18:00,35,TRAFFIC SIGNAL,FUNCTIONING PROPERLY,CLEAR,DUSK,REAR END,NOT DIVIDED,,STRAIGHT AND LEVEL,DRY,NO DEFECTS,NOT ON SCENE (DESK REPORT),NO INJURY / DRIVE AWAY,Y,,Y,"$501 - $1,500",9/25/2019 18:25,UNABLE TO DETERMINE,UNABLE TO DETERMINE,5415,W,NORTH AVE,2532,,,,,,,3,NO INDICATION OF INJURY,0,0,0,0,0,3,0,18,4,9,41.90932112,-87.76120029,POINT (-87.761200285853 41.909321122852)
JC448340,,9/25/2019 17:50,30,TRAFFIC SIGNAL,FUNCTIONING PROPERLY,CLEAR,DAYLIGHT,REAR END,NOT DIVIDED,,STRAIGHT AND LEVEL,DRY,NO DEFECTS,NOT ON SCENE (DESK REPORT),NO INJURY / DRIVE AWAY,,,,"OVER $1,500",9/25/2019 18:20,FOLLOWING TOO CLOSELY,UNABLE TO DETERMINE,6199,N,JERSEY AVE,1711,,,,,,,2,NO INDICATION OF INJURY,0,0,0,0,0,4,0,17,4,9,41.99293502,-87.71140957,POINT (-87.711409569719 41.992935022427)
JC448290,,9/25/2019 17:50,30,NO CONTROLS,NO CONTROLS,CLEAR,DAYLIGHT,REAR END,NOT DIVIDED,,STRAIGHT AND LEVEL,DRY,NO DEFECTS,NOT ON SCENE (DESK REPORT),NO INJURY / DRIVE AWAY,,,,"OVER $1,500",9/25/2019 18:00,FOLLOWING TOO CLOSELY,FOLLOWING TOO CLOSELY,6200,S,WESTERN AVE,825,,,,,,,2,NO INDICATION OF INJURY,0,0,0,0,0,2,0,17,4,9,41.7809601,-87.68383373,POINT (-87.683833726235 41.780960095909)
JC448264,,9/25/2019 17:50,35,NO CONTROLS,NO CONTROLS,CLEAR,DAYLIGHT,SIDESWIPE SAME DIRECTION,DIVIDED - W/MEDIAN (NOT RAISED),,STRAIGHT AND LEVEL,DRY,NO DEFECTS,ON SCENE,NO INJURY / DRIVE AWAY,,,,"$501 - $1,500",9/25/2019 17:55,IMPROPER OVERTAKING/PASSING,NOT APPLICABLE,710,N,FAIRBANKS CT,1834,,,,,,,2,NO INDICATION OF INJURY,0,0,0,0,0,2,0,17,4,9,41.8954036,-87.62048261,POINT (-87.620482607643 41.895403599474)
JC448352,,9/25/2019 17:49,30,TRAFFIC SIGNAL,FUNCTIONING PROPERLY,CLEAR,DAYLIGHT,TURNING,NOT DIVIDED,,STRAIGHT AND LEVEL,UNKNOWN,UNKNOWN,NOT ON SCENE (DESK REPORT),NO INJURY / DRIVE AWAY,Y,,,"$501 - $1,500",9/25/2019 18:35,IMPROPER TURNING/NO SIGNAL,IMPROPER OVERTAKING/PASSING,500,W,IRVING PARK DR,1925,,,,,,,2,NO INDICATION OF INJURY,0,0,0,0,0,2,0,17,4,9,41.95476962,-87.64419973,POINT (-87.64419972807 41.954769616926)