RD_NO,CRASH_DATE_EST_I,CRASH_DATE,POSTED_SPEED_LIMIT,TRAFFIC_CONTROL_DEVICE,DEVICE_CONDITION,WEATHER_CONDITION,LIGHTING_CONDITION,FIRST_CRASH_TYPE,TRAFFICWAY_TYPE,LANE_CNT,ALIGNMENT,ROADWAY_SURFACE_COND,ROAD_DEFECT,REPORT_TYPE,CRASH_TYPE,INTERSECTION_RELATED_I,NOT_RIGHT_OF_WAY_I,HIT_AND_RUN_I,DAMAGE,DATE_POLICE_NOTIFIED,PRIM_CONTRIBUTORY_CAUSE,SEC_CONTRIBUTORY_CAUSE,STREET_NO,STREET_DIRECTION,STREET_NAME,BEAT_OF_OCCURRENCE,PHOTOS_TAKEN_I,STATEMENTS_TAKEN_I,DOORING_I,WORK_ZONE_I,WORK_ZONE_TYPE,WORKERS_PRESENT_I,NUM_UNITS,MOST_SEVERE_INJURY,INJURIES_TOTAL,INJURIES_FATAL,INJURIES_INCAPACITATING,INJURIES_NON_INCAPACITATING,INJURIES_REPORTED_NOT_EVIDENT,INJURIES_NO_INDICATION,INJURIES_UNKNOWN,CRASH_HOUR,CRASH_DAY_OF_WEEK,CRASH_MONTH,LATITUDE,LONGITUDE,LOCATION
JC448302,N,9/25/2019 17:47,30,STOP SIGN/FLASHER,NO CONTROLS,CLEAR,DAYLIGHT,ANGLE,FOUR WAY,,STRAIGHT AND LEVEL,DRY,UNKNOWN,ON SCENE,INJURY AND / OR TOW DUE TO CRASH,Y,,,"OVER $1,500",9/25/2019 17:51,UNABLE TO DETERMINE,UNABLE TO DETERMINE,1000,N,LAMON AVE,1531,,,,,,,2,NO INDICATION OF INJURY,0,0,0,0,0,3,0,17,4,9,41.89869875,-87.74848929,POINT (-87.748489285002 41.898698745067)
JC448342,,9/25/2019 17:45,30,NO CONTROLS,NO CONTROLS,CLEAR,"DARKNESS, LIGHTED ROAD",TURNING,NOT DIVIDED,,STRAIGHT AND LEVEL,DRY,NO DEFECTS,NOT ON SCENE (DESK REPORT),NO INJURY / DRIVE AWAY,,,,"$501 - $1,500",9/25/2019 18:30,UNABLE TO DETERMINE,UNABLE TO DETERMINE,3701,N,HARLEM AVE,1632,,,,,,,2,NO INDICATION OF INJURY,0,0,0,0,0,2,0,17,4,9,41.94717346,-87.80692449,POINT (-87.806924492195 41.947173458968)
JC448308,,9/25/2019 17:45,30,STOP SIGN/FLASHER,FUNCTIONING PROPERLY,CLEAR,DAYLIGHT,PEDESTRIAN,ROUNDABOUT,,STRAIGHT AND LEVEL,DRY,NO DEFECTS,ON SCENE,INJURY AND / OR TOW DUE TO CRASH,Y,,Y,$500 OR LESS,9/25/2019 18:00,UNABLE TO DETERMINE,UNABLE TO DETERMINE,4300,W,WEST END AVE,1114,,,,,,,2,NONINCAPACITATING INJURY,1,0,0,1,0,1,0,17,4,9,41.88338349,-87.73317251,POINT (-87.733172509948 41.883383490256)
JC448275,,9/25/2019 17:43,30,STOP SIGN/FLASHER,UNKNOWN,CLEAR,DAYLIGHT,REAR TO SIDE,FOUR WAY,,STRAIGHT AND LEVEL,DRY,NO DEFECTS,NOT ON SCENE (DESK REPORT),NO INJURY / DRIVE AWAY,,,Y,"$501 - $1,500",9/25/2019 17:45,DISREGARDING STOP SIGN,UNABLE TO DETERMINE,3400,W,MONROE ST,1123,,,,,,,2,NO INDICATION OF INJURY,0,0,0,0,0,4,0,17,4,9,41.8796994,-87.71109862,POINT (-87.711098615375 41.879699396864)
JC448322,,9/25/2019 17:36,30,TRAFFIC SIGNAL,UNKNOWN,CLEAR,DAYLIGHT,REAR END,NOT DIVIDED,,STRAIGHT AND LEVEL,DRY,UNKNOWN,NOT ON SCENE (DESK REPORT),NO INJURY / DRIVE AWAY,,,,"$501 - $1,500",9/25/2019 18:26,UNABLE TO DETERMINE,UNABLE TO DETERMINE,3052,W,111TH ST,2211,,,,,,,2,NO INDICATION OF INJURY,0,0,0,0,0,3,0,17,4,9,41.69171107,-87.69809942,POINT (-87.698099419373 41.69171107166)
JC451041,,9/25/2019 17:30,30,NO CONTROLS,NO CONTROLS,CLEAR,DAYLIGHT,TURNING,NOT DIVIDED,,STRAIGHT AND LEVEL,DRY,NO DEFECTS,NOT ON SCENE (DESK REPORT),NO INJURY / DRIVE AWAY,,,,"OVER $1,500",9/27/2019 19:40,DISREGARDING ROAD MARKINGS,UNABLE TO DETERMINE,7200,W,ADDISON ST,1631,,,,,,,2,NO INDICATION OF INJURY,0,0,0,0,0,2,0,17,4,9,41.94537336,-87.80707033,POINT (-87.807070325611 41.945373358092)
JC449860,Y,9/25/2019 17:30,10,NO CONTROLS,NO CONTROLS,UNKNOWN,UNKNOWN,PARKED MOTOR VEHICLE,PARKING LOT,,STRAIGHT AND LEVEL,UNKNOWN,UNKNOWN,NOT ON SCENE (DESK REPORT),NO INJURY / DRIVE AWAY,,,Y,"OVER $1,500",9/26/2019 21:00,UNABLE TO DETERMINE,NOT APPLICABLE,3700,N,WESTERN AVE,1921,,,,,,,2,NO INDICATION OF INJURY,0,0,0,0,0,1,0,17,4,9,41.94863688,-87.68845751,POINT (-87.688457506457 41.948636883802)
JC448316,,9/25/2019 17:20,30,TRAFFIC SIGNAL,FUNCTIONING PROPERLY,CLEAR,DAYLIGHT,REAR END,FOUR WAY,,STRAIGHT AND LEVEL,DRY,NO DEFECTS,NOT ON SCENE (DESK REPORT),NO INJURY / DRIVE AWAY,Y,,,"OVER $1,500",9/25/2019 18:10,UNABLE TO DETERMINE,NOT APPLICABLE,6100,S,WESTERN AVE,825,,,,,,,2,NO INDICATION OF INJURY,0,0,0,0,0,2,0,17,4,9,41.7828162,-87.683886,POINT (-87.683885994582 41.782816203429)
JC448301,,9/25/2019 17:20,30,TRAFFIC SIGNAL,FUNCTIONING PROPERLY,CLEAR,DAYLIGHT,TURNING,"FIVE POINT, OR MORE",,STRAIGHT AND LEVEL,DRY,NO DEFECTS,ON SCENE,NO INJURY / DRIVE AWAY,Y,,,"OVER $1,500",9/25/2019 17:35,FAILING TO YIELD RIGHT-OF-WAY,FAILING TO REDUCE SPEED TO AVOID CRASH,600,W,127TH ST,523,,,,,,,2,NO INDICATION OF INJURY,0,0,0,0,0,3,0,17,4,9,41.66336881,-87.63666753,POINT (-87.636667525519 41.663368814348)
JC448273,,9/25/2019 17:20,30,NO CONTROLS,NO CONTROLS,CLEAR,DAYLIGHT,PEDALCYCLIST,ONE-WAY,,STRAIGHT AND LEVEL,DRY,NO DEFECTS,ON SCENE,INJURY AND / OR TOW DUE TO CRASH,Y,,,$500 OR LESS,9/25/2019 17:21,IMPROPER LANE USAGE,NOT APPLICABLE,11637,S,WESTERN AVE,2212,,,,,,,2,NONINCAPACITATING INJURY,1,0,0,1,0,1,0,17,4,9,41.68157532,-87.68068967,POINT (-87.680689665162 41.681575317499)
JC448280,,9/25/2019 17:15,30,TRAFFIC SIGNAL,UNKNOWN,CLEAR,DAYLIGHT,REAR END,NOT DIVIDED,,STRAIGHT AND LEVEL,DRY,UNKNOWN,NOT ON SCENE (DESK REPORT),NO INJURY / DRIVE AWAY,,,,"$501 - $1,500",9/25/2019 17:30,UNABLE TO DETERMINE,UNABLE TO DETERMINE,10302,S,TORRENCE AVE,434,,,,,,,2,NO INDICATION OF INJURY,0,0,0,0,0,2,0,17,4,9,41.70802254,-87.55980565,POINT (-87.559805653853 41.708022534727)
JC448259,,9/25/2019 17:15,35,TRAFFIC SIGNAL,FUNCTIONING PROPERLY,CLEAR,DAYLIGHT,REAR END,NOT DIVIDED,,STRAIGHT AND LEVEL,DRY,NO DEFECTS,NOT ON SCENE (DESK REPORT),NO INJURY / DRIVE AWAY,,,,"OVER $1,500",9/25/2019 17:40,FAILING TO REDUCE SPEED TO AVOID CRASH,NOT APPLICABLE,4400,S,PULASKI RD,815,,,,,,,2,NO INDICATION OF INJURY,0,0,0,0,0,2,0,17,4,9,41.8132716,-87.72393521,POINT (-87.723935214329 41.813271598175)
JC448255,,9/25/2019 17:15,30,NO CONTROLS,NO CONTROLS,CLEAR,DUSK,REAR END,DIVIDED - W/MEDIAN (NOT RAISED),,STRAIGHT AND LEVEL,DRY,NO DEFECTS,ON SCENE,INJURY AND / OR TOW DUE TO CRASH,,,,"OVER $1,500",9/25/2019 17:15,FAILING TO REDUCE SPEED TO AVOID CRASH,NOT APPLICABLE,621,N,WESTERN AVE,1221,,,,,,,2,NONINCAPACITATING INJURY,1,0,0,1,0,1,0,17,4,9,41.89278752,-87.68661028,POINT (-87.686610281722 41.89278751681)
JC448253,,9/25/2019 17:15,30,NO CONTROLS,FUNCTIONING PROPERLY,CLEAR,DAYLIGHT,PARKED MOTOR VEHICLE,DIVIDED - W/MEDIAN BARRIER,,STRAIGHT AND LEVEL,DRY,NO DEFECTS,ON SCENE,INJURY AND / OR TOW DUE TO CRASH,,,,"OVER $1,500",9/25/2019 17:15,UNABLE TO DETERMINE,EQUIPMENT - VEHICLE CONDITION,1735,W,DIVISION ST,1213,,,,,,,2,NO INDICATION OF INJURY,0,0,0,0,0,3,0,17,4,9,41.90317507,-87.67122437,POINT (-87.671224369012 41.903175064584)
JC448289,,9/25/2019 17:13,40,NO CONTROLS,NO CONTROLS,CLEAR,DAYLIGHT,REAR END,NOT DIVIDED,,STRAIGHT AND LEVEL,DRY,NO DEFECTS,ON SCENE,INJURY AND / OR TOW DUE TO CRASH,,,,"OVER $1,500",9/25/2019 17:34,UNABLE TO DETERMINE,UNABLE TO DETERMINE,13051,S,TORRENCE AVE,433,,,,,,,2,NO INDICATION OF INJURY,0,0,0,0,0,3,0,17,4,9,41.65765229,-87.5591444,POINT (-87.559144398143 41.65765229356)
JC448354,,9/25/2019 17:11,30,TRAFFIC SIGNAL,FUNCTIONING PROPERLY,CLEAR,DUSK,PEDESTRIAN,DIVIDED - W/MEDIAN BARRIER,,STRAIGHT AND LEVEL,DRY,NO DEFECTS,ON SCENE,INJURY AND / OR TOW DUE TO CRASH,Y,,Y,$500 OR LESS,9/25/2019 18:40,FAILING TO YIELD RIGHT-OF-WAY,NOT APPLICABLE,499,N,MICHIGAN AVE,1834,,,,,,,2,NONINCAPACITATING INJURY,1,0,0,1,0,1,0,17,4,9,41.89089644,-87.62398102,POINT (-87.62398101673 41.89089644229)
JC448379,,9/25/2019 17:10,30,STOP SIGN/FLASHER,FUNCTIONING PROPERLY,CLEAR,DAYLIGHT,REAR END,DIVIDED - W/MEDIAN (NOT RAISED),,STRAIGHT AND LEVEL,DRY,NO DEFECTS,NOT ON SCENE (DESK REPORT),NO INJURY / DRIVE AWAY,,,,"$501 - $1,500",9/25/2019 18:45,UNABLE TO DETERMINE,NOT APPLICABLE,3412,E,134TH ST,433,,,,,,,2,NO INDICATION OF INJURY,0,0,0,0,0,2,0,17,4,9,41.6519543,-87.54049118,POINT (-87.540491180368 41.651954302897)
JC448240,,9/25/2019 17:08,30,TRAFFIC SIGNAL,FUNCTIONING PROPERLY,CLEAR,DAYLIGHT,SIDESWIPE SAME DIRECTION,DIVIDED - W/MEDIAN (NOT RAISED),,STRAIGHT AND LEVEL,DRY,NO DEFECTS,NOT ON SCENE (DESK REPORT),NO INJURY / DRIVE AWAY,,,,"$501 - $1,500",9/25/2019 17:30,IMPROPER OVERTAKING/PASSING,NOT APPLICABLE,1200,S,ASHLAND AVE,1233,,,,,,,2,NO INDICATION OF INJURY,0,0,0,0,0,2,0,17,4,9,41.86681578,-87.66652926,POINT (-87.666529262922 41.86681578431)
JC448238,,9/25/2019 17:07,30,NO CONTROLS,NO CONTROLS,CLEAR,DAYLIGHT,TURNING,NOT DIVIDED,,STRAIGHT AND LEVEL,DRY,NO DEFECTS,ON SCENE,INJURY AND / OR TOW DUE TO CRASH,,,,"OVER $1,500",9/25/2019 17:15,IMPROPER TURNING/NO SIGNAL,NOT APPLICABLE,3259,E,95TH ST,431,,,,,,,2,NO INDICATION OF INJURY,0,0,0,0,0,2,0,17,4,9,41.7227327,-87.54453083,POINT (-87.544530829903 41.722732694606)
JC448648,,9/25/2019 17:00,30,NO CONTROLS,NO CONTROLS,CLEAR,DAYLIGHT,PARKED MOTOR VEHICLE,DIVIDED - W/MEDIAN (NOT RAISED),,STRAIGHT AND LEVEL,DRY,NO DEFECTS,NOT ON SCENE (DESK REPORT),NO INJURY / DRIVE AWAY,,,Y,"$501 - $1,500",9/25/2019 23:30,DRIVING SKILLS/KNOWLEDGE/EXPERIENCE,DRIVING SKILLS/KNOWLEDGE/EXPERIENCE,4542,N,HAZEL ST,1914,,,,,,,2,NO INDICATION OF INJURY,0,0,0,0,0,1,0,17,4,9,41.96497383,-87.65253847,POINT (-87.652538467487 41.964973830739)
JC448310,Y,9/25/2019 17:00,30,STOP SIGN/FLASHER,FUNCTIONING PROPERLY,CLEAR,DAYLIGHT,PEDESTRIAN,ONE-WAY,,STRAIGHT AND LEVEL,DRY,NO DEFECTS,NOT ON SCENE (DESK REPORT),INJURY AND / OR TOW DUE TO CRASH,,,,$500 OR LESS,9/25/2019 17:40,FAILING TO REDUCE SPEED TO AVOID CRASH,FAILING TO YIELD RIGHT-OF-WAY,2100,W,BARRY AVE,1931,,,,,,,2,"REPORTED, NOT EVIDENT",1,0,0,0,1,1,0,17,4,9,41.93783049,-87.68079111,POINT (-87.680791109779 41.937830485479)
JC448222,,9/25/2019 17:00,30,NO CONTROLS,NO CONTROLS,CLEAR,DAYLIGHT,TURNING,NOT DIVIDED,,STRAIGHT AND LEVEL,DRY,NO DEFECTS,ON SCENE,NO INJURY / DRIVE AWAY,,,,"OVER $1,500",9/25/2019 17:00,FAILING TO REDUCE SPEED TO AVOID CRASH,IMPROPER TURNING/NO SIGNAL,11647,S,VINCENNES AVE,2234,,,,,,,2,NO INDICATION OF INJURY,0,0,0,0,0,3,0,17,4,9,41.6821112,-87.66903597,POINT (-87.669035965153 41.682111200919)
JC448224,,9/25/2019 16:58,25,TRAFFIC SIGNAL,FUNCTIONING PROPERLY,CLEAR,DAYLIGHT,PEDALCYCLIST,T-INTERSECTION,,STRAIGHT AND LEVEL,DRY,NO DEFECTS,ON SCENE,INJURY AND / OR TOW DUE TO CRASH,Y,,,"$501 - $1,500",9/25/2019 17:03,"VISION OBSCURED (SIGNS, TREE LIMBS, BUILDINGS, ETC.)",NOT APPLICABLE,2200,E,MARQUETTE DR,331,,,,,,,2,NONINCAPACITATING INJURY,1,0,0,1,0,1,0,16,4,9,41.77567903,-87.57171366,POINT (-87.57171366417 41.775679027941)
JC448241,,9/25/2019 16:55,30,STOP SIGN/FLASHER,FUNCTIONING PROPERLY,CLEAR,DAYLIGHT,PARKED MOTOR VEHICLE,ONE-WAY,,STRAIGHT AND LEVEL,DRY,NO DEFECTS,ON SCENE,NO INJURY / DRIVE AWAY,,,,"OVER $1,500",9/25/2019 16:56,FAILING TO REDUCE SPEED TO AVOID CRASH,NOT APPLICABLE,2057,N,SEMINARY AVE,1811,,,,,,,2,NO INDICATION OF INJURY,0,0,0,0,0,3,0,16,4,9,41.91974142,-87.65570184,POINT (-87.655701841685 41.919741417813)
JC448237,,9/25/2019 16:55,30,STOP SIGN/FLASHER,FUNCTIONING PROPERLY,CLEAR,DAYLIGHT,TURNING,FOUR WAY,,STRAIGHT AND LEVEL,DRY,NO DEFECTS,ON SCENE,NO INJURY / DRIVE AWAY,Y,,,"OVER $1,500",9/25/2019 17:06,FOLLOWING TOO CLOSELY,NOT APPLICABLE,1400,W,BRYN MAWR AVE,2013,,,,,,,2,NO INDICATION OF INJURY,0,0,0,0,0,19,0,16,4,9,41.98365598,-87.66508534,POINT (-87.66508534277 41.983655982911)
JC448311,,9/25/2019 16:45,30,UNKNOWN,UNKNOWN,CLEAR,DAYLIGHT,HEAD ON,UNKNOWN,,STRAIGHT AND LEVEL,DRY,NO DEFECTS,NOT ON SCENE (DESK REPORT),NO INJURY / DRIVE AWAY,,,Y,"OVER $1,500",9/25/2019 18:00,UNABLE TO DETERMINE,UNABLE TO DETERMINE,4601,S,INDIANA AVE,215,,,,,,,2,NO INDICATION OF INJURY,0,0,0,0,0,2,0,16,4,9,41.81103652,-87.62111124,POINT (-87.621111242086 41.811036517401)
JC448144,,9/25/2019 16:43,30,NO CONTROLS,NO CONTROLS,CLEAR,DAYLIGHT,SIDESWIPE SAME DIRECTION,OTHER,,STRAIGHT AND LEVEL,DRY,NO DEFECTS,ON SCENE,NO INJURY / DRIVE AWAY,,,Y,$500 OR LESS,9/25/2019 17:00,UNABLE TO DETERMINE,UNABLE TO DETERMINE,1651,E,95TH ST,431,,,,,,,2,NO INDICATION OF INJURY,0,0,0,0,0,2,0,16,4,9,41.72226152,-87.58307194,POINT (-87.583071944146 41.722261518618)
JC448254,,9/25/2019 16:42,35,NO CONTROLS,NO CONTROLS,CLEAR,DAYLIGHT,REAR END,NOT DIVIDED,,STRAIGHT AND LEVEL,DRY,NO DEFECTS,NOT ON SCENE (DESK REPORT),NO INJURY / DRIVE AWAY,Y,,,"OVER $1,500",9/25/2019 17:25,FOLLOWING TOO CLOSELY,UNABLE TO DETERMINE,6800,S,JEFFERY BLVD,332,,,,,,,3,NO INDICATION OF INJURY,0,0,0,0,0,3,0,16,4,9,41.77153538,-87.57659198,POINT (-87.576591982646 41.77153537983)
JC448193,,9/25/2019 16:40,10,NO CONTROLS,NO CONTROLS,CLEAR,DAYLIGHT,ANGLE,PARKING LOT,,STRAIGHT AND LEVEL,DRY,NO DEFECTS,NOT ON SCENE (DESK REPORT),NO INJURY / DRIVE AWAY,,Y,,"$501 - $1,500",9/25/2019 17:00,IMPROPER BACKING,UNABLE TO DETERMINE,3531,N,BROADWAY,1925,,,,,,,2,NO INDICATION OF INJURY,0,0,0,0,0,2,0,16,4,9,41.94638465,-87.64652486,POINT (-87.646524863347 41.946384651554)
JC448267,,9/25/2019 16:35,30,NO CONTROLS,NO CONTROLS,CLEAR,DAYLIGHT,REAR END,NOT DIVIDED,,STRAIGHT AND LEVEL,DRY,NO DEFECTS,NOT ON SCENE (DESK REPORT),NO INJURY / DRIVE AWAY,Y,,Y,"$501 - $1,500",9/25/2019 17:49,UNABLE TO DETERMINE,UNABLE TO DETERMINE,827,W,RANDOLPH ST,1224,,,,,,,2,NO INDICATION OF INJURY,0,0,0,0,0,2,0,16,4,9,41.88427929,-87.64854178,POINT (-87.648541780275 41.884279288855)
JC448227,,9/25/2019 16:34,30,TRAFFIC SIGNAL,FUNCTIONING PROPERLY,CLEAR,DAYLIGHT,PEDESTRIAN,NOT DIVIDED,,STRAIGHT AND LEVEL,DRY,NO DEFECTS,ON SCENE,INJURY AND / OR TOW DUE TO CRASH,Y,,Y,$500 OR LESS,9/25/2019 16:37,UNABLE TO DETERMINE,UNABLE TO DETERMINE,351,N,CENTRAL AVE,1523,,,,,,,2,NONINCAPACITATING INJURY,1,0,0,1,0,1,0,16,4,9,41.88727336,-87.76496087,POINT (-87.764960865948 41.887273363624)
JC456184,,9/25/2019 16:30,20,NO CONTROLS,NO CONTROLS,CLEAR,DAYLIGHT,ANGLE,ONE-WAY,,STRAIGHT AND LEVEL,DRY,NO DEFECTS,NOT ON SCENE (DESK REPORT),NO INJURY / DRIVE AWAY,,,Y,"OVER $1,500",10/1/2019 18:45,UNABLE TO DETERMINE,UNABLE TO DETERMINE,1738,W,ROSCOE ST,1922,,,,,,,2,NO INDICATION OF INJURY,0,0,0,0,0,2,0,16,4,9,41.94339838,-87.6727095,POINT (-87.672709495228 41.943398375549)
JC448291,,9/25/2019 16:30,30,STOP SIGN/FLASHER,FUNCTIONING PROPERLY,CLEAR,DAYLIGHT,ANGLE,DIVIDED - W/MEDIAN BARRIER,,STRAIGHT AND LEVEL,WET,NO DEFECTS,NOT ON SCENE (DESK REPORT),NO INJURY / DRIVE AWAY,,,,"$501 - $1,500",9/25/2019 17:55,IMPROPER LANE USAGE,IMPROPER LANE USAGE,3500,W,79TH ST,835,,,,,,,2,NO INDICATION OF INJURY,0,0,0,0,0,2,0,16,4,9,41.74986591,-87.70982317,POINT (-87.709823170859 41.749865907406)
JC448172,,9/25/2019 16:30,20,STOP SIGN/FLASHER,FUNCTIONING PROPERLY,CLEAR,DAYLIGHT,SIDESWIPE SAME DIRECTION,NOT DIVIDED,,STRAIGHT AND LEVEL,DRY,NO DEFECTS,ON SCENE,NO INJURY / DRIVE AWAY,,,,$500 OR LESS,9/25/2019 16:36,FAILING TO YIELD RIGHT-OF-WAY,FOLLOWING TOO CLOSELY,1430,E,HYDE PARK BLVD,222,,,,,,,2,NO INDICATION OF INJURY,0,0,0,0,0,2,0,16,4,9,41.80254657,-87.59057611,POINT (-87.590576104502 41.802546572724)
JC448217,,9/25/2019 16:29,30,STOP SIGN/FLASHER,FUNCTIONING PROPERLY,CLEAR,DAYLIGHT,ANGLE,UNKNOWN INTERSECTION TYPE,,STRAIGHT AND LEVEL,DRY,NO DEFECTS,ON SCENE,INJURY AND / OR TOW DUE TO CRASH,Y,,,"OVER $1,500",9/25/2019 16:43,DISREGARDING STOP SIGN,NOT APPLICABLE,1851,W,CONGRESS PKWY,1231,,,,,,,2,NO INDICATION OF INJURY,0,0,0,0,0,6,0,16,4,9,41.87495486,-87.67356166,POINT (-87.67356166437 41.87495485739)
JC448142,,9/25/2019 16:25,30,TRAFFIC SIGNAL,FUNCTIONING PROPERLY,CLEAR,DAYLIGHT,REAR END,NOT DIVIDED,,STRAIGHT AND LEVEL,DRY,NO DEFECTS,ON SCENE,INJURY AND / OR TOW DUE TO CRASH,,,,"OVER $1,500",9/25/2019 16:40,UNABLE TO DETERMINE,NOT APPLICABLE,1042,N,MILWAUKEE AVE,1213,,,,,,,2,NO INDICATION OF INJURY,0,0,0,0,0,4,0,16,4,9,41.90070393,-87.66256863,POINT (-87.662568633072 41.900703926284)
JC448160,,9/25/2019 16:22,30,TRAFFIC SIGNAL,FUNCTIONING PROPERLY,CLEAR,DAYLIGHT,TURNING,ONE-WAY,,STRAIGHT AND LEVEL,DRY,NO DEFECTS,ON SCENE,INJURY AND / OR TOW DUE TO CRASH,,,,"OVER $1,500",9/25/2019 16:22,NOT APPLICABLE,UNABLE TO DETERMINE,199,N,DEARBORN ST,111,,,,,,,2,"REPORTED, NOT EVIDENT",1,0,0,0,1,1,0,16,4,9,41.88571652,-87.62934962,POINT (-87.629349614796 41.885716515717)
JC448249,Y,9/25/2019 16:20,30,TRAFFIC SIGNAL,FUNCTIONING PROPERLY,CLEAR,DAYLIGHT,TURNING,FOUR WAY,,STRAIGHT AND LEVEL,DRY,NO DEFECTS,ON SCENE,INJURY AND / OR TOW DUE TO CRASH,Y,,,"OVER $1,500",9/25/2019 16:24,FAILING TO YIELD RIGHT-OF-WAY,UNABLE TO DETERMINE,3200,W,ROOSEVELT RD,1134,,,,,,,2,NO INDICATION OF INJURY,0,0,0,0,0,3,0,16,4,9,41.86651389,-87.7057336,POINT (-87.705733599026 41.866513888192)
JC448163,,9/25/2019 16:20,30,STOP SIGN/FLASHER,FUNCTIONING PROPERLY,CLEAR,DAYLIGHT,ANGLE,DIVIDED - W/MEDIAN BARRIER,,STRAIGHT AND LEVEL,DRY,NO DEFECTS,ON SCENE,INJURY AND / OR TOW DUE TO CRASH,Y,,,"OVER $1,500",9/25/2019 16:27,FAILING TO YIELD RIGHT-OF-WAY,IMPROPER TURNING/NO SIGNAL,1701,N,HUMBOLDT BLVD,1421,,,,,,,2,NO INDICATION OF INJURY,0,0,0,0,0,3,0,16,4,9,41.91222945,-87.70178288,POINT (-87.701782881412 41.912229446515)
JC448153,,9/25/2019 16:20,30,NO CONTROLS,NO CONTROLS,CLEAR,DAYLIGHT,SIDESWIPE SAME DIRECTION,NOT DIVIDED,,STRAIGHT AND LEVEL,DRY,NO DEFECTS,NOT ON SCENE (DESK REPORT),NO INJURY / DRIVE AWAY,,,,"$501 - $1,500",9/25/2019 16:44,UNABLE TO DETERMINE,UNABLE TO DETERMINE,731,N,OGDEN AVE,1214,,,,,,,2,NO INDICATION OF INJURY,0,0,0,0,0,3,0,16,4,9,41.89516406,-87.65539696,POINT (-87.655396960434 41.895164058962)
JC448176,,9/25/2019 16:16,30,STOP SIGN/FLASHER,FUNCTIONING PROPERLY,CLEAR,DAYLIGHT,PARKED MOTOR VEHICLE,NOT DIVIDED,,STRAIGHT AND LEVEL,DRY,NO DEFECTS,ON SCENE,NO INJURY / DRIVE AWAY,,,,"OVER $1,500",9/25/2019 16:26,UNABLE TO DETERMINE,UNABLE TO DETERMINE,1902,W,17TH ST,1234,,,,,,,2,NO INDICATION OF INJURY,0,0,0,0,0,2,0,16,4,9,41.85871431,-87.67377143,POINT (-87.673771428319 41.858714312189)
JC448838,,9/25/2019 16:15,30,TRAFFIC SIGNAL,FUNCTIONING PROPERLY,CLEAR,DAYLIGHT,REAR END,DIVIDED - W/MEDIAN (NOT RAISED),,STRAIGHT AND LEVEL,DRY,NO DEFECTS,NOT ON SCENE (DESK REPORT),NO INJURY / DRIVE AWAY,,,,$500 OR LESS,9/26/2019 7:50,UNABLE TO DETERMINE,UNABLE TO DETERMINE,2405,W,IRVING PARK RD,1921,,,,,,,2,NO INDICATION OF INJURY,0,0,0,0,0,3,0,16,4,9,41.95389899,-87.68873322,POINT (-87.688733216083 41.953898988913)
JC448235,,9/25/2019 16:15,30,TRAFFIC SIGNAL,FUNCTIONING IMPROPERLY,CLEAR,DAYLIGHT,PARKED MOTOR VEHICLE,NOT DIVIDED,,STRAIGHT AND LEVEL,DRY,NO DEFECTS,NOT ON SCENE (DESK REPORT),NO INJURY / DRIVE AWAY,,,Y,"$501 - $1,500",9/25/2019 17:15,IMPROPER OVERTAKING/PASSING,FOLLOWING TOO CLOSELY,9621,S,WENTWORTH AVE,511,,,,,,,2,NO INDICATION OF INJURY,0,0,0,0,0,1,0,16,4,9,41.71918645,-87.62845697,POINT (-87.628456967225 41.719186451559)
JC448180,,9/25/2019 16:10,35,NO CONTROLS,NO CONTROLS,CLEAR,DAYLIGHT,SIDESWIPE SAME DIRECTION,DIVIDED - W/MEDIAN (NOT RAISED),,STRAIGHT AND LEVEL,DRY,NO DEFECTS,ON SCENE,NO INJURY / DRIVE AWAY,,,,$500 OR LESS,9/25/2019 16:10,IMPROPER OVERTAKING/PASSING,NOT APPLICABLE,1598,E,95TH ST,413,,,,,,,2,NO INDICATION OF INJURY,0,0,0,0,0,2,0,16,4,9,41.72244838,-87.58521161,POINT (-87.585211605863 41.722448382529)
JC448324,,9/25/2019 16:06,35,NO CONTROLS,NO CONTROLS,CLEAR,DAYLIGHT,TURNING,NOT DIVIDED,,STRAIGHT AND LEVEL,DRY,NO DEFECTS,NOT ON SCENE (DESK REPORT),INJURY AND / OR TOW DUE TO CRASH,,,,"$501 - $1,500",9/25/2019 18:14,UNABLE TO DETERMINE,NOT APPLICABLE,6456,S,CICERO AVE,813,,,,,,,2,NO INDICATION OF INJURY,0,0,0,0,0,2,0,16,4,9,41.774923,-87.74232096,POINT (-87.742320959553 41.774922994541)
JC448192,,9/25/2019 16:06,30,STOP SIGN/FLASHER,FUNCTIONING PROPERLY,CLEAR,DAYLIGHT,REAR END,NOT DIVIDED,,STRAIGHT AND LEVEL,DRY,NO DEFECTS,NOT ON SCENE (DESK REPORT),NO INJURY / DRIVE AWAY,,,,$500 OR LESS,9/25/2019 17:00,FOLLOWING TOO CLOSELY,UNABLE TO DETERMINE,199,W,76TH ST,623,,,,,,,2,NO INDICATION OF INJURY,0,0,0,0,0,3,0,16,4,9,41.75622162,-87.62950585,POINT (-87.62950584644 41.756221623038)
JC448236,,9/25/2019 16:05,30,NO CONTROLS,UNKNOWN,CLEAR,DAYLIGHT,REAR END,T-INTERSECTION,,STRAIGHT AND LEVEL,DRY,NO DEFECTS,ON SCENE,NO INJURY / DRIVE AWAY,Y,,,$500 OR LESS,9/25/2019 17:10,FOLLOWING TOO CLOSELY,UNABLE TO DETERMINE,7833,S,KEDZIE AVE,835,,,,,,,2,NO INDICATION OF INJURY,0,0,0,0,0,6,0,16,4,9,41.75053917,-87.70228243,POINT (-87.702282426376 41.750539173028)