RD_NO,CRASH_DATE_EST_I,CRASH_DATE,POSTED_SPEED_LIMIT,TRAFFIC_CONTROL_DEVICE,DEVICE_CONDITION,WEATHER_CONDITION,LIGHTING_CONDITION,FIRST_CRASH_TYPE,TRAFFICWAY_TYPE,LANE_CNT,ALIGNMENT,ROADWAY_SURFACE_COND,ROAD_DEFECT,REPORT_TYPE,CRASH_TYPE,INTERSECTION_RELATED_I,NOT_RIGHT_OF_WAY_I,HIT_AND_RUN_I,DAMAGE,DATE_POLICE_NOTIFIED,PRIM_CONTRIBUTORY_CAUSE,SEC_CONTRIBUTORY_CAUSE,STREET_NO,STREET_DIRECTION,STREET_NAME,BEAT_OF_OCCURRENCE,PHOTOS_TAKEN_I,STATEMENTS_TAKEN_I,DOORING_I,WORK_ZONE_I,WORK_ZONE_TYPE,WORKERS_PRESENT_I,NUM_UNITS,MOST_SEVERE_INJURY,INJURIES_TOTAL,INJURIES_FATAL,INJURIES_INCAPACITATING,INJURIES_NON_INCAPACITATING,INJURIES_REPORTED_NOT_EVIDENT,INJURIES_NO_INDICATION,INJURIES_UNKNOWN,CRASH_HOUR,CRASH_DAY_OF_WEEK,CRASH_MONTH,LATITUDE,LONGITUDE,LOCATION
JC448134,,9/25/2019 16:04,30,TRAFFIC SIGNAL,FUNCTIONING PROPERLY,CLEAR,DAYLIGHT,SIDESWIPE SAME DIRECTION,DIVIDED - W/MEDIAN (NOT RAISED),,STRAIGHT AND LEVEL,DRY,NO DEFECTS,ON SCENE,NO INJURY / DRIVE AWAY,Y,,Y,"OVER $1,500",9/25/2019 16:04,IMPROPER OVERTAKING/PASSING,NOT APPLICABLE,3500,S,STATE ST,213,,,,,,,2,NO INDICATION OF INJURY,0,0,0,0,0,2,0,16,4,9,41.83096237,-87.62679185,POINT (-87.626791846138 41.830962369184)
JC448191,,9/25/2019 16:03,30,TRAFFIC SIGNAL,FUNCTIONING PROPERLY,CLEAR,DAYLIGHT,TURNING,DIVIDED - W/MEDIAN BARRIER,,STRAIGHT AND LEVEL,DRY,NO DEFECTS,NOT ON SCENE (DESK REPORT),NO INJURY / DRIVE AWAY,,,,"OVER $1,500",9/25/2019 17:00,FOLLOWING TOO CLOSELY,NOT APPLICABLE,100,E,ROOSEVELT RD,114,,,,,,,2,NO INDICATION OF INJURY,0,0,0,0,0,2,0,16,4,9,41.86756654,-87.62409418,POINT (-87.624094174802 41.867566540607)
JC448122,,9/25/2019 16:02,30,NO CONTROLS,NO CONTROLS,CLEAR,DAYLIGHT,REAR END,DIVIDED - W/MEDIAN (NOT RAISED),,STRAIGHT AND LEVEL,DRY,NO DEFECTS,ON SCENE,NO INJURY / DRIVE AWAY,,,,"OVER $1,500",9/25/2019 16:15,FAILING TO REDUCE SPEED TO AVOID CRASH,UNABLE TO DETERMINE,2632,N,NARRAGANSETT AVE,2512,Y,Y,,,,,3,NO INDICATION OF INJURY,0,0,0,0,0,6,0,16,4,9,41.92833578,-87.78576318,POINT (-87.785763176696 41.928335776499)
JC448527,,9/25/2019 16:01,30,NO CONTROLS,NO CONTROLS,CLEAR,DAYLIGHT,ANGLE,NOT DIVIDED,,STRAIGHT AND LEVEL,DRY,NO DEFECTS,NOT ON SCENE (DESK REPORT),NO INJURY / DRIVE AWAY,,,Y,"$501 - $1,500",9/25/2019 21:05,UNABLE TO DETERMINE,UNABLE TO DETERMINE,7151,W,GRAND AVE,2512,,,,,,,2,NO INDICATION OF INJURY,0,0,0,0,0,5,0,16,4,9,41.92363866,-87.80459805,POINT (-87.80459804772 41.92363866449)
JC449651,,9/25/2019 16:00,30,NO CONTROLS,NO CONTROLS,CLEAR,DAYLIGHT,REAR END,DIVIDED - W/MEDIAN (NOT RAISED),,STRAIGHT AND LEVEL,DRY,NO DEFECTS,NOT ON SCENE (DESK REPORT),NO INJURY / DRIVE AWAY,,,,$500 OR LESS,9/26/2019 17:55,UNABLE TO DETERMINE,NOT APPLICABLE,657,N,AUSTIN BLVD,1511,,,,,,,3,NO INDICATION OF INJURY,0,0,0,0,0,3,0,16,4,9,41.89270509,-87.77491598,POINT (-87.774915976699 41.892705094446)
JC448462,,9/25/2019 16:00,30,TRAFFIC SIGNAL,FUNCTIONING PROPERLY,CLEAR,DAWN,PEDESTRIAN,NOT DIVIDED,,STRAIGHT AND LEVEL,DRY,NO DEFECTS,NOT ON SCENE (DESK REPORT),NO INJURY / DRIVE AWAY,,,,$500 OR LESS,9/25/2019 20:20,UNABLE TO DETERMINE,NOT APPLICABLE,1199,S,JEFFERSON ST,124,,,,,,,2,NO INDICATION OF INJURY,0,0,0,0,0,3,0,16,4,9,41.86726989,-87.6420425,POINT (-87.64204250005 41.867269892832)
JC448286,,9/25/2019 16:00,20,NO CONTROLS,NO CONTROLS,CLEAR,DAYLIGHT,PEDALCYCLIST,NOT DIVIDED,,STRAIGHT AND LEVEL,DRY,NO DEFECTS,ON SCENE,INJURY AND / OR TOW DUE TO CRASH,Y,,,$500 OR LESS,9/25/2019 17:32,"VISION OBSCURED (SIGNS, TREE LIMBS, BUILDINGS, ETC.)",DRIVING SKILLS/KNOWLEDGE/EXPERIENCE,6700,W,FOSTER AVE,1613,,,,,,,2,NONINCAPACITATING INJURY,1,0,0,1,0,1,0,16,4,9,41.97570205,-87.79520759,POINT (-87.795207592213 41.975702045591)
JC448190,,9/25/2019 16:00,35,NO CONTROLS,NO CONTROLS,CLEAR,DAYLIGHT,REAR END,NOT DIVIDED,,STRAIGHT AND LEVEL,DRY,NO DEFECTS,NOT ON SCENE (DESK REPORT),NO INJURY / DRIVE AWAY,,,,"$501 - $1,500",9/25/2019 16:48,FAILING TO REDUCE SPEED TO AVOID CRASH,NOT APPLICABLE,5824,S,CALIFORNIA AVE,824,,,,,,,2,NO INDICATION OF INJURY,0,0,0,0,0,2,0,16,4,9,41.787457,-87.69377072,POINT (-87.693770722066 41.787456998101)
JC448129,,9/25/2019 16:00,30,TRAFFIC SIGNAL,FUNCTIONING PROPERLY,CLEAR,DAYLIGHT,TURNING,T-INTERSECTION,,STRAIGHT AND LEVEL,UNKNOWN,UNKNOWN,NOT ON SCENE (DESK REPORT),NO INJURY / DRIVE AWAY,Y,,,"$501 - $1,500",9/25/2019 16:19,IMPROPER TURNING/NO SIGNAL,IMPROPER LANE USAGE,3200,N,LAKE SHORE DR SB,1925,,,,,,,2,NO INDICATION OF INJURY,0,0,0,0,0,2,0,16,4,9,41.9404429,-87.63863354,POINT (-87.638633539238 41.940442902597)
JC448155,,9/25/2019 15:50,30,NO CONTROLS,NO CONTROLS,CLEAR,DAYLIGHT,ANGLE,NOT DIVIDED,,STRAIGHT AND LEVEL,DRY,NO DEFECTS,ON SCENE,INJURY AND / OR TOW DUE TO CRASH,,,,"OVER $1,500",9/25/2019 15:55,FAILING TO REDUCE SPEED TO AVOID CRASH,NOT APPLICABLE,3100,W,LAKE ST,1222,,,,,,,2,NO INDICATION OF INJURY,0,0,0,0,0,3,0,15,4,9,41.88432563,-87.70386415,POINT (-87.703864151691 41.884325626424)
JC448099,,9/25/2019 15:50,35,NO CONTROLS,NO CONTROLS,CLEAR,DAYLIGHT,PEDESTRIAN,DIVIDED - W/MEDIAN (NOT RAISED),,STRAIGHT AND LEVEL,DRY,NO DEFECTS,ON SCENE,INJURY AND / OR TOW DUE TO CRASH,,,Y,$500 OR LESS,9/25/2019 15:52,FAILING TO YIELD RIGHT-OF-WAY,UNABLE TO DETERMINE,250,E,111TH ST,513,,Y,,,,,2,NONINCAPACITATING INJURY,1,0,0,1,0,1,0,15,4,9,41.69278956,-87.61638144,POINT (-87.616381438115 41.692789557542)
JC448100,,9/25/2019 15:40,30,STOP SIGN/FLASHER,FUNCTIONING PROPERLY,CLEAR,DAYLIGHT,REAR END,NOT DIVIDED,,STRAIGHT AND LEVEL,DRY,NO DEFECTS,ON SCENE,NO INJURY / DRIVE AWAY,,,Y,"OVER $1,500",9/25/2019 15:43,FOLLOWING TOO CLOSELY,UNABLE TO DETERMINE,4347,W,LELAND AVE,1722,,,,,,,2,NO INDICATION OF INJURY,0,0,0,0,0,2,0,15,4,9,41.96620103,-87.73757359,POINT (-87.73757359152 41.966201027007)
JC448218,,9/25/2019 15:39,30,STOP SIGN/FLASHER,FUNCTIONING PROPERLY,CLEAR,DAYLIGHT,ANGLE,DIVIDED - W/MEDIAN (NOT RAISED),,STRAIGHT AND LEVEL,DRY,NO DEFECTS,ON SCENE,NO INJURY / DRIVE AWAY,,,,"OVER $1,500",9/25/2019 16:07,FAILING TO YIELD RIGHT-OF-WAY,NOT APPLICABLE,4500,N,CICERO AVE,1623,,,,,,,2,NO INDICATION OF INJURY,0,0,0,0,0,2,0,15,4,9,41.96231441,-87.74769051,POINT (-87.747690509981 41.962314413293)
JC448281,,9/25/2019 15:35,30,NO CONTROLS,NO CONTROLS,CLEAR,DAYLIGHT,SIDESWIPE SAME DIRECTION,ONE-WAY,,STRAIGHT AND LEVEL,DRY,NO DEFECTS,NOT ON SCENE (DESK REPORT),NO INJURY / DRIVE AWAY,,,,"$501 - $1,500",9/25/2019 18:00,FAILING TO YIELD RIGHT-OF-WAY,NOT APPLICABLE,500,W,MADISON ST,121,,,,,,,2,NO INDICATION OF INJURY,0,0,0,0,0,2,0,15,4,9,41.88199434,-87.63975869,POINT (-87.639758684881 41.881994338205)
JC448202,,9/25/2019 15:35,10,NO CONTROLS,NO CONTROLS,CLEAR,DAYLIGHT,ANGLE,PARKING LOT,,STRAIGHT AND LEVEL,DRY,NO DEFECTS,NOT ON SCENE (DESK REPORT),NO INJURY / DRIVE AWAY,,Y,,"$501 - $1,500",9/25/2019 16:50,UNABLE TO DETERMINE,UNABLE TO DETERMINE,1800,N,CLYBOURN AVE,1811,,,,,,,2,NO INDICATION OF INJURY,0,0,0,0,0,2,0,15,4,9,41.9136838,-87.65359204,POINT (-87.653592042342 41.913683804357)
JC448073,,9/25/2019 15:35,25,DELINEATORS,OTHER,CLEAR,DAYLIGHT,TURNING,FOUR WAY,,STRAIGHT AND LEVEL,DRY,NO DEFECTS,ON SCENE,INJURY AND / OR TOW DUE TO CRASH,Y,,,"OVER $1,500",9/25/2019 15:38,FAILING TO YIELD RIGHT-OF-WAY,FAILING TO YIELD RIGHT-OF-WAY,6450,N,CALIFORNIA AVE,2412,,,,,,,2,NONINCAPACITATING INJURY,2,0,0,1,1,1,0,15,4,9,41.99906695,-87.69983577,POINT (-87.699835773387 41.999066945576)
JC449104,,9/25/2019 15:30,30,NO CONTROLS,NO CONTROLS,CLEAR,DAYLIGHT,ANGLE,DIVIDED - W/MEDIAN (NOT RAISED),,STRAIGHT AND LEVEL,DRY,NO DEFECTS,NOT ON SCENE (DESK REPORT),NO INJURY / DRIVE AWAY,,,,"OVER $1,500",9/26/2019 11:50,UNABLE TO DETERMINE,NOT APPLICABLE,6338,N,LINCOLN AVE,1711,,,,,,,2,NO INDICATION OF INJURY,0,0,0,0,0,2,0,15,4,9,41.99647012,-87.71750381,POINT (-87.717503812652 41.99647012267)
JC448285,Y,9/25/2019 15:30,30,NO CONTROLS,NO CONTROLS,CLEAR,DAYLIGHT,SIDESWIPE SAME DIRECTION,ONE-WAY,,STRAIGHT AND LEVEL,DRY,NO DEFECTS,NOT ON SCENE (DESK REPORT),NO INJURY / DRIVE AWAY,,,,"OVER $1,500",9/25/2019 18:00,IMPROPER TURNING/NO SIGNAL,FAILING TO YIELD RIGHT-OF-WAY,200,W,MONROE ST,122,,,,,,,2,NO INDICATION OF INJURY,0,0,0,0,0,2,0,15,4,9,41.88076896,-87.63387497,POINT (-87.633874974095 41.880768960918)
JC448162,,9/25/2019 15:30,30,STOP SIGN/FLASHER,NO CONTROLS,CLEAR,DAYLIGHT,SIDESWIPE SAME DIRECTION,NOT DIVIDED,,STRAIGHT AND LEVEL,DRY,UNKNOWN,NOT ON SCENE (DESK REPORT),NO INJURY / DRIVE AWAY,,,,"$501 - $1,500",9/25/2019 15:45,UNABLE TO DETERMINE,NOT APPLICABLE,6700,S,OAKLEY AVE,832,,,,,,,2,NO INDICATION OF INJURY,0,0,0,0,0,4,0,15,4,9,41.77190096,-87.681039,POINT (-87.68103900352 41.771900963729)
JC448095,,9/25/2019 15:30,30,STOP SIGN/FLASHER,FUNCTIONING PROPERLY,CLEAR,DAYLIGHT,TURNING,NOT DIVIDED,,STRAIGHT AND LEVEL,DRY,NO DEFECTS,NOT ON SCENE (DESK REPORT),NO INJURY / DRIVE AWAY,,,,"OVER $1,500",9/25/2019 16:00,UNABLE TO DETERMINE,UNABLE TO DETERMINE,2500,W,DEVON AVE,2412,,,,,,,2,NO INDICATION OF INJURY,0,0,0,0,0,2,0,15,4,9,41.99779706,-87.69238862,POINT (-87.692388619496 41.997797056772)
JC448082,,9/25/2019 15:30,30,NO CONTROLS,NO CONTROLS,CLEAR,DAYLIGHT,PARKED MOTOR VEHICLE,ONE-WAY,,STRAIGHT AND LEVEL,DRY,NO DEFECTS,ON SCENE,NO INJURY / DRIVE AWAY,,,Y,"$501 - $1,500",9/25/2019 16:00,UNABLE TO DETERMINE,NOT APPLICABLE,2826,W,HENDERSON ST,1733,,,,,,,2,NO INDICATION OF INJURY,0,0,0,0,0,1,0,15,4,9,41.94198365,-87.69892381,POINT (-87.698923809394 41.941983653989)
JC448121,,9/25/2019 15:29,30,NO CONTROLS,NO CONTROLS,CLEAR,DAYLIGHT,REAR END,NOT DIVIDED,,STRAIGHT AND LEVEL,DRY,NO DEFECTS,NOT ON SCENE (DESK REPORT),NO INJURY / DRIVE AWAY,,,,"$501 - $1,500",9/25/2019 16:25,FOLLOWING TOO CLOSELY,NOT APPLICABLE,4802,N,CENTRAL AVE,1622,,,,,,,2,NO INDICATION OF INJURY,0,0,0,0,0,2,0,15,4,9,41.9678843,-87.76762628,POINT (-87.767626283179 41.967884301861)
JC448108,,9/25/2019 15:28,30,NO CONTROLS,NO CONTROLS,CLEAR,DAYLIGHT,REAR END,NOT DIVIDED,,STRAIGHT AND LEVEL,DRY,NO DEFECTS,ON SCENE,NO INJURY / DRIVE AWAY,,,,"OVER $1,500",9/25/2019 16:04,UNABLE TO DETERMINE,UNABLE TO DETERMINE,3545,S,WESTERN BLVD,912,,,,,,,2,NO INDICATION OF INJURY,0,0,0,0,0,2,0,15,4,9,41.8289801,-87.68427116,POINT (-87.68427116241 41.828980102112)
JC448090,,9/25/2019 15:25,30,TRAFFIC SIGNAL,FUNCTIONING PROPERLY,CLEAR,DAYLIGHT,SIDESWIPE SAME DIRECTION,DIVIDED - W/MEDIAN (NOT RAISED),,STRAIGHT AND LEVEL,DRY,NO DEFECTS,,INJURY AND / OR TOW DUE TO CRASH,,,,"$501 - $1,500",9/25/2019 15:25,IMPROPER OVERTAKING/PASSING,FOLLOWING TOO CLOSELY,1598,E,95TH ST,413,,,,,,,2,NONINCAPACITATING INJURY,1,0,0,1,0,1,0,15,4,9,41.72244838,-87.58521161,POINT (-87.585211605863 41.722448382529)
JC448531,,9/25/2019 15:20,30,NO CONTROLS,NO CONTROLS,CLEAR,DAYLIGHT,PARKED MOTOR VEHICLE,PARKING LOT,,STRAIGHT AND LEVEL,DRY,NO DEFECTS,NOT ON SCENE (DESK REPORT),NO INJURY / DRIVE AWAY,,,Y,"$501 - $1,500",9/25/2019 21:23,IMPROPER BACKING,UNABLE TO DETERMINE,4610,W,DIVERSEY AVE,2521,,,,,,,2,NO INDICATION OF INJURY,0,0,0,0,0,1,0,15,4,9,41.93169835,-87.74238878,POINT (-87.742388777298 41.931698352794)
JC448109,,9/25/2019 15:15,35,RAILROAD CROSSING GATE,FUNCTIONING PROPERLY,CLEAR,DAYLIGHT,REAR END,T-INTERSECTION,,STRAIGHT AND LEVEL,DRY,UNKNOWN,NOT ON SCENE (DESK REPORT),NO INJURY / DRIVE AWAY,,,Y,"OVER $1,500",9/25/2019 16:15,FOLLOWING TOO CLOSELY,FOLLOWING TOO CLOSELY,4356,W,21ST ST,1012,,,,,,,2,NO INDICATION OF INJURY,0,0,0,0,0,2,0,15,4,9,41.85347264,-87.73436757,POINT (-87.73436757111 41.853472641967)
JC448055,,9/25/2019 15:15,20,TRAFFIC SIGNAL,FUNCTIONING PROPERLY,CLEAR,DAYLIGHT,SIDESWIPE SAME DIRECTION,NOT DIVIDED,,STRAIGHT AND LEVEL,DRY,NO DEFECTS,,NO INJURY / DRIVE AWAY,,,,"OVER $1,500",9/25/2019 15:40,IMPROPER LANE USAGE,UNABLE TO DETERMINE,2637,W,ADDISON ST,1921,,,,Y,CONSTRUCTION,,2,NO INDICATION OF INJURY,0,0,0,0,0,2,0,15,4,9,41.94659986,-87.6943671,POINT (-87.694367099939 41.946599864281)
JC448015,,9/25/2019 15:12,30,TRAFFIC SIGNAL,FUNCTIONING PROPERLY,CLEAR,DAYLIGHT,TURNING,NOT DIVIDED,,STRAIGHT AND LEVEL,DRY,NO DEFECTS,ON SCENE,INJURY AND / OR TOW DUE TO CRASH,Y,,,"OVER $1,500",9/25/2019 15:13,DISREGARDING TRAFFIC SIGNALS,NOT APPLICABLE,4800,W,ADDISON ST,1634,,,,,,,2,INCAPACITATING INJURY,2,0,2,0,0,0,0,15,4,9,41.94623183,-87.74719769,POINT (-87.747197692752 41.946231828075)
JC448056,,9/25/2019 15:10,35,TRAFFIC SIGNAL,FUNCTIONING PROPERLY,CLEAR,DAYLIGHT,REAR END,NOT DIVIDED,,STRAIGHT AND LEVEL,DRY,NO DEFECTS,ON SCENE,INJURY AND / OR TOW DUE TO CRASH,,,Y,"OVER $1,500",9/25/2019 15:21,UNABLE TO DETERMINE,UNABLE TO DETERMINE,6417,W,HIGGINS AVE,1613,,,,,,,3,"REPORTED, NOT EVIDENT",2,0,0,0,2,2,0,15,4,9,41.9764216,-87.78864761,POINT (-87.788647605786 41.976421600884)
JC448214,,9/25/2019 15:05,30,NO CONTROLS,NO CONTROLS,CLEAR,DAYLIGHT,SIDESWIPE SAME DIRECTION,DIVIDED - W/MEDIAN (NOT RAISED),,STRAIGHT AND LEVEL,DRY,NO DEFECTS,NOT ON SCENE (DESK REPORT),NO INJURY / DRIVE AWAY,,,Y,"$501 - $1,500",9/25/2019 17:00,IMPROPER OVERTAKING/PASSING,NOT APPLICABLE,2500,S,DR MARTIN LUTHER KING JR DR,133,,,,,,,2,NO INDICATION OF INJURY,0,0,0,0,0,2,0,15,4,9,41.84751666,-87.61786267,POINT (-87.617862667903 41.847516655358)
JC448046,,9/25/2019 15:05,30,NO CONTROLS,NO CONTROLS,CLEAR,DAYLIGHT,ANGLE,OTHER,,STRAIGHT AND LEVEL,DRY,NO DEFECTS,ON SCENE,NO INJURY / DRIVE AWAY,,,,"$501 - $1,500",9/25/2019 15:10,UNABLE TO DETERMINE,UNABLE TO DETERMINE,8331,S,COTTAGE GROVE AVE,632,,,,,,,2,NO INDICATION OF INJURY,0,0,0,0,0,3,0,15,4,9,41.74301375,-87.60486003,POINT (-87.604860026624 41.743013751046)
JC448102,,9/25/2019 15:00,40,TRAFFIC SIGNAL,FUNCTIONING PROPERLY,CLEAR,DAYLIGHT,REAR END,DIVIDED - W/MEDIAN (NOT RAISED),,STRAIGHT AND LEVEL,DRY,NO DEFECTS,NOT ON SCENE (DESK REPORT),NO INJURY / DRIVE AWAY,,,,$500 OR LESS,9/25/2019 16:05,UNABLE TO DETERMINE,UNABLE TO DETERMINE,346,E,95TH ST,633,,,,,,,2,NO INDICATION OF INJURY,0,0,0,0,0,2,0,15,4,9,41.72199187,-87.61470981,POINT (-87.614709812077 41.721991872532)
JC448088,,9/25/2019 15:00,30,NO CONTROLS,NO CONTROLS,CLEAR,DAYLIGHT,ANGLE,NOT DIVIDED,,STRAIGHT AND LEVEL,DRY,UNKNOWN,NOT ON SCENE (DESK REPORT),NO INJURY / DRIVE AWAY,Y,,,"OVER $1,500",9/25/2019 16:04,UNABLE TO DETERMINE,UNABLE TO DETERMINE,3241,S,FEDERAL ST,211,,,,,,,2,NO INDICATION OF INJURY,0,0,0,0,0,2,0,15,4,9,41.83510035,-87.62876125,POINT (-87.628761252429 41.835100345951)
JC448049,,9/25/2019 15:00,30,NO CONTROLS,NO CONTROLS,CLEAR,DAYLIGHT,REAR END,ONE-WAY,,STRAIGHT AND LEVEL,DRY,NO DEFECTS,NOT ON SCENE (DESK REPORT),NO INJURY / DRIVE AWAY,,,,"$501 - $1,500",9/25/2019 16:32,FOLLOWING TOO CLOSELY,FAILING TO REDUCE SPEED TO AVOID CRASH,3930,W,CORTLAND ST,2535,,,,,,,2,NO INDICATION OF INJURY,0,0,0,0,0,2,0,15,4,9,41.91546678,-87.72534988,POINT (-87.725349875099 41.915466780127)
JC447991,,9/25/2019 14:49,30,STOP SIGN/FLASHER,FUNCTIONING PROPERLY,CLEAR,DAYLIGHT,PEDESTRIAN,T-INTERSECTION,,STRAIGHT AND LEVEL,DRY,UNKNOWN,ON SCENE,INJURY AND / OR TOW DUE TO CRASH,Y,,,$500 OR LESS,9/25/2019 14:49,FAILING TO YIELD RIGHT-OF-WAY,NOT APPLICABLE,2721,N,CLARK ST,1935,,,,,,,2,INCAPACITATING INJURY,1,0,1,0,0,1,0,14,4,9,41.93198202,-87.64449101,POINT (-87.644491012471 41.93198201997)
JC448031,,9/25/2019 14:45,30,STOP SIGN/FLASHER,FUNCTIONING PROPERLY,CLEAR,DAYLIGHT,REAR END,NOT DIVIDED,,STRAIGHT AND LEVEL,DRY,NO DEFECTS,NOT ON SCENE (DESK REPORT),NO INJURY / DRIVE AWAY,,,,$500 OR LESS,9/25/2019 15:15,UNABLE TO DETERMINE,NOT APPLICABLE,2359,N,CALIFORNIA AVE,1431,,,,,,,2,NO INDICATION OF INJURY,0,0,0,0,0,2,0,14,4,9,41.92453415,-87.69725859,POINT (-87.697258586604 41.924534153728)
JC448493,,9/25/2019 14:30,15,NO CONTROLS,NO CONTROLS,CLEAR,DAYLIGHT,PARKED MOTOR VEHICLE,PARKING LOT,,STRAIGHT AND LEVEL,DRY,SHOULDER DEFECT,NOT ON SCENE (DESK REPORT),NO INJURY / DRIVE AWAY,,,Y,"$501 - $1,500",9/25/2019 20:40,UNABLE TO DETERMINE,UNABLE TO DETERMINE,5220,S,PULASKI RD,815,,,,,,,2,NO INDICATION OF INJURY,0,0,0,0,0,1,0,14,4,9,41.79799187,-87.72344374,POINT (-87.723443740796 41.797991869962)
JC448101,,9/25/2019 14:30,30,TRAFFIC SIGNAL,FUNCTIONING PROPERLY,CLEAR,DAYLIGHT,REAR END,NOT DIVIDED,,STRAIGHT AND LEVEL,DRY,NO DEFECTS,NOT ON SCENE (DESK REPORT),NO INJURY / DRIVE AWAY,,,Y,"$501 - $1,500",9/25/2019 16:00,UNABLE TO DETERMINE,UNABLE TO DETERMINE,7529,N,MILWAUKEE AVE,1611,,,,,,,2,NO INDICATION OF INJURY,0,0,0,0,0,2,0,14,4,9,42.01793961,-87.80649395,POINT (-87.806493946018 42.017939611563)
JC448039,,9/25/2019 14:30,30,TRAFFIC SIGNAL,FUNCTIONING PROPERLY,CLEAR,DAYLIGHT,REAR END,NOT DIVIDED,,STRAIGHT AND LEVEL,DRY,NO DEFECTS,NOT ON SCENE (DESK REPORT),NO INJURY / DRIVE AWAY,,,,"$501 - $1,500",9/25/2019 15:20,UNABLE TO DETERMINE,NOT APPLICABLE,1572,W,OGDEN AVE,1224,,,,,,,2,NO INDICATION OF INJURY,0,0,0,0,0,4,0,14,4,9,41.88149959,-87.66623245,POINT (-87.666232453165 41.881499591683)
JC448002,,9/25/2019 14:30,30,TRAFFIC SIGNAL,FUNCTIONING PROPERLY,CLEAR,DAYLIGHT,TURNING,NOT DIVIDED,,STRAIGHT AND LEVEL,DRY,NO DEFECTS,ON SCENE,INJURY AND / OR TOW DUE TO CRASH,Y,,,"OVER $1,500",9/25/2019 14:35,IMPROPER TURNING/NO SIGNAL,RELATED TO BUS STOP,600,W,BELMONT AVE,1925,,,,,,,2,INCAPACITATING INJURY,1,0,1,0,0,1,0,14,4,9,41.94015208,-87.6445257,POINT (-87.644525700326 41.94015207546)
JC448001,,9/25/2019 14:30,15,NO CONTROLS,NO CONTROLS,CLEAR,DAYLIGHT,REAR TO FRONT,PARKING LOT,,STRAIGHT AND LEVEL,DRY,NO DEFECTS,NOT ON SCENE (DESK REPORT),NO INJURY / DRIVE AWAY,,Y,Y,"$501 - $1,500",9/25/2019 14:55,UNABLE TO DETERMINE,UNABLE TO DETERMINE,5618,W,NORTH AVE,2531,,,,,,,2,NO INDICATION OF INJURY,0,0,0,0,0,2,0,14,4,9,41.90948083,-87.76641097,POINT (-87.766410970375 41.909480830157)
JC447995,,9/25/2019 14:30,20,NO CONTROLS,NO CONTROLS,CLEAR,DAYLIGHT,PARKED MOTOR VEHICLE,DIVIDED - W/MEDIAN (NOT RAISED),,STRAIGHT AND LEVEL,DRY,NO DEFECTS,NOT ON SCENE (DESK REPORT),NO INJURY / DRIVE AWAY,,,,$500 OR LESS,9/25/2019 15:51,FOLLOWING TOO CLOSELY,FOLLOWING TOO CLOSELY,6300,N,WESTERN AVE,2413,,,,,,,2,NO INDICATION OF INJURY,0,0,0,0,0,1,0,14,4,9,41.99599967,-87.68997363,POINT (-87.689973630508 41.995999667277)
JC448017,,9/25/2019 14:25,35,TRAFFIC SIGNAL,FUNCTIONING PROPERLY,CLEAR,DAYLIGHT,REAR END,DIVIDED - W/MEDIAN (NOT RAISED),,STRAIGHT AND LEVEL,DRY,NO DEFECTS,ON SCENE,NO INJURY / DRIVE AWAY,,,,"OVER $1,500",9/25/2019 14:45,FAILING TO REDUCE SPEED TO AVOID CRASH,FOLLOWING TOO CLOSELY,5699,N,LAKE SHORE DR NB,2022,,,,,,,2,NO INDICATION OF INJURY,0,0,0,0,0,2,0,14,4,9,41.98555677,-87.65336148,POINT (-87.653361480328 41.985556766551)
JC447976,,9/25/2019 14:17,30,TRAFFIC SIGNAL,FUNCTIONING PROPERLY,CLEAR,DAYLIGHT,SIDESWIPE SAME DIRECTION,FOUR WAY,,STRAIGHT AND LEVEL,DRY,NO DEFECTS,ON SCENE,NO INJURY / DRIVE AWAY,Y,,Y,"$501 - $1,500",9/25/2019 14:22,IMPROPER OVERTAKING/PASSING,DRIVING SKILLS/KNOWLEDGE/EXPERIENCE,53,W,HARRISON ST,123,,,,,,,2,NO INDICATION OF INJURY,0,0,0,0,0,2,0,14,4,9,41.87442478,-87.62964339,POINT (-87.629643392228 41.874424784219)
JC448012,,9/25/2019 14:15,30,NO CONTROLS,NO CONTROLS,CLEAR,DAYLIGHT,REAR END,DIVIDED - W/MEDIAN BARRIER,,STRAIGHT AND LEVEL,DRY,NO DEFECTS,ON SCENE,INJURY AND / OR TOW DUE TO CRASH,,,,"OVER $1,500",9/25/2019 14:25,FAILING TO REDUCE SPEED TO AVOID CRASH,NOT APPLICABLE,6655,S,STONY ISLAND AVE,331,,,,,,,2,NONINCAPACITATING INJURY,1,0,0,1,0,1,0,14,4,9,41.77355215,-87.585956,POINT (-87.585956001174 41.773552146263)
JC447969,,9/25/2019 14:15,30,NO CONTROLS,OTHER,CLEAR,DAWN,SIDESWIPE SAME DIRECTION,NOT DIVIDED,,STRAIGHT AND LEVEL,DRY,UNKNOWN,NOT ON SCENE (DESK REPORT),NO INJURY / DRIVE AWAY,,,,"$501 - $1,500",9/25/2019 14:39,FAILING TO YIELD RIGHT-OF-WAY,FAILING TO YIELD RIGHT-OF-WAY,5845,W,BRYN MAWR AVE,1622,,,,,,,2,NO INDICATION OF INJURY,0,0,0,0,0,2,0,14,4,9,41.98280615,-87.77502002,POINT (-87.775020017066 41.982806154357)