RD_NO,CRASH_DATE_EST_I,CRASH_DATE,POSTED_SPEED_LIMIT,TRAFFIC_CONTROL_DEVICE,DEVICE_CONDITION,WEATHER_CONDITION,LIGHTING_CONDITION,FIRST_CRASH_TYPE,TRAFFICWAY_TYPE,LANE_CNT,ALIGNMENT,ROADWAY_SURFACE_COND,ROAD_DEFECT,REPORT_TYPE,CRASH_TYPE,INTERSECTION_RELATED_I,NOT_RIGHT_OF_WAY_I,HIT_AND_RUN_I,DAMAGE,DATE_POLICE_NOTIFIED,PRIM_CONTRIBUTORY_CAUSE,SEC_CONTRIBUTORY_CAUSE,STREET_NO,STREET_DIRECTION,STREET_NAME,BEAT_OF_OCCURRENCE,PHOTOS_TAKEN_I,STATEMENTS_TAKEN_I,DOORING_I,WORK_ZONE_I,WORK_ZONE_TYPE,WORKERS_PRESENT_I,NUM_UNITS,MOST_SEVERE_INJURY,INJURIES_TOTAL,INJURIES_FATAL,INJURIES_INCAPACITATING,INJURIES_NON_INCAPACITATING,INJURIES_REPORTED_NOT_EVIDENT,INJURIES_NO_INDICATION,INJURIES_UNKNOWN,CRASH_HOUR,CRASH_DAY_OF_WEEK,CRASH_MONTH,LATITUDE,LONGITUDE,LOCATION
JC448036,,9/25/2019 14:14,30,NO CONTROLS,NO CONTROLS,CLEAR,DAYLIGHT,FIXED OBJECT,DIVIDED - W/MEDIAN (NOT RAISED),,STRAIGHT AND LEVEL,DRY,NO DEFECTS,ON SCENE,INJURY AND / OR TOW DUE TO CRASH,,,,"OVER $1,500",9/25/2019 14:17,PHYSICAL CONDITION OF DRIVER,NOT APPLICABLE,5343,N,BROADWAY,2023,,,,,,,1,INCAPACITATING INJURY,1,0,1,0,0,0,0,14,4,9,41.97942826,-87.65980586,POINT (-87.659805854713 41.979428254922)
JC447962,,9/25/2019 14:12,30,TRAFFIC SIGNAL,FUNCTIONING PROPERLY,CLEAR,DAYLIGHT,SIDESWIPE SAME DIRECTION,DIVIDED - W/MEDIAN (NOT RAISED),,STRAIGHT AND LEVEL,DRY,NO DEFECTS,ON SCENE,NO INJURY / DRIVE AWAY,,,,$500 OR LESS,9/25/2019 14:12,FAILING TO YIELD RIGHT-OF-WAY,FAILING TO REDUCE SPEED TO AVOID CRASH,747,W,IRVING PARK RD,1925,,,,,,,2,NO INDICATION OF INJURY,0,0,0,0,0,2,0,14,4,9,41.95445467,-87.64954151,POINT (-87.649541507123 41.954454668441)
JC448230,,9/25/2019 14:07,30,NO CONTROLS,NO CONTROLS,CLEAR,DAYLIGHT,PARKED MOTOR VEHICLE,NOT DIVIDED,,STRAIGHT AND LEVEL,DRY,NO DEFECTS,ON SCENE,NO INJURY / DRIVE AWAY,,,,$500 OR LESS,9/25/2019 17:10,UNABLE TO DETERMINE,UNABLE TO DETERMINE,2943,W,WALNUT ST,1222,,,,,,,2,NO INDICATION OF INJURY,0,0,0,0,0,1,0,14,4,9,41.88535321,-87.70059367,POINT (-87.700593668691 41.885353212902)
JC447951,,9/25/2019 14:03,35,TRAFFIC SIGNAL,FUNCTIONING PROPERLY,CLEAR,DAYLIGHT,PEDESTRIAN,ONE-WAY,,STRAIGHT AND LEVEL,DRY,NO DEFECTS,ON SCENE,INJURY AND / OR TOW DUE TO CRASH,Y,,,"OVER $1,500",9/25/2019 14:04,DISREGARDING TRAFFIC SIGNALS,UNABLE TO DETERMINE,401,S,CLARK ST,113,,,,,,,2,NONINCAPACITATING INJURY,1,0,0,1,0,1,0,14,4,9,41.87682269,-87.63060082,POINT (-87.630600817918 41.876822691469)
JC449327,,9/25/2019 14:00,15,NO CONTROLS,NO CONTROLS,CLEAR,DAYLIGHT,PARKED MOTOR VEHICLE,PARKING LOT,,STRAIGHT AND LEVEL,DRY,NO DEFECTS,NOT ON SCENE (DESK REPORT),NO INJURY / DRIVE AWAY,,Y,,"OVER $1,500",9/26/2019 14:35,IMPROPER BACKING,UNABLE TO DETERMINE,1875,W,74TH ST,735,,,,,,,2,NO INDICATION OF INJURY,0,0,0,0,0,1,0,14,4,9,41.75925291,-87.67089595,POINT (-87.67089594851 41.759252908955)
JC448019,,9/25/2019 14:00,30,TRAFFIC SIGNAL,FUNCTIONING PROPERLY,CLEAR,DAYLIGHT,HEAD ON,FOUR WAY,,STRAIGHT AND LEVEL,DRY,NO DEFECTS,ON SCENE,INJURY AND / OR TOW DUE TO CRASH,Y,,,"OVER $1,500",9/25/2019 14:47,"VISION OBSCURED (SIGNS, TREE LIMBS, BUILDINGS, ETC.)",DISREGARDING TRAFFIC SIGNALS,430,N,WESTERN AVE,1221,,,,,,,2,NO INDICATION OF INJURY,0,0,0,0,0,2,0,14,4,9,41.88951041,-87.68680143,POINT (-87.686801434366 41.889510407479)
JC447959,,9/25/2019 14:00,25,STOP SIGN/FLASHER,FUNCTIONING PROPERLY,CLEAR,DAYLIGHT,TURNING,ONE-WAY,,STRAIGHT AND LEVEL,DRY,NO DEFECTS,ON SCENE,INJURY AND / OR TOW DUE TO CRASH,N,,,$500 OR LESS,9/25/2019 14:06,DISTRACTION - FROM OUTSIDE VEHICLE,DISTRACTION - FROM INSIDE VEHICLE,10302,S,AVENUE F,432,,,,,,,2,"REPORTED, NOT EVIDENT",4,0,0,0,4,0,0,14,4,9,41.70809672,-87.53056732,POINT (-87.530567317074 41.7080967176)
JC447987,,9/25/2019 13:55,30,STOP SIGN/FLASHER,FUNCTIONING PROPERLY,CLEAR,DAYLIGHT,SIDESWIPE OPPOSITE DIRECTION,ONE-WAY,,STRAIGHT AND LEVEL,DRY,NO DEFECTS,ON SCENE,NO INJURY / DRIVE AWAY,,,,"OVER $1,500",9/25/2019 14:41,DRIVING ON WRONG SIDE/WRONG WAY,UNABLE TO DETERMINE,6659,S,BLACKSTONE AVE,321,,,,,,,2,NO INDICATION OF INJURY,0,0,0,0,0,2,0,13,4,9,41.77336355,-87.58862402,POINT (-87.588624023969 41.773363551194)
JC448908,,9/25/2019 13:50,30,TRAFFIC SIGNAL,FUNCTIONING PROPERLY,CLEAR,DAYLIGHT,TURNING,NOT DIVIDED,,STRAIGHT AND LEVEL,DRY,NO DEFECTS,NOT ON SCENE (DESK REPORT),NO INJURY / DRIVE AWAY,Y,,,"OVER $1,500",9/26/2019 8:50,IMPROPER TURNING/NO SIGNAL,UNABLE TO DETERMINE,4700,S,KILDARE AVE,815,,,,,,,2,NO INDICATION OF INJURY,0,0,0,0,0,2,0,13,4,9,41.80768617,-87.73106811,POINT (-87.731068111516 41.807686167513)
JC448084,,9/25/2019 13:50,35,NO CONTROLS,NO CONTROLS,CLEAR,DAYLIGHT,SIDESWIPE SAME DIRECTION,DIVIDED - W/MEDIAN (NOT RAISED),,STRAIGHT AND LEVEL,DRY,NO DEFECTS,NOT ON SCENE (DESK REPORT),NO INJURY / DRIVE AWAY,,,,"$501 - $1,500",9/25/2019 14:08,UNABLE TO DETERMINE,UNABLE TO DETERMINE,1911,S,MARSHALL BLVD,1022,,,,,,,2,NO INDICATION OF INJURY,0,0,0,0,0,3,0,13,4,9,41.85515833,-87.699054,POINT (-87.699053997164 41.855158333673)
JC447964,,9/25/2019 13:48,15,NO CONTROLS,NO CONTROLS,CLEAR,DAYLIGHT,ANGLE,PARKING LOT,,STRAIGHT AND LEVEL,DRY,NO DEFECTS,NOT ON SCENE (DESK REPORT),NO INJURY / DRIVE AWAY,,Y,,"OVER $1,500",9/25/2019 15:16,IMPROPER BACKING,FAILING TO REDUCE SPEED TO AVOID CRASH,4626,W,DIVERSEY AVE,2521,,,,,,,2,NO INDICATION OF INJURY,0,0,0,0,0,3,0,13,4,9,41.93168892,-87.74301695,POINT (-87.743016946831 41.931688919351)
JC497938,,9/25/2019 13:45,30,NO CONTROLS,NO CONTROLS,CLEAR,DAYLIGHT,SIDESWIPE OPPOSITE DIRECTION,NOT DIVIDED,,STRAIGHT AND LEVEL,DRY,NO DEFECTS,ON SCENE,INJURY AND / OR TOW DUE TO CRASH,,,,"$501 - $1,500",9/25/2019 13:54,DISREGARDING ROAD MARKINGS,NOT APPLICABLE,1158,E,47TH ST,222,,,,,,,2,NONINCAPACITATING INJURY,1,0,0,1,0,1,0,13,4,9,41.80975033,-87.59695555,POINT (-87.596955553433 41.809750333565)
JC448044,,9/25/2019 13:40,30,NO CONTROLS,NO CONTROLS,CLEAR,DAYLIGHT,TURNING,NOT DIVIDED,,STRAIGHT AND LEVEL,DRY,NO DEFECTS,NOT ON SCENE (DESK REPORT),NO INJURY / DRIVE AWAY,,,,"$501 - $1,500",9/25/2019 15:22,IMPROPER OVERTAKING/PASSING,UNABLE TO DETERMINE,3554,N,LARAMIE AVE,1634,,,,,,,2,NO INDICATION OF INJURY,0,0,0,0,0,2,0,13,4,9,41.945841,-87.75706373,POINT (-87.757063728398 41.945840995192)
JC454270,,9/25/2019 13:30,25,NO CONTROLS,NO CONTROLS,CLEAR,DAYLIGHT,PARKED MOTOR VEHICLE,PARKING LOT,,STRAIGHT AND LEVEL,DRY,NO DEFECTS,NOT ON SCENE (DESK REPORT),NO INJURY / DRIVE AWAY,,,Y,"OVER $1,500",9/30/2019 13:32,UNABLE TO DETERMINE,UNABLE TO DETERMINE,1340,S,CANAL ST,124,,,,,,,2,NO INDICATION OF INJURY,0,0,0,0,0,1,0,13,4,9,41.86452119,-87.6393041,POINT (-87.639304099636 41.864521193744)
JC449459,,9/25/2019 13:30,30,NO CONTROLS,NO CONTROLS,UNKNOWN,DAYLIGHT,REAR END,OTHER,,STRAIGHT AND LEVEL,UNKNOWN,UNKNOWN,NOT ON SCENE (DESK REPORT),NO INJURY / DRIVE AWAY,,,Y,"$501 - $1,500",9/26/2019 16:21,UNABLE TO DETERMINE,NOT APPLICABLE,9500,S,DR MARTIN LUTHER KING JR DR,511,,,,,,,2,NO INDICATION OF INJURY,0,0,0,0,0,2,0,13,4,9,41.72179922,-87.61428708,POINT (-87.614287075979 41.721799219894)
JC448272,,9/25/2019 13:30,30,TRAFFIC SIGNAL,FUNCTIONING PROPERLY,CLEAR,DAYLIGHT,REAR END,DIVIDED - W/MEDIAN BARRIER,,STRAIGHT AND LEVEL,DRY,NO DEFECTS,NOT ON SCENE (DESK REPORT),NO INJURY / DRIVE AWAY,,,,"$501 - $1,500",9/25/2019 13:30,FAILING TO YIELD RIGHT-OF-WAY,UNABLE TO DETERMINE,195,W,GARFIELD BLVD,225,,,,,,,2,NO INDICATION OF INJURY,0,0,0,0,0,2,0,13,4,9,41.79409154,-87.63046644,POINT (-87.630466441501 41.794091538248)
JC448014,,9/25/2019 13:30,30,NO CONTROLS,NO CONTROLS,CLEAR,DAYLIGHT,FIXED OBJECT,NOT DIVIDED,,STRAIGHT AND LEVEL,DRY,NO DEFECTS,NOT ON SCENE (DESK REPORT),NO INJURY / DRIVE AWAY,,,,"$501 - $1,500",9/25/2019 15:05,UNABLE TO DETERMINE,UNABLE TO DETERMINE,7032,S,KEDZIE AVE,831,,,,,,,1,NO INDICATION OF INJURY,0,0,0,0,0,1,0,13,4,9,41.7653185,-87.70298055,POINT (-87.702980553749 41.765318500573)
JC447937,,9/25/2019 13:30,30,TRAFFIC SIGNAL,FUNCTIONING PROPERLY,CLEAR,DAYLIGHT,TURNING,FOUR WAY,,STRAIGHT AND LEVEL,DRY,NO DEFECTS,ON SCENE,INJURY AND / OR TOW DUE TO CRASH,,,,"OVER $1,500",9/25/2019 13:45,FAILING TO YIELD RIGHT-OF-WAY,IMPROPER TURNING/NO SIGNAL,601,S,ASHLAND AVE,1231,,,,,,,2,NO INDICATION OF INJURY,0,0,0,0,0,2,0,13,4,9,41.87413753,-87.66645041,POINT (-87.666450406934 41.874137526599)
JC447920,,9/25/2019 13:30,35,STOP SIGN/FLASHER,FUNCTIONING PROPERLY,CLEAR,DAYLIGHT,TURNING,NOT DIVIDED,,STRAIGHT AND LEVEL,DRY,NO DEFECTS,NOT ON SCENE (DESK REPORT),NO INJURY / DRIVE AWAY,,,N,"OVER $1,500",9/25/2019 13:51,UNABLE TO DETERMINE,NOT APPLICABLE,3200,W,58TH ST,822,,,,,,,2,NO INDICATION OF INJURY,0,0,0,0,0,2,0,13,4,9,41.78817265,-87.70346607,POINT (-87.703466065816 41.788172647342)
JC447911,,9/25/2019 13:30,30,NO CONTROLS,NO CONTROLS,CLEAR,DAYLIGHT,SIDESWIPE SAME DIRECTION,ONE-WAY,,STRAIGHT AND LEVEL,DRY,NO DEFECTS,ON SCENE,NO INJURY / DRIVE AWAY,,,N,"$501 - $1,500",9/25/2019 13:33,DISTRACTION - FROM INSIDE VEHICLE,NOT APPLICABLE,4546,N,KARLOV AVE,1722,,,,,,,2,NO INDICATION OF INJURY,0,0,0,0,0,2,0,13,4,9,41.96389328,-87.73048392,POINT (-87.73048391527 41.963893276103)
JC447888,,9/25/2019 13:20,30,NO CONTROLS,NO CONTROLS,CLEAR,DAYLIGHT,PARKED MOTOR VEHICLE,ONE-WAY,,STRAIGHT AND LEVEL,DRY,NO DEFECTS,ON SCENE,NO INJURY / DRIVE AWAY,N,,,$500 OR LESS,9/25/2019 13:20,NOT APPLICABLE,NOT APPLICABLE,825,W,ADAMS ST,1232,,Y,,,,,2,NO INDICATION OF INJURY,0,0,0,0,0,2,0,13,4,9,41.8790894,-87.64839029,POINT (-87.648390289748 41.879089404257)
JC447912,,9/25/2019 13:15,30,NO CONTROLS,NO CONTROLS,CLEAR,DAYLIGHT,FIXED OBJECT,NOT DIVIDED,,STRAIGHT AND LEVEL,UNKNOWN,UNKNOWN,NOT ON SCENE (DESK REPORT),NO INJURY / DRIVE AWAY,,,,"OVER $1,500",9/25/2019 13:45,UNABLE TO DETERMINE,NOT APPLICABLE,800,W,76TH ST,621,,,,,,,1,NO INDICATION OF INJURY,0,0,0,0,0,1,0,13,4,9,41.75620369,-87.64422198,POINT (-87.64422197609 41.756203689605)
JC447901,,9/25/2019 13:14,30,TRAFFIC SIGNAL,FUNCTIONING PROPERLY,CLEAR,DAYLIGHT,SIDESWIPE SAME DIRECTION,NOT DIVIDED,,STRAIGHT ON HILLCREST,DRY,UNKNOWN,ON SCENE,NO INJURY / DRIVE AWAY,,,Y,"OVER $1,500",9/25/2019 13:40,IMPROPER LANE USAGE,NOT APPLICABLE,300,N,HALSTED ST,1214,,,,,,,2,NO INDICATION OF INJURY,0,0,0,0,0,2,0,13,4,9,41.88682459,-87.64765355,POINT (-87.647653551662 41.886824584631)
JC447878,,9/25/2019 13:11,30,TRAFFIC SIGNAL,FUNCTIONING PROPERLY,CLEAR,DAYLIGHT,TURNING,FOUR WAY,,STRAIGHT AND LEVEL,DRY,NO DEFECTS,ON SCENE,NO INJURY / DRIVE AWAY,Y,,,"$501 - $1,500",9/25/2019 13:11,FOLLOWING TOO CLOSELY,UNABLE TO DETERMINE,400,W,BELMONT AVE,1925,,,,,,,2,NO INDICATION OF INJURY,0,0,0,0,0,4,0,13,4,9,41.94024119,-87.63963911,POINT (-87.639639114276 41.940241193256)
JC447925,,9/25/2019 13:09,20,NO CONTROLS,NO CONTROLS,CLEAR,DAYLIGHT,REAR END,NOT DIVIDED,,STRAIGHT AND LEVEL,DRY,NO DEFECTS,ON SCENE,NO INJURY / DRIVE AWAY,,,Y,"$501 - $1,500",9/25/2019 13:09,UNABLE TO DETERMINE,FOLLOWING TOO CLOSELY,2139,W,WEBSTER AVE,1432,,,,,,,2,NO INDICATION OF INJURY,0,0,0,0,0,2,0,13,4,9,41.9212171,-87.68179783,POINT (-87.681797826954 41.921217096999)
JC447905,,9/25/2019 13:07,30,NO CONTROLS,NO CONTROLS,CLEAR,DAYLIGHT,FIXED OBJECT,DIVIDED - W/MEDIAN BARRIER,,STRAIGHT AND LEVEL,DRY,NO DEFECTS,ON SCENE,INJURY AND / OR TOW DUE TO CRASH,,Y,,"OVER $1,500",9/25/2019 13:07,DISREGARDING OTHER TRAFFIC SIGNS,UNABLE TO DETERMINE,8327,S,JEFFERY BLVD,412,,,,,,,1,NO INDICATION OF INJURY,0,0,0,0,0,1,0,13,4,9,41.7437582,-87.57569475,POINT (-87.575694744708 41.743758197411)
JC447981,N,9/25/2019 13:06,25,NO CONTROLS,NO CONTROLS,CLEAR,DAYLIGHT,PARKED MOTOR VEHICLE,NOT DIVIDED,,STRAIGHT AND LEVEL,DRY,NO DEFECTS,ON SCENE,NO INJURY / DRIVE AWAY,,,,"OVER $1,500",9/25/2019 14:00,IMPROPER BACKING,NOT APPLICABLE,5325,N,SHERIDAN RD,2023,,,,,,,2,NO INDICATION OF INJURY,0,0,0,0,0,1,0,13,4,9,41.97893359,-87.65490203,POINT (-87.654902029506 41.978933591162)
JC448034,,9/25/2019 13:00,30,NO CONTROLS,NO CONTROLS,CLEAR,DAYLIGHT,TURNING,DIVIDED - W/MEDIAN (NOT RAISED),,STRAIGHT AND LEVEL,DRY,NO DEFECTS,NOT ON SCENE (DESK REPORT),NO INJURY / DRIVE AWAY,,,,"OVER $1,500",9/25/2019 15:21,IMPROPER TURNING/NO SIGNAL,IMPROPER TURNING/NO SIGNAL,5499,N,SHERIDAN RD,2023,,,,,,,3,NO INDICATION OF INJURY,0,0,0,0,0,3,0,13,4,9,41.98185718,-87.65499259,POINT (-87.654992590306 41.98185718291)
JC447958,,9/25/2019 13:00,30,NO CONTROLS,NO CONTROLS,CLEAR,DAYLIGHT,REAR END,ONE-WAY,,STRAIGHT AND LEVEL,DRY,NO DEFECTS,,NO INJURY / DRIVE AWAY,,,,"OVER $1,500",9/25/2019 13:00,DISTRACTION - FROM INSIDE VEHICLE,DISTRACTION - FROM INSIDE VEHICLE,3983,S,LAKE PARK AVE,214,,,,,,,2,NO INDICATION OF INJURY,0,0,0,0,0,2,0,13,4,9,41.82290909,-87.60242364,POINT (-87.602423643395 41.822909089603)
JC447921,,9/25/2019 12:47,30,TRAFFIC SIGNAL,UNKNOWN,CLEAR,DAYLIGHT,TURNING,T-INTERSECTION,,STRAIGHT AND LEVEL,UNKNOWN,UNKNOWN,NOT ON SCENE (DESK REPORT),INJURY AND / OR TOW DUE TO CRASH,,,,"OVER $1,500",9/25/2019 14:00,FAILING TO YIELD RIGHT-OF-WAY,UNABLE TO DETERMINE,4000,N,OAK PARK AVE,1632,,,,,,,2,"REPORTED, NOT EVIDENT",1,0,0,0,1,1,0,12,4,9,41.95284661,-87.79642351,POINT (-87.796423504516 41.952846611384)
JC447904,,9/25/2019 12:45,30,NO CONTROLS,NO CONTROLS,CLEAR,DAYLIGHT,TURNING,ALLEY,,STRAIGHT AND LEVEL,DRY,NO DEFECTS,NOT ON SCENE (DESK REPORT),NO INJURY / DRIVE AWAY,,,,"OVER $1,500",9/25/2019 13:25,UNABLE TO DETERMINE,UNABLE TO DETERMINE,1014,S,MAY ST,1232,,,,,,,2,NO INDICATION OF INJURY,0,0,0,0,0,2,0,12,4,9,41.86894294,-87.65538717,POINT (-87.655387170871 41.868942941564)
JC447864,,9/25/2019 12:40,35,TRAFFIC SIGNAL,FUNCTIONING PROPERLY,CLEAR,DAYLIGHT,REAR END,DIVIDED - W/MEDIAN BARRIER,,STRAIGHT AND LEVEL,DRY,NO DEFECTS,ON SCENE,NO INJURY / DRIVE AWAY,,,Y,"$501 - $1,500",9/25/2019 12:48,FOLLOWING TOO CLOSELY,UNABLE TO DETERMINE,2200,W,95TH ST,2221,,,,,,,2,NO INDICATION OF INJURY,0,0,0,0,0,2,0,12,4,9,41.72111941,-87.67728282,POINT (-87.677282823239 41.721119413196)
JC447897,,9/25/2019 12:35,20,TRAFFIC SIGNAL,FUNCTIONING PROPERLY,CLEAR,DAYLIGHT,SIDESWIPE SAME DIRECTION,DIVIDED - W/MEDIAN (NOT RAISED),,STRAIGHT AND LEVEL,DRY,NO DEFECTS,NOT ON SCENE (DESK REPORT),NO INJURY / DRIVE AWAY,,,,$500 OR LESS,9/25/2019 15:00,FOLLOWING TOO CLOSELY,FOLLOWING TOO CLOSELY,7357,N,CLARK ST,2423,,,,,,,2,NO INDICATION OF INJURY,0,0,0,0,0,2,0,12,4,9,42.01544899,-87.67495948,POINT (-87.674959476421 42.015448985777)
JC448258,,9/25/2019 12:30,15,NO CONTROLS,NO CONTROLS,CLEAR,DAYLIGHT,PARKED MOTOR VEHICLE,PARKING LOT,,STRAIGHT AND LEVEL,DRY,NO DEFECTS,NOT ON SCENE (DESK REPORT),NO INJURY / DRIVE AWAY,,Y,,"$501 - $1,500",9/25/2019 17:30,IMPROPER BACKING,UNABLE TO DETERMINE,10000,W,OHARE ST,1651,,,,,,,2,NO INDICATION OF INJURY,0,0,0,0,0,2,0,12,4,9,41.97620114,-87.90530913,POINT (-87.905309125103 41.976201139024)
JC447871,,9/25/2019 12:30,25,STOP SIGN/FLASHER,NO CONTROLS,CLEAR,DAYLIGHT,TURNING,T-INTERSECTION,,STRAIGHT AND LEVEL,DRY,NO DEFECTS,ON SCENE,NO INJURY / DRIVE AWAY,,,,"$501 - $1,500",9/25/2019 12:38,UNABLE TO DETERMINE,NOT APPLICABLE,2400,S,NORMAL AVE,914,,,,,,,2,NO INDICATION OF INJURY,0,0,0,0,0,2,0,12,4,9,41.84895514,-87.64020427,POINT (-87.640204273487 41.848955144028)
JC447834,,9/25/2019 12:30,30,TRAFFIC SIGNAL,FUNCTIONING PROPERLY,CLEAR,DAYLIGHT,ANGLE,NOT DIVIDED,,STRAIGHT AND LEVEL,DRY,NO DEFECTS,ON SCENE,INJURY AND / OR TOW DUE TO CRASH,Y,,,"$501 - $1,500",9/25/2019 12:30,FAILING TO REDUCE SPEED TO AVOID CRASH,NOT APPLICABLE,10300,S,DR MARTIN LUTHER KING JR DR,512,,,,,,,2,NONINCAPACITATING INJURY,5,0,0,5,0,0,0,12,4,9,41.70722207,-87.61391161,POINT (-87.613911604658 41.707222065075)
JC447863,Y,9/25/2019 12:26,30,STOP SIGN/FLASHER,FUNCTIONING PROPERLY,CLEAR,DAYLIGHT,ANGLE,FOUR WAY,,STRAIGHT AND LEVEL,DRY,NO DEFECTS,ON SCENE,INJURY AND / OR TOW DUE TO CRASH,Y,,,"OVER $1,500",9/25/2019 12:45,FAILING TO YIELD RIGHT-OF-WAY,NOT APPLICABLE,1850,W,OGDEN AVE,1225,,,,,,,2,"REPORTED, NOT EVIDENT",1,0,0,0,1,3,0,12,4,9,41.87577504,-87.67301419,POINT (-87.673014192278 41.875775038011)
JC447875,,9/25/2019 12:20,20,NO CONTROLS,NO CONTROLS,CLEAR,DAYLIGHT,REAR END,DIVIDED - W/MEDIAN (NOT RAISED),,STRAIGHT AND LEVEL,DRY,NO DEFECTS,NOT ON SCENE (DESK REPORT),NO INJURY / DRIVE AWAY,,,,"$501 - $1,500",9/25/2019 14:00,ROAD CONSTRUCTION/MAINTENANCE,ROAD CONSTRUCTION/MAINTENANCE,1103,W,BRYN MAWR AVE,2023,,,,,,,2,NO INDICATION OF INJURY,0,0,0,0,0,2,0,12,4,9,41.98354587,-87.65818694,POINT (-87.658186936243 41.983545872692)
JC447822,,9/25/2019 12:10,10,NO CONTROLS,NO CONTROLS,CLEAR,DAYLIGHT,FIXED OBJECT,OTHER,,STRAIGHT AND LEVEL,DRY,NO DEFECTS,ON SCENE,NO INJURY / DRIVE AWAY,,Y,,"$501 - $1,500",9/25/2019 12:30,NOT APPLICABLE,NOT APPLICABLE,5300,N,WESTERN AVE,2011,,,,,,,1,NO INDICATION OF INJURY,0,0,0,0,0,1,0,12,4,9,41.97779527,-87.68937178,POINT (-87.689371782613 41.977795265747)
JC447933,,9/25/2019 12:01,20,NO CONTROLS,NO CONTROLS,CLEAR,DAYLIGHT,FIXED OBJECT,NOT DIVIDED,,STRAIGHT AND LEVEL,DRY,NO DEFECTS,ON SCENE,INJURY AND / OR TOW DUE TO CRASH,,,,$500 OR LESS,9/25/2019 13:56,UNABLE TO DETERMINE,UNABLE TO DETERMINE,1926,W,POLK ST,1231,,Y,,,,,1,NO INDICATION OF INJURY,0,0,0,0,0,1,0,12,4,9,41.87161031,-87.67484389,POINT (-87.674843887593 41.871610309181)
JC447838,,9/25/2019 12:00,20,TRAFFIC SIGNAL,FUNCTIONING PROPERLY,CLEAR,DAYLIGHT,SIDESWIPE SAME DIRECTION,NOT DIVIDED,,STRAIGHT AND LEVEL,DRY,NO DEFECTS,ON SCENE,NO INJURY / DRIVE AWAY,Y,,,"OVER $1,500",9/25/2019 12:05,IMPROPER LANE USAGE,FAILING TO YIELD RIGHT-OF-WAY,1158,W,LAWRENCE AVE,2033,,,,,,,2,NO INDICATION OF INJURY,0,0,0,0,0,2,0,12,4,9,41.96913588,-87.65963525,POINT (-87.659635249567 41.969135876999)
JC447793,,9/25/2019 11:55,30,NO CONTROLS,NO CONTROLS,CLEAR,DAYLIGHT,TURNING,NOT DIVIDED,,STRAIGHT AND LEVEL,DRY,NO DEFECTS,ON SCENE,NO INJURY / DRIVE AWAY,,,,"OVER $1,500",9/25/2019 11:55,FAILING TO YIELD RIGHT-OF-WAY,FAILING TO YIELD RIGHT-OF-WAY,8330,S,COTTAGE GROVE AVE,632,,,,,,,2,NO INDICATION OF INJURY,0,0,0,0,0,3,0,11,4,9,41.74300975,-87.60515311,POINT (-87.605153108341 41.74300974563)
JC447903,,9/25/2019 11:50,30,NO CONTROLS,NO CONTROLS,CLEAR,DAYLIGHT,REAR END,DIVIDED - W/MEDIAN (NOT RAISED),,STRAIGHT AND LEVEL,DRY,NO DEFECTS,NOT ON SCENE (DESK REPORT),NO INJURY / DRIVE AWAY,,,,"OVER $1,500",9/25/2019 11:51,UNABLE TO DETERMINE,UNABLE TO DETERMINE,3422,S,ASHLAND AVE,912,,,,,,,2,NO INDICATION OF INJURY,0,0,0,0,0,4,0,11,4,9,41.8316201,-87.66573491,POINT (-87.665734906646 41.831620094976)
JC447809,,9/25/2019 11:45,35,TRAFFIC SIGNAL,FUNCTIONING PROPERLY,CLEAR,DAYLIGHT,TURNING,NOT DIVIDED,,STRAIGHT AND LEVEL,DRY,NO DEFECTS,ON SCENE,NO INJURY / DRIVE AWAY,Y,,,"OVER $1,500",9/25/2019 11:50,IMPROPER OVERTAKING/PASSING,IMPROPER OVERTAKING/PASSING,8301,S,PULASKI RD,834,,,,,,,2,NO INDICATION OF INJURY,0,0,0,0,0,2,0,11,4,9,41.74213632,-87.72153107,POINT (-87.721531071176 41.742136324128)
JC447808,,9/25/2019 11:40,30,NO CONTROLS,NO CONTROLS,CLEAR,DAYLIGHT,TURNING,NOT DIVIDED,,STRAIGHT AND LEVEL,DRY,NO DEFECTS,ON SCENE,NO INJURY / DRIVE AWAY,,,,"OVER $1,500",9/25/2019 12:00,UNABLE TO DETERMINE,NOT APPLICABLE,2808,N,CALIFORNIA AVE,1411,,,,,,,2,NO INDICATION OF INJURY,0,0,0,0,0,3,0,11,4,9,41.93239994,-87.69777149,POINT (-87.697771486445 41.93239993816)
JC447807,,9/25/2019 11:40,30,TRAFFIC SIGNAL,NO CONTROLS,CLEAR,DAYLIGHT,PEDESTRIAN,NOT DIVIDED,,STRAIGHT AND LEVEL,DRY,NO DEFECTS,ON SCENE,INJURY AND / OR TOW DUE TO CRASH,,,,$500 OR LESS,9/25/2019 11:44,FAILING TO YIELD RIGHT-OF-WAY,UNABLE TO DETERMINE,6500,W,IRVING PARK RD,1632,,,,,,,2,INCAPACITATING INJURY,1,0,1,0,0,1,0,11,4,9,41.9529842,-87.78908383,POINT (-87.789083830955 41.952984202879)