RD_NO,CRASH_DATE_EST_I,CRASH_DATE,POSTED_SPEED_LIMIT,TRAFFIC_CONTROL_DEVICE,DEVICE_CONDITION,WEATHER_CONDITION,LIGHTING_CONDITION,FIRST_CRASH_TYPE,TRAFFICWAY_TYPE,LANE_CNT,ALIGNMENT,ROADWAY_SURFACE_COND,ROAD_DEFECT,REPORT_TYPE,CRASH_TYPE,INTERSECTION_RELATED_I,NOT_RIGHT_OF_WAY_I,HIT_AND_RUN_I,DAMAGE,DATE_POLICE_NOTIFIED,PRIM_CONTRIBUTORY_CAUSE,SEC_CONTRIBUTORY_CAUSE,STREET_NO,STREET_DIRECTION,STREET_NAME,BEAT_OF_OCCURRENCE,PHOTOS_TAKEN_I,STATEMENTS_TAKEN_I,DOORING_I,WORK_ZONE_I,WORK_ZONE_TYPE,WORKERS_PRESENT_I,NUM_UNITS,MOST_SEVERE_INJURY,INJURIES_TOTAL,INJURIES_FATAL,INJURIES_INCAPACITATING,INJURIES_NON_INCAPACITATING,INJURIES_REPORTED_NOT_EVIDENT,INJURIES_NO_INDICATION,INJURIES_UNKNOWN,CRASH_HOUR,CRASH_DAY_OF_WEEK,CRASH_MONTH,LATITUDE,LONGITUDE,LOCATION
JC447763,,9/25/2019 11:36,15,NO CONTROLS,NO CONTROLS,CLEAR,DAYLIGHT,FIXED OBJECT,PARKING LOT,,STRAIGHT AND LEVEL,DRY,NO DEFECTS,ON SCENE,NO INJURY / DRIVE AWAY,,Y,,"OVER $1,500",9/25/2019 11:37,UNABLE TO DETERMINE,NOT APPLICABLE,9120,S,EXCHANGE AVE,423,,,,,,,1,NO INDICATION OF INJURY,0,0,0,0,0,1,0,11,4,9,41.72939699,-87.55276968,POINT (-87.55276967906 41.729396984712)
JC447758,,9/25/2019 11:27,30,TRAFFIC SIGNAL,FUNCTIONING PROPERLY,CLEAR,DAYLIGHT,HEAD ON,"FIVE POINT, OR MORE",,STRAIGHT AND LEVEL,DRY,NO DEFECTS,ON SCENE,INJURY AND / OR TOW DUE TO CRASH,Y,,Y,"OVER $1,500",9/25/2019 11:30,DISREGARDING TRAFFIC SIGNALS,NOT APPLICABLE,6700,S,DR MARTIN LUTHER KING JR DR,322,,,,,,,2,NO INDICATION OF INJURY,0,0,0,0,0,2,0,11,4,9,41.77291003,-87.61559471,POINT (-87.615594705433 41.772910033936)
JC447791,,9/25/2019 11:15,30,NO CONTROLS,NO CONTROLS,CLEAR,DAYLIGHT,TURNING,NOT DIVIDED,,STRAIGHT AND LEVEL,DRY,NO DEFECTS,ON SCENE,NO INJURY / DRIVE AWAY,,,,"OVER $1,500",9/25/2019 11:21,UNABLE TO DETERMINE,UNABLE TO DETERMINE,8330,S,COTTAGE GROVE AVE,632,,,,,,,2,NO INDICATION OF INJURY,0,0,0,0,0,3,0,11,4,9,41.74300975,-87.60515311,POINT (-87.605153108341 41.74300974563)
JC447768,,9/25/2019 11:15,30,NO CONTROLS,NO CONTROLS,CLEAR,DAYLIGHT,PARKED MOTOR VEHICLE,ALLEY,,STRAIGHT AND LEVEL,DRY,NO DEFECTS,ON SCENE,NO INJURY / DRIVE AWAY,,,,$500 OR LESS,9/25/2019 11:30,UNABLE TO DETERMINE,NOT APPLICABLE,6300,N,CALIFORNIA AVE,2413,,,,,,,2,NO INDICATION OF INJURY,0,0,0,0,0,1,0,11,4,9,41.99585588,-87.69972746,POINT (-87.699727462423 41.995855875363)
JC447738,,9/25/2019 11:15,30,TRAFFIC SIGNAL,FUNCTIONING PROPERLY,CLEAR,DAYLIGHT,TURNING,DIVIDED - W/MEDIAN (NOT RAISED),,STRAIGHT AND LEVEL,DRY,NO DEFECTS,ON SCENE,INJURY AND / OR TOW DUE TO CRASH,N,,,"OVER $1,500",9/25/2019 11:16,IMPROPER LANE USAGE,UNABLE TO DETERMINE,3414,S,ARCHER AVE,912,,,,,,,2,NONINCAPACITATING INJURY,1,0,0,1,0,4,0,11,4,9,41.83183073,-87.67552719,POINT (-87.675527191958 41.831830730215)
JC447771,,9/25/2019 11:10,30,NO CONTROLS,NO CONTROLS,CLEAR,DAYLIGHT,SIDESWIPE SAME DIRECTION,NOT DIVIDED,,STRAIGHT AND LEVEL,DRY,NO DEFECTS,ON SCENE,INJURY AND / OR TOW DUE TO CRASH,,,Y,"OVER $1,500",9/25/2019 11:18,UNDER THE INFLUENCE OF ALCOHOL/DRUGS (USE WHEN ARREST IS EFFECTED),UNDER THE INFLUENCE OF ALCOHOL/DRUGS (USE WHEN ARREST IS EFFECTED),5228,W,BELMONT AVE,1634,,,,,,,3,NO INDICATION OF INJURY,0,0,0,0,0,2,0,11,4,9,41.93879503,-87.75787801,POINT (-87.757878004629 41.938795030533)
JC447754,,9/25/2019 11:10,30,NO CONTROLS,NO CONTROLS,CLEAR,DAYLIGHT,SIDESWIPE SAME DIRECTION,NOT DIVIDED,,STRAIGHT AND LEVEL,DRY,NO DEFECTS,NOT ON SCENE (DESK REPORT),NO INJURY / DRIVE AWAY,,,,"OVER $1,500",9/25/2019 11:45,IMPROPER LANE USAGE,FAILING TO REDUCE SPEED TO AVOID CRASH,4234,W,NORTH AVE,2534,,,,,,,2,NO INDICATION OF INJURY,0,0,0,0,0,2,0,11,4,9,41.90991058,-87.73269824,POINT (-87.732698241306 41.909910583018)
JC447720,,9/25/2019 11:10,30,TRAFFIC SIGNAL,FUNCTIONING PROPERLY,CLEAR,DAYLIGHT,PEDALCYCLIST,FOUR WAY,,STRAIGHT AND LEVEL,DRY,WORN SURFACE,ON SCENE,INJURY AND / OR TOW DUE TO CRASH,Y,,,"OVER $1,500",9/25/2019 11:15,IMPROPER LANE USAGE,UNABLE TO DETERMINE,6401,N,CLARK ST,2432,,,,,,,2,NONINCAPACITATING INJURY,1,0,0,1,0,1,0,11,4,9,41.99814572,-87.67046302,POINT (-87.670463023676 41.998145724489)
JC447753,,9/25/2019 11:05,30,NO CONTROLS,NO CONTROLS,CLEAR,DAYLIGHT,TURNING,NOT DIVIDED,,STRAIGHT AND LEVEL,DRY,UNKNOWN,NOT ON SCENE (DESK REPORT),NO INJURY / DRIVE AWAY,,,,"$501 - $1,500",9/25/2019 11:30,IMPROPER OVERTAKING/PASSING,IMPROPER OVERTAKING/PASSING,3120,W,BELMONT AVE,1733,,,,,,,2,NO INDICATION OF INJURY,0,0,0,0,0,2,0,11,4,9,41.93945587,-87.70576473,POINT (-87.705764732633 41.939455869016)
JC447806,Y,9/25/2019 11:00,30,NO CONTROLS,NO CONTROLS,CLEAR,DAYLIGHT,PARKED MOTOR VEHICLE,NOT DIVIDED,,STRAIGHT AND LEVEL,DRY,NO DEFECTS,ON SCENE,NO INJURY / DRIVE AWAY,,,Y,"OVER $1,500",9/25/2019 11:00,UNABLE TO DETERMINE,UNABLE TO DETERMINE,5742,N,HERMITAGE AVE,2012,,,,,,,2,NO INDICATION OF INJURY,0,0,0,0,0,1,0,11,4,9,41.98634772,-87.67324053,POINT (-87.673240529576 41.986347722949)
JC447739,Y,9/25/2019 11:00,25,STOP SIGN/FLASHER,FUNCTIONING PROPERLY,CLEAR,DAYLIGHT,ANGLE,FOUR WAY,,STRAIGHT AND LEVEL,DRY,NO DEFECTS,ON SCENE,INJURY AND / OR TOW DUE TO CRASH,Y,,,"OVER $1,500",9/25/2019 11:06,DISREGARDING OTHER TRAFFIC SIGNS,FAILING TO YIELD RIGHT-OF-WAY,1599,W,GREENLEAF AVE,2423,,,,,,,2,NONINCAPACITATING INJURY,1,0,0,1,0,1,0,11,4,9,42.01016628,-87.67000513,POINT (-87.670005124738 42.010166281514)
JC447710,,9/25/2019 10:51,20,NO CONTROLS,NO CONTROLS,CLEAR,DAYLIGHT,SIDESWIPE SAME DIRECTION,ONE-WAY,,STRAIGHT AND LEVEL,DRY,NO DEFECTS,ON SCENE,NO INJURY / DRIVE AWAY,,,Y,"OVER $1,500",9/25/2019 10:53,FOLLOWING TOO CLOSELY,DRIVING SKILLS/KNOWLEDGE/EXPERIENCE,2,W,TERMINAL ST,1652,,,,,,,2,NO INDICATION OF INJURY,0,0,0,0,0,2,0,10,4,9,,,
JC447682,,9/25/2019 10:43,30,NO CONTROLS,NO CONTROLS,CLEAR,DAYLIGHT,FIXED OBJECT,PARKING LOT,,STRAIGHT AND LEVEL,DRY,NO DEFECTS,ON SCENE,NO INJURY / DRIVE AWAY,,,,"OVER $1,500",9/25/2019 10:50,DRIVING SKILLS/KNOWLEDGE/EXPERIENCE,NOT APPLICABLE,505,N,ASHLAND AVE,1215,,,,,,,1,NO INDICATION OF INJURY,0,0,0,0,0,1,0,10,4,9,41.89114006,-87.66699947,POINT (-87.666999473302 41.89114005929)
JC447663,,9/25/2019 10:41,30,NO CONTROLS,NO CONTROLS,CLEAR,DAYLIGHT,SIDESWIPE SAME DIRECTION,DIVIDED - W/MEDIAN (NOT RAISED),,STRAIGHT AND LEVEL,DRY,NO DEFECTS,ON SCENE,INJURY AND / OR TOW DUE TO CRASH,,,,"OVER $1,500",9/25/2019 10:42,FAILING TO REDUCE SPEED TO AVOID CRASH,UNABLE TO DETERMINE,5130,N,MILWAUKEE AVE,1623,,,,,,,4,"REPORTED, NOT EVIDENT",1,0,0,0,1,1,0,10,4,9,41.97351811,-87.76598532,POINT (-87.76598531554 41.973518105002)
JC447714,,9/25/2019 10:40,30,TRAFFIC SIGNAL,FUNCTIONING PROPERLY,CLEAR,DAYLIGHT,SIDESWIPE SAME DIRECTION,NOT DIVIDED,,STRAIGHT AND LEVEL,DRY,NO DEFECTS,ON SCENE,NO INJURY / DRIVE AWAY,,,,"$501 - $1,500",9/25/2019 10:48,DRIVING SKILLS/KNOWLEDGE/EXPERIENCE,UNABLE TO DETERMINE,3400,S,PULASKI RD,1031,,,,,,,2,NO INDICATION OF INJURY,0,0,0,0,0,2,0,10,4,9,41.83182619,-87.72438983,POINT (-87.724389831033 41.831826191067)
JC447709,,9/25/2019 10:40,25,NO CONTROLS,NO CONTROLS,CLEAR,DAYLIGHT,PARKED MOTOR VEHICLE,ONE-WAY,,STRAIGHT AND LEVEL,DRY,NO DEFECTS,ON SCENE,NO INJURY / DRIVE AWAY,,,,"$501 - $1,500",9/25/2019 10:52,DRIVING SKILLS/KNOWLEDGE/EXPERIENCE,UNABLE TO DETERMINE,5331,W,FERDINAND ST,1523,,,,,,,2,NO INDICATION OF INJURY,0,0,0,0,0,2,0,10,4,9,41.88880206,-87.75908399,POINT (-87.759083991405 41.888802056383)
JC448497,,9/25/2019 10:33,30,STOP SIGN/FLASHER,FUNCTIONING PROPERLY,CLEAR,"DARKNESS, LIGHTED ROAD",REAR END,DIVIDED - W/MEDIAN (NOT RAISED),,STRAIGHT AND LEVEL,DRY,UNKNOWN,ON SCENE,INJURY AND / OR TOW DUE TO CRASH,,,,$500 OR LESS,9/25/2019 10:34,DRIVING SKILLS/KNOWLEDGE/EXPERIENCE,NOT APPLICABLE,5516,N,CLARK ST,2012,,,,,,,2,NONINCAPACITATING INJURY,3,0,0,3,0,3,0,10,4,9,41.98218989,-87.66865163,POINT (-87.668651627961 41.982189884614)
JC448357,,9/25/2019 10:30,30,TRAFFIC SIGNAL,FUNCTIONING PROPERLY,CLEAR,DAYLIGHT,SIDESWIPE SAME DIRECTION,NOT DIVIDED,,STRAIGHT AND LEVEL,DRY,NO DEFECTS,NOT ON SCENE (DESK REPORT),NO INJURY / DRIVE AWAY,,,,"$501 - $1,500",9/25/2019 18:50,UNABLE TO DETERMINE,NOT APPLICABLE,1152,S,CICERO AVE,1533,,,,,,,2,NO INDICATION OF INJURY,0,0,0,0,0,2,0,10,4,9,41.8659742,-87.74490349,POINT (-87.744903494382 41.865974196113)
JC447666,,9/25/2019 10:30,30,TRAFFIC SIGNAL,FUNCTIONING PROPERLY,CLEAR,DAYLIGHT,SIDESWIPE SAME DIRECTION,NOT DIVIDED,,STRAIGHT AND LEVEL,DRY,NO DEFECTS,ON SCENE,NO INJURY / DRIVE AWAY,Y,,Y,"OVER $1,500",9/25/2019 10:33,UNABLE TO DETERMINE,UNABLE TO DETERMINE,2417,S,DAMEN AVE,1034,,,,,,,2,NO INDICATION OF INJURY,0,0,0,0,0,2,0,10,4,9,41.8480853,-87.67558779,POINT (-87.675587793277 41.84808529921)
JC447660,,9/25/2019 10:15,30,NO CONTROLS,FUNCTIONING PROPERLY,CLEAR,DAYLIGHT,PARKED MOTOR VEHICLE,NOT DIVIDED,,STRAIGHT AND LEVEL,DRY,NO DEFECTS,ON SCENE,NO INJURY / DRIVE AWAY,,,,$500 OR LESS,9/25/2019 10:18,ROAD CONSTRUCTION/MAINTENANCE,NOT APPLICABLE,6313,S,MARYLAND AVE,312,,,,Y,MAINTENANCE,Y,2,NO INDICATION OF INJURY,0,0,0,0,0,1,0,10,4,9,41.7800056,-87.60449173,POINT (-87.604491733742 41.780005596843)
JC447657,,9/25/2019 10:15,30,TRAFFIC SIGNAL,FUNCTIONING PROPERLY,CLEAR,DAYLIGHT,ANGLE,NOT DIVIDED,,STRAIGHT AND LEVEL,DRY,NO DEFECTS,ON SCENE,NO INJURY / DRIVE AWAY,Y,,Y,"OVER $1,500",9/25/2019 10:17,DISREGARDING TRAFFIC SIGNALS,UNABLE TO DETERMINE,4600,N,ASHLAND AVE,1912,,,,,,,2,NO INDICATION OF INJURY,0,0,0,0,0,2,0,10,4,9,41.96532238,-87.66949683,POINT (-87.66949682492 41.965322383076)
JC447646,,9/25/2019 10:00,30,NO CONTROLS,NO CONTROLS,CLEAR,DAYLIGHT,SIDESWIPE SAME DIRECTION,NOT DIVIDED,,STRAIGHT AND LEVEL,DRY,NO DEFECTS,ON SCENE,INJURY AND / OR TOW DUE TO CRASH,,,,"OVER $1,500",9/25/2019 10:10,UNABLE TO DETERMINE,NOT APPLICABLE,4825,N,CENTRAL AVE,1623,,,,,,,2,NO INDICATION OF INJURY,0,0,0,0,0,2,0,10,4,9,41.96853024,-87.7673521,POINT (-87.767352097581 41.968530239617)
JC447697,Y,9/25/2019 9:45,35,NO CONTROLS,NO CONTROLS,CLEAR,DAYLIGHT,PARKED MOTOR VEHICLE,NOT DIVIDED,,STRAIGHT AND LEVEL,DRY,NO DEFECTS,NOT ON SCENE (DESK REPORT),NO INJURY / DRIVE AWAY,,,Y,"OVER $1,500",9/25/2019 11:30,NOT APPLICABLE,NOT APPLICABLE,11118,S,KEDZIE AVE,2211,,,,,,,2,NO INDICATION OF INJURY,0,0,0,0,0,1,0,9,4,9,41.69101069,-87.70094824,POINT (-87.700948242083 41.69101068724)
JC447671,,9/25/2019 9:30,35,STOP SIGN/FLASHER,FUNCTIONING PROPERLY,CLOUDY/OVERCAST,DAYLIGHT,REAR END,ONE-WAY,,STRAIGHT AND LEVEL,WET,NO DEFECTS,NOT ON SCENE (DESK REPORT),NO INJURY / DRIVE AWAY,,,,"OVER $1,500",9/25/2019 10:45,FAILING TO REDUCE SPEED TO AVOID CRASH,NOT APPLICABLE,1553,W,110TH ST,2234,Y,,,,,,2,NO INDICATION OF INJURY,0,0,0,0,0,2,0,9,4,9,41.69382679,-87.66183446,POINT (-87.661834462649 41.693826789939)
JC447608,,9/25/2019 9:15,5,NO CONTROLS,NO CONTROLS,CLEAR,DAYLIGHT,PARKED MOTOR VEHICLE,PARKING LOT,,STRAIGHT AND LEVEL,DRY,NO DEFECTS,ON SCENE,NO INJURY / DRIVE AWAY,,,Y,"OVER $1,500",9/25/2019 9:20,IMPROPER LANE USAGE,IMPROPER LANE USAGE,6211,N,LINCOLN AVE,1711,,,,,,,2,NO INDICATION OF INJURY,0,0,0,0,0,1,0,9,4,9,41.99481704,-87.71434277,POINT (-87.714342768281 41.994817043186)
JC447580,,9/25/2019 9:10,30,STOP SIGN/FLASHER,FUNCTIONING PROPERLY,CLEAR,DAYLIGHT,SIDESWIPE OPPOSITE DIRECTION,NOT DIVIDED,,STRAIGHT AND LEVEL,DRY,NO DEFECTS,ON SCENE,NO INJURY / DRIVE AWAY,Y,,,"OVER $1,500",9/25/2019 9:15,IMPROPER TURNING/NO SIGNAL,IMPROPER LANE USAGE,7222,W,CHASE AVE,1611,,,,,,,2,NO INDICATION OF INJURY,0,0,0,0,0,2,0,9,4,9,42.01361267,-87.80760998,POINT (-87.807609982048 42.013612667469)
JC447583,,9/25/2019 9:02,30,NO CONTROLS,NO CONTROLS,CLEAR,DAYLIGHT,TURNING,CENTER TURN LANE,,STRAIGHT AND LEVEL,DRY,NO DEFECTS,ON SCENE,INJURY AND / OR TOW DUE TO CRASH,,,,"OVER $1,500",9/25/2019 9:06,UNABLE TO DETERMINE,UNABLE TO DETERMINE,6505,S,HALSTED ST,723,,,,,,,2,NO INDICATION OF INJURY,0,0,0,0,0,2,0,9,4,9,41.77597239,-87.6445959,POINT (-87.644595897129 41.775972389332)
JC449075,Y,9/25/2019 9:00,30,NO CONTROLS,NO CONTROLS,UNKNOWN,UNKNOWN,FIXED OBJECT,ALLEY,,STRAIGHT AND LEVEL,DRY,NO DEFECTS,ON SCENE,NO INJURY / DRIVE AWAY,,,,"$501 - $1,500",9/26/2019 9:57,UNABLE TO DETERMINE,NOT APPLICABLE,10163,S,VAN VLISSINGEN RD,431,,,,,,,1,NO INDICATION OF INJURY,0,0,0,0,0,1,0,9,4,9,41.71010524,-87.56917389,POINT (-87.569173891718 41.710105242569)
JC447633,Y,9/25/2019 9:00,30,NO CONTROLS,NO CONTROLS,UNKNOWN,UNKNOWN,PARKED MOTOR VEHICLE,ONE-WAY,,STRAIGHT AND LEVEL,DRY,NO DEFECTS,ON SCENE,NO INJURY / DRIVE AWAY,,,Y,"OVER $1,500",9/25/2019 10:10,UNABLE TO DETERMINE,NOT APPLICABLE,6605,N,MAPLEWOOD AVE,2412,,,,,,,2,NO INDICATION OF INJURY,0,0,0,0,0,1,0,9,4,9,42.00150933,-87.69349816,POINT (-87.693498163721 42.001509334259)
JC447579,,9/25/2019 9:00,30,TRAFFIC SIGNAL,FUNCTIONING PROPERLY,CLEAR,DAYLIGHT,REAR END,NOT DIVIDED,,STRAIGHT AND LEVEL,"SAND, MUD, DIRT",NO DEFECTS,ON SCENE,NO INJURY / DRIVE AWAY,,,,"OVER $1,500",9/25/2019 9:04,UNABLE TO DETERMINE,UNABLE TO DETERMINE,1400,S,ASHLAND AVE,1233,,Y,,,,,2,NO INDICATION OF INJURY,0,0,0,0,0,2,0,9,4,9,41.86322023,-87.66644157,POINT (-87.666441569504 41.863220226428)
JC447557,,9/25/2019 9:00,30,NO CONTROLS,NO CONTROLS,CLEAR,DAYLIGHT,TURNING,DIVIDED - W/MEDIAN (NOT RAISED),,STRAIGHT AND LEVEL,DRY,NO DEFECTS,ON SCENE,NO INJURY / DRIVE AWAY,,,,"$501 - $1,500",9/25/2019 9:10,UNABLE TO DETERMINE,UNABLE TO DETERMINE,3965,N,HARLEM AVE,1632,,,,,,,2,NO INDICATION OF INJURY,0,0,0,0,0,2,0,9,4,9,41.95264358,-87.80711699,POINT (-87.807116985227 41.952643580465)
JC447545,,9/25/2019 9:00,30,YIELD,NO CONTROLS,CLEAR,DAYLIGHT,PARKED MOTOR VEHICLE,PARKING LOT,,STRAIGHT AND LEVEL,DRY,NO DEFECTS,ON SCENE,NO INJURY / DRIVE AWAY,,,,"OVER $1,500",9/25/2019 9:11,UNABLE TO DETERMINE,UNABLE TO DETERMINE,3901,S,ASHLAND AVE,924,,,,N,,,2,NO INDICATION OF INJURY,0,0,0,0,0,1,0,9,4,9,41.82304078,-87.66514908,POINT (-87.665149082589 41.823040776042)
JC447597,,9/25/2019 8:59,20,NO CONTROLS,NO CONTROLS,CLEAR,DAYLIGHT,SIDESWIPE SAME DIRECTION,ONE-WAY,,STRAIGHT AND LEVEL,DRY,NO DEFECTS,ON SCENE,NO INJURY / DRIVE AWAY,N,,,"OVER $1,500",9/25/2019 8:59,IMPROPER OVERTAKING/PASSING,PHYSICAL CONDITION OF DRIVER,8732,S,LOWE AVE,2223,,,,,,,2,NO INDICATION OF INJURY,0,0,0,0,0,2,0,8,4,9,41.73491358,-87.64008354,POINT (-87.640083534587 41.73491358073)
JC448065,,9/25/2019 8:49,35,NO CONTROLS,NO CONTROLS,CLEAR,DAYLIGHT,SIDESWIPE SAME DIRECTION,DIVIDED - W/MEDIAN (NOT RAISED),,STRAIGHT AND LEVEL,DRY,NO DEFECTS,NOT ON SCENE (DESK REPORT),NO INJURY / DRIVE AWAY,,,,"$501 - $1,500",9/25/2019 15:40,UNABLE TO DETERMINE,UNABLE TO DETERMINE,5214,W,55TH ST,814,,,,,,,2,NO INDICATION OF INJURY,0,0,0,0,0,2,0,8,4,9,41.79298665,-87.75322635,POINT (-87.75322634929 41.792986646933)
JC447631,,9/25/2019 8:40,30,UNKNOWN,UNKNOWN,UNKNOWN,DAYLIGHT,SIDESWIPE SAME DIRECTION,NOT DIVIDED,,STRAIGHT AND LEVEL,UNKNOWN,UNKNOWN,NOT ON SCENE (DESK REPORT),NO INJURY / DRIVE AWAY,,,,"$501 - $1,500",9/25/2019 10:20,UNABLE TO DETERMINE,NOT APPLICABLE,5150,W,55TH ST,814,,,,,,,2,NO INDICATION OF INJURY,0,0,0,0,0,3,0,8,4,9,41.79300286,-87.75211958,POINT (-87.752119580929 41.793002855945)
JC447584,,9/25/2019 8:40,30,NO CONTROLS,NOT FUNCTIONING,CLEAR,DAWN,PEDALCYCLIST,DIVIDED - W/MEDIAN (NOT RAISED),,STRAIGHT ON GRADE,DRY,NO DEFECTS,ON SCENE,INJURY AND / OR TOW DUE TO CRASH,,,Y,"$501 - $1,500",9/25/2019 9:10,UNABLE TO DETERMINE,UNABLE TO DETERMINE,680,W,GRAND AVE,1214,,,,,,,2,NONINCAPACITATING INJURY,1,0,0,1,0,1,0,8,4,9,41.89131968,-87.64582125,POINT (-87.645821244801 41.891319678395)
JC447567,,9/25/2019 8:35,30,TRAFFIC SIGNAL,FUNCTIONING PROPERLY,CLOUDY/OVERCAST,DAYLIGHT,REAR TO SIDE,FOUR WAY,,STRAIGHT AND LEVEL,DRY,NO DEFECTS,ON SCENE,INJURY AND / OR TOW DUE TO CRASH,Y,,,$500 OR LESS,9/25/2019 8:41,UNABLE TO DETERMINE,UNABLE TO DETERMINE,2400,W,47TH ST,922,,,,,,,2,"REPORTED, NOT EVIDENT",1,0,0,0,1,1,0,8,4,9,41.80854224,-87.6845482,POINT (-87.684548201832 41.808542244315)
JC450321,,9/25/2019 8:34,15,NO CONTROLS,NO CONTROLS,CLEAR,"DARKNESS, LIGHTED ROAD",OTHER OBJECT,PARKING LOT,,STRAIGHT AND LEVEL,DRY,NO DEFECTS,NOT ON SCENE (DESK REPORT),NO INJURY / DRIVE AWAY,,,,"$501 - $1,500",9/27/2019 10:15,"VISION OBSCURED (SIGNS, TREE LIMBS, BUILDINGS, ETC.)",UNABLE TO DETERMINE,8331,S,STEWART AVE,622,,,,,,,1,NO INDICATION OF INJURY,0,0,0,0,0,1,0,8,4,9,41.74257762,-87.63393693,POINT (-87.633936930688 41.742577617335)
JC447523,,9/25/2019 8:34,25,NO CONTROLS,NO CONTROLS,CLEAR,DAYLIGHT,PEDALCYCLIST,NOT DIVIDED,,STRAIGHT AND LEVEL,DRY,NO DEFECTS,ON SCENE,INJURY AND / OR TOW DUE TO CRASH,,,Y,$500 OR LESS,9/25/2019 9:00,IMPROPER OVERTAKING/PASSING,NOT APPLICABLE,1598,N,MILWAUKEE AVE,1424,,,Y,,,,2,INCAPACITATING INJURY,1,0,1,0,0,1,0,8,4,9,41.91031437,-87.67757007,POINT (-87.677570067641 41.91031437195)
JC447980,Y,9/25/2019 8:30,30,NO CONTROLS,NO CONTROLS,CLEAR,DAYLIGHT,PARKED MOTOR VEHICLE,ONE-WAY,,STRAIGHT AND LEVEL,DRY,NO DEFECTS,NOT ON SCENE (DESK REPORT),NO INJURY / DRIVE AWAY,,,Y,"$501 - $1,500",9/25/2019 14:35,FAILING TO REDUCE SPEED TO AVOID CRASH,NOT APPLICABLE,1240,W,ADAMS ST,1224,,,,,,,2,NO INDICATION OF INJURY,0,0,0,0,0,1,0,8,4,9,41.87914318,-87.65864161,POINT (-87.658641605044 41.879143181571)
JC447797,,9/25/2019 8:30,30,TRAFFIC SIGNAL,FUNCTIONING PROPERLY,UNKNOWN,DAYLIGHT,TURNING,UNKNOWN INTERSECTION TYPE,,STRAIGHT AND LEVEL,UNKNOWN,UNKNOWN,NOT ON SCENE (DESK REPORT),NO INJURY / DRIVE AWAY,Y,,,"OVER $1,500",9/25/2019 12:00,UNABLE TO DETERMINE,NOT APPLICABLE,2801,N,CENTRAL PARK AVE,1412,,,,,,,2,NO INDICATION OF INJURY,0,0,0,0,0,2,0,8,4,9,41.93195795,-87.7170487,POINT (-87.717048699685 41.93195794617)
JC447688,,9/25/2019 8:30,30,NO CONTROLS,NO CONTROLS,CLEAR,DAYLIGHT,ANGLE,DIVIDED - W/MEDIAN (NOT RAISED),,STRAIGHT AND LEVEL,DRY,NO DEFECTS,,NO INJURY / DRIVE AWAY,,,,"OVER $1,500",9/25/2019 11:30,IMPROPER BACKING,IMPROPER BACKING,830,N,LARRABEE ST,1822,,,,,,,2,NO INDICATION OF INJURY,0,0,0,0,0,2,0,8,4,9,41.89744795,-87.64311185,POINT (-87.643111854402 41.897447952379)
JC447676,,9/25/2019 8:30,30,NO CONTROLS,NO CONTROLS,CLEAR,DAYLIGHT,PARKED MOTOR VEHICLE,NOT DIVIDED,,STRAIGHT AND LEVEL,UNKNOWN,UNKNOWN,NOT ON SCENE (DESK REPORT),NO INJURY / DRIVE AWAY,,,,"OVER $1,500",9/25/2019 10:45,UNABLE TO DETERMINE,NOT APPLICABLE,600,N,LAKE SHORE DR,1834,,,,,,,2,NO INDICATION OF INJURY,0,0,0,0,0,1,0,8,4,9,41.89274821,-87.6146868,POINT (-87.614686796014 41.892748209238)
JC447614,,9/25/2019 8:30,30,UNKNOWN,UNKNOWN,CLEAR,UNKNOWN,TURNING,UNKNOWN,,STRAIGHT AND LEVEL,UNKNOWN,UNKNOWN,NOT ON SCENE (DESK REPORT),NO INJURY / DRIVE AWAY,Y,,,"OVER $1,500",9/25/2019 9:30,UNABLE TO DETERMINE,NOT APPLICABLE,9500,S,LAFAYETTE AVE,511,,,,,,,2,NO INDICATION OF INJURY,0,0,0,0,0,3,0,8,4,9,41.72156629,-87.62516952,POINT (-87.625169517699 41.721566292573)
JC447601,,9/25/2019 8:30,30,NO CONTROLS,NO CONTROLS,CLEAR,DAYLIGHT,PARKED MOTOR VEHICLE,NOT DIVIDED,,STRAIGHT AND LEVEL,DRY,NO DEFECTS,NOT ON SCENE (DESK REPORT),NO INJURY / DRIVE AWAY,,,Y,"OVER $1,500",9/25/2019 9:40,UNABLE TO DETERMINE,NOT APPLICABLE,4815,N,KOSTNER AVE,1712,,,,,,,2,NO INDICATION OF INJURY,0,0,0,0,0,1,0,8,4,9,41.96862301,-87.73776644,POINT (-87.737766435729 41.968623012147)
JC447562,,9/25/2019 8:30,30,NO CONTROLS,NO CONTROLS,CLEAR,DAYLIGHT,SIDESWIPE SAME DIRECTION,NOT DIVIDED,,STRAIGHT AND LEVEL,DRY,NO DEFECTS,ON SCENE,NO INJURY / DRIVE AWAY,Y,,,"$501 - $1,500",9/25/2019 8:39,UNABLE TO DETERMINE,UNABLE TO DETERMINE,4000,W,64TH ST,813,,,,,,,2,NO INDICATION OF INJURY,0,0,0,0,0,2,0,8,4,9,41.77693646,-87.72277392,POINT (-87.722773922833 41.776936456131)
JC447534,,9/25/2019 8:29,30,NO CONTROLS,NO CONTROLS,CLEAR,DAYLIGHT,TURNING,DIVIDED - W/MEDIAN (NOT RAISED),,STRAIGHT AND LEVEL,DRY,NO DEFECTS,ON SCENE,NO INJURY / DRIVE AWAY,,,,"OVER $1,500",9/25/2019 8:29,UNABLE TO DETERMINE,UNABLE TO DETERMINE,1621,W,95TH ST,2213,,,,,,,2,NO INDICATION OF INJURY,0,0,0,0,0,2,0,8,4,9,41.72108917,-87.66366137,POINT (-87.663661364996 41.721089168897)