RD_NO,CRASH_DATE_EST_I,CRASH_DATE,POSTED_SPEED_LIMIT,TRAFFIC_CONTROL_DEVICE,DEVICE_CONDITION,WEATHER_CONDITION,LIGHTING_CONDITION,FIRST_CRASH_TYPE,TRAFFICWAY_TYPE,LANE_CNT,ALIGNMENT,ROADWAY_SURFACE_COND,ROAD_DEFECT,REPORT_TYPE,CRASH_TYPE,INTERSECTION_RELATED_I,NOT_RIGHT_OF_WAY_I,HIT_AND_RUN_I,DAMAGE,DATE_POLICE_NOTIFIED,PRIM_CONTRIBUTORY_CAUSE,SEC_CONTRIBUTORY_CAUSE,STREET_NO,STREET_DIRECTION,STREET_NAME,BEAT_OF_OCCURRENCE,PHOTOS_TAKEN_I,STATEMENTS_TAKEN_I,DOORING_I,WORK_ZONE_I,WORK_ZONE_TYPE,WORKERS_PRESENT_I,NUM_UNITS,MOST_SEVERE_INJURY,INJURIES_TOTAL,INJURIES_FATAL,INJURIES_INCAPACITATING,INJURIES_NON_INCAPACITATING,INJURIES_REPORTED_NOT_EVIDENT,INJURIES_NO_INDICATION,INJURIES_UNKNOWN,CRASH_HOUR,CRASH_DAY_OF_WEEK,CRASH_MONTH,LATITUDE,LONGITUDE,LOCATION
JC447556,,9/25/2019 8:22,30,TRAFFIC SIGNAL,FUNCTIONING PROPERLY,CLEAR,DAYLIGHT,SIDESWIPE SAME DIRECTION,DIVIDED - W/MEDIAN (NOT RAISED),,STRAIGHT AND LEVEL,DRY,NO DEFECTS,ON SCENE,NO INJURY / DRIVE AWAY,Y,,,"OVER $1,500",9/25/2019 8:22,IMPROPER OVERTAKING/PASSING,UNABLE TO DETERMINE,8701,S,WESTERN AVE,2221,,,,,,,2,NO INDICATION OF INJURY,0,0,0,0,0,2,0,8,4,9,41.73544437,-87.68236494,POINT (-87.68236493934 41.735444372356)
JC447546,,9/25/2019 8:21,30,TRAFFIC SIGNAL,FUNCTIONING PROPERLY,CLEAR,DAYLIGHT,TURNING,FOUR WAY,,STRAIGHT AND LEVEL,DRY,NO DEFECTS,ON SCENE,NO INJURY / DRIVE AWAY,Y,,,"OVER $1,500",9/25/2019 8:21,IMPROPER LANE USAGE,NOT APPLICABLE,495,N,CLARK ST,1831,,,,,,,2,NO INDICATION OF INJURY,0,0,0,0,0,14,0,8,4,9,41.89078507,-87.63095804,POINT (-87.630958037359 41.890785070555)
JC447594,,9/25/2019 8:20,30,NO CONTROLS,NO CONTROLS,CLEAR,DAYLIGHT,REAR END,ONE-WAY,,STRAIGHT AND LEVEL,DRY,NO DEFECTS,ON SCENE,INJURY AND / OR TOW DUE TO CRASH,,,Y,"OVER $1,500",9/25/2019 9:00,FOLLOWING TOO CLOSELY,FAILING TO REDUCE SPEED TO AVOID CRASH,13200,S,VERNON AVE,533,,,,Y,CONSTRUCTION,Y,3,"REPORTED, NOT EVIDENT",1,0,0,0,1,2,0,8,4,9,41.65524141,-87.61169655,POINT (-87.611696549414 41.655241414172)
JC447530,,9/25/2019 8:20,30,TRAFFIC SIGNAL,NOT FUNCTIONING,CLEAR,DAYLIGHT,PEDALCYCLIST,CENTER TURN LANE,,STRAIGHT AND LEVEL,DRY,NO DEFECTS,ON SCENE,INJURY AND / OR TOW DUE TO CRASH,Y,,,"$501 - $1,500",9/25/2019 8:20,FAILING TO YIELD RIGHT-OF-WAY,FAILING TO REDUCE SPEED TO AVOID CRASH,4799,N,ASHLAND AVE,1912,,,,,,,2,INCAPACITATING INJURY,1,0,1,0,0,1,0,8,4,9,41.96878808,-87.66928941,POINT (-87.669289405115 41.968788079883)
JC447570,,9/25/2019 8:16,15,NO CONTROLS,NO CONTROLS,CLEAR,DAYLIGHT,SIDESWIPE SAME DIRECTION,DIVIDED - W/MEDIAN (NOT RAISED),,STRAIGHT AND LEVEL,DRY,NO DEFECTS,ON SCENE,NO INJURY / DRIVE AWAY,,,,$500 OR LESS,9/25/2019 8:21,IMPROPER OVERTAKING/PASSING,UNABLE TO DETERMINE,243,W,65TH ST,722,,,,,,,2,NO INDICATION OF INJURY,0,0,0,0,0,2,0,8,4,9,41.77645873,-87.63176596,POINT (-87.631765958337 41.77645873196)
JC447540,,9/25/2019 8:16,30,NO CONTROLS,NO CONTROLS,CLEAR,DAYLIGHT,PARKED MOTOR VEHICLE,DIVIDED - W/MEDIAN BARRIER,,STRAIGHT AND LEVEL,DRY,NO DEFECTS,ON SCENE,INJURY AND / OR TOW DUE TO CRASH,,,,"OVER $1,500",9/25/2019 8:16,PHYSICAL CONDITION OF DRIVER,NOT APPLICABLE,8944,S,STONY ISLAND AVE,413,,,,,,,2,NO INDICATION OF INJURY,0,0,0,0,0,2,0,8,4,9,41.73193537,-87.58568649,POINT (-87.585686493324 41.731935372359)
JC447543,,9/25/2019 8:15,35,NO CONTROLS,NO CONTROLS,CLOUDY/OVERCAST,DAYLIGHT,SIDESWIPE SAME DIRECTION,OTHER,,STRAIGHT AND LEVEL,DRY,NO DEFECTS,ON SCENE,INJURY AND / OR TOW DUE TO CRASH,,,,"OVER $1,500",9/25/2019 8:17,UNABLE TO DETERMINE,NOT APPLICABLE,13,W,I190 EXPY,1654,,,,,,,2,"REPORTED, NOT EVIDENT",1,0,0,0,1,3,0,8,4,9,,,
JC447531,,9/25/2019 8:13,40,NO CONTROLS,NO CONTROLS,CLEAR,DAYLIGHT,REAR END,DIVIDED - W/MEDIAN BARRIER,,STRAIGHT AND LEVEL,DRY,NO DEFECTS,ON SCENE,INJURY AND / OR TOW DUE TO CRASH,,,,"OVER $1,500",9/25/2019 8:13,FOLLOWING TOO CLOSELY,NOT APPLICABLE,3900,N,LAKE SHORE DR,1925,,,,,,,3,NO INDICATION OF INJURY,0,0,0,0,0,3,0,8,4,9,41.95314076,-87.64516294,POINT (-87.64516294183 41.953140763347)
JC447505,,9/25/2019 8:10,35,NO CONTROLS,NO CONTROLS,CLEAR,DAYLIGHT,REAR END,DIVIDED - W/MEDIAN (NOT RAISED),,STRAIGHT AND LEVEL,DRY,NO DEFECTS,ON SCENE,NO INJURY / DRIVE AWAY,,,,$500 OR LESS,9/25/2019 8:14,UNABLE TO DETERMINE,NOT APPLICABLE,638,E,87TH ST,632,,,,,,,2,NO INDICATION OF INJURY,0,0,0,0,0,2,0,8,4,9,41.73671287,-87.60813615,POINT (-87.608136151412 41.736712866662)
JC452053,,9/25/2019 8:00,15,NO CONTROLS,NO CONTROLS,CLEAR,DAYLIGHT,ANGLE,PARKING LOT,,STRAIGHT AND LEVEL,DRY,NO DEFECTS,NOT ON SCENE (DESK REPORT),NO INJURY / DRIVE AWAY,,,,"OVER $1,500",9/28/2019 16:00,IMPROPER BACKING,IMPROPER BACKING,5893,S,ARCHER AVE,811,,,,,,,2,NO INDICATION OF INJURY,0,0,0,0,0,2,0,8,4,9,41.79557225,-87.76251629,POINT (-87.762516294322 41.795572249211)
JC447675,,9/25/2019 8:00,30,NO CONTROLS,NO CONTROLS,CLEAR,DAYLIGHT,SIDESWIPE OPPOSITE DIRECTION,DIVIDED - W/MEDIAN (NOT RAISED),,STRAIGHT AND LEVEL,DRY,NO DEFECTS,NOT ON SCENE (DESK REPORT),NO INJURY / DRIVE AWAY,,,,"OVER $1,500",9/25/2019 10:50,IMPROPER LANE USAGE,FAILING TO REDUCE SPEED TO AVOID CRASH,1256,W,FOSTER AVE,2013,,,,,,,2,NO INDICATION OF INJURY,0,0,0,0,0,2,0,8,4,9,41.97639757,-87.66219865,POINT (-87.662198648068 41.976397564971)
JC447668,,9/25/2019 8:00,25,NO CONTROLS,NO CONTROLS,CLOUDY/OVERCAST,DAYLIGHT,PARKED MOTOR VEHICLE,NOT DIVIDED,,STRAIGHT AND LEVEL,DRY,NO DEFECTS,NOT ON SCENE (DESK REPORT),NO INJURY / DRIVE AWAY,,,,"$501 - $1,500",9/25/2019 10:41,DRIVING SKILLS/KNOWLEDGE/EXPERIENCE,NOT APPLICABLE,6817,N,ORIOLE AVE,1611,,,,,,,2,NO INDICATION OF INJURY,0,0,0,0,0,2,0,8,4,9,42.00468228,-87.81631876,POINT (-87.81631875518 42.004682284422)
JC447536,,9/25/2019 8:00,30,NO CONTROLS,NO CONTROLS,CLEAR,DAYLIGHT,SIDESWIPE SAME DIRECTION,NOT DIVIDED,,STRAIGHT AND LEVEL,WET,NO DEFECTS,ON SCENE,INJURY AND / OR TOW DUE TO CRASH,,,Y,"OVER $1,500",9/25/2019 8:02,IMPROPER OVERTAKING/PASSING,UNABLE TO DETERMINE,221,W,83RD ST,622,,,,,,,2,NONINCAPACITATING INJURY,1,0,0,1,0,1,0,8,4,9,41.74346008,-87.62996264,POINT (-87.629962640786 41.743460084129)
JC447527,,9/25/2019 8:00,30,NO CONTROLS,NO CONTROLS,CLEAR,DAYLIGHT,ANGLE,ONE-WAY,,STRAIGHT AND LEVEL,DRY,NO DEFECTS,ON SCENE,NO INJURY / DRIVE AWAY,,,,"OVER $1,500",9/25/2019 8:09,FAILING TO YIELD RIGHT-OF-WAY,NOT APPLICABLE,1210,E,62ND ST,314,,,,,,,2,NO INDICATION OF INJURY,0,0,0,0,0,2,0,8,4,9,41.78245724,-87.59578011,POINT (-87.595780109983 41.78245724397)
JC447508,,9/25/2019 8:00,30,TRAFFIC SIGNAL,FUNCTIONING PROPERLY,CLEAR,DAYLIGHT,REAR END,CENTER TURN LANE,,STRAIGHT AND LEVEL,WET,NO DEFECTS,ON SCENE,NO INJURY / DRIVE AWAY,,,,"OVER $1,500",9/25/2019 8:06,UNABLE TO DETERMINE,NOT APPLICABLE,4005,W,CHICAGO AVE,1111,,Y,,,,,2,NO INDICATION OF INJURY,0,0,0,0,0,2,0,8,4,9,41.89525528,-87.72628691,POINT (-87.726286912368 41.895255278112)
JC447507,,9/25/2019 8:00,35,NO CONTROLS,NO CONTROLS,CLEAR,DAWN,REAR END,NOT DIVIDED,,STRAIGHT AND LEVEL,DRY,NO DEFECTS,ON SCENE,INJURY AND / OR TOW DUE TO CRASH,,,,"OVER $1,500",9/25/2019 8:05,FOLLOWING TOO CLOSELY,NOT APPLICABLE,5951,N,WESTERN AVE,2012,,,,,,,3,"REPORTED, NOT EVIDENT",1,0,0,0,1,2,0,8,4,9,41.99017738,-87.68951509,POINT (-87.689515089761 41.990177383222)
JC447519,,9/25/2019 7:53,30,STOP SIGN/FLASHER,FUNCTIONING PROPERLY,CLEAR,DAYLIGHT,TURNING,NOT DIVIDED,,STRAIGHT AND LEVEL,DRY,NO DEFECTS,ON SCENE,NO INJURY / DRIVE AWAY,N,,,"OVER $1,500",9/25/2019 7:54,DRIVING SKILLS/KNOWLEDGE/EXPERIENCE,UNABLE TO DETERMINE,4001,W,WEST END AVE,1114,,,,,,,2,NO INDICATION OF INJURY,0,0,0,0,0,2,0,7,4,9,41.88325123,-87.72580462,POINT (-87.725804618134 41.883251231131)
JC447538,,9/25/2019 7:50,30,STOP SIGN/FLASHER,FUNCTIONING PROPERLY,CLEAR,DAYLIGHT,PEDALCYCLIST,NOT DIVIDED,,STRAIGHT ON HILLCREST,DRY,NO DEFECTS,ON SCENE,INJURY AND / OR TOW DUE TO CRASH,,,,"OVER $1,500",9/25/2019 8:00,FAILING TO REDUCE SPEED TO AVOID CRASH,NOT APPLICABLE,600,N,MILWAUKEE AVE,1214,,,,,,,2,INCAPACITATING INJURY,1,0,1,0,0,1,0,7,4,9,41.89268676,-87.65012127,POINT (-87.650121266116 41.89268675989)
JC447511,,9/25/2019 7:45,30,NO CONTROLS,NO CONTROLS,CLEAR,DAYLIGHT,REAR END,NOT DIVIDED,,STRAIGHT AND LEVEL,DRY,NO DEFECTS,ON SCENE,NO INJURY / DRIVE AWAY,,,,$500 OR LESS,9/25/2019 7:59,IMPROPER OVERTAKING/PASSING,UNABLE TO DETERMINE,5198,W,MONTROSE AVE,1623,,,,,,,2,NO INDICATION OF INJURY,0,0,0,0,0,2,0,7,4,9,41.9607114,-87.75724331,POINT (-87.757243313517 41.960711403076)
JC448489,,9/25/2019 7:43,30,NO CONTROLS,NO CONTROLS,CLEAR,DAYLIGHT,REAR END,DIVIDED - W/MEDIAN (NOT RAISED),,STRAIGHT AND LEVEL,DRY,NO DEFECTS,NOT ON SCENE (DESK REPORT),NO INJURY / DRIVE AWAY,,,,"OVER $1,500",9/25/2019 20:35,UNABLE TO DETERMINE,NOT APPLICABLE,1345,W,CORTLAND ST,1811,,,,,,,2,NO INDICATION OF INJURY,0,0,0,0,0,3,0,7,4,9,41.91696272,-87.66178723,POINT (-87.661787227262 41.916962715562)
JC447515,,9/25/2019 7:41,30,NO CONTROLS,NO CONTROLS,RAIN,DAYLIGHT,PEDALCYCLIST,NOT DIVIDED,,STRAIGHT AND LEVEL,WET,NO DEFECTS,ON SCENE,INJURY AND / OR TOW DUE TO CRASH,,,Y,$500 OR LESS,9/25/2019 7:41,UNABLE TO DETERMINE,NOT APPLICABLE,11934,S,MICHIGAN AVE,532,,,,,,,2,INCAPACITATING INJURY,1,0,1,0,0,1,0,7,4,9,41.67703503,-87.6206291,POINT (-87.620629102427 41.677035029789)
JC448504,,9/25/2019 7:40,30,TRAFFIC SIGNAL,FUNCTIONING PROPERLY,UNKNOWN,DARKNESS,REAR END,NOT DIVIDED,,STRAIGHT AND LEVEL,UNKNOWN,UNKNOWN,NOT ON SCENE (DESK REPORT),INJURY AND / OR TOW DUE TO CRASH,,,,"$501 - $1,500",9/25/2019 20:50,UNABLE TO DETERMINE,NOT APPLICABLE,3900,N,SHERIDAN RD,1923,,,,,,,2,"REPORTED, NOT EVIDENT",1,0,0,0,1,1,0,7,4,9,41.95271366,-87.65463891,POINT (-87.65463890621 41.952713663817)
JC447552,,9/25/2019 7:35,30,TRAFFIC SIGNAL,FUNCTIONING PROPERLY,CLOUDY/OVERCAST,DAYLIGHT,TURNING,ONE-WAY,,STRAIGHT AND LEVEL,DRY,NO DEFECTS,ON SCENE,INJURY AND / OR TOW DUE TO CRASH,Y,,,"OVER $1,500",9/25/2019 7:40,IMPROPER LANE USAGE,FAILING TO YIELD RIGHT-OF-WAY,401,S,JEFFERSON ST,121,,,,,,,2,"REPORTED, NOT EVIDENT",1,0,0,0,1,1,0,7,4,9,41.87668878,-87.64234944,POINT (-87.642349441705 41.876688780558)
JC447514,,9/25/2019 7:33,30,NO CONTROLS,NO CONTROLS,CLOUDY/OVERCAST,DAYLIGHT,REAR TO SIDE,ONE-WAY,,STRAIGHT AND LEVEL,DRY,NO DEFECTS,ON SCENE,NO INJURY / DRIVE AWAY,,,,"OVER $1,500",9/25/2019 7:33,IMPROPER BACKING,UNABLE TO DETERMINE,120,S,DEARBORN ST,112,,,,,,,2,NO INDICATION OF INJURY,0,0,0,0,0,2,0,7,4,9,41.88011265,-87.62950869,POINT (-87.629508690516 41.880112653591)
JC447830,,9/25/2019 7:30,30,NO CONTROLS,NO CONTROLS,CLEAR,DAYLIGHT,REAR END,NOT DIVIDED,,STRAIGHT AND LEVEL,DRY,NO DEFECTS,NOT ON SCENE (DESK REPORT),NO INJURY / DRIVE AWAY,,,,"$501 - $1,500",9/25/2019 12:30,UNABLE TO DETERMINE,UNABLE TO DETERMINE,2135,S,ARCHER AVE,914,,,,,,,2,NO INDICATION OF INJURY,0,0,0,0,0,2,0,7,4,9,41.85355022,-87.6331271,POINT (-87.633127095834 41.853550221335)
JC447621,,9/25/2019 7:23,30,UNKNOWN,UNKNOWN,UNKNOWN,UNKNOWN,REAR END,DIVIDED - W/MEDIAN (NOT RAISED),,STRAIGHT AND LEVEL,UNKNOWN,UNKNOWN,NOT ON SCENE (DESK REPORT),NO INJURY / DRIVE AWAY,,,,"OVER $1,500",9/25/2019 10:10,UNABLE TO DETERMINE,UNABLE TO DETERMINE,3447,W,BELMONT AVE,1412,,,,,,,2,NO INDICATION OF INJURY,0,0,0,0,0,4,0,7,4,9,41.93914224,-87.71440188,POINT (-87.714401882468 41.9391422364)
JC447468,,9/25/2019 7:21,35,NO CONTROLS,NO CONTROLS,CLEAR,DAYLIGHT,SIDESWIPE SAME DIRECTION,DIVIDED - W/MEDIAN BARRIER,,STRAIGHT AND LEVEL,DRY,NO DEFECTS,ON SCENE,NO INJURY / DRIVE AWAY,,,,"OVER $1,500",9/25/2019 7:24,IMPROPER OVERTAKING/PASSING,NOT APPLICABLE,357,S,WESTERN AVE,1225,,,,,,,2,NO INDICATION OF INJURY,0,0,0,0,0,5,0,7,4,9,41.87616053,-87.68612588,POINT (-87.686125874985 41.876160528374)
JC447495,,9/25/2019 7:20,30,NO CONTROLS,NO CONTROLS,CLOUDY/OVERCAST,DAYLIGHT,TURNING,ALLEY,,STRAIGHT AND LEVEL,DRY,NO DEFECTS,ON SCENE,INJURY AND / OR TOW DUE TO CRASH,,,,"OVER $1,500",9/25/2019 7:21,"VISION OBSCURED (SIGNS, TREE LIMBS, BUILDINGS, ETC.)",NOT APPLICABLE,2146,W,AINSLIE ST,2032,,,,,,,2,NO INDICATION OF INJURY,0,0,0,0,0,2,0,7,4,9,41.97062013,-87.68355431,POINT (-87.683554308057 41.970620134042)
JC447491,,9/25/2019 7:20,30,NO CONTROLS,NO CONTROLS,CLEAR,DAYLIGHT,TURNING,NOT DIVIDED,,STRAIGHT AND LEVEL,DRY,NO DEFECTS,NOT ON SCENE (DESK REPORT),NO INJURY / DRIVE AWAY,,,,"OVER $1,500",9/25/2019 7:50,UNABLE TO DETERMINE,UNABLE TO DETERMINE,4632,W,59TH ST,813,,,,,,,2,NO INDICATION OF INJURY,0,0,0,0,0,2,0,7,4,9,41.78504991,-87.73907532,POINT (-87.739075320553 41.785049907092)
JC447575,,9/25/2019 7:15,20,STOP SIGN/FLASHER,OTHER,CLEAR,DAYLIGHT,REAR END,OTHER,,STRAIGHT AND LEVEL,DRY,NO DEFECTS,NOT ON SCENE (DESK REPORT),NO INJURY / DRIVE AWAY,,,,$500 OR LESS,9/25/2019 9:15,UNABLE TO DETERMINE,NOT APPLICABLE,3200,N,DRAKE AVE,1732,,,,,,,2,NO INDICATION OF INJURY,0,0,0,0,0,2,0,7,4,9,41.93927249,-87.71632566,POINT (-87.716325659773 41.939272484775)
JC447466,,9/25/2019 7:15,15,NO CONTROLS,NO CONTROLS,CLOUDY/OVERCAST,DAYLIGHT,PARKED MOTOR VEHICLE,PARKING LOT,,STRAIGHT AND LEVEL,DRY,NO DEFECTS,ON SCENE,NO INJURY / DRIVE AWAY,,N,,$500 OR LESS,9/25/2019 7:30,IMPROPER OVERTAKING/PASSING,UNABLE TO DETERMINE,9535,S,LOOMIS ST,2213,,,,,,,2,NO INDICATION OF INJURY,0,0,0,0,0,1,0,7,4,9,41.72025067,-87.65752453,POINT (-87.657524534075 41.720250664935)
JC447915,,9/25/2019 7:05,30,UNKNOWN,UNKNOWN,UNKNOWN,DAYLIGHT,REAR END,DIVIDED - W/MEDIAN BARRIER,,STRAIGHT AND LEVEL,UNKNOWN,UNKNOWN,NOT ON SCENE (DESK REPORT),NO INJURY / DRIVE AWAY,,,,"$501 - $1,500",9/25/2019 13:30,UNABLE TO DETERMINE,NOT APPLICABLE,2400,N,LAKE SHORE DR NB,1935,,,,,,,2,NO INDICATION OF INJURY,0,0,0,0,0,4,0,7,4,9,41.92620072,-87.63133087,POINT (-87.631330872715 41.926200718012)
JC447462,Y,9/25/2019 7:04,30,NO CONTROLS,NO CONTROLS,CLEAR,DAYLIGHT,PARKED MOTOR VEHICLE,OTHER,,STRAIGHT AND LEVEL,WET,NO DEFECTS,ON SCENE,NO INJURY / DRIVE AWAY,,,,"OVER $1,500",9/25/2019 7:04,WEATHER,NOT APPLICABLE,1015,W,BELDEN AVE,1811,,Y,,,,,2,NO INDICATION OF INJURY,0,0,0,0,0,1,0,7,4,9,41.92343229,-87.65419202,POINT (-87.654192023608 41.923432290865)
JC447473,,9/25/2019 7:00,20,TRAFFIC SIGNAL,FUNCTIONING PROPERLY,CLEAR,DAYLIGHT,REAR END,DIVIDED - W/MEDIAN (NOT RAISED),,STRAIGHT AND LEVEL,DRY,NO DEFECTS,ON SCENE,NO INJURY / DRIVE AWAY,,,,"OVER $1,500",9/25/2019 7:13,FOLLOWING TOO CLOSELY,FAILING TO REDUCE SPEED TO AVOID CRASH,138,S,WESTERN AVE,1125,,,,,,,2,NO INDICATION OF INJURY,0,0,0,0,0,2,0,7,4,9,41.8791575,-87.68652617,POINT (-87.686526166624 41.879157500436)
JC447448,,9/25/2019 6:59,30,TRAFFIC SIGNAL,FUNCTIONING PROPERLY,CLEAR,DAYLIGHT,TURNING,NOT DIVIDED,,STRAIGHT AND LEVEL,DRY,NO DEFECTS,ON SCENE,INJURY AND / OR TOW DUE TO CRASH,Y,,,"OVER $1,500",9/25/2019 7:00,UNABLE TO DETERMINE,UNABLE TO DETERMINE,5438,W,NORTH AVE,2532,,,,,,,2,NO INDICATION OF INJURY,0,0,0,0,0,2,0,6,4,9,41.90952919,-87.76215929,POINT (-87.76215929352 41.909529189691)
JC447479,,9/25/2019 6:55,40,NO CONTROLS,NO CONTROLS,CLEAR,DUSK,FIXED OBJECT,DIVIDED - W/MEDIAN BARRIER,,"CURVE, LEVEL",WET,NO DEFECTS,ON SCENE,INJURY AND / OR TOW DUE TO CRASH,,,Y,"OVER $1,500",9/25/2019 7:05,UNABLE TO DETERMINE,UNABLE TO DETERMINE,1100,N,LAKE SHORE DR SB,1824,,,,,,,1,NO INDICATION OF INJURY,0,0,0,0,0,1,0,6,4,9,41.90248165,-87.62422104,POINT (-87.624221043591 41.902481646226)
JC453776,,9/25/2019 6:45,30,TRAFFIC SIGNAL,FUNCTIONING PROPERLY,CLEAR,DAYLIGHT,OTHER OBJECT,NOT DIVIDED,,STRAIGHT AND LEVEL,DRY,"RUT, HOLES",NOT ON SCENE (DESK REPORT),NO INJURY / DRIVE AWAY,,,,"$501 - $1,500",9/30/2019 6:45,ROAD ENGINEERING/SURFACE/MARKING DEFECTS,UNABLE TO DETERMINE,3900,W,OGDEN AVE,1014,,,,,,,1,NO INDICATION OF INJURY,0,0,0,0,0,1,0,6,4,9,41.85210673,-87.72239873,POINT (-87.722398724589 41.8521067288)
JC447455,,9/25/2019 6:45,35,STOP SIGN/FLASHER,FUNCTIONING PROPERLY,RAIN,"DARKNESS, LIGHTED ROAD",TURNING,DIVIDED - W/MEDIAN (NOT RAISED),,STRAIGHT AND LEVEL,WET,NO DEFECTS,ON SCENE,NO INJURY / DRIVE AWAY,Y,,,"OVER $1,500",9/25/2019 6:56,FAILING TO YIELD RIGHT-OF-WAY,NOT APPLICABLE,5131,W,DIVISION ST,1531,,,,,,,2,NO INDICATION OF INJURY,0,0,0,0,0,4,0,6,4,9,41.90215281,-87.75461094,POINT (-87.754610942564 41.902152807029)
JC447453,,9/25/2019 6:40,30,NO CONTROLS,NO CONTROLS,RAIN,DAYLIGHT,REAR END,NOT DIVIDED,,STRAIGHT AND LEVEL,WET,UNKNOWN,ON SCENE,INJURY AND / OR TOW DUE TO CRASH,,,,"OVER $1,500",9/25/2019 6:47,UNABLE TO DETERMINE,UNABLE TO DETERMINE,3600,S,WESTERN BLVD,911,,,,,,,3,NO INDICATION OF INJURY,0,0,0,0,0,3,0,6,4,9,41.82840352,-87.68455059,POINT (-87.684550584737 41.828403522284)
JC450846,,9/25/2019 6:35,30,STOP SIGN/FLASHER,FUNCTIONING PROPERLY,CLEAR,DAYLIGHT,ANGLE,DIVIDED - W/MEDIAN (NOT RAISED),,STRAIGHT AND LEVEL,DRY,NO DEFECTS,NOT ON SCENE (DESK REPORT),NO INJURY / DRIVE AWAY,,,,"OVER $1,500",9/27/2019 17:25,DISREGARDING STOP SIGN,UNABLE TO DETERMINE,7400,S,EXCHANGE AVE,334,,,,,,,2,NO INDICATION OF INJURY,0,0,0,0,0,2,0,6,4,9,41.76071019,-87.56194603,POINT (-87.561946030143 41.760710194223)
JC447452,,9/25/2019 6:35,30,NO CONTROLS,NO CONTROLS,CLEAR,DAWN,TURNING,NOT DIVIDED,,STRAIGHT AND LEVEL,WET,NO DEFECTS,ON SCENE,INJURY AND / OR TOW DUE TO CRASH,,Y,,"OVER $1,500",9/25/2019 6:37,IMPROPER OVERTAKING/PASSING,UNABLE TO DETERMINE,1506,W,76TH ST,612,,,,,,,2,NO INDICATION OF INJURY,0,0,0,0,0,2,0,6,4,9,41.75594153,-87.66228251,POINT (-87.662282507012 41.755941531116)
JC447454,,9/25/2019 6:30,25,NO CONTROLS,NO CONTROLS,RAIN,DAWN,REAR END,DIVIDED - W/MEDIAN BARRIER,,"CURVE, LEVEL",WET,NO DEFECTS,ON SCENE,INJURY AND / OR TOW DUE TO CRASH,,,,"OVER $1,500",9/25/2019 6:39,FOLLOWING TOO CLOSELY,FAILING TO REDUCE SPEED TO AVOID CRASH,1000,N,LAKE SHORE DR NB,1824,,,,,,,5,NO INDICATION OF INJURY,0,0,0,0,0,5,0,6,4,9,41.90100286,-87.61977981,POINT (-87.619779806193 41.901002863094)
JC447480,,9/25/2019 6:20,30,YIELD,FUNCTIONING PROPERLY,CLEAR,DAYLIGHT,REAR END,DIVIDED - W/MEDIAN BARRIER,,STRAIGHT AND LEVEL,WET,NO DEFECTS,NOT ON SCENE (DESK REPORT),NO INJURY / DRIVE AWAY,,,Y,"OVER $1,500",9/25/2019 7:15,FOLLOWING TOO CLOSELY,FOLLOWING TOO CLOSELY,4511,S,WESTERN AVE,922,,,,,,,3,NO INDICATION OF INJURY,0,0,0,0,0,3,0,6,4,9,41.81168278,-87.6843749,POINT (-87.684374899901 41.81168277803)
JC447577,,9/25/2019 6:00,20,NO CONTROLS,NO CONTROLS,RAIN,"DARKNESS, LIGHTED ROAD",FIXED OBJECT,ALLEY,,STRAIGHT AND LEVEL,WET,NO DEFECTS,ON SCENE,NO INJURY / DRIVE AWAY,,,Y,"$501 - $1,500",9/25/2019 9:00,UNABLE TO DETERMINE,UNABLE TO DETERMINE,2543,N,LARAMIE AVE,2521,,,,,,,1,NO INDICATION OF INJURY,0,0,0,0,0,1,0,6,4,9,41.92726925,-87.7561146,POINT (-87.756114604066 41.927269253871)
JC447435,,9/25/2019 5:53,30,NO CONTROLS,NO CONTROLS,RAIN,"DARKNESS, LIGHTED ROAD",FIXED OBJECT,OTHER,,STRAIGHT AND LEVEL,WET,NO DEFECTS,ON SCENE,INJURY AND / OR TOW DUE TO CRASH,,,,"OVER $1,500",9/25/2019 6:22,FAILING TO REDUCE SPEED TO AVOID CRASH,HAD BEEN DRINKING (USE WHEN ARREST IS NOT MADE),1001,N,LAKE SHORE DR,1824,,,,,,,1,NO INDICATION OF INJURY,0,0,0,0,0,1,0,5,4,9,41.90090767,-87.6240265,POINT (-87.624026501262 41.900907670855)
JC448329,,9/25/2019 5:45,40,TRAFFIC SIGNAL,FUNCTIONING PROPERLY,CLEAR,DAYLIGHT,TURNING,DIVIDED - W/MEDIAN (NOT RAISED),,STRAIGHT AND LEVEL,DRY,NO DEFECTS,NOT ON SCENE (DESK REPORT),NO INJURY / DRIVE AWAY,,,Y,"OVER $1,500",9/25/2019 17:50,FAILING TO REDUCE SPEED TO AVOID CRASH,UNABLE TO DETERMINE,2530,E,130TH ST,434,,,,,,,2,NO INDICATION OF INJURY,0,0,0,0,0,2,0,5,4,9,41.65927631,-87.56213447,POINT (-87.562134474158 41.659276309064)
JC447431,,9/25/2019 5:16,30,NO CONTROLS,NO CONTROLS,RAIN,"DARKNESS, LIGHTED ROAD",TURNING,DIVIDED - W/MEDIAN (NOT RAISED),,STRAIGHT AND LEVEL,WET,NO DEFECTS,ON SCENE,NO INJURY / DRIVE AWAY,Y,,,"OVER $1,500",9/25/2019 5:16,FAILING TO YIELD RIGHT-OF-WAY,NOT APPLICABLE,750,S,CICERO AVE,1533,,Y,,,,,2,NO INDICATION OF INJURY,0,0,0,0,0,2,0,5,4,9,41.87062194,-87.74505246,POINT (-87.745052460733 41.870621937712)