RD_NO,CRASH_DATE_EST_I,CRASH_DATE,POSTED_SPEED_LIMIT,TRAFFIC_CONTROL_DEVICE,DEVICE_CONDITION,WEATHER_CONDITION,LIGHTING_CONDITION,FIRST_CRASH_TYPE,TRAFFICWAY_TYPE,LANE_CNT,ALIGNMENT,ROADWAY_SURFACE_COND,ROAD_DEFECT,REPORT_TYPE,CRASH_TYPE,INTERSECTION_RELATED_I,NOT_RIGHT_OF_WAY_I,HIT_AND_RUN_I,DAMAGE,DATE_POLICE_NOTIFIED,PRIM_CONTRIBUTORY_CAUSE,SEC_CONTRIBUTORY_CAUSE,STREET_NO,STREET_DIRECTION,STREET_NAME,BEAT_OF_OCCURRENCE,PHOTOS_TAKEN_I,STATEMENTS_TAKEN_I,DOORING_I,WORK_ZONE_I,WORK_ZONE_TYPE,WORKERS_PRESENT_I,NUM_UNITS,MOST_SEVERE_INJURY,INJURIES_TOTAL,INJURIES_FATAL,INJURIES_INCAPACITATING,INJURIES_NON_INCAPACITATING,INJURIES_REPORTED_NOT_EVIDENT,INJURIES_NO_INDICATION,INJURIES_UNKNOWN,CRASH_HOUR,CRASH_DAY_OF_WEEK,CRASH_MONTH,LATITUDE,LONGITUDE,LOCATION
JC447524,,9/25/2019 5:00,30,NO CONTROLS,NO CONTROLS,CLEAR,UNKNOWN,PARKED MOTOR VEHICLE,ONE-WAY,,STRAIGHT AND LEVEL,DRY,NO DEFECTS,ON SCENE,INJURY AND / OR TOW DUE TO CRASH,,,Y,"$501 - $1,500",9/25/2019 8:22,UNABLE TO DETERMINE,UNABLE TO DETERMINE,7211,S,OGLESBY AVE,334,,,,,,,2,NO INDICATION OF INJURY,0,0,0,0,0,1,0,5,4,9,41.76405162,-87.56754596,POINT (-87.567545956776 41.764051619808)
JC447425,,9/25/2019 5:00,30,TRAFFIC SIGNAL,FUNCTIONING PROPERLY,CLEAR,"DARKNESS, LIGHTED ROAD",REAR END,DIVIDED - W/MEDIAN (NOT RAISED),,STRAIGHT AND LEVEL,DRY,NO DEFECTS,NOT ON SCENE (DESK REPORT),NO INJURY / DRIVE AWAY,,,Y,"OVER $1,500",9/25/2019 5:05,UNABLE TO DETERMINE,UNABLE TO DETERMINE,3600,W,MONTROSE AVE,1723,,,,,,,2,NO INDICATION OF INJURY,0,0,0,0,0,4,0,5,4,9,41.9611785,-87.7181026,POINT (-87.71810260241 41.961178495651)
JC447426,,9/25/2019 4:58,35,NO CONTROLS,NO CONTROLS,RAIN,"DARKNESS, LIGHTED ROAD",HEAD ON,DIVIDED - W/MEDIAN (NOT RAISED),,STRAIGHT AND LEVEL,WET,NO DEFECTS,ON SCENE,INJURY AND / OR TOW DUE TO CRASH,,,,"OVER $1,500",9/25/2019 5:01,IMPROPER LANE USAGE,FAILING TO REDUCE SPEED TO AVOID CRASH,4907,W,ADDISON ST,1634,,,,,,,3,NONINCAPACITATING INJURY,2,0,0,2,0,1,0,4,4,9,41.94597722,-87.74998793,POINT (-87.749987930525 41.94597721991)
JC447428,,9/25/2019 4:57,30,NO CONTROLS,NO CONTROLS,RAIN,"DARKNESS, LIGHTED ROAD",TURNING,NOT DIVIDED,,STRAIGHT AND LEVEL,WET,UNKNOWN,ON SCENE,INJURY AND / OR TOW DUE TO CRASH,,,Y,"OVER $1,500",9/25/2019 5:17,IMPROPER TURNING/NO SIGNAL,"OPERATING VEHICLE IN ERRATIC, RECKLESS, CARELESS, NEGLIGENT OR AGGRESSIVE MANNER",5362,N,CICERO AVE,1621,,Y,,,,,2,NO INDICATION OF INJURY,0,0,0,0,0,3,0,4,4,9,41.97980796,-87.74828599,POINT (-87.748285992001 41.979807961568)
JC447590,,9/25/2019 4:53,30,NO CONTROLS,NO CONTROLS,CLEAR,DAYLIGHT,SIDESWIPE SAME DIRECTION,T-INTERSECTION,,STRAIGHT AND LEVEL,DRY,NO DEFECTS,NOT ON SCENE (DESK REPORT),NO INJURY / DRIVE AWAY,Y,,,"OVER $1,500",9/25/2019 9:15,NOT APPLICABLE,NOT APPLICABLE,3601,S,WESTERN AVE,911,,,,,,,2,NO INDICATION OF INJURY,0,0,0,0,0,2,0,4,4,9,41.82838666,-87.6848286,POINT (-87.68482859871 41.828386657286)
JC447432,,9/25/2019 4:39,35,TRAFFIC SIGNAL,FUNCTIONING PROPERLY,CLEAR,"DARKNESS, LIGHTED ROAD",SIDESWIPE SAME DIRECTION,NOT DIVIDED,,STRAIGHT AND LEVEL,DRY,NO DEFECTS,NOT ON SCENE (DESK REPORT),NO INJURY / DRIVE AWAY,,,Y,"OVER $1,500",9/25/2019 5:40,UNABLE TO DETERMINE,UNABLE TO DETERMINE,5858,S,WESTERN AVE,824,,,,,,,2,NO INDICATION OF INJURY,0,0,0,0,0,2,0,4,4,9,41.78661778,-87.68397991,POINT (-87.683979907742 41.786617781518)
JC447414,,9/25/2019 4:10,30,NO CONTROLS,NO CONTROLS,CLEAR,"DARKNESS, LIGHTED ROAD",PARKED MOTOR VEHICLE,ONE-WAY,,STRAIGHT AND LEVEL,DRY,NO DEFECTS,ON SCENE,NO INJURY / DRIVE AWAY,,,,"$501 - $1,500",9/25/2019 4:18,UNABLE TO DETERMINE,UNABLE TO DETERMINE,3750,S,UNION AVE,915,,,,,,,4,NO INDICATION OF INJURY,0,0,0,0,0,1,0,4,4,9,41.82562878,-87.64368887,POINT (-87.64368887135 41.825628774936)
JC447968,,9/25/2019 4:00,15,NO CONTROLS,NO CONTROLS,CLEAR,"DARKNESS, LIGHTED ROAD",PARKED MOTOR VEHICLE,PARKING LOT,,STRAIGHT AND LEVEL,DRY,NO DEFECTS,NOT ON SCENE (DESK REPORT),NO INJURY / DRIVE AWAY,,,,"OVER $1,500",9/25/2019 14:00,IMPROPER BACKING,UNABLE TO DETERMINE,221,W,72ND ST,731,,,,,,,2,NO INDICATION OF INJURY,0,0,0,0,0,1,0,4,4,9,41.76348671,-87.63063958,POINT (-87.630639575139 41.763486711304)
JC447402,,9/25/2019 3:39,30,NO CONTROLS,NO CONTROLS,CLEAR,"DARKNESS, LIGHTED ROAD",PARKED MOTOR VEHICLE,ONE-WAY,,STRAIGHT AND LEVEL,DRY,NO DEFECTS,ON SCENE,INJURY AND / OR TOW DUE TO CRASH,,,Y,"OVER $1,500",9/25/2019 3:40,NOT APPLICABLE,NOT APPLICABLE,6319,S,SPAULDING AVE,823,,,,,,,4,NO INDICATION OF INJURY,0,0,0,0,0,1,0,3,4,9,41.77835453,-87.70539549,POINT (-87.705395489484 41.77835453309)
JC447327,,9/25/2019 3:00,0,NO CONTROLS,NO CONTROLS,CLEAR,"DARKNESS, LIGHTED ROAD",PARKED MOTOR VEHICLE,ONE-WAY,,STRAIGHT AND LEVEL,"SAND, MUD, DIRT",NO DEFECTS,NOT ON SCENE (DESK REPORT),NO INJURY / DRIVE AWAY,,,,"OVER $1,500",9/25/2019 3:05,ROAD CONSTRUCTION/MAINTENANCE,UNABLE TO DETERMINE,3052,N,FRANCISCO AVE,1411,,,,Y,CONSTRUCTION,,2,NO INDICATION OF INJURY,0,0,0,0,0,1,0,3,4,9,41.93721898,-87.70036041,POINT (-87.700360411697 41.937218975818)
JC447373,,9/25/2019 1:39,35,TRAFFIC SIGNAL,FUNCTIONING PROPERLY,CLEAR,"DARKNESS, LIGHTED ROAD",REAR END,NOT DIVIDED,,STRAIGHT AND LEVEL,DRY,UNKNOWN,ON SCENE,NO INJURY / DRIVE AWAY,,,,"OVER $1,500",9/25/2019 1:39,FOLLOWING TOO CLOSELY,UNABLE TO DETERMINE,3,S,AUSTIN BLVD,1513,,,,,,,2,NO INDICATION OF INJURY,0,0,0,0,0,2,0,1,4,9,41.8799695,-87.77450486,POINT (-87.774504855153 41.879969500892)
JC447828,,9/25/2019 1:00,25,NO CONTROLS,NO CONTROLS,UNKNOWN,UNKNOWN,FIXED OBJECT,ONE-WAY,,STRAIGHT AND LEVEL,UNKNOWN,NO DEFECTS,ON SCENE,INJURY AND / OR TOW DUE TO CRASH,,,,"OVER $1,500",9/25/2019 12:30,UNABLE TO DETERMINE,UNABLE TO DETERMINE,3424,W,47TH ST,821,,,,,,,1,NO INDICATION OF INJURY,0,0,0,0,0,1,0,1,4,9,41.80815684,-87.70966826,POINT (-87.709668260028 41.808156843227)
JC447351,,9/25/2019 0:46,30,TRAFFIC SIGNAL,FUNCTIONING PROPERLY,CLEAR,"DARKNESS, LIGHTED ROAD",PARKED MOTOR VEHICLE,NOT DIVIDED,,STRAIGHT AND LEVEL,DRY,NO DEFECTS,ON SCENE,INJURY AND / OR TOW DUE TO CRASH,,Y,,"OVER $1,500",9/25/2019 0:46,HAD BEEN DRINKING (USE WHEN ARREST IS NOT MADE),FAILING TO REDUCE SPEED TO AVOID CRASH,759,N,CICERO AVE,1111,,,,,,,2,NO INDICATION OF INJURY,0,0,0,0,0,1,0,0,4,9,41.89495909,-87.7456589,POINT (-87.74565889869 41.894959093611)
JC451376,,9/25/2019 0:35,30,NO CONTROLS,NO CONTROLS,CLEAR,"DARKNESS, LIGHTED ROAD",TURNING,NOT DIVIDED,,STRAIGHT AND LEVEL,DRY,NO DEFECTS,NOT ON SCENE (DESK REPORT),NO INJURY / DRIVE AWAY,,,Y,"OVER $1,500",9/28/2019 2:40,IMPROPER TURNING/NO SIGNAL,UNABLE TO DETERMINE,2218,W,GRAND AVE,1221,,,,,,,2,NO INDICATION OF INJURY,0,0,0,0,0,2,0,0,4,9,41.89083857,-87.68261234,POINT (-87.68261233613 41.890838564974)
JC447341,Y,9/25/2019 0:22,30,UNKNOWN,UNKNOWN,CLEAR,DARKNESS,SIDESWIPE SAME DIRECTION,ONE-WAY,,STRAIGHT AND LEVEL,DRY,UNKNOWN,ON SCENE,INJURY AND / OR TOW DUE TO CRASH,,,Y,"OVER $1,500",9/25/2019 0:22,UNDER THE INFLUENCE OF ALCOHOL/DRUGS (USE WHEN ARREST IS EFFECTED),"OPERATING VEHICLE IN ERRATIC, RECKLESS, CARELESS, NEGLIGENT OR AGGRESSIVE MANNER",5143,S,KENWOOD AVE,234,,,,,,,2,NO INDICATION OF INJURY,0,0,0,0,0,2,0,0,4,9,41.80103379,-87.59329405,POINT (-87.593294051064 41.801033786452)
JC447319,,9/25/2019 0:03,30,NO CONTROLS,NO CONTROLS,CLEAR,"DARKNESS, LIGHTED ROAD",PARKED MOTOR VEHICLE,NOT DIVIDED,,STRAIGHT AND LEVEL,DRY,NO DEFECTS,ON SCENE,INJURY AND / OR TOW DUE TO CRASH,,,,"OVER $1,500",9/25/2019 0:04,UNABLE TO DETERMINE,NOT APPLICABLE,1835,N,KIMBALL AVE,1422,,,,,,,2,NO INDICATION OF INJURY,0,0,0,0,0,1,0,0,4,9,41.91474923,-87.7116874,POINT (-87.711687400957 41.914749228981)
JC447384,Y,9/25/2019 0:00,30,NO CONTROLS,NO CONTROLS,CLEAR,"DARKNESS, LIGHTED ROAD",PARKED MOTOR VEHICLE,ONE-WAY,,STRAIGHT AND LEVEL,DRY,NO DEFECTS,ON SCENE,NO INJURY / DRIVE AWAY,,,Y,"$501 - $1,500",9/25/2019 2:25,UNABLE TO DETERMINE,NOT APPLICABLE,4624,S,ELLIS AVE,222,,,,,,,2,NO INDICATION OF INJURY,0,0,0,0,0,1,0,0,4,9,41.81063739,-87.60186885,POINT (-87.601868847824 41.810637389919)
JC447325,,9/24/2019 23:55,20,NO CONTROLS,NO CONTROLS,CLEAR,"DARKNESS, LIGHTED ROAD",PARKED MOTOR VEHICLE,PARKING LOT,,STRAIGHT AND LEVEL,DRY,NO DEFECTS,ON SCENE,NO INJURY / DRIVE AWAY,,Y,Y,$500 OR LESS,9/25/2019 0:01,UNABLE TO DETERMINE,UNABLE TO DETERMINE,5601,S,EMERALD AVE,711,,,,,,,2,NO INDICATION OF INJURY,0,0,0,0,0,2,0,23,3,9,41.79235623,-87.64374644,POINT (-87.643746438303 41.792356226412)
JC447332,,9/24/2019 23:45,15,NO CONTROLS,NO CONTROLS,CLEAR,"DARKNESS, LIGHTED ROAD",REAR TO SIDE,PARKING LOT,,STRAIGHT AND LEVEL,DRY,NO DEFECTS,ON SCENE,NO INJURY / DRIVE AWAY,,,,"OVER $1,500",9/25/2019 0:01,UNABLE TO DETERMINE,UNABLE TO DETERMINE,6435,S,CICERO AVE,813,,Y,,,,,2,NO INDICATION OF INJURY,0,0,0,0,0,2,0,23,3,9,41.77554915,-87.74203315,POINT (-87.742033148562 41.775549149214)
JC448565,,9/24/2019 23:28,30,NO CONTROLS,NO CONTROLS,CLEAR,"DARKNESS, LIGHTED ROAD",PARKED MOTOR VEHICLE,NOT DIVIDED,,STRAIGHT AND LEVEL,DRY,NO DEFECTS,NOT ON SCENE (DESK REPORT),NO INJURY / DRIVE AWAY,,,Y,"OVER $1,500",9/25/2019 22:00,UNABLE TO DETERMINE,NOT APPLICABLE,7252,S,YATES BLVD,334,,,,,,,2,NO INDICATION OF INJURY,0,0,0,0,0,1,0,23,3,9,41.76287737,-87.56660283,POINT (-87.566602829748 41.762877369187)
JC447323,,9/24/2019 23:25,30,TRAFFIC SIGNAL,FUNCTIONING PROPERLY,CLEAR,"DARKNESS, LIGHTED ROAD",ANGLE,FOUR WAY,,STRAIGHT AND LEVEL,DRY,NO DEFECTS,ON SCENE,INJURY AND / OR TOW DUE TO CRASH,,,,"OVER $1,500",9/24/2019 23:25,DISREGARDING TRAFFIC SIGNALS,NOT APPLICABLE,5500,S,WENTWORTH AVE,225,,,,,,,2,NONINCAPACITATING INJURY,2,0,0,2,0,1,0,23,3,9,,,
JC447301,,9/24/2019 23:22,30,NO CONTROLS,FUNCTIONING PROPERLY,CLEAR,DARKNESS,TURNING,NOT DIVIDED,,STRAIGHT AND LEVEL,DRY,NO DEFECTS,NOT ON SCENE (DESK REPORT),INJURY AND / OR TOW DUE TO CRASH,,,Y,"OVER $1,500",9/24/2019 23:22,IMPROPER OVERTAKING/PASSING,IMPROPER LANE USAGE,5521,W,WASHINGTON BLVD,1522,,,,,,,2,NO INDICATION OF INJURY,0,0,0,0,0,2,0,23,3,9,41.88214442,-87.76417524,POINT (-87.764175244185 41.882144418782)
JC447299,,9/24/2019 23:21,15,NO CONTROLS,NO CONTROLS,CLEAR,"DARKNESS, LIGHTED ROAD",FIXED OBJECT,PARKING LOT,,STRAIGHT AND LEVEL,DRY,NO DEFECTS,ON SCENE,INJURY AND / OR TOW DUE TO CRASH,,Y,,"OVER $1,500",9/24/2019 23:21,UNABLE TO DETERMINE,DRIVING SKILLS/KNOWLEDGE/EXPERIENCE,1336,W,TAYLOR ST,1231,,Y,,,,,1,NO INDICATION OF INJURY,0,0,0,0,0,2,0,23,3,9,41.86946341,-87.66072613,POINT (-87.660726126686 41.869463412182)
JC454848,,9/24/2019 23:00,30,STOP SIGN/FLASHER,FUNCTIONING PROPERLY,CLEAR,DARKNESS,REAR END,RAMP,,STRAIGHT AND LEVEL,UNKNOWN,UNKNOWN,NOT ON SCENE (DESK REPORT),NO INJURY / DRIVE AWAY,,,,"$501 - $1,500",9/30/2019 19:11,FOLLOWING TOO CLOSELY,FOLLOWING TOO CLOSELY,4800,N,LAKE SHORE DR NB,2024,,,,,,,2,NO INDICATION OF INJURY,0,0,0,0,0,2,0,23,3,9,41.96943986,-87.64807149,POINT (-87.648071494477 41.969439855648)
JC447896,Y,9/24/2019 23:00,25,NO CONTROLS,NO CONTROLS,CLEAR,DARKNESS,PARKED MOTOR VEHICLE,ONE-WAY,,STRAIGHT AND LEVEL,DRY,UNKNOWN,NOT ON SCENE (DESK REPORT),NO INJURY / DRIVE AWAY,,,Y,"$501 - $1,500",9/25/2019 13:38,UNABLE TO DETERMINE,UNABLE TO DETERMINE,12409,S,PARNELL AVE,523,,,,,,,2,NO INDICATION OF INJURY,0,0,0,0,0,1,0,23,3,9,41.66847268,-87.63543762,POINT (-87.635437616856 41.668472681998)
JC447273,,9/24/2019 22:47,30,NO CONTROLS,NO CONTROLS,CLEAR,"DARKNESS, LIGHTED ROAD",SIDESWIPE SAME DIRECTION,DIVIDED - W/MEDIAN (NOT RAISED),,STRAIGHT AND LEVEL,DRY,NO DEFECTS,ON SCENE,INJURY AND / OR TOW DUE TO CRASH,,,,"OVER $1,500",9/24/2019 22:51,NOT APPLICABLE,NOT APPLICABLE,6930,S,SOUTH SHORE DR,331,,,,,,,2,NO INDICATION OF INJURY,0,0,0,0,0,2,0,22,3,9,41.76896052,-87.56667054,POINT (-87.566670537337 41.768960520114)
JC447287,,9/24/2019 22:45,30,UNKNOWN,UNKNOWN,CLEAR,DUSK,REAR END,NOT DIVIDED,,STRAIGHT AND LEVEL,DRY,UNKNOWN,NOT ON SCENE (DESK REPORT),NO INJURY / DRIVE AWAY,,,Y,"OVER $1,500",9/24/2019 23:15,NOT APPLICABLE,UNABLE TO DETERMINE,2400,S,ASHLAND AVE,1034,,,,,,,2,NO INDICATION OF INJURY,0,0,0,0,0,2,0,22,3,9,41.84837818,-87.66610997,POINT (-87.666109967096 41.848378174507)
JC447294,,9/24/2019 22:40,30,NO CONTROLS,NO CONTROLS,CLEAR,"DARKNESS, LIGHTED ROAD",REAR END,DIVIDED - W/MEDIAN (NOT RAISED),,STRAIGHT AND LEVEL,DRY,NO DEFECTS,ON SCENE,INJURY AND / OR TOW DUE TO CRASH,,,,"OVER $1,500",9/24/2019 22:53,UNABLE TO DETERMINE,FOLLOWING TOO CLOSELY,6927,W,63RD ST,812,,N,,,,,5,NONINCAPACITATING INJURY,1,0,0,1,0,4,0,22,3,9,41.77732863,-87.79459576,POINT (-87.794595757137 41.777328626445)
JC447284,,9/24/2019 22:33,35,TRAFFIC SIGNAL,FUNCTIONING PROPERLY,CLEAR,"DARKNESS, LIGHTED ROAD",REAR END,UNKNOWN INTERSECTION TYPE,,STRAIGHT AND LEVEL,DRY,NO DEFECTS,ON SCENE,NO INJURY / DRIVE AWAY,Y,,,$500 OR LESS,9/24/2019 22:45,UNDER THE INFLUENCE OF ALCOHOL/DRUGS (USE WHEN ARREST IS EFFECTED),FOLLOWING TOO CLOSELY,1600,W,CERMAK RD,1234,,,,,,,2,NO INDICATION OF INJURY,0,0,0,0,0,2,0,22,3,9,41.85243805,-87.66615223,POINT (-87.666152230449 41.852438049213)
JC447292,,9/24/2019 22:27,40,NO CONTROLS,NO CONTROLS,CLEAR,"DARKNESS, LIGHTED ROAD",FIXED OBJECT,DIVIDED - W/MEDIAN BARRIER,,STRAIGHT AND LEVEL,DRY,DEBRIS ON ROADWAY,NOT ON SCENE (DESK REPORT),INJURY AND / OR TOW DUE TO CRASH,,,,"OVER $1,500",9/24/2019 22:29,FAILING TO REDUCE SPEED TO AVOID CRASH,UNDER THE INFLUENCE OF ALCOHOL/DRUGS (USE WHEN ARREST IS EFFECTED),2817,N,LAKE SHORE DR,1934,,,,,,,1,NO INDICATION OF INJURY,0,0,0,0,0,1,0,22,3,9,41.9335208,-87.63607955,POINT (-87.636079545921 41.933520797257)
JC447569,,9/24/2019 22:10,30,NO CONTROLS,NO CONTROLS,CLEAR,DAYLIGHT,SIDESWIPE SAME DIRECTION,ONE-WAY,,STRAIGHT AND LEVEL,DRY,NO DEFECTS,NOT ON SCENE (DESK REPORT),NO INJURY / DRIVE AWAY,,,,$500 OR LESS,9/25/2019 9:10,UNABLE TO DETERMINE,UNABLE TO DETERMINE,60,W,ILLINOIS ST,1831,,,,,,,2,NO INDICATION OF INJURY,0,0,0,0,0,5,0,22,3,9,41.89094095,-87.63032434,POINT (-87.630324339166 41.890940946428)
JC447257,,9/24/2019 22:07,30,STOP SIGN/FLASHER,FUNCTIONING PROPERLY,CLEAR,"DARKNESS, LIGHTED ROAD",PEDALCYCLIST,FOUR WAY,,STRAIGHT AND LEVEL,DRY,NO DEFECTS,ON SCENE,NO INJURY / DRIVE AWAY,Y,,Y,$500 OR LESS,9/24/2019 22:15,DISREGARDING STOP SIGN,UNABLE TO DETERMINE,3400,W,BELDEN AVE,1413,,,,,,,2,NO INDICATION OF INJURY,0,0,0,0,0,2,0,22,3,9,41.9229441,-87.71213471,POINT (-87.712134711349 41.922944094686)
JC448089,,9/24/2019 22:00,15,NO CONTROLS,NO CONTROLS,UNKNOWN,UNKNOWN,PARKED MOTOR VEHICLE,NOT DIVIDED,,STRAIGHT AND LEVEL,UNKNOWN,UNKNOWN,ON SCENE,INJURY AND / OR TOW DUE TO CRASH,,,Y,"OVER $1,500",9/25/2019 15:51,UNABLE TO DETERMINE,NOT APPLICABLE,4324,W,SCHOOL ST,1731,,,,,,,2,NO INDICATION OF INJURY,0,0,0,0,0,1,0,22,3,9,41.94091643,-87.73557888,POINT (-87.735578878461 41.940916431163)
JC447234,,9/24/2019 21:59,30,TRAFFIC SIGNAL,FUNCTIONING PROPERLY,CLEAR,"DARKNESS, LIGHTED ROAD",TURNING,NOT DIVIDED,,STRAIGHT AND LEVEL,DRY,UNKNOWN,ON SCENE,NO INJURY / DRIVE AWAY,Y,,,"OVER $1,500",9/24/2019 21:59,FAILING TO YIELD RIGHT-OF-WAY,NOT APPLICABLE,6000,N,WESTERN AVE,2413,,,,,,,3,NO INDICATION OF INJURY,0,0,0,0,0,3,0,21,3,9,41.99058604,-87.68982247,POINT (-87.689822472944 41.99058604242)
JC447235,,9/24/2019 21:40,30,NO CONTROLS,NO CONTROLS,CLEAR,"DARKNESS, LIGHTED ROAD",PARKED MOTOR VEHICLE,ONE-WAY,,STRAIGHT AND LEVEL,DRY,NO DEFECTS,ON SCENE,INJURY AND / OR TOW DUE TO CRASH,,,,"OVER $1,500",9/24/2019 21:49,UNABLE TO DETERMINE,UNABLE TO DETERMINE,6146,S,KOLMAR AVE,813,,Y,,,,,3,NO INDICATION OF INJURY,0,0,0,0,0,2,0,21,3,9,41.78075325,-87.73640135,POINT (-87.736401350623 41.780753246842)
JC447213,,9/24/2019 21:40,35,NO CONTROLS,NO CONTROLS,CLEAR,"DARKNESS, LIGHTED ROAD",SIDESWIPE SAME DIRECTION,NOT DIVIDED,,STRAIGHT AND LEVEL,DRY,NO DEFECTS,ON SCENE,NO INJURY / DRIVE AWAY,,,,$500 OR LESS,9/24/2019 21:40,NOT APPLICABLE,NOT APPLICABLE,3420,W,63RD ST,823,,Y,,,,,2,NO INDICATION OF INJURY,0,0,0,0,0,3,0,21,3,9,41.77898719,-87.70886382,POINT (-87.708863815297 41.778987188969)
JC447221,,9/24/2019 21:35,35,TRAFFIC SIGNAL,FUNCTIONING PROPERLY,CLEAR,"DARKNESS, LIGHTED ROAD",REAR END,CENTER TURN LANE,,STRAIGHT AND LEVEL,DRY,NO DEFECTS,ON SCENE,INJURY AND / OR TOW DUE TO CRASH,N,,,"OVER $1,500",9/24/2019 21:42,FAILING TO REDUCE SPEED TO AVOID CRASH,UNABLE TO DETERMINE,301,S,WESTERN AVE,1225,,,,,,,3,NO INDICATION OF INJURY,0,0,0,0,0,6,0,21,3,9,41.87747696,-87.68619603,POINT (-87.686196029587 41.877476961841)
JC447225,,9/24/2019 21:20,20,NO CONTROLS,FUNCTIONING PROPERLY,CLEAR,"DARKNESS, LIGHTED ROAD",SIDESWIPE SAME DIRECTION,ONE-WAY,,STRAIGHT AND LEVEL,DRY,NO DEFECTS,ON SCENE,NO INJURY / DRIVE AWAY,,,,"$501 - $1,500",9/24/2019 21:25,DISREGARDING ROAD MARKINGS,FAILING TO REDUCE SPEED TO AVOID CRASH,2,W,TERMINAL ST,1652,,Y,,,,,2,NO INDICATION OF INJURY,0,0,0,0,0,2,0,21,3,9,,,
JC447195,,9/24/2019 21:12,30,TRAFFIC SIGNAL,FUNCTIONING PROPERLY,CLEAR,"DARKNESS, LIGHTED ROAD",PEDALCYCLIST,NOT DIVIDED,,STRAIGHT AND LEVEL,DRY,NO DEFECTS,ON SCENE,INJURY AND / OR TOW DUE TO CRASH,,,,"$501 - $1,500",9/24/2019 21:20,UNABLE TO DETERMINE,NOT APPLICABLE,1202,S,CANAL ST,124,,,,,,,2,INCAPACITATING INJURY,1,0,1,0,0,1,0,21,3,9,41.86712291,-87.63937962,POINT (-87.639379619722 41.867122912408)
JC447767,Y,9/24/2019 21:00,30,NO CONTROLS,NO CONTROLS,UNKNOWN,UNKNOWN,PARKED MOTOR VEHICLE,NOT DIVIDED,,STRAIGHT AND LEVEL,UNKNOWN,NO DEFECTS,NOT ON SCENE (DESK REPORT),NO INJURY / DRIVE AWAY,,,,"OVER $1,500",9/25/2019 11:40,UNABLE TO DETERMINE,UNABLE TO DETERMINE,4843,W,WASHINGTON BLVD,1533,,,,,,,2,NO INDICATION OF INJURY,0,0,0,0,0,1,0,21,3,9,41.88168421,-87.74704512,POINT (-87.747045121591 41.881684204955)
JC447237,,9/24/2019 20:55,25,NO CONTROLS,NO CONTROLS,CLEAR,"DARKNESS, LIGHTED ROAD",REAR TO REAR,PARKING LOT,,STRAIGHT AND LEVEL,DRY,NO DEFECTS,NOT ON SCENE (DESK REPORT),NO INJURY / DRIVE AWAY,,,Y,"$501 - $1,500",9/24/2019 22:15,IMPROPER BACKING,IMPROPER BACKING,211,W,79TH ST,623,,,,,,,2,NO INDICATION OF INJURY,0,0,0,0,0,2,0,20,3,9,41.75074708,-87.62995399,POINT (-87.629953989472 41.750747078007)
JC447155,,9/24/2019 20:52,30,NO CONTROLS,NO CONTROLS,CLEAR,"DARKNESS, LIGHTED ROAD",PARKED MOTOR VEHICLE,NOT DIVIDED,,STRAIGHT AND LEVEL,DRY,NO DEFECTS,ON SCENE,NO INJURY / DRIVE AWAY,,,Y,"$501 - $1,500",9/24/2019 21:07,UNABLE TO DETERMINE,NOT APPLICABLE,545,W,45TH ST,925,,,,,,,2,NO INDICATION OF INJURY,0,0,0,0,0,1,0,20,3,9,41.81251246,-87.64011927,POINT (-87.640119267728 41.812512459679)
JC447258,Y,9/24/2019 20:30,20,NO CONTROLS,NO CONTROLS,CLEAR,"DARKNESS, LIGHTED ROAD",PARKED MOTOR VEHICLE,ONE-WAY,,STRAIGHT AND LEVEL,DRY,NO DEFECTS,ON SCENE,NO INJURY / DRIVE AWAY,,,Y,$500 OR LESS,9/24/2019 22:30,NOT APPLICABLE,NOT APPLICABLE,5117,S,WHIPPLE ST,923,,,,,,,2,NO INDICATION OF INJURY,0,0,0,0,0,1,0,20,3,9,41.80034118,-87.69994125,POINT (-87.699941248085 41.800341178398)
JC447186,,9/24/2019 20:30,30,UNKNOWN,UNKNOWN,UNKNOWN,"DARKNESS, LIGHTED ROAD",SIDESWIPE SAME DIRECTION,ONE-WAY,,STRAIGHT AND LEVEL,UNKNOWN,UNKNOWN,NOT ON SCENE (DESK REPORT),NO INJURY / DRIVE AWAY,,,,"OVER $1,500",9/24/2019 21:30,UNABLE TO DETERMINE,NOT APPLICABLE,162,E,ONTARIO ST,1834,,,,,,,2,NO INDICATION OF INJURY,0,0,0,0,0,2,0,20,3,9,41.89346947,-87.62289419,POINT (-87.622894190259 41.893469467647)
JC447175,,9/24/2019 20:30,30,STOP SIGN/FLASHER,FUNCTIONING PROPERLY,CLEAR,"DARKNESS, LIGHTED ROAD",ANGLE,NOT DIVIDED,,STRAIGHT AND LEVEL,DRY,NO DEFECTS,NOT ON SCENE (DESK REPORT),NO INJURY / DRIVE AWAY,Y,,,"OVER $1,500",9/24/2019 21:20,DISREGARDING STOP SIGN,FAILING TO YIELD RIGHT-OF-WAY,1700,E,93RD ST,413,,,,,,,2,NO INDICATION OF INJURY,0,0,0,0,0,3,0,20,3,9,41.72612955,-87.58257523,POINT (-87.582575229097 41.726129552163)