RD_NO,CRASH_DATE_EST_I,CRASH_DATE,POSTED_SPEED_LIMIT,TRAFFIC_CONTROL_DEVICE,DEVICE_CONDITION,WEATHER_CONDITION,LIGHTING_CONDITION,FIRST_CRASH_TYPE,TRAFFICWAY_TYPE,LANE_CNT,ALIGNMENT,ROADWAY_SURFACE_COND,ROAD_DEFECT,REPORT_TYPE,CRASH_TYPE,INTERSECTION_RELATED_I,NOT_RIGHT_OF_WAY_I,HIT_AND_RUN_I,DAMAGE,DATE_POLICE_NOTIFIED,PRIM_CONTRIBUTORY_CAUSE,SEC_CONTRIBUTORY_CAUSE,STREET_NO,STREET_DIRECTION,STREET_NAME,BEAT_OF_OCCURRENCE,PHOTOS_TAKEN_I,STATEMENTS_TAKEN_I,DOORING_I,WORK_ZONE_I,WORK_ZONE_TYPE,WORKERS_PRESENT_I,NUM_UNITS,MOST_SEVERE_INJURY,INJURIES_TOTAL,INJURIES_FATAL,INJURIES_INCAPACITATING,INJURIES_NON_INCAPACITATING,INJURIES_REPORTED_NOT_EVIDENT,INJURIES_NO_INDICATION,INJURIES_UNKNOWN,CRASH_HOUR,CRASH_DAY_OF_WEEK,CRASH_MONTH,LATITUDE,LONGITUDE,LOCATION
JC447592,,9/24/2019 20:20,30,NO CONTROLS,NO CONTROLS,CLEAR,"DARKNESS, LIGHTED ROAD",PARKED MOTOR VEHICLE,NOT DIVIDED,,STRAIGHT AND LEVEL,DRY,NO DEFECTS,NOT ON SCENE (DESK REPORT),NO INJURY / DRIVE AWAY,,,Y,"$501 - $1,500",9/25/2019 9:20,UNABLE TO DETERMINE,UNABLE TO DETERMINE,1602,W,36TH ST,912,,,,,,,2,NO INDICATION OF INJURY,0,0,0,0,0,1,0,20,3,9,41.82878483,-87.66566707,POINT (-87.665667066963 41.828784825917)
JC447254,,9/24/2019 20:15,15,NO CONTROLS,NO CONTROLS,CLEAR,"DARKNESS, LIGHTED ROAD",PARKED MOTOR VEHICLE,PARKING LOT,,STRAIGHT AND LEVEL,DRY,NO DEFECTS,NOT ON SCENE (DESK REPORT),NO INJURY / DRIVE AWAY,,Y,Y,"$501 - $1,500",9/24/2019 22:39,UNABLE TO DETERMINE,UNABLE TO DETERMINE,3245,W,NORTH AVE,1422,,,,,,,2,NO INDICATION OF INJURY,0,0,0,0,0,1,0,20,3,9,41.90997981,-87.70882568,POINT (-87.708825675533 41.909979805809)
JC447146,,9/24/2019 20:15,30,NO CONTROLS,NO CONTROLS,CLEAR,"DARKNESS, LIGHTED ROAD",PARKED MOTOR VEHICLE,DIVIDED - W/MEDIAN (NOT RAISED),,STRAIGHT AND LEVEL,DRY,NO DEFECTS,ON SCENE,NO INJURY / DRIVE AWAY,,,Y,"OVER $1,500",9/24/2019 20:45,PASSING STOPPED SCHOOL BUS,UNABLE TO DETERMINE,3829,N,WESTERN AVE,1921,,,,,,,2,NO INDICATION OF INJURY,0,0,0,0,0,1,0,20,3,9,41.95123966,-87.68823992,POINT (-87.688239918351 41.951239660491)
JC447135,,9/24/2019 20:11,30,TRAFFIC SIGNAL,FUNCTIONING PROPERLY,CLEAR,"DARKNESS, LIGHTED ROAD",TURNING,FOUR WAY,,STRAIGHT AND LEVEL,DRY,NO DEFECTS,ON SCENE,NO INJURY / DRIVE AWAY,,,,"OVER $1,500",9/24/2019 20:12,FAILING TO YIELD RIGHT-OF-WAY,DRIVING SKILLS/KNOWLEDGE/EXPERIENCE,800,W,ROOSEVELT RD,1232,,,,,,,2,NO INDICATION OF INJURY,0,0,0,0,0,3,0,20,3,9,41.8672631,-87.64697269,POINT (-87.646972686016 41.867263098369)
JC447190,,9/24/2019 20:10,30,YIELD,FUNCTIONING PROPERLY,CLEAR,"DARKNESS, LIGHTED ROAD",TURNING,DIVIDED - W/MEDIAN BARRIER,,STRAIGHT AND LEVEL,DRY,UNKNOWN,ON SCENE,INJURY AND / OR TOW DUE TO CRASH,Y,,,"OVER $1,500",9/24/2019 21:16,FOLLOWING TOO CLOSELY,NOT APPLICABLE,2201,N,ASHLAND AVE,1432,,,,,,,3,NO INDICATION OF INJURY,0,0,0,0,0,3,0,20,3,9,41.92158971,-87.66847923,POINT (-87.668479229095 41.921589707436)
JC447166,,9/24/2019 20:06,20,TRAFFIC SIGNAL,FUNCTIONING PROPERLY,CLEAR,"DARKNESS, LIGHTED ROAD",FIXED OBJECT,ONE-WAY,,STRAIGHT AND LEVEL,DRY,OTHER,ON SCENE,INJURY AND / OR TOW DUE TO CRASH,,,,"OVER $1,500",9/24/2019 20:07,IMPROPER TURNING/NO SIGNAL,UNABLE TO DETERMINE,5100,S,WELLS ST,935,,,,N,,,1,NO INDICATION OF INJURY,0,0,0,0,0,1,0,20,3,9,41.80179454,-87.63215272,POINT (-87.632152716406 41.801794540257)
JC447138,N,9/24/2019 20:06,30,TRAFFIC SIGNAL,FUNCTIONING PROPERLY,CLEAR,DUSK,FIXED OBJECT,ONE-WAY,,STRAIGHT AND LEVEL,DRY,NO DEFECTS,ON SCENE,NO INJURY / DRIVE AWAY,,,,"OVER $1,500",9/24/2019 20:28,DRIVING SKILLS/KNOWLEDGE/EXPERIENCE,UNABLE TO DETERMINE,302,W,ADAMS ST,122,,,,,,,1,NO INDICATION OF INJURY,0,0,0,0,0,1,0,20,3,9,41.87947755,-87.63536603,POINT (-87.635366033307 41.879477548234)
JC447142,,9/24/2019 20:04,30,TRAFFIC SIGNAL,FUNCTIONING PROPERLY,CLEAR,"DARKNESS, LIGHTED ROAD",SIDESWIPE SAME DIRECTION,NOT DIVIDED,,STRAIGHT AND LEVEL,DRY,UNKNOWN,ON SCENE,NO INJURY / DRIVE AWAY,Y,,,"OVER $1,500",9/24/2019 20:04,UNABLE TO DETERMINE,UNABLE TO DETERMINE,38,W,OHIO ST,1832,,,,,,,2,NO INDICATION OF INJURY,0,0,0,0,0,3,0,20,3,9,41.89255832,-87.62959738,POINT (-87.629597377088 41.892558321003)
JC447152,,9/24/2019 20:00,20,NO CONTROLS,NO CONTROLS,CLEAR,DUSK,PARKED MOTOR VEHICLE,PARKING LOT,,STRAIGHT AND LEVEL,DRY,NO DEFECTS,NOT ON SCENE (DESK REPORT),NO INJURY / DRIVE AWAY,,Y,,"$501 - $1,500",9/24/2019 20:41,NOT APPLICABLE,NOT APPLICABLE,7969,S,CICERO AVE,834,,,,,,,2,NO INDICATION OF INJURY,0,0,0,0,0,2,0,20,3,9,41.74772133,-87.74115723,POINT (-87.741157233695 41.747721328248)
JC447121,,9/24/2019 20:00,30,TRAFFIC SIGNAL,FUNCTIONING PROPERLY,CLEAR,"DARKNESS, LIGHTED ROAD",REAR END,FOUR WAY,,STRAIGHT AND LEVEL,DRY,NO DEFECTS,NOT ON SCENE (DESK REPORT),NO INJURY / DRIVE AWAY,Y,,Y,"OVER $1,500",9/24/2019 20:20,UNABLE TO DETERMINE,NOT APPLICABLE,7100,S,STATE ST,323,,,,,,,2,NO INDICATION OF INJURY,0,0,0,0,0,2,0,20,3,9,41.76539361,-87.62505048,POINT (-87.625050475006 41.765393607783)
JC447112,,9/24/2019 20:00,30,NO CONTROLS,NO CONTROLS,CLEAR,"DARKNESS, LIGHTED ROAD",PEDALCYCLIST,DIVIDED - W/MEDIAN (NOT RAISED),,STRAIGHT AND LEVEL,DRY,UNKNOWN,ON SCENE,INJURY AND / OR TOW DUE TO CRASH,,,,$500 OR LESS,9/24/2019 20:07,UNABLE TO DETERMINE,UNABLE TO DETERMINE,928,W,CHICAGO AVE,1213,,,,,,,2,NONINCAPACITATING INJURY,1,0,0,1,0,1,0,20,3,9,41.89644954,-87.65094333,POINT (-87.650943326202 41.896449536447)
JC447103,,9/24/2019 19:57,30,NO CONTROLS,NO CONTROLS,CLEAR,"DARKNESS, LIGHTED ROAD",SIDESWIPE SAME DIRECTION,DIVIDED - W/MEDIAN BARRIER,,STRAIGHT AND LEVEL,DRY,NO DEFECTS,ON SCENE,INJURY AND / OR TOW DUE TO CRASH,,,,"OVER $1,500",9/24/2019 20:02,UNABLE TO DETERMINE,UNABLE TO DETERMINE,5101,N,BROADWAY,2033,,,,,,,2,NO INDICATION OF INJURY,0,0,0,0,0,2,0,19,3,9,41.97522169,-87.65969096,POINT (-87.659690961509 41.975221688188)
JC447108,,9/24/2019 19:56,35,TRAFFIC SIGNAL,FUNCTIONING PROPERLY,CLEAR,"DARKNESS, LIGHTED ROAD",TURNING,FOUR WAY,,STRAIGHT AND LEVEL,DRY,NO DEFECTS,ON SCENE,NO INJURY / DRIVE AWAY,Y,,,"$501 - $1,500",9/24/2019 20:05,"OPERATING VEHICLE IN ERRATIC, RECKLESS, CARELESS, NEGLIGENT OR AGGRESSIVE MANNER",NOT APPLICABLE,4143,S,CICERO AVE,815,,,,,,,2,NO INDICATION OF INJURY,0,0,0,0,0,2,0,19,3,9,41.81711102,-87.74326219,POINT (-87.74326219199 41.817111022868)
JC447172,,9/24/2019 19:55,30,TRAFFIC SIGNAL,FUNCTIONING PROPERLY,CLEAR,"DARKNESS, LIGHTED ROAD",ANGLE,FOUR WAY,,STRAIGHT AND LEVEL,DRY,NO DEFECTS,NOT ON SCENE (DESK REPORT),NO INJURY / DRIVE AWAY,Y,,,$500 OR LESS,9/24/2019 21:00,DISTRACTION - FROM OUTSIDE VEHICLE,DISTRACTION - FROM OUTSIDE VEHICLE,127,E,ONTARIO ST,1834,,,,,,,2,NO INDICATION OF INJURY,0,0,0,0,0,3,0,19,3,9,41.89322474,-87.62427061,POINT (-87.624270611305 41.893224735926)
JC447168,,9/24/2019 19:54,30,NO CONTROLS,UNKNOWN,CLEAR,DARKNESS,REAR END,NOT DIVIDED,,STRAIGHT AND LEVEL,DRY,NO DEFECTS,ON SCENE,INJURY AND / OR TOW DUE TO CRASH,,,,"OVER $1,500",9/24/2019 19:54,FOLLOWING TOO CLOSELY,IMPROPER OVERTAKING/PASSING,6700,S,JEFFERY BLVD,332,,,,,,,2,NO INDICATION OF INJURY,0,0,0,0,0,4,0,19,3,9,41.77336841,-87.57663855,POINT (-87.576638552177 41.773368408547)
JC447117,,9/24/2019 19:45,45,TRAFFIC SIGNAL,FUNCTIONING PROPERLY,CLEAR,DAYLIGHT,SIDESWIPE SAME DIRECTION,DIVIDED - W/MEDIAN BARRIER,,STRAIGHT AND LEVEL,DRY,NO DEFECTS,NOT ON SCENE (DESK REPORT),NO INJURY / DRIVE AWAY,,,Y,"$501 - $1,500",9/24/2019 20:10,IMPROPER OVERTAKING/PASSING,IMPROPER LANE USAGE,628,N,LAKE SHORE DR SB,1834,,,,,,,2,NO INDICATION OF INJURY,0,0,0,0,0,2,0,19,3,9,41.89358466,-87.61483685,POINT (-87.61483685074 41.893584664434)
JC447061,,9/24/2019 19:35,25,NO CONTROLS,NO CONTROLS,CLEAR,"DARKNESS, LIGHTED ROAD",PARKED MOTOR VEHICLE,ONE-WAY,,STRAIGHT AND LEVEL,DRY,NO DEFECTS,ON SCENE,NO INJURY / DRIVE AWAY,,,,"OVER $1,500",9/24/2019 19:35,"VISION OBSCURED (SIGNS, TREE LIMBS, BUILDINGS, ETC.)",NOT APPLICABLE,1034,N,RUSH ST,1824,,,,,,,2,NO INDICATION OF INJURY,0,0,0,0,0,1,0,19,3,9,41.90171758,-87.62812004,POINT (-87.628120040815 41.901717583149)
JC448250,,9/24/2019 19:30,30,TRAFFIC SIGNAL,FUNCTIONING PROPERLY,CLEAR,DAYLIGHT,REAR END,NOT DIVIDED,,STRAIGHT AND LEVEL,DRY,NO DEFECTS,ON SCENE,NO INJURY / DRIVE AWAY,,,,"$501 - $1,500",9/25/2019 17:35,FOLLOWING TOO CLOSELY,FOLLOWING TOO CLOSELY,3158,W,87TH ST,835,,,,,,,2,NO INDICATION OF INJURY,0,0,0,0,0,2,0,19,3,9,41.73532734,-87.70155047,POINT (-87.701550472618 41.735327344387)
JC447060,,9/24/2019 19:30,15,NO CONTROLS,NO CONTROLS,CLEAR,"DARKNESS, LIGHTED ROAD",ANGLE,PARKING LOT,,STRAIGHT AND LEVEL,DRY,NO DEFECTS,NOT ON SCENE (DESK REPORT),NO INJURY / DRIVE AWAY,,,Y,$500 OR LESS,9/24/2019 19:45,FAILING TO YIELD RIGHT-OF-WAY,FAILING TO YIELD RIGHT-OF-WAY,2159,S,WESTERN AVE,1234,,,,,,,2,NO INDICATION OF INJURY,0,0,0,0,0,3,0,19,3,9,41.85208038,-87.68549484,POINT (-87.685494835572 41.85208038001)
JC448011,,9/24/2019 19:20,30,NO CONTROLS,NO CONTROLS,CLEAR,"DARKNESS, LIGHTED ROAD",SIDESWIPE SAME DIRECTION,DIVIDED - W/MEDIAN (NOT RAISED),,STRAIGHT AND LEVEL,DRY,NO DEFECTS,NOT ON SCENE (DESK REPORT),NO INJURY / DRIVE AWAY,,,Y,"$501 - $1,500",9/25/2019 15:10,FAILING TO YIELD RIGHT-OF-WAY,NOT APPLICABLE,3644,S,ARCHER AVE,912,,,,,,,2,NO INDICATION OF INJURY,0,0,0,0,0,3,0,19,3,9,41.8275839,-87.68245444,POINT (-87.682454442461 41.827583896764)
JC447072,,9/24/2019 19:20,30,NO CONTROLS,NO CONTROLS,CLEAR,DARKNESS,PARKED MOTOR VEHICLE,NOT DIVIDED,,STRAIGHT AND LEVEL,UNKNOWN,NO DEFECTS,NOT ON SCENE (DESK REPORT),NO INJURY / DRIVE AWAY,,,,"OVER $1,500",9/24/2019 19:55,FOLLOWING TOO CLOSELY,NOT APPLICABLE,6718,N,NORTHWEST HWY,1612,,,,,,,2,NO INDICATION OF INJURY,0,0,0,0,0,1,0,19,3,9,42.00310351,-87.81689426,POINT (-87.816894255915 42.00310350669)
JC447056,,9/24/2019 19:20,30,NO CONTROLS,NO CONTROLS,CLEAR,"DARKNESS, LIGHTED ROAD",SIDESWIPE SAME DIRECTION,NOT DIVIDED,,STRAIGHT AND LEVEL,DRY,NO DEFECTS,NOT ON SCENE (DESK REPORT),NO INJURY / DRIVE AWAY,,,,"$501 - $1,500",9/24/2019 19:43,UNABLE TO DETERMINE,UNABLE TO DETERMINE,212,W,WACKER DR,122,,,,,,,2,NO INDICATION OF INJURY,0,0,0,0,0,2,0,19,3,9,41.88703644,-87.63437794,POINT (-87.634377939133 41.88703643556)
JC447119,,9/24/2019 19:05,30,NO CONTROLS,NO CONTROLS,CLEAR,DUSK,OTHER NONCOLLISION,DIVIDED - W/MEDIAN (NOT RAISED),,STRAIGHT AND LEVEL,DRY,NO DEFECTS,ON SCENE,INJURY AND / OR TOW DUE TO CRASH,,,,"OVER $1,500",9/24/2019 19:11,FAILING TO YIELD RIGHT-OF-WAY,NOT APPLICABLE,2701,W,BELMONT AVE,1411,,,,,,,2,INCAPACITATING INJURY,1,0,1,0,0,1,0,19,3,9,41.93929542,-87.69539715,POINT (-87.695397153856 41.939295417875)
JC447037,,9/24/2019 19:00,30,TRAFFIC SIGNAL,FUNCTIONING PROPERLY,CLEAR,"DARKNESS, LIGHTED ROAD",REAR END,NOT DIVIDED,,STRAIGHT AND LEVEL,DRY,NO DEFECTS,NOT ON SCENE (DESK REPORT),NO INJURY / DRIVE AWAY,,,,"$501 - $1,500",9/24/2019 19:15,FOLLOWING TOO CLOSELY,UNABLE TO DETERMINE,5299,N,MILWAUKEE AVE,1623,,,,,,,2,NO INDICATION OF INJURY,0,0,0,0,0,2,0,19,3,9,41.9765518,-87.76831597,POINT (-87.768315972583 41.976551801064)
JC447800,,9/24/2019 18:42,30,TRAFFIC SIGNAL,FUNCTIONING PROPERLY,CLEAR,DAYLIGHT,REAR END,ONE-WAY,,STRAIGHT AND LEVEL,DRY,NO DEFECTS,NOT ON SCENE (DESK REPORT),NO INJURY / DRIVE AWAY,Y,,,"$501 - $1,500",9/25/2019 12:15,FOLLOWING TOO CLOSELY,NOT APPLICABLE,600,N,MICHIGAN AVE,1834,,,,,,,2,NO INDICATION OF INJURY,0,0,0,0,0,6,0,18,3,9,41.89259323,-87.62433405,POINT (-87.624334047949 41.892593225538)
JC447012,,9/24/2019 18:40,30,NO CONTROLS,NO CONTROLS,CLEAR,DUSK,PARKED MOTOR VEHICLE,ONE-WAY,,STRAIGHT AND LEVEL,DRY,NO DEFECTS,ON SCENE,NO INJURY / DRIVE AWAY,,,Y,"$501 - $1,500",9/24/2019 18:42,UNABLE TO DETERMINE,NOT APPLICABLE,5501,N,ARTESIAN AVE,2011,,,,,,,2,NO INDICATION OF INJURY,0,0,0,0,0,1,0,18,3,9,41.98146191,-87.69044876,POINT (-87.690448761723 41.981461911803)
JC447004,,9/24/2019 18:33,30,TRAFFIC SIGNAL,FUNCTIONING PROPERLY,CLEAR,DAYLIGHT,REAR END,OTHER,,STRAIGHT AND LEVEL,DRY,NO DEFECTS,ON SCENE,INJURY AND / OR TOW DUE TO CRASH,Y,,,"OVER $1,500",9/24/2019 18:33,FAILING TO REDUCE SPEED TO AVOID CRASH,UNABLE TO DETERMINE,10,E,GARFIELD BLVD,225,,,,,,,2,NO INDICATION OF INJURY,0,0,0,0,0,6,0,18,3,9,41.79475201,-87.62526128,POINT (-87.625261279225 41.794752014392)
JC455998,,9/24/2019 18:30,30,NO CONTROLS,NO CONTROLS,CLEAR,DAYLIGHT,REAR END,NOT DIVIDED,,STRAIGHT AND LEVEL,DRY,NO DEFECTS,NOT ON SCENE (DESK REPORT),NO INJURY / DRIVE AWAY,,,,"$501 - $1,500",10/1/2019 17:35,FOLLOWING TOO CLOSELY,NOT APPLICABLE,5735,N,CANFIELD AVE,1612,,,,,,,2,NO INDICATION OF INJURY,0,0,0,0,0,3,0,18,3,9,41.98420847,-87.82321888,POINT (-87.823218877776 41.984208467727)
JC446983,,9/24/2019 18:26,30,NO CONTROLS,NO CONTROLS,CLEAR,DUSK,SIDESWIPE SAME DIRECTION,NOT DIVIDED,,STRAIGHT AND LEVEL,DRY,UNKNOWN,ON SCENE,NO INJURY / DRIVE AWAY,,,,"OVER $1,500",9/24/2019 18:27,FAILING TO YIELD RIGHT-OF-WAY,UNABLE TO DETERMINE,6623,W,HIGGINS AVE,1613,,Y,,,,,2,NO INDICATION OF INJURY,0,0,0,0,0,2,0,18,3,9,41.97803611,-87.79365105,POINT (-87.793651050711 41.978036106335)
JC447016,,9/24/2019 18:25,25,STOP SIGN/FLASHER,FUNCTIONING PROPERLY,CLEAR,DAYLIGHT,REAR END,NOT DIVIDED,,STRAIGHT AND LEVEL,DRY,NO DEFECTS,NOT ON SCENE (DESK REPORT),NO INJURY / DRIVE AWAY,,,,"OVER $1,500",9/24/2019 19:00,FOLLOWING TOO CLOSELY,FOLLOWING TOO CLOSELY,1939,W,BYRON ST,1922,,,,,,,2,NO INDICATION OF INJURY,0,0,0,0,0,2,0,18,3,9,41.95223787,-87.67780411,POINT (-87.677804105991 41.952237873558)
JC446988,,9/24/2019 18:22,30,NO CONTROLS,NO CONTROLS,CLEAR,DAYLIGHT,TURNING,DIVIDED - W/MEDIAN (NOT RAISED),,STRAIGHT AND LEVEL,DRY,NO DEFECTS,ON SCENE,NO INJURY / DRIVE AWAY,,,,"$501 - $1,500",9/24/2019 18:27,IMPROPER TURNING/NO SIGNAL,NOT APPLICABLE,3221,N,KIMBALL AVE,1733,,,,,,,2,NO INDICATION OF INJURY,0,0,0,0,0,2,0,18,3,9,41.93991048,-87.71237518,POINT (-87.712375180011 41.939910476456)
JC447162,,9/24/2019 18:05,30,NO CONTROLS,NO CONTROLS,CLEAR,"DARKNESS, LIGHTED ROAD",SIDESWIPE SAME DIRECTION,DIVIDED - W/MEDIAN (NOT RAISED),,STRAIGHT AND LEVEL,DRY,NO DEFECTS,ON SCENE,NO INJURY / DRIVE AWAY,,,,"$501 - $1,500",9/24/2019 20:09,NOT APPLICABLE,NOT APPLICABLE,2307,W,GRANVILLE AVE,2413,,,,,,,2,NO INDICATION OF INJURY,0,0,0,0,0,2,0,18,3,9,41.99401856,-87.68762871,POINT (-87.687628711809 41.994018555731)
JC446969,,9/24/2019 18:05,30,TRAFFIC SIGNAL,FUNCTIONING PROPERLY,CLEAR,DAYLIGHT,TURNING,FOUR WAY,,STRAIGHT AND LEVEL,DRY,NO DEFECTS,ON SCENE,INJURY AND / OR TOW DUE TO CRASH,Y,,,"OVER $1,500",9/24/2019 18:05,FAILING TO YIELD RIGHT-OF-WAY,NOT APPLICABLE,801,W,87TH ST,2223,,,,,,,2,NO INDICATION OF INJURY,0,0,0,0,0,2,0,18,3,9,41.73596365,-87.64368172,POINT (-87.643681724352 41.735963647349)
JC446959,,9/24/2019 18:02,30,TRAFFIC SIGNAL,FUNCTIONING PROPERLY,CLEAR,DAYLIGHT,REAR END,DIVIDED - W/MEDIAN (NOT RAISED),,STRAIGHT AND LEVEL,DRY,NO DEFECTS,ON SCENE,INJURY AND / OR TOW DUE TO CRASH,,,,"OVER $1,500",9/24/2019 18:03,DISTRACTION - FROM INSIDE VEHICLE,FOLLOWING TOO CLOSELY,199,N,LARAMIE AVE,1532,,,,,,,3,"REPORTED, NOT EVIDENT",1,0,0,0,1,2,0,18,3,9,41.88425726,-87.75506072,POINT (-87.755060721999 41.884257262222)
JC448119,,9/24/2019 18:00,35,NO CONTROLS,NO CONTROLS,CLEAR,DAYLIGHT,TURNING,NOT DIVIDED,,STRAIGHT AND LEVEL,DRY,NO DEFECTS,NOT ON SCENE (DESK REPORT),NO INJURY / DRIVE AWAY,,,Y,"OVER $1,500",9/25/2019 16:21,UNABLE TO DETERMINE,NOT APPLICABLE,400,N,STATE ST,1831,,,,,,,2,NO INDICATION OF INJURY,0,0,0,0,0,2,0,18,3,9,41.88931871,-87.62815267,POINT (-87.6281526679 41.889318711059)
JC447193,,9/24/2019 18:00,25,TRAFFIC SIGNAL,UNKNOWN,UNKNOWN,UNKNOWN,TURNING,NOT DIVIDED,,STRAIGHT AND LEVEL,UNKNOWN,UNKNOWN,NOT ON SCENE (DESK REPORT),NO INJURY / DRIVE AWAY,,,,"$501 - $1,500",9/24/2019 21:00,UNABLE TO DETERMINE,FAILING TO YIELD RIGHT-OF-WAY,59,W,NORTH BLVD,1824,,,,,,,2,NO INDICATION OF INJURY,0,0,0,0,0,2,0,18,3,9,41.91108516,-87.63125958,POINT (-87.631259579411 41.911085160039)
JC447078,,9/24/2019 18:00,30,TRAFFIC SIGNAL,FUNCTIONING PROPERLY,CLEAR,DUSK,TURNING,NOT DIVIDED,,STRAIGHT AND LEVEL,DRY,NO DEFECTS,NOT ON SCENE (DESK REPORT),NO INJURY / DRIVE AWAY,,,,"OVER $1,500",9/24/2019 19:50,UNABLE TO DETERMINE,IMPROPER OVERTAKING/PASSING,3432,E,134TH ST,433,,,,,,,2,NO INDICATION OF INJURY,0,0,0,0,0,2,0,18,3,9,41.65195485,-87.53982481,POINT (-87.539824811593 41.651954848963)
JC447009,,9/24/2019 18:00,30,TRAFFIC SIGNAL,FUNCTIONING PROPERLY,CLEAR,DUSK,REAR END,NOT DIVIDED,,STRAIGHT AND LEVEL,DRY,NO DEFECTS,NOT ON SCENE (DESK REPORT),NO INJURY / DRIVE AWAY,Y,,,"$501 - $1,500",9/24/2019 18:55,FOLLOWING TOO CLOSELY,UNABLE TO DETERMINE,7332,N,SHERIDAN RD,2423,,,,,,,2,NO INDICATION OF INJURY,0,0,0,0,0,2,0,18,3,9,42.01492318,-87.66479179,POINT (-87.664791792091 42.014923177979)
JC446978,,9/24/2019 18:00,30,STOP SIGN/FLASHER,FUNCTIONING PROPERLY,CLEAR,DAYLIGHT,REAR END,DIVIDED - W/MEDIAN (NOT RAISED),,STRAIGHT AND LEVEL,DRY,NO DEFECTS,NOT ON SCENE (DESK REPORT),NO INJURY / DRIVE AWAY,Y,,Y,"$501 - $1,500",9/24/2019 18:20,FOLLOWING TOO CLOSELY,UNABLE TO DETERMINE,11500,S,ABERDEEN ST,524,,,,,,,2,NO INDICATION OF INJURY,0,0,0,0,0,2,0,18,3,9,41.68489195,-87.64958899,POINT (-87.649588994364 41.684891949663)
JC446971,,9/24/2019 17:55,35,NO CONTROLS,NO CONTROLS,CLEAR,DAYLIGHT,TURNING,DIVIDED - W/MEDIAN (NOT RAISED),,STRAIGHT AND LEVEL,DRY,NO DEFECTS,ON SCENE,INJURY AND / OR TOW DUE TO CRASH,Y,,,"OVER $1,500",9/24/2019 18:00,IMPROPER TURNING/NO SIGNAL,IMPROPER OVERTAKING/PASSING,2936,E,126TH ST,433,,,,,,,2,NO INDICATION OF INJURY,0,0,0,0,0,2,0,17,3,9,41.6668145,-87.55185048,POINT (-87.551850475358 41.666814503002)
JC451185,,9/24/2019 17:52,30,TRAFFIC SIGNAL,FUNCTIONING PROPERLY,CLEAR,DAYLIGHT,ANGLE,FOUR WAY,,STRAIGHT AND LEVEL,DRY,NO DEFECTS,NOT ON SCENE (DESK REPORT),NO INJURY / DRIVE AWAY,Y,,,"OVER $1,500",9/27/2019 22:00,DISREGARDING TRAFFIC SIGNALS,FAILING TO YIELD RIGHT-OF-WAY,2843,N,SAWYER AVE,1412,,,,,,,2,NO INDICATION OF INJURY,0,0,0,0,0,2,0,17,3,9,41.93332643,-87.7085308,POINT (-87.708530800916 41.933326430812)
JC447023,,9/24/2019 17:50,30,NO CONTROLS,NO CONTROLS,CLEAR,DAWN,SIDESWIPE SAME DIRECTION,NOT DIVIDED,,STRAIGHT AND LEVEL,DRY,NO DEFECTS,NOT ON SCENE (DESK REPORT),NO INJURY / DRIVE AWAY,,,Y,"$501 - $1,500",9/24/2019 19:01,NOT APPLICABLE,NOT APPLICABLE,4780,W,87TH ST,834,,,,,,,2,NO INDICATION OF INJURY,0,0,0,0,0,2,0,17,3,9,41.73463512,-87.7410009,POINT (-87.74100089723 41.734635122574)
JC446948,N,9/24/2019 17:48,30,NO CONTROLS,NO CONTROLS,CLEAR,DAYLIGHT,PARKED MOTOR VEHICLE,DIVIDED - W/MEDIAN (NOT RAISED),,STRAIGHT AND LEVEL,DRY,UNKNOWN,ON SCENE,INJURY AND / OR TOW DUE TO CRASH,,,,"OVER $1,500",9/24/2019 17:48,PHYSICAL CONDITION OF DRIVER,UNABLE TO DETERMINE,124,N,HAMLIN BLVD,1122,Y,N,,,,,3,INCAPACITATING INJURY,1,0,1,0,0,2,0,17,3,9,41.88269475,-87.72099636,POINT (-87.72099635609 41.882694751049)
JC447184,,9/24/2019 17:45,30,TRAFFIC SIGNAL,FUNCTIONING PROPERLY,CLEAR,DAYLIGHT,REAR END,FOUR WAY,,STRAIGHT AND LEVEL,DRY,UNKNOWN,NOT ON SCENE (DESK REPORT),NO INJURY / DRIVE AWAY,Y,,,"$501 - $1,500",9/24/2019 21:15,IMPROPER LANE USAGE,IMPROPER OVERTAKING/PASSING,5557,N,BROADWAY,2023,,,,,,,2,NO INDICATION OF INJURY,0,0,0,0,0,2,0,17,3,9,41.98347671,-87.65991743,POINT (-87.659917425798 41.983476710333)
JC447052,,9/24/2019 17:45,30,NO CONTROLS,NO CONTROLS,CLEAR,DAYLIGHT,REAR END,NOT DIVIDED,,STRAIGHT AND LEVEL,DRY,NO DEFECTS,NOT ON SCENE (DESK REPORT),NO INJURY / DRIVE AWAY,,,,"OVER $1,500",9/24/2019 19:30,UNABLE TO DETERMINE,NOT APPLICABLE,1231,S,CANAL ST,124,,,,,,,2,NO INDICATION OF INJURY,0,0,0,0,0,3,0,17,3,9,41.8663885,-87.63907116,POINT (-87.639071164471 41.866388500703)
JC446951,,9/24/2019 17:43,30,NO CONTROLS,NO CONTROLS,CLEAR,DAYLIGHT,ANGLE,NOT DIVIDED,,STRAIGHT AND LEVEL,DRY,UNKNOWN,NOT ON SCENE (DESK REPORT),NO INJURY / DRIVE AWAY,,,,"OVER $1,500",9/24/2019 18:15,UNABLE TO DETERMINE,UNABLE TO DETERMINE,10258,S,WESTERN AVE,2211,,,,,,,2,NO INDICATION OF INJURY,0,0,0,0,0,2,0,17,3,9,41.70646456,-87.68177,POINT (-87.681770004194 41.706464557469)