RD_NO,CRASH_DATE_EST_I,CRASH_DATE,POSTED_SPEED_LIMIT,TRAFFIC_CONTROL_DEVICE,DEVICE_CONDITION,WEATHER_CONDITION,LIGHTING_CONDITION,FIRST_CRASH_TYPE,TRAFFICWAY_TYPE,LANE_CNT,ALIGNMENT,ROADWAY_SURFACE_COND,ROAD_DEFECT,REPORT_TYPE,CRASH_TYPE,INTERSECTION_RELATED_I,NOT_RIGHT_OF_WAY_I,HIT_AND_RUN_I,DAMAGE,DATE_POLICE_NOTIFIED,PRIM_CONTRIBUTORY_CAUSE,SEC_CONTRIBUTORY_CAUSE,STREET_NO,STREET_DIRECTION,STREET_NAME,BEAT_OF_OCCURRENCE,PHOTOS_TAKEN_I,STATEMENTS_TAKEN_I,DOORING_I,WORK_ZONE_I,WORK_ZONE_TYPE,WORKERS_PRESENT_I,NUM_UNITS,MOST_SEVERE_INJURY,INJURIES_TOTAL,INJURIES_FATAL,INJURIES_INCAPACITATING,INJURIES_NON_INCAPACITATING,INJURIES_REPORTED_NOT_EVIDENT,INJURIES_NO_INDICATION,INJURIES_UNKNOWN,CRASH_HOUR,CRASH_DAY_OF_WEEK,CRASH_MONTH,LATITUDE,LONGITUDE,LOCATION
JC446921,,9/24/2019 17:40,30,TRAFFIC SIGNAL,FUNCTIONING PROPERLY,CLEAR,DAYLIGHT,TURNING,NOT DIVIDED,,STRAIGHT AND LEVEL,DRY,NO DEFECTS,ON SCENE,INJURY AND / OR TOW DUE TO CRASH,Y,,,"OVER $1,500",9/24/2019 18:00,IMPROPER TURNING/NO SIGNAL,NOT APPLICABLE,4700,S,PULASKI RD,815,,,,,,,2,NO INDICATION OF INJURY,0,0,0,0,0,2,0,17,3,9,41.80778877,-87.72373033,POINT (-87.72373033158 41.807788769095)
JC447011,,9/24/2019 17:35,30,NO CONTROLS,NO CONTROLS,CLEAR,DAYLIGHT,SIDESWIPE SAME DIRECTION,OTHER,,STRAIGHT AND LEVEL,DRY,NO DEFECTS,NOT ON SCENE (DESK REPORT),NO INJURY / DRIVE AWAY,Y,,,"OVER $1,500",9/24/2019 18:15,IMPROPER LANE USAGE,NOT APPLICABLE,5701,N,CANFIELD AVE,1613,,,,,,,2,NO INDICATION OF INJURY,0,0,0,0,0,2,0,17,3,9,41.98319991,-87.82335519,POINT (-87.823355192559 41.983199914289)
JC446937,,9/24/2019 17:35,30,NO CONTROLS,NO CONTROLS,CLEAR,DAYLIGHT,REAR END,DIVIDED - W/MEDIAN (NOT RAISED),,STRAIGHT AND LEVEL,DRY,NO DEFECTS,ON SCENE,NO INJURY / DRIVE AWAY,,,,"OVER $1,500",9/24/2019 17:45,FOLLOWING TOO CLOSELY,UNABLE TO DETERMINE,2935,N,ASHLAND AVE,1932,,,,,,,2,NO INDICATION OF INJURY,0,0,0,0,0,2,0,17,3,9,41.93524824,-87.66835182,POINT (-87.668351821132 41.93524823758)
JC451269,,9/24/2019 17:30,30,TRAFFIC SIGNAL,FUNCTIONING PROPERLY,CLEAR,DAYLIGHT,ANGLE,NOT DIVIDED,,STRAIGHT AND LEVEL,DRY,NO DEFECTS,NOT ON SCENE (DESK REPORT),NO INJURY / DRIVE AWAY,Y,,,"OVER $1,500",9/27/2019 23:35,UNABLE TO DETERMINE,NOT APPLICABLE,2409,S,CALIFORNIA AVE,1034,,,,,,,2,NO INDICATION OF INJURY,0,0,0,0,0,2,0,17,3,9,41.84797299,-87.69518947,POINT (-87.695189467477 41.847972990715)
JC447625,,9/24/2019 17:30,30,NO CONTROLS,NO CONTROLS,CLEAR,DAYLIGHT,REAR END,NOT DIVIDED,,STRAIGHT AND LEVEL,DRY,NO DEFECTS,NOT ON SCENE (DESK REPORT),NO INJURY / DRIVE AWAY,,,,"OVER $1,500",9/25/2019 10:05,UNABLE TO DETERMINE,UNABLE TO DETERMINE,2232,W,CERMAK RD,1234,,,,,,,2,NO INDICATION OF INJURY,0,0,0,0,0,2,0,17,3,9,41.85218828,-87.68211199,POINT (-87.682111989789 41.852188279056)
JC447101,,9/24/2019 17:30,35,STOP SIGN/FLASHER,FUNCTIONING PROPERLY,CLEAR,DAYLIGHT,ANGLE,FOUR WAY,,STRAIGHT AND LEVEL,DRY,UNKNOWN,NOT ON SCENE (DESK REPORT),NO INJURY / DRIVE AWAY,,,,"OVER $1,500",9/24/2019 20:00,FAILING TO YIELD RIGHT-OF-WAY,FAILING TO YIELD RIGHT-OF-WAY,4700,S,KARLOV AVE,815,,,,,,,2,NO INDICATION OF INJURY,0,0,0,0,0,2,0,17,3,9,41.80774685,-87.72617573,POINT (-87.726175724926 41.807746847785)
JC446936,,9/24/2019 17:30,30,TRAFFIC SIGNAL,FUNCTIONING PROPERLY,CLEAR,DAYLIGHT,SIDESWIPE SAME DIRECTION,ONE-WAY,,STRAIGHT AND LEVEL,DRY,NO DEFECTS,NOT ON SCENE (DESK REPORT),NO INJURY / DRIVE AWAY,,,,$500 OR LESS,9/24/2019 17:53,IMPROPER TURNING/NO SIGNAL,UNABLE TO DETERMINE,641,N,CLARK ST,1832,,,,,,,2,NO INDICATION OF INJURY,0,0,0,0,0,3,0,17,3,9,41.89363229,-87.63103001,POINT (-87.631030008305 41.893632293807)
JC446952,,9/24/2019 17:24,30,TRAFFIC SIGNAL,FUNCTIONING PROPERLY,CLEAR,DAYLIGHT,SIDESWIPE SAME DIRECTION,NOT DIVIDED,,STRAIGHT AND LEVEL,DRY,NO DEFECTS,ON SCENE,NO INJURY / DRIVE AWAY,N,,Y,"$501 - $1,500",9/24/2019 17:26,IMPROPER OVERTAKING/PASSING,NOT APPLICABLE,4800,W,DIVISION ST,2533,,,,,,,2,NO INDICATION OF INJURY,0,0,0,0,0,2,0,17,3,9,41.90246055,-87.7461029,POINT (-87.746102902944 41.902460549401)
JC446962,,9/24/2019 17:18,30,TRAFFIC SIGNAL,FUNCTIONING PROPERLY,CLEAR,DAYLIGHT,SIDESWIPE SAME DIRECTION,ONE-WAY,,STRAIGHT AND LEVEL,DRY,NO DEFECTS,ON SCENE,NO INJURY / DRIVE AWAY,,,,"OVER $1,500",9/24/2019 17:30,UNABLE TO DETERMINE,UNABLE TO DETERMINE,191,W,ADAMS ST,122,,,,,,,2,NO INDICATION OF INJURY,0,0,0,0,0,2,0,17,3,9,41.87927939,-87.63345939,POINT (-87.633459393267 41.879279386988)
JC446883,Y,9/24/2019 17:13,30,TRAFFIC SIGNAL,FUNCTIONING PROPERLY,CLEAR,DAYLIGHT,TURNING,FOUR WAY,,STRAIGHT AND LEVEL,DRY,UNKNOWN,ON SCENE,INJURY AND / OR TOW DUE TO CRASH,Y,,,"OVER $1,500",9/24/2019 17:14,FAILING TO YIELD RIGHT-OF-WAY,UNABLE TO DETERMINE,1600,N,PULASKI RD,2534,,,,,,,2,INCAPACITATING INJURY,1,0,1,0,0,1,0,17,3,9,41.90997501,-87.72648052,POINT (-87.726480523066 41.909975010237)
JC446879,,9/24/2019 17:05,20,TRAFFIC SIGNAL,FUNCTIONING PROPERLY,CLEAR,DAYLIGHT,REAR END,ONE-WAY,,STRAIGHT AND LEVEL,DRY,NO DEFECTS,ON SCENE,NO INJURY / DRIVE AWAY,Y,,,"OVER $1,500",9/24/2019 17:10,FOLLOWING TOO CLOSELY,UNABLE TO DETERMINE,3858,S,DAMEN AVE,912,,,,,,,2,NO INDICATION OF INJURY,0,0,0,0,0,2,0,17,3,9,41.82317606,-87.67701942,POINT (-87.677019422962 41.82317605701)
JC446876,,9/24/2019 17:04,30,NO CONTROLS,FUNCTIONING PROPERLY,CLEAR,DAYLIGHT,REAR END,NOT DIVIDED,,STRAIGHT AND LEVEL,DRY,NO DEFECTS,ON SCENE,INJURY AND / OR TOW DUE TO CRASH,,,,"OVER $1,500",9/24/2019 17:04,UNABLE TO DETERMINE,UNABLE TO DETERMINE,5840,S,HALSTED ST,712,,,,,,,5,NONINCAPACITATING INJURY,3,0,0,3,0,8,0,17,3,9,41.78757327,-87.64512996,POINT (-87.645129964344 41.787573269604)
JC447073,N,9/24/2019 17:00,30,NO CONTROLS,NO CONTROLS,CLEAR,DAYLIGHT,PARKED MOTOR VEHICLE,ONE-WAY,,STRAIGHT AND LEVEL,DRY,NO DEFECTS,ON SCENE,NO INJURY / DRIVE AWAY,,,Y,"OVER $1,500",9/24/2019 19:20,UNABLE TO DETERMINE,UNABLE TO DETERMINE,3146,N,LUNA AVE,2514,,,,,,,2,NO INDICATION OF INJURY,0,0,0,0,0,1,0,17,3,9,41.93815739,-87.7654023,POINT (-87.765402298219 41.938157390616)
JC446846,,9/24/2019 16:55,30,NO CONTROLS,NO CONTROLS,CLEAR,DAYLIGHT,REAR END,NOT DIVIDED,,STRAIGHT AND LEVEL,DRY,NO DEFECTS,ON SCENE,NO INJURY / DRIVE AWAY,,,,"OVER $1,500",9/24/2019 17:00,FOLLOWING TOO CLOSELY,UNABLE TO DETERMINE,2600,W,MARQUETTE RD,831,,,,,,,2,NO INDICATION OF INJURY,0,0,0,0,0,2,0,16,3,9,41.77201028,-87.68839721,POINT (-87.688397211709 41.77201027955)
JC448345,,9/24/2019 16:50,30,NO CONTROLS,NO CONTROLS,CLEAR,DAYLIGHT,REAR END,DIVIDED - W/MEDIAN (NOT RAISED),,STRAIGHT AND LEVEL,DRY,NO DEFECTS,NOT ON SCENE (DESK REPORT),NO INJURY / DRIVE AWAY,,,,"$501 - $1,500",9/25/2019 18:30,UNABLE TO DETERMINE,UNABLE TO DETERMINE,3100,S,PULASKI RD,1031,,,,,,,2,NO INDICATION OF INJURY,0,0,0,0,0,2,0,16,3,9,41.83678964,-87.72449547,POINT (-87.724495465118 41.836789642982)
JC446870,,9/24/2019 16:50,30,STOP SIGN/FLASHER,FUNCTIONING PROPERLY,CLEAR,DAYLIGHT,ANGLE,NOT DIVIDED,,STRAIGHT AND LEVEL,DRY,NO DEFECTS,NOT ON SCENE (DESK REPORT),NO INJURY / DRIVE AWAY,Y,,,$500 OR LESS,9/24/2019 17:00,UNABLE TO DETERMINE,NOT APPLICABLE,1500,S,BLUE ISLAND AVE,1233,,,,,,,2,NO INDICATION OF INJURY,0,0,0,0,0,5,0,16,3,9,41.86160782,-87.65813828,POINT (-87.658138282845 41.861607819583)
JC446904,,9/24/2019 16:40,35,STOP SIGN/FLASHER,FUNCTIONING PROPERLY,CLEAR,DAYLIGHT,TURNING,DIVIDED - W/MEDIAN (NOT RAISED),,STRAIGHT AND LEVEL,DRY,NO DEFECTS,ON SCENE,INJURY AND / OR TOW DUE TO CRASH,Y,,,"OVER $1,500",9/24/2019 16:43,FAILING TO YIELD RIGHT-OF-WAY,NOT APPLICABLE,8759,S,HALSTED ST,2223,,,,,,,3,NO INDICATION OF INJURY,0,0,0,0,0,4,0,16,3,9,41.73439337,-87.64342412,POINT (-87.643424123981 41.734393365956)
JC446884,,9/24/2019 16:40,35,STOP SIGN/FLASHER,FUNCTIONING PROPERLY,CLEAR,DAYLIGHT,ANGLE,DIVIDED - W/MEDIAN (NOT RAISED),,STRAIGHT AND LEVEL,DRY,NO DEFECTS,ON SCENE,INJURY AND / OR TOW DUE TO CRASH,Y,,,"OVER $1,500",9/24/2019 17:09,FAILING TO YIELD RIGHT-OF-WAY,NOT APPLICABLE,1900,S,HALSTED ST,1235,,,,,,,2,NONINCAPACITATING INJURY,1,0,0,1,0,4,0,16,3,9,41.85669125,-87.64675695,POINT (-87.646756944767 41.856691244708)
JC446815,,9/24/2019 16:34,35,TRAFFIC SIGNAL,FUNCTIONING PROPERLY,CLEAR,DAYLIGHT,TURNING,NOT DIVIDED,,STRAIGHT AND LEVEL,DRY,NO DEFECTS,ON SCENE,INJURY AND / OR TOW DUE TO CRASH,Y,,,"OVER $1,500",9/24/2019 16:35,FAILING TO YIELD RIGHT-OF-WAY,NOT APPLICABLE,2401,W,79TH ST,835,,,,,,,3,NONINCAPACITATING INJURY,4,0,0,4,0,3,0,16,3,9,41.74998518,-87.68282078,POINT (-87.682820775329 41.749985182854)
JC449430,,9/24/2019 16:30,30,NO CONTROLS,NO CONTROLS,CLEAR,DAYLIGHT,REAR END,DIVIDED - W/MEDIAN (NOT RAISED),,STRAIGHT AND LEVEL,DRY,NO DEFECTS,NOT ON SCENE (DESK REPORT),NO INJURY / DRIVE AWAY,,,,"$501 - $1,500",9/26/2019 15:57,FOLLOWING TOO CLOSELY,NOT APPLICABLE,5400,S,CICERO AVE,815,,,,,,,2,NO INDICATION OF INJURY,0,0,0,0,0,2,0,16,3,9,41.79455974,-87.74289496,POINT (-87.742894957701 41.794559736179)
JC446998,,9/24/2019 16:30,30,TRAFFIC SIGNAL,FUNCTIONING PROPERLY,CLEAR,DUSK,REAR END,FOUR WAY,,STRAIGHT AND LEVEL,DRY,NO DEFECTS,ON SCENE,NO INJURY / DRIVE AWAY,,,,"OVER $1,500",9/24/2019 16:35,FAILING TO REDUCE SPEED TO AVOID CRASH,DISREGARDING TRAFFIC SIGNALS,12999,S,TORRENCE AVE,433,,,,,,,2,NO INDICATION OF INJURY,0,0,0,0,0,2,0,16,3,9,41.65928227,-87.55913951,POINT (-87.559139513712 41.659282273913)
JC446972,,9/24/2019 16:20,30,STOP SIGN/FLASHER,FUNCTIONING PROPERLY,CLEAR,DAYLIGHT,REAR TO FRONT,UNKNOWN,,STRAIGHT AND LEVEL,DRY,NO DEFECTS,NOT ON SCENE (DESK REPORT),NO INJURY / DRIVE AWAY,,,,"$501 - $1,500",9/24/2019 18:20,IMPROPER BACKING,UNABLE TO DETERMINE,8400,W,LELAND AVE,1614,,,,,,,2,NO INDICATION OF INJURY,0,0,0,0,0,2,0,16,3,9,41.96527764,-87.83674482,POINT (-87.836744818238 41.965277640916)
JC446786,,9/24/2019 16:20,35,TRAFFIC SIGNAL,FUNCTIONING PROPERLY,CLEAR,DAYLIGHT,REAR END,NOT DIVIDED,,STRAIGHT AND LEVEL,DRY,UNKNOWN,ON SCENE,NO INJURY / DRIVE AWAY,,,,"OVER $1,500",9/24/2019 16:21,UNABLE TO DETERMINE,NOT APPLICABLE,1602,N,CICERO AVE,2533,,,,,,,2,NO INDICATION OF INJURY,0,0,0,0,0,5,0,16,3,9,41.90973122,-87.74626119,POINT (-87.746261186394 41.90973121797)
JC449472,,9/24/2019 16:15,30,NO CONTROLS,NO CONTROLS,CLEAR,DAYLIGHT,REAR END,NOT DIVIDED,,STRAIGHT AND LEVEL,DRY,NO DEFECTS,NOT ON SCENE (DESK REPORT),NO INJURY / DRIVE AWAY,N,,,"OVER $1,500",9/26/2019 16:15,UNABLE TO DETERMINE,NOT APPLICABLE,900,N,ORLEANS ST,1823,,,,,,,2,NO INDICATION OF INJURY,0,0,0,0,0,2,0,16,3,9,41.89897902,-87.63741021,POINT (-87.637410212028 41.898979021041)
JC447728,,9/24/2019 16:15,20,STOP SIGN/FLASHER,FUNCTIONING PROPERLY,CLEAR,DAYLIGHT,REAR END,NOT DIVIDED,,STRAIGHT AND LEVEL,DRY,NO DEFECTS,NOT ON SCENE (DESK REPORT),NO INJURY / DRIVE AWAY,,,,"OVER $1,500",9/25/2019 10:34,UNABLE TO DETERMINE,UNABLE TO DETERMINE,349,S,CENTRAL PARK AVE,1133,,,,,,,4,NO INDICATION OF INJURY,0,0,0,0,0,6,0,16,3,9,41.87575798,-87.7155787,POINT (-87.715578700959 41.875757982293)
JC447075,,9/24/2019 16:15,30,UNKNOWN,UNKNOWN,UNKNOWN,UNKNOWN,PARKED MOTOR VEHICLE,UNKNOWN,,STRAIGHT AND LEVEL,UNKNOWN,UNKNOWN,NOT ON SCENE (DESK REPORT),NO INJURY / DRIVE AWAY,,,Y,"$501 - $1,500",9/24/2019 20:00,UNABLE TO DETERMINE,NOT APPLICABLE,720,E,132ND ST,533,,,,,,,2,NO INDICATION OF INJURY,0,0,0,0,0,1,0,16,3,9,41.65591642,-87.60412051,POINT (-87.604120511357 41.65591641704)
JC446814,,9/24/2019 16:15,30,TRAFFIC SIGNAL,FUNCTIONING PROPERLY,CLEAR,DAYLIGHT,TURNING,Y-INTERSECTION,,STRAIGHT AND LEVEL,DRY,NO DEFECTS,ON SCENE,NO INJURY / DRIVE AWAY,Y,,,"$501 - $1,500",9/24/2019 16:27,IMPROPER LANE USAGE,NOT APPLICABLE,5240,N,MILWAUKEE AVE,1623,,,,,,,2,NO INDICATION OF INJURY,0,0,0,0,0,2,0,16,3,9,41.97552827,-87.76779296,POINT (-87.76779296113 41.975528269324)
JC446779,,9/24/2019 16:15,30,TRAFFIC SIGNAL,FUNCTIONING PROPERLY,CLEAR,DAYLIGHT,PEDALCYCLIST,DIVIDED - W/MEDIAN (NOT RAISED),,STRAIGHT AND LEVEL,DRY,NO DEFECTS,ON SCENE,INJURY AND / OR TOW DUE TO CRASH,Y,,,$500 OR LESS,9/24/2019 16:30,UNABLE TO DETERMINE,UNABLE TO DETERMINE,1200,W,BELMONT AVE,1924,,,,,,,2,NONINCAPACITATING INJURY,1,0,0,1,0,1,0,16,3,9,41.93994603,-87.65907762,POINT (-87.659077619206 41.939946029756)
JC446764,,9/24/2019 16:15,30,NO CONTROLS,NO CONTROLS,CLEAR,DAYLIGHT,FIXED OBJECT,PARKING LOT,,STRAIGHT AND LEVEL,DRY,NO DEFECTS,ON SCENE,INJURY AND / OR TOW DUE TO CRASH,,,,"OVER $1,500",9/24/2019 16:15,"OPERATING VEHICLE IN ERRATIC, RECKLESS, CARELESS, NEGLIGENT OR AGGRESSIVE MANNER",UNABLE TO DETERMINE,1415,E,65TH ST,321,,,,,,,1,"REPORTED, NOT EVIDENT",1,0,0,0,1,3,0,16,3,9,41.77682307,-87.5902564,POINT (-87.590256395028 41.776823073228)
JC446818,,9/24/2019 16:12,30,STOP SIGN/FLASHER,FUNCTIONING PROPERLY,CLEAR,DAYLIGHT,SIDESWIPE SAME DIRECTION,DIVIDED - W/MEDIAN (NOT RAISED),,STRAIGHT AND LEVEL,DRY,NO DEFECTS,ON SCENE,NO INJURY / DRIVE AWAY,Y,,,$500 OR LESS,9/24/2019 16:15,IMPROPER OVERTAKING/PASSING,NOT APPLICABLE,2758,N,KIMBALL AVE,1412,,,,,,,2,NO INDICATION OF INJURY,0,0,0,0,0,2,0,16,3,9,41.93196945,-87.71241151,POINT (-87.71241151183 41.93196944727)
JC446794,,9/24/2019 16:10,15,NO CONTROLS,NO CONTROLS,CLEAR,DAYLIGHT,TURNING,T-INTERSECTION,,STRAIGHT AND LEVEL,DRY,NO DEFECTS,ON SCENE,NO INJURY / DRIVE AWAY,,,,"OVER $1,500",9/24/2019 16:24,DRIVING SKILLS/KNOWLEDGE/EXPERIENCE,UNABLE TO DETERMINE,7915,S,SAGINAW AVE,422,,,,,,,2,NO INDICATION OF INJURY,0,0,0,0,0,2,0,16,3,9,41.75132771,-87.5600164,POINT (-87.560016399454 41.751327712881)
JC446889,,9/24/2019 16:09,30,TRAFFIC SIGNAL,FUNCTIONING PROPERLY,CLEAR,DAYLIGHT,SIDESWIPE SAME DIRECTION,NOT DIVIDED,,STRAIGHT AND LEVEL,DRY,NO DEFECTS,ON SCENE,NO INJURY / DRIVE AWAY,,,,"OVER $1,500",9/24/2019 16:32,UNABLE TO DETERMINE,NOT APPLICABLE,465,N,COLUMBUS DR,1834,Y,,,,,,2,NO INDICATION OF INJURY,0,0,0,0,0,2,0,16,3,9,41.89050844,-87.62011051,POINT (-87.62011051186 41.890508442125)
JC446970,,9/24/2019 16:00,30,TRAFFIC SIGNAL,FUNCTIONING PROPERLY,CLEAR,DAYLIGHT,REAR END,NOT DIVIDED,,STRAIGHT AND LEVEL,DRY,NO DEFECTS,ON SCENE,INJURY AND / OR TOW DUE TO CRASH,,,Y,"OVER $1,500",9/24/2019 17:27,FOLLOWING TOO CLOSELY,UNABLE TO DETERMINE,2400,S,BLUE ISLAND AVE,1034,,,,,,,2,NO INDICATION OF INJURY,0,0,0,0,0,3,0,16,3,9,41.8488453,-87.67526272,POINT (-87.67526271744 41.848845297763)
JC446860,,9/24/2019 16:00,15,STOP SIGN/FLASHER,FUNCTIONING PROPERLY,CLEAR,DAYLIGHT,TURNING,ONE-WAY,,STRAIGHT AND LEVEL,DRY,NO DEFECTS,NOT ON SCENE (DESK REPORT),NO INJURY / DRIVE AWAY,Y,,,"$501 - $1,500",9/24/2019 16:55,UNABLE TO DETERMINE,NOT APPLICABLE,801,N,LECLAIRE AVE,1531,,,,,,,2,NO INDICATION OF INJURY,0,0,0,0,0,2,0,16,3,9,41.89504957,-87.75301228,POINT (-87.75301228197 41.895049565784)
JC446820,,9/24/2019 16:00,30,OTHER,OTHER,CLEAR,DAYLIGHT,REAR END,UNKNOWN,,STRAIGHT AND LEVEL,OTHER,OTHER,ON SCENE,NO INJURY / DRIVE AWAY,Y,,,$500 OR LESS,9/24/2019 16:00,NOT APPLICABLE,NOT APPLICABLE,4400,N,ELSTON AVE,1722,,,,,,,2,NO INDICATION OF INJURY,0,0,0,0,0,2,0,16,3,9,41.9609248,-87.7299069,POINT (-87.729906898945 41.960924798749)
JC446804,,9/24/2019 16:00,30,NO CONTROLS,NO CONTROLS,CLEAR,DAYLIGHT,SIDESWIPE SAME DIRECTION,ONE-WAY,,STRAIGHT AND LEVEL,DRY,NO DEFECTS,NOT ON SCENE (DESK REPORT),NO INJURY / DRIVE AWAY,,,,"$501 - $1,500",9/24/2019 16:41,NOT APPLICABLE,NOT APPLICABLE,5900,S,ROCKWELL ST,824,,,,,,,2,NO INDICATION OF INJURY,0,0,0,0,0,3,0,16,3,9,41.78639342,-87.68886236,POINT (-87.688862362568 41.786393417223)
JC446774,,9/24/2019 16:00,30,NO CONTROLS,NO CONTROLS,CLEAR,DAYLIGHT,TURNING,DIVIDED - W/MEDIAN (NOT RAISED),,STRAIGHT AND LEVEL,DRY,NO DEFECTS,ON SCENE,NO INJURY / DRIVE AWAY,Y,,,"OVER $1,500",9/24/2019 16:10,IMPROPER TURNING/NO SIGNAL,"VISION OBSCURED (SIGNS, TREE LIMBS, BUILDINGS, ETC.)",2331,N,DAMEN AVE,1432,,,,,,,2,NO INDICATION OF INJURY,0,0,0,0,0,6,0,16,3,9,41.92384726,-87.67769646,POINT (-87.677696459893 41.92384725667)
JC446771,,9/24/2019 16:00,20,STOP SIGN/FLASHER,FUNCTIONING PROPERLY,CLEAR,DAYLIGHT,ANGLE,FOUR WAY,,STRAIGHT AND LEVEL,DRY,NO DEFECTS,NOT ON SCENE (DESK REPORT),NO INJURY / DRIVE AWAY,,,,"OVER $1,500",9/24/2019 16:30,FAILING TO YIELD RIGHT-OF-WAY,NOT APPLICABLE,7599,S,ABERDEEN ST,612,,,,,,,2,NO INDICATION OF INJURY,0,0,0,0,0,2,0,16,3,9,41.75607771,-87.65130963,POINT (-87.651309630502 41.756077710758)
JC446759,,9/24/2019 16:00,30,NO CONTROLS,NO CONTROLS,CLEAR,DAYLIGHT,REAR END,DIVIDED - W/MEDIAN (NOT RAISED),,STRAIGHT AND LEVEL,DRY,NO DEFECTS,ON SCENE,INJURY AND / OR TOW DUE TO CRASH,,,,"OVER $1,500",9/24/2019 16:08,FOLLOWING TOO CLOSELY,UNABLE TO DETERMINE,1000,W,GRAND AVE,1214,,,,,,,3,"REPORTED, NOT EVIDENT",2,0,0,0,2,1,0,16,3,9,41.89124229,-87.65235587,POINT (-87.652355873963 41.89124228961)
JC446741,N,9/24/2019 16:00,30,NO CONTROLS,NO CONTROLS,CLEAR,DAYLIGHT,TURNING,NOT DIVIDED,,STRAIGHT AND LEVEL,DRY,NO DEFECTS,ON SCENE,NO INJURY / DRIVE AWAY,,,,"OVER $1,500",9/24/2019 16:00,FAILING TO YIELD RIGHT-OF-WAY,FAILING TO REDUCE SPEED TO AVOID CRASH,4308,S,WALLACE ST,925,,,,,,,2,NO INDICATION OF INJURY,0,0,0,0,0,3,0,16,3,9,41.81593645,-87.64138664,POINT (-87.641386638077 41.815936452393)
JC446747,,9/24/2019 15:59,25,NO CONTROLS,NO CONTROLS,CLEAR,DAYLIGHT,PARKED MOTOR VEHICLE,CENTER TURN LANE,,STRAIGHT AND LEVEL,DRY,NO DEFECTS,,INJURY AND / OR TOW DUE TO CRASH,,,Y,"OVER $1,500",9/24/2019 16:07,UNABLE TO DETERMINE,UNABLE TO DETERMINE,6110,S,LAWNDALE AVE,823,,,,,,,,,,,,,,,,15,3,9,41.78202433,-87.71563809,POINT (-87.71563809163 41.782024330035)
JC446792,,9/24/2019 15:58,20,NO CONTROLS,NO CONTROLS,CLEAR,DAYLIGHT,PARKED MOTOR VEHICLE,NOT DIVIDED,,STRAIGHT AND LEVEL,DRY,NO DEFECTS,ON SCENE,NO INJURY / DRIVE AWAY,,,,"OVER $1,500",9/24/2019 16:07,PHYSICAL CONDITION OF DRIVER,NOT APPLICABLE,8130,W,BERWYN AVE,1614,,,,,,,2,NO INDICATION OF INJURY,0,0,0,0,0,1,0,15,3,9,41.97558063,-87.83045142,POINT (-87.83045142374 41.975580628066)
JC446746,,9/24/2019 15:53,15,NO CONTROLS,NO CONTROLS,CLEAR,DAWN,SIDESWIPE SAME DIRECTION,NOT DIVIDED,,STRAIGHT AND LEVEL,DRY,NO DEFECTS,ON SCENE,NO INJURY / DRIVE AWAY,,,,"OVER $1,500",9/24/2019 15:55,IMPROPER OVERTAKING/PASSING,NOT APPLICABLE,4100,W,52ND PL,815,,,,,,,2,NO INDICATION OF INJURY,0,0,0,0,0,2,0,15,3,9,41.79744629,-87.72597684,POINT (-87.725976835174 41.797446287101)
JC446975,,9/24/2019 15:52,30,TRAFFIC SIGNAL,FUNCTIONING PROPERLY,CLEAR,DAYLIGHT,REAR END,NOT DIVIDED,,STRAIGHT AND LEVEL,DRY,NO DEFECTS,ON SCENE,INJURY AND / OR TOW DUE TO CRASH,,,,"OVER $1,500",9/24/2019 15:55,UNABLE TO DETERMINE,UNABLE TO DETERMINE,5200,W,55TH ST,814,,,,,,,2,NO INDICATION OF INJURY,0,0,0,0,0,3,0,15,3,9,41.79299675,-87.75257229,POINT (-87.752572289898 41.792996746987)
JC446780,,9/24/2019 15:50,30,TRAFFIC SIGNAL,UNKNOWN,CLEAR,DAYLIGHT,REAR END,CENTER TURN LANE,,STRAIGHT AND LEVEL,DRY,UNKNOWN,NOT ON SCENE (DESK REPORT),NO INJURY / DRIVE AWAY,Y,,,"OVER $1,500",9/24/2019 16:10,UNABLE TO DETERMINE,UNABLE TO DETERMINE,1571,W,OGDEN AVE,1224,,,,,,,2,NO INDICATION OF INJURY,0,0,0,0,0,2,0,15,3,9,41.88136042,-87.66600527,POINT (-87.666005267829 41.881360414714)
JC446748,,9/24/2019 15:45,30,NO CONTROLS,NO CONTROLS,CLEAR,DAYLIGHT,TURNING,NOT DIVIDED,,STRAIGHT AND LEVEL,DRY,NO DEFECTS,NOT ON SCENE (DESK REPORT),NO INJURY / DRIVE AWAY,,,,"$501 - $1,500",9/24/2019 16:11,NOT APPLICABLE,NOT APPLICABLE,6700,S,PULASKI RD,833,,,,,,,2,NO INDICATION OF INJURY,0,0,0,0,0,3,0,15,3,9,41.77132587,-87.72272138,POINT (-87.722721377294 41.771325865209)
JC446743,,9/24/2019 15:45,30,TRAFFIC SIGNAL,FUNCTIONING PROPERLY,CLEAR,DAYLIGHT,SIDESWIPE SAME DIRECTION,NOT DIVIDED,,STRAIGHT AND LEVEL,DRY,UNKNOWN,NOT ON SCENE (DESK REPORT),NO INJURY / DRIVE AWAY,Y,,,"OVER $1,500",9/24/2019 16:17,UNABLE TO DETERMINE,UNABLE TO DETERMINE,1998,W,47TH ST,924,,,,,,,2,NO INDICATION OF INJURY,0,0,0,0,0,2,0,15,3,9,41.80862046,-87.67462801,POINT (-87.674628012572 41.808620458069)