RD_NO,CRASH_DATE_EST_I,CRASH_DATE,POSTED_SPEED_LIMIT,TRAFFIC_CONTROL_DEVICE,DEVICE_CONDITION,WEATHER_CONDITION,LIGHTING_CONDITION,FIRST_CRASH_TYPE,TRAFFICWAY_TYPE,LANE_CNT,ALIGNMENT,ROADWAY_SURFACE_COND,ROAD_DEFECT,REPORT_TYPE,CRASH_TYPE,INTERSECTION_RELATED_I,NOT_RIGHT_OF_WAY_I,HIT_AND_RUN_I,DAMAGE,DATE_POLICE_NOTIFIED,PRIM_CONTRIBUTORY_CAUSE,SEC_CONTRIBUTORY_CAUSE,STREET_NO,STREET_DIRECTION,STREET_NAME,BEAT_OF_OCCURRENCE,PHOTOS_TAKEN_I,STATEMENTS_TAKEN_I,DOORING_I,WORK_ZONE_I,WORK_ZONE_TYPE,WORKERS_PRESENT_I,NUM_UNITS,MOST_SEVERE_INJURY,INJURIES_TOTAL,INJURIES_FATAL,INJURIES_INCAPACITATING,INJURIES_NON_INCAPACITATING,INJURIES_REPORTED_NOT_EVIDENT,INJURIES_NO_INDICATION,INJURIES_UNKNOWN,CRASH_HOUR,CRASH_DAY_OF_WEEK,CRASH_MONTH,LATITUDE,LONGITUDE,LOCATION
JC446726,,9/24/2019 15:40,30,NO CONTROLS,NO CONTROLS,CLEAR,DAYLIGHT,PEDALCYCLIST,PARKING LOT,,STRAIGHT AND LEVEL,DRY,UNKNOWN,ON SCENE,INJURY AND / OR TOW DUE TO CRASH,,,,"OVER $1,500",9/24/2019 15:40,FAILING TO YIELD RIGHT-OF-WAY,UNABLE TO DETERMINE,4020,N,NARRAGANSETT AVE,1632,,Y,,,,,2,NONINCAPACITATING INJURY,1,0,0,1,0,1,0,15,3,9,41.95359417,-87.78673181,POINT (-87.78673180848 41.953594170549)
JC446713,,9/24/2019 15:30,30,NO CONTROLS,NO CONTROLS,CLEAR,DAYLIGHT,SIDESWIPE SAME DIRECTION,NOT DIVIDED,,STRAIGHT AND LEVEL,DRY,NO DEFECTS,NOT ON SCENE (DESK REPORT),NO INJURY / DRIVE AWAY,,,,"$501 - $1,500",9/24/2019 15:53,NOT APPLICABLE,NOT APPLICABLE,7100,S,PULASKI RD,833,,,,,,,2,NO INDICATION OF INJURY,0,0,0,0,0,2,0,15,3,9,41.76400775,-87.72249911,POINT (-87.722499107707 41.764007749308)
JC446702,,9/24/2019 15:27,30,NO CONTROLS,NO CONTROLS,CLEAR,DAYLIGHT,REAR END,DIVIDED - W/MEDIAN (NOT RAISED),,STRAIGHT AND LEVEL,DRY,NO DEFECTS,ON SCENE,NO INJURY / DRIVE AWAY,,,,"OVER $1,500",9/24/2019 15:28,FOLLOWING TOO CLOSELY,NOT APPLICABLE,5427,N,CALIFORNIA AVE,2011,,,,,,,2,NO INDICATION OF INJURY,0,0,0,0,0,2,0,15,3,9,41.98034076,-87.69891954,POINT (-87.698919542083 41.980340757484)
JC446730,,9/24/2019 15:26,30,TRAFFIC SIGNAL,FUNCTIONING PROPERLY,CLEAR,DAYLIGHT,PEDESTRIAN,NOT DIVIDED,,STRAIGHT AND LEVEL,DRY,NO DEFECTS,ON SCENE,INJURY AND / OR TOW DUE TO CRASH,Y,,,$500 OR LESS,9/24/2019 15:26,FAILING TO YIELD RIGHT-OF-WAY,NOT APPLICABLE,200,N,HOMAN AVE,1123,,,,,,,2,NONINCAPACITATING INJURY,1,0,0,1,0,1,0,15,3,9,41.88467072,-87.71126586,POINT (-87.711265855632 41.884670719661)
JC446739,,9/24/2019 15:20,30,TRAFFIC SIGNAL,FUNCTIONING PROPERLY,CLEAR,DAYLIGHT,REAR END,DIVIDED - W/MEDIAN (NOT RAISED),,STRAIGHT AND LEVEL,DRY,NO DEFECTS,NOT ON SCENE (DESK REPORT),NO INJURY / DRIVE AWAY,Y,,,"OVER $1,500",9/24/2019 16:03,FOLLOWING TOO CLOSELY,DISTRACTION - FROM OUTSIDE VEHICLE,6100,S,PULASKI RD,813,,,,,,,3,NO INDICATION OF INJURY,0,0,0,0,0,5,0,15,3,9,41.78224834,-87.72300817,POINT (-87.723008171535 41.782248339738)
JC446687,,9/24/2019 15:20,30,NO CONTROLS,NO CONTROLS,CLEAR,DAYLIGHT,TURNING,ONE-WAY,,STRAIGHT AND LEVEL,DRY,NO DEFECTS,ON SCENE,INJURY AND / OR TOW DUE TO CRASH,,,,"OVER $1,500",9/24/2019 15:23,IMPROPER TURNING/NO SIGNAL,UNABLE TO DETERMINE,1370,S,FAIRFIELD AVE,1023,,,,,,,2,NONINCAPACITATING INJURY,1,0,0,1,0,1,0,15,3,9,41.86260838,-87.69467055,POINT (-87.694670550729 41.862608383965)
JC446798,,9/24/2019 15:15,30,STOP SIGN/FLASHER,NO CONTROLS,CLEAR,DAYLIGHT,TURNING,T-INTERSECTION,,STRAIGHT AND LEVEL,DRY,NO DEFECTS,NOT ON SCENE (DESK REPORT),NO INJURY / DRIVE AWAY,Y,,,$500 OR LESS,9/24/2019 16:35,FAILING TO YIELD RIGHT-OF-WAY,FAILING TO YIELD RIGHT-OF-WAY,2146,N,MANGO AVE,2515,,,,,,,2,NO INDICATION OF INJURY,0,0,0,0,0,3,0,15,3,9,41.91935747,-87.76961669,POINT (-87.769616689645 41.919357468944)
JC446849,,9/24/2019 15:14,30,NO CONTROLS,NO CONTROLS,CLEAR,DAYLIGHT,PARKED MOTOR VEHICLE,NOT DIVIDED,,STRAIGHT AND LEVEL,DRY,NO DEFECTS,ON SCENE,INJURY AND / OR TOW DUE TO CRASH,,,Y,"OVER $1,500",9/24/2019 15:17,UNABLE TO DETERMINE,UNABLE TO DETERMINE,6322,W,GRAND AVE,2512,,,,,,,2,NO INDICATION OF INJURY,0,0,0,0,0,1,0,15,3,9,41.92226483,-87.78383149,POINT (-87.783831491418 41.922264833522)
JC449377,,9/24/2019 15:00,10,NO CONTROLS,NO CONTROLS,UNKNOWN,DAYLIGHT,OTHER OBJECT,ALLEY,,STRAIGHT AND LEVEL,DRY,NO DEFECTS,NOT ON SCENE (DESK REPORT),NO INJURY / DRIVE AWAY,,Y,Y,"OVER $1,500",9/26/2019 15:00,UNABLE TO DETERMINE,NOT APPLICABLE,1943,N,PULASKI RD,2535,,,,,,,1,NO INDICATION OF INJURY,0,0,0,0,0,1,0,15,3,9,41.9166249,-87.72639307,POINT (-87.726393069004 41.91662490047)
JC447957,,9/24/2019 15:00,35,NO CONTROLS,NO CONTROLS,CLEAR,DAYLIGHT,REAR TO SIDE,NOT DIVIDED,,STRAIGHT AND LEVEL,DRY,UNKNOWN,NOT ON SCENE (DESK REPORT),NO INJURY / DRIVE AWAY,,,,"$501 - $1,500",9/25/2019 14:15,FAILING TO YIELD RIGHT-OF-WAY,FAILING TO YIELD RIGHT-OF-WAY,5401,S,WESTERN AVE,923,,,,,,,2,NO INDICATION OF INJURY,0,0,0,0,0,5,0,15,3,9,41.79517414,-87.68392611,POINT (-87.683926109649 41.795174134977)
JC447690,Y,9/24/2019 15:00,20,NO CONTROLS,NO CONTROLS,UNKNOWN,UNKNOWN,PARKED MOTOR VEHICLE,ONE-WAY,,STRAIGHT AND LEVEL,UNKNOWN,NO DEFECTS,ON SCENE,NO INJURY / DRIVE AWAY,,,Y,$500 OR LESS,9/25/2019 10:50,UNABLE TO DETERMINE,NOT APPLICABLE,2526,N,LINDEN PL,1414,,,,,,,2,NO INDICATION OF INJURY,0,0,0,0,0,1,0,15,3,9,41.92686698,-87.70578746,POINT (-87.705787462404 41.926866983536)
JC447549,,9/24/2019 15:00,30,TRAFFIC SIGNAL,FUNCTIONING PROPERLY,CLEAR,DAYLIGHT,SIDESWIPE SAME DIRECTION,NOT DIVIDED,,STRAIGHT AND LEVEL,DRY,NO DEFECTS,NOT ON SCENE (DESK REPORT),NO INJURY / DRIVE AWAY,,,,"$501 - $1,500",9/25/2019 8:40,UNABLE TO DETERMINE,UNABLE TO DETERMINE,3356,W,WILSON AVE,1713,,,,,,,2,NO INDICATION OF INJURY,0,0,0,0,0,2,0,15,3,9,41.96478488,-87.71310654,POINT (-87.713106542489 41.964784877504)
JC446958,,9/24/2019 15:00,30,NO CONTROLS,NO CONTROLS,CLEAR,DAYLIGHT,PARKED MOTOR VEHICLE,NOT DIVIDED,,STRAIGHT AND LEVEL,DRY,NO DEFECTS,NOT ON SCENE (DESK REPORT),NO INJURY / DRIVE AWAY,,,Y,"OVER $1,500",9/24/2019 18:21,UNABLE TO DETERMINE,NOT APPLICABLE,5800,S,WESTERN AVE,824,,,,,,,2,NO INDICATION OF INJURY,0,0,0,0,0,1,0,15,3,9,41.78826406,-87.684028,POINT (-87.684028002172 41.788264056992)
JC446950,,9/24/2019 15:00,20,STOP SIGN/FLASHER,FUNCTIONING PROPERLY,CLEAR,DAYLIGHT,REAR END,DIVIDED - W/MEDIAN (NOT RAISED),,STRAIGHT AND LEVEL,DRY,NO DEFECTS,NOT ON SCENE (DESK REPORT),NO INJURY / DRIVE AWAY,,,,"$501 - $1,500",9/24/2019 18:00,UNABLE TO DETERMINE,NOT APPLICABLE,2350,S,CENTRAL PARK AVE,1013,,,,,,,2,NO INDICATION OF INJURY,0,0,0,0,0,2,0,15,3,9,41.84834751,-87.71504926,POINT (-87.715049260688 41.848347508201)
JC446825,,9/24/2019 15:00,30,NO CONTROLS,NO CONTROLS,CLEAR,DAYLIGHT,SIDESWIPE SAME DIRECTION,NOT DIVIDED,,STRAIGHT AND LEVEL,DRY,NO DEFECTS,ON SCENE,INJURY AND / OR TOW DUE TO CRASH,,,,"$501 - $1,500",9/24/2019 15:15,FAILING TO YIELD RIGHT-OF-WAY,UNABLE TO DETERMINE,2901,W,LAKE ST,1222,,,,,,,2,NO INDICATION OF INJURY,0,0,0,0,0,2,0,15,3,9,41.88404054,-87.69894546,POINT (-87.698945456386 41.884040540387)
JC446664,,9/24/2019 14:58,20,NO CONTROLS,NO CONTROLS,CLEAR,DAYLIGHT,FIXED OBJECT,NOT DIVIDED,,STRAIGHT AND LEVEL,DRY,NO DEFECTS,ON SCENE,NO INJURY / DRIVE AWAY,,,,"OVER $1,500",9/24/2019 15:00,UNABLE TO DETERMINE,UNABLE TO DETERMINE,11052,S,VINCENNES AVE,2212,,,,,,,1,NO INDICATION OF INJURY,0,0,0,0,0,12,0,14,3,9,41.69263335,-87.66314328,POINT (-87.663143281715 41.692633349724)
JC446847,,9/24/2019 14:56,30,NO CONTROLS,NO CONTROLS,CLEAR,DAYLIGHT,PARKED MOTOR VEHICLE,NOT DIVIDED,,STRAIGHT AND LEVEL,DRY,NO DEFECTS,NOT ON SCENE (DESK REPORT),NO INJURY / DRIVE AWAY,,,,"$501 - $1,500",9/24/2019 17:04,NOT APPLICABLE,NOT APPLICABLE,3304,W,58TH ST,822,,,,,,,2,NO INDICATION OF INJURY,0,0,0,0,0,2,0,14,3,9,41.78813264,-87.70609489,POINT (-87.706094885143 41.788132642951)
JC446677,,9/24/2019 14:55,30,TRAFFIC SIGNAL,FUNCTIONING PROPERLY,CLEAR,DAYLIGHT,REAR TO REAR,DIVIDED - W/MEDIAN (NOT RAISED),,STRAIGHT AND LEVEL,DRY,NO DEFECTS,ON SCENE,NO INJURY / DRIVE AWAY,,,,"OVER $1,500",9/24/2019 14:59,IMPROPER OVERTAKING/PASSING,FOLLOWING TOO CLOSELY,1959,W,ROOSEVELT RD,1233,,,,,,,2,NO INDICATION OF INJURY,0,0,0,0,0,3,0,14,3,9,41.86664671,-87.67612065,POINT (-87.676120650866 41.866646708411)
JC446811,,9/24/2019 14:50,30,NO CONTROLS,NO CONTROLS,CLEAR,DAYLIGHT,SIDESWIPE OPPOSITE DIRECTION,NOT DIVIDED,,STRAIGHT AND LEVEL,DRY,NO DEFECTS,NOT ON SCENE (DESK REPORT),NO INJURY / DRIVE AWAY,,,,"$501 - $1,500",9/24/2019 16:30,UNABLE TO DETERMINE,UNABLE TO DETERMINE,4729,N,NARRAGANSETT AVE,1622,,,,,,,2,NO INDICATION OF INJURY,0,0,0,0,0,2,0,14,3,9,41.96744542,-87.78659626,POINT (-87.786596256216 41.967445418337)
JC446813,,9/24/2019 14:45,30,TRAFFIC SIGNAL,FUNCTIONING PROPERLY,CLEAR,DAYLIGHT,REAR END,NOT DIVIDED,,STRAIGHT AND LEVEL,DRY,NO DEFECTS,NOT ON SCENE (DESK REPORT),NO INJURY / DRIVE AWAY,Y,,,"$501 - $1,500",9/24/2019 16:45,FOLLOWING TOO CLOSELY,DISREGARDING TRAFFIC SIGNALS,1600,W,PETERSON AVE,2433,,,,,,,2,NO INDICATION OF INJURY,0,0,0,0,0,2,0,14,3,9,41.99090632,-87.67011449,POINT (-87.670114492663 41.99090631734)
JC446646,,9/24/2019 14:45,30,TRAFFIC SIGNAL,FUNCTIONING PROPERLY,CLEAR,DAYLIGHT,REAR END,DIVIDED - W/MEDIAN (NOT RAISED),,STRAIGHT AND LEVEL,DRY,NO DEFECTS,ON SCENE,NO INJURY / DRIVE AWAY,,,,"OVER $1,500",9/24/2019 14:45,FOLLOWING TOO CLOSELY,NOT APPLICABLE,5121,W,MONTROSE AVE,1624,,,,,,,2,NO INDICATION OF INJURY,0,0,0,0,0,2,0,14,3,9,41.9605147,-87.7553678,POINT (-87.755367799086 41.960514699645)
JC446671,,9/24/2019 14:40,30,NO CONTROLS,NO CONTROLS,CLEAR,DAYLIGHT,FIXED OBJECT,DIVIDED - W/MEDIAN (NOT RAISED),,STRAIGHT AND LEVEL,DRY,NO DEFECTS,ON SCENE,NO INJURY / DRIVE AWAY,,,,"OVER $1,500",9/24/2019 14:40,DRIVING SKILLS/KNOWLEDGE/EXPERIENCE,UNABLE TO DETERMINE,5156,W,47TH ST,814,,,,,,,1,NO INDICATION OF INJURY,0,0,0,0,0,1,0,14,3,9,41.80760422,-87.75287577,POINT (-87.752875769697 41.807604222757)
JC446931,Y,9/24/2019 14:35,25,NO CONTROLS,NO CONTROLS,CLEAR,DAYLIGHT,PARKED MOTOR VEHICLE,ONE-WAY,,STRAIGHT AND LEVEL,DRY,NO DEFECTS,ON SCENE,NO INJURY / DRIVE AWAY,,,Y,"OVER $1,500",9/24/2019 17:45,IMPROPER TURNING/NO SIGNAL,DRIVING SKILLS/KNOWLEDGE/EXPERIENCE,2248,N,MAGNOLIA AVE,1811,,,,,,,2,NO INDICATION OF INJURY,0,0,0,0,0,1,0,14,3,9,41.92308706,-87.65974457,POINT (-87.659744567324 41.92308705775)
JC446914,,9/24/2019 14:30,30,NO CONTROLS,NO CONTROLS,CLEAR,DAYLIGHT,PARKED MOTOR VEHICLE,ONE-WAY,,STRAIGHT AND LEVEL,DRY,NO DEFECTS,ON SCENE,NO INJURY / DRIVE AWAY,,,Y,"OVER $1,500",9/24/2019 17:30,UNABLE TO DETERMINE,NOT APPLICABLE,1318,W,LUNT AVE,2423,,,,,,,4,NO INDICATION OF INJURY,0,0,0,0,0,1,0,14,3,9,42.00925644,-87.66456051,POINT (-87.664560510275 42.009256440088)
JC446674,,9/24/2019 14:30,30,NO CONTROLS,NO CONTROLS,CLEAR,DAYLIGHT,PARKED MOTOR VEHICLE,OTHER,,STRAIGHT AND LEVEL,DRY,NO DEFECTS,ON SCENE,INJURY AND / OR TOW DUE TO CRASH,,,,"OVER $1,500",9/24/2019 14:32,UNABLE TO DETERMINE,UNABLE TO DETERMINE,5701,W,63RD ST,812,,,,,,,3,NO INDICATION OF INJURY,0,0,0,0,0,1,0,14,3,9,41.77789448,-87.76422531,POINT (-87.764225312829 41.777894478229)
JC447605,,9/24/2019 14:17,30,NO CONTROLS,NO CONTROLS,CLEAR,DAYLIGHT,SIDESWIPE SAME DIRECTION,NOT DIVIDED,,STRAIGHT AND LEVEL,DRY,NO DEFECTS,NOT ON SCENE (DESK REPORT),NO INJURY / DRIVE AWAY,,,,"OVER $1,500",9/25/2019 9:30,IMPROPER LANE USAGE,NOT APPLICABLE,740,W,MADISON ST,1224,,,,,,,2,NO INDICATION OF INJURY,0,0,0,0,0,2,0,14,3,9,41.88188834,-87.64732109,POINT (-87.647321093859 41.881888339729)
JC446647,,9/24/2019 14:13,25,NO CONTROLS,NO CONTROLS,CLEAR,DAYLIGHT,HEAD ON,NOT DIVIDED,,STRAIGHT AND LEVEL,DRY,NO DEFECTS,ON SCENE,NO INJURY / DRIVE AWAY,,,Y,"OVER $1,500",9/24/2019 14:51,NOT APPLICABLE,NOT APPLICABLE,2410,W,59TH ST,824,,,,,,,2,NO INDICATION OF INJURY,0,0,0,0,0,2,0,14,3,9,41.786664,-87.68435267,POINT (-87.684352671031 41.786663999106)
JC446614,,9/24/2019 14:00,30,STOP SIGN/FLASHER,NO CONTROLS,CLEAR,DAYLIGHT,TURNING,NOT DIVIDED,,STRAIGHT AND LEVEL,DRY,NO DEFECTS,NOT ON SCENE (DESK REPORT),NO INJURY / DRIVE AWAY,,,,"OVER $1,500",9/24/2019 14:30,UNABLE TO DETERMINE,NOT APPLICABLE,6500,S,STONY ISLAND AVE,321,,,,,,,2,NO INDICATION OF INJURY,0,0,0,0,0,2,0,14,3,9,41.77693127,-87.5864736,POINT (-87.586473600236 41.776931272692)
JC446597,,9/24/2019 14:00,30,NO CONTROLS,NO CONTROLS,CLEAR,DAYLIGHT,SIDESWIPE SAME DIRECTION,DIVIDED - W/MEDIAN (NOT RAISED),,STRAIGHT AND LEVEL,DRY,NO DEFECTS,NOT ON SCENE (DESK REPORT),NO INJURY / DRIVE AWAY,,,,"$501 - $1,500",9/24/2019 14:17,UNABLE TO DETERMINE,UNABLE TO DETERMINE,4954,N,KIMBALL AVE,1712,,,,,,,2,NO INDICATION OF INJURY,0,0,0,0,0,2,0,14,3,9,41.97169631,-87.71360493,POINT (-87.713604934024 41.971696308047)
JC446556,,9/24/2019 13:54,30,TRAFFIC SIGNAL,FUNCTIONING PROPERLY,CLEAR,DAYLIGHT,TURNING,NOT DIVIDED,,STRAIGHT AND LEVEL,DRY,NO DEFECTS,ON SCENE,NO INJURY / DRIVE AWAY,,,,"$501 - $1,500",9/24/2019 13:54,IMPROPER TURNING/NO SIGNAL,NOT APPLICABLE,2359,W,63RD ST,825,,,,,,,2,NO INDICATION OF INJURY,0,0,0,0,0,2,0,13,3,9,41.77909958,-87.68359808,POINT (-87.683598077269 41.779099579177)
JC446698,,9/24/2019 13:53,15,NO CONTROLS,NO CONTROLS,CLEAR,DAYLIGHT,PARKED MOTOR VEHICLE,PARKING LOT,,STRAIGHT AND LEVEL,DRY,NO DEFECTS,ON SCENE,NO INJURY / DRIVE AWAY,,N,Y,"OVER $1,500",9/24/2019 14:01,UNABLE TO DETERMINE,NOT APPLICABLE,4720,S,COTTAGE GROVE AVE,223,,,,,,,2,NO INDICATION OF INJURY,0,0,0,0,0,1,0,13,3,9,41.80890166,-87.60669697,POINT (-87.606696966181 41.808901663696)
JC446640,,9/24/2019 13:50,30,TRAFFIC SIGNAL,FUNCTIONING PROPERLY,CLEAR,DAYLIGHT,SIDESWIPE SAME DIRECTION,DIVIDED - W/MEDIAN BARRIER,,STRAIGHT AND LEVEL,DRY,NO DEFECTS,NOT ON SCENE (DESK REPORT),NO INJURY / DRIVE AWAY,,,Y,"OVER $1,500",9/24/2019 15:00,IMPROPER OVERTAKING/PASSING,NOT APPLICABLE,37,W,MARQUETTE RD,722,,,,,,,2,NO INDICATION OF INJURY,0,0,0,0,0,2,0,13,3,9,41.7725763,-87.62674036,POINT (-87.626740364026 41.772576301797)
JC446733,,9/24/2019 13:35,20,UNKNOWN,UNKNOWN,CLEAR,DAYLIGHT,REAR END,ONE-WAY,,STRAIGHT AND LEVEL,DRY,NO DEFECTS,NOT ON SCENE (DESK REPORT),NO INJURY / DRIVE AWAY,,,,"OVER $1,500",9/24/2019 16:25,UNABLE TO DETERMINE,NOT APPLICABLE,10558,S,VERNON AVE,512,,,,,,,2,NO INDICATION OF INJURY,0,0,0,0,0,3,0,13,3,9,41.7019441,-87.61254683,POINT (-87.612546825312 41.701944101564)
JC446745,,9/24/2019 13:30,35,NO CONTROLS,NO CONTROLS,CLEAR,DAYLIGHT,TURNING,NOT DIVIDED,,STRAIGHT AND LEVEL,DRY,OTHER,NOT ON SCENE (DESK REPORT),NO INJURY / DRIVE AWAY,,,,$500 OR LESS,9/24/2019 16:00,FAILING TO YIELD RIGHT-OF-WAY,FAILING TO YIELD RIGHT-OF-WAY,1144,S,WESTERN AVE,1135,,,,,,,2,NO INDICATION OF INJURY,0,0,0,0,0,3,0,13,3,9,41.86709655,-87.6862,POINT (-87.68619999926 41.867096552166)
JC446723,,9/24/2019 13:30,30,NO CONTROLS,NO CONTROLS,CLEAR,DAYLIGHT,PARKED MOTOR VEHICLE,NOT DIVIDED,,STRAIGHT AND LEVEL,DRY,NO DEFECTS,NOT ON SCENE (DESK REPORT),NO INJURY / DRIVE AWAY,,Y,,"OVER $1,500",9/24/2019 15:50,UNABLE TO DETERMINE,NOT APPLICABLE,2351,S,LAFLIN ST,1235,,,,,,,2,NO INDICATION OF INJURY,0,0,0,0,0,1,0,13,3,9,41.84905104,-87.66337871,POINT (-87.663378710606 41.84905104082)
JC446633,,9/24/2019 13:30,30,NO CONTROLS,NO CONTROLS,CLEAR,DAYLIGHT,TURNING,NOT DIVIDED,,STRAIGHT AND LEVEL,DRY,NO DEFECTS,NOT ON SCENE (DESK REPORT),NO INJURY / DRIVE AWAY,,,,"OVER $1,500",9/24/2019 14:44,FOLLOWING TOO CLOSELY,IMPROPER OVERTAKING/PASSING,3930,W,63RD ST,823,,,,,,,2,NO INDICATION OF INJURY,0,0,0,0,0,2,0,13,3,9,41.77878424,-87.72157517,POINT (-87.721575172038 41.778784236699)
JC446591,,9/24/2019 13:30,30,TRAFFIC SIGNAL,FUNCTIONING PROPERLY,CLEAR,DAYLIGHT,REAR END,NOT DIVIDED,,STRAIGHT AND LEVEL,DRY,NO DEFECTS,NOT ON SCENE (DESK REPORT),INJURY AND / OR TOW DUE TO CRASH,,,,$500 OR LESS,9/24/2019 14:24,FOLLOWING TOO CLOSELY,UNABLE TO DETERMINE,303,W,HARRISON ST,123,,,,,,,2,"REPORTED, NOT EVIDENT",1,0,0,0,1,2,0,13,3,9,41.87434932,-87.6352118,POINT (-87.635211796622 41.874349316211)
JC446549,,9/24/2019 13:15,0,NO CONTROLS,NO CONTROLS,CLEAR,DAYLIGHT,TURNING,T-INTERSECTION,,STRAIGHT AND LEVEL,DRY,NO DEFECTS,ON SCENE,NO INJURY / DRIVE AWAY,Y,,,"$501 - $1,500",9/24/2019 13:15,IMPROPER OVERTAKING/PASSING,NOT APPLICABLE,4225,S,ASHLAND AVE,924,,,,,,,2,NO INDICATION OF INJURY,0,0,0,0,0,2,0,13,3,9,41.81688836,-87.66502363,POINT (-87.665023627142 41.816888360325)
JC458023,Y,9/24/2019 13:00,30,NO CONTROLS,NO CONTROLS,CLEAR,DAYLIGHT,PARKED MOTOR VEHICLE,NOT DIVIDED,,STRAIGHT AND LEVEL,DRY,NO DEFECTS,NOT ON SCENE (DESK REPORT),NO INJURY / DRIVE AWAY,,,Y,"OVER $1,500",10/3/2019 5:45,IMPROPER LANE USAGE,FAILING TO REDUCE SPEED TO AVOID CRASH,100,N,CENTRAL PARK DR,1122,,,,,,,2,NO INDICATION OF INJURY,0,0,0,0,0,1,0,13,3,9,41.88335532,-87.71566523,POINT (-87.715665231597 41.883355322314)
JC446622,,9/24/2019 13:00,30,NO CONTROLS,NO CONTROLS,CLEAR,DAYLIGHT,SIDESWIPE SAME DIRECTION,NOT DIVIDED,,STRAIGHT AND LEVEL,DRY,NO DEFECTS,NOT ON SCENE (DESK REPORT),NO INJURY / DRIVE AWAY,,,Y,"$501 - $1,500",9/24/2019 14:00,IMPROPER LANE USAGE,NOT APPLICABLE,1234,N,PULASKI RD,2534,,,,,,,2,NO INDICATION OF INJURY,0,0,0,0,0,2,0,13,3,9,41.90368268,-87.72647763,POINT (-87.726477633548 41.90368267912)
JC446561,,9/24/2019 13:00,35,NO CONTROLS,NO CONTROLS,CLEAR,DAYLIGHT,TURNING,DIVIDED - W/MEDIAN (NOT RAISED),,STRAIGHT AND LEVEL,DRY,NO DEFECTS,NOT ON SCENE (DESK REPORT),NO INJURY / DRIVE AWAY,,,,"$501 - $1,500",9/24/2019 14:00,UNABLE TO DETERMINE,UNABLE TO DETERMINE,2109,W,OGDEN AVE,1225,,,,,,,2,NO INDICATION OF INJURY,0,0,0,0,0,2,0,13,3,9,41.87017969,-87.6793063,POINT (-87.679306298549 41.870179690946)
JC446552,,9/24/2019 13:00,30,NO CONTROLS,NO CONTROLS,CLEAR,DAYLIGHT,ANGLE,NOT DIVIDED,,STRAIGHT AND LEVEL,DRY,NO DEFECTS,NOT ON SCENE (DESK REPORT),NO INJURY / DRIVE AWAY,,,Y,$500 OR LESS,9/24/2019 14:00,FAILING TO YIELD RIGHT-OF-WAY,NOT APPLICABLE,5100,S,CALIFORNIA AVE,923,,,,,,,2,NO INDICATION OF INJURY,0,0,0,0,0,3,0,13,3,9,41.80089564,-87.69414412,POINT (-87.694144121738 41.800895636272)
JC446538,,9/24/2019 12:55,30,NO CONTROLS,NO CONTROLS,CLEAR,DAYLIGHT,REAR END,NOT DIVIDED,,STRAIGHT AND LEVEL,DRY,NO DEFECTS,NOT ON SCENE (DESK REPORT),NO INJURY / DRIVE AWAY,,,,"$501 - $1,500",9/24/2019 13:48,UNABLE TO DETERMINE,UNABLE TO DETERMINE,999,E,OHIO ST,1834,,,,,,,2,NO INDICATION OF INJURY,0,0,0,0,0,3,0,12,3,9,41.89321127,-87.60269229,POINT (-87.602692286946 41.89321127169)
JC447392,,9/24/2019 12:45,30,NO CONTROLS,NO CONTROLS,CLEAR,DAYLIGHT,SIDESWIPE SAME DIRECTION,NOT DIVIDED,,STRAIGHT AND LEVEL,DRY,NO DEFECTS,NOT ON SCENE (DESK REPORT),INJURY AND / OR TOW DUE TO CRASH,,,,"OVER $1,500",9/25/2019 3:00,UNABLE TO DETERMINE,UNABLE TO DETERMINE,7215,N,ODELL AVE,1611,Y,,,,,,2,NO INDICATION OF INJURY,0,0,0,0,0,2,0,12,3,9,42.0121046,-87.81013987,POINT (-87.810139865555 42.012104602413)
JC446557,,9/24/2019 12:45,30,NO CONTROLS,NO CONTROLS,CLEAR,DAYLIGHT,SIDESWIPE SAME DIRECTION,NOT DIVIDED,,STRAIGHT AND LEVEL,DRY,NO DEFECTS,NOT ON SCENE (DESK REPORT),NO INJURY / DRIVE AWAY,,,,"OVER $1,500",9/24/2019 14:10,UNABLE TO DETERMINE,UNABLE TO DETERMINE,645,N,ST CLAIR ST,1834,,,,,,,2,NO INDICATION OF INJURY,0,0,0,0,0,2,0,12,3,9,41.89390335,-87.6225828,POINT (-87.622582803291 41.893903349041)
JC446918,,9/24/2019 12:30,15,NO CONTROLS,NO CONTROLS,CLEAR,DAYLIGHT,REAR TO SIDE,PARKING LOT,,STRAIGHT AND LEVEL,DRY,NO DEFECTS,NOT ON SCENE (DESK REPORT),NO INJURY / DRIVE AWAY,,,,"$501 - $1,500",9/24/2019 17:40,IMPROPER BACKING,UNABLE TO DETERMINE,1232,W,NORTH AVE,1433,,,,,,,2,NO INDICATION OF INJURY,0,0,0,0,0,2,0,12,3,9,41.91087554,-87.65827824,POINT (-87.658278239858 41.910875543991)