RD_NO,CRASH_DATE_EST_I,CRASH_DATE,POSTED_SPEED_LIMIT,TRAFFIC_CONTROL_DEVICE,DEVICE_CONDITION,WEATHER_CONDITION,LIGHTING_CONDITION,FIRST_CRASH_TYPE,TRAFFICWAY_TYPE,LANE_CNT,ALIGNMENT,ROADWAY_SURFACE_COND,ROAD_DEFECT,REPORT_TYPE,CRASH_TYPE,INTERSECTION_RELATED_I,NOT_RIGHT_OF_WAY_I,HIT_AND_RUN_I,DAMAGE,DATE_POLICE_NOTIFIED,PRIM_CONTRIBUTORY_CAUSE,SEC_CONTRIBUTORY_CAUSE,STREET_NO,STREET_DIRECTION,STREET_NAME,BEAT_OF_OCCURRENCE,PHOTOS_TAKEN_I,STATEMENTS_TAKEN_I,DOORING_I,WORK_ZONE_I,WORK_ZONE_TYPE,WORKERS_PRESENT_I,NUM_UNITS,MOST_SEVERE_INJURY,INJURIES_TOTAL,INJURIES_FATAL,INJURIES_INCAPACITATING,INJURIES_NON_INCAPACITATING,INJURIES_REPORTED_NOT_EVIDENT,INJURIES_NO_INDICATION,INJURIES_UNKNOWN,CRASH_HOUR,CRASH_DAY_OF_WEEK,CRASH_MONTH,LATITUDE,LONGITUDE,LOCATION
JC446495,,9/24/2019 12:30,30,UNKNOWN,UNKNOWN,UNKNOWN,UNKNOWN,SIDESWIPE SAME DIRECTION,NOT DIVIDED,,STRAIGHT AND LEVEL,UNKNOWN,UNKNOWN,NOT ON SCENE (DESK REPORT),NO INJURY / DRIVE AWAY,,,,"$501 - $1,500",9/24/2019 13:15,UNABLE TO DETERMINE,UNABLE TO DETERMINE,4500,W,FOSTER AVE,1712,,,,,,,2,NO INDICATION OF INJURY,0,0,0,0,0,2,0,12,3,9,41.97551035,-87.74074168,POINT (-87.740741675117 41.9755103448)
JC446494,,9/24/2019 12:30,30,NO CONTROLS,NO CONTROLS,CLEAR,DAYLIGHT,ANGLE,NOT DIVIDED,,STRAIGHT AND LEVEL,DRY,NO DEFECTS,NOT ON SCENE (DESK REPORT),NO INJURY / DRIVE AWAY,,,,"$501 - $1,500",9/24/2019 13:09,NOT APPLICABLE,NOT APPLICABLE,5900,S,CICERO AVE,813,,,,,,,2,NO INDICATION OF INJURY,0,0,0,0,0,2,0,12,3,9,41.78564332,-87.74148578,POINT (-87.741485778405 41.785643323876)
JC446480,,9/24/2019 12:30,30,NO CONTROLS,NO CONTROLS,CLEAR,DAYLIGHT,REAR END,DIVIDED - W/MEDIAN (NOT RAISED),,STRAIGHT AND LEVEL,DRY,NO DEFECTS,NOT ON SCENE (DESK REPORT),NO INJURY / DRIVE AWAY,,,,"$501 - $1,500",9/24/2019 12:45,NOT APPLICABLE,NOT APPLICABLE,3900,S,PULASKI RD,815,,,,,,,2,NO INDICATION OF INJURY,0,0,0,0,0,2,0,12,3,9,41.82256384,-87.72418748,POINT (-87.724187479133 41.822563835982)
JC447680,Y,9/24/2019 12:15,35,UNKNOWN,UNKNOWN,CLEAR,DAYLIGHT,PARKED MOTOR VEHICLE,PARKING LOT,,STRAIGHT AND LEVEL,UNKNOWN,UNKNOWN,NOT ON SCENE (DESK REPORT),NO INJURY / DRIVE AWAY,,,Y,"OVER $1,500",9/25/2019 10:50,UNABLE TO DETERMINE,NOT APPLICABLE,1554,E,55TH ST,234,,,,,,,2,NO INDICATION OF INJURY,0,0,0,0,0,1,0,12,3,9,41.79529732,-87.58782256,POINT (-87.587822555467 41.79529731814)
JC446522,,9/24/2019 12:15,0,NO CONTROLS,NO CONTROLS,CLEAR,DAYLIGHT,PARKED MOTOR VEHICLE,PARKING LOT,,STRAIGHT AND LEVEL,DRY,NO DEFECTS,ON SCENE,NO INJURY / DRIVE AWAY,,Y,Y,"$501 - $1,500",9/24/2019 12:17,NOT APPLICABLE,NOT APPLICABLE,3201,W,DEVON AVE,2413,,,,,,,2,NO INDICATION OF INJURY,0,0,0,0,0,1,0,12,3,9,41.99727847,-87.70940736,POINT (-87.709407357178 41.997278474417)
JC446498,,9/24/2019 12:15,30,STOP SIGN/FLASHER,NO CONTROLS,CLEAR,DAYLIGHT,REAR END,NOT DIVIDED,,STRAIGHT AND LEVEL,DRY,NO DEFECTS,NOT ON SCENE (DESK REPORT),NO INJURY / DRIVE AWAY,Y,,,"$501 - $1,500",9/24/2019 13:15,FOLLOWING TOO CLOSELY,NOT APPLICABLE,4751,N,DAMEN AVE,1912,,,,,,,2,NO INDICATION OF INJURY,0,0,0,0,0,3,0,12,3,9,41.96845697,-87.67903164,POINT (-87.679031636297 41.968456968935)
JC446465,,9/24/2019 12:15,20,OTHER,FUNCTIONING PROPERLY,CLEAR,DAYLIGHT,FIXED OBJECT,PARKING LOT,,STRAIGHT AND LEVEL,DRY,NO DEFECTS,ON SCENE,NO INJURY / DRIVE AWAY,,Y,,"OVER $1,500",9/24/2019 12:25,NOT APPLICABLE,NOT APPLICABLE,1,W,PARKING LOT D ST,1654,,,,,,,1,NO INDICATION OF INJURY,0,0,0,0,0,1,0,12,3,9,,,
JC446547,,9/24/2019 12:14,30,TRAFFIC SIGNAL,FUNCTIONING PROPERLY,CLEAR,DAYLIGHT,TURNING,DIVIDED - W/MEDIAN (NOT RAISED),,STRAIGHT AND LEVEL,DRY,NO DEFECTS,NOT ON SCENE (DESK REPORT),NO INJURY / DRIVE AWAY,Y,,,$500 OR LESS,9/24/2019 13:55,IMPROPER TURNING/NO SIGNAL,FAILING TO YIELD RIGHT-OF-WAY,4154,W,NORTH AVE,2534,,,,,,,2,NO INDICATION OF INJURY,0,0,0,0,0,2,0,12,3,9,41.90993269,-87.73099568,POINT (-87.73099567595 41.90993269426)
JC446460,,9/24/2019 12:03,30,NO CONTROLS,NO CONTROLS,CLEAR,DAYLIGHT,TURNING,NOT DIVIDED,,STRAIGHT AND LEVEL,DRY,NO DEFECTS,ON SCENE,NO INJURY / DRIVE AWAY,,,,"OVER $1,500",9/24/2019 12:04,FAILING TO YIELD RIGHT-OF-WAY,UNABLE TO DETERMINE,79,E,CEDAR ST,1824,,,,,,,2,NO INDICATION OF INJURY,0,0,0,0,0,2,0,12,3,9,41.90231299,-87.62527789,POINT (-87.625277887212 41.902312991368)
JC446919,,9/24/2019 12:00,35,NO CONTROLS,NO CONTROLS,CLEAR,DAYLIGHT,REAR END,DIVIDED - W/MEDIAN (NOT RAISED),,STRAIGHT AND LEVEL,DRY,NO DEFECTS,NOT ON SCENE (DESK REPORT),NO INJURY / DRIVE AWAY,,,Y,"$501 - $1,500",9/24/2019 17:40,UNABLE TO DETERMINE,NOT APPLICABLE,1133,E,83RD ST,412,,,,,,,2,NO INDICATION OF INJURY,0,0,0,0,0,2,0,12,3,9,41.74396258,-87.59639856,POINT (-87.596398554528 41.743962583526)
JC446506,N,9/24/2019 12:00,30,NO CONTROLS,NO CONTROLS,CLEAR,"DARKNESS, LIGHTED ROAD",PARKED MOTOR VEHICLE,NOT DIVIDED,,STRAIGHT AND LEVEL,DRY,NO DEFECTS,NOT ON SCENE (DESK REPORT),NO INJURY / DRIVE AWAY,,,Y,"OVER $1,500",9/24/2019 13:00,UNABLE TO DETERMINE,UNABLE TO DETERMINE,5397,S,AUSTIN AVE,811,,,,,,,2,NO INDICATION OF INJURY,0,0,0,0,0,1,0,12,3,9,41.79432423,-87.77197228,POINT (-87.771972279344 41.794324229001)
JC446410,,9/24/2019 11:50,35,NO CONTROLS,NO CONTROLS,CLEAR,DAYLIGHT,TURNING,NOT DIVIDED,,STRAIGHT AND LEVEL,DRY,NO DEFECTS,NOT ON SCENE (DESK REPORT),NO INJURY / DRIVE AWAY,,,,"$501 - $1,500",9/24/2019 12:00,UNABLE TO DETERMINE,UNABLE TO DETERMINE,3536,W,FOSTER AVE,1712,,,,,,,2,NO INDICATION OF INJURY,0,0,0,0,0,2,0,11,3,9,41.97575774,-87.71743624,POINT (-87.717436240719 41.975757736246)
JC446524,,9/24/2019 11:40,30,NO CONTROLS,NO CONTROLS,CLEAR,DAYLIGHT,PARKED MOTOR VEHICLE,PARKING LOT,,STRAIGHT AND LEVEL,DRY,NO DEFECTS,ON SCENE,NO INJURY / DRIVE AWAY,,Y,,"$501 - $1,500",9/24/2019 13:19,DRIVING SKILLS/KNOWLEDGE/EXPERIENCE,DISTRACTION - FROM OUTSIDE VEHICLE,1952,W,GARFIELD BLVD,932,,,,,,,2,NO INDICATION OF INJURY,0,0,0,0,0,1,0,11,3,9,41.79402873,-87.67404177,POINT (-87.674041766486 41.794028729927)
JC446383,,9/24/2019 11:40,25,NO CONTROLS,NO CONTROLS,CLEAR,DAYLIGHT,SIDESWIPE SAME DIRECTION,NOT DIVIDED,,STRAIGHT AND LEVEL,DRY,NO DEFECTS,ON SCENE,NO INJURY / DRIVE AWAY,,,Y,"OVER $1,500",9/24/2019 11:55,UNABLE TO DETERMINE,UNABLE TO DETERMINE,2749,N,SOUTHPORT AVE,1932,,,,,,,2,NO INDICATION OF INJURY,0,0,0,0,0,2,0,11,3,9,41.93212243,-87.66340492,POINT (-87.66340491453 41.9321224294)
JC446440,,9/24/2019 11:39,30,TRAFFIC SIGNAL,FUNCTIONING PROPERLY,CLEAR,DAYLIGHT,REAR END,FOUR WAY,,STRAIGHT AND LEVEL,DRY,NO DEFECTS,ON SCENE,NO INJURY / DRIVE AWAY,Y,,,$500 OR LESS,9/24/2019 11:40,UNDER THE INFLUENCE OF ALCOHOL/DRUGS (USE WHEN ARREST IS EFFECTED),FAILING TO REDUCE SPEED TO AVOID CRASH,2150,S,CANAL ST,914,,,,,,,3,NO INDICATION OF INJURY,0,0,0,0,0,3,0,11,3,9,41.85282869,-87.63867987,POINT (-87.63867987077 41.852828692108)
JC446411,,9/24/2019 11:38,30,STOP SIGN/FLASHER,UNKNOWN,CLEAR,DAYLIGHT,PEDESTRIAN,DIVIDED - W/MEDIAN (NOT RAISED),,STRAIGHT AND LEVEL,DRY,UNKNOWN,ON SCENE,NO INJURY / DRIVE AWAY,,,,$500 OR LESS,9/24/2019 11:38,UNABLE TO DETERMINE,UNABLE TO DETERMINE,4454,N,KIMBALL AVE,1723,,,,,,,2,NO INDICATION OF INJURY,0,0,0,0,0,2,0,11,3,9,41.96274733,-87.71333847,POINT (-87.713338470119 41.962747334321)
JC446643,,9/24/2019 11:34,30,TRAFFIC SIGNAL,FUNCTIONING PROPERLY,CLEAR,DAYLIGHT,REAR END,NOT DIVIDED,,STRAIGHT AND LEVEL,DRY,NO DEFECTS,NOT ON SCENE (DESK REPORT),NO INJURY / DRIVE AWAY,,,Y,"$501 - $1,500",9/24/2019 15:13,FOLLOWING TOO CLOSELY,FAILING TO REDUCE SPEED TO AVOID CRASH,1959,N,PULASKI RD,2535,,,,,,,2,NO INDICATION OF INJURY,0,0,0,0,0,2,0,11,3,9,41.9170795,-87.7264072,POINT (-87.726407201242 41.91707950214)
JC446930,,9/24/2019 11:30,30,NO CONTROLS,NO CONTROLS,CLEAR,DAYLIGHT,PARKED MOTOR VEHICLE,ONE-WAY,,STRAIGHT AND LEVEL,DRY,NO DEFECTS,ON SCENE,NO INJURY / DRIVE AWAY,,,Y,"$501 - $1,500",9/24/2019 17:33,DRIVING SKILLS/KNOWLEDGE/EXPERIENCE,IMPROPER BACKING,538,N,TROY ST,1221,,,,,,,2,NO INDICATION OF INJURY,0,0,0,0,0,1,0,11,3,9,41.89153004,-87.70534894,POINT (-87.705348937004 41.891530035971)
JC446404,,9/24/2019 11:25,25,NO CONTROLS,NO CONTROLS,CLEAR,DAYLIGHT,REAR END,NOT DIVIDED,,STRAIGHT AND LEVEL,DRY,NO DEFECTS,ON SCENE,NO INJURY / DRIVE AWAY,,,,"$501 - $1,500",9/24/2019 11:25,UNABLE TO DETERMINE,UNABLE TO DETERMINE,7400,S,DR MARTIN LUTHER KING JR DR,323,,,,,,,2,NO INDICATION OF INJURY,0,0,0,0,0,4,0,11,3,9,41.76014038,-87.61530877,POINT (-87.61530877184 41.760140374778)
JC448008,,9/24/2019 11:15,30,NO CONTROLS,NO CONTROLS,CLEAR,DAYLIGHT,PARKED MOTOR VEHICLE,NOT DIVIDED,,STRAIGHT AND LEVEL,DRY,NO DEFECTS,NOT ON SCENE (DESK REPORT),NO INJURY / DRIVE AWAY,,,Y,$500 OR LESS,9/25/2019 15:10,UNABLE TO DETERMINE,UNABLE TO DETERMINE,2199,N,RACINE AVE,1811,,,,,,,2,NO INDICATION OF INJURY,0,0,0,0,0,1,0,11,3,9,41.92157326,-87.6581852,POINT (-87.658185204135 41.921573257027)
JC446379,,9/24/2019 11:15,30,STOP SIGN/FLASHER,FUNCTIONING PROPERLY,CLEAR,DAYLIGHT,PEDALCYCLIST,NOT DIVIDED,,STRAIGHT AND LEVEL,DRY,NO DEFECTS,NOT ON SCENE (DESK REPORT),NO INJURY / DRIVE AWAY,Y,,,"OVER $1,500",9/24/2019 11:35,FAILING TO YIELD RIGHT-OF-WAY,NOT APPLICABLE,2758,W,BELMONT AVE,1733,,,,,,,2,NO INDICATION OF INJURY,0,0,0,0,0,2,0,11,3,9,41.9395042,-87.69748149,POINT (-87.697481492156 41.939504195076)
JC446372,,9/24/2019 11:15,25,TRAFFIC SIGNAL,FUNCTIONING PROPERLY,CLEAR,DAYLIGHT,SIDESWIPE SAME DIRECTION,OTHER,,STRAIGHT AND LEVEL,DRY,NO DEFECTS,ON SCENE,NO INJURY / DRIVE AWAY,Y,,Y,$500 OR LESS,9/24/2019 11:36,UNABLE TO DETERMINE,UNABLE TO DETERMINE,7101,S,STATE ST,323,,,,,,,2,NO INDICATION OF INJURY,0,0,0,0,0,2,0,11,3,9,41.7653974,-87.62475729,POINT (-87.624757285727 41.765397402699)
JC446378,,9/24/2019 11:14,10,OTHER,NO CONTROLS,CLEAR,DAYLIGHT,PARKED MOTOR VEHICLE,PARKING LOT,,STRAIGHT AND LEVEL,DRY,NO DEFECTS,NOT ON SCENE (DESK REPORT),NO INJURY / DRIVE AWAY,,Y,,"$501 - $1,500",9/24/2019 11:40,UNABLE TO DETERMINE,NOT APPLICABLE,1554,E,55TH ST,234,,,,,,,2,NO INDICATION OF INJURY,0,0,0,0,0,2,0,11,3,9,41.79529732,-87.58782256,POINT (-87.587822555467 41.79529731814)
JC446390,,9/24/2019 11:10,30,NO CONTROLS,NO CONTROLS,CLEAR,DAYLIGHT,ANGLE,T-INTERSECTION,,STRAIGHT AND LEVEL,DRY,NO DEFECTS,ON SCENE,NO INJURY / DRIVE AWAY,Y,,,"OVER $1,500",9/24/2019 11:12,FAILING TO YIELD RIGHT-OF-WAY,DRIVING SKILLS/KNOWLEDGE/EXPERIENCE,524,W,OHARE ST,1654,,,,,,,2,NO INDICATION OF INJURY,0,0,0,0,0,2,0,11,3,9,,,
JC458765,,9/24/2019 11:00,30,NO CONTROLS,NO CONTROLS,CLEAR,DAYLIGHT,ANGLE,ONE-WAY,,STRAIGHT AND LEVEL,DRY,UNKNOWN,NOT ON SCENE (DESK REPORT),NO INJURY / DRIVE AWAY,,,,"OVER $1,500",10/3/2019 16:30,FAILING TO YIELD RIGHT-OF-WAY,UNABLE TO DETERMINE,3550,N,WHIPPLE ST,1733,,,,,,,2,NO INDICATION OF INJURY,0,0,0,0,0,2,0,11,3,9,41.94622742,-87.7042785,POINT (-87.704278499161 41.946227415991)
JC446362,,9/24/2019 11:00,30,NO CONTROLS,NO CONTROLS,CLEAR,DAYLIGHT,REAR END,NOT DIVIDED,,STRAIGHT AND LEVEL,DRY,NO DEFECTS,NOT ON SCENE (DESK REPORT),NO INJURY / DRIVE AWAY,,,,"$501 - $1,500",9/24/2019 11:20,FOLLOWING TOO CLOSELY,FAILING TO REDUCE SPEED TO AVOID CRASH,1151,W,63RD ST,724,,,,,,,2,NO INDICATION OF INJURY,0,0,0,0,0,2,0,11,3,9,41.77950377,-87.65410179,POINT (-87.654101787052 41.779503767657)
JC446330,,9/24/2019 11:00,15,NO CONTROLS,NO CONTROLS,CLEAR,DAYLIGHT,FIXED OBJECT,NOT DIVIDED,,STRAIGHT AND LEVEL,DRY,NO DEFECTS,ON SCENE,NO INJURY / DRIVE AWAY,,,,"OVER $1,500",9/24/2019 11:04,IMPROPER BACKING,DRIVING SKILLS/KNOWLEDGE/EXPERIENCE,5744,S,LOOMIS BLVD,713,,,,,,,1,NO INDICATION OF INJURY,0,0,0,0,0,1,0,11,3,9,41.78912137,-87.65975012,POINT (-87.659750119684 41.789121369535)
JC447843,,9/24/2019 10:45,30,NO CONTROLS,NO CONTROLS,CLEAR,DAYLIGHT,ANGLE,ONE-WAY,,STRAIGHT AND LEVEL,DRY,NO DEFECTS,NOT ON SCENE (DESK REPORT),NO INJURY / DRIVE AWAY,,,Y,"OVER $1,500",9/25/2019 12:45,FAILING TO YIELD RIGHT-OF-WAY,FAILING TO YIELD RIGHT-OF-WAY,16,W,ERIE ST,1832,,,,,,,2,NO INDICATION OF INJURY,0,0,0,0,0,2,0,10,3,9,41.89417258,-87.62880235,POINT (-87.628802345275 41.8941725806)
JC446417,,9/24/2019 10:45,30,NO CONTROLS,NO CONTROLS,CLEAR,DAYLIGHT,SIDESWIPE SAME DIRECTION,DIVIDED - W/MEDIAN BARRIER,,STRAIGHT AND LEVEL,DRY,NO DEFECTS,ON SCENE,NO INJURY / DRIVE AWAY,,,,"OVER $1,500",9/24/2019 11:37,IMPROPER LANE USAGE,NOT APPLICABLE,36,E,WACKER DR,111,,,,,,,2,NO INDICATION OF INJURY,0,0,0,0,0,3,0,10,3,9,41.88735477,-87.62684759,POINT (-87.626847586125 41.887354768627)
JC446314,,9/24/2019 10:45,30,NO CONTROLS,NO CONTROLS,CLEAR,DAYLIGHT,ANGLE,ONE-WAY,,STRAIGHT AND LEVEL,DRY,NO DEFECTS,ON SCENE,INJURY AND / OR TOW DUE TO CRASH,,,,"OVER $1,500",9/24/2019 10:54,FAILING TO YIELD RIGHT-OF-WAY,UNABLE TO DETERMINE,3940,W,30TH ST,1031,,,,,,,2,NO INDICATION OF INJURY,0,0,0,0,0,2,0,10,3,9,41.83884595,-87.72358227,POINT (-87.723582266968 41.83884594548)
JC446406,,9/24/2019 10:43,30,NO CONTROLS,NO CONTROLS,CLEAR,DAYLIGHT,REAR END,NOT DIVIDED,,STRAIGHT AND LEVEL,DRY,NO DEFECTS,NOT ON SCENE (DESK REPORT),NO INJURY / DRIVE AWAY,,,,"OVER $1,500",9/24/2019 11:42,UNABLE TO DETERMINE,UNABLE TO DETERMINE,181,S,OAKLEY BLVD,1223,,,,,,,2,NO INDICATION OF INJURY,0,0,0,0,0,2,0,10,3,9,41.87866194,-87.68375497,POINT (-87.683754971078 41.87866194271)
JC446369,Y,9/24/2019 10:42,30,NO CONTROLS,NO CONTROLS,CLEAR,DAYLIGHT,REAR END,NOT DIVIDED,,STRAIGHT AND LEVEL,DRY,NO DEFECTS,NOT ON SCENE (DESK REPORT),NO INJURY / DRIVE AWAY,,,,"OVER $1,500",9/24/2019 11:15,UNABLE TO DETERMINE,UNABLE TO DETERMINE,2032,N,WESTERN AVE,1431,,,,,,,2,NO INDICATION OF INJURY,0,0,0,0,0,2,0,10,3,9,41.91856977,-87.68758979,POINT (-87.687589790786 41.918569766262)
JC446435,,9/24/2019 10:40,30,TRAFFIC SIGNAL,FUNCTIONING PROPERLY,CLEAR,DAYLIGHT,SIDESWIPE SAME DIRECTION,ONE-WAY,,STRAIGHT AND LEVEL,DRY,NO DEFECTS,NOT ON SCENE (DESK REPORT),NO INJURY / DRIVE AWAY,,,,"OVER $1,500",9/24/2019 12:20,IMPROPER OVERTAKING/PASSING,NOT APPLICABLE,1,E,RANDOLPH ST,111,,,,,,,2,NO INDICATION OF INJURY,0,0,0,0,0,2,0,10,3,9,41.88438144,-87.6278266,POINT (-87.627826599815 41.884381434816)
JC446358,Y,9/24/2019 10:40,30,NO CONTROLS,NO CONTROLS,CLEAR,DAYLIGHT,PARKED MOTOR VEHICLE,PARKING LOT,,STRAIGHT AND LEVEL,DRY,NO DEFECTS,NOT ON SCENE (DESK REPORT),NO INJURY / DRIVE AWAY,,,,"OVER $1,500",9/24/2019 11:25,UNABLE TO DETERMINE,UNABLE TO DETERMINE,1517,W,CHICAGO AVE,1215,,,,,,,2,NO INDICATION OF INJURY,0,0,0,0,0,1,0,10,3,9,41.89598939,-87.66561734,POINT (-87.665617339393 41.895989386439)
JC446317,,9/24/2019 10:38,30,TRAFFIC SIGNAL,FUNCTIONING PROPERLY,CLEAR,DAYLIGHT,TURNING,DIVIDED - W/MEDIAN (NOT RAISED),,STRAIGHT AND LEVEL,DRY,NO DEFECTS,ON SCENE,NO INJURY / DRIVE AWAY,Y,,,"OVER $1,500",9/24/2019 10:40,IMPROPER LANE USAGE,NOT APPLICABLE,420,W,DIVISION ST,1821,,,,,,,2,NO INDICATION OF INJURY,0,0,0,0,0,2,0,10,3,9,41.90388694,-87.63926524,POINT (-87.639265242302 41.903886944355)
JC446400,,9/24/2019 10:36,45,NO CONTROLS,NO CONTROLS,CLEAR,DAYLIGHT,REAR END,DIVIDED - W/MEDIAN BARRIER,,STRAIGHT AND LEVEL,DRY,NO DEFECTS,NOT ON SCENE (DESK REPORT),INJURY AND / OR TOW DUE TO CRASH,,,,"OVER $1,500",9/24/2019 12:01,UNABLE TO DETERMINE,FOLLOWING TOO CLOSELY,1230,N,LAKE SHORE DR SB,1824,,,,,,,2,"REPORTED, NOT EVIDENT",1,0,0,0,1,1,0,10,3,9,41.90492468,-87.62502498,POINT (-87.625024980734 41.904924675915)
JC446311,,9/24/2019 10:35,30,TRAFFIC SIGNAL,FUNCTIONING PROPERLY,CLEAR,DAYLIGHT,ANGLE,FOUR WAY,,STRAIGHT AND LEVEL,DRY,NO DEFECTS,ON SCENE,INJURY AND / OR TOW DUE TO CRASH,Y,,,"OVER $1,500",9/24/2019 10:35,FAILING TO YIELD RIGHT-OF-WAY,FAILING TO YIELD RIGHT-OF-WAY,1600,S,KOSTNER AVE,1012,,,,,,,2,NO INDICATION OF INJURY,0,0,0,0,0,2,0,10,3,9,41.85868185,-87.73488064,POINT (-87.734880642816 41.858681848973)
JC448383,,9/24/2019 10:20,30,NO CONTROLS,NO CONTROLS,CLEAR,DARKNESS,FIXED OBJECT,NOT DIVIDED,,STRAIGHT AND LEVEL,DRY,UNKNOWN,NOT ON SCENE (DESK REPORT),INJURY AND / OR TOW DUE TO CRASH,,,,"OVER $1,500",9/25/2019 19:12,ANIMAL,NOT APPLICABLE,2600,W,75TH ST,835,,,,,,,1,NO INDICATION OF INJURY,0,0,0,0,0,1,0,10,3,9,41.75737434,-87.68826472,POINT (-87.688264714985 41.757374338318)
JC446294,,9/24/2019 10:20,30,NO CONTROLS,NO CONTROLS,CLEAR,DAYLIGHT,PARKED MOTOR VEHICLE,DIVIDED - W/MEDIAN BARRIER,,STRAIGHT AND LEVEL,DRY,NO DEFECTS,ON SCENE,NO INJURY / DRIVE AWAY,,,,"OVER $1,500",9/24/2019 10:24,DISTRACTION - FROM OUTSIDE VEHICLE,NOT APPLICABLE,5536,S,ASHLAND AVE,715,,,,,,,2,NO INDICATION OF INJURY,0,0,0,0,0,1,0,10,3,9,41.79251616,-87.66469295,POINT (-87.664692945542 41.792516158014)
JC446343,,9/24/2019 10:15,30,NO CONTROLS,NO CONTROLS,CLEAR,DAYLIGHT,PARKED MOTOR VEHICLE,ONE-WAY,,STRAIGHT AND LEVEL,DRY,NO DEFECTS,ON SCENE,INJURY AND / OR TOW DUE TO CRASH,,,Y,"OVER $1,500",9/24/2019 10:40,DRIVING ON WRONG SIDE/WRONG WAY,UNABLE TO DETERMINE,6315,S,MAPLEWOOD AVE,825,,,,,,,3,NO INDICATION OF INJURY,0,0,0,0,0,1,0,10,3,9,41.77870643,-87.68714156,POINT (-87.687141557931 41.778706425132)
JC446301,,9/24/2019 10:15,45,NO CONTROLS,NO CONTROLS,CLEAR,DAYLIGHT,SIDESWIPE SAME DIRECTION,DIVIDED - W/MEDIAN BARRIER,,STRAIGHT AND LEVEL,DRY,NO DEFECTS,ON SCENE,NO INJURY / DRIVE AWAY,,,,"$501 - $1,500",9/24/2019 10:20,FAILING TO YIELD RIGHT-OF-WAY,FAILING TO YIELD RIGHT-OF-WAY,4533,S,LAKE SHORE DR NB,222,,,,,,,2,NO INDICATION OF INJURY,0,0,0,0,0,3,0,10,3,9,41.81385175,-87.59168655,POINT (-87.591686553256 41.81385174549)
JC446259,,9/24/2019 10:05,30,NO CONTROLS,NO CONTROLS,CLEAR,DAYLIGHT,REAR END,NOT DIVIDED,,STRAIGHT AND LEVEL,DRY,NO DEFECTS,ON SCENE,NO INJURY / DRIVE AWAY,,,,"OVER $1,500",9/24/2019 10:05,FOLLOWING TOO CLOSELY,NOT APPLICABLE,7900,S,ASHLAND AVE,611,,,,,,,2,NO INDICATION OF INJURY,0,0,0,0,0,2,0,10,3,9,41.75026224,-87.66358012,POINT (-87.663580117092 41.750262240415)
JC446245,,9/24/2019 10:02,30,TRAFFIC SIGNAL,FUNCTIONING PROPERLY,CLEAR,DAYLIGHT,REAR END,NOT DIVIDED,,STRAIGHT AND LEVEL,DRY,NO DEFECTS,ON SCENE,INJURY AND / OR TOW DUE TO CRASH,,,,"OVER $1,500",9/24/2019 10:04,FAILING TO REDUCE SPEED TO AVOID CRASH,UNABLE TO DETERMINE,4155,S,CALIFORNIA AVE,921,,,,,,,2,INCAPACITATING INJURY,3,0,1,0,2,1,0,10,3,9,41.81757798,-87.69434519,POINT (-87.694345192405 41.817577974638)
JC452985,,9/24/2019 10:00,30,NO CONTROLS,NOT FUNCTIONING,CLEAR,DAYLIGHT,PARKED MOTOR VEHICLE,ONE-WAY,,STRAIGHT AND LEVEL,DRY,NO DEFECTS,NOT ON SCENE (DESK REPORT),NO INJURY / DRIVE AWAY,,,Y,"OVER $1,500",9/29/2019 12:43,UNABLE TO DETERMINE,UNABLE TO DETERMINE,939,N,LOCKWOOD AVE,1524,,,,,,,2,NO INDICATION OF INJURY,0,0,0,0,0,1,0,10,3,9,41.89790934,-87.75798029,POINT (-87.757980288308 41.897909336288)
JC446823,N,9/24/2019 10:00,25,NO CONTROLS,NO CONTROLS,CLEAR,DAYLIGHT,PARKED MOTOR VEHICLE,ONE-WAY,,STRAIGHT AND LEVEL,DRY,NO DEFECTS,ON SCENE,NO INJURY / DRIVE AWAY,,,Y,"OVER $1,500",9/24/2019 16:20,UNABLE TO DETERMINE,NOT APPLICABLE,7906,S,DOBSON AVE,624,,,,,,,2,NO INDICATION OF INJURY,0,0,0,0,0,1,0,10,3,9,41.75108743,-87.59926216,POINT (-87.599262159964 41.751087425135)
JC446576,,9/24/2019 10:00,45,NO CONTROLS,NO CONTROLS,CLEAR,DAYLIGHT,FIXED OBJECT,ONE-WAY,,STRAIGHT AND LEVEL,DRY,UNKNOWN,NOT ON SCENE (DESK REPORT),NO INJURY / DRIVE AWAY,,,N,"OVER $1,500",9/24/2019 13:55,IMPROPER LANE USAGE,UNABLE TO DETERMINE,700,N,LAKE SHORE DR,1834,,,,,,,1,NO INDICATION OF INJURY,0,0,0,0,0,1,0,10,3,9,41.89507405,-87.61604354,POINT (-87.616043536802 41.895074051236)
JC446381,,9/24/2019 10:00,35,NO CONTROLS,NO CONTROLS,CLEAR,DAYLIGHT,SIDESWIPE SAME DIRECTION,DIVIDED - W/MEDIAN (NOT RAISED),,STRAIGHT AND LEVEL,DRY,NO DEFECTS,NOT ON SCENE (DESK REPORT),NO INJURY / DRIVE AWAY,,,,"OVER $1,500",9/24/2019 11:30,FAILING TO REDUCE SPEED TO AVOID CRASH,NOT APPLICABLE,1858,S,ALBANY AVE,1022,,,,,,,2,NO INDICATION OF INJURY,0,0,0,0,0,2,0,10,3,9,41.85553983,-87.70298723,POINT (-87.702987230177 41.855539833356)
JC446319,,9/24/2019 10:00,30,NO CONTROLS,NO CONTROLS,CLEAR,DAYLIGHT,PARKED MOTOR VEHICLE,ONE-WAY,,STRAIGHT AND LEVEL,DRY,NO DEFECTS,NOT ON SCENE (DESK REPORT),NO INJURY / DRIVE AWAY,,,Y,"OVER $1,500",9/24/2019 10:53,NOT APPLICABLE,NOT APPLICABLE,2900,W,60TH ST,824,,,,,,,2,NO INDICATION OF INJURY,0,0,0,0,0,1,0,10,3,9,41.78465411,-87.69604657,POINT (-87.696046569902 41.784654114431)