RD_NO,CRASH_DATE_EST_I,CRASH_DATE,POSTED_SPEED_LIMIT,TRAFFIC_CONTROL_DEVICE,DEVICE_CONDITION,WEATHER_CONDITION,LIGHTING_CONDITION,FIRST_CRASH_TYPE,TRAFFICWAY_TYPE,LANE_CNT,ALIGNMENT,ROADWAY_SURFACE_COND,ROAD_DEFECT,REPORT_TYPE,CRASH_TYPE,INTERSECTION_RELATED_I,NOT_RIGHT_OF_WAY_I,HIT_AND_RUN_I,DAMAGE,DATE_POLICE_NOTIFIED,PRIM_CONTRIBUTORY_CAUSE,SEC_CONTRIBUTORY_CAUSE,STREET_NO,STREET_DIRECTION,STREET_NAME,BEAT_OF_OCCURRENCE,PHOTOS_TAKEN_I,STATEMENTS_TAKEN_I,DOORING_I,WORK_ZONE_I,WORK_ZONE_TYPE,WORKERS_PRESENT_I,NUM_UNITS,MOST_SEVERE_INJURY,INJURIES_TOTAL,INJURIES_FATAL,INJURIES_INCAPACITATING,INJURIES_NON_INCAPACITATING,INJURIES_REPORTED_NOT_EVIDENT,INJURIES_NO_INDICATION,INJURIES_UNKNOWN,CRASH_HOUR,CRASH_DAY_OF_WEEK,CRASH_MONTH,LATITUDE,LONGITUDE,LOCATION
JC446320,,9/24/2019 9:45,30,TRAFFIC SIGNAL,FUNCTIONING PROPERLY,CLEAR,DAYLIGHT,REAR END,DIVIDED - W/MEDIAN (NOT RAISED),,STRAIGHT AND LEVEL,DRY,NO DEFECTS,NOT ON SCENE (DESK REPORT),NO INJURY / DRIVE AWAY,,,Y,"$501 - $1,500",9/24/2019 11:00,FOLLOWING TOO CLOSELY,NOT APPLICABLE,2601,S,STATE ST,133,,,,,,,2,NO INDICATION OF INJURY,0,0,0,0,0,2,0,9,3,9,41.8455283,-87.62661114,POINT (-87.626611141041 41.845528298716)
JC446266,,9/24/2019 9:45,30,TRAFFIC SIGNAL,FUNCTIONING PROPERLY,CLEAR,DAYLIGHT,REAR END,DIVIDED - W/MEDIAN (NOT RAISED),,STRAIGHT AND LEVEL,DRY,UNKNOWN,NOT ON SCENE (DESK REPORT),NO INJURY / DRIVE AWAY,,,Y,"OVER $1,500",9/24/2019 10:00,FOLLOWING TOO CLOSELY,FOLLOWING TOO CLOSELY,328,W,ONTARIO ST,1831,,,,,,,2,NO INDICATION OF INJURY,0,0,0,0,0,4,0,9,3,9,41.89325751,-87.6369199,POINT (-87.636919900939 41.89325750994)
JC446262,,9/24/2019 9:40,30,TRAFFIC SIGNAL,FUNCTIONING PROPERLY,CLEAR,DAYLIGHT,FIXED OBJECT,FOUR WAY,,STRAIGHT AND LEVEL,DRY,NO DEFECTS,ON SCENE,INJURY AND / OR TOW DUE TO CRASH,Y,,,"OVER $1,500",9/24/2019 10:02,FAILING TO YIELD RIGHT-OF-WAY,NOT APPLICABLE,1001,S,RACINE AVE,1232,,,,,,,1,NONINCAPACITATING INJURY,1,0,0,1,0,0,0,9,3,9,41.86935997,-87.65660659,POINT (-87.656606593876 41.869359970462)
JC446255,Y,9/24/2019 9:40,30,TRAFFIC SIGNAL,FUNCTIONING PROPERLY,CLEAR,DAYLIGHT,REAR END,DIVIDED - W/MEDIAN (NOT RAISED),,STRAIGHT ON GRADE,DRY,NO DEFECTS,NOT ON SCENE (DESK REPORT),NO INJURY / DRIVE AWAY,N,,N,$500 OR LESS,9/24/2019 9:45,FOLLOWING TOO CLOSELY,FAILING TO REDUCE SPEED TO AVOID CRASH,2045,N,CENTRAL AVE,2515,,,,,,,2,NO INDICATION OF INJURY,0,0,0,0,0,3,0,9,3,9,41.91812081,-87.76562586,POINT (-87.765625862873 41.918120811249)
JC446218,,9/24/2019 9:31,30,NO CONTROLS,NO CONTROLS,CLEAR,DAYLIGHT,SIDESWIPE SAME DIRECTION,NOT DIVIDED,,STRAIGHT AND LEVEL,DRY,NO DEFECTS,ON SCENE,NO INJURY / DRIVE AWAY,Y,,,"OVER $1,500",9/24/2019 9:31,IMPROPER OVERTAKING/PASSING,FOLLOWING TOO CLOSELY,9546,S,CHARLES ST,2213,,,,,,,2,NO INDICATION OF INJURY,0,0,0,0,0,3,0,9,3,9,41.71987559,-87.66387578,POINT (-87.663875783635 41.71987558702)
JC446500,,9/24/2019 9:30,30,NO CONTROLS,NO CONTROLS,CLEAR,DAYLIGHT,REAR TO FRONT,ONE-WAY,,STRAIGHT AND LEVEL,DRY,NO DEFECTS,NOT ON SCENE (DESK REPORT),NO INJURY / DRIVE AWAY,,,,"$501 - $1,500",9/24/2019 17:46,IMPROPER BACKING,FAILING TO REDUCE SPEED TO AVOID CRASH,2230,N,NEVA AVE,2512,,,,,,,2,NO INDICATION OF INJURY,0,0,0,0,0,2,0,9,3,9,41.92084344,-87.80446646,POINT (-87.80446646025 41.920843439237)
JC446235,,9/24/2019 9:30,40,NO CONTROLS,NO CONTROLS,CLEAR,DAYLIGHT,REAR END,DIVIDED - W/MEDIAN BARRIER,,CURVE ON GRADE,DRY,NO DEFECTS,ON SCENE,INJURY AND / OR TOW DUE TO CRASH,,,,"OVER $1,500",9/24/2019 9:35,DISTRACTION - FROM INSIDE VEHICLE,NOT APPLICABLE,3200,N,LAKE SHORE DR NB,1925,,,,,,,2,NO INDICATION OF INJURY,0,0,0,0,0,2,0,9,3,9,41.94050251,-87.63844367,POINT (-87.638443670535 41.940502511681)
JC446478,,9/24/2019 9:20,5,NO CONTROLS,NO CONTROLS,CLEAR,DAYLIGHT,FIXED OBJECT,RAMP,,STRAIGHT ON GRADE,DRY,NO DEFECTS,ON SCENE,NO INJURY / DRIVE AWAY,,N,,$500 OR LESS,9/24/2019 12:22,UNABLE TO DETERMINE,UNABLE TO DETERMINE,5801,N,PULASKI RD,1711,,,,,,,1,NO INDICATION OF INJURY,0,0,0,0,0,1,0,9,3,9,41.98593151,-87.72836921,POINT (-87.728369210034 41.985931514183)
JC446230,,9/24/2019 9:20,40,NO CONTROLS,NO CONTROLS,CLEAR,DAYLIGHT,REAR END,DIVIDED - W/MEDIAN BARRIER,,STRAIGHT AND LEVEL,DRY,NO DEFECTS,ON SCENE,NO INJURY / DRIVE AWAY,,,Y,"OVER $1,500",9/24/2019 9:28,FOLLOWING TOO CLOSELY,FAILING TO REDUCE SPEED TO AVOID CRASH,1600,S,LAKE SHORE DR W,132,,,,,,,2,NO INDICATION OF INJURY,0,0,0,0,0,2,0,9,3,9,41.8602209,-87.61794334,POINT (-87.617943335642 41.860220895539)
JC446237,,9/24/2019 9:10,30,STOP SIGN/FLASHER,FUNCTIONING PROPERLY,CLEAR,DAYLIGHT,ANGLE,DIVIDED - W/MEDIAN (NOT RAISED),,STRAIGHT AND LEVEL,DRY,NO DEFECTS,NOT ON SCENE (DESK REPORT),NO INJURY / DRIVE AWAY,Y,,,"$501 - $1,500",9/24/2019 9:45,FAILING TO YIELD RIGHT-OF-WAY,UNABLE TO DETERMINE,1850,W,CONGRESS PKWY,1225,,,,,,,2,NO INDICATION OF INJURY,0,0,0,0,0,4,0,9,3,9,41.87517436,-87.67356672,POINT (-87.673566720064 41.87517435823)
JC446219,Y,9/24/2019 9:10,30,TRAFFIC SIGNAL,FUNCTIONING PROPERLY,CLEAR,DAYLIGHT,TURNING,FOUR WAY,,STRAIGHT AND LEVEL,DRY,NO DEFECTS,ON SCENE,INJURY AND / OR TOW DUE TO CRASH,Y,,,"OVER $1,500",9/24/2019 9:14,IMPROPER TURNING/NO SIGNAL,NOT APPLICABLE,3949,W,DEVON AVE,1711,,,,,,,2,NO INDICATION OF INJURY,0,0,0,0,0,2,0,9,3,9,41.99713138,-87.72831704,POINT (-87.728317035411 41.997131375887)
JC446186,,9/24/2019 9:10,40,NO CONTROLS,NO CONTROLS,CLEAR,DAYLIGHT,REAR END,DIVIDED - W/MEDIAN BARRIER,,STRAIGHT ON HILLCREST,DRY,NO DEFECTS,ON SCENE,NO INJURY / DRIVE AWAY,,,,"OVER $1,500",9/24/2019 9:10,FOLLOWING TOO CLOSELY,NOT APPLICABLE,3300,N,LAKE SHORE DR NB,1925,,,,,,,2,NO INDICATION OF INJURY,0,0,0,0,0,2,0,9,3,9,41.9423199,-87.6396318,POINT (-87.639631796072 41.942319899494)
JC446236,,9/24/2019 9:09,30,NO CONTROLS,NO CONTROLS,CLEAR,DAYLIGHT,SIDESWIPE SAME DIRECTION,DIVIDED - W/MEDIAN BARRIER,,STRAIGHT AND LEVEL,DRY,NO DEFECTS,NOT ON SCENE (DESK REPORT),NO INJURY / DRIVE AWAY,,,,$500 OR LESS,9/24/2019 9:45,IMPROPER LANE USAGE,FAILING TO YIELD RIGHT-OF-WAY,31,S,MICHIGAN AVE,114,,,,,,,2,NO INDICATION OF INJURY,0,0,0,0,0,2,0,9,3,9,41.88132609,-87.6241971,POINT (-87.624197097593 41.88132608651)
JC446207,,9/24/2019 9:00,30,NO CONTROLS,NO CONTROLS,CLEAR,DAYLIGHT,SIDESWIPE SAME DIRECTION,DIVIDED - W/MEDIAN (NOT RAISED),,STRAIGHT AND LEVEL,DRY,NO DEFECTS,ON SCENE,NO INJURY / DRIVE AWAY,,,Y,$500 OR LESS,9/24/2019 9:11,IMPROPER OVERTAKING/PASSING,NOT APPLICABLE,5726,N,NAGLE AVE,1612,,,,,,,2,NO INDICATION OF INJURY,0,0,0,0,0,3,0,9,3,9,41.98548014,-87.78783172,POINT (-87.787831718231 41.985480137808)
JC446189,,9/24/2019 8:58,30,NO CONTROLS,NO CONTROLS,CLEAR,DAYLIGHT,FIXED OBJECT,NOT DIVIDED,,STRAIGHT AND LEVEL,DRY,NO DEFECTS,ON SCENE,NO INJURY / DRIVE AWAY,,,,"OVER $1,500",9/24/2019 9:09,UNABLE TO DETERMINE,UNABLE TO DETERMINE,1128,S,CENTRAL PARK AVE,1133,,,,,,,1,NO INDICATION OF INJURY,0,0,0,0,0,1,0,8,3,9,41.86725588,-87.71559401,POINT (-87.715594011845 41.867255882974)
JC446308,,9/24/2019 8:50,30,NO CONTROLS,NO CONTROLS,CLEAR,DAYLIGHT,ANGLE,NOT DIVIDED,,STRAIGHT AND LEVEL,DRY,NO DEFECTS,NOT ON SCENE (DESK REPORT),NO INJURY / DRIVE AWAY,N,,,"OVER $1,500",9/24/2019 10:00,FAILING TO YIELD RIGHT-OF-WAY,NOT APPLICABLE,2355,N,LARAMIE AVE,2522,,,,,,,2,NO INDICATION OF INJURY,0,0,0,0,0,3,0,8,3,9,41.92392759,-87.75599282,POINT (-87.755992821525 41.923927585394)
JC446284,,9/24/2019 8:50,25,STOP SIGN/FLASHER,FUNCTIONING PROPERLY,CLEAR,DAYLIGHT,PARKED MOTOR VEHICLE,ONE-WAY,,STRAIGHT AND LEVEL,DRY,NO DEFECTS,NOT ON SCENE (DESK REPORT),NO INJURY / DRIVE AWAY,,,,"$501 - $1,500",9/24/2019 10:15,DRIVING SKILLS/KNOWLEDGE/EXPERIENCE,NOT APPLICABLE,1152,N,KEYSTONE AVE,1111,,,,,,,2,NO INDICATION OF INJURY,0,0,0,0,0,1,0,8,3,9,41.90244135,-87.72767054,POINT (-87.727670542118 41.902441352234)
JC446201,,9/24/2019 8:50,30,TRAFFIC SIGNAL,FUNCTIONING PROPERLY,CLEAR,DAYLIGHT,REAR END,NOT DIVIDED,,STRAIGHT AND LEVEL,DRY,NO DEFECTS,NOT ON SCENE (DESK REPORT),NO INJURY / DRIVE AWAY,,,,"OVER $1,500",9/24/2019 9:25,IMPROPER OVERTAKING/PASSING,DRIVING SKILLS/KNOWLEDGE/EXPERIENCE,5921,N,RIDGE AVE,2013,,,,,,,2,NO INDICATION OF INJURY,0,0,0,0,0,2,0,8,3,9,41.98955806,-87.66952528,POINT (-87.669525281764 41.989558060265)
JC446994,,9/24/2019 8:45,30,UNKNOWN,UNKNOWN,UNKNOWN,DAYLIGHT,ANIMAL,NOT DIVIDED,,STRAIGHT AND LEVEL,UNKNOWN,UNKNOWN,NOT ON SCENE (DESK REPORT),NO INJURY / DRIVE AWAY,,,,$500 OR LESS,9/24/2019 18:55,UNABLE TO DETERMINE,UNABLE TO DETERMINE,500,W,LOCUST ST,1823,,,,,,,1,NO INDICATION OF INJURY,0,0,0,0,0,1,0,8,3,9,41.8992738,-87.64129011,POINT (-87.641290110105 41.899273802933)
JC446323,,9/24/2019 8:45,30,NO CONTROLS,NO CONTROLS,CLEAR,DAYLIGHT,OTHER OBJECT,DIVIDED - W/MEDIAN (NOT RAISED),,STRAIGHT AND LEVEL,DRY,NO DEFECTS,NOT ON SCENE (DESK REPORT),NO INJURY / DRIVE AWAY,,,,$500 OR LESS,9/24/2019 11:00,NOT APPLICABLE,UNABLE TO DETERMINE,2025,W,FOSTER AVE,2032,,,,,,,1,NO INDICATION OF INJURY,0,0,0,0,0,1,0,8,3,9,41.97590562,-87.68043133,POINT (-87.68043132989 41.975905621366)
JC446233,,9/24/2019 8:45,30,TRAFFIC SIGNAL,FUNCTIONING PROPERLY,CLEAR,DAYLIGHT,REAR TO FRONT,NOT DIVIDED,,STRAIGHT AND LEVEL,DRY,NO DEFECTS,ON SCENE,NO INJURY / DRIVE AWAY,Y,,Y,"OVER $1,500",9/24/2019 9:44,IMPROPER BACKING,UNABLE TO DETERMINE,11209,S,VINCENNES AVE,2234,,,,,,,2,NO INDICATION OF INJURY,0,0,0,0,0,2,0,8,3,9,41.68973929,-87.6646972,POINT (-87.664697200331 41.689739293031)
JC446226,,9/24/2019 8:45,30,NO CONTROLS,NO CONTROLS,CLEAR,DAYLIGHT,SIDESWIPE SAME DIRECTION,DIVIDED - W/MEDIAN (NOT RAISED),,STRAIGHT AND LEVEL,DRY,NO DEFECTS,NOT ON SCENE (DESK REPORT),NO INJURY / DRIVE AWAY,,,,"OVER $1,500",9/24/2019 9:15,UNABLE TO DETERMINE,NOT APPLICABLE,3615,W,IRVING PARK RD,1732,,,,,,,2,NO INDICATION OF INJURY,0,0,0,0,0,2,0,8,3,9,41.95364665,-87.71848491,POINT (-87.71848490505 41.953646651916)
JC446224,,9/24/2019 8:45,25,TRAFFIC SIGNAL,FUNCTIONING PROPERLY,CLEAR,DAYLIGHT,SIDESWIPE SAME DIRECTION,NOT DIVIDED,,STRAIGHT AND LEVEL,DRY,NO DEFECTS,NOT ON SCENE (DESK REPORT),NO INJURY / DRIVE AWAY,,,,"$501 - $1,500",9/24/2019 9:30,IMPROPER OVERTAKING/PASSING,DRIVING ON WRONG SIDE/WRONG WAY,2155,N,LARAMIE AVE,2522,,,,,,,2,NO INDICATION OF INJURY,0,0,0,0,0,2,0,8,3,9,41.92025767,-87.75588911,POINT (-87.755889113607 41.92025766553)
JC446198,,9/24/2019 8:45,30,TRAFFIC SIGNAL,FUNCTIONING PROPERLY,CLEAR,DAYLIGHT,REAR END,NOT DIVIDED,,STRAIGHT AND LEVEL,DRY,NO DEFECTS,NOT ON SCENE (DESK REPORT),NO INJURY / DRIVE AWAY,Y,,,"$501 - $1,500",9/24/2019 9:00,UNABLE TO DETERMINE,UNABLE TO DETERMINE,6945,N,CLARK ST,2431,,,,,,,2,NO INDICATION OF INJURY,0,0,0,0,0,2,0,8,3,9,42.00791344,-87.67356227,POINT (-87.673562272526 42.00791344039)
JC446170,,9/24/2019 8:43,35,NO CONTROLS,NO CONTROLS,CLEAR,DAYLIGHT,REAR END,DIVIDED - W/MEDIAN (NOT RAISED),,STRAIGHT AND LEVEL,DRY,NO DEFECTS,ON SCENE,NO INJURY / DRIVE AWAY,,,,"$501 - $1,500",9/24/2019 8:44,FOLLOWING TOO CLOSELY,FAILING TO REDUCE SPEED TO AVOID CRASH,3801,S,PULASKI RD,821,,,,,,,2,NO INDICATION OF INJURY,0,0,0,0,0,2,0,8,3,9,41.82451343,-87.72394124,POINT (-87.723941236435 41.824513425333)
JC446168,,9/24/2019 8:40,35,STOP SIGN/FLASHER,NO CONTROLS,CLEAR,DAYLIGHT,TURNING,FOUR WAY,,STRAIGHT AND LEVEL,DRY,NO DEFECTS,ON SCENE,NO INJURY / DRIVE AWAY,Y,,,"OVER $1,500",9/24/2019 8:42,FAILING TO YIELD RIGHT-OF-WAY,NOT APPLICABLE,2101,W,HARRISON ST,1225,,,,,,,2,NO INDICATION OF INJURY,0,0,0,0,0,2,0,8,3,9,41.87389262,-87.67902041,POINT (-87.679020405633 41.873892623675)
JC454106,,9/24/2019 8:34,25,NO CONTROLS,NO CONTROLS,UNKNOWN,DAYLIGHT,PARKED MOTOR VEHICLE,OTHER,,STRAIGHT AND LEVEL,UNKNOWN,NO DEFECTS,ON SCENE,NO INJURY / DRIVE AWAY,,,Y,$500 OR LESS,9/30/2019 11:33,"OPERATING VEHICLE IN ERRATIC, RECKLESS, CARELESS, NEGLIGENT OR AGGRESSIVE MANNER",NOT APPLICABLE,6808,W,TALCOTT AVE,1613,,,,,,,2,NO INDICATION OF INJURY,0,0,0,0,0,1,0,8,3,9,41.98180461,-87.79781036,POINT (-87.797810355488 41.981804612599)
JC446241,,9/24/2019 8:30,10,STOP SIGN/FLASHER,NO CONTROLS,CLEAR,DAYLIGHT,ANGLE,ALLEY,,STRAIGHT AND LEVEL,DRY,NO DEFECTS,ON SCENE,INJURY AND / OR TOW DUE TO CRASH,,,,"OVER $1,500",9/24/2019 8:41,DISREGARDING STOP SIGN,NOT APPLICABLE,5444,W,FULLERTON AVE,2515,,,,,,,2,NO INDICATION OF INJURY,0,0,0,0,0,6,0,8,3,9,41.92412953,-87.76291478,POINT (-87.76291477584 41.924129532786)
JC446214,,9/24/2019 8:30,30,TRAFFIC SIGNAL,FUNCTIONING PROPERLY,CLEAR,DAYLIGHT,TURNING,FOUR WAY,,STRAIGHT AND LEVEL,DRY,NO DEFECTS,NOT ON SCENE (DESK REPORT),NO INJURY / DRIVE AWAY,Y,,Y,"OVER $1,500",9/24/2019 9:15,DISREGARDING TRAFFIC SIGNALS,IMPROPER TURNING/NO SIGNAL,2400,W,51ST ST,923,,,,,,,2,NO INDICATION OF INJURY,0,0,0,0,0,2,0,8,3,9,41.80125749,-87.68428112,POINT (-87.684281115646 41.801257491999)
JC446200,,9/24/2019 8:30,30,TRAFFIC SIGNAL,NOT FUNCTIONING,CLEAR,DAYLIGHT,SIDESWIPE SAME DIRECTION,NOT DIVIDED,,STRAIGHT AND LEVEL,DRY,NO DEFECTS,NOT ON SCENE (DESK REPORT),NO INJURY / DRIVE AWAY,,,,"OVER $1,500",9/24/2019 9:15,UNABLE TO DETERMINE,UNABLE TO DETERMINE,435,E,31ST ST,211,,,,,,,2,NO INDICATION OF INJURY,0,0,0,0,0,2,0,8,3,9,41.83833334,-87.61561346,POINT (-87.615613459439 41.83833334418)
JC446191,,9/24/2019 8:30,30,NO CONTROLS,NO CONTROLS,CLEAR,DAYLIGHT,PARKED MOTOR VEHICLE,PARKING LOT,,STRAIGHT AND LEVEL,DRY,NO DEFECTS,NOT ON SCENE (DESK REPORT),NO INJURY / DRIVE AWAY,,,Y,"OVER $1,500",9/24/2019 9:21,UNABLE TO DETERMINE,UNABLE TO DETERMINE,2700,S,LEAVITT ST,1034,,,,,,,2,NO INDICATION OF INJURY,0,0,0,0,0,1,0,8,3,9,41.84339163,-87.68064866,POINT (-87.680648657927 41.843391629584)
JC446887,,9/24/2019 8:28,15,NO CONTROLS,NO CONTROLS,CLEAR,DAYLIGHT,REAR END,PARKING LOT,,STRAIGHT AND LEVEL,DRY,NO DEFECTS,NOT ON SCENE (DESK REPORT),NO INJURY / DRIVE AWAY,,Y,,"$501 - $1,500",9/24/2019 18:29,FOLLOWING TOO CLOSELY,NOT APPLICABLE,5955,W,DIVERSEY AVE,2514,,,,,,,2,NO INDICATION OF INJURY,0,0,0,0,0,2,0,8,3,9,41.93103184,-87.77574665,POINT (-87.775746650185 41.931031840284)
JC446129,,9/24/2019 8:15,30,STOP SIGN/FLASHER,FUNCTIONING PROPERLY,CLEAR,DAYLIGHT,ANGLE,FOUR WAY,,STRAIGHT AND LEVEL,DRY,NO DEFECTS,ON SCENE,INJURY AND / OR TOW DUE TO CRASH,Y,,,"OVER $1,500",9/24/2019 8:16,FAILING TO YIELD RIGHT-OF-WAY,CELL PHONE USE OTHER THAN TEXTING,2432,S,CANAL ST,914,,,,,,,2,NONINCAPACITATING INJURY,1,0,0,1,0,1,0,8,3,9,41.84812436,-87.63855457,POINT (-87.638554569457 41.848124357577)
JC446127,,9/24/2019 8:11,25,STOP SIGN/FLASHER,FUNCTIONING PROPERLY,CLEAR,DAYLIGHT,PEDESTRIAN,DIVIDED - W/MEDIAN (NOT RAISED),,STRAIGHT AND LEVEL,DRY,NO DEFECTS,ON SCENE,INJURY AND / OR TOW DUE TO CRASH,Y,,Y,$500 OR LESS,9/24/2019 8:11,UNABLE TO DETERMINE,NOT APPLICABLE,1200,W,LEXINGTON ST,1231,,Y,,,,,2,"REPORTED, NOT EVIDENT",1,0,0,0,1,1,0,8,3,9,41.87236318,-87.65688504,POINT (-87.656885043176 41.872363179774)
JC446482,,9/24/2019 8:01,30,TRAFFIC SIGNAL,FUNCTIONING PROPERLY,CLEAR,DAYLIGHT,SIDESWIPE SAME DIRECTION,ONE-WAY,,STRAIGHT AND LEVEL,DRY,NO DEFECTS,,NO INJURY / DRIVE AWAY,Y,,,"$501 - $1,500",9/24/2019 12:50,IMPROPER LANE USAGE,FAILING TO YIELD RIGHT-OF-WAY,360,W,JACKSON BLVD,122,,,,,,,2,NO INDICATION OF INJURY,0,0,0,0,0,2,0,8,3,9,41.87818772,-87.63696152,POINT (-87.636961520606 41.878187715044)
JC448923,,9/24/2019 8:00,30,TRAFFIC SIGNAL,FUNCTIONING PROPERLY,CLEAR,DAYLIGHT,TURNING,NOT DIVIDED,,STRAIGHT AND LEVEL,DRY,NO DEFECTS,NOT ON SCENE (DESK REPORT),INJURY AND / OR TOW DUE TO CRASH,,,Y,"OVER $1,500",9/26/2019 9:00,FAILING TO YIELD RIGHT-OF-WAY,UNABLE TO DETERMINE,3600,N,LARAMIE AVE,1634,,,,,,,2,"REPORTED, NOT EVIDENT",1,0,0,0,1,1,0,8,3,9,41.9460441,-87.7570697,POINT (-87.757069703693 41.946044102655)
JC446805,,9/24/2019 8:00,35,NO CONTROLS,NO CONTROLS,CLEAR,DAYLIGHT,SIDESWIPE SAME DIRECTION,DIVIDED - W/MEDIAN BARRIER,,STRAIGHT AND LEVEL,DRY,NO DEFECTS,NOT ON SCENE (DESK REPORT),NO INJURY / DRIVE AWAY,,,,"$501 - $1,500",9/24/2019 16:40,UNABLE TO DETERMINE,NOT APPLICABLE,11200,S,HALSTED ST,2233,,,,,,,2,NO INDICATION OF INJURY,0,0,0,0,0,2,0,8,3,9,41.69044256,-87.64246669,POINT (-87.642466688689 41.690442563309)
JC446156,,9/24/2019 8:00,30,NO CONTROLS,NO CONTROLS,CLEAR,DAYLIGHT,PEDALCYCLIST,ONE-WAY,,STRAIGHT AND LEVEL,DRY,NO DEFECTS,ON SCENE,INJURY AND / OR TOW DUE TO CRASH,Y,,,$500 OR LESS,9/24/2019 8:05,UNABLE TO DETERMINE,UNABLE TO DETERMINE,7632,W,HIGGINS AVE,1612,,,,,,,2,NONINCAPACITATING INJURY,1,0,0,1,0,1,0,8,3,9,41.9838876,-87.8179519,POINT (-87.817951895021 41.983887595716)
JC446142,,9/24/2019 8:00,30,TRAFFIC SIGNAL,FUNCTIONING PROPERLY,CLEAR,DAYLIGHT,REAR END,NOT DIVIDED,,STRAIGHT AND LEVEL,DRY,NO DEFECTS,ON SCENE,NO INJURY / DRIVE AWAY,,,Y,$500 OR LESS,9/24/2019 8:15,"OPERATING VEHICLE IN ERRATIC, RECKLESS, CARELESS, NEGLIGENT OR AGGRESSIVE MANNER",NOT APPLICABLE,1800,S,ASHLAND AVE,1234,,,,,,,2,NO INDICATION OF INJURY,0,0,0,0,0,5,0,8,3,9,41.85774877,-87.66628522,POINT (-87.666285217697 41.857748769318)
JC446136,,9/24/2019 8:00,35,NO CONTROLS,NO CONTROLS,CLEAR,DAYLIGHT,PARKED MOTOR VEHICLE,DIVIDED - W/MEDIAN BARRIER,,STRAIGHT AND LEVEL,DRY,NO DEFECTS,ON SCENE,INJURY AND / OR TOW DUE TO CRASH,,,,"OVER $1,500",9/24/2019 8:03,NOT APPLICABLE,DRIVING SKILLS/KNOWLEDGE/EXPERIENCE,464,N,ASHLAND AVE,1215,,,,,,,4,NO INDICATION OF INJURY,0,0,0,0,0,2,0,8,3,9,41.89070514,-87.6672831,POINT (-87.667283095196 41.890705135116)
JC446131,,9/24/2019 8:00,35,TRAFFIC SIGNAL,FUNCTIONING PROPERLY,CLEAR,DAYLIGHT,PEDALCYCLIST,FOUR WAY,,STRAIGHT AND LEVEL,DRY,NO DEFECTS,ON SCENE,INJURY AND / OR TOW DUE TO CRASH,Y,N,,$500 OR LESS,9/24/2019 8:00,TURNING RIGHT ON RED,NOT APPLICABLE,6300,S,CORNELL DR,331,,,,,,,2,NONINCAPACITATING INJURY,1,0,0,1,0,1,0,8,3,9,41.78055215,-87.5847433,POINT (-87.584743303478 41.780552152579)
JC446171,,9/24/2019 7:59,30,NO CONTROLS,NO CONTROLS,CLEAR,DAYLIGHT,REAR END,DIVIDED - W/MEDIAN (NOT RAISED),,STRAIGHT AND LEVEL,DRY,NO DEFECTS,ON SCENE,NO INJURY / DRIVE AWAY,Y,,,"OVER $1,500",9/24/2019 8:00,FAILING TO REDUCE SPEED TO AVOID CRASH,FOLLOWING TOO CLOSELY,9012,S,ASHLAND AVE,2221,,,,,,,2,NO INDICATION OF INJURY,0,0,0,0,0,4,0,7,3,9,41.72986663,-87.66303717,POINT (-87.663037172042 41.729866624768)
JC446145,,9/24/2019 7:57,30,NO CONTROLS,NO CONTROLS,CLEAR,DAYLIGHT,PARKED MOTOR VEHICLE,DIVIDED - W/MEDIAN BARRIER,,STRAIGHT AND LEVEL,DRY,NO DEFECTS,ON SCENE,INJURY AND / OR TOW DUE TO CRASH,Y,,,"OVER $1,500",9/24/2019 8:00,FAILING TO REDUCE SPEED TO AVOID CRASH,UNABLE TO DETERMINE,9205,S,WESTERN AVE,2221,,,,,,,2,NO INDICATION OF INJURY,0,0,0,0,0,1,0,7,3,9,41.72616754,-87.68208156,POINT (-87.682081559827 41.726167540952)
JC446734,,9/24/2019 7:56,10,NO CONTROLS,NO CONTROLS,CLEAR,DAYLIGHT,PARKED MOTOR VEHICLE,NOT DIVIDED,,STRAIGHT AND LEVEL,DRY,NO DEFECTS,NOT ON SCENE (DESK REPORT),NO INJURY / DRIVE AWAY,,,Y,"OVER $1,500",9/24/2019 16:00,UNABLE TO DETERMINE,NOT APPLICABLE,2408,W,ARTHINGTON ST,1135,,,,,,,2,NO INDICATION OF INJURY,0,0,0,0,0,1,0,7,3,9,41.87035599,-87.68656505,POINT (-87.686565047297 41.870355987825)
JC446137,,9/24/2019 7:56,30,STOP SIGN/FLASHER,FUNCTIONING PROPERLY,CLEAR,DAYLIGHT,ANGLE,DIVIDED - W/MEDIAN (NOT RAISED),,STRAIGHT AND LEVEL,DRY,NO DEFECTS,NOT ON SCENE (DESK REPORT),NO INJURY / DRIVE AWAY,,,,"$501 - $1,500",9/24/2019 8:20,FAILING TO YIELD RIGHT-OF-WAY,DRIVING SKILLS/KNOWLEDGE/EXPERIENCE,2001,S,DAMEN AVE,1234,,,,,,,2,NO INDICATION OF INJURY,0,0,0,0,0,2,0,7,3,9,41.85491132,-87.67577257,POINT (-87.675772565874 41.854911319104)
JC446514,,9/24/2019 7:50,30,UNKNOWN,UNKNOWN,CLEAR,DAYLIGHT,REAR END,NOT DIVIDED,,STRAIGHT AND LEVEL,DRY,UNKNOWN,NOT ON SCENE (DESK REPORT),NO INJURY / DRIVE AWAY,,,,"$501 - $1,500",9/24/2019 13:25,UNABLE TO DETERMINE,UNABLE TO DETERMINE,10001,S,PULASKI RD,2211,,,,,,,2,NO INDICATION OF INJURY,0,0,0,0,0,2,0,7,3,9,41.71125823,-87.72093947,POINT (-87.720939473403 41.711258232205)