RD_NO,CRASH_DATE_EST_I,CRASH_DATE,POSTED_SPEED_LIMIT,TRAFFIC_CONTROL_DEVICE,DEVICE_CONDITION,WEATHER_CONDITION,LIGHTING_CONDITION,FIRST_CRASH_TYPE,TRAFFICWAY_TYPE,LANE_CNT,ALIGNMENT,ROADWAY_SURFACE_COND,ROAD_DEFECT,REPORT_TYPE,CRASH_TYPE,INTERSECTION_RELATED_I,NOT_RIGHT_OF_WAY_I,HIT_AND_RUN_I,DAMAGE,DATE_POLICE_NOTIFIED,PRIM_CONTRIBUTORY_CAUSE,SEC_CONTRIBUTORY_CAUSE,STREET_NO,STREET_DIRECTION,STREET_NAME,BEAT_OF_OCCURRENCE,PHOTOS_TAKEN_I,STATEMENTS_TAKEN_I,DOORING_I,WORK_ZONE_I,WORK_ZONE_TYPE,WORKERS_PRESENT_I,NUM_UNITS,MOST_SEVERE_INJURY,INJURIES_TOTAL,INJURIES_FATAL,INJURIES_INCAPACITATING,INJURIES_NON_INCAPACITATING,INJURIES_REPORTED_NOT_EVIDENT,INJURIES_NO_INDICATION,INJURIES_UNKNOWN,CRASH_HOUR,CRASH_DAY_OF_WEEK,CRASH_MONTH,LATITUDE,LONGITUDE,LOCATION
JC446135,,9/24/2019 7:50,30,NO CONTROLS,NO CONTROLS,CLEAR,DAYLIGHT,TURNING,DIVIDED - W/MEDIAN (NOT RAISED),,STRAIGHT AND LEVEL,DRY,NO DEFECTS,ON SCENE,INJURY AND / OR TOW DUE TO CRASH,Y,,Y,"OVER $1,500",9/24/2019 8:10,FAILING TO YIELD RIGHT-OF-WAY,FAILING TO YIELD RIGHT-OF-WAY,3628,N,PULASKI RD,1732,,,,,,,2,"REPORTED, NOT EVIDENT",1,0,0,0,1,2,0,7,3,9,41.94723245,-87.7275728,POINT (-87.727572803815 41.947232452686)
JC446172,,9/24/2019 7:45,35,TRAFFIC SIGNAL,FUNCTIONING PROPERLY,CLEAR,DAYLIGHT,SIDESWIPE SAME DIRECTION,NOT DIVIDED,,STRAIGHT AND LEVEL,DRY,NO DEFECTS,NOT ON SCENE (DESK REPORT),NO INJURY / DRIVE AWAY,,,,"OVER $1,500",9/24/2019 8:55,UNABLE TO DETERMINE,UNABLE TO DETERMINE,4658,S,PULASKI RD,815,,,,,,,2,NO INDICATION OF INJURY,0,0,0,0,0,2,0,7,3,9,41.80797194,-87.7237362,POINT (-87.723736201377 41.80797194105)
JC446797,,9/24/2019 7:40,30,NO CONTROLS,NO CONTROLS,CLEAR,DAYLIGHT,TURNING,ONE-WAY,,STRAIGHT AND LEVEL,DRY,NO DEFECTS,NOT ON SCENE (DESK REPORT),NO INJURY / DRIVE AWAY,,,,"OVER $1,500",9/24/2019 16:45,UNABLE TO DETERMINE,NOT APPLICABLE,3532,N,MEADE AVE,1633,,,,,,,2,NO INDICATION OF INJURY,0,0,0,0,0,2,0,7,3,9,41.94493311,-87.77904995,POINT (-87.779049951265 41.944933106316)
JC446118,,9/24/2019 7:40,25,STOP SIGN/FLASHER,FUNCTIONING PROPERLY,CLEAR,DAYLIGHT,SIDESWIPE SAME DIRECTION,NOT DIVIDED,,STRAIGHT AND LEVEL,DRY,NO DEFECTS,ON SCENE,NO INJURY / DRIVE AWAY,Y,,,"OVER $1,500",9/24/2019 8:00,"VISION OBSCURED (SIGNS, TREE LIMBS, BUILDINGS, ETC.)","VISION OBSCURED (SIGNS, TREE LIMBS, BUILDINGS, ETC.)",1101,W,GRANVILLE AVE,2433,,,,,,,2,NO INDICATION OF INJURY,0,0,0,0,0,2,0,7,3,9,41.99446571,-87.65839281,POINT (-87.658392813211 41.994465707949)
JC446110,,9/24/2019 7:38,30,NO CONTROLS,NO CONTROLS,CLEAR,DAYLIGHT,REAR TO FRONT,DIVIDED - W/MEDIAN BARRIER,,STRAIGHT AND LEVEL,DRY,NO DEFECTS,ON SCENE,NO INJURY / DRIVE AWAY,,,,$500 OR LESS,9/24/2019 7:39,IMPROPER BACKING,CELL PHONE USE OTHER THAN TEXTING,2501,W,25TH ST,1034,,,,,,,2,NO INDICATION OF INJURY,0,0,0,0,0,3,0,7,3,9,41.84644422,-87.68780778,POINT (-87.687807780228 41.846444224322)
JC447743,,9/24/2019 7:37,30,TRAFFIC SIGNAL,FUNCTIONING PROPERLY,CLEAR,DAYLIGHT,REAR END,NOT DIVIDED,,STRAIGHT AND LEVEL,DRY,NO DEFECTS,NOT ON SCENE (DESK REPORT),NO INJURY / DRIVE AWAY,,,,"$501 - $1,500",9/27/2019 8:10,NOT APPLICABLE,NOT APPLICABLE,7858,S,WESTERN AVE,835,,,,,,,2,NO INDICATION OF INJURY,0,0,0,0,0,3,0,7,3,9,41.75019173,-87.68299672,POINT (-87.682996721559 41.750191727925)
JC446111,,9/24/2019 7:35,35,NO CONTROLS,NO CONTROLS,CLEAR,DAYLIGHT,SIDESWIPE SAME DIRECTION,DIVIDED - W/MEDIAN (NOT RAISED),,STRAIGHT AND LEVEL,DRY,NO DEFECTS,ON SCENE,NO INJURY / DRIVE AWAY,,,,"OVER $1,500",9/24/2019 7:44,UNABLE TO DETERMINE,UNABLE TO DETERMINE,6801,S,SOUTH SHORE DR,334,,,,,,,2,NO INDICATION OF INJURY,0,0,0,0,0,2,0,7,3,9,41.77164522,-87.56644915,POINT (-87.566449150348 41.771645222612)
JC446898,,9/24/2019 7:30,30,TRAFFIC SIGNAL,FUNCTIONING PROPERLY,CLEAR,DAYLIGHT,REAR END,DIVIDED - W/MEDIAN (NOT RAISED),,STRAIGHT AND LEVEL,DRY,NO DEFECTS,NOT ON SCENE (DESK REPORT),NO INJURY / DRIVE AWAY,,,,"$501 - $1,500",9/24/2019 17:25,UNABLE TO DETERMINE,NOT APPLICABLE,4900,S,ARCHER AVE,821,,,,,,,2,NO INDICATION OF INJURY,0,0,0,0,0,2,0,7,3,9,41.80425528,-87.72050292,POINT (-87.720502922447 41.804255281198)
JC446293,,9/24/2019 7:30,35,NO CONTROLS,NO CONTROLS,CLEAR,DAYLIGHT,TURNING,NOT DIVIDED,,STRAIGHT AND LEVEL,DRY,NO DEFECTS,NOT ON SCENE (DESK REPORT),NO INJURY / DRIVE AWAY,,,,"$501 - $1,500",9/24/2019 10:35,UNABLE TO DETERMINE,UNABLE TO DETERMINE,1400,W,ADDISON ST,1922,,,,,,,2,NO INDICATION OF INJURY,0,0,0,0,0,2,0,7,3,9,41.94717663,-87.66407941,POINT (-87.664079406565 41.947176629106)
JC446124,,9/24/2019 7:30,30,TRAFFIC SIGNAL,FUNCTIONING PROPERLY,CLEAR,DAYLIGHT,TURNING,NOT DIVIDED,,STRAIGHT AND LEVEL,DRY,NO DEFECTS,NOT ON SCENE (DESK REPORT),NO INJURY / DRIVE AWAY,,,,"$501 - $1,500",9/24/2019 8:25,IMPROPER LANE USAGE,IMPROPER LANE USAGE,2022,S,HALSTED ST,1235,,,,,,,2,NO INDICATION OF INJURY,0,0,0,0,0,2,0,7,3,9,41.85475779,-87.64670118,POINT (-87.646701175506 41.854757788062)
JC446098,,9/24/2019 7:30,30,TRAFFIC SIGNAL,FUNCTIONING PROPERLY,CLEAR,DAYLIGHT,REAR END,NOT DIVIDED,,STRAIGHT AND LEVEL,DRY,NO DEFECTS,ON SCENE,NO INJURY / DRIVE AWAY,,,Y,"OVER $1,500",9/24/2019 7:33,UNABLE TO DETERMINE,UNABLE TO DETERMINE,9000,S,STONY ISLAND AVE,413,,,,,,,2,NO INDICATION OF INJURY,0,0,0,0,0,3,0,7,3,9,41.73135421,-87.58567513,POINT (-87.585675126771 41.731354209915)
JC448365,,9/24/2019 7:25,20,NO CONTROLS,NO CONTROLS,CLEAR,DAYLIGHT,REAR END,ONE-WAY,,STRAIGHT AND LEVEL,DRY,NO DEFECTS,NOT ON SCENE (DESK REPORT),NO INJURY / DRIVE AWAY,,,,"$501 - $1,500",9/25/2019 18:50,FOLLOWING TOO CLOSELY,FOLLOWING TOO CLOSELY,3032,W,44TH ST,922,,,,,,,2,NO INDICATION OF INJURY,0,0,0,0,0,4,0,7,3,9,41.8137414,-87.70063714,POINT (-87.700637143315 41.813741399005)
JC446130,,9/24/2019 7:25,20,NO CONTROLS,NO CONTROLS,CLEAR,DAYLIGHT,PARKED MOTOR VEHICLE,ONE-WAY,,STRAIGHT AND LEVEL,DRY,NO DEFECTS,NOT ON SCENE (DESK REPORT),NO INJURY / DRIVE AWAY,,,,"OVER $1,500",9/24/2019 8:20,UNABLE TO DETERMINE,NOT APPLICABLE,6847,S,CREGIER AVE,332,Y,,,,,,2,NO INDICATION OF INJURY,0,0,0,0,0,1,0,7,3,9,41.77018358,-87.58118376,POINT (-87.581183762924 41.770183581216)
JC446143,,9/24/2019 7:20,30,NO CONTROLS,NO CONTROLS,CLEAR,DAYLIGHT,REAR END,NOT DIVIDED,,STRAIGHT AND LEVEL,DRY,NO DEFECTS,NOT ON SCENE (DESK REPORT),INJURY AND / OR TOW DUE TO CRASH,,,,"OVER $1,500",9/24/2019 8:15,CELL PHONE USE OTHER THAN TEXTING,FOLLOWING TOO CLOSELY,6901,S,SOUTH SHORE DR,334,,,,,,,2,"REPORTED, NOT EVIDENT",1,0,0,0,1,1,0,7,3,9,41.76981688,-87.5663992,POINT (-87.56639919905 41.769816877288)
JC446105,,9/24/2019 7:20,30,TRAFFIC SIGNAL,FUNCTIONING PROPERLY,CLEAR,DAYLIGHT,REAR END,NOT DIVIDED,,STRAIGHT AND LEVEL,DRY,NO DEFECTS,NOT ON SCENE (DESK REPORT),NO INJURY / DRIVE AWAY,Y,,,"$501 - $1,500",9/24/2019 7:50,FOLLOWING TOO CLOSELY,UNABLE TO DETERMINE,3800,W,WASHINGTON BLVD,1122,,,,,,,2,NO INDICATION OF INJURY,0,0,0,0,0,2,0,7,3,9,41.8820071,-87.72094275,POINT (-87.720942746585 41.882007101597)
JC446095,,9/24/2019 7:12,30,TRAFFIC SIGNAL,FUNCTIONING PROPERLY,CLEAR,DAYLIGHT,TURNING,NOT DIVIDED,,STRAIGHT AND LEVEL,DRY,NO DEFECTS,ON SCENE,INJURY AND / OR TOW DUE TO CRASH,Y,,,"OVER $1,500",9/24/2019 7:20,IMPROPER TURNING/NO SIGNAL,NOT APPLICABLE,5675,N,RIDGE AVE,2013,,,,,,,2,NO INDICATION OF INJURY,0,0,0,0,0,2,0,7,3,9,41.98519793,-87.66240496,POINT (-87.662404961255 41.985197930169)
JC446148,,9/24/2019 7:05,30,NO CONTROLS,NO CONTROLS,CLEAR,DAYLIGHT,PARKED MOTOR VEHICLE,NOT DIVIDED,,STRAIGHT AND LEVEL,DRY,NO DEFECTS,NOT ON SCENE (DESK REPORT),NO INJURY / DRIVE AWAY,,,Y,"OVER $1,500",9/24/2019 8:20,UNABLE TO DETERMINE,UNABLE TO DETERMINE,520,S,WESTERN AVE,1135,,,,,,,2,NO INDICATION OF INJURY,0,0,0,0,0,1,0,7,3,9,41.87431581,-87.68638937,POINT (-87.686389371608 41.874315813613)
JC446997,,9/24/2019 7:00,30,NO CONTROLS,NO CONTROLS,CLEAR,DAYLIGHT,PARKED MOTOR VEHICLE,ONE-WAY,,STRAIGHT AND LEVEL,DRY,NO DEFECTS,NOT ON SCENE (DESK REPORT),NO INJURY / DRIVE AWAY,,,Y,"$501 - $1,500",9/24/2019 18:47,UNABLE TO DETERMINE,UNABLE TO DETERMINE,4110,S,MONTGOMERY AVE,921,,,,,,,2,NO INDICATION OF INJURY,0,0,0,0,0,1,0,7,3,9,41.81892562,-87.69178422,POINT (-87.691784219639 41.818925619089)
JC446773,,9/24/2019 7:00,30,NO CONTROLS,NO CONTROLS,CLEAR,DAYLIGHT,PARKED MOTOR VEHICLE,NOT DIVIDED,,STRAIGHT AND LEVEL,DRY,NO DEFECTS,NOT ON SCENE (DESK REPORT),NO INJURY / DRIVE AWAY,,,Y,"OVER $1,500",9/24/2019 16:25,UNABLE TO DETERMINE,UNABLE TO DETERMINE,2803,W,HOLLYWOOD AVE,2011,,,,,,,2,NO INDICATION OF INJURY,0,0,0,0,0,1,0,7,3,9,41.98482881,-87.69935566,POINT (-87.699355657747 41.984828814234)
JC446321,,9/24/2019 7:00,25,STOP SIGN/FLASHER,FUNCTIONING PROPERLY,CLEAR,DAYLIGHT,ANGLE,FOUR WAY,,STRAIGHT AND LEVEL,DRY,NO DEFECTS,NOT ON SCENE (DESK REPORT),NO INJURY / DRIVE AWAY,Y,,,"OVER $1,500",9/24/2019 10:50,DISREGARDING STOP SIGN,UNABLE TO DETERMINE,2455,N,GREENVIEW AVE,1932,,,,,,,2,NO INDICATION OF INJURY,0,0,0,0,0,2,0,7,3,9,41.92683853,-87.66564573,POINT (-87.665645724666 41.926838531266)
JC446094,,9/24/2019 7:00,30,NO CONTROLS,NO CONTROLS,CLEAR,DAYLIGHT,SIDESWIPE SAME DIRECTION,ONE-WAY,,STRAIGHT AND LEVEL,DRY,NO DEFECTS,NOT ON SCENE (DESK REPORT),NO INJURY / DRIVE AWAY,,,,"OVER $1,500",9/24/2019 7:30,DRIVING SKILLS/KNOWLEDGE/EXPERIENCE,UNABLE TO DETERMINE,3914,W,66TH PL,833,,,,,,,2,NO INDICATION OF INJURY,0,0,0,0,0,3,0,7,3,9,41.77242225,-87.72080416,POINT (-87.72080416394 41.77242224985)
JC446088,,9/24/2019 6:57,35,OTHER REG. SIGN,FUNCTIONING PROPERLY,CLEAR,DAYLIGHT,REAR END,DIVIDED - W/MEDIAN (NOT RAISED),,STRAIGHT AND LEVEL,DRY,NO DEFECTS,ON SCENE,NO INJURY / DRIVE AWAY,,,Y,$500 OR LESS,9/24/2019 7:10,FOLLOWING TOO CLOSELY,UNABLE TO DETERMINE,1310,N,CICERO AVE,2533,,,,,,,2,NO INDICATION OF INJURY,0,0,0,0,0,4,0,6,3,9,41.90455633,-87.74616249,POINT (-87.746162492752 41.904556328104)
JC446085,,9/24/2019 6:55,30,NO CONTROLS,NO CONTROLS,CLEAR,DAYLIGHT,REAR END,NOT DIVIDED,,STRAIGHT AND LEVEL,DRY,NO DEFECTS,NOT ON SCENE (DESK REPORT),NO INJURY / DRIVE AWAY,,,,"OVER $1,500",9/24/2019 7:15,FOLLOWING TOO CLOSELY,UNABLE TO DETERMINE,5775,W,LAWRENCE AVE,1622,,,,,,,2,NO INDICATION OF INJURY,0,0,0,0,0,2,0,6,3,9,41.96761043,-87.77225405,POINT (-87.772254050128 41.967610433997)
JC446081,,9/24/2019 6:55,30,NO CONTROLS,NO CONTROLS,CLEAR,DAYLIGHT,FIXED OBJECT,DIVIDED - W/MEDIAN BARRIER,,STRAIGHT AND LEVEL,DRY,NO DEFECTS,ON SCENE,NO INJURY / DRIVE AWAY,,,,"OVER $1,500",9/24/2019 6:59,UNABLE TO DETERMINE,DRIVING SKILLS/KNOWLEDGE/EXPERIENCE,4141,N,CUMBERLAND AVE,1614,,,,,,,1,NO INDICATION OF INJURY,0,0,0,0,0,1,0,6,3,9,41.95507832,-87.83654239,POINT (-87.836542388596 41.955078321451)
JC446079,,9/24/2019 6:51,30,TRAFFIC SIGNAL,FUNCTIONING PROPERLY,CLEAR,DAYLIGHT,ANGLE,FOUR WAY,,STRAIGHT AND LEVEL,DRY,NO DEFECTS,ON SCENE,INJURY AND / OR TOW DUE TO CRASH,Y,,,"OVER $1,500",9/24/2019 6:51,DISREGARDING OTHER TRAFFIC SIGNS,NOT APPLICABLE,7600,S,ASHLAND AVE,611,N,N,,,,,2,NONINCAPACITATING INJURY,2,0,0,2,0,1,0,6,3,9,41.75571944,-87.66371778,POINT (-87.663717784195 41.755719440847)
JC446862,,9/24/2019 6:45,30,NO CONTROLS,NO CONTROLS,CLEAR,DAYLIGHT,SIDESWIPE SAME DIRECTION,NOT DIVIDED,,STRAIGHT AND LEVEL,DRY,NO DEFECTS,NOT ON SCENE (DESK REPORT),NO INJURY / DRIVE AWAY,,,,"OVER $1,500",9/24/2019 17:00,IMPROPER OVERTAKING/PASSING,UNABLE TO DETERMINE,7028,N,HARLEM AVE,1611,,,,,,,2,NO INDICATION OF INJURY,0,0,0,0,0,2,0,6,3,9,42.0089586,-87.8068169,POINT (-87.80681690318 42.008958602802)
JC446125,,9/24/2019 6:44,40,NO CONTROLS,NO CONTROLS,CLEAR,DAYLIGHT,OTHER OBJECT,DIVIDED - W/MEDIAN BARRIER,,STRAIGHT ON GRADE,DRY,NO DEFECTS,ON SCENE,INJURY AND / OR TOW DUE TO CRASH,,,Y,"OVER $1,500",9/24/2019 6:44,UNABLE TO DETERMINE,NOT APPLICABLE,150,S,LAKE SHORE DR SB,114,,,,,,,1,NO INDICATION OF INJURY,0,0,0,0,0,1,0,6,3,9,41.87971074,-87.61760985,POINT (-87.617609852511 41.87971073635)
JC446074,,9/24/2019 6:40,30,NO CONTROLS,NO CONTROLS,CLEAR,DAYLIGHT,FIXED OBJECT,ALLEY,,STRAIGHT AND LEVEL,DRY,NO DEFECTS,ON SCENE,NO INJURY / DRIVE AWAY,,,,"OVER $1,500",9/24/2019 6:42,UNABLE TO DETERMINE,NOT APPLICABLE,2048,W,70TH ST,735,,,,,,,1,NO INDICATION OF INJURY,0,0,0,0,0,2,0,6,3,9,41.76671242,-87.67551728,POINT (-87.675517281451 41.766712419712)
JC446068,,9/24/2019 6:40,30,NO CONTROLS,NO CONTROLS,CLEAR,DAYLIGHT,REAR END,NOT DIVIDED,,STRAIGHT ON GRADE,DRY,NO DEFECTS,ON SCENE,NO INJURY / DRIVE AWAY,,,Y,"OVER $1,500",9/24/2019 6:45,UNABLE TO DETERMINE,UNABLE TO DETERMINE,7157,W,GRAND AVE,2512,,,,,,,2,NO INDICATION OF INJURY,0,0,0,0,0,2,0,6,3,9,41.92367418,-87.80482572,POINT (-87.804825718694 41.923674183488)
JC446276,,9/24/2019 6:25,20,STOP SIGN/FLASHER,FUNCTIONING PROPERLY,CLEAR,DAYLIGHT,REAR TO FRONT,DIVIDED - W/MEDIAN (NOT RAISED),,STRAIGHT AND LEVEL,DRY,NO DEFECTS,NOT ON SCENE (DESK REPORT),NO INJURY / DRIVE AWAY,,,,"$501 - $1,500",9/24/2019 10:00,UNABLE TO DETERMINE,NOT APPLICABLE,928,W,BLISS ST,1822,,,,,,,2,NO INDICATION OF INJURY,0,0,0,0,0,2,0,6,3,9,41.90134774,-87.65206448,POINT (-87.652064483256 41.901347743391)
JC446064,,9/24/2019 6:19,25,STOP SIGN/FLASHER,FUNCTIONING IMPROPERLY,CLEAR,DAYLIGHT,ANGLE,OTHER,,STRAIGHT AND LEVEL,DRY,NO DEFECTS,ON SCENE,NO INJURY / DRIVE AWAY,N,,Y,"OVER $1,500",9/24/2019 6:20,FAILING TO YIELD RIGHT-OF-WAY,UNABLE TO DETERMINE,1532,W,92ND ST,2221,,,,,,,2,NO INDICATION OF INJURY,0,0,0,0,0,5,0,6,3,9,41.72680828,-87.66173639,POINT (-87.661736389476 41.726808282869)
JC446051,,9/24/2019 6:10,30,NO CONTROLS,NO CONTROLS,CLEAR,DAWN,REAR END,NOT DIVIDED,,STRAIGHT AND LEVEL,DRY,NO DEFECTS,ON SCENE,NO INJURY / DRIVE AWAY,,,,"OVER $1,500",9/24/2019 6:13,UNABLE TO DETERMINE,NOT APPLICABLE,5950,W,HIGGINS AVE,1622,,,,,,,2,NO INDICATION OF INJURY,0,0,0,0,0,2,0,6,3,9,41.97312095,-87.77761126,POINT (-87.777611259693 41.973120951967)
JC447159,Y,9/24/2019 6:00,30,UNKNOWN,UNKNOWN,CLEAR,UNKNOWN,PARKED MOTOR VEHICLE,ONE-WAY,,STRAIGHT AND LEVEL,UNKNOWN,NO DEFECTS,ON SCENE,NO INJURY / DRIVE AWAY,,,Y,"OVER $1,500",9/24/2019 20:37,UNABLE TO DETERMINE,UNABLE TO DETERMINE,6139,S,CAMPBELL AVE,825,,Y,,,,,2,NO INDICATION OF INJURY,0,0,0,0,0,1,0,6,3,9,41.78171035,-87.68600931,POINT (-87.686009306597 41.781710353059)
JC446325,,9/24/2019 6:00,15,NO CONTROLS,NO CONTROLS,CLEAR,DAYLIGHT,PARKED MOTOR VEHICLE,PARKING LOT,,STRAIGHT AND LEVEL,DRY,NO DEFECTS,NOT ON SCENE (DESK REPORT),NO INJURY / DRIVE AWAY,,Y,,"OVER $1,500",9/24/2019 11:00,FAILING TO REDUCE SPEED TO AVOID CRASH,NOT APPLICABLE,66,W,OAK ST,1824,,,,,,,2,NO INDICATION OF INJURY,0,0,0,0,0,1,0,6,3,9,41.90067029,-87.6308417,POINT (-87.630841695886 41.900670285306)
JC446058,,9/24/2019 6:00,30,STOP SIGN/FLASHER,FUNCTIONING PROPERLY,CLEAR,DARKNESS,ANGLE,NOT DIVIDED,,STRAIGHT AND LEVEL,DRY,NO DEFECTS,ON SCENE,INJURY AND / OR TOW DUE TO CRASH,Y,,,"OVER $1,500",9/24/2019 6:05,DISREGARDING STOP SIGN,UNABLE TO DETERMINE,4000,W,30TH ST,1031,,,,,,,2,NO INDICATION OF INJURY,0,0,0,0,0,2,0,6,3,9,41.83883171,-87.72446368,POINT (-87.724463682386 41.838831713034)
JC446043,,9/24/2019 5:41,30,FLASHING CONTROL SIGNAL,FUNCTIONING PROPERLY,CLEAR,"DARKNESS, LIGHTED ROAD",TURNING,FOUR WAY,,STRAIGHT ON GRADE,DRY,UNKNOWN,ON SCENE,INJURY AND / OR TOW DUE TO CRASH,Y,,,"OVER $1,500",9/24/2019 5:43,DISREGARDING TRAFFIC SIGNALS,NOT APPLICABLE,3400,W,HARRISON ST,1133,,,,,,,2,"REPORTED, NOT EVIDENT",1,0,0,0,1,1,0,5,3,9,41.87373673,-87.710906,POINT (-87.710906003482 41.873736730932)
JC446033,,9/24/2019 5:10,35,NO CONTROLS,NO CONTROLS,CLEAR,"DARKNESS, LIGHTED ROAD",TURNING,T-INTERSECTION,,STRAIGHT AND LEVEL,DRY,NO DEFECTS,ON SCENE,INJURY AND / OR TOW DUE TO CRASH,Y,,,"OVER $1,500",9/24/2019 5:20,DRIVING ON WRONG SIDE/WRONG WAY,IMPROPER TURNING/NO SIGNAL,2435,E,93RD ST,423,,,,,,,2,NO INDICATION OF INJURY,0,0,0,0,0,2,0,5,3,9,41.7261469,-87.56433796,POINT (-87.564337959466 41.726146902236)
JC446025,,9/24/2019 5:05,30,NO CONTROLS,NO CONTROLS,CLEAR,"DARKNESS, LIGHTED ROAD",PARKED MOTOR VEHICLE,ONE-WAY,,STRAIGHT AND LEVEL,DRY,NO DEFECTS,ON SCENE,INJURY AND / OR TOW DUE TO CRASH,,,,"OVER $1,500",9/24/2019 5:08,EQUIPMENT - VEHICLE CONDITION,NOT APPLICABLE,3254,W,SUNNYSIDE AVE,1724,,,,,,,2,NO INDICATION OF INJURY,0,0,0,0,0,1,0,5,3,9,41.96309759,-87.71052278,POINT (-87.710522775702 41.963097592502)
JC446093,Y,9/24/2019 5:00,30,OTHER,FUNCTIONING PROPERLY,CLEAR,"DARKNESS, LIGHTED ROAD",PARKED MOTOR VEHICLE,ONE-WAY,,STRAIGHT AND LEVEL,DRY,NO DEFECTS,ON SCENE,INJURY AND / OR TOW DUE TO CRASH,,,Y,"OVER $1,500",9/24/2019 7:13,DRIVING ON WRONG SIDE/WRONG WAY,"OPERATING VEHICLE IN ERRATIC, RECKLESS, CARELESS, NEGLIGENT OR AGGRESSIVE MANNER",10948,S,WABASH AVE,513,,,,,,,2,NO INDICATION OF INJURY,0,0,0,0,0,1,0,5,3,9,41.69478382,-87.62212738,POINT (-87.622127382428 41.694783824335)
JC447889,,9/24/2019 4:30,25,NO CONTROLS,NO CONTROLS,CLEAR,DAWN,PARKED MOTOR VEHICLE,NOT DIVIDED,,STRAIGHT AND LEVEL,DRY,NO DEFECTS,NOT ON SCENE (DESK REPORT),NO INJURY / DRIVE AWAY,,,,"OVER $1,500",9/25/2019 13:30,UNABLE TO DETERMINE,UNABLE TO DETERMINE,5001,W,DIVISION ST,1531,,,,,,,2,NO INDICATION OF INJURY,0,0,0,0,0,1,0,4,3,9,41.90219097,-87.75093176,POINT (-87.750931759327 41.902190967528)
JC446082,,9/24/2019 4:16,30,NO CONTROLS,UNKNOWN,CLEAR,"DARKNESS, LIGHTED ROAD",FIXED OBJECT,NOT DIVIDED,,STRAIGHT AND LEVEL,DRY,NO DEFECTS,ON SCENE,INJURY AND / OR TOW DUE TO CRASH,N,,N,"OVER $1,500",9/24/2019 4:17,PHYSICAL CONDITION OF DRIVER,NOT APPLICABLE,301,S,HALSTED ST,1232,,,,,,,1,NO INDICATION OF INJURY,0,0,0,0,0,1,0,4,3,9,41.87791646,-87.64709454,POINT (-87.647094542612 41.8779164604)
JC446020,,9/24/2019 4:16,30,TRAFFIC SIGNAL,UNKNOWN,CLEAR,"DARKNESS, LIGHTED ROAD",PARKED MOTOR VEHICLE,FOUR WAY,,STRAIGHT AND LEVEL,DRY,NO DEFECTS,ON SCENE,INJURY AND / OR TOW DUE TO CRASH,,,,"OVER $1,500",9/24/2019 4:17,EQUIPMENT - VEHICLE CONDITION,DRIVING ON WRONG SIDE/WRONG WAY,775,W,ADAMS ST,1232,,,,,,,2,NO INDICATION OF INJURY,0,0,0,0,0,1,0,4,3,9,41.87911165,-87.64699614,POINT (-87.646996136663 41.879111648539)
JC446999,,9/24/2019 4:00,10,NO CONTROLS,NO CONTROLS,CLEAR,DAWN,PARKED MOTOR VEHICLE,PARKING LOT,,STRAIGHT AND LEVEL,DRY,NO DEFECTS,NOT ON SCENE (DESK REPORT),NO INJURY / DRIVE AWAY,,,,"OVER $1,500",9/24/2019 18:45,IMPROPER BACKING,UNABLE TO DETERMINE,8628,S,COTTAGE GROVE AVE,632,,,,,,,2,NO INDICATION OF INJURY,0,0,0,0,0,1,0,4,3,9,41.7375814,-87.60499623,POINT (-87.604996230941 41.737581395989)
JC446302,Y,9/24/2019 4:00,15,NO CONTROLS,NO CONTROLS,CLEAR,DUSK,PARKED MOTOR VEHICLE,ONE-WAY,,STRAIGHT AND LEVEL,DRY,UNKNOWN,NOT ON SCENE (DESK REPORT),NO INJURY / DRIVE AWAY,,,,"OVER $1,500",9/24/2019 10:48,UNABLE TO DETERMINE,UNABLE TO DETERMINE,1626,E,78TH ST,414,,,,,,,2,NO INDICATION OF INJURY,0,0,0,0,0,1,0,4,3,9,41.7534293,-87.58449938,POINT (-87.584499376411 41.753429298488)
JC446026,,9/24/2019 3:45,20,NO CONTROLS,NO CONTROLS,CLEAR,DUSK,PARKED MOTOR VEHICLE,PARKING LOT,,STRAIGHT AND LEVEL,DRY,NO DEFECTS,NOT ON SCENE (DESK REPORT),NO INJURY / DRIVE AWAY,,,,"OVER $1,500",9/24/2019 5:10,IMPROPER BACKING,NOT APPLICABLE,8628,S,COTTAGE GROVE AVE,632,Y,,,,,,2,NO INDICATION OF INJURY,0,0,0,0,0,1,0,3,3,9,41.7375814,-87.60499623,POINT (-87.604996230941 41.737581395989)
JC446000,,9/24/2019 2:40,20,STOP SIGN/FLASHER,FUNCTIONING PROPERLY,CLEAR,"DARKNESS, LIGHTED ROAD",PARKED MOTOR VEHICLE,ONE-WAY,,STRAIGHT AND LEVEL,DRY,NO DEFECTS,ON SCENE,INJURY AND / OR TOW DUE TO CRASH,,,,"OVER $1,500",9/24/2019 2:58,DISTRACTION - FROM OUTSIDE VEHICLE,UNABLE TO DETERMINE,4703,W,CONGRESS PKWY,1131,,,,,,,5,NO INDICATION OF INJURY,0,0,0,0,0,1,0,2,3,9,41.87402853,-87.7427959,POINT (-87.742795896581 41.874028533481)