RD_NO,CRASH_DATE_EST_I,CRASH_DATE,POSTED_SPEED_LIMIT,TRAFFIC_CONTROL_DEVICE,DEVICE_CONDITION,WEATHER_CONDITION,LIGHTING_CONDITION,FIRST_CRASH_TYPE,TRAFFICWAY_TYPE,LANE_CNT,ALIGNMENT,ROADWAY_SURFACE_COND,ROAD_DEFECT,REPORT_TYPE,CRASH_TYPE,INTERSECTION_RELATED_I,NOT_RIGHT_OF_WAY_I,HIT_AND_RUN_I,DAMAGE,DATE_POLICE_NOTIFIED,PRIM_CONTRIBUTORY_CAUSE,SEC_CONTRIBUTORY_CAUSE,STREET_NO,STREET_DIRECTION,STREET_NAME,BEAT_OF_OCCURRENCE,PHOTOS_TAKEN_I,STATEMENTS_TAKEN_I,DOORING_I,WORK_ZONE_I,WORK_ZONE_TYPE,WORKERS_PRESENT_I,NUM_UNITS,MOST_SEVERE_INJURY,INJURIES_TOTAL,INJURIES_FATAL,INJURIES_INCAPACITATING,INJURIES_NON_INCAPACITATING,INJURIES_REPORTED_NOT_EVIDENT,INJURIES_NO_INDICATION,INJURIES_UNKNOWN,CRASH_HOUR,CRASH_DAY_OF_WEEK,CRASH_MONTH,LATITUDE,LONGITUDE,LOCATION
JC445995,,9/24/2019 2:25,30,NO CONTROLS,NO CONTROLS,CLEAR,"DARKNESS, LIGHTED ROAD",TURNING,DIVIDED - W/MEDIAN (NOT RAISED),,STRAIGHT AND LEVEL,DRY,NO DEFECTS,ON SCENE,NO INJURY / DRIVE AWAY,,,,"OVER $1,500",9/24/2019 2:26,FAILING TO REDUCE SPEED TO AVOID CRASH,NOT APPLICABLE,1535,W,47TH ST,933,,,,,,,2,NO INDICATION OF INJURY,0,0,0,0,0,3,0,2,3,9,41.8085091,-87.66387726,POINT (-87.663877258152 41.808509095236)
JC452886,Y,9/24/2019 2:00,30,NO CONTROLS,NO CONTROLS,UNKNOWN,DAYLIGHT,PARKED MOTOR VEHICLE,ONE-WAY,,STRAIGHT AND LEVEL,UNKNOWN,NO DEFECTS,NOT ON SCENE (DESK REPORT),NO INJURY / DRIVE AWAY,,,Y,"OVER $1,500",9/29/2019 11:45,IMPROPER LANE USAGE,UNABLE TO DETERMINE,4920,N,TALMAN AVE,2031,,,,,,,2,NO INDICATION OF INJURY,0,0,0,0,0,1,0,2,3,9,41.97138967,-87.69526377,POINT (-87.695263771148 41.971389671281)
JC445973,,9/24/2019 1:55,30,TRAFFIC SIGNAL,FUNCTIONING PROPERLY,CLEAR,"DARKNESS, LIGHTED ROAD",FIXED OBJECT,FOUR WAY,,STRAIGHT AND LEVEL,DRY,NO DEFECTS,ON SCENE,INJURY AND / OR TOW DUE TO CRASH,Y,,,"OVER $1,500",9/24/2019 1:55,UNABLE TO DETERMINE,FAILING TO REDUCE SPEED TO AVOID CRASH,4002,W,LAKE ST,1114,,,,,,,1,NONINCAPACITATING INJURY,2,0,0,2,0,0,0,1,3,9,41.88558269,-87.72599838,POINT (-87.725998379042 41.885582689737)
JC445986,,9/24/2019 1:47,30,NO CONTROLS,NO CONTROLS,CLEAR,"DARKNESS, LIGHTED ROAD",PARKED MOTOR VEHICLE,NOT DIVIDED,,STRAIGHT AND LEVEL,DRY,NO DEFECTS,ON SCENE,INJURY AND / OR TOW DUE TO CRASH,,,,"OVER $1,500",9/24/2019 1:49,PHYSICAL CONDITION OF DRIVER,PHYSICAL CONDITION OF DRIVER,2037,N,HARLEM AVE,2512,,,,,,,3,NO INDICATION OF INJURY,0,0,0,0,0,1,0,1,3,9,41.91730796,-87.80589573,POINT (-87.805895728783 41.917307959437)
JC445957,,9/24/2019 1:15,30,NO CONTROLS,UNKNOWN,CLEAR,"DARKNESS, LIGHTED ROAD",PARKED MOTOR VEHICLE,ONE-WAY,,STRAIGHT AND LEVEL,DRY,NO DEFECTS,ON SCENE,NO INJURY / DRIVE AWAY,,,,"$501 - $1,500",9/24/2019 1:16,NOT APPLICABLE,NOT APPLICABLE,4756,W,MC LEAN AVE,2522,,,,,,,2,NO INDICATION OF INJURY,0,0,0,0,0,1,0,1,3,9,41.91795533,-87.74595274,POINT (-87.74595273649 41.917955330229)
JC445975,,9/24/2019 1:09,25,NO CONTROLS,NO CONTROLS,CLEAR,"DARKNESS, LIGHTED ROAD",PARKED MOTOR VEHICLE,NOT DIVIDED,,STRAIGHT AND LEVEL,DRY,NO DEFECTS,ON SCENE,INJURY AND / OR TOW DUE TO CRASH,,,,"OVER $1,500",9/24/2019 1:11,PHYSICAL CONDITION OF DRIVER,NOT APPLICABLE,3414,W,PALMER ST,1413,,,,,,,4,NO INDICATION OF INJURY,0,0,0,0,0,1,0,1,3,9,41.92110483,-87.71264714,POINT (-87.712647140225 41.921104828628)
JC450987,Y,9/24/2019 1:00,30,NO CONTROLS,NO CONTROLS,UNKNOWN,UNKNOWN,PARKED MOTOR VEHICLE,NOT DIVIDED,,STRAIGHT AND LEVEL,UNKNOWN,UNKNOWN,NOT ON SCENE (DESK REPORT),NO INJURY / DRIVE AWAY,,,Y,"OVER $1,500",9/27/2019 19:05,UNABLE TO DETERMINE,NOT APPLICABLE,7206,W,WELLINGTON AVE,2511,N,,,,,,2,NO INDICATION OF INJURY,0,0,0,0,0,1,0,1,3,9,41.9346195,-87.80693939,POINT (-87.806939385455 41.934619498733)
JC447187,,9/24/2019 0:45,30,NO CONTROLS,UNKNOWN,CLEAR,DUSK,FIXED OBJECT,PARKING LOT,,STRAIGHT AND LEVEL,DRY,UNKNOWN,NOT ON SCENE (DESK REPORT),NO INJURY / DRIVE AWAY,,Y,,"OVER $1,500",9/24/2019 21:00,NOT APPLICABLE,NOT APPLICABLE,2816,W,IRVING PARK RD,1724,,,,,,,1,NO INDICATION OF INJURY,0,0,0,0,0,1,0,0,3,9,41.9540796,-87.69898006,POINT (-87.69898005955 41.954079603421)
JC445952,,9/24/2019 0:45,30,NO CONTROLS,NO CONTROLS,CLEAR,"DARKNESS, LIGHTED ROAD",SIDESWIPE SAME DIRECTION,DIVIDED - W/MEDIAN (NOT RAISED),,STRAIGHT AND LEVEL,DRY,NO DEFECTS,ON SCENE,INJURY AND / OR TOW DUE TO CRASH,,,,"$501 - $1,500",9/24/2019 1:00,UNABLE TO DETERMINE,UNABLE TO DETERMINE,5304,S,WESTERN AVE,923,,,,,,,3,NO INDICATION OF INJURY,0,0,0,0,0,2,0,0,3,9,41.79728429,-87.68427031,POINT (-87.684270306345 41.797284289537)
JC445934,,9/24/2019 0:33,30,TRAFFIC SIGNAL,FUNCTIONING PROPERLY,CLEAR,"DARKNESS, LIGHTED ROAD",TURNING,NOT DIVIDED,,STRAIGHT AND LEVEL,DRY,NO DEFECTS,ON SCENE,INJURY AND / OR TOW DUE TO CRASH,Y,,,"OVER $1,500",9/24/2019 0:44,FAILING TO YIELD RIGHT-OF-WAY,NOT APPLICABLE,1400,E,76TH ST,411,,,,,,,2,NO INDICATION OF INJURY,0,0,0,0,0,5,0,0,3,9,41.75701295,-87.59069543,POINT (-87.590695432338 41.757012950312)
JC449150,,9/24/2019 0:20,30,TRAFFIC SIGNAL,FUNCTIONING PROPERLY,CLEAR,"DARKNESS, LIGHTED ROAD",ANGLE,NOT DIVIDED,,STRAIGHT AND LEVEL,DRY,NO DEFECTS,NOT ON SCENE (DESK REPORT),NO INJURY / DRIVE AWAY,,,,"OVER $1,500",9/26/2019 12:15,UNABLE TO DETERMINE,UNABLE TO DETERMINE,31,W,87TH ST,634,,,,,,,2,NO INDICATION OF INJURY,0,0,0,0,0,2,0,0,3,9,41.73615664,-87.625611,POINT (-87.625611002114 41.736156635013)
JC445924,,9/23/2019 23:45,30,NO CONTROLS,NO CONTROLS,CLEAR,"DARKNESS, LIGHTED ROAD",PARKED MOTOR VEHICLE,ONE-WAY,,STRAIGHT AND LEVEL,DRY,NO DEFECTS,ON SCENE,INJURY AND / OR TOW DUE TO CRASH,,,Y,"OVER $1,500",9/23/2019 23:45,UNABLE TO DETERMINE,NOT APPLICABLE,8636,S,INGLESIDE AVE,632,,,,,,,2,NO INDICATION OF INJURY,0,0,0,0,0,1,0,23,2,9,41.73741176,-87.60134835,POINT (-87.601348347718 41.737411762454)
JC445926,,9/23/2019 23:38,30,STOP SIGN/FLASHER,FUNCTIONING PROPERLY,CLEAR,"DARKNESS, LIGHTED ROAD",ANGLE,FOUR WAY,,STRAIGHT AND LEVEL,DRY,NO DEFECTS,ON SCENE,INJURY AND / OR TOW DUE TO CRASH,Y,,,"OVER $1,500",9/23/2019 23:40,FAILING TO YIELD RIGHT-OF-WAY,FAILING TO YIELD RIGHT-OF-WAY,4098,W,JACKSON BLVD,1115,,,,,,,2,"REPORTED, NOT EVIDENT",1,0,0,0,1,2,0,23,2,9,41.8771683,-87.72787813,POINT (-87.727878134173 41.877168303792)
JC445951,,9/23/2019 22:46,15,NO CONTROLS,NO CONTROLS,CLEAR,"DARKNESS, LIGHTED ROAD",PARKED MOTOR VEHICLE,PARKING LOT,,STRAIGHT AND LEVEL,DRY,NO DEFECTS,NOT ON SCENE (DESK REPORT),NO INJURY / DRIVE AWAY,,,Y,"OVER $1,500",9/24/2019 1:10,UNABLE TO DETERMINE,UNABLE TO DETERMINE,1204,E,53RD ST,234,,,,,,,2,NO INDICATION OF INJURY,0,0,0,0,0,1,0,22,2,9,41.79956891,-87.59640075,POINT (-87.596400749828 41.79956891013)
JC445949,Y,9/23/2019 22:40,35,UNKNOWN,UNKNOWN,UNKNOWN,UNKNOWN,PEDESTRIAN,FOUR WAY,,STRAIGHT AND LEVEL,UNKNOWN,UNKNOWN,ON SCENE,INJURY AND / OR TOW DUE TO CRASH,,,,"OVER $1,500",9/24/2019 0:37,UNABLE TO DETERMINE,UNABLE TO DETERMINE,459,W,JACKSON BLVD,121,,,,,,,2,NONINCAPACITATING INJURY,1,0,0,1,0,1,0,22,2,9,41.87793588,-87.6394947,POINT (-87.639494701062 41.877935879794)
JC445876,,9/23/2019 22:40,30,NO CONTROLS,NO CONTROLS,CLEAR,"DARKNESS, LIGHTED ROAD",PARKED MOTOR VEHICLE,NOT DIVIDED,,STRAIGHT AND LEVEL,DRY,NO DEFECTS,ON SCENE,INJURY AND / OR TOW DUE TO CRASH,,,,"OVER $1,500",9/23/2019 22:42,"OPERATING VEHICLE IN ERRATIC, RECKLESS, CARELESS, NEGLIGENT OR AGGRESSIVE MANNER",NOT APPLICABLE,5935,W,NORTH AVE,2531,,,,,,,2,NO INDICATION OF INJURY,0,0,0,0,0,3,0,22,2,9,41.90915604,-87.77460538,POINT (-87.774605375793 41.909156036223)
JC445881,,9/23/2019 22:34,30,NO CONTROLS,NO CONTROLS,CLEAR,"DARKNESS, LIGHTED ROAD",REAR END,ONE-WAY,,STRAIGHT AND LEVEL,DRY,OTHER,ON SCENE,INJURY AND / OR TOW DUE TO CRASH,,,Y,"OVER $1,500",9/23/2019 22:58,UNABLE TO DETERMINE,NOT APPLICABLE,6855,S,CRANDON AVE,331,,,,,,,2,NO INDICATION OF INJURY,0,0,0,0,0,2,0,22,2,9,41.77040977,-87.56974162,POINT (-87.5697416193 41.770409771295)
JC445871,,9/23/2019 22:33,30,TRAFFIC SIGNAL,FUNCTIONING PROPERLY,CLEAR,"DARKNESS, LIGHTED ROAD",SIDESWIPE SAME DIRECTION,NOT DIVIDED,,STRAIGHT AND LEVEL,DRY,UNKNOWN,ON SCENE,NO INJURY / DRIVE AWAY,,,,"$501 - $1,500",9/23/2019 22:41,IMPROPER LANE USAGE,UNABLE TO DETERMINE,2300,E,87TH ST,412,,,,,,,2,NO INDICATION OF INJURY,0,0,0,0,0,2,0,22,2,9,41.73727751,-87.56784675,POINT (-87.567846753946 41.737277512887)
JC445865,,9/23/2019 22:33,30,TRAFFIC SIGNAL,UNKNOWN,CLEAR,"DARKNESS, LIGHTED ROAD",SIDESWIPE SAME DIRECTION,NOT DIVIDED,,STRAIGHT AND LEVEL,UNKNOWN,UNKNOWN,ON SCENE,NO INJURY / DRIVE AWAY,,,,"OVER $1,500",9/23/2019 22:34,IMPROPER OVERTAKING/PASSING,RELATED TO BUS STOP,7399,N,ROGERS AVE,2424,,,,,,,2,NO INDICATION OF INJURY,0,0,0,0,0,1,0,22,2,9,42.01594151,-87.67517023,POINT (-87.675170227306 42.015941514422)
JC447266,,9/23/2019 22:30,30,STOP SIGN/FLASHER,FUNCTIONING PROPERLY,CLEAR,"DARKNESS, LIGHTED ROAD",REAR END,NOT DIVIDED,,STRAIGHT AND LEVEL,DRY,NO DEFECTS,NOT ON SCENE (DESK REPORT),NO INJURY / DRIVE AWAY,,,,"$501 - $1,500",9/24/2019 23:15,FOLLOWING TOO CLOSELY,UNABLE TO DETERMINE,9700,S,TORRENCE AVE,431,,,,,,,2,NO INDICATION OF INJURY,0,0,0,0,0,5,0,22,2,9,41.71893172,-87.55996282,POINT (-87.559962820095 41.718931724135)
JC445885,,9/23/2019 22:30,30,TRAFFIC SIGNAL,FUNCTIONING PROPERLY,CLEAR,"DARKNESS, LIGHTED ROAD",REAR END,DIVIDED - W/MEDIAN BARRIER,,STRAIGHT AND LEVEL,DRY,UNKNOWN,NOT ON SCENE (DESK REPORT),NO INJURY / DRIVE AWAY,,,,$500 OR LESS,9/23/2019 23:20,UNABLE TO DETERMINE,NOT APPLICABLE,2256,W,IRVING PARK RD,1911,,,,,,,2,NO INDICATION OF INJURY,0,0,0,0,0,2,0,22,2,9,41.95416061,-87.68590004,POINT (-87.685900044247 41.954160613277)
JC457039,,9/23/2019 22:20,35,NO CONTROLS,NO CONTROLS,UNKNOWN,UNKNOWN,SIDESWIPE SAME DIRECTION,PARKING LOT,,STRAIGHT AND LEVEL,UNKNOWN,UNKNOWN,NOT ON SCENE (DESK REPORT),NO INJURY / DRIVE AWAY,,,,"OVER $1,500",10/2/2019 12:00,UNABLE TO DETERMINE,UNABLE TO DETERMINE,1228,E,53RD ST,234,,,,,,,2,NO INDICATION OF INJURY,0,0,0,0,0,2,0,22,2,9,41.79957783,-87.59543211,POINT (-87.595432109341 41.79957783365)
JC445868,,9/23/2019 22:20,30,OTHER,OTHER,CLEAR,"DARKNESS, LIGHTED ROAD",REAR END,NOT DIVIDED,,STRAIGHT AND LEVEL,DRY,UNKNOWN,NOT ON SCENE (DESK REPORT),INJURY AND / OR TOW DUE TO CRASH,,,,$500 OR LESS,9/23/2019 22:35,DISTRACTION - FROM OUTSIDE VEHICLE,DISTRACTION - FROM OUTSIDE VEHICLE,2400,N,LINCOLN AVE,1932,,,,,,,2,"REPORTED, NOT EVIDENT",1,0,0,0,1,1,0,22,2,9,41.92543598,-87.64895099,POINT (-87.648950988518 41.925435975229)
JC445909,,9/23/2019 22:15,30,NO CONTROLS,NO CONTROLS,CLEAR,"DARKNESS, LIGHTED ROAD",TURNING,PARKING LOT,,STRAIGHT AND LEVEL,DRY,NO DEFECTS,NOT ON SCENE (DESK REPORT),INJURY AND / OR TOW DUE TO CRASH,,,Y,"OVER $1,500",9/23/2019 23:50,UNABLE TO DETERMINE,UNABLE TO DETERMINE,6284,N,MC CORMICK RD,1711,,,,,,,2,NO INDICATION OF INJURY,0,0,0,0,0,2,0,22,2,9,41.99584374,-87.71285795,POINT (-87.712857952143 41.995843744187)
JC447917,,9/23/2019 22:00,35,NO CONTROLS,NO CONTROLS,CLEAR,DAYLIGHT,PARKED MOTOR VEHICLE,NOT DIVIDED,,STRAIGHT AND LEVEL,DRY,NO DEFECTS,NOT ON SCENE (DESK REPORT),NO INJURY / DRIVE AWAY,,,,"OVER $1,500",9/25/2019 13:30,EQUIPMENT - VEHICLE CONDITION,NOT APPLICABLE,7931,S,KEDZIE AVE,835,,,,,,,3,NO INDICATION OF INJURY,0,0,0,0,0,1,0,22,2,9,41.74878615,-87.70221998,POINT (-87.702219981795 41.748786148973)
JC447497,Y,9/23/2019 22:00,30,NO CONTROLS,NO CONTROLS,UNKNOWN,DARKNESS,PARKED MOTOR VEHICLE,NOT DIVIDED,,STRAIGHT AND LEVEL,UNKNOWN,NO DEFECTS,NOT ON SCENE (DESK REPORT),NO INJURY / DRIVE AWAY,,,Y,"OVER $1,500",9/25/2019 8:00,UNABLE TO DETERMINE,NOT APPLICABLE,2906,N,GREENVIEW AVE,1932,,,,,,,2,NO INDICATION OF INJURY,0,0,0,0,0,1,0,22,2,9,41.93449186,-87.66620614,POINT (-87.666206144056 41.934491864231)
JC445846,,9/23/2019 21:58,25,NO CONTROLS,NO CONTROLS,CLEAR,"DARKNESS, LIGHTED ROAD",PARKED MOTOR VEHICLE,ONE-WAY,,STRAIGHT AND LEVEL,DRY,UNKNOWN,ON SCENE,NO INJURY / DRIVE AWAY,,,,"OVER $1,500",9/23/2019 21:59,UNABLE TO DETERMINE,NOT APPLICABLE,6048,N,ARTESIAN AVE,2413,,,,,,,3,NO INDICATION OF INJURY,0,0,0,0,0,1,0,21,2,9,41.9918963,-87.69107335,POINT (-87.691073349953 41.991896304202)
JC445809,,9/23/2019 21:05,15,NO CONTROLS,NO CONTROLS,CLEAR,"DARKNESS, LIGHTED ROAD",PARKED MOTOR VEHICLE,PARKING LOT,,STRAIGHT AND LEVEL,DRY,NO DEFECTS,ON SCENE,NO INJURY / DRIVE AWAY,,,,"OVER $1,500",9/23/2019 21:10,DRIVING SKILLS/KNOWLEDGE/EXPERIENCE,UNABLE TO DETERMINE,517,W,OHARE ST,1654,,,,,,,2,NO INDICATION OF INJURY,0,0,0,0,0,1,0,21,2,9,,,
JC445843,,9/23/2019 21:00,30,PEDESTRIAN CROSSING SIGN,OTHER,CLEAR,"DARKNESS, LIGHTED ROAD",REAR END,NOT DIVIDED,,STRAIGHT AND LEVEL,DRY,NO DEFECTS,NOT ON SCENE (DESK REPORT),INJURY AND / OR TOW DUE TO CRASH,,,,$500 OR LESS,9/23/2019 22:00,FOLLOWING TOO CLOSELY,FOLLOWING TOO CLOSELY,926,N,WELLS ST,1823,,,,,,,3,"REPORTED, NOT EVIDENT",1,0,0,0,1,3,0,21,2,9,41.89972263,-87.63446745,POINT (-87.634467454208 41.899722634402)
JC445788,,9/23/2019 20:49,30,TRAFFIC SIGNAL,NO CONTROLS,CLEAR,DARKNESS,TURNING,FOUR WAY,,STRAIGHT AND LEVEL,DRY,NO DEFECTS,ON SCENE,NO INJURY / DRIVE AWAY,Y,,Y,"OVER $1,500",9/23/2019 20:59,NOT APPLICABLE,NOT APPLICABLE,7100,S,STATE ST,323,,,,,,,2,NO INDICATION OF INJURY,0,0,0,0,0,2,0,20,2,9,41.76539361,-87.62505048,POINT (-87.625050475006 41.765393607783)
JC445908,,9/23/2019 20:45,15,DELINEATORS,FUNCTIONING PROPERLY,CLEAR,"DARKNESS, LIGHTED ROAD",OTHER OBJECT,PARKING LOT,,STRAIGHT AND LEVEL,DRY,NO DEFECTS,ON SCENE,INJURY AND / OR TOW DUE TO CRASH,,,,"OVER $1,500",9/23/2019 23:36,DRIVING SKILLS/KNOWLEDGE/EXPERIENCE,UNABLE TO DETERMINE,502,W,OHARE ST,1653,,,,,,,1,NO INDICATION OF INJURY,0,0,0,0,0,1,0,20,2,9,,,
JC446407,Y,9/23/2019 20:30,35,OTHER REG. SIGN,FUNCTIONING PROPERLY,CLEAR,"DARKNESS, LIGHTED ROAD",PARKED MOTOR VEHICLE,DIVIDED - W/MEDIAN (NOT RAISED),,STRAIGHT AND LEVEL,DRY,NO DEFECTS,ON SCENE,NO INJURY / DRIVE AWAY,,,Y,"OVER $1,500",9/24/2019 12:01,UNABLE TO DETERMINE,UNABLE TO DETERMINE,4946,W,NORTH AVE,2533,,,,,,,2,NO INDICATION OF INJURY,0,0,0,0,0,1,0,20,2,9,41.90967219,-87.7510471,POINT (-87.751047096311 41.909672190259)
JC446295,,9/23/2019 20:30,30,STOP SIGN/FLASHER,FUNCTIONING PROPERLY,CLEAR,"DARKNESS, LIGHTED ROAD",REAR END,DIVIDED - W/MEDIAN (NOT RAISED),,STRAIGHT AND LEVEL,DRY,NO DEFECTS,NOT ON SCENE (DESK REPORT),NO INJURY / DRIVE AWAY,Y,,,"OVER $1,500",9/24/2019 10:40,FOLLOWING TOO CLOSELY,FAILING TO REDUCE SPEED TO AVOID CRASH,6531,W,ADDISON ST,1632,,,,,,,2,NO INDICATION OF INJURY,0,0,0,0,0,3,0,20,2,9,41.94548618,-87.79004255,POINT (-87.790042549214 41.945486177832)
JC445818,,9/23/2019 20:30,30,NO CONTROLS,NO CONTROLS,CLEAR,"DARKNESS, LIGHTED ROAD",PEDESTRIAN,NOT DIVIDED,,STRAIGHT AND LEVEL,DRY,NO DEFECTS,NOT ON SCENE (DESK REPORT),NO INJURY / DRIVE AWAY,,,Y,$500 OR LESS,9/23/2019 21:54,UNABLE TO DETERMINE,NOT APPLICABLE,815,W,35TH ST,915,,,,,,,2,NO INDICATION OF INJURY,0,0,0,0,0,2,0,20,2,9,41.83063219,-87.64674677,POINT (-87.646746765697 41.830632184665)
JC445791,,9/23/2019 20:30,30,TRAFFIC SIGNAL,FUNCTIONING PROPERLY,CLEAR,"DARKNESS, LIGHTED ROAD",PEDALCYCLIST,NOT DIVIDED,,STRAIGHT AND LEVEL,DRY,UNKNOWN,ON SCENE,INJURY AND / OR TOW DUE TO CRASH,Y,,,"OVER $1,500",9/23/2019 20:33,UNABLE TO DETERMINE,NOT APPLICABLE,4758,W,LAKE ST,1113,,,,,,,3,NONINCAPACITATING INJURY,1,0,0,1,0,2,0,20,2,9,41.88671843,-87.74535162,POINT (-87.745351623453 41.886718429607)
JC445778,,9/23/2019 20:15,30,NO CONTROLS,FUNCTIONING PROPERLY,CLEAR,"DARKNESS, LIGHTED ROAD",REAR END,ONE-WAY,,STRAIGHT AND LEVEL,DRY,NO DEFECTS,NOT ON SCENE (DESK REPORT),NO INJURY / DRIVE AWAY,,,Y,"OVER $1,500",9/23/2019 20:50,IMPROPER OVERTAKING/PASSING,NOT APPLICABLE,2340,W,NORTH AVE,1434,,,,,,,2,NO INDICATION OF INJURY,0,0,0,0,0,2,0,20,2,9,41.91044362,-87.68640033,POINT (-87.686400327566 41.910443619598)
JC448355,,9/23/2019 20:10,30,TRAFFIC SIGNAL,FUNCTIONING PROPERLY,UNKNOWN,UNKNOWN,SIDESWIPE SAME DIRECTION,NOT DIVIDED,,STRAIGHT AND LEVEL,UNKNOWN,UNKNOWN,NOT ON SCENE (DESK REPORT),NO INJURY / DRIVE AWAY,,,,"$501 - $1,500",9/25/2019 18:49,UNABLE TO DETERMINE,UNABLE TO DETERMINE,6232,S,LAKE SHORE DR,331,,,,,,,2,NO INDICATION OF INJURY,0,0,0,0,0,2,0,20,2,9,41.78132031,-87.57507937,POINT (-87.575079365418 41.781320311894)
JC445813,,9/23/2019 20:10,30,NO CONTROLS,NO CONTROLS,CLEAR,DUSK,SIDESWIPE SAME DIRECTION,T-INTERSECTION,,"CURVE, LEVEL",DRY,UNKNOWN,NOT ON SCENE (DESK REPORT),NO INJURY / DRIVE AWAY,Y,,,"OVER $1,500",9/23/2019 20:23,IMPROPER OVERTAKING/PASSING,IMPROPER OVERTAKING/PASSING,6700,S,SOUTH SHORE DR,331,,,,,,,2,NO INDICATION OF INJURY,0,0,0,0,0,2,0,20,2,9,41.77343857,-87.56689931,POINT (-87.566899305833 41.773438566009)
JC446899,,9/23/2019 20:00,30,UNKNOWN,UNKNOWN,OTHER,UNKNOWN,PARKED MOTOR VEHICLE,OTHER,,STRAIGHT AND LEVEL,UNKNOWN,UNKNOWN,NOT ON SCENE (DESK REPORT),NO INJURY / DRIVE AWAY,,,,"OVER $1,500",9/24/2019 17:30,UNABLE TO DETERMINE,UNABLE TO DETERMINE,1918,E,71ST ST,332,,,,,,,2,NO INDICATION OF INJURY,0,0,0,0,0,1,0,20,2,9,41.76633894,-87.57792917,POINT (-87.577929170014 41.766338942443)
JC445758,,9/23/2019 20:00,30,STOP SIGN/FLASHER,FUNCTIONING PROPERLY,CLEAR,"DARKNESS, LIGHTED ROAD",ANGLE,DIVIDED - W/MEDIAN (NOT RAISED),,STRAIGHT AND LEVEL,DRY,NO DEFECTS,NOT ON SCENE (DESK REPORT),NO INJURY / DRIVE AWAY,Y,,,"$501 - $1,500",9/23/2019 20:23,UNABLE TO DETERMINE,NOT APPLICABLE,401,N,LARAMIE AVE,1532,,,,,,,2,NO INDICATION OF INJURY,0,0,0,0,0,2,0,20,2,9,41.88786906,-87.75519264,POINT (-87.755192635817 41.887869064154)
JC445745,,9/23/2019 19:52,30,NO CONTROLS,NO CONTROLS,CLEAR,DARKNESS,FIXED OBJECT,ALLEY,,STRAIGHT AND LEVEL,DRY,NO DEFECTS,ON SCENE,INJURY AND / OR TOW DUE TO CRASH,,,,"OVER $1,500",9/23/2019 19:52,UNABLE TO DETERMINE,UNABLE TO DETERMINE,1415,W,80TH ST,612,,,,,,,1,NONINCAPACITATING INJURY,1,0,0,1,0,0,0,19,2,9,41.74848605,-87.65918534,POINT (-87.659185335787 41.748486046305)
JC445749,,9/23/2019 19:50,30,NO CONTROLS,NO CONTROLS,CLEAR,DUSK,PEDESTRIAN,NOT DIVIDED,,STRAIGHT AND LEVEL,DRY,NO DEFECTS,ON SCENE,INJURY AND / OR TOW DUE TO CRASH,,,Y,$500 OR LESS,9/23/2019 19:50,DRIVING SKILLS/KNOWLEDGE/EXPERIENCE,UNABLE TO DETERMINE,3551,S,HAMILTON AVE,912,,,,,,,2,NONINCAPACITATING INJURY,1,0,0,1,0,1,0,19,2,9,41.82882427,-87.67875382,POINT (-87.678753822959 41.828824266591)
JC446758,,9/23/2019 19:30,30,NO CONTROLS,NO CONTROLS,CLEAR,"DARKNESS, LIGHTED ROAD",OTHER OBJECT,NOT DIVIDED,,STRAIGHT AND LEVEL,DRY,"RUT, HOLES",NOT ON SCENE (DESK REPORT),NO INJURY / DRIVE AWAY,,,,"$501 - $1,500",9/24/2019 16:30,UNABLE TO DETERMINE,UNABLE TO DETERMINE,4335,N,CLARK ST,1915,,,,,,,1,NO INDICATION OF INJURY,0,0,0,0,0,1,0,19,2,9,41.96092277,-87.66553574,POINT (-87.665535736163 41.960922769198)
JC445759,,9/23/2019 19:30,40,TRAFFIC SIGNAL,FUNCTIONING PROPERLY,CLEAR,"DARKNESS, LIGHTED ROAD",REAR END,DIVIDED - W/MEDIAN BARRIER,,STRAIGHT AND LEVEL,DRY,NO DEFECTS,ON SCENE,NO INJURY / DRIVE AWAY,N,,,$500 OR LESS,9/23/2019 19:36,UNABLE TO DETERMINE,UNABLE TO DETERMINE,758,N,LAKE SHORE DR NB,1833,,,,,,,2,NO INDICATION OF INJURY,0,0,0,0,0,2,0,19,2,9,41.89661299,-87.61668814,POINT (-87.616688142051 41.89661299419)
JC445715,,9/23/2019 19:25,30,UNKNOWN,UNKNOWN,UNKNOWN,"DARKNESS, LIGHTED ROAD",REAR END,NOT DIVIDED,,STRAIGHT AND LEVEL,UNKNOWN,UNKNOWN,NOT ON SCENE (DESK REPORT),NO INJURY / DRIVE AWAY,,,,"OVER $1,500",9/23/2019 19:45,UNABLE TO DETERMINE,NOT APPLICABLE,4580,N,BROADWAY,1913,,,,,,,2,NO INDICATION OF INJURY,0,0,0,0,0,2,0,19,2,9,41.96527014,-87.65755429,POINT (-87.657554292026 41.965270144389)
JC445693,,9/23/2019 19:19,30,TRAFFIC SIGNAL,FUNCTIONING PROPERLY,CLEAR,"DARKNESS, LIGHTED ROAD",TURNING,DIVIDED - W/MEDIAN (NOT RAISED),,STRAIGHT AND LEVEL,DRY,NO DEFECTS,ON SCENE,NO INJURY / DRIVE AWAY,Y,,,$500 OR LESS,9/23/2019 19:19,IMPROPER TURNING/NO SIGNAL,DISREGARDING ROAD MARKINGS,5555,W,NORTH AVE,2532,,,,,,,2,NO INDICATION OF INJURY,0,0,0,0,0,2,0,19,2,9,41.90927457,-87.76518779,POINT (-87.765187784962 41.909274566712)