RD_NO,CRASH_DATE_EST_I,CRASH_DATE,POSTED_SPEED_LIMIT,TRAFFIC_CONTROL_DEVICE,DEVICE_CONDITION,WEATHER_CONDITION,LIGHTING_CONDITION,FIRST_CRASH_TYPE,TRAFFICWAY_TYPE,LANE_CNT,ALIGNMENT,ROADWAY_SURFACE_COND,ROAD_DEFECT,REPORT_TYPE,CRASH_TYPE,INTERSECTION_RELATED_I,NOT_RIGHT_OF_WAY_I,HIT_AND_RUN_I,DAMAGE,DATE_POLICE_NOTIFIED,PRIM_CONTRIBUTORY_CAUSE,SEC_CONTRIBUTORY_CAUSE,STREET_NO,STREET_DIRECTION,STREET_NAME,BEAT_OF_OCCURRENCE,PHOTOS_TAKEN_I,STATEMENTS_TAKEN_I,DOORING_I,WORK_ZONE_I,WORK_ZONE_TYPE,WORKERS_PRESENT_I,NUM_UNITS,MOST_SEVERE_INJURY,INJURIES_TOTAL,INJURIES_FATAL,INJURIES_INCAPACITATING,INJURIES_NON_INCAPACITATING,INJURIES_REPORTED_NOT_EVIDENT,INJURIES_NO_INDICATION,INJURIES_UNKNOWN,CRASH_HOUR,CRASH_DAY_OF_WEEK,CRASH_MONTH,LATITUDE,LONGITUDE,LOCATION
JC445711,,9/23/2019 19:18,35,NO CONTROLS,NO CONTROLS,CLEAR,DARKNESS,PARKED MOTOR VEHICLE,NOT DIVIDED,,STRAIGHT AND LEVEL,DRY,NO DEFECTS,ON SCENE,INJURY AND / OR TOW DUE TO CRASH,,,,"OVER $1,500",9/23/2019 19:20,NOT APPLICABLE,NOT APPLICABLE,1010,W,84TH ST,613,,,,,,,2,INCAPACITATING INJURY,2,0,1,0,1,0,0,19,2,9,41.74156837,-87.64911821,POINT (-87.649118210831 41.741568364602)
JC445697,,9/23/2019 19:15,30,TRAFFIC SIGNAL,FUNCTIONING PROPERLY,CLEAR,DARKNESS,SIDESWIPE SAME DIRECTION,ONE-WAY,,STRAIGHT AND LEVEL,DRY,NO DEFECTS,ON SCENE,NO INJURY / DRIVE AWAY,,,,$500 OR LESS,9/23/2019 19:20,UNABLE TO DETERMINE,NOT APPLICABLE,6100,S,MICHIGAN AVE,311,,,,,,,2,NO INDICATION OF INJURY,0,0,0,0,0,2,0,19,2,9,41.78369838,-87.62232714,POINT (-87.622327136782 41.78369838168)
JC446610,,9/23/2019 19:06,30,TRAFFIC SIGNAL,FUNCTIONING PROPERLY,CLEAR,"DARKNESS, LIGHTED ROAD",TURNING,DIVIDED - W/MEDIAN (NOT RAISED),,STRAIGHT AND LEVEL,DRY,NO DEFECTS,NOT ON SCENE (DESK REPORT),INJURY AND / OR TOW DUE TO CRASH,,,,"$501 - $1,500",9/23/2019 20:05,FOLLOWING TOO CLOSELY,DRIVING SKILLS/KNOWLEDGE/EXPERIENCE,9458,S,ASHLAND AVE,2221,,,,,,,2,"REPORTED, NOT EVIDENT",1,0,0,0,1,3,0,19,2,9,41.72130329,-87.66283295,POINT (-87.66283294688 41.72130329006)
JC445703,,9/23/2019 19:05,15,NO CONTROLS,NO CONTROLS,CLEAR,"DARKNESS, LIGHTED ROAD",ANGLE,NOT DIVIDED,,STRAIGHT AND LEVEL,DRY,NO DEFECTS,ON SCENE,NO INJURY / DRIVE AWAY,,,,"OVER $1,500",9/23/2019 19:10,FAILING TO YIELD RIGHT-OF-WAY,NOT APPLICABLE,3151,W,83RD ST,835,,,,,,,2,NO INDICATION OF INJURY,0,0,0,0,0,3,0,19,2,9,41.74240087,-87.70134717,POINT (-87.70134716503 41.742400866761)
JC445473,,9/23/2019 19:05,15,NO CONTROLS,NO CONTROLS,CLEAR,"DARKNESS, LIGHTED ROAD",PARKED MOTOR VEHICLE,NOT DIVIDED,,STRAIGHT AND LEVEL,DRY,NO DEFECTS,ON SCENE,INJURY AND / OR TOW DUE TO CRASH,,,,"OVER $1,500",9/23/2019 19:21,PHYSICAL CONDITION OF DRIVER,UNABLE TO DETERMINE,4143,N,MELVINA AVE,1624,,,,,,,2,NO INDICATION OF INJURY,0,0,0,0,0,1,0,19,2,9,41.95613712,-87.78162715,POINT (-87.781627145852 41.956137118681)
JC446315,,9/23/2019 19:00,30,NO CONTROLS,NO CONTROLS,CLEAR,"DARKNESS, LIGHTED ROAD",ANGLE,UNKNOWN,,STRAIGHT AND LEVEL,DRY,NO DEFECTS,NOT ON SCENE (DESK REPORT),NO INJURY / DRIVE AWAY,,,,"OVER $1,500",9/24/2019 10:30,CELL PHONE USE OTHER THAN TEXTING,NOT APPLICABLE,15,W,KINZIE ST,1831,,,,,,,2,NO INDICATION OF INJURY,0,0,0,0,0,2,0,19,2,9,41.8891344,-87.62867882,POINT (-87.628678824424 41.889134401457)
JC445796,,9/23/2019 19:00,30,NO CONTROLS,NO CONTROLS,CLEAR,"DARKNESS, LIGHTED ROAD",TURNING,NOT DIVIDED,,STRAIGHT AND LEVEL,DRY,NO DEFECTS,,NO INJURY / DRIVE AWAY,,,,"OVER $1,500",9/23/2019 20:00,FAILING TO YIELD RIGHT-OF-WAY,UNABLE TO DETERMINE,1930,E,75TH ST,333,,,,,,,,,,,,,,,,19,2,9,41.75897247,-87.57740358,POINT (-87.577403583768 41.758972472605)
JC445726,,9/23/2019 19:00,15,NO CONTROLS,NO CONTROLS,CLEAR,"DARKNESS, LIGHTED ROAD",PARKED MOTOR VEHICLE,DIVIDED - W/MEDIAN (NOT RAISED),,STRAIGHT AND LEVEL,DRY,NO DEFECTS,NOT ON SCENE (DESK REPORT),NO INJURY / DRIVE AWAY,,,,$500 OR LESS,9/23/2019 19:30,IMPROPER BACKING,NOT APPLICABLE,3500,N,ROCKWELL ST,1921,,,,,,,2,NO INDICATION OF INJURY,0,0,0,0,0,1,0,19,2,9,41.94497756,-87.6942372,POINT (-87.694237197767 41.944977562357)
JC445683,,9/23/2019 19:00,30,NO CONTROLS,NO CONTROLS,CLEAR,DAWN,REAR END,NOT DIVIDED,,STRAIGHT AND LEVEL,DRY,NO DEFECTS,NOT ON SCENE (DESK REPORT),NO INJURY / DRIVE AWAY,,,,"$501 - $1,500",9/23/2019 19:20,FOLLOWING TOO CLOSELY,NOT APPLICABLE,6134,W,BELMONT AVE,1633,,,,,,,2,NO INDICATION OF INJURY,0,0,0,0,0,2,0,19,2,9,41.93850777,-87.7800495,POINT (-87.780049498485 41.938507773837)
JC445665,,9/23/2019 19:00,25,TRAFFIC SIGNAL,UNKNOWN,CLEAR,"DARKNESS, LIGHTED ROAD",PEDALCYCLIST,NOT DIVIDED,,STRAIGHT AND LEVEL,DRY,NO DEFECTS,ON SCENE,INJURY AND / OR TOW DUE TO CRASH,Y,,Y,$500 OR LESS,9/23/2019 19:03,UNABLE TO DETERMINE,UNABLE TO DETERMINE,3798,W,MADISON ST,1122,,,,,,,2,NONINCAPACITATING INJURY,1,0,0,1,0,1,0,19,2,9,41.88090119,-87.72064607,POINT (-87.72064606991 41.880901192182)
JC445691,,9/23/2019 18:57,30,NO CONTROLS,NO CONTROLS,CLEAR,DUSK,TURNING,NOT REPORTED,,STRAIGHT AND LEVEL,DRY,NO DEFECTS,ON SCENE,NO INJURY / DRIVE AWAY,Y,,,"OVER $1,500",9/23/2019 18:57,UNABLE TO DETERMINE,NOT APPLICABLE,3300,W,DOUGLAS BLVD,1021,,,,,,,2,NO INDICATION OF INJURY,0,0,0,0,0,3,0,18,2,9,41.86304326,-87.70807045,POINT (-87.708070447796 41.863043254891)
JC447227,,9/23/2019 18:52,30,NO CONTROLS,NO CONTROLS,CLEAR,DAYLIGHT,TURNING,NOT DIVIDED,,STRAIGHT AND LEVEL,DRY,NO DEFECTS,NOT ON SCENE (DESK REPORT),NO INJURY / DRIVE AWAY,,,,"$501 - $1,500",9/24/2019 21:42,UNABLE TO DETERMINE,UNABLE TO DETERMINE,1955,E,75TH ST,414,,,,,,,2,NO INDICATION OF INJURY,0,0,0,0,0,2,0,18,2,9,41.75876403,-87.57636891,POINT (-87.576368912507 41.758764029289)
JC445721,,9/23/2019 18:50,35,NO CONTROLS,NO CONTROLS,CLEAR,"DARKNESS, LIGHTED ROAD",TURNING,NOT DIVIDED,,STRAIGHT AND LEVEL,DRY,NO DEFECTS,NOT ON SCENE (DESK REPORT),NO INJURY / DRIVE AWAY,,,,"OVER $1,500",9/23/2019 19:40,UNABLE TO DETERMINE,UNABLE TO DETERMINE,5455,W,BELMONT AVE,2514,,,,,,,2,NO INDICATION OF INJURY,0,0,0,0,0,3,0,18,2,9,41.93850044,-87.76382633,POINT (-87.763826329247 41.938500437505)
JC445660,,9/23/2019 18:46,30,NO CONTROLS,NO CONTROLS,CLEAR,DAWN,SIDESWIPE SAME DIRECTION,NOT DIVIDED,,STRAIGHT AND LEVEL,DRY,NO DEFECTS,ON SCENE,INJURY AND / OR TOW DUE TO CRASH,,,Y,"$501 - $1,500",9/23/2019 18:51,UNABLE TO DETERMINE,UNABLE TO DETERMINE,1027,W,99TH ST,2232,,,,,,,2,NONINCAPACITATING INJURY,1,0,0,1,0,2,0,18,2,9,41.71391311,-87.64892045,POINT (-87.648920446717 41.713913109379)
JC451524,,9/23/2019 18:45,35,TRAFFIC SIGNAL,FUNCTIONING PROPERLY,CLEAR,DUSK,REAR END,NOT DIVIDED,,STRAIGHT AND LEVEL,DRY,NO DEFECTS,NOT ON SCENE (DESK REPORT),NO INJURY / DRIVE AWAY,Y,,,"OVER $1,500",9/28/2019 8:55,UNABLE TO DETERMINE,UNABLE TO DETERMINE,1155,S,CICERO AVE,1131,,,,,,,2,NO INDICATION OF INJURY,0,0,0,0,0,2,0,18,2,9,41.86597949,-87.74460988,POINT (-87.744609883514 41.865979486289)
JC447059,,9/23/2019 18:40,30,NO CONTROLS,NO CONTROLS,CLEAR,DAYLIGHT,PEDALCYCLIST,ONE-WAY,,STRAIGHT AND LEVEL,DRY,NO DEFECTS,NOT ON SCENE (DESK REPORT),NO INJURY / DRIVE AWAY,,,,"OVER $1,500",9/24/2019 19:45,"OPERATING VEHICLE IN ERRATIC, RECKLESS, CARELESS, NEGLIGENT OR AGGRESSIVE MANNER",UNABLE TO DETERMINE,362,W,RANDOLPH ST,122,,,Y,,,,2,NO INDICATION OF INJURY,0,0,0,0,0,5,0,18,2,9,41.8845715,-87.63717975,POINT (-87.637179746052 41.884571499048)
JC445673,,9/23/2019 18:40,30,NO CONTROLS,NO CONTROLS,CLEAR,DARKNESS,ANGLE,NOT DIVIDED,,STRAIGHT AND LEVEL,DRY,NO DEFECTS,ON SCENE,INJURY AND / OR TOW DUE TO CRASH,,,,"OVER $1,500",9/23/2019 18:45,FAILING TO YIELD RIGHT-OF-WAY,NOT APPLICABLE,9925,S,PULASKI RD,2211,,Y,,,,,2,"REPORTED, NOT EVIDENT",1,0,0,0,1,1,0,18,2,9,41.71241607,-87.72095503,POINT (-87.720955032803 41.712416073179)
JC445634,,9/23/2019 18:40,30,NO CONTROLS,NO CONTROLS,CLEAR,DAYLIGHT,REAR END,CENTER TURN LANE,,STRAIGHT AND LEVEL,DRY,NO DEFECTS,,INJURY AND / OR TOW DUE TO CRASH,,,,"OVER $1,500",9/23/2019 18:42,FAILING TO YIELD RIGHT-OF-WAY,NOT APPLICABLE,5839,S,HARLEM AVE,811,,,,,,,3,INCAPACITATING INJURY,1,0,1,0,0,2,0,18,2,9,41.78535413,-87.801098,POINT (-87.801097995514 41.785354124874)
JC445629,,9/23/2019 18:40,35,NO CONTROLS,NO CONTROLS,CLEAR,DUSK,TURNING,NOT DIVIDED,,STRAIGHT AND LEVEL,DRY,NO DEFECTS,ON SCENE,INJURY AND / OR TOW DUE TO CRASH,,,,"OVER $1,500",9/23/2019 18:41,FAILING TO YIELD RIGHT-OF-WAY,IMPROPER TURNING/NO SIGNAL,1833,E,95TH ST,431,,,,,,,2,NONINCAPACITATING INJURY,1,0,0,1,0,1,0,18,2,9,41.72231394,-87.57893851,POINT (-87.578938513259 41.722313936916)
JC455623,,9/23/2019 18:32,30,NO CONTROLS,NO CONTROLS,CLEAR,DAYLIGHT,SIDESWIPE SAME DIRECTION,DIVIDED - W/MEDIAN (NOT RAISED),,STRAIGHT AND LEVEL,DRY,NO DEFECTS,ON SCENE,INJURY AND / OR TOW DUE TO CRASH,,,,"OVER $1,500",9/23/2019 18:33,"VISION OBSCURED (SIGNS, TREE LIMBS, BUILDINGS, ETC.)",IMPROPER LANE USAGE,3820,W,ROOSEVELT RD,1133,,,,,,,2,NO INDICATION OF INJURY,0,0,0,0,0,2,0,18,2,9,41.86633772,-87.721031,POINT (-87.721030995156 41.866337715558)
JC445632,,9/23/2019 18:30,30,NO CONTROLS,NO CONTROLS,CLEAR,DAYLIGHT,HEAD ON,PARKING LOT,,STRAIGHT AND LEVEL,DRY,NO DEFECTS,NOT ON SCENE (DESK REPORT),NO INJURY / DRIVE AWAY,,Y,,"$501 - $1,500",9/23/2019 18:48,NOT APPLICABLE,NOT APPLICABLE,5900,S,WESTERN AVE,824,,,,,,,2,NO INDICATION OF INJURY,0,0,0,0,0,2,0,18,2,9,41.78643718,-87.68397525,POINT (-87.683975246481 41.786437174774)
JC445619,,9/23/2019 18:30,35,TRAFFIC SIGNAL,FUNCTIONING PROPERLY,CLEAR,DAYLIGHT,PEDESTRIAN,NOT DIVIDED,,STRAIGHT AND LEVEL,DRY,NO DEFECTS,ON SCENE,INJURY AND / OR TOW DUE TO CRASH,Y,,,$500 OR LESS,9/23/2019 18:35,UNABLE TO DETERMINE,UNABLE TO DETERMINE,70,W,HUBBARD ST,1831,,,,N,,,2,"REPORTED, NOT EVIDENT",1,0,0,0,1,1,0,18,2,9,41.89013525,-87.63074503,POINT (-87.630745033627 41.890135246295)
JC445688,,9/23/2019 18:20,30,NO CONTROLS,NO CONTROLS,CLEAR,"DARKNESS, LIGHTED ROAD",REAR END,NOT DIVIDED,,STRAIGHT AND LEVEL,DRY,NO DEFECTS,NOT ON SCENE (DESK REPORT),NO INJURY / DRIVE AWAY,,,,"$501 - $1,500",9/23/2019 19:23,UNABLE TO DETERMINE,UNABLE TO DETERMINE,6000,W,GRAND AVE,2512,,,,,,,2,NO INDICATION OF INJURY,0,0,0,0,0,2,0,18,2,9,41.92067663,-87.77563027,POINT (-87.775630269041 41.920676630982)
JC447339,,9/23/2019 18:07,30,NO CONTROLS,NO CONTROLS,CLEAR,DAYLIGHT,SIDESWIPE SAME DIRECTION,ONE-WAY,,STRAIGHT AND LEVEL,DRY,NO DEFECTS,NOT ON SCENE (DESK REPORT),NO INJURY / DRIVE AWAY,,,,"OVER $1,500",9/25/2019 0:32,UNABLE TO DETERMINE,UNABLE TO DETERMINE,137,W,GARFIELD BLVD,225,,,,,,,2,NO INDICATION OF INJURY,0,0,0,0,0,2,0,18,2,9,41.79411537,-87.62925438,POINT (-87.629254382008 41.79411537272)
JC445615,,9/23/2019 18:05,15,NO CONTROLS,NO CONTROLS,CLEAR,DAYLIGHT,SIDESWIPE OPPOSITE DIRECTION,PARKING LOT,,STRAIGHT AND LEVEL,DRY,NO DEFECTS,ON SCENE,INJURY AND / OR TOW DUE TO CRASH,,,Y,"$501 - $1,500",9/23/2019 18:16,IMPROPER BACKING,NOT APPLICABLE,6901,S,WESTERN AVE,832,,,,,,,2,NONINCAPACITATING INJURY,1,0,0,1,0,1,0,18,2,9,41.76824397,-87.6831938,POINT (-87.683193800933 41.768243971967)
JC445607,,9/23/2019 18:05,30,NO CONTROLS,NO CONTROLS,CLEAR,DAYLIGHT,REAR END,OTHER,,STRAIGHT AND LEVEL,DRY,NO DEFECTS,ON SCENE,INJURY AND / OR TOW DUE TO CRASH,Y,,,"OVER $1,500",9/23/2019 18:13,DISTRACTION - FROM INSIDE VEHICLE,NOT APPLICABLE,7629,W,IRVING PARK RD,1631,,,,,,,3,NONINCAPACITATING INJURY,4,0,0,3,1,0,0,18,2,9,41.95239316,-87.81823613,POINT (-87.818236125367 41.952393162844)
JC445643,,9/23/2019 18:00,30,UNKNOWN,UNKNOWN,CLEAR,DAYLIGHT,PARKED MOTOR VEHICLE,NOT DIVIDED,,STRAIGHT AND LEVEL,DRY,NO DEFECTS,NOT ON SCENE (DESK REPORT),NO INJURY / DRIVE AWAY,,,,"OVER $1,500",9/23/2019 19:00,UNABLE TO DETERMINE,UNABLE TO DETERMINE,7026,W,NORTH AVE,2513,,,,,,,2,NO INDICATION OF INJURY,0,0,0,0,0,1,0,18,2,9,41.90904856,-87.8014809,POINT (-87.801480902602 41.909048562382)
JC445638,,9/23/2019 18:00,30,TRAFFIC SIGNAL,FUNCTIONING PROPERLY,CLEAR,DAYLIGHT,SIDESWIPE SAME DIRECTION,NOT DIVIDED,,STRAIGHT AND LEVEL,DRY,NO DEFECTS,NOT ON SCENE (DESK REPORT),NO INJURY / DRIVE AWAY,Y,,,"OVER $1,500",9/23/2019 18:50,UNABLE TO DETERMINE,NOT APPLICABLE,2810,N,CALIFORNIA AVE,1411,,,,,,,2,NO INDICATION OF INJURY,0,0,0,0,0,2,0,18,2,9,41.93246828,-87.69777215,POINT (-87.697772151587 41.932468282138)
JC445613,,9/23/2019 17:57,30,TRAFFIC SIGNAL,FUNCTIONING PROPERLY,CLEAR,DAYLIGHT,REAR END,NOT DIVIDED,,STRAIGHT AND LEVEL,DRY,NO DEFECTS,NOT ON SCENE (DESK REPORT),NO INJURY / DRIVE AWAY,Y,,,"OVER $1,500",9/23/2019 18:15,FOLLOWING TOO CLOSELY,UNABLE TO DETERMINE,7050,S,COTTAGE GROVE AVE,321,,,,,,,2,NO INDICATION OF INJURY,0,0,0,0,0,2,0,17,2,9,41.76616085,-87.60575483,POINT (-87.605754831614 41.766160853097)
JC445672,,9/23/2019 17:55,30,TRAFFIC SIGNAL,FUNCTIONING PROPERLY,CLEAR,DAYLIGHT,SIDESWIPE SAME DIRECTION,NOT DIVIDED,,STRAIGHT AND LEVEL,DRY,NO DEFECTS,NOT ON SCENE (DESK REPORT),NO INJURY / DRIVE AWAY,Y,,,"$501 - $1,500",9/23/2019 17:55,IMPROPER LANE USAGE,IMPROPER LANE USAGE,1600,W,85TH ST,614,,,,,,,2,NO INDICATION OF INJURY,0,0,0,0,0,2,0,17,2,9,41.73954097,-87.66322033,POINT (-87.663220334252 41.739540973212)
JC445590,,9/23/2019 17:55,30,TRAFFIC SIGNAL,FUNCTIONING PROPERLY,CLEAR,DAYLIGHT,SIDESWIPE SAME DIRECTION,DIVIDED - W/MEDIAN BARRIER,,STRAIGHT AND LEVEL,DRY,NO DEFECTS,ON SCENE,NO INJURY / DRIVE AWAY,Y,,,"OVER $1,500",9/23/2019 17:58,UNABLE TO DETERMINE,UNABLE TO DETERMINE,200,S,MICHIGAN AVE,113,,,,,,,2,NO INDICATION OF INJURY,0,0,0,0,0,5,0,17,2,9,41.87948933,-87.62449813,POINT (-87.624498124934 41.879489328698)
JC445677,,9/23/2019 17:50,30,NO CONTROLS,NO CONTROLS,CLEAR,DUSK,REAR END,DIVIDED - W/MEDIAN (NOT RAISED),,STRAIGHT AND LEVEL,DRY,NO DEFECTS,NOT ON SCENE (DESK REPORT),NO INJURY / DRIVE AWAY,,,,"OVER $1,500",9/23/2019 19:20,FOLLOWING TOO CLOSELY,UNABLE TO DETERMINE,1999,W,DIVISION ST,1212,,,,,,,2,NO INDICATION OF INJURY,0,0,0,0,0,2,0,17,2,9,41.90308242,-87.67719355,POINT (-87.677193550403 41.90308242198)
JC445664,,9/23/2019 17:50,30,TRAFFIC SIGNAL,FUNCTIONING PROPERLY,CLEAR,DUSK,SIDESWIPE SAME DIRECTION,FOUR WAY,,STRAIGHT AND LEVEL,DRY,UNKNOWN,NOT ON SCENE (DESK REPORT),NO INJURY / DRIVE AWAY,,,,"OVER $1,500",9/23/2019 19:00,IMPROPER LANE USAGE,IMPROPER OVERTAKING/PASSING,4385,S,ARCHER AVE,821,,,,,,,2,NO INDICATION OF INJURY,0,0,0,0,0,2,0,17,2,9,41.81369495,-87.70465802,POINT (-87.704658015436 41.813694950921)
JC445592,,9/23/2019 17:32,35,TRAFFIC SIGNAL,OTHER,CLEAR,DAYLIGHT,TURNING,FOUR WAY,,STRAIGHT AND LEVEL,DRY,NO DEFECTS,ON SCENE,INJURY AND / OR TOW DUE TO CRASH,Y,,,"OVER $1,500",9/23/2019 17:42,FAILING TO YIELD RIGHT-OF-WAY,NOT APPLICABLE,8700,S,VINCENNES AVE,2222,Y,Y,,,,,2,NO INDICATION OF INJURY,0,0,0,0,0,3,0,17,2,9,41.73600657,-87.64534182,POINT (-87.64534181898 41.736006564585)
JC448476,,9/23/2019 17:30,15,NO CONTROLS,NO CONTROLS,CLEAR,DAYLIGHT,FIXED OBJECT,ALLEY,,STRAIGHT AND LEVEL,DRY,OTHER,NOT ON SCENE (DESK REPORT),NO INJURY / DRIVE AWAY,,,,$500 OR LESS,9/25/2019 20:15,UNABLE TO DETERMINE,NOT APPLICABLE,4818,W,VAN BUREN ST,1533,,,,,,,1,NO INDICATION OF INJURY,0,0,0,0,0,1,0,17,2,9,41.8750761,-87.7457892,POINT (-87.745789196116 41.875076102636)
JC447049,,9/23/2019 17:30,30,TRAFFIC SIGNAL,FUNCTIONING PROPERLY,CLEAR,DAYLIGHT,REAR END,NOT DIVIDED,,STRAIGHT AND LEVEL,DRY,NO DEFECTS,NOT ON SCENE (DESK REPORT),NO INJURY / DRIVE AWAY,,,Y,"$501 - $1,500",9/24/2019 19:25,UNABLE TO DETERMINE,UNABLE TO DETERMINE,4750,W,WASHINGTON BLVD,1113,,,,,,,2,NO INDICATION OF INJURY,0,0,0,0,0,2,0,17,2,9,41.88192914,-87.74491336,POINT (-87.744913363735 41.881929139077)
JC445808,,9/23/2019 17:30,30,TRAFFIC SIGNAL,FUNCTIONING PROPERLY,CLEAR,DAYLIGHT,REAR END,NOT DIVIDED,,STRAIGHT AND LEVEL,DRY,NO DEFECTS,NOT ON SCENE (DESK REPORT),INJURY AND / OR TOW DUE TO CRASH,Y,,,"$501 - $1,500",9/23/2019 21:20,UNABLE TO DETERMINE,NOT APPLICABLE,4779,W,55TH ST,813,,,,,,,2,"REPORTED, NOT EVIDENT",1,0,0,0,1,1,0,17,2,9,41.79290655,-87.74275903,POINT (-87.742759026672 41.792906551635)
JC445609,,9/23/2019 17:30,10,NO CONTROLS,NO CONTROLS,CLEAR,DAYLIGHT,ANGLE,ALLEY,,STRAIGHT AND LEVEL,UNKNOWN,NO DEFECTS,NOT ON SCENE (DESK REPORT),NO INJURY / DRIVE AWAY,,,Y,"$501 - $1,500",9/23/2019 18:12,UNABLE TO DETERMINE,UNABLE TO DETERMINE,9000,S,EXCHANGE AVE,423,,,,,,,2,NO INDICATION OF INJURY,0,0,0,0,0,2,0,17,2,9,41.73168217,-87.55282373,POINT (-87.55282372631 41.731682166115)
JC445565,,9/23/2019 17:30,30,NO CONTROLS,NO CONTROLS,CLEAR,DAYLIGHT,TURNING,NOT DIVIDED,,STRAIGHT AND LEVEL,DRY,NO DEFECTS,NOT ON SCENE (DESK REPORT),NO INJURY / DRIVE AWAY,,,,"$501 - $1,500",9/23/2019 18:00,FAILING TO YIELD RIGHT-OF-WAY,FAILING TO YIELD RIGHT-OF-WAY,3867,S,ARCHER AVE,911,,,,,,,2,NO INDICATION OF INJURY,0,0,0,0,0,3,0,17,2,9,41.82315835,-87.68923665,POINT (-87.689236647236 41.823158345079)
JC445534,,9/23/2019 17:30,30,TRAFFIC SIGNAL,FUNCTIONING PROPERLY,CLEAR,DAYLIGHT,PEDESTRIAN,FOUR WAY,,STRAIGHT AND LEVEL,DRY,NO DEFECTS,ON SCENE,NO INJURY / DRIVE AWAY,,,Y,$500 OR LESS,9/23/2019 17:30,UNABLE TO DETERMINE,UNABLE TO DETERMINE,420,S,PULASKI RD,1132,,,,,,,2,NO INDICATION OF INJURY,0,0,0,0,0,2,0,17,2,9,41.87453731,-87.7255969,POINT (-87.725596901652 41.874537312209)
JC445516,,9/23/2019 17:26,20,NO CONTROLS,NO CONTROLS,CLEAR,DAYLIGHT,PEDESTRIAN,OTHER,,STRAIGHT AND LEVEL,DRY,NO DEFECTS,ON SCENE,INJURY AND / OR TOW DUE TO CRASH,,,,$500 OR LESS,9/23/2019 17:27,UNABLE TO DETERMINE,NOT APPLICABLE,5,W,TERMINAL ST,1655,,,,,,,2,NONINCAPACITATING INJURY,1,0,0,1,0,2,0,17,2,9,,,
JC445637,,9/23/2019 17:25,30,TRAFFIC SIGNAL,FUNCTIONING PROPERLY,CLEAR,DAYLIGHT,REAR END,DIVIDED - W/MEDIAN (NOT RAISED),,STRAIGHT AND LEVEL,DRY,NO DEFECTS,NOT ON SCENE (DESK REPORT),INJURY AND / OR TOW DUE TO CRASH,,,,"OVER $1,500",9/23/2019 19:15,FOLLOWING TOO CLOSELY,NOT APPLICABLE,400,N,MICHIGAN AVE,1834,,,,,,,2,NONINCAPACITATING INJURY,1,0,0,1,0,1,0,17,2,9,41.88939788,-87.6243904,POINT (-87.624390394571 41.8893978833)
JC445510,,9/23/2019 17:24,15,NO CONTROLS,NO CONTROLS,CLEAR,DAYLIGHT,REAR TO REAR,PARKING LOT,,STRAIGHT AND LEVEL,DRY,UNKNOWN,NOT ON SCENE (DESK REPORT),NO INJURY / DRIVE AWAY,,Y,,$500 OR LESS,9/23/2019 17:30,NOT APPLICABLE,NOT APPLICABLE,87,W,87TH ST,634,,,,,,,2,NO INDICATION OF INJURY,0,0,0,0,0,2,0,17,2,9,41.73614513,-87.62691784,POINT (-87.626917843973 41.736145128237)
JC446248,,9/23/2019 17:15,30,TRAFFIC SIGNAL,FUNCTIONING PROPERLY,CLEAR,DAYLIGHT,TURNING,DIVIDED - W/MEDIAN (NOT RAISED),,STRAIGHT AND LEVEL,DRY,NO DEFECTS,NOT ON SCENE (DESK REPORT),NO INJURY / DRIVE AWAY,Y,,,$500 OR LESS,9/24/2019 10:10,IMPROPER TURNING/NO SIGNAL,NOT APPLICABLE,1241,W,GRAND AVE,1215,,,,,,,2,NO INDICATION OF INJURY,0,0,0,0,0,2,0,17,2,9,41.89095328,-87.65894032,POINT (-87.658940317543 41.890953274719)
JC445535,,9/23/2019 17:15,30,UNKNOWN,UNKNOWN,CLEAR,DAYLIGHT,PEDALCYCLIST,NOT DIVIDED,,STRAIGHT AND LEVEL,DRY,UNKNOWN,ON SCENE,INJURY AND / OR TOW DUE TO CRASH,,,,"$501 - $1,500",9/23/2019 17:25,NOT APPLICABLE,NOT APPLICABLE,1356,W,AUGUSTA BLVD,1213,,,Y,,,,2,NONINCAPACITATING INJURY,1,0,0,1,0,0,0,17,2,9,41.89989685,-87.66242933,POINT (-87.662429325831 41.899896852924)
JC445508,,9/23/2019 17:15,30,NO CONTROLS,NO CONTROLS,CLEAR,DAYLIGHT,REAR TO SIDE,ALLEY,,STRAIGHT AND LEVEL,DRY,UNKNOWN,ON SCENE,INJURY AND / OR TOW DUE TO CRASH,,,,$500 OR LESS,9/23/2019 17:15,IMPROPER BACKING,UNABLE TO DETERMINE,1932,W,DIVERSEY PKWY,1931,,,,,,,2,"REPORTED, NOT EVIDENT",1,0,0,0,1,1,0,17,2,9,41.93241523,-87.67650831,POINT (-87.676508306318 41.932415232313)
JC449288,Y,9/23/2019 17:05,30,NO CONTROLS,NO CONTROLS,CLEAR,DAYLIGHT,PEDALCYCLIST,NOT DIVIDED,,STRAIGHT AND LEVEL,DRY,NO DEFECTS,NOT ON SCENE (DESK REPORT),NO INJURY / DRIVE AWAY,,,,"$501 - $1,500",9/26/2019 14:10,FOLLOWING TOO CLOSELY,NOT APPLICABLE,6758,N,RICHMOND ST,2412,,,,,,,2,NO INDICATION OF INJURY,0,0,0,0,0,2,0,17,2,9,42.00468748,-87.70355999,POINT (-87.703559987388 42.00468748446)