RD_NO,CRASH_DATE_EST_I,CRASH_DATE,POSTED_SPEED_LIMIT,TRAFFIC_CONTROL_DEVICE,DEVICE_CONDITION,WEATHER_CONDITION,LIGHTING_CONDITION,FIRST_CRASH_TYPE,TRAFFICWAY_TYPE,LANE_CNT,ALIGNMENT,ROADWAY_SURFACE_COND,ROAD_DEFECT,REPORT_TYPE,CRASH_TYPE,INTERSECTION_RELATED_I,NOT_RIGHT_OF_WAY_I,HIT_AND_RUN_I,DAMAGE,DATE_POLICE_NOTIFIED,PRIM_CONTRIBUTORY_CAUSE,SEC_CONTRIBUTORY_CAUSE,STREET_NO,STREET_DIRECTION,STREET_NAME,BEAT_OF_OCCURRENCE,PHOTOS_TAKEN_I,STATEMENTS_TAKEN_I,DOORING_I,WORK_ZONE_I,WORK_ZONE_TYPE,WORKERS_PRESENT_I,NUM_UNITS,MOST_SEVERE_INJURY,INJURIES_TOTAL,INJURIES_FATAL,INJURIES_INCAPACITATING,INJURIES_NON_INCAPACITATING,INJURIES_REPORTED_NOT_EVIDENT,INJURIES_NO_INDICATION,INJURIES_UNKNOWN,CRASH_HOUR,CRASH_DAY_OF_WEEK,CRASH_MONTH,LATITUDE,LONGITUDE,LOCATION
JC445708,,9/23/2019 17:00,30,STOP SIGN/FLASHER,FUNCTIONING PROPERLY,CLEAR,DAYLIGHT,SIDESWIPE SAME DIRECTION,FOUR WAY,,STRAIGHT AND LEVEL,DRY,UNKNOWN,NOT ON SCENE (DESK REPORT),NO INJURY / DRIVE AWAY,,,Y,"OVER $1,500",9/23/2019 19:37,IMPROPER OVERTAKING/PASSING,IMPROPER OVERTAKING/PASSING,8001,S,ANTHONY AVE,411,,,,,,,2,NO INDICATION OF INJURY,0,0,0,0,0,2,0,17,2,9,41.74971896,-87.58601561,POINT (-87.586015609322 41.749718957939)
JC445603,,9/23/2019 17:00,30,NO CONTROLS,NO CONTROLS,CLEAR,DAYLIGHT,PARKED MOTOR VEHICLE,NOT DIVIDED,,STRAIGHT AND LEVEL,DRY,NO DEFECTS,NOT ON SCENE (DESK REPORT),NO INJURY / DRIVE AWAY,,,,"$501 - $1,500",9/23/2019 18:18,UNABLE TO DETERMINE,NOT APPLICABLE,2204,N,AVERS AVE,2525,,,,,,,2,NO INDICATION OF INJURY,0,0,0,0,0,1,0,17,2,9,41.92107232,-87.72315107,POINT (-87.723151069559 41.92107231996)
JC445538,,9/23/2019 17:00,30,UNKNOWN,UNKNOWN,UNKNOWN,UNKNOWN,REAR END,NOT DIVIDED,,STRAIGHT AND LEVEL,UNKNOWN,UNKNOWN,NOT ON SCENE (DESK REPORT),NO INJURY / DRIVE AWAY,,,Y,"OVER $1,500",9/23/2019 18:00,UNABLE TO DETERMINE,UNABLE TO DETERMINE,3532,W,OGDEN AVE,1021,,,,,,,2,NO INDICATION OF INJURY,0,0,0,0,0,2,0,17,2,9,41.85513081,-87.71381423,POINT (-87.713814226949 41.855130806831)
JC445514,N,9/23/2019 17:00,30,NO CONTROLS,NO CONTROLS,CLEAR,DAYLIGHT,REAR TO SIDE,PARKING LOT,,STRAIGHT AND LEVEL,DRY,NO DEFECTS,ON SCENE,NO INJURY / DRIVE AWAY,,,,$500 OR LESS,9/23/2019 17:30,IMPROPER BACKING,NOT APPLICABLE,4637,W,83RD PL,834,,,,,,,2,NO INDICATION OF INJURY,0,0,0,0,0,2,0,17,2,9,41.74117071,-87.737016,POINT (-87.737015997497 41.741170707421)
JC445463,,9/23/2019 16:56,30,STOP SIGN/FLASHER,FUNCTIONING PROPERLY,CLEAR,DAYLIGHT,PEDESTRIAN,FOUR WAY,,STRAIGHT AND LEVEL,DRY,NO DEFECTS,ON SCENE,INJURY AND / OR TOW DUE TO CRASH,Y,,,$500 OR LESS,9/23/2019 16:56,FAILING TO YIELD RIGHT-OF-WAY,DISREGARDING STOP SIGN,2200,W,35TH ST,912,,,,,,,2,"REPORTED, NOT EVIDENT",1,0,0,0,1,1,0,16,2,9,41.83044589,-87.68022832,POINT (-87.680228321346 41.830445889961)
JC445572,,9/23/2019 16:55,30,TRAFFIC SIGNAL,FUNCTIONING PROPERLY,CLEAR,DAYLIGHT,TURNING,NOT DIVIDED,,STRAIGHT AND LEVEL,DRY,NO DEFECTS,NOT ON SCENE (DESK REPORT),NO INJURY / DRIVE AWAY,Y,,,"$501 - $1,500",9/23/2019 18:03,UNABLE TO DETERMINE,UNABLE TO DETERMINE,141,W,ONTARIO ST,1832,,,,,,,2,NO INDICATION OF INJURY,0,0,0,0,0,2,0,16,2,9,41.89309668,-87.63270808,POINT (-87.632708080475 41.893096676422)
JC445489,,9/23/2019 16:55,30,TRAFFIC SIGNAL,FUNCTIONING PROPERLY,CLEAR,DAYLIGHT,SIDESWIPE SAME DIRECTION,NOT DIVIDED,,STRAIGHT AND LEVEL,DRY,NO DEFECTS,NOT ON SCENE (DESK REPORT),NO INJURY / DRIVE AWAY,Y,,,"$501 - $1,500",9/23/2019 17:33,UNABLE TO DETERMINE,UNABLE TO DETERMINE,811,N,ORLEANS ST,1823,,,,,,,2,NO INDICATION OF INJURY,0,0,0,0,0,2,0,16,2,9,41.89696985,-87.63703786,POINT (-87.637037857012 41.896969844904)
JC446157,,9/23/2019 16:50,30,TRAFFIC SIGNAL,FUNCTIONING PROPERLY,CLEAR,DAYLIGHT,TURNING,DIVIDED - W/MEDIAN (NOT RAISED),,STRAIGHT AND LEVEL,DRY,NO DEFECTS,,NO INJURY / DRIVE AWAY,Y,,,"OVER $1,500",9/24/2019 8:40,DRIVING SKILLS/KNOWLEDGE/EXPERIENCE,UNABLE TO DETERMINE,3000,W,31ST ST,1033,,,,,,,2,NO INDICATION OF INJURY,0,0,0,0,0,2,0,16,2,9,41.83743204,-87.70005063,POINT (-87.700050631359 41.837432034579)
JC454253,,9/23/2019 16:45,30,NO CONTROLS,NO CONTROLS,CLEAR,DAYLIGHT,SIDESWIPE SAME DIRECTION,NOT DIVIDED,,STRAIGHT AND LEVEL,UNKNOWN,UNKNOWN,NOT ON SCENE (DESK REPORT),NO INJURY / DRIVE AWAY,,,Y,"$501 - $1,500",9/30/2019 13:25,UNABLE TO DETERMINE,UNABLE TO DETERMINE,2356,W,MARQUETTE RD,832,,,,,,,2,NO INDICATION OF INJURY,0,0,0,0,0,2,0,16,2,9,41.77209032,-87.68328822,POINT (-87.683288215944 41.772090322815)
JC445457,,9/23/2019 16:45,30,STOP SIGN/FLASHER,NO CONTROLS,CLEAR,DAYLIGHT,PEDESTRIAN,TRAFFIC ROUTE,,STRAIGHT AND LEVEL,DRY,NO DEFECTS,ON SCENE,NO INJURY / DRIVE AWAY,Y,,,$500 OR LESS,9/23/2019 16:54,FAILING TO YIELD RIGHT-OF-WAY,FAILING TO YIELD RIGHT-OF-WAY,6499,N,CAMPBELL AVE,2412,,Y,,,,,2,NO INDICATION OF INJURY,0,0,0,0,0,2,0,16,2,9,41.99941403,-87.69222232,POINT (-87.692222316354 41.999414032587)
JC445450,,9/23/2019 16:43,35,NO CONTROLS,NO CONTROLS,CLEAR,DAYLIGHT,REAR END,NOT DIVIDED,,STRAIGHT AND LEVEL,DRY,NO DEFECTS,ON SCENE,NO INJURY / DRIVE AWAY,,,,"OVER $1,500",9/23/2019 16:44,FOLLOWING TOO CLOSELY,NOT APPLICABLE,2256,W,59TH ST,824,,,,,,,2,NO INDICATION OF INJURY,0,0,0,0,0,2,0,16,2,9,41.78665168,-87.68107056,POINT (-87.681070557494 41.786651676687)
JC445462,,9/23/2019 16:40,30,NO CONTROLS,NO CONTROLS,CLEAR,DAYLIGHT,TURNING,NOT DIVIDED,,STRAIGHT AND LEVEL,DRY,NO DEFECTS,NOT ON SCENE (DESK REPORT),NO INJURY / DRIVE AWAY,,,,"OVER $1,500",9/23/2019 16:55,UNABLE TO DETERMINE,NOT APPLICABLE,6201,N,MC CORMICK RD,1711,,,,,,,2,NO INDICATION OF INJURY,0,0,0,0,0,2,0,16,2,9,41.99454312,-87.7138932,POINT (-87.713893198948 41.994543114578)
JC445422,,9/23/2019 16:38,25,STOP SIGN/FLASHER,FUNCTIONING PROPERLY,CLEAR,DAYLIGHT,ANGLE,NOT DIVIDED,,STRAIGHT AND LEVEL,DRY,NO DEFECTS,ON SCENE,INJURY AND / OR TOW DUE TO CRASH,Y,,,"OVER $1,500",9/23/2019 16:39,DISREGARDING STOP SIGN,FAILING TO YIELD RIGHT-OF-WAY,2000,W,TOUHY AVE,2424,,,,,,,2,NONINCAPACITATING INJURY,2,0,0,2,0,1,0,16,2,9,42.01264394,-87.68039343,POINT (-87.680393429955 42.012643938605)
JC445425,,9/23/2019 16:36,30,NO CONTROLS,NO CONTROLS,CLEAR,DAYLIGHT,REAR END,DIVIDED - W/MEDIAN (NOT RAISED),,STRAIGHT AND LEVEL,DRY,NO DEFECTS,ON SCENE,NO INJURY / DRIVE AWAY,,,,"$501 - $1,500",9/23/2019 16:50,FAILING TO REDUCE SPEED TO AVOID CRASH,NOT APPLICABLE,5010,S,KEDZIE AVE,821,,,,,,,3,NO INDICATION OF INJURY,0,0,0,0,0,3,0,16,2,9,41.80221556,-87.70395368,POINT (-87.703953677017 41.802215560827)
JC445429,,9/23/2019 16:30,30,TRAFFIC SIGNAL,FUNCTIONING PROPERLY,CLEAR,DAYLIGHT,ANGLE,T-INTERSECTION,,STRAIGHT AND LEVEL,DRY,NO DEFECTS,ON SCENE,INJURY AND / OR TOW DUE TO CRASH,Y,,,"OVER $1,500",9/23/2019 16:43,DISREGARDING TRAFFIC SIGNALS,NOT APPLICABLE,2200,N,PULASKI RD,2525,,,,,,,2,NONINCAPACITATING INJURY,2,0,0,2,0,3,0,16,2,9,41.92091598,-87.72681717,POINT (-87.726817165711 41.920915978434)
JC446527,,9/23/2019 16:27,15,NO CONTROLS,NO CONTROLS,CLEAR,DAYLIGHT,PARKED MOTOR VEHICLE,PARKING LOT,,STRAIGHT AND LEVEL,DRY,NO DEFECTS,NOT ON SCENE (DESK REPORT),NO INJURY / DRIVE AWAY,,,Y,"$501 - $1,500",9/24/2019 13:50,UNABLE TO DETERMINE,UNABLE TO DETERMINE,2112,W,PETERSON AVE,2413,,,,,,,2,NO INDICATION OF INJURY,0,0,0,0,0,1,0,16,2,9,41.99072922,-87.68297945,POINT (-87.682979453599 41.990729217961)
JC445447,,9/23/2019 16:25,30,TRAFFIC SIGNAL,FUNCTIONING PROPERLY,CLEAR,DAYLIGHT,REAR END,DIVIDED - W/MEDIAN (NOT RAISED),,STRAIGHT AND LEVEL,DRY,UNKNOWN,NOT ON SCENE (DESK REPORT),NO INJURY / DRIVE AWAY,,,,"$501 - $1,500",9/23/2019 17:02,UNABLE TO DETERMINE,UNABLE TO DETERMINE,5804,N,WESTERN AVE,2011,,,,,,,2,NO INDICATION OF INJURY,0,0,0,0,0,2,0,16,2,9,41.98701297,-87.68970315,POINT (-87.68970315271 41.987012969978)
JC445420,,9/23/2019 16:20,35,STOP SIGN/FLASHER,FUNCTIONING PROPERLY,CLEAR,DAYLIGHT,TURNING,DIVIDED - W/MEDIAN (NOT RAISED),,STRAIGHT AND LEVEL,DRY,NO DEFECTS,NOT ON SCENE (DESK REPORT),NO INJURY / DRIVE AWAY,,,Y,$500 OR LESS,9/23/2019 16:40,IMPROPER OVERTAKING/PASSING,NOT APPLICABLE,3500,W,55TH ST,822,,,,,,,2,NO INDICATION OF INJURY,0,0,0,0,0,2,0,16,2,9,41.79351317,-87.71101454,POINT (-87.711014534694 41.793513173132)
JC445409,,9/23/2019 16:10,30,STOP SIGN/FLASHER,FUNCTIONING PROPERLY,CLEAR,DAYLIGHT,FIXED OBJECT,DIVIDED - W/MEDIAN (NOT RAISED),,STRAIGHT AND LEVEL,DRY,NO DEFECTS,ON SCENE,NO INJURY / DRIVE AWAY,,,Y,"$501 - $1,500",9/23/2019 16:11,UNABLE TO DETERMINE,NOT APPLICABLE,3759,S,WOLCOTT AVE,912,,,,,,,1,NO INDICATION OF INJURY,0,0,0,0,0,3,0,16,2,9,41.82503738,-87.67253824,POINT (-87.672538242332 41.825037376336)
JC445397,,9/23/2019 16:10,30,TRAFFIC SIGNAL,FUNCTIONING PROPERLY,CLEAR,DAYLIGHT,HEAD ON,NOT DIVIDED,,STRAIGHT AND LEVEL,DRY,NO DEFECTS,ON SCENE,INJURY AND / OR TOW DUE TO CRASH,,,Y,"OVER $1,500",9/23/2019 16:15,DRIVING ON WRONG SIDE/WRONG WAY,NOT APPLICABLE,451,N,PULASKI RD,1122,,,,,,,2,NO INDICATION OF INJURY,0,0,0,0,0,3,0,16,2,9,41.88946483,-87.72576845,POINT (-87.725768449183 41.889464829972)
JC445384,,9/23/2019 16:10,35,TRAFFIC SIGNAL,FUNCTIONING PROPERLY,CLEAR,DAYLIGHT,ANGLE,UNKNOWN INTERSECTION TYPE,,STRAIGHT AND LEVEL,DRY,NO DEFECTS,ON SCENE,INJURY AND / OR TOW DUE TO CRASH,Y,,,"OVER $1,500",9/23/2019 16:47,DISREGARDING TRAFFIC SIGNALS,DRIVING SKILLS/KNOWLEDGE/EXPERIENCE,624,N,CLARK ST,1832,,,,,,,2,"REPORTED, NOT EVIDENT",2,0,0,0,2,1,0,16,2,9,41.89318763,-87.63131472,POINT (-87.631314720159 41.893187628353)
JC445560,,9/23/2019 16:00,35,NO CONTROLS,NO CONTROLS,CLEAR,DAYLIGHT,REAR END,NOT DIVIDED,,STRAIGHT AND LEVEL,DRY,NO DEFECTS,NOT ON SCENE (DESK REPORT),NO INJURY / DRIVE AWAY,,,,"OVER $1,500",9/23/2019 17:45,FOLLOWING TOO CLOSELY,UNABLE TO DETERMINE,7612,S,SOUTH CHICAGO AVE,411,,,,,,,3,NO INDICATION OF INJURY,0,0,0,0,0,3,0,16,2,9,41.75651166,-87.59275858,POINT (-87.592758574989 41.756511655446)
JC445411,,9/23/2019 16:00,45,NO CONTROLS,NO CONTROLS,CLEAR,DAYLIGHT,TURNING,NOT DIVIDED,,STRAIGHT AND LEVEL,DRY,NO DEFECTS,ON SCENE,NO INJURY / DRIVE AWAY,Y,,,"OVER $1,500",9/23/2019 16:05,FAILING TO YIELD RIGHT-OF-WAY,DRIVING SKILLS/KNOWLEDGE/EXPERIENCE,3232,N,KIMBALL AVE,1732,,,,,,,4,NO INDICATION OF INJURY,0,0,0,0,0,5,0,16,2,9,41.94025592,-87.7126828,POINT (-87.712682803538 41.940255923478)
JC445426,,9/23/2019 15:58,30,STOP SIGN/FLASHER,NO CONTROLS,CLEAR,DAYLIGHT,SIDESWIPE SAME DIRECTION,NOT DIVIDED,,STRAIGHT AND LEVEL,DRY,NO DEFECTS,ON SCENE,INJURY AND / OR TOW DUE TO CRASH,Y,,,"OVER $1,500",9/23/2019 16:55,FAILING TO REDUCE SPEED TO AVOID CRASH,UNABLE TO DETERMINE,1430,E,55TH ST,234,,,,,,,2,NO INDICATION OF INJURY,0,0,0,0,0,7,0,15,2,9,41.79562932,-87.59041658,POINT (-87.590416583796 41.795629317402)
JC445375,,9/23/2019 15:58,30,NO CONTROLS,NO CONTROLS,CLEAR,DAYLIGHT,PEDESTRIAN,DIVIDED - W/MEDIAN (NOT RAISED),,STRAIGHT AND LEVEL,DRY,NO DEFECTS,ON SCENE,INJURY AND / OR TOW DUE TO CRASH,,,,$500 OR LESS,9/23/2019 15:58,NOT APPLICABLE,NOT APPLICABLE,3342,W,FOSTER AVE,1712,,,,,,,2,NONINCAPACITATING INJURY,1,0,0,1,0,1,0,15,2,9,41.97581086,-87.71286935,POINT (-87.712869353818 41.975810855178)
JC451963,,9/23/2019 15:50,30,OTHER REG. SIGN,OTHER,CLEAR,DAYLIGHT,PARKED MOTOR VEHICLE,DIVIDED - W/MEDIAN BARRIER,,STRAIGHT AND LEVEL,DRY,NO DEFECTS,NOT ON SCENE (DESK REPORT),NO INJURY / DRIVE AWAY,,,,"$501 - $1,500",9/28/2019 15:00,UNABLE TO DETERMINE,FAILING TO YIELD RIGHT-OF-WAY,437,W,NORTH AVE,1821,,,,,,,2,NO INDICATION OF INJURY,0,0,0,0,0,2,0,15,2,9,41.91098375,-87.64003157,POINT (-87.640031571677 41.910983753618)
JC445416,,9/23/2019 15:45,30,NO CONTROLS,NO CONTROLS,CLEAR,DAYLIGHT,SIDESWIPE SAME DIRECTION,DIVIDED - W/MEDIAN (NOT RAISED),,STRAIGHT AND LEVEL,DRY,NO DEFECTS,ON SCENE,NO INJURY / DRIVE AWAY,,,,"OVER $1,500",9/23/2019 15:50,FAILING TO YIELD RIGHT-OF-WAY,NOT APPLICABLE,2851,N,NARRAGANSETT AVE,2511,,,,,,,2,NO INDICATION OF INJURY,0,0,0,0,0,2,0,15,2,9,41.93251579,-87.78559285,POINT (-87.785592854041 41.932515788707)
JC445337,,9/23/2019 15:44,30,NO CONTROLS,NO CONTROLS,CLEAR,DAYLIGHT,REAR END,DIVIDED - W/MEDIAN BARRIER,,STRAIGHT AND LEVEL,DRY,UNKNOWN,ON SCENE,INJURY AND / OR TOW DUE TO CRASH,,,,"OVER $1,500",9/23/2019 15:47,FAILING TO REDUCE SPEED TO AVOID CRASH,FAILING TO REDUCE SPEED TO AVOID CRASH,2138,W,69TH ST,726,,,,,,,4,NO INDICATION OF INJURY,0,0,0,0,0,4,0,15,2,9,41.76850582,-87.67776699,POINT (-87.677766990592 41.768505819491)
JC445342,,9/23/2019 15:38,30,NO CONTROLS,NO CONTROLS,CLEAR,DAYLIGHT,REAR END,NOT DIVIDED,,STRAIGHT AND LEVEL,DRY,NO DEFECTS,ON SCENE,INJURY AND / OR TOW DUE TO CRASH,,,,"OVER $1,500",9/23/2019 15:38,FOLLOWING TOO CLOSELY,NOT APPLICABLE,6612,W,FOSTER AVE,1613,,,,,,,3,NO INDICATION OF INJURY,0,0,0,0,0,3,0,15,2,9,41.97571917,-87.79332995,POINT (-87.793329945598 41.975719168272)
JC445332,,9/23/2019 15:34,30,NO CONTROLS,NO CONTROLS,CLEAR,DAYLIGHT,PARKED MOTOR VEHICLE,NOT DIVIDED,,STRAIGHT AND LEVEL,DRY,NO DEFECTS,ON SCENE,NO INJURY / DRIVE AWAY,,,,"OVER $1,500",9/23/2019 15:34,FAILING TO YIELD RIGHT-OF-WAY,NOT APPLICABLE,5705,S,STATE ST,232,,,,,,,2,NO INDICATION OF INJURY,0,0,0,0,0,2,0,15,2,9,41.79083385,-87.62545717,POINT (-87.625457166149 41.790833851411)
JC445328,,9/23/2019 15:33,30,NO CONTROLS,NO CONTROLS,CLEAR,DAYLIGHT,SIDESWIPE SAME DIRECTION,NOT DIVIDED,,STRAIGHT AND LEVEL,DRY,NO DEFECTS,ON SCENE,INJURY AND / OR TOW DUE TO CRASH,,,,$500 OR LESS,9/23/2019 15:33,IMPROPER LANE USAGE,IMPROPER OVERTAKING/PASSING,29,N,DAMEN AVE,1223,,,,,,,3,"REPORTED, NOT EVIDENT",1,0,0,0,1,2,0,15,2,9,41.88218834,-87.67651496,POINT (-87.676514961878 41.882188338796)
JC445528,,9/23/2019 15:30,30,TRAFFIC SIGNAL,FUNCTIONING PROPERLY,CLEAR,DAYLIGHT,REAR END,FOUR WAY,,STRAIGHT AND LEVEL,DRY,UNKNOWN,NOT ON SCENE (DESK REPORT),NO INJURY / DRIVE AWAY,,,,"OVER $1,500",9/23/2019 17:40,FOLLOWING TOO CLOSELY,FAILING TO REDUCE SPEED TO AVOID CRASH,6100,S,STATE ST,311,,,,,,,2,NO INDICATION OF INJURY,0,0,0,0,0,2,0,15,2,9,41.78368541,-87.62556248,POINT (-87.625562477833 41.783685406962)
JC445448,,9/23/2019 15:30,30,NO CONTROLS,NO CONTROLS,UNKNOWN,DAYLIGHT,TURNING,DIVIDED - W/MEDIAN (NOT RAISED),,STRAIGHT AND LEVEL,UNKNOWN,UNKNOWN,NOT ON SCENE (DESK REPORT),NO INJURY / DRIVE AWAY,,,,"OVER $1,500",9/23/2019 16:50,FAILING TO YIELD RIGHT-OF-WAY,IMPROPER LANE USAGE,2800,S,ASHLAND AVE,912,,,,,,,2,NO INDICATION OF INJURY,0,0,0,0,0,2,0,15,2,9,41.84083718,-87.66597033,POINT (-87.665970331742 41.840837181762)
JC445336,,9/23/2019 15:30,30,NO CONTROLS,NO CONTROLS,CLEAR,DAYLIGHT,TURNING,DIVIDED - W/MEDIAN (NOT RAISED),,STRAIGHT AND LEVEL,DRY,NO DEFECTS,NOT ON SCENE (DESK REPORT),NO INJURY / DRIVE AWAY,,,,"OVER $1,500",9/23/2019 15:35,IMPROPER TURNING/NO SIGNAL,IMPROPER TURNING/NO SIGNAL,4651,N,PULASKI RD,1723,,,,,,,2,NO INDICATION OF INJURY,0,0,0,0,0,2,0,15,2,9,41.96609244,-87.72782139,POINT (-87.727821390464 41.966092442555)
JC445327,,9/23/2019 15:30,30,NO CONTROLS,NO CONTROLS,CLEAR,DAYLIGHT,SIDESWIPE SAME DIRECTION,DIVIDED - W/MEDIAN (NOT RAISED),,STRAIGHT AND LEVEL,DRY,NO DEFECTS,ON SCENE,INJURY AND / OR TOW DUE TO CRASH,,,,"OVER $1,500",9/23/2019 15:36,FAILING TO YIELD RIGHT-OF-WAY,NOT APPLICABLE,8244,S,LOOMIS BLVD,614,,,,,,,3,NO INDICATION OF INJURY,0,0,0,0,0,2,0,15,2,9,41.7436289,-87.65855653,POINT (-87.658556530696 41.743628903619)
JC445359,,9/23/2019 15:29,30,STOP SIGN/FLASHER,FUNCTIONING PROPERLY,CLEAR,DAYLIGHT,TURNING,NOT DIVIDED,,STRAIGHT ON GRADE,DRY,NO DEFECTS,ON SCENE,INJURY AND / OR TOW DUE TO CRASH,Y,,,"OVER $1,500",9/23/2019 15:48,FAILING TO YIELD RIGHT-OF-WAY,UNABLE TO DETERMINE,7400,N,RIDGE BLVD,2411,,,,,,,2,"REPORTED, NOT EVIDENT",3,0,0,0,3,1,0,15,2,9,42.01605426,-87.68439169,POINT (-87.684391686318 42.016054255925)
JC447069,,9/23/2019 15:28,10,NO CONTROLS,NO CONTROLS,CLEAR,DAYLIGHT,SIDESWIPE OPPOSITE DIRECTION,PARKING LOT,,STRAIGHT AND LEVEL,WET,NO DEFECTS,NOT ON SCENE (DESK REPORT),NO INJURY / DRIVE AWAY,,,,"OVER $1,500",9/24/2019 19:51,UNABLE TO DETERMINE,NOT APPLICABLE,5405,S,WENTWORTH AVE,225,,,,,,,2,NO INDICATION OF INJURY,0,0,0,0,0,3,0,15,2,9,41.79613664,-87.63040176,POINT (-87.630401757247 41.796136641163)
JC445304,,9/23/2019 15:20,30,STOP SIGN/FLASHER,FUNCTIONING PROPERLY,CLEAR,DAYLIGHT,TURNING,T-INTERSECTION,,STRAIGHT AND LEVEL,DRY,NO DEFECTS,ON SCENE,INJURY AND / OR TOW DUE TO CRASH,Y,,,"OVER $1,500",9/23/2019 15:20,IMPROPER TURNING/NO SIGNAL,FAILING TO YIELD RIGHT-OF-WAY,1371,W,CHICAGO AVE,1215,,,,,,,2,NONINCAPACITATING INJURY,1,0,0,1,0,1,0,15,2,9,41.89604365,-87.66218733,POINT (-87.662187327683 41.89604365076)
JC445357,,9/23/2019 15:14,35,NO CONTROLS,NO CONTROLS,CLEAR,DAYLIGHT,TURNING,NOT DIVIDED,,STRAIGHT AND LEVEL,DRY,NO DEFECTS,NOT ON SCENE (DESK REPORT),NO INJURY / DRIVE AWAY,,,,"OVER $1,500",9/23/2019 16:00,UNABLE TO DETERMINE,UNABLE TO DETERMINE,4748,W,FULLERTON AVE,2521,,,,,,,2,NO INDICATION OF INJURY,0,0,0,0,0,4,0,15,2,9,41.92435593,-87.74584951,POINT (-87.745849511135 41.924355928882)
JC445389,,9/23/2019 15:09,35,NO CONTROLS,NO CONTROLS,CLEAR,DAYLIGHT,REAR END,DIVIDED - W/MEDIAN (NOT RAISED),,STRAIGHT AND LEVEL,DRY,NO DEFECTS,ON SCENE,INJURY AND / OR TOW DUE TO CRASH,,,,"OVER $1,500",9/23/2019 15:58,FOLLOWING TOO CLOSELY,UNABLE TO DETERMINE,11401,S,PULASKI RD,2211,,,,,,,2,NONINCAPACITATING INJURY,1,0,0,1,0,1,0,15,2,9,41.68570694,-87.71997071,POINT (-87.719970711321 41.68570694167)
JC447080,,9/23/2019 15:00,30,TRAFFIC SIGNAL,FUNCTIONING PROPERLY,CLEAR,DAYLIGHT,SIDESWIPE SAME DIRECTION,ONE-WAY,,STRAIGHT AND LEVEL,DRY,NO DEFECTS,NOT ON SCENE (DESK REPORT),NO INJURY / DRIVE AWAY,,,,"$501 - $1,500",9/24/2019 17:45,FAILING TO YIELD RIGHT-OF-WAY,NOT APPLICABLE,1,E,KINZIE ST,1834,,,,,,,2,NO INDICATION OF INJURY,0,0,0,0,0,2,0,15,2,9,41.88914426,-87.62795528,POINT (-87.62795527466 41.889144262263)
JC446927,,9/23/2019 15:00,30,NO CONTROLS,NO CONTROLS,CLEAR,DAYLIGHT,PARKED MOTOR VEHICLE,PARKING LOT,,STRAIGHT AND LEVEL,DRY,NO DEFECTS,NOT ON SCENE (DESK REPORT),NO INJURY / DRIVE AWAY,,,Y,"$501 - $1,500",9/24/2019 17:40,UNABLE TO DETERMINE,UNABLE TO DETERMINE,5500,S,STATE ST,225,,,,,,,2,NO INDICATION OF INJURY,0,0,0,0,0,1,0,15,2,9,41.79422529,-87.62583602,POINT (-87.625836015583 41.79422529104)
JC446269,,9/23/2019 15:00,25,STOP SIGN/FLASHER,FUNCTIONING PROPERLY,CLEAR,DAYLIGHT,REAR END,DIVIDED - W/MEDIAN (NOT RAISED),,STRAIGHT AND LEVEL,DRY,NO DEFECTS,NOT ON SCENE (DESK REPORT),NO INJURY / DRIVE AWAY,Y,,,"OVER $1,500",9/24/2019 10:15,FOLLOWING TOO CLOSELY,UNABLE TO DETERMINE,2100,W,69TH ST,726,,,,,,,2,NO INDICATION OF INJURY,0,0,0,0,0,3,0,15,2,9,41.76852295,-87.67611784,POINT (-87.67611783725 41.768522950607)
JC445581,,9/23/2019 15:00,30,STOP SIGN/FLASHER,FUNCTIONING PROPERLY,CLEAR,DAYLIGHT,ANGLE,NOT DIVIDED,,STRAIGHT AND LEVEL,DRY,NO DEFECTS,ON SCENE,INJURY AND / OR TOW DUE TO CRASH,Y,,Y,"OVER $1,500",9/23/2019 17:43,FAILING TO YIELD RIGHT-OF-WAY,FAILING TO REDUCE SPEED TO AVOID CRASH,1032,W,69TH ST,724,,,,,,,2,NO INDICATION OF INJURY,0,0,0,0,0,4,0,15,2,9,41.76885674,-87.65063531,POINT (-87.650635309427 41.768856738093)
JC445551,,9/23/2019 15:00,30,TRAFFIC SIGNAL,FUNCTIONING PROPERLY,CLEAR,DAYLIGHT,ANGLE,NOT DIVIDED,,STRAIGHT AND LEVEL,DRY,NO DEFECTS,NOT ON SCENE (DESK REPORT),NO INJURY / DRIVE AWAY,,,,"$501 - $1,500",9/23/2019 18:00,UNABLE TO DETERMINE,NOT APPLICABLE,4748,W,FULLERTON AVE,2521,,,,,,,2,NO INDICATION OF INJURY,0,0,0,0,0,4,0,15,2,9,41.92435593,-87.74584951,POINT (-87.745849511135 41.924355928882)
JC445395,,9/23/2019 15:00,30,NO CONTROLS,NO CONTROLS,CLEAR,DAYLIGHT,REAR END,DIVIDED - W/MEDIAN (NOT RAISED),,STRAIGHT AND LEVEL,DRY,NO DEFECTS,NOT ON SCENE (DESK REPORT),NO INJURY / DRIVE AWAY,,,,"OVER $1,500",9/23/2019 16:30,FOLLOWING TOO CLOSELY,UNABLE TO DETERMINE,7600,S,MORGAN ST,612,,,,,,,2,NO INDICATION OF INJURY,0,0,0,0,0,2,0,15,2,9,41.75593733,-87.64917707,POINT (-87.649177064754 41.755937329993)