RD_NO,CRASH_DATE_EST_I,CRASH_DATE,POSTED_SPEED_LIMIT,TRAFFIC_CONTROL_DEVICE,DEVICE_CONDITION,WEATHER_CONDITION,LIGHTING_CONDITION,FIRST_CRASH_TYPE,TRAFFICWAY_TYPE,LANE_CNT,ALIGNMENT,ROADWAY_SURFACE_COND,ROAD_DEFECT,REPORT_TYPE,CRASH_TYPE,INTERSECTION_RELATED_I,NOT_RIGHT_OF_WAY_I,HIT_AND_RUN_I,DAMAGE,DATE_POLICE_NOTIFIED,PRIM_CONTRIBUTORY_CAUSE,SEC_CONTRIBUTORY_CAUSE,STREET_NO,STREET_DIRECTION,STREET_NAME,BEAT_OF_OCCURRENCE,PHOTOS_TAKEN_I,STATEMENTS_TAKEN_I,DOORING_I,WORK_ZONE_I,WORK_ZONE_TYPE,WORKERS_PRESENT_I,NUM_UNITS,MOST_SEVERE_INJURY,INJURIES_TOTAL,INJURIES_FATAL,INJURIES_INCAPACITATING,INJURIES_NON_INCAPACITATING,INJURIES_REPORTED_NOT_EVIDENT,INJURIES_NO_INDICATION,INJURIES_UNKNOWN,CRASH_HOUR,CRASH_DAY_OF_WEEK,CRASH_MONTH,LATITUDE,LONGITUDE,LOCATION
JC445180,Y,9/23/2019 13:00,30,TRAFFIC SIGNAL,FUNCTIONING PROPERLY,CLEAR,DAYLIGHT,SIDESWIPE SAME DIRECTION,NOT DIVIDED,,STRAIGHT AND LEVEL,DRY,NO DEFECTS,NOT ON SCENE (DESK REPORT),NO INJURY / DRIVE AWAY,Y,,,"OVER $1,500",9/23/2019 13:45,DRIVING SKILLS/KNOWLEDGE/EXPERIENCE,UNABLE TO DETERMINE,4001,W,DIVISION ST,1111,,,,,,,2,NO INDICATION OF INJURY,0,0,0,0,0,2,0,13,2,9,41.90256025,-87.72635947,POINT (-87.726359466751 41.902560253776)
JC445156,,9/23/2019 13:00,30,STOP SIGN/FLASHER,FUNCTIONING PROPERLY,CLEAR,DAYLIGHT,REAR END,DIVIDED - W/MEDIAN (NOT RAISED),,STRAIGHT AND LEVEL,DRY,NO DEFECTS,NOT ON SCENE (DESK REPORT),NO INJURY / DRIVE AWAY,Y,,,"OVER $1,500",9/23/2019 13:28,UNABLE TO DETERMINE,UNABLE TO DETERMINE,2700,W,TOUHY AVE,2411,,,,,,,2,NO INDICATION OF INJURY,0,0,0,0,0,2,0,13,2,9,42.01222954,-87.69747499,POINT (-87.697474985947 42.012229542311)
JC445223,,9/23/2019 12:44,30,TRAFFIC SIGNAL,FUNCTIONING PROPERLY,CLEAR,DAYLIGHT,REAR END,NOT DIVIDED,,STRAIGHT AND LEVEL,DRY,NO DEFECTS,,NO INJURY / DRIVE AWAY,Y,,,"$501 - $1,500",9/23/2019 14:19,UNABLE TO DETERMINE,PHYSICAL CONDITION OF DRIVER,653,N,MICHIGAN AVE,1834,,,,,,,2,NO INDICATION OF INJURY,0,0,0,0,0,4,0,12,2,9,41.89409702,-87.62408976,POINT (-87.624089758746 41.894097019689)
JC445092,,9/23/2019 12:38,30,TRAFFIC SIGNAL,FUNCTIONING PROPERLY,CLEAR,DAYLIGHT,ANGLE,DIVIDED - W/MEDIAN (NOT RAISED),,STRAIGHT AND LEVEL,DRY,NO DEFECTS,ON SCENE,INJURY AND / OR TOW DUE TO CRASH,Y,,,"OVER $1,500",9/23/2019 12:40,DISREGARDING TRAFFIC SIGNALS,FAILING TO REDUCE SPEED TO AVOID CRASH,1200,N,PULASKI RD,2534,,,,,,,5,"REPORTED, NOT EVIDENT",2,0,0,0,2,4,0,12,2,9,41.9027139,-87.72645146,POINT (-87.726451457158 41.902713901936)
JC445106,,9/23/2019 12:32,30,TRAFFIC SIGNAL,FUNCTIONING PROPERLY,CLEAR,DAYLIGHT,TURNING,FOUR WAY,,STRAIGHT AND LEVEL,DRY,NO DEFECTS,ON SCENE,NO INJURY / DRIVE AWAY,Y,,,"OVER $1,500",9/23/2019 12:35,DISREGARDING ROAD MARKINGS,NOT APPLICABLE,301,E,ROOSEVELT DR,132,,,,,,,2,NO INDICATION OF INJURY,0,0,0,0,0,2,0,12,2,9,41.86740398,-87.62032413,POINT (-87.620324125727 41.867403983361)
JC445190,,9/23/2019 12:30,15,OTHER,OTHER,CLEAR,DAYLIGHT,REAR END,RAMP,,STRAIGHT ON GRADE,DRY,OTHER,ON SCENE,NO INJURY / DRIVE AWAY,,,,$500 OR LESS,9/23/2019 13:35,NOT APPLICABLE,NOT APPLICABLE,3152,S,CALIFORNIA AVE,1033,,,,,,,2,NO INDICATION OF INJURY,0,0,0,0,0,2,0,12,2,9,41.83514681,-87.69511176,POINT (-87.695111763208 41.835146810007)
JC445155,,9/23/2019 12:30,20,NO CONTROLS,NO CONTROLS,CLEAR,DAYLIGHT,PARKED MOTOR VEHICLE,ONE-WAY,,STRAIGHT AND LEVEL,DRY,UNKNOWN,NOT ON SCENE (DESK REPORT),NO INJURY / DRIVE AWAY,,,,"$501 - $1,500",9/23/2019 13:30,UNABLE TO DETERMINE,UNABLE TO DETERMINE,9015,S,CREGIER AVE,413,,,,,,,2,NO INDICATION OF INJURY,0,0,0,0,0,1,0,12,2,9,41.73103271,-87.58028842,POINT (-87.580288421978 41.731032708668)
JC445134,,9/23/2019 12:30,30,TRAFFIC SIGNAL,FUNCTIONING PROPERLY,CLEAR,DAYLIGHT,REAR END,FOUR WAY,,STRAIGHT AND LEVEL,DRY,NO DEFECTS,NOT ON SCENE (DESK REPORT),NO INJURY / DRIVE AWAY,,,,"$501 - $1,500",9/23/2019 13:15,DISTRACTION - FROM INSIDE VEHICLE,NOT APPLICABLE,1800,N,ASHLAND AVE,1433,,,,,,,2,NO INDICATION OF INJURY,0,0,0,0,0,2,0,12,2,9,41.91430949,-87.66794804,POINT (-87.667948034665 41.914309489771)
JC445090,,9/23/2019 12:30,30,NO CONTROLS,NO CONTROLS,CLEAR,DAYLIGHT,REAR TO FRONT,ONE-WAY,,STRAIGHT AND LEVEL,DRY,NO DEFECTS,ON SCENE,NO INJURY / DRIVE AWAY,,,,"OVER $1,500",9/23/2019 12:35,IMPROPER BACKING,DRIVING ON WRONG SIDE/WRONG WAY,3515,W,18TH ST,1021,,,,,,,2,NO INDICATION OF INJURY,0,0,0,0,0,2,0,12,2,9,41.85705623,-87.71341877,POINT (-87.713418764766 41.857056226463)
JC445091,,9/23/2019 12:26,30,TRAFFIC SIGNAL,FUNCTIONING PROPERLY,CLEAR,DAYLIGHT,PEDALCYCLIST,NOT DIVIDED,,STRAIGHT AND LEVEL,DRY,NO DEFECTS,ON SCENE,NO INJURY / DRIVE AWAY,Y,,Y,$500 OR LESS,9/23/2019 12:34,FAILING TO YIELD RIGHT-OF-WAY,IMPROPER OVERTAKING/PASSING,674,N,ST CLAIR ST,1834,,,,,,,2,NO INDICATION OF INJURY,0,0,0,0,0,2,0,12,2,9,41.89477982,-87.62289959,POINT (-87.622899590137 41.894779823835)
JC445115,,9/23/2019 12:24,30,NO CONTROLS,NO CONTROLS,CLEAR,DAYLIGHT,REAR END,DIVIDED - W/MEDIAN BARRIER,,STRAIGHT AND LEVEL,DRY,NO DEFECTS,ON SCENE,INJURY AND / OR TOW DUE TO CRASH,Y,,Y,"OVER $1,500",9/23/2019 12:24,FOLLOWING TOO CLOSELY,NOT APPLICABLE,646,N,MICHIGAN AVE,1834,,,,,,,2,NONINCAPACITATING INJURY,1,0,0,1,0,2,0,12,2,9,41.89397335,-87.62438152,POINT (-87.624381518625 41.893973347467)
JC445118,,9/23/2019 12:20,30,NO CONTROLS,NO CONTROLS,CLEAR,DAYLIGHT,SIDESWIPE OPPOSITE DIRECTION,NOT DIVIDED,,STRAIGHT AND LEVEL,UNKNOWN,UNKNOWN,NOT ON SCENE (DESK REPORT),NO INJURY / DRIVE AWAY,,,,"$501 - $1,500",9/23/2019 12:56,IMPROPER OVERTAKING/PASSING,IMPROPER OVERTAKING/PASSING,869,W,BUENA AVE,1915,,,,,,,2,NO INDICATION OF INJURY,0,0,0,0,0,2,0,12,2,9,41.95834533,-87.65256562,POINT (-87.652565617659 41.958345329334)
JC445089,,9/23/2019 12:15,25,NO CONTROLS,NO CONTROLS,CLEAR,DAYLIGHT,PARKED MOTOR VEHICLE,NOT DIVIDED,,STRAIGHT AND LEVEL,DRY,NO DEFECTS,NOT ON SCENE (DESK REPORT),NO INJURY / DRIVE AWAY,,,Y,"$501 - $1,500",9/23/2019 12:40,UNABLE TO DETERMINE,NOT APPLICABLE,5706,W,ADAMS BLVD,1513,,,,,,,2,NO INDICATION OF INJURY,0,0,0,0,0,1,0,12,2,9,41.87781344,-87.76837445,POINT (-87.768374446844 41.877813442281)
JC445644,,9/23/2019 12:10,30,NO CONTROLS,NO CONTROLS,CLEAR,DAYLIGHT,TURNING,NOT DIVIDED,,STRAIGHT AND LEVEL,DRY,NO DEFECTS,NOT ON SCENE (DESK REPORT),NO INJURY / DRIVE AWAY,,,,"$501 - $1,500",9/23/2019 18:50,FAILING TO YIELD RIGHT-OF-WAY,UNABLE TO DETERMINE,5700,W,IRVING PARK RD,1624,,,,,,,2,NO INDICATION OF INJURY,0,0,0,0,0,2,0,12,2,9,41.95325817,-87.76951203,POINT (-87.769512027417 41.95325816953)
JC445236,,9/23/2019 12:00,30,NO CONTROLS,NO CONTROLS,CLEAR,DAYLIGHT,REAR END,NOT DIVIDED,,STRAIGHT AND LEVEL,DRY,NO DEFECTS,NOT ON SCENE (DESK REPORT),NO INJURY / DRIVE AWAY,,,,"$501 - $1,500",9/23/2019 14:28,NOT APPLICABLE,NOT APPLICABLE,3950,W,87TH ST,834,,,,,,,2,NO INDICATION OF INJURY,0,0,0,0,0,2,0,12,2,9,41.73497734,-87.72097248,POINT (-87.720972481856 41.734977334547)
JC445119,,9/23/2019 12:00,30,NO CONTROLS,NO CONTROLS,CLEAR,DAYLIGHT,REAR END,NOT DIVIDED,,STRAIGHT AND LEVEL,DRY,NO DEFECTS,NOT ON SCENE (DESK REPORT),NO INJURY / DRIVE AWAY,,,,"OVER $1,500",9/23/2019 13:00,FOLLOWING TOO CLOSELY,UNABLE TO DETERMINE,5398,W,MONTROSE AVE,1623,,,,,,,2,NO INDICATION OF INJURY,0,0,0,0,0,2,0,12,2,9,41.96065342,-87.76219484,POINT (-87.762194835191 41.960653414952)
JC445071,,9/23/2019 12:00,30,STOP SIGN/FLASHER,FUNCTIONING PROPERLY,CLEAR,DAYLIGHT,REAR END,DIVIDED - W/MEDIAN (NOT RAISED),,STRAIGHT AND LEVEL,DRY,NO DEFECTS,NOT ON SCENE (DESK REPORT),NO INJURY / DRIVE AWAY,,,,"$501 - $1,500",9/23/2019 12:45,UNABLE TO DETERMINE,UNABLE TO DETERMINE,1943,W,OGDEN AVE,1231,,,,,,,2,NO INDICATION OF INJURY,0,0,0,0,0,2,0,12,2,9,41.87377118,-87.67501435,POINT (-87.675014344848 41.873771177939)
JC445066,,9/23/2019 12:00,30,NO CONTROLS,NO CONTROLS,CLEAR,DAYLIGHT,REAR END,DIVIDED - W/MEDIAN BARRIER,,STRAIGHT AND LEVEL,DRY,NO DEFECTS,ON SCENE,NO INJURY / DRIVE AWAY,,,,"OVER $1,500",9/23/2019 12:00,IMPROPER OVERTAKING/PASSING,NOT APPLICABLE,3200,S,WESTERN AVE,911,,,,Y,CONSTRUCTION,,2,NO INDICATION OF INJURY,0,0,0,0,0,5,0,12,2,9,41.83518974,-87.68536904,POINT (-87.685369035365 41.835189744358)
JC445029,,9/23/2019 11:51,30,TRAFFIC SIGNAL,FUNCTIONING PROPERLY,CLEAR,DAYLIGHT,SIDESWIPE SAME DIRECTION,OTHER,,STRAIGHT AND LEVEL,DRY,NO DEFECTS,ON SCENE,NO INJURY / DRIVE AWAY,,,Y,"OVER $1,500",9/23/2019 11:51,UNABLE TO DETERMINE,NOT APPLICABLE,2397,N,LINCOLN AVE,1812,,Y,,,,,2,NO INDICATION OF INJURY,0,0,0,0,0,3,0,11,2,9,41.92547849,-87.64858436,POINT (-87.648584354704 41.925478485205)
JC445097,,9/23/2019 11:50,30,NO CONTROLS,NO CONTROLS,CLEAR,DAYLIGHT,PARKED MOTOR VEHICLE,ONE-WAY,,STRAIGHT AND LEVEL,DRY,NO DEFECTS,ON SCENE,NO INJURY / DRIVE AWAY,,,Y,"OVER $1,500",9/23/2019 12:24,IMPROPER BACKING,UNABLE TO DETERMINE,530,S,CLINTON ST,124,,,,,,,2,NO INDICATION OF INJURY,0,0,0,0,0,1,0,11,2,9,41.87456862,-87.64110777,POINT (-87.641107774424 41.874568617734)
JC445303,,9/23/2019 11:48,15,NO CONTROLS,NO CONTROLS,CLEAR,DAYLIGHT,FIXED OBJECT,ALLEY,,STRAIGHT AND LEVEL,DRY,NO DEFECTS,NOT ON SCENE (DESK REPORT),NO INJURY / DRIVE AWAY,,N,,"OVER $1,500",9/23/2019 15:25,UNABLE TO DETERMINE,UNABLE TO DETERMINE,4834,S,OAKLEY AVE,931,,,,,,,2,NO INDICATION OF INJURY,0,0,0,0,0,1,0,11,2,9,41.80561227,-87.68204209,POINT (-87.682042093281 41.80561226467)
JC445207,,9/23/2019 11:42,30,TRAFFIC SIGNAL,FUNCTIONING PROPERLY,CLEAR,DAYLIGHT,SIDESWIPE SAME DIRECTION,NOT DIVIDED,,STRAIGHT AND LEVEL,DRY,NO DEFECTS,NOT ON SCENE (DESK REPORT),NO INJURY / DRIVE AWAY,,,Y,$500 OR LESS,9/23/2019 14:00,UNABLE TO DETERMINE,UNABLE TO DETERMINE,2045,S,CANALPORT AVE,1235,,,,,,,2,NO INDICATION OF INJURY,0,0,0,0,0,2,0,11,2,9,41.85473909,-87.64625162,POINT (-87.646251622946 41.854739093362)
JC445036,,9/23/2019 11:40,25,TRAFFIC SIGNAL,FUNCTIONING PROPERLY,CLEAR,DAYLIGHT,SIDESWIPE SAME DIRECTION,NOT DIVIDED,,STRAIGHT AND LEVEL,DRY,NO DEFECTS,ON SCENE,NO INJURY / DRIVE AWAY,Y,,,"OVER $1,500",9/23/2019 11:40,UNABLE TO DETERMINE,NOT APPLICABLE,1100,W,BRYN MAWR AVE,2022,,,,,,,2,NO INDICATION OF INJURY,0,0,0,0,0,2,0,11,2,9,41.98376648,-87.65811162,POINT (-87.658111624033 41.983766484494)
JC445009,,9/23/2019 11:37,35,STOP SIGN/FLASHER,FUNCTIONING PROPERLY,CLEAR,DAYLIGHT,SIDESWIPE SAME DIRECTION,NOT DIVIDED,,STRAIGHT AND LEVEL,DRY,NO DEFECTS,ON SCENE,NO INJURY / DRIVE AWAY,,,Y,"$501 - $1,500",9/23/2019 11:43,IMPROPER OVERTAKING/PASSING,NOT APPLICABLE,1601,W,111TH ST,2234,,,,,,,2,NO INDICATION OF INJURY,0,0,0,0,0,3,0,11,2,9,41.69200698,-87.66191614,POINT (-87.661916140413 41.692006982799)
JC455767,,9/23/2019 11:30,20,TRAFFIC SIGNAL,FUNCTIONING PROPERLY,CLEAR,DAYLIGHT,TURNING,NOT DIVIDED,,STRAIGHT AND LEVEL,DRY,NO DEFECTS,NOT ON SCENE (DESK REPORT),NO INJURY / DRIVE AWAY,,,,"OVER $1,500",10/1/2019 14:40,FOLLOWING TOO CLOSELY,NOT APPLICABLE,1600,W,IRVING PARK RD,1912,,,,,,,2,NO INDICATION OF INJURY,0,0,0,0,0,2,0,11,2,9,41.9543993,-87.66911287,POINT (-87.669112865433 41.954399303703)
JC445005,,9/23/2019 11:25,35,NO CONTROLS,NO CONTROLS,CLEAR,DAYLIGHT,TURNING,NOT DIVIDED,,STRAIGHT AND LEVEL,DRY,UNKNOWN,ON SCENE,INJURY AND / OR TOW DUE TO CRASH,,,,"OVER $1,500",9/23/2019 11:30,UNABLE TO DETERMINE,UNABLE TO DETERMINE,2930,W,87TH ST,835,,,,,,,2,NONINCAPACITATING INJURY,1,0,0,1,0,1,0,11,2,9,41.7354089,-87.69588442,POINT (-87.695884422375 41.735408899035)
JC445007,,9/23/2019 11:20,35,TRAFFIC SIGNAL,FUNCTIONING PROPERLY,CLEAR,DAYLIGHT,TURNING,DIVIDED - W/MEDIAN (NOT RAISED),,STRAIGHT AND LEVEL,DRY,UNKNOWN,NOT ON SCENE (DESK REPORT),NO INJURY / DRIVE AWAY,,,,$500 OR LESS,9/23/2019 11:50,IMPROPER TURNING/NO SIGNAL,NOT APPLICABLE,4002,N,ASHLAND AVE,1912,,,,,,,2,NO INDICATION OF INJURY,0,0,0,0,0,2,0,11,2,9,41.95443636,-87.66920114,POINT (-87.669201144233 41.954436354953)
JC444978,,9/23/2019 11:20,30,STOP SIGN/FLASHER,FUNCTIONING PROPERLY,CLEAR,DAYLIGHT,REAR END,T-INTERSECTION,,STRAIGHT AND LEVEL,DRY,NO DEFECTS,ON SCENE,NO INJURY / DRIVE AWAY,Y,,,"OVER $1,500",9/23/2019 11:25,FOLLOWING TOO CLOSELY,UNABLE TO DETERMINE,7199,N,MASON AVE,1621,,,,,,,2,NO INDICATION OF INJURY,0,0,0,0,0,2,0,11,2,9,42.01191197,-87.77400608,POINT (-87.774006082613 42.011911973074)
JC444966,,9/23/2019 11:18,30,NO CONTROLS,NO CONTROLS,CLEAR,DAYLIGHT,TURNING,NOT DIVIDED,,STRAIGHT AND LEVEL,DRY,NO DEFECTS,ON SCENE,INJURY AND / OR TOW DUE TO CRASH,,,,"OVER $1,500",9/23/2019 11:19,FAILING TO YIELD RIGHT-OF-WAY,NOT APPLICABLE,6501,W,DEVON AVE,1611,,,,,,,2,"REPORTED, NOT EVIDENT",2,0,0,0,2,1,0,11,2,9,41.99722862,-87.78994422,POINT (-87.789944224079 41.997228614814)
JC444976,Y,9/23/2019 11:13,30,TRAFFIC SIGNAL,FUNCTIONING PROPERLY,CLEAR,DAYLIGHT,ANGLE,DIVIDED - W/MEDIAN (NOT RAISED),,STRAIGHT AND LEVEL,DRY,NO DEFECTS,,INJURY AND / OR TOW DUE TO CRASH,Y,,Y,"OVER $1,500",9/23/2019 11:18,"OPERATING VEHICLE IN ERRATIC, RECKLESS, CARELESS, NEGLIGENT OR AGGRESSIVE MANNER",UNABLE TO DETERMINE,2800,W,CONGRESS PKWY,1135,N,Y,,,,,2,NONINCAPACITATING INJURY,1,0,0,1,0,2,0,11,2,9,41.87500857,-87.69624567,POINT (-87.696245665367 41.875008567703)
JC444988,,9/23/2019 11:12,30,TRAFFIC SIGNAL,FUNCTIONING PROPERLY,CLEAR,DAYLIGHT,TURNING,FOUR WAY,,STRAIGHT AND LEVEL,DRY,UNKNOWN,ON SCENE,INJURY AND / OR TOW DUE TO CRASH,Y,,,"OVER $1,500",9/23/2019 11:31,DISREGARDING TRAFFIC SIGNALS,FAILING TO YIELD RIGHT-OF-WAY,4901,W,NORTH AVE,2533,,,,,,,2,NO INDICATION OF INJURY,0,0,0,0,0,3,0,11,2,9,41.90948219,-87.74869831,POINT (-87.748698310623 41.909482191491)
JC444979,,9/23/2019 11:12,30,TRAFFIC SIGNAL,FUNCTIONING PROPERLY,CLEAR,DAYLIGHT,SIDESWIPE SAME DIRECTION,NOT DIVIDED,,STRAIGHT AND LEVEL,DRY,NO DEFECTS,ON SCENE,NO INJURY / DRIVE AWAY,,,,"OVER $1,500",9/23/2019 11:18,UNABLE TO DETERMINE,UNABLE TO DETERMINE,3950,W,PALMER ST,2525,,,,,,,2,NO INDICATION OF INJURY,0,0,0,0,0,2,0,11,2,9,41.92093866,-87.72628756,POINT (-87.726287555468 41.920938662385)
JC445193,,9/23/2019 11:10,30,NO CONTROLS,NO CONTROLS,CLEAR,DAYLIGHT,REAR TO FRONT,ONE-WAY,,STRAIGHT AND LEVEL,DRY,UNKNOWN,NOT ON SCENE (DESK REPORT),NO INJURY / DRIVE AWAY,,,Y,"$501 - $1,500",9/23/2019 14:39,IMPROPER BACKING,NOT APPLICABLE,1439,S,KEDVALE AVE,1011,,,,,,,2,NO INDICATION OF INJURY,0,0,0,0,0,3,0,11,2,9,41.86130405,-87.72854809,POINT (-87.728548090945 41.86130405276)
JC445026,,9/23/2019 11:10,30,STOP SIGN/FLASHER,FUNCTIONING PROPERLY,CLEAR,DAYLIGHT,SIDESWIPE SAME DIRECTION,NOT DIVIDED,,STRAIGHT AND LEVEL,DRY,NO DEFECTS,ON SCENE,INJURY AND / OR TOW DUE TO CRASH,Y,,,"OVER $1,500",9/23/2019 11:51,IMPROPER TURNING/NO SIGNAL,UNABLE TO DETERMINE,1300,S,WOOD ST,1233,,,,,,,2,NO INDICATION OF INJURY,0,0,0,0,0,2,0,11,2,9,41.86496363,-87.67144409,POINT (-87.671444086516 41.864963633556)
JC444987,,9/23/2019 11:10,30,NO CONTROLS,NO CONTROLS,CLEAR,DAYLIGHT,SIDESWIPE SAME DIRECTION,NOT DIVIDED,,STRAIGHT AND LEVEL,DRY,NO DEFECTS,NOT ON SCENE (DESK REPORT),NO INJURY / DRIVE AWAY,,,,"OVER $1,500",9/23/2019 11:51,FAILING TO YIELD RIGHT-OF-WAY,UNABLE TO DETERMINE,444,W,LAKE ST,1214,,,,,,,2,NO INDICATION OF INJURY,0,0,0,0,0,2,0,11,2,9,41.8858297,-87.63980644,POINT (-87.639806435619 41.885829703835)
JC447774,,9/23/2019 11:00,25,NO CONTROLS,NO CONTROLS,CLEAR,DAYLIGHT,PARKED MOTOR VEHICLE,NOT DIVIDED,,STRAIGHT AND LEVEL,DRY,NO DEFECTS,NOT ON SCENE (DESK REPORT),NO INJURY / DRIVE AWAY,,,Y,"OVER $1,500",9/25/2019 11:45,UNABLE TO DETERMINE,UNABLE TO DETERMINE,4350,W,62ND ST,813,,,,,,,2,NO INDICATION OF INJURY,0,0,0,0,0,1,0,11,2,9,41.78047995,-87.73218113,POINT (-87.732181128535 41.780479945152)
JC445432,,9/23/2019 11:00,30,NO CONTROLS,NO CONTROLS,CLEAR,DAYLIGHT,ANGLE,PARKING LOT,,STRAIGHT AND LEVEL,DRY,NO DEFECTS,NOT ON SCENE (DESK REPORT),NO INJURY / DRIVE AWAY,,Y,,"$501 - $1,500",9/23/2019 16:55,IMPROPER BACKING,NOT APPLICABLE,1951,N,WESTERN AVE,1434,,,,,,,2,NO INDICATION OF INJURY,0,0,0,0,0,3,0,11,2,9,41.91710363,-87.68724877,POINT (-87.687248767006 41.917103631009)
JC444977,,9/23/2019 11:00,25,NO CONTROLS,NO CONTROLS,CLEAR,DAYLIGHT,FIXED OBJECT,NOT DIVIDED,,STRAIGHT AND LEVEL,DRY,NO DEFECTS,ON SCENE,INJURY AND / OR TOW DUE TO CRASH,,,,"OVER $1,500",9/23/2019 11:02,IMPROPER TURNING/NO SIGNAL,NOT APPLICABLE,727,W,OHARE ST,1654,,,,,,,4,NO INDICATION OF INJURY,0,0,0,0,0,1,0,11,2,9,,,
JC444951,,9/23/2019 11:00,35,NO CONTROLS,NO CONTROLS,CLEAR,DAYLIGHT,SIDESWIPE SAME DIRECTION,NOT DIVIDED,,STRAIGHT AND LEVEL,DRY,NO DEFECTS,ON SCENE,NO INJURY / DRIVE AWAY,,,,"$501 - $1,500",9/23/2019 11:05,IMPROPER OVERTAKING/PASSING,NOT APPLICABLE,1100,W,SHERIDAN RD,2432,,,,,,,2,NO INDICATION OF INJURY,0,0,0,0,0,3,0,11,2,9,41.99831354,-87.65913308,POINT (-87.65913308383 41.998313537585)
JC444945,,9/23/2019 10:48,30,STOP SIGN/FLASHER,OTHER,CLEAR,DAYLIGHT,TURNING,NOT DIVIDED,,STRAIGHT AND LEVEL,DRY,NO DEFECTS,ON SCENE,INJURY AND / OR TOW DUE TO CRASH,Y,,,"OVER $1,500",9/23/2019 10:52,NOT APPLICABLE,NOT APPLICABLE,300,N,LARAMIE AVE,1523,,,,,,,2,NONINCAPACITATING INJURY,2,0,0,2,0,1,0,10,2,9,41.88571429,-87.75540908,POINT (-87.755409077735 41.885714287582)
JC444936,Y,9/23/2019 10:48,30,STOP SIGN/FLASHER,FUNCTIONING PROPERLY,CLEAR,DAYLIGHT,TURNING,DIVIDED - W/MEDIAN BARRIER,,STRAIGHT AND LEVEL,DRY,NO DEFECTS,ON SCENE,INJURY AND / OR TOW DUE TO CRASH,Y,,,"OVER $1,500",9/23/2019 10:48,FAILING TO YIELD RIGHT-OF-WAY,NOT APPLICABLE,8100,S,EVANS AVE,631,,,,,,,2,NO INDICATION OF INJURY,0,0,0,0,0,3,0,10,2,9,41.7475153,-87.60649006,POINT (-87.60649005894 41.747515295044)
JC444917,,9/23/2019 10:48,30,TRAFFIC SIGNAL,FUNCTIONING PROPERLY,CLEAR,DAYLIGHT,TURNING,FOUR WAY,,STRAIGHT AND LEVEL,DRY,NO DEFECTS,ON SCENE,INJURY AND / OR TOW DUE TO CRASH,Y,,,"OVER $1,500",9/23/2019 10:48,IMPROPER TURNING/NO SIGNAL,FAILING TO YIELD RIGHT-OF-WAY,3200,N,LAKE SHORE DR SB,1925,,,,,,,2,NO INDICATION OF INJURY,0,0,0,0,0,2,0,10,2,9,41.9404429,-87.63863354,POINT (-87.638633539238 41.940442902597)
JC444947,,9/23/2019 10:45,30,STOP SIGN/FLASHER,FUNCTIONING PROPERLY,CLEAR,DAYLIGHT,ANGLE,NOT DIVIDED,,STRAIGHT AND LEVEL,DRY,NO DEFECTS,NOT ON SCENE (DESK REPORT),NO INJURY / DRIVE AWAY,,,,"OVER $1,500",9/23/2019 11:10,FAILING TO YIELD RIGHT-OF-WAY,UNABLE TO DETERMINE,7301,S,PRAIRIE AVE,323,,,,,,,2,NO INDICATION OF INJURY,0,0,0,0,0,2,0,10,2,9,41.76190946,-87.61824616,POINT (-87.618246160923 41.761909461638)
JC445077,,9/23/2019 10:40,30,TRAFFIC SIGNAL,FUNCTIONING PROPERLY,CLEAR,DAYLIGHT,SIDESWIPE SAME DIRECTION,DIVIDED - W/MEDIAN (NOT RAISED),,STRAIGHT AND LEVEL,DRY,NO DEFECTS,NOT ON SCENE (DESK REPORT),NO INJURY / DRIVE AWAY,Y,,,"OVER $1,500",9/23/2019 12:30,DISTRACTION - FROM OUTSIDE VEHICLE,IMPROPER OVERTAKING/PASSING,6740,W,IRVING PARK RD,1632,,,,,,,2,NO INDICATION OF INJURY,0,0,0,0,0,2,0,10,2,9,41.95286876,-87.79547632,POINT (-87.795476323718 41.952868755694)
JC444909,,9/23/2019 10:40,30,TRAFFIC SIGNAL,FUNCTIONING PROPERLY,CLEAR,DAYLIGHT,REAR END,DIVIDED - W/MEDIAN (NOT RAISED),,STRAIGHT AND LEVEL,DRY,NO DEFECTS,ON SCENE,INJURY AND / OR TOW DUE TO CRASH,,,Y,"$501 - $1,500",9/23/2019 11:05,FOLLOWING TOO CLOSELY,NOT APPLICABLE,1800,S,MICHIGAN AVE,131,,,,,,,2,NONINCAPACITATING INJURY,1,0,0,1,0,1,0,10,2,9,41.85781285,-87.62407862,POINT (-87.624078614891 41.857812845238)
JC448351,,9/23/2019 10:30,30,NO CONTROLS,NO CONTROLS,CLEAR,DAYLIGHT,PARKED MOTOR VEHICLE,DIVIDED - W/MEDIAN (NOT RAISED),,STRAIGHT AND LEVEL,DRY,NO DEFECTS,NOT ON SCENE (DESK REPORT),NO INJURY / DRIVE AWAY,,,Y,"OVER $1,500",9/25/2019 18:45,UNABLE TO DETERMINE,UNABLE TO DETERMINE,3056,W,DEVON AVE,2412,,,,,,,2,NO INDICATION OF INJURY,0,0,0,0,0,1,0,10,2,9,41.99754347,-87.70680072,POINT (-87.70680071707 41.997543472224)