RD_NO,CRASH_DATE_EST_I,CRASH_DATE,POSTED_SPEED_LIMIT,TRAFFIC_CONTROL_DEVICE,DEVICE_CONDITION,WEATHER_CONDITION,LIGHTING_CONDITION,FIRST_CRASH_TYPE,TRAFFICWAY_TYPE,LANE_CNT,ALIGNMENT,ROADWAY_SURFACE_COND,ROAD_DEFECT,REPORT_TYPE,CRASH_TYPE,INTERSECTION_RELATED_I,NOT_RIGHT_OF_WAY_I,HIT_AND_RUN_I,DAMAGE,DATE_POLICE_NOTIFIED,PRIM_CONTRIBUTORY_CAUSE,SEC_CONTRIBUTORY_CAUSE,STREET_NO,STREET_DIRECTION,STREET_NAME,BEAT_OF_OCCURRENCE,PHOTOS_TAKEN_I,STATEMENTS_TAKEN_I,DOORING_I,WORK_ZONE_I,WORK_ZONE_TYPE,WORKERS_PRESENT_I,NUM_UNITS,MOST_SEVERE_INJURY,INJURIES_TOTAL,INJURIES_FATAL,INJURIES_INCAPACITATING,INJURIES_NON_INCAPACITATING,INJURIES_REPORTED_NOT_EVIDENT,INJURIES_NO_INDICATION,INJURIES_UNKNOWN,CRASH_HOUR,CRASH_DAY_OF_WEEK,CRASH_MONTH,LATITUDE,LONGITUDE,LOCATION
JC445717,Y,9/23/2019 10:30,30,NO CONTROLS,NO CONTROLS,CLEAR,DAYLIGHT,PARKED MOTOR VEHICLE,NOT DIVIDED,,STRAIGHT AND LEVEL,DRY,NO DEFECTS,NOT ON SCENE (DESK REPORT),NO INJURY / DRIVE AWAY,,,Y,"OVER $1,500",9/23/2019 19:40,UNABLE TO DETERMINE,DRIVING SKILLS/KNOWLEDGE/EXPERIENCE,5500,S,KIMBARK AVE,235,,,,,,,2,NO INDICATION OF INJURY,0,0,0,0,0,2,0,10,2,9,41.79499339,-87.59506829,POINT (-87.595068290161 41.794993391368)
JC445035,,9/23/2019 10:30,30,UNKNOWN,UNKNOWN,CLEAR,DAYLIGHT,REAR END,NOT DIVIDED,,STRAIGHT AND LEVEL,DRY,NO DEFECTS,NOT ON SCENE (DESK REPORT),NO INJURY / DRIVE AWAY,,,Y,"$501 - $1,500",9/23/2019 11:30,NOT APPLICABLE,FOLLOWING TOO CLOSELY,3432,S,PULASKI RD,1031,,,,,,,2,NO INDICATION OF INJURY,0,0,0,0,0,2,0,10,2,9,41.83117586,-87.72437436,POINT (-87.724374364454 41.831175855717)
JC445024,,9/23/2019 10:30,30,NO CONTROLS,NO CONTROLS,CLEAR,DAYLIGHT,FIXED OBJECT,OTHER,,STRAIGHT AND LEVEL,DRY,NO DEFECTS,NOT ON SCENE (DESK REPORT),NO INJURY / DRIVE AWAY,,Y,,"OVER $1,500",9/23/2019 12:00,DRIVING SKILLS/KNOWLEDGE/EXPERIENCE,NOT APPLICABLE,2940,W,CORTLAND ST,1421,,,,,,,1,NO INDICATION OF INJURY,0,0,0,0,0,1,0,10,2,9,41.91574831,-87.7008819,POINT (-87.700881898888 41.915748307098)
JC444985,,9/23/2019 10:30,30,NO CONTROLS,NO CONTROLS,CLEAR,DAYLIGHT,SIDESWIPE SAME DIRECTION,DIVIDED - W/MEDIAN (NOT RAISED),,STRAIGHT AND LEVEL,DRY,NO DEFECTS,NOT ON SCENE (DESK REPORT),NO INJURY / DRIVE AWAY,,,,"$501 - $1,500",9/23/2019 11:40,DRIVING SKILLS/KNOWLEDGE/EXPERIENCE,UNABLE TO DETERMINE,6620,W,ARCHER AVE,811,,,,,,,2,NO INDICATION OF INJURY,0,0,0,0,0,2,0,10,2,9,41.7923395,-87.78767222,POINT (-87.787672223409 41.792339498434)
JC444939,,9/23/2019 10:30,30,TRAFFIC SIGNAL,FUNCTIONING PROPERLY,CLEAR,DAYLIGHT,SIDESWIPE SAME DIRECTION,DIVIDED - W/MEDIAN BARRIER,,STRAIGHT AND LEVEL,DRY,NO DEFECTS,NOT ON SCENE (DESK REPORT),NO INJURY / DRIVE AWAY,,,,"OVER $1,500",9/23/2019 11:00,IMPROPER LANE USAGE,UNABLE TO DETERMINE,2200,W,PETERSON AVE,2413,,,,,,,2,NO INDICATION OF INJURY,0,0,0,0,0,2,0,10,2,9,41.990694,-87.68490038,POINT (-87.684900383101 41.990693997652)
JC444890,,9/23/2019 10:30,35,NO CONTROLS,NO CONTROLS,CLEAR,DAYLIGHT,SIDESWIPE SAME DIRECTION,NOT DIVIDED,,STRAIGHT AND LEVEL,DRY,NO DEFECTS,ON SCENE,INJURY AND / OR TOW DUE TO CRASH,,,,"OVER $1,500",9/23/2019 10:30,FAILING TO YIELD RIGHT-OF-WAY,NOT APPLICABLE,4915,N,AUSTIN AVE,1622,,,,,,,2,NONINCAPACITATING INJURY,2,0,0,2,0,0,0,10,2,9,41.97076907,-87.77813123,POINT (-87.778131225829 41.970769072398)
JC444881,,9/23/2019 10:30,25,STOP SIGN/FLASHER,FUNCTIONING PROPERLY,CLEAR,DAYLIGHT,REAR END,NOT DIVIDED,,STRAIGHT AND LEVEL,DRY,NO DEFECTS,ON SCENE,NO INJURY / DRIVE AWAY,,,Y,"$501 - $1,500",9/23/2019 10:37,FOLLOWING TOO CLOSELY,UNABLE TO DETERMINE,4832,N,MARINE DR,2024,,,,,,,2,NO INDICATION OF INJURY,0,0,0,0,0,4,0,10,2,9,41.97012462,-87.65006169,POINT (-87.650061688831 41.970124622051)
JC444877,,9/23/2019 10:21,30,TRAFFIC SIGNAL,FUNCTIONING PROPERLY,CLEAR,DAYLIGHT,REAR END,FOUR WAY,,STRAIGHT AND LEVEL,DRY,NO DEFECTS,ON SCENE,NO INJURY / DRIVE AWAY,Y,,,"OVER $1,500",9/23/2019 10:21,FAILING TO REDUCE SPEED TO AVOID CRASH,FOLLOWING TOO CLOSELY,4800,W,55TH ST,814,,,,,,,2,NO INDICATION OF INJURY,0,0,0,0,0,2,0,10,2,9,41.79312636,-87.74293177,POINT (-87.742931772386 41.793126358267)
JC444875,,9/23/2019 10:18,30,NO CONTROLS,NO CONTROLS,CLEAR,DAYLIGHT,TURNING,NOT DIVIDED,,STRAIGHT AND LEVEL,DRY,NO DEFECTS,ON SCENE,NO INJURY / DRIVE AWAY,,,,"OVER $1,500",9/23/2019 10:20,IMPROPER OVERTAKING/PASSING,FOLLOWING TOO CLOSELY,2241,S,PULASKI RD,1013,,,,,,,2,NO INDICATION OF INJURY,0,0,0,0,0,2,0,10,2,9,41.85023435,-87.72457683,POINT (-87.724576827002 41.850234345846)
JC457022,,9/23/2019 10:15,30,NO CONTROLS,NO CONTROLS,CLEAR,DAYLIGHT,SIDESWIPE SAME DIRECTION,NOT DIVIDED,,STRAIGHT AND LEVEL,DRY,NO DEFECTS,NOT ON SCENE (DESK REPORT),NO INJURY / DRIVE AWAY,,,,"$501 - $1,500",10/2/2019 11:30,UNABLE TO DETERMINE,UNABLE TO DETERMINE,832,N,STATE ST,1832,,,,,,,2,NO INDICATION OF INJURY,0,0,0,0,0,2,0,10,2,9,41.89768884,-87.62837402,POINT (-87.628374017088 41.897688839924)
JC444952,,9/23/2019 10:15,35,NO CONTROLS,NO CONTROLS,CLEAR,DAYLIGHT,SIDESWIPE SAME DIRECTION,PARKING LOT,,STRAIGHT AND LEVEL,DRY,NO DEFECTS,NOT ON SCENE (DESK REPORT),NO INJURY / DRIVE AWAY,,Y,,"OVER $1,500",9/23/2019 11:30,FAILING TO REDUCE SPEED TO AVOID CRASH,NOT APPLICABLE,1401,W,NORTH AVE,1433,,,,,,,2,NO INDICATION OF INJURY,0,0,0,0,0,2,0,10,2,9,41.91058895,-87.66284109,POINT (-87.662841089433 41.910588952288)
JC444916,,9/23/2019 10:15,35,NO CONTROLS,NO CONTROLS,CLEAR,DAYLIGHT,SIDESWIPE SAME DIRECTION,NOT DIVIDED,,STRAIGHT AND LEVEL,DRY,NO DEFECTS,NOT ON SCENE (DESK REPORT),NO INJURY / DRIVE AWAY,,,Y,"$501 - $1,500",9/23/2019 11:00,IMPROPER OVERTAKING/PASSING,IMPROPER OVERTAKING/PASSING,1100,N,LAKE SHORE DR SB,1824,,,,,,,2,NO INDICATION OF INJURY,0,0,0,0,0,3,0,10,2,9,41.90248165,-87.62422104,POINT (-87.624221043591 41.902481646226)
JC446483,,9/23/2019 10:00,30,NO CONTROLS,NO CONTROLS,CLEAR,DAYLIGHT,PARKED MOTOR VEHICLE,NOT DIVIDED,,STRAIGHT AND LEVEL,DRY,NO DEFECTS,NOT ON SCENE (DESK REPORT),NO INJURY / DRIVE AWAY,,,Y,"$501 - $1,500",9/24/2019 13:00,UNABLE TO DETERMINE,UNABLE TO DETERMINE,5920,S,ST LOUIS AVE,822,,,,,,,2,NO INDICATION OF INJURY,0,0,0,0,0,1,0,10,2,9,41.78540546,-87.71075054,POINT (-87.710750542529 41.7854054615)
JC446305,,9/23/2019 10:00,30,NO CONTROLS,NO CONTROLS,CLEAR,DAYLIGHT,PARKED MOTOR VEHICLE,ONE-WAY,,STRAIGHT AND LEVEL,DRY,NO DEFECTS,ON SCENE,NO INJURY / DRIVE AWAY,,,Y,"$501 - $1,500",9/24/2019 10:45,UNABLE TO DETERMINE,NOT APPLICABLE,5402,S,KOLIN AVE,815,,,,,,,2,NO INDICATION OF INJURY,0,0,0,0,0,1,0,10,2,9,41.79481235,-87.73193342,POINT (-87.731933415655 41.794812352388)
JC445709,,9/23/2019 10:00,15,NO CONTROLS,NO CONTROLS,CLEAR,DAYLIGHT,PARKED MOTOR VEHICLE,ONE-WAY,,STRAIGHT AND LEVEL,DRY,NO DEFECTS,NOT ON SCENE (DESK REPORT),INJURY AND / OR TOW DUE TO CRASH,,,Y,"OVER $1,500",9/23/2019 19:30,UNABLE TO DETERMINE,NOT APPLICABLE,420,N,LOCKWOOD AVE,1523,,,,,,,2,NO INDICATION OF INJURY,0,0,0,0,0,1,0,10,2,9,41.88840192,-87.75795413,POINT (-87.757954133069 41.888401916952)
JC445060,,9/23/2019 10:00,30,NO CONTROLS,NO CONTROLS,CLEAR,DAYLIGHT,PARKED MOTOR VEHICLE,PARKING LOT,,STRAIGHT AND LEVEL,DRY,UNKNOWN,ON SCENE,NO INJURY / DRIVE AWAY,,,Y,"OVER $1,500",9/23/2019 11:56,UNABLE TO DETERMINE,UNABLE TO DETERMINE,2320,E,93RD ST,413,,,,,,,2,NO INDICATION OF INJURY,0,0,0,0,0,1,0,10,2,9,41.72632923,-87.56727091,POINT (-87.567270908236 41.726329231443)
JC444922,,9/23/2019 10:00,30,NO CONTROLS,NO CONTROLS,CLEAR,DAYLIGHT,SIDESWIPE SAME DIRECTION,DIVIDED - W/MEDIAN (NOT RAISED),,STRAIGHT AND LEVEL,DRY,NO DEFECTS,NOT ON SCENE (DESK REPORT),NO INJURY / DRIVE AWAY,,,Y,"$501 - $1,500",9/23/2019 11:00,UNABLE TO DETERMINE,UNABLE TO DETERMINE,600,N,LAKE SHORE DR SB,1834,,,,,,,2,NO INDICATION OF INJURY,0,0,0,0,0,2,0,10,2,9,41.89266728,-87.61436255,POINT (-87.614362548909 41.89266727562)
JC444857,,9/23/2019 9:55,30,STOP SIGN/FLASHER,OTHER,CLEAR,DAYLIGHT,TURNING,DIVIDED - W/MEDIAN (NOT RAISED),,CURVE ON HILLCREST,DRY,WORN SURFACE,ON SCENE,INJURY AND / OR TOW DUE TO CRASH,Y,,,"OVER $1,500",9/23/2019 10:00,"VISION OBSCURED (SIGNS, TREE LIMBS, BUILDINGS, ETC.)",OBSTRUCTED CROSSWALKS,1800,W,CONGRESS PKWY,1231,,,,,,,2,INCAPACITATING INJURY,2,0,1,1,0,0,0,9,2,9,41.87520542,-87.67169397,POINT (-87.671693964979 41.87520541459)
JC444855,,9/23/2019 9:50,40,TRAFFIC SIGNAL,FUNCTIONING PROPERLY,CLEAR,DAYLIGHT,REAR END,DIVIDED - W/MEDIAN BARRIER,,STRAIGHT AND LEVEL,DRY,NO DEFECTS,NOT ON SCENE (DESK REPORT),NO INJURY / DRIVE AWAY,,,,"$501 - $1,500",9/23/2019 10:10,FOLLOWING TOO CLOSELY,UNABLE TO DETERMINE,300,N,LAKE SHORE DR SB,114,,,,,,,2,NO INDICATION OF INJURY,0,0,0,0,0,2,0,9,2,9,41.88614049,-87.61427411,POINT (-87.614274106164 41.8861404879)
JC444837,,9/23/2019 9:48,30,TRAFFIC SIGNAL,NO CONTROLS,CLEAR,DAYLIGHT,REAR END,NOT DIVIDED,,STRAIGHT AND LEVEL,WET,NO DEFECTS,NOT ON SCENE (DESK REPORT),NO INJURY / DRIVE AWAY,,,,"$501 - $1,500",9/23/2019 10:02,FAILING TO REDUCE SPEED TO AVOID CRASH,ROAD ENGINEERING/SURFACE/MARKING DEFECTS,1725,W,PRATT BLVD,2432,,,,,,,4,NO INDICATION OF INJURY,0,0,0,0,0,4,0,9,2,9,42.00520985,-87.67397615,POINT (-87.673976151006 42.00520985243)
JC444828,,9/23/2019 9:38,30,TRAFFIC SIGNAL,FUNCTIONING PROPERLY,CLEAR,DAYLIGHT,TURNING,DIVIDED - W/MEDIAN BARRIER,,STRAIGHT AND LEVEL,DRY,NO DEFECTS,ON SCENE,NO INJURY / DRIVE AWAY,Y,,,"$501 - $1,500",9/23/2019 9:41,FAILING TO YIELD RIGHT-OF-WAY,IMPROPER TURNING/NO SIGNAL,406,N,MICHIGAN AVE,1834,,,,,,,2,NO INDICATION OF INJURY,0,0,0,0,0,3,0,9,2,9,41.88978153,-87.62428552,POINT (-87.624285524387 41.889781526176)
JC444819,,9/23/2019 9:32,30,NO CONTROLS,NO CONTROLS,CLEAR,DAYLIGHT,SIDESWIPE SAME DIRECTION,DRIVEWAY,,STRAIGHT AND LEVEL,DRY,NO DEFECTS,NOT ON SCENE (DESK REPORT),NO INJURY / DRIVE AWAY,,Y,,"OVER $1,500",9/23/2019 9:55,UNABLE TO DETERMINE,UNABLE TO DETERMINE,353,N,CLARK ST,1831,,,,,,,2,NO INDICATION OF INJURY,0,0,0,0,0,2,0,9,2,9,41.88896196,-87.63090677,POINT (-87.630906772386 41.888961956759)
JC448390,,9/23/2019 9:30,30,NO CONTROLS,NO CONTROLS,CLEAR,DAYLIGHT,SIDESWIPE SAME DIRECTION,NOT DIVIDED,,STRAIGHT AND LEVEL,DRY,NO DEFECTS,NOT ON SCENE (DESK REPORT),NO INJURY / DRIVE AWAY,,,,"OVER $1,500",9/25/2019 18:45,UNABLE TO DETERMINE,UNABLE TO DETERMINE,6300,S,STATE ST,312,,,,,,,2,NO INDICATION OF INJURY,0,0,0,0,0,2,0,9,2,9,41.78000828,-87.62552251,POINT (-87.625522511916 41.780008277408)
JC446337,,9/23/2019 9:30,30,NO CONTROLS,NO CONTROLS,CLEAR,DAYLIGHT,SIDESWIPE OPPOSITE DIRECTION,DIVIDED - W/MEDIAN (NOT RAISED),,STRAIGHT AND LEVEL,DRY,NO DEFECTS,NOT ON SCENE (DESK REPORT),NO INJURY / DRIVE AWAY,,,,$500 OR LESS,9/24/2019 11:15,UNABLE TO DETERMINE,NOT APPLICABLE,1959,E,72ND ST,333,,,,,,,2,NO INDICATION OF INJURY,0,0,0,0,0,4,0,9,2,9,41.76421644,-87.57706644,POINT (-87.5770664411 41.764216437698)
JC445746,Y,9/23/2019 9:30,30,NO CONTROLS,NO CONTROLS,CLEAR,DAYLIGHT,PARKED MOTOR VEHICLE,ONE-WAY,,STRAIGHT AND LEVEL,DRY,NO DEFECTS,ON SCENE,NO INJURY / DRIVE AWAY,,,Y,"OVER $1,500",9/23/2019 18:41,IMPROPER OVERTAKING/PASSING,NOT APPLICABLE,5427,S,INGLESIDE AVE,233,,,,,,,2,NO INDICATION OF INJURY,0,0,0,0,0,1,0,9,2,9,41.79710878,-87.60262988,POINT (-87.602629883766 41.797108776317)
JC445132,,9/23/2019 9:30,40,NO CONTROLS,NO CONTROLS,CLEAR,DAYLIGHT,REAR END,DIVIDED - W/MEDIAN BARRIER,,STRAIGHT AND LEVEL,DRY,NO DEFECTS,NOT ON SCENE (DESK REPORT),NO INJURY / DRIVE AWAY,,,,"OVER $1,500",9/23/2019 13:15,FOLLOWING TOO CLOSELY,NOT APPLICABLE,1200,S,LAKE SHORE DR E,132,,,,,,,2,NO INDICATION OF INJURY,0,0,0,0,0,3,0,9,2,9,41.86744611,-87.61890449,POINT (-87.618904488078 41.867446111851)
JC444824,Y,9/23/2019 9:30,30,STOP SIGN/FLASHER,FUNCTIONING PROPERLY,CLEAR,DAYLIGHT,TURNING,FOUR WAY,,STRAIGHT AND LEVEL,DRY,NO DEFECTS,ON SCENE,INJURY AND / OR TOW DUE TO CRASH,Y,,,"OVER $1,500",9/23/2019 9:35,FAILING TO YIELD RIGHT-OF-WAY,NOT APPLICABLE,7600,S,INDIANA AVE,623,,,,,,,2,NO INDICATION OF INJURY,0,0,0,0,0,2,0,9,2,9,41.75640481,-87.6200325,POINT (-87.62003250391 41.756404805121)
JC444815,,9/23/2019 9:30,30,NO CONTROLS,NO CONTROLS,CLEAR,DAYLIGHT,PEDESTRIAN,NOT DIVIDED,,STRAIGHT AND LEVEL,DRY,NO DEFECTS,ON SCENE,INJURY AND / OR TOW DUE TO CRASH,,,,$500 OR LESS,9/23/2019 9:37,UNABLE TO DETERMINE,NOT APPLICABLE,1550,N,DAMEN AVE,1424,,,,,,,2,NONINCAPACITATING INJURY,1,0,0,1,0,1,0,9,2,9,41.90967936,-87.67759021,POINT (-87.677590211273 41.909679359144)
JC445393,,9/23/2019 9:23,30,NO CONTROLS,NO CONTROLS,CLEAR,DAYLIGHT,PARKED MOTOR VEHICLE,ONE-WAY,,STRAIGHT AND LEVEL,DRY,NO DEFECTS,ON SCENE,NO INJURY / DRIVE AWAY,,,Y,"$501 - $1,500",9/23/2019 16:10,UNABLE TO DETERMINE,NOT APPLICABLE,2122,S,HARDING AVE,1014,,,,,,,2,NO INDICATION OF INJURY,0,0,0,0,0,1,0,9,2,9,41.85264509,-87.72367372,POINT (-87.723673723158 41.852645090414)
JC444804,,9/23/2019 9:20,30,TRAFFIC SIGNAL,FUNCTIONING PROPERLY,CLEAR,DAYLIGHT,TURNING,DIVIDED - W/MEDIAN (NOT RAISED),,STRAIGHT AND LEVEL,DRY,NO DEFECTS,ON SCENE,NO INJURY / DRIVE AWAY,,,,"OVER $1,500",9/23/2019 9:30,FAILING TO YIELD RIGHT-OF-WAY,NOT APPLICABLE,2601,N,PULASKI RD,2524,,,,,,,2,NO INDICATION OF INJURY,0,0,0,0,0,2,0,9,2,9,41.92822626,-87.72673102,POINT (-87.726731019804 41.928226259593)
JC444816,,9/23/2019 9:15,30,TRAFFIC SIGNAL,FUNCTIONING PROPERLY,CLEAR,DAYLIGHT,REAR END,NOT DIVIDED,,STRAIGHT AND LEVEL,DRY,UNKNOWN,NOT ON SCENE (DESK REPORT),NO INJURY / DRIVE AWAY,,,,"OVER $1,500",9/23/2019 9:50,UNABLE TO DETERMINE,NOT APPLICABLE,4800,N,MARINE DR,2024,,,,,,,2,NO INDICATION OF INJURY,0,0,0,0,0,2,0,9,2,9,41.9691991,-87.64979282,POINT (-87.649792819803 41.96919909557)
JC444789,,9/23/2019 9:12,25,NO CONTROLS,NO CONTROLS,CLEAR,DAYLIGHT,SIDESWIPE SAME DIRECTION,NOT DIVIDED,,STRAIGHT AND LEVEL,DRY,NO DEFECTS,ON SCENE,NO INJURY / DRIVE AWAY,,,,$500 OR LESS,9/23/2019 10:00,IMPROPER LANE USAGE,NOT APPLICABLE,3126,W,LOGAN BLVD,1411,,,,,,,2,NO INDICATION OF INJURY,0,0,0,0,0,2,0,9,2,9,41.92889314,-87.70608218,POINT (-87.706082180798 41.928893137256)
JC444864,,9/23/2019 9:10,30,NO CONTROLS,NO CONTROLS,CLEAR,DAYLIGHT,PARKED MOTOR VEHICLE,NOT DIVIDED,,STRAIGHT AND LEVEL,DRY,NO DEFECTS,NOT ON SCENE (DESK REPORT),NO INJURY / DRIVE AWAY,,,Y,"$501 - $1,500",9/23/2019 10:20,IMPROPER OVERTAKING/PASSING,NOT APPLICABLE,1904,S,ALBANY AVE,1022,,,,,,,2,NO INDICATION OF INJURY,0,0,0,0,0,2,0,9,2,9,41.85529561,-87.70307166,POINT (-87.703071655722 41.855295609248)
JC444808,,9/23/2019 9:08,20,NO CONTROLS,NO CONTROLS,CLEAR,DAYLIGHT,PARKED MOTOR VEHICLE,NOT DIVIDED,,STRAIGHT AND LEVEL,DRY,NO DEFECTS,ON SCENE,NO INJURY / DRIVE AWAY,,,,"$501 - $1,500",9/23/2019 9:37,UNABLE TO DETERMINE,UNABLE TO DETERMINE,645,W,43RD PL,925,,,,,,,2,NO INDICATION OF INJURY,0,0,0,0,0,1,0,9,2,9,41.81521157,-87.64263618,POINT (-87.64263618318 41.815211568391)
JC444805,,9/23/2019 9:05,30,TRAFFIC SIGNAL,FUNCTIONING PROPERLY,CLEAR,DAYLIGHT,SIDESWIPE SAME DIRECTION,NOT DIVIDED,,STRAIGHT AND LEVEL,DRY,NO DEFECTS,NOT ON SCENE (DESK REPORT),NO INJURY / DRIVE AWAY,,,,"OVER $1,500",9/23/2019 9:40,UNABLE TO DETERMINE,UNABLE TO DETERMINE,5500,S,PRINCETON AVE,711,,,,,,,2,NO INDICATION OF INJURY,0,0,0,0,0,3,0,9,2,9,41.79408188,-87.6331347,POINT (-87.633134703265 41.794081881074)
JC446519,Y,9/23/2019 9:00,30,NO CONTROLS,NO CONTROLS,CLEAR,UNKNOWN,PARKED MOTOR VEHICLE,DIVIDED - W/MEDIAN (NOT RAISED),,STRAIGHT AND LEVEL,DRY,NO DEFECTS,ON SCENE,NO INJURY / DRIVE AWAY,,,Y,"$501 - $1,500",9/24/2019 13:00,NOT APPLICABLE,NOT APPLICABLE,8012,S,ASHLAND AVE,611,,,,,,,2,NO INDICATION OF INJURY,0,0,0,0,0,1,0,9,2,9,41.74809729,-87.66352514,POINT (-87.663525142645 41.748097286614)
JC445821,,9/23/2019 9:00,30,NO CONTROLS,NO CONTROLS,CLEAR,DAYLIGHT,SIDESWIPE SAME DIRECTION,DRIVEWAY,,STRAIGHT AND LEVEL,DRY,NO DEFECTS,NOT ON SCENE (DESK REPORT),NO INJURY / DRIVE AWAY,,Y,,"OVER $1,500",9/23/2019 21:00,IMPROPER LANE USAGE,NOT APPLICABLE,320,N,DEARBORN ST,1831,,,,,,,2,NO INDICATION OF INJURY,0,0,0,0,0,2,0,9,2,9,41.88807038,-87.62969226,POINT (-87.629692256722 41.888070377638)
JC445500,,9/23/2019 9:00,30,NO CONTROLS,NO CONTROLS,CLEAR,DAYLIGHT,PEDALCYCLIST,ONE-WAY,,STRAIGHT AND LEVEL,DRY,NO DEFECTS,NOT ON SCENE (DESK REPORT),INJURY AND / OR TOW DUE TO CRASH,,,,$500 OR LESS,9/23/2019 17:00,UNABLE TO DETERMINE,NOT APPLICABLE,190,N,WELLS ST,122,,,Y,,,,2,NONINCAPACITATING INJURY,1,0,0,1,0,3,0,9,2,9,41.88553435,-87.6340712,POINT (-87.63407120284 41.885534350734)
JC444856,,9/23/2019 9:00,30,NO CONTROLS,NO CONTROLS,CLEAR,DAYLIGHT,REAR END,DIVIDED - W/MEDIAN BARRIER,,STRAIGHT AND LEVEL,DRY,NO DEFECTS,NOT ON SCENE (DESK REPORT),NO INJURY / DRIVE AWAY,,,,"$501 - $1,500",9/23/2019 10:15,DRIVING SKILLS/KNOWLEDGE/EXPERIENCE,UNABLE TO DETERMINE,300,W,GARFIELD BLVD,935,,,,,,,2,NO INDICATION OF INJURY,0,0,0,0,0,2,0,9,2,9,41.79462283,-87.63306376,POINT (-87.633063763202 41.794622829011)
JC444829,,9/23/2019 9:00,25,NO CONTROLS,NO CONTROLS,CLEAR,DAYLIGHT,SIDESWIPE SAME DIRECTION,ONE-WAY,,STRAIGHT AND LEVEL,DRY,NO DEFECTS,ON SCENE,NO INJURY / DRIVE AWAY,,,,"$501 - $1,500",9/23/2019 10:25,NOT APPLICABLE,NOT APPLICABLE,1,W,TERMINAL ST,1651,,,,,,,2,NO INDICATION OF INJURY,0,0,0,0,0,2,0,9,2,9,,,
JC444772,,9/23/2019 9:00,30,TRAFFIC SIGNAL,FUNCTIONING PROPERLY,CLEAR,DAYLIGHT,ANGLE,NOT DIVIDED,,STRAIGHT AND LEVEL,DRY,NO DEFECTS,NOT ON SCENE (DESK REPORT),NO INJURY / DRIVE AWAY,Y,,,"$501 - $1,500",9/23/2019 9:15,DRIVING SKILLS/KNOWLEDGE/EXPERIENCE,UNABLE TO DETERMINE,3700,W,MARQUETTE RD,833,,,,,,,2,NO INDICATION OF INJURY,0,0,0,0,0,2,0,9,2,9,41.77159494,-87.71534929,POINT (-87.715349285832 41.771594936175)
JC444756,,9/23/2019 9:00,30,NO CONTROLS,NO CONTROLS,CLEAR,DAYLIGHT,SIDESWIPE SAME DIRECTION,DIVIDED - W/MEDIAN (NOT RAISED),,STRAIGHT AND LEVEL,DRY,NO DEFECTS,ON SCENE,NO INJURY / DRIVE AWAY,,,Y,"OVER $1,500",9/23/2019 9:10,UNABLE TO DETERMINE,NOT APPLICABLE,2243,S,WESTERN AVE,1034,,,,,,,2,NO INDICATION OF INJURY,0,0,0,0,0,2,0,9,2,9,41.85076248,-87.68545955,POINT (-87.685459553171 41.850762477201)
JC444734,,9/23/2019 9:00,30,NO CONTROLS,NO CONTROLS,CLEAR,DAYLIGHT,PARKED MOTOR VEHICLE,DIVIDED - W/MEDIAN (NOT RAISED),,STRAIGHT AND LEVEL,DRY,NO DEFECTS,ON SCENE,NO INJURY / DRIVE AWAY,,,Y,"OVER $1,500",9/23/2019 9:10,UNABLE TO DETERMINE,NOT APPLICABLE,4310,W,55TH ST,815,,,,,,,2,NO INDICATION OF INJURY,0,0,0,0,0,1,0,9,2,9,41.79324244,-87.73103588,POINT (-87.731035883337 41.793242440335)
JC444867,Y,9/23/2019 8:54,30,NO CONTROLS,NO CONTROLS,CLEAR,DAYLIGHT,TURNING,ONE-WAY,,STRAIGHT AND LEVEL,DRY,NO DEFECTS,NOT ON SCENE (DESK REPORT),NO INJURY / DRIVE AWAY,,,Y,"$501 - $1,500",9/23/2019 10:30,UNABLE TO DETERMINE,UNABLE TO DETERMINE,43,E,CONGRESS PKWY,123,,,,,,,2,NO INDICATION OF INJURY,0,0,0,0,0,3,0,8,2,9,41.87557993,-87.62593588,POINT (-87.625935878816 41.875579925497)
JC444787,,9/23/2019 8:47,30,NO CONTROLS,NO CONTROLS,CLEAR,DAYLIGHT,REAR END,ONE-WAY,,STRAIGHT AND LEVEL,DRY,UNKNOWN,ON SCENE,NO INJURY / DRIVE AWAY,,,,"OVER $1,500",9/23/2019 8:47,UNABLE TO DETERMINE,UNABLE TO DETERMINE,2026,W,WASHINGTON BLVD,1223,,,,,,,2,NO INDICATION OF INJURY,0,0,0,0,0,2,0,8,2,9,41.88323922,-87.67780017,POINT (-87.677800170313 41.88323921877)
JC444993,,9/23/2019 8:45,30,NO CONTROLS,NO CONTROLS,CLEAR,DAYLIGHT,REAR END,NOT DIVIDED,,STRAIGHT AND LEVEL,DRY,NO DEFECTS,NOT ON SCENE (DESK REPORT),NO INJURY / DRIVE AWAY,,,,$500 OR LESS,9/23/2019 11:00,FOLLOWING TOO CLOSELY,FAILING TO YIELD RIGHT-OF-WAY,703,N,ST CLAIR ST,1834,,,,,,,2,NO INDICATION OF INJURY,0,0,0,0,0,2,0,8,2,9,41.89508218,-87.62261483,POINT (-87.622614827575 41.895082182385)
JC444887,,9/23/2019 8:40,30,TRAFFIC SIGNAL,FUNCTIONING PROPERLY,CLEAR,DAYLIGHT,SIDESWIPE SAME DIRECTION,NOT DIVIDED,,STRAIGHT AND LEVEL,DRY,NO DEFECTS,NOT ON SCENE (DESK REPORT),NO INJURY / DRIVE AWAY,,,,"OVER $1,500",9/23/2019 10:46,UNABLE TO DETERMINE,UNABLE TO DETERMINE,198,S,MICHIGAN AVE,112,,,,,,,2,NO INDICATION OF INJURY,0,0,0,0,0,2,0,8,2,9,41.87961696,-87.62449996,POINT (-87.624499957019 41.879616960921)