RD_NO,CRASH_DATE_EST_I,CRASH_DATE,POSTED_SPEED_LIMIT,TRAFFIC_CONTROL_DEVICE,DEVICE_CONDITION,WEATHER_CONDITION,LIGHTING_CONDITION,FIRST_CRASH_TYPE,TRAFFICWAY_TYPE,LANE_CNT,ALIGNMENT,ROADWAY_SURFACE_COND,ROAD_DEFECT,REPORT_TYPE,CRASH_TYPE,INTERSECTION_RELATED_I,NOT_RIGHT_OF_WAY_I,HIT_AND_RUN_I,DAMAGE,DATE_POLICE_NOTIFIED,PRIM_CONTRIBUTORY_CAUSE,SEC_CONTRIBUTORY_CAUSE,STREET_NO,STREET_DIRECTION,STREET_NAME,BEAT_OF_OCCURRENCE,PHOTOS_TAKEN_I,STATEMENTS_TAKEN_I,DOORING_I,WORK_ZONE_I,WORK_ZONE_TYPE,WORKERS_PRESENT_I,NUM_UNITS,MOST_SEVERE_INJURY,INJURIES_TOTAL,INJURIES_FATAL,INJURIES_INCAPACITATING,INJURIES_NON_INCAPACITATING,INJURIES_REPORTED_NOT_EVIDENT,INJURIES_NO_INDICATION,INJURIES_UNKNOWN,CRASH_HOUR,CRASH_DAY_OF_WEEK,CRASH_MONTH,LATITUDE,LONGITUDE,LOCATION
JC444788,Y,9/23/2019 8:40,35,NO CONTROLS,NO CONTROLS,CLEAR,DAYLIGHT,SIDESWIPE SAME DIRECTION,DIVIDED - W/MEDIAN (NOT RAISED),,STRAIGHT AND LEVEL,DRY,NO DEFECTS,ON SCENE,NO INJURY / DRIVE AWAY,,,,"OVER $1,500",9/23/2019 8:40,ROAD CONSTRUCTION/MAINTENANCE,"VISION OBSCURED (SIGNS, TREE LIMBS, BUILDINGS, ETC.)",4659,S,CICERO AVE,815,,,,Y,CONSTRUCTION,,2,NO INDICATION OF INJURY,0,0,0,0,0,2,0,8,2,9,41.80771577,-87.74300685,POINT (-87.743006844919 41.807715767819)
JC444799,,9/23/2019 8:32,30,TRAFFIC SIGNAL,FUNCTIONING PROPERLY,CLEAR,DAYLIGHT,PEDESTRIAN,DIVIDED - W/MEDIAN BARRIER,,STRAIGHT AND LEVEL,DRY,UNKNOWN,ON SCENE,INJURY AND / OR TOW DUE TO CRASH,Y,,,"OVER $1,500",9/23/2019 8:44,FAILING TO REDUCE SPEED TO AVOID CRASH,NOT APPLICABLE,700,S,LAKE SHORE DR E,114,,,,,,,2,INCAPACITATING INJURY,1,0,1,0,0,1,0,8,2,9,41.87319361,-87.61722829,POINT (-87.617228294467 41.873193608809)
JC446980,,9/23/2019 8:30,30,NO CONTROLS,NO CONTROLS,CLEAR,DAYLIGHT,SIDESWIPE SAME DIRECTION,NOT DIVIDED,,STRAIGHT AND LEVEL,DRY,NO DEFECTS,NOT ON SCENE (DESK REPORT),NO INJURY / DRIVE AWAY,,,Y,"$501 - $1,500",9/24/2019 18:34,UNABLE TO DETERMINE,UNABLE TO DETERMINE,180,N,MICHIGAN AVE,111,,,,,,,2,NO INDICATION OF INJURY,0,0,0,0,0,2,0,8,2,9,41.88525377,-87.62463473,POINT (-87.624634731093 41.885253768654)
JC445701,Y,9/23/2019 8:30,30,STOP SIGN/FLASHER,FUNCTIONING PROPERLY,CLEAR,DAYLIGHT,REAR END,NOT DIVIDED,,STRAIGHT AND LEVEL,DRY,NO DEFECTS,NOT ON SCENE (DESK REPORT),NO INJURY / DRIVE AWAY,,,,"$501 - $1,500",9/23/2019 19:30,FOLLOWING TOO CLOSELY,FOLLOWING TOO CLOSELY,4000,W,GRAND AVE,2534,,,,,,,2,NO INDICATION OF INJURY,0,0,0,0,0,3,0,8,2,9,41.90625887,-87.72635348,POINT (-87.726353476362 41.90625887086)
JC444846,,9/23/2019 8:30,30,NO CONTROLS,NO CONTROLS,CLEAR,DAYLIGHT,REAR END,DIVIDED - W/MEDIAN (NOT RAISED),,STRAIGHT AND LEVEL,DRY,NO DEFECTS,NOT ON SCENE (DESK REPORT),NO INJURY / DRIVE AWAY,,,Y,"OVER $1,500",9/23/2019 10:00,FOLLOWING TOO CLOSELY,NOT APPLICABLE,3301,S,CALIFORNIA AVE,911,,,,,,,2,NO INDICATION OF INJURY,0,0,0,0,0,2,0,8,2,9,41.83367544,-87.69477898,POINT (-87.694778976521 41.833675440755)
JC444786,,9/23/2019 8:30,15,NO CONTROLS,NO CONTROLS,CLEAR,DAYLIGHT,PARKED MOTOR VEHICLE,PARKING LOT,,STRAIGHT AND LEVEL,DRY,NO DEFECTS,ON SCENE,NO INJURY / DRIVE AWAY,,,,"$501 - $1,500",9/23/2019 8:35,UNABLE TO DETERMINE,UNABLE TO DETERMINE,515,W,OHARE ST,1654,,,,,,,2,NO INDICATION OF INJURY,0,0,0,0,0,1,0,8,2,9,,,
JC445694,Y,9/23/2019 8:20,30,TRAFFIC SIGNAL,FUNCTIONING PROPERLY,CLEAR,DAYLIGHT,TURNING,NOT DIVIDED,,STRAIGHT AND LEVEL,DRY,NO DEFECTS,NOT ON SCENE (DESK REPORT),NO INJURY / DRIVE AWAY,Y,,,"$501 - $1,500",9/23/2019 19:25,UNABLE TO DETERMINE,NOT APPLICABLE,1605,W,CHICAGO AVE,1215,,,,,,,2,NO INDICATION OF INJURY,0,0,0,0,0,3,0,8,2,9,41.89596014,-87.66750658,POINT (-87.667506581621 41.895960143868)
JC445533,,9/23/2019 8:20,30,NO CONTROLS,NO CONTROLS,CLEAR,DAYLIGHT,PARKED MOTOR VEHICLE,ONE-WAY,,STRAIGHT AND LEVEL,DRY,UNKNOWN,,NO INJURY / DRIVE AWAY,,,Y,"OVER $1,500",9/23/2019 17:39,IMPROPER OVERTAKING/PASSING,NOT APPLICABLE,3414,W,GRENSHAW ST,1133,,,,,,,2,NO INDICATION OF INJURY,0,0,0,0,0,5,0,8,2,9,41.86740659,-87.71122425,POINT (-87.711224251276 41.867406594298)
JC444820,,9/23/2019 8:20,30,TRAFFIC SIGNAL,FUNCTIONING PROPERLY,CLEAR,DAYLIGHT,SIDESWIPE SAME DIRECTION,DIVIDED - W/MEDIAN (NOT RAISED),,STRAIGHT AND LEVEL,DRY,NO DEFECTS,NOT ON SCENE (DESK REPORT),NO INJURY / DRIVE AWAY,,,,"$501 - $1,500",9/23/2019 9:50,UNABLE TO DETERMINE,NOT APPLICABLE,6000,S,CORNELL DR,331,,,,,,,2,NO INDICATION OF INJURY,0,0,0,0,0,2,0,8,2,9,41.78580725,-87.58530095,POINT (-87.585300949195 41.785807246958)
JC444737,,9/23/2019 8:20,30,NO CONTROLS,NO CONTROLS,CLEAR,DAYLIGHT,SIDESWIPE SAME DIRECTION,NOT DIVIDED,,STRAIGHT AND LEVEL,DRY,NO DEFECTS,NOT ON SCENE (DESK REPORT),NO INJURY / DRIVE AWAY,Y,,,"OVER $1,500",9/23/2019 8:40,IMPROPER LANE USAGE,DRIVING SKILLS/KNOWLEDGE/EXPERIENCE,4757,W,MADISON ST,1113,,,,,,,2,NO INDICATION OF INJURY,0,0,0,0,0,3,0,8,2,9,41.88039072,-87.74507678,POINT (-87.745076780799 41.880390721466)
JC445687,,9/23/2019 8:15,30,NO CONTROLS,NO CONTROLS,CLEAR,DAYLIGHT,REAR TO FRONT,ALLEY,,STRAIGHT AND LEVEL,DRY,NO DEFECTS,NOT ON SCENE (DESK REPORT),NO INJURY / DRIVE AWAY,,,,"$501 - $1,500",9/23/2019 19:27,UNABLE TO DETERMINE,NOT APPLICABLE,1140,N,MONTICELLO AVE,1112,,,,,,,2,NO INDICATION OF INJURY,0,0,0,0,0,2,0,8,2,9,41.90214071,-87.71790632,POINT (-87.717906321578 41.902140705887)
JC445685,,9/23/2019 8:15,45,NO CONTROLS,NO CONTROLS,CLEAR,DAYLIGHT,SIDESWIPE SAME DIRECTION,DIVIDED - W/MEDIAN BARRIER,,STRAIGHT AND LEVEL,UNKNOWN,UNKNOWN,NOT ON SCENE (DESK REPORT),NO INJURY / DRIVE AWAY,,,Y,$500 OR LESS,9/23/2019 19:15,IMPROPER OVERTAKING/PASSING,IMPROPER OVERTAKING/PASSING,2350,N,LAKE SHORE DR SB,1814,,,,,,,2,NO INDICATION OF INJURY,0,0,0,0,0,2,0,8,2,9,41.92570129,-87.63136805,POINT (-87.631368050773 41.925701287024)
JC444742,,9/23/2019 8:15,30,NO CONTROLS,NO CONTROLS,CLEAR,DAYLIGHT,SIDESWIPE SAME DIRECTION,NOT DIVIDED,,STRAIGHT AND LEVEL,DRY,NO DEFECTS,ON SCENE,NO INJURY / DRIVE AWAY,,,,"OVER $1,500",9/23/2019 8:17,UNABLE TO DETERMINE,UNABLE TO DETERMINE,1228,N,HALSTED ST,1822,,,,,,,2,NO INDICATION OF INJURY,0,0,0,0,0,2,0,8,2,9,41.90430208,-87.648263,POINT (-87.648263002946 41.904302074822)
JC444738,,9/23/2019 8:15,10,NO CONTROLS,NO CONTROLS,CLEAR,DAYLIGHT,ANGLE,PARKING LOT,,STRAIGHT AND LEVEL,DRY,NO DEFECTS,NOT ON SCENE (DESK REPORT),NO INJURY / DRIVE AWAY,,,Y,"OVER $1,500",9/23/2019 8:30,IMPROPER BACKING,NOT APPLICABLE,1224,S,WABASH AVE,131,,,,,,,2,NO INDICATION OF INJURY,0,0,0,0,0,2,0,8,2,9,41.86672435,-87.62596115,POINT (-87.625961148378 41.866724354056)
JC444720,,9/23/2019 8:15,30,NO CONTROLS,NO CONTROLS,CLEAR,DAYLIGHT,SIDESWIPE SAME DIRECTION,ONE-WAY,,STRAIGHT AND LEVEL,DRY,NO DEFECTS,ON SCENE,NO INJURY / DRIVE AWAY,,,,"$501 - $1,500",9/23/2019 8:21,UNABLE TO DETERMINE,NOT APPLICABLE,2545,N,RIDGEWAY AVE,2524,,,,,,,3,NO INDICATION OF INJURY,0,0,0,0,0,2,0,8,2,9,41.92768665,-87.72059439,POINT (-87.720594390811 41.927686647861)
JC444714,,9/23/2019 8:15,30,NO CONTROLS,NO CONTROLS,CLEAR,DAYLIGHT,PEDESTRIAN,NOT DIVIDED,,STRAIGHT AND LEVEL,DRY,NO DEFECTS,ON SCENE,INJURY AND / OR TOW DUE TO CRASH,,,,"OVER $1,500",9/23/2019 8:17,NOT APPLICABLE,NOT APPLICABLE,5900,S,AUSTIN AVE,811,,,,,,,2,NONINCAPACITATING INJURY,1,0,0,1,0,2,0,8,2,9,41.78514333,-87.77192437,POINT (-87.771924366113 41.785143326623)
JC444697,,9/23/2019 8:11,25,STOP SIGN/FLASHER,FUNCTIONING PROPERLY,CLEAR,DAYLIGHT,PEDESTRIAN,FOUR WAY,,STRAIGHT AND LEVEL,DRY,NO DEFECTS,ON SCENE,INJURY AND / OR TOW DUE TO CRASH,,,Y,"OVER $1,500",9/23/2019 8:15,UNABLE TO DETERMINE,UNABLE TO DETERMINE,2900,N,MOBILE AVE,2511,,,,,,,2,INCAPACITATING INJURY,1,0,1,0,0,1,0,8,2,9,41.93295362,-87.78347032,POINT (-87.783470322645 41.932953621331)
JC445136,,9/23/2019 8:10,30,TRAFFIC SIGNAL,UNKNOWN,CLEAR,DAYLIGHT,REAR TO FRONT,CENTER TURN LANE,,STRAIGHT AND LEVEL,DRY,UNKNOWN,NOT ON SCENE (DESK REPORT),NO INJURY / DRIVE AWAY,Y,,,"$501 - $1,500",9/23/2019 13:00,IMPROPER BACKING,UNABLE TO DETERMINE,601,E,87TH ST,632,,,,,,,2,NO INDICATION OF INJURY,0,0,0,0,0,4,0,8,2,9,41.73647149,-87.60961113,POINT (-87.609611124895 41.736471489462)
JC444731,,9/23/2019 8:10,30,NO CONTROLS,NO CONTROLS,CLEAR,DAYLIGHT,FIXED OBJECT,NOT DIVIDED,,STRAIGHT AND LEVEL,DRY,"RUT, HOLES",ON SCENE,NO INJURY / DRIVE AWAY,,,,"$501 - $1,500",9/23/2019 8:33,"VISION OBSCURED (SIGNS, TREE LIMBS, BUILDINGS, ETC.)","VISION OBSCURED (SIGNS, TREE LIMBS, BUILDINGS, ETC.)",1240,S,PULASKI RD,1011,,,,,,,1,NO INDICATION OF INJURY,0,0,0,0,0,1,0,8,2,9,41.8649426,-87.72527877,POINT (-87.725278766935 41.864942598744)
JC444755,,9/23/2019 8:08,30,NO CONTROLS,NO CONTROLS,CLEAR,DAYLIGHT,ANGLE,ONE-WAY,,STRAIGHT AND LEVEL,DRY,NO DEFECTS,ON SCENE,INJURY AND / OR TOW DUE TO CRASH,,,,"OVER $1,500",9/23/2019 8:42,UNABLE TO DETERMINE,UNABLE TO DETERMINE,2351,N,KENNETH AVE,2522,,,,,,,2,"REPORTED, NOT EVIDENT",1,0,0,0,1,3,0,8,2,9,41.92403668,-87.73762857,POINT (-87.737628565282 41.924036675831)
JC444706,,9/23/2019 8:05,30,TRAFFIC SIGNAL,FUNCTIONING PROPERLY,CLEAR,DAYLIGHT,REAR END,NOT DIVIDED,,STRAIGHT AND LEVEL,DRY,NO DEFECTS,NOT ON SCENE (DESK REPORT),NO INJURY / DRIVE AWAY,,,,$500 OR LESS,9/23/2019 8:25,FAILING TO REDUCE SPEED TO AVOID CRASH,NOT APPLICABLE,5800,N,BROADWAY,2013,,,,,,,2,NO INDICATION OF INJURY,0,0,0,0,0,2,0,8,2,9,41.98696348,-87.66031802,POINT (-87.660318021002 41.986963477571)
JC444754,,9/23/2019 8:02,30,NO CONTROLS,NO CONTROLS,CLEAR,DAYLIGHT,SIDESWIPE SAME DIRECTION,NOT DIVIDED,,STRAIGHT AND LEVEL,DRY,NO DEFECTS,NOT ON SCENE (DESK REPORT),NO INJURY / DRIVE AWAY,,,,"OVER $1,500",9/23/2019 8:40,FAILING TO YIELD RIGHT-OF-WAY,UNABLE TO DETERMINE,547,W,95TH ST,2223,,,,,,,2,NO INDICATION OF INJURY,0,0,0,0,0,5,0,8,2,9,41.72142467,-87.6377958,POINT (-87.637795801419 41.721424673685)
JC444701,,9/23/2019 8:01,35,TRAFFIC SIGNAL,FUNCTIONING PROPERLY,CLEAR,DAYLIGHT,REAR END,DIVIDED - W/MEDIAN (NOT RAISED),,STRAIGHT AND LEVEL,DRY,NO DEFECTS,ON SCENE,INJURY AND / OR TOW DUE TO CRASH,Y,,,"OVER $1,500",9/23/2019 8:01,FOLLOWING TOO CLOSELY,NOT APPLICABLE,801,W,87TH ST,2223,,,,,,,2,"REPORTED, NOT EVIDENT",1,0,0,0,1,1,0,8,2,9,41.73596365,-87.64368172,POINT (-87.643681724352 41.735963647349)
JC447613,,9/23/2019 8:00,10,NO CONTROLS,NO CONTROLS,CLEAR,DAYLIGHT,ANGLE,ALLEY,,STRAIGHT AND LEVEL,DRY,NO DEFECTS,NOT ON SCENE (DESK REPORT),NO INJURY / DRIVE AWAY,,,,"OVER $1,500",9/25/2019 9:56,UNABLE TO DETERMINE,NOT APPLICABLE,1140,N,MONTICELLO AVE,1112,,,,,,,2,NO INDICATION OF INJURY,0,0,0,0,0,2,0,8,2,9,41.90214071,-87.71790632,POINT (-87.717906321578 41.902140705887)
JC444823,,9/23/2019 8:00,30,NO CONTROLS,NO CONTROLS,CLEAR,DAYLIGHT,SIDESWIPE SAME DIRECTION,NOT DIVIDED,,STRAIGHT AND LEVEL,DRY,NO DEFECTS,NOT ON SCENE (DESK REPORT),NO INJURY / DRIVE AWAY,,,,"$501 - $1,500",9/23/2019 9:30,FAILING TO YIELD RIGHT-OF-WAY,UNABLE TO DETERMINE,5321,W,GRAND AVE,2515,,,,,,,2,NO INDICATION OF INJURY,0,0,0,0,0,2,0,8,2,9,41.91745895,-87.75936985,POINT (-87.759369848829 41.917458950143)
JC444710,Y,9/23/2019 8:00,30,TRAFFIC SIGNAL,FUNCTIONING PROPERLY,CLEAR,DAYLIGHT,REAR END,ONE-WAY,,STRAIGHT AND LEVEL,DRY,UNKNOWN,NOT ON SCENE (DESK REPORT),NO INJURY / DRIVE AWAY,,,,"$501 - $1,500",9/23/2019 8:40,UNABLE TO DETERMINE,UNABLE TO DETERMINE,5,E,63RD ST,312,,,,,,,2,NO INDICATION OF INJURY,0,0,0,0,0,2,0,8,2,9,41.77995015,-87.62513846,POINT (-87.625138463185 41.779950150996)
JC444709,,9/23/2019 8:00,30,TRAFFIC SIGNAL,FUNCTIONING PROPERLY,CLEAR,DAYLIGHT,SIDESWIPE SAME DIRECTION,DIVIDED - W/MEDIAN (NOT RAISED),,STRAIGHT AND LEVEL,DRY,NO DEFECTS,NOT ON SCENE (DESK REPORT),NO INJURY / DRIVE AWAY,N,,,"OVER $1,500",9/23/2019 8:30,IMPROPER OVERTAKING/PASSING,IMPROPER OVERTAKING/PASSING,3135,N,CENTRAL AVE,2514,,,,,,,2,NO INDICATION OF INJURY,0,0,0,0,0,4,0,8,2,9,41.93780818,-87.76632302,POINT (-87.766323021826 41.937808181958)
JC445626,,9/23/2019 7:57,35,NO CONTROLS,NO CONTROLS,CLEAR,DAYLIGHT,SIDESWIPE SAME DIRECTION,NOT DIVIDED,,STRAIGHT AND LEVEL,DRY,NO DEFECTS,NOT ON SCENE (DESK REPORT),NO INJURY / DRIVE AWAY,,,,"OVER $1,500",9/23/2019 18:40,IMPROPER LANE USAGE,UNABLE TO DETERMINE,5321,W,GRAND AVE,2515,,,,,,,2,NO INDICATION OF INJURY,0,0,0,0,0,2,0,7,2,9,41.91745895,-87.75936985,POINT (-87.759369848829 41.917458950143)
JC444724,,9/23/2019 7:57,30,NO CONTROLS,NO CONTROLS,CLEAR,DAYLIGHT,SIDESWIPE SAME DIRECTION,DIVIDED - W/MEDIAN (NOT RAISED),,STRAIGHT AND LEVEL,DRY,UNKNOWN,ON SCENE,NO INJURY / DRIVE AWAY,,,,"OVER $1,500",9/23/2019 8:19,IMPROPER LANE USAGE,NOT APPLICABLE,545,W,95TH ST,2223,,Y,,,,,2,NO INDICATION OF INJURY,0,0,0,0,0,2,0,7,2,9,41.72142599,-87.6377142,POINT (-87.637714197253 41.721425992683)
JC444762,,9/23/2019 7:55,30,NO CONTROLS,NO CONTROLS,CLEAR,DAYLIGHT,REAR TO SIDE,PARKING LOT,,STRAIGHT AND LEVEL,DRY,UNKNOWN,ON SCENE,NO INJURY / DRIVE AWAY,,,,"OVER $1,500",9/23/2019 8:13,IMPROPER BACKING,UNABLE TO DETERMINE,8344,S,COMMERCIAL AVE,423,,,,,,,2,NO INDICATION OF INJURY,0,0,0,0,0,5,0,7,2,9,41.74374969,-87.55189813,POINT (-87.551898130961 41.743749689419)
JC444930,,9/23/2019 7:50,30,STOP SIGN/FLASHER,FUNCTIONING PROPERLY,CLEAR,DAYLIGHT,TURNING,FOUR WAY,,STRAIGHT AND LEVEL,DRY,NO DEFECTS,NOT ON SCENE (DESK REPORT),NO INJURY / DRIVE AWAY,Y,,Y,"$501 - $1,500",9/23/2019 8:36,FAILING TO REDUCE SPEED TO AVOID CRASH,NOT APPLICABLE,4700,S,WOLCOTT AVE,931,,,,,,,2,NO INDICATION OF INJURY,0,0,0,0,0,2,0,7,2,9,41.80843685,-87.67239904,POINT (-87.672399036978 41.808436851662)
JC444794,,9/23/2019 7:50,25,STOP SIGN/FLASHER,FUNCTIONING PROPERLY,CLEAR,DAYLIGHT,ANGLE,FOUR WAY,,STRAIGHT AND LEVEL,DRY,NO DEFECTS,NOT ON SCENE (DESK REPORT),NO INJURY / DRIVE AWAY,Y,,,"OVER $1,500",9/23/2019 9:25,UNABLE TO DETERMINE,UNABLE TO DETERMINE,2829,N,SHEFFIELD AVE,1933,,,,,,,2,NO INDICATION OF INJURY,0,0,0,0,0,2,0,7,2,9,41.93350261,-87.65374223,POINT (-87.653742224708 41.933502607155)
JC444703,,9/23/2019 7:50,30,TRAFFIC SIGNAL,FUNCTIONING PROPERLY,CLEAR,DAYLIGHT,REAR END,NOT DIVIDED,,STRAIGHT AND LEVEL,DRY,NO DEFECTS,NOT ON SCENE (DESK REPORT),NO INJURY / DRIVE AWAY,Y,,,"OVER $1,500",9/23/2019 8:21,IMPROPER OVERTAKING/PASSING,UNABLE TO DETERMINE,2400,W,103RD ST,2211,,,,,,,2,NO INDICATION OF INJURY,0,0,0,0,0,3,0,7,2,9,41.70648606,-87.6816843,POINT (-87.68168429716 41.706486062436)
JC444700,,9/23/2019 7:50,30,NO CONTROLS,NO CONTROLS,CLEAR,DAYLIGHT,REAR END,NOT DIVIDED,,STRAIGHT AND LEVEL,DRY,NO DEFECTS,NOT ON SCENE (DESK REPORT),NO INJURY / DRIVE AWAY,,,,"OVER $1,500",9/23/2019 8:20,UNABLE TO DETERMINE,UNABLE TO DETERMINE,5701,W,HIGGINS AVE,1622,,,,,,,2,NO INDICATION OF INJURY,0,0,0,0,0,2,0,7,2,9,41.97110087,-87.77087273,POINT (-87.77087272792 41.971100871039)
JC444688,,9/23/2019 7:50,30,TRAFFIC SIGNAL,UNKNOWN,CLEAR,DAYLIGHT,PARKED MOTOR VEHICLE,NOT DIVIDED,,STRAIGHT AND LEVEL,DRY,UNKNOWN,,NO INJURY / DRIVE AWAY,,,,$500 OR LESS,9/23/2019 7:52,UNABLE TO DETERMINE,NOT APPLICABLE,4020,N,KILDARE AVE,1722,,,,,,,2,NO INDICATION OF INJURY,0,0,0,0,0,4,0,7,2,9,41.95421279,-87.7356023,POINT (-87.73560230142 41.954212793903)
JC445158,,9/23/2019 7:45,35,STOP SIGN/FLASHER,FUNCTIONING PROPERLY,CLEAR,DAYLIGHT,ANGLE,DIVIDED - W/MEDIAN (NOT RAISED),,STRAIGHT AND LEVEL,DRY,UNKNOWN,NOT ON SCENE (DESK REPORT),INJURY AND / OR TOW DUE TO CRASH,,,,"OVER $1,500",9/23/2019 13:35,DISREGARDING STOP SIGN,NOT APPLICABLE,1828,W,81ST ST,611,,,,,,,2,"REPORTED, NOT EVIDENT",2,0,0,0,2,0,0,7,2,9,41.746746,-87.66935275,POINT (-87.669352749127 41.746746002632)
JC444790,,9/23/2019 7:45,30,NO CONTROLS,NO CONTROLS,CLEAR,DAYLIGHT,SIDESWIPE SAME DIRECTION,DIVIDED - W/MEDIAN (NOT RAISED),,STRAIGHT AND LEVEL,DRY,NO DEFECTS,NOT ON SCENE (DESK REPORT),NO INJURY / DRIVE AWAY,,,,"$501 - $1,500",9/23/2019 9:30,UNABLE TO DETERMINE,UNABLE TO DETERMINE,2829,N,SHEFFIELD AVE,1933,,,,,,,2,NO INDICATION OF INJURY,0,0,0,0,0,3,0,7,2,9,41.93350261,-87.65374223,POINT (-87.653742224708 41.933502607155)
JC444728,,9/23/2019 7:45,30,UNKNOWN,FUNCTIONING PROPERLY,CLEAR,DAYLIGHT,TURNING,ONE-WAY,,STRAIGHT AND LEVEL,DRY,NO DEFECTS,ON SCENE,INJURY AND / OR TOW DUE TO CRASH,Y,,,"OVER $1,500",9/23/2019 8:21,IMPROPER TURNING/NO SIGNAL,DISREGARDING ROAD MARKINGS,203,W,LAKE ST,122,,,,,,,2,NO INDICATION OF INJURY,0,0,0,0,0,2,0,7,2,9,41.88561871,-87.63404689,POINT (-87.634046891671 41.885618710856)
JC445111,,9/23/2019 7:40,30,NO CONTROLS,NO CONTROLS,CLEAR,DAYLIGHT,ANGLE,NOT DIVIDED,,STRAIGHT AND LEVEL,DRY,NO DEFECTS,NOT ON SCENE (DESK REPORT),NO INJURY / DRIVE AWAY,Y,,Y,"OVER $1,500",9/23/2019 13:01,UNABLE TO DETERMINE,NOT APPLICABLE,435,N,GREEN ST,1214,,,,,,,2,NO INDICATION OF INJURY,0,0,0,0,0,2,0,7,2,9,41.89005994,-87.64861729,POINT (-87.648617292535 41.890059938561)
JC444793,,9/23/2019 7:38,30,NO CONTROLS,NO CONTROLS,CLEAR,DAYLIGHT,SIDESWIPE SAME DIRECTION,DIVIDED - W/MEDIAN BARRIER,,STRAIGHT AND LEVEL,DRY,NO DEFECTS,NOT ON SCENE (DESK REPORT),NO INJURY / DRIVE AWAY,,,,$500 OR LESS,9/23/2019 9:35,UNABLE TO DETERMINE,NOT APPLICABLE,6601,S,STONY ISLAND AVE,331,,,,,,,2,NO INDICATION OF INJURY,0,0,0,0,0,5,0,7,2,9,41.77511903,-87.5861133,POINT (-87.586113302218 41.77511903202)
JC445542,,9/23/2019 7:34,30,TRAFFIC SIGNAL,FUNCTIONING PROPERLY,CLEAR,DAYLIGHT,SIDESWIPE SAME DIRECTION,NOT DIVIDED,,STRAIGHT AND LEVEL,DRY,NO DEFECTS,NOT ON SCENE (DESK REPORT),NO INJURY / DRIVE AWAY,,,Y,"OVER $1,500",9/23/2019 17:30,IMPROPER LANE USAGE,FAILING TO YIELD RIGHT-OF-WAY,3058,S,PULASKI RD,1031,,,,,,,2,NO INDICATION OF INJURY,0,0,0,0,0,2,0,7,2,9,41.83697262,-87.72449921,POINT (-87.724499209246 41.836972624481)
JC444667,,9/23/2019 7:25,30,NO CONTROLS,NO CONTROLS,CLEAR,DAYLIGHT,SIDESWIPE SAME DIRECTION,NOT DIVIDED,,STRAIGHT AND LEVEL,DRY,NO DEFECTS,ON SCENE,NO INJURY / DRIVE AWAY,N,,,"OVER $1,500",9/23/2019 7:37,IMPROPER OVERTAKING/PASSING,UNABLE TO DETERMINE,515,W,71ST ST,732,,,,,,,2,NO INDICATION OF INJURY,0,0,0,0,0,2,0,7,2,9,41.76519819,-87.63777009,POINT (-87.637770088005 41.765198184503)
JC444717,,9/23/2019 7:15,30,NO CONTROLS,NO CONTROLS,CLEAR,DAYLIGHT,SIDESWIPE SAME DIRECTION,NOT DIVIDED,,STRAIGHT AND LEVEL,DRY,NO DEFECTS,NOT ON SCENE (DESK REPORT),NO INJURY / DRIVE AWAY,,,,"$501 - $1,500",9/23/2019 8:30,UNABLE TO DETERMINE,UNABLE TO DETERMINE,5200,N,CICERO AVE,1621,,,,,,,2,NO INDICATION OF INJURY,0,0,0,0,0,2,0,7,2,9,41.97543839,-87.74814517,POINT (-87.748145166467 41.975438394487)
JC444694,,9/23/2019 7:15,25,NO CONTROLS,NO CONTROLS,CLEAR,DAYLIGHT,REAR END,ONE-WAY,,STRAIGHT AND LEVEL,DRY,NO DEFECTS,NOT ON SCENE (DESK REPORT),NO INJURY / DRIVE AWAY,,,,"OVER $1,500",9/23/2019 8:15,FOLLOWING TOO CLOSELY,NOT APPLICABLE,3600,N,SAYRE AVE,1632,,,,,,,2,NO INDICATION OF INJURY,0,0,0,0,0,3,0,7,2,9,41.94547273,-87.8009921,POINT (-87.800992095482 41.945472731254)
JC444668,,9/23/2019 7:15,25,NO CONTROLS,NO CONTROLS,CLEAR,DAYLIGHT,PARKED MOTOR VEHICLE,ONE-WAY,,STRAIGHT AND LEVEL,DRY,NO DEFECTS,ON SCENE,NO INJURY / DRIVE AWAY,,,Y,"OVER $1,500",9/23/2019 7:17,UNABLE TO DETERMINE,NOT APPLICABLE,2541,W,ARDMORE AVE,2011,,,,,,,3,NO INDICATION OF INJURY,0,0,0,0,0,1,0,7,2,9,41.98667885,-87.69368189,POINT (-87.693681886183 41.986678853534)
JC444661,,9/23/2019 7:13,30,TRAFFIC SIGNAL,FUNCTIONING PROPERLY,CLEAR,DAYLIGHT,ANGLE,NOT DIVIDED,,STRAIGHT AND LEVEL,DRY,NO DEFECTS,ON SCENE,INJURY AND / OR TOW DUE TO CRASH,,,,"OVER $1,500",9/23/2019 7:15,FAILING TO YIELD RIGHT-OF-WAY,UNABLE TO DETERMINE,2800,W,CONGRESS PKWY,1135,,,,,,,2,NONINCAPACITATING INJURY,1,0,0,1,0,1,0,7,2,9,41.87500857,-87.69624567,POINT (-87.696245665367 41.875008567703)
JC444685,,9/23/2019 7:07,30,TRAFFIC SIGNAL,FUNCTIONING PROPERLY,CLEAR,DAYLIGHT,TURNING,ONE-WAY,,STRAIGHT AND LEVEL,DRY,NO DEFECTS,ON SCENE,INJURY AND / OR TOW DUE TO CRASH,Y,,,"OVER $1,500",9/23/2019 7:10,IMPROPER TURNING/NO SIGNAL,IMPROPER LANE USAGE,2,S,JEFFERSON ST,121,,,,,,,2,NONINCAPACITATING INJURY,1,0,0,1,0,2,0,7,2,9,41.88180213,-87.64280674,POINT (-87.642806742296 41.881802125062)