RD_NO,CRASH_DATE_EST_I,CRASH_DATE,POSTED_SPEED_LIMIT,TRAFFIC_CONTROL_DEVICE,DEVICE_CONDITION,WEATHER_CONDITION,LIGHTING_CONDITION,FIRST_CRASH_TYPE,TRAFFICWAY_TYPE,LANE_CNT,ALIGNMENT,ROADWAY_SURFACE_COND,ROAD_DEFECT,REPORT_TYPE,CRASH_TYPE,INTERSECTION_RELATED_I,NOT_RIGHT_OF_WAY_I,HIT_AND_RUN_I,DAMAGE,DATE_POLICE_NOTIFIED,PRIM_CONTRIBUTORY_CAUSE,SEC_CONTRIBUTORY_CAUSE,STREET_NO,STREET_DIRECTION,STREET_NAME,BEAT_OF_OCCURRENCE,PHOTOS_TAKEN_I,STATEMENTS_TAKEN_I,DOORING_I,WORK_ZONE_I,WORK_ZONE_TYPE,WORKERS_PRESENT_I,NUM_UNITS,MOST_SEVERE_INJURY,INJURIES_TOTAL,INJURIES_FATAL,INJURIES_INCAPACITATING,INJURIES_NON_INCAPACITATING,INJURIES_REPORTED_NOT_EVIDENT,INJURIES_NO_INDICATION,INJURIES_UNKNOWN,CRASH_HOUR,CRASH_DAY_OF_WEEK,CRASH_MONTH,LATITUDE,LONGITUDE,LOCATION
JC444655,,9/23/2019 7:05,30,NO CONTROLS,NO CONTROLS,CLEAR,DAYLIGHT,TURNING,DIVIDED - W/MEDIAN (NOT RAISED),,STRAIGHT AND LEVEL,DRY,NO DEFECTS,ON SCENE,INJURY AND / OR TOW DUE TO CRASH,,,,"OVER $1,500",9/23/2019 7:06,DRIVING SKILLS/KNOWLEDGE/EXPERIENCE,DRIVING SKILLS/KNOWLEDGE/EXPERIENCE,3565,W,COLUMBUS AVE,834,,,,,,,3,NO INDICATION OF INJURY,0,0,0,0,0,3,0,7,2,9,41.7436594,-87.71111414,POINT (-87.711114136844 41.743659395019)
JC444638,,9/23/2019 7:04,30,NO CONTROLS,NO CONTROLS,CLEAR,DAYLIGHT,OTHER OBJECT,NOT DIVIDED,,STRAIGHT AND LEVEL,DRY,NO DEFECTS,ON SCENE,INJURY AND / OR TOW DUE TO CRASH,,,,"OVER $1,500",9/23/2019 7:04,DISTRACTION - FROM INSIDE VEHICLE,NOT APPLICABLE,8300,S,STEWART AVE,622,,,,,,,1,NO INDICATION OF INJURY,0,0,0,0,0,2,0,7,2,9,41.74339816,-87.63425177,POINT (-87.634251774458 41.74339815788)
JC450732,,9/23/2019 7:00,30,UNKNOWN,UNKNOWN,CLEAR,DAYLIGHT,ANGLE,FOUR WAY,,STRAIGHT AND LEVEL,UNKNOWN,UNKNOWN,NOT ON SCENE (DESK REPORT),INJURY AND / OR TOW DUE TO CRASH,Y,,Y,"OVER $1,500",9/23/2019 7:30,DISREGARDING OTHER TRAFFIC SIGNS,NOT APPLICABLE,5900,S,MICHIGAN AVE,232,Y,,,,,,2,NO INDICATION OF INJURY,0,0,0,0,0,2,0,7,2,9,41.78732548,-87.62242285,POINT (-87.62242284517 41.787325482496)
JC445356,,9/23/2019 7:00,20,NO CONTROLS,NO CONTROLS,CLEAR,DAYLIGHT,PARKED MOTOR VEHICLE,ONE-WAY,,STRAIGHT AND LEVEL,DRY,NO DEFECTS,NOT ON SCENE (DESK REPORT),NO INJURY / DRIVE AWAY,,,Y,"OVER $1,500",9/23/2019 16:00,NOT APPLICABLE,NOT APPLICABLE,4427,N,KOSTNER AVE,1722,,,,,,,2,NO INDICATION OF INJURY,0,0,0,0,0,1,0,7,2,9,41.96165727,-87.73830707,POINT (-87.738307074441 41.96165726606)
JC444693,,9/23/2019 7:00,30,TRAFFIC SIGNAL,FUNCTIONING PROPERLY,CLEAR,DAYLIGHT,REAR END,NOT DIVIDED,,STRAIGHT AND LEVEL,DRY,NO DEFECTS,NOT ON SCENE (DESK REPORT),INJURY AND / OR TOW DUE TO CRASH,,,,"$501 - $1,500",9/23/2019 8:20,FAILING TO REDUCE SPEED TO AVOID CRASH,FAILING TO YIELD RIGHT-OF-WAY,7600,W,FOREST PRESERVE AVE,1631,,,,,,,2,"REPORTED, NOT EVIDENT",1,0,0,0,1,1,0,7,2,9,41.94921087,-87.81707837,POINT (-87.817078374114 41.949210866721)
JC444646,,9/23/2019 7:00,30,NO CONTROLS,NO CONTROLS,CLEAR,DAYLIGHT,TURNING,NOT DIVIDED,,STRAIGHT AND LEVEL,DRY,NO DEFECTS,NOT ON SCENE (DESK REPORT),NO INJURY / DRIVE AWAY,,,,"$501 - $1,500",9/23/2019 7:20,IMPROPER OVERTAKING/PASSING,NOT APPLICABLE,2520,S,ARCHER AVE,913,,,,,,,2,NO INDICATION OF INJURY,0,0,0,0,0,2,0,7,2,9,41.84680863,-87.64759075,POINT (-87.647590748591 41.846808631424)
JC444643,,9/23/2019 7:00,15,NO CONTROLS,NO CONTROLS,CLEAR,DAYLIGHT,SIDESWIPE SAME DIRECTION,NOT DIVIDED,,STRAIGHT AND LEVEL,DRY,UNKNOWN,ON SCENE,NO INJURY / DRIVE AWAY,,,,$500 OR LESS,9/23/2019 7:04,PASSING STOPPED SCHOOL BUS,NOT APPLICABLE,10204,S,CRANDON AVE,431,,,,,,,2,NO INDICATION OF INJURY,0,0,0,0,0,7,0,7,2,9,41.70965885,-87.56709651,POINT (-87.567096512184 41.709658847876)
JC444635,,9/23/2019 7:00,20,STOP SIGN/FLASHER,FUNCTIONING PROPERLY,CLEAR,DAYLIGHT,PARKED MOTOR VEHICLE,NOT DIVIDED,,STRAIGHT AND LEVEL,DRY,NO DEFECTS,ON SCENE,NO INJURY / DRIVE AWAY,,,,"OVER $1,500",9/23/2019 7:09,NOT APPLICABLE,NOT APPLICABLE,211,E,78TH ST,623,,,,,,,2,NO INDICATION OF INJURY,0,0,0,0,0,1,0,7,2,9,41.75275545,-87.61929887,POINT (-87.619298872278 41.752755451401)
JC444642,,9/23/2019 6:53,30,TRAFFIC SIGNAL,FUNCTIONING PROPERLY,CLEAR,DAYLIGHT,SIDESWIPE SAME DIRECTION,NOT DIVIDED,,STRAIGHT AND LEVEL,DRY,NO DEFECTS,ON SCENE,NO INJURY / DRIVE AWAY,Y,,,"$501 - $1,500",9/23/2019 6:53,NOT APPLICABLE,NOT APPLICABLE,5501,S,HALSTED ST,711,,,,,,,2,NO INDICATION OF INJURY,0,0,0,0,0,6,0,6,2,9,41.79387391,-87.64500161,POINT (-87.645001610931 41.793873907747)
JC444994,,9/23/2019 6:50,20,NO CONTROLS,NO CONTROLS,CLEAR,DAYLIGHT,PARKED MOTOR VEHICLE,PARKING LOT,,STRAIGHT AND LEVEL,DRY,NO DEFECTS,ON SCENE,NO INJURY / DRIVE AWAY,,Y,,"OVER $1,500",9/23/2019 11:16,IMPROPER BACKING,UNABLE TO DETERMINE,1939,W,BRYN MAWR AVE,2012,,,,,,,2,NO INDICATION OF INJURY,0,0,0,0,0,1,0,6,2,9,41.98315155,-87.67815826,POINT (-87.678158259932 41.983151554227)
JC444665,,9/23/2019 6:45,25,STOP SIGN/FLASHER,NO CONTROLS,CLEAR,DAYLIGHT,SIDESWIPE SAME DIRECTION,ONE-WAY,,STRAIGHT AND LEVEL,WET,NO DEFECTS,NOT ON SCENE (DESK REPORT),NO INJURY / DRIVE AWAY,,,,"OVER $1,500",9/23/2019 7:46,UNABLE TO DETERMINE,UNABLE TO DETERMINE,3638,W,THOMAS ST,1112,,,,,,,2,NO INDICATION OF INJURY,0,0,0,0,0,4,0,6,2,9,41.90102752,-87.71796312,POINT (-87.717963122019 41.901027519917)
JC444625,,9/23/2019 6:43,30,TRAFFIC SIGNAL,FUNCTIONING PROPERLY,CLEAR,DAWN,REAR END,DIVIDED - W/MEDIAN (NOT RAISED),,STRAIGHT AND LEVEL,DRY,NO DEFECTS,ON SCENE,NO INJURY / DRIVE AWAY,,,,$500 OR LESS,9/23/2019 6:58,FOLLOWING TOO CLOSELY,NOT APPLICABLE,2603,S,WESTERN AVE,1034,,,,,,,2,NO INDICATION OF INJURY,0,0,0,0,0,2,0,6,2,9,41.84469925,-87.68529381,POINT (-87.685293808613 41.844699248224)
JC446892,,9/23/2019 6:30,30,NO CONTROLS,NO CONTROLS,CLEAR,DAYLIGHT,SIDESWIPE SAME DIRECTION,NOT DIVIDED,,STRAIGHT AND LEVEL,DRY,NO DEFECTS,NOT ON SCENE (DESK REPORT),NO INJURY / DRIVE AWAY,,,Y,$500 OR LESS,9/24/2019 16:00,NOT APPLICABLE,NOT APPLICABLE,500,S,ASHLAND AVE,1231,,,,,,,2,NO INDICATION OF INJURY,0,0,0,0,0,2,0,6,2,9,41.8751259,-87.66677177,POINT (-87.666771774482 41.875125894617)
JC444705,Y,9/23/2019 6:30,30,NO CONTROLS,NO CONTROLS,CLEAR,DAWN,SIDESWIPE SAME DIRECTION,DIVIDED - W/MEDIAN (NOT RAISED),,STRAIGHT AND LEVEL,DRY,NO DEFECTS,,NO INJURY / DRIVE AWAY,,,N,"OVER $1,500",9/23/2019 8:10,UNABLE TO DETERMINE,UNABLE TO DETERMINE,2801,S,WESTERN AVE,1034,,,,,,,2,NO INDICATION OF INJURY,0,0,0,0,0,2,0,6,2,9,41.84111499,-87.68513204,POINT (-87.685132034759 41.841114991692)
JC444684,,9/23/2019 6:30,30,NO CONTROLS,NO CONTROLS,UNKNOWN,UNKNOWN,PARKED MOTOR VEHICLE,NOT DIVIDED,,STRAIGHT AND LEVEL,UNKNOWN,NO DEFECTS,ON SCENE,NO INJURY / DRIVE AWAY,,,Y,"OVER $1,500",9/23/2019 7:41,UNABLE TO DETERMINE,NOT APPLICABLE,3831,W,76TH PL,833,,,,,,,2,NO INDICATION OF INJURY,0,0,0,0,0,1,0,6,2,9,41.75415576,-87.71962962,POINT (-87.719629620936 41.754155757877)
JC444618,,9/23/2019 6:15,30,NO CONTROLS,MISSING,CLEAR,"DARKNESS, LIGHTED ROAD",FIXED OBJECT,NOT DIVIDED,,STRAIGHT AND LEVEL,OTHER,OTHER,ON SCENE,NO INJURY / DRIVE AWAY,,,,$500 OR LESS,9/23/2019 6:17,ROAD CONSTRUCTION/MAINTENANCE,ROAD ENGINEERING/SURFACE/MARKING DEFECTS,3202,W,IRVING PARK RD,1724,,,,,,,1,NO INDICATION OF INJURY,0,0,0,0,0,1,0,6,2,9,41.9540285,-87.70815623,POINT (-87.708156230325 41.954028494726)
JC446625,,9/23/2019 5:50,30,NO CONTROLS,NO CONTROLS,CLEAR,DAYLIGHT,FIXED OBJECT,NOT DIVIDED,,STRAIGHT AND LEVEL,DRY,"RUT, HOLES",NOT ON SCENE (DESK REPORT),NO INJURY / DRIVE AWAY,,,,"$501 - $1,500",9/24/2019 14:30,UNABLE TO DETERMINE,UNABLE TO DETERMINE,4233,W,IRVING PARK RD,1731,,,,,,,1,NO INDICATION OF INJURY,0,0,0,0,0,1,0,5,2,9,41.9534691,-87.73389281,POINT (-87.733892808065 41.953469095469)
JC444615,,9/23/2019 5:50,30,NO CONTROLS,NO CONTROLS,CLEAR,DAYLIGHT,REAR END,NOT DIVIDED,,STRAIGHT AND LEVEL,DRY,NO DEFECTS,ON SCENE,INJURY AND / OR TOW DUE TO CRASH,,,,"$501 - $1,500",9/23/2019 5:52,FOLLOWING TOO CLOSELY,NOT APPLICABLE,3008,W,DEVON AVE,2412,,,,,,,2,NO INDICATION OF INJURY,0,0,0,0,0,2,0,5,2,9,41.99757798,-87.70491684,POINT (-87.704916837965 41.997577976851)
JC445624,,9/23/2019 5:30,30,NO CONTROLS,NO CONTROLS,CLEAR,DAYLIGHT,PARKED MOTOR VEHICLE,NOT DIVIDED,,STRAIGHT AND LEVEL,DRY,NO DEFECTS,NOT ON SCENE (DESK REPORT),NO INJURY / DRIVE AWAY,,,Y,"$501 - $1,500",9/23/2019 16:40,UNABLE TO DETERMINE,NOT APPLICABLE,5300,W,WELLINGTON AVE,2514,,,,,,,2,NO INDICATION OF INJURY,0,0,0,0,0,1,0,5,2,9,41.93512927,-87.75912066,POINT (-87.759120655257 41.935129265106)
JC444622,,9/23/2019 5:30,30,NO CONTROLS,MISSING,CLEAR,"DARKNESS, LIGHTED ROAD",FIXED OBJECT,NOT DIVIDED,,STRAIGHT AND LEVEL,OTHER,OTHER,ON SCENE,NO INJURY / DRIVE AWAY,,,,$500 OR LESS,9/23/2019 6:45,ROAD CONSTRUCTION/MAINTENANCE,ROAD ENGINEERING/SURFACE/MARKING DEFECTS,3202,W,IRVING PARK RD,1724,,,,,,,1,NO INDICATION OF INJURY,0,0,0,0,0,1,0,5,2,9,41.9540285,-87.70815623,POINT (-87.708156230325 41.954028494726)
JC444588,,9/23/2019 4:07,30,TRAFFIC SIGNAL,FUNCTIONING PROPERLY,CLEAR,"DARKNESS, LIGHTED ROAD",SIDESWIPE SAME DIRECTION,NOT DIVIDED,,STRAIGHT AND LEVEL,DRY,WORN SURFACE,ON SCENE,INJURY AND / OR TOW DUE TO CRASH,Y,,Y,"$501 - $1,500",9/23/2019 4:08,IMPROPER OVERTAKING/PASSING,FAILING TO YIELD RIGHT-OF-WAY,401,E,63RD ST,312,,,,,,,2,NO INDICATION OF INJURY,0,0,0,0,0,3,0,4,2,9,41.7801305,-87.61555824,POINT (-87.615558244215 41.780130495224)
JC444582,,9/23/2019 3:28,35,NO CONTROLS,NO CONTROLS,UNKNOWN,"DARKNESS, LIGHTED ROAD",SIDESWIPE SAME DIRECTION,DIVIDED - W/MEDIAN (NOT RAISED),,STRAIGHT AND LEVEL,UNKNOWN,UNKNOWN,NOT ON SCENE (DESK REPORT),INJURY AND / OR TOW DUE TO CRASH,,,Y,"OVER $1,500",9/23/2019 3:35,NOT APPLICABLE,NOT APPLICABLE,5010,W,NORTH AVE,2533,,,,,,,2,NO INDICATION OF INJURY,0,0,0,0,0,2,0,3,2,9,41.90966505,-87.7516092,POINT (-87.751609199148 41.909665048658)
JC444574,,9/23/2019 3:01,30,NO CONTROLS,NO CONTROLS,CLEAR,"DARKNESS, LIGHTED ROAD",HEAD ON,NOT DIVIDED,,STRAIGHT AND LEVEL,DRY,NO DEFECTS,ON SCENE,INJURY AND / OR TOW DUE TO CRASH,,,,"OVER $1,500",9/23/2019 3:01,DRIVING ON WRONG SIDE/WRONG WAY,DRIVING ON WRONG SIDE/WRONG WAY,649,N,LARAMIE AVE,1532,,,,,,,2,NO INDICATION OF INJURY,0,0,0,0,0,2,0,3,2,9,41.89274949,-87.75537191,POINT (-87.755371912871 41.892749493104)
JC445277,,9/23/2019 2:40,30,STOP SIGN/FLASHER,UNKNOWN,CLEAR,DAYLIGHT,REAR END,ONE-WAY,,STRAIGHT AND LEVEL,UNKNOWN,UNKNOWN,NOT ON SCENE (DESK REPORT),NO INJURY / DRIVE AWAY,,,,"$501 - $1,500",9/23/2019 15:02,FOLLOWING TOO CLOSELY,UNABLE TO DETERMINE,1868,S,BLUE ISLAND AVE,1233,,,,,,,2,NO INDICATION OF INJURY,0,0,0,0,0,2,0,2,2,9,41.8562222,-87.66273195,POINT (-87.662731954272 41.856222195913)
JC444564,,9/23/2019 2:20,30,NO CONTROLS,NO CONTROLS,CLEAR,"DARKNESS, LIGHTED ROAD",PARKED MOTOR VEHICLE,NOT DIVIDED,,STRAIGHT AND LEVEL,DRY,NO DEFECTS,ON SCENE,NO INJURY / DRIVE AWAY,,,,"$501 - $1,500",9/23/2019 2:20,NOT APPLICABLE,NOT APPLICABLE,2350,W,21ST ST,1234,,,,,,,2,NO INDICATION OF INJURY,0,0,0,0,0,2,0,2,2,9,41.85398351,-87.68533242,POINT (-87.685332416406 41.853983506663)
JC444565,,9/23/2019 2:14,30,TRAFFIC SIGNAL,FUNCTIONING PROPERLY,CLEAR,"DARKNESS, LIGHTED ROAD",TURNING,FOUR WAY,,STRAIGHT AND LEVEL,UNKNOWN,UNKNOWN,ON SCENE,INJURY AND / OR TOW DUE TO CRASH,Y,,,"OVER $1,500",9/23/2019 2:14,FAILING TO YIELD RIGHT-OF-WAY,FAILING TO REDUCE SPEED TO AVOID CRASH,5663,S,ARCHER AVE,814,,,,,,,2,NO INDICATION OF INJURY,0,0,0,0,0,2,0,2,2,9,41.79711642,-87.75254955,POINT (-87.752549545733 41.797116423822)
JC444551,,9/23/2019 1:45,30,TRAFFIC SIGNAL,FUNCTIONING PROPERLY,CLEAR,"DARKNESS, LIGHTED ROAD",ANGLE,FOUR WAY,,STRAIGHT AND LEVEL,DRY,NO DEFECTS,ON SCENE,NO INJURY / DRIVE AWAY,Y,,Y,"OVER $1,500",9/23/2019 1:47,UNABLE TO DETERMINE,NOT APPLICABLE,600,N,STATE ST,1832,,,,,,,2,NO INDICATION OF INJURY,0,0,0,0,0,2,0,1,2,9,41.89250117,-87.62824274,POINT (-87.628242737819 41.89250116695)
JC444558,,9/23/2019 1:30,30,NO CONTROLS,NO CONTROLS,CLEAR,"DARKNESS, LIGHTED ROAD",PARKED MOTOR VEHICLE,ONE-WAY,,STRAIGHT AND LEVEL,DRY,NO DEFECTS,NOT ON SCENE (DESK REPORT),NO INJURY / DRIVE AWAY,,,Y,"OVER $1,500",9/23/2019 2:10,UNABLE TO DETERMINE,NOT APPLICABLE,200,W,OHIO ST,1831,,,,,,,2,NO INDICATION OF INJURY,0,0,0,0,0,4,0,1,2,9,41.89249742,-87.63416623,POINT (-87.634166225396 41.89249742233)
JC444544,,9/23/2019 1:26,35,NO CONTROLS,NO CONTROLS,CLEAR,"DARKNESS, LIGHTED ROAD",PARKED MOTOR VEHICLE,DIVIDED - W/MEDIAN (NOT RAISED),,STRAIGHT AND LEVEL,DRY,UNKNOWN,ON SCENE,INJURY AND / OR TOW DUE TO CRASH,N,,Y,"OVER $1,500",9/23/2019 1:26,"OPERATING VEHICLE IN ERRATIC, RECKLESS, CARELESS, NEGLIGENT OR AGGRESSIVE MANNER",NOT APPLICABLE,3435,W,ROOSEVELT RD,1021,,,,,,,2,NO INDICATION OF INJURY,0,0,0,0,0,1,0,1,2,9,41.86622279,-87.71194939,POINT (-87.711949386163 41.866222789003)
JC445682,,9/23/2019 1:00,30,UNKNOWN,NO CONTROLS,UNKNOWN,UNKNOWN,PARKED MOTOR VEHICLE,PARKING LOT,,STRAIGHT AND LEVEL,UNKNOWN,UNKNOWN,NOT ON SCENE (DESK REPORT),NO INJURY / DRIVE AWAY,,,Y,"$501 - $1,500",9/23/2019 19:19,UNABLE TO DETERMINE,NOT APPLICABLE,302,S,ABERDEEN ST,1232,,,,,,,2,NO INDICATION OF INJURY,0,0,0,0,0,1,0,1,2,9,41.8777051,-87.65471251,POINT (-87.654712508209 41.877705096051)
JC444531,,9/23/2019 0:45,30,NO CONTROLS,NO CONTROLS,CLEAR,"DARKNESS, LIGHTED ROAD",FIXED OBJECT,DRIVEWAY,,STRAIGHT AND LEVEL,DRY,NO DEFECTS,ON SCENE,NO INJURY / DRIVE AWAY,,Y,,$500 OR LESS,9/23/2019 0:49,IMPROPER BACKING,IMPROPER BACKING,1052,W,WAVELAND AVE,1923,,,,,,,1,NO INDICATION OF INJURY,0,0,0,0,0,1,0,0,2,9,41.94911902,-87.65644017,POINT (-87.656440166267 41.949119018608)
JC444670,Y,9/23/2019 0:30,25,UNKNOWN,UNKNOWN,UNKNOWN,UNKNOWN,FIXED OBJECT,ONE-WAY,,STRAIGHT AND LEVEL,UNKNOWN,UNKNOWN,ON SCENE,INJURY AND / OR TOW DUE TO CRASH,,,Y,"OVER $1,500",9/23/2019 7:45,UNABLE TO DETERMINE,UNABLE TO DETERMINE,6532,S,WHIPPLE ST,831,,,,,,,1,NO INDICATION OF INJURY,0,0,0,0,0,1,0,0,2,9,41.77438448,-87.69950931,POINT (-87.699509306789 41.774384475447)
JC444522,,9/23/2019 0:23,20,NO CONTROLS,NO CONTROLS,CLEAR,DARKNESS,PARKED MOTOR VEHICLE,ONE-WAY,,STRAIGHT AND LEVEL,WET,NO DEFECTS,ON SCENE,NO INJURY / DRIVE AWAY,,,Y,"OVER $1,500",9/23/2019 0:24,UNABLE TO DETERMINE,NOT APPLICABLE,2658,N,MANGO AVE,2514,,,,,,,2,NO INDICATION OF INJURY,0,0,0,0,0,1,0,0,2,9,41.92930684,-87.76997239,POINT (-87.769972390584 41.929306835131)
JC445028,,9/23/2019 0:10,25,NO CONTROLS,NO CONTROLS,UNKNOWN,UNKNOWN,PARKED MOTOR VEHICLE,ONE-WAY,,STRAIGHT AND LEVEL,UNKNOWN,NO DEFECTS,ON SCENE,NO INJURY / DRIVE AWAY,,,Y,"$501 - $1,500",9/23/2019 11:56,UNABLE TO DETERMINE,DRIVING SKILLS/KNOWLEDGE/EXPERIENCE,340,N,LOREL AVE,1523,,,,,,,2,NO INDICATION OF INJURY,0,0,0,0,0,1,0,0,2,9,41.88682984,-87.75912237,POINT (-87.759122373318 41.886829838413)
JC444511,,9/23/2019 0:08,30,STOP SIGN/FLASHER,NO CONTROLS,RAIN,"DARKNESS, LIGHTED ROAD",TURNING,T-INTERSECTION,,STRAIGHT AND LEVEL,WET,NO DEFECTS,ON SCENE,NO INJURY / DRIVE AWAY,Y,,,"OVER $1,500",9/23/2019 0:08,IMPROPER TURNING/NO SIGNAL,IMPROPER OVERTAKING/PASSING,900,W,79TH ST,621,,,,,,,2,NO INDICATION OF INJURY,0,0,0,0,0,3,0,0,2,9,41.75071498,-87.64653012,POINT (-87.646530119807 41.750714981817)
JC444525,,9/23/2019 0:05,30,TRAFFIC SIGNAL,FUNCTIONING PROPERLY,CLEAR,"DARKNESS, LIGHTED ROAD",REAR END,FOUR WAY,,STRAIGHT AND LEVEL,DRY,NO DEFECTS,ON SCENE,NO INJURY / DRIVE AWAY,N,,Y,"$501 - $1,500",9/23/2019 0:23,FOLLOWING TOO CLOSELY,FOLLOWING TOO CLOSELY,8924,S,STONY ISLAND AVE,413,,,,,,,2,NO INDICATION OF INJURY,0,0,0,0,0,2,0,0,2,9,41.73250458,-87.58570048,POINT (-87.585700481182 41.732504579623)
JC455424,Y,9/23/2019 0:00,15,NO CONTROLS,NO CONTROLS,UNKNOWN,UNKNOWN,PARKED MOTOR VEHICLE,PARKING LOT,,STRAIGHT AND LEVEL,UNKNOWN,UNKNOWN,NOT ON SCENE (DESK REPORT),NO INJURY / DRIVE AWAY,,,Y,"OVER $1,500",10/1/2019 10:30,UNABLE TO DETERMINE,NOT APPLICABLE,933,W,FULLERTON AVE,1812,,,,,,,2,NO INDICATION OF INJURY,0,0,0,0,0,1,0,0,2,9,41.92528526,-87.65250806,POINT (-87.652508063407 41.925285257872)
JC444530,,9/23/2019 0:00,30,NO CONTROLS,NO CONTROLS,CLEAR,"DARKNESS, LIGHTED ROAD",ANGLE,DIVIDED - W/MEDIAN (NOT RAISED),,STRAIGHT AND LEVEL,WET,NO DEFECTS,NOT ON SCENE (DESK REPORT),NO INJURY / DRIVE AWAY,,,Y,"OVER $1,500",9/23/2019 0:20,UNABLE TO DETERMINE,NOT APPLICABLE,2017,N,LARAMIE AVE,2522,,,,,,,2,NO INDICATION OF INJURY,0,0,0,0,0,2,0,0,2,9,41.91744937,-87.75580791,POINT (-87.755807913968 41.917449372503)
JC444518,,9/23/2019 0:00,20,NO CONTROLS,NO CONTROLS,RAIN,"DARKNESS, LIGHTED ROAD",FIXED OBJECT,ONE-WAY,,STRAIGHT AND LEVEL,WET,"RUT, HOLES",ON SCENE,NO INJURY / DRIVE AWAY,,,,"$501 - $1,500",9/23/2019 0:20,ROAD ENGINEERING/SURFACE/MARKING DEFECTS,ROAD CONSTRUCTION/MAINTENANCE,10654,S,CALHOUN AVE,434,,,,,,,1,NO INDICATION OF INJURY,0,0,0,0,0,1,0,0,2,9,41.70116138,-87.56214163,POINT (-87.562141625795 41.701161377423)
JC444513,,9/22/2019 23:50,30,NO CONTROLS,UNKNOWN,RAIN,DARKNESS,FIXED OBJECT,DIVIDED - W/MEDIAN BARRIER,,STRAIGHT AND LEVEL,WET,UNKNOWN,ON SCENE,INJURY AND / OR TOW DUE TO CRASH,Y,,,"OVER $1,500",9/22/2019 23:56,FAILING TO REDUCE SPEED TO AVOID CRASH,WEATHER,929,N,LAKE SHORE DR,1833,,,,,,,1,NO INDICATION OF INJURY,0,0,0,0,0,1,0,23,1,9,41.90009641,-87.61909741,POINT (-87.619097405032 41.900096405901)
JC444510,,9/22/2019 23:40,30,STOP SIGN/FLASHER,UNKNOWN,CLEAR,"DARKNESS, LIGHTED ROAD",SIDESWIPE SAME DIRECTION,NOT DIVIDED,,STRAIGHT AND LEVEL,UNKNOWN,UNKNOWN,NOT ON SCENE (DESK REPORT),NO INJURY / DRIVE AWAY,Y,,,"$501 - $1,500",9/22/2019 23:43,FOLLOWING TOO CLOSELY,FAILING TO YIELD RIGHT-OF-WAY,2298,W,CERMAK RD,1234,,,,,,,2,NO INDICATION OF INJURY,0,0,0,0,0,3,0,23,1,9,41.85217288,-87.68312984,POINT (-87.683129839165 41.852172874602)
JC444503,,9/22/2019 23:35,30,NO CONTROLS,NO CONTROLS,RAIN,"DARKNESS, LIGHTED ROAD",PARKED MOTOR VEHICLE,NOT DIVIDED,,STRAIGHT AND LEVEL,WET,NO DEFECTS,ON SCENE,NO INJURY / DRIVE AWAY,,,,"OVER $1,500",9/22/2019 23:39,UNABLE TO DETERMINE,UNABLE TO DETERMINE,700,E,73RD ST,323,,,,,,,2,NO INDICATION OF INJURY,0,0,0,0,0,1,0,23,1,9,41.76229825,-87.60786945,POINT (-87.60786945193 41.762298247638)
JC444537,,9/22/2019 23:30,30,UNKNOWN,UNKNOWN,UNKNOWN,DAWN,TURNING,DIVIDED - W/MEDIAN (NOT RAISED),,STRAIGHT AND LEVEL,WET,UNKNOWN,NOT ON SCENE (DESK REPORT),NO INJURY / DRIVE AWAY,N,,,"OVER $1,500",9/23/2019 0:45,IMPROPER TURNING/NO SIGNAL,IMPROPER TURNING/NO SIGNAL,8000,S,COTTAGE GROVE AVE,631,,,,,,,2,NO INDICATION OF INJURY,0,0,0,0,0,2,0,23,1,9,41.74936277,-87.60533298,POINT (-87.605332981011 41.749362768013)
JC444481,,9/22/2019 23:10,15,NO CONTROLS,NO CONTROLS,CLEAR,"DARKNESS, LIGHTED ROAD",PARKED MOTOR VEHICLE,ALLEY,,STRAIGHT AND LEVEL,WET,NO DEFECTS,ON SCENE,NO INJURY / DRIVE AWAY,,,Y,$500 OR LESS,9/22/2019 23:10,IMPROPER OVERTAKING/PASSING,UNABLE TO DETERMINE,2815,N,KEATING AVE,2521,,,,,,,2,NO INDICATION OF INJURY,0,0,0,0,0,1,0,23,1,9,41.93204092,-87.74520217,POINT (-87.74520217135 41.9320409208)
JC444495,Y,9/22/2019 23:00,20,NO CONTROLS,NO CONTROLS,RAIN,"DARKNESS, LIGHTED ROAD",PARKED MOTOR VEHICLE,ONE-WAY,,STRAIGHT AND LEVEL,WET,NO DEFECTS,ON SCENE,NO INJURY / DRIVE AWAY,,,Y,"OVER $1,500",9/22/2019 23:38,UNABLE TO DETERMINE,UNABLE TO DETERMINE,2224,N,KEDZIE BLVD,1413,,,,,,,2,NO INDICATION OF INJURY,0,0,0,0,0,1,0,23,1,9,41.9218924,-87.70727456,POINT (-87.707274554511 41.921892399062)
JC444461,,9/22/2019 23:00,30,TRAFFIC SIGNAL,FUNCTIONING PROPERLY,RAIN,"DARKNESS, LIGHTED ROAD",REAR END,FOUR WAY,,STRAIGHT AND LEVEL,WET,UNKNOWN,NOT ON SCENE (DESK REPORT),NO INJURY / DRIVE AWAY,Y,,Y,"$501 - $1,500",9/22/2019 23:06,FOLLOWING TOO CLOSELY,NOT APPLICABLE,7300,S,COTTAGE GROVE AVE,323,,,,,,,2,NO INDICATION OF INJURY,0,0,0,0,0,2,0,23,1,9,41.76213628,-87.60563349,POINT (-87.605633490465 41.762136276864)