RD_NO,CRASH_DATE_EST_I,CRASH_DATE,POSTED_SPEED_LIMIT,TRAFFIC_CONTROL_DEVICE,DEVICE_CONDITION,WEATHER_CONDITION,LIGHTING_CONDITION,FIRST_CRASH_TYPE,TRAFFICWAY_TYPE,LANE_CNT,ALIGNMENT,ROADWAY_SURFACE_COND,ROAD_DEFECT,REPORT_TYPE,CRASH_TYPE,INTERSECTION_RELATED_I,NOT_RIGHT_OF_WAY_I,HIT_AND_RUN_I,DAMAGE,DATE_POLICE_NOTIFIED,PRIM_CONTRIBUTORY_CAUSE,SEC_CONTRIBUTORY_CAUSE,STREET_NO,STREET_DIRECTION,STREET_NAME,BEAT_OF_OCCURRENCE,PHOTOS_TAKEN_I,STATEMENTS_TAKEN_I,DOORING_I,WORK_ZONE_I,WORK_ZONE_TYPE,WORKERS_PRESENT_I,NUM_UNITS,MOST_SEVERE_INJURY,INJURIES_TOTAL,INJURIES_FATAL,INJURIES_INCAPACITATING,INJURIES_NON_INCAPACITATING,INJURIES_REPORTED_NOT_EVIDENT,INJURIES_NO_INDICATION,INJURIES_UNKNOWN,CRASH_HOUR,CRASH_DAY_OF_WEEK,CRASH_MONTH,LATITUDE,LONGITUDE,LOCATION
JC444469,,9/22/2019 22:55,30,TRAFFIC SIGNAL,UNKNOWN,CLEAR,"DARKNESS, LIGHTED ROAD",ANGLE,FOUR WAY,,STRAIGHT AND LEVEL,WET,UNKNOWN,ON SCENE,INJURY AND / OR TOW DUE TO CRASH,,,,"OVER $1,500",9/22/2019 23:04,UNABLE TO DETERMINE,UNABLE TO DETERMINE,7100,S,LAFAYETTE AVE,731,,,,,,,3,"REPORTED, NOT EVIDENT",4,0,0,0,4,1,0,22,1,9,41.76539859,-87.6266955,POINT (-87.626695500681 41.765398585764)
JC444464,Y,9/22/2019 22:42,30,NO CONTROLS,NO CONTROLS,RAIN,DARKNESS,FIXED OBJECT,OTHER,,STRAIGHT AND LEVEL,WET,NO DEFECTS,,INJURY AND / OR TOW DUE TO CRASH,,,,"OVER $1,500",9/22/2019 23:00,"OPERATING VEHICLE IN ERRATIC, RECKLESS, CARELESS, NEGLIGENT OR AGGRESSIVE MANNER",UNDER THE INFLUENCE OF ALCOHOL/DRUGS (USE WHEN ARREST IS EFFECTED),6900,S,CALIFORNIA AVE,831,,,,,,,1,INCAPACITATING INJURY,1,0,1,0,0,0,0,22,1,9,41.7680842,-87.69326464,POINT (-87.693264641648 41.768084200953)
JC444450,,9/22/2019 22:32,15,NO CONTROLS,NO CONTROLS,RAIN,"DARKNESS, LIGHTED ROAD",PARKED MOTOR VEHICLE,PARKING LOT,,STRAIGHT AND LEVEL,WET,NO DEFECTS,ON SCENE,NO INJURY / DRIVE AWAY,,,Y,"OVER $1,500",9/22/2019 22:35,UNABLE TO DETERMINE,NOT APPLICABLE,5201,W,JACKSON BLVD,1522,,,,,,,2,NO INDICATION OF INJURY,0,0,0,0,0,1,0,22,1,9,41.87654788,-87.755058,POINT (-87.75505799483 41.87654787528)
JC444451,N,9/22/2019 22:30,30,TRAFFIC SIGNAL,FUNCTIONING PROPERLY,RAIN,"DARKNESS, LIGHTED ROAD",FIXED OBJECT,NOT DIVIDED,,STRAIGHT AND LEVEL,WET,NO DEFECTS,ON SCENE,INJURY AND / OR TOW DUE TO CRASH,N,N,,"OVER $1,500",9/22/2019 22:34,UNABLE TO DETERMINE,NOT APPLICABLE,4355,W,55TH ST,813,,,,,,,1,NONINCAPACITATING INJURY,1,0,0,1,0,0,0,22,1,9,41.79300685,-87.73273021,POINT (-87.732730212589 41.793006847189)
JC444442,,9/22/2019 22:30,30,TRAFFIC SIGNAL,FUNCTIONING PROPERLY,RAIN,"DARKNESS, LIGHTED ROAD",ANGLE,FOUR WAY,,STRAIGHT AND LEVEL,WET,NO DEFECTS,ON SCENE,INJURY AND / OR TOW DUE TO CRASH,Y,Y,,"OVER $1,500",9/22/2019 22:32,UNDER THE INFLUENCE OF ALCOHOL/DRUGS (USE WHEN ARREST IS EFFECTED),DISREGARDING TRAFFIC SIGNALS,1200,S,RACINE AVE,1233,,,,,,,2,NONINCAPACITATING INJURY,2,0,0,2,0,0,0,22,1,9,41.86695147,-87.6568268,POINT (-87.656826798414 41.866951466174)
JC444844,,9/22/2019 22:10,30,NO CONTROLS,NO CONTROLS,CLEAR,"DARKNESS, LIGHTED ROAD",ANGLE,ALLEY,,STRAIGHT AND LEVEL,DRY,NO DEFECTS,NOT ON SCENE (DESK REPORT),NO INJURY / DRIVE AWAY,,,Y,"OVER $1,500",9/22/2019 23:39,FAILING TO YIELD RIGHT-OF-WAY,NOT APPLICABLE,1034,W,MONTROSE AVE,1913,,,,,,,2,NO INDICATION OF INJURY,0,0,0,0,0,2,0,22,1,9,41.96186594,-87.65619338,POINT (-87.656193381417 41.961865938177)
JC445599,,9/22/2019 22:00,30,NO CONTROLS,NO CONTROLS,RAIN,"DARKNESS, LIGHTED ROAD",SIDESWIPE SAME DIRECTION,PARKING LOT,,STRAIGHT AND LEVEL,WET,UNKNOWN,NOT ON SCENE (DESK REPORT),NO INJURY / DRIVE AWAY,,Y,Y,"$501 - $1,500",9/23/2019 17:50,UNABLE TO DETERMINE,UNABLE TO DETERMINE,1400,W,79TH ST,612,,,,,,,2,NO INDICATION OF INJURY,0,0,0,0,0,2,0,22,1,9,41.75053498,-87.65865206,POINT (-87.65865206229 41.750534981258)
JC444475,,9/22/2019 22:00,35,TRAFFIC SIGNAL,FUNCTIONING PROPERLY,RAIN,"DARKNESS, LIGHTED ROAD",ANGLE,DIVIDED - W/MEDIAN (NOT RAISED),,STRAIGHT AND LEVEL,WET,NO DEFECTS,NOT ON SCENE (DESK REPORT),NO INJURY / DRIVE AWAY,Y,,,"OVER $1,500",9/22/2019 23:15,DISREGARDING TRAFFIC SIGNALS,NOT APPLICABLE,100,E,CONGRESS DR,114,,,,,,,2,NO INDICATION OF INJURY,0,0,0,0,0,2,0,22,1,9,41.87583508,-87.62421289,POINT (-87.624212886292 41.875835081627)
JC444433,,9/22/2019 22:00,30,NO CONTROLS,NO CONTROLS,RAIN,DARKNESS,OTHER NONCOLLISION,NOT DIVIDED,,STRAIGHT AND LEVEL,WET,NO DEFECTS,,NO INJURY / DRIVE AWAY,,,,"$501 - $1,500",9/22/2019 22:10,UNABLE TO DETERMINE,NOT APPLICABLE,2501,N,OAK PARK AVE,2512,,,,,,,,,,,,,,,,22,1,9,41.92551168,-87.79515455,POINT (-87.795154552014 41.925511677164)
JC444425,,9/22/2019 22:00,30,NO CONTROLS,NO CONTROLS,RAIN,"DARKNESS, LIGHTED ROAD",PARKED MOTOR VEHICLE,NOT DIVIDED,,STRAIGHT AND LEVEL,WET,NO DEFECTS,ON SCENE,INJURY AND / OR TOW DUE TO CRASH,,,,"OVER $1,500",9/22/2019 22:00,DISTRACTION - FROM INSIDE VEHICLE,UNABLE TO DETERMINE,8212,W,IRVING PARK RD,1614,,,,,,,2,NO INDICATION OF INJURY,0,0,0,0,0,2,0,22,1,9,41.95225926,-87.83237173,POINT (-87.832371729936 41.952259257828)
JC444401,N,9/22/2019 21:58,20,NO CONTROLS,NO CONTROLS,CLEAR,DARKNESS,PARKED MOTOR VEHICLE,ONE-WAY,,STRAIGHT AND LEVEL,WET,NO DEFECTS,ON SCENE,INJURY AND / OR TOW DUE TO CRASH,,,,"OVER $1,500",9/22/2019 22:08,DRIVING ON WRONG SIDE/WRONG WAY,UNABLE TO DETERMINE,3522,W,GRENSHAW ST,1133,,,,,,,2,NO INDICATION OF INJURY,0,0,0,0,0,4,0,21,1,9,41.86737367,-87.71396734,POINT (-87.713967339722 41.867373665236)
JC447441,,9/22/2019 21:45,30,TRAFFIC SIGNAL,UNKNOWN,UNKNOWN,UNKNOWN,REAR END,NOT DIVIDED,,STRAIGHT AND LEVEL,UNKNOWN,UNKNOWN,NOT ON SCENE (DESK REPORT),NO INJURY / DRIVE AWAY,,,Y,"OVER $1,500",9/25/2019 6:30,UNABLE TO DETERMINE,NOT APPLICABLE,12600,S,AVENUE O,433,,,,,,,2,NO INDICATION OF INJURY,0,0,0,0,0,2,0,21,1,9,41.66605467,-87.5394555,POINT (-87.539455500189 41.666054665379)
JC444414,,9/22/2019 21:45,30,TRAFFIC SIGNAL,FUNCTIONING PROPERLY,RAIN,"DARKNESS, LIGHTED ROAD",TURNING,NOT DIVIDED,,STRAIGHT AND LEVEL,WET,NO DEFECTS,ON SCENE,NO INJURY / DRIVE AWAY,,,Y,"OVER $1,500",9/22/2019 21:48,FAILING TO YIELD RIGHT-OF-WAY,UNABLE TO DETERMINE,43,E,CONGRESS PKWY,123,,,,,,,2,NO INDICATION OF INJURY,0,0,0,0,0,2,0,21,1,9,41.87557993,-87.62593588,POINT (-87.625935878816 41.875579925497)
JC444502,,9/22/2019 21:40,30,TRAFFIC SIGNAL,FUNCTIONING PROPERLY,RAIN,"DARKNESS, LIGHTED ROAD",REAR END,NOT DIVIDED,,STRAIGHT AND LEVEL,WET,NO DEFECTS,NOT ON SCENE (DESK REPORT),INJURY AND / OR TOW DUE TO CRASH,,,N,"OVER $1,500",9/22/2019 23:40,FOLLOWING TOO CLOSELY,FAILING TO REDUCE SPEED TO AVOID CRASH,2454,S,STATE ST,131,,,,,,,2,INCAPACITATING INJURY,2,0,1,1,0,1,0,21,1,9,41.84766394,-87.62705618,POINT (-87.62705617691 41.847663944292)
JC447837,Y,9/22/2019 21:30,30,NO CONTROLS,NO CONTROLS,UNKNOWN,"DARKNESS, LIGHTED ROAD",PARKED MOTOR VEHICLE,NOT DIVIDED,,STRAIGHT AND LEVEL,UNKNOWN,NO DEFECTS,NOT ON SCENE (DESK REPORT),NO INJURY / DRIVE AWAY,,,Y,"OVER $1,500",9/25/2019 12:30,UNABLE TO DETERMINE,UNABLE TO DETERMINE,7950,W,BELMONT AVE,1631,,,,,,,3,NO INDICATION OF INJURY,0,0,0,0,0,1,0,21,1,9,41.93786091,-87.82591345,POINT (-87.825913449321 41.937860912801)
JC444766,,9/22/2019 21:30,35,STOP SIGN/FLASHER,FUNCTIONING PROPERLY,RAIN,"DARKNESS, LIGHTED ROAD",ANGLE,NOT DIVIDED,,STRAIGHT AND LEVEL,WET,NO DEFECTS,NOT ON SCENE (DESK REPORT),NO INJURY / DRIVE AWAY,,,Y,"OVER $1,500",9/23/2019 9:05,FAILING TO YIELD RIGHT-OF-WAY,FAILING TO YIELD RIGHT-OF-WAY,1329,S,KOSTNER AVE,1011,,,,,,,2,NO INDICATION OF INJURY,0,0,0,0,0,3,0,21,1,9,41.86332428,-87.73473388,POINT (-87.73473387885 41.863324279215)
JC444675,Y,9/22/2019 21:30,20,NO CONTROLS,NO CONTROLS,RAIN,"DARKNESS, LIGHTED ROAD",PARKED MOTOR VEHICLE,NOT DIVIDED,,STRAIGHT AND LEVEL,WET,NO DEFECTS,ON SCENE,NO INJURY / DRIVE AWAY,,,Y,"OVER $1,500",9/23/2019 7:38,UNABLE TO DETERMINE,WEATHER,1712,E,70TH ST,332,,,,,,,2,NO INDICATION OF INJURY,0,0,0,0,0,1,0,21,1,9,41.76802726,-87.58222831,POINT (-87.582228304907 41.768027257041)
JC444429,,9/22/2019 21:30,30,STOP SIGN/FLASHER,FUNCTIONING PROPERLY,RAIN,"DARKNESS, LIGHTED ROAD",ANGLE,NOT DIVIDED,,STRAIGHT AND LEVEL,WET,UNKNOWN,ON SCENE,NO INJURY / DRIVE AWAY,,,,"$501 - $1,500",9/22/2019 21:34,FAILING TO REDUCE SPEED TO AVOID CRASH,UNABLE TO DETERMINE,2900,N,AUSTIN AVE,2511,,,,,,,2,NO INDICATION OF INJURY,0,0,0,0,0,3,0,21,1,9,41.93305172,-87.77617612,POINT (-87.776176123173 41.933051723887)
JC444417,,9/22/2019 21:30,30,TRAFFIC SIGNAL,FUNCTIONING PROPERLY,RAIN,"DARKNESS, LIGHTED ROAD",REAR END,NOT DIVIDED,,STRAIGHT AND LEVEL,WET,NO DEFECTS,NOT ON SCENE (DESK REPORT),NO INJURY / DRIVE AWAY,Y,,,"$501 - $1,500",9/22/2019 22:00,"OPERATING VEHICLE IN ERRATIC, RECKLESS, CARELESS, NEGLIGENT OR AGGRESSIVE MANNER",UNABLE TO DETERMINE,12700,S,HALSTED ST,523,,,,,,,2,NO INDICATION OF INJURY,0,0,0,0,0,2,0,21,1,9,41.6631821,-87.64156527,POINT (-87.641565265157 41.663182101231)
JC444400,,9/22/2019 21:15,25,NO CONTROLS,NO CONTROLS,RAIN,"DARKNESS, LIGHTED ROAD",SIDESWIPE SAME DIRECTION,NOT DIVIDED,,STRAIGHT AND LEVEL,WET,NO DEFECTS,ON SCENE,NO INJURY / DRIVE AWAY,,,,"$501 - $1,500",9/22/2019 21:23,IMPROPER LANE USAGE,NOT APPLICABLE,220,W,63RD ST,711,,,,,,,2,NO INDICATION OF INJURY,0,0,0,0,0,6,0,21,1,9,41.78008611,-87.63090809,POINT (-87.630908092661 41.780086112027)
JC444397,,9/22/2019 21:10,30,NO CONTROLS,NO CONTROLS,RAIN,"DARKNESS, LIGHTED ROAD",PARKED MOTOR VEHICLE,NOT DIVIDED,,STRAIGHT AND LEVEL,WET,UNKNOWN,ON SCENE,NO INJURY / DRIVE AWAY,,,,"OVER $1,500",9/22/2019 21:15,UNABLE TO DETERMINE,NOT APPLICABLE,3430,N,NARRAGANSETT AVE,1632,,,,,,,3,NO INDICATION OF INJURY,0,0,0,0,0,1,0,21,1,9,41.94295729,-87.78640094,POINT (-87.78640093876 41.942957294178)
JC447994,,9/22/2019 21:00,30,NO CONTROLS,NO CONTROLS,CLEAR,"DARKNESS, LIGHTED ROAD",REAR END,NOT DIVIDED,,STRAIGHT AND LEVEL,DRY,NO DEFECTS,NOT ON SCENE (DESK REPORT),NO INJURY / DRIVE AWAY,,,,"OVER $1,500",9/25/2019 14:55,UNABLE TO DETERMINE,UNABLE TO DETERMINE,5700,W,IRVING PARK RD,1624,,,,,,,2,NO INDICATION OF INJURY,0,0,0,0,0,2,0,21,1,9,41.95325817,-87.76951203,POINT (-87.769512027417 41.95325816953)
JC445912,N,9/22/2019 21:00,30,NO CONTROLS,NO CONTROLS,RAIN,"DARKNESS, LIGHTED ROAD",REAR END,DIVIDED - W/MEDIAN (NOT RAISED),,STRAIGHT AND LEVEL,WET,NO DEFECTS,NOT ON SCENE (DESK REPORT),NO INJURY / DRIVE AWAY,,,,$500 OR LESS,9/23/2019 23:59,UNABLE TO DETERMINE,NOT APPLICABLE,5930,W,IRVING PARK RD,1624,,,,,,,2,NO INDICATION OF INJURY,0,0,0,0,0,4,0,21,1,9,41.95317989,-87.77561751,POINT (-87.775617508527 41.953179886484)
JC444380,,9/22/2019 21:00,30,NO CONTROLS,NO CONTROLS,RAIN,"DARKNESS, LIGHTED ROAD",REAR END,NOT DIVIDED,,STRAIGHT AND LEVEL,WET,NO DEFECTS,ON SCENE,NO INJURY / DRIVE AWAY,,,Y,"OVER $1,500",9/22/2019 21:00,UNABLE TO DETERMINE,UNABLE TO DETERMINE,211,N,CICERO AVE,1113,,,,,,,2,NO INDICATION OF INJURY,0,0,0,0,0,2,0,21,1,9,41.88490651,-87.74529385,POINT (-87.74529385061 41.884906506344)
JC444360,,9/22/2019 20:45,30,TRAFFIC SIGNAL,FUNCTIONING PROPERLY,RAIN,"DARKNESS, LIGHTED ROAD",ANGLE,FOUR WAY,,STRAIGHT AND LEVEL,WET,NO DEFECTS,ON SCENE,INJURY AND / OR TOW DUE TO CRASH,Y,,Y,$500 OR LESS,9/22/2019 21:00,WEATHER,UNABLE TO DETERMINE,500,S,RACINE AVE,1231,,,,,,,2,"REPORTED, NOT EVIDENT",1,0,0,0,1,1,0,20,1,9,41.87528446,-87.6571153,POINT (-87.657115296866 41.875284464237)
JC444372,,9/22/2019 20:40,30,NO CONTROLS,NO CONTROLS,RAIN,"DARKNESS, LIGHTED ROAD",TURNING,FOUR WAY,,STRAIGHT AND LEVEL,WET,NO DEFECTS,ON SCENE,INJURY AND / OR TOW DUE TO CRASH,Y,,,"OVER $1,500",9/22/2019 20:56,FAILING TO YIELD RIGHT-OF-WAY,WEATHER,3231,W,79TH ST,834,,,,,,,3,NONINCAPACITATING INJURY,1,0,0,1,0,2,0,20,1,9,41.74962033,-87.70355289,POINT (-87.703552889184 41.749620333104)
JC445878,,9/22/2019 20:30,30,NO CONTROLS,UNKNOWN,UNKNOWN,"DARKNESS, LIGHTED ROAD",PARKED MOTOR VEHICLE,PARKING LOT,,STRAIGHT AND LEVEL,UNKNOWN,UNKNOWN,NOT ON SCENE (DESK REPORT),NO INJURY / DRIVE AWAY,,,,"$501 - $1,500",9/22/2019 23:00,UNABLE TO DETERMINE,UNABLE TO DETERMINE,3135,W,ADDISON ST,1733,,,,,,,2,NO INDICATION OF INJURY,0,0,0,0,0,1,0,20,1,9,41.94652905,-87.70681271,POINT (-87.706812713126 41.946529050537)
JC445353,,9/22/2019 20:30,20,NO CONTROLS,UNKNOWN,UNKNOWN,"DARKNESS, LIGHTED ROAD",PARKED MOTOR VEHICLE,ONE-WAY,,STRAIGHT AND LEVEL,UNKNOWN,UNKNOWN,NOT ON SCENE (DESK REPORT),NO INJURY / DRIVE AWAY,,,,"OVER $1,500",9/23/2019 16:00,UNABLE TO DETERMINE,NOT APPLICABLE,6441,S,LAMON AVE,813,,,,,,,2,NO INDICATION OF INJURY,0,0,0,0,0,1,0,20,1,9,41.77532467,-87.74448285,POINT (-87.744482845293 41.77532467361)
JC444371,,9/22/2019 20:20,30,TRAFFIC SIGNAL,FUNCTIONING PROPERLY,RAIN,"DARKNESS, LIGHTED ROAD",REAR END,NOT DIVIDED,,STRAIGHT AND LEVEL,WET,NO DEFECTS,ON SCENE,INJURY AND / OR TOW DUE TO CRASH,,,Y,$500 OR LESS,9/22/2019 20:22,UNABLE TO DETERMINE,UNABLE TO DETERMINE,1615,W,AUGUSTA BLVD,1213,,,,,,,3,"REPORTED, NOT EVIDENT",2,0,0,0,2,1,0,20,1,9,41.89958636,-87.66803591,POINT (-87.668035904999 41.899586358667)
JC444394,,9/22/2019 20:15,30,TRAFFIC SIGNAL,FUNCTIONING PROPERLY,RAIN,"DARKNESS, LIGHTED ROAD",TURNING,DIVIDED - W/MEDIAN (NOT RAISED),,STRAIGHT AND LEVEL,WET,NO DEFECTS,NOT ON SCENE (DESK REPORT),NO INJURY / DRIVE AWAY,Y,,,"OVER $1,500",9/22/2019 21:15,UNABLE TO DETERMINE,NOT APPLICABLE,4000,W,DIVERSEY AVE,2523,,,,,,,2,NO INDICATION OF INJURY,0,0,0,0,0,2,0,20,1,9,41.93189772,-87.72710503,POINT (-87.727105030454 41.931897723146)
JC444376,,9/22/2019 20:15,30,STOP SIGN/FLASHER,FUNCTIONING PROPERLY,RAIN,"DARKNESS, LIGHTED ROAD",ANGLE,NOT DIVIDED,,STRAIGHT AND LEVEL,WET,NO DEFECTS,ON SCENE,INJURY AND / OR TOW DUE TO CRASH,Y,,,"$501 - $1,500",9/22/2019 20:37,FAILING TO YIELD RIGHT-OF-WAY,FAILING TO REDUCE SPEED TO AVOID CRASH,3500,N,LARAMIE AVE,1634,,,,,,,2,NO INDICATION OF INJURY,0,0,0,0,0,5,0,20,1,9,41.94422048,-87.75701251,POINT (-87.757012512725 41.94422047792)
JC444338,,9/22/2019 20:15,30,TRAFFIC SIGNAL,FUNCTIONING PROPERLY,RAIN,"DARKNESS, LIGHTED ROAD",SIDESWIPE SAME DIRECTION,NOT DIVIDED,,STRAIGHT AND LEVEL,WET,NO DEFECTS,NOT ON SCENE (DESK REPORT),NO INJURY / DRIVE AWAY,Y,,,"OVER $1,500",9/22/2019 20:33,FAILING TO REDUCE SPEED TO AVOID CRASH,NOT APPLICABLE,5958,W,FULLERTON AVE,2515,,,,,,,2,NO INDICATION OF INJURY,0,0,0,0,0,3,0,20,1,9,41.92393732,-87.77565803,POINT (-87.775658026391 41.923937319159)
JC444340,,9/22/2019 20:14,30,NO CONTROLS,NO CONTROLS,RAIN,"DARKNESS, LIGHTED ROAD",PARKED MOTOR VEHICLE,ONE-WAY,,STRAIGHT AND LEVEL,WET,UNKNOWN,ON SCENE,NO INJURY / DRIVE AWAY,,,,"$501 - $1,500",9/22/2019 20:15,UNABLE TO DETERMINE,UNABLE TO DETERMINE,543,N,LECLAIRE AVE,1532,,,,,,,2,NO INDICATION OF INJURY,0,0,0,0,0,1,0,20,1,9,41.89060776,-87.75284837,POINT (-87.752848366708 41.890607761114)
JC444809,,9/22/2019 20:13,20,NO CONTROLS,NO CONTROLS,RAIN,"DARKNESS, LIGHTED ROAD",PARKED MOTOR VEHICLE,DIVIDED - W/MEDIAN (NOT RAISED),,STRAIGHT AND LEVEL,WET,NO DEFECTS,NOT ON SCENE (DESK REPORT),NO INJURY / DRIVE AWAY,,,Y,"OVER $1,500",9/23/2019 9:30,UNABLE TO DETERMINE,NOT APPLICABLE,7100,S,JEFFERY BLVD,333,,,,,,,2,NO INDICATION OF INJURY,0,0,0,0,0,2,0,20,1,9,41.76602778,-87.57644312,POINT (-87.576443122779 41.766027779516)
JC444333,,9/22/2019 20:13,35,NO CONTROLS,NO CONTROLS,RAIN,"DARKNESS, LIGHTED ROAD",REAR END,NOT DIVIDED,,STRAIGHT AND LEVEL,WET,NO DEFECTS,ON SCENE,NO INJURY / DRIVE AWAY,,,,$500 OR LESS,9/22/2019 20:13,FOLLOWING TOO CLOSELY,NOT APPLICABLE,744,N,HAMLIN AVE,1112,,,,,,,2,NO INDICATION OF INJURY,0,0,0,0,0,5,0,20,1,9,41.89496525,-87.72132198,POINT (-87.721321984365 41.894965253081)
JC444385,,9/22/2019 20:05,30,UNKNOWN,UNKNOWN,RAIN,"DARKNESS, LIGHTED ROAD",PARKED MOTOR VEHICLE,UNKNOWN,,STRAIGHT AND LEVEL,WET,UNKNOWN,NOT ON SCENE (DESK REPORT),NO INJURY / DRIVE AWAY,,,,"$501 - $1,500",9/22/2019 21:10,"VISION OBSCURED (SIGNS, TREE LIMBS, BUILDINGS, ETC.)",UNABLE TO DETERMINE,10000,W,OHARE ST,1651,,,,,,,2,NO INDICATION OF INJURY,0,0,0,0,0,1,0,20,1,9,41.97620114,-87.90530913,POINT (-87.905309125103 41.976201139024)
JC445713,,9/22/2019 20:00,10,NO CONTROLS,NO CONTROLS,CLEAR,DARKNESS,PARKED MOTOR VEHICLE,PARKING LOT,,STRAIGHT AND LEVEL,DRY,NO DEFECTS,NOT ON SCENE (DESK REPORT),NO INJURY / DRIVE AWAY,,,Y,"OVER $1,500",9/23/2019 19:43,IMPROPER BACKING,IMPROPER BACKING,7530,S,STONY ISLAND AVE,411,,,,,,,2,NO INDICATION OF INJURY,0,0,0,0,0,1,0,20,1,9,41.75780566,-87.58626826,POINT (-87.586268258019 41.757805658543)
JC445008,,9/22/2019 20:00,35,TRAFFIC SIGNAL,FUNCTIONING PROPERLY,UNKNOWN,UNKNOWN,REAR END,UNKNOWN INTERSECTION TYPE,,STRAIGHT AND LEVEL,UNKNOWN,UNKNOWN,NOT ON SCENE (DESK REPORT),NO INJURY / DRIVE AWAY,,,,"OVER $1,500",9/23/2019 12:00,UNABLE TO DETERMINE,UNABLE TO DETERMINE,500,W,63RD ST,711,,,,,,,2,NO INDICATION OF INJURY,0,0,0,0,0,2,0,20,1,9,41.77997688,-87.63756776,POINT (-87.637567755839 41.77997687947)
JC444349,,9/22/2019 19:58,30,NO CONTROLS,NO CONTROLS,RAIN,"DARKNESS, LIGHTED ROAD",PARKED MOTOR VEHICLE,NOT DIVIDED,,STRAIGHT ON GRADE,WET,NO DEFECTS,NOT ON SCENE (DESK REPORT),NO INJURY / DRIVE AWAY,,,,"OVER $1,500",9/22/2019 20:42,FAILING TO REDUCE SPEED TO AVOID CRASH,NOT APPLICABLE,4300,S,WESTERN AVE,922,,,,,,,2,NO INDICATION OF INJURY,0,0,0,0,0,1,0,19,1,9,41.81560321,-87.68477272,POINT (-87.684772723609 41.815603204509)
JC444319,,9/22/2019 19:46,30,NO CONTROLS,NO CONTROLS,RAIN,"DARKNESS, LIGHTED ROAD",PARKED MOTOR VEHICLE,ONE-WAY,,STRAIGHT AND LEVEL,WET,NO DEFECTS,ON SCENE,NO INJURY / DRIVE AWAY,,,,"$501 - $1,500",9/22/2019 19:48,IMPROPER BACKING,UNABLE TO DETERMINE,2637,W,ARTHUR AVE,2412,,,,,,,2,NO INDICATION OF INJURY,0,0,0,0,0,2,0,19,1,9,41.99933536,-87.69626017,POINT (-87.696260172705 41.999335358225)
JC444348,,9/22/2019 19:42,35,NO CONTROLS,NO CONTROLS,RAIN,"DARKNESS, LIGHTED ROAD",REAR END,NOT DIVIDED,,STRAIGHT AND LEVEL,WET,NO DEFECTS,ON SCENE,INJURY AND / OR TOW DUE TO CRASH,,,,"OVER $1,500",9/22/2019 19:44,"VISION OBSCURED (SIGNS, TREE LIMBS, BUILDINGS, ETC.)",WEATHER,6488,N,CALDWELL AVE,1621,,,,,,,2,"REPORTED, NOT EVIDENT",1,0,0,0,1,1,0,19,1,9,41.99884826,-87.77031156,POINT (-87.770311556481 41.998848259558)
JC444314,,9/22/2019 19:40,30,NO CONTROLS,NO CONTROLS,RAIN,"DARKNESS, LIGHTED ROAD",SIDESWIPE SAME DIRECTION,NOT DIVIDED,,STRAIGHT AND LEVEL,WET,NO DEFECTS,ON SCENE,INJURY AND / OR TOW DUE TO CRASH,,,,"OVER $1,500",9/22/2019 19:45,UNABLE TO DETERMINE,UNABLE TO DETERMINE,3901,N,CLARK ST,1923,,,,,,,2,"REPORTED, NOT EVIDENT",1,0,0,0,1,1,0,19,1,9,41.95272695,-87.66077155,POINT (-87.660771553086 41.952726948767)
JC444313,,9/22/2019 19:35,30,STOP SIGN/FLASHER,FUNCTIONING PROPERLY,RAIN,"DARKNESS, LIGHTED ROAD",PEDESTRIAN,FOUR WAY,,STRAIGHT AND LEVEL,WET,NO DEFECTS,ON SCENE,INJURY AND / OR TOW DUE TO CRASH,Y,,,$500 OR LESS,9/22/2019 19:39,WEATHER,UNABLE TO DETERMINE,2059,N,HALSTED ST,1812,,,,,,,2,INCAPACITATING INJURY,1,0,1,0,0,2,0,19,1,9,41.91990608,-87.64842449,POINT (-87.648424489986 41.919906081067)
JC444310,,9/22/2019 19:35,30,NO CONTROLS,NO CONTROLS,RAIN,DARKNESS,HEAD ON,NOT DIVIDED,,STRAIGHT AND LEVEL,WET,UNKNOWN,ON SCENE,INJURY AND / OR TOW DUE TO CRASH,,,,"OVER $1,500",9/22/2019 19:36,WEATHER,"VISION OBSCURED (SIGNS, TREE LIMBS, BUILDINGS, ETC.)",211,S,WESTERN AVE,1225,,,,,,,4,NONINCAPACITATING INJURY,1,0,0,1,0,5,0,19,1,9,41.87822743,-87.68620894,POINT (-87.686208938382 41.878227434263)
JC445380,,9/22/2019 19:30,10,NO CONTROLS,NO CONTROLS,CLEAR,DAYLIGHT,ANGLE,PARKING LOT,,STRAIGHT AND LEVEL,DRY,NO DEFECTS,NOT ON SCENE (DESK REPORT),NO INJURY / DRIVE AWAY,,Y,,"OVER $1,500",9/23/2019 16:15,IMPROPER BACKING,DRIVING SKILLS/KNOWLEDGE/EXPERIENCE,5500,S,PULASKI RD,813,,,,,,,2,NO INDICATION OF INJURY,0,0,0,0,0,2,0,19,1,9,41.79315506,-87.72330377,POINT (-87.723303764642 41.793155060731)