RD_NO,CRASH_DATE_EST_I,CRASH_DATE,POSTED_SPEED_LIMIT,TRAFFIC_CONTROL_DEVICE,DEVICE_CONDITION,WEATHER_CONDITION,LIGHTING_CONDITION,FIRST_CRASH_TYPE,TRAFFICWAY_TYPE,LANE_CNT,ALIGNMENT,ROADWAY_SURFACE_COND,ROAD_DEFECT,REPORT_TYPE,CRASH_TYPE,INTERSECTION_RELATED_I,NOT_RIGHT_OF_WAY_I,HIT_AND_RUN_I,DAMAGE,DATE_POLICE_NOTIFIED,PRIM_CONTRIBUTORY_CAUSE,SEC_CONTRIBUTORY_CAUSE,STREET_NO,STREET_DIRECTION,STREET_NAME,BEAT_OF_OCCURRENCE,PHOTOS_TAKEN_I,STATEMENTS_TAKEN_I,DOORING_I,WORK_ZONE_I,WORK_ZONE_TYPE,WORKERS_PRESENT_I,NUM_UNITS,MOST_SEVERE_INJURY,INJURIES_TOTAL,INJURIES_FATAL,INJURIES_INCAPACITATING,INJURIES_NON_INCAPACITATING,INJURIES_REPORTED_NOT_EVIDENT,INJURIES_NO_INDICATION,INJURIES_UNKNOWN,CRASH_HOUR,CRASH_DAY_OF_WEEK,CRASH_MONTH,LATITUDE,LONGITUDE,LOCATION
JC444329,,9/22/2019 19:30,30,NO CONTROLS,NO CONTROLS,UNKNOWN,"DARKNESS, LIGHTED ROAD",TURNING,NOT DIVIDED,,STRAIGHT AND LEVEL,UNKNOWN,NO DEFECTS,NOT ON SCENE (DESK REPORT),INJURY AND / OR TOW DUE TO CRASH,,,Y,"OVER $1,500",9/22/2019 20:17,UNABLE TO DETERMINE,NOT APPLICABLE,4801,S,PULASKI RD,821,,,,,,,2,"REPORTED, NOT EVIDENT",1,0,0,0,1,5,0,19,1,9,41.80594982,-87.72337972,POINT (-87.723379721815 41.805949820064)
JC444306,,9/22/2019 19:30,30,NO CONTROLS,NO CONTROLS,RAIN,"DARKNESS, LIGHTED ROAD",TURNING,DIVIDED - W/MEDIAN (NOT RAISED),,STRAIGHT AND LEVEL,WET,NO DEFECTS,NOT ON SCENE (DESK REPORT),NO INJURY / DRIVE AWAY,,,,"$501 - $1,500",9/22/2019 19:55,UNABLE TO DETERMINE,NOT APPLICABLE,2000,S,STATE ST,131,,,,,,,2,NO INDICATION OF INJURY,0,0,0,0,0,6,0,19,1,9,41.8553848,-87.62729155,POINT (-87.627291544963 41.85538479956)
JC455968,,9/22/2019 19:28,30,NO CONTROLS,NO CONTROLS,RAIN,DARKNESS,ANGLE,NOT DIVIDED,,STRAIGHT AND LEVEL,WET,UNKNOWN,NOT ON SCENE (DESK REPORT),NO INJURY / DRIVE AWAY,,,,"$501 - $1,500",10/1/2019 16:39,IMPROPER BACKING,IMPROPER OVERTAKING/PASSING,3332,N,RACINE AVE,1924,,,,,,,2,NO INDICATION OF INJURY,0,0,0,0,0,3,0,19,1,9,41.94265986,-87.65919673,POINT (-87.659196726881 41.942659862046)
JC444317,Y,9/22/2019 19:20,30,TRAFFIC SIGNAL,UNKNOWN,RAIN,"DARKNESS, LIGHTED ROAD",SIDESWIPE SAME DIRECTION,NOT DIVIDED,,STRAIGHT AND LEVEL,WET,UNKNOWN,ON SCENE,NO INJURY / DRIVE AWAY,Y,,Y,"OVER $1,500",9/22/2019 19:43,FAILING TO REDUCE SPEED TO AVOID CRASH,NOT APPLICABLE,3557,N,LARAMIE AVE,1634,,,,,,,2,NO INDICATION OF INJURY,0,0,0,0,0,4,0,19,1,9,41.94590246,-87.7567714,POINT (-87.756771402728 41.945902462708)
JC444938,,9/22/2019 19:15,30,TRAFFIC SIGNAL,FUNCTIONING PROPERLY,RAIN,DARKNESS,PARKED MOTOR VEHICLE,ONE-WAY,,STRAIGHT AND LEVEL,WET,NO DEFECTS,NOT ON SCENE (DESK REPORT),NO INJURY / DRIVE AWAY,,,Y,"OVER $1,500",9/23/2019 11:15,UNABLE TO DETERMINE,UNABLE TO DETERMINE,564,W,RANDOLPH ST,121,,,,,,,2,NO INDICATION OF INJURY,0,0,0,0,0,1,0,19,1,9,41.8845434,-87.64233139,POINT (-87.642331386727 41.884543397738)
JC444300,,9/22/2019 19:15,30,NO CONTROLS,NO CONTROLS,RAIN,"DARKNESS, LIGHTED ROAD",HEAD ON,DIVIDED - W/MEDIAN (NOT RAISED),,STRAIGHT AND LEVEL,WET,NO DEFECTS,ON SCENE,INJURY AND / OR TOW DUE TO CRASH,,,,"OVER $1,500",9/22/2019 19:15,UNDER THE INFLUENCE OF ALCOHOL/DRUGS (USE WHEN ARREST IS EFFECTED),DRIVING ON WRONG SIDE/WRONG WAY,3528,N,CENTRAL AVE,1633,,,,,,,3,INCAPACITATING INJURY,1,0,1,0,0,1,0,19,1,9,41.94491521,-87.76687021,POINT (-87.766870206955 41.944915213632)
JC444286,,9/22/2019 19:13,30,NO CONTROLS,NO CONTROLS,RAIN,"DARKNESS, LIGHTED ROAD",REAR TO FRONT,NOT DIVIDED,,STRAIGHT AND LEVEL,WET,"RUT, HOLES",ON SCENE,NO INJURY / DRIVE AWAY,,,,$500 OR LESS,9/22/2019 19:13,IMPROPER BACKING,DRIVING SKILLS/KNOWLEDGE/EXPERIENCE,3049,N,CENTRAL PARK AVE,1412,,Y,,,,,2,NO INDICATION OF INJURY,0,0,0,0,0,2,0,19,1,9,41.93669115,-87.71716974,POINT (-87.717169737262 41.936691146051)
JC444289,,9/22/2019 19:04,30,TRAFFIC SIGNAL,FUNCTIONING PROPERLY,RAIN,DARKNESS,TURNING,NOT DIVIDED,,STRAIGHT AND LEVEL,WET,NO DEFECTS,ON SCENE,INJURY AND / OR TOW DUE TO CRASH,Y,,,"OVER $1,500",9/22/2019 19:12,FAILING TO YIELD RIGHT-OF-WAY,NOT APPLICABLE,1536,E,HYDE PARK BLVD,222,,,,,,,2,"REPORTED, NOT EVIDENT",1,0,0,0,1,5,0,19,1,9,41.80258441,-87.58792397,POINT (-87.587923972566 41.802584409991)
JC444284,,9/22/2019 19:00,45,NO CONTROLS,NO CONTROLS,RAIN,"DARKNESS, LIGHTED ROAD",REAR END,DIVIDED - W/MEDIAN BARRIER,,STRAIGHT AND LEVEL,WET,NO DEFECTS,ON SCENE,INJURY AND / OR TOW DUE TO CRASH,,,Y,$500 OR LESS,9/22/2019 19:10,FOLLOWING TOO CLOSELY,NOT APPLICABLE,13,W,I190 EXPY,1654,,,,,,,2,"REPORTED, NOT EVIDENT",1,0,0,0,1,1,0,19,1,9,,,
JC444424,Y,9/22/2019 18:45,30,UNKNOWN,UNKNOWN,UNKNOWN,UNKNOWN,HEAD ON,UNKNOWN INTERSECTION TYPE,,STRAIGHT AND LEVEL,UNKNOWN,UNKNOWN,NOT ON SCENE (DESK REPORT),NO INJURY / DRIVE AWAY,,,,"$501 - $1,500",9/22/2019 22:00,UNABLE TO DETERMINE,NOT APPLICABLE,5618,W,NORTH AVE,2531,,,,,,,2,NO INDICATION OF INJURY,0,0,0,0,0,4,0,18,1,9,41.90948083,-87.76641097,POINT (-87.766410970375 41.909480830157)
JC444278,,9/22/2019 18:45,30,TRAFFIC SIGNAL,FUNCTIONING PROPERLY,RAIN,"DARKNESS, LIGHTED ROAD",REAR END,NOT DIVIDED,,STRAIGHT AND LEVEL,WET,NO DEFECTS,NOT ON SCENE (DESK REPORT),NO INJURY / DRIVE AWAY,Y,,,"$501 - $1,500",9/22/2019 19:13,UNABLE TO DETERMINE,UNABLE TO DETERMINE,623,N,ORLEANS ST,1831,,,,,,,2,NO INDICATION OF INJURY,0,0,0,0,0,2,0,18,1,9,41.89311028,-87.63693117,POINT (-87.636931168141 41.893110283318)
JC444331,,9/22/2019 18:44,35,TRAFFIC SIGNAL,FUNCTIONING PROPERLY,RAIN,DARKNESS,TURNING,DIVIDED - W/MEDIAN (NOT RAISED),,STRAIGHT AND LEVEL,WET,NO DEFECTS,ON SCENE,INJURY AND / OR TOW DUE TO CRASH,Y,,,"$501 - $1,500",9/22/2019 20:05,FAILING TO REDUCE SPEED TO AVOID CRASH,NOT APPLICABLE,1600,E,103RD ST,431,,,,,,,2,NO INDICATION OF INJURY,0,0,0,0,0,2,0,18,1,9,41.70789989,-87.58482289,POINT (-87.584822888781 41.707899886453)
JC445647,,9/22/2019 18:30,30,STOP SIGN/FLASHER,NO CONTROLS,RAIN,"DARKNESS, LIGHTED ROAD",ANGLE,FOUR WAY,,STRAIGHT AND LEVEL,WET,NO DEFECTS,NOT ON SCENE (DESK REPORT),NO INJURY / DRIVE AWAY,Y,,,"$501 - $1,500",9/23/2019 18:50,UNABLE TO DETERMINE,NOT APPLICABLE,1901,W,CONGRESS PKWY,1225,,,,,,,2,NO INDICATION OF INJURY,0,0,0,0,0,2,0,18,1,9,41.87494631,-87.67417087,POINT (-87.674170869661 41.874946308547)
JC444290,,9/22/2019 18:20,30,TRAFFIC SIGNAL,FUNCTIONING PROPERLY,RAIN,DUSK,TURNING,NOT DIVIDED,,STRAIGHT AND LEVEL,WET,NO DEFECTS,ON SCENE,INJURY AND / OR TOW DUE TO CRASH,Y,,Y,"OVER $1,500",9/22/2019 18:23,IMPROPER TURNING/NO SIGNAL,DISREGARDING TRAFFIC SIGNALS,199,W,MARQUETTE RD,722,,,,,,,2,NONINCAPACITATING INJURY,1,0,0,1,0,2,0,18,1,9,41.77260053,-87.62987275,POINT (-87.629872752049 41.772600529899)
JC444276,,9/22/2019 18:18,30,TRAFFIC SIGNAL,FUNCTIONING PROPERLY,RAIN,"DARKNESS, LIGHTED ROAD",TURNING,NOT DIVIDED,,STRAIGHT AND LEVEL,WET,NO DEFECTS,ON SCENE,NO INJURY / DRIVE AWAY,Y,,,"OVER $1,500",9/22/2019 18:25,FAILING TO YIELD RIGHT-OF-WAY,DISREGARDING TRAFFIC SIGNALS,3267,S,ARCHER AVE,912,,,,,,,2,NO INDICATION OF INJURY,0,0,0,0,0,3,0,18,1,9,41.83467995,-87.67042147,POINT (-87.670421472338 41.834679948997)
JC444247,,9/22/2019 18:15,30,NO CONTROLS,NO CONTROLS,RAIN,DAYLIGHT,REAR END,NOT DIVIDED,,STRAIGHT AND LEVEL,WET,NO DEFECTS,ON SCENE,INJURY AND / OR TOW DUE TO CRASH,Y,,,"OVER $1,500",9/22/2019 18:18,FOLLOWING TOO CLOSELY,FAILING TO YIELD RIGHT-OF-WAY,2415,W,63RD ST,825,,,,,,,2,"REPORTED, NOT EVIDENT",1,0,0,0,1,1,0,18,1,9,41.7791358,-87.68433962,POINT (-87.684339623242 41.77913580307)
JC444249,,9/22/2019 18:14,30,NO CONTROLS,NO CONTROLS,RAIN,DUSK,SIDESWIPE SAME DIRECTION,DIVIDED - W/MEDIAN (NOT RAISED),,STRAIGHT AND LEVEL,WET,NO DEFECTS,ON SCENE,INJURY AND / OR TOW DUE TO CRASH,,,,"$501 - $1,500",9/22/2019 18:30,WEATHER,NOT APPLICABLE,1000,E,130TH ST,532,,,,,,,2,NO INDICATION OF INJURY,0,0,0,0,0,3,0,18,1,9,41.65958318,-87.59760738,POINT (-87.597607376284 41.659583177355)
JC444332,,9/22/2019 18:10,30,NO CONTROLS,NO CONTROLS,RAIN,DUSK,REAR END,NOT DIVIDED,,STRAIGHT AND LEVEL,WET,NO DEFECTS,NOT ON SCENE (DESK REPORT),INJURY AND / OR TOW DUE TO CRASH,,,,"$501 - $1,500",9/22/2019 20:15,FOLLOWING TOO CLOSELY,NOT APPLICABLE,5616,W,DIVERSEY AVE,2514,,,,,,,3,NO INDICATION OF INJURY,0,0,0,0,0,4,0,18,1,9,41.93137409,-87.76703856,POINT (-87.767038556602 41.931374091846)
JC444244,,9/22/2019 18:10,30,NO CONTROLS,NO CONTROLS,RAIN,DUSK,SIDESWIPE SAME DIRECTION,NOT DIVIDED,,STRAIGHT AND LEVEL,WET,NO DEFECTS,ON SCENE,NO INJURY / DRIVE AWAY,Y,,,"OVER $1,500",9/22/2019 18:13,FAILING TO YIELD RIGHT-OF-WAY,NOT APPLICABLE,8229,W,IRVING PARK RD,1631,,,,,,,2,NO INDICATION OF INJURY,0,0,0,0,0,2,0,18,1,9,41.95202372,-87.83295905,POINT (-87.832959047925 41.952023715154)
JC444264,,9/22/2019 18:08,30,NO CONTROLS,NO CONTROLS,RAIN,DUSK,TURNING,NOT DIVIDED,,STRAIGHT AND LEVEL,WET,NO DEFECTS,ON SCENE,NO INJURY / DRIVE AWAY,,,Y,"OVER $1,500",9/22/2019 18:10,UNABLE TO DETERMINE,UNABLE TO DETERMINE,5844,W,AUGUSTA BLVD,1511,,,,,,,2,NO INDICATION OF INJURY,0,0,0,0,0,2,0,18,1,9,41.8985079,-87.77210549,POINT (-87.772105490462 41.898507903457)
JC444245,,9/22/2019 18:00,30,NO CONTROLS,NO CONTROLS,RAIN,DUSK,PARKED MOTOR VEHICLE,NOT DIVIDED,,STRAIGHT AND LEVEL,WET,NO DEFECTS,NOT ON SCENE (DESK REPORT),NO INJURY / DRIVE AWAY,,,,"$501 - $1,500",9/22/2019 18:30,NOT APPLICABLE,NOT APPLICABLE,7238,S,KEDZIE AVE,831,,,,,,,2,NO INDICATION OF INJURY,0,0,0,0,0,2,0,18,1,9,41.76140256,-87.70287466,POINT (-87.702874658262 41.761402560293)
JC444243,,9/22/2019 18:00,30,TRAFFIC SIGNAL,FUNCTIONING PROPERLY,CLEAR,DAYLIGHT,SIDESWIPE SAME DIRECTION,NOT DIVIDED,,STRAIGHT AND LEVEL,WET,NO DEFECTS,NOT ON SCENE (DESK REPORT),INJURY AND / OR TOW DUE TO CRASH,N,,,"OVER $1,500",9/22/2019 18:33,UNABLE TO DETERMINE,NOT APPLICABLE,1700,S,ASHLAND AVE,1234,,,,,,,2,"REPORTED, NOT EVIDENT",1,0,0,0,1,3,0,18,1,9,41.85865126,-87.66632375,POINT (-87.666323753176 41.858651261832)
JC444224,,9/22/2019 18:00,10,UNKNOWN,UNKNOWN,RAIN,DAYLIGHT,ANGLE,PARKING LOT,,STRAIGHT AND LEVEL,WET,UNKNOWN,ON SCENE,NO INJURY / DRIVE AWAY,,,,"$501 - $1,500",9/22/2019 18:10,NOT APPLICABLE,NOT APPLICABLE,3500,N,KIMBALL AVE,1732,,N,,,,,2,NO INDICATION OF INJURY,0,0,0,0,0,2,0,18,1,9,41.94488107,-87.71280509,POINT (-87.712805088759 41.944881073845)
JC444275,N,9/22/2019 17:55,30,NO CONTROLS,NO CONTROLS,RAIN,DUSK,PARKED MOTOR VEHICLE,DIVIDED - W/MEDIAN (NOT RAISED),,STRAIGHT AND LEVEL,WET,NO DEFECTS,ON SCENE,INJURY AND / OR TOW DUE TO CRASH,,,,"OVER $1,500",9/22/2019 17:55,PHYSICAL CONDITION OF DRIVER,NOT APPLICABLE,8111,S,COTTAGE GROVE AVE,631,,,,,,,4,FATAL,1,1,0,0,0,0,0,17,1,9,41.7472546,-87.60497682,POINT (-87.604976816679 41.747254603382)
JC444254,,9/22/2019 17:50,30,NO CONTROLS,UNKNOWN,RAIN,DAYLIGHT,SIDESWIPE SAME DIRECTION,NOT DIVIDED,,STRAIGHT AND LEVEL,WET,UNKNOWN,NOT ON SCENE (DESK REPORT),NO INJURY / DRIVE AWAY,,,Y,"$501 - $1,500",9/22/2019 18:30,UNABLE TO DETERMINE,UNABLE TO DETERMINE,13535,S,TORRENCE AVE,433,,,,,,,2,NO INDICATION OF INJURY,0,0,0,0,0,2,0,17,1,9,41.64900754,-87.55916463,POINT (-87.559164627093 41.649007538483)
JC444234,,9/22/2019 17:50,30,NO CONTROLS,NO CONTROLS,UNKNOWN,UNKNOWN,REAR END,NOT DIVIDED,,STRAIGHT AND LEVEL,UNKNOWN,UNKNOWN,NOT ON SCENE (DESK REPORT),NO INJURY / DRIVE AWAY,,,,"OVER $1,500",9/22/2019 18:20,UNABLE TO DETERMINE,NOT APPLICABLE,3800,W,47TH ST,821,,,,,,,3,NO INDICATION OF INJURY,0,0,0,0,0,3,0,17,1,9,41.8080425,-87.71873871,POINT (-87.718738705712 41.808042503631)
JC444282,,9/22/2019 17:45,30,NO CONTROLS,NO CONTROLS,RAIN,DAYLIGHT,PARKED MOTOR VEHICLE,NOT DIVIDED,,STRAIGHT AND LEVEL,WET,NO DEFECTS,NOT ON SCENE (DESK REPORT),NO INJURY / DRIVE AWAY,,,,"OVER $1,500",9/22/2019 19:09,"OPERATING VEHICLE IN ERRATIC, RECKLESS, CARELESS, NEGLIGENT OR AGGRESSIVE MANNER",NOT APPLICABLE,2522,N,LUNA AVE,2515,,,,,,,2,NO INDICATION OF INJURY,0,0,0,0,0,1,0,17,1,9,41.92653081,-87.7649961,POINT (-87.764996094729 41.92653080609)
JC444225,,9/22/2019 17:45,30,NO CONTROLS,NO CONTROLS,RAIN,DAYLIGHT,REAR END,NOT DIVIDED,,STRAIGHT AND LEVEL,WET,NO DEFECTS,NOT ON SCENE (DESK REPORT),INJURY AND / OR TOW DUE TO CRASH,,,,"$501 - $1,500",9/22/2019 18:15,FOLLOWING TOO CLOSELY,NOT APPLICABLE,4039,W,DIVERSEY AVE,2524,,,,,,,2,NO INDICATION OF INJURY,0,0,0,0,0,5,0,17,1,9,41.93165654,-87.72854342,POINT (-87.728543419162 41.93165653793)
JC444229,,9/22/2019 17:43,30,TRAFFIC SIGNAL,FUNCTIONING PROPERLY,RAIN,DAWN,REAR END,FOUR WAY,,STRAIGHT AND LEVEL,WET,NO DEFECTS,ON SCENE,INJURY AND / OR TOW DUE TO CRASH,Y,,,"OVER $1,500",9/22/2019 17:43,PHYSICAL CONDITION OF DRIVER,NOT APPLICABLE,100,E,CONGRESS DR,114,,,,,,,2,NO INDICATION OF INJURY,0,0,0,0,0,2,0,17,1,9,41.87583508,-87.62421289,POINT (-87.624212886292 41.875835081627)
JC444216,Y,9/22/2019 17:40,30,NO CONTROLS,NO CONTROLS,RAIN,DUSK,PARKED MOTOR VEHICLE,PARKING LOT,,STRAIGHT AND LEVEL,WET,NO DEFECTS,ON SCENE,NO INJURY / DRIVE AWAY,,Y,,$500 OR LESS,9/22/2019 17:43,IMPROPER BACKING,IMPROPER BACKING,251,W,63RD ST,722,,,,,,,2,NO INDICATION OF INJURY,0,0,0,0,0,1,0,17,1,9,41.77984917,-87.63213749,POINT (-87.632137487679 41.779849170803)
JC444666,,9/22/2019 17:30,30,NO CONTROLS,NO CONTROLS,RAIN,DAYLIGHT,SIDESWIPE SAME DIRECTION,OTHER,,STRAIGHT AND LEVEL,WET,NO DEFECTS,NOT ON SCENE (DESK REPORT),NO INJURY / DRIVE AWAY,,,,"$501 - $1,500",9/23/2019 8:08,IMPROPER TURNING/NO SIGNAL,IMPROPER LANE USAGE,137,W,GARFIELD BLVD,225,,,,,,,2,NO INDICATION OF INJURY,0,0,0,0,0,2,0,17,1,9,41.79411537,-87.62925438,POINT (-87.629254382008 41.79411537272)
JC444382,Y,9/22/2019 17:30,30,UNKNOWN,UNKNOWN,UNKNOWN,UNKNOWN,ANGLE,UNKNOWN INTERSECTION TYPE,,STRAIGHT AND LEVEL,UNKNOWN,UNKNOWN,NOT ON SCENE (DESK REPORT),NO INJURY / DRIVE AWAY,,,Y,"$501 - $1,500",9/22/2019 21:00,UNABLE TO DETERMINE,NOT APPLICABLE,1700,N,CALIFORNIA AVE,1421,,,,,,,2,NO INDICATION OF INJURY,0,0,0,0,0,4,0,17,1,9,41.91242929,-87.69719625,POINT (-87.697196252818 41.912429285791)
JC444299,,9/22/2019 17:30,30,TRAFFIC SIGNAL,FUNCTIONING PROPERLY,RAIN,"DARKNESS, LIGHTED ROAD",TURNING,NOT DIVIDED,,STRAIGHT AND LEVEL,WET,NO DEFECTS,ON SCENE,NO INJURY / DRIVE AWAY,Y,,,"$501 - $1,500",9/22/2019 19:31,WEATHER,UNABLE TO DETERMINE,6401,N,SHERIDAN RD,2432,,,,,,,2,NO INDICATION OF INJURY,0,0,0,0,0,2,0,17,1,9,41.99830881,-87.65969638,POINT (-87.659696383256 41.99830880639)
JC444261,Y,9/22/2019 17:30,30,NO CONTROLS,NO CONTROLS,RAIN,DUSK,PARKED MOTOR VEHICLE,NOT DIVIDED,,STRAIGHT AND LEVEL,WET,NO DEFECTS,ON SCENE,NO INJURY / DRIVE AWAY,,,Y,"$501 - $1,500",9/22/2019 17:31,UNABLE TO DETERMINE,UNABLE TO DETERMINE,8640,S,JEFFERY BLVD,412,,,,,,,2,NO INDICATION OF INJURY,0,0,0,0,0,1,0,17,1,9,41.73765363,-87.57587587,POINT (-87.575875865246 41.737653633631)
JC444233,,9/22/2019 17:30,30,NO CONTROLS,NO CONTROLS,RAIN,DAYLIGHT,SIDESWIPE SAME DIRECTION,NOT DIVIDED,,STRAIGHT AND LEVEL,WET,NO DEFECTS,NOT ON SCENE (DESK REPORT),NO INJURY / DRIVE AWAY,,,,$500 OR LESS,9/22/2019 18:24,IMPROPER OVERTAKING/PASSING,IMPROPER OVERTAKING/PASSING,11900,S,NORMAL AVE,524,,,,,,,2,NO INDICATION OF INJURY,0,0,0,0,0,2,0,17,1,9,41.67780165,-87.63482635,POINT (-87.634826350919 41.677801649913)
JC440202,,9/22/2019 17:30,35,NO CONTROLS,NO CONTROLS,RAIN,UNKNOWN,REAR END,DIVIDED - W/MEDIAN BARRIER,,STRAIGHT AND LEVEL,WET,NO DEFECTS,ON SCENE,NO INJURY / DRIVE AWAY,,,,$500 OR LESS,9/22/2019 17:40,FOLLOWING TOO CLOSELY,NOT APPLICABLE,5400,N,MANNHEIM RD,1654,,,,,,,2,NO INDICATION OF INJURY,0,0,0,0,0,2,0,17,1,9,41.97746239,-87.87916268,POINT (-87.879162677986 41.977462388879)
JC444178,,9/22/2019 17:27,30,TRAFFIC SIGNAL,FUNCTIONING PROPERLY,RAIN,DAYLIGHT,REAR END,NOT DIVIDED,,STRAIGHT AND LEVEL,WET,NO DEFECTS,,NO INJURY / DRIVE AWAY,,,,"$501 - $1,500",9/22/2019 17:28,NOT APPLICABLE,NOT APPLICABLE,6300,S,CICERO AVE,813,,,,,,,2,NO INDICATION OF INJURY,0,0,0,0,0,3,0,17,1,9,41.77833539,-87.74243649,POINT (-87.74243649416 41.778335390453)
JC444218,,9/22/2019 17:20,30,TRAFFIC SIGNAL,FUNCTIONING PROPERLY,RAIN,DUSK,REAR END,DIVIDED - W/MEDIAN (NOT RAISED),,STRAIGHT AND LEVEL,WET,NO DEFECTS,NOT ON SCENE (DESK REPORT),NO INJURY / DRIVE AWAY,Y,,,"$501 - $1,500",9/22/2019 18:05,WEATHER,FOLLOWING TOO CLOSELY,2758,W,PETERSON AVE,2413,,,,,,,2,NO INDICATION OF INJURY,0,0,0,0,0,2,0,17,1,9,41.99055279,-87.69934264,POINT (-87.69934263843 41.990552785496)
JC444205,,9/22/2019 17:20,30,TRAFFIC SIGNAL,FUNCTIONING PROPERLY,RAIN,DUSK,REAR END,DIVIDED - W/MEDIAN (NOT RAISED),,STRAIGHT AND LEVEL,WET,NO DEFECTS,NOT ON SCENE (DESK REPORT),NO INJURY / DRIVE AWAY,,,,"OVER $1,500",9/22/2019 17:30,UNABLE TO DETERMINE,NOT APPLICABLE,6100,N,CENTRAL AVE,1621,,,,,,,2,NO INDICATION OF INJURY,0,0,0,0,0,6,0,17,1,9,41.99258229,-87.76569198,POINT (-87.765691980786 41.992582288395)
JC444197,,9/22/2019 17:18,30,TRAFFIC SIGNAL,FUNCTIONING PROPERLY,RAIN,DAYLIGHT,SIDESWIPE SAME DIRECTION,DIVIDED - W/MEDIAN BARRIER,,STRAIGHT AND LEVEL,WET,UNKNOWN,ON SCENE,INJURY AND / OR TOW DUE TO CRASH,Y,,,"$501 - $1,500",9/22/2019 17:20,IMPROPER LANE USAGE,UNABLE TO DETERMINE,538,W,RANDOLPH ST,121,,,,,,,2,NO INDICATION OF INJURY,0,0,0,0,0,2,0,17,1,9,41.88454722,-87.64120094,POINT (-87.64120093714 41.884547224337)
JC444203,,9/22/2019 17:15,35,NO CONTROLS,NO CONTROLS,RAIN,DAYLIGHT,ANGLE,NOT DIVIDED,,STRAIGHT AND LEVEL,WET,UNKNOWN,ON SCENE,NO INJURY / DRIVE AWAY,,,,"$501 - $1,500",9/22/2019 17:15,UNABLE TO DETERMINE,DRIVING SKILLS/KNOWLEDGE/EXPERIENCE,3600,N,NEWLAND AVE,1632,,,,,,,2,NO INDICATION OF INJURY,0,0,0,0,0,2,0,17,1,9,41.94549607,-87.79978107,POINT (-87.799781069569 41.945496070414)
JC445504,,9/22/2019 17:10,30,NO CONTROLS,NO CONTROLS,CLEAR,DAYLIGHT,SIDESWIPE SAME DIRECTION,DIVIDED - W/MEDIAN BARRIER,,STRAIGHT AND LEVEL,DRY,NO DEFECTS,ON SCENE,NO INJURY / DRIVE AWAY,,,,$500 OR LESS,9/23/2019 17:19,FOLLOWING TOO CLOSELY,FOLLOWING TOO CLOSELY,1302,W,MADISON ST,1224,,Y,,,,,2,NO INDICATION OF INJURY,0,0,0,0,0,2,0,17,1,9,41.88168081,-87.65977259,POINT (-87.6597725862 41.881680811512)
JC444209,,9/22/2019 17:10,30,STOP SIGN/FLASHER,FUNCTIONING PROPERLY,RAIN,DAYLIGHT,ANGLE,NOT DIVIDED,,STRAIGHT AND LEVEL,WET,NO DEFECTS,NOT ON SCENE (DESK REPORT),NO INJURY / DRIVE AWAY,,,,"$501 - $1,500",9/22/2019 17:55,UNABLE TO DETERMINE,UNABLE TO DETERMINE,7600,S,WABASH AVE,623,,,,,,,2,NO INDICATION OF INJURY,0,0,0,0,0,3,0,17,1,9,41.75635065,-87.62325612,POINT (-87.623256117122 41.756350653474)
JC444176,,9/22/2019 17:05,30,NO CONTROLS,NO CONTROLS,RAIN,DAYLIGHT,ANGLE,NOT DIVIDED,,STRAIGHT AND LEVEL,WET,NO DEFECTS,NOT ON SCENE (DESK REPORT),NO INJURY / DRIVE AWAY,,,,"OVER $1,500",9/22/2019 17:30,UNABLE TO DETERMINE,NOT APPLICABLE,7342,W,FOSTER AVE,1613,,,,,,,2,NO INDICATION OF INJURY,0,0,0,0,0,2,0,17,1,9,41.97454295,-87.81134688,POINT (-87.811346884218 41.974542947709)
JC444171,,9/22/2019 17:05,30,NO CONTROLS,NO CONTROLS,RAIN,DAYLIGHT,REAR END,DIVIDED - W/MEDIAN (NOT RAISED),,STRAIGHT AND LEVEL,WET,NO DEFECTS,ON SCENE,INJURY AND / OR TOW DUE TO CRASH,,,,"OVER $1,500",9/22/2019 17:10,UNABLE TO DETERMINE,UNABLE TO DETERMINE,5200,S,CICERO AVE,814,,,,,,,2,"REPORTED, NOT EVIDENT",2,0,0,0,2,1,0,17,1,9,41.79855828,-87.74307187,POINT (-87.743071866164 41.798558278193)
JC445067,,9/22/2019 17:00,30,NO CONTROLS,NO CONTROLS,RAIN,DAYLIGHT,ANGLE,NOT DIVIDED,,STRAIGHT AND LEVEL,WET,NO DEFECTS,NOT ON SCENE (DESK REPORT),NO INJURY / DRIVE AWAY,,,,"OVER $1,500",9/23/2019 12:24,FAILING TO YIELD RIGHT-OF-WAY,FAILING TO YIELD RIGHT-OF-WAY,4385,S,ARCHER AVE,821,,,,,,,2,NO INDICATION OF INJURY,0,0,0,0,0,4,0,17,1,9,41.81369495,-87.70465802,POINT (-87.704658015436 41.813694950921)
JC445039,,9/22/2019 17:00,30,NO CONTROLS,NO CONTROLS,CLEAR,DAYLIGHT,PARKED MOTOR VEHICLE,PARKING LOT,,STRAIGHT AND LEVEL,DRY,NO DEFECTS,NOT ON SCENE (DESK REPORT),NO INJURY / DRIVE AWAY,,,Y,"$501 - $1,500",9/23/2019 12:12,UNABLE TO DETERMINE,NOT APPLICABLE,534,W,119TH ST,524,,,,,,,2,NO INDICATION OF INJURY,0,0,0,0,0,2,0,17,1,9,41.67798778,-87.63603461,POINT (-87.636034612139 41.677987783312)