RD_NO,CRASH_DATE_EST_I,CRASH_DATE,POSTED_SPEED_LIMIT,TRAFFIC_CONTROL_DEVICE,DEVICE_CONDITION,WEATHER_CONDITION,LIGHTING_CONDITION,FIRST_CRASH_TYPE,TRAFFICWAY_TYPE,LANE_CNT,ALIGNMENT,ROADWAY_SURFACE_COND,ROAD_DEFECT,REPORT_TYPE,CRASH_TYPE,INTERSECTION_RELATED_I,NOT_RIGHT_OF_WAY_I,HIT_AND_RUN_I,DAMAGE,DATE_POLICE_NOTIFIED,PRIM_CONTRIBUTORY_CAUSE,SEC_CONTRIBUTORY_CAUSE,STREET_NO,STREET_DIRECTION,STREET_NAME,BEAT_OF_OCCURRENCE,PHOTOS_TAKEN_I,STATEMENTS_TAKEN_I,DOORING_I,WORK_ZONE_I,WORK_ZONE_TYPE,WORKERS_PRESENT_I,NUM_UNITS,MOST_SEVERE_INJURY,INJURIES_TOTAL,INJURIES_FATAL,INJURIES_INCAPACITATING,INJURIES_NON_INCAPACITATING,INJURIES_REPORTED_NOT_EVIDENT,INJURIES_NO_INDICATION,INJURIES_UNKNOWN,CRASH_HOUR,CRASH_DAY_OF_WEEK,CRASH_MONTH,LATITUDE,LONGITUDE,LOCATION
JC444474,,9/22/2019 17:00,30,NO CONTROLS,UNKNOWN,RAIN,"DARKNESS, LIGHTED ROAD",PARKED MOTOR VEHICLE,NOT DIVIDED,,STRAIGHT AND LEVEL,WET,NO DEFECTS,ON SCENE,NO INJURY / DRIVE AWAY,,,Y,$500 OR LESS,9/22/2019 23:12,UNABLE TO DETERMINE,UNABLE TO DETERMINE,1452,W,72ND ST,734,,,,,,,2,NO INDICATION OF INJURY,0,0,0,0,0,1,0,17,1,9,41.76324205,-87.66094172,POINT (-87.660941721962 41.763242047268)
JC444179,,9/22/2019 17:00,30,TRAFFIC SIGNAL,FUNCTIONING PROPERLY,RAIN,DUSK,ANGLE,FOUR WAY,,STRAIGHT AND LEVEL,WET,UNKNOWN,ON SCENE,INJURY AND / OR TOW DUE TO CRASH,Y,,,"OVER $1,500",9/22/2019 17:11,DRIVING SKILLS/KNOWLEDGE/EXPERIENCE,UNABLE TO DETERMINE,496,S,CONGRESS PLAZA DR,114,,,,,,,3,NO INDICATION OF INJURY,0,0,0,0,0,4,0,17,1,9,41.87581065,-87.62341487,POINT (-87.62341486914 41.875810647643)
JC444175,,9/22/2019 17:00,30,NO CONTROLS,NO CONTROLS,RAIN,DAYLIGHT,REAR END,NOT DIVIDED,,STRAIGHT AND LEVEL,WET,NO DEFECTS,NOT ON SCENE (DESK REPORT),NO INJURY / DRIVE AWAY,,,,"$501 - $1,500",9/22/2019 17:57,UNABLE TO DETERMINE,UNABLE TO DETERMINE,800,N,LAKE SHORE DR SB,1833,,,,,,,2,NO INDICATION OF INJURY,0,0,0,0,0,2,0,17,1,9,41.89680497,-87.61702742,POINT (-87.617027423234 41.896804972416)
JC444190,,9/22/2019 16:55,30,NO CONTROLS,NO CONTROLS,RAIN,DAYLIGHT,REAR END,NOT DIVIDED,,STRAIGHT AND LEVEL,WET,UNKNOWN,NOT ON SCENE (DESK REPORT),NO INJURY / DRIVE AWAY,,,,"OVER $1,500",9/22/2019 17:43,UNABLE TO DETERMINE,UNABLE TO DETERMINE,4360,S,ARCHER AVE,821,,,,,,,2,NO INDICATION OF INJURY,0,0,0,0,0,2,0,16,1,9,41.81422408,-87.7042619,POINT (-87.704261899341 41.814224080998)
JC444235,,9/22/2019 16:50,30,NO CONTROLS,NO CONTROLS,RAIN,"DARKNESS, LIGHTED ROAD",SIDESWIPE SAME DIRECTION,NOT DIVIDED,,STRAIGHT AND LEVEL,WET,NO DEFECTS,NOT ON SCENE (DESK REPORT),NO INJURY / DRIVE AWAY,,,,$500 OR LESS,9/22/2019 18:18,UNABLE TO DETERMINE,UNABLE TO DETERMINE,10000,W,OHARE ST,1651,,,,,,,2,NO INDICATION OF INJURY,0,0,0,0,0,2,0,16,1,9,41.97620114,-87.90530913,POINT (-87.905309125103 41.976201139024)
JC444192,,9/22/2019 16:50,30,NO CONTROLS,NO CONTROLS,RAIN,DUSK,FIXED OBJECT,NOT DIVIDED,,STRAIGHT AND LEVEL,WET,NO DEFECTS,ON SCENE,INJURY AND / OR TOW DUE TO CRASH,,,,"OVER $1,500",9/22/2019 17:08,PHYSICAL CONDITION OF DRIVER,WEATHER,3325,E,100TH ST,432,,,,,,,1,NO INDICATION OF INJURY,0,0,0,0,0,1,0,16,1,9,41.71371183,-87.5423852,POINT (-87.542385195179 41.713711829365)
JC444167,,9/22/2019 16:50,30,NO CONTROLS,NO CONTROLS,RAIN,DAYLIGHT,PEDESTRIAN,NOT DIVIDED,,STRAIGHT AND LEVEL,WET,NO DEFECTS,ON SCENE,INJURY AND / OR TOW DUE TO CRASH,,,,$500 OR LESS,9/22/2019 16:50,NOT APPLICABLE,NOT APPLICABLE,1104,E,53RD ST,233,,Y,,,,,2,INCAPACITATING INJURY,1,0,1,0,0,2,0,16,1,9,41.79953534,-87.59948865,POINT (-87.599488653714 41.799535340139)
JC444806,,9/22/2019 16:45,30,NO CONTROLS,NO CONTROLS,RAIN,DAYLIGHT,REAR END,NOT DIVIDED,,STRAIGHT AND LEVEL,WET,NO DEFECTS,NOT ON SCENE (DESK REPORT),NO INJURY / DRIVE AWAY,,,,"OVER $1,500",9/23/2019 9:38,UNABLE TO DETERMINE,UNABLE TO DETERMINE,526,N,CICERO AVE,1532,,,,,,,2,NO INDICATION OF INJURY,0,0,0,0,0,3,0,16,1,9,41.89043185,-87.74579396,POINT (-87.745793960426 41.890431846025)
JC444143,,9/22/2019 16:40,30,NO CONTROLS,NO CONTROLS,RAIN,DAYLIGHT,REAR END,NOT DIVIDED,,STRAIGHT AND LEVEL,WET,NO DEFECTS,NOT ON SCENE (DESK REPORT),NO INJURY / DRIVE AWAY,,,Y,"$501 - $1,500",9/22/2019 16:44,UNABLE TO DETERMINE,UNABLE TO DETERMINE,2110,N,CENTRAL PARK AVE,2525,,,,,,,2,NO INDICATION OF INJURY,0,0,0,0,0,5,0,16,1,9,41.91947437,-87.71698495,POINT (-87.716984945646 41.919474365858)
JC444226,,9/22/2019 16:30,25,TRAFFIC SIGNAL,FUNCTIONING PROPERLY,RAIN,DAYLIGHT,REAR END,NOT DIVIDED,,STRAIGHT AND LEVEL,WET,NO DEFECTS,NOT ON SCENE (DESK REPORT),NO INJURY / DRIVE AWAY,,,,"OVER $1,500",9/22/2019 18:00,FOLLOWING TOO CLOSELY,WEATHER,460,N,HAMLIN AVE,1122,,,,,,,2,NO INDICATION OF INJURY,0,0,0,0,0,2,0,16,1,9,41.88965996,-87.721174,POINT (-87.721174001689 41.889659963529)
JC444155,,9/22/2019 16:30,30,STOP SIGN/FLASHER,FUNCTIONING PROPERLY,RAIN,DAYLIGHT,REAR END,FOUR WAY,,STRAIGHT AND LEVEL,WET,"RUT, HOLES",ON SCENE,NO INJURY / DRIVE AWAY,Y,,,"$501 - $1,500",9/22/2019 16:35,FAILING TO REDUCE SPEED TO AVOID CRASH,UNABLE TO DETERMINE,4100,W,WRIGHTWOOD AVE,2524,,,,,,,2,NO INDICATION OF INJURY,0,0,0,0,0,2,0,16,1,9,41.92819219,-87.72946535,POINT (-87.729465350664 41.928192193567)
JC444151,Y,9/22/2019 16:30,30,NO CONTROLS,NO CONTROLS,RAIN,DUSK,HEAD ON,NOT DIVIDED,,STRAIGHT AND LEVEL,WET,NO DEFECTS,ON SCENE,NO INJURY / DRIVE AWAY,Y,,,"$501 - $1,500",9/22/2019 16:36,UNABLE TO DETERMINE,NOT APPLICABLE,1632,N,LECLAIRE AVE,2533,,,,,,,2,NO INDICATION OF INJURY,0,0,0,0,0,2,0,16,1,9,41.91055867,-87.75282829,POINT (-87.752828287285 41.910558669146)
JC444132,,9/22/2019 16:30,30,NO CONTROLS,NO CONTROLS,RAIN,DAYLIGHT,REAR END,NOT DIVIDED,,STRAIGHT AND LEVEL,WET,NO DEFECTS,NOT ON SCENE (DESK REPORT),NO INJURY / DRIVE AWAY,Y,,,"OVER $1,500",9/22/2019 16:50,FAILING TO YIELD RIGHT-OF-WAY,UNABLE TO DETERMINE,4700,S,SEELEY AVE,931,,,,,,,2,NO INDICATION OF INJURY,0,0,0,0,0,2,0,16,1,9,41.80841087,-87.67604575,POINT (-87.676045751533 41.80841087374)
JC444116,,9/22/2019 16:30,30,TRAFFIC SIGNAL,FUNCTIONING PROPERLY,RAIN,DAYLIGHT,TURNING,NOT DIVIDED,,STRAIGHT AND LEVEL,WET,NO DEFECTS,,INJURY AND / OR TOW DUE TO CRASH,,,,"OVER $1,500",9/22/2019 17:30,FAILING TO YIELD RIGHT-OF-WAY,FAILING TO YIELD RIGHT-OF-WAY,9500,S,COLFAX AVE,431,,,,,,,,,,,,,,,,16,1,9,41.72260278,-87.56086789,POINT (-87.56086788635 41.72260277893)
JC441166,,9/22/2019 16:30,30,TRAFFIC SIGNAL,FUNCTIONING PROPERLY,RAIN,DAYLIGHT,TURNING,NOT DIVIDED,,STRAIGHT AND LEVEL,WET,NO DEFECTS,NOT ON SCENE (DESK REPORT),INJURY AND / OR TOW DUE TO CRASH,,,,"OVER $1,500",9/22/2019 17:30,FAILING TO YIELD RIGHT-OF-WAY,FAILING TO YIELD RIGHT-OF-WAY,9500,S,COLFAX AVE,431,,,,,,,2,"REPORTED, NOT EVIDENT",1,0,0,0,1,2,0,16,1,9,41.72260278,-87.56086789,POINT (-87.56086788635 41.72260277893)
JC444097,,9/22/2019 16:25,30,STOP SIGN/FLASHER,FUNCTIONING PROPERLY,RAIN,DAYLIGHT,OTHER OBJECT,NOT DIVIDED,,STRAIGHT AND LEVEL,WET,NO DEFECTS,ON SCENE,NO INJURY / DRIVE AWAY,Y,,,"OVER $1,500",9/22/2019 16:30,WEATHER,NOT APPLICABLE,4201,W,59TH ST,813,,,,,,,1,NO INDICATION OF INJURY,0,0,0,0,0,2,0,16,1,9,41.78577575,-87.72790964,POINT (-87.727909638571 41.785775749559)
JC444255,,9/22/2019 16:20,30,UNKNOWN,UNKNOWN,UNKNOWN,DAYLIGHT,SIDESWIPE SAME DIRECTION,ONE-WAY,,STRAIGHT AND LEVEL,UNKNOWN,NO DEFECTS,NOT ON SCENE (DESK REPORT),NO INJURY / DRIVE AWAY,,,Y,$500 OR LESS,9/22/2019 18:30,UNABLE TO DETERMINE,NOT APPLICABLE,8703,S,PARNELL AVE,2223,,,,,,,2,NO INDICATION OF INJURY,0,0,0,0,0,2,0,16,1,9,41.73577073,-87.63738153,POINT (-87.63738153091 41.735770729134)
JC444125,,9/22/2019 16:20,30,TRAFFIC SIGNAL,FUNCTIONING PROPERLY,RAIN,DUSK,TURNING,"FIVE POINT, OR MORE",,STRAIGHT AND LEVEL,WET,NO DEFECTS,ON SCENE,INJURY AND / OR TOW DUE TO CRASH,Y,,,"OVER $1,500",9/22/2019 16:22,DRIVING SKILLS/KNOWLEDGE/EXPERIENCE,DRIVING SKILLS/KNOWLEDGE/EXPERIENCE,5930,N,RIDGE AVE,2013,,,,,,,2,NO INDICATION OF INJURY,0,0,0,0,0,4,0,16,1,9,41.98957897,-87.6700083,POINT (-87.670008297441 41.989578965269)
JC444107,,9/22/2019 16:19,30,TRAFFIC SIGNAL,FUNCTIONING PROPERLY,RAIN,DAYLIGHT,FIXED OBJECT,DIVIDED - W/MEDIAN (NOT RAISED),,STRAIGHT AND LEVEL,WET,NO DEFECTS,ON SCENE,INJURY AND / OR TOW DUE TO CRASH,Y,,,"OVER $1,500",9/22/2019 16:20,FAILING TO REDUCE SPEED TO AVOID CRASH,NOT APPLICABLE,609,W,CHICAGO AVE,1831,,,,,,,1,NO INDICATION OF INJURY,0,0,0,0,0,1,0,16,1,9,41.89636011,-87.64332268,POINT (-87.643322683157 41.896360109636)
JC444084,,9/22/2019 16:16,35,NO CONTROLS,NO CONTROLS,RAIN,DAYLIGHT,TURNING,FOUR WAY,,STRAIGHT AND LEVEL,WET,NO DEFECTS,ON SCENE,NO INJURY / DRIVE AWAY,Y,,,"OVER $1,500",9/22/2019 16:16,UNABLE TO DETERMINE,NOT APPLICABLE,5801,S,HARLEM AVE,811,,,,,,,2,NO INDICATION OF INJURY,0,0,0,0,0,2,0,16,1,9,41.78647616,-87.80114682,POINT (-87.801146822606 41.786476155156)
JC444124,,9/22/2019 16:10,30,TRAFFIC SIGNAL,FUNCTIONING PROPERLY,CLEAR,DAYLIGHT,REAR END,NOT DIVIDED,,STRAIGHT AND LEVEL,WET,NO DEFECTS,NOT ON SCENE (DESK REPORT),NO INJURY / DRIVE AWAY,,,,"OVER $1,500",9/22/2019 16:50,UNABLE TO DETERMINE,UNABLE TO DETERMINE,300,S,CENTRAL AVE,1513,,,,,,,2,NO INDICATION OF INJURY,0,0,0,0,0,2,0,16,1,9,41.87649011,-87.7648701,POINT (-87.764870101157 41.876490113701)
JC444117,,9/22/2019 16:10,30,NO CONTROLS,NO CONTROLS,UNKNOWN,DAYLIGHT,REAR END,NOT DIVIDED,,STRAIGHT AND LEVEL,UNKNOWN,NO DEFECTS,NOT ON SCENE (DESK REPORT),INJURY AND / OR TOW DUE TO CRASH,,,,"OVER $1,500",9/22/2019 16:45,UNABLE TO DETERMINE,NOT APPLICABLE,4415,W,59TH ST,813,,,,,,,2,"REPORTED, NOT EVIDENT",1,0,0,0,1,1,0,16,1,9,41.78571721,-87.73344608,POINT (-87.733446074585 41.785717206025)
JC444111,,9/22/2019 16:10,35,STOP SIGN/FLASHER,FUNCTIONING PROPERLY,RAIN,DAYLIGHT,ANGLE,T-INTERSECTION,,STRAIGHT AND LEVEL,WET,NO DEFECTS,ON SCENE,INJURY AND / OR TOW DUE TO CRASH,Y,,,"OVER $1,500",9/22/2019 16:15,WEATHER,DRIVING SKILLS/KNOWLEDGE/EXPERIENCE,6900,S,SOUTH SHORE DR,331,,,,,,,2,NO INDICATION OF INJURY,0,0,0,0,0,4,0,16,1,9,41.76981261,-87.5666924,POINT (-87.566692394772 41.769812612097)
JC444184,,9/22/2019 16:07,30,NO CONTROLS,NO CONTROLS,RAIN,DUSK,REAR END,DIVIDED - W/MEDIAN (NOT RAISED),,STRAIGHT AND LEVEL,WET,NO DEFECTS,ON SCENE,NO INJURY / DRIVE AWAY,,,Y,"OVER $1,500",9/22/2019 17:30,FOLLOWING TOO CLOSELY,NOT APPLICABLE,1331,W,DIVISION ST,1213,,,,,,,2,NO INDICATION OF INJURY,0,0,0,0,0,2,0,16,1,9,41.90331889,-87.66177878,POINT (-87.661778784139 41.903318889121)
JC446476,,9/22/2019 16:00,30,NO CONTROLS,NO CONTROLS,CLEAR,DAYLIGHT,SIDESWIPE SAME DIRECTION,ONE-WAY,,STRAIGHT AND LEVEL,DRY,NO DEFECTS,NOT ON SCENE (DESK REPORT),NO INJURY / DRIVE AWAY,,,Y,"$501 - $1,500",9/24/2019 13:00,UNABLE TO DETERMINE,UNABLE TO DETERMINE,123,E,DELAWARE PL,1833,,,,,,,2,NO INDICATION OF INJURY,0,0,0,0,0,3,0,16,1,9,41.89908572,-87.62515812,POINT (-87.625158116932 41.899085714556)
JC444273,,9/22/2019 16:00,30,NO CONTROLS,NO CONTROLS,RAIN,DUSK,ANGLE,NOT DIVIDED,,STRAIGHT AND LEVEL,WET,NO DEFECTS,NOT ON SCENE (DESK REPORT),INJURY AND / OR TOW DUE TO CRASH,,,Y,"$501 - $1,500",9/22/2019 19:05,NOT APPLICABLE,NOT APPLICABLE,3699,W,OGDEN AVE,1014,,,,,,,2,NONINCAPACITATING INJURY,1,0,0,1,0,1,0,16,1,9,41.85351541,-87.71739329,POINT (-87.717393294494 41.853515406495)
JC444212,Y,9/22/2019 16:00,30,NO CONTROLS,NO CONTROLS,RAIN,DAYLIGHT,ANGLE,PARKING LOT,,STRAIGHT AND LEVEL,WET,UNKNOWN,NOT ON SCENE (DESK REPORT),NO INJURY / DRIVE AWAY,,,,"$501 - $1,500",9/22/2019 18:00,UNABLE TO DETERMINE,WEATHER,2200,S,ROCKWELL ST,1034,,,,,,,2,NO INDICATION OF INJURY,0,0,0,0,0,4,0,16,1,9,41.85192075,-87.6906878,POINT (-87.690687796965 41.851920745663)
JC444138,,9/22/2019 16:00,35,NO CONTROLS,NO CONTROLS,RAIN,DAYLIGHT,REAR END,NOT DIVIDED,,STRAIGHT AND LEVEL,WET,NO DEFECTS,NOT ON SCENE (DESK REPORT),NO INJURY / DRIVE AWAY,,,,"OVER $1,500",9/22/2019 17:00,FOLLOWING TOO CLOSELY,WEATHER,3505,S,WESTERN BLVD,912,,,,,,,2,NO INDICATION OF INJURY,0,0,0,0,0,7,0,16,1,9,41.83011253,-87.68430806,POINT (-87.684308054575 41.830112525555)
JC444129,Y,9/22/2019 16:00,30,UNKNOWN,UNKNOWN,UNKNOWN,UNKNOWN,PARKED MOTOR VEHICLE,ONE-WAY,,STRAIGHT AND LEVEL,UNKNOWN,UNKNOWN,NOT ON SCENE (DESK REPORT),NO INJURY / DRIVE AWAY,,,,$500 OR LESS,9/22/2019 17:00,UNABLE TO DETERMINE,UNABLE TO DETERMINE,4200,S,FRANCISCO AVE,921,,,,,,,2,NO INDICATION OF INJURY,0,0,0,0,0,1,0,16,1,9,41.81722448,-87.69707745,POINT (-87.697077451518 41.817224476213)
JC444106,,9/22/2019 16:00,30,TRAFFIC SIGNAL,FUNCTIONING PROPERLY,RAIN,DAWN,SIDESWIPE SAME DIRECTION,NOT DIVIDED,,STRAIGHT AND LEVEL,WET,NO DEFECTS,NOT ON SCENE (DESK REPORT),NO INJURY / DRIVE AWAY,,,,"OVER $1,500",9/22/2019 16:35,IMPROPER OVERTAKING/PASSING,NOT APPLICABLE,5650,N,SHERIDAN RD,2022,,,,,,,2,NO INDICATION OF INJURY,0,0,0,0,0,2,0,16,1,9,41.98524213,-87.65538912,POINT (-87.655389117841 41.985242128845)
JC444098,,9/22/2019 15:59,30,NO CONTROLS,NO CONTROLS,RAIN,DAYLIGHT,SIDESWIPE SAME DIRECTION,DIVIDED - W/MEDIAN (NOT RAISED),,STRAIGHT AND LEVEL,WET,NO DEFECTS,NOT ON SCENE (DESK REPORT),NO INJURY / DRIVE AWAY,,,,"OVER $1,500",9/22/2019 16:30,UNABLE TO DETERMINE,NOT APPLICABLE,1250,N,MILWAUKEE AVE,1424,,,,,,,2,NO INDICATION OF INJURY,0,0,0,0,0,3,0,15,1,9,41.90442284,-87.66836574,POINT (-87.668365741552 41.904422834935)
JC446536,,9/22/2019 15:55,30,STOP SIGN/FLASHER,FUNCTIONING PROPERLY,CLEAR,DAYLIGHT,REAR END,NOT DIVIDED,,STRAIGHT AND LEVEL,DRY,NO DEFECTS,NOT ON SCENE (DESK REPORT),NO INJURY / DRIVE AWAY,,,,"OVER $1,500",9/24/2019 13:00,UNABLE TO DETERMINE,NOT APPLICABLE,1099,E,47TH ST,222,,,,,,,2,NO INDICATION OF INJURY,0,0,0,0,0,2,0,15,1,9,41.80950288,-87.59938481,POINT (-87.599384807463 41.809502877624)
JC444180,,9/22/2019 15:47,30,TRAFFIC SIGNAL,FUNCTIONING PROPERLY,RAIN,DAYLIGHT,PEDESTRIAN,DIVIDED - W/MEDIAN (NOT RAISED),,STRAIGHT AND LEVEL,WET,NO DEFECTS,NOT ON SCENE (DESK REPORT),INJURY AND / OR TOW DUE TO CRASH,,,Y,$500 OR LESS,9/22/2019 17:10,FAILING TO YIELD RIGHT-OF-WAY,NOT APPLICABLE,7101,S,WESTERN AVE,832,,,,,,,2,INCAPACITATING INJURY,1,0,1,0,0,1,0,15,1,9,41.76461295,-87.68309387,POINT (-87.683093871433 41.76461295199)
JC444148,,9/22/2019 15:38,30,NO CONTROLS,NO CONTROLS,RAIN,DAYLIGHT,PARKED MOTOR VEHICLE,ONE-WAY,,STRAIGHT AND LEVEL,WET,NO DEFECTS,,INJURY AND / OR TOW DUE TO CRASH,,,,"OVER $1,500",9/22/2019 16:50,FAILING TO REDUCE SPEED TO AVOID CRASH,NOT APPLICABLE,6540,S,WHIPPLE ST,831,,,,,,,3,NO INDICATION OF INJURY,0,0,0,0,0,1,0,15,1,9,41.77415765,-87.69950399,POINT (-87.699503989055 41.774157649098)
JC444933,Y,9/22/2019 15:30,30,NO CONTROLS,NO CONTROLS,RAIN,DAYLIGHT,REAR END,NOT DIVIDED,,STRAIGHT AND LEVEL,WET,NO DEFECTS,NOT ON SCENE (DESK REPORT),NO INJURY / DRIVE AWAY,,,,"$501 - $1,500",9/23/2019 11:10,WEATHER,NOT APPLICABLE,1508,W,DIVERSEY PKWY,1932,,,,,,,2,NO INDICATION OF INJURY,0,0,0,0,0,2,0,15,1,9,41.93254442,-87.6663591,POINT (-87.666359095179 41.93254441848)
JC444889,,9/22/2019 15:30,30,TRAFFIC SIGNAL,FUNCTIONING PROPERLY,CLEAR,DAYLIGHT,REAR END,NOT DIVIDED,,STRAIGHT AND LEVEL,DRY,NO DEFECTS,NOT ON SCENE (DESK REPORT),NO INJURY / DRIVE AWAY,,,,"OVER $1,500",9/23/2019 10:49,DRIVING SKILLS/KNOWLEDGE/EXPERIENCE,UNABLE TO DETERMINE,942,N,LAKE SHORE DR,1833,,,,,,,2,NO INDICATION OF INJURY,0,0,0,0,0,3,0,15,1,9,41.90019573,-87.61948957,POINT (-87.619489565874 41.900195725643)
JC444170,,9/22/2019 15:30,30,TRAFFIC SIGNAL,FUNCTIONING PROPERLY,RAIN,DAYLIGHT,REAR END,NOT DIVIDED,,STRAIGHT AND LEVEL,WET,NO DEFECTS,NOT ON SCENE (DESK REPORT),NO INJURY / DRIVE AWAY,,,Y,$500 OR LESS,9/22/2019 17:15,FOLLOWING TOO CLOSELY,FOLLOWING TOO CLOSELY,2605,S,CALIFORNIA AVE,1034,,,,,,,2,NO INDICATION OF INJURY,0,0,0,0,0,2,0,15,1,9,,,
JC444046,,9/22/2019 15:30,30,NO CONTROLS,NO CONTROLS,RAIN,DAYLIGHT,ANGLE,NOT DIVIDED,,STRAIGHT AND LEVEL,WET,NO DEFECTS,NOT ON SCENE (DESK REPORT),INJURY AND / OR TOW DUE TO CRASH,,,,"OVER $1,500",9/22/2019 15:40,FAILING TO YIELD RIGHT-OF-WAY,NOT APPLICABLE,2540,W,BALMORAL AVE,2011,,,,,,,2,NO INDICATION OF INJURY,0,0,0,0,0,2,0,15,1,9,41.9796143,-87.69343603,POINT (-87.693436027058 41.979614302814)
JC444035,Y,9/22/2019 15:30,30,TRAFFIC SIGNAL,UNKNOWN,OTHER,DAYLIGHT,SIDESWIPE SAME DIRECTION,DIVIDED - W/MEDIAN BARRIER,,STRAIGHT AND LEVEL,WET,UNKNOWN,ON SCENE,NO INJURY / DRIVE AWAY,,,,"OVER $1,500",9/22/2019 15:31,UNABLE TO DETERMINE,UNABLE TO DETERMINE,322,N,MICHIGAN AVE,111,,,,,,,2,NO INDICATION OF INJURY,0,0,0,0,0,3,0,15,1,9,41.88733218,-87.62469624,POINT (-87.624696237579 41.887332175638)
JC444042,,9/22/2019 15:27,35,NO CONTROLS,NO CONTROLS,RAIN,DAYLIGHT,TURNING,DIVIDED - W/MEDIAN BARRIER,,STRAIGHT AND LEVEL,WET,NO DEFECTS,ON SCENE,INJURY AND / OR TOW DUE TO CRASH,Y,,,"OVER $1,500",9/22/2019 15:29,IMPROPER TURNING/NO SIGNAL,WEATHER,1531,W,95TH ST,2213,,,,,,,2,"REPORTED, NOT EVIDENT",1,0,0,0,1,2,0,15,1,9,41.72111635,-87.66185192,POINT (-87.661851923298 41.721116352803)
JC444066,,9/22/2019 15:24,30,NO CONTROLS,NO CONTROLS,UNKNOWN,DAYLIGHT,REAR END,NOT DIVIDED,,STRAIGHT AND LEVEL,UNKNOWN,NO DEFECTS,NOT ON SCENE (DESK REPORT),NO INJURY / DRIVE AWAY,,,,"OVER $1,500",9/22/2019 16:10,UNABLE TO DETERMINE,NOT APPLICABLE,6150,S,PULASKI RD,813,,,,,,,2,NO INDICATION OF INJURY,0,0,0,0,0,3,0,15,1,9,41.7807491,-87.72296616,POINT (-87.722966159469 41.780749100934)
JC444062,,9/22/2019 15:24,35,STOP SIGN/FLASHER,FUNCTIONING PROPERLY,RAIN,DAYLIGHT,TURNING,NOT DIVIDED,,STRAIGHT AND LEVEL,WET,NO DEFECTS,ON SCENE,NO INJURY / DRIVE AWAY,N,,,$500 OR LESS,9/22/2019 15:28,FAILING TO YIELD RIGHT-OF-WAY,NOT APPLICABLE,8300,S,ELIZABETH ST,613,,,,,,,2,NO INDICATION OF INJURY,0,0,0,0,0,6,0,15,1,9,41.74310237,-87.6548994,POINT (-87.654899400771 41.743102368665)
JC444048,,9/22/2019 15:21,30,NO CONTROLS,NO CONTROLS,RAIN,DAYLIGHT,REAR END,DIVIDED - W/MEDIAN (NOT RAISED),,STRAIGHT AND LEVEL,WET,NO DEFECTS,NOT ON SCENE (DESK REPORT),NO INJURY / DRIVE AWAY,,,,"OVER $1,500",9/22/2019 15:52,WEATHER,WEATHER,5800,N,SHERIDAN RD,2022,,,,,,,2,NO INDICATION OF INJURY,0,0,0,0,0,2,0,15,1,9,41.9874468,-87.655453,POINT (-87.65545300098 41.98744680079)
JC444025,,9/22/2019 15:15,30,NO CONTROLS,NO CONTROLS,RAIN,DAYLIGHT,ANGLE,FOUR WAY,,STRAIGHT AND LEVEL,DRY,NO DEFECTS,NOT ON SCENE (DESK REPORT),INJURY AND / OR TOW DUE TO CRASH,,,,"OVER $1,500",9/22/2019 15:38,WEATHER,NOT APPLICABLE,6399,S,LOOMIS BLVD,724,,,,,,,2,NO INDICATION OF INJURY,0,0,0,0,0,2,0,15,1,9,41.77781544,-87.65916706,POINT (-87.659167059331 41.777815443633)
JC444009,,9/22/2019 15:15,30,NO CONTROLS,NO CONTROLS,RAIN,DAYLIGHT,PARKED MOTOR VEHICLE,DIVIDED - W/MEDIAN (NOT RAISED),,STRAIGHT AND LEVEL,WET,NO DEFECTS,ON SCENE,NO INJURY / DRIVE AWAY,,,,"OVER $1,500",9/22/2019 15:15,NOT APPLICABLE,NOT APPLICABLE,1050,W,ADDISON ST,1923,,,,,,,2,NO INDICATION OF INJURY,0,0,0,0,0,1,0,15,1,9,41.94732654,-87.65608252,POINT (-87.656082522808 41.947326539512)
JC444085,,9/22/2019 15:10,30,STOP SIGN/FLASHER,FUNCTIONING IMPROPERLY,RAIN,DAYLIGHT,TURNING,DIVIDED - W/MEDIAN (NOT RAISED),,STRAIGHT AND LEVEL,WET,NO DEFECTS,ON SCENE,INJURY AND / OR TOW DUE TO CRASH,Y,,,"OVER $1,500",9/22/2019 16:20,FAILING TO YIELD RIGHT-OF-WAY,NOT APPLICABLE,7421,S,CICERO AVE,833,,,,,,,2,NO INDICATION OF INJURY,0,0,0,0,0,4,0,15,1,9,41.75822917,-87.74151636,POINT (-87.741516364186 41.7582291654)
JC444692,,9/22/2019 15:06,10,NO CONTROLS,NO CONTROLS,CLEAR,DAYLIGHT,FIXED OBJECT,PARKING LOT,,STRAIGHT AND LEVEL,DRY,NO DEFECTS,ON SCENE,NO INJURY / DRIVE AWAY,,Y,,"OVER $1,500",9/23/2019 7:53,UNABLE TO DETERMINE,NOT APPLICABLE,7201,N,CLARK ST,2423,,,,,,,1,NO INDICATION OF INJURY,0,0,0,0,0,1,0,15,1,9,42.01270437,-87.67450072,POINT (-87.674500719171 42.012704370631)