RD_NO,CRASH_DATE_EST_I,CRASH_DATE,POSTED_SPEED_LIMIT,TRAFFIC_CONTROL_DEVICE,DEVICE_CONDITION,WEATHER_CONDITION,LIGHTING_CONDITION,FIRST_CRASH_TYPE,TRAFFICWAY_TYPE,LANE_CNT,ALIGNMENT,ROADWAY_SURFACE_COND,ROAD_DEFECT,REPORT_TYPE,CRASH_TYPE,INTERSECTION_RELATED_I,NOT_RIGHT_OF_WAY_I,HIT_AND_RUN_I,DAMAGE,DATE_POLICE_NOTIFIED,PRIM_CONTRIBUTORY_CAUSE,SEC_CONTRIBUTORY_CAUSE,STREET_NO,STREET_DIRECTION,STREET_NAME,BEAT_OF_OCCURRENCE,PHOTOS_TAKEN_I,STATEMENTS_TAKEN_I,DOORING_I,WORK_ZONE_I,WORK_ZONE_TYPE,WORKERS_PRESENT_I,NUM_UNITS,MOST_SEVERE_INJURY,INJURIES_TOTAL,INJURIES_FATAL,INJURIES_INCAPACITATING,INJURIES_NON_INCAPACITATING,INJURIES_REPORTED_NOT_EVIDENT,INJURIES_NO_INDICATION,INJURIES_UNKNOWN,CRASH_HOUR,CRASH_DAY_OF_WEEK,CRASH_MONTH,LATITUDE,LONGITUDE,LOCATION
JC444079,,9/22/2019 15:06,30,STOP SIGN/FLASHER,UNKNOWN,RAIN,DAYLIGHT,FIXED OBJECT,DIVIDED - W/MEDIAN (NOT RAISED),,STRAIGHT AND LEVEL,WET,NO DEFECTS,ON SCENE,NO INJURY / DRIVE AWAY,,Y,,"OVER $1,500",9/22/2019 15:39,FAILING TO REDUCE SPEED TO AVOID CRASH,NOT APPLICABLE,4201,S,KEDZIE AVE,921,,,,,,,1,NO INDICATION OF INJURY,0,0,0,0,0,1,0,15,1,9,41.8171586,-87.7041823,POINT (-87.704182301878 41.817158599664)
JC444087,,9/22/2019 15:05,30,TRAFFIC SIGNAL,FUNCTIONING PROPERLY,RAIN,DAYLIGHT,TURNING,DIVIDED - W/MEDIAN (NOT RAISED),,STRAIGHT AND LEVEL,WET,NO DEFECTS,NOT ON SCENE (DESK REPORT),NO INJURY / DRIVE AWAY,Y,,,"$501 - $1,500",9/22/2019 16:20,UNABLE TO DETERMINE,NOT APPLICABLE,400,S,FRANKLIN ST,122,,,,,,,2,NO INDICATION OF INJURY,0,0,0,0,0,4,0,15,1,9,41.87678741,-87.63532285,POINT (-87.635322846849 41.876787409425)
JC444044,,9/22/2019 15:05,25,NO CONTROLS,NO CONTROLS,RAIN,DAYLIGHT,FIXED OBJECT,DIVIDED - W/MEDIAN BARRIER,,STRAIGHT AND LEVEL,WET,NO DEFECTS,ON SCENE,INJURY AND / OR TOW DUE TO CRASH,,,,"OVER $1,500",9/22/2019 15:12,WEATHER,NOT APPLICABLE,1015,N,LAKE SHORE DR,1824,,,,,,,1,NO INDICATION OF INJURY,0,0,0,0,0,1,0,15,1,9,41.90138558,-87.62406481,POINT (-87.624064804907 41.901385581543)
JC444019,,9/22/2019 15:05,30,NO CONTROLS,NO CONTROLS,RAIN,DAYLIGHT,REAR END,NOT DIVIDED,,STRAIGHT AND LEVEL,WET,NO DEFECTS,NOT ON SCENE (DESK REPORT),NO INJURY / DRIVE AWAY,,,,"$501 - $1,500",9/22/2019 15:22,FOLLOWING TOO CLOSELY,ROAD ENGINEERING/SURFACE/MARKING DEFECTS,12102,S,MICHIGAN AVE,532,,,,,,,2,NO INDICATION OF INJURY,0,0,0,0,0,4,0,15,1,9,41.67421858,-87.62054347,POINT (-87.620543472849 41.674218579934)
JC445307,Y,9/22/2019 15:00,25,NO CONTROLS,NO CONTROLS,RAIN,UNKNOWN,PARKED MOTOR VEHICLE,NOT DIVIDED,,STRAIGHT AND LEVEL,WET,UNKNOWN,NOT ON SCENE (DESK REPORT),NO INJURY / DRIVE AWAY,,,Y,$500 OR LESS,9/23/2019 15:00,UNABLE TO DETERMINE,NOT APPLICABLE,5900,N,PAULINA ST,2012,,,,,,,2,NO INDICATION OF INJURY,0,0,0,0,0,1,0,15,1,9,41.9884895,-87.67171452,POINT (-87.671714517171 41.988489500951)
JC444725,,9/22/2019 15:00,20,NO CONTROLS,NO CONTROLS,RAIN,DAYLIGHT,OTHER OBJECT,NOT DIVIDED,,STRAIGHT AND LEVEL,WET,NO DEFECTS,NOT ON SCENE (DESK REPORT),NO INJURY / DRIVE AWAY,,,,"$501 - $1,500",9/23/2019 8:30,IMPROPER BACKING,NOT APPLICABLE,1204,E,73RD ST,324,,,,,,,1,NO INDICATION OF INJURY,0,0,0,0,0,1,0,15,1,9,41.76244883,-87.59555162,POINT (-87.595551617611 41.762448831211)
JC444056,,9/22/2019 15:00,30,NO CONTROLS,NO CONTROLS,RAIN,DAYLIGHT,ANGLE,NOT DIVIDED,,STRAIGHT AND LEVEL,WET,NO DEFECTS,NOT ON SCENE (DESK REPORT),NO INJURY / DRIVE AWAY,,,,"$501 - $1,500",9/22/2019 15:50,UNABLE TO DETERMINE,NOT APPLICABLE,3800,N,HARLEM AVE,1631,,,,,,,2,NO INDICATION OF INJURY,0,0,0,0,0,2,0,15,1,9,41.94898738,-87.80728418,POINT (-87.807284183553 41.948987377046)
JC443999,,9/22/2019 15:00,35,STOP SIGN/FLASHER,NO CONTROLS,RAIN,DAYLIGHT,ANGLE,NOT DIVIDED,,STRAIGHT AND LEVEL,WET,UNKNOWN,ON SCENE,NO INJURY / DRIVE AWAY,,,,"$501 - $1,500",9/22/2019 15:01,UNABLE TO DETERMINE,DRIVING SKILLS/KNOWLEDGE/EXPERIENCE,7719,W,ADDISON ST,1631,,,,,,,2,NO INDICATION OF INJURY,0,0,0,0,0,2,0,15,1,9,41.94509709,-87.82010783,POINT (-87.820107828947 41.945097092408)
JC444018,,9/22/2019 14:55,45,TRAFFIC SIGNAL,FUNCTIONING PROPERLY,CLEAR,DAYLIGHT,REAR END,DIVIDED - W/MEDIAN BARRIER,,STRAIGHT AND LEVEL,DRY,NO DEFECTS,NOT ON SCENE (DESK REPORT),NO INJURY / DRIVE AWAY,,,,"$501 - $1,500",9/22/2019 15:30,FAILING TO YIELD RIGHT-OF-WAY,FOLLOWING TOO CLOSELY,100,S,LAKE SHORE DR NB,114,,,,,,,2,NO INDICATION OF INJURY,0,0,0,0,0,3,0,14,1,9,41.8808574,-87.61739714,POINT (-87.617397143842 41.880857397766)
JC443990,,9/22/2019 14:55,30,NO CONTROLS,NO CONTROLS,OTHER,DAYLIGHT,SIDESWIPE SAME DIRECTION,NOT DIVIDED,,STRAIGHT AND LEVEL,DRY,NO DEFECTS,NOT ON SCENE (DESK REPORT),NO INJURY / DRIVE AWAY,,,,"$501 - $1,500",9/22/2019 15:03,NOT APPLICABLE,NOT APPLICABLE,6607,S,CICERO AVE,833,,,,,,,2,NO INDICATION OF INJURY,0,0,0,0,0,3,0,14,1,9,41.77270386,-87.74194987,POINT (-87.741949869329 41.772703860767)
JC452926,,9/22/2019 14:53,30,TRAFFIC SIGNAL,FUNCTIONING PROPERLY,UNKNOWN,DAYLIGHT,REAR END,DIVIDED - W/MEDIAN (NOT RAISED),,STRAIGHT AND LEVEL,UNKNOWN,NO DEFECTS,NOT ON SCENE (DESK REPORT),NO INJURY / DRIVE AWAY,,,,"OVER $1,500",9/29/2019 11:45,FOLLOWING TOO CLOSELY,UNABLE TO DETERMINE,900,W,FOSTER AVE,2023,,,,,,,2,NO INDICATION OF INJURY,0,0,0,0,0,3,0,14,1,9,41.97654173,-87.65265764,POINT (-87.652657639959 41.976541731582)
JC444500,,9/22/2019 14:50,30,NO CONTROLS,NO CONTROLS,RAIN,DAYLIGHT,SIDESWIPE SAME DIRECTION,ONE-WAY,,STRAIGHT AND LEVEL,WET,NO DEFECTS,NOT ON SCENE (DESK REPORT),NO INJURY / DRIVE AWAY,N,Y,,"OVER $1,500",9/22/2019 23:40,IMPROPER LANE USAGE,NOT APPLICABLE,500,W,MONROE ST,121,,,,,,,2,NO INDICATION OF INJURY,0,0,0,0,0,2,0,14,1,9,41.88069925,-87.63972503,POINT (-87.639725026639 41.880699246124)
JC444443,,9/22/2019 14:50,10,NO CONTROLS,NO CONTROLS,CLEAR,DAYLIGHT,SIDESWIPE SAME DIRECTION,PARKING LOT,,STRAIGHT AND LEVEL,UNKNOWN,UNKNOWN,NOT ON SCENE (DESK REPORT),NO INJURY / DRIVE AWAY,,Y,,"$501 - $1,500",9/22/2019 22:30,CELL PHONE USE OTHER THAN TEXTING,FAILING TO YIELD RIGHT-OF-WAY,2517,W,CERMAK RD,1034,,,,,,,2,NO INDICATION OF INJURY,0,0,0,0,0,5,0,14,1,9,41.8518914,-87.68866326,POINT (-87.688663258444 41.8518913952)
JC444006,,9/22/2019 14:50,30,NO CONTROLS,NO CONTROLS,CLEAR,DAYLIGHT,REAR END,DIVIDED - W/MEDIAN (NOT RAISED),,STRAIGHT AND LEVEL,DRY,NO DEFECTS,NOT ON SCENE (DESK REPORT),NO INJURY / DRIVE AWAY,,,,"OVER $1,500",9/22/2019 15:15,FOLLOWING TOO CLOSELY,UNABLE TO DETERMINE,8600,S,WESTERN AVE,835,,,,,,,2,NO INDICATION OF INJURY,0,0,0,0,0,2,0,14,1,9,41.73729625,-87.6826972,POINT (-87.682697194964 41.737296246364)
JC444008,,9/22/2019 14:45,15,NO CONTROLS,NO CONTROLS,CLEAR,DAYLIGHT,TURNING,NOT DIVIDED,,CURVE ON GRADE,DRY,NO DEFECTS,NOT ON SCENE (DESK REPORT),NO INJURY / DRIVE AWAY,,Y,,"OVER $1,500",9/22/2019 15:10,IMPROPER TURNING/NO SIGNAL,FAILING TO YIELD RIGHT-OF-WAY,1121,N,CLARK ST,1824,N,,,,,,2,NO INDICATION OF INJURY,0,0,0,0,0,3,0,14,1,9,41.90252216,-87.63126089,POINT (-87.631260886405 41.902522155134)
JC443981,,9/22/2019 14:45,30,TRAFFIC SIGNAL,FUNCTIONING PROPERLY,RAIN,DAYLIGHT,REAR END,NOT DIVIDED,,STRAIGHT AND LEVEL,WET,NO DEFECTS,ON SCENE,NO INJURY / DRIVE AWAY,,,,"OVER $1,500",9/22/2019 14:49,FOLLOWING TOO CLOSELY,NOT APPLICABLE,10715,S,PULASKI RD,2211,,,,,,,2,NO INDICATION OF INJURY,0,0,0,0,0,2,0,14,1,9,41.69817067,-87.72047402,POINT (-87.720474018808 41.698170672862)
JC444043,,9/22/2019 14:40,30,NO CONTROLS,NO CONTROLS,RAIN,DAYLIGHT,TURNING,ONE-WAY,,STRAIGHT AND LEVEL,WET,UNKNOWN,NOT ON SCENE (DESK REPORT),INJURY AND / OR TOW DUE TO CRASH,Y,,,"OVER $1,500",9/22/2019 15:00,UNABLE TO DETERMINE,UNABLE TO DETERMINE,7658,S,LAFAYETTE AVE,623,,,,,,,2,"REPORTED, NOT EVIDENT",2,0,0,0,2,1,0,14,1,9,41.75460352,-87.62636129,POINT (-87.62636128688 41.754603520248)
JC444038,Y,9/22/2019 14:40,30,NO CONTROLS,NO CONTROLS,RAIN,DAYLIGHT,PARKED MOTOR VEHICLE,PARKING LOT,,STRAIGHT AND LEVEL,WET,NO DEFECTS,NOT ON SCENE (DESK REPORT),NO INJURY / DRIVE AWAY,,,Y,"OVER $1,500",9/22/2019 15:40,UNABLE TO DETERMINE,NOT APPLICABLE,1753,N,MILWAUKEE AVE,1434,,,,,,,2,NO INDICATION OF INJURY,0,0,0,0,0,1,0,14,1,9,41.91334247,-87.68182248,POINT (-87.681822480813 41.913342468232)
JC443972,,9/22/2019 14:40,30,TRAFFIC SIGNAL,FUNCTIONING PROPERLY,RAIN,DAYLIGHT,PEDALCYCLIST,NOT DIVIDED,,STRAIGHT AND LEVEL,WET,NO DEFECTS,ON SCENE,INJURY AND / OR TOW DUE TO CRASH,Y,,Y,$500 OR LESS,9/22/2019 14:50,UNABLE TO DETERMINE,UNABLE TO DETERMINE,401,S,CALIFORNIA AVE,1135,,,,,,,2,NONINCAPACITATING INJURY,1,0,0,1,0,1,0,14,1,9,41.87596703,-87.6960058,POINT (-87.696005800629 41.875967030808)
JC455493,,9/22/2019 14:35,40,NO CONTROLS,NO CONTROLS,UNKNOWN,UNKNOWN,REAR END,UNKNOWN,,STRAIGHT AND LEVEL,UNKNOWN,UNKNOWN,NOT ON SCENE (DESK REPORT),NO INJURY / DRIVE AWAY,,,,"OVER $1,500",10/1/2019 11:20,UNABLE TO DETERMINE,UNABLE TO DETERMINE,500,S,LAKE SHORE DR NB,114,,,,,,,2,NO INDICATION OF INJURY,0,0,0,0,0,2,0,14,1,9,41.87575758,-87.61728578,POINT (-87.617285775987 41.875757581506)
JC443998,,9/22/2019 14:35,30,TRAFFIC SIGNAL,FUNCTIONING PROPERLY,RAIN,DAYLIGHT,REAR END,NOT DIVIDED,,STRAIGHT AND LEVEL,WET,NO DEFECTS,NOT ON SCENE (DESK REPORT),NO INJURY / DRIVE AWAY,Y,,,"$501 - $1,500",9/22/2019 15:15,UNABLE TO DETERMINE,UNABLE TO DETERMINE,135,W,ILLINOIS ST,1831,,,,,,,2,NO INDICATION OF INJURY,0,0,0,0,0,2,0,14,1,9,41.89069342,-87.63248441,POINT (-87.632484407008 41.890693419076)
JC448481,,9/22/2019 14:32,30,TRAFFIC SIGNAL,FUNCTIONING PROPERLY,CLEAR,DAYLIGHT,TURNING,T-INTERSECTION,,STRAIGHT AND LEVEL,DRY,NO DEFECTS,NOT ON SCENE (DESK REPORT),NO INJURY / DRIVE AWAY,Y,,Y,"OVER $1,500",9/25/2019 20:30,IMPROPER OVERTAKING/PASSING,UNABLE TO DETERMINE,7345,S,STATE ST,323,,,,,,,2,NO INDICATION OF INJURY,0,0,0,0,0,2,0,14,1,9,41.76054197,-87.62465906,POINT (-87.6246590645 41.760541965645)
JC444050,,9/22/2019 14:30,30,TRAFFIC SIGNAL,FUNCTIONING PROPERLY,RAIN,DAYLIGHT,SIDESWIPE SAME DIRECTION,NOT DIVIDED,,STRAIGHT AND LEVEL,WET,NO DEFECTS,NOT ON SCENE (DESK REPORT),NO INJURY / DRIVE AWAY,Y,,Y,"$501 - $1,500",9/22/2019 15:50,UNABLE TO DETERMINE,NOT APPLICABLE,4630,W,BELMONT AVE,1731,,,,,,,2,NO INDICATION OF INJURY,0,0,0,0,0,2,0,14,1,9,41.93898339,-87.74352368,POINT (-87.743523684316 41.938983392053)
JC444047,,9/22/2019 14:30,30,TRAFFIC SIGNAL,FUNCTIONING PROPERLY,RAIN,DAYLIGHT,REAR END,NOT DIVIDED,,STRAIGHT AND LEVEL,WET,NO DEFECTS,NOT ON SCENE (DESK REPORT),NO INJURY / DRIVE AWAY,,,Y,"OVER $1,500",9/22/2019 15:53,FOLLOWING TOO CLOSELY,NOT APPLICABLE,4000,W,DIVERSEY AVE,2523,,,,,,,2,NO INDICATION OF INJURY,0,0,0,0,0,3,0,14,1,9,41.93189772,-87.72710503,POINT (-87.727105030454 41.931897723146)
JC444031,,9/22/2019 14:20,30,NO CONTROLS,NO CONTROLS,CLEAR,DAYLIGHT,PARKED MOTOR VEHICLE,ONE-WAY,,STRAIGHT AND LEVEL,DRY,NO DEFECTS,NOT ON SCENE (DESK REPORT),NO INJURY / DRIVE AWAY,,,,"$501 - $1,500",9/22/2019 15:45,IMPROPER BACKING,NOT APPLICABLE,1400,S,LAKE SHORE DR E,132,,,,,,,2,NO INDICATION OF INJURY,0,0,0,0,0,1,0,14,1,9,41.86411696,-87.61894998,POINT (-87.618949975476 41.864116957253)
JC443977,,9/22/2019 14:20,30,TRAFFIC SIGNAL,FUNCTIONING PROPERLY,CLEAR,DAYLIGHT,TURNING,NOT DIVIDED,,STRAIGHT AND LEVEL,DRY,NO DEFECTS,NOT ON SCENE (DESK REPORT),NO INJURY / DRIVE AWAY,Y,,,"$501 - $1,500",9/22/2019 14:53,UNABLE TO DETERMINE,UNABLE TO DETERMINE,40,W,CHICAGO AVE,1832,,,,,,,2,NO INDICATION OF INJURY,0,0,0,0,0,2,0,14,1,9,41.89676634,-87.62969854,POINT (-87.629698543179 41.896766340796)
JC443964,,9/22/2019 14:20,30,TRAFFIC SIGNAL,FUNCTIONING PROPERLY,RAIN,DAYLIGHT,SIDESWIPE SAME DIRECTION,NOT DIVIDED,,STRAIGHT AND LEVEL,WET,NO DEFECTS,NOT ON SCENE (DESK REPORT),NO INJURY / DRIVE AWAY,,,,"$501 - $1,500",9/22/2019 14:35,IMPROPER OVERTAKING/PASSING,NOT APPLICABLE,6155,W,FULLERTON AVE,2512,,,,,,,2,NO INDICATION OF INJURY,0,0,0,0,0,3,0,14,1,9,41.92364509,-87.78035594,POINT (-87.780355936663 41.923645091761)
JC443954,,9/22/2019 14:13,30,NO CONTROLS,NO CONTROLS,RAIN,DAYLIGHT,TURNING,DIVIDED - W/MEDIAN (NOT RAISED),,STRAIGHT AND LEVEL,WET,NO DEFECTS,ON SCENE,INJURY AND / OR TOW DUE TO CRASH,,,Y,"OVER $1,500",9/22/2019 14:21,FAILING TO YIELD RIGHT-OF-WAY,IMPROPER LANE USAGE,3660,W,GRAND AVE,2535,,,,,,,2,"REPORTED, NOT EVIDENT",1,0,0,0,1,2,0,14,1,9,41.90318099,-87.71860485,POINT (-87.718604854148 41.903180987428)
JC443950,,9/22/2019 14:12,25,NO CONTROLS,NO CONTROLS,RAIN,DAYLIGHT,SIDESWIPE SAME DIRECTION,ONE-WAY,,STRAIGHT AND LEVEL,WET,UNKNOWN,ON SCENE,INJURY AND / OR TOW DUE TO CRASH,,,,"$501 - $1,500",9/22/2019 14:13,FAILING TO YIELD RIGHT-OF-WAY,NOT APPLICABLE,5434,N,SPAULDING AVE,1712,,,,,,,2,NO INDICATION OF INJURY,0,0,0,0,0,2,0,14,1,9,41.98044835,-87.71137772,POINT (-87.711377714545 41.980448350889)
JC444004,,9/22/2019 14:11,30,TRAFFIC SIGNAL,FUNCTIONING PROPERLY,RAIN,DAYLIGHT,TURNING,NOT DIVIDED,,STRAIGHT AND LEVEL,WET,NO DEFECTS,ON SCENE,INJURY AND / OR TOW DUE TO CRASH,Y,,,"OVER $1,500",9/22/2019 14:12,DISREGARDING TRAFFIC SIGNALS,WEATHER,598,E,31ST ST,133,,,,,,,2,NO INDICATION OF INJURY,0,0,0,0,0,2,0,14,1,9,41.83865066,-87.60991351,POINT (-87.609913510837 41.838650656532)
JC443949,,9/22/2019 14:10,30,TRAFFIC SIGNAL,FUNCTIONING PROPERLY,RAIN,DAYLIGHT,REAR END,NOT DIVIDED,,STRAIGHT AND LEVEL,WET,NO DEFECTS,NOT ON SCENE (DESK REPORT),NO INJURY / DRIVE AWAY,Y,,,"OVER $1,500",9/22/2019 14:24,FOLLOWING TOO CLOSELY,NOT APPLICABLE,2400,N,CENTRAL AVE,2515,,,,,,,2,NO INDICATION OF INJURY,0,0,0,0,0,2,0,14,1,9,41.92406892,-87.76614121,POINT (-87.766141214132 41.924068922276)
JC443951,,9/22/2019 14:08,30,NO CONTROLS,NO CONTROLS,RAIN,DAYLIGHT,TURNING,DIVIDED - W/MEDIAN BARRIER,,STRAIGHT AND LEVEL,WET,NO DEFECTS,ON SCENE,NO INJURY / DRIVE AWAY,Y,,,"$501 - $1,500",9/22/2019 14:08,UNABLE TO DETERMINE,UNABLE TO DETERMINE,4917,N,MILWAUKEE AVE,1623,,,,,,,2,NO INDICATION OF INJURY,0,0,0,0,0,2,0,14,1,9,41.97018002,-87.76259589,POINT (-87.762595893299 41.970180016633)
JC446393,,9/22/2019 14:00,30,TRAFFIC SIGNAL,NO CONTROLS,CLEAR,DAYLIGHT,REAR TO FRONT,CENTER TURN LANE,,STRAIGHT AND LEVEL,DRY,NO DEFECTS,NOT ON SCENE (DESK REPORT),NO INJURY / DRIVE AWAY,Y,,,"$501 - $1,500",9/24/2019 11:49,UNABLE TO DETERMINE,UNABLE TO DETERMINE,5939,N,SHERIDAN RD,2433,,,,,,,2,NO INDICATION OF INJURY,0,0,0,0,0,2,0,14,1,9,41.99021263,-87.6552437,POINT (-87.655243695791 41.990212627767)
JC444077,,9/22/2019 14:00,25,UNKNOWN,UNKNOWN,RAIN,DAWN,TURNING,NOT DIVIDED,,STRAIGHT ON GRADE,WET,UNKNOWN,NOT ON SCENE (DESK REPORT),NO INJURY / DRIVE AWAY,Y,,,"OVER $1,500",9/22/2019 14:21,UNABLE TO DETERMINE,NOT APPLICABLE,1098,W,WISCONSIN ST,1811,,,,,,,2,NO INDICATION OF INJURY,0,0,0,0,0,5,0,14,1,9,41.91555116,-87.65440179,POINT (-87.6544017892 41.915551156013)
JC443991,,9/22/2019 14:00,30,NO CONTROLS,NO CONTROLS,CLEAR,DAYLIGHT,PARKED MOTOR VEHICLE,ONE-WAY,,STRAIGHT AND LEVEL,DRY,NO DEFECTS,NOT ON SCENE (DESK REPORT),NO INJURY / DRIVE AWAY,,,Y,"OVER $1,500",9/22/2019 15:00,UNABLE TO DETERMINE,UNABLE TO DETERMINE,906,N,LECLAIRE AVE,1531,,,,,,,2,NO INDICATION OF INJURY,0,0,0,0,0,1,0,14,1,9,41.89703285,-87.75335061,POINT (-87.753350610778 41.897032846987)
JC443989,,9/22/2019 14:00,35,TRAFFIC SIGNAL,FUNCTIONING PROPERLY,CLEAR,DAYLIGHT,TURNING,DIVIDED - W/MEDIAN BARRIER,,STRAIGHT AND LEVEL,DRY,NO DEFECTS,NOT ON SCENE (DESK REPORT),NO INJURY / DRIVE AWAY,,,,"OVER $1,500",9/22/2019 14:30,IMPROPER TURNING/NO SIGNAL,UNABLE TO DETERMINE,8305,S,STONY ISLAND AVE,412,,,,,,,2,NO INDICATION OF INJURY,0,0,0,0,0,2,0,14,1,9,41.74403427,-87.58522758,POINT (-87.5852275829 41.744034272487)
JC444022,,9/22/2019 13:59,30,NO CONTROLS,NO CONTROLS,RAIN,DAYLIGHT,REAR END,NOT DIVIDED,,STRAIGHT AND LEVEL,DRY,NO DEFECTS,NOT ON SCENE (DESK REPORT),NO INJURY / DRIVE AWAY,,,,"$501 - $1,500",9/22/2019 15:29,NOT APPLICABLE,NOT APPLICABLE,5301,S,HARLEM AVE,811,,,,,,,2,NO INDICATION OF INJURY,0,0,0,0,0,2,0,13,1,9,41.79568805,-87.80145967,POINT (-87.801459670523 41.795688052768)
JC443978,,9/22/2019 13:57,30,NO CONTROLS,NO CONTROLS,RAIN,DAYLIGHT,REAR END,DIVIDED - W/MEDIAN (NOT RAISED),,STRAIGHT AND LEVEL,WET,NO DEFECTS,ON SCENE,NO INJURY / DRIVE AWAY,,,,"OVER $1,500",9/22/2019 14:30,FAILING TO REDUCE SPEED TO AVOID CRASH,NOT APPLICABLE,3578,W,COLUMBUS AVE,834,,,,,,,3,NO INDICATION OF INJURY,0,0,0,0,0,3,0,13,1,9,41.74353584,-87.7116728,POINT (-87.71167279975 41.743535835456)
JC447205,,9/22/2019 13:55,30,NO CONTROLS,NO CONTROLS,CLEAR,DAYLIGHT,REAR END,PARKING LOT,,STRAIGHT AND LEVEL,DRY,NO DEFECTS,NOT ON SCENE (DESK REPORT),NO INJURY / DRIVE AWAY,,Y,Y,"OVER $1,500",9/24/2019 21:00,UNABLE TO DETERMINE,NOT APPLICABLE,200,W,71ST ST,731,,,,,,,2,NO INDICATION OF INJURY,0,0,0,0,0,2,0,13,1,9,41.76554364,-87.62983591,POINT (-87.629835905218 41.765543643386)
JC443955,,9/22/2019 13:55,30,STOP SIGN/FLASHER,FUNCTIONING PROPERLY,RAIN,DAYLIGHT,TURNING,NOT DIVIDED,,STRAIGHT AND LEVEL,WET,NO DEFECTS,ON SCENE,INJURY AND / OR TOW DUE TO CRASH,Y,,,"$501 - $1,500",9/22/2019 14:23,IMPROPER TURNING/NO SIGNAL,UNABLE TO DETERMINE,823,S,PULASKI RD,1132,,,,,,,2,NO INDICATION OF INJURY,0,0,0,0,0,4,0,13,1,9,41.87018804,-87.72517711,POINT (-87.725177112826 41.870188043454)
JC443945,,9/22/2019 13:50,30,NO CONTROLS,NO CONTROLS,CLOUDY/OVERCAST,DAYLIGHT,REAR TO SIDE,PARKING LOT,,STRAIGHT AND LEVEL,WET,NO DEFECTS,NOT ON SCENE (DESK REPORT),NO INJURY / DRIVE AWAY,,N,,"OVER $1,500",9/22/2019 14:20,FAILING TO YIELD RIGHT-OF-WAY,UNABLE TO DETERMINE,2150,S,CANALPORT AVE,1235,,,,,,,2,NO INDICATION OF INJURY,0,0,0,0,0,2,0,13,1,9,41.85330146,-87.6499297,POINT (-87.649929695282 41.853301464075)
JC444678,,9/22/2019 13:40,35,TRAFFIC SIGNAL,FUNCTIONING PROPERLY,RAIN,DAYLIGHT,REAR END,NOT DIVIDED,,STRAIGHT AND LEVEL,WET,NO DEFECTS,NOT ON SCENE (DESK REPORT),INJURY AND / OR TOW DUE TO CRASH,N,,,"OVER $1,500",9/23/2019 7:50,NOT APPLICABLE,NOT APPLICABLE,2500,W,26TH ST,1034,,,,,,,2,NONINCAPACITATING INJURY,2,0,0,2,0,1,0,13,1,9,41.84490306,-87.68770156,POINT (-87.687701555355 41.844903062589)
JC444040,,9/22/2019 13:40,30,TRAFFIC SIGNAL,FUNCTIONING PROPERLY,RAIN,DAYLIGHT,SIDESWIPE SAME DIRECTION,DIVIDED - W/MEDIAN (NOT RAISED),,STRAIGHT AND LEVEL,WET,NO DEFECTS,NOT ON SCENE (DESK REPORT),NO INJURY / DRIVE AWAY,,,,"$501 - $1,500",9/22/2019 16:50,FAILING TO YIELD RIGHT-OF-WAY,UNABLE TO DETERMINE,3200,N,WESTERN AVE,1921,,,,,,,2,NO INDICATION OF INJURY,0,0,0,0,0,2,0,13,1,9,41.939503,-87.68831343,POINT (-87.688313428863 41.939502996037)
JC443941,,9/22/2019 13:40,30,TRAFFIC SIGNAL,FUNCTIONING PROPERLY,OTHER,DAYLIGHT,REAR END,DIVIDED - W/MEDIAN (NOT RAISED),,STRAIGHT AND LEVEL,WET,NO DEFECTS,NOT ON SCENE (DESK REPORT),NO INJURY / DRIVE AWAY,Y,,,"OVER $1,500",9/22/2019 14:16,UNABLE TO DETERMINE,UNABLE TO DETERMINE,2398,W,PETERSON AVE,2413,,,,,,,2,NO INDICATION OF INJURY,0,0,0,0,0,2,0,13,1,9,41.99061051,-87.68961315,POINT (-87.689613146859 41.990610512367)
JC443937,,9/22/2019 13:40,15,NO CONTROLS,NO CONTROLS,RAIN,DAYLIGHT,REAR TO REAR,NOT DIVIDED,,STRAIGHT AND LEVEL,WET,NO DEFECTS,NOT ON SCENE (DESK REPORT),NO INJURY / DRIVE AWAY,,,,"OVER $1,500",9/22/2019 14:05,UNABLE TO DETERMINE,UNABLE TO DETERMINE,6500,W,IRVING PARK RD,1632,,,,,,,2,NO INDICATION OF INJURY,0,0,0,0,0,2,0,13,1,9,41.9529842,-87.78908383,POINT (-87.789083830955 41.952984202879)
JC443914,,9/22/2019 13:40,30,NO CONTROLS,NO CONTROLS,RAIN,DAYLIGHT,REAR END,NOT DIVIDED,,STRAIGHT AND LEVEL,WET,NO DEFECTS,ON SCENE,NO INJURY / DRIVE AWAY,Y,,,"OVER $1,500",9/22/2019 13:47,WEATHER,NOT APPLICABLE,1101,S,PULASKI RD,1132,,Y,,,,,2,NO INDICATION OF INJURY,0,0,0,0,0,3,0,13,1,9,41.86794854,-87.72509749,POINT (-87.725097485067 41.86794854303)
JC443917,,9/22/2019 13:38,30,STOP SIGN/FLASHER,FUNCTIONING IMPROPERLY,RAIN,DAYLIGHT,TURNING,NOT DIVIDED,,STRAIGHT AND LEVEL,WET,NO DEFECTS,ON SCENE,INJURY AND / OR TOW DUE TO CRASH,Y,,,"OVER $1,500",9/22/2019 13:47,FAILING TO YIELD RIGHT-OF-WAY,IMPROPER TURNING/NO SIGNAL,5200,W,HENDERSON ST,1634,,,,,,,2,NO INDICATION OF INJURY,0,0,0,0,0,2,0,13,1,9,41.94154598,-87.75690525,POINT (-87.756905254212 41.9415459792)