RD_NO,CRASH_DATE_EST_I,CRASH_DATE,POSTED_SPEED_LIMIT,TRAFFIC_CONTROL_DEVICE,DEVICE_CONDITION,WEATHER_CONDITION,LIGHTING_CONDITION,FIRST_CRASH_TYPE,TRAFFICWAY_TYPE,LANE_CNT,ALIGNMENT,ROADWAY_SURFACE_COND,ROAD_DEFECT,REPORT_TYPE,CRASH_TYPE,INTERSECTION_RELATED_I,NOT_RIGHT_OF_WAY_I,HIT_AND_RUN_I,DAMAGE,DATE_POLICE_NOTIFIED,PRIM_CONTRIBUTORY_CAUSE,SEC_CONTRIBUTORY_CAUSE,STREET_NO,STREET_DIRECTION,STREET_NAME,BEAT_OF_OCCURRENCE,PHOTOS_TAKEN_I,STATEMENTS_TAKEN_I,DOORING_I,WORK_ZONE_I,WORK_ZONE_TYPE,WORKERS_PRESENT_I,NUM_UNITS,MOST_SEVERE_INJURY,INJURIES_TOTAL,INJURIES_FATAL,INJURIES_INCAPACITATING,INJURIES_NON_INCAPACITATING,INJURIES_REPORTED_NOT_EVIDENT,INJURIES_NO_INDICATION,INJURIES_UNKNOWN,CRASH_HOUR,CRASH_DAY_OF_WEEK,CRASH_MONTH,LATITUDE,LONGITUDE,LOCATION
JC443942,,9/22/2019 13:37,30,NO CONTROLS,NO CONTROLS,RAIN,DAYLIGHT,REAR END,DIVIDED - W/MEDIAN (NOT RAISED),,STRAIGHT AND LEVEL,WET,NO DEFECTS,NOT ON SCENE (DESK REPORT),NO INJURY / DRIVE AWAY,,,Y,"OVER $1,500",9/22/2019 14:20,UNABLE TO DETERMINE,IMPROPER LANE USAGE,3115,S,ARCHER AVE,912,,,,,,,2,NO INDICATION OF INJURY,0,0,0,0,0,2,0,13,1,9,41.83730605,-87.66613305,POINT (-87.666133051616 41.837306047375)
JC443922,,9/22/2019 13:30,25,NO CONTROLS,NO CONTROLS,CLEAR,DAYLIGHT,PARKED MOTOR VEHICLE,NOT DIVIDED,,STRAIGHT AND LEVEL,DRY,UNKNOWN,NOT ON SCENE (DESK REPORT),NO INJURY / DRIVE AWAY,,,,"OVER $1,500",9/22/2019 14:06,UNABLE TO DETERMINE,NOT APPLICABLE,225,S,CANAL ST,121,,,,,,,2,NO INDICATION OF INJURY,0,0,0,0,0,3,0,13,1,9,41.87853128,-87.63942746,POINT (-87.639427459627 41.878531278354)
JC443913,,9/22/2019 13:30,5,NO CONTROLS,NO CONTROLS,CLOUDY/OVERCAST,DAYLIGHT,PARKED MOTOR VEHICLE,PARKING LOT,,STRAIGHT AND LEVEL,WET,NO DEFECTS,NOT ON SCENE (DESK REPORT),NO INJURY / DRIVE AWAY,,,Y,$500 OR LESS,9/22/2019 14:00,UNABLE TO DETERMINE,UNABLE TO DETERMINE,515,N,WESTERN AVE,1221,,,,,,,2,NO INDICATION OF INJURY,0,0,0,0,0,1,0,13,1,9,41.89114238,-87.68655928,POINT (-87.686559281255 41.891142380137)
JC444123,,9/22/2019 13:27,30,TRAFFIC SIGNAL,FUNCTIONING PROPERLY,RAIN,DAYLIGHT,REAR END,NOT DIVIDED,,STRAIGHT AND LEVEL,WET,NO DEFECTS,NOT ON SCENE (DESK REPORT),NO INJURY / DRIVE AWAY,Y,,,"$501 - $1,500",9/22/2019 16:50,UNABLE TO DETERMINE,UNABLE TO DETERMINE,800,N,LAKE SHORE DR,1833,,,,,,,2,NO INDICATION OF INJURY,0,0,0,0,0,2,0,13,1,9,41.89682805,-87.6172077,POINT (-87.617207703311 41.896828045009)
JC443946,,9/22/2019 13:20,30,STOP SIGN/FLASHER,FUNCTIONING PROPERLY,CLOUDY/OVERCAST,DAYLIGHT,ANGLE,DIVIDED - W/MEDIAN (NOT RAISED),,STRAIGHT AND LEVEL,DRY,NO DEFECTS,ON SCENE,INJURY AND / OR TOW DUE TO CRASH,Y,,Y,"OVER $1,500",9/22/2019 13:30,DISREGARDING TRAFFIC SIGNALS,DISREGARDING TRAFFIC SIGNALS,1,N,OGDEN AVE,1224,,,,,,,2,NO INDICATION OF INJURY,0,0,0,0,0,2,0,13,1,9,41.88143691,-87.66592136,POINT (-87.665921359546 41.881436906939)
JC443997,,9/22/2019 13:05,15,STOP SIGN/FLASHER,FUNCTIONING PROPERLY,RAIN,DAYLIGHT,ANGLE,T-INTERSECTION,,STRAIGHT AND LEVEL,WET,NO DEFECTS,ON SCENE,NO INJURY / DRIVE AWAY,Y,,,"OVER $1,500",9/22/2019 14:40,FAILING TO YIELD RIGHT-OF-WAY,UNABLE TO DETERMINE,4500,S,TRUMBULL AVE,821,,,,,,,2,NO INDICATION OF INJURY,0,0,0,0,0,2,0,13,1,9,41.81164909,-87.71029512,POINT (-87.710295119979 41.811649090896)
JC443859,,9/22/2019 13:00,30,NO CONTROLS,NO CONTROLS,CLEAR,DAYLIGHT,ANGLE,FOUR WAY,,STRAIGHT AND LEVEL,DRY,NO DEFECTS,ON SCENE,INJURY AND / OR TOW DUE TO CRASH,Y,,,"OVER $1,500",9/22/2019 13:05,FAILING TO YIELD RIGHT-OF-WAY,FAILING TO YIELD RIGHT-OF-WAY,100,E,21ST ST,132,,,,N,,,2,NO INDICATION OF INJURY,0,0,0,0,0,2,0,13,1,9,41.8543948,-87.62381533,POINT (-87.623815328848 41.854394803711)
JC443892,,9/22/2019 12:57,30,STOP SIGN/FLASHER,UNKNOWN,UNKNOWN,DAYLIGHT,ANGLE,NOT DIVIDED,,STRAIGHT AND LEVEL,UNKNOWN,UNKNOWN,NOT ON SCENE (DESK REPORT),NO INJURY / DRIVE AWAY,Y,,,"OVER $1,500",9/22/2019 13:33,CELL PHONE USE OTHER THAN TEXTING,NOT APPLICABLE,8900,S,DR MARTIN LUTHER KING JR DR,633,,,,,,,2,NO INDICATION OF INJURY,0,0,0,0,0,2,0,12,1,9,41.73280152,-87.61457664,POINT (-87.614576635321 41.732801516703)
JC445266,,9/22/2019 12:55,30,STOP SIGN/FLASHER,FUNCTIONING PROPERLY,CLEAR,DAYLIGHT,TURNING,NOT DIVIDED,,STRAIGHT AND LEVEL,DRY,NO DEFECTS,NOT ON SCENE (DESK REPORT),NO INJURY / DRIVE AWAY,Y,,,"OVER $1,500",9/23/2019 15:03,UNABLE TO DETERMINE,NOT APPLICABLE,800,W,HUBBARD ST,1214,,,,,,,2,NO INDICATION OF INJURY,0,0,0,0,0,3,0,12,1,9,41.89019488,-87.6476687,POINT (-87.647668699131 41.890194882661)
JC443870,,9/22/2019 12:53,30,NO CONTROLS,NO CONTROLS,RAIN,DAYLIGHT,REAR END,DIVIDED - W/MEDIAN (NOT RAISED),,STRAIGHT AND LEVEL,WET,NO DEFECTS,ON SCENE,NO INJURY / DRIVE AWAY,,,,$500 OR LESS,9/22/2019 13:05,FOLLOWING TOO CLOSELY,UNABLE TO DETERMINE,2299,W,DIVERSEY AVE,1432,,,,,,,2,NO INDICATION OF INJURY,0,0,0,0,0,2,0,12,1,9,41.93208945,-87.68538671,POINT (-87.685386706448 41.932089450583)
JC443961,,9/22/2019 12:50,30,NO CONTROLS,NO CONTROLS,RAIN,DAYLIGHT,PARKED MOTOR VEHICLE,NOT DIVIDED,,STRAIGHT AND LEVEL,WET,NO DEFECTS,NOT ON SCENE (DESK REPORT),NO INJURY / DRIVE AWAY,,,Y,"$501 - $1,500",9/22/2019 14:35,UNABLE TO DETERMINE,NOT APPLICABLE,6430,W,IRVING PARK RD,1632,,,,,,,2,NO INDICATION OF INJURY,0,0,0,0,0,1,0,12,1,9,41.95301023,-87.78770716,POINT (-87.787707162599 41.953010233235)
JC443868,,9/22/2019 12:49,30,TRAFFIC SIGNAL,FUNCTIONING PROPERLY,RAIN,DAYLIGHT,ANGLE,ONE-WAY,,STRAIGHT AND LEVEL,WET,NO DEFECTS,ON SCENE,NO INJURY / DRIVE AWAY,Y,,,"$501 - $1,500",9/22/2019 13:15,UNABLE TO DETERMINE,UNABLE TO DETERMINE,5200,W,FLOURNOY ST,1522,,,,,,,2,NO INDICATION OF INJURY,0,0,0,0,0,2,0,12,1,9,41.87206239,-87.75490425,POINT (-87.754904245759 41.872062391906)
JC448271,,9/22/2019 12:45,30,NO CONTROLS,NO CONTROLS,CLEAR,DAYLIGHT,PARKED MOTOR VEHICLE,PARKING LOT,,STRAIGHT AND LEVEL,DRY,NO DEFECTS,NOT ON SCENE (DESK REPORT),NO INJURY / DRIVE AWAY,,,N,"OVER $1,500",9/25/2019 17:34,IMPROPER OVERTAKING/PASSING,IMPROPER OVERTAKING/PASSING,821,E,103RD ST,512,,,,,,,2,NO INDICATION OF INJURY,0,0,0,0,0,1,0,12,1,9,41.70739096,-87.60307842,POINT (-87.60307842087 41.707390962487)
JC443837,,9/22/2019 12:40,30,NO CONTROLS,NO CONTROLS,CLOUDY/OVERCAST,DAYLIGHT,TURNING,DIVIDED - W/MEDIAN (NOT RAISED),,STRAIGHT AND LEVEL,UNKNOWN,UNKNOWN,ON SCENE,INJURY AND / OR TOW DUE TO CRASH,,,,"OVER $1,500",9/22/2019 12:45,FAILING TO YIELD RIGHT-OF-WAY,NOT APPLICABLE,2730,W,NORTH AVE,1421,,,,,,,2,NO INDICATION OF INJURY,0,0,0,0,0,2,0,12,1,9,41.91033945,-87.69582555,POINT (-87.695825548006 41.910339446221)
JC443849,,9/22/2019 12:37,30,NO CONTROLS,NO CONTROLS,CLEAR,DAYLIGHT,PARKED MOTOR VEHICLE,NOT DIVIDED,,STRAIGHT AND LEVEL,DRY,NO DEFECTS,,NO INJURY / DRIVE AWAY,,,,$500 OR LESS,9/22/2019 12:45,NOT APPLICABLE,NOT APPLICABLE,435,E,88TH ST,632,,,,,,,2,NO INDICATION OF INJURY,0,0,0,0,0,1,0,12,1,9,41.73458916,-87.61307625,POINT (-87.613076253384 41.734589164341)
JC443846,,9/22/2019 12:35,30,TRAFFIC SIGNAL,FUNCTIONING PROPERLY,CLEAR,DAYLIGHT,SIDESWIPE SAME DIRECTION,DIVIDED - W/MEDIAN (NOT RAISED),,STRAIGHT AND LEVEL,DRY,NO DEFECTS,ON SCENE,NO INJURY / DRIVE AWAY,,,,"$501 - $1,500",9/22/2019 12:39,IMPROPER LANE USAGE,FAILING TO YIELD RIGHT-OF-WAY,107,W,CHICAGO AVE,1832,,,,,,,2,NO INDICATION OF INJURY,0,0,0,0,0,3,0,12,1,9,41.89652173,-87.6315353,POINT (-87.631535299486 41.896521728804)
JC446634,,9/22/2019 12:30,30,TRAFFIC SIGNAL,FUNCTIONING PROPERLY,CLEAR,DAYLIGHT,REAR END,NOT DIVIDED,,STRAIGHT AND LEVEL,DRY,NO DEFECTS,NOT ON SCENE (DESK REPORT),NO INJURY / DRIVE AWAY,,,,"$501 - $1,500",9/24/2019 15:45,PHYSICAL CONDITION OF DRIVER,NOT APPLICABLE,7430,W,BELMONT AVE,1631,,,,,,,3,NO INDICATION OF INJURY,0,0,0,0,0,3,0,12,1,9,41.9380853,-87.8126363,POINT (-87.81263630082 41.938085304246)
JC444303,,9/22/2019 12:30,30,NO CONTROLS,NO CONTROLS,CLEAR,"DARKNESS, LIGHTED ROAD",PARKED MOTOR VEHICLE,NOT DIVIDED,,STRAIGHT AND LEVEL,WET,NO DEFECTS,NOT ON SCENE (DESK REPORT),NO INJURY / DRIVE AWAY,,,,"OVER $1,500",9/22/2019 19:40,UNABLE TO DETERMINE,UNABLE TO DETERMINE,7529,W,BARRY AVE,2511,,,,,,,2,NO INDICATION OF INJURY,0,0,0,0,0,1,0,12,1,9,41.93605554,-87.81517026,POINT (-87.815170260842 41.936055543599)
JC443871,,9/22/2019 12:30,30,TRAFFIC SIGNAL,FUNCTIONING PROPERLY,CLEAR,DAYLIGHT,REAR END,NOT DIVIDED,,STRAIGHT AND LEVEL,DRY,NO DEFECTS,NOT ON SCENE (DESK REPORT),NO INJURY / DRIVE AWAY,Y,,,"OVER $1,500",9/22/2019 13:15,FOLLOWING TOO CLOSELY,NOT APPLICABLE,3125,N,LINCOLN AVE,1933,,,,,,,2,NO INDICATION OF INJURY,0,0,0,0,0,2,0,12,1,9,41.93855663,-87.66689672,POINT (-87.66689671578 41.938556624687)
JC443830,,9/22/2019 12:20,30,STOP SIGN/FLASHER,FUNCTIONING PROPERLY,CLOUDY/OVERCAST,DAYLIGHT,ANGLE,NOT DIVIDED,,STRAIGHT AND LEVEL,DRY,NO DEFECTS,ON SCENE,NO INJURY / DRIVE AWAY,Y,,,"OVER $1,500",9/22/2019 12:24,DISREGARDING STOP SIGN,FAILING TO YIELD RIGHT-OF-WAY,3700,N,SOUTHPORT AVE,1922,,,,,,,2,NO INDICATION OF INJURY,0,0,0,0,0,2,0,12,1,9,41.94897809,-87.66421752,POINT (-87.664217514608 41.948978089177)
JC443936,,9/22/2019 12:15,30,TRAFFIC SIGNAL,FUNCTIONING PROPERLY,CLEAR,DAYLIGHT,REAR END,NOT DIVIDED,,STRAIGHT AND LEVEL,DRY,NO DEFECTS,NOT ON SCENE (DESK REPORT),NO INJURY / DRIVE AWAY,,,,"$501 - $1,500",9/22/2019 14:07,NOT APPLICABLE,NOT APPLICABLE,7321,S,CICERO AVE,833,,,,,,,2,NO INDICATION OF INJURY,0,0,0,0,0,2,0,12,1,9,41.7599004,-87.74159527,POINT (-87.741595264933 41.759900404134)
JC443832,,9/22/2019 12:12,30,TRAFFIC SIGNAL,FUNCTIONING PROPERLY,CLEAR,DAYLIGHT,TURNING,CENTER TURN LANE,,STRAIGHT AND LEVEL,DRY,NO DEFECTS,ON SCENE,NO INJURY / DRIVE AWAY,Y,,,"OVER $1,500",9/22/2019 12:17,FAILING TO YIELD RIGHT-OF-WAY,UNABLE TO DETERMINE,3500,S,HALSTED ST,915,,,,,,,2,NO INDICATION OF INJURY,0,0,0,0,0,5,0,12,1,9,41.83069534,-87.64625092,POINT (-87.646250915767 41.830695335202)
JC443839,,9/22/2019 12:05,30,TRAFFIC SIGNAL,FUNCTIONING PROPERLY,CLOUDY/OVERCAST,DAYLIGHT,REAR END,NOT DIVIDED,,STRAIGHT AND LEVEL,DRY,NO DEFECTS,NOT ON SCENE (DESK REPORT),NO INJURY / DRIVE AWAY,Y,,,$500 OR LESS,9/22/2019 12:40,FOLLOWING TOO CLOSELY,UNABLE TO DETERMINE,5501,S,WESTERN AVE,824,,,,,,,2,NO INDICATION OF INJURY,0,0,0,0,0,2,0,12,1,9,41.79337566,-87.68388209,POINT (-87.683882093534 41.793375660475)
JC452070,,9/22/2019 12:00,20,NO CONTROLS,NO CONTROLS,CLEAR,DAYLIGHT,OTHER OBJECT,NOT DIVIDED,,STRAIGHT AND LEVEL,DRY,"RUT, HOLES",NOT ON SCENE (DESK REPORT),NO INJURY / DRIVE AWAY,,,,$500 OR LESS,9/28/2019 16:30,NOT APPLICABLE,NOT APPLICABLE,2332,S,KOSTNER AVE,1013,,,,,,,1,NO INDICATION OF INJURY,0,0,0,0,0,1,0,12,1,9,41.84852363,-87.73456063,POINT (-87.734560627448 41.848523630148)
JC444000,Y,9/22/2019 12:00,25,NO CONTROLS,NO CONTROLS,RAIN,DAYLIGHT,PARKED MOTOR VEHICLE,NOT DIVIDED,,STRAIGHT AND LEVEL,WET,NO DEFECTS,ON SCENE,NO INJURY / DRIVE AWAY,,,Y,"$501 - $1,500",9/22/2019 14:30,UNABLE TO DETERMINE,UNABLE TO DETERMINE,6939,N,CAMPBELL AVE,2411,,,,,,,2,NO INDICATION OF INJURY,0,0,0,0,0,1,0,12,1,9,42.0079344,-87.69240629,POINT (-87.692406288268 42.00793440016)
JC443888,,9/22/2019 12:00,15,NO CONTROLS,NO CONTROLS,CLEAR,DAYLIGHT,PARKED MOTOR VEHICLE,PARKING LOT,,STRAIGHT AND LEVEL,DRY,SHOULDER DEFECT,NOT ON SCENE (DESK REPORT),NO INJURY / DRIVE AWAY,,,Y,"OVER $1,500",9/22/2019 13:50,UNABLE TO DETERMINE,DRIVING SKILLS/KNOWLEDGE/EXPERIENCE,3857,S,DR MARTIN LUTHER KING JR DR,212,,,,,,,2,NO INDICATION OF INJURY,0,0,0,0,0,1,0,12,1,9,41.82398325,-87.61685389,POINT (-87.616853890785 41.823983251515)
JC443863,,9/22/2019 12:00,30,NO CONTROLS,NO CONTROLS,CLEAR,DAYLIGHT,PARKED MOTOR VEHICLE,NOT DIVIDED,,STRAIGHT AND LEVEL,DRY,NO DEFECTS,NOT ON SCENE (DESK REPORT),NO INJURY / DRIVE AWAY,,,Y,"$501 - $1,500",9/22/2019 13:05,UNABLE TO DETERMINE,UNABLE TO DETERMINE,1849,W,NORTH AVE,1424,,,,,,,2,NO INDICATION OF INJURY,0,0,0,0,0,1,0,12,1,9,41.9104214,-87.67453266,POINT (-87.674532656791 41.910421397552)
JC443819,,9/22/2019 12:00,10,NO CONTROLS,NO CONTROLS,CLEAR,DAYLIGHT,PEDESTRIAN,PARKING LOT,,STRAIGHT AND LEVEL,DRY,NO DEFECTS,ON SCENE,INJURY AND / OR TOW DUE TO CRASH,,,Y,$500 OR LESS,9/22/2019 12:07,UNABLE TO DETERMINE,NOT APPLICABLE,6315,S,KEDZIE AVE,823,,,,,,,2,"REPORTED, NOT EVIDENT",1,0,0,0,1,1,0,12,1,9,41.77842134,-87.70297606,POINT (-87.702976058137 41.77842133639)
JC443814,N,9/22/2019 12:00,30,NO CONTROLS,NO CONTROLS,CLEAR,DAYLIGHT,REAR END,DIVIDED - W/MEDIAN (NOT RAISED),,STRAIGHT AND LEVEL,DRY,UNKNOWN,ON SCENE,INJURY AND / OR TOW DUE TO CRASH,,,Y,$500 OR LESS,9/22/2019 12:04,FOLLOWING TOO CLOSELY,NOT APPLICABLE,1507,S,KOLIN AVE,1012,,,N,,,,2,NONINCAPACITATING INJURY,1,0,0,1,0,1,0,12,1,9,41.86031359,-87.73341265,POINT (-87.733412644647 41.860313586743)
JC443793,,9/22/2019 11:55,30,TRAFFIC SIGNAL,FUNCTIONING PROPERLY,CLEAR,DAYLIGHT,REAR END,FOUR WAY,,STRAIGHT AND LEVEL,DRY,NO DEFECTS,ON SCENE,INJURY AND / OR TOW DUE TO CRASH,Y,,,"OVER $1,500",9/22/2019 11:57,DRIVING SKILLS/KNOWLEDGE/EXPERIENCE,UNABLE TO DETERMINE,3230,S,ARCHER AVE,912,,,,,,,2,NO INDICATION OF INJURY,0,0,0,0,0,2,0,11,1,9,41.83541857,-87.66967496,POINT (-87.669674955594 41.835418571829)
JC443816,,9/22/2019 11:50,30,NO CONTROLS,NO CONTROLS,CLEAR,DAYLIGHT,SIDESWIPE SAME DIRECTION,NOT DIVIDED,,STRAIGHT AND LEVEL,DRY,NO DEFECTS,NOT ON SCENE (DESK REPORT),NO INJURY / DRIVE AWAY,,,,"OVER $1,500",9/22/2019 12:25,FAILING TO YIELD RIGHT-OF-WAY,FAILING TO REDUCE SPEED TO AVOID CRASH,2531,N,CALIFORNIA AVE,1431,,,,,,,2,NO INDICATION OF INJURY,0,0,0,0,0,3,0,11,1,9,41.92750452,-87.69734265,POINT (-87.697342652472 41.927504522311)
JC443779,,9/22/2019 11:50,30,NO CONTROLS,NO CONTROLS,CLEAR,DAYLIGHT,PEDALCYCLIST,PARKING LOT,,STRAIGHT AND LEVEL,DRY,NO DEFECTS,ON SCENE,NO INJURY / DRIVE AWAY,,,,$500 OR LESS,9/22/2019 11:50,UNABLE TO DETERMINE,NOT APPLICABLE,6737,S,PULASKI RD,833,,,,,,,2,NO INDICATION OF INJURY,0,0,0,0,0,3,0,11,1,9,41.77029026,-87.72240132,POINT (-87.722401324025 41.770290263912)
JC446791,,9/22/2019 11:45,30,UNKNOWN,UNKNOWN,UNKNOWN,DAYLIGHT,REAR TO SIDE,NOT DIVIDED,,STRAIGHT AND LEVEL,DRY,UNKNOWN,ON SCENE,NO INJURY / DRIVE AWAY,,,,"$501 - $1,500",9/22/2019 11:47,IMPROPER BACKING,NOT APPLICABLE,7113,S,STATE ST,323,,,,,,,2,NO INDICATION OF INJURY,0,0,0,0,0,2,0,11,1,9,41.76506778,-87.62475001,POINT (-87.624750011727 41.765067778988)
JC443810,,9/22/2019 11:45,30,NO CONTROLS,NO CONTROLS,CLEAR,DAYLIGHT,REAR END,NOT DIVIDED,,STRAIGHT AND LEVEL,DRY,NO DEFECTS,NOT ON SCENE (DESK REPORT),NO INJURY / DRIVE AWAY,,,,"OVER $1,500",9/22/2019 12:32,FOLLOWING TOO CLOSELY,IMPROPER LANE USAGE,1524,W,FULLERTON AVE,1932,,,,,,,2,NO INDICATION OF INJURY,0,0,0,0,0,3,0,11,1,9,41.92528007,-87.66677401,POINT (-87.666774008805 41.925280067941)
JC443984,,9/22/2019 11:40,30,NO CONTROLS,NO CONTROLS,CLEAR,DAYLIGHT,PARKED MOTOR VEHICLE,ONE-WAY,,STRAIGHT AND LEVEL,UNKNOWN,UNKNOWN,NOT ON SCENE (DESK REPORT),NO INJURY / DRIVE AWAY,,,,"$501 - $1,500",9/22/2019 14:49,IMPROPER OVERTAKING/PASSING,IMPROPER OVERTAKING/PASSING,555,W,CORNELIA AVE,1925,,,,,,,2,NO INDICATION OF INJURY,0,0,0,0,0,2,0,11,1,9,41.94599026,-87.6443372,POINT (-87.644337199595 41.945990263544)
JC444072,,9/22/2019 11:33,15,NO CONTROLS,NO CONTROLS,CLEAR,DAYLIGHT,PARKED MOTOR VEHICLE,ONE-WAY,,STRAIGHT AND LEVEL,DRY,NO DEFECTS,NOT ON SCENE (DESK REPORT),NO INJURY / DRIVE AWAY,,,,"OVER $1,500",9/22/2019 16:00,IMPROPER OVERTAKING/PASSING,UNABLE TO DETERMINE,8228,S,INGLESIDE AVE,631,,,,,,,2,NO INDICATION OF INJURY,0,0,0,0,0,1,0,11,1,9,41.74495317,-87.60151733,POINT (-87.601517333498 41.744953170414)
JC444807,,9/22/2019 11:30,30,NO CONTROLS,NO CONTROLS,CLEAR,DAYLIGHT,PARKED MOTOR VEHICLE,NOT DIVIDED,,STRAIGHT AND LEVEL,WET,NO DEFECTS,NOT ON SCENE (DESK REPORT),NO INJURY / DRIVE AWAY,,,Y,"$501 - $1,500",9/23/2019 9:40,UNABLE TO DETERMINE,NOT APPLICABLE,2656,W,24TH ST,1034,,,,,,,2,NO INDICATION OF INJURY,0,0,0,0,0,1,0,11,1,9,41.84840804,-87.69269576,POINT (-87.692695761658 41.848408043768)
JC443915,,9/22/2019 11:30,30,NO CONTROLS,NO CONTROLS,CLEAR,DAYLIGHT,SIDESWIPE OPPOSITE DIRECTION,NOT DIVIDED,,STRAIGHT AND LEVEL,DRY,NO DEFECTS,NOT ON SCENE (DESK REPORT),NO INJURY / DRIVE AWAY,,,,"$501 - $1,500",9/22/2019 13:58,UNABLE TO DETERMINE,UNABLE TO DETERMINE,163,W,OHIO ST,1831,,,,,,,2,NO INDICATION OF INJURY,0,0,0,0,0,3,0,11,1,9,41.89228378,-87.63365674,POINT (-87.633656736857 41.892283783945)
JC443796,,9/22/2019 11:30,30,STOP SIGN/FLASHER,NO CONTROLS,CLEAR,DAYLIGHT,REAR TO FRONT,NOT DIVIDED,,STRAIGHT AND LEVEL,DRY,NO DEFECTS,NOT ON SCENE (DESK REPORT),NO INJURY / DRIVE AWAY,,,,"$501 - $1,500",9/22/2019 12:00,IMPROPER BACKING,NOT APPLICABLE,6241,S,NAGLE AVE,812,,,,,,,2,NO INDICATION OF INJURY,0,0,0,0,0,5,0,11,1,9,41.77826314,-87.78236242,POINT (-87.782362415612 41.778263140223)
JC444343,,9/22/2019 11:18,30,NO CONTROLS,NO CONTROLS,CLEAR,DAYLIGHT,PARKED MOTOR VEHICLE,ONE-WAY,,STRAIGHT AND LEVEL,DRY,NO DEFECTS,NOT ON SCENE (DESK REPORT),NO INJURY / DRIVE AWAY,,,Y,"$501 - $1,500",9/22/2019 20:28,NOT APPLICABLE,NOT APPLICABLE,6831,S,KARLOV AVE,833,,,,,,,2,NO INDICATION OF INJURY,0,0,0,0,0,1,0,11,1,9,41.76858699,-87.72479766,POINT (-87.724797663578 41.768586990769)
JC443741,,9/22/2019 11:18,20,NO CONTROLS,NO CONTROLS,CLEAR,DAYLIGHT,PEDESTRIAN,ONE-WAY,,STRAIGHT AND LEVEL,DRY,NO DEFECTS,ON SCENE,INJURY AND / OR TOW DUE TO CRASH,,,,"OVER $1,500",9/22/2019 11:18,UNABLE TO DETERMINE,UNABLE TO DETERMINE,5113,W,STRONG ST,1623,,,,,,,2,NONINCAPACITATING INJURY,1,0,0,1,0,1,0,11,1,9,41.97056114,-87.75570013,POINT (-87.755700132835 41.970561137602)
JC443751,,9/22/2019 11:05,30,NO CONTROLS,NO CONTROLS,CLEAR,DAYLIGHT,REAR END,NOT DIVIDED,,STRAIGHT AND LEVEL,DRY,NO DEFECTS,NOT ON SCENE (DESK REPORT),NO INJURY / DRIVE AWAY,,,,"OVER $1,500",9/22/2019 11:35,UNABLE TO DETERMINE,NOT APPLICABLE,4732,W,ADDISON ST,1731,,,,,,,2,NO INDICATION OF INJURY,0,0,0,0,0,2,0,11,1,9,41.94625257,-87.74588166,POINT (-87.745881658936 41.946252573005)
JC443746,,9/22/2019 11:05,30,NO CONTROLS,NO CONTROLS,CLEAR,DAYLIGHT,PEDALCYCLIST,NOT DIVIDED,,STRAIGHT AND LEVEL,ICE,NO DEFECTS,ON SCENE,INJURY AND / OR TOW DUE TO CRASH,,,,$500 OR LESS,9/22/2019 11:12,UNABLE TO DETERMINE,NOT APPLICABLE,1331,W,IRVING PARK RD,1923,,,,,,,2,NONINCAPACITATING INJURY,1,0,0,1,0,1,0,11,1,9,41.95425419,-87.66352514,POINT (-87.663525135971 41.954254191627)
JC443756,Y,9/22/2019 11:01,15,NO CONTROLS,NO CONTROLS,CLEAR,DAYLIGHT,REAR END,PARKING LOT,,STRAIGHT AND LEVEL,DRY,NO DEFECTS,ON SCENE,NO INJURY / DRIVE AWAY,,,Y,"$501 - $1,500",9/22/2019 11:24,UNABLE TO DETERMINE,UNABLE TO DETERMINE,200,W,87TH ST,622,,Y,,,,,2,NO INDICATION OF INJURY,0,0,0,0,0,2,0,11,1,9,41.7362617,-87.62906472,POINT (-87.629064716425 41.736261699376)
JC448314,,9/22/2019 11:00,30,NO CONTROLS,NO CONTROLS,CLEAR,DAYLIGHT,PARKED MOTOR VEHICLE,NOT DIVIDED,,STRAIGHT AND LEVEL,DRY,NO DEFECTS,NOT ON SCENE (DESK REPORT),NO INJURY / DRIVE AWAY,,,,"$501 - $1,500",9/25/2019 18:20,UNABLE TO DETERMINE,UNABLE TO DETERMINE,6846,N,ORIOLE AVE,1611,,,,,,,2,NO INDICATION OF INJURY,0,0,0,0,0,1,0,11,1,9,42.0055146,-87.8166024,POINT (-87.816602400443 42.005514602734)
JC445635,,9/22/2019 11:00,35,NO CONTROLS,NO CONTROLS,RAIN,DAYLIGHT,ANGLE,NOT DIVIDED,,STRAIGHT AND LEVEL,WET,UNKNOWN,NOT ON SCENE (DESK REPORT),NO INJURY / DRIVE AWAY,,,Y,"OVER $1,500",9/23/2019 18:55,FAILING TO YIELD RIGHT-OF-WAY,FAILING TO YIELD RIGHT-OF-WAY,1519,W,MADISON ST,1224,,,,,,,2,NO INDICATION OF INJURY,0,0,0,0,0,3,0,11,1,9,41.88135886,-87.66524939,POINT (-87.665249388885 41.881358861637)
JC445051,,9/22/2019 11:00,30,NO CONTROLS,NO CONTROLS,CLEAR,DAYLIGHT,REAR END,ONE-WAY,,STRAIGHT AND LEVEL,WET,NO DEFECTS,NOT ON SCENE (DESK REPORT),NO INJURY / DRIVE AWAY,,,,"OVER $1,500",9/23/2019 11:40,UNABLE TO DETERMINE,UNABLE TO DETERMINE,4359,W,CONGRESS PKWY,1131,,,,,,,2,NO INDICATION OF INJURY,0,0,0,0,0,3,0,11,1,9,41.87412133,-87.73520421,POINT (-87.735204213262 41.874121325199)