RD_NO,CRASH_DATE_EST_I,CRASH_DATE,POSTED_SPEED_LIMIT,TRAFFIC_CONTROL_DEVICE,DEVICE_CONDITION,WEATHER_CONDITION,LIGHTING_CONDITION,FIRST_CRASH_TYPE,TRAFFICWAY_TYPE,LANE_CNT,ALIGNMENT,ROADWAY_SURFACE_COND,ROAD_DEFECT,REPORT_TYPE,CRASH_TYPE,INTERSECTION_RELATED_I,NOT_RIGHT_OF_WAY_I,HIT_AND_RUN_I,DAMAGE,DATE_POLICE_NOTIFIED,PRIM_CONTRIBUTORY_CAUSE,SEC_CONTRIBUTORY_CAUSE,STREET_NO,STREET_DIRECTION,STREET_NAME,BEAT_OF_OCCURRENCE,PHOTOS_TAKEN_I,STATEMENTS_TAKEN_I,DOORING_I,WORK_ZONE_I,WORK_ZONE_TYPE,WORKERS_PRESENT_I,NUM_UNITS,MOST_SEVERE_INJURY,INJURIES_TOTAL,INJURIES_FATAL,INJURIES_INCAPACITATING,INJURIES_NON_INCAPACITATING,INJURIES_REPORTED_NOT_EVIDENT,INJURIES_NO_INDICATION,INJURIES_UNKNOWN,CRASH_HOUR,CRASH_DAY_OF_WEEK,CRASH_MONTH,LATITUDE,LONGITUDE,LOCATION
JC443780,N,9/22/2019 11:00,30,NO CONTROLS,NO CONTROLS,CLEAR,DAYLIGHT,PARKED MOTOR VEHICLE,NOT DIVIDED,,STRAIGHT AND LEVEL,DRY,NO DEFECTS,ON SCENE,NO INJURY / DRIVE AWAY,,,Y,$500 OR LESS,9/22/2019 11:36,UNABLE TO DETERMINE,UNABLE TO DETERMINE,631,W,WEBSTER AVE,1812,,,,,,,2,NO INDICATION OF INJURY,0,0,0,0,0,1,0,11,1,9,41.92176021,-87.64503578,POINT (-87.645035775295 41.921760214484)
JC443753,,9/22/2019 11:00,30,TRAFFIC SIGNAL,FUNCTIONING PROPERLY,CLEAR,DAYLIGHT,ANGLE,FOUR WAY,,STRAIGHT AND LEVEL,DRY,NO DEFECTS,ON SCENE,INJURY AND / OR TOW DUE TO CRASH,Y,,Y,"OVER $1,500",9/22/2019 11:24,DISREGARDING TRAFFIC SIGNALS,FAILING TO YIELD RIGHT-OF-WAY,4400,W,FIFTH AVE,1131,,,,,,,2,NONINCAPACITATING INJURY,1,0,0,1,0,3,0,11,1,9,41.87038633,-87.73522858,POINT (-87.73522857587 41.870386328135)
JC443739,,9/22/2019 11:00,30,STOP SIGN/FLASHER,FUNCTIONING PROPERLY,CLEAR,DAYLIGHT,ANGLE,DIVIDED - W/MEDIAN (NOT RAISED),,STRAIGHT AND LEVEL,DRY,NO DEFECTS,ON SCENE,INJURY AND / OR TOW DUE TO CRASH,Y,,,"OVER $1,500",9/22/2019 11:00,FAILING TO YIELD RIGHT-OF-WAY,UNABLE TO DETERMINE,2800,N,MANGO AVE,2514,,,,,,,2,NONINCAPACITATING INJURY,1,0,0,1,0,2,0,11,1,9,41.93131447,-87.77004109,POINT (-87.770041085411 41.931314469913)
JC443717,,9/22/2019 10:55,25,NO CONTROLS,NO CONTROLS,CLEAR,DAYLIGHT,REAR TO SIDE,PARKING LOT,,STRAIGHT AND LEVEL,DRY,UNKNOWN,ON SCENE,NO INJURY / DRIVE AWAY,,,,"$501 - $1,500",9/22/2019 10:56,IMPROPER BACKING,NOT APPLICABLE,5501,N,KEDZIE AVE,1712,,,,,,,2,NO INDICATION OF INJURY,0,0,0,0,0,2,0,10,1,9,41.98135196,-87.70867192,POINT (-87.708671917939 41.981351962375)
JC443729,Y,9/22/2019 10:53,20,NO CONTROLS,NO CONTROLS,CLEAR,DAYLIGHT,PARKED MOTOR VEHICLE,NOT DIVIDED,,STRAIGHT AND LEVEL,DRY,NO DEFECTS,ON SCENE,NO INJURY / DRIVE AWAY,,,,"$501 - $1,500",9/22/2019 10:56,UNABLE TO DETERMINE,UNABLE TO DETERMINE,4158,W,49TH ST,815,,,,,,,2,NO INDICATION OF INJURY,0,0,0,0,0,1,0,10,1,9,41.80426299,-87.72831738,POINT (-87.728317384003 41.804262987782)
JC443707,,9/22/2019 10:40,30,TRAFFIC SIGNAL,FUNCTIONING PROPERLY,CLEAR,DAYLIGHT,SIDESWIPE SAME DIRECTION,NOT DIVIDED,,STRAIGHT AND LEVEL,DRY,NO DEFECTS,NOT ON SCENE (DESK REPORT),NO INJURY / DRIVE AWAY,Y,,,"$501 - $1,500",9/22/2019 11:09,IMPROPER LANE USAGE,NOT APPLICABLE,1133,W,NORTH AVE,1822,,,,,,,2,NO INDICATION OF INJURY,0,0,0,0,0,2,0,10,1,9,41.91067486,-87.65680614,POINT (-87.656806140346 41.910674858131)
JC444749,,9/22/2019 10:30,30,NO CONTROLS,NO CONTROLS,RAIN,"DARKNESS, LIGHTED ROAD",TURNING,NOT DIVIDED,,STRAIGHT AND LEVEL,WET,NO DEFECTS,NOT ON SCENE (DESK REPORT),NO INJURY / DRIVE AWAY,,,Y,"OVER $1,500",9/23/2019 8:30,FAILING TO YIELD RIGHT-OF-WAY,IMPROPER TURNING/NO SIGNAL,413,E,71ST ST,323,,,,,,,2,NO INDICATION OF INJURY,0,0,0,0,0,2,0,10,1,9,41.76561061,-87.614697,POINT (-87.614697003013 41.765610612414)
JC444483,,9/22/2019 10:30,30,TRAFFIC SIGNAL,FUNCTIONING PROPERLY,RAIN,"DARKNESS, LIGHTED ROAD",TURNING,NOT DIVIDED,,STRAIGHT AND LEVEL,WET,NO DEFECTS,ON SCENE,NO INJURY / DRIVE AWAY,,,,"$501 - $1,500",9/22/2019 11:00,DISREGARDING TRAFFIC SIGNALS,DISREGARDING TRAFFIC SIGNALS,2431,W,DEVON AVE,2413,,,,,,,2,NO INDICATION OF INJURY,0,0,0,0,0,2,0,10,1,9,41.99760093,-87.69104067,POINT (-87.691040674211 41.997600925242)
JC443698,,9/22/2019 10:16,25,TRAFFIC SIGNAL,FUNCTIONING PROPERLY,CLEAR,DAYLIGHT,TURNING,TRAFFIC ROUTE,,STRAIGHT AND LEVEL,DRY,NO DEFECTS,ON SCENE,NO INJURY / DRIVE AWAY,Y,,,"OVER $1,500",9/22/2019 10:21,FAILING TO YIELD RIGHT-OF-WAY,NOT APPLICABLE,350,W,BELMONT AVE,1925,,,,,,,2,NO INDICATION OF INJURY,0,0,0,0,0,4,0,10,1,9,41.94029733,-87.63907422,POINT (-87.639074222297 41.940297326019)
JC443683,,9/22/2019 10:15,35,NO CONTROLS,NO CONTROLS,CLEAR,DAYLIGHT,SIDESWIPE SAME DIRECTION,DIVIDED - W/MEDIAN BARRIER,,STRAIGHT AND LEVEL,DRY,"RUT, HOLES",ON SCENE,NO INJURY / DRIVE AWAY,,,,"$501 - $1,500",9/22/2019 10:25,UNABLE TO DETERMINE,NOT APPLICABLE,130,W,95TH ST,634,,,,,,,2,NO INDICATION OF INJURY,0,0,0,0,0,3,0,10,1,9,41.72178629,-87.62739191,POINT (-87.627391910088 41.721786287893)
JC448443,,9/22/2019 10:00,30,NO CONTROLS,NO CONTROLS,CLEAR,DAYLIGHT,PARKED MOTOR VEHICLE,PARKING LOT,,STRAIGHT AND LEVEL,DRY,NO DEFECTS,NOT ON SCENE (DESK REPORT),NO INJURY / DRIVE AWAY,,Y,Y,"$501 - $1,500",9/25/2019 20:07,UNABLE TO DETERMINE,UNABLE TO DETERMINE,10,E,ONTARIO ST,1834,,,,,,,2,NO INDICATION OF INJURY,0,0,0,0,0,1,0,10,1,9,41.89338887,-87.6277024,POINT (-87.627702400712 41.893388866975)
JC443844,N,9/22/2019 10:00,30,NO CONTROLS,NO CONTROLS,CLEAR,DAYLIGHT,PARKED MOTOR VEHICLE,ONE-WAY,,STRAIGHT AND LEVEL,DRY,NO DEFECTS,NOT ON SCENE (DESK REPORT),NO INJURY / DRIVE AWAY,,,Y,"OVER $1,500",9/22/2019 12:43,NOT APPLICABLE,NOT APPLICABLE,6231,N,CAMPBELL AVE,2413,,,,,,,2,NO INDICATION OF INJURY,0,0,0,0,0,1,0,10,1,9,41.99500055,-87.69209187,POINT (-87.692091865122 41.995000545817)
JC443822,Y,9/22/2019 10:00,30,NO CONTROLS,NO CONTROLS,UNKNOWN,UNKNOWN,PARKED MOTOR VEHICLE,NOT DIVIDED,,STRAIGHT AND LEVEL,UNKNOWN,UNKNOWN,ON SCENE,NO INJURY / DRIVE AWAY,,,Y,"$501 - $1,500",9/22/2019 12:24,UNABLE TO DETERMINE,UNABLE TO DETERMINE,5234,W,BELDEN AVE,2515,,,,,,,2,NO INDICATION OF INJURY,0,0,0,0,0,1,0,10,1,9,41.92237304,-87.75754276,POINT (-87.757542762575 41.922373042183)
JC444020,,9/22/2019 9:45,0,UNKNOWN,UNKNOWN,UNKNOWN,UNKNOWN,PARKED MOTOR VEHICLE,PARKING LOT,,STRAIGHT AND LEVEL,UNKNOWN,UNKNOWN,NOT ON SCENE (DESK REPORT),NO INJURY / DRIVE AWAY,,Y,Y,"OVER $1,500",9/22/2019 15:15,UNABLE TO DETERMINE,NOT APPLICABLE,1415,E,65TH ST,321,,,,,,,2,NO INDICATION OF INJURY,0,0,0,0,0,1,0,9,1,9,41.77682307,-87.5902564,POINT (-87.590256395028 41.776823073228)
JC443803,,9/22/2019 9:37,30,NO CONTROLS,NO CONTROLS,CLEAR,DAYLIGHT,SIDESWIPE SAME DIRECTION,DIVIDED - W/MEDIAN BARRIER,,STRAIGHT AND LEVEL,WET,UNKNOWN,NOT ON SCENE (DESK REPORT),NO INJURY / DRIVE AWAY,,,Y,"OVER $1,500",9/22/2019 12:14,UNABLE TO DETERMINE,UNABLE TO DETERMINE,30,W,87TH ST,622,,,,,,,2,NO INDICATION OF INJURY,0,0,0,0,0,2,0,9,1,9,41.73637604,-87.62562131,POINT (-87.625621310926 41.736376036605)
JC443711,,9/22/2019 9:28,20,NO CONTROLS,NO CONTROLS,CLEAR,DAYLIGHT,PARKED MOTOR VEHICLE,ONE-WAY,,STRAIGHT ON GRADE,DRY,NO DEFECTS,ON SCENE,INJURY AND / OR TOW DUE TO CRASH,,,Y,"OVER $1,500",9/22/2019 10:22,UNABLE TO DETERMINE,UNABLE TO DETERMINE,3964,N,NOTTINGHAM AVE,1632,,,,,,,3,NO INDICATION OF INJURY,0,0,0,0,0,1,0,9,1,9,41.95265288,-87.80498134,POINT (-87.804981342306 41.952652877033)
JC443754,,9/22/2019 9:00,30,NO CONTROLS,NO CONTROLS,CLEAR,DAYLIGHT,PARKED MOTOR VEHICLE,ONE-WAY,,STRAIGHT AND LEVEL,WET,NO DEFECTS,NOT ON SCENE (DESK REPORT),NO INJURY / DRIVE AWAY,,,Y,"$501 - $1,500",9/22/2019 11:30,UNABLE TO DETERMINE,UNABLE TO DETERMINE,3846,W,ADAMS ST,1122,,,,,,,2,NO INDICATION OF INJURY,0,0,0,0,0,1,0,9,1,9,41.87812722,-87.72261404,POINT (-87.722614035385 41.878127223332)
JC443923,,9/22/2019 8:55,30,NO CONTROLS,NO CONTROLS,CLOUDY/OVERCAST,DAYLIGHT,PARKED MOTOR VEHICLE,NOT DIVIDED,,STRAIGHT AND LEVEL,DRY,NO DEFECTS,NOT ON SCENE (DESK REPORT),NO INJURY / DRIVE AWAY,,,Y,"$501 - $1,500",9/22/2019 14:00,UNABLE TO DETERMINE,NOT APPLICABLE,3946,S,CALIFORNIA AVE,921,,,,,,,2,NO INDICATION OF INJURY,0,0,0,0,0,1,0,8,1,9,41.82145992,-87.69476281,POINT (-87.694762808431 41.821459917082)
JC443609,,9/22/2019 8:32,25,NO CONTROLS,NO CONTROLS,CLEAR,DAYLIGHT,PARKED MOTOR VEHICLE,NOT DIVIDED,,STRAIGHT AND LEVEL,DRY,NO DEFECTS,ON SCENE,NO INJURY / DRIVE AWAY,,,Y,"$501 - $1,500",9/22/2019 8:41,UNABLE TO DETERMINE,NOT APPLICABLE,6130,S,LAWNDALE AVE,823,,,,,,,2,NO INDICATION OF INJURY,0,0,0,0,0,1,0,8,1,9,41.78154681,-87.71562458,POINT (-87.71562457531 41.781546805543)
JC446423,,9/22/2019 8:30,30,NO CONTROLS,NO CONTROLS,CLEAR,DAYLIGHT,PARKED MOTOR VEHICLE,NOT DIVIDED,,STRAIGHT AND LEVEL,DRY,NO DEFECTS,NOT ON SCENE (DESK REPORT),NO INJURY / DRIVE AWAY,,,Y,"OVER $1,500",9/24/2019 12:15,UNABLE TO DETERMINE,UNABLE TO DETERMINE,9430,S,OAKLEY AVE,2221,,,,,,,2,NO INDICATION OF INJURY,0,0,0,0,0,1,0,8,1,9,41.72192535,-87.67980365,POINT (-87.679803648578 41.721925351255)
JC443585,,9/22/2019 8:10,30,NO CONTROLS,NO CONTROLS,CLEAR,DAYLIGHT,PARKED MOTOR VEHICLE,NOT DIVIDED,,"CURVE, LEVEL",DRY,NO DEFECTS,ON SCENE,INJURY AND / OR TOW DUE TO CRASH,,,,"OVER $1,500",9/22/2019 8:10,UNABLE TO DETERMINE,DRIVING SKILLS/KNOWLEDGE/EXPERIENCE,5324,N,AUSTIN AVE,1622,,,,,,,3,NO INDICATION OF INJURY,0,0,0,0,0,1,0,8,1,9,41.97814569,-87.77827713,POINT (-87.778277125117 41.978145692481)
JC443583,,9/22/2019 8:07,35,NO CONTROLS,NO CONTROLS,CLEAR,DAYLIGHT,FIXED OBJECT,OTHER,,"CURVE, LEVEL",WET,NO DEFECTS,ON SCENE,NO INJURY / DRIVE AWAY,,,,"OVER $1,500",9/22/2019 8:19,FAILING TO REDUCE SPEED TO AVOID CRASH,UNABLE TO DETERMINE,299,E,LAKE SHORE DR,1833,,,,,,,1,NO INDICATION OF INJURY,0,0,0,0,0,1,0,8,1,9,41.90082701,-87.62001862,POINT (-87.620018619001 41.900827011656)
JC443576,,9/22/2019 7:29,30,NO CONTROLS,NO CONTROLS,UNKNOWN,UNKNOWN,PARKED MOTOR VEHICLE,NOT DIVIDED,,STRAIGHT AND LEVEL,UNKNOWN,UNKNOWN,ON SCENE,INJURY AND / OR TOW DUE TO CRASH,,,Y,"OVER $1,500",9/22/2019 7:51,UNABLE TO DETERMINE,NOT APPLICABLE,536,N,CENTRAL AVE,1512,,,,,,,4,NO INDICATION OF INJURY,0,0,0,0,0,1,0,7,1,9,41.89038627,-87.76536861,POINT (-87.765368606894 41.890386270794)
JC443679,,9/22/2019 7:15,35,NO CONTROLS,NO CONTROLS,RAIN,DAYLIGHT,SIDESWIPE SAME DIRECTION,DIVIDED - W/MEDIAN BARRIER,,"CURVE, LEVEL",WET,NO DEFECTS,ON SCENE,NO INJURY / DRIVE AWAY,,,Y,"OVER $1,500",9/22/2019 7:15,WEATHER,NOT APPLICABLE,134,E,OAK ST,1824,,,,,,,2,NO INDICATION OF INJURY,0,0,0,0,0,2,0,7,1,9,41.90092714,-87.6242043,POINT (-87.624204301503 41.900927143638)
JC443567,,9/22/2019 7:08,35,STOP SIGN/FLASHER,NO CONTROLS,CLEAR,DAYLIGHT,REAR END,NOT DIVIDED,,STRAIGHT AND LEVEL,DRY,UNKNOWN,NOT ON SCENE (DESK REPORT),NO INJURY / DRIVE AWAY,,,,"OVER $1,500",9/22/2019 7:09,FAILING TO REDUCE SPEED TO AVOID CRASH,UNABLE TO DETERMINE,9501,S,COMMERCIAL AVE,431,,,,,,,2,NO INDICATION OF INJURY,0,0,0,0,0,2,0,7,1,9,41.72267431,-87.55092895,POINT (-87.550928949746 41.722674304798)
JC443550,,9/22/2019 6:35,35,NO CONTROLS,NO CONTROLS,RAIN,DAYLIGHT,PARKED MOTOR VEHICLE,ONE-WAY,,STRAIGHT AND LEVEL,WET,NO DEFECTS,ON SCENE,NO INJURY / DRIVE AWAY,,,,"OVER $1,500",9/22/2019 6:44,IMPROPER BACKING,DRIVING SKILLS/KNOWLEDGE/EXPERIENCE,1450,E,55TH PL,235,,,,,,,2,NO INDICATION OF INJURY,0,0,0,0,0,1,0,6,1,9,41.79490979,-87.58967489,POINT (-87.589674887345 41.794909788846)
JC443549,,9/22/2019 6:34,30,NO CONTROLS,NO CONTROLS,RAIN,DARKNESS,REAR END,NOT DIVIDED,,STRAIGHT AND LEVEL,WET,NO DEFECTS,ON SCENE,INJURY AND / OR TOW DUE TO CRASH,,,,"$501 - $1,500",9/22/2019 6:40,FAILING TO REDUCE SPEED TO AVOID CRASH,NOT APPLICABLE,1216,W,74TH ST,734,Y,Y,,,,,2,NONINCAPACITATING INJURY,1,0,0,1,0,0,0,6,1,9,41.75969317,-87.65472068,POINT (-87.654720680609 41.759693168601)
JC443540,,9/22/2019 6:27,30,STOP SIGN/FLASHER,OTHER,RAIN,DUSK,ANGLE,ONE-WAY,,STRAIGHT AND LEVEL,WET,NO DEFECTS,ON SCENE,INJURY AND / OR TOW DUE TO CRASH,Y,,Y,"OVER $1,500",9/22/2019 6:32,UNABLE TO DETERMINE,NOT APPLICABLE,5999,W,HURON ST,1511,,,,,,,2,NONINCAPACITATING INJURY,2,0,0,2,0,1,0,6,1,9,41.89270584,-87.77492177,POINT (-87.774921772152 41.892705838507)
JC443971,,9/22/2019 6:15,30,UNKNOWN,UNKNOWN,UNKNOWN,UNKNOWN,FIXED OBJECT,NOT DIVIDED,,STRAIGHT AND LEVEL,UNKNOWN,"RUT, HOLES",NOT ON SCENE (DESK REPORT),NO INJURY / DRIVE AWAY,,,,"OVER $1,500",9/22/2019 14:35,NOT APPLICABLE,NOT APPLICABLE,1141,E,67TH ST,321,,,,,,,1,NO INDICATION OF INJURY,0,0,0,0,0,1,0,6,1,9,41.77311882,-87.59685862,POINT (-87.596858618369 41.773118823833)
JC443537,,9/22/2019 6:00,30,TRAFFIC SIGNAL,FUNCTIONING IMPROPERLY,RAIN,DARKNESS,REAR END,DIVIDED - W/MEDIAN BARRIER,,CURVE ON GRADE,WET,NO DEFECTS,ON SCENE,INJURY AND / OR TOW DUE TO CRASH,,,Y,"OVER $1,500",9/22/2019 6:14,UNABLE TO DETERMINE,NOT APPLICABLE,6558,S,COAST GUARD DR,331,,,,,,,2,NO INDICATION OF INJURY,0,0,0,0,0,2,0,6,1,9,41.77549497,-87.57524951,POINT (-87.575249508356 41.775494969133)
JC443539,Y,9/22/2019 5:40,30,TRAFFIC SIGNAL,FUNCTIONING PROPERLY,RAIN,DAWN,TURNING,NOT DIVIDED,,STRAIGHT AND LEVEL,WET,NO DEFECTS,ON SCENE,INJURY AND / OR TOW DUE TO CRASH,Y,,Y,"OVER $1,500",9/22/2019 6:19,DISREGARDING TRAFFIC SIGNALS,NOT APPLICABLE,2800,N,CICERO AVE,2521,,,,,,,2,NO INDICATION OF INJURY,0,0,0,0,0,2,0,5,1,9,41.93157561,-87.7467433,POINT (-87.746743301136 41.931575608446)
JC443528,,9/22/2019 5:33,30,NO CONTROLS,NO CONTROLS,RAIN,"DARKNESS, LIGHTED ROAD",PARKED MOTOR VEHICLE,NOT DIVIDED,,STRAIGHT AND LEVEL,WET,UNKNOWN,ON SCENE,NO INJURY / DRIVE AWAY,,,,"OVER $1,500",9/22/2019 5:40,DRIVING SKILLS/KNOWLEDGE/EXPERIENCE,UNABLE TO DETERMINE,4241,N,DAMEN AVE,1912,,,,,,,4,NO INDICATION OF INJURY,0,0,0,0,0,1,0,5,1,9,41.95901643,-87.67875225,POINT (-87.678752247727 41.959016426158)
JC445371,,9/22/2019 5:30,30,TRAFFIC SIGNAL,FUNCTIONING PROPERLY,RAIN,"DARKNESS, LIGHTED ROAD",ANGLE,NOT DIVIDED,,STRAIGHT AND LEVEL,WET,NO DEFECTS,NOT ON SCENE (DESK REPORT),NO INJURY / DRIVE AWAY,Y,,,"$501 - $1,500",9/23/2019 16:15,UNABLE TO DETERMINE,UNABLE TO DETERMINE,134,W,OHIO ST,1832,,,,,,,2,NO INDICATION OF INJURY,0,0,0,0,0,2,0,5,1,9,41.89251945,-87.63253711,POINT (-87.632537104698 41.892519445034)
JC443534,,9/22/2019 5:29,45,NO CONTROLS,NO CONTROLS,RAIN,"DARKNESS, LIGHTED ROAD",FIXED OBJECT,RAMP,,STRAIGHT AND LEVEL,WET,NO DEFECTS,ON SCENE,INJURY AND / OR TOW DUE TO CRASH,,,,"OVER $1,500",9/22/2019 5:50,DRIVING SKILLS/KNOWLEDGE/EXPERIENCE,NOT APPLICABLE,10,W,I190 EXPY,1654,,,,,,,1,NONINCAPACITATING INJURY,3,0,0,3,0,1,0,5,1,9,,,
JC443545,,9/22/2019 5:15,30,STOP SIGN/FLASHER,FUNCTIONING PROPERLY,RAIN,DAYLIGHT,TURNING,FOUR WAY,,STRAIGHT AND LEVEL,WET,NO DEFECTS,,NO INJURY / DRIVE AWAY,Y,,,"OVER $1,500",9/22/2019 6:40,IMPROPER TURNING/NO SIGNAL,FAILING TO YIELD RIGHT-OF-WAY,706,W,MADISON ST,1224,,,,,,,2,NO INDICATION OF INJURY,0,0,0,0,0,3,0,5,1,9,41.88190486,-87.64593276,POINT (-87.645932756202 41.88190485718)
JC443522,,9/22/2019 5:08,30,TRAFFIC SIGNAL,UNKNOWN,CLEAR,"DARKNESS, LIGHTED ROAD",REAR END,DIVIDED - W/MEDIAN (NOT RAISED),,STRAIGHT AND LEVEL,WET,UNKNOWN,ON SCENE,INJURY AND / OR TOW DUE TO CRASH,,,Y,$500 OR LESS,9/22/2019 5:14,FAILING TO REDUCE SPEED TO AVOID CRASH,NOT APPLICABLE,1,S,DAMEN AVE,1223,,,,,,,2,"REPORTED, NOT EVIDENT",1,0,0,0,1,1,0,5,1,9,41.88124998,-87.67649408,POINT (-87.676494082416 41.881249975238)
JC443520,,9/22/2019 5:02,30,TRAFFIC SIGNAL,FUNCTIONING PROPERLY,CLEAR,"DARKNESS, LIGHTED ROAD",ANGLE,NOT DIVIDED,,STRAIGHT AND LEVEL,DRY,NO DEFECTS,ON SCENE,INJURY AND / OR TOW DUE TO CRASH,,,,"OVER $1,500",9/22/2019 5:04,DISREGARDING TRAFFIC SIGNALS,FAILING TO REDUCE SPEED TO AVOID CRASH,2800,W,JACKSON BLVD,1124,,,,,,,2,INCAPACITATING INJURY,2,0,2,0,0,1,0,5,1,9,41.8775438,-87.6962568,POINT (-87.6962568014 41.877543802805)
JC443518,,9/22/2019 5:00,30,TRAFFIC SIGNAL,NO CONTROLS,RAIN,"DARKNESS, LIGHTED ROAD",REAR END,DIVIDED - W/MEDIAN (NOT RAISED),,STRAIGHT AND LEVEL,WET,NO DEFECTS,ON SCENE,NO INJURY / DRIVE AWAY,,,,"$501 - $1,500",9/22/2019 5:01,FOLLOWING TOO CLOSELY,NOT APPLICABLE,301,W,GARFIELD BLVD,711,,,,,,,2,NO INDICATION OF INJURY,0,0,0,0,0,2,0,5,1,9,41.79405248,-87.63304648,POINT (-87.633046478883 41.794052474989)
JC443657,,9/22/2019 4:45,30,STOP SIGN/FLASHER,NO CONTROLS,RAIN,"DARKNESS, LIGHTED ROAD",REAR END,NOT DIVIDED,,STRAIGHT AND LEVEL,WET,NO DEFECTS,NOT ON SCENE (DESK REPORT),NO INJURY / DRIVE AWAY,Y,,Y,"$501 - $1,500",9/22/2019 9:30,UNABLE TO DETERMINE,UNABLE TO DETERMINE,401,S,CICERO AVE,1131,,,,,,,2,NO INDICATION OF INJURY,0,0,0,0,0,2,0,4,1,9,41.87495723,-87.74491858,POINT (-87.744918583056 41.874957229692)
JC444258,,9/22/2019 4:40,30,TRAFFIC SIGNAL,FUNCTIONING PROPERLY,RAIN,DAWN,TURNING,DIVIDED - W/MEDIAN (NOT RAISED),,STRAIGHT AND LEVEL,WET,NO DEFECTS,NOT ON SCENE (DESK REPORT),NO INJURY / DRIVE AWAY,Y,,Y,"$501 - $1,500",9/22/2019 18:40,IMPROPER TURNING/NO SIGNAL,UNABLE TO DETERMINE,1199,W,79TH ST,612,,,,,,,2,NO INDICATION OF INJURY,0,0,0,0,0,2,0,4,1,9,41.75038805,-87.65367506,POINT (-87.653675057387 41.750388045769)
JC452697,,9/22/2019 4:30,30,NO CONTROLS,NO CONTROLS,RAIN,"DARKNESS, LIGHTED ROAD",FIXED OBJECT,DIVIDED - W/MEDIAN BARRIER,,STRAIGHT AND LEVEL,WET,NO DEFECTS,ON SCENE,INJURY AND / OR TOW DUE TO CRASH,,,,$500 OR LESS,9/29/2019 4:31,WEATHER,NOT APPLICABLE,2930,W,LAWRENCE AVE,1713,,,,,,,1,NO INDICATION OF INJURY,0,0,0,0,0,1,0,4,1,9,41.96861412,-87.7023307,POINT (-87.702330700221 41.968614119167)
JC443512,Y,9/22/2019 4:00,30,NO CONTROLS,NO CONTROLS,RAIN,"DARKNESS, LIGHTED ROAD",PARKED MOTOR VEHICLE,NOT DIVIDED,,STRAIGHT AND LEVEL,WET,NO DEFECTS,ON SCENE,NO INJURY / DRIVE AWAY,,,Y,"OVER $1,500",9/22/2019 4:34,UNABLE TO DETERMINE,UNABLE TO DETERMINE,4710,W,ARMITAGE AVE,2522,,,,,,,2,NO INDICATION OF INJURY,0,0,0,0,0,1,0,4,1,9,41.91706479,-87.74419328,POINT (-87.744193281371 41.917064784764)
JC439813,,9/22/2019 3:51,30,NO CONTROLS,NO CONTROLS,UNKNOWN,"DARKNESS, LIGHTED ROAD",PARKED MOTOR VEHICLE,NOT DIVIDED,,STRAIGHT AND LEVEL,UNKNOWN,NO DEFECTS,ON SCENE,INJURY AND / OR TOW DUE TO CRASH,,,Y,"OVER $1,500",9/22/2019 3:53,UNABLE TO DETERMINE,UNABLE TO DETERMINE,6211,W,MONTROSE AVE,1624,,,,,,,3,NO INDICATION OF INJURY,0,0,0,0,0,2,0,3,1,9,41.96016868,-87.78236011,POINT (-87.78236011098 41.960168680968)
JC443500,,9/22/2019 3:45,25,STOP SIGN/FLASHER,NO CONTROLS,RAIN,"DARKNESS, LIGHTED ROAD",PEDALCYCLIST,NOT DIVIDED,,STRAIGHT AND LEVEL,WET,UNKNOWN,ON SCENE,INJURY AND / OR TOW DUE TO CRASH,,,Y,$500 OR LESS,9/22/2019 3:56,FAILING TO YIELD RIGHT-OF-WAY,FAILING TO REDUCE SPEED TO AVOID CRASH,7900,S,UNION AVE,621,,,,,,,2,INCAPACITATING INJURY,1,0,1,0,0,1,0,3,1,9,41.75058542,-87.64174707,POINT (-87.641747066191 41.750585421837)
JC443595,,9/22/2019 3:40,35,OTHER REG. SIGN,FUNCTIONING PROPERLY,RAIN,"DARKNESS, LIGHTED ROAD",PARKED MOTOR VEHICLE,DIVIDED - W/MEDIAN (NOT RAISED),,STRAIGHT AND LEVEL,WET,NO DEFECTS,,INJURY AND / OR TOW DUE TO CRASH,,,Y,"OVER $1,500",9/22/2019 8:23,UNABLE TO DETERMINE,NOT APPLICABLE,3705,W,GRAND AVE,2535,,,,,,,2,NO INDICATION OF INJURY,0,0,0,0,0,2,0,3,1,9,41.90351798,-87.72007243,POINT (-87.720072434135 41.903517979583)
JC443491,,9/22/2019 3:37,30,STOP SIGN/FLASHER,FUNCTIONING PROPERLY,CLEAR,"DARKNESS, LIGHTED ROAD",PARKED MOTOR VEHICLE,NOT DIVIDED,,STRAIGHT AND LEVEL,WET,NO DEFECTS,ON SCENE,INJURY AND / OR TOW DUE TO CRASH,,,Y,"OVER $1,500",9/22/2019 3:37,UNABLE TO DETERMINE,UNABLE TO DETERMINE,1111,N,LARAMIE AVE,1531,,,,,,,2,NO INDICATION OF INJURY,0,0,0,0,0,1,0,3,1,9,41.90079495,-87.75559449,POINT (-87.755594484718 41.900794948534)
JC444352,,9/22/2019 3:30,35,NO CONTROLS,NO CONTROLS,RAIN,UNKNOWN,PARKED MOTOR VEHICLE,NOT DIVIDED,,STRAIGHT AND LEVEL,WET,NO DEFECTS,ON SCENE,INJURY AND / OR TOW DUE TO CRASH,,,Y,"OVER $1,500",9/22/2019 20:29,UNABLE TO DETERMINE,NOT APPLICABLE,5444,S,ARCHER AVE,814,,,,,,,2,NO INDICATION OF INJURY,0,0,0,0,0,1,0,3,1,9,41.79851597,-87.74469159,POINT (-87.744691590557 41.798515971206)