RD_NO,CRASH_DATE_EST_I,CRASH_DATE,POSTED_SPEED_LIMIT,TRAFFIC_CONTROL_DEVICE,DEVICE_CONDITION,WEATHER_CONDITION,LIGHTING_CONDITION,FIRST_CRASH_TYPE,TRAFFICWAY_TYPE,LANE_CNT,ALIGNMENT,ROADWAY_SURFACE_COND,ROAD_DEFECT,REPORT_TYPE,CRASH_TYPE,INTERSECTION_RELATED_I,NOT_RIGHT_OF_WAY_I,HIT_AND_RUN_I,DAMAGE,DATE_POLICE_NOTIFIED,PRIM_CONTRIBUTORY_CAUSE,SEC_CONTRIBUTORY_CAUSE,STREET_NO,STREET_DIRECTION,STREET_NAME,BEAT_OF_OCCURRENCE,PHOTOS_TAKEN_I,STATEMENTS_TAKEN_I,DOORING_I,WORK_ZONE_I,WORK_ZONE_TYPE,WORKERS_PRESENT_I,NUM_UNITS,MOST_SEVERE_INJURY,INJURIES_TOTAL,INJURIES_FATAL,INJURIES_INCAPACITATING,INJURIES_NON_INCAPACITATING,INJURIES_REPORTED_NOT_EVIDENT,INJURIES_NO_INDICATION,INJURIES_UNKNOWN,CRASH_HOUR,CRASH_DAY_OF_WEEK,CRASH_MONTH,LATITUDE,LONGITUDE,LOCATION
JC443494,Y,9/22/2019 3:30,30,NO CONTROLS,NO CONTROLS,RAIN,"DARKNESS, LIGHTED ROAD",PARKED MOTOR VEHICLE,NOT DIVIDED,,STRAIGHT AND LEVEL,UNKNOWN,NO DEFECTS,NOT ON SCENE (DESK REPORT),NO INJURY / DRIVE AWAY,,,Y,"OVER $1,500",9/22/2019 3:52,UNABLE TO DETERMINE,UNABLE TO DETERMINE,4923,W,ARTHINGTON ST,1533,,,,,,,2,NO INDICATION OF INJURY,0,0,0,0,0,1,0,3,1,9,41.86921287,-87.74789315,POINT (-87.747893150103 41.869212869243)
JC443477,,9/22/2019 3:30,40,NO CONTROLS,NO CONTROLS,RAIN,"DARKNESS, LIGHTED ROAD",OTHER OBJECT,DIVIDED - W/MEDIAN BARRIER,,STRAIGHT AND LEVEL,WET,NO DEFECTS,ON SCENE,INJURY AND / OR TOW DUE TO CRASH,,,Y,"OVER $1,500",9/22/2019 3:35,UNABLE TO DETERMINE,UNABLE TO DETERMINE,3000,N,LAKE SHORE DR SB,1934,,,,,,,1,NO INDICATION OF INJURY,0,0,0,0,0,1,0,3,1,9,41.93662001,-87.63405348,POINT (-87.634053483713 41.936620005711)
JC443476,,9/22/2019 3:21,30,NO CONTROLS,NO CONTROLS,RAIN,"DARKNESS, LIGHTED ROAD",PARKED MOTOR VEHICLE,NOT DIVIDED,,STRAIGHT AND LEVEL,WET,NO DEFECTS,ON SCENE,NO INJURY / DRIVE AWAY,,,,"$501 - $1,500",9/22/2019 3:21,NOT APPLICABLE,NOT APPLICABLE,825,N,PULASKI RD,1112,,,,,,,2,NO INDICATION OF INJURY,0,0,0,0,0,1,0,3,1,9,41.89614437,-87.72595699,POINT (-87.725956989316 41.896144372706)
JC443479,,9/22/2019 3:20,0,NO CONTROLS,NO CONTROLS,RAIN,"DARKNESS, LIGHTED ROAD",SIDESWIPE SAME DIRECTION,ONE-WAY,,STRAIGHT AND LEVEL,WET,NO DEFECTS,ON SCENE,NO INJURY / DRIVE AWAY,,,Y,"$501 - $1,500",9/22/2019 3:30,NOT APPLICABLE,NOT APPLICABLE,2201,W,WALNUT ST,1223,,,,,,,2,NO INDICATION OF INJURY,0,0,0,0,0,2,0,3,1,9,41.88567164,-87.68177223,POINT (-87.681772232807 41.885671641528)
JC443486,,9/22/2019 3:19,40,NO CONTROLS,NO CONTROLS,RAIN,"DARKNESS, LIGHTED ROAD",SIDESWIPE SAME DIRECTION,RAMP,,STRAIGHT ON GRADE,WET,NO DEFECTS,ON SCENE,NO INJURY / DRIVE AWAY,,,Y,"$501 - $1,500",9/22/2019 3:22,FAILING TO REDUCE SPEED TO AVOID CRASH,"OPERATING VEHICLE IN ERRATIC, RECKLESS, CARELESS, NEGLIGENT OR AGGRESSIVE MANNER",4000,N,LAKE SHORE DR NB,1915,,,,,,,2,NO INDICATION OF INJURY,0,0,0,0,0,2,0,3,1,9,41.95469764,-87.64472679,POINT (-87.644726784755 41.954697640237)
JC443492,,9/22/2019 3:15,30,NO CONTROLS,NO CONTROLS,RAIN,"DARKNESS, LIGHTED ROAD",PARKED MOTOR VEHICLE,ONE-WAY,,STRAIGHT AND LEVEL,WET,UNKNOWN,ON SCENE,INJURY AND / OR TOW DUE TO CRASH,,,,"OVER $1,500",9/22/2019 3:20,PHYSICAL CONDITION OF DRIVER,FAILING TO REDUCE SPEED TO AVOID CRASH,6105,W,WAVELAND AVE,1633,,,,,,,3,NO INDICATION OF INJURY,0,0,0,0,0,1,0,3,1,9,41.94745062,-87.77928074,POINT (-87.779280739272 41.947450615727)
JC443474,Y,9/22/2019 3:10,35,NO CONTROLS,NO CONTROLS,RAIN,"DARKNESS, LIGHTED ROAD",PEDESTRIAN,DIVIDED - W/MEDIAN (NOT RAISED),,STRAIGHT AND LEVEL,WET,NO DEFECTS,ON SCENE,INJURY AND / OR TOW DUE TO CRASH,,,Y,"OVER $1,500",9/22/2019 3:13,UNABLE TO DETERMINE,UNABLE TO DETERMINE,2030,N,CICERO AVE,2522,,Y,,,,,2,FATAL,1,1,0,0,0,1,0,3,1,9,41.91788696,-87.74629492,POINT (-87.746294916472 41.917886955921)
JC443478,,9/22/2019 3:05,30,TRAFFIC SIGNAL,FUNCTIONING PROPERLY,RAIN,"DARKNESS, LIGHTED ROAD",REAR END,DIVIDED - W/MEDIAN (NOT RAISED),,STRAIGHT AND LEVEL,WET,NO DEFECTS,NOT ON SCENE (DESK REPORT),NO INJURY / DRIVE AWAY,,,,"OVER $1,500",9/22/2019 3:30,FAILING TO REDUCE SPEED TO AVOID CRASH,NOT APPLICABLE,3790,W,WASHINGTON BLVD,1122,,,,,,,2,NO INDICATION OF INJURY,0,0,0,0,0,2,0,3,1,9,41.88200617,-87.7207016,POINT (-87.720701596994 41.882006174164)
JC444516,,9/22/2019 3:00,30,NO CONTROLS,NO CONTROLS,CLEAR,"DARKNESS, LIGHTED ROAD",PARKED MOTOR VEHICLE,NOT DIVIDED,,STRAIGHT AND LEVEL,DRY,NO DEFECTS,NOT ON SCENE (DESK REPORT),NO INJURY / DRIVE AWAY,,,,"OVER $1,500",9/23/2019 0:30,UNABLE TO DETERMINE,NOT APPLICABLE,646,N,FRANKLIN ST,1831,,,,,,,2,NO INDICATION OF INJURY,0,0,0,0,0,2,0,3,1,9,41.89378278,-87.63577934,POINT (-87.635779341382 41.893782777377)
JC443465,,9/22/2019 3:00,30,STOP SIGN/FLASHER,FUNCTIONING PROPERLY,RAIN,"DARKNESS, LIGHTED ROAD",FIXED OBJECT,NOT DIVIDED,,STRAIGHT AND LEVEL,WET,NO DEFECTS,ON SCENE,INJURY AND / OR TOW DUE TO CRASH,,Y,,"OVER $1,500",9/22/2019 3:00,PHYSICAL CONDITION OF DRIVER,IMPROPER LANE USAGE,7426,N,ASHLAND BLVD,2422,,,,,,,1,NO INDICATION OF INJURY,0,0,0,0,0,1,0,3,1,9,42.0168777,-87.6704816,POINT (-87.670481597939 42.016877700278)
JC443454,,9/22/2019 2:49,35,NO CONTROLS,NO CONTROLS,RAIN,"DARKNESS, LIGHTED ROAD",PARKED MOTOR VEHICLE,NOT DIVIDED,,STRAIGHT AND LEVEL,WET,NO DEFECTS,ON SCENE,INJURY AND / OR TOW DUE TO CRASH,,,Y,"OVER $1,500",9/22/2019 2:49,FAILING TO REDUCE SPEED TO AVOID CRASH,UNABLE TO DETERMINE,1814,N,WOOD ST,1434,,,,,,,4,NO INDICATION OF INJURY,0,0,0,0,0,1,0,2,1,9,41.91472385,-87.67282653,POINT (-87.672826532552 41.914723852833)
JC443905,,9/22/2019 2:45,30,TRAFFIC SIGNAL,FUNCTIONING PROPERLY,CLEAR,DARKNESS,REAR END,NOT DIVIDED,,STRAIGHT AND LEVEL,DRY,UNKNOWN,,NO INJURY / DRIVE AWAY,Y,,Y,"OVER $1,500",9/22/2019 13:59,UNABLE TO DETERMINE,UNABLE TO DETERMINE,649,W,ROOSEVELT RD,1232,,,,,,,2,NO INDICATION OF INJURY,0,0,0,0,0,2,0,2,1,9,41.86708343,-87.64409759,POINT (-87.644097592691 41.867083433786)
JC443449,,9/22/2019 2:35,25,TRAFFIC SIGNAL,UNKNOWN,UNKNOWN,UNKNOWN,TURNING,NOT DIVIDED,,STRAIGHT AND LEVEL,UNKNOWN,UNKNOWN,NOT ON SCENE (DESK REPORT),NO INJURY / DRIVE AWAY,,,,"$501 - $1,500",9/22/2019 2:45,IMPROPER TURNING/NO SIGNAL,NOT APPLICABLE,1617,W,DEVON AVE,2433,,,,,,,2,NO INDICATION OF INJURY,0,0,0,0,0,2,0,2,1,9,41.99795382,-87.67137798,POINT (-87.671377983561 41.997953821932)
JC443445,,9/22/2019 2:35,30,TRAFFIC SIGNAL,UNKNOWN,CLEAR,"DARKNESS, LIGHTED ROAD",FIXED OBJECT,OTHER,,STRAIGHT AND LEVEL,WET,NO DEFECTS,ON SCENE,INJURY AND / OR TOW DUE TO CRASH,,,,"OVER $1,500",9/22/2019 2:40,DRIVING SKILLS/KNOWLEDGE/EXPERIENCE,NOT APPLICABLE,1602,W,CONGRESS PKWY,1231,,,,,,,1,NO INDICATION OF INJURY,0,0,0,0,0,6,0,2,1,9,41.87528253,-87.66683201,POINT (-87.666832011696 41.875282525913)
JC443459,,9/22/2019 2:30,20,NO CONTROLS,UNKNOWN,RAIN,"DARKNESS, LIGHTED ROAD",PARKED MOTOR VEHICLE,NOT DIVIDED,,STRAIGHT AND LEVEL,WET,UNKNOWN,ON SCENE,NO INJURY / DRIVE AWAY,,,,"$501 - $1,500",9/22/2019 2:30,UNABLE TO DETERMINE,NOT APPLICABLE,1900,N,WINCHESTER AVE,1434,,,,,,,2,NO INDICATION OF INJURY,0,0,0,0,0,1,0,2,1,9,41.91605134,-87.67651509,POINT (-87.676515094459 41.916051342631)
JC443460,,9/22/2019 2:26,30,NO CONTROLS,NO CONTROLS,RAIN,"DARKNESS, LIGHTED ROAD",TURNING,NOT DIVIDED,,STRAIGHT AND LEVEL,WET,NO DEFECTS,ON SCENE,INJURY AND / OR TOW DUE TO CRASH,,,,"OVER $1,500",9/22/2019 2:26,IMPROPER TURNING/NO SIGNAL,UNABLE TO DETERMINE,5310,S,KEDZIE AVE,822,,,,,,,2,NO INDICATION OF INJURY,0,0,0,0,0,2,0,2,1,9,41.79682519,-87.703797,POINT (-87.703796998385 41.796825194374)
JC443439,,9/22/2019 2:24,30,NO CONTROLS,NO CONTROLS,CLEAR,"DARKNESS, LIGHTED ROAD",REAR TO FRONT,ONE-WAY,,STRAIGHT AND LEVEL,WET,NO DEFECTS,ON SCENE,NO INJURY / DRIVE AWAY,,,,"OVER $1,500",9/22/2019 2:30,UNABLE TO DETERMINE,IMPROPER LANE USAGE,1150,N,SPRINGFIELD AVE,1112,,,,,,,2,NO INDICATION OF INJURY,0,0,0,0,0,3,0,2,1,9,41.90237131,-87.72400198,POINT (-87.724001982427 41.902371312245)
JC443453,,9/22/2019 2:21,30,NO CONTROLS,NO CONTROLS,RAIN,"DARKNESS, LIGHTED ROAD",PARKED MOTOR VEHICLE,NOT DIVIDED,,STRAIGHT AND LEVEL,WET,NO DEFECTS,ON SCENE,INJURY AND / OR TOW DUE TO CRASH,,,,"OVER $1,500",9/22/2019 2:22,FAILING TO REDUCE SPEED TO AVOID CRASH,NOT APPLICABLE,6700,W,DIVERSEY AVE,2511,,,,,,,4,"REPORTED, NOT EVIDENT",2,0,0,0,2,0,0,2,1,9,41.9310223,-87.79309057,POINT (-87.793090570898 41.931022300803)
JC444948,Y,9/22/2019 2:00,30,NO CONTROLS,NO CONTROLS,CLEAR,"DARKNESS, LIGHTED ROAD",PARKED MOTOR VEHICLE,ONE-WAY,,STRAIGHT AND LEVEL,DRY,NO DEFECTS,NOT ON SCENE (DESK REPORT),NO INJURY / DRIVE AWAY,,,Y,"OVER $1,500",9/23/2019 11:15,UNABLE TO DETERMINE,UNABLE TO DETERMINE,3929,N,MARMORA AVE,1633,,,,,,,2,NO INDICATION OF INJURY,0,0,0,0,0,1,0,2,1,9,41.95209933,-87.7741454,POINT (-87.774145395674 41.952099331607)
JC444426,,9/22/2019 2:00,30,NO CONTROLS,NO CONTROLS,RAIN,DAWN,FIXED OBJECT,NOT DIVIDED,,STRAIGHT AND LEVEL,WET,NO DEFECTS,NOT ON SCENE (DESK REPORT),INJURY AND / OR TOW DUE TO CRASH,,,,"OVER $1,500",9/22/2019 21:56,FAILING TO REDUCE SPEED TO AVOID CRASH,ROAD ENGINEERING/SURFACE/MARKING DEFECTS,9600,S,STATE ST,511,,,,,,,1,NO INDICATION OF INJURY,0,0,0,0,0,1,0,2,1,9,41.71961267,-87.6238045,POINT (-87.623804501684 41.719612669941)
JC443861,,9/22/2019 1:58,30,STOP SIGN/FLASHER,NO CONTROLS,CLEAR,DAYLIGHT,PARKED MOTOR VEHICLE,NOT DIVIDED,,STRAIGHT AND LEVEL,DRY,NO DEFECTS,NOT ON SCENE (DESK REPORT),NO INJURY / DRIVE AWAY,,,Y,"$501 - $1,500",9/22/2019 13:07,NOT APPLICABLE,NOT APPLICABLE,5157,S,TRUMBULL AVE,822,,,,,,,2,NO INDICATION OF INJURY,0,0,0,0,0,1,0,1,1,9,41.79905889,-87.70969608,POINT (-87.709696080182 41.799058888941)
JC457768,,9/22/2019 1:52,30,TRAFFIC SIGNAL,FUNCTIONING PROPERLY,RAIN,DARKNESS,TURNING,NOT DIVIDED,,STRAIGHT AND LEVEL,WET,UNKNOWN,NOT ON SCENE (DESK REPORT),NO INJURY / DRIVE AWAY,,,,"OVER $1,500",10/2/2019 20:45,UNABLE TO DETERMINE,UNABLE TO DETERMINE,2355,N,DAMEN AVE,1432,,,,,,,2,NO INDICATION OF INJURY,0,0,0,0,0,5,0,1,1,9,41.92437216,-87.67771686,POINT (-87.677716863244 41.924372160201)
JC443431,,9/22/2019 1:50,30,TRAFFIC SIGNAL,UNKNOWN,RAIN,"DARKNESS, LIGHTED ROAD",REAR END,NOT DIVIDED,,STRAIGHT AND LEVEL,WET,UNKNOWN,ON SCENE,NO INJURY / DRIVE AWAY,,,Y,"OVER $1,500",9/22/2019 1:54,DRIVING SKILLS/KNOWLEDGE/EXPERIENCE,NOT APPLICABLE,801,N,LAKE SHORE DR,1833,,,,,,,2,NO INDICATION OF INJURY,0,0,0,0,0,2,0,1,1,9,41.89692937,-87.61694704,POINT (-87.616947038944 41.89692936893)
JC443416,,9/22/2019 1:48,30,TRAFFIC SIGNAL,FUNCTIONING PROPERLY,RAIN,"DARKNESS, LIGHTED ROAD",REAR END,NOT DIVIDED,,STRAIGHT AND LEVEL,WET,NO DEFECTS,ON SCENE,INJURY AND / OR TOW DUE TO CRASH,,,,"OVER $1,500",9/22/2019 1:48,FAILING TO REDUCE SPEED TO AVOID CRASH,UNABLE TO DETERMINE,2056,W,47TH ST,924,,,,,,,2,NO INDICATION OF INJURY,0,0,0,0,0,2,0,1,1,9,41.80861409,-87.67697596,POINT (-87.676975959009 41.808614094279)
JC444162,,9/22/2019 1:45,30,NO CONTROLS,NO CONTROLS,CLEAR,DUSK,PARKED MOTOR VEHICLE,ONE-WAY,,STRAIGHT AND LEVEL,DRY,NO DEFECTS,NOT ON SCENE (DESK REPORT),INJURY AND / OR TOW DUE TO CRASH,,,Y,"OVER $1,500",9/22/2019 17:10,NOT APPLICABLE,NOT APPLICABLE,6440,S,RICHMOND ST,823,,,,,,,2,NO INDICATION OF INJURY,0,0,0,0,0,1,0,1,1,9,41.7760137,-87.69711654,POINT (-87.697116543954 41.776013699612)
JC443432,,9/22/2019 1:45,30,STOP SIGN/FLASHER,NO CONTROLS,CLEAR,"DARKNESS, LIGHTED ROAD",REAR END,DIVIDED - W/MEDIAN (NOT RAISED),,STRAIGHT AND LEVEL,WET,NO DEFECTS,NOT ON SCENE (DESK REPORT),NO INJURY / DRIVE AWAY,,,,"OVER $1,500",9/22/2019 2:00,FOLLOWING TOO CLOSELY,NOT APPLICABLE,3658,W,CHICAGO AVE,1112,,,,,,,2,NO INDICATION OF INJURY,0,0,0,0,0,2,0,1,1,9,41.89554734,-87.7186959,POINT (-87.718695903611 41.895547339072)
JC443424,,9/22/2019 1:42,30,OTHER REG. SIGN,NO CONTROLS,RAIN,"DARKNESS, LIGHTED ROAD",ANGLE,NOT DIVIDED,,STRAIGHT AND LEVEL,WET,UNKNOWN,ON SCENE,NO INJURY / DRIVE AWAY,N,,Y,"OVER $1,500",9/22/2019 1:45,FAILING TO YIELD RIGHT-OF-WAY,UNABLE TO DETERMINE,5131,W,AUGUSTA BLVD,1531,,,,,,,3,NO INDICATION OF INJURY,0,0,0,0,0,4,0,1,1,9,41.89848265,-87.75452514,POINT (-87.754525136149 41.898482646182)
JC443422,N,9/22/2019 1:40,35,NO CONTROLS,NO CONTROLS,RAIN,"DARKNESS, LIGHTED ROAD",PARKED MOTOR VEHICLE,NOT DIVIDED,,STRAIGHT AND LEVEL,WET,NO DEFECTS,ON SCENE,INJURY AND / OR TOW DUE TO CRASH,,,Y,"OVER $1,500",9/22/2019 1:45,UNABLE TO DETERMINE,UNABLE TO DETERMINE,3743,W,LAWRENCE AVE,1723,,,,,,,2,NO INDICATION OF INJURY,0,0,0,0,0,1,0,1,1,9,41.96819243,-87.72249127,POINT (-87.722491265251 41.968192427551)
JC443417,,9/22/2019 1:40,35,STOP SIGN/FLASHER,FUNCTIONING PROPERLY,RAIN,DARKNESS,ANGLE,FOUR WAY,,STRAIGHT AND LEVEL,WET,NO DEFECTS,ON SCENE,INJURY AND / OR TOW DUE TO CRASH,Y,N,Y,"OVER $1,500",9/22/2019 1:44,FAILING TO YIELD RIGHT-OF-WAY,NOT APPLICABLE,5201,W,WARWICK AVE,1634,,,,,,,2,NO INDICATION OF INJURY,0,0,0,0,0,2,0,1,1,9,41.94862785,-87.75712625,POINT (-87.757126247235 41.948627848279)
JC443413,,9/22/2019 1:37,30,TRAFFIC SIGNAL,FUNCTIONING PROPERLY,RAIN,"DARKNESS, LIGHTED ROAD",SIDESWIPE OPPOSITE DIRECTION,DIVIDED - W/MEDIAN BARRIER,,STRAIGHT AND LEVEL,WET,NO DEFECTS,ON SCENE,INJURY AND / OR TOW DUE TO CRASH,,,,$500 OR LESS,9/22/2019 2:47,DRIVING ON WRONG SIDE/WRONG WAY,WEATHER,559,W,87TH ST,2223,,,,,,,2,NO INDICATION OF INJURY,0,0,0,0,0,3,0,1,1,9,41.73592772,-87.63868869,POINT (-87.63868869407 41.735927723097)
JC443420,,9/22/2019 1:32,30,NO CONTROLS,NO CONTROLS,RAIN,"DARKNESS, LIGHTED ROAD",PARKED MOTOR VEHICLE,ONE-WAY,,STRAIGHT AND LEVEL,WET,NO DEFECTS,ON SCENE,INJURY AND / OR TOW DUE TO CRASH,,,Y,"OVER $1,500",9/22/2019 1:40,PHYSICAL CONDITION OF DRIVER,FAILING TO REDUCE SPEED TO AVOID CRASH,2955,S,ELIAS CT,913,,,,,,,7,NO INDICATION OF INJURY,0,0,0,0,0,1,0,1,1,9,41.84076517,-87.65583871,POINT (-87.655838706251 41.840765169888)
JC443898,,9/22/2019 1:30,30,TRAFFIC SIGNAL,FUNCTIONING PROPERLY,UNKNOWN,"DARKNESS, LIGHTED ROAD",SIDESWIPE SAME DIRECTION,NOT DIVIDED,,STRAIGHT AND LEVEL,WET,NO DEFECTS,NOT ON SCENE (DESK REPORT),INJURY AND / OR TOW DUE TO CRASH,,,,"OVER $1,500",9/22/2019 13:45,UNABLE TO DETERMINE,NOT APPLICABLE,1600,W,71ST ST,735,,,,,,,2,"REPORTED, NOT EVIDENT",1,0,0,0,1,2,0,1,1,9,41.76501831,-87.66385923,POINT (-87.663859230126 41.765018305558)
JC443411,,9/22/2019 1:30,30,NO CONTROLS,UNKNOWN,RAIN,DUSK,SIDESWIPE SAME DIRECTION,NOT DIVIDED,,STRAIGHT AND LEVEL,WET,UNKNOWN,NOT ON SCENE (DESK REPORT),NO INJURY / DRIVE AWAY,N,,,"OVER $1,500",9/22/2019 1:45,UNABLE TO DETERMINE,UNABLE TO DETERMINE,3400,W,FOSTER AVE,1712,,,,,,,2,NO INDICATION OF INJURY,0,0,0,0,0,2,0,1,1,9,41.97579827,-87.71362075,POINT (-87.713620746098 41.975798273754)
JC443409,,9/22/2019 1:30,30,TRAFFIC SIGNAL,FUNCTIONING PROPERLY,RAIN,"DARKNESS, LIGHTED ROAD",ANGLE,FOUR WAY,,STRAIGHT AND LEVEL,WET,NO DEFECTS,ON SCENE,INJURY AND / OR TOW DUE TO CRASH,Y,,,"OVER $1,500",9/22/2019 1:45,WEATHER,UNABLE TO DETERMINE,65,E,ONTARIO ST,1834,,,,,,,2,NO INDICATION OF INJURY,0,0,0,0,0,2,0,1,1,9,41.89320435,-87.62548219,POINT (-87.625482185792 41.893204345311)
JC443407,,9/22/2019 1:27,30,NO CONTROLS,NO CONTROLS,RAIN,"DARKNESS, LIGHTED ROAD",PEDESTRIAN,DIVIDED - W/MEDIAN (NOT RAISED),,STRAIGHT AND LEVEL,WET,NO DEFECTS,ON SCENE,INJURY AND / OR TOW DUE TO CRASH,Y,,Y,"OVER $1,500",9/22/2019 1:34,UNABLE TO DETERMINE,UNABLE TO DETERMINE,1340,E,55TH ST,234,,,,,,,2,NONINCAPACITATING INJURY,1,0,0,1,0,1,0,1,1,9,41.79521864,-87.5932984,POINT (-87.593298402364 41.795218634583)
JC443410,,9/22/2019 1:21,30,NO CONTROLS,UNKNOWN,RAIN,"DARKNESS, LIGHTED ROAD",PARKED MOTOR VEHICLE,NOT DIVIDED,,STRAIGHT AND LEVEL,WET,UNKNOWN,ON SCENE,NO INJURY / DRIVE AWAY,,,Y,"$501 - $1,500",9/22/2019 1:24,UNABLE TO DETERMINE,UNABLE TO DETERMINE,932,N,LARAMIE AVE,1524,,,,,,,2,NO INDICATION OF INJURY,0,0,0,0,0,2,0,1,1,9,41.89775112,-87.75581629,POINT (-87.75581628593 41.897751119505)
JC443429,N,9/22/2019 1:19,30,NO CONTROLS,NO CONTROLS,RAIN,"DARKNESS, LIGHTED ROAD",FIXED OBJECT,NOT DIVIDED,,STRAIGHT AND LEVEL,WET,NO DEFECTS,ON SCENE,INJURY AND / OR TOW DUE TO CRASH,,,,"OVER $1,500",9/22/2019 1:19,UNDER THE INFLUENCE OF ALCOHOL/DRUGS (USE WHEN ARREST IS EFFECTED),IMPROPER LANE USAGE,445,N,SACRAMENTO BLVD,1221,,,,,,,1,NONINCAPACITATING INJURY,1,0,0,1,0,0,0,1,1,9,41.88986775,-87.70141971,POINT (-87.701419705258 41.889867745157)
JC443982,Y,9/22/2019 1:15,25,NO CONTROLS,NO CONTROLS,RAIN,"DARKNESS, LIGHTED ROAD",PARKED MOTOR VEHICLE,DIVIDED - W/MEDIAN (NOT RAISED),,STRAIGHT AND LEVEL,WET,NO DEFECTS,NOT ON SCENE (DESK REPORT),NO INJURY / DRIVE AWAY,,,Y,"$501 - $1,500",9/22/2019 14:48,UNABLE TO DETERMINE,NOT APPLICABLE,10711,S,CAMPBELL AVE,2212,,,,,,,2,NO INDICATION OF INJURY,0,0,0,0,0,1,0,1,1,9,41.69869675,-87.68372007,POINT (-87.68372006459 41.69869675184)
JC443396,,9/22/2019 1:06,30,TRAFFIC SIGNAL,FUNCTIONING PROPERLY,RAIN,"DARKNESS, LIGHTED ROAD",PEDESTRIAN,DIVIDED - W/MEDIAN (NOT RAISED),,STRAIGHT AND LEVEL,WET,NO DEFECTS,ON SCENE,INJURY AND / OR TOW DUE TO CRASH,,,Y,$500 OR LESS,9/22/2019 1:10,UNABLE TO DETERMINE,NOT APPLICABLE,2399,N,MILWAUKEE AVE,1414,,,,,,,2,NONINCAPACITATING INJURY,1,0,0,1,0,1,0,1,1,9,41.92481674,-87.7002345,POINT (-87.700234498111 41.924816740608)
JC443408,,9/22/2019 1:04,30,UNKNOWN,UNKNOWN,RAIN,"DARKNESS, LIGHTED ROAD",HEAD ON,NOT DIVIDED,,STRAIGHT AND LEVEL,WET,UNKNOWN,ON SCENE,INJURY AND / OR TOW DUE TO CRASH,Y,,,"OVER $1,500",9/22/2019 1:04,UNDER THE INFLUENCE OF ALCOHOL/DRUGS (USE WHEN ARREST IS EFFECTED),IMPROPER OVERTAKING/PASSING,2929,W,DEVON AVE,2413,,,,,,,2,NONINCAPACITATING INJURY,1,0,0,1,0,1,0,1,1,9,41.99738825,-87.70323053,POINT (-87.703230530375 41.997388252633)
JC444616,,9/22/2019 1:00,30,NO CONTROLS,NO CONTROLS,RAIN,"DARKNESS, LIGHTED ROAD",HEAD ON,ONE-WAY,,STRAIGHT AND LEVEL,WET,NO DEFECTS,NOT ON SCENE (DESK REPORT),NO INJURY / DRIVE AWAY,,,Y,"OVER $1,500",9/23/2019 6:11,DISREGARDING OTHER TRAFFIC SIGNS,UNABLE TO DETERMINE,11159,S,EGGLESTON AVE,2233,,,,,,,2,NO INDICATION OF INJURY,0,0,0,0,0,2,0,1,1,9,41.69073285,-87.63373414,POINT (-87.633734139903 41.690732848174)
JC443399,,9/22/2019 0:54,35,NO CONTROLS,NO CONTROLS,RAIN,"DARKNESS, LIGHTED ROAD",PARKED MOTOR VEHICLE,ONE-WAY,,STRAIGHT AND LEVEL,WET,NO DEFECTS,ON SCENE,NO INJURY / DRIVE AWAY,,,,"OVER $1,500",9/22/2019 0:54,WEATHER,NOT APPLICABLE,4505,S,DR MARTIN LUTHER KING JR DR,221,,,,,,,2,NO INDICATION OF INJURY,0,0,0,0,0,2,0,0,1,9,41.81285168,-87.61653892,POINT (-87.616538921766 41.812851678678)
JC443825,,9/22/2019 0:51,20,NO CONTROLS,NO CONTROLS,UNKNOWN,"DARKNESS, LIGHTED ROAD",PARKED MOTOR VEHICLE,ONE-WAY,,STRAIGHT AND LEVEL,UNKNOWN,NO DEFECTS,NOT ON SCENE (DESK REPORT),NO INJURY / DRIVE AWAY,,,Y,"OVER $1,500",9/22/2019 12:30,UNABLE TO DETERMINE,NOT APPLICABLE,2128,N,LEAMINGTON AVE,2522,,,,,,,2,NO INDICATION OF INJURY,0,0,0,0,0,1,0,0,1,9,41.91952969,-87.75493199,POINT (-87.754931988117 41.919529693052)
JC443591,,9/22/2019 0:45,30,NO CONTROLS,NO CONTROLS,UNKNOWN,"DARKNESS, LIGHTED ROAD",SIDESWIPE OPPOSITE DIRECTION,NOT DIVIDED,,STRAIGHT AND LEVEL,UNKNOWN,NO DEFECTS,NOT ON SCENE (DESK REPORT),NO INJURY / DRIVE AWAY,,,Y,"OVER $1,500",9/22/2019 8:25,UNABLE TO DETERMINE,UNABLE TO DETERMINE,5432,S,MENARD AVE,811,,,,,,,2,NO INDICATION OF INJURY,0,0,0,0,0,2,0,0,1,9,41.79399367,-87.76737232,POINT (-87.767372322506 41.793993672489)
JC443377,,9/22/2019 0:42,30,NO CONTROLS,NO CONTROLS,RAIN,"DARKNESS, LIGHTED ROAD",FIXED OBJECT,NOT DIVIDED,,STRAIGHT AND LEVEL,WET,NO DEFECTS,ON SCENE,INJURY AND / OR TOW DUE TO CRASH,,,,"OVER $1,500",9/22/2019 0:42,DRIVING SKILLS/KNOWLEDGE/EXPERIENCE,UNABLE TO DETERMINE,402,N,LARAMIE AVE,1523,,,,,,,1,NONINCAPACITATING INJURY,1,0,0,1,0,1,0,0,1,9,41.88791115,-87.75548824,POINT (-87.755488234935 41.887911152865)