RD_NO,CRASH_DATE_EST_I,CRASH_DATE,POSTED_SPEED_LIMIT,TRAFFIC_CONTROL_DEVICE,DEVICE_CONDITION,WEATHER_CONDITION,LIGHTING_CONDITION,FIRST_CRASH_TYPE,TRAFFICWAY_TYPE,LANE_CNT,ALIGNMENT,ROADWAY_SURFACE_COND,ROAD_DEFECT,REPORT_TYPE,CRASH_TYPE,INTERSECTION_RELATED_I,NOT_RIGHT_OF_WAY_I,HIT_AND_RUN_I,DAMAGE,DATE_POLICE_NOTIFIED,PRIM_CONTRIBUTORY_CAUSE,SEC_CONTRIBUTORY_CAUSE,STREET_NO,STREET_DIRECTION,STREET_NAME,BEAT_OF_OCCURRENCE,PHOTOS_TAKEN_I,STATEMENTS_TAKEN_I,DOORING_I,WORK_ZONE_I,WORK_ZONE_TYPE,WORKERS_PRESENT_I,NUM_UNITS,MOST_SEVERE_INJURY,INJURIES_TOTAL,INJURIES_FATAL,INJURIES_INCAPACITATING,INJURIES_NON_INCAPACITATING,INJURIES_REPORTED_NOT_EVIDENT,INJURIES_NO_INDICATION,INJURIES_UNKNOWN,CRASH_HOUR,CRASH_DAY_OF_WEEK,CRASH_MONTH,LATITUDE,LONGITUDE,LOCATION
JC443376,,9/22/2019 0:40,25,STOP SIGN/FLASHER,FUNCTIONING PROPERLY,RAIN,"DARKNESS, LIGHTED ROAD",FIXED OBJECT,FOUR WAY,,STRAIGHT AND LEVEL,WET,NO DEFECTS,ON SCENE,INJURY AND / OR TOW DUE TO CRASH,,,,"OVER $1,500",9/22/2019 0:41,UNABLE TO DETERMINE,DRIVING SKILLS/KNOWLEDGE/EXPERIENCE,5700,S,DREXEL AVE,235,,,,,,,1,NONINCAPACITATING INJURY,1,0,0,1,0,0,0,0,1,9,41.79127248,-87.60388726,POINT (-87.60388726366 41.791272480853)
JC447189,,9/22/2019 0:30,30,TRAFFIC SIGNAL,FUNCTIONING PROPERLY,UNKNOWN,DUSK,REAR END,TRAFFIC ROUTE,,STRAIGHT AND LEVEL,UNKNOWN,UNKNOWN,NOT ON SCENE (DESK REPORT),NO INJURY / DRIVE AWAY,Y,,Y,"OVER $1,500",9/23/2019 21:18,UNABLE TO DETERMINE,UNABLE TO DETERMINE,7500,S,SOUTH CHICAGO AVE,624,,,,,,,2,NO INDICATION OF INJURY,0,0,0,0,0,2,0,0,1,9,41.75860901,-87.59572136,POINT (-87.595721360538 41.758609006103)
JC443848,,9/22/2019 0:30,30,STOP SIGN/FLASHER,FUNCTIONING PROPERLY,RAIN,"DARKNESS, LIGHTED ROAD",REAR END,NOT DIVIDED,,STRAIGHT AND LEVEL,WET,NO DEFECTS,NOT ON SCENE (DESK REPORT),NO INJURY / DRIVE AWAY,Y,,Y,"OVER $1,500",9/22/2019 12:50,FOLLOWING TOO CLOSELY,WEATHER,1059,W,71ST ST,733,,,,,,,2,NO INDICATION OF INJURY,0,0,0,0,0,2,0,0,1,9,41.76498326,-87.65162463,POINT (-87.651624632145 41.764983262535)
JC443402,,9/22/2019 0:22,30,TRAFFIC SIGNAL,FUNCTIONING PROPERLY,RAIN,"DARKNESS, LIGHTED ROAD",REAR END,NOT DIVIDED,,STRAIGHT AND LEVEL,WET,NO DEFECTS,NOT ON SCENE (DESK REPORT),NO INJURY / DRIVE AWAY,,,,"OVER $1,500",9/22/2019 1:27,UNABLE TO DETERMINE,UNABLE TO DETERMINE,4280,S,ARCHER AVE,921,,,,,,,2,NO INDICATION OF INJURY,0,0,0,0,0,2,0,0,1,9,41.81565598,-87.70192434,POINT (-87.701924336695 41.815655974762)
JC444114,Y,9/22/2019 0:20,30,NO CONTROLS,NO CONTROLS,UNKNOWN,"DARKNESS, LIGHTED ROAD",PARKED MOTOR VEHICLE,NOT DIVIDED,,STRAIGHT AND LEVEL,UNKNOWN,NO DEFECTS,ON SCENE,INJURY AND / OR TOW DUE TO CRASH,,,Y,"OVER $1,500",9/22/2019 15:23,UNABLE TO DETERMINE,UNABLE TO DETERMINE,5325,W,WASHINGTON BLVD,1522,,,,,,,2,NO INDICATION OF INJURY,0,0,0,0,0,1,0,0,1,9,41.88221622,-87.75874214,POINT (-87.758742140509 41.882216215822)
JC443406,,9/22/2019 0:15,30,NO CONTROLS,NO CONTROLS,RAIN,"DARKNESS, LIGHTED ROAD",PARKED MOTOR VEHICLE,NOT DIVIDED,,STRAIGHT AND LEVEL,WET,WORN SURFACE,NOT ON SCENE (DESK REPORT),NO INJURY / DRIVE AWAY,,,Y,"OVER $1,500",9/22/2019 0:20,UNABLE TO DETERMINE,UNABLE TO DETERMINE,7340,S,MORGAN ST,733,,,,,,,3,NO INDICATION OF INJURY,0,0,0,0,0,1,0,0,1,9,41.76026595,-87.64928307,POINT (-87.649283065633 41.760265951484)
JC443352,,9/22/2019 0:13,30,UNKNOWN,UNKNOWN,RAIN,"DARKNESS, LIGHTED ROAD",ANGLE,NOT DIVIDED,,STRAIGHT AND LEVEL,WET,NO DEFECTS,ON SCENE,INJURY AND / OR TOW DUE TO CRASH,,,Y,"OVER $1,500",9/22/2019 0:14,UNDER THE INFLUENCE OF ALCOHOL/DRUGS (USE WHEN ARREST IS EFFECTED),NOT APPLICABLE,2200,S,KOSTNER AVE,1013,,,,,,,2,NO INDICATION OF INJURY,0,0,0,0,0,3,0,0,1,9,41.85130385,-87.73464514,POINT (-87.734645137918 41.851303852482)
JC445011,,9/22/2019 0:01,30,NO CONTROLS,NO CONTROLS,CLEAR,"DARKNESS, LIGHTED ROAD",PARKED MOTOR VEHICLE,NOT DIVIDED,,STRAIGHT AND LEVEL,DRY,NO DEFECTS,NOT ON SCENE (DESK REPORT),NO INJURY / DRIVE AWAY,,,,"OVER $1,500",9/23/2019 11:45,UNABLE TO DETERMINE,UNABLE TO DETERMINE,3432,W,31ST ST,1032,,,,,,,2,NO INDICATION OF INJURY,0,0,0,0,0,1,0,0,1,9,41.83723463,-87.71087077,POINT (-87.710870768983 41.837234630667)
JC444320,,9/22/2019 0:01,30,NO CONTROLS,NO CONTROLS,OTHER,DARKNESS,PARKED MOTOR VEHICLE,NOT DIVIDED,,STRAIGHT AND LEVEL,WET,NO DEFECTS,NOT ON SCENE (DESK REPORT),NO INJURY / DRIVE AWAY,,,Y,"OVER $1,500",9/22/2019 20:01,UNABLE TO DETERMINE,NOT APPLICABLE,3814,W,BELDEN AVE,2525,,,,,,,2,NO INDICATION OF INJURY,0,0,0,0,0,1,0,0,1,9,41.92281615,-87.72244287,POINT (-87.722442865618 41.922816150709)
JC443353,,9/21/2019 23:50,30,NO CONTROLS,NO CONTROLS,CLEAR,"DARKNESS, LIGHTED ROAD",REAR END,DIVIDED - W/MEDIAN BARRIER,,STRAIGHT AND LEVEL,WET,NO DEFECTS,ON SCENE,INJURY AND / OR TOW DUE TO CRASH,,,Y,"OVER $1,500",9/22/2019 0:15,HAD BEEN DRINKING (USE WHEN ARREST IS NOT MADE),NOT APPLICABLE,1011,S,STATE ST,123,,,,,,,3,NO INDICATION OF INJURY,0,0,0,0,0,3,0,23,7,9,41.86963586,-87.62732835,POINT (-87.627328351933 41.869635857718)
JC443355,,9/21/2019 23:45,25,TRAFFIC SIGNAL,FUNCTIONING PROPERLY,RAIN,DAYLIGHT,SIDESWIPE SAME DIRECTION,ONE-WAY,,STRAIGHT AND LEVEL,WET,NO DEFECTS,NOT ON SCENE (DESK REPORT),NO INJURY / DRIVE AWAY,Y,,Y,"OVER $1,500",9/22/2019 0:15,UNABLE TO DETERMINE,UNABLE TO DETERMINE,1501,E,54TH ST,234,,,,,,,2,NO INDICATION OF INJURY,0,0,0,0,0,2,0,23,7,9,41.79797236,-87.58898963,POINT (-87.588989626394 41.797972357702)
JC443334,,9/21/2019 23:44,30,TRAFFIC SIGNAL,FUNCTIONING PROPERLY,RAIN,"DARKNESS, LIGHTED ROAD",REAR END,NOT DIVIDED,,STRAIGHT AND LEVEL,WET,NO DEFECTS,ON SCENE,NO INJURY / DRIVE AWAY,,,,"OVER $1,500",9/22/2019 0:16,WEATHER,WEATHER,6001,W,BELMONT AVE,2511,,,,,,,2,NO INDICATION OF INJURY,0,0,0,0,0,2,0,23,7,9,41.93833677,-87.77633347,POINT (-87.776333471694 41.938336767308)
JC443326,,9/21/2019 23:36,30,TRAFFIC SIGNAL,FUNCTIONING PROPERLY,RAIN,"DARKNESS, LIGHTED ROAD",HEAD ON,NOT DIVIDED,,STRAIGHT AND LEVEL,WET,NO DEFECTS,ON SCENE,INJURY AND / OR TOW DUE TO CRASH,Y,,,"OVER $1,500",9/21/2019 23:36,IMPROPER LANE USAGE,DISREGARDING ROAD MARKINGS,1801,W,ADDISON ST,1922,,,,,,,2,NO INDICATION OF INJURY,0,0,0,0,0,3,0,23,7,9,41.94681265,-87.67411502,POINT (-87.674115017775 41.946812646878)
JC451737,,9/21/2019 23:30,30,NO CONTROLS,NO CONTROLS,RAIN,DARKNESS,PARKED MOTOR VEHICLE,ONE-WAY,,STRAIGHT AND LEVEL,WET,SHOULDER DEFECT,NOT ON SCENE (DESK REPORT),NO INJURY / DRIVE AWAY,,,Y,"$501 - $1,500",9/28/2019 12:21,UNABLE TO DETERMINE,UNABLE TO DETERMINE,5106,S,KILBOURN AVE,815,,,,,,,2,NO INDICATION OF INJURY,0,0,0,0,0,1,0,23,7,9,41.80011347,-87.73575411,POINT (-87.735754112712 41.800113465746)
JC443684,,9/21/2019 23:30,35,NO CONTROLS,NO CONTROLS,CLEAR,DARKNESS,SIDESWIPE SAME DIRECTION,NOT DIVIDED,,STRAIGHT AND LEVEL,DRY,NO DEFECTS,,NO INJURY / DRIVE AWAY,,,Y,"$501 - $1,500",9/22/2019 10:30,UNABLE TO DETERMINE,UNABLE TO DETERMINE,4230,W,FOSTER AVE,1712,,,,,,,1,NO INDICATION OF INJURY,0,0,0,0,0,1,0,23,7,9,41.97557464,-87.73463839,POINT (-87.734638389987 41.975574642408)
JC443321,,9/21/2019 23:30,30,NO CONTROLS,NO CONTROLS,RAIN,"DARKNESS, LIGHTED ROAD",REAR END,NOT DIVIDED,,STRAIGHT AND LEVEL,WET,NO DEFECTS,NOT ON SCENE (DESK REPORT),NO INJURY / DRIVE AWAY,,,,"OVER $1,500",9/21/2019 23:45,FOLLOWING TOO CLOSELY,DRIVING SKILLS/KNOWLEDGE/EXPERIENCE,5300,S,KEDZIE AVE,822,,,,,,,2,NO INDICATION OF INJURY,0,0,0,0,0,2,0,23,7,9,41.79711892,-87.70380493,POINT (-87.703804926209 41.797118923256)
JC443328,Y,9/21/2019 23:25,30,NO CONTROLS,NO CONTROLS,RAIN,"DARKNESS, LIGHTED ROAD",PARKED MOTOR VEHICLE,NOT DIVIDED,,STRAIGHT AND LEVEL,WET,NO DEFECTS,ON SCENE,INJURY AND / OR TOW DUE TO CRASH,,,Y,"OVER $1,500",9/21/2019 23:25,UNABLE TO DETERMINE,UNABLE TO DETERMINE,6673,W,DEVON AVE,1611,,,,,,,2,NO INDICATION OF INJURY,0,0,0,0,0,1,0,23,7,9,41.99720618,-87.79518786,POINT (-87.79518785523 41.997206180606)
JC443322,,9/21/2019 23:24,25,NO CONTROLS,NO CONTROLS,RAIN,DARKNESS,FIXED OBJECT,ALLEY,,STRAIGHT AND LEVEL,WET,NO DEFECTS,ON SCENE,NO INJURY / DRIVE AWAY,,,,$500 OR LESS,9/21/2019 23:24,IMPROPER BACKING,NOT APPLICABLE,411,S,KILBOURN AVE,1131,,,,,,,1,NO INDICATION OF INJURY,0,0,0,0,0,2,0,23,7,9,41.87472832,-87.73757164,POINT (-87.737571641227 41.874728314659)
JC443365,,9/21/2019 23:20,30,NO CONTROLS,NO CONTROLS,RAIN,"DARKNESS, LIGHTED ROAD",PARKED MOTOR VEHICLE,DIVIDED - W/MEDIAN (NOT RAISED),,STRAIGHT AND LEVEL,WET,NO DEFECTS,ON SCENE,INJURY AND / OR TOW DUE TO CRASH,,,,"OVER $1,500",9/21/2019 23:32,WEATHER,UNABLE TO DETERMINE,5339,S,LAWNDALE AVE,822,,,,,,,3,NO INDICATION OF INJURY,0,0,0,0,0,1,0,23,7,9,41.79582184,-87.71573248,POINT (-87.715732478556 41.795821838207)
JC443305,,9/21/2019 23:19,30,NO CONTROLS,NO CONTROLS,RAIN,"DARKNESS, LIGHTED ROAD",REAR END,NOT DIVIDED,,STRAIGHT AND LEVEL,WET,NO DEFECTS,ON SCENE,NO INJURY / DRIVE AWAY,,,Y,"OVER $1,500",9/21/2019 23:19,FOLLOWING TOO CLOSELY,FOLLOWING TOO CLOSELY,199,W,119TH ST,522,,,,,,,2,NO INDICATION OF INJURY,0,0,0,0,0,3,0,23,7,9,41.67786259,-87.62740101,POINT (-87.627401006921 41.677862591235)
JC443959,,9/21/2019 23:00,30,NO CONTROLS,NO CONTROLS,CLEAR,DAYLIGHT,PARKED MOTOR VEHICLE,ONE-WAY,,STRAIGHT AND LEVEL,DRY,NO DEFECTS,NOT ON SCENE (DESK REPORT),NO INJURY / DRIVE AWAY,,,Y,"$501 - $1,500",9/22/2019 14:32,NOT APPLICABLE,NOT APPLICABLE,7100,S,TALMAN AVE,831,,,,,,,2,NO INDICATION OF INJURY,0,0,0,0,0,1,0,23,7,9,41.76450399,-87.68950355,POINT (-87.68950354957 41.76450399244)
JC443384,,9/21/2019 22:54,30,NO CONTROLS,NO CONTROLS,RAIN,"DARKNESS, LIGHTED ROAD",PARKED MOTOR VEHICLE,ONE-WAY,,STRAIGHT AND LEVEL,WET,NO DEFECTS,ON SCENE,NO INJURY / DRIVE AWAY,,,Y,"$501 - $1,500",9/21/2019 22:54,UNABLE TO DETERMINE,UNABLE TO DETERMINE,2910,W,61ST ST,823,,,,,,,2,NO INDICATION OF INJURY,0,0,0,0,0,2,0,22,7,9,41.78282468,-87.69645315,POINT (-87.696453151336 41.782824679637)
JC443292,,9/21/2019 22:46,30,NO CONTROLS,NO CONTROLS,RAIN,"DARKNESS, LIGHTED ROAD",TURNING,DIVIDED - W/MEDIAN (NOT RAISED),,STRAIGHT AND LEVEL,WET,NO DEFECTS,ON SCENE,INJURY AND / OR TOW DUE TO CRASH,,,Y,"OVER $1,500",9/21/2019 22:46,"OPERATING VEHICLE IN ERRATIC, RECKLESS, CARELESS, NEGLIGENT OR AGGRESSIVE MANNER",FAILING TO REDUCE SPEED TO AVOID CRASH,4920,W,IRVING PARK RD,1624,,,,,,,2,NO INDICATION OF INJURY,0,0,0,0,0,3,0,22,7,9,41.95348584,-87.75073173,POINT (-87.750731727572 41.953485842713)
JC447550,,9/21/2019 22:35,35,NO CONTROLS,NO CONTROLS,CLEAR,"DARKNESS, LIGHTED ROAD",OTHER NONCOLLISION,DIVIDED - W/MEDIAN (NOT RAISED),,STRAIGHT AND LEVEL,DRY,"RUT, HOLES",NOT ON SCENE (DESK REPORT),NO INJURY / DRIVE AWAY,,,,"$501 - $1,500",9/25/2019 8:45,ROAD ENGINEERING/SURFACE/MARKING DEFECTS,NOT APPLICABLE,5413,S,CENTRAL AVE,814,Y,,,,,,1,NO INDICATION OF INJURY,0,0,0,0,0,1,0,22,7,9,41.79411712,-87.76220165,POINT (-87.762201649501 41.794117118485)
JC443297,,9/21/2019 22:35,30,TRAFFIC SIGNAL,FUNCTIONING PROPERLY,RAIN,"DARKNESS, LIGHTED ROAD",REAR END,OTHER,,STRAIGHT AND LEVEL,WET,NO DEFECTS,NOT ON SCENE (DESK REPORT),NO INJURY / DRIVE AWAY,Y,,Y,"OVER $1,500",9/21/2019 23:20,UNABLE TO DETERMINE,NOT APPLICABLE,400,W,DIVISION ST,1821,,,,,,,4,NO INDICATION OF INJURY,0,0,0,0,0,5,0,22,7,9,41.90390274,-87.63837089,POINT (-87.63837088624 41.903902742747)
JC443282,,9/21/2019 22:33,30,NO CONTROLS,NO CONTROLS,RAIN,"DARKNESS, LIGHTED ROAD",REAR END,NOT DIVIDED,,STRAIGHT AND LEVEL,WET,NO DEFECTS,ON SCENE,NO INJURY / DRIVE AWAY,,,Y,"OVER $1,500",9/21/2019 22:34,FOLLOWING TOO CLOSELY,FAILING TO REDUCE SPEED TO AVOID CRASH,7021,W,GRAND AVE,2512,,,,,,,2,NO INDICATION OF INJURY,0,0,0,0,0,4,0,22,7,9,41.92343755,-87.80165439,POINT (-87.801654390826 41.923437554451)
JC443285,,9/21/2019 22:31,45,TRAFFIC SIGNAL,FUNCTIONING PROPERLY,RAIN,DARKNESS,REAR END,OTHER,,STRAIGHT AND LEVEL,WET,NO DEFECTS,ON SCENE,NO INJURY / DRIVE AWAY,N,,,"OVER $1,500",9/21/2019 22:47,FAILING TO REDUCE SPEED TO AVOID CRASH,FOLLOWING TOO CLOSELY,1201,S,LAKE SHORE DR E,132,,,,,,,2,NO INDICATION OF INJURY,0,0,0,0,0,2,0,22,7,9,41.86733072,-87.61865464,POINT (-87.61865463769 41.867330715666)
JC448517,,9/21/2019 22:30,30,STOP SIGN/FLASHER,NO CONTROLS,RAIN,"DARKNESS, LIGHTED ROAD",TURNING,ONE-WAY,,STRAIGHT AND LEVEL,DRY,NO DEFECTS,NOT ON SCENE (DESK REPORT),NO INJURY / DRIVE AWAY,Y,,Y,"OVER $1,500",9/25/2019 21:00,UNABLE TO DETERMINE,UNABLE TO DETERMINE,5400,S,LAKE PARK AVE,234,,,,,,,2,NO INDICATION OF INJURY,0,0,0,0,0,2,0,22,7,9,41.7979498,-87.5873944,POINT (-87.587394398496 41.79794980011)
JC444136,,9/21/2019 22:30,25,NO CONTROLS,NO CONTROLS,CLEAR,"DARKNESS, LIGHTED ROAD",FIXED OBJECT,DIVIDED - W/MEDIAN (NOT RAISED),,STRAIGHT AND LEVEL,DRY,"RUT, HOLES",NOT ON SCENE (DESK REPORT),NO INJURY / DRIVE AWAY,,,,"OVER $1,500",9/22/2019 16:30,NOT APPLICABLE,UNABLE TO DETERMINE,5413,S,CENTRAL AVE,814,,,,,,,1,NO INDICATION OF INJURY,0,0,0,0,0,1,0,22,7,9,41.79411712,-87.76220165,POINT (-87.762201649501 41.794117118485)
JC444101,,9/21/2019 22:30,25,NO CONTROLS,NO CONTROLS,RAIN,"DARKNESS, LIGHTED ROAD",SIDESWIPE SAME DIRECTION,NOT DIVIDED,,STRAIGHT AND LEVEL,WET,NO DEFECTS,NOT ON SCENE (DESK REPORT),NO INJURY / DRIVE AWAY,,,,"$501 - $1,500",9/22/2019 16:41,IMPROPER LANE USAGE,UNABLE TO DETERMINE,724,W,MADISON ST,1224,,,,,,,2,NO INDICATION OF INJURY,0,0,0,0,0,2,0,22,7,9,41.88189819,-87.64663913,POINT (-87.646639124673 41.881898187919)
JC443786,Y,9/21/2019 22:30,15,NO CONTROLS,UNKNOWN,UNKNOWN,UNKNOWN,PARKED MOTOR VEHICLE,ONE-WAY,,STRAIGHT AND LEVEL,UNKNOWN,UNKNOWN,ON SCENE,NO INJURY / DRIVE AWAY,,,Y,"OVER $1,500",9/22/2019 11:38,UNABLE TO DETERMINE,NOT APPLICABLE,7543,N,WOLCOTT AVE,2424,,,,,,,2,NO INDICATION OF INJURY,0,0,0,0,0,1,0,22,7,9,42.01918074,-87.67748766,POINT (-87.677487662374 42.01918074205)
JC443300,,9/21/2019 22:30,40,NO CONTROLS,NO CONTROLS,RAIN,"DARKNESS, LIGHTED ROAD",SIDESWIPE SAME DIRECTION,DIVIDED - W/MEDIAN BARRIER,,"CURVE, LEVEL",WET,NO DEFECTS,ON SCENE,NO INJURY / DRIVE AWAY,,,,"$501 - $1,500",9/21/2019 22:40,IMPROPER LANE USAGE,DRIVING SKILLS/KNOWLEDGE/EXPERIENCE,600,N,LAKE SHORE DR SB,1834,,,,,,,2,NO INDICATION OF INJURY,0,0,0,0,0,4,0,22,7,9,41.89266728,-87.61436255,POINT (-87.614362548909 41.89266727562)
JC443277,,9/21/2019 22:24,30,NO CONTROLS,NO CONTROLS,RAIN,"DARKNESS, LIGHTED ROAD",PARKED MOTOR VEHICLE,OTHER,,STRAIGHT AND LEVEL,WET,NO DEFECTS,ON SCENE,INJURY AND / OR TOW DUE TO CRASH,,,Y,"OVER $1,500",9/21/2019 22:24,UNABLE TO DETERMINE,UNABLE TO DETERMINE,6242,S,MENARD AVE,812,,,,,,,3,NONINCAPACITATING INJURY,1,0,0,1,0,0,0,22,7,9,41.77849723,-87.7667758,POINT (-87.766775802078 41.778497226164)
JC454560,,9/21/2019 22:20,30,UNKNOWN,UNKNOWN,UNKNOWN,UNKNOWN,REAR END,UNKNOWN,,STRAIGHT AND LEVEL,UNKNOWN,UNKNOWN,NOT ON SCENE (DESK REPORT),NO INJURY / DRIVE AWAY,,,,"OVER $1,500",9/30/2019 16:45,UNABLE TO DETERMINE,NOT APPLICABLE,5537,W,FOSTER AVE,1623,,,,,,,2,NO INDICATION OF INJURY,0,0,0,0,0,2,0,22,7,9,41.97557597,-87.76779287,POINT (-87.767792870895 41.975575973262)
JC445621,,9/21/2019 22:20,30,NO CONTROLS,NO CONTROLS,CLEAR,DAYLIGHT,FIXED OBJECT,NOT DIVIDED,,STRAIGHT AND LEVEL,DRY,"RUT, HOLES",NOT ON SCENE (DESK REPORT),NO INJURY / DRIVE AWAY,,,,"OVER $1,500",9/23/2019 18:44,NOT APPLICABLE,NOT APPLICABLE,5400,S,CENTRAL AVE,811,,,,,,,1,NO INDICATION OF INJURY,0,0,0,0,0,1,0,22,7,9,41.79444674,-87.76250787,POINT (-87.762507874456 41.794446738302)
JC443268,,9/21/2019 22:20,30,NO CONTROLS,FUNCTIONING PROPERLY,RAIN,DARKNESS,ANGLE,NOT DIVIDED,,STRAIGHT AND LEVEL,WET,NO DEFECTS,ON SCENE,INJURY AND / OR TOW DUE TO CRASH,,,,"OVER $1,500",9/21/2019 22:25,IMPROPER OVERTAKING/PASSING,NOT APPLICABLE,6921,S,SOUTH SHORE DR,334,,,,,,,2,NO INDICATION OF INJURY,0,0,0,0,0,2,0,22,7,9,41.76924884,-87.56638479,POINT (-87.566384786459 41.769248840156)
JC443266,,9/21/2019 22:19,30,NO CONTROLS,NO CONTROLS,RAIN,"DARKNESS, LIGHTED ROAD",PARKED MOTOR VEHICLE,DIVIDED - W/MEDIAN (NOT RAISED),,STRAIGHT AND LEVEL,WET,NO DEFECTS,ON SCENE,NO INJURY / DRIVE AWAY,,,,$500 OR LESS,9/21/2019 22:25,IMPROPER OVERTAKING/PASSING,NOT APPLICABLE,63,E,CONGRESS PKWY,123,,,,,,,2,NO INDICATION OF INJURY,0,0,0,0,0,1,0,22,7,9,41.8755929,-87.62524291,POINT (-87.625242912084 41.87559290364)
JC445338,,9/21/2019 22:15,30,TRAFFIC SIGNAL,FUNCTIONING PROPERLY,FREEZING RAIN/DRIZZLE,DARKNESS,TURNING,NOT DIVIDED,,STRAIGHT AND LEVEL,UNKNOWN,UNKNOWN,NOT ON SCENE (DESK REPORT),INJURY AND / OR TOW DUE TO CRASH,Y,,,"$501 - $1,500",9/23/2019 15:42,IMPROPER LANE USAGE,IMPROPER OVERTAKING/PASSING,1359,W,ADDISON ST,1924,,,,,,,2,"REPORTED, NOT EVIDENT",1,0,0,0,1,3,0,22,7,9,41.94695923,-87.66395153,POINT (-87.663951525155 41.946959232866)
JC443265,,9/21/2019 22:15,30,NO CONTROLS,NO CONTROLS,RAIN,"DARKNESS, LIGHTED ROAD",PARKED MOTOR VEHICLE,NOT DIVIDED,,STRAIGHT AND LEVEL,WET,NO DEFECTS,ON SCENE,INJURY AND / OR TOW DUE TO CRASH,,,,"OVER $1,500",9/21/2019 22:22,UNABLE TO DETERMINE,NOT APPLICABLE,621,S,PULASKI RD,1132,,,,,,,3,NO INDICATION OF INJURY,0,0,0,0,0,2,0,22,7,9,41.8728061,-87.72525642,POINT (-87.725256419771 41.872806097474)
JC443262,,9/21/2019 22:13,30,NO CONTROLS,NO CONTROLS,RAIN,"DARKNESS, LIGHTED ROAD",SIDESWIPE SAME DIRECTION,DIVIDED - W/MEDIAN BARRIER,,STRAIGHT AND LEVEL,WET,NO DEFECTS,ON SCENE,NO INJURY / DRIVE AWAY,,,,"$501 - $1,500",9/21/2019 22:13,IMPROPER LANE USAGE,NOT APPLICABLE,222,W,CERMAK RD,914,,,,,,,2,NO INDICATION OF INJURY,0,0,0,0,0,2,0,22,7,9,41.85294798,-87.63299467,POINT (-87.632994673768 41.852947982499)
JC447043,,9/21/2019 22:00,30,TRAFFIC SIGNAL,FUNCTIONING PROPERLY,RAIN,DARKNESS,PEDESTRIAN,DIVIDED - W/MEDIAN (NOT RAISED),,STRAIGHT AND LEVEL,WET,NO DEFECTS,NOT ON SCENE (DESK REPORT),INJURY AND / OR TOW DUE TO CRASH,Y,,Y,$500 OR LESS,9/24/2019 19:15,UNABLE TO DETERMINE,NOT APPLICABLE,4500,S,KEDZIE AVE,821,,,,,,,2,"REPORTED, NOT EVIDENT",1,0,0,0,1,1,0,22,7,9,41.81160034,-87.70425722,POINT (-87.704257223316 41.811600339039)
JC446865,,9/21/2019 22:00,25,NO CONTROLS,NO CONTROLS,CLEAR,"DARKNESS, LIGHTED ROAD",PARKED MOTOR VEHICLE,ONE-WAY,,STRAIGHT AND LEVEL,DRY,NO DEFECTS,NOT ON SCENE (DESK REPORT),NO INJURY / DRIVE AWAY,,,Y,"$501 - $1,500",9/24/2019 17:09,UNABLE TO DETERMINE,UNABLE TO DETERMINE,3849,W,AINSLIE ST,1712,,,,,,,2,NO INDICATION OF INJURY,0,0,0,0,0,1,0,22,7,9,41.96998751,-87.72520646,POINT (-87.725206459663 41.96998751086)
JC443276,,9/21/2019 21:58,35,STOP SIGN/FLASHER,FUNCTIONING PROPERLY,RAIN,"DARKNESS, LIGHTED ROAD",REAR END,NOT DIVIDED,,STRAIGHT AND LEVEL,WET,UNKNOWN,ON SCENE,NO INJURY / DRIVE AWAY,Y,,,"OVER $1,500",9/21/2019 22:10,FAILING TO REDUCE SPEED TO AVOID CRASH,UNABLE TO DETERMINE,3524,N,HARLEM AVE,1631,,,,,,,2,NO INDICATION OF INJURY,0,0,0,0,0,3,0,21,7,9,41.94421148,-87.8071163,POINT (-87.807116298978 41.944211475403)
JC443242,,9/21/2019 21:52,30,TRAFFIC SIGNAL,FUNCTIONING PROPERLY,RAIN,"DARKNESS, LIGHTED ROAD",ANGLE,DIVIDED - W/MEDIAN (NOT RAISED),,STRAIGHT AND LEVEL,WET,NO DEFECTS,ON SCENE,INJURY AND / OR TOW DUE TO CRASH,Y,,,"OVER $1,500",9/21/2019 21:54,FAILING TO REDUCE SPEED TO AVOID CRASH,UNABLE TO DETERMINE,201,S,DAMEN AVE,1225,N,,,,,,2,NO INDICATION OF INJURY,0,0,0,0,0,2,0,21,7,9,41.87868405,-87.67643181,POINT (-87.676431806157 41.878684049235)
JC443256,,9/21/2019 21:50,30,TRAFFIC SIGNAL,FUNCTIONING PROPERLY,RAIN,"DARKNESS, LIGHTED ROAD",TURNING,FOUR WAY,,STRAIGHT AND LEVEL,WET,NO DEFECTS,ON SCENE,INJURY AND / OR TOW DUE TO CRASH,Y,,,"OVER $1,500",9/21/2019 21:51,WEATHER,UNABLE TO DETERMINE,1200,N,ELSTON AVE,1433,,,,,,,2,"REPORTED, NOT EVIDENT",1,0,0,0,1,1,0,21,7,9,41.9034698,-87.6585224,POINT (-87.658522400154 41.903469797829)