RD_NO,CRASH_DATE_EST_I,CRASH_DATE,POSTED_SPEED_LIMIT,TRAFFIC_CONTROL_DEVICE,DEVICE_CONDITION,WEATHER_CONDITION,LIGHTING_CONDITION,FIRST_CRASH_TYPE,TRAFFICWAY_TYPE,LANE_CNT,ALIGNMENT,ROADWAY_SURFACE_COND,ROAD_DEFECT,REPORT_TYPE,CRASH_TYPE,INTERSECTION_RELATED_I,NOT_RIGHT_OF_WAY_I,HIT_AND_RUN_I,DAMAGE,DATE_POLICE_NOTIFIED,PRIM_CONTRIBUTORY_CAUSE,SEC_CONTRIBUTORY_CAUSE,STREET_NO,STREET_DIRECTION,STREET_NAME,BEAT_OF_OCCURRENCE,PHOTOS_TAKEN_I,STATEMENTS_TAKEN_I,DOORING_I,WORK_ZONE_I,WORK_ZONE_TYPE,WORKERS_PRESENT_I,NUM_UNITS,MOST_SEVERE_INJURY,INJURIES_TOTAL,INJURIES_FATAL,INJURIES_INCAPACITATING,INJURIES_NON_INCAPACITATING,INJURIES_REPORTED_NOT_EVIDENT,INJURIES_NO_INDICATION,INJURIES_UNKNOWN,CRASH_HOUR,CRASH_DAY_OF_WEEK,CRASH_MONTH,LATITUDE,LONGITUDE,LOCATION
JC443386,,9/21/2019 21:45,30,TRAFFIC SIGNAL,UNKNOWN,RAIN,"DARKNESS, LIGHTED ROAD",PEDESTRIAN,FOUR WAY,,STRAIGHT AND LEVEL,WET,UNKNOWN,ON SCENE,INJURY AND / OR TOW DUE TO CRASH,Y,,Y,$500 OR LESS,9/21/2019 21:45,UNABLE TO DETERMINE,UNABLE TO DETERMINE,7100,S,ASHLAND AVE,735,,,,,,,2,"REPORTED, NOT EVIDENT",1,0,0,0,1,1,0,21,7,9,41.76485938,-87.66394018,POINT (-87.663940176305 41.764859382425)
JC443294,,9/21/2019 21:45,15,NO CONTROLS,NO CONTROLS,RAIN,DARKNESS,PARKED MOTOR VEHICLE,NOT DIVIDED,,STRAIGHT AND LEVEL,WET,NO DEFECTS,ON SCENE,NO INJURY / DRIVE AWAY,,,,$500 OR LESS,9/21/2019 22:45,EQUIPMENT - VEHICLE CONDITION,NOT APPLICABLE,2223,S,KENNETH AVE,1013,,,,,,,2,,,,,,,,,21,7,9,41.85066136,-87.73544912,POINT (-87.735449120794 41.850661357894)
JC433296,,9/21/2019 21:45,30,NO CONTROLS,NO CONTROLS,RAIN,"DARKNESS, LIGHTED ROAD",PARKED MOTOR VEHICLE,ONE-WAY,,STRAIGHT AND LEVEL,WET,NO DEFECTS,ON SCENE,NO INJURY / DRIVE AWAY,,,Y,"OVER $1,500",9/21/2019 21:45,UNABLE TO DETERMINE,UNABLE TO DETERMINE,2535,W,64TH ST,825,,,,,,,2,NO INDICATION OF INJURY,0,0,0,0,0,3,0,21,7,9,41.77727345,-87.68739694,POINT (-87.687396936431 41.777273450676)
JC443235,,9/21/2019 21:44,30,NO CONTROLS,NO CONTROLS,RAIN,"DARKNESS, LIGHTED ROAD",PEDESTRIAN,ONE-WAY,,STRAIGHT AND LEVEL,WET,NO DEFECTS,ON SCENE,INJURY AND / OR TOW DUE TO CRASH,Y,,,"OVER $1,500",9/21/2019 21:46,FAILING TO YIELD RIGHT-OF-WAY,"VISION OBSCURED (SIGNS, TREE LIMBS, BUILDINGS, ETC.)",2800,N,CAMBRIDGE AVE,1934,,,,,,,2,NONINCAPACITATING INJURY,1,0,0,1,0,1,0,21,7,9,41.93291244,-87.64288725,POINT (-87.642887252907 41.932912437572)
JC443295,,9/21/2019 21:41,30,NO CONTROLS,NO CONTROLS,CLEAR,"DARKNESS, LIGHTED ROAD",REAR END,PARKING LOT,,STRAIGHT AND LEVEL,DRY,NO DEFECTS,NOT ON SCENE (DESK REPORT),INJURY AND / OR TOW DUE TO CRASH,,Y,,"OVER $1,500",9/21/2019 22:20,IMPROPER BACKING,NOT APPLICABLE,2150,S,CANALPORT AVE,1235,,,,,,,2,"REPORTED, NOT EVIDENT",1,0,0,0,1,1,0,21,7,9,41.85330146,-87.6499297,POINT (-87.649929695282 41.853301464075)
JC443255,,9/21/2019 21:40,25,STOP SIGN/FLASHER,FUNCTIONING PROPERLY,RAIN,"DARKNESS, LIGHTED ROAD",ANGLE,NOT DIVIDED,,STRAIGHT AND LEVEL,WET,NO DEFECTS,NOT ON SCENE (DESK REPORT),NO INJURY / DRIVE AWAY,Y,,Y,"OVER $1,500",9/21/2019 22:15,FAILING TO YIELD RIGHT-OF-WAY,UNABLE TO DETERMINE,6700,S,SPRINGFIELD AVE,833,,,,,,,2,NO INDICATION OF INJURY,0,0,0,0,0,2,0,21,7,9,41.77136425,-87.72026953,POINT (-87.720269533804 41.771364247393)
JC443248,,9/21/2019 21:40,30,TRAFFIC SIGNAL,FUNCTIONING PROPERLY,RAIN,"DARKNESS, LIGHTED ROAD",ANGLE,FOUR WAY,,STRAIGHT AND LEVEL,WET,NO DEFECTS,ON SCENE,INJURY AND / OR TOW DUE TO CRASH,Y,,,"OVER $1,500",9/21/2019 22:10,FAILING TO REDUCE SPEED TO AVOID CRASH,DISREGARDING TRAFFIC SIGNALS,10000,S,DR MARTIN LUTHER KING JR DR,511,,,,,,,2,NO INDICATION OF INJURY,0,0,0,0,0,2,0,21,7,9,41.71242201,-87.61406725,POINT (-87.614067252063 41.712422005001)
JC443252,,9/21/2019 21:38,30,NO CONTROLS,NO CONTROLS,RAIN,"DARKNESS, LIGHTED ROAD",REAR TO FRONT,ONE-WAY,,STRAIGHT AND LEVEL,WET,NO DEFECTS,ON SCENE,NO INJURY / DRIVE AWAY,,,Y,"OVER $1,500",9/21/2019 21:50,UNABLE TO DETERMINE,NOT APPLICABLE,114,W,ILLINOIS ST,1831,,,,,,,2,NO INDICATION OF INJURY,0,0,0,0,0,3,0,21,7,9,41.89092126,-87.63179134,POINT (-87.631791340153 41.890921258012)
JC443283,,9/21/2019 21:35,30,NO CONTROLS,NO CONTROLS,RAIN,"DARKNESS, LIGHTED ROAD",ANGLE,NOT DIVIDED,,STRAIGHT AND LEVEL,WET,UNKNOWN,NOT ON SCENE (DESK REPORT),NO INJURY / DRIVE AWAY,,,,"OVER $1,500",9/21/2019 23:00,UNABLE TO DETERMINE,NOT APPLICABLE,4038,W,BELMONT AVE,1731,,,,,,,2,NO INDICATION OF INJURY,0,0,0,0,0,2,0,21,7,9,41.93918261,-87.72876044,POINT (-87.728760435318 41.939182606825)
JC444246,,9/21/2019 21:30,30,NO CONTROLS,NO CONTROLS,CLEAR,"DARKNESS, LIGHTED ROAD",SIDESWIPE SAME DIRECTION,NOT DIVIDED,,STRAIGHT AND LEVEL,DRY,NO DEFECTS,NOT ON SCENE (DESK REPORT),NO INJURY / DRIVE AWAY,,,,"$501 - $1,500",9/22/2019 18:35,IMPROPER LANE USAGE,NOT APPLICABLE,6300,W,FULLERTON AVE,2512,,,,,,,2,NO INDICATION OF INJURY,0,0,0,0,0,2,0,21,7,9,41.92382472,-87.78307748,POINT (-87.783077475351 41.923824716985)
JC443895,,9/21/2019 21:30,30,TRAFFIC SIGNAL,FUNCTIONING PROPERLY,RAIN,DARKNESS,TURNING,ONE-WAY,,STRAIGHT AND LEVEL,WET,UNKNOWN,NOT ON SCENE (DESK REPORT),NO INJURY / DRIVE AWAY,Y,,,"$501 - $1,500",9/22/2019 13:29,IMPROPER OVERTAKING/PASSING,IMPROPER OVERTAKING/PASSING,3200,N,LAKE SHORE DR SB,1925,,,,,,,2,NO INDICATION OF INJURY,0,0,0,0,0,3,0,21,7,9,41.9404429,-87.63863354,POINT (-87.638633539238 41.940442902597)
JC443852,,9/21/2019 21:30,30,UNKNOWN,UNKNOWN,RAIN,DARKNESS,SIDESWIPE SAME DIRECTION,NOT DIVIDED,,STRAIGHT AND LEVEL,WET,NO DEFECTS,NOT ON SCENE (DESK REPORT),NO INJURY / DRIVE AWAY,,,Y,"OVER $1,500",9/22/2019 13:00,UNABLE TO DETERMINE,NOT APPLICABLE,4252,S,CICERO AVE,814,,,,,,,2,NO INDICATION OF INJURY,0,0,0,0,0,4,0,21,7,9,41.81517801,-87.74350723,POINT (-87.743507226125 41.81517800531)
JC443345,,9/21/2019 21:30,30,NO CONTROLS,NO CONTROLS,RAIN,"DARKNESS, LIGHTED ROAD",FIXED OBJECT,NOT DIVIDED,,STRAIGHT AND LEVEL,WET,"RUT, HOLES",NOT ON SCENE (DESK REPORT),NO INJURY / DRIVE AWAY,,,,$500 OR LESS,9/22/2019 0:15,UNABLE TO DETERMINE,UNABLE TO DETERMINE,5419,S,CENTRAL AVE,814,Y,,,,,,1,NO INDICATION OF INJURY,0,0,0,0,0,1,0,21,7,9,41.79394916,-87.76219472,POINT (-87.762194714741 41.793949157297)
JC443247,,9/21/2019 21:23,30,UNKNOWN,UNKNOWN,RAIN,"DARKNESS, LIGHTED ROAD",REAR END,DIVIDED - W/MEDIAN (NOT RAISED),,STRAIGHT AND LEVEL,WET,UNKNOWN,NOT ON SCENE (DESK REPORT),NO INJURY / DRIVE AWAY,,,Y,"OVER $1,500",9/21/2019 21:50,UNABLE TO DETERMINE,NOT APPLICABLE,4135,S,CALIFORNIA AVE,921,,,,,,,2,NO INDICATION OF INJURY,0,0,0,0,0,8,0,21,7,9,41.81817396,-87.69436505,POINT (-87.694365048553 41.81817395698)
JC443239,,9/21/2019 21:20,30,STOP SIGN/FLASHER,FUNCTIONING PROPERLY,RAIN,"DARKNESS, LIGHTED ROAD",ANGLE,NOT DIVIDED,,STRAIGHT AND LEVEL,WET,NO DEFECTS,NOT ON SCENE (DESK REPORT),NO INJURY / DRIVE AWAY,Y,,Y,"OVER $1,500",9/21/2019 22:00,FAILING TO YIELD RIGHT-OF-WAY,UNABLE TO DETERMINE,2632,W,51ST ST,923,,,,,,,2,NO INDICATION OF INJURY,0,0,0,0,0,2,0,21,7,9,41.80115904,-87.69040365,POINT (-87.690403652785 41.801159037478)
JC443224,,9/21/2019 21:20,40,TRAFFIC SIGNAL,FUNCTIONING PROPERLY,RAIN,"DARKNESS, LIGHTED ROAD",SIDESWIPE SAME DIRECTION,DIVIDED - W/MEDIAN BARRIER,,STRAIGHT AND LEVEL,WET,UNKNOWN,ON SCENE,NO INJURY / DRIVE AWAY,,,,"OVER $1,500",9/21/2019 21:30,DRIVING SKILLS/KNOWLEDGE/EXPERIENCE,UNABLE TO DETERMINE,743,N,LAKE SHORE DR NB,1833,,,,,,,2,NO INDICATION OF INJURY,0,0,0,0,0,4,0,21,7,9,41.89625684,-87.6161155,POINT (-87.616115504262 41.89625684108)
JC443198,,9/21/2019 21:17,30,NO CONTROLS,NO CONTROLS,RAIN,"DARKNESS, LIGHTED ROAD",PARKED MOTOR VEHICLE,NOT DIVIDED,,STRAIGHT AND LEVEL,WET,NO DEFECTS,ON SCENE,INJURY AND / OR TOW DUE TO CRASH,,,,"OVER $1,500",9/21/2019 21:18,WEATHER,NOT APPLICABLE,5522,S,KEDZIE AVE,822,,,,,,,2,NO INDICATION OF INJURY,0,0,0,0,0,1,0,21,7,9,41.79280178,-87.70368149,POINT (-87.703681488079 41.792801783553)
JC443228,,9/21/2019 21:16,30,UNKNOWN,UNKNOWN,RAIN,UNKNOWN,PEDESTRIAN,NOT DIVIDED,,STRAIGHT AND LEVEL,WET,UNKNOWN,ON SCENE,INJURY AND / OR TOW DUE TO CRASH,Y,,N,"OVER $1,500",9/21/2019 21:30,UNABLE TO DETERMINE,NOT APPLICABLE,7400,S,JEFFERY BLVD,333,,,,,,,2,NONINCAPACITATING INJURY,1,0,0,1,0,1,0,21,7,9,41.76062594,-87.57632659,POINT (-87.57632659035 41.760625940278)
JC444822,,9/21/2019 21:10,10,NO CONTROLS,NO CONTROLS,CLEAR,"DARKNESS, LIGHTED ROAD",PARKED MOTOR VEHICLE,PARKING LOT,,STRAIGHT AND LEVEL,DRY,NO DEFECTS,NOT ON SCENE (DESK REPORT),NO INJURY / DRIVE AWAY,,Y,,"OVER $1,500",9/23/2019 10:00,NOT APPLICABLE,NOT APPLICABLE,2941,W,59TH ST,824,,,,,,,2,NO INDICATION OF INJURY,0,0,0,0,0,1,0,21,7,9,41.7862315,-87.69764916,POINT (-87.697649162745 41.786231496902)
JC443244,,9/21/2019 21:10,30,TRAFFIC SIGNAL,FUNCTIONING PROPERLY,CLEAR,"DARKNESS, LIGHTED ROAD",REAR END,ONE-WAY,,STRAIGHT AND LEVEL,DRY,NO DEFECTS,NOT ON SCENE (DESK REPORT),NO INJURY / DRIVE AWAY,Y,,,"OVER $1,500",9/21/2019 22:00,FOLLOWING TOO CLOSELY,NOT APPLICABLE,11,W,WALTON ST,1832,,,,,,,2,NO INDICATION OF INJURY,0,0,0,0,0,2,0,21,7,9,41.89982036,-87.62878263,POINT (-87.628782624878 41.899820361726)
JC443204,,9/21/2019 21:10,30,STOP SIGN/FLASHER,NO CONTROLS,RAIN,"DARKNESS, LIGHTED ROAD",TURNING,DIVIDED - W/MEDIAN (NOT RAISED),,STRAIGHT AND LEVEL,WET,NO DEFECTS,NOT ON SCENE (DESK REPORT),NO INJURY / DRIVE AWAY,Y,,,"$501 - $1,500",9/21/2019 21:25,UNABLE TO DETERMINE,NOT APPLICABLE,800,S,CICERO AVE,1533,,,,,,,2,NO INDICATION OF INJURY,0,0,0,0,0,2,0,21,7,9,41.87023115,-87.74504037,POINT (-87.745040365265 41.870231144775)
JC443257,,9/21/2019 21:07,30,TRAFFIC SIGNAL,FUNCTIONING PROPERLY,RAIN,"DARKNESS, LIGHTED ROAD",ANGLE,NOT DIVIDED,,STRAIGHT AND LEVEL,WET,NO DEFECTS,,INJURY AND / OR TOW DUE TO CRASH,Y,,,"OVER $1,500",9/21/2019 22:02,DISREGARDING TRAFFIC SIGNALS,NOT APPLICABLE,23,N,WESTERN AVE,1223,,,,,,,2,NONINCAPACITATING INJURY,1,0,0,1,0,4,0,21,7,9,41.88191446,-87.68630385,POINT (-87.686303851898 41.881914460121)
JC443203,,9/21/2019 21:04,30,TRAFFIC SIGNAL,FUNCTIONING PROPERLY,RAIN,"DARKNESS, LIGHTED ROAD",TURNING,FOUR WAY,,STRAIGHT AND LEVEL,WET,UNKNOWN,ON SCENE,INJURY AND / OR TOW DUE TO CRASH,Y,,,"$501 - $1,500",9/21/2019 21:15,UNABLE TO DETERMINE,NOT APPLICABLE,1,N,CICERO AVE,1113,,,,,,,2,"REPORTED, NOT EVIDENT",1,0,0,0,1,1,0,21,7,9,41.88056699,-87.74513319,POINT (-87.745133194265 41.880566993238)
JC443249,Y,9/21/2019 21:03,30,TRAFFIC SIGNAL,FUNCTIONING PROPERLY,RAIN,"DARKNESS, LIGHTED ROAD",PEDESTRIAN,NOT DIVIDED,,STRAIGHT AND LEVEL,WET,UNKNOWN,NOT ON SCENE (DESK REPORT),INJURY AND / OR TOW DUE TO CRASH,Y,,Y,"OVER $1,500",9/21/2019 21:03,"OPERATING VEHICLE IN ERRATIC, RECKLESS, CARELESS, NEGLIGENT OR AGGRESSIVE MANNER",NOT APPLICABLE,1754,N,CENTRAL AVE,2531,,,,,,,2,"REPORTED, NOT EVIDENT",1,0,0,0,1,1,0,21,7,9,41.91284515,-87.76578268,POINT (-87.765782680534 41.912845148082)
JC443226,,9/21/2019 21:00,15,OTHER,NO CONTROLS,CLEAR,"DARKNESS, LIGHTED ROAD",REAR TO FRONT,PARKING LOT,,STRAIGHT AND LEVEL,WET,SHOULDER DEFECT,NOT ON SCENE (DESK REPORT),NO INJURY / DRIVE AWAY,,Y,,"$501 - $1,500",9/21/2019 21:30,FAILING TO YIELD RIGHT-OF-WAY,IMPROPER BACKING,1400,E,53RD ST,234,,,,,,,2,NO INDICATION OF INJURY,0,0,0,0,0,3,0,21,7,9,41.79962235,-87.59172041,POINT (-87.591720409883 41.79962235142)
JC443184,,9/21/2019 20:51,30,NO CONTROLS,FUNCTIONING PROPERLY,RAIN,DARKNESS,OVERTURNED,DIVIDED - W/MEDIAN BARRIER,,STRAIGHT AND LEVEL,WET,NO DEFECTS,ON SCENE,INJURY AND / OR TOW DUE TO CRASH,,,,"OVER $1,500",9/21/2019 20:51,FAILING TO REDUCE SPEED TO AVOID CRASH,NOT APPLICABLE,3934,W,IRVING PARK RD,1723,,,,,,,1,"REPORTED, NOT EVIDENT",1,0,0,0,1,0,0,20,7,9,41.95377336,-87.72653729,POINT (-87.726537293508 41.953773361319)
JC443261,,9/21/2019 20:50,5,NO CONTROLS,FUNCTIONING PROPERLY,CLEAR,DARKNESS,ANGLE,PARKING LOT,,STRAIGHT AND LEVEL,WET,UNKNOWN,NOT ON SCENE (DESK REPORT),NO INJURY / DRIVE AWAY,,,Y,"$501 - $1,500",9/21/2019 22:00,IMPROPER BACKING,NOT APPLICABLE,2743,N,ELSTON AVE,1432,,,,,,,2,NO INDICATION OF INJURY,0,0,0,0,0,4,0,20,7,9,41.93150624,-87.68661954,POINT (-87.686619535803 41.931506236911)
JC443178,,9/21/2019 20:46,35,TRAFFIC SIGNAL,FUNCTIONING PROPERLY,RAIN,"DARKNESS, LIGHTED ROAD",ANGLE,FOUR WAY,,STRAIGHT AND LEVEL,WET,NO DEFECTS,ON SCENE,NO INJURY / DRIVE AWAY,Y,,Y,"$501 - $1,500",9/21/2019 20:50,UNABLE TO DETERMINE,UNABLE TO DETERMINE,2,W,75TH ST,323,,,,,,,2,NO INDICATION OF INJURY,0,0,0,0,0,2,0,20,7,9,41.7582911,-87.62479001,POINT (-87.624790013679 41.758291097628)
JC443722,,9/21/2019 20:45,10,NO CONTROLS,NO CONTROLS,RAIN,DARKNESS,PARKED MOTOR VEHICLE,PARKING LOT,,STRAIGHT AND LEVEL,WET,NO DEFECTS,NOT ON SCENE (DESK REPORT),NO INJURY / DRIVE AWAY,,,Y,"$501 - $1,500",9/22/2019 10:56,UNABLE TO DETERMINE,UNABLE TO DETERMINE,2425,E,79TH ST,422,,,,,,,2,NO INDICATION OF INJURY,0,0,0,0,0,1,0,20,7,9,41.7516336,-87.56516065,POINT (-87.565160650934 41.751633598976)
JC443219,,9/21/2019 20:45,30,TRAFFIC SIGNAL,FUNCTIONING PROPERLY,RAIN,"DARKNESS, LIGHTED ROAD",SIDESWIPE OPPOSITE DIRECTION,ONE-WAY,,STRAIGHT AND LEVEL,DRY,NO DEFECTS,ON SCENE,NO INJURY / DRIVE AWAY,N,,,"OVER $1,500",9/21/2019 20:50,IMPROPER BACKING,NOT APPLICABLE,504,N,WELLS ST,1831,,,,,,,2,NO INDICATION OF INJURY,0,0,0,0,0,4,0,20,7,9,41.89095521,-87.63420044,POINT (-87.634200436763 41.890955206415)
JC443195,,9/21/2019 20:45,15,STOP SIGN/FLASHER,NO CONTROLS,RAIN,DARKNESS,TURNING,NOT DIVIDED,,STRAIGHT AND LEVEL,WET,NO DEFECTS,ON SCENE,NO INJURY / DRIVE AWAY,,,Y,"$501 - $1,500",9/21/2019 20:46,"OPERATING VEHICLE IN ERRATIC, RECKLESS, CARELESS, NEGLIGENT OR AGGRESSIVE MANNER",DISREGARDING STOP SIGN,2460,N,KILPATRICK AVE,2521,,,,,,,3,NO INDICATION OF INJURY,0,0,0,0,0,2,0,20,7,9,41.92615253,-87.74408225,POINT (-87.74408224969 41.926152527868)
JC443176,,9/21/2019 20:40,30,NO CONTROLS,NO CONTROLS,RAIN,DARKNESS,FIXED OBJECT,NOT DIVIDED,,STRAIGHT AND LEVEL,WET,NO DEFECTS,ON SCENE,INJURY AND / OR TOW DUE TO CRASH,,,,"OVER $1,500",9/21/2019 20:45,WEATHER,NOT APPLICABLE,6710,S,SOUTH SHORE DR,331,,,,,,,1,NO INDICATION OF INJURY,0,0,0,0,0,1,0,20,7,9,41.7731823,-87.5667957,POINT (-87.566795701569 41.773182303798)
JC443210,,9/21/2019 20:35,30,NO CONTROLS,NO CONTROLS,RAIN,"DARKNESS, LIGHTED ROAD",PARKED MOTOR VEHICLE,DIVIDED - W/MEDIAN (NOT RAISED),,STRAIGHT AND LEVEL,WET,NO DEFECTS,NOT ON SCENE (DESK REPORT),NO INJURY / DRIVE AWAY,,,,"$501 - $1,500",9/21/2019 22:10,UNABLE TO DETERMINE,UNABLE TO DETERMINE,3792,W,79TH ST,833,,,,,,,2,NO INDICATION OF INJURY,0,0,0,0,0,1,0,20,7,9,41.74974186,-87.71794639,POINT (-87.71794639163 41.749741862819)
JC447001,,9/21/2019 20:30,30,UNKNOWN,UNKNOWN,CLEAR,"DARKNESS, LIGHTED ROAD",FIXED OBJECT,NOT DIVIDED,,STRAIGHT AND LEVEL,WET,NO DEFECTS,NOT ON SCENE (DESK REPORT),INJURY AND / OR TOW DUE TO CRASH,,,,"OVER $1,500",9/24/2019 18:53,ROAD CONSTRUCTION/MAINTENANCE,NOT APPLICABLE,300,E,111TH ST,513,,,,,,,1,NO INDICATION OF INJURY,0,0,0,0,0,1,0,20,7,9,41.69280108,-87.61564503,POINT (-87.61564503127 41.692801077756)
JC445513,Y,9/21/2019 20:30,15,NO CONTROLS,NO CONTROLS,UNKNOWN,UNKNOWN,PARKED MOTOR VEHICLE,PARKING LOT,,STRAIGHT AND LEVEL,OTHER,NO DEFECTS,NOT ON SCENE (DESK REPORT),NO INJURY / DRIVE AWAY,,Y,,"OVER $1,500",9/23/2019 7:20,UNABLE TO DETERMINE,UNABLE TO DETERMINE,7545,N,WINCHESTER AVE,2424,,,,,,,2,NO INDICATION OF INJURY,0,0,0,0,0,1,0,20,7,9,42.01924456,-87.678894,POINT (-87.678893996742 42.019244564127)
JC445169,,9/21/2019 20:30,30,NO CONTROLS,NO CONTROLS,RAIN,"DARKNESS, LIGHTED ROAD",PARKED MOTOR VEHICLE,ONE-WAY,,STRAIGHT AND LEVEL,WET,UNKNOWN,NOT ON SCENE (DESK REPORT),NO INJURY / DRIVE AWAY,,,Y,"OVER $1,500",9/23/2019 13:26,UNABLE TO DETERMINE,UNABLE TO DETERMINE,7135,S,YALE AVE,731,,,,,,,2,NO INDICATION OF INJURY,0,0,0,0,0,2,0,20,7,9,41.76436358,-87.63083056,POINT (-87.630830555373 41.764363577254)
JC444757,,9/21/2019 20:30,20,NO CONTROLS,NO CONTROLS,CLEAR,"DARKNESS, LIGHTED ROAD",SIDESWIPE OPPOSITE DIRECTION,DRIVEWAY,,STRAIGHT AND LEVEL,DRY,NO DEFECTS,NOT ON SCENE (DESK REPORT),INJURY AND / OR TOW DUE TO CRASH,,,Y,"$501 - $1,500",9/23/2019 8:41,UNABLE TO DETERMINE,NOT APPLICABLE,5031,W,MADISON ST,1533,,,,,,,2,INCAPACITATING INJURY,1,0,1,0,0,2,0,20,7,9,41.88031159,-87.75126418,POINT (-87.751264175592 41.880311591726)
JC444108,,9/21/2019 20:30,30,TRAFFIC SIGNAL,FUNCTIONING PROPERLY,CLEAR,DARKNESS,REAR END,NOT DIVIDED,,STRAIGHT AND LEVEL,DRY,UNKNOWN,NOT ON SCENE (DESK REPORT),NO INJURY / DRIVE AWAY,Y,,Y,"OVER $1,500",9/22/2019 16:41,UNABLE TO DETERMINE,UNABLE TO DETERMINE,534,W,VAN BUREN ST,121,,,,,,,2,NO INDICATION OF INJURY,0,0,0,0,0,2,0,20,7,9,41.87686271,-87.64096974,POINT (-87.640969740955 41.876862713171)
JC443223,,9/21/2019 20:30,30,NO CONTROLS,NO CONTROLS,RAIN,"DARKNESS, LIGHTED ROAD",SIDESWIPE SAME DIRECTION,NOT DIVIDED,,STRAIGHT ON GRADE,WET,NO DEFECTS,NOT ON SCENE (DESK REPORT),NO INJURY / DRIVE AWAY,,,,$500 OR LESS,9/21/2019 21:35,"OPERATING VEHICLE IN ERRATIC, RECKLESS, CARELESS, NEGLIGENT OR AGGRESSIVE MANNER",UNABLE TO DETERMINE,120,W,127TH ST,523,,,,,,,2,NO INDICATION OF INJURY,0,0,0,0,0,3,0,20,7,9,41.66351679,-87.6254216,POINT (-87.62542160438 41.663516785216)
JC443215,,9/21/2019 20:30,35,NO CONTROLS,NO CONTROLS,RAIN,"DARKNESS, LIGHTED ROAD",SIDESWIPE SAME DIRECTION,DIVIDED - W/MEDIAN (NOT RAISED),,STRAIGHT AND LEVEL,WET,NO DEFECTS,NOT ON SCENE (DESK REPORT),NO INJURY / DRIVE AWAY,,,Y,"$501 - $1,500",9/21/2019 22:00,IMPROPER LANE USAGE,NOT APPLICABLE,535,N,MICHIGAN AVE,1834,,,,,,,2,NO INDICATION OF INJURY,0,0,0,0,0,2,0,20,7,9,41.89189708,-87.62401629,POINT (-87.624016288559 41.891897075755)
JC443209,,9/21/2019 20:30,30,TRAFFIC SIGNAL,UNKNOWN,RAIN,"DARKNESS, LIGHTED ROAD",TURNING,NOT DIVIDED,,STRAIGHT AND LEVEL,WET,NO DEFECTS,NOT ON SCENE (DESK REPORT),NO INJURY / DRIVE AWAY,Y,,Y,$500 OR LESS,9/21/2019 21:10,UNABLE TO DETERMINE,NOT APPLICABLE,143,W,KINZIE ST,1831,,,,,,,2,NO INDICATION OF INJURY,0,0,0,0,0,2,0,20,7,9,41.88907693,-87.63268708,POINT (-87.63268707904 41.889076929261)
JC443177,,9/21/2019 20:30,30,STOP SIGN/FLASHER,FUNCTIONING PROPERLY,RAIN,"DARKNESS, LIGHTED ROAD",TURNING,ONE-WAY,,STRAIGHT AND LEVEL,WET,NO DEFECTS,NOT ON SCENE (DESK REPORT),NO INJURY / DRIVE AWAY,,,,"$501 - $1,500",9/21/2019 20:55,UNABLE TO DETERMINE,UNABLE TO DETERMINE,4758,W,POLK ST,1131,,,,,,,2,NO INDICATION OF INJURY,0,0,0,0,0,2,0,20,7,9,41.87056884,-87.74478031,POINT (-87.744780312298 41.870568841983)
JC443250,,9/21/2019 20:25,30,STOP SIGN/FLASHER,FUNCTIONING PROPERLY,RAIN,DARKNESS,ANGLE,FOUR WAY,,STRAIGHT AND LEVEL,WET,NO DEFECTS,ON SCENE,NO INJURY / DRIVE AWAY,,,,"OVER $1,500",9/21/2019 20:30,FAILING TO YIELD RIGHT-OF-WAY,NOT APPLICABLE,1700,N,HUMBOLDT BLVD,1421,,,,,,,2,NO INDICATION OF INJURY,0,0,0,0,0,4,0,20,7,9,41.91222465,-87.70207672,POINT (-87.702076718088 41.912224651782)
JC443237,,9/21/2019 20:25,35,TRAFFIC SIGNAL,FUNCTIONING PROPERLY,RAIN,"DARKNESS, LIGHTED ROAD",TURNING,DIVIDED - W/MEDIAN (NOT RAISED),,STRAIGHT AND LEVEL,WET,NO DEFECTS,ON SCENE,INJURY AND / OR TOW DUE TO CRASH,,,,"OVER $1,500",9/21/2019 21:31,FAILING TO YIELD RIGHT-OF-WAY,UNABLE TO DETERMINE,6701,S,CICERO AVE,833,,,,,,,4,NONINCAPACITATING INJURY,1,0,0,1,0,3,0,20,7,9,41.7710448,-87.74190563,POINT (-87.741905631651 41.771044801146)
JC458824,Y,9/21/2019 20:20,30,TRAFFIC SIGNAL,FUNCTIONING PROPERLY,RAIN,"DARKNESS, LIGHTED ROAD",REAR END,DIVIDED - W/MEDIAN (NOT RAISED),,STRAIGHT AND LEVEL,WET,NO DEFECTS,NOT ON SCENE (DESK REPORT),NO INJURY / DRIVE AWAY,,,,"$501 - $1,500",10/3/2019 17:00,FOLLOWING TOO CLOSELY,WEATHER,3201,W,FOSTER AVE,1713,,,,,,,2,NO INDICATION OF INJURY,0,0,0,0,0,2,0,20,7,9,41.97563741,-87.70873971,POINT (-87.708739711034 41.975637404768)
JC443192,,9/21/2019 20:20,30,NO CONTROLS,UNKNOWN,RAIN,DUSK,REAR END,NOT DIVIDED,,STRAIGHT AND LEVEL,WET,UNKNOWN,NOT ON SCENE (DESK REPORT),NO INJURY / DRIVE AWAY,,,Y,"OVER $1,500",9/21/2019 21:00,UNABLE TO DETERMINE,UNABLE TO DETERMINE,4100,W,BELMONT AVE,1731,,,,,,,2,NO INDICATION OF INJURY,0,0,0,0,0,3,0,20,7,9,41.9391701,-87.729766,POINT (-87.729766000282 41.939170099101)