RD_NO,CRASH_DATE_EST_I,CRASH_DATE,POSTED_SPEED_LIMIT,TRAFFIC_CONTROL_DEVICE,DEVICE_CONDITION,WEATHER_CONDITION,LIGHTING_CONDITION,FIRST_CRASH_TYPE,TRAFFICWAY_TYPE,LANE_CNT,ALIGNMENT,ROADWAY_SURFACE_COND,ROAD_DEFECT,REPORT_TYPE,CRASH_TYPE,INTERSECTION_RELATED_I,NOT_RIGHT_OF_WAY_I,HIT_AND_RUN_I,DAMAGE,DATE_POLICE_NOTIFIED,PRIM_CONTRIBUTORY_CAUSE,SEC_CONTRIBUTORY_CAUSE,STREET_NO,STREET_DIRECTION,STREET_NAME,BEAT_OF_OCCURRENCE,PHOTOS_TAKEN_I,STATEMENTS_TAKEN_I,DOORING_I,WORK_ZONE_I,WORK_ZONE_TYPE,WORKERS_PRESENT_I,NUM_UNITS,MOST_SEVERE_INJURY,INJURIES_TOTAL,INJURIES_FATAL,INJURIES_INCAPACITATING,INJURIES_NON_INCAPACITATING,INJURIES_REPORTED_NOT_EVIDENT,INJURIES_NO_INDICATION,INJURIES_UNKNOWN,CRASH_HOUR,CRASH_DAY_OF_WEEK,CRASH_MONTH,LATITUDE,LONGITUDE,LOCATION
JC443175,,9/21/2019 20:20,30,TRAFFIC SIGNAL,FUNCTIONING PROPERLY,RAIN,"DARKNESS, LIGHTED ROAD",PEDESTRIAN,FOUR WAY,,STRAIGHT AND LEVEL,WET,NO DEFECTS,ON SCENE,INJURY AND / OR TOW DUE TO CRASH,Y,,,"OVER $1,500",9/21/2019 20:25,FAILING TO YIELD RIGHT-OF-WAY,WEATHER,7100,S,WESTERN AVE,832,,Y,,,,,2,NONINCAPACITATING INJURY,1,0,0,1,0,3,0,20,7,9,41.76460891,-87.68338705,POINT (-87.683387053281 41.764608912236)
JC443166,Y,9/21/2019 20:20,30,NO CONTROLS,NO CONTROLS,RAIN,"DARKNESS, LIGHTED ROAD",FIXED OBJECT,DIVIDED - W/MEDIAN (NOT RAISED),,STRAIGHT AND LEVEL,WET,NO DEFECTS,ON SCENE,INJURY AND / OR TOW DUE TO CRASH,,Y,N,"OVER $1,500",9/21/2019 20:42,FAILING TO REDUCE SPEED TO AVOID CRASH,FOLLOWING TOO CLOSELY,9516,S,VINCENNES AVE,2213,,,,,,,1,NO INDICATION OF INJURY,0,0,0,0,0,1,0,20,7,9,41.72093183,-87.65094179,POINT (-87.650941790465 41.720931825735)
JC443170,,9/21/2019 20:14,30,TRAFFIC SIGNAL,FUNCTIONING PROPERLY,RAIN,"DARKNESS, LIGHTED ROAD",TURNING,FOUR WAY,,STRAIGHT AND LEVEL,WET,UNKNOWN,ON SCENE,INJURY AND / OR TOW DUE TO CRASH,Y,,,"OVER $1,500",9/21/2019 20:23,FAILING TO YIELD RIGHT-OF-WAY,WEATHER,925,N,KEDZIE AVE,1211,,,,,,,2,NO INDICATION OF INJURY,0,0,0,0,0,4,0,20,7,9,41.89828555,-87.70649868,POINT (-87.706498674705 41.898285552187)
JC443220,,9/21/2019 20:10,30,TRAFFIC SIGNAL,FUNCTIONING PROPERLY,CLEAR,"DARKNESS, LIGHTED ROAD",SIDESWIPE SAME DIRECTION,NOT DIVIDED,,STRAIGHT AND LEVEL,DRY,NO DEFECTS,NOT ON SCENE (DESK REPORT),NO INJURY / DRIVE AWAY,Y,,,"OVER $1,500",9/21/2019 21:10,IMPROPER LANE USAGE,NOT APPLICABLE,2198,S,CLARK ST,131,,,,,,,2,NO INDICATION OF INJURY,0,0,0,0,0,2,0,20,7,9,41.85293397,-87.63021424,POINT (-87.630214239166 41.852933967598)
JC443207,,9/21/2019 20:10,30,TRAFFIC SIGNAL,FUNCTIONING PROPERLY,RAIN,"DARKNESS, LIGHTED ROAD",REAR END,DIVIDED - W/MEDIAN (NOT RAISED),,STRAIGHT AND LEVEL,WET,NO DEFECTS,,NO INJURY / DRIVE AWAY,,,Y,"OVER $1,500",9/21/2019 21:15,FOLLOWING TOO CLOSELY,NOT APPLICABLE,2589,N,CENTRAL PARK AVE,1413,,,,,,,2,NO INDICATION OF INJURY,0,0,0,0,0,2,0,20,7,9,41.92823569,-87.71693983,POINT (-87.716939826849 41.928235686855)
JC443156,,9/21/2019 20:10,30,TRAFFIC SIGNAL,FUNCTIONING PROPERLY,RAIN,"DARKNESS, LIGHTED ROAD",TURNING,FOUR WAY,,STRAIGHT AND LEVEL,WET,NO DEFECTS,ON SCENE,NO INJURY / DRIVE AWAY,,,,"OVER $1,500",9/21/2019 20:13,DISREGARDING TRAFFIC SIGNALS,NOT APPLICABLE,4700,S,PULASKI RD,815,,,,,,,2,NO INDICATION OF INJURY,0,0,0,0,0,3,0,20,7,9,41.80778877,-87.72373033,POINT (-87.72373033158 41.807788769095)
JC443151,,9/21/2019 20:10,30,STOP SIGN/FLASHER,NO CONTROLS,RAIN,DARKNESS,REAR END,NOT DIVIDED,,STRAIGHT AND LEVEL,WET,NO DEFECTS,NOT ON SCENE (DESK REPORT),NO INJURY / DRIVE AWAY,Y,,,"$501 - $1,500",9/21/2019 20:25,UNABLE TO DETERMINE,NOT APPLICABLE,132,S,PULASKI RD,1115,,,,,,,2,NO INDICATION OF INJURY,0,0,0,0,0,5,0,20,7,9,41.87882184,-87.72575191,POINT (-87.725751909361 41.878821836159)
JC443149,,9/21/2019 20:09,30,NO CONTROLS,NO CONTROLS,RAIN,"DARKNESS, LIGHTED ROAD",TURNING,NOT DIVIDED,,STRAIGHT AND LEVEL,WET,NO DEFECTS,ON SCENE,INJURY AND / OR TOW DUE TO CRASH,Y,,,"OVER $1,500",9/21/2019 20:09,UNABLE TO DETERMINE,UNABLE TO DETERMINE,2331,N,LARAMIE AVE,2522,,,,,,,2,NONINCAPACITATING INJURY,1,0,0,1,0,3,0,20,7,9,41.92315079,-87.75596196,POINT (-87.755961961702 41.923150790794)
JC445605,Y,9/21/2019 20:00,30,NO CONTROLS,NO CONTROLS,RAIN,"DARKNESS, LIGHTED ROAD",SIDESWIPE SAME DIRECTION,DIVIDED - W/MEDIAN (NOT RAISED),,STRAIGHT AND LEVEL,WET,NO DEFECTS,NOT ON SCENE (DESK REPORT),NO INJURY / DRIVE AWAY,,,Y,$500 OR LESS,9/23/2019 18:20,UNABLE TO DETERMINE,NOT APPLICABLE,2790,N,WESTERN AVE,1411,,,,,,,2,NO INDICATION OF INJURY,0,0,0,0,0,2,0,20,7,9,41.93208991,-87.68803208,POINT (-87.68803207985 41.932089905065)
JC443142,,9/21/2019 19:59,30,NO CONTROLS,NO CONTROLS,RAIN,"DARKNESS, LIGHTED ROAD",FIXED OBJECT,DIVIDED - W/MEDIAN BARRIER,,STRAIGHT AND LEVEL,WET,NO DEFECTS,ON SCENE,INJURY AND / OR TOW DUE TO CRASH,,,,"OVER $1,500",9/21/2019 20:00,UNABLE TO DETERMINE,UNABLE TO DETERMINE,2032,W,MADISON ST,1223,,,,,,,1,NO INDICATION OF INJURY,0,0,0,0,0,5,0,19,7,9,41.88141531,-87.67801279,POINT (-87.678012788841 41.881415307747)
JC443141,,9/21/2019 19:54,30,NO CONTROLS,NO CONTROLS,RAIN,"DARKNESS, LIGHTED ROAD",SIDESWIPE SAME DIRECTION,NOT DIVIDED,,STRAIGHT AND LEVEL,WET,NO DEFECTS,NOT ON SCENE (DESK REPORT),NO INJURY / DRIVE AWAY,,,,"$501 - $1,500",9/21/2019 20:10,FAILING TO YIELD RIGHT-OF-WAY,FAILING TO YIELD RIGHT-OF-WAY,3002,S,KEDZIE AVE,1032,,,,,,,2,NO INDICATION OF INJURY,0,0,0,0,0,6,0,19,7,9,41.83890686,-87.70501636,POINT (-87.705016356119 41.838906856946)
JC443214,,9/21/2019 19:40,30,TRAFFIC SIGNAL,FUNCTIONING PROPERLY,RAIN,DARKNESS,TURNING,DIVIDED - W/MEDIAN (NOT RAISED),,STRAIGHT AND LEVEL,WET,NO DEFECTS,ON SCENE,INJURY AND / OR TOW DUE TO CRASH,,,,"OVER $1,500",9/21/2019 19:40,FAILING TO YIELD RIGHT-OF-WAY,NOT APPLICABLE,3154,W,FOSTER AVE,1712,,,,,,,2,NONINCAPACITATING INJURY,3,0,0,1,2,0,0,19,7,9,41.97585969,-87.70846497,POINT (-87.70846496773 41.975859694203)
JC443179,,9/21/2019 19:30,30,TRAFFIC SIGNAL,FUNCTIONING PROPERLY,CLEAR,"DARKNESS, LIGHTED ROAD",TURNING,FOUR WAY,,STRAIGHT AND LEVEL,DRY,NO DEFECTS,NOT ON SCENE (DESK REPORT),NO INJURY / DRIVE AWAY,Y,,Y,"OVER $1,500",9/21/2019 20:45,IMPROPER TURNING/NO SIGNAL,IMPROPER OVERTAKING/PASSING,10300,S,VINCENNES AVE,2212,,,,,,,2,NO INDICATION OF INJURY,0,0,0,0,0,3,0,19,7,9,41.70672358,-87.65619454,POINT (-87.65619454086 41.706723577926)
JC443162,,9/21/2019 19:25,30,NO CONTROLS,NO CONTROLS,RAIN,DARKNESS,REAR END,NOT DIVIDED,,STRAIGHT AND LEVEL,WET,NO DEFECTS,ON SCENE,NO INJURY / DRIVE AWAY,N,,Y,"OVER $1,500",9/21/2019 20:40,FOLLOWING TOO CLOSELY,FAILING TO REDUCE SPEED TO AVOID CRASH,4005,W,NORTH AVE,2534,,,,,,,2,NO INDICATION OF INJURY,0,0,0,0,0,2,0,19,7,9,41.90977329,-87.72658961,POINT (-87.726589604748 41.909773285077)
JC443107,,9/21/2019 19:25,30,TRAFFIC SIGNAL,FUNCTIONING PROPERLY,CLEAR,"DARKNESS, LIGHTED ROAD",TURNING,FOUR WAY,,STRAIGHT AND LEVEL,DRY,NO DEFECTS,NOT ON SCENE (DESK REPORT),NO INJURY / DRIVE AWAY,Y,,,"OVER $1,500",9/21/2019 19:40,FAILING TO YIELD RIGHT-OF-WAY,UNABLE TO DETERMINE,1600,S,STATE ST,131,,,,,,,2,NO INDICATION OF INJURY,0,0,0,0,0,3,0,19,7,9,41.8601185,-87.62740831,POINT (-87.627408311391 41.86011850138)
JC443131,Y,9/21/2019 19:20,30,TRAFFIC SIGNAL,FUNCTIONING PROPERLY,CLEAR,"DARKNESS, LIGHTED ROAD",REAR END,NOT DIVIDED,,STRAIGHT AND LEVEL,DRY,NO DEFECTS,NOT ON SCENE (DESK REPORT),NO INJURY / DRIVE AWAY,,,,"OVER $1,500",9/21/2019 20:00,FOLLOWING TOO CLOSELY,UNABLE TO DETERMINE,4200,W,MONTROSE AVE,1722,,,,,,,2,NO INDICATION OF INJURY,0,0,0,0,0,3,0,19,7,9,41.96100117,-87.73279629,POINT (-87.73279629329 41.961001167744)
JC443101,,9/21/2019 19:20,30,STOP SIGN/FLASHER,FUNCTIONING PROPERLY,CLEAR,"DARKNESS, LIGHTED ROAD",ANGLE,NOT DIVIDED,,STRAIGHT AND LEVEL,DRY,NO DEFECTS,NOT ON SCENE (DESK REPORT),NO INJURY / DRIVE AWAY,,,,"$501 - $1,500",9/21/2019 19:46,UNABLE TO DETERMINE,PHYSICAL CONDITION OF DRIVER,10000,S,STATE ST,511,,,,,,,2,NO INDICATION OF INJURY,0,0,0,0,0,2,0,19,7,9,41.71257884,-87.62377683,POINT (-87.623776831423 41.712578838415)
JC444014,,9/21/2019 19:18,30,TRAFFIC SIGNAL,FUNCTIONING PROPERLY,RAIN,"DARKNESS, LIGHTED ROAD",TURNING,Y-INTERSECTION,,STRAIGHT AND LEVEL,WET,NO DEFECTS,NOT ON SCENE (DESK REPORT),INJURY AND / OR TOW DUE TO CRASH,Y,,Y,"OVER $1,500",9/22/2019 15:20,IMPROPER TURNING/NO SIGNAL,NOT APPLICABLE,10300,S,VINCENNES AVE,2212,,,,,,,2,"REPORTED, NOT EVIDENT",2,0,0,0,2,2,0,19,7,9,41.70672358,-87.65619454,POINT (-87.65619454086 41.706723577926)
JC443155,,9/21/2019 19:17,30,NO CONTROLS,NO CONTROLS,CLEAR,DARKNESS,FIXED OBJECT,OTHER,,STRAIGHT AND LEVEL,DRY,NO DEFECTS,ON SCENE,NO INJURY / DRIVE AWAY,,,,"OVER $1,500",9/21/2019 19:17,NOT APPLICABLE,NOT APPLICABLE,4511,N,RACINE AVE,1913,,,,,,,1,NO INDICATION OF INJURY,0,0,0,0,0,1,0,19,7,9,,,
JC443238,,9/21/2019 19:15,30,NO CONTROLS,NO CONTROLS,RAIN,"DARKNESS, LIGHTED ROAD",PARKED MOTOR VEHICLE,NOT DIVIDED,,STRAIGHT AND LEVEL,WET,NO DEFECTS,NOT ON SCENE (DESK REPORT),NO INJURY / DRIVE AWAY,,,Y,"OVER $1,500",9/21/2019 21:55,IMPROPER OVERTAKING/PASSING,NOT APPLICABLE,4770,W,GRAND AVE,2533,,,,,,,2,NO INDICATION OF INJURY,0,0,0,0,0,1,0,19,7,9,41.91399921,-87.74586369,POINT (-87.745863692183 41.913999209306)
JC443196,,9/21/2019 19:15,30,TRAFFIC SIGNAL,FUNCTIONING PROPERLY,RAIN,"DARKNESS, LIGHTED ROAD",TURNING,FOUR WAY,,STRAIGHT AND LEVEL,WET,NO DEFECTS,ON SCENE,INJURY AND / OR TOW DUE TO CRASH,Y,,,"OVER $1,500",9/21/2019 19:21,UNABLE TO DETERMINE,WEATHER,1143,N,CLARK ST,1824,,,,,,,2,NO INDICATION OF INJURY,0,0,0,0,0,3,0,19,7,9,41.90307262,-87.63127539,POINT (-87.631275391525 41.903072615048)
JC443122,,9/21/2019 19:15,30,NO CONTROLS,NO CONTROLS,RAIN,"DARKNESS, LIGHTED ROAD",SIDESWIPE SAME DIRECTION,DIVIDED - W/MEDIAN (NOT RAISED),,STRAIGHT AND LEVEL,WET,NO DEFECTS,ON SCENE,INJURY AND / OR TOW DUE TO CRASH,,,,"$501 - $1,500",9/21/2019 19:23,UNABLE TO DETERMINE,UNABLE TO DETERMINE,8204,S,DAMEN AVE,614,,,,,,,2,NO INDICATION OF INJURY,0,0,0,0,0,3,0,19,7,9,41.74461058,-87.67314699,POINT (-87.673146986679 41.744610579931)
JB443838,,9/21/2019 19:15,30,NO CONTROLS,NO CONTROLS,CLEAR,"DARKNESS, LIGHTED ROAD",ANGLE,DIVIDED - W/MEDIAN (NOT RAISED),,STRAIGHT AND LEVEL,DRY,NO DEFECTS,NOT ON SCENE (DESK REPORT),NO INJURY / DRIVE AWAY,,,,"$501 - $1,500",9/22/2019 12:30,UNABLE TO DETERMINE,UNABLE TO DETERMINE,11138,S,HALSTED ST,2233,,,,,,,2,NO INDICATION OF INJURY,0,0,0,0,0,2,0,19,7,9,41.69118977,-87.64249376,POINT (-87.642493757593 41.691189766677)
JC443752,,9/21/2019 19:13,35,NO CONTROLS,NO CONTROLS,UNKNOWN,DARKNESS,PARKED MOTOR VEHICLE,ALLEY,,STRAIGHT AND LEVEL,UNKNOWN,NO DEFECTS,ON SCENE,INJURY AND / OR TOW DUE TO CRASH,,Y,Y,"OVER $1,500",9/22/2019 11:06,UNABLE TO DETERMINE,NOT APPLICABLE,535,W,76TH ST,621,N,,,,,,2,NO INDICATION OF INJURY,0,0,0,0,0,1,0,19,7,9,41.75606537,-87.6382202,POINT (-87.638220200553 41.756065372251)
JC443112,Y,9/21/2019 19:10,30,TRAFFIC SIGNAL,FUNCTIONING PROPERLY,CLEAR,DARKNESS,REAR END,NOT DIVIDED,,STRAIGHT AND LEVEL,DRY,NO DEFECTS,ON SCENE,INJURY AND / OR TOW DUE TO CRASH,,,,"$501 - $1,500",9/21/2019 19:14,UNDER THE INFLUENCE OF ALCOHOL/DRUGS (USE WHEN ARREST IS EFFECTED),UNABLE TO DETERMINE,4811,W,NORTH AVE,2533,,,,,,,3,NONINCAPACITATING INJURY,1,0,0,1,0,2,0,19,7,9,41.90950977,-87.74659993,POINT (-87.74659993076 41.909509768829)
JC443125,,9/21/2019 19:04,30,NO CONTROLS,NO CONTROLS,CLEAR,DARKNESS,REAR END,NOT DIVIDED,,STRAIGHT AND LEVEL,DRY,NO DEFECTS,NOT ON SCENE (DESK REPORT),NO INJURY / DRIVE AWAY,,,,"$501 - $1,500",9/21/2019 20:05,FOLLOWING TOO CLOSELY,FOLLOWING TOO CLOSELY,9900,S,WINSTON AVE,2213,,,,,,,2,NO INDICATION OF INJURY,0,0,0,0,0,2,0,19,7,9,41.71384732,-87.65805675,POINT (-87.658056748013 41.713847320707)
JC451768,Y,9/21/2019 19:00,30,NO CONTROLS,NO CONTROLS,CLEAR,DAYLIGHT,PARKED MOTOR VEHICLE,ONE-WAY,,STRAIGHT AND LEVEL,DRY,NO DEFECTS,NOT ON SCENE (DESK REPORT),NO INJURY / DRIVE AWAY,,,,"$501 - $1,500",9/28/2019 12:40,FAILING TO YIELD RIGHT-OF-WAY,FOLLOWING TOO CLOSELY,5153,W,STRONG ST,1623,,,,,,,2,NO INDICATION OF INJURY,0,0,0,0,0,1,0,19,7,9,41.9705442,-87.75718612,POINT (-87.757186123713 41.970544203277)
JC443110,,9/21/2019 19:00,30,NO CONTROLS,NO CONTROLS,CLEAR,"DARKNESS, LIGHTED ROAD",SIDESWIPE SAME DIRECTION,NOT DIVIDED,,STRAIGHT AND LEVEL,DRY,NO DEFECTS,NOT ON SCENE (DESK REPORT),NO INJURY / DRIVE AWAY,,,Y,"OVER $1,500",9/21/2019 19:32,FOLLOWING TOO CLOSELY,NOT APPLICABLE,4405,W,GRAND AVE,2533,,,,,,,2,NO INDICATION OF INJURY,0,0,0,0,0,4,0,19,7,9,41.91003897,-87.73651682,POINT (-87.736516815759 41.910038972713)
JC443092,,9/21/2019 18:53,30,NO CONTROLS,FUNCTIONING PROPERLY,CLEAR,"DARKNESS, LIGHTED ROAD",SIDESWIPE SAME DIRECTION,NOT DIVIDED,,STRAIGHT AND LEVEL,DRY,UNKNOWN,NOT ON SCENE (DESK REPORT),NO INJURY / DRIVE AWAY,,,Y,"OVER $1,500",9/21/2019 19:23,IMPROPER LANE USAGE,NOT APPLICABLE,409,N,CICERO AVE,1111,,,,,,,2,NO INDICATION OF INJURY,0,0,0,0,0,2,0,18,7,9,41.8881914,-87.74541668,POINT (-87.745416674552 41.888191394609)
JC443073,,9/21/2019 18:46,30,TRAFFIC SIGNAL,FUNCTIONING PROPERLY,RAIN,DUSK,REAR END,FOUR WAY,,STRAIGHT AND LEVEL,WET,UNKNOWN,ON SCENE,INJURY AND / OR TOW DUE TO CRASH,Y,,,"OVER $1,500",9/21/2019 19:03,WEATHER,WEATHER,8600,S,STONY ISLAND AVE,412,,,,,,,2,NO INDICATION OF INJURY,0,0,0,0,0,3,0,18,7,9,41.73868319,-87.58583323,POINT (-87.58583323367 41.738683185433)
JC443053,,9/21/2019 18:40,30,NO CONTROLS,NO CONTROLS,CLOUDY/OVERCAST,DAYLIGHT,PARKED MOTOR VEHICLE,PARKING LOT,,STRAIGHT AND LEVEL,OTHER,NO DEFECTS,NOT ON SCENE (DESK REPORT),NO INJURY / DRIVE AWAY,,,,"$501 - $1,500",9/21/2019 18:52,IMPROPER BACKING,IMPROPER BACKING,10820,S,DOTY AVE W,513,,,,,,,2,NO INDICATION OF INJURY,0,0,0,0,0,1,0,18,7,9,41.69764677,-87.59591371,POINT (-87.595913705559 41.69764677315)
JC443190,,9/21/2019 18:30,30,NO CONTROLS,NO CONTROLS,CLOUDY/OVERCAST,DAYLIGHT,TURNING,NOT DIVIDED,,STRAIGHT AND LEVEL,DRY,NO DEFECTS,NOT ON SCENE (DESK REPORT),NO INJURY / DRIVE AWAY,N,,,"OVER $1,500",9/21/2019 20:55,FOLLOWING TOO CLOSELY,DRIVING SKILLS/KNOWLEDGE/EXPERIENCE,5000,S,KEDZIE AVE,821,,,,,,,2,NO INDICATION OF INJURY,0,0,0,0,0,2,0,18,7,9,41.80248843,-87.70396116,POINT (-87.703961161269 41.802488429736)
JC443062,,9/21/2019 18:30,30,TRAFFIC SIGNAL,FUNCTIONING PROPERLY,CLEAR,DAYLIGHT,REAR END,DIVIDED - W/MEDIAN (NOT RAISED),,STRAIGHT AND LEVEL,DRY,NO DEFECTS,NOT ON SCENE (DESK REPORT),NO INJURY / DRIVE AWAY,Y,,,"$501 - $1,500",9/21/2019 19:00,UNABLE TO DETERMINE,UNABLE TO DETERMINE,1600,E,67TH ST,331,,,,,,,2,NO INDICATION OF INJURY,0,0,0,0,0,2,0,18,7,9,41.77345467,-87.58608698,POINT (-87.586086981214 41.773454664759)
JC443039,,9/21/2019 18:30,35,NO CONTROLS,NO CONTROLS,CLOUDY/OVERCAST,DUSK,SIDESWIPE SAME DIRECTION,DIVIDED - W/MEDIAN BARRIER,,STRAIGHT AND LEVEL,DRY,NO DEFECTS,ON SCENE,NO INJURY / DRIVE AWAY,Y,,,"OVER $1,500",9/21/2019 18:30,IMPROPER LANE USAGE,NOT APPLICABLE,4646,N,CUMBERLAND AVE,1614,,,,,,,2,NO INDICATION OF INJURY,0,0,0,0,0,2,0,18,7,9,41.96437211,-87.83683681,POINT (-87.836836812577 41.964372104573)
JC443030,,9/21/2019 18:24,30,TRAFFIC SIGNAL,FUNCTIONING PROPERLY,CLEAR,DUSK,TURNING,FOUR WAY,,STRAIGHT AND LEVEL,UNKNOWN,UNKNOWN,ON SCENE,INJURY AND / OR TOW DUE TO CRASH,Y,,,"OVER $1,500",9/21/2019 18:25,UNABLE TO DETERMINE,NOT APPLICABLE,5239,N,CENTRAL AVE,1623,,,,,,,2,NO INDICATION OF INJURY,0,0,0,0,0,2,0,18,7,9,41.97653405,-87.76832747,POINT (-87.768327467035 41.976534051981)
JC443040,,9/21/2019 18:15,30,NO CONTROLS,NO CONTROLS,CLEAR,DUSK,PEDESTRIAN,DIVIDED - W/MEDIAN (NOT RAISED),,STRAIGHT AND LEVEL,DRY,UNKNOWN,ON SCENE,INJURY AND / OR TOW DUE TO CRASH,,,,"$501 - $1,500",9/21/2019 18:29,UNABLE TO DETERMINE,UNABLE TO DETERMINE,3343,N,DAMEN AVE,1922,,,,,,,2,"REPORTED, NOT EVIDENT",1,0,0,0,1,1,0,18,7,9,41.94266621,-87.67829082,POINT (-87.678290816526 41.94266621234)
JC443018,,9/21/2019 18:13,30,STOP SIGN/FLASHER,NOT FUNCTIONING,CLEAR,DAYLIGHT,ANGLE,NOT DIVIDED,,STRAIGHT AND LEVEL,DRY,NO DEFECTS,ON SCENE,NO INJURY / DRIVE AWAY,Y,,,"OVER $1,500",9/21/2019 18:14,FAILING TO YIELD RIGHT-OF-WAY,NOT APPLICABLE,2700,N,OAK PARK AVE,2512,,,,,,,2,NO INDICATION OF INJURY,0,0,0,0,0,2,0,18,7,9,41.92915018,-87.79556003,POINT (-87.795560024922 41.929150184187)
JC443582,,9/21/2019 18:05,30,NO CONTROLS,NO CONTROLS,UNKNOWN,UNKNOWN,PARKED MOTOR VEHICLE,ONE-WAY,,STRAIGHT AND LEVEL,UNKNOWN,UNKNOWN,NOT ON SCENE (DESK REPORT),NO INJURY / DRIVE AWAY,,,,"$501 - $1,500",9/22/2019 8:00,UNABLE TO DETERMINE,NOT APPLICABLE,6135,S,MENARD AVE,812,,,,,,,2,NO INDICATION OF INJURY,0,0,0,0,0,1,0,18,7,9,41.78057228,-87.76656339,POINT (-87.766563385497 41.780572277788)
JC443059,,9/21/2019 18:05,30,TRAFFIC SIGNAL,FUNCTIONING PROPERLY,CLEAR,DAWN,SIDESWIPE SAME DIRECTION,ONE-WAY,,STRAIGHT AND LEVEL,DRY,NO DEFECTS,NOT ON SCENE (DESK REPORT),NO INJURY / DRIVE AWAY,,,Y,"OVER $1,500",9/21/2019 18:25,UNABLE TO DETERMINE,NOT APPLICABLE,2799,W,VAN BUREN ST,1135,,,,,,,2,NO INDICATION OF INJURY,0,0,0,0,0,2,0,18,7,9,41.87587163,-87.69612324,POINT (-87.696123238512 41.875871627791)
JC443206,,9/21/2019 17:56,30,STOP SIGN/FLASHER,NO CONTROLS,RAIN,"DARKNESS, LIGHTED ROAD",PARKED MOTOR VEHICLE,ONE-WAY,,STRAIGHT AND LEVEL,WET,NO DEFECTS,,INJURY AND / OR TOW DUE TO CRASH,Y,Y,,"OVER $1,500",9/21/2019 17:56,UNABLE TO DETERMINE,UNABLE TO DETERMINE,3035,W,63RD ST,823,,Y,,,,,2,NO INDICATION OF INJURY,0,0,0,0,0,1,0,17,7,9,41.7789147,-87.69962671,POINT (-87.699626710934 41.77891469595)
JC443082,,9/21/2019 17:47,30,TRAFFIC SIGNAL,FUNCTIONING PROPERLY,CLEAR,DAYLIGHT,TURNING,T-INTERSECTION,,STRAIGHT AND LEVEL,DRY,NO DEFECTS,NOT ON SCENE (DESK REPORT),NO INJURY / DRIVE AWAY,Y,,,"OVER $1,500",9/21/2019 17:50,DISREGARDING ROAD MARKINGS,NOT APPLICABLE,640,W,MADISON ST,121,,,,,,,2,NO INDICATION OF INJURY,0,0,0,0,0,3,0,17,7,9,41.88192917,-87.64418136,POINT (-87.644181359709 41.881929167569)
JC443001,,9/21/2019 17:45,30,NO CONTROLS,NO CONTROLS,CLEAR,DAYLIGHT,PARKED MOTOR VEHICLE,NOT DIVIDED,,STRAIGHT AND LEVEL,UNKNOWN,UNKNOWN,ON SCENE,NO INJURY / DRIVE AWAY,,,,"OVER $1,500",9/21/2019 17:50,UNABLE TO DETERMINE,NOT APPLICABLE,3315,N,LINDER AVE,1633,,,,,,,2,NO INDICATION OF INJURY,0,0,0,0,0,1,0,17,7,9,41.94092367,-87.76398085,POINT (-87.763980846591 41.940923667372)
JC443006,,9/21/2019 17:40,30,NO CONTROLS,NO CONTROLS,CLEAR,DAYLIGHT,TURNING,NOT DIVIDED,,STRAIGHT AND LEVEL,DRY,NO DEFECTS,NOT ON SCENE (DESK REPORT),NO INJURY / DRIVE AWAY,,,,"OVER $1,500",9/21/2019 18:06,UNABLE TO DETERMINE,NOT APPLICABLE,4001,W,59TH ST,813,,,,,,,2,NO INDICATION OF INJURY,0,0,0,0,0,3,0,17,7,9,41.78582569,-87.72301907,POINT (-87.723019071166 41.785825693622)
JC443104,,9/21/2019 17:35,30,TRAFFIC SIGNAL,FUNCTIONING PROPERLY,CLEAR,DAYLIGHT,SIDESWIPE SAME DIRECTION,NOT DIVIDED,,STRAIGHT AND LEVEL,DRY,NO DEFECTS,ON SCENE,NO INJURY / DRIVE AWAY,,,,"$501 - $1,500",9/21/2019 17:37,UNABLE TO DETERMINE,NOT APPLICABLE,1654,W,CHICAGO AVE,1213,,,,,,,2,NO INDICATION OF INJURY,0,0,0,0,0,2,0,17,7,9,41.89614811,-87.66941843,POINT (-87.669418428448 41.896148110034)
JC443033,,9/21/2019 17:35,30,NO CONTROLS,NO CONTROLS,RAIN,DAYLIGHT,TURNING,DIVIDED - W/MEDIAN (NOT RAISED),,STRAIGHT AND LEVEL,WET,UNKNOWN,NOT ON SCENE (DESK REPORT),NO INJURY / DRIVE AWAY,,,Y,"OVER $1,500",9/21/2019 18:00,FOLLOWING TOO CLOSELY,UNABLE TO DETERMINE,1213,W,79TH ST,612,,,,,,,2,NO INDICATION OF INJURY,0,0,0,0,0,3,0,17,7,9,41.75038047,-87.65429993,POINT (-87.654299926585 41.750380470264)