RD_NO,CRASH_DATE_EST_I,CRASH_DATE,POSTED_SPEED_LIMIT,TRAFFIC_CONTROL_DEVICE,DEVICE_CONDITION,WEATHER_CONDITION,LIGHTING_CONDITION,FIRST_CRASH_TYPE,TRAFFICWAY_TYPE,LANE_CNT,ALIGNMENT,ROADWAY_SURFACE_COND,ROAD_DEFECT,REPORT_TYPE,CRASH_TYPE,INTERSECTION_RELATED_I,NOT_RIGHT_OF_WAY_I,HIT_AND_RUN_I,DAMAGE,DATE_POLICE_NOTIFIED,PRIM_CONTRIBUTORY_CAUSE,SEC_CONTRIBUTORY_CAUSE,STREET_NO,STREET_DIRECTION,STREET_NAME,BEAT_OF_OCCURRENCE,PHOTOS_TAKEN_I,STATEMENTS_TAKEN_I,DOORING_I,WORK_ZONE_I,WORK_ZONE_TYPE,WORKERS_PRESENT_I,NUM_UNITS,MOST_SEVERE_INJURY,INJURIES_TOTAL,INJURIES_FATAL,INJURIES_INCAPACITATING,INJURIES_NON_INCAPACITATING,INJURIES_REPORTED_NOT_EVIDENT,INJURIES_NO_INDICATION,INJURIES_UNKNOWN,CRASH_HOUR,CRASH_DAY_OF_WEEK,CRASH_MONTH,LATITUDE,LONGITUDE,LOCATION
JC444699,,9/21/2019 17:32,30,NO CONTROLS,NO CONTROLS,CLEAR,"DARKNESS, LIGHTED ROAD",PARKED MOTOR VEHICLE,DIVIDED - W/MEDIAN (NOT RAISED),,STRAIGHT AND LEVEL,DRY,NO DEFECTS,NOT ON SCENE (DESK REPORT),NO INJURY / DRIVE AWAY,,,Y,"$501 - $1,500",9/23/2019 8:30,UNABLE TO DETERMINE,UNABLE TO DETERMINE,1250,W,31ST ST,913,,,,,,,2,NO INDICATION OF INJURY,0,0,0,0,0,1,0,17,7,9,41.83799521,-87.6579981,POINT (-87.657998102956 41.837995212971)
JC443079,,9/21/2019 17:30,30,NO CONTROLS,NO CONTROLS,CLEAR,DAYLIGHT,REAR END,NOT DIVIDED,,STRAIGHT AND LEVEL,DRY,NO DEFECTS,NOT ON SCENE (DESK REPORT),NO INJURY / DRIVE AWAY,,,Y,"OVER $1,500",9/21/2019 19:26,FOLLOWING TOO CLOSELY,NOT APPLICABLE,301,S,HAMLIN BLVD,1133,,,,,,,2,NO INDICATION OF INJURY,0,0,0,0,0,2,0,17,7,9,41.87716429,-87.72046426,POINT (-87.720464262986 41.877164288333)
JC442980,,9/21/2019 17:26,30,TRAFFIC SIGNAL,FUNCTIONING PROPERLY,CLEAR,DAYLIGHT,TURNING,DIVIDED - W/MEDIAN (NOT RAISED),,STRAIGHT AND LEVEL,WET,NO DEFECTS,ON SCENE,INJURY AND / OR TOW DUE TO CRASH,Y,,,"OVER $1,500",9/21/2019 17:27,UNABLE TO DETERMINE,UNABLE TO DETERMINE,4400,N,MILWAUKEE AVE,1623,,,,,,,3,NONINCAPACITATING INJURY,2,0,0,1,1,3,0,17,7,9,41.96061723,-87.75463824,POINT (-87.754638240071 41.960617229696)
JC442993,,9/21/2019 17:13,30,STOP SIGN/FLASHER,FUNCTIONING PROPERLY,CLEAR,DAYLIGHT,ANGLE,NOT DIVIDED,,STRAIGHT AND LEVEL,DRY,NO DEFECTS,ON SCENE,INJURY AND / OR TOW DUE TO CRASH,Y,,,"OVER $1,500",9/21/2019 17:14,FAILING TO YIELD RIGHT-OF-WAY,NOT APPLICABLE,6300,N,WESTERN AVE,2413,,,,,,,3,NO INDICATION OF INJURY,0,0,0,0,0,3,0,17,7,9,41.99599967,-87.68997363,POINT (-87.689973630508 41.995999667277)
JC442948,,9/21/2019 17:10,25,TRAFFIC SIGNAL,FUNCTIONING PROPERLY,RAIN,DAYLIGHT,TURNING,NOT DIVIDED,,STRAIGHT AND LEVEL,WET,NO DEFECTS,ON SCENE,NO INJURY / DRIVE AWAY,Y,,,"OVER $1,500",9/21/2019 17:13,FAILING TO YIELD RIGHT-OF-WAY,UNABLE TO DETERMINE,2358,W,GRANVILLE AVE,2413,,,,,,,2,NO INDICATION OF INJURY,0,0,0,0,0,2,0,17,7,9,41.99420345,-87.68970598,POINT (-87.689705979921 41.994203448984)
JC442964,,9/21/2019 17:07,25,NO CONTROLS,NO CONTROLS,CLEAR,DAYLIGHT,REAR END,DIVIDED - W/MEDIAN (NOT RAISED),,STRAIGHT AND LEVEL,WET,NO DEFECTS,ON SCENE,INJURY AND / OR TOW DUE TO CRASH,,,,"OVER $1,500",9/21/2019 17:07,DISTRACTION - FROM INSIDE VEHICLE,NOT APPLICABLE,8500,S,PULASKI RD,834,,,,,,,4,NO INDICATION OF INJURY,0,0,0,0,0,4,0,17,7,9,41.7384684,-87.72170401,POINT (-87.721704009921 41.738468404342)
JC442960,,9/21/2019 17:05,30,NO CONTROLS,NO CONTROLS,CLOUDY/OVERCAST,DAYLIGHT,FIXED OBJECT,ONE-WAY,,STRAIGHT AND LEVEL,WET,NO DEFECTS,ON SCENE,INJURY AND / OR TOW DUE TO CRASH,,,,"OVER $1,500",9/21/2019 17:06,UNABLE TO DETERMINE,UNABLE TO DETERMINE,68,W,LAKE ST,111,,,,,,,1,NO INDICATION OF INJURY,0,0,0,0,0,1,0,17,7,9,41.88585063,-87.63044322,POINT (-87.630443216629 41.885850630057)
JC443706,,9/21/2019 17:00,25,NO CONTROLS,NO CONTROLS,UNKNOWN,DAYLIGHT,PARKED MOTOR VEHICLE,ONE-WAY,,STRAIGHT AND LEVEL,WET,NO DEFECTS,NOT ON SCENE (DESK REPORT),NO INJURY / DRIVE AWAY,,,,"OVER $1,500",9/22/2019 11:00,UNABLE TO DETERMINE,UNABLE TO DETERMINE,2928,W,MORSE AVE,2411,,,,,,,2,NO INDICATION OF INJURY,0,0,0,0,0,1,0,17,7,9,42.00668909,-87.70334096,POINT (-87.703340956671 42.006689087568)
JC442998,,9/21/2019 17:00,30,NO CONTROLS,NO CONTROLS,CLEAR,DAYLIGHT,REAR END,NOT DIVIDED,,STRAIGHT AND LEVEL,DRY,NO DEFECTS,NOT ON SCENE (DESK REPORT),NO INJURY / DRIVE AWAY,,,,"$501 - $1,500",9/21/2019 18:00,FOLLOWING TOO CLOSELY,NOT APPLICABLE,2258,W,111TH ST,2212,,,,,,,2,NO INDICATION OF INJURY,0,0,0,0,0,3,0,17,7,9,41.69192041,-87.67859976,POINT (-87.678599761267 41.691920406748)
JC442978,,9/21/2019 17:00,30,TRAFFIC SIGNAL,FUNCTIONING PROPERLY,CLEAR,DAYLIGHT,REAR END,NOT DIVIDED,,STRAIGHT AND LEVEL,DRY,NO DEFECTS,NOT ON SCENE (DESK REPORT),NO INJURY / DRIVE AWAY,,,,"$501 - $1,500",9/21/2019 17:37,NOT APPLICABLE,NOT APPLICABLE,5900,S,CICERO AVE,813,,,,,,,2,NO INDICATION OF INJURY,0,0,0,0,0,6,0,17,7,9,41.78564332,-87.74148578,POINT (-87.741485778405 41.785643323876)
JC442940,,9/21/2019 16:59,35,NO CONTROLS,NO CONTROLS,CLEAR,DAYLIGHT,PARKED MOTOR VEHICLE,NOT DIVIDED,,STRAIGHT AND LEVEL,DRY,NO DEFECTS,ON SCENE,INJURY AND / OR TOW DUE TO CRASH,,,,"OVER $1,500",9/21/2019 17:00,UNABLE TO DETERMINE,NOT APPLICABLE,9919,S,CALHOUN AVE,431,,,,,,,2,NO INDICATION OF INJURY,0,0,0,0,0,1,0,16,7,9,41.71478666,-87.56203863,POINT (-87.562038631122 41.714786658164)
JC443264,,9/21/2019 16:57,20,NO CONTROLS,NO CONTROLS,CLOUDY/OVERCAST,DAYLIGHT,PARKED MOTOR VEHICLE,OTHER,,STRAIGHT AND LEVEL,DRY,NO DEFECTS,NOT ON SCENE (DESK REPORT),NO INJURY / DRIVE AWAY,,,Y,"$501 - $1,500",9/21/2019 22:20,UNABLE TO DETERMINE,NOT APPLICABLE,5,W,TERMINAL ST,1655,,Y,,,,,2,NO INDICATION OF INJURY,0,0,0,0,0,1,0,16,7,9,,,
JC442946,,9/21/2019 16:53,35,NO CONTROLS,NO CONTROLS,CLOUDY/OVERCAST,DAYLIGHT,REAR END,NOT DIVIDED,,STRAIGHT AND LEVEL,DRY,NO DEFECTS,ON SCENE,INJURY AND / OR TOW DUE TO CRASH,,,Y,"OVER $1,500",9/21/2019 16:53,FOLLOWING TOO CLOSELY,DRIVING SKILLS/KNOWLEDGE/EXPERIENCE,2030,N,NARRAGANSETT AVE,2512,,,,,,,3,"REPORTED, NOT EVIDENT",1,0,0,0,1,4,0,16,7,9,41.91745509,-87.7854024,POINT (-87.785402398609 41.917455093553)
JC443038,,9/21/2019 16:50,30,UNKNOWN,UNKNOWN,CLEAR,DAYLIGHT,REAR TO SIDE,UNKNOWN,,STRAIGHT AND LEVEL,DRY,NO DEFECTS,NOT ON SCENE (DESK REPORT),NO INJURY / DRIVE AWAY,,,,"OVER $1,500",9/21/2019 18:40,UNABLE TO DETERMINE,UNABLE TO DETERMINE,1200,W,ROOSEVELT RD,1231,,,,,,,,,,,,,,,,16,7,9,41.86710548,-87.65674501,POINT (-87.656745011924 41.867105475026)
JC442968,,9/21/2019 16:45,30,NO CONTROLS,NO CONTROLS,RAIN,DAYLIGHT,REAR END,NOT DIVIDED,,STRAIGHT AND LEVEL,WET,NO DEFECTS,NOT ON SCENE (DESK REPORT),NO INJURY / DRIVE AWAY,,,,"OVER $1,500",9/21/2019 17:25,WEATHER,NOT APPLICABLE,10800,S,KEDZIE AVE,2211,,,,,,,2,NO INDICATION OF INJURY,0,0,0,0,0,2,0,16,7,9,41.69699196,-87.7011628,POINT (-87.701162802265 41.696991960429)
JC443784,,9/21/2019 16:40,30,NO CONTROLS,NO CONTROLS,CLEAR,DAYLIGHT,SIDESWIPE SAME DIRECTION,DIVIDED - W/MEDIAN (NOT RAISED),,STRAIGHT AND LEVEL,DRY,NO DEFECTS,NOT ON SCENE (DESK REPORT),NO INJURY / DRIVE AWAY,,,,$500 OR LESS,9/22/2019 11:55,UNABLE TO DETERMINE,UNABLE TO DETERMINE,1200,S,UNION AVE,1232,,,,,,,2,NO INDICATION OF INJURY,0,0,0,0,0,2,0,16,7,9,41.86711966,-87.6452815,POINT (-87.645281499953 41.86711966073)
JC442930,,9/21/2019 16:40,30,NO CONTROLS,NO CONTROLS,CLEAR,DAYLIGHT,SIDESWIPE OPPOSITE DIRECTION,NOT DIVIDED,,STRAIGHT AND LEVEL,DRY,NO DEFECTS,ON SCENE,NO INJURY / DRIVE AWAY,,,,"$501 - $1,500",9/21/2019 16:49,IMPROPER LANE USAGE,NOT APPLICABLE,4715,S,KOSTNER AVE,815,,,,,,,2,NO INDICATION OF INJURY,0,0,0,0,0,3,0,16,7,9,41.80726119,-87.73321371,POINT (-87.73321371008 41.807261185902)
JC442959,,9/21/2019 16:38,30,NO CONTROLS,NO CONTROLS,CLOUDY/OVERCAST,DAYLIGHT,FIXED OBJECT,ALLEY,,STRAIGHT AND LEVEL,DRY,NO DEFECTS,ON SCENE,NO INJURY / DRIVE AWAY,,,Y,"$501 - $1,500",9/21/2019 16:40,UNABLE TO DETERMINE,UNABLE TO DETERMINE,1040,W,34TH PL,913,,,,,,,1,NO INDICATION OF INJURY,0,0,0,0,0,1,0,16,7,9,41.83169559,-87.65262061,POINT (-87.652620606423 41.831695587074)
JC442934,,9/21/2019 16:31,30,TRAFFIC SIGNAL,FUNCTIONING PROPERLY,RAIN,DAYLIGHT,TURNING,DIVIDED - W/MEDIAN (NOT RAISED),,STRAIGHT AND LEVEL,WET,NO DEFECTS,ON SCENE,NO INJURY / DRIVE AWAY,,,,"OVER $1,500",9/21/2019 16:39,DRIVING SKILLS/KNOWLEDGE/EXPERIENCE,NOT APPLICABLE,4815,N,DAMEN AVE,2032,,,,,,,2,NO INDICATION OF INJURY,0,0,0,0,0,3,0,16,7,9,41.9692443,-87.67905192,POINT (-87.679051924345 41.969244300765)
JC443968,,9/21/2019 16:30,30,TRAFFIC SIGNAL,FUNCTIONING PROPERLY,CLEAR,DAYLIGHT,TURNING,DIVIDED - W/MEDIAN BARRIER,,STRAIGHT AND LEVEL,DRY,NO DEFECTS,NOT ON SCENE (DESK REPORT),NO INJURY / DRIVE AWAY,Y,,,"$501 - $1,500",9/22/2019 14:45,IMPROPER TURNING/NO SIGNAL,NOT APPLICABLE,800,N,LAKE SHORE DR NB,1833,,,,,,,2,NO INDICATION OF INJURY,0,0,0,0,0,2,0,16,7,9,41.89681668,-87.61682704,POINT (-87.61682704395 41.896816682694)
JC442975,,9/21/2019 16:30,25,NO CONTROLS,NO CONTROLS,CLEAR,DAYLIGHT,PARKED MOTOR VEHICLE,ONE-WAY,,STRAIGHT AND LEVEL,DRY,NO DEFECTS,ON SCENE,NO INJURY / DRIVE AWAY,,,Y,"OVER $1,500",9/21/2019 17:08,UNABLE TO DETERMINE,NOT APPLICABLE,234,N,WALLER AVE,1512,,,,,,,2,NO INDICATION OF INJURY,0,0,0,0,0,1,0,16,7,9,41.88524275,-87.76846355,POINT (-87.768463550514 41.8852427503)
JC442921,,9/21/2019 16:30,30,TRAFFIC SIGNAL,FUNCTIONING PROPERLY,CLEAR,DAYLIGHT,SIDESWIPE OPPOSITE DIRECTION,NOT DIVIDED,,STRAIGHT AND LEVEL,DRY,NO DEFECTS,NOT ON SCENE (DESK REPORT),NO INJURY / DRIVE AWAY,,,,"OVER $1,500",9/21/2019 16:45,UNABLE TO DETERMINE,NOT APPLICABLE,1200,S,KOSTNER AVE,1011,,,,,,,2,NO INDICATION OF INJURY,0,0,0,0,0,2,0,16,7,9,41.86593884,-87.73510855,POINT (-87.735108549013 41.865938838909)
JC442929,,9/21/2019 16:25,30,NO CONTROLS,NO CONTROLS,CLEAR,DAYLIGHT,TURNING,NOT DIVIDED,,STRAIGHT AND LEVEL,DRY,NO DEFECTS,ON SCENE,INJURY AND / OR TOW DUE TO CRASH,,,,"OVER $1,500",9/21/2019 16:44,UNABLE TO DETERMINE,UNABLE TO DETERMINE,11501,S,DOTY AVE E,434,,,,,,,2,NO INDICATION OF INJURY,0,0,0,0,0,2,0,16,7,9,41.68599508,-87.60030932,POINT (-87.600309316016 41.685995075688)
JC442922,,9/21/2019 16:25,30,STOP SIGN/FLASHER,FUNCTIONING PROPERLY,CLEAR,DAYLIGHT,ANGLE,NOT DIVIDED,,STRAIGHT AND LEVEL,DRY,NO DEFECTS,ON SCENE,INJURY AND / OR TOW DUE TO CRASH,Y,,,"OVER $1,500",9/21/2019 16:26,FAILING TO YIELD RIGHT-OF-WAY,FAILING TO YIELD RIGHT-OF-WAY,5000,S,WESTERN AVE,923,,,,,,,3,INCAPACITATING INJURY,2,0,1,1,0,4,0,16,7,9,41.80287082,-87.68441634,POINT (-87.684416341899 41.802870816721)
JC442913,,9/21/2019 16:15,30,TRAFFIC SIGNAL,FUNCTIONING PROPERLY,RAIN,DAYLIGHT,TURNING,FOUR WAY,,STRAIGHT AND LEVEL,WET,NO DEFECTS,ON SCENE,INJURY AND / OR TOW DUE TO CRASH,,,Y,"$501 - $1,500",9/21/2019 16:33,UNABLE TO DETERMINE,NOT APPLICABLE,5701,N,SHERIDAN RD,2022,,,,,,,2,NONINCAPACITATING INJURY,1,0,0,1,0,1,0,16,7,9,41.98563842,-87.65509432,POINT (-87.655094323271 41.985638421049)
JC442891,,9/21/2019 16:15,30,STOP SIGN/FLASHER,FUNCTIONING PROPERLY,CLEAR,DAYLIGHT,TURNING,NOT DIVIDED,,STRAIGHT AND LEVEL,DRY,NO DEFECTS,ON SCENE,INJURY AND / OR TOW DUE TO CRASH,N,,,"OVER $1,500",9/21/2019 16:15,FAILING TO YIELD RIGHT-OF-WAY,UNABLE TO DETERMINE,5301,S,ELLIS AVE,233,,,,,,,2,NO INDICATION OF INJURY,0,0,0,0,0,2,0,16,7,9,41.79933266,-87.60115692,POINT (-87.601156924009 41.799332661885)
JC442871,,9/21/2019 15:57,30,STOP SIGN/FLASHER,FUNCTIONING PROPERLY,RAIN,DAYLIGHT,ANGLE,ONE-WAY,,STRAIGHT AND LEVEL,WET,NO DEFECTS,ON SCENE,NO INJURY / DRIVE AWAY,Y,,,"OVER $1,500",9/21/2019 15:59,UNABLE TO DETERMINE,UNABLE TO DETERMINE,4900,W,DEMING PL,2521,,,,,,,2,NO INDICATION OF INJURY,0,0,0,0,0,4,0,15,7,9,41.9270808,-87.74900688,POINT (-87.749006878247 41.927080803069)
JC442917,,9/21/2019 15:50,20,TRAFFIC SIGNAL,FUNCTIONING PROPERLY,CLEAR,DAYLIGHT,TURNING,NOT DIVIDED,,STRAIGHT AND LEVEL,DRY,NO DEFECTS,NOT ON SCENE (DESK REPORT),NO INJURY / DRIVE AWAY,Y,,,"OVER $1,500",9/21/2019 16:45,IMPROPER TURNING/NO SIGNAL,NOT APPLICABLE,100,E,OAK ST,1824,,,,,,,2,NO INDICATION OF INJURY,0,0,0,0,0,2,0,15,7,9,41.90090135,-87.62562885,POINT (-87.625628848015 41.900901348667)
JC442893,,9/21/2019 15:47,30,NO CONTROLS,NO CONTROLS,CLEAR,DAYLIGHT,OTHER OBJECT,NOT DIVIDED,,STRAIGHT AND LEVEL,DRY,NO DEFECTS,ON SCENE,NO INJURY / DRIVE AWAY,,,,"$501 - $1,500",9/21/2019 16:30,EQUIPMENT - VEHICLE CONDITION,NOT APPLICABLE,4453,S,ARCHER AVE,821,,,,,,,1,NO INDICATION OF INJURY,0,0,0,0,0,1,0,15,7,9,41.81230749,-87.70691863,POINT (-87.706918629869 41.812307490196)
JC442902,,9/21/2019 15:45,30,TRAFFIC SIGNAL,FUNCTIONING PROPERLY,CLEAR,DAYLIGHT,SIDESWIPE SAME DIRECTION,NOT DIVIDED,,STRAIGHT AND LEVEL,DRY,NO DEFECTS,NOT ON SCENE (DESK REPORT),NO INJURY / DRIVE AWAY,,,Y,"OVER $1,500",9/21/2019 16:40,UNABLE TO DETERMINE,UNABLE TO DETERMINE,7139,S,EXCHANGE AVE,334,,,,,,,2,NO INDICATION OF INJURY,0,0,0,0,0,4,0,15,7,9,41.76532306,-87.56547171,POINT (-87.565471709512 41.76532306053)
JC442892,N,9/21/2019 15:45,30,TRAFFIC SIGNAL,FUNCTIONING PROPERLY,CLOUDY/OVERCAST,DAYLIGHT,ANGLE,FOUR WAY,,STRAIGHT AND LEVEL,DRY,NO DEFECTS,ON SCENE,INJURY AND / OR TOW DUE TO CRASH,Y,,,"$501 - $1,500",9/21/2019 15:57,EQUIPMENT - VEHICLE CONDITION,NOT APPLICABLE,313,W,76TH ST,623,,,,,,,3,"REPORTED, NOT EVIDENT",1,0,0,0,1,4,0,15,7,9,41.75617476,-87.63253271,POINT (-87.632532706627 41.756174755138)
JC442937,,9/21/2019 15:40,25,TRAFFIC SIGNAL,FUNCTIONING PROPERLY,CLOUDY/OVERCAST,DAYLIGHT,SIDESWIPE SAME DIRECTION,NOT DIVIDED,,STRAIGHT AND LEVEL,WET,NO DEFECTS,NOT ON SCENE (DESK REPORT),NO INJURY / DRIVE AWAY,,,,"$501 - $1,500",9/21/2019 17:40,FAILING TO YIELD RIGHT-OF-WAY,UNABLE TO DETERMINE,2944,W,DIVERSEY AVE,1411,,,,,,,2,NO INDICATION OF INJURY,0,0,0,0,0,5,0,15,7,9,41.93217639,-87.70191152,POINT (-87.701911519858 41.932176391072)
JC442850,,9/21/2019 15:40,30,TRAFFIC SIGNAL,FUNCTIONING PROPERLY,CLEAR,DAYLIGHT,ANGLE,NOT DIVIDED,,STRAIGHT AND LEVEL,DRY,NO DEFECTS,ON SCENE,INJURY AND / OR TOW DUE TO CRASH,Y,,,"$501 - $1,500",9/21/2019 15:58,DISREGARDING TRAFFIC SIGNALS,NOT APPLICABLE,337,W,OAK ST,1823,,Y,,,,,2,NONINCAPACITATING INJURY,1,0,0,1,0,1,0,15,7,9,41.90039601,-87.63728725,POINT (-87.637287245364 41.900396010591)
JC450567,,9/21/2019 15:30,30,TRAFFIC SIGNAL,FUNCTIONING PROPERLY,CLEAR,DAYLIGHT,TURNING,NOT DIVIDED,,STRAIGHT AND LEVEL,DRY,NO DEFECTS,NOT ON SCENE (DESK REPORT),NO INJURY / DRIVE AWAY,,,,"OVER $1,500",9/27/2019 13:30,IMPROPER TURNING/NO SIGNAL,IMPROPER TURNING/NO SIGNAL,150,N,COLUMBUS DR,114,,,,,,,2,NO INDICATION OF INJURY,0,0,0,0,0,3,0,15,7,9,41.88458537,-87.62079215,POINT (-87.620792152563 41.884585370634)
JC442987,,9/21/2019 15:30,30,TRAFFIC SIGNAL,FUNCTIONING PROPERLY,CLEAR,DAYLIGHT,SIDESWIPE SAME DIRECTION,FOUR WAY,,STRAIGHT AND LEVEL,DRY,NO DEFECTS,NOT ON SCENE (DESK REPORT),NO INJURY / DRIVE AWAY,Y,,,"OVER $1,500",9/21/2019 16:30,UNABLE TO DETERMINE,UNABLE TO DETERMINE,190,W,CONGRESS PKWY,122,,,,,,,2,NO INDICATION OF INJURY,0,0,0,0,0,2,0,15,7,9,41.87569997,-87.63348097,POINT (-87.633480967756 41.875699965144)
JC442887,,9/21/2019 15:30,30,STOP SIGN/FLASHER,FUNCTIONING PROPERLY,CLEAR,DAYLIGHT,REAR END,NOT DIVIDED,,STRAIGHT AND LEVEL,DRY,NO DEFECTS,NOT ON SCENE (DESK REPORT),NO INJURY / DRIVE AWAY,,,,"OVER $1,500",9/21/2019 16:20,FOLLOWING TOO CLOSELY,FOLLOWING TOO CLOSELY,7901,S,PAULINA ST,611,,,,,,,2,NO INDICATION OF INJURY,0,0,0,0,0,2,0,15,7,9,41.75023575,-87.66571513,POINT (-87.665715132119 41.750235750278)
JC442845,,9/21/2019 15:30,35,NO CONTROLS,NO CONTROLS,CLEAR,DAYLIGHT,OTHER NONCOLLISION,DIVIDED - W/MEDIAN (NOT RAISED),,STRAIGHT AND LEVEL,DRY,NO DEFECTS,ON SCENE,INJURY AND / OR TOW DUE TO CRASH,,,,"OVER $1,500",9/21/2019 15:33,UNABLE TO DETERMINE,UNABLE TO DETERMINE,3900,S,LAKE SHORE DR NB,212,,,,,,,1,NONINCAPACITATING INJURY,1,0,0,1,0,0,0,15,7,9,41.82593398,-87.60077846,POINT (-87.600778462118 41.825933979554)
JC442859,,9/21/2019 15:22,30,TRAFFIC SIGNAL,UNKNOWN,CLOUDY/OVERCAST,DAYLIGHT,REAR END,NOT DIVIDED,,STRAIGHT AND LEVEL,DRY,UNKNOWN,NOT ON SCENE (DESK REPORT),NO INJURY / DRIVE AWAY,Y,,,"OVER $1,500",9/21/2019 16:00,UNABLE TO DETERMINE,UNABLE TO DETERMINE,1200,S,WESTERN AVE,1023,,,,,,,2,NO INDICATION OF INJURY,0,0,0,0,0,2,0,15,7,9,41.86655006,-87.68618329,POINT (-87.686183289643 41.866550063499)
JC442849,,9/21/2019 15:18,30,NO CONTROLS,NO CONTROLS,CLEAR,DAYLIGHT,PEDESTRIAN,NOT DIVIDED,,STRAIGHT AND LEVEL,DRY,NO DEFECTS,NOT ON SCENE (DESK REPORT),INJURY AND / OR TOW DUE TO CRASH,Y,,Y,$500 OR LESS,9/21/2019 15:58,UNABLE TO DETERMINE,UNABLE TO DETERMINE,99,W,DIVISION ST,1824,,,,,,,2,NONINCAPACITATING INJURY,1,0,0,1,0,1,0,15,7,9,41.9037924,-87.63136871,POINT (-87.631368714441 41.903792401704)
JC442856,,9/21/2019 15:15,25,TRAFFIC SIGNAL,FUNCTIONING PROPERLY,CLEAR,DAYLIGHT,SIDESWIPE SAME DIRECTION,NOT DIVIDED,,STRAIGHT AND LEVEL,DRY,NO DEFECTS,NOT ON SCENE (DESK REPORT),NO INJURY / DRIVE AWAY,,,Y,"OVER $1,500",9/21/2019 16:00,IMPROPER LANE USAGE,NOT APPLICABLE,6700,S,WESTERN AVE,832,,,,,,,2,NO INDICATION OF INJURY,0,0,0,0,0,4,0,15,7,9,41.77188403,-87.6835884,POINT (-87.683588402063 41.771884027712)
JC442826,,9/21/2019 15:15,30,NO CONTROLS,NO CONTROLS,CLEAR,DAYLIGHT,REAR END,DIVIDED - W/MEDIAN BARRIER,,STRAIGHT AND LEVEL,DRY,NO DEFECTS,ON SCENE,NO INJURY / DRIVE AWAY,,,,"OVER $1,500",9/21/2019 15:15,IMPROPER LANE USAGE,UNABLE TO DETERMINE,5436,S,ASHLAND AVE,932,,,,,,,2,NO INDICATION OF INJURY,0,0,0,0,0,2,0,15,7,9,41.79473687,-87.66474957,POINT (-87.664749564686 41.794736867065)
JC442809,,9/21/2019 15:10,25,TRAFFIC SIGNAL,FUNCTIONING PROPERLY,CLEAR,DAYLIGHT,PEDALCYCLIST,NOT DIVIDED,,STRAIGHT AND LEVEL,DRY,NO DEFECTS,ON SCENE,INJURY AND / OR TOW DUE TO CRASH,Y,,,$500 OR LESS,9/21/2019 15:10,NOT APPLICABLE,NOT APPLICABLE,2300,W,GRAND AVE,1221,,,,,,,2,NONINCAPACITATING INJURY,1,0,0,1,0,1,0,15,7,9,41.89081045,-87.68431333,POINT (-87.684313325796 41.890810447097)
JC444550,,9/21/2019 15:00,30,NO CONTROLS,NO CONTROLS,CLEAR,DAYLIGHT,ANGLE,FOUR WAY,,STRAIGHT AND LEVEL,DRY,NO DEFECTS,NOT ON SCENE (DESK REPORT),INJURY AND / OR TOW DUE TO CRASH,Y,,,"OVER $1,500",9/23/2019 1:45,UNABLE TO DETERMINE,UNABLE TO DETERMINE,7300,S,STONY ISLAND AVE,324,,,,,,,2,"REPORTED, NOT EVIDENT",3,0,0,0,3,1,0,15,7,9,41.76236192,-87.58637724,POINT (-87.586377234748 41.762361918371)
JC442906,,9/21/2019 15:00,30,NO CONTROLS,NO CONTROLS,CLEAR,DAYLIGHT,PARKED MOTOR VEHICLE,DIVIDED - W/MEDIAN (NOT RAISED),,STRAIGHT AND LEVEL,DRY,NO DEFECTS,NOT ON SCENE (DESK REPORT),NO INJURY / DRIVE AWAY,,,,"OVER $1,500",9/21/2019 16:25,UNABLE TO DETERMINE,UNABLE TO DETERMINE,751,W,32ND ST,915,,,,,,,2,NO INDICATION OF INJURY,0,0,0,0,0,1,0,15,7,9,41.83611821,-87.64569992,POINT (-87.645699917096 41.836118206772)
JC442844,,9/21/2019 14:56,30,NO CONTROLS,NO CONTROLS,CLEAR,DAYLIGHT,SIDESWIPE SAME DIRECTION,ONE-WAY,,STRAIGHT AND LEVEL,DRY,NO DEFECTS,NOT ON SCENE (DESK REPORT),NO INJURY / DRIVE AWAY,,,,"$501 - $1,500",9/21/2019 15:52,NOT APPLICABLE,NOT APPLICABLE,6600,S,PULASKI RD,833,,,,,,,2,NO INDICATION OF INJURY,0,0,0,0,0,3,0,14,7,9,41.77314488,-87.72276939,POINT (-87.722769384571 41.773144879199)
JC442919,,9/21/2019 14:46,30,NO CONTROLS,NO CONTROLS,CLEAR,DAYLIGHT,SIDESWIPE SAME DIRECTION,DIVIDED - W/MEDIAN BARRIER,,STRAIGHT AND LEVEL,DRY,NO DEFECTS,ON SCENE,INJURY AND / OR TOW DUE TO CRASH,,,,"OVER $1,500",9/21/2019 14:46,IMPROPER OVERTAKING/PASSING,FAILING TO YIELD RIGHT-OF-WAY,635,N,ASHLAND AVE,1215,,Y,,,,,2,"REPORTED, NOT EVIDENT",1,0,0,0,1,1,0,14,7,9,41.89345443,-87.66706763,POINT (-87.667067633537 41.893454433628)
JC442877,,9/21/2019 14:40,30,NO CONTROLS,NO CONTROLS,CLEAR,DAYLIGHT,REAR END,NOT DIVIDED,,STRAIGHT AND LEVEL,DRY,NO DEFECTS,NOT ON SCENE (DESK REPORT),NO INJURY / DRIVE AWAY,,,,"$501 - $1,500",9/21/2019 16:13,NOT APPLICABLE,NOT APPLICABLE,6300,S,LAWNDALE AVE,823,,,,,,,2,NO INDICATION OF INJURY,0,0,0,0,0,2,0,14,7,9,41.77872316,-87.71554782,POINT (-87.715547820757 41.778723163419)