RD_NO,CRASH_DATE_EST_I,CRASH_DATE,POSTED_SPEED_LIMIT,TRAFFIC_CONTROL_DEVICE,DEVICE_CONDITION,WEATHER_CONDITION,LIGHTING_CONDITION,FIRST_CRASH_TYPE,TRAFFICWAY_TYPE,LANE_CNT,ALIGNMENT,ROADWAY_SURFACE_COND,ROAD_DEFECT,REPORT_TYPE,CRASH_TYPE,INTERSECTION_RELATED_I,NOT_RIGHT_OF_WAY_I,HIT_AND_RUN_I,DAMAGE,DATE_POLICE_NOTIFIED,PRIM_CONTRIBUTORY_CAUSE,SEC_CONTRIBUTORY_CAUSE,STREET_NO,STREET_DIRECTION,STREET_NAME,BEAT_OF_OCCURRENCE,PHOTOS_TAKEN_I,STATEMENTS_TAKEN_I,DOORING_I,WORK_ZONE_I,WORK_ZONE_TYPE,WORKERS_PRESENT_I,NUM_UNITS,MOST_SEVERE_INJURY,INJURIES_TOTAL,INJURIES_FATAL,INJURIES_INCAPACITATING,INJURIES_NON_INCAPACITATING,INJURIES_REPORTED_NOT_EVIDENT,INJURIES_NO_INDICATION,INJURIES_UNKNOWN,CRASH_HOUR,CRASH_DAY_OF_WEEK,CRASH_MONTH,LATITUDE,LONGITUDE,LOCATION
JC442796,,9/21/2019 14:37,30,NO CONTROLS,NO CONTROLS,CLOUDY/OVERCAST,DAYLIGHT,FIXED OBJECT,PARKING LOT,,STRAIGHT AND LEVEL,DRY,NO DEFECTS,ON SCENE,NO INJURY / DRIVE AWAY,,,,"OVER $1,500",9/21/2019 14:40,UNABLE TO DETERMINE,UNABLE TO DETERMINE,9049,S,STONY ISLAND AVE,413,,,,,,,1,NO INDICATION OF INJURY,0,0,0,0,0,1,0,14,7,9,41.73000801,-87.58490988,POINT (-87.584909876821 41.730008006931)
JC442783,,9/21/2019 14:35,30,NO CONTROLS,NO CONTROLS,CLEAR,DAYLIGHT,REAR END,NOT DIVIDED,,STRAIGHT AND LEVEL,DRY,NO DEFECTS,ON SCENE,INJURY AND / OR TOW DUE TO CRASH,,,,"$501 - $1,500",9/21/2019 14:40,FAILING TO REDUCE SPEED TO AVOID CRASH,FOLLOWING TOO CLOSELY,3716,S,ARCHER AVE,911,,,,,,,2,NONINCAPACITATING INJURY,2,0,0,2,0,16,0,14,7,9,41.82604002,-87.6849674,POINT (-87.684967399868 41.826040017229)
JC443259,,9/21/2019 14:30,30,NO CONTROLS,NO CONTROLS,CLEAR,DAYLIGHT,TURNING,ALLEY,,STRAIGHT AND LEVEL,DRY,NO DEFECTS,NOT ON SCENE (DESK REPORT),NO INJURY / DRIVE AWAY,,,Y,"OVER $1,500",9/21/2019 22:10,FAILING TO YIELD RIGHT-OF-WAY,NOT APPLICABLE,6337,N,ARTESIAN AVE,2413,,,,,,,2,NO INDICATION OF INJURY,0,0,0,0,0,2,0,14,7,9,41.99700177,-87.69093715,POINT (-87.690937146007 41.997001773117)
JC442861,,9/21/2019 14:22,30,UNKNOWN,UNKNOWN,CLEAR,DAYLIGHT,SIDESWIPE SAME DIRECTION,UNKNOWN,,STRAIGHT AND LEVEL,DRY,NO DEFECTS,NOT ON SCENE (DESK REPORT),NO INJURY / DRIVE AWAY,,,,"OVER $1,500",9/21/2019 16:00,UNABLE TO DETERMINE,UNABLE TO DETERMINE,4532,S,LAKE PARK AVE,222,,,,,,,2,NO INDICATION OF INJURY,0,0,0,0,0,2,0,14,7,9,41.81242361,-87.59572292,POINT (-87.595722922777 41.812423605101)
JC442776,,9/21/2019 14:20,20,TRAFFIC SIGNAL,FUNCTIONING PROPERLY,CLEAR,DAYLIGHT,REAR END,NOT DIVIDED,,STRAIGHT AND LEVEL,DRY,NO DEFECTS,NOT ON SCENE (DESK REPORT),NO INJURY / DRIVE AWAY,,,,"OVER $1,500",9/21/2019 15:00,FOLLOWING TOO CLOSELY,NOT APPLICABLE,1607,W,DIVERSEY PKWY,1931,,,,,,,2,NO INDICATION OF INJURY,0,0,0,0,0,2,0,14,7,9,41.93229001,-87.66870566,POINT (-87.668705660668 41.932290014423)
JC442743,,9/21/2019 14:19,30,TRAFFIC SIGNAL,FUNCTIONING PROPERLY,RAIN,DAYLIGHT,SIDESWIPE SAME DIRECTION,DIVIDED - W/MEDIAN (NOT RAISED),,STRAIGHT AND LEVEL,WET,NO DEFECTS,ON SCENE,NO INJURY / DRIVE AWAY,,,,"$501 - $1,500",9/21/2019 14:21,FAILING TO REDUCE SPEED TO AVOID CRASH,UNABLE TO DETERMINE,3643,W,IRVING PARK RD,1732,,,,,,,2,NO INDICATION OF INJURY,0,0,0,0,0,2,0,14,7,9,41.95362956,-87.71955439,POINT (-87.719554385786 41.953629563035)
JC442976,,9/21/2019 14:17,15,NO CONTROLS,NO CONTROLS,CLEAR,DAYLIGHT,FIXED OBJECT,ALLEY,,STRAIGHT AND LEVEL,DRY,NO DEFECTS,ON SCENE,INJURY AND / OR TOW DUE TO CRASH,,Y,,"OVER $1,500",9/21/2019 14:17,DISTRACTION - FROM INSIDE VEHICLE,UNABLE TO DETERMINE,4906,N,WHIPPLE ST,1713,,,,,,,1,NONINCAPACITATING INJURY,1,0,0,1,0,1,0,14,7,9,41.97056001,-87.70501735,POINT (-87.705017349102 41.970560010835)
JC442756,,9/21/2019 14:16,30,TRAFFIC SIGNAL,NO CONTROLS,CLEAR,DAYLIGHT,SIDESWIPE SAME DIRECTION,DIVIDED - W/MEDIAN (NOT RAISED),,STRAIGHT AND LEVEL,DRY,NO DEFECTS,ON SCENE,NO INJURY / DRIVE AWAY,,,Y,$500 OR LESS,9/21/2019 14:30,IMPROPER LANE USAGE,NOT APPLICABLE,5058,S,KEDZIE AVE,821,,,,,,,2,NO INDICATION OF INJURY,0,0,0,0,0,2,0,14,7,9,41.80090654,-87.7039148,POINT (-87.703914804028 41.800906540505)
JC442712,,9/21/2019 14:10,25,NO CONTROLS,NO CONTROLS,CLEAR,DAYLIGHT,PARKED MOTOR VEHICLE,NOT DIVIDED,,STRAIGHT AND LEVEL,DRY,NO DEFECTS,ON SCENE,NO INJURY / DRIVE AWAY,,,,"$501 - $1,500",9/21/2019 14:15,FOLLOWING TOO CLOSELY,NOT APPLICABLE,6724,W,ARGYLE ST,1613,,,,,,,2,NO INDICATION OF INJURY,0,0,0,0,0,1,0,14,7,9,41.97207002,-87.79623758,POINT (-87.79623758059 41.972070014688)
JC442753,,9/21/2019 14:04,35,TRAFFIC SIGNAL,FUNCTIONING PROPERLY,CLEAR,DAYLIGHT,TURNING,FOUR WAY,,STRAIGHT AND LEVEL,DRY,NO DEFECTS,NOT ON SCENE (DESK REPORT),NO INJURY / DRIVE AWAY,Y,,Y,$500 OR LESS,9/21/2019 14:30,UNABLE TO DETERMINE,UNABLE TO DETERMINE,9900,S,HALSTED ST,2232,,,,,,,2,NO INDICATION OF INJURY,0,0,0,0,0,2,0,14,7,9,41.71411887,-87.64314541,POINT (-87.643145408182 41.71411886809)
JC453048,,9/21/2019 14:00,30,NO CONTROLS,NO CONTROLS,CLEAR,DAYLIGHT,PARKED MOTOR VEHICLE,NOT DIVIDED,,STRAIGHT AND LEVEL,DRY,NO DEFECTS,NOT ON SCENE (DESK REPORT),NO INJURY / DRIVE AWAY,,,,"OVER $1,500",9/29/2019 13:15,UNABLE TO DETERMINE,UNABLE TO DETERMINE,3949,N,ASHLAND AVE,1922,,,,,,,2,NO INDICATION OF INJURY,0,0,0,0,0,1,0,14,7,9,41.95387291,-87.66888934,POINT (-87.668889337885 41.953872905109)
JC442847,,9/21/2019 14:00,35,NO CONTROLS,NO CONTROLS,CLEAR,DAYLIGHT,TURNING,PARKING LOT,,STRAIGHT AND LEVEL,UNKNOWN,UNKNOWN,NOT ON SCENE (DESK REPORT),NO INJURY / DRIVE AWAY,,,,"$501 - $1,500",9/21/2019 15:50,FAILING TO YIELD RIGHT-OF-WAY,UNABLE TO DETERMINE,3111,W,26TH ST,1033,,,,,,,2,NO INDICATION OF INJURY,0,0,0,0,0,3,0,14,7,9,41.8444305,-87.70306771,POINT (-87.703067707839 41.844430501716)
JC442778,,9/21/2019 14:00,30,NO CONTROLS,NO CONTROLS,CLEAR,DAYLIGHT,REAR END,NOT DIVIDED,,STRAIGHT AND LEVEL,DRY,NO DEFECTS,NOT ON SCENE (DESK REPORT),NO INJURY / DRIVE AWAY,,,,"$501 - $1,500",9/21/2019 14:58,NOT APPLICABLE,NOT APPLICABLE,9559,S,WESTERN AVE,2213,,,,,,,2,NO INDICATION OF INJURY,0,0,0,0,0,2,0,14,7,9,41.71920495,-87.68186398,POINT (-87.681863976806 41.719204950688)
JC442725,,9/21/2019 13:52,30,NO CONTROLS,NO CONTROLS,CLEAR,DAYLIGHT,PARKED MOTOR VEHICLE,UNKNOWN INTERSECTION TYPE,,STRAIGHT AND LEVEL,DRY,UNKNOWN,ON SCENE,NO INJURY / DRIVE AWAY,Y,,,"OVER $1,500",9/21/2019 14:08,IMPROPER TURNING/NO SIGNAL,NOT APPLICABLE,5300,W,DIVISION ST,2532,,,,,,,2,NO INDICATION OF INJURY,0,0,0,0,0,1,0,13,7,9,41.90233017,-87.75831294,POINT (-87.758312936196 41.902330170444)
JC442827,,9/21/2019 13:51,25,NO CONTROLS,NO CONTROLS,CLOUDY/OVERCAST,DAYLIGHT,FIXED OBJECT,NOT DIVIDED,,STRAIGHT AND LEVEL,"SAND, MUD, DIRT",NO DEFECTS,ON SCENE,INJURY AND / OR TOW DUE TO CRASH,,Y,,"$501 - $1,500",9/21/2019 13:51,"OPERATING VEHICLE IN ERRATIC, RECKLESS, CARELESS, NEGLIGENT OR AGGRESSIVE MANNER",NOT APPLICABLE,432,W,103RD PL,2232,,,,,,,1,NONINCAPACITATING INJURY,1,0,0,1,0,3,0,13,7,9,41.7062157,-87.63453075,POINT (-87.634530752167 41.70621569571)
JC442800,,9/21/2019 13:50,30,NO CONTROLS,NO CONTROLS,CLEAR,DAYLIGHT,TURNING,NOT DIVIDED,,STRAIGHT AND LEVEL,DRY,NO DEFECTS,NOT ON SCENE (DESK REPORT),NO INJURY / DRIVE AWAY,Y,,,"OVER $1,500",9/21/2019 15:00,FAILING TO YIELD RIGHT-OF-WAY,UNABLE TO DETERMINE,5000,S,WESTERN AVE,923,,,,,,,2,NO INDICATION OF INJURY,0,0,0,0,0,2,0,13,7,9,41.80287082,-87.68441634,POINT (-87.684416341899 41.802870816721)
JC448057,,9/21/2019 13:45,30,STOP SIGN/FLASHER,FUNCTIONING PROPERLY,CLEAR,DAYLIGHT,REAR END,NOT DIVIDED,,STRAIGHT AND LEVEL,DRY,NO DEFECTS,NOT ON SCENE (DESK REPORT),NO INJURY / DRIVE AWAY,,,,"OVER $1,500",9/25/2019 15:40,FAILING TO REDUCE SPEED TO AVOID CRASH,NOT APPLICABLE,6701,W,TALCOTT AVE,1613,,,,,,,2,NO INDICATION OF INJURY,0,0,0,0,0,4,0,13,7,9,41.9787253,-87.79574948,POINT (-87.795749484484 41.978725298542)
JC442801,,9/21/2019 13:45,30,UNKNOWN,UNKNOWN,CLOUDY/OVERCAST,DAYLIGHT,SIDESWIPE SAME DIRECTION,OTHER,,STRAIGHT AND LEVEL,DRY,UNKNOWN,ON SCENE,INJURY AND / OR TOW DUE TO CRASH,,,Y,"OVER $1,500",9/21/2019 14:20,FOLLOWING TOO CLOSELY,NOT APPLICABLE,1023,W,GARFIELD BLVD,712,,,,,,,2,NO INDICATION OF INJURY,0,0,0,0,0,2,0,13,7,9,41.79374608,-87.65106592,POINT (-87.651065921856 41.793746075515)
JC442835,,9/21/2019 13:40,30,TRAFFIC SIGNAL,FUNCTIONING PROPERLY,CLEAR,DAYLIGHT,SIDESWIPE SAME DIRECTION,NOT DIVIDED,,STRAIGHT AND LEVEL,DRY,NO DEFECTS,NOT ON SCENE (DESK REPORT),INJURY AND / OR TOW DUE TO CRASH,,,Y,"OVER $1,500",9/21/2019 15:45,UNABLE TO DETERMINE,UNABLE TO DETERMINE,1599,E,75TH ST,411,,,,,,,2,"REPORTED, NOT EVIDENT",1,0,0,0,1,1,0,13,7,9,41.75865761,-87.58575681,POINT (-87.58575680989 41.758657613302)
JC449551,,9/21/2019 13:35,30,TRAFFIC SIGNAL,FUNCTIONING PROPERLY,CLEAR,DAYLIGHT,REAR END,NOT DIVIDED,,STRAIGHT AND LEVEL,DRY,NO DEFECTS,NOT ON SCENE (DESK REPORT),NO INJURY / DRIVE AWAY,,,,"$501 - $1,500",9/26/2019 17:15,FOLLOWING TOO CLOSELY,DRIVING SKILLS/KNOWLEDGE/EXPERIENCE,7101,S,WESTERN AVE,832,,,,,,,2,NO INDICATION OF INJURY,0,0,0,0,0,2,0,13,7,9,41.76461295,-87.68309387,POINT (-87.683093871433 41.76461295199)
JC442700,,9/21/2019 13:35,30,NO CONTROLS,NO CONTROLS,CLOUDY/OVERCAST,DAYLIGHT,REAR TO FRONT,PARKING LOT,,STRAIGHT AND LEVEL,DRY,NO DEFECTS,ON SCENE,NO INJURY / DRIVE AWAY,,,,"$501 - $1,500",9/21/2019 13:38,"VISION OBSCURED (SIGNS, TREE LIMBS, BUILDINGS, ETC.)",UNABLE TO DETERMINE,7172,W,NORTH AVE,2513,,,,,,,2,NO INDICATION OF INJURY,0,0,0,0,0,2,0,13,7,9,41.90897293,-87.80493078,POINT (-87.804930775619 41.908972928565)
JC450316,,9/21/2019 13:30,30,NO CONTROLS,NO CONTROLS,CLEAR,DAYLIGHT,PARKED MOTOR VEHICLE,PARKING LOT,,STRAIGHT AND LEVEL,DRY,NO DEFECTS,NOT ON SCENE (DESK REPORT),NO INJURY / DRIVE AWAY,,,,"$501 - $1,500",9/27/2019 10:00,UNABLE TO DETERMINE,NOT APPLICABLE,4726,N,WESTERN AVE,1911,,,,,,,2,NO INDICATION OF INJURY,0,0,0,0,0,1,0,13,7,9,41.96757216,-87.68901736,POINT (-87.689017362938 41.967572159891)
JC443812,,9/21/2019 13:30,30,NO CONTROLS,NO CONTROLS,CLEAR,DAYLIGHT,REAR END,NOT DIVIDED,,STRAIGHT AND LEVEL,DRY,NO DEFECTS,NOT ON SCENE (DESK REPORT),NO INJURY / DRIVE AWAY,,,,"OVER $1,500",9/22/2019 12:05,FOLLOWING TOO CLOSELY,NOT APPLICABLE,7740,S,WESTERN AVE,835,,,,,,,2,NO INDICATION OF INJURY,0,0,0,0,0,2,0,13,7,9,41.75266946,-87.6830596,POINT (-87.683059596765 41.752669456828)
JC442816,,9/21/2019 13:30,15,NO CONTROLS,NO CONTROLS,CLEAR,DAYLIGHT,PARKED MOTOR VEHICLE,PARKING LOT,,STRAIGHT AND LEVEL,DRY,NO DEFECTS,NOT ON SCENE (DESK REPORT),NO INJURY / DRIVE AWAY,,,,"OVER $1,500",9/21/2019 15:30,IMPROPER BACKING,UNABLE TO DETERMINE,3750,N,KEDZIE AVE,1733,,,,,,,2,NO INDICATION OF INJURY,0,0,0,0,0,1,0,13,7,9,41.94996027,-87.70805618,POINT (-87.708056175378 41.949960267764)
JC442699,,9/21/2019 13:30,30,TRAFFIC SIGNAL,FUNCTIONING PROPERLY,CLEAR,DAYLIGHT,REAR END,NOT DIVIDED,,STRAIGHT AND LEVEL,DRY,NO DEFECTS,NOT ON SCENE (DESK REPORT),NO INJURY / DRIVE AWAY,,,Y,"OVER $1,500",9/21/2019 14:00,FOLLOWING TOO CLOSELY,FOLLOWING TOO CLOSELY,6301,S,ASHLAND AVE,725,,,,,,,2,NO INDICATION OF INJURY,0,0,0,0,0,2,0,13,7,9,41.77937594,-87.66407209,POINT (-87.664072091298 41.779375935711)
JC442805,,9/21/2019 13:25,30,TRAFFIC SIGNAL,FUNCTIONING PROPERLY,CLEAR,DAYLIGHT,REAR END,NOT DIVIDED,,STRAIGHT AND LEVEL,DRY,NO DEFECTS,NOT ON SCENE (DESK REPORT),INJURY AND / OR TOW DUE TO CRASH,,,,"OVER $1,500",9/21/2019 15:23,UNABLE TO DETERMINE,NOT APPLICABLE,5501,S,HARLEM AVE,811,,,,,,,2,"REPORTED, NOT EVIDENT",2,0,0,0,2,4,0,13,7,9,41.79185207,-87.8013778,POINT (-87.801377798929 41.79185206544)
JC442872,Y,9/21/2019 13:20,25,NO CONTROLS,NO CONTROLS,UNKNOWN,UNKNOWN,PARKED MOTOR VEHICLE,NOT DIVIDED,,STRAIGHT AND LEVEL,UNKNOWN,UNKNOWN,ON SCENE,NO INJURY / DRIVE AWAY,,,Y,$500 OR LESS,9/21/2019 13:59,UNABLE TO DETERMINE,NOT APPLICABLE,7129,W,WELLINGTON AVE,2511,,,,,,,2,NO INDICATION OF INJURY,0,0,0,0,0,1,0,13,7,9,41.93428626,-87.80496264,POINT (-87.804962644089 41.934286261667)
JC442718,,9/21/2019 13:20,30,YIELD,NO CONTROLS,CLEAR,DAYLIGHT,REAR END,NOT DIVIDED,,STRAIGHT AND LEVEL,DRY,NO DEFECTS,NOT ON SCENE (DESK REPORT),NO INJURY / DRIVE AWAY,,,,"$501 - $1,500",9/21/2019 14:17,UNABLE TO DETERMINE,UNABLE TO DETERMINE,2600,N,CANNON DR,1935,,,,,,,2,NO INDICATION OF INJURY,0,0,0,0,0,2,0,13,7,9,41.92967872,-87.63623992,POINT (-87.636239915773 41.929678723477)
JC442704,,9/21/2019 13:20,30,TRAFFIC SIGNAL,FUNCTIONING PROPERLY,CLEAR,DAYLIGHT,REAR END,DIVIDED - W/MEDIAN BARRIER,,STRAIGHT AND LEVEL,DRY,NO DEFECTS,ON SCENE,NO INJURY / DRIVE AWAY,Y,,,"$501 - $1,500",9/21/2019 13:29,FAILING TO REDUCE SPEED TO AVOID CRASH,UNABLE TO DETERMINE,1120,N,LA SALLE DR,1824,,,,,,,2,NO INDICATION OF INJURY,0,0,0,0,0,2,0,13,7,9,41.90246703,-87.63302229,POINT (-87.633022287517 41.902467034453)
JC442687,,9/21/2019 13:20,30,NO CONTROLS,NO CONTROLS,CLEAR,DAYLIGHT,REAR END,DIVIDED - W/MEDIAN (NOT RAISED),,STRAIGHT AND LEVEL,DRY,UNKNOWN,NOT ON SCENE (DESK REPORT),NO INJURY / DRIVE AWAY,,,,"$501 - $1,500",9/21/2019 13:45,UNABLE TO DETERMINE,UNABLE TO DETERMINE,7956,S,ASHLAND AVE,611,,,,,,,2,NO INDICATION OF INJURY,0,0,0,0,0,2,0,13,7,9,41.7486696,-87.66354863,POINT (-87.663548626934 41.748669600734)
JC442999,,9/21/2019 13:17,30,TRAFFIC SIGNAL,FUNCTIONING PROPERLY,CLEAR,DAYLIGHT,REAR END,NOT DIVIDED,,STRAIGHT AND LEVEL,DRY,NO DEFECTS,NOT ON SCENE (DESK REPORT),NO INJURY / DRIVE AWAY,,,Y,"$501 - $1,500",9/21/2019 18:04,UNABLE TO DETERMINE,NOT APPLICABLE,398,S,ASHLAND AVE,1231,,,,,,,2,NO INDICATION OF INJURY,0,0,0,0,0,3,0,13,7,9,41.87638849,-87.66681235,POINT (-87.666812350149 41.876388488923)
JC439691,,9/21/2019 13:15,10,NO CONTROLS,NO CONTROLS,RAIN,DAYLIGHT,PARKED MOTOR VEHICLE,PARKING LOT,,STRAIGHT AND LEVEL,DRY,NO DEFECTS,NOT ON SCENE (DESK REPORT),NO INJURY / DRIVE AWAY,,,,"OVER $1,500",9/21/2019 13:40,UNABLE TO DETERMINE,NOT APPLICABLE,953,W,IRVING PARK RD,1923,,,,,,,2,NO INDICATION OF INJURY,0,0,0,0,0,2,0,13,7,9,41.95438385,-87.65419529,POINT (-87.65419529417 41.954383848186)
JC442739,,9/21/2019 13:13,35,NO CONTROLS,NO CONTROLS,CLEAR,DAYLIGHT,SIDESWIPE SAME DIRECTION,NOT DIVIDED,,STRAIGHT AND LEVEL,DRY,UNKNOWN,NOT ON SCENE (DESK REPORT),NO INJURY / DRIVE AWAY,,,,"$501 - $1,500",9/21/2019 13:13,IMPROPER LANE USAGE,IMPROPER LANE USAGE,1400,S,INDEPENDENCE BLVD,1011,,,,,,,2,NO INDICATION OF INJURY,0,0,0,0,0,3,0,13,7,9,41.86255031,-87.72048217,POINT (-87.720482171474 41.862550308659)
JC442728,,9/21/2019 13:10,15,NO CONTROLS,NO CONTROLS,CLEAR,DAYLIGHT,PARKED MOTOR VEHICLE,PARKING LOT,,STRAIGHT AND LEVEL,DRY,NO DEFECTS,NOT ON SCENE (DESK REPORT),NO INJURY / DRIVE AWAY,,Y,,"$501 - $1,500",9/21/2019 14:21,IMPROPER BACKING,UNABLE TO DETERMINE,4738,N,WESTERN AVE,1911,,,,,,,2,NO INDICATION OF INJURY,0,0,0,0,0,2,0,13,7,9,41.96790633,-87.68903,POINT (-87.689029995931 41.967906325376)
JC442670,,9/21/2019 13:03,30,STOP SIGN/FLASHER,FUNCTIONING PROPERLY,CLOUDY/OVERCAST,DAYLIGHT,TURNING,NOT DIVIDED,,STRAIGHT AND LEVEL,UNKNOWN,UNKNOWN,NOT ON SCENE (DESK REPORT),INJURY AND / OR TOW DUE TO CRASH,Y,,,"$501 - $1,500",9/21/2019 13:11,IMPROPER OVERTAKING/PASSING,IMPROPER OVERTAKING/PASSING,3500,N,HALSTED ST,1924,,,,,,,2,"REPORTED, NOT EVIDENT",1,0,0,0,1,2,0,13,7,9,41.94550365,-87.64957851,POINT (-87.64957851411 41.945503653311)
JC442703,,9/21/2019 13:00,30,TRAFFIC SIGNAL,FUNCTIONING PROPERLY,CLEAR,DAYLIGHT,SIDESWIPE SAME DIRECTION,DIVIDED - W/MEDIAN (NOT RAISED),,STRAIGHT AND LEVEL,DRY,NO DEFECTS,NOT ON SCENE (DESK REPORT),NO INJURY / DRIVE AWAY,,,,"OVER $1,500",9/21/2019 13:30,DISTRACTION - FROM INSIDE VEHICLE,NOT APPLICABLE,66,E,WACKER DR,111,,,,,,,2,NO INDICATION OF INJURY,0,0,0,0,0,2,0,13,7,9,41.88798606,-87.62587497,POINT (-87.625874974123 41.88798606198)
JC442641,,9/21/2019 13:00,30,NO CONTROLS,NO CONTROLS,CLEAR,DAYLIGHT,SIDESWIPE OPPOSITE DIRECTION,NOT DIVIDED,,STRAIGHT AND LEVEL,DRY,NO DEFECTS,ON SCENE,NO INJURY / DRIVE AWAY,,,,"OVER $1,500",9/21/2019 13:05,UNABLE TO DETERMINE,NOT APPLICABLE,2200,N,CALIFORNIA AVE,1414,,,,,,,3,NO INDICATION OF INJURY,0,0,0,0,0,3,0,13,7,9,41.92172351,-87.69746848,POINT (-87.697468479359 41.921723514279)
JC442663,,9/21/2019 12:50,30,TRAFFIC SIGNAL,FUNCTIONING PROPERLY,CLEAR,DAYLIGHT,REAR END,NOT DIVIDED,,STRAIGHT AND LEVEL,DRY,NO DEFECTS,NOT ON SCENE (DESK REPORT),NO INJURY / DRIVE AWAY,,,,"OVER $1,500",9/21/2019 13:29,UNABLE TO DETERMINE,NOT APPLICABLE,7459,S,CICERO AVE,833,,,,,,,2,NO INDICATION OF INJURY,0,0,0,0,0,4,0,12,7,9,41.75720103,-87.74147966,POINT (-87.741479655894 41.757201033489)
JC442655,,9/21/2019 12:50,30,NO CONTROLS,NO CONTROLS,CLEAR,DAYLIGHT,PARKED MOTOR VEHICLE,ONE-WAY,,STRAIGHT AND LEVEL,DRY,NO DEFECTS,ON SCENE,NO INJURY / DRIVE AWAY,,Y,Y,$500 OR LESS,9/21/2019 12:55,IMPROPER BACKING,NOT APPLICABLE,1101,S,CANAL ST,124,,,,,,,2,NO INDICATION OF INJURY,0,0,0,0,0,3,0,12,7,9,41.86888971,-87.63909893,POINT (-87.639098928088 41.868889711112)
JC442697,,9/21/2019 12:45,30,NO CONTROLS,NO CONTROLS,CLEAR,DAYLIGHT,PEDESTRIAN,DIVIDED - W/MEDIAN (NOT RAISED),,STRAIGHT AND LEVEL,DRY,NO DEFECTS,ON SCENE,INJURY AND / OR TOW DUE TO CRASH,,,,$500 OR LESS,9/21/2019 12:50,UNABLE TO DETERMINE,UNABLE TO DETERMINE,9340,S,ASHLAND AVE,2221,,,,,,,2,INCAPACITATING INJURY,1,0,1,0,0,1,0,12,7,9,41.72363324,-87.66287957,POINT (-87.662879565457 41.723633237777)
JC442665,,9/21/2019 12:45,30,NO CONTROLS,NO CONTROLS,CLEAR,DAYLIGHT,ANGLE,NOT DIVIDED,,STRAIGHT AND LEVEL,DRY,NO DEFECTS,NOT ON SCENE (DESK REPORT),NO INJURY / DRIVE AWAY,,,,"$501 - $1,500",9/21/2019 13:15,UNABLE TO DETERMINE,NOT APPLICABLE,1410,W,TAYLOR ST,1231,,,,,,,2,NO INDICATION OF INJURY,0,0,0,0,0,3,0,12,7,9,41.86944186,-87.66213363,POINT (-87.662133626674 41.869441855241)
JC442650,,9/21/2019 12:45,35,NO CONTROLS,NO CONTROLS,CLEAR,DAYLIGHT,TURNING,T-INTERSECTION,,STRAIGHT AND LEVEL,DRY,UNKNOWN,NOT ON SCENE (DESK REPORT),NO INJURY / DRIVE AWAY,,,,"$501 - $1,500",9/21/2019 13:25,IMPROPER TURNING/NO SIGNAL,IMPROPER TURNING/NO SIGNAL,2801,S,WESTERN AVE,1034,,,,,,,2,NO INDICATION OF INJURY,0,0,0,0,0,2,0,12,7,9,41.84111499,-87.68513204,POINT (-87.685132034759 41.841114991692)
JC442647,,9/21/2019 12:45,30,NO CONTROLS,NO CONTROLS,CLEAR,DAYLIGHT,PARKED MOTOR VEHICLE,ONE-WAY,,STRAIGHT AND LEVEL,DRY,NO DEFECTS,ON SCENE,INJURY AND / OR TOW DUE TO CRASH,,,,"OVER $1,500",9/21/2019 12:48,UNABLE TO DETERMINE,NOT APPLICABLE,421,E,50TH ST,223,,,,,,,2,NO INDICATION OF INJURY,0,0,0,0,0,1,0,12,7,9,41.80382826,-87.61539647,POINT (-87.61539646978 41.803828256567)
JC442629,,9/21/2019 12:45,35,TRAFFIC SIGNAL,FUNCTIONING PROPERLY,CLEAR,DAYLIGHT,ANGLE,FOUR WAY,,STRAIGHT AND LEVEL,DRY,NO DEFECTS,,INJURY AND / OR TOW DUE TO CRASH,Y,,,"OVER $1,500",9/21/2019 12:47,DISREGARDING TRAFFIC SIGNALS,FAILING TO REDUCE SPEED TO AVOID CRASH,6900,S,DAMEN AVE,735,,,,,,,3,NO INDICATION OF INJURY,0,0,0,0,0,4,0,12,7,9,41.76839298,-87.67377006,POINT (-87.673770056146 41.768392979654)
JC442623,,9/21/2019 12:45,30,STOP SIGN/FLASHER,FUNCTIONING PROPERLY,CLOUDY/OVERCAST,DAYLIGHT,ANGLE,FOUR WAY,,STRAIGHT AND LEVEL,DRY,NO DEFECTS,ON SCENE,INJURY AND / OR TOW DUE TO CRASH,Y,,,"OVER $1,500",9/21/2019 12:50,UNABLE TO DETERMINE,UNABLE TO DETERMINE,4900,N,ASHLAND AVE,2032,,,,,,,2,"REPORTED, NOT EVIDENT",1,0,0,0,1,1,0,12,7,9,41.97188325,-87.66966848,POINT (-87.66966847772 41.971883253741)
JC442695,,9/21/2019 12:44,30,TRAFFIC SIGNAL,FUNCTIONING PROPERLY,CLOUDY/OVERCAST,DAYLIGHT,ANGLE,DIVIDED - W/MEDIAN (NOT RAISED),,STRAIGHT AND LEVEL,DRY,OTHER,ON SCENE,INJURY AND / OR TOW DUE TO CRASH,Y,,,"OVER $1,500",9/21/2019 12:51,UNABLE TO DETERMINE,UNABLE TO DETERMINE,4800,S,ASHLAND AVE,931,,,,,,,2,"REPORTED, NOT EVIDENT",1,0,0,0,1,2,0,12,7,9,41.80668905,-87.665065,POINT (-87.665065002859 41.806689045263)
JC443560,,9/21/2019 12:30,30,NO CONTROLS,NO CONTROLS,CLEAR,DAYLIGHT,TURNING,NOT DIVIDED,,STRAIGHT AND LEVEL,DRY,NO DEFECTS,NOT ON SCENE (DESK REPORT),NO INJURY / DRIVE AWAY,,,Y,"OVER $1,500",9/22/2019 7:30,UNABLE TO DETERMINE,NOT APPLICABLE,4320,W,NORTH AVE,2534,,,,,,,2,NO INDICATION OF INJURY,0,0,0,0,0,5,0,12,7,9,41.90988759,-87.73460202,POINT (-87.734602022403 41.909887590812)