RD_NO,CRASH_DATE_EST_I,CRASH_DATE,POSTED_SPEED_LIMIT,TRAFFIC_CONTROL_DEVICE,DEVICE_CONDITION,WEATHER_CONDITION,LIGHTING_CONDITION,FIRST_CRASH_TYPE,TRAFFICWAY_TYPE,LANE_CNT,ALIGNMENT,ROADWAY_SURFACE_COND,ROAD_DEFECT,REPORT_TYPE,CRASH_TYPE,INTERSECTION_RELATED_I,NOT_RIGHT_OF_WAY_I,HIT_AND_RUN_I,DAMAGE,DATE_POLICE_NOTIFIED,PRIM_CONTRIBUTORY_CAUSE,SEC_CONTRIBUTORY_CAUSE,STREET_NO,STREET_DIRECTION,STREET_NAME,BEAT_OF_OCCURRENCE,PHOTOS_TAKEN_I,STATEMENTS_TAKEN_I,DOORING_I,WORK_ZONE_I,WORK_ZONE_TYPE,WORKERS_PRESENT_I,NUM_UNITS,MOST_SEVERE_INJURY,INJURIES_TOTAL,INJURIES_FATAL,INJURIES_INCAPACITATING,INJURIES_NON_INCAPACITATING,INJURIES_REPORTED_NOT_EVIDENT,INJURIES_NO_INDICATION,INJURIES_UNKNOWN,CRASH_HOUR,CRASH_DAY_OF_WEEK,CRASH_MONTH,LATITUDE,LONGITUDE,LOCATION
JC442780,,9/21/2019 12:30,30,TRAFFIC SIGNAL,FUNCTIONING PROPERLY,CLEAR,DAYLIGHT,REAR END,NOT DIVIDED,,STRAIGHT AND LEVEL,DRY,NO DEFECTS,NOT ON SCENE (DESK REPORT),NO INJURY / DRIVE AWAY,,,,"OVER $1,500",9/21/2019 15:00,UNABLE TO DETERMINE,NOT APPLICABLE,7101,S,WESTERN AVE,832,,,,,,,2,NO INDICATION OF INJURY,0,0,0,0,0,10,0,12,7,9,41.76461295,-87.68309387,POINT (-87.683093871433 41.76461295199)
JC442619,,9/21/2019 12:30,30,NO CONTROLS,NO CONTROLS,CLEAR,DAYLIGHT,TURNING,NOT DIVIDED,,STRAIGHT AND LEVEL,DRY,NO DEFECTS,NOT ON SCENE (DESK REPORT),NO INJURY / DRIVE AWAY,Y,,,$500 OR LESS,9/21/2019 12:58,IMPROPER BACKING,UNABLE TO DETERMINE,1598,W,CORTEZ ST,1213,,,,,,,2,NO INDICATION OF INJURY,0,0,0,0,0,2,0,12,7,9,41.90072738,-87.66739289,POINT (-87.667392889492 41.900727384378)
JC442639,,9/21/2019 12:29,30,NO CONTROLS,NO CONTROLS,CLEAR,DAYLIGHT,SIDESWIPE SAME DIRECTION,NOT DIVIDED,,STRAIGHT AND LEVEL,DRY,NO DEFECTS,ON SCENE,NO INJURY / DRIVE AWAY,,,,"$501 - $1,500",9/21/2019 13:07,FAILING TO YIELD RIGHT-OF-WAY,DRIVING SKILLS/KNOWLEDGE/EXPERIENCE,3142,N,HALSTED ST,1933,,,,,,,2,NO INDICATION OF INJURY,0,0,0,0,0,2,0,12,7,9,41.93912433,-87.64938574,POINT (-87.649385741353 41.939124326861)
JC442588,,9/21/2019 12:26,30,TRAFFIC SIGNAL,FUNCTIONING PROPERLY,CLEAR,DAYLIGHT,ANGLE,DIVIDED - W/MEDIAN BARRIER,,STRAIGHT AND LEVEL,DRY,NO DEFECTS,,INJURY AND / OR TOW DUE TO CRASH,Y,,,"$501 - $1,500",9/21/2019 12:26,FAILING TO YIELD RIGHT-OF-WAY,NOT APPLICABLE,5602,W,MADISON ST,1513,,,,,,,2,NO INDICATION OF INJURY,0,0,0,0,0,2,0,12,7,9,41.88035338,-87.76502977,POINT (-87.76502976469 41.880353374563)
JC442585,,9/21/2019 12:19,30,TRAFFIC SIGNAL,FUNCTIONING PROPERLY,CLOUDY/OVERCAST,DAYLIGHT,PEDESTRIAN,NOT DIVIDED,,STRAIGHT AND LEVEL,DRY,NO DEFECTS,ON SCENE,INJURY AND / OR TOW DUE TO CRASH,Y,,,$500 OR LESS,9/21/2019 12:21,FAILING TO YIELD RIGHT-OF-WAY,NOT APPLICABLE,3700,N,WESTERN AVE,1921,,,,,,,2,NONINCAPACITATING INJURY,1,0,0,1,0,1,0,12,7,9,41.94863688,-87.68845751,POINT (-87.688457506457 41.948636883802)
JC442606,,9/21/2019 12:15,30,NO CONTROLS,NO CONTROLS,CLEAR,DAYLIGHT,TURNING,FOUR WAY,,STRAIGHT AND LEVEL,DRY,NO DEFECTS,ON SCENE,INJURY AND / OR TOW DUE TO CRASH,Y,,,"OVER $1,500",9/21/2019 12:20,IMPROPER OVERTAKING/PASSING,FAILING TO REDUCE SPEED TO AVOID CRASH,8800,S,VINCENNES AVE,2222,,,,,,,2,NO INDICATION OF INJURY,0,0,0,0,0,2,0,12,7,9,41.73419068,-87.64603104,POINT (-87.646031043207 41.734190678884)
JC442597,,9/21/2019 12:15,15,NO CONTROLS,NO CONTROLS,CLEAR,DAYLIGHT,FIXED OBJECT,ALLEY,,STRAIGHT AND LEVEL,DRY,NO DEFECTS,ON SCENE,INJURY AND / OR TOW DUE TO CRASH,,,,"OVER $1,500",9/21/2019 12:16,UNABLE TO DETERMINE,UNABLE TO DETERMINE,5536,S,PERRY AVE,225,,,,,,,1,"REPORTED, NOT EVIDENT",1,0,0,0,1,0,0,12,7,9,41.79316964,-87.62792044,POINT (-87.627920438915 41.7931696405)
JC442590,,9/21/2019 12:15,30,NO CONTROLS,NO CONTROLS,CLEAR,DAYLIGHT,PEDESTRIAN,NOT DIVIDED,,STRAIGHT AND LEVEL,DRY,NO DEFECTS,ON SCENE,INJURY AND / OR TOW DUE TO CRASH,,,,$500 OR LESS,9/21/2019 12:27,NOT APPLICABLE,NOT APPLICABLE,9117,S,COMMERCIAL AVE,424,,,,,,,2,NONINCAPACITATING INJURY,1,0,0,1,0,2,0,12,7,9,41.72953308,-87.55109725,POINT (-87.551097250532 41.729533075426)
JC444838,,9/21/2019 12:14,15,NO CONTROLS,NO CONTROLS,CLEAR,DAYLIGHT,OTHER OBJECT,PARKING LOT,,STRAIGHT AND LEVEL,DRY,NO DEFECTS,NOT ON SCENE (DESK REPORT),INJURY AND / OR TOW DUE TO CRASH,,Y,,"$501 - $1,500",9/23/2019 10:00,NOT APPLICABLE,NOT APPLICABLE,200,E,DELAWARE PL,1833,,,,,,,1,NONINCAPACITATING INJURY,1,0,0,1,0,0,0,12,7,9,41.89935474,-87.6217913,POINT (-87.621791301926 41.899354739444)
JC442666,,9/21/2019 11:58,20,STOP SIGN/FLASHER,NO CONTROLS,CLEAR,DAYLIGHT,PARKED MOTOR VEHICLE,NOT DIVIDED,,STRAIGHT AND LEVEL,DRY,NO DEFECTS,ON SCENE,NO INJURY / DRIVE AWAY,,,,$500 OR LESS,9/21/2019 12:05,UNABLE TO DETERMINE,UNABLE TO DETERMINE,8053,S,LANGLEY AVE,631,,,,,,,2,NO INDICATION OF INJURY,0,0,0,0,0,1,0,11,7,9,41.74785224,-87.60741941,POINT (-87.607419408959 41.747852238727)
JC442534,,9/21/2019 11:55,30,TRAFFIC SIGNAL,FUNCTIONING PROPERLY,CLEAR,DAYLIGHT,SIDESWIPE SAME DIRECTION,NOT DIVIDED,,STRAIGHT AND LEVEL,DRY,NO DEFECTS,NOT ON SCENE (DESK REPORT),NO INJURY / DRIVE AWAY,,,,"OVER $1,500",9/21/2019 11:55,IMPROPER OVERTAKING/PASSING,NOT APPLICABLE,199,W,MONROE ST,122,,,,,,,2,NO INDICATION OF INJURY,0,0,0,0,0,2,0,11,7,9,41.88055155,-87.6337218,POINT (-87.633721798308 41.880551551558)
JC442593,,9/21/2019 11:50,15,NO CONTROLS,NO CONTROLS,CLEAR,DAYLIGHT,ANGLE,PARKING LOT,,STRAIGHT AND LEVEL,DRY,NO DEFECTS,NOT ON SCENE (DESK REPORT),NO INJURY / DRIVE AWAY,,Y,,"$501 - $1,500",9/21/2019 12:25,FAILING TO YIELD RIGHT-OF-WAY,NOT APPLICABLE,1731,W,43RD ST,924,,,,,,,2,NO INDICATION OF INJURY,0,0,0,0,0,5,0,11,7,9,41.8157297,-87.66874341,POINT (-87.668743413786 41.815729700042)
JC442577,,9/21/2019 11:45,30,STOP SIGN/FLASHER,FUNCTIONING PROPERLY,CLEAR,DAYLIGHT,SIDESWIPE SAME DIRECTION,DIVIDED - W/MEDIAN (NOT RAISED),,STRAIGHT AND LEVEL,DRY,NO DEFECTS,NOT ON SCENE (DESK REPORT),NO INJURY / DRIVE AWAY,,,,"$501 - $1,500",9/21/2019 12:25,IMPROPER LANE USAGE,NOT APPLICABLE,615,W,CHICAGO AVE,1831,,,,,,,2,NO INDICATION OF INJURY,0,0,0,0,0,2,0,11,7,9,41.89635588,-87.64357197,POINT (-87.643571970128 41.896355882755)
JC442545,,9/21/2019 11:40,30,NO CONTROLS,NO CONTROLS,CLEAR,DAYLIGHT,REAR END,NOT DIVIDED,,STRAIGHT AND LEVEL,DRY,NO DEFECTS,ON SCENE,NO INJURY / DRIVE AWAY,,,,$500 OR LESS,9/21/2019 11:45,DRIVING SKILLS/KNOWLEDGE/EXPERIENCE,UNABLE TO DETERMINE,2359,N,CLARK ST,1814,,,,,,,2,NO INDICATION OF INJURY,0,0,0,0,0,2,0,11,7,9,41.92530411,-87.64013584,POINT (-87.640135841458 41.925304110402)
JC442569,,9/21/2019 11:30,30,NO CONTROLS,NO CONTROLS,CLEAR,DAYLIGHT,REAR TO SIDE,ONE-WAY,,STRAIGHT AND LEVEL,DRY,NO DEFECTS,ON SCENE,NO INJURY / DRIVE AWAY,,,,"OVER $1,500",9/21/2019 11:40,FAILING TO YIELD RIGHT-OF-WAY,UNABLE TO DETERMINE,1253,W,LE MOYNE ST,1433,,,,,,,2,NO INDICATION OF INJURY,0,0,0,0,0,2,0,11,7,9,41.90895752,-87.65982345,POINT (-87.659823450449 41.90895752308)
JC442528,,9/21/2019 11:30,30,TRAFFIC SIGNAL,FUNCTIONING PROPERLY,CLEAR,DAYLIGHT,REAR END,NOT DIVIDED,,STRAIGHT AND LEVEL,DRY,NO DEFECTS,ON SCENE,NO INJURY / DRIVE AWAY,,,,"OVER $1,500",9/21/2019 11:40,FOLLOWING TOO CLOSELY,NOT APPLICABLE,1576,N,HALSTED ST,1822,,,,,,,2,NO INDICATION OF INJURY,0,0,0,0,0,3,0,11,7,9,41.91087186,-87.64841742,POINT (-87.648417418192 41.910871862639)
JC442599,,9/21/2019 11:27,35,TRAFFIC SIGNAL,FUNCTIONING PROPERLY,CLEAR,DAYLIGHT,SIDESWIPE SAME DIRECTION,DIVIDED - W/MEDIAN (NOT RAISED),,STRAIGHT AND LEVEL,DRY,NO DEFECTS,ON SCENE,NO INJURY / DRIVE AWAY,Y,,,"OVER $1,500",9/21/2019 11:51,UNABLE TO DETERMINE,UNABLE TO DETERMINE,9501,S,STONY ISLAND AVE,431,,,,,,,2,NO INDICATION OF INJURY,0,0,0,0,0,2,0,11,7,9,41.72224382,-87.58496912,POINT (-87.584969118484 41.722243814964)
JC442501,,9/21/2019 11:26,30,NO CONTROLS,NO CONTROLS,CLEAR,DAYLIGHT,TURNING,T-INTERSECTION,,STRAIGHT AND LEVEL,DRY,NO DEFECTS,ON SCENE,NO INJURY / DRIVE AWAY,,,,"OVER $1,500",9/21/2019 11:26,UNABLE TO DETERMINE,NOT APPLICABLE,1232,W,NORTH AVE,1433,,,,,,,2,NO INDICATION OF INJURY,0,0,0,0,0,2,0,11,7,9,41.91087554,-87.65827824,POINT (-87.658278239858 41.910875543991)
JC442578,,9/21/2019 11:25,30,NO CONTROLS,NO CONTROLS,CLEAR,DAYLIGHT,PEDESTRIAN,ONE-WAY,,STRAIGHT AND LEVEL,WET,UNKNOWN,ON SCENE,INJURY AND / OR TOW DUE TO CRASH,,,,$500 OR LESS,9/21/2019 11:29,NOT APPLICABLE,NOT APPLICABLE,8900,S,CHAPPEL AVE,413,,,,,,,2,NONINCAPACITATING INJURY,1,0,0,1,0,1,0,11,7,9,41.73333484,-87.57455398,POINT (-87.574553979758 41.733334837604)
JC442511,,9/21/2019 11:23,30,NO CONTROLS,NO CONTROLS,CLEAR,DAYLIGHT,REAR END,DIVIDED - W/MEDIAN (NOT RAISED),,STRAIGHT AND LEVEL,DRY,NO DEFECTS,ON SCENE,NO INJURY / DRIVE AWAY,,,,"OVER $1,500",9/21/2019 11:29,DRIVING SKILLS/KNOWLEDGE/EXPERIENCE,NOT APPLICABLE,4244,W,NORTH AVE,2534,,,,,,,2,NO INDICATION OF INJURY,0,0,0,0,0,4,0,11,7,9,41.90990601,-87.73307698,POINT (-87.733076983439 41.909906011484)
JC442710,,9/21/2019 11:20,30,NO CONTROLS,NO CONTROLS,CLEAR,DAYLIGHT,SIDESWIPE SAME DIRECTION,NOT DIVIDED,,STRAIGHT AND LEVEL,DRY,NO DEFECTS,NOT ON SCENE (DESK REPORT),NO INJURY / DRIVE AWAY,,,,"$501 - $1,500",9/21/2019 14:05,NOT APPLICABLE,NOT APPLICABLE,2400,W,87TH ST,835,,,,,,,2,NO INDICATION OF INJURY,0,0,0,0,0,2,0,11,7,9,41.73563533,-87.68265034,POINT (-87.682650342555 41.735635328819)
JC442522,,9/21/2019 11:20,30,NO CONTROLS,NO CONTROLS,CLEAR,DAYLIGHT,TURNING,NOT DIVIDED,,STRAIGHT AND LEVEL,DRY,NO DEFECTS,NOT ON SCENE (DESK REPORT),NO INJURY / DRIVE AWAY,,,,"OVER $1,500",9/21/2019 11:35,UNABLE TO DETERMINE,NOT APPLICABLE,3940,W,71ST ST,833,,,,,,,2,NO INDICATION OF INJURY,0,0,0,0,0,3,0,11,7,9,41.76421926,-87.72161365,POINT (-87.721613653679 41.76421926141)
JC443995,,9/21/2019 11:10,30,STOP SIGN/FLASHER,NO CONTROLS,CLEAR,DAYLIGHT,ANGLE,NOT DIVIDED,,STRAIGHT AND LEVEL,DRY,NO DEFECTS,NOT ON SCENE (DESK REPORT),NO INJURY / DRIVE AWAY,,,,"OVER $1,500",9/22/2019 15:00,UNABLE TO DETERMINE,UNABLE TO DETERMINE,4299,N,LARAMIE AVE,1624,,,,,,,2,NO INDICATION OF INJURY,0,0,0,0,0,2,0,11,7,9,41.9587334,-87.75717729,POINT (-87.757177291358 41.958733398434)
JC442504,,9/21/2019 11:08,30,TRAFFIC SIGNAL,FUNCTIONING PROPERLY,CLEAR,DAYLIGHT,REAR TO FRONT,DIVIDED - W/MEDIAN BARRIER,,STRAIGHT AND LEVEL,DRY,NO DEFECTS,ON SCENE,NO INJURY / DRIVE AWAY,,,,"OVER $1,500",9/21/2019 11:28,IMPROPER BACKING,NOT APPLICABLE,800,N,ASHLAND AVE,1213,,,,,,,2,NO INDICATION OF INJURY,0,0,0,0,0,3,0,11,7,9,41.89611387,-87.66743958,POINT (-87.6674395814 41.896113867204)
JC442514,,9/21/2019 11:00,30,TRAFFIC SIGNAL,FUNCTIONING PROPERLY,CLEAR,DAYLIGHT,REAR END,NOT DIVIDED,,STRAIGHT AND LEVEL,DRY,NO DEFECTS,ON SCENE,INJURY AND / OR TOW DUE TO CRASH,,,,"OVER $1,500",9/21/2019 11:05,DISTRACTION - FROM INSIDE VEHICLE,NOT APPLICABLE,4434,W,63RD ST,813,,,,,,,2,NONINCAPACITATING INJURY,1,0,0,1,0,7,0,11,7,9,41.77863744,-87.73389283,POINT (-87.73389282843 41.778637439407)
JC442478,,9/21/2019 10:57,30,NO CONTROLS,NO CONTROLS,CLEAR,DAYLIGHT,REAR END,T-INTERSECTION,,STRAIGHT AND LEVEL,DRY,NO DEFECTS,ON SCENE,NO INJURY / DRIVE AWAY,,,,"OVER $1,500",9/21/2019 10:58,FAILING TO REDUCE SPEED TO AVOID CRASH,UNABLE TO DETERMINE,3533,W,ADDISON ST,1732,,,,,,,2,NO INDICATION OF INJURY,0,0,0,0,0,5,0,10,7,9,41.94641016,-87.7163244,POINT (-87.71632440285 41.946410158741)
JC443636,Y,9/21/2019 10:45,30,NO CONTROLS,NO CONTROLS,RAIN,UNKNOWN,SIDESWIPE SAME DIRECTION,OTHER,,STRAIGHT AND LEVEL,WET,NO DEFECTS,ON SCENE,NO INJURY / DRIVE AWAY,,,,"OVER $1,500",9/22/2019 9:38,UNABLE TO DETERMINE,NOT APPLICABLE,2152,N,RACINE AVE,1811,,Y,,,,,2,NO INDICATION OF INJURY,0,0,0,0,0,1,0,10,7,9,41.92139937,-87.65847393,POINT (-87.658473934286 41.921399371194)
JC442488,Y,9/21/2019 10:45,30,TRAFFIC SIGNAL,FUNCTIONING PROPERLY,CLEAR,DAYLIGHT,SIDESWIPE SAME DIRECTION,NOT DIVIDED,,STRAIGHT AND LEVEL,DRY,NO DEFECTS,ON SCENE,NO INJURY / DRIVE AWAY,,,,"$501 - $1,500",9/21/2019 10:45,IMPROPER OVERTAKING/PASSING,UNABLE TO DETERMINE,2400,N,CANNON DR,1935,,,,,,,2,NO INDICATION OF INJURY,0,0,0,0,0,4,0,10,7,9,41.92580693,-87.63381965,POINT (-87.633819649202 41.925806931737)
JC442510,,9/21/2019 10:40,30,STOP SIGN/FLASHER,FUNCTIONING PROPERLY,CLEAR,DAYLIGHT,REAR END,T-INTERSECTION,,STRAIGHT AND LEVEL,UNKNOWN,UNKNOWN,ON SCENE,NO INJURY / DRIVE AWAY,,,Y,"OVER $1,500",9/21/2019 10:41,FOLLOWING TOO CLOSELY,UNABLE TO DETERMINE,1800,E,103RD ST,431,,,,,,,2,NO INDICATION OF INJURY,0,0,0,0,0,2,0,10,7,9,41.70798302,-87.58058694,POINT (-87.58058693969 41.70798301679)
JC442456,Y,9/21/2019 10:40,25,TRAFFIC SIGNAL,FUNCTIONING PROPERLY,CLEAR,DAYLIGHT,SIDESWIPE SAME DIRECTION,NOT DIVIDED,,STRAIGHT AND LEVEL,DRY,NO DEFECTS,NOT ON SCENE (DESK REPORT),NO INJURY / DRIVE AWAY,,,,"OVER $1,500",9/21/2019 10:40,UNABLE TO DETERMINE,UNABLE TO DETERMINE,213,W,CHICAGO AVE,1831,,,,,,,2,NO INDICATION OF INJURY,0,0,0,0,0,2,0,10,7,9,41.89647713,-87.63477805,POINT (-87.634778052104 41.896477133369)
JC442460,,9/21/2019 10:39,25,STOP SIGN/FLASHER,FUNCTIONING PROPERLY,CLEAR,DAYLIGHT,PEDALCYCLIST,UNKNOWN INTERSECTION TYPE,,STRAIGHT AND LEVEL,WET,NO DEFECTS,ON SCENE,INJURY AND / OR TOW DUE TO CRASH,,,,"OVER $1,500",9/21/2019 10:39,UNABLE TO DETERMINE,NOT APPLICABLE,599,W,WILSON DR,1914,,,,,,,2,INCAPACITATING INJURY,1,0,1,0,0,2,0,10,7,9,41.96574962,-87.6457359,POINT (-87.645735899583 41.96574961984)
JC442787,,9/21/2019 10:35,35,NO CONTROLS,NO CONTROLS,CLEAR,DAYLIGHT,PARKED MOTOR VEHICLE,NOT DIVIDED,,STRAIGHT AND LEVEL,DRY,UNKNOWN,NOT ON SCENE (DESK REPORT),NO INJURY / DRIVE AWAY,,,,$500 OR LESS,9/21/2019 15:00,IMPROPER BACKING,IMPROPER BACKING,2525,S,ALBANY AVE,1033,,,,,,,2,NO INDICATION OF INJURY,0,0,0,0,0,4,0,10,7,9,41.84557733,-87.70246721,POINT (-87.702467211644 41.845577325256)
JC442459,,9/21/2019 10:32,30,NO CONTROLS,NO CONTROLS,CLEAR,DAYLIGHT,PARKED MOTOR VEHICLE,ONE-WAY,,STRAIGHT AND LEVEL,DRY,NO DEFECTS,ON SCENE,NO INJURY / DRIVE AWAY,,,Y,"OVER $1,500",9/21/2019 10:37,UNABLE TO DETERMINE,UNABLE TO DETERMINE,3940,W,IOWA ST,1112,,,,,,,2,NO INDICATION OF INJURY,0,0,0,0,0,1,0,10,7,9,41.89731269,-87.7252547,POINT (-87.725254696201 41.897312686116)
JC442570,,9/21/2019 10:30,30,TRAFFIC SIGNAL,FUNCTIONING PROPERLY,CLEAR,DAYLIGHT,REAR END,DIVIDED - W/MEDIAN (NOT RAISED),,STRAIGHT AND LEVEL,DRY,NO DEFECTS,NOT ON SCENE (DESK REPORT),NO INJURY / DRIVE AWAY,,,Y,"OVER $1,500",9/21/2019 12:00,UNABLE TO DETERMINE,NOT APPLICABLE,8256,S,SOUTH CHICAGO AVE,414,,,,,,,2,NO INDICATION OF INJURY,0,0,0,0,0,2,0,10,7,9,41.74488452,-87.57659793,POINT (-87.576597929069 41.744884519371)
JC442473,,9/21/2019 10:30,35,NO CONTROLS,NO CONTROLS,CLEAR,DAYLIGHT,TURNING,DIVIDED - W/MEDIAN (NOT RAISED),,STRAIGHT AND LEVEL,DRY,NO DEFECTS,ON SCENE,INJURY AND / OR TOW DUE TO CRASH,,,,"OVER $1,500",9/21/2019 10:33,FOLLOWING TOO CLOSELY,NOT APPLICABLE,10443,S,WESTERN AVE,2212,,,N,,,,2,NO INDICATION OF INJURY,0,0,0,0,0,2,0,10,7,9,41.70327901,-87.6813765,POINT (-87.681376501592 41.703279006308)
JC442452,,9/21/2019 10:30,30,NO CONTROLS,NO CONTROLS,CLEAR,DAYLIGHT,REAR END,DIVIDED - W/MEDIAN (NOT RAISED),,STRAIGHT AND LEVEL,DRY,NO DEFECTS,ON SCENE,NO INJURY / DRIVE AWAY,,,,"OVER $1,500",9/21/2019 10:35,FOLLOWING TOO CLOSELY,FAILING TO REDUCE SPEED TO AVOID CRASH,4341,S,ARCHER AVE,922,,,,,,,2,NO INDICATION OF INJURY,0,0,0,0,0,2,0,10,7,9,41.81459115,-87.70319739,POINT (-87.703197392862 41.814591151515)
JC442462,,9/21/2019 10:26,35,STOP SIGN/FLASHER,FUNCTIONING PROPERLY,CLEAR,DAYLIGHT,REAR END,NOT DIVIDED,,STRAIGHT AND LEVEL,UNKNOWN,UNKNOWN,ON SCENE,INJURY AND / OR TOW DUE TO CRASH,,,Y,"OVER $1,500",9/21/2019 10:28,FAILING TO REDUCE SPEED TO AVOID CRASH,UNABLE TO DETERMINE,9800,S,EWING AVE,432,,,,,,,2,"REPORTED, NOT EVIDENT",1,0,0,0,1,1,0,10,7,9,41.71765108,-87.53542786,POINT (-87.535427860344 41.717651077265)
JC422466,,9/21/2019 10:25,30,TRAFFIC SIGNAL,FUNCTIONING PROPERLY,RAIN,DAYLIGHT,TURNING,DIVIDED - W/MEDIAN (NOT RAISED),,STRAIGHT AND LEVEL,WET,NO DEFECTS,ON SCENE,INJURY AND / OR TOW DUE TO CRASH,Y,,,"OVER $1,500",9/21/2019 10:56,UNABLE TO DETERMINE,UNABLE TO DETERMINE,6409,W,DEVON AVE,1611,,N,,,,,2,NO INDICATION OF INJURY,0,0,0,0,0,2,0,10,7,9,41.9972419,-87.78785415,POINT (-87.787854153156 41.997241899113)
JC443659,,9/21/2019 10:20,30,TRAFFIC SIGNAL,FUNCTIONING PROPERLY,CLEAR,DAYLIGHT,SIDESWIPE SAME DIRECTION,DIVIDED - W/MEDIAN (NOT RAISED),,STRAIGHT AND LEVEL,DRY,NO DEFECTS,,NO INJURY / DRIVE AWAY,Y,,,"OVER $1,500",9/22/2019 10:15,IMPROPER OVERTAKING/PASSING,NOT APPLICABLE,1215,N,ASHLAND AVE,1424,,,,,,,2,NO INDICATION OF INJURY,0,0,0,0,0,3,0,10,7,9,41.90391043,-87.66736323,POINT (-87.667363228381 41.90391042576)
JC442557,,9/21/2019 10:15,30,NO CONTROLS,NO CONTROLS,CLEAR,DAYLIGHT,PARKED MOTOR VEHICLE,ONE-WAY,,STRAIGHT AND LEVEL,DRY,NO DEFECTS,NOT ON SCENE (DESK REPORT),NO INJURY / DRIVE AWAY,,,,"OVER $1,500",9/21/2019 12:30,UNABLE TO DETERMINE,UNABLE TO DETERMINE,723,E,89TH ST,633,,,,,,,2,NO INDICATION OF INJURY,0,0,0,0,0,2,0,10,7,9,41.73286993,-87.60617722,POINT (-87.60617721648 41.732869924877)
JC443890,,9/21/2019 10:00,20,NO CONTROLS,NO CONTROLS,CLEAR,DAYLIGHT,PARKED MOTOR VEHICLE,PARKING LOT,,STRAIGHT AND LEVEL,DRY,NO DEFECTS,NOT ON SCENE (DESK REPORT),NO INJURY / DRIVE AWAY,,Y,Y,"$501 - $1,500",9/22/2019 13:36,NOT APPLICABLE,NOT APPLICABLE,7915,S,KEDZIE AVE,835,,,,,,,2,NO INDICATION OF INJURY,0,0,0,0,0,1,0,10,7,9,41.74927358,-87.70223441,POINT (-87.702234406761 41.749273580605)
JC442540,,9/21/2019 10:00,30,NO CONTROLS,NO CONTROLS,CLEAR,UNKNOWN,PARKED MOTOR VEHICLE,DIVIDED - W/MEDIAN (NOT RAISED),,STRAIGHT AND LEVEL,DRY,NO DEFECTS,NOT ON SCENE (DESK REPORT),NO INJURY / DRIVE AWAY,,,Y,"OVER $1,500",9/21/2019 11:50,FOLLOWING TOO CLOSELY,NOT APPLICABLE,4306,S,HONORE ST,924,,,,,,,2,NO INDICATION OF INJURY,0,0,0,0,0,1,0,10,7,9,41.81555744,-87.67137383,POINT (-87.671373830344 41.815557440904)
JC442494,,9/21/2019 10:00,15,NO CONTROLS,NO CONTROLS,CLEAR,DAYLIGHT,ANGLE,NOT DIVIDED,,STRAIGHT AND LEVEL,DRY,NO DEFECTS,NOT ON SCENE (DESK REPORT),NO INJURY / DRIVE AWAY,,,,"$501 - $1,500",9/21/2019 11:10,IMPROPER BACKING,UNABLE TO DETERMINE,2434,S,CALIFORNIA AVE,1033,,,,,,,2,NO INDICATION OF INJURY,0,0,0,0,0,6,0,10,7,9,41.84722223,-87.69545911,POINT (-87.695459106274 41.847222230775)
JC442435,,9/21/2019 10:00,20,NO CONTROLS,NO CONTROLS,CLEAR,DAWN,SIDESWIPE SAME DIRECTION,ONE-WAY,,STRAIGHT AND LEVEL,DRY,NO DEFECTS,ON SCENE,NO INJURY / DRIVE AWAY,,,Y,"$501 - $1,500",9/21/2019 10:06,FAILING TO YIELD RIGHT-OF-WAY,UNABLE TO DETERMINE,4819,W,SCHUBERT AVE,2521,,,,,,,2,NO INDICATION OF INJURY,0,0,0,0,0,2,0,10,7,9,41.92960158,-87.74732934,POINT (-87.747329342354 41.929601577066)
JC442431,,9/21/2019 10:00,30,TRAFFIC SIGNAL,FUNCTIONING PROPERLY,RAIN,DAYLIGHT,REAR END,NOT DIVIDED,,STRAIGHT AND LEVEL,WET,NO DEFECTS,ON SCENE,INJURY AND / OR TOW DUE TO CRASH,,,,"OVER $1,500",9/21/2019 10:07,UNABLE TO DETERMINE,UNABLE TO DETERMINE,650,W,18TH ST,1235,,,,,,,2,NO INDICATION OF INJURY,0,0,0,0,0,2,0,10,7,9,41.85769874,-87.64388525,POINT (-87.643885245483 41.857698740262)
JC442417,,9/21/2019 10:00,30,STOP SIGN/FLASHER,FUNCTIONING PROPERLY,CLEAR,DAYLIGHT,REAR END,DIVIDED - W/MEDIAN (NOT RAISED),,STRAIGHT AND LEVEL,DRY,NO DEFECTS,NOT ON SCENE (DESK REPORT),NO INJURY / DRIVE AWAY,,,,"OVER $1,500",9/21/2019 10:10,UNABLE TO DETERMINE,NOT APPLICABLE,1101,S,HOMAN AVE,1134,,,,,,,2,NO INDICATION OF INJURY,0,0,0,0,0,2,0,10,7,9,41.86812681,-87.71045193,POINT (-87.710451929181 41.868126810814)