RD_NO,CRASH_DATE_EST_I,CRASH_DATE,POSTED_SPEED_LIMIT,TRAFFIC_CONTROL_DEVICE,DEVICE_CONDITION,WEATHER_CONDITION,LIGHTING_CONDITION,FIRST_CRASH_TYPE,TRAFFICWAY_TYPE,LANE_CNT,ALIGNMENT,ROADWAY_SURFACE_COND,ROAD_DEFECT,REPORT_TYPE,CRASH_TYPE,INTERSECTION_RELATED_I,NOT_RIGHT_OF_WAY_I,HIT_AND_RUN_I,DAMAGE,DATE_POLICE_NOTIFIED,PRIM_CONTRIBUTORY_CAUSE,SEC_CONTRIBUTORY_CAUSE,STREET_NO,STREET_DIRECTION,STREET_NAME,BEAT_OF_OCCURRENCE,PHOTOS_TAKEN_I,STATEMENTS_TAKEN_I,DOORING_I,WORK_ZONE_I,WORK_ZONE_TYPE,WORKERS_PRESENT_I,NUM_UNITS,MOST_SEVERE_INJURY,INJURIES_TOTAL,INJURIES_FATAL,INJURIES_INCAPACITATING,INJURIES_NON_INCAPACITATING,INJURIES_REPORTED_NOT_EVIDENT,INJURIES_NO_INDICATION,INJURIES_UNKNOWN,CRASH_HOUR,CRASH_DAY_OF_WEEK,CRASH_MONTH,LATITUDE,LONGITUDE,LOCATION
JC442444,,9/21/2019 9:50,30,STOP SIGN/FLASHER,FUNCTIONING PROPERLY,CLEAR,DAYLIGHT,REAR END,ONE-WAY,,STRAIGHT AND LEVEL,DRY,NO DEFECTS,NOT ON SCENE (DESK REPORT),NO INJURY / DRIVE AWAY,,,,"$501 - $1,500",9/21/2019 11:00,UNABLE TO DETERMINE,UNABLE TO DETERMINE,949,W,MADISON ST,1232,,,,,,,2,NO INDICATION OF INJURY,0,0,0,0,0,2,0,9,7,9,41.88159799,-87.65162107,POINT (-87.651621070739 41.881597987414)
JC442415,,9/21/2019 9:50,30,TRAFFIC SIGNAL,FUNCTIONING PROPERLY,RAIN,DAYLIGHT,REAR END,NOT DIVIDED,,STRAIGHT AND LEVEL,WET,NO DEFECTS,NOT ON SCENE (DESK REPORT),INJURY AND / OR TOW DUE TO CRASH,,,Y,$500 OR LESS,9/21/2019 10:05,UNABLE TO DETERMINE,UNABLE TO DETERMINE,30,W,87TH ST,622,,,,,,,2,"REPORTED, NOT EVIDENT",1,0,0,0,1,2,0,9,7,9,41.73637604,-87.62562131,POINT (-87.625621310926 41.736376036605)
JC442673,,9/21/2019 9:45,30,NO CONTROLS,NO CONTROLS,CLEAR,DAYLIGHT,REAR END,NOT DIVIDED,,STRAIGHT AND LEVEL,DRY,NO DEFECTS,NOT ON SCENE (DESK REPORT),NO INJURY / DRIVE AWAY,,,,"OVER $1,500",9/21/2019 13:37,UNABLE TO DETERMINE,NOT APPLICABLE,2751,W,38TH PL,911,,,,,,,2,NO INDICATION OF INJURY,0,0,0,0,0,2,0,9,7,9,41.82359773,-87.69420221,POINT (-87.694202206442 41.823597729926)
JC442405,,9/21/2019 9:45,30,NO CONTROLS,NO CONTROLS,CLOUDY/OVERCAST,DAYLIGHT,SIDESWIPE SAME DIRECTION,DIVIDED - W/MEDIAN BARRIER,,STRAIGHT AND LEVEL,WET,NO DEFECTS,ON SCENE,NO INJURY / DRIVE AWAY,,,,"$501 - $1,500",9/21/2019 9:45,UNABLE TO DETERMINE,NOT APPLICABLE,5124,S,LAKE PARK AVE,234,,,,,,,2,NO INDICATION OF INJURY,0,0,0,0,0,3,0,9,7,9,41.80164309,-87.58778396,POINT (-87.587783954808 41.801643091824)
JC442393,,9/21/2019 9:44,30,TRAFFIC SIGNAL,FUNCTIONING PROPERLY,CLEAR,DAYLIGHT,REAR END,DIVIDED - W/MEDIAN (NOT RAISED),,STRAIGHT AND LEVEL,WET,NO DEFECTS,ON SCENE,NO INJURY / DRIVE AWAY,Y,,,$500 OR LESS,9/21/2019 9:44,UNABLE TO DETERMINE,NOT APPLICABLE,7438,W,BELMONT AVE,1631,,,,,,,2,NO INDICATION OF INJURY,0,0,0,0,0,2,0,9,7,9,41.93808407,-87.8127932,POINT (-87.812793196418 41.938084068044)
JC442439,,9/21/2019 9:40,30,NO CONTROLS,NO CONTROLS,CLOUDY/OVERCAST,DAYLIGHT,TURNING,T-INTERSECTION,,STRAIGHT AND LEVEL,DRY,NO DEFECTS,ON SCENE,NO INJURY / DRIVE AWAY,Y,,,"OVER $1,500",9/21/2019 10:23,FAILING TO REDUCE SPEED TO AVOID CRASH,"OPERATING VEHICLE IN ERRATIC, RECKLESS, CARELESS, NEGLIGENT OR AGGRESSIVE MANNER",3599,S,KEDZIE AVE,911,,,,,,,2,NO INDICATION OF INJURY,0,0,0,0,0,2,0,9,7,9,41.82810999,-87.70440219,POINT (-87.704402189965 41.8281099935)
JC446706,,9/21/2019 9:30,30,NO CONTROLS,NO CONTROLS,RAIN,DAYLIGHT,PARKED MOTOR VEHICLE,PARKING LOT,,STRAIGHT AND LEVEL,DRY,NO DEFECTS,NOT ON SCENE (DESK REPORT),NO INJURY / DRIVE AWAY,,,N,"$501 - $1,500",9/24/2019 15:50,UNABLE TO DETERMINE,UNABLE TO DETERMINE,8524,S,STONY ISLAND AVE,412,,,,,,,2,NO INDICATION OF INJURY,0,0,0,0,0,1,0,9,7,9,41.73975048,-87.58585675,POINT (-87.58585674948 41.739750481808)
JC442391,,9/21/2019 9:30,30,TRAFFIC SIGNAL,NO CONTROLS,CLEAR,DAYLIGHT,REAR TO FRONT,NOT DIVIDED,,STRAIGHT AND LEVEL,DRY,NO DEFECTS,NOT ON SCENE (DESK REPORT),NO INJURY / DRIVE AWAY,Y,,,"OVER $1,500",9/21/2019 9:45,IMPROPER BACKING,NOT APPLICABLE,3100,S,HALSTED ST,913,,,,,,,2,NO INDICATION OF INJURY,0,0,0,0,0,2,0,9,7,9,41.83796415,-87.64642271,POINT (-87.646422712201 41.837964153652)
JC442513,,9/21/2019 9:15,30,NO CONTROLS,NO CONTROLS,CLEAR,DAYLIGHT,REAR END,NOT DIVIDED,,STRAIGHT AND LEVEL,DRY,NO DEFECTS,NOT ON SCENE (DESK REPORT),NO INJURY / DRIVE AWAY,,,Y,"$501 - $1,500",9/21/2019 11:30,FAILING TO REDUCE SPEED TO AVOID CRASH,FOLLOWING TOO CLOSELY,3942,N,PULASKI RD,1732,,,,,,,2,NO INDICATION OF INJURY,0,0,0,0,0,8,0,9,7,9,41.95312244,-87.7277486,POINT (-87.727748600653 41.953122437522)
JC442370,,9/21/2019 9:08,30,STOP SIGN/FLASHER,FUNCTIONING PROPERLY,CLEAR,DAYLIGHT,REAR END,DIVIDED - W/MEDIAN (NOT RAISED),,STRAIGHT AND LEVEL,DRY,UNKNOWN,NOT ON SCENE (DESK REPORT),NO INJURY / DRIVE AWAY,,,,"$501 - $1,500",9/21/2019 9:25,FOLLOWING TOO CLOSELY,UNABLE TO DETERMINE,2258,W,TOUHY AVE,2411,,,,,,,2,NO INDICATION OF INJURY,0,0,0,0,0,2,0,9,7,9,42.01236164,-87.68748715,POINT (-87.687487145287 42.012361634684)
JC442825,,9/21/2019 9:00,30,NO CONTROLS,NO CONTROLS,CLEAR,DAYLIGHT,FIXED OBJECT,NOT DIVIDED,,STRAIGHT AND LEVEL,DRY,NO DEFECTS,NOT ON SCENE (DESK REPORT),NO INJURY / DRIVE AWAY,,,,"$501 - $1,500",9/21/2019 15:35,NOT APPLICABLE,NOT APPLICABLE,3700,S,ALBANY AVE,911,,,,,,,1,NO INDICATION OF INJURY,0,0,0,0,0,1,0,9,7,9,41.82624793,-87.70219026,POINT (-87.702190256505 41.826247926353)
JC442428,,9/21/2019 9:00,30,STOP SIGN/FLASHER,FUNCTIONING PROPERLY,CLEAR,DAYLIGHT,PARKED MOTOR VEHICLE,ONE-WAY,,STRAIGHT AND LEVEL,DRY,NO DEFECTS,ON SCENE,NO INJURY / DRIVE AWAY,,,Y,"$501 - $1,500",9/21/2019 9:17,UNABLE TO DETERMINE,UNABLE TO DETERMINE,4757,N,LAWLER AVE,1623,,,,,,,2,NO INDICATION OF INJURY,0,0,0,0,0,1,0,9,7,9,41.96781649,-87.75352534,POINT (-87.753525341597 41.967816484826)
JC442380,,9/21/2019 9:00,30,TRAFFIC SIGNAL,FUNCTIONING PROPERLY,CLOUDY/OVERCAST,DAYLIGHT,REAR END,NOT DIVIDED,,STRAIGHT AND LEVEL,DRY,NO DEFECTS,NOT ON SCENE (DESK REPORT),NO INJURY / DRIVE AWAY,,,,"OVER $1,500",9/21/2019 9:40,FOLLOWING TOO CLOSELY,NOT APPLICABLE,1951,W,63RD ST,726,,,,,,,3,NO INDICATION OF INJURY,0,0,0,0,0,5,0,9,7,9,41.77921143,-87.67350629,POINT (-87.67350629387 41.779211432301)
JC442372,,9/21/2019 9:00,30,NO CONTROLS,NO CONTROLS,CLEAR,DAYLIGHT,PARKED MOTOR VEHICLE,NOT DIVIDED,,STRAIGHT AND LEVEL,DRY,NO DEFECTS,NOT ON SCENE (DESK REPORT),NO INJURY / DRIVE AWAY,,,,"$501 - $1,500",9/21/2019 9:30,UNABLE TO DETERMINE,UNABLE TO DETERMINE,7000,N,WESTERN AVE,2411,,,,,,,2,NO INDICATION OF INJURY,0,0,0,0,0,1,0,9,7,9,42.00867159,-87.69031084,POINT (-87.690310838299 42.008671587187)
JC445782,,9/21/2019 8:40,30,UNKNOWN,UNKNOWN,UNKNOWN,UNKNOWN,PARKED MOTOR VEHICLE,NOT DIVIDED,,STRAIGHT AND LEVEL,UNKNOWN,UNKNOWN,NOT ON SCENE (DESK REPORT),NO INJURY / DRIVE AWAY,,,Y,"OVER $1,500",9/23/2019 20:50,UNABLE TO DETERMINE,NOT APPLICABLE,5700,N,MAJOR AVE,1622,,,,,,,2,NO INDICATION OF INJURY,0,0,0,0,0,1,0,8,7,9,41.9848326,-87.77087036,POINT (-87.770870358957 41.984832598975)
JC442491,,9/21/2019 8:30,25,NO CONTROLS,NO CONTROLS,CLEAR,DAYLIGHT,SIDESWIPE SAME DIRECTION,NOT DIVIDED,,STRAIGHT AND LEVEL,DRY,NO DEFECTS,NOT ON SCENE (DESK REPORT),NO INJURY / DRIVE AWAY,,,,"$501 - $1,500",9/21/2019 11:20,UNABLE TO DETERMINE,UNABLE TO DETERMINE,1401,W,NORTH AVE,1433,,,,,,,2,NO INDICATION OF INJURY,0,0,0,0,0,2,0,8,7,9,41.91058895,-87.66284109,POINT (-87.662841089433 41.910588952288)
JC442328,,9/21/2019 8:30,30,NO CONTROLS,NO CONTROLS,CLEAR,DAYLIGHT,PARKED MOTOR VEHICLE,OTHER,,STRAIGHT AND LEVEL,DRY,NO DEFECTS,ON SCENE,NO INJURY / DRIVE AWAY,,,,"OVER $1,500",9/21/2019 8:45,DISTRACTION - FROM INSIDE VEHICLE,UNABLE TO DETERMINE,4900,S,DORCHESTER AVE,222,,Y,,,,,3,NO INDICATION OF INJURY,0,0,0,0,0,1,0,8,7,9,41.80596222,-87.59206151,POINT (-87.592061508228 41.805962219601)
JC442310,,9/21/2019 8:10,30,STOP SIGN/FLASHER,FUNCTIONING PROPERLY,CLEAR,DAYLIGHT,TURNING,NOT DIVIDED,,STRAIGHT AND LEVEL,DRY,NO DEFECTS,ON SCENE,NO INJURY / DRIVE AWAY,Y,,,"OVER $1,500",9/21/2019 8:17,FAILING TO YIELD RIGHT-OF-WAY,FAILING TO YIELD RIGHT-OF-WAY,6799,W,ROSCOE ST,1632,,,,,,,2,NO INDICATION OF INJURY,0,0,0,0,0,2,0,8,7,9,41.94170389,-87.79577589,POINT (-87.795775888033 41.94170388589)
JC442307,,9/21/2019 8:10,30,TRAFFIC SIGNAL,FUNCTIONING PROPERLY,CLEAR,DAYLIGHT,SIDESWIPE SAME DIRECTION,NOT DIVIDED,,STRAIGHT AND LEVEL,DRY,NO DEFECTS,ON SCENE,NO INJURY / DRIVE AWAY,,,,"OVER $1,500",9/21/2019 8:10,FAILING TO YIELD RIGHT-OF-WAY,NOT APPLICABLE,200,N,HALSTED ST,1214,,,,,,,2,NO INDICATION OF INJURY,0,0,0,0,0,3,0,8,7,9,41.88568962,-87.64762173,POINT (-87.647621731544 41.88568961566)
JC442325,,9/21/2019 8:00,30,TRAFFIC SIGNAL,FUNCTIONING PROPERLY,CLEAR,DAYLIGHT,SIDESWIPE SAME DIRECTION,ONE-WAY,,STRAIGHT AND LEVEL,DRY,NO DEFECTS,NOT ON SCENE (DESK REPORT),NO INJURY / DRIVE AWAY,Y,,,"$501 - $1,500",9/21/2019 8:35,UNABLE TO DETERMINE,UNABLE TO DETERMINE,100,E,MONROE DR,114,,,,,,,2,NO INDICATION OF INJURY,0,0,0,0,0,2,0,8,7,9,41.8809385,-87.62427131,POINT (-87.624271308291 41.880938503879)
JC442319,,9/21/2019 7:50,30,STOP SIGN/FLASHER,NO CONTROLS,CLEAR,DAYLIGHT,ANGLE,NOT DIVIDED,,STRAIGHT AND LEVEL,DRY,NO DEFECTS,ON SCENE,INJURY AND / OR TOW DUE TO CRASH,Y,,,"OVER $1,500",9/21/2019 7:57,DISREGARDING STOP SIGN,UNABLE TO DETERMINE,4800,S,INDIANA AVE,224,,,,,,,2,"REPORTED, NOT EVIDENT",1,0,0,0,1,1,0,7,7,9,41.80739801,-87.62130801,POINT (-87.621308006118 41.807398008746)
JC442305,,9/21/2019 7:45,30,STOP SIGN/FLASHER,FUNCTIONING PROPERLY,CLOUDY/OVERCAST,DAYLIGHT,TURNING,FOUR WAY,,STRAIGHT AND LEVEL,DRY,NO DEFECTS,ON SCENE,INJURY AND / OR TOW DUE TO CRASH,Y,,,"OVER $1,500",9/21/2019 7:46,DISREGARDING STOP SIGN,NOT APPLICABLE,5100,S,CORNELL AVE,234,,,,,,,4,"REPORTED, NOT EVIDENT",1,0,0,0,1,1,0,7,7,9,41.802387,-87.58675828,POINT (-87.586758277123 41.802387001878)
JC442868,,9/21/2019 7:30,15,NO CONTROLS,NO CONTROLS,CLEAR,DAYLIGHT,PARKED MOTOR VEHICLE,NOT DIVIDED,,STRAIGHT AND LEVEL,DRY,NO DEFECTS,NOT ON SCENE (DESK REPORT),NO INJURY / DRIVE AWAY,,,Y,"OVER $1,500",9/21/2019 16:00,UNABLE TO DETERMINE,NOT APPLICABLE,6307,S,EGGLESTON AVE,722,,,,,,,2,NO INDICATION OF INJURY,0,0,0,0,0,1,0,7,7,9,41.77965562,-87.63618763,POINT (-87.636187629649 41.779655618796)
JC442445,,9/21/2019 7:30,30,NO CONTROLS,NO CONTROLS,CLEAR,DAYLIGHT,FIXED OBJECT,DIVIDED - W/MEDIAN BARRIER,,STRAIGHT AND LEVEL,DRY,NO DEFECTS,NOT ON SCENE (DESK REPORT),NO INJURY / DRIVE AWAY,,,,"$501 - $1,500",9/21/2019 10:35,UNABLE TO DETERMINE,UNABLE TO DETERMINE,8330,S,LAKE SHORE DR,424,,,,,,,1,NO INDICATION OF INJURY,0,0,0,0,0,3,0,7,7,9,41.74385259,-87.54057254,POINT (-87.540572540426 41.743852589808)
JC442308,,9/21/2019 7:30,25,NO CONTROLS,NO CONTROLS,CLEAR,DAYLIGHT,PARKED MOTOR VEHICLE,NOT DIVIDED,,STRAIGHT AND LEVEL,DRY,NO DEFECTS,ON SCENE,NO INJURY / DRIVE AWAY,,,Y,"OVER $1,500",9/21/2019 7:43,DISTRACTION - FROM INSIDE VEHICLE,NOT APPLICABLE,4145,S,WABASH AVE,213,,,,,,,2,NO INDICATION OF INJURY,0,0,0,0,0,1,0,7,7,9,41.81880771,-87.62456382,POINT (-87.624563818801 41.818807713068)
JC442754,,9/21/2019 6:45,20,NO CONTROLS,NO CONTROLS,CLEAR,DAYLIGHT,PARKED MOTOR VEHICLE,OTHER,,STRAIGHT AND LEVEL,DRY,NO DEFECTS,NOT ON SCENE (DESK REPORT),NO INJURY / DRIVE AWAY,,,Y,"$501 - $1,500",9/21/2019 14:40,NOT APPLICABLE,NOT APPLICABLE,4332,W,69TH ST,833,,,,,,,2,NO INDICATION OF INJURY,0,0,0,0,0,1,0,6,7,9,41.7677554,-87.73095099,POINT (-87.730950985722 41.767755397352)
JC442284,,9/21/2019 6:45,30,NO CONTROLS,NO CONTROLS,CLEAR,DAYLIGHT,HEAD ON,NOT DIVIDED,,STRAIGHT AND LEVEL,DRY,NO DEFECTS,ON SCENE,INJURY AND / OR TOW DUE TO CRASH,,,,"OVER $1,500",9/21/2019 6:46,DISTRACTION - FROM INSIDE VEHICLE,DRIVING ON WRONG SIDE/WRONG WAY,500,W,63RD ST,711,,,,,,,2,NO INDICATION OF INJURY,0,0,0,0,0,4,0,6,7,9,41.77997688,-87.63756776,POINT (-87.637567755839 41.77997687947)
JC442281,,9/21/2019 6:31,35,NO CONTROLS,NO CONTROLS,CLEAR,DAYLIGHT,OTHER OBJECT,NOT DIVIDED,,STRAIGHT AND LEVEL,UNKNOWN,UNKNOWN,ON SCENE,INJURY AND / OR TOW DUE TO CRASH,,,,"OVER $1,500",9/21/2019 6:32,FAILING TO REDUCE SPEED TO AVOID CRASH,UNABLE TO DETERMINE,3200,E,100TH ST,431,,,,,,,1,NO INDICATION OF INJURY,0,0,0,0,0,1,0,6,7,9,41.71364472,-87.54559068,POINT (-87.545590674815 41.713644723683)
JC442276,,9/21/2019 6:30,30,NO CONTROLS,NO CONTROLS,CLEAR,DAWN,PARKED MOTOR VEHICLE,NOT DIVIDED,,STRAIGHT AND LEVEL,DRY,NO DEFECTS,ON SCENE,INJURY AND / OR TOW DUE TO CRASH,,,Y,"OVER $1,500",9/21/2019 6:31,UNABLE TO DETERMINE,UNABLE TO DETERMINE,319,E,79TH ST,623,,,,,,,2,NONINCAPACITATING INJURY,1,0,0,1,0,2,0,6,7,9,41.7509672,-87.61729998,POINT (-87.617299975492 41.750967194793)
JC442279,,9/21/2019 6:28,30,TRAFFIC SIGNAL,FUNCTIONING PROPERLY,CLEAR,DAWN,REAR END,DIVIDED - W/MEDIAN (NOT RAISED),,STRAIGHT AND LEVEL,DRY,NO DEFECTS,ON SCENE,NO INJURY / DRIVE AWAY,Y,,,$500 OR LESS,9/21/2019 6:28,UNABLE TO DETERMINE,NOT APPLICABLE,8399,W,IRVING PARK RD,1631,,,,,,,2,NO INDICATION OF INJURY,0,0,0,0,0,2,0,6,7,9,41.95194074,-87.83661339,POINT (-87.836613389283 41.951940741638)
JC445034,Y,9/21/2019 6:00,25,NO CONTROLS,NO CONTROLS,UNKNOWN,UNKNOWN,PARKED MOTOR VEHICLE,NOT DIVIDED,,STRAIGHT AND LEVEL,UNKNOWN,NO DEFECTS,ON SCENE,NO INJURY / DRIVE AWAY,,,Y,"OVER $1,500",9/23/2019 11:56,UNABLE TO DETERMINE,UNABLE TO DETERMINE,4428,W,58TH ST,813,,,,,,,2,NO INDICATION OF INJURY,0,0,0,0,0,1,0,6,7,9,41.7877544,-87.7339632,POINT (-87.733963197052 41.787754401293)
JC442374,,9/21/2019 5:53,30,NO CONTROLS,NO CONTROLS,CLEAR,DAWN,PARKED MOTOR VEHICLE,NOT DIVIDED,,STRAIGHT AND LEVEL,DRY,UNKNOWN,ON SCENE,NO INJURY / DRIVE AWAY,,,N,"OVER $1,500",9/21/2019 9:30,UNABLE TO DETERMINE,NOT APPLICABLE,1452,W,BRYN MAWR AVE,2013,,,,,,,2,NO INDICATION OF INJURY,0,0,0,0,0,1,0,5,7,9,41.98363227,-87.66694141,POINT (-87.666941407955 41.983632267139)
JC442952,,9/21/2019 5:30,30,NO CONTROLS,NO CONTROLS,CLEAR,DAWN,PARKED MOTOR VEHICLE,NOT DIVIDED,,STRAIGHT AND LEVEL,DRY,NO DEFECTS,NOT ON SCENE (DESK REPORT),NO INJURY / DRIVE AWAY,,,Y,"OVER $1,500",9/21/2019 17:18,UNABLE TO DETERMINE,UNABLE TO DETERMINE,1344,W,GRENSHAW ST,1231,,,,,,,2,NO INDICATION OF INJURY,0,0,0,0,0,1,0,5,7,9,41.86788672,-87.66094779,POINT (-87.660947792141 41.867886715425)
JC442257,,9/21/2019 5:26,30,NO CONTROLS,NO CONTROLS,CLEAR,"DARKNESS, LIGHTED ROAD",PARKED MOTOR VEHICLE,NOT DIVIDED,,STRAIGHT AND LEVEL,DRY,NO DEFECTS,ON SCENE,NO INJURY / DRIVE AWAY,,,,"OVER $1,500",9/21/2019 5:26,IMPROPER LANE USAGE,FAILING TO REDUCE SPEED TO AVOID CRASH,1715,N,CENTRAL AVE,2532,,,,,,,3,NO INDICATION OF INJURY,0,0,0,0,0,1,0,5,7,9,41.91166444,-87.76544329,POINT (-87.765443291402 41.911664435975)
JC443318,,9/21/2019 5:17,30,NO CONTROLS,NO CONTROLS,CLEAR,"DARKNESS, LIGHTED ROAD",PEDESTRIAN,OTHER,,STRAIGHT AND LEVEL,DRY,NO DEFECTS,,INJURY AND / OR TOW DUE TO CRASH,,Y,Y,"OVER $1,500",9/21/2019 22:30,DRIVING SKILLS/KNOWLEDGE/EXPERIENCE,NOT APPLICABLE,151,E,WACKER DR,114,,,,,,,2,"REPORTED, NOT EVIDENT",1,0,0,0,1,1,0,5,7,9,41.88799989,-87.62256513,POINT (-87.62256513256 41.887999887349)
JC442256,,9/21/2019 4:58,30,NO CONTROLS,NO CONTROLS,CLEAR,"DARKNESS, LIGHTED ROAD",ANGLE,DIVIDED - W/MEDIAN (NOT RAISED),,STRAIGHT AND LEVEL,DRY,NO DEFECTS,ON SCENE,NO INJURY / DRIVE AWAY,,,,"OVER $1,500",9/21/2019 5:04,UNABLE TO DETERMINE,UNABLE TO DETERMINE,5633,N,ASHLAND AVE,2012,,,,,,,2,NO INDICATION OF INJURY,0,0,0,0,0,2,0,4,7,9,41.98453619,-87.66969832,POINT (-87.669698314541 41.984536193345)
JC442243,,9/21/2019 4:57,30,STOP SIGN/FLASHER,FUNCTIONING PROPERLY,CLEAR,"DARKNESS, LIGHTED ROAD",ANGLE,NOT DIVIDED,,STRAIGHT AND LEVEL,DRY,UNKNOWN,ON SCENE,INJURY AND / OR TOW DUE TO CRASH,Y,,Y,"OVER $1,500",9/21/2019 4:57,UNABLE TO DETERMINE,UNABLE TO DETERMINE,1500,W,59TH ST,713,,,,,,,2,"REPORTED, NOT EVIDENT",1,0,0,0,1,1,0,4,7,9,41.78689008,-87.66202569,POINT (-87.662025691512 41.78689008148)
JC442399,,9/21/2019 4:53,30,NO CONTROLS,NO CONTROLS,UNKNOWN,"DARKNESS, LIGHTED ROAD",PARKED MOTOR VEHICLE,DIVIDED - W/MEDIAN (NOT RAISED),,STRAIGHT AND LEVEL,UNKNOWN,NO DEFECTS,ON SCENE,INJURY AND / OR TOW DUE TO CRASH,,,Y,"OVER $1,500",9/21/2019 9:20,UNABLE TO DETERMINE,UNABLE TO DETERMINE,5330,W,BELMONT AVE,1634,,,,,,,2,NO INDICATION OF INJURY,0,0,0,0,0,1,0,4,7,9,41.93876197,-87.76040707,POINT (-87.760407071401 41.938761965792)
JC442248,,9/21/2019 4:47,30,TRAFFIC SIGNAL,FUNCTIONING PROPERLY,CLEAR,"DARKNESS, LIGHTED ROAD",ANGLE,NOT DIVIDED,,STRAIGHT AND LEVEL,DRY,NO DEFECTS,NOT ON SCENE (DESK REPORT),NO INJURY / DRIVE AWAY,Y,,,"OVER $1,500",9/21/2019 5:05,FAILING TO YIELD RIGHT-OF-WAY,UNABLE TO DETERMINE,2100,S,CALIFORNIA AVE,1023,,,,,,,2,NO INDICATION OF INJURY,0,0,0,0,0,3,0,4,7,9,41.85368771,-87.69565175,POINT (-87.695651748828 41.85368770724)
JC442247,N,9/21/2019 4:47,30,NO CONTROLS,NO CONTROLS,CLEAR,"DARKNESS, LIGHTED ROAD",PARKED MOTOR VEHICLE,ONE-WAY,,STRAIGHT AND LEVEL,DRY,NO DEFECTS,ON SCENE,INJURY AND / OR TOW DUE TO CRASH,,,Y,"OVER $1,500",9/21/2019 4:57,UNABLE TO DETERMINE,UNABLE TO DETERMINE,2256,W,94TH ST,2221,,,,,,,2,NO INDICATION OF INJURY,0,0,0,0,0,1,0,4,7,9,41.72290735,-87.67962493,POINT (-87.679624926102 41.722907350231)
JC443363,Y,9/21/2019 4:30,30,NO CONTROLS,NO CONTROLS,CLEAR,"DARKNESS, LIGHTED ROAD",SIDESWIPE SAME DIRECTION,ONE-WAY,,STRAIGHT AND LEVEL,DRY,NO DEFECTS,ON SCENE,NO INJURY / DRIVE AWAY,N,,,$500 OR LESS,9/21/2019 5:20,DRIVING SKILLS/KNOWLEDGE/EXPERIENCE,NOT APPLICABLE,340,W,RANDOLPH ST,122,,Y,,,,,2,NO INDICATION OF INJURY,0,0,0,0,0,2,0,4,7,9,41.88457044,-87.6365374,POINT (-87.636537401405 41.884570437114)
JC442237,,9/21/2019 4:29,30,STOP SIGN/FLASHER,FUNCTIONING PROPERLY,CLEAR,"DARKNESS, LIGHTED ROAD",OTHER OBJECT,NOT DIVIDED,,STRAIGHT AND LEVEL,DRY,NO DEFECTS,ON SCENE,INJURY AND / OR TOW DUE TO CRASH,,,,"OVER $1,500",9/21/2019 5:00,DISREGARDING STOP SIGN,FAILING TO REDUCE SPEED TO AVOID CRASH,700,W,WEBSTER AVE,1812,,,,,,,1,INCAPACITATING INJURY,1,0,1,0,0,2,0,4,7,9,41.92196107,-87.64627759,POINT (-87.646277588441 41.921961073585)
JC442233,,9/21/2019 4:25,30,TRAFFIC SIGNAL,FUNCTIONING PROPERLY,CLEAR,"DARKNESS, LIGHTED ROAD",ANGLE,DIVIDED - W/MEDIAN (NOT RAISED),,STRAIGHT AND LEVEL,DRY,NO DEFECTS,ON SCENE,INJURY AND / OR TOW DUE TO CRASH,Y,,,"OVER $1,500",9/21/2019 4:29,UNABLE TO DETERMINE,NOT APPLICABLE,6300,S,AUSTIN AVE,812,,,,,,,2,NONINCAPACITATING INJURY,1,0,0,1,0,1,0,4,7,9,41.7778178,-87.7716406,POINT (-87.77164059926 41.777817801773)
JC442229,,9/21/2019 4:23,35,NO CONTROLS,NO CONTROLS,CLEAR,"DARKNESS, LIGHTED ROAD",PARKED MOTOR VEHICLE,NOT DIVIDED,,STRAIGHT AND LEVEL,DRY,NO DEFECTS,ON SCENE,INJURY AND / OR TOW DUE TO CRASH,,,,"OVER $1,500",9/21/2019 4:33,FAILING TO REDUCE SPEED TO AVOID CRASH,UNABLE TO DETERMINE,3249,W,55TH ST,822,,,,,,,2,NO INDICATION OF INJURY,0,0,0,0,0,1,0,4,7,9,41.79337488,-87.70551735,POINT (-87.705517350362 41.793374874864)
JC442421,,9/21/2019 4:15,30,NO CONTROLS,NO CONTROLS,CLEAR,DUSK,PARKED MOTOR VEHICLE,DIVIDED - W/MEDIAN (NOT RAISED),,STRAIGHT AND LEVEL,DRY,NO DEFECTS,NOT ON SCENE (DESK REPORT),NO INJURY / DRIVE AWAY,,,Y,"OVER $1,500",9/21/2019 10:15,FAILING TO REDUCE SPEED TO AVOID CRASH,NOT APPLICABLE,2434,W,83RD ST,835,,,,,,,2,NO INDICATION OF INJURY,0,0,0,0,0,1,0,4,7,9,41.74290391,-87.68410907,POINT (-87.684109070096 41.742903907756)
JC442244,,9/21/2019 4:12,10,NO CONTROLS,NO CONTROLS,CLEAR,"DARKNESS, LIGHTED ROAD",PARKED MOTOR VEHICLE,PARKING LOT,,STRAIGHT AND LEVEL,DRY,NO DEFECTS,ON SCENE,INJURY AND / OR TOW DUE TO CRASH,,,Y,"OVER $1,500",9/21/2019 4:12,"OPERATING VEHICLE IN ERRATIC, RECKLESS, CARELESS, NEGLIGENT OR AGGRESSIVE MANNER",UNABLE TO DETERMINE,3457,S,DR MARTIN LUTHER KING JR DR,211,,,,,,,2,NONINCAPACITATING INJURY,1,0,0,1,0,0,0,4,7,9,41.8316399,-87.61682736,POINT (-87.616827356867 41.831639903733)
JC442482,,9/21/2019 4:00,30,NO CONTROLS,NO CONTROLS,UNKNOWN,UNKNOWN,PARKED MOTOR VEHICLE,ONE-WAY,,STRAIGHT AND LEVEL,UNKNOWN,NO DEFECTS,ON SCENE,NO INJURY / DRIVE AWAY,,,Y,"OVER $1,500",9/21/2019 10:46,UNABLE TO DETERMINE,NOT APPLICABLE,6719,S,KEELER AVE,833,,,,,,,3,NO INDICATION OF INJURY,0,0,0,0,0,1,0,4,7,9,41.77071803,-87.72729057,POINT (-87.727290573933 41.770718026729)