RD_NO,CRASH_DATE_EST_I,CRASH_DATE,POSTED_SPEED_LIMIT,TRAFFIC_CONTROL_DEVICE,DEVICE_CONDITION,WEATHER_CONDITION,LIGHTING_CONDITION,FIRST_CRASH_TYPE,TRAFFICWAY_TYPE,LANE_CNT,ALIGNMENT,ROADWAY_SURFACE_COND,ROAD_DEFECT,REPORT_TYPE,CRASH_TYPE,INTERSECTION_RELATED_I,NOT_RIGHT_OF_WAY_I,HIT_AND_RUN_I,DAMAGE,DATE_POLICE_NOTIFIED,PRIM_CONTRIBUTORY_CAUSE,SEC_CONTRIBUTORY_CAUSE,STREET_NO,STREET_DIRECTION,STREET_NAME,BEAT_OF_OCCURRENCE,PHOTOS_TAKEN_I,STATEMENTS_TAKEN_I,DOORING_I,WORK_ZONE_I,WORK_ZONE_TYPE,WORKERS_PRESENT_I,NUM_UNITS,MOST_SEVERE_INJURY,INJURIES_TOTAL,INJURIES_FATAL,INJURIES_INCAPACITATING,INJURIES_NON_INCAPACITATING,INJURIES_REPORTED_NOT_EVIDENT,INJURIES_NO_INDICATION,INJURIES_UNKNOWN,CRASH_HOUR,CRASH_DAY_OF_WEEK,CRASH_MONTH,LATITUDE,LONGITUDE,LOCATION
JC443969,,9/21/2019 3:50,25,TRAFFIC SIGNAL,FUNCTIONING PROPERLY,CLEAR,"DARKNESS, LIGHTED ROAD",REAR END,DIVIDED - W/MEDIAN (NOT RAISED),,STRAIGHT AND LEVEL,DRY,NO DEFECTS,NOT ON SCENE (DESK REPORT),NO INJURY / DRIVE AWAY,,,,"$501 - $1,500",9/22/2019 14:30,FOLLOWING TOO CLOSELY,UNABLE TO DETERMINE,138,W,CHICAGO AVE,1832,,,,,,,2,NO INDICATION OF INJURY,0,0,0,0,0,2,0,3,7,9,41.89672401,-87.63263957,POINT (-87.632639568349 41.896724014347)
JC442217,,9/21/2019 3:36,30,TRAFFIC SIGNAL,FUNCTIONING PROPERLY,CLEAR,"DARKNESS, LIGHTED ROAD",TURNING,DIVIDED - W/MEDIAN (NOT RAISED),,STRAIGHT AND LEVEL,DRY,NO DEFECTS,ON SCENE,INJURY AND / OR TOW DUE TO CRASH,Y,,,"OVER $1,500",9/21/2019 3:38,FAILING TO YIELD RIGHT-OF-WAY,DISREGARDING OTHER TRAFFIC SIGNS,1199,S,CICERO AVE,1131,,,,,,,2,NONINCAPACITATING INJURY,1,0,0,1,0,2,0,3,7,9,41.86597949,-87.74460988,POINT (-87.744609883514 41.865979486289)
JC442191,,9/21/2019 3:25,35,TRAFFIC SIGNAL,FUNCTIONING PROPERLY,CLEAR,"DARKNESS, LIGHTED ROAD",REAR END,DIVIDED - W/MEDIAN (NOT RAISED),,STRAIGHT AND LEVEL,DRY,NO DEFECTS,ON SCENE,NO INJURY / DRIVE AWAY,Y,,,$500 OR LESS,9/21/2019 3:30,UNABLE TO DETERMINE,UNABLE TO DETERMINE,6259,S,WENTWORTH AVE,311,,,,,,,2,NO INDICATION OF INJURY,0,0,0,0,0,4,0,3,7,9,41.78002474,-87.63000417,POINT (-87.630004167146 41.780024741388)
JC442184,,9/21/2019 3:10,30,NO CONTROLS,NO CONTROLS,CLEAR,"DARKNESS, LIGHTED ROAD",PARKED MOTOR VEHICLE,DIVIDED - W/MEDIAN (NOT RAISED),,STRAIGHT AND LEVEL,DRY,NO DEFECTS,ON SCENE,NO INJURY / DRIVE AWAY,,,,"OVER $1,500",9/21/2019 4:08,FAILING TO REDUCE SPEED TO AVOID CRASH,UNABLE TO DETERMINE,4321,W,62ND ST,813,,,,,,,2,NO INDICATION OF INJURY,0,0,0,0,0,1,0,3,7,9,41.78027278,-87.73104066,POINT (-87.731040659484 41.780272775177)
JC442194,,9/21/2019 3:00,30,TRAFFIC SIGNAL,FUNCTIONING PROPERLY,CLEAR,"DARKNESS, LIGHTED ROAD",FIXED OBJECT,DIVIDED - W/MEDIAN BARRIER,,STRAIGHT AND LEVEL,DRY,NO DEFECTS,ON SCENE,INJURY AND / OR TOW DUE TO CRASH,,,,"OVER $1,500",9/21/2019 3:10,UNDER THE INFLUENCE OF ALCOHOL/DRUGS (USE WHEN ARREST IS EFFECTED),DRIVING SKILLS/KNOWLEDGE/EXPERIENCE,22,S,WESTERN AVE,1125,,,,,,,1,NO INDICATION OF INJURY,0,0,0,0,0,1,0,3,7,9,41.88048966,-87.68656436,POINT (-87.686564363195 41.880489659244)
JC442206,,9/21/2019 2:48,30,NO CONTROLS,NO CONTROLS,CLEAR,"DARKNESS, LIGHTED ROAD",PARKED MOTOR VEHICLE,DIVIDED - W/MEDIAN (NOT RAISED),,STRAIGHT AND LEVEL,DRY,NO DEFECTS,ON SCENE,INJURY AND / OR TOW DUE TO CRASH,,,Y,"OVER $1,500",9/21/2019 2:51,FAILING TO REDUCE SPEED TO AVOID CRASH,UNABLE TO DETERMINE,3229,W,55TH ST,822,,,,,,,3,NO INDICATION OF INJURY,0,0,0,0,0,1,0,2,7,9,41.79338667,-87.70471568,POINT (-87.704715679568 41.793386669118)
JC442186,,9/21/2019 2:15,30,NO CONTROLS,NO CONTROLS,CLEAR,"DARKNESS, LIGHTED ROAD",PARKED MOTOR VEHICLE,NOT DIVIDED,,STRAIGHT AND LEVEL,DRY,NO DEFECTS,ON SCENE,INJURY AND / OR TOW DUE TO CRASH,N,,,"OVER $1,500",9/21/2019 2:25,UNABLE TO DETERMINE,UNABLE TO DETERMINE,2930,N,MILDRED AVE,1933,,N,,,,,3,NO INDICATION OF INJURY,0,0,0,0,0,2,0,2,7,9,41.93536138,-87.65167625,POINT (-87.651676252511 41.935361380276)
JC442171,,9/21/2019 2:13,30,UNKNOWN,NO CONTROLS,CLEAR,"DARKNESS, LIGHTED ROAD",REAR END,NOT DIVIDED,,STRAIGHT AND LEVEL,DRY,NO DEFECTS,ON SCENE,NO INJURY / DRIVE AWAY,,N,,"$501 - $1,500",9/21/2019 2:13,FOLLOWING TOO CLOSELY,NOT APPLICABLE,1521,N,MILWAUKEE AVE,1424,,,,,,,2,NO INDICATION OF INJURY,0,0,0,0,0,3,0,2,7,9,41.90923596,-87.67545554,POINT (-87.675455541103 41.909235959216)
JC442177,,9/21/2019 2:12,1,NO CONTROLS,NO CONTROLS,CLEAR,"DARKNESS, LIGHTED ROAD",FIXED OBJECT,PARKING LOT,,STRAIGHT AND LEVEL,DRY,NO DEFECTS,ON SCENE,NO INJURY / DRIVE AWAY,,Y,Y,$500 OR LESS,9/21/2019 2:13,UNABLE TO DETERMINE,UNABLE TO DETERMINE,4000,N,CLARK ST,1912,,,,,,,1,NO INDICATION OF INJURY,0,0,0,0,0,2,0,2,7,9,41.95443244,-87.66244626,POINT (-87.662446259141 41.954432441417)
JC442365,Y,9/21/2019 2:00,15,NO CONTROLS,NO CONTROLS,CLEAR,DARKNESS,PARKED MOTOR VEHICLE,PARKING LOT,,STRAIGHT AND LEVEL,DRY,NO DEFECTS,ON SCENE,NO INJURY / DRIVE AWAY,,,Y,"$501 - $1,500",9/21/2019 9:48,UNABLE TO DETERMINE,UNABLE TO DETERMINE,6535,S,DR MARTIN LUTHER KING JR DR,312,,,,,,,2,NO INDICATION OF INJURY,0,0,0,0,0,1,0,2,7,9,41.77555548,-87.6153632,POINT (-87.615363200264 41.775555482144)
JC442322,Y,9/21/2019 2:00,30,NO CONTROLS,NO CONTROLS,CLEAR,"DARKNESS, LIGHTED ROAD",PARKED MOTOR VEHICLE,ONE-WAY,,STRAIGHT AND LEVEL,DRY,NO DEFECTS,NOT ON SCENE (DESK REPORT),NO INJURY / DRIVE AWAY,,,Y,"OVER $1,500",9/21/2019 9:00,UNABLE TO DETERMINE,UNABLE TO DETERMINE,1616,N,LONG AVE,2532,,,,,,,2,NO INDICATION OF INJURY,0,0,0,0,0,1,0,2,7,9,41.90998162,-87.7607164,POINT (-87.760716394747 41.909981615882)
JC442175,,9/21/2019 2:00,30,NO CONTROLS,NO CONTROLS,CLEAR,"DARKNESS, LIGHTED ROAD",PARKED MOTOR VEHICLE,PARKING LOT,,STRAIGHT AND LEVEL,DRY,NO DEFECTS,ON SCENE,INJURY AND / OR TOW DUE TO CRASH,,Y,Y,"OVER $1,500",9/21/2019 2:30,UNABLE TO DETERMINE,NOT APPLICABLE,436,S,CLARK ST,122,,,,,,,2,NO INDICATION OF INJURY,0,0,0,0,0,1,0,2,7,9,41.87612991,-87.63087327,POINT (-87.630873271981 41.87612990755)
JC442161,,9/21/2019 2:00,30,NO CONTROLS,NO CONTROLS,CLEAR,"DARKNESS, LIGHTED ROAD",PARKED MOTOR VEHICLE,NOT DIVIDED,,STRAIGHT AND LEVEL,DRY,NO DEFECTS,ON SCENE,INJURY AND / OR TOW DUE TO CRASH,,,,"OVER $1,500",9/21/2019 2:10,PHYSICAL CONDITION OF DRIVER,UNABLE TO DETERMINE,3723,W,82ND ST,834,,,,,,,2,NO INDICATION OF INJURY,0,0,0,0,0,1,0,2,7,9,41.744002,-87.7153753,POINT (-87.715375304066 41.744002000965)
JC442164,,9/21/2019 1:45,35,TRAFFIC SIGNAL,FUNCTIONING PROPERLY,CLEAR,"DARKNESS, LIGHTED ROAD",SIDESWIPE OPPOSITE DIRECTION,NOT DIVIDED,,STRAIGHT AND LEVEL,DRY,"RUT, HOLES",ON SCENE,INJURY AND / OR TOW DUE TO CRASH,Y,,Y,"$501 - $1,500",9/21/2019 1:50,UNABLE TO DETERMINE,NOT APPLICABLE,2098,S,WENTWORTH AVE,914,,,,,,,2,NONINCAPACITATING INJURY,1,0,0,1,0,2,0,1,7,9,41.85436566,-87.6319667,POINT (-87.631966696836 41.854365663451)
JC442481,,9/21/2019 1:40,30,TRAFFIC SIGNAL,FUNCTIONING PROPERLY,UNKNOWN,"DARKNESS, LIGHTED ROAD",ANGLE,NOT DIVIDED,,STRAIGHT AND LEVEL,UNKNOWN,UNKNOWN,,NO INJURY / DRIVE AWAY,,,N,"OVER $1,500",9/21/2019 10:45,FAILING TO YIELD RIGHT-OF-WAY,FAILING TO YIELD RIGHT-OF-WAY,1600,W,87TH ST,614,,,,,,,2,NO INDICATION OF INJURY,0,0,0,0,0,2,0,1,7,9,41.73589862,-87.66312878,POINT (-87.663128780901 41.735898617066)
JC442141,,9/21/2019 1:40,30,NO CONTROLS,NO CONTROLS,CLEAR,"DARKNESS, LIGHTED ROAD",PARKED MOTOR VEHICLE,NOT DIVIDED,,STRAIGHT AND LEVEL,DRY,NO DEFECTS,NOT ON SCENE (DESK REPORT),NO INJURY / DRIVE AWAY,,,,"OVER $1,500",9/21/2019 1:40,DISTRACTION - FROM INSIDE VEHICLE,NOT APPLICABLE,13,W,DIVISION ST,1824,,,,,,,2,NO INDICATION OF INJURY,0,0,0,0,0,2,0,1,7,9,41.90382236,-87.62924445,POINT (-87.629244445893 41.903822360845)
JC442448,,9/21/2019 1:35,10,OTHER,NO CONTROLS,CLEAR,DARKNESS,REAR END,OTHER,,STRAIGHT AND LEVEL,DRY,NO DEFECTS,NOT ON SCENE (DESK REPORT),NO INJURY / DRIVE AWAY,,,,"OVER $1,500",9/21/2019 10:40,FOLLOWING TOO CLOSELY,NOT APPLICABLE,5200,S,LAKE PARK AVE,234,,,,,,,2,NO INDICATION OF INJURY,0,0,0,0,0,2,0,1,7,9,41.80094198,-87.58763679,POINT (-87.587636792157 41.800941975966)
JC442145,,9/21/2019 1:30,30,TRAFFIC SIGNAL,FUNCTIONING PROPERLY,CLEAR,"DARKNESS, LIGHTED ROAD",REAR END,NOT DIVIDED,,STRAIGHT ON GRADE,DRY,NO DEFECTS,ON SCENE,INJURY AND / OR TOW DUE TO CRASH,Y,,,"OVER $1,500",9/21/2019 1:45,FAILING TO REDUCE SPEED TO AVOID CRASH,UNABLE TO DETERMINE,638,W,KINZIE ST,1214,,,,,,,2,NO INDICATION OF INJURY,0,0,0,0,0,2,0,1,7,9,41.88914402,-87.64426282,POINT (-87.644262819072 41.889144023674)
JC442140,,9/21/2019 1:25,30,NO CONTROLS,NO CONTROLS,CLEAR,"DARKNESS, LIGHTED ROAD",ANGLE,UNKNOWN INTERSECTION TYPE,,STRAIGHT AND LEVEL,DRY,NO DEFECTS,ON SCENE,INJURY AND / OR TOW DUE TO CRASH,Y,,Y,"OVER $1,500",9/21/2019 1:25,DRIVING ON WRONG SIDE/WRONG WAY,UNABLE TO DETERMINE,5500,S,KIMBARK AVE,235,,,,,,,2,NO INDICATION OF INJURY,0,0,0,0,0,5,0,1,7,9,41.79499339,-87.59506829,POINT (-87.595068290161 41.794993391368)
JC442136,,9/21/2019 1:20,30,TRAFFIC SIGNAL,FUNCTIONING PROPERLY,CLEAR,"DARKNESS, LIGHTED ROAD",SIDESWIPE SAME DIRECTION,FOUR WAY,,STRAIGHT AND LEVEL,DRY,NO DEFECTS,ON SCENE,NO INJURY / DRIVE AWAY,Y,,,"$501 - $1,500",9/21/2019 1:23,IMPROPER OVERTAKING/PASSING,NOT APPLICABLE,44,E,WACKER DR,111,,,,,,,2,NO INDICATION OF INJURY,0,0,0,0,0,2,0,1,7,9,41.88751504,-87.62650534,POINT (-87.626505339463 41.887515043518)
JC443747,Y,9/21/2019 1:00,30,NO CONTROLS,NO CONTROLS,CLEAR,DAYLIGHT,PARKED MOTOR VEHICLE,NOT DIVIDED,,STRAIGHT AND LEVEL,DRY,NO DEFECTS,NOT ON SCENE (DESK REPORT),NO INJURY / DRIVE AWAY,,,Y,"OVER $1,500",9/22/2019 11:25,UNABLE TO DETERMINE,UNABLE TO DETERMINE,2545,E,107TH ST,434,,,,,,,2,NO INDICATION OF INJURY,0,0,0,0,0,1,0,1,7,9,41.70085343,-87.56142967,POINT (-87.561429669158 41.700853430148)
JC442121,,9/21/2019 0:45,30,NO CONTROLS,NO CONTROLS,CLEAR,"DARKNESS, LIGHTED ROAD",PEDESTRIAN,DIVIDED - W/MEDIAN BARRIER,,STRAIGHT AND LEVEL,DRY,NO DEFECTS,ON SCENE,INJURY AND / OR TOW DUE TO CRASH,,,,"OVER $1,500",9/21/2019 0:47,"EVASIVE ACTION DUE TO ANIMAL, OBJECT, NONMOTORIST",NOT APPLICABLE,2916,W,IRVING PARK RD,1724,,,,,,,2,NONINCAPACITATING INJURY,1,0,0,1,0,1,0,0,7,9,41.95406813,-87.70147783,POINT (-87.701477828809 41.954068125181)
JC442116,,9/21/2019 0:45,35,TRAFFIC SIGNAL,FUNCTIONING PROPERLY,CLEAR,"DARKNESS, LIGHTED ROAD",SIDESWIPE SAME DIRECTION,NOT DIVIDED,,STRAIGHT AND LEVEL,DRY,NO DEFECTS,ON SCENE,INJURY AND / OR TOW DUE TO CRASH,N,,Y,"OVER $1,500",9/21/2019 0:55,UNABLE TO DETERMINE,UNABLE TO DETERMINE,2150,W,FULLERTON AVE,1432,,,,,,,2,NO INDICATION OF INJURY,0,0,0,0,0,2,0,0,7,9,41.92507307,-87.68308709,POINT (-87.683087085683 41.925073070823)
JC442338,,9/21/2019 0:30,25,NO CONTROLS,NO CONTROLS,CLEAR,DAYLIGHT,PARKED MOTOR VEHICLE,NOT DIVIDED,,STRAIGHT AND LEVEL,DRY,NO DEFECTS,,NO INJURY / DRIVE AWAY,,,Y,"$501 - $1,500",9/21/2019 8:45,UNABLE TO DETERMINE,UNABLE TO DETERMINE,624,N,FRANKLIN ST,1831,,,,,,,2,NO INDICATION OF INJURY,0,0,0,0,0,1,0,0,7,9,41.89312554,-87.63576043,POINT (-87.635760424789 41.893125539975)
JC442095,,9/21/2019 0:25,30,NO CONTROLS,NO CONTROLS,CLEAR,"DARKNESS, LIGHTED ROAD",REAR END,NOT DIVIDED,,STRAIGHT AND LEVEL,DRY,UNKNOWN,NOT ON SCENE (DESK REPORT),NO INJURY / DRIVE AWAY,,,,"$501 - $1,500",9/21/2019 0:35,FAILING TO REDUCE SPEED TO AVOID CRASH,DRIVING SKILLS/KNOWLEDGE/EXPERIENCE,190,S,LARAMIE AVE,1522,,,,,,,2,NO INDICATION OF INJURY,0,0,0,0,0,2,0,0,7,9,41.8785137,-87.75514464,POINT (-87.755144634506 41.878513695882)
JC442134,,9/21/2019 0:20,40,TRAFFIC SIGNAL,FUNCTIONING PROPERLY,CLEAR,"DARKNESS, LIGHTED ROAD",FIXED OBJECT,NOT DIVIDED,,STRAIGHT AND LEVEL,DRY,NO DEFECTS,ON SCENE,INJURY AND / OR TOW DUE TO CRASH,,,,"OVER $1,500",9/21/2019 0:34,EQUIPMENT - VEHICLE CONDITION,EQUIPMENT - VEHICLE CONDITION,12200,S,TORRENCE AVE,434,,,,,,,1,"REPORTED, NOT EVIDENT",1,0,0,0,1,0,0,0,7,9,41.67367899,-87.55939861,POINT (-87.559398607312 41.673678986233)
JC442087,,9/21/2019 0:20,30,TRAFFIC SIGNAL,FUNCTIONING PROPERLY,CLEAR,"DARKNESS, LIGHTED ROAD",TURNING,T-INTERSECTION,,STRAIGHT AND LEVEL,DRY,NO DEFECTS,ON SCENE,INJURY AND / OR TOW DUE TO CRASH,Y,,,"OVER $1,500",9/21/2019 0:20,DRIVING ON WRONG SIDE/WRONG WAY,IMPROPER TURNING/NO SIGNAL,3151,W,BELMONT AVE,1411,,,,,,,2,"REPORTED, NOT EVIDENT",1,0,0,0,1,1,0,0,7,9,41.9392315,-87.70667141,POINT (-87.706671409224 41.939231503337)
JC442077,,9/21/2019 0:10,30,TRAFFIC SIGNAL,FUNCTIONING PROPERLY,CLEAR,"DARKNESS, LIGHTED ROAD",ANGLE,FOUR WAY,,STRAIGHT AND LEVEL,DRY,UNKNOWN,NOT ON SCENE (DESK REPORT),NO INJURY / DRIVE AWAY,Y,,Y,"OVER $1,500",9/21/2019 0:20,DISREGARDING TRAFFIC SIGNALS,NOT APPLICABLE,400,S,CALIFORNIA AVE,1135,,,,,,,2,NO INDICATION OF INJURY,0,0,0,0,0,2,0,0,7,9,41.87596312,-87.69629949,POINT (-87.696299494364 41.875963118004)
JC442085,,9/21/2019 0:08,30,NO CONTROLS,NO CONTROLS,CLEAR,"DARKNESS, LIGHTED ROAD",PARKED MOTOR VEHICLE,PARKING LOT,,STRAIGHT AND LEVEL,DRY,NO DEFECTS,ON SCENE,NO INJURY / DRIVE AWAY,,Y,,$500 OR LESS,9/21/2019 0:08,IMPROPER BACKING,NOT APPLICABLE,5217,W,CHICAGO AVE,1524,,,,,,,2,NO INDICATION OF INJURY,0,0,0,0,0,1,0,0,7,9,41.89481384,-87.75639416,POINT (-87.756394156774 41.894813841004)
JC444773,,9/21/2019 0:07,30,NO CONTROLS,FUNCTIONING PROPERLY,CLEAR,"DARKNESS, LIGHTED ROAD",SIDESWIPE SAME DIRECTION,DIVIDED - W/MEDIAN (NOT RAISED),,STRAIGHT AND LEVEL,DRY,NO DEFECTS,NOT ON SCENE (DESK REPORT),NO INJURY / DRIVE AWAY,,,,"$501 - $1,500",9/23/2019 9:00,UNABLE TO DETERMINE,NOT APPLICABLE,340,W,ONTARIO ST,1831,,,,,,,2,NO INDICATION OF INJURY,0,0,0,0,0,2,0,0,7,9,41.89325533,-87.63715992,POINT (-87.637159915596 41.893255328806)
JC442083,,9/21/2019 0:04,30,NO CONTROLS,NO CONTROLS,CLEAR,"DARKNESS, LIGHTED ROAD",TURNING,DIVIDED - W/MEDIAN BARRIER,,STRAIGHT AND LEVEL,DRY,NO DEFECTS,ON SCENE,NO INJURY / DRIVE AWAY,,,,"OVER $1,500",9/21/2019 0:07,IMPROPER TURNING/NO SIGNAL,NOT APPLICABLE,230,W,NORTH AVE,1814,,,,,,,2,NO INDICATION OF INJURY,0,0,0,0,0,2,0,0,7,9,41.91125997,-87.63598751,POINT (-87.635987509909 41.91125996781)
JC445043,,9/21/2019 0:01,30,NO CONTROLS,NO CONTROLS,CLEAR,"DARKNESS, LIGHTED ROAD",PARKED MOTOR VEHICLE,NOT DIVIDED,,STRAIGHT AND LEVEL,DRY,NO DEFECTS,NOT ON SCENE (DESK REPORT),NO INJURY / DRIVE AWAY,,,,"$501 - $1,500",9/23/2019 11:45,UNABLE TO DETERMINE,NOT APPLICABLE,3433,W,31ST ST,1032,,,,,,,2,NO INDICATION OF INJURY,0,0,0,0,0,1,0,0,7,9,41.83701237,-87.71104848,POINT (-87.711048482092 41.837012372923)
JC442078,,9/20/2019 23:52,35,TRAFFIC SIGNAL,FUNCTIONING PROPERLY,CLEAR,"DARKNESS, LIGHTED ROAD",ANGLE,UNKNOWN INTERSECTION TYPE,,STRAIGHT AND LEVEL,DRY,NO DEFECTS,,INJURY AND / OR TOW DUE TO CRASH,Y,Y,,"OVER $1,500",9/20/2019 23:53,DISREGARDING TRAFFIC SIGNALS,NOT APPLICABLE,33,N,KEDZIE AVE,1222,,,,,,,2,NONINCAPACITATING INJURY,2,0,0,2,0,0,0,23,6,9,41.88193017,-87.70600284,POINT (-87.706002839291 41.881930171648)
JC442056,,9/20/2019 23:35,30,NO CONTROLS,NO CONTROLS,CLEAR,"DARKNESS, LIGHTED ROAD",REAR END,DIVIDED - W/MEDIAN (NOT RAISED),,STRAIGHT AND LEVEL,DRY,NO DEFECTS,ON SCENE,NO INJURY / DRIVE AWAY,,,,"OVER $1,500",9/20/2019 23:36,FAILING TO REDUCE SPEED TO AVOID CRASH,NOT APPLICABLE,3461,W,MONTROSE AVE,1723,,,,,,,2,NO INDICATION OF INJURY,0,0,0,0,0,2,0,23,6,9,41.96098982,-87.71552405,POINT (-87.715524050641 41.960989821086)
JC445025,,9/20/2019 23:30,30,NO CONTROLS,NO CONTROLS,CLEAR,DAYLIGHT,REAR END,ONE-WAY,,STRAIGHT AND LEVEL,DRY,NO DEFECTS,NOT ON SCENE (DESK REPORT),NO INJURY / DRIVE AWAY,,,,"$501 - $1,500",9/23/2019 12:00,NOT APPLICABLE,NOT APPLICABLE,121,S,WOOD ST,1224,,,,,,,2,NO INDICATION OF INJURY,0,0,0,0,0,2,0,23,6,9,41.87942457,-87.67155105,POINT (-87.671551050854 41.879424565405)
JC442051,,9/20/2019 23:27,30,STOP SIGN/FLASHER,FUNCTIONING PROPERLY,CLEAR,"DARKNESS, LIGHTED ROAD",REAR END,DIVIDED - W/MEDIAN (NOT RAISED),,STRAIGHT AND LEVEL,DRY,NO DEFECTS,ON SCENE,NO INJURY / DRIVE AWAY,,,,"OVER $1,500",9/20/2019 23:43,IMPROPER OVERTAKING/PASSING,FOLLOWING TOO CLOSELY,5450,S,CICERO AVE,815,,,,,,,2,NO INDICATION OF INJURY,0,0,0,0,0,2,0,23,6,9,41.79322499,-87.74224996,POINT (-87.742249961709 41.793224986862)
JC442742,,9/20/2019 23:15,15,NO CONTROLS,NO CONTROLS,CLEAR,"DARKNESS, LIGHTED ROAD",PARKED MOTOR VEHICLE,PARKING LOT,,STRAIGHT AND LEVEL,DRY,NO DEFECTS,NOT ON SCENE (DESK REPORT),NO INJURY / DRIVE AWAY,,,,"OVER $1,500",9/21/2019 14:00,UNABLE TO DETERMINE,UNABLE TO DETERMINE,5835,S,KEDZIE AVE,824,,,,,,,2,NO INDICATION OF INJURY,0,0,0,0,0,2,0,23,6,9,41.78701784,-87.70322129,POINT (-87.703221284649 41.787017836458)
JC442038,,9/20/2019 23:15,30,NO CONTROLS,NO CONTROLS,CLEAR,"DARKNESS, LIGHTED ROAD",SIDESWIPE OPPOSITE DIRECTION,NOT DIVIDED,,STRAIGHT AND LEVEL,DRY,NO DEFECTS,ON SCENE,NO INJURY / DRIVE AWAY,,,,"OVER $1,500",9/20/2019 23:17,NOT APPLICABLE,UNABLE TO DETERMINE,6136,N,DAMEN AVE,2413,,,,,,,2,NO INDICATION OF INJURY,0,0,0,0,0,2,0,23,6,9,41.99291747,-87.68003779,POINT (-87.680037788008 41.992917471694)
JC442037,,9/20/2019 23:09,30,SCHOOL ZONE,UNKNOWN,CLEAR,"DARKNESS, LIGHTED ROAD",SIDESWIPE SAME DIRECTION,DIVIDED - W/MEDIAN (NOT RAISED),,STRAIGHT AND LEVEL,DRY,NO DEFECTS,ON SCENE,NO INJURY / DRIVE AWAY,,,Y,"$501 - $1,500",9/20/2019 23:09,UNABLE TO DETERMINE,NOT APPLICABLE,3842,W,111TH ST,2211,,,,,,,2,NO INDICATION OF INJURY,0,0,0,0,0,2,0,23,6,9,41.69142185,-87.71721968,POINT (-87.717219678205 41.691421849926)
JC442042,,9/20/2019 23:07,30,NO CONTROLS,NO CONTROLS,CLEAR,"DARKNESS, LIGHTED ROAD",PARKED MOTOR VEHICLE,NOT DIVIDED,,STRAIGHT AND LEVEL,DRY,NO DEFECTS,NOT ON SCENE (DESK REPORT),NO INJURY / DRIVE AWAY,,,Y,"$501 - $1,500",9/20/2019 23:27,UNABLE TO DETERMINE,UNABLE TO DETERMINE,10500,S,COTTAGE GROVE AVE,512,,,,,,,2,NO INDICATION OF INJURY,0,0,0,0,0,1,0,23,6,9,41.70372909,-87.60750831,POINT (-87.607508312154 41.703729088417)
JC442026,Y,9/20/2019 22:55,30,NO CONTROLS,NO CONTROLS,CLEAR,DUSK,PEDESTRIAN,DIVIDED - W/MEDIAN (NOT RAISED),,STRAIGHT AND LEVEL,DRY,NO DEFECTS,ON SCENE,INJURY AND / OR TOW DUE TO CRASH,,,,"OVER $1,500",9/20/2019 22:56,NOT APPLICABLE,NOT APPLICABLE,3246,S,LOWE AVE,915,,,,,,,2,"REPORTED, NOT EVIDENT",1,0,0,0,1,1,0,22,6,9,41.83487609,-87.64269345,POINT (-87.642693451361 41.834876091566)
JC442022,,9/20/2019 22:53,30,NO CONTROLS,NO CONTROLS,CLEAR,"DARKNESS, LIGHTED ROAD",PARKED MOTOR VEHICLE,ONE-WAY,,STRAIGHT AND LEVEL,DRY,UNKNOWN,ON SCENE,INJURY AND / OR TOW DUE TO CRASH,,,,"OVER $1,500",9/20/2019 22:58,UNDER THE INFLUENCE OF ALCOHOL/DRUGS (USE WHEN ARREST IS EFFECTED),UNDER THE INFLUENCE OF ALCOHOL/DRUGS (USE WHEN ARREST IS EFFECTED),7910,S,LANGLEY AVE,624,,,,,,,3,NONINCAPACITATING INJURY,1,0,0,1,0,3,0,22,6,9,41.75086667,-87.60779517,POINT (-87.607795166535 41.750866669237)
JC442465,,9/20/2019 22:45,30,TRAFFIC SIGNAL,FUNCTIONING PROPERLY,CLEAR,"DARKNESS, LIGHTED ROAD",REAR END,DIVIDED - W/MEDIAN BARRIER,,STRAIGHT AND LEVEL,DRY,NO DEFECTS,NOT ON SCENE (DESK REPORT),NO INJURY / DRIVE AWAY,,,,"OVER $1,500",9/21/2019 9:45,UNABLE TO DETERMINE,UNABLE TO DETERMINE,530,S,HAMLIN BLVD,1133,,,,,,,2,NO INDICATION OF INJURY,0,0,0,0,0,3,0,22,6,9,41.87352647,-87.72051229,POINT (-87.720512292222 41.873526467853)
JC443007,,9/20/2019 22:30,30,TRAFFIC SIGNAL,FUNCTIONING PROPERLY,CLEAR,"DARKNESS, LIGHTED ROAD",REAR TO SIDE,T-INTERSECTION,,STRAIGHT AND LEVEL,DRY,NO DEFECTS,NOT ON SCENE (DESK REPORT),NO INJURY / DRIVE AWAY,Y,,Y,"OVER $1,500",9/21/2019 18:00,UNABLE TO DETERMINE,UNABLE TO DETERMINE,2901,S,STATE ST,133,,,,,,,2,NO INDICATION OF INJURY,0,0,0,0,0,2,0,22,6,9,41.84183458,-87.6265143,POINT (-87.626514299092 41.841834579493)