RD_NO,CRASH_DATE_EST_I,CRASH_DATE,POSTED_SPEED_LIMIT,TRAFFIC_CONTROL_DEVICE,DEVICE_CONDITION,WEATHER_CONDITION,LIGHTING_CONDITION,FIRST_CRASH_TYPE,TRAFFICWAY_TYPE,LANE_CNT,ALIGNMENT,ROADWAY_SURFACE_COND,ROAD_DEFECT,REPORT_TYPE,CRASH_TYPE,INTERSECTION_RELATED_I,NOT_RIGHT_OF_WAY_I,HIT_AND_RUN_I,DAMAGE,DATE_POLICE_NOTIFIED,PRIM_CONTRIBUTORY_CAUSE,SEC_CONTRIBUTORY_CAUSE,STREET_NO,STREET_DIRECTION,STREET_NAME,BEAT_OF_OCCURRENCE,PHOTOS_TAKEN_I,STATEMENTS_TAKEN_I,DOORING_I,WORK_ZONE_I,WORK_ZONE_TYPE,WORKERS_PRESENT_I,NUM_UNITS,MOST_SEVERE_INJURY,INJURIES_TOTAL,INJURIES_FATAL,INJURIES_INCAPACITATING,INJURIES_NON_INCAPACITATING,INJURIES_REPORTED_NOT_EVIDENT,INJURIES_NO_INDICATION,INJURIES_UNKNOWN,CRASH_HOUR,CRASH_DAY_OF_WEEK,CRASH_MONTH,LATITUDE,LONGITUDE,LOCATION
JC442648,,9/20/2019 22:30,30,NO CONTROLS,NO CONTROLS,CLEAR,DARKNESS,SIDESWIPE SAME DIRECTION,DIVIDED - W/MEDIAN BARRIER,,STRAIGHT AND LEVEL,DRY,NO DEFECTS,NOT ON SCENE (DESK REPORT),NO INJURY / DRIVE AWAY,,,,"OVER $1,500",9/21/2019 13:34,IMPROPER OVERTAKING/PASSING,NOT APPLICABLE,5500,S,UNION AVE,711,,,,,,,2,NO INDICATION OF INJURY,0,0,0,0,0,2,0,22,6,9,41.7939093,-87.6428628,POINT (-87.642862795151 41.793909301925)
JC442053,Y,9/20/2019 22:30,30,NO CONTROLS,NO CONTROLS,CLEAR,"DARKNESS, LIGHTED ROAD",REAR END,ONE-WAY,,STRAIGHT AND LEVEL,DRY,NO DEFECTS,NOT ON SCENE (DESK REPORT),INJURY AND / OR TOW DUE TO CRASH,,,Y,"OVER $1,500",9/20/2019 23:31,UNABLE TO DETERMINE,UNABLE TO DETERMINE,11830,S,PARNELL AVE,524,,,,,,,2,NO INDICATION OF INJURY,0,0,0,0,0,3,0,22,6,9,41.67875764,-87.63605843,POINT (-87.636058425608 41.678757641346)
JC442005,,9/20/2019 22:30,30,NO CONTROLS,NO CONTROLS,CLEAR,"DARKNESS, LIGHTED ROAD",REAR END,DIVIDED - W/MEDIAN BARRIER,,STRAIGHT AND LEVEL,DRY,NO DEFECTS,NOT ON SCENE (DESK REPORT),NO INJURY / DRIVE AWAY,,,,"OVER $1,500",9/20/2019 22:40,UNABLE TO DETERMINE,UNABLE TO DETERMINE,500,W,GARFIELD BLVD,935,,,,,,,2,NO INDICATION OF INJURY,0,0,0,0,0,2,0,22,6,9,41.79454111,-87.63797184,POINT (-87.637971842206 41.794541104775)
JC442103,,9/20/2019 22:20,45,TRAFFIC SIGNAL,NO CONTROLS,CLEAR,"DARKNESS, LIGHTED ROAD",REAR END,NOT DIVIDED,,STRAIGHT AND LEVEL,DRY,NO DEFECTS,NOT ON SCENE (DESK REPORT),NO INJURY / DRIVE AWAY,Y,,,"OVER $1,500",9/21/2019 0:45,FOLLOWING TOO CLOSELY,NOT APPLICABLE,1200,S,COLUMBUS DR,132,,,,,,,2,NO INDICATION OF INJURY,0,0,0,0,0,2,0,22,6,9,41.86738791,-87.62049103,POINT (-87.620491034097 41.867387913926)
JC442027,,9/20/2019 22:10,30,NO CONTROLS,NO CONTROLS,CLEAR,"DARKNESS, LIGHTED ROAD",PARKED MOTOR VEHICLE,NOT DIVIDED,,STRAIGHT AND LEVEL,DRY,SHOULDER DEFECT,ON SCENE,NO INJURY / DRIVE AWAY,,,Y,"$501 - $1,500",9/20/2019 22:19,FAILING TO YIELD RIGHT-OF-WAY,NOT APPLICABLE,2853,N,KOSTNER AVE,2523,,,,,,,2,NO INDICATION OF INJURY,0,0,0,0,0,1,0,22,6,9,41.93323699,-87.73670186,POINT (-87.73670186213 41.933236991595)
JC442072,,9/20/2019 21:55,35,TRAFFIC SIGNAL,FUNCTIONING PROPERLY,CLEAR,"DARKNESS, LIGHTED ROAD",PEDALCYCLIST,FOUR WAY,,STRAIGHT AND LEVEL,DRY,NO DEFECTS,ON SCENE,INJURY AND / OR TOW DUE TO CRASH,Y,,,"OVER $1,500",9/20/2019 21:55,UNABLE TO DETERMINE,UNABLE TO DETERMINE,599,N,ORLEANS ST,1831,,,,,,,2,INCAPACITATING INJURY,1,0,1,0,0,1,0,21,6,9,41.89233518,-87.63690672,POINT (-87.636906715632 41.89233517483)
JC441977,,9/20/2019 21:49,30,STOP SIGN/FLASHER,FUNCTIONING PROPERLY,CLEAR,"DARKNESS, LIGHTED ROAD",FIXED OBJECT,DIVIDED - W/MEDIAN (NOT RAISED),,STRAIGHT AND LEVEL,UNKNOWN,UNKNOWN,ON SCENE,NO INJURY / DRIVE AWAY,,,,"OVER $1,500",9/20/2019 22:02,IMPROPER OVERTAKING/PASSING,UNABLE TO DETERMINE,6049,S,CICERO AVE,813,,,,,,,1,NO INDICATION OF INJURY,0,0,0,0,0,2,0,21,6,9,41.78255663,-87.74225832,POINT (-87.742258315956 41.782556633081)
JC442812,,9/20/2019 21:30,30,NO CONTROLS,NO CONTROLS,CLEAR,DARKNESS,PARKED MOTOR VEHICLE,PARKING LOT,,STRAIGHT AND LEVEL,UNKNOWN,UNKNOWN,NOT ON SCENE (DESK REPORT),NO INJURY / DRIVE AWAY,,,Y,"OVER $1,500",9/21/2019 15:29,UNABLE TO DETERMINE,UNABLE TO DETERMINE,4201,S,ASHLAND AVE,924,,,,,,,2,NO INDICATION OF INJURY,0,0,0,0,0,1,0,21,6,9,41.81768373,-87.6650402,POINT (-87.665040200043 41.817683733038)
JC442199,,9/20/2019 21:30,35,TRAFFIC SIGNAL,FUNCTIONING PROPERLY,CLEAR,"DARKNESS, LIGHTED ROAD",SIDESWIPE SAME DIRECTION,DIVIDED - W/MEDIAN (NOT RAISED),,STRAIGHT AND LEVEL,DRY,NO DEFECTS,NOT ON SCENE (DESK REPORT),NO INJURY / DRIVE AWAY,,,Y,"OVER $1,500",9/21/2019 3:45,UNABLE TO DETERMINE,NOT APPLICABLE,6735,W,GRAND AVE,2512,,,,,,,2,NO INDICATION OF INJURY,0,0,0,0,0,2,0,21,6,9,41.92350062,-87.79376016,POINT (-87.793760161716 41.923500618697)
JC441940,,9/20/2019 21:30,30,NO CONTROLS,NO CONTROLS,CLEAR,"DARKNESS, LIGHTED ROAD",SIDESWIPE SAME DIRECTION,OTHER,,STRAIGHT AND LEVEL,DRY,NO DEFECTS,ON SCENE,NO INJURY / DRIVE AWAY,,,Y,$500 OR LESS,9/20/2019 21:35,UNABLE TO DETERMINE,NOT APPLICABLE,3,W,TERMINAL ST,1653,,,,,,,2,NO INDICATION OF INJURY,0,0,0,0,0,2,0,21,6,9,,,
JC441943,,9/20/2019 21:20,30,OTHER,OTHER,CLEAR,"DARKNESS, LIGHTED ROAD",REAR END,NOT DIVIDED,,STRAIGHT AND LEVEL,DRY,NO DEFECTS,NOT ON SCENE (DESK REPORT),NO INJURY / DRIVE AWAY,,,,$500 OR LESS,9/20/2019 21:35,DISTRACTION - FROM OUTSIDE VEHICLE,FOLLOWING TOO CLOSELY,35,W,HUBBARD ST,1831,,,,,,,2,NO INDICATION OF INJURY,0,0,0,0,0,2,0,21,6,9,41.88993377,-87.62930792,POINT (-87.629307923118 41.889933768636)
JC441923,,9/20/2019 21:20,40,NO CONTROLS,NO CONTROLS,CLEAR,"DARKNESS, LIGHTED ROAD",REAR END,DIVIDED - W/MEDIAN BARRIER,,STRAIGHT AND LEVEL,DRY,NO DEFECTS,ON SCENE,NO INJURY / DRIVE AWAY,,,,"$501 - $1,500",9/20/2019 21:30,UNABLE TO DETERMINE,UNABLE TO DETERMINE,2358,N,LAKE SHORE DR SB,1814,,,,,,,2,NO INDICATION OF INJURY,0,0,0,0,0,2,0,21,6,9,41.92599818,-87.6314628,POINT (-87.631462795453 41.925998181424)
JC442529,,9/20/2019 21:15,30,STOP SIGN/FLASHER,FUNCTIONING PROPERLY,CLEAR,DARKNESS,TURNING,FOUR WAY,,STRAIGHT AND LEVEL,DRY,NO DEFECTS,NOT ON SCENE (DESK REPORT),INJURY AND / OR TOW DUE TO CRASH,,,Y,"OVER $1,500",9/21/2019 11:45,UNABLE TO DETERMINE,NOT APPLICABLE,3900,W,PALMER ST,2525,,,,,,,2,NO INDICATION OF INJURY,0,0,0,0,0,3,0,21,6,9,41.92095816,-87.72430341,POINT (-87.724303411151 41.920958162591)
JC441958,,9/20/2019 21:13,30,TRAFFIC SIGNAL,UNKNOWN,CLEAR,"DARKNESS, LIGHTED ROAD",TURNING,NOT DIVIDED,,STRAIGHT AND LEVEL,DRY,UNKNOWN,ON SCENE,INJURY AND / OR TOW DUE TO CRASH,Y,,Y,"OVER $1,500",9/20/2019 21:40,DISREGARDING TRAFFIC SIGNALS,NOT APPLICABLE,3350,S,CALIFORNIA AVE,911,,,,,,,3,NONINCAPACITATING INJURY,1,0,0,1,0,3,0,21,6,9,41.83230153,-87.69502855,POINT (-87.695028552227 41.832301530473)
JC442905,,9/20/2019 21:00,30,NO CONTROLS,NO CONTROLS,CLEAR,DAYLIGHT,OTHER OBJECT,ONE-WAY,,STRAIGHT AND LEVEL,DRY,NO DEFECTS,NOT ON SCENE (DESK REPORT),INJURY AND / OR TOW DUE TO CRASH,,,,"$501 - $1,500",9/21/2019 16:37,NOT APPLICABLE,NOT APPLICABLE,4642,S,SPRINGFIELD AVE,821,,,,,,,1,NONINCAPACITATING INJURY,1,0,0,1,0,0,0,21,6,9,41.80844545,-87.72130015,POINT (-87.721300145715 41.808445453669)
JC441992,,9/20/2019 21:00,30,NO CONTROLS,NO CONTROLS,CLEAR,"DARKNESS, LIGHTED ROAD",SIDESWIPE SAME DIRECTION,NOT DIVIDED,,STRAIGHT AND LEVEL,DRY,UNKNOWN,NOT ON SCENE (DESK REPORT),NO INJURY / DRIVE AWAY,,,,"OVER $1,500",9/20/2019 22:20,UNABLE TO DETERMINE,UNABLE TO DETERMINE,6435,W,MONTROSE AVE,1632,,,,,,,2,NO INDICATION OF INJURY,0,0,0,0,0,2,0,21,6,9,41.96006805,-87.78815974,POINT (-87.788159738174 41.960068050129)
JC441939,Y,9/20/2019 21:00,30,NO CONTROLS,NO CONTROLS,CLEAR,"DARKNESS, LIGHTED ROAD",SIDESWIPE SAME DIRECTION,PARKING LOT,,STRAIGHT AND LEVEL,DRY,NO DEFECTS,NOT ON SCENE (DESK REPORT),NO INJURY / DRIVE AWAY,,N,,"OVER $1,500",9/20/2019 21:30,UNABLE TO DETERMINE,NOT APPLICABLE,5618,W,NORTH AVE,2531,,,,,,,2,NO INDICATION OF INJURY,0,0,0,0,0,2,0,21,6,9,41.90948083,-87.76641097,POINT (-87.766410970375 41.909480830157)
JC441960,,9/20/2019 20:54,30,TRAFFIC SIGNAL,FUNCTIONING PROPERLY,CLEAR,DARKNESS,REAR END,FOUR WAY,,STRAIGHT AND LEVEL,DRY,UNKNOWN,NOT ON SCENE (DESK REPORT),INJURY AND / OR TOW DUE TO CRASH,Y,,Y,"OVER $1,500",9/20/2019 21:45,FOLLOWING TOO CLOSELY,NOT APPLICABLE,200,W,63RD ST,311,,,,,,,2,NONINCAPACITATING INJURY,1,0,0,1,0,2,0,20,6,9,41.7800965,-87.6301722,POINT (-87.630172198939 41.780096500488)
JC441917,,9/20/2019 20:51,30,TRAFFIC SIGNAL,FUNCTIONING PROPERLY,CLEAR,"DARKNESS, LIGHTED ROAD",ANGLE,ONE-WAY,,STRAIGHT AND LEVEL,DRY,NO DEFECTS,ON SCENE,INJURY AND / OR TOW DUE TO CRASH,Y,,Y,"$501 - $1,500",9/20/2019 20:51,DISREGARDING TRAFFIC SIGNALS,NOT APPLICABLE,5500,S,WENTWORTH AVE,225,,,,,,,2,"REPORTED, NOT EVIDENT",1,0,0,0,1,4,0,20,6,9,,,
JC442576,,9/20/2019 20:45,30,TRAFFIC SIGNAL,FUNCTIONING PROPERLY,CLEAR,DAYLIGHT,REAR TO FRONT,CENTER TURN LANE,,STRAIGHT AND LEVEL,DRY,NO DEFECTS,ON SCENE,NO INJURY / DRIVE AWAY,Y,,,"OVER $1,500",9/21/2019 12:05,IMPROPER BACKING,NOT APPLICABLE,4100,W,63RD ST,813,,,,,,,2,NO INDICATION OF INJURY,0,0,0,0,0,3,0,20,6,9,41.77873775,-87.72526679,POINT (-87.725266785648 41.778737748083)
JC441969,,9/20/2019 20:45,30,STOP SIGN/FLASHER,FUNCTIONING PROPERLY,CLEAR,"DARKNESS, LIGHTED ROAD",SIDESWIPE SAME DIRECTION,NOT DIVIDED,,STRAIGHT AND LEVEL,DRY,NO DEFECTS,ON SCENE,NO INJURY / DRIVE AWAY,,,Y,"OVER $1,500",9/20/2019 20:50,IMPROPER OVERTAKING/PASSING,NOT APPLICABLE,310,N,PEORIA ST,1214,,,,,,,2,NO INDICATION OF INJURY,0,0,0,0,0,2,0,20,6,9,41.88717195,-87.64999983,POINT (-87.649999833852 41.887171948269)
JC444154,,9/20/2019 20:30,30,STOP SIGN/FLASHER,FUNCTIONING PROPERLY,UNKNOWN,"DARKNESS, LIGHTED ROAD",PEDALCYCLIST,DIVIDED - W/MEDIAN (NOT RAISED),,STRAIGHT AND LEVEL,UNKNOWN,NO DEFECTS,ON SCENE,INJURY AND / OR TOW DUE TO CRASH,Y,,Y,$500 OR LESS,9/22/2019 17:05,UNABLE TO DETERMINE,UNABLE TO DETERMINE,2000,W,13TH ST,1233,,,,,,,2,INCAPACITATING INJURY,1,0,1,0,0,1,0,20,6,9,41.86504563,-87.67632308,POINT (-87.676323083423 41.865045634269)
JC442566,Y,9/20/2019 20:30,20,NO CONTROLS,NO CONTROLS,CLEAR,"DARKNESS, LIGHTED ROAD",PARKED MOTOR VEHICLE,ONE-WAY,,STRAIGHT AND LEVEL,DRY,NO DEFECTS,NOT ON SCENE (DESK REPORT),NO INJURY / DRIVE AWAY,,,Y,"OVER $1,500",9/21/2019 12:10,UNABLE TO DETERMINE,UNABLE TO DETERMINE,1048,W,AINSLIE ST,2024,,,,,,,2,NO INDICATION OF INJURY,0,0,0,0,0,1,0,20,6,9,41.97166079,-87.6568302,POINT (-87.656830203699 41.971660786703)
JC441944,,9/20/2019 20:30,30,UNKNOWN,UNKNOWN,CLEAR,"DARKNESS, LIGHTED ROAD",SIDESWIPE OPPOSITE DIRECTION,ONE-WAY,,STRAIGHT AND LEVEL,UNKNOWN,UNKNOWN,ON SCENE,NO INJURY / DRIVE AWAY,,,Y,"OVER $1,500",9/20/2019 21:06,IMPROPER OVERTAKING/PASSING,FAILING TO YIELD RIGHT-OF-WAY,1403,W,BYRON ST,1922,,,,,,,2,NO INDICATION OF INJURY,0,0,0,0,0,2,0,20,6,9,41.95242116,-87.66432875,POINT (-87.664328753084 41.952421163171)
JC442914,,9/20/2019 20:23,25,NO CONTROLS,NO CONTROLS,CLEAR,"DARKNESS, LIGHTED ROAD",PARKED MOTOR VEHICLE,NOT DIVIDED,,STRAIGHT AND LEVEL,DRY,NO DEFECTS,ON SCENE,NO INJURY / DRIVE AWAY,,,Y,"OVER $1,500",9/21/2019 15:05,IMPROPER OVERTAKING/PASSING,UNABLE TO DETERMINE,1758,N,WILMOT AVE,1434,,,,,,,2,NO INDICATION OF INJURY,0,0,0,0,0,1,0,20,6,9,41.91350283,-87.68095495,POINT (-87.680954946406 41.9135028294)
JC442715,,9/20/2019 20:15,30,STOP SIGN/FLASHER,FUNCTIONING PROPERLY,CLEAR,DARKNESS,TURNING,NOT DIVIDED,,STRAIGHT AND LEVEL,UNKNOWN,UNKNOWN,NOT ON SCENE (DESK REPORT),NO INJURY / DRIVE AWAY,Y,,,"$501 - $1,500",9/21/2019 13:56,IMPROPER OVERTAKING/PASSING,IMPROPER OVERTAKING/PASSING,655,W,IRVING PARK RD,1925,,,,,,,2,NO INDICATION OF INJURY,0,0,0,0,0,2,0,20,6,9,41.95449396,-87.64724433,POINT (-87.647244331225 41.954493955562)
JC442414,,9/20/2019 20:15,30,NO CONTROLS,NO CONTROLS,CLEAR,"DARKNESS, LIGHTED ROAD",PARKED MOTOR VEHICLE,NOT DIVIDED,,STRAIGHT AND LEVEL,DRY,NO DEFECTS,ON SCENE,NO INJURY / DRIVE AWAY,,,Y,$500 OR LESS,9/21/2019 9:45,UNABLE TO DETERMINE,NOT APPLICABLE,6222,N,HOYNE AVE,2413,,,,,,,2,NO INDICATION OF INJURY,0,0,0,0,0,1,0,20,6,9,41.99489972,-87.68257024,POINT (-87.682570243793 41.994899720396)
JC441894,Y,9/20/2019 20:15,30,TRAFFIC SIGNAL,FUNCTIONING PROPERLY,CLEAR,"DARKNESS, LIGHTED ROAD",PEDALCYCLIST,FOUR WAY,,STRAIGHT AND LEVEL,DRY,UNKNOWN,NOT ON SCENE (DESK REPORT),NO INJURY / DRIVE AWAY,Y,,,"$501 - $1,500",9/20/2019 20:53,IMPROPER TURNING/NO SIGNAL,NOT APPLICABLE,36,W,MADISON ST,112,,,,,,,2,NO INDICATION OF INJURY,0,0,0,0,0,2,0,20,6,9,41.88211151,-87.62910915,POINT (-87.629109147438 41.882111509944)
JC441996,,9/20/2019 20:10,30,NO CONTROLS,NO CONTROLS,CLEAR,"DARKNESS, LIGHTED ROAD",PARKED MOTOR VEHICLE,ONE-WAY,,STRAIGHT AND LEVEL,DRY,NO DEFECTS,NOT ON SCENE (DESK REPORT),NO INJURY / DRIVE AWAY,,,,"OVER $1,500",9/20/2019 22:30,IMPROPER LANE USAGE,NOT APPLICABLE,713,N,MICHIGAN AVE,1834,,,,,,,2,NO INDICATION OF INJURY,0,0,0,0,0,1,0,20,6,9,41.89541447,-87.62411671,POINT (-87.624116705894 41.895414473145)
JC441884,,9/20/2019 20:10,30,NO CONTROLS,NO CONTROLS,CLEAR,DARKNESS,ANGLE,NOT DIVIDED,,STRAIGHT AND LEVEL,DRY,NO DEFECTS,NOT ON SCENE (DESK REPORT),INJURY AND / OR TOW DUE TO CRASH,,,,"OVER $1,500",9/20/2019 20:18,FAILING TO YIELD RIGHT-OF-WAY,NOT APPLICABLE,6412,W,PALMER ST,2512,,,,,,,2,NO INDICATION OF INJURY,0,0,0,0,0,2,0,20,6,9,41.9201488,-87.7859471,POINT (-87.785947097442 41.920148798529)
JC411904,,9/20/2019 20:05,30,NO CONTROLS,NO CONTROLS,CLEAR,"DARKNESS, LIGHTED ROAD",PARKED MOTOR VEHICLE,ONE-WAY,,STRAIGHT AND LEVEL,DRY,NO DEFECTS,ON SCENE,INJURY AND / OR TOW DUE TO CRASH,,,Y,"$501 - $1,500",9/20/2019 20:29,EQUIPMENT - VEHICLE CONDITION,"OPERATING VEHICLE IN ERRATIC, RECKLESS, CARELESS, NEGLIGENT OR AGGRESSIVE MANNER",5436,S,MARSHFIELD AVE,932,,,,,,,2,NO INDICATION OF INJURY,0,0,0,0,0,1,0,20,6,9,41.79472478,-87.66596625,POINT (-87.66596624548 41.794724776667)
JC441881,,9/20/2019 20:04,30,UNKNOWN,OTHER,CLEAR,"DARKNESS, LIGHTED ROAD",REAR END,DIVIDED - W/MEDIAN (NOT RAISED),,STRAIGHT AND LEVEL,DRY,OTHER,ON SCENE,INJURY AND / OR TOW DUE TO CRASH,,,Y,"OVER $1,500",9/20/2019 20:04,NOT APPLICABLE,NOT APPLICABLE,3653,W,IRVING PARK RD,1732,,,,,,,2,NO INDICATION OF INJURY,0,0,0,0,0,2,0,20,6,9,41.95363776,-87.71996028,POINT (-87.719960279728 41.95363776319)
JC441869,,9/20/2019 20:03,20,STOP SIGN/FLASHER,OTHER,CLEAR,"DARKNESS, LIGHTED ROAD",TURNING,T-INTERSECTION,,"CURVE, LEVEL",DRY,NO DEFECTS,ON SCENE,INJURY AND / OR TOW DUE TO CRASH,Y,,,"OVER $1,500",9/20/2019 20:07,FAILING TO YIELD RIGHT-OF-WAY,NOT APPLICABLE,10000,W,OHARE ST,1651,,,,,,,2,"REPORTED, NOT EVIDENT",1,0,0,0,1,2,0,20,6,9,41.97620114,-87.90530913,POINT (-87.905309125103 41.976201139024)
JC457096,,9/20/2019 20:00,30,TRAFFIC SIGNAL,FUNCTIONING PROPERLY,CLEAR,"DARKNESS, LIGHTED ROAD",OTHER OBJECT,NOT REPORTED,,STRAIGHT AND LEVEL,DRY,"RUT, HOLES",NOT ON SCENE (DESK REPORT),NO INJURY / DRIVE AWAY,,,,"OVER $1,500",10/2/2019 13:00,UNABLE TO DETERMINE,NOT APPLICABLE,1000,W,TILDEN ST,1232,,,,,,,1,NO INDICATION OF INJURY,0,0,0,0,0,1,0,20,6,9,41.87611549,-87.65191131,POINT (-87.651911304883 41.876115486714)
JC442874,,9/20/2019 20:00,30,TRAFFIC SIGNAL,FUNCTIONING PROPERLY,CLEAR,"DARKNESS, LIGHTED ROAD",TURNING,NOT DIVIDED,,STRAIGHT AND LEVEL,DRY,NO DEFECTS,NOT ON SCENE (DESK REPORT),NO INJURY / DRIVE AWAY,,,,"OVER $1,500",9/21/2019 16:15,UNABLE TO DETERMINE,NOT APPLICABLE,4385,S,ARCHER AVE,821,,,,,,,2,NO INDICATION OF INJURY,0,0,0,0,0,2,0,20,6,9,41.81369495,-87.70465802,POINT (-87.704658015436 41.813694950921)
JC442432,,9/20/2019 20:00,15,NO CONTROLS,NO CONTROLS,CLEAR,"DARKNESS, LIGHTED ROAD",ANGLE,ONE-WAY,,STRAIGHT AND LEVEL,DRY,NO DEFECTS,NOT ON SCENE (DESK REPORT),NO INJURY / DRIVE AWAY,Y,,,"$501 - $1,500",9/21/2019 10:15,UNABLE TO DETERMINE,UNABLE TO DETERMINE,6411,N,WASHTENAW AVE,2412,,,,,,,2,NO INDICATION OF INJURY,0,0,0,0,0,2,0,20,6,9,41.99797819,-87.69707258,POINT (-87.697072576283 41.997978188986)
JC442341,Y,9/20/2019 20:00,20,NO CONTROLS,NO CONTROLS,UNKNOWN,UNKNOWN,PARKED MOTOR VEHICLE,ONE-WAY,,STRAIGHT AND LEVEL,UNKNOWN,UNKNOWN,NOT ON SCENE (DESK REPORT),NO INJURY / DRIVE AWAY,,,Y,"OVER $1,500",9/21/2019 8:30,UNABLE TO DETERMINE,NOT APPLICABLE,8151,S,COLFAX AVE,422,,,,,,,2,NO INDICATION OF INJURY,0,0,0,0,0,1,0,20,6,9,41.74666156,-87.56115117,POINT (-87.56115117181 41.746661557317)
JC441880,,9/20/2019 20:00,30,TRAFFIC SIGNAL,FUNCTIONING PROPERLY,CLEAR,DUSK,TURNING,NOT DIVIDED,,STRAIGHT AND LEVEL,DRY,NO DEFECTS,NOT ON SCENE (DESK REPORT),NO INJURY / DRIVE AWAY,,,Y,"OVER $1,500",9/20/2019 20:44,UNABLE TO DETERMINE,NOT APPLICABLE,6700,S,LAFAYETTE AVE,722,,,,,,,2,NO INDICATION OF INJURY,0,0,0,0,0,2,0,20,6,9,41.77265534,-87.62690885,POINT (-87.626908852725 41.772655335362)
JC441909,,9/20/2019 19:50,20,NO CONTROLS,NO CONTROLS,CLEAR,"DARKNESS, LIGHTED ROAD",SIDESWIPE SAME DIRECTION,DIVIDED - W/MEDIAN (NOT RAISED),,STRAIGHT AND LEVEL,DRY,NO DEFECTS,NOT ON SCENE (DESK REPORT),NO INJURY / DRIVE AWAY,,,,"$501 - $1,500",9/20/2019 21:30,NOT APPLICABLE,NOT APPLICABLE,1545,N,ASHLAND AVE,1433,,,,,,,2,NO INDICATION OF INJURY,0,0,0,0,0,2,0,19,6,9,41.91015641,-87.66753304,POINT (-87.667533042314 41.910156412158)
JC441990,,9/20/2019 19:47,30,NO CONTROLS,NO CONTROLS,UNKNOWN,DAWN,PARKED MOTOR VEHICLE,UNKNOWN,,STRAIGHT AND LEVEL,UNKNOWN,UNKNOWN,NOT ON SCENE (DESK REPORT),NO INJURY / DRIVE AWAY,,,,$500 OR LESS,9/20/2019 22:30,UNABLE TO DETERMINE,UNABLE TO DETERMINE,6401,S,YALE AVE,722,,,,N,,,2,NO INDICATION OF INJURY,0,0,0,0,0,1,0,19,6,9,41.77806052,-87.63164179,POINT (-87.631641789302 41.778060523814)
JC444334,,9/20/2019 19:45,15,NO CONTROLS,NO CONTROLS,CLEAR,"DARKNESS, LIGHTED ROAD",PARKED MOTOR VEHICLE,PARKING LOT,,STRAIGHT AND LEVEL,DRY,NO DEFECTS,NOT ON SCENE (DESK REPORT),NO INJURY / DRIVE AWAY,,,,"$501 - $1,500",9/22/2019 20:20,IMPROPER BACKING,UNABLE TO DETERMINE,2801,S,WESTERN AVE,1034,,,,,,,2,NO INDICATION OF INJURY,0,0,0,0,0,1,0,19,6,9,41.84111499,-87.68513204,POINT (-87.685132034759 41.841114991692)
JC441885,,9/20/2019 19:45,30,NO CONTROLS,NO CONTROLS,CLEAR,DARKNESS,SIDESWIPE SAME DIRECTION,NOT DIVIDED,,STRAIGHT AND LEVEL,DRY,NO DEFECTS,ON SCENE,NO INJURY / DRIVE AWAY,,,,"OVER $1,500",9/20/2019 20:35,IMPROPER OVERTAKING/PASSING,UNABLE TO DETERMINE,3131,N,HARLEM AVE,2511,,,,,,,2,NO INDICATION OF INJURY,0,0,0,0,0,3,0,19,6,9,41.9373304,-87.80657852,POINT (-87.806578524079 41.937330399592)
JC441845,,9/20/2019 19:44,30,TRAFFIC SIGNAL,FUNCTIONING PROPERLY,CLEAR,DAYLIGHT,PEDESTRIAN,DIVIDED - W/MEDIAN (NOT RAISED),,STRAIGHT AND LEVEL,DRY,NO DEFECTS,ON SCENE,INJURY AND / OR TOW DUE TO CRASH,Y,,Y,"OVER $1,500",9/20/2019 19:45,FAILING TO YIELD RIGHT-OF-WAY,FAILING TO REDUCE SPEED TO AVOID CRASH,3501,W,MARQUETTE RD,831,,,,,,,2,INCAPACITATING INJURY,1,0,1,0,0,4,0,19,6,9,41.77144661,-87.71035025,POINT (-87.710350244964 41.771446613745)
JC441855,,9/20/2019 19:40,30,STOP SIGN/FLASHER,FUNCTIONING PROPERLY,CLEAR,DARKNESS,ANGLE,FOUR WAY,,STRAIGHT AND LEVEL,DRY,UNKNOWN,ON SCENE,NO INJURY / DRIVE AWAY,Y,,,"OVER $1,500",9/20/2019 19:45,FAILING TO YIELD RIGHT-OF-WAY,NOT APPLICABLE,4100,W,WEST END AVE,1114,,,,,,,2,NO INDICATION OF INJURY,0,0,0,0,0,3,0,19,6,9,41.88344264,-87.72832394,POINT (-87.728323937335 41.883442636817)
JC441831,,9/20/2019 19:30,30,TRAFFIC SIGNAL,FUNCTIONING PROPERLY,CLEAR,"DARKNESS, LIGHTED ROAD",TURNING,UNKNOWN INTERSECTION TYPE,,STRAIGHT AND LEVEL,DRY,NO DEFECTS,ON SCENE,INJURY AND / OR TOW DUE TO CRASH,Y,,,"OVER $1,500",9/20/2019 19:32,FAILING TO YIELD RIGHT-OF-WAY,NOT APPLICABLE,5899,N,CUMBERLAND AVE,1614,,,,,,,2,NONINCAPACITATING INJURY,1,0,0,1,0,1,0,19,6,9,41.98638297,-87.83643375,POINT (-87.836433753977 41.98638296862)
JC442081,,9/20/2019 19:20,30,TRAFFIC SIGNAL,FUNCTIONING PROPERLY,CLEAR,DUSK,SIDESWIPE SAME DIRECTION,NOT DIVIDED,,STRAIGHT AND LEVEL,DRY,NO DEFECTS,NOT ON SCENE (DESK REPORT),NO INJURY / DRIVE AWAY,Y,,Y,"OVER $1,500",9/21/2019 0:20,FOLLOWING TOO CLOSELY,UNABLE TO DETERMINE,8634,S,PULASKI RD,834,,,,,,,2,NO INDICATION OF INJURY,0,0,0,0,0,4,0,19,6,9,41.7356542,-87.72160972,POINT (-87.721609714933 41.735654198959)