RD_NO,CRASH_DATE_EST_I,CRASH_DATE,POSTED_SPEED_LIMIT,TRAFFIC_CONTROL_DEVICE,DEVICE_CONDITION,WEATHER_CONDITION,LIGHTING_CONDITION,FIRST_CRASH_TYPE,TRAFFICWAY_TYPE,LANE_CNT,ALIGNMENT,ROADWAY_SURFACE_COND,ROAD_DEFECT,REPORT_TYPE,CRASH_TYPE,INTERSECTION_RELATED_I,NOT_RIGHT_OF_WAY_I,HIT_AND_RUN_I,DAMAGE,DATE_POLICE_NOTIFIED,PRIM_CONTRIBUTORY_CAUSE,SEC_CONTRIBUTORY_CAUSE,STREET_NO,STREET_DIRECTION,STREET_NAME,BEAT_OF_OCCURRENCE,PHOTOS_TAKEN_I,STATEMENTS_TAKEN_I,DOORING_I,WORK_ZONE_I,WORK_ZONE_TYPE,WORKERS_PRESENT_I,NUM_UNITS,MOST_SEVERE_INJURY,INJURIES_TOTAL,INJURIES_FATAL,INJURIES_INCAPACITATING,INJURIES_NON_INCAPACITATING,INJURIES_REPORTED_NOT_EVIDENT,INJURIES_NO_INDICATION,INJURIES_UNKNOWN,CRASH_HOUR,CRASH_DAY_OF_WEEK,CRASH_MONTH,LATITUDE,LONGITUDE,LOCATION
JC441826,,9/20/2019 19:10,30,TRAFFIC SIGNAL,FUNCTIONING PROPERLY,CLEAR,DUSK,ANGLE,DIVIDED - W/MEDIAN (NOT RAISED),,STRAIGHT AND LEVEL,DRY,NO DEFECTS,ON SCENE,NO INJURY / DRIVE AWAY,,,,$500 OR LESS,9/20/2019 19:27,IMPROPER OVERTAKING/PASSING,IMPROPER LANE USAGE,1958,W,18TH ST,1234,,,,,,,3,NO INDICATION OF INJURY,0,0,0,0,0,6,0,19,6,9,41.85777404,-87.67587486,POINT (-87.67587486049 41.857774038719)
JC447687,,9/20/2019 19:05,10,NO CONTROLS,NO CONTROLS,CLEAR,UNKNOWN,REAR TO SIDE,PARKING LOT,,STRAIGHT AND LEVEL,DRY,NO DEFECTS,NOT ON SCENE (DESK REPORT),NO INJURY / DRIVE AWAY,,,,"OVER $1,500",9/25/2019 10:55,IMPROPER BACKING,FAILING TO REDUCE SPEED TO AVOID CRASH,8101,S,ASHLAND AVE,614,,,,,,,2,NO INDICATION OF INJURY,0,0,0,0,0,2,0,19,6,9,41.74662563,-87.66319622,POINT (-87.663196222907 41.746625624889)
JC441778,,9/20/2019 19:03,25,NO CONTROLS,NO CONTROLS,CLEAR,DUSK,ANGLE,T-INTERSECTION,,STRAIGHT AND LEVEL,DRY,NO DEFECTS,ON SCENE,INJURY AND / OR TOW DUE TO CRASH,Y,,,"OVER $1,500",9/20/2019 19:06,UNABLE TO DETERMINE,NOT APPLICABLE,2700,W,CHICAGO AVE,1211,,,,,,,2,NO INDICATION OF INJURY,0,0,0,0,0,2,0,19,6,9,41.89577762,-87.69430044,POINT (-87.694300437575 41.895777620535)
JC447488,,9/20/2019 19:00,30,NO CONTROLS,NO CONTROLS,CLEAR,"DARKNESS, LIGHTED ROAD",PEDALCYCLIST,NOT DIVIDED,,STRAIGHT AND LEVEL,DRY,NO DEFECTS,NOT ON SCENE (DESK REPORT),INJURY AND / OR TOW DUE TO CRASH,,,,$500 OR LESS,9/25/2019 7:50,UNABLE TO DETERMINE,UNABLE TO DETERMINE,708,W,BELMONT AVE,1925,,,Y,,,,2,NONINCAPACITATING INJURY,1,0,0,1,0,1,0,19,6,9,41.9401198,-87.64726166,POINT (-87.647261663065 41.940119795567)
JC443767,,9/20/2019 19:00,30,TRAFFIC SIGNAL,FUNCTIONING PROPERLY,UNKNOWN,DUSK,REAR END,FOUR WAY,,STRAIGHT AND LEVEL,UNKNOWN,UNKNOWN,NOT ON SCENE (DESK REPORT),NO INJURY / DRIVE AWAY,,,Y,$500 OR LESS,9/22/2019 12:00,DISREGARDING TRAFFIC SIGNALS,NOT APPLICABLE,9400,S,ASHLAND AVE,2221,,,,,,,2,NO INDICATION OF INJURY,0,0,0,0,0,3,0,19,6,9,41.72294122,-87.66286287,POINT (-87.662862871273 41.72294121821)
JC442469,,9/20/2019 19:00,25,NO CONTROLS,NO CONTROLS,CLEAR,DAYLIGHT,PARKED MOTOR VEHICLE,NOT DIVIDED,,STRAIGHT AND LEVEL,DRY,NO DEFECTS,NOT ON SCENE (DESK REPORT),NO INJURY / DRIVE AWAY,,,,"$501 - $1,500",9/21/2019 10:55,UNABLE TO DETERMINE,UNABLE TO DETERMINE,2154,W,DEVON AVE,2412,,,,,,,2,NO INDICATION OF INJURY,0,0,0,0,0,1,0,19,6,9,41.99792642,-87.68478486,POINT (-87.684784858244 41.997926419644)
JC441833,Y,9/20/2019 19:00,30,TRAFFIC SIGNAL,FUNCTIONING PROPERLY,CLEAR,"DARKNESS, LIGHTED ROAD",PARKED MOTOR VEHICLE,DIVIDED - W/MEDIAN BARRIER,,STRAIGHT AND LEVEL,DRY,NO DEFECTS,ON SCENE,NO INJURY / DRIVE AWAY,,,Y,"OVER $1,500",9/20/2019 19:45,IMPROPER OVERTAKING/PASSING,IMPROPER LANE USAGE,5014,N,BROADWAY,2033,,,,,,,2,NO INDICATION OF INJURY,0,0,0,0,0,1,0,19,6,9,41.97321459,-87.65992981,POINT (-87.659929807374 41.973214590632)
JC441775,,9/20/2019 18:59,35,TRAFFIC SIGNAL,FUNCTIONING PROPERLY,CLEAR,DAYLIGHT,TURNING,DIVIDED - W/MEDIAN BARRIER,,STRAIGHT AND LEVEL,DRY,NO DEFECTS,ON SCENE,INJURY AND / OR TOW DUE TO CRASH,Y,,,"OVER $1,500",9/20/2019 18:59,IMPROPER TURNING/NO SIGNAL,NOT APPLICABLE,1598,W,79TH ST,612,,,,,,,2,NONINCAPACITATING INJURY,1,0,0,1,0,2,0,18,6,9,41.75046773,-87.66341307,POINT (-87.663413070822 41.750467724955)
JC441790,,9/20/2019 18:56,30,TRAFFIC SIGNAL,FUNCTIONING PROPERLY,CLEAR,DUSK,ANGLE,NOT DIVIDED,,STRAIGHT AND LEVEL,DRY,NO DEFECTS,ON SCENE,INJURY AND / OR TOW DUE TO CRASH,Y,,Y,"OVER $1,500",9/20/2019 18:58,DISREGARDING TRAFFIC SIGNALS,DISREGARDING TRAFFIC SIGNALS,400,S,DAMEN AVE,1225,,,,,,,2,NO INDICATION OF INJURY,0,0,0,0,0,3,0,18,6,9,41.87618617,-87.67667397,POINT (-87.67667397249 41.876186166555)
JC449605,,9/20/2019 18:45,30,UNKNOWN,UNKNOWN,UNKNOWN,UNKNOWN,OTHER OBJECT,NOT DIVIDED,,STRAIGHT AND LEVEL,UNKNOWN,"RUT, HOLES",NOT ON SCENE (DESK REPORT),INJURY AND / OR TOW DUE TO CRASH,,,,$500 OR LESS,9/26/2019 17:45,ROAD ENGINEERING/SURFACE/MARKING DEFECTS,UNABLE TO DETERMINE,5132,S,PAYNE DR,233,,,,,,,1,NO INDICATION OF INJURY,0,0,0,0,0,1,0,18,6,9,41.80136833,-87.60743754,POINT (-87.60743754278 41.801368333245)
JC441832,,9/20/2019 18:45,30,TRAFFIC SIGNAL,FUNCTIONING PROPERLY,CLEAR,DARKNESS,TURNING,NOT DIVIDED,,STRAIGHT AND LEVEL,DRY,NO DEFECTS,NOT ON SCENE (DESK REPORT),NO INJURY / DRIVE AWAY,,,,"OVER $1,500",9/20/2019 19:30,UNABLE TO DETERMINE,UNABLE TO DETERMINE,5200,W,FLOURNOY ST,1522,,,,,,,2,NO INDICATION OF INJURY,0,0,0,0,0,2,0,18,6,9,41.87206239,-87.75490425,POINT (-87.754904245759 41.872062391906)
JC441776,,9/20/2019 18:45,30,NO CONTROLS,NO CONTROLS,CLEAR,DUSK,REAR END,NOT DIVIDED,,STRAIGHT AND LEVEL,DRY,NO DEFECTS,ON SCENE,INJURY AND / OR TOW DUE TO CRASH,,,,"OVER $1,500",9/20/2019 18:50,UNABLE TO DETERMINE,NOT APPLICABLE,7500,W,DEVON AVE,1612,,,,,,,2,NO INDICATION OF INJURY,0,0,0,0,0,2,0,18,6,9,41.99716243,-87.81373856,POINT (-87.813738561128 41.997162434168)
JC441756,,9/20/2019 18:45,30,NO CONTROLS,NO CONTROLS,CLEAR,DUSK,PARKED MOTOR VEHICLE,DIVIDED - W/MEDIAN (NOT RAISED),,STRAIGHT AND LEVEL,DRY,NO DEFECTS,ON SCENE,NO INJURY / DRIVE AWAY,,,,"OVER $1,500",9/20/2019 18:46,NOT APPLICABLE,NOT APPLICABLE,6007,W,GUNNISON ST,1622,,,,,,,2,NO INDICATION OF INJURY,0,0,0,0,0,1,0,18,6,9,41.96841945,-87.77854729,POINT (-87.778547292024 41.968419447999)
JC441732,,9/20/2019 18:40,30,NO CONTROLS,NO CONTROLS,CLEAR,DAYLIGHT,PEDESTRIAN,OTHER,,STRAIGHT AND LEVEL,DRY,NO DEFECTS,ON SCENE,INJURY AND / OR TOW DUE TO CRASH,,,Y,$500 OR LESS,9/20/2019 18:40,FAILING TO YIELD RIGHT-OF-WAY,UNABLE TO DETERMINE,1610,W,33RD PL,912,,,,,,,2,NONINCAPACITATING INJURY,1,0,0,1,0,1,0,18,6,9,41.83336065,-87.66615508,POINT (-87.666155080107 41.833360647451)
JC441802,Y,9/20/2019 18:30,20,NO CONTROLS,NO CONTROLS,CLEAR,DAYLIGHT,PARKED MOTOR VEHICLE,NOT DIVIDED,,STRAIGHT AND LEVEL,DRY,NO DEFECTS,NOT ON SCENE (DESK REPORT),NO INJURY / DRIVE AWAY,,,Y,"OVER $1,500",9/20/2019 19:25,FAILING TO REDUCE SPEED TO AVOID CRASH,DRIVING SKILLS/KNOWLEDGE/EXPERIENCE,5900,S,KARLOV AVE,813,,,,,,,2,NO INDICATION OF INJURY,0,0,0,0,0,1,0,18,6,9,41.78581973,-87.72555265,POINT (-87.725552653292 41.785819725441)
JC441779,,9/20/2019 18:30,30,NO CONTROLS,NO CONTROLS,CLEAR,DAYLIGHT,TURNING,NOT DIVIDED,,STRAIGHT AND LEVEL,DRY,NO DEFECTS,ON SCENE,INJURY AND / OR TOW DUE TO CRASH,,,,"OVER $1,500",9/20/2019 18:43,IMPROPER LANE USAGE,NOT APPLICABLE,7898,S,SOUTH CHICAGO AVE,411,,,,,,,2,NONINCAPACITATING INJURY,1,0,0,1,0,2,0,18,6,9,41.75144566,-87.58578193,POINT (-87.585781928882 41.751445664349)
JC441766,,9/20/2019 18:30,30,NO CONTROLS,NO CONTROLS,CLEAR,DUSK,PARKED MOTOR VEHICLE,DIVIDED - W/MEDIAN (NOT RAISED),,STRAIGHT AND LEVEL,DRY,NO DEFECTS,ON SCENE,NO INJURY / DRIVE AWAY,,,,"OVER $1,500",9/20/2019 18:45,UNABLE TO DETERMINE,NOT APPLICABLE,9644,S,HALSTED ST,2223,,,,,,,2,NO INDICATION OF INJURY,0,0,0,0,0,1,0,18,6,9,41.71806334,-87.6432661,POINT (-87.643266100517 41.718063338332)
JC441735,,9/20/2019 18:30,30,TRAFFIC SIGNAL,FUNCTIONING PROPERLY,CLEAR,DAYLIGHT,SIDESWIPE SAME DIRECTION,CENTER TURN LANE,,STRAIGHT AND LEVEL,DRY,UNKNOWN,ON SCENE,NO INJURY / DRIVE AWAY,,,,$500 OR LESS,9/20/2019 18:31,UNABLE TO DETERMINE,UNABLE TO DETERMINE,5700,S,WESTERN AVE,824,,,,,,,2,NO INDICATION OF INJURY,0,0,0,0,0,2,0,18,6,9,41.79011809,-87.68408217,POINT (-87.684082168007 41.790118084538)
JC441810,,9/20/2019 18:26,30,NO CONTROLS,NO CONTROLS,CLEAR,DUSK,TURNING,NOT DIVIDED,,STRAIGHT AND LEVEL,DRY,NO DEFECTS,NOT ON SCENE (DESK REPORT),INJURY AND / OR TOW DUE TO CRASH,Y,,,"OVER $1,500",9/20/2019 19:25,UNABLE TO DETERMINE,NOT APPLICABLE,2869,S,ARCHER AVE,913,,,,,,,2,"REPORTED, NOT EVIDENT",1,0,0,0,1,1,0,18,6,9,41.84221543,-87.65650904,POINT (-87.656509044209 41.842215430773)
JC452211,,9/20/2019 18:15,30,NO CONTROLS,NO CONTROLS,CLEAR,DAYLIGHT,REAR TO SIDE,UNKNOWN,,STRAIGHT AND LEVEL,DRY,NO DEFECTS,NOT ON SCENE (DESK REPORT),NO INJURY / DRIVE AWAY,,,,"$501 - $1,500",9/28/2019 18:20,IMPROPER BACKING,UNABLE TO DETERMINE,3999,W,LAKE ST,1122,,,,,,,2,NO INDICATION OF INJURY,0,0,0,0,0,2,0,18,6,9,41.88535464,-87.72575554,POINT (-87.725755543633 41.885354636496)
JC441723,,9/20/2019 18:15,30,NO CONTROLS,NO CONTROLS,CLEAR,DAYLIGHT,SIDESWIPE SAME DIRECTION,NOT DIVIDED,,STRAIGHT AND LEVEL,DRY,NO DEFECTS,ON SCENE,INJURY AND / OR TOW DUE TO CRASH,,,,"OVER $1,500",9/20/2019 18:15,IMPROPER OVERTAKING/PASSING,UNABLE TO DETERMINE,145,N,HALSTED ST,1224,,,,,,,2,NONINCAPACITATING INJURY,1,0,0,1,0,1,0,18,6,9,41.88435242,-87.64728775,POINT (-87.647287749076 41.88435241555)
JC441739,,9/20/2019 18:10,30,TRAFFIC SIGNAL,FUNCTIONING PROPERLY,CLEAR,DAYLIGHT,ANGLE,FOUR WAY,,STRAIGHT AND LEVEL,DRY,NO DEFECTS,ON SCENE,INJURY AND / OR TOW DUE TO CRASH,Y,,,"$501 - $1,500",9/20/2019 18:16,FAILING TO YIELD RIGHT-OF-WAY,DISREGARDING TRAFFIC SIGNALS,925,N,KEDZIE AVE,1211,,,,,,,2,INCAPACITATING INJURY,1,0,1,0,0,3,0,18,6,9,41.89828555,-87.70649868,POINT (-87.706498674705 41.898285552187)
JC441718,,9/20/2019 18:07,30,NO CONTROLS,NO CONTROLS,CLEAR,DAYLIGHT,FIXED OBJECT,OTHER,,STRAIGHT AND LEVEL,DRY,OTHER,NOT ON SCENE (DESK REPORT),NO INJURY / DRIVE AWAY,,,,$500 OR LESS,9/20/2019 18:07,"VISION OBSCURED (SIGNS, TREE LIMBS, BUILDINGS, ETC.)",UNABLE TO DETERMINE,4029,W,VAN BUREN ST,1132,,,,,,,1,NO INDICATION OF INJURY,0,0,0,0,0,2,0,18,6,9,41.87514351,-87.72666965,POINT (-87.726669651851 41.875143514306)
JC441693,,9/20/2019 18:05,30,NO CONTROLS,NO CONTROLS,CLEAR,DUSK,REAR END,NOT DIVIDED,,STRAIGHT AND LEVEL,DRY,NO DEFECTS,ON SCENE,NO INJURY / DRIVE AWAY,,,,"OVER $1,500",9/20/2019 18:06,UNABLE TO DETERMINE,FOLLOWING TOO CLOSELY,6920,S,ASHLAND AVE,735,,,,,,,2,NO INDICATION OF INJURY,0,0,0,0,0,3,0,18,6,9,41.76789332,-87.66401897,POINT (-87.664018968272 41.767893317097)
JC448574,,9/20/2019 18:00,30,NO CONTROLS,NO CONTROLS,RAIN,"DARKNESS, LIGHTED ROAD",PARKED MOTOR VEHICLE,PARKING LOT,,STRAIGHT AND LEVEL,WET,NO DEFECTS,NOT ON SCENE (DESK REPORT),NO INJURY / DRIVE AWAY,,,,$500 OR LESS,9/25/2019 21:50,UNABLE TO DETERMINE,UNABLE TO DETERMINE,5434,S,PRAIRIE AVE,231,,,,,,,2,NO INDICATION OF INJURY,0,0,0,0,0,1,0,18,6,9,41.79552306,-87.61939198,POINT (-87.619391976822 41.79552306165)
JC442277,Y,9/20/2019 18:00,10,NO CONTROLS,NO CONTROLS,UNKNOWN,UNKNOWN,PARKED MOTOR VEHICLE,PARKING LOT,,STRAIGHT AND LEVEL,OTHER,NO DEFECTS,ON SCENE,NO INJURY / DRIVE AWAY,,,Y,"OVER $1,500",9/21/2019 6:18,UNABLE TO DETERMINE,UNABLE TO DETERMINE,4848,S,HOYNE AVE,931,,,,,,,2,NO INDICATION OF INJURY,0,0,0,0,0,1,0,18,6,9,41.80521784,-87.67718346,POINT (-87.677183459026 41.805217843475)
JC441796,,9/20/2019 18:00,30,NO CONTROLS,NO CONTROLS,CLEAR,DAYLIGHT,PARKED MOTOR VEHICLE,ONE-WAY,,STRAIGHT AND LEVEL,DRY,NO DEFECTS,NOT ON SCENE (DESK REPORT),NO INJURY / DRIVE AWAY,,,Y,$500 OR LESS,9/20/2019 19:22,NOT APPLICABLE,NOT APPLICABLE,5127,S,SPAULDING AVE,822,,,,,,,2,NO INDICATION OF INJURY,0,0,0,0,0,1,0,18,6,9,41.7999623,-87.70604486,POINT (-87.706044857416 41.799962297497)
JC441754,,9/20/2019 18:00,30,STOP SIGN/FLASHER,NO CONTROLS,CLEAR,DAYLIGHT,ANGLE,T-INTERSECTION,,STRAIGHT AND LEVEL,DRY,NO DEFECTS,ON SCENE,INJURY AND / OR TOW DUE TO CRASH,,,,"OVER $1,500",9/20/2019 18:00,FAILING TO YIELD RIGHT-OF-WAY,UNDER THE INFLUENCE OF ALCOHOL/DRUGS (USE WHEN ARREST IS EFFECTED),1436,E,71ST ST,332,,,,,,,2,NONINCAPACITATING INJURY,1,0,0,1,0,3,0,18,6,9,41.76622592,-87.58948264,POINT (-87.589482636037 41.766225922083)
JC444468,,9/20/2019 17:55,30,NO CONTROLS,NO CONTROLS,CLEAR,DAYLIGHT,PARKED MOTOR VEHICLE,NOT DIVIDED,,STRAIGHT AND LEVEL,DRY,NO DEFECTS,NOT ON SCENE (DESK REPORT),NO INJURY / DRIVE AWAY,,,,"$501 - $1,500",9/22/2019 22:20,IMPROPER BACKING,NOT APPLICABLE,2817,N,SAWYER AVE,1412,,,,,,,2,NO INDICATION OF INJURY,0,0,0,0,0,1,0,17,6,9,41.93257694,-87.70851381,POINT (-87.708513809015 41.932576942546)
JC441709,,9/20/2019 17:55,30,NO CONTROLS,NO CONTROLS,CLEAR,DAYLIGHT,TURNING,NOT DIVIDED,,STRAIGHT AND LEVEL,DRY,NO DEFECTS,ON SCENE,NO INJURY / DRIVE AWAY,,,,"OVER $1,500",9/20/2019 18:18,FAILING TO YIELD RIGHT-OF-WAY,NOT APPLICABLE,5353,S,ARCHER AVE,815,,,,,,,2,NO INDICATION OF INJURY,0,0,0,0,0,2,0,17,6,9,41.79866749,-87.74217626,POINT (-87.742176262104 41.798667492525)
JC441691,,9/20/2019 17:55,30,NO CONTROLS,NO CONTROLS,CLEAR,DAYLIGHT,REAR END,DIVIDED - W/MEDIAN (NOT RAISED),,STRAIGHT AND LEVEL,DRY,NO DEFECTS,NOT ON SCENE (DESK REPORT),NO INJURY / DRIVE AWAY,,,,"$501 - $1,500",9/20/2019 18:10,UNABLE TO DETERMINE,UNABLE TO DETERMINE,3701,N,PULASKI RD,1732,,,,,,,2,NO INDICATION OF INJURY,0,0,0,0,0,2,0,17,6,9,41.94823516,-87.72730606,POINT (-87.727306063753 41.94823515832)
JC441681,,9/20/2019 17:55,30,NO CONTROLS,NO CONTROLS,CLEAR,DAYLIGHT,SIDESWIPE SAME DIRECTION,ONE-WAY,,STRAIGHT AND LEVEL,DRY,NO DEFECTS,ON SCENE,NO INJURY / DRIVE AWAY,,,,"$501 - $1,500",9/20/2019 18:00,IMPROPER TURNING/NO SIGNAL,UNABLE TO DETERMINE,1831,W,WASHINGTON BLVD,1223,,,,,,,2,NO INDICATION OF INJURY,0,0,0,0,0,4,0,17,6,9,41.88309309,-87.67305207,POINT (-87.673052072956 41.883093085145)
JC441677,,9/20/2019 17:50,30,NO CONTROLS,NO CONTROLS,CLEAR,DAYLIGHT,PARKED MOTOR VEHICLE,PARKING LOT,,STRAIGHT AND LEVEL,DRY,NO DEFECTS,ON SCENE,NO INJURY / DRIVE AWAY,,Y,,"$501 - $1,500",9/20/2019 18:04,UNABLE TO DETERMINE,UNABLE TO DETERMINE,2477,S,ARCHER AVE,914,,,,,,,2,NO INDICATION OF INJURY,0,0,0,0,0,2,0,17,6,9,41.84755805,-87.64549599,POINT (-87.645495991682 41.847558050164)
JC441817,,9/20/2019 17:45,30,NO CONTROLS,NO CONTROLS,CLEAR,DAYLIGHT,PARKED MOTOR VEHICLE,NOT DIVIDED,,STRAIGHT AND LEVEL,DRY,NO DEFECTS,NOT ON SCENE (DESK REPORT),NO INJURY / DRIVE AWAY,,,,"$501 - $1,500",9/20/2019 19:47,NOT APPLICABLE,NOT APPLICABLE,6014,S,ARCHER AVE,811,,,,,,,2,NO INDICATION OF INJURY,0,0,0,0,0,2,0,17,6,9,41.79509553,-87.76714141,POINT (-87.767141407107 41.79509552647)
JC441696,,9/20/2019 17:45,30,NO CONTROLS,NO CONTROLS,CLEAR,DAYLIGHT,SIDESWIPE SAME DIRECTION,ONE-WAY,,STRAIGHT AND LEVEL,DRY,NO DEFECTS,ON SCENE,INJURY AND / OR TOW DUE TO CRASH,,,,"OVER $1,500",9/20/2019 17:50,NOT APPLICABLE,NOT APPLICABLE,3607,N,NEWCASTLE AVE,1632,,,,,,,2,NO INDICATION OF INJURY,0,0,0,0,0,1,0,17,6,9,41.94571729,-87.79706607,POINT (-87.797066072398 41.945717291464)
JC442410,,9/20/2019 17:40,35,TRAFFIC SIGNAL,FUNCTIONING PROPERLY,CLEAR,DAYLIGHT,REAR END,NOT DIVIDED,,STRAIGHT AND LEVEL,DRY,NO DEFECTS,NOT ON SCENE (DESK REPORT),NO INJURY / DRIVE AWAY,,,,"$501 - $1,500",9/21/2019 10:10,UNABLE TO DETERMINE,UNABLE TO DETERMINE,8658,S,STONY ISLAND AVE,412,,,,,,,2,NO INDICATION OF INJURY,0,0,0,0,0,2,0,17,6,9,41.7369592,-87.58578299,POINT (-87.585782994337 41.736959197529)
JC441667,,9/20/2019 17:36,30,NO CONTROLS,NO CONTROLS,CLEAR,DAYLIGHT,PEDESTRIAN,CENTER TURN LANE,,STRAIGHT AND LEVEL,DRY,NO DEFECTS,ON SCENE,INJURY AND / OR TOW DUE TO CRASH,,,,"OVER $1,500",9/20/2019 17:37,IMPROPER LANE USAGE,UNABLE TO DETERMINE,6444,S,DR MARTIN LUTHER KING JR DR,312,,,,,,,2,NONINCAPACITATING INJURY,1,0,0,1,0,1,0,17,6,9,41.77708793,-87.61569443,POINT (-87.615694429729 41.777087925966)
JC442733,,9/20/2019 17:30,30,TRAFFIC SIGNAL,FUNCTIONING PROPERLY,CLEAR,DAYLIGHT,SIDESWIPE SAME DIRECTION,NOT DIVIDED,,STRAIGHT AND LEVEL,DRY,NO DEFECTS,NOT ON SCENE (DESK REPORT),NO INJURY / DRIVE AWAY,Y,,,"OVER $1,500",9/21/2019 14:38,UNABLE TO DETERMINE,UNABLE TO DETERMINE,4700,S,WESTERN AVE,922,,,,,,,2,NO INDICATION OF INJURY,0,0,0,0,0,2,0,17,6,9,41.80837841,-87.68457072,POINT (-87.684570716896 41.808378407947)
JC441683,,9/20/2019 17:30,30,OTHER REG. SIGN,OTHER,CLEAR,DAYLIGHT,SIDESWIPE SAME DIRECTION,DIVIDED - W/MEDIAN BARRIER,,STRAIGHT AND LEVEL,DRY,NO DEFECTS,NOT ON SCENE (DESK REPORT),NO INJURY / DRIVE AWAY,,,,"$501 - $1,500",9/20/2019 18:00,FAILING TO YIELD RIGHT-OF-WAY,IMPROPER OVERTAKING/PASSING,4255,N,WESTERN AVE,1911,,,,,,,2,NO INDICATION OF INJURY,0,0,0,0,0,3,0,17,6,9,41.95933049,-87.68847866,POINT (-87.688478654615 41.959330492431)
JC441658,,9/20/2019 17:30,15,NO CONTROLS,NO CONTROLS,CLEAR,DAYLIGHT,OTHER OBJECT,UNKNOWN INTERSECTION TYPE,,STRAIGHT AND LEVEL,DRY,NO DEFECTS,ON SCENE,NO INJURY / DRIVE AWAY,,,,$500 OR LESS,9/20/2019 17:32,FAILING TO YIELD RIGHT-OF-WAY,NOT APPLICABLE,8331,S,STEWART AVE,622,,,,,,,2,NO INDICATION OF INJURY,0,0,0,0,0,2,0,17,6,9,41.74257762,-87.63393693,POINT (-87.633936930688 41.742577617335)
JC441659,,9/20/2019 17:25,30,TRAFFIC SIGNAL,FUNCTIONING PROPERLY,CLEAR,DAYLIGHT,ANGLE,NOT DIVIDED,,STRAIGHT AND LEVEL,DRY,NO DEFECTS,ON SCENE,INJURY AND / OR TOW DUE TO CRASH,Y,,,"OVER $1,500",9/20/2019 17:26,DISREGARDING TRAFFIC SIGNALS,FAILING TO YIELD RIGHT-OF-WAY,5900,S,LOOMIS BLVD,713,,,,,,,3,NONINCAPACITATING INJURY,1,0,0,1,0,4,0,17,6,9,41.78672222,-87.65968362,POINT (-87.659683616183 41.786722216228)
JC441656,,9/20/2019 17:25,30,NO CONTROLS,NO CONTROLS,CLEAR,DAYLIGHT,TURNING,DIVIDED - W/MEDIAN (NOT RAISED),,STRAIGHT AND LEVEL,DRY,NO DEFECTS,ON SCENE,INJURY AND / OR TOW DUE TO CRASH,,,Y,"OVER $1,500",9/20/2019 17:34,FAILING TO YIELD RIGHT-OF-WAY,UNABLE TO DETERMINE,4756,W,ADDISON ST,1731,,,,,,,2,NONINCAPACITATING INJURY,1,0,0,1,0,1,0,17,6,9,41.94623808,-87.74682763,POINT (-87.746827631102 41.94623808086)
JC441649,,9/20/2019 17:21,35,TRAFFIC SIGNAL,FUNCTIONING PROPERLY,CLEAR,DAYLIGHT,TURNING,NOT DIVIDED,,STRAIGHT AND LEVEL,DRY,NO DEFECTS,ON SCENE,INJURY AND / OR TOW DUE TO CRASH,Y,,,"OVER $1,500",9/20/2019 17:23,"EVASIVE ACTION DUE TO ANIMAL, OBJECT, NONMOTORIST",FAILING TO REDUCE SPEED TO AVOID CRASH,8399,W,FOREST PRESERVE AVE,1631,,,,,,,2,NO INDICATION OF INJURY,0,0,0,0,0,2,0,17,6,9,41.94030894,-87.83609844,POINT (-87.836098436177 41.940308943526)
JC442012,,9/20/2019 17:20,30,NO CONTROLS,NO CONTROLS,CLEAR,DAYLIGHT,REAR END,DIVIDED - W/MEDIAN BARRIER,,STRAIGHT AND LEVEL,DRY,NO DEFECTS,NOT ON SCENE (DESK REPORT),NO INJURY / DRIVE AWAY,,,,"OVER $1,500",9/20/2019 22:50,FOLLOWING TOO CLOSELY,NOT APPLICABLE,19,N,MICHIGAN AVE,114,,,,,,,2,NO INDICATION OF INJURY,0,0,0,0,0,2,0,17,6,9,41.88254876,-87.6242374,POINT (-87.624237399777 41.882548758006)
JC441650,,9/20/2019 17:15,30,STOP SIGN/FLASHER,FUNCTIONING PROPERLY,CLEAR,DAYLIGHT,REAR END,NOT DIVIDED,,STRAIGHT AND LEVEL,DRY,NO DEFECTS,NOT ON SCENE (DESK REPORT),NO INJURY / DRIVE AWAY,,,,"OVER $1,500",9/20/2019 17:50,FOLLOWING TOO CLOSELY,DISTRACTION - FROM INSIDE VEHICLE,7040,S,COTTAGE GROVE AVE,321,,,,,,,2,NO INDICATION OF INJURY,0,0,0,0,0,4,0,17,6,9,41.76643089,-87.60574786,POINT (-87.605747860649 41.766430892538)
JC441654,,9/20/2019 17:10,35,NO CONTROLS,NO CONTROLS,CLEAR,DAYLIGHT,SIDESWIPE SAME DIRECTION,NOT DIVIDED,,STRAIGHT AND LEVEL,DRY,NO DEFECTS,ON SCENE,NO INJURY / DRIVE AWAY,,,,$500 OR LESS,9/20/2019 17:13,IMPROPER OVERTAKING/PASSING,NOT APPLICABLE,5910,S,ST LOUIS AVE,822,,,,,,,3,NO INDICATION OF INJURY,0,0,0,0,0,2,0,17,6,9,41.78574344,-87.71076536,POINT (-87.710765361044 41.785743435683)