RD_NO,CRASH_DATE_EST_I,CRASH_DATE,POSTED_SPEED_LIMIT,TRAFFIC_CONTROL_DEVICE,DEVICE_CONDITION,WEATHER_CONDITION,LIGHTING_CONDITION,FIRST_CRASH_TYPE,TRAFFICWAY_TYPE,LANE_CNT,ALIGNMENT,ROADWAY_SURFACE_COND,ROAD_DEFECT,REPORT_TYPE,CRASH_TYPE,INTERSECTION_RELATED_I,NOT_RIGHT_OF_WAY_I,HIT_AND_RUN_I,DAMAGE,DATE_POLICE_NOTIFIED,PRIM_CONTRIBUTORY_CAUSE,SEC_CONTRIBUTORY_CAUSE,STREET_NO,STREET_DIRECTION,STREET_NAME,BEAT_OF_OCCURRENCE,PHOTOS_TAKEN_I,STATEMENTS_TAKEN_I,DOORING_I,WORK_ZONE_I,WORK_ZONE_TYPE,WORKERS_PRESENT_I,NUM_UNITS,MOST_SEVERE_INJURY,INJURIES_TOTAL,INJURIES_FATAL,INJURIES_INCAPACITATING,INJURIES_NON_INCAPACITATING,INJURIES_REPORTED_NOT_EVIDENT,INJURIES_NO_INDICATION,INJURIES_UNKNOWN,CRASH_HOUR,CRASH_DAY_OF_WEEK,CRASH_MONTH,LATITUDE,LONGITUDE,LOCATION
JC441620,,9/20/2019 17:05,30,TRAFFIC SIGNAL,FUNCTIONING PROPERLY,CLEAR,DAYLIGHT,PEDALCYCLIST,NOT DIVIDED,,STRAIGHT AND LEVEL,DRY,NO DEFECTS,ON SCENE,INJURY AND / OR TOW DUE TO CRASH,,,Y,$500 OR LESS,9/20/2019 17:05,FAILING TO YIELD RIGHT-OF-WAY,NOT APPLICABLE,43,N,LARAMIE AVE,1533,,,,,,,2,NONINCAPACITATING INJURY,1,0,0,1,0,1,0,17,6,9,41.88160636,-87.75496288,POINT (-87.75496288258 41.881606358131)
JC441639,,9/20/2019 17:02,35,STOP SIGN/FLASHER,FUNCTIONING PROPERLY,CLEAR,DAYLIGHT,ANGLE,FOUR WAY,,STRAIGHT AND LEVEL,DRY,NO DEFECTS,ON SCENE,INJURY AND / OR TOW DUE TO CRASH,Y,,,"OVER $1,500",9/20/2019 17:35,UNDER THE INFLUENCE OF ALCOHOL/DRUGS (USE WHEN ARREST IS EFFECTED),FAILING TO YIELD RIGHT-OF-WAY,900,E,79TH ST,624,,,,,,,2,NONINCAPACITATING INJURY,2,0,0,2,0,1,0,17,6,9,41.75142504,-87.60269857,POINT (-87.602698566988 41.751425038576)
JC448428,,9/20/2019 17:00,30,NO CONTROLS,NO CONTROLS,CLEAR,UNKNOWN,PARKED MOTOR VEHICLE,NOT DIVIDED,,STRAIGHT AND LEVEL,UNKNOWN,UNKNOWN,NOT ON SCENE (DESK REPORT),NO INJURY / DRIVE AWAY,,,Y,"OVER $1,500",9/25/2019 19:55,UNABLE TO DETERMINE,UNABLE TO DETERMINE,823,W,BUENA AVE,1915,,,,,,,2,NO INDICATION OF INJURY,0,0,0,0,0,1,0,17,6,9,41.95836648,-87.65073147,POINT (-87.650731473077 41.958366476398)
JC441668,,9/20/2019 17:00,30,NO CONTROLS,NO CONTROLS,CLEAR,DAYLIGHT,TURNING,NOT DIVIDED,,STRAIGHT AND LEVEL,DRY,NO DEFECTS,NOT ON SCENE (DESK REPORT),NO INJURY / DRIVE AWAY,,,,"OVER $1,500",9/20/2019 17:45,UNABLE TO DETERMINE,UNABLE TO DETERMINE,5800,W,CHICAGO AVE,1511,,,,,,,2,NO INDICATION OF INJURY,0,0,0,0,0,2,0,17,6,9,41.89489241,-87.7703655,POINT (-87.770365499801 41.894892413673)
JC441665,,9/20/2019 17:00,35,NO CONTROLS,NO CONTROLS,CLEAR,DAYLIGHT,SIDESWIPE SAME DIRECTION,NOT DIVIDED,,STRAIGHT AND LEVEL,UNKNOWN,UNKNOWN,ON SCENE,NO INJURY / DRIVE AWAY,,,,"$501 - $1,500",9/20/2019 17:07,UNABLE TO DETERMINE,DRIVING SKILLS/KNOWLEDGE/EXPERIENCE,5701,N,CANFIELD AVE,1613,,,,,,,2,NO INDICATION OF INJURY,0,0,0,0,0,2,0,17,6,9,41.98319991,-87.82335519,POINT (-87.823355192559 41.983199914289)
JC441642,,9/20/2019 17:00,30,TRAFFIC SIGNAL,FUNCTIONING PROPERLY,CLEAR,DAYLIGHT,TURNING,NOT DIVIDED,,STRAIGHT AND LEVEL,DRY,NO DEFECTS,NOT ON SCENE (DESK REPORT),NO INJURY / DRIVE AWAY,Y,,,"$501 - $1,500",9/20/2019 17:30,IMPROPER TURNING/NO SIGNAL,FAILING TO YIELD RIGHT-OF-WAY,2800,N,WESTERN AVE,1411,,,,,,,2,NO INDICATION OF INJURY,0,0,0,0,0,2,0,17,6,9,41.93221699,-87.68803328,POINT (-87.688033280895 41.932216987947)
JC441621,,9/20/2019 17:00,35,NO CONTROLS,NO CONTROLS,CLEAR,DAYLIGHT,REAR END,NOT DIVIDED,,STRAIGHT AND LEVEL,DRY,NO DEFECTS,ON SCENE,NO INJURY / DRIVE AWAY,,,Y,"$501 - $1,500",9/20/2019 17:04,UNABLE TO DETERMINE,UNABLE TO DETERMINE,72,E,75TH ST,323,,,,,,,2,NO INDICATION OF INJURY,0,0,0,0,0,4,0,17,6,9,41.75839499,-87.62192536,POINT (-87.621925360643 41.75839498719)
JC441592,,9/20/2019 16:59,30,NO CONTROLS,NO CONTROLS,CLEAR,DAYLIGHT,REAR END,NOT DIVIDED,,STRAIGHT AND LEVEL,DRY,NO DEFECTS,ON SCENE,NO INJURY / DRIVE AWAY,,,,"OVER $1,500",9/20/2019 17:00,DISTRACTION - FROM INSIDE VEHICLE,NOT APPLICABLE,4444,S,ASHLAND AVE,924,,,,,,,2,NO INDICATION OF INJURY,0,0,0,0,0,5,0,16,6,9,41.81271141,-87.66522212,POINT (-87.665222121664 41.812711404865)
JC441598,,9/20/2019 16:54,30,NO CONTROLS,NO CONTROLS,CLEAR,DAYLIGHT,FIXED OBJECT,ONE-WAY,,STRAIGHT AND LEVEL,DRY,NO DEFECTS,ON SCENE,NO INJURY / DRIVE AWAY,,Y,,"OVER $1,500",9/20/2019 16:54,UNABLE TO DETERMINE,NOT APPLICABLE,3541,W,FLOURNOY ST,1133,,,,,,,1,NO INDICATION OF INJURY,0,0,0,0,0,2,0,16,6,9,41.87256215,-87.71481709,POINT (-87.714817087101 41.872562151451)
JC441611,,9/20/2019 16:45,30,STOP SIGN/FLASHER,FUNCTIONING PROPERLY,CLEAR,DAYLIGHT,REAR TO FRONT,FOUR WAY,,STRAIGHT AND LEVEL,DRY,UNKNOWN,NOT ON SCENE (DESK REPORT),NO INJURY / DRIVE AWAY,Y,,,"OVER $1,500",9/20/2019 17:10,FAILING TO YIELD RIGHT-OF-WAY,FAILING TO YIELD RIGHT-OF-WAY,1730,W,OGDEN AVE,1225,,,,,,,2,NO INDICATION OF INJURY,0,0,0,0,0,2,0,16,6,9,41.87822154,-87.67014198,POINT (-87.670141975021 41.87822153958)
JC441616,,9/20/2019 16:38,30,NO CONTROLS,NO CONTROLS,CLEAR,DAYLIGHT,SIDESWIPE SAME DIRECTION,NOT DIVIDED,,STRAIGHT AND LEVEL,DRY,UNKNOWN,NOT ON SCENE (DESK REPORT),NO INJURY / DRIVE AWAY,,,,"OVER $1,500",9/20/2019 17:30,DISTRACTION - FROM INSIDE VEHICLE,NOT APPLICABLE,299,E,21ST ST,132,Y,,,,,,2,NO INDICATION OF INJURY,0,0,0,0,0,3,0,16,6,9,41.85421777,-87.62077162,POINT (-87.620771618149 41.854217769635)
JC441589,,9/20/2019 16:31,10,NO CONTROLS,NO CONTROLS,CLEAR,DAYLIGHT,FIXED OBJECT,PARKING LOT,,STRAIGHT AND LEVEL,DRY,NO DEFECTS,ON SCENE,NO INJURY / DRIVE AWAY,,N,,"OVER $1,500",9/20/2019 16:45,EQUIPMENT - VEHICLE CONDITION,NOT APPLICABLE,10300,S,DOTY AVE E,434,,,,,,,1,NO INDICATION OF INJURY,0,0,0,0,0,1,0,16,6,9,41.70784956,-87.58085427,POINT (-87.580854271249 41.70784955538)
JC441726,,9/20/2019 16:30,30,NO CONTROLS,NO CONTROLS,CLEAR,DAYLIGHT,PEDALCYCLIST,DIVIDED - W/MEDIAN (NOT RAISED),,STRAIGHT AND LEVEL,DRY,NO DEFECTS,ON SCENE,NO INJURY / DRIVE AWAY,,,Y,"$501 - $1,500",9/20/2019 18:30,UNABLE TO DETERMINE,NOT APPLICABLE,4309,W,63RD ST,813,,,,,,,2,NO INDICATION OF INJURY,0,0,0,0,0,2,0,16,6,9,41.77845786,-87.73047513,POINT (-87.730475133986 41.778457862359)
JC441617,,9/20/2019 16:30,30,STOP SIGN/FLASHER,FUNCTIONING PROPERLY,CLEAR,DAYLIGHT,TURNING,NOT DIVIDED,,STRAIGHT AND LEVEL,DRY,NO DEFECTS,NOT ON SCENE (DESK REPORT),NO INJURY / DRIVE AWAY,Y,,,"OVER $1,500",9/20/2019 17:10,FAILING TO YIELD RIGHT-OF-WAY,NOT APPLICABLE,4900,W,DIVERSEY AVE,2521,,,,,,,2,NO INDICATION OF INJURY,0,0,0,0,0,2,0,16,6,9,41.93160805,-87.74918109,POINT (-87.749181089756 41.931608051264)
JC441637,,9/20/2019 16:25,20,TRAFFIC SIGNAL,FUNCTIONING PROPERLY,CLEAR,DAYLIGHT,SIDESWIPE OPPOSITE DIRECTION,DIVIDED - W/MEDIAN (NOT RAISED),,STRAIGHT AND LEVEL,DRY,NO DEFECTS,NOT ON SCENE (DESK REPORT),NO INJURY / DRIVE AWAY,Y,,,"$501 - $1,500",9/20/2019 17:40,FAILING TO YIELD RIGHT-OF-WAY,FAILING TO YIELD RIGHT-OF-WAY,2230,W,DEVON AVE,2412,,,,,,,2,NO INDICATION OF INJURY,0,0,0,0,0,2,0,16,6,9,41.9979049,-87.68617217,POINT (-87.686172170786 41.997904899047)
JC441635,,9/20/2019 16:20,30,NO CONTROLS,NO CONTROLS,CLEAR,DAYLIGHT,SIDESWIPE SAME DIRECTION,NOT DIVIDED,,STRAIGHT AND LEVEL,UNKNOWN,UNKNOWN,NOT ON SCENE (DESK REPORT),NO INJURY / DRIVE AWAY,,,,"$501 - $1,500",9/20/2019 17:30,UNABLE TO DETERMINE,UNABLE TO DETERMINE,3146,W,TOUHY AVE,2411,,,,,,,2,NO INDICATION OF INJURY,0,0,0,0,0,2,0,16,6,9,42.01197988,-87.70853385,POINT (-87.708533851483 42.011979879283)
JC441596,,9/20/2019 16:15,30,TRAFFIC SIGNAL,FUNCTIONING PROPERLY,CLEAR,DAYLIGHT,SIDESWIPE SAME DIRECTION,ONE-WAY,,STRAIGHT AND LEVEL,DRY,NO DEFECTS,NOT ON SCENE (DESK REPORT),NO INJURY / DRIVE AWAY,,,,"OVER $1,500",9/20/2019 16:45,FAILING TO YIELD RIGHT-OF-WAY,UNABLE TO DETERMINE,300,N,CLARK ST,1831,,,,,,,2,NO INDICATION OF INJURY,0,0,0,0,0,2,0,16,6,9,41.88749317,-87.63116949,POINT (-87.631169486163 41.887493173012)
JC441556,,9/20/2019 16:15,30,TRAFFIC SIGNAL,FUNCTIONING PROPERLY,CLEAR,DAYLIGHT,REAR END,NOT DIVIDED,,STRAIGHT AND LEVEL,DRY,NO DEFECTS,NOT ON SCENE (DESK REPORT),NO INJURY / DRIVE AWAY,Y,,,"OVER $1,500",9/20/2019 16:30,FOLLOWING TOO CLOSELY,NOT APPLICABLE,6000,W,FULLERTON AVE,2512,,,,,,,2,NO INDICATION OF INJURY,0,0,0,0,0,2,0,16,6,9,41.92393534,-87.77577956,POINT (-87.775779561919 41.923935335172)
JC441549,,9/20/2019 16:11,30,TRAFFIC SIGNAL,FUNCTIONING PROPERLY,CLEAR,DAYLIGHT,SIDESWIPE SAME DIRECTION,FOUR WAY,,STRAIGHT AND LEVEL,DRY,NO DEFECTS,ON SCENE,NO INJURY / DRIVE AWAY,Y,,Y,"$501 - $1,500",9/20/2019 16:30,UNABLE TO DETERMINE,NOT APPLICABLE,3200,W,ADDISON ST,1733,,,,,,,2,NO INDICATION OF INJURY,0,0,0,0,0,2,0,16,6,9,41.94674003,-87.70787549,POINT (-87.707875489132 41.946740032195)
JC441579,,9/20/2019 16:10,35,TRAFFIC SIGNAL,FUNCTIONING PROPERLY,CLEAR,DAYLIGHT,REAR END,DIVIDED - W/MEDIAN BARRIER,,STRAIGHT AND LEVEL,DRY,NO DEFECTS,ON SCENE,INJURY AND / OR TOW DUE TO CRASH,,,,"OVER $1,500",9/20/2019 16:20,FAILING TO REDUCE SPEED TO AVOID CRASH,NOT APPLICABLE,5559,N,EAST RIVER RD,1614,,,,,,,2,"REPORTED, NOT EVIDENT",3,0,0,0,3,1,0,16,6,9,41.98090005,-87.84628776,POINT (-87.84628775533 41.980900054373)
JC445622,,9/20/2019 16:04,30,TRAFFIC SIGNAL,FUNCTIONING PROPERLY,UNKNOWN,DAYLIGHT,REAR END,UNKNOWN,,STRAIGHT AND LEVEL,UNKNOWN,NO DEFECTS,NOT ON SCENE (DESK REPORT),NO INJURY / DRIVE AWAY,,,,"OVER $1,500",9/23/2019 19:30,FOLLOWING TOO CLOSELY,UNABLE TO DETERMINE,533,E,31ST ST,211,,,,,,,2,NO INDICATION OF INJURY,0,0,0,0,0,2,0,16,6,9,41.83838573,-87.61218654,POINT (-87.612186540307 41.838385726225)
JC446260,Y,9/20/2019 16:00,30,NO CONTROLS,NO CONTROLS,CLEAR,DAYLIGHT,PARKED MOTOR VEHICLE,NOT DIVIDED,,STRAIGHT AND LEVEL,DRY,NO DEFECTS,NOT ON SCENE (DESK REPORT),NO INJURY / DRIVE AWAY,,,,"OVER $1,500",9/24/2019 10:15,UNABLE TO DETERMINE,UNABLE TO DETERMINE,1000,N,HALSTED ST,1822,,,,,,,2,NO INDICATION OF INJURY,0,0,0,0,0,1,0,16,6,9,41.9002704,-87.64807546,POINT (-87.648075459242 41.900270397956)
JC445163,,9/20/2019 16:00,30,TRAFFIC SIGNAL,FUNCTIONING PROPERLY,CLEAR,DAYLIGHT,REAR END,DIVIDED - W/MEDIAN (NOT RAISED),,STRAIGHT AND LEVEL,DRY,UNKNOWN,NOT ON SCENE (DESK REPORT),NO INJURY / DRIVE AWAY,Y,,,"$501 - $1,500",9/23/2019 13:25,FOLLOWING TOO CLOSELY,UNABLE TO DETERMINE,4002,N,ASHLAND AVE,1912,,,,,,,2,NO INDICATION OF INJURY,0,0,0,0,0,2,0,16,6,9,41.95443636,-87.66920114,POINT (-87.669201144233 41.954436354953)
JC441570,,9/20/2019 16:00,30,UNKNOWN,UNKNOWN,CLEAR,DAYLIGHT,REAR END,FOUR WAY,,STRAIGHT AND LEVEL,DRY,NO DEFECTS,NOT ON SCENE (DESK REPORT),NO INJURY / DRIVE AWAY,,,,"OVER $1,500",9/20/2019 16:50,DRIVING SKILLS/KNOWLEDGE/EXPERIENCE,NOT APPLICABLE,1201,N,AUSTIN BLVD,2531,,,,,,,2,NO INDICATION OF INJURY,0,0,0,0,0,2,0,16,6,9,41.90209124,-87.77521789,POINT (-87.77521789397 41.902091238174)
JC441564,,9/20/2019 15:57,30,STOP SIGN/FLASHER,FUNCTIONING PROPERLY,CLEAR,DAYLIGHT,ANGLE,NOT DIVIDED,,STRAIGHT AND LEVEL,DRY,NO DEFECTS,ON SCENE,INJURY AND / OR TOW DUE TO CRASH,Y,,,"OVER $1,500",9/20/2019 15:59,UNABLE TO DETERMINE,UNABLE TO DETERMINE,1500,W,51ST ST,933,,,,,,,2,NONINCAPACITATING INJURY,2,0,0,2,0,0,0,15,6,9,41.80145909,-87.66241035,POINT (-87.662410349372 41.801459089017)
JC441544,,9/20/2019 15:56,30,NO CONTROLS,NO CONTROLS,CLEAR,DAYLIGHT,SIDESWIPE SAME DIRECTION,NOT DIVIDED,,STRAIGHT AND LEVEL,DRY,NO DEFECTS,NOT ON SCENE (DESK REPORT),NO INJURY / DRIVE AWAY,,,,"OVER $1,500",9/20/2019 16:25,IMPROPER OVERTAKING/PASSING,NOT APPLICABLE,5232,N,CENTRAL AVE,1622,,,,,,,2,NO INDICATION OF INJURY,0,0,0,0,0,2,0,15,6,9,41.97653221,-87.76862166,POINT (-87.768621660959 41.976532211352)
JC441531,,9/20/2019 15:55,30,TRAFFIC SIGNAL,FUNCTIONING PROPERLY,CLEAR,DAYLIGHT,PARKED MOTOR VEHICLE,NOT DIVIDED,,STRAIGHT AND LEVEL,DRY,NO DEFECTS,ON SCENE,INJURY AND / OR TOW DUE TO CRASH,,,,"OVER $1,500",9/20/2019 15:57,FAILING TO REDUCE SPEED TO AVOID CRASH,DRIVING SKILLS/KNOWLEDGE/EXPERIENCE,99,E,14TH ST,131,,,,,,,3,NONINCAPACITATING INJURY,6,0,0,2,4,0,0,15,6,9,41.86398337,-87.62414428,POINT (-87.624144279946 41.863983370887)
JC441538,,9/20/2019 15:50,30,NO CONTROLS,NO CONTROLS,CLEAR,DAYLIGHT,SIDESWIPE SAME DIRECTION,DIVIDED - W/MEDIAN (NOT RAISED),,STRAIGHT AND LEVEL,DRY,NO DEFECTS,ON SCENE,NO INJURY / DRIVE AWAY,,,Y,$500 OR LESS,9/20/2019 16:05,UNABLE TO DETERMINE,UNABLE TO DETERMINE,2221,N,WESTERN AVE,1432,,,,,,,2,NO INDICATION OF INJURY,0,0,0,0,0,2,0,15,6,9,41.92233007,-87.68741548,POINT (-87.687415481207 41.922330072816)
JC441597,,9/20/2019 15:47,15,OTHER,OTHER,CLEAR,DAYLIGHT,ANGLE,PARKING LOT,,STRAIGHT AND LEVEL,DRY,NO DEFECTS,NOT ON SCENE (DESK REPORT),NO INJURY / DRIVE AWAY,,Y,,"$501 - $1,500",9/20/2019 17:00,FAILING TO YIELD RIGHT-OF-WAY,IMPROPER BACKING,3435,N,WESTERN AVE,1921,,,,,,,2,NO INDICATION OF INJURY,0,0,0,0,0,3,0,15,6,9,41.94415211,-87.68803617,POINT (-87.688036173002 41.944152108331)
JC441518,,9/20/2019 15:45,30,TRAFFIC SIGNAL,FUNCTIONING PROPERLY,CLEAR,DAYLIGHT,REAR END,DIVIDED - W/MEDIAN BARRIER,,STRAIGHT AND LEVEL,DRY,NO DEFECTS,NOT ON SCENE (DESK REPORT),NO INJURY / DRIVE AWAY,N,,,"OVER $1,500",9/20/2019 16:00,UNABLE TO DETERMINE,UNABLE TO DETERMINE,208,N,MICHIGAN AVE,111,,,,,,,2,NO INDICATION OF INJURY,0,0,0,0,0,2,0,15,6,9,41.88599492,-87.62466956,POINT (-87.624669555151 41.885994916709)
JC441574,,9/20/2019 15:40,30,NO CONTROLS,NO CONTROLS,CLEAR,DAYLIGHT,SIDESWIPE SAME DIRECTION,NOT DIVIDED,,STRAIGHT AND LEVEL,DRY,NO DEFECTS,NOT ON SCENE (DESK REPORT),NO INJURY / DRIVE AWAY,,,,"$501 - $1,500",9/20/2019 16:55,UNABLE TO DETERMINE,UNABLE TO DETERMINE,4300,S,HALSTED ST,925,,,,,,,2,NO INDICATION OF INJURY,0,0,0,0,0,2,0,15,6,9,41.81611303,-87.64587156,POINT (-87.645871563037 41.816113029851)
JC441530,,9/20/2019 15:40,30,TRAFFIC SIGNAL,FUNCTIONING PROPERLY,CLEAR,DAYLIGHT,SIDESWIPE SAME DIRECTION,NOT DIVIDED,,STRAIGHT AND LEVEL,DRY,NO DEFECTS,NOT ON SCENE (DESK REPORT),NO INJURY / DRIVE AWAY,,,,$500 OR LESS,9/20/2019 16:15,UNABLE TO DETERMINE,UNABLE TO DETERMINE,4000,N,NARRAGANSETT AVE,1632,,,,,,,2,NO INDICATION OF INJURY,0,0,0,0,0,2,0,15,6,9,41.95295865,-87.7867085,POINT (-87.786708502186 41.952958651098)
JC441743,,9/20/2019 15:30,30,TRAFFIC SIGNAL,FUNCTIONING PROPERLY,CLEAR,DAYLIGHT,REAR END,NOT DIVIDED,,STRAIGHT AND LEVEL,DRY,NO DEFECTS,,NO INJURY / DRIVE AWAY,,,,"$501 - $1,500",9/20/2019 18:45,FOLLOWING TOO CLOSELY,FOLLOWING TOO CLOSELY,200,N,COLUMBUS DR,114,,,,,,,2,NO INDICATION OF INJURY,0,0,0,0,0,2,0,15,6,9,41.88600583,-87.62082896,POINT (-87.620828956741 41.886005833425)
JC441628,,9/20/2019 15:30,30,NO CONTROLS,NO CONTROLS,CLEAR,DAWN,REAR END,NOT DIVIDED,,STRAIGHT AND LEVEL,DRY,NO DEFECTS,NOT ON SCENE (DESK REPORT),NO INJURY / DRIVE AWAY,,,,"OVER $1,500",9/20/2019 17:30,FAILING TO REDUCE SPEED TO AVOID CRASH,NOT APPLICABLE,2200,S,KEDZIE AVE,1024,,,,,,,2,NO INDICATION OF INJURY,0,0,0,0,0,3,0,15,6,9,41.85167198,-87.70539869,POINT (-87.70539869337 41.851671979532)
JC441583,,9/20/2019 15:30,30,TRAFFIC SIGNAL,FUNCTIONING PROPERLY,CLEAR,DAYLIGHT,HEAD ON,DIVIDED - W/MEDIAN BARRIER,,STRAIGHT ON GRADE,DRY,NO DEFECTS,NOT ON SCENE (DESK REPORT),NO INJURY / DRIVE AWAY,,,Y,"OVER $1,500",9/20/2019 16:53,DRIVING SKILLS/KNOWLEDGE/EXPERIENCE,NOT APPLICABLE,4000,S,PULASKI RD,815,,,,,,,2,NO INDICATION OF INJURY,0,0,0,0,0,2,0,15,6,9,41.81905247,-87.7241127,POINT (-87.7241127025 41.819052466282)
JC441537,,9/20/2019 15:30,30,NO CONTROLS,NO CONTROLS,CLEAR,DAYLIGHT,REAR END,DIVIDED - W/MEDIAN (NOT RAISED),,STRAIGHT AND LEVEL,DRY,NO DEFECTS,NOT ON SCENE (DESK REPORT),NO INJURY / DRIVE AWAY,,,,"OVER $1,500",9/20/2019 16:30,FOLLOWING TOO CLOSELY,UNABLE TO DETERMINE,8000,S,VINCENNES AVE,621,,,,,,,2,NO INDICATION OF INJURY,0,0,0,0,0,2,0,15,6,9,41.74888097,-87.6348608,POINT (-87.63486079575 41.748880970247)
JC441519,,9/20/2019 15:30,30,NO CONTROLS,NO CONTROLS,CLEAR,DAYLIGHT,SIDESWIPE SAME DIRECTION,ONE-WAY,,STRAIGHT AND LEVEL,DRY,UNKNOWN,ON SCENE,NO INJURY / DRIVE AWAY,,,,"$501 - $1,500",9/20/2019 15:31,IMPROPER OVERTAKING/PASSING,DRIVING SKILLS/KNOWLEDGE/EXPERIENCE,831,N,DEARBORN ST,1832,,Y,,,,,2,NO INDICATION OF INJURY,0,0,0,0,0,2,0,15,6,9,41.89762467,-87.62965752,POINT (-87.629657522998 41.897624671947)
JC441514,,9/20/2019 15:30,30,NO CONTROLS,NO CONTROLS,CLEAR,DAYLIGHT,REAR END,DIVIDED - W/MEDIAN (NOT RAISED),,STRAIGHT AND LEVEL,DRY,NO DEFECTS,ON SCENE,INJURY AND / OR TOW DUE TO CRASH,,,,"OVER $1,500",9/20/2019 15:42,FOLLOWING TOO CLOSELY,UNABLE TO DETERMINE,4026,W,ROOSEVELT RD,1132,,,,,,,2,NONINCAPACITATING INJURY,1,0,0,1,0,3,0,15,6,9,41.86626736,-87.72618442,POINT (-87.726184417406 41.866267356011)
JC441513,,9/20/2019 15:30,30,NO CONTROLS,NO CONTROLS,CLEAR,DAYLIGHT,SIDESWIPE SAME DIRECTION,DIVIDED - W/MEDIAN (NOT RAISED),,STRAIGHT AND LEVEL,DRY,NO DEFECTS,ON SCENE,NO INJURY / DRIVE AWAY,,,,$500 OR LESS,9/20/2019 15:42,UNABLE TO DETERMINE,UNABLE TO DETERMINE,6445,N,WESTERN AVE,2412,,,,,,,2,NO INDICATION OF INJURY,0,0,0,0,0,2,0,15,6,9,41.99906071,-87.68977049,POINT (-87.689770484794 41.99906070517)
JC441504,,9/20/2019 15:30,30,STOP SIGN/FLASHER,FUNCTIONING PROPERLY,CLEAR,DAYLIGHT,REAR END,NOT DIVIDED,,STRAIGHT AND LEVEL,DRY,NO DEFECTS,NOT ON SCENE (DESK REPORT),NO INJURY / DRIVE AWAY,,,,"$501 - $1,500",9/20/2019 15:59,FOLLOWING TOO CLOSELY,NOT APPLICABLE,1699,W,TAYLOR ST,1231,,,,,,,2,NO INDICATION OF INJURY,0,0,0,0,0,3,0,15,6,9,41.86911545,-87.6689031,POINT (-87.668903098936 41.869115449455)
JC441501,,9/20/2019 15:25,30,NO CONTROLS,NO CONTROLS,CLEAR,DAYLIGHT,SIDESWIPE SAME DIRECTION,NOT DIVIDED,,STRAIGHT AND LEVEL,DRY,NO DEFECTS,ON SCENE,NO INJURY / DRIVE AWAY,,,Y,"OVER $1,500",9/20/2019 15:30,IMPROPER OVERTAKING/PASSING,UNABLE TO DETERMINE,3319,N,KILBOURN AVE,1731,,,,,,,2,NO INDICATION OF INJURY,0,0,0,0,0,5,0,15,6,9,41.94135473,-87.73942054,POINT (-87.739420539392 41.941354732539)
JC441753,,9/20/2019 15:20,30,STOP SIGN/FLASHER,FUNCTIONING PROPERLY,CLEAR,DAYLIGHT,TURNING,NOT DIVIDED,,STRAIGHT AND LEVEL,DRY,NO DEFECTS,NOT ON SCENE (DESK REPORT),NO INJURY / DRIVE AWAY,Y,,,"OVER $1,500",9/20/2019 18:40,UNABLE TO DETERMINE,UNABLE TO DETERMINE,3828,S,ST LOUIS AVE,911,,,,,,,2,NO INDICATION OF INJURY,0,0,0,0,0,3,0,15,6,9,41.82343543,-87.71192886,POINT (-87.711928857967 41.823435427087)
JC441474,,9/20/2019 15:11,30,UNKNOWN,UNKNOWN,CLEAR,DAYLIGHT,TURNING,NOT DIVIDED,,STRAIGHT AND LEVEL,UNKNOWN,NO DEFECTS,ON SCENE,INJURY AND / OR TOW DUE TO CRASH,,,,"OVER $1,500",9/20/2019 15:15,IMPROPER TURNING/NO SIGNAL,NOT APPLICABLE,9801,S,WESTERN AVE,2213,,,,,,,2,NO INDICATION OF INJURY,0,0,0,0,0,2,0,15,6,9,41.71540878,-87.68174779,POINT (-87.681747789637 41.715408782633)
JC441517,,9/20/2019 15:09,30,NO CONTROLS,NO CONTROLS,CLEAR,DAYLIGHT,OTHER OBJECT,NOT DIVIDED,,STRAIGHT ON HILLCREST,WET,NO DEFECTS,NOT ON SCENE (DESK REPORT),INJURY AND / OR TOW DUE TO CRASH,,,,"OVER $1,500",9/20/2019 16:10,IMPROPER LANE USAGE,ROAD ENGINEERING/SURFACE/MARKING DEFECTS,11900,S,DOTY AVE E,532,,,,,,,1,NO INDICATION OF INJURY,0,0,0,0,0,1,0,15,6,9,41.67826858,-87.60139948,POINT (-87.601399479113 41.67826857987)
JC445575,,9/20/2019 15:00,30,TRAFFIC SIGNAL,FUNCTIONING PROPERLY,CLEAR,DAYLIGHT,REAR END,NOT DIVIDED,,STRAIGHT AND LEVEL,DRY,NO DEFECTS,NOT ON SCENE (DESK REPORT),NO INJURY / DRIVE AWAY,,,,"OVER $1,500",9/23/2019 18:15,FOLLOWING TOO CLOSELY,FOLLOWING TOO CLOSELY,6700,S,CALIFORNIA AVE,831,,,,,,,2,NO INDICATION OF INJURY,0,0,0,0,0,2,0,15,6,9,41.77172918,-87.69334992,POINT (-87.693349922161 41.771729174636)
JC441601,,9/20/2019 15:00,35,TRAFFIC SIGNAL,FUNCTIONING PROPERLY,CLEAR,DAYLIGHT,REAR TO REAR,FOUR WAY,,STRAIGHT AND LEVEL,DRY,NO DEFECTS,ON SCENE,INJURY AND / OR TOW DUE TO CRASH,Y,,Y,"OVER $1,500",9/20/2019 16:12,FOLLOWING TOO CLOSELY,NOT APPLICABLE,3199,W,79TH ST,835,,,,,,,3,"REPORTED, NOT EVIDENT",1,0,0,0,1,2,0,15,6,9,41.74963006,-87.70236847,POINT (-87.702368473398 41.749630063062)