RD_NO,CRASH_DATE_EST_I,CRASH_DATE,POSTED_SPEED_LIMIT,TRAFFIC_CONTROL_DEVICE,DEVICE_CONDITION,WEATHER_CONDITION,LIGHTING_CONDITION,FIRST_CRASH_TYPE,TRAFFICWAY_TYPE,LANE_CNT,ALIGNMENT,ROADWAY_SURFACE_COND,ROAD_DEFECT,REPORT_TYPE,CRASH_TYPE,INTERSECTION_RELATED_I,NOT_RIGHT_OF_WAY_I,HIT_AND_RUN_I,DAMAGE,DATE_POLICE_NOTIFIED,PRIM_CONTRIBUTORY_CAUSE,SEC_CONTRIBUTORY_CAUSE,STREET_NO,STREET_DIRECTION,STREET_NAME,BEAT_OF_OCCURRENCE,PHOTOS_TAKEN_I,STATEMENTS_TAKEN_I,DOORING_I,WORK_ZONE_I,WORK_ZONE_TYPE,WORKERS_PRESENT_I,NUM_UNITS,MOST_SEVERE_INJURY,INJURIES_TOTAL,INJURIES_FATAL,INJURIES_INCAPACITATING,INJURIES_NON_INCAPACITATING,INJURIES_REPORTED_NOT_EVIDENT,INJURIES_NO_INDICATION,INJURIES_UNKNOWN,CRASH_HOUR,CRASH_DAY_OF_WEEK,CRASH_MONTH,LATITUDE,LONGITUDE,LOCATION
JC441264,,9/20/2019 12:50,30,TRAFFIC SIGNAL,FUNCTIONING PROPERLY,CLEAR,DAYLIGHT,REAR END,FOUR WAY,,STRAIGHT AND LEVEL,DRY,NO DEFECTS,NOT ON SCENE (DESK REPORT),NO INJURY / DRIVE AWAY,Y,,,"$501 - $1,500",9/20/2019 13:20,FAILING TO YIELD RIGHT-OF-WAY,FOLLOWING TOO CLOSELY,2400,N,DAMEN AVE,1432,,,,,,,2,NO INDICATION OF INJURY,0,0,0,0,0,2,0,12,6,9,41.92503801,-87.67804719,POINT (-87.678047191013 41.92503800641)
JC441255,,9/20/2019 12:50,35,TRAFFIC SIGNAL,FUNCTIONING PROPERLY,CLEAR,DAYLIGHT,TURNING,DIVIDED - W/MEDIAN BARRIER,,STRAIGHT AND LEVEL,DRY,NO DEFECTS,ON SCENE,INJURY AND / OR TOW DUE TO CRASH,Y,,,"OVER $1,500",9/20/2019 12:50,FAILING TO YIELD RIGHT-OF-WAY,FAILING TO REDUCE SPEED TO AVOID CRASH,800,W,87TH ST,613,,,,,,,2,NONINCAPACITATING INJURY,2,0,0,1,1,0,0,12,6,9,41.73618257,-87.64365982,POINT (-87.643659815136 41.736182571052)
JC441299,,9/20/2019 12:45,30,TRAFFIC SIGNAL,FUNCTIONING PROPERLY,CLEAR,DAYLIGHT,SIDESWIPE SAME DIRECTION,NOT DIVIDED,,STRAIGHT AND LEVEL,DRY,NO DEFECTS,NOT ON SCENE (DESK REPORT),NO INJURY / DRIVE AWAY,,,Y,"OVER $1,500",9/20/2019 13:40,IMPROPER BACKING,UNABLE TO DETERMINE,2579,N,WESTERN AVE,1432,,,,,,,2,NO INDICATION OF INJURY,0,0,0,0,0,3,0,12,6,9,41.92862183,-87.68762638,POINT (-87.68762637655 41.928621826255)
JC441520,,9/20/2019 12:30,30,TRAFFIC SIGNAL,FUNCTIONING PROPERLY,CLEAR,DAYLIGHT,REAR END,NOT DIVIDED,,STRAIGHT AND LEVEL,DRY,NO DEFECTS,NOT ON SCENE (DESK REPORT),NO INJURY / DRIVE AWAY,,,,"$501 - $1,500",9/20/2019 20:06,FOLLOWING TOO CLOSELY,FAILING TO REDUCE SPEED TO AVOID CRASH,5941,N,CLARK ST,2013,,,,,,,2,NO INDICATION OF INJURY,0,0,0,0,0,2,0,12,6,9,41.98963786,-87.66983395,POINT (-87.66983395067 41.989637856211)
JC441271,,9/20/2019 12:30,30,NO CONTROLS,NO CONTROLS,CLEAR,DAYLIGHT,SIDESWIPE SAME DIRECTION,DIVIDED - W/MEDIAN (NOT RAISED),,STRAIGHT AND LEVEL,DRY,NO DEFECTS,NOT ON SCENE (DESK REPORT),NO INJURY / DRIVE AWAY,,,,"OVER $1,500",9/20/2019 13:00,UNABLE TO DETERMINE,UNABLE TO DETERMINE,5500,S,PULASKI RD,813,,,,,,,2,NO INDICATION OF INJURY,0,0,0,0,0,2,0,12,6,9,41.79315506,-87.72330377,POINT (-87.723303764642 41.793155060731)
JC441247,,9/20/2019 12:30,20,TRAFFIC SIGNAL,FUNCTIONING PROPERLY,CLEAR,DAYLIGHT,PARKED MOTOR VEHICLE,NOT DIVIDED,,STRAIGHT AND LEVEL,DRY,NO DEFECTS,NOT ON SCENE (DESK REPORT),NO INJURY / DRIVE AWAY,,,,"OVER $1,500",9/20/2019 13:00,IMPROPER TURNING/NO SIGNAL,NOT APPLICABLE,4410,N,KIMBALL AVE,1723,,,,,,,2,NO INDICATION OF INJURY,0,0,0,0,0,2,0,12,6,9,41.96150037,-87.71329523,POINT (-87.713295228542 41.961500371465)
JC441205,,9/20/2019 12:30,25,NO CONTROLS,NO CONTROLS,CLEAR,DAYLIGHT,PARKED MOTOR VEHICLE,NOT DIVIDED,,STRAIGHT AND LEVEL,DRY,NO DEFECTS,NOT ON SCENE (DESK REPORT),NO INJURY / DRIVE AWAY,,,Y,"$501 - $1,500",9/20/2019 12:35,UNABLE TO DETERMINE,UNABLE TO DETERMINE,5633,S,WOOD ST,715,,,,,,,2,NO INDICATION OF INJURY,0,0,0,0,0,1,0,12,6,9,41.79116055,-87.66921956,POINT (-87.669219562712 41.791160547549)
JC441354,,9/20/2019 12:29,30,TRAFFIC SIGNAL,FUNCTIONING PROPERLY,CLEAR,DAYLIGHT,REAR TO FRONT,ONE-WAY,,STRAIGHT AND LEVEL,DRY,NO DEFECTS,ON SCENE,NO INJURY / DRIVE AWAY,,,,"$501 - $1,500",9/20/2019 12:30,IMPROPER BACKING,NOT APPLICABLE,207,E,HURON ST,1834,,,,,,,2,NO INDICATION OF INJURY,0,0,0,0,0,2,0,12,6,9,41.89487966,-87.62239932,POINT (-87.62239931601 41.894879656494)
JC441217,,9/20/2019 12:26,15,UNKNOWN,NO CONTROLS,CLEAR,DAYLIGHT,TURNING,PARKING LOT,,STRAIGHT AND LEVEL,DRY,NO DEFECTS,ON SCENE,NO INJURY / DRIVE AWAY,,,Y,"$501 - $1,500",9/20/2019 12:29,UNABLE TO DETERMINE,NOT APPLICABLE,4821,W,NORTH AVE,2533,,,,,,,2,NO INDICATION OF INJURY,0,0,0,0,0,2,0,12,6,9,41.90950515,-87.74695994,POINT (-87.746959936272 41.909505147743)
JC441761,,9/20/2019 12:25,30,STOP SIGN/FLASHER,FUNCTIONING PROPERLY,CLEAR,DAYLIGHT,REAR TO FRONT,UNKNOWN,,STRAIGHT AND LEVEL,DRY,NO DEFECTS,NOT ON SCENE (DESK REPORT),NO INJURY / DRIVE AWAY,,,,"$501 - $1,500",9/20/2019 18:50,UNABLE TO DETERMINE,NOT APPLICABLE,1440,N,STATE PKWY,1824,,,,,,,2,NO INDICATION OF INJURY,0,0,0,0,0,2,0,12,6,9,41.90896181,-87.62896311,POINT (-87.628963105275 41.908961810601)
JC441213,,9/20/2019 12:25,30,OTHER,NO CONTROLS,CLEAR,DAYLIGHT,OTHER NONCOLLISION,NOT DIVIDED,,STRAIGHT AND LEVEL,DRY,OTHER,ON SCENE,NO INJURY / DRIVE AWAY,,Y,,"OVER $1,500",9/20/2019 12:45,NOT APPLICABLE,NOT APPLICABLE,1328,W,FOSTER AVE,2013,,,,,,,1,NO INDICATION OF INJURY,0,0,0,0,0,1,0,12,6,9,41.97637763,-87.66350228,POINT (-87.663502277577 41.976377634206)
JC441612,,9/20/2019 12:21,30,TRAFFIC SIGNAL,FUNCTIONING PROPERLY,CLEAR,DAYLIGHT,REAR END,NOT DIVIDED,,STRAIGHT AND LEVEL,DRY,NO DEFECTS,NOT ON SCENE (DESK REPORT),INJURY AND / OR TOW DUE TO CRASH,,,Y,"OVER $1,500",9/20/2019 17:20,FOLLOWING TOO CLOSELY,UNABLE TO DETERMINE,8312,S,JEFFERY BLVD,414,,,,,,,3,"REPORTED, NOT EVIDENT",2,0,0,0,2,2,0,12,6,9,41.74437957,-87.57600097,POINT (-87.576000965073 41.744379567476)
JC441546,,9/20/2019 12:20,30,TRAFFIC SIGNAL,FUNCTIONING PROPERLY,CLEAR,DAYLIGHT,REAR END,ONE-WAY,,STRAIGHT AND LEVEL,DRY,NO DEFECTS,NOT ON SCENE (DESK REPORT),NO INJURY / DRIVE AWAY,,,,"OVER $1,500",9/20/2019 16:15,UNABLE TO DETERMINE,UNABLE TO DETERMINE,400,S,FEDERAL ST,113,,,,,,,2,NO INDICATION OF INJURY,0,0,0,0,0,2,0,12,6,9,41.8768273,-87.6298714,POINT (-87.629871402436 41.876827299483)
JC441331,,9/20/2019 12:20,30,NO CONTROLS,NO CONTROLS,CLEAR,DAYLIGHT,PARKED MOTOR VEHICLE,OTHER,,STRAIGHT AND LEVEL,DRY,NO DEFECTS,NOT ON SCENE (DESK REPORT),NO INJURY / DRIVE AWAY,,,,"OVER $1,500",9/20/2019 13:00,DRIVING SKILLS/KNOWLEDGE/EXPERIENCE,NOT APPLICABLE,7185,W,GRAND AVE,2512,N,,,,,,2,NO INDICATION OF INJURY,0,0,0,0,0,3,0,12,6,9,41.92383763,-87.80588838,POINT (-87.805888384232 41.923837628263)
JC441280,,9/20/2019 12:20,30,TRAFFIC SIGNAL,UNKNOWN,CLEAR,DAYLIGHT,SIDESWIPE SAME DIRECTION,DIVIDED - W/MEDIAN (NOT RAISED),,STRAIGHT AND LEVEL,DRY,NO DEFECTS,NOT ON SCENE (DESK REPORT),NO INJURY / DRIVE AWAY,Y,,Y,"$501 - $1,500",9/20/2019 13:25,UNABLE TO DETERMINE,UNABLE TO DETERMINE,262,W,CERMAK RD,914,,,,,,,2,NO INDICATION OF INJURY,0,0,0,0,0,3,0,12,6,9,41.85294491,-87.63450416,POINT (-87.634504161296 41.852944910235)
JC449832,,9/20/2019 12:15,10,NO CONTROLS,NO CONTROLS,CLEAR,DAYLIGHT,PARKED MOTOR VEHICLE,PARKING LOT,,STRAIGHT AND LEVEL,DRY,NO DEFECTS,NOT ON SCENE (DESK REPORT),NO INJURY / DRIVE AWAY,,Y,,"OVER $1,500",9/26/2019 20:40,DRIVING SKILLS/KNOWLEDGE/EXPERIENCE,NOT APPLICABLE,1000,E,OHIO ST,1834,,,,,,,2,NO INDICATION OF INJURY,0,0,0,0,0,1,0,12,6,9,41.89343485,-87.60256644,POINT (-87.602566439037 41.893434847949)
JC441219,,9/20/2019 12:15,30,UNKNOWN,UNKNOWN,CLEAR,DAYLIGHT,TURNING,NOT DIVIDED,,STRAIGHT AND LEVEL,UNKNOWN,UNKNOWN,NOT ON SCENE (DESK REPORT),NO INJURY / DRIVE AWAY,Y,,,"OVER $1,500",9/20/2019 12:35,UNABLE TO DETERMINE,NOT APPLICABLE,1600,E,90TH ST,413,,,,,,,2,NO INDICATION OF INJURY,0,0,0,0,0,3,0,12,6,9,41.7315648,-87.58504072,POINT (-87.585040721363 41.731564801272)
JC441180,,9/20/2019 12:15,25,TRAFFIC SIGNAL,FUNCTIONING PROPERLY,CLEAR,DAYLIGHT,REAR END,FOUR WAY,,STRAIGHT AND LEVEL,DRY,NO DEFECTS,NOT ON SCENE (DESK REPORT),NO INJURY / DRIVE AWAY,Y,,,"$501 - $1,500",9/20/2019 12:30,FOLLOWING TOO CLOSELY,UNABLE TO DETERMINE,1200,N,CLARK ST,1821,,,,,,,2,NO INDICATION OF INJURY,0,0,0,0,0,2,0,12,6,9,41.90399233,-87.6315949,POINT (-87.631594895269 41.903992332756)
JC441309,,9/20/2019 12:10,15,NO CONTROLS,NO CONTROLS,CLEAR,DAYLIGHT,PARKED MOTOR VEHICLE,PARKING LOT,,STRAIGHT AND LEVEL,DRY,NO DEFECTS,NOT ON SCENE (DESK REPORT),NO INJURY / DRIVE AWAY,,N,,"$501 - $1,500",9/20/2019 13:00,UNABLE TO DETERMINE,UNABLE TO DETERMINE,2112,S,ARCHER AVE,914,,,,,,,2,NO INDICATION OF INJURY,0,0,0,0,0,4,0,12,6,9,41.85412797,-87.6324734,POINT (-87.632473399068 41.854127973243)
JC441186,,9/20/2019 12:10,30,STOP SIGN/FLASHER,NO CONTROLS,CLEAR,DAYLIGHT,REAR END,NOT DIVIDED,,STRAIGHT AND LEVEL,DRY,NO DEFECTS,NOT ON SCENE (DESK REPORT),INJURY AND / OR TOW DUE TO CRASH,,,,"OVER $1,500",9/20/2019 12:15,DISREGARDING STOP SIGN,NOT APPLICABLE,1652,E,76TH ST,414,,,,,,,2,"REPORTED, NOT EVIDENT",1,0,0,0,1,1,0,12,6,9,41.75708182,-87.58357578,POINT (-87.583575774882 41.757081816904)
JC441381,,9/20/2019 12:05,30,UNKNOWN,UNKNOWN,UNKNOWN,UNKNOWN,SIDESWIPE SAME DIRECTION,UNKNOWN,,STRAIGHT AND LEVEL,UNKNOWN,UNKNOWN,NOT ON SCENE (DESK REPORT),NO INJURY / DRIVE AWAY,,,Y,"OVER $1,500",9/20/2019 14:30,UNABLE TO DETERMINE,NOT APPLICABLE,4821,N,NAGLE AVE,1622,,,,,,,2,NO INDICATION OF INJURY,0,0,0,0,0,2,0,12,6,9,41.96909922,-87.78785737,POINT (-87.787857372981 41.96909922249)
JC441686,,9/20/2019 12:00,30,NO CONTROLS,NO CONTROLS,CLEAR,DAYLIGHT,SIDESWIPE SAME DIRECTION,NOT DIVIDED,,STRAIGHT AND LEVEL,DRY,NO DEFECTS,NOT ON SCENE (DESK REPORT),NO INJURY / DRIVE AWAY,,,Y,"$501 - $1,500",9/20/2019 18:00,UNABLE TO DETERMINE,UNABLE TO DETERMINE,4799,N,NARRAGANSETT AVE,1622,,,,,,,2,NO INDICATION OF INJURY,0,0,0,0,0,2,0,12,6,9,41.96839162,-87.78661248,POINT (-87.786612481187 41.968391615671)
JC441493,,9/20/2019 12:00,30,NO CONTROLS,NO CONTROLS,CLEAR,DAYLIGHT,PARKED MOTOR VEHICLE,OTHER,,STRAIGHT AND LEVEL,DRY,NO DEFECTS,NOT ON SCENE (DESK REPORT),NO INJURY / DRIVE AWAY,,,,"OVER $1,500",9/20/2019 15:54,UNABLE TO DETERMINE,NOT APPLICABLE,200,W,63RD ST,311,,,,,,,2,NO INDICATION OF INJURY,0,0,0,0,0,1,0,12,6,9,41.7800965,-87.6301722,POINT (-87.630172198939 41.780096500488)
JC441270,,9/20/2019 12:00,30,STOP SIGN/FLASHER,NO CONTROLS,CLEAR,DAYLIGHT,TURNING,NOT DIVIDED,,STRAIGHT AND LEVEL,DRY,NO DEFECTS,NOT ON SCENE (DESK REPORT),NO INJURY / DRIVE AWAY,,,,"OVER $1,500",9/20/2019 13:20,IMPROPER TURNING/NO SIGNAL,IMPROPER TURNING/NO SIGNAL,7100,S,DAMEN AVE,735,,,,,,,2,NO INDICATION OF INJURY,0,0,0,0,0,2,0,12,6,9,41.76471319,-87.67367849,POINT (-87.673678489303 41.764713187398)
JC441191,,9/20/2019 12:00,30,NO CONTROLS,NO CONTROLS,CLEAR,DAYLIGHT,PARKED MOTOR VEHICLE,NOT DIVIDED,,STRAIGHT AND LEVEL,UNKNOWN,UNKNOWN,NOT ON SCENE (DESK REPORT),NO INJURY / DRIVE AWAY,,,Y,"$501 - $1,500",9/20/2019 12:00,UNABLE TO DETERMINE,NOT APPLICABLE,4612,S,KEDZIE AVE,821,,,,,,,2,NO INDICATION OF INJURY,0,0,0,0,0,1,0,12,6,9,41.8095052,-87.70417677,POINT (-87.704176773663 41.809505194797)
JC441188,,9/20/2019 12:00,30,STOP SIGN/FLASHER,FUNCTIONING PROPERLY,CLEAR,DAYLIGHT,REAR END,DIVIDED - W/MEDIAN BARRIER,,STRAIGHT AND LEVEL,DRY,NO DEFECTS,ON SCENE,INJURY AND / OR TOW DUE TO CRASH,Y,,,"OVER $1,500",9/20/2019 12:00,FAILING TO REDUCE SPEED TO AVOID CRASH,"OPERATING VEHICLE IN ERRATIC, RECKLESS, CARELESS, NEGLIGENT OR AGGRESSIVE MANNER",1520,S,INDIANA AVE,132,,,,,,,2,NONINCAPACITATING INJURY,3,0,0,3,0,0,0,12,6,9,41.86142287,-87.62255779,POINT (-87.622557792452 41.861422865631)
JC441248,,9/20/2019 11:59,35,NO CONTROLS,NO CONTROLS,CLEAR,DAYLIGHT,REAR END,NOT DIVIDED,,STRAIGHT AND LEVEL,DRY,NO DEFECTS,NOT ON SCENE (DESK REPORT),NO INJURY / DRIVE AWAY,,,,$500 OR LESS,9/20/2019 13:03,UNABLE TO DETERMINE,UNABLE TO DETERMINE,4231,S,PULASKI RD,821,,,,,,,2,NO INDICATION OF INJURY,0,0,0,0,0,2,0,11,6,9,41.81599699,-87.72373521,POINT (-87.723735205132 41.815996988219)
JC443765,,9/20/2019 11:42,30,NO CONTROLS,NO CONTROLS,CLEAR,DAYLIGHT,SIDESWIPE SAME DIRECTION,NOT DIVIDED,,STRAIGHT AND LEVEL,DRY,NO DEFECTS,NOT ON SCENE (DESK REPORT),NO INJURY / DRIVE AWAY,,,,"$501 - $1,500",9/22/2019 11:42,UNABLE TO DETERMINE,UNABLE TO DETERMINE,3301,W,DEVON AVE,1711,,,,,,,2,NO INDICATION OF INJURY,0,0,0,0,0,2,0,11,6,9,41.99723729,-87.71179778,POINT (-87.711797782623 41.997237288655)
JC441178,,9/20/2019 11:40,30,NO CONTROLS,NO CONTROLS,CLEAR,DAYLIGHT,TURNING,DIVIDED - W/MEDIAN (NOT RAISED),,STRAIGHT AND LEVEL,DRY,NO DEFECTS,ON SCENE,INJURY AND / OR TOW DUE TO CRASH,Y,,,"OVER $1,500",9/20/2019 11:45,FAILING TO YIELD RIGHT-OF-WAY,UNABLE TO DETERMINE,3000,N,HARLEM AVE,2511,,,,,,,4,NONINCAPACITATING INJURY,2,0,0,2,0,1,0,11,6,9,41.93444031,-87.80676793,POINT (-87.806767927341 41.934440306242)
JC441149,,9/20/2019 11:40,35,STOP SIGN/FLASHER,FUNCTIONING PROPERLY,CLEAR,DAYLIGHT,ANGLE,FOUR WAY,,STRAIGHT AND LEVEL,DRY,NO DEFECTS,,INJURY AND / OR TOW DUE TO CRASH,Y,,,"OVER $1,500",9/20/2019 11:45,DISREGARDING STOP SIGN,FAILING TO YIELD RIGHT-OF-WAY,12719,S,UNION AVE,523,,,,,,,2,NONINCAPACITATING INJURY,1,0,0,1,0,1,0,11,6,9,41.66274767,-87.63884812,POINT (-87.638848121499 41.662747673808)
JC441156,,9/20/2019 11:34,30,TRAFFIC SIGNAL,FUNCTIONING PROPERLY,CLEAR,DAWN,TURNING,DIVIDED - W/MEDIAN (NOT RAISED),,STRAIGHT AND LEVEL,DRY,NO DEFECTS,ON SCENE,NO INJURY / DRIVE AWAY,Y,,,"OVER $1,500",9/20/2019 11:40,FAILING TO YIELD RIGHT-OF-WAY,UNABLE TO DETERMINE,10300,S,WESTERN AVE,2211,,,,,,,2,NO INDICATION OF INJURY,0,0,0,0,0,2,0,11,6,9,41.70628233,-87.6817636,POINT (-87.68176359458 41.706282331898)
JC441241,,9/20/2019 11:30,30,NO CONTROLS,NO CONTROLS,CLEAR,DAYLIGHT,REAR END,DIVIDED - W/MEDIAN (NOT RAISED),,STRAIGHT AND LEVEL,DRY,NO DEFECTS,NOT ON SCENE (DESK REPORT),NO INJURY / DRIVE AWAY,,,,"$501 - $1,500",9/20/2019 13:00,FOLLOWING TOO CLOSELY,UNABLE TO DETERMINE,3647,W,111TH ST,2211,,,,,,,2,NO INDICATION OF INJURY,0,0,0,0,0,2,0,11,6,9,41.69127277,-87.71250997,POINT (-87.712509973633 41.691272765954)
JC441144,Y,9/20/2019 11:25,30,TRAFFIC SIGNAL,FUNCTIONING PROPERLY,CLEAR,DAYLIGHT,TURNING,ONE-WAY,,STRAIGHT AND LEVEL,DRY,NO DEFECTS,ON SCENE,INJURY AND / OR TOW DUE TO CRASH,Y,,,"OVER $1,500",9/20/2019 11:28,IMPROPER OVERTAKING/PASSING,UNABLE TO DETERMINE,2400,W,VAN BUREN ST,1125,,Y,,,,,2,NO INDICATION OF INJURY,0,0,0,0,0,4,0,11,6,9,41.87619198,-87.68633785,POINT (-87.686337851936 41.876191975186)
JC441108,,9/20/2019 11:23,35,NO CONTROLS,NO CONTROLS,CLEAR,DAYLIGHT,SIDESWIPE SAME DIRECTION,ONE-WAY,,STRAIGHT AND LEVEL,DRY,NO DEFECTS,ON SCENE,NO INJURY / DRIVE AWAY,,,,"OVER $1,500",9/20/2019 11:27,IMPROPER OVERTAKING/PASSING,NOT APPLICABLE,4127,S,MICHIGAN AVE,213,,Y,,,,,2,NO INDICATION OF INJURY,0,0,0,0,0,4,0,11,6,9,41.81933211,-87.62295627,POINT (-87.622956265046 41.819332104639)
JC446072,,9/20/2019 11:00,15,NO CONTROLS,NO CONTROLS,CLEAR,DAYLIGHT,FIXED OBJECT,ALLEY,,STRAIGHT AND LEVEL,DRY,NO DEFECTS,NOT ON SCENE (DESK REPORT),NO INJURY / DRIVE AWAY,,,,"OVER $1,500",9/24/2019 6:44,UNABLE TO DETERMINE,UNABLE TO DETERMINE,10848,S,PROSPECT AVE,2212,,,,,,,1,NO INDICATION OF INJURY,0,0,0,0,0,3,0,11,6,9,41.69632257,-87.66438647,POINT (-87.664386466751 41.696322569451)
JC441854,,9/20/2019 11:00,15,NO CONTROLS,NO CONTROLS,CLEAR,DAYLIGHT,PARKED MOTOR VEHICLE,PARKING LOT,,STRAIGHT ON GRADE,DRY,NO DEFECTS,NOT ON SCENE (DESK REPORT),NO INJURY / DRIVE AWAY,,,Y,"$501 - $1,500",9/20/2019 20:12,"OPERATING VEHICLE IN ERRATIC, RECKLESS, CARELESS, NEGLIGENT OR AGGRESSIVE MANNER",UNABLE TO DETERMINE,9817,S,WESTERN AVE,2213,,,,,,,2,NO INDICATION OF INJURY,0,0,0,0,0,1,0,11,6,9,41.71495314,-87.68173425,POINT (-87.681734254007 41.714953140292)
JC441609,,9/20/2019 11:00,30,NO CONTROLS,NO CONTROLS,CLEAR,DAYLIGHT,ANGLE,T-INTERSECTION,,STRAIGHT AND LEVEL,DRY,NO DEFECTS,NOT ON SCENE (DESK REPORT),NO INJURY / DRIVE AWAY,Y,,,"OVER $1,500",9/20/2019 16:45,DISREGARDING OTHER TRAFFIC SIGNS,FAILING TO YIELD RIGHT-OF-WAY,1699,W,CHELSEA PL,2212,,,,,,,2,NO INDICATION OF INJURY,0,0,0,0,0,2,0,11,6,9,41.69323869,-87.6640516,POINT (-87.664051603446 41.693238690756)
JC441107,,9/20/2019 10:55,30,TRAFFIC SIGNAL,FUNCTIONING PROPERLY,CLEAR,DAYLIGHT,TURNING,NOT DIVIDED,,STRAIGHT AND LEVEL,DRY,NO DEFECTS,ON SCENE,NO INJURY / DRIVE AWAY,Y,,,"OVER $1,500",9/20/2019 11:00,UNABLE TO DETERMINE,UNABLE TO DETERMINE,759,E,76TH ST,624,,,,,,,2,NO INDICATION OF INJURY,0,0,0,0,0,3,0,10,6,9,41.7566473,-87.6054032,POINT (-87.605403203033 41.756647299341)
JC441083,,9/20/2019 10:55,30,STOP SIGN/FLASHER,FUNCTIONING PROPERLY,CLEAR,DAYLIGHT,TURNING,NOT DIVIDED,,STRAIGHT AND LEVEL,DRY,NO DEFECTS,ON SCENE,INJURY AND / OR TOW DUE TO CRASH,Y,,,"OVER $1,500",9/20/2019 11:01,"VISION OBSCURED (SIGNS, TREE LIMBS, BUILDINGS, ETC.)",UNABLE TO DETERMINE,1200,W,CERMAK RD,1235,,,,,,,2,NO INDICATION OF INJURY,0,0,0,0,0,2,0,10,6,9,41.85260263,-87.65632719,POINT (-87.656327185598 41.852602625629)
JC441070,,9/20/2019 10:54,30,NO CONTROLS,NO CONTROLS,CLEAR,DAYLIGHT,PARKED MOTOR VEHICLE,ONE-WAY,,STRAIGHT AND LEVEL,DRY,NO DEFECTS,ON SCENE,INJURY AND / OR TOW DUE TO CRASH,,,Y,"OVER $1,500",9/20/2019 10:55,UNABLE TO DETERMINE,NOT APPLICABLE,1210,W,48TH ST,933,,,,,,,2,NO INDICATION OF INJURY,0,0,0,0,0,1,0,10,6,9,41.80701295,-87.65571687,POINT (-87.655716872941 41.807012951098)
JC441125,,9/20/2019 10:50,35,NO CONTROLS,NO CONTROLS,CLEAR,DAYLIGHT,SIDESWIPE SAME DIRECTION,NOT DIVIDED,,STRAIGHT AND LEVEL,DRY,NO DEFECTS,NOT ON SCENE (DESK REPORT),NO INJURY / DRIVE AWAY,,,,"$501 - $1,500",9/20/2019 11:45,UNABLE TO DETERMINE,UNABLE TO DETERMINE,2450,W,PETERSON AVE,2413,,,,,,,2,NO INDICATION OF INJURY,0,0,0,0,0,2,0,10,6,9,41.99059743,-87.69167554,POINT (-87.691675544132 41.990597432267)
JC441053,Y,9/20/2019 10:45,30,NO CONTROLS,NO CONTROLS,CLEAR,DAYLIGHT,PARKED MOTOR VEHICLE,ONE-WAY,,STRAIGHT AND LEVEL,UNKNOWN,UNKNOWN,ON SCENE,NO INJURY / DRIVE AWAY,,,Y,"$501 - $1,500",9/20/2019 10:52,UNABLE TO DETERMINE,NOT APPLICABLE,5569,W,QUINCY ST,1522,,,,,,,2,NO INDICATION OF INJURY,0,0,0,0,0,1,0,10,6,9,41.8773352,-87.76438424,POINT (-87.764384235355 41.877335202504)
JC441078,,9/20/2019 10:43,30,STOP SIGN/FLASHER,FUNCTIONING PROPERLY,CLOUDY/OVERCAST,DAYLIGHT,FIXED OBJECT,FOUR WAY,,STRAIGHT ON GRADE,WET,OTHER,ON SCENE,NO INJURY / DRIVE AWAY,Y,,,"OVER $1,500",9/20/2019 10:45,UNABLE TO DETERMINE,NOT APPLICABLE,12301,S,NORMAL AVE,523,,,,Y,CONSTRUCTION,Y,1,NO INDICATION OF INJURY,0,0,0,0,0,1,0,10,6,9,41.6705239,-87.6343085,POINT (-87.634308496484 41.670523896552)
JC441121,,9/20/2019 10:41,30,NO CONTROLS,NO CONTROLS,CLEAR,DAYLIGHT,TURNING,DIVIDED - W/MEDIAN (NOT RAISED),,STRAIGHT AND LEVEL,DRY,NO DEFECTS,NOT ON SCENE (DESK REPORT),NO INJURY / DRIVE AWAY,,,Y,$500 OR LESS,9/20/2019 11:45,FAILING TO YIELD RIGHT-OF-WAY,NOT APPLICABLE,4238,W,FULLERTON AVE,2524,,,,,,,2,NO INDICATION OF INJURY,0,0,0,0,0,2,0,10,6,9,41.92451657,-87.7332703,POINT (-87.73327030448 41.924516573673)
JC441169,,9/20/2019 10:35,30,RAILROAD CROSSING GATE,FUNCTIONING PROPERLY,CLEAR,DAYLIGHT,TURNING,DIVIDED - W/MEDIAN (NOT RAISED),,STRAIGHT AND LEVEL,DRY,NO DEFECTS,NOT ON SCENE (DESK REPORT),NO INJURY / DRIVE AWAY,,,Y,"OVER $1,500",9/20/2019 12:20,UNABLE TO DETERMINE,UNABLE TO DETERMINE,3641,W,COLUMBUS AVE,834,,,,,,,2,NO INDICATION OF INJURY,0,0,0,0,0,3,0,10,6,9,41.74205065,-87.71306423,POINT (-87.713064229034 41.742050647074)
JC441279,,9/20/2019 10:23,30,TRAFFIC SIGNAL,FUNCTIONING PROPERLY,CLEAR,DAYLIGHT,REAR END,NOT DIVIDED,,STRAIGHT AND LEVEL,DRY,NO DEFECTS,NOT ON SCENE (DESK REPORT),NO INJURY / DRIVE AWAY,,,,"$501 - $1,500",9/20/2019 13:25,FOLLOWING TOO CLOSELY,NOT APPLICABLE,2450,W,FOSTER AVE,2011,,,,,,,2,NO INDICATION OF INJURY,0,0,0,0,0,2,0,10,6,9,41.9759865,-87.69111455,POINT (-87.691114552404 41.975986501109)