RD_NO,CRASH_DATE_EST_I,CRASH_DATE,POSTED_SPEED_LIMIT,TRAFFIC_CONTROL_DEVICE,DEVICE_CONDITION,WEATHER_CONDITION,LIGHTING_CONDITION,FIRST_CRASH_TYPE,TRAFFICWAY_TYPE,LANE_CNT,ALIGNMENT,ROADWAY_SURFACE_COND,ROAD_DEFECT,REPORT_TYPE,CRASH_TYPE,INTERSECTION_RELATED_I,NOT_RIGHT_OF_WAY_I,HIT_AND_RUN_I,DAMAGE,DATE_POLICE_NOTIFIED,PRIM_CONTRIBUTORY_CAUSE,SEC_CONTRIBUTORY_CAUSE,STREET_NO,STREET_DIRECTION,STREET_NAME,BEAT_OF_OCCURRENCE,PHOTOS_TAKEN_I,STATEMENTS_TAKEN_I,DOORING_I,WORK_ZONE_I,WORK_ZONE_TYPE,WORKERS_PRESENT_I,NUM_UNITS,MOST_SEVERE_INJURY,INJURIES_TOTAL,INJURIES_FATAL,INJURIES_INCAPACITATING,INJURIES_NON_INCAPACITATING,INJURIES_REPORTED_NOT_EVIDENT,INJURIES_NO_INDICATION,INJURIES_UNKNOWN,CRASH_HOUR,CRASH_DAY_OF_WEEK,CRASH_MONTH,LATITUDE,LONGITUDE,LOCATION
JC446335,,9/20/2019 10:22,30,NO CONTROLS,NO CONTROLS,CLEAR,DAYLIGHT,TURNING,ONE-WAY,,STRAIGHT AND LEVEL,DRY,NO DEFECTS,NOT ON SCENE (DESK REPORT),NO INJURY / DRIVE AWAY,,,,$500 OR LESS,9/24/2019 11:18,UNABLE TO DETERMINE,UNABLE TO DETERMINE,65,E,GRAND AVE,1834,,,,,,,2,NO INDICATION OF INJURY,0,0,0,0,0,2,0,10,6,9,41.89160065,-87.62543311,POINT (-87.625433109893 41.891600649869)
JC441027,,9/20/2019 10:22,15,NO CONTROLS,NO CONTROLS,CLEAR,DAYLIGHT,REAR TO FRONT,PARKING LOT,,STRAIGHT AND LEVEL,DRY,NO DEFECTS,ON SCENE,NO INJURY / DRIVE AWAY,,,,$500 OR LESS,9/20/2019 10:23,IMPROPER BACKING,UNABLE TO DETERMINE,3759,W,CHICAGO AVE,1112,,,,,,,2,NO INDICATION OF INJURY,0,0,0,0,0,2,0,10,6,9,41.89530385,-87.7211291,POINT (-87.721129103593 41.895303846381)
JC441082,,9/20/2019 10:20,15,NO CONTROLS,NO CONTROLS,CLEAR,DAYLIGHT,ANGLE,PARKING LOT,,STRAIGHT AND LEVEL,DRY,NO DEFECTS,ON SCENE,INJURY AND / OR TOW DUE TO CRASH,,Y,N,"OVER $1,500",9/20/2019 10:26,UNABLE TO DETERMINE,NOT APPLICABLE,2240,E,130TH ST,434,,,,,,,2,NO INDICATION OF INJURY,0,0,0,0,0,2,0,10,6,9,41.65929333,-87.56869115,POINT (-87.568691149079 41.659293334346)
JC441052,,9/20/2019 10:20,30,NO CONTROLS,NO CONTROLS,CLEAR,DAYLIGHT,REAR END,ONE-WAY,,STRAIGHT AND LEVEL,DRY,NO DEFECTS,NOT ON SCENE (DESK REPORT),NO INJURY / DRIVE AWAY,,,,"$501 - $1,500",9/20/2019 10:50,FOLLOWING TOO CLOSELY,NOT APPLICABLE,4914,S,WINCHESTER AVE,931,,,,,,,2,NO INDICATION OF INJURY,0,0,0,0,0,2,0,10,6,9,41.80437117,-87.67351571,POINT (-87.673515707754 41.804371170345)
JC441023,,9/20/2019 10:20,25,NO CONTROLS,NO CONTROLS,CLEAR,DAYLIGHT,ANGLE,ALLEY,,STRAIGHT AND LEVEL,DRY,NO DEFECTS,ON SCENE,NO INJURY / DRIVE AWAY,,,,"$501 - $1,500",9/20/2019 10:30,FAILING TO YIELD RIGHT-OF-WAY,NOT APPLICABLE,1521,W,21ST ST,1235,,,,,,,2,NO INDICATION OF INJURY,0,0,0,0,0,2,0,10,6,9,41.85408805,-87.66447197,POINT (-87.664471969825 41.854088049871)
JC441072,,9/20/2019 10:17,25,NO CONTROLS,NO CONTROLS,CLEAR,DAYLIGHT,FIXED OBJECT,ONE-WAY,,STRAIGHT AND LEVEL,DRY,NO DEFECTS,ON SCENE,INJURY AND / OR TOW DUE TO CRASH,,,N,"OVER $1,500",9/20/2019 10:51,DISTRACTION - FROM OUTSIDE VEHICLE,"EVASIVE ACTION DUE TO ANIMAL, OBJECT, NONMOTORIST",6417,S,MAY ST,724,,,,,,,1,"REPORTED, NOT EVIDENT",2,0,0,0,2,0,0,10,6,9,41.77726814,-87.65307856,POINT (-87.653078555224 41.777268139401)
JC441249,,9/20/2019 10:15,30,TRAFFIC SIGNAL,FUNCTIONING PROPERLY,CLEAR,DAYLIGHT,SIDESWIPE SAME DIRECTION,NOT DIVIDED,,STRAIGHT AND LEVEL,DRY,NO DEFECTS,NOT ON SCENE (DESK REPORT),NO INJURY / DRIVE AWAY,Y,,Y,"$501 - $1,500",9/20/2019 13:10,UNABLE TO DETERMINE,NOT APPLICABLE,499,W,LAKE ST,121,,,,,,,2,NO INDICATION OF INJURY,0,0,0,0,0,2,0,10,6,9,41.8856102,-87.63980201,POINT (-87.639802009057 41.885610196652)
JC441080,,9/20/2019 10:15,30,TRAFFIC SIGNAL,FUNCTIONING PROPERLY,CLEAR,DAYLIGHT,REAR END,NOT DIVIDED,,STRAIGHT AND LEVEL,DRY,NO DEFECTS,NOT ON SCENE (DESK REPORT),NO INJURY / DRIVE AWAY,,,,"$501 - $1,500",9/20/2019 11:15,UNABLE TO DETERMINE,UNABLE TO DETERMINE,7612,W,DEVON AVE,1612,,,,,,,2,NO INDICATION OF INJURY,0,0,0,0,0,2,0,10,6,9,41.99707111,-87.81729621,POINT (-87.81729620507 41.997071110699)
JC441073,,9/20/2019 10:00,30,NO CONTROLS,NO CONTROLS,CLEAR,DAYLIGHT,SIDESWIPE SAME DIRECTION,ONE-WAY,,STRAIGHT AND LEVEL,DRY,NO DEFECTS,NOT ON SCENE (DESK REPORT),NO INJURY / DRIVE AWAY,,,,$500 OR LESS,9/20/2019 11:00,UNABLE TO DETERMINE,UNABLE TO DETERMINE,5233,S,PAULINA ST,932,,,,,,,2,NO INDICATION OF INJURY,0,0,0,0,0,2,0,10,6,9,41.79847872,-87.66698869,POINT (-87.666988691548 41.798478722879)
JC441085,,9/20/2019 9:57,30,NO CONTROLS,NO CONTROLS,CLEAR,DAYLIGHT,REAR END,NOT DIVIDED,,STRAIGHT AND LEVEL,DRY,NO DEFECTS,ON SCENE,NO INJURY / DRIVE AWAY,,,,$500 OR LESS,9/20/2019 10:03,UNABLE TO DETERMINE,UNABLE TO DETERMINE,1839,E,75TH ST,414,,,,,,,2,NO INDICATION OF INJURY,0,0,0,0,0,2,0,9,6,9,41.75872815,-87.57959817,POINT (-87.579598169695 41.758728150636)
JC441005,,9/20/2019 9:55,30,TRAFFIC SIGNAL,FUNCTIONING PROPERLY,CLEAR,DAYLIGHT,TURNING,DIVIDED - W/MEDIAN (NOT RAISED),,STRAIGHT AND LEVEL,DRY,NO DEFECTS,ON SCENE,NO INJURY / DRIVE AWAY,N,,Y,"OVER $1,500",9/20/2019 9:55,IMPROPER TURNING/NO SIGNAL,NOT APPLICABLE,1590,W,95TH ST,2221,,,,,,,2,NO INDICATION OF INJURY,0,0,0,0,0,2,0,9,6,9,41.72132575,-87.6626251,POINT (-87.662625097876 41.721325750833)
JC440998,,9/20/2019 9:55,30,SCHOOL ZONE,FUNCTIONING PROPERLY,CLEAR,DAYLIGHT,PARKED MOTOR VEHICLE,NOT DIVIDED,,STRAIGHT AND LEVEL,DRY,NO DEFECTS,ON SCENE,INJURY AND / OR TOW DUE TO CRASH,,,Y,"OVER $1,500",9/20/2019 9:58,"OPERATING VEHICLE IN ERRATIC, RECKLESS, CARELESS, NEGLIGENT OR AGGRESSIVE MANNER",IMPROPER BACKING,2128,S,ST LOUIS AVE,1024,,,,,,,5,INCAPACITATING INJURY,1,0,1,0,0,0,0,9,6,9,41.85266155,-87.7125068,POINT (-87.712506799041 41.852661549678)
JC440985,,9/20/2019 9:47,30,NO CONTROLS,NO CONTROLS,CLEAR,DAYLIGHT,PARKED MOTOR VEHICLE,NOT DIVIDED,,STRAIGHT AND LEVEL,DRY,NO DEFECTS,ON SCENE,NO INJURY / DRIVE AWAY,,,,$500 OR LESS,9/20/2019 9:47,CELL PHONE USE OTHER THAN TEXTING,IMPROPER OVERTAKING/PASSING,2333,S,BLUE ISLAND AVE,1034,Y,Y,,,,,2,NO INDICATION OF INJURY,0,0,0,0,0,1,0,9,6,9,41.8497445,-87.67228763,POINT (-87.672287626214 41.849744504135)
JC441050,,9/20/2019 9:43,30,TRAFFIC SIGNAL,UNKNOWN,CLEAR,DAYLIGHT,TURNING,UNKNOWN,,STRAIGHT AND LEVEL,DRY,UNKNOWN,,NO INJURY / DRIVE AWAY,Y,,,"$501 - $1,500",9/20/2019 11:15,DISREGARDING TRAFFIC SIGNALS,DISREGARDING TRAFFIC SIGNALS,2428,S,DR MARTIN LUTHER KING JR DR,132,,,,,,,2,NO INDICATION OF INJURY,0,0,0,0,0,2,0,9,6,9,41.84848019,-87.61793592,POINT (-87.617935924251 41.848480192847)
JC440982,Y,9/20/2019 9:36,30,TRAFFIC SIGNAL,UNKNOWN,CLEAR,DAYLIGHT,TURNING,NOT DIVIDED,,STRAIGHT AND LEVEL,DRY,UNKNOWN,ON SCENE,NO INJURY / DRIVE AWAY,,,Y,"OVER $1,500",9/20/2019 9:40,IMPROPER OVERTAKING/PASSING,UNABLE TO DETERMINE,2401,W,26TH ST,1034,,,,,,,2,NO INDICATION OF INJURY,0,0,0,0,0,15,0,9,6,9,41.84472338,-87.68545165,POINT (-87.685451646621 41.844723377514)
JC441029,,9/20/2019 9:35,30,STOP SIGN/FLASHER,FUNCTIONING PROPERLY,CLEAR,DAYLIGHT,REAR END,DIVIDED - W/MEDIAN (NOT RAISED),,STRAIGHT AND LEVEL,DRY,NO DEFECTS,NOT ON SCENE (DESK REPORT),INJURY AND / OR TOW DUE TO CRASH,,,,"OVER $1,500",9/20/2019 10:00,UNABLE TO DETERMINE,NOT APPLICABLE,202,E,75TH ST,323,,,,,,,2,"REPORTED, NOT EVIDENT",1,0,0,0,1,1,0,9,6,9,41.7584331,-87.61976306,POINT (-87.619763059442 41.758433102606)
JC441014,,9/20/2019 9:35,15,NO CONTROLS,NO CONTROLS,CLEAR,DAYLIGHT,OTHER OBJECT,ALLEY,,STRAIGHT AND LEVEL,DRY,NO DEFECTS,ON SCENE,NO INJURY / DRIVE AWAY,,,,"$501 - $1,500",9/20/2019 9:40,NOT APPLICABLE,NOT APPLICABLE,2047,W,CHASE AVE,2424,,,,,,,1,NO INDICATION OF INJURY,0,0,0,0,0,1,0,9,6,9,42.01391167,-87.68235062,POINT (-87.682350616799 42.01391166972)
JC440954,,9/20/2019 9:32,30,STOP SIGN/FLASHER,FUNCTIONING PROPERLY,CLEAR,DAYLIGHT,ANGLE,UNKNOWN INTERSECTION TYPE,,STRAIGHT AND LEVEL,DRY,NO DEFECTS,ON SCENE,INJURY AND / OR TOW DUE TO CRASH,Y,,,"OVER $1,500",9/20/2019 9:45,FAILING TO REDUCE SPEED TO AVOID CRASH,DISREGARDING STOP SIGN,2198,E,74TH ST,333,,,,,,,2,NO INDICATION OF INJURY,0,0,0,0,0,5,0,9,6,9,41.76086044,-87.57132659,POINT (-87.571326588778 41.760860436086)
JC446278,,9/20/2019 9:20,30,NO CONTROLS,NO CONTROLS,CLEAR,DAYLIGHT,PARKED MOTOR VEHICLE,ONE-WAY,,STRAIGHT AND LEVEL,DRY,NO DEFECTS,NOT ON SCENE (DESK REPORT),NO INJURY / DRIVE AWAY,,,,"OVER $1,500",9/24/2019 10:30,FAILING TO REDUCE SPEED TO AVOID CRASH,UNABLE TO DETERMINE,530,N,WABASH AVE,1834,,,,,,,2,NO INDICATION OF INJURY,0,0,0,0,0,1,0,9,6,9,41.89172472,-87.6268666,POINT (-87.626866598748 41.891724723865)
JC440994,,9/20/2019 9:20,30,NO CONTROLS,NO CONTROLS,CLEAR,DAYLIGHT,SIDESWIPE SAME DIRECTION,DIVIDED - W/MEDIAN (NOT RAISED),,STRAIGHT AND LEVEL,DRY,UNKNOWN,NOT ON SCENE (DESK REPORT),NO INJURY / DRIVE AWAY,,,,$500 OR LESS,9/20/2019 10:00,IMPROPER OVERTAKING/PASSING,NOT APPLICABLE,2006,N,NARRAGANSETT AVE,2512,,,,,,,2,NO INDICATION OF INJURY,0,0,0,0,0,4,0,9,6,9,41.91686343,-87.78538593,POINT (-87.78538593026 41.916863426644)
JC441008,,9/20/2019 9:15,30,TRAFFIC SIGNAL,FUNCTIONING PROPERLY,CLEAR,DAYLIGHT,TURNING,NOT DIVIDED,,STRAIGHT AND LEVEL,DRY,UNKNOWN,NOT ON SCENE (DESK REPORT),NO INJURY / DRIVE AWAY,Y,,,"OVER $1,500",9/20/2019 10:20,IMPROPER OVERTAKING/PASSING,NOT APPLICABLE,1200,N,MILWAUKEE AVE,1424,,,,,,,2,NO INDICATION OF INJURY,0,0,0,0,0,2,0,9,6,9,41.9033078,-87.66663209,POINT (-87.666632088377 41.903307803577)
JC440975,,9/20/2019 9:15,25,NO CONTROLS,NO CONTROLS,CLEAR,DAYLIGHT,OTHER OBJECT,NOT DIVIDED,,STRAIGHT AND LEVEL,DRY,NO DEFECTS,ON SCENE,NO INJURY / DRIVE AWAY,,,,"$501 - $1,500",9/20/2019 9:43,DRIVING SKILLS/KNOWLEDGE/EXPERIENCE,NOT APPLICABLE,824,N,TRUMBULL AVE,1121,,,,,,,2,NO INDICATION OF INJURY,0,0,0,0,0,1,0,9,6,9,41.89626173,-87.71282677,POINT (-87.712826768436 41.896261734018)
JC440940,,9/20/2019 9:15,25,NO CONTROLS,NO CONTROLS,CLEAR,DAYLIGHT,PARKED MOTOR VEHICLE,PARKING LOT,,STRAIGHT AND LEVEL,DRY,NO DEFECTS,NOT ON SCENE (DESK REPORT),NO INJURY / DRIVE AWAY,,Y,,"$501 - $1,500",9/20/2019 9:30,UNABLE TO DETERMINE,UNABLE TO DETERMINE,1234,N,HALSTED ST,1822,,,,,,,2,NO INDICATION OF INJURY,0,0,0,0,0,1,0,9,6,9,41.90450211,-87.64826687,POINT (-87.648266867804 41.90450210718)
JC440933,,9/20/2019 9:10,35,NO CONTROLS,NO CONTROLS,CLEAR,DAYLIGHT,REAR END,DIVIDED - W/MEDIAN (NOT RAISED),,STRAIGHT AND LEVEL,DRY,NO DEFECTS,ON SCENE,INJURY AND / OR TOW DUE TO CRASH,,,Y,"$501 - $1,500",9/20/2019 9:14,UNABLE TO DETERMINE,NOT APPLICABLE,9758,S,HALSTED ST,2223,,,,Y,MAINTENANCE,Y,2,NONINCAPACITATING INJURY,1,0,0,1,0,2,0,9,6,9,41.71609144,-87.64321652,POINT (-87.643216517133 41.716091441476)
JC441067,,9/20/2019 9:01,30,TRAFFIC SIGNAL,FUNCTIONING PROPERLY,CLEAR,DAYLIGHT,REAR END,NOT DIVIDED,,STRAIGHT AND LEVEL,DRY,NO DEFECTS,NOT ON SCENE (DESK REPORT),NO INJURY / DRIVE AWAY,,,,"$501 - $1,500",9/20/2019 10:50,IMPROPER BACKING,UNABLE TO DETERMINE,800,N,PULASKI RD,1111,,,,,,,2,NO INDICATION OF INJURY,0,0,0,0,0,2,0,9,6,9,41.89545646,-87.72623054,POINT (-87.726230540513 41.895456456825)
JC442684,,9/20/2019 9:00,30,TRAFFIC SIGNAL,FUNCTIONING PROPERLY,CLEAR,DAYLIGHT,TURNING,NOT DIVIDED,,STRAIGHT AND LEVEL,DRY,NO DEFECTS,NOT ON SCENE (DESK REPORT),NO INJURY / DRIVE AWAY,Y,,,"OVER $1,500",9/21/2019 13:30,FAILING TO YIELD RIGHT-OF-WAY,NOT APPLICABLE,800,N,LA SALLE DR,1832,,,,,,,2,NO INDICATION OF INJURY,0,0,0,0,0,2,0,9,6,9,41.89667888,-87.63285766,POINT (-87.632857660493 41.896678875257)
JC441526,,9/20/2019 9:00,30,NO CONTROLS,NO CONTROLS,CLEAR,DAYLIGHT,PARKED MOTOR VEHICLE,PARKING LOT,,STRAIGHT AND LEVEL,DRY,NO DEFECTS,NOT ON SCENE (DESK REPORT),NO INJURY / DRIVE AWAY,,Y,Y,"$501 - $1,500",9/20/2019 16:10,NOT APPLICABLE,NOT APPLICABLE,5733,S,KEDZIE AVE,824,,,,,,,2,NO INDICATION OF INJURY,0,0,0,0,0,1,0,9,6,9,41.78889143,-87.70327959,POINT (-87.703279592166 41.788891434222)
JC441506,,9/20/2019 9:00,30,TRAFFIC SIGNAL,FUNCTIONING PROPERLY,CLEAR,DAYLIGHT,REAR END,DIVIDED - W/MEDIAN (NOT RAISED),,STRAIGHT AND LEVEL,DRY,UNKNOWN,NOT ON SCENE (DESK REPORT),INJURY AND / OR TOW DUE TO CRASH,Y,,,"OVER $1,500",9/20/2019 15:40,DISTRACTION - FROM INSIDE VEHICLE,UNABLE TO DETERMINE,298,S,HAMLIN BLVD,1122,,,,,,,2,"REPORTED, NOT EVIDENT",1,0,0,0,1,1,0,9,6,9,41.87719329,-87.72077741,POINT (-87.720777411596 41.877193285593)
JC441424,,9/20/2019 9:00,30,NO CONTROLS,NO CONTROLS,CLEAR,DAYLIGHT,PARKED MOTOR VEHICLE,NOT DIVIDED,,STRAIGHT AND LEVEL,DRY,NO DEFECTS,NOT ON SCENE (DESK REPORT),NO INJURY / DRIVE AWAY,,,Y,"$501 - $1,500",9/20/2019 15:00,UNABLE TO DETERMINE,NOT APPLICABLE,4007,N,LEAMINGTON AVE,1624,,,,,,,2,NO INDICATION OF INJURY,0,0,0,0,0,1,0,9,6,9,41.95357834,-87.75577701,POINT (-87.755777005203 41.953578338461)
JC441307,,9/20/2019 9:00,30,NO CONTROLS,NO CONTROLS,CLEAR,DAYLIGHT,PARKED MOTOR VEHICLE,NOT DIVIDED,,STRAIGHT AND LEVEL,DRY,UNKNOWN,NOT ON SCENE (DESK REPORT),NO INJURY / DRIVE AWAY,,,Y,"OVER $1,500",9/20/2019 13:30,UNABLE TO DETERMINE,UNABLE TO DETERMINE,66,N,WASHTENAW AVE,1222,,,,,,,2,NO INDICATION OF INJURY,0,0,0,0,0,1,0,9,6,9,41.88287479,-87.69410614,POINT (-87.694106140946 41.882874787694)
JC441006,,9/20/2019 9:00,30,NO CONTROLS,NO CONTROLS,CLEAR,DAYLIGHT,SIDESWIPE SAME DIRECTION,NOT DIVIDED,,STRAIGHT AND LEVEL,DRY,NO DEFECTS,NOT ON SCENE (DESK REPORT),NO INJURY / DRIVE AWAY,,,,"$501 - $1,500",9/20/2019 10:15,UNABLE TO DETERMINE,UNABLE TO DETERMINE,6400,N,PAULINA ST,2432,,,,,,,2,NO INDICATION OF INJURY,0,0,0,0,0,2,0,9,6,9,41.99809948,-87.67242506,POINT (-87.672425062264 41.998099483893)
JC440970,,9/20/2019 9:00,30,TRAFFIC SIGNAL,FUNCTIONING PROPERLY,CLEAR,DAYLIGHT,FIXED OBJECT,NOT DIVIDED,,STRAIGHT AND LEVEL,DRY,NO DEFECTS,ON SCENE,INJURY AND / OR TOW DUE TO CRASH,,,,"OVER $1,500",9/20/2019 9:10,EQUIPMENT - VEHICLE CONDITION,EQUIPMENT - VEHICLE CONDITION,5700,W,FOSTER AVE,1622,,,,,,,1,NO INDICATION OF INJURY,0,0,0,0,0,1,0,9,6,9,41.97578974,-87.77123511,POINT (-87.771235108184 41.975789739662)
JC440966,,9/20/2019 9:00,30,NO CONTROLS,NO CONTROLS,RAIN,DAYLIGHT,PARKED MOTOR VEHICLE,ONE-WAY,,STRAIGHT AND LEVEL,DRY,NO DEFECTS,NOT ON SCENE (DESK REPORT),NO INJURY / DRIVE AWAY,,,,"OVER $1,500",9/20/2019 10:10,"VISION OBSCURED (SIGNS, TREE LIMBS, BUILDINGS, ETC.)",NOT APPLICABLE,4634,N,HARDING AVE,1723,,,,,,,2,NO INDICATION OF INJURY,0,0,0,0,0,1,0,9,6,9,41.96562695,-87.72688207,POINT (-87.726882071439 41.965626952658)
JC440915,,9/20/2019 8:55,30,STOP SIGN/FLASHER,FUNCTIONING PROPERLY,CLEAR,DAYLIGHT,REAR END,NOT DIVIDED,,STRAIGHT AND LEVEL,DRY,NO DEFECTS,NOT ON SCENE (DESK REPORT),NO INJURY / DRIVE AWAY,,,Y,"OVER $1,500",9/20/2019 9:05,FOLLOWING TOO CLOSELY,IMPROPER LANE USAGE,1501,S,RACINE AVE,1232,,,,,,,3,NO INDICATION OF INJURY,0,0,0,0,0,3,0,8,6,9,41.86157257,-87.6563811,POINT (-87.656381096117 41.861572573319)
JC441090,,9/20/2019 8:52,30,NO CONTROLS,NO CONTROLS,CLEAR,DAYLIGHT,PARKED MOTOR VEHICLE,ONE-WAY,,STRAIGHT AND LEVEL,DRY,NO DEFECTS,NOT ON SCENE (DESK REPORT),NO INJURY / DRIVE AWAY,,,,"$501 - $1,500",9/20/2019 11:24,UNABLE TO DETERMINE,UNABLE TO DETERMINE,2458,W,FITCH AVE,2411,,,,,,,2,NO INDICATION OF INJURY,0,0,0,0,0,1,0,8,6,9,42.01143321,-87.69256736,POINT (-87.692567357008 42.01143320857)
JC440916,,9/20/2019 8:52,30,TRAFFIC SIGNAL,FUNCTIONING PROPERLY,CLEAR,DAYLIGHT,TURNING,FOUR WAY,,STRAIGHT AND LEVEL,DRY,NO DEFECTS,ON SCENE,NO INJURY / DRIVE AWAY,,,,"$501 - $1,500",9/20/2019 9:01,UNABLE TO DETERMINE,IMPROPER OVERTAKING/PASSING,2800,S,ARCHER AVE,913,,N,,,,,3,NO INDICATION OF INJURY,0,0,0,0,0,3,0,8,6,9,41.84356393,-87.65425113,POINT (-87.654251131242 41.843563928321)
JC440931,,9/20/2019 8:50,30,NO CONTROLS,NO CONTROLS,CLEAR,DAYLIGHT,TURNING,NOT DIVIDED,,STRAIGHT AND LEVEL,UNKNOWN,UNKNOWN,NOT ON SCENE (DESK REPORT),NO INJURY / DRIVE AWAY,,,,"OVER $1,500",9/20/2019 9:20,UNABLE TO DETERMINE,NOT APPLICABLE,10327,S,TORRENCE AVE,434,,,,,,,2,NO INDICATION OF INJURY,0,0,0,0,0,2,0,8,6,9,41.70736664,-87.55950213,POINT (-87.559502128636 41.707366638401)
JC440930,,9/20/2019 8:47,20,TRAFFIC SIGNAL,FUNCTIONING PROPERLY,CLEAR,DAYLIGHT,PEDESTRIAN,NOT DIVIDED,,STRAIGHT AND LEVEL,DRY,NO DEFECTS,ON SCENE,INJURY AND / OR TOW DUE TO CRASH,Y,,,"$501 - $1,500",9/20/2019 9:00,UNABLE TO DETERMINE,UNABLE TO DETERMINE,801,N,MICHIGAN AVE,1833,,,,,,,2,NONINCAPACITATING INJURY,1,0,0,1,0,1,0,8,6,9,41.89676152,-87.62408941,POINT (-87.62408940651 41.896761519523)
JC440925,,9/20/2019 8:45,35,NO CONTROLS,NO CONTROLS,CLEAR,DAYLIGHT,SIDESWIPE SAME DIRECTION,NOT DIVIDED,,STRAIGHT AND LEVEL,DRY,NO DEFECTS,ON SCENE,NO INJURY / DRIVE AWAY,,,Y,"OVER $1,500",9/20/2019 8:45,IMPROPER LANE USAGE,IMPROPER OVERTAKING/PASSING,3405,W,NORTH AVE,1422,,,,,,,3,NO INDICATION OF INJURY,0,0,0,0,0,2,0,8,6,9,41.90994147,-87.71210945,POINT (-87.712109450077 41.909941469665)
JC440919,,9/20/2019 8:45,30,NO CONTROLS,NO CONTROLS,CLEAR,DAYLIGHT,REAR END,NOT DIVIDED,,STRAIGHT AND LEVEL,DRY,NO DEFECTS,NOT ON SCENE (DESK REPORT),NO INJURY / DRIVE AWAY,,,,$500 OR LESS,9/20/2019 9:15,FOLLOWING TOO CLOSELY,NOT APPLICABLE,6821,N,SHERIDAN RD,2431,,,,,,,2,NO INDICATION OF INJURY,0,0,0,0,0,2,0,8,6,9,42.00624362,-87.66097453,POINT (-87.660974524728 42.006243616792)
JC440893,,9/20/2019 8:43,35,NO CONTROLS,NO CONTROLS,RAIN,DAYLIGHT,TURNING,DIVIDED - W/MEDIAN (NOT RAISED),,STRAIGHT AND LEVEL,WET,UNKNOWN,ON SCENE,INJURY AND / OR TOW DUE TO CRASH,,,,"OVER $1,500",9/20/2019 8:44,FAILING TO REDUCE SPEED TO AVOID CRASH,NOT APPLICABLE,1926,E,87TH ST,412,,,,,,,2,NO INDICATION OF INJURY,0,0,0,0,0,2,0,8,6,9,41.73714747,-87.57699686,POINT (-87.5769968555 41.737147470467)
JC440963,Y,9/20/2019 8:40,35,NO CONTROLS,NO CONTROLS,CLEAR,DAYLIGHT,SIDESWIPE SAME DIRECTION,NOT DIVIDED,,STRAIGHT AND LEVEL,DRY,NO DEFECTS,ON SCENE,NO INJURY / DRIVE AWAY,,,,"OVER $1,500",9/20/2019 9:20,UNABLE TO DETERMINE,UNABLE TO DETERMINE,3400,W,31ST ST,1032,,,,,,,2,NO INDICATION OF INJURY,0,0,0,0,0,2,0,8,6,9,41.83725399,-87.7097778,POINT (-87.709777801095 41.837253985723)
JC440898,,9/20/2019 8:36,30,NO CONTROLS,NO CONTROLS,CLEAR,DAYLIGHT,SIDESWIPE SAME DIRECTION,NOT DIVIDED,,STRAIGHT AND LEVEL,DRY,NO DEFECTS,ON SCENE,NO INJURY / DRIVE AWAY,,,,"OVER $1,500",9/20/2019 8:36,UNABLE TO DETERMINE,UNABLE TO DETERMINE,4224,W,FULLERTON AVE,2524,,,,,,,2,NO INDICATION OF INJURY,0,0,0,0,0,3,0,8,6,9,41.92452381,-87.73267477,POINT (-87.732674770006 41.92452380687)
JC440895,,9/20/2019 8:33,30,NO CONTROLS,NO CONTROLS,CLOUDY/OVERCAST,DAYLIGHT,REAR END,DIVIDED - W/MEDIAN (NOT RAISED),,STRAIGHT AND LEVEL,DRY,NO DEFECTS,ON SCENE,INJURY AND / OR TOW DUE TO CRASH,Y,,,"OVER $1,500",9/20/2019 8:33,FOLLOWING TOO CLOSELY,UNABLE TO DETERMINE,10915,S,PULASKI RD,2211,,,,,,,2,"REPORTED, NOT EVIDENT",1,0,0,0,1,1,0,8,6,9,41.69437722,-87.72031064,POINT (-87.720310643768 41.694377219509)
JC441456,,9/20/2019 8:30,25,NO CONTROLS,NO CONTROLS,CLEAR,DAYLIGHT,PARKED MOTOR VEHICLE,NOT DIVIDED,,STRAIGHT AND LEVEL,WET,NO DEFECTS,NOT ON SCENE (DESK REPORT),NO INJURY / DRIVE AWAY,,,Y,"$501 - $1,500",9/20/2019 15:15,UNABLE TO DETERMINE,NOT APPLICABLE,7558,S,PHILLIPS AVE,421,,,,,,,2,NO INDICATION OF INJURY,0,0,0,0,0,1,0,8,6,9,41.75727699,-87.56527513,POINT (-87.565275131951 41.757276986557)
JC440907,,9/20/2019 8:20,30,TRAFFIC SIGNAL,FUNCTIONING PROPERLY,CLEAR,DAYLIGHT,REAR END,NOT DIVIDED,,STRAIGHT AND LEVEL,DRY,NO DEFECTS,NOT ON SCENE (DESK REPORT),INJURY AND / OR TOW DUE TO CRASH,,,,"OVER $1,500",9/20/2019 8:50,FOLLOWING TOO CLOSELY,FOLLOWING TOO CLOSELY,2701,N,WESTERN AVE,1432,,,,,,,2,"REPORTED, NOT EVIDENT",1,0,0,0,1,1,0,8,6,9,41.93044609,-87.68769718,POINT (-87.687697184257 41.930446086925)
JC440887,,9/20/2019 8:20,30,NO CONTROLS,NO CONTROLS,CLEAR,DAYLIGHT,SIDESWIPE SAME DIRECTION,DIVIDED - W/MEDIAN BARRIER,,STRAIGHT AND LEVEL,DRY,NO DEFECTS,ON SCENE,NO INJURY / DRIVE AWAY,,,,"OVER $1,500",9/20/2019 8:24,IMPROPER OVERTAKING/PASSING,NOT APPLICABLE,3547,S,KEDZIE AVE,911,,,,,,,2,NO INDICATION OF INJURY,0,0,0,0,0,2,0,8,6,9,41.82841549,-87.70440168,POINT (-87.704401676086 41.828415490768)