RD_NO,CRASH_DATE_EST_I,CRASH_DATE,POSTED_SPEED_LIMIT,TRAFFIC_CONTROL_DEVICE,DEVICE_CONDITION,WEATHER_CONDITION,LIGHTING_CONDITION,FIRST_CRASH_TYPE,TRAFFICWAY_TYPE,LANE_CNT,ALIGNMENT,ROADWAY_SURFACE_COND,ROAD_DEFECT,REPORT_TYPE,CRASH_TYPE,INTERSECTION_RELATED_I,NOT_RIGHT_OF_WAY_I,HIT_AND_RUN_I,DAMAGE,DATE_POLICE_NOTIFIED,PRIM_CONTRIBUTORY_CAUSE,SEC_CONTRIBUTORY_CAUSE,STREET_NO,STREET_DIRECTION,STREET_NAME,BEAT_OF_OCCURRENCE,PHOTOS_TAKEN_I,STATEMENTS_TAKEN_I,DOORING_I,WORK_ZONE_I,WORK_ZONE_TYPE,WORKERS_PRESENT_I,NUM_UNITS,MOST_SEVERE_INJURY,INJURIES_TOTAL,INJURIES_FATAL,INJURIES_INCAPACITATING,INJURIES_NON_INCAPACITATING,INJURIES_REPORTED_NOT_EVIDENT,INJURIES_NO_INDICATION,INJURIES_UNKNOWN,CRASH_HOUR,CRASH_DAY_OF_WEEK,CRASH_MONTH,LATITUDE,LONGITUDE,LOCATION
JC440886,,9/20/2019 8:20,30,TRAFFIC SIGNAL,FUNCTIONING PROPERLY,CLEAR,DAYLIGHT,REAR END,NOT DIVIDED,,STRAIGHT AND LEVEL,DRY,NO DEFECTS,NOT ON SCENE (DESK REPORT),INJURY AND / OR TOW DUE TO CRASH,Y,,,"OVER $1,500",9/20/2019 8:40,FOLLOWING TOO CLOSELY,UNABLE TO DETERMINE,1415,W,47TH ST,933,,,,,,,2,"REPORTED, NOT EVIDENT",1,0,0,0,1,1,0,8,6,9,41.80855121,-87.66080109,POINT (-87.660801090302 41.808551207779)
JC440872,,9/20/2019 8:20,30,STOP SIGN/FLASHER,NO CONTROLS,CLEAR,DAYLIGHT,ANGLE,DIVIDED - W/MEDIAN (NOT RAISED),,STRAIGHT AND LEVEL,DRY,NO DEFECTS,ON SCENE,INJURY AND / OR TOW DUE TO CRASH,Y,,,"OVER $1,500",9/20/2019 8:21,UNABLE TO DETERMINE,UNABLE TO DETERMINE,1600,W,64TH ST,725,,,,,,,2,NONINCAPACITATING INJURY,3,0,0,3,0,0,0,8,6,9,41.77776364,-87.66423681,POINT (-87.664236808563 41.777763640968)
JC446564,,9/20/2019 8:15,30,NO CONTROLS,NO CONTROLS,CLEAR,DAYLIGHT,SIDESWIPE SAME DIRECTION,NOT DIVIDED,,STRAIGHT AND LEVEL,DRY,NO DEFECTS,NOT ON SCENE (DESK REPORT),NO INJURY / DRIVE AWAY,,,Y,"OVER $1,500",9/24/2019 14:00,UNABLE TO DETERMINE,UNABLE TO DETERMINE,6170,N,WINCHESTER AVE,2413,,,,,,,2,NO INDICATION OF INJURY,0,0,0,0,0,2,0,8,6,9,41.9939912,-87.67866465,POINT (-87.678664651426 41.993991203218)
JC441177,,9/20/2019 8:15,30,TRAFFIC SIGNAL,FUNCTIONING PROPERLY,CLEAR,DAYLIGHT,REAR END,CENTER TURN LANE,,STRAIGHT AND LEVEL,DRY,NO DEFECTS,NOT ON SCENE (DESK REPORT),NO INJURY / DRIVE AWAY,Y,,,"$501 - $1,500",9/20/2019 12:14,FAILING TO REDUCE SPEED TO AVOID CRASH,NOT APPLICABLE,6301,S,CENTRAL AVE,813,,,,,,,2,NO INDICATION OF INJURY,0,0,0,0,0,2,0,8,6,9,41.77801224,-87.76156624,POINT (-87.761566237843 41.778012238505)
JC441155,,9/20/2019 8:15,30,TRAFFIC SIGNAL,FUNCTIONING PROPERLY,CLEAR,DAYLIGHT,REAR END,NOT DIVIDED,,STRAIGHT AND LEVEL,DRY,NO DEFECTS,NOT ON SCENE (DESK REPORT),INJURY AND / OR TOW DUE TO CRASH,,,,"OVER $1,500",9/20/2019 12:11,DISTRACTION - FROM INSIDE VEHICLE,DISREGARDING TRAFFIC SIGNALS,1200,N,CICERO AVE,2533,,,,,,,3,"REPORTED, NOT EVIDENT",1,0,0,0,1,4,0,8,6,9,41.90239626,-87.74612612,POINT (-87.746126119551 41.902396260608)
JC441064,,9/20/2019 8:15,25,NO CONTROLS,NO CONTROLS,CLEAR,DAYLIGHT,PARKED MOTOR VEHICLE,ONE-WAY,,STRAIGHT AND LEVEL,DRY,NO DEFECTS,NOT ON SCENE (DESK REPORT),NO INJURY / DRIVE AWAY,,,,"OVER $1,500",9/20/2019 11:00,DRIVING SKILLS/KNOWLEDGE/EXPERIENCE,UNABLE TO DETERMINE,6340,N,WINTHROP AVE,2433,,,,,,,2,NO INDICATION OF INJURY,0,0,0,0,0,1,0,8,6,9,41.99760786,-87.65860339,POINT (-87.658603386113 41.997607855644)
JC440878,,9/20/2019 8:14,25,NO CONTROLS,NO CONTROLS,CLOUDY/OVERCAST,DAYLIGHT,PARKED MOTOR VEHICLE,ONE-WAY,,STRAIGHT AND LEVEL,DRY,NO DEFECTS,ON SCENE,INJURY AND / OR TOW DUE TO CRASH,,,,"OVER $1,500",9/20/2019 8:15,IMPROPER BACKING,UNABLE TO DETERMINE,5514,S,BLACKSTONE AVE,235,,,,,,,2,NO INDICATION OF INJURY,0,0,0,0,0,1,0,8,6,9,41.7947177,-87.59047318,POINT (-87.590473182476 41.794717699683)
JC441399,,9/20/2019 8:10,30,TRAFFIC SIGNAL,FUNCTIONING PROPERLY,CLEAR,DAYLIGHT,REAR END,NOT DIVIDED,,STRAIGHT AND LEVEL,DRY,NO DEFECTS,NOT ON SCENE (DESK REPORT),NO INJURY / DRIVE AWAY,,,,"OVER $1,500",9/20/2019 14:44,UNABLE TO DETERMINE,UNABLE TO DETERMINE,1421,W,47TH ST,933,,,,,,,2,NO INDICATION OF INJURY,0,0,0,0,0,2,0,8,6,9,41.80854739,-87.66107304,POINT (-87.661073043782 41.80854738838)
JC440903,,9/20/2019 8:07,30,TRAFFIC SIGNAL,FUNCTIONING PROPERLY,CLEAR,DAYLIGHT,REAR END,DIVIDED - W/MEDIAN BARRIER,,STRAIGHT AND LEVEL,DRY,NO DEFECTS,NOT ON SCENE (DESK REPORT),NO INJURY / DRIVE AWAY,,,,"OVER $1,500",9/20/2019 8:55,FOLLOWING TOO CLOSELY,UNABLE TO DETERMINE,5899,N,CUMBERLAND AVE,1614,,,,,,,2,NO INDICATION OF INJURY,0,0,0,0,0,2,0,8,6,9,41.98638297,-87.83643375,POINT (-87.836433753977 41.98638296862)
JC440850,,9/20/2019 8:05,30,NO CONTROLS,NO CONTROLS,CLEAR,DAYLIGHT,PEDALCYCLIST,NOT DIVIDED,,STRAIGHT AND LEVEL,DRY,NO DEFECTS,ON SCENE,INJURY AND / OR TOW DUE TO CRASH,,,,"OVER $1,500",9/20/2019 8:05,UNABLE TO DETERMINE,UNABLE TO DETERMINE,331,E,51ST ST,231,,,Y,,,,2,NONINCAPACITATING INJURY,1,0,0,1,0,1,0,8,6,9,41.80196384,-87.61811546,POINT (-87.618115464202 41.801963836552)
JC448439,,9/20/2019 8:00,30,TRAFFIC SIGNAL,FUNCTIONING PROPERLY,CLEAR,DAYLIGHT,ANGLE,ONE-WAY,,STRAIGHT AND LEVEL,DRY,NO DEFECTS,NOT ON SCENE (DESK REPORT),NO INJURY / DRIVE AWAY,Y,,Y,"OVER $1,500",9/25/2019 20:10,DISREGARDING TRAFFIC SIGNALS,NOT APPLICABLE,6300,S,WENTWORTH AVE,312,,,,,,,2,NO INDICATION OF INJURY,0,0,0,0,0,2,0,8,6,9,41.77990261,-87.63029381,POINT (-87.630293805556 41.779902613439)
JC441314,,9/20/2019 8:00,35,NO CONTROLS,NO CONTROLS,CLEAR,DAYLIGHT,SIDESWIPE SAME DIRECTION,DIVIDED - W/MEDIAN (NOT RAISED),,STRAIGHT AND LEVEL,DRY,NO DEFECTS,NOT ON SCENE (DESK REPORT),NO INJURY / DRIVE AWAY,,,,"$501 - $1,500",9/20/2019 13:50,UNABLE TO DETERMINE,UNABLE TO DETERMINE,2300,S,LEAVITT ST,1034,,,,,,,2,NO INDICATION OF INJURY,0,0,0,0,0,3,0,8,6,9,41.8502404,-87.68083656,POINT (-87.68083655867 41.850240403803)
JC440876,,9/20/2019 7:58,30,TRAFFIC SIGNAL,FUNCTIONING PROPERLY,CLEAR,DAYLIGHT,SIDESWIPE OPPOSITE DIRECTION,DIVIDED - W/MEDIAN (NOT RAISED),,STRAIGHT AND LEVEL,DRY,NO DEFECTS,ON SCENE,NO INJURY / DRIVE AWAY,Y,,,"OVER $1,500",9/20/2019 8:35,FAILING TO YIELD RIGHT-OF-WAY,NOT APPLICABLE,3338,N,SEELEY AVE,1921,,,,,,,2,NO INDICATION OF INJURY,0,0,0,0,0,2,0,7,6,9,41.94254465,-87.67978591,POINT (-87.679785906872 41.942544650482)
JC440853,,9/20/2019 7:52,30,NO CONTROLS,NO CONTROLS,CLEAR,DAYLIGHT,SIDESWIPE SAME DIRECTION,ONE-WAY,,STRAIGHT AND LEVEL,DRY,NO DEFECTS,ON SCENE,NO INJURY / DRIVE AWAY,,,,"OVER $1,500",9/20/2019 7:55,IMPROPER LANE USAGE,DRIVING SKILLS/KNOWLEDGE/EXPERIENCE,1,W,TERMINAL ST,1651,,,,,,,2,NO INDICATION OF INJURY,0,0,0,0,0,2,0,7,6,9,,,
JC449854,,9/20/2019 7:50,30,NO CONTROLS,NO CONTROLS,CLEAR,DAYLIGHT,TURNING,OTHER,,STRAIGHT AND LEVEL,DRY,NO DEFECTS,ON SCENE,NO INJURY / DRIVE AWAY,,,,"$501 - $1,500",9/20/2019 8:15,FAILING TO YIELD RIGHT-OF-WAY,NOT APPLICABLE,5514,S,KEDVALE AVE,813,,,,,,,2,NO INDICATION OF INJURY,0,0,0,0,0,3,0,7,6,9,41.79268626,-87.72697095,POINT (-87.726970947571 41.792686260754)
JC441846,,9/20/2019 7:50,30,NO CONTROLS,NO CONTROLS,CLEAR,DAYLIGHT,PARKED MOTOR VEHICLE,NOT DIVIDED,,STRAIGHT AND LEVEL,DRY,NO DEFECTS,NOT ON SCENE (DESK REPORT),NO INJURY / DRIVE AWAY,,,,"$501 - $1,500",9/20/2019 20:08,UNABLE TO DETERMINE,UNABLE TO DETERMINE,3133,S,WALLACE ST,915,,,,,,,2,NO INDICATION OF INJURY,0,0,0,0,0,1,0,7,6,9,41.83711384,-87.64124077,POINT (-87.641240769099 41.83711384317)
JC440869,,9/20/2019 7:50,30,OTHER,OTHER,CLEAR,DAYLIGHT,OTHER OBJECT,OTHER,,STRAIGHT AND LEVEL,DRY,NO DEFECTS,ON SCENE,NO INJURY / DRIVE AWAY,,,,"OVER $1,500",9/20/2019 7:55,NOT APPLICABLE,NOT APPLICABLE,560,W,18TH ST,1235,,,,Y,MAINTENANCE,,2,NO INDICATION OF INJURY,0,0,0,0,0,2,0,7,6,9,41.8577394,-87.64127969,POINT (-87.64127969203 41.85773940206)
JC440883,,9/20/2019 7:47,30,NO CONTROLS,NO CONTROLS,CLEAR,DAYLIGHT,SIDESWIPE SAME DIRECTION,NOT DIVIDED,,STRAIGHT AND LEVEL,DRY,NO DEFECTS,NOT ON SCENE (DESK REPORT),NO INJURY / DRIVE AWAY,,,Y,"$501 - $1,500",9/20/2019 8:41,IMPROPER OVERTAKING/PASSING,FAILING TO REDUCE SPEED TO AVOID CRASH,1700,N,KOSTNER AVE,2533,,,,,,,2,NO INDICATION OF INJURY,0,0,0,0,0,4,0,7,6,9,41.91167236,-87.73631206,POINT (-87.736312056008 41.911672356702)
JC440934,,9/20/2019 7:45,30,NO CONTROLS,NO CONTROLS,CLEAR,DAYLIGHT,REAR TO SIDE,NOT DIVIDED,,STRAIGHT AND LEVEL,DRY,NO DEFECTS,NOT ON SCENE (DESK REPORT),NO INJURY / DRIVE AWAY,,,,"$501 - $1,500",9/20/2019 9:00,IMPROPER TURNING/NO SIGNAL,UNABLE TO DETERMINE,5735,W,51ST ST,811,,,,,,,2,NO INDICATION OF INJURY,0,0,0,0,0,2,0,7,6,9,41.79989623,-87.76631709,POINT (-87.76631709177 41.799896232222)
JC440837,,9/20/2019 7:44,30,NO CONTROLS,NO CONTROLS,CLEAR,DAYLIGHT,PARKED MOTOR VEHICLE,ONE-WAY,,STRAIGHT AND LEVEL,DRY,NO DEFECTS,ON SCENE,NO INJURY / DRIVE AWAY,,,Y,"OVER $1,500",9/20/2019 7:44,UNABLE TO DETERMINE,UNABLE TO DETERMINE,6944,S,WOOD ST,735,,,,,,,2,NO INDICATION OF INJURY,0,0,0,0,0,1,0,7,6,9,41.76716029,-87.66888626,POINT (-87.668886259023 41.767160290701)
JC440868,,9/20/2019 7:42,30,TRAFFIC SIGNAL,FUNCTIONING PROPERLY,CLEAR,DAYLIGHT,REAR END,NOT DIVIDED,,STRAIGHT AND LEVEL,DRY,NO DEFECTS,NOT ON SCENE (DESK REPORT),NO INJURY / DRIVE AWAY,Y,,,"OVER $1,500",9/20/2019 8:10,FAILING TO REDUCE SPEED TO AVOID CRASH,NOT APPLICABLE,601,S,CICERO AVE,1131,,,,,,,2,NO INDICATION OF INJURY,0,0,0,0,0,4,0,7,6,9,41.87310015,-87.74485023,POINT (-87.744850226374 41.873100153311)
JC440835,,9/20/2019 7:41,35,STOP SIGN/FLASHER,FUNCTIONING PROPERLY,RAIN,DAWN,REAR END,T-INTERSECTION,,STRAIGHT AND LEVEL,WET,NO DEFECTS,ON SCENE,INJURY AND / OR TOW DUE TO CRASH,Y,,,"$501 - $1,500",9/20/2019 7:41,FOLLOWING TOO CLOSELY,NOT APPLICABLE,9004,S,COLFAX AVE,423,,,,,,,2,NONINCAPACITATING INJURY,2,0,0,2,0,7,0,7,6,9,41.7314553,-87.56113906,POINT (-87.561139062984 41.731455296796)
JC440884,,9/20/2019 7:38,30,NO CONTROLS,NO CONTROLS,CLEAR,DAYLIGHT,TURNING,DIVIDED - W/MEDIAN (NOT RAISED),,STRAIGHT ON GRADE,DRY,NO DEFECTS,ON SCENE,INJURY AND / OR TOW DUE TO CRASH,Y,,,"OVER $1,500",9/20/2019 7:48,IMPROPER TURNING/NO SIGNAL,FAILING TO YIELD RIGHT-OF-WAY,3400,N,LARAMIE AVE,1634,,,,,,,2,INCAPACITATING INJURY,1,0,1,0,0,1,0,7,6,9,41.94239478,-87.75695482,POINT (-87.756954814727 41.94239478016)
JC440843,,9/20/2019 7:38,30,NO CONTROLS,NO CONTROLS,CLEAR,"DARKNESS, LIGHTED ROAD",ANGLE,ONE-WAY,,STRAIGHT AND LEVEL,DRY,NO DEFECTS,ON SCENE,INJURY AND / OR TOW DUE TO CRASH,,,,"OVER $1,500",9/20/2019 7:39,FAILING TO REDUCE SPEED TO AVOID CRASH,"OPERATING VEHICLE IN ERRATIC, RECKLESS, CARELESS, NEGLIGENT OR AGGRESSIVE MANNER",20,N,WACKER DR,122,,,,,,,2,NO INDICATION OF INJURY,0,0,0,0,0,2,0,7,6,9,41.88241091,-87.63717471,POINT (-87.637174710464 41.882410906485)
JC440856,,9/20/2019 7:35,30,NO CONTROLS,NO CONTROLS,CLEAR,DAYLIGHT,SIDESWIPE SAME DIRECTION,NOT DIVIDED,,STRAIGHT AND LEVEL,DRY,NO DEFECTS,NOT ON SCENE (DESK REPORT),NO INJURY / DRIVE AWAY,,,,"$501 - $1,500",9/20/2019 8:15,UNABLE TO DETERMINE,UNABLE TO DETERMINE,350,E,103RD ST,511,,,,,,,2,NO INDICATION OF INJURY,0,0,0,0,0,2,0,7,6,9,41.70741801,-87.6141699,POINT (-87.614169896701 41.707418010794)
JC441670,,9/20/2019 7:30,30,UNKNOWN,UNKNOWN,UNKNOWN,UNKNOWN,PEDESTRIAN,UNKNOWN,,STRAIGHT AND LEVEL,UNKNOWN,UNKNOWN,NOT ON SCENE (DESK REPORT),NO INJURY / DRIVE AWAY,,,Y,"OVER $1,500",9/20/2019 18:00,UNABLE TO DETERMINE,NOT APPLICABLE,3600,N,OCONTO AVE,1631,,,,,,,2,NO INDICATION OF INJURY,0,0,0,0,0,2,0,7,6,9,41.94531107,-87.80836317,POINT (-87.808363165922 41.945311074346)
JC441022,,9/20/2019 7:30,15,NO CONTROLS,NO CONTROLS,CLEAR,DAYLIGHT,PARKED MOTOR VEHICLE,ONE-WAY,,STRAIGHT AND LEVEL,DRY,NO DEFECTS,NOT ON SCENE (DESK REPORT),NO INJURY / DRIVE AWAY,,,Y,"OVER $1,500",9/20/2019 10:30,FAILING TO REDUCE SPEED TO AVOID CRASH,UNABLE TO DETERMINE,3829,W,CORNELIA AVE,1732,,,,,,,2,NO INDICATION OF INJURY,0,0,0,0,0,1,0,7,6,9,41.94449242,-87.72361547,POINT (-87.723615465692 41.944492421703)
JC440861,,9/20/2019 7:30,30,TRAFFIC SIGNAL,FUNCTIONING PROPERLY,CLEAR,DAYLIGHT,TURNING,FOUR WAY,,STRAIGHT AND LEVEL,DRY,NO DEFECTS,NOT ON SCENE (DESK REPORT),NO INJURY / DRIVE AWAY,Y,,,"OVER $1,500",9/20/2019 8:15,FAILING TO YIELD RIGHT-OF-WAY,FOLLOWING TOO CLOSELY,1600,N,CENTRAL AVE,2531,,,,,,,2,NO INDICATION OF INJURY,0,0,0,0,0,3,0,7,6,9,41.909497,-87.76583239,POINT (-87.765832388395 41.909496997284)
JC440842,,9/20/2019 7:30,30,NO CONTROLS,NO CONTROLS,CLEAR,DAYLIGHT,SIDESWIPE OPPOSITE DIRECTION,NOT DIVIDED,,STRAIGHT AND LEVEL,DRY,NO DEFECTS,ON SCENE,NO INJURY / DRIVE AWAY,,,,"OVER $1,500",9/20/2019 7:34,IMPROPER OVERTAKING/PASSING,FAILING TO YIELD RIGHT-OF-WAY,3619,W,ARGYLE ST,1712,,,,,,,2,NO INDICATION OF INJURY,0,0,0,0,0,7,0,7,6,9,41.97187316,-87.71917351,POINT (-87.719173510306 41.971873158995)
JC440826,,9/20/2019 7:30,30,NO CONTROLS,NO CONTROLS,CLEAR,DAYLIGHT,TURNING,NOT DIVIDED,,STRAIGHT AND LEVEL,DRY,NO DEFECTS,ON SCENE,NO INJURY / DRIVE AWAY,,,,"OVER $1,500",9/20/2019 7:38,"VISION OBSCURED (SIGNS, TREE LIMBS, BUILDINGS, ETC.)",UNABLE TO DETERMINE,2301,S,ASHLAND AVE,1235,,,,,,,2,NO INDICATION OF INJURY,0,0,0,0,0,2,0,7,6,9,41.8502353,-87.66586416,POINT (-87.665864156849 41.850235296181)
JC440832,,9/20/2019 7:18,30,TRAFFIC SIGNAL,FUNCTIONING PROPERLY,CLEAR,DAYLIGHT,REAR END,NOT DIVIDED,,STRAIGHT AND LEVEL,DRY,NO DEFECTS,NOT ON SCENE (DESK REPORT),NO INJURY / DRIVE AWAY,,,,"$501 - $1,500",9/20/2019 7:52,FOLLOWING TOO CLOSELY,NOT APPLICABLE,2800,N,PULASKI RD,2523,,,,,,,2,NO INDICATION OF INJURY,0,0,0,0,0,2,0,7,6,9,41.93183103,-87.72712687,POINT (-87.727126873005 41.931831025615)
JC440841,,9/20/2019 7:14,15,NO CONTROLS,NO CONTROLS,CLEAR,DAYLIGHT,FIXED OBJECT,ALLEY,,STRAIGHT AND LEVEL,DRY,NO DEFECTS,ON SCENE,NO INJURY / DRIVE AWAY,,Y,Y,"OVER $1,500",9/20/2019 7:51,IMPROPER BACKING,FAILING TO REDUCE SPEED TO AVOID CRASH,6251,W,FULLERTON AVE,2512,,,,,,,2,NO INDICATION OF INJURY,0,0,0,0,0,1,0,7,6,9,41.92361221,-87.78263627,POINT (-87.782636264845 41.923612210659)
JC440948,,9/20/2019 7:00,20,NO CONTROLS,NO CONTROLS,CLOUDY/OVERCAST,DAYLIGHT,PARKED MOTOR VEHICLE,NOT DIVIDED,,STRAIGHT AND LEVEL,DRY,NO DEFECTS,ON SCENE,NO INJURY / DRIVE AWAY,,,Y,"OVER $1,500",9/20/2019 9:05,"OPERATING VEHICLE IN ERRATIC, RECKLESS, CARELESS, NEGLIGENT OR AGGRESSIVE MANNER",UNABLE TO DETERMINE,27,E,100TH ST,511,,,,,,,2,NO INDICATION OF INJURY,0,0,0,0,0,1,0,7,6,9,41.71253418,-87.62250386,POINT (-87.622503861482 41.712534181021)
JC440862,,9/20/2019 7:00,30,NO CONTROLS,NO CONTROLS,CLEAR,DAYLIGHT,SIDESWIPE SAME DIRECTION,NOT DIVIDED,,STRAIGHT AND LEVEL,DRY,NO DEFECTS,NOT ON SCENE (DESK REPORT),NO INJURY / DRIVE AWAY,,,,"$501 - $1,500",9/20/2019 8:10,UNABLE TO DETERMINE,UNABLE TO DETERMINE,3059,S,ROCKWELL ST,1034,,,,,,,2,NO INDICATION OF INJURY,0,0,0,0,0,2,0,7,6,9,,,
JC440821,,9/20/2019 7:00,25,NO CONTROLS,NO CONTROLS,CLEAR,DAYLIGHT,SIDESWIPE SAME DIRECTION,NOT DIVIDED,,STRAIGHT AND LEVEL,DRY,NO DEFECTS,NOT ON SCENE (DESK REPORT),NO INJURY / DRIVE AWAY,,,,"$501 - $1,500",9/20/2019 7:25,UNABLE TO DETERMINE,UNABLE TO DETERMINE,199,E,WALTON ST,1833,,,,,,,2,NO INDICATION OF INJURY,0,0,0,0,0,2,0,7,6,9,41.89993306,-87.62199882,POINT (-87.62199882208 41.899933054935)
JC440820,,9/20/2019 7:00,30,NO CONTROLS,NO CONTROLS,CLEAR,DAYLIGHT,SIDESWIPE SAME DIRECTION,DIVIDED - W/MEDIAN (NOT RAISED),,STRAIGHT ON HILLCREST,DRY,NO DEFECTS,ON SCENE,INJURY AND / OR TOW DUE TO CRASH,,,,"OVER $1,500",9/20/2019 7:07,FAILING TO REDUCE SPEED TO AVOID CRASH,IMPROPER OVERTAKING/PASSING,159,E,MONROE DR,114,,,,,,,2,NO INDICATION OF INJURY,0,0,0,0,0,2,0,7,6,9,41.88073952,-87.6227001,POINT (-87.622700100468 41.880739518306)
JC440819,,9/20/2019 7:00,30,NO CONTROLS,NO CONTROLS,CLEAR,DAYLIGHT,SIDESWIPE SAME DIRECTION,NOT DIVIDED,,STRAIGHT AND LEVEL,DRY,NO DEFECTS,ON SCENE,NO INJURY / DRIVE AWAY,,,,"$501 - $1,500",9/20/2019 7:05,FAILING TO YIELD RIGHT-OF-WAY,NOT APPLICABLE,618,N,HOMAN AVE,1121,,,,,,,2,NO INDICATION OF INJURY,0,0,0,0,0,7,0,7,6,9,41.89244431,-87.71149181,POINT (-87.711491810062 41.892444314206)
JC440812,,9/20/2019 6:55,30,TRAFFIC SIGNAL,FUNCTIONING PROPERLY,CLEAR,DAYLIGHT,TURNING,FOUR WAY,,STRAIGHT AND LEVEL,DRY,NO DEFECTS,ON SCENE,NO INJURY / DRIVE AWAY,Y,,,"$501 - $1,500",9/20/2019 6:57,UNABLE TO DETERMINE,UNABLE TO DETERMINE,5700,S,WELLS ST,711,,,,,,,2,NO INDICATION OF INJURY,0,0,0,0,0,2,0,6,6,9,41.79078466,-87.63188868,POINT (-87.631888684481 41.790784661368)
JC441100,,9/20/2019 6:50,10,NO CONTROLS,NO CONTROLS,CLEAR,DAYLIGHT,PARKED MOTOR VEHICLE,OTHER,,STRAIGHT AND LEVEL,DRY,NO DEFECTS,NOT ON SCENE (DESK REPORT),NO INJURY / DRIVE AWAY,,Y,,"$501 - $1,500",9/20/2019 11:33,IMPROPER BACKING,NOT APPLICABLE,222,W,ADAMS ST,122,,,,,,,2,NO INDICATION OF INJURY,0,0,0,0,0,1,0,6,6,9,41.87948775,-87.63444223,POINT (-87.634442227886 41.879487753534)
JC440818,,9/20/2019 6:50,35,TRAFFIC SIGNAL,FUNCTIONING PROPERLY,CLEAR,DAYLIGHT,REAR END,DIVIDED - W/MEDIAN BARRIER,,STRAIGHT AND LEVEL,WET,NO DEFECTS,ON SCENE,INJURY AND / OR TOW DUE TO CRASH,,,,"OVER $1,500",9/20/2019 6:56,FAILING TO REDUCE SPEED TO AVOID CRASH,NOT APPLICABLE,7105,S,PULASKI RD,833,,,,,,,3,NONINCAPACITATING INJURY,2,0,0,2,0,1,0,6,6,9,41.76389981,-87.72220303,POINT (-87.722203027975 41.763899808477)
JC440811,,9/20/2019 6:35,35,NO CONTROLS,NO CONTROLS,RAIN,DAWN,FIXED OBJECT,DIVIDED - W/MEDIAN BARRIER,,STRAIGHT AND LEVEL,WET,UNKNOWN,ON SCENE,INJURY AND / OR TOW DUE TO CRASH,,,,"OVER $1,500",9/20/2019 6:38,EQUIPMENT - VEHICLE CONDITION,NOT APPLICABLE,9511,S,STONY ISLAND AVE,431,,,,,,,1,NO INDICATION OF INJURY,0,0,0,0,0,1,0,6,6,9,41.72191964,-87.58493263,POINT (-87.584932634076 41.721919638239)
JC441993,,9/20/2019 6:32,30,NO CONTROLS,NO CONTROLS,CLEAR,DAYLIGHT,TURNING,NOT DIVIDED,,STRAIGHT AND LEVEL,DRY,NO DEFECTS,NOT ON SCENE (DESK REPORT),NO INJURY / DRIVE AWAY,,,,"OVER $1,500",9/20/2019 22:20,UNABLE TO DETERMINE,NOT APPLICABLE,2400,W,87TH ST,835,,,,,,,2,NO INDICATION OF INJURY,0,0,0,0,0,3,0,6,6,9,41.73563533,-87.68265034,POINT (-87.682650342555 41.735635328819)
JC440806,,9/20/2019 6:25,30,NO CONTROLS,NO CONTROLS,CLOUDY/OVERCAST,DAYLIGHT,TURNING,NOT DIVIDED,,STRAIGHT AND LEVEL,WET,NO DEFECTS,ON SCENE,NO INJURY / DRIVE AWAY,,,,"$501 - $1,500",9/20/2019 6:28,IMPROPER TURNING/NO SIGNAL,NOT APPLICABLE,5209,S,CICERO AVE,815,,,,,,,2,NO INDICATION OF INJURY,0,0,0,0,0,3,0,6,6,9,41.79834118,-87.74276993,POINT (-87.742769932472 41.798341178987)
JC440803,,9/20/2019 6:20,35,TRAFFIC SIGNAL,FUNCTIONING PROPERLY,CLEAR,DAWN,TURNING,T-INTERSECTION,,STRAIGHT AND LEVEL,DRY,NO DEFECTS,ON SCENE,INJURY AND / OR TOW DUE TO CRASH,Y,,,"OVER $1,500",9/20/2019 6:23,DISREGARDING TRAFFIC SIGNALS,UNABLE TO DETERMINE,5901,S,CICERO AVE,813,,,,,,,2,"REPORTED, NOT EVIDENT",1,0,0,0,1,1,0,6,6,9,41.78565296,-87.74119273,POINT (-87.741192731715 41.785652955816)
JC441572,,9/20/2019 6:15,30,NO CONTROLS,NO CONTROLS,CLEAR,DAYLIGHT,FIXED OBJECT,NOT DIVIDED,,STRAIGHT AND LEVEL,DRY,"RUT, HOLES",NOT ON SCENE (DESK REPORT),NO INJURY / DRIVE AWAY,,,,"$501 - $1,500",9/20/2019 20:22,NOT APPLICABLE,NOT APPLICABLE,2030,N,AUSTIN AVE,2512,,,,,,,1,NO INDICATION OF INJURY,0,0,0,0,0,1,0,6,6,9,41.9173485,-87.77564389,POINT (-87.775643889243 41.9173485041)
JC440801,,9/20/2019 6:10,30,STOP SIGN/FLASHER,FUNCTIONING PROPERLY,CLEAR,"DARKNESS, LIGHTED ROAD",FIXED OBJECT,NOT DIVIDED,,STRAIGHT AND LEVEL,WET,NO DEFECTS,ON SCENE,NO INJURY / DRIVE AWAY,,Y,Y,"OVER $1,500",9/20/2019 6:20,UNABLE TO DETERMINE,NOT APPLICABLE,6501,W,WABANSIA AVE,2513,,,,,,,1,NO INDICATION OF INJURY,0,0,0,0,0,1,0,6,6,9,41.91080582,-87.78840117,POINT (-87.788401166914 41.910805821072)