RD_NO,CRASH_DATE_EST_I,CRASH_DATE,POSTED_SPEED_LIMIT,TRAFFIC_CONTROL_DEVICE,DEVICE_CONDITION,WEATHER_CONDITION,LIGHTING_CONDITION,FIRST_CRASH_TYPE,TRAFFICWAY_TYPE,LANE_CNT,ALIGNMENT,ROADWAY_SURFACE_COND,ROAD_DEFECT,REPORT_TYPE,CRASH_TYPE,INTERSECTION_RELATED_I,NOT_RIGHT_OF_WAY_I,HIT_AND_RUN_I,DAMAGE,DATE_POLICE_NOTIFIED,PRIM_CONTRIBUTORY_CAUSE,SEC_CONTRIBUTORY_CAUSE,STREET_NO,STREET_DIRECTION,STREET_NAME,BEAT_OF_OCCURRENCE,PHOTOS_TAKEN_I,STATEMENTS_TAKEN_I,DOORING_I,WORK_ZONE_I,WORK_ZONE_TYPE,WORKERS_PRESENT_I,NUM_UNITS,MOST_SEVERE_INJURY,INJURIES_TOTAL,INJURIES_FATAL,INJURIES_INCAPACITATING,INJURIES_NON_INCAPACITATING,INJURIES_REPORTED_NOT_EVIDENT,INJURIES_NO_INDICATION,INJURIES_UNKNOWN,CRASH_HOUR,CRASH_DAY_OF_WEEK,CRASH_MONTH,LATITUDE,LONGITUDE,LOCATION
JC440857,N,9/20/2019 6:00,30,NO CONTROLS,NO CONTROLS,UNKNOWN,"DARKNESS, LIGHTED ROAD",PARKED MOTOR VEHICLE,NOT DIVIDED,,STRAIGHT AND LEVEL,UNKNOWN,NO DEFECTS,ON SCENE,INJURY AND / OR TOW DUE TO CRASH,,,Y,"OVER $1,500",9/20/2019 7:58,UNABLE TO DETERMINE,UNABLE TO DETERMINE,5348,W,DIVISION ST,2532,,,,,,,2,NO INDICATION OF INJURY,0,0,0,0,0,1,0,6,6,9,41.9023099,-87.76023707,POINT (-87.760237074456 41.90230989676)
JC440796,,9/20/2019 5:55,30,OTHER,OTHER,CLEAR,DAWN,TURNING,NOT DIVIDED,,STRAIGHT AND LEVEL,WET,NO DEFECTS,ON SCENE,NO INJURY / DRIVE AWAY,,,Y,"OVER $1,500",9/20/2019 6:00,UNABLE TO DETERMINE,NOT APPLICABLE,761,E,76TH ST,624,,,,,,,2,NO INDICATION OF INJURY,0,0,0,0,0,2,0,5,6,9,41.7566473,-87.6054032,POINT (-87.605403203033 41.756647299341)
JC440790,,9/20/2019 5:48,30,STOP SIGN/FLASHER,FUNCTIONING PROPERLY,RAIN,DARKNESS,TURNING,NOT DIVIDED,,STRAIGHT AND LEVEL,WET,NO DEFECTS,ON SCENE,NO INJURY / DRIVE AWAY,Y,,Y,"OVER $1,500",9/20/2019 5:52,UNABLE TO DETERMINE,NOT APPLICABLE,5900,W,LAKE ST,1512,,,,,,,2,NO INDICATION OF INJURY,0,0,0,0,0,3,0,5,6,9,41.88804903,-87.77218777,POINT (-87.772187767064 41.888049029556)
JC440807,,9/20/2019 5:45,45,TRAFFIC SIGNAL,FUNCTIONING PROPERLY,CLOUDY/OVERCAST,DAWN,REAR END,DIVIDED - W/MEDIAN BARRIER,,STRAIGHT AND LEVEL,WET,UNKNOWN,ON SCENE,INJURY AND / OR TOW DUE TO CRASH,,,,"OVER $1,500",9/20/2019 5:50,UNABLE TO DETERMINE,UNABLE TO DETERMINE,6299,S,LAKE SHORE DR,331,,,,,,,3,NO INDICATION OF INJURY,0,0,0,0,0,3,0,5,6,9,,,
JC442129,,9/20/2019 5:20,30,TRAFFIC SIGNAL,FUNCTIONING PROPERLY,CLEAR,DAWN,SIDESWIPE SAME DIRECTION,DIVIDED - W/MEDIAN BARRIER,,STRAIGHT AND LEVEL,UNKNOWN,UNKNOWN,NOT ON SCENE (DESK REPORT),NO INJURY / DRIVE AWAY,,,,$500 OR LESS,9/21/2019 1:10,UNABLE TO DETERMINE,UNABLE TO DETERMINE,25,N,MICHIGAN AVE,114,,,,,,,2,NO INDICATION OF INJURY,0,0,0,0,0,2,0,5,6,9,41.8826705,-87.62424154,POINT (-87.624241538569 41.882670496958)
JC443651,,9/20/2019 5:15,30,NO CONTROLS,NO CONTROLS,CLEAR,DAYLIGHT,PARKED MOTOR VEHICLE,DRIVEWAY,,STRAIGHT AND LEVEL,DRY,NO DEFECTS,NOT ON SCENE (DESK REPORT),NO INJURY / DRIVE AWAY,,,,$500 OR LESS,9/22/2019 10:03,UNABLE TO DETERMINE,UNABLE TO DETERMINE,1930,W,LOYOLA AVE,2412,,,,,,,2,NO INDICATION OF INJURY,0,0,0,0,0,1,0,5,6,9,42.00044432,-87.67921255,POINT (-87.679212548167 42.000444324328)
JC440786,,9/20/2019 4:44,30,NO CONTROLS,NO CONTROLS,RAIN,"DARKNESS, LIGHTED ROAD",FIXED OBJECT,NOT DIVIDED,,STRAIGHT AND LEVEL,WET,NO DEFECTS,ON SCENE,INJURY AND / OR TOW DUE TO CRASH,N,,,"OVER $1,500",9/20/2019 4:44,UNDER THE INFLUENCE OF ALCOHOL/DRUGS (USE WHEN ARREST IS EFFECTED),UNABLE TO DETERMINE,800,E,95TH ST,633,,,,,,,1,NO INDICATION OF INJURY,0,0,0,0,0,2,0,4,6,9,41.72215394,-87.60444774,POINT (-87.604447735644 41.722153938772)
JC440770,,9/20/2019 3:53,30,NO CONTROLS,NO CONTROLS,CLEAR,"DARKNESS, LIGHTED ROAD",PARKED MOTOR VEHICLE,NOT DIVIDED,,STRAIGHT AND LEVEL,WET,NO DEFECTS,ON SCENE,NO INJURY / DRIVE AWAY,,,,"$501 - $1,500",9/20/2019 3:53,NOT APPLICABLE,NOT APPLICABLE,752,N,HAMLIN AVE,1112,,,,,,,2,NO INDICATION OF INJURY,0,0,0,0,0,4,0,3,6,9,41.89520088,-87.72132993,POINT (-87.721329928934 41.895200878335)
JC440763,,9/20/2019 3:29,40,NO CONTROLS,NO CONTROLS,OTHER,"DARKNESS, LIGHTED ROAD",FIXED OBJECT,DIVIDED - W/MEDIAN BARRIER,,"CURVE, LEVEL",WET,NO DEFECTS,ON SCENE,INJURY AND / OR TOW DUE TO CRASH,,,,"OVER $1,500",9/20/2019 3:37,WEATHER,NOT APPLICABLE,1100,N,LAKE SHORE DR,1824,,,,,,,1,"REPORTED, NOT EVIDENT",1,0,0,0,1,0,0,3,6,9,41.90246193,-87.6246606,POINT (-87.624660600778 41.902461925754)
JC445845,,9/20/2019 3:00,30,NO CONTROLS,NO CONTROLS,UNKNOWN,"DARKNESS, LIGHTED ROAD",PARKED MOTOR VEHICLE,NOT DIVIDED,,STRAIGHT AND LEVEL,UNKNOWN,NO DEFECTS,NOT ON SCENE (DESK REPORT),NO INJURY / DRIVE AWAY,,,Y,"OVER $1,500",9/23/2019 22:12,UNABLE TO DETERMINE,NOT APPLICABLE,4857,S,LAFLIN ST,933,,,,,,,2,NO INDICATION OF INJURY,0,0,0,0,0,1,0,3,6,9,41.80514424,-87.66229949,POINT (-87.662299484908 41.805144236502)
JC441011,Y,9/20/2019 3:00,30,NO CONTROLS,NO CONTROLS,CLEAR,UNKNOWN,PARKED MOTOR VEHICLE,ONE-WAY,,STRAIGHT AND LEVEL,DRY,NO DEFECTS,ON SCENE,NO INJURY / DRIVE AWAY,,,Y,"OVER $1,500",9/20/2019 10:02,UNABLE TO DETERMINE,NOT APPLICABLE,2839,W,NELSON ST,1411,,,,,,,2,NO INDICATION OF INJURY,0,0,0,0,0,1,0,3,6,9,41.93653986,-87.699314,POINT (-87.699314002258 41.936539858377)
JC440748,,9/20/2019 2:40,30,TRAFFIC SIGNAL,FUNCTIONING PROPERLY,RAIN,"DARKNESS, LIGHTED ROAD",REAR END,FOUR WAY,,STRAIGHT AND LEVEL,WET,NO DEFECTS,ON SCENE,INJURY AND / OR TOW DUE TO CRASH,,,Y,"OVER $1,500",9/20/2019 2:42,UNDER THE INFLUENCE OF ALCOHOL/DRUGS (USE WHEN ARREST IS EFFECTED),FAILING TO REDUCE SPEED TO AVOID CRASH,301,S,CICERO AVE,1131,,,,,,,2,NONINCAPACITATING INJURY,1,0,0,1,0,1,0,2,6,9,41.87676473,-87.74499797,POINT (-87.744997971441 41.876764729315)
JC440756,,9/20/2019 2:10,30,NO CONTROLS,NO CONTROLS,CLEAR,"DARKNESS, LIGHTED ROAD",SIDESWIPE SAME DIRECTION,DIVIDED - W/MEDIAN (NOT RAISED),,STRAIGHT AND LEVEL,WET,NO DEFECTS,NOT ON SCENE (DESK REPORT),NO INJURY / DRIVE AWAY,,,Y,"OVER $1,500",9/20/2019 3:15,"OPERATING VEHICLE IN ERRATIC, RECKLESS, CARELESS, NEGLIGENT OR AGGRESSIVE MANNER",UNABLE TO DETERMINE,211,N,LARAMIE AVE,1532,,,,,,,2,NO INDICATION OF INJURY,0,0,0,0,0,2,0,2,6,9,41.88471878,-87.7550775,POINT (-87.755077496322 41.884718780112)
JC441386,,9/20/2019 2:00,30,NO CONTROLS,NO CONTROLS,CLEAR,DARKNESS,PARKED MOTOR VEHICLE,ONE-WAY,,STRAIGHT AND LEVEL,DRY,NO DEFECTS,NOT ON SCENE (DESK REPORT),NO INJURY / DRIVE AWAY,,,Y,"OVER $1,500",9/20/2019 14:40,UNABLE TO DETERMINE,NOT APPLICABLE,9247,S,WABASH AVE,634,,,,,,,2,NO INDICATION OF INJURY,0,0,0,0,0,1,0,2,6,9,41.72584421,-87.62216757,POINT (-87.622167567724 41.725844206977)
JC440800,Y,9/20/2019 2:00,30,NO CONTROLS,NO CONTROLS,UNKNOWN,UNKNOWN,PARKED MOTOR VEHICLE,ONE-WAY,,STRAIGHT AND LEVEL,DRY,NO DEFECTS,NOT ON SCENE (DESK REPORT),NO INJURY / DRIVE AWAY,,,Y,"OVER $1,500",9/20/2019 6:40,UNABLE TO DETERMINE,UNABLE TO DETERMINE,4235,W,CORTLAND ST,2534,,,,,,,2,NO INDICATION OF INJURY,0,0,0,0,0,1,0,2,6,9,41.91515352,-87.73281948,POINT (-87.732819475231 41.915153522544)
JC440718,,9/20/2019 1:55,20,NO CONTROLS,NO CONTROLS,RAIN,"DARKNESS, LIGHTED ROAD",PARKED MOTOR VEHICLE,ONE-WAY,,STRAIGHT AND LEVEL,WET,NO DEFECTS,ON SCENE,NO INJURY / DRIVE AWAY,,,,"$501 - $1,500",9/20/2019 1:57,DISTRACTION - FROM INSIDE VEHICLE,DRIVING SKILLS/KNOWLEDGE/EXPERIENCE,6052,W,BERENICE AVE,1633,,,,,,,2,NO INDICATION OF INJURY,0,0,0,0,0,1,0,1,6,9,41.95039453,-87.77877251,POINT (-87.778772510397 41.950394527644)
JC440710,,9/20/2019 1:27,25,NO CONTROLS,NO CONTROLS,RAIN,"DARKNESS, LIGHTED ROAD",FIXED OBJECT,DIVIDED - W/MEDIAN BARRIER,,"CURVE, LEVEL",WET,NO DEFECTS,ON SCENE,NO INJURY / DRIVE AWAY,,,,"$501 - $1,500",9/20/2019 1:28,WEATHER,DRIVING SKILLS/KNOWLEDGE/EXPERIENCE,1000,N,LAKE SHORE DR SB,1824,,,,,,,1,NO INDICATION OF INJURY,0,0,0,0,0,2,0,1,6,9,41.90095892,-87.61992817,POINT (-87.619928173678 41.900958919109)
JC441310,,9/20/2019 1:20,30,UNKNOWN,UNKNOWN,RAIN,"DARKNESS, LIGHTED ROAD",HEAD ON,NOT DIVIDED,,STRAIGHT AND LEVEL,WET,NO DEFECTS,NOT ON SCENE (DESK REPORT),NO INJURY / DRIVE AWAY,,,Y,"$501 - $1,500",9/20/2019 13:43,UNABLE TO DETERMINE,NOT APPLICABLE,4801,W,WILSON AVE,1623,,,,,,,2,NO INDICATION OF INJURY,0,0,0,0,0,2,0,1,6,9,41.96425346,-87.74776925,POINT (-87.747769250803 41.964253460197)
JC441816,,9/20/2019 1:15,30,NO CONTROLS,NO CONTROLS,CLEAR,DARKNESS,SIDESWIPE SAME DIRECTION,DIVIDED - W/MEDIAN (NOT RAISED),,STRAIGHT AND LEVEL,DRY,NO DEFECTS,NOT ON SCENE (DESK REPORT),NO INJURY / DRIVE AWAY,,,,"$501 - $1,500",9/20/2019 19:40,FOLLOWING TOO CLOSELY,NOT APPLICABLE,4400,W,79TH ST,834,,,,,,,2,NO INDICATION OF INJURY,0,0,0,0,0,2,0,1,6,9,41.74950189,-87.73169687,POINT (-87.731696869903 41.749501892433)
JC440707,,9/20/2019 1:09,25,TRAFFIC SIGNAL,FUNCTIONING PROPERLY,CLEAR,UNKNOWN,TURNING,NOT DIVIDED,,STRAIGHT AND LEVEL,DRY,NO DEFECTS,ON SCENE,NO INJURY / DRIVE AWAY,,,Y,"$501 - $1,500",9/20/2019 1:14,NOT APPLICABLE,NOT APPLICABLE,5100,S,COTTAGE GROVE AVE,233,,,,,,,2,NO INDICATION OF INJURY,0,0,0,0,0,2,0,1,6,9,41.80222063,-87.60655293,POINT (-87.606552929969 41.802220633425)
JC440709,,9/20/2019 0:57,40,NO CONTROLS,NO CONTROLS,RAIN,"DARKNESS, LIGHTED ROAD",FIXED OBJECT,RAMP,,"CURVE, LEVEL",WET,NO DEFECTS,ON SCENE,INJURY AND / OR TOW DUE TO CRASH,,,,"OVER $1,500",9/20/2019 0:59,FAILING TO REDUCE SPEED TO AVOID CRASH,"OPERATING VEHICLE IN ERRATIC, RECKLESS, CARELESS, NEGLIGENT OR AGGRESSIVE MANNER",3600,N,LAKE SHORE DR NB,1925,,,,,,,1,INCAPACITATING INJURY,1,0,1,0,0,1,0,0,6,9,41.9488099,-87.6432618,POINT (-87.643261800704 41.948809902656)
JC441265,,9/20/2019 0:45,30,TRAFFIC SIGNAL,FUNCTIONING PROPERLY,CLEAR,DAYLIGHT,TURNING,NOT DIVIDED,,STRAIGHT AND LEVEL,DRY,NO DEFECTS,NOT ON SCENE (DESK REPORT),NO INJURY / DRIVE AWAY,Y,,,"$501 - $1,500",9/20/2019 16:25,FOLLOWING TOO CLOSELY,FAILING TO REDUCE SPEED TO AVOID CRASH,3958,W,ARMITAGE AVE,2525,,,,,,,2,NO INDICATION OF INJURY,0,0,0,0,0,2,0,0,6,9,41.91727674,-87.72650046,POINT (-87.726500455498 41.917276737995)
JC440690,,9/20/2019 0:20,30,TRAFFIC SIGNAL,FUNCTIONING PROPERLY,RAIN,"DARKNESS, LIGHTED ROAD",ANGLE,CENTER TURN LANE,,STRAIGHT AND LEVEL,WET,UNKNOWN,ON SCENE,INJURY AND / OR TOW DUE TO CRASH,Y,Y,,"OVER $1,500",9/20/2019 0:27,DISREGARDING TRAFFIC SIGNALS,UNABLE TO DETERMINE,1600,N,ASHLAND AVE,1433,,,,,,,2,NONINCAPACITATING INJURY,2,0,0,2,0,0,0,0,6,9,41.91071924,-87.66784081,POINT (-87.66784080722 41.910719243344)
JC440687,,9/20/2019 0:20,30,TRAFFIC SIGNAL,FUNCTIONING PROPERLY,RAIN,"DARKNESS, LIGHTED ROAD",TURNING,FOUR WAY,,STRAIGHT AND LEVEL,WET,NO DEFECTS,ON SCENE,NO INJURY / DRIVE AWAY,Y,,Y,"$501 - $1,500",9/20/2019 0:23,DISREGARDING TRAFFIC SIGNALS,NOT APPLICABLE,4802,W,FLOURNOY ST,1533,,,,,,,2,NO INDICATION OF INJURY,0,0,0,0,0,2,0,0,6,9,41.87217893,-87.74506942,POINT (-87.745069422454 41.872178931155)
JC440682,,9/20/2019 0:17,30,PEDESTRIAN CROSSING SIGN,NO CONTROLS,RAIN,"DARKNESS, LIGHTED ROAD",PEDESTRIAN,DIVIDED - W/MEDIAN BARRIER,,STRAIGHT AND LEVEL,WET,NO DEFECTS,ON SCENE,INJURY AND / OR TOW DUE TO CRASH,,,,$500 OR LESS,9/20/2019 0:18,UNABLE TO DETERMINE,NOT APPLICABLE,3279,W,FULLERTON AVE,1413,,,,,,,2,NONINCAPACITATING INJURY,1,0,0,1,0,1,0,0,6,9,41.9245716,-87.71041247,POINT (-87.710412469459 41.92457160169)
JC440681,,9/20/2019 0:05,30,TRAFFIC SIGNAL,FUNCTIONING PROPERLY,CLEAR,"DARKNESS, LIGHTED ROAD",SIDESWIPE SAME DIRECTION,DIVIDED - W/MEDIAN (NOT RAISED),,STRAIGHT AND LEVEL,DRY,NO DEFECTS,ON SCENE,NO INJURY / DRIVE AWAY,,,,"$501 - $1,500",9/20/2019 0:10,IMPROPER LANE USAGE,NOT APPLICABLE,1,W,87TH ST,632,,,,,,,2,NO INDICATION OF INJURY,0,0,0,0,0,4,0,0,6,9,41.73618924,-87.62417653,POINT (-87.624176525958 41.736189235332)
JC440666,,9/19/2019 23:57,30,NO CONTROLS,NO CONTROLS,CLEAR,"DARKNESS, LIGHTED ROAD",PARKED MOTOR VEHICLE,ONE-WAY,,STRAIGHT AND LEVEL,DRY,NO DEFECTS,ON SCENE,INJURY AND / OR TOW DUE TO CRASH,N,,,"OVER $1,500",9/19/2019 23:57,DISTRACTION - FROM INSIDE VEHICLE,NOT APPLICABLE,410,E,62ND ST,313,,,,,,,2,NO INDICATION OF INJURY,0,0,0,0,0,1,0,23,5,9,41.78219033,-87.61519327,POINT (-87.615193266304 41.782190330921)
JC440680,,9/19/2019 23:55,30,STOP SIGN/FLASHER,FUNCTIONING PROPERLY,CLEAR,"DARKNESS, LIGHTED ROAD",ANGLE,NOT DIVIDED,,STRAIGHT AND LEVEL,DRY,UNKNOWN,NOT ON SCENE (DESK REPORT),INJURY AND / OR TOW DUE TO CRASH,Y,,,"OVER $1,500",9/20/2019 0:40,DISTRACTION - FROM INSIDE VEHICLE,DISTRACTION - FROM INSIDE VEHICLE,900,N,ORLEANS ST,1823,,,,,,,2,NONINCAPACITATING INJURY,1,0,0,1,0,2,0,23,5,9,41.89897902,-87.63741021,POINT (-87.637410212028 41.898979021041)
JC450016,,9/19/2019 23:50,30,STOP SIGN/FLASHER,FUNCTIONING PROPERLY,CLEAR,"DARKNESS, LIGHTED ROAD",ANGLE,FOUR WAY,,STRAIGHT AND LEVEL,DRY,NO DEFECTS,ON SCENE,INJURY AND / OR TOW DUE TO CRASH,Y,,,"OVER $1,500",9/26/2019 23:53,FAILING TO YIELD RIGHT-OF-WAY,DISREGARDING STOP SIGN,7300,S,PRAIRIE AVE,323,,,,,,,2,NO INDICATION OF INJURY,0,0,0,0,0,2,0,23,5,9,41.76190564,-87.61853933,POINT (-87.618539333546 41.761905643122)
JC440673,,9/19/2019 23:45,35,NO CONTROLS,NO CONTROLS,RAIN,"DARKNESS, LIGHTED ROAD",REAR END,NOT DIVIDED,,STRAIGHT AND LEVEL,WET,NO DEFECTS,ON SCENE,INJURY AND / OR TOW DUE TO CRASH,,,Y,"OVER $1,500",9/19/2019 23:55,UNABLE TO DETERMINE,NOT APPLICABLE,8701,W,HIGGINS RD,1614,,,,,,,3,"REPORTED, NOT EVIDENT",1,0,0,0,1,4,0,23,5,9,41.98734779,-87.84386015,POINT (-87.843860152856 41.987347790415)
JC440623,,9/19/2019 22:59,30,NO CONTROLS,NO CONTROLS,CLEAR,"DARKNESS, LIGHTED ROAD",FIXED OBJECT,NOT DIVIDED,,STRAIGHT AND LEVEL,DRY,NO DEFECTS,ON SCENE,INJURY AND / OR TOW DUE TO CRASH,,,,"OVER $1,500",9/19/2019 23:04,UNABLE TO DETERMINE,NOT APPLICABLE,25,E,79TH ST,623,,,,,,,1,NO INDICATION OF INJURY,0,0,0,0,0,1,0,22,5,9,41.75086313,-87.62348538,POINT (-87.623485381402 41.750863129114)
JC440620,,9/19/2019 22:55,20,NO CONTROLS,NO CONTROLS,CLEAR,"DARKNESS, LIGHTED ROAD",FIXED OBJECT,ALLEY,,STRAIGHT AND LEVEL,DRY,NO DEFECTS,ON SCENE,NO INJURY / DRIVE AWAY,,Y,,"OVER $1,500",9/19/2019 23:05,FAILING TO REDUCE SPEED TO AVOID CRASH,UNABLE TO DETERMINE,2601,N,MAJOR AVE,2514,,,,,,,1,NO INDICATION OF INJURY,0,0,0,0,0,2,0,22,5,9,41.92768743,-87.76840532,POINT (-87.768405316991 41.92768742517)
JC440618,,9/19/2019 22:45,30,TRAFFIC SIGNAL,FUNCTIONING PROPERLY,CLEAR,DARKNESS,REAR END,NOT DIVIDED,,STRAIGHT AND LEVEL,DRY,NO DEFECTS,NOT ON SCENE (DESK REPORT),INJURY AND / OR TOW DUE TO CRASH,,,,"OVER $1,500",9/19/2019 23:08,UNABLE TO DETERMINE,UNABLE TO DETERMINE,1520,W,FULLERTON AVE,1932,,,,,,,2,"REPORTED, NOT EVIDENT",1,0,0,0,1,1,0,22,5,9,41.92528231,-87.66661708,POINT (-87.666617077535 41.925282314355)
JC440624,,9/19/2019 22:42,30,TRAFFIC SIGNAL,FUNCTIONING PROPERLY,CLEAR,"DARKNESS, LIGHTED ROAD",REAR END,DIVIDED - W/MEDIAN BARRIER,,STRAIGHT AND LEVEL,DRY,NO DEFECTS,ON SCENE,INJURY AND / OR TOW DUE TO CRASH,,,,"$501 - $1,500",9/19/2019 22:45,FOLLOWING TOO CLOSELY,DISTRACTION - FROM INSIDE VEHICLE,300,E,ROOSEVELT DR,114,Y,Y,,,,,2,NONINCAPACITATING INJURY,1,0,0,1,0,2,0,22,5,9,41.86762343,-87.6203324,POINT (-87.62033239926 41.867623428526)
JC440616,,9/19/2019 22:42,30,NO CONTROLS,NO CONTROLS,CLEAR,"DARKNESS, LIGHTED ROAD",FIXED OBJECT,ONE-WAY,,STRAIGHT AND LEVEL,DRY,UNKNOWN,ON SCENE,NO INJURY / DRIVE AWAY,,Y,,"OVER $1,500",9/19/2019 22:45,DISTRACTION - FROM INSIDE VEHICLE,UNABLE TO DETERMINE,7146,S,OGLESBY AVE,334,N,,,,,,1,NO INDICATION OF INJURY,0,0,0,0,0,2,0,22,5,9,41.76482657,-87.56785219,POINT (-87.567852188047 41.764826565331)
JC441159,,9/19/2019 22:40,30,TRAFFIC SIGNAL,FUNCTIONING PROPERLY,CLEAR,"DARKNESS, LIGHTED ROAD",REAR TO FRONT,DIVIDED - W/MEDIAN (NOT RAISED),,STRAIGHT AND LEVEL,DRY,NO DEFECTS,NOT ON SCENE (DESK REPORT),NO INJURY / DRIVE AWAY,,,,"OVER $1,500",9/20/2019 12:10,IMPROPER BACKING,FAILING TO REDUCE SPEED TO AVOID CRASH,625,N,LA SALLE DR,1832,,,,,,,2,NO INDICATION OF INJURY,0,0,0,0,0,2,0,22,5,9,41.89317108,-87.63248987,POINT (-87.632489872566 41.893171077236)
JC440634,,9/19/2019 22:40,35,NO CONTROLS,OTHER,CLEAR,DARKNESS,PARKED MOTOR VEHICLE,PARKING LOT,,STRAIGHT AND LEVEL,DRY,OTHER,NOT ON SCENE (DESK REPORT),NO INJURY / DRIVE AWAY,,,,"OVER $1,500",9/19/2019 23:20,IMPROPER BACKING,NOT APPLICABLE,2367,W,LOGAN BLVD,1432,,,,,,,2,NO INDICATION OF INJURY,0,0,0,0,0,1,0,22,5,9,41.92899969,-87.68702434,POINT (-87.687024335923 41.928999687057)
JC440627,,9/19/2019 22:40,35,NO CONTROLS,NO CONTROLS,CLEAR,"DARKNESS, LIGHTED ROAD",PARKED MOTOR VEHICLE,ONE-WAY,,STRAIGHT AND LEVEL,DRY,NO DEFECTS,ON SCENE,INJURY AND / OR TOW DUE TO CRASH,,,N,"OVER $1,500",9/19/2019 22:41,UNDER THE INFLUENCE OF ALCOHOL/DRUGS (USE WHEN ARREST IS EFFECTED),NOT APPLICABLE,1045,N,CENTRAL PARK AVE,1121,,,,,,,5,NONINCAPACITATING INJURY,1,0,0,1,0,0,0,22,5,9,41.90044631,-87.71633355,POINT (-87.716333548775 41.900446314218)
JC440603,,9/19/2019 22:30,30,NO CONTROLS,NO CONTROLS,RAIN,"DARKNESS, LIGHTED ROAD",PARKED MOTOR VEHICLE,NOT DIVIDED,,STRAIGHT AND LEVEL,DRY,NO DEFECTS,ON SCENE,NO INJURY / DRIVE AWAY,,,,"OVER $1,500",9/19/2019 22:30,NOT APPLICABLE,NOT APPLICABLE,2814,N,SHEFFIELD AVE,1933,,,,,,,2,NO INDICATION OF INJURY,0,0,0,0,0,3,0,22,5,9,41.93312017,-87.65402308,POINT (-87.654023082355 41.933120167809)
JC440613,,9/19/2019 22:24,35,TRAFFIC SIGNAL,FUNCTIONING PROPERLY,CLEAR,DARKNESS,TURNING,NOT DIVIDED,,STRAIGHT AND LEVEL,DRY,NO DEFECTS,NOT ON SCENE (DESK REPORT),NO INJURY / DRIVE AWAY,Y,,,"OVER $1,500",9/19/2019 22:50,FAILING TO REDUCE SPEED TO AVOID CRASH,FAILING TO REDUCE SPEED TO AVOID CRASH,1725,S,STATE ST,131,,,,,,,2,NO INDICATION OF INJURY,0,0,0,0,0,2,0,22,5,9,41.85818685,-87.6270585,POINT (-87.627058497283 41.858186851423)
JC440625,Y,9/19/2019 22:15,45,NO CONTROLS,NO CONTROLS,CLEAR,DARKNESS,TURNING,NOT DIVIDED,,STRAIGHT AND LEVEL,DRY,NO DEFECTS,NOT ON SCENE (DESK REPORT),NO INJURY / DRIVE AWAY,,,,"OVER $1,500",9/19/2019 23:05,IMPROPER OVERTAKING/PASSING,IMPROPER OVERTAKING/PASSING,172,N,BESSIE COLEMAN DR,1654,,,,,,,2,NO INDICATION OF INJURY,0,0,0,0,0,2,0,22,5,9,,,
JC440582,,9/19/2019 22:15,30,TRAFFIC SIGNAL,FUNCTIONING PROPERLY,CLEAR,DARKNESS,SIDESWIPE SAME DIRECTION,ONE-WAY,,STRAIGHT AND LEVEL,UNKNOWN,UNKNOWN,NOT ON SCENE (DESK REPORT),NO INJURY / DRIVE AWAY,,,Y,"OVER $1,500",9/19/2019 22:35,IMPROPER OVERTAKING/PASSING,UNABLE TO DETERMINE,5800,S,WENTWORTH AVE,232,,,,,,,2,NO INDICATION OF INJURY,0,0,0,0,0,2,0,22,5,9,41.78878441,-87.63049658,POINT (-87.630496584194 41.78878441115)
JC440607,,9/19/2019 22:13,30,STOP SIGN/FLASHER,FUNCTIONING PROPERLY,CLEAR,"DARKNESS, LIGHTED ROAD",FIXED OBJECT,ONE-WAY,,STRAIGHT AND LEVEL,DRY,NO DEFECTS,ON SCENE,INJURY AND / OR TOW DUE TO CRASH,Y,,,"OVER $1,500",9/19/2019 22:26,DRIVING SKILLS/KNOWLEDGE/EXPERIENCE,IMPROPER TURNING/NO SIGNAL,20,E,CHESTNUT ST,1833,,,,,,,1,NONINCAPACITATING INJURY,1,0,0,1,0,2,0,22,5,9,41.89844464,-87.62740564,POINT (-87.627405639765 41.898444636675)
JC440574,,9/19/2019 22:07,30,NO CONTROLS,NO CONTROLS,CLEAR,"DARKNESS, LIGHTED ROAD",SIDESWIPE SAME DIRECTION,DIVIDED - W/MEDIAN (NOT RAISED),,STRAIGHT AND LEVEL,DRY,NO DEFECTS,ON SCENE,NO INJURY / DRIVE AWAY,,,,"OVER $1,500",9/19/2019 22:12,FAILING TO YIELD RIGHT-OF-WAY,NOT APPLICABLE,4721,W,LAWRENCE AVE,1722,,,,,,,4,NO INDICATION OF INJURY,0,0,0,0,0,2,0,22,5,9,41.96793585,-87.74619341,POINT (-87.746193414343 41.967935847335)
JC440578,,9/19/2019 22:02,30,TRAFFIC SIGNAL,FUNCTIONING PROPERLY,CLEAR,"DARKNESS, LIGHTED ROAD",REAR END,DIVIDED - W/MEDIAN (NOT RAISED),,STRAIGHT AND LEVEL,DRY,NO DEFECTS,ON SCENE,NO INJURY / DRIVE AWAY,Y,,Y,"OVER $1,500",9/19/2019 22:23,UNABLE TO DETERMINE,UNABLE TO DETERMINE,710,S,CENTRAL AVE,1513,,Y,,,,,2,NO INDICATION OF INJURY,0,0,0,0,0,2,0,22,5,9,41.87137976,-87.76466747,POINT (-87.764667467035 41.871379764068)
JC440585,,9/19/2019 22:00,30,STOP SIGN/FLASHER,FUNCTIONING PROPERLY,CLEAR,"DARKNESS, LIGHTED ROAD",PEDALCYCLIST,NOT DIVIDED,,STRAIGHT AND LEVEL,DRY,NO DEFECTS,NOT ON SCENE (DESK REPORT),INJURY AND / OR TOW DUE TO CRASH,Y,,,$500 OR LESS,9/19/2019 22:30,DISREGARDING STOP SIGN,NOT APPLICABLE,3258,S,SHIELDS AVE,915,,,,,,,2,NONINCAPACITATING INJURY,1,0,0,1,0,1,0,22,5,9,41.83463374,-87.63537982,POINT (-87.635379824166 41.834633743279)