RD_NO,CRASH_DATE_EST_I,CRASH_DATE,POSTED_SPEED_LIMIT,TRAFFIC_CONTROL_DEVICE,DEVICE_CONDITION,WEATHER_CONDITION,LIGHTING_CONDITION,FIRST_CRASH_TYPE,TRAFFICWAY_TYPE,LANE_CNT,ALIGNMENT,ROADWAY_SURFACE_COND,ROAD_DEFECT,REPORT_TYPE,CRASH_TYPE,INTERSECTION_RELATED_I,NOT_RIGHT_OF_WAY_I,HIT_AND_RUN_I,DAMAGE,DATE_POLICE_NOTIFIED,PRIM_CONTRIBUTORY_CAUSE,SEC_CONTRIBUTORY_CAUSE,STREET_NO,STREET_DIRECTION,STREET_NAME,BEAT_OF_OCCURRENCE,PHOTOS_TAKEN_I,STATEMENTS_TAKEN_I,DOORING_I,WORK_ZONE_I,WORK_ZONE_TYPE,WORKERS_PRESENT_I,NUM_UNITS,MOST_SEVERE_INJURY,INJURIES_TOTAL,INJURIES_FATAL,INJURIES_INCAPACITATING,INJURIES_NON_INCAPACITATING,INJURIES_REPORTED_NOT_EVIDENT,INJURIES_NO_INDICATION,INJURIES_UNKNOWN,CRASH_HOUR,CRASH_DAY_OF_WEEK,CRASH_MONTH,LATITUDE,LONGITUDE,LOCATION
JC440555,,9/19/2019 21:54,30,NO CONTROLS,NO CONTROLS,CLEAR,"DARKNESS, LIGHTED ROAD",SIDESWIPE SAME DIRECTION,NOT DIVIDED,,STRAIGHT AND LEVEL,DRY,NO DEFECTS,ON SCENE,NO INJURY / DRIVE AWAY,,,,"OVER $1,500",9/19/2019 21:55,FAILING TO YIELD RIGHT-OF-WAY,NOT APPLICABLE,3056,S,KEELEY ST,913,,,,,,,2,NO INDICATION OF INJURY,0,0,0,0,0,3,0,21,5,9,41.83817513,-87.6516416,POINT (-87.651641600923 41.83817512674)
JC440550,,9/19/2019 21:51,30,TRAFFIC SIGNAL,FUNCTIONING PROPERLY,CLEAR,"DARKNESS, LIGHTED ROAD",REAR END,NOT DIVIDED,,STRAIGHT AND LEVEL,DRY,NO DEFECTS,ON SCENE,NO INJURY / DRIVE AWAY,Y,,,"$501 - $1,500",9/19/2019 21:55,UNABLE TO DETERMINE,UNABLE TO DETERMINE,2241,S,CANAL ST,914,,,,,,,2,NO INDICATION OF INJURY,0,0,0,0,0,3,0,21,5,9,41.85146946,-87.63835082,POINT (-87.638350822522 41.851469454621)
JC440597,Y,9/19/2019 21:47,30,UNKNOWN,NO CONTROLS,CLEAR,DARKNESS,PARKED MOTOR VEHICLE,NOT DIVIDED,,STRAIGHT AND LEVEL,DRY,NO DEFECTS,NOT ON SCENE (DESK REPORT),NO INJURY / DRIVE AWAY,,,,"$501 - $1,500",9/19/2019 22:40,IMPROPER BACKING,IMPROPER BACKING,6224,W,LAWRENCE AVE,1622,,,,,,,2,NO INDICATION OF INJURY,0,0,0,0,0,1,0,21,5,9,41.96764606,-87.78294274,POINT (-87.78294273949 41.96764606343)
JC440646,,9/19/2019 21:45,40,UNKNOWN,UNKNOWN,UNKNOWN,"DARKNESS, LIGHTED ROAD",SIDESWIPE SAME DIRECTION,OTHER,,STRAIGHT AND LEVEL,UNKNOWN,UNKNOWN,NOT ON SCENE (DESK REPORT),NO INJURY / DRIVE AWAY,,,Y,"OVER $1,500",9/19/2019 23:45,UNABLE TO DETERMINE,NOT APPLICABLE,736,N,LAKE SHORE DR NB,1833,,,,,,,2,NO INDICATION OF INJURY,0,0,0,0,0,2,0,21,5,9,41.89598625,-87.61626075,POINT (-87.616260754024 41.895986253043)
JC440537,,9/19/2019 21:40,15,NO CONTROLS,NO CONTROLS,CLEAR,"DARKNESS, LIGHTED ROAD",PARKED MOTOR VEHICLE,ONE-WAY,,STRAIGHT AND LEVEL,DRY,NO DEFECTS,ON SCENE,NO INJURY / DRIVE AWAY,,,,$500 OR LESS,9/19/2019 21:53,UNABLE TO DETERMINE,UNABLE TO DETERMINE,4940,N,WINTHROP AVE,2033,,,,,,,2,NO INDICATION OF INJURY,0,0,0,0,0,1,0,21,5,9,41.97273795,-87.6578677,POINT (-87.657867695685 41.972737948717)
JC440534,,9/19/2019 21:35,30,NO CONTROLS,NO CONTROLS,CLEAR,"DARKNESS, LIGHTED ROAD",PARKED MOTOR VEHICLE,ONE-WAY,,STRAIGHT AND LEVEL,DRY,NO DEFECTS,ON SCENE,NO INJURY / DRIVE AWAY,,,Y,"OVER $1,500",9/19/2019 21:41,IMPROPER BACKING,UNABLE TO DETERMINE,820,W,JACKSON BLVD,1232,,,,,,,2,NO INDICATION OF INJURY,0,0,0,0,0,1,0,21,5,9,41.87804348,-87.64818021,POINT (-87.648180210935 41.878043475003)
JC440551,,9/19/2019 21:15,30,TRAFFIC SIGNAL,FUNCTIONING PROPERLY,CLEAR,"DARKNESS, LIGHTED ROAD",TURNING,NOT DIVIDED,,STRAIGHT AND LEVEL,DRY,NO DEFECTS,ON SCENE,INJURY AND / OR TOW DUE TO CRASH,Y,,,"OVER $1,500",9/19/2019 21:18,DISREGARDING TRAFFIC SIGNALS,NOT APPLICABLE,301,S,CICERO AVE,1131,,,,,,,2,NO INDICATION OF INJURY,0,0,0,0,0,2,0,21,5,9,41.87676473,-87.74499797,POINT (-87.744997971441 41.876764729315)
JC440513,,9/19/2019 21:15,20,NO CONTROLS,NO CONTROLS,CLEAR,"DARKNESS, LIGHTED ROAD",SIDESWIPE SAME DIRECTION,OTHER,,STRAIGHT AND LEVEL,DRY,NO DEFECTS,ON SCENE,NO INJURY / DRIVE AWAY,,,,$500 OR LESS,9/19/2019 21:20,UNABLE TO DETERMINE,NOT APPLICABLE,2,W,TERMINAL ST,1652,,,,,,,2,NO INDICATION OF INJURY,0,0,0,0,0,2,0,21,5,9,,,
JC440520,,9/19/2019 21:09,30,TRAFFIC SIGNAL,FUNCTIONING PROPERLY,CLEAR,"DARKNESS, LIGHTED ROAD",REAR TO FRONT,DIVIDED - W/MEDIAN (NOT RAISED),,STRAIGHT AND LEVEL,DRY,NO DEFECTS,ON SCENE,INJURY AND / OR TOW DUE TO CRASH,Y,,,"OVER $1,500",9/19/2019 21:10,FAILING TO REDUCE SPEED TO AVOID CRASH,NOT APPLICABLE,6900,S,STONY ISLAND AVE,332,,,,,,,2,NO INDICATION OF INJURY,0,0,0,0,0,5,0,21,5,9,41.76964982,-87.58638311,POINT (-87.586383110145 41.769649814616)
JC440517,Y,9/19/2019 21:05,35,TRAFFIC SIGNAL,FUNCTIONING PROPERLY,CLEAR,"DARKNESS, LIGHTED ROAD",TURNING,CENTER TURN LANE,,STRAIGHT AND LEVEL,DRY,NO DEFECTS,ON SCENE,INJURY AND / OR TOW DUE TO CRASH,Y,,,"OVER $1,500",9/19/2019 21:45,FAILING TO YIELD RIGHT-OF-WAY,DISREGARDING OTHER TRAFFIC SIGNS,1200,N,MILWAUKEE AVE,1424,,,,,,,4,INCAPACITATING INJURY,2,0,2,0,0,2,0,21,5,9,41.9033078,-87.66663209,POINT (-87.666632088377 41.903307803577)
JC440491,,9/19/2019 21:02,20,NO CONTROLS,NO CONTROLS,CLEAR,"DARKNESS, LIGHTED ROAD",SIDESWIPE SAME DIRECTION,OTHER,,"CURVE, LEVEL",DRY,NO DEFECTS,ON SCENE,NO INJURY / DRIVE AWAY,,,,"$501 - $1,500",9/19/2019 21:03,FAILING TO YIELD RIGHT-OF-WAY,NOT APPLICABLE,1,W,TERMINAL ST,1651,,,,,,,2,NO INDICATION OF INJURY,0,0,0,0,0,4,0,21,5,9,,,
JC440527,Y,9/19/2019 20:50,30,NO CONTROLS,NO CONTROLS,CLEAR,DARKNESS,PARKED MOTOR VEHICLE,NOT DIVIDED,,STRAIGHT AND LEVEL,DRY,NO DEFECTS,NOT ON SCENE (DESK REPORT),NO INJURY / DRIVE AWAY,,,Y,"$501 - $1,500",9/19/2019 21:45,UNABLE TO DETERMINE,UNABLE TO DETERMINE,3410,W,FOSTER AVE,1712,,,,,,,2,NO INDICATION OF INJURY,0,0,0,0,0,1,0,20,5,9,41.97579572,-87.71400965,POINT (-87.714009646981 41.975795717743)
JC440502,,9/19/2019 20:45,30,TRAFFIC SIGNAL,UNKNOWN,CLEAR,"DARKNESS, LIGHTED ROAD",REAR END,NOT DIVIDED,,STRAIGHT AND LEVEL,UNKNOWN,UNKNOWN,NOT ON SCENE (DESK REPORT),NO INJURY / DRIVE AWAY,,,,"OVER $1,500",9/19/2019 21:00,UNABLE TO DETERMINE,NOT APPLICABLE,1159,N,CICERO AVE,1111,,,,,,,3,NO INDICATION OF INJURY,0,0,0,0,0,4,0,20,5,9,41.90230799,-87.74583059,POINT (-87.745830587239 41.902307988818)
JC440467,,9/19/2019 20:40,30,NO CONTROLS,NO CONTROLS,CLEAR,DARKNESS,SIDESWIPE SAME DIRECTION,NOT DIVIDED,,STRAIGHT AND LEVEL,DRY,NO DEFECTS,ON SCENE,NO INJURY / DRIVE AWAY,,,,$500 OR LESS,9/19/2019 20:45,ROAD CONSTRUCTION/MAINTENANCE,NOT APPLICABLE,7939,W,FOREST PRESERVE AVE,1631,,,,,,,2,NO INDICATION OF INJURY,0,0,0,0,0,2,0,20,5,9,41.94482045,-87.82566184,POINT (-87.825661839369 41.944820445161)
JC440478,,9/19/2019 20:39,30,NO CONTROLS,NO CONTROLS,CLEAR,"DARKNESS, LIGHTED ROAD",SIDESWIPE OPPOSITE DIRECTION,ONE-WAY,,STRAIGHT AND LEVEL,DRY,NO DEFECTS,ON SCENE,INJURY AND / OR TOW DUE TO CRASH,,,N,"OVER $1,500",9/19/2019 20:40,UNABLE TO DETERMINE,NOT APPLICABLE,299,E,ONTARIO ST,1834,,,,,,,2,"REPORTED, NOT EVIDENT",2,0,0,0,2,1,0,20,5,9,41.89329368,-87.6203929,POINT (-87.620392894691 41.893293676585)
JC440353,,9/19/2019 20:35,30,TRAFFIC SIGNAL,UNKNOWN,UNKNOWN,UNKNOWN,ANGLE,DIVIDED - W/MEDIAN (NOT RAISED),,STRAIGHT AND LEVEL,UNKNOWN,UNKNOWN,NOT ON SCENE (DESK REPORT),NO INJURY / DRIVE AWAY,,,,"$501 - $1,500",9/19/2019 21:45,UNABLE TO DETERMINE,UNABLE TO DETERMINE,6901,S,PULASKI RD,833,,,,,,,2,NO INDICATION OF INJURY,0,0,0,0,0,3,0,20,5,9,41.76769188,-87.72233765,POINT (-87.72233765074 41.767691882839)
JC440570,,9/19/2019 20:30,30,NO CONTROLS,NO CONTROLS,CLEAR,"DARKNESS, LIGHTED ROAD",PARKED MOTOR VEHICLE,PARKING LOT,,STRAIGHT AND LEVEL,DRY,NO DEFECTS,ON SCENE,NO INJURY / DRIVE AWAY,,,Y,"OVER $1,500",9/19/2019 21:53,IMPROPER BACKING,UNABLE TO DETERMINE,1840,S,KARLOV AVE,1012,,,,,,,2,NO INDICATION OF INJURY,0,0,0,0,0,1,0,20,5,9,41.85580665,-87.72741966,POINT (-87.727419659453 41.855806649525)
JC440563,,9/19/2019 20:30,25,UNKNOWN,UNKNOWN,UNKNOWN,"DARKNESS, LIGHTED ROAD",SIDESWIPE SAME DIRECTION,ONE-WAY,,STRAIGHT AND LEVEL,UNKNOWN,UNKNOWN,NOT ON SCENE (DESK REPORT),NO INJURY / DRIVE AWAY,,,Y,"OVER $1,500",9/19/2019 23:00,UNABLE TO DETERMINE,NOT APPLICABLE,4339,W,DICKENS AVE,2522,,,,,,,2,NO INDICATION OF INJURY,0,0,0,0,0,2,0,20,5,9,41.91877866,-87.73550039,POINT (-87.735500387468 41.918778656025)
JC440466,,9/19/2019 20:30,35,NO CONTROLS,NO CONTROLS,CLEAR,DAYLIGHT,SIDESWIPE SAME DIRECTION,NOT DIVIDED,,STRAIGHT AND LEVEL,DRY,NO DEFECTS,NOT ON SCENE (DESK REPORT),NO INJURY / DRIVE AWAY,,,,"OVER $1,500",9/19/2019 20:44,IMPROPER OVERTAKING/PASSING,NOT APPLICABLE,6300,S,CICERO AVE,813,,,,,,,2,NO INDICATION OF INJURY,0,0,0,0,0,2,0,20,5,9,41.77833539,-87.74243649,POINT (-87.74243649416 41.778335390453)
JC440462,,9/19/2019 20:20,30,NO CONTROLS,NO CONTROLS,CLEAR,"DARKNESS, LIGHTED ROAD",TURNING,FOUR WAY,,STRAIGHT AND LEVEL,DRY,NO DEFECTS,ON SCENE,INJURY AND / OR TOW DUE TO CRASH,Y,,,"$501 - $1,500",9/19/2019 20:26,FAILING TO YIELD RIGHT-OF-WAY,FAILING TO REDUCE SPEED TO AVOID CRASH,6699,S,WASHTENAW AVE,831,,,,,,,3,INCAPACITATING INJURY,1,0,1,0,0,2,0,20,5,9,41.77195405,-87.69062525,POINT (-87.690625254207 41.771954046573)
JC440569,,9/19/2019 20:19,30,TRAFFIC SIGNAL,FUNCTIONING PROPERLY,CLEAR,"DARKNESS, LIGHTED ROAD",HEAD ON,FOUR WAY,,STRAIGHT AND LEVEL,DRY,NO DEFECTS,ON SCENE,INJURY AND / OR TOW DUE TO CRASH,Y,,,"OVER $1,500",9/19/2019 22:06,FAILING TO YIELD RIGHT-OF-WAY,NOT APPLICABLE,8700,S,HALSTED ST,2223,,,,,,,2,NO INDICATION OF INJURY,0,0,0,0,0,5,0,20,5,9,41.73578527,-87.64375883,POINT (-87.643758829628 41.735785266472)
JC440782,,9/19/2019 20:15,30,NO CONTROLS,NO CONTROLS,CLEAR,DAYLIGHT,PEDALCYCLIST,NOT DIVIDED,,STRAIGHT AND LEVEL,DRY,NO DEFECTS,NOT ON SCENE (DESK REPORT),INJURY AND / OR TOW DUE TO CRASH,,,,"OVER $1,500",9/20/2019 5:20,BICYCLE ADVANCING LEGALLY ON RED LIGHT,UNABLE TO DETERMINE,4016,N,DAMEN AVE,1911,,,Y,,,,2,"REPORTED, NOT EVIDENT",1,0,0,0,1,0,0,20,5,9,41.95480218,-87.67891956,POINT (-87.67891956285 41.95480218421)
JC440556,,9/19/2019 20:10,35,STOP SIGN/FLASHER,NO CONTROLS,UNKNOWN,UNKNOWN,PEDESTRIAN,FOUR WAY,,STRAIGHT AND LEVEL,UNKNOWN,UNKNOWN,NOT ON SCENE (DESK REPORT),INJURY AND / OR TOW DUE TO CRASH,Y,,,$500 OR LESS,9/19/2019 22:00,DISREGARDING STOP SIGN,NOT APPLICABLE,4133,N,WOLCOTT AVE,1912,,,,,,,2,NONINCAPACITATING INJURY,1,0,0,1,0,1,0,20,5,9,41.95697606,-87.67626434,POINT (-87.676264340289 41.956976056348)
JC440443,,9/19/2019 19:50,30,STOP SIGN/FLASHER,FUNCTIONING PROPERLY,CLEAR,DAYLIGHT,TURNING,FOUR WAY,,STRAIGHT AND LEVEL,DRY,NO DEFECTS,NOT ON SCENE (DESK REPORT),NO INJURY / DRIVE AWAY,,,,"$501 - $1,500",9/19/2019 20:10,UNABLE TO DETERMINE,NOT APPLICABLE,1329,S,DAMEN AVE,1233,,,,,,,2,NO INDICATION OF INJURY,0,0,0,0,0,2,0,19,5,9,41.86408038,-87.67602831,POINT (-87.676028311434 41.864080382405)
JC440465,Y,9/19/2019 19:45,30,NO CONTROLS,NO CONTROLS,CLEAR,"DARKNESS, LIGHTED ROAD",PARKED MOTOR VEHICLE,DIVIDED - W/MEDIAN (NOT RAISED),,STRAIGHT AND LEVEL,DRY,NO DEFECTS,ON SCENE,INJURY AND / OR TOW DUE TO CRASH,,,,"OVER $1,500",9/19/2019 19:54,UNDER THE INFLUENCE OF ALCOHOL/DRUGS (USE WHEN ARREST IS EFFECTED),NOT APPLICABLE,8616,S,RACINE AVE,613,,,,,,,2,NONINCAPACITATING INJURY,1,0,0,1,0,0,0,19,5,9,41.73720937,-87.6535243,POINT (-87.653524303236 41.737209368459)
JC440486,,9/19/2019 19:44,30,NO CONTROLS,NO CONTROLS,CLEAR,DARKNESS,REAR END,PARKING LOT,,STRAIGHT AND LEVEL,DRY,NO DEFECTS,NOT ON SCENE (DESK REPORT),NO INJURY / DRIVE AWAY,,,,"$501 - $1,500",9/19/2019 21:45,FOLLOWING TOO CLOSELY,UNABLE TO DETERMINE,4850,S,LAKE PARK AVE,222,,,,,,,2,NO INDICATION OF INJURY,0,0,0,0,0,2,0,19,5,9,41.80619555,-87.58957828,POINT (-87.589578282732 41.806195549526)
JC440610,,9/19/2019 19:30,30,NO CONTROLS,NO CONTROLS,CLEAR,"DARKNESS, LIGHTED ROAD",PARKED MOTOR VEHICLE,NOT DIVIDED,,STRAIGHT AND LEVEL,DRY,NO DEFECTS,NOT ON SCENE (DESK REPORT),NO INJURY / DRIVE AWAY,,,Y,"OVER $1,500",9/19/2019 22:40,UNABLE TO DETERMINE,UNABLE TO DETERMINE,2127,W,BELMONT AVE,1931,,,,,,,2,NO INDICATION OF INJURY,0,0,0,0,0,1,0,19,5,9,41.93942052,-87.68187525,POINT (-87.681875251223 41.93942051904)
JC440414,,9/19/2019 19:30,20,TRAFFIC SIGNAL,FUNCTIONING PROPERLY,CLEAR,DAWN,PEDESTRIAN,FOUR WAY,,STRAIGHT AND LEVEL,DRY,NO DEFECTS,ON SCENE,INJURY AND / OR TOW DUE TO CRASH,,,,$500 OR LESS,9/19/2019 19:34,UNABLE TO DETERMINE,UNABLE TO DETERMINE,3800,W,103RD ST,2211,,,,,,,2,NONINCAPACITATING INJURY,1,0,0,1,0,1,0,19,5,9,41.70608827,-87.71607715,POINT (-87.716077153911 41.70608826616)
JC440406,,9/19/2019 19:30,30,TRAFFIC SIGNAL,UNKNOWN,CLEAR,"DARKNESS, LIGHTED ROAD",ANGLE,NOT DIVIDED,,STRAIGHT AND LEVEL,DRY,NO DEFECTS,ON SCENE,INJURY AND / OR TOW DUE TO CRASH,Y,,,"OVER $1,500",9/19/2019 19:30,DISREGARDING TRAFFIC SIGNALS,UNABLE TO DETERMINE,598,S,DAMEN AVE,1225,,,,,,,3,INCAPACITATING INJURY,3,0,1,0,2,1,0,19,5,9,41.87408933,-87.67660456,POINT (-87.676604561676 41.874089329509)
JC440396,,9/19/2019 19:30,30,NO CONTROLS,NO CONTROLS,CLEAR,"DARKNESS, LIGHTED ROAD",PEDESTRIAN,DIVIDED - W/MEDIAN (NOT RAISED),,STRAIGHT AND LEVEL,DRY,NO DEFECTS,ON SCENE,INJURY AND / OR TOW DUE TO CRASH,Y,,,$500 OR LESS,9/19/2019 19:34,FAILING TO YIELD RIGHT-OF-WAY,NOT APPLICABLE,6100,S,CENTRAL AVE,812,,,,,,,2,INCAPACITATING INJURY,1,0,1,0,0,1,0,19,5,9,41.78162671,-87.76201557,POINT (-87.762015567 41.781626708966)
JC440378,,9/19/2019 19:20,30,NO CONTROLS,NO CONTROLS,CLEAR,"DARKNESS, LIGHTED ROAD",REAR END,DIVIDED - W/MEDIAN (NOT RAISED),,STRAIGHT AND LEVEL,DRY,UNKNOWN,ON SCENE,NO INJURY / DRIVE AWAY,,,,"OVER $1,500",9/19/2019 19:24,FOLLOWING TOO CLOSELY,UNABLE TO DETERMINE,2023,W,DIVISION ST,1212,,,,,,,2,NO INDICATION OF INJURY,0,0,0,0,0,4,0,19,5,9,41.90306402,-87.6782099,POINT (-87.678209903367 41.903064020157)
JC440394,,9/19/2019 19:16,30,TRAFFIC SIGNAL,UNKNOWN,CLEAR,DARKNESS,PEDESTRIAN,FOUR WAY,,STRAIGHT AND LEVEL,DRY,NO DEFECTS,ON SCENE,INJURY AND / OR TOW DUE TO CRASH,Y,,Y,$500 OR LESS,9/19/2019 19:18,FAILING TO YIELD RIGHT-OF-WAY,FAILING TO REDUCE SPEED TO AVOID CRASH,11500,S,MICHIGAN AVE,532,,Y,,,,,2,NONINCAPACITATING INJURY,1,0,0,1,0,1,0,19,5,9,41.68527122,-87.62094716,POINT (-87.620947158386 41.685271222904)
JC440421,,9/19/2019 19:15,15,NO CONTROLS,NO CONTROLS,CLEAR,"DARKNESS, LIGHTED ROAD",PARKED MOTOR VEHICLE,PARKING LOT,,STRAIGHT AND LEVEL,DRY,NO DEFECTS,NOT ON SCENE (DESK REPORT),NO INJURY / DRIVE AWAY,,,,"OVER $1,500",9/19/2019 20:00,IMPROPER OVERTAKING/PASSING,UNABLE TO DETERMINE,7500,S,CALUMET AVE,623,,,,,,,2,NO INDICATION OF INJURY,0,0,0,0,0,2,0,19,5,9,41.75828684,-87.61684907,POINT (-87.616849074068 41.758286841048)
JC440503,,9/19/2019 19:10,35,NO CONTROLS,NO CONTROLS,CLEAR,DARKNESS,TURNING,NOT DIVIDED,,STRAIGHT AND LEVEL,DRY,NO DEFECTS,NOT ON SCENE (DESK REPORT),NO INJURY / DRIVE AWAY,,,,"OVER $1,500",9/19/2019 21:00,IMPROPER LANE USAGE,IMPROPER LANE USAGE,2,E,KINZIE ST,1834,,,,,,,2,NO INDICATION OF INJURY,0,0,0,0,0,2,0,19,5,9,41.88936369,-87.62796447,POINT (-87.627964470892 41.889363686354)
JC440374,,9/19/2019 19:05,30,TRAFFIC SIGNAL,FUNCTIONING PROPERLY,CLEAR,"DARKNESS, LIGHTED ROAD",TURNING,NOT DIVIDED,,STRAIGHT AND LEVEL,DRY,NO DEFECTS,ON SCENE,INJURY AND / OR TOW DUE TO CRASH,Y,,,"OVER $1,500",9/19/2019 19:07,FAILING TO YIELD RIGHT-OF-WAY,NOT APPLICABLE,3500,S,CALIFORNIA AVE,911,,,,,,,2,"REPORTED, NOT EVIDENT",2,0,0,0,2,0,0,19,5,9,41.83002728,-87.69493784,POINT (-87.69493783907 41.830027283593)
JC441664,,9/19/2019 19:00,30,UNKNOWN,UNKNOWN,CLEAR,DUSK,TURNING,DIVIDED - W/MEDIAN (NOT RAISED),,STRAIGHT AND LEVEL,DRY,NO DEFECTS,NOT ON SCENE (DESK REPORT),NO INJURY / DRIVE AWAY,,,Y,"OVER $1,500",9/20/2019 17:58,FAILING TO YIELD RIGHT-OF-WAY,NOT APPLICABLE,741,W,31ST ST,915,,,,,,,2,NO INDICATION OF INJURY,0,0,0,0,0,2,0,19,5,9,41.83794567,-87.64545983,POINT (-87.645459827304 41.837945672974)
JC440371,,9/19/2019 19:00,30,TRAFFIC SIGNAL,FUNCTIONING PROPERLY,CLEAR,"DARKNESS, LIGHTED ROAD",PEDALCYCLIST,FOUR WAY,,STRAIGHT AND LEVEL,DRY,NO DEFECTS,ON SCENE,INJURY AND / OR TOW DUE TO CRASH,Y,,,"OVER $1,500",9/19/2019 19:00,FAILING TO YIELD RIGHT-OF-WAY,UNABLE TO DETERMINE,5200,N,KIMBALL AVE,1712,,,,,,,2,NONINCAPACITATING INJURY,1,0,0,1,0,1,0,19,5,9,41.97578186,-87.71370275,POINT (-87.713702749804 41.975781864184)
JC440375,,9/19/2019 18:49,30,TRAFFIC SIGNAL,NO CONTROLS,CLEAR,DUSK,REAR END,NOT DIVIDED,,STRAIGHT AND LEVEL,DRY,NO DEFECTS,NOT ON SCENE (DESK REPORT),NO INJURY / DRIVE AWAY,,,Y,"$501 - $1,500",9/19/2019 19:25,UNABLE TO DETERMINE,UNABLE TO DETERMINE,400,N,CENTRAL AVE,1512,,,,,,,3,NO INDICATION OF INJURY,0,0,0,0,0,5,0,18,5,9,41.88780462,-87.7652685,POINT (-87.765268498104 41.887804620535)
JC440370,,9/19/2019 18:45,30,NO CONTROLS,NO CONTROLS,CLEAR,DAYLIGHT,SIDESWIPE SAME DIRECTION,DIVIDED - W/MEDIAN (NOT RAISED),,STRAIGHT AND LEVEL,DRY,NO DEFECTS,NOT ON SCENE (DESK REPORT),NO INJURY / DRIVE AWAY,,,,"$501 - $1,500",9/19/2019 18:45,UNABLE TO DETERMINE,FOLLOWING TOO CLOSELY,355,N,HALSTED ST,1214,,,,,,,2,NO INDICATION OF INJURY,0,0,0,0,0,2,0,18,5,9,41.88838583,-87.64741256,POINT (-87.647412563817 41.888385832815)
JC440367,,9/19/2019 18:40,30,NO CONTROLS,NO CONTROLS,CLEAR,DAYLIGHT,REAR END,NOT DIVIDED,,STRAIGHT AND LEVEL,DRY,NO DEFECTS,NOT ON SCENE (DESK REPORT),INJURY AND / OR TOW DUE TO CRASH,,,,"OVER $1,500",9/19/2019 19:15,UNABLE TO DETERMINE,NOT APPLICABLE,152,N,HALSTED ST,1224,,,,,,,2,"REPORTED, NOT EVIDENT",1,0,0,0,1,1,0,18,5,9,41.88461228,-87.64758965,POINT (-87.647589651363 41.884612280216)
JC440329,,9/19/2019 18:40,30,NO CONTROLS,UNKNOWN,CLEAR,DUSK,PEDESTRIAN,NOT DIVIDED,,STRAIGHT AND LEVEL,DRY,NO DEFECTS,ON SCENE,NO INJURY / DRIVE AWAY,,,,$500 OR LESS,9/19/2019 18:50,UNABLE TO DETERMINE,NOT APPLICABLE,4422,N,RACINE AVE,1913,,,,,,,2,NO INDICATION OF INJURY,0,0,0,0,0,2,0,18,5,9,41.96240139,-87.65974047,POINT (-87.659740473297 41.962401384984)
JC440333,,9/19/2019 18:25,15,STOP SIGN/FLASHER,FUNCTIONING PROPERLY,CLEAR,DUSK,PARKED MOTOR VEHICLE,NOT DIVIDED,,STRAIGHT AND LEVEL,DRY,NO DEFECTS,ON SCENE,NO INJURY / DRIVE AWAY,,,,$500 OR LESS,9/19/2019 18:35,UNABLE TO DETERMINE,FOLLOWING TOO CLOSELY,503,W,WRIGHTWOOD AVE,1935,,,,,,,2,NO INDICATION OF INJURY,0,0,0,0,0,1,0,18,5,9,41.93052145,-87.64152846,POINT (-87.64152845845 41.930521446884)
JC440302,,9/19/2019 18:20,30,STOP SIGN/FLASHER,FUNCTIONING PROPERLY,CLEAR,DUSK,ANGLE,FOUR WAY,,STRAIGHT AND LEVEL,DRY,NO DEFECTS,ON SCENE,NO INJURY / DRIVE AWAY,Y,,,"OVER $1,500",9/19/2019 18:22,DISREGARDING STOP SIGN,NOT APPLICABLE,3798,W,HURON ST,1112,,,,,,,2,NO INDICATION OF INJURY,0,0,0,0,0,2,0,18,5,9,41.89368941,-87.72107204,POINT (-87.721072035969 41.893689413217)
JC440360,,9/19/2019 18:15,30,NO CONTROLS,NO CONTROLS,CLEAR,DAYLIGHT,PARKED MOTOR VEHICLE,PARKING LOT,,STRAIGHT AND LEVEL,DRY,NO DEFECTS,NOT ON SCENE (DESK REPORT),NO INJURY / DRIVE AWAY,,,Y,"$501 - $1,500",9/19/2019 19:17,IMPROPER OVERTAKING/PASSING,IMPROPER OVERTAKING/PASSING,10830,S,DOTY AVE W,513,,,,,,,2,NO INDICATION OF INJURY,0,0,0,0,0,1,0,18,5,9,41.69734122,-87.59607851,POINT (-87.596078505288 41.69734121683)
JC440526,,9/19/2019 18:10,35,STOP SIGN/FLASHER,FUNCTIONING PROPERLY,CLEAR,"DARKNESS, LIGHTED ROAD",PEDALCYCLIST,NOT DIVIDED,,STRAIGHT AND LEVEL,DRY,NO DEFECTS,ON SCENE,NO INJURY / DRIVE AWAY,Y,,Y,$500 OR LESS,9/19/2019 18:20,UNABLE TO DETERMINE,UNABLE TO DETERMINE,7225,N,WESTERN AVE,2411,,,,,,,2,NO INDICATION OF INJURY,0,0,0,0,0,2,0,18,5,9,42.01305045,-87.69009607,POINT (-87.690096072664 42.013050452987)
JC440294,,9/19/2019 18:10,30,NO CONTROLS,NO CONTROLS,CLEAR,DAYLIGHT,PEDALCYCLIST,DIVIDED - W/MEDIAN (NOT RAISED),,STRAIGHT AND LEVEL,DRY,NO DEFECTS,ON SCENE,INJURY AND / OR TOW DUE TO CRASH,,,,$500 OR LESS,9/19/2019 18:11,UNABLE TO DETERMINE,NOT APPLICABLE,2531,N,CALIFORNIA AVE,1431,,,Y,,,,2,"REPORTED, NOT EVIDENT",1,0,0,0,1,2,0,18,5,9,41.92750452,-87.69734265,POINT (-87.697342652472 41.927504522311)