RD_NO,CRASH_DATE_EST_I,CRASH_DATE,POSTED_SPEED_LIMIT,TRAFFIC_CONTROL_DEVICE,DEVICE_CONDITION,WEATHER_CONDITION,LIGHTING_CONDITION,FIRST_CRASH_TYPE,TRAFFICWAY_TYPE,LANE_CNT,ALIGNMENT,ROADWAY_SURFACE_COND,ROAD_DEFECT,REPORT_TYPE,CRASH_TYPE,INTERSECTION_RELATED_I,NOT_RIGHT_OF_WAY_I,HIT_AND_RUN_I,DAMAGE,DATE_POLICE_NOTIFIED,PRIM_CONTRIBUTORY_CAUSE,SEC_CONTRIBUTORY_CAUSE,STREET_NO,STREET_DIRECTION,STREET_NAME,BEAT_OF_OCCURRENCE,PHOTOS_TAKEN_I,STATEMENTS_TAKEN_I,DOORING_I,WORK_ZONE_I,WORK_ZONE_TYPE,WORKERS_PRESENT_I,NUM_UNITS,MOST_SEVERE_INJURY,INJURIES_TOTAL,INJURIES_FATAL,INJURIES_INCAPACITATING,INJURIES_NON_INCAPACITATING,INJURIES_REPORTED_NOT_EVIDENT,INJURIES_NO_INDICATION,INJURIES_UNKNOWN,CRASH_HOUR,CRASH_DAY_OF_WEEK,CRASH_MONTH,LATITUDE,LONGITUDE,LOCATION
JC440973,,9/19/2019 18:00,10,NO CONTROLS,NO CONTROLS,CLEAR,DAYLIGHT,PARKED MOTOR VEHICLE,PARKING LOT,,STRAIGHT AND LEVEL,DRY,NO DEFECTS,,NO INJURY / DRIVE AWAY,,Y,Y,"$501 - $1,500",9/20/2019 9:53,UNABLE TO DETERMINE,UNABLE TO DETERMINE,1341,N,PAULINA ST,1433,,,,,,,2,NO INDICATION OF INJURY,0,0,0,0,0,1,0,18,5,9,41.9062437,-87.66986228,POINT (-87.669862281285 41.906243703085)
JC440316,,9/19/2019 18:00,30,NO CONTROLS,NO CONTROLS,CLEAR,DUSK,TURNING,NOT DIVIDED,,STRAIGHT AND LEVEL,DRY,NO DEFECTS,NOT ON SCENE (DESK REPORT),NO INJURY / DRIVE AWAY,,,,"$501 - $1,500",9/19/2019 18:30,UNABLE TO DETERMINE,NOT APPLICABLE,10300,S,PRAIRIE AVE,512,Y,,,,,,2,NO INDICATION OF INJURY,0,0,0,0,0,2,0,18,5,9,41.70716396,-87.61756922,POINT (-87.617569217052 41.707163961559)
JC440271,,9/19/2019 17:58,30,STOP SIGN/FLASHER,UNKNOWN,CLEAR,DAYLIGHT,PARKED MOTOR VEHICLE,DIVIDED - W/MEDIAN (NOT RAISED),,STRAIGHT AND LEVEL,DRY,NO DEFECTS,ON SCENE,INJURY AND / OR TOW DUE TO CRASH,,,,"OVER $1,500",9/19/2019 18:08,UNABLE TO DETERMINE,UNABLE TO DETERMINE,1732,N,MILWAUKEE AVE,1434,,,,,,,3,NO INDICATION OF INJURY,0,0,0,0,0,1,0,17,5,9,41.91273042,-87.68132703,POINT (-87.681327033187 41.912730418129)
JC440397,,9/19/2019 17:55,30,NO CONTROLS,NO CONTROLS,CLEAR,DAWN,HEAD ON,PARKING LOT,,STRAIGHT AND LEVEL,DRY,UNKNOWN,NOT ON SCENE (DESK REPORT),NO INJURY / DRIVE AWAY,,Y,,"OVER $1,500",9/19/2019 19:40,DISTRACTION - FROM OUTSIDE VEHICLE,UNABLE TO DETERMINE,609,S,STATE ST,123,,,,,,,2,NO INDICATION OF INJURY,0,0,0,0,0,2,0,17,5,9,41.8743089,-87.62745866,POINT (-87.627458659561 41.874308903227)
JC440359,,9/19/2019 17:50,30,UNKNOWN,UNKNOWN,UNKNOWN,UNKNOWN,SIDESWIPE SAME DIRECTION,UNKNOWN,,STRAIGHT AND LEVEL,UNKNOWN,UNKNOWN,NOT ON SCENE (DESK REPORT),NO INJURY / DRIVE AWAY,,,,"OVER $1,500",9/19/2019 19:15,UNABLE TO DETERMINE,NOT APPLICABLE,1398,W,FULLERTON AVE,1932,,,,,,,2,NO INDICATION OF INJURY,0,0,0,0,0,2,0,17,5,9,41.92532843,-87.66326916,POINT (-87.663269162578 41.925328428232)
JC440273,,9/19/2019 17:49,30,TRAFFIC SIGNAL,FUNCTIONING PROPERLY,CLEAR,DAYLIGHT,TURNING,FOUR WAY,,STRAIGHT AND LEVEL,DRY,NO DEFECTS,ON SCENE,INJURY AND / OR TOW DUE TO CRASH,Y,,,"OVER $1,500",9/19/2019 17:53,UNABLE TO DETERMINE,UNABLE TO DETERMINE,3000,W,LAKE ST,1222,,,,,,,2,NO INDICATION OF INJURY,0,0,0,0,0,5,0,17,5,9,41.88418765,-87.70141117,POINT (-87.701411168075 41.884187653953)
JC440268,,9/19/2019 17:45,30,NO CONTROLS,NO CONTROLS,CLEAR,DAYLIGHT,TURNING,NOT DIVIDED,,STRAIGHT AND LEVEL,DRY,UNKNOWN,,NO INJURY / DRIVE AWAY,,,,"OVER $1,500",9/19/2019 18:03,UNABLE TO DETERMINE,UNABLE TO DETERMINE,1700,W,95TH ST,2221,,,,,,,2,NO INDICATION OF INJURY,0,0,0,0,0,3,0,17,5,9,41.7212937,-87.66482918,POINT (-87.664829182706 41.721293699434)
JC440958,Y,9/19/2019 17:40,25,TRAFFIC SIGNAL,FUNCTIONING PROPERLY,CLEAR,DAYLIGHT,PEDALCYCLIST,NOT DIVIDED,,STRAIGHT AND LEVEL,DRY,NO DEFECTS,NOT ON SCENE (DESK REPORT),NO INJURY / DRIVE AWAY,,,,"OVER $1,500",9/20/2019 9:45,UNABLE TO DETERMINE,UNABLE TO DETERMINE,1030,W,CHICAGO AVE,1213,,,,,,,2,NO INDICATION OF INJURY,0,0,0,0,0,2,0,17,5,9,41.89640005,-87.65374951,POINT (-87.65374951159 41.896400053928)
JC440335,,9/19/2019 17:39,25,NO CONTROLS,NO CONTROLS,CLEAR,DAYLIGHT,FIXED OBJECT,ONE-WAY,,STRAIGHT AND LEVEL,DRY,UNKNOWN,ON SCENE,INJURY AND / OR TOW DUE TO CRASH,,Y,,"OVER $1,500",9/19/2019 17:54,PHYSICAL CONDITION OF DRIVER,PHYSICAL CONDITION OF DRIVER,10228,S,UNION AVE,2232,,,,,,,1,FATAL,1,1,0,0,0,0,0,17,5,9,41.70788769,-87.64057659,POINT (-87.640576587591 41.707887692855)
JC440293,,9/19/2019 17:35,30,NO CONTROLS,NO CONTROLS,CLEAR,DAYLIGHT,PARKED MOTOR VEHICLE,ONE-WAY,,STRAIGHT AND LEVEL,DRY,NO DEFECTS,ON SCENE,INJURY AND / OR TOW DUE TO CRASH,,,,"OVER $1,500",9/19/2019 17:42,DISTRACTION - FROM INSIDE VEHICLE,NOT APPLICABLE,3031,N,MASON AVE,2514,,,,,,,2,NO INDICATION OF INJURY,0,0,0,0,0,1,0,17,5,9,41.93575573,-87.77476119,POINT (-87.774761187627 41.935755727878)
JC440244,,9/19/2019 17:30,30,TRAFFIC SIGNAL,FUNCTIONING PROPERLY,CLEAR,DAYLIGHT,SIDESWIPE SAME DIRECTION,NOT DIVIDED,,STRAIGHT AND LEVEL,DRY,NO DEFECTS,NOT ON SCENE (DESK REPORT),NO INJURY / DRIVE AWAY,,,,"OVER $1,500",9/19/2019 17:59,UNABLE TO DETERMINE,NOT APPLICABLE,798,W,HARRISON ST,1232,,,,,,,2,NO INDICATION OF INJURY,0,0,0,0,0,4,0,17,5,9,41.87444702,-87.64706702,POINT (-87.64706701736 41.874447022395)
JC440337,,9/19/2019 17:25,30,TRAFFIC SIGNAL,FUNCTIONING PROPERLY,CLEAR,"DARKNESS, LIGHTED ROAD",TURNING,FOUR WAY,,STRAIGHT AND LEVEL,DRY,NO DEFECTS,ON SCENE,NO INJURY / DRIVE AWAY,Y,,,"OVER $1,500",9/19/2019 17:25,IMPROPER TURNING/NO SIGNAL,FAILING TO YIELD RIGHT-OF-WAY,3401,W,BELMONT AVE,1412,,,,,,,2,NO INDICATION OF INJURY,0,0,0,0,0,2,0,17,5,9,41.93916783,-87.71254599,POINT (-87.712545991172 41.93916783377)
JC440225,,9/19/2019 17:20,30,NO CONTROLS,NO CONTROLS,CLEAR,DAYLIGHT,TURNING,ALLEY,,STRAIGHT AND LEVEL,DRY,NO DEFECTS,NOT ON SCENE (DESK REPORT),NO INJURY / DRIVE AWAY,,,,"$501 - $1,500",9/19/2019 17:40,UNABLE TO DETERMINE,NOT APPLICABLE,4900,N,LINCOLN AVE,2031,,,,,,,2,NO INDICATION OF INJURY,0,0,0,0,0,2,0,17,5,9,41.97081203,-87.69010846,POINT (-87.690108461338 41.970812027203)
JC440964,,9/19/2019 17:15,30,TRAFFIC SIGNAL,FUNCTIONING PROPERLY,CLEAR,DAYLIGHT,SIDESWIPE SAME DIRECTION,DIVIDED - W/MEDIAN (NOT RAISED),,STRAIGHT AND LEVEL,DRY,NO DEFECTS,NOT ON SCENE (DESK REPORT),NO INJURY / DRIVE AWAY,,,,"OVER $1,500",9/20/2019 9:50,IMPROPER LANE USAGE,FAILING TO REDUCE SPEED TO AVOID CRASH,5523,W,DEVON AVE,1621,,,,,,,2,NO INDICATION OF INJURY,0,0,0,0,0,3,0,17,5,9,41.99719615,-87.76663285,POINT (-87.766632847015 41.997196147514)
JC440322,,9/19/2019 17:15,30,NO CONTROLS,NO CONTROLS,CLEAR,DAYLIGHT,REAR END,NOT DIVIDED,,STRAIGHT AND LEVEL,DRY,NO DEFECTS,NOT ON SCENE (DESK REPORT),NO INJURY / DRIVE AWAY,,,,"$501 - $1,500",9/19/2019 18:50,DISTRACTION - FROM INSIDE VEHICLE,NOT APPLICABLE,4998,S,ARCHER AVE,821,,,,,,,2,NO INDICATION OF INJURY,0,0,0,0,0,4,0,17,5,9,41.80249965,-87.7233582,POINT (-87.723358199708 41.802499651403)
JC440209,,9/19/2019 17:07,15,NO CONTROLS,NO CONTROLS,CLEAR,DAYLIGHT,ANGLE,PARKING LOT,,STRAIGHT AND LEVEL,DRY,NO DEFECTS,ON SCENE,NO INJURY / DRIVE AWAY,,,,"$501 - $1,500",9/19/2019 17:13,UNABLE TO DETERMINE,NOT APPLICABLE,10000,W,OHARE ST,1651,,,,,,,2,NO INDICATION OF INJURY,0,0,0,0,0,2,0,17,5,9,41.97620114,-87.90530913,POINT (-87.905309125103 41.976201139024)
JC440182,,9/19/2019 17:06,25,NO CONTROLS,NO CONTROLS,CLEAR,DAYLIGHT,REAR END,NOT DIVIDED,,STRAIGHT AND LEVEL,DRY,NO DEFECTS,,NO INJURY / DRIVE AWAY,,,,$500 OR LESS,9/19/2019 17:24,UNABLE TO DETERMINE,FOLLOWING TOO CLOSELY,3858,W,55TH ST,822,,,,,,,2,NO INDICATION OF INJURY,0,0,0,0,0,2,0,17,5,9,41.79334579,-87.7206461,POINT (-87.720646103952 41.793345789754)
JC440176,,9/19/2019 17:05,30,TRAFFIC SIGNAL,FUNCTIONING PROPERLY,CLEAR,DAYLIGHT,TURNING,NOT DIVIDED,,STRAIGHT AND LEVEL,DRY,NO DEFECTS,ON SCENE,NO INJURY / DRIVE AWAY,,,,"$501 - $1,500",9/19/2019 17:13,DRIVING SKILLS/KNOWLEDGE/EXPERIENCE,NOT APPLICABLE,628,N,STATE ST,1832,,,,,,,2,NO INDICATION OF INJURY,0,0,0,0,0,2,0,17,5,9,41.89323548,-87.62826505,POINT (-87.628265053391 41.893235480838)
JC440363,Y,9/19/2019 17:00,30,TRAFFIC SIGNAL,FUNCTIONING PROPERLY,CLEAR,DAYLIGHT,PARKED MOTOR VEHICLE,NOT DIVIDED,,STRAIGHT AND LEVEL,DRY,NO DEFECTS,NOT ON SCENE (DESK REPORT),NO INJURY / DRIVE AWAY,,,Y,"OVER $1,500",9/19/2019 19:25,UNABLE TO DETERMINE,UNABLE TO DETERMINE,105,E,69TH ST,322,,,,,,,2,NO INDICATION OF INJURY,0,0,0,0,0,1,0,17,5,9,41.76911167,-87.62154019,POINT (-87.621540186064 41.769111673629)
JC440204,,9/19/2019 17:00,30,TRAFFIC SIGNAL,NO CONTROLS,CLEAR,DAYLIGHT,TURNING,NOT DIVIDED,,STRAIGHT AND LEVEL,DRY,NO DEFECTS,NOT ON SCENE (DESK REPORT),NO INJURY / DRIVE AWAY,,,,"OVER $1,500",9/19/2019 17:30,FAILING TO YIELD RIGHT-OF-WAY,UNABLE TO DETERMINE,3212,W,ADDISON ST,1733,,,,,,,2,NO INDICATION OF INJURY,0,0,0,0,0,2,0,17,5,9,41.94673627,-87.70842598,POINT (-87.708425979206 41.946736269406)
JC440138,,9/19/2019 17:00,30,NO CONTROLS,NO CONTROLS,CLEAR,DAYLIGHT,PARKED MOTOR VEHICLE,NOT DIVIDED,,STRAIGHT AND LEVEL,DRY,NO DEFECTS,ON SCENE,NO INJURY / DRIVE AWAY,,,,"OVER $1,500",9/19/2019 17:03,IMPROPER OVERTAKING/PASSING,IMPROPER OVERTAKING/PASSING,225,E,PEARSON ST,1833,,,,,,,2,NO INDICATION OF INJURY,0,0,0,0,0,1,0,17,5,9,41.89752101,-87.62081162,POINT (-87.620811617291 41.89752100808)
JC440205,,9/19/2019 16:55,30,NO CONTROLS,NO CONTROLS,CLEAR,DAYLIGHT,PARKED MOTOR VEHICLE,NOT DIVIDED,,STRAIGHT AND LEVEL,DRY,NO DEFECTS,NOT ON SCENE (DESK REPORT),NO INJURY / DRIVE AWAY,,,Y,"OVER $1,500",9/19/2019 17:25,UNABLE TO DETERMINE,UNABLE TO DETERMINE,6399,N,RIDGE AVE,2433,,,,,,,4,NO INDICATION OF INJURY,0,0,0,0,0,2,0,16,5,9,41.99793801,-87.67667268,POINT (-87.676672677428 41.997938010025)
JC442706,,9/19/2019 16:45,30,NO CONTROLS,NO CONTROLS,CLEAR,DAYLIGHT,PARKED MOTOR VEHICLE,NOT DIVIDED,,STRAIGHT AND LEVEL,DRY,NO DEFECTS,NOT ON SCENE (DESK REPORT),NO INJURY / DRIVE AWAY,,,,"OVER $1,500",9/21/2019 14:00,UNABLE TO DETERMINE,UNABLE TO DETERMINE,9114,S,EUCLID AVE,413,,,,,,,2,NO INDICATION OF INJURY,0,0,0,0,0,1,0,16,5,9,41.72925618,-87.57688846,POINT (-87.576888456309 41.729256179873)
JC441154,,9/19/2019 16:45,30,TRAFFIC SIGNAL,FUNCTIONING PROPERLY,CLEAR,DAYLIGHT,REAR END,NOT DIVIDED,,STRAIGHT AND LEVEL,DRY,NO DEFECTS,NOT ON SCENE (DESK REPORT),NO INJURY / DRIVE AWAY,Y,,,"OVER $1,500",9/20/2019 12:15,FOLLOWING TOO CLOSELY,NOT APPLICABLE,4700,W,PETERSON AVE,1711,,,,,,,2,NO INDICATION OF INJURY,0,0,0,0,0,2,0,16,5,9,41.99003337,-87.7459622,POINT (-87.745962197153 41.990033370699)
JC440270,,9/19/2019 16:45,20,TRAFFIC SIGNAL,FUNCTIONING PROPERLY,CLEAR,DAYLIGHT,REAR END,DIVIDED - W/MEDIAN (NOT RAISED),,STRAIGHT AND LEVEL,DRY,NO DEFECTS,NOT ON SCENE (DESK REPORT),NO INJURY / DRIVE AWAY,,,,"$501 - $1,500",9/19/2019 18:17,FOLLOWING TOO CLOSELY,FOLLOWING TOO CLOSELY,1000,W,BELMONT AVE,1924,,,,,,,2,NO INDICATION OF INJURY,0,0,0,0,0,2,0,16,5,9,41.94002036,-87.65417211,POINT (-87.654172106369 41.940020360227)
JC440193,,9/19/2019 16:45,30,STOP SIGN/FLASHER,FUNCTIONING PROPERLY,CLEAR,DAYLIGHT,ANGLE,FOUR WAY,,STRAIGHT AND LEVEL,DRY,NO DEFECTS,ON SCENE,INJURY AND / OR TOW DUE TO CRASH,Y,,,"$501 - $1,500",9/19/2019 17:06,FAILING TO YIELD RIGHT-OF-WAY,IMPROPER OVERTAKING/PASSING,7900,S,PEORIA ST,621,,,,,,,2,NONINCAPACITATING INJURY,2,0,0,2,0,0,0,16,5,9,41.75051207,-87.64661032,POINT (-87.646610320633 41.750512071127)
JC440169,,9/19/2019 16:45,30,OTHER REG. SIGN,OTHER,CLEAR,DAYLIGHT,PARKED MOTOR VEHICLE,ONE-WAY,,STRAIGHT AND LEVEL,DRY,NO DEFECTS,NOT ON SCENE (DESK REPORT),NO INJURY / DRIVE AWAY,,,,"OVER $1,500",9/19/2019 17:00,DRIVING ON WRONG SIDE/WRONG WAY,IMPROPER BACKING,2460,W,BERTEAU AVE,1911,,,,,,,2,NO INDICATION OF INJURY,0,0,0,0,0,1,0,16,5,9,41.95776399,-87.69089865,POINT (-87.690898650089 41.95776398825)
JC440161,,9/19/2019 16:45,30,TRAFFIC SIGNAL,FUNCTIONING PROPERLY,CLEAR,DAYLIGHT,REAR END,NOT DIVIDED,,STRAIGHT AND LEVEL,DRY,NO DEFECTS,NOT ON SCENE (DESK REPORT),NO INJURY / DRIVE AWAY,,,,"$501 - $1,500",9/19/2019 17:10,FOLLOWING TOO CLOSELY,CELL PHONE USE OTHER THAN TEXTING,804,W,DIVISION ST,1822,,,,,,,2,NO INDICATION OF INJURY,0,0,0,0,0,3,0,16,5,9,41.90374413,-87.64824485,POINT (-87.648244847344 41.903744126753)
JC440139,,9/19/2019 16:45,30,STOP SIGN/FLASHER,FUNCTIONING PROPERLY,CLEAR,DAYLIGHT,TURNING,ONE-WAY,,STRAIGHT AND LEVEL,DRY,NO DEFECTS,ON SCENE,NO INJURY / DRIVE AWAY,,,,"$501 - $1,500",9/19/2019 16:52,IMPROPER OVERTAKING/PASSING,DRIVING SKILLS/KNOWLEDGE/EXPERIENCE,2759,S,SAWYER AVE,1032,,,,,,,2,NO INDICATION OF INJURY,0,0,0,0,0,2,0,16,5,9,41.84095076,-87.70600416,POINT (-87.706004155374 41.840950755397)
JC440203,,9/19/2019 16:42,15,NO CONTROLS,NO CONTROLS,CLEAR,DAYLIGHT,REAR END,NOT DIVIDED,,STRAIGHT AND LEVEL,DRY,UNKNOWN,NOT ON SCENE (DESK REPORT),NO INJURY / DRIVE AWAY,,,,"$501 - $1,500",9/19/2019 17:20,UNABLE TO DETERMINE,UNABLE TO DETERMINE,12525,S,CARONDOLET AVE,433,,,,,,,2,NO INDICATION OF INJURY,0,0,0,0,0,2,0,16,5,9,41.66744478,-87.54941823,POINT (-87.549418232998 41.667444774662)
JC440181,,9/19/2019 16:40,30,TRAFFIC SIGNAL,FUNCTIONING PROPERLY,CLEAR,DAYLIGHT,REAR END,DIVIDED - W/MEDIAN (NOT RAISED),,STRAIGHT AND LEVEL,WET,NO DEFECTS,NOT ON SCENE (DESK REPORT),NO INJURY / DRIVE AWAY,,,Y,"$501 - $1,500",9/19/2019 17:13,UNABLE TO DETERMINE,UNABLE TO DETERMINE,1155,S,CICERO AVE,1131,,,,,,,2,NO INDICATION OF INJURY,0,0,0,0,0,2,0,16,5,9,41.86597949,-87.74460988,POINT (-87.744609883514 41.865979486289)
JC440141,,9/19/2019 16:40,10,NO CONTROLS,NO CONTROLS,CLEAR,DAYLIGHT,PARKED MOTOR VEHICLE,PARKING LOT,,STRAIGHT AND LEVEL,DRY,NO DEFECTS,NOT ON SCENE (DESK REPORT),NO INJURY / DRIVE AWAY,,Y,Y,$500 OR LESS,9/19/2019 17:00,UNABLE TO DETERMINE,UNABLE TO DETERMINE,2331,N,SHEFFIELD AVE,1812,,,,,,,2,NO INDICATION OF INJURY,0,0,0,0,0,1,0,16,5,9,41.92449669,-87.6534294,POINT (-87.653429403934 41.924496685679)
JC440116,,9/19/2019 16:40,30,NO CONTROLS,NO CONTROLS,CLEAR,DAYLIGHT,REAR END,OTHER,,STRAIGHT AND LEVEL,DRY,NO DEFECTS,ON SCENE,NO INJURY / DRIVE AWAY,,,N,"OVER $1,500",9/19/2019 16:45,UNABLE TO DETERMINE,NOT APPLICABLE,5530,W,FLOURNOY ST,1522,,,,,,,2,NO INDICATION OF INJURY,0,0,0,0,0,2,0,16,5,9,41.87196549,-87.76274067,POINT (-87.762740670875 41.871965490002)
JC440248,,9/19/2019 16:35,30,TRAFFIC SIGNAL,FUNCTIONING PROPERLY,CLEAR,DAYLIGHT,REAR END,NOT DIVIDED,,STRAIGHT AND LEVEL,DRY,NO DEFECTS,NOT ON SCENE (DESK REPORT),NO INJURY / DRIVE AWAY,,,,"$501 - $1,500",9/19/2019 18:29,FOLLOWING TOO CLOSELY,FAILING TO REDUCE SPEED TO AVOID CRASH,6958,W,GRAND AVE,2512,,,,,,,2,NO INDICATION OF INJURY,0,0,0,0,0,2,0,16,5,9,41.92366978,-87.80001955,POINT (-87.800019547738 41.923669780217)
JC448660,Y,9/19/2019 16:30,30,NO CONTROLS,UNKNOWN,CLEAR,DAYLIGHT,REAR END,NOT DIVIDED,,STRAIGHT AND LEVEL,DRY,UNKNOWN,NOT ON SCENE (DESK REPORT),NO INJURY / DRIVE AWAY,,,,"$501 - $1,500",9/25/2019 23:30,FOLLOWING TOO CLOSELY,UNABLE TO DETERMINE,5802,N,SHERIDAN RD,2022,,,Y,,,,2,NO INDICATION OF INJURY,0,0,0,0,0,2,0,16,5,9,41.98750071,-87.65545472,POINT (-87.655454722906 41.987500713552)
JC440340,,9/19/2019 16:30,30,NO CONTROLS,NO CONTROLS,CLEAR,DAYLIGHT,PARKED MOTOR VEHICLE,NOT DIVIDED,,STRAIGHT AND LEVEL,DRY,NO DEFECTS,NOT ON SCENE (DESK REPORT),NO INJURY / DRIVE AWAY,,,Y,"OVER $1,500",9/19/2019 19:00,UNABLE TO DETERMINE,NOT APPLICABLE,2800,W,DIVERSEY AVE,1411,,,,,,,2,NO INDICATION OF INJURY,0,0,0,0,0,1,0,16,5,9,41.9322054,-87.69767924,POINT (-87.697679243869 41.932205395065)
JC440323,,9/19/2019 16:30,15,NO CONTROLS,NO CONTROLS,CLEAR,DAYLIGHT,REAR TO SIDE,ONE-WAY,,STRAIGHT AND LEVEL,DRY,NO DEFECTS,NOT ON SCENE (DESK REPORT),NO INJURY / DRIVE AWAY,,,,"OVER $1,500",9/19/2019 18:50,UNABLE TO DETERMINE,UNABLE TO DETERMINE,2545,W,DIVERSEY AVE,1411,,,,,,,2,NO INDICATION OF INJURY,0,0,0,0,0,2,0,16,5,9,41.93202492,-87.69216904,POINT (-87.692169044387 41.932024920104)
JC440256,,9/19/2019 16:30,30,UNKNOWN,UNKNOWN,UNKNOWN,UNKNOWN,PARKED MOTOR VEHICLE,PARKING LOT,,STRAIGHT AND LEVEL,UNKNOWN,UNKNOWN,NOT ON SCENE (DESK REPORT),NO INJURY / DRIVE AWAY,,,Y,"OVER $1,500",9/19/2019 18:00,UNABLE TO DETERMINE,UNABLE TO DETERMINE,1658,W,119TH ST,2234,,,,,,,2,NO INDICATION OF INJURY,0,0,0,0,0,1,0,16,5,9,41.6776152,-87.66320737,POINT (-87.663207367858 41.677615201079)
JC440230,,9/19/2019 16:30,30,NO CONTROLS,NO CONTROLS,CLEAR,DAYLIGHT,PARKED MOTOR VEHICLE,PARKING LOT,,STRAIGHT AND LEVEL,DRY,NO DEFECTS,NOT ON SCENE (DESK REPORT),NO INJURY / DRIVE AWAY,,Y,,"$501 - $1,500",9/19/2019 17:40,UNABLE TO DETERMINE,UNABLE TO DETERMINE,1550,N,KINGSBURY ST,1822,,,,,,,2,NO INDICATION OF INJURY,0,0,0,0,0,1,0,16,5,9,41.90939879,-87.6530507,POINT (-87.653050697894 41.909398787809)
JC440121,,9/19/2019 16:30,35,NO CONTROLS,NO CONTROLS,CLEAR,DAYLIGHT,PARKED MOTOR VEHICLE,NOT DIVIDED,,STRAIGHT AND LEVEL,DRY,NO DEFECTS,ON SCENE,NO INJURY / DRIVE AWAY,,,,"OVER $1,500",9/19/2019 16:35,FOLLOWING TOO CLOSELY,NOT APPLICABLE,204,E,PEARSON ST,1833,,,,,,,2,NO INDICATION OF INJURY,0,0,0,0,0,1,0,16,5,9,41.89772861,-87.62160241,POINT (-87.621602411768 41.89772861268)
JC440560,,9/19/2019 16:20,30,NO CONTROLS,NO CONTROLS,CLEAR,DAYLIGHT,PEDESTRIAN,PARKING LOT,,STRAIGHT AND LEVEL,DRY,NO DEFECTS,NOT ON SCENE (DESK REPORT),INJURY AND / OR TOW DUE TO CRASH,,,Y,$500 OR LESS,9/19/2019 16:20,NOT APPLICABLE,NOT APPLICABLE,5111,S,HALSTED ST,935,,,,,,,2,NONINCAPACITATING INJURY,1,0,0,1,0,2,0,16,5,9,41.8012666,-87.64519148,POINT (-87.645191475698 41.801266594995)
JC440220,,9/19/2019 16:20,35,NO CONTROLS,NO CONTROLS,CLEAR,DAYLIGHT,SIDESWIPE SAME DIRECTION,NOT DIVIDED,,STRAIGHT AND LEVEL,DRY,NO DEFECTS,NOT ON SCENE (DESK REPORT),NO INJURY / DRIVE AWAY,,,,"OVER $1,500",9/19/2019 17:39,IMPROPER OVERTAKING/PASSING,NOT APPLICABLE,5700,S,CICERO AVE,813,,,,,,,2,NO INDICATION OF INJURY,0,0,0,0,0,2,0,16,5,9,41.78932932,-87.74164564,POINT (-87.741645644196 41.789329323265)
JC440152,,9/19/2019 16:20,25,NO CONTROLS,NO CONTROLS,CLEAR,DAYLIGHT,PARKED MOTOR VEHICLE,NOT DIVIDED,,STRAIGHT AND LEVEL,DRY,NO DEFECTS,ON SCENE,INJURY AND / OR TOW DUE TO CRASH,,,,"OVER $1,500",9/19/2019 16:36,UNDER THE INFLUENCE OF ALCOHOL/DRUGS (USE WHEN ARREST IS EFFECTED),DRIVING ON WRONG SIDE/WRONG WAY,3001,S,INDIANA AVE,133,,,,,,,2,NO INDICATION OF INJURY,0,0,0,0,0,1,0,16,5,9,41.83962979,-87.62177822,POINT (-87.62177822284 41.839629793671)
JC440093,,9/19/2019 16:15,30,TRAFFIC SIGNAL,FUNCTIONING PROPERLY,CLEAR,DAYLIGHT,REAR END,NOT DIVIDED,,STRAIGHT AND LEVEL,DRY,NO DEFECTS,ON SCENE,NO INJURY / DRIVE AWAY,Y,,,"OVER $1,500",9/19/2019 16:18,FAILING TO REDUCE SPEED TO AVOID CRASH,FOLLOWING TOO CLOSELY,5344,W,ADDISON ST,1634,,,,,,,2,NO INDICATION OF INJURY,0,0,0,0,0,6,0,16,5,9,41.94605999,-87.76118065,POINT (-87.761180650223 41.946059993924)
JC440062,,9/19/2019 16:15,35,NO CONTROLS,NO CONTROLS,CLEAR,DAYLIGHT,REAR END,NOT DIVIDED,,STRAIGHT AND LEVEL,DRY,NO DEFECTS,ON SCENE,NO INJURY / DRIVE AWAY,,,,"OVER $1,500",9/19/2019 16:21,FOLLOWING TOO CLOSELY,NOT APPLICABLE,6005,S,KEDZIE AVE,823,,,,,,,2,NO INDICATION OF INJURY,0,0,0,0,0,3,0,16,5,9,41.78422575,-87.70314033,POINT (-87.703140330292 41.784225750581)
JC440056,,9/19/2019 16:15,30,STOP SIGN/FLASHER,FUNCTIONING PROPERLY,CLEAR,DAYLIGHT,REAR END,NOT DIVIDED,,STRAIGHT AND LEVEL,DRY,NO DEFECTS,NOT ON SCENE (DESK REPORT),INJURY AND / OR TOW DUE TO CRASH,,,,"$501 - $1,500",9/19/2019 16:15,FOLLOWING TOO CLOSELY,UNABLE TO DETERMINE,5149,N,NORTHWEST HWY,1623,,,,,,,2,"REPORTED, NOT EVIDENT",1,0,0,0,1,1,0,16,5,9,41.97409185,-87.76621482,POINT (-87.766214823986 41.974091848346)