RD_NO,CRASH_DATE_EST_I,CRASH_DATE,POSTED_SPEED_LIMIT,TRAFFIC_CONTROL_DEVICE,DEVICE_CONDITION,WEATHER_CONDITION,LIGHTING_CONDITION,FIRST_CRASH_TYPE,TRAFFICWAY_TYPE,LANE_CNT,ALIGNMENT,ROADWAY_SURFACE_COND,ROAD_DEFECT,REPORT_TYPE,CRASH_TYPE,INTERSECTION_RELATED_I,NOT_RIGHT_OF_WAY_I,HIT_AND_RUN_I,DAMAGE,DATE_POLICE_NOTIFIED,PRIM_CONTRIBUTORY_CAUSE,SEC_CONTRIBUTORY_CAUSE,STREET_NO,STREET_DIRECTION,STREET_NAME,BEAT_OF_OCCURRENCE,PHOTOS_TAKEN_I,STATEMENTS_TAKEN_I,DOORING_I,WORK_ZONE_I,WORK_ZONE_TYPE,WORKERS_PRESENT_I,NUM_UNITS,MOST_SEVERE_INJURY,INJURIES_TOTAL,INJURIES_FATAL,INJURIES_INCAPACITATING,INJURIES_NON_INCAPACITATING,INJURIES_REPORTED_NOT_EVIDENT,INJURIES_NO_INDICATION,INJURIES_UNKNOWN,CRASH_HOUR,CRASH_DAY_OF_WEEK,CRASH_MONTH,LATITUDE,LONGITUDE,LOCATION
JC440258,,9/19/2019 16:10,30,NO CONTROLS,NO CONTROLS,CLEAR,DAYLIGHT,REAR END,NOT DIVIDED,,STRAIGHT AND LEVEL,DRY,NO DEFECTS,NOT ON SCENE (DESK REPORT),NO INJURY / DRIVE AWAY,,,,"$501 - $1,500",9/19/2019 19:22,FOLLOWING TOO CLOSELY,FAILING TO REDUCE SPEED TO AVOID CRASH,3830,W,ARMITAGE AVE,2525,,,,,,,2,NO INDICATION OF INJURY,0,0,0,0,0,2,0,16,5,9,41.91731677,-87.72294531,POINT (-87.722945311487 41.917316773157)
JC440206,,9/19/2019 16:10,30,TRAFFIC SIGNAL,FUNCTIONING IMPROPERLY,CLEAR,DAYLIGHT,REAR END,NOT DIVIDED,,STRAIGHT AND LEVEL,DRY,NO DEFECTS,NOT ON SCENE (DESK REPORT),NO INJURY / DRIVE AWAY,,,,"OVER $1,500",9/19/2019 16:55,DISREGARDING TRAFFIC SIGNALS,FAILING TO REDUCE SPEED TO AVOID CRASH,1699,E,MIDWAY PLAISANCE,331,,,,,,,2,NO INDICATION OF INJURY,0,0,0,0,0,2,0,16,5,9,,,
JC440110,,9/19/2019 16:10,30,TRAFFIC SIGNAL,FUNCTIONING PROPERLY,CLEAR,DAYLIGHT,PARKED MOTOR VEHICLE,NOT DIVIDED,,STRAIGHT AND LEVEL,DRY,NO DEFECTS,NOT ON SCENE (DESK REPORT),NO INJURY / DRIVE AWAY,,,,"OVER $1,500",9/19/2019 16:53,UNABLE TO DETERMINE,NOT APPLICABLE,1598,W,LAKE ST,1215,,,,,,,2,NO INDICATION OF INJURY,0,0,0,0,0,3,0,16,5,9,41.88544024,-87.66688892,POINT (-87.666888921921 41.885440241474)
JC440180,Y,9/19/2019 16:00,30,NO CONTROLS,UNKNOWN,CLEAR,DAYLIGHT,PARKED MOTOR VEHICLE,ONE-WAY,,STRAIGHT AND LEVEL,DRY,NO DEFECTS,NOT ON SCENE (DESK REPORT),NO INJURY / DRIVE AWAY,,,Y,$500 OR LESS,9/19/2019 16:24,UNABLE TO DETERMINE,IMPROPER TURNING/NO SIGNAL,3857,W,WELLINGTON AVE,2523,,,,,,,2,NO INDICATION OF INJURY,0,0,0,0,0,1,0,16,5,9,41.93534418,-87.72449949,POINT (-87.72449948563 41.935344179732)
JC440106,,9/19/2019 16:00,15,NO CONTROLS,NO CONTROLS,CLEAR,DAYLIGHT,PARKED MOTOR VEHICLE,OTHER,,STRAIGHT AND LEVEL,DRY,NO DEFECTS,ON SCENE,NO INJURY / DRIVE AWAY,,,,"$501 - $1,500",9/19/2019 16:08,"VISION OBSCURED (SIGNS, TREE LIMBS, BUILDINGS, ETC.)",NOT APPLICABLE,517,W,OHARE ST,1654,,,,,,,2,NO INDICATION OF INJURY,0,0,0,0,0,1,0,16,5,9,,,
JC440077,,9/19/2019 15:59,30,NO CONTROLS,NO CONTROLS,CLEAR,DAYLIGHT,SIDESWIPE SAME DIRECTION,DIVIDED - W/MEDIAN (NOT RAISED),,STRAIGHT AND LEVEL,DRY,NO DEFECTS,ON SCENE,NO INJURY / DRIVE AWAY,,,,$500 OR LESS,9/19/2019 15:59,IMPROPER OVERTAKING/PASSING,NOT APPLICABLE,6840,S,DAMEN AVE,726,,,,,,,2,NO INDICATION OF INJURY,0,0,0,0,0,2,0,15,5,9,41.76905569,-87.67378584,POINT (-87.67378584191 41.769055686659)
JC440137,,9/19/2019 15:50,30,NO CONTROLS,NO CONTROLS,CLEAR,DAYLIGHT,SIDESWIPE SAME DIRECTION,NOT DIVIDED,,STRAIGHT AND LEVEL,DRY,NO DEFECTS,NOT ON SCENE (DESK REPORT),NO INJURY / DRIVE AWAY,,,,"$501 - $1,500",9/19/2019 17:00,UNABLE TO DETERMINE,UNABLE TO DETERMINE,2256,N,LINCOLN AVE,1812,,,,,,,2,NO INDICATION OF INJURY,0,0,0,0,0,2,0,15,5,9,41.92307786,-87.64566446,POINT (-87.645664454682 41.9230778551)
JC440065,,9/19/2019 15:50,30,TRAFFIC SIGNAL,UNKNOWN,CLEAR,DAYLIGHT,SIDESWIPE SAME DIRECTION,DIVIDED - W/MEDIAN BARRIER,,STRAIGHT AND LEVEL,UNKNOWN,UNKNOWN,NOT ON SCENE (DESK REPORT),NO INJURY / DRIVE AWAY,Y,,,"OVER $1,500",9/19/2019 16:25,UNABLE TO DETERMINE,NOT APPLICABLE,2001,W,GARFIELD BLVD,715,,,,,,,2,NO INDICATION OF INJURY,0,0,0,0,0,2,0,15,5,9,41.79344626,-87.67434646,POINT (-87.674346458333 41.793446259528)
JC440047,,9/19/2019 15:49,30,TRAFFIC SIGNAL,FUNCTIONING PROPERLY,CLEAR,DAYLIGHT,TURNING,FOUR WAY,,STRAIGHT AND LEVEL,DRY,NO DEFECTS,ON SCENE,NO INJURY / DRIVE AWAY,Y,,,"$501 - $1,500",9/19/2019 15:49,NOT APPLICABLE,NOT APPLICABLE,3,W,DELAWARE PL,1832,,,,,,,2,NO INDICATION OF INJURY,0,0,0,0,0,5,0,15,5,9,41.89902813,-87.62842503,POINT (-87.628425029713 41.899028125781)
JC440242,,9/19/2019 15:45,15,NO CONTROLS,NO CONTROLS,CLEAR,DAYLIGHT,REAR END,ONE-WAY,,STRAIGHT AND LEVEL,DRY,NO DEFECTS,NOT ON SCENE (DESK REPORT),NO INJURY / DRIVE AWAY,,,,$500 OR LESS,9/19/2019 18:00,FAILING TO YIELD RIGHT-OF-WAY,FOLLOWING TOO CLOSELY,1033,N,KILDARE AVE,1111,,,,,,,2,NO INDICATION OF INJURY,0,0,0,0,0,2,0,15,5,9,41.89985896,-87.73346022,POINT (-87.733460216825 41.899858960803)
JC440094,,9/19/2019 15:45,25,NO CONTROLS,NO CONTROLS,CLEAR,DAYLIGHT,PARKED MOTOR VEHICLE,ONE-WAY,,STRAIGHT AND LEVEL,DRY,NO DEFECTS,NOT ON SCENE (DESK REPORT),NO INJURY / DRIVE AWAY,,,Y,"OVER $1,500",9/19/2019 16:00,UNABLE TO DETERMINE,UNABLE TO DETERMINE,1020,E,56TH ST,235,,,,,,,2,NO INDICATION OF INJURY,0,0,0,0,0,1,0,15,5,9,41.79333162,-87.60041464,POINT (-87.600414641706 41.793331619468)
JC440031,,9/19/2019 15:45,30,TRAFFIC SIGNAL,FUNCTIONING PROPERLY,CLEAR,DAYLIGHT,ANGLE,NOT DIVIDED,,STRAIGHT AND LEVEL,DRY,NO DEFECTS,ON SCENE,INJURY AND / OR TOW DUE TO CRASH,,,,"OVER $1,500",9/19/2019 15:45,EQUIPMENT - VEHICLE CONDITION,UNABLE TO DETERMINE,5100,S,MICHIGAN AVE,225,,,,,,,2,NONINCAPACITATING INJURY,1,0,0,1,0,2,0,15,5,9,41.80189665,-87.62279333,POINT (-87.622793329906 41.801896651856)
JC440028,,9/19/2019 15:45,30,TRAFFIC SIGNAL,FUNCTIONING PROPERLY,CLEAR,DAYLIGHT,SIDESWIPE SAME DIRECTION,DIVIDED - W/MEDIAN (NOT RAISED),,STRAIGHT AND LEVEL,DRY,NO DEFECTS,ON SCENE,INJURY AND / OR TOW DUE TO CRASH,,,,"OVER $1,500",9/19/2019 15:50,UNABLE TO DETERMINE,NOT APPLICABLE,1703,W,NORTH AVE,1433,,,,,,,2,"REPORTED, NOT EVIDENT",1,0,0,0,1,1,0,15,5,9,41.91048551,-87.67027127,POINT (-87.67027126839 41.910485511806)
JC440084,,9/19/2019 15:41,30,NO CONTROLS,NO CONTROLS,CLEAR,DAYLIGHT,REAR END,NOT DIVIDED,,STRAIGHT AND LEVEL,DRY,NO DEFECTS,NOT ON SCENE (DESK REPORT),NO INJURY / DRIVE AWAY,,,Y,"OVER $1,500",9/19/2019 16:43,FOLLOWING TOO CLOSELY,FOLLOWING TOO CLOSELY,419,E,103RD ST,512,,,,,,,2,NO INDICATION OF INJURY,0,0,0,0,0,2,0,15,5,9,41.70721773,-87.61294539,POINT (-87.61294538453 41.707217733631)
JC440022,,9/19/2019 15:37,15,NO CONTROLS,NO CONTROLS,CLEAR,DAYLIGHT,FIXED OBJECT,ALLEY,,STRAIGHT AND LEVEL,DRY,NO DEFECTS,ON SCENE,INJURY AND / OR TOW DUE TO CRASH,,Y,,"OVER $1,500",9/19/2019 15:40,UNABLE TO DETERMINE,NOT APPLICABLE,6242,S,MELVINA AVE,812,,,,,,,1,INCAPACITATING INJURY,1,0,1,0,0,0,0,15,5,9,41.77831245,-87.77654784,POINT (-87.776547836851 41.778312445361)
JC442340,,9/19/2019 15:30,30,NO CONTROLS,NO CONTROLS,CLEAR,DAYLIGHT,REAR END,NOT DIVIDED,,STRAIGHT AND LEVEL,DRY,NO DEFECTS,NOT ON SCENE (DESK REPORT),NO INJURY / DRIVE AWAY,,,,"$501 - $1,500",9/21/2019 8:45,UNABLE TO DETERMINE,UNABLE TO DETERMINE,3851,W,ROOSEVELT RD,1011,,,,,,,2,NO INDICATION OF INJURY,0,0,0,0,0,6,0,15,5,9,41.86610273,-87.72221451,POINT (-87.72221450632 41.866102731561)
JC440015,,9/19/2019 15:30,30,NO CONTROLS,NO CONTROLS,CLEAR,DAYLIGHT,REAR END,NOT DIVIDED,,STRAIGHT AND LEVEL,DRY,NO DEFECTS,NOT ON SCENE (DESK REPORT),NO INJURY / DRIVE AWAY,,,,"OVER $1,500",9/19/2019 15:30,FOLLOWING TOO CLOSELY,FOLLOWING TOO CLOSELY,5825,S,HALSTED ST,711,,,,,,,2,NO INDICATION OF INJURY,0,0,0,0,0,3,0,15,5,9,41.78805789,-87.64484885,POINT (-87.644848845423 41.788057885755)
JC439972,,9/19/2019 15:30,30,UNKNOWN,UNKNOWN,CLEAR,DAYLIGHT,TURNING,ONE-WAY,,STRAIGHT AND LEVEL,UNKNOWN,UNKNOWN,,INJURY AND / OR TOW DUE TO CRASH,,,Y,"OVER $1,500",9/19/2019 16:15,UNABLE TO DETERMINE,UNABLE TO DETERMINE,1100,W,78TH ST,612,,,,,,,2,NONINCAPACITATING INJURY,1,0,0,1,0,2,0,15,5,9,41.75246364,-87.65142538,POINT (-87.651425379411 41.752463635941)
JC440222,,9/19/2019 15:25,20,TRAFFIC SIGNAL,FUNCTIONING PROPERLY,CLEAR,DAYLIGHT,ANGLE,NOT DIVIDED,,STRAIGHT AND LEVEL,DRY,NO DEFECTS,NOT ON SCENE (DESK REPORT),NO INJURY / DRIVE AWAY,,,,"OVER $1,500",9/19/2019 17:30,FAILING TO YIELD RIGHT-OF-WAY,UNABLE TO DETERMINE,800,E,60TH ST,235,,,,,,,2,NO INDICATION OF INJURY,0,0,0,0,0,2,0,15,5,9,41.78598507,-87.60596028,POINT (-87.605960276508 41.785985072072)
JC440004,,9/19/2019 15:23,30,STOP SIGN/FLASHER,FUNCTIONING PROPERLY,CLEAR,DAYLIGHT,ANGLE,FOUR WAY,,STRAIGHT AND LEVEL,DRY,NO DEFECTS,ON SCENE,INJURY AND / OR TOW DUE TO CRASH,Y,,,"OVER $1,500",9/19/2019 15:23,FAILING TO YIELD RIGHT-OF-WAY,NOT APPLICABLE,1851,W,OGDEN AVE,1231,,,,,,,2,NO INDICATION OF INJURY,0,0,0,0,0,2,0,15,5,9,41.87562875,-87.67279517,POINT (-87.672795174359 41.875628747846)
JC440003,,9/19/2019 15:23,30,TRAFFIC SIGNAL,FUNCTIONING PROPERLY,CLEAR,DAYLIGHT,REAR TO FRONT,DIVIDED - W/MEDIAN BARRIER,,STRAIGHT AND LEVEL,DRY,NO DEFECTS,ON SCENE,NO INJURY / DRIVE AWAY,,,Y,$500 OR LESS,9/19/2019 15:25,"OPERATING VEHICLE IN ERRATIC, RECKLESS, CARELESS, NEGLIGENT OR AGGRESSIVE MANNER",UNABLE TO DETERMINE,227,W,95TH ST,511,,,,,,,2,NO INDICATION OF INJURY,0,0,0,0,0,2,0,15,5,9,41.721534,-87.629826,POINT (-87.629825995575 41.721534004261)
JC440002,,9/19/2019 15:20,30,NO CONTROLS,NO CONTROLS,CLEAR,DAYLIGHT,SIDESWIPE SAME DIRECTION,DIVIDED - W/MEDIAN BARRIER,,STRAIGHT AND LEVEL,DRY,NO DEFECTS,NOT ON SCENE (DESK REPORT),NO INJURY / DRIVE AWAY,,,,"$501 - $1,500",9/19/2019 15:55,FAILING TO REDUCE SPEED TO AVOID CRASH,NOT APPLICABLE,2112,W,PETERSON AVE,2413,,,,,,,2,NO INDICATION OF INJURY,0,0,0,0,0,2,0,15,5,9,41.99072922,-87.68297945,POINT (-87.682979453599 41.990729217961)
JC439984,,9/19/2019 15:20,30,TRAFFIC SIGNAL,FUNCTIONING PROPERLY,CLEAR,DAYLIGHT,TURNING,NOT DIVIDED,,STRAIGHT AND LEVEL,DRY,NO DEFECTS,ON SCENE,INJURY AND / OR TOW DUE TO CRASH,Y,,,"OVER $1,500",9/19/2019 15:22,FAILING TO YIELD RIGHT-OF-WAY,UNABLE TO DETERMINE,200,E,115TH ST,531,,Y,,,,,2,INCAPACITATING INJURY,1,0,1,0,0,2,0,15,5,9,41.68548576,-87.61798987,POINT (-87.617989874375 41.685485762797)
JC439974,,9/19/2019 15:17,30,TRAFFIC SIGNAL,FUNCTIONING PROPERLY,CLEAR,DAYLIGHT,PEDALCYCLIST,NOT DIVIDED,,STRAIGHT AND LEVEL,DRY,NO DEFECTS,ON SCENE,INJURY AND / OR TOW DUE TO CRASH,Y,,,$500 OR LESS,9/19/2019 15:18,UNABLE TO DETERMINE,UNABLE TO DETERMINE,3698,S,ARCHER AVE,912,,,,,,,2,NONINCAPACITATING INJURY,1,0,0,1,0,1,0,15,5,9,41.82638814,-87.6844122,POINT (-87.684412197485 41.826388141478)
JC445391,,9/19/2019 15:15,30,NO CONTROLS,NO CONTROLS,CLEAR,DAYLIGHT,PARKED MOTOR VEHICLE,ONE-WAY,,STRAIGHT AND LEVEL,DRY,NO DEFECTS,NOT ON SCENE (DESK REPORT),NO INJURY / DRIVE AWAY,,,,"$501 - $1,500",9/23/2019 16:15,UNABLE TO DETERMINE,UNABLE TO DETERMINE,3,E,ERIE ST,1834,,,,,,,2,NO INDICATION OF INJURY,0,0,0,0,0,1,0,15,5,9,41.89396619,-87.62797606,POINT (-87.62797606072 41.893966191136)
JC440048,,9/19/2019 15:15,30,TRAFFIC SIGNAL,FUNCTIONING PROPERLY,CLEAR,DAYLIGHT,TURNING,DIVIDED - W/MEDIAN BARRIER,,STRAIGHT AND LEVEL,DRY,NO DEFECTS,NOT ON SCENE (DESK REPORT),NO INJURY / DRIVE AWAY,,,,"OVER $1,500",9/19/2019 15:40,IMPROPER TURNING/NO SIGNAL,UNABLE TO DETERMINE,10600,S,TORRENCE AVE,434,,,,,,,2,NO INDICATION OF INJURY,0,0,0,0,0,2,0,15,5,9,41.70268583,-87.55974771,POINT (-87.559747707177 41.702685826641)
JC440007,,9/19/2019 15:15,15,NO CONTROLS,NO CONTROLS,CLEAR,DAYLIGHT,REAR TO FRONT,NOT DIVIDED,,STRAIGHT AND LEVEL,DRY,NO DEFECTS,ON SCENE,NO INJURY / DRIVE AWAY,,,N,"OVER $1,500",9/19/2019 15:28,IMPROPER BACKING,UNABLE TO DETERMINE,5236,N,MARMORA AVE,1622,,,,,,,2,NO INDICATION OF INJURY,0,0,0,0,0,2,0,15,5,9,41.97669209,-87.77588264,POINT (-87.77588263688 41.976692087565)
JC440001,,9/19/2019 15:10,30,NO CONTROLS,NO CONTROLS,CLEAR,DAYLIGHT,SIDESWIPE SAME DIRECTION,NOT DIVIDED,,STRAIGHT AND LEVEL,DRY,NO DEFECTS,NOT ON SCENE (DESK REPORT),NO INJURY / DRIVE AWAY,,,Y,"$501 - $1,500",9/19/2019 15:43,NOT APPLICABLE,NOT APPLICABLE,7100,S,PULASKI RD,833,,,,,,,2,NO INDICATION OF INJURY,0,0,0,0,0,4,0,15,5,9,41.76400775,-87.72249911,POINT (-87.722499107707 41.764007749308)
JC440063,,9/19/2019 15:05,30,NO CONTROLS,NO CONTROLS,CLEAR,DAYLIGHT,SIDESWIPE SAME DIRECTION,ONE-WAY,,STRAIGHT AND LEVEL,DRY,NO DEFECTS,ON SCENE,INJURY AND / OR TOW DUE TO CRASH,,,,"OVER $1,500",9/19/2019 15:52,FOLLOWING TOO CLOSELY,NOT APPLICABLE,1730,S,UNION AVE,1235,,,,,,,2,NO INDICATION OF INJURY,0,0,0,0,0,3,0,15,5,9,41.85821989,-87.64497153,POINT (-87.644971532776 41.858219892693)
JC440013,,9/19/2019 15:05,20,NO CONTROLS,NO CONTROLS,CLEAR,DAYLIGHT,SIDESWIPE SAME DIRECTION,NOT DIVIDED,,STRAIGHT AND LEVEL,DRY,NO DEFECTS,NOT ON SCENE (DESK REPORT),INJURY AND / OR TOW DUE TO CRASH,,,,"OVER $1,500",9/19/2019 15:45,UNABLE TO DETERMINE,NOT APPLICABLE,2827,N,BROADWAY,1934,,,,,,,2,INCAPACITATING INJURY,1,0,1,0,0,7,0,15,5,9,41.93353571,-87.64454293,POINT (-87.644542927023 41.933535705307)
JC439991,,9/19/2019 15:04,30,STOP SIGN/FLASHER,FUNCTIONING PROPERLY,CLEAR,DAYLIGHT,TURNING,T-INTERSECTION,,STRAIGHT AND LEVEL,DRY,NO DEFECTS,ON SCENE,NO INJURY / DRIVE AWAY,Y,,,"OVER $1,500",9/19/2019 15:16,IMPROPER TURNING/NO SIGNAL,NOT APPLICABLE,127,E,GRAND AVE,1834,,,,,,,2,NO INDICATION OF INJURY,0,0,0,0,0,2,0,15,5,9,41.89162116,-87.62425393,POINT (-87.624253929022 41.891621161011)
JC445246,,9/19/2019 15:00,30,NO CONTROLS,NO CONTROLS,CLEAR,DAYLIGHT,PARKED MOTOR VEHICLE,ALLEY,,STRAIGHT AND LEVEL,DRY,NO DEFECTS,NOT ON SCENE (DESK REPORT),NO INJURY / DRIVE AWAY,,,Y,"OVER $1,500",9/23/2019 14:50,IMPROPER OVERTAKING/PASSING,UNABLE TO DETERMINE,8700,S,WABASH AVE,632,,,,,,,2,NO INDICATION OF INJURY,0,0,0,0,0,1,0,15,5,9,41.73628175,-87.62274791,POINT (-87.622747907919 41.736281753672)
JC440010,,9/19/2019 15:00,30,TRAFFIC SIGNAL,FUNCTIONING PROPERLY,CLEAR,DAYLIGHT,ANGLE,NOT DIVIDED,,STRAIGHT AND LEVEL,DRY,NO DEFECTS,NOT ON SCENE (DESK REPORT),NO INJURY / DRIVE AWAY,,,,"OVER $1,500",9/19/2019 16:00,UNABLE TO DETERMINE,UNABLE TO DETERMINE,4200,W,MADISON ST,1115,,,,,,,2,NO INDICATION OF INJURY,0,0,0,0,0,2,0,15,5,9,41.88077601,-87.73069838,POINT (-87.730698383664 41.880776007835)
JC439973,,9/19/2019 15:00,30,NO CONTROLS,NO CONTROLS,CLEAR,DAYLIGHT,SIDESWIPE SAME DIRECTION,NOT DIVIDED,,STRAIGHT AND LEVEL,DRY,NO DEFECTS,NOT ON SCENE (DESK REPORT),NO INJURY / DRIVE AWAY,,,,"$501 - $1,500",9/19/2019 15:29,UNABLE TO DETERMINE,NOT APPLICABLE,722,N,DAMEN AVE,1221,,,,,,,2,NO INDICATION OF INJURY,0,0,0,0,0,2,0,15,5,9,41.89476305,-87.67716446,POINT (-87.677164458022 41.894763044625)
JC439936,,9/19/2019 14:45,30,NO CONTROLS,NO CONTROLS,CLEAR,DAYLIGHT,REAR END,DIVIDED - W/MEDIAN BARRIER,,STRAIGHT AND LEVEL,DRY,NO DEFECTS,ON SCENE,INJURY AND / OR TOW DUE TO CRASH,,,,"OVER $1,500",9/19/2019 15:49,FOLLOWING TOO CLOSELY,UNABLE TO DETERMINE,500,S,FINANCIAL PL,123,,,,,,,2,NONINCAPACITATING INJURY,1,0,0,1,0,1,0,14,5,9,41.87553267,-87.63322641,POINT (-87.633226410926 41.875532665721)
JC439944,,9/19/2019 14:40,30,TRAFFIC SIGNAL,FUNCTIONING PROPERLY,CLEAR,DAYLIGHT,TURNING,ONE-WAY,,STRAIGHT AND LEVEL,DRY,NO DEFECTS,ON SCENE,INJURY AND / OR TOW DUE TO CRASH,,,,"OVER $1,500",9/19/2019 14:40,IMPROPER TURNING/NO SIGNAL,NOT APPLICABLE,704,W,GARFIELD BLVD,935,,,,,,,2,NO INDICATION OF INJURY,0,0,0,0,0,2,0,14,5,9,41.79445041,-87.64300438,POINT (-87.643004379334 41.794450404968)
JC439934,,9/19/2019 14:40,25,DELINEATORS,OTHER,CLEAR,DAYLIGHT,PARKED MOTOR VEHICLE,ONE-WAY,,STRAIGHT AND LEVEL,DRY,NO DEFECTS,ON SCENE,NO INJURY / DRIVE AWAY,N,,,"$501 - $1,500",9/19/2019 14:42,"VISION OBSCURED (SIGNS, TREE LIMBS, BUILDINGS, ETC.)","VISION OBSCURED (SIGNS, TREE LIMBS, BUILDINGS, ETC.)",7450,N,GREENVIEW AVE,2422,,,,,,,2,NO INDICATION OF INJURY,0,0,0,0,0,1,0,14,5,9,42.01752161,-87.66833628,POINT (-87.668336275869 42.017521609964)
JC439948,,9/19/2019 14:32,30,TRAFFIC SIGNAL,FUNCTIONING PROPERLY,CLEAR,DAYLIGHT,TURNING,FOUR WAY,,STRAIGHT AND LEVEL,DRY,NO DEFECTS,ON SCENE,INJURY AND / OR TOW DUE TO CRASH,Y,,,"OVER $1,500",9/19/2019 14:34,FAILING TO YIELD RIGHT-OF-WAY,NOT APPLICABLE,530,N,LA SALLE DR,1831,,,,,,,2,NO INDICATION OF INJURY,0,0,0,0,0,3,0,14,5,9,41.89168232,-87.63273071,POINT (-87.632730713447 41.891682323987)
JC446371,,9/19/2019 14:30,30,NO CONTROLS,NO CONTROLS,CLEAR,DAYLIGHT,SIDESWIPE SAME DIRECTION,NOT DIVIDED,,STRAIGHT AND LEVEL,DRY,NO DEFECTS,NOT ON SCENE (DESK REPORT),NO INJURY / DRIVE AWAY,,,Y,"$501 - $1,500",9/24/2019 12:30,IMPROPER OVERTAKING/PASSING,IMPROPER OVERTAKING/PASSING,11898,S,CAMPBELL AVE,2212,,,,,,,2,NO INDICATION OF INJURY,0,0,0,0,0,2,0,14,5,9,41.67735087,-87.68330044,POINT (-87.683300441069 41.677350872025)
JC440131,,9/19/2019 14:30,30,NO CONTROLS,NO CONTROLS,CLEAR,DAYLIGHT,REAR END,DIVIDED - W/MEDIAN (NOT RAISED),,STRAIGHT AND LEVEL,DRY,NO DEFECTS,NOT ON SCENE (DESK REPORT),NO INJURY / DRIVE AWAY,,,,"$501 - $1,500",9/19/2019 17:00,FOLLOWING TOO CLOSELY,NOT APPLICABLE,5232,W,DEVON AVE,1621,,,,,,,2,NO INDICATION OF INJURY,0,0,0,0,0,2,0,14,5,9,41.99743413,-87.75925891,POINT (-87.759258909316 41.997434130775)
JC439954,,9/19/2019 14:30,30,NO CONTROLS,NO CONTROLS,CLEAR,DAYLIGHT,FIXED OBJECT,L-INTERSECTION,,STRAIGHT AND LEVEL,DRY,NO DEFECTS,ON SCENE,NO INJURY / DRIVE AWAY,,Y,,"OVER $1,500",9/19/2019 14:30,"VISION OBSCURED (SIGNS, TREE LIMBS, BUILDINGS, ETC.)",UNABLE TO DETERMINE,1401,W,WABANSIA AVE,1433,,,,,,,1,NO INDICATION OF INJURY,0,0,0,0,0,1,0,14,5,9,41.91342427,-87.66270808,POINT (-87.662708083544 41.913424270425)
JC439952,,9/19/2019 14:30,35,TRAFFIC SIGNAL,FUNCTIONING PROPERLY,CLEAR,DAYLIGHT,PARKED MOTOR VEHICLE,DIVIDED - W/MEDIAN BARRIER,,STRAIGHT AND LEVEL,DRY,NO DEFECTS,ON SCENE,NO INJURY / DRIVE AWAY,,,,"OVER $1,500",9/19/2019 14:37,IMPROPER OVERTAKING/PASSING,NOT APPLICABLE,9525,S,HALSTED ST,2223,,,,,,,2,NO INDICATION OF INJURY,0,0,0,0,0,2,0,14,5,9,41.72069489,-87.64304817,POINT (-87.643048172133 41.720694885749)
JC439938,,9/19/2019 14:30,30,NO CONTROLS,NO CONTROLS,CLEAR,DAYLIGHT,FIXED OBJECT,NOT DIVIDED,,STRAIGHT AND LEVEL,DRY,NO DEFECTS,ON SCENE,NO INJURY / DRIVE AWAY,,,,"OVER $1,500",9/19/2019 14:50,DRIVING SKILLS/KNOWLEDGE/EXPERIENCE,UNABLE TO DETERMINE,7600,S,PARNELL AVE,621,,,,,,,1,NO INDICATION OF INJURY,0,0,0,0,0,1,0,14,5,9,41.75607825,-87.63853958,POINT (-87.638539576341 41.756078252806)
JC440185,,9/19/2019 14:20,30,NO CONTROLS,NO CONTROLS,CLEAR,DAYLIGHT,REAR END,NOT DIVIDED,,STRAIGHT AND LEVEL,DRY,NO DEFECTS,NOT ON SCENE (DESK REPORT),NO INJURY / DRIVE AWAY,,,,"$501 - $1,500",9/19/2019 17:20,FOLLOWING TOO CLOSELY,UNABLE TO DETERMINE,4601,W,DEVON AVE,1711,,,,,,,2,NO INDICATION OF INJURY,0,0,0,0,0,2,0,14,5,9,41.99715602,-87.7436111,POINT (-87.743611103871 41.997156015783)
JC439885,,9/19/2019 14:16,30,NO CONTROLS,NO CONTROLS,CLEAR,DAYLIGHT,FIXED OBJECT,ONE-WAY,,STRAIGHT AND LEVEL,DRY,NO DEFECTS,ON SCENE,INJURY AND / OR TOW DUE TO CRASH,,Y,,"OVER $1,500",9/19/2019 14:17,EQUIPMENT - VEHICLE CONDITION,UNABLE TO DETERMINE,11838,S,WALLACE ST,524,,,,,,,1,NO INDICATION OF INJURY,0,0,0,0,0,1,0,14,5,9,41.67852593,-87.63725515,POINT (-87.637255149194 41.678525927205)
JC439884,,9/19/2019 14:08,30,TRAFFIC SIGNAL,UNKNOWN,CLEAR,DAYLIGHT,PEDALCYCLIST,FOUR WAY,,STRAIGHT AND LEVEL,DRY,NO DEFECTS,ON SCENE,INJURY AND / OR TOW DUE TO CRASH,Y,,,$500 OR LESS,9/19/2019 14:08,UNABLE TO DETERMINE,UNABLE TO DETERMINE,1900,W,BELMONT AVE,1922,,,,,,,2,NONINCAPACITATING INJURY,1,0,0,1,0,1,0,14,5,9,41.93971005,-87.67605455,POINT (-87.676054552776 41.93971005362)
JC458289,,9/19/2019 14:00,5,YIELD,NO CONTROLS,UNKNOWN,UNKNOWN,PARKED MOTOR VEHICLE,PARKING LOT,,STRAIGHT AND LEVEL,UNKNOWN,UNKNOWN,NOT ON SCENE (DESK REPORT),NO INJURY / DRIVE AWAY,,Y,N,"OVER $1,500",10/3/2019 10:58,NOT APPLICABLE,NOT APPLICABLE,1301,N,DEARBORN ST,1824,Y,,,,,,2,NO INDICATION OF INJURY,0,0,0,0,0,1,0,14,5,9,41.90590483,-87.629899,POINT (-87.629898996058 41.905904833514)