RD_NO,CRASH_DATE_EST_I,CRASH_DATE,POSTED_SPEED_LIMIT,TRAFFIC_CONTROL_DEVICE,DEVICE_CONDITION,WEATHER_CONDITION,LIGHTING_CONDITION,FIRST_CRASH_TYPE,TRAFFICWAY_TYPE,LANE_CNT,ALIGNMENT,ROADWAY_SURFACE_COND,ROAD_DEFECT,REPORT_TYPE,CRASH_TYPE,INTERSECTION_RELATED_I,NOT_RIGHT_OF_WAY_I,HIT_AND_RUN_I,DAMAGE,DATE_POLICE_NOTIFIED,PRIM_CONTRIBUTORY_CAUSE,SEC_CONTRIBUTORY_CAUSE,STREET_NO,STREET_DIRECTION,STREET_NAME,BEAT_OF_OCCURRENCE,PHOTOS_TAKEN_I,STATEMENTS_TAKEN_I,DOORING_I,WORK_ZONE_I,WORK_ZONE_TYPE,WORKERS_PRESENT_I,NUM_UNITS,MOST_SEVERE_INJURY,INJURIES_TOTAL,INJURIES_FATAL,INJURIES_INCAPACITATING,INJURIES_NON_INCAPACITATING,INJURIES_REPORTED_NOT_EVIDENT,INJURIES_NO_INDICATION,INJURIES_UNKNOWN,CRASH_HOUR,CRASH_DAY_OF_WEEK,CRASH_MONTH,LATITUDE,LONGITUDE,LOCATION
JC447644,,9/19/2019 14:00,30,NO CONTROLS,NO CONTROLS,CLEAR,DAYLIGHT,PARKED MOTOR VEHICLE,NOT DIVIDED,,STRAIGHT AND LEVEL,DRY,NO DEFECTS,NOT ON SCENE (DESK REPORT),NO INJURY / DRIVE AWAY,,,,"$501 - $1,500",9/25/2019 10:47,DRIVING SKILLS/KNOWLEDGE/EXPERIENCE,DRIVING SKILLS/KNOWLEDGE/EXPERIENCE,10426,S,WESTERN AVE,2211,,,,,,,2,NO INDICATION OF INJURY,0,0,0,0,0,1,0,14,5,9,41.70372586,-87.6816838,POINT (-87.681683799661 41.703725857371)
JC441433,,9/19/2019 14:00,30,NO CONTROLS,NO CONTROLS,CLEAR,DAYLIGHT,REAR TO REAR,PARKING LOT,,STRAIGHT AND LEVEL,DRY,UNKNOWN,NOT ON SCENE (DESK REPORT),NO INJURY / DRIVE AWAY,,Y,Y,"OVER $1,500",9/20/2019 15:00,IMPROPER BACKING,"OPERATING VEHICLE IN ERRATIC, RECKLESS, CARELESS, NEGLIGENT OR AGGRESSIVE MANNER",1132,S,CLINTON ST,124,,,,,,,2,NO INDICATION OF INJURY,0,0,0,0,0,2,0,14,5,9,41.86797281,-87.64089226,POINT (-87.640892256885 41.867972805109)
JC440213,,9/19/2019 14:00,30,NO CONTROLS,NO CONTROLS,CLEAR,DAYLIGHT,OTHER OBJECT,NOT DIVIDED,,STRAIGHT AND LEVEL,DRY,NO DEFECTS,NOT ON SCENE (DESK REPORT),NO INJURY / DRIVE AWAY,,,,$500 OR LESS,9/19/2019 17:40,UNABLE TO DETERMINE,NOT APPLICABLE,1430,S,ASHLAND AVE,1233,,,,,,,1,NO INDICATION OF INJURY,0,0,0,0,0,1,0,14,5,9,41.86240243,-87.66641897,POINT (-87.666418968157 41.862402424927)
JC439971,,9/19/2019 14:00,15,STOP SIGN/FLASHER,FUNCTIONING PROPERLY,CLEAR,DAYLIGHT,TURNING,NOT DIVIDED,,STRAIGHT AND LEVEL,DRY,NO DEFECTS,,NO INJURY / DRIVE AWAY,Y,,,"OVER $1,500",9/19/2019 15:00,FAILING TO YIELD RIGHT-OF-WAY,UNABLE TO DETERMINE,1535,E,56TH ST,235,,,,,,,2,NO INDICATION OF INJURY,0,0,0,0,0,2,0,14,5,9,41.79324823,-87.58783258,POINT (-87.587832576123 41.793248229076)
JC440241,,9/19/2019 13:54,30,NO CONTROLS,NO CONTROLS,CLEAR,DAYLIGHT,PARKED MOTOR VEHICLE,NOT DIVIDED,,STRAIGHT AND LEVEL,DRY,NO DEFECTS,NOT ON SCENE (DESK REPORT),NO INJURY / DRIVE AWAY,,,,"OVER $1,500",9/19/2019 17:55,UNABLE TO DETERMINE,UNABLE TO DETERMINE,2523,N,GREENVIEW AVE,1932,,,,,,,2,NO INDICATION OF INJURY,0,0,0,0,0,1,0,13,5,9,41.92773838,-87.66567821,POINT (-87.66567821005 41.927738375536)
JC439924,,9/19/2019 13:52,10,NO CONTROLS,NO CONTROLS,CLEAR,DAYLIGHT,ANGLE,PARKING LOT,,STRAIGHT AND LEVEL,DRY,NO DEFECTS,NOT ON SCENE (DESK REPORT),INJURY AND / OR TOW DUE TO CRASH,,,,"OVER $1,500",9/19/2019 14:45,IMPROPER BACKING,FAILING TO YIELD RIGHT-OF-WAY,7504,S,COTTAGE GROVE AVE,624,,,,,,,2,"REPORTED, NOT EVIDENT",2,0,0,0,2,0,0,13,5,9,41.75837793,-87.60552915,POINT (-87.60552915047 41.758377927614)
JC439876,,9/19/2019 13:50,30,NO CONTROLS,NO CONTROLS,CLEAR,DAYLIGHT,REAR END,DIVIDED - W/MEDIAN (NOT RAISED),,STRAIGHT AND LEVEL,DRY,NO DEFECTS,ON SCENE,NO INJURY / DRIVE AWAY,,,,"OVER $1,500",9/19/2019 13:57,FOLLOWING TOO CLOSELY,NOT APPLICABLE,3221,W,DEVON AVE,2413,,,,,,,3,NO INDICATION OF INJURY,0,0,0,0,0,5,0,13,5,9,41.99726242,-87.71032525,POINT (-87.710325248511 41.997262418431)
JC439997,,9/19/2019 13:45,30,TRAFFIC SIGNAL,FUNCTIONING PROPERLY,CLEAR,DAYLIGHT,PEDALCYCLIST,NOT DIVIDED,,STRAIGHT AND LEVEL,DRY,NO DEFECTS,NOT ON SCENE (DESK REPORT),INJURY AND / OR TOW DUE TO CRASH,Y,,Y,$500 OR LESS,9/19/2019 16:13,FAILING TO YIELD RIGHT-OF-WAY,FAILING TO REDUCE SPEED TO AVOID CRASH,5159,W,BELMONT AVE,2521,,,,,,,2,NONINCAPACITATING INJURY,1,0,0,1,0,1,0,13,5,9,41.93859158,-87.75656533,POINT (-87.756565327708 41.938591577876)
JC439874,,9/19/2019 13:40,30,NO CONTROLS,NO CONTROLS,CLEAR,DAYLIGHT,PARKED MOTOR VEHICLE,NOT DIVIDED,,STRAIGHT AND LEVEL,DRY,NO DEFECTS,ON SCENE,NO INJURY / DRIVE AWAY,,,,"OVER $1,500",9/19/2019 13:44,FAILING TO REDUCE SPEED TO AVOID CRASH,NOT APPLICABLE,327,E,105TH ST,512,,,,,,,2,NO INDICATION OF INJURY,0,0,0,0,0,1,0,13,5,9,41.70353541,-87.61494642,POINT (-87.614946422919 41.70353540697)
JC439860,,9/19/2019 13:37,35,TRAFFIC SIGNAL,FUNCTIONING PROPERLY,CLEAR,DAYLIGHT,TURNING,DIVIDED - W/MEDIAN (NOT RAISED),,STRAIGHT AND LEVEL,DRY,UNKNOWN,ON SCENE,NO INJURY / DRIVE AWAY,,,,$500 OR LESS,9/19/2019 13:40,UNABLE TO DETERMINE,NOT APPLICABLE,4000,N,WESTERN AVE,1911,,,,,,,2,NO INDICATION OF INJURY,0,0,0,0,0,2,0,13,5,9,41.95405671,-87.68861447,POINT (-87.688614471985 41.954056713542)
JC450306,,9/19/2019 13:30,30,NO CONTROLS,NO CONTROLS,CLEAR,DAYLIGHT,ANGLE,NOT DIVIDED,,STRAIGHT AND LEVEL,DRY,NO DEFECTS,NOT ON SCENE (DESK REPORT),NO INJURY / DRIVE AWAY,,,,"$501 - $1,500",9/27/2019 10:09,FAILING TO YIELD RIGHT-OF-WAY,UNABLE TO DETERMINE,1713,N,MARCEY ST,1811,,,,,,,2,NO INDICATION OF INJURY,0,0,0,0,0,4,0,13,5,9,41.91344994,-87.65463374,POINT (-87.654633740613 41.913449938202)
JC441426,Y,9/19/2019 13:30,20,NO CONTROLS,NO CONTROLS,CLEAR,DAYLIGHT,PARKED MOTOR VEHICLE,DIVIDED - W/MEDIAN (NOT RAISED),,STRAIGHT AND LEVEL,DRY,NO DEFECTS,ON SCENE,NO INJURY / DRIVE AWAY,,,Y,$500 OR LESS,9/20/2019 14:41,UNABLE TO DETERMINE,NOT APPLICABLE,2946,N,LAKE SHORE DR,1934,,,,,,,2,NO INDICATION OF INJURY,0,0,0,0,0,1,0,13,5,9,41.93578333,-87.63691348,POINT (-87.636913483704 41.935783329269)
JC440425,,9/19/2019 13:30,30,UNKNOWN,UNKNOWN,UNKNOWN,UNKNOWN,SIDESWIPE SAME DIRECTION,UNKNOWN,,STRAIGHT AND LEVEL,UNKNOWN,UNKNOWN,NOT ON SCENE (DESK REPORT),NO INJURY / DRIVE AWAY,,,,"OVER $1,500",9/19/2019 20:00,UNABLE TO DETERMINE,NOT APPLICABLE,3900,S,DR MARTIN LUTHER KING JR DR,213,Y,,,,,,3,NO INDICATION OF INJURY,0,0,0,0,0,3,0,13,5,9,41.82377275,-87.61714202,POINT (-87.617142020372 41.823772747763)
JC440092,,9/19/2019 13:30,35,NO CONTROLS,NO CONTROLS,CLEAR,DAYLIGHT,PARKED MOTOR VEHICLE,NOT DIVIDED,,STRAIGHT AND LEVEL,DRY,NO DEFECTS,NOT ON SCENE (DESK REPORT),NO INJURY / DRIVE AWAY,,,,"OVER $1,500",9/19/2019 16:41,UNABLE TO DETERMINE,NOT APPLICABLE,415,N,DESPLAINES ST,1214,,,,,,,2,NO INDICATION OF INJURY,0,0,0,0,0,1,0,13,5,9,41.88949099,-87.64419119,POINT (-87.644191188998 41.889490991324)
JC439911,,9/19/2019 13:30,30,NO CONTROLS,NO CONTROLS,CLEAR,DAYLIGHT,TURNING,DIVIDED - W/MEDIAN (NOT RAISED),,STRAIGHT AND LEVEL,DRY,NO DEFECTS,NOT ON SCENE (DESK REPORT),NO INJURY / DRIVE AWAY,,,,"OVER $1,500",9/19/2019 13:30,IMPROPER OVERTAKING/PASSING,IMPROPER OVERTAKING/PASSING,3050,W,TOUHY AVE,2411,,,,,,,2,NO INDICATION OF INJURY,0,0,0,0,0,2,0,13,5,9,42.01202712,-87.70641634,POINT (-87.706416337048 42.012027123622)
JC439867,,9/19/2019 13:30,30,TRAFFIC SIGNAL,FUNCTIONING PROPERLY,CLOUDY/OVERCAST,DAYLIGHT,PEDALCYCLIST,FOUR WAY,,STRAIGHT AND LEVEL,DRY,NO DEFECTS,ON SCENE,INJURY AND / OR TOW DUE TO CRASH,Y,,,$500 OR LESS,9/19/2019 13:45,UNABLE TO DETERMINE,UNABLE TO DETERMINE,3200,W,36TH ST,911,,,,,,,2,NONINCAPACITATING INJURY,1,0,0,1,0,1,0,13,5,9,41.8281773,-87.70462138,POINT (-87.704621381647 41.828177294986)
JC440532,,9/19/2019 13:28,30,NO CONTROLS,NO CONTROLS,CLEAR,"DARKNESS, LIGHTED ROAD",PARKED MOTOR VEHICLE,DIVIDED - W/MEDIAN (NOT RAISED),,STRAIGHT AND LEVEL,DRY,NO DEFECTS,NOT ON SCENE (DESK REPORT),NO INJURY / DRIVE AWAY,,,,"OVER $1,500",9/19/2019 21:00,UNABLE TO DETERMINE,UNABLE TO DETERMINE,3050,W,TOUHY AVE,2411,,,,,,,2,NO INDICATION OF INJURY,0,0,0,0,0,1,0,13,5,9,42.01202712,-87.70641634,POINT (-87.706416337048 42.012027123622)
JC441025,,9/19/2019 13:20,15,NO CONTROLS,NO CONTROLS,CLEAR,DAYLIGHT,PEDESTRIAN,NOT DIVIDED,,STRAIGHT AND LEVEL,DRY,NO DEFECTS,ON SCENE,INJURY AND / OR TOW DUE TO CRASH,,,,$500 OR LESS,9/20/2019 10:03,UNABLE TO DETERMINE,UNABLE TO DETERMINE,5640,S,HONORE ST,715,,,,,,,2,NONINCAPACITATING INJURY,1,0,0,1,0,1,0,13,5,9,41.79091494,-87.67071753,POINT (-87.670717532553 41.790914943225)
JC439839,Y,9/19/2019 13:20,30,TRAFFIC SIGNAL,FUNCTIONING PROPERLY,CLEAR,DAYLIGHT,SIDESWIPE SAME DIRECTION,NOT DIVIDED,,STRAIGHT AND LEVEL,DRY,OTHER,ON SCENE,NO INJURY / DRIVE AWAY,Y,,,"$501 - $1,500",9/19/2019 13:25,IMPROPER LANE USAGE,UNABLE TO DETERMINE,2400,S,WESTERN AVE,1034,,,,,,,2,NO INDICATION OF INJURY,0,0,0,0,0,2,0,13,5,9,41.84835204,-87.68568193,POINT (-87.685681934492 41.848352042192)
JC439831,,9/19/2019 13:15,35,TRAFFIC SIGNAL,FUNCTIONING PROPERLY,CLEAR,DAYLIGHT,REAR END,NOT DIVIDED,,STRAIGHT AND LEVEL,DRY,NO DEFECTS,NOT ON SCENE (DESK REPORT),NO INJURY / DRIVE AWAY,,,,"OVER $1,500",9/19/2019 13:33,FAILING TO REDUCE SPEED TO AVOID CRASH,NOT APPLICABLE,5321,S,CENTRAL AVE,814,,,,,,,2,NO INDICATION OF INJURY,0,0,0,0,0,2,0,13,5,9,41.79574458,-87.76226225,POINT (-87.762262253154 41.795744584003)
JC439956,,9/19/2019 13:10,30,NO CONTROLS,NO CONTROLS,CLEAR,DAYLIGHT,PARKED MOTOR VEHICLE,DIVIDED - W/MEDIAN (NOT RAISED),,STRAIGHT AND LEVEL,DRY,NO DEFECTS,NOT ON SCENE (DESK REPORT),NO INJURY / DRIVE AWAY,,,,"$501 - $1,500",9/19/2019 15:00,IMPROPER BACKING,UNABLE TO DETERMINE,4304,W,FULLERTON AVE,2524,,,,,,,2,NO INDICATION OF INJURY,0,0,0,0,0,1,0,13,5,9,41.92450338,-87.73433873,POINT (-87.734338733122 41.924503383572)
JC449254,,9/19/2019 13:00,30,NO CONTROLS,NO CONTROLS,CLEAR,DAYLIGHT,SIDESWIPE SAME DIRECTION,NOT DIVIDED,,STRAIGHT AND LEVEL,DRY,NO DEFECTS,NOT ON SCENE (DESK REPORT),NO INJURY / DRIVE AWAY,,,,"OVER $1,500",9/26/2019 13:35,UNABLE TO DETERMINE,UNABLE TO DETERMINE,225,E,ONTARIO ST,1834,,,,,,,2,NO INDICATION OF INJURY,0,0,0,0,0,2,0,13,5,9,41.89326225,-87.62200766,POINT (-87.622007661937 41.893262253384)
JC439955,,9/19/2019 13:00,30,NO CONTROLS,NO CONTROLS,CLOUDY/OVERCAST,DAYLIGHT,TURNING,DIVIDED - W/MEDIAN (NOT RAISED),,STRAIGHT AND LEVEL,DRY,NO DEFECTS,NOT ON SCENE (DESK REPORT),INJURY AND / OR TOW DUE TO CRASH,,,,"OVER $1,500",9/19/2019 15:15,FAILING TO YIELD RIGHT-OF-WAY,NOT APPLICABLE,4382,N,NARRAGANSETT AVE,1632,,,,,,,2,NO INDICATION OF INJURY,0,0,0,0,0,2,0,13,5,9,41.96012642,-87.78694927,POINT (-87.7869492733 41.960126418241)
JC439912,,9/19/2019 13:00,30,NO CONTROLS,NO CONTROLS,CLEAR,DAYLIGHT,PARKED MOTOR VEHICLE,PARKING LOT,,STRAIGHT AND LEVEL,DRY,NO DEFECTS,NOT ON SCENE (DESK REPORT),NO INJURY / DRIVE AWAY,,,Y,$500 OR LESS,9/19/2019 14:36,UNABLE TO DETERMINE,NOT APPLICABLE,2570,N,ELSTON AVE,1432,,,,,,,2,NO INDICATION OF INJURY,0,0,0,0,0,1,0,13,5,9,41.92820408,-87.68225483,POINT (-87.682254826596 41.928204080164)
JC439916,,9/19/2019 12:40,30,NO CONTROLS,NO CONTROLS,CLEAR,DAYLIGHT,SIDESWIPE SAME DIRECTION,NOT DIVIDED,,STRAIGHT AND LEVEL,DRY,NO DEFECTS,NOT ON SCENE (DESK REPORT),NO INJURY / DRIVE AWAY,,,,"$501 - $1,500",9/19/2019 14:45,UNABLE TO DETERMINE,UNABLE TO DETERMINE,139,W,ADAMS ST,122,,,,,,,2,NO INDICATION OF INJURY,0,0,0,0,0,2,0,12,5,9,41.8792941,-87.63194032,POINT (-87.631940323105 41.879294103064)
JC439799,,9/19/2019 12:36,15,NO CONTROLS,NO CONTROLS,CLEAR,DAYLIGHT,PEDESTRIAN,ALLEY,,STRAIGHT AND LEVEL,DRY,UNKNOWN,ON SCENE,INJURY AND / OR TOW DUE TO CRASH,,Y,,$500 OR LESS,9/19/2019 12:36,"OPERATING VEHICLE IN ERRATIC, RECKLESS, CARELESS, NEGLIGENT OR AGGRESSIVE MANNER",DISTRACTION - FROM OUTSIDE VEHICLE,6412,S,MARSHFIELD AVE,725,,,,,,,2,NONINCAPACITATING INJURY,2,0,0,2,0,0,0,12,5,9,41.77720436,-87.66557094,POINT (-87.665570942303 41.777204360714)
JC439854,,9/19/2019 12:35,30,NO CONTROLS,NO CONTROLS,CLEAR,DAYLIGHT,REAR END,NOT DIVIDED,,STRAIGHT AND LEVEL,DRY,NO DEFECTS,NOT ON SCENE (DESK REPORT),NO INJURY / DRIVE AWAY,,,,"OVER $1,500",9/19/2019 13:55,UNABLE TO DETERMINE,NOT APPLICABLE,3233,W,FULLERTON AVE,1413,,,,,,,2,NO INDICATION OF INJURY,0,0,0,0,0,3,0,12,5,9,41.92459075,-87.70879606,POINT (-87.708796056232 41.924590746584)
JC439788,,9/19/2019 12:32,30,TRAFFIC SIGNAL,FUNCTIONING PROPERLY,CLEAR,DAYLIGHT,TURNING,NOT DIVIDED,,STRAIGHT AND LEVEL,DRY,NO DEFECTS,ON SCENE,NO INJURY / DRIVE AWAY,Y,,Y,"$501 - $1,500",9/19/2019 12:35,UNABLE TO DETERMINE,UNABLE TO DETERMINE,26,W,95TH ST,634,,,,,,,2,NO INDICATION OF INJURY,0,0,0,0,0,2,0,12,5,9,41.72175971,-87.62495772,POINT (-87.624957715468 41.721759712746)
JC439723,N,9/19/2019 12:15,30,NO CONTROLS,NO CONTROLS,CLEAR,DAYLIGHT,OTHER OBJECT,OTHER,,STRAIGHT AND LEVEL,DRY,NO DEFECTS,ON SCENE,NO INJURY / DRIVE AWAY,,Y,,"OVER $1,500",9/19/2019 12:19,UNABLE TO DETERMINE,NOT APPLICABLE,2108,N,CLARK ST,1814,,Y,,,,,1,NO INDICATION OF INJURY,0,0,0,0,0,1,0,12,5,9,41.92041441,-87.63750858,POINT (-87.637508579832 41.920414405088)
JC440142,,9/19/2019 12:10,30,TRAFFIC SIGNAL,UNKNOWN,CLEAR,DAYLIGHT,REAR END,FOUR WAY,,STRAIGHT AND LEVEL,DRY,UNKNOWN,NOT ON SCENE (DESK REPORT),NO INJURY / DRIVE AWAY,,,,"OVER $1,500",9/19/2019 13:00,FAILING TO REDUCE SPEED TO AVOID CRASH,NOT APPLICABLE,1600,W,95TH ST,2221,,,,,,,3,NO INDICATION OF INJURY,0,0,0,0,0,3,0,12,5,9,41.72132441,-87.66272415,POINT (-87.662724152651 41.721324411975)
JC439758,,9/19/2019 12:10,30,TRAFFIC SIGNAL,FUNCTIONING PROPERLY,CLEAR,DAYLIGHT,TURNING,FOUR WAY,,STRAIGHT AND LEVEL,DRY,NO DEFECTS,NOT ON SCENE (DESK REPORT),INJURY AND / OR TOW DUE TO CRASH,Y,,,"OVER $1,500",9/19/2019 12:20,DISREGARDING TRAFFIC SIGNALS,UNABLE TO DETERMINE,2998,N,CENTRAL PARK AVE,2523,,,,,,,2,NO INDICATION OF INJURY,0,0,0,0,0,2,0,12,5,9,41.93506582,-87.71742429,POINT (-87.717424292063 41.935065821985)
JC440051,,9/19/2019 12:00,30,NO CONTROLS,NO CONTROLS,CLEAR,DAYLIGHT,PARKED MOTOR VEHICLE,ONE-WAY,,STRAIGHT AND LEVEL,DRY,NO DEFECTS,NOT ON SCENE (DESK REPORT),NO INJURY / DRIVE AWAY,,,,"$501 - $1,500",9/19/2019 16:15,UNABLE TO DETERMINE,UNABLE TO DETERMINE,28,N,CLARK ST,122,,,,,,,2,NO INDICATION OF INJURY,0,0,0,0,0,1,0,12,5,9,41.88265087,-87.63105264,POINT (-87.631052642461 41.882650868115)
JC439942,,9/19/2019 12:00,30,UNKNOWN,NO CONTROLS,CLEAR,DAYLIGHT,SIDESWIPE SAME DIRECTION,UNKNOWN,,STRAIGHT AND LEVEL,DRY,NO DEFECTS,NOT ON SCENE (DESK REPORT),NO INJURY / DRIVE AWAY,,,,"OVER $1,500",9/19/2019 15:30,UNABLE TO DETERMINE,UNABLE TO DETERMINE,135,S,LA SALLE ST,122,,,,,,,2,NO INDICATION OF INJURY,0,0,0,0,0,2,0,12,5,9,41.88001645,-87.63216231,POINT (-87.632162306954 41.880016453938)
JC439768,,9/19/2019 12:00,30,STOP SIGN/FLASHER,FUNCTIONING PROPERLY,CLEAR,DAYLIGHT,TURNING,FOUR WAY,,STRAIGHT AND LEVEL,DRY,UNKNOWN,ON SCENE,NO INJURY / DRIVE AWAY,Y,,,"$501 - $1,500",9/19/2019 13:00,UNABLE TO DETERMINE,UNABLE TO DETERMINE,1532,W,CARROLL AVE,1215,,,,,,,2,NO INDICATION OF INJURY,0,0,0,0,0,2,0,12,5,9,41.88751703,-87.66557928,POINT (-87.665579282878 41.88751703378)
JC439745,,9/19/2019 12:00,30,NO CONTROLS,NO CONTROLS,CLEAR,DAYLIGHT,PARKED MOTOR VEHICLE,NOT DIVIDED,,STRAIGHT AND LEVEL,DRY,NO DEFECTS,ON SCENE,NO INJURY / DRIVE AWAY,,,,"OVER $1,500",9/19/2019 12:10,UNABLE TO DETERMINE,UNABLE TO DETERMINE,734,E,46TH ST,221,,,,,,,2,NO INDICATION OF INJURY,0,0,0,0,0,1,0,12,5,9,41.81144817,-87.60761956,POINT (-87.60761955898 41.811448167461)
JC439756,,9/19/2019 11:50,30,NO CONTROLS,NO CONTROLS,CLEAR,DAYLIGHT,REAR END,NOT DIVIDED,,STRAIGHT ON HILLCREST,DRY,NO DEFECTS,ON SCENE,NO INJURY / DRIVE AWAY,,,,"$501 - $1,500",9/19/2019 12:13,IMPROPER BACKING,FAILING TO YIELD RIGHT-OF-WAY,4920,N,CICERO AVE,1623,,,,,,,2,NO INDICATION OF INJURY,0,0,0,0,0,5,0,11,5,9,41.97048124,-87.74802962,POINT (-87.748029615281 41.970481234961)
JC439711,,9/19/2019 11:45,15,STOP SIGN/FLASHER,FUNCTIONING PROPERLY,CLEAR,DAYLIGHT,FIXED OBJECT,NOT DIVIDED,,STRAIGHT AND LEVEL,DRY,UNKNOWN,ON SCENE,NO INJURY / DRIVE AWAY,,Y,,"$501 - $1,500",9/19/2019 11:58,DRIVING SKILLS/KNOWLEDGE/EXPERIENCE,NOT APPLICABLE,2500,S,MOE DR,132,,,,,,,1,NO INDICATION OF INJURY,0,0,0,0,0,1,0,11,5,9,41.84827133,-87.61327377,POINT (-87.61327377217 41.848271329976)
JC439696,,9/19/2019 11:44,30,TRAFFIC SIGNAL,FUNCTIONING PROPERLY,CLEAR,DAYLIGHT,ANGLE,NOT DIVIDED,,STRAIGHT AND LEVEL,DRY,NO DEFECTS,ON SCENE,INJURY AND / OR TOW DUE TO CRASH,Y,,,"$501 - $1,500",9/19/2019 11:45,DISREGARDING TRAFFIC SIGNALS,NOT APPLICABLE,2,W,35TH ST,211,,,,,,,2,NO INDICATION OF INJURY,0,0,0,0,0,2,0,11,5,9,41.83112158,-87.6267068,POINT (-87.626706800906 41.831121574889)
JC439859,,9/19/2019 11:43,30,TRAFFIC SIGNAL,FUNCTIONING PROPERLY,CLEAR,DAYLIGHT,REAR END,NOT DIVIDED,,STRAIGHT AND LEVEL,DRY,NO DEFECTS,NOT ON SCENE (DESK REPORT),NO INJURY / DRIVE AWAY,,,,"$501 - $1,500",9/19/2019 14:18,FOLLOWING TOO CLOSELY,DISTRACTION - FROM INSIDE VEHICLE,150,N,DEARBORN ST,111,,,,,,,2,NO INDICATION OF INJURY,0,0,0,0,0,3,0,11,5,9,41.88450898,-87.62960563,POINT (-87.629605630755 41.884508977776)
JC439703,Y,9/19/2019 11:35,30,NO CONTROLS,NO CONTROLS,CLEAR,DAYLIGHT,PARKED MOTOR VEHICLE,ONE-WAY,,STRAIGHT AND LEVEL,DRY,NO DEFECTS,NOT ON SCENE (DESK REPORT),NO INJURY / DRIVE AWAY,,,,"OVER $1,500",9/19/2019 12:00,UNABLE TO DETERMINE,UNABLE TO DETERMINE,613,N,WELLS ST,1832,,,,,,,2,NO INDICATION OF INJURY,0,0,0,0,0,2,0,11,5,9,41.89286276,-87.63395548,POINT (-87.633955477044 41.892862755117)
JC439674,,9/19/2019 11:32,30,NO CONTROLS,NO CONTROLS,CLEAR,DAYLIGHT,SIDESWIPE SAME DIRECTION,NOT DIVIDED,,STRAIGHT AND LEVEL,DRY,NO DEFECTS,ON SCENE,NO INJURY / DRIVE AWAY,,,,"OVER $1,500",9/19/2019 11:35,IMPROPER OVERTAKING/PASSING,NOT APPLICABLE,2835,N,ASHLAND AVE,1932,,,,,,,2,NO INDICATION OF INJURY,0,0,0,0,0,2,0,11,5,9,41.93342061,-87.66828665,POINT (-87.66828665017 41.933420608482)
JC439858,,9/19/2019 11:30,0,NO CONTROLS,NO CONTROLS,CLEAR,DAYLIGHT,PARKED MOTOR VEHICLE,PARKING LOT,,STRAIGHT AND LEVEL,DRY,NO DEFECTS,NOT ON SCENE (DESK REPORT),NO INJURY / DRIVE AWAY,,Y,Y,"OVER $1,500",9/19/2019 13:15,DISTRACTION - FROM INSIDE VEHICLE,NOT APPLICABLE,10006,W,BRYN MAWR AVE,1654,,,,,,,2,NO INDICATION OF INJURY,0,0,0,0,0,1,0,11,5,9,41.97506731,-87.87615665,POINT (-87.876156649435 41.975067305004)
JC439820,,9/19/2019 11:30,30,NO CONTROLS,NO CONTROLS,CLEAR,DAYLIGHT,SIDESWIPE SAME DIRECTION,DIVIDED - W/MEDIAN (NOT RAISED),,STRAIGHT AND LEVEL,DRY,NO DEFECTS,NOT ON SCENE (DESK REPORT),NO INJURY / DRIVE AWAY,,,,"$501 - $1,500",9/19/2019 13:20,FAILING TO YIELD RIGHT-OF-WAY,UNABLE TO DETERMINE,5236,W,NORTH AVE,2532,,,,,,,2,NO INDICATION OF INJURY,0,0,0,0,0,2,0,11,5,9,41.90959367,-87.75717928,POINT (-87.7571792798 41.90959366491)
JC439679,,9/19/2019 11:25,25,STOP SIGN/FLASHER,NO CONTROLS,CLEAR,DAYLIGHT,PARKED MOTOR VEHICLE,DIVIDED - W/MEDIAN (NOT RAISED),,STRAIGHT AND LEVEL,DRY,NO DEFECTS,NOT ON SCENE (DESK REPORT),NO INJURY / DRIVE AWAY,,,,"OVER $1,500",9/19/2019 11:50,UNABLE TO DETERMINE,UNABLE TO DETERMINE,1454,W,ROSEMONT AVE,2433,,,,,,,2,NO INDICATION OF INJURY,0,0,0,0,0,1,0,11,5,9,41.99652998,-87.66751398,POINT (-87.667513977722 41.99652997538)
JC439658,,9/19/2019 11:25,30,NO CONTROLS,NO CONTROLS,CLEAR,DAYLIGHT,PEDALCYCLIST,NOT DIVIDED,,STRAIGHT AND LEVEL,DRY,NO DEFECTS,ON SCENE,INJURY AND / OR TOW DUE TO CRASH,,,,$500 OR LESS,9/19/2019 11:35,DRIVING ON WRONG SIDE/WRONG WAY,FAILING TO YIELD RIGHT-OF-WAY,157,W,DIVISION ST,1824,,,,,,,2,NONINCAPACITATING INJURY,1,0,0,1,0,1,0,11,5,9,41.90375694,-87.63361843,POINT (-87.633618433327 41.903756938255)
JC439652,,9/19/2019 11:20,30,TRAFFIC SIGNAL,FUNCTIONING PROPERLY,CLEAR,DAYLIGHT,SIDESWIPE SAME DIRECTION,FOUR WAY,,STRAIGHT AND LEVEL,DRY,NO DEFECTS,ON SCENE,INJURY AND / OR TOW DUE TO CRASH,,,,$500 OR LESS,9/19/2019 11:30,UNABLE TO DETERMINE,NOT APPLICABLE,39,W,MARQUETTE RD,722,,,,,,,2,NONINCAPACITATING INJURY,1,0,0,1,0,2,0,11,5,9,41.7725763,-87.62674036,POINT (-87.626740364026 41.772576301797)