RD_NO,CRASH_DATE_EST_I,CRASH_DATE,POSTED_SPEED_LIMIT,TRAFFIC_CONTROL_DEVICE,DEVICE_CONDITION,WEATHER_CONDITION,LIGHTING_CONDITION,FIRST_CRASH_TYPE,TRAFFICWAY_TYPE,LANE_CNT,ALIGNMENT,ROADWAY_SURFACE_COND,ROAD_DEFECT,REPORT_TYPE,CRASH_TYPE,INTERSECTION_RELATED_I,NOT_RIGHT_OF_WAY_I,HIT_AND_RUN_I,DAMAGE,DATE_POLICE_NOTIFIED,PRIM_CONTRIBUTORY_CAUSE,SEC_CONTRIBUTORY_CAUSE,STREET_NO,STREET_DIRECTION,STREET_NAME,BEAT_OF_OCCURRENCE,PHOTOS_TAKEN_I,STATEMENTS_TAKEN_I,DOORING_I,WORK_ZONE_I,WORK_ZONE_TYPE,WORKERS_PRESENT_I,NUM_UNITS,MOST_SEVERE_INJURY,INJURIES_TOTAL,INJURIES_FATAL,INJURIES_INCAPACITATING,INJURIES_NON_INCAPACITATING,INJURIES_REPORTED_NOT_EVIDENT,INJURIES_NO_INDICATION,INJURIES_UNKNOWN,CRASH_HOUR,CRASH_DAY_OF_WEEK,CRASH_MONTH,LATITUDE,LONGITUDE,LOCATION
JC439663,Y,9/19/2019 11:15,30,TRAFFIC SIGNAL,FUNCTIONING PROPERLY,CLEAR,DAYLIGHT,TURNING,DIVIDED - W/MEDIAN (NOT RAISED),,STRAIGHT AND LEVEL,DRY,NO DEFECTS,ON SCENE,INJURY AND / OR TOW DUE TO CRASH,Y,,,"OVER $1,500",9/19/2019 11:15,FAILING TO YIELD RIGHT-OF-WAY,DRIVING SKILLS/KNOWLEDGE/EXPERIENCE,4800,N,AUSTIN AVE,1622,,,,,,,2,NO INDICATION OF INJURY,0,0,0,0,0,2,0,11,5,9,41.96762485,-87.77743074,POINT (-87.777430736114 41.967624849006)
JC449399,Y,9/19/2019 11:00,10,NO CONTROLS,NO CONTROLS,CLEAR,DAYLIGHT,PARKED MOTOR VEHICLE,PARKING LOT,,STRAIGHT AND LEVEL,DRY,NO DEFECTS,NOT ON SCENE (DESK REPORT),NO INJURY / DRIVE AWAY,,,,"OVER $1,500",9/26/2019 15:30,UNABLE TO DETERMINE,UNABLE TO DETERMINE,101,E,OHIO ST,1834,,,,,,,2,NO INDICATION OF INJURY,0,0,0,0,0,3,0,11,5,9,41.89241869,-87.62532544,POINT (-87.625325443089 41.892418688527)
JC439690,,9/19/2019 11:00,10,NO CONTROLS,NO CONTROLS,CLEAR,DAYLIGHT,REAR TO REAR,PARKING LOT,,STRAIGHT AND LEVEL,DRY,NO DEFECTS,NOT ON SCENE (DESK REPORT),NO INJURY / DRIVE AWAY,,Y,,"$501 - $1,500",9/19/2019 11:45,UNABLE TO DETERMINE,NOT APPLICABLE,2500,N,CENTRAL AVE,2515,,,,,,,2,NO INDICATION OF INJURY,0,0,0,0,0,2,0,11,5,9,41.92589288,-87.76620483,POINT (-87.766204825838 41.925892880213)
JC439710,,9/19/2019 10:50,30,TRAFFIC SIGNAL,FUNCTIONING PROPERLY,CLEAR,DAYLIGHT,SIDESWIPE SAME DIRECTION,FOUR WAY,,STRAIGHT AND LEVEL,DRY,NO DEFECTS,NOT ON SCENE (DESK REPORT),NO INJURY / DRIVE AWAY,Y,,,"OVER $1,500",9/19/2019 12:12,IMPROPER LANE USAGE,IMPROPER LANE USAGE,3200,N,AUSTIN AVE,1633,,,,,,,2,NO INDICATION OF INJURY,0,0,0,0,0,3,0,10,5,9,41.93849112,-87.77636315,POINT (-87.776363151942 41.938491124151)
JC440090,,9/19/2019 10:45,30,TRAFFIC SIGNAL,FUNCTIONING PROPERLY,CLEAR,DAYLIGHT,SIDESWIPE SAME DIRECTION,NOT DIVIDED,,STRAIGHT AND LEVEL,DRY,NO DEFECTS,NOT ON SCENE (DESK REPORT),NO INJURY / DRIVE AWAY,,,,"OVER $1,500",9/19/2019 16:00,UNABLE TO DETERMINE,NOT APPLICABLE,1237,S,HOMAN AVE,1021,,,,,,,2,NO INDICATION OF INJURY,0,0,0,0,0,2,0,10,5,9,41.86525546,-87.71036384,POINT (-87.710363839072 41.865255454738)
JC439644,Y,9/19/2019 10:45,30,NO CONTROLS,NO CONTROLS,CLEAR,DAYLIGHT,REAR END,NOT DIVIDED,,STRAIGHT AND LEVEL,DRY,NO DEFECTS,ON SCENE,INJURY AND / OR TOW DUE TO CRASH,,,Y,"OVER $1,500",9/19/2019 11:06,FAILING TO REDUCE SPEED TO AVOID CRASH,FAILING TO REDUCE SPEED TO AVOID CRASH,5820,W,ROOSEVELT RD,1513,,,,,,,2,NO INDICATION OF INJURY,0,0,0,0,0,3,0,10,5,9,41.8656256,-87.77019893,POINT (-87.770198926448 41.86562560294)
JC439709,,9/19/2019 10:38,30,NO CONTROLS,NO CONTROLS,CLEAR,DAYLIGHT,SIDESWIPE SAME DIRECTION,DIVIDED - W/MEDIAN (NOT RAISED),,STRAIGHT AND LEVEL,DRY,NO DEFECTS,NOT ON SCENE (DESK REPORT),NO INJURY / DRIVE AWAY,,,Y,$500 OR LESS,9/19/2019 11:45,UNABLE TO DETERMINE,NOT APPLICABLE,110,E,79TH ST,623,,,,,,,2,NO INDICATION OF INJURY,0,0,0,0,0,3,0,10,5,9,41.75112495,-87.62085324,POINT (-87.620853241961 41.751124944981)
JC439625,,9/19/2019 10:35,30,NO CONTROLS,NO CONTROLS,CLEAR,DAWN,SIDESWIPE SAME DIRECTION,DIVIDED - W/MEDIAN (NOT RAISED),,STRAIGHT AND LEVEL,DRY,NO DEFECTS,NOT ON SCENE (DESK REPORT),NO INJURY / DRIVE AWAY,,,,"$501 - $1,500",9/19/2019 11:02,UNABLE TO DETERMINE,UNABLE TO DETERMINE,4610,N,WESTERN AVE,1911,,,,,,,2,NO INDICATION OF INJURY,0,0,0,0,0,2,0,10,5,9,41.96523547,-87.6889512,POINT (-87.688951196587 41.965235467152)
JC439607,,9/19/2019 10:33,30,TRAFFIC SIGNAL,FUNCTIONING PROPERLY,CLEAR,DAYLIGHT,REAR END,DIVIDED - W/MEDIAN BARRIER,,STRAIGHT AND LEVEL,DRY,NO DEFECTS,ON SCENE,NO INJURY / DRIVE AWAY,,,,"OVER $1,500",9/19/2019 10:54,UNABLE TO DETERMINE,UNABLE TO DETERMINE,1136,S,ASHLAND AVE,1231,,,,,,,3,NO INDICATION OF INJURY,0,0,0,0,0,4,0,10,5,9,41.86730304,-87.66654167,POINT (-87.66654167252 41.867303044083)
JC439657,,9/19/2019 10:30,30,NO CONTROLS,NO CONTROLS,CLEAR,DAYLIGHT,SIDESWIPE SAME DIRECTION,DIVIDED - W/MEDIAN (NOT RAISED),,STRAIGHT AND LEVEL,DRY,NO DEFECTS,NOT ON SCENE (DESK REPORT),NO INJURY / DRIVE AWAY,,,Y,"OVER $1,500",9/19/2019 11:15,IMPROPER OVERTAKING/PASSING,NOT APPLICABLE,4610,N,WESTERN AVE,1911,,,,,,,2,NO INDICATION OF INJURY,0,0,0,0,0,2,0,10,5,9,41.96523547,-87.6889512,POINT (-87.688951196587 41.965235467152)
JC439634,,9/19/2019 10:30,30,NO CONTROLS,NO CONTROLS,CLEAR,DAYLIGHT,TURNING,NOT DIVIDED,,STRAIGHT AND LEVEL,DRY,NO DEFECTS,NOT ON SCENE (DESK REPORT),NO INJURY / DRIVE AWAY,,,,"$501 - $1,500",9/19/2019 11:00,IMPROPER TURNING/NO SIGNAL,NOT APPLICABLE,1266,S,HOMAN AVE,1021,,,,,,,2,NO INDICATION OF INJURY,0,0,0,0,0,2,0,10,5,9,41.86432214,-87.71063123,POINT (-87.710631228138 41.864322137287)
JC439616,,9/19/2019 10:30,30,STOP SIGN/FLASHER,FUNCTIONING PROPERLY,CLEAR,DAYLIGHT,REAR END,DIVIDED - W/MEDIAN BARRIER,,STRAIGHT AND LEVEL,DRY,NO DEFECTS,ON SCENE,NO INJURY / DRIVE AWAY,Y,,,$500 OR LESS,9/19/2019 11:04,FOLLOWING TOO CLOSELY,NOT APPLICABLE,357,N,LA SALLE DR,1831,Y,,,,,,2,NO INDICATION OF INJURY,0,0,0,0,0,2,0,10,5,9,41.88909437,-87.63237433,POINT (-87.632374331926 41.889094371054)
JC439614,,9/19/2019 10:30,30,TRAFFIC SIGNAL,FUNCTIONING PROPERLY,CLEAR,DAYLIGHT,TURNING,DIVIDED - W/MEDIAN (NOT RAISED),,STRAIGHT AND LEVEL,DRY,NO DEFECTS,NOT ON SCENE (DESK REPORT),NO INJURY / DRIVE AWAY,,,,"OVER $1,500",9/19/2019 11:00,DRIVING SKILLS/KNOWLEDGE/EXPERIENCE,NOT APPLICABLE,6036,N,LINCOLN AVE,2413,,,,,,,2,NO INDICATION OF INJURY,0,0,0,0,0,2,0,10,5,9,41.99161856,-87.70960776,POINT (-87.709607761054 41.991618555677)
JC439600,,9/19/2019 10:30,30,NO CONTROLS,NO CONTROLS,CLEAR,DAYLIGHT,SIDESWIPE SAME DIRECTION,NOT DIVIDED,,STRAIGHT AND LEVEL,DRY,NO DEFECTS,ON SCENE,INJURY AND / OR TOW DUE TO CRASH,,,,"$501 - $1,500",9/19/2019 10:49,UNABLE TO DETERMINE,UNABLE TO DETERMINE,1005,N,HAMLIN AVE,1112,,,,,,,2,NO INDICATION OF INJURY,0,0,0,0,0,4,0,10,5,9,41.89926975,-87.72117213,POINT (-87.721172134072 41.899269749168)
JC439667,,9/19/2019 10:20,30,NO CONTROLS,NO CONTROLS,CLEAR,DAYLIGHT,SIDESWIPE SAME DIRECTION,NOT DIVIDED,,STRAIGHT AND LEVEL,DRY,NO DEFECTS,NOT ON SCENE (DESK REPORT),NO INJURY / DRIVE AWAY,,,Y,"$501 - $1,500",9/19/2019 10:29,FAILING TO YIELD RIGHT-OF-WAY,FAILING TO YIELD RIGHT-OF-WAY,601,S,CICERO AVE,1131,,Y,,,,,2,NO INDICATION OF INJURY,0,0,0,0,0,2,0,10,5,9,41.87310015,-87.74485023,POINT (-87.744850226374 41.873100153311)
JC439531,,9/19/2019 10:20,30,NO CONTROLS,NO CONTROLS,CLEAR,DAYLIGHT,SIDESWIPE SAME DIRECTION,DIVIDED - W/MEDIAN (NOT RAISED),,STRAIGHT AND LEVEL,DRY,NO DEFECTS,ON SCENE,NO INJURY / DRIVE AWAY,,,,"OVER $1,500",9/19/2019 10:25,UNABLE TO DETERMINE,UNABLE TO DETERMINE,3146,N,KIMBALL AVE,1412,,,,,,,2,NO INDICATION OF INJURY,0,0,0,0,0,2,0,10,5,9,41.93884847,-87.71261499,POINT (-87.712614993866 41.938848465939)
JC439602,,9/19/2019 10:16,30,NO CONTROLS,NO CONTROLS,CLEAR,DAYLIGHT,PARKED MOTOR VEHICLE,ONE-WAY,,STRAIGHT AND LEVEL,DRY,NO DEFECTS,ON SCENE,NO INJURY / DRIVE AWAY,,,,"OVER $1,500",9/19/2019 10:35,UNABLE TO DETERMINE,UNABLE TO DETERMINE,5602,S,ARTESIAN AVE,824,,,,,,,4,NO INDICATION OF INJURY,0,0,0,0,0,1,0,10,5,9,41.79187388,-87.68538006,POINT (-87.685380063434 41.791873876224)
JC441498,,9/19/2019 10:15,20,STOP SIGN/FLASHER,FUNCTIONING PROPERLY,CLEAR,DAYLIGHT,REAR END,NOT DIVIDED,,STRAIGHT AND LEVEL,DRY,NO DEFECTS,NOT ON SCENE (DESK REPORT),NO INJURY / DRIVE AWAY,,,,$500 OR LESS,9/20/2019 15:30,FOLLOWING TOO CLOSELY,UNABLE TO DETERMINE,6149,N,OZARK AVE,1612,,,,,,,2,NO INDICATION OF INJURY,0,0,0,0,0,2,0,10,5,9,41.9915102,-87.82052387,POINT (-87.820523871606 41.991510204445)
JC439604,,9/19/2019 10:10,30,TRAFFIC SIGNAL,NOT FUNCTIONING,CLEAR,DAYLIGHT,TURNING,NOT DIVIDED,,STRAIGHT AND LEVEL,DRY,NO DEFECTS,NOT ON SCENE (DESK REPORT),NO INJURY / DRIVE AWAY,,,,"$501 - $1,500",9/19/2019 10:40,FAILING TO YIELD RIGHT-OF-WAY,NOT APPLICABLE,700,W,PERSHING RD,915,,,,,,,2,NO INDICATION OF INJURY,0,0,0,0,0,2,0,10,5,9,41.82359989,-87.64355604,POINT (-87.643556039574 41.823599888433)
JC439552,,9/19/2019 10:01,30,NO CONTROLS,NO CONTROLS,CLEAR,DAYLIGHT,REAR END,NOT DIVIDED,,STRAIGHT AND LEVEL,DRY,NO DEFECTS,NOT ON SCENE (DESK REPORT),INJURY AND / OR TOW DUE TO CRASH,,,,"$501 - $1,500",9/19/2019 10:01,FOLLOWING TOO CLOSELY,NOT APPLICABLE,2413,N,PULASKI RD,2524,,,,,,,2,"REPORTED, NOT EVIDENT",1,0,0,0,1,3,0,10,5,9,41.92492032,-87.72663705,POINT (-87.726637049679 41.924920319706)
JC439906,,9/19/2019 10:00,30,NO CONTROLS,NO CONTROLS,CLEAR,DAYLIGHT,PARKED MOTOR VEHICLE,PARKING LOT,,STRAIGHT AND LEVEL,DRY,NO DEFECTS,ON SCENE,NO INJURY / DRIVE AWAY,,,Y,$500 OR LESS,9/19/2019 14:15,UNABLE TO DETERMINE,UNABLE TO DETERMINE,708,W,BELMONT AVE,1925,,,,,,,2,NO INDICATION OF INJURY,0,0,0,0,0,1,0,10,5,9,41.9401198,-87.64726166,POINT (-87.647261663065 41.940119795567)
JC439570,,9/19/2019 10:00,25,NO CONTROLS,NO CONTROLS,CLEAR,DAYLIGHT,REAR END,DIVIDED - W/MEDIAN (NOT RAISED),,STRAIGHT AND LEVEL,DRY,NO DEFECTS,ON SCENE,NO INJURY / DRIVE AWAY,,,,"OVER $1,500",9/19/2019 10:10,IMPROPER BACKING,"VISION OBSCURED (SIGNS, TREE LIMBS, BUILDINGS, ETC.)",950,E,MIDWAY PLAISANCE,235,,,,,,,2,NO INDICATION OF INJURY,0,0,0,0,0,3,0,10,5,9,41.78728559,-87.60157383,POINT (-87.601573827806 41.787285586233)
JC439539,,9/19/2019 9:50,0,NO CONTROLS,NO CONTROLS,CLEAR,DAYLIGHT,PARKED MOTOR VEHICLE,PARKING LOT,,STRAIGHT AND LEVEL,DRY,NO DEFECTS,ON SCENE,NO INJURY / DRIVE AWAY,,,,"$501 - $1,500",9/19/2019 10:00,DRIVING SKILLS/KNOWLEDGE/EXPERIENCE,DRIVING SKILLS/KNOWLEDGE/EXPERIENCE,970,W,PERSHING RD,915,,,,,,,2,NO INDICATION OF INJURY,0,0,0,0,0,1,0,9,5,9,41.82350359,-87.65066638,POINT (-87.650666376522 41.823503592662)
JC439557,,9/19/2019 9:35,30,TRAFFIC SIGNAL,FUNCTIONING PROPERLY,CLEAR,DAYLIGHT,SIDESWIPE SAME DIRECTION,UNKNOWN INTERSECTION TYPE,,STRAIGHT AND LEVEL,DRY,NO DEFECTS,,NO INJURY / DRIVE AWAY,Y,,,"OVER $1,500",9/19/2019 10:00,UNABLE TO DETERMINE,NOT APPLICABLE,3598,N,LINCOLN AVE,1922,,,,,,,2,NO INDICATION OF INJURY,0,0,0,0,0,2,0,9,5,9,41.94678622,-87.67379307,POINT (-87.673793065106 41.946786214693)
JC439778,,9/19/2019 9:30,30,UNKNOWN,UNKNOWN,UNKNOWN,UNKNOWN,PARKED MOTOR VEHICLE,PARKING LOT,,STRAIGHT AND LEVEL,UNKNOWN,UNKNOWN,NOT ON SCENE (DESK REPORT),NO INJURY / DRIVE AWAY,,,,"OVER $1,500",9/19/2019 13:05,UNABLE TO DETERMINE,NOT APPLICABLE,5515,W,IRVING PARK RD,1633,,,,,,,2,NO INDICATION OF INJURY,0,0,0,0,0,1,0,9,5,9,41.95309127,-87.76519557,POINT (-87.765195568592 41.953091267848)
JC439528,,9/19/2019 9:30,30,TRAFFIC SIGNAL,UNKNOWN,CLEAR,DAYLIGHT,SIDESWIPE SAME DIRECTION,DIVIDED - W/MEDIAN (NOT RAISED),,STRAIGHT AND LEVEL,DRY,UNKNOWN,NOT ON SCENE (DESK REPORT),NO INJURY / DRIVE AWAY,,,Y,"$501 - $1,500",9/19/2019 9:44,IMPROPER LANE USAGE,FAILING TO YIELD RIGHT-OF-WAY,2405,W,PETERSON AVE,2011,,,,,,,2,NO INDICATION OF INJURY,0,0,0,0,0,2,0,9,5,9,41.99038745,-87.68989819,POINT (-87.689898188965 41.990387452109)
JC439534,,9/19/2019 9:28,30,TRAFFIC SIGNAL,FUNCTIONING PROPERLY,CLEAR,DAYLIGHT,TURNING,DIVIDED - W/MEDIAN (NOT RAISED),,STRAIGHT AND LEVEL,DRY,NO DEFECTS,ON SCENE,INJURY AND / OR TOW DUE TO CRASH,Y,,,"OVER $1,500",9/19/2019 9:28,FAILING TO YIELD RIGHT-OF-WAY,NOT APPLICABLE,3600,N,CUMBERLAND AVE,1631,,,,,,,2,NO INDICATION OF INJURY,0,0,0,0,0,2,0,9,5,9,41.94484818,-87.83658373,POINT (-87.836583732455 41.944848178426)
JC439548,,9/19/2019 9:25,10,NO CONTROLS,NO CONTROLS,CLEAR,DAYLIGHT,FIXED OBJECT,ALLEY,,STRAIGHT AND LEVEL,DRY,NO DEFECTS,ON SCENE,NO INJURY / DRIVE AWAY,,,,$500 OR LESS,9/19/2019 9:46,DRIVING SKILLS/KNOWLEDGE/EXPERIENCE,NOT APPLICABLE,11214,S,AVENUE L,433,,,,,,,1,NO INDICATION OF INJURY,0,0,0,0,0,1,0,9,5,9,41.69136271,-87.53663769,POINT (-87.536637685542 41.691362705523)
JC439542,,9/19/2019 9:25,30,NO CONTROLS,NO CONTROLS,CLEAR,DAYLIGHT,PARKED MOTOR VEHICLE,DIVIDED - W/MEDIAN (NOT RAISED),,STRAIGHT AND LEVEL,DRY,NO DEFECTS,ON SCENE,NO INJURY / DRIVE AWAY,,,,$500 OR LESS,9/19/2019 9:43,FAILING TO YIELD RIGHT-OF-WAY,NOT APPLICABLE,107,W,HUBBARD ST,1831,,,,,,,2,NO INDICATION OF INJURY,0,0,0,0,0,1,0,9,5,9,41.88990665,-87.63141609,POINT (-87.631416084738 41.889906649827)
JC439601,Y,9/19/2019 9:22,30,TRAFFIC SIGNAL,FUNCTIONING PROPERLY,CLEAR,DAYLIGHT,REAR END,DIVIDED - W/MEDIAN (NOT RAISED),,STRAIGHT AND LEVEL,DRY,NO DEFECTS,ON SCENE,INJURY AND / OR TOW DUE TO CRASH,,,,"$501 - $1,500",9/19/2019 10:26,FOLLOWING TOO CLOSELY,DISTRACTION - FROM INSIDE VEHICLE,1201,S,DAMEN AVE,1233,,,,,,,2,NONINCAPACITATING INJURY,3,0,0,1,2,1,0,9,5,9,41.86671125,-87.67610161,POINT (-87.676101605034 41.866711249013)
JC439701,,9/19/2019 9:20,30,NO CONTROLS,NO CONTROLS,CLEAR,DAYLIGHT,PARKED MOTOR VEHICLE,NOT DIVIDED,,STRAIGHT AND LEVEL,DRY,NO DEFECTS,NOT ON SCENE (DESK REPORT),NO INJURY / DRIVE AWAY,,,Y,"OVER $1,500",9/19/2019 12:04,UNABLE TO DETERMINE,UNABLE TO DETERMINE,1282,N,MILWAUKEE AVE,1424,,,,,,,2,NO INDICATION OF INJURY,0,0,0,0,0,1,0,9,5,9,41.90503137,-87.66931254,POINT (-87.669312539533 41.90503137335)
JC439517,,9/19/2019 9:15,30,NO CONTROLS,NO CONTROLS,CLEAR,DAYLIGHT,PARKED MOTOR VEHICLE,NOT DIVIDED,,STRAIGHT AND LEVEL,DRY,NO DEFECTS,ON SCENE,INJURY AND / OR TOW DUE TO CRASH,,,,"OVER $1,500",9/19/2019 9:18,EQUIPMENT - VEHICLE CONDITION,NOT APPLICABLE,1648,S,KEDVALE AVE,1012,,,,,,,2,NO INDICATION OF INJURY,0,0,0,0,0,1,0,9,5,9,41.85736269,-87.72872105,POINT (-87.728721045564 41.857362685337)
JC439515,,9/19/2019 9:10,30,NO CONTROLS,NO CONTROLS,CLEAR,DAYLIGHT,TURNING,NOT DIVIDED,,STRAIGHT AND LEVEL,DRY,NO DEFECTS,NOT ON SCENE (DESK REPORT),NO INJURY / DRIVE AWAY,,,Y,"$501 - $1,500",9/19/2019 9:30,UNABLE TO DETERMINE,UNABLE TO DETERMINE,3231,W,63RD ST,823,,,,,,,2,NO INDICATION OF INJURY,0,0,0,0,0,2,0,9,5,9,41.77884294,-87.70438274,POINT (-87.704382737766 41.778842937735)
JC439495,,9/19/2019 9:10,30,NO CONTROLS,UNKNOWN,CLEAR,DAYLIGHT,REAR END,DIVIDED - W/MEDIAN (NOT RAISED),,STRAIGHT AND LEVEL,DRY,NO DEFECTS,ON SCENE,NO INJURY / DRIVE AWAY,,,,"OVER $1,500",9/19/2019 9:13,FOLLOWING TOO CLOSELY,NOT APPLICABLE,1709,E,53RD ST,234,,,,,,,2,NO INDICATION OF INJURY,0,0,0,0,0,2,0,9,5,9,41.79951805,-87.58369387,POINT (-87.583693873629 41.79951805419)
JC439544,,9/19/2019 9:06,30,NO CONTROLS,NO CONTROLS,CLEAR,DAYLIGHT,TURNING,NOT DIVIDED,,STRAIGHT AND LEVEL,DRY,NO DEFECTS,ON SCENE,NO INJURY / DRIVE AWAY,,,,"OVER $1,500",9/19/2019 9:06,UNABLE TO DETERMINE,NOT APPLICABLE,899,W,CERMAK RD,1235,,,,,,,2,NO INDICATION OF INJURY,0,0,0,0,0,2,0,9,5,9,41.85250429,-87.64804709,POINT (-87.648047086056 41.852504288158)
JC443640,Y,9/19/2019 9:00,10,NO CONTROLS,NO CONTROLS,CLEAR,DAYLIGHT,PARKED MOTOR VEHICLE,ONE-WAY,,STRAIGHT AND LEVEL,DRY,UNKNOWN,NOT ON SCENE (DESK REPORT),NO INJURY / DRIVE AWAY,,,,"OVER $1,500",9/22/2019 9:56,UNABLE TO DETERMINE,UNABLE TO DETERMINE,7149,S,VERNON AVE,323,,,,,,,2,NO INDICATION OF INJURY,0,0,0,0,0,1,0,9,5,9,41.76428284,-87.61387417,POINT (-87.613874168926 41.764282841218)
JC440352,,9/19/2019 9:00,30,UNKNOWN,UNKNOWN,CLEAR,DAYLIGHT,PARKED MOTOR VEHICLE,NOT DIVIDED,,STRAIGHT AND LEVEL,DRY,UNKNOWN,NOT ON SCENE (DESK REPORT),NO INJURY / DRIVE AWAY,,,Y,"OVER $1,500",9/19/2019 19:14,NOT APPLICABLE,NOT APPLICABLE,9447,S,PARNELL AVE,2223,,,,,,,2,NO INDICATION OF INJURY,0,0,0,0,0,1,0,9,5,9,41.72192811,-87.63702553,POINT (-87.637025529543 41.721928114189)
JC439688,,9/19/2019 8:50,20,NO CONTROLS,NO CONTROLS,CLEAR,DAYLIGHT,OTHER OBJECT,DRIVEWAY,,STRAIGHT AND LEVEL,DRY,UNKNOWN,ON SCENE,NO INJURY / DRIVE AWAY,,Y,,"OVER $1,500",9/19/2019 11:45,UNABLE TO DETERMINE,UNABLE TO DETERMINE,1400,W,35TH ST,912,,,,,,,1,NO INDICATION OF INJURY,0,0,0,0,0,1,0,8,5,9,41.83066932,-87.66078914,POINT (-87.660789140426 41.830669321975)
JC439467,,9/19/2019 8:46,30,NO CONTROLS,NO CONTROLS,CLEAR,DAYLIGHT,PEDESTRIAN,NOT DIVIDED,,STRAIGHT AND LEVEL,DRY,NO DEFECTS,ON SCENE,INJURY AND / OR TOW DUE TO CRASH,N,,,$500 OR LESS,9/19/2019 8:46,NOT APPLICABLE,NOT APPLICABLE,1133,W,63RD ST,724,,,,,,,2,"REPORTED, NOT EVIDENT",1,0,0,0,1,1,0,8,5,9,41.77951682,-87.65334399,POINT (-87.653343992324 41.779516821987)
JC439620,,9/19/2019 8:43,10,NO CONTROLS,NO CONTROLS,CLEAR,DAYLIGHT,FIXED OBJECT,RAMP,,STRAIGHT AND LEVEL,DRY,NO DEFECTS,ON SCENE,NO INJURY / DRIVE AWAY,,Y,,$500 OR LESS,9/19/2019 10:27,IMPROPER BACKING,NOT APPLICABLE,647,W,WASHINGTON BLVD,121,,,,,,,1,NO INDICATION OF INJURY,0,0,0,0,0,3,0,8,5,9,41.88305385,-87.64449942,POINT (-87.644499419069 41.883053847345)
JC441344,,9/19/2019 8:40,30,TRAFFIC SIGNAL,FUNCTIONING PROPERLY,CLEAR,DAYLIGHT,SIDESWIPE SAME DIRECTION,NOT DIVIDED,,STRAIGHT AND LEVEL,DRY,NO DEFECTS,NOT ON SCENE (DESK REPORT),NO INJURY / DRIVE AWAY,,,,"OVER $1,500",9/20/2019 14:10,IMPROPER LANE USAGE,NOT APPLICABLE,5151,N,WESTERN AVE,2031,,,,,,,2,NO INDICATION OF INJURY,0,0,0,0,0,2,0,8,5,9,41.9755883,-87.68899105,POINT (-87.688991052419 41.97558829469)
JC439470,,9/19/2019 8:40,30,TRAFFIC SIGNAL,FUNCTIONING PROPERLY,CLEAR,DAYLIGHT,SIDESWIPE SAME DIRECTION,DIVIDED - W/MEDIAN (NOT RAISED),,STRAIGHT AND LEVEL,DRY,NO DEFECTS,NOT ON SCENE (DESK REPORT),NO INJURY / DRIVE AWAY,,,Y,"OVER $1,500",9/19/2019 9:00,UNABLE TO DETERMINE,NOT APPLICABLE,2100,E,79TH ST,414,,,,,,,2,NO INDICATION OF INJURY,0,0,0,0,0,4,0,8,5,9,41.75174817,-87.57348473,POINT (-87.573484726065 41.751748166228)
JC439451,,9/19/2019 8:37,25,NO CONTROLS,NO CONTROLS,CLEAR,DAYLIGHT,FIXED OBJECT,OTHER,,STRAIGHT AND LEVEL,DRY,NO DEFECTS,ON SCENE,NO INJURY / DRIVE AWAY,,Y,,$500 OR LESS,9/19/2019 8:52,IMPROPER BACKING,NOT APPLICABLE,6650,W,IRVING PARK RD,1632,,,,,,,1,NO INDICATION OF INJURY,0,0,0,0,0,1,0,8,5,9,41.9528954,-87.79373289,POINT (-87.793732891899 41.952895402337)
JC442797,,9/19/2019 8:30,30,TRAFFIC SIGNAL,FUNCTIONING PROPERLY,CLEAR,DAYLIGHT,PEDALCYCLIST,NOT DIVIDED,,STRAIGHT AND LEVEL,DRY,NO DEFECTS,NOT ON SCENE (DESK REPORT),INJURY AND / OR TOW DUE TO CRASH,,,Y,"OVER $1,500",9/21/2019 15:25,UNABLE TO DETERMINE,NOT APPLICABLE,1408,N,MILWAUKEE AVE,1424,,,,,,,2,NONINCAPACITATING INJURY,1,0,0,1,0,1,0,8,5,9,41.90742473,-87.67307367,POINT (-87.673073673888 41.907424729615)
JC441411,,9/19/2019 8:30,30,NO CONTROLS,NO CONTROLS,CLEAR,DAYLIGHT,PARKED MOTOR VEHICLE,UNKNOWN INTERSECTION TYPE,,STRAIGHT AND LEVEL,DRY,NO DEFECTS,NOT ON SCENE (DESK REPORT),NO INJURY / DRIVE AWAY,,,,"$501 - $1,500",9/20/2019 14:45,UNABLE TO DETERMINE,UNABLE TO DETERMINE,2424,W,111TH ST,2212,,,,,,,2,NO INDICATION OF INJURY,0,0,0,0,0,1,0,8,5,9,41.69189318,-87.68236996,POINT (-87.68236996033 41.691893178598)
JC439483,Y,9/19/2019 8:30,15,STOP SIGN/FLASHER,FUNCTIONING PROPERLY,CLEAR,DAYLIGHT,PEDESTRIAN,ONE-WAY,,STRAIGHT AND LEVEL,DRY,NO DEFECTS,ON SCENE,INJURY AND / OR TOW DUE TO CRASH,,,,$500 OR LESS,9/19/2019 8:33,DISREGARDING STOP SIGN,FAILING TO YIELD RIGHT-OF-WAY,2700,S,DRAKE AVE,1032,,,,,,,2,NO INDICATION OF INJURY,0,0,0,0,0,2,0,8,5,9,41.84247656,-87.71366715,POINT (-87.713667149041 41.842476557992)
JC439453,,9/19/2019 8:30,30,NO CONTROLS,NO CONTROLS,CLEAR,DAYLIGHT,REAR END,NOT DIVIDED,,STRAIGHT AND LEVEL,DRY,NO DEFECTS,ON SCENE,NO INJURY / DRIVE AWAY,,,,"OVER $1,500",9/19/2019 8:31,DRIVING SKILLS/KNOWLEDGE/EXPERIENCE,DRIVING SKILLS/KNOWLEDGE/EXPERIENCE,1617,W,HUBBARD ST,1215,,,,,,,2,NO INDICATION OF INJURY,0,0,0,0,0,2,0,8,5,9,41.88976618,-87.66789949,POINT (-87.667899491402 41.889766181721)