RD_NO,CRASH_DATE_EST_I,CRASH_DATE,POSTED_SPEED_LIMIT,TRAFFIC_CONTROL_DEVICE,DEVICE_CONDITION,WEATHER_CONDITION,LIGHTING_CONDITION,FIRST_CRASH_TYPE,TRAFFICWAY_TYPE,LANE_CNT,ALIGNMENT,ROADWAY_SURFACE_COND,ROAD_DEFECT,REPORT_TYPE,CRASH_TYPE,INTERSECTION_RELATED_I,NOT_RIGHT_OF_WAY_I,HIT_AND_RUN_I,DAMAGE,DATE_POLICE_NOTIFIED,PRIM_CONTRIBUTORY_CAUSE,SEC_CONTRIBUTORY_CAUSE,STREET_NO,STREET_DIRECTION,STREET_NAME,BEAT_OF_OCCURRENCE,PHOTOS_TAKEN_I,STATEMENTS_TAKEN_I,DOORING_I,WORK_ZONE_I,WORK_ZONE_TYPE,WORKERS_PRESENT_I,NUM_UNITS,MOST_SEVERE_INJURY,INJURIES_TOTAL,INJURIES_FATAL,INJURIES_INCAPACITATING,INJURIES_NON_INCAPACITATING,INJURIES_REPORTED_NOT_EVIDENT,INJURIES_NO_INDICATION,INJURIES_UNKNOWN,CRASH_HOUR,CRASH_DAY_OF_WEEK,CRASH_MONTH,LATITUDE,LONGITUDE,LOCATION
JC439481,,9/19/2019 8:27,15,NO CONTROLS,NO CONTROLS,CLEAR,DAYLIGHT,PARKED MOTOR VEHICLE,ONE-WAY,,STRAIGHT AND LEVEL,DRY,NO DEFECTS,ON SCENE,NO INJURY / DRIVE AWAY,,,,"OVER $1,500",9/19/2019 8:30,IMPROPER BACKING,UNABLE TO DETERMINE,12045,S,EMERALD AVE,523,,,,,,,2,NO INDICATION OF INJURY,0,0,0,0,0,1,0,8,5,9,41.67469008,-87.64051484,POINT (-87.64051484234 41.674690077851)
JC441646,,9/19/2019 8:26,30,TRAFFIC SIGNAL,FUNCTIONING PROPERLY,CLEAR,DAYLIGHT,TURNING,DIVIDED - W/MEDIAN (NOT RAISED),,STRAIGHT AND LEVEL,DRY,UNKNOWN,NOT ON SCENE (DESK REPORT),NO INJURY / DRIVE AWAY,Y,,,"OVER $1,500",9/20/2019 17:40,IMPROPER TURNING/NO SIGNAL,UNABLE TO DETERMINE,177,N,STATE ST,111,,,,,,,2,NO INDICATION OF INJURY,0,0,0,0,0,3,0,8,5,9,41.88527796,-87.62778288,POINT (-87.627782875171 41.88527795661)
JC439448,,9/19/2019 8:24,30,TRAFFIC SIGNAL,FUNCTIONING PROPERLY,CLEAR,DAYLIGHT,SIDESWIPE SAME DIRECTION,DIVIDED - W/MEDIAN (NOT RAISED),,STRAIGHT AND LEVEL,DRY,NO DEFECTS,ON SCENE,NO INJURY / DRIVE AWAY,Y,,,"OVER $1,500",9/19/2019 8:24,DISREGARDING TRAFFIC SIGNALS,IMPROPER LANE USAGE,10,S,PULASKI RD,1115,,,,,,,2,NO INDICATION OF INJURY,0,0,0,0,0,3,0,8,5,9,41.88038589,-87.72580704,POINT (-87.725807044026 41.880385884998)
JC439444,,9/19/2019 8:18,30,TRAFFIC SIGNAL,FUNCTIONING PROPERLY,CLEAR,DAYLIGHT,ANGLE,UNKNOWN INTERSECTION TYPE,,STRAIGHT AND LEVEL,DRY,NO DEFECTS,ON SCENE,INJURY AND / OR TOW DUE TO CRASH,Y,,Y,"OVER $1,500",9/19/2019 8:18,DISREGARDING TRAFFIC SIGNALS,DISREGARDING TRAFFIC SIGNALS,201,W,63RD ST,312,,,,,,,2,NONINCAPACITATING INJURY,2,0,0,2,0,1,0,8,5,9,41.779877,-87.63016667,POINT (-87.630166669416 41.779877003627)
JC439523,,9/19/2019 8:15,15,NO CONTROLS,NO CONTROLS,CLEAR,DAYLIGHT,REAR END,ALLEY,,STRAIGHT AND LEVEL,DRY,NO DEFECTS,ON SCENE,NO INJURY / DRIVE AWAY,,,Y,"$501 - $1,500",9/19/2019 8:42,FOLLOWING TOO CLOSELY,UNABLE TO DETERMINE,10400,S,EWING AVE,432,,,,,,,2,NO INDICATION OF INJURY,0,0,0,0,0,3,0,8,5,9,41.7063003,-87.53543254,POINT (-87.535432540954 41.706300300164)
JC439494,,9/19/2019 8:15,35,TRAFFIC SIGNAL,FUNCTIONING PROPERLY,CLEAR,DAYLIGHT,TURNING,UNKNOWN INTERSECTION TYPE,,STRAIGHT AND LEVEL,DRY,NO DEFECTS,ON SCENE,NO INJURY / DRIVE AWAY,Y,,Y,"OVER $1,500",9/19/2019 8:20,IMPROPER OVERTAKING/PASSING,NOT APPLICABLE,1000,W,CHICAGO AVE,1213,,,,,,,2,NO INDICATION OF INJURY,0,0,0,0,0,2,0,8,5,9,41.8964178,-87.65268653,POINT (-87.652686530017 41.896417801775)
JC439482,,9/19/2019 8:15,30,NO CONTROLS,NO CONTROLS,CLEAR,DAYLIGHT,REAR END,NOT DIVIDED,,STRAIGHT AND LEVEL,DRY,NO DEFECTS,NOT ON SCENE (DESK REPORT),NO INJURY / DRIVE AWAY,,,,"OVER $1,500",9/19/2019 8:52,FOLLOWING TOO CLOSELY,FAILING TO REDUCE SPEED TO AVOID CRASH,4329,W,FOSTER AVE,1712,,,,,,,3,NO INDICATION OF INJURY,0,0,0,0,0,4,0,8,5,9,41.97533196,-87.73680125,POINT (-87.736801254431 41.975331961072)
JC439522,,9/19/2019 8:05,30,TRAFFIC SIGNAL,FUNCTIONING PROPERLY,CLEAR,DAYLIGHT,SIDESWIPE SAME DIRECTION,NOT DIVIDED,,STRAIGHT AND LEVEL,DRY,NO DEFECTS,NOT ON SCENE (DESK REPORT),NO INJURY / DRIVE AWAY,,,,"$501 - $1,500",9/19/2019 9:45,IMPROPER LANE USAGE,UNABLE TO DETERMINE,845,W,BELMONT AVE,1933,,,,,,,2,NO INDICATION OF INJURY,0,0,0,0,0,2,0,8,5,9,41.93984662,-87.65102989,POINT (-87.651029891635 41.939846615797)
JC439439,,9/19/2019 8:05,30,NO CONTROLS,NO CONTROLS,CLEAR,DAYLIGHT,SIDESWIPE SAME DIRECTION,NOT DIVIDED,,STRAIGHT AND LEVEL,DRY,NO DEFECTS,ON SCENE,NO INJURY / DRIVE AWAY,,,Y,"$501 - $1,500",9/19/2019 8:14,IMPROPER OVERTAKING/PASSING,IMPROPER OVERTAKING/PASSING,1702,N,SHEFFIELD AVE,1811,,,,,,,2,NO INDICATION OF INJURY,0,0,0,0,0,2,0,8,5,9,41.9119935,-87.65329668,POINT (-87.653296680676 41.911993495697)
JC448062,,9/19/2019 8:00,30,OTHER,NO CONTROLS,CLEAR,DAYLIGHT,SIDESWIPE SAME DIRECTION,NOT DIVIDED,,STRAIGHT AND LEVEL,DRY,UNKNOWN,NOT ON SCENE (DESK REPORT),NO INJURY / DRIVE AWAY,,,,"$501 - $1,500",9/25/2019 15:53,FAILING TO YIELD RIGHT-OF-WAY,FAILING TO YIELD RIGHT-OF-WAY,6249,N,MILWAUKEE AVE,1611,,,,,,,2,NO INDICATION OF INJURY,0,0,0,0,0,2,0,8,5,9,41.99496878,-87.78543707,POINT (-87.78543707203 41.994968780307)
JC439787,,9/19/2019 8:00,30,NO CONTROLS,NO CONTROLS,CLEAR,DAYLIGHT,PARKED MOTOR VEHICLE,NOT DIVIDED,,STRAIGHT AND LEVEL,DRY,NO DEFECTS,NOT ON SCENE (DESK REPORT),NO INJURY / DRIVE AWAY,,,,"$501 - $1,500",9/19/2019 12:55,UNABLE TO DETERMINE,UNABLE TO DETERMINE,2018,W,NORTH AVE,1434,,,,,,,2,NO INDICATION OF INJURY,0,0,0,0,0,1,0,8,5,9,41.91058364,-87.67810342,POINT (-87.67810342197 41.910583643853)
JC440269,,9/19/2019 7:59,30,NO CONTROLS,NO CONTROLS,CLEAR,DAYLIGHT,SIDESWIPE SAME DIRECTION,ONE-WAY,,STRAIGHT AND LEVEL,UNKNOWN,UNKNOWN,NOT ON SCENE (DESK REPORT),NO INJURY / DRIVE AWAY,,,,"$501 - $1,500",9/19/2019 18:10,UNABLE TO DETERMINE,NOT APPLICABLE,3809,N,NEW ENGLAND AVE,1632,,,,,,,2,NO INDICATION OF INJURY,0,0,0,0,0,2,0,7,5,9,41.94938353,-87.79842205,POINT (-87.7984220479 41.949383526684)
JC439417,,9/19/2019 7:55,30,NO CONTROLS,NO CONTROLS,CLEAR,DAYLIGHT,SIDESWIPE SAME DIRECTION,NOT DIVIDED,,STRAIGHT AND LEVEL,DRY,NO DEFECTS,ON SCENE,INJURY AND / OR TOW DUE TO CRASH,Y,,,"OVER $1,500",9/19/2019 7:55,FAILING TO REDUCE SPEED TO AVOID CRASH,UNABLE TO DETERMINE,651,N,CENTRAL AVE,1524,,,,,,,2,NONINCAPACITATING INJURY,4,0,0,4,0,1,0,7,5,9,41.89261095,-87.76516119,POINT (-87.765161194018 41.892610945194)
JC440164,,9/19/2019 7:50,30,TRAFFIC SIGNAL,FUNCTIONING PROPERLY,CLEAR,DAYLIGHT,REAR END,NOT DIVIDED,,STRAIGHT AND LEVEL,DRY,NO DEFECTS,NOT ON SCENE (DESK REPORT),NO INJURY / DRIVE AWAY,,,,$500 OR LESS,9/19/2019 17:15,UNABLE TO DETERMINE,NOT APPLICABLE,2805,W,MADISON ST,1124,,,,,,,2,NO INDICATION OF INJURY,0,0,0,0,0,2,0,7,5,9,41.88096347,-87.69653841,POINT (-87.696538414284 41.880963465428)
JC439411,,9/19/2019 7:45,30,NO CONTROLS,NO CONTROLS,CLEAR,DAYLIGHT,PEDESTRIAN,NOT DIVIDED,,STRAIGHT AND LEVEL,DRY,NO DEFECTS,ON SCENE,INJURY AND / OR TOW DUE TO CRASH,,,,$500 OR LESS,9/19/2019 8:00,UNABLE TO DETERMINE,UNABLE TO DETERMINE,3599,W,55TH ST,822,,,,,,,2,NONINCAPACITATING INJURY,1,0,0,1,0,2,0,7,5,9,41.79324787,-87.71357007,POINT (-87.713570071678 41.79324787048)
JC441129,,9/19/2019 7:40,25,NO CONTROLS,NO CONTROLS,CLEAR,DAYLIGHT,PARKED MOTOR VEHICLE,ONE-WAY,,STRAIGHT AND LEVEL,DRY,NO DEFECTS,NOT ON SCENE (DESK REPORT),NO INJURY / DRIVE AWAY,,,,"OVER $1,500",9/20/2019 11:35,UNABLE TO DETERMINE,UNABLE TO DETERMINE,3203,S,HARDING AVE,1031,,,,,,,2,NO INDICATION OF INJURY,0,0,0,0,0,2,0,7,5,9,41.83494497,-87.72293263,POINT (-87.722932629971 41.834944974286)
JC439434,,9/19/2019 7:40,30,NO CONTROLS,NO CONTROLS,CLEAR,DAYLIGHT,SIDESWIPE SAME DIRECTION,NOT DIVIDED,,STRAIGHT AND LEVEL,DRY,NO DEFECTS,ON SCENE,NO INJURY / DRIVE AWAY,,,,$500 OR LESS,9/19/2019 7:46,IMPROPER OVERTAKING/PASSING,NOT APPLICABLE,4702,W,IRVING PARK RD,1722,,,,,,,2,NO INDICATION OF INJURY,0,0,0,0,0,2,0,7,5,9,41.9535537,-87.74573508,POINT (-87.745735081601 41.953553698334)
JC439780,,9/19/2019 7:37,30,NO CONTROLS,NO CONTROLS,CLEAR,DAYLIGHT,PARKED MOTOR VEHICLE,ONE-WAY,,STRAIGHT AND LEVEL,DRY,WORN SURFACE,NOT ON SCENE (DESK REPORT),NO INJURY / DRIVE AWAY,,,,$500 OR LESS,9/19/2019 13:06,UNABLE TO DETERMINE,UNABLE TO DETERMINE,12045,S,EMERALD AVE,523,,,,,,,2,NO INDICATION OF INJURY,0,0,0,0,0,1,0,7,5,9,41.67469008,-87.64051484,POINT (-87.64051484234 41.674690077851)
JC439461,,9/19/2019 7:36,10,NO CONTROLS,NO CONTROLS,CLEAR,DAYLIGHT,SIDESWIPE SAME DIRECTION,OTHER,,STRAIGHT AND LEVEL,DRY,NO DEFECTS,NOT ON SCENE (DESK REPORT),NO INJURY / DRIVE AWAY,,,,"$501 - $1,500",9/19/2019 8:45,FAILING TO YIELD RIGHT-OF-WAY,FAILING TO YIELD RIGHT-OF-WAY,2100,S,LAFLIN ST,1235,,,,,,,2,NO INDICATION OF INJURY,0,0,0,0,0,2,0,7,5,9,41.85418289,-87.663811,POINT (-87.663811003894 41.854182891757)
JC440188,,9/19/2019 7:35,30,NO CONTROLS,NO CONTROLS,CLEAR,DAYLIGHT,PARKED MOTOR VEHICLE,NOT DIVIDED,,STRAIGHT AND LEVEL,DRY,NO DEFECTS,NOT ON SCENE (DESK REPORT),NO INJURY / DRIVE AWAY,,,Y,"$501 - $1,500",9/19/2019 17:34,NOT APPLICABLE,NOT APPLICABLE,738,W,60TH ST,711,,,,,,,2,NO INDICATION OF INJURY,0,0,0,0,0,1,0,7,5,9,41.78516185,-87.64410192,POINT (-87.644101920303 41.785161849309)
JC439440,,9/19/2019 7:35,30,STOP SIGN/FLASHER,FUNCTIONING PROPERLY,CLEAR,DAYLIGHT,PEDESTRIAN,FOUR WAY,,STRAIGHT AND LEVEL,DRY,NO DEFECTS,NOT ON SCENE (DESK REPORT),INJURY AND / OR TOW DUE TO CRASH,Y,,,"OVER $1,500",9/19/2019 7:50,"VISION OBSCURED (SIGNS, TREE LIMBS, BUILDINGS, ETC.)",NOT APPLICABLE,1700,W,CULLERTON ST,1234,,,,,,,2,"REPORTED, NOT EVIDENT",1,0,0,0,1,2,0,7,5,9,41.85512989,-87.66861108,POINT (-87.6686110808 41.855129887668)
JC439424,,9/19/2019 7:35,30,TRAFFIC SIGNAL,FUNCTIONING PROPERLY,CLEAR,DAYLIGHT,SIDESWIPE SAME DIRECTION,DIVIDED - W/MEDIAN (NOT RAISED),,STRAIGHT AND LEVEL,DRY,NO DEFECTS,NOT ON SCENE (DESK REPORT),NO INJURY / DRIVE AWAY,,,,"$501 - $1,500",9/19/2019 8:08,UNABLE TO DETERMINE,NOT APPLICABLE,7915,S,SOUTH CHICAGO AVE,411,,,,,,,2,NO INDICATION OF INJURY,0,0,0,0,0,2,0,7,5,9,41.75122299,-87.58501588,POINT (-87.585015875029 41.751222989333)
JC445374,,9/19/2019 7:30,30,NO CONTROLS,NO CONTROLS,CLEAR,DAYLIGHT,TURNING,NOT DIVIDED,,STRAIGHT AND LEVEL,DRY,NO DEFECTS,,NO INJURY / DRIVE AWAY,Y,,,"$501 - $1,500",9/23/2019 16:00,FAILING TO YIELD RIGHT-OF-WAY,NOT APPLICABLE,7130,W,NORTH AVE,2513,,,,,,,2,NO INDICATION OF INJURY,0,0,0,0,0,2,0,7,5,9,41.90902216,-87.80323933,POINT (-87.803239329591 41.909022154858)
JC439519,,9/19/2019 7:30,30,NO CONTROLS,NO CONTROLS,CLEAR,DAYLIGHT,FIXED OBJECT,DRIVEWAY,,STRAIGHT AND LEVEL,DRY,NO DEFECTS,NOT ON SCENE (DESK REPORT),NO INJURY / DRIVE AWAY,,Y,,"OVER $1,500",9/19/2019 9:40,DRIVING SKILLS/KNOWLEDGE/EXPERIENCE,FAILING TO REDUCE SPEED TO AVOID CRASH,5133,W,IRVING PARK RD,1634,,,,,,,1,NO INDICATION OF INJURY,0,0,0,0,0,1,0,7,5,9,41.9532033,-87.75604874,POINT (-87.756048735038 41.953203300975)
JC439432,,9/19/2019 7:30,30,TRAFFIC SIGNAL,FUNCTIONING PROPERLY,CLEAR,DAYLIGHT,REAR END,T-INTERSECTION,,STRAIGHT AND LEVEL,DRY,NO DEFECTS,NOT ON SCENE (DESK REPORT),NO INJURY / DRIVE AWAY,,,,"OVER $1,500",9/19/2019 8:00,UNABLE TO DETERMINE,UNABLE TO DETERMINE,5958,S,DR MARTIN LUTHER KING JR DR,232,,,,,,,2,NO INDICATION OF INJURY,0,0,0,0,0,2,0,7,5,9,41.78578802,-87.61590849,POINT (-87.615908490481 41.785788019126)
JC439418,,9/19/2019 7:30,30,TRAFFIC SIGNAL,FUNCTIONING PROPERLY,CLEAR,DAYLIGHT,REAR END,FOUR WAY,,STRAIGHT AND LEVEL,DRY,NO DEFECTS,NOT ON SCENE (DESK REPORT),NO INJURY / DRIVE AWAY,,,,$500 OR LESS,9/19/2019 8:10,FOLLOWING TOO CLOSELY,NOT APPLICABLE,2900,S,DR MARTIN LUTHER KING JR DR,133,,,,,,,2,NO INDICATION OF INJURY,0,0,0,0,0,2,0,7,5,9,41.84197651,-87.61772003,POINT (-87.617720028977 41.841976513463)
JC439429,,9/19/2019 7:25,30,TRAFFIC SIGNAL,FUNCTIONING PROPERLY,CLEAR,DAYLIGHT,PEDALCYCLIST,NOT DIVIDED,,STRAIGHT AND LEVEL,DRY,NO DEFECTS,ON SCENE,INJURY AND / OR TOW DUE TO CRASH,Y,,,"$501 - $1,500",9/19/2019 7:32,NOT APPLICABLE,NOT APPLICABLE,2400,N,NARRAGANSETT AVE,2512,,,,,,,2,"REPORTED, NOT EVIDENT",1,0,0,0,1,1,0,7,5,9,41.92377708,-87.78559306,POINT (-87.785593062676 41.923777078794)
JC440287,,9/19/2019 7:15,35,NO CONTROLS,NO CONTROLS,CLEAR,DAYLIGHT,REAR END,DIVIDED - W/MEDIAN (NOT RAISED),,STRAIGHT AND LEVEL,DRY,NO DEFECTS,NOT ON SCENE (DESK REPORT),NO INJURY / DRIVE AWAY,,,,"$501 - $1,500",9/19/2019 18:20,UNABLE TO DETERMINE,UNABLE TO DETERMINE,3950,W,21ST ST,1014,,,,,,,2,NO INDICATION OF INJURY,0,0,0,0,0,2,0,7,5,9,41.85352469,-87.72430663,POINT (-87.724306629535 41.853524685976)
JC439405,,9/19/2019 7:15,20,NO CONTROLS,NO CONTROLS,CLEAR,DAYLIGHT,REAR END,NOT DIVIDED,,STRAIGHT AND LEVEL,DRY,NO DEFECTS,NOT ON SCENE (DESK REPORT),NO INJURY / DRIVE AWAY,,,,$500 OR LESS,9/19/2019 7:40,FOLLOWING TOO CLOSELY,FAILING TO REDUCE SPEED TO AVOID CRASH,6535,S,JUSTINE ST,725,,,,,,,2,NO INDICATION OF INJURY,0,0,0,0,0,2,0,7,5,9,41.77480038,-87.66271531,POINT (-87.662715305806 41.774800379666)
JC439395,,9/19/2019 7:05,30,STOP SIGN/FLASHER,FUNCTIONING PROPERLY,CLEAR,DAYLIGHT,PEDESTRIAN,T-INTERSECTION,,STRAIGHT AND LEVEL,DRY,NO DEFECTS,ON SCENE,INJURY AND / OR TOW DUE TO CRASH,Y,,,"OVER $1,500",9/19/2019 7:13,DISTRACTION - FROM OUTSIDE VEHICLE,FAILING TO YIELD RIGHT-OF-WAY,259,W,26TH ST,914,,,,,,,2,INCAPACITATING INJURY,1,0,1,0,0,1,0,7,5,9,41.84538284,-87.63415419,POINT (-87.634154193453 41.845382841149)
JC440413,,9/19/2019 7:00,30,TRAFFIC SIGNAL,UNKNOWN,CLEAR,DAYLIGHT,TURNING,FOUR WAY,,STRAIGHT AND LEVEL,UNKNOWN,UNKNOWN,NOT ON SCENE (DESK REPORT),NO INJURY / DRIVE AWAY,Y,,,"OVER $1,500",9/19/2019 19:50,UNABLE TO DETERMINE,NOT APPLICABLE,3300,S,DAMEN AVE,912,,,,,,,2,NO INDICATION OF INJURY,0,0,0,0,0,2,0,7,5,9,41.8339635,-87.67552159,POINT (-87.675521586541 41.833963496158)
JC439413,Y,9/19/2019 7:00,30,NO CONTROLS,NO CONTROLS,CLEAR,UNKNOWN,PARKED MOTOR VEHICLE,ONE-WAY,,STRAIGHT AND LEVEL,DRY,NO DEFECTS,ON SCENE,NO INJURY / DRIVE AWAY,,,Y,"OVER $1,500",9/19/2019 7:30,UNABLE TO DETERMINE,UNABLE TO DETERMINE,5135,S,LATROBE AVE,814,,,,,,,2,NO INDICATION OF INJURY,0,0,0,0,0,1,0,7,5,9,41.79911626,-87.75378183,POINT (-87.753781830277 41.799116260664)
JC439402,,9/19/2019 7:00,20,STOP SIGN/FLASHER,FUNCTIONING PROPERLY,CLEAR,DAYLIGHT,ANGLE,FOUR WAY,,STRAIGHT AND LEVEL,DRY,UNKNOWN,ON SCENE,INJURY AND / OR TOW DUE TO CRASH,,,,"OVER $1,500",9/19/2019 7:17,UNABLE TO DETERMINE,UNABLE TO DETERMINE,3500,S,PAULINA ST,912,,,,,,,2,NONINCAPACITATING INJURY,1,0,0,1,0,6,0,7,5,9,41.83038069,-87.66809739,POINT (-87.668097390368 41.830380692605)
JC439382,,9/19/2019 6:50,30,STOP SIGN/FLASHER,FUNCTIONING PROPERLY,CLEAR,DAYLIGHT,TURNING,DIVIDED - W/MEDIAN BARRIER,,STRAIGHT ON GRADE,DRY,NO DEFECTS,ON SCENE,INJURY AND / OR TOW DUE TO CRASH,Y,,,"OVER $1,500",9/19/2019 6:55,FAILING TO YIELD RIGHT-OF-WAY,UNABLE TO DETERMINE,900,E,130TH ST,532,,,,,,,2,NO INDICATION OF INJURY,0,0,0,0,0,2,0,6,5,9,41.65931794,-87.60052875,POINT (-87.600528750818 41.659317939807)
JC439830,,9/19/2019 6:45,30,NO CONTROLS,NO CONTROLS,CLEAR,DAYLIGHT,PARKED MOTOR VEHICLE,NOT DIVIDED,,STRAIGHT AND LEVEL,DRY,NO DEFECTS,NOT ON SCENE (DESK REPORT),NO INJURY / DRIVE AWAY,,,Y,"OVER $1,500",9/19/2019 13:36,UNABLE TO DETERMINE,NOT APPLICABLE,980,S,MILLER ST,1232,,,,,,,2,NO INDICATION OF INJURY,0,0,0,0,0,1,0,6,5,9,41.8695306,-87.65236214,POINT (-87.652362134543 41.869530596857)
JC439386,,9/19/2019 6:36,30,TRAFFIC SIGNAL,FUNCTIONING PROPERLY,CLEAR,DAYLIGHT,REAR END,NOT DIVIDED,,STRAIGHT AND LEVEL,DRY,NO DEFECTS,ON SCENE,INJURY AND / OR TOW DUE TO CRASH,,,,"OVER $1,500",9/19/2019 6:37,UNABLE TO DETERMINE,UNABLE TO DETERMINE,8100,S,SOUTH CHICAGO AVE,414,,,,,,,2,NONINCAPACITATING INJURY,2,0,0,2,0,0,0,6,5,9,41.74737693,-87.58005941,POINT (-87.580059405148 41.747376931011)
JC439659,,9/19/2019 6:00,30,UNKNOWN,UNKNOWN,CLEAR,UNKNOWN,PARKED MOTOR VEHICLE,NOT DIVIDED,,STRAIGHT AND LEVEL,UNKNOWN,UNKNOWN,NOT ON SCENE (DESK REPORT),NO INJURY / DRIVE AWAY,,,Y,"OVER $1,500",9/19/2019 11:30,UNABLE TO DETERMINE,NOT APPLICABLE,12549,S,BURLEY AVE,433,,,,,,,2,NO INDICATION OF INJURY,0,0,0,0,0,1,0,6,5,9,41.66701771,-87.54430362,POINT (-87.544303620258 41.667017711382)
JC439359,,9/19/2019 5:15,30,TRAFFIC SIGNAL,FUNCTIONING PROPERLY,CLEAR,"DARKNESS, LIGHTED ROAD",ANGLE,FOUR WAY,,STRAIGHT AND LEVEL,DRY,NO DEFECTS,ON SCENE,INJURY AND / OR TOW DUE TO CRASH,Y,,,"OVER $1,500",9/19/2019 5:23,FAILING TO REDUCE SPEED TO AVOID CRASH,NOT APPLICABLE,800,W,98TH PL,2223,,,,,,,2,NO INDICATION OF INJURY,0,0,0,0,0,2,0,5,5,9,41.71522124,-87.64310527,POINT (-87.643105270846 41.715221236147)
JC439365,Y,9/19/2019 5:00,30,NO CONTROLS,NO CONTROLS,CLEAR,"DARKNESS, LIGHTED ROAD",PARKED MOTOR VEHICLE,NOT DIVIDED,,STRAIGHT AND LEVEL,DRY,NO DEFECTS,ON SCENE,NO INJURY / DRIVE AWAY,,,Y,"OVER $1,500",9/19/2019 5:37,UNABLE TO DETERMINE,UNABLE TO DETERMINE,3337,W,77TH ST,835,,,,,,,2,NO INDICATION OF INJURY,0,0,0,0,0,1,0,5,5,9,41.75323944,-87.7063802,POINT (-87.706380198662 41.753239438429)
JC439348,Y,9/19/2019 4:00,30,NO CONTROLS,NO CONTROLS,CLEAR,"DARKNESS, LIGHTED ROAD",FIXED OBJECT,NOT DIVIDED,,STRAIGHT AND LEVEL,DRY,NO DEFECTS,ON SCENE,INJURY AND / OR TOW DUE TO CRASH,,,Y,"OVER $1,500",9/19/2019 4:45,NOT APPLICABLE,"OPERATING VEHICLE IN ERRATIC, RECKLESS, CARELESS, NEGLIGENT OR AGGRESSIVE MANNER",3132,W,83RD ST,835,,,,,,,1,,,,,,,,,4,5,9,41.74262495,-87.70103829,POINT (-87.701038286775 41.742624952978)
JC439347,,9/19/2019 3:42,30,NO CONTROLS,NO CONTROLS,CLEAR,"DARKNESS, LIGHTED ROAD",PARKED MOTOR VEHICLE,NOT DIVIDED,,STRAIGHT AND LEVEL,DRY,NO DEFECTS,ON SCENE,INJURY AND / OR TOW DUE TO CRASH,,,Y,"OVER $1,500",9/19/2019 3:47,UNDER THE INFLUENCE OF ALCOHOL/DRUGS (USE WHEN ARREST IS EFFECTED),UNABLE TO DETERMINE,2427,W,MADISON ST,1125,,,,,,,3,NO INDICATION OF INJURY,0,0,0,0,0,1,0,3,5,9,41.88104189,-87.68742361,POINT (-87.687423607029 41.881041888962)
JC439336,,9/19/2019 3:25,30,TRAFFIC SIGNAL,FUNCTIONING PROPERLY,CLEAR,"DARKNESS, LIGHTED ROAD",TURNING,"FIVE POINT, OR MORE",,STRAIGHT AND LEVEL,DRY,NO DEFECTS,ON SCENE,INJURY AND / OR TOW DUE TO CRASH,Y,,,"OVER $1,500",9/19/2019 3:25,FAILING TO YIELD RIGHT-OF-WAY,TURNING RIGHT ON RED,8300,S,JEFFERY BLVD,414,,,,,,,2,NO INDICATION OF INJURY,0,0,0,0,0,2,0,3,5,9,41.74449383,-87.57600356,POINT (-87.5760035609 41.74449383257)
JC439335,,9/19/2019 3:19,30,TRAFFIC SIGNAL,FUNCTIONING PROPERLY,CLEAR,"DARKNESS, LIGHTED ROAD",ANGLE,CENTER TURN LANE,,STRAIGHT AND LEVEL,DRY,NO DEFECTS,ON SCENE,INJURY AND / OR TOW DUE TO CRASH,Y,Y,Y,"OVER $1,500",9/19/2019 3:21,FAILING TO YIELD RIGHT-OF-WAY,DISREGARDING TRAFFIC SIGNALS,3001,W,BELMONT AVE,1411,,,,,,,2,NO INDICATION OF INJURY,0,0,0,0,0,2,0,3,5,9,41.93925335,-87.70278523,POINT (-87.702785233036 41.939253344724)
JC439323,N,9/19/2019 3:00,30,NO CONTROLS,NO CONTROLS,CLEAR,DARKNESS,PARKED MOTOR VEHICLE,NOT DIVIDED,,STRAIGHT AND LEVEL,DRY,NO DEFECTS,ON SCENE,INJURY AND / OR TOW DUE TO CRASH,,,,"OVER $1,500",9/19/2019 3:04,DISTRACTION - FROM OUTSIDE VEHICLE,NOT APPLICABLE,5904,W,MADISON ST,1513,,,,,,,2,NO INDICATION OF INJURY,0,0,0,0,0,1,0,3,5,9,41.88024041,-87.7720115,POINT (-87.772011501983 41.880240404643)
JC439311,,9/19/2019 1:55,30,NO CONTROLS,NO CONTROLS,CLEAR,"DARKNESS, LIGHTED ROAD",PARKED MOTOR VEHICLE,NOT DIVIDED,,STRAIGHT AND LEVEL,DRY,UNKNOWN,ON SCENE,INJURY AND / OR TOW DUE TO CRASH,,,,"OVER $1,500",9/19/2019 1:55,UNABLE TO DETERMINE,UNABLE TO DETERMINE,5301,N,KIMBALL AVE,1712,,,,,,,3,NONINCAPACITATING INJURY,1,0,0,1,0,0,0,1,5,9,41.9776202,-87.71344326,POINT (-87.713443261925 41.977620201903)
JC439290,,9/19/2019 1:04,30,TRAFFIC SIGNAL,NO CONTROLS,CLEAR,"DARKNESS, LIGHTED ROAD",PEDALCYCLIST,NOT DIVIDED,,STRAIGHT AND LEVEL,DRY,UNKNOWN,ON SCENE,NO INJURY / DRIVE AWAY,,,,$500 OR LESS,9/19/2019 1:04,DISREGARDING TRAFFIC SIGNALS,NOT APPLICABLE,1000,W,ADDISON ST,1923,,,,,,,2,NO INDICATION OF INJURY,0,0,0,0,0,3,0,1,5,9,41.94735226,-87.65444338,POINT (-87.65444337511 41.947352263187)