RD_NO,CRASH_DATE_EST_I,CRASH_DATE,POSTED_SPEED_LIMIT,TRAFFIC_CONTROL_DEVICE,DEVICE_CONDITION,WEATHER_CONDITION,LIGHTING_CONDITION,FIRST_CRASH_TYPE,TRAFFICWAY_TYPE,LANE_CNT,ALIGNMENT,ROADWAY_SURFACE_COND,ROAD_DEFECT,REPORT_TYPE,CRASH_TYPE,INTERSECTION_RELATED_I,NOT_RIGHT_OF_WAY_I,HIT_AND_RUN_I,DAMAGE,DATE_POLICE_NOTIFIED,PRIM_CONTRIBUTORY_CAUSE,SEC_CONTRIBUTORY_CAUSE,STREET_NO,STREET_DIRECTION,STREET_NAME,BEAT_OF_OCCURRENCE,PHOTOS_TAKEN_I,STATEMENTS_TAKEN_I,DOORING_I,WORK_ZONE_I,WORK_ZONE_TYPE,WORKERS_PRESENT_I,NUM_UNITS,MOST_SEVERE_INJURY,INJURIES_TOTAL,INJURIES_FATAL,INJURIES_INCAPACITATING,INJURIES_NON_INCAPACITATING,INJURIES_REPORTED_NOT_EVIDENT,INJURIES_NO_INDICATION,INJURIES_UNKNOWN,CRASH_HOUR,CRASH_DAY_OF_WEEK,CRASH_MONTH,LATITUDE,LONGITUDE,LOCATION
JC439286,,9/19/2019 0:38,30,TRAFFIC SIGNAL,FUNCTIONING PROPERLY,CLEAR,"DARKNESS, LIGHTED ROAD",PEDALCYCLIST,FOUR WAY,,STRAIGHT AND LEVEL,DRY,UNKNOWN,ON SCENE,INJURY AND / OR TOW DUE TO CRASH,Y,,,$500 OR LESS,9/19/2019 0:41,TURNING RIGHT ON RED,DISREGARDING TRAFFIC SIGNALS,5156,W,FULLERTON AVE,2521,,,,,,,2,INCAPACITATING INJURY,1,0,1,0,0,1,0,0,5,9,41.9242203,-87.75594985,POINT (-87.755949851991 41.92422029538)
JC439274,,9/19/2019 0:25,30,TRAFFIC SIGNAL,UNKNOWN,CLEAR,"DARKNESS, LIGHTED ROAD",PEDALCYCLIST,FOUR WAY,,STRAIGHT AND LEVEL,DRY,NO DEFECTS,ON SCENE,INJURY AND / OR TOW DUE TO CRASH,Y,,Y,"OVER $1,500",9/19/2019 0:27,DISREGARDING TRAFFIC SIGNALS,UNABLE TO DETERMINE,5032,N,CICERO AVE,1623,,,N,,,,2,INCAPACITATING INJURY,1,0,1,0,0,1,0,0,5,9,41.97260628,-87.74805607,POINT (-87.748056064587 41.972606280531)
JC440388,Y,9/19/2019 0:00,30,NO CONTROLS,NO CONTROLS,UNKNOWN,UNKNOWN,PARKED MOTOR VEHICLE,NOT DIVIDED,,STRAIGHT AND LEVEL,UNKNOWN,NO DEFECTS,ON SCENE,INJURY AND / OR TOW DUE TO CRASH,,,Y,"OVER $1,500",9/19/2019 18:16,UNABLE TO DETERMINE,NOT APPLICABLE,2636,N,LONG AVE,2514,,,,,,,2,NO INDICATION OF INJURY,0,0,0,0,0,1,0,0,5,9,41.92883027,-87.76138803,POINT (-87.76138802988 41.92883026532)
JC439376,,9/18/2019 23:55,30,NO CONTROLS,NO CONTROLS,CLEAR,DARKNESS,OTHER OBJECT,ALLEY,,STRAIGHT AND LEVEL,DRY,NO DEFECTS,ON SCENE,NO INJURY / DRIVE AWAY,,,Y,"OVER $1,500",9/19/2019 6:30,"OPERATING VEHICLE IN ERRATIC, RECKLESS, CARELESS, NEGLIGENT OR AGGRESSIVE MANNER",NOT APPLICABLE,5543,N,BERNARD ST,1712,,,,,,,1,NO INDICATION OF INJURY,0,0,0,0,0,1,0,23,4,9,41.98245133,-87.7147827,POINT (-87.71478269925 41.982451331555)
JC439249,,9/18/2019 23:51,30,TRAFFIC SIGNAL,FUNCTIONING PROPERLY,CLEAR,"DARKNESS, LIGHTED ROAD",ANGLE,TRAFFIC ROUTE,,STRAIGHT AND LEVEL,DRY,NO DEFECTS,NOT ON SCENE (DESK REPORT),NO INJURY / DRIVE AWAY,Y,,,"OVER $1,500",9/18/2019 23:51,DISREGARDING TRAFFIC SIGNALS,UNABLE TO DETERMINE,100,E,ONTARIO ST,1834,,,,,,,3,NO INDICATION OF INJURY,0,0,0,0,0,3,0,23,4,9,41.89342615,-87.62536203,POINT (-87.625362024568 41.893426146708)
JC439256,,9/18/2019 23:49,35,UNKNOWN,UNKNOWN,UNKNOWN,UNKNOWN,SIDESWIPE SAME DIRECTION,NOT DIVIDED,,STRAIGHT AND LEVEL,UNKNOWN,UNKNOWN,NOT ON SCENE (DESK REPORT),NO INJURY / DRIVE AWAY,,,,$500 OR LESS,9/19/2019 0:02,NOT APPLICABLE,NOT APPLICABLE,3647,N,CLARK ST,1923,,,,,,,2,NO INDICATION OF INJURY,0,0,0,0,0,2,0,23,4,9,41.94842204,-87.65732464,POINT (-87.657324638243 41.948422040248)
JC439252,,9/18/2019 23:30,25,NO CONTROLS,NO CONTROLS,CLEAR,DARKNESS,PARKED MOTOR VEHICLE,FOUR WAY,,STRAIGHT AND LEVEL,DRY,UNKNOWN,NOT ON SCENE (DESK REPORT),NO INJURY / DRIVE AWAY,,,Y,"$501 - $1,500",9/18/2019 23:50,UNABLE TO DETERMINE,NOT APPLICABLE,1300,W,ADDISON ST,1923,,,,,,,2,NO INDICATION OF INJURY,0,0,0,0,0,1,0,23,4,9,41.947217,-87.66165958,POINT (-87.661659581481 41.947217002344)
JC445445,Y,9/18/2019 23:00,30,UNKNOWN,UNKNOWN,CLEAR,UNKNOWN,PARKED MOTOR VEHICLE,NOT DIVIDED,,STRAIGHT AND LEVEL,DRY,NO DEFECTS,NOT ON SCENE (DESK REPORT),NO INJURY / DRIVE AWAY,,,Y,"OVER $1,500",9/23/2019 17:08,NOT APPLICABLE,NOT APPLICABLE,618,E,81ST ST,631,,,,,,,2,NO INDICATION OF INJURY,0,0,0,0,0,1,0,23,4,9,41.74766879,-87.60916902,POINT (-87.609169017058 41.74766879205)
JC439211,,9/18/2019 22:37,35,TRAFFIC SIGNAL,FUNCTIONING PROPERLY,CLEAR,"DARKNESS, LIGHTED ROAD",REAR END,DIVIDED - W/MEDIAN BARRIER,,STRAIGHT AND LEVEL,DRY,NO DEFECTS,ON SCENE,NO INJURY / DRIVE AWAY,,,Y,"OVER $1,500",9/18/2019 22:50,UNABLE TO DETERMINE,UNABLE TO DETERMINE,5700,S,CICERO AVE,813,,,,,,,2,NO INDICATION OF INJURY,0,0,0,0,0,2,0,22,4,9,41.78932932,-87.74164564,POINT (-87.741645644196 41.789329323265)
JC439201,,9/18/2019 22:25,30,TRAFFIC SIGNAL,FUNCTIONING PROPERLY,CLEAR,"DARKNESS, LIGHTED ROAD",TURNING,NOT DIVIDED,,STRAIGHT AND LEVEL,DRY,NO DEFECTS,ON SCENE,INJURY AND / OR TOW DUE TO CRASH,Y,,,"OVER $1,500",9/18/2019 22:30,DISREGARDING TRAFFIC SIGNALS,FAILING TO REDUCE SPEED TO AVOID CRASH,4005,N,CUMBERLAND AVE,1614,,,,,,,3,INCAPACITATING INJURY,1,0,1,0,0,1,0,22,4,9,41.95225807,-87.83652169,POINT (-87.83652169409 41.952258073543)
JC439207,,9/18/2019 22:16,30,NO CONTROLS,NO CONTROLS,CLEAR,"DARKNESS, LIGHTED ROAD",FIXED OBJECT,DIVIDED - W/MEDIAN (NOT RAISED),,STRAIGHT AND LEVEL,DRY,NO DEFECTS,ON SCENE,INJURY AND / OR TOW DUE TO CRASH,,,,"$501 - $1,500",9/18/2019 22:16,UNABLE TO DETERMINE,UNABLE TO DETERMINE,6959,S,HALSTED ST,732,,,,,,,1,NONINCAPACITATING INJURY,1,0,0,1,0,0,0,22,4,9,41.76710811,-87.6443136,POINT (-87.644313600193 41.767108110659)
JC439174,,9/18/2019 22:16,35,TRAFFIC SIGNAL,FUNCTIONING PROPERLY,CLEAR,"DARKNESS, LIGHTED ROAD",ANGLE,NOT DIVIDED,,STRAIGHT AND LEVEL,DRY,UNKNOWN,ON SCENE,INJURY AND / OR TOW DUE TO CRASH,Y,,Y,"OVER $1,500",9/18/2019 22:17,DISREGARDING OTHER TRAFFIC SIGNS,NOT APPLICABLE,5900,S,HALSTED ST,712,,,,,,,2,NO INDICATION OF INJURY,0,0,0,0,0,2,0,22,4,9,41.78693165,-87.64511245,POINT (-87.64511244991 41.786931651847)
JC439175,,9/18/2019 22:13,30,TRAFFIC SIGNAL,FUNCTIONING PROPERLY,CLEAR,"DARKNESS, LIGHTED ROAD",ANGLE,DIVIDED - W/MEDIAN BARRIER,,STRAIGHT AND LEVEL,DRY,NO DEFECTS,ON SCENE,INJURY AND / OR TOW DUE TO CRASH,,,Y,"OVER $1,500",9/18/2019 22:24,DISREGARDING OTHER TRAFFIC SIGNS,FAILING TO YIELD RIGHT-OF-WAY,1600,E,83RD PL,412,,,,,,,2,NONINCAPACITATING INJURY,1,0,0,1,0,1,0,22,4,9,41.74340729,-87.58524189,POINT (-87.58524188905 41.743407289546)
JC439267,,9/18/2019 22:00,30,STOP SIGN/FLASHER,NO CONTROLS,CLEAR,"DARKNESS, LIGHTED ROAD",TURNING,FOUR WAY,,STRAIGHT AND LEVEL,DRY,NO DEFECTS,NOT ON SCENE (DESK REPORT),NO INJURY / DRIVE AWAY,Y,,,"OVER $1,500",9/19/2019 0:10,UNABLE TO DETERMINE,UNABLE TO DETERMINE,5900,N,BROADWAY,2013,,,,,,,2,NO INDICATION OF INJURY,0,0,0,0,0,2,0,22,4,9,41.98910772,-87.66038728,POINT (-87.660387275496 41.98910771765)
JC439195,,9/18/2019 22:00,15,NO CONTROLS,NO CONTROLS,CLEAR,"DARKNESS, LIGHTED ROAD",REAR TO REAR,PARKING LOT,,STRAIGHT AND LEVEL,DRY,NO DEFECTS,NOT ON SCENE (DESK REPORT),NO INJURY / DRIVE AWAY,,Y,,"$501 - $1,500",9/18/2019 22:48,FAILING TO YIELD RIGHT-OF-WAY,NOT APPLICABLE,2300,N,MILWAUKEE AVE,1414,,,,,,,2,NO INDICATION OF INJURY,0,0,0,0,0,2,0,22,4,9,41.92284258,-87.69748748,POINT (-87.697487481806 41.922842576706)
JC439161,,9/18/2019 21:50,30,TRAFFIC SIGNAL,FUNCTIONING PROPERLY,CLEAR,"DARKNESS, LIGHTED ROAD",FIXED OBJECT,FOUR WAY,,STRAIGHT AND LEVEL,DRY,NO DEFECTS,ON SCENE,INJURY AND / OR TOW DUE TO CRASH,Y,,,"OVER $1,500",9/18/2019 22:57,UNABLE TO DETERMINE,NOT APPLICABLE,5602,W,MADISON ST,1513,,,,,,,1,NONINCAPACITATING INJURY,1,0,0,1,0,0,0,21,4,9,41.88035338,-87.76502977,POINT (-87.76502976469 41.880353374563)
JC439158,,9/18/2019 21:35,30,TRAFFIC SIGNAL,FUNCTIONING PROPERLY,CLEAR,DARKNESS,SIDESWIPE OPPOSITE DIRECTION,NOT DIVIDED,,STRAIGHT AND LEVEL,DRY,NO DEFECTS,NOT ON SCENE (DESK REPORT),NO INJURY / DRIVE AWAY,,,Y,"OVER $1,500",9/18/2019 22:00,UNABLE TO DETERMINE,UNABLE TO DETERMINE,6549,N,SHERIDAN RD,2432,,,,,,,2,NO INDICATION OF INJURY,0,0,0,0,0,2,0,21,4,9,42.00158581,-87.66059995,POINT (-87.66059994997 42.001585812994)
JC439160,,9/18/2019 21:20,30,UNKNOWN,FUNCTIONING PROPERLY,CLEAR,DAWN,PARKED MOTOR VEHICLE,DIVIDED - W/MEDIAN (NOT RAISED),,STRAIGHT AND LEVEL,DRY,NO DEFECTS,ON SCENE,NO INJURY / DRIVE AWAY,,,Y,"OVER $1,500",9/18/2019 21:25,UNABLE TO DETERMINE,DRIVING SKILLS/KNOWLEDGE/EXPERIENCE,3034,W,AUGUSTA BLVD,1211,,,,,,,3,NO INDICATION OF INJURY,0,0,0,0,0,1,0,21,4,9,41.89933932,-87.70299618,POINT (-87.702996184118 41.8993393183)
JC439162,Y,9/18/2019 21:10,30,UNKNOWN,UNKNOWN,UNKNOWN,UNKNOWN,REAR END,UNKNOWN,,STRAIGHT AND LEVEL,UNKNOWN,UNKNOWN,NOT ON SCENE (DESK REPORT),NO INJURY / DRIVE AWAY,,,Y,"$501 - $1,500",9/18/2019 22:00,NOT APPLICABLE,NOT APPLICABLE,4800,W,FULLERTON AVE,2521,,,,,,,2,NO INDICATION OF INJURY,0,0,0,0,0,2,0,21,4,9,41.92434704,-87.74642764,POINT (-87.746427639656 41.924347036011)
JC439882,N,9/18/2019 21:00,30,NO CONTROLS,NO CONTROLS,CLEAR,DARKNESS,PARKED MOTOR VEHICLE,ONE-WAY,,STRAIGHT AND LEVEL,DRY,NO DEFECTS,NOT ON SCENE (DESK REPORT),NO INJURY / DRIVE AWAY,,,Y,"OVER $1,500",9/19/2019 14:15,UNABLE TO DETERMINE,UNABLE TO DETERMINE,9525,S,EGGLESTON AVE,2223,,,,,,,2,NO INDICATION OF INJURY,0,0,0,0,0,1,0,21,4,9,41.72084195,-87.63380531,POINT (-87.633805311814 41.720841948611)
JC439248,,9/18/2019 20:54,20,NO CONTROLS,NO CONTROLS,CLEAR,"DARKNESS, LIGHTED ROAD",PARKED MOTOR VEHICLE,NOT DIVIDED,,STRAIGHT AND LEVEL,DRY,NO DEFECTS,ON SCENE,INJURY AND / OR TOW DUE TO CRASH,,,Y,"OVER $1,500",9/18/2019 21:30,FAILING TO REDUCE SPEED TO AVOID CRASH,DRIVING ON WRONG SIDE/WRONG WAY,1844,W,FARWELL AVE,2424,,,,,,,3,NO INDICATION OF INJURY,0,0,0,0,0,1,0,20,4,9,42.00660402,-87.67749084,POINT (-87.677490842713 42.006604016108)
JC446666,,9/18/2019 20:40,30,NO CONTROLS,NO CONTROLS,CLEAR,DAYLIGHT,PARKED MOTOR VEHICLE,NOT DIVIDED,,STRAIGHT AND LEVEL,DRY,NO DEFECTS,NOT ON SCENE (DESK REPORT),NO INJURY / DRIVE AWAY,,,,"$501 - $1,500",9/24/2019 15:18,UNABLE TO DETERMINE,UNABLE TO DETERMINE,845,N,KINGSBURY ST,1822,,,,,,,2,NO INDICATION OF INJURY,0,0,0,0,0,2,0,20,4,9,41.89791697,-87.64313292,POINT (-87.643132919186 41.897916974008)
JC439148,,9/18/2019 20:40,10,NO CONTROLS,NO CONTROLS,CLEAR,"DARKNESS, LIGHTED ROAD",PEDESTRIAN,PARKING LOT,,STRAIGHT AND LEVEL,DRY,NO DEFECTS,ON SCENE,INJURY AND / OR TOW DUE TO CRASH,,Y,Y,$500 OR LESS,9/18/2019 21:25,FAILING TO YIELD RIGHT-OF-WAY,UNABLE TO DETERMINE,3201,W,DIVERSEY AVE,1412,,,,,,,2,NONINCAPACITATING INJURY,1,0,0,1,0,1,0,20,4,9,41.93192002,-87.70748917,POINT (-87.707489169213 41.931920016194)
JC439102,,9/18/2019 20:31,15,NO CONTROLS,NO CONTROLS,CLEAR,"DARKNESS, LIGHTED ROAD",ANGLE,PARKING LOT,,STRAIGHT AND LEVEL,DRY,NO DEFECTS,ON SCENE,NO INJURY / DRIVE AWAY,,,,"$501 - $1,500",9/18/2019 20:33,UNABLE TO DETERMINE,NOT APPLICABLE,10000,W,OHARE ST,1651,,,,,,,2,NO INDICATION OF INJURY,0,0,0,0,0,2,0,20,4,9,41.97620114,-87.90530913,POINT (-87.905309125103 41.976201139024)
JC439853,N,9/18/2019 20:30,30,NO CONTROLS,NO CONTROLS,CLEAR,DAYLIGHT,REAR END,DIVIDED - W/MEDIAN BARRIER,,STRAIGHT AND LEVEL,DRY,NO DEFECTS,NOT ON SCENE (DESK REPORT),NO INJURY / DRIVE AWAY,Y,,,"$501 - $1,500",9/19/2019 13:35,UNABLE TO DETERMINE,UNABLE TO DETERMINE,5931,N,SHERIDAN RD,2022,,,,,,,2,NO INDICATION OF INJURY,0,0,0,0,0,3,0,20,4,9,41.99006472,-87.65523722,POINT (-87.655237214988 41.99006472186)
JC439583,,9/18/2019 20:30,30,STOP SIGN/FLASHER,FUNCTIONING PROPERLY,CLEAR,"DARKNESS, LIGHTED ROAD",REAR END,ONE-WAY,,STRAIGHT AND LEVEL,DRY,NO DEFECTS,NOT ON SCENE (DESK REPORT),NO INJURY / DRIVE AWAY,,,,"OVER $1,500",9/19/2019 10:30,FOLLOWING TOO CLOSELY,FAILING TO REDUCE SPEED TO AVOID CRASH,6000,W,WAVELAND AVE,1633,,,,,,,2,NO INDICATION OF INJURY,0,0,0,0,0,2,0,20,4,9,41.94770009,-87.77669809,POINT (-87.77669808629 41.947700089655)
JC439129,Y,9/18/2019 20:30,25,NO CONTROLS,NO CONTROLS,CLEAR,"DARKNESS, LIGHTED ROAD",PARKED MOTOR VEHICLE,ONE-WAY,,STRAIGHT AND LEVEL,DRY,NO DEFECTS,NOT ON SCENE (DESK REPORT),NO INJURY / DRIVE AWAY,,,Y,"$501 - $1,500",9/18/2019 21:24,UNABLE TO DETERMINE,UNABLE TO DETERMINE,1400,S,LAWNDALE AVE,1011,,,,,,,2,NO INDICATION OF INJURY,0,0,0,0,0,1,0,20,4,9,41.86228806,-87.71788776,POINT (-87.717887758731 41.862288062591)
JC440052,,9/18/2019 20:00,30,NO CONTROLS,NO CONTROLS,CLEAR,DAYLIGHT,TURNING,NOT DIVIDED,,STRAIGHT AND LEVEL,DRY,NO DEFECTS,NOT ON SCENE (DESK REPORT),NO INJURY / DRIVE AWAY,,,Y,"$501 - $1,500",9/19/2019 16:20,NOT APPLICABLE,NOT APPLICABLE,1969,W,OGDEN AVE,1231,,,,,,,2,NO INDICATION OF INJURY,0,0,0,0,0,2,0,20,4,9,41.873217,-87.67567518,POINT (-87.67567517654 41.873216999115)
JC439123,,9/18/2019 20:00,30,NO CONTROLS,NO CONTROLS,CLEAR,"DARKNESS, LIGHTED ROAD",PARKED MOTOR VEHICLE,PARKING LOT,,STRAIGHT AND LEVEL,DRY,NO DEFECTS,NOT ON SCENE (DESK REPORT),NO INJURY / DRIVE AWAY,,,Y,"OVER $1,500",9/18/2019 21:30,FAILING TO REDUCE SPEED TO AVOID CRASH,UNABLE TO DETERMINE,2021,W,CHICAGO AVE,1221,,,,,,,2,NO INDICATION OF INJURY,0,0,0,0,0,1,0,20,4,9,41.89578523,-87.67793089,POINT (-87.677930892592 41.895785229598)
JC439073,,9/18/2019 19:49,30,TRAFFIC SIGNAL,FUNCTIONING PROPERLY,CLEAR,"DARKNESS, LIGHTED ROAD",ANGLE,FOUR WAY,,STRAIGHT AND LEVEL,DRY,NO DEFECTS,ON SCENE,INJURY AND / OR TOW DUE TO CRASH,Y,,,"OVER $1,500",9/18/2019 19:49,DISREGARDING TRAFFIC SIGNALS,FAILING TO YIELD RIGHT-OF-WAY,3600,N,BROADWAY,1925,,,,,,,2,INCAPACITATING INJURY,2,0,2,0,0,1,0,19,4,9,41.9473567,-87.64743914,POINT (-87.647439136669 41.947356699083)
JC439080,,9/18/2019 19:45,15,STOP SIGN/FLASHER,FUNCTIONING PROPERLY,CLEAR,"DARKNESS, LIGHTED ROAD",SIDESWIPE SAME DIRECTION,ONE-WAY,,STRAIGHT AND LEVEL,DRY,NO DEFECTS,,NO INJURY / DRIVE AWAY,,,,"$501 - $1,500",9/18/2019 20:15,UNABLE TO DETERMINE,NOT APPLICABLE,4004,W,WILCOX ST,1115,,,,,,,1,NO INDICATION OF INJURY,0,0,0,0,0,3,0,19,4,9,41.87897391,-87.72588174,POINT (-87.725881737401 41.878973911386)
JC439041,,9/18/2019 19:45,25,NO CONTROLS,NO CONTROLS,CLEAR,DAYLIGHT,PARKED MOTOR VEHICLE,NOT DIVIDED,,STRAIGHT AND LEVEL,DRY,NO DEFECTS,NOT ON SCENE (DESK REPORT),NO INJURY / DRIVE AWAY,,,,"$501 - $1,500",9/18/2019 20:06,UNABLE TO DETERMINE,NOT APPLICABLE,714,W,28TH ST,914,,,,,,,2,NO INDICATION OF INJURY,0,0,0,0,0,1,0,19,4,9,41.84363919,-87.64463485,POINT (-87.644634848764 41.843639190923)
JC439025,,9/18/2019 19:41,30,TRAFFIC SIGNAL,FUNCTIONING PROPERLY,CLEAR,"DARKNESS, LIGHTED ROAD",SIDESWIPE SAME DIRECTION,DIVIDED - W/MEDIAN BARRIER,,STRAIGHT AND LEVEL,DRY,NO DEFECTS,ON SCENE,NO INJURY / DRIVE AWAY,,,,$500 OR LESS,9/18/2019 19:41,IMPROPER OVERTAKING/PASSING,DRIVING SKILLS/KNOWLEDGE/EXPERIENCE,110,E,RANDOLPH ST,114,,,,,,,2,NO INDICATION OF INJURY,0,0,0,0,0,5,0,19,4,9,41.88454779,-87.6240128,POINT (-87.624012795589 41.884547787096)
JC440000,,9/18/2019 19:40,30,NO CONTROLS,NO CONTROLS,CLEAR,"DARKNESS, LIGHTED ROAD",REAR END,NOT DIVIDED,,STRAIGHT AND LEVEL,DRY,NO DEFECTS,NOT ON SCENE (DESK REPORT),NO INJURY / DRIVE AWAY,Y,,,"OVER $1,500",9/19/2019 15:50,UNABLE TO DETERMINE,NOT APPLICABLE,2901,W,DIVERSEY AVE,1411,,,,,,,2,NO INDICATION OF INJURY,0,0,0,0,0,2,0,19,4,9,41.93196914,-87.70013312,POINT (-87.700133118196 41.931969135886)
JC439044,,9/18/2019 19:40,35,NO CONTROLS,NO CONTROLS,CLEAR,DARKNESS,SIDESWIPE SAME DIRECTION,NOT DIVIDED,,STRAIGHT AND LEVEL,DRY,NO DEFECTS,NOT ON SCENE (DESK REPORT),NO INJURY / DRIVE AWAY,,,,"OVER $1,500",9/18/2019 20:04,IMPROPER OVERTAKING/PASSING,NOT APPLICABLE,4632,W,63RD ST,813,,,,,,,2,NO INDICATION OF INJURY,0,0,0,0,0,3,0,19,4,9,41.77857996,-87.73867944,POINT (-87.738679437114 41.77857996073)
JC439067,,9/18/2019 19:35,30,NO CONTROLS,NO CONTROLS,CLEAR,DAYLIGHT,REAR END,NOT DIVIDED,,STRAIGHT AND LEVEL,DRY,NO DEFECTS,NOT ON SCENE (DESK REPORT),NO INJURY / DRIVE AWAY,,,,"OVER $1,500",9/18/2019 20:20,UNABLE TO DETERMINE,UNABLE TO DETERMINE,5501,N,KIMBALL AVE,1712,,,,,,,2,NO INDICATION OF INJURY,0,0,0,0,0,4,0,19,4,9,41.98128522,-87.7135376,POINT (-87.713537600152 41.981285223594)
JC439021,,9/18/2019 19:35,35,TRAFFIC SIGNAL,FUNCTIONING PROPERLY,CLEAR,DARKNESS,REAR END,FOUR WAY,,STRAIGHT AND LEVEL,DRY,NO DEFECTS,ON SCENE,INJURY AND / OR TOW DUE TO CRASH,,,,"$501 - $1,500",9/18/2019 19:42,FOLLOWING TOO CLOSELY,NOT APPLICABLE,10300,S,DOTY AVE E,434,,,,,,,2,"REPORTED, NOT EVIDENT",1,0,0,0,1,3,0,19,4,9,41.70784956,-87.58085427,POINT (-87.580854271249 41.70784955538)
JC439110,,9/18/2019 19:30,30,TRAFFIC SIGNAL,FUNCTIONING PROPERLY,CLEAR,DAYLIGHT,SIDESWIPE SAME DIRECTION,NOT DIVIDED,,STRAIGHT AND LEVEL,DRY,NO DEFECTS,NOT ON SCENE (DESK REPORT),NO INJURY / DRIVE AWAY,,,,"OVER $1,500",9/18/2019 21:25,UNABLE TO DETERMINE,NOT APPLICABLE,7600,S,PULASKI RD,833,,,,,,,2,NO INDICATION OF INJURY,0,0,0,0,0,2,0,19,4,9,41.75504428,-87.72231551,POINT (-87.722315514022 41.755044279733)
JC439083,Y,9/18/2019 19:30,10,NO CONTROLS,NO CONTROLS,CLEAR,"DARKNESS, LIGHTED ROAD",PARKED MOTOR VEHICLE,PARKING LOT,,STRAIGHT AND LEVEL,DRY,NO DEFECTS,NOT ON SCENE (DESK REPORT),NO INJURY / DRIVE AWAY,,,,"OVER $1,500",9/18/2019 20:30,UNABLE TO DETERMINE,UNABLE TO DETERMINE,10001,S,PULASKI RD,2211,,,,,,,2,NO INDICATION OF INJURY,0,0,0,0,0,1,0,19,4,9,41.71125823,-87.72093947,POINT (-87.720939473403 41.711258232205)
JC439055,,9/18/2019 19:20,30,TRAFFIC SIGNAL,FUNCTIONING PROPERLY,CLEAR,"DARKNESS, LIGHTED ROAD",REAR END,DIVIDED - W/MEDIAN (NOT RAISED),,STRAIGHT AND LEVEL,DRY,NO DEFECTS,NOT ON SCENE (DESK REPORT),NO INJURY / DRIVE AWAY,Y,,,"OVER $1,500",9/18/2019 19:50,UNABLE TO DETERMINE,NOT APPLICABLE,4047,E,106TH ST,432,,,,,,,2,NO INDICATION OF INJURY,0,0,0,0,0,2,0,19,4,9,41.70257328,-87.52509414,POINT (-87.525094135987 41.702573275377)
JC439026,,9/18/2019 19:20,30,NO CONTROLS,NO CONTROLS,CLEAR,DUSK,REAR END,NOT DIVIDED,,STRAIGHT AND LEVEL,DRY,UNKNOWN,NOT ON SCENE (DESK REPORT),NO INJURY / DRIVE AWAY,,,,"$501 - $1,500",9/18/2019 19:40,UNABLE TO DETERMINE,UNABLE TO DETERMINE,9230,S,JEFFERY AVE,413,,,,,,,2,NO INDICATION OF INJURY,0,0,0,0,0,2,0,19,4,9,41.72699723,-87.57561423,POINT (-87.575614234384 41.726997232014)
JC439003,,9/18/2019 19:19,30,NO CONTROLS,NO CONTROLS,CLEAR,"DARKNESS, LIGHTED ROAD",PEDALCYCLIST,NOT DIVIDED,,STRAIGHT AND LEVEL,DRY,NO DEFECTS,ON SCENE,INJURY AND / OR TOW DUE TO CRASH,,,,$500 OR LESS,9/18/2019 19:19,FAILING TO YIELD RIGHT-OF-WAY,NOT APPLICABLE,3430,W,WABANSIA AVE,1422,,,,,,,2,NONINCAPACITATING INJURY,1,0,0,1,0,1,0,19,4,9,41.91197108,-87.71282106,POINT (-87.712821058005 41.91197108223)
JC439040,,9/18/2019 19:15,30,TRAFFIC SIGNAL,FUNCTIONING PROPERLY,CLEAR,DUSK,REAR END,NOT DIVIDED,,STRAIGHT AND LEVEL,DRY,NO DEFECTS,NOT ON SCENE (DESK REPORT),NO INJURY / DRIVE AWAY,N,,,"OVER $1,500",9/18/2019 20:00,UNABLE TO DETERMINE,UNABLE TO DETERMINE,135,W,HUBBARD ST,1831,,,,,,,2,NO INDICATION OF INJURY,0,0,0,0,0,2,0,19,4,9,41.88989522,-87.6324705,POINT (-87.63247050372 41.889895222151)
JC438996,,9/18/2019 19:15,25,NO CONTROLS,NO CONTROLS,CLEAR,DARKNESS,SIDESWIPE OPPOSITE DIRECTION,NOT DIVIDED,,STRAIGHT AND LEVEL,DRY,NO DEFECTS,ON SCENE,NO INJURY / DRIVE AWAY,,,,"OVER $1,500",9/18/2019 19:23,DRIVING SKILLS/KNOWLEDGE/EXPERIENCE,NOT APPLICABLE,5429,W,JACKSON BLVD,1522,,,,,,,2,NO INDICATION OF INJURY,0,0,0,0,0,2,0,19,4,9,41.87646894,-87.76075657,POINT (-87.760756566236 41.876468940146)
JC439048,,9/18/2019 19:00,30,NO CONTROLS,NO CONTROLS,CLEAR,DUSK,SIDESWIPE SAME DIRECTION,ONE-WAY,,STRAIGHT AND LEVEL,DRY,NO DEFECTS,NOT ON SCENE (DESK REPORT),NO INJURY / DRIVE AWAY,N,,,"OVER $1,500",9/18/2019 20:00,IMPROPER BACKING,IMPROPER BACKING,4499,N,PAULINA ST,1912,N,N,,,,,2,NO INDICATION OF INJURY,0,0,0,0,0,2,0,19,4,9,41.96330282,-87.67073593,POINT (-87.670735931761 41.963302816736)