RD_NO,CRASH_DATE_EST_I,CRASH_DATE,POSTED_SPEED_LIMIT,TRAFFIC_CONTROL_DEVICE,DEVICE_CONDITION,WEATHER_CONDITION,LIGHTING_CONDITION,FIRST_CRASH_TYPE,TRAFFICWAY_TYPE,LANE_CNT,ALIGNMENT,ROADWAY_SURFACE_COND,ROAD_DEFECT,REPORT_TYPE,CRASH_TYPE,INTERSECTION_RELATED_I,NOT_RIGHT_OF_WAY_I,HIT_AND_RUN_I,DAMAGE,DATE_POLICE_NOTIFIED,PRIM_CONTRIBUTORY_CAUSE,SEC_CONTRIBUTORY_CAUSE,STREET_NO,STREET_DIRECTION,STREET_NAME,BEAT_OF_OCCURRENCE,PHOTOS_TAKEN_I,STATEMENTS_TAKEN_I,DOORING_I,WORK_ZONE_I,WORK_ZONE_TYPE,WORKERS_PRESENT_I,NUM_UNITS,MOST_SEVERE_INJURY,INJURIES_TOTAL,INJURIES_FATAL,INJURIES_INCAPACITATING,INJURIES_NON_INCAPACITATING,INJURIES_REPORTED_NOT_EVIDENT,INJURIES_NO_INDICATION,INJURIES_UNKNOWN,CRASH_HOUR,CRASH_DAY_OF_WEEK,CRASH_MONTH,LATITUDE,LONGITUDE,LOCATION
JC438998,,9/18/2019 19:00,20,NO CONTROLS,NO CONTROLS,CLEAR,DAYLIGHT,SIDESWIPE SAME DIRECTION,NOT DIVIDED,,STRAIGHT AND LEVEL,DRY,NO DEFECTS,NOT ON SCENE (DESK REPORT),NO INJURY / DRIVE AWAY,,,,"$501 - $1,500",9/18/2019 19:30,FAILING TO YIELD RIGHT-OF-WAY,NOT APPLICABLE,4450,N,PAULINA ST,1912,,,,,,,2,NO INDICATION OF INJURY,0,0,0,0,0,2,0,19,4,9,41.9630725,-87.67102423,POINT (-87.671024228196 41.963072497896)
JC439054,,9/18/2019 18:53,30,TRAFFIC SIGNAL,FUNCTIONING PROPERLY,CLEAR,DUSK,REAR END,FOUR WAY,,STRAIGHT AND LEVEL,DRY,NO DEFECTS,NOT ON SCENE (DESK REPORT),INJURY AND / OR TOW DUE TO CRASH,Y,,,"$501 - $1,500",9/18/2019 20:16,UNABLE TO DETERMINE,NOT APPLICABLE,7005,W,BELMONT AVE,2511,,,,,,,2,"REPORTED, NOT EVIDENT",2,0,0,0,2,1,0,18,4,9,41.93796445,-87.801452,POINT (-87.801452003453 41.937964445285)
JC438977,,9/18/2019 18:45,30,STOP SIGN/FLASHER,FUNCTIONING PROPERLY,CLEAR,DUSK,REAR END,FOUR WAY,,STRAIGHT AND LEVEL,DRY,NO DEFECTS,NOT ON SCENE (DESK REPORT),NO INJURY / DRIVE AWAY,Y,,,"OVER $1,500",9/18/2019 19:15,DISTRACTION - FROM INSIDE VEHICLE,DISTRACTION - FROM OUTSIDE VEHICLE,99,E,HURON ST,1834,Y,,,,,,2,NO INDICATION OF INJURY,0,0,0,0,0,2,0,18,4,9,41.89481149,-87.62552226,POINT (-87.625522255879 41.89481149296)
JC438956,,9/18/2019 18:45,30,NO CONTROLS,NO CONTROLS,CLEAR,DAYLIGHT,ANGLE,NOT DIVIDED,,STRAIGHT AND LEVEL,DRY,NO DEFECTS,NOT ON SCENE (DESK REPORT),INJURY AND / OR TOW DUE TO CRASH,,,,"OVER $1,500",9/18/2019 19:03,UNABLE TO DETERMINE,NOT APPLICABLE,826,W,VAN BUREN ST,1232,,,,,,,2,"REPORTED, NOT EVIDENT",3,0,0,0,3,4,0,18,4,9,41.87676539,-87.64831232,POINT (-87.64831232096 41.876765392168)
JC438960,,9/18/2019 18:42,15,STOP SIGN/FLASHER,FUNCTIONING PROPERLY,CLEAR,DAYLIGHT,ANGLE,FOUR WAY,,STRAIGHT AND LEVEL,DRY,NO DEFECTS,ON SCENE,INJURY AND / OR TOW DUE TO CRASH,Y,,,"OVER $1,500",9/18/2019 18:47,FAILING TO YIELD RIGHT-OF-WAY,NOT APPLICABLE,5300,S,MASON AVE,811,,,,,,,2,"REPORTED, NOT EVIDENT",1,0,0,0,1,1,0,18,4,9,41.79617091,-87.77109934,POINT (-87.771099342536 41.796170912343)
JC438959,,9/18/2019 18:40,30,TRAFFIC SIGNAL,FUNCTIONING PROPERLY,CLEAR,DAYLIGHT,SIDESWIPE SAME DIRECTION,DIVIDED - W/MEDIAN (NOT RAISED),,STRAIGHT AND LEVEL,DRY,NO DEFECTS,ON SCENE,NO INJURY / DRIVE AWAY,Y,,,"OVER $1,500",9/18/2019 18:43,DRIVING SKILLS/KNOWLEDGE/EXPERIENCE,UNABLE TO DETERMINE,1558,W,NORTH AVE,1433,,,,,,,2,NO INDICATION OF INJURY,0,0,0,0,0,4,0,18,4,9,41.91074092,-87.66763486,POINT (-87.667634856615 41.910740920066)
JC440438,,9/18/2019 18:30,30,NO CONTROLS,NO CONTROLS,CLEAR,DARKNESS,PARKED MOTOR VEHICLE,ONE-WAY,,STRAIGHT AND LEVEL,DRY,NO DEFECTS,NOT ON SCENE (DESK REPORT),NO INJURY / DRIVE AWAY,,,Y,"OVER $1,500",9/19/2019 19:57,UNABLE TO DETERMINE,NOT APPLICABLE,4900,W,QUINCY ST,1533,,,,,,,2,NO INDICATION OF INJURY,0,0,0,0,0,1,0,18,4,9,41.87777176,-87.74750021,POINT (-87.747500205336 41.877771757303)
JC439062,,9/18/2019 18:30,30,TRAFFIC SIGNAL,FUNCTIONING PROPERLY,CLEAR,DAYLIGHT,REAR END,NOT DIVIDED,,STRAIGHT AND LEVEL,DRY,NO DEFECTS,NOT ON SCENE (DESK REPORT),NO INJURY / DRIVE AWAY,,,,"OVER $1,500",9/18/2019 20:15,"OPERATING VEHICLE IN ERRATIC, RECKLESS, CARELESS, NEGLIGENT OR AGGRESSIVE MANNER",UNABLE TO DETERMINE,10258,S,WENTWORTH AVE,511,,,,,,,2,NO INDICATION OF INJURY,0,0,0,0,0,2,0,18,4,9,41.70718853,-87.62846649,POINT (-87.628466492032 41.707188534249)
JC438952,,9/18/2019 18:26,30,NO CONTROLS,NO CONTROLS,CLEAR,DAYLIGHT,SIDESWIPE SAME DIRECTION,DIVIDED - W/MEDIAN (NOT RAISED),,STRAIGHT AND LEVEL,DRY,NO DEFECTS,ON SCENE,NO INJURY / DRIVE AWAY,,,,"$501 - $1,500",9/18/2019 18:26,IMPROPER OVERTAKING/PASSING,NOT APPLICABLE,3900,S,LAKE PARK AVE,212,,,,,,,3,NO INDICATION OF INJURY,0,0,0,0,0,4,0,18,4,9,41.82489702,-87.60400388,POINT (-87.604003881725 41.824897021859)
JC438947,,9/18/2019 18:20,30,TRAFFIC SIGNAL,FUNCTIONING PROPERLY,CLEAR,DAYLIGHT,TURNING,FOUR WAY,,STRAIGHT AND LEVEL,DRY,NO DEFECTS,ON SCENE,INJURY AND / OR TOW DUE TO CRASH,Y,,,"OVER $1,500",9/18/2019 18:40,UNABLE TO DETERMINE,NOT APPLICABLE,1333,W,DIVISION ST,1213,,,,,,,2,NONINCAPACITATING INJURY,1,0,0,1,0,1,0,18,4,9,41.90331735,-87.6618512,POINT (-87.661851200532 41.903317345372)
JC438991,,9/18/2019 18:15,35,NO CONTROLS,NO CONTROLS,CLEAR,DAYLIGHT,REAR END,NOT DIVIDED,,STRAIGHT AND LEVEL,DRY,NO DEFECTS,NOT ON SCENE (DESK REPORT),NO INJURY / DRIVE AWAY,,,,"$501 - $1,500",9/18/2019 19:26,FAILING TO REDUCE SPEED TO AVOID CRASH,NOT APPLICABLE,4506,W,63RD ST,813,,,,,,,2,NO INDICATION OF INJURY,0,0,0,0,0,2,0,18,4,9,41.7786219,-87.73530382,POINT (-87.735303822613 41.77862189843)
JC438888,,9/18/2019 18:10,35,STOP SIGN/FLASHER,FUNCTIONING PROPERLY,CLEAR,DAYLIGHT,REAR END,NOT DIVIDED,,STRAIGHT AND LEVEL,DRY,NO DEFECTS,ON SCENE,NO INJURY / DRIVE AWAY,,,,"$501 - $1,500",9/18/2019 18:15,FOLLOWING TOO CLOSELY,UNABLE TO DETERMINE,10300,S,AVENUE J,432,,,,,,,2,NO INDICATION OF INJURY,0,0,0,0,0,2,0,18,4,9,41.708126,-87.53422535,POINT (-87.53422535324 41.708126002753)
JC438961,,9/18/2019 18:05,30,STOP SIGN/FLASHER,FUNCTIONING PROPERLY,CLEAR,DUSK,ANGLE,FOUR WAY,,STRAIGHT AND LEVEL,DRY,NO DEFECTS,ON SCENE,INJURY AND / OR TOW DUE TO CRASH,Y,,,"OVER $1,500",9/18/2019 18:10,FAILING TO YIELD RIGHT-OF-WAY,UNABLE TO DETERMINE,200,N,FRANCISCO AVE,1222,,,,,,,2,NO INDICATION OF INJURY,0,0,0,0,0,3,0,18,4,9,41.88421902,-87.69898101,POINT (-87.698981005286 41.884219020817)
JC438912,,9/18/2019 18:05,20,NO CONTROLS,NO CONTROLS,CLEAR,DAYLIGHT,PEDESTRIAN,NOT DIVIDED,,STRAIGHT AND LEVEL,DRY,NO DEFECTS,,INJURY AND / OR TOW DUE TO CRASH,,,,$500 OR LESS,9/18/2019 18:05,NOT APPLICABLE,NOT APPLICABLE,12151,S,ADA ST,524,,,,,,,,,,,,,,,,18,4,9,41.67239428,-87.6549823,POINT (-87.654982296424 41.672394280596)
JC456137,,9/18/2019 18:00,15,NO CONTROLS,NO CONTROLS,CLEAR,DAYLIGHT,FIXED OBJECT,ALLEY,,STRAIGHT AND LEVEL,DRY,NO DEFECTS,NOT ON SCENE (DESK REPORT),NO INJURY / DRIVE AWAY,,,Y,"$501 - $1,500",10/1/2019 18:35,IMPROPER BACKING,IMPROPER BACKING,5227,S,CHRISTIANA AVE,822,,,,,,,1,NO INDICATION OF INJURY,0,0,0,0,0,1,0,18,4,9,41.79811738,-87.70721894,POINT (-87.707218942514 41.798117381951)
JC440089,,9/18/2019 18:00,30,NO CONTROLS,NO CONTROLS,CLEAR,DAWN,REAR END,DIVIDED - W/MEDIAN BARRIER,,STRAIGHT AND LEVEL,DRY,UNKNOWN,NOT ON SCENE (DESK REPORT),NO INJURY / DRIVE AWAY,,,Y,"$501 - $1,500",9/19/2019 16:35,FOLLOWING TOO CLOSELY,FOLLOWING TOO CLOSELY,400,S,MICHIGAN AVE,113,,,,,,,2,NO INDICATION OF INJURY,0,0,0,0,0,2,0,18,4,9,41.87693801,-87.62443662,POINT (-87.624436617945 41.876938011523)
JC438932,,9/18/2019 18:00,30,TRAFFIC SIGNAL,UNKNOWN,CLEAR,DAYLIGHT,REAR END,NOT DIVIDED,,STRAIGHT AND LEVEL,DRY,UNKNOWN,NOT ON SCENE (DESK REPORT),NO INJURY / DRIVE AWAY,,,Y,"$501 - $1,500",9/18/2019 18:29,UNABLE TO DETERMINE,UNABLE TO DETERMINE,8301,S,COMMERCIAL AVE,424,,,,,,,2,NO INDICATION OF INJURY,0,0,0,0,0,4,0,18,4,9,41.74460148,-87.5512692,POINT (-87.551269202245 41.74460147844)
JC438904,,9/18/2019 18:00,30,STOP SIGN/FLASHER,UNKNOWN,CLEAR,DAYLIGHT,TURNING,NOT DIVIDED,,STRAIGHT AND LEVEL,UNKNOWN,UNKNOWN,NOT ON SCENE (DESK REPORT),NO INJURY / DRIVE AWAY,Y,,,"OVER $1,500",9/18/2019 18:15,FAILING TO YIELD RIGHT-OF-WAY,NOT APPLICABLE,4023,S,ARCHER AVE,921,,,,,,,2,NO INDICATION OF INJURY,0,0,0,0,0,4,0,18,4,9,41.82058304,-87.69342617,POINT (-87.693426165962 41.820583040659)
JC438887,,9/18/2019 17:56,30,NO CONTROLS,NO CONTROLS,CLEAR,DAYLIGHT,PEDALCYCLIST,DIVIDED - W/MEDIAN (NOT RAISED),,STRAIGHT AND LEVEL,DRY,NO DEFECTS,ON SCENE,INJURY AND / OR TOW DUE TO CRASH,,,,"OVER $1,500",9/18/2019 18:02,IMPROPER TURNING/NO SIGNAL,FAILING TO YIELD RIGHT-OF-WAY,1029,W,WEBSTER AVE,1811,,,,,,,2,NONINCAPACITATING INJURY,1,0,0,1,0,1,0,17,4,9,41.92161062,-87.65463971,POINT (-87.654639704546 41.92161061848)
JC440025,,9/18/2019 17:55,30,NO CONTROLS,NO CONTROLS,CLEAR,DAYLIGHT,TURNING,DIVIDED - W/MEDIAN (NOT RAISED),,STRAIGHT AND LEVEL,DRY,NO DEFECTS,NOT ON SCENE (DESK REPORT),NO INJURY / DRIVE AWAY,,,,"OVER $1,500",9/19/2019 15:55,IMPROPER TURNING/NO SIGNAL,IMPROPER OVERTAKING/PASSING,17,S,STATE ST,112,,,,,,,2,NO INDICATION OF INJURY,0,0,0,0,0,3,0,17,4,9,41.88159095,-87.62761141,POINT (-87.627611410945 41.881590950114)
JC439082,,9/18/2019 17:55,30,NO CONTROLS,NO CONTROLS,CLEAR,DARKNESS,TURNING,NOT DIVIDED,,STRAIGHT AND LEVEL,DRY,NO DEFECTS,NOT ON SCENE (DESK REPORT),NO INJURY / DRIVE AWAY,,,,"OVER $1,500",9/18/2019 20:30,UNABLE TO DETERMINE,UNABLE TO DETERMINE,1520,W,NORTH AVE,1433,,,,,,,2,NO INDICATION OF INJURY,0,0,0,0,0,2,0,17,4,9,41.91076195,-87.666121,POINT (-87.666120995872 41.910761948707)
JC438924,,9/18/2019 17:55,15,NO CONTROLS,NO CONTROLS,CLEAR,DAYLIGHT,ANGLE,ALLEY,,STRAIGHT AND LEVEL,DRY,NO DEFECTS,ON SCENE,NO INJURY / DRIVE AWAY,,,,"OVER $1,500",9/18/2019 18:03,UNABLE TO DETERMINE,UNABLE TO DETERMINE,2840,W,FOSTER AVE,2011,,,,,,,2,NO INDICATION OF INJURY,0,0,0,0,0,3,0,17,4,9,41.97591599,-87.70055645,POINT (-87.700556447481 41.975915987418)
JC438915,,9/18/2019 17:55,30,NO CONTROLS,NO CONTROLS,CLEAR,DAYLIGHT,REAR END,NOT DIVIDED,,STRAIGHT AND LEVEL,DRY,NO DEFECTS,NOT ON SCENE (DESK REPORT),NO INJURY / DRIVE AWAY,Y,,,"OVER $1,500",9/18/2019 18:20,UNABLE TO DETERMINE,NOT APPLICABLE,2923,N,CALIFORNIA AVE,1411,,,,,,,2,NO INDICATION OF INJURY,0,0,0,0,0,2,0,17,4,9,41.9346892,-87.69754719,POINT (-87.697547191107 41.934689199351)
JC438894,,9/18/2019 17:50,30,NO CONTROLS,NO CONTROLS,CLEAR,DAYLIGHT,REAR END,NOT DIVIDED,,STRAIGHT AND LEVEL,DRY,NO DEFECTS,ON SCENE,INJURY AND / OR TOW DUE TO CRASH,,,,"OVER $1,500",9/18/2019 17:56,FAILING TO REDUCE SPEED TO AVOID CRASH,FOLLOWING TOO CLOSELY,656,N,CENTRAL AVE,1511,,,,,,,3,NONINCAPACITATING INJURY,1,0,0,1,0,3,0,17,4,9,41.89277494,-87.76546152,POINT (-87.765461523145 41.892774938216)
JC438881,,9/18/2019 17:50,30,NO CONTROLS,NO CONTROLS,CLEAR,DAYLIGHT,SIDESWIPE SAME DIRECTION,NOT DIVIDED,,STRAIGHT AND LEVEL,DRY,NO DEFECTS,ON SCENE,NO INJURY / DRIVE AWAY,,,,"OVER $1,500",9/18/2019 17:55,FAILING TO YIELD RIGHT-OF-WAY,NOT APPLICABLE,5788,N,LINCOLN AVE,2011,,,,,,,2,NO INDICATION OF INJURY,0,0,0,0,0,3,0,17,4,9,41.98662898,-87.70129495,POINT (-87.701294953612 41.986628980968)
JC439024,,9/18/2019 17:45,30,TRAFFIC SIGNAL,FUNCTIONING PROPERLY,CLEAR,"DARKNESS, LIGHTED ROAD",SIDESWIPE SAME DIRECTION,DIVIDED - W/MEDIAN (NOT RAISED),,STRAIGHT AND LEVEL,DRY,NO DEFECTS,ON SCENE,NO INJURY / DRIVE AWAY,Y,,,"OVER $1,500",9/18/2019 17:46,IMPROPER LANE USAGE,NOT APPLICABLE,3602,N,MILWAUKEE AVE,1731,,,,,,,2,NO INDICATION OF INJURY,0,0,0,0,0,4,0,17,4,9,41.94626948,-87.73586358,POINT (-87.735863580886 41.946269482831)
JC438903,,9/18/2019 17:41,30,NO CONTROLS,NO CONTROLS,CLEAR,DAYLIGHT,TURNING,DIVIDED - W/MEDIAN (NOT RAISED),,STRAIGHT AND LEVEL,DRY,NO DEFECTS,ON SCENE,INJURY AND / OR TOW DUE TO CRASH,Y,,,"OVER $1,500",9/18/2019 17:41,FAILING TO YIELD RIGHT-OF-WAY,NOT APPLICABLE,6099,N,LEGETT AVE,1621,,,,,,,2,NO INDICATION OF INJURY,0,0,0,0,0,2,0,17,4,9,41.99183784,-87.75512811,POINT (-87.755128112072 41.991837837484)
JC438877,,9/18/2019 17:41,30,STOP SIGN/FLASHER,FUNCTIONING PROPERLY,CLEAR,DAYLIGHT,ANGLE,NOT DIVIDED,,STRAIGHT AND LEVEL,DRY,NO DEFECTS,ON SCENE,INJURY AND / OR TOW DUE TO CRASH,Y,,Y,"$501 - $1,500",9/18/2019 17:56,FAILING TO YIELD RIGHT-OF-WAY,NOT APPLICABLE,2658,N,OAK PARK AVE,2512,,,,,,,2,NO INDICATION OF INJURY,0,0,0,0,0,2,0,17,4,9,41.92896793,-87.79555451,POINT (-87.795554512122 41.928967930988)
JC438919,,9/18/2019 17:40,30,UNKNOWN,UNKNOWN,CLEAR,DAYLIGHT,REAR END,NOT DIVIDED,,STRAIGHT AND LEVEL,UNKNOWN,UNKNOWN,NOT ON SCENE (DESK REPORT),NO INJURY / DRIVE AWAY,,,,"OVER $1,500",9/19/2019 16:00,"VISION OBSCURED (SIGNS, TREE LIMBS, BUILDINGS, ETC.)",NOT APPLICABLE,334,E,76TH ST,623,,,,,,,2,NO INDICATION OF INJURY,0,0,0,0,0,2,0,17,4,9,41.7566628,-87.6167494,POINT (-87.616749401284 41.756662799315)
JC438908,,9/18/2019 17:40,30,OTHER,NO CONTROLS,CLEAR,DAYLIGHT,PEDESTRIAN,NOT DIVIDED,,STRAIGHT AND LEVEL,DRY,NO DEFECTS,ON SCENE,INJURY AND / OR TOW DUE TO CRASH,Y,,,$500 OR LESS,9/18/2019 17:42,UNABLE TO DETERMINE,DISREGARDING ROAD MARKINGS,628,N,CICERO AVE,1532,,,,,,,3,NONINCAPACITATING INJURY,3,0,0,2,1,0,0,17,4,9,41.89222107,-87.74585804,POINT (-87.74585803975 41.89222107015)
JC438870,,9/18/2019 17:40,30,NO CONTROLS,NO CONTROLS,CLEAR,DAYLIGHT,SIDESWIPE OPPOSITE DIRECTION,NOT DIVIDED,,STRAIGHT AND LEVEL,DRY,NO DEFECTS,ON SCENE,NO INJURY / DRIVE AWAY,,,,"OVER $1,500",9/18/2019 17:45,UNABLE TO DETERMINE,UNABLE TO DETERMINE,5531,S,ELLIS AVE,235,,,,,,,2,NO INDICATION OF INJURY,0,0,0,0,0,2,0,17,4,9,41.79409226,-87.60121702,POINT (-87.601217015551 41.794092258818)
JC438826,,9/18/2019 17:32,30,TRAFFIC SIGNAL,FUNCTIONING PROPERLY,CLEAR,DAYLIGHT,PEDESTRIAN,FOUR WAY,,STRAIGHT AND LEVEL,DRY,NO DEFECTS,ON SCENE,INJURY AND / OR TOW DUE TO CRASH,Y,,,"$501 - $1,500",9/18/2019 17:32,DRIVING SKILLS/KNOWLEDGE/EXPERIENCE,UNABLE TO DETERMINE,1700,N,CLARK ST,1814,,,,,,,2,NONINCAPACITATING INJURY,1,0,0,1,0,1,0,17,4,9,41.91309459,-87.63296822,POINT (-87.63296822322 41.913094591765)
JC439409,,9/18/2019 17:30,30,NO CONTROLS,NO CONTROLS,CLEAR,DAYLIGHT,SIDESWIPE SAME DIRECTION,NOT DIVIDED,,STRAIGHT AND LEVEL,DRY,NO DEFECTS,NOT ON SCENE (DESK REPORT),NO INJURY / DRIVE AWAY,,,,"$501 - $1,500",9/19/2019 9:00,IMPROPER OVERTAKING/PASSING,IMPROPER TURNING/NO SIGNAL,2358,W,35TH ST,911,,,,,,,2,NO INDICATION OF INJURY,0,0,0,0,0,2,0,17,4,9,41.8303915,-87.68500792,POINT (-87.685007923015 41.830391497852)
JC438905,,9/18/2019 17:30,30,NO CONTROLS,NO CONTROLS,SNOW,DAYLIGHT,SIDESWIPE SAME DIRECTION,NOT DIVIDED,,STRAIGHT AND LEVEL,DRY,NO DEFECTS,ON SCENE,NO INJURY / DRIVE AWAY,,,,"OVER $1,500",9/18/2019 17:37,IMPROPER LANE USAGE,FAILING TO REDUCE SPEED TO AVOID CRASH,5815,W,IRVING PARK RD,1633,,,,,,,2,NO INDICATION OF INJURY,0,0,0,0,0,2,0,17,4,9,41.95299994,-87.77249898,POINT (-87.77249897675 41.95299993687)
JC438859,,9/18/2019 17:30,30,UNKNOWN,UNKNOWN,UNKNOWN,UNKNOWN,REAR END,UNKNOWN,,STRAIGHT AND LEVEL,UNKNOWN,UNKNOWN,NOT ON SCENE (DESK REPORT),NO INJURY / DRIVE AWAY,,,Y,"OVER $1,500",9/18/2019 18:00,UNABLE TO DETERMINE,NOT APPLICABLE,3599,N,MILWAUKEE AVE,1731,,,,,,,2,NO INDICATION OF INJURY,0,0,0,0,0,3,0,17,4,9,41.94632681,-87.73549144,POINT (-87.735491434638 41.946326807103)
JC438852,,9/18/2019 17:30,30,NO CONTROLS,NO CONTROLS,CLEAR,DAYLIGHT,SIDESWIPE SAME DIRECTION,NOT DIVIDED,,STRAIGHT AND LEVEL,DRY,NO DEFECTS,NOT ON SCENE (DESK REPORT),NO INJURY / DRIVE AWAY,,,,"$501 - $1,500",9/18/2019 17:58,UNABLE TO DETERMINE,UNABLE TO DETERMINE,1700,W,DIVISION ST,1424,,,,,,,2,NO INDICATION OF INJURY,0,0,0,0,0,2,0,17,4,9,41.90340737,-87.67046561,POINT (-87.670465613518 41.903407374175)
JC438902,,9/18/2019 17:22,30,NO CONTROLS,UNKNOWN,CLEAR,DAYLIGHT,FIXED OBJECT,NOT DIVIDED,,STRAIGHT AND LEVEL,DRY,NO DEFECTS,ON SCENE,INJURY AND / OR TOW DUE TO CRASH,,,,"OVER $1,500",9/18/2019 17:35,UNDER THE INFLUENCE OF ALCOHOL/DRUGS (USE WHEN ARREST IS EFFECTED),NOT APPLICABLE,3700,W,LAKE ST,1122,,,,,,,1,NO INDICATION OF INJURY,0,0,0,0,0,1,0,17,4,9,41.88517972,-87.71861396,POINT (-87.718613964493 41.885179722738)
JC438860,,9/18/2019 17:22,30,TRAFFIC SIGNAL,FUNCTIONING PROPERLY,CLEAR,DAYLIGHT,REAR END,NOT DIVIDED,,STRAIGHT AND LEVEL,DRY,UNKNOWN,,NO INJURY / DRIVE AWAY,,,,"OVER $1,500",9/18/2019 17:53,FOLLOWING TOO CLOSELY,NOT APPLICABLE,156,W,MADISON ST,122,,,,,,,2,NO INDICATION OF INJURY,0,0,0,0,0,2,0,17,4,9,41.88206743,-87.63260048,POINT (-87.632600482845 41.882067425498)
JC438880,,9/18/2019 17:20,35,STOP SIGN/FLASHER,FUNCTIONING PROPERLY,CLEAR,DAYLIGHT,REAR END,NOT DIVIDED,,STRAIGHT AND LEVEL,DRY,NO DEFECTS,NOT ON SCENE (DESK REPORT),NO INJURY / DRIVE AWAY,,,N,$500 OR LESS,9/18/2019 17:45,FOLLOWING TOO CLOSELY,NOT APPLICABLE,1701,E,79TH ST,414,,,,,,,2,NO INDICATION OF INJURY,0,0,0,0,0,2,0,17,4,9,41.75141054,-87.5828493,POINT (-87.582849303703 41.751410543107)
JC438825,,9/18/2019 17:16,30,STOP SIGN/FLASHER,FUNCTIONING PROPERLY,CLEAR,DAYLIGHT,PEDALCYCLIST,NOT DIVIDED,,STRAIGHT AND LEVEL,DRY,NO DEFECTS,ON SCENE,INJURY AND / OR TOW DUE TO CRASH,Y,,Y,"OVER $1,500",9/18/2019 17:18,UNABLE TO DETERMINE,NOT APPLICABLE,1202,W,CERMAK RD,1235,,,,,,,2,INCAPACITATING INJURY,1,0,1,0,0,1,0,17,4,9,41.8526014,-87.65640609,POINT (-87.656406091989 41.852601401933)
JC438867,,9/18/2019 17:15,30,TRAFFIC SIGNAL,FUNCTIONING PROPERLY,CLEAR,DAYLIGHT,TURNING,DIVIDED - W/MEDIAN (NOT RAISED),,STRAIGHT AND LEVEL,DRY,NO DEFECTS,ON SCENE,NO INJURY / DRIVE AWAY,,,,"OVER $1,500",9/18/2019 17:34,IMPROPER LANE USAGE,NOT APPLICABLE,201,W,CERMAK RD,914,,,,,,,2,NO INDICATION OF INJURY,0,0,0,0,0,4,0,17,4,9,41.85274018,-87.63214656,POINT (-87.632146555406 41.852740183338)
JC438833,,9/18/2019 17:15,30,NO CONTROLS,NO CONTROLS,CLEAR,DAYLIGHT,REAR TO FRONT,ONE-WAY,,STRAIGHT AND LEVEL,DRY,NO DEFECTS,ON SCENE,NO INJURY / DRIVE AWAY,,,Y,$500 OR LESS,9/18/2019 17:20,IMPROPER BACKING,PHYSICAL CONDITION OF DRIVER,5858,W,CORTLAND ST,2531,N,,,,,,2,NO INDICATION OF INJURY,0,0,0,0,0,3,0,17,4,9,41.91438718,-87.77262758,POINT (-87.772627578828 41.914387177379)
JC438819,,9/18/2019 17:15,30,NO CONTROLS,NO CONTROLS,CLEAR,DAYLIGHT,REAR END,NOT DIVIDED,,STRAIGHT AND LEVEL,DRY,NO DEFECTS,NOT ON SCENE (DESK REPORT),NO INJURY / DRIVE AWAY,Y,,,"OVER $1,500",9/18/2019 17:30,UNABLE TO DETERMINE,NOT APPLICABLE,3519,W,FULLERTON AVE,1413,,,,,,,3,NO INDICATION OF INJURY,0,0,0,0,0,2,0,17,4,9,41.92452317,-87.71459086,POINT (-87.714590860575 41.92452316696)
JC439070,,9/18/2019 17:10,30,NO CONTROLS,NO CONTROLS,CLEAR,DAYLIGHT,SIDESWIPE SAME DIRECTION,NOT DIVIDED,,STRAIGHT AND LEVEL,DRY,NO DEFECTS,NOT ON SCENE (DESK REPORT),NO INJURY / DRIVE AWAY,,,Y,"$501 - $1,500",9/18/2019 20:00,UNABLE TO DETERMINE,UNABLE TO DETERMINE,4303,W,FULLERTON AVE,2522,,,,,,,2,NO INDICATION OF INJURY,0,0,0,0,0,2,0,17,4,9,41.92428482,-87.73425547,POINT (-87.734255469118 41.924284822943)
JC438828,,9/18/2019 17:10,30,NO CONTROLS,NO CONTROLS,CLEAR,DAYLIGHT,SIDESWIPE SAME DIRECTION,NOT DIVIDED,,STRAIGHT AND LEVEL,DRY,NO DEFECTS,NOT ON SCENE (DESK REPORT),NO INJURY / DRIVE AWAY,,,,"OVER $1,500",9/18/2019 17:35,UNABLE TO DETERMINE,NOT APPLICABLE,233,S,WACKER DR,122,,,,,,,2,NO INDICATION OF INJURY,0,0,0,0,0,2,0,17,4,9,41.87856015,-87.63652387,POINT (-87.636523872055 41.878560153624)
JC438794,,9/18/2019 17:10,30,NO CONTROLS,NO CONTROLS,CLEAR,DAYLIGHT,SIDESWIPE SAME DIRECTION,DIVIDED - W/MEDIAN (NOT RAISED),,STRAIGHT AND LEVEL,DRY,NO DEFECTS,ON SCENE,NO INJURY / DRIVE AWAY,,,Y,"$501 - $1,500",9/18/2019 17:14,NOT APPLICABLE,NOT APPLICABLE,2714,W,PETERSON AVE,2413,,,,,,,2,NO INDICATION OF INJURY,0,0,0,0,0,2,0,17,4,9,41.99056173,-87.69761715,POINT (-87.697617150763 41.990561733378)
JC438785,,9/18/2019 17:05,30,NO CONTROLS,NO CONTROLS,CLEAR,DAYLIGHT,ANGLE,PARKING LOT,,STRAIGHT AND LEVEL,DRY,NO DEFECTS,ON SCENE,NO INJURY / DRIVE AWAY,,Y,,"OVER $1,500",9/18/2019 17:07,FAILING TO YIELD RIGHT-OF-WAY,NOT APPLICABLE,5679,N,MILWAUKEE AVE,1622,,,,,,,2,NO INDICATION OF INJURY,0,0,0,0,0,3,0,17,4,9,41.98492913,-87.77601236,POINT (-87.776012355904 41.98492913391)