RD_NO,CRASH_DATE_EST_I,CRASH_DATE,POSTED_SPEED_LIMIT,TRAFFIC_CONTROL_DEVICE,DEVICE_CONDITION,WEATHER_CONDITION,LIGHTING_CONDITION,FIRST_CRASH_TYPE,TRAFFICWAY_TYPE,LANE_CNT,ALIGNMENT,ROADWAY_SURFACE_COND,ROAD_DEFECT,REPORT_TYPE,CRASH_TYPE,INTERSECTION_RELATED_I,NOT_RIGHT_OF_WAY_I,HIT_AND_RUN_I,DAMAGE,DATE_POLICE_NOTIFIED,PRIM_CONTRIBUTORY_CAUSE,SEC_CONTRIBUTORY_CAUSE,STREET_NO,STREET_DIRECTION,STREET_NAME,BEAT_OF_OCCURRENCE,PHOTOS_TAKEN_I,STATEMENTS_TAKEN_I,DOORING_I,WORK_ZONE_I,WORK_ZONE_TYPE,WORKERS_PRESENT_I,NUM_UNITS,MOST_SEVERE_INJURY,INJURIES_TOTAL,INJURIES_FATAL,INJURIES_INCAPACITATING,INJURIES_NON_INCAPACITATING,INJURIES_REPORTED_NOT_EVIDENT,INJURIES_NO_INDICATION,INJURIES_UNKNOWN,CRASH_HOUR,CRASH_DAY_OF_WEEK,CRASH_MONTH,LATITUDE,LONGITUDE,LOCATION
JC456077,,9/18/2019 17:00,30,NO CONTROLS,NO CONTROLS,CLEAR,DAYLIGHT,FIXED OBJECT,NOT DIVIDED,,STRAIGHT AND LEVEL,UNKNOWN,UNKNOWN,NOT ON SCENE (DESK REPORT),NO INJURY / DRIVE AWAY,,,,$500 OR LESS,10/1/2019 17:45,ROAD CONSTRUCTION/MAINTENANCE,ROAD CONSTRUCTION/MAINTENANCE,4750,N,SHERIDAN RD,1914,,,,,,,1,NO INDICATION OF INJURY,0,0,0,0,0,1,0,17,4,9,41.96875259,-87.65496326,POINT (-87.65496326268 41.968752589919)
JC439023,,9/18/2019 17:00,30,TRAFFIC SIGNAL,FUNCTIONING PROPERLY,CLEAR,DAYLIGHT,REAR END,NOT DIVIDED,,STRAIGHT AND LEVEL,DRY,NO DEFECTS,NOT ON SCENE (DESK REPORT),NO INJURY / DRIVE AWAY,,,,"OVER $1,500",9/18/2019 19:53,UNABLE TO DETERMINE,NOT APPLICABLE,5350,S,CENTRAL AVE,811,,,,,,,2,NO INDICATION OF INJURY,0,0,0,0,0,4,0,17,4,9,41.7949731,-87.76252359,POINT (-87.762523588221 41.794973104228)
JC438907,,9/18/2019 17:00,30,TRAFFIC SIGNAL,FUNCTIONING PROPERLY,CLEAR,DAYLIGHT,REAR END,NOT DIVIDED,,STRAIGHT ON GRADE,DRY,NO DEFECTS,NOT ON SCENE (DESK REPORT),NO INJURY / DRIVE AWAY,,,,"OVER $1,500",9/18/2019 18:00,EQUIPMENT - VEHICLE CONDITION,UNABLE TO DETERMINE,3860,S,ARCHER AVE,911,,,,,,,2,NO INDICATION OF INJURY,0,0,0,0,0,2,0,17,4,9,41.82340408,-87.6892981,POINT (-87.689298102004 41.823404081234)
JC438846,,9/18/2019 17:00,5,NO CONTROLS,NO CONTROLS,CLEAR,DAYLIGHT,REAR END,UNKNOWN,,STRAIGHT AND LEVEL,DRY,OTHER,ON SCENE,NO INJURY / DRIVE AWAY,,Y,,$500 OR LESS,9/18/2019 17:40,"OPERATING VEHICLE IN ERRATIC, RECKLESS, CARELESS, NEGLIGENT OR AGGRESSIVE MANNER",IMPROPER BACKING,9070,S,SOUTH CHICAGO AVE,423,,,,,,,2,NO INDICATION OF INJURY,0,0,0,0,0,1,0,17,4,9,41.73036537,-87.55642514,POINT (-87.556425144427 41.730365374424)
JC438772,,9/18/2019 17:00,30,NO CONTROLS,NO CONTROLS,CLEAR,DAYLIGHT,REAR END,DIVIDED - W/MEDIAN BARRIER,,STRAIGHT AND LEVEL,DRY,NO DEFECTS,ON SCENE,INJURY AND / OR TOW DUE TO CRASH,,,,"OVER $1,500",9/18/2019 17:01,FAILING TO REDUCE SPEED TO AVOID CRASH,NOT APPLICABLE,2431,W,31ST BLVD,1034,,,,,,,2,NO INDICATION OF INJURY,0,0,0,0,0,2,0,17,4,9,41.83850505,-87.68610689,POINT (-87.686106888083 41.838505044899)
JC438758,,9/18/2019 17:00,30,TRAFFIC SIGNAL,UNKNOWN,UNKNOWN,DAYLIGHT,REAR END,NOT DIVIDED,,STRAIGHT AND LEVEL,UNKNOWN,UNKNOWN,NOT ON SCENE (DESK REPORT),INJURY AND / OR TOW DUE TO CRASH,,,,"$501 - $1,500",9/18/2019 17:10,UNABLE TO DETERMINE,UNABLE TO DETERMINE,5155,N,CICERO AVE,1712,,,,,,,2,"REPORTED, NOT EVIDENT",3,0,0,0,3,2,0,17,4,9,41.97514293,-87.74783746,POINT (-87.747837463491 41.975142924699)
JC439149,,9/18/2019 16:50,15,NO CONTROLS,NO CONTROLS,CLEAR,DUSK,PARKED MOTOR VEHICLE,PARKING LOT,,STRAIGHT AND LEVEL,DRY,NO DEFECTS,NOT ON SCENE (DESK REPORT),NO INJURY / DRIVE AWAY,,,Y,"OVER $1,500",9/18/2019 22:00,UNABLE TO DETERMINE,UNABLE TO DETERMINE,325,S,MICHIGAN AVE,114,,,,,,,2,,,,,,,,,16,4,9,41.87766756,-87.62415745,POINT (-87.624157452749 41.877667557581)
JC438790,,9/18/2019 16:50,30,NO CONTROLS,NO CONTROLS,CLEAR,DAYLIGHT,SIDESWIPE SAME DIRECTION,DIVIDED - W/MEDIAN (NOT RAISED),,STRAIGHT AND LEVEL,DRY,NO DEFECTS,ON SCENE,NO INJURY / DRIVE AWAY,,,,"OVER $1,500",9/18/2019 16:50,UNABLE TO DETERMINE,UNABLE TO DETERMINE,2350,W,IRVING PARK RD,1911,,,,,,,2,NO INDICATION OF INJURY,0,0,0,0,0,5,0,16,4,9,41.95412839,-87.68807155,POINT (-87.68807155123 41.954128390143)
JC438807,,9/18/2019 16:48,30,TRAFFIC SIGNAL,FUNCTIONING PROPERLY,CLEAR,DAYLIGHT,REAR END,NOT DIVIDED,,STRAIGHT AND LEVEL,DRY,NO DEFECTS,NOT ON SCENE (DESK REPORT),NO INJURY / DRIVE AWAY,,,Y,$500 OR LESS,9/18/2019 17:30,FOLLOWING TOO CLOSELY,NOT APPLICABLE,400,S,DAMEN AVE,1225,,,,,,,2,NO INDICATION OF INJURY,0,0,0,0,0,2,0,16,4,9,41.87618617,-87.67667397,POINT (-87.67667397249 41.876186166555)
JC438922,,9/18/2019 16:45,30,UNKNOWN,UNKNOWN,CLEAR,DAYLIGHT,PEDALCYCLIST,DIVIDED - W/MEDIAN (NOT RAISED),,STRAIGHT AND LEVEL,DRY,NO DEFECTS,NOT ON SCENE (DESK REPORT),NO INJURY / DRIVE AWAY,,,Y,"OVER $1,500",9/18/2019 18:30,UNABLE TO DETERMINE,UNABLE TO DETERMINE,1000,S,CLARK ST,123,,,,,,,2,NO INDICATION OF INJURY,0,0,0,0,0,2,0,16,4,9,41.8698488,-87.63065553,POINT (-87.630655526344 41.869848798097)
JC438913,,9/18/2019 16:45,35,NO CONTROLS,NO CONTROLS,CLEAR,DAYLIGHT,OTHER OBJECT,NOT DIVIDED,,STRAIGHT AND LEVEL,DRY,NO DEFECTS,NOT ON SCENE (DESK REPORT),NO INJURY / DRIVE AWAY,,,,$500 OR LESS,9/18/2019 18:45,UNABLE TO DETERMINE,UNABLE TO DETERMINE,6432,N,CENTRAL AVE,1621,,,,,,,1,NO INDICATION OF INJURY,0,0,0,0,0,1,0,16,4,9,41.99829322,-87.76359886,POINT (-87.763598858906 41.99829322122)
JC438753,,9/18/2019 16:42,30,TRAFFIC SIGNAL,FUNCTIONING PROPERLY,CLEAR,DAYLIGHT,REAR END,DIVIDED - W/MEDIAN (NOT RAISED),,STRAIGHT AND LEVEL,DRY,NO DEFECTS,ON SCENE,NO INJURY / DRIVE AWAY,,,,"$501 - $1,500",9/18/2019 16:43,UNABLE TO DETERMINE,NOT APPLICABLE,4010,W,NORTH AVE,2534,,,,,,,2,NO INDICATION OF INJURY,0,0,0,0,0,5,0,16,4,9,41.90998916,-87.72685397,POINT (-87.726853968924 41.909989160552)
JC438816,,9/18/2019 16:37,30,NO CONTROLS,NO CONTROLS,CLEAR,DAYLIGHT,PARKED MOTOR VEHICLE,PARKING LOT,,STRAIGHT AND LEVEL,DRY,NO DEFECTS,NOT ON SCENE (DESK REPORT),NO INJURY / DRIVE AWAY,,,Y,"$501 - $1,500",9/18/2019 17:34,UNABLE TO DETERMINE,UNABLE TO DETERMINE,123,N,CLARK ST,111,,,,,,,2,NO INDICATION OF INJURY,0,0,0,0,0,1,0,16,4,9,41.8837974,-87.63077268,POINT (-87.630772678898 41.883797401621)
JC438841,,9/18/2019 16:35,30,TRAFFIC SIGNAL,FUNCTIONING PROPERLY,CLEAR,DAYLIGHT,ANGLE,OTHER,,STRAIGHT AND LEVEL,DRY,NO DEFECTS,NOT ON SCENE (DESK REPORT),NO INJURY / DRIVE AWAY,,,,$500 OR LESS,9/18/2019 18:00,NOT APPLICABLE,NOT APPLICABLE,3200,W,79TH ST,835,,,,,,,2,NO INDICATION OF INJURY,0,0,0,0,0,2,0,16,4,9,41.749952,-87.70244848,POINT (-87.702448478087 41.749952001423)
JC438834,,9/18/2019 16:35,30,NO CONTROLS,NO CONTROLS,CLEAR,DAYLIGHT,SIDESWIPE SAME DIRECTION,DIVIDED - W/MEDIAN (NOT RAISED),,STRAIGHT AND LEVEL,DRY,NO DEFECTS,NOT ON SCENE (DESK REPORT),NO INJURY / DRIVE AWAY,,,Y,$500 OR LESS,9/18/2019 17:45,UNABLE TO DETERMINE,UNABLE TO DETERMINE,580,S,CENTRAL AVE,1513,,,,,,,2,NO INDICATION OF INJURY,0,0,0,0,0,3,0,16,4,9,41.87287286,-87.76473653,POINT (-87.76473653204 41.872872862496)
JC438768,,9/18/2019 16:35,30,TRAFFIC SIGNAL,FUNCTIONING PROPERLY,CLEAR,DAYLIGHT,REAR END,DIVIDED - W/MEDIAN (NOT RAISED),,STRAIGHT AND LEVEL,DRY,NO DEFECTS,ON SCENE,INJURY AND / OR TOW DUE TO CRASH,Y,,N,"OVER $1,500",9/18/2019 16:51,FAILING TO YIELD RIGHT-OF-WAY,FAILING TO REDUCE SPEED TO AVOID CRASH,1420,W,MONTROSE AVE,1913,,,,,,,3,NO INDICATION OF INJURY,0,0,0,0,0,3,0,16,4,9,41.96174498,-87.66590497,POINT (-87.665904973197 41.961744982289)
JC449071,,9/18/2019 16:30,30,TRAFFIC SIGNAL,FUNCTIONING PROPERLY,CLEAR,DAYLIGHT,REAR END,NOT DIVIDED,,STRAIGHT AND LEVEL,DRY,NO DEFECTS,NOT ON SCENE (DESK REPORT),NO INJURY / DRIVE AWAY,,,Y,"OVER $1,500",9/26/2019 11:10,FOLLOWING TOO CLOSELY,UNABLE TO DETERMINE,1702,W,103RD ST,2213,,,,,,,3,NO INDICATION OF INJURY,0,0,0,0,0,6,0,16,4,9,41.70676361,-87.6650275,POINT (-87.665027495232 41.706763609951)
JC439851,,9/18/2019 16:30,30,NO CONTROLS,NO CONTROLS,CLEAR,DAYLIGHT,PARKED MOTOR VEHICLE,ALLEY,,STRAIGHT AND LEVEL,DRY,NO DEFECTS,NOT ON SCENE (DESK REPORT),NO INJURY / DRIVE AWAY,,,,"$501 - $1,500",9/19/2019 13:52,UNABLE TO DETERMINE,UNABLE TO DETERMINE,4845,S,WESTERN AVE,922,,,,,,,2,NO INDICATION OF INJURY,0,0,0,0,0,1,0,16,4,9,41.80525376,-87.6842131,POINT (-87.684213098534 41.805253755552)
JC438981,,9/18/2019 16:30,35,NO CONTROLS,NO CONTROLS,CLEAR,DAYLIGHT,SIDESWIPE SAME DIRECTION,NOT DIVIDED,,"CURVE, LEVEL",DRY,NO DEFECTS,NOT ON SCENE (DESK REPORT),NO INJURY / DRIVE AWAY,,,,"OVER $1,500",9/18/2019 19:00,IMPROPER OVERTAKING/PASSING,UNABLE TO DETERMINE,6332,S,RICHARDS DR,331,,,,,,,2,NO INDICATION OF INJURY,0,0,0,0,0,2,0,16,4,9,41.77954471,-87.58006109,POINT (-87.580061093107 41.779544708665)
JC438971,,9/18/2019 16:30,30,TRAFFIC SIGNAL,FUNCTIONING PROPERLY,CLEAR,DAYLIGHT,SIDESWIPE SAME DIRECTION,NOT DIVIDED,,STRAIGHT AND LEVEL,DRY,NO DEFECTS,NOT ON SCENE (DESK REPORT),NO INJURY / DRIVE AWAY,,,,"OVER $1,500",9/18/2019 19:14,UNABLE TO DETERMINE,NOT APPLICABLE,2900,W,CERMAK RD,1022,,,,,,,2,NO INDICATION OF INJURY,0,0,0,0,0,2,0,16,4,9,41.85196251,-87.69915253,POINT (-87.699152530759 41.851962508985)
JC438844,,9/18/2019 16:30,35,STOP SIGN/FLASHER,FUNCTIONING PROPERLY,CLEAR,DAYLIGHT,TURNING,NOT DIVIDED,,STRAIGHT AND LEVEL,DRY,NO DEFECTS,NOT ON SCENE (DESK REPORT),NO INJURY / DRIVE AWAY,,,,"OVER $1,500",9/18/2019 17:46,UNABLE TO DETERMINE,NOT APPLICABLE,8300,S,HAMLIN AVE,834,,,,,,,2,NO INDICATION OF INJURY,0,0,0,0,0,4,0,16,4,9,41.74221185,-87.71695568,POINT (-87.716955675952 41.742211845598)
JC438747,,9/18/2019 16:28,30,TRAFFIC SIGNAL,FUNCTIONING PROPERLY,CLEAR,DAWN,REAR END,NOT DIVIDED,,STRAIGHT AND LEVEL,DRY,NO DEFECTS,NOT ON SCENE (DESK REPORT),NO INJURY / DRIVE AWAY,,,Y,"$501 - $1,500",9/18/2019 16:55,UNABLE TO DETERMINE,NOT APPLICABLE,3200,W,LAKE ST,1123,,,,,,,2,NO INDICATION OF INJURY,0,0,0,0,0,2,0,16,4,9,41.8844685,-87.70633792,POINT (-87.706337922043 41.884468503338)
JC438744,,9/18/2019 16:20,30,NO CONTROLS,NO CONTROLS,CLEAR,DAYLIGHT,SIDESWIPE SAME DIRECTION,NOT DIVIDED,,STRAIGHT AND LEVEL,DRY,NO DEFECTS,ON SCENE,INJURY AND / OR TOW DUE TO CRASH,,,,"OVER $1,500",9/18/2019 16:30,FAILING TO YIELD RIGHT-OF-WAY,NOT APPLICABLE,5834,N,LINCOLN AVE,2011,,,,,,,2,NO INDICATION OF INJURY,0,0,0,0,0,5,0,16,4,9,41.98742384,-87.7026323,POINT (-87.702632298911 41.987423837421)
JC438746,,9/18/2019 16:15,30,NO CONTROLS,NO CONTROLS,CLEAR,DAYLIGHT,TURNING,DIVIDED - W/MEDIAN (NOT RAISED),,STRAIGHT AND LEVEL,DRY,NO DEFECTS,ON SCENE,INJURY AND / OR TOW DUE TO CRASH,,,,"OVER $1,500",9/18/2019 16:15,UNABLE TO DETERMINE,UNABLE TO DETERMINE,9255,S,EWING AVE,424,,,,,,,2,NONINCAPACITATING INJURY,1,0,0,1,0,1,0,16,4,9,41.72763573,-87.54146776,POINT (-87.541467757378 41.727635729207)
JC438735,,9/18/2019 16:15,15,NO CONTROLS,NO CONTROLS,CLEAR,DAYLIGHT,PARKED MOTOR VEHICLE,PARKING LOT,,STRAIGHT AND LEVEL,DRY,NO DEFECTS,NOT ON SCENE (DESK REPORT),NO INJURY / DRIVE AWAY,,Y,,"$501 - $1,500",9/18/2019 16:56,IMPROPER BACKING,FAILING TO REDUCE SPEED TO AVOID CRASH,5301,W,LEXINGTON ST,1522,,,,,,,2,NO INDICATION OF INJURY,0,0,0,0,0,2,0,16,4,9,41.87090822,-87.75742782,POINT (-87.757427819415 41.870908219163)
JC438705,,9/18/2019 16:15,25,TRAFFIC SIGNAL,FUNCTIONING PROPERLY,CLEAR,DAYLIGHT,SIDESWIPE SAME DIRECTION,FOUR WAY,,STRAIGHT AND LEVEL,DRY,NO DEFECTS,NOT ON SCENE (DESK REPORT),NO INJURY / DRIVE AWAY,Y,,,"OVER $1,500",9/18/2019 16:20,IMPROPER OVERTAKING/PASSING,NOT APPLICABLE,1201,S,MICHIGAN AVE,132,,,,,,,2,NO INDICATION OF INJURY,0,0,0,0,0,2,0,16,4,9,41.86736837,-87.62398959,POINT (-87.623989586474 41.867368371822)
JC438721,,9/18/2019 16:09,30,NO CONTROLS,NO CONTROLS,CLEAR,DAYLIGHT,REAR END,DIVIDED - W/MEDIAN (NOT RAISED),,STRAIGHT AND LEVEL,DRY,NO DEFECTS,ON SCENE,INJURY AND / OR TOW DUE TO CRASH,,,Y,$500 OR LESS,9/18/2019 16:10,FOLLOWING TOO CLOSELY,UNABLE TO DETERMINE,2316,W,MADISON ST,1223,,,,,,,2,"REPORTED, NOT EVIDENT",2,0,0,0,2,3,0,16,4,9,41.88129842,-87.68470023,POINT (-87.684700228427 41.881298414762)
JC438832,,9/18/2019 16:04,10,NO CONTROLS,NO CONTROLS,CLEAR,DAYLIGHT,REAR TO SIDE,PARKING LOT,,STRAIGHT AND LEVEL,DRY,NO DEFECTS,NOT ON SCENE (DESK REPORT),NO INJURY / DRIVE AWAY,,,,"OVER $1,500",9/18/2019 17:43,UNABLE TO DETERMINE,NOT APPLICABLE,5829,S,ARCHER AVE,814,,,,,,,2,NO INDICATION OF INJURY,0,0,0,0,0,2,0,16,4,9,41.79601962,-87.75968337,POINT (-87.759683367185 41.796019624453)
JC438901,,9/18/2019 16:00,30,TRAFFIC SIGNAL,FUNCTIONING PROPERLY,CLEAR,DAYLIGHT,REAR END,NOT DIVIDED,,STRAIGHT AND LEVEL,DRY,NO DEFECTS,NOT ON SCENE (DESK REPORT),NO INJURY / DRIVE AWAY,,,,"OVER $1,500",9/18/2019 18:20,UNABLE TO DETERMINE,NOT APPLICABLE,3900,S,CALIFORNIA AVE,921,,,,,,,2,NO INDICATION OF INJURY,0,0,0,0,0,3,0,16,4,9,41.82274823,-87.69477729,POINT (-87.69477729328 41.822748227787)
JC438862,,9/18/2019 16:00,30,TRAFFIC SIGNAL,FUNCTIONING PROPERLY,CLEAR,DAYLIGHT,OTHER OBJECT,NOT DIVIDED,,STRAIGHT AND LEVEL,DRY,NO DEFECTS,NOT ON SCENE (DESK REPORT),NO INJURY / DRIVE AWAY,,,,"OVER $1,500",9/18/2019 17:55,UNABLE TO DETERMINE,UNABLE TO DETERMINE,1951,N,WESTERN AVE,1434,,,,,,,2,NO INDICATION OF INJURY,0,0,0,0,0,2,0,16,4,9,41.91710363,-87.68724877,POINT (-87.687248767006 41.917103631009)
JC438696,,9/18/2019 16:00,30,NO CONTROLS,NO CONTROLS,CLEAR,DAYLIGHT,REAR TO SIDE,PARKING LOT,,STRAIGHT AND LEVEL,UNKNOWN,UNKNOWN,NOT ON SCENE (DESK REPORT),NO INJURY / DRIVE AWAY,,Y,,"$501 - $1,500",9/18/2019 16:20,UNABLE TO DETERMINE,UNABLE TO DETERMINE,3019,W,PETERSON AVE,2011,,,,,,,2,NO INDICATION OF INJURY,0,0,0,0,0,2,0,16,4,9,41.99029969,-87.70513321,POINT (-87.705133213892 41.990299688692)
JC439743,,9/18/2019 15:57,30,NO CONTROLS,NO CONTROLS,CLEAR,DAYLIGHT,REAR END,NOT DIVIDED,,STRAIGHT AND LEVEL,DRY,UNKNOWN,NOT ON SCENE (DESK REPORT),NO INJURY / DRIVE AWAY,Y,,,"$501 - $1,500",9/18/2019 16:51,FOLLOWING TOO CLOSELY,NOT APPLICABLE,200,S,CICERO AVE,1533,,,,,,,2,NO INDICATION OF INJURY,0,0,0,0,0,2,0,15,4,9,41.87856596,-87.74535367,POINT (-87.74535367237 41.878565958181)
JC438693,,9/18/2019 15:51,30,NO CONTROLS,NO CONTROLS,CLEAR,DAYLIGHT,FIXED OBJECT,ONE-WAY,,STRAIGHT AND LEVEL,DRY,NO DEFECTS,ON SCENE,INJURY AND / OR TOW DUE TO CRASH,,,N,"OVER $1,500",9/18/2019 15:51,UNABLE TO DETERMINE,UNABLE TO DETERMINE,8729,S,EMERALD AVE,2223,,,,,,,1,NO INDICATION OF INJURY,0,0,0,0,0,6,0,15,4,9,41.73501486,-87.64222334,POINT (-87.642223341471 41.735014855618)
JC438708,,9/18/2019 15:50,20,STOP SIGN/FLASHER,NO CONTROLS,CLEAR,DAYLIGHT,PARKED MOTOR VEHICLE,NOT DIVIDED,,STRAIGHT AND LEVEL,DRY,NO DEFECTS,NOT ON SCENE (DESK REPORT),NO INJURY / DRIVE AWAY,,,Y,$500 OR LESS,9/18/2019 16:20,UNABLE TO DETERMINE,NOT APPLICABLE,832,W,ADDISON ST,1923,,,,,,,2,NO INDICATION OF INJURY,0,0,0,0,0,1,0,15,4,9,41.94741232,-87.65075955,POINT (-87.650759554406 41.947412323408)
JC438694,,9/18/2019 15:50,30,UNKNOWN,UNKNOWN,UNKNOWN,UNKNOWN,PARKED MOTOR VEHICLE,UNKNOWN,,STRAIGHT AND LEVEL,UNKNOWN,UNKNOWN,NOT ON SCENE (DESK REPORT),NO INJURY / DRIVE AWAY,,,,"OVER $1,500",9/18/2019 16:15,UNABLE TO DETERMINE,NOT APPLICABLE,4805,N,MOODY AVE,1622,,,,,,,2,NO INDICATION OF INJURY,0,0,0,0,0,2,0,15,4,9,41.96868935,-87.78180754,POINT (-87.78180753718 41.968689347598)
JC440539,,9/18/2019 15:47,30,UNKNOWN,UNKNOWN,UNKNOWN,"DARKNESS, LIGHTED ROAD",REAR TO FRONT,FOUR WAY,,STRAIGHT AND LEVEL,UNKNOWN,UNKNOWN,NOT ON SCENE (DESK REPORT),NO INJURY / DRIVE AWAY,Y,,Y,"OVER $1,500",9/19/2019 21:45,UNABLE TO DETERMINE,NOT APPLICABLE,1600,S,ST LOUIS AVE,1021,,,,,,,2,NO INDICATION OF INJURY,0,0,0,0,0,2,0,15,4,9,41.85890615,-87.71291418,POINT (-87.712914181015 41.858906154029)
JC438864,,9/18/2019 15:45,30,TRAFFIC SIGNAL,FUNCTIONING PROPERLY,CLEAR,DAYLIGHT,SIDESWIPE SAME DIRECTION,DIVIDED - W/MEDIAN BARRIER,,STRAIGHT AND LEVEL,DRY,NO DEFECTS,NOT ON SCENE (DESK REPORT),NO INJURY / DRIVE AWAY,,,N,"OVER $1,500",9/18/2019 17:00,FOLLOWING TOO CLOSELY,NOT APPLICABLE,10700,S,COTTAGE GROVE AVE,513,,,,,,,2,NO INDICATION OF INJURY,0,0,0,0,0,2,0,15,4,9,41.70000749,-87.60836492,POINT (-87.608364915036 41.700007489875)
JC438788,,9/18/2019 15:45,25,NO CONTROLS,NO CONTROLS,CLEAR,DAYLIGHT,TURNING,DIVIDED - W/MEDIAN (NOT RAISED),,STRAIGHT AND LEVEL,DRY,NO DEFECTS,NOT ON SCENE (DESK REPORT),NO INJURY / DRIVE AWAY,,,,"$501 - $1,500",9/18/2019 17:10,IMPROPER TURNING/NO SIGNAL,NOT APPLICABLE,2320,W,47TH ST,924,,,,,,,2,NO INDICATION OF INJURY,0,0,0,0,0,7,0,15,4,9,41.80853258,-87.68289214,POINT (-87.682892138166 41.808532582036)
JC439993,,9/18/2019 15:30,30,NO CONTROLS,NO CONTROLS,CLEAR,DAYLIGHT,SIDESWIPE SAME DIRECTION,DIVIDED - W/MEDIAN (NOT RAISED),,STRAIGHT AND LEVEL,DRY,NO DEFECTS,NOT ON SCENE (DESK REPORT),NO INJURY / DRIVE AWAY,,,,"OVER $1,500",9/19/2019 15:35,UNABLE TO DETERMINE,NOT APPLICABLE,5819,W,IRVING PARK RD,1633,,,,,,,2,NO INDICATION OF INJURY,0,0,0,0,0,2,0,15,4,9,41.95299851,-87.77265624,POINT (-87.77265624395 41.952998506292)
JC439193,,9/18/2019 15:30,25,UNKNOWN,NO CONTROLS,CLEAR,DAYLIGHT,PEDESTRIAN,NOT DIVIDED,,STRAIGHT AND LEVEL,DRY,NO DEFECTS,NOT ON SCENE (DESK REPORT),INJURY AND / OR TOW DUE TO CRASH,Y,,,"OVER $1,500",9/18/2019 22:37,FAILING TO YIELD RIGHT-OF-WAY,FAILING TO REDUCE SPEED TO AVOID CRASH,10900,S,AVENUE N,432,,,,,,,4,NONINCAPACITATING INJURY,3,0,0,3,0,1,0,15,4,9,41.69721534,-87.53905475,POINT (-87.539054749769 41.697215336321)
JC439020,,9/18/2019 15:30,30,STOP SIGN/FLASHER,FUNCTIONING PROPERLY,CLEAR,DAYLIGHT,REAR TO FRONT,NOT DIVIDED,,STRAIGHT AND LEVEL,DRY,NO DEFECTS,NOT ON SCENE (DESK REPORT),NO INJURY / DRIVE AWAY,,,Y,"OVER $1,500",9/18/2019 19:45,UNABLE TO DETERMINE,NOT APPLICABLE,1501,W,17TH ST,1233,,,,,,,2,NO INDICATION OF INJURY,0,0,0,0,0,3,0,15,4,9,41.85863035,-87.66390136,POINT (-87.663901360721 41.858630344701)
JC438921,,9/18/2019 15:30,30,TRAFFIC SIGNAL,FUNCTIONING PROPERLY,CLEAR,DAYLIGHT,TURNING,NOT DIVIDED,,STRAIGHT AND LEVEL,DRY,NO DEFECTS,NOT ON SCENE (DESK REPORT),NO INJURY / DRIVE AWAY,Y,,,"OVER $1,500",9/18/2019 18:30,FAILING TO YIELD RIGHT-OF-WAY,NOT APPLICABLE,1399,W,IRVING PARK RD,1923,,,,,,,2,NO INDICATION OF INJURY,0,0,0,0,0,2,0,15,4,9,41.95424559,-87.66417949,POINT (-87.664179484716 41.95424558974)
JC438769,,9/18/2019 15:30,35,NO CONTROLS,NO CONTROLS,CLEAR,DAYLIGHT,REAR END,NOT DIVIDED,,STRAIGHT AND LEVEL,DRY,NO DEFECTS,NOT ON SCENE (DESK REPORT),NO INJURY / DRIVE AWAY,,,,"OVER $1,500",9/18/2019 17:07,FAILING TO REDUCE SPEED TO AVOID CRASH,NOT APPLICABLE,5500,S,WESTERN AVE,824,,,,,,,2,NO INDICATION OF INJURY,0,0,0,0,0,2,0,15,4,9,41.79337055,-87.68417538,POINT (-87.684175376759 41.79337055433)
JC438695,,9/18/2019 15:30,35,NO CONTROLS,NO CONTROLS,CLEAR,DAYLIGHT,ANGLE,DRIVEWAY,,STRAIGHT AND LEVEL,DRY,NO DEFECTS,NOT ON SCENE (DESK REPORT),NO INJURY / DRIVE AWAY,,,,"OVER $1,500",9/18/2019 16:15,FAILING TO YIELD RIGHT-OF-WAY,UNABLE TO DETERMINE,519,E,83RD ST,632,,,,,,,2,NO INDICATION OF INJURY,0,0,0,0,0,2,0,15,4,9,41.7437538,-87.61153262,POINT (-87.611532614886 41.743753795826)
JC438690,,9/18/2019 15:20,30,NO CONTROLS,NO CONTROLS,CLEAR,DAYLIGHT,SIDESWIPE SAME DIRECTION,DIVIDED - W/MEDIAN BARRIER,,STRAIGHT AND LEVEL,DRY,UNKNOWN,NOT ON SCENE (DESK REPORT),NO INJURY / DRIVE AWAY,,,,"$501 - $1,500",9/18/2019 16:05,UNABLE TO DETERMINE,UNABLE TO DETERMINE,620,S,LAKE SHORE DR NB,114,,,,,,,2,NO INDICATION OF INJURY,0,0,0,0,0,2,0,15,4,9,41.87407457,-87.6172461,POINT (-87.617246103787 41.874074565858)
JC438639,,9/18/2019 15:20,30,NO CONTROLS,NO CONTROLS,CLEAR,DAYLIGHT,PARKED MOTOR VEHICLE,ONE-WAY,,STRAIGHT AND LEVEL,DRY,NO DEFECTS,ON SCENE,NO INJURY / DRIVE AWAY,,,,"OVER $1,500",9/18/2019 15:30,UNABLE TO DETERMINE,NOT APPLICABLE,1841,N,SPRINGFIELD AVE,2535,,,,,,,2,NO INDICATION OF INJURY,0,0,0,0,0,1,0,15,4,9,41.91480732,-87.72389409,POINT (-87.723894088726 41.914807323613)