RD_NO,CRASH_DATE_EST_I,CRASH_DATE,POSTED_SPEED_LIMIT,TRAFFIC_CONTROL_DEVICE,DEVICE_CONDITION,WEATHER_CONDITION,LIGHTING_CONDITION,FIRST_CRASH_TYPE,TRAFFICWAY_TYPE,LANE_CNT,ALIGNMENT,ROADWAY_SURFACE_COND,ROAD_DEFECT,REPORT_TYPE,CRASH_TYPE,INTERSECTION_RELATED_I,NOT_RIGHT_OF_WAY_I,HIT_AND_RUN_I,DAMAGE,DATE_POLICE_NOTIFIED,PRIM_CONTRIBUTORY_CAUSE,SEC_CONTRIBUTORY_CAUSE,STREET_NO,STREET_DIRECTION,STREET_NAME,BEAT_OF_OCCURRENCE,PHOTOS_TAKEN_I,STATEMENTS_TAKEN_I,DOORING_I,WORK_ZONE_I,WORK_ZONE_TYPE,WORKERS_PRESENT_I,NUM_UNITS,MOST_SEVERE_INJURY,INJURIES_TOTAL,INJURIES_FATAL,INJURIES_INCAPACITATING,INJURIES_NON_INCAPACITATING,INJURIES_REPORTED_NOT_EVIDENT,INJURIES_NO_INDICATION,INJURIES_UNKNOWN,CRASH_HOUR,CRASH_DAY_OF_WEEK,CRASH_MONTH,LATITUDE,LONGITUDE,LOCATION
JC438674,,9/18/2019 15:19,15,NO CONTROLS,NO CONTROLS,CLEAR,DAYLIGHT,PARKED MOTOR VEHICLE,PARKING LOT,,STRAIGHT AND LEVEL,DRY,NO DEFECTS,NOT ON SCENE (DESK REPORT),NO INJURY / DRIVE AWAY,,Y,Y,"OVER $1,500",9/18/2019 15:31,IMPROPER BACKING,IMPROPER BACKING,8240,S,COTTAGE GROVE AVE,631,,,,,,,2,NO INDICATION OF INJURY,0,0,0,0,0,1,0,15,4,9,41.74456966,-87.60519679,POINT (-87.605196789804 41.744569660356)
JC439569,Y,9/18/2019 15:15,35,NO CONTROLS,NO CONTROLS,CLEAR,DAYLIGHT,REAR END,NOT DIVIDED,,STRAIGHT AND LEVEL,DRY,NO DEFECTS,NOT ON SCENE (DESK REPORT),NO INJURY / DRIVE AWAY,,,,"OVER $1,500",9/19/2019 10:15,UNABLE TO DETERMINE,UNABLE TO DETERMINE,4855,N,KIMBALL AVE,1713,,,,,,,2,NO INDICATION OF INJURY,0,0,0,0,0,2,0,15,4,9,41.9700209,-87.71326121,POINT (-87.713261204986 41.970020897728)
JC438667,,9/18/2019 15:10,30,TRAFFIC SIGNAL,FUNCTIONING PROPERLY,CLEAR,DAYLIGHT,PEDALCYCLIST,NOT DIVIDED,,STRAIGHT AND LEVEL,DRY,NO DEFECTS,ON SCENE,NO INJURY / DRIVE AWAY,,,N,$500 OR LESS,9/18/2019 15:31,DRIVING ON WRONG SIDE/WRONG WAY,NOT APPLICABLE,1001,N,CALIFORNIA AVE,1211,,,,,,,2,NO INDICATION OF INJURY,0,0,0,0,0,2,0,15,4,9,41.89933092,-87.69664493,POINT (-87.696644924737 41.899330918472)
JC438660,,9/18/2019 15:10,30,TRAFFIC SIGNAL,FUNCTIONING PROPERLY,CLEAR,DAYLIGHT,PARKED MOTOR VEHICLE,DIVIDED - W/MEDIAN (NOT RAISED),,STRAIGHT AND LEVEL,DRY,NO DEFECTS,ON SCENE,INJURY AND / OR TOW DUE TO CRASH,,,,"OVER $1,500",9/18/2019 15:13,IMPROPER OVERTAKING/PASSING,DRIVING SKILLS/KNOWLEDGE/EXPERIENCE,1540,W,IRVING PARK RD,1912,,,,,,,2,"REPORTED, NOT EVIDENT",1,0,0,0,1,2,0,15,4,9,41.95440107,-87.66897489,POINT (-87.66897488478 41.954401074188)
JC438651,,9/18/2019 15:10,30,STOP SIGN/FLASHER,FUNCTIONING PROPERLY,CLEAR,DAYLIGHT,ANGLE,NOT DIVIDED,,STRAIGHT AND LEVEL,DRY,NO DEFECTS,NOT ON SCENE (DESK REPORT),NO INJURY / DRIVE AWAY,Y,,Y,"$501 - $1,500",9/18/2019 15:35,UNABLE TO DETERMINE,UNABLE TO DETERMINE,251,N,LOWER STETSON AVE,114,,,,,,,2,NO INDICATION OF INJURY,0,0,0,0,0,3,0,15,4,9,41.88670897,-87.6222157,POINT (-87.622215695656 41.886708965328)
JC438805,,9/18/2019 15:00,30,NO CONTROLS,NO CONTROLS,CLEAR,DAYLIGHT,PARKED MOTOR VEHICLE,ONE-WAY,,STRAIGHT AND LEVEL,DRY,NO DEFECTS,NOT ON SCENE (DESK REPORT),NO INJURY / DRIVE AWAY,,,,"OVER $1,500",9/18/2019 17:30,UNABLE TO DETERMINE,NOT APPLICABLE,5736,S,HOMAN AVE,822,,,,,,,2,NO INDICATION OF INJURY,0,0,0,0,0,1,0,15,4,9,41.78869797,-87.70846973,POINT (-87.708469727755 41.788697973976)
JC438957,,9/18/2019 14:55,35,NO CONTROLS,NO CONTROLS,CLEAR,DAYLIGHT,PARKED MOTOR VEHICLE,NOT DIVIDED,,STRAIGHT AND LEVEL,DRY,NO DEFECTS,NOT ON SCENE (DESK REPORT),NO INJURY / DRIVE AWAY,,,,"$501 - $1,500",9/18/2019 19:00,IMPROPER BACKING,NOT APPLICABLE,5500,S,SAWYER AVE,822,,,,,,,2,NO INDICATION OF INJURY,0,0,0,0,0,1,0,14,4,9,41.79340166,-87.70492417,POINT (-87.704924165261 41.793401659626)
JC438683,,9/18/2019 14:55,30,NO CONTROLS,NO CONTROLS,CLEAR,DAYLIGHT,PARKED MOTOR VEHICLE,ONE-WAY,,STRAIGHT AND LEVEL,DRY,NO DEFECTS,NOT ON SCENE (DESK REPORT),NO INJURY / DRIVE AWAY,,,,"OVER $1,500",9/18/2019 16:05,UNABLE TO DETERMINE,NOT APPLICABLE,5515,S,SAWYER AVE,822,,,,,,,2,NO INDICATION OF INJURY,0,0,0,0,0,1,0,14,4,9,41.79301259,-87.70461898,POINT (-87.704618982096 41.79301259249)
JC438643,,9/18/2019 14:52,30,NO CONTROLS,NO CONTROLS,CLEAR,DAYLIGHT,TURNING,NOT DIVIDED,,STRAIGHT AND LEVEL,DRY,UNKNOWN,NOT ON SCENE (DESK REPORT),NO INJURY / DRIVE AWAY,,,Y,"OVER $1,500",9/18/2019 15:40,IMPROPER TURNING/NO SIGNAL,UNABLE TO DETERMINE,328,E,SOUTH WATER ST,114,,,,,,,2,NO INDICATION OF INJURY,0,0,0,0,0,2,0,14,4,9,41.8866114,-87.61903612,POINT (-87.61903611456 41.886611404033)
JC438655,,9/18/2019 14:45,30,NO CONTROLS,NO CONTROLS,CLEAR,DAYLIGHT,REAR END,NOT DIVIDED,,STRAIGHT AND LEVEL,DRY,NO DEFECTS,NOT ON SCENE (DESK REPORT),INJURY AND / OR TOW DUE TO CRASH,,,,"OVER $1,500",9/18/2019 16:00,UNABLE TO DETERMINE,NOT APPLICABLE,3300,W,59TH ST,822,,,,,,,2,"REPORTED, NOT EVIDENT",2,0,0,0,2,1,0,14,4,9,41.78631671,-87.70584608,POINT (-87.705846082834 41.786316713675)
JC438663,,9/18/2019 14:40,30,TRAFFIC SIGNAL,FUNCTIONING PROPERLY,CLEAR,DAYLIGHT,SIDESWIPE SAME DIRECTION,DIVIDED - W/MEDIAN BARRIER,,STRAIGHT AND LEVEL,DRY,NO DEFECTS,NOT ON SCENE (DESK REPORT),NO INJURY / DRIVE AWAY,,,,"OVER $1,500",9/18/2019 15:40,UNABLE TO DETERMINE,NOT APPLICABLE,125,W,87TH ST,634,,,,,,,2,NO INDICATION OF INJURY,0,0,0,0,0,2,0,14,4,9,41.73615914,-87.62778458,POINT (-87.627784584001 41.736159141056)
JC438616,,9/18/2019 14:40,30,TRAFFIC SIGNAL,FUNCTIONING PROPERLY,CLEAR,DAYLIGHT,TURNING,FOUR WAY,,STRAIGHT AND LEVEL,DRY,NO DEFECTS,ON SCENE,NO INJURY / DRIVE AWAY,Y,,,$500 OR LESS,9/18/2019 14:48,FAILING TO YIELD RIGHT-OF-WAY,NOT APPLICABLE,3149,W,DEVON AVE,2413,,,,,,,2,NO INDICATION OF INJURY,0,0,0,0,0,2,0,14,4,9,41.99728718,-87.70887208,POINT (-87.708872078661 41.997287175129)
JC438611,,9/18/2019 14:40,30,NO CONTROLS,NO CONTROLS,CLEAR,DAYLIGHT,REAR END,DIVIDED - W/MEDIAN (NOT RAISED),,STRAIGHT AND LEVEL,DRY,NO DEFECTS,ON SCENE,NO INJURY / DRIVE AWAY,,,,"OVER $1,500",9/18/2019 14:45,NOT APPLICABLE,NOT APPLICABLE,6610,N,WESTERN AVE,2412,,,,,,,2,NO INDICATION OF INJURY,0,0,0,0,0,3,0,14,4,9,42.00170501,-87.69013224,POINT (-87.690132239496 42.001705008365)
JC438664,,9/18/2019 14:35,30,NO CONTROLS,NO CONTROLS,CLEAR,DAYLIGHT,PARKED MOTOR VEHICLE,NOT DIVIDED,,STRAIGHT AND LEVEL,DRY,NO DEFECTS,NOT ON SCENE (DESK REPORT),NO INJURY / DRIVE AWAY,,,,"OVER $1,500",9/18/2019 17:00,UNABLE TO DETERMINE,NOT APPLICABLE,3940,W,82ND PL,834,,,,,,,2,NO INDICATION OF INJURY,0,0,0,0,0,1,0,14,4,9,41.74321998,-87.72091068,POINT (-87.720910683053 41.743219983074)
JC438631,,9/18/2019 14:35,30,NO CONTROLS,NO CONTROLS,CLEAR,DAYLIGHT,PARKED MOTOR VEHICLE,PARKING LOT,,STRAIGHT AND LEVEL,UNKNOWN,UNKNOWN,NOT ON SCENE (DESK REPORT),NO INJURY / DRIVE AWAY,,Y,,"$501 - $1,500",9/18/2019 15:30,UNABLE TO DETERMINE,UNABLE TO DETERMINE,6108,N,WESTERN AVE,2413,,,,,,,2,NO INDICATION OF INJURY,0,0,0,0,0,1,0,14,4,9,41.99258749,-87.68986215,POINT (-87.689862154376 41.992587487749)
JC438582,,9/18/2019 14:25,15,NO CONTROLS,NO CONTROLS,CLEAR,DAYLIGHT,PARKED MOTOR VEHICLE,PARKING LOT,,STRAIGHT AND LEVEL,DRY,NO DEFECTS,ON SCENE,NO INJURY / DRIVE AWAY,,N,,"OVER $1,500",9/18/2019 14:35,UNABLE TO DETERMINE,NOT APPLICABLE,5435,N,HARLEM AVE,1613,,,,,,,2,NO INDICATION OF INJURY,0,0,0,0,0,1,0,14,4,9,41.98020323,-87.80683112,POINT (-87.806831118316 41.980203233751)
JC438614,,9/18/2019 14:22,35,UNKNOWN,UNKNOWN,CLEAR,DAYLIGHT,REAR END,NOT DIVIDED,,STRAIGHT AND LEVEL,DRY,NO DEFECTS,ON SCENE,NO INJURY / DRIVE AWAY,,,,"$501 - $1,500",9/18/2019 14:35,UNABLE TO DETERMINE,NOT APPLICABLE,671,E,83RD ST,632,,,,,,,2,NO INDICATION OF INJURY,0,0,0,0,0,3,0,14,4,9,41.74381606,-87.60750385,POINT (-87.607503850798 41.743816055513)
JC438588,,9/18/2019 14:15,30,TRAFFIC SIGNAL,FUNCTIONING PROPERLY,CLEAR,DAYLIGHT,SIDESWIPE SAME DIRECTION,FOUR WAY,,STRAIGHT AND LEVEL,DRY,NO DEFECTS,NOT ON SCENE (DESK REPORT),NO INJURY / DRIVE AWAY,,,N,"OVER $1,500",9/18/2019 14:45,IMPROPER LANE USAGE,NOT APPLICABLE,3001,W,OGDEN AVE,1022,,,,,,,2,NO INDICATION OF INJURY,0,0,0,0,0,3,0,14,4,9,41.85945898,-87.70066906,POINT (-87.70066906213 41.859458983999)
JC438576,,9/18/2019 14:15,30,TRAFFIC SIGNAL,FUNCTIONING PROPERLY,CLEAR,DAYLIGHT,SIDESWIPE SAME DIRECTION,DIVIDED - W/MEDIAN BARRIER,,STRAIGHT AND LEVEL,DRY,NO DEFECTS,NOT ON SCENE (DESK REPORT),NO INJURY / DRIVE AWAY,,,,"$501 - $1,500",9/18/2019 15:30,FAILING TO YIELD RIGHT-OF-WAY,UNABLE TO DETERMINE,2025,W,IRVING PARK RD,1921,,,,,,,2,NO INDICATION OF INJURY,0,0,0,0,0,4,0,14,4,9,41.95403006,-87.67990332,POINT (-87.679903316396 41.95403006237)
JC438555,,9/18/2019 14:10,30,TRAFFIC SIGNAL,FUNCTIONING PROPERLY,CLEAR,DAYLIGHT,SIDESWIPE SAME DIRECTION,NOT DIVIDED,,STRAIGHT AND LEVEL,DRY,OTHER,NOT ON SCENE (DESK REPORT),NO INJURY / DRIVE AWAY,,,,"OVER $1,500",9/18/2019 14:30,ROAD CONSTRUCTION/MAINTENANCE,ROAD CONSTRUCTION/MAINTENANCE,6000,N,WESTERN AVE,2413,,,,,,,2,NO INDICATION OF INJURY,0,0,0,0,0,2,0,14,4,9,41.99058604,-87.68982247,POINT (-87.689822472944 41.99058604242)
JC438556,,9/18/2019 14:05,35,NO CONTROLS,NO CONTROLS,CLEAR,DAYLIGHT,SIDESWIPE SAME DIRECTION,ONE-WAY,,STRAIGHT AND LEVEL,DRY,NO DEFECTS,NOT ON SCENE (DESK REPORT),NO INJURY / DRIVE AWAY,,,,$500 OR LESS,9/18/2019 14:20,FAILING TO YIELD RIGHT-OF-WAY,NOT APPLICABLE,8600,S,LAFAYETTE AVE,622,,,,,,,2,NO INDICATION OF INJURY,0,0,0,0,0,2,0,14,4,9,41.7380049,-87.62563639,POINT (-87.625636390617 41.738004901069)
JC438540,,9/18/2019 14:05,30,NO CONTROLS,NO CONTROLS,CLEAR,DAYLIGHT,REAR END,DIVIDED - W/MEDIAN (NOT RAISED),,STRAIGHT AND LEVEL,DRY,NO DEFECTS,ON SCENE,NO INJURY / DRIVE AWAY,Y,,,"OVER $1,500",9/18/2019 14:05,FOLLOWING TOO CLOSELY,FAILING TO REDUCE SPEED TO AVOID CRASH,2015,N,MILWAUKEE AVE,1431,,,,,,,2,NO INDICATION OF INJURY,0,0,0,0,0,2,0,14,4,9,41.91793365,-87.68896596,POINT (-87.688965958641 41.917933650036)
JC438681,,9/18/2019 14:00,30,NO CONTROLS,NO CONTROLS,CLEAR,DAYLIGHT,REAR END,NOT DIVIDED,,STRAIGHT AND LEVEL,DRY,NO DEFECTS,,INJURY AND / OR TOW DUE TO CRASH,,,,"OVER $1,500",9/18/2019 16:07,UNABLE TO DETERMINE,UNABLE TO DETERMINE,1446,S,WESTERN AVE,1023,,,,,,,2,"REPORTED, NOT EVIDENT",2,0,0,0,2,2,0,14,4,9,41.86156083,-87.68604342,POINT (-87.686043421244 41.861560831716)
JC438670,,9/18/2019 14:00,20,NO CONTROLS,NO CONTROLS,CLEAR,DAYLIGHT,FIXED OBJECT,ALLEY,,STRAIGHT AND LEVEL,DRY,OTHER,ON SCENE,NO INJURY / DRIVE AWAY,,,,"OVER $1,500",9/18/2019 15:27,"VISION OBSCURED (SIGNS, TREE LIMBS, BUILDINGS, ETC.)",NOT APPLICABLE,8557,S,PULASKI RD,834,,,,,,,1,NO INDICATION OF INJURY,0,0,0,0,0,1,0,14,4,9,41.73679355,-87.72135277,POINT (-87.721352773642 41.736793553428)
JC438646,,9/18/2019 14:00,30,TRAFFIC SIGNAL,FUNCTIONING PROPERLY,CLEAR,DAYLIGHT,SIDESWIPE SAME DIRECTION,NOT DIVIDED,,STRAIGHT AND LEVEL,DRY,NO DEFECTS,NOT ON SCENE (DESK REPORT),NO INJURY / DRIVE AWAY,,,,"$501 - $1,500",9/18/2019 15:40,FAILING TO YIELD RIGHT-OF-WAY,UNABLE TO DETERMINE,1599,W,47TH ST,933,,,,,,,2,NO INDICATION OF INJURY,0,0,0,0,0,2,0,14,4,9,41.80849493,-87.6649536,POINT (-87.664953598184 41.808494924755)
JC438607,,9/18/2019 14:00,30,TRAFFIC SIGNAL,FUNCTIONING PROPERLY,CLEAR,DAYLIGHT,TURNING,ONE-WAY,,STRAIGHT AND LEVEL,DRY,NO DEFECTS,ON SCENE,NO INJURY / DRIVE AWAY,,,,"OVER $1,500",9/18/2019 14:09,IMPROPER LANE USAGE,DISREGARDING ROAD MARKINGS,99,W,RANDOLPH ST,111,,,,,,,2,NO INDICATION OF INJURY,0,0,0,0,0,3,0,14,4,9,41.8843671,-87.63086059,POINT (-87.63086058735 41.884367097644)
JC438536,,9/18/2019 13:50,10,NO CONTROLS,NO CONTROLS,CLEAR,DAYLIGHT,FIXED OBJECT,OTHER,,STRAIGHT AND LEVEL,DRY,NO DEFECTS,ON SCENE,INJURY AND / OR TOW DUE TO CRASH,,,,"OVER $1,500",9/18/2019 14:05,UNABLE TO DETERMINE,UNABLE TO DETERMINE,8740,S,LAFAYETTE AVE,634,,,,,,,1,NONINCAPACITATING INJURY,1,0,0,1,0,0,0,13,4,9,41.73488062,-87.62555194,POINT (-87.625551940557 41.734880618955)
JC438521,,9/18/2019 13:35,20,NO CONTROLS,NO CONTROLS,CLEAR,DAYLIGHT,FIXED OBJECT,PARKING LOT,,STRAIGHT AND LEVEL,DRY,NO DEFECTS,ON SCENE,INJURY AND / OR TOW DUE TO CRASH,,Y,,"OVER $1,500",9/18/2019 13:41,UNABLE TO DETERMINE,UNABLE TO DETERMINE,209,E,103RD ST,512,,,,,,,1,NO INDICATION OF INJURY,0,0,0,0,0,1,0,13,4,9,41.70713532,-87.61824173,POINT (-87.618241729934 41.707135321618)
JC438522,,9/18/2019 13:33,30,TRAFFIC SIGNAL,FUNCTIONING PROPERLY,CLEAR,DAYLIGHT,PARKED MOTOR VEHICLE,NOT DIVIDED,,STRAIGHT AND LEVEL,DRY,NO DEFECTS,ON SCENE,NO INJURY / DRIVE AWAY,,,,"OVER $1,500",9/18/2019 13:39,DRIVING SKILLS/KNOWLEDGE/EXPERIENCE,UNABLE TO DETERMINE,1815,N,CLARK ST,1814,,,,,,,2,NO INDICATION OF INJURY,0,0,0,0,0,1,0,13,4,9,41.91528701,-87.6339928,POINT (-87.633992796941 41.91528700527)
JC438602,,9/18/2019 13:32,30,NO CONTROLS,NO CONTROLS,CLEAR,DAYLIGHT,REAR END,NOT DIVIDED,,STRAIGHT AND LEVEL,DRY,NO DEFECTS,ON SCENE,INJURY AND / OR TOW DUE TO CRASH,,,,"OVER $1,500",9/18/2019 13:33,UNABLE TO DETERMINE,NOT APPLICABLE,540,N,FAIRBANKS CT,1834,,,,,,,4,INCAPACITATING INJURY,1,0,1,0,0,4,0,13,4,9,41.89227036,-87.62039254,POINT (-87.620392542301 41.892270355275)
JC450954,,9/18/2019 13:30,30,TRAFFIC SIGNAL,FUNCTIONING PROPERLY,CLEAR,DAYLIGHT,TURNING,NOT DIVIDED,,STRAIGHT AND LEVEL,DRY,UNKNOWN,NOT ON SCENE (DESK REPORT),NO INJURY / DRIVE AWAY,,,,"OVER $1,500",9/27/2019 19:26,IMPROPER TURNING/NO SIGNAL,NOT APPLICABLE,1703,N,CENTRAL AVE,2532,,,,,,,2,NO INDICATION OF INJURY,0,0,0,0,0,2,0,13,4,9,41.91133513,-87.76543024,POINT (-87.765430235891 41.911335132034)
JC438625,,9/18/2019 13:30,15,STOP SIGN/FLASHER,FUNCTIONING PROPERLY,CLEAR,DAYLIGHT,TURNING,ONE-WAY,,STRAIGHT AND LEVEL,DRY,NO DEFECTS,ON SCENE,NO INJURY / DRIVE AWAY,,Y,,"$501 - $1,500",9/18/2019 13:57,FAILING TO YIELD RIGHT-OF-WAY,UNABLE TO DETERMINE,1201,S,PRAIRIE AVE,132,,,,,,,2,NO INDICATION OF INJURY,0,0,0,0,0,2,0,13,4,9,41.86643957,-87.62149888,POINT (-87.621498879852 41.866439574451)
JC438565,,9/18/2019 13:30,10,NO CONTROLS,NO CONTROLS,CLEAR,DAYLIGHT,PARKED MOTOR VEHICLE,PARKING LOT,,STRAIGHT AND LEVEL,DRY,NO DEFECTS,NOT ON SCENE (DESK REPORT),NO INJURY / DRIVE AWAY,,,,"OVER $1,500",9/18/2019 14:38,UNABLE TO DETERMINE,NOT APPLICABLE,1070,W,14TH ST,1232,,,,,,,2,NO INDICATION OF INJURY,0,0,0,0,0,2,0,13,4,9,41.86355493,-87.65340732,POINT (-87.65340732044 41.863554934256)
JC438528,,9/18/2019 13:30,30,TRAFFIC SIGNAL,FUNCTIONING PROPERLY,CLEAR,DAYLIGHT,TURNING,NOT DIVIDED,,STRAIGHT AND LEVEL,DRY,NO DEFECTS,NOT ON SCENE (DESK REPORT),NO INJURY / DRIVE AWAY,Y,,,"OVER $1,500",9/18/2019 14:00,FAILING TO YIELD RIGHT-OF-WAY,DRIVING SKILLS/KNOWLEDGE/EXPERIENCE,7101,S,YATES BLVD,334,,,,,,,2,NO INDICATION OF INJURY,0,0,0,0,0,3,0,13,4,9,41.76627633,-87.56634043,POINT (-87.56634042479 41.766276325394)
JC438525,,9/18/2019 13:30,35,STOP SIGN/FLASHER,FUNCTIONING PROPERLY,CLEAR,DAYLIGHT,TURNING,T-INTERSECTION,,STRAIGHT AND LEVEL,DRY,NO DEFECTS,NOT ON SCENE (DESK REPORT),NO INJURY / DRIVE AWAY,,,,"OVER $1,500",9/18/2019 13:54,NOT APPLICABLE,NOT APPLICABLE,2697,W,19TH ST,1023,,,,,,,2,NO INDICATION OF INJURY,0,0,0,0,0,2,0,13,4,9,41.85549535,-87.69302659,POINT (-87.693026587968 41.855495354459)
JC438507,,9/18/2019 13:30,35,NO CONTROLS,NO CONTROLS,CLEAR,DAYLIGHT,PARKED MOTOR VEHICLE,NOT DIVIDED,,STRAIGHT AND LEVEL,DRY,NO DEFECTS,ON SCENE,NO INJURY / DRIVE AWAY,,,Y,"$501 - $1,500",9/18/2019 13:31,UNABLE TO DETERMINE,UNABLE TO DETERMINE,7340,W,ADDISON ST,1631,,,,,,,2,NO INDICATION OF INJURY,0,0,0,0,0,1,0,13,4,9,41.94529539,-87.81104072,POINT (-87.811040717764 41.945295393933)
JC438542,,9/18/2019 13:20,30,NO CONTROLS,NO CONTROLS,CLEAR,DAYLIGHT,PARKED MOTOR VEHICLE,NOT DIVIDED,,STRAIGHT AND LEVEL,DRY,NO DEFECTS,NOT ON SCENE (DESK REPORT),NO INJURY / DRIVE AWAY,,,,"$501 - $1,500",9/18/2019 14:17,UNABLE TO DETERMINE,NOT APPLICABLE,1300,S,MORGAN ST,1232,,,,,,,2,NO INDICATION OF INJURY,0,0,0,0,0,3,0,13,4,9,41.86539299,-87.65114301,POINT (-87.651143008167 41.865392985761)
JC438498,,9/18/2019 13:18,30,STOP SIGN/FLASHER,FUNCTIONING PROPERLY,CLEAR,DAYLIGHT,ANGLE,FOUR WAY,,STRAIGHT AND LEVEL,DRY,NO DEFECTS,ON SCENE,INJURY AND / OR TOW DUE TO CRASH,Y,,,"OVER $1,500",9/18/2019 13:18,FAILING TO YIELD RIGHT-OF-WAY,UNABLE TO DETERMINE,4700,S,CALUMET AVE,224,,,,,,,2,NONINCAPACITATING INJURY,1,0,0,1,0,3,0,13,4,9,41.80926526,-87.61829762,POINT (-87.618297616052 41.809265257683)
JC438515,,9/18/2019 13:15,30,NO CONTROLS,NO CONTROLS,CLEAR,DAYLIGHT,SIDESWIPE SAME DIRECTION,ONE-WAY,,STRAIGHT AND LEVEL,DRY,NO DEFECTS,NOT ON SCENE (DESK REPORT),NO INJURY / DRIVE AWAY,,,,"OVER $1,500",9/18/2019 13:45,UNABLE TO DETERMINE,UNABLE TO DETERMINE,220,W,LAKE ST,122,,,,,,,2,NO INDICATION OF INJURY,0,0,0,0,0,2,0,13,4,9,41.88584114,-87.63472679,POINT (-87.634726784821 41.885841142197)
JC438628,,9/18/2019 13:10,30,UNKNOWN,UNKNOWN,CLEAR,DAYLIGHT,TURNING,UNKNOWN,,STRAIGHT AND LEVEL,DRY,NO DEFECTS,NOT ON SCENE (DESK REPORT),NO INJURY / DRIVE AWAY,,,,"OVER $1,500",9/18/2019 15:30,UNABLE TO DETERMINE,UNABLE TO DETERMINE,28,E,87TH ST,632,,,,,,,2,NO INDICATION OF INJURY,0,0,0,0,0,2,0,13,4,9,41.73646911,-87.62302412,POINT (-87.623024124225 41.736469113027)
JC438493,,9/18/2019 13:00,30,TRAFFIC SIGNAL,FUNCTIONING PROPERLY,CLEAR,DAYLIGHT,TURNING,ONE-WAY,,STRAIGHT AND LEVEL,DRY,NO DEFECTS,ON SCENE,INJURY AND / OR TOW DUE TO CRASH,Y,,,"OVER $1,500",9/18/2019 13:09,IMPROPER TURNING/NO SIGNAL,IMPROPER LANE USAGE,34,N,LEAVITT ST,1223,,,,,,,2,NONINCAPACITATING INJURY,3,0,0,3,0,0,0,13,4,9,41.88219667,-87.68169148,POINT (-87.681691483323 41.882196669001)
JC438529,,9/18/2019 12:50,30,STOP SIGN/FLASHER,FUNCTIONING PROPERLY,CLEAR,DAYLIGHT,REAR END,NOT DIVIDED,,STRAIGHT AND LEVEL,DRY,NO DEFECTS,NOT ON SCENE (DESK REPORT),NO INJURY / DRIVE AWAY,,,Y,"$501 - $1,500",9/18/2019 14:03,UNABLE TO DETERMINE,NOT APPLICABLE,1150,N,DAMEN AVE,1212,,,,,,,2,NO INDICATION OF INJURY,0,0,0,0,0,2,0,12,4,9,41.90286898,-87.67739522,POINT (-87.677395215429 41.902868984299)
JC439297,Y,9/18/2019 12:45,25,TRAFFIC SIGNAL,FUNCTIONING PROPERLY,CLEAR,DARKNESS,REAR END,DIVIDED - W/MEDIAN (NOT RAISED),,STRAIGHT AND LEVEL,DRY,NO DEFECTS,NOT ON SCENE (DESK REPORT),NO INJURY / DRIVE AWAY,,,,"$501 - $1,500",9/19/2019 1:53,NOT APPLICABLE,NOT APPLICABLE,3319,W,DEVON AVE,1711,,,,,,,2,NO INDICATION OF INJURY,0,0,0,0,0,2,0,12,4,9,41.99722719,-87.71251468,POINT (-87.712514680112 41.997227190571)
JC438489,,9/18/2019 12:45,35,UNKNOWN,UNKNOWN,CLEAR,DAYLIGHT,REAR END,NOT DIVIDED,,STRAIGHT AND LEVEL,DRY,NO DEFECTS,NOT ON SCENE (DESK REPORT),NO INJURY / DRIVE AWAY,,,,"$501 - $1,500",9/18/2019 13:00,UNABLE TO DETERMINE,NOT APPLICABLE,6251,W,TOUHY AVE,1621,,,,,,,2,NO INDICATION OF INJURY,0,0,0,0,0,3,0,12,4,9,42.011893,-87.78394109,POINT (-87.783941086738 42.011892999103)
JC438450,,9/18/2019 12:45,35,NO CONTROLS,NO CONTROLS,CLEAR,DAYLIGHT,REAR END,NOT DIVIDED,,STRAIGHT AND LEVEL,DRY,NO DEFECTS,NOT ON SCENE (DESK REPORT),NO INJURY / DRIVE AWAY,,,Y,"OVER $1,500",9/18/2019 12:55,UNABLE TO DETERMINE,NOT APPLICABLE,6737,S,PULASKI RD,833,,,,,,,2,NO INDICATION OF INJURY,0,0,0,0,0,2,0,12,4,9,41.77029026,-87.72240132,POINT (-87.722401324025 41.770290263912)
JC438484,,9/18/2019 12:30,20,NO CONTROLS,NO CONTROLS,CLEAR,DAYLIGHT,PARKED MOTOR VEHICLE,ONE-WAY,,STRAIGHT AND LEVEL,DRY,NO DEFECTS,NOT ON SCENE (DESK REPORT),NO INJURY / DRIVE AWAY,,,Y,$500 OR LESS,9/18/2019 13:20,NOT APPLICABLE,NOT APPLICABLE,2200,N,HAMILTON AVE,1432,,,,,,,2,NO INDICATION OF INJURY,0,0,0,0,0,1,0,12,4,9,41.92139766,-87.68157838,POINT (-87.681578382882 41.921397658482)
JC438466,,9/18/2019 12:30,30,NO CONTROLS,NO CONTROLS,CLEAR,DAYLIGHT,REAR END,NOT DIVIDED,,STRAIGHT AND LEVEL,DRY,NO DEFECTS,ON SCENE,NO INJURY / DRIVE AWAY,,,,"OVER $1,500",9/18/2019 12:33,FAILING TO REDUCE SPEED TO AVOID CRASH,FOLLOWING TOO CLOSELY,6099,N,CALDWELL AVE,1621,,,,,,,4,NO INDICATION OF INJURY,0,0,0,0,0,5,0,12,4,9,41.99200455,-87.75508595,POINT (-87.755085944684 41.992004552425)