RD_NO,CRASH_DATE_EST_I,CRASH_DATE,POSTED_SPEED_LIMIT,TRAFFIC_CONTROL_DEVICE,DEVICE_CONDITION,WEATHER_CONDITION,LIGHTING_CONDITION,FIRST_CRASH_TYPE,TRAFFICWAY_TYPE,LANE_CNT,ALIGNMENT,ROADWAY_SURFACE_COND,ROAD_DEFECT,REPORT_TYPE,CRASH_TYPE,INTERSECTION_RELATED_I,NOT_RIGHT_OF_WAY_I,HIT_AND_RUN_I,DAMAGE,DATE_POLICE_NOTIFIED,PRIM_CONTRIBUTORY_CAUSE,SEC_CONTRIBUTORY_CAUSE,STREET_NO,STREET_DIRECTION,STREET_NAME,BEAT_OF_OCCURRENCE,PHOTOS_TAKEN_I,STATEMENTS_TAKEN_I,DOORING_I,WORK_ZONE_I,WORK_ZONE_TYPE,WORKERS_PRESENT_I,NUM_UNITS,MOST_SEVERE_INJURY,INJURIES_TOTAL,INJURIES_FATAL,INJURIES_INCAPACITATING,INJURIES_NON_INCAPACITATING,INJURIES_REPORTED_NOT_EVIDENT,INJURIES_NO_INDICATION,INJURIES_UNKNOWN,CRASH_HOUR,CRASH_DAY_OF_WEEK,CRASH_MONTH,LATITUDE,LONGITUDE,LOCATION
JC438447,,9/18/2019 12:30,30,NO CONTROLS,NO CONTROLS,CLEAR,DAYLIGHT,PARKED MOTOR VEHICLE,NOT DIVIDED,,STRAIGHT AND LEVEL,DRY,NO DEFECTS,ON SCENE,INJURY AND / OR TOW DUE TO CRASH,,,,"OVER $1,500",9/18/2019 12:36,NOT APPLICABLE,NOT APPLICABLE,1053,N,WESTERN AVE,1212,,,,,,,2,NO INDICATION OF INJURY,0,0,0,0,0,2,0,12,4,9,41.90096898,-87.68682639,POINT (-87.686826385956 41.900968976163)
JC438441,,9/18/2019 12:25,15,NO CONTROLS,UNKNOWN,CLEAR,DAYLIGHT,SIDESWIPE SAME DIRECTION,PARKING LOT,,STRAIGHT AND LEVEL,DRY,NO DEFECTS,ON SCENE,INJURY AND / OR TOW DUE TO CRASH,,Y,,"$501 - $1,500",9/18/2019 12:30,"VISION OBSCURED (SIGNS, TREE LIMBS, BUILDINGS, ETC.)",UNABLE TO DETERMINE,5130,S,LAKE PARK AVE,234,,,,,,,2,NO INDICATION OF INJURY,0,0,0,0,0,4,0,12,4,9,41.80145655,-87.58774186,POINT (-87.587741862156 41.801456552461)
JC438440,,9/18/2019 12:23,30,NO CONTROLS,NO CONTROLS,CLEAR,DAYLIGHT,ANGLE,ALLEY,,STRAIGHT AND LEVEL,DRY,NO DEFECTS,ON SCENE,NO INJURY / DRIVE AWAY,,,,"OVER $1,500",9/18/2019 12:24,FAILING TO YIELD RIGHT-OF-WAY,NOT APPLICABLE,4014,W,25TH PL,1013,,,,,,,2,NO INDICATION OF INJURY,0,0,0,0,0,2,0,12,4,9,41.84526784,-87.72526707,POINT (-87.725267067279 41.845267836302)
JC438517,,9/18/2019 12:20,25,NO CONTROLS,NO CONTROLS,CLEAR,DAYLIGHT,SIDESWIPE SAME DIRECTION,NOT DIVIDED,,STRAIGHT AND LEVEL,DRY,NO DEFECTS,NOT ON SCENE (DESK REPORT),NO INJURY / DRIVE AWAY,,,,"$501 - $1,500",9/18/2019 14:01,FAILING TO YIELD RIGHT-OF-WAY,UNABLE TO DETERMINE,2414,W,LUNT AVE,2411,,,,,,,2,NO INDICATION OF INJURY,0,0,0,0,0,2,0,12,4,9,42.00875265,-87.69080758,POINT (-87.690807576694 42.008752651903)
JC439006,,9/18/2019 12:10,30,NO CONTROLS,NO CONTROLS,CLEAR,DAYLIGHT,REAR TO REAR,PARKING LOT,,STRAIGHT AND LEVEL,DRY,NO DEFECTS,NOT ON SCENE (DESK REPORT),NO INJURY / DRIVE AWAY,,,Y,"$501 - $1,500",9/18/2019 19:47,UNABLE TO DETERMINE,NOT APPLICABLE,4932,S,KEDZIE AVE,821,,,,,,,2,NO INDICATION OF INJURY,0,0,0,0,0,3,0,12,4,9,41.80349751,-87.70398757,POINT (-87.703987565889 41.803497510289)
JC438691,,9/18/2019 12:00,10,NO CONTROLS,NO CONTROLS,CLEAR,DAYLIGHT,PARKED MOTOR VEHICLE,PARKING LOT,,STRAIGHT AND LEVEL,DRY,NO DEFECTS,NOT ON SCENE (DESK REPORT),NO INJURY / DRIVE AWAY,,Y,,$500 OR LESS,9/18/2019 16:00,NOT APPLICABLE,NOT APPLICABLE,525,S,WABASH AVE,123,,,,,,,2,NO INDICATION OF INJURY,0,0,0,0,0,1,0,12,4,9,41.87515022,-87.62586678,POINT (-87.625866781434 41.875150223798)
JC438462,,9/18/2019 12:00,30,NO CONTROLS,NO CONTROLS,CLEAR,DAYLIGHT,PARKED MOTOR VEHICLE,NOT DIVIDED,,STRAIGHT AND LEVEL,DRY,NO DEFECTS,NOT ON SCENE (DESK REPORT),NO INJURY / DRIVE AWAY,,,N,$500 OR LESS,9/18/2019 12:46,"VISION OBSCURED (SIGNS, TREE LIMBS, BUILDINGS, ETC.)",UNABLE TO DETERMINE,10715,S,MICHIGAN AVE,513,,,,,,,2,NO INDICATION OF INJURY,0,0,0,0,0,1,0,12,4,9,41.69942061,-87.62077183,POINT (-87.620771827168 41.699420613204)
JC438391,,9/18/2019 11:57,30,NO CONTROLS,NO CONTROLS,CLEAR,DAYLIGHT,REAR TO FRONT,ONE-WAY,,STRAIGHT AND LEVEL,DRY,NO DEFECTS,ON SCENE,NO INJURY / DRIVE AWAY,,,,"OVER $1,500",9/18/2019 11:57,IMPROPER BACKING,NOT APPLICABLE,5103,W,GLADYS AVE,1533,,Y,,,,,2,NO INDICATION OF INJURY,0,0,0,0,0,3,0,11,4,9,41.87566268,-87.75354224,POINT (-87.753542240646 41.875662681393)
JC438387,,9/18/2019 11:55,30,STOP SIGN/FLASHER,FUNCTIONING PROPERLY,CLEAR,DAYLIGHT,ANGLE,NOT DIVIDED,,STRAIGHT AND LEVEL,DRY,NO DEFECTS,ON SCENE,INJURY AND / OR TOW DUE TO CRASH,Y,,,"OVER $1,500",9/18/2019 11:55,FAILING TO YIELD RIGHT-OF-WAY,NOT APPLICABLE,10459,S,EWING AVE,432,,,,,,,2,NONINCAPACITATING INJURY,1,0,0,1,0,1,0,11,4,9,41.70465582,-87.53513817,POINT (-87.535138172592 41.704655817244)
JC438419,,9/18/2019 11:45,40,TRAFFIC SIGNAL,FUNCTIONING PROPERLY,CLEAR,DAYLIGHT,TURNING,T-INTERSECTION,,STRAIGHT AND LEVEL,DRY,UNKNOWN,NOT ON SCENE (DESK REPORT),NO INJURY / DRIVE AWAY,Y,,Y,"OVER $1,500",9/18/2019 12:36,IMPROPER TURNING/NO SIGNAL,NOT APPLICABLE,801,N,LAKE SHORE DR,1833,,,,,,,2,NO INDICATION OF INJURY,0,0,0,0,0,2,0,11,4,9,41.89692937,-87.61694704,POINT (-87.616947038944 41.89692936893)
JC438394,,9/18/2019 11:45,30,NO CONTROLS,NO CONTROLS,CLEAR,DAYLIGHT,REAR END,DIVIDED - W/MEDIAN (NOT RAISED),,STRAIGHT AND LEVEL,DRY,NO DEFECTS,NOT ON SCENE (DESK REPORT),NO INJURY / DRIVE AWAY,,,Y,"$501 - $1,500",9/18/2019 12:30,FOLLOWING TOO CLOSELY,UNABLE TO DETERMINE,10,W,31ST ST,133,,,,,,,2,NO INDICATION OF INJURY,0,0,0,0,0,2,0,11,4,9,41.83840558,-87.62715546,POINT (-87.62715545802 41.838405578816)
JC438455,,9/18/2019 11:35,20,STOP SIGN/FLASHER,FUNCTIONING PROPERLY,CLEAR,DAYLIGHT,OTHER OBJECT,DIVIDED - W/MEDIAN BARRIER,,"CURVE, LEVEL",DRY,UNKNOWN,ON SCENE,NO INJURY / DRIVE AWAY,,Y,,"$501 - $1,500",9/18/2019 12:37,UNABLE TO DETERMINE,NOT APPLICABLE,451,E,25TH ST,133,,,,,,,1,NO INDICATION OF INJURY,0,0,0,0,0,1,0,11,4,9,41.84773283,-87.6162798,POINT (-87.616279796372 41.847732831569)
JC438615,,9/18/2019 11:30,30,TRAFFIC SIGNAL,FUNCTIONING PROPERLY,CLEAR,DAYLIGHT,SIDESWIPE SAME DIRECTION,NOT DIVIDED,,STRAIGHT AND LEVEL,DRY,NO DEFECTS,NOT ON SCENE (DESK REPORT),NO INJURY / DRIVE AWAY,,,,"OVER $1,500",9/18/2019 15:15,UNABLE TO DETERMINE,NOT APPLICABLE,7700,S,KEDZIE AVE,835,,,,,,,2,NO INDICATION OF INJURY,0,0,0,0,0,2,0,11,4,9,41.75335698,-87.70264255,POINT (-87.70264255049 41.753356980012)
JC438390,,9/18/2019 11:30,35,TRAFFIC SIGNAL,FUNCTIONING PROPERLY,CLEAR,DAYLIGHT,REAR END,NOT DIVIDED,,STRAIGHT AND LEVEL,DRY,NO DEFECTS,NOT ON SCENE (DESK REPORT),NO INJURY / DRIVE AWAY,,,,$500 OR LESS,9/18/2019 11:45,FOLLOWING TOO CLOSELY,FOLLOWING TOO CLOSELY,1200,W,GARFIELD BLVD,934,,,,,,,2,NO INDICATION OF INJURY,0,0,0,0,0,4,0,11,4,9,41.79428416,-87.65499144,POINT (-87.654991435145 41.79428416371)
JC438678,,9/18/2019 11:26,30,NO CONTROLS,NO CONTROLS,CLEAR,DAYLIGHT,PARKED MOTOR VEHICLE,DIVIDED - W/MEDIAN (NOT RAISED),,STRAIGHT AND LEVEL,DRY,NO DEFECTS,NOT ON SCENE (DESK REPORT),NO INJURY / DRIVE AWAY,,,,"$501 - $1,500",9/18/2019 16:00,IMPROPER OVERTAKING/PASSING,NOT APPLICABLE,200,N,COLUMBUS DR,114,,,,,,,2,NO INDICATION OF INJURY,0,0,0,0,0,2,0,11,4,9,41.88600583,-87.62082896,POINT (-87.620828956741 41.886005833425)
JC438666,,9/18/2019 11:13,25,NO CONTROLS,NO CONTROLS,CLEAR,DAYLIGHT,PARKED MOTOR VEHICLE,NOT DIVIDED,,STRAIGHT AND LEVEL,DRY,NO DEFECTS,NOT ON SCENE (DESK REPORT),NO INJURY / DRIVE AWAY,,,,$500 OR LESS,9/18/2019 16:00,ROAD ENGINEERING/SURFACE/MARKING DEFECTS,NOT APPLICABLE,2162,N,CLAREMONT AVE,1432,,,,,,,2,NO INDICATION OF INJURY,0,0,0,0,0,1,0,11,4,9,41.92169046,-87.68664723,POINT (-87.686647225929 41.921690461252)
JC438354,,9/18/2019 11:04,35,NO CONTROLS,NO CONTROLS,CLEAR,DAYLIGHT,REAR TO FRONT,DIVIDED - W/MEDIAN (NOT RAISED),,STRAIGHT AND LEVEL,DRY,NO DEFECTS,ON SCENE,INJURY AND / OR TOW DUE TO CRASH,,,,"OVER $1,500",9/18/2019 11:06,IMPROPER BACKING,FAILING TO REDUCE SPEED TO AVOID CRASH,1759,W,87TH ST,2221,,,,,,,2,NO INDICATION OF INJURY,0,0,0,0,0,3,0,11,4,9,41.73561595,-87.66786136,POINT (-87.667861360824 41.735615945977)
JC440910,,9/18/2019 11:00,30,NO CONTROLS,NO CONTROLS,CLEAR,DAYLIGHT,OTHER NONCOLLISION,NOT DIVIDED,,STRAIGHT AND LEVEL,DRY,"RUT, HOLES",NOT ON SCENE (DESK REPORT),INJURY AND / OR TOW DUE TO CRASH,,,,$500 OR LESS,9/20/2019 9:00,NOT APPLICABLE,NOT APPLICABLE,2012,N,AUSTIN AVE,2512,,,,,,,1,NO INDICATION OF INJURY,0,0,0,0,0,1,0,11,4,9,41.91690642,-87.77562861,POINT (-87.775628611592 41.916906415586)
JC439065,Y,9/18/2019 11:00,30,TRAFFIC SIGNAL,FUNCTIONING PROPERLY,CLEAR,DAYLIGHT,SIDESWIPE SAME DIRECTION,ONE-WAY,,STRAIGHT AND LEVEL,DRY,NO DEFECTS,NOT ON SCENE (DESK REPORT),NO INJURY / DRIVE AWAY,Y,,N,$500 OR LESS,9/18/2019 20:15,UNABLE TO DETERMINE,NOT APPLICABLE,3401,W,HARRISON ST,1133,,,,,,,2,NO INDICATION OF INJURY,0,0,0,0,0,2,0,11,4,9,41.87351722,-87.71090159,POINT (-87.710901587953 41.873517221433)
JC438322,,9/18/2019 11:00,30,STOP SIGN/FLASHER,FUNCTIONING PROPERLY,CLEAR,DAYLIGHT,TURNING,FOUR WAY,,STRAIGHT AND LEVEL,DRY,NO DEFECTS,ON SCENE,NO INJURY / DRIVE AWAY,Y,,,$500 OR LESS,9/18/2019 11:07,IMPROPER LANE USAGE,NOT APPLICABLE,3401,W,DOUGLAS BLVD,1021,,,,,,,2,NO INDICATION OF INJURY,0,0,0,0,0,2,0,11,4,9,41.86234348,-87.71049075,POINT (-87.71049074995 41.862343476719)
JC438347,,9/18/2019 10:48,30,NO CONTROLS,FUNCTIONING PROPERLY,CLEAR,DAYLIGHT,REAR END,DIVIDED - W/MEDIAN (NOT RAISED),,STRAIGHT AND LEVEL,DRY,NO DEFECTS,ON SCENE,INJURY AND / OR TOW DUE TO CRASH,,,,$500 OR LESS,9/18/2019 11:05,NOT APPLICABLE,NOT APPLICABLE,225,W,WACKER DR,122,,,,,,,2,"REPORTED, NOT EVIDENT",1,0,0,0,1,2,0,10,4,9,41.88670922,-87.6347109,POINT (-87.634710899459 41.886709222026)
JC438380,,9/18/2019 10:40,30,NO CONTROLS,NO CONTROLS,CLEAR,DAYLIGHT,SIDESWIPE SAME DIRECTION,NOT DIVIDED,,STRAIGHT AND LEVEL,DRY,NO DEFECTS,NOT ON SCENE (DESK REPORT),NO INJURY / DRIVE AWAY,,,Y,"OVER $1,500",9/18/2019 12:03,IMPROPER OVERTAKING/PASSING,NOT APPLICABLE,102,E,LOWER WACKER DR,114,,,,,,,2,NO INDICATION OF INJURY,0,0,0,0,0,2,0,10,4,9,41.88842938,-87.62434862,POINT (-87.624348619522 41.888429379443)
JC438307,,9/18/2019 10:39,30,NO CONTROLS,NO CONTROLS,CLEAR,DAYLIGHT,REAR END,DIVIDED - W/MEDIAN (NOT RAISED),,STRAIGHT AND LEVEL,DRY,NO DEFECTS,NOT ON SCENE (DESK REPORT),INJURY AND / OR TOW DUE TO CRASH,,,Y,"OVER $1,500",9/18/2019 10:49,FAILING TO REDUCE SPEED TO AVOID CRASH,FOLLOWING TOO CLOSELY,321,S,KOSTNER AVE,1131,Y,,,,,,3,NO INDICATION OF INJURY,0,0,0,0,0,3,0,10,4,9,41.87624126,-87.73517602,POINT (-87.735176021845 41.876241256942)
JC438325,Y,9/18/2019 10:35,30,TRAFFIC SIGNAL,FUNCTIONING PROPERLY,CLEAR,DAYLIGHT,REAR END,NOT DIVIDED,,STRAIGHT AND LEVEL,DRY,NO DEFECTS,NOT ON SCENE (DESK REPORT),NO INJURY / DRIVE AWAY,,,,"OVER $1,500",9/18/2019 11:30,UNABLE TO DETERMINE,UNABLE TO DETERMINE,540,W,ROOSEVELT RD,124,,,,,,,2,NO INDICATION OF INJURY,0,0,0,0,0,2,0,10,4,9,41.86735016,-87.64079708,POINT (-87.640797080284 41.867350160014)
JC438315,,9/18/2019 10:35,30,TRAFFIC SIGNAL,FUNCTIONING PROPERLY,CLEAR,DAYLIGHT,REAR END,Y-INTERSECTION,,STRAIGHT AND LEVEL,DRY,NO DEFECTS,ON SCENE,NO INJURY / DRIVE AWAY,,,,"$501 - $1,500",9/18/2019 10:40,IMPROPER OVERTAKING/PASSING,IMPROPER LANE USAGE,200,S,MICHIGAN AVE,113,,,,,,,2,NO INDICATION OF INJURY,0,0,0,0,0,3,0,10,4,9,41.87948933,-87.62449813,POINT (-87.624498124934 41.879489328698)
JC439897,,9/18/2019 10:30,30,UNKNOWN,UNKNOWN,CLEAR,DAYLIGHT,PARKED MOTOR VEHICLE,UNKNOWN,,STRAIGHT AND LEVEL,DRY,NO DEFECTS,NOT ON SCENE (DESK REPORT),NO INJURY / DRIVE AWAY,,Y,Y,"OVER $1,500",9/19/2019 14:30,UNABLE TO DETERMINE,UNABLE TO DETERMINE,928,N,MOZART ST,1211,,,,,,,2,NO INDICATION OF INJURY,0,0,0,0,0,1,0,10,4,9,41.89896934,-87.69817632,POINT (-87.698176320524 41.898969338283)
JC438383,,9/18/2019 10:30,30,NO CONTROLS,NO CONTROLS,CLEAR,DAYLIGHT,ANGLE,DIVIDED - W/MEDIAN (NOT RAISED),,STRAIGHT AND LEVEL,DRY,NO DEFECTS,,INJURY AND / OR TOW DUE TO CRASH,Y,,,"OVER $1,500",9/18/2019 10:35,FAILING TO YIELD RIGHT-OF-WAY,FAILING TO YIELD RIGHT-OF-WAY,700,W,LAKE ST,1214,,,,,,,2,INCAPACITATING INJURY,3,0,3,0,0,0,0,10,4,9,41.88579694,-87.64570081,POINT (-87.645700808301 41.885796941486)
JC438429,Y,9/18/2019 10:00,30,NO CONTROLS,NO CONTROLS,CLEAR,DAYLIGHT,SIDESWIPE SAME DIRECTION,OTHER,,STRAIGHT AND LEVEL,DRY,NO DEFECTS,ON SCENE,NO INJURY / DRIVE AWAY,,Y,N,"$501 - $1,500",9/18/2019 12:29,UNABLE TO DETERMINE,NOT APPLICABLE,1150,W,FULLERTON AVE,1932,,Y,,,,,2,NO INDICATION OF INJURY,0,0,0,0,0,1,0,10,4,9,41.92540664,-87.65806218,POINT (-87.658062183857 41.92540663614)
JC438407,,9/18/2019 10:00,10,NO CONTROLS,NO CONTROLS,CLEAR,DUSK,ANGLE,PARKING LOT,,STRAIGHT AND LEVEL,DRY,NO DEFECTS,NOT ON SCENE (DESK REPORT),NO INJURY / DRIVE AWAY,,,,"OVER $1,500",9/18/2019 12:25,FAILING TO YIELD RIGHT-OF-WAY,NOT APPLICABLE,3225,W,ADDISON ST,1733,,,,,,,2,NO INDICATION OF INJURY,0,0,0,0,0,2,0,10,4,9,41.94651258,-87.7088883,POINT (-87.708888304499 41.94651257878)
JC438270,,9/18/2019 9:56,30,NO CONTROLS,NO CONTROLS,CLEAR,DAYLIGHT,REAR END,DIVIDED - W/MEDIAN (NOT RAISED),,STRAIGHT AND LEVEL,DRY,NO DEFECTS,ON SCENE,NO INJURY / DRIVE AWAY,,,Y,"OVER $1,500",9/18/2019 10:02,FAILING TO REDUCE SPEED TO AVOID CRASH,UNABLE TO DETERMINE,501,N,COLUMBUS DR,1834,,,,,,,3,NO INDICATION OF INJURY,0,0,0,0,0,3,0,9,4,9,41.89104258,-87.62007804,POINT (-87.620078044211 41.891042580496)
JC439032,,9/18/2019 9:55,30,TRAFFIC SIGNAL,FUNCTIONING PROPERLY,CLEAR,DAYLIGHT,PEDESTRIAN,ONE-WAY,,STRAIGHT AND LEVEL,DRY,NO DEFECTS,NOT ON SCENE (DESK REPORT),INJURY AND / OR TOW DUE TO CRASH,Y,,,$500 OR LESS,9/18/2019 20:00,FAILING TO YIELD RIGHT-OF-WAY,FAILING TO REDUCE SPEED TO AVOID CRASH,303,W,MADISON ST,122,,,,,,,2,"REPORTED, NOT EVIDENT",1,0,0,0,1,1,0,9,4,9,41.88182249,-87.63543657,POINT (-87.635436571027 41.88182249377)
JC438715,,9/18/2019 9:50,30,TRAFFIC SIGNAL,FUNCTIONING PROPERLY,CLEAR,DAYLIGHT,REAR END,ONE-WAY,,STRAIGHT AND LEVEL,DRY,NO DEFECTS,NOT ON SCENE (DESK REPORT),NO INJURY / DRIVE AWAY,,,,"$501 - $1,500",9/18/2019 16:30,IMPROPER BACKING,UNABLE TO DETERMINE,1,W,SUPERIOR ST,1832,,,,,,,2,NO INDICATION OF INJURY,0,0,0,0,0,2,0,9,4,9,41.89556835,-87.62825186,POINT (-87.628251861473 41.895568348703)
JC438244,Y,9/18/2019 9:45,35,NO CONTROLS,NO CONTROLS,CLEAR,DAYLIGHT,TURNING,DIVIDED - W/MEDIAN (NOT RAISED),,STRAIGHT AND LEVEL,DRY,NO DEFECTS,ON SCENE,NO INJURY / DRIVE AWAY,,,,"OVER $1,500",9/18/2019 9:51,IMPROPER OVERTAKING/PASSING,UNABLE TO DETERMINE,2019,N,OAK PARK AVE,2512,,,,,,,2,NO INDICATION OF INJURY,0,0,0,0,0,2,0,9,4,9,41.91691061,-87.79488762,POINT (-87.794887615416 41.916910609038)
JC438294,,9/18/2019 9:44,25,NO CONTROLS,NO CONTROLS,CLEAR,DAYLIGHT,PARKED MOTOR VEHICLE,ONE-WAY,,STRAIGHT AND LEVEL,DRY,NO DEFECTS,ON SCENE,INJURY AND / OR TOW DUE TO CRASH,,,,"OVER $1,500",9/18/2019 10:23,DRIVING ON WRONG SIDE/WRONG WAY,NOT APPLICABLE,623,S,FEDERAL ST,123,,,,,,,3,NONINCAPACITATING INJURY,1,0,0,1,0,1,0,9,4,9,41.8741877,-87.62950787,POINT (-87.629507864745 41.874187697971)
JC438309,,9/18/2019 9:40,30,NO CONTROLS,NO CONTROLS,CLEAR,DAYLIGHT,PARKED MOTOR VEHICLE,PARKING LOT,,STRAIGHT AND LEVEL,DRY,NO DEFECTS,NOT ON SCENE (DESK REPORT),NO INJURY / DRIVE AWAY,,Y,,"OVER $1,500",9/18/2019 11:00,UNABLE TO DETERMINE,FAILING TO REDUCE SPEED TO AVOID CRASH,850,W,IRVING PARK RD,1915,,,,,,,2,NO INDICATION OF INJURY,0,0,0,0,0,1,0,9,4,9,41.95464083,-87.65156901,POINT (-87.651569012354 41.954640825372)
JC438272,,9/18/2019 9:40,20,NO CONTROLS,NO CONTROLS,CLEAR,DAYLIGHT,FIXED OBJECT,NOT DIVIDED,,STRAIGHT ON GRADE,DRY,NO DEFECTS,ON SCENE,INJURY AND / OR TOW DUE TO CRASH,,,,"OVER $1,500",9/18/2019 9:46,NOT APPLICABLE,NOT APPLICABLE,1714,N,DAYTON ST,1813,,,,,,,3,INCAPACITATING INJURY,1,0,1,0,0,0,0,9,4,9,41.91319959,-87.64970494,POINT (-87.649704939044 41.913199591082)
JC438234,,9/18/2019 9:35,30,NO CONTROLS,NO CONTROLS,CLEAR,DAYLIGHT,PARKED MOTOR VEHICLE,PARKING LOT,,STRAIGHT AND LEVEL,DRY,NO DEFECTS,ON SCENE,NO INJURY / DRIVE AWAY,,Y,Y,"OVER $1,500",9/18/2019 9:38,UNABLE TO DETERMINE,DRIVING SKILLS/KNOWLEDGE/EXPERIENCE,150,W,127TH ST,523,,,,,,,2,NO INDICATION OF INJURY,0,0,0,0,0,1,0,9,4,9,41.66350259,-87.62650611,POINT (-87.62650611189 41.663502590014)
JC438265,,9/18/2019 9:30,30,NO CONTROLS,NO CONTROLS,CLEAR,DAYLIGHT,REAR END,ONE-WAY,,STRAIGHT AND LEVEL,DRY,NO DEFECTS,NOT ON SCENE (DESK REPORT),NO INJURY / DRIVE AWAY,N,,,"OVER $1,500",9/18/2019 10:35,EQUIPMENT - VEHICLE CONDITION,NOT APPLICABLE,5000,W,BYRON ST,1634,,,,,,,2,NO INDICATION OF INJURY,0,0,0,0,0,2,0,9,4,9,41.9516209,-87.75230787,POINT (-87.752307866597 41.95162090112)
JC438201,Y,9/18/2019 9:30,10,OTHER WARNING SIGN,FUNCTIONING IMPROPERLY,CLEAR,DAYLIGHT,FIXED OBJECT,RAMP,,CURVE ON GRADE,DRY,UNKNOWN,ON SCENE,NO INJURY / DRIVE AWAY,,,,"$501 - $1,500",9/18/2019 9:30,DRIVING SKILLS/KNOWLEDGE/EXPERIENCE,FAILING TO REDUCE SPEED TO AVOID CRASH,10255,W,ZEMKE RD,1654,,,,,,,1,NO INDICATION OF INJURY,0,0,0,0,0,1,0,9,4,9,41.99479339,-87.88270766,POINT (-87.882707659516 41.994793386112)
JC438228,,9/18/2019 9:25,30,OTHER WARNING SIGN,FUNCTIONING PROPERLY,CLEAR,DAYLIGHT,SIDESWIPE SAME DIRECTION,FOUR WAY,,STRAIGHT AND LEVEL,DRY,NO DEFECTS,ON SCENE,NO INJURY / DRIVE AWAY,N,,,"OVER $1,500",9/18/2019 9:35,FAILING TO YIELD RIGHT-OF-WAY,IMPROPER LANE USAGE,1907,N,WESTERN AVE,1434,,,,Y,CONSTRUCTION,Y,2,NO INDICATION OF INJURY,0,0,0,0,0,2,0,9,4,9,41.9159993,-87.68722376,POINT (-87.687223757748 41.915999297568)
JC438229,,9/18/2019 9:15,30,NO CONTROLS,NO CONTROLS,CLEAR,DAYLIGHT,REAR TO FRONT,NOT DIVIDED,,STRAIGHT AND LEVEL,DRY,NO DEFECTS,NOT ON SCENE (DESK REPORT),NO INJURY / DRIVE AWAY,,,,"$501 - $1,500",9/18/2019 9:45,IMPROPER BACKING,UNABLE TO DETERMINE,900,W,MONTANA ST,1932,,,,,,,2,NO INDICATION OF INJURY,0,0,0,0,0,2,0,9,4,9,41.92670195,-87.65075326,POINT (-87.650753255626 41.92670195233)
JC438352,,9/18/2019 9:12,30,NO CONTROLS,NO CONTROLS,CLEAR,DAYLIGHT,TURNING,OTHER,,STRAIGHT AND LEVEL,DRY,NO DEFECTS,NOT ON SCENE (DESK REPORT),NO INJURY / DRIVE AWAY,,,Y,"$501 - $1,500",9/18/2019 11:30,IMPROPER TURNING/NO SIGNAL,NOT APPLICABLE,225,W,WACKER DR,122,,,,,,,2,NO INDICATION OF INJURY,0,0,0,0,0,2,0,9,4,9,41.88670922,-87.6347109,POINT (-87.634710899459 41.886709222026)
JC438178,,9/18/2019 9:10,25,NO CONTROLS,NO CONTROLS,CLEAR,DAYLIGHT,REAR END,NOT DIVIDED,,STRAIGHT AND LEVEL,DRY,NO DEFECTS,ON SCENE,NO INJURY / DRIVE AWAY,,,,"$501 - $1,500",9/18/2019 9:15,FOLLOWING TOO CLOSELY,NOT APPLICABLE,1859,S,ASHLAND AVE,1233,,,,,,,2,NO INDICATION OF INJURY,0,0,0,0,0,2,0,9,4,9,41.85602393,-87.6659509,POINT (-87.665950902458 41.856023932031)
JC438899,,9/18/2019 9:00,30,NO CONTROLS,NO CONTROLS,CLEAR,DAYLIGHT,FIXED OBJECT,NOT DIVIDED,,STRAIGHT AND LEVEL,WET,"RUT, HOLES",NOT ON SCENE (DESK REPORT),NO INJURY / DRIVE AWAY,,,,"OVER $1,500",9/18/2019 18:16,UNABLE TO DETERMINE,UNABLE TO DETERMINE,3863,W,COLUMBUS AVE,834,,,,,,,1,NO INDICATION OF INJURY,0,0,0,0,0,1,0,9,4,9,41.73798401,-87.71822708,POINT (-87.718227079775 41.737984006194)
JC438198,,9/18/2019 9:00,20,NO CONTROLS,NO CONTROLS,CLEAR,DAYLIGHT,REAR END,DIVIDED - W/MEDIAN (NOT RAISED),,STRAIGHT AND LEVEL,DRY,NO DEFECTS,ON SCENE,INJURY AND / OR TOW DUE TO CRASH,,,,"OVER $1,500",9/18/2019 9:10,FOLLOWING TOO CLOSELY,FOLLOWING TOO CLOSELY,966,N,MILWAUKEE AVE,1213,,,,,,,3,"REPORTED, NOT EVIDENT",1,0,0,0,1,2,0,9,4,9,41.89958302,-87.66079953,POINT (-87.660799532146 41.899583015474)
JC438176,,9/18/2019 9:00,30,TRAFFIC SIGNAL,FUNCTIONING PROPERLY,CLEAR,DAYLIGHT,TURNING,FOUR WAY,,STRAIGHT AND LEVEL,DRY,NO DEFECTS,ON SCENE,INJURY AND / OR TOW DUE TO CRASH,Y,,,"OVER $1,500",9/18/2019 9:00,FAILING TO YIELD RIGHT-OF-WAY,NOT APPLICABLE,4400,S,PULASKI RD,815,,,,,,,2,NO INDICATION OF INJURY,0,0,0,0,0,2,0,9,4,9,41.8132716,-87.72393521,POINT (-87.723935214329 41.813271598175)
JC438175,,9/18/2019 9:00,30,TRAFFIC SIGNAL,FUNCTIONING PROPERLY,UNKNOWN,DAYLIGHT,REAR END,NOT DIVIDED,,STRAIGHT AND LEVEL,UNKNOWN,UNKNOWN,NOT ON SCENE (DESK REPORT),NO INJURY / DRIVE AWAY,,,,"OVER $1,500",9/18/2019 9:15,FOLLOWING TOO CLOSELY,FOLLOWING TOO CLOSELY,1,W,79TH ST,623,,,,,,,2,NO INDICATION OF INJURY,0,0,0,0,0,2,0,9,4,9,41.75084944,-87.62455571,POINT (-87.624555706644 41.750849435344)