RD_NO,CRASH_DATE_EST_I,CRASH_DATE,POSTED_SPEED_LIMIT,TRAFFIC_CONTROL_DEVICE,DEVICE_CONDITION,WEATHER_CONDITION,LIGHTING_CONDITION,FIRST_CRASH_TYPE,TRAFFICWAY_TYPE,LANE_CNT,ALIGNMENT,ROADWAY_SURFACE_COND,ROAD_DEFECT,REPORT_TYPE,CRASH_TYPE,INTERSECTION_RELATED_I,NOT_RIGHT_OF_WAY_I,HIT_AND_RUN_I,DAMAGE,DATE_POLICE_NOTIFIED,PRIM_CONTRIBUTORY_CAUSE,SEC_CONTRIBUTORY_CAUSE,STREET_NO,STREET_DIRECTION,STREET_NAME,BEAT_OF_OCCURRENCE,PHOTOS_TAKEN_I,STATEMENTS_TAKEN_I,DOORING_I,WORK_ZONE_I,WORK_ZONE_TYPE,WORKERS_PRESENT_I,NUM_UNITS,MOST_SEVERE_INJURY,INJURIES_TOTAL,INJURIES_FATAL,INJURIES_INCAPACITATING,INJURIES_NON_INCAPACITATING,INJURIES_REPORTED_NOT_EVIDENT,INJURIES_NO_INDICATION,INJURIES_UNKNOWN,CRASH_HOUR,CRASH_DAY_OF_WEEK,CRASH_MONTH,LATITUDE,LONGITUDE,LOCATION
JC438207,,9/18/2019 8:59,30,NO CONTROLS,NO CONTROLS,CLEAR,DAYLIGHT,ANGLE,NOT DIVIDED,,STRAIGHT AND LEVEL,DRY,NO DEFECTS,NOT ON SCENE (DESK REPORT),INJURY AND / OR TOW DUE TO CRASH,,,,"OVER $1,500",9/18/2019 8:59,UNABLE TO DETERMINE,UNABLE TO DETERMINE,3941,W,WASHINGTON BLVD,1122,,,,,,,2,"REPORTED, NOT EVIDENT",1,0,0,0,1,1,0,8,4,9,41.88174166,-87.72487233,POINT (-87.724872326683 41.881741660251)
JC438153,,9/18/2019 8:55,30,NO CONTROLS,NO CONTROLS,CLEAR,DAYLIGHT,REAR END,DIVIDED - W/MEDIAN (NOT RAISED),,STRAIGHT AND LEVEL,DRY,NO DEFECTS,ON SCENE,NO INJURY / DRIVE AWAY,,,,"OVER $1,500",9/18/2019 8:58,UNABLE TO DETERMINE,UNABLE TO DETERMINE,4110,S,ASHLAND AVE,924,,,,,,,3,NO INDICATION OF INJURY,0,0,0,0,0,3,0,8,4,9,41.81920402,-87.66537003,POINT (-87.665370028163 41.819204015239)
JC438145,,9/18/2019 8:51,30,TRAFFIC SIGNAL,FUNCTIONING PROPERLY,CLEAR,DAYLIGHT,PEDESTRIAN,NOT DIVIDED,,STRAIGHT AND LEVEL,DRY,NO DEFECTS,ON SCENE,INJURY AND / OR TOW DUE TO CRASH,,,,"$501 - $1,500",9/18/2019 8:51,UNABLE TO DETERMINE,UNABLE TO DETERMINE,6325,N,CENTRAL AVE,1621,,N,,,,,2,NONINCAPACITATING INJURY,1,0,0,1,0,1,0,8,4,9,41.99661244,-87.76388952,POINT (-87.763889523504 41.996612437731)
JC438240,,9/18/2019 8:50,15,NO CONTROLS,NO CONTROLS,CLEAR,DAYLIGHT,PARKED MOTOR VEHICLE,PARKING LOT,,STRAIGHT AND LEVEL,DRY,NO DEFECTS,NOT ON SCENE (DESK REPORT),NO INJURY / DRIVE AWAY,,,,"$501 - $1,500",9/18/2019 10:18,UNABLE TO DETERMINE,NOT APPLICABLE,1401,S,CALIFORNIA BLVD,1023,,,,,,,2,NO INDICATION OF INJURY,0,0,0,0,0,1,0,8,4,9,41.86251967,-87.69564453,POINT (-87.695644533841 41.862519665974)
JC438194,,9/18/2019 8:50,15,NO CONTROLS,NO CONTROLS,CLEAR,DAYLIGHT,PARKED MOTOR VEHICLE,ONE-WAY,,STRAIGHT AND LEVEL,DRY,WORN SURFACE,ON SCENE,NO INJURY / DRIVE AWAY,,,Y,"OVER $1,500",9/18/2019 8:52,UNABLE TO DETERMINE,NOT APPLICABLE,2824,E,77TH PL,421,,,,,,,2,NO INDICATION OF INJURY,0,0,0,0,0,1,0,8,4,9,41.75503476,-87.55438081,POINT (-87.554380806334 41.755034762572)
JC438189,,9/18/2019 8:50,30,STOP SIGN/FLASHER,FUNCTIONING PROPERLY,CLEAR,DAYLIGHT,SIDESWIPE OPPOSITE DIRECTION,NOT DIVIDED,,STRAIGHT AND LEVEL,DRY,NO DEFECTS,NOT ON SCENE (DESK REPORT),NO INJURY / DRIVE AWAY,Y,,,"OVER $1,500",9/18/2019 9:25,FAILING TO YIELD RIGHT-OF-WAY,NOT APPLICABLE,5101,N,ELSTON AVE,1621,,,,,,,2,NO INDICATION OF INJURY,0,0,0,0,0,2,0,8,4,9,41.97379934,-87.74917044,POINT (-87.749170435748 41.973799340788)
JC438686,,9/18/2019 8:45,30,TRAFFIC SIGNAL,FUNCTIONING PROPERLY,CLEAR,DAYLIGHT,REAR END,NOT DIVIDED,,STRAIGHT AND LEVEL,DRY,NO DEFECTS,NOT ON SCENE (DESK REPORT),NO INJURY / DRIVE AWAY,Y,,,"OVER $1,500",9/18/2019 15:45,FOLLOWING TOO CLOSELY,FAILING TO REDUCE SPEED TO AVOID CRASH,2600,N,PULASKI RD,2524,,,,,,,2,NO INDICATION OF INJURY,0,0,0,0,0,3,0,8,4,9,41.92822191,-87.72702494,POINT (-87.727024942983 41.928221906766)
JC438682,,9/18/2019 8:45,30,NO CONTROLS,NO CONTROLS,CLEAR,DAYLIGHT,PARKED MOTOR VEHICLE,NOT DIVIDED,,STRAIGHT AND LEVEL,DRY,NO DEFECTS,,NO INJURY / DRIVE AWAY,,,Y,"$501 - $1,500",9/18/2019 16:00,UNABLE TO DETERMINE,UNABLE TO DETERMINE,3572,N,SHEFFIELD AVE,1924,,,,,,,1,NO INDICATION OF INJURY,0,0,0,0,0,1,0,8,4,9,41.94714947,-87.65447431,POINT (-87.654474308014 41.947149464981)
JC438293,,9/18/2019 8:45,30,TRAFFIC SIGNAL,NO CONTROLS,CLEAR,DAYLIGHT,TURNING,NOT DIVIDED,,STRAIGHT AND LEVEL,DRY,NO DEFECTS,NOT ON SCENE (DESK REPORT),INJURY AND / OR TOW DUE TO CRASH,Y,,,"OVER $1,500",9/18/2019 11:00,FAILING TO YIELD RIGHT-OF-WAY,FAILING TO YIELD RIGHT-OF-WAY,1200,N,CICERO AVE,2533,,,,,,,2,NO INDICATION OF INJURY,0,0,0,0,0,2,0,8,4,9,41.90239626,-87.74612612,POINT (-87.746126119551 41.902396260608)
JC438274,,9/18/2019 8:45,30,TRAFFIC SIGNAL,FUNCTIONING PROPERLY,CLEAR,DAYLIGHT,SIDESWIPE SAME DIRECTION,NOT DIVIDED,,STRAIGHT AND LEVEL,DRY,NO DEFECTS,ON SCENE,NO INJURY / DRIVE AWAY,Y,,Y,"OVER $1,500",9/18/2019 9:07,IMPROPER LANE USAGE,IMPROPER TURNING/NO SIGNAL,4701,S,WESTERN BLVD,931,,,,,,,2,NO INDICATION OF INJURY,0,0,0,0,0,2,0,8,4,9,41.80837313,-87.68372601,POINT (-87.683726004712 41.808373127744)
JC438235,,9/18/2019 8:45,30,NO CONTROLS,NO CONTROLS,CLEAR,DAYLIGHT,REAR END,NOT DIVIDED,,STRAIGHT AND LEVEL,DRY,NO DEFECTS,NOT ON SCENE (DESK REPORT),NO INJURY / DRIVE AWAY,,,,"OVER $1,500",9/18/2019 9:50,FOLLOWING TOO CLOSELY,NOT APPLICABLE,3831,W,JACKSON BLVD,1133,,,,,,,2,NO INDICATION OF INJURY,0,0,0,0,0,2,0,8,4,9,41.87702338,-87.72194424,POINT (-87.721944244151 41.877023376471)
JC438249,,9/18/2019 8:40,35,NO CONTROLS,NO CONTROLS,CLEAR,DAYLIGHT,PARKED MOTOR VEHICLE,DIVIDED - W/MEDIAN (NOT RAISED),,STRAIGHT AND LEVEL,DRY,NO DEFECTS,ON SCENE,INJURY AND / OR TOW DUE TO CRASH,,,,"OVER $1,500",9/18/2019 10:02,PHYSICAL CONDITION OF DRIVER,NOT APPLICABLE,7014,W,NORTH AVE,2513,,,,,,,3,NO INDICATION OF INJURY,0,0,0,0,0,1,0,8,4,9,41.90905443,-87.80095693,POINT (-87.800956930056 41.909054425057)
JC438158,,9/18/2019 8:35,15,NO CONTROLS,NO CONTROLS,CLEAR,DAYLIGHT,PARKED MOTOR VEHICLE,PARKING LOT,,STRAIGHT AND LEVEL,DRY,NO DEFECTS,ON SCENE,INJURY AND / OR TOW DUE TO CRASH,,Y,,"OVER $1,500",9/18/2019 8:37,DRIVING SKILLS/KNOWLEDGE/EXPERIENCE,UNABLE TO DETERMINE,3350,N,WESTERN AVE,1921,,,,,,,2,NONINCAPACITATING INJURY,1,0,0,1,0,0,0,8,4,9,41.9427472,-87.68835432,POINT (-87.688354321496 41.942747195164)
JC438138,,9/18/2019 8:35,30,NO CONTROLS,NO CONTROLS,CLEAR,DAYLIGHT,SIDESWIPE OPPOSITE DIRECTION,NOT DIVIDED,,STRAIGHT AND LEVEL,DRY,NO DEFECTS,ON SCENE,NO INJURY / DRIVE AWAY,,,Y,$500 OR LESS,9/18/2019 8:38,IMPROPER OVERTAKING/PASSING,IMPROPER LANE USAGE,2230,W,43RD ST,924,,,,,,,2,NO INDICATION OF INJURY,0,0,0,0,0,3,0,8,4,9,41.81583784,-87.68101425,POINT (-87.681014247128 41.815837842431)
JC441746,,9/18/2019 8:30,30,NO CONTROLS,NO CONTROLS,CLEAR,DAYLIGHT,PARKED MOTOR VEHICLE,NOT DIVIDED,,STRAIGHT AND LEVEL,DRY,NO DEFECTS,NOT ON SCENE (DESK REPORT),NO INJURY / DRIVE AWAY,,,Y,"$501 - $1,500",9/20/2019 18:57,IMPROPER OVERTAKING/PASSING,IMPROPER OVERTAKING/PASSING,832,W,129TH PL,523,,,,,,,2,NO INDICATION OF INJURY,0,0,0,0,0,1,0,8,4,9,41.65858701,-87.6426181,POINT (-87.642618103225 41.658587006986)
JC438208,,9/18/2019 8:30,30,NO CONTROLS,NO CONTROLS,CLEAR,DAYLIGHT,REAR END,NOT DIVIDED,,STRAIGHT AND LEVEL,DRY,NO DEFECTS,NOT ON SCENE (DESK REPORT),NO INJURY / DRIVE AWAY,,,,"$501 - $1,500",9/18/2019 9:30,UNABLE TO DETERMINE,UNABLE TO DETERMINE,1423,W,LAKE ST,1224,,,,,,,2,NO INDICATION OF INJURY,0,0,0,0,0,2,0,8,4,9,41.88529408,-87.66304705,POINT (-87.663047048194 41.885294075252)
JC438152,,9/18/2019 8:30,20,NO CONTROLS,NO CONTROLS,CLEAR,DAYLIGHT,TURNING,ONE-WAY,,STRAIGHT AND LEVEL,DRY,NO DEFECTS,NOT ON SCENE (DESK REPORT),NO INJURY / DRIVE AWAY,,,,"OVER $1,500",9/18/2019 9:05,UNABLE TO DETERMINE,UNABLE TO DETERMINE,2400,W,CUYLER AVE,1911,,,,,,,2,NO INDICATION OF INJURY,0,0,0,0,0,3,0,8,4,9,41.95504429,-87.68861625,POINT (-87.688616252585 41.955044290385)
JC438143,,9/18/2019 8:30,30,PEDESTRIAN CROSSING SIGN,NO CONTROLS,CLEAR,DAYLIGHT,SIDESWIPE SAME DIRECTION,NOT DIVIDED,,STRAIGHT AND LEVEL,DRY,NO DEFECTS,ON SCENE,NO INJURY / DRIVE AWAY,,,,"OVER $1,500",9/18/2019 8:34,UNABLE TO DETERMINE,NOT APPLICABLE,7231,W,HIGGINS AVE,1613,,,,,,,2,NO INDICATION OF INJURY,0,0,0,0,0,2,0,8,4,9,41.98144269,-87.8088585,POINT (-87.808858499535 41.981442690789)
JC438134,,9/18/2019 8:30,30,NO CONTROLS,NO CONTROLS,CLEAR,DAYLIGHT,PARKED MOTOR VEHICLE,ONE-WAY,,STRAIGHT AND LEVEL,DRY,NO DEFECTS,ON SCENE,INJURY AND / OR TOW DUE TO CRASH,,,Y,"$501 - $1,500",9/18/2019 8:33,UNABLE TO DETERMINE,UNABLE TO DETERMINE,6105,S,CHAMPLAIN AVE,313,,,,,,,2,NO INDICATION OF INJURY,0,0,0,0,0,1,0,8,4,9,41.78378879,-87.60950844,POINT (-87.609508437308 41.783788792398)
JC438117,,9/18/2019 8:30,30,TRAFFIC SIGNAL,FUNCTIONING PROPERLY,CLEAR,DAYLIGHT,PEDESTRIAN,DIVIDED - W/MEDIAN (NOT RAISED),,STRAIGHT AND LEVEL,DRY,NO DEFECTS,ON SCENE,INJURY AND / OR TOW DUE TO CRASH,Y,,,"OVER $1,500",9/18/2019 8:35,"VISION OBSCURED (SIGNS, TREE LIMBS, BUILDINGS, ETC.)",NOT APPLICABLE,1200,S,UNION AVE,1232,,,,,,,2,NONINCAPACITATING INJURY,1,0,0,1,0,3,0,8,4,9,41.86711966,-87.6452815,POINT (-87.645281499953 41.86711966073)
JC438364,,9/18/2019 8:25,30,NO CONTROLS,NO CONTROLS,CLEAR,DAYLIGHT,SIDESWIPE SAME DIRECTION,NOT DIVIDED,,STRAIGHT AND LEVEL,DRY,NO DEFECTS,NOT ON SCENE (DESK REPORT),NO INJURY / DRIVE AWAY,,,Y,"OVER $1,500",9/18/2019 12:00,"OPERATING VEHICLE IN ERRATIC, RECKLESS, CARELESS, NEGLIGENT OR AGGRESSIVE MANNER",NOT APPLICABLE,842,W,111TH ST,2233,,,,,,,2,NO INDICATION OF INJURY,0,0,0,0,0,3,0,8,4,9,41.69244602,-87.64408133,POINT (-87.64408133336 41.692446016825)
JC438181,,9/18/2019 8:25,5,NO CONTROLS,NO CONTROLS,CLEAR,DAYLIGHT,PEDESTRIAN,PARKING LOT,,STRAIGHT AND LEVEL,DRY,NO DEFECTS,ON SCENE,INJURY AND / OR TOW DUE TO CRASH,,Y,,$500 OR LESS,9/18/2019 8:35,IMPROPER BACKING,IMPROPER BACKING,22,E,63RD ST,311,,Y,,,,,2,NONINCAPACITATING INJURY,1,0,0,1,0,1,0,8,4,9,41.78014528,-87.62448621,POINT (-87.624486207712 41.780145279241)
JC438142,,9/18/2019 8:25,30,NO CONTROLS,NO CONTROLS,CLEAR,DAYLIGHT,PARKED MOTOR VEHICLE,NOT DIVIDED,,STRAIGHT AND LEVEL,DRY,NO DEFECTS,ON SCENE,NO INJURY / DRIVE AWAY,,,,$500 OR LESS,9/18/2019 8:25,DRIVING SKILLS/KNOWLEDGE/EXPERIENCE,UNABLE TO DETERMINE,6841,W,64TH ST,812,,,,,,,3,NO INDICATION OF INJURY,0,0,0,0,0,1,0,8,4,9,41.77557161,-87.79261156,POINT (-87.792611557723 41.775571607954)
JC438137,,9/18/2019 8:20,30,NO CONTROLS,FUNCTIONING PROPERLY,CLEAR,DAYLIGHT,SIDESWIPE SAME DIRECTION,DIVIDED - W/MEDIAN (NOT RAISED),,STRAIGHT AND LEVEL,DRY,NO DEFECTS,ON SCENE,NO INJURY / DRIVE AWAY,,,,$500 OR LESS,9/18/2019 8:28,IMPROPER OVERTAKING/PASSING,NOT APPLICABLE,3023,W,OGDEN AVE,1022,,,,,,,2,NO INDICATION OF INJURY,0,0,0,0,0,3,0,8,4,9,41.85912484,-87.70148433,POINT (-87.701484328901 41.859124843887)
JC438123,,9/18/2019 8:20,25,NO CONTROLS,OTHER,CLEAR,DAYLIGHT,SIDESWIPE SAME DIRECTION,NOT DIVIDED,,STRAIGHT AND LEVEL,DRY,NO DEFECTS,ON SCENE,NO INJURY / DRIVE AWAY,,,,"$501 - $1,500",9/18/2019 8:30,UNABLE TO DETERMINE,UNABLE TO DETERMINE,732,E,42ND ST,214,,,,,,,2,NO INDICATION OF INJURY,0,0,0,0,0,2,0,8,4,9,41.81869228,-87.60787642,POINT (-87.60787641528 41.818692279609)
JC438856,,9/18/2019 8:15,20,NO CONTROLS,NO CONTROLS,CLEAR,DAYLIGHT,TURNING,NOT DIVIDED,,STRAIGHT AND LEVEL,DRY,NO DEFECTS,NOT ON SCENE (DESK REPORT),NO INJURY / DRIVE AWAY,,,Y,"OVER $1,500",9/18/2019 17:45,UNABLE TO DETERMINE,NOT APPLICABLE,325,W,FULLERTON PKWY,1814,,,,,,,2,NO INDICATION OF INJURY,0,0,0,0,0,2,0,8,4,9,41.92551885,-87.6376241,POINT (-87.637624095395 41.925518850034)
JC438209,,9/18/2019 8:15,35,TRAFFIC SIGNAL,FUNCTIONING PROPERLY,CLEAR,DAYLIGHT,TURNING,DIVIDED - W/MEDIAN (NOT RAISED),,STRAIGHT AND LEVEL,DRY,NO DEFECTS,NOT ON SCENE (DESK REPORT),NO INJURY / DRIVE AWAY,Y,,,"OVER $1,500",9/18/2019 9:45,UNABLE TO DETERMINE,UNABLE TO DETERMINE,3200,W,87TH ST,834,,,,,,,2,NO INDICATION OF INJURY,0,0,0,0,0,2,0,8,4,9,41.73529567,-87.70221902,POINT (-87.702219018846 41.735295669627)
JC438130,,9/18/2019 8:15,30,TRAFFIC SIGNAL,FUNCTIONING PROPERLY,CLEAR,DAYLIGHT,TURNING,NOT DIVIDED,,STRAIGHT AND LEVEL,DRY,NO DEFECTS,NOT ON SCENE (DESK REPORT),NO INJURY / DRIVE AWAY,,,,"OVER $1,500",9/18/2019 9:00,IMPROPER LANE USAGE,IMPROPER TURNING/NO SIGNAL,5201,W,GRAND AVE,2515,,,,,,,2,NO INDICATION OF INJURY,0,0,0,0,0,3,0,8,4,9,41.91683991,-87.75603595,POINT (-87.756035950733 41.916839914318)
JC438127,,9/18/2019 8:15,30,NO CONTROLS,NO CONTROLS,CLEAR,DAYLIGHT,REAR TO SIDE,NOT DIVIDED,,STRAIGHT AND LEVEL,DRY,NO DEFECTS,ON SCENE,NO INJURY / DRIVE AWAY,,,Y,"$501 - $1,500",9/18/2019 8:24,IMPROPER BACKING,NOT APPLICABLE,7153,N,CALIFORNIA AVE,2411,,,,,,,2,NO INDICATION OF INJURY,0,0,0,0,0,2,0,8,4,9,42.0118339,-87.69957586,POINT (-87.699575862568 42.011833903631)
JC450752,,9/18/2019 8:10,30,STOP SIGN/FLASHER,OTHER,CLEAR,DAYLIGHT,PARKED MOTOR VEHICLE,NOT DIVIDED,,STRAIGHT AND LEVEL,DRY,NO DEFECTS,NOT ON SCENE (DESK REPORT),NO INJURY / DRIVE AWAY,,,,"$501 - $1,500",9/27/2019 16:25,UNABLE TO DETERMINE,IMPROPER OVERTAKING/PASSING,4376,N,CLAREMONT AVE,1911,,,,,,,2,NO INDICATION OF INJURY,0,0,0,0,0,2,0,8,4,9,41.96123592,-87.68761375,POINT (-87.687613754487 41.961235923872)
JC438196,,9/18/2019 8:10,30,STOP SIGN/FLASHER,NO CONTROLS,CLEAR,DAYLIGHT,SIDESWIPE SAME DIRECTION,NOT DIVIDED,,STRAIGHT AND LEVEL,DRY,NO DEFECTS,NOT ON SCENE (DESK REPORT),NO INJURY / DRIVE AWAY,,,,"OVER $1,500",9/18/2019 9:00,IMPROPER OVERTAKING/PASSING,NOT APPLICABLE,11100,S,DOTY AVE E,513,,,,,,,2,NO INDICATION OF INJURY,0,0,0,0,0,2,0,8,4,9,41.69275271,-87.59698875,POINT (-87.59698875385 41.692752710685)
JC438119,,9/18/2019 8:10,30,STOP SIGN/FLASHER,FUNCTIONING PROPERLY,CLEAR,DAYLIGHT,SIDESWIPE SAME DIRECTION,DIVIDED - W/MEDIAN (NOT RAISED),,STRAIGHT AND LEVEL,DRY,NO DEFECTS,ON SCENE,INJURY AND / OR TOW DUE TO CRASH,Y,,,"OVER $1,500",9/18/2019 8:10,FAILING TO REDUCE SPEED TO AVOID CRASH,NOT APPLICABLE,4641,W,ADDISON ST,1731,,,,,,,2,"REPORTED, NOT EVIDENT",1,0,0,0,1,3,0,8,4,9,41.9460547,-87.74406478,POINT (-87.744064776002 41.946054698552)
JC438124,,9/18/2019 8:05,15,NO CONTROLS,NO CONTROLS,CLEAR,DAYLIGHT,REAR END,OTHER,,STRAIGHT AND LEVEL,DRY,NO DEFECTS,NOT ON SCENE (DESK REPORT),NO INJURY / DRIVE AWAY,,Y,N,"$501 - $1,500",9/18/2019 8:20,UNABLE TO DETERMINE,NOT APPLICABLE,8259,S,STATE ST,631,,,,,,,2,NO INDICATION OF INJURY,0,0,0,0,0,2,0,8,4,9,41.74370232,-87.62418593,POINT (-87.624185929083 41.743702317364)
JC439969,,9/18/2019 8:00,30,UNKNOWN,UNKNOWN,UNKNOWN,UNKNOWN,REAR END,UNKNOWN,,STRAIGHT AND LEVEL,UNKNOWN,UNKNOWN,NOT ON SCENE (DESK REPORT),NO INJURY / DRIVE AWAY,,,,"OVER $1,500",9/19/2019 15:24,UNABLE TO DETERMINE,NOT APPLICABLE,7089,N,CALDWELL AVE,1621,,,,,,,3,NO INDICATION OF INJURY,0,0,0,0,0,3,0,8,4,9,42.00970796,-87.78659236,POINT (-87.786592361262 42.009707963201)
JC439011,,9/18/2019 8:00,30,NO CONTROLS,NO CONTROLS,CLEAR,DAYLIGHT,ANGLE,NOT DIVIDED,,STRAIGHT AND LEVEL,DRY,UNKNOWN,NOT ON SCENE (DESK REPORT),NO INJURY / DRIVE AWAY,,,,"OVER $1,500",9/18/2019 19:40,UNABLE TO DETERMINE,UNABLE TO DETERMINE,1443,W,112TH ST,2234,,,,,,,2,NO INDICATION OF INJURY,0,0,0,0,0,3,0,8,4,9,41.69028395,-87.65845695,POINT (-87.65845695089 41.690283951279)
JC438756,,9/18/2019 8:00,20,UNKNOWN,UNKNOWN,CLEAR,DAYLIGHT,PARKED MOTOR VEHICLE,NOT DIVIDED,,STRAIGHT AND LEVEL,DRY,UNKNOWN,ON SCENE,NO INJURY / DRIVE AWAY,,,Y,"OVER $1,500",9/18/2019 17:10,NOT APPLICABLE,UNABLE TO DETERMINE,6732,S,ARTESIAN AVE,832,,,,,,,2,NO INDICATION OF INJURY,0,0,0,0,0,1,0,8,4,9,41.7709607,-87.68478346,POINT (-87.684783460185 41.77096070112)
JC438132,,9/18/2019 8:00,30,TRAFFIC SIGNAL,FUNCTIONING PROPERLY,CLEAR,DAYLIGHT,REAR END,NOT DIVIDED,,STRAIGHT AND LEVEL,DRY,NO DEFECTS,NOT ON SCENE (DESK REPORT),NO INJURY / DRIVE AWAY,Y,,,"OVER $1,500",9/18/2019 8:55,DISTRACTION - FROM INSIDE VEHICLE,NOT APPLICABLE,3755,W,MONTROSE AVE,1723,,,,,,,2,NO INDICATION OF INJURY,0,0,0,0,0,2,0,8,4,9,41.96090206,-87.72270752,POINT (-87.722707522706 41.960902061126)
JC438218,,9/18/2019 7:55,30,NO CONTROLS,NO CONTROLS,CLEAR,DAYLIGHT,PARKED MOTOR VEHICLE,NOT DIVIDED,,STRAIGHT AND LEVEL,DRY,NO DEFECTS,NOT ON SCENE (DESK REPORT),NO INJURY / DRIVE AWAY,,,Y,"$501 - $1,500",9/18/2019 10:00,FAILING TO YIELD RIGHT-OF-WAY,NOT APPLICABLE,3955,W,LAKE ST,1122,,,,,,,2,NO INDICATION OF INJURY,0,0,0,0,0,1,0,7,4,9,41.88534284,-87.72549392,POINT (-87.725493919216 41.885342843576)
JC438167,,9/18/2019 7:53,40,NO CONTROLS,NO CONTROLS,CLEAR,DAYLIGHT,REAR END,DIVIDED - W/MEDIAN BARRIER,,STRAIGHT AND LEVEL,DRY,NO DEFECTS,NOT ON SCENE (DESK REPORT),NO INJURY / DRIVE AWAY,,,Y,"$501 - $1,500",9/18/2019 9:10,FOLLOWING TOO CLOSELY,NOT APPLICABLE,3150,N,LAKE SHORE DR NB,1934,,,,,,,2,NO INDICATION OF INJURY,0,0,0,0,0,2,0,7,4,9,41.93976585,-87.63778402,POINT (-87.637784022595 41.93976585)
JC438133,,9/18/2019 7:53,30,STOP SIGN/FLASHER,FUNCTIONING PROPERLY,CLEAR,DAYLIGHT,PARKED MOTOR VEHICLE,NOT DIVIDED,,STRAIGHT AND LEVEL,DRY,UNKNOWN,NOT ON SCENE (DESK REPORT),NO INJURY / DRIVE AWAY,,,,"$501 - $1,500",9/18/2019 8:25,UNABLE TO DETERMINE,UNABLE TO DETERMINE,4299,W,52ND ST,815,,,,,,,2,NO INDICATION OF INJURY,0,0,0,0,0,2,0,7,4,9,41.79852641,-87.73060897,POINT (-87.730608969059 41.798526405748)
JC438109,,9/18/2019 7:50,20,STOP SIGN/FLASHER,FUNCTIONING PROPERLY,CLEAR,DAYLIGHT,PEDESTRIAN,DIVIDED - W/MEDIAN (NOT RAISED),,STRAIGHT AND LEVEL,DRY,NO DEFECTS,ON SCENE,INJURY AND / OR TOW DUE TO CRASH,Y,,,$500 OR LESS,9/18/2019 7:52,FAILING TO YIELD RIGHT-OF-WAY,FAILING TO REDUCE SPEED TO AVOID CRASH,5059,S,HOMAN AVE,821,,,,,,,2,NONINCAPACITATING INJURY,1,0,0,1,0,1,0,7,4,9,41.80084899,-87.70853033,POINT (-87.708530329751 41.800848993013)
JC438150,,9/18/2019 7:45,25,STOP SIGN/FLASHER,NO CONTROLS,CLEAR,DAYLIGHT,REAR END,NOT DIVIDED,,STRAIGHT AND LEVEL,DRY,NO DEFECTS,NOT ON SCENE (DESK REPORT),NO INJURY / DRIVE AWAY,,,,"OVER $1,500",9/18/2019 8:50,FOLLOWING TOO CLOSELY,FAILING TO REDUCE SPEED TO AVOID CRASH,6807,W,WAVELAND AVE,1632,,,,,,,2,NO INDICATION OF INJURY,0,0,0,0,0,4,0,7,4,9,41.94717719,-87.79637028,POINT (-87.796370278188 41.947177190955)
JC438149,,9/18/2019 7:45,30,TRAFFIC SIGNAL,FUNCTIONING PROPERLY,CLEAR,DAYLIGHT,SIDESWIPE SAME DIRECTION,NOT DIVIDED,,STRAIGHT AND LEVEL,DRY,NO DEFECTS,ON SCENE,NO INJURY / DRIVE AWAY,Y,,,"$501 - $1,500",9/18/2019 7:50,UNABLE TO DETERMINE,UNABLE TO DETERMINE,5200,N,NAGLE AVE,1613,,,,,,,2,NO INDICATION OF INJURY,0,0,0,0,0,2,0,7,4,9,41.97568567,-87.78802041,POINT (-87.788020406203 41.975685669719)
JC438103,,9/18/2019 7:45,30,TRAFFIC SIGNAL,FUNCTIONING PROPERLY,RAIN,DAYLIGHT,SIDESWIPE SAME DIRECTION,NOT DIVIDED,,STRAIGHT AND LEVEL,DRY,NO DEFECTS,NOT ON SCENE (DESK REPORT),NO INJURY / DRIVE AWAY,Y,,,"OVER $1,500",9/18/2019 8:00,IMPROPER OVERTAKING/PASSING,UNABLE TO DETERMINE,1610,E,79TH ST,411,N,,,,,,2,NO INDICATION OF INJURY,0,0,0,0,0,4,0,7,4,9,41.7516104,-87.58521772,POINT (-87.585217718335 41.751610400401)
JC438849,Y,9/18/2019 7:40,30,NO CONTROLS,NO CONTROLS,CLEAR,DAYLIGHT,TURNING,NOT DIVIDED,,STRAIGHT AND LEVEL,DRY,NO DEFECTS,,NO INJURY / DRIVE AWAY,,,,"$501 - $1,500",9/18/2019 17:50,IMPROPER TURNING/NO SIGNAL,NOT APPLICABLE,6600,S,KEDZIE AVE,831,,,,,,,2,NO INDICATION OF INJURY,0,0,0,0,0,2,0,7,4,9,41.77345339,-87.70315684,POINT (-87.703156834596 41.77345338842)
JC438154,,9/18/2019 7:40,30,STOP SIGN/FLASHER,FUNCTIONING PROPERLY,CLEAR,DAYLIGHT,ANGLE,FOUR WAY,,STRAIGHT AND LEVEL,DRY,NO DEFECTS,NOT ON SCENE (DESK REPORT),NO INJURY / DRIVE AWAY,Y,,,"OVER $1,500",9/18/2019 9:00,UNABLE TO DETERMINE,NOT APPLICABLE,9001,S,DR MARTIN LUTHER KING JR DR,633,,,,,,,2,NO INDICATION OF INJURY,0,0,0,0,0,4,0,7,4,9,41.73097994,-87.61423925,POINT (-87.614239253828 41.730979938799)