RD_NO,CRASH_DATE_EST_I,CRASH_DATE,POSTED_SPEED_LIMIT,TRAFFIC_CONTROL_DEVICE,DEVICE_CONDITION,WEATHER_CONDITION,LIGHTING_CONDITION,FIRST_CRASH_TYPE,TRAFFICWAY_TYPE,LANE_CNT,ALIGNMENT,ROADWAY_SURFACE_COND,ROAD_DEFECT,REPORT_TYPE,CRASH_TYPE,INTERSECTION_RELATED_I,NOT_RIGHT_OF_WAY_I,HIT_AND_RUN_I,DAMAGE,DATE_POLICE_NOTIFIED,PRIM_CONTRIBUTORY_CAUSE,SEC_CONTRIBUTORY_CAUSE,STREET_NO,STREET_DIRECTION,STREET_NAME,BEAT_OF_OCCURRENCE,PHOTOS_TAKEN_I,STATEMENTS_TAKEN_I,DOORING_I,WORK_ZONE_I,WORK_ZONE_TYPE,WORKERS_PRESENT_I,NUM_UNITS,MOST_SEVERE_INJURY,INJURIES_TOTAL,INJURIES_FATAL,INJURIES_INCAPACITATING,INJURIES_NON_INCAPACITATING,INJURIES_REPORTED_NOT_EVIDENT,INJURIES_NO_INDICATION,INJURIES_UNKNOWN,CRASH_HOUR,CRASH_DAY_OF_WEEK,CRASH_MONTH,LATITUDE,LONGITUDE,LOCATION
JC438151,,9/18/2019 7:40,30,TRAFFIC SIGNAL,FUNCTIONING PROPERLY,CLEAR,DAYLIGHT,REAR END,DIVIDED - W/MEDIAN BARRIER,,STRAIGHT AND LEVEL,DRY,NO DEFECTS,NOT ON SCENE (DESK REPORT),NO INJURY / DRIVE AWAY,,,,"OVER $1,500",9/18/2019 9:00,FAILING TO YIELD RIGHT-OF-WAY,FOLLOWING TOO CLOSELY,5070,W,DEVON AVE,1621,,,,,,,2,NO INDICATION OF INJURY,0,0,0,0,0,4,0,7,4,9,41.99741536,-87.75494265,POINT (-87.754942645089 41.997415363738)
JC438120,Y,9/18/2019 7:40,25,NO CONTROLS,NO CONTROLS,CLEAR,DAYLIGHT,SIDESWIPE SAME DIRECTION,NOT DIVIDED,,STRAIGHT AND LEVEL,DRY,NO DEFECTS,NOT ON SCENE (DESK REPORT),NO INJURY / DRIVE AWAY,,,,"OVER $1,500",9/18/2019 8:30,UNABLE TO DETERMINE,UNABLE TO DETERMINE,338,W,ARMITAGE AVE,1814,,,,,,,2,NO INDICATION OF INJURY,0,0,0,0,0,2,0,7,4,9,41.91844708,-87.63792342,POINT (-87.637923421225 41.918447081848)
JC438086,,9/18/2019 7:40,35,NO CONTROLS,NO CONTROLS,CLEAR,DAYLIGHT,SIDESWIPE SAME DIRECTION,NOT DIVIDED,,STRAIGHT AND LEVEL,DRY,NO DEFECTS,ON SCENE,NO INJURY / DRIVE AWAY,,,,"$501 - $1,500",9/18/2019 7:45,UNABLE TO DETERMINE,UNABLE TO DETERMINE,7707,S,KEDZIE AVE,835,,,,,,,2,NO INDICATION OF INJURY,0,0,0,0,0,2,0,7,4,9,41.75320819,-87.70234472,POINT (-87.702344716956 41.753208193632)
JC439084,,9/18/2019 7:35,35,TRAFFIC SIGNAL,FUNCTIONING PROPERLY,CLEAR,DAYLIGHT,SIDESWIPE SAME DIRECTION,NOT DIVIDED,,STRAIGHT AND LEVEL,DRY,NO DEFECTS,NOT ON SCENE (DESK REPORT),NO INJURY / DRIVE AWAY,,,,"OVER $1,500",9/18/2019 20:29,UNABLE TO DETERMINE,NOT APPLICABLE,3500,S,CALIFORNIA AVE,911,,,,,,,2,NO INDICATION OF INJURY,0,0,0,0,0,2,0,7,4,9,41.83002728,-87.69493784,POINT (-87.69493783907 41.830027283593)
JC438179,,9/18/2019 7:30,30,NO CONTROLS,NO CONTROLS,CLEAR,DAYLIGHT,PARKED MOTOR VEHICLE,DIVIDED - W/MEDIAN (NOT RAISED),,STRAIGHT AND LEVEL,DRY,NO DEFECTS,NOT ON SCENE (DESK REPORT),NO INJURY / DRIVE AWAY,,,Y,"OVER $1,500",9/18/2019 9:20,FAILING TO YIELD RIGHT-OF-WAY,FOLLOWING TOO CLOSELY,7157,N,OSCEOLA AVE,1611,Y,,,,,,2,NO INDICATION OF INJURY,0,0,0,0,0,1,0,7,4,9,42.01141876,-87.81208823,POINT (-87.812088229567 42.011418758315)
JC438097,,9/18/2019 7:30,35,TRAFFIC SIGNAL,FUNCTIONING PROPERLY,CLEAR,DAYLIGHT,ANGLE,FOUR WAY,,STRAIGHT AND LEVEL,DRY,NO DEFECTS,ON SCENE,INJURY AND / OR TOW DUE TO CRASH,Y,,,"OVER $1,500",9/18/2019 7:35,FAILING TO YIELD RIGHT-OF-WAY,NOT APPLICABLE,1600,W,TAYLOR ST,1231,,,,,,,2,NO INDICATION OF INJURY,0,0,0,0,0,3,0,7,4,9,41.86937109,-87.66652853,POINT (-87.666528530029 41.869371084501)
JC438089,,9/18/2019 7:30,30,NO CONTROLS,NO CONTROLS,CLEAR,DAYLIGHT,PEDESTRIAN,NOT DIVIDED,,STRAIGHT AND LEVEL,DRY,NO DEFECTS,ON SCENE,INJURY AND / OR TOW DUE TO CRASH,Y,,,"OVER $1,500",9/18/2019 7:38,FAILING TO YIELD RIGHT-OF-WAY,DRIVING SKILLS/KNOWLEDGE/EXPERIENCE,1001,E,HYDE PARK BLVD,233,,,,,,,2,INCAPACITATING INJURY,1,0,1,0,0,1,0,7,4,9,41.80220564,-87.6012876,POINT (-87.601287598861 41.802205634747)
JC438622,,9/18/2019 7:20,30,TRAFFIC SIGNAL,FUNCTIONING PROPERLY,CLEAR,DAYLIGHT,SIDESWIPE SAME DIRECTION,NOT DIVIDED,,STRAIGHT AND LEVEL,DRY,NO DEFECTS,NOT ON SCENE (DESK REPORT),NO INJURY / DRIVE AWAY,Y,,,"OVER $1,500",9/18/2019 15:15,UNABLE TO DETERMINE,NOT APPLICABLE,3129,N,KIMBALL AVE,1412,,,,,,,2,NO INDICATION OF INJURY,0,0,0,0,0,2,0,7,4,9,41.9383457,-87.71230667,POINT (-87.712306673792 41.93834569941)
JC438105,,9/18/2019 7:20,30,TRAFFIC SIGNAL,FUNCTIONING PROPERLY,CLEAR,DAWN,REAR END,DIVIDED - W/MEDIAN (NOT RAISED),,STRAIGHT AND LEVEL,DRY,NO DEFECTS,ON SCENE,NO INJURY / DRIVE AWAY,,,,"$501 - $1,500",9/18/2019 7:23,FOLLOWING TOO CLOSELY,NOT APPLICABLE,4163,W,BELMONT AVE,2523,,,,,,,2,NO INDICATION OF INJURY,0,0,0,0,0,10,0,7,4,9,41.93892036,-87.73208145,POINT (-87.732081447684 41.938920358432)
JC438088,,9/18/2019 7:20,30,NO CONTROLS,NO CONTROLS,CLEAR,DAYLIGHT,SIDESWIPE SAME DIRECTION,NOT DIVIDED,,STRAIGHT AND LEVEL,DRY,NO DEFECTS,NOT ON SCENE (DESK REPORT),NO INJURY / DRIVE AWAY,,,,"OVER $1,500",9/18/2019 7:55,IMPROPER OVERTAKING/PASSING,IMPROPER OVERTAKING/PASSING,6900,S,STONY ISLAND AVE,332,,,,,,,2,NO INDICATION OF INJURY,0,0,0,0,0,2,0,7,4,9,41.76964982,-87.58638311,POINT (-87.586383110145 41.769649814616)
JC438070,,9/18/2019 7:20,25,PEDESTRIAN CROSSING SIGN,FUNCTIONING PROPERLY,CLEAR,DAYLIGHT,PEDESTRIAN,NOT DIVIDED,,STRAIGHT AND LEVEL,DRY,NO DEFECTS,ON SCENE,INJURY AND / OR TOW DUE TO CRASH,Y,,,"OVER $1,500",9/18/2019 7:20,DISREGARDING YIELD SIGN,NOT APPLICABLE,2659,W,63RD ST,825,,,,,,,2,NONINCAPACITATING INJURY,1,0,0,1,0,1,0,7,4,9,41.77904408,-87.690894,POINT (-87.690893997364 41.7790440818)
JC438075,,9/18/2019 7:15,30,NO CONTROLS,NO CONTROLS,CLEAR,DAYLIGHT,PEDALCYCLIST,NOT DIVIDED,,STRAIGHT AND LEVEL,DRY,NO DEFECTS,ON SCENE,INJURY AND / OR TOW DUE TO CRASH,,,Y,"$501 - $1,500",9/18/2019 7:18,FAILING TO YIELD RIGHT-OF-WAY,NOT APPLICABLE,5698,S,PULASKI RD,813,,,,,,,2,NONINCAPACITATING INJURY,1,0,0,1,0,1,0,7,4,9,41.78962162,-87.72320855,POINT (-87.723208549049 41.789621616703)
JC438066,,9/18/2019 7:07,15,NO CONTROLS,NO CONTROLS,CLEAR,DAYLIGHT,FIXED OBJECT,PARKING LOT,,STRAIGHT AND LEVEL,DRY,NO DEFECTS,ON SCENE,NO INJURY / DRIVE AWAY,,Y,Y,"OVER $1,500",9/18/2019 7:08,UNABLE TO DETERMINE,NOT APPLICABLE,3901,S,MICHIGAN AVE,213,,,,,,,1,NO INDICATION OF INJURY,0,0,0,0,0,1,0,7,4,9,41.82364932,-87.62302379,POINT (-87.623023791638 41.823649318213)
JC438072,,9/18/2019 7:05,30,TRAFFIC SIGNAL,FUNCTIONING PROPERLY,CLEAR,DAYLIGHT,REAR END,NOT DIVIDED,,STRAIGHT AND LEVEL,DRY,NO DEFECTS,NOT ON SCENE (DESK REPORT),NO INJURY / DRIVE AWAY,,,,"OVER $1,500",9/18/2019 7:20,DISREGARDING TRAFFIC SIGNALS,NOT APPLICABLE,300,E,24TH PL,132,,,,,,,2,NO INDICATION OF INJURY,0,0,0,0,0,2,0,7,4,9,41.84851093,-87.62048776,POINT (-87.620487761007 41.848510934195)
JC448292,Y,9/18/2019 7:00,30,NO CONTROLS,NO CONTROLS,UNKNOWN,UNKNOWN,PARKED MOTOR VEHICLE,NOT DIVIDED,,STRAIGHT AND LEVEL,UNKNOWN,NO DEFECTS,ON SCENE,NO INJURY / DRIVE AWAY,,,Y,"OVER $1,500",9/25/2019 17:49,UNABLE TO DETERMINE,UNABLE TO DETERMINE,6712,S,MORGAN ST,724,,,,,,,2,NO INDICATION OF INJURY,0,0,0,0,0,1,0,7,4,9,41.77197193,-87.64959011,POINT (-87.649590113543 41.771971927489)
JC438857,N,9/18/2019 7:00,15,NO CONTROLS,NO CONTROLS,CLEAR,DAYLIGHT,PARKED MOTOR VEHICLE,PARKING LOT,,STRAIGHT AND LEVEL,DRY,NO DEFECTS,,NO INJURY / DRIVE AWAY,,,Y,"OVER $1,500",9/18/2019 17:50,UNABLE TO DETERMINE,UNABLE TO DETERMINE,1725,S,WABASH AVE,131,,,,,,,2,NO INDICATION OF INJURY,0,0,0,0,0,1,0,7,4,9,41.85829784,-87.62547402,POINT (-87.625474014714 41.858297838757)
JC438076,,9/18/2019 6:58,30,STOP SIGN/FLASHER,FUNCTIONING PROPERLY,CLEAR,DAYLIGHT,TURNING,T-INTERSECTION,,STRAIGHT AND LEVEL,DRY,UNKNOWN,ON SCENE,INJURY AND / OR TOW DUE TO CRASH,Y,,,"OVER $1,500",9/18/2019 7:05,DISREGARDING STOP SIGN,NOT APPLICABLE,4638,W,ADDISON ST,1731,,,,,,,3,NO INDICATION OF INJURY,0,0,0,0,0,3,0,6,4,9,41.94627588,-87.74392098,POINT (-87.743920977773 41.946275877464)
JC440109,,9/18/2019 6:55,30,NO CONTROLS,NO CONTROLS,CLEAR,DAYLIGHT,REAR END,NOT DIVIDED,,STRAIGHT AND LEVEL,DRY,NO DEFECTS,NOT ON SCENE (DESK REPORT),NO INJURY / DRIVE AWAY,,,,"OVER $1,500",9/19/2019 16:50,FOLLOWING TOO CLOSELY,FOLLOWING TOO CLOSELY,1920,W,IRVING PARK RD,1912,,,,,,,2,NO INDICATION OF INJURY,0,0,0,0,0,2,0,6,4,9,41.9542867,-87.67720519,POINT (-87.677205184712 41.954286695691)
JC438084,,9/18/2019 6:54,30,TRAFFIC SIGNAL,UNKNOWN,CLEAR,DAYLIGHT,TURNING,UNKNOWN INTERSECTION TYPE,,STRAIGHT AND LEVEL,UNKNOWN,UNKNOWN,NOT ON SCENE (DESK REPORT),NO INJURY / DRIVE AWAY,Y,,,"OVER $1,500",9/18/2019 7:40,UNABLE TO DETERMINE,NOT APPLICABLE,10000,S,EWING AVE,432,,,,,,,2,NO INDICATION OF INJURY,0,0,0,0,0,3,0,6,4,9,41.71387606,-87.53542261,POINT (-87.535422608574 41.713876063173)
JC438319,,9/18/2019 6:50,30,NO CONTROLS,NO CONTROLS,CLEAR,DAYLIGHT,PARKED MOTOR VEHICLE,ONE-WAY,,STRAIGHT AND LEVEL,DRY,NO DEFECTS,NOT ON SCENE (DESK REPORT),NO INJURY / DRIVE AWAY,,,,"$501 - $1,500",9/18/2019 11:15,UNABLE TO DETERMINE,NOT APPLICABLE,1300,N,WICKER PARK AVE,1424,,,,,,,2,NO INDICATION OF INJURY,0,0,0,0,0,1,0,6,4,9,41.90576849,-87.67228677,POINT (-87.672286772568 41.905768491707)
JC438053,,9/18/2019 6:45,30,TRAFFIC SIGNAL,FUNCTIONING PROPERLY,CLEAR,DAYLIGHT,REAR END,NOT DIVIDED,,STRAIGHT AND LEVEL,DRY,NO DEFECTS,,NO INJURY / DRIVE AWAY,Y,,,"$501 - $1,500",9/18/2019 6:50,UNABLE TO DETERMINE,UNABLE TO DETERMINE,6701,S,KEDZIE AVE,831,,,,,,,2,NO INDICATION OF INJURY,0,0,0,0,0,2,0,6,4,9,41.77164622,-87.70282043,POINT (-87.702820434233 41.771646217081)
JC438135,,9/18/2019 6:40,20,NO CONTROLS,NO CONTROLS,CLEAR,DAYLIGHT,PARKED MOTOR VEHICLE,NOT DIVIDED,,STRAIGHT AND LEVEL,DRY,UNKNOWN,ON SCENE,INJURY AND / OR TOW DUE TO CRASH,,,Y,"OVER $1,500",9/18/2019 8:15,UNABLE TO DETERMINE,UNABLE TO DETERMINE,2619,S,HILLOCK AVE,913,,,,,,,2,NO INDICATION OF INJURY,0,0,0,0,0,1,0,6,4,9,41.84509458,-87.65653595,POINT (-87.656535951738 41.845094580565)
JC438052,,9/18/2019 6:20,30,TRAFFIC SIGNAL,FUNCTIONING PROPERLY,CLEAR,DAYLIGHT,REAR END,FOUR WAY,,STRAIGHT AND LEVEL,DRY,NO DEFECTS,ON SCENE,INJURY AND / OR TOW DUE TO CRASH,,,Y,"$501 - $1,500",9/18/2019 6:28,FOLLOWING TOO CLOSELY,NOT APPLICABLE,300,S,PULASKI RD,1132,,,,,,,2,NO INDICATION OF INJURY,0,0,0,0,0,2,0,6,4,9,41.87703924,-87.72569136,POINT (-87.725691358578 41.877039243763)
JC439469,,9/18/2019 6:00,25,NO CONTROLS,NO CONTROLS,CLEAR,"DARKNESS, LIGHTED ROAD",PARKED MOTOR VEHICLE,NOT DIVIDED,,STRAIGHT AND LEVEL,DRY,NO DEFECTS,NOT ON SCENE (DESK REPORT),NO INJURY / DRIVE AWAY,,,Y,"$501 - $1,500",9/19/2019 9:00,FAILING TO YIELD RIGHT-OF-WAY,NOT APPLICABLE,1655,N,LECLAIRE AVE,2533,,,,,,,2,NO INDICATION OF INJURY,0,0,0,0,0,1,0,6,4,9,41.91121379,-87.752559,POINT (-87.752558996424 41.91121379269)
JC438378,,9/18/2019 6:00,30,STOP SIGN/FLASHER,FUNCTIONING PROPERLY,CLEAR,DAWN,REAR END,DIVIDED - W/MEDIAN (NOT RAISED),,STRAIGHT AND LEVEL,DRY,UNKNOWN,ON SCENE,INJURY AND / OR TOW DUE TO CRASH,,,,"OVER $1,500",9/18/2019 12:00,FOLLOWING TOO CLOSELY,UNABLE TO DETERMINE,4806,N,KEDZIE AVE,1713,,,,,,,2,"REPORTED, NOT EVIDENT",1,0,0,0,1,1,0,6,4,9,41.96870916,-87.70862887,POINT (-87.708628865351 41.968709161293)
JC438099,Y,9/18/2019 6:00,30,NO CONTROLS,NO CONTROLS,CLEAR,DAYLIGHT,PARKED MOTOR VEHICLE,NOT DIVIDED,,STRAIGHT AND LEVEL,DRY,NO DEFECTS,ON SCENE,NO INJURY / DRIVE AWAY,,,Y,"$501 - $1,500",9/18/2019 7:20,UNABLE TO DETERMINE,NOT APPLICABLE,2307,W,CERMAK RD,1034,,,,,,,2,,,,,,,,,6,4,9,41.85194703,-87.68354389,POINT (-87.683543891533 41.851947026166)
JC438034,,9/18/2019 5:35,35,TRAFFIC SIGNAL,FUNCTIONING PROPERLY,CLEAR,DAWN,HEAD ON,FOUR WAY,,STRAIGHT AND LEVEL,DRY,UNKNOWN,ON SCENE,INJURY AND / OR TOW DUE TO CRASH,Y,,,"OVER $1,500",9/18/2019 5:38,UNABLE TO DETERMINE,UNABLE TO DETERMINE,1399,W,FULLERTON AVE,1811,,,,,,,2,"REPORTED, NOT EVIDENT",1,0,0,0,1,2,0,5,4,9,41.92510894,-87.66326346,POINT (-87.663263456923 41.925108938393)
JC438206,,9/18/2019 5:20,0,NO CONTROLS,NO CONTROLS,CLEAR,"DARKNESS, LIGHTED ROAD",PARKED MOTOR VEHICLE,PARKING LOT,,STRAIGHT AND LEVEL,DRY,NO DEFECTS,NOT ON SCENE (DESK REPORT),NO INJURY / DRIVE AWAY,,,,"$501 - $1,500",9/18/2019 9:40,IMPROPER OVERTAKING/PASSING,NOT APPLICABLE,10000,W,OHARE ST,1651,,,,,,,2,NO INDICATION OF INJURY,0,0,0,0,0,1,0,5,4,9,41.97620114,-87.90530913,POINT (-87.905309125103 41.976201139024)
JC438795,Y,9/18/2019 5:00,30,NO CONTROLS,NO CONTROLS,UNKNOWN,UNKNOWN,PARKED MOTOR VEHICLE,NOT DIVIDED,,STRAIGHT AND LEVEL,UNKNOWN,UNKNOWN,NOT ON SCENE (DESK REPORT),NO INJURY / DRIVE AWAY,,,Y,"OVER $1,500",9/18/2019 17:20,UNABLE TO DETERMINE,NOT APPLICABLE,3308,S,CARPENTER ST,913,,,,,,,2,NO INDICATION OF INJURY,0,0,0,0,0,1,0,5,4,9,41.83398033,-87.65240459,POINT (-87.652404592255 41.833980331315)
JC438018,,9/18/2019 4:00,30,TRAFFIC SIGNAL,FUNCTIONING PROPERLY,CLEAR,"DARKNESS, LIGHTED ROAD",PARKED MOTOR VEHICLE,ONE-WAY,,STRAIGHT AND LEVEL,DRY,NO DEFECTS,ON SCENE,NO INJURY / DRIVE AWAY,,,Y,"$501 - $1,500",9/18/2019 4:01,FAILING TO REDUCE SPEED TO AVOID CRASH,NOT APPLICABLE,7,W,ONTARIO ST,1832,,,,,,,2,NO INDICATION OF INJURY,0,0,0,0,0,1,0,4,4,9,41.89315572,-87.62844357,POINT (-87.628443570247 41.893155716578)
JC438253,,9/18/2019 3:55,15,NO CONTROLS,NO CONTROLS,CLEAR,"DARKNESS, LIGHTED ROAD",PARKED MOTOR VEHICLE,PARKING LOT,,STRAIGHT AND LEVEL,DRY,UNKNOWN,NOT ON SCENE (DESK REPORT),NO INJURY / DRIVE AWAY,,Y,,"OVER $1,500",9/18/2019 10:15,IMPROPER BACKING,UNABLE TO DETERMINE,3800,N,KEDZIE AVE,1733,,,,,,,2,NO INDICATION OF INJURY,0,0,0,0,0,1,0,3,4,9,41.95037027,-87.70806697,POINT (-87.708066968423 41.95037026681)
JC438017,,9/18/2019 3:34,30,NO CONTROLS,NO CONTROLS,CLEAR,"DARKNESS, LIGHTED ROAD",PARKED MOTOR VEHICLE,NOT DIVIDED,,STRAIGHT AND LEVEL,DRY,UNKNOWN,ON SCENE,INJURY AND / OR TOW DUE TO CRASH,,,,"OVER $1,500",9/18/2019 3:35,UNABLE TO DETERMINE,UNABLE TO DETERMINE,11644,S,WENTWORTH AVE,522,,,,,,,2,"REPORTED, NOT EVIDENT",1,0,0,0,1,0,0,3,4,9,41.68207542,-87.62773436,POINT (-87.62773435778 41.682075419082)
JC438091,,9/18/2019 3:03,10,NO CONTROLS,NO CONTROLS,UNKNOWN,"DARKNESS, LIGHTED ROAD",PARKED MOTOR VEHICLE,NOT DIVIDED,,STRAIGHT AND LEVEL,UNKNOWN,NO DEFECTS,ON SCENE,NO INJURY / DRIVE AWAY,,,Y,"OVER $1,500",9/18/2019 7:31,UNABLE TO DETERMINE,NOT APPLICABLE,7011,S,SPRINGFIELD AVE,833,,,,,,,4,NO INDICATION OF INJURY,0,0,0,0,0,1,0,3,4,9,41.76556486,-87.71983417,POINT (-87.719834169058 41.765564862497)
JC438003,,9/18/2019 2:55,30,NO CONTROLS,NO CONTROLS,CLEAR,"DARKNESS, LIGHTED ROAD",OTHER OBJECT,PARKING LOT,,STRAIGHT AND LEVEL,DRY,NO DEFECTS,ON SCENE,NO INJURY / DRIVE AWAY,,,,"OVER $1,500",9/18/2019 2:56,FAILING TO REDUCE SPEED TO AVOID CRASH,FAILING TO REDUCE SPEED TO AVOID CRASH,125,W,87TH ST,634,,,,,,,1,NO INDICATION OF INJURY,0,0,0,0,0,2,0,2,4,9,41.73615914,-87.62778458,POINT (-87.627784584001 41.736159141056)
JC438170,,9/18/2019 2:38,30,NO CONTROLS,NO CONTROLS,CLEAR,"DARKNESS, LIGHTED ROAD",OTHER OBJECT,OTHER,,STRAIGHT AND LEVEL,DRY,NO DEFECTS,NOT ON SCENE (DESK REPORT),NO INJURY / DRIVE AWAY,,Y,,"$501 - $1,500",9/18/2019 9:00,UNABLE TO DETERMINE,UNABLE TO DETERMINE,2847,W,MONTROSE AVE,1724,,,,,,,1,NO INDICATION OF INJURY,0,0,0,0,0,1,0,2,4,9,41.96112733,-87.70037637,POINT (-87.700376366683 41.961127329718)
JC437977,,9/18/2019 1:31,30,NO CONTROLS,NO CONTROLS,CLEAR,"DARKNESS, LIGHTED ROAD",PARKED MOTOR VEHICLE,ONE-WAY,,STRAIGHT AND LEVEL,DRY,NO DEFECTS,ON SCENE,NO INJURY / DRIVE AWAY,,,Y,"OVER $1,500",9/18/2019 1:54,UNABLE TO DETERMINE,UNABLE TO DETERMINE,3413,N,KEELER AVE,1731,,,,,,,2,NO INDICATION OF INJURY,0,0,0,0,0,2,0,1,4,9,41.94309674,-87.73199067,POINT (-87.731990666431 41.943096735224)
JC438910,,9/18/2019 1:00,35,NO CONTROLS,NO CONTROLS,CLEAR,DAYLIGHT,REAR END,NOT DIVIDED,,STRAIGHT AND LEVEL,DRY,NO DEFECTS,NOT ON SCENE (DESK REPORT),NO INJURY / DRIVE AWAY,,,,"OVER $1,500",9/18/2019 18:19,FAILING TO REDUCE SPEED TO AVOID CRASH,NOT APPLICABLE,4700,S,PULASKI RD,815,,,,,,,2,NO INDICATION OF INJURY,0,0,0,0,0,2,0,1,4,9,41.80778877,-87.72373033,POINT (-87.72373033158 41.807788769095)
JC437968,,9/18/2019 1:00,10,NO CONTROLS,NO CONTROLS,CLEAR,DARKNESS,PARKED MOTOR VEHICLE,PARKING LOT,,STRAIGHT AND LEVEL,DRY,NO DEFECTS,,NO INJURY / DRIVE AWAY,,,,$500 OR LESS,9/18/2019 1:05,IMPROPER BACKING,NOT APPLICABLE,7040,S,COTTAGE GROVE AVE,321,Y,,,,,,2,NO INDICATION OF INJURY,0,0,0,0,0,2,0,1,4,9,41.76643089,-87.60574786,POINT (-87.605747860649 41.766430892538)
JC437962,,9/18/2019 0:47,30,NO CONTROLS,NO CONTROLS,CLEAR,"DARKNESS, LIGHTED ROAD",PARKED MOTOR VEHICLE,ONE-WAY,,STRAIGHT AND LEVEL,DRY,NO DEFECTS,ON SCENE,NO INJURY / DRIVE AWAY,,,Y,"OVER $1,500",9/18/2019 1:00,UNABLE TO DETERMINE,UNABLE TO DETERMINE,3540,N,ORANGE AVE,1631,,,,,,,2,NO INDICATION OF INJURY,0,0,0,0,0,1,0,0,4,9,41.94431988,-87.82426794,POINT (-87.8242679345 41.944319879827)
JC437938,,9/18/2019 0:05,30,TRAFFIC SIGNAL,FUNCTIONING PROPERLY,CLEAR,"DARKNESS, LIGHTED ROAD",TURNING,NOT DIVIDED,,STRAIGHT AND LEVEL,DRY,NO DEFECTS,ON SCENE,NO INJURY / DRIVE AWAY,Y,,Y,"OVER $1,500",9/18/2019 0:13,"OPERATING VEHICLE IN ERRATIC, RECKLESS, CARELESS, NEGLIGENT OR AGGRESSIVE MANNER",FAILING TO REDUCE SPEED TO AVOID CRASH,800,N,CENTRAL AVE,1511,,,,,,,2,NO INDICATION OF INJURY,0,0,0,0,0,3,0,0,4,9,41.89489658,-87.76554326,POINT (-87.765543258459 41.894896579397)
JC438039,,9/18/2019 0:01,30,NO CONTROLS,NO CONTROLS,CLEAR,"DARKNESS, LIGHTED ROAD",PARKED MOTOR VEHICLE,ONE-WAY,,STRAIGHT AND LEVEL,DRY,UNKNOWN,NOT ON SCENE (DESK REPORT),NO INJURY / DRIVE AWAY,,,Y,"OVER $1,500",9/18/2019 6:15,UNABLE TO DETERMINE,UNABLE TO DETERMINE,8307,S,INGLESIDE AVE,632,,,,,,,2,NO INDICATION OF INJURY,0,0,0,0,0,1,0,0,4,9,41.74375774,-87.60123516,POINT (-87.60123516267 41.743757738732)
JC437873,Y,9/17/2019 22:33,30,NO CONTROLS,NO CONTROLS,CLEAR,"DARKNESS, LIGHTED ROAD",PARKED MOTOR VEHICLE,ONE-WAY,,STRAIGHT AND LEVEL,DRY,NO DEFECTS,ON SCENE,INJURY AND / OR TOW DUE TO CRASH,,,,"OVER $1,500",9/17/2019 22:45,IMPROPER LANE USAGE,NOT APPLICABLE,210,E,OHIO ST,1834,,,,,,,3,NO INDICATION OF INJURY,0,0,0,0,0,1,0,22,3,9,41.89267717,-87.62219449,POINT (-87.622194494473 41.892677171855)
JC437840,,9/17/2019 22:05,30,NO CONTROLS,NO CONTROLS,CLEAR,"DARKNESS, LIGHTED ROAD",PARKED MOTOR VEHICLE,NOT DIVIDED,,STRAIGHT AND LEVEL,DRY,NO DEFECTS,ON SCENE,INJURY AND / OR TOW DUE TO CRASH,,,,"OVER $1,500",9/17/2019 22:05,DISTRACTION - FROM INSIDE VEHICLE,NOT APPLICABLE,500,E,51ST ST,223,,,,,,,4,NO INDICATION OF INJURY,0,0,0,0,0,1,0,22,3,9,41.80223871,-87.61399573,POINT (-87.613995727141 41.802238709769)
JC437838,,9/17/2019 22:01,35,NO CONTROLS,NO CONTROLS,CLEAR,"DARKNESS, LIGHTED ROAD",SIDESWIPE SAME DIRECTION,DIVIDED - W/MEDIAN BARRIER,,STRAIGHT AND LEVEL,DRY,NO DEFECTS,ON SCENE,NO INJURY / DRIVE AWAY,,,Y,$500 OR LESS,9/17/2019 22:11,IMPROPER OVERTAKING/PASSING,NOT APPLICABLE,1603,W,95TH ST,2213,,,,,,,2,NO INDICATION OF INJURY,0,0,0,0,0,2,0,22,3,9,41.7211032,-87.66281567,POINT (-87.662815667603 41.72110320248)
JC441300,,9/17/2019 22:00,15,NO CONTROLS,NO CONTROLS,CLEAR,"DARKNESS, LIGHTED ROAD",FIXED OBJECT,ALLEY,,STRAIGHT AND LEVEL,DRY,"RUT, HOLES",NOT ON SCENE (DESK REPORT),NO INJURY / DRIVE AWAY,,,,"$501 - $1,500",9/20/2019 15:39,NOT APPLICABLE,NOT APPLICABLE,5022,W,PARKER AVE,2521,,,,,,,1,NO INDICATION OF INJURY,0,0,0,0,0,1,0,22,3,9,41.93065778,-87.75243334,POINT (-87.752433336456 41.930657778349)
JC437878,,9/17/2019 22:00,30,OTHER,OTHER,CLEAR,"DARKNESS, LIGHTED ROAD",PARKED MOTOR VEHICLE,ONE-WAY,,STRAIGHT AND LEVEL,DRY,NO DEFECTS,NOT ON SCENE (DESK REPORT),NO INJURY / DRIVE AWAY,,,Y,"OVER $1,500",9/17/2019 23:10,UNABLE TO DETERMINE,UNABLE TO DETERMINE,1130,N,DEARBORN ST,1824,,,,,,,2,NO INDICATION OF INJURY,0,0,0,0,0,1,0,22,3,9,41.90284279,-87.63010032,POINT (-87.630100315401 41.90284278481)
JC437856,,9/17/2019 21:49,30,NO CONTROLS,NO CONTROLS,CLEAR,"DARKNESS, LIGHTED ROAD",SIDESWIPE SAME DIRECTION,NOT DIVIDED,,STRAIGHT AND LEVEL,DRY,NO DEFECTS,ON SCENE,NO INJURY / DRIVE AWAY,,,,"OVER $1,500",9/17/2019 21:49,EQUIPMENT - VEHICLE CONDITION,NOT APPLICABLE,241,W,37TH ST,915,,,,,,,2,NO INDICATION OF INJURY,0,0,0,0,0,3,0,21,3,9,41.82716683,-87.63292821,POINT (-87.632928211694 41.827166833697)