RD_NO,CRASH_DATE_EST_I,CRASH_DATE,POSTED_SPEED_LIMIT,TRAFFIC_CONTROL_DEVICE,DEVICE_CONDITION,WEATHER_CONDITION,LIGHTING_CONDITION,FIRST_CRASH_TYPE,TRAFFICWAY_TYPE,LANE_CNT,ALIGNMENT,ROADWAY_SURFACE_COND,ROAD_DEFECT,REPORT_TYPE,CRASH_TYPE,INTERSECTION_RELATED_I,NOT_RIGHT_OF_WAY_I,HIT_AND_RUN_I,DAMAGE,DATE_POLICE_NOTIFIED,PRIM_CONTRIBUTORY_CAUSE,SEC_CONTRIBUTORY_CAUSE,STREET_NO,STREET_DIRECTION,STREET_NAME,BEAT_OF_OCCURRENCE,PHOTOS_TAKEN_I,STATEMENTS_TAKEN_I,DOORING_I,WORK_ZONE_I,WORK_ZONE_TYPE,WORKERS_PRESENT_I,NUM_UNITS,MOST_SEVERE_INJURY,INJURIES_TOTAL,INJURIES_FATAL,INJURIES_INCAPACITATING,INJURIES_NON_INCAPACITATING,INJURIES_REPORTED_NOT_EVIDENT,INJURIES_NO_INDICATION,INJURIES_UNKNOWN,CRASH_HOUR,CRASH_DAY_OF_WEEK,CRASH_MONTH,LATITUDE,LONGITUDE,LOCATION
JC437825,,9/17/2019 21:35,25,STOP SIGN/FLASHER,FUNCTIONING PROPERLY,CLEAR,"DARKNESS, LIGHTED ROAD",ANGLE,FOUR WAY,,STRAIGHT AND LEVEL,DRY,NO DEFECTS,ON SCENE,INJURY AND / OR TOW DUE TO CRASH,Y,,,"OVER $1,500",9/17/2019 21:47,FAILING TO YIELD RIGHT-OF-WAY,UNABLE TO DETERMINE,2527,W,BRYN MAWR AVE,2011,,,,,,,2,NO INDICATION OF INJURY,0,0,0,0,0,2,0,21,3,9,41.9830425,-87.69302557,POINT (-87.693025571194 41.983042502408)
JC437787,,9/17/2019 21:20,35,NO CONTROLS,NO CONTROLS,CLEAR,"DARKNESS, LIGHTED ROAD",OTHER NONCOLLISION,RAMP,,"CURVE, LEVEL",DRY,NO DEFECTS,ON SCENE,INJURY AND / OR TOW DUE TO CRASH,,,N,"$501 - $1,500",9/17/2019 21:28,IMPROPER OVERTAKING/PASSING,UNABLE TO DETERMINE,5459,N,MANNHEIM RD,1654,,,,,,,1,NONINCAPACITATING INJURY,1,0,0,1,0,0,0,21,3,9,41.97906329,-87.87872883,POINT (-87.878728828809 41.979063291944)
JC437839,Y,9/17/2019 21:10,30,NO CONTROLS,NO CONTROLS,CLEAR,"DARKNESS, LIGHTED ROAD",SIDESWIPE SAME DIRECTION,NOT DIVIDED,,STRAIGHT AND LEVEL,DRY,NO DEFECTS,ON SCENE,NO INJURY / DRIVE AWAY,,,,"$501 - $1,500",9/17/2019 21:54,UNABLE TO DETERMINE,UNABLE TO DETERMINE,5231,N,HARLEM AVE,1613,,,,,,,2,NO INDICATION OF INJURY,0,0,0,0,0,2,0,21,3,9,41.97635631,-87.80688896,POINT (-87.806888963508 41.976356305071)
JC438031,Y,9/17/2019 21:00,30,NO CONTROLS,NO CONTROLS,UNKNOWN,UNKNOWN,PARKED MOTOR VEHICLE,NOT DIVIDED,,STRAIGHT AND LEVEL,UNKNOWN,NO DEFECTS,ON SCENE,NO INJURY / DRIVE AWAY,,,Y,"$501 - $1,500",9/18/2019 5:58,UNABLE TO DETERMINE,UNABLE TO DETERMINE,4758,S,DORCHESTER AVE,222,,,,,,,2,NO INDICATION OF INJURY,0,0,0,0,0,1,0,21,3,9,41.80817453,-87.59210217,POINT (-87.592102171229 41.808174524654)
JC437779,,9/17/2019 21:00,30,STOP SIGN/FLASHER,NO CONTROLS,CLEAR,"DARKNESS, LIGHTED ROAD",PARKED MOTOR VEHICLE,NOT DIVIDED,,STRAIGHT AND LEVEL,DRY,NO DEFECTS,ON SCENE,INJURY AND / OR TOW DUE TO CRASH,Y,,,"OVER $1,500",9/17/2019 21:10,IMPROPER TURNING/NO SIGNAL,FAILING TO REDUCE SPEED TO AVOID CRASH,5752,N,JERSEY AVE,1711,,N,,,,,3,NO INDICATION OF INJURY,0,0,0,0,0,1,0,21,3,9,41.98645589,-87.71000835,POINT (-87.710008346154 41.986455894292)
JC437783,,9/17/2019 20:50,30,NO CONTROLS,NO CONTROLS,CLEAR,"DARKNESS, LIGHTED ROAD",PARKED MOTOR VEHICLE,ONE-WAY,,STRAIGHT AND LEVEL,DRY,NO DEFECTS,ON SCENE,INJURY AND / OR TOW DUE TO CRASH,,,N,"OVER $1,500",9/17/2019 21:11,UNABLE TO DETERMINE,UNABLE TO DETERMINE,5537,W,FLOURNOY ST,1522,,,,,,,3,NO INDICATION OF INJURY,0,0,0,0,0,1,0,20,3,9,41.87174067,-87.76296067,POINT (-87.762960666139 41.87174066566)
JC437824,,9/17/2019 20:45,25,NO CONTROLS,NO CONTROLS,CLEAR,"DARKNESS, LIGHTED ROAD",SIDESWIPE SAME DIRECTION,NOT DIVIDED,,STRAIGHT AND LEVEL,DRY,UNKNOWN,NOT ON SCENE (DESK REPORT),NO INJURY / DRIVE AWAY,,,,"$501 - $1,500",9/17/2019 22:00,UNABLE TO DETERMINE,UNABLE TO DETERMINE,3132,W,POPE JOHN PAUL II DR,921,,,,,,,2,NO INDICATION OF INJURY,0,0,0,0,0,5,0,20,3,9,41.81552477,-87.70316979,POINT (-87.703169791231 41.815524765685)
JC437777,,9/17/2019 20:40,20,NO CONTROLS,NO CONTROLS,CLEAR,DARKNESS,FIXED OBJECT,ALLEY,,STRAIGHT AND LEVEL,DRY,NO DEFECTS,ON SCENE,NO INJURY / DRIVE AWAY,,,,"OVER $1,500",9/17/2019 20:45,NOT APPLICABLE,NOT APPLICABLE,8523,S,DANTE AVE,412,,,,,,,1,NO INDICATION OF INJURY,0,0,0,0,0,1,0,20,3,9,41.73979916,-87.5889814,POINT (-87.588981396775 41.739799163641)
JC437861,,9/17/2019 20:39,30,TRAFFIC SIGNAL,FUNCTIONING PROPERLY,CLEAR,"DARKNESS, LIGHTED ROAD",FIXED OBJECT,ONE-WAY,,STRAIGHT AND LEVEL,DRY,NO DEFECTS,ON SCENE,INJURY AND / OR TOW DUE TO CRASH,Y,,,"OVER $1,500",9/17/2019 20:40,IMPROPER LANE USAGE,NOT APPLICABLE,8300,S,STATE ST,632,,,,,,,1,NONINCAPACITATING INJURY,1,0,0,1,0,0,0,20,3,9,41.74356181,-87.6244758,POINT (-87.624475800517 41.743561807288)
JC438405,,9/17/2019 20:30,30,TRAFFIC SIGNAL,FUNCTIONING PROPERLY,CLEAR,"DARKNESS, LIGHTED ROAD",SIDESWIPE SAME DIRECTION,DIVIDED - W/MEDIAN (NOT RAISED),,STRAIGHT AND LEVEL,DRY,NO DEFECTS,NOT ON SCENE (DESK REPORT),NO INJURY / DRIVE AWAY,,,,"OVER $1,500",9/18/2019 11:50,UNABLE TO DETERMINE,NOT APPLICABLE,3200,N,LAKE SHORE DR,1925,,,,,,,2,NO INDICATION OF INJURY,0,0,0,0,0,2,0,20,3,9,41.94090916,-87.63936916,POINT (-87.639369159955 41.940909163268)
JC438224,,9/17/2019 20:00,30,STOP SIGN/FLASHER,FUNCTIONING PROPERLY,CLEAR,"DARKNESS, LIGHTED ROAD",TURNING,FOUR WAY,,STRAIGHT AND LEVEL,DRY,NO DEFECTS,NOT ON SCENE (DESK REPORT),NO INJURY / DRIVE AWAY,,,,"OVER $1,500",9/18/2019 9:50,UNABLE TO DETERMINE,NOT APPLICABLE,1300,W,115TH ST,2234,,,,,,,2,NO INDICATION OF INJURY,0,0,0,0,0,2,0,20,3,9,41.68502819,-87.65437079,POINT (-87.654370792537 41.685028185951)
JC437729,,9/17/2019 20:00,30,TRAFFIC SIGNAL,FUNCTIONING PROPERLY,CLEAR,DAWN,TURNING,DIVIDED - W/MEDIAN (NOT RAISED),,STRAIGHT AND LEVEL,DRY,NO DEFECTS,NOT ON SCENE (DESK REPORT),NO INJURY / DRIVE AWAY,Y,,,"OVER $1,500",9/17/2019 20:30,FOLLOWING TOO CLOSELY,IMPROPER LANE USAGE,2200,S,MICHIGAN AVE,131,,,,,,,2,NO INDICATION OF INJURY,0,0,0,0,0,2,0,20,3,9,41.85277372,-87.62395241,POINT (-87.62395241303 41.852773715173)
JC437690,,9/17/2019 19:52,20,NO CONTROLS,NO CONTROLS,CLEAR,DARKNESS,PEDESTRIAN,ONE-WAY,,STRAIGHT AND LEVEL,DRY,UNKNOWN,ON SCENE,NO INJURY / DRIVE AWAY,,,,$500 OR LESS,9/17/2019 19:52,DRIVING SKILLS/KNOWLEDGE/EXPERIENCE,NOT APPLICABLE,7150,S,CORNELL AVE,324,,,,,,,2,NO INDICATION OF INJURY,0,0,0,0,0,2,0,19,3,9,41.76454687,-87.58487896,POINT (-87.584878963083 41.76454686894)
JC437762,,9/17/2019 19:45,30,NO CONTROLS,NO CONTROLS,CLEAR,DARKNESS,SIDESWIPE SAME DIRECTION,DIVIDED - W/MEDIAN BARRIER,,STRAIGHT AND LEVEL,DRY,NO DEFECTS,NOT ON SCENE (DESK REPORT),NO INJURY / DRIVE AWAY,Y,,Y,"$501 - $1,500",9/17/2019 21:00,UNABLE TO DETERMINE,NOT APPLICABLE,7600,S,STONY ISLAND AVE,411,,,,,,,2,NO INDICATION OF INJURY,0,0,0,0,0,2,0,19,3,9,41.75689717,-87.58623429,POINT (-87.58623428507 41.756897172602)
JC437694,,9/17/2019 19:20,30,UNKNOWN,UNKNOWN,CLEAR,"DARKNESS, LIGHTED ROAD",REAR END,NOT DIVIDED,,STRAIGHT AND LEVEL,UNKNOWN,UNKNOWN,NOT ON SCENE (DESK REPORT),NO INJURY / DRIVE AWAY,,,,"OVER $1,500",9/17/2019 20:00,UNABLE TO DETERMINE,NOT APPLICABLE,3199,N,LAKE SHORE DR,1934,,,,,,,2,NO INDICATION OF INJURY,0,0,0,0,0,2,0,19,3,9,41.94027995,-87.63864632,POINT (-87.638646318666 41.940279951159)
JC437688,,9/17/2019 19:15,30,NO CONTROLS,NO CONTROLS,CLEAR,DAYLIGHT,SIDESWIPE SAME DIRECTION,NOT DIVIDED,,STRAIGHT AND LEVEL,DRY,NO DEFECTS,NOT ON SCENE (DESK REPORT),NO INJURY / DRIVE AWAY,,,,"$501 - $1,500",9/17/2019 20:00,UNABLE TO DETERMINE,NOT APPLICABLE,2329,N,AUSTIN AVE,2515,,,,,,,2,NO INDICATION OF INJURY,0,0,0,0,0,2,0,19,3,9,41.92285826,-87.77553531,POINT (-87.775535305591 41.922858263098)
JC437659,,9/17/2019 19:12,30,STOP SIGN/FLASHER,FUNCTIONING PROPERLY,CLEAR,"DARKNESS, LIGHTED ROAD",PEDALCYCLIST,UNKNOWN INTERSECTION TYPE,,STRAIGHT AND LEVEL,DRY,NO DEFECTS,ON SCENE,INJURY AND / OR TOW DUE TO CRASH,Y,,Y,$500 OR LESS,9/17/2019 19:23,DISREGARDING STOP SIGN,NOT APPLICABLE,3100,W,57TH ST,824,,,,,,,2,NONINCAPACITATING INJURY,1,0,0,1,0,1,0,19,3,9,41.79003155,-87.70107906,POINT (-87.701079056723 41.790031548208)
JC437641,,9/17/2019 19:05,30,NO CONTROLS,NO CONTROLS,CLEAR,"DARKNESS, LIGHTED ROAD",PEDALCYCLIST,NOT DIVIDED,,STRAIGHT AND LEVEL,DRY,NO DEFECTS,ON SCENE,INJURY AND / OR TOW DUE TO CRASH,,,Y,"$501 - $1,500",9/17/2019 19:12,IMPROPER LANE USAGE,HAD BEEN DRINKING (USE WHEN ARREST IS NOT MADE),1203,S,LOOMIS ST,1233,,,,,,,2,NONINCAPACITATING INJURY,1,0,0,1,0,1,0,19,3,9,41.86682282,-87.66142101,POINT (-87.661421006711 41.866822822639)
JC438356,,9/17/2019 19:00,30,TRAFFIC SIGNAL,FUNCTIONING PROPERLY,CLEAR,DAYLIGHT,TURNING,DIVIDED - W/MEDIAN (NOT RAISED),,STRAIGHT AND LEVEL,DRY,NO DEFECTS,ON SCENE,NO INJURY / DRIVE AWAY,Y,,Y,"OVER $1,500",9/18/2019 11:18,IMPROPER TURNING/NO SIGNAL,NOT APPLICABLE,4459,N,WESTERN AVE,1911,,,,,,,2,NO INDICATION OF INJURY,0,0,0,0,0,3,0,19,3,9,41.96305093,-87.6885858,POINT (-87.688585800076 41.963050927885)
JC437704,,9/17/2019 19:00,30,TRAFFIC SIGNAL,FUNCTIONING PROPERLY,CLEAR,"DARKNESS, LIGHTED ROAD",REAR END,NOT DIVIDED,,STRAIGHT AND LEVEL,DRY,NO DEFECTS,NOT ON SCENE (DESK REPORT),NO INJURY / DRIVE AWAY,,,Y,"OVER $1,500",9/17/2019 20:00,UNABLE TO DETERMINE,NOT APPLICABLE,400,W,87TH ST,622,,,,,,,2,NO INDICATION OF INJURY,0,0,0,0,0,2,0,19,3,9,41.73605727,-87.63379276,POINT (-87.633792756972 41.736057268439)
JC437684,,9/17/2019 19:00,30,RR CROSSING SIGN,UNKNOWN,CLEAR,DUSK,HEAD ON,ONE-WAY,,STRAIGHT AND LEVEL,DRY,UNKNOWN,,NO INJURY / DRIVE AWAY,,,Y,"OVER $1,500",9/17/2019 19:55,DRIVING ON WRONG SIDE/WRONG WAY,NOT APPLICABLE,7711,S,COLFAX AVE,421,,,,,,,3,NO INDICATION OF INJURY,0,0,0,0,0,2,0,19,3,9,41.75505092,-87.5613017,POINT (-87.561301700127 41.755050923699)
JC437660,N,9/17/2019 19:00,30,NO CONTROLS,NO CONTROLS,CLEAR,"DARKNESS, LIGHTED ROAD",SIDESWIPE SAME DIRECTION,DIVIDED - W/MEDIAN BARRIER,,STRAIGHT AND LEVEL,DRY,NO DEFECTS,ON SCENE,INJURY AND / OR TOW DUE TO CRASH,,,,"OVER $1,500",9/17/2019 19:05,UNABLE TO DETERMINE,NOT APPLICABLE,1635,N,ASHLAND AVE,1433,,,,,,,2,NO INDICATION OF INJURY,0,0,0,0,0,3,0,19,3,9,41.91168402,-87.66757343,POINT (-87.667573429985 41.911684015996)
JC437612,,9/17/2019 19:00,35,STOP SIGN/FLASHER,FUNCTIONING PROPERLY,CLEAR,DAWN,TURNING,DIVIDED - W/MEDIAN (NOT RAISED),,STRAIGHT AND LEVEL,DRY,NO DEFECTS,ON SCENE,INJURY AND / OR TOW DUE TO CRASH,Y,,,"OVER $1,500",9/17/2019 19:05,FAILING TO YIELD RIGHT-OF-WAY,FAILING TO YIELD RIGHT-OF-WAY,8900,S,HOUSTON AVE,424,,,,,,,2,INCAPACITATING INJURY,1,0,1,0,0,5,0,19,3,9,41.73365205,-87.55010277,POINT (-87.550102773433 41.733652044794)
JC437633,,9/17/2019 18:58,30,TRAFFIC SIGNAL,FUNCTIONING PROPERLY,CLEAR,DAYLIGHT,ANGLE,NOT DIVIDED,,STRAIGHT AND LEVEL,DRY,NO DEFECTS,ON SCENE,NO INJURY / DRIVE AWAY,Y,,Y,"OVER $1,500",9/17/2019 19:02,UNABLE TO DETERMINE,UNABLE TO DETERMINE,2751,N,CENTRAL AVE,2514,,,,,,,2,NO INDICATION OF INJURY,0,0,0,0,0,2,0,18,3,9,41.93100018,-87.76608941,POINT (-87.766089407959 41.931000176021)
JC437618,,9/17/2019 18:53,30,TRAFFIC SIGNAL,FUNCTIONING PROPERLY,CLEAR,DUSK,TURNING,FOUR WAY,,STRAIGHT AND LEVEL,DRY,NO DEFECTS,ON SCENE,NO INJURY / DRIVE AWAY,Y,,,"OVER $1,500",9/17/2019 18:54,NOT APPLICABLE,NOT APPLICABLE,2200,S,ARCHER AVE,914,,,,,,,2,NO INDICATION OF INJURY,0,0,0,0,0,3,0,18,3,9,41.85290378,-87.63500468,POINT (-87.63500467743 41.852903777456)
JC437632,,9/17/2019 18:50,30,NO CONTROLS,NO CONTROLS,CLEAR,DAYLIGHT,ANGLE,OTHER,,STRAIGHT AND LEVEL,DRY,UNKNOWN,NOT ON SCENE (DESK REPORT),NO INJURY / DRIVE AWAY,,,Y,"$501 - $1,500",9/17/2019 19:16,UNABLE TO DETERMINE,UNABLE TO DETERMINE,9860,S,BEVERLY AVE,2213,,,,,,,2,NO INDICATION OF INJURY,0,0,0,0,0,2,0,18,3,9,41.71416141,-87.65987917,POINT (-87.659879169758 41.714161406987)
JC437706,,9/17/2019 18:25,30,NO CONTROLS,NO CONTROLS,CLEAR,"DARKNESS, LIGHTED ROAD",TURNING,DIVIDED - W/MEDIAN (NOT RAISED),,STRAIGHT AND LEVEL,DRY,NO DEFECTS,ON SCENE,INJURY AND / OR TOW DUE TO CRASH,N,,,"OVER $1,500",9/17/2019 19:00,IMPROPER TURNING/NO SIGNAL,UNABLE TO DETERMINE,1231,W,ADDISON ST,1924,,,,,,,2,NO INDICATION OF INJURY,0,0,0,0,0,2,0,18,3,9,41.94701646,-87.66051653,POINT (-87.660516534146 41.947016460106)
JC437782,,9/17/2019 18:20,30,TRAFFIC SIGNAL,FUNCTIONING PROPERLY,CLEAR,DAYLIGHT,SIDESWIPE SAME DIRECTION,NOT DIVIDED,,STRAIGHT AND LEVEL,DRY,NO DEFECTS,NOT ON SCENE (DESK REPORT),NO INJURY / DRIVE AWAY,Y,,,"OVER $1,500",9/17/2019 21:25,DISREGARDING TRAFFIC SIGNALS,IMPROPER LANE USAGE,3720,S,WESTERN AVE,911,,,,,,,2,NO INDICATION OF INJURY,0,0,0,0,0,2,0,18,3,9,41.82596129,-87.68505021,POINT (-87.685050206983 41.825961294422)
JC437698,,9/17/2019 18:15,40,NO CONTROLS,NO CONTROLS,CLEAR,DAYLIGHT,REAR END,DIVIDED - W/MEDIAN BARRIER,,STRAIGHT AND LEVEL,DRY,NO DEFECTS,NOT ON SCENE (DESK REPORT),NO INJURY / DRIVE AWAY,,,,"OVER $1,500",9/17/2019 20:15,FAILING TO REDUCE SPEED TO AVOID CRASH,FAILING TO REDUCE SPEED TO AVOID CRASH,1600,N,LAKE SHORE DR NB,1814,,,,,,,2,NO INDICATION OF INJURY,0,0,0,0,0,2,0,18,3,9,41.91130449,-87.6258786,POINT (-87.625878603169 41.91130448787)
JC437613,,9/17/2019 18:02,30,TRAFFIC SIGNAL,FUNCTIONING PROPERLY,CLEAR,UNKNOWN,REAR END,NOT DIVIDED,,STRAIGHT AND LEVEL,DRY,UNKNOWN,NOT ON SCENE (DESK REPORT),NO INJURY / DRIVE AWAY,,,,"OVER $1,500",9/17/2019 19:02,FAILING TO REDUCE SPEED TO AVOID CRASH,NOT APPLICABLE,190,W,WACKER DR,122,,,,,,,2,NO INDICATION OF INJURY,0,0,0,0,0,3,0,18,3,9,41.88704131,-87.63366879,POINT (-87.633668790263 41.887041311158)
JC437599,,9/17/2019 18:00,30,TRAFFIC SIGNAL,FUNCTIONING PROPERLY,CLEAR,DAYLIGHT,SIDESWIPE SAME DIRECTION,NOT DIVIDED,,STRAIGHT AND LEVEL,DRY,NO DEFECTS,NOT ON SCENE (DESK REPORT),NO INJURY / DRIVE AWAY,,,,"OVER $1,500",9/17/2019 19:00,UNABLE TO DETERMINE,NOT APPLICABLE,5500,S,KOSTNER AVE,813,,,,,,,2,NO INDICATION OF INJURY,0,0,0,0,0,2,0,18,3,9,41.79302217,-87.73310677,POINT (-87.733106769964 41.793022164526)
JC437589,,9/17/2019 18:00,30,NO CONTROLS,FUNCTIONING PROPERLY,CLEAR,DAYLIGHT,SIDESWIPE SAME DIRECTION,DIVIDED - W/MEDIAN BARRIER,,STRAIGHT AND LEVEL,DRY,NO DEFECTS,NOT ON SCENE (DESK REPORT),NO INJURY / DRIVE AWAY,,,Y,"OVER $1,500",9/17/2019 18:30,FAILING TO YIELD RIGHT-OF-WAY,NOT APPLICABLE,8001,S,STONY ISLAND AVE,411,,,,,,,2,NO INDICATION OF INJURY,0,0,0,0,0,2,0,18,3,9,41.74954208,-87.58545233,POINT (-87.585452326777 41.749542079239)
JC437564,,9/17/2019 18:00,30,TRAFFIC SIGNAL,UNKNOWN,CLEAR,DAYLIGHT,REAR END,NOT DIVIDED,,STRAIGHT AND LEVEL,DRY,NO DEFECTS,ON SCENE,INJURY AND / OR TOW DUE TO CRASH,Y,,,"OVER $1,500",9/17/2019 18:14,FOLLOWING TOO CLOSELY,FAILING TO REDUCE SPEED TO AVOID CRASH,2698,N,WESTERN AVE,1411,,,,,,,2,NO INDICATION OF INJURY,0,0,0,0,0,2,0,18,3,9,41.9303003,-87.68798571,POINT (-87.687985705109 41.930300304438)
JC437559,,9/17/2019 18:00,30,NO CONTROLS,NO CONTROLS,CLEAR,DAYLIGHT,PEDALCYCLIST,NOT DIVIDED,,STRAIGHT AND LEVEL,DRY,NO DEFECTS,ON SCENE,NO INJURY / DRIVE AWAY,,,Y,$500 OR LESS,9/17/2019 18:22,ANIMAL,UNABLE TO DETERMINE,6253,W,63RD ST,812,,,,,,,2,NO INDICATION OF INJURY,0,0,0,0,0,1,0,18,3,9,41.77761916,-87.77852336,POINT (-87.778523355634 41.777619160347)
JC437596,,9/17/2019 17:55,25,NO CONTROLS,NO CONTROLS,CLEAR,DUSK,PARKED MOTOR VEHICLE,ONE-WAY,,STRAIGHT AND LEVEL,DRY,NO DEFECTS,ON SCENE,NO INJURY / DRIVE AWAY,N,,Y,$500 OR LESS,9/17/2019 18:43,IMPROPER BACKING,UNABLE TO DETERMINE,4314,N,LEAVITT ST,1911,,,,,,,2,NO INDICATION OF INJURY,0,0,0,0,0,1,0,17,3,9,41.96004473,-87.68393597,POINT (-87.683935970313 41.960044727524)
JC437585,,9/17/2019 17:55,30,NO CONTROLS,NO CONTROLS,CLEAR,DAYLIGHT,PEDALCYCLIST,NOT DIVIDED,,STRAIGHT AND LEVEL,DRY,NO DEFECTS,NOT ON SCENE (DESK REPORT),INJURY AND / OR TOW DUE TO CRASH,N,,Y,"OVER $1,500",9/17/2019 18:20,IMPROPER LANE USAGE,NOT APPLICABLE,2410,W,ARMITAGE AVE,1431,,,,,,,2,"REPORTED, NOT EVIDENT",1,0,0,0,1,1,0,17,3,9,41.9176748,-87.68791531,POINT (-87.687915305599 41.917674803722)
JC437549,,9/17/2019 17:55,30,NO CONTROLS,NO CONTROLS,CLEAR,DAYLIGHT,SIDESWIPE SAME DIRECTION,NOT DIVIDED,,STRAIGHT AND LEVEL,DRY,NO DEFECTS,NOT ON SCENE (DESK REPORT),NO INJURY / DRIVE AWAY,,,,"OVER $1,500",9/17/2019 18:10,NOT APPLICABLE,NOT APPLICABLE,4757,N,WESTERN AVE,1911,,,,,,,2,NO INDICATION OF INJURY,0,0,0,0,0,2,0,17,3,9,41.96841243,-87.68875511,POINT (-87.688755111819 41.968412425893)
JC437652,,9/17/2019 17:54,15,NO CONTROLS,NO CONTROLS,CLEAR,DAYLIGHT,FIXED OBJECT,ALLEY,,STRAIGHT AND LEVEL,DRY,UNKNOWN,ON SCENE,NO INJURY / DRIVE AWAY,,,Y,"OVER $1,500",9/17/2019 19:03,FAILING TO REDUCE SPEED TO AVOID CRASH,NOT APPLICABLE,6212,S,SANGAMON ST,712,,,,,,,1,NO INDICATION OF INJURY,0,0,0,0,0,2,0,17,3,9,41.78101172,-87.64860878,POINT (-87.648608777 41.781011718067)
JC437558,,9/17/2019 17:45,30,TRAFFIC SIGNAL,FUNCTIONING PROPERLY,CLEAR,DAYLIGHT,ANGLE,NOT DIVIDED,,STRAIGHT AND LEVEL,DRY,NO DEFECTS,NOT ON SCENE (DESK REPORT),NO INJURY / DRIVE AWAY,,,,"OVER $1,500",9/17/2019 18:20,UNABLE TO DETERMINE,NOT APPLICABLE,6758,W,ARCHER AVE,811,,,,,,,2,NO INDICATION OF INJURY,0,0,0,0,0,2,0,17,3,9,41.79226712,-87.79151868,POINT (-87.791518678917 41.792267122075)
JC437545,,9/17/2019 17:45,30,NO CONTROLS,NO CONTROLS,CLEAR,DAYLIGHT,SIDESWIPE SAME DIRECTION,DIVIDED - W/MEDIAN (NOT RAISED),,STRAIGHT AND LEVEL,DRY,NO DEFECTS,NOT ON SCENE (DESK REPORT),NO INJURY / DRIVE AWAY,,,Y,"$501 - $1,500",9/17/2019 17:46,UNABLE TO DETERMINE,NOT APPLICABLE,424,N,CICERO AVE,1532,,,,,,,2,NO INDICATION OF INJURY,0,0,0,0,0,2,0,17,3,9,41.88864516,-87.74572746,POINT (-87.745727464013 41.888645160441)
JC437531,Y,9/17/2019 17:45,30,TRAFFIC SIGNAL,FUNCTIONING PROPERLY,CLEAR,DUSK,TURNING,NOT DIVIDED,,STRAIGHT AND LEVEL,DRY,UNKNOWN,ON SCENE,NO INJURY / DRIVE AWAY,,,Y,"$501 - $1,500",9/17/2019 17:50,DRIVING SKILLS/KNOWLEDGE/EXPERIENCE,NOT APPLICABLE,4800,W,NORTH AVE,2533,N,,,,,,2,NO INDICATION OF INJURY,0,0,0,0,0,2,0,17,3,9,41.90973389,-87.74624497,POINT (-87.746244972959 41.909733890131)
JC437584,,9/17/2019 17:40,30,NO CONTROLS,NO CONTROLS,CLEAR,DAYLIGHT,ANGLE,NOT DIVIDED,,STRAIGHT AND LEVEL,DRY,NO DEFECTS,NOT ON SCENE (DESK REPORT),NO INJURY / DRIVE AWAY,,,,"OVER $1,500",9/17/2019 18:40,FAILING TO YIELD RIGHT-OF-WAY,DRIVING SKILLS/KNOWLEDGE/EXPERIENCE,5100,S,WASHTENAW AVE,923,,,,,,,2,NO INDICATION OF INJURY,0,0,0,0,0,2,0,17,3,9,41.8009383,-87.69170485,POINT (-87.691704848425 41.8009382945)
JC437555,,9/17/2019 17:40,25,NO CONTROLS,NO CONTROLS,CLEAR,DAYLIGHT,TURNING,NOT DIVIDED,,STRAIGHT AND LEVEL,DRY,NO DEFECTS,NOT ON SCENE (DESK REPORT),INJURY AND / OR TOW DUE TO CRASH,,,,"OVER $1,500",9/17/2019 17:50,FAILING TO YIELD RIGHT-OF-WAY,FAILING TO YIELD RIGHT-OF-WAY,3524,N,ELSTON AVE,1733,,,,,,,2,NO INDICATION OF INJURY,0,0,0,0,0,2,0,17,3,9,41.94524741,-87.70704254,POINT (-87.70704253575 41.945247413526)
JC437526,,9/17/2019 17:40,30,TRAFFIC SIGNAL,FUNCTIONING PROPERLY,CLEAR,DAYLIGHT,REAR TO FRONT,NOT DIVIDED,,STRAIGHT AND LEVEL,DRY,NO DEFECTS,NOT ON SCENE (DESK REPORT),NO INJURY / DRIVE AWAY,Y,,,"OVER $1,500",9/17/2019 17:55,IMPROPER BACKING,FAILING TO REDUCE SPEED TO AVOID CRASH,2624,W,ARMITAGE AVE,1431,,,,,,,2,NO INDICATION OF INJURY,0,0,0,0,0,2,0,17,3,9,41.91763066,-87.69351316,POINT (-87.693513161011 41.917630660505)
JC437541,,9/17/2019 17:34,30,NO CONTROLS,NO CONTROLS,CLEAR,DAYLIGHT,TURNING,NOT DIVIDED,,STRAIGHT AND LEVEL,DRY,UNKNOWN,NOT ON SCENE (DESK REPORT),NO INJURY / DRIVE AWAY,,,Y,"OVER $1,500",9/17/2019 18:08,IMPROPER TURNING/NO SIGNAL,NOT APPLICABLE,21,S,AUSTIN BLVD,1513,,,,,,,2,NO INDICATION OF INJURY,0,0,0,0,0,3,0,17,3,9,41.87939677,-87.77448629,POINT (-87.774486290996 41.879396767132)
JC437504,,9/17/2019 17:34,30,TRAFFIC SIGNAL,FUNCTIONING PROPERLY,CLEAR,DAYLIGHT,PEDESTRIAN,NOT DIVIDED,,STRAIGHT AND LEVEL,DRY,NO DEFECTS,ON SCENE,INJURY AND / OR TOW DUE TO CRASH,Y,,,"OVER $1,500",9/17/2019 17:43,"VISION OBSCURED (SIGNS, TREE LIMBS, BUILDINGS, ETC.)",NOT APPLICABLE,2399,N,RACINE AVE,1811,,,,,,,4,NONINCAPACITATING INJURY,1,0,0,1,0,3,0,17,3,9,41.92524976,-87.65830483,POINT (-87.65830483418 41.925249756082)