RD_NO,CRASH_DATE_EST_I,CRASH_DATE,POSTED_SPEED_LIMIT,TRAFFIC_CONTROL_DEVICE,DEVICE_CONDITION,WEATHER_CONDITION,LIGHTING_CONDITION,FIRST_CRASH_TYPE,TRAFFICWAY_TYPE,LANE_CNT,ALIGNMENT,ROADWAY_SURFACE_COND,ROAD_DEFECT,REPORT_TYPE,CRASH_TYPE,INTERSECTION_RELATED_I,NOT_RIGHT_OF_WAY_I,HIT_AND_RUN_I,DAMAGE,DATE_POLICE_NOTIFIED,PRIM_CONTRIBUTORY_CAUSE,SEC_CONTRIBUTORY_CAUSE,STREET_NO,STREET_DIRECTION,STREET_NAME,BEAT_OF_OCCURRENCE,PHOTOS_TAKEN_I,STATEMENTS_TAKEN_I,DOORING_I,WORK_ZONE_I,WORK_ZONE_TYPE,WORKERS_PRESENT_I,NUM_UNITS,MOST_SEVERE_INJURY,INJURIES_TOTAL,INJURIES_FATAL,INJURIES_INCAPACITATING,INJURIES_NON_INCAPACITATING,INJURIES_REPORTED_NOT_EVIDENT,INJURIES_NO_INDICATION,INJURIES_UNKNOWN,CRASH_HOUR,CRASH_DAY_OF_WEEK,CRASH_MONTH,LATITUDE,LONGITUDE,LOCATION
JC445298,,9/17/2019 17:30,30,TRAFFIC SIGNAL,FUNCTIONING PROPERLY,CLEAR,DAYLIGHT,REAR END,NOT DIVIDED,,STRAIGHT AND LEVEL,DRY,NO DEFECTS,NOT ON SCENE (DESK REPORT),NO INJURY / DRIVE AWAY,,,,"OVER $1,500",9/23/2019 15:30,UNABLE TO DETERMINE,NOT APPLICABLE,24,W,87TH ST,622,,,,,,,2,NO INDICATION OF INJURY,0,0,0,0,0,2,0,17,3,9,41.73638117,-87.6254265,POINT (-87.625426497041 41.736381171795)
JC438472,,9/17/2019 17:30,30,NO CONTROLS,NO CONTROLS,CLEAR,DAYLIGHT,REAR END,NOT DIVIDED,,STRAIGHT AND LEVEL,DRY,UNKNOWN,NOT ON SCENE (DESK REPORT),NO INJURY / DRIVE AWAY,,,,"OVER $1,500",9/18/2019 12:30,FOLLOWING TOO CLOSELY,NOT APPLICABLE,8701,S,WESTERN AVE,2221,,,,,,,2,NO INDICATION OF INJURY,0,0,0,0,0,2,0,17,3,9,41.73544437,-87.68236494,POINT (-87.68236493934 41.735444372356)
JC437609,,9/17/2019 17:30,30,TRAFFIC SIGNAL,NO CONTROLS,CLEAR,DAYLIGHT,TURNING,NOT DIVIDED,,STRAIGHT AND LEVEL,DRY,NO DEFECTS,NOT ON SCENE (DESK REPORT),NO INJURY / DRIVE AWAY,,,Y,"OVER $1,500",9/17/2019 19:00,UNABLE TO DETERMINE,UNABLE TO DETERMINE,1200,N,KOSTNER AVE,2533,,,,,,,2,NO INDICATION OF INJURY,0,0,0,0,0,2,0,17,3,9,41.90255459,-87.73629461,POINT (-87.736294605726 41.902554585873)
JC437464,,9/17/2019 17:15,30,NO CONTROLS,NO CONTROLS,CLEAR,DAYLIGHT,SIDESWIPE OPPOSITE DIRECTION,NOT DIVIDED,,STRAIGHT AND LEVEL,DRY,NO DEFECTS,ON SCENE,INJURY AND / OR TOW DUE TO CRASH,,,,"$501 - $1,500",9/17/2019 17:20,DRIVING SKILLS/KNOWLEDGE/EXPERIENCE,NOT APPLICABLE,1606,E,79TH ST,411,,,,,,,2,"REPORTED, NOT EVIDENT",1,0,0,0,1,2,0,17,3,9,41.75161085,-87.58536755,POINT (-87.585367544712 41.751610849697)
JC437498,,9/17/2019 17:10,10,NO CONTROLS,NO CONTROLS,CLEAR,DAYLIGHT,SIDESWIPE OPPOSITE DIRECTION,PARKING LOT,,STRAIGHT AND LEVEL,DRY,NO DEFECTS,NOT ON SCENE (DESK REPORT),NO INJURY / DRIVE AWAY,,,,"OVER $1,500",9/17/2019 17:50,UNABLE TO DETERMINE,NOT APPLICABLE,5125,S,PULASKI RD,822,,,,,,,2,NO INDICATION OF INJURY,0,0,0,0,0,2,0,17,3,9,41.79968009,-87.72319987,POINT (-87.723199866643 41.799680089645)
JC437435,,9/17/2019 17:05,20,STOP SIGN/FLASHER,FUNCTIONING PROPERLY,CLEAR,DAYLIGHT,REAR END,NOT DIVIDED,,STRAIGHT AND LEVEL,DRY,NO DEFECTS,NOT ON SCENE (DESK REPORT),NO INJURY / DRIVE AWAY,,,,"$501 - $1,500",9/17/2019 17:10,FOLLOWING TOO CLOSELY,UNABLE TO DETERMINE,5149,N,NORTHWEST HWY,1623,,,,,,,2,NO INDICATION OF INJURY,0,0,0,0,0,4,0,17,3,9,41.97409185,-87.76621482,POINT (-87.766214823986 41.974091848346)
JC438601,,9/17/2019 17:00,30,NO CONTROLS,NO CONTROLS,CLEAR,DAYLIGHT,REAR END,NOT DIVIDED,,STRAIGHT AND LEVEL,DRY,NO DEFECTS,NOT ON SCENE (DESK REPORT),NO INJURY / DRIVE AWAY,,,,"$501 - $1,500",9/18/2019 15:07,UNABLE TO DETERMINE,UNABLE TO DETERMINE,699,N,OGDEN AVE,1214,,,,,,,2,NO INDICATION OF INJURY,0,0,0,0,0,2,0,17,3,9,41.89433299,-87.65610025,POINT (-87.656100247857 41.894332993108)
JC437675,,9/17/2019 17:00,30,UNKNOWN,UNKNOWN,CLEAR,DAYLIGHT,PARKED MOTOR VEHICLE,NOT DIVIDED,,STRAIGHT AND LEVEL,DRY,NO DEFECTS,NOT ON SCENE (DESK REPORT),NO INJURY / DRIVE AWAY,,,Y,"OVER $1,500",9/17/2019 20:00,UNABLE TO DETERMINE,UNABLE TO DETERMINE,298,N,KILPATRICK AVE,1113,,,,,,,2,NO INDICATION OF INJURY,0,0,0,0,0,1,0,17,3,9,41.88536131,-87.74314856,POINT (-87.74314856256 41.88536131135)
JC437668,,9/17/2019 17:00,30,NO CONTROLS,NO CONTROLS,CLEAR,DAYLIGHT,SIDESWIPE SAME DIRECTION,NOT DIVIDED,,STRAIGHT AND LEVEL,DRY,NO DEFECTS,NOT ON SCENE (DESK REPORT),NO INJURY / DRIVE AWAY,,,,"OVER $1,500",9/17/2019 19:44,IMPROPER OVERTAKING/PASSING,NOT APPLICABLE,6311,W,FOSTER AVE,1622,,,,,,,2,NO INDICATION OF INJURY,0,0,0,0,0,2,0,17,3,9,41.97554634,-87.78586124,POINT (-87.785861236515 41.975546342441)
JC437463,,9/17/2019 17:00,30,NO CONTROLS,NO CONTROLS,CLEAR,DAYLIGHT,PARKED MOTOR VEHICLE,DIVIDED - W/MEDIAN (NOT RAISED),,STRAIGHT AND LEVEL,DRY,NO DEFECTS,ON SCENE,NO INJURY / DRIVE AWAY,,,Y,"$501 - $1,500",9/17/2019 17:01,NOT APPLICABLE,NOT APPLICABLE,6142,N,CALIFORNIA AVE,2413,,,,,,,2,NO INDICATION OF INJURY,0,0,0,0,0,1,0,17,3,9,41.99344157,-87.69964543,POINT (-87.699645424939 41.993441565722)
JC437570,,9/17/2019 16:55,30,TRAFFIC SIGNAL,FUNCTIONING PROPERLY,CLEAR,DAYLIGHT,REAR END,DIVIDED - W/MEDIAN (NOT RAISED),,STRAIGHT AND LEVEL,DRY,NO DEFECTS,ON SCENE,INJURY AND / OR TOW DUE TO CRASH,,,Y,"OVER $1,500",9/17/2019 16:58,FOLLOWING TOO CLOSELY,FAILING TO YIELD RIGHT-OF-WAY,2801,W,71ST ST,831,,,,,,,3,NONINCAPACITATING INJURY,2,0,0,2,0,5,0,16,3,9,41.76442887,-87.6930865,POINT (-87.693086498209 41.764428867761)
JC437486,,9/17/2019 16:50,30,UNKNOWN,UNKNOWN,CLEAR,DAYLIGHT,SIDESWIPE SAME DIRECTION,NOT DIVIDED,,STRAIGHT AND LEVEL,DRY,NO DEFECTS,ON SCENE,NO INJURY / DRIVE AWAY,,,,"OVER $1,500",9/17/2019 17:01,FAILING TO YIELD RIGHT-OF-WAY,IMPROPER LANE USAGE,3410,W,LAWRENCE AVE,1712,,N,,,,,2,NO INDICATION OF INJURY,0,0,0,0,0,2,0,16,3,9,41.96850703,-87.71384959,POINT (-87.713849592681 41.968507027234)
JC437455,,9/17/2019 16:50,15,NO CONTROLS,NO CONTROLS,CLEAR,"DARKNESS, LIGHTED ROAD",SIDESWIPE SAME DIRECTION,PARKING LOT,,STRAIGHT AND LEVEL,DRY,NO DEFECTS,ON SCENE,NO INJURY / DRIVE AWAY,,,,$500 OR LESS,9/17/2019 16:58,UNABLE TO DETERMINE,UNABLE TO DETERMINE,524,W,OHARE ST,1654,,,,,,,2,NO INDICATION OF INJURY,0,0,0,0,0,2,0,16,3,9,,,
JC437467,N,9/17/2019 16:43,20,UNKNOWN,UNKNOWN,CLEAR,DAYLIGHT,ANGLE,NOT DIVIDED,,STRAIGHT AND LEVEL,DRY,UNKNOWN,ON SCENE,NO INJURY / DRIVE AWAY,,,Y,"OVER $1,500",9/17/2019 16:43,"OPERATING VEHICLE IN ERRATIC, RECKLESS, CARELESS, NEGLIGENT OR AGGRESSIVE MANNER",NOT APPLICABLE,107,W,124TH ST,523,,,,,,,2,NO INDICATION OF INJURY,0,0,0,0,0,2,0,16,3,9,41.6687858,-87.62509563,POINT (-87.625095627774 41.668785796831)
JC437515,,9/17/2019 16:35,45,NO CONTROLS,NO CONTROLS,CLEAR,DAYLIGHT,SIDESWIPE SAME DIRECTION,OTHER,,STRAIGHT AND LEVEL,DRY,NO DEFECTS,NOT ON SCENE (DESK REPORT),NO INJURY / DRIVE AWAY,,,Y,"OVER $1,500",9/17/2019 18:02,UNABLE TO DETERMINE,NOT APPLICABLE,1410,S,MUSEUM CAMPUS DR,132,,,,,,,2,NO INDICATION OF INJURY,0,0,0,0,0,3,0,16,3,9,41.86262829,-87.61503109,POINT (-87.615031094113 41.862628294038)
JC437369,Y,9/17/2019 16:35,25,SCHOOL ZONE,NO CONTROLS,CLEAR,DAYLIGHT,PEDESTRIAN,NOT DIVIDED,,STRAIGHT AND LEVEL,DRY,NO DEFECTS,ON SCENE,INJURY AND / OR TOW DUE TO CRASH,,,,$500 OR LESS,9/17/2019 16:36,UNABLE TO DETERMINE,UNABLE TO DETERMINE,11136,S,VINCENNES AVE,2212,,,,,,,2,NONINCAPACITATING INJURY,1,0,0,1,0,1,0,16,3,9,41.6912366,-87.6641118,POINT (-87.664111798807 41.691236598867)
JC437398,,9/17/2019 16:34,30,NO CONTROLS,NO CONTROLS,CLEAR,DAYLIGHT,REAR END,NOT DIVIDED,,STRAIGHT AND LEVEL,UNKNOWN,UNKNOWN,NOT ON SCENE (DESK REPORT),NO INJURY / DRIVE AWAY,,,,"$501 - $1,500",9/17/2019 16:52,FOLLOWING TOO CLOSELY,FOLLOWING TOO CLOSELY,3814,N,CLARK ST,1923,,,,,,,2,NO INDICATION OF INJURY,0,0,0,0,0,3,0,16,3,9,41.95141046,-87.66006875,POINT (-87.660068747938 41.951410455726)
JC438308,,9/17/2019 16:30,30,TRAFFIC SIGNAL,FUNCTIONING PROPERLY,CLEAR,DAYLIGHT,REAR END,NOT DIVIDED,,STRAIGHT AND LEVEL,DRY,NO DEFECTS,NOT ON SCENE (DESK REPORT),NO INJURY / DRIVE AWAY,,,,"OVER $1,500",9/18/2019 10:55,FOLLOWING TOO CLOSELY,UNABLE TO DETERMINE,2630,N,CICERO AVE,2521,,,,,,,2,NO INDICATION OF INJURY,0,0,0,0,0,2,0,16,3,9,41.92880057,-87.7466294,POINT (-87.746629395047 41.928800568121)
JC437430,,9/17/2019 16:30,30,NO CONTROLS,NO CONTROLS,CLEAR,DAYLIGHT,REAR END,DIVIDED - W/MEDIAN (NOT RAISED),,STRAIGHT AND LEVEL,DRY,NO DEFECTS,NOT ON SCENE (DESK REPORT),NO INJURY / DRIVE AWAY,,,,"OVER $1,500",9/17/2019 17:15,FOLLOWING TOO CLOSELY,UNABLE TO DETERMINE,8700,S,STATE ST,632,,,,,,,2,NO INDICATION OF INJURY,0,0,0,0,0,2,0,16,3,9,41.73620947,-87.62430552,POINT (-87.624305519124 41.736209469449)
JC437475,,9/17/2019 16:19,30,NO CONTROLS,NO CONTROLS,CLEAR,DAYLIGHT,SIDESWIPE SAME DIRECTION,NOT DIVIDED,,STRAIGHT AND LEVEL,DRY,NO DEFECTS,ON SCENE,NO INJURY / DRIVE AWAY,,,,"$501 - $1,500",9/17/2019 16:21,FOLLOWING TOO CLOSELY,NOT APPLICABLE,2230,W,LAKE ST,1223,,,,,,,2,NO INDICATION OF INJURY,0,0,0,0,0,3,0,16,3,9,41.88487191,-87.68272171,POINT (-87.682721713536 41.884871912938)
JC437522,,9/17/2019 16:17,30,TRAFFIC SIGNAL,FUNCTIONING PROPERLY,CLEAR,DAYLIGHT,TURNING,NOT DIVIDED,,STRAIGHT AND LEVEL,DRY,UNKNOWN,NOT ON SCENE (DESK REPORT),NO INJURY / DRIVE AWAY,,,,"OVER $1,500",9/17/2019 17:05,IMPROPER TURNING/NO SIGNAL,NOT APPLICABLE,5966,W,CORCORAN PL,1512,,,,,,,2,NO INDICATION OF INJURY,0,0,0,0,0,2,0,16,3,9,41.88721177,-87.77472948,POINT (-87.774729483273 41.887211774049)
JC437403,,9/17/2019 16:15,30,NO CONTROLS,NO CONTROLS,CLEAR,DAYLIGHT,REAR END,NOT DIVIDED,,STRAIGHT AND LEVEL,DRY,NO DEFECTS,NOT ON SCENE (DESK REPORT),NO INJURY / DRIVE AWAY,,,,"$501 - $1,500",9/17/2019 17:00,FOLLOWING TOO CLOSELY,NOT APPLICABLE,2840,N,CICERO AVE,2521,,,,,,,2,NO INDICATION OF INJURY,0,0,0,0,0,2,0,16,3,9,41.93278078,-87.74679223,POINT (-87.74679223014 41.932780784452)
JC437470,,9/17/2019 16:10,30,UNKNOWN,UNKNOWN,CLEAR,DAYLIGHT,REAR END,ONE-WAY,,STRAIGHT AND LEVEL,UNKNOWN,UNKNOWN,NOT ON SCENE (DESK REPORT),NO INJURY / DRIVE AWAY,,,,"$501 - $1,500",9/17/2019 17:30,FOLLOWING TOO CLOSELY,NOT APPLICABLE,958,S,MILLER ST,1232,,,,,,,2,NO INDICATION OF INJURY,0,0,0,0,0,2,0,16,3,9,41.8695306,-87.65236214,POINT (-87.652362134543 41.869530596857)
JC437349,,9/17/2019 16:10,30,TRAFFIC SIGNAL,UNKNOWN,CLEAR,DAYLIGHT,REAR END,"FIVE POINT, OR MORE",,STRAIGHT AND LEVEL,DRY,NO DEFECTS,ON SCENE,INJURY AND / OR TOW DUE TO CRASH,Y,,,"OVER $1,500",9/17/2019 16:10,FOLLOWING TOO CLOSELY,UNABLE TO DETERMINE,7100,S,SOUTH CHICAGO AVE,323,,,,,,,2,NO INDICATION OF INJURY,0,0,0,0,0,5,0,16,3,9,41.76571673,-87.60558403,POINT (-87.605584026987 41.765716726294)
JC437431,,9/17/2019 16:08,30,UNKNOWN,UNKNOWN,UNKNOWN,DAYLIGHT,REAR END,NOT DIVIDED,,STRAIGHT AND LEVEL,UNKNOWN,UNKNOWN,NOT ON SCENE (DESK REPORT),NO INJURY / DRIVE AWAY,,,Y,"OVER $1,500",9/17/2019 17:00,UNABLE TO DETERMINE,NOT APPLICABLE,1307,W,IRVING PARK RD,1923,,,,,,,2,NO INDICATION OF INJURY,0,0,0,0,0,2,0,16,3,9,41.95426626,-87.66254354,POINT (-87.66254354013 41.954266255435)
JC437492,,9/17/2019 16:05,30,NO CONTROLS,FUNCTIONING PROPERLY,CLEAR,DAYLIGHT,SIDESWIPE SAME DIRECTION,NOT DIVIDED,,STRAIGHT AND LEVEL,DRY,NO DEFECTS,ON SCENE,NO INJURY / DRIVE AWAY,,,,"OVER $1,500",9/17/2019 16:13,FOLLOWING TOO CLOSELY,FAILING TO REDUCE SPEED TO AVOID CRASH,2325,N,NATCHEZ AVE,2512,,,,,,,2,NO INDICATION OF INJURY,0,0,0,0,0,2,0,16,3,9,41.92268081,-87.78771606,POINT (-87.787716055491 41.922680809546)
JC437397,,9/17/2019 16:05,30,NO CONTROLS,FUNCTIONING PROPERLY,CLEAR,DAYLIGHT,SIDESWIPE SAME DIRECTION,NOT DIVIDED,,STRAIGHT AND LEVEL,DRY,NO DEFECTS,ON SCENE,NO INJURY / DRIVE AWAY,,,,"$501 - $1,500",9/17/2019 16:13,IMPROPER LANE USAGE,NOT APPLICABLE,2155,N,AUSTIN AVE,2515,,,,,,,2,NO INDICATION OF INJURY,0,0,0,0,0,2,0,16,3,9,41.9195177,-87.77542158,POINT (-87.775421578382 41.919517700818)
JC437454,,9/17/2019 16:04,15,NO CONTROLS,NO CONTROLS,CLEAR,DAYLIGHT,PARKED MOTOR VEHICLE,NOT DIVIDED,,STRAIGHT AND LEVEL,DRY,NO DEFECTS,NOT ON SCENE (DESK REPORT),NO INJURY / DRIVE AWAY,,,,"OVER $1,500",9/17/2019 17:20,IMPROPER BACKING,UNABLE TO DETERMINE,9700,S,LUELLA AVE,431,,,,,,,2,NO INDICATION OF INJURY,0,0,0,0,0,2,0,16,3,9,41.71827648,-87.56936763,POINT (-87.569367634314 41.718276480453)
JC440331,,9/17/2019 16:00,30,TRAFFIC SIGNAL,FUNCTIONING PROPERLY,CLEAR,DAYLIGHT,TURNING,ONE-WAY,,STRAIGHT AND LEVEL,DRY,NO DEFECTS,NOT ON SCENE (DESK REPORT),NO INJURY / DRIVE AWAY,Y,,,"$501 - $1,500",9/19/2019 18:45,IMPROPER TURNING/NO SIGNAL,IMPROPER LANE USAGE,200,W,LAKE ST,122,,,,,,,2,NO INDICATION OF INJURY,0,0,0,0,0,2,0,16,3,9,41.88583846,-87.63397255,POINT (-87.633972551477 41.885838457417)
JC438504,,9/17/2019 16:00,30,NO CONTROLS,NO CONTROLS,CLEAR,DAYLIGHT,REAR END,NOT DIVIDED,,STRAIGHT AND LEVEL,DRY,NO DEFECTS,NOT ON SCENE (DESK REPORT),NO INJURY / DRIVE AWAY,Y,,,"$501 - $1,500",9/18/2019 13:43,UNABLE TO DETERMINE,UNABLE TO DETERMINE,350,N,WELLS ST,1831,,,,,,,2,NO INDICATION OF INJURY,0,0,0,0,0,2,0,16,3,9,41.88877933,-87.63413516,POINT (-87.634135163818 41.888779334332)
JC437524,,9/17/2019 16:00,35,TRAFFIC SIGNAL,FUNCTIONING PROPERLY,CLEAR,DAYLIGHT,TURNING,FOUR WAY,,STRAIGHT AND LEVEL,DRY,UNKNOWN,NOT ON SCENE (DESK REPORT),NO INJURY / DRIVE AWAY,,,,"$501 - $1,500",9/17/2019 18:10,UNABLE TO DETERMINE,UNABLE TO DETERMINE,1602,W,CERMAK RD,1234,,,,,,,2,NO INDICATION OF INJURY,0,0,0,0,0,5,0,16,3,9,41.85243636,-87.66622899,POINT (-87.666228993532 41.852436356754)
JC437385,,9/17/2019 16:00,30,NO CONTROLS,NO CONTROLS,CLEAR,DAYLIGHT,TURNING,DIVIDED - W/MEDIAN BARRIER,,STRAIGHT AND LEVEL,DRY,NO DEFECTS,NOT ON SCENE (DESK REPORT),NO INJURY / DRIVE AWAY,Y,,,"OVER $1,500",9/17/2019 16:50,FAILING TO YIELD RIGHT-OF-WAY,DRIVING SKILLS/KNOWLEDGE/EXPERIENCE,7900,S,CENTRAL PARK AVE,834,,,,,,,2,NO INDICATION OF INJURY,0,0,0,0,0,2,0,16,3,9,41.74955218,-87.71203736,POINT (-87.712037360606 41.749552179402)
JC437378,,9/17/2019 16:00,35,NO CONTROLS,NO CONTROLS,CLEAR,DAYLIGHT,PARKED MOTOR VEHICLE,NOT DIVIDED,,STRAIGHT AND LEVEL,DRY,NO DEFECTS,NOT ON SCENE (DESK REPORT),NO INJURY / DRIVE AWAY,,,Y,"OVER $1,500",9/17/2019 16:35,IMPROPER BACKING,UNABLE TO DETERMINE,6332,S,COTTAGE GROVE AVE,312,,,,,,,2,NO INDICATION OF INJURY,0,0,0,0,0,2,0,16,3,9,41.77941586,-87.60605567,POINT (-87.606055667125 41.779415863214)
JC437377,,9/17/2019 16:00,30,NO CONTROLS,NO CONTROLS,CLEAR,DAYLIGHT,PARKED MOTOR VEHICLE,ALLEY,,STRAIGHT AND LEVEL,DRY,NO DEFECTS,ON SCENE,NO INJURY / DRIVE AWAY,,,Y,"OVER $1,500",9/17/2019 16:43,UNABLE TO DETERMINE,NOT APPLICABLE,7941,S,WOODLAWN AVE,411,,,,,,,2,NO INDICATION OF INJURY,0,0,0,0,0,1,0,16,3,9,41.75011491,-87.59531394,POINT (-87.595313938785 41.750114913345)
JC437339,,9/17/2019 16:00,30,STOP SIGN/FLASHER,FUNCTIONING PROPERLY,CLEAR,DAYLIGHT,ANGLE,Y-INTERSECTION,,STRAIGHT AND LEVEL,DRY,NO DEFECTS,NOT ON SCENE (DESK REPORT),NO INJURY / DRIVE AWAY,Y,,,"OVER $1,500",9/17/2019 16:30,IMPROPER OVERTAKING/PASSING,NOT APPLICABLE,2020,S,ARCHER AVE,131,,,,,,,2,NO INDICATION OF INJURY,0,0,0,0,0,2,0,16,3,9,41.85497516,-87.63074082,POINT (-87.630740814768 41.854975156151)
JC437332,,9/17/2019 16:00,30,NO CONTROLS,NO CONTROLS,CLEAR,DAYLIGHT,SIDESWIPE SAME DIRECTION,NOT DIVIDED,,STRAIGHT AND LEVEL,DRY,NO DEFECTS,NOT ON SCENE (DESK REPORT),NO INJURY / DRIVE AWAY,,,Y,"$501 - $1,500",9/17/2019 16:15,UNABLE TO DETERMINE,UNABLE TO DETERMINE,3832,W,PALMER ST,2525,,,,,,,2,NO INDICATION OF INJURY,0,0,0,0,0,2,0,16,3,9,41.9209774,-87.72314052,POINT (-87.723140523168 41.920977399703)
JC437325,,9/17/2019 15:51,10,NO CONTROLS,NO CONTROLS,CLEAR,DAYLIGHT,PEDESTRIAN,PARKING LOT,,STRAIGHT AND LEVEL,DRY,NO DEFECTS,ON SCENE,INJURY AND / OR TOW DUE TO CRASH,,,Y,"$501 - $1,500",9/17/2019 16:07,UNABLE TO DETERMINE,UNABLE TO DETERMINE,53,W,79TH ST,623,,,,,,,2,"REPORTED, NOT EVIDENT",1,0,0,0,1,1,0,15,3,9,41.75080871,-87.62679461,POINT (-87.626794610896 41.750808712615)
JC437381,,9/17/2019 15:50,30,NO CONTROLS,NO CONTROLS,CLEAR,DAYLIGHT,PARKED MOTOR VEHICLE,ONE-WAY,,STRAIGHT AND LEVEL,DRY,NO DEFECTS,NOT ON SCENE (DESK REPORT),NO INJURY / DRIVE AWAY,,,Y,"$501 - $1,500",9/17/2019 15:51,NOT APPLICABLE,NOT APPLICABLE,942,N,LONG AVE,1524,,,,,,,2,NO INDICATION OF INJURY,0,0,0,0,0,1,0,15,3,9,41.89798611,-87.76089344,POINT (-87.76089344297 41.897986112478)
JC437308,,9/17/2019 15:50,30,STOP SIGN/FLASHER,FUNCTIONING PROPERLY,CLEAR,DAYLIGHT,PEDESTRIAN,FOUR WAY,,STRAIGHT AND LEVEL,DRY,NO DEFECTS,ON SCENE,INJURY AND / OR TOW DUE TO CRASH,Y,,,$500 OR LESS,9/17/2019 15:51,"VISION OBSCURED (SIGNS, TREE LIMBS, BUILDINGS, ETC.)",NOT APPLICABLE,1301,W,ROOSEVELT RD,1233,,,,,,,2,NONINCAPACITATING INJURY,1,0,0,1,0,1,0,15,3,9,41.8668452,-87.65924288,POINT (-87.659242875001 41.866845196871)
JC437354,,9/17/2019 15:46,30,UNKNOWN,UNKNOWN,CLEAR,DAYLIGHT,PEDALCYCLIST,ONE-WAY,,STRAIGHT AND LEVEL,DRY,UNKNOWN,ON SCENE,INJURY AND / OR TOW DUE TO CRASH,,,,"OVER $1,500",9/17/2019 15:59,UNABLE TO DETERMINE,UNABLE TO DETERMINE,1604,S,MILLER ST,1235,,,,,,,2,NONINCAPACITATING INJURY,1,0,0,1,0,1,0,15,3,9,41.85969118,-87.65238495,POINT (-87.652384953355 41.859691176007)
JC437502,,9/17/2019 15:45,10,NO CONTROLS,NO CONTROLS,CLEAR,DAYLIGHT,PARKED MOTOR VEHICLE,PARKING LOT,,STRAIGHT AND LEVEL,DRY,NO DEFECTS,NOT ON SCENE (DESK REPORT),NO INJURY / DRIVE AWAY,,Y,Y,$500 OR LESS,9/17/2019 17:00,NOT APPLICABLE,NOT APPLICABLE,7601,S,CICERO AVE,833,,,,,,,2,NO INDICATION OF INJURY,0,0,0,0,0,1,0,15,3,9,41.75466012,-87.74138476,POINT (-87.741384758605 41.754660124394)
JC437284,,9/17/2019 15:42,30,NO CONTROLS,NO CONTROLS,CLEAR,DAYLIGHT,REAR END,NOT DIVIDED,,STRAIGHT AND LEVEL,DRY,NO DEFECTS,ON SCENE,INJURY AND / OR TOW DUE TO CRASH,,,,"OVER $1,500",9/17/2019 15:42,FOLLOWING TOO CLOSELY,UNABLE TO DETERMINE,6702,W,GRAND AVE,2512,,,,,,,2,NONINCAPACITATING INJURY,1,0,0,1,0,1,0,15,3,9,41.92372731,-87.79293011,POINT (-87.792930106496 41.923727313987)
JC437536,,9/17/2019 15:40,30,NO CONTROLS,NO CONTROLS,CLEAR,DAYLIGHT,SIDESWIPE OPPOSITE DIRECTION,NOT DIVIDED,,STRAIGHT AND LEVEL,DRY,NO DEFECTS,NOT ON SCENE (DESK REPORT),NO INJURY / DRIVE AWAY,,,,"$501 - $1,500",9/17/2019 18:08,UNABLE TO DETERMINE,UNABLE TO DETERMINE,355,E,OHIO ST,1834,,,,,,,2,NO INDICATION OF INJURY,0,0,0,0,0,2,0,15,3,9,41.89252476,-87.61813383,POINT (-87.618133826548 41.892524760767)
JC437395,,9/17/2019 15:40,20,NO CONTROLS,NO CONTROLS,CLEAR,DAYLIGHT,PARKED MOTOR VEHICLE,ONE-WAY,,STRAIGHT AND LEVEL,OTHER,"RUT, HOLES",ON SCENE,NO INJURY / DRIVE AWAY,,,,"$501 - $1,500",9/17/2019 15:45,ROAD CONSTRUCTION/MAINTENANCE,NOT APPLICABLE,4626,N,KELSO AVE,1722,,,,Y,UTILITY,Y,2,NO INDICATION OF INJURY,0,0,0,0,0,1,0,15,3,9,41.96543921,-87.73286037,POINT (-87.732860371242 41.965439209454)
JC437340,,9/17/2019 15:40,30,TRAFFIC SIGNAL,FUNCTIONING PROPERLY,CLEAR,DAYLIGHT,TURNING,NOT DIVIDED,,STRAIGHT AND LEVEL,DRY,NO DEFECTS,ON SCENE,INJURY AND / OR TOW DUE TO CRASH,,,,"OVER $1,500",9/17/2019 16:03,IMPROPER TURNING/NO SIGNAL,NOT APPLICABLE,4399,W,MADISON ST,1115,,,,,,,3,NO INDICATION OF INJURY,0,0,0,0,0,6,0,15,3,9,41.88050235,-87.73535085,POINT (-87.735350851295 41.880502349352)
JC437338,,9/17/2019 15:40,30,STOP SIGN/FLASHER,FUNCTIONING PROPERLY,CLEAR,DAYLIGHT,TURNING,NOT DIVIDED,,STRAIGHT AND LEVEL,DRY,NO DEFECTS,NOT ON SCENE (DESK REPORT),NO INJURY / DRIVE AWAY,Y,,,"$501 - $1,500",9/17/2019 16:20,IMPROPER TURNING/NO SIGNAL,NOT APPLICABLE,2730,N,LARAMIE AVE,2514,,,,,,,2,NO INDICATION OF INJURY,0,0,0,0,0,2,0,15,3,9,41.93053574,-87.75653494,POINT (-87.756534935045 41.93053573836)
JC437335,,9/17/2019 15:35,25,NO CONTROLS,NO CONTROLS,CLEAR,DAYLIGHT,TURNING,NOT DIVIDED,,STRAIGHT AND LEVEL,DRY,NO DEFECTS,ON SCENE,NO INJURY / DRIVE AWAY,Y,,,"OVER $1,500",9/17/2019 15:37,FAILING TO YIELD RIGHT-OF-WAY,UNABLE TO DETERMINE,7337,N,RIDGE BLVD,2424,,,,,,,2,NO INDICATION OF INJURY,0,0,0,0,0,2,0,15,3,9,42.01512167,-87.6839211,POINT (-87.683921101923 42.015121670158)