RD_NO,CRASH_DATE_EST_I,CRASH_DATE,POSTED_SPEED_LIMIT,TRAFFIC_CONTROL_DEVICE,DEVICE_CONDITION,WEATHER_CONDITION,LIGHTING_CONDITION,FIRST_CRASH_TYPE,TRAFFICWAY_TYPE,LANE_CNT,ALIGNMENT,ROADWAY_SURFACE_COND,ROAD_DEFECT,REPORT_TYPE,CRASH_TYPE,INTERSECTION_RELATED_I,NOT_RIGHT_OF_WAY_I,HIT_AND_RUN_I,DAMAGE,DATE_POLICE_NOTIFIED,PRIM_CONTRIBUTORY_CAUSE,SEC_CONTRIBUTORY_CAUSE,STREET_NO,STREET_DIRECTION,STREET_NAME,BEAT_OF_OCCURRENCE,PHOTOS_TAKEN_I,STATEMENTS_TAKEN_I,DOORING_I,WORK_ZONE_I,WORK_ZONE_TYPE,WORKERS_PRESENT_I,NUM_UNITS,MOST_SEVERE_INJURY,INJURIES_TOTAL,INJURIES_FATAL,INJURIES_INCAPACITATING,INJURIES_NON_INCAPACITATING,INJURIES_REPORTED_NOT_EVIDENT,INJURIES_NO_INDICATION,INJURIES_UNKNOWN,CRASH_HOUR,CRASH_DAY_OF_WEEK,CRASH_MONTH,LATITUDE,LONGITUDE,LOCATION
JC437302,,9/17/2019 15:35,10,NO CONTROLS,NO CONTROLS,CLEAR,DAYLIGHT,REAR END,PARKING LOT,,STRAIGHT AND LEVEL,UNKNOWN,UNKNOWN,NOT ON SCENE (DESK REPORT),NO INJURY / DRIVE AWAY,N,Y,,"OVER $1,500",9/17/2019 15:57,FOLLOWING TOO CLOSELY,NOT APPLICABLE,3867,S,ARCHER AVE,911,,,,,,,2,NO INDICATION OF INJURY,0,0,0,0,0,5,0,15,3,9,41.82315835,-87.68923665,POINT (-87.689236647236 41.823158345079)
JC438241,,9/17/2019 15:30,30,NO CONTROLS,NO CONTROLS,CLEAR,DAYLIGHT,FIXED OBJECT,NOT DIVIDED,,STRAIGHT AND LEVEL,DRY,NO DEFECTS,NOT ON SCENE (DESK REPORT),NO INJURY / DRIVE AWAY,,Y,,"OVER $1,500",9/18/2019 10:20,UNABLE TO DETERMINE,UNABLE TO DETERMINE,3200,S,WOOD ST,912,,,,,,,1,NO INDICATION OF INJURY,0,0,0,0,0,1,0,15,3,9,41.83585527,-87.67068589,POINT (-87.670685888251 41.835855269374)
JC437319,,9/17/2019 15:30,30,TRAFFIC SIGNAL,FUNCTIONING PROPERLY,CLEAR,DAYLIGHT,REAR END,NOT DIVIDED,,STRAIGHT AND LEVEL,DRY,NO DEFECTS,NOT ON SCENE (DESK REPORT),NO INJURY / DRIVE AWAY,Y,,,"OVER $1,500",9/17/2019 16:10,UNABLE TO DETERMINE,NOT APPLICABLE,2798,N,WESTERN AVE,1411,,,,,,,2,NO INDICATION OF INJURY,0,0,0,0,0,2,0,15,3,9,41.93208991,-87.68803208,POINT (-87.68803207985 41.932089905065)
JC437307,,9/17/2019 15:30,30,STOP SIGN/FLASHER,FUNCTIONING PROPERLY,CLEAR,DAYLIGHT,ANGLE,ONE-WAY,,STRAIGHT AND LEVEL,DRY,NO DEFECTS,ON SCENE,NO INJURY / DRIVE AWAY,,,Y,"OVER $1,500",9/17/2019 15:30,IMPROPER BACKING,NOT APPLICABLE,3943,W,SCHOOL ST,1732,,,,,,,2,NO INDICATION OF INJURY,0,0,0,0,0,2,0,15,3,9,41.94081215,-87.72660861,POINT (-87.726608605724 41.940812150787)
JC437300,,9/17/2019 15:25,30,NO CONTROLS,NO CONTROLS,CLEAR,DAYLIGHT,REAR END,NOT DIVIDED,,STRAIGHT AND LEVEL,DRY,NO DEFECTS,ON SCENE,INJURY AND / OR TOW DUE TO CRASH,,,,"OVER $1,500",9/17/2019 15:30,FOLLOWING TOO CLOSELY,DRIVING SKILLS/KNOWLEDGE/EXPERIENCE,5800,N,CALIFORNIA AVE,2011,,,,,,,3,NO INDICATION OF INJURY,0,0,0,0,0,7,0,15,3,9,41.9868456,-87.69942784,POINT (-87.699427840261 41.986845598435)
JC437275,,9/17/2019 15:20,30,TRAFFIC SIGNAL,FUNCTIONING PROPERLY,CLEAR,DAYLIGHT,TURNING,DIVIDED - W/MEDIAN BARRIER,,STRAIGHT AND LEVEL,DRY,NO DEFECTS,ON SCENE,INJURY AND / OR TOW DUE TO CRASH,Y,,,"OVER $1,500",9/17/2019 15:30,FAILING TO YIELD RIGHT-OF-WAY,NOT APPLICABLE,598,S,DAMEN AVE,1225,,,,,,,2,NONINCAPACITATING INJURY,1,0,0,1,0,1,0,15,3,9,41.87408933,-87.67660456,POINT (-87.676604561676 41.874089329509)
JC437404,,9/17/2019 15:18,30,NO CONTROLS,NO CONTROLS,CLEAR,DAYLIGHT,TURNING,NOT DIVIDED,,STRAIGHT AND LEVEL,DRY,NO DEFECTS,ON SCENE,INJURY AND / OR TOW DUE TO CRASH,,,,"OVER $1,500",9/17/2019 16:22,FAILING TO YIELD RIGHT-OF-WAY,NOT APPLICABLE,610,W,PERSHING RD,915,,,,,,,2,NO INDICATION OF INJURY,0,0,0,0,0,2,0,15,3,9,41.82362419,-87.64158249,POINT (-87.641582494497 41.823624190821)
JC437290,,9/17/2019 15:15,35,TRAFFIC SIGNAL,FUNCTIONING PROPERLY,CLEAR,DAYLIGHT,REAR END,DIVIDED - W/MEDIAN (NOT RAISED),,STRAIGHT AND LEVEL,DRY,NO DEFECTS,NOT ON SCENE (DESK REPORT),INJURY AND / OR TOW DUE TO CRASH,,,,"OVER $1,500",9/17/2019 15:35,FOLLOWING TOO CLOSELY,NOT APPLICABLE,4958,S,PULASKI RD,815,,,,,,,2,NONINCAPACITATING INJURY,1,0,0,1,0,1,0,15,3,9,41.80240932,-87.72357398,POINT (-87.723573983079 41.802409323239)
JC437399,,9/17/2019 15:12,30,NO CONTROLS,NO CONTROLS,CLEAR,DAYLIGHT,TURNING,NOT DIVIDED,,STRAIGHT AND LEVEL,DRY,NO DEFECTS,NOT ON SCENE (DESK REPORT),INJURY AND / OR TOW DUE TO CRASH,N,,,"OVER $1,500",9/17/2019 15:55,UNABLE TO DETERMINE,UNABLE TO DETERMINE,1615,W,108TH PL,2212,,,,,,,2,NO INDICATION OF INJURY,0,0,0,0,0,2,0,15,3,9,41.69656194,-87.66265467,POINT (-87.662654673507 41.696561935504)
JC437256,,9/17/2019 15:07,25,TRAFFIC SIGNAL,FUNCTIONING PROPERLY,CLEAR,DAYLIGHT,PARKED MOTOR VEHICLE,DIVIDED - W/MEDIAN (NOT RAISED),,STRAIGHT AND LEVEL,DRY,NO DEFECTS,ON SCENE,NO INJURY / DRIVE AWAY,N,,,$500 OR LESS,9/17/2019 15:24,IMPROPER BACKING,UNABLE TO DETERMINE,4000,N,ASHLAND AVE,1912,,,,,,,2,NO INDICATION OF INJURY,0,0,0,0,0,1,0,15,3,9,41.95437933,-87.66919912,POINT (-87.669199119804 41.954379326213)
JC437396,,9/17/2019 15:05,30,NO CONTROLS,NO CONTROLS,CLEAR,DAYLIGHT,PARKED MOTOR VEHICLE,NOT DIVIDED,,STRAIGHT AND LEVEL,DRY,NO DEFECTS,ON SCENE,NO INJURY / DRIVE AWAY,,,Y,"OVER $1,500",9/17/2019 17:00,UNABLE TO DETERMINE,UNABLE TO DETERMINE,1700,N,KOSTNER AVE,2533,,,,,,,2,NO INDICATION OF INJURY,0,0,0,0,0,1,0,15,3,9,41.91167236,-87.73631206,POINT (-87.736312056008 41.911672356702)
JC437326,,9/17/2019 15:00,30,NO CONTROLS,NO CONTROLS,CLEAR,DAYLIGHT,SIDESWIPE SAME DIRECTION,NOT DIVIDED,,STRAIGHT AND LEVEL,DRY,NO DEFECTS,NOT ON SCENE (DESK REPORT),NO INJURY / DRIVE AWAY,,,,"OVER $1,500",9/17/2019 16:15,UNABLE TO DETERMINE,NOT APPLICABLE,200,W,INSTITUTE PL,1823,,,,,,,2,NO INDICATION OF INJURY,0,0,0,0,0,2,0,15,3,9,41.8975286,-87.63430793,POINT (-87.634307927001 41.897528596845)
JC437288,,9/17/2019 15:00,30,STOP SIGN/FLASHER,NO CONTROLS,CLEAR,DAYLIGHT,TURNING,NOT DIVIDED,,STRAIGHT AND LEVEL,DRY,NO DEFECTS,NOT ON SCENE (DESK REPORT),NO INJURY / DRIVE AWAY,Y,,,"$501 - $1,500",9/17/2019 15:55,UNABLE TO DETERMINE,UNABLE TO DETERMINE,820,N,MICHIGAN AVE,1833,,,,,,,2,NO INDICATION OF INJURY,0,0,0,0,0,2,0,15,3,9,41.89747751,-87.62428867,POINT (-87.624288673358 41.897477509656)
JC438420,,9/17/2019 14:50,30,NO CONTROLS,NO CONTROLS,CLEAR,DAYLIGHT,REAR END,NOT DIVIDED,,STRAIGHT AND LEVEL,DRY,NO DEFECTS,NOT ON SCENE (DESK REPORT),NO INJURY / DRIVE AWAY,,,,"$501 - $1,500",9/18/2019 12:15,UNABLE TO DETERMINE,UNABLE TO DETERMINE,558,S,ASHLAND AVE,1231,,,,,,,2,NO INDICATION OF INJURY,0,0,0,0,0,2,0,14,3,9,41.87424715,-87.66674704,POINT (-87.666747035397 41.874247146504)
JC437257,,9/17/2019 14:50,30,TRAFFIC SIGNAL,FUNCTIONING PROPERLY,CLEAR,DAYLIGHT,REAR END,NOT DIVIDED,,STRAIGHT AND LEVEL,DRY,UNKNOWN,NOT ON SCENE (DESK REPORT),NO INJURY / DRIVE AWAY,,,,"$501 - $1,500",9/17/2019 15:45,FOLLOWING TOO CLOSELY,NOT APPLICABLE,8300,S,HOLLAND RD,622,,,,,,,2,NO INDICATION OF INJURY,0,0,0,0,0,7,0,14,3,9,41.74342733,-87.63218113,POINT (-87.632181132025 41.743427333057)
JC439138,Y,9/17/2019 14:45,30,UNKNOWN,UNKNOWN,UNKNOWN,UNKNOWN,REAR END,UNKNOWN INTERSECTION TYPE,,STRAIGHT AND LEVEL,UNKNOWN,UNKNOWN,,NO INJURY / DRIVE AWAY,,,Y,"$501 - $1,500",9/18/2019 21:30,NOT APPLICABLE,NOT APPLICABLE,3700,W,ADDISON ST,1732,,,,,,,2,NO INDICATION OF INJURY,0,0,0,0,0,2,0,14,3,9,41.94657906,-87.72018626,POINT (-87.720186259046 41.946579056193)
JC437253,,9/17/2019 14:45,30,TRAFFIC SIGNAL,FUNCTIONING PROPERLY,CLEAR,DAYLIGHT,REAR END,DIVIDED - W/MEDIAN (NOT RAISED),,STRAIGHT AND LEVEL,DRY,NO DEFECTS,NOT ON SCENE (DESK REPORT),NO INJURY / DRIVE AWAY,Y,,,"OVER $1,500",9/17/2019 15:00,UNABLE TO DETERMINE,NOT APPLICABLE,8701,S,ANTHONY AVE,412,,,,,,,2,NO INDICATION OF INJURY,0,0,0,0,0,2,0,14,3,9,41.73720615,-87.56873891,POINT (-87.568738905657 41.737206153454)
JC437209,,9/17/2019 14:45,30,NO CONTROLS,NO CONTROLS,CLEAR,DAYLIGHT,PARKED MOTOR VEHICLE,NOT DIVIDED,,STRAIGHT AND LEVEL,DRY,NO DEFECTS,ON SCENE,NO INJURY / DRIVE AWAY,,,,$500 OR LESS,9/17/2019 14:50,IMPROPER LANE USAGE,NOT APPLICABLE,3511,W,83RD PL,834,,,,,,,2,NO INDICATION OF INJURY,0,0,0,0,0,2,0,14,3,9,41.74134437,-87.70996198,POINT (-87.709961978654 41.741344366658)
JC437250,,9/17/2019 14:40,30,NO CONTROLS,NO CONTROLS,CLEAR,DAYLIGHT,FIXED OBJECT,DIVIDED - W/MEDIAN (NOT RAISED),,STRAIGHT AND LEVEL,DRY,NO DEFECTS,ON SCENE,INJURY AND / OR TOW DUE TO CRASH,,,,"OVER $1,500",9/17/2019 14:59,UNABLE TO DETERMINE,NOT APPLICABLE,4200,N,KOSTNER AVE,1722,,,,,,,1,NO INDICATION OF INJURY,0,0,0,0,0,1,0,14,3,9,41.95704906,-87.73835295,POINT (-87.738352947615 41.957049063749)
JC437235,,9/17/2019 14:33,30,STOP SIGN/FLASHER,FUNCTIONING PROPERLY,CLEAR,DAYLIGHT,ANGLE,T-INTERSECTION,,STRAIGHT AND LEVEL,DRY,NO DEFECTS,ON SCENE,INJURY AND / OR TOW DUE TO CRASH,Y,,,"OVER $1,500",9/17/2019 14:57,DISREGARDING STOP SIGN,FAILING TO YIELD RIGHT-OF-WAY,100,N,CARPENTER ST,1224,,,,,,,2,NONINCAPACITATING INJURY,1,0,0,1,0,2,0,14,3,9,41.88309753,-87.6533832,POINT (-87.653383201594 41.883097529264)
JC439425,,9/17/2019 14:30,30,NO CONTROLS,NO CONTROLS,CLEAR,DAYLIGHT,FIXED OBJECT,ONE-WAY,,STRAIGHT AND LEVEL,DRY,"RUT, HOLES",NOT ON SCENE (DESK REPORT),NO INJURY / DRIVE AWAY,,,,"$501 - $1,500",9/19/2019 8:20,UNABLE TO DETERMINE,UNABLE TO DETERMINE,1409,S,KEDVALE AVE,1011,,,,,,,1,NO INDICATION OF INJURY,0,0,0,0,0,1,0,14,3,9,41.86215489,-87.7285752,POINT (-87.728575200899 41.862154886848)
JC438128,,9/17/2019 14:30,10,NO CONTROLS,NO CONTROLS,CLEAR,DAYLIGHT,REAR TO REAR,PARKING LOT,,STRAIGHT AND LEVEL,DRY,NO DEFECTS,NOT ON SCENE (DESK REPORT),NO INJURY / DRIVE AWAY,,Y,Y,"$501 - $1,500",9/18/2019 8:40,UNABLE TO DETERMINE,UNABLE TO DETERMINE,5010,W,NORTH AVE,2533,,,,,,,2,NO INDICATION OF INJURY,0,0,0,0,0,2,0,14,3,9,41.90966505,-87.7516092,POINT (-87.751609199148 41.909665048658)
JC437518,,9/17/2019 14:30,30,NO CONTROLS,NO CONTROLS,CLEAR,DAYLIGHT,REAR END,ONE-WAY,,STRAIGHT AND LEVEL,DRY,NO DEFECTS,NOT ON SCENE (DESK REPORT),NO INJURY / DRIVE AWAY,Y,,,"OVER $1,500",9/17/2019 17:50,UNABLE TO DETERMINE,NOT APPLICABLE,2348,W,IOWA ST,1212,,,,,,,2,NO INDICATION OF INJURY,0,0,0,0,0,3,0,14,3,9,41.89767931,-87.68638973,POINT (-87.686389725582 41.89767930714)
JC437361,,9/17/2019 14:30,5,NO CONTROLS,NO CONTROLS,CLEAR,DAYLIGHT,FIXED OBJECT,DRIVEWAY,,"CURVE, LEVEL",DRY,NO DEFECTS,ON SCENE,NO INJURY / DRIVE AWAY,,Y,Y,"$501 - $1,500",9/17/2019 14:35,"OPERATING VEHICLE IN ERRATIC, RECKLESS, CARELESS, NEGLIGENT OR AGGRESSIVE MANNER",DRIVING SKILLS/KNOWLEDGE/EXPERIENCE,645,N,KINGSBURY ST,1831,,,,,,,1,NO INDICATION OF INJURY,0,0,0,0,0,1,0,14,3,9,41.8934605,-87.64127552,POINT (-87.641275523067 41.893460503567)
JC437333,,9/17/2019 14:30,30,NO CONTROLS,NO CONTROLS,CLEAR,DAYLIGHT,PARKED MOTOR VEHICLE,DIVIDED - W/MEDIAN (NOT RAISED),,STRAIGHT AND LEVEL,DRY,NO DEFECTS,ON SCENE,INJURY AND / OR TOW DUE TO CRASH,,,,"OVER $1,500",9/17/2019 15:05,FAILING TO REDUCE SPEED TO AVOID CRASH,UNABLE TO DETERMINE,10133,S,WESTERN AVE,2213,,,,,,,3,NO INDICATION OF INJURY,0,0,0,0,0,1,0,14,3,9,41.70905814,-87.6815556,POINT (-87.681555601915 41.709058143826)
JC437298,,9/17/2019 14:30,30,TRAFFIC SIGNAL,FUNCTIONING PROPERLY,CLEAR,DAYLIGHT,ANGLE,FOUR WAY,,STRAIGHT AND LEVEL,DRY,NO DEFECTS,NOT ON SCENE (DESK REPORT),INJURY AND / OR TOW DUE TO CRASH,Y,,,"OVER $1,500",9/17/2019 16:05,DISREGARDING TRAFFIC SIGNALS,NOT APPLICABLE,9500,S,VINCENNES AVE,2213,,,,,,,2,"REPORTED, NOT EVIDENT",1,0,0,0,1,1,0,14,3,9,41.72134589,-87.65079633,POINT (-87.650796333578 41.721345885031)
JC437204,,9/17/2019 14:30,30,NO CONTROLS,NO CONTROLS,CLEAR,DAYLIGHT,FIXED OBJECT,PARKING LOT,,STRAIGHT AND LEVEL,DRY,UNKNOWN,ON SCENE,NO INJURY / DRIVE AWAY,,Y,,"OVER $1,500",9/17/2019 14:50,UNABLE TO DETERMINE,NOT APPLICABLE,6400,N,MILWAUKEE AVE,1611,,,,,,,1,NO INDICATION OF INJURY,0,0,0,0,0,1,0,14,3,9,41.99738217,-87.78807767,POINT (-87.78807767392 41.997382173454)
JC437543,,9/17/2019 14:20,30,TRAFFIC SIGNAL,FUNCTIONING PROPERLY,CLEAR,DAYLIGHT,REAR END,NOT DIVIDED,,STRAIGHT AND LEVEL,DRY,NO DEFECTS,NOT ON SCENE (DESK REPORT),NO INJURY / DRIVE AWAY,,,,"$501 - $1,500",9/17/2019 18:10,FOLLOWING TOO CLOSELY,UNABLE TO DETERMINE,6150,W,MONTROSE AVE,1622,,,,,,,2,NO INDICATION OF INJURY,0,0,0,0,0,2,0,14,3,9,41.96039928,-87.78150972,POINT (-87.781509721471 41.960399278794)
JC437746,,9/17/2019 14:18,30,TRAFFIC SIGNAL,FUNCTIONING PROPERLY,CLEAR,DAYLIGHT,TURNING,NOT DIVIDED,,STRAIGHT AND LEVEL,DRY,NO DEFECTS,NOT ON SCENE (DESK REPORT),NO INJURY / DRIVE AWAY,,,Y,"$501 - $1,500",9/17/2019 20:45,IMPROPER TURNING/NO SIGNAL,NOT APPLICABLE,700,W,ROOSEVELT RD,1232,,,,,,,2,NO INDICATION OF INJURY,0,0,0,0,0,3,0,14,3,9,41.86728716,-87.64524694,POINT (-87.645246941532 41.867287162218)
JC438259,,9/17/2019 14:16,20,NO CONTROLS,NO CONTROLS,CLEAR,DAYLIGHT,PARKED MOTOR VEHICLE,ONE-WAY,,STRAIGHT AND LEVEL,DRY,NO DEFECTS,NOT ON SCENE (DESK REPORT),NO INJURY / DRIVE AWAY,,,Y,"OVER $1,500",9/18/2019 9:50,IMPROPER TURNING/NO SIGNAL,UNABLE TO DETERMINE,520,N,MARSHFIELD AVE,1215,,,,,,,2,NO INDICATION OF INJURY,0,0,0,0,0,4,0,14,3,9,41.89162413,-87.66853216,POINT (-87.668532163583 41.891624125683)
JC437181,,9/17/2019 14:15,30,NO CONTROLS,NO CONTROLS,CLEAR,DAYLIGHT,SIDESWIPE SAME DIRECTION,NOT DIVIDED,,STRAIGHT AND LEVEL,DRY,NO DEFECTS,NOT ON SCENE (DESK REPORT),NO INJURY / DRIVE AWAY,,,,"$501 - $1,500",9/17/2019 14:38,UNABLE TO DETERMINE,UNABLE TO DETERMINE,760,N,LAKE SHORE DR NB,1833,,,,,,,2,NO INDICATION OF INJURY,0,0,0,0,0,2,0,14,3,9,41.89666997,-87.616727,POINT (-87.616726995919 41.896669970579)
JC437259,,9/17/2019 14:03,30,NO CONTROLS,NO CONTROLS,CLEAR,DAYLIGHT,TURNING,NOT DIVIDED,,STRAIGHT AND LEVEL,DRY,NO DEFECTS,NOT ON SCENE (DESK REPORT),NO INJURY / DRIVE AWAY,,,,"$501 - $1,500",9/17/2019 15:20,UNABLE TO DETERMINE,UNABLE TO DETERMINE,12483,S,MICHIGAN AVE,532,,,,,,,2,NO INDICATION OF INJURY,0,0,0,0,0,3,0,14,3,9,41.66648513,-87.61994564,POINT (-87.619945637156 41.666485132183)
JC449713,,9/17/2019 14:00,30,TRAFFIC SIGNAL,FUNCTIONING PROPERLY,CLEAR,DARKNESS,FIXED OBJECT,NOT DIVIDED,,STRAIGHT AND LEVEL,DRY,OTHER,NOT ON SCENE (DESK REPORT),NO INJURY / DRIVE AWAY,Y,,,"OVER $1,500",9/26/2019 19:00,ROAD CONSTRUCTION/MAINTENANCE,ROAD CONSTRUCTION/MAINTENANCE,400,W,CHICAGO AVE,1823,,,,Y,MAINTENANCE,,1,NO INDICATION OF INJURY,0,0,0,0,0,1,0,14,3,9,41.89664123,-87.63868894,POINT (-87.638688943839 41.896641227783)
JC437654,,9/17/2019 14:00,30,NO CONTROLS,NO CONTROLS,CLEAR,DAYLIGHT,REAR TO FRONT,ONE-WAY,,STRAIGHT AND LEVEL,DRY,NO DEFECTS,NOT ON SCENE (DESK REPORT),NO INJURY / DRIVE AWAY,,,,"OVER $1,500",9/17/2019 19:30,IMPROPER BACKING,UNABLE TO DETERMINE,4058,S,MONTGOMERY AVE,921,,,,,,,2,NO INDICATION OF INJURY,0,0,0,0,0,2,0,14,3,9,41.81928028,-87.6921351,POINT (-87.692135097187 41.819280274971)
JC437407,,9/17/2019 14:00,30,NO CONTROLS,NO CONTROLS,CLEAR,DAYLIGHT,PARKED MOTOR VEHICLE,NOT DIVIDED,,STRAIGHT AND LEVEL,DRY,NO DEFECTS,ON SCENE,NO INJURY / DRIVE AWAY,,,Y,"OVER $1,500",9/17/2019 16:50,EQUIPMENT - VEHICLE CONDITION,NOT APPLICABLE,1355,W,CHICAGO AVE,1215,,,,,,,3,NO INDICATION OF INJURY,0,0,0,0,0,2,0,14,3,9,41.8960542,-87.66153021,POINT (-87.661530210505 41.89605419938)
JC437147,,9/17/2019 13:55,30,NO CONTROLS,NO CONTROLS,CLEAR,DAYLIGHT,PARKED MOTOR VEHICLE,PARKING LOT,,STRAIGHT AND LEVEL,DRY,NO DEFECTS,ON SCENE,NO INJURY / DRIVE AWAY,,,Y,$500 OR LESS,9/17/2019 13:58,IMPROPER BACKING,NOT APPLICABLE,4137,N,ELSTON AVE,1723,,,,,,,2,NO INDICATION OF INJURY,0,0,0,0,0,1,0,13,3,9,41.9561262,-87.72248283,POINT (-87.722482826292 41.956126201479)
JC437178,,9/17/2019 13:45,30,STOP SIGN/FLASHER,OTHER,CLEAR,DAYLIGHT,ANGLE,NOT DIVIDED,,STRAIGHT AND LEVEL,DRY,NO DEFECTS,NOT ON SCENE (DESK REPORT),NO INJURY / DRIVE AWAY,,,,"OVER $1,500",9/17/2019 14:15,FAILING TO YIELD RIGHT-OF-WAY,NOT APPLICABLE,1800,W,HASTINGS ST,1233,,,,,,,2,NO INDICATION OF INJURY,0,0,0,0,0,2,0,13,3,9,41.86421236,-87.67140026,POINT (-87.671400261736 41.86421236074)
JC438107,,9/17/2019 13:35,30,NO CONTROLS,NO CONTROLS,CLEAR,DAYLIGHT,PARKED MOTOR VEHICLE,ONE-WAY,,STRAIGHT AND LEVEL,DRY,NO DEFECTS,NOT ON SCENE (DESK REPORT),NO INJURY / DRIVE AWAY,,,,"OVER $1,500",9/18/2019 7:45,UNABLE TO DETERMINE,NOT APPLICABLE,216,E,ONTARIO ST,1834,,,,,,,2,NO INDICATION OF INJURY,0,0,0,0,0,2,0,13,3,9,41.89347872,-87.62221753,POINT (-87.622217528568 41.893478719766)
JC439826,,9/17/2019 13:30,30,TRAFFIC SIGNAL,FUNCTIONING PROPERLY,CLEAR,DAYLIGHT,REAR END,NOT DIVIDED,,STRAIGHT AND LEVEL,DRY,NO DEFECTS,NOT ON SCENE (DESK REPORT),NO INJURY / DRIVE AWAY,,,,"$501 - $1,500",9/19/2019 13:25,UNABLE TO DETERMINE,UNABLE TO DETERMINE,4700,S,CICERO AVE,814,,,,,,,2,NO INDICATION OF INJURY,0,0,0,0,0,2,0,13,3,9,41.80753037,-87.74329682,POINT (-87.743296821242 41.807530372894)
JC437309,,9/17/2019 13:30,30,TRAFFIC SIGNAL,FUNCTIONING PROPERLY,CLEAR,DAYLIGHT,SIDESWIPE SAME DIRECTION,NOT DIVIDED,,STRAIGHT AND LEVEL,DRY,NO DEFECTS,ON SCENE,NO INJURY / DRIVE AWAY,Y,,Y,"$501 - $1,500",9/17/2019 13:36,UNABLE TO DETERMINE,UNABLE TO DETERMINE,1601,E,75TH ST,411,,,,,,,2,NO INDICATION OF INJURY,0,0,0,0,0,2,0,13,3,9,41.75865822,-87.58567938,POINT (-87.585679384328 41.758658217701)
JC437155,,9/17/2019 13:20,30,TRAFFIC SIGNAL,FUNCTIONING PROPERLY,CLEAR,DAYLIGHT,REAR END,NOT DIVIDED,,STRAIGHT AND LEVEL,DRY,NO DEFECTS,NOT ON SCENE (DESK REPORT),NO INJURY / DRIVE AWAY,,,,"OVER $1,500",9/17/2019 14:18,FOLLOWING TOO CLOSELY,NOT APPLICABLE,5601,W,IRVING PARK RD,1633,,,,,,,2,NO INDICATION OF INJURY,0,0,0,0,0,2,0,13,3,9,41.95307342,-87.76705642,POINT (-87.767056414731 41.953073424413)
JC437126,,9/17/2019 13:20,15,NO CONTROLS,NO CONTROLS,CLEAR,DAYLIGHT,PARKED MOTOR VEHICLE,ONE-WAY,,STRAIGHT AND LEVEL,DRY,NO DEFECTS,,NO INJURY / DRIVE AWAY,,,Y,"$501 - $1,500",9/17/2019 13:50,IMPROPER BACKING,IMPROPER BACKING,2636,S,KOMENSKY AVE,1031,,,,,,,2,NO INDICATION OF INJURY,0,0,0,0,0,1,0,13,3,9,41.84311275,-87.72587974,POINT (-87.725879734603 41.843112754113)
JC437484,,9/17/2019 13:10,30,UNKNOWN,UNKNOWN,CLEAR,DAYLIGHT,REAR TO FRONT,PARKING LOT,,STRAIGHT AND LEVEL,DRY,NO DEFECTS,NOT ON SCENE (DESK REPORT),NO INJURY / DRIVE AWAY,,Y,,"OVER $1,500",9/17/2019 18:00,UNABLE TO DETERMINE,UNABLE TO DETERMINE,5401,S,WENTWORTH AVE,225,,,,,,,2,NO INDICATION OF INJURY,0,0,0,0,0,4,0,13,3,9,41.79623488,-87.63040492,POINT (-87.630404924387 41.796234875219)
JC438314,,9/17/2019 13:00,30,NO CONTROLS,NO CONTROLS,UNKNOWN,UNKNOWN,PARKED MOTOR VEHICLE,NOT DIVIDED,,STRAIGHT AND LEVEL,UNKNOWN,NO DEFECTS,NOT ON SCENE (DESK REPORT),NO INJURY / DRIVE AWAY,,,Y,"OVER $1,500",9/18/2019 11:20,UNABLE TO DETERMINE,NOT APPLICABLE,5500,S,SHORE DR,235,,,,,,,2,NO INDICATION OF INJURY,0,0,0,0,0,1,0,13,3,9,41.79518502,-87.58059777,POINT (-87.580597771682 41.795185016057)
JC437215,,9/17/2019 13:00,25,NO CONTROLS,NO CONTROLS,UNKNOWN,UNKNOWN,PARKED MOTOR VEHICLE,ONE-WAY,,STRAIGHT AND LEVEL,UNKNOWN,NO DEFECTS,NOT ON SCENE (DESK REPORT),NO INJURY / DRIVE AWAY,,,Y,"OVER $1,500",9/17/2019 15:00,UNABLE TO DETERMINE,NOT APPLICABLE,7856,S,EBERHART AVE,624,,,,,,,2,NO INDICATION OF INJURY,0,0,0,0,0,1,0,13,3,9,41.75130443,-87.61265134,POINT (-87.61265134084 41.751304428106)
JC437140,,9/17/2019 13:00,30,TRAFFIC SIGNAL,FUNCTIONING PROPERLY,CLEAR,DAYLIGHT,REAR END,NOT DIVIDED,,STRAIGHT AND LEVEL,DRY,NO DEFECTS,NOT ON SCENE (DESK REPORT),NO INJURY / DRIVE AWAY,Y,,,"OVER $1,500",9/17/2019 13:45,FOLLOWING TOO CLOSELY,NOT APPLICABLE,5603,W,BELMONT AVE,2514,,,,,,,3,NO INDICATION OF INJURY,0,0,0,0,0,3,0,13,3,9,41.93846341,-87.76663612,POINT (-87.766636115735 41.938463409798)
JC440324,,9/17/2019 12:55,20,NO CONTROLS,NO CONTROLS,CLEAR,DAYLIGHT,SIDESWIPE SAME DIRECTION,ONE-WAY,,STRAIGHT AND LEVEL,DRY,NO DEFECTS,NOT ON SCENE (DESK REPORT),NO INJURY / DRIVE AWAY,,,,"$501 - $1,500",9/19/2019 18:45,UNABLE TO DETERMINE,NOT APPLICABLE,2018,W,WAVELAND AVE,1921,,,,,,,2,NO INDICATION OF INJURY,0,0,0,0,0,2,0,12,3,9,41.94878725,-87.67937026,POINT (-87.67937026268 41.948787249867)