RD_NO,CRASH_DATE_EST_I,CRASH_DATE,POSTED_SPEED_LIMIT,TRAFFIC_CONTROL_DEVICE,DEVICE_CONDITION,WEATHER_CONDITION,LIGHTING_CONDITION,FIRST_CRASH_TYPE,TRAFFICWAY_TYPE,LANE_CNT,ALIGNMENT,ROADWAY_SURFACE_COND,ROAD_DEFECT,REPORT_TYPE,CRASH_TYPE,INTERSECTION_RELATED_I,NOT_RIGHT_OF_WAY_I,HIT_AND_RUN_I,DAMAGE,DATE_POLICE_NOTIFIED,PRIM_CONTRIBUTORY_CAUSE,SEC_CONTRIBUTORY_CAUSE,STREET_NO,STREET_DIRECTION,STREET_NAME,BEAT_OF_OCCURRENCE,PHOTOS_TAKEN_I,STATEMENTS_TAKEN_I,DOORING_I,WORK_ZONE_I,WORK_ZONE_TYPE,WORKERS_PRESENT_I,NUM_UNITS,MOST_SEVERE_INJURY,INJURIES_TOTAL,INJURIES_FATAL,INJURIES_INCAPACITATING,INJURIES_NON_INCAPACITATING,INJURIES_REPORTED_NOT_EVIDENT,INJURIES_NO_INDICATION,INJURIES_UNKNOWN,CRASH_HOUR,CRASH_DAY_OF_WEEK,CRASH_MONTH,LATITUDE,LONGITUDE,LOCATION
JC437059,,9/17/2019 12:45,25,NO CONTROLS,NO CONTROLS,CLEAR,DAYLIGHT,PEDESTRIAN,NOT DIVIDED,,STRAIGHT AND LEVEL,DRY,NO DEFECTS,ON SCENE,INJURY AND / OR TOW DUE TO CRASH,,,,$500 OR LESS,9/17/2019 13:00,FAILING TO YIELD RIGHT-OF-WAY,UNABLE TO DETERMINE,1401,S,WOOD ST,1233,,,,,,,2,INCAPACITATING INJURY,1,0,1,0,0,1,0,12,3,9,41.86315831,-87.67109995,POINT (-87.671099948147 41.863158309721)
JC437079,,9/17/2019 12:35,10,TRAFFIC SIGNAL,FUNCTIONING PROPERLY,CLEAR,DAYLIGHT,TURNING,OTHER,,STRAIGHT AND LEVEL,DRY,NO DEFECTS,ON SCENE,INJURY AND / OR TOW DUE TO CRASH,Y,,,"OVER $1,500",9/17/2019 13:00,DRIVING SKILLS/KNOWLEDGE/EXPERIENCE,NOT APPLICABLE,7301,S,CICERO AVE,833,,,,,,,2,NO INDICATION OF INJURY,0,0,0,0,0,2,0,12,3,9,41.76038824,-87.74162717,POINT (-87.741627168712 41.76038823931)
JC437263,,9/17/2019 12:30,35,STOP SIGN/FLASHER,FUNCTIONING PROPERLY,CLEAR,DAYLIGHT,SIDESWIPE SAME DIRECTION,NOT DIVIDED,,STRAIGHT AND LEVEL,DRY,NO DEFECTS,NOT ON SCENE (DESK REPORT),NO INJURY / DRIVE AWAY,,,,"OVER $1,500",9/17/2019 15:30,IMPROPER OVERTAKING/PASSING,UNABLE TO DETERMINE,251,W,75TH ST,623,,,,,,,2,NO INDICATION OF INJURY,0,0,0,0,0,2,0,12,3,9,41.75801813,-87.63140834,POINT (-87.63140834377 41.75801813151)
JC437241,,9/17/2019 12:30,30,NO CONTROLS,NO CONTROLS,CLEAR,DAYLIGHT,PARKED MOTOR VEHICLE,ONE-WAY,,STRAIGHT AND LEVEL,DRY,NO DEFECTS,NOT ON SCENE (DESK REPORT),NO INJURY / DRIVE AWAY,,,Y,"OVER $1,500",9/17/2019 15:00,UNABLE TO DETERMINE,UNABLE TO DETERMINE,201,E,DELAWARE PL,1833,,,,,,,2,NO INDICATION OF INJURY,0,0,0,0,0,1,0,12,3,9,41.89913526,-87.62178526,POINT (-87.621785262393 41.8991352547)
JC437196,,9/17/2019 12:30,30,NO CONTROLS,NO CONTROLS,CLEAR,DAYLIGHT,PARKED MOTOR VEHICLE,NOT DIVIDED,,STRAIGHT AND LEVEL,DRY,NO DEFECTS,NOT ON SCENE (DESK REPORT),NO INJURY / DRIVE AWAY,,,,"$501 - $1,500",9/17/2019 14:40,UNABLE TO DETERMINE,UNABLE TO DETERMINE,1602,E,73RD ST,324,,,,,,,2,NO INDICATION OF INJURY,0,0,0,0,0,1,0,12,3,9,41.76252468,-87.58569067,POINT (-87.585690672396 41.762524677687)
JC437080,,9/17/2019 12:30,25,NO CONTROLS,NO CONTROLS,CLEAR,DAYLIGHT,REAR TO FRONT,NOT DIVIDED,,STRAIGHT AND LEVEL,DRY,NO DEFECTS,ON SCENE,INJURY AND / OR TOW DUE TO CRASH,,,,"OVER $1,500",9/17/2019 13:05,IMPROPER BACKING,FAILING TO REDUCE SPEED TO AVOID CRASH,10334,S,NORMAL AVE,2232,,,,,,,2,NO INDICATION OF INJURY,0,0,0,0,0,2,0,12,3,9,41.70598221,-87.6356781,POINT (-87.635678101837 41.705982214286)
JC437033,,9/17/2019 12:25,30,NO CONTROLS,NO CONTROLS,CLEAR,DAYLIGHT,SIDESWIPE SAME DIRECTION,NOT DIVIDED,,STRAIGHT AND LEVEL,DRY,NO DEFECTS,ON SCENE,INJURY AND / OR TOW DUE TO CRASH,,,,"$501 - $1,500",9/17/2019 12:28,FAILING TO YIELD RIGHT-OF-WAY,NOT APPLICABLE,106,E,OAK ST,1824,,,,,,,2,NO INDICATION OF INJURY,0,0,0,0,0,2,0,12,3,9,41.9009054,-87.62537666,POINT (-87.625376658509 41.900905400888)
JC437015,,9/17/2019 12:15,10,NO CONTROLS,NO CONTROLS,CLEAR,DAYLIGHT,PARKED MOTOR VEHICLE,PARKING LOT,,STRAIGHT AND LEVEL,DRY,NO DEFECTS,ON SCENE,NO INJURY / DRIVE AWAY,,,Y,"OVER $1,500",9/17/2019 12:30,UNABLE TO DETERMINE,NOT APPLICABLE,5507,S,ARCHER AVE,814,,,,,,,2,NO INDICATION OF INJURY,0,0,0,0,0,1,0,12,3,9,41.79799249,-87.74683378,POINT (-87.746833778985 41.797992485433)
JC436998,,9/17/2019 12:04,30,TRAFFIC SIGNAL,FUNCTIONING PROPERLY,CLEAR,DAYLIGHT,SIDESWIPE SAME DIRECTION,ONE-WAY,,STRAIGHT AND LEVEL,DRY,NO DEFECTS,ON SCENE,NO INJURY / DRIVE AWAY,,,,"$501 - $1,500",9/17/2019 12:04,NOT APPLICABLE,NOT APPLICABLE,555,S,DEARBORN ST,123,,,,,,,2,NO INDICATION OF INJURY,0,0,0,0,0,2,0,12,3,9,41.87466288,-87.62906529,POINT (-87.629065288695 41.87466288078)
JC438878,,9/17/2019 12:00,30,NO CONTROLS,NO CONTROLS,UNKNOWN,UNKNOWN,PARKED MOTOR VEHICLE,PARKING LOT,,STRAIGHT AND LEVEL,UNKNOWN,UNKNOWN,NOT ON SCENE (DESK REPORT),NO INJURY / DRIVE AWAY,,,,$500 OR LESS,9/18/2019 18:00,UNABLE TO DETERMINE,UNABLE TO DETERMINE,1850,W,HARRISON ST,1231,,,,,,,2,NO INDICATION OF INJURY,0,0,0,0,0,1,0,12,3,9,41.87419767,-87.67361571,POINT (-87.673615707236 41.87419766478)
JC437012,,9/17/2019 12:00,30,NO CONTROLS,UNKNOWN,CLEAR,DAYLIGHT,PARKED MOTOR VEHICLE,ONE-WAY,,STRAIGHT AND LEVEL,DRY,NO DEFECTS,NOT ON SCENE (DESK REPORT),NO INJURY / DRIVE AWAY,,,Y,"$501 - $1,500",9/17/2019 12:30,UNABLE TO DETERMINE,UNABLE TO DETERMINE,5661,W,CHICAGO AVE,1511,,,,,,,2,NO INDICATION OF INJURY,0,0,0,0,0,1,0,12,3,9,41.89471051,-87.76776456,POINT (-87.767764563488 41.894710512241)
JC437010,,9/17/2019 12:00,30,NO CONTROLS,NO CONTROLS,CLEAR,DAYLIGHT,SIDESWIPE SAME DIRECTION,NOT DIVIDED,,STRAIGHT AND LEVEL,DRY,NO DEFECTS,NOT ON SCENE (DESK REPORT),NO INJURY / DRIVE AWAY,,,,"$501 - $1,500",9/17/2019 12:20,UNABLE TO DETERMINE,UNABLE TO DETERMINE,4400,N,LAKE SHORE DR NB,1914,,,,,,,2,NO INDICATION OF INJURY,0,0,0,0,0,2,0,12,3,9,41.96205861,-87.64638962,POINT (-87.646389617943 41.962058605158)
JC436988,,9/17/2019 11:55,35,TRAFFIC SIGNAL,FUNCTIONING PROPERLY,CLEAR,DAYLIGHT,HEAD ON,DIVIDED - W/MEDIAN (NOT RAISED),,STRAIGHT AND LEVEL,DRY,NO DEFECTS,ON SCENE,INJURY AND / OR TOW DUE TO CRASH,Y,,,"OVER $1,500",9/17/2019 12:02,UNABLE TO DETERMINE,UNABLE TO DETERMINE,3241,W,PETERSON AVE,1711,,,,,,,2,NONINCAPACITATING INJURY,1,0,0,1,0,1,0,11,3,9,41.99025485,-87.71076324,POINT (-87.710763243534 41.990254848132)
JC437001,,9/17/2019 11:50,30,NO CONTROLS,NO CONTROLS,CLEAR,DAYLIGHT,PEDALCYCLIST,DIVIDED - W/MEDIAN (NOT RAISED),,STRAIGHT AND LEVEL,DRY,NO DEFECTS,ON SCENE,INJURY AND / OR TOW DUE TO CRASH,,,Y,"OVER $1,500",9/17/2019 11:55,"OPERATING VEHICLE IN ERRATIC, RECKLESS, CARELESS, NEGLIGENT OR AGGRESSIVE MANNER",IMPROPER LANE USAGE,2048,W,ARMITAGE AVE,1432,,,,,,,2,NONINCAPACITATING INJURY,1,0,0,1,0,2,0,11,3,9,41.91782992,-87.67953075,POINT (-87.679530750903 41.917829917196)
JC438192,,9/17/2019 11:45,30,NO CONTROLS,NO CONTROLS,CLEAR,DAYLIGHT,PARKED MOTOR VEHICLE,PARKING LOT,,STRAIGHT AND LEVEL,DRY,NO DEFECTS,NOT ON SCENE (DESK REPORT),NO INJURY / DRIVE AWAY,,Y,,"OVER $1,500",9/18/2019 9:35,IMPROPER LANE USAGE,FAILING TO REDUCE SPEED TO AVOID CRASH,1000,W,SHERIDAN RD,2432,,,,,,,2,NO INDICATION OF INJURY,0,0,0,0,0,1,0,11,3,9,41.99834095,-87.65654661,POINT (-87.656546607312 41.998340953565)
JC437315,,9/17/2019 11:40,30,NO CONTROLS,NO CONTROLS,CLEAR,DAYLIGHT,REAR END,NOT DIVIDED,,STRAIGHT AND LEVEL,DRY,NO DEFECTS,NOT ON SCENE (DESK REPORT),NO INJURY / DRIVE AWAY,,,,"OVER $1,500",9/17/2019 15:52,UNABLE TO DETERMINE,NOT APPLICABLE,1532,W,95TH ST,2221,,,,,,,2,NO INDICATION OF INJURY,0,0,0,0,0,2,0,11,3,9,41.72133996,-87.66152761,POINT (-87.661527604939 41.721339961534)
JC436989,,9/17/2019 11:30,30,NO CONTROLS,NO CONTROLS,CLEAR,DAYLIGHT,SIDESWIPE SAME DIRECTION,DIVIDED - W/MEDIAN (NOT RAISED),,STRAIGHT AND LEVEL,DRY,NO DEFECTS,ON SCENE,NO INJURY / DRIVE AWAY,,,,"OVER $1,500",9/17/2019 11:45,IMPROPER OVERTAKING/PASSING,FAILING TO YIELD RIGHT-OF-WAY,4012,S,KEDZIE AVE,821,,,,Y,CONSTRUCTION,Y,2,NO INDICATION OF INJURY,0,0,0,0,0,3,0,11,3,9,41.82033677,-87.70459955,POINT (-87.704599551837 41.820336767418)
JC436964,,9/17/2019 11:30,30,TRAFFIC SIGNAL,FUNCTIONING PROPERLY,CLEAR,DAYLIGHT,TURNING,NOT DIVIDED,,STRAIGHT AND LEVEL,DRY,NO DEFECTS,ON SCENE,NO INJURY / DRIVE AWAY,,,,"OVER $1,500",9/17/2019 11:42,IMPROPER TURNING/NO SIGNAL,NOT APPLICABLE,7400,N,CLARK ST,2424,,,,,,,2,NO INDICATION OF INJURY,0,0,0,0,0,2,0,11,3,9,42.01596668,-87.67534401,POINT (-87.675344009512 42.015966677306)
JC436945,,9/17/2019 11:30,30,TRAFFIC SIGNAL,FUNCTIONING PROPERLY,CLEAR,DAYLIGHT,PEDESTRIAN,NOT DIVIDED,,STRAIGHT AND LEVEL,DRY,NO DEFECTS,,INJURY AND / OR TOW DUE TO CRASH,Y,,,"OVER $1,500",9/17/2019 11:30,FAILING TO YIELD RIGHT-OF-WAY,NOT APPLICABLE,530,N,LA SALLE DR,1831,Y,Y,,,,,2,FATAL,1,1,0,0,0,1,0,11,3,9,41.89168232,-87.63273071,POINT (-87.632730713447 41.891682323987)
JC436923,,9/17/2019 11:15,35,NO CONTROLS,NO CONTROLS,CLEAR,DAYLIGHT,SIDESWIPE SAME DIRECTION,NOT DIVIDED,,STRAIGHT AND LEVEL,DRY,NO DEFECTS,ON SCENE,NO INJURY / DRIVE AWAY,,,,$500 OR LESS,9/17/2019 11:20,IMPROPER LANE USAGE,IMPROPER LANE USAGE,3201,W,COLUMBUS AVE,835,,,,,,,2,NO INDICATION OF INJURY,0,0,0,0,0,2,0,11,3,9,41.75035925,-87.70238708,POINT (-87.702387074976 41.750359253418)
JC437007,,9/17/2019 11:10,30,YIELD,FUNCTIONING PROPERLY,CLEAR,DAYLIGHT,ANGLE,FOUR WAY,,STRAIGHT AND LEVEL,DRY,NO DEFECTS,ON SCENE,INJURY AND / OR TOW DUE TO CRASH,Y,,,"OVER $1,500",9/17/2019 11:13,UNABLE TO DETERMINE,NOT APPLICABLE,500,S,CALIFORNIA AVE,1135,,,,,,,2,"REPORTED, NOT EVIDENT",2,0,0,0,2,1,0,11,3,9,41.87483977,-87.69627157,POINT (-87.696271565241 41.874839767646)
JC436951,,9/17/2019 11:10,30,NO CONTROLS,NO CONTROLS,CLEAR,DAYLIGHT,TURNING,DIVIDED - W/MEDIAN (NOT RAISED),,STRAIGHT AND LEVEL,DRY,NO DEFECTS,ON SCENE,INJURY AND / OR TOW DUE TO CRASH,Y,,,"OVER $1,500",9/17/2019 11:22,FAILING TO YIELD RIGHT-OF-WAY,DRIVING SKILLS/KNOWLEDGE/EXPERIENCE,5700,W,63RD ST,812,,,,,,,2,NO INDICATION OF INJURY,0,0,0,0,0,2,0,11,3,9,41.77811393,-87.76423343,POINT (-87.764233426877 41.778113933338)
JC436927,,9/17/2019 11:10,30,TRAFFIC SIGNAL,FUNCTIONING PROPERLY,CLEAR,DAYLIGHT,PEDESTRIAN,NOT DIVIDED,,STRAIGHT AND LEVEL,DRY,NO DEFECTS,ON SCENE,INJURY AND / OR TOW DUE TO CRASH,Y,,,$500 OR LESS,9/17/2019 11:10,UNABLE TO DETERMINE,"VISION OBSCURED (SIGNS, TREE LIMBS, BUILDINGS, ETC.)",7200,N,SHERIDAN RD,2423,,,,,,,2,NONINCAPACITATING INJURY,2,0,0,1,1,0,0,11,3,9,42.01284733,-87.66361978,POINT (-87.663619777525 42.012847332398)
JC436971,,9/17/2019 11:00,30,TRAFFIC SIGNAL,FUNCTIONING PROPERLY,CLEAR,DAYLIGHT,SIDESWIPE SAME DIRECTION,ONE-WAY,,STRAIGHT AND LEVEL,DRY,WORN SURFACE,ON SCENE,NO INJURY / DRIVE AWAY,N,,,"OVER $1,500",9/17/2019 11:20,IMPROPER LANE USAGE,UNABLE TO DETERMINE,1799,S,RUBLE ST,1235,,,,,,,2,NO INDICATION OF INJURY,0,0,0,0,0,2,0,11,3,9,41.85760471,-87.643636,POINT (-87.643635996318 41.857604709783)
JC436983,,9/17/2019 10:45,30,TRAFFIC SIGNAL,FUNCTIONING PROPERLY,CLEAR,DAYLIGHT,TURNING,NOT DIVIDED,,STRAIGHT AND LEVEL,DRY,NO DEFECTS,NOT ON SCENE (DESK REPORT),NO INJURY / DRIVE AWAY,,,,"OVER $1,500",9/17/2019 11:31,FOLLOWING TOO CLOSELY,UNABLE TO DETERMINE,398,S,ASHLAND AVE,1231,,,,,,,2,NO INDICATION OF INJURY,0,0,0,0,0,3,0,10,3,9,41.87638849,-87.66681235,POINT (-87.666812350149 41.876388488923)
JC436938,,9/17/2019 10:45,25,NO CONTROLS,NO CONTROLS,CLEAR,DAYLIGHT,PARKED MOTOR VEHICLE,NOT DIVIDED,,STRAIGHT AND LEVEL,DRY,NO DEFECTS,ON SCENE,NO INJURY / DRIVE AWAY,,,,$500 OR LESS,9/17/2019 11:40,DRIVING SKILLS/KNOWLEDGE/EXPERIENCE,NOT APPLICABLE,1416,W,WINNEMAC AVE,2033,,,,,,,2,NO INDICATION OF INJURY,0,0,0,0,0,1,0,10,3,9,41.97351177,-87.66543504,POINT (-87.665435038136 41.973511768423)
JC436896,,9/17/2019 10:45,30,NO CONTROLS,NO CONTROLS,CLEAR,DAYLIGHT,SIDESWIPE SAME DIRECTION,DIVIDED - W/MEDIAN (NOT RAISED),,STRAIGHT AND LEVEL,DRY,NO DEFECTS,NOT ON SCENE (DESK REPORT),NO INJURY / DRIVE AWAY,,,,"$501 - $1,500",9/17/2019 11:12,IMPROPER OVERTAKING/PASSING,NOT APPLICABLE,4120,S,PULASKI RD,815,,,,,,,2,NO INDICATION OF INJURY,0,0,0,0,0,2,0,10,3,9,41.81783167,-87.72407715,POINT (-87.724077152023 41.817831666459)
JC436911,,9/17/2019 10:35,15,NO CONTROLS,NO CONTROLS,CLEAR,DAYLIGHT,ANGLE,PARKING LOT,,STRAIGHT AND LEVEL,DRY,NO DEFECTS,ON SCENE,INJURY AND / OR TOW DUE TO CRASH,,,Y,"OVER $1,500",9/17/2019 10:47,"OPERATING VEHICLE IN ERRATIC, RECKLESS, CARELESS, NEGLIGENT OR AGGRESSIVE MANNER",NOT APPLICABLE,3004,W,ARMITAGE AVE,1414,,,,,,,2,NO INDICATION OF INJURY,0,0,0,0,0,2,0,10,3,9,41.91754479,-87.70268057,POINT (-87.702680569275 41.917544790492)
JC437088,,9/17/2019 10:30,30,NO CONTROLS,NO CONTROLS,CLEAR,DAYLIGHT,PARKED MOTOR VEHICLE,ONE-WAY,,STRAIGHT AND LEVEL,DRY,NO DEFECTS,NOT ON SCENE (DESK REPORT),NO INJURY / DRIVE AWAY,,,Y,$500 OR LESS,9/17/2019 13:30,UNABLE TO DETERMINE,UNABLE TO DETERMINE,3504,N,OLEANDER AVE,1631,,,,,,,2,NO INDICATION OF INJURY,0,0,0,0,0,1,0,10,3,9,41.9434781,-87.81564689,POINT (-87.81564688811 41.943478103721)
JC436907,,9/17/2019 10:30,30,NO CONTROLS,NO CONTROLS,CLEAR,DAYLIGHT,REAR END,NOT DIVIDED,,STRAIGHT AND LEVEL,DRY,NO DEFECTS,NOT ON SCENE (DESK REPORT),NO INJURY / DRIVE AWAY,,,,"OVER $1,500",9/17/2019 11:00,FOLLOWING TOO CLOSELY,UNABLE TO DETERMINE,2550,N,PULASKI RD,2524,,,,,,,2,NO INDICATION OF INJURY,0,0,0,0,0,2,0,10,3,9,41.92781351,-87.72701303,POINT (-87.727013034313 41.92781350925)
JC436885,,9/17/2019 10:20,25,STOP SIGN/FLASHER,FUNCTIONING PROPERLY,CLEAR,DAYLIGHT,SIDESWIPE SAME DIRECTION,FOUR WAY,,STRAIGHT AND LEVEL,DRY,NO DEFECTS,NOT ON SCENE (DESK REPORT),NO INJURY / DRIVE AWAY,Y,,,"$501 - $1,500",9/17/2019 10:50,UNABLE TO DETERMINE,UNABLE TO DETERMINE,808,N,LAKE SHORE DR SB,1833,,,,,,,2,NO INDICATION OF INJURY,0,0,0,0,0,2,0,10,3,9,41.89702664,-87.61718111,POINT (-87.617181109073 41.897026640323)
JC436875,,9/17/2019 10:20,30,TRAFFIC SIGNAL,FUNCTIONING PROPERLY,CLEAR,DAYLIGHT,TURNING,DIVIDED - W/MEDIAN (NOT RAISED),,STRAIGHT AND LEVEL,DRY,NO DEFECTS,NOT ON SCENE (DESK REPORT),NO INJURY / DRIVE AWAY,,,,$500 OR LESS,9/17/2019 11:00,IMPROPER LANE USAGE,NOT APPLICABLE,21,S,CLARK ST,112,,,,,,,2,NO INDICATION OF INJURY,0,0,0,0,0,2,0,10,3,9,41.88143431,-87.63072038,POINT (-87.630720377493 41.881434313132)
JC436859,,9/17/2019 10:15,25,NO CONTROLS,NO CONTROLS,CLEAR,DAYLIGHT,PEDALCYCLIST,NOT DIVIDED,,STRAIGHT AND LEVEL,DRY,NO DEFECTS,ON SCENE,INJURY AND / OR TOW DUE TO CRASH,Y,,,"$501 - $1,500",9/17/2019 10:20,IMPROPER TURNING/NO SIGNAL,NOT APPLICABLE,3132,W,MONTROSE AVE,1724,,,,,,,2,NONINCAPACITATING INJURY,1,0,0,1,0,1,0,10,3,9,41.96130404,-87.70716548,POINT (-87.707165475634 41.961304036991)
JC436836,,9/17/2019 10:15,30,STOP SIGN/FLASHER,FUNCTIONING PROPERLY,CLEAR,DAYLIGHT,ANGLE,NOT DIVIDED,,STRAIGHT AND LEVEL,DRY,NO DEFECTS,ON SCENE,NO INJURY / DRIVE AWAY,Y,,,"OVER $1,500",9/17/2019 10:20,"VISION OBSCURED (SIGNS, TREE LIMBS, BUILDINGS, ETC.)",UNABLE TO DETERMINE,1544,W,CONGRESS PKWY,1231,,,,,,,2,NO INDICATION OF INJURY,0,0,0,0,0,2,0,10,3,9,41.87529779,-87.66597963,POINT (-87.66597963093 41.875297788019)
JC442406,,9/17/2019 10:10,30,NO CONTROLS,NO CONTROLS,UNKNOWN,DAYLIGHT,TURNING,NOT DIVIDED,,STRAIGHT AND LEVEL,UNKNOWN,NO DEFECTS,NOT ON SCENE (DESK REPORT),NO INJURY / DRIVE AWAY,,,,"$501 - $1,500",9/21/2019 9:50,UNABLE TO DETERMINE,NOT APPLICABLE,3348,W,BELMONT AVE,1733,,,,,,,2,NO INDICATION OF INJURY,0,0,0,0,0,2,0,10,3,9,41.93940387,-87.71204577,POINT (-87.712045771496 41.939403872021)
JC436867,,9/17/2019 10:10,30,NO CONTROLS,NO CONTROLS,CLEAR,DAYLIGHT,SIDESWIPE SAME DIRECTION,DIVIDED - W/MEDIAN (NOT RAISED),,STRAIGHT AND LEVEL,DRY,NO DEFECTS,ON SCENE,INJURY AND / OR TOW DUE TO CRASH,,,,"OVER $1,500",9/17/2019 10:15,FAILING TO YIELD RIGHT-OF-WAY,NOT APPLICABLE,3321,W,26TH ST,1032,,,,,,,2,"REPORTED, NOT EVIDENT",1,0,0,0,1,2,0,10,3,9,41.84436278,-87.708262,POINT (-87.708261996596 41.844362775296)
JC436846,,9/17/2019 10:05,5,NO CONTROLS,NO CONTROLS,CLEAR,DAYLIGHT,REAR TO FRONT,OTHER,,STRAIGHT AND LEVEL,WET,NO DEFECTS,NOT ON SCENE (DESK REPORT),NO INJURY / DRIVE AWAY,,,,"OVER $1,500",9/17/2019 10:20,UNABLE TO DETERMINE,NOT APPLICABLE,7600,S,SOUTH CHICAGO AVE,411,,,,,,,2,NO INDICATION OF INJURY,0,0,0,0,0,3,0,10,3,9,41.7567361,-87.59307096,POINT (-87.593070955379 41.756736099049)
JC436919,,9/17/2019 10:00,30,TRAFFIC SIGNAL,FUNCTIONING PROPERLY,CLEAR,DAYLIGHT,REAR END,NOT DIVIDED,,STRAIGHT AND LEVEL,DRY,NO DEFECTS,NOT ON SCENE (DESK REPORT),NO INJURY / DRIVE AWAY,,,Y,"OVER $1,500",9/17/2019 11:30,FOLLOWING TOO CLOSELY,FOLLOWING TOO CLOSELY,200,N,HALSTED ST,1214,,,,,,,2,NO INDICATION OF INJURY,0,0,0,0,0,2,0,10,3,9,41.88568962,-87.64762173,POINT (-87.647621731544 41.88568961566)
JC436817,,9/17/2019 10:00,30,NO CONTROLS,NO CONTROLS,CLEAR,DAYLIGHT,SIDESWIPE SAME DIRECTION,NOT DIVIDED,,STRAIGHT AND LEVEL,DRY,NO DEFECTS,NOT ON SCENE (DESK REPORT),NO INJURY / DRIVE AWAY,,,,"$501 - $1,500",9/17/2019 10:25,UNABLE TO DETERMINE,UNABLE TO DETERMINE,813,E,90TH ST,633,,,,,,,2,NO INDICATION OF INJURY,0,0,0,0,0,2,0,10,3,9,41.73107669,-87.60408683,POINT (-87.604086832054 41.731076690843)
JC436877,,9/17/2019 9:50,30,TRAFFIC SIGNAL,FUNCTIONING PROPERLY,CLOUDY/OVERCAST,DAYLIGHT,REAR END,NOT DIVIDED,,STRAIGHT AND LEVEL,DRY,NO DEFECTS,ON SCENE,NO INJURY / DRIVE AWAY,Y,,,"OVER $1,500",9/17/2019 10:40,FOLLOWING TOO CLOSELY,EQUIPMENT - VEHICLE CONDITION,6409,N,CLARK ST,2432,,,,,,,3,NO INDICATION OF INJURY,0,0,0,0,0,3,0,9,3,9,41.99837211,-87.67054633,POINT (-87.670546327992 41.998372108468)
JC437644,,9/17/2019 9:45,30,TRAFFIC SIGNAL,FUNCTIONING PROPERLY,CLEAR,DAYLIGHT,REAR END,DIVIDED - W/MEDIAN (NOT RAISED),,STRAIGHT AND LEVEL,DRY,NO DEFECTS,NOT ON SCENE (DESK REPORT),NO INJURY / DRIVE AWAY,,,,"$501 - $1,500",9/17/2019 19:15,FOLLOWING TOO CLOSELY,UNABLE TO DETERMINE,5100,S,UNION AVE,935,,,,,,,2,NO INDICATION OF INJURY,0,0,0,0,0,2,0,9,3,9,41.80153044,-87.6430436,POINT (-87.643043596806 41.801530437721)
JC436852,,9/17/2019 9:45,30,NO CONTROLS,NO CONTROLS,CLEAR,DAYLIGHT,PARKED MOTOR VEHICLE,NOT DIVIDED,,STRAIGHT AND LEVEL,DRY,NO DEFECTS,ON SCENE,INJURY AND / OR TOW DUE TO CRASH,,,,"OVER $1,500",9/17/2019 9:47,UNABLE TO DETERMINE,NOT APPLICABLE,1061,W,VERNON PARK PL,1232,,,,,,,2,NO INDICATION OF INJURY,0,0,0,0,0,1,0,9,3,9,41.87291311,-87.65349435,POINT (-87.653494350286 41.872913109855)
JC436855,,9/17/2019 9:40,0,NO CONTROLS,NO CONTROLS,CLEAR,DAYLIGHT,PARKED MOTOR VEHICLE,ONE-WAY,,STRAIGHT AND LEVEL,DRY,NO DEFECTS,NOT ON SCENE (DESK REPORT),NO INJURY / DRIVE AWAY,,,,"OVER $1,500",9/17/2019 10:15,UNABLE TO DETERMINE,NOT APPLICABLE,318,E,90TH ST,633,,,,,,,2,NO INDICATION OF INJURY,0,0,0,0,0,2,0,9,3,9,41.73109634,-87.61671685,POINT (-87.616716851237 41.731096342843)
JC436814,,9/17/2019 9:30,20,NO CONTROLS,NO CONTROLS,CLEAR,DAYLIGHT,FIXED OBJECT,ALLEY,,STRAIGHT AND LEVEL,DRY,NO DEFECTS,ON SCENE,NO INJURY / DRIVE AWAY,,N,,$500 OR LESS,9/17/2019 9:51,IMPROPER TURNING/NO SIGNAL,NOT APPLICABLE,4414,N,BERNARD ST,1723,,,,,,,1,NO INDICATION OF INJURY,0,0,0,0,0,1,0,9,3,9,41.96159925,-87.71452511,POINT (-87.714525111925 41.961599252885)
JC436792,,9/17/2019 9:30,30,TRAFFIC SIGNAL,UNKNOWN,CLEAR,DAYLIGHT,ANGLE,NOT DIVIDED,,STRAIGHT AND LEVEL,DRY,NO DEFECTS,ON SCENE,INJURY AND / OR TOW DUE TO CRASH,,,,"$501 - $1,500",9/17/2019 9:33,UNABLE TO DETERMINE,UNABLE TO DETERMINE,499,S,HOMAN AVE,1134,,,,,,,2,NO INDICATION OF INJURY,0,0,0,0,0,2,0,9,3,9,41.87458644,-87.71066002,POINT (-87.710660018757 41.874586441133)
JC436790,,9/17/2019 9:25,30,NO CONTROLS,UNKNOWN,CLEAR,DAYLIGHT,REAR END,NOT DIVIDED,,STRAIGHT AND LEVEL,UNKNOWN,UNKNOWN,NOT ON SCENE (DESK REPORT),NO INJURY / DRIVE AWAY,,,,"OVER $1,500",9/17/2019 9:45,UNABLE TO DETERMINE,UNABLE TO DETERMINE,1323,W,IRVING PARK RD,1923,,,,,,,2,NO INDICATION OF INJURY,0,0,0,0,0,2,0,9,3,9,41.95425825,-87.66321604,POINT (-87.663216041056 41.954258253547)