RD_NO,CRASH_DATE_EST_I,CRASH_DATE,POSTED_SPEED_LIMIT,TRAFFIC_CONTROL_DEVICE,DEVICE_CONDITION,WEATHER_CONDITION,LIGHTING_CONDITION,FIRST_CRASH_TYPE,TRAFFICWAY_TYPE,LANE_CNT,ALIGNMENT,ROADWAY_SURFACE_COND,ROAD_DEFECT,REPORT_TYPE,CRASH_TYPE,INTERSECTION_RELATED_I,NOT_RIGHT_OF_WAY_I,HIT_AND_RUN_I,DAMAGE,DATE_POLICE_NOTIFIED,PRIM_CONTRIBUTORY_CAUSE,SEC_CONTRIBUTORY_CAUSE,STREET_NO,STREET_DIRECTION,STREET_NAME,BEAT_OF_OCCURRENCE,PHOTOS_TAKEN_I,STATEMENTS_TAKEN_I,DOORING_I,WORK_ZONE_I,WORK_ZONE_TYPE,WORKERS_PRESENT_I,NUM_UNITS,MOST_SEVERE_INJURY,INJURIES_TOTAL,INJURIES_FATAL,INJURIES_INCAPACITATING,INJURIES_NON_INCAPACITATING,INJURIES_REPORTED_NOT_EVIDENT,INJURIES_NO_INDICATION,INJURIES_UNKNOWN,CRASH_HOUR,CRASH_DAY_OF_WEEK,CRASH_MONTH,LATITUDE,LONGITUDE,LOCATION
JC436806,,9/17/2019 9:24,30,TRAFFIC SIGNAL,FUNCTIONING PROPERLY,CLEAR,DAYLIGHT,ANGLE,DIVIDED - W/MEDIAN BARRIER,,STRAIGHT AND LEVEL,DRY,UNKNOWN,ON SCENE,NO INJURY / DRIVE AWAY,Y,,,"OVER $1,500",9/17/2019 9:50,UNABLE TO DETERMINE,NOT APPLICABLE,1800,S,STATE ST,131,,,,,,,2,NO INDICATION OF INJURY,0,0,0,0,0,2,0,9,3,9,41.85774485,-87.62734138,POINT (-87.627341378293 41.857744853451)
JC436826,,9/17/2019 9:20,30,NO CONTROLS,NO CONTROLS,CLEAR,DAYLIGHT,REAR END,ONE-WAY,,STRAIGHT AND LEVEL,DRY,NO DEFECTS,NOT ON SCENE (DESK REPORT),NO INJURY / DRIVE AWAY,,,Y,$500 OR LESS,9/17/2019 10:00,IMPROPER OVERTAKING/PASSING,NOT APPLICABLE,417,S,DEARBORN ST,113,,,,,,,2,NO INDICATION OF INJURY,0,0,0,0,0,3,0,9,3,9,41.87647043,-87.62910562,POINT (-87.629105622759 41.876470431792)
JC436784,,9/17/2019 9:20,40,NO CONTROLS,NO CONTROLS,CLOUDY/OVERCAST,DAYLIGHT,REAR END,DIVIDED - W/MEDIAN BARRIER,,STRAIGHT AND LEVEL,DRY,NO DEFECTS,ON SCENE,NO INJURY / DRIVE AWAY,,,,"OVER $1,500",9/17/2019 9:30,FOLLOWING TOO CLOSELY,FAILING TO REDUCE SPEED TO AVOID CRASH,4000,N,LAKE SHORE DR SB,1915,,,,,,,3,NO INDICATION OF INJURY,0,0,0,0,0,3,0,9,3,9,41.95468924,-87.64497464,POINT (-87.644974644209 41.954689241342)
JC436879,,9/17/2019 9:15,30,NO CONTROLS,NO CONTROLS,CLOUDY/OVERCAST,DAYLIGHT,REAR END,DIVIDED - W/MEDIAN BARRIER,,STRAIGHT AND LEVEL,DRY,NO DEFECTS,NOT ON SCENE (DESK REPORT),NO INJURY / DRIVE AWAY,,,,"OVER $1,500",9/17/2019 11:00,FOLLOWING TOO CLOSELY,NOT APPLICABLE,2746,W,DIVERSEY AVE,1411,,,,,,,2,NO INDICATION OF INJURY,0,0,0,0,0,2,0,9,3,9,41.93220596,-87.69692355,POINT (-87.696923552863 41.93220596077)
JC436785,,9/17/2019 9:15,30,NO CONTROLS,NO CONTROLS,CLEAR,DAYLIGHT,SIDESWIPE SAME DIRECTION,DIVIDED - W/MEDIAN BARRIER,,STRAIGHT AND LEVEL,DRY,NO DEFECTS,ON SCENE,NO INJURY / DRIVE AWAY,,,,$500 OR LESS,9/17/2019 9:15,IMPROPER LANE USAGE,UNABLE TO DETERMINE,1290,E,95TH ST,413,,,,,,,2,NO INDICATION OF INJURY,0,0,0,0,0,9,0,9,3,9,41.72235058,-87.59222807,POINT (-87.592228067615 41.722350575592)
JC437905,,9/17/2019 9:00,30,NO CONTROLS,NO CONTROLS,CLEAR,DAYLIGHT,SIDESWIPE SAME DIRECTION,NOT DIVIDED,,STRAIGHT AND LEVEL,UNKNOWN,NO DEFECTS,NOT ON SCENE (DESK REPORT),NO INJURY / DRIVE AWAY,,,,"OVER $1,500",9/17/2019 23:10,DRIVING SKILLS/KNOWLEDGE/EXPERIENCE,IMPROPER OVERTAKING/PASSING,357,W,LAKE ST,122,,,,,,,2,NO INDICATION OF INJURY,0,0,0,0,0,2,0,9,3,9,41.88561498,-87.63696304,POINT (-87.636963037616 41.885614977519)
JC436831,,9/17/2019 9:00,30,NO CONTROLS,NO CONTROLS,CLEAR,DAYLIGHT,PARKED MOTOR VEHICLE,NOT DIVIDED,,STRAIGHT AND LEVEL,DRY,NO DEFECTS,ON SCENE,NO INJURY / DRIVE AWAY,,,Y,"OVER $1,500",9/17/2019 10:19,UNABLE TO DETERMINE,NOT APPLICABLE,2745,N,LONG AVE,2514,,,,,,,2,NO INDICATION OF INJURY,0,0,0,0,0,1,0,9,3,9,41.9308856,-87.76117103,POINT (-87.761171034291 41.930885602807)
JC436791,,9/17/2019 8:51,30,NO CONTROLS,NO CONTROLS,CLEAR,DAYLIGHT,SIDESWIPE SAME DIRECTION,OTHER,,STRAIGHT AND LEVEL,DRY,NO DEFECTS,ON SCENE,NO INJURY / DRIVE AWAY,,,,"OVER $1,500",9/17/2019 9:10,UNABLE TO DETERMINE,NOT APPLICABLE,1700,N,LAKE SHORE DR SB,1814,,,,,,,2,NO INDICATION OF INJURY,0,0,0,0,0,2,0,8,3,9,41.91296035,-87.62660834,POINT (-87.626608335477 41.912960346202)
JC436743,,9/17/2019 8:50,20,NO CONTROLS,NO CONTROLS,CLEAR,DAYLIGHT,TURNING,DIVIDED - W/MEDIAN (NOT RAISED),,STRAIGHT AND LEVEL,DRY,NO DEFECTS,ON SCENE,INJURY AND / OR TOW DUE TO CRASH,,,,"$501 - $1,500",9/17/2019 9:00,UNABLE TO DETERMINE,UNABLE TO DETERMINE,6600,S,DR MARTIN LUTHER KING JR DR,312,,,,,,,2,NO INDICATION OF INJURY,0,0,0,0,0,3,0,8,3,9,41.77469346,-87.61563682,POINT (-87.615636821647 41.774693459289)
JC437210,,9/17/2019 8:45,30,NO CONTROLS,NO CONTROLS,CLEAR,DAYLIGHT,PARKED MOTOR VEHICLE,DIVIDED - W/MEDIAN (NOT RAISED),,STRAIGHT AND LEVEL,DRY,NO DEFECTS,NOT ON SCENE (DESK REPORT),NO INJURY / DRIVE AWAY,,,,"$501 - $1,500",9/17/2019 15:00,UNABLE TO DETERMINE,UNABLE TO DETERMINE,6112,W,ADDISON ST,1633,,,,,,,2,NO INDICATION OF INJURY,0,0,0,0,0,1,0,8,3,9,41.94585061,-87.77951592,POINT (-87.779515921218 41.945850608204)
JC436789,,9/17/2019 8:45,30,NO CONTROLS,NO CONTROLS,CLEAR,DAYLIGHT,PARKED MOTOR VEHICLE,NOT DIVIDED,,STRAIGHT AND LEVEL,DRY,NO DEFECTS,NOT ON SCENE (DESK REPORT),NO INJURY / DRIVE AWAY,,,Y,"$501 - $1,500",9/17/2019 9:30,UNABLE TO DETERMINE,NOT APPLICABLE,7714,W,BELMONT AVE,1631,,,,,,,2,NO INDICATION OF INJURY,0,0,0,0,0,1,0,8,3,9,41.93798765,-87.81962065,POINT (-87.819620646212 41.937987648152)
JC436844,,9/17/2019 8:40,30,TRAFFIC SIGNAL,FUNCTIONING PROPERLY,CLEAR,DAYLIGHT,TURNING,NOT DIVIDED,,STRAIGHT AND LEVEL,DRY,NO DEFECTS,ON SCENE,NO INJURY / DRIVE AWAY,Y,,,"OVER $1,500",9/17/2019 9:02,FAILING TO YIELD RIGHT-OF-WAY,NOT APPLICABLE,2700,S,WESTERN AVE,1034,,,,,,,2,NO INDICATION OF INJURY,0,0,0,0,0,10,0,8,3,9,41.84330771,-87.68550216,POINT (-87.685502164358 41.843307707459)
JC436752,,9/17/2019 8:38,30,NO CONTROLS,NO CONTROLS,CLOUDY/OVERCAST,DAYLIGHT,REAR END,NOT DIVIDED,,STRAIGHT AND LEVEL,DRY,NO DEFECTS,ON SCENE,INJURY AND / OR TOW DUE TO CRASH,,,,"$501 - $1,500",9/17/2019 8:44,FOLLOWING TOO CLOSELY,DRIVING SKILLS/KNOWLEDGE/EXPERIENCE,4018,N,LINCOLN AVE,1911,,,,,,,2,"REPORTED, NOT EVIDENT",1,0,0,0,1,2,0,8,3,9,41.95479469,-87.6793663,POINT (-87.679366302001 41.954794686556)
JC436728,,9/17/2019 8:38,25,NO CONTROLS,NO CONTROLS,CLEAR,DAYLIGHT,PARKED MOTOR VEHICLE,NOT DIVIDED,,STRAIGHT AND LEVEL,DRY,NO DEFECTS,ON SCENE,NO INJURY / DRIVE AWAY,,,,"$501 - $1,500",9/17/2019 8:38,DRIVING SKILLS/KNOWLEDGE/EXPERIENCE,NOT APPLICABLE,448,E,48TH ST,223,,,,,,,2,NO INDICATION OF INJURY,0,0,0,0,0,1,0,8,3,9,41.80770658,-87.61435686,POINT (-87.614356863976 41.807706578771)
JC437809,,9/17/2019 8:36,25,NO CONTROLS,NO CONTROLS,CLEAR,DAYLIGHT,PARKED MOTOR VEHICLE,NOT DIVIDED,,STRAIGHT AND LEVEL,DRY,NO DEFECTS,,NO INJURY / DRIVE AWAY,,,,$500 OR LESS,9/17/2019 22:00,UNABLE TO DETERMINE,UNABLE TO DETERMINE,5015,S,BLACKSTONE AVE,222,,,,,,,2,NO INDICATION OF INJURY,0,0,0,0,0,1,0,8,3,9,41.80375479,-87.59038395,POINT (-87.590383945444 41.803754790702)
JC438169,Y,9/17/2019 8:30,30,NO CONTROLS,NO CONTROLS,CLEAR,UNKNOWN,PARKED MOTOR VEHICLE,NOT DIVIDED,,STRAIGHT AND LEVEL,DRY,UNKNOWN,NOT ON SCENE (DESK REPORT),NO INJURY / DRIVE AWAY,,,Y,"$501 - $1,500",9/18/2019 8:54,UNABLE TO DETERMINE,NOT APPLICABLE,11414,S,FORRESTVILLE AVE,531,,,,,,,2,NO INDICATION OF INJURY,0,0,0,0,0,1,0,8,3,9,41.68684977,-87.60964563,POINT (-87.609645628588 41.686849766825)
JC436925,,9/17/2019 8:30,30,NO CONTROLS,NO CONTROLS,CLEAR,DAYLIGHT,REAR END,NOT DIVIDED,,STRAIGHT AND LEVEL,DRY,NO DEFECTS,NOT ON SCENE (DESK REPORT),NO INJURY / DRIVE AWAY,,,,"$501 - $1,500",9/17/2019 11:00,FAILING TO REDUCE SPEED TO AVOID CRASH,NOT APPLICABLE,3040,N,CENTRAL AVE,2514,,,,,,,2,NO INDICATION OF INJURY,0,0,0,0,0,2,0,8,3,9,41.93607521,-87.76655785,POINT (-87.766557854438 41.93607521021)
JC436737,,9/17/2019 8:30,30,STOP SIGN/FLASHER,FUNCTIONING PROPERLY,CLEAR,DAYLIGHT,PEDALCYCLIST,T-INTERSECTION,,STRAIGHT AND LEVEL,DRY,NO DEFECTS,ON SCENE,INJURY AND / OR TOW DUE TO CRASH,Y,,,$500 OR LESS,9/17/2019 8:35,DRIVING ON WRONG SIDE/WRONG WAY,"VISION OBSCURED (SIGNS, TREE LIMBS, BUILDINGS, ETC.)",4177,N,CLARENDON AVE,1915,,,,,,,2,NONINCAPACITATING INJURY,1,0,0,1,0,3,0,8,3,9,41.9578181,-87.64964909,POINT (-87.649649093086 41.957818103504)
JC436816,,9/17/2019 8:29,30,NO CONTROLS,NO CONTROLS,CLEAR,DAYLIGHT,REAR END,ONE-WAY,,STRAIGHT AND LEVEL,DRY,NO DEFECTS,NOT ON SCENE (DESK REPORT),NO INJURY / DRIVE AWAY,,,,"OVER $1,500",9/17/2019 10:00,FOLLOWING TOO CLOSELY,UNABLE TO DETERMINE,3510,N,KEELER AVE,1731,,,,,,,2,NO INDICATION OF INJURY,0,0,0,0,0,2,0,8,3,9,41.94521635,-87.73232751,POINT (-87.732327507062 41.945216351506)
JC436725,,9/17/2019 8:23,30,TRAFFIC SIGNAL,FUNCTIONING PROPERLY,CLOUDY/OVERCAST,DAYLIGHT,ANGLE,FOUR WAY,,STRAIGHT AND LEVEL,DRY,NO DEFECTS,NOT ON SCENE (DESK REPORT),INJURY AND / OR TOW DUE TO CRASH,Y,,,"OVER $1,500",9/17/2019 8:23,FAILING TO YIELD RIGHT-OF-WAY,NOT APPLICABLE,101,N,KEDZIE AVE,1222,Y,Y,,,,,2,NONINCAPACITATING INJURY,3,0,0,3,0,0,0,8,3,9,41.88283595,-87.70602448,POINT (-87.706024481668 41.882835949917)
JC436734,,9/17/2019 8:20,25,NO CONTROLS,NO CONTROLS,CLEAR,DAYLIGHT,SIDESWIPE SAME DIRECTION,ONE-WAY,,STRAIGHT AND LEVEL,DRY,NO DEFECTS,NOT ON SCENE (DESK REPORT),NO INJURY / DRIVE AWAY,,,,"OVER $1,500",9/17/2019 8:50,FAILING TO YIELD RIGHT-OF-WAY,FAILING TO REDUCE SPEED TO AVOID CRASH,4531,N,HAMLIN AVE,1723,,,,,,,2,NO INDICATION OF INJURY,0,0,0,0,0,2,0,8,3,9,41.96369776,-87.72286126,POINT (-87.722861259879 41.963697761147)
JC436723,,9/17/2019 8:20,20,NO CONTROLS,NO CONTROLS,CLEAR,DAYLIGHT,PARKED MOTOR VEHICLE,PARKING LOT,,STRAIGHT AND LEVEL,DRY,NO DEFECTS,ON SCENE,NO INJURY / DRIVE AWAY,,,,$500 OR LESS,9/17/2019 8:25,NOT APPLICABLE,NOT APPLICABLE,5330,W,BELMONT AVE,1634,,,,,,,2,NO INDICATION OF INJURY,0,0,0,0,0,1,0,8,3,9,41.93876197,-87.76040707,POINT (-87.760407071401 41.938761965792)
JC436476,,9/17/2019 8:20,30,NO CONTROLS,NO CONTROLS,CLEAR,DAYLIGHT,REAR END,NOT DIVIDED,,STRAIGHT AND LEVEL,DRY,NO DEFECTS,ON SCENE,NO INJURY / DRIVE AWAY,,,,"OVER $1,500",9/17/2019 8:25,UNABLE TO DETERMINE,FOLLOWING TOO CLOSELY,365,N,HALSTED ST,1214,,,,,,,2,NO INDICATION OF INJURY,0,0,0,0,0,4,0,8,3,9,41.88868124,-87.64742285,POINT (-87.647422847763 41.888681239762)
JC436704,,9/17/2019 8:12,30,STOP SIGN/FLASHER,FUNCTIONING PROPERLY,CLEAR,DAYLIGHT,REAR END,DIVIDED - W/MEDIAN BARRIER,,STRAIGHT AND LEVEL,DRY,WORN SURFACE,ON SCENE,INJURY AND / OR TOW DUE TO CRASH,,,,"$501 - $1,500",9/17/2019 8:12,FOLLOWING TOO CLOSELY,NOT APPLICABLE,1859,N,KEDZIE AVE,1421,,,,,,,2,NO INDICATION OF INJURY,0,0,0,0,0,2,0,8,3,9,41.91553569,-87.70676756,POINT (-87.706767560775 41.915535688427)
JC437850,,9/17/2019 8:00,30,NO CONTROLS,NO CONTROLS,CLEAR,DAYLIGHT,SIDESWIPE SAME DIRECTION,NOT DIVIDED,,STRAIGHT AND LEVEL,DRY,NO DEFECTS,NOT ON SCENE (DESK REPORT),NO INJURY / DRIVE AWAY,,,,"$501 - $1,500",9/17/2019 21:45,UNABLE TO DETERMINE,UNABLE TO DETERMINE,900,N,LAKE SHORE DR,1833,,,,,,,2,NO INDICATION OF INJURY,0,0,0,0,0,2,0,8,3,9,41.89928099,-87.61889451,POINT (-87.618894512302 41.89928099092)
JC436797,,9/17/2019 8:00,30,NO CONTROLS,NO CONTROLS,CLEAR,DAYLIGHT,FIXED OBJECT,NOT DIVIDED,,STRAIGHT AND LEVEL,DRY,NO DEFECTS,ON SCENE,NO INJURY / DRIVE AWAY,,,,"OVER $1,500",9/17/2019 9:11,"OPERATING VEHICLE IN ERRATIC, RECKLESS, CARELESS, NEGLIGENT OR AGGRESSIVE MANNER",NOT APPLICABLE,3300,S,COTTAGE GROVE AVE,211,,,,,,,1,NO INDICATION OF INJURY,0,0,0,0,0,2,0,8,3,9,41.83474965,-87.6117097,POINT (-87.611709697766 41.834749645314)
JC436786,,9/17/2019 8:00,30,STOP SIGN/FLASHER,FUNCTIONING PROPERLY,CLOUDY/OVERCAST,DAYLIGHT,TURNING,FOUR WAY,,STRAIGHT AND LEVEL,DRY,NO DEFECTS,NOT ON SCENE (DESK REPORT),NO INJURY / DRIVE AWAY,Y,,,"OVER $1,500",9/17/2019 9:30,FAILING TO YIELD RIGHT-OF-WAY,NOT APPLICABLE,4227,W,BELMONT AVE,2523,,,,,,,2,NO INDICATION OF INJURY,0,0,0,0,0,2,0,8,3,9,41.93889242,-87.73404025,POINT (-87.734040252421 41.938892422835)
JC436715,,9/17/2019 8:00,30,TRAFFIC SIGNAL,FUNCTIONING PROPERLY,CLOUDY/OVERCAST,DAYLIGHT,TURNING,DIVIDED - W/MEDIAN BARRIER,,STRAIGHT AND LEVEL,DRY,NO DEFECTS,ON SCENE,INJURY AND / OR TOW DUE TO CRASH,,,,"OVER $1,500",9/17/2019 8:05,UNABLE TO DETERMINE,NOT APPLICABLE,6000,N,CLARK ST,2433,,,,,,,2,NO INDICATION OF INJURY,0,0,0,0,0,2,0,8,3,9,41.99084011,-87.67017295,POINT (-87.670172953348 41.990840109284)
JC436770,,9/17/2019 7:57,20,NO CONTROLS,NO CONTROLS,CLEAR,DAYLIGHT,ANGLE,ONE-WAY,,STRAIGHT AND LEVEL,DRY,NO DEFECTS,NOT ON SCENE (DESK REPORT),NO INJURY / DRIVE AWAY,,,,"$501 - $1,500",9/17/2019 9:15,FAILING TO YIELD RIGHT-OF-WAY,NOT APPLICABLE,2743,W,SUMMERDALE AVE,2011,,,,,,,2,NO INDICATION OF INJURY,0,0,0,0,0,3,0,7,3,9,41.97845335,-87.69828342,POINT (-87.698283417729 41.978453349288)
JC436726,,9/17/2019 7:55,30,NO CONTROLS,NO CONTROLS,CLEAR,DAYLIGHT,TURNING,CENTER TURN LANE,,STRAIGHT AND LEVEL,DRY,NO DEFECTS,ON SCENE,INJURY AND / OR TOW DUE TO CRASH,,,,"OVER $1,500",9/17/2019 8:04,IMPROPER TURNING/NO SIGNAL,IMPROPER OVERTAKING/PASSING,6344,S,PULASKI RD,813,,,,,,,2,NO INDICATION OF INJURY,0,0,0,0,0,3,0,7,3,9,41.777277,-87.72287326,POINT (-87.72287325729 41.777276997138)
JC438340,Y,9/17/2019 7:50,30,TRAFFIC SIGNAL,FUNCTIONING PROPERLY,CLEAR,DAYLIGHT,PEDESTRIAN,NOT DIVIDED,,STRAIGHT AND LEVEL,DRY,NO DEFECTS,NOT ON SCENE (DESK REPORT),INJURY AND / OR TOW DUE TO CRASH,Y,,Y,$500 OR LESS,9/18/2019 10:30,FAILING TO YIELD RIGHT-OF-WAY,UNABLE TO DETERMINE,4400,W,31ST ST,1031,,,,,,,2,"REPORTED, NOT EVIDENT",1,0,0,0,1,1,0,7,3,9,41.83724042,-87.73414651,POINT (-87.734146510962 41.837240417681)
JC437561,,9/17/2019 7:50,30,STOP SIGN/FLASHER,FUNCTIONING PROPERLY,CLEAR,DAYLIGHT,PEDALCYCLIST,NOT DIVIDED,,STRAIGHT AND LEVEL,UNKNOWN,UNKNOWN,NOT ON SCENE (DESK REPORT),NO INJURY / DRIVE AWAY,Y,,,"$501 - $1,500",9/17/2019 18:20,IMPROPER OVERTAKING/PASSING,IMPROPER OVERTAKING/PASSING,2332,W,ADDISON ST,1921,,,,,,,2,NO INDICATION OF INJURY,0,0,0,0,0,2,0,7,3,9,41.94685852,-87.68710776,POINT (-87.68710775451 41.946858517878)
JC436744,,9/17/2019 7:50,30,STOP SIGN/FLASHER,FUNCTIONING PROPERLY,CLEAR,DAYLIGHT,FIXED OBJECT,ONE-WAY,,STRAIGHT AND LEVEL,DRY,"RUT, HOLES",ON SCENE,INJURY AND / OR TOW DUE TO CRASH,,,,$500 OR LESS,9/17/2019 8:00,ROAD CONSTRUCTION/MAINTENANCE,ROAD ENGINEERING/SURFACE/MARKING DEFECTS,2730,W,WARREN BLVD,1222,,,,Y,UNKNOWN,,1,NO INDICATION OF INJURY,0,0,0,0,0,2,0,7,3,9,41.88211265,-87.69516354,POINT (-87.695163540115 41.882112645148)
JC436710,Y,9/17/2019 7:50,20,TRAFFIC SIGNAL,FUNCTIONING PROPERLY,CLEAR,DAYLIGHT,TURNING,NOT DIVIDED,,STRAIGHT AND LEVEL,DRY,OTHER,NOT ON SCENE (DESK REPORT),NO INJURY / DRIVE AWAY,Y,,,"OVER $1,500",9/17/2019 8:25,ROAD CONSTRUCTION/MAINTENANCE,NOT APPLICABLE,3600,N,CAMPBELL AVE,1921,,Y,,Y,CONSTRUCTION,N,2,NO INDICATION OF INJURY,0,0,0,0,0,2,0,7,3,9,41.94676955,-87.69083141,POINT (-87.690831413681 41.946769553717)
JC438418,,9/17/2019 7:46,30,NO CONTROLS,NO CONTROLS,CLEAR,DARKNESS,SIDESWIPE SAME DIRECTION,DIVIDED - W/MEDIAN (NOT RAISED),,STRAIGHT AND LEVEL,DRY,NO DEFECTS,NOT ON SCENE (DESK REPORT),NO INJURY / DRIVE AWAY,,,,"OVER $1,500",9/18/2019 12:20,UNABLE TO DETERMINE,NOT APPLICABLE,1415,S,CANAL ST,124,,,,,,,2,NO INDICATION OF INJURY,0,0,0,0,0,2,0,7,3,9,41.86318604,-87.63896817,POINT (-87.638968174345 41.863186038768)
JC436812,,9/17/2019 7:45,30,NO CONTROLS,NO CONTROLS,CLEAR,DAYLIGHT,PARKED MOTOR VEHICLE,NOT DIVIDED,,STRAIGHT AND LEVEL,DRY,NO DEFECTS,NOT ON SCENE (DESK REPORT),NO INJURY / DRIVE AWAY,,,,"OVER $1,500",9/17/2019 9:55,NOT APPLICABLE,NOT APPLICABLE,7226,S,RIDGEWAY AVE,833,,,,,,,2,NO INDICATION OF INJURY,0,0,0,0,0,1,0,7,3,9,41.76154359,-87.71633469,POINT (-87.716334693285 41.761543594102)
JC436716,,9/17/2019 7:45,25,STOP SIGN/FLASHER,FUNCTIONING PROPERLY,CLEAR,DAYLIGHT,PEDALCYCLIST,FOUR WAY,,STRAIGHT AND LEVEL,DRY,NO DEFECTS,ON SCENE,INJURY AND / OR TOW DUE TO CRASH,Y,,,"OVER $1,500",9/17/2019 7:50,FAILING TO YIELD RIGHT-OF-WAY,"OPERATING VEHICLE IN ERRATIC, RECKLESS, CARELESS, NEGLIGENT OR AGGRESSIVE MANNER",800,W,HUBBARD ST,1214,,,,,,,2,INCAPACITATING INJURY,1,0,1,0,0,1,0,7,3,9,41.89019488,-87.6476687,POINT (-87.647668699131 41.890194882661)
JC436713,Y,9/17/2019 7:45,35,NO CONTROLS,NO CONTROLS,RAIN,DAYLIGHT,REAR END,NOT DIVIDED,,STRAIGHT AND LEVEL,WET,NO DEFECTS,ON SCENE,NO INJURY / DRIVE AWAY,Y,,,"OVER $1,500",9/17/2019 7:55,FOLLOWING TOO CLOSELY,NOT APPLICABLE,220,W,87TH ST,622,,Y,,,,,3,NO INDICATION OF INJURY,0,0,0,0,0,4,0,7,3,9,41.73617884,-87.62955375,POINT (-87.629553749256 41.736178837873)
JC436701,,9/17/2019 7:45,30,TRAFFIC SIGNAL,FUNCTIONING PROPERLY,CLEAR,DAYLIGHT,SIDESWIPE SAME DIRECTION,DIVIDED - W/MEDIAN (NOT RAISED),,STRAIGHT AND LEVEL,DRY,NO DEFECTS,NOT ON SCENE (DESK REPORT),NO INJURY / DRIVE AWAY,,,Y,"OVER $1,500",9/17/2019 8:05,IMPROPER OVERTAKING/PASSING,NOT APPLICABLE,3200,W,NORTH AVE,1421,,,,,,,2,NO INDICATION OF INJURY,0,0,0,0,0,2,0,7,3,9,41.9102243,-87.70703651,POINT (-87.707036505555 41.910224298601)
JC436763,,9/17/2019 7:41,20,NO CONTROLS,FUNCTIONING IMPROPERLY,FOG/SMOKE/HAZE,DAYLIGHT,PEDALCYCLIST,ONE-WAY,,STRAIGHT AND LEVEL,DRY,NO DEFECTS,NOT ON SCENE (DESK REPORT),NO INJURY / DRIVE AWAY,,,Y,$500 OR LESS,9/17/2019 8:58,BICYCLE ADVANCING LEGALLY ON RED LIGHT,FOLLOWING TOO CLOSELY,957,N,LEAVITT ST,1212,,,N,,,,2,NO INDICATION OF INJURY,0,0,0,0,0,2,0,7,3,9,41.89935966,-87.6818965,POINT (-87.68189650292 41.899359656852)
JC439066,,9/17/2019 7:35,35,NO CONTROLS,NO CONTROLS,CLEAR,DAYLIGHT,SIDESWIPE SAME DIRECTION,T-INTERSECTION,,STRAIGHT AND LEVEL,DRY,UNKNOWN,NOT ON SCENE (DESK REPORT),NO INJURY / DRIVE AWAY,,,,"$501 - $1,500",9/18/2019 20:18,IMPROPER LANE USAGE,IMPROPER LANE USAGE,1600,S,WESTERN AVE,1023,,,,,,,2,NO INDICATION OF INJURY,0,0,0,0,0,3,0,7,3,9,41.85931623,-87.68597944,POINT (-87.685979440959 41.859316225746)
JC436721,,9/17/2019 7:35,30,STOP SIGN/FLASHER,FUNCTIONING PROPERLY,CLEAR,DAYLIGHT,ANGLE,NOT DIVIDED,,STRAIGHT AND LEVEL,DRY,NO DEFECTS,NOT ON SCENE (DESK REPORT),NO INJURY / DRIVE AWAY,Y,,,"$501 - $1,500",9/17/2019 8:40,UNABLE TO DETERMINE,UNABLE TO DETERMINE,600,W,MELROSE ST,1925,,,,,,,2,NO INDICATION OF INJURY,0,0,0,0,0,2,0,7,3,9,41.9412415,-87.6445669,POINT (-87.644566895356 41.941241502427)
JC436707,,9/17/2019 7:31,25,NO CONTROLS,NO CONTROLS,CLEAR,DAYLIGHT,SIDESWIPE SAME DIRECTION,NOT DIVIDED,,STRAIGHT AND LEVEL,DRY,NO DEFECTS,NOT ON SCENE (DESK REPORT),NO INJURY / DRIVE AWAY,,,,"OVER $1,500",9/17/2019 8:11,FAILING TO YIELD RIGHT-OF-WAY,FOLLOWING TOO CLOSELY,7507,W,DEVON AVE,1612,,,,,,,2,NO INDICATION OF INJURY,0,0,0,0,0,2,0,7,3,9,41.99693695,-87.8139554,POINT (-87.813955399938 41.996936948082)
JC436679,,9/17/2019 7:30,30,TRAFFIC SIGNAL,FUNCTIONING PROPERLY,CLEAR,DAYLIGHT,REAR END,NOT DIVIDED,,STRAIGHT AND LEVEL,DRY,UNKNOWN,NOT ON SCENE (DESK REPORT),NO INJURY / DRIVE AWAY,,,,"$501 - $1,500",9/17/2019 7:40,FOLLOWING TOO CLOSELY,UNABLE TO DETERMINE,3400,W,55TH ST,822,,,,,,,2,NO INDICATION OF INJURY,0,0,0,0,0,3,0,7,3,9,41.79354944,-87.70852397,POINT (-87.708523970978 41.793549439541)
JC438214,,9/17/2019 7:20,30,NO CONTROLS,NO CONTROLS,CLEAR,DAYLIGHT,PARKED MOTOR VEHICLE,ONE-WAY,,STRAIGHT AND LEVEL,DRY,NO DEFECTS,NOT ON SCENE (DESK REPORT),NO INJURY / DRIVE AWAY,,,Y,"OVER $1,500",9/18/2019 9:50,FAILING TO REDUCE SPEED TO AVOID CRASH,NOT APPLICABLE,4252,S,MOZART ST,921,,,,,,,2,NO INDICATION OF INJURY,0,0,0,0,0,1,0,7,3,9,41.81578066,-87.69580695,POINT (-87.695806951395 41.8157806573)
JC436700,,9/17/2019 7:10,30,TRAFFIC SIGNAL,FUNCTIONING PROPERLY,CLEAR,DAYLIGHT,REAR END,NOT DIVIDED,,STRAIGHT AND LEVEL,DRY,NO DEFECTS,ON SCENE,NO INJURY / DRIVE AWAY,Y,,,"OVER $1,500",9/17/2019 7:30,FOLLOWING TOO CLOSELY,UNABLE TO DETERMINE,2702,N,WESTERN AVE,1411,,,,,,,2,NO INDICATION OF INJURY,0,0,0,0,0,2,0,7,3,9,41.93049652,-87.68799323,POINT (-87.687993228246 41.930496517233)