RD_NO,CRASH_DATE_EST_I,CRASH_DATE,POSTED_SPEED_LIMIT,TRAFFIC_CONTROL_DEVICE,DEVICE_CONDITION,WEATHER_CONDITION,LIGHTING_CONDITION,FIRST_CRASH_TYPE,TRAFFICWAY_TYPE,LANE_CNT,ALIGNMENT,ROADWAY_SURFACE_COND,ROAD_DEFECT,REPORT_TYPE,CRASH_TYPE,INTERSECTION_RELATED_I,NOT_RIGHT_OF_WAY_I,HIT_AND_RUN_I,DAMAGE,DATE_POLICE_NOTIFIED,PRIM_CONTRIBUTORY_CAUSE,SEC_CONTRIBUTORY_CAUSE,STREET_NO,STREET_DIRECTION,STREET_NAME,BEAT_OF_OCCURRENCE,PHOTOS_TAKEN_I,STATEMENTS_TAKEN_I,DOORING_I,WORK_ZONE_I,WORK_ZONE_TYPE,WORKERS_PRESENT_I,NUM_UNITS,MOST_SEVERE_INJURY,INJURIES_TOTAL,INJURIES_FATAL,INJURIES_INCAPACITATING,INJURIES_NON_INCAPACITATING,INJURIES_REPORTED_NOT_EVIDENT,INJURIES_NO_INDICATION,INJURIES_UNKNOWN,CRASH_HOUR,CRASH_DAY_OF_WEEK,CRASH_MONTH,LATITUDE,LONGITUDE,LOCATION
JC436675,,9/17/2019 7:10,30,STOP SIGN/FLASHER,FUNCTIONING PROPERLY,CLEAR,DAYLIGHT,REAR END,NOT DIVIDED,,STRAIGHT AND LEVEL,DRY,NO DEFECTS,ON SCENE,NO INJURY / DRIVE AWAY,,,,"OVER $1,500",9/17/2019 7:15,FOLLOWING TOO CLOSELY,DRIVING SKILLS/KNOWLEDGE/EXPERIENCE,2110,S,ASHLAND AVE,1234,,,,,,,2,NO INDICATION OF INJURY,0,0,0,0,0,2,0,7,3,9,41.85379454,-87.66618925,POINT (-87.666189253878 41.853794538198)
JC436833,,9/17/2019 7:08,15,NO CONTROLS,NO CONTROLS,CLEAR,DAYLIGHT,PARKED MOTOR VEHICLE,PARKING LOT,,STRAIGHT AND LEVEL,DRY,NO DEFECTS,NOT ON SCENE (DESK REPORT),NO INJURY / DRIVE AWAY,,Y,,$500 OR LESS,9/17/2019 10:00,UNABLE TO DETERMINE,NOT APPLICABLE,5039,N,KIMBALL AVE,1713,,,,,,,2,NO INDICATION OF INJURY,0,0,0,0,0,1,0,7,3,9,41.9731926,-87.71334969,POINT (-87.713349688982 41.973192597196)
JC436799,,9/17/2019 6:51,20,NO CONTROLS,NO CONTROLS,CLEAR,DAYLIGHT,REAR TO SIDE,PARKING LOT,,STRAIGHT AND LEVEL,DRY,NO DEFECTS,ON SCENE,NO INJURY / DRIVE AWAY,,,,"$501 - $1,500",9/17/2019 9:45,FAILING TO REDUCE SPEED TO AVOID CRASH,UNABLE TO DETERMINE,325,N,LA SALLE DR,1831,,,,,,,2,NO INDICATION OF INJURY,0,0,0,0,0,2,0,6,3,9,41.88819879,-87.63236298,POINT (-87.632362983732 41.888198792077)
JC436673,,9/17/2019 6:45,40,TRAFFIC SIGNAL,FUNCTIONING PROPERLY,CLEAR,DAYLIGHT,PEDESTRIAN,DIVIDED - W/MEDIAN BARRIER,,STRAIGHT AND LEVEL,DRY,NO DEFECTS,ON SCENE,INJURY AND / OR TOW DUE TO CRASH,Y,,,"OVER $1,500",9/17/2019 6:51,DISREGARDING TRAFFIC SIGNALS,NOT APPLICABLE,501,S,LAKE SHORE DR NB,114,,,,,,,2,INCAPACITATING INJURY,1,0,1,0,0,2,0,6,3,9,41.87576151,-87.61699209,POINT (-87.616992086175 41.875761507651)
JC436664,,9/17/2019 6:45,30,TRAFFIC SIGNAL,FUNCTIONING PROPERLY,CLEAR,DAYLIGHT,HEAD ON,NOT DIVIDED,,STRAIGHT AND LEVEL,DRY,NO DEFECTS,ON SCENE,INJURY AND / OR TOW DUE TO CRASH,Y,,,"OVER $1,500",9/17/2019 6:48,UNABLE TO DETERMINE,UNABLE TO DETERMINE,7226,W,DEVON AVE,1611,,,,,,,3,NO INDICATION OF INJURY,0,0,0,0,0,3,0,6,3,9,41.99772526,-87.80785547,POINT (-87.807855474402 41.99772526236)
JC436981,,9/17/2019 6:40,30,NO CONTROLS,NO CONTROLS,CLEAR,DAYLIGHT,SIDESWIPE OPPOSITE DIRECTION,DIVIDED - W/MEDIAN (NOT RAISED),,STRAIGHT AND LEVEL,DRY,NO DEFECTS,NOT ON SCENE (DESK REPORT),INJURY AND / OR TOW DUE TO CRASH,,,,"OVER $1,500",9/17/2019 12:00,DRIVING ON WRONG SIDE/WRONG WAY,DRIVING SKILLS/KNOWLEDGE/EXPERIENCE,2015,N,CICERO AVE,2522,,,,,,,2,NO INDICATION OF INJURY,0,0,0,0,0,2,0,6,3,9,41.9173896,-87.74598972,POINT (-87.745989721878 41.917389594701)
JC436649,,9/17/2019 6:35,30,TRAFFIC SIGNAL,FUNCTIONING PROPERLY,CLEAR,DAYLIGHT,TURNING,NOT DIVIDED,,STRAIGHT AND LEVEL,DRY,NO DEFECTS,ON SCENE,INJURY AND / OR TOW DUE TO CRASH,Y,,,"OVER $1,500",9/17/2019 6:40,UNABLE TO DETERMINE,UNABLE TO DETERMINE,400,S,SACRAMENTO BLVD,1134,,,,,,,2,NONINCAPACITATING INJURY,1,0,0,1,0,1,0,6,3,9,41.87589394,-87.70122497,POINT (-87.701224964612 41.875893940871)
JC436720,,9/17/2019 6:30,25,UNKNOWN,UNKNOWN,FOG/SMOKE/HAZE,DAYLIGHT,PEDESTRIAN,UNKNOWN INTERSECTION TYPE,,STRAIGHT AND LEVEL,UNKNOWN,UNKNOWN,ON SCENE,INJURY AND / OR TOW DUE TO CRASH,Y,,Y,"OVER $1,500",9/17/2019 7:45,UNABLE TO DETERMINE,NOT APPLICABLE,7400,S,PHILLIPS AVE,334,,,,,,,2,NONINCAPACITATING INJURY,1,0,0,1,0,1,0,6,3,9,41.76077384,-87.56494293,POINT (-87.564942932068 41.760773838061)
JC436662,Y,9/17/2019 6:30,30,NO CONTROLS,NO CONTROLS,CLEAR,UNKNOWN,SIDESWIPE SAME DIRECTION,NOT DIVIDED,,STRAIGHT AND LEVEL,UNKNOWN,NO DEFECTS,ON SCENE,NO INJURY / DRIVE AWAY,,,Y,$500 OR LESS,9/17/2019 6:52,UNABLE TO DETERMINE,UNABLE TO DETERMINE,4857,S,WOOD ST,931,,,,,,,2,NO INDICATION OF INJURY,0,0,0,0,0,1,0,6,3,9,41.80506766,-87.66959254,POINT (-87.669592544209 41.805067655929)
JC436652,,9/17/2019 6:30,30,TRAFFIC SIGNAL,FUNCTIONING PROPERLY,CLEAR,DAWN,REAR END,DIVIDED - W/MEDIAN (NOT RAISED),,STRAIGHT AND LEVEL,DRY,NO DEFECTS,ON SCENE,NO INJURY / DRIVE AWAY,,,Y,"$501 - $1,500",9/17/2019 6:35,FOLLOWING TOO CLOSELY,UNABLE TO DETERMINE,1958,N,MILWAUKEE AVE,1434,,,,,,,2,NO INDICATION OF INJURY,0,0,0,0,0,2,0,6,3,9,41.91693959,-87.68782832,POINT (-87.687828322989 41.916939590331)
JC436686,,9/17/2019 6:20,30,TRAFFIC SIGNAL,FUNCTIONING PROPERLY,CLEAR,DAYLIGHT,TURNING,DIVIDED - W/MEDIAN (NOT RAISED),,STRAIGHT AND LEVEL,DRY,NO DEFECTS,NOT ON SCENE (DESK REPORT),NO INJURY / DRIVE AWAY,,,,"$501 - $1,500",9/17/2019 8:00,UNABLE TO DETERMINE,UNABLE TO DETERMINE,1214,S,UNION AVE,1232,,,,,,,2,NO INDICATION OF INJURY,0,0,0,0,0,2,0,6,3,9,41.86670485,-87.64523025,POINT (-87.645230246505 41.866704851066)
JC437063,,9/17/2019 6:15,30,NO CONTROLS,NO CONTROLS,CLEAR,DAYLIGHT,TURNING,NOT DIVIDED,,STRAIGHT AND LEVEL,DRY,NO DEFECTS,NOT ON SCENE (DESK REPORT),NO INJURY / DRIVE AWAY,Y,,,"OVER $1,500",9/17/2019 13:10,FAILING TO YIELD RIGHT-OF-WAY,NOT APPLICABLE,3216,N,HARLEM AVE,1631,,,,,,,2,NO INDICATION OF INJURY,0,0,0,0,0,2,0,6,3,9,41.93853493,-87.80691268,POINT (-87.806912679221 41.938534926546)
JC436703,,9/17/2019 6:15,10,NO CONTROLS,NO CONTROLS,CLEAR,DAWN,PARKED MOTOR VEHICLE,PARKING LOT,,STRAIGHT AND LEVEL,DRY,UNKNOWN,NOT ON SCENE (DESK REPORT),NO INJURY / DRIVE AWAY,,Y,Y,"$501 - $1,500",9/17/2019 8:06,UNABLE TO DETERMINE,UNABLE TO DETERMINE,1220,S,ASHLAND AVE,1233,,,,,,,2,NO INDICATION OF INJURY,0,0,0,0,0,1,0,6,3,9,41.86625418,-87.66652414,POINT (-87.666524140131 41.866254176143)
JC437816,,9/17/2019 6:00,25,NO CONTROLS,NO CONTROLS,CLEAR,DAWN,PARKED MOTOR VEHICLE,ONE-WAY,,STRAIGHT AND LEVEL,DRY,NO DEFECTS,NOT ON SCENE (DESK REPORT),NO INJURY / DRIVE AWAY,,,Y,"OVER $1,500",9/17/2019 21:55,UNABLE TO DETERMINE,NOT APPLICABLE,5329,S,MONITOR AVE,811,,,,,,,2,NO INDICATION OF INJURY,0,0,0,0,0,1,0,6,3,9,41.79540357,-87.76834333,POINT (-87.76834333318 41.795403567892)
JC436702,,9/17/2019 5:45,30,TRAFFIC SIGNAL,FUNCTIONING PROPERLY,CLEAR,DAYLIGHT,TURNING,NOT DIVIDED,,STRAIGHT AND LEVEL,DRY,NO DEFECTS,NOT ON SCENE (DESK REPORT),NO INJURY / DRIVE AWAY,,,,$500 OR LESS,9/17/2019 8:10,"DISTRACTION - OTHER ELECTRONIC DEVICE (NAVIGATION DEVICE, DVD PLAYER, ETC.)",FOLLOWING TOO CLOSELY,8700,S,STATE ST,632,,,,,,,2,NO INDICATION OF INJURY,0,0,0,0,0,2,0,5,3,9,41.73620947,-87.62430552,POINT (-87.624305519124 41.736209469449)
JC436634,,9/17/2019 5:15,30,NO CONTROLS,NO CONTROLS,CLEAR,"DARKNESS, LIGHTED ROAD",REAR END,DIVIDED - W/MEDIAN (NOT RAISED),,STRAIGHT AND LEVEL,DRY,NO DEFECTS,ON SCENE,NO INJURY / DRIVE AWAY,,,,"$501 - $1,500",9/17/2019 5:20,FOLLOWING TOO CLOSELY,DRIVING SKILLS/KNOWLEDGE/EXPERIENCE,6206,W,63RD ST,812,,,,,,,2,NO INDICATION OF INJURY,0,0,0,0,0,3,0,5,3,9,41.77787111,-87.77671968,POINT (-87.776719676471 41.777871108135)
JC436630,,9/17/2019 5:15,30,NO CONTROLS,NO CONTROLS,CLEAR,"DARKNESS, LIGHTED ROAD",SIDESWIPE SAME DIRECTION,ONE-WAY,,STRAIGHT AND LEVEL,DRY,NO DEFECTS,ON SCENE,NO INJURY / DRIVE AWAY,,,,"OVER $1,500",9/17/2019 5:25,IMPROPER LANE USAGE,NOT APPLICABLE,160,W,CERMAK RD,914,,,,,,,2,NO INDICATION OF INJURY,0,0,0,0,0,2,0,5,3,9,41.8529657,-87.63175599,POINT (-87.631755989104 41.852965703857)
JC436627,,9/17/2019 5:02,25,NO CONTROLS,NO CONTROLS,CLEAR,"DARKNESS, LIGHTED ROAD",PARKED MOTOR VEHICLE,NOT DIVIDED,,STRAIGHT AND LEVEL,DRY,NO DEFECTS,ON SCENE,INJURY AND / OR TOW DUE TO CRASH,,,,"OVER $1,500",9/17/2019 5:02,UNDER THE INFLUENCE OF ALCOHOL/DRUGS (USE WHEN ARREST IS EFFECTED),HAD BEEN DRINKING (USE WHEN ARREST IS NOT MADE),5321,N,DAMEN AVE,2012,,,,,,,4,NO INDICATION OF INJURY,0,0,0,0,0,1,0,5,3,9,41.97858143,-87.67933268,POINT (-87.679332683824 41.978581429529)
JC439698,Y,9/17/2019 5:00,30,NO CONTROLS,NO CONTROLS,CLEAR,DARKNESS,PARKED MOTOR VEHICLE,NOT DIVIDED,,STRAIGHT AND LEVEL,DRY,NO DEFECTS,NOT ON SCENE (DESK REPORT),NO INJURY / DRIVE AWAY,,,Y,"OVER $1,500",9/19/2019 12:05,UNABLE TO DETERMINE,UNABLE TO DETERMINE,4727,W,WELLINGTON AVE,2521,,,,,,,2,NO INDICATION OF INJURY,0,0,0,0,0,1,0,5,3,9,41.93509171,-87.745331,POINT (-87.745330995376 41.935091704892)
JC437671,,9/17/2019 5:00,30,NO CONTROLS,NO CONTROLS,CLEAR,DARKNESS,FIXED OBJECT,NOT DIVIDED,,STRAIGHT AND LEVEL,DRY,NO DEFECTS,NOT ON SCENE (DESK REPORT),INJURY AND / OR TOW DUE TO CRASH,,,,"OVER $1,500",9/17/2019 19:40,FAILING TO REDUCE SPEED TO AVOID CRASH,DRIVING SKILLS/KNOWLEDGE/EXPERIENCE,3210,N,KILBOURN AVE,1731,,,,,,,1,NO INDICATION OF INJURY,0,0,0,0,0,1,0,5,3,9,41.93929077,-87.73965576,POINT (-87.739655759864 41.939290766053)
JC436620,,9/17/2019 4:40,35,TRAFFIC SIGNAL,FUNCTIONING PROPERLY,CLEAR,"DARKNESS, LIGHTED ROAD",TURNING,NOT DIVIDED,,STRAIGHT AND LEVEL,DRY,NO DEFECTS,NOT ON SCENE (DESK REPORT),NO INJURY / DRIVE AWAY,Y,,,"OVER $1,500",9/17/2019 5:00,UNABLE TO DETERMINE,NOT APPLICABLE,2157,S,CLARK ST,131,,,,,,,2,NO INDICATION OF INJURY,0,0,0,0,0,2,0,4,3,9,41.85295042,-87.62992143,POINT (-87.629921431809 41.852950417239)
JC436622,Y,9/17/2019 4:30,30,NO CONTROLS,NO CONTROLS,CLEAR,"DARKNESS, LIGHTED ROAD",PARKED MOTOR VEHICLE,NOT DIVIDED,,STRAIGHT AND LEVEL,DRY,NO DEFECTS,ON SCENE,NO INJURY / DRIVE AWAY,,,Y,"$501 - $1,500",9/17/2019 4:45,NOT APPLICABLE,NOT APPLICABLE,4004,W,80TH PL,834,,,,,,,2,NO INDICATION OF INJURY,0,0,0,0,0,1,0,4,3,9,41.74668436,-87.72206277,POINT (-87.722062766872 41.746684356463)
JC436597,,9/17/2019 2:50,30,NO CONTROLS,NO CONTROLS,CLEAR,"DARKNESS, LIGHTED ROAD",OTHER OBJECT,NOT DIVIDED,,STRAIGHT AND LEVEL,DRY,NO DEFECTS,ON SCENE,NO INJURY / DRIVE AWAY,,,,"$501 - $1,500",9/17/2019 2:57,PHYSICAL CONDITION OF DRIVER,NOT APPLICABLE,10339,S,DOTY AVE E,434,,,,,,,1,NO INDICATION OF INJURY,0,0,0,0,0,1,0,2,3,9,41.70654606,-87.58454357,POINT (-87.584543572327 41.706546059537)
JC436596,,9/17/2019 2:30,20,NO CONTROLS,NO CONTROLS,CLEAR,"DARKNESS, LIGHTED ROAD",PARKED MOTOR VEHICLE,NOT DIVIDED,,STRAIGHT AND LEVEL,DRY,UNKNOWN,ON SCENE,INJURY AND / OR TOW DUE TO CRASH,,,Y,"OVER $1,500",9/17/2019 3:05,UNABLE TO DETERMINE,UNABLE TO DETERMINE,4357,W,59TH ST,813,,,,,,,4,NO INDICATION OF INJURY,0,0,0,0,0,1,0,2,3,9,41.78572719,-87.73259745,POINT (-87.732597446215 41.785727188364)
JC436666,Y,9/17/2019 2:00,25,NO CONTROLS,NO CONTROLS,CLEAR,UNKNOWN,PARKED MOTOR VEHICLE,NOT DIVIDED,,STRAIGHT AND LEVEL,DRY,NO DEFECTS,ON SCENE,NO INJURY / DRIVE AWAY,,,Y,"OVER $1,500",9/17/2019 7:00,UNABLE TO DETERMINE,UNABLE TO DETERMINE,6150,W,ROSEDALE AVE,1622,,,,,,,2,NO INDICATION OF INJURY,0,0,0,0,0,1,0,2,3,9,41.988625,-87.78212776,POINT (-87.782127762815 41.988624998225)
JC436572,,9/17/2019 1:37,30,NO CONTROLS,NO CONTROLS,CLEAR,DARKNESS,REAR END,DIVIDED - W/MEDIAN BARRIER,,STRAIGHT AND LEVEL,DRY,NO DEFECTS,ON SCENE,INJURY AND / OR TOW DUE TO CRASH,,,,"OVER $1,500",9/17/2019 2:01,UNABLE TO DETERMINE,NOT APPLICABLE,500,E,RANDOLPH ST,114,,,,,,,2,INCAPACITATING INJURY,3,0,1,2,0,4,0,1,3,9,41.88449951,-87.61374815,POINT (-87.61374815239 41.88449951058)
JC436573,,9/17/2019 1:25,35,NO CONTROLS,NO CONTROLS,CLEAR,"DARKNESS, LIGHTED ROAD",FIXED OBJECT,DRIVEWAY,,STRAIGHT AND LEVEL,DRY,NO DEFECTS,NOT ON SCENE (DESK REPORT),NO INJURY / DRIVE AWAY,,,,"OVER $1,500",9/17/2019 2:00,NOT APPLICABLE,NOT APPLICABLE,2215,N,PULASKI RD,2525,,,,,,,1,NO INDICATION OF INJURY,0,0,0,0,0,2,0,1,3,9,41.9213268,-87.72653312,POINT (-87.726533115703 41.921326802091)
JC436563,Y,9/17/2019 0:50,30,NO CONTROLS,NO CONTROLS,CLEAR,"DARKNESS, LIGHTED ROAD",PARKED MOTOR VEHICLE,DIVIDED - W/MEDIAN (NOT RAISED),,STRAIGHT AND LEVEL,DRY,NO DEFECTS,NOT ON SCENE (DESK REPORT),NO INJURY / DRIVE AWAY,,,,"OVER $1,500",9/17/2019 1:10,DRIVING ON WRONG SIDE/WRONG WAY,UNDER THE INFLUENCE OF ALCOHOL/DRUGS (USE WHEN ARREST IS EFFECTED),2320,W,BELMONT AVE,1921,,,,,,,3,NO INDICATION OF INJURY,0,0,0,0,0,1,0,0,3,9,41.93958354,-87.68644925,POINT (-87.686449249984 41.939583540721)
JC436757,,9/17/2019 0:45,15,NO CONTROLS,NO CONTROLS,CLEAR,DARKNESS,PARKED MOTOR VEHICLE,PARKING LOT,,STRAIGHT AND LEVEL,DRY,NO DEFECTS,NOT ON SCENE (DESK REPORT),INJURY AND / OR TOW DUE TO CRASH,,Y,,"OVER $1,500",9/17/2019 9:00,IMPROPER BACKING,NOT APPLICABLE,3049,S,BROAD ST,913,,,,,,,2,NO INDICATION OF INJURY,0,0,0,0,0,1,0,0,3,9,41.8385,-87.66101746,POINT (-87.661017456159 41.838500000438)
JC436556,,9/17/2019 0:40,30,NO CONTROLS,NO CONTROLS,CLEAR,"DARKNESS, LIGHTED ROAD",PARKED MOTOR VEHICLE,NOT DIVIDED,,STRAIGHT AND LEVEL,DRY,NO DEFECTS,ON SCENE,NO INJURY / DRIVE AWAY,,,Y,"OVER $1,500",9/17/2019 0:46,UNABLE TO DETERMINE,UNABLE TO DETERMINE,3300,N,LINDER AVE,1633,,,,,,,3,NO INDICATION OF INJURY,0,0,0,0,0,1,0,0,3,9,41.94047587,-87.76425928,POINT (-87.764259276047 41.940475873424)
JC436542,,9/17/2019 0:40,30,TRAFFIC SIGNAL,FUNCTIONING PROPERLY,CLEAR,"DARKNESS, LIGHTED ROAD",REAR END,T-INTERSECTION,,STRAIGHT AND LEVEL,DRY,NO DEFECTS,ON SCENE,INJURY AND / OR TOW DUE TO CRASH,Y,,,"OVER $1,500",9/17/2019 0:43,PHYSICAL CONDITION OF DRIVER,FAILING TO REDUCE SPEED TO AVOID CRASH,2601,W,FULLERTON AVE,1431,,,,,,,2,NO INDICATION OF INJURY,0,0,0,0,0,3,0,0,3,9,41.92474216,-87.69288719,POINT (-87.692887189508 41.924742156567)
JC436555,,9/17/2019 0:35,30,NO CONTROLS,NO CONTROLS,CLEAR,"DARKNESS, LIGHTED ROAD",PARKED MOTOR VEHICLE,ONE-WAY,,STRAIGHT AND LEVEL,DRY,UNKNOWN,ON SCENE,INJURY AND / OR TOW DUE TO CRASH,,,,"OVER $1,500",9/17/2019 0:35,FAILING TO REDUCE SPEED TO AVOID CRASH,UNDER THE INFLUENCE OF ALCOHOL/DRUGS (USE WHEN ARREST IS EFFECTED),6510,S,ROCKWELL ST,831,,,,,,,3,NO INDICATION OF INJURY,0,0,0,0,0,1,0,0,3,9,41.77514677,-87.68856433,POINT (-87.688564333685 41.775146771402)
JC436560,,9/17/2019 0:15,30,UNKNOWN,UNKNOWN,CLEAR,"DARKNESS, LIGHTED ROAD",REAR END,NOT DIVIDED,,STRAIGHT AND LEVEL,DRY,UNKNOWN,NOT ON SCENE (DESK REPORT),NO INJURY / DRIVE AWAY,,,Y,"OVER $1,500",9/17/2019 1:15,UNABLE TO DETERMINE,UNABLE TO DETERMINE,4830,N,PULASKI RD,1712,,,,,,,2,NO INDICATION OF INJURY,0,0,0,0,0,2,0,0,3,9,41.9691923,-87.72820341,POINT (-87.72820341215 41.969192302937)
JC436532,Y,9/16/2019 23:40,30,NO CONTROLS,NO CONTROLS,CLEAR,"DARKNESS, LIGHTED ROAD",PARKED MOTOR VEHICLE,NOT DIVIDED,,STRAIGHT AND LEVEL,DRY,NO DEFECTS,ON SCENE,INJURY AND / OR TOW DUE TO CRASH,,,N,"OVER $1,500",9/16/2019 23:46,UNDER THE INFLUENCE OF ALCOHOL/DRUGS (USE WHEN ARREST IS EFFECTED),PHYSICAL CONDITION OF DRIVER,3500,N,LONG AVE,1633,,,,,,,2,NO INDICATION OF INJURY,0,0,0,0,0,1,0,23,2,9,41.94415673,-87.76192367,POINT (-87.761923668629 41.944156726321)
JC436554,Y,9/16/2019 23:30,15,NO CONTROLS,NO CONTROLS,CLEAR,DARKNESS,PARKED MOTOR VEHICLE,PARKING LOT,,STRAIGHT AND LEVEL,DRY,UNKNOWN,ON SCENE,NO INJURY / DRIVE AWAY,,,Y,$500 OR LESS,9/17/2019 0:50,IMPROPER BACKING,NOT APPLICABLE,8225,W,HIGGINS RD,1614,,,,,,,2,NO INDICATION OF INJURY,0,0,0,0,0,1,0,23,2,9,41.98573161,-87.83271217,POINT (-87.832712168242 41.985731612452)
JC436466,,9/16/2019 22:26,30,NO CONTROLS,NO CONTROLS,CLEAR,"DARKNESS, LIGHTED ROAD",TURNING,NOT DIVIDED,,STRAIGHT AND LEVEL,DRY,NO DEFECTS,ON SCENE,NO INJURY / DRIVE AWAY,,,,"$501 - $1,500",9/16/2019 22:28,IMPROPER TURNING/NO SIGNAL,IMPROPER TURNING/NO SIGNAL,1800,N,CICERO AVE,2533,,,,,,,2,NO INDICATION OF INJURY,0,0,0,0,0,2,0,22,2,9,41.91331612,-87.7461171,POINT (-87.746117095363 41.913316119271)
JC436446,,9/16/2019 22:08,30,TRAFFIC SIGNAL,FUNCTIONING PROPERLY,CLEAR,"DARKNESS, LIGHTED ROAD",REAR END,DIVIDED - W/MEDIAN BARRIER,,STRAIGHT AND LEVEL,DRY,NO DEFECTS,ON SCENE,INJURY AND / OR TOW DUE TO CRASH,Y,,,"OVER $1,500",9/16/2019 22:23,EQUIPMENT - VEHICLE CONDITION,FAILING TO REDUCE SPEED TO AVOID CRASH,20,N,MICHIGAN AVE,112,,,,,,,2,NONINCAPACITATING INJURY,1,0,0,1,0,1,0,22,2,9,41.8825402,-87.62453095,POINT (-87.624530944728 41.882540202458)
JC436481,,9/16/2019 22:00,30,TRAFFIC SIGNAL,FUNCTIONING PROPERLY,CLEAR,"DARKNESS, LIGHTED ROAD",FIXED OBJECT,DIVIDED - W/MEDIAN BARRIER,,STRAIGHT AND LEVEL,DRY,NO DEFECTS,ON SCENE,INJURY AND / OR TOW DUE TO CRASH,Y,,,"OVER $1,500",9/16/2019 22:56,UNABLE TO DETERMINE,NOT APPLICABLE,158,W,WACKER DR,122,,,,,,,1,NO INDICATION OF INJURY,0,0,0,0,0,3,0,22,2,9,41.88703958,-87.6327802,POINT (-87.632780203038 41.887039582916)
JC436429,,9/16/2019 21:54,30,TRAFFIC SIGNAL,FUNCTIONING PROPERLY,CLEAR,"DARKNESS, LIGHTED ROAD",REAR END,NOT DIVIDED,,STRAIGHT AND LEVEL,DRY,NO DEFECTS,ON SCENE,INJURY AND / OR TOW DUE TO CRASH,,,,"OVER $1,500",9/16/2019 21:54,FOLLOWING TOO CLOSELY,UNABLE TO DETERMINE,6400,N,CENTRAL AVE,1621,,,,,,,2,"REPORTED, NOT EVIDENT",1,0,0,0,1,4,0,21,2,9,41.99738872,-87.76392152,POINT (-87.76392151928 41.997388720503)
JC436418,,9/16/2019 21:41,30,TRAFFIC SIGNAL,FUNCTIONING PROPERLY,CLEAR,"DARKNESS, LIGHTED ROAD",REAR END,DIVIDED - W/MEDIAN (NOT RAISED),,STRAIGHT AND LEVEL,DRY,NO DEFECTS,ON SCENE,INJURY AND / OR TOW DUE TO CRASH,N,,,"OVER $1,500",9/16/2019 21:44,DISREGARDING TRAFFIC SIGNALS,FAILING TO REDUCE SPEED TO AVOID CRASH,2357,S,ASHLAND AVE,1235,,,,,,,4,NONINCAPACITATING INJURY,4,0,0,4,0,1,0,21,2,9,41.84877632,-87.66582855,POINT (-87.665828551884 41.848776317703)
JC436441,,9/16/2019 21:30,15,NO CONTROLS,NO CONTROLS,CLEAR,DUSK,PARKED MOTOR VEHICLE,PARKING LOT,,STRAIGHT AND LEVEL,DRY,NO DEFECTS,ON SCENE,NO INJURY / DRIVE AWAY,,Y,Y,"OVER $1,500",9/16/2019 22:30,UNABLE TO DETERMINE,UNABLE TO DETERMINE,1010,W,79TH ST,612,,,,,,,2,NO INDICATION OF INJURY,0,0,0,0,0,1,0,21,2,9,41.75067219,-87.64937293,POINT (-87.649372926314 41.750672191735)
JC436430,,9/16/2019 21:16,40,NO CONTROLS,NO CONTROLS,CLEAR,"DARKNESS, LIGHTED ROAD",REAR END,RAMP,,STRAIGHT AND LEVEL,DRY,NO DEFECTS,NOT ON SCENE (DESK REPORT),INJURY AND / OR TOW DUE TO CRASH,,,,"OVER $1,500",9/16/2019 22:08,FAILING TO REDUCE SPEED TO AVOID CRASH,FOLLOWING TOO CLOSELY,1600,N,LAKE SHORE DR NB,1814,,,,,,,2,"REPORTED, NOT EVIDENT",1,0,0,0,1,2,0,21,2,9,41.91130449,-87.6258786,POINT (-87.625878603169 41.91130448787)
JC436375,,9/16/2019 21:05,30,NO CONTROLS,NO CONTROLS,CLEAR,DUSK,PARKED MOTOR VEHICLE,DIVIDED - W/MEDIAN (NOT RAISED),,STRAIGHT AND LEVEL,DRY,NO DEFECTS,ON SCENE,INJURY AND / OR TOW DUE TO CRASH,,,,"OVER $1,500",9/16/2019 21:10,TEXTING,NOT APPLICABLE,5632,W,HIGGINS AVE,1622,,,,,,,3,NONINCAPACITATING INJURY,1,0,0,1,0,0,0,21,2,9,41.97074905,-87.76869179,POINT (-87.768691785065 41.970749048078)
JC436440,,9/16/2019 21:00,35,TRAFFIC SIGNAL,FUNCTIONING PROPERLY,CLEAR,"DARKNESS, LIGHTED ROAD",ANGLE,NOT DIVIDED,,STRAIGHT AND LEVEL,DRY,NO DEFECTS,NOT ON SCENE (DESK REPORT),INJURY AND / OR TOW DUE TO CRASH,Y,,Y,"OVER $1,500",9/16/2019 22:30,UNABLE TO DETERMINE,UNABLE TO DETERMINE,1436,E,MARQUETTE RD,321,,,,,,,2,NO INDICATION OF INJURY,0,0,0,0,0,2,0,21,2,9,41.77525112,-87.5897985,POINT (-87.589798496361 41.77525112423)
JC436381,,9/16/2019 20:53,30,NO CONTROLS,NO CONTROLS,CLEAR,"DARKNESS, LIGHTED ROAD",HEAD ON,NOT DIVIDED,,STRAIGHT AND LEVEL,DRY,NO DEFECTS,NOT ON SCENE (DESK REPORT),INJURY AND / OR TOW DUE TO CRASH,,,,"OVER $1,500",9/16/2019 21:02,IMPROPER LANE USAGE,NOT APPLICABLE,10818,S,MICHIGAN AVE,513,,,,,,,3,"REPORTED, NOT EVIDENT",1,0,0,0,1,2,0,20,2,9,41.69747891,-87.62100022,POINT (-87.621000219702 41.697478914358)