RD_NO,CRASH_DATE_EST_I,CRASH_DATE,POSTED_SPEED_LIMIT,TRAFFIC_CONTROL_DEVICE,DEVICE_CONDITION,WEATHER_CONDITION,LIGHTING_CONDITION,FIRST_CRASH_TYPE,TRAFFICWAY_TYPE,LANE_CNT,ALIGNMENT,ROADWAY_SURFACE_COND,ROAD_DEFECT,REPORT_TYPE,CRASH_TYPE,INTERSECTION_RELATED_I,NOT_RIGHT_OF_WAY_I,HIT_AND_RUN_I,DAMAGE,DATE_POLICE_NOTIFIED,PRIM_CONTRIBUTORY_CAUSE,SEC_CONTRIBUTORY_CAUSE,STREET_NO,STREET_DIRECTION,STREET_NAME,BEAT_OF_OCCURRENCE,PHOTOS_TAKEN_I,STATEMENTS_TAKEN_I,DOORING_I,WORK_ZONE_I,WORK_ZONE_TYPE,WORKERS_PRESENT_I,NUM_UNITS,MOST_SEVERE_INJURY,INJURIES_TOTAL,INJURIES_FATAL,INJURIES_INCAPACITATING,INJURIES_NON_INCAPACITATING,INJURIES_REPORTED_NOT_EVIDENT,INJURIES_NO_INDICATION,INJURIES_UNKNOWN,CRASH_HOUR,CRASH_DAY_OF_WEEK,CRASH_MONTH,LATITUDE,LONGITUDE,LOCATION
JC436393,,9/16/2019 20:50,30,NO CONTROLS,NO CONTROLS,CLEAR,DUSK,PEDESTRIAN,FOUR WAY,,STRAIGHT AND LEVEL,DRY,NO DEFECTS,ON SCENE,INJURY AND / OR TOW DUE TO CRASH,Y,,Y,"$501 - $1,500",9/16/2019 20:52,FAILING TO YIELD RIGHT-OF-WAY,UNABLE TO DETERMINE,202,W,WACKER DR,122,,,,,,,2,NONINCAPACITATING INJURY,1,0,0,1,0,1,0,20,2,9,41.88704014,-87.63409842,POINT (-87.634098415762 41.887040140218)
JC436360,,9/16/2019 20:42,10,NO CONTROLS,NO CONTROLS,CLEAR,"DARKNESS, LIGHTED ROAD",PARKED MOTOR VEHICLE,PARKING LOT,,STRAIGHT AND LEVEL,DRY,NO DEFECTS,ON SCENE,NO INJURY / DRIVE AWAY,,,Y,"OVER $1,500",9/16/2019 20:47,FAILING TO YIELD RIGHT-OF-WAY,NOT APPLICABLE,3319,W,55TH ST,822,,,,,,,2,NO INDICATION OF INJURY,0,0,0,0,0,3,0,20,2,9,41.79335608,-87.70689074,POINT (-87.706890735464 41.793356081778)
JC436436,,9/16/2019 20:30,30,TRAFFIC SIGNAL,UNKNOWN,CLEAR,"DARKNESS, LIGHTED ROAD",REAR END,ONE-WAY,,STRAIGHT AND LEVEL,DRY,UNKNOWN,NOT ON SCENE (DESK REPORT),NO INJURY / DRIVE AWAY,,,,"$501 - $1,500",9/16/2019 21:46,FOLLOWING TOO CLOSELY,NOT APPLICABLE,70,E,GARFIELD BLVD,225,,,,,,,2,NO INDICATION OF INJURY,0,0,0,0,0,2,0,20,2,9,41.79479402,-87.6229151,POINT (-87.62291510355 41.794794024265)
JC436356,,9/16/2019 20:15,25,NO CONTROLS,NO CONTROLS,CLEAR,"DARKNESS, LIGHTED ROAD",PARKED MOTOR VEHICLE,ONE-WAY,,STRAIGHT AND LEVEL,DRY,NO DEFECTS,ON SCENE,NO INJURY / DRIVE AWAY,,,,"OVER $1,500",9/16/2019 20:20,IMPROPER OVERTAKING/PASSING,FAILING TO REDUCE SPEED TO AVOID CRASH,3,W,TERMINAL ST,1653,,Y,,,,,2,NO INDICATION OF INJURY,0,0,0,0,0,3,0,20,2,9,,,
JC436322,,9/16/2019 20:10,30,TRAFFIC SIGNAL,FUNCTIONING PROPERLY,CLEAR,"DARKNESS, LIGHTED ROAD",SIDESWIPE SAME DIRECTION,DIVIDED - W/MEDIAN BARRIER,,STRAIGHT AND LEVEL,DRY,NO DEFECTS,ON SCENE,NO INJURY / DRIVE AWAY,Y,,,"OVER $1,500",9/16/2019 20:13,DRIVING SKILLS/KNOWLEDGE/EXPERIENCE,IMPROPER OVERTAKING/PASSING,8700,S,STONY ISLAND AVE,412,,,,,,,2,NO INDICATION OF INJURY,0,0,0,0,0,2,0,20,2,9,41.73682263,-87.58578342,POINT (-87.585783420329 41.736822630157)
JC437130,,9/16/2019 20:00,30,NO CONTROLS,NO CONTROLS,CLEAR,DARKNESS,SIDESWIPE SAME DIRECTION,NOT DIVIDED,,STRAIGHT AND LEVEL,DRY,NO DEFECTS,NOT ON SCENE (DESK REPORT),NO INJURY / DRIVE AWAY,,,,"OVER $1,500",9/17/2019 13:00,UNABLE TO DETERMINE,NOT APPLICABLE,7100,S,KEDZIE AVE,831,,,,,,,2,NO INDICATION OF INJURY,0,0,0,0,0,2,0,20,2,9,41.76429504,-87.70295716,POINT (-87.702957162118 41.764295036757)
JC436407,,9/16/2019 20:00,30,TRAFFIC SIGNAL,UNKNOWN,CLEAR,"DARKNESS, LIGHTED ROAD",SIDESWIPE SAME DIRECTION,DIVIDED - W/MEDIAN (NOT RAISED),,STRAIGHT AND LEVEL,DRY,UNKNOWN,NOT ON SCENE (DESK REPORT),NO INJURY / DRIVE AWAY,,,,"OVER $1,500",9/16/2019 21:40,IMPROPER LANE USAGE,NOT APPLICABLE,5511,S,CICERO AVE,813,,,,,,,2,NO INDICATION OF INJURY,0,0,0,0,0,2,0,20,2,9,41.79275127,-87.74167243,POINT (-87.741672426279 41.792751272064)
JC436398,,9/16/2019 20:00,30,NO CONTROLS,NO CONTROLS,CLEAR,"DARKNESS, LIGHTED ROAD",ANGLE,NOT DIVIDED,,STRAIGHT AND LEVEL,DRY,NO DEFECTS,ON SCENE,INJURY AND / OR TOW DUE TO CRASH,,,,"OVER $1,500",9/16/2019 21:15,FAILING TO YIELD RIGHT-OF-WAY,UNABLE TO DETERMINE,3150,W,54TH ST,923,,,,,,,2,NO INDICATION OF INJURY,0,0,0,0,0,3,0,20,2,9,41.79545666,-87.70319018,POINT (-87.703190179109 41.795456655619)
JC436334,,9/16/2019 20:00,45,OTHER,FUNCTIONING PROPERLY,CLEAR,"DARKNESS, LIGHTED ROAD",SIDESWIPE SAME DIRECTION,DIVIDED - W/MEDIAN BARRIER,,STRAIGHT AND LEVEL,DRY,NO DEFECTS,ON SCENE,NO INJURY / DRIVE AWAY,,,,"$501 - $1,500",9/16/2019 20:03,UNABLE TO DETERMINE,NOT APPLICABLE,3831,S,LAKE SHORE DR SB,212,,,,Y,UNKNOWN,,2,NO INDICATION OF INJURY,0,0,0,0,0,5,0,20,2,9,41.82704283,-87.60164759,POINT (-87.601647586439 41.827042825334)
JC438392,,9/16/2019 19:54,35,UNKNOWN,UNKNOWN,UNKNOWN,UNKNOWN,PARKED MOTOR VEHICLE,NOT DIVIDED,,STRAIGHT AND LEVEL,OTHER,UNKNOWN,NOT ON SCENE (DESK REPORT),NO INJURY / DRIVE AWAY,,,,"$501 - $1,500",9/18/2019 12:00,UNABLE TO DETERMINE,UNABLE TO DETERMINE,100,E,43RD ST,213,,,,,,,2,NO INDICATION OF INJURY,0,0,0,0,0,1,0,19,2,9,41.81665041,-87.62295313,POINT (-87.622953131657 41.816650412458)
JC436337,,9/16/2019 19:50,30,NO CONTROLS,NO CONTROLS,CLEAR,"DARKNESS, LIGHTED ROAD",SIDESWIPE OPPOSITE DIRECTION,NOT DIVIDED,,STRAIGHT AND LEVEL,DRY,NO DEFECTS,ON SCENE,NO INJURY / DRIVE AWAY,,,,"OVER $1,500",9/16/2019 19:55,UNABLE TO DETERMINE,NOT APPLICABLE,1905,N,STOCKTON DR,1814,,,,,,,2,NO INDICATION OF INJURY,0,0,0,0,0,2,0,19,2,9,41.91697446,-87.63394097,POINT (-87.633940973408 41.916974459622)
JC436304,,9/16/2019 19:50,30,TRAFFIC SIGNAL,FUNCTIONING PROPERLY,CLEAR,"DARKNESS, LIGHTED ROAD",REAR TO FRONT,DIVIDED - W/MEDIAN BARRIER,,STRAIGHT AND LEVEL,DRY,NO DEFECTS,ON SCENE,NO INJURY / DRIVE AWAY,Y,,,"OVER $1,500",9/16/2019 19:51,IMPROPER BACKING,UNABLE TO DETERMINE,1,W,CONGRESS PKWY,123,,,,,,,2,NO INDICATION OF INJURY,0,0,0,0,0,4,0,19,2,9,41.87552796,-87.62767114,POINT (-87.627671144249 41.875527957866)
JC436386,,9/16/2019 19:45,30,STOP SIGN/FLASHER,FUNCTIONING PROPERLY,CLEAR,DUSK,TURNING,ONE-WAY,,STRAIGHT AND LEVEL,DRY,NO DEFECTS,NOT ON SCENE (DESK REPORT),NO INJURY / DRIVE AWAY,,,Y,"$501 - $1,500",9/16/2019 21:20,UNABLE TO DETERMINE,NOT APPLICABLE,1141,S,JEFFERSON ST,124,,,,,,,2,NO INDICATION OF INJURY,0,0,0,0,0,2,0,19,2,9,41.8677288,-87.64205883,POINT (-87.642058832592 41.867728804236)
JC436348,,9/16/2019 19:45,35,TRAFFIC SIGNAL,FUNCTIONING PROPERLY,CLEAR,DUSK,SIDESWIPE SAME DIRECTION,T-INTERSECTION,,STRAIGHT AND LEVEL,DRY,NO DEFECTS,NOT ON SCENE (DESK REPORT),NO INJURY / DRIVE AWAY,,,Y,"OVER $1,500",9/16/2019 20:38,IMPROPER OVERTAKING/PASSING,FAILING TO REDUCE SPEED TO AVOID CRASH,12600,S,TORRENCE AVE,433,,,,,,,2,NO INDICATION OF INJURY,0,0,0,0,0,2,0,19,2,9,41.66611299,-87.55900308,POINT (-87.559003080261 41.666112991211)
JC436278,,9/16/2019 19:29,35,STOP SIGN/FLASHER,FUNCTIONING PROPERLY,CLEAR,DARKNESS,ANGLE,NOT DIVIDED,,STRAIGHT AND LEVEL,DRY,NO DEFECTS,ON SCENE,INJURY AND / OR TOW DUE TO CRASH,,,,"OVER $1,500",9/16/2019 19:29,DISREGARDING STOP SIGN,UNABLE TO DETERMINE,4659,W,MADISON ST,1113,,,,,,,2,NO INDICATION OF INJURY,0,0,0,0,0,3,0,19,2,9,41.8804176,-87.74271644,POINT (-87.742716435109 41.880417602363)
JC436235,,9/16/2019 19:18,30,NO CONTROLS,NO CONTROLS,CLEAR,"DARKNESS, LIGHTED ROAD",SIDESWIPE SAME DIRECTION,NOT DIVIDED,,STRAIGHT AND LEVEL,DRY,NO DEFECTS,NOT ON SCENE (DESK REPORT),NO INJURY / DRIVE AWAY,,,Y,"$501 - $1,500",9/16/2019 19:25,FAILING TO YIELD RIGHT-OF-WAY,UNABLE TO DETERMINE,3005,S,ARCHER AVE,913,,,,,,,2,NO INDICATION OF INJURY,0,0,0,0,0,3,0,19,2,9,41.83988635,-87.66133363,POINT (-87.661333632681 41.839886349608)
JC436305,,9/16/2019 19:15,30,STOP SIGN/FLASHER,FUNCTIONING PROPERLY,CLEAR,DUSK,PEDESTRIAN,ONE-WAY,,STRAIGHT AND LEVEL,DRY,NO DEFECTS,NOT ON SCENE (DESK REPORT),INJURY AND / OR TOW DUE TO CRASH,,,Y,$500 OR LESS,9/16/2019 19:55,FAILING TO YIELD RIGHT-OF-WAY,NOT APPLICABLE,6200,S,CAMPBELL AVE,825,,,,,,,2,NONINCAPACITATING INJURY,1,0,0,1,0,1,0,19,2,9,41.78095678,-87.6862819,POINT (-87.686281902894 41.780956775006)
JC436293,,9/16/2019 19:15,30,NO CONTROLS,NO CONTROLS,CLEAR,"DARKNESS, LIGHTED ROAD",REAR END,NOT DIVIDED,,STRAIGHT AND LEVEL,DRY,NO DEFECTS,ON SCENE,NO INJURY / DRIVE AWAY,,,,"$501 - $1,500",9/16/2019 19:35,FOLLOWING TOO CLOSELY,DRIVING SKILLS/KNOWLEDGE/EXPERIENCE,2527,W,PETERSON AVE,2011,,,,,,,2,NO INDICATION OF INJURY,0,0,0,0,0,3,0,19,2,9,41.99036683,-87.69325466,POINT (-87.693254662669 41.990366832291)
JC436258,,9/16/2019 19:00,30,NO CONTROLS,NO CONTROLS,CLEAR,DUSK,REAR END,NOT DIVIDED,,STRAIGHT AND LEVEL,DRY,NO DEFECTS,ON SCENE,NO INJURY / DRIVE AWAY,,,,"OVER $1,500",9/16/2019 19:10,FOLLOWING TOO CLOSELY,NOT APPLICABLE,2734,W,35TH ST,911,,,,,,,2,NO INDICATION OF INJURY,0,0,0,0,0,2,0,19,2,9,41.83022362,-87.69377766,POINT (-87.693777664318 41.830223617512)
JC436259,,9/16/2019 18:58,30,NO CONTROLS,NO CONTROLS,CLEAR,DUSK,PARKED MOTOR VEHICLE,NOT DIVIDED,,STRAIGHT AND LEVEL,DRY,NO DEFECTS,ON SCENE,NO INJURY / DRIVE AWAY,,,,"OVER $1,500",9/16/2019 19:22,IMPROPER LANE USAGE,IMPROPER LANE USAGE,2299,W,TAYLOR ST,1225,,,,,,,2,NO INDICATION OF INJURY,0,0,0,0,0,1,0,18,2,9,41.86890273,-87.68359021,POINT (-87.683590214038 41.868902734099)
JC436257,,9/16/2019 18:50,30,TRAFFIC SIGNAL,FUNCTIONING PROPERLY,CLEAR,DAYLIGHT,REAR END,NOT DIVIDED,,STRAIGHT AND LEVEL,DRY,NO DEFECTS,NOT ON SCENE (DESK REPORT),NO INJURY / DRIVE AWAY,,,,"OVER $1,500",9/16/2019 19:40,UNABLE TO DETERMINE,NOT APPLICABLE,7100,S,PULASKI RD,833,,,,,,,2,NO INDICATION OF INJURY,0,0,0,0,0,4,0,18,2,9,41.76400775,-87.72249911,POINT (-87.722499107707 41.764007749308)
JC436261,,9/16/2019 18:49,45,NO CONTROLS,NO CONTROLS,CLEAR,DUSK,REAR END,DIVIDED - W/MEDIAN BARRIER,,STRAIGHT AND LEVEL,DRY,NO DEFECTS,ON SCENE,INJURY AND / OR TOW DUE TO CRASH,,,,"OVER $1,500",9/16/2019 18:54,FOLLOWING TOO CLOSELY,UNABLE TO DETERMINE,3400,N,LAKE SHORE DR SB,1925,,,,,,,3,NONINCAPACITATING INJURY,3,0,0,2,1,3,0,18,2,9,41.94340868,-87.64047164,POINT (-87.640471641548 41.943408683197)
JC436290,,9/16/2019 18:45,30,TRAFFIC SIGNAL,FUNCTIONING PROPERLY,CLEAR,"DARKNESS, LIGHTED ROAD",REAR END,NOT DIVIDED,,STRAIGHT AND LEVEL,DRY,NO DEFECTS,ON SCENE,NO INJURY / DRIVE AWAY,,,,"OVER $1,500",9/16/2019 19:39,UNABLE TO DETERMINE,NOT APPLICABLE,4219,S,CALIFORNIA AVE,921,,Y,,,,,2,NO INDICATION OF INJURY,0,0,0,0,0,2,0,18,2,9,41.81676351,-87.69431724,POINT (-87.694317235222 41.816763513516)
JC436248,,9/16/2019 18:45,30,TRAFFIC SIGNAL,FUNCTIONING PROPERLY,CLEAR,"DARKNESS, LIGHTED ROAD",REAR END,NOT DIVIDED,,STRAIGHT AND LEVEL,DRY,UNKNOWN,NOT ON SCENE (DESK REPORT),NO INJURY / DRIVE AWAY,,,,"OVER $1,500",9/16/2019 19:35,FOLLOWING TOO CLOSELY,FAILING TO REDUCE SPEED TO AVOID CRASH,752,N,WESTERN AVE,1221,,,,,,,3,NO INDICATION OF INJURY,0,0,0,0,0,3,0,18,2,9,41.89550521,-87.68698382,POINT (-87.686983822744 41.895505208901)
JC438310,,9/16/2019 18:30,30,NO CONTROLS,NO CONTROLS,CLEAR,DAYLIGHT,SIDESWIPE SAME DIRECTION,NOT DIVIDED,,STRAIGHT AND LEVEL,DRY,NO DEFECTS,NOT ON SCENE (DESK REPORT),NO INJURY / DRIVE AWAY,,,,"$501 - $1,500",9/18/2019 11:00,UNABLE TO DETERMINE,UNABLE TO DETERMINE,4005,N,CALIFORNIA AVE,1724,,,,,,,2,NO INDICATION OF INJURY,0,0,0,0,0,2,0,18,2,9,41.95417196,-87.69809891,POINT (-87.698098913034 41.954171958961)
JC436201,,9/16/2019 18:30,15,NO CONTROLS,NO CONTROLS,CLEAR,DAYLIGHT,ANGLE,ONE-WAY,,STRAIGHT AND LEVEL,DRY,NO DEFECTS,ON SCENE,NO INJURY / DRIVE AWAY,,,Y,"OVER $1,500",9/16/2019 18:36,FAILING TO YIELD RIGHT-OF-WAY,NOT APPLICABLE,6310,S,SACRAMENTO AVE,823,,,,,,,2,NO INDICATION OF INJURY,0,0,0,0,0,3,0,18,2,9,41.77866745,-87.6984011,POINT (-87.69840109452 41.778667449928)
JC438798,,9/16/2019 18:27,30,NO CONTROLS,NO CONTROLS,CLEAR,DUSK,FIXED OBJECT,NOT DIVIDED,,STRAIGHT AND LEVEL,DRY,"RUT, HOLES",NOT ON SCENE (DESK REPORT),NO INJURY / DRIVE AWAY,,,,"$501 - $1,500",9/18/2019 17:40,NOT APPLICABLE,NOT APPLICABLE,5924,W,FULLERTON AVE,2515,,,,,,,1,NO INDICATION OF INJURY,0,0,0,0,0,2,0,18,2,9,41.92395714,-87.77444354,POINT (-87.774443539724 41.923957137601)
JC436237,Y,9/16/2019 18:27,20,TRAFFIC SIGNAL,FUNCTIONING PROPERLY,CLEAR,DUSK,TURNING,FOUR WAY,,STRAIGHT AND LEVEL,DRY,NO DEFECTS,ON SCENE,INJURY AND / OR TOW DUE TO CRASH,Y,,,"OVER $1,500",9/16/2019 18:29,FAILING TO REDUCE SPEED TO AVOID CRASH,NOT APPLICABLE,2400,S,CALIFORNIA AVE,1033,,,,,,,2,NONINCAPACITATING INJURY,1,0,0,1,0,1,0,18,2,9,41.8482428,-87.69549086,POINT (-87.695490863877 41.848242798978)
JC436153,,9/16/2019 18:24,35,NO CONTROLS,NO CONTROLS,CLEAR,DAYLIGHT,PARKED MOTOR VEHICLE,NOT DIVIDED,,STRAIGHT AND LEVEL,DRY,NO DEFECTS,ON SCENE,NO INJURY / DRIVE AWAY,,,Y,$500 OR LESS,9/16/2019 18:25,UNABLE TO DETERMINE,UNABLE TO DETERMINE,3105,W,27TH ST,1033,,,,,,,2,NO INDICATION OF INJURY,0,0,0,0,0,1,0,18,2,9,41.84261712,-87.70275526,POINT (-87.70275525784 41.84261711999)
JC445474,,9/16/2019 18:22,30,NO CONTROLS,NO CONTROLS,CLEAR,DAYLIGHT,SIDESWIPE SAME DIRECTION,NOT DIVIDED,,STRAIGHT AND LEVEL,DRY,UNKNOWN,NOT ON SCENE (DESK REPORT),NO INJURY / DRIVE AWAY,,,Y,"OVER $1,500",9/23/2019 17:14,UNABLE TO DETERMINE,UNABLE TO DETERMINE,123,E,CERMAK RD,132,,,,,,,2,NO INDICATION OF INJURY,0,0,0,0,0,2,0,18,2,9,41.85277416,-87.62275885,POINT (-87.622758847071 41.852774162945)
JC436200,,9/16/2019 18:22,30,NO CONTROLS,NO CONTROLS,CLEAR,DAYLIGHT,PARKED MOTOR VEHICLE,ONE-WAY,,STRAIGHT AND LEVEL,DRY,NO DEFECTS,ON SCENE,NO INJURY / DRIVE AWAY,,,,"OVER $1,500",9/16/2019 18:24,DRIVING SKILLS/KNOWLEDGE/EXPERIENCE,UNABLE TO DETERMINE,1419,W,ALBION AVE,2432,,,,,,,2,NO INDICATION OF INJURY,0,0,0,0,0,1,0,18,2,9,42.00167426,-87.66644914,POINT (-87.666449143154 42.001674260369)
JC436152,,9/16/2019 18:17,30,NO CONTROLS,FUNCTIONING PROPERLY,CLEAR,DAYLIGHT,FIXED OBJECT,OTHER,,STRAIGHT AND LEVEL,DRY,NO DEFECTS,ON SCENE,INJURY AND / OR TOW DUE TO CRASH,,,,"OVER $1,500",9/16/2019 18:21,"OPERATING VEHICLE IN ERRATIC, RECKLESS, CARELESS, NEGLIGENT OR AGGRESSIVE MANNER",NOT APPLICABLE,1229,E,78TH ST,411,,,,,,,1,NO INDICATION OF INJURY,0,0,0,0,0,2,0,18,2,9,41.75311193,-87.59437162,POINT (-87.594371615902 41.753111929654)
JC436209,,9/16/2019 18:10,30,NO CONTROLS,NO CONTROLS,CLEAR,DUSK,TURNING,NOT DIVIDED,,STRAIGHT AND LEVEL,DRY,NO DEFECTS,ON SCENE,INJURY AND / OR TOW DUE TO CRASH,,,,"OVER $1,500",9/16/2019 18:21,FAILING TO YIELD RIGHT-OF-WAY,FAILING TO YIELD RIGHT-OF-WAY,2750,N,CLYBOURN AVE,1931,,,,,,,2,NO INDICATION OF INJURY,0,0,0,0,0,2,0,18,2,9,41.93110406,-87.67695968,POINT (-87.676959678469 41.931104061651)
JC436162,,9/16/2019 18:10,30,TRAFFIC SIGNAL,FUNCTIONING PROPERLY,CLEAR,DAYLIGHT,TURNING,DIVIDED - W/MEDIAN BARRIER,,STRAIGHT AND LEVEL,DRY,NO DEFECTS,ON SCENE,INJURY AND / OR TOW DUE TO CRASH,Y,,,"OVER $1,500",9/16/2019 18:15,DISREGARDING TRAFFIC SIGNALS,NOT APPLICABLE,4401,W,79TH ST,834,,,,,,,2,NONINCAPACITATING INJURY,2,0,0,1,1,3,0,18,2,9,41.74915055,-87.73168508,POINT (-87.731685083938 41.74915055343)
JC436232,,9/16/2019 18:05,30,TRAFFIC SIGNAL,FUNCTIONING PROPERLY,CLEAR,"DARKNESS, LIGHTED ROAD",SIDESWIPE OPPOSITE DIRECTION,NOT DIVIDED,,STRAIGHT AND LEVEL,DRY,NO DEFECTS,ON SCENE,NO INJURY / DRIVE AWAY,,,Y,"OVER $1,500",9/16/2019 18:14,FAILING TO YIELD RIGHT-OF-WAY,FAILING TO REDUCE SPEED TO AVOID CRASH,3201,W,ADDISON ST,1733,,,,,,,2,NO INDICATION OF INJURY,0,0,0,0,0,2,0,18,2,9,41.94652053,-87.70787045,POINT (-87.707870448595 41.946520532996)
JC443665,,9/16/2019 18:00,30,STOP SIGN/FLASHER,NO CONTROLS,CLEAR,DARKNESS,ANGLE,DIVIDED - W/MEDIAN (NOT RAISED),,STRAIGHT AND LEVEL,DRY,NO DEFECTS,NOT ON SCENE (DESK REPORT),NO INJURY / DRIVE AWAY,,,Y,"OVER $1,500",9/22/2019 10:25,UNABLE TO DETERMINE,UNABLE TO DETERMINE,6800,S,RACINE AVE,724,,,,,,,2,NO INDICATION OF INJURY,0,0,0,0,0,2,0,18,2,9,41.77042052,-87.65440493,POINT (-87.654404931682 41.770420522598)
JC436963,,9/16/2019 18:00,30,NO CONTROLS,NO CONTROLS,CLEAR,DAYLIGHT,TURNING,NOT DIVIDED,,STRAIGHT AND LEVEL,DRY,NO DEFECTS,NOT ON SCENE (DESK REPORT),NO INJURY / DRIVE AWAY,Y,,,$500 OR LESS,9/17/2019 10:45,UNABLE TO DETERMINE,UNABLE TO DETERMINE,830,S,SACRAMENTO BLVD,1134,,,,,,,2,NO INDICATION OF INJURY,0,0,0,0,0,2,0,18,2,9,41.87014401,-87.70104468,POINT (-87.701044679379 41.870144008559)
JC436473,,9/16/2019 18:00,30,NO CONTROLS,NO CONTROLS,CLEAR,DAYLIGHT,PARKED MOTOR VEHICLE,NOT DIVIDED,,STRAIGHT AND LEVEL,DRY,NO DEFECTS,ON SCENE,NO INJURY / DRIVE AWAY,,,Y,"$501 - $1,500",9/16/2019 22:50,UNABLE TO DETERMINE,UNABLE TO DETERMINE,1955,E,96TH ST,431,,,,,,,2,NO INDICATION OF INJURY,0,0,0,0,0,1,0,18,2,9,41.72052979,-87.57553922,POINT (-87.575539214646 41.720529786134)
JC436210,,9/16/2019 18:00,30,TRAFFIC SIGNAL,FUNCTIONING PROPERLY,CLEAR,DUSK,SIDESWIPE SAME DIRECTION,ONE-WAY,,STRAIGHT AND LEVEL,DRY,NO DEFECTS,NOT ON SCENE (DESK REPORT),NO INJURY / DRIVE AWAY,Y,,,"$501 - $1,500",9/16/2019 19:10,UNABLE TO DETERMINE,NOT APPLICABLE,250,S,WACKER DR,122,,,,,,,2,NO INDICATION OF INJURY,0,0,0,0,0,2,0,18,2,9,41.87813818,-87.637065,POINT (-87.637064995202 41.878138181156)
JC436166,,9/16/2019 18:00,30,TRAFFIC SIGNAL,FUNCTIONING PROPERLY,CLEAR,DAYLIGHT,REAR END,NOT DIVIDED,,STRAIGHT AND LEVEL,DRY,NO DEFECTS,NOT ON SCENE (DESK REPORT),NO INJURY / DRIVE AWAY,,,,$500 OR LESS,9/16/2019 18:59,DISTRACTION - FROM INSIDE VEHICLE,DISTRACTION - FROM INSIDE VEHICLE,11100,S,COTTAGE GROVE AVE,531,,,,,,,2,NO INDICATION OF INJURY,0,0,0,0,0,2,0,18,2,9,41.69274215,-87.61001554,POINT (-87.610015536068 41.692742148657)
JC436160,,9/16/2019 18:00,30,TRAFFIC SIGNAL,FUNCTIONING PROPERLY,CLEAR,DAYLIGHT,REAR END,NOT DIVIDED,,STRAIGHT AND LEVEL,DRY,NO DEFECTS,NOT ON SCENE (DESK REPORT),NO INJURY / DRIVE AWAY,,,,"OVER $1,500",9/16/2019 18:25,UNABLE TO DETERMINE,UNABLE TO DETERMINE,5150,N,WESTERN AVE,2031,,,,,,,2,NO INDICATION OF INJURY,0,0,0,0,0,2,0,18,2,9,41.97556544,-87.68928445,POINT (-87.689284448039 41.97556543833)
JC436154,,9/16/2019 18:00,30,TRAFFIC SIGNAL,FUNCTIONING PROPERLY,CLEAR,DAYLIGHT,PARKED MOTOR VEHICLE,NOT DIVIDED,,STRAIGHT AND LEVEL,DRY,NO DEFECTS,NOT ON SCENE (DESK REPORT),NO INJURY / DRIVE AWAY,,,Y,"$501 - $1,500",9/16/2019 18:40,DISTRACTION - FROM OUTSIDE VEHICLE,NOT APPLICABLE,401,E,41ST ST,214,,,,,,,2,NO INDICATION OF INJURY,0,0,0,0,0,1,0,18,2,9,41.82013001,-87.61650799,POINT (-87.61650799118 41.820130014034)
JC436216,,9/16/2019 17:55,30,TRAFFIC SIGNAL,FUNCTIONING PROPERLY,CLEAR,DUSK,ANGLE,ONE-WAY,,STRAIGHT AND LEVEL,DRY,NO DEFECTS,ON SCENE,INJURY AND / OR TOW DUE TO CRASH,Y,,,"OVER $1,500",9/16/2019 17:58,UNABLE TO DETERMINE,NOT APPLICABLE,100,N,WELLS ST,122,,,,,,,2,NO INDICATION OF INJURY,0,0,0,0,0,3,0,17,2,9,41.88324209,-87.63400682,POINT (-87.634006820981 41.88324209419)
JC436226,,9/16/2019 17:51,30,NO CONTROLS,NO CONTROLS,CLEAR,DAYLIGHT,PEDALCYCLIST,NOT DIVIDED,,STRAIGHT AND LEVEL,DRY,NO DEFECTS,NOT ON SCENE (DESK REPORT),NO INJURY / DRIVE AWAY,,,,"$501 - $1,500",9/16/2019 19:20,NOT APPLICABLE,NOT APPLICABLE,5100,S,KOSTNER AVE,815,,,,,,,2,NO INDICATION OF INJURY,0,0,0,0,0,3,0,17,2,9,41.80044089,-87.73331594,POINT (-87.733315938171 41.8004408896)
JC436107,,9/16/2019 17:51,15,NO CONTROLS,NO CONTROLS,CLEAR,DAYLIGHT,PARKED MOTOR VEHICLE,ONE-WAY,,STRAIGHT AND LEVEL,DRY,NO DEFECTS,ON SCENE,NO INJURY / DRIVE AWAY,,,Y,"OVER $1,500",9/16/2019 17:52,UNABLE TO DETERMINE,NOT APPLICABLE,2346,W,ARTHUR AVE,2412,,,,,,,2,NO INDICATION OF INJURY,0,0,0,0,0,1,0,17,2,9,41.99966334,-87.68936877,POINT (-87.68936877033 41.999663337962)
JC436125,,9/16/2019 17:45,35,STOP SIGN/FLASHER,NO CONTROLS,CLEAR,DAYLIGHT,ANGLE,NOT DIVIDED,,STRAIGHT AND LEVEL,DRY,NO DEFECTS,NOT ON SCENE (DESK REPORT),NO INJURY / DRIVE AWAY,Y,,,"$501 - $1,500",9/16/2019 18:10,NOT APPLICABLE,NOT APPLICABLE,10701,S,MAPLEWOOD AVE,2212,,,,,,,2,NO INDICATION OF INJURY,0,0,0,0,0,2,0,17,2,9,41.69896558,-87.68494517,POINT (-87.684945171936 41.698965582205)
JC436178,,9/16/2019 17:40,30,NO CONTROLS,NO CONTROLS,CLEAR,DAYLIGHT,REAR END,DIVIDED - W/MEDIAN (NOT RAISED),,STRAIGHT AND LEVEL,DRY,NO DEFECTS,ON SCENE,INJURY AND / OR TOW DUE TO CRASH,,,,"OVER $1,500",9/16/2019 18:30,FOLLOWING TOO CLOSELY,UNABLE TO DETERMINE,1646,W,DIVERSEY PKWY,1931,,,,,,,2,"REPORTED, NOT EVIDENT",1,0,0,0,1,1,0,17,2,9,41.93248892,-87.67029998,POINT (-87.670299980976 41.93248891857)