RD_NO,CRASH_DATE_EST_I,CRASH_DATE,POSTED_SPEED_LIMIT,TRAFFIC_CONTROL_DEVICE,DEVICE_CONDITION,WEATHER_CONDITION,LIGHTING_CONDITION,FIRST_CRASH_TYPE,TRAFFICWAY_TYPE,LANE_CNT,ALIGNMENT,ROADWAY_SURFACE_COND,ROAD_DEFECT,REPORT_TYPE,CRASH_TYPE,INTERSECTION_RELATED_I,NOT_RIGHT_OF_WAY_I,HIT_AND_RUN_I,DAMAGE,DATE_POLICE_NOTIFIED,PRIM_CONTRIBUTORY_CAUSE,SEC_CONTRIBUTORY_CAUSE,STREET_NO,STREET_DIRECTION,STREET_NAME,BEAT_OF_OCCURRENCE,PHOTOS_TAKEN_I,STATEMENTS_TAKEN_I,DOORING_I,WORK_ZONE_I,WORK_ZONE_TYPE,WORKERS_PRESENT_I,NUM_UNITS,MOST_SEVERE_INJURY,INJURIES_TOTAL,INJURIES_FATAL,INJURIES_INCAPACITATING,INJURIES_NON_INCAPACITATING,INJURIES_REPORTED_NOT_EVIDENT,INJURIES_NO_INDICATION,INJURIES_UNKNOWN,CRASH_HOUR,CRASH_DAY_OF_WEEK,CRASH_MONTH,LATITUDE,LONGITUDE,LOCATION
JC436144,,9/16/2019 17:40,35,TRAFFIC SIGNAL,FUNCTIONING PROPERLY,CLEAR,DAYLIGHT,SIDESWIPE SAME DIRECTION,DIVIDED - W/MEDIAN (NOT RAISED),,STRAIGHT AND LEVEL,DRY,NO DEFECTS,ON SCENE,NO INJURY / DRIVE AWAY,,,Y,$500 OR LESS,9/16/2019 18:10,IMPROPER LANE USAGE,NOT APPLICABLE,11050,S,HALSTED ST,2233,,,,,,,2,NO INDICATION OF INJURY,0,0,0,0,0,2,0,17,2,9,41.69267124,-87.64253262,POINT (-87.642532623355 41.69267123975)
JC436207,,9/16/2019 17:35,30,STOP SIGN/FLASHER,UNKNOWN,CLEAR,DAYLIGHT,ANGLE,NOT DIVIDED,,STRAIGHT AND LEVEL,DRY,NO DEFECTS,NOT ON SCENE (DESK REPORT),NO INJURY / DRIVE AWAY,,,,"OVER $1,500",9/16/2019 19:00,UNABLE TO DETERMINE,NOT APPLICABLE,2232,W,71ST ST,832,,,,,,,2,NO INDICATION OF INJURY,0,0,0,0,0,2,0,17,2,9,41.76485243,-87.67979751,POINT (-87.679797510353 41.764852428685)
JC436113,,9/16/2019 17:35,30,TRAFFIC SIGNAL,FUNCTIONING PROPERLY,CLEAR,DAYLIGHT,SIDESWIPE SAME DIRECTION,NOT DIVIDED,,STRAIGHT AND LEVEL,DRY,NO DEFECTS,ON SCENE,NO INJURY / DRIVE AWAY,,,Y,$500 OR LESS,9/16/2019 17:40,DRIVING SKILLS/KNOWLEDGE/EXPERIENCE,NOT APPLICABLE,5945,N,RIDGE AVE,2012,,,,,,,2,NO INDICATION OF INJURY,0,0,0,0,0,3,0,17,2,9,41.989824,-87.66997146,POINT (-87.6699714557 41.989823998119)
JC436193,,9/16/2019 17:30,40,NO CONTROLS,NO CONTROLS,CLEAR,DAYLIGHT,REAR END,DIVIDED - W/MEDIAN BARRIER,,STRAIGHT AND LEVEL,DRY,NO DEFECTS,NOT ON SCENE (DESK REPORT),NO INJURY / DRIVE AWAY,,,,$500 OR LESS,9/16/2019 18:45,FOLLOWING TOO CLOSELY,UNABLE TO DETERMINE,1500,N,LAKE SHORE DR,1824,,,,,,,2,NO INDICATION OF INJURY,0,0,0,0,0,2,0,17,2,9,41.90959743,-87.62631221,POINT (-87.626312214236 41.909597430399)
JC436173,,9/16/2019 17:30,30,TRAFFIC SIGNAL,FUNCTIONING PROPERLY,CLEAR,DAYLIGHT,TURNING,FOUR WAY,,STRAIGHT AND LEVEL,DRY,NO DEFECTS,ON SCENE,INJURY AND / OR TOW DUE TO CRASH,Y,,,"OVER $1,500",9/16/2019 18:30,UNABLE TO DETERMINE,FAILING TO REDUCE SPEED TO AVOID CRASH,3200,W,DIVISION ST,1422,,,,,,,2,NO INDICATION OF INJURY,0,0,0,0,0,2,0,17,2,9,41.90294047,-87.70691351,POINT (-87.706913512682 41.902940471512)
JC436158,,9/16/2019 17:30,30,TRAFFIC SIGNAL,FUNCTIONING PROPERLY,CLEAR,DAYLIGHT,ANGLE,FOUR WAY,,STRAIGHT AND LEVEL,DRY,UNKNOWN,ON SCENE,INJURY AND / OR TOW DUE TO CRASH,Y,,,"OVER $1,500",9/16/2019 17:41,DISREGARDING TRAFFIC SIGNALS,ROAD CONSTRUCTION/MAINTENANCE,1,E,87TH ST,632,,,,,,,2,NONINCAPACITATING INJURY,1,0,0,1,0,3,0,17,2,9,41.73619152,-87.62407807,POINT (-87.624078066975 41.736191517717)
JC436070,,9/16/2019 17:27,30,TRAFFIC SIGNAL,FUNCTIONING PROPERLY,CLEAR,DAYLIGHT,REAR END,CENTER TURN LANE,,STRAIGHT AND LEVEL,DRY,NO DEFECTS,ON SCENE,NO INJURY / DRIVE AWAY,Y,,Y,"$501 - $1,500",9/16/2019 17:27,UNABLE TO DETERMINE,NOT APPLICABLE,4632,W,47TH ST,815,,,,,,,2,NO INDICATION OF INJURY,0,0,0,0,0,2,0,17,2,9,41.80777613,-87.73972198,POINT (-87.739721984416 41.807776131284)
JC436084,,9/16/2019 17:25,30,NO CONTROLS,NO CONTROLS,CLEAR,DAYLIGHT,SIDESWIPE SAME DIRECTION,ONE-WAY,,STRAIGHT AND LEVEL,DRY,NO DEFECTS,NOT ON SCENE (DESK REPORT),NO INJURY / DRIVE AWAY,,,,"OVER $1,500",9/16/2019 17:50,FAILING TO YIELD RIGHT-OF-WAY,NOT APPLICABLE,2620,W,FLETCHER ST,1411,,,,,,,2,NO INDICATION OF INJURY,0,0,0,0,0,2,0,17,2,9,41.93865545,-87.69379378,POINT (-87.693793774664 41.938655447016)
JC436184,,9/16/2019 17:23,30,NO CONTROLS,NO CONTROLS,CLEAR,DAYLIGHT,PEDALCYCLIST,ONE-WAY,,STRAIGHT AND LEVEL,DRY,NO DEFECTS,ON SCENE,INJURY AND / OR TOW DUE TO CRASH,,,Y,"OVER $1,500",9/16/2019 17:23,FOLLOWING TOO CLOSELY,UNABLE TO DETERMINE,198,W,MADISON ST,122,,,,,,,2,NONINCAPACITATING INJURY,1,0,0,1,0,1,0,17,2,9,41.88205593,-87.63375232,POINT (-87.633752321595 41.882055933284)
JC436370,,9/16/2019 17:20,30,NO CONTROLS,NO CONTROLS,UNKNOWN,UNKNOWN,PEDALCYCLIST,RAMP,,STRAIGHT AND LEVEL,UNKNOWN,UNKNOWN,NOT ON SCENE (DESK REPORT),INJURY AND / OR TOW DUE TO CRASH,,,,"$501 - $1,500",9/16/2019 20:45,UNABLE TO DETERMINE,NOT APPLICABLE,200,W,MADISON ST,122,,,,,,,2,NONINCAPACITATING INJURY,1,0,0,1,0,1,0,17,2,9,41.88205499,-87.6338999,POINT (-87.633899901163 41.882054989975)
JC436082,,9/16/2019 17:20,30,NO CONTROLS,NO CONTROLS,CLEAR,DAYLIGHT,SIDESWIPE SAME DIRECTION,ONE-WAY,,STRAIGHT AND LEVEL,DRY,NO DEFECTS,NOT ON SCENE (DESK REPORT),NO INJURY / DRIVE AWAY,,,,"OVER $1,500",9/16/2019 17:25,UNABLE TO DETERMINE,NOT APPLICABLE,4747,S,DR MARTIN LUTHER KING JR DR,223,,,,,,,2,NO INDICATION OF INJURY,0,0,0,0,0,3,0,17,2,9,41.80799557,-87.61640487,POINT (-87.616404865179 41.80799556913)
JC436078,,9/16/2019 17:20,30,TRAFFIC SIGNAL,FUNCTIONING PROPERLY,CLEAR,DAYLIGHT,TURNING,NOT DIVIDED,,STRAIGHT AND LEVEL,DRY,NO DEFECTS,ON SCENE,NO INJURY / DRIVE AWAY,Y,,,"OVER $1,500",9/16/2019 17:25,UNABLE TO DETERMINE,UNABLE TO DETERMINE,1599,N,KEDZIE AVE,1423,,,,,,,2,NO INDICATION OF INJURY,0,0,0,0,0,2,0,17,2,9,41.91003373,-87.70684419,POINT (-87.70684419376 41.910033726424)
JC436047,,9/16/2019 17:20,30,NO CONTROLS,NO CONTROLS,CLEAR,DAYLIGHT,PARKED MOTOR VEHICLE,PARKING LOT,,STRAIGHT AND LEVEL,DRY,NO DEFECTS,ON SCENE,NO INJURY / DRIVE AWAY,,,Y,$500 OR LESS,9/16/2019 17:30,IMPROPER BACKING,UNABLE TO DETERMINE,211,W,79TH ST,623,,,,,,,2,NO INDICATION OF INJURY,0,0,0,0,0,1,0,17,2,9,41.75074708,-87.62995399,POINT (-87.629953989472 41.750747078007)
JC437674,,9/16/2019 17:15,30,STOP SIGN/FLASHER,FUNCTIONING PROPERLY,CLEAR,DAYLIGHT,ANGLE,NOT DIVIDED,,STRAIGHT AND LEVEL,DRY,NO DEFECTS,NOT ON SCENE (DESK REPORT),NO INJURY / DRIVE AWAY,,,Y,"OVER $1,500",9/17/2019 19:50,FAILING TO YIELD RIGHT-OF-WAY,NOT APPLICABLE,1878,W,OGDEN AVE,1225,,,,,,,2,NO INDICATION OF INJURY,0,0,0,0,0,2,0,17,2,9,41.87515478,-87.67375588,POINT (-87.673755881513 41.875154779829)
JC436073,,9/16/2019 17:15,30,STOP SIGN/FLASHER,FUNCTIONING PROPERLY,CLEAR,DAYLIGHT,SIDESWIPE SAME DIRECTION,NOT DIVIDED,,STRAIGHT AND LEVEL,DRY,UNKNOWN,NOT ON SCENE (DESK REPORT),NO INJURY / DRIVE AWAY,,,,$500 OR LESS,9/16/2019 17:40,IMPROPER OVERTAKING/PASSING,NOT APPLICABLE,7500,S,VINCENNES AVE,623,,,,,,,2,NO INDICATION OF INJURY,0,0,0,0,0,2,0,17,2,9,41.75814553,-87.63152475,POINT (-87.631524750352 41.758145526339)
JC436060,,9/16/2019 17:15,30,TRAFFIC SIGNAL,FUNCTIONING PROPERLY,CLEAR,DAYLIGHT,PEDESTRIAN,FOUR WAY,,STRAIGHT AND LEVEL,DRY,NO DEFECTS,ON SCENE,INJURY AND / OR TOW DUE TO CRASH,Y,,Y,"$501 - $1,500",9/16/2019 17:20,FAILING TO YIELD RIGHT-OF-WAY,NOT APPLICABLE,1559,W,69TH ST,734,,,,,,,2,NONINCAPACITATING INJURY,1,0,0,1,0,1,0,17,2,9,41.7684428,-87.66383602,POINT (-87.663836023609 41.768442799275)
JC436088,,9/16/2019 17:10,30,TRAFFIC SIGNAL,FUNCTIONING PROPERLY,CLEAR,DUSK,TURNING,T-INTERSECTION,,STRAIGHT AND LEVEL,DRY,NO DEFECTS,NOT ON SCENE (DESK REPORT),NO INJURY / DRIVE AWAY,Y,,Y,"OVER $1,500",9/16/2019 17:45,UNABLE TO DETERMINE,NOT APPLICABLE,6299,S,MICHIGAN AVE,311,,,,,,,2,NO INDICATION OF INJURY,0,0,0,0,0,2,0,17,2,9,41.78013126,-87.62183115,POINT (-87.621831148215 41.780131255888)
JC437161,,9/16/2019 17:00,30,NO CONTROLS,NO CONTROLS,CLEAR,DAYLIGHT,REAR END,NOT DIVIDED,,STRAIGHT AND LEVEL,DRY,NO DEFECTS,NOT ON SCENE (DESK REPORT),NO INJURY / DRIVE AWAY,,,,"OVER $1,500",9/17/2019 14:00,FAILING TO REDUCE SPEED TO AVOID CRASH,NOT APPLICABLE,2657,N,CLYBOURN AVE,1931,,,,,,,2,NO INDICATION OF INJURY,0,0,0,0,0,2,0,17,2,9,41.93002546,-87.67533354,POINT (-87.675333536486 41.930025458044)
JC436698,,9/16/2019 17:00,30,NO CONTROLS,NO CONTROLS,CLEAR,UNKNOWN,PARKED MOTOR VEHICLE,NOT DIVIDED,,STRAIGHT AND LEVEL,UNKNOWN,NO DEFECTS,NOT ON SCENE (DESK REPORT),NO INJURY / DRIVE AWAY,,,Y,"OVER $1,500",9/17/2019 8:15,UNABLE TO DETERMINE,UNABLE TO DETERMINE,5600,S,WOODLAWN AVE,235,,,,,,,2,NO INDICATION OF INJURY,0,0,0,0,0,1,0,17,2,9,41.79317453,-87.59664483,POINT (-87.596644830256 41.793174529655)
JC436057,,9/16/2019 17:00,35,NO CONTROLS,NO CONTROLS,CLEAR,DAYLIGHT,SIDESWIPE SAME DIRECTION,NOT DIVIDED,,STRAIGHT AND LEVEL,DRY,NO DEFECTS,NOT ON SCENE (DESK REPORT),NO INJURY / DRIVE AWAY,,,,"OVER $1,500",9/16/2019 17:30,UNABLE TO DETERMINE,NOT APPLICABLE,6314,N,CICERO AVE,1621,,,,,,,2,NO INDICATION OF INJURY,0,0,0,0,0,2,0,17,2,9,41.9961063,-87.74848766,POINT (-87.748487664145 41.996106294692)
JC436053,,9/16/2019 17:00,30,STOP SIGN/FLASHER,FUNCTIONING PROPERLY,CLEAR,DAYLIGHT,PARKED MOTOR VEHICLE,NOT DIVIDED,,STRAIGHT AND LEVEL,DRY,NO DEFECTS,ON SCENE,NO INJURY / DRIVE AWAY,,,,$500 OR LESS,9/16/2019 17:20,NOT APPLICABLE,NOT APPLICABLE,2598,W,48TH ST,922,,,,,,,2,,,,,,,,,17,2,9,41.8066928,-87.68921595,POINT (-87.689215953761 41.806692799077)
JC436105,,9/16/2019 16:59,30,UNKNOWN,UNKNOWN,CLEAR,DAYLIGHT,REAR END,NOT DIVIDED,,STRAIGHT AND LEVEL,DRY,NO DEFECTS,NOT ON SCENE (DESK REPORT),NO INJURY / DRIVE AWAY,,,,"OVER $1,500",9/16/2019 17:57,NOT APPLICABLE,NOT APPLICABLE,3201,W,59TH ST,822,,,,,,,2,NO INDICATION OF INJURY,0,0,0,0,0,3,0,16,2,9,41.78613782,-87.70340704,POINT (-87.703407041414 41.786137817634)
JC436069,,9/16/2019 16:47,30,NO CONTROLS,NO CONTROLS,CLEAR,DAYLIGHT,REAR END,NOT DIVIDED,,STRAIGHT AND LEVEL,DRY,NO DEFECTS,NOT ON SCENE (DESK REPORT),NO INJURY / DRIVE AWAY,Y,,Y,"$501 - $1,500",9/16/2019 17:40,FAILING TO YIELD RIGHT-OF-WAY,FAILING TO REDUCE SPEED TO AVOID CRASH,4230,W,ARMITAGE AVE,2522,,,,,,,2,NO INDICATION OF INJURY,0,0,0,0,0,4,0,16,2,9,41.91719617,-87.73273242,POINT (-87.732732417408 41.917196174102)
JC436143,,9/16/2019 16:46,30,TRAFFIC SIGNAL,FUNCTIONING PROPERLY,CLEAR,DAYLIGHT,REAR END,DIVIDED - W/MEDIAN (NOT RAISED),,STRAIGHT AND LEVEL,DRY,NO DEFECTS,NOT ON SCENE (DESK REPORT),NO INJURY / DRIVE AWAY,,,,"OVER $1,500",9/16/2019 18:20,NOT APPLICABLE,NOT APPLICABLE,2401,W,47TH ST,922,,,,,,,2,NO INDICATION OF INJURY,0,0,0,0,0,3,0,16,2,9,41.80832271,-87.68454779,POINT (-87.684547790301 41.808322708364)
JC438389,,9/16/2019 16:45,30,NO CONTROLS,FUNCTIONING PROPERLY,CLEAR,DAYLIGHT,SIDESWIPE SAME DIRECTION,NOT DIVIDED,,STRAIGHT AND LEVEL,DRY,NO DEFECTS,NOT ON SCENE (DESK REPORT),NO INJURY / DRIVE AWAY,,,Y,"OVER $1,500",9/18/2019 10:30,IMPROPER OVERTAKING/PASSING,IMPROPER LANE USAGE,5120,S,DAMEN AVE,932,,,,,,,2,NO INDICATION OF INJURY,0,0,0,0,0,2,0,16,2,9,41.80057615,-87.67463969,POINT (-87.674639692031 41.800576146972)
JC436140,,9/16/2019 16:45,40,TRAFFIC SIGNAL,FUNCTIONING PROPERLY,CLEAR,DAYLIGHT,REAR END,NOT DIVIDED,,STRAIGHT AND LEVEL,DRY,NO DEFECTS,NOT ON SCENE (DESK REPORT),NO INJURY / DRIVE AWAY,,,,$500 OR LESS,9/16/2019 18:15,FOLLOWING TOO CLOSELY,UNABLE TO DETERMINE,28,E,ROOSEVELT RD,123,,,,,,,2,NO INDICATION OF INJURY,0,0,0,0,0,2,0,16,2,9,41.86753929,-87.62612469,POINT (-87.626124689408 41.867539291087)
JC436054,,9/16/2019 16:45,30,NO CONTROLS,NO CONTROLS,CLEAR,DAYLIGHT,SIDESWIPE SAME DIRECTION,NOT DIVIDED,,STRAIGHT AND LEVEL,DRY,NO DEFECTS,NOT ON SCENE (DESK REPORT),NO INJURY / DRIVE AWAY,,,,"OVER $1,500",9/16/2019 17:30,FOLLOWING TOO CLOSELY,NOT APPLICABLE,4000,N,ELSTON AVE,1723,,,,,,,2,NO INDICATION OF INJURY,0,0,0,0,0,2,0,16,2,9,41.95368727,-87.71929788,POINT (-87.719297881515 41.953687265633)
JC436034,,9/16/2019 16:45,30,TRAFFIC SIGNAL,FUNCTIONING PROPERLY,CLEAR,DAYLIGHT,TURNING,NOT DIVIDED,,STRAIGHT AND LEVEL,DRY,NO DEFECTS,ON SCENE,NO INJURY / DRIVE AWAY,,,Y,$500 OR LESS,9/16/2019 16:46,FAILING TO YIELD RIGHT-OF-WAY,UNABLE TO DETERMINE,3601,W,IRVING PARK RD,1732,,,,,,,2,NO INDICATION OF INJURY,0,0,0,0,0,3,0,16,2,9,41.95367406,-87.71786819,POINT (-87.717868194062 41.953674057733)
JC435982,Y,9/16/2019 16:45,30,TRAFFIC SIGNAL,FUNCTIONING PROPERLY,CLEAR,DAYLIGHT,TURNING,FOUR WAY,,STRAIGHT AND LEVEL,DRY,NO DEFECTS,ON SCENE,INJURY AND / OR TOW DUE TO CRASH,Y,,,"OVER $1,500",9/16/2019 16:51,UNABLE TO DETERMINE,UNABLE TO DETERMINE,3200,W,OGDEN AVE,1022,,,,,,,2,NO INDICATION OF INJURY,0,0,0,0,0,4,0,16,2,9,41.85805326,-87.70555564,POINT (-87.705555636014 41.858053255297)
JC436098,,9/16/2019 16:40,30,STOP SIGN/FLASHER,FUNCTIONING PROPERLY,CLEAR,DAYLIGHT,REAR END,NOT DIVIDED,,STRAIGHT AND LEVEL,DRY,NO DEFECTS,NOT ON SCENE (DESK REPORT),NO INJURY / DRIVE AWAY,Y,,,"$501 - $1,500",9/16/2019 17:56,UNABLE TO DETERMINE,UNABLE TO DETERMINE,1501,N,LARRABEE ST,1821,,,,,,,2,NO INDICATION OF INJURY,0,0,0,0,0,2,0,16,2,9,41.90923855,-87.64323258,POINT (-87.643232583117 41.909238550598)
JC436063,,9/16/2019 16:40,30,TRAFFIC SIGNAL,UNKNOWN,CLEAR,DAYLIGHT,TURNING,NOT DIVIDED,,STRAIGHT AND LEVEL,DRY,UNKNOWN,NOT ON SCENE (DESK REPORT),NO INJURY / DRIVE AWAY,,,,"OVER $1,500",9/16/2019 17:40,UNABLE TO DETERMINE,UNABLE TO DETERMINE,9898,S,VINCENNES AVE,2213,,,,,,,2,NO INDICATION OF INJURY,0,0,0,0,0,3,0,16,2,9,41.71420171,-87.65342739,POINT (-87.653427389723 41.714201710623)
JC435963,,9/16/2019 16:37,30,NO CONTROLS,NO CONTROLS,CLEAR,DAYLIGHT,REAR END,DIVIDED - W/MEDIAN (NOT RAISED),,STRAIGHT AND LEVEL,DRY,NO DEFECTS,ON SCENE,INJURY AND / OR TOW DUE TO CRASH,,,,"OVER $1,500",9/16/2019 16:39,FOLLOWING TOO CLOSELY,NOT APPLICABLE,5658,N,ELSTON AVE,1623,,,,,,,2,NO INDICATION OF INJURY,0,0,0,0,0,2,0,16,2,9,41.98410664,-87.76682654,POINT (-87.766826537318 41.984106640454)
JC436080,,9/16/2019 16:32,30,NO CONTROLS,NO CONTROLS,CLEAR,DAYLIGHT,SIDESWIPE SAME DIRECTION,DIVIDED - W/MEDIAN (NOT RAISED),,STRAIGHT AND LEVEL,DRY,NO DEFECTS,ON SCENE,NO INJURY / DRIVE AWAY,,,,"$501 - $1,500",9/16/2019 17:39,DRIVING SKILLS/KNOWLEDGE/EXPERIENCE,NOT APPLICABLE,3365,W,DEVON AVE,1711,,,,,,,2,NO INDICATION OF INJURY,0,0,0,0,0,2,0,16,2,9,41.99720058,-87.71415806,POINT (-87.71415805636 41.997200579831)
JC435986,,9/16/2019 16:31,30,TRAFFIC SIGNAL,FUNCTIONING PROPERLY,CLEAR,DAYLIGHT,TURNING,DIVIDED - W/MEDIAN (NOT RAISED),,STRAIGHT AND LEVEL,DRY,NO DEFECTS,ON SCENE,NO INJURY / DRIVE AWAY,Y,,,"OVER $1,500",9/16/2019 17:20,IMPROPER OVERTAKING/PASSING,DRIVING SKILLS/KNOWLEDGE/EXPERIENCE,4400,W,DIVERSEY AVE,2523,,Y,,,,,2,NO INDICATION OF INJURY,0,0,0,0,0,4,0,16,2,9,41.93177005,-87.7368781,POINT (-87.736878102753 41.931770047674)
JC437535,,9/16/2019 16:30,30,TRAFFIC SIGNAL,FUNCTIONING PROPERLY,CLEAR,DAYLIGHT,REAR END,NOT DIVIDED,,STRAIGHT AND LEVEL,DRY,NO DEFECTS,NOT ON SCENE (DESK REPORT),NO INJURY / DRIVE AWAY,,,,"OVER $1,500",9/17/2019 18:07,UNABLE TO DETERMINE,NOT APPLICABLE,8500,S,PULASKI RD,834,,,,,,,2,NO INDICATION OF INJURY,0,0,0,0,0,3,0,16,2,9,41.7384684,-87.72170401,POINT (-87.721704009921 41.738468404342)
JC436944,,9/16/2019 16:30,30,NO CONTROLS,NO CONTROLS,CLEAR,DAYLIGHT,PARKED MOTOR VEHICLE,ONE-WAY,,STRAIGHT AND LEVEL,DRY,NO DEFECTS,NOT ON SCENE (DESK REPORT),NO INJURY / DRIVE AWAY,,,Y,"$501 - $1,500",9/17/2019 11:40,IMPROPER LANE USAGE,UNABLE TO DETERMINE,2705,S,SAWYER AVE,1032,,,,,,,2,NO INDICATION OF INJURY,0,0,0,0,0,1,0,16,2,9,41.8424764,-87.7060503,POINT (-87.706050300818 41.842476396538)
JC436130,,9/16/2019 16:30,30,TRAFFIC SIGNAL,FUNCTIONING PROPERLY,CLEAR,DAYLIGHT,REAR END,NOT DIVIDED,,STRAIGHT AND LEVEL,DRY,NO DEFECTS,NOT ON SCENE (DESK REPORT),NO INJURY / DRIVE AWAY,,,,"OVER $1,500",9/16/2019 18:00,FOLLOWING TOO CLOSELY,UNABLE TO DETERMINE,6656,S,COTTAGE GROVE AVE,321,,,,,,,2,NO INDICATION OF INJURY,0,0,0,0,0,3,0,16,2,9,41.77328619,-87.6059191,POINT (-87.60591910261 41.773286190051)
JC435938,,9/16/2019 16:26,30,NO CONTROLS,NO CONTROLS,CLEAR,DAYLIGHT,PARKED MOTOR VEHICLE,DIVIDED - W/MEDIAN (NOT RAISED),,STRAIGHT AND LEVEL,DRY,NO DEFECTS,ON SCENE,NO INJURY / DRIVE AWAY,,,,"OVER $1,500",9/16/2019 16:31,DISTRACTION - FROM INSIDE VEHICLE,NOT APPLICABLE,1043,W,WEBSTER AVE,1811,,,,,,,2,NO INDICATION OF INJURY,0,0,0,0,0,1,0,16,2,9,41.92160192,-87.65518056,POINT (-87.655180555437 41.921601921865)
JC435954,,9/16/2019 16:25,30,NO CONTROLS,NO CONTROLS,CLEAR,DAYLIGHT,ANGLE,NOT DIVIDED,,STRAIGHT AND LEVEL,DRY,NO DEFECTS,ON SCENE,INJURY AND / OR TOW DUE TO CRASH,,,,"OVER $1,500",9/16/2019 16:30,FAILING TO YIELD RIGHT-OF-WAY,NOT APPLICABLE,7141,W,ADDISON ST,1632,,,,,,,3,"REPORTED, NOT EVIDENT",1,0,0,0,1,1,0,16,2,9,41.94519111,-87.8049973,POINT (-87.804997302881 41.945191110997)
JC438929,,9/16/2019 16:24,30,NO CONTROLS,NO CONTROLS,CLEAR,DAYLIGHT,TURNING,DIVIDED - W/MEDIAN (NOT RAISED),,STRAIGHT AND LEVEL,DRY,NO DEFECTS,NOT ON SCENE (DESK REPORT),NO INJURY / DRIVE AWAY,,,Y,"OVER $1,500",9/18/2019 18:40,UNABLE TO DETERMINE,UNABLE TO DETERMINE,5214,N,PULASKI RD,1712,,,,,,,2,NO INDICATION OF INJURY,0,0,0,0,0,5,0,16,2,9,41.9760169,-87.72839502,POINT (-87.728395019024 41.976016898024)
JC436384,,9/16/2019 16:24,30,TRAFFIC SIGNAL,UNKNOWN,UNKNOWN,DAYLIGHT,REAR END,DIVIDED - W/MEDIAN (NOT RAISED),,STRAIGHT AND LEVEL,UNKNOWN,UNKNOWN,NOT ON SCENE (DESK REPORT),NO INJURY / DRIVE AWAY,,,,"$501 - $1,500",9/16/2019 21:40,FOLLOWING TOO CLOSELY,FOLLOWING TOO CLOSELY,3320,W,FULLERTON AVE,1413,,,,,,,2,NO INDICATION OF INJURY,0,0,0,0,0,2,0,16,2,9,41.92477742,-87.71169354,POINT (-87.71169353548 41.924777419322)
JC435958,,9/16/2019 16:18,30,TRAFFIC SIGNAL,FUNCTIONING PROPERLY,CLEAR,DAYLIGHT,REAR END,NOT DIVIDED,,STRAIGHT AND LEVEL,DRY,NO DEFECTS,NOT ON SCENE (DESK REPORT),NO INJURY / DRIVE AWAY,Y,,,"$501 - $1,500",9/16/2019 16:50,UNABLE TO DETERMINE,UNABLE TO DETERMINE,401,N,KINGSBURY ST,1831,,,,,,,2,NO INDICATION OF INJURY,0,0,0,0,0,2,0,16,2,9,41.88914316,-87.63795154,POINT (-87.637951538772 41.88914316318)
JC437489,,9/16/2019 16:15,35,NO CONTROLS,NO CONTROLS,CLEAR,DAYLIGHT,SIDESWIPE SAME DIRECTION,DIVIDED - W/MEDIAN BARRIER,,STRAIGHT AND LEVEL,DRY,NO DEFECTS,NOT ON SCENE (DESK REPORT),NO INJURY / DRIVE AWAY,,,,"OVER $1,500",9/17/2019 17:20,UNABLE TO DETERMINE,NOT APPLICABLE,3110,S,LAKE SHORE DR SB,211,,,,,,,2,NO INDICATION OF INJURY,0,0,0,0,0,2,0,16,2,9,41.83797612,-87.60859612,POINT (-87.608596119691 41.837976124064)
JC435952,,9/16/2019 16:15,35,NO CONTROLS,NO CONTROLS,CLEAR,DAYLIGHT,SIDESWIPE SAME DIRECTION,DIVIDED - W/MEDIAN (NOT RAISED),,STRAIGHT AND LEVEL,DRY,UNKNOWN,ON SCENE,NO INJURY / DRIVE AWAY,,,Y,"OVER $1,500",9/16/2019 16:29,IMPROPER LANE USAGE,NOT APPLICABLE,8100,S,WESTERN AVE,835,,,,,,,2,NO INDICATION OF INJURY,0,0,0,0,0,2,0,16,2,9,41.74640378,-87.68290721,POINT (-87.682907210593 41.746403775627)
JC435946,,9/16/2019 16:15,30,NO CONTROLS,UNKNOWN,CLEAR,DAYLIGHT,REAR END,CENTER TURN LANE,,STRAIGHT AND LEVEL,DRY,UNKNOWN,NOT ON SCENE (DESK REPORT),NO INJURY / DRIVE AWAY,,,,"OVER $1,500",9/16/2019 16:45,IMPROPER LANE USAGE,FOLLOWING TOO CLOSELY,3832,W,FOSTER AVE,1712,,,,,,,3,NO INDICATION OF INJURY,0,0,0,0,0,3,0,16,2,9,41.97568037,-87.72457459,POINT (-87.724574585064 41.975680372096)
JC435898,,9/16/2019 16:10,30,NO CONTROLS,NO CONTROLS,CLEAR,DAYLIGHT,PEDESTRIAN,NOT DIVIDED,,STRAIGHT AND LEVEL,DRY,NO DEFECTS,ON SCENE,INJURY AND / OR TOW DUE TO CRASH,,,,"OVER $1,500",9/16/2019 16:10,UNABLE TO DETERMINE,UNABLE TO DETERMINE,1850,W,21ST ST,1234,,,,,,,2,NONINCAPACITATING INJURY,1,0,0,1,0,1,0,16,2,9,41.85416053,-87.67301863,POINT (-87.673018632766 41.854160525754)