RD_NO,CRASH_DATE_EST_I,CRASH_DATE,POSTED_SPEED_LIMIT,TRAFFIC_CONTROL_DEVICE,DEVICE_CONDITION,WEATHER_CONDITION,LIGHTING_CONDITION,FIRST_CRASH_TYPE,TRAFFICWAY_TYPE,LANE_CNT,ALIGNMENT,ROADWAY_SURFACE_COND,ROAD_DEFECT,REPORT_TYPE,CRASH_TYPE,INTERSECTION_RELATED_I,NOT_RIGHT_OF_WAY_I,HIT_AND_RUN_I,DAMAGE,DATE_POLICE_NOTIFIED,PRIM_CONTRIBUTORY_CAUSE,SEC_CONTRIBUTORY_CAUSE,STREET_NO,STREET_DIRECTION,STREET_NAME,BEAT_OF_OCCURRENCE,PHOTOS_TAKEN_I,STATEMENTS_TAKEN_I,DOORING_I,WORK_ZONE_I,WORK_ZONE_TYPE,WORKERS_PRESENT_I,NUM_UNITS,MOST_SEVERE_INJURY,INJURIES_TOTAL,INJURIES_FATAL,INJURIES_INCAPACITATING,INJURIES_NON_INCAPACITATING,INJURIES_REPORTED_NOT_EVIDENT,INJURIES_NO_INDICATION,INJURIES_UNKNOWN,CRASH_HOUR,CRASH_DAY_OF_WEEK,CRASH_MONTH,LATITUDE,LONGITUDE,LOCATION
JC435966,,9/16/2019 16:05,15,NO CONTROLS,NO CONTROLS,CLEAR,DAYLIGHT,PARKED MOTOR VEHICLE,ALLEY,,STRAIGHT AND LEVEL,DRY,WORN SURFACE,ON SCENE,NO INJURY / DRIVE AWAY,,,,$500 OR LESS,9/16/2019 16:09,DRIVING SKILLS/KNOWLEDGE/EXPERIENCE,UNABLE TO DETERMINE,4413,W,MADISON ST,1113,,,,,,,2,NO INDICATION OF INJURY,0,0,0,0,0,1,0,16,2,9,41.88049421,-87.73605267,POINT (-87.736052667817 41.880494208336)
JC436188,,9/16/2019 16:03,30,TRAFFIC SIGNAL,FUNCTIONING PROPERLY,CLEAR,DAYLIGHT,REAR END,DIVIDED - W/MEDIAN (NOT RAISED),,STRAIGHT AND LEVEL,DRY,NO DEFECTS,NOT ON SCENE (DESK REPORT),NO INJURY / DRIVE AWAY,Y,,,"$501 - $1,500",9/16/2019 18:20,DISTRACTION - FROM INSIDE VEHICLE,UNABLE TO DETERMINE,9458,S,HALSTED ST,2223,,,,,,,2,NO INDICATION OF INJURY,0,0,0,0,0,10,0,16,2,9,41.72153443,-87.64336192,POINT (-87.643361917193 41.721534427876)
JC436824,Y,9/16/2019 16:00,30,NO CONTROLS,NO CONTROLS,UNKNOWN,UNKNOWN,PARKED MOTOR VEHICLE,ONE-WAY,,STRAIGHT AND LEVEL,DRY,NO DEFECTS,ON SCENE,NO INJURY / DRIVE AWAY,,,Y,"OVER $1,500",9/17/2019 9:56,UNABLE TO DETERMINE,NOT APPLICABLE,5114,S,CAMPBELL AVE,923,,,,,,,2,NO INDICATION OF INJURY,0,0,0,0,0,1,0,16,2,9,41.80062359,-87.68681355,POINT (-87.686813550572 41.800623593529)
JC437616,,9/16/2019 15:45,30,NO CONTROLS,NO CONTROLS,CLEAR,DAYLIGHT,REAR END,NOT DIVIDED,,STRAIGHT AND LEVEL,UNKNOWN,UNKNOWN,NOT ON SCENE (DESK REPORT),INJURY AND / OR TOW DUE TO CRASH,,,Y,"OVER $1,500",9/17/2019 19:00,FOLLOWING TOO CLOSELY,NOT APPLICABLE,4050,S,CALIFORNIA AVE,921,,,,,,,3,"REPORTED, NOT EVIDENT",1,0,0,0,1,2,0,15,2,9,41.82007038,-87.69471484,POINT (-87.694714835496 41.820070382509)
JC436292,,9/16/2019 15:45,30,NO CONTROLS,NO CONTROLS,CLEAR,DAYLIGHT,PEDALCYCLIST,NOT DIVIDED,,STRAIGHT AND LEVEL,UNKNOWN,UNKNOWN,,INJURY AND / OR TOW DUE TO CRASH,,,,$500 OR LESS,9/16/2019 19:47,DRIVING SKILLS/KNOWLEDGE/EXPERIENCE,DRIVING SKILLS/KNOWLEDGE/EXPERIENCE,850,W,LAWRENCE AVE,2024,,,,,,,2,NONINCAPACITATING INJURY,1,0,0,1,0,0,0,15,2,9,41.96923451,-87.65211983,POINT (-87.652119824734 41.969234507421)
JC435968,N,9/16/2019 15:45,35,NO CONTROLS,UNKNOWN,CLEAR,DAYLIGHT,REAR END,DIVIDED - W/MEDIAN (NOT RAISED),,STRAIGHT AND LEVEL,DRY,NO DEFECTS,ON SCENE,NO INJURY / DRIVE AWAY,,,,"OVER $1,500",9/16/2019 15:50,FAILING TO REDUCE SPEED TO AVOID CRASH,UNABLE TO DETERMINE,2115,N,LARAMIE AVE,2522,,,,,,,3,NO INDICATION OF INJURY,0,0,0,0,0,4,0,15,2,9,41.91913676,-87.75585855,POINT (-87.755858544572 41.919136756414)
JC436009,,9/16/2019 15:44,30,NO CONTROLS,NO CONTROLS,CLEAR,DAYLIGHT,SIDESWIPE OPPOSITE DIRECTION,NOT DIVIDED,,STRAIGHT AND LEVEL,DRY,NO DEFECTS,NOT ON SCENE (DESK REPORT),NO INJURY / DRIVE AWAY,,,Y,"OVER $1,500",9/16/2019 17:21,UNABLE TO DETERMINE,NOT APPLICABLE,5144,W,LAKE ST,1532,,,,,,,2,NO INDICATION OF INJURY,0,0,0,0,0,2,0,15,2,9,41.88726594,-87.75469554,POINT (-87.754695541566 41.887265941501)
JC435884,,9/16/2019 15:35,30,STOP SIGN/FLASHER,NO CONTROLS,CLEAR,DAYLIGHT,TURNING,NOT DIVIDED,,STRAIGHT AND LEVEL,DRY,NO DEFECTS,ON SCENE,NO INJURY / DRIVE AWAY,,,,"$501 - $1,500",9/16/2019 15:40,DRIVING SKILLS/KNOWLEDGE/EXPERIENCE,IMPROPER TURNING/NO SIGNAL,1057,W,GRAND AVE,1214,,,,,,,2,NO INDICATION OF INJURY,0,0,0,0,0,2,0,15,2,9,41.89099972,-87.65456904,POINT (-87.654569042421 41.890999723013)
JC435979,,9/16/2019 15:30,30,TRAFFIC SIGNAL,FUNCTIONING PROPERLY,CLEAR,DAYLIGHT,SIDESWIPE SAME DIRECTION,NOT DIVIDED,,STRAIGHT AND LEVEL,DRY,NO DEFECTS,NOT ON SCENE (DESK REPORT),NO INJURY / DRIVE AWAY,,,,"OVER $1,500",9/16/2019 17:00,UNABLE TO DETERMINE,NOT APPLICABLE,2400,W,47TH ST,922,,,,,,,2,NO INDICATION OF INJURY,0,0,0,0,0,2,0,15,2,9,41.80854224,-87.6845482,POINT (-87.684548201832 41.808542244315)
JC435942,Y,9/16/2019 15:30,25,NO CONTROLS,NO CONTROLS,CLEAR,DAYLIGHT,PARKED MOTOR VEHICLE,ONE-WAY,,STRAIGHT AND LEVEL,DRY,NO DEFECTS,ON SCENE,NO INJURY / DRIVE AWAY,,,Y,"OVER $1,500",9/16/2019 16:09,UNABLE TO DETERMINE,UNABLE TO DETERMINE,5244,W,MELROSE ST,1634,,,,,,,2,NO INDICATION OF INJURY,0,0,0,0,0,1,0,15,2,9,41.93969936,-87.75852081,POINT (-87.758520812888 41.939699355637)
JC435857,,9/16/2019 15:24,30,NO CONTROLS,NO CONTROLS,CLEAR,DAYLIGHT,REAR END,NOT DIVIDED,,STRAIGHT AND LEVEL,DRY,NO DEFECTS,NOT ON SCENE (DESK REPORT),NO INJURY / DRIVE AWAY,,,Y,"OVER $1,500",9/16/2019 15:24,FAILING TO REDUCE SPEED TO AVOID CRASH,FOLLOWING TOO CLOSELY,6014,S,DAMEN AVE,714,,,,,,,3,NO INDICATION OF INJURY,0,0,0,0,0,3,0,15,2,9,41.78431643,-87.67418444,POINT (-87.674184437638 41.784316425524)
JC435866,N,9/16/2019 15:21,30,TRAFFIC SIGNAL,FUNCTIONING PROPERLY,CLEAR,DAYLIGHT,TURNING,FOUR WAY,,STRAIGHT AND LEVEL,DRY,NO DEFECTS,ON SCENE,NO INJURY / DRIVE AWAY,N,,,$500 OR LESS,9/16/2019 15:39,FAILING TO YIELD RIGHT-OF-WAY,DRIVING SKILLS/KNOWLEDGE/EXPERIENCE,4658,S,WOOD ST,924,,,,,,,2,NO INDICATION OF INJURY,0,0,0,0,0,7,0,15,2,9,41.80864638,-87.66997646,POINT (-87.669976458357 41.808646375231)
JC436121,,9/16/2019 15:20,30,NO CONTROLS,NO CONTROLS,CLEAR,DAYLIGHT,REAR END,NOT DIVIDED,,STRAIGHT AND LEVEL,DRY,NO DEFECTS,NOT ON SCENE (DESK REPORT),NO INJURY / DRIVE AWAY,,,,"$501 - $1,500",9/16/2019 18:05,NOT APPLICABLE,NOT APPLICABLE,6500,S,CALIFORNIA AVE,831,,,,,,,2,NO INDICATION OF INJURY,0,0,0,0,0,2,0,15,2,9,41.77535595,-87.69344232,POINT (-87.693442322035 41.775355946163)
JC435875,,9/16/2019 15:20,30,NO CONTROLS,NO CONTROLS,CLEAR,DAYLIGHT,SIDESWIPE SAME DIRECTION,DIVIDED - W/MEDIAN (NOT RAISED),,STRAIGHT AND LEVEL,DRY,NO DEFECTS,NOT ON SCENE (DESK REPORT),NO INJURY / DRIVE AWAY,,,Y,"OVER $1,500",9/16/2019 16:00,IMPROPER OVERTAKING/PASSING,NOT APPLICABLE,8000,S,WESTERN AVE,835,,,,,,,2,NO INDICATION OF INJURY,0,0,0,0,0,2,0,15,2,9,41.74824265,-87.68295038,POINT (-87.682950380591 41.748242644771)
JC435863,,9/16/2019 15:20,15,NO CONTROLS,NO CONTROLS,CLEAR,DAYLIGHT,PARKED MOTOR VEHICLE,PARKING LOT,,STRAIGHT AND LEVEL,DRY,UNKNOWN,NOT ON SCENE (DESK REPORT),NO INJURY / DRIVE AWAY,,,,"$501 - $1,500",9/16/2019 15:50,IMPROPER BACKING,NOT APPLICABLE,7057,S,WENTWORTH AVE,731,,,,,,,2,NO INDICATION OF INJURY,0,0,0,0,0,2,0,15,2,9,41.765585,-87.62962878,POINT (-87.629628779863 41.765584995359)
JC435814,,9/16/2019 15:19,35,STOP SIGN/FLASHER,FUNCTIONING PROPERLY,CLEAR,DAYLIGHT,ANGLE,FOUR WAY,,STRAIGHT AND LEVEL,DRY,NO DEFECTS,ON SCENE,NO INJURY / DRIVE AWAY,,,,$500 OR LESS,9/16/2019 15:19,UNABLE TO DETERMINE,NOT APPLICABLE,3700,W,CHICAGO AVE,1112,,,,,,,2,NO INDICATION OF INJURY,0,0,0,0,0,2,0,15,2,9,41.89554602,-87.71881787,POINT (-87.718817866506 41.895546016786)
JC435883,,9/16/2019 15:17,30,TRAFFIC SIGNAL,FUNCTIONING PROPERLY,CLEAR,DAYLIGHT,PARKED MOTOR VEHICLE,DIVIDED - W/MEDIAN (NOT RAISED),,STRAIGHT AND LEVEL,DRY,NO DEFECTS,ON SCENE,NO INJURY / DRIVE AWAY,,,,"$501 - $1,500",9/16/2019 15:28,UNABLE TO DETERMINE,NOT APPLICABLE,8209,S,COTTAGE GROVE AVE,631,,,,,,,2,NO INDICATION OF INJURY,0,0,0,0,0,1,0,15,2,9,41.74548207,-87.6049284,POINT (-87.604928401369 41.74548207415)
JC435836,,9/16/2019 15:13,30,STOP SIGN/FLASHER,NO CONTROLS,CLEAR,DAYLIGHT,TURNING,NOT DIVIDED,,STRAIGHT AND LEVEL,DRY,NO DEFECTS,ON SCENE,NO INJURY / DRIVE AWAY,,,,"OVER $1,500",9/16/2019 15:20,FAILING TO YIELD RIGHT-OF-WAY,NOT APPLICABLE,5100,S,SAWYER AVE,822,,,,,,,2,NO INDICATION OF INJURY,0,0,0,0,0,2,0,15,2,9,41.80071164,-87.70513342,POINT (-87.705133421567 41.800711639272)
JC435813,,9/16/2019 15:05,30,TRAFFIC SIGNAL,FUNCTIONING PROPERLY,CLEAR,DAYLIGHT,PEDALCYCLIST,DIVIDED - W/MEDIAN (NOT RAISED),,STRAIGHT AND LEVEL,DRY,NO DEFECTS,ON SCENE,INJURY AND / OR TOW DUE TO CRASH,,,,"OVER $1,500",9/16/2019 15:10,UNABLE TO DETERMINE,NOT APPLICABLE,801,N,OGDEN AVE,1213,,,,,,,2,NONINCAPACITATING INJURY,1,0,0,1,0,1,0,15,2,9,41.89627258,-87.65444132,POINT (-87.654441323841 41.896272576583)
JC436175,,9/16/2019 15:00,35,NO CONTROLS,NO CONTROLS,CLEAR,DAYLIGHT,PARKED MOTOR VEHICLE,NOT DIVIDED,,STRAIGHT AND LEVEL,DRY,NO DEFECTS,ON SCENE,NO INJURY / DRIVE AWAY,,,Y,$500 OR LESS,9/16/2019 18:25,UNABLE TO DETERMINE,NOT APPLICABLE,1403,W,FLOURNOY ST,1231,,,,,,,2,NO INDICATION OF INJURY,0,0,0,0,0,1,0,15,2,9,41.87323902,-87.66195742,POINT (-87.661957418941 41.873239021742)
JC435993,,9/16/2019 15:00,30,NO CONTROLS,NO CONTROLS,CLEAR,DAYLIGHT,REAR END,NOT DIVIDED,,STRAIGHT AND LEVEL,DRY,NO DEFECTS,NOT ON SCENE (DESK REPORT),NO INJURY / DRIVE AWAY,,,Y,"$501 - $1,500",9/16/2019 18:23,UNABLE TO DETERMINE,UNABLE TO DETERMINE,9012,S,STONY ISLAND AVE,413,,,,,,,2,NO INDICATION OF INJURY,0,0,0,0,0,2,0,15,2,9,41.73101194,-87.58566858,POINT (-87.585668583159 41.731011936161)
JC435843,,9/16/2019 15:00,20,NO CONTROLS,NO CONTROLS,CLEAR,DAYLIGHT,PARKED MOTOR VEHICLE,NOT DIVIDED,,STRAIGHT AND LEVEL,DRY,NO DEFECTS,NOT ON SCENE (DESK REPORT),NO INJURY / DRIVE AWAY,,,,"$501 - $1,500",9/16/2019 15:40,UNABLE TO DETERMINE,NOT APPLICABLE,5900,W,BELMONT AVE,1633,,,,,,,2,NO INDICATION OF INJURY,0,0,0,0,0,1,0,15,2,9,41.93858857,-87.77384909,POINT (-87.773849092694 41.938588571573)
JC436145,,9/16/2019 14:58,30,NO CONTROLS,NO CONTROLS,CLEAR,DAYLIGHT,SIDESWIPE SAME DIRECTION,NOT DIVIDED,,STRAIGHT AND LEVEL,DRY,NO DEFECTS,NOT ON SCENE (DESK REPORT),NO INJURY / DRIVE AWAY,,,,$500 OR LESS,9/16/2019 18:21,NOT APPLICABLE,NOT APPLICABLE,6200,S,WESTERN AVE,825,,,,,,,2,NO INDICATION OF INJURY,0,0,0,0,0,2,0,14,2,9,41.7809601,-87.68383373,POINT (-87.683833726235 41.780960095909)
JC436044,,9/16/2019 14:50,30,NO CONTROLS,NO CONTROLS,CLEAR,DAYLIGHT,PARKED MOTOR VEHICLE,NOT DIVIDED,,STRAIGHT AND LEVEL,DRY,NO DEFECTS,NOT ON SCENE (DESK REPORT),NO INJURY / DRIVE AWAY,,,,"$501 - $1,500",9/16/2019 17:29,NOT APPLICABLE,NOT APPLICABLE,6411,S,HARLEM AVE,812,,,,,,,2,NO INDICATION OF INJURY,0,0,0,0,0,4,0,14,2,9,41.77516417,-87.80067112,POINT (-87.800671115814 41.775164165416)
JC436760,,9/16/2019 14:45,30,TRAFFIC SIGNAL,FUNCTIONING PROPERLY,CLEAR,DAYLIGHT,REAR END,DIVIDED - W/MEDIAN (NOT RAISED),,STRAIGHT AND LEVEL,DRY,NO DEFECTS,NOT ON SCENE (DESK REPORT),INJURY AND / OR TOW DUE TO CRASH,,,,"OVER $1,500",9/17/2019 9:15,UNABLE TO DETERMINE,NOT APPLICABLE,800,W,71ST ST,733,,,,,,,2,NONINCAPACITATING INJURY,1,0,0,1,0,1,0,14,2,9,41.76531136,-87.64447748,POINT (-87.644477477454 41.765311360618)
JC435782,,9/16/2019 14:45,30,TRAFFIC SIGNAL,FUNCTIONING PROPERLY,CLEAR,DAYLIGHT,REAR END,CENTER TURN LANE,,STRAIGHT AND LEVEL,DRY,NO DEFECTS,ON SCENE,NO INJURY / DRIVE AWAY,,,,"OVER $1,500",9/16/2019 15:00,FOLLOWING TOO CLOSELY,NOT APPLICABLE,11058,S,HALSTED ST,2233,,,,,,,2,NO INDICATION OF INJURY,0,0,0,0,0,2,0,14,2,9,41.69244519,-87.64252708,POINT (-87.642527076347 41.692445188459)
JC435777,,9/16/2019 14:40,30,NO CONTROLS,FUNCTIONING PROPERLY,CLEAR,DAYLIGHT,REAR END,NOT DIVIDED,,STRAIGHT AND LEVEL,DRY,NO DEFECTS,NOT ON SCENE (DESK REPORT),NO INJURY / DRIVE AWAY,,,,"$501 - $1,500",9/16/2019 15:11,UNABLE TO DETERMINE,NOT APPLICABLE,5198,W,FULLERTON AVE,2521,,,,,,,2,NO INDICATION OF INJURY,0,0,0,0,0,2,0,14,2,9,41.92421898,-87.7560263,POINT (-87.756026301859 41.924218977389)
JC438917,Y,9/16/2019 14:35,25,NO CONTROLS,NO CONTROLS,UNKNOWN,UNKNOWN,PARKED MOTOR VEHICLE,ONE-WAY,,STRAIGHT AND LEVEL,UNKNOWN,NO DEFECTS,NOT ON SCENE (DESK REPORT),NO INJURY / DRIVE AWAY,,,Y,"OVER $1,500",9/18/2019 18:25,UNABLE TO DETERMINE,NOT APPLICABLE,2101,N,ST LOUIS AVE,1413,,,,,,,2,NO INDICATION OF INJURY,0,0,0,0,0,1,0,14,2,9,41.91919828,-87.71341796,POINT (-87.713417959503 41.919198279214)
JC435743,,9/16/2019 14:31,30,TRAFFIC SIGNAL,FUNCTIONING PROPERLY,CLEAR,DAYLIGHT,PARKED MOTOR VEHICLE,DIVIDED - W/MEDIAN (NOT RAISED),,STRAIGHT AND LEVEL,DRY,NO DEFECTS,ON SCENE,NO INJURY / DRIVE AWAY,,,Y,"$501 - $1,500",9/16/2019 14:31,FAILING TO YIELD RIGHT-OF-WAY,IMPROPER OVERTAKING/PASSING,6250,S,DR MARTIN LUTHER KING JR DR,311,,,,,,,2,NO INDICATION OF INJURY,0,0,0,0,0,5,0,14,2,9,41.78055627,-87.61577749,POINT (-87.615777489346 41.780556273153)
JC436021,,9/16/2019 14:30,30,NO CONTROLS,NO CONTROLS,CLEAR,DAYLIGHT,REAR END,NOT DIVIDED,,STRAIGHT AND LEVEL,DRY,NO DEFECTS,NOT ON SCENE (DESK REPORT),NO INJURY / DRIVE AWAY,,,,"OVER $1,500",9/16/2019 17:22,UNABLE TO DETERMINE,NOT APPLICABLE,6001,S,KEDZIE AVE,823,,,,,,,2,NO INDICATION OF INJURY,0,0,0,0,0,3,0,14,2,9,41.78433868,-87.70314407,POINT (-87.703144064911 41.784338681498)
JC435854,,9/16/2019 14:30,30,NO CONTROLS,NO CONTROLS,CLEAR,DAYLIGHT,REAR END,NOT DIVIDED,,STRAIGHT AND LEVEL,DRY,NO DEFECTS,NOT ON SCENE (DESK REPORT),INJURY AND / OR TOW DUE TO CRASH,,,,"$501 - $1,500",9/16/2019 15:50,FOLLOWING TOO CLOSELY,NOT APPLICABLE,1158,N,MILWAUKEE AVE,1213,,,,,,,2,NO INDICATION OF INJURY,0,0,0,0,0,2,0,14,2,9,41.90266063,-87.66561648,POINT (-87.665616484031 41.90266062912)
JC435815,,9/16/2019 14:30,30,TRAFFIC SIGNAL,FUNCTIONING PROPERLY,CLEAR,DAYLIGHT,SIDESWIPE SAME DIRECTION,DIVIDED - W/MEDIAN (NOT RAISED),,STRAIGHT AND LEVEL,DRY,NO DEFECTS,ON SCENE,NO INJURY / DRIVE AWAY,,,,$500 OR LESS,9/16/2019 14:32,FAILING TO YIELD RIGHT-OF-WAY,NOT APPLICABLE,3900,S,ASHLAND AVE,924,,,,,,,2,NO INDICATION OF INJURY,0,0,0,0,0,2,0,14,2,9,41.82302766,-87.66574403,POINT (-87.665744031095 41.82302765704)
JC435761,,9/16/2019 14:30,30,TRAFFIC SIGNAL,FUNCTIONING PROPERLY,CLEAR,DAYLIGHT,REAR END,NOT DIVIDED,,STRAIGHT AND LEVEL,DRY,NO DEFECTS,ON SCENE,NO INJURY / DRIVE AWAY,,,Y,$500 OR LESS,9/16/2019 14:50,FOLLOWING TOO CLOSELY,IMPROPER OVERTAKING/PASSING,6000,N,CALIFORNIA AVE,2413,,,,,,,2,NO INDICATION OF INJURY,0,0,0,0,0,2,0,14,2,9,41.99052772,-87.69955208,POINT (-87.699552084052 41.990527717148)
JC435947,,9/16/2019 14:17,45,NO CONTROLS,NO CONTROLS,CLEAR,DAYLIGHT,SIDESWIPE SAME DIRECTION,DIVIDED - W/MEDIAN BARRIER,,STRAIGHT AND LEVEL,UNKNOWN,UNKNOWN,NOT ON SCENE (DESK REPORT),NO INJURY / DRIVE AWAY,,,,"$501 - $1,500",9/16/2019 16:35,IMPROPER OVERTAKING/PASSING,IMPROPER LANE USAGE,2000,N,LAKE SHORE DR NB,1814,,,,,,,2,NO INDICATION OF INJURY,0,0,0,0,0,2,0,14,2,9,41.91840424,-87.629024,POINT (-87.629024000619 41.918404243687)
JC435753,,9/16/2019 14:15,30,STOP SIGN/FLASHER,FUNCTIONING PROPERLY,CLEAR,DAYLIGHT,ANGLE,NOT DIVIDED,,STRAIGHT AND LEVEL,UNKNOWN,UNKNOWN,NOT ON SCENE (DESK REPORT),NO INJURY / DRIVE AWAY,Y,,,"$501 - $1,500",9/16/2019 14:32,FAILING TO YIELD RIGHT-OF-WAY,IMPROPER OVERTAKING/PASSING,2200,N,RACINE AVE,1811,,,,,,,2,NO INDICATION OF INJURY,0,0,0,0,0,2,0,14,2,9,41.92174967,-87.65848469,POINT (-87.658484693439 41.921749666462)
JC435833,,9/16/2019 14:14,30,UNKNOWN,UNKNOWN,CLEAR,DAYLIGHT,REAR END,NOT DIVIDED,,STRAIGHT AND LEVEL,DRY,NO DEFECTS,NOT ON SCENE (DESK REPORT),NO INJURY / DRIVE AWAY,,,Y,"$501 - $1,500",9/16/2019 15:45,FAILING TO REDUCE SPEED TO AVOID CRASH,NOT APPLICABLE,2610,W,DIVERSEY AVE,1411,,,,,,,2,NO INDICATION OF INJURY,0,0,0,0,0,2,0,14,2,9,41.93223648,-87.69319416,POINT (-87.693194155098 41.932236477654)
JC435732,,9/16/2019 14:10,30,NO CONTROLS,NO CONTROLS,CLEAR,DAYLIGHT,TURNING,NOT DIVIDED,,STRAIGHT AND LEVEL,DRY,NO DEFECTS,NOT ON SCENE (DESK REPORT),NO INJURY / DRIVE AWAY,Y,,,$500 OR LESS,9/16/2019 14:39,IMPROPER TURNING/NO SIGNAL,UNABLE TO DETERMINE,1307,W,18TH ST,1233,,,,,,,2,NO INDICATION OF INJURY,0,0,0,0,0,4,0,14,2,9,41.85779877,-87.65923239,POINT (-87.659232388657 41.857798774488)
JC435873,,9/16/2019 14:00,25,STOP SIGN/FLASHER,UNKNOWN,CLEAR,DAYLIGHT,REAR TO SIDE,NOT DIVIDED,,STRAIGHT AND LEVEL,DRY,UNKNOWN,NOT ON SCENE (DESK REPORT),INJURY AND / OR TOW DUE TO CRASH,Y,,,"OVER $1,500",9/16/2019 16:04,UNABLE TO DETERMINE,UNABLE TO DETERMINE,931,W,LAKE ST,1224,,,,,,,2,NO INDICATION OF INJURY,0,0,0,0,0,3,0,14,2,9,41.88549604,-87.6509137,POINT (-87.650913697593 41.88549604308)
JC435861,,9/16/2019 14:00,30,NO CONTROLS,NO CONTROLS,CLEAR,DAYLIGHT,REAR END,NOT DIVIDED,,STRAIGHT AND LEVEL,DRY,NO DEFECTS,NOT ON SCENE (DESK REPORT),NO INJURY / DRIVE AWAY,,,,"$501 - $1,500",9/16/2019 15:50,UNABLE TO DETERMINE,NOT APPLICABLE,147,E,35TH ST,212,,,,,,,2,NO INDICATION OF INJURY,0,0,0,0,0,2,0,14,2,9,41.83094844,-87.62183607,POINT (-87.621836070497 41.830948436676)
JC435826,,9/16/2019 14:00,15,NO CONTROLS,NO CONTROLS,CLEAR,DAYLIGHT,PARKED MOTOR VEHICLE,PARKING LOT,,STRAIGHT AND LEVEL,DRY,NO DEFECTS,NOT ON SCENE (DESK REPORT),NO INJURY / DRIVE AWAY,,,Y,"$501 - $1,500",9/16/2019 15:33,UNABLE TO DETERMINE,NOT APPLICABLE,4800,W,ROOSEVELT RD,1533,,,,,,,2,NO INDICATION OF INJURY,0,0,0,0,0,1,0,14,2,9,41.86600604,-87.74481738,POINT (-87.74481737621 41.866006039367)
JC435805,,9/16/2019 14:00,30,NO CONTROLS,NO CONTROLS,CLEAR,DAYLIGHT,REAR END,NOT DIVIDED,,STRAIGHT AND LEVEL,DRY,NO DEFECTS,NOT ON SCENE (DESK REPORT),NO INJURY / DRIVE AWAY,,,,"$501 - $1,500",9/16/2019 15:25,FOLLOWING TOO CLOSELY,NOT APPLICABLE,2246,S,WESTERN AVE,1034,,,,,,,2,NO INDICATION OF INJURY,0,0,0,0,0,5,0,14,2,9,41.85063233,-87.68574987,POINT (-87.685749867553 41.850632331633)
JC435772,,9/16/2019 14:00,30,TRAFFIC SIGNAL,OTHER,CLEAR,DAYLIGHT,SIDESWIPE SAME DIRECTION,DIVIDED - W/MEDIAN BARRIER,,"CURVE, LEVEL",DRY,NO DEFECTS,NOT ON SCENE (DESK REPORT),NO INJURY / DRIVE AWAY,Y,,Y,"$501 - $1,500",9/16/2019 14:55,DISREGARDING ROAD MARKINGS,CELL PHONE USE OTHER THAN TEXTING,6401,N,SHERIDAN RD,2432,,,,,,,2,NO INDICATION OF INJURY,0,0,0,0,0,2,0,14,2,9,41.99830881,-87.65969638,POINT (-87.659696383256 41.99830880639)
JC435767,,9/16/2019 14:00,30,NO CONTROLS,NO CONTROLS,CLEAR,DAYLIGHT,TURNING,DIVIDED - W/MEDIAN (NOT RAISED),,STRAIGHT AND LEVEL,DRY,NO DEFECTS,ON SCENE,NO INJURY / DRIVE AWAY,,,,$500 OR LESS,9/16/2019 14:40,FAILING TO YIELD RIGHT-OF-WAY,NOT APPLICABLE,4720,S,KEDZIE AVE,821,,,,,,,2,NO INDICATION OF INJURY,0,0,0,0,0,5,0,14,2,9,41.80749417,-87.70410581,POINT (-87.704105810431 41.807494171371)
JC435749,,9/16/2019 14:00,20,NO CONTROLS,NO CONTROLS,CLEAR,DAYLIGHT,REAR END,PARKING LOT,,STRAIGHT AND LEVEL,DRY,NO DEFECTS,NOT ON SCENE (DESK REPORT),NO INJURY / DRIVE AWAY,,Y,,"$501 - $1,500",9/16/2019 14:44,NOT APPLICABLE,NOT APPLICABLE,5320,S,PULASKI RD,815,,,,,,,2,NO INDICATION OF INJURY,0,0,0,0,0,2,0,14,2,9,41.79619759,-87.72339188,POINT (-87.723391883445 41.796197591416)
JC435744,,9/16/2019 14:00,25,NO CONTROLS,NO CONTROLS,CLEAR,DAYLIGHT,REAR TO FRONT,ONE-WAY,,STRAIGHT AND LEVEL,DRY,NO DEFECTS,NOT ON SCENE (DESK REPORT),NO INJURY / DRIVE AWAY,,,,"OVER $1,500",9/16/2019 14:45,UNABLE TO DETERMINE,UNABLE TO DETERMINE,6503,N,RICHMOND ST,2412,,,,,,,2,NO INDICATION OF INJURY,0,0,0,0,0,4,0,14,2,9,41.99946965,-87.7032167,POINT (-87.703216694775 41.99946965386)
JC435696,,9/16/2019 14:00,30,TRAFFIC SIGNAL,FUNCTIONING PROPERLY,CLEAR,DAYLIGHT,REAR END,DIVIDED - W/MEDIAN (NOT RAISED),,STRAIGHT AND LEVEL,DRY,NO DEFECTS,ON SCENE,INJURY AND / OR TOW DUE TO CRASH,,,,"OVER $1,500",9/16/2019 14:00,FOLLOWING TOO CLOSELY,NOT APPLICABLE,1400,W,CERMAK RD,1235,,,,,,,2,NO INDICATION OF INJURY,0,0,0,0,0,3,0,14,2,9,41.85252617,-87.66129007,POINT (-87.661290064695 41.852526165608)
JC435677,,9/16/2019 13:35,30,TRAFFIC SIGNAL,FUNCTIONING PROPERLY,CLEAR,DAYLIGHT,REAR END,NOT DIVIDED,,STRAIGHT AND LEVEL,DRY,UNKNOWN,NOT ON SCENE (DESK REPORT),NO INJURY / DRIVE AWAY,Y,,,"OVER $1,500",9/16/2019 14:03,UNABLE TO DETERMINE,UNABLE TO DETERMINE,3900,S,WESTERN AVE,921,,,,,,,2,NO INDICATION OF INJURY,0,0,0,0,0,2,0,13,2,9,41.82295429,-87.68501299,POINT (-87.685012986006 41.822954294114)