RD_NO,CRASH_DATE_EST_I,CRASH_DATE,POSTED_SPEED_LIMIT,TRAFFIC_CONTROL_DEVICE,DEVICE_CONDITION,WEATHER_CONDITION,LIGHTING_CONDITION,FIRST_CRASH_TYPE,TRAFFICWAY_TYPE,LANE_CNT,ALIGNMENT,ROADWAY_SURFACE_COND,ROAD_DEFECT,REPORT_TYPE,CRASH_TYPE,INTERSECTION_RELATED_I,NOT_RIGHT_OF_WAY_I,HIT_AND_RUN_I,DAMAGE,DATE_POLICE_NOTIFIED,PRIM_CONTRIBUTORY_CAUSE,SEC_CONTRIBUTORY_CAUSE,STREET_NO,STREET_DIRECTION,STREET_NAME,BEAT_OF_OCCURRENCE,PHOTOS_TAKEN_I,STATEMENTS_TAKEN_I,DOORING_I,WORK_ZONE_I,WORK_ZONE_TYPE,WORKERS_PRESENT_I,NUM_UNITS,MOST_SEVERE_INJURY,INJURIES_TOTAL,INJURIES_FATAL,INJURIES_INCAPACITATING,INJURIES_NON_INCAPACITATING,INJURIES_REPORTED_NOT_EVIDENT,INJURIES_NO_INDICATION,INJURIES_UNKNOWN,CRASH_HOUR,CRASH_DAY_OF_WEEK,CRASH_MONTH,LATITUDE,LONGITUDE,LOCATION
JC435645,,9/16/2019 13:32,30,NO CONTROLS,NO CONTROLS,CLEAR,DAYLIGHT,FIXED OBJECT,NOT DIVIDED,,STRAIGHT AND LEVEL,DRY,NO DEFECTS,ON SCENE,INJURY AND / OR TOW DUE TO CRASH,,,,"OVER $1,500",9/16/2019 13:32,DISTRACTION - FROM OUTSIDE VEHICLE,DRIVING SKILLS/KNOWLEDGE/EXPERIENCE,3549,W,MADISON ST,1123,,,,,,,1,NO INDICATION OF INJURY,0,0,0,0,0,2,0,13,2,9,41.88075055,-87.71542559,POINT (-87.715425588979 41.880750546453)
JC436724,,9/16/2019 13:30,30,NO CONTROLS,NO CONTROLS,CLEAR,DAYLIGHT,SIDESWIPE SAME DIRECTION,DIVIDED - W/MEDIAN (NOT RAISED),,STRAIGHT AND LEVEL,DRY,NO DEFECTS,NOT ON SCENE (DESK REPORT),NO INJURY / DRIVE AWAY,,,,"OVER $1,500",9/17/2019 8:35,DRIVING SKILLS/KNOWLEDGE/EXPERIENCE,UNABLE TO DETERMINE,4526,W,55TH ST,815,,,,,,,2,NO INDICATION OF INJURY,0,0,0,0,0,2,0,13,2,9,41.79319555,-87.73658039,POINT (-87.736580389437 41.793195552216)
JC435754,,9/16/2019 13:30,10,NO CONTROLS,NO CONTROLS,CLEAR,DAYLIGHT,TURNING,PARKING LOT,,STRAIGHT AND LEVEL,DRY,NO DEFECTS,NOT ON SCENE (DESK REPORT),NO INJURY / DRIVE AWAY,,,,"OVER $1,500",9/16/2019 13:55,FAILING TO YIELD RIGHT-OF-WAY,NOT APPLICABLE,7100,S,WESTERN AVE,832,,,,,,,2,NO INDICATION OF INJURY,0,0,0,0,0,3,0,13,2,9,41.76460891,-87.68338705,POINT (-87.683387053281 41.764608912236)
JC435700,,9/16/2019 13:30,10,NO CONTROLS,NO CONTROLS,CLEAR,DAYLIGHT,PARKED MOTOR VEHICLE,OTHER,,STRAIGHT AND LEVEL,DRY,NO DEFECTS,ON SCENE,NO INJURY / DRIVE AWAY,,,,$500 OR LESS,9/16/2019 13:45,IMPROPER BACKING,IMPROPER BACKING,5230,N,PAULINA ST,2012,,,,Y,CONSTRUCTION,,2,NO INDICATION OF INJURY,0,0,0,0,0,1,0,13,2,9,41.97699989,-87.67224512,POINT (-87.67224511836 41.976999885778)
JC435681,,9/16/2019 13:20,30,NO CONTROLS,NO CONTROLS,CLEAR,DAYLIGHT,REAR TO FRONT,DIVIDED - W/MEDIAN (NOT RAISED),,STRAIGHT AND LEVEL,DRY,NO DEFECTS,ON SCENE,INJURY AND / OR TOW DUE TO CRASH,,,Y,"$501 - $1,500",9/16/2019 13:25,IMPROPER BACKING,NOT APPLICABLE,425,E,63RD ST,312,,,,,,,2,"REPORTED, NOT EVIDENT",2,0,0,0,2,1,0,13,2,9,41.78014826,-87.61455214,POINT (-87.614552135332 41.780148264311)
JC435694,,9/16/2019 13:05,30,NO CONTROLS,NO CONTROLS,CLEAR,DAYLIGHT,PARKED MOTOR VEHICLE,NOT DIVIDED,,STRAIGHT AND LEVEL,DRY,OTHER,NOT ON SCENE (DESK REPORT),NO INJURY / DRIVE AWAY,,,Y,"OVER $1,500",9/16/2019 14:15,UNABLE TO DETERMINE,NOT APPLICABLE,4505,N,NARRAGANSETT AVE,1622,,,,,,,2,NO INDICATION OF INJURY,0,0,0,0,0,1,0,13,2,9,41.96221478,-87.78672474,POINT (-87.786724743468 41.96221477968)
JC435634,,9/16/2019 13:05,30,STOP SIGN/FLASHER,FUNCTIONING PROPERLY,CLEAR,DAYLIGHT,ANGLE,FOUR WAY,,STRAIGHT AND LEVEL,DRY,NO DEFECTS,ON SCENE,INJURY AND / OR TOW DUE TO CRASH,Y,,,"OVER $1,500",9/16/2019 13:06,FAILING TO YIELD RIGHT-OF-WAY,UNABLE TO DETERMINE,6068,W,HIGGINS AVE,1622,,,,,,,2,NONINCAPACITATING INJURY,2,0,0,2,0,0,0,13,2,9,41.97402789,-87.78052046,POINT (-87.78052045817 41.974027887275)
JC435956,Y,9/16/2019 13:00,30,NO CONTROLS,NO CONTROLS,CLEAR,DAYLIGHT,PARKED MOTOR VEHICLE,ONE-WAY,,STRAIGHT AND LEVEL,DRY,NO DEFECTS,NOT ON SCENE (DESK REPORT),NO INJURY / DRIVE AWAY,,,Y,"$501 - $1,500",9/16/2019 16:45,UNABLE TO DETERMINE,NOT APPLICABLE,3441,W,BALMORAL AVE,1712,,,,,,,2,NO INDICATION OF INJURY,0,0,0,0,0,1,0,13,2,9,41.97922946,-87.71529919,POINT (-87.715299194187 41.979229463901)
JC435776,,9/16/2019 13:00,30,TRAFFIC SIGNAL,FUNCTIONING PROPERLY,CLEAR,DAYLIGHT,PEDALCYCLIST,NOT DIVIDED,,STRAIGHT AND LEVEL,DRY,NO DEFECTS,,INJURY AND / OR TOW DUE TO CRASH,Y,,Y,"$501 - $1,500",9/16/2019 16:04,UNABLE TO DETERMINE,UNABLE TO DETERMINE,1440,W,NORTH AVE,1433,,,,,,,2,NONINCAPACITATING INJURY,1,0,0,1,0,1,0,13,2,9,41.9107844,-87.66447741,POINT (-87.664477413565 41.910784398778)
JC435668,,9/16/2019 13:00,30,TRAFFIC SIGNAL,FUNCTIONING PROPERLY,CLEAR,"DARKNESS, LIGHTED ROAD",ANGLE,FOUR WAY,,STRAIGHT AND LEVEL,DRY,NO DEFECTS,ON SCENE,INJURY AND / OR TOW DUE TO CRASH,Y,,,"OVER $1,500",9/16/2019 13:25,DISREGARDING TRAFFIC SIGNALS,DRIVING SKILLS/KNOWLEDGE/EXPERIENCE,340,E,WACKER DR,114,,,,,,,2,NO INDICATION OF INJURY,0,0,0,0,0,2,0,13,2,9,41.88792122,-87.61881394,POINT (-87.618813941003 41.887921218565)
JC435653,,9/16/2019 13:00,30,STOP SIGN/FLASHER,OTHER,CLEAR,DAYLIGHT,ANGLE,NOT DIVIDED,,STRAIGHT AND LEVEL,DRY,NO DEFECTS,NOT ON SCENE (DESK REPORT),NO INJURY / DRIVE AWAY,,,,"$501 - $1,500",9/16/2019 13:45,FAILING TO YIELD RIGHT-OF-WAY,NOT APPLICABLE,400,S,GREEN ST,1232,,,,,,,2,NO INDICATION OF INJURY,0,0,0,0,0,4,0,13,2,9,41.87662069,-87.64851386,POINT (-87.648513856602 41.876620690071)
JC435638,,9/16/2019 13:00,30,NO CONTROLS,NO CONTROLS,CLEAR,DAYLIGHT,PARKED MOTOR VEHICLE,DIVIDED - W/MEDIAN (NOT RAISED),,STRAIGHT AND LEVEL,DRY,NO DEFECTS,ON SCENE,INJURY AND / OR TOW DUE TO CRASH,,,,"OVER $1,500",9/16/2019 13:03,"VISION OBSCURED (SIGNS, TREE LIMBS, BUILDINGS, ETC.)",NOT APPLICABLE,2543,S,CALIFORNIA AVE,1034,,,,,,,2,"REPORTED, NOT EVIDENT",1,0,0,0,1,1,0,13,2,9,,,
JC435684,,9/16/2019 12:55,30,NO CONTROLS,NO CONTROLS,CLEAR,DAYLIGHT,PARKED MOTOR VEHICLE,ONE-WAY,,STRAIGHT AND LEVEL,DRY,NO DEFECTS,ON SCENE,NO INJURY / DRIVE AWAY,,,Y,"$501 - $1,500",9/16/2019 14:00,UNABLE TO DETERMINE,UNABLE TO DETERMINE,3640,W,IOWA ST,1112,,,,,,,2,NO INDICATION OF INJURY,0,0,0,0,0,1,0,12,2,9,41.89737897,-87.71793088,POINT (-87.71793087668 41.897378965865)
JC435671,,9/16/2019 12:50,30,STOP SIGN/FLASHER,UNKNOWN,CLEAR,DAYLIGHT,ANGLE,ONE-WAY,,STRAIGHT AND LEVEL,DRY,NO DEFECTS,NOT ON SCENE (DESK REPORT),NO INJURY / DRIVE AWAY,Y,,,"OVER $1,500",9/16/2019 14:15,DISREGARDING STOP SIGN,FAILING TO YIELD RIGHT-OF-WAY,4600,S,INDIANA AVE,215,,,,,,,2,NO INDICATION OF INJURY,0,0,0,0,0,3,0,12,2,9,41.81103208,-87.62140462,POINT (-87.62140462327 41.811032083875)
JC435652,,9/16/2019 12:50,30,NO CONTROLS,NO CONTROLS,CLOUDY/OVERCAST,DAYLIGHT,SIDESWIPE SAME DIRECTION,OTHER,,STRAIGHT AND LEVEL,DRY,NO DEFECTS,NOT ON SCENE (DESK REPORT),NO INJURY / DRIVE AWAY,,,,"OVER $1,500",9/16/2019 13:45,NOT APPLICABLE,NOT APPLICABLE,1651,N,WESTERN AVE,1434,,,,,,,2,NO INDICATION OF INJURY,0,0,0,0,0,2,0,12,2,9,41.91172837,-87.68711088,POINT (-87.687110881845 41.911728368102)
JC435622,,9/16/2019 12:50,30,NO CONTROLS,NO CONTROLS,CLEAR,DAYLIGHT,SIDESWIPE SAME DIRECTION,NOT DIVIDED,,STRAIGHT AND LEVEL,DRY,NO DEFECTS,ON SCENE,NO INJURY / DRIVE AWAY,,,,"OVER $1,500",9/16/2019 13:01,DRIVING SKILLS/KNOWLEDGE/EXPERIENCE,NOT APPLICABLE,745,W,IRVING PARK RD,1925,,,,,,,2,NO INDICATION OF INJURY,0,0,0,0,0,2,0,12,2,9,41.95445602,-87.64947538,POINT (-87.649475381142 41.95445602261)
JC439581,,9/16/2019 12:45,30,NO CONTROLS,NO CONTROLS,CLEAR,DAYLIGHT,REAR END,NOT DIVIDED,,STRAIGHT AND LEVEL,DRY,NO DEFECTS,NOT ON SCENE (DESK REPORT),INJURY AND / OR TOW DUE TO CRASH,,,,"OVER $1,500",9/19/2019 10:25,UNABLE TO DETERMINE,UNABLE TO DETERMINE,2150,W,43RD ST,924,,,,,,,2,NO INDICATION OF INJURY,0,0,0,0,0,2,0,12,2,9,41.81586296,-87.67859971,POINT (-87.67859971435 41.815862960136)
JC436049,,9/16/2019 12:40,30,TRAFFIC SIGNAL,FUNCTIONING PROPERLY,CLEAR,DAYLIGHT,PEDALCYCLIST,DIVIDED - W/MEDIAN (NOT RAISED),,STRAIGHT AND LEVEL,DRY,NO DEFECTS,NOT ON SCENE (DESK REPORT),NO INJURY / DRIVE AWAY,,,Y,$500 OR LESS,9/16/2019 17:30,FAILING TO YIELD RIGHT-OF-WAY,NOT APPLICABLE,161,N,CANAL ST,121,,,,,,,2,NO INDICATION OF INJURY,0,0,0,0,0,2,0,12,2,9,41.8849565,-87.63966308,POINT (-87.63966307819 41.884956497292)
JC435587,,9/16/2019 12:35,20,NO CONTROLS,NO CONTROLS,CLEAR,DAYLIGHT,REAR TO SIDE,PARKING LOT,,STRAIGHT AND LEVEL,DRY,UNKNOWN,ON SCENE,NO INJURY / DRIVE AWAY,,Y,Y,"$501 - $1,500",9/16/2019 12:38,UNABLE TO DETERMINE,UNABLE TO DETERMINE,6430,S,CICERO AVE,813,,,,,,,2,NO INDICATION OF INJURY,0,0,0,0,0,2,0,12,2,9,41.77566337,-87.74232781,POINT (-87.742327811139 41.775663367554)
JC437444,,9/16/2019 12:30,25,TRAFFIC SIGNAL,NO CONTROLS,CLEAR,DAYLIGHT,TURNING,DIVIDED - W/MEDIAN BARRIER,,STRAIGHT AND LEVEL,DRY,NO DEFECTS,ON SCENE,NO INJURY / DRIVE AWAY,Y,,,"$501 - $1,500",9/17/2019 18:04,IMPROPER OVERTAKING/PASSING,NOT APPLICABLE,1,E,75TH ST,623,,,,,,,2,NO INDICATION OF INJURY,0,0,0,0,0,2,0,12,2,9,41.75807411,-87.62467166,POINT (-87.624671658352 41.758074110978)
JC435632,N,9/16/2019 12:30,30,TRAFFIC SIGNAL,FUNCTIONING PROPERLY,CLOUDY/OVERCAST,DAYLIGHT,SIDESWIPE SAME DIRECTION,NOT DIVIDED,,STRAIGHT AND LEVEL,DRY,NO DEFECTS,ON SCENE,NO INJURY / DRIVE AWAY,,,Y,"OVER $1,500",9/16/2019 12:48,IMPROPER OVERTAKING/PASSING,NOT APPLICABLE,1500,W,DIVERSEY PKWY,1932,,,,,,,2,NO INDICATION OF INJURY,0,0,0,0,0,2,0,12,2,9,41.93255021,-87.66604833,POINT (-87.666048330014 41.932550210671)
JC435615,,9/16/2019 12:30,35,NO CONTROLS,NO CONTROLS,CLEAR,DAYLIGHT,REAR END,NOT DIVIDED,,STRAIGHT AND LEVEL,DRY,UNKNOWN,NOT ON SCENE (DESK REPORT),NO INJURY / DRIVE AWAY,,,,"$501 - $1,500",9/16/2019 13:15,UNABLE TO DETERMINE,NOT APPLICABLE,4800,S,PULASKI RD,815,,,,,,,2,NO INDICATION OF INJURY,0,0,0,0,0,2,0,12,2,9,41.80594524,-87.72367308,POINT (-87.723673079103 41.80594523873)
JC435574,,9/16/2019 12:25,30,NO CONTROLS,NO CONTROLS,CLEAR,DAYLIGHT,OTHER NONCOLLISION,ONE-WAY,,STRAIGHT AND LEVEL,DRY,NO DEFECTS,ON SCENE,NO INJURY / DRIVE AWAY,,,,"$501 - $1,500",9/16/2019 12:35,EQUIPMENT - VEHICLE CONDITION,DRIVING SKILLS/KNOWLEDGE/EXPERIENCE,751,S,CLINTON ST,124,,,,,,,1,NO INDICATION OF INJURY,0,0,0,0,0,1,0,12,2,9,41.87205168,-87.64073107,POINT (-87.640731073913 41.872051677799)
JC435687,,9/16/2019 12:20,30,NO CONTROLS,NO CONTROLS,CLEAR,DAYLIGHT,SIDESWIPE SAME DIRECTION,ONE-WAY,,STRAIGHT AND LEVEL,DRY,NO DEFECTS,NOT ON SCENE (DESK REPORT),NO INJURY / DRIVE AWAY,,,,$500 OR LESS,9/16/2019 14:30,NOT APPLICABLE,NOT APPLICABLE,100,N,STATE ST,111,,,,,,,2,NO INDICATION OF INJURY,0,0,0,0,0,2,0,12,2,9,41.88324838,-87.62801718,POINT (-87.628017180253 41.883248379666)
JC435619,,9/16/2019 12:20,30,STOP SIGN/FLASHER,FUNCTIONING PROPERLY,CLEAR,DAYLIGHT,SIDESWIPE SAME DIRECTION,NOT DIVIDED,,STRAIGHT AND LEVEL,DRY,NO DEFECTS,NOT ON SCENE (DESK REPORT),NO INJURY / DRIVE AWAY,Y,,Y,$500 OR LESS,9/16/2019 13:10,UNABLE TO DETERMINE,NOT APPLICABLE,953,W,LAKE ST,1224,,,,,,,2,NO INDICATION OF INJURY,0,0,0,0,0,2,0,12,2,9,41.88547976,-87.65183629,POINT (-87.651836290212 41.885479759045)
JC425568,,9/16/2019 12:20,30,NO CONTROLS,NO CONTROLS,CLEAR,DAYLIGHT,ANGLE,ALLEY,,STRAIGHT AND LEVEL,DRY,NO DEFECTS,NOT ON SCENE (DESK REPORT),NO INJURY / DRIVE AWAY,,,Y,"OVER $1,500",9/16/2019 12:30,FAILING TO YIELD RIGHT-OF-WAY,NOT APPLICABLE,1610,N,ST LOUIS AVE,1422,,,,,,,2,NO INDICATION OF INJURY,0,0,0,0,0,2,0,12,2,9,41.91040619,-87.71346317,POINT (-87.713463166972 41.910406188832)
JC465571,,9/16/2019 12:15,30,NO CONTROLS,NO CONTROLS,CLEAR,DAYLIGHT,SIDESWIPE OPPOSITE DIRECTION,DIVIDED - W/MEDIAN (NOT RAISED),,STRAIGHT AND LEVEL,DRY,NO DEFECTS,ON SCENE,NO INJURY / DRIVE AWAY,,,,"OVER $1,500",9/16/2019 12:19,UNABLE TO DETERMINE,NOT APPLICABLE,2809,N,MILWAUKEE AVE,1412,,,,,,,3,NO INDICATION OF INJURY,0,0,0,0,0,2,0,12,2,9,,,
JC435680,,9/16/2019 12:15,30,TRAFFIC SIGNAL,FUNCTIONING PROPERLY,CLEAR,DAYLIGHT,PARKED MOTOR VEHICLE,NOT DIVIDED,,STRAIGHT AND LEVEL,DRY,NO DEFECTS,NOT ON SCENE (DESK REPORT),NO INJURY / DRIVE AWAY,,,,"OVER $1,500",9/16/2019 14:12,UNABLE TO DETERMINE,NOT APPLICABLE,6200,S,ARCHER AVE,811,,,,,,,2,NO INDICATION OF INJURY,0,0,0,0,0,1,0,12,2,9,41.79394205,-87.77463322,POINT (-87.774633214946 41.793942048308)
JC435564,N,9/16/2019 12:12,30,NO CONTROLS,NO CONTROLS,UNKNOWN,UNKNOWN,PARKED MOTOR VEHICLE,ONE-WAY,,STRAIGHT AND LEVEL,UNKNOWN,NO DEFECTS,ON SCENE,INJURY AND / OR TOW DUE TO CRASH,,,Y,"OVER $1,500",9/16/2019 12:22,UNABLE TO DETERMINE,NOT APPLICABLE,6418,S,PEORIA ST,723,,,,,,,2,NO INDICATION OF INJURY,0,0,0,0,0,1,0,12,2,9,41.77729299,-87.64729779,POINT (-87.647297793832 41.777292988721)
JC435559,,9/16/2019 12:05,35,TRAFFIC SIGNAL,FUNCTIONING PROPERLY,CLOUDY/OVERCAST,DAYLIGHT,ANGLE,FOUR WAY,,STRAIGHT ON GRADE,DRY,NO DEFECTS,ON SCENE,NO INJURY / DRIVE AWAY,Y,,,"OVER $1,500",9/16/2019 12:10,FAILING TO YIELD RIGHT-OF-WAY,NOT APPLICABLE,10000,W,OHARE ST,1651,,,,,,,2,NO INDICATION OF INJURY,0,0,0,0,0,2,0,12,2,9,41.97620114,-87.90530913,POINT (-87.905309125103 41.976201139024)
JC438997,,9/16/2019 12:00,20,NO CONTROLS,NO CONTROLS,CLEAR,DAYLIGHT,REAR END,ONE-WAY,,STRAIGHT AND LEVEL,DRY,NO DEFECTS,NOT ON SCENE (DESK REPORT),NO INJURY / DRIVE AWAY,,,,$500 OR LESS,9/18/2019 19:35,UNABLE TO DETERMINE,NOT APPLICABLE,10000,W,OHARE ST,1651,,,,,,,2,NO INDICATION OF INJURY,0,0,0,0,0,2,0,12,2,9,41.97620114,-87.90530913,POINT (-87.905309125103 41.976201139024)
JC436100,,9/16/2019 12:00,30,UNKNOWN,UNKNOWN,UNKNOWN,UNKNOWN,PARKED MOTOR VEHICLE,NOT DIVIDED,,STRAIGHT AND LEVEL,UNKNOWN,UNKNOWN,NOT ON SCENE (DESK REPORT),NO INJURY / DRIVE AWAY,,,,"OVER $1,500",9/16/2019 18:00,UNABLE TO DETERMINE,UNABLE TO DETERMINE,2417,W,ADAMS ST,1125,,,,,,,2,NO INDICATION OF INJURY,0,0,0,0,0,1,0,12,2,9,41.87845451,-87.68706985,POINT (-87.687069849058 41.878454508494)
JC435697,,9/16/2019 11:50,30,UNKNOWN,UNKNOWN,UNKNOWN,DAYLIGHT,PARKED MOTOR VEHICLE,FOUR WAY,,STRAIGHT AND LEVEL,UNKNOWN,UNKNOWN,NOT ON SCENE (DESK REPORT),NO INJURY / DRIVE AWAY,Y,,Y,"OVER $1,500",9/16/2019 14:15,UNABLE TO DETERMINE,NOT APPLICABLE,336,S,DEARBORN ST,113,,,,,,,2,NO INDICATION OF INJURY,0,0,0,0,0,1,0,11,2,9,41.87727931,-87.62941875,POINT (-87.629418745269 41.877279308526)
JC436204,,9/16/2019 11:30,30,NO CONTROLS,NO CONTROLS,CLEAR,DAYLIGHT,REAR END,NOT DIVIDED,,STRAIGHT AND LEVEL,DRY,NO DEFECTS,NOT ON SCENE (DESK REPORT),INJURY AND / OR TOW DUE TO CRASH,,,,"$501 - $1,500",9/16/2019 18:57,NOT APPLICABLE,NOT APPLICABLE,5500,S,CALIFORNIA AVE,824,,,,,,,2,NONINCAPACITATING INJURY,1,0,0,1,0,1,0,11,2,9,41.79359751,-87.69394205,POINT (-87.6939420481 41.793597512795)
JC435718,,9/16/2019 11:30,30,NO CONTROLS,NO CONTROLS,UNKNOWN,UNKNOWN,PARKED MOTOR VEHICLE,NOT DIVIDED,,STRAIGHT AND LEVEL,DRY,NO DEFECTS,NOT ON SCENE (DESK REPORT),NO INJURY / DRIVE AWAY,,,Y,"$501 - $1,500",9/16/2019 14:20,UNABLE TO DETERMINE,UNABLE TO DETERMINE,8115,S,THROOP ST,613,,,,,,,2,NO INDICATION OF INJURY,0,0,0,0,0,1,0,11,2,9,41.74633686,-87.65590689,POINT (-87.655906891972 41.746336856925)
JC435535,,9/16/2019 11:30,30,NO CONTROLS,NO CONTROLS,CLEAR,DAYLIGHT,SIDESWIPE SAME DIRECTION,NOT DIVIDED,,STRAIGHT AND LEVEL,DRY,NO DEFECTS,ON SCENE,NO INJURY / DRIVE AWAY,Y,,,"OVER $1,500",9/16/2019 11:40,FAILING TO YIELD RIGHT-OF-WAY,UNABLE TO DETERMINE,1749,N,DAMEN AVE,1434,,,,,,,2,NO INDICATION OF INJURY,0,0,0,0,0,2,0,11,2,9,41.91373477,-87.67738947,POINT (-87.677389469969 41.913734769009)
JC435513,,9/16/2019 11:30,30,NO CONTROLS,NO CONTROLS,CLEAR,DAYLIGHT,PEDESTRIAN,DIVIDED - W/MEDIAN BARRIER,,STRAIGHT AND LEVEL,DRY,NO DEFECTS,ON SCENE,NO INJURY / DRIVE AWAY,,,,$500 OR LESS,9/16/2019 11:36,UNABLE TO DETERMINE,UNABLE TO DETERMINE,10700,S,HALSTED ST,2233,,,,,,,2,NO INDICATION OF INJURY,0,0,0,0,0,2,0,11,2,9,41.69954742,-87.64275192,POINT (-87.64275191512 41.699547414667)
JC435512,,9/16/2019 11:30,30,NO CONTROLS,NO CONTROLS,CLEAR,DAYLIGHT,REAR END,NOT DIVIDED,,STRAIGHT AND LEVEL,DRY,NO DEFECTS,NOT ON SCENE (DESK REPORT),NO INJURY / DRIVE AWAY,,,,"$501 - $1,500",9/16/2019 12:00,UNABLE TO DETERMINE,UNABLE TO DETERMINE,4000,W,DIVERSEY AVE,2523,,,,,,,2,NO INDICATION OF INJURY,0,0,0,0,0,2,0,11,2,9,41.93189772,-87.72710503,POINT (-87.727105030454 41.931897723146)
JC435505,,9/16/2019 11:30,30,NO CONTROLS,NO CONTROLS,CLEAR,DAYLIGHT,SIDESWIPE SAME DIRECTION,NOT DIVIDED,,STRAIGHT AND LEVEL,DRY,NO DEFECTS,NOT ON SCENE (DESK REPORT),NO INJURY / DRIVE AWAY,,,,"$501 - $1,500",9/16/2019 12:00,FAILING TO YIELD RIGHT-OF-WAY,UNABLE TO DETERMINE,3330,N,ASHLAND AVE,1922,,,,,,,2,NO INDICATION OF INJURY,0,0,0,0,0,2,0,11,2,9,41.94246606,-87.66888619,POINT (-87.668886189402 41.942466062606)
JC435493,,9/16/2019 11:30,30,NO CONTROLS,NO CONTROLS,CLEAR,DAYLIGHT,REAR TO FRONT,ONE-WAY,,STRAIGHT AND LEVEL,DRY,NO DEFECTS,ON SCENE,INJURY AND / OR TOW DUE TO CRASH,,,,"OVER $1,500",9/16/2019 11:30,IMPROPER BACKING,UNABLE TO DETERMINE,1012,N,NOBLE ST,1213,,,,,,,2,NO INDICATION OF INJURY,0,0,0,0,0,2,0,11,2,9,41.90026662,-87.66266642,POINT (-87.662666415522 41.90026661899)
JC438281,,9/16/2019 11:28,30,NO CONTROLS,NO CONTROLS,UNKNOWN,DAYLIGHT,REAR END,NOT DIVIDED,,STRAIGHT AND LEVEL,UNKNOWN,UNKNOWN,NOT ON SCENE (DESK REPORT),NO INJURY / DRIVE AWAY,,,,"OVER $1,500",9/18/2019 10:45,UNABLE TO DETERMINE,UNABLE TO DETERMINE,3030,N,BROADWAY,1934,,,,,,,2,NO INDICATION OF INJURY,0,0,0,0,0,2,0,11,2,9,41.93733844,-87.64445647,POINT (-87.644456471505 41.937338437309)
JC435500,,9/16/2019 11:11,45,UNKNOWN,FUNCTIONING PROPERLY,CLOUDY/OVERCAST,DAYLIGHT,FIXED OBJECT,DIVIDED - W/MEDIAN BARRIER,,"CURVE, LEVEL",DRY,NO DEFECTS,ON SCENE,INJURY AND / OR TOW DUE TO CRASH,,Y,,"OVER $1,500",9/16/2019 11:11,DRIVING SKILLS/KNOWLEDGE/EXPERIENCE,UNABLE TO DETERMINE,8600,S,CHICAGO SKYWAY OB,412,,,,,,,1,FATAL,1,1,0,0,0,0,0,11,2,9,,,
JC436238,,9/16/2019 11:00,30,NO CONTROLS,NO CONTROLS,CLEAR,DAYLIGHT,REAR END,NOT DIVIDED,,STRAIGHT AND LEVEL,DRY,NO DEFECTS,NOT ON SCENE (DESK REPORT),NO INJURY / DRIVE AWAY,,,,"OVER $1,500",9/16/2019 19:20,NOT APPLICABLE,NOT APPLICABLE,5631,S,PULASKI RD,822,,,,,,,2,NO INDICATION OF INJURY,0,0,0,0,0,5,0,11,2,9,41.79053383,-87.72293959,POINT (-87.722939586652 41.790533827538)
JC435442,,9/16/2019 10:56,30,TRAFFIC SIGNAL,UNKNOWN,CLEAR,DAYLIGHT,SIDESWIPE SAME DIRECTION,NOT DIVIDED,,STRAIGHT AND LEVEL,DRY,NO DEFECTS,ON SCENE,NO INJURY / DRIVE AWAY,,,Y,"$501 - $1,500",9/16/2019 10:56,FAILING TO REDUCE SPEED TO AVOID CRASH,UNABLE TO DETERMINE,5300,S,WOODLAWN AVE,233,,,,,,,2,NO INDICATION OF INJURY,0,0,0,0,0,2,0,10,2,9,41.79938211,-87.59678686,POINT (-87.596786858994 41.799382105863)
JC435502,,9/16/2019 10:50,30,STOP SIGN/FLASHER,FUNCTIONING PROPERLY,CLEAR,DAYLIGHT,ANGLE,NOT DIVIDED,,STRAIGHT AND LEVEL,DRY,NO DEFECTS,NOT ON SCENE (DESK REPORT),NO INJURY / DRIVE AWAY,Y,,,"OVER $1,500",9/16/2019 11:45,UNABLE TO DETERMINE,UNABLE TO DETERMINE,1800,W,BALMORAL AVE,2012,,,,,,,2,NO INDICATION OF INJURY,0,0,0,0,0,2,0,10,2,9,41.97985494,-87.67475022,POINT (-87.674750222001 41.979854938441)
JC435419,,9/16/2019 10:50,30,TRAFFIC SIGNAL,NO CONTROLS,FOG/SMOKE/HAZE,DAYLIGHT,TURNING,ONE-WAY,,STRAIGHT AND LEVEL,DRY,UNKNOWN,,INJURY AND / OR TOW DUE TO CRASH,,,,"$501 - $1,500",9/16/2019 10:50,IMPROPER TURNING/NO SIGNAL,NOT APPLICABLE,93,N,CANAL ST,121,,,,,,,2,NONINCAPACITATING INJURY,1,0,0,1,0,1,0,10,2,9,41.88312652,-87.63958775,POINT (-87.639587751245 41.883126523396)
JC435835,,9/16/2019 10:44,20,NO CONTROLS,NO CONTROLS,CLEAR,DAYLIGHT,REAR END,NOT DIVIDED,,STRAIGHT AND LEVEL,DRY,NO DEFECTS,,NO INJURY / DRIVE AWAY,,N,,"$501 - $1,500",9/16/2019 15:33,NOT APPLICABLE,NOT APPLICABLE,4832,S,KEDZIE AVE,821,,,,,,,2,NO INDICATION OF INJURY,0,0,0,0,0,4,0,10,2,9,41.80530314,-87.70404138,POINT (-87.704041381257 41.805303141495)