RD_NO,CRASH_DATE_EST_I,CRASH_DATE,POSTED_SPEED_LIMIT,TRAFFIC_CONTROL_DEVICE,DEVICE_CONDITION,WEATHER_CONDITION,LIGHTING_CONDITION,FIRST_CRASH_TYPE,TRAFFICWAY_TYPE,LANE_CNT,ALIGNMENT,ROADWAY_SURFACE_COND,ROAD_DEFECT,REPORT_TYPE,CRASH_TYPE,INTERSECTION_RELATED_I,NOT_RIGHT_OF_WAY_I,HIT_AND_RUN_I,DAMAGE,DATE_POLICE_NOTIFIED,PRIM_CONTRIBUTORY_CAUSE,SEC_CONTRIBUTORY_CAUSE,STREET_NO,STREET_DIRECTION,STREET_NAME,BEAT_OF_OCCURRENCE,PHOTOS_TAKEN_I,STATEMENTS_TAKEN_I,DOORING_I,WORK_ZONE_I,WORK_ZONE_TYPE,WORKERS_PRESENT_I,NUM_UNITS,MOST_SEVERE_INJURY,INJURIES_TOTAL,INJURIES_FATAL,INJURIES_INCAPACITATING,INJURIES_NON_INCAPACITATING,INJURIES_REPORTED_NOT_EVIDENT,INJURIES_NO_INDICATION,INJURIES_UNKNOWN,CRASH_HOUR,CRASH_DAY_OF_WEEK,CRASH_MONTH,LATITUDE,LONGITUDE,LOCATION
JC435426,,9/16/2019 10:30,30,NO CONTROLS,NO CONTROLS,CLEAR,DAYLIGHT,SIDESWIPE SAME DIRECTION,DIVIDED - W/MEDIAN (NOT RAISED),,STRAIGHT AND LEVEL,DRY,NO DEFECTS,ON SCENE,INJURY AND / OR TOW DUE TO CRASH,,,,"OVER $1,500",9/16/2019 10:35,FAILING TO YIELD RIGHT-OF-WAY,NOT APPLICABLE,1344,S,DAMEN AVE,1233,,,,,,,2,INCAPACITATING INJURY,1,0,1,0,0,1,0,10,2,9,41.86360881,-87.67630874,POINT (-87.676308740249 41.863608810743)
JC435421,,9/16/2019 10:20,25,NO CONTROLS,NO CONTROLS,CLEAR,DAYLIGHT,TURNING,NOT DIVIDED,,STRAIGHT AND LEVEL,DRY,NO DEFECTS,NOT ON SCENE (DESK REPORT),NO INJURY / DRIVE AWAY,,,,"$501 - $1,500",9/16/2019 10:45,IMPROPER TURNING/NO SIGNAL,IMPROPER TURNING/NO SIGNAL,200,W,ILLINOIS ST,1831,,,,,,,2,NO INDICATION OF INJURY,0,0,0,0,0,2,0,10,2,9,41.89089358,-87.63412877,POINT (-87.634128769843 41.890893584444)
JC435461,,9/16/2019 10:19,20,STOP SIGN/FLASHER,FUNCTIONING IMPROPERLY,CLEAR,DAYLIGHT,ANGLE,FOUR WAY,,STRAIGHT AND LEVEL,DRY,NO DEFECTS,ON SCENE,INJURY AND / OR TOW DUE TO CRASH,Y,,,"OVER $1,500",9/16/2019 10:19,DISREGARDING STOP SIGN,DISREGARDING STOP SIGN,133,N,LEAVITT ST,1223,,Y,,,,,2,NO INDICATION OF INJURY,0,0,0,0,0,3,0,10,2,9,41.88393681,-87.68144896,POINT (-87.681448963834 41.883936812273)
JC435431,,9/16/2019 10:15,30,NO CONTROLS,NO CONTROLS,CLEAR,DAYLIGHT,PARKED MOTOR VEHICLE,OTHER,,STRAIGHT AND LEVEL,DRY,NO DEFECTS,,NO INJURY / DRIVE AWAY,,,,$500 OR LESS,9/16/2019 10:55,UNABLE TO DETERMINE,NOT APPLICABLE,4050,N,ROCKWELL ST,1911,,,,,,,2,NO INDICATION OF INJURY,0,0,0,0,0,1,0,10,2,9,41.95550545,-87.6934182,POINT (-87.69341820121 41.955505451073)
JC435381,,9/16/2019 10:04,30,NO CONTROLS,NO CONTROLS,CLEAR,DAYLIGHT,REAR END,DIVIDED - W/MEDIAN (NOT RAISED),,STRAIGHT AND LEVEL,DRY,NO DEFECTS,ON SCENE,NO INJURY / DRIVE AWAY,,,,"OVER $1,500",9/16/2019 10:12,FAILING TO REDUCE SPEED TO AVOID CRASH,FOLLOWING TOO CLOSELY,6125,W,TOUHY AVE,1621,,,,,,,2,NO INDICATION OF INJURY,0,0,0,0,0,2,0,10,2,9,42.0118863,-87.78043055,POINT (-87.780430546204 42.011886296377)
JC436303,,9/16/2019 10:00,30,NO CONTROLS,NO CONTROLS,CLEAR,DAYLIGHT,PEDALCYCLIST,NOT DIVIDED,,STRAIGHT AND LEVEL,DRY,NO DEFECTS,NOT ON SCENE (DESK REPORT),INJURY AND / OR TOW DUE TO CRASH,,,Y,"$501 - $1,500",9/16/2019 19:57,NOT APPLICABLE,NOT APPLICABLE,3900,W,71ST ST,833,,,,,,,2,NONINCAPACITATING INJURY,1,0,0,1,0,1,0,10,2,9,41.76423659,-87.72000987,POINT (-87.720009873296 41.764236587039)
JC435738,,9/16/2019 10:00,30,NO CONTROLS,NO CONTROLS,CLEAR,DAYLIGHT,SIDESWIPE SAME DIRECTION,NOT DIVIDED,,STRAIGHT AND LEVEL,DRY,NO DEFECTS,NOT ON SCENE (DESK REPORT),NO INJURY / DRIVE AWAY,,,,"OVER $1,500",9/16/2019 14:00,FAILING TO YIELD RIGHT-OF-WAY,NOT APPLICABLE,4831,W,ADDISON ST,1634,,,,,,,2,NO INDICATION OF INJURY,0,0,0,0,0,2,0,10,2,9,41.94599915,-87.74825172,POINT (-87.748251721519 41.945999154294)
JC435529,,9/16/2019 10:00,15,NO CONTROLS,NO CONTROLS,CLEAR,DAYLIGHT,PARKED MOTOR VEHICLE,PARKING LOT,,STRAIGHT AND LEVEL,DRY,UNKNOWN,NOT ON SCENE (DESK REPORT),NO INJURY / DRIVE AWAY,,Y,,"$501 - $1,500",9/16/2019 12:00,IMPROPER LANE USAGE,NOT APPLICABLE,230,W,WASHINGTON ST,122,,,,,,,2,NO INDICATION OF INJURY,0,0,0,0,0,1,0,10,2,9,41.88331786,-87.6347691,POINT (-87.634769094617 41.883317859851)
JC435470,,9/16/2019 10:00,30,NO CONTROLS,NO CONTROLS,CLEAR,DAYLIGHT,PARKED MOTOR VEHICLE,NOT DIVIDED,,STRAIGHT AND LEVEL,DRY,NO DEFECTS,NOT ON SCENE (DESK REPORT),NO INJURY / DRIVE AWAY,,,Y,$500 OR LESS,9/16/2019 12:30,UNABLE TO DETERMINE,NOT APPLICABLE,7034,W,NORTH AVE,2513,,,,,,,2,NO INDICATION OF INJURY,0,0,0,0,0,1,0,10,2,9,41.90904569,-87.80181559,POINT (-87.80181558506 41.909045685075)
JC435371,,9/16/2019 10:00,10,NO CONTROLS,NO CONTROLS,CLEAR,DAYLIGHT,PARKED MOTOR VEHICLE,PARKING LOT,,STRAIGHT AND LEVEL,DRY,NO DEFECTS,ON SCENE,NO INJURY / DRIVE AWAY,,Y,,"OVER $1,500",9/16/2019 10:06,IMPROPER OVERTAKING/PASSING,NOT APPLICABLE,1501,S,FAIRFIELD AVE,1023,,,,,,,2,NO INDICATION OF INJURY,0,0,0,0,0,2,0,10,2,9,41.86105795,-87.69426599,POINT (-87.69426598461 41.86105794562)
JC435378,,9/16/2019 9:50,30,STOP SIGN/FLASHER,FUNCTIONING PROPERLY,CLEAR,DAYLIGHT,SIDESWIPE SAME DIRECTION,ONE-WAY,,STRAIGHT AND LEVEL,DRY,OTHER,ON SCENE,NO INJURY / DRIVE AWAY,,,,"OVER $1,500",9/16/2019 9:55,FAILING TO YIELD RIGHT-OF-WAY,NOT APPLICABLE,1717,W,CONGRESS PKWY,1231,,,,Y,CONSTRUCTION,,3,NO INDICATION OF INJURY,0,0,0,0,0,2,0,9,2,9,41.87502445,-87.66993546,POINT (-87.669935458233 41.875024452534)
JC435490,,9/16/2019 9:45,30,NO CONTROLS,NO CONTROLS,CLEAR,DAYLIGHT,SIDESWIPE SAME DIRECTION,NOT DIVIDED,,STRAIGHT AND LEVEL,DRY,NO DEFECTS,NOT ON SCENE (DESK REPORT),NO INJURY / DRIVE AWAY,,,,"OVER $1,500",9/16/2019 11:15,FAILING TO YIELD RIGHT-OF-WAY,DRIVING SKILLS/KNOWLEDGE/EXPERIENCE,2411,W,18TH ST,1023,,,,,,,2,NO INDICATION OF INJURY,0,0,0,0,0,2,0,9,2,9,41.85748582,-87.68627602,POINT (-87.686276019087 41.857485823077)
JC436133,,9/16/2019 9:40,30,NO CONTROLS,FUNCTIONING PROPERLY,CLEAR,DAYLIGHT,SIDESWIPE SAME DIRECTION,NOT DIVIDED,,STRAIGHT AND LEVEL,DRY,NO DEFECTS,NOT ON SCENE (DESK REPORT),NO INJURY / DRIVE AWAY,,,,"$501 - $1,500",9/16/2019 18:28,UNABLE TO DETERMINE,NOT APPLICABLE,500,W,ADAMS ST,121,,,,,,,2,NO INDICATION OF INJURY,0,0,0,0,0,2,0,9,2,9,41.87942129,-87.63968064,POINT (-87.639680640526 41.879421287485)
JC435355,,9/16/2019 9:38,30,TRAFFIC SIGNAL,FUNCTIONING PROPERLY,CLEAR,DAYLIGHT,SIDESWIPE SAME DIRECTION,ONE-WAY,,STRAIGHT AND LEVEL,DRY,NO DEFECTS,ON SCENE,NO INJURY / DRIVE AWAY,,,,$500 OR LESS,9/16/2019 9:39,IMPROPER OVERTAKING/PASSING,NOT APPLICABLE,199,W,ADAMS ST,122,,,,,,,2,NO INDICATION OF INJURY,0,0,0,0,0,2,0,9,2,9,41.87927732,-87.63367878,POINT (-87.633678775919 41.879277318917)
JC435838,,9/16/2019 9:30,30,NO CONTROLS,NO CONTROLS,CLEAR,DAYLIGHT,PEDALCYCLIST,NOT DIVIDED,,STRAIGHT AND LEVEL,DRY,NO DEFECTS,ON SCENE,INJURY AND / OR TOW DUE TO CRASH,,,,$500 OR LESS,9/16/2019 13:38,DRIVING SKILLS/KNOWLEDGE/EXPERIENCE,UNABLE TO DETERMINE,1201,W,CORTLAND ST,1811,,,,,,,2,NONINCAPACITATING INJURY,1,0,0,1,0,1,0,9,2,9,41.91706773,-87.65824892,POINT (-87.658248915993 41.917067730258)
JC435420,,9/16/2019 9:30,30,NO CONTROLS,NO CONTROLS,CLEAR,DAYLIGHT,REAR END,NOT DIVIDED,,STRAIGHT AND LEVEL,DRY,NO DEFECTS,NOT ON SCENE (DESK REPORT),NO INJURY / DRIVE AWAY,,,Y,"OVER $1,500",9/16/2019 10:45,UNABLE TO DETERMINE,UNABLE TO DETERMINE,3510,N,KEDZIE AVE,1733,,,,,,,2,NO INDICATION OF INJURY,0,0,0,0,0,2,0,9,2,9,41.94515064,-87.70793142,POINT (-87.707931420187 41.945150637173)
JC435417,,9/16/2019 9:30,30,TRAFFIC SIGNAL,FUNCTIONING PROPERLY,CLEAR,DAYLIGHT,REAR END,FOUR WAY,,STRAIGHT AND LEVEL,DRY,NO DEFECTS,NOT ON SCENE (DESK REPORT),NO INJURY / DRIVE AWAY,Y,,,"OVER $1,500",9/16/2019 10:50,UNABLE TO DETERMINE,UNABLE TO DETERMINE,4367,N,MILWAUKEE AVE,1624,,,,,,,2,NO INDICATION OF INJURY,0,0,0,0,0,2,0,9,2,9,41.96055088,-87.75423075,POINT (-87.754230747216 41.960550880077)
JC435386,,9/16/2019 9:30,30,NO CONTROLS,NO CONTROLS,CLEAR,DAYLIGHT,SIDESWIPE SAME DIRECTION,ONE-WAY,,STRAIGHT AND LEVEL,DRY,NO DEFECTS,NOT ON SCENE (DESK REPORT),NO INJURY / DRIVE AWAY,,,,"OVER $1,500",9/16/2019 10:34,UNABLE TO DETERMINE,UNABLE TO DETERMINE,111,W,ADAMS ST,122,,,,,,,2,NO INDICATION OF INJURY,0,0,0,0,0,2,0,9,2,9,41.87930129,-87.63116779,POINT (-87.631167792781 41.879301284703)
JC436336,,9/16/2019 9:17,30,NO CONTROLS,NO CONTROLS,CLEAR,DAYLIGHT,REAR END,NOT DIVIDED,,STRAIGHT AND LEVEL,DRY,NO DEFECTS,NOT ON SCENE (DESK REPORT),NO INJURY / DRIVE AWAY,,,Y,"$501 - $1,500",9/16/2019 20:28,NOT APPLICABLE,NOT APPLICABLE,3160,W,OGDEN AVE,1022,,,,,,,2,NO INDICATION OF INJURY,0,0,0,0,0,2,0,9,2,9,41.85817338,-87.70523094,POINT (-87.705230939309 41.858173374948)
JC436179,,9/16/2019 9:15,30,TRAFFIC SIGNAL,FUNCTIONING PROPERLY,CLEAR,DAYLIGHT,REAR END,DIVIDED - W/MEDIAN (NOT RAISED),,STRAIGHT AND LEVEL,DRY,NO DEFECTS,NOT ON SCENE (DESK REPORT),NO INJURY / DRIVE AWAY,,,,$500 OR LESS,9/16/2019 18:35,FOLLOWING TOO CLOSELY,UNABLE TO DETERMINE,470,N,HALSTED ST,1214,,,,,,,2,NO INDICATION OF INJURY,0,0,0,0,0,2,0,9,2,9,41.89113414,-87.6477661,POINT (-87.647766094631 41.891134142336)
JC435346,,9/16/2019 9:10,30,UNKNOWN,UNKNOWN,CLOUDY/OVERCAST,UNKNOWN,TURNING,DIVIDED - W/MEDIAN (NOT RAISED),,STRAIGHT AND LEVEL,DRY,UNKNOWN,NOT ON SCENE (DESK REPORT),NO INJURY / DRIVE AWAY,,,,"OVER $1,500",9/16/2019 9:45,UNABLE TO DETERMINE,UNABLE TO DETERMINE,2648,W,TOUHY AVE,2411,,,,,,,2,NO INDICATION OF INJURY,0,0,0,0,0,2,0,9,2,9,42.01224331,-87.69693285,POINT (-87.696932851459 42.012243309938)
JC435337,,9/16/2019 9:10,30,TRAFFIC SIGNAL,FUNCTIONING PROPERLY,CLEAR,DAYLIGHT,SIDESWIPE SAME DIRECTION,NOT DIVIDED,,STRAIGHT AND LEVEL,DRY,NO DEFECTS,NOT ON SCENE (DESK REPORT),NO INJURY / DRIVE AWAY,Y,,,"OVER $1,500",9/16/2019 9:50,UNABLE TO DETERMINE,UNABLE TO DETERMINE,3949,N,PULASKI RD,1732,,,,,,,2,NO INDICATION OF INJURY,0,0,0,0,0,2,0,9,2,9,41.95330679,-87.72746094,POINT (-87.727460937976 41.953306785733)
JC436206,,9/16/2019 9:07,30,NO CONTROLS,FUNCTIONING PROPERLY,CLEAR,DAYLIGHT,SIDESWIPE SAME DIRECTION,NOT DIVIDED,,STRAIGHT AND LEVEL,DRY,NO DEFECTS,NOT ON SCENE (DESK REPORT),NO INJURY / DRIVE AWAY,Y,,,"$501 - $1,500",9/16/2019 19:10,UNABLE TO DETERMINE,NOT APPLICABLE,2126,N,OAK PARK AVE,2512,,,,,,,2,NO INDICATION OF INJURY,0,0,0,0,0,2,0,9,2,9,41.91882723,-87.79524122,POINT (-87.795241218207 41.91882722895)
JC435316,,9/16/2019 9:07,30,NO CONTROLS,NO CONTROLS,CLEAR,DAYLIGHT,REAR END,NOT DIVIDED,,STRAIGHT AND LEVEL,DRY,NO DEFECTS,ON SCENE,INJURY AND / OR TOW DUE TO CRASH,,,,"OVER $1,500",9/16/2019 9:07,FOLLOWING TOO CLOSELY,UNABLE TO DETERMINE,1528,W,LAKE ST,1215,,,,,,,2,NO INDICATION OF INJURY,0,0,0,0,0,3,0,9,2,9,41.88547137,-87.66538503,POINT (-87.665385033498 41.885471374338)
JC435309,,9/16/2019 9:01,30,NO CONTROLS,NO CONTROLS,CLEAR,DAYLIGHT,SIDESWIPE SAME DIRECTION,ONE-WAY,,STRAIGHT AND LEVEL,DRY,NO DEFECTS,ON SCENE,NO INJURY / DRIVE AWAY,,,Y,"$501 - $1,500",9/16/2019 9:05,UNABLE TO DETERMINE,UNABLE TO DETERMINE,2008,N,CLIFTON AVE,1811,,,,,,,2,NO INDICATION OF INJURY,0,0,0,0,0,2,0,9,2,9,41.91836625,-87.65716757,POINT (-87.65716756837 41.918366245545)
JC439218,Y,9/16/2019 9:00,25,NO CONTROLS,NO CONTROLS,UNKNOWN,UNKNOWN,PARKED MOTOR VEHICLE,PARKING LOT,,STRAIGHT AND LEVEL,UNKNOWN,UNKNOWN,NOT ON SCENE (DESK REPORT),NO INJURY / DRIVE AWAY,,,Y,"$501 - $1,500",9/18/2019 23:32,UNABLE TO DETERMINE,UNABLE TO DETERMINE,7435,W,TALCOTT AVE,1612,,,,,,,2,NO INDICATION OF INJURY,0,0,0,0,0,1,0,9,2,9,41.98857518,-87.81297791,POINT (-87.812977912195 41.988575182799)
JC438339,,9/16/2019 9:00,30,TRAFFIC SIGNAL,FUNCTIONING PROPERLY,UNKNOWN,DAYLIGHT,SIDESWIPE SAME DIRECTION,NOT DIVIDED,,STRAIGHT AND LEVEL,UNKNOWN,UNKNOWN,NOT ON SCENE (DESK REPORT),NO INJURY / DRIVE AWAY,,,Y,"OVER $1,500",9/18/2019 11:32,IMPROPER TURNING/NO SIGNAL,IMPROPER TURNING/NO SIGNAL,754,W,CERMAK RD,1235,,,,,,,2,NO INDICATION OF INJURY,0,0,0,0,0,2,0,9,2,9,41.85275664,-87.6464697,POINT (-87.646469701166 41.852756642459)
JC436825,,9/16/2019 9:00,30,TRAFFIC SIGNAL,FUNCTIONING PROPERLY,CLEAR,DAYLIGHT,TURNING,NOT DIVIDED,,STRAIGHT AND LEVEL,DRY,NO DEFECTS,NOT ON SCENE (DESK REPORT),INJURY AND / OR TOW DUE TO CRASH,,,Y,"OVER $1,500",9/17/2019 10:00,UNABLE TO DETERMINE,IMPROPER TURNING/NO SIGNAL,600,S,DAMEN AVE,1225,,,,,,,2,"REPORTED, NOT EVIDENT",2,0,0,0,2,1,0,9,2,9,41.87400364,-87.67660234,POINT (-87.676602341069 41.874003638416)
JC436094,,9/16/2019 9:00,35,UNKNOWN,UNKNOWN,CLEAR,DAYLIGHT,PARKED MOTOR VEHICLE,NOT DIVIDED,,STRAIGHT AND LEVEL,DRY,NO DEFECTS,NOT ON SCENE (DESK REPORT),NO INJURY / DRIVE AWAY,,,Y,"$501 - $1,500",9/16/2019 17:45,UNABLE TO DETERMINE,NOT APPLICABLE,4916,W,MELROSE ST,1634,,,,,,,2,NO INDICATION OF INJURY,0,0,0,0,0,1,0,9,2,9,41.93980747,-87.7501009,POINT (-87.750100898167 41.939807466386)
JC435424,,9/16/2019 9:00,15,NO CONTROLS,NO CONTROLS,CLEAR,DAYLIGHT,FIXED OBJECT,PARKING LOT,,STRAIGHT AND LEVEL,DRY,NO DEFECTS,ON SCENE,NO INJURY / DRIVE AWAY,,,,"OVER $1,500",9/16/2019 10:40,UNABLE TO DETERMINE,UNABLE TO DETERMINE,4844,N,LINCOLN AVE,2031,,,,,,,1,NO INDICATION OF INJURY,0,0,0,0,0,1,0,9,2,9,41.96975372,-87.68940344,POINT (-87.689403436704 41.969753720574)
JC435327,,9/16/2019 8:55,25,NO CONTROLS,NO CONTROLS,CLEAR,DAYLIGHT,TURNING,ONE-WAY,,STRAIGHT AND LEVEL,DRY,UNKNOWN,ON SCENE,INJURY AND / OR TOW DUE TO CRASH,Y,,,"OVER $1,500",9/16/2019 9:24,FOLLOWING TOO CLOSELY,NOT APPLICABLE,5099,N,TROY ST,1713,,,,,,,2,NO INDICATION OF INJURY,0,0,0,0,0,2,0,8,2,9,41.97384068,-87.70725735,POINT (-87.707257345655 41.973840684108)
JC435300,,9/16/2019 8:54,30,TRAFFIC SIGNAL,FUNCTIONING PROPERLY,CLEAR,DAYLIGHT,REAR END,NOT DIVIDED,,STRAIGHT AND LEVEL,DRY,NO DEFECTS,NOT ON SCENE (DESK REPORT),NO INJURY / DRIVE AWAY,,,,"OVER $1,500",9/16/2019 9:00,UNABLE TO DETERMINE,NOT APPLICABLE,3238,N,ASHLAND AVE,1922,,,,,,,2,NO INDICATION OF INJURY,0,0,0,0,0,2,0,8,2,9,41.94088584,-87.66883887,POINT (-87.66883887357 41.940885841489)
JC442671,,9/16/2019 8:50,30,TRAFFIC SIGNAL,FUNCTIONING PROPERLY,CLEAR,DAYLIGHT,REAR END,DIVIDED - W/MEDIAN (NOT RAISED),,STRAIGHT AND LEVEL,DRY,NO DEFECTS,NOT ON SCENE (DESK REPORT),NO INJURY / DRIVE AWAY,,,,"$501 - $1,500",9/21/2019 13:30,FAILING TO YIELD RIGHT-OF-WAY,FOLLOWING TOO CLOSELY,3205,N,DAMEN AVE,1922,,,,,,,2,NO INDICATION OF INJURY,0,0,0,0,0,3,0,8,2,9,41.93974721,-87.67821324,POINT (-87.678213236672 41.93974721376)
JC435296,,9/16/2019 8:50,30,NO CONTROLS,NO CONTROLS,CLEAR,DAYLIGHT,TURNING,CENTER TURN LANE,,STRAIGHT AND LEVEL,DRY,NO DEFECTS,NOT ON SCENE (DESK REPORT),NO INJURY / DRIVE AWAY,Y,,,"OVER $1,500",9/16/2019 9:05,FAILING TO REDUCE SPEED TO AVOID CRASH,NOT APPLICABLE,4700,N,CUMBERLAND AVE,1614,,,,,,,2,NO INDICATION OF INJURY,0,0,0,0,0,2,0,8,2,9,41.96490611,-87.83683498,POINT (-87.836834974561 41.964906110391)
JC435295,,9/16/2019 8:50,30,TRAFFIC SIGNAL,FUNCTIONING PROPERLY,CLEAR,DAYLIGHT,PARKED MOTOR VEHICLE,NOT DIVIDED,,STRAIGHT AND LEVEL,DRY,NO DEFECTS,ON SCENE,INJURY AND / OR TOW DUE TO CRASH,,,,"OVER $1,500",9/16/2019 8:58,UNABLE TO DETERMINE,NOT APPLICABLE,2310,W,ROOSEVELT RD,1225,,,,,,,4,NO INDICATION OF INJURY,0,0,0,0,0,3,0,8,2,9,41.8667499,-87.68409465,POINT (-87.684094649752 41.866749904341)
JC435288,,9/16/2019 8:49,25,NO CONTROLS,NO CONTROLS,CLEAR,DAYLIGHT,PEDALCYCLIST,NOT DIVIDED,,STRAIGHT AND LEVEL,DRY,NO DEFECTS,ON SCENE,INJURY AND / OR TOW DUE TO CRASH,,,,$500 OR LESS,9/16/2019 9:00,DISREGARDING OTHER TRAFFIC SIGNS,NOT APPLICABLE,2010,W,PIERCE AVE,1424,,,,,,,2,"REPORTED, NOT EVIDENT",1,0,0,0,1,1,0,8,2,9,41.9094728,-87.67793946,POINT (-87.677939456855 41.909472798861)
JC436007,,9/16/2019 8:40,30,TRAFFIC SIGNAL,FUNCTIONING PROPERLY,CLEAR,DAYLIGHT,REAR END,NOT DIVIDED,,STRAIGHT AND LEVEL,DRY,NO DEFECTS,NOT ON SCENE (DESK REPORT),NO INJURY / DRIVE AWAY,Y,,,"$501 - $1,500",9/16/2019 17:16,UNABLE TO DETERMINE,UNABLE TO DETERMINE,2530,W,MADISON ST,1222,,,,,,,2,NO INDICATION OF INJURY,0,0,0,0,0,2,0,8,2,9,41.88123963,-87.68974702,POINT (-87.689747019141 41.881239629969)
JC437005,,9/16/2019 8:30,30,TRAFFIC SIGNAL,FUNCTIONING PROPERLY,CLEAR,DAYLIGHT,SIDESWIPE SAME DIRECTION,NOT DIVIDED,,STRAIGHT AND LEVEL,DRY,NO DEFECTS,NOT ON SCENE (DESK REPORT),NO INJURY / DRIVE AWAY,,,Y,"$501 - $1,500",9/17/2019 11:56,UNABLE TO DETERMINE,UNABLE TO DETERMINE,8251,S,COTTAGE GROVE AVE,631,,,,,,,2,NO INDICATION OF INJURY,0,0,0,0,0,2,0,8,2,9,41.74429029,-87.60489624,POINT (-87.604896237763 41.744290285289)
JC436534,,9/16/2019 8:30,35,TRAFFIC SIGNAL,FUNCTIONING PROPERLY,CLEAR,DAYLIGHT,REAR END,CENTER TURN LANE,,STRAIGHT AND LEVEL,DRY,UNKNOWN,NOT ON SCENE (DESK REPORT),NO INJURY / DRIVE AWAY,,,,"OVER $1,500",9/17/2019 0:06,FOLLOWING TOO CLOSELY,FAILING TO REDUCE SPEED TO AVOID CRASH,2201,S,WESTERN AVE,1034,,,,,,,2,NO INDICATION OF INJURY,0,0,0,0,0,2,0,8,2,9,41.85198865,-87.68549215,POINT (-87.6854921445 41.851988653906)
JC435396,,9/16/2019 8:30,30,TRAFFIC SIGNAL,FUNCTIONING PROPERLY,CLEAR,DAYLIGHT,TURNING,OTHER,,STRAIGHT AND LEVEL,DRY,NO DEFECTS,NOT ON SCENE (DESK REPORT),NO INJURY / DRIVE AWAY,Y,,Y,"$501 - $1,500",9/16/2019 10:38,IMPROPER TURNING/NO SIGNAL,NOT APPLICABLE,2400,N,LINCOLN AVE,1932,,,,,,,2,NO INDICATION OF INJURY,0,0,0,0,0,2,0,8,2,9,41.92543598,-87.64895099,POINT (-87.648950988518 41.925435975229)
JC435293,,9/16/2019 8:30,30,NO CONTROLS,NO CONTROLS,CLEAR,DAYLIGHT,SIDESWIPE SAME DIRECTION,NOT DIVIDED,,STRAIGHT AND LEVEL,DRY,NO DEFECTS,NOT ON SCENE (DESK REPORT),NO INJURY / DRIVE AWAY,,,,"OVER $1,500",9/16/2019 9:09,UNABLE TO DETERMINE,UNABLE TO DETERMINE,6132,N,WINCHESTER AVE,2413,,,,,,,2,NO INDICATION OF INJURY,0,0,0,0,0,3,0,8,2,9,41.99292702,-87.67863398,POINT (-87.678633974617 41.992927015278)
JC435261,,9/16/2019 8:20,35,TRAFFIC SIGNAL,FUNCTIONING PROPERLY,CLEAR,DAYLIGHT,TURNING,DIVIDED - W/MEDIAN (NOT RAISED),,STRAIGHT AND LEVEL,DRY,NO DEFECTS,ON SCENE,NO INJURY / DRIVE AWAY,Y,,,"OVER $1,500",9/16/2019 8:23,IMPROPER TURNING/NO SIGNAL,FOLLOWING TOO CLOSELY,3832,S,PULASKI RD,815,,,,,,,2,NO INDICATION OF INJURY,0,0,0,0,0,2,0,8,2,9,41.82328118,-87.72420378,POINT (-87.724203782428 41.823281180829)
JC435317,,9/16/2019 8:07,30,NO CONTROLS,NO CONTROLS,CLOUDY/OVERCAST,DAYLIGHT,TURNING,NOT DIVIDED,,STRAIGHT AND LEVEL,DRY,NO DEFECTS,NOT ON SCENE (DESK REPORT),NO INJURY / DRIVE AWAY,,,,"OVER $1,500",9/16/2019 8:50,UNABLE TO DETERMINE,UNABLE TO DETERMINE,3341,W,GRAND AVE,1121,,,,,,,2,NO INDICATION OF INJURY,0,0,0,0,0,2,0,8,2,9,41.89960747,-87.71022148,POINT (-87.710221477102 41.899607471235)
JC435248,,9/16/2019 8:01,30,NO CONTROLS,NO CONTROLS,CLOUDY/OVERCAST,DAYLIGHT,REAR END,NOT DIVIDED,,STRAIGHT AND LEVEL,DRY,NO DEFECTS,ON SCENE,INJURY AND / OR TOW DUE TO CRASH,,,,$500 OR LESS,9/16/2019 8:01,FOLLOWING TOO CLOSELY,NOT APPLICABLE,4449,S,CALIFORNIA AVE,922,,,,,,,2,NONINCAPACITATING INJURY,1,0,0,1,0,4,0,8,2,9,41.81228915,-87.6941787,POINT (-87.694178695986 41.812289154248)
JC435601,Y,9/16/2019 8:00,25,NO CONTROLS,NO CONTROLS,CLEAR,DAYLIGHT,PARKED MOTOR VEHICLE,NOT DIVIDED,,STRAIGHT AND LEVEL,DRY,NO DEFECTS,ON SCENE,NO INJURY / DRIVE AWAY,,,Y,"$501 - $1,500",9/16/2019 11:35,UNABLE TO DETERMINE,UNABLE TO DETERMINE,57,E,89TH ST,634,,,,,,,2,NO INDICATION OF INJURY,0,0,0,0,0,1,0,8,2,9,41.73260932,-87.62197564,POINT (-87.621975638998 41.732609324419)
JC435297,,9/16/2019 8:00,30,NO CONTROLS,NO CONTROLS,CLEAR,DAYLIGHT,SIDESWIPE OPPOSITE DIRECTION,NOT DIVIDED,,STRAIGHT AND LEVEL,DRY,NO DEFECTS,ON SCENE,NO INJURY / DRIVE AWAY,,,Y,$500 OR LESS,9/16/2019 8:47,UNABLE TO DETERMINE,NOT APPLICABLE,4314,S,WOLCOTT AVE,924,N,,,,,,2,NO INDICATION OF INJURY,0,0,0,0,0,8,0,8,2,9,41.81532051,-87.67257818,POINT (-87.672578178337 41.815320511471)
JC435268,,9/16/2019 8:00,20,NO CONTROLS,NO CONTROLS,CLEAR,DAYLIGHT,PARKED MOTOR VEHICLE,NOT DIVIDED,,STRAIGHT AND LEVEL,DRY,NO DEFECTS,NOT ON SCENE (DESK REPORT),NO INJURY / DRIVE AWAY,,,,"OVER $1,500",9/16/2019 8:30,UNABLE TO DETERMINE,UNABLE TO DETERMINE,1932,W,SUNNYSIDE AVE,1912,,,,,,,2,NO INDICATION OF INJURY,0,0,0,0,0,1,0,8,2,9,41.96340556,-87.67746854,POINT (-87.677468543987 41.963405558358)