RD_NO,CRASH_DATE_EST_I,CRASH_DATE,POSTED_SPEED_LIMIT,TRAFFIC_CONTROL_DEVICE,DEVICE_CONDITION,WEATHER_CONDITION,LIGHTING_CONDITION,FIRST_CRASH_TYPE,TRAFFICWAY_TYPE,LANE_CNT,ALIGNMENT,ROADWAY_SURFACE_COND,ROAD_DEFECT,REPORT_TYPE,CRASH_TYPE,INTERSECTION_RELATED_I,NOT_RIGHT_OF_WAY_I,HIT_AND_RUN_I,DAMAGE,DATE_POLICE_NOTIFIED,PRIM_CONTRIBUTORY_CAUSE,SEC_CONTRIBUTORY_CAUSE,STREET_NO,STREET_DIRECTION,STREET_NAME,BEAT_OF_OCCURRENCE,PHOTOS_TAKEN_I,STATEMENTS_TAKEN_I,DOORING_I,WORK_ZONE_I,WORK_ZONE_TYPE,WORKERS_PRESENT_I,NUM_UNITS,MOST_SEVERE_INJURY,INJURIES_TOTAL,INJURIES_FATAL,INJURIES_INCAPACITATING,INJURIES_NON_INCAPACITATING,INJURIES_REPORTED_NOT_EVIDENT,INJURIES_NO_INDICATION,INJURIES_UNKNOWN,CRASH_HOUR,CRASH_DAY_OF_WEEK,CRASH_MONTH,LATITUDE,LONGITUDE,LOCATION
JC435254,,9/16/2019 8:00,30,NO CONTROLS,NO CONTROLS,FOG/SMOKE/HAZE,DAYLIGHT,SIDESWIPE SAME DIRECTION,DIVIDED - W/MEDIAN (NOT RAISED),,STRAIGHT AND LEVEL,DRY,NO DEFECTS,ON SCENE,NO INJURY / DRIVE AWAY,,,,"$501 - $1,500",9/16/2019 8:10,IMPROPER OVERTAKING/PASSING,NOT APPLICABLE,1301,N,HUMBOLDT DR,1423,,,,,,,2,NO INDICATION OF INJURY,0,0,0,0,0,2,0,8,2,9,41.90474032,-87.70179768,POINT (-87.701797676699 41.904740317525)
JC435244,,9/16/2019 7:58,30,NO CONTROLS,NO CONTROLS,CLEAR,DAYLIGHT,SIDESWIPE SAME DIRECTION,OTHER,,STRAIGHT AND LEVEL,DRY,SHOULDER DEFECT,ON SCENE,NO INJURY / DRIVE AWAY,,,Y,"$501 - $1,500",9/16/2019 7:58,IMPROPER LANE USAGE,IMPROPER LANE USAGE,9802,S,HALSTED ST,2223,,,,,,,2,NO INDICATION OF INJURY,0,0,0,0,0,2,0,7,2,9,41.71580477,-87.64320825,POINT (-87.643208253244 41.715804770128)
JC435265,,9/16/2019 7:57,30,TRAFFIC SIGNAL,FUNCTIONING PROPERLY,RAIN,DAYLIGHT,SIDESWIPE SAME DIRECTION,DIVIDED - W/MEDIAN (NOT RAISED),,STRAIGHT AND LEVEL,DRY,NO DEFECTS,ON SCENE,INJURY AND / OR TOW DUE TO CRASH,,,,"$501 - $1,500",9/16/2019 8:31,FOLLOWING TOO CLOSELY,FAILING TO YIELD RIGHT-OF-WAY,624,N,MC CLURG CT,1834,,,,,,,2,INCAPACITATING INJURY,1,0,1,0,0,1,0,7,2,9,41.89340475,-87.61788387,POINT (-87.617883871975 41.893404751367)
JC435240,,9/16/2019 7:57,30,NO CONTROLS,NO CONTROLS,CLEAR,DAYLIGHT,PARKED MOTOR VEHICLE,ONE-WAY,,STRAIGHT AND LEVEL,DRY,NO DEFECTS,ON SCENE,NO INJURY / DRIVE AWAY,,,,"$501 - $1,500",9/16/2019 8:00,UNABLE TO DETERMINE,NOT APPLICABLE,3402,W,54TH PL,822,,,,,,,2,NO INDICATION OF INJURY,0,0,0,0,0,1,0,7,2,9,41.79446051,-87.70868095,POINT (-87.708680950398 41.794460508528)
JC436410,,9/16/2019 7:55,30,TRAFFIC SIGNAL,FUNCTIONING PROPERLY,CLEAR,DAYLIGHT,REAR END,NOT DIVIDED,,STRAIGHT AND LEVEL,DRY,NO DEFECTS,NOT ON SCENE (DESK REPORT),NO INJURY / DRIVE AWAY,Y,,Y,"$501 - $1,500",9/16/2019 22:00,FOLLOWING TOO CLOSELY,UNABLE TO DETERMINE,9500,S,STONY ISLAND AVE,511,,,,,,,2,NO INDICATION OF INJURY,0,0,0,0,0,2,0,7,2,9,41.72225727,-87.58527557,POINT (-87.585275565077 41.722257273006)
JC435271,,9/16/2019 7:55,30,STOP SIGN/FLASHER,OTHER,CLEAR,DAYLIGHT,REAR TO FRONT,NOT DIVIDED,,STRAIGHT AND LEVEL,DRY,NO DEFECTS,NOT ON SCENE (DESK REPORT),NO INJURY / DRIVE AWAY,,,,"OVER $1,500",9/16/2019 8:30,IMPROPER BACKING,NOT APPLICABLE,5800,S,WESTERN AVE,824,,,,,,,2,NO INDICATION OF INJURY,0,0,0,0,0,2,0,7,2,9,41.78826406,-87.684028,POINT (-87.684028002172 41.788264056992)
JC435241,,9/16/2019 7:55,25,NO CONTROLS,NO CONTROLS,CLEAR,DAYLIGHT,SIDESWIPE SAME DIRECTION,NOT DIVIDED,,STRAIGHT AND LEVEL,DRY,NO DEFECTS,NOT ON SCENE (DESK REPORT),NO INJURY / DRIVE AWAY,,,,"$501 - $1,500",9/16/2019 8:20,UNABLE TO DETERMINE,UNABLE TO DETERMINE,6398,N,GREENVIEW AVE,2433,,,,,,,2,NO INDICATION OF INJURY,0,0,0,0,0,2,0,7,2,9,41.99806785,-87.66797869,POINT (-87.667978687168 41.998067848052)
JC435289,,9/16/2019 7:54,30,NO CONTROLS,NO CONTROLS,CLOUDY/OVERCAST,DAYLIGHT,PARKED MOTOR VEHICLE,NOT DIVIDED,,STRAIGHT AND LEVEL,DRY,NO DEFECTS,NOT ON SCENE (DESK REPORT),NO INJURY / DRIVE AWAY,,,,"OVER $1,500",9/16/2019 9:05,UNABLE TO DETERMINE,UNABLE TO DETERMINE,2401,W,OGDEN AVE,1023,,,,,,,2,NO INDICATION OF INJURY,0,0,0,0,0,3,0,7,2,9,41.86464673,-87.68600251,POINT (-87.686002512195 41.864646729616)
JC435666,,9/16/2019 7:50,30,TRAFFIC SIGNAL,FUNCTIONING PROPERLY,CLEAR,DAYLIGHT,REAR END,NOT DIVIDED,,STRAIGHT AND LEVEL,DRY,NO DEFECTS,NOT ON SCENE (DESK REPORT),NO INJURY / DRIVE AWAY,,,,"$501 - $1,500",9/16/2019 13:56,UNABLE TO DETERMINE,UNABLE TO DETERMINE,150,N,WACKER DR,122,,,,,,,2,NO INDICATION OF INJURY,0,0,0,0,0,2,0,7,2,9,41.88452546,-87.63721639,POINT (-87.637216392475 41.884525460956)
JC435251,,9/16/2019 7:50,25,NO CONTROLS,NO CONTROLS,CLEAR,DAYLIGHT,SIDESWIPE SAME DIRECTION,ONE-WAY,,STRAIGHT AND LEVEL,DRY,NO DEFECTS,NOT ON SCENE (DESK REPORT),NO INJURY / DRIVE AWAY,,,,"$501 - $1,500",9/16/2019 7:50,IMPROPER OVERTAKING/PASSING,UNABLE TO DETERMINE,1602,W,HADDON AVE,1213,,,,,,,2,NO INDICATION OF INJURY,0,0,0,0,0,2,0,7,2,9,41.90238613,-87.66761551,POINT (-87.66761550454 41.902386127982)
JC435220,,9/16/2019 7:43,30,NO CONTROLS,NO CONTROLS,UNKNOWN,"DARKNESS, LIGHTED ROAD",PARKED MOTOR VEHICLE,DIVIDED - W/MEDIAN BARRIER,,STRAIGHT AND LEVEL,DRY,NO DEFECTS,ON SCENE,NO INJURY / DRIVE AWAY,,,Y,"OVER $1,500",9/16/2019 7:45,UNABLE TO DETERMINE,NOT APPLICABLE,2645,W,63RD ST,825,,,,,,,2,NO INDICATION OF INJURY,0,0,0,0,0,1,0,7,2,9,41.77905237,-87.69030269,POINT (-87.690302684593 41.779052369289)
JC435242,,9/16/2019 7:40,45,NO CONTROLS,NO CONTROLS,CLEAR,DAYLIGHT,REAR END,DIVIDED - W/MEDIAN BARRIER,,STRAIGHT AND LEVEL,DRY,NO DEFECTS,ON SCENE,NO INJURY / DRIVE AWAY,,,,"OVER $1,500",9/16/2019 8:00,FOLLOWING TOO CLOSELY,NOT APPLICABLE,13,W,I190 EXPY,1654,,,,,,,2,NO INDICATION OF INJURY,0,0,0,0,0,2,0,7,2,9,,,
JC435224,,9/16/2019 7:40,25,NO CONTROLS,NO CONTROLS,CLEAR,DAYLIGHT,PEDESTRIAN,ONE-WAY,,STRAIGHT AND LEVEL,DRY,NO DEFECTS,ON SCENE,INJURY AND / OR TOW DUE TO CRASH,,,,$500 OR LESS,9/16/2019 7:43,IMPROPER BACKING,NOT APPLICABLE,3833,N,MARSHFIELD AVE,1922,,,,,,,2,NONINCAPACITATING INJURY,1,0,0,1,0,1,0,7,2,9,41.95162429,-87.6700622,POINT (-87.670062200309 41.951624290726)
JC442303,,9/16/2019 7:38,20,NO CONTROLS,NO CONTROLS,CLEAR,DAYLIGHT,SIDESWIPE SAME DIRECTION,NOT DIVIDED,,STRAIGHT AND LEVEL,DRY,NO DEFECTS,NOT ON SCENE (DESK REPORT),NO INJURY / DRIVE AWAY,,,,"$501 - $1,500",9/21/2019 7:45,UNABLE TO DETERMINE,UNABLE TO DETERMINE,9101,S,EUCLID AVE,413,,,,,,,2,NO INDICATION OF INJURY,0,0,0,0,0,3,0,7,2,9,41.72965645,-87.57660534,POINT (-87.576605341578 41.729656448535)
JC447226,,9/16/2019 7:30,45,NO CONTROLS,NO CONTROLS,UNKNOWN,UNKNOWN,SIDESWIPE SAME DIRECTION,DIVIDED - W/MEDIAN BARRIER,,STRAIGHT AND LEVEL,UNKNOWN,UNKNOWN,NOT ON SCENE (DESK REPORT),NO INJURY / DRIVE AWAY,,,,"$501 - $1,500",9/24/2019 22:00,IMPROPER OVERTAKING/PASSING,NOT APPLICABLE,100,S,LAKE SHORE DR NB,114,,,,,,,2,NO INDICATION OF INJURY,0,0,0,0,0,2,0,7,2,9,41.8808574,-87.61739714,POINT (-87.617397143842 41.880857397766)
JC435546,N,9/16/2019 7:30,10,NO CONTROLS,NO CONTROLS,CLEAR,"DARKNESS, LIGHTED ROAD",PARKED MOTOR VEHICLE,PARKING LOT,,STRAIGHT AND LEVEL,DRY,NO DEFECTS,ON SCENE,NO INJURY / DRIVE AWAY,,Y,Y,"OVER $1,500",9/16/2019 9:54,UNABLE TO DETERMINE,NOT APPLICABLE,333,E,BENTON PL,114,,,,,,,2,NO INDICATION OF INJURY,0,0,0,0,0,1,0,7,2,9,41.88539005,-87.61898671,POINT (-87.61898671164 41.88539004667)
JC435494,,9/16/2019 7:30,25,STOP SIGN/FLASHER,FUNCTIONING PROPERLY,CLEAR,DAYLIGHT,REAR END,FOUR WAY,,STRAIGHT AND LEVEL,DRY,NO DEFECTS,NOT ON SCENE (DESK REPORT),INJURY AND / OR TOW DUE TO CRASH,Y,,,"$501 - $1,500",9/16/2019 11:30,FOLLOWING TOO CLOSELY,UNABLE TO DETERMINE,325,E,NORTH WATER ST,1834,,,,,,,2,"REPORTED, NOT EVIDENT",1,0,0,0,1,1,0,7,2,9,41.88941584,-87.61923335,POINT (-87.619233349509 41.889415844494)
JC435228,,9/16/2019 7:30,30,TRAFFIC SIGNAL,FUNCTIONING PROPERLY,CLEAR,DAYLIGHT,REAR END,FOUR WAY,,STRAIGHT AND LEVEL,DRY,NO DEFECTS,ON SCENE,NO INJURY / DRIVE AWAY,Y,,,"$501 - $1,500",9/16/2019 8:00,UNABLE TO DETERMINE,UNABLE TO DETERMINE,6401,W,MONTROSE AVE,1632,,,,,,,2,NO INDICATION OF INJURY,0,0,0,0,0,2,0,7,2,9,41.96010649,-87.78686349,POINT (-87.7868634926 41.960106491383)
JC435222,,9/16/2019 7:30,30,STOP SIGN/FLASHER,FUNCTIONING PROPERLY,CLEAR,DAYLIGHT,ANGLE,NOT DIVIDED,,STRAIGHT AND LEVEL,DRY,NO DEFECTS,ON SCENE,NO INJURY / DRIVE AWAY,Y,,,"OVER $1,500",9/16/2019 7:35,DISREGARDING STOP SIGN,UNABLE TO DETERMINE,6500,S,KOSTNER AVE,833,,,,,,,2,NO INDICATION OF INJURY,0,0,0,0,0,2,0,7,2,9,41.77480908,-87.73256754,POINT (-87.732567539524 41.774809079896)
JC435218,,9/16/2019 7:30,20,NO CONTROLS,NO CONTROLS,CLEAR,DAYLIGHT,PARKED MOTOR VEHICLE,NOT DIVIDED,,STRAIGHT AND LEVEL,DRY,NO DEFECTS,ON SCENE,NO INJURY / DRIVE AWAY,,,,"$501 - $1,500",9/16/2019 7:31,UNABLE TO DETERMINE,NOT APPLICABLE,5834,W,BARRY AVE,2514,,,,,,,2,NO INDICATION OF INJURY,0,0,0,0,0,1,0,7,2,9,41.93677529,-87.77272778,POINT (-87.772727782645 41.936775289922)
JC435260,Y,9/16/2019 7:25,30,NO CONTROLS,NO CONTROLS,CLEAR,UNKNOWN,PARKED MOTOR VEHICLE,NOT DIVIDED,,STRAIGHT AND LEVEL,UNKNOWN,UNKNOWN,NOT ON SCENE (DESK REPORT),NO INJURY / DRIVE AWAY,,,Y,"OVER $1,500",9/16/2019 8:40,UNABLE TO DETERMINE,UNABLE TO DETERMINE,2748,W,62ND ST,825,,,,,,,2,NO INDICATION OF INJURY,0,0,0,0,0,1,0,7,2,9,41.7810568,-87.6929639,POINT (-87.69296390353 41.781056796695)
JC435286,Y,9/16/2019 7:20,25,NO CONTROLS,NO CONTROLS,CLEAR,DAYLIGHT,PARKED MOTOR VEHICLE,NOT DIVIDED,,STRAIGHT AND LEVEL,DRY,NO DEFECTS,ON SCENE,NO INJURY / DRIVE AWAY,,,Y,"OVER $1,500",9/16/2019 8:04,UNABLE TO DETERMINE,UNABLE TO DETERMINE,4344,W,PALMER ST,2522,,,,,,,2,NO INDICATION OF INJURY,0,0,0,0,0,1,0,7,2,9,41.92082228,-87.73583335,POINT (-87.735833354009 41.920822275365)
JC439502,,9/16/2019 7:15,30,NO CONTROLS,NO CONTROLS,CLEAR,DAYLIGHT,PARKED MOTOR VEHICLE,PARKING LOT,,STRAIGHT AND LEVEL,DRY,NO DEFECTS,NOT ON SCENE (DESK REPORT),INJURY AND / OR TOW DUE TO CRASH,,,,"OVER $1,500",9/19/2019 9:30,IMPROPER BACKING,IMPROPER BACKING,5001,W,DIVISION ST,1531,,,,,,,2,NO INDICATION OF INJURY,0,0,0,0,0,1,0,7,2,9,41.90219097,-87.75093176,POINT (-87.750931759327 41.902190967528)
JC437649,,9/16/2019 7:15,30,TRAFFIC SIGNAL,UNKNOWN,CLEAR,DAYLIGHT,PEDALCYCLIST,ONE-WAY,,STRAIGHT AND LEVEL,DRY,UNKNOWN,NOT ON SCENE (DESK REPORT),NO INJURY / DRIVE AWAY,,,,"$501 - $1,500",9/17/2019 19:23,UNABLE TO DETERMINE,UNABLE TO DETERMINE,4829,N,WOLCOTT AVE,2032,,,Y,,,,2,NO INDICATION OF INJURY,0,0,0,0,0,5,0,7,2,9,41.96967991,-87.67608467,POINT (-87.676084666361 41.969679906268)
JC435212,,9/16/2019 7:15,35,NO CONTROLS,NO CONTROLS,CLEAR,DAYLIGHT,REAR END,NOT DIVIDED,,STRAIGHT AND LEVEL,DRY,NO DEFECTS,NOT ON SCENE (DESK REPORT),NO INJURY / DRIVE AWAY,,,,"$501 - $1,500",9/16/2019 7:35,UNABLE TO DETERMINE,NOT APPLICABLE,3959,W,MARQUETTE RD,833,,,,,,,2,NO INDICATION OF INJURY,0,0,0,0,0,2,0,7,2,9,41.77126606,-87.72245051,POINT (-87.722450507355 41.77126605719)
JC435205,,9/16/2019 7:01,30,TRAFFIC SIGNAL,UNKNOWN,FOG/SMOKE/HAZE,DAYLIGHT,SIDESWIPE SAME DIRECTION,ONE-WAY,,STRAIGHT ON GRADE,WET,UNKNOWN,ON SCENE,NO INJURY / DRIVE AWAY,,,,$500 OR LESS,9/16/2019 7:16,UNABLE TO DETERMINE,NOT APPLICABLE,349,W,ADAMS ST,122,,,,,,,2,NO INDICATION OF INJURY,0,0,0,0,0,2,0,7,2,9,41.87924311,-87.6366278,POINT (-87.636627796922 41.879243107531)
JC435245,,9/16/2019 7:00,25,STOP SIGN/FLASHER,FUNCTIONING PROPERLY,CLEAR,DAYLIGHT,SIDESWIPE SAME DIRECTION,ONE-WAY,,STRAIGHT AND LEVEL,DRY,NO DEFECTS,NOT ON SCENE (DESK REPORT),NO INJURY / DRIVE AWAY,,,,"$501 - $1,500",9/16/2019 8:15,FAILING TO YIELD RIGHT-OF-WAY,IMPROPER OVERTAKING/PASSING,5358,W,ALTGELD ST,2515,,,,,,,2,NO INDICATION OF INJURY,0,0,0,0,0,2,0,7,2,9,41.9259899,-87.76109068,POINT (-87.761090676387 41.925989898923)
JC435189,,9/16/2019 7:00,15,NO CONTROLS,NO CONTROLS,CLEAR,DAYLIGHT,SIDESWIPE SAME DIRECTION,ONE-WAY,,STRAIGHT AND LEVEL,DRY,NO DEFECTS,ON SCENE,NO INJURY / DRIVE AWAY,,,,"OVER $1,500",9/16/2019 7:05,FAILING TO YIELD RIGHT-OF-WAY,NOT APPLICABLE,6120,N,OAKLEY AVE,2413,,,,,,,2,NO INDICATION OF INJURY,0,0,0,0,0,2,0,7,2,9,41.99296844,-87.68742589,POINT (-87.687425885419 41.992968434578)
JC435190,,9/16/2019 6:50,30,TRAFFIC SIGNAL,FUNCTIONING PROPERLY,CLEAR,DAWN,REAR END,NOT DIVIDED,,STRAIGHT AND LEVEL,DRY,NO DEFECTS,NOT ON SCENE (DESK REPORT),NO INJURY / DRIVE AWAY,N,,,"$501 - $1,500",9/16/2019 7:05,FOLLOWING TOO CLOSELY,FAILING TO REDUCE SPEED TO AVOID CRASH,4541,N,PULASKI RD,1723,,,,,,,2,NO INDICATION OF INJURY,0,0,0,0,0,2,0,6,2,9,41.96367871,-87.72775656,POINT (-87.727756559484 41.96367870718)
JC435735,,9/16/2019 6:49,30,NO CONTROLS,NO CONTROLS,CLEAR,DAYLIGHT,PARKED MOTOR VEHICLE,ONE-WAY,,STRAIGHT AND LEVEL,DRY,NO DEFECTS,NOT ON SCENE (DESK REPORT),NO INJURY / DRIVE AWAY,,,Y,$500 OR LESS,9/16/2019 14:36,UNABLE TO DETERMINE,UNABLE TO DETERMINE,251,E,HURON ST,1834,,,,,,,2,NO INDICATION OF INJURY,0,0,0,0,0,2,0,6,2,9,41.8949033,-87.62074373,POINT (-87.62074372624 41.894903302355)
JC435187,,9/16/2019 6:46,30,STOP SIGN/FLASHER,FUNCTIONING PROPERLY,CLEAR,DAYLIGHT,TURNING,NOT DIVIDED,,STRAIGHT AND LEVEL,DRY,NO DEFECTS,ON SCENE,NO INJURY / DRIVE AWAY,,,,"OVER $1,500",9/16/2019 6:50,UNABLE TO DETERMINE,UNABLE TO DETERMINE,2700,N,OAK PARK AVE,2512,,,,,,,2,NO INDICATION OF INJURY,0,0,0,0,0,2,0,6,2,9,41.92915018,-87.79556003,POINT (-87.795560024922 41.929150184187)
JC437077,,9/16/2019 6:30,30,NO CONTROLS,NO CONTROLS,CLEAR,DAYLIGHT,SIDESWIPE SAME DIRECTION,DIVIDED - W/MEDIAN (NOT RAISED),,"CURVE, LEVEL",DRY,NO DEFECTS,NOT ON SCENE (DESK REPORT),NO INJURY / DRIVE AWAY,,,Y,"OVER $1,500",9/17/2019 13:15,IMPROPER LANE USAGE,NOT APPLICABLE,900,W,HOLLYWOOD AVE,2022,,,,,,,2,NO INDICATION OF INJURY,0,0,0,0,0,2,0,6,2,9,41.98559489,-87.65354218,POINT (-87.65354218362 41.985594894114)
JC435188,,9/16/2019 6:30,15,NO CONTROLS,NO CONTROLS,CLEAR,DAYLIGHT,FIXED OBJECT,ALLEY,,STRAIGHT AND LEVEL,DRY,"RUT, HOLES",ON SCENE,NO INJURY / DRIVE AWAY,,,,"OVER $1,500",9/16/2019 6:48,DRIVING SKILLS/KNOWLEDGE/EXPERIENCE,DRIVING SKILLS/KNOWLEDGE/EXPERIENCE,4001,W,FULLERTON AVE,2525,,,,,,,1,NO INDICATION OF INJURY,0,0,0,0,0,1,0,6,2,9,41.92437353,-87.72681368,POINT (-87.726813678073 41.924373528724)
JC435201,,9/16/2019 6:15,45,NO CONTROLS,NO CONTROLS,CLOUDY/OVERCAST,DAYLIGHT,REAR END,OTHER,,STRAIGHT AND LEVEL,DRY,NO DEFECTS,ON SCENE,NO INJURY / DRIVE AWAY,,,,"OVER $1,500",9/16/2019 6:46,FOLLOWING TOO CLOSELY,NOT APPLICABLE,13,W,I190 EXPY,1654,,,,,,,3,NO INDICATION OF INJURY,0,0,0,0,0,3,0,6,2,9,,,
JC435277,Y,9/16/2019 6:00,20,NO CONTROLS,NO CONTROLS,UNKNOWN,UNKNOWN,PARKED MOTOR VEHICLE,NOT DIVIDED,,STRAIGHT AND LEVEL,UNKNOWN,NO DEFECTS,NOT ON SCENE (DESK REPORT),NO INJURY / DRIVE AWAY,,,Y,"OVER $1,500",9/16/2019 8:50,UNABLE TO DETERMINE,NOT APPLICABLE,2423,N,HARDING AVE,2524,,,,,,,2,NO INDICATION OF INJURY,0,0,0,0,0,1,0,6,2,9,41.92534136,-87.72542914,POINT (-87.725429136279 41.925341356075)
JC435263,,9/16/2019 6:00,35,TRAFFIC SIGNAL,UNKNOWN,CLEAR,DUSK,SIDESWIPE SAME DIRECTION,CENTER TURN LANE,,STRAIGHT AND LEVEL,DRY,UNKNOWN,NOT ON SCENE (DESK REPORT),NO INJURY / DRIVE AWAY,,,,"OVER $1,500",9/16/2019 8:00,IMPROPER LANE USAGE,UNABLE TO DETERMINE,13000,S,TORRENCE AVE,434,,,,,,,2,NO INDICATION OF INJURY,0,0,0,0,0,2,0,6,2,9,41.65912619,-87.55943274,POINT (-87.559432741943 41.659126189932)
JC435173,,9/16/2019 6:00,30,STOP SIGN/FLASHER,UNKNOWN,CLEAR,DAWN,ANGLE,Y-INTERSECTION,,STRAIGHT AND LEVEL,DRY,UNKNOWN,ON SCENE,INJURY AND / OR TOW DUE TO CRASH,Y,,,"OVER $1,500",9/16/2019 6:19,UNABLE TO DETERMINE,UNABLE TO DETERMINE,4600,N,KNOX AVE,1722,,,,,,,2,NO INDICATION OF INJURY,0,0,0,0,0,3,0,6,2,9,41.96450397,-87.74409288,POINT (-87.744092883324 41.964503964911)
JC435170,,9/16/2019 5:48,30,TRAFFIC SIGNAL,FUNCTIONING PROPERLY,CLEAR,DAWN,REAR END,NOT DIVIDED,,STRAIGHT AND LEVEL,DRY,NO DEFECTS,NOT ON SCENE (DESK REPORT),NO INJURY / DRIVE AWAY,Y,,,"OVER $1,500",9/16/2019 6:15,FOLLOWING TOO CLOSELY,UNABLE TO DETERMINE,3558,W,MONTROSE AVE,1723,,,,,,,2,NO INDICATION OF INJURY,0,0,0,0,0,3,0,5,2,9,41.96117974,-87.7179802,POINT (-87.717980201564 41.961179741216)
JC436782,,9/16/2019 5:45,30,NO CONTROLS,NO CONTROLS,CLEAR,DARKNESS,SIDESWIPE SAME DIRECTION,NOT DIVIDED,,STRAIGHT AND LEVEL,"SAND, MUD, DIRT",NO DEFECTS,NOT ON SCENE (DESK REPORT),NO INJURY / DRIVE AWAY,,,,"OVER $1,500",9/17/2019 9:19,ROAD CONSTRUCTION/MAINTENANCE,UNABLE TO DETERMINE,30,W,95TH ST,634,,,,Y,UNKNOWN,,2,NO INDICATION OF INJURY,0,0,0,0,0,2,0,5,2,9,41.72175971,-87.62495772,POINT (-87.624957715468 41.721759712746)
JC436513,,9/16/2019 5:45,30,NO CONTROLS,NO CONTROLS,RAIN,"DARKNESS, LIGHTED ROAD",PARKED MOTOR VEHICLE,ONE-WAY,,STRAIGHT AND LEVEL,WET,NO DEFECTS,NOT ON SCENE (DESK REPORT),NO INJURY / DRIVE AWAY,,,,"OVER $1,500",9/16/2019 23:50,NOT APPLICABLE,NOT APPLICABLE,8046,S,CALUMET AVE,623,,,,,,,2,NO INDICATION OF INJURY,0,0,0,0,0,1,0,5,2,9,41.74786582,-87.61659606,POINT (-87.616596060994 41.747865817624)
JC436008,,9/16/2019 5:40,30,NO CONTROLS,NO CONTROLS,CLEAR,DAYLIGHT,PARKED MOTOR VEHICLE,ONE-WAY,,STRAIGHT AND LEVEL,DRY,NO DEFECTS,NOT ON SCENE (DESK REPORT),NO INJURY / DRIVE AWAY,,,Y,"$501 - $1,500",9/16/2019 17:12,NOT APPLICABLE,NOT APPLICABLE,3818,W,60TH ST,822,,,,,,,2,NO INDICATION OF INJURY,0,0,0,0,0,1,0,5,2,9,41.78429032,-87.71881768,POINT (-87.718817679149 41.784290316728)
JC435171,,9/16/2019 5:30,30,NO CONTROLS,NO CONTROLS,CLEAR,"DARKNESS, LIGHTED ROAD",TURNING,NOT DIVIDED,,STRAIGHT AND LEVEL,DRY,NO DEFECTS,NOT ON SCENE (DESK REPORT),INJURY AND / OR TOW DUE TO CRASH,Y,,,"$501 - $1,500",9/16/2019 6:15,FAILING TO YIELD RIGHT-OF-WAY,NOT APPLICABLE,1600,N,LUNA AVE,2532,,,,,,,2,NONINCAPACITATING INJURY,1,0,0,1,0,1,0,5,2,9,41.90948295,-87.7643665,POINT (-87.764366496475 41.909482945635)
JC435161,,9/16/2019 5:25,30,TRAFFIC SIGNAL,FUNCTIONING PROPERLY,CLEAR,"DARKNESS, LIGHTED ROAD",REAR END,DIVIDED - W/MEDIAN BARRIER,,STRAIGHT AND LEVEL,DRY,NO DEFECTS,ON SCENE,NO INJURY / DRIVE AWAY,Y,,,"OVER $1,500",9/16/2019 5:25,NOT APPLICABLE,UNABLE TO DETERMINE,4401,S,CICERO AVE,815,,,,,,,2,NO INDICATION OF INJURY,0,0,0,0,0,2,0,5,2,9,41.81300749,-87.74315653,POINT (-87.743156531911 41.813007490947)
JC435162,,9/16/2019 5:15,30,TRAFFIC SIGNAL,FUNCTIONING PROPERLY,CLEAR,"DARKNESS, LIGHTED ROAD",ANGLE,UNKNOWN INTERSECTION TYPE,,STRAIGHT AND LEVEL,DRY,NO DEFECTS,ON SCENE,INJURY AND / OR TOW DUE TO CRASH,Y,,,"OVER $1,500",9/16/2019 5:25,UNABLE TO DETERMINE,"OPERATING VEHICLE IN ERRATIC, RECKLESS, CARELESS, NEGLIGENT OR AGGRESSIVE MANNER",500,E,ILLINOIS ST,1834,,,,,,,2,NO INDICATION OF INJURY,0,0,0,0,0,2,0,5,2,9,41.89120784,-87.6151303,POINT (-87.615130302871 41.891207840971)
JC436372,,9/16/2019 5:00,30,NO CONTROLS,NO CONTROLS,CLEAR,DAWN,PARKED MOTOR VEHICLE,ONE-WAY,,STRAIGHT AND LEVEL,DRY,NO DEFECTS,NOT ON SCENE (DESK REPORT),NO INJURY / DRIVE AWAY,,,,"$501 - $1,500",9/16/2019 20:30,UNABLE TO DETERMINE,UNABLE TO DETERMINE,4900,S,EAST END AVE,222,,,,,,,2,NO INDICATION OF INJURY,0,0,0,0,0,1,0,5,2,9,41.80564256,-87.58651408,POINT (-87.586514082175 41.805642558593)
JC436147,,9/16/2019 5:00,15,NO CONTROLS,NO CONTROLS,CLEAR,DAYLIGHT,PARKED MOTOR VEHICLE,PARKING LOT,,STRAIGHT AND LEVEL,DRY,NO DEFECTS,NOT ON SCENE (DESK REPORT),NO INJURY / DRIVE AWAY,,,Y,"OVER $1,500",9/16/2019 18:29,UNABLE TO DETERMINE,NOT APPLICABLE,100,S,LOTUS AVE,1522,,,,,,,2,NO INDICATION OF INJURY,0,0,0,0,0,1,0,5,2,9,41.87924264,-87.76193446,POINT (-87.761934457325 41.879242640215)
JC436003,Y,9/16/2019 5:00,20,NO CONTROLS,NO CONTROLS,UNKNOWN,UNKNOWN,PARKED MOTOR VEHICLE,ONE-WAY,,STRAIGHT AND LEVEL,UNKNOWN,NO DEFECTS,NOT ON SCENE (DESK REPORT),NO INJURY / DRIVE AWAY,,,Y,"OVER $1,500",9/16/2019 17:10,UNABLE TO DETERMINE,NOT APPLICABLE,6210,N,OAKLEY AVE,2413,,,,,,,2,NO INDICATION OF INJURY,0,0,0,0,0,1,0,5,2,9,41.99450458,-87.68747261,POINT (-87.687472612117 41.99450457593)