RD_NO,CRASH_DATE_EST_I,CRASH_DATE,POSTED_SPEED_LIMIT,TRAFFIC_CONTROL_DEVICE,DEVICE_CONDITION,WEATHER_CONDITION,LIGHTING_CONDITION,FIRST_CRASH_TYPE,TRAFFICWAY_TYPE,LANE_CNT,ALIGNMENT,ROADWAY_SURFACE_COND,ROAD_DEFECT,REPORT_TYPE,CRASH_TYPE,INTERSECTION_RELATED_I,NOT_RIGHT_OF_WAY_I,HIT_AND_RUN_I,DAMAGE,DATE_POLICE_NOTIFIED,PRIM_CONTRIBUTORY_CAUSE,SEC_CONTRIBUTORY_CAUSE,STREET_NO,STREET_DIRECTION,STREET_NAME,BEAT_OF_OCCURRENCE,PHOTOS_TAKEN_I,STATEMENTS_TAKEN_I,DOORING_I,WORK_ZONE_I,WORK_ZONE_TYPE,WORKERS_PRESENT_I,NUM_UNITS,MOST_SEVERE_INJURY,INJURIES_TOTAL,INJURIES_FATAL,INJURIES_INCAPACITATING,INJURIES_NON_INCAPACITATING,INJURIES_REPORTED_NOT_EVIDENT,INJURIES_NO_INDICATION,INJURIES_UNKNOWN,CRASH_HOUR,CRASH_DAY_OF_WEEK,CRASH_MONTH,LATITUDE,LONGITUDE,LOCATION
JC436032,,9/16/2019 4:50,30,NO CONTROLS,NO CONTROLS,CLEAR,DARKNESS,PARKED MOTOR VEHICLE,NOT DIVIDED,,STRAIGHT AND LEVEL,DRY,UNKNOWN,NOT ON SCENE (DESK REPORT),NO INJURY / DRIVE AWAY,,,Y,"OVER $1,500",9/16/2019 17:28,UNABLE TO DETERMINE,UNABLE TO DETERMINE,3200,S,LOWE AVE,915,,,,,,,2,NO INDICATION OF INJURY,0,0,0,0,0,1,0,4,2,9,41.83617635,-87.64272584,POINT (-87.642725839617 41.836176354242)
JC435140,,9/16/2019 4:04,30,NO CONTROLS,NO CONTROLS,CLEAR,"DARKNESS, LIGHTED ROAD",PARKED MOTOR VEHICLE,NOT DIVIDED,,STRAIGHT AND LEVEL,WET,NO DEFECTS,ON SCENE,NO INJURY / DRIVE AWAY,,,Y,"OVER $1,500",9/16/2019 4:04,UNABLE TO DETERMINE,UNABLE TO DETERMINE,2127,E,92ND ST,413,,,,,,,2,NO INDICATION OF INJURY,0,0,0,0,0,1,0,4,2,9,41.72787553,-87.57190648,POINT (-87.571906477047 41.727875528482)
JC435575,Y,9/16/2019 4:00,0,NO CONTROLS,NO CONTROLS,CLEAR,DARKNESS,FIXED OBJECT,PARKING LOT,,STRAIGHT AND LEVEL,DRY,UNKNOWN,ON SCENE,NO INJURY / DRIVE AWAY,,Y,,"OVER $1,500",9/16/2019 12:40,UNABLE TO DETERMINE,UNABLE TO DETERMINE,5424,W,FULLERTON AVE,2515,,,,,,,1,NO INDICATION OF INJURY,0,0,0,0,0,1,0,4,2,9,41.92413929,-87.76207927,POINT (-87.762079265109 41.924139291058)
JC435149,,9/16/2019 3:54,30,NO CONTROLS,NO CONTROLS,CLEAR,"DARKNESS, LIGHTED ROAD",FIXED OBJECT,DIVIDED - W/MEDIAN (NOT RAISED),,STRAIGHT AND LEVEL,DRY,NO DEFECTS,ON SCENE,INJURY AND / OR TOW DUE TO CRASH,,,,"$501 - $1,500",9/16/2019 3:54,NOT APPLICABLE,NOT APPLICABLE,4014,N,NARRAGANSETT AVE,1632,,,,,,,1,FATAL,1,1,0,0,0,0,0,3,2,9,41.95340329,-87.78672655,POINT (-87.786726550423 41.953403291511)
JC436901,,9/16/2019 3:20,30,NO CONTROLS,NO CONTROLS,CLEAR,DAYLIGHT,ANGLE,DIVIDED - W/MEDIAN (NOT RAISED),,STRAIGHT AND LEVEL,DRY,NO DEFECTS,NOT ON SCENE (DESK REPORT),NO INJURY / DRIVE AWAY,,,,"OVER $1,500",9/17/2019 11:00,FAILING TO YIELD RIGHT-OF-WAY,FAILING TO YIELD RIGHT-OF-WAY,4232,S,ARCHER AVE,921,,,,,,,2,NO INDICATION OF INJURY,0,0,0,0,0,2,0,3,2,9,41.81656276,-87.70044782,POINT (-87.700447816595 41.81656275915)
JC435119,,9/16/2019 3:10,30,NO CONTROLS,NO CONTROLS,CLEAR,"DARKNESS, LIGHTED ROAD",FIXED OBJECT,DIVIDED - W/MEDIAN (NOT RAISED),,STRAIGHT AND LEVEL,DRY,NO DEFECTS,ON SCENE,INJURY AND / OR TOW DUE TO CRASH,,Y,,"OVER $1,500",9/16/2019 3:11,UNABLE TO DETERMINE,NOT APPLICABLE,6020,S,WESTERN AVE,825,,,,,,,1,NO INDICATION OF INJURY,0,0,0,0,0,1,0,3,2,9,41.78407583,-87.68391888,POINT (-87.683918882251 41.784075825672)
JC437894,,9/16/2019 3:00,10,STOP SIGN/FLASHER,FUNCTIONING PROPERLY,CLEAR,"DARKNESS, LIGHTED ROAD",SIDESWIPE SAME DIRECTION,NOT DIVIDED,,STRAIGHT AND LEVEL,DRY,NO DEFECTS,NOT ON SCENE (DESK REPORT),NO INJURY / DRIVE AWAY,,,Y,"$501 - $1,500",9/17/2019 23:15,FAILING TO YIELD RIGHT-OF-WAY,FAILING TO REDUCE SPEED TO AVOID CRASH,4058,W,60TH ST,813,,,,,,,2,NO INDICATION OF INJURY,0,0,0,0,0,2,0,3,2,9,41.78419604,-87.72529637,POINT (-87.725296373706 41.784196037828)
JC435335,Y,9/16/2019 3:00,25,NO CONTROLS,NO CONTROLS,FOG/SMOKE/HAZE,DUSK,PARKED MOTOR VEHICLE,NOT DIVIDED,,STRAIGHT AND LEVEL,DRY,NO DEFECTS,ON SCENE,NO INJURY / DRIVE AWAY,,,,"$501 - $1,500",9/16/2019 9:36,UNABLE TO DETERMINE,UNABLE TO DETERMINE,7752,S,JEFFERY BLVD,414,,,,,,,2,NO INDICATION OF INJURY,0,0,0,0,0,1,0,3,2,9,41.7536823,-87.57617846,POINT (-87.576178454571 41.75368229688)
JC435122,,9/16/2019 2:50,30,TRAFFIC SIGNAL,FUNCTIONING PROPERLY,CLEAR,"DARKNESS, LIGHTED ROAD",FIXED OBJECT,DIVIDED - W/MEDIAN BARRIER,,STRAIGHT AND LEVEL,DRY,NO DEFECTS,ON SCENE,NO INJURY / DRIVE AWAY,Y,,,"$501 - $1,500",9/16/2019 3:31,IMPROPER TURNING/NO SIGNAL,UNABLE TO DETERMINE,101,W,WACKER DR,122,,,,,,,1,NO INDICATION OF INJURY,0,0,0,0,0,1,0,2,2,9,41.88670713,-87.63107542,POINT (-87.631075419733 41.886707133705)
JC442608,,9/16/2019 2:30,15,NO CONTROLS,NO CONTROLS,UNKNOWN,DAYLIGHT,PARKED MOTOR VEHICLE,PARKING LOT,,STRAIGHT AND LEVEL,UNKNOWN,NO DEFECTS,NOT ON SCENE (DESK REPORT),NO INJURY / DRIVE AWAY,,,Y,$500 OR LESS,9/21/2019 12:30,UNABLE TO DETERMINE,NOT APPLICABLE,2333,W,MADISON ST,1223,,,,,,,2,,,,,,,,,2,2,9,41.88106937,-87.68530755,POINT (-87.68530755272 41.881069374222)
JC435112,,9/16/2019 2:30,25,NO CONTROLS,NO CONTROLS,CLEAR,"DARKNESS, LIGHTED ROAD",FIXED OBJECT,ONE-WAY,,STRAIGHT AND LEVEL,DRY,NO DEFECTS,ON SCENE,INJURY AND / OR TOW DUE TO CRASH,,,Y,"OVER $1,500",9/16/2019 2:42,UNABLE TO DETERMINE,UNABLE TO DETERMINE,2436,E,81ST ST,422,,,,,,,1,,,,,,,,,2,2,9,41.74822476,-87.56473753,POINT (-87.564737528487 41.748224762567)
JC435259,,9/16/2019 2:29,30,NO CONTROLS,NO CONTROLS,CLEAR,"DARKNESS, LIGHTED ROAD",PARKED MOTOR VEHICLE,ONE-WAY,,STRAIGHT AND LEVEL,DRY,UNKNOWN,ON SCENE,INJURY AND / OR TOW DUE TO CRASH,,,Y,"OVER $1,500",9/16/2019 8:00,"OPERATING VEHICLE IN ERRATIC, RECKLESS, CARELESS, NEGLIGENT OR AGGRESSIVE MANNER",NOT APPLICABLE,700,N,RACINE AVE,1215,,,,,,,5,NO INDICATION OF INJURY,0,0,0,0,0,1,0,2,2,9,41.89442373,-87.65761242,POINT (-87.657612424468 41.89442373109)
JC435115,,9/16/2019 2:20,30,STOP SIGN/FLASHER,FUNCTIONING PROPERLY,CLEAR,"DARKNESS, LIGHTED ROAD",ANGLE,NOT DIVIDED,,STRAIGHT AND LEVEL,DRY,NO DEFECTS,,INJURY AND / OR TOW DUE TO CRASH,,,Y,"OVER $1,500",9/16/2019 2:22,FAILING TO YIELD RIGHT-OF-WAY,FAILING TO YIELD RIGHT-OF-WAY,5532,W,NORTH AVE,2532,,,,,,,2,NO INDICATION OF INJURY,0,0,0,0,0,2,0,2,2,9,41.90950288,-87.76433931,POINT (-87.764339310215 41.90950287656)
JC435111,Y,9/16/2019 2:20,30,NO CONTROLS,NO CONTROLS,CLEAR,"DARKNESS, LIGHTED ROAD",PARKED MOTOR VEHICLE,ONE-WAY,,STRAIGHT AND LEVEL,DRY,NO DEFECTS,ON SCENE,INJURY AND / OR TOW DUE TO CRASH,,,,"OVER $1,500",9/16/2019 2:20,UNABLE TO DETERMINE,UNABLE TO DETERMINE,7348,S,PERRY AVE,731,,,,,,,6,NONINCAPACITATING INJURY,1,0,0,1,0,1,0,2,2,9,41.76037498,-87.62819928,POINT (-87.628199276137 41.760374974907)
JC435098,,9/16/2019 2:20,30,NO CONTROLS,NO CONTROLS,CLEAR,"DARKNESS, LIGHTED ROAD",PARKED MOTOR VEHICLE,NOT DIVIDED,,STRAIGHT AND LEVEL,DRY,NO DEFECTS,ON SCENE,INJURY AND / OR TOW DUE TO CRASH,,,,"OVER $1,500",9/16/2019 2:25,UNDER THE INFLUENCE OF ALCOHOL/DRUGS (USE WHEN ARREST IS EFFECTED),NOT APPLICABLE,4205,N,LARAMIE AVE,1624,,,,,,,2,NO INDICATION OF INJURY,0,0,0,0,0,2,0,2,2,9,41.95712482,-87.75712734,POINT (-87.757127335757 41.957124819024)
JC435097,,9/16/2019 2:17,30,TRAFFIC SIGNAL,FUNCTIONING PROPERLY,CLEAR,"DARKNESS, LIGHTED ROAD",TURNING,FOUR WAY,,STRAIGHT AND LEVEL,DRY,NO DEFECTS,ON SCENE,INJURY AND / OR TOW DUE TO CRASH,Y,,,"OVER $1,500",9/16/2019 2:18,IMPROPER TURNING/NO SIGNAL,IMPROPER LANE USAGE,4802,W,BELMONT AVE,1634,,,,,,,2,NONINCAPACITATING INJURY,1,0,0,1,0,1,0,2,2,9,41.93893311,-87.74707525,POINT (-87.747075246639 41.938933109906)
JC435091,,9/16/2019 2:08,30,NO CONTROLS,NO CONTROLS,CLEAR,"DARKNESS, LIGHTED ROAD",PARKED MOTOR VEHICLE,NOT DIVIDED,,STRAIGHT AND LEVEL,DRY,NO DEFECTS,ON SCENE,INJURY AND / OR TOW DUE TO CRASH,,,,"OVER $1,500",9/16/2019 2:17,FAILING TO REDUCE SPEED TO AVOID CRASH,UNABLE TO DETERMINE,3600,W,59TH ST,822,,,,,,,3,NO INDICATION OF INJURY,0,0,0,0,0,1,0,2,2,9,41.78619655,-87.71348942,POINT (-87.713489421846 41.786196544925)
JC435410,,9/16/2019 2:00,30,NO CONTROLS,NO CONTROLS,CLEAR,"DARKNESS, LIGHTED ROAD",OTHER OBJECT,PARKING LOT,,STRAIGHT AND LEVEL,DRY,NO DEFECTS,NOT ON SCENE (DESK REPORT),NO INJURY / DRIVE AWAY,,,,"OVER $1,500",9/16/2019 10:40,UNABLE TO DETERMINE,UNABLE TO DETERMINE,1240,W,RANDOLPH ST,1224,,,,,,,1,NO INDICATION OF INJURY,0,0,0,0,0,1,0,2,2,9,41.8843278,-87.65845724,POINT (-87.658457243003 41.884327801686)
JC435095,Y,9/16/2019 1:56,30,TRAFFIC SIGNAL,FUNCTIONING PROPERLY,CLEAR,"DARKNESS, LIGHTED ROAD",PEDESTRIAN,ONE-WAY,,STRAIGHT AND LEVEL,DRY,NO DEFECTS,ON SCENE,INJURY AND / OR TOW DUE TO CRASH,,,Y,"OVER $1,500",9/16/2019 1:56,UNABLE TO DETERMINE,UNABLE TO DETERMINE,19,E,OHIO ST,1834,,,,,,,2,FATAL,1,1,0,0,0,1,0,1,2,9,41.89237404,-87.62724294,POINT (-87.627242941998 41.892374041012)
JC435107,,9/16/2019 1:47,30,NO CONTROLS,NO CONTROLS,CLEAR,"DARKNESS, LIGHTED ROAD",FIXED OBJECT,ONE-WAY,,STRAIGHT AND LEVEL,DRY,NO DEFECTS,NOT ON SCENE (DESK REPORT),NO INJURY / DRIVE AWAY,,,,"$501 - $1,500",9/16/2019 1:48,IMPROPER BACKING,NOT APPLICABLE,7806,S,PHILLIPS AVE,421,,,,,,,1,NO INDICATION OF INJURY,0,0,0,0,0,2,0,1,2,9,41.75329994,-87.56519675,POINT (-87.565196745198 41.753299943112)
JC435057,,9/16/2019 1:35,30,UNKNOWN,NO CONTROLS,CLOUDY/OVERCAST,"DARKNESS, LIGHTED ROAD",FIXED OBJECT,FOUR WAY,,STRAIGHT AND LEVEL,DRY,UNKNOWN,ON SCENE,INJURY AND / OR TOW DUE TO CRASH,Y,,Y,"OVER $1,500",9/16/2019 1:35,UNABLE TO DETERMINE,UNABLE TO DETERMINE,702,W,68TH ST,723,,,,,,,1,NO INDICATION OF INJURY,0,0,0,0,0,2,0,1,2,9,41.7708085,-87.64189432,POINT (-87.6418943183 41.770808495561)
JC435083,,9/16/2019 1:20,30,TRAFFIC SIGNAL,FUNCTIONING PROPERLY,CLEAR,"DARKNESS, LIGHTED ROAD",REAR END,DIVIDED - W/MEDIAN (NOT RAISED),,STRAIGHT AND LEVEL,DRY,NO DEFECTS,NOT ON SCENE (DESK REPORT),NO INJURY / DRIVE AWAY,Y,,Y,"OVER $1,500",9/16/2019 1:50,FOLLOWING TOO CLOSELY,UNABLE TO DETERMINE,300,W,WACKER DR,122,,,,,,,3,NO INDICATION OF INJURY,0,0,0,0,0,5,0,1,2,9,41.88688546,-87.63562182,POINT (-87.635621824237 41.886885456143)
JC435649,,9/16/2019 1:10,30,NO CONTROLS,NO CONTROLS,CLEAR,DAYLIGHT,TURNING,NOT DIVIDED,,STRAIGHT AND LEVEL,DRY,NO DEFECTS,ON SCENE,INJURY AND / OR TOW DUE TO CRASH,,,,"OVER $1,500",9/16/2019 1:10,UNABLE TO DETERMINE,UNABLE TO DETERMINE,6437,W,DEVON AVE,1611,,,,,,,2,INCAPACITATING INJURY,2,0,2,0,0,0,0,1,2,9,41.99723127,-87.78888082,POINT (-87.788880819478 41.997231265333)
JC435080,,9/16/2019 1:00,30,TRAFFIC SIGNAL,FUNCTIONING PROPERLY,CLEAR,"DARKNESS, LIGHTED ROAD",SIDESWIPE SAME DIRECTION,NOT DIVIDED,,STRAIGHT AND LEVEL,DRY,NO DEFECTS,NOT ON SCENE (DESK REPORT),NO INJURY / DRIVE AWAY,Y,,Y,"$501 - $1,500",9/16/2019 1:35,IMPROPER LANE USAGE,NOT APPLICABLE,150,W,WACKER DR,122,,,,,,,2,NO INDICATION OF INJURY,0,0,0,0,0,2,0,1,2,9,41.88703915,-87.63255806,POINT (-87.632558056254 41.887039149781)
JC435062,,9/16/2019 1:00,30,NO CONTROLS,NO CONTROLS,CLEAR,"DARKNESS, LIGHTED ROAD",PEDALCYCLIST,ONE-WAY,,STRAIGHT AND LEVEL,DRY,NO DEFECTS,ON SCENE,NO INJURY / DRIVE AWAY,,,Y,"OVER $1,500",9/16/2019 1:05,UNABLE TO DETERMINE,NOT APPLICABLE,40,W,ILLINOIS ST,1831,,,,,,,2,NO INDICATION OF INJURY,0,0,0,0,0,2,0,1,2,9,41.89094466,-87.62955405,POINT (-87.629554048003 41.890944656709)
JC435058,,9/16/2019 0:50,30,TRAFFIC SIGNAL,FUNCTIONING PROPERLY,CLEAR,"DARKNESS, LIGHTED ROAD",ANGLE,DIVIDED - W/MEDIAN (NOT RAISED),,STRAIGHT AND LEVEL,DRY,NO DEFECTS,ON SCENE,INJURY AND / OR TOW DUE TO CRASH,Y,,Y,"OVER $1,500",9/16/2019 0:52,DISREGARDING TRAFFIC SIGNALS,NOT APPLICABLE,5500,S,CENTRAL AVE,811,,,,,,,2,NONINCAPACITATING INJURY,1,0,0,1,0,1,0,0,2,9,41.79264234,-87.7624466,POINT (-87.762446600716 41.792642336891)
JC435037,,9/16/2019 0:30,30,NO CONTROLS,NO CONTROLS,CLEAR,"DARKNESS, LIGHTED ROAD",PARKED MOTOR VEHICLE,NOT DIVIDED,,STRAIGHT AND LEVEL,DRY,NO DEFECTS,ON SCENE,NO INJURY / DRIVE AWAY,,,Y,"OVER $1,500",9/16/2019 0:45,UNABLE TO DETERMINE,NOT APPLICABLE,4952,N,KEDZIE AVE,1713,,,,,,,2,NO INDICATION OF INJURY,0,0,0,0,0,1,0,0,2,9,41.97182745,-87.70871794,POINT (-87.708717941532 41.971827454381)
JC435044,Y,9/16/2019 0:25,30,NO CONTROLS,NO CONTROLS,CLEAR,"DARKNESS, LIGHTED ROAD",PARKED MOTOR VEHICLE,ONE-WAY,,STRAIGHT AND LEVEL,DRY,NO DEFECTS,ON SCENE,INJURY AND / OR TOW DUE TO CRASH,,,,"$501 - $1,500",9/16/2019 0:28,FAILING TO REDUCE SPEED TO AVOID CRASH,UNABLE TO DETERMINE,2139,N,LONG AVE,2515,,,,,,,5,NO INDICATION OF INJURY,0,0,0,0,0,1,0,0,2,9,41.91977367,-87.76078181,POINT (-87.760781812725 41.919773667808)
JC436505,,9/16/2019 0:15,30,NO CONTROLS,NO CONTROLS,CLEAR,"DARKNESS, LIGHTED ROAD",FIXED OBJECT,NOT DIVIDED,,STRAIGHT AND LEVEL,DRY,NO DEFECTS,NOT ON SCENE (DESK REPORT),NO INJURY / DRIVE AWAY,,,,"OVER $1,500",9/16/2019 23:35,UNABLE TO DETERMINE,NOT APPLICABLE,8350,S,WESTERN AVE,835,,,,,,,1,NO INDICATION OF INJURY,0,0,0,0,0,1,0,0,2,9,41.74138008,-87.68279526,POINT (-87.682795255904 41.741380083552)
JC435035,,9/16/2019 0:15,30,UNKNOWN,UNKNOWN,CLEAR,DUSK,PARKED MOTOR VEHICLE,NOT DIVIDED,,STRAIGHT AND LEVEL,DRY,UNKNOWN,NOT ON SCENE (DESK REPORT),INJURY AND / OR TOW DUE TO CRASH,,,Y,"OVER $1,500",9/16/2019 0:25,UNABLE TO DETERMINE,NOT APPLICABLE,5000,N,KEDZIE AVE,1713,,,,,,,2,NO INDICATION OF INJURY,0,0,0,0,0,1,0,0,2,9,41.97217897,-87.70872946,POINT (-87.708729464243 41.972178968443)
JC438808,Y,9/16/2019 0:00,35,NO CONTROLS,NO CONTROLS,CLEAR,DAYLIGHT,PARKED MOTOR VEHICLE,OTHER,,STRAIGHT AND LEVEL,UNKNOWN,UNKNOWN,NOT ON SCENE (DESK REPORT),NO INJURY / DRIVE AWAY,,,Y,$500 OR LESS,9/18/2019 17:20,NOT APPLICABLE,NOT APPLICABLE,6056,S,FRANCISCO AVE,823,,,,,,,2,NO INDICATION OF INJURY,0,0,0,0,0,1,0,0,2,9,41.78286923,-87.69608313,POINT (-87.696083129472 41.782869224609)
JC435087,,9/15/2019 23:47,30,STOP SIGN/FLASHER,UNKNOWN,UNKNOWN,UNKNOWN,ANGLE,FOUR WAY,,STRAIGHT AND LEVEL,UNKNOWN,UNKNOWN,NOT ON SCENE (DESK REPORT),INJURY AND / OR TOW DUE TO CRASH,Y,,Y,"OVER $1,500",9/16/2019 1:45,UNABLE TO DETERMINE,DISREGARDING STOP SIGN,6001,S,NORMAL BLVD,711,,,,,,,2,NO INDICATION OF INJURY,0,0,0,0,0,2,0,23,1,9,41.78522853,-87.63746789,POINT (-87.637467891703 41.78522853344)
JC435048,Y,9/15/2019 23:30,30,NO CONTROLS,UNKNOWN,CLEAR,"DARKNESS, LIGHTED ROAD",SIDESWIPE OPPOSITE DIRECTION,NOT DIVIDED,,STRAIGHT AND LEVEL,DRY,NO DEFECTS,NOT ON SCENE (DESK REPORT),NO INJURY / DRIVE AWAY,,,Y,"OVER $1,500",9/16/2019 0:33,IMPROPER LANE USAGE,UNABLE TO DETERMINE,4101,N,GREENVIEW AVE,1912,,,,,,,2,NO INDICATION OF INJURY,0,0,0,0,0,2,0,23,1,9,41.95618846,-87.66744288,POINT (-87.667442878678 41.956188461491)
JC436116,,9/15/2019 23:24,30,UNKNOWN,UNKNOWN,CLEAR,DARKNESS,PARKED MOTOR VEHICLE,NOT DIVIDED,,STRAIGHT AND LEVEL,DRY,UNKNOWN,ON SCENE,INJURY AND / OR TOW DUE TO CRASH,,,Y,"OVER $1,500",9/16/2019 16:45,NOT APPLICABLE,NOT APPLICABLE,4936,N,KEDZIE AVE,1713,,Y,,,,,3,NO INDICATION OF INJURY,0,0,0,0,0,1,0,23,1,9,41.97137657,-87.70870127,POINT (-87.708701273935 41.971376573042)
JC435012,,9/15/2019 23:10,40,STOP SIGN/FLASHER,UNKNOWN,UNKNOWN,"DARKNESS, LIGHTED ROAD",REAR END,DIVIDED - W/MEDIAN (NOT RAISED),,STRAIGHT AND LEVEL,UNKNOWN,UNKNOWN,NOT ON SCENE (DESK REPORT),NO INJURY / DRIVE AWAY,Y,,,"OVER $1,500",9/15/2019 23:30,UNABLE TO DETERMINE,NOT APPLICABLE,800,N,LAKE SHORE DR,1833,,,,,,,2,NO INDICATION OF INJURY,0,0,0,0,0,3,0,23,1,9,41.89682805,-87.6172077,POINT (-87.617207703311 41.896828045009)
JC434989,,9/15/2019 23:00,25,NO CONTROLS,NO CONTROLS,CLEAR,"DARKNESS, LIGHTED ROAD",PARKED MOTOR VEHICLE,ONE-WAY,,STRAIGHT AND LEVEL,DRY,NO DEFECTS,ON SCENE,NO INJURY / DRIVE AWAY,,,Y,"OVER $1,500",9/15/2019 23:02,UNABLE TO DETERMINE,NOT APPLICABLE,10542,S,AVENUE O,432,,,,,,,2,NO INDICATION OF INJURY,0,0,0,0,0,1,0,23,1,9,41.70329771,-87.5402492,POINT (-87.540249201445 41.703297711364)
JC434990,,9/15/2019 22:42,30,STOP SIGN/FLASHER,FUNCTIONING PROPERLY,CLEAR,DARKNESS,TURNING,T-INTERSECTION,,STRAIGHT AND LEVEL,DRY,NO DEFECTS,ON SCENE,INJURY AND / OR TOW DUE TO CRASH,Y,,,"OVER $1,500",9/15/2019 22:44,DISREGARDING STOP SIGN,"VISION OBSCURED (SIGNS, TREE LIMBS, BUILDINGS, ETC.)",2600,W,JARLATH ST,2411,,,,,,,2,NO INDICATION OF INJURY,0,0,0,0,0,2,0,22,1,9,42.01319032,-87.69510985,POINT (-87.695109845591 42.013190323361)
JC433987,,9/15/2019 22:30,30,STOP SIGN/FLASHER,FUNCTIONING PROPERLY,CLEAR,"DARKNESS, LIGHTED ROAD",TURNING,FOUR WAY,,STRAIGHT AND LEVEL,DRY,NO DEFECTS,ON SCENE,INJURY AND / OR TOW DUE TO CRASH,Y,,,"OVER $1,500",9/15/2019 22:45,EQUIPMENT - VEHICLE CONDITION,NOT APPLICABLE,7100,S,DAMEN AVE,735,,,,,,,2,NO INDICATION OF INJURY,0,0,0,0,0,4,0,22,1,9,41.76471319,-87.67367849,POINT (-87.673678489303 41.764713187398)
JC434994,,9/15/2019 22:26,30,STOP SIGN/FLASHER,FUNCTIONING PROPERLY,CLEAR,"DARKNESS, LIGHTED ROAD",REAR END,DIVIDED - W/MEDIAN BARRIER,,STRAIGHT AND LEVEL,DRY,NO DEFECTS,NOT ON SCENE (DESK REPORT),NO INJURY / DRIVE AWAY,,,,"OVER $1,500",9/15/2019 23:09,FOLLOWING TOO CLOSELY,NOT APPLICABLE,1817,N,KIMBALL AVE,1422,,,,,,,2,NO INDICATION OF INJURY,0,0,0,0,0,3,0,22,1,9,41.91423329,-87.71166976,POINT (-87.711669754667 41.914233287545)
JC434972,,9/15/2019 22:23,30,TRAFFIC SIGNAL,FUNCTIONING PROPERLY,CLEAR,"DARKNESS, LIGHTED ROAD",HEAD ON,NOT DIVIDED,,STRAIGHT AND LEVEL,DRY,NO DEFECTS,NOT ON SCENE (DESK REPORT),NO INJURY / DRIVE AWAY,,,Y,$500 OR LESS,9/15/2019 22:24,UNABLE TO DETERMINE,UNABLE TO DETERMINE,4200,N,KEDZIE AVE,1724,,,,,,,2,NO INDICATION OF INJURY,0,0,0,0,0,2,0,22,1,9,41.95764051,-87.70827987,POINT (-87.708279872383 41.957640505795)
JC434953,,9/15/2019 22:06,30,STOP SIGN/FLASHER,FUNCTIONING PROPERLY,CLOUDY/OVERCAST,"DARKNESS, LIGHTED ROAD",PARKED MOTOR VEHICLE,NOT DIVIDED,,STRAIGHT AND LEVEL,SNOW OR SLUSH,NO DEFECTS,ON SCENE,INJURY AND / OR TOW DUE TO CRASH,,,Y,"OVER $1,500",9/15/2019 22:08,IMPROPER BACKING,NOT APPLICABLE,1843,N,CENTRAL PARK AVE,1422,,,,,,,2,NO INDICATION OF INJURY,0,0,0,0,0,2,0,22,1,9,41.91491668,-87.71655124,POINT (-87.716551240949 41.914916678002)
JC434966,,9/15/2019 22:00,30,NO CONTROLS,NO CONTROLS,CLEAR,DUSK,REAR END,NOT DIVIDED,,STRAIGHT AND LEVEL,DRY,UNKNOWN,NOT ON SCENE (DESK REPORT),NO INJURY / DRIVE AWAY,,,,"OVER $1,500",9/15/2019 22:30,UNABLE TO DETERMINE,NOT APPLICABLE,4000,W,MONTROSE AVE,1722,,,,,,,2,NO INDICATION OF INJURY,0,0,0,0,0,5,0,22,1,9,41.9610558,-87.72789121,POINT (-87.727891205983 41.961055803708)
JC434951,,9/15/2019 21:55,30,NO CONTROLS,NO CONTROLS,CLEAR,"DARKNESS, LIGHTED ROAD",FIXED OBJECT,NOT DIVIDED,,STRAIGHT AND LEVEL,DRY,NO DEFECTS,ON SCENE,INJURY AND / OR TOW DUE TO CRASH,,Y,,"OVER $1,500",9/15/2019 21:55,UNABLE TO DETERMINE,DRIVING SKILLS/KNOWLEDGE/EXPERIENCE,1240,N,HALSTED ST,1822,,Y,,,,,2,INCAPACITATING INJURY,1,0,1,0,0,2,0,21,1,9,41.90470696,-87.64827037,POINT (-87.648270364743 41.904706963144)
JC435009,,9/15/2019 21:45,30,UNKNOWN,UNKNOWN,UNKNOWN,"DARKNESS, LIGHTED ROAD",HEAD ON,DIVIDED - W/MEDIAN (NOT RAISED),,STRAIGHT AND LEVEL,UNKNOWN,UNKNOWN,NOT ON SCENE (DESK REPORT),NO INJURY / DRIVE AWAY,,,,"$501 - $1,500",9/15/2019 23:40,IMPROPER TURNING/NO SIGNAL,IMPROPER OVERTAKING/PASSING,2452,W,BELMONT AVE,1921,,,,,,,2,NO INDICATION OF INJURY,0,0,0,0,0,5,0,21,1,9,41.93955208,-87.68995659,POINT (-87.68995658557 41.939552078133)
JC436217,,9/15/2019 21:30,30,NO CONTROLS,NO CONTROLS,CLEAR,"DARKNESS, LIGHTED ROAD",PARKED MOTOR VEHICLE,ONE-WAY,,STRAIGHT AND LEVEL,UNKNOWN,UNKNOWN,NOT ON SCENE (DESK REPORT),NO INJURY / DRIVE AWAY,,,,"OVER $1,500",9/16/2019 19:15,DRIVING SKILLS/KNOWLEDGE/EXPERIENCE,NOT APPLICABLE,4913,S,WINCHESTER AVE,931,,,,,,,3,NO INDICATION OF INJURY,0,0,0,0,0,1,0,21,1,9,41.80443023,-87.67322344,POINT (-87.673223435713 41.804430224699)
JC434944,Y,9/15/2019 21:22,15,NO CONTROLS,NO CONTROLS,CLEAR,DARKNESS,FIXED OBJECT,ALLEY,,STRAIGHT AND LEVEL,DRY,NO DEFECTS,ON SCENE,NO INJURY / DRIVE AWAY,,,,"OVER $1,500",9/15/2019 21:22,UNABLE TO DETERMINE,NOT APPLICABLE,7600,S,PHILLIPS AVE,421,,,,,,,1,NO INDICATION OF INJURY,0,0,0,0,0,1,0,21,1,9,41.7570956,-87.56527163,POINT (-87.565271628116 41.757095602588)