RD_NO,CRASH_DATE_EST_I,CRASH_DATE,POSTED_SPEED_LIMIT,TRAFFIC_CONTROL_DEVICE,DEVICE_CONDITION,WEATHER_CONDITION,LIGHTING_CONDITION,FIRST_CRASH_TYPE,TRAFFICWAY_TYPE,LANE_CNT,ALIGNMENT,ROADWAY_SURFACE_COND,ROAD_DEFECT,REPORT_TYPE,CRASH_TYPE,INTERSECTION_RELATED_I,NOT_RIGHT_OF_WAY_I,HIT_AND_RUN_I,DAMAGE,DATE_POLICE_NOTIFIED,PRIM_CONTRIBUTORY_CAUSE,SEC_CONTRIBUTORY_CAUSE,STREET_NO,STREET_DIRECTION,STREET_NAME,BEAT_OF_OCCURRENCE,PHOTOS_TAKEN_I,STATEMENTS_TAKEN_I,DOORING_I,WORK_ZONE_I,WORK_ZONE_TYPE,WORKERS_PRESENT_I,NUM_UNITS,MOST_SEVERE_INJURY,INJURIES_TOTAL,INJURIES_FATAL,INJURIES_INCAPACITATING,INJURIES_NON_INCAPACITATING,INJURIES_REPORTED_NOT_EVIDENT,INJURIES_NO_INDICATION,INJURIES_UNKNOWN,CRASH_HOUR,CRASH_DAY_OF_WEEK,CRASH_MONTH,LATITUDE,LONGITUDE,LOCATION
JC434949,,9/15/2019 21:20,30,NO CONTROLS,NO CONTROLS,CLEAR,"DARKNESS, LIGHTED ROAD",TURNING,NOT DIVIDED,,STRAIGHT AND LEVEL,DRY,NO DEFECTS,ON SCENE,NO INJURY / DRIVE AWAY,,,,"OVER $1,500",9/15/2019 21:20,FAILING TO YIELD RIGHT-OF-WAY,IMPROPER TURNING/NO SIGNAL,3569,N,ELSTON AVE,1733,,N,,,,,2,NO INDICATION OF INJURY,0,0,0,0,0,6,0,21,1,9,41.94619262,-87.70799162,POINT (-87.707991622375 41.94619261699)
JC445103,,9/15/2019 21:15,30,STOP SIGN/FLASHER,FUNCTIONING PROPERLY,UNKNOWN,DARKNESS,TURNING,OTHER,,STRAIGHT AND LEVEL,UNKNOWN,UNKNOWN,NOT ON SCENE (DESK REPORT),NO INJURY / DRIVE AWAY,,,N,"OVER $1,500",9/30/2019 23:30,IMPROPER OVERTAKING/PASSING,NOT APPLICABLE,505,E,SOLIDARITY DR,132,,,,,,,2,NO INDICATION OF INJURY,0,0,0,0,0,2,0,21,1,9,41.86600236,-87.61363367,POINT (-87.613633667433 41.866002363676)
JC434945,,9/15/2019 21:15,40,NO CONTROLS,NO CONTROLS,UNKNOWN,"DARKNESS, LIGHTED ROAD",REAR END,DIVIDED - W/MEDIAN BARRIER,,STRAIGHT AND LEVEL,UNKNOWN,UNKNOWN,NOT ON SCENE (DESK REPORT),NO INJURY / DRIVE AWAY,,,Y,"OVER $1,500",9/15/2019 22:00,UNABLE TO DETERMINE,NOT APPLICABLE,745,N,LAKE SHORE DR,1833,,,,,,,2,NO INDICATION OF INJURY,0,0,0,0,0,2,0,21,1,9,41.89634053,-87.61654725,POINT (-87.616547253846 41.896340526446)
JC435373,,9/15/2019 21:00,30,TRAFFIC SIGNAL,FUNCTIONING PROPERLY,UNKNOWN,UNKNOWN,ANGLE,NOT DIVIDED,,STRAIGHT AND LEVEL,UNKNOWN,UNKNOWN,NOT ON SCENE (DESK REPORT),NO INJURY / DRIVE AWAY,Y,,,"$501 - $1,500",9/16/2019 9:20,UNABLE TO DETERMINE,UNABLE TO DETERMINE,3600,W,POLK ST,1133,,,,,,,2,NO INDICATION OF INJURY,0,0,0,0,0,5,0,21,1,9,41.87094745,-87.71568394,POINT (-87.715683938462 41.870947448593)
JC434896,,9/15/2019 20:45,30,TRAFFIC SIGNAL,FUNCTIONING PROPERLY,CLEAR,DARKNESS,PEDESTRIAN,NOT DIVIDED,,STRAIGHT AND LEVEL,DRY,NO DEFECTS,ON SCENE,INJURY AND / OR TOW DUE TO CRASH,,,,"OVER $1,500",9/15/2019 20:47,FAILING TO YIELD RIGHT-OF-WAY,FAILING TO REDUCE SPEED TO AVOID CRASH,10658,S,LONGWOOD DR,2212,,,,,,,2,NONINCAPACITATING INJURY,1,0,0,1,0,1,0,20,1,9,41.69933161,-87.67130984,POINT (-87.67130984043 41.699331607361)
JC434895,,9/15/2019 20:35,25,NO CONTROLS,NO CONTROLS,CLEAR,"DARKNESS, LIGHTED ROAD",REAR END,DIVIDED - W/MEDIAN BARRIER,,STRAIGHT AND LEVEL,DRY,NO DEFECTS,ON SCENE,INJURY AND / OR TOW DUE TO CRASH,,,,"$501 - $1,500",9/15/2019 20:49,UNABLE TO DETERMINE,NOT APPLICABLE,4720,S,COTTAGE GROVE AVE,223,,,,,,,3,NO INDICATION OF INJURY,0,0,0,0,0,4,0,20,1,9,41.80890166,-87.60669697,POINT (-87.606696966181 41.808901663696)
JC434884,,9/15/2019 20:33,30,NO CONTROLS,NO CONTROLS,CLEAR,"DARKNESS, LIGHTED ROAD",PEDALCYCLIST,NOT DIVIDED,,STRAIGHT AND LEVEL,DRY,NO DEFECTS,ON SCENE,NO INJURY / DRIVE AWAY,N,,,$500 OR LESS,9/15/2019 20:33,FAILING TO YIELD RIGHT-OF-WAY,DRIVING ON WRONG SIDE/WRONG WAY,602,S,CENTRAL PARK AVE,1133,,,,,,,3,NO INDICATION OF INJURY,0,0,0,0,0,5,0,20,1,9,41.87345361,-87.71580435,POINT (-87.715804347577 41.873453611977)
JC439617,,9/15/2019 20:30,30,NO CONTROLS,NO CONTROLS,CLEAR,DAYLIGHT,REAR END,NOT DIVIDED,,STRAIGHT AND LEVEL,DRY,NO DEFECTS,NOT ON SCENE (DESK REPORT),NO INJURY / DRIVE AWAY,Y,,,"OVER $1,500",9/19/2019 11:11,FOLLOWING TOO CLOSELY,FAILING TO REDUCE SPEED TO AVOID CRASH,6035,W,FULLERTON AVE,2512,,,,,,,2,NO INDICATION OF INJURY,0,0,0,0,0,3,0,20,1,9,41.92369454,-87.77714605,POINT (-87.777146053937 41.923694543781)
JC434995,,9/15/2019 20:30,35,STOP SIGN/FLASHER,NO CONTROLS,CLEAR,DARKNESS,PARKED MOTOR VEHICLE,NOT DIVIDED,,STRAIGHT AND LEVEL,DRY,NO DEFECTS,NOT ON SCENE (DESK REPORT),NO INJURY / DRIVE AWAY,,,Y,"OVER $1,500",9/15/2019 23:00,NOT APPLICABLE,NOT APPLICABLE,100,E,108TH ST,513,,,,,,,2,NO INDICATION OF INJURY,0,0,0,0,0,1,0,20,1,9,41.69819209,-87.62084505,POINT (-87.620845047265 41.698192085138)
JC434883,,9/15/2019 20:30,30,OTHER WARNING SIGN,FUNCTIONING PROPERLY,CLEAR,DARKNESS,SIDESWIPE SAME DIRECTION,NOT DIVIDED,,STRAIGHT AND LEVEL,DRY,NO DEFECTS,ON SCENE,NO INJURY / DRIVE AWAY,,,,"OVER $1,500",9/15/2019 20:35,IMPROPER BACKING,NOT APPLICABLE,3133,E,106TH ST,434,,,,,,,2,NO INDICATION OF INJURY,0,0,0,0,0,2,0,20,1,9,41.7026559,-87.54747773,POINT (-87.547477732151 41.702655901469)
JC437415,,9/15/2019 20:28,20,NO CONTROLS,NO CONTROLS,CLEAR,DAYLIGHT,PARKED MOTOR VEHICLE,NOT DIVIDED,,STRAIGHT AND LEVEL,DRY,NO DEFECTS,NOT ON SCENE (DESK REPORT),NO INJURY / DRIVE AWAY,,,Y,"OVER $1,500",9/17/2019 17:05,DRIVING SKILLS/KNOWLEDGE/EXPERIENCE,"OPERATING VEHICLE IN ERRATIC, RECKLESS, CARELESS, NEGLIGENT OR AGGRESSIVE MANNER",3306,W,61ST ST,823,,,,,,,2,NO INDICATION OF INJURY,0,0,0,0,0,1,0,20,1,9,41.78267724,-87.70601654,POINT (-87.706016537368 41.782677240777)
JC436138,,9/15/2019 20:22,30,NO CONTROLS,NO CONTROLS,CLEAR,"DARKNESS, LIGHTED ROAD",REAR END,NOT DIVIDED,,STRAIGHT AND LEVEL,DRY,NO DEFECTS,NOT ON SCENE (DESK REPORT),NO INJURY / DRIVE AWAY,,,,"OVER $1,500",9/16/2019 18:23,UNABLE TO DETERMINE,NOT APPLICABLE,5600,S,CICERO AVE,813,,,,,,,2,NO INDICATION OF INJURY,0,0,0,0,0,2,0,20,1,9,41.79128371,-87.74169687,POINT (-87.741696867821 41.791283705634)
JC434866,,9/15/2019 20:21,30,TRAFFIC SIGNAL,FUNCTIONING PROPERLY,CLEAR,DUSK,TURNING,NOT DIVIDED,,STRAIGHT AND LEVEL,DRY,NO DEFECTS,ON SCENE,INJURY AND / OR TOW DUE TO CRASH,Y,,,"OVER $1,500",9/15/2019 20:22,FAILING TO YIELD RIGHT-OF-WAY,FAILING TO YIELD RIGHT-OF-WAY,6699,S,DR MARTIN LUTHER KING JR DR,312,,,,,,,2,NO INDICATION OF INJURY,0,0,0,0,0,3,0,20,1,9,41.77306299,-87.61530588,POINT (-87.615305882967 41.773062989812)
JC438311,,9/15/2019 20:20,30,NO CONTROLS,NO CONTROLS,CLEAR,DAYLIGHT,PARKED MOTOR VEHICLE,PARKING LOT,,STRAIGHT AND LEVEL,DRY,NO DEFECTS,NOT ON SCENE (DESK REPORT),NO INJURY / DRIVE AWAY,,,Y,"OVER $1,500",9/18/2019 10:40,UNABLE TO DETERMINE,NOT APPLICABLE,2924,E,126TH ST,433,,,,,,,2,NO INDICATION OF INJURY,0,0,0,0,0,1,0,20,1,9,41.6667873,-87.5523818,POINT (-87.552381800767 41.666787295769)
JC434868,,9/15/2019 20:15,35,TRAFFIC SIGNAL,FUNCTIONING PROPERLY,RAIN,"DARKNESS, LIGHTED ROAD",ANGLE,DIVIDED - W/MEDIAN (NOT RAISED),,STRAIGHT AND LEVEL,WET,NO DEFECTS,ON SCENE,INJURY AND / OR TOW DUE TO CRASH,Y,,,"OVER $1,500",9/15/2019 20:20,DISREGARDING TRAFFIC SIGNALS,NOT APPLICABLE,600,N,ST CLAIR ST,1834,,,,,,,2,NONINCAPACITATING INJURY,2,0,0,2,0,1,0,20,1,9,41.89259351,-87.6228409,POINT (-87.62284090321 41.892593508354)
JC434856,,9/15/2019 20:15,30,NO CONTROLS,NO CONTROLS,CLEAR,"DARKNESS, LIGHTED ROAD",PARKED MOTOR VEHICLE,ONE-WAY,,STRAIGHT AND LEVEL,DRY,NO DEFECTS,ON SCENE,NO INJURY / DRIVE AWAY,,,Y,"$501 - $1,500",9/15/2019 20:18,UNABLE TO DETERMINE,NOT APPLICABLE,733,E,50TH PL,223,,,,,,,2,NO INDICATION OF INJURY,0,0,0,0,0,1,0,20,1,9,41.80304328,-87.60750487,POINT (-87.607504869179 41.803043279472)
JC434839,,9/15/2019 20:10,15,NO CONTROLS,NO CONTROLS,CLEAR,"DARKNESS, LIGHTED ROAD",PARKED MOTOR VEHICLE,PARKING LOT,,STRAIGHT AND LEVEL,DRY,NO DEFECTS,ON SCENE,NO INJURY / DRIVE AWAY,,,Y,"OVER $1,500",9/15/2019 20:13,UNABLE TO DETERMINE,UNDER THE INFLUENCE OF ALCOHOL/DRUGS (USE WHEN ARREST IS EFFECTED),5303,N,MILWAUKEE AVE,1622,,,,,,,2,NO INDICATION OF INJURY,0,0,0,0,0,1,0,20,1,9,41.97674884,-87.76848375,POINT (-87.768483753125 41.976748838979)
JC434850,,9/15/2019 20:05,25,NO CONTROLS,NO CONTROLS,CLEAR,DAWN,SIDESWIPE SAME DIRECTION,DRIVEWAY,,STRAIGHT AND LEVEL,DRY,UNKNOWN,NOT ON SCENE (DESK REPORT),NO INJURY / DRIVE AWAY,,,,"$501 - $1,500",9/15/2019 20:15,UNABLE TO DETERMINE,NOT APPLICABLE,850,W,WINONA ST,2024,,,,,,,2,NO INDICATION OF INJURY,0,0,0,0,0,2,0,20,1,9,41.97543337,-87.6522164,POINT (-87.652216402356 41.975433372327)
JC434918,Y,9/15/2019 20:00,30,STOP SIGN/FLASHER,FUNCTIONING PROPERLY,CLEAR,"DARKNESS, LIGHTED ROAD",ANGLE,NOT DIVIDED,,STRAIGHT AND LEVEL,WET,UNKNOWN,NOT ON SCENE (DESK REPORT),NO INJURY / DRIVE AWAY,,,,$500 OR LESS,9/15/2019 21:30,FAILING TO YIELD RIGHT-OF-WAY,UNABLE TO DETERMINE,2533,W,GRANVILLE AVE,2413,,,,,,,2,NO INDICATION OF INJURY,0,0,0,0,0,2,0,20,1,9,41.99393656,-87.69356546,POINT (-87.693565454801 41.993936561815)
JC434851,,9/15/2019 20:00,30,NO CONTROLS,NO CONTROLS,CLEAR,DARKNESS,SIDESWIPE SAME DIRECTION,NOT DIVIDED,,STRAIGHT AND LEVEL,DRY,NO DEFECTS,NOT ON SCENE (DESK REPORT),NO INJURY / DRIVE AWAY,,,,"$501 - $1,500",9/15/2019 20:20,UNABLE TO DETERMINE,NOT APPLICABLE,856,E,47TH ST,221,,,,,,,2,NO INDICATION OF INJURY,0,0,0,0,0,3,0,20,1,9,41.80967169,-87.6041382,POINT (-87.604138200992 41.80967168833)
JC434867,,9/15/2019 19:50,35,TRAFFIC SIGNAL,FUNCTIONING PROPERLY,CLEAR,"DARKNESS, LIGHTED ROAD",ANGLE,DIVIDED - W/MEDIAN BARRIER,,STRAIGHT AND LEVEL,DRY,NO DEFECTS,ON SCENE,INJURY AND / OR TOW DUE TO CRASH,Y,,Y,"OVER $1,500",9/15/2019 19:55,DISREGARDING TRAFFIC SIGNALS,DRIVING SKILLS/KNOWLEDGE/EXPERIENCE,7101,S,STATE ST,323,,,,,,,2,NONINCAPACITATING INJURY,1,0,0,1,0,1,0,19,1,9,41.7653974,-87.62475729,POINT (-87.624757285727 41.765397402699)
JC439002,,9/15/2019 19:40,25,NO CONTROLS,NO CONTROLS,CLEAR,DARKNESS,REAR END,NOT DIVIDED,,STRAIGHT AND LEVEL,DRY,NO DEFECTS,NOT ON SCENE (DESK REPORT),NO INJURY / DRIVE AWAY,,,,"OVER $1,500",9/18/2019 19:44,FOLLOWING TOO CLOSELY,NOT APPLICABLE,1000,S,CLARK ST,123,,,,,,,2,NO INDICATION OF INJURY,0,0,0,0,0,2,0,19,1,9,41.8698488,-87.63065553,POINT (-87.630655526344 41.869848798097)
JC434909,,9/15/2019 19:36,30,UNKNOWN,UNKNOWN,UNKNOWN,"DARKNESS, LIGHTED ROAD",SIDESWIPE SAME DIRECTION,NOT DIVIDED,,STRAIGHT AND LEVEL,DRY,NO DEFECTS,NOT ON SCENE (DESK REPORT),NO INJURY / DRIVE AWAY,,,Y,"OVER $1,500",9/15/2019 21:29,IMPROPER OVERTAKING/PASSING,NOT APPLICABLE,1251,E,95TH ST,511,,,,,,,2,NO INDICATION OF INJURY,0,0,0,0,0,2,0,19,1,9,41.72210712,-87.59305969,POINT (-87.593059687494 41.722107119864)
JC434824,,9/15/2019 19:30,30,NO CONTROLS,NO CONTROLS,CLEAR,"DARKNESS, LIGHTED ROAD",PARKED MOTOR VEHICLE,NOT DIVIDED,,STRAIGHT AND LEVEL,DRY,NO DEFECTS,NOT ON SCENE (DESK REPORT),NO INJURY / DRIVE AWAY,,,Y,"OVER $1,500",9/15/2019 20:00,UNABLE TO DETERMINE,NOT APPLICABLE,4313,W,FULLERTON AVE,2522,,,,,,,2,NO INDICATION OF INJURY,0,0,0,0,0,1,0,19,1,9,41.92428006,-87.73464808,POINT (-87.734648075701 41.924280057826)
JC434810,,9/15/2019 19:00,15,NO CONTROLS,NO CONTROLS,CLEAR,DAYLIGHT,ANGLE,ONE-WAY,,STRAIGHT AND LEVEL,DRY,NO DEFECTS,NOT ON SCENE (DESK REPORT),NO INJURY / DRIVE AWAY,,,Y,"OVER $1,500",9/15/2019 19:55,UNABLE TO DETERMINE,NOT APPLICABLE,2645,W,61ST ST,825,,,,,,,2,NO INDICATION OF INJURY,0,0,0,0,0,3,0,19,1,9,41.7826963,-87.69040521,POINT (-87.690405205402 41.782696297535)
JC434798,Y,9/15/2019 19:00,30,STOP SIGN/FLASHER,FUNCTIONING PROPERLY,CLEAR,"DARKNESS, LIGHTED ROAD",SIDESWIPE SAME DIRECTION,NOT DIVIDED,,STRAIGHT AND LEVEL,DRY,NO DEFECTS,ON SCENE,NO INJURY / DRIVE AWAY,,,,"$501 - $1,500",9/15/2019 19:00,IMPROPER LANE USAGE,FAILING TO YIELD RIGHT-OF-WAY,5300,N,BROADWAY,2013,,,,,,,2,NO INDICATION OF INJURY,0,0,0,0,0,3,0,19,1,9,41.97823316,-87.66006707,POINT (-87.660067069174 41.978233158365)
JC434793,,9/15/2019 19:00,30,TRAFFIC SIGNAL,FUNCTIONING PROPERLY,CLEAR,DAYLIGHT,FIXED OBJECT,NOT DIVIDED,,STRAIGHT AND LEVEL,DRY,NO DEFECTS,,NO INJURY / DRIVE AWAY,Y,,,"OVER $1,500",9/15/2019 19:50,IMPROPER TURNING/NO SIGNAL,NOT APPLICABLE,5659,S,COTTAGE GROVE AVE,235,,,,,,,1,NO INDICATION OF INJURY,0,0,0,0,0,1,0,19,1,9,41.79141813,-87.60600799,POINT (-87.606007989613 41.791418130257)
JC434782,,9/15/2019 19:00,10,NO CONTROLS,NO CONTROLS,CLEAR,DAYLIGHT,PARKED MOTOR VEHICLE,DRIVEWAY,,STRAIGHT AND LEVEL,DRY,NO DEFECTS,NOT ON SCENE (DESK REPORT),NO INJURY / DRIVE AWAY,,Y,,"$501 - $1,500",9/15/2019 19:26,IMPROPER BACKING,NOT APPLICABLE,2901,N,NEW ENGLAND AVE,2511,,,,,,,2,NO INDICATION OF INJURY,0,0,0,0,0,1,0,19,1,9,41.9327657,-87.79783037,POINT (-87.797830366182 41.932765703255)
JC434764,,9/15/2019 19:00,30,TRAFFIC SIGNAL,FUNCTIONING PROPERLY,CLEAR,"DARKNESS, LIGHTED ROAD",TURNING,DIVIDED - W/MEDIAN BARRIER,,STRAIGHT AND LEVEL,DRY,NO DEFECTS,NOT ON SCENE (DESK REPORT),NO INJURY / DRIVE AWAY,Y,,,"OVER $1,500",9/15/2019 19:25,UNABLE TO DETERMINE,UNABLE TO DETERMINE,100,W,CERMAK RD,131,,,,,,,2,NO INDICATION OF INJURY,0,0,0,0,0,3,0,19,1,9,41.85299122,-87.62938693,POINT (-87.629386933044 41.852991219253)
JC434720,,9/15/2019 18:58,30,NO CONTROLS,NO CONTROLS,CLOUDY/OVERCAST,DAYLIGHT,TURNING,NOT DIVIDED,,STRAIGHT AND LEVEL,WET,NO DEFECTS,ON SCENE,NO INJURY / DRIVE AWAY,,,,"OVER $1,500",9/15/2019 18:59,UNABLE TO DETERMINE,NOT APPLICABLE,798,N,WOOD ST,1221,,,,,,,2,NO INDICATION OF INJURY,0,0,0,0,0,2,0,18,1,9,41.89594178,-87.67231755,POINT (-87.672317547291 41.89594178436)
JC434746,,9/15/2019 18:56,30,STOP SIGN/FLASHER,FUNCTIONING PROPERLY,CLOUDY/OVERCAST,DUSK,TURNING,FOUR WAY,,STRAIGHT AND LEVEL,WET,UNKNOWN,ON SCENE,NO INJURY / DRIVE AWAY,Y,,,"OVER $1,500",9/15/2019 18:57,IMPROPER TURNING/NO SIGNAL,NOT APPLICABLE,6001,N,MILWAUKEE AVE,1611,,,,,,,2,NO INDICATION OF INJURY,0,0,0,0,0,3,0,18,1,9,41.99027583,-87.78095335,POINT (-87.780953352411 41.990275832665)
JC434741,,9/15/2019 18:55,30,NO CONTROLS,NO CONTROLS,RAIN,DUSK,FIXED OBJECT,DRIVEWAY,,STRAIGHT ON HILLCREST,UNKNOWN,UNKNOWN,ON SCENE,NO INJURY / DRIVE AWAY,,N,Y,"OVER $1,500",9/15/2019 19:05,UNABLE TO DETERMINE,NOT APPLICABLE,5959,W,BYRON ST,1633,,,,,,,1,NO INDICATION OF INJURY,0,0,0,0,0,1,0,18,1,9,41.95110103,-87.77658264,POINT (-87.776582636333 41.951101026539)
JC434830,,9/15/2019 18:50,5,NO CONTROLS,NO CONTROLS,CLEAR,DUSK,FIXED OBJECT,ALLEY,,STRAIGHT AND LEVEL,DRY,NO DEFECTS,ON SCENE,NO INJURY / DRIVE AWAY,,,Y,"OVER $1,500",9/15/2019 18:52,UNABLE TO DETERMINE,NOT APPLICABLE,5845,S,RICHMOND ST,824,,,,,,,1,NO INDICATION OF INJURY,0,0,0,0,0,2,0,18,1,9,41.78683561,-87.69711947,POINT (-87.69711946986 41.786835605875)
JC434813,,9/15/2019 18:50,30,NO CONTROLS,NO CONTROLS,CLEAR,"DARKNESS, LIGHTED ROAD",ANGLE,NOT DIVIDED,,STRAIGHT AND LEVEL,DRY,NO DEFECTS,NOT ON SCENE (DESK REPORT),NO INJURY / DRIVE AWAY,,,,"$501 - $1,500",9/15/2019 20:04,UNABLE TO DETERMINE,NOT APPLICABLE,5220,S,HARPER AVE,234,,,,,,,2,NO INDICATION OF INJURY,0,0,0,0,0,3,0,18,1,9,41.80028598,-87.589215,POINT (-87.589214997564 41.800285978665)
JC434751,,9/15/2019 18:50,25,NO CONTROLS,NO CONTROLS,CLEAR,DUSK,FIXED OBJECT,DIVIDED - W/MEDIAN BARRIER,,STRAIGHT ON GRADE,DRY,NO DEFECTS,ON SCENE,INJURY AND / OR TOW DUE TO CRASH,,,,"OVER $1,500",9/15/2019 19:00,UNABLE TO DETERMINE,NOT APPLICABLE,2355,N,LAKE SHORE DR SB,1814,,,,,,,1,NO INDICATION OF INJURY,0,0,0,0,0,1,0,18,1,9,41.92590737,-87.63113162,POINT (-87.631131616943 41.925907373191)
JC434740,,9/15/2019 18:50,35,NO CONTROLS,NO CONTROLS,CLEAR,DAYLIGHT,REAR END,DIVIDED - W/MEDIAN (NOT RAISED),,STRAIGHT AND LEVEL,DRY,NO DEFECTS,NOT ON SCENE (DESK REPORT),NO INJURY / DRIVE AWAY,,,Y,"$501 - $1,500",9/15/2019 19:10,UNABLE TO DETERMINE,UNABLE TO DETERMINE,3106,W,27TH ST,1033,,,,,,,2,NO INDICATION OF INJURY,0,0,0,0,0,2,0,18,1,9,41.84283539,-87.70284635,POINT (-87.702846345244 41.842835393121)
JC434767,,9/15/2019 18:40,30,TRAFFIC SIGNAL,FUNCTIONING PROPERLY,CLEAR,DUSK,REAR END,DIVIDED - W/MEDIAN (NOT RAISED),,STRAIGHT AND LEVEL,DRY,NO DEFECTS,ON SCENE,NO INJURY / DRIVE AWAY,Y,,,$500 OR LESS,9/15/2019 18:42,FAILING TO REDUCE SPEED TO AVOID CRASH,NOT APPLICABLE,6298,N,BROADWAY,2433,,,,,,,2,NO INDICATION OF INJURY,0,0,0,0,0,2,0,18,1,9,41.99628012,-87.66060246,POINT (-87.66060246384 41.996280114773)
JC434748,,9/15/2019 18:40,30,TRAFFIC SIGNAL,FUNCTIONING PROPERLY,CLOUDY/OVERCAST,DAYLIGHT,REAR END,NOT DIVIDED,,STRAIGHT AND LEVEL,WET,NO DEFECTS,NOT ON SCENE (DESK REPORT),NO INJURY / DRIVE AWAY,Y,,,"$501 - $1,500",9/15/2019 19:10,FOLLOWING TOO CLOSELY,NOT APPLICABLE,3200,N,AUSTIN AVE,1633,,,,,,,2,NO INDICATION OF INJURY,0,0,0,0,0,2,0,18,1,9,41.93849112,-87.77636315,POINT (-87.776363151942 41.938491124151)
JC434713,,9/15/2019 18:40,30,TRAFFIC SIGNAL,FUNCTIONING PROPERLY,CLEAR,DUSK,HEAD ON,DIVIDED - W/MEDIAN (NOT RAISED),,CURVE ON GRADE,WET,NO DEFECTS,ON SCENE,INJURY AND / OR TOW DUE TO CRASH,,,Y,"OVER $1,500",9/15/2019 18:47,FAILING TO REDUCE SPEED TO AVOID CRASH,NOT APPLICABLE,3404,W,GRAND AVE,1121,,,,,,,3,NONINCAPACITATING INJURY,4,0,0,4,0,1,0,18,1,9,41.90003516,-87.71165968,POINT (-87.711659677241 41.900035162186)
JC434717,,9/15/2019 18:36,30,STOP SIGN/FLASHER,FUNCTIONING PROPERLY,CLEAR,DAYLIGHT,ANGLE,NOT DIVIDED,,STRAIGHT AND LEVEL,DRY,NO DEFECTS,NOT ON SCENE (DESK REPORT),NO INJURY / DRIVE AWAY,,,,"$501 - $1,500",9/15/2019 18:59,NOT APPLICABLE,NOT APPLICABLE,6600,S,CALIFORNIA AVE,831,,,,,,,2,NO INDICATION OF INJURY,0,0,0,0,0,3,0,18,1,9,41.77354414,-87.69339565,POINT (-87.693395650731 41.773544144314)
JC434892,,9/15/2019 18:35,30,TRAFFIC SIGNAL,FUNCTIONING PROPERLY,CLEAR,DUSK,REAR END,DIVIDED - W/MEDIAN (NOT RAISED),,STRAIGHT AND LEVEL,WET,UNKNOWN,NOT ON SCENE (DESK REPORT),NO INJURY / DRIVE AWAY,,,,"OVER $1,500",9/15/2019 20:58,FAILING TO REDUCE SPEED TO AVOID CRASH,NOT APPLICABLE,3200,N,AUSTIN AVE,1633,,,,,,,2,NO INDICATION OF INJURY,0,0,0,0,0,2,0,18,1,9,41.93849112,-87.77636315,POINT (-87.776363151942 41.938491124151)
JC434722,,9/15/2019 18:34,30,NO CONTROLS,NO CONTROLS,CLOUDY/OVERCAST,DUSK,PARKED MOTOR VEHICLE,ONE-WAY,,STRAIGHT AND LEVEL,DRY,NO DEFECTS,ON SCENE,NO INJURY / DRIVE AWAY,,,Y,"OVER $1,500",9/15/2019 18:49,UNABLE TO DETERMINE,UNABLE TO DETERMINE,3538,W,LEXINGTON ST,1133,,,,,,,2,NO INDICATION OF INJURY,0,0,0,0,0,1,0,18,1,9,41.87188013,-87.71471397,POINT (-87.714713970109 41.871880127514)
JC434679,,9/15/2019 18:25,30,TRAFFIC SIGNAL,FUNCTIONING PROPERLY,CLOUDY/OVERCAST,DAYLIGHT,REAR END,NOT DIVIDED,,STRAIGHT AND LEVEL,WET,NO DEFECTS,NOT ON SCENE (DESK REPORT),NO INJURY / DRIVE AWAY,,,,"$501 - $1,500",9/15/2019 18:35,FOLLOWING TOO CLOSELY,NOT APPLICABLE,5401,W,FULLERTON AVE,2515,,,,,,,2,NO INDICATION OF INJURY,0,0,0,0,0,2,0,18,1,9,41.92393404,-87.76112684,POINT (-87.761126843753 41.923934038216)
JC434668,,9/15/2019 18:25,35,NO CONTROLS,NO CONTROLS,CLEAR,DUSK,FIXED OBJECT,NOT DIVIDED,,STRAIGHT AND LEVEL,DRY,NO DEFECTS,ON SCENE,INJURY AND / OR TOW DUE TO CRASH,Y,,,"OVER $1,500",9/15/2019 18:34,UNABLE TO DETERMINE,UNABLE TO DETERMINE,3058,S,ALBANY AVE,1033,Y,,,,,,1,NONINCAPACITATING INJURY,2,0,0,2,0,0,0,18,1,9,41.83736374,-87.70252796,POINT (-87.702527961492 41.837363737834)
JC434733,,9/15/2019 18:16,30,NO CONTROLS,NO CONTROLS,CLEAR,DAYLIGHT,REAR END,DIVIDED - W/MEDIAN (NOT RAISED),,STRAIGHT AND LEVEL,DRY,NO DEFECTS,ON SCENE,NO INJURY / DRIVE AWAY,,,Y,"OVER $1,500",9/15/2019 18:50,FAILING TO REDUCE SPEED TO AVOID CRASH,NOT APPLICABLE,3611,W,59TH ST,822,,,,,,,2,NO INDICATION OF INJURY,0,0,0,0,0,3,0,18,1,9,41.78597125,-87.71384125,POINT (-87.713841251603 41.785971246094)