RD_NO,CRASH_DATE_EST_I,CRASH_DATE,POSTED_SPEED_LIMIT,TRAFFIC_CONTROL_DEVICE,DEVICE_CONDITION,WEATHER_CONDITION,LIGHTING_CONDITION,FIRST_CRASH_TYPE,TRAFFICWAY_TYPE,LANE_CNT,ALIGNMENT,ROADWAY_SURFACE_COND,ROAD_DEFECT,REPORT_TYPE,CRASH_TYPE,INTERSECTION_RELATED_I,NOT_RIGHT_OF_WAY_I,HIT_AND_RUN_I,DAMAGE,DATE_POLICE_NOTIFIED,PRIM_CONTRIBUTORY_CAUSE,SEC_CONTRIBUTORY_CAUSE,STREET_NO,STREET_DIRECTION,STREET_NAME,BEAT_OF_OCCURRENCE,PHOTOS_TAKEN_I,STATEMENTS_TAKEN_I,DOORING_I,WORK_ZONE_I,WORK_ZONE_TYPE,WORKERS_PRESENT_I,NUM_UNITS,MOST_SEVERE_INJURY,INJURIES_TOTAL,INJURIES_FATAL,INJURIES_INCAPACITATING,INJURIES_NON_INCAPACITATING,INJURIES_REPORTED_NOT_EVIDENT,INJURIES_NO_INDICATION,INJURIES_UNKNOWN,CRASH_HOUR,CRASH_DAY_OF_WEEK,CRASH_MONTH,LATITUDE,LONGITUDE,LOCATION
JC434691,,9/15/2019 18:16,30,TRAFFIC SIGNAL,FUNCTIONING PROPERLY,RAIN,DUSK,REAR END,DIVIDED - W/MEDIAN BARRIER,,STRAIGHT AND LEVEL,WET,NO DEFECTS,ON SCENE,NO INJURY / DRIVE AWAY,,,,$500 OR LESS,9/15/2019 18:18,FAILING TO REDUCE SPEED TO AVOID CRASH,UNDER THE INFLUENCE OF ALCOHOL/DRUGS (USE WHEN ARREST IS EFFECTED),7152,W,NORTH AVE,2513,,,,,,,2,NO INDICATION OF INJURY,0,0,0,0,0,3,0,18,1,9,41.90899654,-87.80411944,POINT (-87.804119441014 41.908996543981)
JC434773,,9/15/2019 18:15,30,TRAFFIC SIGNAL,FUNCTIONING PROPERLY,CLEAR,DUSK,REAR END,DIVIDED - W/MEDIAN (NOT RAISED),,STRAIGHT AND LEVEL,WET,UNKNOWN,NOT ON SCENE (DESK REPORT),NO INJURY / DRIVE AWAY,N,,,"OVER $1,500",9/15/2019 18:15,FOLLOWING TOO CLOSELY,NOT APPLICABLE,5353,N,CUMBERLAND AVE,1614,,,,,,,2,NO INDICATION OF INJURY,0,0,0,0,0,2,0,18,1,9,41.9771293,-87.83646432,POINT (-87.836464322799 41.977129302527)
JC434708,,9/15/2019 18:11,30,NO CONTROLS,NO CONTROLS,CLOUDY/OVERCAST,DUSK,REAR END,NOT DIVIDED,,STRAIGHT AND LEVEL,UNKNOWN,NO DEFECTS,ON SCENE,INJURY AND / OR TOW DUE TO CRASH,,,,"$501 - $1,500",9/15/2019 18:11,FOLLOWING TOO CLOSELY,FAILING TO REDUCE SPEED TO AVOID CRASH,4104,W,31ST ST,1031,,,,,,,2,NO INDICATION OF INJURY,0,0,0,0,0,2,0,18,1,9,41.83695961,-87.72702895,POINT (-87.727028947244 41.836959605922)
JC435647,,9/15/2019 18:05,20,NO CONTROLS,NO CONTROLS,CLEAR,DAYLIGHT,SIDESWIPE SAME DIRECTION,ONE-WAY,,STRAIGHT AND LEVEL,DRY,NO DEFECTS,NOT ON SCENE (DESK REPORT),NO INJURY / DRIVE AWAY,,,,"$501 - $1,500",9/16/2019 13:50,FAILING TO YIELD RIGHT-OF-WAY,DRIVING SKILLS/KNOWLEDGE/EXPERIENCE,1,W,OHIO ST,1831,,,,,,,2,NO INDICATION OF INJURY,0,0,0,0,0,2,0,18,1,9,41.89235808,-87.62816807,POINT (-87.62816806925 41.892358081866)
JC434769,,9/15/2019 18:05,30,NO CONTROLS,NO CONTROLS,CLEAR,DAYLIGHT,SIDESWIPE SAME DIRECTION,NOT DIVIDED,,STRAIGHT AND LEVEL,DRY,NO DEFECTS,NOT ON SCENE (DESK REPORT),NO INJURY / DRIVE AWAY,,,,"OVER $1,500",9/15/2019 19:28,UNABLE TO DETERMINE,NOT APPLICABLE,5114,S,PULASKI RD,815,,,,,,,2,NO INDICATION OF INJURY,0,0,0,0,0,2,0,18,1,9,41.79993148,-87.72350128,POINT (-87.723501282465 41.799931475431)
JC434652,,9/15/2019 18:05,30,TRAFFIC SIGNAL,OTHER,RAIN,DAYLIGHT,REAR END,NOT DIVIDED,,STRAIGHT AND LEVEL,WET,NO DEFECTS,ON SCENE,NO INJURY / DRIVE AWAY,N,,,"$501 - $1,500",9/15/2019 18:07,FOLLOWING TOO CLOSELY,NOT APPLICABLE,5400,W,FULLERTON AVE,2515,,,,,,,2,NO INDICATION OF INJURY,0,0,0,0,0,2,0,18,1,9,41.92415353,-87.76113266,POINT (-87.761132662061 41.924153528709)
JC436176,,9/15/2019 18:00,30,NO CONTROLS,NO CONTROLS,CLEAR,DAYLIGHT,SIDESWIPE OPPOSITE DIRECTION,ONE-WAY,,STRAIGHT AND LEVEL,DRY,UNKNOWN,NOT ON SCENE (DESK REPORT),NO INJURY / DRIVE AWAY,,,Y,"OVER $1,500",9/16/2019 18:40,UNABLE TO DETERMINE,NOT APPLICABLE,2100,W,EVERGREEN AVE,1424,,,,,,,2,NO INDICATION OF INJURY,0,0,0,0,0,2,0,18,1,9,41.9060804,-87.67990671,POINT (-87.67990671065 41.90608039487)
JC435365,,9/15/2019 18:00,30,TRAFFIC SIGNAL,FUNCTIONING PROPERLY,UNKNOWN,UNKNOWN,TURNING,CENTER TURN LANE,,STRAIGHT AND LEVEL,UNKNOWN,UNKNOWN,ON SCENE,NO INJURY / DRIVE AWAY,,,,"$501 - $1,500",9/16/2019 10:00,UNABLE TO DETERMINE,UNABLE TO DETERMINE,13000,S,TORRENCE AVE,434,,,,,,,2,NO INDICATION OF INJURY,0,0,0,0,0,2,0,18,1,9,41.65912619,-87.55943274,POINT (-87.559432741943 41.659126189932)
JC434784,,9/15/2019 18:00,30,NO CONTROLS,NO CONTROLS,CLEAR,DUSK,SIDESWIPE SAME DIRECTION,NOT DIVIDED,,STRAIGHT AND LEVEL,DRY,NO DEFECTS,NOT ON SCENE (DESK REPORT),NO INJURY / DRIVE AWAY,,,,"$501 - $1,500",9/15/2019 19:45,UNABLE TO DETERMINE,UNABLE TO DETERMINE,625,S,CICERO AVE,1131,,,,,,,2,NO INDICATION OF INJURY,0,0,0,0,0,4,0,18,1,9,41.8723278,-87.74479149,POINT (-87.74479148865 41.872327802265)
JC434673,,9/15/2019 18:00,15,NO CONTROLS,NO CONTROLS,CLEAR,DAYLIGHT,PARKED MOTOR VEHICLE,PARKING LOT,,STRAIGHT AND LEVEL,DRY,NO DEFECTS,ON SCENE,NO INJURY / DRIVE AWAY,,,,$500 OR LESS,9/15/2019 19:05,IMPROPER BACKING,NOT APPLICABLE,2052,E,HAYES DR,331,,,,,,,2,NO INDICATION OF INJURY,0,0,0,0,0,1,0,18,1,9,41.78082068,-87.57517275,POINT (-87.57517275188 41.780820674607)
JC434682,,9/15/2019 17:50,30,STOP SIGN/FLASHER,FUNCTIONING PROPERLY,CLEAR,DAYLIGHT,SIDESWIPE SAME DIRECTION,NOT DIVIDED,,STRAIGHT AND LEVEL,DRY,NO DEFECTS,ON SCENE,INJURY AND / OR TOW DUE TO CRASH,,,Y,"OVER $1,500",9/15/2019 17:52,DISREGARDING OTHER TRAFFIC SIGNS,UNABLE TO DETERMINE,3900,W,MARQUETTE RD,833,,,,,,,4,NO INDICATION OF INJURY,0,0,0,0,0,6,0,17,1,9,41.77151945,-87.72025022,POINT (-87.720250219473 41.771519453472)
JC434670,,9/15/2019 17:50,35,STOP SIGN/FLASHER,NO CONTROLS,RAIN,DAYLIGHT,ANGLE,DIVIDED - W/MEDIAN (NOT RAISED),,STRAIGHT AND LEVEL,WET,NO DEFECTS,ON SCENE,INJURY AND / OR TOW DUE TO CRASH,,,,"OVER $1,500",9/15/2019 18:05,NOT APPLICABLE,NOT APPLICABLE,8501,W,LAWRENCE AVE,1614,,,,,,,2,NO INDICATION OF INJURY,0,0,0,0,0,3,0,17,1,9,41.96643029,-87.83982099,POINT (-87.83982098538 41.966430292429)
JC434643,,9/15/2019 17:45,30,NO CONTROLS,NO CONTROLS,RAIN,DAWN,SIDESWIPE SAME DIRECTION,NOT DIVIDED,,STRAIGHT AND LEVEL,WET,UNKNOWN,ON SCENE,NO INJURY / DRIVE AWAY,,,,"$501 - $1,500",9/15/2019 17:48,UNABLE TO DETERMINE,UNABLE TO DETERMINE,101,W,OHIO ST,1831,,,,,,,2,NO INDICATION OF INJURY,0,0,0,0,0,2,0,17,1,9,41.89231676,-87.6312172,POINT (-87.631217204072 41.892316763056)
JC434630,,9/15/2019 17:45,35,NO CONTROLS,NO CONTROLS,CLEAR,DAYLIGHT,SIDESWIPE SAME DIRECTION,DIVIDED - W/MEDIAN (NOT RAISED),,STRAIGHT AND LEVEL,DRY,UNKNOWN,NOT ON SCENE (DESK REPORT),NO INJURY / DRIVE AWAY,,,,"$501 - $1,500",9/15/2019 17:55,UNABLE TO DETERMINE,NOT APPLICABLE,3635,E,112TH ST,433,,,,,,,2,NO INDICATION OF INJURY,0,0,0,0,0,2,0,17,1,9,41.69173218,-87.5351387,POINT (-87.53513870009 41.69173217882)
JC434611,,9/15/2019 17:45,30,NO CONTROLS,NO CONTROLS,CLOUDY/OVERCAST,DAYLIGHT,TURNING,NOT DIVIDED,,STRAIGHT AND LEVEL,DRY,NO DEFECTS,ON SCENE,NO INJURY / DRIVE AWAY,,,,"OVER $1,500",9/15/2019 17:50,IMPROPER LANE USAGE,NOT APPLICABLE,5225,S,CENTRAL AVE,814,,,,,,,2,NO INDICATION OF INJURY,0,0,0,0,0,3,0,17,1,9,41.79754275,-87.76230387,POINT (-87.762303874265 41.797542746751)
JC434626,,9/15/2019 17:34,30,TRAFFIC SIGNAL,FUNCTIONING PROPERLY,CLEAR,DAYLIGHT,REAR END,NOT DIVIDED,,STRAIGHT AND LEVEL,DRY,NO DEFECTS,ON SCENE,NO INJURY / DRIVE AWAY,Y,,,$500 OR LESS,9/15/2019 17:46,FOLLOWING TOO CLOSELY,NOT APPLICABLE,6430,N,SHERIDAN RD,2432,,,,,,,2,NO INDICATION OF INJURY,0,0,0,0,0,3,0,17,1,9,41.99913191,-87.66081005,POINT (-87.660810051238 41.9991319138)
JC435714,Y,9/15/2019 17:30,30,TRAFFIC SIGNAL,FUNCTIONING PROPERLY,CLEAR,DAYLIGHT,PARKED MOTOR VEHICLE,ONE-WAY,,STRAIGHT AND LEVEL,DRY,NO DEFECTS,ON SCENE,NO INJURY / DRIVE AWAY,,,Y,"OVER $1,500",9/16/2019 14:30,FOLLOWING TOO CLOSELY,UNABLE TO DETERMINE,501,W,CORNELIA AVE,1925,,,,,,,2,NO INDICATION OF INJURY,0,0,0,0,0,1,0,17,1,9,41.94664952,-87.64239194,POINT (-87.642391944429 41.946649516845)
JC434834,,9/15/2019 17:20,30,NO CONTROLS,NO CONTROLS,RAIN,DUSK,TURNING,NOT DIVIDED,,STRAIGHT AND LEVEL,DRY,NO DEFECTS,NOT ON SCENE (DESK REPORT),NO INJURY / DRIVE AWAY,,,,"OVER $1,500",9/15/2019 18:00,FAILING TO YIELD RIGHT-OF-WAY,FAILING TO YIELD RIGHT-OF-WAY,1611,E,95TH ST,431,,,,,,,2,NO INDICATION OF INJURY,0,0,0,0,0,2,0,17,1,9,41.72223496,-87.58461147,POINT (-87.584611469545 41.722234960447)
JC434548,,9/15/2019 17:20,30,NO CONTROLS,NO CONTROLS,CLEAR,DAYLIGHT,PARKED MOTOR VEHICLE,UNKNOWN,,STRAIGHT AND LEVEL,DRY,NO DEFECTS,ON SCENE,NO INJURY / DRIVE AWAY,,,Y,"OVER $1,500",9/15/2019 17:25,UNABLE TO DETERMINE,UNABLE TO DETERMINE,1333,E,89TH ST,413,,,,,,,2,NO INDICATION OF INJURY,0,0,0,0,0,1,0,17,1,9,41.73307727,-87.59157608,POINT (-87.591576074723 41.733077268254)
JC434669,,9/15/2019 17:18,25,TRAFFIC SIGNAL,FUNCTIONING PROPERLY,CLEAR,DAYLIGHT,REAR END,NOT DIVIDED,,STRAIGHT AND LEVEL,DRY,UNKNOWN,NOT ON SCENE (DESK REPORT),NO INJURY / DRIVE AWAY,Y,,,"$501 - $1,500",9/15/2019 18:25,FOLLOWING TOO CLOSELY,NOT APPLICABLE,2800,W,PETERSON AVE,2413,,,,,,,2,NO INDICATION OF INJURY,0,0,0,0,0,2,0,17,1,9,41.99055208,-87.6994644,POINT (-87.699464396228 41.990552081682)
JC434628,,9/15/2019 17:15,30,NO CONTROLS,NO CONTROLS,CLEAR,DAYLIGHT,TURNING,NOT DIVIDED,,STRAIGHT AND LEVEL,DRY,NO DEFECTS,NOT ON SCENE (DESK REPORT),NO INJURY / DRIVE AWAY,Y,,,"$501 - $1,500",9/15/2019 18:00,FAILING TO YIELD RIGHT-OF-WAY,NOT APPLICABLE,5958,W,NORTH AVE,2531,,,,,,,2,NO INDICATION OF INJURY,0,0,0,0,0,2,0,17,1,9,41.90936558,-87.7754207,POINT (-87.775420700705 41.909365580251)
JC434565,,9/15/2019 17:10,30,TRAFFIC SIGNAL,FUNCTIONING PROPERLY,CLEAR,DAYLIGHT,SIDESWIPE SAME DIRECTION,DIVIDED - W/MEDIAN (NOT RAISED),,STRAIGHT AND LEVEL,DRY,NO DEFECTS,ON SCENE,INJURY AND / OR TOW DUE TO CRASH,,,,"OVER $1,500",9/15/2019 17:14,IMPROPER OVERTAKING/PASSING,NOT APPLICABLE,1400,S,KEDZIE AVE,1022,,,,,,,2,NO INDICATION OF INJURY,0,0,0,0,0,2,0,17,1,9,41.86244651,-87.70570163,POINT (-87.705701625883 41.862446506971)
JC434568,,9/15/2019 17:06,30,TRAFFIC SIGNAL,FUNCTIONING PROPERLY,CLOUDY/OVERCAST,DAYLIGHT,REAR END,NOT DIVIDED,,STRAIGHT AND LEVEL,DRY,NO DEFECTS,ON SCENE,NO INJURY / DRIVE AWAY,Y,,,"OVER $1,500",9/15/2019 17:06,FOLLOWING TOO CLOSELY,NOT APPLICABLE,5059,S,KEDZIE AVE,923,,,,,,,3,NO INDICATION OF INJURY,0,0,0,0,0,6,0,17,1,9,41.80096348,-87.70362281,POINT (-87.703622809117 41.800963478135)
JC434604,,9/15/2019 17:05,30,NO CONTROLS,NO CONTROLS,CLEAR,DAYLIGHT,REAR END,NOT DIVIDED,,STRAIGHT AND LEVEL,DRY,NO DEFECTS,NOT ON SCENE (DESK REPORT),NO INJURY / DRIVE AWAY,,,,"$501 - $1,500",9/15/2019 17:49,NOT APPLICABLE,NOT APPLICABLE,5800,S,KEDZIE AVE,822,,,,,,,2,NO INDICATION OF INJURY,0,0,0,0,0,3,0,17,1,9,41.7879702,-87.70354447,POINT (-87.703544465118 41.787970201401)
JC434539,,9/15/2019 17:02,30,STOP SIGN/FLASHER,NO CONTROLS,CLEAR,DAYLIGHT,ANGLE,FOUR WAY,,STRAIGHT AND LEVEL,DRY,NO DEFECTS,ON SCENE,NO INJURY / DRIVE AWAY,,,,"$501 - $1,500",9/15/2019 17:04,DISREGARDING STOP SIGN,NOT APPLICABLE,7100,S,SACRAMENTO AVE,831,,,,,,,2,NO INDICATION OF INJURY,0,0,0,0,0,5,0,17,1,9,41.76436408,-87.69806348,POINT (-87.698063476818 41.764364075222)
JC435182,,9/15/2019 17:00,30,NO CONTROLS,NO CONTROLS,CLEAR,DAYLIGHT,PARKED MOTOR VEHICLE,NOT DIVIDED,,STRAIGHT AND LEVEL,DRY,NO DEFECTS,NOT ON SCENE (DESK REPORT),NO INJURY / DRIVE AWAY,,,Y,"OVER $1,500",9/16/2019 6:30,UNABLE TO DETERMINE,UNABLE TO DETERMINE,521,E,109TH ST,513,,,,,,,2,NO INDICATION OF INJURY,0,0,0,0,0,1,0,17,1,9,41.69630347,-87.61033678,POINT (-87.610336779292 41.696303469319)
JC434934,N,9/15/2019 17:00,30,NO CONTROLS,NO CONTROLS,CLEAR,DAYLIGHT,PARKED MOTOR VEHICLE,NOT DIVIDED,,STRAIGHT AND LEVEL,DRY,NO DEFECTS,NOT ON SCENE (DESK REPORT),NO INJURY / DRIVE AWAY,,,Y,"OVER $1,500",9/15/2019 21:45,UNABLE TO DETERMINE,UNABLE TO DETERMINE,4111,W,POTOMAC AVE,2534,,,,,,,2,NO INDICATION OF INJURY,0,0,0,0,0,1,0,17,1,9,41.90431909,-87.72931595,POINT (-87.729315950997 41.904319092226)
JC434621,,9/15/2019 17:00,35,STOP SIGN/FLASHER,NO CONTROLS,CLEAR,DUSK,PARKED MOTOR VEHICLE,DIVIDED - W/MEDIAN (NOT RAISED),,STRAIGHT AND LEVEL,DRY,NO DEFECTS,NOT ON SCENE (DESK REPORT),NO INJURY / DRIVE AWAY,,,Y,"OVER $1,500",9/15/2019 17:45,NOT APPLICABLE,NOT APPLICABLE,9932,S,EWING AVE,432,,,,,,,2,NO INDICATION OF INJURY,0,0,0,0,0,1,0,17,1,9,41.71476462,-87.5354238,POINT (-87.535423799463 41.714764617822)
JC434593,,9/15/2019 16:45,30,TRAFFIC SIGNAL,FUNCTIONING PROPERLY,CLOUDY/OVERCAST,DAYLIGHT,REAR END,NOT DIVIDED,,STRAIGHT AND LEVEL,UNKNOWN,UNKNOWN,NOT ON SCENE (DESK REPORT),NO INJURY / DRIVE AWAY,,,,"$501 - $1,500",9/15/2019 17:38,FOLLOWING TOO CLOSELY,DRIVING SKILLS/KNOWLEDGE/EXPERIENCE,3100,N,HALSTED ST,1933,,,,,,,2,NO INDICATION OF INJURY,0,0,0,0,0,2,0,16,1,9,,,
JC434925,,9/15/2019 16:35,15,NO CONTROLS,NO CONTROLS,CLEAR,"DARKNESS, LIGHTED ROAD",SIDESWIPE OPPOSITE DIRECTION,PARKING LOT,,STRAIGHT AND LEVEL,DRY,NO DEFECTS,NOT ON SCENE (DESK REPORT),NO INJURY / DRIVE AWAY,,Y,,"$501 - $1,500",9/15/2019 22:10,FOLLOWING TOO CLOSELY,FOLLOWING TOO CLOSELY,3951,W,103RD ST,2211,,,,,,,2,NO INDICATION OF INJURY,0,0,0,0,0,2,0,16,1,9,41.70576966,-87.72053294,POINT (-87.720532937399 41.705769661372)
JC434556,,9/15/2019 16:35,35,NO CONTROLS,NO CONTROLS,CLEAR,DAYLIGHT,PARKED MOTOR VEHICLE,PARKING LOT,,STRAIGHT AND LEVEL,DRY,NO DEFECTS,NOT ON SCENE (DESK REPORT),NO INJURY / DRIVE AWAY,,,,"$501 - $1,500",9/15/2019 17:15,UNABLE TO DETERMINE,UNABLE TO DETERMINE,2801,S,KEDZIE AVE,1033,,,,,,,2,NO INDICATION OF INJURY,0,0,0,0,0,1,0,16,1,9,41.84081413,-87.70478143,POINT (-87.704781429299 41.840814131218)
JC434527,,9/15/2019 16:15,30,TRAFFIC SIGNAL,UNKNOWN,CLEAR,DAYLIGHT,REAR END,NOT DIVIDED,,STRAIGHT AND LEVEL,DRY,UNKNOWN,NOT ON SCENE (DESK REPORT),NO INJURY / DRIVE AWAY,,,,"$501 - $1,500",9/15/2019 17:03,UNABLE TO DETERMINE,UNABLE TO DETERMINE,11101,S,CICERO AVE,2211,,,,,,,2,NO INDICATION OF INJURY,0,0,0,0,0,3,0,16,1,9,41.69077341,-87.73958873,POINT (-87.739588728068 41.690773405017)
JC434513,,9/15/2019 16:15,30,TRAFFIC SIGNAL,FUNCTIONING PROPERLY,CLEAR,DAYLIGHT,PEDALCYCLIST,DIVIDED - W/MEDIAN (NOT RAISED),,STRAIGHT AND LEVEL,DRY,NO DEFECTS,NOT ON SCENE (DESK REPORT),NO INJURY / DRIVE AWAY,,,,$500 OR LESS,9/15/2019 16:40,UNABLE TO DETERMINE,NOT APPLICABLE,1585,N,MILWAUKEE AVE,1424,,,,,,,2,NO INDICATION OF INJURY,0,0,0,0,0,2,0,16,1,9,41.9104029,-87.67726236,POINT (-87.677262361395 41.910402904423)
JC434501,,9/15/2019 16:10,30,STOP SIGN/FLASHER,FUNCTIONING PROPERLY,CLEAR,DAYLIGHT,REAR END,NOT DIVIDED,,STRAIGHT AND LEVEL,DRY,NO DEFECTS,ON SCENE,NO INJURY / DRIVE AWAY,Y,,,$500 OR LESS,9/15/2019 16:14,UNABLE TO DETERMINE,UNABLE TO DETERMINE,1898,W,47TH ST,924,,,,,,,2,NO INDICATION OF INJURY,0,0,0,0,0,3,0,16,1,9,41.80864134,-87.67219861,POINT (-87.672198610313 41.808641339637)
JC434490,,9/15/2019 16:05,30,NO CONTROLS,NO CONTROLS,CLEAR,DAYLIGHT,REAR END,NOT DIVIDED,,STRAIGHT AND LEVEL,DRY,NO DEFECTS,NOT ON SCENE (DESK REPORT),NO INJURY / DRIVE AWAY,,,,"OVER $1,500",9/15/2019 16:25,FOLLOWING TOO CLOSELY,NOT APPLICABLE,5498,N,HARLEM AVE,1613,,,,,,,2,NO INDICATION OF INJURY,0,0,0,0,0,2,0,16,1,9,41.98102038,-87.80711173,POINT (-87.807111727871 41.981020382487)
JC440444,,9/15/2019 16:00,30,NO CONTROLS,NO CONTROLS,CLEAR,DAYLIGHT,PARKED MOTOR VEHICLE,ONE-WAY,,STRAIGHT AND LEVEL,DRY,NO DEFECTS,NOT ON SCENE (DESK REPORT),NO INJURY / DRIVE AWAY,,,Y,"$501 - $1,500",9/19/2019 20:35,IMPROPER BACKING,FAILING TO REDUCE SPEED TO AVOID CRASH,5059,W,DEMING PL,2521,,,,,,,2,NO INDICATION OF INJURY,0,0,0,0,0,1,0,16,1,9,41.92679817,-87.75366046,POINT (-87.753660459029 41.926798168411)
JC436000,,9/15/2019 16:00,30,TRAFFIC SIGNAL,FUNCTIONING PROPERLY,CLEAR,DAYLIGHT,REAR TO FRONT,DIVIDED - W/MEDIAN (NOT RAISED),,STRAIGHT AND LEVEL,DRY,NO DEFECTS,NOT ON SCENE (DESK REPORT),NO INJURY / DRIVE AWAY,Y,,Y,"OVER $1,500",9/16/2019 16:30,IMPROPER BACKING,UNABLE TO DETERMINE,2400,W,87TH ST,835,,,,,,,2,NO INDICATION OF INJURY,0,0,0,0,0,3,0,16,1,9,41.73563533,-87.68265034,POINT (-87.682650342555 41.735635328819)
JC434471,,9/15/2019 15:50,30,NO CONTROLS,NO CONTROLS,CLEAR,DAYLIGHT,ANGLE,DIVIDED - W/MEDIAN (NOT RAISED),,STRAIGHT AND LEVEL,DRY,NO DEFECTS,NOT ON SCENE (DESK REPORT),NO INJURY / DRIVE AWAY,,,,"OVER $1,500",9/15/2019 16:05,"VISION OBSCURED (SIGNS, TREE LIMBS, BUILDINGS, ETC.)",NOT APPLICABLE,1782,W,EDMAIRE ST,2234,,,,,,,2,NO INDICATION OF INJURY,0,0,0,0,0,2,0,15,1,9,41.68677912,-87.66647024,POINT (-87.666470239001 41.686779120748)
JC434468,,9/15/2019 15:31,35,NO CONTROLS,FUNCTIONING PROPERLY,CLEAR,DAYLIGHT,TURNING,NOT DIVIDED,,STRAIGHT AND LEVEL,DRY,NO DEFECTS,ON SCENE,INJURY AND / OR TOW DUE TO CRASH,Y,,,"OVER $1,500",9/15/2019 15:31,FAILING TO YIELD RIGHT-OF-WAY,IMPROPER TURNING/NO SIGNAL,9300,S,COMMERCIAL AVE,423,,,,,,,2,NONINCAPACITATING INJURY,1,0,0,1,0,3,0,15,1,9,41.72624533,-87.55131357,POINT (-87.55131356971 41.72624533147)
JC434465,,9/15/2019 15:30,30,TRAFFIC SIGNAL,FUNCTIONING PROPERLY,CLEAR,DAYLIGHT,ANGLE,NOT DIVIDED,,STRAIGHT AND LEVEL,DRY,NO DEFECTS,ON SCENE,NO INJURY / DRIVE AWAY,Y,,,"OVER $1,500",9/15/2019 15:32,FAILING TO YIELD RIGHT-OF-WAY,NOT APPLICABLE,4700,S,WESTERN BLVD,922,,,,,,,2,NO INDICATION OF INJURY,0,0,0,0,0,3,0,15,1,9,41.80836955,-87.6840194,POINT (-87.684019396719 41.808369548854)
JC434467,,9/15/2019 15:27,30,TRAFFIC SIGNAL,FUNCTIONING PROPERLY,CLOUDY/OVERCAST,DAYLIGHT,REAR END,NOT DIVIDED,,STRAIGHT AND LEVEL,DRY,UNKNOWN,NOT ON SCENE (DESK REPORT),NO INJURY / DRIVE AWAY,,,,"$501 - $1,500",9/15/2019 15:43,FAILING TO REDUCE SPEED TO AVOID CRASH,CELL PHONE USE OTHER THAN TEXTING,5615,W,JACKSON BLVD,1513,,,,,,,2,NO INDICATION OF INJURY,0,0,0,0,0,3,0,15,1,9,41.87647775,-87.76542947,POINT (-87.765429472724 41.876477753063)
JC434454,Y,9/15/2019 15:27,30,STOP SIGN/FLASHER,FUNCTIONING PROPERLY,CLEAR,DAYLIGHT,REAR END,DIVIDED - W/MEDIAN (NOT RAISED),,STRAIGHT AND LEVEL,DRY,NO DEFECTS,ON SCENE,NO INJURY / DRIVE AWAY,,,,"$501 - $1,500",9/15/2019 15:50,FOLLOWING TOO CLOSELY,UNABLE TO DETERMINE,4631,W,47TH ST,815,,,,,,,2,NO INDICATION OF INJURY,0,0,0,0,0,2,0,15,1,9,41.80756053,-87.73942541,POINT (-87.739425413859 41.807560524867)
JC434552,,9/15/2019 15:24,15,NO CONTROLS,NO CONTROLS,CLEAR,DAYLIGHT,PARKED MOTOR VEHICLE,PARKING LOT,,STRAIGHT AND LEVEL,DRY,NO DEFECTS,NOT ON SCENE (DESK REPORT),NO INJURY / DRIVE AWAY,,Y,,"$501 - $1,500",9/15/2019 17:24,UNABLE TO DETERMINE,UNABLE TO DETERMINE,3745,N,LINCOLN AVE,1922,,,,,,,2,NO INDICATION OF INJURY,0,0,0,0,0,2,0,15,1,9,41.94996117,-87.67567113,POINT (-87.675671129255 41.949961171142)
JC434444,,9/15/2019 15:20,30,NO CONTROLS,NO CONTROLS,CLEAR,DAYLIGHT,TURNING,ONE-WAY,,STRAIGHT AND LEVEL,DRY,NO DEFECTS,NOT ON SCENE (DESK REPORT),NO INJURY / DRIVE AWAY,,,,"OVER $1,500",9/15/2019 15:35,FAILING TO YIELD RIGHT-OF-WAY,NOT APPLICABLE,2350,N,LOREL AVE,2515,,,,,,,2,NO INDICATION OF INJURY,0,0,0,0,0,3,0,15,1,9,41.92373862,-87.75997271,POINT (-87.759972704592 41.923738615717)
JC434427,,9/15/2019 15:17,30,PEDESTRIAN CROSSING SIGN,FUNCTIONING PROPERLY,CLEAR,DAYLIGHT,PEDESTRIAN,FOUR WAY,,STRAIGHT AND LEVEL,DRY,UNKNOWN,ON SCENE,INJURY AND / OR TOW DUE TO CRASH,Y,,,$500 OR LESS,9/15/2019 15:17,FAILING TO YIELD RIGHT-OF-WAY,UNABLE TO DETERMINE,1000,S,CLARK ST,123,,,,,,,2,"REPORTED, NOT EVIDENT",1,0,0,0,1,1,0,15,1,9,41.8698488,-87.63065553,POINT (-87.630655526344 41.869848798097)
JC438930,,9/15/2019 15:15,10,NO CONTROLS,NO CONTROLS,CLEAR,DAYLIGHT,PARKED MOTOR VEHICLE,PARKING LOT,,STRAIGHT AND LEVEL,UNKNOWN,UNKNOWN,NOT ON SCENE (DESK REPORT),NO INJURY / DRIVE AWAY,,Y,Y,"OVER $1,500",9/18/2019 18:30,UNABLE TO DETERMINE,NOT APPLICABLE,1347,W,76TH ST,612,N,,,,,,2,NO INDICATION OF INJURY,0,0,0,0,0,1,0,15,1,9,41.75578144,-87.65819633,POINT (-87.6581963329 41.755781437799)
JC434731,,9/15/2019 15:10,30,NO CONTROLS,NO CONTROLS,CLEAR,DAYLIGHT,ANGLE,PARKING LOT,,STRAIGHT AND LEVEL,DRY,NO DEFECTS,NOT ON SCENE (DESK REPORT),NO INJURY / DRIVE AWAY,,,,"OVER $1,500",9/15/2019 19:00,IMPROPER BACKING,UNABLE TO DETERMINE,7100,S,ASHLAND AVE,735,,,,,,,2,NO INDICATION OF INJURY,0,0,0,0,0,2,0,15,1,9,41.76485938,-87.66394018,POINT (-87.663940176305 41.764859382425)