RD_NO,CRASH_DATE_EST_I,CRASH_DATE,POSTED_SPEED_LIMIT,TRAFFIC_CONTROL_DEVICE,DEVICE_CONDITION,WEATHER_CONDITION,LIGHTING_CONDITION,FIRST_CRASH_TYPE,TRAFFICWAY_TYPE,LANE_CNT,ALIGNMENT,ROADWAY_SURFACE_COND,ROAD_DEFECT,REPORT_TYPE,CRASH_TYPE,INTERSECTION_RELATED_I,NOT_RIGHT_OF_WAY_I,HIT_AND_RUN_I,DAMAGE,DATE_POLICE_NOTIFIED,PRIM_CONTRIBUTORY_CAUSE,SEC_CONTRIBUTORY_CAUSE,STREET_NO,STREET_DIRECTION,STREET_NAME,BEAT_OF_OCCURRENCE,PHOTOS_TAKEN_I,STATEMENTS_TAKEN_I,DOORING_I,WORK_ZONE_I,WORK_ZONE_TYPE,WORKERS_PRESENT_I,NUM_UNITS,MOST_SEVERE_INJURY,INJURIES_TOTAL,INJURIES_FATAL,INJURIES_INCAPACITATING,INJURIES_NON_INCAPACITATING,INJURIES_REPORTED_NOT_EVIDENT,INJURIES_NO_INDICATION,INJURIES_UNKNOWN,CRASH_HOUR,CRASH_DAY_OF_WEEK,CRASH_MONTH,LATITUDE,LONGITUDE,LOCATION
JC434419,,9/15/2019 15:10,25,OTHER REG. SIGN,FUNCTIONING PROPERLY,CLEAR,DAYLIGHT,ANGLE,ONE-WAY,,STRAIGHT AND LEVEL,DRY,NO DEFECTS,ON SCENE,NO INJURY / DRIVE AWAY,,,,"OVER $1,500",9/15/2019 15:19,FAILING TO YIELD RIGHT-OF-WAY,DRIVING ON WRONG SIDE/WRONG WAY,1018,N,MASON AVE,1511,,,,,,,2,NO INDICATION OF INJURY,0,0,0,0,0,2,0,15,1,9,41.89897005,-87.77420353,POINT (-87.774203532594 41.898970047571)
JC434838,,9/15/2019 15:05,15,NO CONTROLS,NO CONTROLS,CLEAR,DAYLIGHT,PARKED MOTOR VEHICLE,PARKING LOT,,STRAIGHT AND LEVEL,DRY,NO DEFECTS,NOT ON SCENE (DESK REPORT),NO INJURY / DRIVE AWAY,,,,"OVER $1,500",9/15/2019 20:18,UNABLE TO DETERMINE,NOT APPLICABLE,7030,S,ASHLAND AVE,735,,,,,,,2,NO INDICATION OF INJURY,0,0,0,0,0,1,0,15,1,9,41.76579077,-87.66396689,POINT (-87.663966886455 41.765790770432)
JC434535,,9/15/2019 15:05,30,TRAFFIC SIGNAL,FUNCTIONING PROPERLY,CLEAR,DAYLIGHT,REAR END,DIVIDED - W/MEDIAN (NOT RAISED),,STRAIGHT AND LEVEL,DRY,NO DEFECTS,NOT ON SCENE (DESK REPORT),NO INJURY / DRIVE AWAY,,,,"OVER $1,500",9/15/2019 17:05,UNABLE TO DETERMINE,NOT APPLICABLE,31,N,WESTERN AVE,1223,,,,,,,3,NO INDICATION OF INJURY,0,0,0,0,0,4,0,15,1,9,41.88204232,-87.68630877,POINT (-87.686308766683 41.88204232287)
JC435785,,9/15/2019 15:00,35,NO CONTROLS,NO CONTROLS,CLEAR,DAYLIGHT,TURNING,T-INTERSECTION,,STRAIGHT AND LEVEL,UNKNOWN,UNKNOWN,NOT ON SCENE (DESK REPORT),NO INJURY / DRIVE AWAY,,,,"OVER $1,500",9/16/2019 15:09,IMPROPER LANE USAGE,IMPROPER LANE USAGE,3600,S,PULASKI RD,1031,,,,,,,2,NO INDICATION OF INJURY,0,0,0,0,0,2,0,15,1,9,41.82871806,-87.72432061,POINT (-87.724320604623 41.828718064452)
JC435347,Y,9/15/2019 15:00,30,NO CONTROLS,NO CONTROLS,CLEAR,DAYLIGHT,PARKED MOTOR VEHICLE,ONE-WAY,,STRAIGHT AND LEVEL,DRY,NO DEFECTS,ON SCENE,NO INJURY / DRIVE AWAY,,,Y,"$501 - $1,500",9/16/2019 9:52,UNABLE TO DETERMINE,UNABLE TO DETERMINE,5505,S,NATOMA AVE,811,,,,,,,2,NO INDICATION OF INJURY,0,0,0,0,0,1,0,15,1,9,41.7920221,-87.78775905,POINT (-87.787759044749 41.792022100343)
JC434483,,9/15/2019 15:00,30,NO CONTROLS,NO CONTROLS,CLEAR,DAYLIGHT,SIDESWIPE SAME DIRECTION,NOT DIVIDED,,STRAIGHT AND LEVEL,DRY,NO DEFECTS,NOT ON SCENE (DESK REPORT),NO INJURY / DRIVE AWAY,,,,"OVER $1,500",9/15/2019 16:15,UNABLE TO DETERMINE,NOT APPLICABLE,3600,S,PULASKI RD,1031,,,,,,,2,NO INDICATION OF INJURY,0,0,0,0,0,2,0,15,1,9,41.82871806,-87.72432061,POINT (-87.724320604623 41.828718064452)
JC434456,Y,9/15/2019 15:00,30,NO CONTROLS,NO CONTROLS,CLEAR,DAYLIGHT,PARKED MOTOR VEHICLE,ONE-WAY,,STRAIGHT AND LEVEL,DRY,NO DEFECTS,NOT ON SCENE (DESK REPORT),NO INJURY / DRIVE AWAY,,,Y,"$501 - $1,500",9/15/2019 15:48,FOLLOWING TOO CLOSELY,NOT APPLICABLE,1209,W,ARTHUR AVE,2432,,,,,,,2,NO INDICATION OF INJURY,0,0,0,0,0,1,0,15,1,9,42.00032431,-87.66113437,POINT (-87.661134368369 42.000324307143)
JC434451,,9/15/2019 15:00,30,NO CONTROLS,NO CONTROLS,CLEAR,DAYLIGHT,SIDESWIPE OPPOSITE DIRECTION,NOT DIVIDED,,STRAIGHT AND LEVEL,DRY,NO DEFECTS,ON SCENE,NO INJURY / DRIVE AWAY,,,Y,$500 OR LESS,9/15/2019 15:25,DRIVING SKILLS/KNOWLEDGE/EXPERIENCE,NOT APPLICABLE,4333,S,WOLCOTT AVE,924,,,,,,,2,NO INDICATION OF INJURY,0,0,0,0,0,3,0,15,1,9,41.81481793,-87.67227226,POINT (-87.672272262557 41.814817930807)
JC434590,,9/15/2019 14:50,30,TRAFFIC SIGNAL,FUNCTIONING PROPERLY,CLEAR,DAYLIGHT,PEDALCYCLIST,"FIVE POINT, OR MORE",,STRAIGHT AND LEVEL,DRY,UNKNOWN,ON SCENE,INJURY AND / OR TOW DUE TO CRASH,Y,,,$500 OR LESS,9/15/2019 16:52,FOLLOWING TOO CLOSELY,NOT APPLICABLE,2400,W,BELMONT AVE,1921,,,,,,,2,NONINCAPACITATING INJURY,1,0,0,1,0,2,0,14,1,9,41.93957041,-87.68810786,POINT (-87.688107859742 41.939570411675)
JC434416,,9/15/2019 14:50,30,NO CONTROLS,UNKNOWN,CLEAR,DAYLIGHT,SIDESWIPE SAME DIRECTION,NOT DIVIDED,,STRAIGHT AND LEVEL,DRY,NO DEFECTS,NOT ON SCENE (DESK REPORT),NO INJURY / DRIVE AWAY,,,,"$501 - $1,500",9/15/2019 15:20,UNABLE TO DETERMINE,NOT APPLICABLE,110,E,CHICAGO AVE,1833,,,,,,,2,NO INDICATION OF INJURY,0,0,0,0,0,2,0,14,1,9,41.89682826,-87.62500161,POINT (-87.62500161015 41.896828256501)
JC434399,,9/15/2019 14:49,15,NO CONTROLS,NO CONTROLS,CLEAR,DAYLIGHT,OTHER NONCOLLISION,PARKING LOT,,STRAIGHT AND LEVEL,DRY,NO DEFECTS,ON SCENE,INJURY AND / OR TOW DUE TO CRASH,,,,$500 OR LESS,9/15/2019 14:49,DRIVING SKILLS/KNOWLEDGE/EXPERIENCE,DRIVING SKILLS/KNOWLEDGE/EXPERIENCE,9901,S,DR MARTIN LUTHER KING JR DR,511,,,,,,,1,INCAPACITATING INJURY,1,0,1,0,0,0,0,14,1,9,41.71457403,-87.61383053,POINT (-87.613830526229 41.714574031879)
JC434479,,9/15/2019 14:40,30,NO CONTROLS,NO CONTROLS,CLEAR,DAYLIGHT,REAR END,NOT DIVIDED,,STRAIGHT AND LEVEL,WET,NO DEFECTS,NOT ON SCENE (DESK REPORT),NO INJURY / DRIVE AWAY,,,,"OVER $1,500",9/15/2019 16:00,UNABLE TO DETERMINE,NOT APPLICABLE,8324,S,VINCENNES AVE,622,,,,,,,2,NO INDICATION OF INJURY,0,0,0,0,0,3,0,14,1,9,41.74282745,-87.63724331,POINT (-87.637243309229 41.742827444513)
JC434508,,9/15/2019 14:30,30,NO CONTROLS,NO CONTROLS,CLEAR,DAYLIGHT,PARKED MOTOR VEHICLE,NOT DIVIDED,,STRAIGHT AND LEVEL,DRY,UNKNOWN,NOT ON SCENE (DESK REPORT),NO INJURY / DRIVE AWAY,,,,"OVER $1,500",9/15/2019 16:48,UNABLE TO DETERMINE,UNABLE TO DETERMINE,4622,N,ASHLAND AVE,1912,,,,,,,2,NO INDICATION OF INJURY,0,0,0,0,0,1,0,14,1,9,41.96594318,-87.66951257,POINT (-87.669512569239 41.965943183829)
JC434412,,9/15/2019 14:25,25,TRAFFIC SIGNAL,FUNCTIONING PROPERLY,CLEAR,DAYLIGHT,SIDESWIPE SAME DIRECTION,NOT DIVIDED,,STRAIGHT AND LEVEL,DRY,NO DEFECTS,NOT ON SCENE (DESK REPORT),NO INJURY / DRIVE AWAY,Y,,,"$501 - $1,500",9/15/2019 15:11,FAILING TO YIELD RIGHT-OF-WAY,UNABLE TO DETERMINE,1607,W,LAKE ST,1224,,,,,,,2,NO INDICATION OF INJURY,0,0,0,0,0,5,0,14,1,9,41.88521151,-87.66723229,POINT (-87.667232287463 41.885211509785)
JC434388,,9/15/2019 14:25,30,NO CONTROLS,NO CONTROLS,CLEAR,DAYLIGHT,PEDALCYCLIST,DIVIDED - W/MEDIAN (NOT RAISED),,STRAIGHT AND LEVEL,DRY,NO DEFECTS,NOT ON SCENE (DESK REPORT),INJURY AND / OR TOW DUE TO CRASH,,,,"$501 - $1,500",9/15/2019 14:29,UNABLE TO DETERMINE,UNABLE TO DETERMINE,2208,N,SACRAMENTO AVE,1414,,,Y,,,,2,NONINCAPACITATING INJURY,1,0,0,1,0,1,0,14,1,9,41.92183364,-87.7023645,POINT (-87.702364498194 41.921833643789)
JC434390,,9/15/2019 14:20,30,NO CONTROLS,NO CONTROLS,CLEAR,DAYLIGHT,REAR TO REAR,NOT DIVIDED,,STRAIGHT AND LEVEL,DRY,NO DEFECTS,NOT ON SCENE (DESK REPORT),NO INJURY / DRIVE AWAY,,,,"OVER $1,500",9/15/2019 14:40,UNABLE TO DETERMINE,UNABLE TO DETERMINE,5353,N,ELSTON AVE,1621,,,,,,,2,NO INDICATION OF INJURY,0,0,0,0,0,3,0,14,1,9,41.97871026,-87.75715377,POINT (-87.757153772042 41.978710264377)
JC434373,,9/15/2019 14:20,30,UNKNOWN,UNKNOWN,UNKNOWN,UNKNOWN,REAR END,UNKNOWN,,STRAIGHT AND LEVEL,UNKNOWN,UNKNOWN,NOT ON SCENE (DESK REPORT),NO INJURY / DRIVE AWAY,,,Y,"OVER $1,500",9/15/2019 14:30,UNABLE TO DETERMINE,NOT APPLICABLE,4800,N,AUSTIN AVE,1622,,,,,,,2,NO INDICATION OF INJURY,0,0,0,0,0,3,0,14,1,9,41.96762485,-87.77743074,POINT (-87.777430736114 41.967624849006)
JC434474,,9/15/2019 14:17,5,NO CONTROLS,NO CONTROLS,CLEAR,DAYLIGHT,PARKED MOTOR VEHICLE,PARKING LOT,,STRAIGHT AND LEVEL,DRY,NO DEFECTS,ON SCENE,NO INJURY / DRIVE AWAY,,,Y,"OVER $1,500",9/15/2019 15:17,IMPROPER BACKING,NOT APPLICABLE,2838,E,104TH ST,434,,,,,,,2,NO INDICATION OF INJURY,0,0,0,0,0,1,0,14,1,9,41.70649814,-87.5547319,POINT (-87.554731903077 41.706498136664)
JC434443,,9/15/2019 14:09,30,NO CONTROLS,NO CONTROLS,CLEAR,DAYLIGHT,PEDESTRIAN,NOT DIVIDED,,STRAIGHT AND LEVEL,DRY,UNKNOWN,NOT ON SCENE (DESK REPORT),INJURY AND / OR TOW DUE TO CRASH,,,,$500 OR LESS,9/15/2019 15:32,UNABLE TO DETERMINE,UNABLE TO DETERMINE,10958,S,DRAKE AVE,2211,,,,,,,2,"REPORTED, NOT EVIDENT",1,0,0,0,1,1,0,14,1,9,41.69335284,-87.70959104,POINT (-87.709591036551 41.69335284157)
JC434356,,9/15/2019 14:08,30,TRAFFIC SIGNAL,FUNCTIONING PROPERLY,CLEAR,DAYLIGHT,SIDESWIPE SAME DIRECTION,NOT DIVIDED,,STRAIGHT AND LEVEL,DRY,NO DEFECTS,NOT ON SCENE (DESK REPORT),NO INJURY / DRIVE AWAY,Y,,,"$501 - $1,500",9/15/2019 14:20,DRIVING SKILLS/KNOWLEDGE/EXPERIENCE,UNABLE TO DETERMINE,102,W,18TH ST,131,,,,,,,2,NO INDICATION OF INJURY,0,0,0,0,0,2,0,14,1,9,41.85789818,-87.62962094,POINT (-87.629620937801 41.857898180572)
JC438486,,9/15/2019 14:00,30,NO CONTROLS,NO CONTROLS,CLEAR,DAYLIGHT,SIDESWIPE SAME DIRECTION,NOT DIVIDED,,STRAIGHT AND LEVEL,DRY,NO DEFECTS,NOT ON SCENE (DESK REPORT),NO INJURY / DRIVE AWAY,,,,"OVER $1,500",9/18/2019 13:15,IMPROPER OVERTAKING/PASSING,DRIVING SKILLS/KNOWLEDGE/EXPERIENCE,2634,W,WILSON AVE,1911,,,,,,,2,NO INDICATION OF INJURY,0,0,0,0,0,2,0,14,1,9,41.96491524,-87.69505411,POINT (-87.695054112431 41.964915243768)
JC436848,,9/15/2019 14:00,20,NO CONTROLS,NO CONTROLS,CLEAR,DAYLIGHT,PARKED MOTOR VEHICLE,NOT DIVIDED,,STRAIGHT AND LEVEL,DRY,NO DEFECTS,NOT ON SCENE (DESK REPORT),NO INJURY / DRIVE AWAY,,,,"$501 - $1,500",9/17/2019 10:15,UNABLE TO DETERMINE,NOT APPLICABLE,10942,S,DRAKE AVE,2211,,,,,,,2,NO INDICATION OF INJURY,0,0,0,0,0,1,0,14,1,9,41.69380686,-87.70960877,POINT (-87.709608770214 41.693806862335)
JC434502,,9/15/2019 14:00,30,NO CONTROLS,NO CONTROLS,CLEAR,DAYLIGHT,REAR END,DIVIDED - W/MEDIAN (NOT RAISED),,STRAIGHT AND LEVEL,DRY,NO DEFECTS,NOT ON SCENE (DESK REPORT),NO INJURY / DRIVE AWAY,,,,"$501 - $1,500",9/15/2019 16:30,NOT APPLICABLE,NOT APPLICABLE,5100,S,PULASKI RD,815,,,,,,,2,NO INDICATION OF INJURY,0,0,0,0,0,3,0,14,1,9,41.8005277,-87.72351928,POINT (-87.723519274799 41.80052770213)
JC434372,,9/15/2019 14:00,30,NO CONTROLS,NO CONTROLS,CLEAR,DAYLIGHT,PARKED MOTOR VEHICLE,PARKING LOT,,STRAIGHT AND LEVEL,DRY,NO DEFECTS,NOT ON SCENE (DESK REPORT),NO INJURY / DRIVE AWAY,,,,$500 OR LESS,9/15/2019 14:30,UNABLE TO DETERMINE,NOT APPLICABLE,4801,N,CENTRAL AVE,1623,,,,,,,2,NO INDICATION OF INJURY,0,0,0,0,0,1,0,14,1,9,41.96783,-87.76733074,POINT (-87.767330740918 41.967829999529)
JC434362,,9/15/2019 14:00,40,UNKNOWN,UNKNOWN,CLEAR,DAYLIGHT,REAR END,NOT DIVIDED,,STRAIGHT AND LEVEL,DRY,UNKNOWN,NOT ON SCENE (DESK REPORT),NO INJURY / DRIVE AWAY,,,Y,"OVER $1,500",9/15/2019 14:24,FAILING TO REDUCE SPEED TO AVOID CRASH,NOT APPLICABLE,5754,W,AUGUSTA BLVD,1511,,,,,,,2,NO INDICATION OF INJURY,0,0,0,0,0,2,0,14,1,9,41.89853934,-87.77015817,POINT (-87.770158165106 41.898539342575)
JC434351,,9/15/2019 13:55,30,TRAFFIC SIGNAL,FUNCTIONING PROPERLY,CLEAR,DAYLIGHT,SIDESWIPE SAME DIRECTION,NOT DIVIDED,,STRAIGHT AND LEVEL,DRY,NO DEFECTS,NOT ON SCENE (DESK REPORT),NO INJURY / DRIVE AWAY,Y,,,"$501 - $1,500",9/15/2019 14:21,FAILING TO YIELD RIGHT-OF-WAY,UNABLE TO DETERMINE,5928,N,BROADWAY,2013,,,,,,,2,NO INDICATION OF INJURY,0,0,0,0,0,2,0,13,1,9,41.98989648,-87.66041085,POINT (-87.660410852802 41.989896478601)
JC443952,,9/15/2019 13:45,15,NO CONTROLS,NO CONTROLS,CLEAR,DAYLIGHT,PARKED MOTOR VEHICLE,NOT DIVIDED,,STRAIGHT AND LEVEL,DRY,NO DEFECTS,NOT ON SCENE (DESK REPORT),NO INJURY / DRIVE AWAY,,,,"OVER $1,500",9/22/2019 13:45,IMPROPER TURNING/NO SIGNAL,UNABLE TO DETERMINE,9422,S,EGGLESTON AVE,2223,,,,,,,2,NO INDICATION OF INJURY,0,0,0,0,0,1,0,13,1,9,41.7226631,-87.63492638,POINT (-87.634926376165 41.722663095962)
JC434339,,9/15/2019 13:45,0,NO CONTROLS,NO CONTROLS,CLEAR,DAYLIGHT,PARKED MOTOR VEHICLE,PARKING LOT,,STRAIGHT AND LEVEL,DRY,NO DEFECTS,NOT ON SCENE (DESK REPORT),NO INJURY / DRIVE AWAY,,,,"OVER $1,500",9/15/2019 13:55,IMPROPER BACKING,NOT APPLICABLE,1554,W,MARQUETTE RD,725,,,,,,,2,NO INDICATION OF INJURY,0,0,0,0,0,3,0,13,1,9,41.77230551,-87.66379407,POINT (-87.663794066592 41.772305505523)
JC434354,,9/15/2019 13:40,30,NO CONTROLS,NO CONTROLS,CLEAR,DAYLIGHT,TURNING,ONE-WAY,,STRAIGHT AND LEVEL,DRY,NO DEFECTS,NOT ON SCENE (DESK REPORT),NO INJURY / DRIVE AWAY,,,,"OVER $1,500",9/15/2019 14:15,IMPROPER LANE USAGE,UNABLE TO DETERMINE,4623,N,WESTERN AVE,1911,,,,,,,2,NO INDICATION OF INJURY,0,0,0,0,0,4,0,13,1,9,41.96563194,-87.68866466,POINT (-87.688664662168 41.965631935012)
JC434338,,9/15/2019 13:40,30,TRAFFIC SIGNAL,FUNCTIONING PROPERLY,CLEAR,DAYLIGHT,SIDESWIPE SAME DIRECTION,DIVIDED - W/MEDIAN BARRIER,,STRAIGHT AND LEVEL,DRY,NO DEFECTS,NOT ON SCENE (DESK REPORT),NO INJURY / DRIVE AWAY,,,,"OVER $1,500",9/15/2019 14:00,DISTRACTION - FROM INSIDE VEHICLE,NOT APPLICABLE,100,N,LA SALLE ST,122,,,,,,,2,NO INDICATION OF INJURY,0,0,0,0,0,2,0,13,1,9,41.88323718,-87.63255558,POINT (-87.632555577008 41.88323717512)
JC434395,,9/15/2019 13:30,15,NO CONTROLS,NO CONTROLS,CLEAR,DAYLIGHT,SIDESWIPE SAME DIRECTION,PARKING LOT,,STRAIGHT AND LEVEL,DRY,NO DEFECTS,ON SCENE,NO INJURY / DRIVE AWAY,,,Y,"$501 - $1,500",9/15/2019 14:35,UNABLE TO DETERMINE,UNABLE TO DETERMINE,4030,W,ROOSEVELT RD,1132,,,,,,,2,NO INDICATION OF INJURY,0,0,0,0,0,2,0,13,1,9,41.86626526,-87.7263306,POINT (-87.72633060162 41.866265255827)
JC434329,,9/15/2019 13:25,10,NO CONTROLS,NO CONTROLS,CLEAR,DAYLIGHT,ANGLE,PARKING LOT,,STRAIGHT AND LEVEL,DRY,UNKNOWN,NOT ON SCENE (DESK REPORT),NO INJURY / DRIVE AWAY,,Y,,"OVER $1,500",9/15/2019 13:41,UNABLE TO DETERMINE,UNABLE TO DETERMINE,58,W,79TH ST,623,,,,,,,2,NO INDICATION OF INJURY,0,0,0,0,0,2,0,13,1,9,41.7510225,-87.62698029,POINT (-87.626980293637 41.751022502989)
JC434317,,9/15/2019 13:14,30,NO CONTROLS,NO CONTROLS,CLEAR,DAYLIGHT,REAR END,NOT DIVIDED,,STRAIGHT AND LEVEL,DRY,NO DEFECTS,NOT ON SCENE (DESK REPORT),NO INJURY / DRIVE AWAY,,,,"OVER $1,500",9/15/2019 13:35,FOLLOWING TOO CLOSELY,NOT APPLICABLE,6615,W,IRVING PARK RD,1632,,,,,,,2,NO INDICATION OF INJURY,0,0,0,0,0,2,0,13,1,9,41.9527076,-87.79210947,POINT (-87.79210947401 41.952707595692)
JC445314,,9/15/2019 13:00,30,NO CONTROLS,NO CONTROLS,UNKNOWN,DAYLIGHT,PARKED MOTOR VEHICLE,ONE-WAY,,STRAIGHT AND LEVEL,UNKNOWN,UNKNOWN,NOT ON SCENE (DESK REPORT),NO INJURY / DRIVE AWAY,,,Y,"$501 - $1,500",9/23/2019 15:30,IMPROPER BACKING,NOT APPLICABLE,1822,S,LAWNDALE AVE,1014,,,,,,,2,NO INDICATION OF INJURY,0,0,0,0,0,1,0,13,1,9,41.85640052,-87.71775153,POINT (-87.717751529967 41.856400522089)
JC434336,,9/15/2019 13:00,30,NO CONTROLS,NO CONTROLS,CLEAR,DAYLIGHT,FIXED OBJECT,ALLEY,,STRAIGHT AND LEVEL,DRY,NO DEFECTS,ON SCENE,NO INJURY / DRIVE AWAY,,,,"$501 - $1,500",9/15/2019 13:15,IMPROPER BACKING,NOT APPLICABLE,1008,N,HONORE ST,1212,,,,,,,1,NO INDICATION OF INJURY,0,0,0,0,0,2,0,13,1,9,41.89992819,-87.67364429,POINT (-87.673644287373 41.899928186585)
JC434315,,9/15/2019 13:00,30,UNKNOWN,UNKNOWN,UNKNOWN,UNKNOWN,SIDESWIPE SAME DIRECTION,UNKNOWN,,STRAIGHT AND LEVEL,UNKNOWN,UNKNOWN,NOT ON SCENE (DESK REPORT),NO INJURY / DRIVE AWAY,,,,"OVER $1,500",9/15/2019 13:45,UNABLE TO DETERMINE,NOT APPLICABLE,220,N,HALSTED ST,1214,,,,,,,2,NO INDICATION OF INJURY,0,0,0,0,0,3,0,13,1,9,41.8863751,-87.64764017,POINT (-87.647640172842 41.886375095633)
JC434313,,9/15/2019 12:30,30,UNKNOWN,UNKNOWN,CLEAR,DAYLIGHT,REAR END,NOT DIVIDED,,STRAIGHT AND LEVEL,DRY,NO DEFECTS,NOT ON SCENE (DESK REPORT),NO INJURY / DRIVE AWAY,,,,"OVER $1,500",9/15/2019 13:45,IMPROPER OVERTAKING/PASSING,DRIVING SKILLS/KNOWLEDGE/EXPERIENCE,3328,W,WILSON AVE,1713,,,,,,,2,NO INDICATION OF INJURY,0,0,0,0,0,2,0,12,1,9,41.96477955,-87.71196484,POINT (-87.711964836348 41.964779550104)
JC434260,,9/15/2019 12:30,25,NO CONTROLS,NO CONTROLS,CLEAR,DAYLIGHT,REAR END,NOT DIVIDED,,STRAIGHT AND LEVEL,DRY,NO DEFECTS,ON SCENE,NO INJURY / DRIVE AWAY,,,,$500 OR LESS,9/15/2019 12:37,FOLLOWING TOO CLOSELY,NOT APPLICABLE,4951,W,LAWRENCE AVE,1623,,Y,,,,,2,NO INDICATION OF INJURY,0,0,0,0,0,3,0,12,1,9,41.96786184,-87.75223684,POINT (-87.752236835854 41.96786183578)
JC434267,,9/15/2019 12:28,30,TRAFFIC SIGNAL,FUNCTIONING PROPERLY,CLEAR,DAYLIGHT,PEDALCYCLIST,FOUR WAY,,STRAIGHT AND LEVEL,DRY,NO DEFECTS,ON SCENE,NO INJURY / DRIVE AWAY,Y,,,$500 OR LESS,9/15/2019 12:34,FOLLOWING TOO CLOSELY,NOT APPLICABLE,801,W,WEBSTER AVE,1812,,,,,,,2,NO INDICATION OF INJURY,0,0,0,0,0,2,0,12,1,9,41.92170618,-87.64868973,POINT (-87.648689731794 41.921706181825)
JC434308,,9/15/2019 12:20,30,NO CONTROLS,NO CONTROLS,CLEAR,DAYLIGHT,SIDESWIPE SAME DIRECTION,DIVIDED - W/MEDIAN (NOT RAISED),,STRAIGHT AND LEVEL,DRY,NO DEFECTS,NOT ON SCENE (DESK REPORT),NO INJURY / DRIVE AWAY,,,,"OVER $1,500",9/15/2019 13:15,FAILING TO YIELD RIGHT-OF-WAY,UNABLE TO DETERMINE,1159,S,CANAL ST,124,,,,,,,2,NO INDICATION OF INJURY,0,0,0,0,0,2,0,12,1,9,41.86731941,-87.63905675,POINT (-87.63905674603 41.867319405339)
JC434264,,9/15/2019 12:10,30,NO CONTROLS,NO CONTROLS,CLEAR,DAYLIGHT,PARKED MOTOR VEHICLE,ONE-WAY,,STRAIGHT AND LEVEL,DRY,NO DEFECTS,ON SCENE,NO INJURY / DRIVE AWAY,,,,"$501 - $1,500",9/15/2019 12:10,UNABLE TO DETERMINE,UNABLE TO DETERMINE,1313,S,ALBANY AVE,1022,,,,,,,2,NO INDICATION OF INJURY,0,0,0,0,0,1,0,12,1,9,41.86416096,-87.70294638,POINT (-87.702946381761 41.86416096006)
JC434396,Y,9/15/2019 12:00,30,NO CONTROLS,NO CONTROLS,CLEAR,DAYLIGHT,PARKED MOTOR VEHICLE,ONE-WAY,,STRAIGHT AND LEVEL,DRY,NO DEFECTS,NOT ON SCENE (DESK REPORT),NO INJURY / DRIVE AWAY,,,Y,"$501 - $1,500",9/15/2019 15:00,FOLLOWING TOO CLOSELY,NOT APPLICABLE,7552,N,GREENVIEW AVE,2422,,,,,,,2,NO INDICATION OF INJURY,0,0,0,0,0,1,0,12,1,9,42.01935644,-87.66839255,POINT (-87.668392549498 42.019356437436)
JC434251,,9/15/2019 12:00,30,TRAFFIC SIGNAL,FUNCTIONING PROPERLY,RAIN,DARKNESS,REAR END,NOT DIVIDED,,STRAIGHT AND LEVEL,DRY,NO DEFECTS,,INJURY AND / OR TOW DUE TO CRASH,,,,"$501 - $1,500",9/15/2019 13:00,UNABLE TO DETERMINE,NOT APPLICABLE,1738,E,57TH DR,331,,,,,,,2,"REPORTED, NOT EVIDENT",2,0,0,0,2,5,0,12,1,9,41.79276383,-87.58168616,POINT (-87.58168616065 41.792763828477)
JC434219,,9/15/2019 11:53,30,NO CONTROLS,NO CONTROLS,CLEAR,DAYLIGHT,SIDESWIPE SAME DIRECTION,NOT DIVIDED,,STRAIGHT AND LEVEL,DRY,NO DEFECTS,NOT ON SCENE (DESK REPORT),NO INJURY / DRIVE AWAY,,,Y,"$501 - $1,500",9/15/2019 12:17,IMPROPER LANE USAGE,UNABLE TO DETERMINE,2348,N,DAMEN AVE,1432,,,,,,,2,NO INDICATION OF INJURY,0,0,0,0,0,4,0,11,1,9,41.92422923,-87.67800567,POINT (-87.6780056652 41.924229228688)
JC434256,,9/15/2019 11:50,30,TRAFFIC SIGNAL,FUNCTIONING PROPERLY,CLEAR,DAYLIGHT,REAR END,NOT DIVIDED,,STRAIGHT AND LEVEL,DRY,NO DEFECTS,NOT ON SCENE (DESK REPORT),NO INJURY / DRIVE AWAY,Y,,,"$501 - $1,500",9/15/2019 12:20,UNABLE TO DETERMINE,UNABLE TO DETERMINE,600,E,67TH ST,321,,,,,,,2,NO INDICATION OF INJURY,0,0,0,0,0,2,0,11,1,9,41.77316698,-87.61057131,POINT (-87.610571305266 41.773166976776)
JC434207,,9/15/2019 11:50,30,NO CONTROLS,NO CONTROLS,CLEAR,DAYLIGHT,SIDESWIPE SAME DIRECTION,NOT DIVIDED,,STRAIGHT AND LEVEL,DRY,NO DEFECTS,ON SCENE,NO INJURY / DRIVE AWAY,,,,$500 OR LESS,9/15/2019 11:52,UNABLE TO DETERMINE,UNABLE TO DETERMINE,5157,N,WESTERN AVE,2031,,,,,,,2,NO INDICATION OF INJURY,0,0,0,0,0,3,0,11,1,9,41.97574304,-87.68899742,POINT (-87.688997419474 41.975743035411)
JC434359,,9/15/2019 11:30,35,NO CONTROLS,NO CONTROLS,CLEAR,DAYLIGHT,REAR TO FRONT,DIVIDED - W/MEDIAN (NOT RAISED),,STRAIGHT AND LEVEL,DRY,NO DEFECTS,NOT ON SCENE (DESK REPORT),NO INJURY / DRIVE AWAY,,,,"$501 - $1,500",9/15/2019 14:20,UNABLE TO DETERMINE,UNABLE TO DETERMINE,2511,S,WHIPPLE ST,1033,,,,,,,2,NO INDICATION OF INJURY,0,0,0,0,0,2,0,11,1,9,41.84601405,-87.70126009,POINT (-87.701260090744 41.846014046859)