RD_NO,CRASH_DATE_EST_I,CRASH_DATE,POSTED_SPEED_LIMIT,TRAFFIC_CONTROL_DEVICE,DEVICE_CONDITION,WEATHER_CONDITION,LIGHTING_CONDITION,FIRST_CRASH_TYPE,TRAFFICWAY_TYPE,LANE_CNT,ALIGNMENT,ROADWAY_SURFACE_COND,ROAD_DEFECT,REPORT_TYPE,CRASH_TYPE,INTERSECTION_RELATED_I,NOT_RIGHT_OF_WAY_I,HIT_AND_RUN_I,DAMAGE,DATE_POLICE_NOTIFIED,PRIM_CONTRIBUTORY_CAUSE,SEC_CONTRIBUTORY_CAUSE,STREET_NO,STREET_DIRECTION,STREET_NAME,BEAT_OF_OCCURRENCE,PHOTOS_TAKEN_I,STATEMENTS_TAKEN_I,DOORING_I,WORK_ZONE_I,WORK_ZONE_TYPE,WORKERS_PRESENT_I,NUM_UNITS,MOST_SEVERE_INJURY,INJURIES_TOTAL,INJURIES_FATAL,INJURIES_INCAPACITATING,INJURIES_NON_INCAPACITATING,INJURIES_REPORTED_NOT_EVIDENT,INJURIES_NO_INDICATION,INJURIES_UNKNOWN,CRASH_HOUR,CRASH_DAY_OF_WEEK,CRASH_MONTH,LATITUDE,LONGITUDE,LOCATION
JC434288,,9/15/2019 11:30,30,NO CONTROLS,NO CONTROLS,CLEAR,DAYLIGHT,ANGLE,NOT DIVIDED,,STRAIGHT AND LEVEL,DRY,NO DEFECTS,NOT ON SCENE (DESK REPORT),NO INJURY / DRIVE AWAY,,Y,,"$501 - $1,500",9/15/2019 13:10,FAILING TO YIELD RIGHT-OF-WAY,NOT APPLICABLE,4441,W,DIVERSEY AVE,2524,,,,,,,2,NO INDICATION OF INJURY,0,0,0,0,0,2,0,11,1,9,41.93153003,-87.73847675,POINT (-87.738476749636 41.931530032851)
JC434227,,9/15/2019 11:30,30,TRAFFIC SIGNAL,FUNCTIONING PROPERLY,CLOUDY/OVERCAST,DAYLIGHT,REAR END,NOT DIVIDED,,STRAIGHT AND LEVEL,DRY,NO DEFECTS,NOT ON SCENE (DESK REPORT),INJURY AND / OR TOW DUE TO CRASH,,,,"OVER $1,500",9/15/2019 12:18,FOLLOWING TOO CLOSELY,FAILING TO REDUCE SPEED TO AVOID CRASH,3609,W,BELMONT AVE,2523,,,,,,,2,"REPORTED, NOT EVIDENT",1,0,0,0,1,3,0,11,1,9,41.93910075,-87.71781519,POINT (-87.717815192497 41.939100746952)
JC434201,,9/15/2019 11:20,30,NO CONTROLS,NO CONTROLS,CLEAR,DAYLIGHT,SIDESWIPE OPPOSITE DIRECTION,NOT DIVIDED,,STRAIGHT AND LEVEL,DRY,NO DEFECTS,NOT ON SCENE (DESK REPORT),INJURY AND / OR TOW DUE TO CRASH,,,Y,"OVER $1,500",9/15/2019 11:50,UNABLE TO DETERMINE,UNABLE TO DETERMINE,1655,E,95TH ST,431,,,,,,,2,"REPORTED, NOT EVIDENT",1,0,0,0,1,1,0,11,1,9,41.7222632,-87.58291764,POINT (-87.582917634619 41.722263198134)
JC434165,,9/15/2019 11:15,30,NO CONTROLS,NO CONTROLS,CLEAR,DAYLIGHT,FIXED OBJECT,NOT DIVIDED,,STRAIGHT AND LEVEL,DRY,NO DEFECTS,ON SCENE,INJURY AND / OR TOW DUE TO CRASH,,,,"OVER $1,500",9/15/2019 11:20,DISTRACTION - FROM OUTSIDE VEHICLE,NOT APPLICABLE,1848,W,LUNT AVE,2424,,,,,,,1,NO INDICATION OF INJURY,0,0,0,0,0,1,0,11,1,9,42.00902803,-87.6777228,POINT (-87.677722796424 42.009028024719)
JC440032,,9/15/2019 11:14,30,STOP SIGN/FLASHER,FUNCTIONING PROPERLY,CLEAR,DAYLIGHT,SIDESWIPE SAME DIRECTION,NOT DIVIDED,,STRAIGHT AND LEVEL,DRY,NO DEFECTS,NOT ON SCENE (DESK REPORT),NO INJURY / DRIVE AWAY,,,,"OVER $1,500",9/19/2019 16:09,FOLLOWING TOO CLOSELY,DRIVING SKILLS/KNOWLEDGE/EXPERIENCE,1600,E,72ND ST,324,,,,,,,2,NO INDICATION OF INJURY,0,0,0,0,0,2,0,11,1,9,41.76434845,-87.58584517,POINT (-87.585845168175 41.764348446598)
JC434153,,9/15/2019 11:10,30,TRAFFIC SIGNAL,FUNCTIONING PROPERLY,RAIN,DAYLIGHT,ANGLE,FOUR WAY,,STRAIGHT AND LEVEL,WET,NO DEFECTS,ON SCENE,NO INJURY / DRIVE AWAY,,,,"$501 - $1,500",9/15/2019 11:15,FAILING TO YIELD RIGHT-OF-WAY,DISREGARDING TRAFFIC SIGNALS,2300,S,ARCHER AVE,914,,,,,,,2,NO INDICATION OF INJURY,0,0,0,0,0,2,0,11,1,9,41.85102739,-87.63889348,POINT (-87.63889347987 41.851027390659)
JC434999,,9/15/2019 10:55,30,NO CONTROLS,NO CONTROLS,CLEAR,"DARKNESS, LIGHTED ROAD",REAR END,NOT DIVIDED,,STRAIGHT AND LEVEL,DRY,NO DEFECTS,ON SCENE,INJURY AND / OR TOW DUE TO CRASH,,,,"OVER $1,500",9/15/2019 23:00,DISTRACTION - FROM INSIDE VEHICLE,NOT APPLICABLE,625,E,63RD ST,312,,,,,,,2,NO INDICATION OF INJURY,0,0,0,0,0,2,0,10,1,9,41.78023453,-87.609722,POINT (-87.609721998584 41.780234530518)
JC434170,,9/15/2019 10:50,30,NO CONTROLS,NO CONTROLS,CLEAR,DAYLIGHT,SIDESWIPE SAME DIRECTION,NOT DIVIDED,,STRAIGHT AND LEVEL,DRY,NO DEFECTS,ON SCENE,NO INJURY / DRIVE AWAY,,,Y,"OVER $1,500",9/15/2019 11:25,FAILING TO REDUCE SPEED TO AVOID CRASH,UNABLE TO DETERMINE,15,W,HUBBARD ST,1831,,,,,,,2,NO INDICATION OF INJURY,0,0,0,0,0,2,0,10,1,9,41.8899462,-87.62858931,POINT (-87.628589306292 41.889946196684)
JC434122,,9/15/2019 10:32,30,NO CONTROLS,NO CONTROLS,CLEAR,DAYLIGHT,PEDESTRIAN,NOT DIVIDED,,STRAIGHT AND LEVEL,WET,UNKNOWN,ON SCENE,INJURY AND / OR TOW DUE TO CRASH,,,,"OVER $1,500",9/15/2019 10:35,UNABLE TO DETERMINE,NOT APPLICABLE,108,N,CENTRAL AVE,1512,,,,,,,2,NONINCAPACITATING INJURY,1,0,0,1,0,1,0,10,1,9,41.88256501,-87.76508623,POINT (-87.765086225403 41.882565007423)
JC438140,,9/15/2019 10:30,30,NO CONTROLS,NO CONTROLS,CLEAR,DAYLIGHT,PARKED MOTOR VEHICLE,ONE-WAY,,STRAIGHT AND LEVEL,DRY,NO DEFECTS,NOT ON SCENE (DESK REPORT),NO INJURY / DRIVE AWAY,,,,"$501 - $1,500",9/18/2019 8:52,IMPROPER OVERTAKING/PASSING,UNABLE TO DETERMINE,4904,N,WASHTENAW AVE,2031,,,,,,,2,NO INDICATION OF INJURY,0,0,0,0,0,1,0,10,1,9,41.97092572,-87.69647105,POINT (-87.696471048215 41.970925722313)
JC434174,,9/15/2019 10:30,35,TRAFFIC SIGNAL,FUNCTIONING PROPERLY,CLEAR,DAYLIGHT,TURNING,DIVIDED - W/MEDIAN BARRIER,,STRAIGHT AND LEVEL,DRY,NO DEFECTS,ON SCENE,INJURY AND / OR TOW DUE TO CRASH,Y,,,"OVER $1,500",9/15/2019 11:20,UNABLE TO DETERMINE,UNABLE TO DETERMINE,7901,S,CICERO AVE,834,,,,,,,2,NO INDICATION OF INJURY,0,0,0,0,0,2,0,10,1,9,41.74906506,-87.7412039,POINT (-87.741203904025 41.749065056465)
JC434138,,9/15/2019 10:30,15,NO CONTROLS,NO CONTROLS,CLOUDY/OVERCAST,DAYLIGHT,PARKED MOTOR VEHICLE,PARKING LOT,,STRAIGHT AND LEVEL,DRY,UNKNOWN,NOT ON SCENE (DESK REPORT),NO INJURY / DRIVE AWAY,,,,"OVER $1,500",9/15/2019 10:35,UNABLE TO DETERMINE,NOT APPLICABLE,10000,W,OHARE ST,1651,,,,,,,2,NO INDICATION OF INJURY,0,0,0,0,0,1,0,10,1,9,41.97620114,-87.90530913,POINT (-87.905309125103 41.976201139024)
JC434128,,9/15/2019 10:25,30,NO CONTROLS,NO CONTROLS,CLEAR,DAYLIGHT,PARKED MOTOR VEHICLE,NOT DIVIDED,,STRAIGHT AND LEVEL,DRY,NO DEFECTS,ON SCENE,INJURY AND / OR TOW DUE TO CRASH,,,,"OVER $1,500",9/15/2019 10:29,IMPROPER OVERTAKING/PASSING,FAILING TO REDUCE SPEED TO AVOID CRASH,4840,S,CALIFORNIA AVE,922,,,,,,,2,NO INDICATION OF INJURY,0,0,0,0,0,1,0,10,1,9,41.80523905,-87.69426458,POINT (-87.694264575192 41.805239051933)
JC434142,,9/15/2019 10:20,30,TRAFFIC SIGNAL,FUNCTIONING PROPERLY,CLEAR,"DARKNESS, LIGHTED ROAD",SIDESWIPE SAME DIRECTION,ONE-WAY,,STRAIGHT AND LEVEL,DRY,NO DEFECTS,ON SCENE,INJURY AND / OR TOW DUE TO CRASH,,,,"OVER $1,500",9/15/2019 10:35,FAILING TO YIELD RIGHT-OF-WAY,NOT APPLICABLE,100,E,GRAND AVE,1834,,,,,,,2,NO INDICATION OF INJURY,0,0,0,0,0,4,0,10,1,9,41.89182349,-87.62531771,POINT (-87.625317709668 41.891823490173)
JC435862,,9/15/2019 10:15,30,TRAFFIC SIGNAL,FUNCTIONING PROPERLY,CLEAR,DAYLIGHT,REAR END,UNKNOWN,,STRAIGHT AND LEVEL,UNKNOWN,UNKNOWN,NOT ON SCENE (DESK REPORT),NO INJURY / DRIVE AWAY,,,,"$501 - $1,500",9/16/2019 15:50,UNABLE TO DETERMINE,NOT APPLICABLE,452,S,DAMEN AVE,1225,,,,,,,2,NO INDICATION OF INJURY,0,0,0,0,0,3,0,10,1,9,41.87503627,-87.67663458,POINT (-87.676634577414 41.875036266974)
JC434109,,9/15/2019 10:15,30,NO CONTROLS,NO CONTROLS,CLEAR,DAYLIGHT,REAR END,DIVIDED - W/MEDIAN (NOT RAISED),,STRAIGHT AND LEVEL,DRY,NO DEFECTS,NOT ON SCENE (DESK REPORT),NO INJURY / DRIVE AWAY,,,,"OVER $1,500",9/15/2019 10:15,UNABLE TO DETERMINE,UNABLE TO DETERMINE,1022,W,ADDISON ST,1923,,,,,,,3,NO INDICATION OF INJURY,0,0,0,0,0,3,0,10,1,9,41.94734066,-87.65516421,POINT (-87.655164206284 41.94734066326)
JC440962,,9/15/2019 10:00,25,NO CONTROLS,NO CONTROLS,CLEAR,DAWN,PARKED MOTOR VEHICLE,ONE-WAY,,STRAIGHT AND LEVEL,DRY,NO DEFECTS,NOT ON SCENE (DESK REPORT),NO INJURY / DRIVE AWAY,,,Y,"$501 - $1,500",9/20/2019 9:48,UNABLE TO DETERMINE,UNABLE TO DETERMINE,1759,E,73RD PL,324,,,,,,,2,NO INDICATION OF INJURY,0,0,0,0,0,1,0,10,1,9,41.76144184,-87.58131062,POINT (-87.581310621804 41.761441836193)
JC434106,N,9/15/2019 9:55,30,TRAFFIC SIGNAL,FUNCTIONING PROPERLY,RAIN,DAYLIGHT,ANGLE,FOUR WAY,,STRAIGHT AND LEVEL,WET,NO DEFECTS,ON SCENE,INJURY AND / OR TOW DUE TO CRASH,Y,,,"OVER $1,500",9/15/2019 9:59,DISREGARDING TRAFFIC SIGNALS,FAILING TO YIELD RIGHT-OF-WAY,1600,W,69TH ST,725,,,,,,,2,NO INDICATION OF INJURY,0,0,0,0,0,2,0,9,1,9,41.76866055,-87.66396288,POINT (-87.663962876119 41.768660553306)
JC434092,Y,9/15/2019 9:50,25,NO CONTROLS,NO CONTROLS,CLOUDY/OVERCAST,DAYLIGHT,REAR TO FRONT,ONE-WAY,,STRAIGHT AND LEVEL,DRY,NO DEFECTS,ON SCENE,NO INJURY / DRIVE AWAY,,,,"OVER $1,500",9/15/2019 9:51,IMPROPER BACKING,DISTRACTION - FROM OUTSIDE VEHICLE,10856,S,INDIANA AVE,513,,,,,,,2,NO INDICATION OF INJURY,0,0,0,0,0,6,0,9,1,9,41.69643977,-87.61849412,POINT (-87.618494116709 41.696439772457)
JC434408,,9/15/2019 9:40,30,TRAFFIC SIGNAL,FUNCTIONING PROPERLY,CLEAR,DAYLIGHT,TURNING,ONE-WAY,,STRAIGHT AND LEVEL,DRY,NO DEFECTS,NOT ON SCENE (DESK REPORT),NO INJURY / DRIVE AWAY,Y,,,"OVER $1,500",9/15/2019 14:37,UNABLE TO DETERMINE,NOT APPLICABLE,3500,S,LA SALLE ST,213,,,,,,,2,NO INDICATION OF INJURY,0,0,0,0,0,4,0,9,1,9,41.8309351,-87.62997531,POINT (-87.629975304804 41.830935095228)
JC434102,,9/15/2019 9:40,15,NO CONTROLS,NO CONTROLS,CLEAR,DAYLIGHT,SIDESWIPE SAME DIRECTION,OTHER,,STRAIGHT AND LEVEL,WET,NO DEFECTS,NOT ON SCENE (DESK REPORT),NO INJURY / DRIVE AWAY,,,,"$501 - $1,500",9/15/2019 10:15,DRIVING SKILLS/KNOWLEDGE/EXPERIENCE,UNABLE TO DETERMINE,1100,N,LAKE SHORE DR SB,1824,,,,,,,2,NO INDICATION OF INJURY,0,0,0,0,0,4,0,9,1,9,41.90248165,-87.62422104,POINT (-87.624221043591 41.902481646226)
JC434209,,9/15/2019 9:30,30,NO CONTROLS,NO CONTROLS,CLEAR,"DARKNESS, LIGHTED ROAD",PARKED MOTOR VEHICLE,NOT DIVIDED,,STRAIGHT AND LEVEL,DRY,NO DEFECTS,NOT ON SCENE (DESK REPORT),NO INJURY / DRIVE AWAY,,,Y,"$501 - $1,500",9/15/2019 11:30,NOT APPLICABLE,NOT APPLICABLE,4431,W,PALMER ST,2522,,,,,,,2,NO INDICATION OF INJURY,0,0,0,0,0,1,0,9,1,9,41.92058127,-87.73772881,POINT (-87.737728813788 41.920581267686)
JC434129,,9/15/2019 9:30,30,NO CONTROLS,NO CONTROLS,CLEAR,DAYLIGHT,PARKED MOTOR VEHICLE,ONE-WAY,,STRAIGHT AND LEVEL,DRY,NO DEFECTS,NOT ON SCENE (DESK REPORT),NO INJURY / DRIVE AWAY,,,,"OVER $1,500",9/15/2019 10:50,IMPROPER TURNING/NO SIGNAL,NOT APPLICABLE,6090,N,NASSAU AVE,1611,,,,,,,2,NO INDICATION OF INJURY,0,0,0,0,0,1,0,9,1,9,41.99161751,-87.79040331,POINT (-87.790403307409 41.991617509873)
JC434089,,9/15/2019 9:30,30,TRAFFIC SIGNAL,FUNCTIONING PROPERLY,CLEAR,DAYLIGHT,REAR END,NOT DIVIDED,,STRAIGHT AND LEVEL,DRY,NO DEFECTS,NOT ON SCENE (DESK REPORT),NO INJURY / DRIVE AWAY,Y,,,"OVER $1,500",9/15/2019 9:55,PHYSICAL CONDITION OF DRIVER,NOT APPLICABLE,2799,S,ARCHER AVE,913,,,,,,,2,NO INDICATION OF INJURY,0,0,0,0,0,2,0,9,1,9,41.84342479,-87.65399866,POINT (-87.653998661037 41.843424793816)
JC434094,,9/15/2019 9:29,40,TRAFFIC SIGNAL,FUNCTIONING PROPERLY,CLOUDY/OVERCAST,DAYLIGHT,FIXED OBJECT,DIVIDED - W/MEDIAN BARRIER,,"CURVE, LEVEL",WET,NO DEFECTS,ON SCENE,INJURY AND / OR TOW DUE TO CRASH,,,,"$501 - $1,500",9/15/2019 9:37,UNABLE TO DETERMINE,NOT APPLICABLE,929,N,LAKE SHORE DR SB,1833,,,,,,,1,NO INDICATION OF INJURY,0,0,0,0,0,1,0,9,1,9,41.90018168,-87.61895258,POINT (-87.618952578749 41.900181681593)
JC434833,,9/15/2019 9:14,35,NO CONTROLS,NO CONTROLS,CLEAR,DAYLIGHT,TURNING,DIVIDED - W/MEDIAN BARRIER,,STRAIGHT AND LEVEL,DRY,NO DEFECTS,NOT ON SCENE (DESK REPORT),NO INJURY / DRIVE AWAY,,,,"OVER $1,500",9/15/2019 20:00,NOT APPLICABLE,NOT APPLICABLE,10342,S,COMMERCIAL AVE,431,,,,,,,2,NO INDICATION OF INJURY,0,0,0,0,0,2,0,9,1,9,41.70722445,-87.55399747,POINT (-87.553997472758 41.707224444927)
JC434074,,9/15/2019 8:56,30,NO CONTROLS,NO CONTROLS,CLEAR,DAYLIGHT,PARKED MOTOR VEHICLE,NOT DIVIDED,,STRAIGHT AND LEVEL,DRY,UNKNOWN,ON SCENE,NO INJURY / DRIVE AWAY,,,Y,"OVER $1,500",9/15/2019 8:56,"OPERATING VEHICLE IN ERRATIC, RECKLESS, CARELESS, NEGLIGENT OR AGGRESSIVE MANNER",NOT APPLICABLE,7222,S,HAMLIN AVE,833,,,,,,,2,NO INDICATION OF INJURY,0,0,0,0,0,1,0,8,1,9,41.76163838,-87.71756173,POINT (-87.717561727082 41.761638383222)
JC434061,Y,9/15/2019 8:45,30,TRAFFIC SIGNAL,FUNCTIONING PROPERLY,CLEAR,DAYLIGHT,ANGLE,UNKNOWN INTERSECTION TYPE,,STRAIGHT AND LEVEL,WET,NO DEFECTS,ON SCENE,INJURY AND / OR TOW DUE TO CRASH,,,,"OVER $1,500",9/15/2019 8:50,DISREGARDING TRAFFIC SIGNALS,NOT APPLICABLE,3400,W,CONGRESS PKWY,1133,,,,,,,2,NO INDICATION OF INJURY,0,0,0,0,0,2,0,8,1,9,41.87465218,-87.71091574,POINT (-87.710915737246 41.874652177201)
JC434050,,9/15/2019 8:39,30,NO CONTROLS,NO CONTROLS,CLEAR,DAYLIGHT,FIXED OBJECT,ONE-WAY,,STRAIGHT AND LEVEL,DRY,NO DEFECTS,ON SCENE,INJURY AND / OR TOW DUE TO CRASH,Y,Y,,"OVER $1,500",9/15/2019 8:39,UNABLE TO DETERMINE,UNABLE TO DETERMINE,3948,W,ARTHINGTON ST,1132,,,,,,,1,NO INDICATION OF INJURY,0,0,0,0,0,2,0,8,1,9,41.86992694,-87.72480936,POINT (-87.724809360192 41.869926943098)
JC434072,,9/15/2019 8:30,30,NO CONTROLS,OTHER,RAIN,DAYLIGHT,REAR END,DIVIDED - W/MEDIAN (NOT RAISED),,STRAIGHT AND LEVEL,WET,NO DEFECTS,ON SCENE,NO INJURY / DRIVE AWAY,,,,$500 OR LESS,9/15/2019 8:45,FAILING TO REDUCE SPEED TO AVOID CRASH,NOT APPLICABLE,4001,S,KEDZIE AVE,921,,,,,,,2,NO INDICATION OF INJURY,0,0,0,0,0,2,0,8,1,9,41.82074724,-87.70432218,POINT (-87.704322177716 41.820747235318)
JC437834,,9/15/2019 8:27,40,NO CONTROLS,NO CONTROLS,UNKNOWN,DAYLIGHT,SIDESWIPE SAME DIRECTION,DIVIDED - W/MEDIAN BARRIER,,STRAIGHT AND LEVEL,UNKNOWN,NO DEFECTS,NOT ON SCENE (DESK REPORT),NO INJURY / DRIVE AWAY,,,Y,"OVER $1,500",9/17/2019 22:10,UNABLE TO DETERMINE,UNABLE TO DETERMINE,1110,N,LAKE SHORE DR SB,1824,,,,,,,2,NO INDICATION OF INJURY,0,0,0,0,0,3,0,8,1,9,41.90275998,-87.62438306,POINT (-87.624383055701 41.902759977507)
JC434044,,9/15/2019 8:15,40,NO CONTROLS,NO CONTROLS,RAIN,DAYLIGHT,FIXED OBJECT,DIVIDED - W/MEDIAN BARRIER,,STRAIGHT AND LEVEL,WET,NO DEFECTS,ON SCENE,INJURY AND / OR TOW DUE TO CRASH,,,,"OVER $1,500",9/15/2019 8:19,WEATHER,DRIVING SKILLS/KNOWLEDGE/EXPERIENCE,1524,N,LAKE SHORE DR SB,1824,,,,,,,1,NO INDICATION OF INJURY,0,0,0,0,0,1,0,8,1,9,41.91027269,-87.62612951,POINT (-87.626129505641 41.910272688715)
JC434041,,9/15/2019 8:10,30,STOP SIGN/FLASHER,FUNCTIONING PROPERLY,RAIN,DAYLIGHT,ANGLE,DIVIDED - W/MEDIAN (NOT RAISED),,STRAIGHT AND LEVEL,WET,NO DEFECTS,NOT ON SCENE (DESK REPORT),NO INJURY / DRIVE AWAY,,,,"OVER $1,500",9/15/2019 8:30,UNABLE TO DETERMINE,NOT APPLICABLE,4800,S,INDIANA AVE,224,,,,,,,2,NO INDICATION OF INJURY,0,0,0,0,0,2,0,8,1,9,41.80739801,-87.62130801,POINT (-87.621308006118 41.807398008746)
JC434030,,9/15/2019 7:45,40,NO CONTROLS,NO CONTROLS,RAIN,DAWN,FIXED OBJECT,DIVIDED - W/MEDIAN BARRIER,,"CURVE, LEVEL",WET,NO DEFECTS,ON SCENE,INJURY AND / OR TOW DUE TO CRASH,,,,"OVER $1,500",9/15/2019 7:50,WEATHER,WEATHER,1001,N,LAKE SHORE DR NB,1824,,,,,,,1,NO INDICATION OF INJURY,0,0,0,0,0,1,0,7,1,9,41.90116542,-87.61958231,POINT (-87.619582305888 41.901165415908)
JC443571,,9/15/2019 7:15,35,NO CONTROLS,NO CONTROLS,RAIN,DAYLIGHT,SIDESWIPE SAME DIRECTION,DIVIDED - W/MEDIAN BARRIER,,"CURVE, LEVEL",WET,NO DEFECTS,ON SCENE,NO INJURY / DRIVE AWAY,,,,"OVER $1,500",9/22/2019 7:15,WEATHER,NOT APPLICABLE,134,E,OAK ST,1824,,,,,,,2,NO INDICATION OF INJURY,0,0,0,0,0,2,0,7,1,9,41.90092714,-87.6242043,POINT (-87.624204301503 41.900927143638)
JC434013,,9/15/2019 7:10,30,TRAFFIC SIGNAL,FUNCTIONING PROPERLY,RAIN,DAYLIGHT,REAR END,NOT DIVIDED,,STRAIGHT AND LEVEL,WET,NO DEFECTS,ON SCENE,INJURY AND / OR TOW DUE TO CRASH,Y,,Y,"$501 - $1,500",9/15/2019 7:15,FAILING TO REDUCE SPEED TO AVOID CRASH,NOT APPLICABLE,1900,S,CLARK ST,131,,,,,,,3,"REPORTED, NOT EVIDENT",1,0,0,0,1,2,0,7,1,9,41.85652572,-87.63034289,POINT (-87.630342885975 41.856525724267)
JC434024,,9/15/2019 7:05,30,STOP SIGN/FLASHER,FUNCTIONING PROPERLY,RAIN,DAYLIGHT,ANGLE,DIVIDED - W/MEDIAN (NOT RAISED),,STRAIGHT AND LEVEL,WET,NO DEFECTS,ON SCENE,INJURY AND / OR TOW DUE TO CRASH,Y,,,"OVER $1,500",9/15/2019 7:08,FAILING TO YIELD RIGHT-OF-WAY,NOT APPLICABLE,529,S,WOLCOTT AVE,1231,,,,,,,2,NONINCAPACITATING INJURY,2,0,0,2,0,1,0,7,1,9,41.87411574,-87.67387096,POINT (-87.673870962198 41.874115743747)
JC434018,,9/15/2019 6:50,30,TRAFFIC SIGNAL,FUNCTIONING PROPERLY,RAIN,DAWN,TURNING,DIVIDED - W/MEDIAN (NOT RAISED),,STRAIGHT AND LEVEL,WET,UNKNOWN,ON SCENE,INJURY AND / OR TOW DUE TO CRASH,Y,,,"OVER $1,500",9/15/2019 6:59,DISREGARDING TRAFFIC SIGNALS,WEATHER,701,S,STATE ST,123,,,,,,,2,INCAPACITATING INJURY,1,0,1,0,0,2,0,6,1,9,41.87305558,-87.62741781,POINT (-87.627417812545 41.873055576445)
JC434010,,9/15/2019 6:50,30,NO CONTROLS,NO CONTROLS,RAIN,DAYLIGHT,SIDESWIPE OPPOSITE DIRECTION,DIVIDED - W/MEDIAN (NOT RAISED),,STRAIGHT AND LEVEL,WET,NO DEFECTS,ON SCENE,INJURY AND / OR TOW DUE TO CRASH,,,,"OVER $1,500",9/15/2019 6:54,IMPROPER LANE USAGE,IMPROPER LANE USAGE,9725,S,COTTAGE GROVE AVE,511,,,,,,,2,NO INDICATION OF INJURY,0,0,0,0,0,2,0,6,1,9,41.7176999,-87.60403686,POINT (-87.604036861881 41.717699895808)
JC434015,,9/15/2019 6:45,30,NO CONTROLS,NO CONTROLS,RAIN,DAYLIGHT,FIXED OBJECT,NOT DIVIDED,,STRAIGHT AND LEVEL,WET,NO DEFECTS,ON SCENE,INJURY AND / OR TOW DUE TO CRASH,,,,"OVER $1,500",9/15/2019 7:05,UNABLE TO DETERMINE,UNABLE TO DETERMINE,7229,W,TOUHY AVE,1611,,,,,,,1,NO INDICATION OF INJURY,0,0,0,0,0,1,0,6,1,9,42.01157845,-87.80778962,POINT (-87.807789618948 42.011578448564)
JC436712,,9/15/2019 6:38,30,YIELD,FUNCTIONING PROPERLY,RAIN,DAYLIGHT,REAR END,ONE-WAY,,STRAIGHT AND LEVEL,WET,NO DEFECTS,NOT ON SCENE (DESK REPORT),NO INJURY / DRIVE AWAY,,,,"OVER $1,500",9/17/2019 8:25,FAILING TO YIELD RIGHT-OF-WAY,FOLLOWING TOO CLOSELY,260,S,CLINTON ST,121,,,,,,,2,NO INDICATION OF INJURY,0,0,0,0,0,4,0,6,1,9,41.87805278,-87.64121903,POINT (-87.641219024868 41.878052776496)
JC437189,,9/15/2019 6:30,25,NO CONTROLS,NO CONTROLS,RAIN,DAWN,SIDESWIPE SAME DIRECTION,NOT DIVIDED,,STRAIGHT AND LEVEL,WET,NO DEFECTS,NOT ON SCENE (DESK REPORT),NO INJURY / DRIVE AWAY,,,,"OVER $1,500",9/17/2019 15:56,UNABLE TO DETERMINE,NOT APPLICABLE,700,N,HOMAN AVE,1121,,,,,,,2,NO INDICATION OF INJURY,0,0,0,0,0,4,0,6,1,9,41.89376462,-87.71153218,POINT (-87.711532177271 41.893764624095)
JC434872,Y,9/15/2019 6:23,30,UNKNOWN,UNKNOWN,UNKNOWN,UNKNOWN,FIXED OBJECT,UNKNOWN,,STRAIGHT AND LEVEL,UNKNOWN,UNKNOWN,NOT ON SCENE (DESK REPORT),INJURY AND / OR TOW DUE TO CRASH,,,,"OVER $1,500",9/15/2019 6:23,UNABLE TO DETERMINE,NOT APPLICABLE,1400,S,PULASKI RD,1011,,,,,,,1,NO INDICATION OF INJURY,0,0,0,0,0,1,0,6,1,9,41.86242823,-87.72520294,POINT (-87.725202941651 41.862428231757)
JC434279,,9/15/2019 6:00,20,UNKNOWN,UNKNOWN,UNKNOWN,DAWN,PARKED MOTOR VEHICLE,ONE-WAY,,STRAIGHT AND LEVEL,UNKNOWN,UNKNOWN,NOT ON SCENE (DESK REPORT),NO INJURY / DRIVE AWAY,,,Y,"OVER $1,500",9/15/2019 13:00,UNABLE TO DETERMINE,UNABLE TO DETERMINE,2830,N,AVERS AVE,2523,,,,,,,2,NO INDICATION OF INJURY,0,0,0,0,0,1,0,6,1,9,41.93277666,-87.7234602,POINT (-87.723460202771 41.932776654843)
JC434019,,9/15/2019 6:00,30,TRAFFIC SIGNAL,FUNCTIONING PROPERLY,RAIN,"DARKNESS, LIGHTED ROAD",TURNING,CENTER TURN LANE,,STRAIGHT AND LEVEL,WET,UNKNOWN,NOT ON SCENE (DESK REPORT),NO INJURY / DRIVE AWAY,Y,,Y,"$501 - $1,500",9/15/2019 7:00,UNABLE TO DETERMINE,UNABLE TO DETERMINE,4259,S,ASHLAND AVE,924,,,,,,,2,NO INDICATION OF INJURY,0,0,0,0,0,2,0,6,1,9,41.81603651,-87.66500512,POINT (-87.665005120514 41.816036512296)
JC433995,,9/15/2019 6:00,30,NO CONTROLS,NO CONTROLS,RAIN,DARKNESS,PARKED MOTOR VEHICLE,NOT DIVIDED,,STRAIGHT AND LEVEL,WET,NO DEFECTS,ON SCENE,INJURY AND / OR TOW DUE TO CRASH,,,,"OVER $1,500",9/15/2019 6:17,UNABLE TO DETERMINE,UNABLE TO DETERMINE,3407,W,FULTON BLVD,1123,,,,,,,3,NO INDICATION OF INJURY,0,0,0,0,0,1,0,6,1,9,41.88623945,-87.71151269,POINT (-87.711512694106 41.886239450638)