RD_NO,CRASH_DATE_EST_I,CRASH_DATE,POSTED_SPEED_LIMIT,TRAFFIC_CONTROL_DEVICE,DEVICE_CONDITION,WEATHER_CONDITION,LIGHTING_CONDITION,FIRST_CRASH_TYPE,TRAFFICWAY_TYPE,LANE_CNT,ALIGNMENT,ROADWAY_SURFACE_COND,ROAD_DEFECT,REPORT_TYPE,CRASH_TYPE,INTERSECTION_RELATED_I,NOT_RIGHT_OF_WAY_I,HIT_AND_RUN_I,DAMAGE,DATE_POLICE_NOTIFIED,PRIM_CONTRIBUTORY_CAUSE,SEC_CONTRIBUTORY_CAUSE,STREET_NO,STREET_DIRECTION,STREET_NAME,BEAT_OF_OCCURRENCE,PHOTOS_TAKEN_I,STATEMENTS_TAKEN_I,DOORING_I,WORK_ZONE_I,WORK_ZONE_TYPE,WORKERS_PRESENT_I,NUM_UNITS,MOST_SEVERE_INJURY,INJURIES_TOTAL,INJURIES_FATAL,INJURIES_INCAPACITATING,INJURIES_NON_INCAPACITATING,INJURIES_REPORTED_NOT_EVIDENT,INJURIES_NO_INDICATION,INJURIES_UNKNOWN,CRASH_HOUR,CRASH_DAY_OF_WEEK,CRASH_MONTH,LATITUDE,LONGITUDE,LOCATION
JC433980,,9/15/2019 5:25,30,NO CONTROLS,UNKNOWN,RAIN,"DARKNESS, LIGHTED ROAD",PARKED MOTOR VEHICLE,NOT DIVIDED,,STRAIGHT AND LEVEL,WET,NO DEFECTS,,INJURY AND / OR TOW DUE TO CRASH,,,Y,"OVER $1,500",9/15/2019 5:31,"OPERATING VEHICLE IN ERRATIC, RECKLESS, CARELESS, NEGLIGENT OR AGGRESSIVE MANNER",NOT APPLICABLE,6334,S,MORGAN ST,724,,,,,,,3,NO INDICATION OF INJURY,0,0,0,0,0,1,0,5,1,9,41.77862434,-87.64976204,POINT (-87.649762041067 41.778624344309)
JC433974,,9/15/2019 5:25,30,NO CONTROLS,NO CONTROLS,RAIN,"DARKNESS, LIGHTED ROAD",SIDESWIPE SAME DIRECTION,DIVIDED - W/MEDIAN (NOT RAISED),,STRAIGHT AND LEVEL,WET,NO DEFECTS,ON SCENE,NO INJURY / DRIVE AWAY,,,Y,"OVER $1,500",9/15/2019 5:30,UNABLE TO DETERMINE,WEATHER,1717,N,KEDZIE AVE,1421,,,,,,,2,NO INDICATION OF INJURY,0,0,0,0,0,2,0,5,1,9,41.91247326,-87.70666796,POINT (-87.706667959657 41.912473262595)
JC433976,,9/15/2019 5:16,35,TRAFFIC SIGNAL,FUNCTIONING PROPERLY,RAIN,"DARKNESS, LIGHTED ROAD",REAR END,NOT DIVIDED,,STRAIGHT AND LEVEL,WET,NO DEFECTS,ON SCENE,INJURY AND / OR TOW DUE TO CRASH,Y,,,"OVER $1,500",9/15/2019 5:16,WEATHER,WEATHER,4300,S,ASHLAND AVE,924,,,,,,,2,NONINCAPACITATING INJURY,2,0,0,2,0,2,0,5,1,9,41.81577843,-87.66529289,POINT (-87.665292890367 41.815778426908)
JC433975,Y,9/15/2019 5:05,15,NO CONTROLS,NO CONTROLS,RAIN,"DARKNESS, LIGHTED ROAD",ANGLE,ALLEY,,STRAIGHT AND LEVEL,WET,UNKNOWN,ON SCENE,NO INJURY / DRIVE AWAY,,,Y,"OVER $1,500",9/15/2019 5:24,UNDER THE INFLUENCE OF ALCOHOL/DRUGS (USE WHEN ARREST IS EFFECTED),FAILING TO REDUCE SPEED TO AVOID CRASH,873,N,ORLEANS ST,1823,,,,,,,2,NO INDICATION OF INJURY,0,0,0,0,0,2,0,5,1,9,41.89869627,-87.63710466,POINT (-87.63710466144 41.898696269812)
JC434360,,9/15/2019 5:00,30,NO CONTROLS,NO CONTROLS,CLEAR,DAYLIGHT,PARKED MOTOR VEHICLE,NOT DIVIDED,,STRAIGHT AND LEVEL,DRY,NO DEFECTS,NOT ON SCENE (DESK REPORT),NO INJURY / DRIVE AWAY,,,Y,"$501 - $1,500",9/15/2019 14:20,NOT APPLICABLE,NOT APPLICABLE,4950,W,FULLERTON AVE,2521,,,,,,,2,NO INDICATION OF INJURY,0,0,0,0,0,1,0,5,1,9,41.92428933,-87.75079995,POINT (-87.750799945034 41.924289326479)
JC434275,Y,9/15/2019 5:00,30,NO CONTROLS,NO CONTROLS,UNKNOWN,DARKNESS,PARKED MOTOR VEHICLE,PARKING LOT,,STRAIGHT AND LEVEL,UNKNOWN,NO DEFECTS,NOT ON SCENE (DESK REPORT),NO INJURY / DRIVE AWAY,,,Y,"OVER $1,500",9/15/2019 13:08,UNABLE TO DETERMINE,NOT APPLICABLE,7501,S,PARNELL AVE,621,,,,,,,2,NO INDICATION OF INJURY,0,0,0,0,0,1,0,5,1,9,41.75792374,-87.63829008,POINT (-87.638290082804 41.757923736075)
JC433966,,9/15/2019 5:00,30,STOP SIGN/FLASHER,FUNCTIONING PROPERLY,RAIN,"DARKNESS, LIGHTED ROAD",ANGLE,FOUR WAY,,STRAIGHT AND LEVEL,WET,NO DEFECTS,ON SCENE,INJURY AND / OR TOW DUE TO CRASH,,,Y,"OVER $1,500",9/15/2019 5:07,UNABLE TO DETERMINE,NOT APPLICABLE,400,S,KOSTNER AVE,1131,,,,,,,2,NONINCAPACITATING INJURY,1,0,0,1,0,2,0,5,1,9,41.87509626,-87.73542992,POINT (-87.735429919015 41.87509625453)
JC433964,,9/15/2019 5:00,30,TRAFFIC SIGNAL,FUNCTIONING PROPERLY,RAIN,"DARKNESS, LIGHTED ROAD",ANGLE,FOUR WAY,,STRAIGHT AND LEVEL,WET,NO DEFECTS,ON SCENE,NO INJURY / DRIVE AWAY,Y,,Y,"OVER $1,500",9/15/2019 5:09,DISREGARDING TRAFFIC SIGNALS,NOT APPLICABLE,4025,N,KEELER AVE,1722,,,,,,,2,NO INDICATION OF INJURY,0,0,0,0,0,2,0,5,1,9,41.95427949,-87.73234629,POINT (-87.732346286999 41.954279489974)
JC434046,,9/15/2019 4:48,30,TRAFFIC SIGNAL,UNKNOWN,UNKNOWN,DARKNESS,ANGLE,ONE-WAY,,STRAIGHT AND LEVEL,UNKNOWN,UNKNOWN,ON SCENE,INJURY AND / OR TOW DUE TO CRASH,Y,,,"OVER $1,500",9/15/2019 4:48,DISREGARDING TRAFFIC SIGNALS,FAILING TO REDUCE SPEED TO AVOID CRASH,100,E,ILLINOIS ST,1834,,,,,,,2,INCAPACITATING INJURY,1,0,1,0,0,1,0,4,1,9,41.89102451,-87.62529015,POINT (-87.625290150715 41.891024513358)
JC433993,,9/15/2019 4:45,30,NO CONTROLS,NO CONTROLS,RAIN,DARKNESS,PARKED MOTOR VEHICLE,DIVIDED - W/MEDIAN (NOT RAISED),,STRAIGHT AND LEVEL,WET,NO DEFECTS,ON SCENE,INJURY AND / OR TOW DUE TO CRASH,,,,"OVER $1,500",9/15/2019 5:40,WEATHER,WEATHER,115,N,DAMEN AVE,1223,,,,,,,3,NO INDICATION OF INJURY,0,0,0,0,0,2,0,4,1,9,41.88360957,-87.67655628,POINT (-87.676556280416 41.883609569609)
JC433968,,9/15/2019 4:40,30,TRAFFIC SIGNAL,FUNCTIONING PROPERLY,RAIN,"DARKNESS, LIGHTED ROAD",TURNING,NOT DIVIDED,,STRAIGHT AND LEVEL,WET,NO DEFECTS,ON SCENE,INJURY AND / OR TOW DUE TO CRASH,Y,,,"OVER $1,500",9/15/2019 4:45,IMPROPER TURNING/NO SIGNAL,FAILING TO REDUCE SPEED TO AVOID CRASH,798,E,95TH ST,633,,,,,,,3,NO INDICATION OF INJURY,0,0,0,0,0,5,0,4,1,9,41.72215465,-87.60460135,POINT (-87.604601349903 41.722154649553)
JC433956,,9/15/2019 4:40,25,TRAFFIC SIGNAL,FUNCTIONING PROPERLY,RAIN,"DARKNESS, LIGHTED ROAD",FIXED OBJECT,FOUR WAY,,STRAIGHT AND LEVEL,WET,NO DEFECTS,ON SCENE,INJURY AND / OR TOW DUE TO CRASH,Y,,,"OVER $1,500",9/15/2019 4:47,WEATHER,DRIVING SKILLS/KNOWLEDGE/EXPERIENCE,5857,S,DAMEN AVE,715,,,,,,,1,NO INDICATION OF INJURY,0,0,0,0,0,1,0,4,1,9,41.78668124,-87.67395513,POINT (-87.673955125129 41.786681242852)
JC433967,,9/15/2019 4:30,30,UNKNOWN,NO CONTROLS,RAIN,DARKNESS,SIDESWIPE OPPOSITE DIRECTION,NOT DIVIDED,,STRAIGHT AND LEVEL,WET,UNKNOWN,ON SCENE,INJURY AND / OR TOW DUE TO CRASH,,,Y,"OVER $1,500",9/15/2019 4:30,NOT APPLICABLE,NOT APPLICABLE,917,W,47TH ST,933,N,,,,,,2,NO INDICATION OF INJURY,0,0,0,0,0,4,0,4,1,9,41.80870578,-87.64873076,POINT (-87.648730757571 41.808705777412)
JC433954,,9/15/2019 4:25,30,NO CONTROLS,NO CONTROLS,RAIN,"DARKNESS, LIGHTED ROAD",SIDESWIPE SAME DIRECTION,ONE-WAY,,STRAIGHT AND LEVEL,WET,NO DEFECTS,ON SCENE,NO INJURY / DRIVE AWAY,,,,"OVER $1,500",9/15/2019 4:36,DRIVING SKILLS/KNOWLEDGE/EXPERIENCE,IMPROPER OVERTAKING/PASSING,739,N,CLARK ST,1832,,,,,,,2,NO INDICATION OF INJURY,0,0,0,0,0,3,0,4,1,9,41.89604671,-87.63108751,POINT (-87.631087510901 41.896046712411)
JC433957,,9/15/2019 4:20,30,NO CONTROLS,NO CONTROLS,RAIN,"DARKNESS, LIGHTED ROAD",FIXED OBJECT,NOT DIVIDED,,STRAIGHT AND LEVEL,WET,NO DEFECTS,ON SCENE,INJURY AND / OR TOW DUE TO CRASH,,,,"OVER $1,500",9/15/2019 4:25,WEATHER,IMPROPER LANE USAGE,1219,W,LAKE ST,1224,,,,,,,1,INCAPACITATING INJURY,1,0,1,0,0,0,0,4,1,9,41.88538165,-87.6575951,POINT (-87.657595099966 41.885381651502)
JC433948,,9/15/2019 4:09,30,STOP SIGN/FLASHER,FUNCTIONING PROPERLY,RAIN,"DARKNESS, LIGHTED ROAD",TURNING,CENTER TURN LANE,,STRAIGHT AND LEVEL,WET,NO DEFECTS,ON SCENE,INJURY AND / OR TOW DUE TO CRASH,Y,,,"OVER $1,500",9/15/2019 4:13,FAILING TO REDUCE SPEED TO AVOID CRASH,NOT APPLICABLE,1600,W,69TH ST,725,,,,,,,2,NO INDICATION OF INJURY,0,0,0,0,0,3,0,4,1,9,41.76866055,-87.66396288,POINT (-87.663962876119 41.768660553306)
JC433949,,9/15/2019 4:05,30,NO CONTROLS,NO CONTROLS,RAIN,"DARKNESS, LIGHTED ROAD",PARKED MOTOR VEHICLE,DIVIDED - W/MEDIAN (NOT RAISED),,STRAIGHT AND LEVEL,WET,NO DEFECTS,ON SCENE,INJURY AND / OR TOW DUE TO CRASH,,,Y,"OVER $1,500",9/15/2019 4:05,UNABLE TO DETERMINE,UNABLE TO DETERMINE,2307,W,FOSTER AVE,2031,,,,,,,3,NO INDICATION OF INJURY,0,0,0,0,0,1,0,4,1,9,41.97581255,-87.68706478,POINT (-87.687064784343 41.975812550225)
JC434877,,9/15/2019 4:00,30,NO CONTROLS,NO CONTROLS,RAIN,DUSK,OTHER OBJECT,NOT DIVIDED,,STRAIGHT AND LEVEL,DRY,NO DEFECTS,NOT ON SCENE (DESK REPORT),NO INJURY / DRIVE AWAY,,,,"$501 - $1,500",9/15/2019 20:44,NOT APPLICABLE,NOT APPLICABLE,111,W,47TH ST,224,,,,,,,1,NO INDICATION OF INJURY,0,0,0,0,0,1,0,4,1,9,41.80907931,-87.62867957,POINT (-87.628679570572 41.809079304588)
JC434302,,9/15/2019 4:00,30,NO CONTROLS,NO CONTROLS,RAIN,DARKNESS,PARKED MOTOR VEHICLE,DIVIDED - W/MEDIAN (NOT RAISED),,STRAIGHT AND LEVEL,WET,NO DEFECTS,NOT ON SCENE (DESK REPORT),NO INJURY / DRIVE AWAY,,,Y,"OVER $1,500",9/15/2019 13:25,UNABLE TO DETERMINE,UNABLE TO DETERMINE,3425,W,LAWRENCE AVE,1723,,,,,,,2,NO INDICATION OF INJURY,0,0,0,0,0,1,0,4,1,9,41.96828055,-87.71443921,POINT (-87.714439212066 41.968280552457)
JC433999,,9/15/2019 4:00,35,NO CONTROLS,NO CONTROLS,RAIN,DAWN,PARKED MOTOR VEHICLE,NOT DIVIDED,,STRAIGHT AND LEVEL,WET,NO DEFECTS,ON SCENE,INJURY AND / OR TOW DUE TO CRASH,,,Y,"$501 - $1,500",9/15/2019 4:48,UNABLE TO DETERMINE,NOT APPLICABLE,4758,W,MADISON ST,1113,,,,,,,2,NO INDICATION OF INJURY,0,0,0,0,0,1,0,4,1,9,41.88060928,-87.74515764,POINT (-87.745157641199 41.880609277746)
JC433944,,9/15/2019 3:55,30,NO CONTROLS,NO CONTROLS,RAIN,"DARKNESS, LIGHTED ROAD",OTHER OBJECT,DIVIDED - W/MEDIAN (NOT RAISED),,STRAIGHT AND LEVEL,WET,UNKNOWN,ON SCENE,INJURY AND / OR TOW DUE TO CRASH,,,,"OVER $1,500",9/15/2019 4:04,WEATHER,UNABLE TO DETERMINE,2925,W,LOGAN BLVD,1414,,,,,,,1,INCAPACITATING INJURY,4,0,3,0,1,0,0,3,1,9,41.92832627,-87.7009809,POINT (-87.700980902565 41.928326274183)
JC433930,,9/15/2019 3:48,30,TRAFFIC SIGNAL,FUNCTIONING PROPERLY,RAIN,"DARKNESS, LIGHTED ROAD",REAR END,NOT DIVIDED,,STRAIGHT AND LEVEL,WET,NO DEFECTS,ON SCENE,NO INJURY / DRIVE AWAY,,,,"$501 - $1,500",9/15/2019 3:49,FAILING TO REDUCE SPEED TO AVOID CRASH,WEATHER,5505,S,PULASKI RD,822,,,,,,,3,NO INDICATION OF INJURY,0,0,0,0,0,4,0,3,1,9,41.79302219,-87.7230052,POINT (-87.72300520254 41.79302219173)
JC433919,,9/15/2019 3:20,30,NO CONTROLS,NO CONTROLS,RAIN,"DARKNESS, LIGHTED ROAD",PARKED MOTOR VEHICLE,DIVIDED - W/MEDIAN (NOT RAISED),,STRAIGHT AND LEVEL,WET,NO DEFECTS,ON SCENE,INJURY AND / OR TOW DUE TO CRASH,,,Y,"OVER $1,500",9/15/2019 3:36,UNDER THE INFLUENCE OF ALCOHOL/DRUGS (USE WHEN ARREST IS EFFECTED),FAILING TO REDUCE SPEED TO AVOID CRASH,5301,N,KEDZIE AVE,1712,,,,,,,2,NO INDICATION OF INJURY,0,0,0,0,0,1,0,3,1,9,41.9776726,-87.70858148,POINT (-87.708581476926 41.977672602546)
JC433984,,9/15/2019 3:15,30,NO CONTROLS,NO CONTROLS,RAIN,DUSK,PARKED MOTOR VEHICLE,DIVIDED - W/MEDIAN (NOT RAISED),,STRAIGHT AND LEVEL,WET,NO DEFECTS,NOT ON SCENE (DESK REPORT),NO INJURY / DRIVE AWAY,,,,$500 OR LESS,9/15/2019 5:30,NOT APPLICABLE,NOT APPLICABLE,2429,W,LEXINGTON ST,1135,,,,,,,2,NO INDICATION OF INJURY,0,0,0,0,0,1,0,3,1,9,41.87194883,-87.68736173,POINT (-87.687361730551 41.871948829753)
JC433913,,9/15/2019 3:15,30,TRAFFIC SIGNAL,FUNCTIONING PROPERLY,CLEAR,"DARKNESS, LIGHTED ROAD",TURNING,NOT DIVIDED,,STRAIGHT AND LEVEL,DRY,UNKNOWN,NOT ON SCENE (DESK REPORT),NO INJURY / DRIVE AWAY,Y,,,$500 OR LESS,9/15/2019 3:30,FOLLOWING TOO CLOSELY,FOLLOWING TOO CLOSELY,248,N,CLARK ST,122,,,,,,,2,NO INDICATION OF INJURY,0,0,0,0,0,2,0,3,1,9,41.88695491,-87.63115239,POINT (-87.631152390887 41.886954912551)
JC433926,,9/15/2019 3:11,30,NO CONTROLS,NO CONTROLS,RAIN,"DARKNESS, LIGHTED ROAD",PARKED MOTOR VEHICLE,NOT DIVIDED,,STRAIGHT AND LEVEL,WET,OTHER,NOT ON SCENE (DESK REPORT),INJURY AND / OR TOW DUE TO CRASH,,,,"OVER $1,500",9/15/2019 3:11,WEATHER,DRIVING SKILLS/KNOWLEDGE/EXPERIENCE,10336,S,WESTERN AVE,2211,,,,,,,4,NO INDICATION OF INJURY,0,0,0,0,0,2,0,3,1,9,41.70526454,-87.68173301,POINT (-87.68173300879 41.705264535363)
JC436208,,9/15/2019 3:00,30,NO CONTROLS,NO CONTROLS,CLEAR,DAYLIGHT,PARKED MOTOR VEHICLE,NOT DIVIDED,,STRAIGHT AND LEVEL,DRY,NO DEFECTS,NOT ON SCENE (DESK REPORT),NO INJURY / DRIVE AWAY,,,,"OVER $1,500",9/16/2019 19:07,UNABLE TO DETERMINE,NOT APPLICABLE,5944,W,CHICAGO AVE,1511,,,,,,,2,NO INDICATION OF INJURY,0,0,0,0,0,1,0,3,1,9,41.89483794,-87.77408919,POINT (-87.77408918515 41.894837943364)
JC433903,,9/15/2019 3:00,25,NO CONTROLS,NO CONTROLS,RAIN,"DARKNESS, LIGHTED ROAD",FIXED OBJECT,ONE-WAY,,STRAIGHT AND LEVEL,WET,NO DEFECTS,ON SCENE,NO INJURY / DRIVE AWAY,,,,$500 OR LESS,9/15/2019 3:09,FAILING TO REDUCE SPEED TO AVOID CRASH,NOT APPLICABLE,8820,S,EAST END AVE,412,,,,N,,,2,NO INDICATION OF INJURY,0,0,0,0,0,3,0,3,1,9,41.73450027,-87.58296861,POINT (-87.582968607088 41.734500265051)
JC433898,,9/15/2019 3:00,25,NO CONTROLS,NO CONTROLS,CLEAR,"DARKNESS, LIGHTED ROAD",ANGLE,NOT DIVIDED,,STRAIGHT AND LEVEL,DRY,NO DEFECTS,ON SCENE,INJURY AND / OR TOW DUE TO CRASH,Y,,,"OVER $1,500",9/15/2019 3:40,DISREGARDING STOP SIGN,NOT APPLICABLE,599,W,18TH ST,1235,,,,,,,3,NONINCAPACITATING INJURY,1,0,0,1,0,3,0,3,1,9,41.85751235,-87.64181111,POINT (-87.641811108874 41.857512348869)
JC433916,,9/15/2019 2:56,30,NO CONTROLS,NO CONTROLS,RAIN,"DARKNESS, LIGHTED ROAD",FIXED OBJECT,OTHER,,STRAIGHT AND LEVEL,WET,NO DEFECTS,ON SCENE,NO INJURY / DRIVE AWAY,,Y,Y,"OVER $1,500",9/15/2019 3:00,UNABLE TO DETERMINE,UNABLE TO DETERMINE,5458,S,WELLS ST,935,,,,,,,1,NO INDICATION OF INJURY,0,0,0,0,0,2,0,2,1,9,41.79456007,-87.63192848,POINT (-87.631928474832 41.794560070768)
JC433914,,9/15/2019 2:55,25,NO CONTROLS,NO CONTROLS,RAIN,"DARKNESS, LIGHTED ROAD",ANGLE,FOUR WAY,,STRAIGHT AND LEVEL,WET,NO DEFECTS,ON SCENE,INJURY AND / OR TOW DUE TO CRASH,Y,,,"OVER $1,500",9/15/2019 2:58,FAILING TO YIELD RIGHT-OF-WAY,DRIVING SKILLS/KNOWLEDGE/EXPERIENCE,745,W,BUCKINGHAM PL,1925,,,,,,,2,NO INDICATION OF INJURY,0,0,0,0,0,2,0,2,1,9,41.94260716,-87.64873404,POINT (-87.648734037328 41.942607164129)
JC433885,,9/15/2019 2:50,30,NO CONTROLS,NO CONTROLS,RAIN,"DARKNESS, LIGHTED ROAD",PARKED MOTOR VEHICLE,NOT DIVIDED,,STRAIGHT AND LEVEL,WET,NO DEFECTS,ON SCENE,INJURY AND / OR TOW DUE TO CRASH,,,Y,"OVER $1,500",9/15/2019 2:50,IMPROPER LANE USAGE,DRIVING SKILLS/KNOWLEDGE/EXPERIENCE,10714,S,KEDZIE AVE,2211,,,,,,,2,NONINCAPACITATING INJURY,2,0,0,2,0,1,0,2,1,9,41.69837959,-87.70121219,POINT (-87.701212190268 41.698379586468)
JC433890,,9/15/2019 2:47,30,TRAFFIC SIGNAL,FUNCTIONING PROPERLY,CLEAR,"DARKNESS, LIGHTED ROAD",ANGLE,FOUR WAY,,STRAIGHT AND LEVEL,WET,NO DEFECTS,ON SCENE,INJURY AND / OR TOW DUE TO CRASH,Y,,,"OVER $1,500",9/15/2019 2:47,DISREGARDING TRAFFIC SIGNALS,UNABLE TO DETERMINE,300,S,HAMLIN BLVD,1133,,,,,,,6,NO INDICATION OF INJURY,0,0,0,0,0,2,0,2,1,9,41.87717386,-87.72078414,POINT (-87.720784140945 41.877173855545)
JC433880,,9/15/2019 2:40,40,NO CONTROLS,NO CONTROLS,CLEAR,"DARKNESS, LIGHTED ROAD",REAR TO SIDE,DIVIDED - W/MEDIAN (NOT RAISED),,STRAIGHT AND LEVEL,DRY,NO DEFECTS,ON SCENE,INJURY AND / OR TOW DUE TO CRASH,,,,"OVER $1,500",9/15/2019 2:40,NOT APPLICABLE,NOT APPLICABLE,1000,N,LAKE SHORE DR NB,1824,,,,,,,,,,,,,,,,2,1,9,41.90100286,-87.61977981,POINT (-87.619779806193 41.901002863094)
JC433874,,9/15/2019 2:40,30,TRAFFIC SIGNAL,FUNCTIONING PROPERLY,RAIN,"DARKNESS, LIGHTED ROAD",REAR END,NOT DIVIDED,,STRAIGHT AND LEVEL,WET,NO DEFECTS,ON SCENE,INJURY AND / OR TOW DUE TO CRASH,,,,"OVER $1,500",9/15/2019 2:40,UNABLE TO DETERMINE,UNABLE TO DETERMINE,648,N,CLARK ST,1832,,,,,,,2,NO INDICATION OF INJURY,0,0,0,0,0,3,0,2,1,9,41.89391699,-87.63133116,POINT (-87.631331159419 41.893916992175)
JC433887,,9/15/2019 2:32,30,NO CONTROLS,NO CONTROLS,RAIN,"DARKNESS, LIGHTED ROAD",PEDALCYCLIST,NOT DIVIDED,,STRAIGHT AND LEVEL,WET,NO DEFECTS,ON SCENE,INJURY AND / OR TOW DUE TO CRASH,,,Y,$500 OR LESS,9/15/2019 2:36,UNABLE TO DETERMINE,NOT APPLICABLE,3210,W,LAKE ST,1123,,,,,,,2,NONINCAPACITATING INJURY,1,0,0,1,0,1,0,2,1,9,41.88449014,-87.70670044,POINT (-87.706700444192 41.884490136706)
JC434358,,9/15/2019 2:30,30,NO CONTROLS,NO CONTROLS,CLEAR,DAYLIGHT,REAR TO FRONT,ONE-WAY,,STRAIGHT AND LEVEL,WET,NO DEFECTS,NOT ON SCENE (DESK REPORT),NO INJURY / DRIVE AWAY,,,Y,"OVER $1,500",9/15/2019 14:20,UNABLE TO DETERMINE,NOT APPLICABLE,400,W,77TH ST,621,,,,,,,2,NO INDICATION OF INJURY,0,0,0,0,0,2,0,2,1,9,41.75453945,-87.63445715,POINT (-87.634457152813 41.75453944725)
JC433869,,9/15/2019 2:30,30,TRAFFIC SIGNAL,FUNCTIONING PROPERLY,RAIN,"DARKNESS, LIGHTED ROAD",ANGLE,FOUR WAY,,STRAIGHT AND LEVEL,WET,NO DEFECTS,ON SCENE,INJURY AND / OR TOW DUE TO CRASH,Y,,,"OVER $1,500",9/15/2019 2:34,DISREGARDING TRAFFIC SIGNALS,UNABLE TO DETERMINE,149,N,WACKER DR,122,,,,,,,2,NO INDICATION OF INJURY,0,0,0,0,0,2,0,2,1,9,41.88443111,-87.63667801,POINT (-87.63667800524 41.884431110286)
JC433893,,9/15/2019 2:29,30,TRAFFIC SIGNAL,FUNCTIONING PROPERLY,RAIN,"DARKNESS, LIGHTED ROAD",FIXED OBJECT,DIVIDED - W/MEDIAN (NOT RAISED),,STRAIGHT AND LEVEL,WET,NO DEFECTS,ON SCENE,INJURY AND / OR TOW DUE TO CRASH,N,,,"OVER $1,500",9/15/2019 2:33,FAILING TO REDUCE SPEED TO AVOID CRASH,WEATHER,5501,S,ASHLAND AVE,713,,,,,,,1,INCAPACITATING INJURY,4,0,4,0,0,1,0,2,1,9,41.79359129,-87.66442764,POINT (-87.664427637221 41.793591294116)
JC433875,,9/15/2019 2:25,25,NO CONTROLS,NO CONTROLS,CLOUDY/OVERCAST,"DARKNESS, LIGHTED ROAD",SIDESWIPE SAME DIRECTION,DIVIDED - W/MEDIAN BARRIER,,"CURVE, LEVEL",WET,NO DEFECTS,ON SCENE,INJURY AND / OR TOW DUE TO CRASH,,,Y,"$501 - $1,500",9/15/2019 2:27,NOT APPLICABLE,NOT APPLICABLE,1000,N,LAKE SHORE DR NB,1824,,,,,,,2,NO INDICATION OF INJURY,0,0,0,0,0,2,0,2,1,9,41.90100286,-87.61977981,POINT (-87.619779806193 41.901002863094)
JC433873,,9/15/2019 2:25,25,NO CONTROLS,NO CONTROLS,CLOUDY/OVERCAST,"DARKNESS, LIGHTED ROAD",REAR END,DIVIDED - W/MEDIAN BARRIER,,"CURVE, LEVEL",WET,NO DEFECTS,ON SCENE,NO INJURY / DRIVE AWAY,,,,"$501 - $1,500",9/15/2019 2:27,"OPERATING VEHICLE IN ERRATIC, RECKLESS, CARELESS, NEGLIGENT OR AGGRESSIVE MANNER",FAILING TO REDUCE SPEED TO AVOID CRASH,1000,N,LAKE SHORE DR NB,1824,,,,,,,2,NO INDICATION OF INJURY,0,0,0,0,0,6,0,2,1,9,41.90100286,-87.61977981,POINT (-87.619779806193 41.901002863094)
JC433855,,9/15/2019 2:24,30,NO CONTROLS,NO CONTROLS,CLEAR,"DARKNESS, LIGHTED ROAD",FIXED OBJECT,ONE-WAY,,STRAIGHT AND LEVEL,WET,NO DEFECTS,ON SCENE,INJURY AND / OR TOW DUE TO CRASH,,Y,,"OVER $1,500",9/15/2019 2:24,DRIVING SKILLS/KNOWLEDGE/EXPERIENCE,UNABLE TO DETERMINE,4300,W,53RD ST,815,,,,,,,1,NO INDICATION OF INJURY,0,0,0,0,0,1,0,2,1,9,41.79691594,-87.73068511,POINT (-87.730685106325 41.796915934776)
JC433842,,9/15/2019 2:08,30,TRAFFIC SIGNAL,FUNCTIONING PROPERLY,CLEAR,"DARKNESS, LIGHTED ROAD",TURNING,NOT DIVIDED,,STRAIGHT AND LEVEL,DRY,NO DEFECTS,ON SCENE,INJURY AND / OR TOW DUE TO CRASH,Y,,Y,"OVER $1,500",9/15/2019 2:18,IMPROPER TURNING/NO SIGNAL,IMPROPER OVERTAKING/PASSING,1801,W,87TH ST,2221,,Y,,,,,,,,,,,,,,2,1,9,41.73561439,-87.66798285,POINT (-87.66798285046 41.735614389393)
JC433857,,9/15/2019 2:06,25,NO CONTROLS,NO CONTROLS,UNKNOWN,UNKNOWN,PARKED MOTOR VEHICLE,NOT DIVIDED,,STRAIGHT AND LEVEL,WET,UNKNOWN,ON SCENE,NO INJURY / DRIVE AWAY,,,Y,"OVER $1,500",9/15/2019 2:20,FAILING TO REDUCE SPEED TO AVOID CRASH,NOT APPLICABLE,6301,N,WESTERN AVE,2413,,,,,,,4,NO INDICATION OF INJURY,0,0,0,0,0,1,0,2,1,9,41.99600502,-87.68967943,POINT (-87.689679426296 41.996005015496)
JC434063,Y,9/15/2019 2:00,30,NO CONTROLS,NO CONTROLS,RAIN,"DARKNESS, LIGHTED ROAD",PARKED MOTOR VEHICLE,NOT DIVIDED,,STRAIGHT AND LEVEL,WET,NO DEFECTS,NOT ON SCENE (DESK REPORT),NO INJURY / DRIVE AWAY,,,Y,$500 OR LESS,9/15/2019 9:00,UNABLE TO DETERMINE,NOT APPLICABLE,3555,W,66TH ST,831,,,,,,,2,NO INDICATION OF INJURY,0,0,0,0,0,1,0,2,1,9,41.77325114,-87.71240593,POINT (-87.712405930802 41.773251134659)
JC433892,,9/15/2019 2:00,35,STOP SIGN/FLASHER,FUNCTIONING PROPERLY,RAIN,"DARKNESS, LIGHTED ROAD",ANGLE,UNKNOWN INTERSECTION TYPE,,STRAIGHT AND LEVEL,WET,NO DEFECTS,ON SCENE,INJURY AND / OR TOW DUE TO CRASH,Y,,,"OVER $1,500",9/15/2019 2:43,FAILING TO YIELD RIGHT-OF-WAY,NOT APPLICABLE,6400,S,WHIPPLE ST,823,,,,,,,2,NO INDICATION OF INJURY,0,0,0,0,0,2,0,2,1,9,41.77711687,-87.69957743,POINT (-87.699577430336 41.777116864752)