RD_NO,CRASH_DATE_EST_I,CRASH_DATE,POSTED_SPEED_LIMIT,TRAFFIC_CONTROL_DEVICE,DEVICE_CONDITION,WEATHER_CONDITION,LIGHTING_CONDITION,FIRST_CRASH_TYPE,TRAFFICWAY_TYPE,LANE_CNT,ALIGNMENT,ROADWAY_SURFACE_COND,ROAD_DEFECT,REPORT_TYPE,CRASH_TYPE,INTERSECTION_RELATED_I,NOT_RIGHT_OF_WAY_I,HIT_AND_RUN_I,DAMAGE,DATE_POLICE_NOTIFIED,PRIM_CONTRIBUTORY_CAUSE,SEC_CONTRIBUTORY_CAUSE,STREET_NO,STREET_DIRECTION,STREET_NAME,BEAT_OF_OCCURRENCE,PHOTOS_TAKEN_I,STATEMENTS_TAKEN_I,DOORING_I,WORK_ZONE_I,WORK_ZONE_TYPE,WORKERS_PRESENT_I,NUM_UNITS,MOST_SEVERE_INJURY,INJURIES_TOTAL,INJURIES_FATAL,INJURIES_INCAPACITATING,INJURIES_NON_INCAPACITATING,INJURIES_REPORTED_NOT_EVIDENT,INJURIES_NO_INDICATION,INJURIES_UNKNOWN,CRASH_HOUR,CRASH_DAY_OF_WEEK,CRASH_MONTH,LATITUDE,LONGITUDE,LOCATION
JC433838,,9/15/2019 1:57,30,NO CONTROLS,NO CONTROLS,CLEAR,"DARKNESS, LIGHTED ROAD",TURNING,NOT DIVIDED,,STRAIGHT AND LEVEL,WET,NO DEFECTS,ON SCENE,INJURY AND / OR TOW DUE TO CRASH,,,,"$501 - $1,500",9/15/2019 1:57,UNABLE TO DETERMINE,UNABLE TO DETERMINE,1900,E,79TH ST,414,,,,,,,2,NO INDICATION OF INJURY,0,0,0,0,0,3,0,1,1,9,41.7516864,-87.57836711,POINT (-87.578367111772 41.751686398713)
JC433896,,9/15/2019 1:55,35,TRAFFIC SIGNAL,FUNCTIONING PROPERLY,CLOUDY/OVERCAST,"DARKNESS, LIGHTED ROAD",REAR END,DIVIDED - W/MEDIAN BARRIER,,STRAIGHT AND LEVEL,WET,NO DEFECTS,ON SCENE,NO INJURY / DRIVE AWAY,,,Y,"$501 - $1,500",9/15/2019 2:41,UNABLE TO DETERMINE,FOLLOWING TOO CLOSELY,213,W,NORTH AVE,1821,,,,,,,2,NO INDICATION OF INJURY,0,0,0,0,0,2,0,1,1,9,41.91104859,-87.63529285,POINT (-87.635292852787 41.911048590678)
JC433844,,9/15/2019 1:53,35,NO CONTROLS,NO CONTROLS,RAIN,DARKNESS,REAR END,ONE-WAY,,STRAIGHT AND LEVEL,WET,NO DEFECTS,ON SCENE,NO INJURY / DRIVE AWAY,,,,"OVER $1,500",9/15/2019 2:03,UNABLE TO DETERMINE,FAILING TO REDUCE SPEED TO AVOID CRASH,7100,S,OGLESBY AVE,334,,,,,,,2,NO INDICATION OF INJURY,0,0,0,0,0,3,0,1,1,9,41.76605023,-87.56787852,POINT (-87.567878518494 41.766050233728)
JC433836,,9/15/2019 1:52,30,TRAFFIC SIGNAL,FUNCTIONING PROPERLY,RAIN,"DARKNESS, LIGHTED ROAD",ANGLE,FOUR WAY,,STRAIGHT AND LEVEL,WET,NO DEFECTS,ON SCENE,NO INJURY / DRIVE AWAY,Y,,,"OVER $1,500",9/15/2019 1:52,FAILING TO REDUCE SPEED TO AVOID CRASH,WEATHER,530,N,CLARK ST,1831,,,,,,,2,NO INDICATION OF INJURY,0,0,0,0,0,3,0,1,1,9,41.8917048,-87.63127592,POINT (-87.631275924236 41.891704795046)
JC433907,,9/15/2019 1:50,30,NO CONTROLS,NO CONTROLS,CLEAR,"DARKNESS, LIGHTED ROAD",PARKED MOTOR VEHICLE,NOT DIVIDED,,STRAIGHT AND LEVEL,DRY,NO DEFECTS,NOT ON SCENE (DESK REPORT),NO INJURY / DRIVE AWAY,,,Y,"$501 - $1,500",9/15/2019 3:00,IMPROPER LANE USAGE,NOT APPLICABLE,5803,N,ROGERS AVE,1711,,,,,,,2,NO INDICATION OF INJURY,0,0,0,0,0,1,0,1,1,9,41.98633149,-87.73808499,POINT (-87.738084985978 41.986331493565)
JC433833,,9/15/2019 1:35,30,NO CONTROLS,NO CONTROLS,CLEAR,"DARKNESS, LIGHTED ROAD",FIXED OBJECT,NOT DIVIDED,,STRAIGHT AND LEVEL,WET,NO DEFECTS,ON SCENE,INJURY AND / OR TOW DUE TO CRASH,,,N,"OVER $1,500",9/15/2019 1:39,UNABLE TO DETERMINE,UNABLE TO DETERMINE,4202,S,WESTERN BLVD,921,,N,,,,,1,NONINCAPACITATING INJURY,4,0,0,4,0,0,0,1,1,9,41.81740611,-87.68425729,POINT (-87.684257286926 41.817406105222)
JC434103,,9/15/2019 1:30,30,TRAFFIC SIGNAL,FUNCTIONING PROPERLY,UNKNOWN,"DARKNESS, LIGHTED ROAD",SIDESWIPE SAME DIRECTION,DIVIDED - W/MEDIAN (NOT RAISED),,STRAIGHT AND LEVEL,UNKNOWN,NO DEFECTS,NOT ON SCENE (DESK REPORT),NO INJURY / DRIVE AWAY,,,,"OVER $1,500",9/15/2019 10:00,IMPROPER LANE USAGE,FAILING TO YIELD RIGHT-OF-WAY,1445,S,WESTERN AVE,1233,,,,,,,2,NO INDICATION OF INJURY,0,0,0,0,0,4,0,1,1,9,41.86162497,-87.68575187,POINT (-87.685751865717 41.861624970493)
JC434014,,9/15/2019 1:30,30,NO CONTROLS,NO CONTROLS,CLEAR,"DARKNESS, LIGHTED ROAD",PARKED MOTOR VEHICLE,DIVIDED - W/MEDIAN (NOT RAISED),,STRAIGHT AND LEVEL,DRY,NO DEFECTS,NOT ON SCENE (DESK REPORT),INJURY AND / OR TOW DUE TO CRASH,,,Y,"OVER $1,500",9/15/2019 1:30,UNABLE TO DETERMINE,NOT APPLICABLE,2835,W,51ST ST,923,,,,,,,3,NO INDICATION OF INJURY,0,0,0,0,0,1,0,1,1,9,41.80085589,-87.69534321,POINT (-87.695343209481 41.800855885807)
JC433863,,9/15/2019 1:18,30,NO CONTROLS,NO CONTROLS,CLEAR,"DARKNESS, LIGHTED ROAD",PARKED MOTOR VEHICLE,DIVIDED - W/MEDIAN (NOT RAISED),,STRAIGHT AND LEVEL,WET,NO DEFECTS,ON SCENE,NO INJURY / DRIVE AWAY,,,Y,"$501 - $1,500",9/15/2019 1:20,IMPROPER BACKING,NOT APPLICABLE,1842,N,KOSTNER AVE,2533,,,,,,,2,NO INDICATION OF INJURY,0,0,0,0,0,1,0,1,1,9,41.91470046,-87.73640551,POINT (-87.736405510106 41.914700455447)
JC433827,,9/15/2019 1:17,30,TRAFFIC SIGNAL,FUNCTIONING PROPERLY,CLEAR,"DARKNESS, LIGHTED ROAD",ANGLE,NOT DIVIDED,,STRAIGHT AND LEVEL,WET,NO DEFECTS,ON SCENE,INJURY AND / OR TOW DUE TO CRASH,Y,,,"OVER $1,500",9/15/2019 1:21,DISREGARDING TRAFFIC SIGNALS,NOT APPLICABLE,3399,W,MADISON ST,1124,,,,,,,2,NO INDICATION OF INJURY,0,0,0,0,0,2,0,1,1,9,41.88080748,-87.71087993,POINT (-87.710879928378 41.880807476674)
JC433881,,9/15/2019 1:15,30,TRAFFIC SIGNAL,FUNCTIONING PROPERLY,CLEAR,DARKNESS,REAR END,DIVIDED - W/MEDIAN (NOT RAISED),,STRAIGHT AND LEVEL,UNKNOWN,UNKNOWN,NOT ON SCENE (DESK REPORT),NO INJURY / DRIVE AWAY,Y,,,"OVER $1,500",9/15/2019 1:20,FOLLOWING TOO CLOSELY,NOT APPLICABLE,1331,W,DIVISION ST,1213,,,,,,,2,NO INDICATION OF INJURY,0,0,0,0,0,2,0,1,1,9,41.90331889,-87.66177878,POINT (-87.661778784139 41.903318889121)
JC433817,,9/15/2019 1:15,40,TRAFFIC SIGNAL,FUNCTIONING PROPERLY,CLEAR,"DARKNESS, LIGHTED ROAD",REAR END,DIVIDED - W/MEDIAN BARRIER,,"CURVE, LEVEL",DRY,WORN SURFACE,ON SCENE,NO INJURY / DRIVE AWAY,,,Y,"OVER $1,500",9/15/2019 1:16,FOLLOWING TOO CLOSELY,NOT APPLICABLE,69,S,LAKE SHORE DR SB,114,,,,,,,2,NO INDICATION OF INJURY,0,0,0,0,0,2,0,1,1,9,41.88101096,-87.61733882,POINT (-87.617338820568 41.881010962073)
JC433808,,9/15/2019 1:15,30,NO CONTROLS,NO CONTROLS,CLEAR,"DARKNESS, LIGHTED ROAD",SIDESWIPE SAME DIRECTION,DIVIDED - W/MEDIAN (NOT RAISED),,STRAIGHT AND LEVEL,UNKNOWN,NO DEFECTS,ON SCENE,NO INJURY / DRIVE AWAY,,,Y,"$501 - $1,500",9/15/2019 1:31,FAILING TO YIELD RIGHT-OF-WAY,UNABLE TO DETERMINE,3400,W,BELMONT AVE,1732,,,,,,,2,NO INDICATION OF INJURY,0,0,0,0,0,2,0,1,1,9,41.93938716,-87.71255881,POINT (-87.712558810816 41.939387156854)
JC433825,Y,9/15/2019 1:10,30,NO CONTROLS,NO CONTROLS,RAIN,"DARKNESS, LIGHTED ROAD",TURNING,DIVIDED - W/MEDIAN (NOT RAISED),,STRAIGHT AND LEVEL,WET,NO DEFECTS,ON SCENE,INJURY AND / OR TOW DUE TO CRASH,,,,"OVER $1,500",9/15/2019 1:12,FAILING TO YIELD RIGHT-OF-WAY,NOT APPLICABLE,4818,W,MADISON ST,1533,,,,,,,2,NONINCAPACITATING INJURY,1,0,0,1,0,2,0,1,1,9,41.88059769,-87.74602163,POINT (-87.746021629817 41.880597691904)
JC433849,,9/15/2019 1:08,30,OTHER,OTHER,CLEAR,"DARKNESS, LIGHTED ROAD",REAR TO FRONT,ONE-WAY,,STRAIGHT AND LEVEL,DRY,UNKNOWN,,NO INJURY / DRIVE AWAY,,,Y,"OVER $1,500",9/15/2019 2:10,IMPROPER BACKING,IMPROPER BACKING,222,W,ONTARIO ST,1831,,,,,,,2,NO INDICATION OF INJURY,0,0,0,0,0,3,0,1,1,9,41.89328327,-87.63511922,POINT (-87.635119224306 41.893283273326)
JC433848,,9/15/2019 1:05,30,TRAFFIC SIGNAL,FUNCTIONING PROPERLY,RAIN,"DARKNESS, LIGHTED ROAD",REAR END,NOT DIVIDED,,STRAIGHT AND LEVEL,WET,NO DEFECTS,NOT ON SCENE (DESK REPORT),NO INJURY / DRIVE AWAY,Y,,,"OVER $1,500",9/15/2019 2:15,FOLLOWING TOO CLOSELY,UNABLE TO DETERMINE,2600,N,CLARK ST,1935,,,,,,,2,NO INDICATION OF INJURY,0,0,0,0,0,2,0,1,1,9,41.92960058,-87.64305121,POINT (-87.643051212209 41.92960058367)
JC433804,,9/15/2019 1:01,35,NO CONTROLS,NO CONTROLS,RAIN,"DARKNESS, LIGHTED ROAD",PARKED MOTOR VEHICLE,NOT DIVIDED,,STRAIGHT AND LEVEL,WET,NO DEFECTS,ON SCENE,NO INJURY / DRIVE AWAY,,,,$500 OR LESS,9/15/2019 1:05,UNABLE TO DETERMINE,UNABLE TO DETERMINE,1105,N,KOSTNER AVE,1111,,,,,,,2,NO INDICATION OF INJURY,0,0,0,0,0,1,0,1,1,9,41.90085766,-87.73595201,POINT (-87.73595201349 41.900857663189)
JC441030,,9/15/2019 1:00,30,NO CONTROLS,NO CONTROLS,CLEAR,DARKNESS,PARKED MOTOR VEHICLE,ONE-WAY,,STRAIGHT AND LEVEL,DRY,NO DEFECTS,NOT ON SCENE (DESK REPORT),NO INJURY / DRIVE AWAY,,,Y,"OVER $1,500",9/20/2019 10:38,UNABLE TO DETERMINE,NOT APPLICABLE,3522,W,GRENSHAW ST,1133,,,,,,,2,NO INDICATION OF INJURY,0,0,0,0,0,1,0,1,1,9,41.86737367,-87.71396734,POINT (-87.713967339722 41.867373665236)
JC433847,,9/15/2019 1:00,30,NO CONTROLS,NO CONTROLS,RAIN,"DARKNESS, LIGHTED ROAD",PARKED MOTOR VEHICLE,NOT DIVIDED,,STRAIGHT ON GRADE,WET,NO DEFECTS,NOT ON SCENE (DESK REPORT),NO INJURY / DRIVE AWAY,,,Y,$500 OR LESS,9/15/2019 2:15,FOLLOWING TOO CLOSELY,NOT APPLICABLE,4812,W,NORTH AVE,2533,,,,,,,2,NO INDICATION OF INJURY,0,0,0,0,0,1,0,1,1,9,41.90972882,-87.74663995,POINT (-87.746639951829 41.90972882131)
JC433820,Y,9/15/2019 1:00,30,NO CONTROLS,NO CONTROLS,RAIN,"DARKNESS, LIGHTED ROAD",REAR END,T-INTERSECTION,,STRAIGHT AND LEVEL,WET,NO DEFECTS,ON SCENE,NO INJURY / DRIVE AWAY,Y,,,"$501 - $1,500",9/15/2019 1:17,FAILING TO REDUCE SPEED TO AVOID CRASH,UNDER THE INFLUENCE OF ALCOHOL/DRUGS (USE WHEN ARREST IS EFFECTED),6125,W,IRVING PARK RD,1633,,N,,,,,2,NO INDICATION OF INJURY,0,0,0,0,0,2,0,1,1,9,41.95289033,-87.7802228,POINT (-87.780222803675 41.952890327202)
JC434126,,9/15/2019 0:52,30,TRAFFIC SIGNAL,FUNCTIONING PROPERLY,CLEAR,"DARKNESS, LIGHTED ROAD",SIDESWIPE SAME DIRECTION,DIVIDED - W/MEDIAN (NOT RAISED),,STRAIGHT AND LEVEL,WET,NO DEFECTS,NOT ON SCENE (DESK REPORT),NO INJURY / DRIVE AWAY,,,,"$501 - $1,500",9/15/2019 10:00,NOT APPLICABLE,NOT APPLICABLE,1537,E,83RD ST,412,,,,,,,2,NO INDICATION OF INJURY,0,0,0,0,0,2,0,0,1,9,41.74407639,-87.58656658,POINT (-87.586566577424 41.744076385992)
JC436227,,9/15/2019 0:50,30,TRAFFIC SIGNAL,FUNCTIONING PROPERLY,CLEAR,"DARKNESS, LIGHTED ROAD",REAR END,NOT DIVIDED,,STRAIGHT AND LEVEL,DRY,NO DEFECTS,NOT ON SCENE (DESK REPORT),NO INJURY / DRIVE AWAY,Y,,N,"$501 - $1,500",9/16/2019 19:20,UNABLE TO DETERMINE,UNABLE TO DETERMINE,114,E,CHICAGO AVE,1833,,,,,,,2,NO INDICATION OF INJURY,0,0,0,0,0,2,0,0,1,9,41.89683145,-87.62488281,POINT (-87.624882805023 41.896831452824)
JC433792,,9/15/2019 0:40,35,TRAFFIC SIGNAL,FUNCTIONING PROPERLY,CLEAR,"DARKNESS, LIGHTED ROAD",REAR END,DIVIDED - W/MEDIAN BARRIER,,STRAIGHT AND LEVEL,DRY,NO DEFECTS,ON SCENE,NO INJURY / DRIVE AWAY,,,Y,"OVER $1,500",9/15/2019 0:46,UNABLE TO DETERMINE,UNABLE TO DETERMINE,6100,S,CICERO AVE,813,,,,,,,2,NO INDICATION OF INJURY,0,0,0,0,0,2,0,0,1,9,41.78198966,-87.74255508,POINT (-87.742555081534 41.781989656337)
JC435610,,9/15/2019 0:36,25,TRAFFIC SIGNAL,FUNCTIONING PROPERLY,CLEAR,"DARKNESS, LIGHTED ROAD",REAR END,ONE-WAY,,STRAIGHT AND LEVEL,DRY,NO DEFECTS,NOT ON SCENE (DESK REPORT),NO INJURY / DRIVE AWAY,Y,,,"$501 - $1,500",9/16/2019 13:11,FOLLOWING TOO CLOSELY,UNABLE TO DETERMINE,536,W,RANDOLPH ST,121,,,,,,,2,NO INDICATION OF INJURY,0,0,0,0,0,2,0,0,1,9,41.88454722,-87.64120094,POINT (-87.64120093714 41.884547224337)
JC434573,,9/15/2019 0:30,30,NO CONTROLS,NO CONTROLS,CLEAR,"DARKNESS, LIGHTED ROAD",PARKED MOTOR VEHICLE,NOT DIVIDED,,STRAIGHT AND LEVEL,DRY,NO DEFECTS,NOT ON SCENE (DESK REPORT),NO INJURY / DRIVE AWAY,,,Y,"OVER $1,500",9/15/2019 18:00,UNABLE TO DETERMINE,UNABLE TO DETERMINE,8639,W,FOSTER AVE,1614,,,,,,,2,NO INDICATION OF INJURY,0,0,0,0,0,1,0,0,1,9,41.97365538,-87.84261631,POINT (-87.842616306886 41.973655382679)
JC434255,,9/15/2019 0:30,30,TRAFFIC SIGNAL,FUNCTIONING PROPERLY,UNKNOWN,"DARKNESS, LIGHTED ROAD",ANGLE,FOUR WAY,,STRAIGHT AND LEVEL,UNKNOWN,UNKNOWN,NOT ON SCENE (DESK REPORT),NO INJURY / DRIVE AWAY,Y,,Y,$500 OR LESS,9/15/2019 12:40,UNABLE TO DETERMINE,NOT APPLICABLE,200,W,SUPERIOR ST,1831,,,,,,,2,NO INDICATION OF INJURY,0,0,0,0,0,2,0,0,1,9,41.89570336,-87.63425312,POINT (-87.634253119451 41.895703363332)
JC433789,,9/15/2019 0:30,30,TRAFFIC SIGNAL,FUNCTIONING PROPERLY,CLEAR,"DARKNESS, LIGHTED ROAD",TURNING,FOUR WAY,,STRAIGHT AND LEVEL,DRY,NO DEFECTS,ON SCENE,INJURY AND / OR TOW DUE TO CRASH,Y,,,"OVER $1,500",9/15/2019 0:30,UNABLE TO DETERMINE,NOT APPLICABLE,143,W,KINZIE ST,1831,,,,,,,2,NONINCAPACITATING INJURY,1,0,0,1,0,1,0,0,1,9,41.88907693,-87.63268708,POINT (-87.63268707904 41.889076929261)
JC434189,,9/15/2019 0:28,30,NO CONTROLS,NO CONTROLS,CLEAR,"DARKNESS, LIGHTED ROAD",SIDESWIPE SAME DIRECTION,ONE-WAY,,STRAIGHT AND LEVEL,DRY,NO DEFECTS,NOT ON SCENE (DESK REPORT),NO INJURY / DRIVE AWAY,,,,"OVER $1,500",9/15/2019 11:00,FOLLOWING TOO CLOSELY,DRIVING SKILLS/KNOWLEDGE/EXPERIENCE,510,W,RANDOLPH ST,121,,,,,,,3,NO INDICATION OF INJURY,0,0,0,0,0,3,0,0,1,9,41.88455022,-87.6403162,POINT (-87.640316200165 41.884550221311)
JC434236,,9/15/2019 0:26,30,STOP SIGN/FLASHER,FUNCTIONING PROPERLY,UNKNOWN,"DARKNESS, LIGHTED ROAD",REAR END,DIVIDED - W/MEDIAN (NOT RAISED),,STRAIGHT AND LEVEL,UNKNOWN,UNKNOWN,NOT ON SCENE (DESK REPORT),NO INJURY / DRIVE AWAY,,,,"$501 - $1,500",9/15/2019 12:15,UNABLE TO DETERMINE,UNABLE TO DETERMINE,11400,S,AVENUE O,433,,,,,,,2,NO INDICATION OF INJURY,0,0,0,0,0,2,0,0,1,9,41.68813732,-87.54024602,POINT (-87.540246022602 41.688137322344)
JC433779,,9/15/2019 0:18,30,STOP SIGN/FLASHER,FUNCTIONING PROPERLY,CLEAR,"DARKNESS, LIGHTED ROAD",REAR END,NOT DIVIDED,,STRAIGHT AND LEVEL,DRY,UNKNOWN,ON SCENE,INJURY AND / OR TOW DUE TO CRASH,,,,"OVER $1,500",9/15/2019 0:25,DISTRACTION - FROM OUTSIDE VEHICLE,NOT APPLICABLE,3499,S,WESTERN AVE,911,,,,,,,2,NO INDICATION OF INJURY,0,0,0,0,0,2,0,0,1,9,41.8303295,-87.68488889,POINT (-87.684888887272 41.830329499078)
JC433780,,9/15/2019 0:15,30,TRAFFIC SIGNAL,FUNCTIONING PROPERLY,CLEAR,"DARKNESS, LIGHTED ROAD",SIDESWIPE SAME DIRECTION,NOT DIVIDED,,STRAIGHT AND LEVEL,DRY,NO DEFECTS,ON SCENE,NO INJURY / DRIVE AWAY,,,,"$501 - $1,500",9/15/2019 0:18,DRIVING SKILLS/KNOWLEDGE/EXPERIENCE,DRIVING SKILLS/KNOWLEDGE/EXPERIENCE,1605,W,79TH ST,611,,,,,,,2,NO INDICATION OF INJURY,0,0,0,0,0,3,0,0,1,9,41.75024138,-87.66361921,POINT (-87.663619209112 41.75024137658)
JC433783,,9/15/2019 0:05,30,TRAFFIC SIGNAL,FUNCTIONING PROPERLY,CLEAR,DARKNESS,REAR END,DIVIDED - W/MEDIAN BARRIER,,STRAIGHT AND LEVEL,DRY,NO DEFECTS,NOT ON SCENE (DESK REPORT),NO INJURY / DRIVE AWAY,,,,"OVER $1,500",9/15/2019 0:35,IMPROPER BACKING,NOT APPLICABLE,320,N,MICHIGAN AVE,111,,,,,,,2,NO INDICATION OF INJURY,0,0,0,0,0,3,0,0,1,9,41.88729071,-87.62469528,POINT (-87.624695283197 41.88729070631)
JC436219,,9/15/2019 0:01,30,TRAFFIC SIGNAL,UNKNOWN,CLEAR,DARKNESS,REAR END,ONE-WAY,,STRAIGHT AND LEVEL,DRY,UNKNOWN,NOT ON SCENE (DESK REPORT),INJURY AND / OR TOW DUE TO CRASH,Y,,,"OVER $1,500",9/16/2019 19:11,UNABLE TO DETERMINE,UNABLE TO DETERMINE,340,W,ONTARIO ST,1831,,,,,,,2,"REPORTED, NOT EVIDENT",1,0,0,0,1,1,0,0,1,9,41.89325533,-87.63715992,POINT (-87.637159915596 41.893255328806)
JC434187,,9/15/2019 0:01,15,NO CONTROLS,NO CONTROLS,CLEAR,"DARKNESS, LIGHTED ROAD",PARKED MOTOR VEHICLE,ONE-WAY,,STRAIGHT AND LEVEL,DRY,NO DEFECTS,NOT ON SCENE (DESK REPORT),NO INJURY / DRIVE AWAY,,,Y,"OVER $1,500",9/15/2019 11:35,NOT APPLICABLE,NOT APPLICABLE,3422,W,GRENSHAW ST,1133,,,,,,,2,NO INDICATION OF INJURY,0,0,0,0,0,1,0,0,1,9,41.8674035,-87.71152712,POINT (-87.711527117771 41.867403504403)
JC433839,,9/15/2019 0:01,30,TRAFFIC SIGNAL,FUNCTIONING PROPERLY,CLEAR,"DARKNESS, LIGHTED ROAD",SIDESWIPE SAME DIRECTION,ONE-WAY,,STRAIGHT AND LEVEL,DRY,NO DEFECTS,NOT ON SCENE (DESK REPORT),NO INJURY / DRIVE AWAY,,,,"OVER $1,500",9/15/2019 2:00,UNABLE TO DETERMINE,UNABLE TO DETERMINE,42,W,OHIO ST,1832,,,,,,,2,NO INDICATION OF INJURY,0,0,0,0,0,2,0,0,1,9,41.89255832,-87.62959738,POINT (-87.629597377088 41.892558321003)
JC436196,N,9/15/2019 0:00,30,TRAFFIC SIGNAL,FUNCTIONING PROPERLY,CLEAR,"DARKNESS, LIGHTED ROAD",REAR END,NOT DIVIDED,,STRAIGHT AND LEVEL,DRY,NO DEFECTS,NOT ON SCENE (DESK REPORT),INJURY AND / OR TOW DUE TO CRASH,Y,,Y,"OVER $1,500",9/16/2019 19:00,FOLLOWING TOO CLOSELY,FAILING TO REDUCE SPEED TO AVOID CRASH,3559,N,KEDZIE AVE,1733,,,,,,,2,NONINCAPACITATING INJURY,1,0,0,1,0,1,0,0,1,9,41.94648136,-87.70766984,POINT (-87.707669840709 41.946481357158)
JC434157,Y,9/15/2019 0:00,35,NO CONTROLS,NO CONTROLS,UNKNOWN,UNKNOWN,FIXED OBJECT,NOT DIVIDED,,STRAIGHT AND LEVEL,UNKNOWN,NO DEFECTS,ON SCENE,INJURY AND / OR TOW DUE TO CRASH,,,,"OVER $1,500",9/15/2019 11:00,UNABLE TO DETERMINE,UNABLE TO DETERMINE,52,W,127TH ST,523,,,,,,,1,NO INDICATION OF INJURY,0,0,0,0,0,1,0,0,1,9,41.66353591,-87.62396412,POINT (-87.623964117925 41.663535908818)
JC434689,,9/14/2019 23:45,35,NO CONTROLS,NO CONTROLS,CLEAR,DARKNESS,PARKED MOTOR VEHICLE,DIVIDED - W/MEDIAN (NOT RAISED),,STRAIGHT AND LEVEL,DRY,NO DEFECTS,NOT ON SCENE (DESK REPORT),NO INJURY / DRIVE AWAY,,,Y,"OVER $1,500",9/15/2019 18:45,NOT APPLICABLE,NOT APPLICABLE,2440,N,KILPATRICK AVE,2521,,,,,,,2,NO INDICATION OF INJURY,0,0,0,0,0,1,0,23,7,9,41.92559655,-87.74406029,POINT (-87.744060293135 41.925596547632)
JC434222,,9/14/2019 23:45,30,TRAFFIC SIGNAL,FUNCTIONING PROPERLY,CLEAR,"DARKNESS, LIGHTED ROAD",TURNING,NOT DIVIDED,,STRAIGHT AND LEVEL,DRY,NO DEFECTS,NOT ON SCENE (DESK REPORT),NO INJURY / DRIVE AWAY,Y,,,"OVER $1,500",9/15/2019 12:23,FAILING TO REDUCE SPEED TO AVOID CRASH,NOT APPLICABLE,2198,S,MICHIGAN AVE,131,,,,,,,2,NO INDICATION OF INJURY,0,0,0,0,0,2,0,23,7,9,41.85293218,-87.62396062,POINT (-87.623960623761 41.852932178872)
JC433782,,9/14/2019 23:42,30,TRAFFIC SIGNAL,UNKNOWN,CLEAR,"DARKNESS, LIGHTED ROAD",REAR END,DIVIDED - W/MEDIAN BARRIER,,STRAIGHT AND LEVEL,DRY,UNKNOWN,ON SCENE,INJURY AND / OR TOW DUE TO CRASH,,,N,"OVER $1,500",9/14/2019 23:42,FAILING TO REDUCE SPEED TO AVOID CRASH,NOT APPLICABLE,3800,S,PULASKI RD,815,,,,,,,4,NO INDICATION OF INJURY,0,0,0,0,0,5,0,23,7,9,41.82450844,-87.72423467,POINT (-87.724234666706 41.824508440396)
JC434874,,9/14/2019 23:40,30,TRAFFIC SIGNAL,FUNCTIONING PROPERLY,CLEAR,DARKNESS,REAR END,NOT DIVIDED,,STRAIGHT AND LEVEL,DRY,NO DEFECTS,NOT ON SCENE (DESK REPORT),NO INJURY / DRIVE AWAY,Y,,,$500 OR LESS,9/15/2019 20:40,UNABLE TO DETERMINE,NOT APPLICABLE,1200,N,LAKE SHORE DR,1824,,,,,,,2,NO INDICATION OF INJURY,0,0,0,0,0,2,0,23,7,9,41.90402236,-87.62516042,POINT (-87.625160424397 41.90402235915)
JC433795,,9/14/2019 23:30,30,TRAFFIC SIGNAL,UNKNOWN,UNKNOWN,UNKNOWN,ANGLE,FOUR WAY,,STRAIGHT AND LEVEL,UNKNOWN,UNKNOWN,,INJURY AND / OR TOW DUE TO CRASH,Y,,,"OVER $1,500",9/15/2019 0:58,MOTORCYCLE ADVANCING LEGALLY ON RED LIGHT,UNABLE TO DETERMINE,1726,N,CLARK ST,1814,,,,,,,2,NONINCAPACITATING INJURY,2,0,0,2,0,1,0,23,7,9,41.91376869,-87.63338251,POINT (-87.633382509584 41.913768693686)
JC433749,,9/14/2019 23:30,30,NO CONTROLS,NO CONTROLS,CLEAR,"DARKNESS, LIGHTED ROAD",PARKED MOTOR VEHICLE,ONE-WAY,,STRAIGHT AND LEVEL,DRY,NO DEFECTS,ON SCENE,NO INJURY / DRIVE AWAY,,,Y,"OVER $1,500",9/14/2019 23:52,NOT APPLICABLE,NOT APPLICABLE,254,E,74TH ST,323,,,,,,,2,NO INDICATION OF INJURY,0,0,0,0,0,1,0,23,7,9,41.76028292,-87.618435,POINT (-87.618434996972 41.760282919883)
JC433733,,9/14/2019 23:30,30,NO CONTROLS,NO CONTROLS,CLEAR,"DARKNESS, LIGHTED ROAD",FIXED OBJECT,ONE-WAY,,STRAIGHT AND LEVEL,UNKNOWN,UNKNOWN,ON SCENE,INJURY AND / OR TOW DUE TO CRASH,,,,"OVER $1,500",9/14/2019 23:35,DRIVING ON WRONG SIDE/WRONG WAY,UNABLE TO DETERMINE,1154,S,ALBANY AVE,1134,,,,,,,1,NO INDICATION OF INJURY,0,0,0,0,0,2,0,23,7,9,41.866576,-87.70338441,POINT (-87.703384408615 41.866576003288)
JC434104,,9/14/2019 23:20,25,TRAFFIC SIGNAL,FUNCTIONING PROPERLY,CLEAR,"DARKNESS, LIGHTED ROAD",TURNING,DIVIDED - W/MEDIAN (NOT RAISED),,STRAIGHT AND LEVEL,DRY,NO DEFECTS,NOT ON SCENE (DESK REPORT),NO INJURY / DRIVE AWAY,Y,,,"$501 - $1,500",9/15/2019 10:15,IMPROPER OVERTAKING/PASSING,NOT APPLICABLE,99,S,SACRAMENTO BLVD,1124,,,,,,,2,NO INDICATION OF INJURY,0,0,0,0,0,2,0,23,7,9,41.87975293,-87.7010218,POINT (-87.701021798713 41.879752933279)