RD_NO,CRASH_DATE_EST_I,CRASH_DATE,POSTED_SPEED_LIMIT,TRAFFIC_CONTROL_DEVICE,DEVICE_CONDITION,WEATHER_CONDITION,LIGHTING_CONDITION,FIRST_CRASH_TYPE,TRAFFICWAY_TYPE,LANE_CNT,ALIGNMENT,ROADWAY_SURFACE_COND,ROAD_DEFECT,REPORT_TYPE,CRASH_TYPE,INTERSECTION_RELATED_I,NOT_RIGHT_OF_WAY_I,HIT_AND_RUN_I,DAMAGE,DATE_POLICE_NOTIFIED,PRIM_CONTRIBUTORY_CAUSE,SEC_CONTRIBUTORY_CAUSE,STREET_NO,STREET_DIRECTION,STREET_NAME,BEAT_OF_OCCURRENCE,PHOTOS_TAKEN_I,STATEMENTS_TAKEN_I,DOORING_I,WORK_ZONE_I,WORK_ZONE_TYPE,WORKERS_PRESENT_I,NUM_UNITS,MOST_SEVERE_INJURY,INJURIES_TOTAL,INJURIES_FATAL,INJURIES_INCAPACITATING,INJURIES_NON_INCAPACITATING,INJURIES_REPORTED_NOT_EVIDENT,INJURIES_NO_INDICATION,INJURIES_UNKNOWN,CRASH_HOUR,CRASH_DAY_OF_WEEK,CRASH_MONTH,LATITUDE,LONGITUDE,LOCATION
JC433775,,9/14/2019 23:20,30,NO CONTROLS,NO CONTROLS,CLEAR,"DARKNESS, LIGHTED ROAD",SIDESWIPE SAME DIRECTION,DIVIDED - W/MEDIAN (NOT RAISED),,STRAIGHT AND LEVEL,DRY,NO DEFECTS,,NO INJURY / DRIVE AWAY,,,,"$501 - $1,500",9/15/2019 0:30,IMPROPER TURNING/NO SIGNAL,NOT APPLICABLE,2331,N,HARLEM AVE,2512,,,,,,,2,NO INDICATION OF INJURY,0,0,0,0,0,2,0,23,7,9,41.9220519,-87.80604567,POINT (-87.806045668278 41.922051897221)
JC433735,,9/14/2019 23:19,20,NO CONTROLS,NO CONTROLS,CLEAR,DUSK,TURNING,NOT DIVIDED,,STRAIGHT AND LEVEL,DRY,NO DEFECTS,ON SCENE,INJURY AND / OR TOW DUE TO CRASH,Y,,,"OVER $1,500",9/14/2019 23:19,FAILING TO YIELD RIGHT-OF-WAY,IMPROPER TURNING/NO SIGNAL,3932,E,112TH ST,433,,,,,,,2,NONINCAPACITATING INJURY,1,0,0,1,0,2,0,23,7,9,41.69192898,-87.52832076,POINT (-87.528320756172 41.691928977306)
JC433724,,9/14/2019 23:05,30,TRAFFIC SIGNAL,FUNCTIONING PROPERLY,CLEAR,DARKNESS,TURNING,DIVIDED - W/MEDIAN BARRIER,,STRAIGHT AND LEVEL,DRY,NO DEFECTS,ON SCENE,INJURY AND / OR TOW DUE TO CRASH,Y,,Y,"OVER $1,500",9/14/2019 23:07,DISREGARDING TRAFFIC SIGNALS,HAD BEEN DRINKING (USE WHEN ARREST IS NOT MADE),8300,S,STONY ISLAND AVE,412,,Y,,,,,3,NO INDICATION OF INJURY,0,0,0,0,0,4,0,23,7,9,41.74415164,-87.58594507,POINT (-87.585945066953 41.744151639042)
JC437330,Y,9/14/2019 23:00,30,NO CONTROLS,NO CONTROLS,UNKNOWN,UNKNOWN,PARKED MOTOR VEHICLE,NOT DIVIDED,,STRAIGHT AND LEVEL,UNKNOWN,NO DEFECTS,NOT ON SCENE (DESK REPORT),NO INJURY / DRIVE AWAY,,,Y,"$501 - $1,500",9/17/2019 16:15,UNABLE TO DETERMINE,NOT APPLICABLE,223,W,24TH ST,914,,,,,,,2,NO INDICATION OF INJURY,0,0,0,0,0,1,0,23,7,9,41.8490332,-87.63288043,POINT (-87.632880432238 41.849033198752)
JC434903,,9/14/2019 23:00,30,STOP SIGN/FLASHER,FUNCTIONING PROPERLY,UNKNOWN,"DARKNESS, LIGHTED ROAD",SIDESWIPE SAME DIRECTION,ONE-WAY,,STRAIGHT AND LEVEL,UNKNOWN,UNKNOWN,NOT ON SCENE (DESK REPORT),NO INJURY / DRIVE AWAY,,,,"OVER $1,500",9/15/2019 21:00,NOT APPLICABLE,NOT APPLICABLE,1700,W,48TH ST,931,,,,,,,2,NO INDICATION OF INJURY,0,0,0,0,0,2,0,23,7,9,41.806868,-87.66741566,POINT (-87.667415659835 41.806867997834)
JC433727,,9/14/2019 22:56,45,NO CONTROLS,NO CONTROLS,CLEAR,"DARKNESS, LIGHTED ROAD",REAR END,ONE-WAY,,STRAIGHT AND LEVEL,DRY,NO DEFECTS,ON SCENE,INJURY AND / OR TOW DUE TO CRASH,,,,"OVER $1,500",9/14/2019 22:56,FAILING TO REDUCE SPEED TO AVOID CRASH,NOT APPLICABLE,54,S,LAKE SHORE DR SB,114,,,,,,,2,INCAPACITATING INJURY,2,0,2,0,0,1,0,22,7,9,41.88124787,-87.61762961,POINT (-87.617629609706 41.881247872621)
JC433718,,9/14/2019 22:55,30,TRAFFIC SIGNAL,FUNCTIONING PROPERLY,CLEAR,"DARKNESS, LIGHTED ROAD",SIDESWIPE SAME DIRECTION,NOT DIVIDED,,STRAIGHT AND LEVEL,DRY,UNKNOWN,NOT ON SCENE (DESK REPORT),NO INJURY / DRIVE AWAY,Y,,,$500 OR LESS,9/14/2019 23:12,IMPROPER TURNING/NO SIGNAL,IMPROPER TURNING/NO SIGNAL,600,N,CLARK ST,1832,,,,,,,2,NO INDICATION OF INJURY,0,0,0,0,0,3,0,22,7,9,41.89246403,-87.63129489,POINT (-87.631294885907 41.892464032993)
JC433705,,9/14/2019 22:55,30,NO CONTROLS,NO CONTROLS,CLEAR,"DARKNESS, LIGHTED ROAD",PARKED MOTOR VEHICLE,PARKING LOT,,STRAIGHT AND LEVEL,DRY,NO DEFECTS,ON SCENE,NO INJURY / DRIVE AWAY,,,,"$501 - $1,500",9/14/2019 23:00,IMPROPER BACKING,UNABLE TO DETERMINE,4244,S,WENTWORTH AVE,925,,,,,,,2,NO INDICATION OF INJURY,0,0,0,0,0,2,0,22,7,9,41.81693428,-87.63135846,POINT (-87.631358463152 41.816934278225)
JC433701,,9/14/2019 22:49,30,NO CONTROLS,NO CONTROLS,CLEAR,"DARKNESS, LIGHTED ROAD",TURNING,DIVIDED - W/MEDIAN (NOT RAISED),,STRAIGHT AND LEVEL,DRY,NO DEFECTS,ON SCENE,INJURY AND / OR TOW DUE TO CRASH,,,,"OVER $1,500",9/14/2019 22:49,FAILING TO YIELD RIGHT-OF-WAY,DISTRACTION - FROM INSIDE VEHICLE,5114,S,PULASKI RD,815,,,,,,,2,NO INDICATION OF INJURY,0,0,0,0,0,3,0,22,7,9,41.79993148,-87.72350128,POINT (-87.723501282465 41.799931475431)
JC433702,,9/14/2019 22:45,30,TRAFFIC SIGNAL,FUNCTIONING PROPERLY,CLEAR,"DARKNESS, LIGHTED ROAD",ANGLE,CENTER TURN LANE,,STRAIGHT AND LEVEL,DRY,UNKNOWN,ON SCENE,INJURY AND / OR TOW DUE TO CRASH,Y,,,"OVER $1,500",9/14/2019 22:50,UNABLE TO DETERMINE,DISREGARDING TRAFFIC SIGNALS,2398,N,ELSTON AVE,1432,,,,,,,2,NONINCAPACITATING INJURY,2,0,0,1,1,0,0,22,7,9,41.9249365,-87.67751988,POINT (-87.677519875938 41.924936498448)
JC433798,,9/14/2019 22:40,30,NO CONTROLS,NO CONTROLS,CLEAR,"DARKNESS, LIGHTED ROAD",ANGLE,ALLEY,,STRAIGHT AND LEVEL,DRY,NO DEFECTS,NOT ON SCENE (DESK REPORT),NO INJURY / DRIVE AWAY,,,,"$501 - $1,500",9/15/2019 1:00,FAILING TO YIELD RIGHT-OF-WAY,NOT APPLICABLE,2225,N,SHEFFIELD AVE,1812,,,,,,,2,NO INDICATION OF INJURY,0,0,0,0,0,2,0,22,7,9,41.92250886,-87.65336802,POINT (-87.653368014836 41.922508856262)
JC433768,,9/14/2019 22:40,30,TRAFFIC SIGNAL,FUNCTIONING PROPERLY,CLEAR,"DARKNESS, LIGHTED ROAD",TURNING,DIVIDED - W/MEDIAN BARRIER,,STRAIGHT AND LEVEL,DRY,NO DEFECTS,ON SCENE,INJURY AND / OR TOW DUE TO CRASH,Y,,,"OVER $1,500",9/14/2019 22:45,FAILING TO REDUCE SPEED TO AVOID CRASH,NOT APPLICABLE,1100,S,STATE ST,123,,,,,,,3,NO INDICATION OF INJURY,0,0,0,0,0,3,0,22,7,9,41.86914279,-87.62761269,POINT (-87.627612691774 41.869142786847)
JC433695,,9/14/2019 22:39,30,NO CONTROLS,NO CONTROLS,CLEAR,"DARKNESS, LIGHTED ROAD",PARKED MOTOR VEHICLE,NOT DIVIDED,,STRAIGHT AND LEVEL,DRY,NO DEFECTS,ON SCENE,NO INJURY / DRIVE AWAY,,,,$500 OR LESS,9/14/2019 22:44,DISTRACTION - FROM OUTSIDE VEHICLE,DISTRACTION - FROM OUTSIDE VEHICLE,504,N,KEDZIE AVE,1121,,,,,,,2,NO INDICATION OF INJURY,0,0,0,0,0,2,0,22,7,9,41.89050484,-87.70654863,POINT (-87.706548630484 41.890504835157)
JC433692,,9/14/2019 22:32,30,TRAFFIC SIGNAL,FUNCTIONING PROPERLY,CLEAR,"DARKNESS, LIGHTED ROAD",REAR END,NOT DIVIDED,,STRAIGHT AND LEVEL,DRY,NO DEFECTS,NOT ON SCENE (DESK REPORT),NO INJURY / DRIVE AWAY,,,,"OVER $1,500",9/14/2019 22:50,UNABLE TO DETERMINE,UNABLE TO DETERMINE,3358,W,ROOSEVELT RD,1134,,,,,,,2,NO INDICATION OF INJURY,0,0,0,0,0,3,0,22,7,9,41.86645969,-87.71048441,POINT (-87.710484406237 41.86645969148)
JC434809,,9/14/2019 22:30,30,NO CONTROLS,NO CONTROLS,CLEAR,DARKNESS,REAR END,NOT DIVIDED,,STRAIGHT AND LEVEL,DRY,NO DEFECTS,NOT ON SCENE (DESK REPORT),NO INJURY / DRIVE AWAY,,,,"OVER $1,500",9/15/2019 20:00,FOLLOWING TOO CLOSELY,NOT APPLICABLE,7900,S,COLFAX AVE,422,,,,,,,2,NO INDICATION OF INJURY,0,0,0,0,0,2,0,22,7,9,41.75170271,-87.56153122,POINT (-87.561531217551 41.751702706966)
JC433683,,9/14/2019 22:30,40,TRAFFIC SIGNAL,FUNCTIONING PROPERLY,CLEAR,"DARKNESS, LIGHTED ROAD",REAR END,DIVIDED - W/MEDIAN BARRIER,,STRAIGHT AND LEVEL,DRY,NO DEFECTS,ON SCENE,INJURY AND / OR TOW DUE TO CRASH,N,,,"OVER $1,500",9/14/2019 22:35,DRIVING SKILLS/KNOWLEDGE/EXPERIENCE,DRIVING SKILLS/KNOWLEDGE/EXPERIENCE,303,S,LAKE SHORE DR NB,114,,,,,,,2,NO INDICATION OF INJURY,0,0,0,0,0,2,0,22,7,9,41.87827101,-87.61705106,POINT (-87.617051054943 41.878271008902)
JC433675,,9/14/2019 22:29,30,UNKNOWN,UNKNOWN,CLEAR,"DARKNESS, LIGHTED ROAD",FIXED OBJECT,NOT DIVIDED,,STRAIGHT AND LEVEL,DRY,NO DEFECTS,ON SCENE,INJURY AND / OR TOW DUE TO CRASH,,,Y,"OVER $1,500",9/14/2019 22:29,UNABLE TO DETERMINE,UNABLE TO DETERMINE,558,W,71ST ST,732,,,,,,,1,NO INDICATION OF INJURY,0,0,0,0,0,1,0,22,7,9,41.76538841,-87.63950145,POINT (-87.639501450307 41.765388408867)
JC433678,,9/14/2019 22:27,30,NO CONTROLS,NO CONTROLS,CLEAR,"DARKNESS, LIGHTED ROAD",PARKED MOTOR VEHICLE,NOT DIVIDED,,STRAIGHT AND LEVEL,DRY,NO DEFECTS,ON SCENE,INJURY AND / OR TOW DUE TO CRASH,,,,"OVER $1,500",9/14/2019 22:27,IMPROPER LANE USAGE,UNABLE TO DETERMINE,654,E,47TH ST,221,,,,,,,2,NO INDICATION OF INJURY,0,0,0,0,0,1,0,22,7,9,41.80960453,-87.60923333,POINT (-87.609233329676 41.809604529615)
JC433717,,9/14/2019 22:15,30,UNKNOWN,UNKNOWN,UNKNOWN,"DARKNESS, LIGHTED ROAD",SIDESWIPE SAME DIRECTION,FOUR WAY,,STRAIGHT AND LEVEL,UNKNOWN,UNKNOWN,NOT ON SCENE (DESK REPORT),NO INJURY / DRIVE AWAY,Y,,,"OVER $1,500",9/14/2019 22:20,UNABLE TO DETERMINE,NOT APPLICABLE,2802,W,OGDEN AVE,1022,,,,,,,2,NO INDICATION OF INJURY,0,0,0,0,0,2,0,22,7,9,41.86129573,-87.69616022,POINT (-87.696160220984 41.861295731543)
JC433657,,9/14/2019 22:15,30,TRAFFIC SIGNAL,FUNCTIONING PROPERLY,CLEAR,"DARKNESS, LIGHTED ROAD",SIDESWIPE SAME DIRECTION,DIVIDED - W/MEDIAN (NOT RAISED),,STRAIGHT AND LEVEL,DRY,NO DEFECTS,ON SCENE,INJURY AND / OR TOW DUE TO CRASH,Y,,,"OVER $1,500",9/14/2019 22:28,UNABLE TO DETERMINE,NOT APPLICABLE,1300,W,NORTH AVE,1433,,,,,,,2,NO INDICATION OF INJURY,0,0,0,0,0,2,0,22,7,9,41.91085036,-87.66044504,POINT (-87.66044504039 41.910850361976)
JC433677,,9/14/2019 22:12,30,STOP SIGN/FLASHER,FUNCTIONING PROPERLY,CLEAR,"DARKNESS, LIGHTED ROAD",REAR END,T-INTERSECTION,,STRAIGHT AND LEVEL,DRY,NO DEFECTS,ON SCENE,NO INJURY / DRIVE AWAY,Y,,,"OVER $1,500",9/14/2019 22:27,EQUIPMENT - VEHICLE CONDITION,NOT APPLICABLE,3330,W,59TH ST,822,,,,,,,2,NO INDICATION OF INJURY,0,0,0,0,0,2,0,22,7,9,41.7863003,-87.7069595,POINT (-87.706959499755 41.786300301219)
JC433654,,9/14/2019 22:05,30,NO CONTROLS,NO CONTROLS,CLEAR,"DARKNESS, LIGHTED ROAD",PARKED MOTOR VEHICLE,NOT DIVIDED,,STRAIGHT AND LEVEL,DRY,NO DEFECTS,ON SCENE,INJURY AND / OR TOW DUE TO CRASH,,,,"OVER $1,500",9/14/2019 22:09,"EVASIVE ACTION DUE TO ANIMAL, OBJECT, NONMOTORIST",NOT APPLICABLE,4140,W,AUGUSTA BLVD,1111,,,,,,,3,NO INDICATION OF INJURY,0,0,0,0,0,1,0,22,7,9,41.89906137,-87.73022721,POINT (-87.730227211265 41.899061370115)
JC433661,,9/14/2019 22:04,30,NO CONTROLS,NO CONTROLS,CLEAR,"DARKNESS, LIGHTED ROAD",REAR END,NOT DIVIDED,,STRAIGHT AND LEVEL,DRY,NO DEFECTS,ON SCENE,INJURY AND / OR TOW DUE TO CRASH,N,,,"OVER $1,500",9/14/2019 22:05,UNABLE TO DETERMINE,NOT APPLICABLE,1889,W,OGDEN AVE,1231,,,,,,,2,NO INDICATION OF INJURY,0,0,0,0,0,2,0,22,7,9,41.87485914,-87.67371545,POINT (-87.67371544811 41.874859143179)
JC433650,,9/14/2019 21:50,30,NO CONTROLS,NO CONTROLS,CLEAR,"DARKNESS, LIGHTED ROAD",REAR END,DIVIDED - W/MEDIAN (NOT RAISED),,STRAIGHT AND LEVEL,DRY,NO DEFECTS,NOT ON SCENE (DESK REPORT),NO INJURY / DRIVE AWAY,,,,"OVER $1,500",9/14/2019 22:15,FOLLOWING TOO CLOSELY,NOT APPLICABLE,6200,W,BELMONT AVE,1633,,,,,,,,,,,,,,,,21,7,9,41.93849348,-87.78119683,POINT (-87.781196827424 41.93849347975)
JC433646,,9/14/2019 21:43,30,NO CONTROLS,NO CONTROLS,CLEAR,"DARKNESS, LIGHTED ROAD",PARKED MOTOR VEHICLE,NOT DIVIDED,,STRAIGHT AND LEVEL,DRY,NO DEFECTS,NOT ON SCENE (DESK REPORT),NO INJURY / DRIVE AWAY,,,Y,"OVER $1,500",9/14/2019 22:20,UNABLE TO DETERMINE,UNABLE TO DETERMINE,917,W,MADISON ST,1232,,,,,,,2,NO INDICATION OF INJURY,0,0,0,0,0,1,0,21,7,9,41.8816125,-87.650454,POINT (-87.650454003211 41.881612502816)
JC433649,,9/14/2019 21:40,30,UNKNOWN,UNKNOWN,UNKNOWN,"DARKNESS, LIGHTED ROAD",SIDESWIPE SAME DIRECTION,DIVIDED - W/MEDIAN (NOT RAISED),,STRAIGHT AND LEVEL,UNKNOWN,UNKNOWN,NOT ON SCENE (DESK REPORT),NO INJURY / DRIVE AWAY,,,,"OVER $1,500",9/14/2019 22:01,IMPROPER OVERTAKING/PASSING,IMPROPER TURNING/NO SIGNAL,5601,S,WESTERN AVE,824,,,,,,,2,NO INDICATION OF INJURY,0,0,0,0,0,2,0,21,7,9,41.79226907,-87.68385034,POINT (-87.683850335813 41.792269067597)
JC433897,,9/14/2019 21:30,30,TRAFFIC SIGNAL,FUNCTIONING PROPERLY,UNKNOWN,UNKNOWN,TURNING,UNKNOWN INTERSECTION TYPE,,STRAIGHT AND LEVEL,UNKNOWN,UNKNOWN,NOT ON SCENE (DESK REPORT),NO INJURY / DRIVE AWAY,Y,,,"OVER $1,500",9/15/2019 3:00,"OPERATING VEHICLE IN ERRATIC, RECKLESS, CARELESS, NEGLIGENT OR AGGRESSIVE MANNER",IMPROPER LANE USAGE,615,N,WABASH AVE,1834,,,,,,,2,NO INDICATION OF INJURY,0,0,0,0,0,2,0,21,7,9,41.89304153,-87.62660417,POINT (-87.626604165393 41.893041529381)
JC433771,,9/14/2019 21:23,15,NO CONTROLS,NO CONTROLS,CLEAR,"DARKNESS, LIGHTED ROAD",REAR END,PARKING LOT,,STRAIGHT AND LEVEL,DRY,NO DEFECTS,NOT ON SCENE (DESK REPORT),NO INJURY / DRIVE AWAY,,,Y,"$501 - $1,500",9/14/2019 23:55,IMPROPER BACKING,NOT APPLICABLE,1011,S,DELANO CT E,123,,,,,,,2,NO INDICATION OF INJURY,0,0,0,0,0,3,0,21,7,9,41.86967389,-87.63236767,POINT (-87.632367670736 41.86967388968)
JC439012,,9/14/2019 21:22,35,TRAFFIC SIGNAL,FUNCTIONING PROPERLY,CLEAR,DAYLIGHT,REAR END,NOT DIVIDED,,STRAIGHT AND LEVEL,DRY,NO DEFECTS,NOT ON SCENE (DESK REPORT),NO INJURY / DRIVE AWAY,,,Y,"OVER $1,500",9/18/2019 19:43,UNABLE TO DETERMINE,NOT APPLICABLE,4200,S,PULASKI RD,815,,,,,,,2,NO INDICATION OF INJURY,0,0,0,0,0,3,0,21,7,9,41.81690171,-87.72405154,POINT (-87.724051536308 41.816901707548)
JC436028,,9/14/2019 21:18,30,NO CONTROLS,NO CONTROLS,CLEAR,DAYLIGHT,TURNING,NOT DIVIDED,,STRAIGHT AND LEVEL,UNKNOWN,UNKNOWN,NOT ON SCENE (DESK REPORT),INJURY AND / OR TOW DUE TO CRASH,,,,"OVER $1,500",9/16/2019 17:25,IMPROPER TURNING/NO SIGNAL,UNABLE TO DETERMINE,615,N,WABASH AVE,1834,,,,,,,2,NO INDICATION OF INJURY,0,0,0,0,0,2,0,21,7,9,41.89304153,-87.62660417,POINT (-87.626604165393 41.893041529381)
JC433616,Y,9/14/2019 21:14,25,NO CONTROLS,NO CONTROLS,CLEAR,DAWN,FIXED OBJECT,NOT DIVIDED,,STRAIGHT AND LEVEL,DRY,NO DEFECTS,ON SCENE,INJURY AND / OR TOW DUE TO CRASH,,Y,N,"OVER $1,500",9/14/2019 21:14,"OPERATING VEHICLE IN ERRATIC, RECKLESS, CARELESS, NEGLIGENT OR AGGRESSIVE MANNER",NOT APPLICABLE,7500,S,HOMAN AVE,835,,,,,,,1,NO INDICATION OF INJURY,0,0,0,0,0,1,0,21,7,9,41.75689152,-87.70768299,POINT (-87.707682991136 41.756891516518)
JC433602,,9/14/2019 21:05,30,NO CONTROLS,NO CONTROLS,CLEAR,DARKNESS,PARKED MOTOR VEHICLE,NOT DIVIDED,,STRAIGHT AND LEVEL,DRY,NO DEFECTS,ON SCENE,INJURY AND / OR TOW DUE TO CRASH,,,,"OVER $1,500",9/14/2019 21:05,UNABLE TO DETERMINE,UNABLE TO DETERMINE,4517,S,VINCENNES AVE,221,,,N,,,,3,INCAPACITATING INJURY,1,0,1,0,0,0,0,21,7,9,41.81258263,-87.61376866,POINT (-87.613768655298 41.812582628258)
JC433625,,9/14/2019 21:00,30,TRAFFIC SIGNAL,UNKNOWN,UNKNOWN,UNKNOWN,TURNING,FOUR WAY,,STRAIGHT AND LEVEL,UNKNOWN,UNKNOWN,NOT ON SCENE (DESK REPORT),NO INJURY / DRIVE AWAY,Y,,Y,"OVER $1,500",9/14/2019 21:30,NOT APPLICABLE,UNABLE TO DETERMINE,140,W,ONTARIO ST,1832,,,,,,,2,NO INDICATION OF INJURY,0,0,0,0,0,8,0,21,7,9,41.89331613,-87.63271569,POINT (-87.632715689553 41.893316134428)
JC433620,,9/14/2019 21:00,30,STOP SIGN/FLASHER,FUNCTIONING PROPERLY,CLEAR,"DARKNESS, LIGHTED ROAD",ANGLE,FOUR WAY,,STRAIGHT AND LEVEL,DRY,NO DEFECTS,ON SCENE,INJURY AND / OR TOW DUE TO CRASH,Y,,,"OVER $1,500",9/14/2019 21:04,FAILING TO REDUCE SPEED TO AVOID CRASH,UNABLE TO DETERMINE,10900,S,DR MARTIN LUTHER KING JR DR,513,,,,,,,2,NO INDICATION OF INJURY,0,0,0,0,0,2,0,21,7,9,41.69628248,-87.6136163,POINT (-87.613616295869 41.696282481652)
JC433585,,9/14/2019 21:00,35,UNKNOWN,UNKNOWN,CLEAR,"DARKNESS, LIGHTED ROAD",REAR END,NOT DIVIDED,,STRAIGHT AND LEVEL,DRY,UNKNOWN,ON SCENE,INJURY AND / OR TOW DUE TO CRASH,,,Y,"$501 - $1,500",9/14/2019 21:00,IMPROPER OVERTAKING/PASSING,NOT APPLICABLE,7701,S,ASHLAND AVE,612,,,,,,,2,NONINCAPACITATING INJURY,1,0,0,1,0,1,0,21,7,9,41.75390535,-87.6633772,POINT (-87.663377195692 41.753905347729)
JC446594,,9/14/2019 20:56,35,TRAFFIC SIGNAL,FUNCTIONING PROPERLY,CLEAR,"DARKNESS, LIGHTED ROAD",REAR END,NOT DIVIDED,,STRAIGHT AND LEVEL,DRY,NO DEFECTS,NOT ON SCENE (DESK REPORT),NO INJURY / DRIVE AWAY,Y,,,"OVER $1,500",9/24/2019 14:10,FOLLOWING TOO CLOSELY,UNABLE TO DETERMINE,1600,E,76TH ST,411,,,,,,,2,NO INDICATION OF INJURY,0,0,0,0,0,2,0,20,7,9,41.75705939,-87.58563502,POINT (-87.585635023779 41.757059392156)
JC433607,,9/14/2019 20:50,30,NO CONTROLS,NO CONTROLS,CLEAR,"DARKNESS, LIGHTED ROAD",PARKED MOTOR VEHICLE,DIVIDED - W/MEDIAN (NOT RAISED),,STRAIGHT AND LEVEL,DRY,NO DEFECTS,ON SCENE,INJURY AND / OR TOW DUE TO CRASH,,,,"OVER $1,500",9/14/2019 20:55,FAILING TO REDUCE SPEED TO AVOID CRASH,UNABLE TO DETERMINE,2331,S,KEDZIE AVE,1033,,,,,,,2,NO INDICATION OF INJURY,0,0,0,0,0,1,0,20,7,9,41.849048,-87.70502452,POINT (-87.705024517585 41.849047994773)
JC433603,,9/14/2019 20:50,30,TRAFFIC SIGNAL,FUNCTIONING PROPERLY,CLEAR,"DARKNESS, LIGHTED ROAD",ANGLE,UNKNOWN INTERSECTION TYPE,,STRAIGHT AND LEVEL,DRY,NO DEFECTS,,INJURY AND / OR TOW DUE TO CRASH,Y,,,"OVER $1,500",9/14/2019 20:54,UNABLE TO DETERMINE,UNABLE TO DETERMINE,9100,S,LAFAYETTE AVE,634,,,,,,,2,NONINCAPACITATING INJURY,4,0,0,4,0,3,0,20,7,9,41.72893072,-87.62538276,POINT (-87.625382756311 41.72893072336)
JC433594,,9/14/2019 20:50,30,NO CONTROLS,NO CONTROLS,CLEAR,"DARKNESS, LIGHTED ROAD",ANGLE,NOT DIVIDED,,STRAIGHT AND LEVEL,DRY,UNKNOWN,NOT ON SCENE (DESK REPORT),NO INJURY / DRIVE AWAY,,,,"OVER $1,500",9/14/2019 21:16,UNABLE TO DETERMINE,UNABLE TO DETERMINE,6000,S,RACINE AVE,713,,,,,,,2,NO INDICATION OF INJURY,0,0,0,0,0,5,0,20,7,9,41.78497101,-87.6547853,POINT (-87.654785298736 41.784971012582)
JC433587,,9/14/2019 20:45,15,NO CONTROLS,NO CONTROLS,CLEAR,DUSK,PARKED MOTOR VEHICLE,PARKING LOT,,STRAIGHT AND LEVEL,DRY,NO DEFECTS,ON SCENE,NO INJURY / DRIVE AWAY,,,Y,"OVER $1,500",9/14/2019 20:46,UNABLE TO DETERMINE,DRIVING SKILLS/KNOWLEDGE/EXPERIENCE,3943,N,HARLEM AVE,1632,,,,,,,2,NO INDICATION OF INJURY,0,0,0,0,0,1,0,20,7,9,41.95204241,-87.80709474,POINT (-87.807094742545 41.952042407433)
JC433642,,9/14/2019 20:40,30,NO CONTROLS,NO CONTROLS,CLEAR,DAYLIGHT,SIDESWIPE SAME DIRECTION,NOT DIVIDED,,STRAIGHT AND LEVEL,DRY,NO DEFECTS,NOT ON SCENE (DESK REPORT),NO INJURY / DRIVE AWAY,,,Y,"$501 - $1,500",9/14/2019 21:03,UNABLE TO DETERMINE,UNABLE TO DETERMINE,230,E,136TH PL,533,,,,,,,2,NO INDICATION OF INJURY,0,0,0,0,0,2,0,20,7,9,41.64714851,-87.61602478,POINT (-87.616024776158 41.647148505939)
JC433634,,9/14/2019 20:40,15,NO CONTROLS,NO CONTROLS,CLEAR,"DARKNESS, LIGHTED ROAD",SIDESWIPE OPPOSITE DIRECTION,NOT DIVIDED,,STRAIGHT AND LEVEL,DRY,NO DEFECTS,ON SCENE,NO INJURY / DRIVE AWAY,,,Y,"OVER $1,500",9/14/2019 20:51,IMPROPER LANE USAGE,NOT APPLICABLE,3025,N,LONG AVE,2514,,,,,,,4,NO INDICATION OF INJURY,0,0,0,0,0,2,0,20,7,9,41.93574261,-87.76134478,POINT (-87.761344776779 41.935742609353)
JC433611,,9/14/2019 20:37,30,STOP SIGN/FLASHER,FUNCTIONING PROPERLY,CLEAR,"DARKNESS, LIGHTED ROAD",TURNING,T-INTERSECTION,,STRAIGHT AND LEVEL,DRY,NO DEFECTS,ON SCENE,NO INJURY / DRIVE AWAY,Y,,Y,$500 OR LESS,9/14/2019 20:38,NOT APPLICABLE,NOT APPLICABLE,3200,S,KEDZIE AVE,1032,,,,,,,2,NO INDICATION OF INJURY,0,0,0,0,0,3,0,20,7,9,41.83517807,-87.70490856,POINT (-87.704908562627 41.835178070832)
JC433606,,9/14/2019 20:35,30,NO CONTROLS,NO CONTROLS,CLEAR,"DARKNESS, LIGHTED ROAD",ANGLE,NOT DIVIDED,,STRAIGHT AND LEVEL,DRY,NO DEFECTS,NOT ON SCENE (DESK REPORT),NO INJURY / DRIVE AWAY,,,,"OVER $1,500",9/14/2019 21:10,IMPROPER OVERTAKING/PASSING,NOT APPLICABLE,1604,N,KEDVALE AVE,2534,,,,,,,2,NO INDICATION OF INJURY,0,0,0,0,0,2,0,20,7,9,41.91003819,-87.73015158,POINT (-87.730151582434 41.910038191638)
JC435071,,9/14/2019 20:30,30,TRAFFIC SIGNAL,FUNCTIONING PROPERLY,CLEAR,"DARKNESS, LIGHTED ROAD",REAR END,DIVIDED - W/MEDIAN (NOT RAISED),,STRAIGHT AND LEVEL,DRY,NO DEFECTS,NOT ON SCENE (DESK REPORT),NO INJURY / DRIVE AWAY,Y,,,$500 OR LESS,9/16/2019 1:40,UNABLE TO DETERMINE,NOT APPLICABLE,300,W,FULLERTON PKWY,1935,,,,,,,2,NO INDICATION OF INJURY,0,0,0,0,0,2,0,20,7,9,41.92576556,-87.63665127,POINT (-87.636651273282 41.925765554709)