RD_NO,CRASH_DATE_EST_I,CRASH_DATE,POSTED_SPEED_LIMIT,TRAFFIC_CONTROL_DEVICE,DEVICE_CONDITION,WEATHER_CONDITION,LIGHTING_CONDITION,FIRST_CRASH_TYPE,TRAFFICWAY_TYPE,LANE_CNT,ALIGNMENT,ROADWAY_SURFACE_COND,ROAD_DEFECT,REPORT_TYPE,CRASH_TYPE,INTERSECTION_RELATED_I,NOT_RIGHT_OF_WAY_I,HIT_AND_RUN_I,DAMAGE,DATE_POLICE_NOTIFIED,PRIM_CONTRIBUTORY_CAUSE,SEC_CONTRIBUTORY_CAUSE,STREET_NO,STREET_DIRECTION,STREET_NAME,BEAT_OF_OCCURRENCE,PHOTOS_TAKEN_I,STATEMENTS_TAKEN_I,DOORING_I,WORK_ZONE_I,WORK_ZONE_TYPE,WORKERS_PRESENT_I,NUM_UNITS,MOST_SEVERE_INJURY,INJURIES_TOTAL,INJURIES_FATAL,INJURIES_INCAPACITATING,INJURIES_NON_INCAPACITATING,INJURIES_REPORTED_NOT_EVIDENT,INJURIES_NO_INDICATION,INJURIES_UNKNOWN,CRASH_HOUR,CRASH_DAY_OF_WEEK,CRASH_MONTH,LATITUDE,LONGITUDE,LOCATION
JC433605,,9/14/2019 20:30,30,STOP SIGN/FLASHER,FUNCTIONING IMPROPERLY,CLEAR,DARKNESS,REAR END,NOT DIVIDED,,STRAIGHT AND LEVEL,DRY,NO DEFECTS,NOT ON SCENE (DESK REPORT),NO INJURY / DRIVE AWAY,Y,,,"$501 - $1,500",9/14/2019 21:15,FAILING TO REDUCE SPEED TO AVOID CRASH,NOT APPLICABLE,2032,W,DEVON AVE,2412,,,,,,,2,NO INDICATION OF INJURY,0,0,0,0,0,2,0,20,7,9,41.99798375,-87.68142045,POINT (-87.68142044789 41.997983750252)
JC433571,,9/14/2019 20:30,30,NO CONTROLS,NO CONTROLS,CLEAR,"DARKNESS, LIGHTED ROAD",TURNING,DIVIDED - W/MEDIAN (NOT RAISED),,STRAIGHT AND LEVEL,DRY,NO DEFECTS,ON SCENE,NO INJURY / DRIVE AWAY,,,,"OVER $1,500",9/14/2019 20:35,UNABLE TO DETERMINE,UNABLE TO DETERMINE,4490,W,LAWRENCE AVE,1712,,,,,,,2,NO INDICATION OF INJURY,0,0,0,0,0,3,0,20,7,9,41.96820759,-87.74124036,POINT (-87.741240356982 41.968207592434)
JC433591,,9/14/2019 20:27,30,NO CONTROLS,NO CONTROLS,CLEAR,"DARKNESS, LIGHTED ROAD",SIDESWIPE SAME DIRECTION,NOT DIVIDED,,STRAIGHT AND LEVEL,DRY,UNKNOWN,NOT ON SCENE (DESK REPORT),NO INJURY / DRIVE AWAY,,,,"OVER $1,500",9/14/2019 21:05,UNABLE TO DETERMINE,IMPROPER LANE USAGE,42,N,HOMAN BLVD,1123,,,,,,,2,NO INDICATION OF INJURY,0,0,0,0,0,2,0,20,7,9,41.88220679,-87.71119232,POINT (-87.711192315702 41.88220678947)
JC433575,,9/14/2019 20:25,30,TRAFFIC SIGNAL,FUNCTIONING PROPERLY,CLEAR,DUSK,ANGLE,FOUR WAY,,STRAIGHT AND LEVEL,DRY,NO DEFECTS,ON SCENE,INJURY AND / OR TOW DUE TO CRASH,Y,,,"OVER $1,500",9/14/2019 20:29,FAILING TO YIELD RIGHT-OF-WAY,FAILING TO YIELD RIGHT-OF-WAY,8631,S,STONY ISLAND AVE,412,,,,,,,2,"REPORTED, NOT EVIDENT",2,0,0,0,2,2,0,20,7,9,41.73787552,-87.58507708,POINT (-87.585077076689 41.737875521284)
JC433609,,9/14/2019 20:15,30,TRAFFIC SIGNAL,UNKNOWN,CLEAR,UNKNOWN,REAR END,UNKNOWN,,STRAIGHT AND LEVEL,UNKNOWN,UNKNOWN,NOT ON SCENE (DESK REPORT),NO INJURY / DRIVE AWAY,Y,,,"OVER $1,500",9/14/2019 21:30,FOLLOWING TOO CLOSELY,NOT APPLICABLE,222,W,CERMAK RD,914,,,,,,,2,NO INDICATION OF INJURY,0,0,0,0,0,2,0,20,7,9,41.85294798,-87.63299467,POINT (-87.632994673768 41.852947982499)
JC433559,,9/14/2019 20:15,30,NO CONTROLS,NO CONTROLS,CLEAR,"DARKNESS, LIGHTED ROAD",REAR TO SIDE,ALLEY,,STRAIGHT AND LEVEL,DRY,NO DEFECTS,NOT ON SCENE (DESK REPORT),NO INJURY / DRIVE AWAY,,,,"OVER $1,500",9/14/2019 20:30,UNABLE TO DETERMINE,UNABLE TO DETERMINE,5500,S,STATE ST,225,,,,,,,2,NO INDICATION OF INJURY,0,0,0,0,0,3,0,20,7,9,41.79422529,-87.62583602,POINT (-87.625836015583 41.79422529104)
JC433546,,9/14/2019 20:12,35,TRAFFIC SIGNAL,FUNCTIONING PROPERLY,CLEAR,"DARKNESS, LIGHTED ROAD",SIDESWIPE SAME DIRECTION,NOT DIVIDED,,STRAIGHT AND LEVEL,DRY,NO DEFECTS,ON SCENE,NO INJURY / DRIVE AWAY,,,,"$501 - $1,500",9/14/2019 20:15,UNABLE TO DETERMINE,UNABLE TO DETERMINE,1950,S,CALIFORNIA AVE,1023,,,,,,,2,NO INDICATION OF INJURY,0,0,0,0,0,3,0,20,7,9,41.85470062,-87.69568831,POINT (-87.695688307514 41.854700615291)
JC434181,,9/14/2019 20:00,30,NO CONTROLS,NO CONTROLS,CLEAR,"DARKNESS, LIGHTED ROAD",SIDESWIPE SAME DIRECTION,DIVIDED - W/MEDIAN BARRIER,,"CURVE, LEVEL",DRY,NO DEFECTS,NOT ON SCENE (DESK REPORT),NO INJURY / DRIVE AWAY,,,Y,$500 OR LESS,9/15/2019 11:40,UNABLE TO DETERMINE,UNABLE TO DETERMINE,6100,S,LAKE SHORE DR,331,,,,,,,2,NO INDICATION OF INJURY,0,0,0,0,0,2,0,20,7,9,41.78402029,-87.57681873,POINT (-87.576818726635 41.784020293836)
JC433623,,9/14/2019 20:00,30,TRAFFIC SIGNAL,UNKNOWN,CLEAR,"DARKNESS, LIGHTED ROAD",TURNING,DIVIDED - W/MEDIAN (NOT RAISED),,STRAIGHT AND LEVEL,DRY,UNKNOWN,NOT ON SCENE (DESK REPORT),NO INJURY / DRIVE AWAY,,,Y,"OVER $1,500",9/14/2019 21:30,UNABLE TO DETERMINE,UNABLE TO DETERMINE,4000,W,PETERSON AVE,1711,,,,,,,2,NO INDICATION OF INJURY,0,0,0,0,0,2,0,20,7,9,41.99024419,-87.72871439,POINT (-87.728714391009 41.990244185647)
JC453157,,9/14/2019 19:45,10,OTHER,FUNCTIONING IMPROPERLY,UNKNOWN,UNKNOWN,OTHER OBJECT,PARKING LOT,,STRAIGHT AND LEVEL,UNKNOWN,UNKNOWN,NOT ON SCENE (DESK REPORT),NO INJURY / DRIVE AWAY,,,,"$501 - $1,500",9/29/2019 15:20,UNABLE TO DETERMINE,UNABLE TO DETERMINE,12600,S,TORRENCE AVE,433,,,,,,,1,NO INDICATION OF INJURY,0,0,0,0,0,1,0,19,7,9,41.66611299,-87.55900308,POINT (-87.559003080261 41.666112991211)
JC433511,,9/14/2019 19:38,30,TRAFFIC SIGNAL,FUNCTIONING PROPERLY,CLEAR,"DARKNESS, LIGHTED ROAD",REAR END,DIVIDED - W/MEDIAN (NOT RAISED),,STRAIGHT AND LEVEL,DRY,NO DEFECTS,ON SCENE,NO INJURY / DRIVE AWAY,Y,,,"$501 - $1,500",9/14/2019 19:38,FOLLOWING TOO CLOSELY,FAILING TO YIELD RIGHT-OF-WAY,2400,N,PULASKI RD,2524,,,,,,,2,NO INDICATION OF INJURY,0,0,0,0,0,2,0,19,7,9,41.92457257,-87.72691911,POINT (-87.726919111442 41.924572574169)
JC433517,,9/14/2019 19:34,30,NO CONTROLS,NO CONTROLS,CLEAR,"DARKNESS, LIGHTED ROAD",REAR END,DIVIDED - W/MEDIAN (NOT RAISED),,STRAIGHT AND LEVEL,DRY,NO DEFECTS,ON SCENE,NO INJURY / DRIVE AWAY,,,Y,"OVER $1,500",9/14/2019 19:36,FAILING TO REDUCE SPEED TO AVOID CRASH,NOT APPLICABLE,5301,S,PULASKI RD,822,,,,,,,2,NO INDICATION OF INJURY,0,0,0,0,0,3,0,19,7,9,41.7967591,-87.7231159,POINT (-87.723115903434 41.79675909896)
JC436048,,9/14/2019 19:30,30,NO CONTROLS,NO CONTROLS,CLEAR,DARKNESS,PEDALCYCLIST,NOT DIVIDED,,STRAIGHT AND LEVEL,DRY,NO DEFECTS,NOT ON SCENE (DESK REPORT),NO INJURY / DRIVE AWAY,,,Y,$500 OR LESS,9/16/2019 17:25,UNABLE TO DETERMINE,UNABLE TO DETERMINE,1332,N,HALSTED ST,1822,,,,,,,2,NO INDICATION OF INJURY,0,0,0,0,0,2,0,19,7,9,41.90603827,-87.64829172,POINT (-87.648291718529 41.90603826468)
JC433531,,9/14/2019 19:30,30,NO CONTROLS,NO CONTROLS,CLEAR,"DARKNESS, LIGHTED ROAD",REAR END,NOT DIVIDED,,STRAIGHT AND LEVEL,DRY,NO DEFECTS,NOT ON SCENE (DESK REPORT),NO INJURY / DRIVE AWAY,,,,"OVER $1,500",9/14/2019 20:00,FOLLOWING TOO CLOSELY,NOT APPLICABLE,5098,W,GRAND AVE,2533,,,,,,,2,NO INDICATION OF INJURY,0,0,0,0,0,3,0,19,7,9,41.91693092,-87.7532812,POINT (-87.75328120149 41.91693091928)
JC433510,,9/14/2019 19:25,30,TRAFFIC SIGNAL,FUNCTIONING PROPERLY,CLEAR,DUSK,REAR END,NOT DIVIDED,,STRAIGHT AND LEVEL,DRY,NO DEFECTS,NOT ON SCENE (DESK REPORT),INJURY AND / OR TOW DUE TO CRASH,Y,,Y,"OVER $1,500",9/14/2019 19:50,FOLLOWING TOO CLOSELY,FAILING TO REDUCE SPEED TO AVOID CRASH,1600,N,DAMEN AVE,1434,,,,,,,3,"REPORTED, NOT EVIDENT",1,0,0,0,1,6,0,19,7,9,41.91058842,-87.67764382,POINT (-87.677643820277 41.91058842145)
JC433503,,9/14/2019 19:20,30,TRAFFIC SIGNAL,FUNCTIONING PROPERLY,CLEAR,"DARKNESS, LIGHTED ROAD",REAR END,DIVIDED - W/MEDIAN (NOT RAISED),,STRAIGHT AND LEVEL,DRY,NO DEFECTS,ON SCENE,INJURY AND / OR TOW DUE TO CRASH,,,Y,"OVER $1,500",9/14/2019 19:21,UNABLE TO DETERMINE,UNABLE TO DETERMINE,5997,N,RIDGE AVE,2012,,,,,,,3,NO INDICATION OF INJURY,0,0,0,0,0,4,0,19,7,9,41.9908132,-87.67195144,POINT (-87.671951437672 41.990813201557)
JC433491,Y,9/14/2019 19:17,30,NO CONTROLS,NO CONTROLS,CLEAR,DUSK,TURNING,NOT DIVIDED,,STRAIGHT AND LEVEL,DRY,NO DEFECTS,ON SCENE,INJURY AND / OR TOW DUE TO CRASH,,,,"OVER $1,500",9/14/2019 19:25,IMPROPER TURNING/NO SIGNAL,FAILING TO YIELD RIGHT-OF-WAY,4445,W,FIFTH AVE,1131,,,,,,,2,NONINCAPACITATING INJURY,1,0,0,1,0,1,0,19,7,9,41.86973751,-87.73672007,POINT (-87.736720073277 41.869737506015)
JC433528,,9/14/2019 19:08,30,TRAFFIC SIGNAL,FUNCTIONING PROPERLY,CLEAR,DUSK,TURNING,NOT DIVIDED,,STRAIGHT AND LEVEL,DRY,NO DEFECTS,,INJURY AND / OR TOW DUE TO CRASH,Y,,,"OVER $1,500",9/14/2019 19:18,DISREGARDING TRAFFIC SIGNALS,UNABLE TO DETERMINE,3100,S,ASHLAND AVE,912,,,,,,,2,NO INDICATION OF INJURY,0,0,0,0,0,2,0,19,7,9,41.83762234,-87.66588718,POINT (-87.665887180546 41.837622344158)
JC440361,,9/14/2019 19:00,30,NO CONTROLS,NO CONTROLS,CLEAR,"DARKNESS, LIGHTED ROAD",SIDESWIPE SAME DIRECTION,NOT DIVIDED,,STRAIGHT AND LEVEL,DRY,NO DEFECTS,NOT ON SCENE (DESK REPORT),NO INJURY / DRIVE AWAY,,,,"$501 - $1,500",9/19/2019 19:45,IMPROPER OVERTAKING/PASSING,FAILING TO REDUCE SPEED TO AVOID CRASH,1930,W,FULLERTON AVE,1432,,,,,,,2,NO INDICATION OF INJURY,0,0,0,0,0,2,0,19,7,9,41.92514643,-87.67707581,POINT (-87.677075808797 41.925146427395)
JC434543,,9/14/2019 19:00,35,NO CONTROLS,NO CONTROLS,CLEAR,DUSK,PARKED MOTOR VEHICLE,ONE-WAY,,STRAIGHT AND LEVEL,DRY,NO DEFECTS,NOT ON SCENE (DESK REPORT),NO INJURY / DRIVE AWAY,,,Y,"OVER $1,500",9/15/2019 17:00,NOT APPLICABLE,NOT APPLICABLE,8321,S,CONSTANCE AVE,412,,,,,,,2,NO INDICATION OF INJURY,0,0,0,0,0,1,0,19,7,9,41.74362756,-87.57933025,POINT (-87.579330252431 41.743627556781)
JC434453,,9/14/2019 19:00,30,NO CONTROLS,NO CONTROLS,UNKNOWN,UNKNOWN,PARKED MOTOR VEHICLE,NOT DIVIDED,,STRAIGHT AND LEVEL,UNKNOWN,UNKNOWN,NOT ON SCENE (DESK REPORT),NO INJURY / DRIVE AWAY,,,Y,"$501 - $1,500",9/15/2019 15:46,UNABLE TO DETERMINE,UNABLE TO DETERMINE,104,E,46TH ST,215,,,,,,,2,NO INDICATION OF INJURY,0,0,0,0,0,1,0,19,7,9,41.81121278,-87.62271591,POINT (-87.622715904997 41.811212782955)
JC433522,,9/14/2019 19:00,20,NO CONTROLS,NO CONTROLS,CLEAR,DAWN,PARKED MOTOR VEHICLE,ONE-WAY,,STRAIGHT AND LEVEL,DRY,NO DEFECTS,ON SCENE,NO INJURY / DRIVE AWAY,,,N,"OVER $1,500",9/14/2019 19:10,UNABLE TO DETERMINE,NOT APPLICABLE,1704,N,MENARD AVE,2531,,,,,,,2,NO INDICATION OF INJURY,0,0,0,0,0,1,0,19,7,9,41.91132831,-87.77049698,POINT (-87.770496981912 41.9113283125)
JC433478,,9/14/2019 19:00,30,NO CONTROLS,NO CONTROLS,CLEAR,DUSK,PARKED MOTOR VEHICLE,NOT DIVIDED,,STRAIGHT AND LEVEL,DRY,NO DEFECTS,NOT ON SCENE (DESK REPORT),NO INJURY / DRIVE AWAY,,,Y,"OVER $1,500",9/14/2019 19:16,UNABLE TO DETERMINE,UNABLE TO DETERMINE,1600,S,PRAIRIE AVE,132,,,,,,,2,NO INDICATION OF INJURY,0,0,0,0,0,1,0,19,7,9,41.86017041,-87.62097159,POINT (-87.620971591694 41.86017040462)
JC433490,,9/14/2019 18:59,35,TRAFFIC SIGNAL,FUNCTIONING PROPERLY,CLEAR,DUSK,ANGLE,"FIVE POINT, OR MORE",,STRAIGHT AND LEVEL,DRY,NO DEFECTS,ON SCENE,INJURY AND / OR TOW DUE TO CRASH,Y,,,"OVER $1,500",9/14/2019 18:59,"OPERATING VEHICLE IN ERRATIC, RECKLESS, CARELESS, NEGLIGENT OR AGGRESSIVE MANNER",NOT APPLICABLE,500,S,KOSTNER AVE,1131,,,,,,,3,NONINCAPACITATING INJURY,6,0,0,1,5,1,0,18,7,9,41.87421106,-87.73538709,POINT (-87.735387089165 41.874211054858)
JC433505,,9/14/2019 18:53,30,STOP SIGN/FLASHER,NO CONTROLS,CLEAR,DAYLIGHT,ANGLE,NOT DIVIDED,,STRAIGHT AND LEVEL,DRY,UNKNOWN,NOT ON SCENE (DESK REPORT),NO INJURY / DRIVE AWAY,Y,,,"OVER $1,500",9/14/2019 19:48,UNABLE TO DETERMINE,UNABLE TO DETERMINE,3700,S,WELLS ST,915,,,,,,,2,NO INDICATION OF INJURY,0,0,0,0,0,2,0,18,7,9,41.82717413,-87.63269525,POINT (-87.63269524483 41.827174131163)
JC433600,,9/14/2019 18:45,30,NO CONTROLS,NO CONTROLS,CLEAR,DUSK,ANGLE,PARKING LOT,,STRAIGHT AND LEVEL,DRY,NO DEFECTS,NOT ON SCENE (DESK REPORT),NO INJURY / DRIVE AWAY,,,,"OVER $1,500",9/14/2019 21:10,UNABLE TO DETERMINE,UNABLE TO DETERMINE,2000,E,HAYES DR,331,,,,,,,2,NO INDICATION OF INJURY,0,0,0,0,0,2,0,18,7,9,41.78050324,-87.57754788,POINT (-87.577547876387 41.780503235854)
JC433469,,9/14/2019 18:45,30,NO CONTROLS,NO CONTROLS,CLEAR,DAYLIGHT,REAR END,NOT DIVIDED,,STRAIGHT AND LEVEL,DRY,NO DEFECTS,NOT ON SCENE (DESK REPORT),NO INJURY / DRIVE AWAY,,,Y,"OVER $1,500",9/14/2019 19:05,UNABLE TO DETERMINE,UNABLE TO DETERMINE,4400,W,MADISON ST,1113,,,,,,,2,NO INDICATION OF INJURY,0,0,0,0,0,2,0,18,7,9,41.88071896,-87.73560061,POINT (-87.735600609006 41.880718957876)
JC438518,,9/14/2019 18:35,30,NO CONTROLS,NO CONTROLS,CLEAR,DAYLIGHT,REAR END,ONE-WAY,,STRAIGHT AND LEVEL,DRY,NO DEFECTS,NOT ON SCENE (DESK REPORT),NO INJURY / DRIVE AWAY,,,,"OVER $1,500",9/18/2019 14:05,UNABLE TO DETERMINE,UNABLE TO DETERMINE,705,W,ADAMS ST,121,,,,,,,2,NO INDICATION OF INJURY,0,0,0,0,0,2,0,18,7,9,41.8791457,-87.64428476,POINT (-87.644284758129 41.879145697721)
JC433639,,9/14/2019 18:30,30,NO CONTROLS,NO CONTROLS,CLEAR,DAYLIGHT,PARKED MOTOR VEHICLE,PARKING LOT,,STRAIGHT AND LEVEL,DRY,NO DEFECTS,NOT ON SCENE (DESK REPORT),NO INJURY / DRIVE AWAY,,,Y,"OVER $1,500",9/14/2019 21:50,UNABLE TO DETERMINE,NOT APPLICABLE,1450,N,CICERO AVE,2533,,,,,,,2,NO INDICATION OF INJURY,0,0,0,0,0,1,0,18,7,9,41.90748816,-87.74620489,POINT (-87.746204886363 41.907488159553)
JC434295,,9/14/2019 18:15,30,NO CONTROLS,NO CONTROLS,CLEAR,DAYLIGHT,PARKED MOTOR VEHICLE,ONE-WAY,,STRAIGHT AND LEVEL,DRY,NO DEFECTS,NOT ON SCENE (DESK REPORT),NO INJURY / DRIVE AWAY,,,Y,"$501 - $1,500",9/15/2019 13:15,UNABLE TO DETERMINE,UNABLE TO DETERMINE,79,E,CHESTNUT ST,1833,,,,,,,2,NO INDICATION OF INJURY,0,0,0,0,0,1,0,18,7,9,41.89825512,-87.62563157,POINT (-87.625631573698 41.898255123294)
JC434059,,9/14/2019 18:15,30,TRAFFIC SIGNAL,FUNCTIONING PROPERLY,CLEAR,DAYLIGHT,REAR END,CENTER TURN LANE,,STRAIGHT AND LEVEL,DRY,NO DEFECTS,NOT ON SCENE (DESK REPORT),NO INJURY / DRIVE AWAY,Y,,,$500 OR LESS,9/15/2019 8:50,FAILING TO REDUCE SPEED TO AVOID CRASH,NOT APPLICABLE,10001,S,PULASKI RD,2211,,,,,,,2,NO INDICATION OF INJURY,0,0,0,0,0,2,0,18,7,9,41.71125823,-87.72093947,POINT (-87.720939473403 41.711258232205)
JC433441,,9/14/2019 18:10,35,NO CONTROLS,NO CONTROLS,CLEAR,DAYLIGHT,REAR END,NOT DIVIDED,,STRAIGHT AND LEVEL,DRY,NO DEFECTS,ON SCENE,INJURY AND / OR TOW DUE TO CRASH,,,Y,"OVER $1,500",9/14/2019 18:14,FAILING TO REDUCE SPEED TO AVOID CRASH,UNABLE TO DETERMINE,1503,W,51ST ST,934,,,,,,,2,NO INDICATION OF INJURY,0,0,0,0,0,2,0,18,7,9,41.80123832,-87.66249579,POINT (-87.662495789607 41.80123832232)
JC433450,,9/14/2019 18:06,30,STOP SIGN/FLASHER,FUNCTIONING PROPERLY,CLEAR,DAYLIGHT,REAR END,ONE-WAY,,STRAIGHT AND LEVEL,DRY,NO DEFECTS,NOT ON SCENE (DESK REPORT),NO INJURY / DRIVE AWAY,,,,"OVER $1,500",9/14/2019 18:20,FAILING TO YIELD RIGHT-OF-WAY,UNABLE TO DETERMINE,4658,S,LA SALLE ST,215,,,,,,,2,NO INDICATION OF INJURY,0,0,0,0,0,4,0,18,7,9,,,
JC439988,,9/14/2019 18:00,30,NO CONTROLS,NO CONTROLS,CLEAR,DAYLIGHT,REAR END,NOT DIVIDED,,STRAIGHT AND LEVEL,DRY,NO DEFECTS,NOT ON SCENE (DESK REPORT),NO INJURY / DRIVE AWAY,,,,"$501 - $1,500",9/19/2019 15:45,UNABLE TO DETERMINE,UNABLE TO DETERMINE,2208,W,ADDISON ST,1921,,,,,,,2,NO INDICATION OF INJURY,0,0,0,0,0,6,0,18,7,9,41.94690378,-87.68380567,POINT (-87.683805667363 41.94690378)
JC434697,,9/14/2019 18:00,35,TRAFFIC SIGNAL,FUNCTIONING PROPERLY,CLEAR,DUSK,REAR END,OTHER,,STRAIGHT AND LEVEL,DRY,OTHER,NOT ON SCENE (DESK REPORT),NO INJURY / DRIVE AWAY,,,Y,"OVER $1,500",9/15/2019 19:00,NOT APPLICABLE,UNABLE TO DETERMINE,1600,E,83RD ST,411,,,,,,,3,NO INDICATION OF INJURY,0,0,0,0,0,3,0,18,7,9,41.74431588,-87.58531604,POINT (-87.585316041255 41.744315874645)
JC433819,,9/14/2019 18:00,10,NO CONTROLS,NO CONTROLS,CLEAR,DARKNESS,PARKED MOTOR VEHICLE,NOT DIVIDED,,STRAIGHT AND LEVEL,DRY,NO DEFECTS,NOT ON SCENE (DESK REPORT),NO INJURY / DRIVE AWAY,,,Y,"OVER $1,500",9/15/2019 1:28,UNABLE TO DETERMINE,UNABLE TO DETERMINE,4154,W,83RD ST,834,,,,,,,2,NO INDICATION OF INJURY,0,0,0,0,0,1,0,18,7,9,41.74221164,-87.72613334,POINT (-87.726133337751 41.74221164031)
JC433448,,9/14/2019 18:00,30,TRAFFIC SIGNAL,FUNCTIONING PROPERLY,CLEAR,DAYLIGHT,REAR END,DIVIDED - W/MEDIAN BARRIER,,STRAIGHT AND LEVEL,DRY,NO DEFECTS,NOT ON SCENE (DESK REPORT),NO INJURY / DRIVE AWAY,,,,"OVER $1,500",9/14/2019 18:30,FOLLOWING TOO CLOSELY,UNABLE TO DETERMINE,1201,S,COLUMBUS DR,132,,,,,,,2,NO INDICATION OF INJURY,0,0,0,0,0,2,0,18,7,9,41.86747078,-87.62021906,POINT (-87.620219059938 41.867470775841)
JC433433,,9/14/2019 18:00,35,NO CONTROLS,NO CONTROLS,CLEAR,DAYLIGHT,SIDESWIPE SAME DIRECTION,ONE-WAY,,STRAIGHT AND LEVEL,DRY,NO DEFECTS,ON SCENE,INJURY AND / OR TOW DUE TO CRASH,,,,"OVER $1,500",9/14/2019 18:04,DRIVING SKILLS/KNOWLEDGE/EXPERIENCE,NOT APPLICABLE,9100,S,LAFAYETTE AVE,634,,,,,,,2,NO INDICATION OF INJURY,0,0,0,0,0,2,0,18,7,9,41.72893072,-87.62538276,POINT (-87.625382756311 41.72893072336)
JC433427,,9/14/2019 17:55,30,NO CONTROLS,NO CONTROLS,CLEAR,DAYLIGHT,TURNING,NOT DIVIDED,,STRAIGHT AND LEVEL,DRY,NO DEFECTS,ON SCENE,INJURY AND / OR TOW DUE TO CRASH,,,,"OVER $1,500",9/14/2019 18:04,IMPROPER TURNING/NO SIGNAL,UNABLE TO DETERMINE,430,S,HALSTED ST,1232,,,,,,,2,NONINCAPACITATING INJURY,1,0,0,1,0,4,0,17,7,9,41.87577134,-87.64732107,POINT (-87.647321069668 41.875771336631)
JC434284,,9/14/2019 17:50,30,TRAFFIC SIGNAL,FUNCTIONING PROPERLY,CLEAR,DAYLIGHT,REAR END,DIVIDED - W/MEDIAN (NOT RAISED),,STRAIGHT AND LEVEL,DRY,NO DEFECTS,NOT ON SCENE (DESK REPORT),NO INJURY / DRIVE AWAY,Y,,,"OVER $1,500",9/15/2019 13:00,UNABLE TO DETERMINE,UNABLE TO DETERMINE,4000,W,87TH ST,834,,,,,,,2,NO INDICATION OF INJURY,0,0,0,0,0,2,0,17,7,9,41.73496838,-87.7215025,POINT (-87.721502496527 41.73496837587)
JC433446,,9/14/2019 17:45,15,NO CONTROLS,NO CONTROLS,CLEAR,DARKNESS,PARKED MOTOR VEHICLE,ONE-WAY,,STRAIGHT AND LEVEL,DRY,NO DEFECTS,NOT ON SCENE (DESK REPORT),NO INJURY / DRIVE AWAY,,,Y,"$501 - $1,500",9/14/2019 18:25,UNABLE TO DETERMINE,NOT APPLICABLE,5054,W,ERIE ST,1532,,,,,,,2,NO INDICATION OF INJURY,0,0,0,0,0,1,0,17,7,9,41.89231609,-87.75278246,POINT (-87.752782463863 41.892316090041)
JC433404,,9/14/2019 17:45,10,NO CONTROLS,NO CONTROLS,CLEAR,DAYLIGHT,SIDESWIPE OPPOSITE DIRECTION,ONE-WAY,,STRAIGHT AND LEVEL,DRY,NO DEFECTS,ON SCENE,NO INJURY / DRIVE AWAY,,,,$500 OR LESS,9/14/2019 17:46,IMPROPER BACKING,NOT APPLICABLE,4011,N,HERMITAGE AVE,1912,,,,,,,2,NO INDICATION OF INJURY,0,0,0,0,0,2,0,17,7,9,41.95462604,-87.67206869,POINT (-87.672068684559 41.954626041763)
JC433460,,9/14/2019 17:40,30,NO CONTROLS,NO CONTROLS,CLEAR,DAYLIGHT,REAR END,NOT DIVIDED,,STRAIGHT AND LEVEL,DRY,NO DEFECTS,NOT ON SCENE (DESK REPORT),NO INJURY / DRIVE AWAY,,,,"$501 - $1,500",9/14/2019 18:57,UNABLE TO DETERMINE,UNABLE TO DETERMINE,2399,N,LAKE SHORE DR SB,1814,,,,,,,2,NO INDICATION OF INJURY,0,0,0,0,0,2,0,17,7,9,41.92604907,-87.63117684,POINT (-87.63117683575 41.926049072924)
JC433429,,9/14/2019 17:38,30,STOP SIGN/FLASHER,FUNCTIONING PROPERLY,CLEAR,DAYLIGHT,TURNING,DIVIDED - W/MEDIAN (NOT RAISED),,STRAIGHT AND LEVEL,DRY,NO DEFECTS,NOT ON SCENE (DESK REPORT),NO INJURY / DRIVE AWAY,Y,,,"$501 - $1,500",9/14/2019 18:05,FAILING TO YIELD RIGHT-OF-WAY,UNABLE TO DETERMINE,3940,W,MONTROSE AVE,1723,,,,,,,2,NO INDICATION OF INJURY,0,0,0,0,0,4,0,17,7,9,41.96106644,-87.72706146,POINT (-87.727061457072 41.961066439962)
JC433439,,9/14/2019 17:35,25,NO CONTROLS,NO CONTROLS,CLEAR,DAYLIGHT,REAR TO FRONT,NOT DIVIDED,,STRAIGHT AND LEVEL,DRY,NO DEFECTS,NOT ON SCENE (DESK REPORT),NO INJURY / DRIVE AWAY,,,,"OVER $1,500",9/14/2019 18:27,IMPROPER BACKING,NOT APPLICABLE,2200,S,MICHIGAN AVE,131,,,,,,,2,NO INDICATION OF INJURY,0,0,0,0,0,2,0,17,7,9,41.85277372,-87.62395241,POINT (-87.62395241303 41.852773715173)
JC433411,,9/14/2019 17:35,30,NO CONTROLS,NO CONTROLS,CLEAR,DAYLIGHT,REAR END,NOT DIVIDED,,STRAIGHT AND LEVEL,DRY,UNKNOWN,ON SCENE,NO INJURY / DRIVE AWAY,,,,$500 OR LESS,9/14/2019 17:40,"VISION OBSCURED (SIGNS, TREE LIMBS, BUILDINGS, ETC.)",UNABLE TO DETERMINE,1944,W,FOSTER AVE,2012,,,,,,,2,NO INDICATION OF INJURY,0,0,0,0,0,2,0,17,7,9,41.97616068,-87.67820391,POINT (-87.678203905267 41.976160675564)