RD_NO,CRASH_DATE_EST_I,CRASH_DATE,POSTED_SPEED_LIMIT,TRAFFIC_CONTROL_DEVICE,DEVICE_CONDITION,WEATHER_CONDITION,LIGHTING_CONDITION,FIRST_CRASH_TYPE,TRAFFICWAY_TYPE,LANE_CNT,ALIGNMENT,ROADWAY_SURFACE_COND,ROAD_DEFECT,REPORT_TYPE,CRASH_TYPE,INTERSECTION_RELATED_I,NOT_RIGHT_OF_WAY_I,HIT_AND_RUN_I,DAMAGE,DATE_POLICE_NOTIFIED,PRIM_CONTRIBUTORY_CAUSE,SEC_CONTRIBUTORY_CAUSE,STREET_NO,STREET_DIRECTION,STREET_NAME,BEAT_OF_OCCURRENCE,PHOTOS_TAKEN_I,STATEMENTS_TAKEN_I,DOORING_I,WORK_ZONE_I,WORK_ZONE_TYPE,WORKERS_PRESENT_I,NUM_UNITS,MOST_SEVERE_INJURY,INJURIES_TOTAL,INJURIES_FATAL,INJURIES_INCAPACITATING,INJURIES_NON_INCAPACITATING,INJURIES_REPORTED_NOT_EVIDENT,INJURIES_NO_INDICATION,INJURIES_UNKNOWN,CRASH_HOUR,CRASH_DAY_OF_WEEK,CRASH_MONTH,LATITUDE,LONGITUDE,LOCATION
JC437538,,9/14/2019 17:30,30,TRAFFIC SIGNAL,FUNCTIONING PROPERLY,CLEAR,DAYLIGHT,PEDALCYCLIST,NOT DIVIDED,,STRAIGHT AND LEVEL,DRY,NO DEFECTS,NOT ON SCENE (DESK REPORT),INJURY AND / OR TOW DUE TO CRASH,,,,$500 OR LESS,9/17/2019 18:06,UNABLE TO DETERMINE,NOT APPLICABLE,3201,W,ARMITAGE AVE,1421,,,,,,,2,INCAPACITATING INJURY,1,0,1,0,0,1,0,17,7,9,41.9172915,-87.7070516,POINT (-87.707051601495 41.917291495646)
JC437529,Y,9/14/2019 17:30,30,NO CONTROLS,NO CONTROLS,CLEAR,DAYLIGHT,ANGLE,NOT DIVIDED,,STRAIGHT AND LEVEL,DRY,NO DEFECTS,NOT ON SCENE (DESK REPORT),NO INJURY / DRIVE AWAY,,,Y,"$501 - $1,500",9/17/2019 18:00,FAILING TO YIELD RIGHT-OF-WAY,UNABLE TO DETERMINE,4750,W,ADDISON ST,1731,,,,,,,2,NO INDICATION OF INJURY,0,0,0,0,0,2,0,17,7,9,41.94624211,-87.74659137,POINT (-87.746591370802 41.946242107625)
JC433534,Y,9/14/2019 17:30,30,TRAFFIC SIGNAL,FUNCTIONING PROPERLY,CLEAR,DAYLIGHT,SIDESWIPE SAME DIRECTION,FOUR WAY,,STRAIGHT AND LEVEL,DRY,NO DEFECTS,ON SCENE,NO INJURY / DRIVE AWAY,,,Y,"OVER $1,500",9/14/2019 18:48,IMPROPER OVERTAKING/PASSING,IMPROPER OVERTAKING/PASSING,6100,S,CORNELL DR,331,,,,,,,2,NO INDICATION OF INJURY,0,0,0,0,0,6,0,17,7,9,41.78411934,-87.58479606,POINT (-87.584796062408 41.784119343082)
JC433395,,9/14/2019 17:30,30,NO CONTROLS,NO CONTROLS,CLEAR,DAYLIGHT,REAR TO SIDE,ONE-WAY,,STRAIGHT AND LEVEL,DRY,NO DEFECTS,NOT ON SCENE (DESK REPORT),NO INJURY / DRIVE AWAY,,N,,"OVER $1,500",9/14/2019 17:49,IMPROPER BACKING,NOT APPLICABLE,33,S,DESPLAINES ST,121,,,,,,,2,NO INDICATION OF INJURY,0,0,0,0,0,2,0,17,7,9,41.88078079,-87.64394223,POINT (-87.6439422298 41.880780788746)
JC433396,,9/14/2019 17:29,25,NO CONTROLS,NO CONTROLS,CLEAR,DAYLIGHT,FIXED OBJECT,DIVIDED - W/MEDIAN BARRIER,,STRAIGHT AND LEVEL,DRY,NO DEFECTS,ON SCENE,INJURY AND / OR TOW DUE TO CRASH,,,,"OVER $1,500",9/14/2019 17:29,UNABLE TO DETERMINE,UNABLE TO DETERMINE,241,N,WABASH AVE,111,,,,,,,1,INCAPACITATING INJURY,1,0,1,0,0,0,0,17,7,9,41.88680859,-87.62619649,POINT (-87.62619648463 41.886808588754)
JC433431,,9/14/2019 17:20,30,NO CONTROLS,NO CONTROLS,CLEAR,DAYLIGHT,SIDESWIPE SAME DIRECTION,DIVIDED - W/MEDIAN (NOT RAISED),,STRAIGHT AND LEVEL,DRY,NO DEFECTS,,NO INJURY / DRIVE AWAY,,,Y,"$501 - $1,500",9/14/2019 18:16,FOLLOWING TOO CLOSELY,NOT APPLICABLE,8530,S,PULASKI RD,834,,,,,,,1,NO INDICATION OF INJURY,0,0,0,0,0,1,0,17,7,9,41.73755744,-87.72167338,POINT (-87.721673381612 41.737557439138)
JC433390,,9/14/2019 17:20,35,NO CONTROLS,NO CONTROLS,CLEAR,DAYLIGHT,SIDESWIPE SAME DIRECTION,NOT DIVIDED,,STRAIGHT AND LEVEL,DRY,NO DEFECTS,ON SCENE,NO INJURY / DRIVE AWAY,,,Y,$500 OR LESS,9/14/2019 17:23,UNABLE TO DETERMINE,UNABLE TO DETERMINE,3137,S,CALIFORNIA AVE,1034,,,,,,,2,NO INDICATION OF INJURY,0,0,0,0,0,2,0,17,7,9,41.83580619,-87.69483984,POINT (-87.69483983624 41.835806193504)
JC433386,,9/14/2019 17:16,30,TRAFFIC SIGNAL,FUNCTIONING IMPROPERLY,CLEAR,DAYLIGHT,TURNING,DIVIDED - W/MEDIAN (NOT RAISED),,STRAIGHT AND LEVEL,DRY,NO DEFECTS,ON SCENE,INJURY AND / OR TOW DUE TO CRASH,Y,,,"OVER $1,500",9/14/2019 17:17,UNABLE TO DETERMINE,UNABLE TO DETERMINE,3454,S,ASHLAND AVE,912,,,,,,,2,"REPORTED, NOT EVIDENT",1,0,0,0,1,1,0,17,7,9,41.83070547,-87.66572004,POINT (-87.665720043943 41.83070546622)
JC433379,,9/14/2019 17:15,30,NO CONTROLS,NO CONTROLS,CLEAR,DAYLIGHT,SIDESWIPE SAME DIRECTION,DIVIDED - W/MEDIAN (NOT RAISED),,STRAIGHT AND LEVEL,DRY,NO DEFECTS,ON SCENE,INJURY AND / OR TOW DUE TO CRASH,,,,"OVER $1,500",9/14/2019 17:24,UNABLE TO DETERMINE,NOT APPLICABLE,412,N,DESPLAINES ST,1214,,,,,,,2,NO INDICATION OF INJURY,0,0,0,0,0,2,0,17,7,9,41.88936001,-87.64448846,POINT (-87.644488457413 41.889360014282)
JC433416,,9/14/2019 17:10,30,NO CONTROLS,NO CONTROLS,CLEAR,DAYLIGHT,PARKED MOTOR VEHICLE,ONE-WAY,,STRAIGHT AND LEVEL,DRY,NO DEFECTS,ON SCENE,NO INJURY / DRIVE AWAY,,,Y,"$501 - $1,500",9/14/2019 17:56,UNABLE TO DETERMINE,NOT APPLICABLE,5741,S,ARTESIAN AVE,824,,,,,,,2,NO INDICATION OF INJURY,0,0,0,0,0,1,0,17,7,9,41.78897272,-87.68497822,POINT (-87.684978216321 41.788972716602)
JC435881,,9/14/2019 17:08,25,NO CONTROLS,NO CONTROLS,CLEAR,DAYLIGHT,SIDESWIPE SAME DIRECTION,NOT DIVIDED,,STRAIGHT AND LEVEL,DRY,NO DEFECTS,NOT ON SCENE (DESK REPORT),NO INJURY / DRIVE AWAY,,,Y,"OVER $1,500",9/16/2019 16:05,UNABLE TO DETERMINE,NOT APPLICABLE,7331,W,SCHOOL ST,1631,,,,,,,2,NO INDICATION OF INJURY,0,0,0,0,0,2,0,17,7,9,41.93963175,-87.81037375,POINT (-87.810373748977 41.939631750003)
JC433383,,9/14/2019 17:01,25,TRAFFIC SIGNAL,FUNCTIONING PROPERLY,CLEAR,DAYLIGHT,TURNING,FOUR WAY,,STRAIGHT AND LEVEL,DRY,NO DEFECTS,ON SCENE,NO INJURY / DRIVE AWAY,Y,,Y,"$501 - $1,500",9/14/2019 17:20,UNABLE TO DETERMINE,NOT APPLICABLE,2800,W,LAKE ST,1222,,,,,,,2,NO INDICATION OF INJURY,0,0,0,0,0,3,0,17,7,9,41.88435148,-87.69644256,POINT (-87.696442561207 41.884351478339)
JC433355,,9/14/2019 16:46,30,TRAFFIC SIGNAL,FUNCTIONING PROPERLY,CLEAR,DAYLIGHT,SIDESWIPE SAME DIRECTION,CENTER TURN LANE,,STRAIGHT AND LEVEL,DRY,NO DEFECTS,ON SCENE,INJURY AND / OR TOW DUE TO CRASH,N,,Y,"$501 - $1,500",9/14/2019 16:54,IMPROPER OVERTAKING/PASSING,FAILING TO YIELD RIGHT-OF-WAY,601,S,ASHLAND AVE,1231,,,,,,,2,NO INDICATION OF INJURY,0,0,0,0,0,2,0,16,7,9,41.87413753,-87.66645041,POINT (-87.666450406934 41.874137526599)
JC433394,,9/14/2019 16:45,30,NO CONTROLS,NO CONTROLS,CLEAR,DAYLIGHT,REAR END,NOT DIVIDED,,STRAIGHT AND LEVEL,DRY,NO DEFECTS,NOT ON SCENE (DESK REPORT),NO INJURY / DRIVE AWAY,,,,"$501 - $1,500",9/14/2019 17:44,NOT APPLICABLE,NOT APPLICABLE,7800,S,HOMAN AVE,835,,,,,,,2,NO INDICATION OF INJURY,0,0,0,0,0,3,0,16,7,9,41.75145915,-87.70747518,POINT (-87.70747517523 41.751459148564)
JC433371,,9/14/2019 16:45,30,TRAFFIC SIGNAL,FUNCTIONING PROPERLY,CLEAR,DAYLIGHT,ANGLE,NOT DIVIDED,,STRAIGHT AND LEVEL,DRY,NO DEFECTS,ON SCENE,NO INJURY / DRIVE AWAY,,,Y,"OVER $1,500",9/14/2019 16:59,DISREGARDING TRAFFIC SIGNALS,NOT APPLICABLE,2000,S,UNION AVE,1235,,,,,,,2,NO INDICATION OF INJURY,0,0,0,0,0,4,0,16,7,9,41.85543136,-87.64390798,POINT (-87.643907975457 41.85543135547)
JC433367,,9/14/2019 16:45,30,NO CONTROLS,NO CONTROLS,CLEAR,DAYLIGHT,SIDESWIPE SAME DIRECTION,NOT DIVIDED,,STRAIGHT AND LEVEL,DRY,NO DEFECTS,NOT ON SCENE (DESK REPORT),NO INJURY / DRIVE AWAY,,,,"OVER $1,500",9/14/2019 17:15,UNABLE TO DETERMINE,UNABLE TO DETERMINE,5215,N,NAGLE AVE,1622,,,,,,,2,NO INDICATION OF INJURY,0,0,0,0,0,3,0,16,7,9,41.97625213,-87.78771416,POINT (-87.787714158077 41.97625213242)
JC433350,,9/14/2019 16:45,30,NO CONTROLS,NO CONTROLS,CLEAR,DAYLIGHT,REAR END,DIVIDED - W/MEDIAN (NOT RAISED),,STRAIGHT AND LEVEL,DRY,NO DEFECTS,NOT ON SCENE (DESK REPORT),INJURY AND / OR TOW DUE TO CRASH,,,,"OVER $1,500",9/14/2019 16:50,FOLLOWING TOO CLOSELY,FAILING TO YIELD RIGHT-OF-WAY,7200,S,ASHLAND AVE,735,,,,,,,2,NO INDICATION OF INJURY,0,0,0,0,0,3,0,16,7,9,41.76304349,-87.66387945,POINT (-87.663879453918 41.76304349267)
JC433366,,9/14/2019 16:30,30,TRAFFIC SIGNAL,FUNCTIONING PROPERLY,CLEAR,DAYLIGHT,SIDESWIPE SAME DIRECTION,ALLEY,,STRAIGHT AND LEVEL,DRY,NO DEFECTS,NOT ON SCENE (DESK REPORT),NO INJURY / DRIVE AWAY,Y,,,"OVER $1,500",9/14/2019 17:00,UNABLE TO DETERMINE,UNABLE TO DETERMINE,700,W,TAYLOR ST,124,,,,,,,2,NO INDICATION OF INJURY,0,0,0,0,0,2,0,16,7,9,41.86980522,-87.6437763,POINT (-87.643776301838 41.869805222061)
JC433333,,9/14/2019 16:26,20,NO CONTROLS,NO CONTROLS,CLEAR,DAYLIGHT,FIXED OBJECT,ALLEY,,STRAIGHT AND LEVEL,DRY,NO DEFECTS,ON SCENE,INJURY AND / OR TOW DUE TO CRASH,,Y,,"OVER $1,500",9/14/2019 16:47,EQUIPMENT - VEHICLE CONDITION,NOT APPLICABLE,8940,S,HOUSTON AVE,424,,,,,,,1,NO INDICATION OF INJURY,0,0,0,0,0,1,0,16,7,9,41.73251703,-87.55007512,POINT (-87.550075123033 41.732517031448)
JC438793,,9/14/2019 16:15,30,TRAFFIC SIGNAL,FUNCTIONING PROPERLY,CLEAR,DAYLIGHT,REAR END,OTHER,,STRAIGHT AND LEVEL,DRY,NO DEFECTS,NOT ON SCENE (DESK REPORT),NO INJURY / DRIVE AWAY,,,,"$501 - $1,500",9/18/2019 17:35,FOLLOWING TOO CLOSELY,FOLLOWING TOO CLOSELY,8300,S,STONY ISLAND AVE,412,,,,,,,2,NO INDICATION OF INJURY,0,0,0,0,0,3,0,16,7,9,41.74415164,-87.58594507,POINT (-87.585945066953 41.744151639042)
JC433340,,9/14/2019 16:14,30,NO CONTROLS,NO CONTROLS,CLEAR,DAYLIGHT,TURNING,DIVIDED - W/MEDIAN (NOT RAISED),,STRAIGHT AND LEVEL,DRY,NO DEFECTS,ON SCENE,INJURY AND / OR TOW DUE TO CRASH,,,,"OVER $1,500",9/14/2019 16:38,IMPROPER OVERTAKING/PASSING,NOT APPLICABLE,5151,S,PULASKI RD,822,,,,,,,2,NO INDICATION OF INJURY,0,0,0,0,0,3,0,16,7,9,41.79901235,-87.72318127,POINT (-87.723181270253 41.799012353103)
JC433317,N,9/14/2019 16:06,30,STOP SIGN/FLASHER,UNKNOWN,CLEAR,DAYLIGHT,ANGLE,NOT DIVIDED,,STRAIGHT AND LEVEL,DRY,UNKNOWN,ON SCENE,INJURY AND / OR TOW DUE TO CRASH,,,Y,"OVER $1,500",9/14/2019 16:08,UNABLE TO DETERMINE,NOT APPLICABLE,1449,W,MARQUETTE RD,725,,,,,,,2,NONINCAPACITATING INJURY,1,0,0,1,0,1,0,16,7,9,41.77212543,-87.66110541,POINT (-87.661105406822 41.772125424988)
JC433341,,9/14/2019 16:05,30,TRAFFIC SIGNAL,FUNCTIONING PROPERLY,CLEAR,DAYLIGHT,TURNING,DIVIDED - W/MEDIAN (NOT RAISED),,STRAIGHT AND LEVEL,DRY,NO DEFECTS,NOT ON SCENE (DESK REPORT),NO INJURY / DRIVE AWAY,,,,"OVER $1,500",9/14/2019 16:47,IMPROPER TURNING/NO SIGNAL,NOT APPLICABLE,628,W,FULTON ST,1214,,,,,,,2,NO INDICATION OF INJURY,0,0,0,0,0,3,0,16,7,9,41.88691478,-87.64411538,POINT (-87.644115378928 41.886914780283)
JC433381,,9/14/2019 16:00,20,NO CONTROLS,NO CONTROLS,CLEAR,DAYLIGHT,TURNING,PARKING LOT,,STRAIGHT AND LEVEL,DRY,NO DEFECTS,NOT ON SCENE (DESK REPORT),NO INJURY / DRIVE AWAY,,,,"$501 - $1,500",9/14/2019 17:25,IMPROPER LANE USAGE,UNABLE TO DETERMINE,2551,W,CERMAK RD,1034,,,,,,,2,NO INDICATION OF INJURY,0,0,0,0,0,2,0,16,7,9,41.85186827,-87.69007512,POINT (-87.690075121295 41.851868271661)
JC433326,,9/14/2019 16:00,30,NO CONTROLS,NO CONTROLS,CLEAR,DAYLIGHT,TURNING,DIVIDED - W/MEDIAN BARRIER,,STRAIGHT AND LEVEL,DRY,NO DEFECTS,ON SCENE,NO INJURY / DRIVE AWAY,,,,"OVER $1,500",9/14/2019 16:08,IMPROPER TURNING/NO SIGNAL,NOT APPLICABLE,1157,N,ASHLAND AVE,1213,,,,,,,2,NO INDICATION OF INJURY,0,0,0,0,0,2,0,16,7,9,41.90330301,-87.66734702,POINT (-87.667347020112 41.903303009942)
JC433304,,9/14/2019 15:56,30,TRAFFIC SIGNAL,FUNCTIONING PROPERLY,CLEAR,DAYLIGHT,TURNING,DIVIDED - W/MEDIAN (NOT RAISED),,STRAIGHT AND LEVEL,DRY,NO DEFECTS,ON SCENE,NO INJURY / DRIVE AWAY,Y,,,"$501 - $1,500",9/14/2019 16:03,IMPROPER TURNING/NO SIGNAL,DRIVING ON WRONG SIDE/WRONG WAY,39,E,ROOSEVELT RD,131,,,,,,,2,NO INDICATION OF INJURY,0,0,0,0,0,2,0,15,7,9,41.86732176,-87.6258702,POINT (-87.625870200766 41.867321764022)
JC433299,,9/14/2019 15:54,30,NO CONTROLS,NO CONTROLS,CLEAR,DAYLIGHT,PARKED MOTOR VEHICLE,NOT DIVIDED,,STRAIGHT AND LEVEL,DRY,NO DEFECTS,ON SCENE,INJURY AND / OR TOW DUE TO CRASH,,,,"OVER $1,500",9/14/2019 15:54,UNDER THE INFLUENCE OF ALCOHOL/DRUGS (USE WHEN ARREST IS EFFECTED),FAILING TO REDUCE SPEED TO AVOID CRASH,1708,W,87TH ST,614,,,,,,,3,"REPORTED, NOT EVIDENT",1,0,0,0,1,0,0,15,7,9,41.73586165,-87.66592404,POINT (-87.665924042625 41.735861651819)
JC433298,Y,9/14/2019 15:53,20,STOP SIGN/FLASHER,FUNCTIONING PROPERLY,CLEAR,DAYLIGHT,ANGLE,FOUR WAY,,STRAIGHT AND LEVEL,DRY,NO DEFECTS,ON SCENE,INJURY AND / OR TOW DUE TO CRASH,Y,,,"OVER $1,500",9/14/2019 16:00,FAILING TO YIELD RIGHT-OF-WAY,FAILING TO REDUCE SPEED TO AVOID CRASH,1600,S,KEDVALE AVE,1012,Y,,,,,,2,FATAL,1,1,0,0,0,1,0,15,7,9,41.85872738,-87.7287669,POINT (-87.728766899556 41.858727378505)
JC433274,,9/14/2019 15:50,35,TRAFFIC SIGNAL,FUNCTIONING PROPERLY,CLEAR,DAYLIGHT,REAR END,DIVIDED - W/MEDIAN (NOT RAISED),,STRAIGHT AND LEVEL,DRY,UNKNOWN,NOT ON SCENE (DESK REPORT),INJURY AND / OR TOW DUE TO CRASH,Y,,,"OVER $1,500",9/14/2019 15:58,FOLLOWING TOO CLOSELY,DISREGARDING TRAFFIC SIGNALS,7400,S,STONY ISLAND AVE,324,,,,,,,2,"REPORTED, NOT EVIDENT",1,0,0,0,1,2,0,15,7,9,41.76054115,-87.58633028,POINT (-87.58633027841 41.760541150061)
JC433430,,9/14/2019 15:46,30,NO CONTROLS,NO CONTROLS,CLEAR,DAYLIGHT,PARKED MOTOR VEHICLE,PARKING LOT,,STRAIGHT AND LEVEL,DRY,NO DEFECTS,NOT ON SCENE (DESK REPORT),NO INJURY / DRIVE AWAY,,Y,,"$501 - $1,500",9/14/2019 18:16,NOT APPLICABLE,NOT APPLICABLE,7920,S,WESTERN AVE,835,,,,,,,2,NO INDICATION OF INJURY,0,0,0,0,0,1,0,15,7,9,41.74947552,-87.68297884,POINT (-87.682978836879 41.749475520016)
JC433284,,9/14/2019 15:45,30,NO CONTROLS,NO CONTROLS,CLEAR,DAYLIGHT,SIDESWIPE SAME DIRECTION,DIVIDED - W/MEDIAN (NOT RAISED),,STRAIGHT AND LEVEL,DRY,NO DEFECTS,NOT ON SCENE (DESK REPORT),NO INJURY / DRIVE AWAY,,,,"OVER $1,500",9/14/2019 16:05,UNABLE TO DETERMINE,NOT APPLICABLE,6212,N,LINCOLN AVE,1711,,,,,,,2,NO INDICATION OF INJURY,0,0,0,0,0,2,0,15,7,9,41.99468602,-87.71459314,POINT (-87.714593134686 41.994686015109)
JC433318,,9/14/2019 15:43,20,NO CONTROLS,NO CONTROLS,CLEAR,DAYLIGHT,TURNING,NOT DIVIDED,,STRAIGHT AND LEVEL,DRY,NO DEFECTS,ON SCENE,NO INJURY / DRIVE AWAY,,,,"OVER $1,500",9/14/2019 15:43,FAILING TO YIELD RIGHT-OF-WAY,IMPROPER TURNING/NO SIGNAL,929,N,CENTRAL AVE,1524,,,,,,,2,NO INDICATION OF INJURY,0,0,0,0,0,3,0,15,7,9,41.89753336,-87.76534363,POINT (-87.765343627149 41.897533360425)
JC433303,,9/14/2019 15:40,30,TRAFFIC SIGNAL,FUNCTIONING PROPERLY,CLEAR,DAYLIGHT,REAR TO FRONT,NOT DIVIDED,,STRAIGHT AND LEVEL,DRY,UNKNOWN,NOT ON SCENE (DESK REPORT),NO INJURY / DRIVE AWAY,Y,,,"OVER $1,500",9/14/2019 16:20,UNABLE TO DETERMINE,UNABLE TO DETERMINE,1670,W,PRATT BLVD,2431,,,,,,,2,NO INDICATION OF INJURY,0,0,0,0,0,2,0,15,7,9,42.00544944,-87.67267747,POINT (-87.672677465766 42.005449443544)
JC433275,,9/14/2019 15:35,30,UNKNOWN,UNKNOWN,CLEAR,DAYLIGHT,PARKED MOTOR VEHICLE,NOT DIVIDED,,STRAIGHT AND LEVEL,DRY,UNKNOWN,NOT ON SCENE (DESK REPORT),NO INJURY / DRIVE AWAY,,,Y,"$501 - $1,500",9/14/2019 15:50,IMPROPER LANE USAGE,NOT APPLICABLE,10712,S,LANGLEY AVE,513,,,,,,,2,NO INDICATION OF INJURY,0,0,0,0,0,1,0,15,7,9,41.6997966,-87.60637475,POINT (-87.606374751596 41.699796598976)
JC433322,,9/14/2019 15:30,30,NO CONTROLS,NO CONTROLS,CLEAR,DAYLIGHT,REAR END,NOT DIVIDED,,STRAIGHT AND LEVEL,DRY,NO DEFECTS,NOT ON SCENE (DESK REPORT),NO INJURY / DRIVE AWAY,Y,,,"OVER $1,500",9/14/2019 16:29,UNABLE TO DETERMINE,UNABLE TO DETERMINE,2734,W,MONTROSE AVE,1724,,,,,,,2,NO INDICATION OF INJURY,0,0,0,0,0,2,0,15,7,9,41.96136541,-87.69746516,POINT (-87.6974651609 41.961365414309)
JC433306,,9/14/2019 15:30,30,NO CONTROLS,NO CONTROLS,CLEAR,DAYLIGHT,SIDESWIPE OPPOSITE DIRECTION,NOT DIVIDED,,STRAIGHT AND LEVEL,DRY,NO DEFECTS,NOT ON SCENE (DESK REPORT),NO INJURY / DRIVE AWAY,,,,"$501 - $1,500",9/14/2019 16:10,DRIVING SKILLS/KNOWLEDGE/EXPERIENCE,UNABLE TO DETERMINE,1503,S,PRAIRIE AVE,132,,,,,,,2,NO INDICATION OF INJURY,0,0,0,0,0,2,0,15,7,9,41.86185949,-87.62067097,POINT (-87.620670970537 41.861859488788)
JC433265,,9/14/2019 15:30,30,TRAFFIC SIGNAL,FUNCTIONING PROPERLY,CLEAR,DAYLIGHT,REAR END,NOT DIVIDED,,STRAIGHT AND LEVEL,DRY,NO DEFECTS,NOT ON SCENE (DESK REPORT),NO INJURY / DRIVE AWAY,Y,,,"OVER $1,500",9/14/2019 15:50,DRIVING SKILLS/KNOWLEDGE/EXPERIENCE,NOT APPLICABLE,2800,W,MONTROSE AVE,1724,,,,,,,2,NO INDICATION OF INJURY,0,0,0,0,0,2,0,15,7,9,41.96135865,-87.69854417,POINT (-87.69854417437 41.96135865247)
JC433280,,9/14/2019 15:28,20,NO CONTROLS,NO CONTROLS,CLEAR,DAYLIGHT,PARKED MOTOR VEHICLE,NOT DIVIDED,,STRAIGHT AND LEVEL,DRY,NO DEFECTS,ON SCENE,NO INJURY / DRIVE AWAY,,,Y,"$501 - $1,500",9/14/2019 15:36,IMPROPER OVERTAKING/PASSING,NOT APPLICABLE,2323,W,CHASE AVE,2411,,,,,,,2,NO INDICATION OF INJURY,0,0,0,0,0,1,0,15,7,9,42.01397835,-87.6885601,POINT (-87.688560095823 42.013978351662)
JC433292,,9/14/2019 15:25,30,STOP SIGN/FLASHER,FUNCTIONING PROPERLY,CLEAR,DAYLIGHT,REAR END,NOT DIVIDED,,STRAIGHT AND LEVEL,DRY,NO DEFECTS,NOT ON SCENE (DESK REPORT),NO INJURY / DRIVE AWAY,,,,"OVER $1,500",9/14/2019 16:10,FOLLOWING TOO CLOSELY,FOLLOWING TOO CLOSELY,7100,S,DAMEN AVE,735,,,,,,,2,NO INDICATION OF INJURY,0,0,0,0,0,3,0,15,7,9,41.76471319,-87.67367849,POINT (-87.673678489303 41.764713187398)
JC433262,,9/14/2019 15:25,0,NO CONTROLS,NO CONTROLS,CLEAR,DAYLIGHT,PARKED MOTOR VEHICLE,OTHER,,STRAIGHT AND LEVEL,DRY,NO DEFECTS,ON SCENE,NO INJURY / DRIVE AWAY,,,,$500 OR LESS,9/14/2019 15:26,NOT APPLICABLE,NOT APPLICABLE,1358,W,63RD ST,713,,,,,,,2,NO INDICATION OF INJURY,0,0,0,0,0,1,0,15,7,9,41.77965347,-87.65930433,POINT (-87.659304332939 41.779653471503)
JC433368,,9/14/2019 15:20,30,TRAFFIC SIGNAL,FUNCTIONING PROPERLY,CLEAR,DAYLIGHT,SIDESWIPE SAME DIRECTION,NOT DIVIDED,,STRAIGHT AND LEVEL,UNKNOWN,UNKNOWN,NOT ON SCENE (DESK REPORT),NO INJURY / DRIVE AWAY,,,Y,"$501 - $1,500",9/14/2019 17:05,IMPROPER OVERTAKING/PASSING,IMPROPER OVERTAKING/PASSING,820,W,FULLERTON AVE,1932,,,,,,,2,NO INDICATION OF INJURY,0,0,0,0,0,3,0,15,7,9,41.92555154,-87.64959226,POINT (-87.64959225553 41.925551538803)
JC433246,,9/14/2019 15:20,30,TRAFFIC SIGNAL,FUNCTIONING PROPERLY,CLEAR,DAYLIGHT,REAR END,NOT DIVIDED,,STRAIGHT AND LEVEL,DRY,NO DEFECTS,ON SCENE,NO INJURY / DRIVE AWAY,,,,"OVER $1,500",9/14/2019 15:21,UNABLE TO DETERMINE,UNABLE TO DETERMINE,5458,S,DR MARTIN LUTHER KING JR DR,231,,,,,,,2,NO INDICATION OF INJURY,0,0,0,0,0,2,0,15,7,9,41.79484163,-87.61612853,POINT (-87.616128525385 41.794841625191)
JC433360,,9/14/2019 15:15,10,NO CONTROLS,NO CONTROLS,CLEAR,DAYLIGHT,ANGLE,PARKING LOT,,STRAIGHT AND LEVEL,DRY,NO DEFECTS,NOT ON SCENE (DESK REPORT),NO INJURY / DRIVE AWAY,,Y,,"OVER $1,500",9/14/2019 17:00,FAILING TO YIELD RIGHT-OF-WAY,NOT APPLICABLE,2579,N,ELSTON AVE,1432,,,,,,,2,NO INDICATION OF INJURY,0,0,0,0,0,3,0,15,7,9,41.92852416,-87.68228466,POINT (-87.682284660623 41.928524158414)
JC433486,,9/14/2019 15:06,30,NO CONTROLS,NO CONTROLS,CLEAR,DAYLIGHT,REAR TO FRONT,DIVIDED - W/MEDIAN (NOT RAISED),,STRAIGHT AND LEVEL,DRY,UNKNOWN,NOT ON SCENE (DESK REPORT),INJURY AND / OR TOW DUE TO CRASH,,,,"OVER $1,500",9/14/2019 19:15,IMPROPER BACKING,UNABLE TO DETERMINE,7903,S,HOMAN AVE,834,,,,,,,2,"REPORTED, NOT EVIDENT",1,0,0,0,1,2,0,15,7,9,41.7495309,-87.70712175,POINT (-87.707121750015 41.74953089621)
JC433251,,9/14/2019 15:05,35,NO CONTROLS,NO CONTROLS,CLEAR,DAYLIGHT,REAR END,NOT DIVIDED,,STRAIGHT AND LEVEL,DRY,UNKNOWN,NOT ON SCENE (DESK REPORT),NO INJURY / DRIVE AWAY,,,Y,$500 OR LESS,9/14/2019 15:30,UNABLE TO DETERMINE,UNABLE TO DETERMINE,10,S,SACRAMENTO BLVD,1124,,,,,,,2,NO INDICATION OF INJURY,0,0,0,0,0,6,0,15,7,9,41.88071649,-87.70134355,POINT (-87.701343548592 41.880716486298)
JC434446,,9/14/2019 15:00,30,TRAFFIC SIGNAL,FUNCTIONING PROPERLY,CLEAR,DAYLIGHT,TURNING,NOT DIVIDED,,STRAIGHT AND LEVEL,DRY,NO DEFECTS,NOT ON SCENE (DESK REPORT),NO INJURY / DRIVE AWAY,Y,,,"$501 - $1,500",9/15/2019 15:35,FAILING TO YIELD RIGHT-OF-WAY,NOT APPLICABLE,638,W,GRAND AVE,1214,,,,,,,2,NO INDICATION OF INJURY,0,0,0,0,0,2,0,15,7,9,41.89133887,-87.64431053,POINT (-87.644310528344 41.891338872256)