RD_NO,CRASH_DATE_EST_I,CRASH_DATE,POSTED_SPEED_LIMIT,TRAFFIC_CONTROL_DEVICE,DEVICE_CONDITION,WEATHER_CONDITION,LIGHTING_CONDITION,FIRST_CRASH_TYPE,TRAFFICWAY_TYPE,LANE_CNT,ALIGNMENT,ROADWAY_SURFACE_COND,ROAD_DEFECT,REPORT_TYPE,CRASH_TYPE,INTERSECTION_RELATED_I,NOT_RIGHT_OF_WAY_I,HIT_AND_RUN_I,DAMAGE,DATE_POLICE_NOTIFIED,PRIM_CONTRIBUTORY_CAUSE,SEC_CONTRIBUTORY_CAUSE,STREET_NO,STREET_DIRECTION,STREET_NAME,BEAT_OF_OCCURRENCE,PHOTOS_TAKEN_I,STATEMENTS_TAKEN_I,DOORING_I,WORK_ZONE_I,WORK_ZONE_TYPE,WORKERS_PRESENT_I,NUM_UNITS,MOST_SEVERE_INJURY,INJURIES_TOTAL,INJURIES_FATAL,INJURIES_INCAPACITATING,INJURIES_NON_INCAPACITATING,INJURIES_REPORTED_NOT_EVIDENT,INJURIES_NO_INDICATION,INJURIES_UNKNOWN,CRASH_HOUR,CRASH_DAY_OF_WEEK,CRASH_MONTH,LATITUDE,LONGITUDE,LOCATION
JC433364,,9/14/2019 15:00,30,NO CONTROLS,NO CONTROLS,CLEAR,DAYLIGHT,ANGLE,NOT DIVIDED,,STRAIGHT AND LEVEL,DRY,NO DEFECTS,NOT ON SCENE (DESK REPORT),NO INJURY / DRIVE AWAY,,,,"$501 - $1,500",9/14/2019 17:00,FAILING TO YIELD RIGHT-OF-WAY,NOT APPLICABLE,4828,N,MENARD AVE,1622,,,,,,,2,NO INDICATION OF INJURY,0,0,0,0,0,2,0,15,7,9,41.96856916,-87.77297586,POINT (-87.772975861264 41.968569158268)
JC433267,,9/14/2019 15:00,30,NO CONTROLS,NO CONTROLS,CLEAR,DAYLIGHT,SIDESWIPE SAME DIRECTION,NOT DIVIDED,,STRAIGHT AND LEVEL,UNKNOWN,UNKNOWN,NOT ON SCENE (DESK REPORT),NO INJURY / DRIVE AWAY,,,,"$501 - $1,500",9/14/2019 15:40,UNABLE TO DETERMINE,UNABLE TO DETERMINE,1,S,ASHLAND AVE,1224,,,,,,,2,NO INDICATION OF INJURY,0,0,0,0,0,3,0,15,7,9,,,
JC433261,,9/14/2019 15:00,15,NO CONTROLS,NO CONTROLS,CLEAR,DAYLIGHT,PARKED MOTOR VEHICLE,ONE-WAY,,STRAIGHT AND LEVEL,DRY,NO DEFECTS,ON SCENE,NO INJURY / DRIVE AWAY,,,,$500 OR LESS,9/14/2019 15:16,UNABLE TO DETERMINE,PHYSICAL CONDITION OF DRIVER,1169,W,EDDY ST,1924,,,,,,,2,NO INDICATION OF INJURY,0,0,0,0,0,1,0,15,7,9,41.94612596,-87.65844532,POINT (-87.658445323362 41.946125957961)
JC433257,,9/14/2019 15:00,30,TRAFFIC SIGNAL,FUNCTIONING PROPERLY,CLEAR,DAYLIGHT,REAR END,NOT DIVIDED,,STRAIGHT AND LEVEL,DRY,NO DEFECTS,NOT ON SCENE (DESK REPORT),NO INJURY / DRIVE AWAY,,,,"OVER $1,500",9/14/2019 15:30,FOLLOWING TOO CLOSELY,UNABLE TO DETERMINE,6100,N,MILWAUKEE AVE,1611,,,,,,,2,NO INDICATION OF INJURY,0,0,0,0,0,4,0,15,7,9,41.99221064,-87.78325724,POINT (-87.783257236004 41.992210634583)
JC433215,,9/14/2019 14:57,30,NO CONTROLS,NO CONTROLS,CLEAR,DAYLIGHT,REAR END,DIVIDED - W/MEDIAN (NOT RAISED),,STRAIGHT AND LEVEL,DRY,NO DEFECTS,ON SCENE,NO INJURY / DRIVE AWAY,,,,"$501 - $1,500",9/14/2019 14:57,FOLLOWING TOO CLOSELY,NOT APPLICABLE,3865,N,ELSTON AVE,1732,,,,,,,2,NO INDICATION OF INJURY,0,0,0,0,0,2,0,14,7,9,41.95165406,-87.71595886,POINT (-87.715958859042 41.951654054621)
JC433204,,9/14/2019 14:55,30,NO CONTROLS,NO CONTROLS,CLEAR,DAYLIGHT,REAR END,NOT DIVIDED,,STRAIGHT AND LEVEL,DRY,UNKNOWN,ON SCENE,INJURY AND / OR TOW DUE TO CRASH,,,,"OVER $1,500",9/14/2019 14:55,UNABLE TO DETERMINE,UNABLE TO DETERMINE,4830,S,KEDZIE AVE,821,,,,,,,3,NO INDICATION OF INJURY,0,0,0,0,0,5,0,14,7,9,41.80536279,-87.70404406,POINT (-87.704044057807 41.805362791744)
JC446138,,9/14/2019 14:45,40,TRAFFIC SIGNAL,FUNCTIONING PROPERLY,CLEAR,DAYLIGHT,SIDESWIPE SAME DIRECTION,DIVIDED - W/MEDIAN (NOT RAISED),,STRAIGHT AND LEVEL,DRY,NO DEFECTS,NOT ON SCENE (DESK REPORT),NO INJURY / DRIVE AWAY,,,,"$501 - $1,500",9/24/2019 8:30,UNABLE TO DETERMINE,UNABLE TO DETERMINE,270,W,76TH ST,623,,,,,,,2,NO INDICATION OF INJURY,0,0,0,0,0,2,0,14,7,9,41.75639807,-87.63219991,POINT (-87.632199904757 41.756398071876)
JC433276,,9/14/2019 14:45,30,NO CONTROLS,NO CONTROLS,CLEAR,DAYLIGHT,TURNING,NOT DIVIDED,,STRAIGHT AND LEVEL,DRY,NO DEFECTS,NOT ON SCENE (DESK REPORT),NO INJURY / DRIVE AWAY,,,,"$501 - $1,500",9/14/2019 15:59,UNABLE TO DETERMINE,UNABLE TO DETERMINE,1651,N,HALSTED ST,1813,,,,,,,2,NO INDICATION OF INJURY,0,0,0,0,0,2,0,14,7,9,41.91236357,-87.64817092,POINT (-87.648170924108 41.912363570291)
JC433250,,9/14/2019 14:45,20,OTHER,OTHER,CLEAR,DAYLIGHT,HEAD ON,PARKING LOT,,STRAIGHT AND LEVEL,DRY,NO DEFECTS,ON SCENE,NO INJURY / DRIVE AWAY,,,,"OVER $1,500",9/14/2019 14:53,DRIVING ON WRONG SIDE/WRONG WAY,FAILING TO REDUCE SPEED TO AVOID CRASH,1430,S,ASHLAND AVE,1233,,,,,,,2,NO INDICATION OF INJURY,0,0,0,0,0,3,0,14,7,9,41.86240243,-87.66641897,POINT (-87.666418968157 41.862402424927)
JC433224,,9/14/2019 14:45,30,NO CONTROLS,NO CONTROLS,CLEAR,DAYLIGHT,SIDESWIPE SAME DIRECTION,ONE-WAY,,STRAIGHT AND LEVEL,DRY,NO DEFECTS,ON SCENE,NO INJURY / DRIVE AWAY,,,,"OVER $1,500",9/14/2019 14:56,FAILING TO YIELD RIGHT-OF-WAY,UNABLE TO DETERMINE,124,S,CANAL ST,121,,,,,,,2,NO INDICATION OF INJURY,0,0,0,0,0,3,0,14,7,9,41.87979795,-87.63976926,POINT (-87.639769256777 41.879797951587)
JC433218,,9/14/2019 14:45,30,SCHOOL ZONE,NO CONTROLS,CLEAR,DAYLIGHT,PARKED MOTOR VEHICLE,NOT DIVIDED,,STRAIGHT AND LEVEL,DRY,NO DEFECTS,ON SCENE,INJURY AND / OR TOW DUE TO CRASH,,,,"OVER $1,500",9/14/2019 15:01,FAILING TO REDUCE SPEED TO AVOID CRASH,UNABLE TO DETERMINE,11652,S,CARPENTER ST,524,,,,,,,2,NO INDICATION OF INJURY,0,0,0,0,0,1,0,14,7,9,41.68161714,-87.64826713,POINT (-87.648267126159 41.681617141858)
JC433213,,9/14/2019 14:45,30,TRAFFIC SIGNAL,FUNCTIONING PROPERLY,CLEAR,DAYLIGHT,PEDALCYCLIST,NOT DIVIDED,,STRAIGHT ON GRADE,DRY,NO DEFECTS,ON SCENE,NO INJURY / DRIVE AWAY,Y,,,"$501 - $1,500",9/14/2019 14:58,UNABLE TO DETERMINE,HAD BEEN DRINKING (USE WHEN ARREST IS NOT MADE),530,N,ORLEANS ST,1831,,,,,,,2,NO INDICATION OF INJURY,0,0,0,0,0,2,0,14,7,9,41.89158533,-87.63717837,POINT (-87.637178365185 41.891585331127)
JC433236,,9/14/2019 14:40,30,NO CONTROLS,NO CONTROLS,CLEAR,DAYLIGHT,PARKED MOTOR VEHICLE,DIVIDED - W/MEDIAN (NOT RAISED),,STRAIGHT ON GRADE,DRY,NO DEFECTS,NOT ON SCENE (DESK REPORT),NO INJURY / DRIVE AWAY,,,,"OVER $1,500",9/14/2019 15:20,FOLLOWING TOO CLOSELY,UNABLE TO DETERMINE,7159,S,MARSHFIELD AVE,735,,,,,,,2,NO INDICATION OF INJURY,0,0,0,0,0,1,0,14,7,9,41.76316892,-87.66484243,POINT (-87.664842432032 41.763168916478)
JC433207,,9/14/2019 14:39,30,TRAFFIC SIGNAL,FUNCTIONING PROPERLY,CLEAR,DAYLIGHT,REAR END,NOT DIVIDED,,STRAIGHT AND LEVEL,DRY,NO DEFECTS,ON SCENE,NO INJURY / DRIVE AWAY,Y,,,"$501 - $1,500",9/14/2019 14:39,"OPERATING VEHICLE IN ERRATIC, RECKLESS, CARELESS, NEGLIGENT OR AGGRESSIVE MANNER","OPERATING VEHICLE IN ERRATIC, RECKLESS, CARELESS, NEGLIGENT OR AGGRESSIVE MANNER",5952,W,GRAND AVE,2515,,,,,,,2,NO INDICATION OF INJURY,0,0,0,0,0,3,0,14,7,9,41.92059646,-87.77519268,POINT (-87.775192680854 41.920596458201)
JC439720,,9/14/2019 14:35,30,NO CONTROLS,NO CONTROLS,CLEAR,DAYLIGHT,PARKED MOTOR VEHICLE,ONE-WAY,,STRAIGHT AND LEVEL,DRY,NO DEFECTS,NOT ON SCENE (DESK REPORT),NO INJURY / DRIVE AWAY,,,,"$501 - $1,500",9/19/2019 12:00,NOT APPLICABLE,NOT APPLICABLE,21,S,MAYFIELD AVE,1513,,,,,,,2,NO INDICATION OF INJURY,0,0,0,0,0,1,0,14,7,9,41.87945916,-87.77122318,POINT (-87.771223184418 41.879459164116)
JC433194,,9/14/2019 14:35,30,STOP SIGN/FLASHER,FUNCTIONING PROPERLY,CLEAR,DAYLIGHT,ANGLE,NOT DIVIDED,,STRAIGHT AND LEVEL,DRY,NO DEFECTS,ON SCENE,INJURY AND / OR TOW DUE TO CRASH,Y,,,"OVER $1,500",9/14/2019 14:39,FAILING TO YIELD RIGHT-OF-WAY,FAILING TO YIELD RIGHT-OF-WAY,1850,W,CONGRESS PKWY,1225,,,,,,,2,NO INDICATION OF INJURY,0,0,0,0,0,2,0,14,7,9,41.87517436,-87.67356672,POINT (-87.673566720064 41.87517435823)
JC446517,,9/14/2019 14:30,30,NO CONTROLS,NO CONTROLS,CLEAR,DAYLIGHT,OTHER OBJECT,NOT DIVIDED,,STRAIGHT AND LEVEL,DRY,NO DEFECTS,NOT ON SCENE (DESK REPORT),NO INJURY / DRIVE AWAY,,,,"OVER $1,500",9/24/2019 13:35,UNABLE TO DETERMINE,NOT APPLICABLE,600,N,ELIZABETH ST,1215,,,,,,,1,NO INDICATION OF INJURY,0,0,0,0,0,2,0,14,7,9,41.89256731,-87.6596684,POINT (-87.659668396776 41.892567311177)
JC437819,,9/14/2019 14:30,5,NO CONTROLS,NO CONTROLS,UNKNOWN,DAYLIGHT,PARKED MOTOR VEHICLE,PARKING LOT,,STRAIGHT AND LEVEL,UNKNOWN,NO DEFECTS,NOT ON SCENE (DESK REPORT),NO INJURY / DRIVE AWAY,,Y,Y,"OVER $1,500",9/17/2019 10:10,UNABLE TO DETERMINE,NOT APPLICABLE,6107,S,ARCHER AVE,811,,,,,,,2,NO INDICATION OF INJURY,0,0,0,0,0,1,0,14,7,9,41.79435485,-87.77052715,POINT (-87.770527152113 41.794354853197)
JC433339,,9/14/2019 14:30,30,NO CONTROLS,NO CONTROLS,CLEAR,DAYLIGHT,PARKED MOTOR VEHICLE,NOT DIVIDED,,STRAIGHT AND LEVEL,DRY,NO DEFECTS,NOT ON SCENE (DESK REPORT),NO INJURY / DRIVE AWAY,,,Y,"$501 - $1,500",9/14/2019 16:45,NOT APPLICABLE,NOT APPLICABLE,4552,N,WESTERN AVE,1911,,,,,,,2,NO INDICATION OF INJURY,0,0,0,0,0,1,0,14,7,9,41.96472066,-87.68893291,POINT (-87.688932905375 41.964720661823)
JC433210,,9/14/2019 14:30,30,NO CONTROLS,NO CONTROLS,CLEAR,DAYLIGHT,REAR END,NOT DIVIDED,,STRAIGHT AND LEVEL,DRY,NO DEFECTS,NOT ON SCENE (DESK REPORT),NO INJURY / DRIVE AWAY,,,Y,"$501 - $1,500",9/14/2019 14:59,UNABLE TO DETERMINE,UNABLE TO DETERMINE,1623,W,DIVISION ST,1213,,,,,,,2,NO INDICATION OF INJURY,0,0,0,0,0,4,0,14,7,9,41.90322156,-87.66848596,POINT (-87.668485957233 41.903221562685)
JC433297,,9/14/2019 14:15,30,TRAFFIC SIGNAL,FUNCTIONING PROPERLY,CLEAR,DAYLIGHT,SIDESWIPE SAME DIRECTION,ONE-WAY,,STRAIGHT AND LEVEL,DRY,NO DEFECTS,NOT ON SCENE (DESK REPORT),NO INJURY / DRIVE AWAY,,,Y,"$501 - $1,500",9/14/2019 15:00,FAILING TO YIELD RIGHT-OF-WAY,UNABLE TO DETERMINE,310,S,CLARK ST,122,,,,,,,2,NO INDICATION OF INJURY,0,0,0,0,0,3,0,14,7,9,41.87785503,-87.63092417,POINT (-87.630924165209 41.877855031512)
JC434068,,9/14/2019 14:11,35,TRAFFIC SIGNAL,FUNCTIONING PROPERLY,CLEAR,DAYLIGHT,SIDESWIPE SAME DIRECTION,NOT DIVIDED,,STRAIGHT AND LEVEL,DRY,NO DEFECTS,NOT ON SCENE (DESK REPORT),NO INJURY / DRIVE AWAY,Y,,,"OVER $1,500",9/15/2019 9:00,FAILING TO YIELD RIGHT-OF-WAY,IMPROPER LANE USAGE,2400,W,35TH ST,911,,,,,,,2,NO INDICATION OF INJURY,0,0,0,0,0,4,0,14,7,9,41.83039032,-87.68509992,POINT (-87.685099923426 41.830390316125)
JC433179,,9/14/2019 14:11,25,NO CONTROLS,NO CONTROLS,CLEAR,DAYLIGHT,REAR END,NOT DIVIDED,,STRAIGHT AND LEVEL,DRY,NO DEFECTS,ON SCENE,INJURY AND / OR TOW DUE TO CRASH,,,,"OVER $1,500",9/14/2019 14:26,FOLLOWING TOO CLOSELY,NOT APPLICABLE,7419,N,RIDGE BLVD,2424,,,,,,,2,NO INDICATION OF INJURY,0,0,0,0,0,2,0,14,7,9,42.01648285,-87.68414797,POINT (-87.684147970467 42.016482845745)
JC433178,,9/14/2019 14:10,20,NO CONTROLS,NO CONTROLS,CLEAR,DAYLIGHT,SIDESWIPE SAME DIRECTION,DIVIDED - W/MEDIAN (NOT RAISED),,"CURVE, LEVEL",DRY,NO DEFECTS,NOT ON SCENE (DESK REPORT),NO INJURY / DRIVE AWAY,,,,"$501 - $1,500",9/14/2019 15:00,FOLLOWING TOO CLOSELY,FOLLOWING TOO CLOSELY,6406,N,CLARK ST,2432,,,,,,,2,NO INDICATION OF INJURY,0,0,0,0,0,2,0,14,7,9,41.9982574,-87.67080931,POINT (-87.670809306007 41.998257403758)
JC433986,,9/14/2019 14:04,30,TRAFFIC SIGNAL,FUNCTIONING PROPERLY,CLEAR,DAYLIGHT,REAR END,NOT DIVIDED,,STRAIGHT AND LEVEL,DRY,NO DEFECTS,NOT ON SCENE (DESK REPORT),NO INJURY / DRIVE AWAY,,,,"$501 - $1,500",9/15/2019 6:09,FOLLOWING TOO CLOSELY,FAILING TO REDUCE SPEED TO AVOID CRASH,653,N,MICHIGAN AVE,1834,,,,,,,2,NO INDICATION OF INJURY,0,0,0,0,0,5,0,14,7,9,41.89409702,-87.62408976,POINT (-87.624089758746 41.894097019689)
JC440313,,9/14/2019 14:00,20,NO CONTROLS,NO CONTROLS,CLEAR,"DARKNESS, LIGHTED ROAD",PARKED MOTOR VEHICLE,ROUNDABOUT,,STRAIGHT AND LEVEL,DRY,NO DEFECTS,NOT ON SCENE (DESK REPORT),NO INJURY / DRIVE AWAY,,,,$500 OR LESS,9/19/2019 18:55,UNABLE TO DETERMINE,NOT APPLICABLE,12,S,MAYFIELD AVE,1513,,,,,,,2,NO INDICATION OF INJURY,0,0,0,0,0,2,0,14,7,9,41.87976659,-87.77152977,POINT (-87.771529773566 41.879766586236)
JC438719,,9/14/2019 14:00,30,TRAFFIC SIGNAL,FUNCTIONING PROPERLY,CLEAR,DAYLIGHT,SIDESWIPE SAME DIRECTION,NOT DIVIDED,,STRAIGHT AND LEVEL,DRY,NO DEFECTS,NOT ON SCENE (DESK REPORT),NO INJURY / DRIVE AWAY,,,,"OVER $1,500",9/18/2019 16:35,UNABLE TO DETERMINE,NOT APPLICABLE,800,N,LAKE SHORE DR,1833,,,,,,,2,NO INDICATION OF INJURY,0,0,0,0,0,2,0,14,7,9,41.89682805,-87.6172077,POINT (-87.617207703311 41.896828045009)
JC433471,,9/14/2019 14:00,35,NO CONTROLS,NO CONTROLS,CLEAR,DAYLIGHT,ANGLE,PARKING LOT,,STRAIGHT AND LEVEL,DRY,NO DEFECTS,NOT ON SCENE (DESK REPORT),NO INJURY / DRIVE AWAY,,,,"$501 - $1,500",9/14/2019 19:00,UNABLE TO DETERMINE,UNABLE TO DETERMINE,533,E,33RD PL,211,,,,,,,2,NO INDICATION OF INJURY,0,0,0,0,0,2,0,14,7,9,41.83357233,-87.61243055,POINT (-87.612430547507 41.833572327121)
JC433196,,9/14/2019 14:00,30,YIELD,FUNCTIONING PROPERLY,CLEAR,DAYLIGHT,TURNING,DIVIDED - W/MEDIAN (NOT RAISED),,STRAIGHT AND LEVEL,DRY,NO DEFECTS,ON SCENE,INJURY AND / OR TOW DUE TO CRASH,,,,"OVER $1,500",9/14/2019 14:05,UNABLE TO DETERMINE,NOT APPLICABLE,1535,N,ELSTON AVE,1433,,,,,,,2,NO INDICATION OF INJURY,0,0,0,0,0,2,0,14,7,9,41.91005746,-87.6615833,POINT (-87.661583299786 41.910057463434)
JC433182,,9/14/2019 14:00,30,TRAFFIC SIGNAL,FUNCTIONING PROPERLY,CLEAR,DAYLIGHT,REAR END,FOUR WAY,,STRAIGHT AND LEVEL,DRY,NO DEFECTS,NOT ON SCENE (DESK REPORT),INJURY AND / OR TOW DUE TO CRASH,Y,,,"$501 - $1,500",9/14/2019 14:34,UNABLE TO DETERMINE,NOT APPLICABLE,1,W,63RD ST,312,,,,,,,3,NONINCAPACITATING INJURY,1,0,0,1,0,2,0,14,7,9,41.77994815,-87.62542709,POINT (-87.625427084647 41.779948151941)
JC433154,,9/14/2019 14:00,15,NO CONTROLS,NO CONTROLS,CLEAR,DAYLIGHT,PARKED MOTOR VEHICLE,NOT DIVIDED,,STRAIGHT AND LEVEL,DRY,NO DEFECTS,ON SCENE,NO INJURY / DRIVE AWAY,,,,"OVER $1,500",9/14/2019 14:05,IMPROPER BACKING,NOT APPLICABLE,600,E,GRAND AVE,1834,,,,,,,2,NO INDICATION OF INJURY,0,0,0,0,0,1,0,14,7,9,41.89209414,-87.61156988,POINT (-87.611569883947 41.892094136862)
JC433175,,9/14/2019 13:55,30,NO CONTROLS,NO CONTROLS,CLEAR,DAYLIGHT,SIDESWIPE SAME DIRECTION,DIVIDED - W/MEDIAN (NOT RAISED),,STRAIGHT AND LEVEL,DRY,NO DEFECTS,NOT ON SCENE (DESK REPORT),NO INJURY / DRIVE AWAY,,,,"OVER $1,500",9/14/2019 14:05,FAILING TO YIELD RIGHT-OF-WAY,UNABLE TO DETERMINE,8155,S,HALSTED ST,622,,,,,,,2,NO INDICATION OF INJURY,0,0,0,0,0,5,0,13,7,9,41.74539403,-87.64374111,POINT (-87.643741105437 41.745394032649)
JC433158,,9/14/2019 13:54,30,NO CONTROLS,NO CONTROLS,CLEAR,DAYLIGHT,TURNING,NOT DIVIDED,,STRAIGHT AND LEVEL,DRY,NO DEFECTS,ON SCENE,INJURY AND / OR TOW DUE TO CRASH,,,,$500 OR LESS,9/14/2019 13:56,UNABLE TO DETERMINE,UNABLE TO DETERMINE,1016,W,16TH ST,1232,,,,,,,2,"REPORTED, NOT EVIDENT",2,0,0,0,2,2,0,13,7,9,41.85994944,-87.65163423,POINT (-87.651634228801 41.859949434968)
JC433165,,9/14/2019 13:53,30,TRAFFIC SIGNAL,FUNCTIONING PROPERLY,CLEAR,DAYLIGHT,PEDALCYCLIST,FOUR WAY,,STRAIGHT AND LEVEL,DRY,NO DEFECTS,NOT ON SCENE (DESK REPORT),INJURY AND / OR TOW DUE TO CRASH,Y,,,"OVER $1,500",9/14/2019 13:56,FAILING TO YIELD RIGHT-OF-WAY,FAILING TO YIELD RIGHT-OF-WAY,9900,S,LONGWOOD DR,2213,,,,,,,2,NONINCAPACITATING INJURY,1,0,0,1,0,1,0,13,7,9,41.71377132,-87.66907584,POINT (-87.669075840815 41.713771324054)
JC443164,,9/14/2019 13:52,30,NO CONTROLS,NO CONTROLS,CLEAR,DAYLIGHT,ANGLE,PARKING LOT,,STRAIGHT AND LEVEL,DRY,NO DEFECTS,ON SCENE,NO INJURY / DRIVE AWAY,,Y,,"OVER $1,500",9/14/2019 13:53,IMPROPER BACKING,FAILING TO YIELD RIGHT-OF-WAY,3023,N,CLARK ST,1934,,,,,,,2,NO INDICATION OF INJURY,0,0,0,0,0,2,0,13,7,9,41.93709138,-87.648188,POINT (-87.648188001767 41.937091379525)
JC433211,Y,9/14/2019 13:50,30,NO CONTROLS,NO CONTROLS,CLEAR,DAYLIGHT,REAR END,NOT DIVIDED,,STRAIGHT AND LEVEL,DRY,NO DEFECTS,NOT ON SCENE (DESK REPORT),NO INJURY / DRIVE AWAY,,,,"$501 - $1,500",9/14/2019 15:00,UNABLE TO DETERMINE,UNABLE TO DETERMINE,5423,W,LAWRENCE AVE,1623,,,,,,,2,NO INDICATION OF INJURY,0,0,0,0,0,2,0,13,7,9,41.96761211,-87.76352308,POINT (-87.763523077256 41.967612107882)
JC433241,,9/14/2019 13:48,30,NO CONTROLS,NO CONTROLS,CLEAR,DAYLIGHT,REAR END,DIVIDED - W/MEDIAN (NOT RAISED),,STRAIGHT AND LEVEL,DRY,NO DEFECTS,NOT ON SCENE (DESK REPORT),NO INJURY / DRIVE AWAY,,,Y,"OVER $1,500",9/14/2019 15:25,UNABLE TO DETERMINE,NOT APPLICABLE,3459,W,DIVERSEY AVE,1412,,,,,,,2,NO INDICATION OF INJURY,0,0,0,0,0,2,0,13,7,9,41.93183264,-87.7145511,POINT (-87.714551097443 41.9318326353)
JC434459,,9/14/2019 13:40,35,STOP SIGN/FLASHER,FUNCTIONING PROPERLY,CLEAR,DAYLIGHT,TURNING,DIVIDED - W/MEDIAN (NOT RAISED),,STRAIGHT AND LEVEL,DRY,UNKNOWN,,NO INJURY / DRIVE AWAY,,,,"$501 - $1,500",9/15/2019 15:40,FAILING TO YIELD RIGHT-OF-WAY,FAILING TO YIELD RIGHT-OF-WAY,2501,S,CHRISTIANA AVE,1024,,,,,,,2,NO INDICATION OF INJURY,0,0,0,0,0,2,0,13,7,9,41.84618973,-87.7085964,POINT (-87.708596403083 41.846189730329)
JC433170,,9/14/2019 13:40,30,NO CONTROLS,NO CONTROLS,CLEAR,DAYLIGHT,OTHER OBJECT,PARKING LOT,,STRAIGHT ON GRADE,DRY,NO DEFECTS,ON SCENE,NO INJURY / DRIVE AWAY,,Y,,"OVER $1,500",9/14/2019 13:50,UNABLE TO DETERMINE,UNABLE TO DETERMINE,931,N,OGDEN AVE,1213,,,,,,,1,,,,,,,,,13,7,9,41.89921643,-87.65157569,POINT (-87.651575689902 41.899216427685)
JC433161,,9/14/2019 13:35,30,TRAFFIC SIGNAL,FUNCTIONING PROPERLY,CLEAR,DAYLIGHT,SIDESWIPE SAME DIRECTION,FOUR WAY,,STRAIGHT ON GRADE,DRY,NO DEFECTS,ON SCENE,NO INJURY / DRIVE AWAY,Y,,Y,"OVER $1,500",9/14/2019 13:38,IMPROPER OVERTAKING/PASSING,UNABLE TO DETERMINE,4400,W,OGDEN AVE,1013,,,,,,,3,NO INDICATION OF INJURY,0,0,0,0,0,3,0,13,7,9,41.84777752,-87.73450597,POINT (-87.734505968748 41.847777522805)
JC433152,,9/14/2019 13:35,30,STOP SIGN/FLASHER,FUNCTIONING PROPERLY,CLEAR,DAYLIGHT,REAR END,NOT DIVIDED,,STRAIGHT AND LEVEL,DRY,NO DEFECTS,NOT ON SCENE (DESK REPORT),NO INJURY / DRIVE AWAY,,,,"$501 - $1,500",9/14/2019 14:02,NOT APPLICABLE,NOT APPLICABLE,5130,S,ARCHER AVE,815,,,,,,,2,NO INDICATION OF INJURY,0,0,0,0,0,2,0,13,7,9,41.80066927,-87.73081393,POINT (-87.730813925544 41.800669273402)
JC433136,,9/14/2019 13:35,20,NO CONTROLS,NO CONTROLS,CLEAR,DAYLIGHT,PARKED MOTOR VEHICLE,NOT DIVIDED,,STRAIGHT AND LEVEL,DRY,NO DEFECTS,ON SCENE,NO INJURY / DRIVE AWAY,,,,$500 OR LESS,9/14/2019 13:35,DISTRACTION - FROM OUTSIDE VEHICLE,NOT APPLICABLE,5703,S,WOOD ST,715,,,,,,,2,NO INDICATION OF INJURY,0,0,0,0,0,1,0,13,7,9,41.79018686,-87.66919425,POINT (-87.669194252633 41.790186861374)
JC433132,,9/14/2019 13:30,30,NO CONTROLS,NO CONTROLS,CLEAR,DAYLIGHT,REAR END,NOT DIVIDED,,STRAIGHT AND LEVEL,DRY,NO DEFECTS,ON SCENE,INJURY AND / OR TOW DUE TO CRASH,,,,$500 OR LESS,9/14/2019 13:36,FOLLOWING TOO CLOSELY,FOLLOWING TOO CLOSELY,3701,W,MONTROSE AVE,1723,,,,,,,2,NONINCAPACITATING INJURY,1,0,0,1,0,1,0,13,7,9,41.96092833,-87.7205482,POINT (-87.720548197529 41.960928333604)
JC435902,,9/14/2019 13:15,30,NO CONTROLS,NO CONTROLS,CLEAR,DAYLIGHT,REAR END,DIVIDED - W/MEDIAN (NOT RAISED),,STRAIGHT AND LEVEL,DRY,NO DEFECTS,NOT ON SCENE (DESK REPORT),NO INJURY / DRIVE AWAY,,,N,"$501 - $1,500",9/16/2019 16:20,UNABLE TO DETERMINE,UNABLE TO DETERMINE,3701,W,MONTROSE AVE,1723,,,,,,,2,NO INDICATION OF INJURY,0,0,0,0,0,2,0,13,7,9,41.96092833,-87.7205482,POINT (-87.720548197529 41.960928333604)
JC433635,,9/14/2019 13:11,30,TRAFFIC SIGNAL,UNKNOWN,CLEAR,DAYLIGHT,REAR END,FOUR WAY,,STRAIGHT AND LEVEL,UNKNOWN,UNKNOWN,NOT ON SCENE (DESK REPORT),NO INJURY / DRIVE AWAY,Y,,,"$501 - $1,500",9/14/2019 13:11,FOLLOWING TOO CLOSELY,NOT APPLICABLE,3348,W,MADISON ST,1123,,,,,,,2,NO INDICATION OF INJURY,0,0,0,0,0,3,0,13,7,9,41.88102979,-87.71049522,POINT (-87.710495221999 41.881029793932)
JC433148,,9/14/2019 13:10,30,TRAFFIC SIGNAL,FUNCTIONING IMPROPERLY,CLEAR,DAYLIGHT,SIDESWIPE SAME DIRECTION,NOT DIVIDED,,STRAIGHT AND LEVEL,DRY,"RUT, HOLES",,INJURY AND / OR TOW DUE TO CRASH,,,Y,"OVER $1,500",9/14/2019 13:59,IMPROPER LANE USAGE,NOT APPLICABLE,8700,S,VINCENNES AVE,2222,,,,,,,2,NO INDICATION OF INJURY,0,0,0,0,0,3,0,13,7,9,41.73600657,-87.64534182,POINT (-87.64534181898 41.736006564585)
JC433110,,9/14/2019 13:05,15,STOP SIGN/FLASHER,FUNCTIONING PROPERLY,CLEAR,DAYLIGHT,ANGLE,FOUR WAY,,STRAIGHT AND LEVEL,DRY,NO DEFECTS,ON SCENE,INJURY AND / OR TOW DUE TO CRASH,Y,,,"OVER $1,500",9/14/2019 13:05,FAILING TO YIELD RIGHT-OF-WAY,NOT APPLICABLE,6300,N,ARTESIAN AVE,2413,,,,,,,2,NONINCAPACITATING INJURY,1,0,0,1,0,1,0,13,7,9,41.99598114,-87.69120157,POINT (-87.691201571677 41.995981139229)