RD_NO,CRASH_DATE_EST_I,CRASH_DATE,POSTED_SPEED_LIMIT,TRAFFIC_CONTROL_DEVICE,DEVICE_CONDITION,WEATHER_CONDITION,LIGHTING_CONDITION,FIRST_CRASH_TYPE,TRAFFICWAY_TYPE,LANE_CNT,ALIGNMENT,ROADWAY_SURFACE_COND,ROAD_DEFECT,REPORT_TYPE,CRASH_TYPE,INTERSECTION_RELATED_I,NOT_RIGHT_OF_WAY_I,HIT_AND_RUN_I,DAMAGE,DATE_POLICE_NOTIFIED,PRIM_CONTRIBUTORY_CAUSE,SEC_CONTRIBUTORY_CAUSE,STREET_NO,STREET_DIRECTION,STREET_NAME,BEAT_OF_OCCURRENCE,PHOTOS_TAKEN_I,STATEMENTS_TAKEN_I,DOORING_I,WORK_ZONE_I,WORK_ZONE_TYPE,WORKERS_PRESENT_I,NUM_UNITS,MOST_SEVERE_INJURY,INJURIES_TOTAL,INJURIES_FATAL,INJURIES_INCAPACITATING,INJURIES_NON_INCAPACITATING,INJURIES_REPORTED_NOT_EVIDENT,INJURIES_NO_INDICATION,INJURIES_UNKNOWN,CRASH_HOUR,CRASH_DAY_OF_WEEK,CRASH_MONTH,LATITUDE,LONGITUDE,LOCATION
JC433256,,9/14/2019 13:00,30,NO CONTROLS,NO CONTROLS,CLEAR,DAYLIGHT,PARKED MOTOR VEHICLE,NOT DIVIDED,,STRAIGHT AND LEVEL,DRY,NO DEFECTS,NOT ON SCENE (DESK REPORT),NO INJURY / DRIVE AWAY,,,,"OVER $1,500",9/14/2019 15:36,DRIVING SKILLS/KNOWLEDGE/EXPERIENCE,NOT APPLICABLE,2523,N,AUSTIN AVE,2515,,,,,,,5,NO INDICATION OF INJURY,0,0,0,0,0,1,0,13,7,9,41.92637351,-87.77565583,POINT (-87.775655831909 41.926373510737)
JC433149,,9/14/2019 13:00,25,NO CONTROLS,NO CONTROLS,CLEAR,DAYLIGHT,PARKED MOTOR VEHICLE,UNKNOWN,,STRAIGHT AND LEVEL,DRY,NO DEFECTS,NOT ON SCENE (DESK REPORT),NO INJURY / DRIVE AWAY,,,Y,"OVER $1,500",9/14/2019 14:00,UNABLE TO DETERMINE,UNABLE TO DETERMINE,2727,N,LEHMANN CT,1935,,,,,,,2,NO INDICATION OF INJURY,0,0,0,0,0,3,0,13,7,9,41.9322004,-87.64342587,POINT (-87.643425874137 41.93220039493)
JC433146,,9/14/2019 13:00,25,NO CONTROLS,NO CONTROLS,CLEAR,DAYLIGHT,PARKED MOTOR VEHICLE,NOT DIVIDED,,STRAIGHT AND LEVEL,DRY,NO DEFECTS,ON SCENE,NO INJURY / DRIVE AWAY,,,Y,"OVER $1,500",9/14/2019 13:45,UNABLE TO DETERMINE,UNABLE TO DETERMINE,3016,W,MARQUETTE RD,831,,,,,,,2,NO INDICATION OF INJURY,0,0,0,0,0,1,0,13,7,9,41.77184273,-87.69872192,POINT (-87.698721916412 41.771842733157)
JC433140,,9/14/2019 13:00,30,TRAFFIC SIGNAL,FUNCTIONING PROPERLY,CLEAR,DAYLIGHT,TURNING,T-INTERSECTION,,STRAIGHT AND LEVEL,DRY,NO DEFECTS,ON SCENE,INJURY AND / OR TOW DUE TO CRASH,Y,,,"OVER $1,500",9/14/2019 13:09,FAILING TO YIELD RIGHT-OF-WAY,IMPROPER TURNING/NO SIGNAL,842,E,PERSHING RD,214,,,,,,,3,NONINCAPACITATING INJURY,2,0,0,2,0,4,0,13,7,9,41.82443098,-87.60516638,POINT (-87.605166379351 41.824430979098)
JC433109,,9/14/2019 13:00,35,NO CONTROLS,NO CONTROLS,CLEAR,DAYLIGHT,PARKED MOTOR VEHICLE,PARKING LOT,,STRAIGHT AND LEVEL,DRY,NO DEFECTS,NOT ON SCENE (DESK REPORT),NO INJURY / DRIVE AWAY,,,Y,"$501 - $1,500",9/14/2019 13:30,UNABLE TO DETERMINE,UNABLE TO DETERMINE,3724,W,26TH ST,1013,,,,,,,2,NO INDICATION OF INJURY,0,0,0,0,0,1,0,13,7,9,41.84444042,-87.71839492,POINT (-87.718394923541 41.844440422792)
JC433143,,9/14/2019 12:50,30,NO CONTROLS,NO CONTROLS,CLEAR,DAYLIGHT,SIDESWIPE SAME DIRECTION,NOT DIVIDED,,STRAIGHT AND LEVEL,DRY,NO DEFECTS,NOT ON SCENE (DESK REPORT),NO INJURY / DRIVE AWAY,,,Y,"OVER $1,500",9/14/2019 13:00,FAILING TO YIELD RIGHT-OF-WAY,FAILING TO YIELD RIGHT-OF-WAY,6400,S,CARPENTER ST,724,,,,,,,2,NO INDICATION OF INJURY,0,0,0,0,0,2,0,12,7,9,41.77775018,-87.65095399,POINT (-87.65095399203 41.777750175527)
JC433112,,9/14/2019 12:45,30,STOP SIGN/FLASHER,FUNCTIONING PROPERLY,CLEAR,DAYLIGHT,REAR END,NOT DIVIDED,,STRAIGHT AND LEVEL,DRY,NO DEFECTS,NOT ON SCENE (DESK REPORT),NO INJURY / DRIVE AWAY,,,,"OVER $1,500",9/14/2019 13:30,UNABLE TO DETERMINE,NOT APPLICABLE,2258,N,CENTRAL PARK AVE,2525,,,,,,,3,NO INDICATION OF INJURY,0,0,0,0,0,6,0,12,7,9,41.92272563,-87.71708423,POINT (-87.717084233131 41.922725628201)
JC433099,,9/14/2019 12:43,30,UNKNOWN,UNKNOWN,CLEAR,DAYLIGHT,REAR END,NOT DIVIDED,,STRAIGHT AND LEVEL,DRY,NO DEFECTS,,INJURY AND / OR TOW DUE TO CRASH,,,,"OVER $1,500",9/14/2019 13:04,UNABLE TO DETERMINE,UNABLE TO DETERMINE,1829,S,CALIFORNIA AVE,1023,,,,,,,2,NONINCAPACITATING INJURY,1,0,0,1,0,2,0,12,7,9,41.85650142,-87.69545518,POINT (-87.695455175665 41.856501424391)
JC433139,,9/14/2019 12:40,10,NO CONTROLS,NO CONTROLS,CLEAR,DAYLIGHT,REAR TO FRONT,OTHER,,STRAIGHT AND LEVEL,DRY,NO DEFECTS,NOT ON SCENE (DESK REPORT),NO INJURY / DRIVE AWAY,,,,"$501 - $1,500",9/14/2019 14:53,UNABLE TO DETERMINE,NOT APPLICABLE,1330,E,53RD ST,234,,,,,,,2,NO INDICATION OF INJURY,0,0,0,0,0,2,0,12,7,9,41.79959787,-87.59376104,POINT (-87.593761036881 41.79959786939)
JC433052,Y,9/14/2019 12:37,30,NO CONTROLS,NO CONTROLS,CLEAR,DAYLIGHT,PARKED MOTOR VEHICLE,NOT DIVIDED,,STRAIGHT AND LEVEL,DRY,NO DEFECTS,NOT ON SCENE (DESK REPORT),NO INJURY / DRIVE AWAY,,Y,Y,"OVER $1,500",9/14/2019 12:37,IMPROPER OVERTAKING/PASSING,NOT APPLICABLE,1255,S,MICHIGAN AVE,132,,,,,,,2,NO INDICATION OF INJURY,0,0,0,0,0,1,0,12,7,9,41.86597528,-87.62397064,POINT (-87.623970638451 41.865975278841)
JC433117,,9/14/2019 12:36,30,TRAFFIC SIGNAL,FUNCTIONING PROPERLY,CLEAR,DAYLIGHT,TURNING,DIVIDED - W/MEDIAN (NOT RAISED),,STRAIGHT AND LEVEL,DRY,NO DEFECTS,NOT ON SCENE (DESK REPORT),NO INJURY / DRIVE AWAY,Y,,,"$501 - $1,500",9/14/2019 13:36,FAILING TO YIELD RIGHT-OF-WAY,NOT APPLICABLE,6700,S,RACINE AVE,724,Y,,,,,,2,NO INDICATION OF INJURY,0,0,0,0,0,2,0,12,7,9,41.77224028,-87.65445437,POINT (-87.654454370177 41.77224027873)
JC433081,,9/14/2019 12:36,30,TRAFFIC SIGNAL,FUNCTIONING PROPERLY,CLEAR,DAYLIGHT,ANGLE,FOUR WAY,,STRAIGHT AND LEVEL,DRY,NO DEFECTS,ON SCENE,INJURY AND / OR TOW DUE TO CRASH,Y,,,"OVER $1,500",9/14/2019 12:36,FAILING TO YIELD RIGHT-OF-WAY,DRIVING SKILLS/KNOWLEDGE/EXPERIENCE,5830,W,GRAND AVE,2515,,,,,,,4,NONINCAPACITATING INJURY,2,0,0,2,0,3,0,12,7,9,41.91997801,-87.77182887,POINT (-87.771828868955 41.919978007323)
JC433078,,9/14/2019 12:35,30,STOP SIGN/FLASHER,FUNCTIONING PROPERLY,CLEAR,DAYLIGHT,REAR END,NOT DIVIDED,,STRAIGHT AND LEVEL,DRY,NO DEFECTS,ON SCENE,INJURY AND / OR TOW DUE TO CRASH,,,,"OVER $1,500",9/14/2019 12:37,FOLLOWING TOO CLOSELY,NOT APPLICABLE,1359,N,WESTERN AVE,1424,,,,,,,2,NO INDICATION OF INJURY,0,0,0,0,0,3,0,12,7,9,41.90657736,-87.68697426,POINT (-87.686974261355 41.906577359831)
JC454221,,9/14/2019 12:30,20,NO CONTROLS,NO CONTROLS,UNKNOWN,DAYLIGHT,PARKED MOTOR VEHICLE,ONE-WAY,,STRAIGHT AND LEVEL,UNKNOWN,NO DEFECTS,NOT ON SCENE (DESK REPORT),NO INJURY / DRIVE AWAY,,,,"OVER $1,500",9/30/2019 12:50,DRIVING SKILLS/KNOWLEDGE/EXPERIENCE,NOT APPLICABLE,1756,W,95TH PL,2213,,,,,,,2,NO INDICATION OF INJURY,0,0,0,0,0,1,0,12,7,9,41.72038104,-87.66709693,POINT (-87.667096930313 41.720381042001)
JC433203,,9/14/2019 12:30,10,NO CONTROLS,NO CONTROLS,CLEAR,DAYLIGHT,REAR TO SIDE,ALLEY,,STRAIGHT AND LEVEL,UNKNOWN,UNKNOWN,NOT ON SCENE (DESK REPORT),NO INJURY / DRIVE AWAY,,,,"$501 - $1,500",9/14/2019 14:45,IMPROPER OVERTAKING/PASSING,IMPROPER BACKING,4101,N,RAVENSWOOD AVE,1912,,,,,,,2,NO INDICATION OF INJURY,0,0,0,0,0,3,0,12,7,9,41.95615987,-87.67369787,POINT (-87.673697869605 41.956159868064)
JC433128,,9/14/2019 12:30,35,NO CONTROLS,NO CONTROLS,CLEAR,DAYLIGHT,PARKED MOTOR VEHICLE,DIVIDED - W/MEDIAN (NOT RAISED),,STRAIGHT AND LEVEL,DRY,NO DEFECTS,NOT ON SCENE (DESK REPORT),NO INJURY / DRIVE AWAY,,,Y,"$501 - $1,500",9/14/2019 13:45,UNABLE TO DETERMINE,UNABLE TO DETERMINE,3236,W,DOUGLAS BLVD,1022,,,,,,,2,NO INDICATION OF INJURY,0,0,0,0,0,1,0,12,7,9,41.86305452,-87.70706884,POINT (-87.707068837251 41.863054524065)
JC433048,,9/14/2019 12:25,30,NO CONTROLS,NO CONTROLS,CLEAR,DAYLIGHT,TURNING,DIVIDED - W/MEDIAN (NOT RAISED),,STRAIGHT AND LEVEL,DRY,NO DEFECTS,ON SCENE,NO INJURY / DRIVE AWAY,,,,$500 OR LESS,9/14/2019 12:25,UNABLE TO DETERMINE,NOT APPLICABLE,6245,S,PULASKI RD,823,,,,,,,2,NO INDICATION OF INJURY,0,0,0,0,0,2,0,12,7,9,41.77913544,-87.72262737,POINT (-87.722627365719 41.779135440258)
JC436800,,9/14/2019 12:21,30,TRAFFIC SIGNAL,FUNCTIONING PROPERLY,CLEAR,DAYLIGHT,REAR END,NOT DIVIDED,,STRAIGHT AND LEVEL,DRY,NO DEFECTS,NOT ON SCENE (DESK REPORT),NO INJURY / DRIVE AWAY,,,,"OVER $1,500",9/17/2019 9:48,UNABLE TO DETERMINE,UNABLE TO DETERMINE,2310,W,LOGAN BLVD,1432,,,,,,,2,NO INDICATION OF INJURY,0,0,0,0,0,3,0,12,7,9,41.93029546,-87.68581874,POINT (-87.685818741592 41.930295458606)
JC432766,,9/14/2019 12:20,30,NO CONTROLS,NO CONTROLS,CLEAR,DAYLIGHT,TURNING,NOT DIVIDED,,STRAIGHT AND LEVEL,DRY,NO DEFECTS,NOT ON SCENE (DESK REPORT),NO INJURY / DRIVE AWAY,,,Y,"$501 - $1,500",9/14/2019 12:30,FAILING TO YIELD RIGHT-OF-WAY,UNABLE TO DETERMINE,2513,S,HALSTED ST,914,,,,,,,2,NO INDICATION OF INJURY,0,0,0,0,0,2,0,12,7,9,41.84668759,-87.64632273,POINT (-87.646322734288 41.846687591033)
JC433043,,9/14/2019 12:16,30,NO CONTROLS,NO CONTROLS,CLEAR,DAYLIGHT,SIDESWIPE SAME DIRECTION,NOT DIVIDED,,STRAIGHT AND LEVEL,DRY,NO DEFECTS,ON SCENE,INJURY AND / OR TOW DUE TO CRASH,,,,"OVER $1,500",9/14/2019 12:17,UNABLE TO DETERMINE,NOT APPLICABLE,2651,N,MILWAUKEE AVE,1412,,Y,,,,,2,NO INDICATION OF INJURY,0,0,0,0,0,3,0,12,7,9,41.93000746,-87.70871114,POINT (-87.708711140161 41.930007457835)
JC433070,,9/14/2019 12:05,30,TRAFFIC SIGNAL,FUNCTIONING PROPERLY,CLEAR,DAYLIGHT,TURNING,FOUR WAY,,STRAIGHT AND LEVEL,DRY,UNKNOWN,NOT ON SCENE (DESK REPORT),NO INJURY / DRIVE AWAY,,,Y,"OVER $1,500",9/14/2019 12:50,UNABLE TO DETERMINE,NOT APPLICABLE,2460,N,MILWAUKEE AVE,1414,,,,,,,2,NO INDICATION OF INJURY,0,0,0,0,0,2,0,12,7,9,41.92599364,-87.70261952,POINT (-87.70261952235 41.925993643127)
JC433044,,9/14/2019 12:05,30,TRAFFIC SIGNAL,FUNCTIONING PROPERLY,CLEAR,DAYLIGHT,SIDESWIPE SAME DIRECTION,NOT DIVIDED,,STRAIGHT AND LEVEL,DRY,NO DEFECTS,ON SCENE,NO INJURY / DRIVE AWAY,,,Y,"OVER $1,500",9/14/2019 12:15,NOT APPLICABLE,NOT APPLICABLE,3497,E,126TH ST,433,,,,,,,3,NO INDICATION OF INJURY,0,0,0,0,0,3,0,12,7,9,,,
JC433138,,9/14/2019 12:02,30,NO CONTROLS,NO CONTROLS,CLEAR,DAYLIGHT,TURNING,OTHER,,STRAIGHT AND LEVEL,DRY,UNKNOWN,NOT ON SCENE (DESK REPORT),NO INJURY / DRIVE AWAY,,,Y,$500 OR LESS,9/14/2019 14:20,UNABLE TO DETERMINE,UNABLE TO DETERMINE,9500,S,EUCLID AVE,431,,,,,,,2,NO INDICATION OF INJURY,0,0,0,0,0,2,0,12,7,9,41.72236005,-87.57671579,POINT (-87.576715789881 41.722360046974)
JC444268,,9/14/2019 12:00,20,NO CONTROLS,NO CONTROLS,UNKNOWN,DAYLIGHT,PARKED MOTOR VEHICLE,ONE-WAY,,STRAIGHT AND LEVEL,UNKNOWN,UNKNOWN,NOT ON SCENE (DESK REPORT),NO INJURY / DRIVE AWAY,,,,"$501 - $1,500",9/22/2019 18:57,IMPROPER BACKING,UNABLE TO DETERMINE,3125,W,38TH ST,911,,,,,,,2,NO INDICATION OF INJURY,0,0,0,0,0,1,0,12,7,9,41.82433143,-87.70303075,POINT (-87.703030747094 41.824331425108)
JC435636,Y,9/14/2019 12:00,30,NO CONTROLS,UNKNOWN,UNKNOWN,UNKNOWN,PARKED MOTOR VEHICLE,ONE-WAY,,STRAIGHT AND LEVEL,UNKNOWN,UNKNOWN,ON SCENE,NO INJURY / DRIVE AWAY,,,Y,"OVER $1,500",9/16/2019 13:00,UNABLE TO DETERMINE,UNABLE TO DETERMINE,4908,S,EAST END AVE,222,,,,,,,2,NO INDICATION OF INJURY,0,0,0,0,0,1,0,12,7,9,41.80548855,-87.58632151,POINT (-87.586321505284 41.805488552376)
JC433670,,9/14/2019 12:00,30,TRAFFIC SIGNAL,FUNCTIONING PROPERLY,CLEAR,DAYLIGHT,REAR END,NOT DIVIDED,,STRAIGHT AND LEVEL,UNKNOWN,UNKNOWN,NOT ON SCENE (DESK REPORT),NO INJURY / DRIVE AWAY,,,,"OVER $1,500",9/14/2019 22:30,FAILING TO REDUCE SPEED TO AVOID CRASH,NOT APPLICABLE,1554,W,95TH ST,2221,,,,,,,2,NO INDICATION OF INJURY,0,0,0,0,0,2,0,12,7,9,41.72132699,-87.66253366,POINT (-87.66253365849 41.721326986728)
JC433025,,9/14/2019 12:00,30,NO CONTROLS,NO CONTROLS,CLEAR,DAYLIGHT,PARKED MOTOR VEHICLE,DIVIDED - W/MEDIAN (NOT RAISED),,STRAIGHT AND LEVEL,DRY,NO DEFECTS,ON SCENE,INJURY AND / OR TOW DUE TO CRASH,,,,"OVER $1,500",9/14/2019 12:01,NOT APPLICABLE,NOT APPLICABLE,123,S,HOMAN AVE,1124,,,,,,,2,NONINCAPACITATING INJURY,1,0,0,1,0,0,0,12,7,9,41.87883627,-87.71079475,POINT (-87.710794753262 41.878836273147)
JC433011,,9/14/2019 12:00,20,NO CONTROLS,NO CONTROLS,CLEAR,DAYLIGHT,OTHER OBJECT,PARKING LOT,,STRAIGHT AND LEVEL,DRY,UNKNOWN,ON SCENE,INJURY AND / OR TOW DUE TO CRASH,,,,"OVER $1,500",9/14/2019 12:05,NOT APPLICABLE,NOT APPLICABLE,712,E,87TH ST,632,,,,,,,1,NO INDICATION OF INJURY,0,0,0,0,0,1,0,12,7,9,41.73673155,-87.60671703,POINT (-87.606717027714 41.736731548155)
JC433004,,9/14/2019 12:00,30,NO CONTROLS,NO CONTROLS,CLEAR,DAYLIGHT,REAR END,DIVIDED - W/MEDIAN BARRIER,,STRAIGHT AND LEVEL,DRY,NO DEFECTS,ON SCENE,INJURY AND / OR TOW DUE TO CRASH,,,,$500 OR LESS,9/14/2019 12:15,UNABLE TO DETERMINE,NOT APPLICABLE,6061,N,LINCOLN AVE,1711,,,,,,,2,NONINCAPACITATING INJURY,1,0,0,1,0,1,0,12,7,9,41.99197343,-87.70972389,POINT (-87.709723890329 41.991973433756)
JC433019,,9/14/2019 11:55,30,POLICE/FLAGMAN,FUNCTIONING PROPERLY,CLEAR,DAYLIGHT,REAR END,NOT DIVIDED,,STRAIGHT AND LEVEL,DRY,NO DEFECTS,NOT ON SCENE (DESK REPORT),NO INJURY / DRIVE AWAY,,,,$500 OR LESS,9/14/2019 12:05,IMPROPER BACKING,UNABLE TO DETERMINE,3000,W,OGDEN AVE,1022,,,,,,,2,NO INDICATION OF INJURY,0,0,0,0,0,2,0,11,7,9,41.8596538,-87.70081393,POINT (-87.700813933767 41.859653794753)
JC433013,,9/14/2019 11:53,30,STOP SIGN/FLASHER,FUNCTIONING PROPERLY,CLEAR,DAYLIGHT,ANGLE,FOUR WAY,,STRAIGHT AND LEVEL,DRY,NO DEFECTS,ON SCENE,INJURY AND / OR TOW DUE TO CRASH,Y,,,"OVER $1,500",9/14/2019 11:55,UNABLE TO DETERMINE,UNABLE TO DETERMINE,2659,W,71ST ST,831,,,,,,,2,NO INDICATION OF INJURY,0,0,0,0,0,4,0,11,7,9,41.76446849,-87.6905194,POINT (-87.690519400678 41.764468490683)
JC433017,,9/14/2019 11:50,10,NO CONTROLS,NO CONTROLS,CLEAR,DAYLIGHT,FIXED OBJECT,PARKING LOT,,STRAIGHT AND LEVEL,DRY,NO DEFECTS,ON SCENE,INJURY AND / OR TOW DUE TO CRASH,,Y,,"OVER $1,500",9/14/2019 12:02,UNABLE TO DETERMINE,NOT APPLICABLE,3017,W,HARRISON ST,1134,,,,,,,1,NO INDICATION OF INJURY,0,0,0,0,0,1,0,11,7,9,41.8736274,-87.7017429,POINT (-87.701742898061 41.873627403525)
JC433105,,9/14/2019 11:45,30,NO CONTROLS,NO CONTROLS,CLEAR,DAYLIGHT,PARKED MOTOR VEHICLE,PARKING LOT,,STRAIGHT AND LEVEL,DRY,NO DEFECTS,NOT ON SCENE (DESK REPORT),NO INJURY / DRIVE AWAY,,Y,,"OVER $1,500",9/14/2019 13:20,DRIVING SKILLS/KNOWLEDGE/EXPERIENCE,NOT APPLICABLE,3131,N,MASON AVE,2514,,,,,,,2,NO INDICATION OF INJURY,0,0,0,0,0,1,0,11,7,9,41.93758144,-87.77482278,POINT (-87.774822778122 41.937581437919)
JC433034,,9/14/2019 11:45,30,OTHER,NO CONTROLS,CLEAR,DAYLIGHT,TURNING,DIVIDED - W/MEDIAN (NOT RAISED),,STRAIGHT AND LEVEL,DRY,NO DEFECTS,NOT ON SCENE (DESK REPORT),NO INJURY / DRIVE AWAY,,,,"OVER $1,500",9/14/2019 12:15,DRIVING SKILLS/KNOWLEDGE/EXPERIENCE,NOT APPLICABLE,3105,N,ASHLAND AVE,1932,,,,,,,2,NO INDICATION OF INJURY,0,0,0,0,0,2,0,11,7,9,41.93807632,-87.66845647,POINT (-87.668456472717 41.93807631897)
JC433033,,9/14/2019 11:45,25,NO CONTROLS,NO CONTROLS,CLEAR,DAYLIGHT,PARKED MOTOR VEHICLE,ONE-WAY,,STRAIGHT AND LEVEL,DRY,NO DEFECTS,ON SCENE,NO INJURY / DRIVE AWAY,,,,$500 OR LESS,9/14/2019 12:06,NOT APPLICABLE,NOT APPLICABLE,6646,S,DREXEL AVE,321,,,,,,,2,NO INDICATION OF INJURY,0,0,0,0,0,1,0,11,7,9,41.77359214,-87.60349207,POINT (-87.603492073054 41.773592138725)
JC433016,,9/14/2019 11:40,30,TRAFFIC SIGNAL,FUNCTIONING PROPERLY,CLEAR,DAYLIGHT,SIDESWIPE SAME DIRECTION,NOT DIVIDED,,STRAIGHT AND LEVEL,DRY,NO DEFECTS,ON SCENE,NO INJURY / DRIVE AWAY,Y,,,"$501 - $1,500",9/14/2019 11:55,UNABLE TO DETERMINE,UNABLE TO DETERMINE,6300,S,CICERO AVE,813,,,,,,,2,NO INDICATION OF INJURY,0,0,0,0,0,2,0,11,7,9,41.77833539,-87.74243649,POINT (-87.74243649416 41.778335390453)
JC432991,,9/14/2019 11:37,35,NO CONTROLS,NO CONTROLS,CLEAR,DAYLIGHT,PEDESTRIAN,DRIVEWAY,,STRAIGHT AND LEVEL,DRY,NO DEFECTS,NOT ON SCENE (DESK REPORT),NO INJURY / DRIVE AWAY,,,,"OVER $1,500",9/14/2019 11:37,FAILING TO YIELD RIGHT-OF-WAY,NOT APPLICABLE,5498,N,HARLEM AVE,1613,,Y,,,,,2,NO INDICATION OF INJURY,0,0,0,0,0,2,0,11,7,9,41.98102038,-87.80711173,POINT (-87.807111727871 41.981020382487)
JC433047,,9/14/2019 11:35,30,TRAFFIC SIGNAL,FUNCTIONING PROPERLY,CLEAR,DAYLIGHT,SIDESWIPE OPPOSITE DIRECTION,DIVIDED - W/MEDIAN (NOT RAISED),,STRAIGHT AND LEVEL,DRY,NO DEFECTS,ON SCENE,NO INJURY / DRIVE AWAY,Y,,,"OVER $1,500",9/14/2019 11:48,UNABLE TO DETERMINE,UNABLE TO DETERMINE,1350,W,DIVISION ST,1433,,,,,,,2,NO INDICATION OF INJURY,0,0,0,0,0,3,0,11,7,9,41.90352039,-87.6625102,POINT (-87.662510202348 41.903520392979)
JC433018,,9/14/2019 11:35,30,TRAFFIC SIGNAL,FUNCTIONING PROPERLY,CLEAR,DAYLIGHT,REAR END,DIVIDED - W/MEDIAN (NOT RAISED),,STRAIGHT AND LEVEL,DRY,NO DEFECTS,ON SCENE,NO INJURY / DRIVE AWAY,,,,"$501 - $1,500",9/14/2019 11:39,FAILING TO REDUCE SPEED TO AVOID CRASH,NOT APPLICABLE,3003,N,LARAMIE AVE,2521,,,,,,,2,NO INDICATION OF INJURY,0,0,0,0,0,2,0,11,7,9,41.93515944,-87.7564138,POINT (-87.75641379972 41.935159442451)
JC432977,,9/14/2019 11:15,30,NO CONTROLS,NO CONTROLS,CLEAR,DAYLIGHT,REAR END,NOT DIVIDED,,STRAIGHT AND LEVEL,DRY,NO DEFECTS,ON SCENE,NO INJURY / DRIVE AWAY,,,,"OVER $1,500",9/14/2019 11:21,FOLLOWING TOO CLOSELY,NOT APPLICABLE,6358,N,KEDZIE AVE,2413,,,,,,,2,NO INDICATION OF INJURY,0,0,0,0,0,7,0,11,7,9,41.99729996,-87.70949009,POINT (-87.709490091012 41.997299960472)
JC433002,,9/14/2019 11:10,30,NO CONTROLS,NO CONTROLS,CLEAR,DAYLIGHT,SIDESWIPE SAME DIRECTION,NOT DIVIDED,,STRAIGHT AND LEVEL,DRY,NO DEFECTS,ON SCENE,INJURY AND / OR TOW DUE TO CRASH,Y,,,"OVER $1,500",9/14/2019 11:50,UNABLE TO DETERMINE,UNABLE TO DETERMINE,3500,W,LAKE ST,1123,,,,,,,2,NO INDICATION OF INJURY,0,0,0,0,0,3,0,11,7,9,41.88489392,-87.71367229,POINT (-87.713672290837 41.88489391965)
JC432986,,9/14/2019 11:10,30,TRAFFIC SIGNAL,NO CONTROLS,CLEAR,DAYLIGHT,TURNING,NOT DIVIDED,,STRAIGHT AND LEVEL,DRY,NO DEFECTS,NOT ON SCENE (DESK REPORT),NO INJURY / DRIVE AWAY,,,,"OVER $1,500",9/14/2019 11:45,UNABLE TO DETERMINE,UNABLE TO DETERMINE,950,N,MICHIGAN AVE,1833,,,,,,,2,NO INDICATION OF INJURY,0,0,0,0,0,3,0,11,7,9,41.90035277,-87.62433292,POINT (-87.624332918928 41.900352772063)
JC433032,,9/14/2019 11:08,30,NO CONTROLS,NO CONTROLS,CLEAR,DAYLIGHT,PARKED MOTOR VEHICLE,NOT DIVIDED,,STRAIGHT AND LEVEL,DRY,NO DEFECTS,ON SCENE,NO INJURY / DRIVE AWAY,,,,"$501 - $1,500",9/14/2019 11:38,IMPROPER BACKING,NOT APPLICABLE,508,N,STATE ST,1831,,,,,,,2,NO INDICATION OF INJURY,0,0,0,0,0,1,0,11,7,9,41.8911927,-87.62819803,POINT (-87.628198030631 41.891192701081)
JC433244,,9/14/2019 11:00,30,NO CONTROLS,NO CONTROLS,CLEAR,DAYLIGHT,PARKED MOTOR VEHICLE,NOT DIVIDED,,STRAIGHT AND LEVEL,DRY,UNKNOWN,NOT ON SCENE (DESK REPORT),NO INJURY / DRIVE AWAY,,,Y,"OVER $1,500",9/14/2019 15:30,UNABLE TO DETERMINE,UNABLE TO DETERMINE,2201,S,UNION AVE,1235,,,,,,,2,NO INDICATION OF INJURY,0,0,0,0,0,1,0,11,7,9,41.85262665,-87.64459422,POINT (-87.644594220892 41.852626650086)
JC433240,,9/14/2019 11:00,30,NO CONTROLS,NO CONTROLS,CLEAR,DAYLIGHT,PARKED MOTOR VEHICLE,NOT DIVIDED,,STRAIGHT AND LEVEL,DRY,NO DEFECTS,NOT ON SCENE (DESK REPORT),NO INJURY / DRIVE AWAY,,,Y,"OVER $1,500",9/14/2019 15:20,UNABLE TO DETERMINE,UNABLE TO DETERMINE,2168,S,ARCHER AVE,914,,,,,,,2,NO INDICATION OF INJURY,0,0,0,0,0,1,0,11,7,9,41.8531672,-87.63446103,POINT (-87.634461028723 41.853167199331)
JC433036,Y,9/14/2019 11:00,25,NO CONTROLS,NO CONTROLS,CLEAR,DAYLIGHT,PARKED MOTOR VEHICLE,ONE-WAY,,STRAIGHT AND LEVEL,DRY,NO DEFECTS,ON SCENE,NO INJURY / DRIVE AWAY,,,Y,"$501 - $1,500",9/14/2019 12:07,IMPROPER BACKING,NOT APPLICABLE,35,E,WACKER DR,111,,,,,,,2,NO INDICATION OF INJURY,0,0,0,0,0,1,0,11,7,9,41.88683151,-87.62655609,POINT (-87.626556084936 41.886831512317)
JC433006,Y,9/14/2019 11:00,20,NO CONTROLS,NO CONTROLS,CLEAR,UNKNOWN,PARKED MOTOR VEHICLE,ONE-WAY,,STRAIGHT AND LEVEL,DRY,NO DEFECTS,ON SCENE,NO INJURY / DRIVE AWAY,,,Y,"$501 - $1,500",9/14/2019 11:42,UNABLE TO DETERMINE,NOT APPLICABLE,4853,S,AVERS AVE,821,,,,,,,2,NO INDICATION OF INJURY,0,0,0,0,0,1,0,11,7,9,41.80489531,-87.71938247,POINT (-87.719382465831 41.804895311694)