RD_NO,CRASH_DATE_EST_I,CRASH_DATE,POSTED_SPEED_LIMIT,TRAFFIC_CONTROL_DEVICE,DEVICE_CONDITION,WEATHER_CONDITION,LIGHTING_CONDITION,FIRST_CRASH_TYPE,TRAFFICWAY_TYPE,LANE_CNT,ALIGNMENT,ROADWAY_SURFACE_COND,ROAD_DEFECT,REPORT_TYPE,CRASH_TYPE,INTERSECTION_RELATED_I,NOT_RIGHT_OF_WAY_I,HIT_AND_RUN_I,DAMAGE,DATE_POLICE_NOTIFIED,PRIM_CONTRIBUTORY_CAUSE,SEC_CONTRIBUTORY_CAUSE,STREET_NO,STREET_DIRECTION,STREET_NAME,BEAT_OF_OCCURRENCE,PHOTOS_TAKEN_I,STATEMENTS_TAKEN_I,DOORING_I,WORK_ZONE_I,WORK_ZONE_TYPE,WORKERS_PRESENT_I,NUM_UNITS,MOST_SEVERE_INJURY,INJURIES_TOTAL,INJURIES_FATAL,INJURIES_INCAPACITATING,INJURIES_NON_INCAPACITATING,INJURIES_REPORTED_NOT_EVIDENT,INJURIES_NO_INDICATION,INJURIES_UNKNOWN,CRASH_HOUR,CRASH_DAY_OF_WEEK,CRASH_MONTH,LATITUDE,LONGITUDE,LOCATION
JC432980,,9/14/2019 11:00,30,STOP SIGN/FLASHER,FUNCTIONING PROPERLY,CLEAR,DAYLIGHT,ANGLE,FOUR WAY,,STRAIGHT AND LEVEL,DRY,NO DEFECTS,ON SCENE,NO INJURY / DRIVE AWAY,Y,,,"OVER $1,500",9/14/2019 11:22,FAILING TO YIELD RIGHT-OF-WAY,UNABLE TO DETERMINE,2345,W,36TH ST,911,,,,,,,2,NO INDICATION OF INJURY,0,0,0,0,0,3,0,11,7,9,41.82835182,-87.68430934,POINT (-87.684309341021 41.828351817681)
JC432966,,9/14/2019 11:00,30,NO CONTROLS,NO CONTROLS,CLEAR,DAYLIGHT,SIDESWIPE SAME DIRECTION,NOT DIVIDED,,STRAIGHT AND LEVEL,DRY,NO DEFECTS,ON SCENE,NO INJURY / DRIVE AWAY,,,,"OVER $1,500",9/14/2019 11:12,FOLLOWING TOO CLOSELY,UNABLE TO DETERMINE,3324,W,59TH ST,822,,,,,,,2,NO INDICATION OF INJURY,0,0,0,0,0,2,0,11,7,9,41.7863003,-87.7069595,POINT (-87.706959499755 41.786300301219)
JC432951,,9/14/2019 10:45,30,UNKNOWN,NO CONTROLS,CLEAR,DAYLIGHT,PARKED MOTOR VEHICLE,DIVIDED - W/MEDIAN BARRIER,,STRAIGHT AND LEVEL,DRY,NO DEFECTS,ON SCENE,INJURY AND / OR TOW DUE TO CRASH,,,,"OVER $1,500",9/14/2019 10:50,NOT APPLICABLE,NOT APPLICABLE,1404,N,LA SALLE DR,1821,,,,,,,2,NO INDICATION OF INJURY,0,0,0,0,0,1,0,10,7,9,41.90788306,-87.63319828,POINT (-87.63319827627 41.907883063882)
JC439960,,9/14/2019 10:30,25,NO CONTROLS,NO CONTROLS,CLEAR,DAYLIGHT,ANGLE,FOUR WAY,,STRAIGHT AND LEVEL,DRY,NO DEFECTS,ON SCENE,INJURY AND / OR TOW DUE TO CRASH,Y,,,"OVER $1,500",9/14/2019 10:30,FAILING TO YIELD RIGHT-OF-WAY,UNABLE TO DETERMINE,8600,S,PULASKI RD,834,,,,,,,2,"REPORTED, NOT EVIDENT",1,0,0,0,1,1,0,10,7,9,41.73662828,-87.72164008,POINT (-87.721640082906 41.736628283167)
JC432928,,9/14/2019 10:15,30,NO CONTROLS,NO CONTROLS,CLEAR,DAYLIGHT,TURNING,NOT DIVIDED,,STRAIGHT AND LEVEL,DRY,NO DEFECTS,ON SCENE,NO INJURY / DRIVE AWAY,Y,,,"OVER $1,500",9/14/2019 10:36,IMPROPER TURNING/NO SIGNAL,DRIVING SKILLS/KNOWLEDGE/EXPERIENCE,2992,S,FEDERAL ST,133,,,,,,,2,NO INDICATION OF INJURY,0,0,0,0,0,2,0,10,7,9,41.83960672,-87.62916421,POINT (-87.629164208834 41.839606716969)
JC432922,,9/14/2019 10:15,30,NO CONTROLS,NO CONTROLS,CLEAR,DAYLIGHT,SIDESWIPE SAME DIRECTION,DIVIDED - W/MEDIAN BARRIER,,STRAIGHT AND LEVEL,DRY,NO DEFECTS,NOT ON SCENE (DESK REPORT),NO INJURY / DRIVE AWAY,,,,"$501 - $1,500",9/14/2019 10:45,UNABLE TO DETERMINE,DRIVING SKILLS/KNOWLEDGE/EXPERIENCE,100,S,MICHIGAN AVE,112,,,,,,,2,NO INDICATION OF INJURY,0,0,0,0,0,2,0,10,7,9,41.88077067,-87.62448302,POINT (-87.624483017136 41.880770664748)
JC433300,Y,9/14/2019 10:13,35,NO CONTROLS,NO CONTROLS,CLEAR,DAYLIGHT,REAR END,NOT DIVIDED,,STRAIGHT AND LEVEL,DRY,NO DEFECTS,NOT ON SCENE (DESK REPORT),NO INJURY / DRIVE AWAY,,,,"$501 - $1,500",9/14/2019 16:00,UNABLE TO DETERMINE,UNABLE TO DETERMINE,1449,W,IRVING PARK RD,1922,,,,,,,2,NO INDICATION OF INJURY,0,0,0,0,0,2,0,10,7,9,41.95421843,-87.66609349,POINT (-87.666093487872 41.954218433242)
JC432889,,9/14/2019 10:10,25,NO CONTROLS,NO CONTROLS,CLEAR,DAYLIGHT,PARKED MOTOR VEHICLE,NOT DIVIDED,,STRAIGHT AND LEVEL,DRY,UNKNOWN,ON SCENE,INJURY AND / OR TOW DUE TO CRASH,,,Y,"OVER $1,500",9/14/2019 10:13,NOT APPLICABLE,PHYSICAL CONDITION OF DRIVER,4520,S,VINCENNES AVE,221,,,,,,,2,NO INDICATION OF INJURY,0,0,0,0,0,1,0,10,7,9,41.81238262,-87.61405203,POINT (-87.614052034435 41.812382614541)
JC433074,,9/14/2019 10:00,30,NO CONTROLS,NO CONTROLS,CLEAR,DAYLIGHT,SIDESWIPE SAME DIRECTION,DIVIDED - W/MEDIAN (NOT RAISED),,STRAIGHT AND LEVEL,DRY,NO DEFECTS,NOT ON SCENE (DESK REPORT),NO INJURY / DRIVE AWAY,,,Y,"OVER $1,500",9/14/2019 12:45,IMPROPER OVERTAKING/PASSING,NOT APPLICABLE,8600,S,SOUTH CHICAGO AVE,412,,,,,,,2,NO INDICATION OF INJURY,0,0,0,0,0,2,0,10,7,9,41.73868801,-87.56798247,POINT (-87.567982469052 41.738688010845)
JC432965,,9/14/2019 10:00,30,NO CONTROLS,NO CONTROLS,CLEAR,DAYLIGHT,REAR END,NOT DIVIDED,,STRAIGHT AND LEVEL,DRY,NO DEFECTS,NOT ON SCENE (DESK REPORT),NO INJURY / DRIVE AWAY,,,,"OVER $1,500",9/14/2019 11:30,FOLLOWING TOO CLOSELY,IMPROPER TURNING/NO SIGNAL,1640,W,CERMAK RD,1234,,,,,,,2,NO INDICATION OF INJURY,0,0,0,0,0,2,0,10,7,9,41.852408,-87.66768643,POINT (-87.667686431816 41.852407997158)
JC432888,,9/14/2019 10:00,30,NO CONTROLS,NO CONTROLS,CLEAR,DAYLIGHT,FIXED OBJECT,ONE-WAY,,STRAIGHT AND LEVEL,DRY,NO DEFECTS,ON SCENE,INJURY AND / OR TOW DUE TO CRASH,,,,"OVER $1,500",9/14/2019 10:02,FAILING TO REDUCE SPEED TO AVOID CRASH,NOT APPLICABLE,332,W,98TH PL,511,,,,,,,1,NO INDICATION OF INJURY,0,0,0,0,0,2,0,10,7,9,41.7153764,-87.63218498,POINT (-87.632184983144 41.715376402237)
JC432926,,9/14/2019 9:50,30,NO CONTROLS,NO CONTROLS,CLEAR,DAYLIGHT,SIDESWIPE SAME DIRECTION,NOT DIVIDED,,STRAIGHT AND LEVEL,DRY,NO DEFECTS,NOT ON SCENE (DESK REPORT),NO INJURY / DRIVE AWAY,,,,"OVER $1,500",9/14/2019 10:45,UNABLE TO DETERMINE,NOT APPLICABLE,1058,N,DAMEN AVE,1212,,,,,,,2,NO INDICATION OF INJURY,0,0,0,0,0,2,0,9,7,9,41.90132607,-87.67735197,POINT (-87.677351965399 41.901326074453)
JC432883,Y,9/14/2019 9:50,30,NO CONTROLS,NO CONTROLS,CLEAR,DAYLIGHT,PARKED MOTOR VEHICLE,PARKING LOT,,STRAIGHT AND LEVEL,DRY,NO DEFECTS,NOT ON SCENE (DESK REPORT),NO INJURY / DRIVE AWAY,,,Y,"OVER $1,500",9/14/2019 10:20,UNABLE TO DETERMINE,UNABLE TO DETERMINE,4650,W,NORTH AVE,2533,,,,,,,2,NO INDICATION OF INJURY,0,0,0,0,0,1,0,9,7,9,41.90976453,-87.7433763,POINT (-87.743376295706 41.909764527033)
JC432863,,9/14/2019 9:50,30,NO CONTROLS,NO CONTROLS,CLEAR,DAYLIGHT,PARKED MOTOR VEHICLE,NOT DIVIDED,,STRAIGHT AND LEVEL,DRY,NO DEFECTS,ON SCENE,NO INJURY / DRIVE AWAY,,,,"OVER $1,500",9/14/2019 9:50,IMPROPER TURNING/NO SIGNAL,UNABLE TO DETERMINE,613,W,BRIAR PL,1934,,,,,,,2,NO INDICATION OF INJURY,0,0,0,0,0,1,0,9,7,9,41.93903281,-87.64494165,POINT (-87.644941654044 41.939032813292)
JC432930,,9/14/2019 9:44,30,NO CONTROLS,NO CONTROLS,CLEAR,DAYLIGHT,FIXED OBJECT,DRIVEWAY,,STRAIGHT AND LEVEL,DRY,NO DEFECTS,ON SCENE,NO INJURY / DRIVE AWAY,,Y,Y,"OVER $1,500",9/14/2019 10:36,"OPERATING VEHICLE IN ERRATIC, RECKLESS, CARELESS, NEGLIGENT OR AGGRESSIVE MANNER",FAILING TO REDUCE SPEED TO AVOID CRASH,33,W,MONROE ST,112,,,,,,,1,NO INDICATION OF INJURY,0,0,0,0,0,1,0,9,7,9,41.88061601,-87.62904943,POINT (-87.62904942472 41.88061600574)
JC432887,,9/14/2019 9:30,30,STOP SIGN/FLASHER,FUNCTIONING PROPERLY,CLEAR,DAYLIGHT,ANGLE,UNKNOWN INTERSECTION TYPE,,STRAIGHT AND LEVEL,DRY,NO DEFECTS,ON SCENE,INJURY AND / OR TOW DUE TO CRASH,Y,,,"OVER $1,500",9/14/2019 9:35,FAILING TO YIELD RIGHT-OF-WAY,UNABLE TO DETERMINE,7700,S,ASHLAND AVE,611,,,,,,,2,NONINCAPACITATING INJURY,1,0,0,1,0,1,0,9,7,9,41.75390152,-87.66367033,POINT (-87.663670333133 41.753901515808)
JC432858,,9/14/2019 9:30,30,TRAFFIC SIGNAL,FUNCTIONING PROPERLY,CLEAR,DAYLIGHT,ANGLE,FOUR WAY,,STRAIGHT AND LEVEL,DRY,NO DEFECTS,ON SCENE,INJURY AND / OR TOW DUE TO CRASH,Y,,,"OVER $1,500",9/14/2019 9:34,FAILING TO YIELD RIGHT-OF-WAY,NOT APPLICABLE,2500,S,KEDZIE AVE,1024,,,,,,,2,"REPORTED, NOT EVIDENT",1,0,0,0,1,4,0,9,7,9,41.84624146,-87.70523892,POINT (-87.705238923566 41.846241455219)
JC432826,,9/14/2019 9:30,30,NO CONTROLS,NO CONTROLS,CLEAR,DAYLIGHT,REAR END,NOT DIVIDED,,STRAIGHT AND LEVEL,DRY,NO DEFECTS,ON SCENE,NO INJURY / DRIVE AWAY,,,,"$501 - $1,500",9/14/2019 9:40,NOT APPLICABLE,NOT APPLICABLE,2048,N,SHEFFIELD AVE,1811,,,,,,,2,NO INDICATION OF INJURY,0,0,0,0,0,2,0,9,7,9,41.91954736,-87.6535628,POINT (-87.653562798693 41.919547362319)
JC433071,,9/14/2019 9:15,30,STOP SIGN/FLASHER,NO CONTROLS,CLEAR,DAYLIGHT,ANGLE,NOT DIVIDED,,STRAIGHT AND LEVEL,DRY,NO DEFECTS,NOT ON SCENE (DESK REPORT),NO INJURY / DRIVE AWAY,,,,"$501 - $1,500",9/14/2019 12:00,FAILING TO YIELD RIGHT-OF-WAY,NOT APPLICABLE,3825,W,OHIO ST,1122,,,,,,,2,NO INDICATION OF INJURY,0,0,0,0,0,2,0,9,7,9,41.89162375,-87.72224429,POINT (-87.722244292897 41.891623745828)
JC433498,,9/14/2019 9:00,30,NO CONTROLS,NO CONTROLS,CLEAR,DAYLIGHT,REAR END,DIVIDED - W/MEDIAN (NOT RAISED),,STRAIGHT AND LEVEL,DRY,NO DEFECTS,NOT ON SCENE (DESK REPORT),NO INJURY / DRIVE AWAY,,,,"$501 - $1,500",9/14/2019 19:32,FOLLOWING TOO CLOSELY,NOT APPLICABLE,6300,S,CICERO AVE,813,,,,,,,2,NO INDICATION OF INJURY,0,0,0,0,0,2,0,9,7,9,41.77833539,-87.74243649,POINT (-87.74243649416 41.778335390453)
JC432836,,9/14/2019 8:45,25,NO CONTROLS,NO CONTROLS,CLEAR,DAYLIGHT,PEDALCYCLIST,ONE-WAY,,STRAIGHT AND LEVEL,DRY,UNKNOWN,NOT ON SCENE (DESK REPORT),NO INJURY / DRIVE AWAY,,,,"$501 - $1,500",9/14/2019 9:15,UNABLE TO DETERMINE,"DISTRACTION - OTHER ELECTRONIC DEVICE (NAVIGATION DEVICE, DVD PLAYER, ETC.)",5081,W,GLADYS AVE,1533,,,Y,,,,2,NO INDICATION OF INJURY,0,0,0,0,0,1,0,8,7,9,41.8756771,-87.75249074,POINT (-87.752490737042 41.875677099376)
JC432830,,9/14/2019 8:45,30,TRAFFIC SIGNAL,FUNCTIONING PROPERLY,CLEAR,DAYLIGHT,TURNING,CENTER TURN LANE,,STRAIGHT AND LEVEL,DRY,NO DEFECTS,ON SCENE,NO INJURY / DRIVE AWAY,Y,,,"$501 - $1,500",9/14/2019 8:52,UNABLE TO DETERMINE,UNABLE TO DETERMINE,30,W,79TH ST,623,,,,,,,2,NO INDICATION OF INJURY,0,0,0,0,0,3,0,8,7,9,41.7510366,-87.62580715,POINT (-87.625807147846 41.751036600941)
JC432806,,9/14/2019 8:30,30,STOP SIGN/FLASHER,FUNCTIONING PROPERLY,CLEAR,DAYLIGHT,ANGLE,NOT DIVIDED,,STRAIGHT AND LEVEL,DRY,NO DEFECTS,ON SCENE,NO INJURY / DRIVE AWAY,,,,"$501 - $1,500",9/14/2019 8:30,UNABLE TO DETERMINE,NOT APPLICABLE,1100,W,LAKE ST,1214,,,,,,,2,NO INDICATION OF INJURY,0,0,0,0,0,3,0,8,7,9,41.88565286,-87.65453368,POINT (-87.654533683347 41.885652856477)
JC432799,,9/14/2019 8:20,10,NO CONTROLS,NO CONTROLS,CLEAR,DAYLIGHT,PARKED MOTOR VEHICLE,PARKING LOT,,STRAIGHT AND LEVEL,DRY,NO DEFECTS,ON SCENE,NO INJURY / DRIVE AWAY,,,Y,"$501 - $1,500",9/14/2019 8:36,UNABLE TO DETERMINE,NOT APPLICABLE,5101,S,KILDARE AVE,815,,,,,,,2,NO INDICATION OF INJURY,0,0,0,0,0,1,0,8,7,9,41.80050179,-87.73057529,POINT (-87.730575294269 41.800501790826)
JC432827,,9/14/2019 8:16,35,TRAFFIC SIGNAL,FUNCTIONING PROPERLY,CLEAR,DAYLIGHT,SIDESWIPE SAME DIRECTION,NOT DIVIDED,,STRAIGHT AND LEVEL,DRY,NO DEFECTS,NOT ON SCENE (DESK REPORT),NO INJURY / DRIVE AWAY,Y,,,"OVER $1,500",9/14/2019 9:00,IMPROPER LANE USAGE,IMPROPER LANE USAGE,3200,W,31ST ST,1032,,,,,,,2,NO INDICATION OF INJURY,0,0,0,0,0,5,0,8,7,9,41.8373395,-87.70495056,POINT (-87.704950558004 41.837339500296)
JC433458,,9/14/2019 8:15,30,TRAFFIC SIGNAL,FUNCTIONING PROPERLY,CLEAR,DAYLIGHT,PARKED MOTOR VEHICLE,DIVIDED - W/MEDIAN BARRIER,,STRAIGHT AND LEVEL,DRY,NO DEFECTS,ON SCENE,NO INJURY / DRIVE AWAY,,,,$500 OR LESS,9/14/2019 18:17,UNABLE TO DETERMINE,NOT APPLICABLE,330,N,WABASH AVE,1834,,,,,,,2,NO INDICATION OF INJURY,0,0,0,0,0,1,0,8,7,9,41.88793874,-87.62703564,POINT (-87.627035641488 41.887938743589)
JC432814,,9/14/2019 8:03,30,TRAFFIC SIGNAL,FUNCTIONING PROPERLY,CLEAR,DAYLIGHT,SIDESWIPE SAME DIRECTION,DIVIDED - W/MEDIAN (NOT RAISED),,STRAIGHT AND LEVEL,DRY,NO DEFECTS,,NO INJURY / DRIVE AWAY,,,,"OVER $1,500",9/14/2019 9:00,FAILING TO YIELD RIGHT-OF-WAY,NOT APPLICABLE,1642,E,HYDE PARK BLVD,222,Y,Y,,,,,1,NO INDICATION OF INJURY,0,0,0,0,0,1,0,8,7,9,41.80262889,-87.58459157,POINT (-87.584591565487 41.802628892467)
JC432817,,9/14/2019 8:02,15,NO CONTROLS,NO CONTROLS,CLEAR,DAYLIGHT,ANGLE,UNKNOWN INTERSECTION TYPE,,STRAIGHT AND LEVEL,DRY,NO DEFECTS,ON SCENE,INJURY AND / OR TOW DUE TO CRASH,Y,,,"OVER $1,500",9/14/2019 8:02,UNABLE TO DETERMINE,UNABLE TO DETERMINE,1800,N,LATROBE AVE,2532,,,,,,,2,NO INDICATION OF INJURY,0,0,0,0,0,2,0,8,7,9,41.9131789,-87.75716875,POINT (-87.757168745869 41.913178904009)
JC432781,,9/14/2019 7:45,35,UNKNOWN,UNKNOWN,CLEAR,DAYLIGHT,TURNING,UNKNOWN,,STRAIGHT AND LEVEL,DRY,UNKNOWN,ON SCENE,NO INJURY / DRIVE AWAY,,,,"OVER $1,500",9/14/2019 8:13,IMPROPER OVERTAKING/PASSING,NOT APPLICABLE,222,W,47TH ST,925,Y,Y,,,,,2,NO INDICATION OF INJURY,0,0,0,0,0,2,0,7,7,9,41.80923467,-87.63193817,POINT (-87.631938164562 41.809234666526)
JC432775,,9/14/2019 7:42,30,TRAFFIC SIGNAL,FUNCTIONING PROPERLY,CLEAR,DAYLIGHT,ANGLE,NOT DIVIDED,,STRAIGHT AND LEVEL,DRY,NO DEFECTS,ON SCENE,INJURY AND / OR TOW DUE TO CRASH,Y,,,"OVER $1,500",9/14/2019 7:55,DISREGARDING TRAFFIC SIGNALS,NOT APPLICABLE,99,N,STATE ST,112,,,,,,,2,NO INDICATION OF INJURY,0,0,0,0,0,2,0,7,7,9,41.88316069,-87.62772179,POINT (-87.627721785369 41.88316068634)
JC432769,,9/14/2019 7:40,30,NO CONTROLS,NO CONTROLS,CLEAR,DAYLIGHT,PEDESTRIAN,ONE-WAY,,STRAIGHT AND LEVEL,DRY,NO DEFECTS,ON SCENE,INJURY AND / OR TOW DUE TO CRASH,,,,"OVER $1,500",9/14/2019 7:40,FAILING TO REDUCE SPEED TO AVOID CRASH,FAILING TO YIELD RIGHT-OF-WAY,331,E,WACKER DR,114,,,,,,,2,INCAPACITATING INJURY,1,0,1,0,0,1,0,7,7,9,41.88752707,-87.61929414,POINT (-87.619294138983 41.887527073601)
JC432762,,9/14/2019 7:37,30,TRAFFIC SIGNAL,FUNCTIONING PROPERLY,CLEAR,DAYLIGHT,PEDALCYCLIST,FOUR WAY,,STRAIGHT AND LEVEL,DRY,NO DEFECTS,ON SCENE,NO INJURY / DRIVE AWAY,Y,,,"OVER $1,500",9/14/2019 7:50,BICYCLE ADVANCING LEGALLY ON RED LIGHT,"VISION OBSCURED (SIGNS, TREE LIMBS, BUILDINGS, ETC.)",3200,N,MILWAUKEE AVE,1732,,Y,,,,,2,NO INDICATION OF INJURY,0,0,0,0,0,2,0,7,7,9,41.93908625,-87.724073,POINT (-87.724072996185 41.939086252865)
JC433180,,9/14/2019 7:27,30,NO CONTROLS,NO CONTROLS,CLEAR,DAYLIGHT,SIDESWIPE SAME DIRECTION,NOT DIVIDED,,STRAIGHT AND LEVEL,DRY,NO DEFECTS,NOT ON SCENE (DESK REPORT),NO INJURY / DRIVE AWAY,,,,"$501 - $1,500",9/14/2019 14:23,NOT APPLICABLE,NOT APPLICABLE,5900,S,WESTERN AVE,824,,,,,,,2,NO INDICATION OF INJURY,0,0,0,0,0,2,0,7,7,9,41.78643718,-87.68397525,POINT (-87.683975246481 41.786437174774)
JC433230,Y,9/14/2019 7:00,30,NO CONTROLS,NO CONTROLS,CLEAR,DAYLIGHT,OTHER OBJECT,ALLEY,,STRAIGHT AND LEVEL,DRY,WORN SURFACE,ON SCENE,NO INJURY / DRIVE AWAY,Y,,Y,"OVER $1,500",9/14/2019 8:00,"OPERATING VEHICLE IN ERRATIC, RECKLESS, CARELESS, NEGLIGENT OR AGGRESSIVE MANNER",NOT APPLICABLE,4147,W,NORTH AVE,2534,,,,,,,1,NO INDICATION OF INJURY,0,0,0,0,0,1,0,7,7,9,41.90971603,-87.73077636,POINT (-87.730776363106 41.909716034162)
JC433160,,9/14/2019 6:50,30,UNKNOWN,UNKNOWN,UNKNOWN,UNKNOWN,REAR END,NOT DIVIDED,,STRAIGHT AND LEVEL,UNKNOWN,UNKNOWN,NOT ON SCENE (DESK REPORT),NO INJURY / DRIVE AWAY,Y,,N,"OVER $1,500",9/14/2019 13:45,UNABLE TO DETERMINE,UNABLE TO DETERMINE,701,E,57TH DR,233,,,,,,,2,NO INDICATION OF INJURY,0,0,0,0,0,3,0,6,7,9,41.79117528,-87.60786649,POINT (-87.607866486124 41.791175276568)
JC432745,,9/14/2019 6:20,35,NO CONTROLS,NO CONTROLS,CLEAR,DAYLIGHT,TURNING,DIVIDED - W/MEDIAN (NOT RAISED),,STRAIGHT AND LEVEL,DRY,NO DEFECTS,ON SCENE,INJURY AND / OR TOW DUE TO CRASH,,,,"OVER $1,500",9/14/2019 6:37,FAILING TO YIELD RIGHT-OF-WAY,NOT APPLICABLE,4600,W,FULLERTON AVE,2521,,,,,,,2,"REPORTED, NOT EVIDENT",2,0,0,0,2,0,0,6,7,9,41.92440954,-87.74187996,POINT (-87.741879956307 41.924409539923)
JC438935,,9/14/2019 6:00,35,NO CONTROLS,NO CONTROLS,CLEAR,DAYLIGHT,PARKED MOTOR VEHICLE,ONE-WAY,,STRAIGHT AND LEVEL,DRY,NO DEFECTS,NOT ON SCENE (DESK REPORT),NO INJURY / DRIVE AWAY,,,Y,"$501 - $1,500",9/18/2019 18:38,UNABLE TO DETERMINE,NOT APPLICABLE,6216,S,MAJOR AVE,812,,,,,,,2,NO INDICATION OF INJURY,0,0,0,0,0,1,0,6,7,9,41.77929048,-87.76436537,POINT (-87.764365369768 41.779290484055)
JC432777,,9/14/2019 6:00,30,TRAFFIC SIGNAL,FUNCTIONING PROPERLY,CLEAR,DAYLIGHT,REAR END,NOT DIVIDED,,STRAIGHT AND LEVEL,DRY,NO DEFECTS,NOT ON SCENE (DESK REPORT),NO INJURY / DRIVE AWAY,,,,$500 OR LESS,9/14/2019 8:00,UNABLE TO DETERMINE,UNABLE TO DETERMINE,12827,S,TORRENCE AVE,433,,,,,,,2,NO INDICATION OF INJURY,0,0,0,0,0,2,0,6,7,9,41.66202707,-87.55872041,POINT (-87.558720406205 41.662027066045)
JC432748,,9/14/2019 6:00,30,NO CONTROLS,NO CONTROLS,CLEAR,DAYLIGHT,FIXED OBJECT,NOT DIVIDED,,STRAIGHT AND LEVEL,DRY,NO DEFECTS,ON SCENE,INJURY AND / OR TOW DUE TO CRASH,,,,"OVER $1,500",9/14/2019 7:00,ANIMAL,UNABLE TO DETERMINE,2519,S,SENOUR AVE,913,,,,,,,1,NO INDICATION OF INJURY,0,0,0,0,0,1,0,6,7,9,41.84655988,-87.65160086,POINT (-87.651600862799 41.846559879868)
JC432738,,9/14/2019 6:00,30,TRAFFIC SIGNAL,FUNCTIONING IMPROPERLY,CLEAR,DAYLIGHT,REAR END,NOT DIVIDED,,STRAIGHT AND LEVEL,DRY,NO DEFECTS,NOT ON SCENE (DESK REPORT),NO INJURY / DRIVE AWAY,,,Y,"OVER $1,500",9/14/2019 6:35,UNABLE TO DETERMINE,UNABLE TO DETERMINE,3831,W,MADISON ST,1122,,,,,,,2,NO INDICATION OF INJURY,0,0,0,0,0,2,0,6,7,9,41.88066167,-87.72203889,POINT (-87.722038886806 41.880661673873)
JC432746,,9/14/2019 5:52,30,TRAFFIC SIGNAL,FUNCTIONING PROPERLY,CLEAR,DAYLIGHT,ANGLE,NOT DIVIDED,,STRAIGHT AND LEVEL,DRY,NO DEFECTS,NOT ON SCENE (DESK REPORT),NO INJURY / DRIVE AWAY,,,Y,"OVER $1,500",9/14/2019 7:15,UNABLE TO DETERMINE,NOT APPLICABLE,3999,N,ASHLAND AVE,1922,,,,,,,2,NO INDICATION OF INJURY,0,0,0,0,0,2,0,5,7,9,41.95420204,-87.66889863,POINT (-87.668898624726 41.954202043727)
JC432737,,9/14/2019 5:30,30,NO CONTROLS,NO CONTROLS,CLEAR,"DARKNESS, LIGHTED ROAD",PARKED MOTOR VEHICLE,NOT DIVIDED,,STRAIGHT AND LEVEL,DRY,NO DEFECTS,,INJURY AND / OR TOW DUE TO CRASH,,,Y,"OVER $1,500",9/14/2019 5:30,UNABLE TO DETERMINE,UNABLE TO DETERMINE,1415,N,AUSTIN BLVD,2531,,,,,,,4,NO INDICATION OF INJURY,0,0,0,0,0,1,0,5,7,9,41.90611283,-87.77535152,POINT (-87.775351520312 41.906112827228)
JC433463,,9/14/2019 5:22,25,NO CONTROLS,NO CONTROLS,CLEAR,DAWN,PARKED MOTOR VEHICLE,ONE-WAY,,STRAIGHT AND LEVEL,DRY,NO DEFECTS,NOT ON SCENE (DESK REPORT),NO INJURY / DRIVE AWAY,,,Y,"OVER $1,500",9/14/2019 19:00,UNABLE TO DETERMINE,UNABLE TO DETERMINE,4910,N,MONTICELLO AVE,1712,,,,,,,2,NO INDICATION OF INJURY,0,0,0,0,0,1,0,5,7,9,41.97052708,-87.71968391,POINT (-87.719683908189 41.97052707778)
JC443087,,9/14/2019 5:15,30,TRAFFIC SIGNAL,FUNCTIONING PROPERLY,CLEAR,DAYLIGHT,TURNING,NOT DIVIDED,,STRAIGHT AND LEVEL,DRY,NO DEFECTS,NOT ON SCENE (DESK REPORT),NO INJURY / DRIVE AWAY,,,Y,"OVER $1,500",9/21/2019 19:20,UNABLE TO DETERMINE,UNABLE TO DETERMINE,701,S,AUSTIN BLVD,1513,,,,,,,2,NO INDICATION OF INJURY,0,0,0,0,0,6,0,5,7,9,41.87124114,-87.77418411,POINT (-87.774184113713 41.871241138293)
JC432723,N,9/14/2019 5:00,30,TRAFFIC SIGNAL,FUNCTIONING PROPERLY,CLEAR,"DARKNESS, LIGHTED ROAD",REAR END,DIVIDED - W/MEDIAN (NOT RAISED),,STRAIGHT AND LEVEL,DRY,NO DEFECTS,ON SCENE,NO INJURY / DRIVE AWAY,Y,,,$500 OR LESS,9/14/2019 5:23,UNDER THE INFLUENCE OF ALCOHOL/DRUGS (USE WHEN ARREST IS EFFECTED),FOLLOWING TOO CLOSELY,6398,S,ARCHER AVE,811,,,,,,,2,NO INDICATION OF INJURY,0,0,0,0,0,2,0,5,7,9,41.79247037,-87.78178536,POINT (-87.781785362322 41.792470366847)
JC432716,,9/14/2019 4:55,30,NO CONTROLS,NO CONTROLS,CLEAR,"DARKNESS, LIGHTED ROAD",PARKED MOTOR VEHICLE,NOT DIVIDED,,STRAIGHT AND LEVEL,UNKNOWN,UNKNOWN,ON SCENE,INJURY AND / OR TOW DUE TO CRASH,N,,,"OVER $1,500",9/14/2019 4:57,IMPROPER TURNING/NO SIGNAL,EQUIPMENT - VEHICLE CONDITION,1300,S,THROOP ST,1233,,,,,,,2,NO INDICATION OF INJURY,0,0,0,0,0,2,0,4,7,9,41.86515574,-87.65896858,POINT (-87.658968576268 41.86515574054)
JC432735,,9/14/2019 4:40,30,TRAFFIC SIGNAL,FUNCTIONING PROPERLY,CLEAR,UNKNOWN,TURNING,DIVIDED - W/MEDIAN (NOT RAISED),,STRAIGHT AND LEVEL,DRY,NO DEFECTS,ON SCENE,INJURY AND / OR TOW DUE TO CRASH,N,,Y,"OVER $1,500",9/14/2019 4:45,UNABLE TO DETERMINE,UNABLE TO DETERMINE,1601,W,87TH ST,2221,,,,,,,2,NO INDICATION OF INJURY,0,0,0,0,0,2,0,4,7,9,41.73567912,-87.66312288,POINT (-87.663122884069 41.735679123095)