RD_NO,CRASH_DATE_EST_I,CRASH_DATE,POSTED_SPEED_LIMIT,TRAFFIC_CONTROL_DEVICE,DEVICE_CONDITION,WEATHER_CONDITION,LIGHTING_CONDITION,FIRST_CRASH_TYPE,TRAFFICWAY_TYPE,LANE_CNT,ALIGNMENT,ROADWAY_SURFACE_COND,ROAD_DEFECT,REPORT_TYPE,CRASH_TYPE,INTERSECTION_RELATED_I,NOT_RIGHT_OF_WAY_I,HIT_AND_RUN_I,DAMAGE,DATE_POLICE_NOTIFIED,PRIM_CONTRIBUTORY_CAUSE,SEC_CONTRIBUTORY_CAUSE,STREET_NO,STREET_DIRECTION,STREET_NAME,BEAT_OF_OCCURRENCE,PHOTOS_TAKEN_I,STATEMENTS_TAKEN_I,DOORING_I,WORK_ZONE_I,WORK_ZONE_TYPE,WORKERS_PRESENT_I,NUM_UNITS,MOST_SEVERE_INJURY,INJURIES_TOTAL,INJURIES_FATAL,INJURIES_INCAPACITATING,INJURIES_NON_INCAPACITATING,INJURIES_REPORTED_NOT_EVIDENT,INJURIES_NO_INDICATION,INJURIES_UNKNOWN,CRASH_HOUR,CRASH_DAY_OF_WEEK,CRASH_MONTH,LATITUDE,LONGITUDE,LOCATION
JC432422,,9/13/2019 19:40,30,NO CONTROLS,NO CONTROLS,CLEAR,DUSK,TURNING,NOT DIVIDED,,STRAIGHT AND LEVEL,DRY,NO DEFECTS,NOT ON SCENE (DESK REPORT),NO INJURY / DRIVE AWAY,,,,"OVER $1,500",9/13/2019 20:00,UNABLE TO DETERMINE,NOT APPLICABLE,1439,E,53RD ST,234,,,,,,,2,NO INDICATION OF INJURY,0,0,0,0,0,2,0,19,6,9,41.7994195,-87.59028685,POINT (-87.590286850088 41.799419503073)
JC432368,,9/13/2019 19:40,25,NO CONTROLS,NO CONTROLS,CLEAR,"DARKNESS, LIGHTED ROAD",PARKED MOTOR VEHICLE,ONE-WAY,,STRAIGHT AND LEVEL,DRY,NO DEFECTS,NOT ON SCENE (DESK REPORT),NO INJURY / DRIVE AWAY,,,Y,"OVER $1,500",9/13/2019 20:45,UNABLE TO DETERMINE,UNABLE TO DETERMINE,2432,W,52ND ST,923,,,,,,,2,NO INDICATION OF INJURY,0,0,0,0,0,1,0,19,6,9,41.79941895,-87.68546942,POINT (-87.685469417082 41.799418948692)
JC432345,,9/13/2019 19:38,30,TRAFFIC SIGNAL,FUNCTIONING PROPERLY,CLEAR,DUSK,REAR END,DIVIDED - W/MEDIAN BARRIER,,STRAIGHT AND LEVEL,DRY,NO DEFECTS,NOT ON SCENE (DESK REPORT),NO INJURY / DRIVE AWAY,,,,"OVER $1,500",9/13/2019 20:35,DISREGARDING TRAFFIC SIGNALS,NOT APPLICABLE,6725,S,JEFFERY BLVD,331,,,,,,,2,NO INDICATION OF INJURY,0,0,0,0,0,3,0,19,6,9,41.77268668,-87.57632814,POINT (-87.576328144418 41.772686674997)
JC432399,,9/13/2019 19:37,30,TRAFFIC SIGNAL,FUNCTIONING PROPERLY,CLEAR,"DARKNESS, LIGHTED ROAD",REAR END,NOT DIVIDED,,STRAIGHT AND LEVEL,DRY,NO DEFECTS,NOT ON SCENE (DESK REPORT),NO INJURY / DRIVE AWAY,,,Y,"$501 - $1,500",9/13/2019 21:27,UNABLE TO DETERMINE,UNABLE TO DETERMINE,968,W,CHICAGO AVE,1213,,,,,,,2,NO INDICATION OF INJURY,0,0,0,0,0,2,0,19,6,9,41.89642344,-87.65236046,POINT (-87.652360457748 41.896423442627)
JC432309,,9/13/2019 19:35,30,NO CONTROLS,NO CONTROLS,CLEAR,"DARKNESS, LIGHTED ROAD",PARKED MOTOR VEHICLE,NOT DIVIDED,,STRAIGHT AND LEVEL,DRY,NO DEFECTS,ON SCENE,INJURY AND / OR TOW DUE TO CRASH,,,,"$501 - $1,500",9/13/2019 19:40,NOT APPLICABLE,NOT APPLICABLE,3315,N,LECLAIRE AVE,1634,,,,,,,3,INCAPACITATING INJURY,1,0,1,0,0,0,0,19,6,9,41.94101572,-87.75416551,POINT (-87.75416551361 41.941015721574)
JC435561,,9/13/2019 19:30,30,UNKNOWN,UNKNOWN,CLEAR,UNKNOWN,PEDALCYCLIST,NOT DIVIDED,,STRAIGHT AND LEVEL,DRY,NO DEFECTS,NOT ON SCENE (DESK REPORT),NO INJURY / DRIVE AWAY,,,,$500 OR LESS,9/16/2019 12:30,UNABLE TO DETERMINE,UNABLE TO DETERMINE,1800,W,FOSTER AVE,2012,,,,,,,2,NO INDICATION OF INJURY,0,0,0,0,0,2,0,19,6,9,41.97620513,-87.67477655,POINT (-87.674776549853 41.976205128208)
JC433020,N,9/13/2019 19:30,30,NO CONTROLS,NO CONTROLS,CLEAR,"DARKNESS, LIGHTED ROAD",REAR TO FRONT,DIVIDED - W/MEDIAN BARRIER,,STRAIGHT AND LEVEL,DRY,NO DEFECTS,NOT ON SCENE (DESK REPORT),NO INJURY / DRIVE AWAY,,,,$500 OR LESS,9/14/2019 12:00,UNABLE TO DETERMINE,UNABLE TO DETERMINE,10337,S,HALSTED ST,2232,,,,,,,2,NO INDICATION OF INJURY,0,0,0,0,0,3,0,19,6,9,41.70581064,-87.64265369,POINT (-87.642653687204 41.705810639274)
JC432328,,9/13/2019 19:28,30,TRAFFIC SIGNAL,FUNCTIONING PROPERLY,CLEAR,"DARKNESS, LIGHTED ROAD",REAR END,DIVIDED - W/MEDIAN (NOT RAISED),,STRAIGHT AND LEVEL,DRY,NO DEFECTS,ON SCENE,NO INJURY / DRIVE AWAY,Y,,Y,"OVER $1,500",9/13/2019 19:28,FOLLOWING TOO CLOSELY,DRIVING SKILLS/KNOWLEDGE/EXPERIENCE,1809,W,DIVISION ST,1212,,,,,,,2,NO INDICATION OF INJURY,0,0,0,0,0,3,0,19,6,9,41.90315055,-87.67274925,POINT (-87.67274925235 41.903150549452)
JC432302,,9/13/2019 19:25,20,NO CONTROLS,NO CONTROLS,CLEAR,DAWN,PARKED MOTOR VEHICLE,ONE-WAY,,STRAIGHT AND LEVEL,DRY,NO DEFECTS,NOT ON SCENE (DESK REPORT),NO INJURY / DRIVE AWAY,,,Y,$500 OR LESS,9/13/2019 20:00,UNABLE TO DETERMINE,UNABLE TO DETERMINE,1148,N,HONORE ST,1212,,,,,,,2,NO INDICATION OF INJURY,0,0,0,0,0,1,0,19,6,9,41.90290877,-87.67373263,POINT (-87.673732625746 41.902908764876)
JC432361,,9/13/2019 19:15,30,NO CONTROLS,NO CONTROLS,CLEAR,"DARKNESS, LIGHTED ROAD",REAR END,DIVIDED - W/MEDIAN (NOT RAISED),,STRAIGHT AND LEVEL,DRY,NO DEFECTS,ON SCENE,INJURY AND / OR TOW DUE TO CRASH,,,,"OVER $1,500",9/13/2019 19:21,FOLLOWING TOO CLOSELY,NOT APPLICABLE,3259,W,COLUMBUS AVE,834,,,,,,,2,NO INDICATION OF INJURY,0,0,0,0,0,2,0,19,6,9,41.74929678,-87.70396718,POINT (-87.70396718085 41.749296781935)
JC432327,,9/13/2019 19:15,30,NO CONTROLS,UNKNOWN,CLEAR,"DARKNESS, LIGHTED ROAD",PARKED MOTOR VEHICLE,ONE-WAY,,STRAIGHT AND LEVEL,DRY,UNKNOWN,ON SCENE,NO INJURY / DRIVE AWAY,,,N,"$501 - $1,500",9/13/2019 19:18,UNABLE TO DETERMINE,UNABLE TO DETERMINE,6228,S,TROY ST,823,,,,,,,2,NO INDICATION OF INJURY,0,0,0,0,0,1,0,19,6,9,41.77992453,-87.70209145,POINT (-87.702091449865 41.77992453033)
JC432308,,9/13/2019 19:15,30,YIELD,NO CONTROLS,CLEAR,"DARKNESS, LIGHTED ROAD",PEDESTRIAN,PARKING LOT,,STRAIGHT AND LEVEL,DRY,NO DEFECTS,NOT ON SCENE (DESK REPORT),INJURY AND / OR TOW DUE TO CRASH,,,,"OVER $1,500",9/13/2019 19:27,FAILING TO YIELD RIGHT-OF-WAY,DRIVING SKILLS/KNOWLEDGE/EXPERIENCE,7804,S,COTTAGE GROVE AVE,624,,Y,,,,,2,"REPORTED, NOT EVIDENT",1,0,0,0,1,1,0,19,6,9,41.75290011,-87.60538892,POINT (-87.605388915973 41.75290011335)
JC435985,,9/13/2019 19:00,30,NO CONTROLS,NO CONTROLS,CLEAR,DAYLIGHT,SIDESWIPE SAME DIRECTION,DIVIDED - W/MEDIAN (NOT RAISED),,STRAIGHT AND LEVEL,DRY,NO DEFECTS,NOT ON SCENE (DESK REPORT),NO INJURY / DRIVE AWAY,,,,"OVER $1,500",9/16/2019 16:55,FAILING TO YIELD RIGHT-OF-WAY,NOT APPLICABLE,225,N,CANAL ST,1214,,,,,,,2,NO INDICATION OF INJURY,0,0,0,0,0,2,0,19,6,9,41.88652139,-87.63971391,POINT (-87.639713912868 41.886521388514)
JC435361,,9/13/2019 19:00,30,TRAFFIC SIGNAL,FUNCTIONING PROPERLY,CLEAR,UNKNOWN,TURNING,NOT DIVIDED,,STRAIGHT AND LEVEL,DRY,NO DEFECTS,NOT ON SCENE (DESK REPORT),NO INJURY / DRIVE AWAY,,,Y,"OVER $1,500",9/16/2019 10:05,UNABLE TO DETERMINE,NOT APPLICABLE,1800,N,AUSTIN AVE,2513,,,,,,,2,NO INDICATION OF INJURY,0,0,0,0,0,3,0,19,6,9,41.91296797,-87.77549303,POINT (-87.775493034283 41.912967970665)
JC432269,,9/13/2019 19:00,30,UNKNOWN,UNKNOWN,UNKNOWN,UNKNOWN,SIDESWIPE SAME DIRECTION,NOT DIVIDED,,STRAIGHT AND LEVEL,UNKNOWN,UNKNOWN,NOT ON SCENE (DESK REPORT),NO INJURY / DRIVE AWAY,,,,"OVER $1,500",9/13/2019 19:30,UNABLE TO DETERMINE,UNABLE TO DETERMINE,2958,W,CONGRESS PKWY,1135,,,,,,,2,NO INDICATION OF INJURY,0,0,0,0,0,2,0,19,6,9,41.87446177,-87.70090597,POINT (-87.700905972508 41.874461772047)
JC434328,,9/13/2019 18:55,30,NO CONTROLS,NO CONTROLS,UNKNOWN,UNKNOWN,PARKED MOTOR VEHICLE,DIVIDED - W/MEDIAN BARRIER,,STRAIGHT AND LEVEL,UNKNOWN,NO DEFECTS,NOT ON SCENE (DESK REPORT),NO INJURY / DRIVE AWAY,,,Y,"OVER $1,500",9/15/2019 13:50,UNABLE TO DETERMINE,NOT APPLICABLE,5314,S,DR MARTIN LUTHER KING JR DR,231,,,,,,,2,NO INDICATION OF INJURY,0,0,0,0,0,1,0,18,6,9,41.79797732,-87.61620878,POINT (-87.616208782893 41.797977320647)
JC433283,,9/13/2019 18:50,30,NO CONTROLS,NO CONTROLS,CLEAR,DUSK,PARKED MOTOR VEHICLE,ONE-WAY,,STRAIGHT AND LEVEL,DRY,NO DEFECTS,NOT ON SCENE (DESK REPORT),NO INJURY / DRIVE AWAY,,,,"$501 - $1,500",9/14/2019 15:58,IMPROPER BACKING,NOT APPLICABLE,2749,W,WILCOX ST,1125,,,,,,,2,NO INDICATION OF INJURY,0,0,0,0,0,1,0,18,6,9,41.87915138,-87.69568754,POINT (-87.695687538439 41.879151378836)
JC432280,,9/13/2019 18:45,25,NO CONTROLS,NO CONTROLS,CLEAR,DAYLIGHT,PARKED MOTOR VEHICLE,NOT DIVIDED,,STRAIGHT AND LEVEL,DRY,NO DEFECTS,NOT ON SCENE (DESK REPORT),NO INJURY / DRIVE AWAY,,,Y,"OVER $1,500",9/13/2019 19:40,IMPROPER LANE USAGE,NOT APPLICABLE,1008,S,CANAL ST,124,,,,,,,2,NO INDICATION OF INJURY,0,0,0,0,0,1,0,18,6,9,41.86945749,-87.63941365,POINT (-87.639413653426 41.869457489586)
JC432243,,9/13/2019 18:45,30,STOP SIGN/FLASHER,FUNCTIONING PROPERLY,CLEAR,DAYLIGHT,REAR END,NOT DIVIDED,,STRAIGHT AND LEVEL,DRY,NO DEFECTS,NOT ON SCENE (DESK REPORT),NO INJURY / DRIVE AWAY,,,,"OVER $1,500",9/13/2019 19:10,UNABLE TO DETERMINE,NOT APPLICABLE,400,E,48TH ST,223,,,,,,,2,NO INDICATION OF INJURY,0,0,0,0,0,3,0,18,6,9,41.80767899,-87.61615992,POINT (-87.616159915037 41.807678994448)
JC432207,,9/13/2019 18:45,30,TRAFFIC SIGNAL,FUNCTIONING PROPERLY,CLEAR,DAYLIGHT,ANGLE,DIVIDED - W/MEDIAN (NOT RAISED),,STRAIGHT AND LEVEL,DRY,NO DEFECTS,ON SCENE,INJURY AND / OR TOW DUE TO CRASH,Y,,,"OVER $1,500",9/13/2019 18:45,DISREGARDING TRAFFIC SIGNALS,NOT APPLICABLE,6800,W,ARCHER AVE,811,,,,,,,2,NO INDICATION OF INJURY,0,0,0,0,0,3,0,18,6,9,41.7922647,-87.79164083,POINT (-87.791640833005 41.792264700264)
JC432956,,9/13/2019 18:39,30,NO CONTROLS,NO CONTROLS,CLEAR,DAYLIGHT,REAR TO FRONT,OTHER,,STRAIGHT AND LEVEL,DRY,NO DEFECTS,NOT ON SCENE (DESK REPORT),NO INJURY / DRIVE AWAY,,,,"$501 - $1,500",9/14/2019 11:00,DRIVING SKILLS/KNOWLEDGE/EXPERIENCE,UNABLE TO DETERMINE,1446,S,MICHIGAN AVE,131,,,,,,,2,NO INDICATION OF INJURY,0,0,0,0,0,2,0,18,6,9,41.86278459,-87.62419443,POINT (-87.624194426422 41.862784589522)
JC433153,,9/13/2019 18:35,30,TRAFFIC SIGNAL,FUNCTIONING PROPERLY,CLEAR,UNKNOWN,TURNING,FOUR WAY,,STRAIGHT AND LEVEL,DRY,NO DEFECTS,NOT ON SCENE (DESK REPORT),NO INJURY / DRIVE AWAY,Y,,,"OVER $1,500",9/14/2019 14:00,UNABLE TO DETERMINE,NOT APPLICABLE,3355,W,PETERSON AVE,1711,,,,,,,2,NO INDICATION OF INJURY,0,0,0,0,0,2,0,18,6,9,41.99021576,-87.71375157,POINT (-87.713751565787 41.990215763092)
JC432241,,9/13/2019 18:34,30,NO CONTROLS,NO CONTROLS,CLEAR,DAYLIGHT,PEDALCYCLIST,NOT DIVIDED,,STRAIGHT AND LEVEL,DRY,"RUT, HOLES",NOT ON SCENE (DESK REPORT),NO INJURY / DRIVE AWAY,,,,"OVER $1,500",9/13/2019 19:00,NOT APPLICABLE,NOT APPLICABLE,3353,N,CLARK ST,1924,Y,,,,,,2,NO INDICATION OF INJURY,0,0,0,0,0,1,0,18,6,9,41.94313901,-87.65308394,POINT (-87.653083936095 41.943139011872)
JC432906,,9/13/2019 18:30,30,STOP SIGN/FLASHER,FUNCTIONING PROPERLY,UNKNOWN,DAYLIGHT,REAR END,ONE-WAY,,STRAIGHT AND LEVEL,UNKNOWN,UNKNOWN,NOT ON SCENE (DESK REPORT),NO INJURY / DRIVE AWAY,,,N,"OVER $1,500",9/14/2019 10:20,FAILING TO YIELD RIGHT-OF-WAY,FOLLOWING TOO CLOSELY,8200,S,EBERHART AVE,631,,,,,,,2,NO INDICATION OF INJURY,0,0,0,0,0,2,0,18,6,9,41.74558478,-87.61249479,POINT (-87.612494789891 41.745584777864)
JC432202,,9/13/2019 18:30,30,STOP SIGN/FLASHER,FUNCTIONING PROPERLY,CLEAR,DAYLIGHT,TURNING,NOT DIVIDED,,STRAIGHT AND LEVEL,DRY,NO DEFECTS,ON SCENE,NO INJURY / DRIVE AWAY,Y,,,"$501 - $1,500",9/13/2019 18:58,UNABLE TO DETERMINE,UNABLE TO DETERMINE,840,W,35TH ST,913,,,,,,,2,NO INDICATION OF INJURY,0,0,0,0,0,2,0,18,6,9,41.83083905,-87.64775841,POINT (-87.647758413888 41.830839045631)
JC440336,,9/13/2019 18:28,30,NO CONTROLS,NO CONTROLS,CLEAR,DAYLIGHT,SIDESWIPE SAME DIRECTION,ONE-WAY,,STRAIGHT AND LEVEL,DRY,NO DEFECTS,NOT ON SCENE (DESK REPORT),NO INJURY / DRIVE AWAY,,,,"OVER $1,500",9/19/2019 18:37,FOLLOWING TOO CLOSELY,IMPROPER OVERTAKING/PASSING,55,E,GRAND AVE,1834,,,,,,,2,NO INDICATION OF INJURY,0,0,0,0,0,7,0,18,6,9,41.89159074,-87.62586714,POINT (-87.625867137245 41.891590741084)
JC432188,,9/13/2019 18:22,30,NO CONTROLS,NO CONTROLS,CLEAR,DAYLIGHT,SIDESWIPE SAME DIRECTION,NOT DIVIDED,,STRAIGHT AND LEVEL,DRY,NO DEFECTS,ON SCENE,NO INJURY / DRIVE AWAY,,,,"OVER $1,500",9/13/2019 18:22,DRIVING SKILLS/KNOWLEDGE/EXPERIENCE,UNABLE TO DETERMINE,6847,W,ARCHER AVE,811,,,,,,,2,NO INDICATION OF INJURY,0,0,0,0,0,2,0,18,6,9,41.79201056,-87.7934456,POINT (-87.793445603956 41.792010563305)
JC432272,,9/13/2019 18:15,30,OTHER,OTHER,CLEAR,"DARKNESS, LIGHTED ROAD",REAR END,UNKNOWN,,STRAIGHT AND LEVEL,DRY,NO DEFECTS,ON SCENE,INJURY AND / OR TOW DUE TO CRASH,,,Y,"$501 - $1,500",9/13/2019 19:30,FOLLOWING TOO CLOSELY,FOLLOWING TOO CLOSELY,5258,W,BARRY AVE,2514,,,,,,,2,INCAPACITATING INJURY,1,0,1,0,0,1,0,18,6,9,41.93695583,-87.75894252,POINT (-87.758942519321 41.936955834265)
JC432177,,9/13/2019 18:15,30,TRAFFIC SIGNAL,FUNCTIONING PROPERLY,CLEAR,DAYLIGHT,SIDESWIPE SAME DIRECTION,NOT DIVIDED,,STRAIGHT AND LEVEL,DRY,NO DEFECTS,ON SCENE,NO INJURY / DRIVE AWAY,,,Y,$500 OR LESS,9/13/2019 18:30,UNABLE TO DETERMINE,UNABLE TO DETERMINE,800,W,ROOSEVELT RD,1232,,,,,,,2,NO INDICATION OF INJURY,0,0,0,0,0,2,0,18,6,9,41.8672631,-87.64697269,POINT (-87.646972686016 41.867263098369)
JC432168,,9/13/2019 18:14,30,NO CONTROLS,NO CONTROLS,CLEAR,DAYLIGHT,REAR END,DIVIDED - W/MEDIAN (NOT RAISED),,STRAIGHT AND LEVEL,DRY,NO DEFECTS,ON SCENE,NO INJURY / DRIVE AWAY,,,,"$501 - $1,500",9/13/2019 18:14,UNABLE TO DETERMINE,NOT APPLICABLE,758,W,VAN BUREN ST,1232,,,,,,,2,NO INDICATION OF INJURY,0,0,0,0,0,2,0,18,6,9,41.87679276,-87.6464021,POINT (-87.646402100765 41.876792757232)
JC435184,,9/13/2019 18:13,25,NO CONTROLS,NO CONTROLS,CLEAR,DAYLIGHT,REAR END,NOT DIVIDED,,STRAIGHT AND LEVEL,DRY,NO DEFECTS,NOT ON SCENE (DESK REPORT),NO INJURY / DRIVE AWAY,N,,,"$501 - $1,500",9/16/2019 6:55,UNABLE TO DETERMINE,UNABLE TO DETERMINE,6525,W,ARCHER AVE,811,,,,,,,2,NO INDICATION OF INJURY,0,0,0,0,0,2,0,18,6,9,41.79216385,-87.78540566,POINT (-87.785405661602 41.792163848655)
JC432164,,9/13/2019 18:10,35,TRAFFIC SIGNAL,FUNCTIONING PROPERLY,CLEAR,DAYLIGHT,REAR END,DIVIDED - W/MEDIAN (NOT RAISED),,STRAIGHT AND LEVEL,DRY,NO DEFECTS,NOT ON SCENE (DESK REPORT),NO INJURY / DRIVE AWAY,,,Y,"$501 - $1,500",9/13/2019 18:20,UNABLE TO DETERMINE,UNABLE TO DETERMINE,1500,S,KEDZIE AVE,1022,,,,,,,3,NO INDICATION OF INJURY,0,0,0,0,0,4,0,18,6,9,41.86087644,-87.70565817,POINT (-87.705658169222 41.860876436736)
JC432375,,9/13/2019 18:08,10,YIELD,FUNCTIONING PROPERLY,CLEAR,"DARKNESS, LIGHTED ROAD",ANGLE,PARKING LOT,,STRAIGHT AND LEVEL,DRY,NO DEFECTS,ON SCENE,INJURY AND / OR TOW DUE TO CRASH,,Y,,"OVER $1,500",9/13/2019 20:36,FAILING TO YIELD RIGHT-OF-WAY,NOT APPLICABLE,350,E,MONROE DR,114,,,,,,,2,NO INDICATION OF INJURY,0,0,0,0,0,3,0,18,6,9,41.88100921,-87.61893916,POINT (-87.618939158939 41.881009213711)
JC450962,,9/13/2019 18:05,30,NO CONTROLS,NO CONTROLS,CLEAR,DAYLIGHT,TURNING,NOT DIVIDED,,STRAIGHT AND LEVEL,UNKNOWN,UNKNOWN,NOT ON SCENE (DESK REPORT),NO INJURY / DRIVE AWAY,Y,,,"OVER $1,500",9/27/2019 18:40,FOLLOWING TOO CLOSELY,NOT APPLICABLE,801,W,34TH PL,913,,,,,,,2,NO INDICATION OF INJURY,0,0,0,0,0,2,0,18,6,9,41.83166597,-87.64624978,POINT (-87.646249783539 41.831665967097)
JC433134,,9/13/2019 18:00,30,NO CONTROLS,NO CONTROLS,CLEAR,DAYLIGHT,TURNING,NOT DIVIDED,,STRAIGHT AND LEVEL,DRY,NO DEFECTS,NOT ON SCENE (DESK REPORT),NO INJURY / DRIVE AWAY,,,,"$501 - $1,500",9/14/2019 14:00,FAILING TO YIELD RIGHT-OF-WAY,NOT APPLICABLE,537,N,CAMPBELL AVE,1221,,,,,,,2,NO INDICATION OF INJURY,0,0,0,0,0,2,0,18,6,9,41.89131609,-87.68902908,POINT (-87.68902907699 41.891316088173)
JC432351,,9/13/2019 18:00,35,NO CONTROLS,NO CONTROLS,CLEAR,DAYLIGHT,SIDESWIPE SAME DIRECTION,NOT DIVIDED,,STRAIGHT AND LEVEL,DRY,NO DEFECTS,NOT ON SCENE (DESK REPORT),NO INJURY / DRIVE AWAY,,,Y,"$501 - $1,500",9/13/2019 20:20,UNABLE TO DETERMINE,UNABLE TO DETERMINE,2199,W,CHICAGO AVE,1221,,,,,,,2,NO INDICATION OF INJURY,0,0,0,0,0,2,0,18,6,9,41.89571957,-87.68182312,POINT (-87.681823119563 41.895719570041)
JC432332,,9/13/2019 18:00,30,NO CONTROLS,NO CONTROLS,CLEAR,DAYLIGHT,PARKED MOTOR VEHICLE,NOT DIVIDED,,STRAIGHT AND LEVEL,DRY,NO DEFECTS,NOT ON SCENE (DESK REPORT),NO INJURY / DRIVE AWAY,,,Y,"$501 - $1,500",9/13/2019 20:16,NOT APPLICABLE,NOT APPLICABLE,6900,S,LAWNDALE AVE,833,,,,,,,2,NO INDICATION OF INJURY,0,0,0,0,0,1,0,18,6,9,41.76779823,-87.7152806,POINT (-87.715280599033 41.767798233108)
JC432224,,9/13/2019 18:00,30,TRAFFIC SIGNAL,FUNCTIONING PROPERLY,CLEAR,DAYLIGHT,PEDESTRIAN,NOT DIVIDED,,STRAIGHT AND LEVEL,DRY,NO DEFECTS,ON SCENE,INJURY AND / OR TOW DUE TO CRASH,Y,,Y,"$501 - $1,500",9/13/2019 18:05,FAILING TO YIELD RIGHT-OF-WAY,NOT APPLICABLE,8600,S,SUMMIT AVE,613,,,,,,,2,NONINCAPACITATING INJURY,1,0,0,1,0,1,0,18,6,9,41.73785672,-87.6446472,POINT (-87.644647197049 41.737856717133)
JC432200,,9/13/2019 17:55,30,NO CONTROLS,NO CONTROLS,CLEAR,DAYLIGHT,TURNING,DIVIDED - W/MEDIAN (NOT RAISED),,STRAIGHT AND LEVEL,DRY,NO DEFECTS,NOT ON SCENE (DESK REPORT),NO INJURY / DRIVE AWAY,Y,,,"$501 - $1,500",9/13/2019 18:20,UNABLE TO DETERMINE,NOT APPLICABLE,3300,E,106TH ST,432,,,,,,,2,NO INDICATION OF INJURY,0,0,0,0,0,2,0,17,6,9,41.702872,-87.54370536,POINT (-87.543705358785 41.702871997018)
JC432199,,9/13/2019 17:55,30,NO CONTROLS,NO CONTROLS,CLEAR,DAYLIGHT,REAR END,NOT DIVIDED,,STRAIGHT AND LEVEL,DRY,NO DEFECTS,NOT ON SCENE (DESK REPORT),NO INJURY / DRIVE AWAY,,,,"OVER $1,500",9/13/2019 18:30,FOLLOWING TOO CLOSELY,UNABLE TO DETERMINE,520,W,14TH PL,124,,,,,,,2,NO INDICATION OF INJURY,0,0,0,0,0,2,0,17,6,9,41.86256122,-87.63998834,POINT (-87.639988343348 41.86256121568)
JC435745,,9/13/2019 17:50,25,NO CONTROLS,NO CONTROLS,CLEAR,DAYLIGHT,REAR END,NOT DIVIDED,,STRAIGHT AND LEVEL,DRY,NO DEFECTS,NOT ON SCENE (DESK REPORT),NO INJURY / DRIVE AWAY,,,Y,"$501 - $1,500",9/16/2019 15:50,UNABLE TO DETERMINE,UNABLE TO DETERMINE,5103,W,WASHINGTON BLVD,1533,,,,,,,2,NO INDICATION OF INJURY,0,0,0,0,0,2,0,17,6,9,41.88160927,-87.75280525,POINT (-87.752805246787 41.881609271083)
JC432815,,9/13/2019 17:45,30,TRAFFIC SIGNAL,FUNCTIONING PROPERLY,CLEAR,DAYLIGHT,SIDESWIPE SAME DIRECTION,NOT DIVIDED,,STRAIGHT AND LEVEL,DRY,NO DEFECTS,NOT ON SCENE (DESK REPORT),NO INJURY / DRIVE AWAY,,,,"OVER $1,500",9/14/2019 8:50,IMPROPER OVERTAKING/PASSING,UNABLE TO DETERMINE,2400,W,ROOSEVELT RD,1135,,,,,,,2,NO INDICATION OF INJURY,0,0,0,0,0,4,0,17,6,9,41.86672069,-87.68616277,POINT (-87.686162771246 41.86672069098)
JC432380,,9/13/2019 17:45,30,NO CONTROLS,NO CONTROLS,CLEAR,DAYLIGHT,SIDESWIPE SAME DIRECTION,ONE-WAY,,STRAIGHT AND LEVEL,DRY,NO DEFECTS,NOT ON SCENE (DESK REPORT),NO INJURY / DRIVE AWAY,,,Y,"$501 - $1,500",9/13/2019 21:10,UNABLE TO DETERMINE,NOT APPLICABLE,135,W,MADISON ST,122,,,,,,,2,NO INDICATION OF INJURY,0,0,0,0,0,2,0,17,6,9,41.88185674,-87.63189616,POINT (-87.631896161552 41.881856743638)
JC432240,,9/13/2019 17:45,35,NO CONTROLS,NO CONTROLS,CLEAR,DAYLIGHT,SIDESWIPE SAME DIRECTION,DIVIDED - W/MEDIAN (NOT RAISED),,STRAIGHT AND LEVEL,DRY,NO DEFECTS,ON SCENE,NO INJURY / DRIVE AWAY,,,Y,"$501 - $1,500",9/13/2019 18:29,IMPROPER OVERTAKING/PASSING,FOLLOWING TOO CLOSELY,2200,E,130TH ST,434,,,,,,,2,NO INDICATION OF INJURY,0,0,0,0,0,3,0,17,6,9,41.65929695,-87.57012905,POINT (-87.570129044549 41.659296952728)
JC432139,,9/13/2019 17:45,30,NO CONTROLS,NO CONTROLS,CLEAR,DAYLIGHT,TURNING,DIVIDED - W/MEDIAN (NOT RAISED),,STRAIGHT AND LEVEL,DRY,NO DEFECTS,ON SCENE,INJURY AND / OR TOW DUE TO CRASH,,,Y,"OVER $1,500",9/13/2019 17:52,FAILING TO YIELD RIGHT-OF-WAY,NOT APPLICABLE,6731,S,PULASKI RD,833,,,,,,,2,NO INDICATION OF INJURY,0,0,0,0,0,2,0,17,6,9,41.77050637,-87.72240759,POINT (-87.722407586264 41.770506371155)
JC432117,,9/13/2019 17:40,30,NO CONTROLS,NO CONTROLS,CLEAR,DAYLIGHT,TURNING,NOT DIVIDED,,STRAIGHT AND LEVEL,DRY,NO DEFECTS,ON SCENE,NO INJURY / DRIVE AWAY,,,,"OVER $1,500",9/13/2019 17:45,FAILING TO REDUCE SPEED TO AVOID CRASH,NOT APPLICABLE,5600,S,DR MARTIN LUTHER KING JR DR,231,,,,,,,2,NO INDICATION OF INJURY,0,0,0,0,0,2,0,17,6,9,41.79290778,-87.6160796,POINT (-87.616079599152 41.792907783202)