RD_NO,CRASH_DATE_EST_I,CRASH_DATE,POSTED_SPEED_LIMIT,TRAFFIC_CONTROL_DEVICE,DEVICE_CONDITION,WEATHER_CONDITION,LIGHTING_CONDITION,FIRST_CRASH_TYPE,TRAFFICWAY_TYPE,LANE_CNT,ALIGNMENT,ROADWAY_SURFACE_COND,ROAD_DEFECT,REPORT_TYPE,CRASH_TYPE,INTERSECTION_RELATED_I,NOT_RIGHT_OF_WAY_I,HIT_AND_RUN_I,DAMAGE,DATE_POLICE_NOTIFIED,PRIM_CONTRIBUTORY_CAUSE,SEC_CONTRIBUTORY_CAUSE,STREET_NO,STREET_DIRECTION,STREET_NAME,BEAT_OF_OCCURRENCE,PHOTOS_TAKEN_I,STATEMENTS_TAKEN_I,DOORING_I,WORK_ZONE_I,WORK_ZONE_TYPE,WORKERS_PRESENT_I,NUM_UNITS,MOST_SEVERE_INJURY,INJURIES_TOTAL,INJURIES_FATAL,INJURIES_INCAPACITATING,INJURIES_NON_INCAPACITATING,INJURIES_REPORTED_NOT_EVIDENT,INJURIES_NO_INDICATION,INJURIES_UNKNOWN,CRASH_HOUR,CRASH_DAY_OF_WEEK,CRASH_MONTH,LATITUDE,LONGITUDE,LOCATION
JC432189,,9/13/2019 17:35,30,NO CONTROLS,NO CONTROLS,CLEAR,DAYLIGHT,REAR END,PARKING LOT,,STRAIGHT AND LEVEL,DRY,UNKNOWN,ON SCENE,NO INJURY / DRIVE AWAY,,,Y,$500 OR LESS,9/13/2019 17:41,UNABLE TO DETERMINE,NOT APPLICABLE,43,N,HOMAN BLVD,1123,,,,,,,2,NO INDICATION OF INJURY,0,0,0,0,0,2,0,17,6,9,41.88221129,-87.71089861,POINT (-87.710898608036 41.882211292041)
JC432097,,9/13/2019 17:35,30,NO CONTROLS,NO CONTROLS,CLEAR,DAYLIGHT,TURNING,DIVIDED - W/MEDIAN (NOT RAISED),,STRAIGHT AND LEVEL,DRY,NO DEFECTS,ON SCENE,INJURY AND / OR TOW DUE TO CRASH,,,Y,"OVER $1,500",9/13/2019 17:45,FOLLOWING TOO CLOSELY,NOT APPLICABLE,7226,S,STONY ISLAND AVE,324,,,,,,,2,NO INDICATION OF INJURY,0,0,0,0,0,3,0,17,6,9,41.76336326,-87.5864023,POINT (-87.586402294939 41.763363264183)
JC432232,,9/13/2019 17:33,30,NO CONTROLS,NO CONTROLS,CLEAR,DAYLIGHT,TURNING,NOT DIVIDED,,STRAIGHT AND LEVEL,DRY,NO DEFECTS,ON SCENE,INJURY AND / OR TOW DUE TO CRASH,,,,"OVER $1,500",9/13/2019 18:55,IMPROPER OVERTAKING/PASSING,NOT APPLICABLE,2195,S,UNION AVE,1235,,,,,,,2,NO INDICATION OF INJURY,0,0,0,0,0,2,0,17,6,9,41.85271938,-87.64459577,POINT (-87.64459577434 41.852719375202)
JC432186,,9/13/2019 17:30,30,NO CONTROLS,NO CONTROLS,CLEAR,DUSK,TURNING,DIVIDED - W/MEDIAN (NOT RAISED),,STRAIGHT AND LEVEL,DRY,NO DEFECTS,NOT ON SCENE (DESK REPORT),INJURY AND / OR TOW DUE TO CRASH,,,,"$501 - $1,500",9/13/2019 18:27,FAILING TO YIELD RIGHT-OF-WAY,NOT APPLICABLE,2354,W,18TH PL,1234,,,,,,,2,"REPORTED, NOT EVIDENT",2,0,0,0,2,1,0,17,6,9,41.85674745,-87.68556155,POINT (-87.685561551702 41.856747449516)
JC432136,,9/13/2019 17:30,30,STOP SIGN/FLASHER,UNKNOWN,CLEAR,DAYLIGHT,REAR END,NOT DIVIDED,,STRAIGHT AND LEVEL,DRY,UNKNOWN,NOT ON SCENE (DESK REPORT),NO INJURY / DRIVE AWAY,,,,"$501 - $1,500",9/13/2019 17:58,UNABLE TO DETERMINE,UNABLE TO DETERMINE,3354,E,106TH ST,432,,,,,,,2,NO INDICATION OF INJURY,0,0,0,0,0,2,0,17,6,9,41.70286754,-87.54155944,POINT (-87.541559440381 41.702867539175)
JC432094,,9/13/2019 17:28,30,TRAFFIC SIGNAL,FUNCTIONING PROPERLY,CLEAR,DAYLIGHT,REAR END,NOT DIVIDED,,STRAIGHT AND LEVEL,DRY,NO DEFECTS,ON SCENE,NO INJURY / DRIVE AWAY,Y,,,$500 OR LESS,9/13/2019 17:31,FAILING TO REDUCE SPEED TO AVOID CRASH,NOT APPLICABLE,3,N,HALSTED ST,1224,,,,,,,2,NO INDICATION OF INJURY,0,0,0,0,0,2,0,17,6,9,41.88187739,-87.64721734,POINT (-87.647217334602 41.881877392627)
JC432076,,9/13/2019 17:26,35,STOP SIGN/FLASHER,FUNCTIONING PROPERLY,CLEAR,DAYLIGHT,SIDESWIPE SAME DIRECTION,NOT DIVIDED,,STRAIGHT AND LEVEL,DRY,NO DEFECTS,ON SCENE,NO INJURY / DRIVE AWAY,,,,"OVER $1,500",9/13/2019 17:30,IMPROPER OVERTAKING/PASSING,NOT APPLICABLE,3659,N,CLARK ST,1923,,,,,,,2,NO INDICATION OF INJURY,0,0,0,0,0,2,0,17,6,9,41.94877483,-87.65761065,POINT (-87.657610648736 41.948774833652)
JC432089,,9/13/2019 17:25,30,STOP SIGN/FLASHER,FUNCTIONING PROPERLY,CLEAR,DAYLIGHT,ANGLE,FOUR WAY,,STRAIGHT AND LEVEL,DRY,NO DEFECTS,NOT ON SCENE (DESK REPORT),INJURY AND / OR TOW DUE TO CRASH,Y,,,"OVER $1,500",9/13/2019 17:28,FAILING TO YIELD RIGHT-OF-WAY,NOT APPLICABLE,134,N,SANGAMON ST,1224,,,,,,,2,NO INDICATION OF INJURY,0,0,0,0,0,3,0,17,6,9,41.88411813,-87.65107909,POINT (-87.651079090261 41.884118127278)
JC432109,,9/13/2019 17:24,30,NO CONTROLS,NO CONTROLS,CLEAR,DAYLIGHT,REAR TO FRONT,NOT DIVIDED,,STRAIGHT AND LEVEL,DRY,NO DEFECTS,NOT ON SCENE (DESK REPORT),NO INJURY / DRIVE AWAY,,,,"OVER $1,500",9/13/2019 17:50,UNABLE TO DETERMINE,NOT APPLICABLE,326,S,HOYNE AVE,1225,,,,,,,2,NO INDICATION OF INJURY,0,0,0,0,0,3,0,17,6,9,41.87685697,-87.67909493,POINT (-87.679094932423 41.876856972199)
JC432194,,9/13/2019 17:15,30,TRAFFIC SIGNAL,FUNCTIONING PROPERLY,CLEAR,DAYLIGHT,SIDESWIPE SAME DIRECTION,DIVIDED - W/MEDIAN (NOT RAISED),,STRAIGHT AND LEVEL,DRY,NO DEFECTS,ON SCENE,INJURY AND / OR TOW DUE TO CRASH,,,,"OVER $1,500",9/13/2019 18:00,IMPROPER OVERTAKING/PASSING,UNABLE TO DETERMINE,2955,N,ASHLAND AVE,1932,,,,,,,2,NO INDICATION OF INJURY,0,0,0,0,0,3,0,17,6,9,41.9358802,-87.66837671,POINT (-87.668376709397 41.93588019542)
JC432187,,9/13/2019 17:10,30,NO CONTROLS,NO CONTROLS,CLEAR,DAYLIGHT,PARKED MOTOR VEHICLE,ONE-WAY,,STRAIGHT AND LEVEL,DRY,NO DEFECTS,NOT ON SCENE (DESK REPORT),NO INJURY / DRIVE AWAY,,,,"OVER $1,500",9/13/2019 18:30,UNABLE TO DETERMINE,UNABLE TO DETERMINE,6066,N,TROY ST,2413,,,,,,,2,NO INDICATION OF INJURY,0,0,0,0,0,3,0,17,6,9,41.99212559,-87.70810202,POINT (-87.708102020128 41.992125585218)
JC432102,,9/13/2019 17:02,10,NO CONTROLS,NO CONTROLS,CLEAR,DAYLIGHT,ANGLE,PARKING LOT,,STRAIGHT AND LEVEL,DRY,NO DEFECTS,NOT ON SCENE (DESK REPORT),NO INJURY / DRIVE AWAY,,,,"OVER $1,500",9/13/2019 17:45,IMPROPER BACKING,FAILING TO YIELD RIGHT-OF-WAY,7900,S,DR MARTIN LUTHER KING JR DR,623,,,,,,,2,NO INDICATION OF INJURY,0,0,0,0,0,5,0,17,6,9,41.75102047,-87.61510225,POINT (-87.615102245534 41.751020470682)
JC432170,,9/13/2019 17:00,5,NO CONTROLS,NO CONTROLS,CLEAR,DAYLIGHT,PARKED MOTOR VEHICLE,PARKING LOT,,STRAIGHT AND LEVEL,DRY,UNKNOWN,NOT ON SCENE (DESK REPORT),NO INJURY / DRIVE AWAY,,,Y,$500 OR LESS,9/13/2019 18:15,UNABLE TO DETERMINE,UNABLE TO DETERMINE,8306,S,SOUTH CHICAGO AVE,412,,,,,,,2,NO INDICATION OF INJURY,0,0,0,0,0,1,0,17,6,9,41.74408866,-87.57549096,POINT (-87.575490957711 41.744088658927)
JC432138,,9/13/2019 17:00,10,NO CONTROLS,NO CONTROLS,CLEAR,DAYLIGHT,ANGLE,PARKING LOT,,STRAIGHT AND LEVEL,UNKNOWN,UNKNOWN,NOT ON SCENE (DESK REPORT),NO INJURY / DRIVE AWAY,,,,"$501 - $1,500",9/13/2019 17:56,IMPROPER BACKING,IMPROPER BACKING,4720,N,MARINE DR,1914,,,,,,,2,NO INDICATION OF INJURY,0,0,0,0,0,3,0,17,6,9,41.96805305,-87.64947456,POINT (-87.649474555172 41.968053047156)
JC432107,,9/13/2019 17:00,35,NO CONTROLS,NO CONTROLS,CLEAR,DAYLIGHT,SIDESWIPE SAME DIRECTION,NOT DIVIDED,,STRAIGHT AND LEVEL,DRY,NO DEFECTS,NOT ON SCENE (DESK REPORT),NO INJURY / DRIVE AWAY,,,,"$501 - $1,500",9/13/2019 17:55,UNABLE TO DETERMINE,NOT APPLICABLE,2400,S,WESTERN AVE,1034,,,,,,,2,NO INDICATION OF INJURY,0,0,0,0,0,3,0,17,6,9,41.84835204,-87.68568193,POINT (-87.685681934492 41.848352042192)
JC432068,,9/13/2019 17:00,35,NO CONTROLS,NO CONTROLS,CLEAR,DAYLIGHT,SIDESWIPE SAME DIRECTION,NOT DIVIDED,,STRAIGHT AND LEVEL,DRY,NO DEFECTS,NOT ON SCENE (DESK REPORT),NO INJURY / DRIVE AWAY,,,,"OVER $1,500",9/13/2019 17:29,IMPROPER OVERTAKING/PASSING,NOT APPLICABLE,7600,S,KEDZIE AVE,835,,,,,,,2,NO INDICATION OF INJURY,0,0,0,0,0,5,0,17,6,9,41.75517853,-87.70269571,POINT (-87.702695710502 41.755178528007)
JC432064,,9/13/2019 17:00,30,STOP SIGN/FLASHER,FUNCTIONING PROPERLY,CLEAR,DAYLIGHT,ANGLE,FOUR WAY,,STRAIGHT AND LEVEL,DRY,NO DEFECTS,NOT ON SCENE (DESK REPORT),NO INJURY / DRIVE AWAY,,,Y,"$501 - $1,500",9/13/2019 17:35,IMPROPER OVERTAKING/PASSING,UNABLE TO DETERMINE,730,W,79TH ST,621,,,,,,,2,NO INDICATION OF INJURY,0,0,0,0,0,2,0,17,6,9,41.7507711,-87.64276372,POINT (-87.642763718294 41.750771102407)
JC432081,,9/13/2019 16:50,30,STOP SIGN/FLASHER,FUNCTIONING PROPERLY,CLEAR,DAYLIGHT,ANGLE,NOT DIVIDED,,STRAIGHT AND LEVEL,DRY,NO DEFECTS,ON SCENE,NO INJURY / DRIVE AWAY,,,,"OVER $1,500",9/13/2019 17:00,UNABLE TO DETERMINE,NOT APPLICABLE,7331,W,BELMONT AVE,2511,,,,,,,2,NO INDICATION OF INJURY,0,0,0,0,0,3,0,16,6,9,41.93787988,-87.81033191,POINT (-87.810331906821 41.937879876823)
JC432061,,9/13/2019 16:50,30,TRAFFIC SIGNAL,FUNCTIONING PROPERLY,CLEAR,DAYLIGHT,TURNING,UNKNOWN INTERSECTION TYPE,,STRAIGHT AND LEVEL,DRY,NO DEFECTS,ON SCENE,INJURY AND / OR TOW DUE TO CRASH,Y,,,"OVER $1,500",9/13/2019 16:58,UNABLE TO DETERMINE,NOT APPLICABLE,4800,W,LAWRENCE AVE,1623,,,,,,,2,NO INDICATION OF INJURY,0,0,0,0,0,3,0,16,6,9,41.96813296,-87.74805319,POINT (-87.748053188199 41.96813296193)
JC432059,Y,9/13/2019 16:50,25,NO CONTROLS,NO CONTROLS,CLEAR,DAYLIGHT,SIDESWIPE SAME DIRECTION,ONE-WAY,,STRAIGHT AND LEVEL,DRY,NO DEFECTS,,NO INJURY / DRIVE AWAY,,,,"OVER $1,500",9/13/2019 17:00,"VISION OBSCURED (SIGNS, TREE LIMBS, BUILDINGS, ETC.)",NOT APPLICABLE,979,W,WINONA ST,2024,,,,,,,2,NO INDICATION OF INJURY,0,0,0,0,0,2,0,16,6,9,41.97517337,-87.65485769,POINT (-87.654857688303 41.975173372469)
JC432045,,9/13/2019 16:50,30,STOP SIGN/FLASHER,FUNCTIONING PROPERLY,CLEAR,DAYLIGHT,ANGLE,FOUR WAY,,STRAIGHT AND LEVEL,DRY,NO DEFECTS,ON SCENE,NO INJURY / DRIVE AWAY,Y,,,"OVER $1,500",9/13/2019 16:54,FAILING TO YIELD RIGHT-OF-WAY,UNABLE TO DETERMINE,100,N,CARPENTER ST,1224,,,,,,,2,NO INDICATION OF INJURY,0,0,0,0,0,3,0,16,6,9,41.88309753,-87.6533832,POINT (-87.653383201594 41.883097529264)
JC432073,,9/13/2019 16:45,20,STOP SIGN/FLASHER,OTHER,CLEAR,DAYLIGHT,ANGLE,NOT DIVIDED,,STRAIGHT AND LEVEL,DRY,NO DEFECTS,,INJURY AND / OR TOW DUE TO CRASH,Y,,,"OVER $1,500",9/13/2019 17:30,UNABLE TO DETERMINE,NOT APPLICABLE,1800,W,IRVING PARK RD,1912,,,,,,,2,"REPORTED, NOT EVIDENT",2,0,0,0,2,1,0,16,6,9,41.95432384,-87.67432084,POINT (-87.674320836882 41.954323837944)
JC432015,,9/13/2019 16:40,25,STOP SIGN/FLASHER,FUNCTIONING PROPERLY,CLEAR,DAYLIGHT,REAR END,NOT DIVIDED,,STRAIGHT AND LEVEL,DRY,NO DEFECTS,NOT ON SCENE (DESK REPORT),NO INJURY / DRIVE AWAY,,,,"$501 - $1,500",9/13/2019 17:00,FOLLOWING TOO CLOSELY,NOT APPLICABLE,1824,W,PRATT BLVD,2424,,,,,,,2,NO INDICATION OF INJURY,0,0,0,0,0,3,0,16,6,9,42.00538493,-87.67670234,POINT (-87.676702338229 42.005384933845)
JC431989,,9/13/2019 16:38,30,NO CONTROLS,NO CONTROLS,CLEAR,DAYLIGHT,PARKED MOTOR VEHICLE,PARKING LOT,,STRAIGHT AND LEVEL,DRY,NO DEFECTS,ON SCENE,NO INJURY / DRIVE AWAY,N,Y,,"$501 - $1,500",9/13/2019 16:43,IMPROPER BACKING,NOT APPLICABLE,5105,S,ROCKWELL ST,923,,,,,,,2,NO INDICATION OF INJURY,0,0,0,0,0,1,0,16,6,9,41.80087038,-87.68896899,POINT (-87.688968985004 41.800870382129)
JC432067,,9/13/2019 16:35,30,NO CONTROLS,NO CONTROLS,CLEAR,DAYLIGHT,OTHER OBJECT,NOT DIVIDED,,STRAIGHT AND LEVEL,DRY,NO DEFECTS,ON SCENE,INJURY AND / OR TOW DUE TO CRASH,,,,"OVER $1,500",9/13/2019 16:45,NOT APPLICABLE,NOT APPLICABLE,8000,S,WESTERN AVE,835,,,,,,,1,NONINCAPACITATING INJURY,1,0,0,1,0,1,0,16,6,9,41.74824265,-87.68295038,POINT (-87.682950380591 41.748242644771)
JC431965,,9/13/2019 16:33,30,NO CONTROLS,NO CONTROLS,CLEAR,DAYLIGHT,REAR END,DIVIDED - W/MEDIAN (NOT RAISED),,STRAIGHT AND LEVEL,DRY,NO DEFECTS,ON SCENE,NO INJURY / DRIVE AWAY,,,,"OVER $1,500",9/13/2019 16:33,FOLLOWING TOO CLOSELY,NOT APPLICABLE,6946,S,JEFFERY BLVD,332,,,,,,,2,NO INDICATION OF INJURY,0,0,0,0,0,2,0,16,6,9,41.76840871,-87.5765074,POINT (-87.576507398059 41.768408707517)
JC432100,Y,9/13/2019 16:30,15,NO CONTROLS,NO CONTROLS,CLEAR,DAYLIGHT,PARKED MOTOR VEHICLE,ONE-WAY,,STRAIGHT AND LEVEL,DRY,NO DEFECTS,ON SCENE,NO INJURY / DRIVE AWAY,,,Y,"OVER $1,500",9/13/2019 17:25,UNABLE TO DETERMINE,UNABLE TO DETERMINE,6432,W,DAKIN ST,1632,,,,,,,2,NO INDICATION OF INJURY,0,0,0,0,0,1,0,16,6,9,41.95180283,-87.78786594,POINT (-87.787865942773 41.951802826839)
JC431978,,9/13/2019 16:30,15,NO CONTROLS,NO CONTROLS,CLEAR,DAYLIGHT,REAR TO SIDE,PARKING LOT,,STRAIGHT AND LEVEL,DRY,NO DEFECTS,NOT ON SCENE (DESK REPORT),NO INJURY / DRIVE AWAY,,,,"$501 - $1,500",9/13/2019 16:40,UNABLE TO DETERMINE,NOT APPLICABLE,3307,W,63RD ST,823,,,,,,,2,NO INDICATION OF INJURY,0,0,0,0,0,2,0,16,6,9,41.77881858,-87.70590358,POINT (-87.70590357549 41.778818577108)
JC431971,,9/13/2019 16:30,25,NO CONTROLS,NO CONTROLS,CLEAR,DAYLIGHT,PEDALCYCLIST,ONE-WAY,,STRAIGHT AND LEVEL,DRY,NO DEFECTS,ON SCENE,NO INJURY / DRIVE AWAY,,,,$500 OR LESS,9/13/2019 16:32,UNABLE TO DETERMINE,NOT APPLICABLE,50,W,MAPLE ST,1824,,,Y,,,,2,NO INDICATION OF INJURY,0,0,0,0,0,3,0,16,6,9,41.901969,-87.63024753,POINT (-87.630247524693 41.90196899556)
JC432033,,9/13/2019 16:20,30,STOP SIGN/FLASHER,FUNCTIONING PROPERLY,CLEAR,DAYLIGHT,TURNING,T-INTERSECTION,,STRAIGHT AND LEVEL,DRY,NO DEFECTS,ON SCENE,INJURY AND / OR TOW DUE TO CRASH,Y,,Y,"OVER $1,500",9/13/2019 16:37,DISREGARDING STOP SIGN,NOT APPLICABLE,6398,S,STONY ISLAND AVE,314,,,,,,,2,"REPORTED, NOT EVIDENT",1,0,0,0,1,2,0,16,6,9,41.77885945,-87.5865692,POINT (-87.586569204457 41.778859449459)
JC432125,,9/13/2019 16:19,30,NO CONTROLS,NO CONTROLS,CLEAR,DAYLIGHT,REAR END,DIVIDED - W/MEDIAN (NOT RAISED),,STRAIGHT AND LEVEL,DRY,NO DEFECTS,NOT ON SCENE (DESK REPORT),NO INJURY / DRIVE AWAY,,,,$500 OR LESS,9/13/2019 18:00,FOLLOWING TOO CLOSELY,UNABLE TO DETERMINE,3101,W,111TH ST,2211,,,,,,,2,NO INDICATION OF INJURY,0,0,0,0,0,2,0,16,6,9,41.69148652,-87.6984513,POINT (-87.698451297083 41.691486520049)
JC431948,,9/13/2019 16:16,35,NO CONTROLS,NO CONTROLS,CLEAR,DAYLIGHT,PARKED MOTOR VEHICLE,NOT DIVIDED,,STRAIGHT AND LEVEL,DRY,NO DEFECTS,ON SCENE,NO INJURY / DRIVE AWAY,,,,$500 OR LESS,9/13/2019 16:21,IMPROPER OVERTAKING/PASSING,NOT APPLICABLE,1402,E,67TH ST,321,,,,,,,2,NO INDICATION OF INJURY,0,0,0,0,0,6,0,16,6,9,41.77339294,-87.59137918,POINT (-87.591379179654 41.773392935036)
JC432144,,9/13/2019 16:15,30,NO CONTROLS,NO CONTROLS,CLEAR,DAYLIGHT,SIDESWIPE SAME DIRECTION,ONE-WAY,,STRAIGHT AND LEVEL,DRY,NO DEFECTS,ON SCENE,NO INJURY / DRIVE AWAY,,,,"OVER $1,500",9/13/2019 16:25,UNABLE TO DETERMINE,NOT APPLICABLE,333,E,ONTARIO ST,1834,,,,,,,2,NO INDICATION OF INJURY,0,0,0,0,0,3,0,16,6,9,41.89332119,-87.61896719,POINT (-87.618967188858 41.893321188673)
JC432077,,9/13/2019 16:15,30,NO CONTROLS,NO CONTROLS,CLEAR,DAYLIGHT,ANGLE,NOT DIVIDED,,STRAIGHT AND LEVEL,DRY,NO DEFECTS,NOT ON SCENE (DESK REPORT),NO INJURY / DRIVE AWAY,,,,"$501 - $1,500",9/13/2019 18:00,UNABLE TO DETERMINE,NOT APPLICABLE,2300,N,MILWAUKEE AVE,1414,,,,,,,2,NO INDICATION OF INJURY,0,0,0,0,0,2,0,16,6,9,41.92284258,-87.69748748,POINT (-87.697487481806 41.922842576706)
JC431966,,9/13/2019 16:13,30,NO CONTROLS,NO CONTROLS,CLEAR,DAYLIGHT,ANGLE,NOT DIVIDED,,STRAIGHT AND LEVEL,DRY,NO DEFECTS,ON SCENE,NO INJURY / DRIVE AWAY,,,,"OVER $1,500",9/13/2019 16:19,FAILING TO YIELD RIGHT-OF-WAY,NOT APPLICABLE,5801,S,KEDZIE AVE,824,,,,,,,2,NO INDICATION OF INJURY,0,0,0,0,0,3,0,16,6,9,41.78797636,-87.70325124,POINT (-87.703251242135 41.78797636417)
JC432025,,9/13/2019 16:10,30,NO CONTROLS,NO CONTROLS,CLEAR,DAYLIGHT,OTHER OBJECT,DIVIDED - W/MEDIAN (NOT RAISED),,STRAIGHT AND LEVEL,DRY,NO DEFECTS,ON SCENE,NO INJURY / DRIVE AWAY,,N,,"OVER $1,500",9/13/2019 16:10,EQUIPMENT - VEHICLE CONDITION,EQUIPMENT - VEHICLE CONDITION,152,W,95TH ST,634,,,,,,,1,NO INDICATION OF INJURY,0,0,0,0,0,1,0,16,6,9,41.7217724,-87.62835524,POINT (-87.628355240233 41.72177239484)
JC431964,,9/13/2019 16:07,30,NO CONTROLS,NO CONTROLS,CLEAR,DAYLIGHT,PEDESTRIAN,NOT DIVIDED,,STRAIGHT AND LEVEL,DRY,NO DEFECTS,ON SCENE,INJURY AND / OR TOW DUE TO CRASH,,,Y,"$501 - $1,500",9/13/2019 16:11,PASSING STOPPED SCHOOL BUS,FAILING TO YIELD RIGHT-OF-WAY,2498,W,NORTH AVE,1434,,,,,,,2,NONINCAPACITATING INJURY,1,0,0,1,0,1,0,16,6,9,41.91040446,-87.68960766,POINT (-87.689607663524 41.910404460307)
JC432019,,9/13/2019 16:06,25,TRAFFIC SIGNAL,FUNCTIONING PROPERLY,CLEAR,DAYLIGHT,TURNING,DIVIDED - W/MEDIAN (NOT RAISED),,STRAIGHT AND LEVEL,DRY,NO DEFECTS,ON SCENE,NO INJURY / DRIVE AWAY,Y,,,"OVER $1,500",9/13/2019 16:22,DRIVING SKILLS/KNOWLEDGE/EXPERIENCE,UNABLE TO DETERMINE,1600,S,KEDZIE AVE,1022,,,,,,,2,NO INDICATION OF INJURY,0,0,0,0,0,7,0,16,6,9,41.85902983,-87.705601,POINT (-87.705600995256 41.859029826536)
JC432221,,9/13/2019 16:05,30,TRAFFIC SIGNAL,FUNCTIONING PROPERLY,CLEAR,DAYLIGHT,TURNING,FOUR WAY,,STRAIGHT AND LEVEL,DRY,NO DEFECTS,ON SCENE,NO INJURY / DRIVE AWAY,Y,,Y,"OVER $1,500",9/13/2019 19:02,FOLLOWING TOO CLOSELY,UNABLE TO DETERMINE,630,W,FULTON ST,1214,,,,,,,2,NO INDICATION OF INJURY,0,0,0,0,0,2,0,16,6,9,41.88691441,-87.64420358,POINT (-87.644203574958 41.886914408387)
JC431938,,9/13/2019 16:05,25,STOP SIGN/FLASHER,FUNCTIONING PROPERLY,CLEAR,DAYLIGHT,TURNING,DIVIDED - W/MEDIAN BARRIER,,STRAIGHT AND LEVEL,DRY,NO DEFECTS,NOT ON SCENE (DESK REPORT),NO INJURY / DRIVE AWAY,Y,,,"OVER $1,500",9/13/2019 17:00,IMPROPER TURNING/NO SIGNAL,NOT APPLICABLE,2545,S,DR MARTIN LUTHER KING JR DR,133,,,,,,,2,NO INDICATION OF INJURY,0,0,0,0,0,2,0,16,6,9,41.84617749,-87.61716518,POINT (-87.617165177117 41.84617748461)
JC433344,Y,9/13/2019 16:00,15,NO CONTROLS,NO CONTROLS,CLEAR,UNKNOWN,PARKED MOTOR VEHICLE,ONE-WAY,,STRAIGHT AND LEVEL,DRY,NO DEFECTS,NOT ON SCENE (DESK REPORT),NO INJURY / DRIVE AWAY,,,Y,"$501 - $1,500",9/14/2019 16:40,UNABLE TO DETERMINE,NOT APPLICABLE,124,N,LONG AVE,1523,,,,,,,2,NO INDICATION OF INJURY,0,0,0,0,0,1,0,16,6,9,41.88301869,-87.76036256,POINT (-87.760362558675 41.88301868506)
JC432851,Y,9/13/2019 16:00,20,NO CONTROLS,NO CONTROLS,CLEAR,DUSK,PARKED MOTOR VEHICLE,PARKING LOT,,STRAIGHT AND LEVEL,DRY,NO DEFECTS,NOT ON SCENE (DESK REPORT),NO INJURY / DRIVE AWAY,,,Y,"$501 - $1,500",9/14/2019 9:35,UNABLE TO DETERMINE,UNABLE TO DETERMINE,901,E,104TH ST,512,,,,,,,2,NO INDICATION OF INJURY,0,0,0,0,0,1,0,16,6,9,41.70556659,-87.60107403,POINT (-87.601074030326 41.705566594182)
JC432041,,9/13/2019 16:00,30,TRAFFIC SIGNAL,FUNCTIONING PROPERLY,CLEAR,DAYLIGHT,REAR END,ONE-WAY,,STRAIGHT AND LEVEL,DRY,NO DEFECTS,NOT ON SCENE (DESK REPORT),NO INJURY / DRIVE AWAY,Y,,,"OVER $1,500",9/13/2019 17:00,FOLLOWING TOO CLOSELY,UNABLE TO DETERMINE,300,N,DESPLAINES ST,1214,,,,,,,2,NO INDICATION OF INJURY,0,0,0,0,0,2,0,16,6,9,41.88683405,-87.64442362,POINT (-87.64442362063 41.886834052075)
JC432034,,9/13/2019 16:00,10,NO CONTROLS,NO CONTROLS,CLOUDY/OVERCAST,DAYLIGHT,PARKED MOTOR VEHICLE,PARKING LOT,,STRAIGHT AND LEVEL,DRY,NO DEFECTS,ON SCENE,NO INJURY / DRIVE AWAY,,,,"$501 - $1,500",9/13/2019 16:40,UNABLE TO DETERMINE,NOT APPLICABLE,517,W,OHARE ST,1654,,,,,,,2,NO INDICATION OF INJURY,0,0,0,0,0,1,0,16,6,9,,,
JC431933,,9/13/2019 16:00,30,NO CONTROLS,NO CONTROLS,CLEAR,DAYLIGHT,TURNING,FOUR WAY,,STRAIGHT AND LEVEL,DRY,NO DEFECTS,ON SCENE,NO INJURY / DRIVE AWAY,Y,,,"OVER $1,500",9/13/2019 16:10,IMPROPER TURNING/NO SIGNAL,FAILING TO YIELD RIGHT-OF-WAY,8400,S,KEDZIE AVE,834,,,,,,,2,NO INDICATION OF INJURY,0,0,0,0,0,2,0,16,6,9,41.74062079,-87.70229118,POINT (-87.702291178055 41.740620792259)
JC431934,,9/13/2019 15:56,30,NO CONTROLS,NO CONTROLS,CLEAR,DAYLIGHT,TURNING,NOT DIVIDED,,STRAIGHT AND LEVEL,DRY,NO DEFECTS,ON SCENE,INJURY AND / OR TOW DUE TO CRASH,Y,,,"OVER $1,500",9/13/2019 15:56,IMPROPER TURNING/NO SIGNAL,IMPROPER LANE USAGE,3479,N,LAKE SHORE DR,1925,,,,,,,2,NO INDICATION OF INJURY,0,0,0,0,0,2,0,15,6,9,41.94608902,-87.64182835,POINT (-87.641828345356 41.946089023401)
JC431994,Y,9/13/2019 15:55,30,TRAFFIC SIGNAL,FUNCTIONING IMPROPERLY,CLEAR,DAYLIGHT,REAR END,DIVIDED - W/MEDIAN (NOT RAISED),,STRAIGHT AND LEVEL,DRY,NO DEFECTS,ON SCENE,INJURY AND / OR TOW DUE TO CRASH,,,,"OVER $1,500",9/13/2019 16:05,FAILING TO REDUCE SPEED TO AVOID CRASH,NOT APPLICABLE,8364,S,VINCENNES AVE,622,,,,,,,2,NONINCAPACITATING INJURY,2,0,0,2,0,1,0,15,6,9,41.74175376,-87.63815341,POINT (-87.638153412958 41.741753758969)