RD_NO,CRASH_DATE_EST_I,CRASH_DATE,POSTED_SPEED_LIMIT,TRAFFIC_CONTROL_DEVICE,DEVICE_CONDITION,WEATHER_CONDITION,LIGHTING_CONDITION,FIRST_CRASH_TYPE,TRAFFICWAY_TYPE,LANE_CNT,ALIGNMENT,ROADWAY_SURFACE_COND,ROAD_DEFECT,REPORT_TYPE,CRASH_TYPE,INTERSECTION_RELATED_I,NOT_RIGHT_OF_WAY_I,HIT_AND_RUN_I,DAMAGE,DATE_POLICE_NOTIFIED,PRIM_CONTRIBUTORY_CAUSE,SEC_CONTRIBUTORY_CAUSE,STREET_NO,STREET_DIRECTION,STREET_NAME,BEAT_OF_OCCURRENCE,PHOTOS_TAKEN_I,STATEMENTS_TAKEN_I,DOORING_I,WORK_ZONE_I,WORK_ZONE_TYPE,WORKERS_PRESENT_I,NUM_UNITS,MOST_SEVERE_INJURY,INJURIES_TOTAL,INJURIES_FATAL,INJURIES_INCAPACITATING,INJURIES_NON_INCAPACITATING,INJURIES_REPORTED_NOT_EVIDENT,INJURIES_NO_INDICATION,INJURIES_UNKNOWN,CRASH_HOUR,CRASH_DAY_OF_WEEK,CRASH_MONTH,LATITUDE,LONGITUDE,LOCATION
JC431907,,9/13/2019 15:45,30,TRAFFIC SIGNAL,FUNCTIONING PROPERLY,CLEAR,DAYLIGHT,REAR END,ONE-WAY,,STRAIGHT AND LEVEL,DRY,NO DEFECTS,NOT ON SCENE (DESK REPORT),NO INJURY / DRIVE AWAY,,,,$500 OR LESS,9/13/2019 16:05,NOT APPLICABLE,NOT APPLICABLE,5858,S,WELLS ST,711,,,,,,,2,NO INDICATION OF INJURY,0,0,0,0,0,3,0,15,6,9,41.7872494,-87.63209466,POINT (-87.632094658003 41.787249400233)
JC432325,,9/13/2019 15:40,30,TRAFFIC SIGNAL,FUNCTIONING PROPERLY,CLEAR,"DARKNESS, LIGHTED ROAD",SIDESWIPE SAME DIRECTION,NOT DIVIDED,,STRAIGHT AND LEVEL,DRY,NO DEFECTS,NOT ON SCENE (DESK REPORT),NO INJURY / DRIVE AWAY,Y,,Y,"$501 - $1,500",9/13/2019 20:14,UNABLE TO DETERMINE,UNABLE TO DETERMINE,199,N,WACKER DR,122,,,,,,,2,NO INDICATION OF INJURY,0,0,0,0,0,2,0,15,6,9,41.8856955,-87.63668072,POINT (-87.636680716526 41.885695503017)
JC431980,,9/13/2019 15:33,30,NO CONTROLS,NO CONTROLS,CLEAR,DAYLIGHT,SIDESWIPE SAME DIRECTION,NOT DIVIDED,,STRAIGHT AND LEVEL,DRY,NO DEFECTS,NOT ON SCENE (DESK REPORT),NO INJURY / DRIVE AWAY,,,,"$501 - $1,500",9/13/2019 16:40,NOT APPLICABLE,NOT APPLICABLE,5405,S,HARLEM AVE,811,,,,,,,2,NO INDICATION OF INJURY,0,0,0,0,0,3,0,15,6,9,41.79377799,-87.80143784,POINT (-87.801437843739 41.793777984705)
JC432900,,9/13/2019 15:30,30,NO CONTROLS,NO CONTROLS,CLEAR,DAYLIGHT,REAR END,NOT DIVIDED,,STRAIGHT AND LEVEL,DRY,NO DEFECTS,NOT ON SCENE (DESK REPORT),NO INJURY / DRIVE AWAY,,,,"OVER $1,500",9/14/2019 10:30,UNABLE TO DETERMINE,NOT APPLICABLE,7600,S,DAMEN AVE,611,,,,,,,2,NO INDICATION OF INJURY,0,0,0,0,0,2,0,15,6,9,41.75559944,-87.67343244,POINT (-87.673432437198 41.755599435763)
JC432394,,9/13/2019 15:30,30,NO CONTROLS,NO CONTROLS,CLEAR,DAYLIGHT,PARKED MOTOR VEHICLE,PARKING LOT,,STRAIGHT AND LEVEL,DRY,NO DEFECTS,NOT ON SCENE (DESK REPORT),NO INJURY / DRIVE AWAY,,,,"OVER $1,500",9/13/2019 21:05,UNABLE TO DETERMINE,NOT APPLICABLE,5750,W,BLOOMINGDALE AVE,2531,,,,,,,2,NO INDICATION OF INJURY,0,0,0,0,0,1,0,15,6,9,41.9127294,-87.76944064,POINT (-87.769440643031 41.912729394707)
JC431975,,9/13/2019 15:30,30,NO CONTROLS,NO CONTROLS,CLEAR,DAYLIGHT,SIDESWIPE SAME DIRECTION,NOT DIVIDED,,STRAIGHT AND LEVEL,DRY,NO DEFECTS,NOT ON SCENE (DESK REPORT),NO INJURY / DRIVE AWAY,,,,$500 OR LESS,9/13/2019 16:39,IMPROPER OVERTAKING/PASSING,DRIVING SKILLS/KNOWLEDGE/EXPERIENCE,100,W,ONTARIO ST,1832,,,,,,,2,NO INDICATION OF INJURY,0,0,0,0,0,2,0,15,6,9,41.89333774,-87.6312445,POINT (-87.631244496213 41.893337737184)
JC431905,,9/13/2019 15:30,30,NO CONTROLS,NO CONTROLS,CLEAR,DAYLIGHT,PARKED MOTOR VEHICLE,ONE-WAY,,STRAIGHT AND LEVEL,DRY,NO DEFECTS,NOT ON SCENE (DESK REPORT),NO INJURY / DRIVE AWAY,,,,"OVER $1,500",9/13/2019 16:00,IMPROPER LANE USAGE,IMPROPER LANE USAGE,6200,N,GREENVIEW AVE,2433,,,,,,,2,NO INDICATION OF INJURY,0,0,0,0,0,3,0,15,6,9,41.99451432,-87.66786907,POINT (-87.667869067602 41.994514320257)
JC431903,,9/13/2019 15:30,30,NO CONTROLS,NO CONTROLS,CLEAR,DAYLIGHT,SIDESWIPE SAME DIRECTION,NOT DIVIDED,,STRAIGHT AND LEVEL,DRY,NO DEFECTS,NOT ON SCENE (DESK REPORT),NO INJURY / DRIVE AWAY,,,,"$501 - $1,500",9/13/2019 16:07,UNABLE TO DETERMINE,UNABLE TO DETERMINE,198,W,NORTH AVE,1814,,,,,,,2,NO INDICATION OF INJURY,0,0,0,0,0,2,0,15,6,9,41.91127122,-87.63463296,POINT (-87.634632960302 41.911271216682)
JC431902,,9/13/2019 15:30,30,NO CONTROLS,NO CONTROLS,CLEAR,DAYLIGHT,PARKED MOTOR VEHICLE,NOT DIVIDED,,STRAIGHT AND LEVEL,UNKNOWN,UNKNOWN,NOT ON SCENE (DESK REPORT),INJURY AND / OR TOW DUE TO CRASH,,,,"$501 - $1,500",9/13/2019 15:46,DRIVING SKILLS/KNOWLEDGE/EXPERIENCE,IMPROPER OVERTAKING/PASSING,1139,W,GRACE ST,1923,,,,,,,2,"REPORTED, NOT EVIDENT",1,0,0,0,1,1,0,15,6,9,41.95094953,-87.65841677,POINT (-87.658416772468 41.950949524521)
JC431983,,9/13/2019 15:27,30,NO CONTROLS,NO CONTROLS,CLEAR,DAYLIGHT,PARKED MOTOR VEHICLE,NOT DIVIDED,,STRAIGHT AND LEVEL,DRY,NO DEFECTS,ON SCENE,NO INJURY / DRIVE AWAY,,,Y,"OVER $1,500",9/13/2019 15:27,UNABLE TO DETERMINE,UNABLE TO DETERMINE,2619,N,RUTHERFORD AVE,2512,,,,,,,2,NO INDICATION OF INJURY,0,0,0,0,0,1,0,15,6,9,41.92785599,-87.7940033,POINT (-87.794003294777 41.927855985006)
JC432118,,9/13/2019 15:25,20,STOP SIGN/FLASHER,FUNCTIONING PROPERLY,CLEAR,DAYLIGHT,ANGLE,PARKING LOT,,STRAIGHT AND LEVEL,DRY,NO DEFECTS,ON SCENE,INJURY AND / OR TOW DUE TO CRASH,,Y,,"OVER $1,500",9/13/2019 15:30,UNABLE TO DETERMINE,UNABLE TO DETERMINE,111,W,87TH ST,634,,,,,,,2,NO INDICATION OF INJURY,0,0,0,0,0,3,0,15,6,9,41.73615957,-87.62747171,POINT (-87.627471712701 41.736159568896)
JC431923,,9/13/2019 15:17,30,STOP SIGN/FLASHER,FUNCTIONING PROPERLY,CLEAR,DAYLIGHT,TURNING,NOT DIVIDED,,STRAIGHT AND LEVEL,DRY,NO DEFECTS,ON SCENE,NO INJURY / DRIVE AWAY,,,Y,$500 OR LESS,9/13/2019 15:54,UNABLE TO DETERMINE,FOLLOWING TOO CLOSELY,699,W,WRIGHTWOOD AVE,1935,,,,,,,2,NO INDICATION OF INJURY,0,0,0,0,0,2,0,15,6,9,41.92900178,-87.64627279,POINT (-87.646272789041 41.929001776732)
JC435876,,9/13/2019 15:15,30,STOP SIGN/FLASHER,NO CONTROLS,CLEAR,DAYLIGHT,TURNING,NOT DIVIDED,,STRAIGHT AND LEVEL,DRY,NO DEFECTS,NOT ON SCENE (DESK REPORT),NO INJURY / DRIVE AWAY,Y,,,"$501 - $1,500",9/16/2019 16:05,UNABLE TO DETERMINE,UNABLE TO DETERMINE,660,W,WRIGHTWOOD AVE,1935,,,,,,,2,NO INDICATION OF INJURY,0,0,0,0,0,2,0,15,6,9,41.92929282,-87.64516352,POINT (-87.645163515508 41.929292815849)
JC432110,,9/13/2019 15:15,30,TRAFFIC SIGNAL,FUNCTIONING PROPERLY,CLEAR,DAYLIGHT,REAR END,NOT DIVIDED,,STRAIGHT AND LEVEL,DRY,NO DEFECTS,NOT ON SCENE (DESK REPORT),NO INJURY / DRIVE AWAY,,,,"$501 - $1,500",9/13/2019 18:00,UNABLE TO DETERMINE,UNABLE TO DETERMINE,144,N,HAMLIN BLVD,1122,,,,,,,2,NO INDICATION OF INJURY,0,0,0,0,0,2,0,15,6,9,41.88294277,-87.72100353,POINT (-87.721003524701 41.882942771669)
JC431941,,9/13/2019 15:14,30,TRAFFIC SIGNAL,FUNCTIONING PROPERLY,CLEAR,DAYLIGHT,SIDESWIPE SAME DIRECTION,NOT DIVIDED,,STRAIGHT AND LEVEL,DRY,NO DEFECTS,NOT ON SCENE (DESK REPORT),NO INJURY / DRIVE AWAY,,,,"$501 - $1,500",9/13/2019 16:31,UNABLE TO DETERMINE,UNABLE TO DETERMINE,1380,W,LAKE ST,1215,,,,,,,2,NO INDICATION OF INJURY,0,0,0,0,0,4,0,15,6,9,41.88553521,-87.66189725,POINT (-87.66189724784 41.885535211997)
JC432056,,9/13/2019 15:10,30,NO CONTROLS,NO CONTROLS,CLEAR,DAYLIGHT,PEDALCYCLIST,NOT DIVIDED,,STRAIGHT AND LEVEL,UNKNOWN,UNKNOWN,NOT ON SCENE (DESK REPORT),INJURY AND / OR TOW DUE TO CRASH,,,,"$501 - $1,500",9/13/2019 17:10,IMPROPER OVERTAKING/PASSING,IMPROPER OVERTAKING/PASSING,3700,N,SOUTHPORT AVE,1922,,,,,,,2,"REPORTED, NOT EVIDENT",1,0,0,0,1,4,0,15,6,9,41.94897809,-87.66421752,POINT (-87.664217514608 41.948978089177)
JC431952,,9/13/2019 15:10,30,TRAFFIC SIGNAL,FUNCTIONING PROPERLY,CLEAR,DAYLIGHT,REAR END,NOT DIVIDED,,STRAIGHT AND LEVEL,DRY,NO DEFECTS,NOT ON SCENE (DESK REPORT),NO INJURY / DRIVE AWAY,,,,$500 OR LESS,9/13/2019 16:33,UNABLE TO DETERMINE,NOT APPLICABLE,1560,N,DAMEN AVE,1424,,,,,,,2,NO INDICATION OF INJURY,0,0,0,0,0,3,0,15,6,9,41.9099952,-87.67759909,POINT (-87.677599087098 41.909995199416)
JC431879,,9/13/2019 15:10,30,NO CONTROLS,NO CONTROLS,CLEAR,DAYLIGHT,SIDESWIPE SAME DIRECTION,OTHER,,STRAIGHT AND LEVEL,DRY,NO DEFECTS,ON SCENE,NO INJURY / DRIVE AWAY,,,,"$501 - $1,500",9/13/2019 15:25,FAILING TO YIELD RIGHT-OF-WAY,FAILING TO YIELD RIGHT-OF-WAY,5419,W,PENSACOLA AVE,1624,,,,,,,2,NO INDICATION OF INJURY,0,0,0,0,0,2,0,15,6,9,41.95951061,-87.76309452,POINT (-87.763094522522 41.959510610441)
JC432051,,9/13/2019 15:03,30,NO CONTROLS,NO CONTROLS,CLEAR,DAYLIGHT,TURNING,NOT DIVIDED,,STRAIGHT AND LEVEL,DRY,NO DEFECTS,ON SCENE,NO INJURY / DRIVE AWAY,Y,,,"$501 - $1,500",9/13/2019 15:03,NOT APPLICABLE,UNABLE TO DETERMINE,3059,S,KOSTNER AVE,1031,,,,,,,2,NO INDICATION OF INJURY,0,0,0,0,0,4,0,15,6,9,41.83679533,-87.73392622,POINT (-87.733926216036 41.836795334406)
JC431859,,9/13/2019 15:02,30,NO CONTROLS,NO CONTROLS,CLEAR,DAYLIGHT,TURNING,NOT DIVIDED,,STRAIGHT AND LEVEL,DRY,NO DEFECTS,ON SCENE,INJURY AND / OR TOW DUE TO CRASH,,,,"OVER $1,500",9/13/2019 15:12,FAILING TO REDUCE SPEED TO AVOID CRASH,FAILING TO YIELD RIGHT-OF-WAY,850,E,63RD ST,313,,,,,,,2,NO INDICATION OF INJURY,0,0,0,0,0,3,0,15,6,9,41.78054757,-87.60393831,POINT (-87.603938310246 41.780547573927)
JC431836,,9/13/2019 15:02,30,STOP SIGN/FLASHER,FUNCTIONING PROPERLY,CLEAR,DAYLIGHT,PEDALCYCLIST,DIVIDED - W/MEDIAN (NOT RAISED),,STRAIGHT AND LEVEL,DRY,NO DEFECTS,ON SCENE,INJURY AND / OR TOW DUE TO CRASH,Y,,,"OVER $1,500",9/13/2019 15:02,UNABLE TO DETERMINE,NOT APPLICABLE,6029,N,CLARK ST,2433,,,,,,,2,NONINCAPACITATING INJURY,1,0,0,1,0,1,0,15,6,9,41.99165952,-87.66990667,POINT (-87.669906672015 41.991659523385)
JC432346,,9/13/2019 15:00,30,NO CONTROLS,NO CONTROLS,CLEAR,DAYLIGHT,REAR END,NOT DIVIDED,,STRAIGHT AND LEVEL,DRY,UNKNOWN,NOT ON SCENE (DESK REPORT),NO INJURY / DRIVE AWAY,,,,"$501 - $1,500",9/13/2019 20:00,UNABLE TO DETERMINE,UNABLE TO DETERMINE,4635,N,KEDZIE AVE,1713,,,,,,,2,NO INDICATION OF INJURY,0,0,0,0,0,2,0,15,6,9,41.96572454,-87.7082435,POINT (-87.708243501961 41.965724537954)
JC432046,,9/13/2019 15:00,30,NO CONTROLS,NO CONTROLS,CLEAR,DAYLIGHT,REAR END,DIVIDED - W/MEDIAN BARRIER,,STRAIGHT AND LEVEL,DRY,NO DEFECTS,NOT ON SCENE (DESK REPORT),NO INJURY / DRIVE AWAY,,,,$500 OR LESS,9/13/2019 15:00,FOLLOWING TOO CLOSELY,NOT APPLICABLE,800,W,SUPERIOR ST,1214,,,,,,,2,NO INDICATION OF INJURY,0,0,0,0,0,3,0,15,6,9,41.89566757,-87.64777938,POINT (-87.647779380193 41.895667574498)
JC431953,,9/13/2019 15:00,30,NO CONTROLS,NO CONTROLS,CLEAR,DAYLIGHT,TURNING,DIVIDED - W/MEDIAN (NOT RAISED),,STRAIGHT AND LEVEL,DRY,NO DEFECTS,NOT ON SCENE (DESK REPORT),NO INJURY / DRIVE AWAY,,,,"$501 - $1,500",9/13/2019 16:05,FAILING TO YIELD RIGHT-OF-WAY,NOT APPLICABLE,5340,S,HYDE PARK BLVD,234,,,,,,,2,NO INDICATION OF INJURY,0,0,0,0,0,4,0,15,6,9,41.7983382,-87.58416983,POINT (-87.584169830831 41.798338194703)
JC431888,,9/13/2019 15:00,30,NO CONTROLS,NO CONTROLS,CLEAR,DAYLIGHT,SIDESWIPE SAME DIRECTION,NOT DIVIDED,,STRAIGHT AND LEVEL,DRY,NO DEFECTS,NOT ON SCENE (DESK REPORT),NO INJURY / DRIVE AWAY,,,,"OVER $1,500",9/13/2019 16:00,UNABLE TO DETERMINE,NOT APPLICABLE,5328,S,HYDE PARK BLVD,234,,,,,,,2,NO INDICATION OF INJURY,0,0,0,0,0,4,0,15,6,9,41.79869713,-87.58417786,POINT (-87.584177854635 41.798697125192)
JC431874,,9/13/2019 15:00,15,NO CONTROLS,NO CONTROLS,CLEAR,DAYLIGHT,PARKED MOTOR VEHICLE,ALLEY,,STRAIGHT AND LEVEL,DRY,NO DEFECTS,NOT ON SCENE (DESK REPORT),NO INJURY / DRIVE AWAY,,,Y,"$501 - $1,500",9/13/2019 15:30,FAILING TO YIELD RIGHT-OF-WAY,UNABLE TO DETERMINE,5800,S,LAFLIN ST,713,,,,,,,2,NO INDICATION OF INJURY,0,0,0,0,0,1,0,15,6,9,41.78855809,-87.66215206,POINT (-87.66215205987 41.788558088535)
JC431857,,9/13/2019 15:00,30,NO CONTROLS,NO CONTROLS,CLEAR,DAYLIGHT,PARKED MOTOR VEHICLE,NOT DIVIDED,,STRAIGHT AND LEVEL,DRY,NO DEFECTS,NOT ON SCENE (DESK REPORT),NO INJURY / DRIVE AWAY,,,,"$501 - $1,500",9/13/2019 15:19,UNABLE TO DETERMINE,NOT APPLICABLE,5036,S,COTTAGE GROVE AVE,223,,,,,,,2,NO INDICATION OF INJURY,0,0,0,0,0,2,0,15,6,9,41.80299057,-87.60657241,POINT (-87.606572407617 41.802990565468)
JC431985,,9/13/2019 14:50,20,NO CONTROLS,NO CONTROLS,CLEAR,DAYLIGHT,PARKED MOTOR VEHICLE,NOT DIVIDED,,STRAIGHT AND LEVEL,DRY,NO DEFECTS,NOT ON SCENE (DESK REPORT),NO INJURY / DRIVE AWAY,,,,$500 OR LESS,9/13/2019 16:50,IMPROPER LANE USAGE,DRIVING SKILLS/KNOWLEDGE/EXPERIENCE,6445,S,PROMONTORY DR,331,,,,,,,2,NO INDICATION OF INJURY,0,0,0,0,0,1,0,14,6,9,41.77721261,-87.57154452,POINT (-87.571544523276 41.777212614369)
JC431890,,9/13/2019 14:50,30,NO CONTROLS,NO CONTROLS,CLEAR,DAYLIGHT,SIDESWIPE SAME DIRECTION,NOT DIVIDED,,STRAIGHT AND LEVEL,DRY,NO DEFECTS,NOT ON SCENE (DESK REPORT),NO INJURY / DRIVE AWAY,,,,"OVER $1,500",9/13/2019 15:50,UNABLE TO DETERMINE,NOT APPLICABLE,830,W,CHICAGO AVE,1213,,,,,,,2,NO INDICATION OF INJURY,0,0,0,0,0,3,0,14,6,9,41.89648165,-87.6490637,POINT (-87.649063695805 41.896481651457)
JC431861,,9/13/2019 14:50,30,STOP SIGN/FLASHER,FUNCTIONING PROPERLY,CLEAR,DAYLIGHT,REAR END,DIVIDED - W/MEDIAN (NOT RAISED),,STRAIGHT AND LEVEL,DRY,NO DEFECTS,ON SCENE,NO INJURY / DRIVE AWAY,Y,,,$500 OR LESS,9/13/2019 14:52,UNABLE TO DETERMINE,NOT APPLICABLE,800,W,79TH ST,621,,,,,,,2,NO INDICATION OF INJURY,0,0,0,0,0,2,0,14,6,9,41.75075116,-87.64410779,POINT (-87.644107793009 41.750751157473)
JC431824,,9/13/2019 14:45,30,TRAFFIC SIGNAL,FUNCTIONING PROPERLY,CLEAR,DAYLIGHT,REAR END,NOT DIVIDED,,STRAIGHT AND LEVEL,DRY,NO DEFECTS,NOT ON SCENE (DESK REPORT),NO INJURY / DRIVE AWAY,,,,"$501 - $1,500",9/13/2019 15:06,UNABLE TO DETERMINE,UNABLE TO DETERMINE,150,N,HALSTED ST,1224,,,,,,,2,NO INDICATION OF INJURY,0,0,0,0,0,2,0,14,6,9,41.88454696,-87.64758764,POINT (-87.647587639978 41.884546961039)
JC431819,,9/13/2019 14:42,30,NO CONTROLS,NO CONTROLS,CLEAR,DAYLIGHT,ANGLE,DIVIDED - W/MEDIAN (NOT RAISED),,STRAIGHT AND LEVEL,DRY,NO DEFECTS,ON SCENE,NO INJURY / DRIVE AWAY,,,,"$501 - $1,500",9/13/2019 14:45,IMPROPER BACKING,NOT APPLICABLE,4015,N,CLARENDON AVE,1915,,,,,,,2,NO INDICATION OF INJURY,0,0,0,0,0,4,0,14,6,9,41.95504837,-87.64956849,POINT (-87.649568493569 41.955048365145)
JC431816,,9/13/2019 14:39,30,NO CONTROLS,NO CONTROLS,CLEAR,DAYLIGHT,PARKED MOTOR VEHICLE,NOT DIVIDED,,STRAIGHT AND LEVEL,DRY,NO DEFECTS,ON SCENE,NO INJURY / DRIVE AWAY,,,,"OVER $1,500",9/13/2019 15:25,NOT APPLICABLE,NOT APPLICABLE,1931,N,KIMBALL AVE,1422,,,,,,,2,NO INDICATION OF INJURY,0,0,0,0,0,1,0,14,6,9,41.91642812,-87.71173946,POINT (-87.71173946218 41.916428119288)
JC431844,,9/13/2019 14:35,35,NO CONTROLS,NO CONTROLS,CLEAR,DAYLIGHT,PARKED MOTOR VEHICLE,NOT DIVIDED,,STRAIGHT AND LEVEL,DRY,NO DEFECTS,NOT ON SCENE (DESK REPORT),NO INJURY / DRIVE AWAY,,,,"$501 - $1,500",9/13/2019 15:12,FAILING TO REDUCE SPEED TO AVOID CRASH,NOT APPLICABLE,4500,S,SACRAMENTO AVE,922,,,,,,,2,NO INDICATION OF INJURY,0,0,0,0,0,3,0,14,6,9,41.81174122,-87.69935823,POINT (-87.699358233117 41.811741215189)
JC432005,,9/13/2019 14:34,30,NO CONTROLS,NO CONTROLS,CLEAR,DAYLIGHT,SIDESWIPE SAME DIRECTION,NOT DIVIDED,,STRAIGHT AND LEVEL,DRY,NO DEFECTS,NOT ON SCENE (DESK REPORT),NO INJURY / DRIVE AWAY,Y,,,"OVER $1,500",9/13/2019 17:00,UNABLE TO DETERMINE,NOT APPLICABLE,1032,N,WESTERN AVE,1212,,,,,,,2,NO INDICATION OF INJURY,0,0,0,0,0,3,0,14,6,9,41.90033701,-87.68710735,POINT (-87.687107350736 41.900337009814)
JC432214,,9/13/2019 14:33,10,NO CONTROLS,NO CONTROLS,CLEAR,DAYLIGHT,PARKED MOTOR VEHICLE,PARKING LOT,,STRAIGHT AND LEVEL,DRY,UNKNOWN,NOT ON SCENE (DESK REPORT),NO INJURY / DRIVE AWAY,,,Y,"OVER $1,500",9/13/2019 17:30,UNABLE TO DETERMINE,UNABLE TO DETERMINE,2600,N,CENTRAL AVE,2514,,,,,,,2,NO INDICATION OF INJURY,0,0,0,0,0,1,0,14,6,9,41.92764768,-87.76626652,POINT (-87.766266521069 41.927647679648)
JC432134,,9/13/2019 14:20,30,TRAFFIC SIGNAL,FUNCTIONING PROPERLY,CLEAR,DAYLIGHT,REAR END,DIVIDED - W/MEDIAN (NOT RAISED),,STRAIGHT AND LEVEL,DRY,NO DEFECTS,NOT ON SCENE (DESK REPORT),NO INJURY / DRIVE AWAY,Y,,,"OVER $1,500",9/13/2019 14:22,FOLLOWING TOO CLOSELY,FAILING TO REDUCE SPEED TO AVOID CRASH,1903,N,WESTERN AVE,1434,,,,,,,2,NO INDICATION OF INJURY,0,0,0,0,0,2,0,14,6,9,41.9158723,-87.68721983,POINT (-87.687219832952 41.91587229452)
JC431922,Y,9/13/2019 14:17,30,NO CONTROLS,NO CONTROLS,CLEAR,DAYLIGHT,PARKED MOTOR VEHICLE,ONE-WAY,,STRAIGHT AND LEVEL,DRY,NO DEFECTS,ON SCENE,NO INJURY / DRIVE AWAY,,,,"OVER $1,500",9/13/2019 15:29,UNABLE TO DETERMINE,UNABLE TO DETERMINE,98,S,CANAL ST,121,,,,,,,2,NO INDICATION OF INJURY,0,0,0,0,0,1,0,14,6,9,41.88062031,-87.63979382,POINT (-87.639793817259 41.8806203069)
JC431837,,9/13/2019 14:15,30,NO CONTROLS,NO CONTROLS,CLEAR,DAYLIGHT,REAR END,ONE-WAY,,STRAIGHT AND LEVEL,DRY,NO DEFECTS,ON SCENE,INJURY AND / OR TOW DUE TO CRASH,,,,"OVER $1,500",9/13/2019 14:30,NOT APPLICABLE,NOT APPLICABLE,1700,W,VAN BUREN ST,1231,,,,,,,2,NONINCAPACITATING INJURY,3,0,0,3,0,2,0,14,6,9,41.87642685,-87.66917652,POINT (-87.669176520302 41.876426852211)
JC431820,,9/13/2019 14:10,15,NO CONTROLS,NO CONTROLS,CLEAR,DAYLIGHT,REAR TO FRONT,PARKING LOT,,STRAIGHT AND LEVEL,DRY,NO DEFECTS,NOT ON SCENE (DESK REPORT),NO INJURY / DRIVE AWAY,,,,"OVER $1,500",9/13/2019 14:58,IMPROPER BACKING,NOT APPLICABLE,1726,W,119TH ST,2234,,,,,,,2,NO INDICATION OF INJURY,0,0,0,0,0,2,0,14,6,9,41.67758559,-87.6648084,POINT (-87.664808402277 41.677585588953)
JC431788,,9/13/2019 14:10,30,STOP SIGN/FLASHER,FUNCTIONING PROPERLY,CLEAR,DAYLIGHT,ANGLE,TRAFFIC ROUTE,,STRAIGHT AND LEVEL,DRY,NO DEFECTS,ON SCENE,INJURY AND / OR TOW DUE TO CRASH,Y,,,"OVER $1,500",9/13/2019 14:16,DISREGARDING STOP SIGN,FAILING TO YIELD RIGHT-OF-WAY,1400,S,ALBANY AVE,1022,,,,,,,2,NO INDICATION OF INJURY,0,0,0,0,0,3,0,14,6,9,41.86248425,-87.70319292,POINT (-87.703192923425 41.862484251388)
JC431779,,9/13/2019 14:09,25,NO CONTROLS,NO CONTROLS,CLEAR,DAYLIGHT,REAR TO SIDE,ALLEY,,STRAIGHT AND LEVEL,DRY,NO DEFECTS,ON SCENE,NO INJURY / DRIVE AWAY,,,,"$501 - $1,500",9/13/2019 14:14,FAILING TO YIELD RIGHT-OF-WAY,FAILING TO YIELD RIGHT-OF-WAY,499,E,MARQUETTE RD,321,,,,,,,2,NO INDICATION OF INJURY,0,0,0,0,0,2,0,14,6,9,41.77290172,-87.6131022,POINT (-87.613102200833 41.77290171953)
JC437168,Y,9/13/2019 14:00,30,NO CONTROLS,NO CONTROLS,CLEAR,DAYLIGHT,PARKED MOTOR VEHICLE,NOT DIVIDED,,STRAIGHT AND LEVEL,DRY,NO DEFECTS,NOT ON SCENE (DESK REPORT),NO INJURY / DRIVE AWAY,,,Y,$500 OR LESS,9/17/2019 14:30,UNABLE TO DETERMINE,UNABLE TO DETERMINE,1261,S,THROOP ST,1233,,,,,,,2,NO INDICATION OF INJURY,0,0,0,0,0,1,0,14,6,9,41.86539121,-87.65893272,POINT (-87.658932716644 41.865391212496)
JC432249,,9/13/2019 14:00,30,UNKNOWN,UNKNOWN,UNKNOWN,UNKNOWN,REAR TO FRONT,PARKING LOT,,STRAIGHT AND LEVEL,UNKNOWN,UNKNOWN,NOT ON SCENE (DESK REPORT),NO INJURY / DRIVE AWAY,,Y,,"OVER $1,500",9/13/2019 19:15,UNABLE TO DETERMINE,NOT APPLICABLE,2832,S,WENTWORTH AVE,914,,,,,,,2,NO INDICATION OF INJURY,0,0,0,0,0,4,0,14,6,9,41.84160448,-87.6319155,POINT (-87.631915503409 41.841604481753)
JC432040,,9/13/2019 14:00,30,OTHER REG. SIGN,OTHER,CLEAR,DAYLIGHT,TURNING,DIVIDED - W/MEDIAN (NOT RAISED),,STRAIGHT AND LEVEL,DRY,NO DEFECTS,NOT ON SCENE (DESK REPORT),NO INJURY / DRIVE AWAY,,,,"$501 - $1,500",9/13/2019 17:05,IMPROPER TURNING/NO SIGNAL,UNABLE TO DETERMINE,3440,N,ASHLAND AVE,1922,,,,,,,2,NO INDICATION OF INJURY,0,0,0,0,0,2,0,14,6,9,41.94456394,-87.66894314,POINT (-87.668943136287 41.944563935156)
JC432017,,9/13/2019 14:00,30,TRAFFIC SIGNAL,FUNCTIONING PROPERLY,CLEAR,DAYLIGHT,REAR END,NOT DIVIDED,,STRAIGHT AND LEVEL,DRY,NO DEFECTS,NOT ON SCENE (DESK REPORT),NO INJURY / DRIVE AWAY,Y,,Y,"$501 - $1,500",9/13/2019 17:00,FOLLOWING TOO CLOSELY,FAILING TO REDUCE SPEED TO AVOID CRASH,6358,W,FULLERTON AVE,2512,,,,,,,2,NO INDICATION OF INJURY,0,0,0,0,0,4,0,14,6,9,41.9237885,-87.78538416,POINT (-87.785384155592 41.923788495497)
JC431868,,9/13/2019 14:00,30,NO CONTROLS,NO CONTROLS,CLEAR,DAYLIGHT,SIDESWIPE SAME DIRECTION,ONE-WAY,,STRAIGHT AND LEVEL,DRY,NO DEFECTS,ON SCENE,NO INJURY / DRIVE AWAY,,,,$500 OR LESS,9/13/2019 14:01,FAILING TO YIELD RIGHT-OF-WAY,NOT APPLICABLE,1653,W,CONGRESS PKWY,1231,,,,,,,2,NO INDICATION OF INJURY,0,0,0,0,0,3,0,14,6,9,41.87503334,-87.668753,POINT (-87.668753001303 41.875033341441)