RD_NO,CRASH_DATE_EST_I,CRASH_DATE,POSTED_SPEED_LIMIT,TRAFFIC_CONTROL_DEVICE,DEVICE_CONDITION,WEATHER_CONDITION,LIGHTING_CONDITION,FIRST_CRASH_TYPE,TRAFFICWAY_TYPE,LANE_CNT,ALIGNMENT,ROADWAY_SURFACE_COND,ROAD_DEFECT,REPORT_TYPE,CRASH_TYPE,INTERSECTION_RELATED_I,NOT_RIGHT_OF_WAY_I,HIT_AND_RUN_I,DAMAGE,DATE_POLICE_NOTIFIED,PRIM_CONTRIBUTORY_CAUSE,SEC_CONTRIBUTORY_CAUSE,STREET_NO,STREET_DIRECTION,STREET_NAME,BEAT_OF_OCCURRENCE,PHOTOS_TAKEN_I,STATEMENTS_TAKEN_I,DOORING_I,WORK_ZONE_I,WORK_ZONE_TYPE,WORKERS_PRESENT_I,NUM_UNITS,MOST_SEVERE_INJURY,INJURIES_TOTAL,INJURIES_FATAL,INJURIES_INCAPACITATING,INJURIES_NON_INCAPACITATING,INJURIES_REPORTED_NOT_EVIDENT,INJURIES_NO_INDICATION,INJURIES_UNKNOWN,CRASH_HOUR,CRASH_DAY_OF_WEEK,CRASH_MONTH,LATITUDE,LONGITUDE,LOCATION
JC431860,,9/13/2019 14:00,35,UNKNOWN,UNKNOWN,CLEAR,DAYLIGHT,PEDALCYCLIST,ALLEY,,STRAIGHT AND LEVEL,DRY,NO DEFECTS,ON SCENE,INJURY AND / OR TOW DUE TO CRASH,,,,"OVER $1,500",9/13/2019 14:46,UNABLE TO DETERMINE,UNABLE TO DETERMINE,5140,W,DRUMMOND PL,2521,,,,,,,2,"REPORTED, NOT EVIDENT",1,0,0,0,1,1,0,14,6,9,41.92880406,-87.75550769,POINT (-87.755507693282 41.928804061439)
JC431757,,9/13/2019 14:00,30,TRAFFIC SIGNAL,FUNCTIONING PROPERLY,CLEAR,DAYLIGHT,TURNING,NOT DIVIDED,,STRAIGHT AND LEVEL,DRY,NO DEFECTS,NOT ON SCENE (DESK REPORT),NO INJURY / DRIVE AWAY,,,,"$501 - $1,500",9/13/2019 14:20,UNABLE TO DETERMINE,UNABLE TO DETERMINE,2310,S,CANAL ST,914,,,,,,,2,NO INDICATION OF INJURY,0,0,0,0,0,2,0,14,6,9,41.85052271,-87.63862042,POINT (-87.638620422007 41.850522706291)
JC431754,,9/13/2019 13:47,30,NO CONTROLS,NO CONTROLS,CLEAR,DAYLIGHT,REAR END,NOT DIVIDED,,STRAIGHT AND LEVEL,DRY,NO DEFECTS,NOT ON SCENE (DESK REPORT),NO INJURY / DRIVE AWAY,,,,"OVER $1,500",9/13/2019 14:08,FOLLOWING TOO CLOSELY,UNABLE TO DETERMINE,327,S,SACRAMENTO BLVD,1124,,,,,,,2,NO INDICATION OF INJURY,0,0,0,0,0,2,0,13,6,9,41.87653637,-87.70093655,POINT (-87.70093654529 41.876536372323)
JC431805,,9/13/2019 13:45,30,TRAFFIC SIGNAL,FUNCTIONING PROPERLY,CLEAR,DAYLIGHT,REAR END,NOT DIVIDED,,STRAIGHT AND LEVEL,DRY,NO DEFECTS,NOT ON SCENE (DESK REPORT),NO INJURY / DRIVE AWAY,,,,"OVER $1,500",9/13/2019 14:30,UNABLE TO DETERMINE,NOT APPLICABLE,550,S,OAKLEY BLVD,1225,,,,,,,2,NO INDICATION OF INJURY,0,0,0,0,0,2,0,13,6,9,41.87398189,-87.68392533,POINT (-87.683925331444 41.873981885044)
JC445631,Y,9/13/2019 13:40,30,TRAFFIC SIGNAL,FUNCTIONING PROPERLY,CLEAR,DAYLIGHT,REAR END,NOT DIVIDED,,STRAIGHT AND LEVEL,DRY,NO DEFECTS,NOT ON SCENE (DESK REPORT),INJURY AND / OR TOW DUE TO CRASH,Y,,,"$501 - $1,500",9/23/2019 13:40,FOLLOWING TOO CLOSELY,NOT APPLICABLE,1625,W,LAWRENCE AVE,1912,,,,,,,2,NONINCAPACITATING INJURY,1,0,0,1,0,2,0,13,6,9,41.9687594,-87.67051977,POINT (-87.670519771961 41.968759395034)
JC431762,,9/13/2019 13:40,35,TRAFFIC SIGNAL,FUNCTIONING PROPERLY,CLEAR,DAYLIGHT,REAR END,NOT DIVIDED,,STRAIGHT AND LEVEL,DRY,NO DEFECTS,NOT ON SCENE (DESK REPORT),NO INJURY / DRIVE AWAY,,,,"OVER $1,500",9/13/2019 14:00,FOLLOWING TOO CLOSELY,NOT APPLICABLE,3901,W,MADISON ST,1122,,,,,,,2,NO INDICATION OF INJURY,0,0,0,0,0,2,0,13,6,9,41.88064565,-87.72337094,POINT (-87.723370939879 41.880645653741)
JC431751,,9/13/2019 13:37,30,TRAFFIC SIGNAL,FUNCTIONING PROPERLY,CLEAR,DAYLIGHT,ANGLE,DIVIDED - W/MEDIAN (NOT RAISED),,STRAIGHT AND LEVEL,DRY,NO DEFECTS,ON SCENE,INJURY AND / OR TOW DUE TO CRASH,Y,,,"OVER $1,500",9/13/2019 13:50,FAILING TO YIELD RIGHT-OF-WAY,UNABLE TO DETERMINE,652,W,TAYLOR ST,124,,,,,,,2,NO INDICATION OF INJURY,0,0,0,0,0,2,0,13,6,9,41.86980688,-87.64367009,POINT (-87.643670093094 41.869806880037)
JC431738,,9/13/2019 13:35,30,PEDESTRIAN CROSSING SIGN,FUNCTIONING PROPERLY,CLEAR,DAYLIGHT,PEDESTRIAN,NOT DIVIDED,,STRAIGHT AND LEVEL,DRY,"RUT, HOLES",NOT ON SCENE (DESK REPORT),NO INJURY / DRIVE AWAY,,,Y,$500 OR LESS,9/13/2019 13:41,UNABLE TO DETERMINE,UNABLE TO DETERMINE,1100,W,FULLERTON AVE,1932,,,,,,,2,NO INDICATION OF INJURY,0,0,0,0,0,2,0,13,6,9,41.92545102,-87.65609453,POINT (-87.65609453158 41.925451017442)
JC431712,,9/13/2019 13:35,25,NO CONTROLS,NO CONTROLS,CLEAR,DAYLIGHT,PEDALCYCLIST,ROUNDABOUT,,STRAIGHT AND LEVEL,DRY,NO DEFECTS,,INJURY AND / OR TOW DUE TO CRASH,Y,,,$500 OR LESS,9/13/2019 14:00,DRIVING ON WRONG SIDE/WRONG WAY,NOT APPLICABLE,2629,W,WABANSIA AVE,1421,,Y,,,,,2,NONINCAPACITATING INJURY,1,0,0,1,0,1,0,13,6,9,41.91197249,-87.69331127,POINT (-87.693311269777 41.911972489996)
JC431727,,9/13/2019 13:33,20,NO CONTROLS,NOT FUNCTIONING,CLEAR,DUSK,FIXED OBJECT,ONE-WAY,,STRAIGHT AND LEVEL,DRY,NO DEFECTS,ON SCENE,INJURY AND / OR TOW DUE TO CRASH,,,,"OVER $1,500",9/13/2019 13:55,NOT APPLICABLE,NOT APPLICABLE,541,N,KILPATRICK AVE,1111,,,,,,,1,NONINCAPACITATING INJURY,1,0,0,1,0,0,0,13,6,9,41.89081067,-87.74305539,POINT (-87.743055393046 41.89081066895)
JC432663,,9/13/2019 13:30,30,TRAFFIC SIGNAL,FUNCTIONING PROPERLY,CLEAR,DAYLIGHT,REAR END,NOT DIVIDED,,STRAIGHT AND LEVEL,DRY,NO DEFECTS,NOT ON SCENE (DESK REPORT),NO INJURY / DRIVE AWAY,Y,,,"$501 - $1,500",9/14/2019 3:09,NOT APPLICABLE,NOT APPLICABLE,4700,S,CICERO AVE,814,,,,,,,2,NO INDICATION OF INJURY,0,0,0,0,0,2,0,13,6,9,41.80753037,-87.74329682,POINT (-87.743296821242 41.807530372894)
JC431793,,9/13/2019 13:30,30,TRAFFIC SIGNAL,FUNCTIONING PROPERLY,CLEAR,DAYLIGHT,SIDESWIPE SAME DIRECTION,ONE-WAY,,STRAIGHT AND LEVEL,DRY,NO DEFECTS,NOT ON SCENE (DESK REPORT),NO INJURY / DRIVE AWAY,Y,,,"OVER $1,500",9/13/2019 14:35,IMPROPER TURNING/NO SIGNAL,IMPROPER LANE USAGE,150,N,FRANKLIN ST,122,,,,,,,2,NO INDICATION OF INJURY,0,0,0,0,0,2,0,13,6,9,41.88449312,-87.63552723,POINT (-87.63552722968 41.88449312035)
JC431743,,9/13/2019 13:30,30,NO CONTROLS,NO CONTROLS,CLEAR,DAYLIGHT,ANGLE,NOT DIVIDED,,STRAIGHT AND LEVEL,DRY,NO DEFECTS,NOT ON SCENE (DESK REPORT),INJURY AND / OR TOW DUE TO CRASH,,,,"$501 - $1,500",9/13/2019 14:05,NOT APPLICABLE,NOT APPLICABLE,4700,S,PULASKI RD,815,,,,,,,2,NONINCAPACITATING INJURY,1,0,0,1,0,2,0,13,6,9,41.80778877,-87.72373033,POINT (-87.72373033158 41.807788769095)
JC431732,,9/13/2019 13:25,30,TRAFFIC SIGNAL,FUNCTIONING PROPERLY,CLEAR,DAYLIGHT,REAR END,OTHER,,STRAIGHT AND LEVEL,DRY,NO DEFECTS,ON SCENE,NO INJURY / DRIVE AWAY,,,,$500 OR LESS,9/13/2019 13:30,UNABLE TO DETERMINE,NOT APPLICABLE,2019,S,CANALPORT AVE,1235,,,,,,,2,NO INDICATION OF INJURY,0,0,0,0,0,2,0,13,6,9,41.8552667,-87.64506416,POINT (-87.645064158491 41.85526669592)
JC431839,,9/13/2019 13:22,30,NO CONTROLS,NO CONTROLS,CLEAR,DAYLIGHT,PARKED MOTOR VEHICLE,ONE-WAY,,STRAIGHT AND LEVEL,DRY,NO DEFECTS,NOT ON SCENE (DESK REPORT),NO INJURY / DRIVE AWAY,,,Y,$500 OR LESS,9/13/2019 14:55,"OPERATING VEHICLE IN ERRATIC, RECKLESS, CARELESS, NEGLIGENT OR AGGRESSIVE MANNER",FAILING TO REDUCE SPEED TO AVOID CRASH,7222,S,MARSHFIELD AVE,735,Y,,,,,,2,NO INDICATION OF INJURY,0,0,0,0,0,1,0,13,6,9,41.76236218,-87.66511342,POINT (-87.665113423645 41.762362177543)
JC431703,,9/13/2019 13:18,20,NO CONTROLS,NO CONTROLS,CLEAR,DAYLIGHT,PARKED MOTOR VEHICLE,PARKING LOT,,STRAIGHT AND LEVEL,DRY,NO DEFECTS,ON SCENE,NO INJURY / DRIVE AWAY,,,Y,"OVER $1,500",9/13/2019 13:19,UNABLE TO DETERMINE,NOT APPLICABLE,6558,W,IRVING PARK RD,1632,,,,,,,2,NO INDICATION OF INJURY,0,0,0,0,0,1,0,13,6,9,41.9529418,-87.79133473,POINT (-87.791334730655 41.952941799956)
JC431780,,9/13/2019 13:15,30,UNKNOWN,FUNCTIONING PROPERLY,CLEAR,DAYLIGHT,REAR END,DIVIDED - W/MEDIAN BARRIER,,STRAIGHT AND LEVEL,DRY,NO DEFECTS,NOT ON SCENE (DESK REPORT),NO INJURY / DRIVE AWAY,,,,"OVER $1,500",9/13/2019 14:32,FOLLOWING TOO CLOSELY,DRIVING SKILLS/KNOWLEDGE/EXPERIENCE,200,S,RACINE AVE,1231,,,,,,,3,NO INDICATION OF INJURY,0,0,0,0,0,3,0,13,6,9,41.87901072,-87.65720059,POINT (-87.657200591996 41.879010723339)
JC441937,,9/13/2019 13:07,35,STOP SIGN/FLASHER,FUNCTIONING PROPERLY,CLEAR,DAYLIGHT,TURNING,FOUR WAY,,STRAIGHT AND LEVEL,DRY,NO DEFECTS,NOT ON SCENE (DESK REPORT),NO INJURY / DRIVE AWAY,Y,,,"OVER $1,500",9/20/2019 21:30,FAILING TO YIELD RIGHT-OF-WAY,NOT APPLICABLE,1701,N,PULASKI RD,2535,,,,,,,2,NO INDICATION OF INJURY,0,0,0,0,0,2,0,13,6,9,41.91177704,-87.72624573,POINT (-87.72624572958 41.911777041427)
JC431721,,9/13/2019 13:05,30,STOP SIGN/FLASHER,FUNCTIONING PROPERLY,CLEAR,DAYLIGHT,ANGLE,FOUR WAY,,STRAIGHT AND LEVEL,DRY,NO DEFECTS,ON SCENE,NO INJURY / DRIVE AWAY,Y,,,"OVER $1,500",9/13/2019 13:15,FAILING TO YIELD RIGHT-OF-WAY,UNABLE TO DETERMINE,1700,W,CULLERTON ST,1234,,,,,,,2,NO INDICATION OF INJURY,0,0,0,0,0,2,0,13,6,9,41.85512989,-87.66861108,POINT (-87.6686110808 41.855129887668)
JC431718,,9/13/2019 13:05,35,NO CONTROLS,NO CONTROLS,CLEAR,DAYLIGHT,ANGLE,NOT DIVIDED,,STRAIGHT AND LEVEL,DRY,NO DEFECTS,ON SCENE,NO INJURY / DRIVE AWAY,,,Y,"OVER $1,500",9/13/2019 13:25,FAILING TO YIELD RIGHT-OF-WAY,NOT APPLICABLE,6524,S,WESTERN AVE,832,,,,,,,2,NO INDICATION OF INJURY,0,0,0,0,0,2,0,13,6,9,41.77482976,-87.68367037,POINT (-87.683670373145 41.774829761478)
JC432026,,9/13/2019 13:00,35,NO CONTROLS,NO CONTROLS,CLEAR,DAYLIGHT,SIDESWIPE SAME DIRECTION,DIVIDED - W/MEDIAN (NOT RAISED),,STRAIGHT AND LEVEL,DRY,NO DEFECTS,NOT ON SCENE (DESK REPORT),NO INJURY / DRIVE AWAY,,,Y,$500 OR LESS,9/13/2019 17:00,UNABLE TO DETERMINE,UNABLE TO DETERMINE,4900,S,CICERO AVE,814,,,,,,,2,NO INDICATION OF INJURY,0,0,0,0,0,2,0,13,6,9,41.80387715,-87.74320434,POINT (-87.743204337182 41.803877146599)
JC431749,,9/13/2019 13:00,30,TRAFFIC SIGNAL,FUNCTIONING PROPERLY,CLEAR,DAYLIGHT,REAR END,DIVIDED - W/MEDIAN (NOT RAISED),,STRAIGHT AND LEVEL,DRY,NO DEFECTS,NOT ON SCENE (DESK REPORT),INJURY AND / OR TOW DUE TO CRASH,Y,,,"OVER $1,500",9/13/2019 14:00,FOLLOWING TOO CLOSELY,NOT APPLICABLE,2631,N,CICERO AVE,2521,,,,,,,2,"REPORTED, NOT EVIDENT",1,0,0,0,1,1,0,13,6,9,41.92885595,-87.74633748,POINT (-87.746337481429 41.928855948535)
JC431686,,9/13/2019 12:57,30,TRAFFIC SIGNAL,FUNCTIONING PROPERLY,CLEAR,DAYLIGHT,REAR END,DIVIDED - W/MEDIAN (NOT RAISED),,STRAIGHT AND LEVEL,DRY,NO DEFECTS,NOT ON SCENE (DESK REPORT),NO INJURY / DRIVE AWAY,,,Y,"$501 - $1,500",9/13/2019 13:15,UNABLE TO DETERMINE,UNABLE TO DETERMINE,220,S,HAMLIN BLVD,1122,,,,,,,2,NO INDICATION OF INJURY,0,0,0,0,0,2,0,12,6,9,41.87732709,-87.72078027,POINT (-87.720780264945 41.87732709143)
JC431717,,9/13/2019 12:50,25,NO CONTROLS,NO CONTROLS,CLEAR,DAYLIGHT,TURNING,NOT DIVIDED,,STRAIGHT AND LEVEL,DRY,NO DEFECTS,ON SCENE,INJURY AND / OR TOW DUE TO CRASH,,,,"OVER $1,500",9/13/2019 13:15,FAILING TO YIELD RIGHT-OF-WAY,UNABLE TO DETERMINE,4140,W,51ST ST,815,,,,,,,2,NO INDICATION OF INJURY,0,0,0,0,0,2,0,12,6,9,41.80061096,-87.72745006,POINT (-87.727450061916 41.80061096427)
JC431683,,9/13/2019 12:50,30,NO CONTROLS,NO CONTROLS,CLEAR,DAYLIGHT,REAR END,DIVIDED - W/MEDIAN (NOT RAISED),,STRAIGHT AND LEVEL,UNKNOWN,UNKNOWN,ON SCENE,INJURY AND / OR TOW DUE TO CRASH,,,,"$501 - $1,500",9/13/2019 12:53,UNABLE TO DETERMINE,NOT APPLICABLE,6332,S,ARCHER AVE,811,,,,,,,3,NO INDICATION OF INJURY,0,0,0,0,0,3,0,12,6,9,41.79308377,-87.77951898,POINT (-87.77951898447 41.793083766161)
JC437078,,9/13/2019 12:45,30,NO CONTROLS,NO CONTROLS,CLEAR,DAYLIGHT,SIDESWIPE SAME DIRECTION,DIVIDED - W/MEDIAN (NOT RAISED),,STRAIGHT AND LEVEL,DRY,NO DEFECTS,NOT ON SCENE (DESK REPORT),NO INJURY / DRIVE AWAY,,,Y,"OVER $1,500",9/17/2019 13:10,IMPROPER LANE USAGE,NOT APPLICABLE,2550,S,BLUE ISLAND AVE,1034,,,,,,,2,NO INDICATION OF INJURY,0,0,0,0,0,2,0,12,6,9,41.84579665,-87.68322936,POINT (-87.683229354973 41.845796651757)
JC431674,,9/13/2019 12:45,30,TRAFFIC SIGNAL,FUNCTIONING PROPERLY,CLEAR,DAYLIGHT,REAR END,DIVIDED - W/MEDIAN (NOT RAISED),,STRAIGHT AND LEVEL,DRY,NO DEFECTS,NOT ON SCENE (DESK REPORT),NO INJURY / DRIVE AWAY,,,,$500 OR LESS,9/13/2019 13:00,FOLLOWING TOO CLOSELY,UNABLE TO DETERMINE,2000,W,95TH ST,2221,,,,,,,2,NO INDICATION OF INJURY,0,0,0,0,0,3,0,12,6,9,41.7211823,-87.67282974,POINT (-87.672829735694 41.721182299204)
JC431635,,9/13/2019 12:45,30,NO CONTROLS,NO CONTROLS,CLEAR,DAYLIGHT,SIDESWIPE SAME DIRECTION,DIVIDED - W/MEDIAN (NOT RAISED),,STRAIGHT AND LEVEL,DRY,NO DEFECTS,ON SCENE,NO INJURY / DRIVE AWAY,Y,,,"OVER $1,500",9/13/2019 12:47,UNABLE TO DETERMINE,UNABLE TO DETERMINE,9533,S,WESTERN AVE,2213,,,,,,,2,NO INDICATION OF INJURY,0,0,0,0,0,2,0,12,6,9,41.7199418,-87.68188627,POINT (-87.681886270807 41.719941795202)
JC431644,,9/13/2019 12:40,30,NO CONTROLS,NO CONTROLS,CLEAR,DAYLIGHT,SIDESWIPE SAME DIRECTION,DIVIDED - W/MEDIAN (NOT RAISED),,STRAIGHT AND LEVEL,DRY,NO DEFECTS,ON SCENE,NO INJURY / DRIVE AWAY,,,,"OVER $1,500",9/13/2019 12:43,FOLLOWING TOO CLOSELY,NOT APPLICABLE,103,S,CICERO AVE,1113,,,,,,,2,NO INDICATION OF INJURY,0,0,0,0,0,2,0,12,6,9,41.87914687,-87.7450809,POINT (-87.745080903353 41.879146864571)
JC431927,,9/13/2019 12:35,35,TRAFFIC SIGNAL,FUNCTIONING PROPERLY,CLEAR,DAYLIGHT,REAR END,NOT DIVIDED,,STRAIGHT AND LEVEL,DRY,NO DEFECTS,NOT ON SCENE (DESK REPORT),NO INJURY / DRIVE AWAY,,,,"OVER $1,500",9/13/2019 16:10,FOLLOWING TOO CLOSELY,UNABLE TO DETERMINE,4300,S,COTTAGE GROVE AVE,221,,,,,,,2,NO INDICATION OF INJURY,0,0,0,0,0,2,0,12,6,9,41.81672163,-87.60685357,POINT (-87.606853565078 41.816721626101)
JC432062,,9/13/2019 12:30,30,NO CONTROLS,NO CONTROLS,CLEAR,DAYLIGHT,SIDESWIPE SAME DIRECTION,NOT DIVIDED,,STRAIGHT AND LEVEL,DRY,NO DEFECTS,ON SCENE,NO INJURY / DRIVE AWAY,Y,,,$500 OR LESS,9/13/2019 17:14,IMPROPER OVERTAKING/PASSING,NOT APPLICABLE,3832,W,47TH ST,821,,,,,,,2,NO INDICATION OF INJURY,0,0,0,0,0,2,0,12,6,9,41.80802606,-87.71995187,POINT (-87.719951869982 41.808026054987)
JC431646,,9/13/2019 12:30,30,TRAFFIC SIGNAL,UNKNOWN,CLEAR,DAYLIGHT,REAR END,NOT DIVIDED,,STRAIGHT AND LEVEL,DRY,"RUT, HOLES",NOT ON SCENE (DESK REPORT),NO INJURY / DRIVE AWAY,,,Y,$500 OR LESS,9/13/2019 12:31,FOLLOWING TOO CLOSELY,NOT APPLICABLE,5209,W,AUGUSTA BLVD,1524,,Y,,,,,2,NO INDICATION OF INJURY,0,0,0,0,0,3,0,12,6,9,41.89847379,-87.75611746,POINT (-87.756117461984 41.898473792425)
JC431652,,9/13/2019 12:21,30,NO CONTROLS,NO CONTROLS,CLEAR,DAYLIGHT,FIXED OBJECT,ONE-WAY,,STRAIGHT AND LEVEL,DRY,NO DEFECTS,ON SCENE,INJURY AND / OR TOW DUE TO CRASH,,Y,,"OVER $1,500",9/13/2019 12:53,PHYSICAL CONDITION OF DRIVER,NOT APPLICABLE,805,S,DESPLAINES ST,124,,,,,,,1,NONINCAPACITATING INJURY,1,0,0,1,0,0,0,12,6,9,41.87183068,-87.64366208,POINT (-87.643662078343 41.87183067802)
JC431678,,9/13/2019 12:20,30,NO CONTROLS,NO CONTROLS,CLEAR,DAYLIGHT,PARKED MOTOR VEHICLE,DIVIDED - W/MEDIAN (NOT RAISED),,STRAIGHT AND LEVEL,DRY,NO DEFECTS,ON SCENE,INJURY AND / OR TOW DUE TO CRASH,,,,"$501 - $1,500",9/13/2019 13:00,IMPROPER LANE USAGE,NOT APPLICABLE,2337,W,LAKE ST,1223,,,,,,,2,NONINCAPACITATING INJURY,1,0,0,1,0,0,0,12,6,9,41.88454805,-87.68555824,POINT (-87.685558239125 41.884548053779)
JC431626,,9/13/2019 12:18,30,NO CONTROLS,NO CONTROLS,CLEAR,DAYLIGHT,REAR END,NOT DIVIDED,,STRAIGHT AND LEVEL,DRY,NO DEFECTS,ON SCENE,INJURY AND / OR TOW DUE TO CRASH,,,,"OVER $1,500",9/13/2019 12:18,UNABLE TO DETERMINE,UNABLE TO DETERMINE,7914,S,DAMEN AVE,611,,,,,,,2,NONINCAPACITATING INJURY,2,0,0,2,0,1,0,12,6,9,41.74974405,-87.67326492,POINT (-87.673264916475 41.749744047732)
JC431597,,9/13/2019 12:15,30,NO CONTROLS,NO CONTROLS,CLEAR,DAYLIGHT,SIDESWIPE SAME DIRECTION,DIVIDED - W/MEDIAN (NOT RAISED),,STRAIGHT AND LEVEL,DRY,NO DEFECTS,ON SCENE,NO INJURY / DRIVE AWAY,Y,,Y,"OVER $1,500",9/13/2019 12:17,FAILING TO YIELD RIGHT-OF-WAY,FAILING TO REDUCE SPEED TO AVOID CRASH,3830,W,47TH ST,821,,,,,,,2,NO INDICATION OF INJURY,0,0,0,0,0,2,0,12,6,9,41.80802735,-87.71982957,POINT (-87.71982956535 41.808027344651)
JC432022,,9/13/2019 12:05,15,NO CONTROLS,NO CONTROLS,CLEAR,DAYLIGHT,REAR TO REAR,PARKING LOT,,STRAIGHT AND LEVEL,DRY,NO DEFECTS,NOT ON SCENE (DESK REPORT),NO INJURY / DRIVE AWAY,,Y,,"$501 - $1,500",9/13/2019 17:00,FAILING TO YIELD RIGHT-OF-WAY,UNABLE TO DETERMINE,1204,E,53RD ST,234,,,,,,,2,NO INDICATION OF INJURY,0,0,0,0,0,2,0,12,6,9,41.79956891,-87.59640075,POINT (-87.596400749828 41.79956891013)
JC445737,,9/13/2019 12:00,30,TRAFFIC SIGNAL,FUNCTIONING PROPERLY,CLEAR,DAYLIGHT,TURNING,NOT DIVIDED,,STRAIGHT AND LEVEL,DRY,NO DEFECTS,NOT ON SCENE (DESK REPORT),NO INJURY / DRIVE AWAY,,,,"$501 - $1,500",9/23/2019 20:00,IMPROPER TURNING/NO SIGNAL,UNABLE TO DETERMINE,1800,S,UNION AVE,1235,,,,,,,2,NO INDICATION OF INJURY,0,0,0,0,0,2,0,12,6,9,41.85753086,-87.64492861,POINT (-87.644928607359 41.857530859236)
JC432789,,9/13/2019 12:00,30,NO CONTROLS,NO CONTROLS,CLEAR,DAYLIGHT,PARKED MOTOR VEHICLE,NOT DIVIDED,,STRAIGHT AND LEVEL,DRY,NO DEFECTS,NOT ON SCENE (DESK REPORT),NO INJURY / DRIVE AWAY,,,Y,"OVER $1,500",9/14/2019 8:20,UNABLE TO DETERMINE,UNABLE TO DETERMINE,3520,N,WOLCOTT AVE,1922,,,,,,,2,NO INDICATION OF INJURY,0,0,0,0,0,1,0,12,6,9,41.94573358,-87.67624422,POINT (-87.676244221153 41.945733582324)
JC432228,,9/13/2019 12:00,30,NO CONTROLS,NO CONTROLS,CLEAR,DAYLIGHT,PARKED MOTOR VEHICLE,NOT DIVIDED,,STRAIGHT AND LEVEL,DRY,NO DEFECTS,ON SCENE,NO INJURY / DRIVE AWAY,,,Y,"OVER $1,500",9/13/2019 18:21,UNABLE TO DETERMINE,NOT APPLICABLE,3853,W,BYRON ST,1732,,,,,,,2,NO INDICATION OF INJURY,0,0,0,0,0,1,0,12,6,9,41.95176129,-87.72479282,POINT (-87.72479281666 41.951761287019)
JC431815,,9/13/2019 12:00,30,NO CONTROLS,NO CONTROLS,CLEAR,DAYLIGHT,PARKED MOTOR VEHICLE,NOT DIVIDED,,STRAIGHT AND LEVEL,DRY,NO DEFECTS,NOT ON SCENE (DESK REPORT),NO INJURY / DRIVE AWAY,,,,"$501 - $1,500",9/13/2019 14:00,UNABLE TO DETERMINE,UNABLE TO DETERMINE,10638,S,BENSLEY AVE,434,,,,,,,2,NO INDICATION OF INJURY,0,0,0,0,0,1,0,12,6,9,41.70160607,-87.56335919,POINT (-87.563359188372 41.701606074444)
JC431794,,9/13/2019 12:00,15,NO CONTROLS,NO CONTROLS,CLEAR,DAYLIGHT,PARKED MOTOR VEHICLE,PARKING LOT,,STRAIGHT AND LEVEL,DRY,NO DEFECTS,NOT ON SCENE (DESK REPORT),NO INJURY / DRIVE AWAY,,,Y,"$501 - $1,500",9/13/2019 14:37,UNABLE TO DETERMINE,NOT APPLICABLE,5320,S,PULASKI RD,815,,,,,,,2,NO INDICATION OF INJURY,0,0,0,0,0,1,0,12,6,9,41.79619759,-87.72339188,POINT (-87.723391883445 41.796197591416)
JC431598,,9/13/2019 12:00,30,TRAFFIC SIGNAL,FUNCTIONING PROPERLY,CLEAR,DAYLIGHT,REAR END,NOT DIVIDED,,STRAIGHT AND LEVEL,DRY,NO DEFECTS,NOT ON SCENE (DESK REPORT),NO INJURY / DRIVE AWAY,,,,"OVER $1,500",9/13/2019 12:15,UNABLE TO DETERMINE,UNABLE TO DETERMINE,3409,W,55TH ST,822,,,,,,,2,NO INDICATION OF INJURY,0,0,0,0,0,2,0,12,6,9,41.7933239,-87.708884,POINT (-87.708883995448 41.793323897691)
JC431552,,9/13/2019 12:00,20,NO CONTROLS,NO CONTROLS,CLEAR,DAYLIGHT,PARKED MOTOR VEHICLE,PARKING LOT,,STRAIGHT AND LEVEL,DRY,NO DEFECTS,ON SCENE,NO INJURY / DRIVE AWAY,,Y,,$500 OR LESS,9/13/2019 12:05,DRIVING SKILLS/KNOWLEDGE/EXPERIENCE,NOT APPLICABLE,3132,W,FOSTER AVE,1712,,,,,,,2,NO INDICATION OF INJURY,0,0,0,0,0,1,0,12,6,9,41.97586471,-87.70760109,POINT (-87.707601087688 41.975864710892)
JC431591,,9/13/2019 11:48,30,STOP SIGN/FLASHER,FUNCTIONING PROPERLY,CLEAR,DAYLIGHT,ANGLE,NOT DIVIDED,,STRAIGHT AND LEVEL,DRY,NO DEFECTS,NOT ON SCENE (DESK REPORT),INJURY AND / OR TOW DUE TO CRASH,,,,"OVER $1,500",9/13/2019 11:55,FAILING TO YIELD RIGHT-OF-WAY,UNABLE TO DETERMINE,3732,W,CERMAK RD,1014,,,,,,,2,"REPORTED, NOT EVIDENT",1,0,0,0,1,1,0,11,6,9,41.85173386,-87.71859434,POINT (-87.718594342791 41.851733860044)
JC431659,,9/13/2019 11:45,35,NO CONTROLS,NO CONTROLS,CLEAR,DAYLIGHT,TURNING,NOT DIVIDED,,STRAIGHT AND LEVEL,DRY,NO DEFECTS,,NO INJURY / DRIVE AWAY,,,,"OVER $1,500",9/13/2019 11:50,UNABLE TO DETERMINE,UNABLE TO DETERMINE,2438,W,CERMAK RD,1023,,,,,,,2,NO INDICATION OF INJURY,0,0,0,0,0,2,0,11,6,9,41.85212453,-87.68728217,POINT (-87.687282164902 41.852124531449)