RD_NO,CRASH_DATE_EST_I,CRASH_DATE,POSTED_SPEED_LIMIT,TRAFFIC_CONTROL_DEVICE,DEVICE_CONDITION,WEATHER_CONDITION,LIGHTING_CONDITION,FIRST_CRASH_TYPE,TRAFFICWAY_TYPE,LANE_CNT,ALIGNMENT,ROADWAY_SURFACE_COND,ROAD_DEFECT,REPORT_TYPE,CRASH_TYPE,INTERSECTION_RELATED_I,NOT_RIGHT_OF_WAY_I,HIT_AND_RUN_I,DAMAGE,DATE_POLICE_NOTIFIED,PRIM_CONTRIBUTORY_CAUSE,SEC_CONTRIBUTORY_CAUSE,STREET_NO,STREET_DIRECTION,STREET_NAME,BEAT_OF_OCCURRENCE,PHOTOS_TAKEN_I,STATEMENTS_TAKEN_I,DOORING_I,WORK_ZONE_I,WORK_ZONE_TYPE,WORKERS_PRESENT_I,NUM_UNITS,MOST_SEVERE_INJURY,INJURIES_TOTAL,INJURIES_FATAL,INJURIES_INCAPACITATING,INJURIES_NON_INCAPACITATING,INJURIES_REPORTED_NOT_EVIDENT,INJURIES_NO_INDICATION,INJURIES_UNKNOWN,CRASH_HOUR,CRASH_DAY_OF_WEEK,CRASH_MONTH,LATITUDE,LONGITUDE,LOCATION
JC431648,,9/13/2019 11:45,30,TRAFFIC SIGNAL,FUNCTIONING PROPERLY,CLEAR,DAYLIGHT,TURNING,DIVIDED - W/MEDIAN (NOT RAISED),,STRAIGHT AND LEVEL,DRY,NO DEFECTS,NOT ON SCENE (DESK REPORT),NO INJURY / DRIVE AWAY,Y,,,"OVER $1,500",9/13/2019 12:20,UNABLE TO DETERMINE,NOT APPLICABLE,3198,W,CHICAGO AVE,1211,,,,,,,2,NO INDICATION OF INJURY,0,0,0,0,0,2,0,11,6,9,41.89566375,-87.70649666,POINT (-87.7064966643 41.895663748761)
JC431640,,9/13/2019 11:45,30,NO CONTROLS,NO CONTROLS,CLEAR,DAYLIGHT,TURNING,UNKNOWN INTERSECTION TYPE,,STRAIGHT AND LEVEL,DRY,NO DEFECTS,NOT ON SCENE (DESK REPORT),NO INJURY / DRIVE AWAY,,,,"$501 - $1,500",9/13/2019 12:45,UNABLE TO DETERMINE,NOT APPLICABLE,2000,N,ELSTON AVE,1432,,,,,,,2,NO INDICATION OF INJURY,0,0,0,0,0,2,0,11,6,9,41.91788277,-87.66765509,POINT (-87.66765508921 41.917882766001)
JC431622,,9/13/2019 11:45,30,TRAFFIC SIGNAL,FUNCTIONING PROPERLY,CLEAR,DAYLIGHT,TURNING,NOT DIVIDED,,STRAIGHT AND LEVEL,UNKNOWN,UNKNOWN,NOT ON SCENE (DESK REPORT),NO INJURY / DRIVE AWAY,Y,,,"$501 - $1,500",9/13/2019 12:25,IMPROPER TURNING/NO SIGNAL,IMPROPER LANE USAGE,1995,N,ELSTON AVE,1433,,,,,,,2,NO INDICATION OF INJURY,0,0,0,0,0,2,0,11,6,9,41.91794778,-87.66736436,POINT (-87.667364364127 41.917947780974)
JC431605,,9/13/2019 11:45,30,TRAFFIC SIGNAL,FUNCTIONING PROPERLY,CLOUDY/OVERCAST,DAYLIGHT,TURNING,NOT DIVIDED,,STRAIGHT AND LEVEL,DRY,NO DEFECTS,ON SCENE,INJURY AND / OR TOW DUE TO CRASH,Y,,,"OVER $1,500",9/13/2019 11:51,IMPROPER TURNING/NO SIGNAL,UNABLE TO DETERMINE,6311,S,ASHLAND AVE,725,,,,,,,2,NO INDICATION OF INJURY,0,0,0,0,0,2,0,11,6,9,41.77909562,-87.6640643,POINT (-87.664064296827 41.779095619015)
JC431596,,9/13/2019 11:45,30,TRAFFIC SIGNAL,FUNCTIONING PROPERLY,CLEAR,DAYLIGHT,TURNING,NOT DIVIDED,,STRAIGHT AND LEVEL,DRY,NO DEFECTS,NOT ON SCENE (DESK REPORT),NO INJURY / DRIVE AWAY,Y,,,"$501 - $1,500",9/13/2019 12:00,FOLLOWING TOO CLOSELY,FOLLOWING TOO CLOSELY,1600,W,63RD ST,714,,,,,,,2,NO INDICATION OF INJURY,0,0,0,0,0,2,0,11,6,9,41.77957044,-87.66429388,POINT (-87.664293875129 41.779570436187)
JC431607,,9/13/2019 11:40,30,TRAFFIC SIGNAL,FUNCTIONING PROPERLY,CLEAR,DAYLIGHT,TURNING,ONE-WAY,,STRAIGHT AND LEVEL,DRY,NO DEFECTS,ON SCENE,NO INJURY / DRIVE AWAY,Y,,,"OVER $1,500",9/13/2019 11:59,FOLLOWING TOO CLOSELY,NOT APPLICABLE,100,W,ILLINOIS ST,1831,,,,,,,2,NO INDICATION OF INJURY,0,0,0,0,0,2,0,11,6,9,41.89093247,-87.63118089,POINT (-87.631180891189 41.89093246868)
JC431609,,9/13/2019 11:39,30,NO CONTROLS,NO CONTROLS,CLEAR,DAYLIGHT,SIDESWIPE SAME DIRECTION,NOT DIVIDED,,STRAIGHT AND LEVEL,DRY,NO DEFECTS,ON SCENE,NO INJURY / DRIVE AWAY,,,,"OVER $1,500",9/13/2019 12:04,NOT APPLICABLE,NOT APPLICABLE,5110,S,KEDZIE AVE,822,,,,,,,2,NO INDICATION OF INJURY,0,0,0,0,0,2,0,11,6,9,41.80044347,-87.7039025,POINT (-87.703902498021 41.800443467611)
JC431576,,9/13/2019 11:35,30,NO CONTROLS,NO CONTROLS,CLEAR,DAYLIGHT,REAR END,NOT DIVIDED,,STRAIGHT AND LEVEL,DRY,NO DEFECTS,ON SCENE,INJURY AND / OR TOW DUE TO CRASH,,,,"OVER $1,500",9/13/2019 11:38,FOLLOWING TOO CLOSELY,NOT APPLICABLE,2401,W,HOWARD ST,2411,,,,,,,2,"REPORTED, NOT EVIDENT",1,0,0,0,1,1,0,11,6,9,42.01941677,-87.6902932,POINT (-87.690293198412 42.01941676643)
JC431634,,9/13/2019 11:30,30,NO CONTROLS,NO CONTROLS,CLEAR,DAYLIGHT,ANGLE,NOT DIVIDED,,STRAIGHT AND LEVEL,DRY,NO DEFECTS,NOT ON SCENE (DESK REPORT),NO INJURY / DRIVE AWAY,,,,"OVER $1,500",9/13/2019 12:30,FAILING TO YIELD RIGHT-OF-WAY,NOT APPLICABLE,2314,W,47TH ST,924,,,,,,,2,NO INDICATION OF INJURY,0,0,0,0,0,2,0,11,6,9,41.80853528,-87.68264958,POINT (-87.682649579396 41.808535275893)
JC431592,,9/13/2019 11:30,30,NO CONTROLS,NO CONTROLS,CLEAR,DAYLIGHT,REAR END,NOT DIVIDED,,STRAIGHT AND LEVEL,DRY,NO DEFECTS,NOT ON SCENE (DESK REPORT),NO INJURY / DRIVE AWAY,,,,"OVER $1,500",9/13/2019 12:10,UNABLE TO DETERMINE,UNABLE TO DETERMINE,3600,S,CALIFORNIA AVE,911,,,,,,,2,NO INDICATION OF INJURY,0,0,0,0,0,2,0,11,6,9,41.82822428,-87.69490963,POINT (-87.694909630193 41.828224281199)
JC431585,,9/13/2019 11:25,30,NO CONTROLS,NO CONTROLS,CLEAR,DAYLIGHT,PARKED MOTOR VEHICLE,NOT DIVIDED,,STRAIGHT AND LEVEL,DRY,NO DEFECTS,ON SCENE,NO INJURY / DRIVE AWAY,,,,"OVER $1,500",9/13/2019 11:53,PHYSICAL CONDITION OF DRIVER,UNABLE TO DETERMINE,1101,W,19TH ST,1235,,,,,,,2,NO INDICATION OF INJURY,0,0,0,0,0,1,0,11,6,9,41.85653138,-87.65325149,POINT (-87.65325149362 41.856531381431)
JC431554,,9/13/2019 11:24,30,TRAFFIC SIGNAL,FUNCTIONING PROPERLY,CLEAR,DAYLIGHT,TURNING,DIVIDED - W/MEDIAN (NOT RAISED),,STRAIGHT AND LEVEL,DRY,UNKNOWN,,INJURY AND / OR TOW DUE TO CRASH,Y,,,"OVER $1,500",9/13/2019 11:24,FAILING TO YIELD RIGHT-OF-WAY,NOT APPLICABLE,3200,W,87TH ST,834,,,,,,,2,NO INDICATION OF INJURY,0,0,0,0,0,2,0,11,6,9,41.73529567,-87.70221902,POINT (-87.702219018846 41.735295669627)
JC431529,,9/13/2019 11:16,30,TRAFFIC SIGNAL,FUNCTIONING PROPERLY,CLEAR,DAYLIGHT,SIDESWIPE OPPOSITE DIRECTION,DIVIDED - W/MEDIAN (NOT RAISED),,STRAIGHT AND LEVEL,DRY,NO DEFECTS,,NO INJURY / DRIVE AWAY,,,Y,"OVER $1,500",9/13/2019 11:20,FAILING TO YIELD RIGHT-OF-WAY,IMPROPER OVERTAKING/PASSING,2900,W,FOSTER AVE,2011,,,,,,,,,,,,,,,,11,6,9,41.97590825,-87.70143127,POINT (-87.701431268775 41.975908245473)
JC431568,,9/13/2019 11:15,20,PEDESTRIAN CROSSING SIGN,FUNCTIONING PROPERLY,CLEAR,DAYLIGHT,PEDESTRIAN,FOUR WAY,,STRAIGHT AND LEVEL,DRY,NO DEFECTS,ON SCENE,INJURY AND / OR TOW DUE TO CRASH,Y,,,$500 OR LESS,9/13/2019 11:20,FAILING TO YIELD RIGHT-OF-WAY,NOT APPLICABLE,100,E,35TH ST,211,,,,,,,2,NONINCAPACITATING INJURY,1,0,0,1,0,1,0,11,6,9,41.83115443,-87.62318486,POINT (-87.623184861007 41.831154425788)
JC431593,,9/13/2019 11:13,30,NO CONTROLS,NO CONTROLS,CLEAR,DAYLIGHT,FIXED OBJECT,NOT DIVIDED,,STRAIGHT AND LEVEL,DRY,NO DEFECTS,ON SCENE,NO INJURY / DRIVE AWAY,,Y,Y,$500 OR LESS,9/13/2019 11:20,UNABLE TO DETERMINE,UNABLE TO DETERMINE,5405,S,KEDZIE AVE,923,,,,,,,1,NO INDICATION OF INJURY,0,0,0,0,0,1,0,11,6,9,41.79517107,-87.70346175,POINT (-87.703461748162 41.795171070929)
JC431553,,9/13/2019 11:10,30,TRAFFIC SIGNAL,FUNCTIONING PROPERLY,CLEAR,DAYLIGHT,TURNING,FOUR WAY,,STRAIGHT AND LEVEL,DRY,NO DEFECTS,NOT ON SCENE (DESK REPORT),NO INJURY / DRIVE AWAY,Y,,,"OVER $1,500",9/13/2019 12:15,IMPROPER TURNING/NO SIGNAL,NOT APPLICABLE,800,S,ASHLAND AVE,1231,,,,,,,2,NO INDICATION OF INJURY,0,0,0,0,0,3,0,11,6,9,41.87156599,-87.66667541,POINT (-87.666675414457 41.871565990609)
JC431961,,9/13/2019 11:00,30,NO CONTROLS,NO CONTROLS,CLEAR,DAYLIGHT,PARKED MOTOR VEHICLE,NOT DIVIDED,,STRAIGHT AND LEVEL,DRY,NO DEFECTS,NOT ON SCENE (DESK REPORT),NO INJURY / DRIVE AWAY,,,Y,"OVER $1,500",9/13/2019 16:50,UNABLE TO DETERMINE,UNABLE TO DETERMINE,5711,S,LOWE AVE,711,,,,,,,2,NO INDICATION OF INJURY,0,0,0,0,0,1,0,11,6,9,41.79035885,-87.64125669,POINT (-87.641256687989 41.790358846408)
JC431778,,9/13/2019 11:00,15,NO CONTROLS,NO CONTROLS,CLEAR,DAYLIGHT,PARKED MOTOR VEHICLE,PARKING LOT,,STRAIGHT AND LEVEL,DRY,NO DEFECTS,NOT ON SCENE (DESK REPORT),NO INJURY / DRIVE AWAY,,Y,Y,"$501 - $1,500",9/13/2019 14:30,UNABLE TO DETERMINE,NOT APPLICABLE,6640,W,BELDEN AVE,2512,,,,,,,2,NO INDICATION OF INJURY,0,0,0,0,0,3,0,11,6,9,41.92131571,-87.79182387,POINT (-87.791823865072 41.921315712344)
JC431550,Y,9/13/2019 11:00,25,TRAFFIC SIGNAL,FUNCTIONING PROPERLY,CLEAR,DAYLIGHT,SIDESWIPE OPPOSITE DIRECTION,NOT DIVIDED,,STRAIGHT AND LEVEL,DRY,NO DEFECTS,NOT ON SCENE (DESK REPORT),NO INJURY / DRIVE AWAY,N,,,"OVER $1,500",9/13/2019 11:45,UNABLE TO DETERMINE,UNABLE TO DETERMINE,222,W,MERCHANDISE MART PLZ,1831,,,,,,,2,NO INDICATION OF INJURY,0,0,0,0,0,2,0,11,6,9,41.88807428,-87.6349552,POINT (-87.634955202927 41.888074281066)
JC431539,,9/13/2019 11:00,30,TRAFFIC SIGNAL,FUNCTIONING PROPERLY,CLEAR,DAYLIGHT,REAR END,NOT DIVIDED,,STRAIGHT AND LEVEL,DRY,NO DEFECTS,NOT ON SCENE (DESK REPORT),NO INJURY / DRIVE AWAY,,,,"OVER $1,500",9/13/2019 11:30,FOLLOWING TOO CLOSELY,NOT APPLICABLE,1600,S,KEDZIE AVE,1022,,,,,,,2,NO INDICATION OF INJURY,0,0,0,0,0,3,0,11,6,9,41.85902983,-87.705601,POINT (-87.705600995256 41.859029826536)
JC431604,,9/13/2019 10:55,30,TRAFFIC SIGNAL,FUNCTIONING PROPERLY,CLEAR,DAYLIGHT,SIDESWIPE SAME DIRECTION,NOT DIVIDED,,STRAIGHT AND LEVEL,UNKNOWN,UNKNOWN,NOT ON SCENE (DESK REPORT),NO INJURY / DRIVE AWAY,,,,"OVER $1,500",9/13/2019 11:20,NOT APPLICABLE,NOT APPLICABLE,7913,S,SOUTH CHICAGO AVE,411,,,,,,,2,NO INDICATION OF INJURY,0,0,0,0,0,2,0,10,6,9,41.7512631,-87.5850761,POINT (-87.585076097935 41.751263097914)
JC431513,,9/13/2019 10:40,10,NO CONTROLS,NO CONTROLS,CLEAR,DAYLIGHT,PARKED MOTOR VEHICLE,PARKING LOT,,STRAIGHT AND LEVEL,DRY,NO DEFECTS,ON SCENE,INJURY AND / OR TOW DUE TO CRASH,,,,"OVER $1,500",9/13/2019 10:46,UNABLE TO DETERMINE,NOT APPLICABLE,1615,E,95TH ST,431,,,,,,,2,NO INDICATION OF INJURY,0,0,0,0,0,1,0,10,6,9,41.7222392,-87.58445725,POINT (-87.584457247452 41.722239197974)
JC431522,,9/13/2019 10:37,10,NO CONTROLS,NO CONTROLS,CLEAR,DAYLIGHT,PARKED MOTOR VEHICLE,PARKING LOT,,STRAIGHT AND LEVEL,WET,UNKNOWN,NOT ON SCENE (DESK REPORT),NO INJURY / DRIVE AWAY,,,,"$501 - $1,500",9/13/2019 11:10,UNABLE TO DETERMINE,NOT APPLICABLE,7055,W,ARCHER AVE,811,,,,,,,2,NO INDICATION OF INJURY,0,0,0,0,0,3,0,10,6,9,41.79188685,-87.79874919,POINT (-87.798749190863 41.79188685218)
JC431490,,9/13/2019 10:27,30,NO CONTROLS,NO CONTROLS,CLEAR,DAYLIGHT,PARKED MOTOR VEHICLE,NOT DIVIDED,,STRAIGHT AND LEVEL,DRY,NO DEFECTS,ON SCENE,INJURY AND / OR TOW DUE TO CRASH,,,,"OVER $1,500",9/13/2019 10:28,FAILING TO REDUCE SPEED TO AVOID CRASH,NOT APPLICABLE,4431,N,AUSTIN AVE,1622,,,,,,,4,NONINCAPACITATING INJURY,1,0,0,1,0,0,0,10,6,9,41.96127755,-87.77690428,POINT (-87.776904277193 41.961277547625)
JC431481,,9/13/2019 10:15,30,NO CONTROLS,NO CONTROLS,CLEAR,DAYLIGHT,REAR END,PARKING LOT,,STRAIGHT AND LEVEL,DRY,UNKNOWN,NOT ON SCENE (DESK REPORT),NO INJURY / DRIVE AWAY,,,N,"OVER $1,500",9/13/2019 10:43,UNABLE TO DETERMINE,UNABLE TO DETERMINE,6600,S,STONY ISLAND AVE,321,,,,,,,2,NO INDICATION OF INJURY,0,0,0,0,0,2,0,10,6,9,41.77514086,-87.58644197,POINT (-87.586441971694 41.775140857742)
JC439322,,9/13/2019 10:05,30,TRAFFIC SIGNAL,FUNCTIONING PROPERLY,CLEAR,DAYLIGHT,REAR END,DIVIDED - W/MEDIAN BARRIER,,STRAIGHT AND LEVEL,DRY,NO DEFECTS,NOT ON SCENE (DESK REPORT),NO INJURY / DRIVE AWAY,,,,$500 OR LESS,9/19/2019 3:00,FOLLOWING TOO CLOSELY,FAILING TO REDUCE SPEED TO AVOID CRASH,1698,N,LAKE SHORE DR,1814,,,,,,,2,NO INDICATION OF INJURY,0,0,0,0,0,2,0,10,6,9,41.91215751,-87.62783947,POINT (-87.627839468089 41.9121575105)
JC449067,,9/13/2019 10:00,30,NO CONTROLS,NO CONTROLS,CLEAR,DAYLIGHT,PARKED MOTOR VEHICLE,NOT DIVIDED,,STRAIGHT AND LEVEL,DRY,NO DEFECTS,NOT ON SCENE (DESK REPORT),NO INJURY / DRIVE AWAY,,,Y,"OVER $1,500",9/26/2019 11:10,IMPROPER LANE USAGE,UNABLE TO DETERMINE,1433,E,64TH ST,314,,,,,,,2,NO INDICATION OF INJURY,0,0,0,0,0,1,0,10,6,9,41.77865145,-87.59008864,POINT (-87.590088639542 41.778651453315)
JC438757,,9/13/2019 10:00,30,TRAFFIC SIGNAL,UNKNOWN,UNKNOWN,UNKNOWN,REAR END,DIVIDED - W/MEDIAN (NOT RAISED),,STRAIGHT AND LEVEL,UNKNOWN,UNKNOWN,NOT ON SCENE (DESK REPORT),NO INJURY / DRIVE AWAY,,,,"OVER $1,500",9/18/2019 17:00,FAILING TO REDUCE SPEED TO AVOID CRASH,FOLLOWING TOO CLOSELY,1647,N,LA SALLE DR,1814,,,,,,,2,NO INDICATION OF INJURY,0,0,0,0,0,2,0,10,6,9,41.91250324,-87.63301193,POINT (-87.633011932875 41.912503239452)
JC432004,,9/13/2019 10:00,25,NO CONTROLS,NO CONTROLS,CLEAR,DAYLIGHT,PARKED MOTOR VEHICLE,ONE-WAY,,STRAIGHT AND LEVEL,DRY,NO DEFECTS,NOT ON SCENE (DESK REPORT),NO INJURY / DRIVE AWAY,,,Y,"OVER $1,500",9/13/2019 15:15,UNABLE TO DETERMINE,NOT APPLICABLE,3949,N,MEADE AVE,1633,,,,,,,2,NO INDICATION OF INJURY,0,0,0,0,0,1,0,10,6,9,41.95264492,-87.77906036,POINT (-87.779060360402 41.952644923374)
JC431473,,9/13/2019 10:00,35,TRAFFIC SIGNAL,FUNCTIONING PROPERLY,CLEAR,DAYLIGHT,PEDESTRIAN,NOT DIVIDED,,STRAIGHT AND LEVEL,DRY,NO DEFECTS,ON SCENE,INJURY AND / OR TOW DUE TO CRASH,Y,,,"OVER $1,500",9/13/2019 10:04,UNABLE TO DETERMINE,UNABLE TO DETERMINE,2901,W,CERMAK RD,1033,,,,,,,2,NONINCAPACITATING INJURY,1,0,0,1,0,1,0,10,6,9,41.85174297,-87.69915224,POINT (-87.699152241026 41.851742974231)
JC431484,,9/13/2019 9:45,0,NO CONTROLS,NO CONTROLS,CLEAR,DAYLIGHT,PARKED MOTOR VEHICLE,OTHER,,STRAIGHT AND LEVEL,DRY,NO DEFECTS,NOT ON SCENE (DESK REPORT),NO INJURY / DRIVE AWAY,,,,"OVER $1,500",9/13/2019 10:30,UNABLE TO DETERMINE,NOT APPLICABLE,798,N,HAMLIN AVE,1112,,,,,,,2,NO INDICATION OF INJURY,0,0,0,0,0,2,0,9,6,9,41.89531785,-87.72133469,POINT (-87.721334691396 41.895317851704)
JC431432,,9/13/2019 9:35,30,NO CONTROLS,NO CONTROLS,CLEAR,DAYLIGHT,PEDESTRIAN,DIVIDED - W/MEDIAN (NOT RAISED),,STRAIGHT AND LEVEL,WET,UNKNOWN,,INJURY AND / OR TOW DUE TO CRASH,,,Y,"$501 - $1,500",9/13/2019 9:50,UNABLE TO DETERMINE,NOT APPLICABLE,1465,E,130TH ST,434,,,,,,,,,,,,,,,,9,6,9,41.66028389,-87.58866624,POINT (-87.58866623998 41.660283893596)
JC432419,,9/13/2019 9:30,30,UNKNOWN,UNKNOWN,CLEAR,DAYLIGHT,PEDALCYCLIST,NOT DIVIDED,,STRAIGHT AND LEVEL,DRY,UNKNOWN,NOT ON SCENE (DESK REPORT),NO INJURY / DRIVE AWAY,Y,,,$500 OR LESS,9/13/2019 21:30,FAILING TO YIELD RIGHT-OF-WAY,NOT APPLICABLE,1557,S,CENTRAL PARK AVE,1021,,,,,,,2,NO INDICATION OF INJURY,0,0,0,0,0,2,0,9,6,9,41.85912439,-87.71506277,POINT (-87.715062766251 41.859124386978)
JC431434,,9/13/2019 9:30,10,OTHER,OTHER,OTHER,DAYLIGHT,PARKED MOTOR VEHICLE,OTHER,,STRAIGHT AND LEVEL,DRY,NO DEFECTS,ON SCENE,NO INJURY / DRIVE AWAY,,,,"OVER $1,500",9/13/2019 9:35,NOT APPLICABLE,NOT APPLICABLE,1,N,HALSTED ST,1224,,,,,,,2,NO INDICATION OF INJURY,0,0,0,0,0,1,0,9,6,9,41.88181563,-87.64721472,POINT (-87.647214717041 41.881815631642)
JC431412,,9/13/2019 9:30,30,UNKNOWN,UNKNOWN,RAIN,DAYLIGHT,HEAD ON,NOT DIVIDED,,STRAIGHT AND LEVEL,WET,NO DEFECTS,ON SCENE,INJURY AND / OR TOW DUE TO CRASH,,,,"OVER $1,500",9/13/2019 9:33,UNABLE TO DETERMINE,NOT APPLICABLE,6700,S,SOUTH SHORE DR,331,,,,,,,2,NO INDICATION OF INJURY,0,0,0,0,0,2,0,9,6,9,41.77343857,-87.56689931,POINT (-87.566899305833 41.773438566009)
JC432262,,9/13/2019 9:20,30,UNKNOWN,UNKNOWN,CLEAR,DAYLIGHT,PARKED MOTOR VEHICLE,NOT DIVIDED,,STRAIGHT AND LEVEL,DRY,NO DEFECTS,NOT ON SCENE (DESK REPORT),NO INJURY / DRIVE AWAY,,,Y,"OVER $1,500",9/13/2019 19:30,UNABLE TO DETERMINE,UNABLE TO DETERMINE,260,E,35TH ST,211,,,,,,,2,NO INDICATION OF INJURY,0,0,0,0,0,1,0,9,6,9,41.83119134,-87.61939643,POINT (-87.619396425295 41.831191342692)
JC431422,,9/13/2019 9:20,35,NO CONTROLS,NO CONTROLS,CLEAR,DAYLIGHT,SIDESWIPE SAME DIRECTION,DIVIDED - W/MEDIAN BARRIER,,STRAIGHT AND LEVEL,DRY,NO DEFECTS,ON SCENE,NO INJURY / DRIVE AWAY,,,,$500 OR LESS,9/13/2019 9:30,DRIVING SKILLS/KNOWLEDGE/EXPERIENCE,NOT APPLICABLE,10701,S,HALSTED ST,2233,,,,,,,2,NO INDICATION OF INJURY,0,0,0,0,0,2,0,9,6,9,41.69955202,-87.64245905,POINT (-87.642459045212 41.699552020154)
JC431429,,9/13/2019 9:15,15,NO CONTROLS,NO CONTROLS,CLOUDY/OVERCAST,DAYLIGHT,PARKED MOTOR VEHICLE,PARKING LOT,,STRAIGHT AND LEVEL,DRY,NO DEFECTS,ON SCENE,NO INJURY / DRIVE AWAY,,Y,,"OVER $1,500",9/13/2019 9:20,DRIVING SKILLS/KNOWLEDGE/EXPERIENCE,NOT APPLICABLE,1,W,PARKING LOT C ST,1654,,,,,,,3,NO INDICATION OF INJURY,0,0,0,0,0,1,0,9,6,9,,,
JC431349,,9/13/2019 9:15,30,STOP SIGN/FLASHER,NO CONTROLS,CLOUDY/OVERCAST,DUSK,TURNING,T-INTERSECTION,,STRAIGHT AND LEVEL,WET,UNKNOWN,ON SCENE,INJURY AND / OR TOW DUE TO CRASH,Y,,,"OVER $1,500",9/13/2019 9:15,FAILING TO YIELD RIGHT-OF-WAY,NOT APPLICABLE,2735,W,FULLERTON AVE,1431,N,,,,,,2,NONINCAPACITATING INJURY,1,0,0,1,0,1,0,9,6,9,41.92470676,-87.69640672,POINT (-87.696406723571 41.924706756757)
JC413426,,9/13/2019 9:13,30,TRAFFIC SIGNAL,FUNCTIONING PROPERLY,CLOUDY/OVERCAST,DAYLIGHT,REAR END,NOT DIVIDED,,STRAIGHT AND LEVEL,WET,NO DEFECTS,NOT ON SCENE (DESK REPORT),NO INJURY / DRIVE AWAY,,,,"OVER $1,500",9/13/2019 9:48,FAILING TO REDUCE SPEED TO AVOID CRASH,FOLLOWING TOO CLOSELY,5351,N,ELSTON AVE,1621,,,,,,,2,NO INDICATION OF INJURY,0,0,0,0,0,2,0,9,6,9,41.97866935,-87.75708768,POINT (-87.757087677182 41.978669347929)
JC432779,,9/13/2019 9:10,30,NO CONTROLS,NO CONTROLS,CLEAR,DARKNESS,PARKED MOTOR VEHICLE,NOT DIVIDED,,STRAIGHT AND LEVEL,DRY,NO DEFECTS,NOT ON SCENE (DESK REPORT),NO INJURY / DRIVE AWAY,,,Y,"$501 - $1,500",9/14/2019 8:11,IMPROPER BACKING,IMPROPER BACKING,5807,S,UNION AVE,711,,,,,,,2,NO INDICATION OF INJURY,0,0,0,0,0,1,0,9,6,9,41.78866205,-87.6424277,POINT (-87.642427696594 41.788662048822)
JC431416,,9/13/2019 9:10,30,TRAFFIC SIGNAL,FUNCTIONING PROPERLY,CLEAR,DAYLIGHT,PEDALCYCLIST,DIVIDED - W/MEDIAN (NOT RAISED),,STRAIGHT AND LEVEL,WET,NO DEFECTS,ON SCENE,INJURY AND / OR TOW DUE TO CRASH,Y,,,"$501 - $1,500",9/13/2019 9:13,UNABLE TO DETERMINE,UNABLE TO DETERMINE,3000,E,95TH ST,424,,Y,,,,,2,INCAPACITATING INJURY,1,0,1,0,0,1,0,9,6,9,41.72287546,-87.55100958,POINT (-87.551009582325 41.722875455217)
JC431397,,9/13/2019 9:05,35,NO CONTROLS,NO CONTROLS,CLOUDY/OVERCAST,DAYLIGHT,ANGLE,NOT DIVIDED,,STRAIGHT AND LEVEL,WET,NO DEFECTS,ON SCENE,INJURY AND / OR TOW DUE TO CRASH,,,,"OVER $1,500",9/13/2019 9:07,FAILING TO YIELD RIGHT-OF-WAY,NOT APPLICABLE,6002,N,CENTRAL PARK AVE,1711,,,,,,,2,NO INDICATION OF INJURY,0,0,0,0,0,2,0,9,6,9,41.99040163,-87.71901271,POINT (-87.719012712378 41.990401625593)
JC431382,,9/13/2019 9:05,35,TRAFFIC SIGNAL,FUNCTIONING PROPERLY,RAIN,DAYLIGHT,REAR END,ONE-WAY,,STRAIGHT AND LEVEL,WET,NO DEFECTS,ON SCENE,INJURY AND / OR TOW DUE TO CRASH,Y,,,"OVER $1,500",9/13/2019 9:08,WEATHER,WEATHER,3736,W,DOUGLAS BLVD,1011,,,,,,,2,NONINCAPACITATING INJURY,1,0,0,1,0,1,0,9,6,9,41.86313637,-87.71945244,POINT (-87.719452437735 41.863136374327)
JC431352,,9/13/2019 9:02,30,NO CONTROLS,NO CONTROLS,RAIN,DAYLIGHT,REAR END,DIVIDED - W/MEDIAN BARRIER,,STRAIGHT AND LEVEL,WET,NO DEFECTS,ON SCENE,NO INJURY / DRIVE AWAY,,,,"OVER $1,500",9/13/2019 9:04,FOLLOWING TOO CLOSELY,FAILING TO REDUCE SPEED TO AVOID CRASH,5700,S,CICERO AVE,813,,,,Y,CONSTRUCTION,,2,NO INDICATION OF INJURY,0,0,0,0,0,2,0,9,6,9,41.78932932,-87.74164564,POINT (-87.741645644196 41.789329323265)
JC432453,Y,9/13/2019 9:00,30,NO CONTROLS,NO CONTROLS,UNKNOWN,DAYLIGHT,PARKED MOTOR VEHICLE,ONE-WAY,,STRAIGHT AND LEVEL,DRY,NO DEFECTS,NOT ON SCENE (DESK REPORT),NO INJURY / DRIVE AWAY,,,Y,"OVER $1,500",9/13/2019 21:00,UNABLE TO DETERMINE,IMPROPER BACKING,3750,W,OGDEN AVE,1014,,,,,,,2,NO INDICATION OF INJURY,0,0,0,0,0,1,0,9,6,9,41.85319452,-87.71932895,POINT (-87.719328947545 41.853194515075)
JC431410,,9/13/2019 9:00,10,NO CONTROLS,NO CONTROLS,RAIN,DAYLIGHT,REAR END,PARKING LOT,,STRAIGHT AND LEVEL,WET,NO DEFECTS,NOT ON SCENE (DESK REPORT),NO INJURY / DRIVE AWAY,,,,"$501 - $1,500",9/13/2019 9:30,UNABLE TO DETERMINE,UNABLE TO DETERMINE,2844,W,47TH ST,922,,,,,,,2,NO INDICATION OF INJURY,0,0,0,0,0,2,0,9,6,9,41.8083588,-87.69600055,POINT (-87.696000547872 41.808358800968)