RD_NO,CRASH_DATE_EST_I,CRASH_DATE,POSTED_SPEED_LIMIT,TRAFFIC_CONTROL_DEVICE,DEVICE_CONDITION,WEATHER_CONDITION,LIGHTING_CONDITION,FIRST_CRASH_TYPE,TRAFFICWAY_TYPE,LANE_CNT,ALIGNMENT,ROADWAY_SURFACE_COND,ROAD_DEFECT,REPORT_TYPE,CRASH_TYPE,INTERSECTION_RELATED_I,NOT_RIGHT_OF_WAY_I,HIT_AND_RUN_I,DAMAGE,DATE_POLICE_NOTIFIED,PRIM_CONTRIBUTORY_CAUSE,SEC_CONTRIBUTORY_CAUSE,STREET_NO,STREET_DIRECTION,STREET_NAME,BEAT_OF_OCCURRENCE,PHOTOS_TAKEN_I,STATEMENTS_TAKEN_I,DOORING_I,WORK_ZONE_I,WORK_ZONE_TYPE,WORKERS_PRESENT_I,NUM_UNITS,MOST_SEVERE_INJURY,INJURIES_TOTAL,INJURIES_FATAL,INJURIES_INCAPACITATING,INJURIES_NON_INCAPACITATING,INJURIES_REPORTED_NOT_EVIDENT,INJURIES_NO_INDICATION,INJURIES_UNKNOWN,CRASH_HOUR,CRASH_DAY_OF_WEEK,CRASH_MONTH,LATITUDE,LONGITUDE,LOCATION
JC431396,,9/13/2019 9:00,30,TRAFFIC SIGNAL,UNKNOWN,CLOUDY/OVERCAST,DAYLIGHT,ANGLE,DIVIDED - W/MEDIAN (NOT RAISED),,STRAIGHT AND LEVEL,WET,UNKNOWN,ON SCENE,INJURY AND / OR TOW DUE TO CRASH,Y,,,"OVER $1,500",9/13/2019 9:10,DISREGARDING TRAFFIC SIGNALS,NOT APPLICABLE,5000,S,CICERO AVE,814,,,,,,,2,"REPORTED, NOT EVIDENT",2,0,0,0,2,5,0,9,6,9,41.80205588,-87.74314785,POINT (-87.743147853345 41.802055877794)
JC432069,,9/13/2019 8:58,30,UNKNOWN,UNKNOWN,UNKNOWN,UNKNOWN,REAR END,CENTER TURN LANE,,STRAIGHT AND LEVEL,UNKNOWN,UNKNOWN,NOT ON SCENE (DESK REPORT),NO INJURY / DRIVE AWAY,Y,,,$500 OR LESS,9/13/2019 17:30,UNABLE TO DETERMINE,UNABLE TO DETERMINE,3703,S,WESTERN AVE,911,,,,,,,2,NO INDICATION OF INJURY,0,0,0,0,0,3,0,8,6,9,41.82638228,-87.68477171,POINT (-87.684771709958 41.826382275416)
JC431388,N,9/13/2019 8:56,30,STOP SIGN/FLASHER,FUNCTIONING PROPERLY,RAIN,DAYLIGHT,ANGLE,NOT DIVIDED,,STRAIGHT AND LEVEL,WET,NO DEFECTS,ON SCENE,INJURY AND / OR TOW DUE TO CRASH,Y,,,"OVER $1,500",9/13/2019 8:56,FAILING TO REDUCE SPEED TO AVOID CRASH,DISTRACTION - FROM INSIDE VEHICLE,6731,W,BELMONT AVE,2511,,,,,,,3,NONINCAPACITATING INJURY,1,0,0,1,0,2,0,8,6,9,41.93806658,-87.79453113,POINT (-87.794531129943 41.938066577781)
JC431393,,9/13/2019 8:48,25,TRAFFIC SIGNAL,FUNCTIONING PROPERLY,RAIN,DAYLIGHT,SIDESWIPE SAME DIRECTION,ONE-WAY,,STRAIGHT AND LEVEL,WET,NO DEFECTS,ON SCENE,NO INJURY / DRIVE AWAY,,,,$500 OR LESS,9/13/2019 9:10,IMPROPER OVERTAKING/PASSING,NOT APPLICABLE,2,E,VAN BUREN ST,113,,,,,,,2,NO INDICATION OF INJURY,0,0,0,0,0,2,0,8,6,9,41.87704571,-87.62759071,POINT (-87.627590711653 41.877045704876)
JC431377,,9/13/2019 8:43,30,TRAFFIC SIGNAL,FUNCTIONING PROPERLY,RAIN,DAYLIGHT,TURNING,DIVIDED - W/MEDIAN (NOT RAISED),,STRAIGHT AND LEVEL,WET,NO DEFECTS,NOT ON SCENE (DESK REPORT),INJURY AND / OR TOW DUE TO CRASH,Y,,,"OVER $1,500",9/13/2019 8:45,DRIVING SKILLS/KNOWLEDGE/EXPERIENCE,IMPROPER LANE USAGE,6799,W,IRVING PARK RD,1632,,,,,,,2,NONINCAPACITATING INJURY,1,0,0,1,0,1,0,8,6,9,41.95263396,-87.79614956,POINT (-87.796149562276 41.952633961199)
JC431387,,9/13/2019 8:40,30,NO CONTROLS,NO CONTROLS,OTHER,DAYLIGHT,SIDESWIPE SAME DIRECTION,DIVIDED - W/MEDIAN (NOT RAISED),,STRAIGHT AND LEVEL,WET,NO DEFECTS,ON SCENE,INJURY AND / OR TOW DUE TO CRASH,,,,"$501 - $1,500",9/13/2019 8:42,IMPROPER OVERTAKING/PASSING,NOT APPLICABLE,4338,W,DIVISION ST,2534,,,,,,,2,"REPORTED, NOT EVIDENT",1,0,0,0,1,1,0,8,6,9,41.9026395,-87.73526176,POINT (-87.735261762539 41.902639503631)
JC431321,,9/13/2019 8:35,25,NO CONTROLS,NO CONTROLS,RAIN,DAYLIGHT,ANGLE,ALLEY,,STRAIGHT AND LEVEL,WET,NO DEFECTS,ON SCENE,INJURY AND / OR TOW DUE TO CRASH,,,,"OVER $1,500",9/13/2019 8:40,FAILING TO YIELD RIGHT-OF-WAY,DRIVING SKILLS/KNOWLEDGE/EXPERIENCE,1613,W,CARMEN AVE,2032,,,,,,,2,NO INDICATION OF INJURY,0,0,0,0,0,3,0,8,6,9,41.97422349,-87.6701256,POINT (-87.670125600521 41.974223486669)
JC432092,,9/13/2019 8:30,35,NO CONTROLS,FUNCTIONING PROPERLY,SLEET/HAIL,DAYLIGHT,REAR END,NOT DIVIDED,,STRAIGHT AND LEVEL,DRY,NO DEFECTS,NOT ON SCENE (DESK REPORT),NO INJURY / DRIVE AWAY,,,,"$501 - $1,500",9/13/2019 18:00,NOT APPLICABLE,NOT APPLICABLE,1600,N,LAKE SHORE DR,1814,,,,,,,2,NO INDICATION OF INJURY,0,0,0,0,0,2,0,8,6,9,41.91122456,-87.62648257,POINT (-87.626482572426 41.911224555611)
JC431972,,9/13/2019 8:30,30,NO CONTROLS,NO CONTROLS,CLEAR,DAYLIGHT,PARKED MOTOR VEHICLE,NOT DIVIDED,,STRAIGHT AND LEVEL,DRY,UNKNOWN,NOT ON SCENE (DESK REPORT),NO INJURY / DRIVE AWAY,,,Y,"$501 - $1,500",9/13/2019 16:30,UNABLE TO DETERMINE,UNABLE TO DETERMINE,8551,S,STONY ISLAND AVE,412,,,,,,,2,NO INDICATION OF INJURY,0,0,0,0,0,1,0,8,6,9,41.73903993,-87.58510399,POINT (-87.585103993194 41.739039933826)
JC431400,,9/13/2019 8:30,30,NO CONTROLS,NO CONTROLS,RAIN,DAYLIGHT,SIDESWIPE OPPOSITE DIRECTION,NOT DIVIDED,,STRAIGHT AND LEVEL,WET,NO DEFECTS,NOT ON SCENE (DESK REPORT),NO INJURY / DRIVE AWAY,,,Y,"$501 - $1,500",9/13/2019 9:25,UNABLE TO DETERMINE,UNABLE TO DETERMINE,2057,W,76TH ST,611,,,,,,,2,NO INDICATION OF INJURY,0,0,0,0,0,2,0,8,6,9,41.75556073,-87.6755681,POINT (-87.675568103391 41.755560725953)
JC431366,Y,9/13/2019 8:30,15,NO CONTROLS,NO CONTROLS,FREEZING RAIN/DRIZZLE,DAYLIGHT,ANGLE,ALLEY,,STRAIGHT AND LEVEL,WET,NO DEFECTS,NOT ON SCENE (DESK REPORT),NO INJURY / DRIVE AWAY,,,,"OVER $1,500",9/13/2019 9:00,UNABLE TO DETERMINE,UNABLE TO DETERMINE,1512,N,GREENVIEW AVE,1433,,,,,,,2,NO INDICATION OF INJURY,0,0,0,0,0,2,0,8,6,9,41.90925279,-87.66536264,POINT (-87.665362636221 41.909252786444)
JC431351,,9/13/2019 8:30,30,NO CONTROLS,NO CONTROLS,RAIN,DAYLIGHT,PARKED MOTOR VEHICLE,NOT DIVIDED,,STRAIGHT AND LEVEL,WET,NO DEFECTS,ON SCENE,NO INJURY / DRIVE AWAY,,,,"OVER $1,500",9/13/2019 9:00,IMPROPER BACKING,FAILING TO REDUCE SPEED TO AVOID CRASH,4221,S,PRINCETON AVE,925,,,,,,,2,NO INDICATION OF INJURY,0,0,0,0,0,1,0,8,6,9,41.81756565,-87.63343773,POINT (-87.633437726987 41.817565652134)
JC431403,,9/13/2019 8:25,30,NO CONTROLS,NO CONTROLS,UNKNOWN,DAYLIGHT,TURNING,DIVIDED - W/MEDIAN BARRIER,,STRAIGHT AND LEVEL,UNKNOWN,NO DEFECTS,NOT ON SCENE (DESK REPORT),NO INJURY / DRIVE AWAY,,,,"OVER $1,500",9/13/2019 9:15,DISTRACTION - FROM OUTSIDE VEHICLE,NOT APPLICABLE,820,S,DAMEN AVE,1225,,,,,,,2,NO INDICATION OF INJURY,0,0,0,0,0,2,0,8,6,9,41.8708895,-87.67651265,POINT (-87.676512650226 41.870889496052)
JC431311,,9/13/2019 8:22,20,STOP SIGN/FLASHER,FUNCTIONING PROPERLY,RAIN,DAYLIGHT,TURNING,NOT DIVIDED,,STRAIGHT AND LEVEL,WET,NO DEFECTS,ON SCENE,INJURY AND / OR TOW DUE TO CRASH,Y,,,"OVER $1,500",9/13/2019 8:30,FAILING TO YIELD RIGHT-OF-WAY,NOT APPLICABLE,1400,W,16TH ST,1233,,,,,,,2,NO INDICATION OF INJURY,0,0,0,0,0,2,0,8,6,9,41.85979544,-87.66149889,POINT (-87.661498890949 41.859795438036)
JC431345,,9/13/2019 8:21,30,TRAFFIC SIGNAL,FUNCTIONING PROPERLY,RAIN,DAYLIGHT,TURNING,NOT DIVIDED,,STRAIGHT AND LEVEL,WET,NO DEFECTS,ON SCENE,NO INJURY / DRIVE AWAY,Y,,Y,$500 OR LESS,9/13/2019 8:51,IMPROPER TURNING/NO SIGNAL,IMPROPER TURNING/NO SIGNAL,500,S,HOMAN AVE,1133,,,,,,,2,NO INDICATION OF INJURY,0,0,0,0,0,2,0,8,6,9,41.87453294,-87.71095404,POINT (-87.710954038087 41.874532943005)
JC431515,,9/13/2019 8:20,15,NO CONTROLS,NO CONTROLS,CLOUDY/OVERCAST,DAYLIGHT,ANGLE,ALLEY,,STRAIGHT AND LEVEL,WET,UNKNOWN,NOT ON SCENE (DESK REPORT),NO INJURY / DRIVE AWAY,,,,"OVER $1,500",9/13/2019 11:15,UNABLE TO DETERMINE,NOT APPLICABLE,1523,W,NORTH AVE,1433,,,,,,,2,NO INDICATION OF INJURY,0,0,0,0,0,2,0,8,6,9,41.91054054,-87.66626365,POINT (-87.66626364669 41.910540543989)
JC431343,,9/13/2019 8:20,30,NO CONTROLS,NO CONTROLS,RAIN,DAYLIGHT,SIDESWIPE SAME DIRECTION,NOT DIVIDED,,STRAIGHT AND LEVEL,WET,NO DEFECTS,NOT ON SCENE (DESK REPORT),NO INJURY / DRIVE AWAY,,,,"OVER $1,500",9/13/2019 8:47,NOT APPLICABLE,NOT APPLICABLE,345,N,CENTRAL AVE,1523,,,,,,,2,NO INDICATION OF INJURY,0,0,0,0,0,2,0,8,6,9,41.88708768,-87.76495725,POINT (-87.764957250728 41.887087681902)
JC431329,,9/13/2019 8:20,20,NO CONTROLS,NO CONTROLS,CLEAR,DAYLIGHT,TURNING,ALLEY,,STRAIGHT AND LEVEL,DRY,NO DEFECTS,ON SCENE,NO INJURY / DRIVE AWAY,Y,,,"OVER $1,500",9/13/2019 8:21,FAILING TO YIELD RIGHT-OF-WAY,IMPROPER TURNING/NO SIGNAL,11117,S,BISHOP ST,2234,,,,,,,2,NO INDICATION OF INJURY,0,0,0,0,0,4,0,8,6,9,41.69162091,-87.65843188,POINT (-87.658431875432 41.691620907698)
JC432053,,9/13/2019 8:15,30,NO CONTROLS,NO CONTROLS,CLOUDY/OVERCAST,DAYLIGHT,REAR END,NOT DIVIDED,,STRAIGHT AND LEVEL,WET,UNKNOWN,NOT ON SCENE (DESK REPORT),INJURY AND / OR TOW DUE TO CRASH,,,,"$501 - $1,500",9/13/2019 17:00,UNABLE TO DETERMINE,UNABLE TO DETERMINE,1801,W,99TH ST,2213,,,,,,,2,"REPORTED, NOT EVIDENT",1,0,0,0,1,1,0,8,6,9,41.71377983,-87.66732903,POINT (-87.667329026189 41.713779830071)
JC431325,,9/13/2019 8:15,30,FLASHING CONTROL SIGNAL,FUNCTIONING PROPERLY,RAIN,DAYLIGHT,SIDESWIPE SAME DIRECTION,NOT DIVIDED,,STRAIGHT AND LEVEL,WET,NO DEFECTS,ON SCENE,NO INJURY / DRIVE AWAY,,,,$500 OR LESS,9/13/2019 8:24,UNABLE TO DETERMINE,UNABLE TO DETERMINE,800,N,LARAMIE AVE,1524,,,,,,,2,NO INDICATION OF INJURY,0,0,0,0,0,3,0,8,6,9,41.89502315,-87.75574978,POINT (-87.755749782345 41.895023146364)
JC431312,,9/13/2019 8:12,30,NO CONTROLS,NO CONTROLS,CLOUDY/OVERCAST,DAYLIGHT,SIDESWIPE SAME DIRECTION,NOT DIVIDED,,STRAIGHT AND LEVEL,WET,NO DEFECTS,ON SCENE,INJURY AND / OR TOW DUE TO CRASH,,,,"OVER $1,500",9/13/2019 8:13,FOLLOWING TOO CLOSELY,NOT APPLICABLE,7690,W,FOREST PRESERVE AVE,1631,,,,,,,2,NONINCAPACITATING INJURY,1,0,0,1,0,1,0,8,6,9,41.94772894,-87.82000512,POINT (-87.820005123073 41.947728935077)
JC431339,,9/13/2019 8:10,30,NO CONTROLS,NO CONTROLS,CLOUDY/OVERCAST,DAYLIGHT,REAR END,NOT DIVIDED,,STRAIGHT AND LEVEL,WET,UNKNOWN,NOT ON SCENE (DESK REPORT),NO INJURY / DRIVE AWAY,,,Y,"OVER $1,500",9/13/2019 8:40,UNABLE TO DETERMINE,NOT APPLICABLE,1101,N,WESTERN AVE,1212,,,,,,,2,NO INDICATION OF INJURY,0,0,0,0,0,2,0,8,6,9,41.90124743,-87.68683366,POINT (-87.686833661643 41.90124743122)
JC431336,,9/13/2019 8:10,25,TRAFFIC SIGNAL,FUNCTIONING PROPERLY,RAIN,DAYLIGHT,TURNING,FOUR WAY,,STRAIGHT AND LEVEL,WET,NO DEFECTS,ON SCENE,INJURY AND / OR TOW DUE TO CRASH,Y,,,"OVER $1,500",9/13/2019 8:15,FAILING TO YIELD RIGHT-OF-WAY,"VISION OBSCURED (SIGNS, TREE LIMBS, BUILDINGS, ETC.)",6400,N,RIDGE BLVD,2412,,,,,,,2,NO INDICATION OF INJURY,0,0,0,0,0,2,0,8,6,9,41.99801926,-87.67701946,POINT (-87.677019460109 41.998019258165)
JC434233,,9/13/2019 8:05,30,NO CONTROLS,NO CONTROLS,CLEAR,DAYLIGHT,REAR END,NOT DIVIDED,,STRAIGHT AND LEVEL,DRY,DEBRIS ON ROADWAY,NOT ON SCENE (DESK REPORT),INJURY AND / OR TOW DUE TO CRASH,,,,"OVER $1,500",9/15/2019 12:40,FOLLOWING TOO CLOSELY,UNABLE TO DETERMINE,1402,W,107TH ST,2232,,,,,,,2,NONINCAPACITATING INJURY,1,0,0,1,0,1,0,8,6,9,41.6995821,-87.65725758,POINT (-87.657257575837 41.699582101777)
JC431324,Y,9/13/2019 8:05,30,OTHER REG. SIGN,FUNCTIONING IMPROPERLY,CLEAR,DAYLIGHT,SIDESWIPE OPPOSITE DIRECTION,ONE-WAY,,STRAIGHT AND LEVEL,DRY,NO DEFECTS,NOT ON SCENE (DESK REPORT),NO INJURY / DRIVE AWAY,Y,,,"OVER $1,500",9/13/2019 8:30,DRIVING ON WRONG SIDE/WRONG WAY,DISREGARDING OTHER TRAFFIC SIGNS,3151,N,NATCHEZ AVE,2511,,,,,,,2,NO INDICATION OF INJURY,0,0,0,0,0,2,0,8,6,9,41.93796476,-87.78821675,POINT (-87.788216750389 41.937964760129)
JC432323,,9/13/2019 8:00,30,NO CONTROLS,NO CONTROLS,CLEAR,DAYLIGHT,TURNING,NOT DIVIDED,,STRAIGHT AND LEVEL,DRY,NO DEFECTS,NOT ON SCENE (DESK REPORT),NO INJURY / DRIVE AWAY,Y,,,"$501 - $1,500",9/13/2019 20:00,FAILING TO YIELD RIGHT-OF-WAY,"VISION OBSCURED (SIGNS, TREE LIMBS, BUILDINGS, ETC.)",5621,W,GRAND AVE,2515,,,,,,,2,NO INDICATION OF INJURY,0,0,0,0,0,2,0,8,6,9,41.918819,-87.76675528,POINT (-87.766755281034 41.918818994946)
JC431389,,9/13/2019 8:00,30,UNKNOWN,UNKNOWN,CLOUDY/OVERCAST,DAYLIGHT,TURNING,NOT DIVIDED,,STRAIGHT AND LEVEL,WET,"RUT, HOLES",NOT ON SCENE (DESK REPORT),INJURY AND / OR TOW DUE TO CRASH,,,,"OVER $1,500",9/13/2019 8:05,FAILING TO YIELD RIGHT-OF-WAY,NOT APPLICABLE,5730,W,ROOSEVELT RD,1513,Y,Y,,,,,3,NO INDICATION OF INJURY,0,0,0,0,0,3,0,8,6,9,41.86565489,-87.76805078,POINT (-87.768050778972 41.865654886095)
JC431340,,9/13/2019 8:00,30,NO CONTROLS,NO CONTROLS,RAIN,DAYLIGHT,REAR END,OTHER,,STRAIGHT AND LEVEL,WET,NO DEFECTS,ON SCENE,INJURY AND / OR TOW DUE TO CRASH,Y,,Y,"OVER $1,500",9/13/2019 8:20,FOLLOWING TOO CLOSELY,UNABLE TO DETERMINE,2300,W,FULLERTON AVE,1432,,,,,,,2,"REPORTED, NOT EVIDENT",1,0,0,0,1,1,0,8,6,9,41.92504022,-87.68530803,POINT (-87.685308028409 41.925040217608)
JC431322,,9/13/2019 8:00,30,TRAFFIC SIGNAL,FUNCTIONING PROPERLY,RAIN,DAYLIGHT,SIDESWIPE SAME DIRECTION,NOT DIVIDED,,STRAIGHT AND LEVEL,WET,NO DEFECTS,NOT ON SCENE (DESK REPORT),NO INJURY / DRIVE AWAY,,,,"OVER $1,500",9/13/2019 8:45,IMPROPER OVERTAKING/PASSING,DRIVING SKILLS/KNOWLEDGE/EXPERIENCE,6929,N,SHERIDAN RD,2431,,,,,,,2,NO INDICATION OF INJURY,0,0,0,0,0,2,0,8,6,9,42.00770195,-87.66145008,POINT (-87.661450076437 42.007701954025)
JC431301,,9/13/2019 8:00,35,NO CONTROLS,NO CONTROLS,CLOUDY/OVERCAST,DAYLIGHT,TURNING,NOT DIVIDED,,STRAIGHT AND LEVEL,WET,NO DEFECTS,ON SCENE,NO INJURY / DRIVE AWAY,Y,,,"OVER $1,500",9/13/2019 8:00,FAILING TO YIELD RIGHT-OF-WAY,NOT APPLICABLE,1500,W,119TH ST,524,,,,,,,2,NO INDICATION OF INJURY,0,0,0,0,0,4,0,8,6,9,41.67768507,-87.65901955,POINT (-87.659019549213 41.677685065833)
JC431278,,9/13/2019 8:00,20,NO CONTROLS,NO CONTROLS,RAIN,DAYLIGHT,REAR END,DIVIDED - W/MEDIAN (NOT RAISED),,STRAIGHT AND LEVEL,WET,NO DEFECTS,ON SCENE,NO INJURY / DRIVE AWAY,Y,,,"OVER $1,500",9/13/2019 8:00,FOLLOWING TOO CLOSELY,FAILING TO REDUCE SPEED TO AVOID CRASH,2705,W,55TH ST,824,,,,,,,2,NO INDICATION OF INJURY,0,0,0,0,0,3,0,8,6,9,41.7936222,-87.69160192,POINT (-87.691601915646 41.793622200785)
JC431380,,9/13/2019 7:56,30,NO CONTROLS,NO CONTROLS,RAIN,DAYLIGHT,SIDESWIPE SAME DIRECTION,ONE-WAY,,STRAIGHT AND LEVEL,WET,NO DEFECTS,,NO INJURY / DRIVE AWAY,N,,,"OVER $1,500",9/13/2019 9:20,IMPROPER LANE USAGE,UNABLE TO DETERMINE,56,W,ILLINOIS ST,1831,,,,,,,,,,,,,,,,7,6,9,41.89093545,-87.6301431,POINT (-87.630143101233 41.890935446553)
JC431277,,9/13/2019 7:54,25,TRAFFIC SIGNAL,FUNCTIONING PROPERLY,RAIN,DAYLIGHT,PEDESTRIAN,ONE-WAY,,STRAIGHT AND LEVEL,WET,NO DEFECTS,NOT ON SCENE (DESK REPORT),NO INJURY / DRIVE AWAY,Y,,,$500 OR LESS,9/13/2019 7:55,FAILING TO YIELD RIGHT-OF-WAY,DRIVING SKILLS/KNOWLEDGE/EXPERIENCE,151,W,VAN BUREN ST,122,,,,,,,2,NO INDICATION OF INJURY,0,0,0,0,0,4,0,7,6,9,41.87676014,-87.63257171,POINT (-87.632571706196 41.876760140385)
JC431348,,9/13/2019 7:53,25,NO CONTROLS,NO CONTROLS,RAIN,DAYLIGHT,PARKED MOTOR VEHICLE,ONE-WAY,,STRAIGHT AND LEVEL,WET,NO DEFECTS,ON SCENE,NO INJURY / DRIVE AWAY,,,,"OVER $1,500",9/13/2019 8:00,UNABLE TO DETERMINE,UNABLE TO DETERMINE,5335,S,TALMAN AVE,923,,,,,,,2,NO INDICATION OF INJURY,0,0,0,0,0,1,0,7,6,9,41.79635346,-87.690069,POINT (-87.690069001831 41.79635346295)
JC431332,,9/13/2019 7:50,30,NO CONTROLS,NO CONTROLS,CLEAR,DAYLIGHT,REAR END,DIVIDED - W/MEDIAN BARRIER,,STRAIGHT AND LEVEL,WET,NO DEFECTS,NOT ON SCENE (DESK REPORT),NO INJURY / DRIVE AWAY,,,,"OVER $1,500",9/13/2019 8:45,FOLLOWING TOO CLOSELY,NOT APPLICABLE,3300,N,LAKE SHORE DR SB,1925,,,,,,,2,NO INDICATION OF INJURY,0,0,0,0,0,4,0,7,6,9,41.94229822,-87.63987096,POINT (-87.639870963934 41.942298218274)
JC431291,,9/13/2019 7:50,15,NO CONTROLS,NO CONTROLS,CLEAR,DAWN,PEDESTRIAN,T-INTERSECTION,,STRAIGHT AND LEVEL,WET,NO DEFECTS,ON SCENE,INJURY AND / OR TOW DUE TO CRASH,Y,,,$500 OR LESS,9/13/2019 8:10,NOT APPLICABLE,NOT APPLICABLE,400,N,LARAMIE AVE,1523,,,,,,,2,NONINCAPACITATING INJURY,1,0,0,1,0,6,0,7,6,9,41.88786207,-87.75548628,POINT (-87.75548628343 41.887862071289)
JC431331,,9/13/2019 7:45,30,NO CONTROLS,NO CONTROLS,CLEAR,DAYLIGHT,SIDESWIPE SAME DIRECTION,DIVIDED - W/MEDIAN (NOT RAISED),,STRAIGHT AND LEVEL,WET,NO DEFECTS,NOT ON SCENE (DESK REPORT),NO INJURY / DRIVE AWAY,,,Y,$500 OR LESS,9/13/2019 8:45,UNABLE TO DETERMINE,UNABLE TO DETERMINE,1400,S,ASHLAND AVE,1233,,,,,,,2,NO INDICATION OF INJURY,0,0,0,0,0,3,0,7,6,9,41.86322023,-87.66644157,POINT (-87.666441569504 41.863220226428)
JC431297,,9/13/2019 7:45,30,OTHER RAILROAD CROSSING,OTHER,CLEAR,DAYLIGHT,REAR END,DIVIDED - W/MEDIAN BARRIER,,STRAIGHT AND LEVEL,DRY,NO DEFECTS,NOT ON SCENE (DESK REPORT),NO INJURY / DRIVE AWAY,,,,"OVER $1,500",9/13/2019 8:10,FOLLOWING TOO CLOSELY,UNABLE TO DETERMINE,358,W,95TH ST,634,,,,,,,2,NO INDICATION OF INJURY,0,0,0,0,0,3,0,7,6,9,41.72170263,-87.63347621,POINT (-87.633476213241 41.721702630212)
JC431285,,9/13/2019 7:43,35,STOP SIGN/FLASHER,NO CONTROLS,RAIN,DAYLIGHT,ANGLE,FOUR WAY,,STRAIGHT AND LEVEL,WET,NO DEFECTS,ON SCENE,INJURY AND / OR TOW DUE TO CRASH,Y,,Y,"OVER $1,500",9/13/2019 8:07,DISREGARDING STOP SIGN,NOT APPLICABLE,1125,W,LAKE ST,1224,,,,,,,2,NO INDICATION OF INJURY,0,0,0,0,0,2,0,7,6,9,41.88541581,-87.65557753,POINT (-87.65557753334 41.885415807023)
JC431414,,9/13/2019 7:41,30,NO CONTROLS,NO CONTROLS,CLEAR,DAYLIGHT,SIDESWIPE SAME DIRECTION,DIVIDED - W/MEDIAN (NOT RAISED),,STRAIGHT AND LEVEL,DRY,NO DEFECTS,NOT ON SCENE (DESK REPORT),NO INJURY / DRIVE AWAY,,,Y,$500 OR LESS,9/13/2019 9:30,UNABLE TO DETERMINE,UNABLE TO DETERMINE,1400,S,ASHLAND AVE,1233,,,,,,,2,NO INDICATION OF INJURY,0,0,0,0,0,2,0,7,6,9,41.86322023,-87.66644157,POINT (-87.666441569504 41.863220226428)
JC431280,,9/13/2019 7:41,30,NO CONTROLS,NO CONTROLS,RAIN,DAYLIGHT,SIDESWIPE OPPOSITE DIRECTION,NOT DIVIDED,,STRAIGHT AND LEVEL,WET,NO DEFECTS,ON SCENE,NO INJURY / DRIVE AWAY,,,,"$501 - $1,500",9/13/2019 8:00,WEATHER,WEATHER,2432,W,LAKE ST,1222,,,,,,,2,NO INDICATION OF INJURY,0,0,0,0,0,3,0,7,6,9,41.88470236,-87.68770461,POINT (-87.687704611076 41.884702359073)
JC431282,,9/13/2019 7:35,15,NO CONTROLS,NO CONTROLS,RAIN,DAYLIGHT,PARKED MOTOR VEHICLE,OTHER,,STRAIGHT AND LEVEL,WET,NO DEFECTS,ON SCENE,NO INJURY / DRIVE AWAY,,,,$500 OR LESS,9/13/2019 7:40,NOT APPLICABLE,NOT APPLICABLE,7519,N,PAULINA ST,2422,,,,,,,2,NO INDICATION OF INJURY,0,0,0,0,0,2,0,7,6,9,42.01844815,-87.6728975,POINT (-87.672897498399 42.018448148763)
JC436880,,9/13/2019 7:30,30,TRAFFIC SIGNAL,FUNCTIONING PROPERLY,RAIN,DAYLIGHT,REAR END,DIVIDED - W/MEDIAN (NOT RAISED),,STRAIGHT AND LEVEL,WET,NO DEFECTS,NOT ON SCENE (DESK REPORT),NO INJURY / DRIVE AWAY,,,,"$501 - $1,500",9/17/2019 10:50,DRIVING SKILLS/KNOWLEDGE/EXPERIENCE,UNABLE TO DETERMINE,5455,S,HARLEM AVE,811,,,,,,,2,NO INDICATION OF INJURY,0,0,0,0,0,2,0,7,6,9,41.79229141,-87.80139403,POINT (-87.801394027475 41.792291407061)
JC431356,,9/13/2019 7:30,30,NO CONTROLS,NO CONTROLS,RAIN,DAYLIGHT,PEDESTRIAN,NOT DIVIDED,,STRAIGHT AND LEVEL,WET,NO DEFECTS,ON SCENE,INJURY AND / OR TOW DUE TO CRASH,,,,$500 OR LESS,9/13/2019 7:31,UNABLE TO DETERMINE,NOT APPLICABLE,2648,W,55TH ST,923,,,,,,,2,"REPORTED, NOT EVIDENT",1,0,0,0,1,1,0,7,6,9,41.7938545,-87.69088214,POINT (-87.690882139705 41.793854503778)
JC431281,Y,9/13/2019 7:30,30,TRAFFIC SIGNAL,FUNCTIONING PROPERLY,CLOUDY/OVERCAST,DAYLIGHT,TURNING,ONE-WAY,,STRAIGHT AND LEVEL,WET,NO DEFECTS,ON SCENE,NO INJURY / DRIVE AWAY,,,,"$501 - $1,500",9/13/2019 7:38,FOLLOWING TOO CLOSELY,NOT APPLICABLE,1558,W,VAN BUREN ST,1231,,,,,,,2,NO INDICATION OF INJURY,0,0,0,0,0,5,0,7,6,9,41.87646063,-87.66662208,POINT (-87.666622079113 41.876460629864)
JC431257,,9/13/2019 7:30,30,NO CONTROLS,NO CONTROLS,RAIN,DAYLIGHT,REAR END,DIVIDED - W/MEDIAN (NOT RAISED),,STRAIGHT AND LEVEL,WET,NO DEFECTS,ON SCENE,NO INJURY / DRIVE AWAY,,,,"$501 - $1,500",9/13/2019 7:37,DISTRACTION - FROM INSIDE VEHICLE,UNABLE TO DETERMINE,2446,W,63RD ST,825,,,,,,,2,NO INDICATION OF INJURY,0,0,0,0,0,2,0,7,6,9,41.77934049,-87.68557251,POINT (-87.68557250925 41.779340485433)
JC431599,,9/13/2019 7:26,35,TRAFFIC SIGNAL,FUNCTIONING PROPERLY,UNKNOWN,UNKNOWN,SIDESWIPE SAME DIRECTION,UNKNOWN INTERSECTION TYPE,,STRAIGHT AND LEVEL,UNKNOWN,UNKNOWN,NOT ON SCENE (DESK REPORT),NO INJURY / DRIVE AWAY,,,Y,"OVER $1,500",9/13/2019 12:00,UNABLE TO DETERMINE,UNABLE TO DETERMINE,6300,S,WESTERN AVE,825,,,,,,,2,NO INDICATION OF INJURY,0,0,0,0,0,2,0,7,6,9,41.77912348,-87.6837831,POINT (-87.683783098636 41.77912348384)