RD_NO,CRASH_DATE_EST_I,CRASH_DATE,POSTED_SPEED_LIMIT,TRAFFIC_CONTROL_DEVICE,DEVICE_CONDITION,WEATHER_CONDITION,LIGHTING_CONDITION,FIRST_CRASH_TYPE,TRAFFICWAY_TYPE,LANE_CNT,ALIGNMENT,ROADWAY_SURFACE_COND,ROAD_DEFECT,REPORT_TYPE,CRASH_TYPE,INTERSECTION_RELATED_I,NOT_RIGHT_OF_WAY_I,HIT_AND_RUN_I,DAMAGE,DATE_POLICE_NOTIFIED,PRIM_CONTRIBUTORY_CAUSE,SEC_CONTRIBUTORY_CAUSE,STREET_NO,STREET_DIRECTION,STREET_NAME,BEAT_OF_OCCURRENCE,PHOTOS_TAKEN_I,STATEMENTS_TAKEN_I,DOORING_I,WORK_ZONE_I,WORK_ZONE_TYPE,WORKERS_PRESENT_I,NUM_UNITS,MOST_SEVERE_INJURY,INJURIES_TOTAL,INJURIES_FATAL,INJURIES_INCAPACITATING,INJURIES_NON_INCAPACITATING,INJURIES_REPORTED_NOT_EVIDENT,INJURIES_NO_INDICATION,INJURIES_UNKNOWN,CRASH_HOUR,CRASH_DAY_OF_WEEK,CRASH_MONTH,LATITUDE,LONGITUDE,LOCATION
JC431253,,9/13/2019 7:24,35,NO CONTROLS,NO CONTROLS,RAIN,DAYLIGHT,PEDESTRIAN,NOT DIVIDED,,STRAIGHT AND LEVEL,WET,OTHER,,INJURY AND / OR TOW DUE TO CRASH,Y,,,"OVER $1,500",9/13/2019 7:28,UNABLE TO DETERMINE,UNABLE TO DETERMINE,1801,S,CALIFORNIA AVE,1023,,,,,,,2,NONINCAPACITATING INJURY,1,0,0,1,0,1,0,7,6,9,41.8572989,-87.69548432,POINT (-87.695484321231 41.857298904023)
JC431270,,9/13/2019 7:23,40,NO CONTROLS,NO CONTROLS,RAIN,DAYLIGHT,REAR END,DIVIDED - W/MEDIAN BARRIER,,STRAIGHT AND LEVEL,WET,NO DEFECTS,ON SCENE,INJURY AND / OR TOW DUE TO CRASH,,,,"OVER $1,500",9/13/2019 7:23,FOLLOWING TOO CLOSELY,FAILING TO REDUCE SPEED TO AVOID CRASH,3320,N,LAKE SHORE DR SB,1925,,,,,,,2,NO INDICATION OF INJURY,0,0,0,0,0,2,0,7,6,9,41.94287463,-87.64018094,POINT (-87.640180939829 41.942874631803)
JC431269,,9/13/2019 7:23,35,NO CONTROLS,NO CONTROLS,RAIN,DAYLIGHT,REAR END,NOT DIVIDED,,STRAIGHT AND LEVEL,WET,NO DEFECTS,ON SCENE,INJURY AND / OR TOW DUE TO CRASH,,,,"OVER $1,500",9/13/2019 7:35,FOLLOWING TOO CLOSELY,NOT APPLICABLE,4120,W,IRVING PARK RD,1722,,,,,,,2,NO INDICATION OF INJURY,0,0,0,0,0,2,0,7,6,9,41.95372953,-87.73010813,POINT (-87.730108130755 41.953729526622)
JC431260,,9/13/2019 7:20,30,TRAFFIC SIGNAL,FUNCTIONING PROPERLY,RAIN,DAYLIGHT,TURNING,T-INTERSECTION,,STRAIGHT AND LEVEL,WET,WORN SURFACE,ON SCENE,NO INJURY / DRIVE AWAY,Y,,,"OVER $1,500",9/13/2019 7:25,"VISION OBSCURED (SIGNS, TREE LIMBS, BUILDINGS, ETC.)",UNABLE TO DETERMINE,1920,S,RUBLE ST,1235,,,,,,,2,NO INDICATION OF INJURY,0,0,0,0,0,2,0,7,6,9,41.85595346,-87.64389232,POINT (-87.643892320422 41.855953459038)
JC431306,,9/13/2019 7:14,30,TRAFFIC SIGNAL,FUNCTIONING PROPERLY,RAIN,DAYLIGHT,SIDESWIPE SAME DIRECTION,NOT DIVIDED,,STRAIGHT AND LEVEL,WET,UNKNOWN,ON SCENE,NO INJURY / DRIVE AWAY,,,Y,"OVER $1,500",9/13/2019 7:45,FAILING TO YIELD RIGHT-OF-WAY,NOT APPLICABLE,300,N,DESPLAINES ST,1214,,,,,,,2,NO INDICATION OF INJURY,0,0,0,0,0,2,0,7,6,9,41.88683405,-87.64442362,POINT (-87.64442362063 41.886834052075)
JC431252,,9/13/2019 7:14,30,NO CONTROLS,NO CONTROLS,RAIN,DAYLIGHT,REAR END,RAMP,,STRAIGHT AND LEVEL,WET,NO DEFECTS,ON SCENE,INJURY AND / OR TOW DUE TO CRASH,,,Y,"OVER $1,500",9/13/2019 7:19,WEATHER,FAILING TO REDUCE SPEED TO AVOID CRASH,4640,S,WENTWORTH AVE,925,,,,,,,2,NONINCAPACITATING INJURY,1,0,0,1,0,1,0,7,6,9,41.80993221,-87.63237431,POINT (-87.63237430826 41.809932206953)
JC431241,,9/13/2019 7:12,30,NO CONTROLS,NO CONTROLS,RAIN,DAYLIGHT,REAR END,DIVIDED - W/MEDIAN (NOT RAISED),,STRAIGHT AND LEVEL,WET,NO DEFECTS,ON SCENE,INJURY AND / OR TOW DUE TO CRASH,Y,,,"OVER $1,500",9/13/2019 7:12,FOLLOWING TOO CLOSELY,WEATHER,8328,W,IRVING PARK RD,1614,,,,,,,3,NO INDICATION OF INJURY,0,0,0,0,0,3,0,7,6,9,41.95218264,-87.83542429,POINT (-87.835424289338 41.95218263982)
JC431376,,9/13/2019 7:10,30,NO CONTROLS,NO CONTROLS,RAIN,DAYLIGHT,ANGLE,NOT DIVIDED,,STRAIGHT AND LEVEL,WET,UNKNOWN,,NO INJURY / DRIVE AWAY,Y,,,"OVER $1,500",9/13/2019 9:41,UNABLE TO DETERMINE,UNABLE TO DETERMINE,10501,S,CLAREMONT AVE,2212,,,,,,,2,NO INDICATION OF INJURY,0,0,0,0,0,2,0,7,6,9,41.70265141,-87.68012578,POINT (-87.680125776455 41.702651405498)
JC431262,Y,9/13/2019 7:10,35,NO CONTROLS,NO CONTROLS,RAIN,DAYLIGHT,REAR END,DIVIDED - W/MEDIAN (NOT RAISED),,STRAIGHT AND LEVEL,WET,NO DEFECTS,ON SCENE,NO INJURY / DRIVE AWAY,,,Y,"OVER $1,500",9/13/2019 7:30,FOLLOWING TOO CLOSELY,FOLLOWING TOO CLOSELY,6031,S,STONY ISLAND AVE,331,,Y,,,,,5,NO INDICATION OF INJURY,0,0,0,0,0,5,0,7,6,9,41.78518825,-87.58642501,POINT (-87.586425014426 41.785188247285)
JC431911,,9/13/2019 7:05,20,NO CONTROLS,NO CONTROLS,CLEAR,DAYLIGHT,SIDESWIPE SAME DIRECTION,DIVIDED - W/MEDIAN (NOT RAISED),,STRAIGHT AND LEVEL,DRY,NO DEFECTS,NOT ON SCENE (DESK REPORT),NO INJURY / DRIVE AWAY,,,Y,"$501 - $1,500",9/13/2019 16:00,NOT APPLICABLE,NOT APPLICABLE,6400,N,DAMEN AVE,2412,,,,,,,2,NO INDICATION OF INJURY,0,0,0,0,0,2,0,7,6,9,41.99798282,-87.68028602,POINT (-87.680286018578 41.99798282445)
JC431289,,9/13/2019 7:05,25,NO CONTROLS,NO CONTROLS,RAIN,DAYLIGHT,PARKED MOTOR VEHICLE,ONE-WAY,,STRAIGHT AND LEVEL,WET,NO DEFECTS,ON SCENE,NO INJURY / DRIVE AWAY,,,,$500 OR LESS,9/13/2019 7:30,UNABLE TO DETERMINE,NOT APPLICABLE,2721,E,75TH PL,421,,,,,,,2,NO INDICATION OF INJURY,0,0,0,0,0,1,0,7,6,9,41.7583975,-87.55815006,POINT (-87.558150059475 41.758397503047)
JC435995,,9/13/2019 7:00,30,TRAFFIC SIGNAL,FUNCTIONING PROPERLY,RAIN,DAYLIGHT,SIDESWIPE SAME DIRECTION,NOT DIVIDED,,STRAIGHT AND LEVEL,WET,UNKNOWN,NOT ON SCENE (DESK REPORT),NO INJURY / DRIVE AWAY,,,,"$501 - $1,500",9/16/2019 17:05,IMPROPER LANE USAGE,IMPROPER LANE USAGE,2000,W,GRAND AVE,1221,,,,,,,2,NO INDICATION OF INJURY,0,0,0,0,0,2,0,7,6,9,41.89093109,-87.67703497,POINT (-87.677034966979 41.890931093284)
JC432349,,9/13/2019 7:00,35,NO CONTROLS,NO CONTROLS,CLEAR,DAYLIGHT,FIXED OBJECT,NOT DIVIDED,,STRAIGHT AND LEVEL,DRY,NO DEFECTS,NOT ON SCENE (DESK REPORT),NO INJURY / DRIVE AWAY,,,,"$501 - $1,500",9/13/2019 20:33,UNABLE TO DETERMINE,NOT APPLICABLE,4702,S,ARCHER AVE,821,,,,,,,1,NO INDICATION OF INJURY,0,0,0,0,0,1,0,7,6,9,41.80801301,-87.71437962,POINT (-87.714379623416 41.808013005188)
JC431259,,9/13/2019 7:00,30,STOP SIGN/FLASHER,FUNCTIONING PROPERLY,RAIN,DAYLIGHT,REAR END,NOT DIVIDED,,STRAIGHT AND LEVEL,WET,UNKNOWN,NOT ON SCENE (DESK REPORT),NO INJURY / DRIVE AWAY,Y,,,"OVER $1,500",9/13/2019 7:20,FAILING TO REDUCE SPEED TO AVOID CRASH,WEATHER,500,E,103RD ST,511,,,,,,,2,NO INDICATION OF INJURY,0,0,0,0,0,2,0,7,6,9,41.70746196,-87.61127155,POINT (-87.611271553342 41.707461958945)
JC431256,,9/13/2019 7:00,25,NO CONTROLS,NO CONTROLS,RAIN,DAYLIGHT,PARKED MOTOR VEHICLE,DIVIDED - W/MEDIAN (NOT RAISED),,STRAIGHT AND LEVEL,WET,NO DEFECTS,NOT ON SCENE (DESK REPORT),NO INJURY / DRIVE AWAY,,,,"OVER $1,500",9/13/2019 7:45,FAILING TO REDUCE SPEED TO AVOID CRASH,NOT APPLICABLE,659,W,WRIGHTWOOD AVE,1935,,,,,,,3,NO INDICATION OF INJURY,0,0,0,0,0,1,0,7,6,9,41.92908265,-87.64505274,POINT (-87.645052738433 41.929082650184)
JC431245,,9/13/2019 7:00,30,NO CONTROLS,NO CONTROLS,RAIN,DAYLIGHT,REAR END,NOT DIVIDED,,STRAIGHT AND LEVEL,WET,NO DEFECTS,NOT ON SCENE (DESK REPORT),NO INJURY / DRIVE AWAY,,,,"OVER $1,500",9/13/2019 7:18,FOLLOWING TOO CLOSELY,NOT APPLICABLE,5938,W,ROOSEVELT RD,1513,,,,,,,2,NO INDICATION OF INJURY,0,0,0,0,0,2,0,7,6,9,41.86558339,-87.77322024,POINT (-87.773220239874 41.865583392829)
JC431228,,9/13/2019 6:59,30,NO CONTROLS,NO CONTROLS,RAIN,DAYLIGHT,SIDESWIPE SAME DIRECTION,NOT DIVIDED,,STRAIGHT AND LEVEL,WET,NO DEFECTS,NOT ON SCENE (DESK REPORT),INJURY AND / OR TOW DUE TO CRASH,,,,"OVER $1,500",9/13/2019 6:59,IMPROPER OVERTAKING/PASSING,IMPROPER LANE USAGE,7857,S,HALSTED ST,621,,,,,,,2,NONINCAPACITATING INJURY,1,0,0,1,0,1,0,6,6,9,41.75093887,-87.64390345,POINT (-87.643903454154 41.750938872354)
JC431243,,9/13/2019 6:58,30,NO CONTROLS,NO CONTROLS,RAIN,DAYLIGHT,REAR END,DIVIDED - W/MEDIAN BARRIER,,"CURVE, LEVEL",WET,NO DEFECTS,ON SCENE,INJURY AND / OR TOW DUE TO CRASH,,,,"OVER $1,500",9/13/2019 7:00,UNABLE TO DETERMINE,UNABLE TO DETERMINE,1120,N,LAKE SHORE DR,1824,,,,,,,2,NO INDICATION OF INJURY,0,0,0,0,0,2,0,6,6,9,41.90317728,-87.62489072,POINT (-87.624890724431 41.903177275631)
JC431433,,9/13/2019 6:55,30,NO CONTROLS,NO CONTROLS,RAIN,DAYLIGHT,REAR END,NOT DIVIDED,,STRAIGHT AND LEVEL,WET,NO DEFECTS,ON SCENE,NO INJURY / DRIVE AWAY,,,,"OVER $1,500",9/13/2019 9:00,WEATHER,UNABLE TO DETERMINE,9545,S,VINCENNES AVE,2223,,,,,,,2,NO INDICATION OF INJURY,0,0,0,0,0,3,0,6,6,9,41.7201236,-87.6509246,POINT (-87.650924596764 41.720123599206)
JC431307,,9/13/2019 6:55,30,NO CONTROLS,NO CONTROLS,UNKNOWN,DAYLIGHT,TURNING,FOUR WAY,,STRAIGHT AND LEVEL,UNKNOWN,NO DEFECTS,NOT ON SCENE (DESK REPORT),INJURY AND / OR TOW DUE TO CRASH,Y,,,"OVER $1,500",9/13/2019 8:00,IMPROPER TURNING/NO SIGNAL,UNABLE TO DETERMINE,1800,W,OGDEN AVE,1225,,,,,,,2,"REPORTED, NOT EVIDENT",1,0,0,0,1,1,0,6,6,9,41.87682189,-87.67177296,POINT (-87.671772959261 41.876821886909)
JC431233,,9/13/2019 6:45,30,NO CONTROLS,NO CONTROLS,RAIN,"DARKNESS, LIGHTED ROAD",SIDESWIPE SAME DIRECTION,NOT DIVIDED,,STRAIGHT AND LEVEL,UNKNOWN,UNKNOWN,NOT ON SCENE (DESK REPORT),NO INJURY / DRIVE AWAY,,,,"OVER $1,500",9/13/2019 7:18,UNABLE TO DETERMINE,NOT APPLICABLE,3257,W,GRAND AVE,1121,,,,,,,2,NO INDICATION OF INJURY,0,0,0,0,0,2,0,6,6,9,41.89897236,-87.70862734,POINT (-87.708627339202 41.898972358369)
JC431379,Y,9/13/2019 6:40,30,TRAFFIC SIGNAL,FUNCTIONING PROPERLY,RAIN,DAYLIGHT,TURNING,NOT DIVIDED,,STRAIGHT AND LEVEL,WET,NO DEFECTS,NOT ON SCENE (DESK REPORT),NO INJURY / DRIVE AWAY,,,,"$501 - $1,500",9/13/2019 9:15,NOT APPLICABLE,UNABLE TO DETERMINE,7656,S,YATES BLVD,414,,,,,,,2,NO INDICATION OF INJURY,0,0,0,0,0,2,0,6,6,9,41.75550485,-87.56645194,POINT (-87.566451934746 41.755504854484)
JC431236,,9/13/2019 6:40,30,NO CONTROLS,NO CONTROLS,RAIN,DAWN,SIDESWIPE OPPOSITE DIRECTION,NOT DIVIDED,,STRAIGHT AND LEVEL,WET,NO DEFECTS,ON SCENE,INJURY AND / OR TOW DUE TO CRASH,,,Y,"$501 - $1,500",9/13/2019 6:49,DRIVING SKILLS/KNOWLEDGE/EXPERIENCE,UNABLE TO DETERMINE,836,W,WEBSTER AVE,1812,,,,,,,2,NO INDICATION OF INJURY,0,0,0,0,0,2,0,6,6,9,41.92190458,-87.65008185,POINT (-87.65008185358 41.92190457914)
JC431967,,9/13/2019 6:30,30,TRAFFIC SIGNAL,FUNCTIONING PROPERLY,RAIN,DAYLIGHT,REAR END,DIVIDED - W/MEDIAN (NOT RAISED),,STRAIGHT AND LEVEL,WET,NO DEFECTS,NOT ON SCENE (DESK REPORT),NO INJURY / DRIVE AWAY,,,Y,$500 OR LESS,9/13/2019 16:20,FOLLOWING TOO CLOSELY,IMPROPER OVERTAKING/PASSING,3154,W,FOSTER AVE,1712,,,,,,,2,NO INDICATION OF INJURY,0,0,0,0,0,2,0,6,6,9,41.97585969,-87.70846497,POINT (-87.70846496773 41.975859694203)
JC431229,,9/13/2019 6:30,30,NO CONTROLS,NO CONTROLS,RAIN,DAYLIGHT,TURNING,NOT DIVIDED,,STRAIGHT AND LEVEL,WET,OTHER,ON SCENE,INJURY AND / OR TOW DUE TO CRASH,,,,"OVER $1,500",9/13/2019 6:35,WEATHER,WEATHER,5141,S,WESTERN BLVD,932,,,,,,,2,NO INDICATION OF INJURY,0,0,0,0,0,2,0,6,6,9,41.79985444,-87.68348347,POINT (-87.68348346487 41.799854444417)
JC431225,,9/13/2019 6:30,40,NO CONTROLS,NO CONTROLS,RAIN,DAWN,FIXED OBJECT,RAMP,,STRAIGHT ON GRADE,WET,NO DEFECTS,ON SCENE,INJURY AND / OR TOW DUE TO CRASH,,,,"OVER $1,500",9/13/2019 6:35,WEATHER,NOT APPLICABLE,1556,N,LAKE SHORE DR SB,1814,,,,,,,1,NO INDICATION OF INJURY,0,0,0,0,0,1,0,6,6,9,41.91113522,-87.62615083,POINT (-87.626150828894 41.911135219346)
JC431214,,9/13/2019 6:29,25,STOP SIGN/FLASHER,FUNCTIONING PROPERLY,RAIN,DAWN,PARKED MOTOR VEHICLE,NOT DIVIDED,,STRAIGHT AND LEVEL,WET,NO DEFECTS,ON SCENE,NO INJURY / DRIVE AWAY,,,,"$501 - $1,500",9/13/2019 6:29,PHYSICAL CONDITION OF DRIVER,NOT APPLICABLE,5301,N,WASHTENAW AVE,2011,,,,,,,2,NO INDICATION OF INJURY,0,0,0,0,0,1,0,6,6,9,41.97770973,-87.69640074,POINT (-87.6964007396 41.977709726524)
JC431298,,9/13/2019 6:15,30,STOP SIGN/FLASHER,UNKNOWN,RAIN,DAWN,TURNING,FOUR WAY,,STRAIGHT AND LEVEL,WET,UNKNOWN,NOT ON SCENE (DESK REPORT),NO INJURY / DRIVE AWAY,Y,,Y,"OVER $1,500",9/13/2019 7:40,IMPROPER TURNING/NO SIGNAL,IMPROPER OVERTAKING/PASSING,140,W,47TH ST,215,,,,,,,2,NO INDICATION OF INJURY,0,0,0,0,0,2,0,6,6,9,41.80933796,-87.6297559,POINT (-87.629755901236 41.809337959787)
JC431217,,9/13/2019 6:15,20,STOP SIGN/FLASHER,FUNCTIONING PROPERLY,RAIN,DAYLIGHT,ANGLE,FOUR WAY,,STRAIGHT AND LEVEL,WET,NO DEFECTS,ON SCENE,INJURY AND / OR TOW DUE TO CRASH,,,,"$501 - $1,500",9/13/2019 6:32,FAILING TO YIELD RIGHT-OF-WAY,NOT APPLICABLE,2423,W,59TH ST,824,,,,,,,2,NO INDICATION OF INJURY,0,0,0,0,0,2,0,6,6,9,41.7864374,-87.68490015,POINT (-87.684900150849 41.786437402497)
JC431206,,9/13/2019 6:05,30,TRAFFIC SIGNAL,FUNCTIONING PROPERLY,RAIN,"DARKNESS, LIGHTED ROAD",REAR END,CENTER TURN LANE,,STRAIGHT AND LEVEL,WET,NO DEFECTS,NOT ON SCENE (DESK REPORT),NO INJURY / DRIVE AWAY,,,Y,"OVER $1,500",9/13/2019 6:10,FOLLOWING TOO CLOSELY,UNABLE TO DETERMINE,3759,W,OGDEN AVE,1014,,,,,,,2,NO INDICATION OF INJURY,0,0,0,0,0,2,0,6,6,9,41.85274401,-87.71954126,POINT (-87.719541257757 41.852744010939)
JC431211,,9/13/2019 5:50,30,NO CONTROLS,NO CONTROLS,RAIN,"DARKNESS, LIGHTED ROAD",ANGLE,OTHER,,STRAIGHT AND LEVEL,WET,NO DEFECTS,ON SCENE,INJURY AND / OR TOW DUE TO CRASH,,,Y,"OVER $1,500",9/13/2019 5:58,FAILING TO YIELD RIGHT-OF-WAY,UNABLE TO DETERMINE,8800,S,ST LAWRENCE AVE,632,,,,,,,3,NONINCAPACITATING INJURY,1,0,0,1,0,1,0,5,6,9,41.73470478,-87.6097719,POINT (-87.609771902037 41.734704776901)
JC431201,,9/13/2019 5:47,30,TRAFFIC SIGNAL,FUNCTIONING PROPERLY,RAIN,"DARKNESS, LIGHTED ROAD",REAR END,FOUR WAY,,STRAIGHT AND LEVEL,WET,NO DEFECTS,NOT ON SCENE (DESK REPORT),NO INJURY / DRIVE AWAY,,,,"OVER $1,500",9/13/2019 5:57,WEATHER,UNABLE TO DETERMINE,11248,S,MARSHFIELD AVE,2234,,,,,,,2,NO INDICATION OF INJURY,0,0,0,0,0,2,0,5,6,9,41.68894049,-87.66215535,POINT (-87.662155346319 41.688940491891)
JC432037,Y,9/13/2019 5:45,35,NO CONTROLS,NO CONTROLS,CLEAR,DAWN,REAR END,NOT DIVIDED,,STRAIGHT AND LEVEL,WET,NO DEFECTS,NOT ON SCENE (DESK REPORT),NO INJURY / DRIVE AWAY,,,Y,"$501 - $1,500",9/13/2019 17:00,UNABLE TO DETERMINE,UNABLE TO DETERMINE,4320,N,CICERO AVE,1624,,,,,,,2,NO INDICATION OF INJURY,0,0,0,0,0,2,0,5,6,9,41.9595751,-87.74764569,POINT (-87.747645687079 41.959575099443)
JC431220,,9/13/2019 5:45,30,NO CONTROLS,NO CONTROLS,RAIN,"DARKNESS, LIGHTED ROAD",REAR END,NOT DIVIDED,,STRAIGHT AND LEVEL,WET,NO DEFECTS,,NO INJURY / DRIVE AWAY,,,,"OVER $1,500",9/13/2019 7:00,WEATHER,FAILING TO REDUCE SPEED TO AVOID CRASH,4321,N,CICERO AVE,1722,,,,,,,3,NO INDICATION OF INJURY,0,0,0,0,0,4,0,5,6,9,41.95957585,-87.74735156,POINT (-87.747351563136 41.959575846546)
JC431395,,9/13/2019 5:40,30,NO CONTROLS,NO CONTROLS,CLEAR,"DARKNESS, LIGHTED ROAD",ANIMAL,DIVIDED - W/MEDIAN (NOT RAISED),,STRAIGHT AND LEVEL,WET,NO DEFECTS,NOT ON SCENE (DESK REPORT),NO INJURY / DRIVE AWAY,,,,"OVER $1,500",9/13/2019 9:25,ANIMAL,FAILING TO REDUCE SPEED TO AVOID CRASH,6646,N,CALDWELL AVE,1621,,,,,,,1,NO INDICATION OF INJURY,0,0,0,0,0,1,0,5,6,9,42.00172994,-87.77649216,POINT (-87.776492155155 42.001729944038)
JC431210,,9/13/2019 5:40,30,TRAFFIC SIGNAL,FUNCTIONING IMPROPERLY,RAIN,"DARKNESS, LIGHTED ROAD",TURNING,NOT DIVIDED,,STRAIGHT AND LEVEL,WET,NO DEFECTS,ON SCENE,INJURY AND / OR TOW DUE TO CRASH,Y,,,"OVER $1,500",9/13/2019 6:11,DISREGARDING TRAFFIC SIGNALS,FAILING TO REDUCE SPEED TO AVOID CRASH,401,S,ASHLAND AVE,1231,,,,,,,2,NO INDICATION OF INJURY,0,0,0,0,0,2,0,5,6,9,41.87633824,-87.66651747,POINT (-87.666517464637 41.876338238592)
JC432043,,9/13/2019 5:30,35,TRAFFIC SIGNAL,FUNCTIONING PROPERLY,RAIN,DARKNESS,REAR END,DIVIDED - W/MEDIAN (NOT RAISED),,STRAIGHT AND LEVEL,WET,NO DEFECTS,NOT ON SCENE (DESK REPORT),NO INJURY / DRIVE AWAY,,,,"OVER $1,500",9/13/2019 17:05,WEATHER,UNABLE TO DETERMINE,2250,S,KOSTNER AVE,1013,Y,,,,,,2,NO INDICATION OF INJURY,0,0,0,0,0,2,0,5,6,9,41.84989812,-87.73460105,POINT (-87.734601051308 41.849898123896)
JC431375,,9/13/2019 5:30,30,NO CONTROLS,NO CONTROLS,RAIN,"DARKNESS, LIGHTED ROAD",SIDESWIPE SAME DIRECTION,DIVIDED - W/MEDIAN (NOT RAISED),,STRAIGHT AND LEVEL,WET,NO DEFECTS,NOT ON SCENE (DESK REPORT),NO INJURY / DRIVE AWAY,,,Y,"$501 - $1,500",9/13/2019 9:15,UNABLE TO DETERMINE,NOT APPLICABLE,7501,S,CICERO AVE,833,,,,,,,2,NO INDICATION OF INJURY,0,0,0,0,0,2,0,5,6,9,41.75642075,-87.74145019,POINT (-87.741450187461 41.756420751245)
JC431209,,9/13/2019 5:20,10,TRAFFIC SIGNAL,FUNCTIONING PROPERLY,RAIN,"DARKNESS, LIGHTED ROAD",REAR END,DIVIDED - W/MEDIAN (NOT RAISED),,STRAIGHT AND LEVEL,WET,NO DEFECTS,ON SCENE,INJURY AND / OR TOW DUE TO CRASH,,,,"OVER $1,500",9/13/2019 6:08,DRIVING SKILLS/KNOWLEDGE/EXPERIENCE,NOT APPLICABLE,7353,S,CICERO AVE,833,,,,,,,2,NO INDICATION OF INJURY,0,0,0,0,0,2,0,5,6,9,41.75912971,-87.74155365,POINT (-87.741553649368 41.759129713907)
JC431193,,9/13/2019 5:10,30,STOP SIGN/FLASHER,FUNCTIONING PROPERLY,RAIN,"DARKNESS, LIGHTED ROAD",ANGLE,FOUR WAY,,STRAIGHT AND LEVEL,WET,NO DEFECTS,NOT ON SCENE (DESK REPORT),NO INJURY / DRIVE AWAY,Y,,,"OVER $1,500",9/13/2019 5:30,WEATHER,"VISION OBSCURED (SIGNS, TREE LIMBS, BUILDINGS, ETC.)",4000,W,AINSLIE ST,1712,,,,,,,2,NO INDICATION OF INJURY,0,0,0,0,0,2,0,5,6,9,41.9701725,-87.72814541,POINT (-87.728145410116 41.970172503669)
JC431190,,9/13/2019 5:09,30,TRAFFIC SIGNAL,FUNCTIONING PROPERLY,RAIN,"DARKNESS, LIGHTED ROAD",TURNING,"FIVE POINT, OR MORE",,STRAIGHT AND LEVEL,WET,NO DEFECTS,ON SCENE,INJURY AND / OR TOW DUE TO CRASH,Y,,,"OVER $1,500",9/13/2019 5:11,UNDER THE INFLUENCE OF ALCOHOL/DRUGS (USE WHEN ARREST IS EFFECTED),FAILING TO REDUCE SPEED TO AVOID CRASH,3639,W,GRAND AVE,1112,,,,,,,,,,,,,,,,5,6,9,41.90262349,-87.71779063,POINT (-87.717790626238 41.902623492136)
JC433684,Y,9/13/2019 5:00,30,NO CONTROLS,NO CONTROLS,RAIN,DARKNESS,PARKED MOTOR VEHICLE,ONE-WAY,,STRAIGHT AND LEVEL,WET,NO DEFECTS,NOT ON SCENE (DESK REPORT),NO INJURY / DRIVE AWAY,,,Y,"OVER $1,500",9/14/2019 23:00,UNABLE TO DETERMINE,UNABLE TO DETERMINE,6409,N,NEWGARD AVE,2432,,,,,,,2,NO INDICATION OF INJURY,0,0,0,0,0,1,0,5,6,9,41.99844278,-87.66660864,POINT (-87.666608640296 41.998442780881)
JC431189,,9/13/2019 5:00,30,TRAFFIC SIGNAL,FUNCTIONING PROPERLY,RAIN,"DARKNESS, LIGHTED ROAD",ANGLE,NOT DIVIDED,,STRAIGHT AND LEVEL,WET,NO DEFECTS,ON SCENE,NO INJURY / DRIVE AWAY,Y,,,"OVER $1,500",9/13/2019 5:15,WEATHER,DISREGARDING YIELD SIGN,601,S,CLINTON ST,124,,,,,,,2,NO INDICATION OF INJURY,0,0,0,0,0,2,0,5,6,9,41.87435166,-87.64080761,POINT (-87.640807611135 41.87435166144)
JC431196,,9/13/2019 4:57,35,NO CONTROLS,NO CONTROLS,RAIN,"DARKNESS, LIGHTED ROAD",REAR END,DIVIDED - W/MEDIAN (NOT RAISED),,STRAIGHT AND LEVEL,WET,NO DEFECTS,ON SCENE,INJURY AND / OR TOW DUE TO CRASH,,,Y,"$501 - $1,500",9/13/2019 5:02,FOLLOWING TOO CLOSELY,FAILING TO REDUCE SPEED TO AVOID CRASH,6054,S,KEDZIE AVE,823,,,,,,,2,NONINCAPACITATING INJURY,1,0,0,1,0,1,0,4,6,9,41.78281361,-87.70339357,POINT (-87.70339357168 41.782813606954)
JC435565,,9/13/2019 4:55,30,NO CONTROLS,NO CONTROLS,CLEAR,DAYLIGHT,REAR END,DIVIDED - W/MEDIAN (NOT RAISED),,STRAIGHT AND LEVEL,DRY,NO DEFECTS,NOT ON SCENE (DESK REPORT),INJURY AND / OR TOW DUE TO CRASH,,,,"OVER $1,500",9/16/2019 12:20,UNABLE TO DETERMINE,UNABLE TO DETERMINE,10126,S,WESTERN AVE,2211,,,,,,,2,NONINCAPACITATING INJURY,2,0,0,2,0,1,0,4,6,9,41.7092171,-87.68185357,POINT (-87.681853568525 41.709217097724)
JC432084,,9/13/2019 4:45,30,NO CONTROLS,NO CONTROLS,CLEAR,DAYLIGHT,PARKED MOTOR VEHICLE,ONE-WAY,,STRAIGHT AND LEVEL,DRY,NO DEFECTS,NOT ON SCENE (DESK REPORT),NO INJURY / DRIVE AWAY,,,Y,"$501 - $1,500",9/13/2019 17:39,NOT APPLICABLE,NOT APPLICABLE,5744,S,MAPLEWOOD AVE,824,,,,,,,2,NO INDICATION OF INJURY,0,0,0,0,0,1,0,4,6,9,41.78881607,-87.68770606,POINT (-87.687706063231 41.788816070217)