RD_NO,CRASH_DATE_EST_I,CRASH_DATE,POSTED_SPEED_LIMIT,TRAFFIC_CONTROL_DEVICE,DEVICE_CONDITION,WEATHER_CONDITION,LIGHTING_CONDITION,FIRST_CRASH_TYPE,TRAFFICWAY_TYPE,LANE_CNT,ALIGNMENT,ROADWAY_SURFACE_COND,ROAD_DEFECT,REPORT_TYPE,CRASH_TYPE,INTERSECTION_RELATED_I,NOT_RIGHT_OF_WAY_I,HIT_AND_RUN_I,DAMAGE,DATE_POLICE_NOTIFIED,PRIM_CONTRIBUTORY_CAUSE,SEC_CONTRIBUTORY_CAUSE,STREET_NO,STREET_DIRECTION,STREET_NAME,BEAT_OF_OCCURRENCE,PHOTOS_TAKEN_I,STATEMENTS_TAKEN_I,DOORING_I,WORK_ZONE_I,WORK_ZONE_TYPE,WORKERS_PRESENT_I,NUM_UNITS,MOST_SEVERE_INJURY,INJURIES_TOTAL,INJURIES_FATAL,INJURIES_INCAPACITATING,INJURIES_NON_INCAPACITATING,INJURIES_REPORTED_NOT_EVIDENT,INJURIES_NO_INDICATION,INJURIES_UNKNOWN,CRASH_HOUR,CRASH_DAY_OF_WEEK,CRASH_MONTH,LATITUDE,LONGITUDE,LOCATION
JC433359,,9/13/2019 4:30,30,NO CONTROLS,NO CONTROLS,CLEAR,DARKNESS,SIDESWIPE SAME DIRECTION,NOT DIVIDED,,STRAIGHT AND LEVEL,DRY,NO DEFECTS,NOT ON SCENE (DESK REPORT),NO INJURY / DRIVE AWAY,,,Y,"OVER $1,500",9/14/2019 16:45,UNABLE TO DETERMINE,NOT APPLICABLE,1555,N,WESTERN AVE,1424,,,,,,,2,NO INDICATION OF INJURY,0,0,0,0,0,2,0,4,6,9,41.91011828,-87.68706777,POINT (-87.687067768326 41.910118278939)
JC436598,,9/13/2019 4:17,30,NO CONTROLS,NO CONTROLS,RAIN,"DARKNESS, LIGHTED ROAD",OTHER OBJECT,DIVIDED - W/MEDIAN (NOT RAISED),,STRAIGHT AND LEVEL,WET,"RUT, HOLES",NOT ON SCENE (DESK REPORT),NO INJURY / DRIVE AWAY,,,,$500 OR LESS,9/17/2019 3:12,WEATHER,NOT APPLICABLE,5655,W,MADISON ST,1513,,,,,,,1,NO INDICATION OF INJURY,0,0,0,0,0,1,0,4,6,9,41.88010365,-87.76698053,POINT (-87.766980533187 41.880103645454)
JC439045,,9/13/2019 4:15,15,NO CONTROLS,NO CONTROLS,CLEAR,"DARKNESS, LIGHTED ROAD",ANGLE,PARKING LOT,,STRAIGHT AND LEVEL,DRY,NO DEFECTS,NOT ON SCENE (DESK REPORT),NO INJURY / DRIVE AWAY,,Y,,"$501 - $1,500",9/18/2019 20:13,IMPROPER BACKING,FAILING TO REDUCE SPEED TO AVOID CRASH,3801,W,LAKE ST,1122,,,,,,,2,NO INDICATION OF INJURY,0,0,0,0,0,3,0,4,6,9,41.88509943,-87.7210108,POINT (-87.721010800725 41.885099432172)
JC432984,,9/13/2019 4:00,30,NO CONTROLS,NO CONTROLS,UNKNOWN,"DARKNESS, LIGHTED ROAD",PARKED MOTOR VEHICLE,ONE-WAY,,STRAIGHT AND LEVEL,UNKNOWN,UNKNOWN,NOT ON SCENE (DESK REPORT),NO INJURY / DRIVE AWAY,,,,"OVER $1,500",9/14/2019 11:40,UNABLE TO DETERMINE,UNABLE TO DETERMINE,9000,S,NORMAL AVE,2223,,,,,,,2,NO INDICATION OF INJURY,0,0,0,0,0,1,0,4,6,9,41.73079115,-87.63632291,POINT (-87.636322906249 41.730791144654)
JC431169,,9/13/2019 3:36,30,TRAFFIC SIGNAL,FUNCTIONING PROPERLY,RAIN,"DARKNESS, LIGHTED ROAD",REAR END,NOT DIVIDED,,STRAIGHT AND LEVEL,WET,NO DEFECTS,ON SCENE,NO INJURY / DRIVE AWAY,Y,,Y,"$501 - $1,500",9/13/2019 3:36,FOLLOWING TOO CLOSELY,WEATHER,6756,W,NORTH AVE,2513,,,,,,,2,NO INDICATION OF INJURY,0,0,0,0,0,2,0,3,6,9,41.90913804,-87.7946671,POINT (-87.794667098536 41.9091380437)
JC431161,,9/13/2019 3:00,30,NO CONTROLS,NO CONTROLS,RAIN,"DARKNESS, LIGHTED ROAD",PARKED MOTOR VEHICLE,NOT DIVIDED,,STRAIGHT AND LEVEL,WET,UNKNOWN,ON SCENE,INJURY AND / OR TOW DUE TO CRASH,,,Y,"OVER $1,500",9/13/2019 3:11,UNABLE TO DETERMINE,UNABLE TO DETERMINE,7525,W,BELMONT AVE,2511,,,,,,,3,,,,,,,,,3,6,9,41.93784859,-87.8151493,POINT (-87.815149301766 41.937848592274)
JC431151,,9/13/2019 2:21,20,UNKNOWN,UNKNOWN,CLEAR,"DARKNESS, LIGHTED ROAD",PARKED MOTOR VEHICLE,NOT DIVIDED,,STRAIGHT AND LEVEL,DRY,NO DEFECTS,NOT ON SCENE (DESK REPORT),INJURY AND / OR TOW DUE TO CRASH,,,N,"OVER $1,500",9/13/2019 2:21,UNDER THE INFLUENCE OF ALCOHOL/DRUGS (USE WHEN ARREST IS EFFECTED),FAILING TO REDUCE SPEED TO AVOID CRASH,2300,E,85TH ST,412,,,,,,,2,NO INDICATION OF INJURY,0,0,0,0,0,1,0,2,6,9,41.74090627,-87.56844254,POINT (-87.568442541899 41.740906264847)
JC431274,,9/13/2019 2:00,30,NO CONTROLS,NO CONTROLS,RAIN,"DARKNESS, LIGHTED ROAD",PARKED MOTOR VEHICLE,ONE-WAY,,STRAIGHT AND LEVEL,WET,NO DEFECTS,NOT ON SCENE (DESK REPORT),NO INJURY / DRIVE AWAY,,,Y,"OVER $1,500",9/13/2019 8:00,IMPROPER LANE USAGE,FAILING TO REDUCE SPEED TO AVOID CRASH,3208,W,BALMORAL AVE,1712,,,,,,,2,NO INDICATION OF INJURY,0,0,0,0,0,1,0,2,6,9,41.97952726,-87.70914815,POINT (-87.709148147098 41.979527257179)
JC431263,,9/13/2019 2:00,30,NO CONTROLS,NO CONTROLS,RAIN,DARKNESS,FIXED OBJECT,NOT DIVIDED,,STRAIGHT AND LEVEL,WET,NO DEFECTS,ON SCENE,INJURY AND / OR TOW DUE TO CRASH,,,,"OVER $1,500",9/13/2019 7:37,UNABLE TO DETERMINE,UNABLE TO DETERMINE,7634,S,THROOP ST,612,,,,,,,1,NO INDICATION OF INJURY,0,0,0,0,0,1,0,2,6,9,41.7548672,-87.65561594,POINT (-87.655615943004 41.754867202744)
JC431144,Y,9/13/2019 2:00,30,NO CONTROLS,NO CONTROLS,CLEAR,"DARKNESS, LIGHTED ROAD",PARKED MOTOR VEHICLE,NOT DIVIDED,,STRAIGHT AND LEVEL,DRY,NO DEFECTS,ON SCENE,INJURY AND / OR TOW DUE TO CRASH,,,Y,"OVER $1,500",9/13/2019 2:44,UNABLE TO DETERMINE,UNABLE TO DETERMINE,3450,N,MILWAUKEE AVE,1731,,,,,,,3,NO INDICATION OF INJURY,0,0,0,0,0,1,0,2,6,9,41.94390552,-87.7319726,POINT (-87.731972598679 41.94390551504)
JC431177,,9/13/2019 1:55,30,NO CONTROLS,NO CONTROLS,CLEAR,"DARKNESS, LIGHTED ROAD",FIXED OBJECT,DIVIDED - W/MEDIAN BARRIER,,STRAIGHT ON HILLCREST,DRY,NO DEFECTS,ON SCENE,INJURY AND / OR TOW DUE TO CRASH,,,,"OVER $1,500",9/13/2019 2:00,UNDER THE INFLUENCE OF ALCOHOL/DRUGS (USE WHEN ARREST IS EFFECTED),NOT APPLICABLE,1130,W,DIVISION ST,1822,,,,,,,1,NO INDICATION OF INJURY,0,0,0,0,0,1,0,1,6,9,41.90362428,-87.65695315,POINT (-87.656953151592 41.903624281157)
JC431128,,9/13/2019 1:45,30,NO CONTROLS,NO CONTROLS,CLEAR,"DARKNESS, LIGHTED ROAD",REAR END,DIVIDED - W/MEDIAN (NOT RAISED),,STRAIGHT AND LEVEL,DRY,NO DEFECTS,ON SCENE,NO INJURY / DRIVE AWAY,,,Y,$500 OR LESS,9/13/2019 1:46,IMPROPER BACKING,UNABLE TO DETERMINE,400,N,STATE ST,1831,,,,,,,2,NO INDICATION OF INJURY,0,0,0,0,0,2,0,1,6,9,41.88931871,-87.62815267,POINT (-87.6281526679 41.889318711059)
JC431127,Y,9/13/2019 1:45,30,TRAFFIC SIGNAL,FUNCTIONING PROPERLY,CLEAR,"DARKNESS, LIGHTED ROAD",ANGLE,FOUR WAY,,STRAIGHT AND LEVEL,UNKNOWN,UNKNOWN,NOT ON SCENE (DESK REPORT),INJURY AND / OR TOW DUE TO CRASH,Y,,Y,"OVER $1,500",9/13/2019 1:49,DISREGARDING TRAFFIC SIGNALS,NOT APPLICABLE,599,N,LA SALLE DR,1831,,,,,,,3,NONINCAPACITATING INJURY,1,0,0,1,0,2,0,1,6,9,41.89239159,-87.63245933,POINT (-87.632459330772 41.892391586446)
JC431125,,9/13/2019 1:44,30,NO CONTROLS,NO CONTROLS,CLEAR,"DARKNESS, LIGHTED ROAD",TURNING,NOT DIVIDED,,STRAIGHT AND LEVEL,DRY,NO DEFECTS,ON SCENE,INJURY AND / OR TOW DUE TO CRASH,Y,,,"OVER $1,500",9/13/2019 1:44,IMPROPER TURNING/NO SIGNAL,NOT APPLICABLE,100,E,MARQUETTE RD,322,,,,,,,2,NONINCAPACITATING INJURY,1,0,0,1,0,1,0,1,6,9,41.77294639,-87.62267095,POINT (-87.622670952096 41.772946384679)
JC431774,,9/13/2019 1:38,30,NO CONTROLS,NO CONTROLS,RAIN,DARKNESS,PARKED MOTOR VEHICLE,FOUR WAY,,STRAIGHT AND LEVEL,WET,UNKNOWN,NOT ON SCENE (DESK REPORT),INJURY AND / OR TOW DUE TO CRASH,Y,,,"OVER $1,500",9/13/2019 2:10,"OPERATING VEHICLE IN ERRATIC, RECKLESS, CARELESS, NEGLIGENT OR AGGRESSIVE MANNER",FAILING TO REDUCE SPEED TO AVOID CRASH,200,E,18TH ST,132,,,,,,,2,"REPORTED, NOT EVIDENT",1,0,0,0,1,0,0,1,6,9,41.85801062,-87.62225627,POINT (-87.622256270617 41.858010615927)
JC431121,,9/13/2019 1:38,30,TRAFFIC SIGNAL,FUNCTIONING PROPERLY,CLEAR,DUSK,ANGLE,FOUR WAY,,STRAIGHT AND LEVEL,DRY,NO DEFECTS,ON SCENE,INJURY AND / OR TOW DUE TO CRASH,Y,,,"OVER $1,500",9/13/2019 1:38,DISREGARDING TRAFFIC SIGNALS,FAILING TO REDUCE SPEED TO AVOID CRASH,5200,W,WASHINGTON BLVD,1523,,,,,,,3,NONINCAPACITATING INJURY,3,0,0,3,0,2,0,1,6,9,41.88247687,-87.75519503,POINT (-87.755195030001 41.882476867498)
JC432614,,9/13/2019 1:20,35,NO CONTROLS,NO CONTROLS,CLEAR,"DARKNESS, LIGHTED ROAD",TURNING,FOUR WAY,,STRAIGHT AND LEVEL,DRY,SHOULDER DEFECT,ON SCENE,INJURY AND / OR TOW DUE TO CRASH,Y,,,"$501 - $1,500",9/14/2019 1:31,IMPROPER TURNING/NO SIGNAL,DRIVING SKILLS/KNOWLEDGE/EXPERIENCE,221,W,NORTH AVE,1821,,,,,,,2,NO INDICATION OF INJURY,0,0,0,0,0,2,0,1,6,9,41.91104439,-87.63564936,POINT (-87.635649361947 41.911044392453)
JC431108,,9/13/2019 1:12,30,NO CONTROLS,NO CONTROLS,RAIN,DARKNESS,PARKED MOTOR VEHICLE,NOT DIVIDED,,STRAIGHT AND LEVEL,WET,NO DEFECTS,ON SCENE,INJURY AND / OR TOW DUE TO CRASH,,,,"OVER $1,500",9/13/2019 1:15,DRIVING SKILLS/KNOWLEDGE/EXPERIENCE,WEATHER,4031,N,PULASKI RD,1723,,,,,,,2,NO INDICATION OF INJURY,0,0,0,0,0,1,0,1,6,9,41.95459288,-87.72749696,POINT (-87.727496958415 41.954592883216)
JC431146,,9/13/2019 1:07,30,NO CONTROLS,NO CONTROLS,CLEAR,DAYLIGHT,PARKED MOTOR VEHICLE,ONE-WAY,,STRAIGHT AND LEVEL,DRY,NO DEFECTS,,INJURY AND / OR TOW DUE TO CRASH,,,Y,"OVER $1,500",9/13/2019 2:15,UNABLE TO DETERMINE,NOT APPLICABLE,9051,S,NORMAL AVE,2223,,,,,,,3,NO INDICATION OF INJURY,0,0,0,0,0,1,0,1,6,9,41.72929028,-87.63598954,POINT (-87.635989534548 41.729290275382)
JC431362,,9/13/2019 1:00,30,NO CONTROLS,NO CONTROLS,RAIN,DARKNESS,PARKED MOTOR VEHICLE,ONE-WAY,,STRAIGHT AND LEVEL,WET,NO DEFECTS,ON SCENE,NO INJURY / DRIVE AWAY,,,Y,"OVER $1,500",9/13/2019 8:17,UNABLE TO DETERMINE,UNABLE TO DETERMINE,439,E,80TH ST,631,,,,,,,2,NO INDICATION OF INJURY,0,0,0,0,0,1,0,1,6,9,41.74920776,-87.61332816,POINT (-87.613328158117 41.749207760995)
JC431129,,9/13/2019 1:00,3,NO CONTROLS,NO CONTROLS,CLEAR,DARKNESS,OTHER OBJECT,OTHER,,STRAIGHT AND LEVEL,DRY,DEBRIS ON ROADWAY,,NO INJURY / DRIVE AWAY,,,,$500 OR LESS,9/13/2019 1:00,UNABLE TO DETERMINE,NOT APPLICABLE,2710,S,FEDERAL ST,133,,,,,,,1,NO INDICATION OF INJURY,0,0,0,0,0,2,0,1,6,9,41.8439712,-87.6292083,POINT (-87.629208297096 41.843971195312)
JC431119,,9/13/2019 0:53,30,TRAFFIC SIGNAL,FUNCTIONING PROPERLY,UNKNOWN,"DARKNESS, LIGHTED ROAD",REAR END,NOT DIVIDED,,STRAIGHT AND LEVEL,UNKNOWN,NO DEFECTS,ON SCENE,NO INJURY / DRIVE AWAY,Y,,,$500 OR LESS,9/13/2019 1:01,FAILING TO REDUCE SPEED TO AVOID CRASH,DISREGARDING OTHER TRAFFIC SIGNS,2359,N,CICERO AVE,2522,,,,,,,2,NO INDICATION OF INJURY,0,0,0,0,0,3,0,0,6,9,41.92419617,-87.74615334,POINT (-87.746153337491 41.92419616948)
JC436741,,9/13/2019 0:40,30,TRAFFIC SIGNAL,FUNCTIONING PROPERLY,CLEAR,DAYLIGHT,REAR END,NOT DIVIDED,,STRAIGHT AND LEVEL,DRY,NO DEFECTS,NOT ON SCENE (DESK REPORT),NO INJURY / DRIVE AWAY,Y,,,"$501 - $1,500",9/17/2019 8:30,FOLLOWING TOO CLOSELY,DRIVING SKILLS/KNOWLEDGE/EXPERIENCE,601,S,KOSTNER AVE,1131,,,,,,,2,NO INDICATION OF INJURY,0,0,0,0,0,2,0,0,6,9,41.87350253,-87.73507449,POINT (-87.735074484905 41.87350252706)
JC431097,,9/13/2019 0:36,10,NO CONTROLS,NO CONTROLS,CLEAR,"DARKNESS, LIGHTED ROAD",REAR TO FRONT,NOT DIVIDED,,STRAIGHT AND LEVEL,DRY,NO DEFECTS,NOT ON SCENE (DESK REPORT),NO INJURY / DRIVE AWAY,,,,"OVER $1,500",9/13/2019 1:06,UNABLE TO DETERMINE,UNABLE TO DETERMINE,7100,S,ARTESIAN AVE,832,,,,,,,2,NO INDICATION OF INJURY,0,0,0,0,0,2,0,0,6,9,41.76458607,-87.68461082,POINT (-87.68461081529 41.764586072668)
JC431074,Y,9/13/2019 0:10,40,NO CONTROLS,NO CONTROLS,CLEAR,"DARKNESS, LIGHTED ROAD",OTHER OBJECT,NOT DIVIDED,,STRAIGHT AND LEVEL,DRY,NO DEFECTS,ON SCENE,NO INJURY / DRIVE AWAY,,,,"$501 - $1,500",9/13/2019 0:12,UNABLE TO DETERMINE,UNABLE TO DETERMINE,5514,W,DEVON AVE,1621,,,,,,,2,NO INDICATION OF INJURY,0,0,0,0,0,3,0,0,6,9,41.99743294,-87.76641232,POINT (-87.766412319226 41.997432940902)
JC431098,,9/12/2019 23:59,20,NO CONTROLS,NO CONTROLS,CLEAR,"DARKNESS, LIGHTED ROAD",FIXED OBJECT,ALLEY,,STRAIGHT AND LEVEL,DRY,UNKNOWN,ON SCENE,INJURY AND / OR TOW DUE TO CRASH,,Y,,"OVER $1,500",9/12/2019 23:59,UNABLE TO DETERMINE,NOT APPLICABLE,155,N,LAVERGNE AVE,1532,,,,,,,1,NO INDICATION OF INJURY,0,0,0,0,0,1,0,23,5,9,41.88333385,-87.75013062,POINT (-87.750130623878 41.883333851947)
JC431045,,9/12/2019 23:42,30,TRAFFIC SIGNAL,FUNCTIONING PROPERLY,CLEAR,"DARKNESS, LIGHTED ROAD",ANGLE,DIVIDED - W/MEDIAN (NOT RAISED),,STRAIGHT AND LEVEL,DRY,NO DEFECTS,ON SCENE,INJURY AND / OR TOW DUE TO CRASH,Y,,,"OVER $1,500",9/12/2019 23:42,DISREGARDING TRAFFIC SIGNALS,NOT APPLICABLE,33,N,KEDZIE AVE,1222,,,,,,,2,NONINCAPACITATING INJURY,3,0,0,3,0,2,0,23,5,9,41.88193017,-87.70600284,POINT (-87.706002839291 41.881930171648)
JC431037,,9/12/2019 23:35,30,NO CONTROLS,UNKNOWN,UNKNOWN,"DARKNESS, LIGHTED ROAD",PEDESTRIAN,NOT DIVIDED,,STRAIGHT AND LEVEL,UNKNOWN,UNKNOWN,ON SCENE,INJURY AND / OR TOW DUE TO CRASH,,,Y,"OVER $1,500",9/12/2019 23:37,UNABLE TO DETERMINE,UNABLE TO DETERMINE,1167,W,18TH ST,1235,,,,,,,2,INCAPACITATING INJURY,1,0,1,0,0,1,0,23,5,9,41.8578535,-87.65584444,POINT (-87.655844439618 41.857853502167)
JC431036,,9/12/2019 23:20,30,NO CONTROLS,NO CONTROLS,CLEAR,"DARKNESS, LIGHTED ROAD",PARKED MOTOR VEHICLE,NOT DIVIDED,,STRAIGHT AND LEVEL,DRY,NO DEFECTS,NOT ON SCENE (DESK REPORT),NO INJURY / DRIVE AWAY,,,Y,"OVER $1,500",9/13/2019 0:20,NOT APPLICABLE,NOT APPLICABLE,2035,N,MOBILE AVE,2512,,,,,,,2,NO INDICATION OF INJURY,0,0,0,0,0,1,0,23,5,9,41.91759334,-87.78266267,POINT (-87.782662667659 41.917593340511)
JC439731,,9/12/2019 23:17,30,TRAFFIC SIGNAL,FUNCTIONING PROPERLY,CLEAR,"DARKNESS, LIGHTED ROAD",TURNING,T-INTERSECTION,,STRAIGHT AND LEVEL,DRY,NO DEFECTS,NOT ON SCENE (DESK REPORT),NO INJURY / DRIVE AWAY,,,Y,"$501 - $1,500",9/19/2019 12:20,FAILING TO YIELD RIGHT-OF-WAY,NOT APPLICABLE,2199,S,CLARK ST,131,,,,,,,2,NO INDICATION OF INJURY,0,0,0,0,0,4,0,23,5,9,41.85295042,-87.62992143,POINT (-87.629921431809 41.852950417239)
JC431030,,9/12/2019 23:17,20,NO CONTROLS,NO CONTROLS,CLEAR,"DARKNESS, LIGHTED ROAD",PARKED MOTOR VEHICLE,NOT DIVIDED,,STRAIGHT AND LEVEL,DRY,NO DEFECTS,ON SCENE,INJURY AND / OR TOW DUE TO CRASH,,,,"OVER $1,500",9/12/2019 23:25,DRIVING SKILLS/KNOWLEDGE/EXPERIENCE,DRIVING SKILLS/KNOWLEDGE/EXPERIENCE,7454,W,GRACE ST,1631,,,,,,,2,NO INDICATION OF INJURY,0,0,0,0,0,1,0,23,5,9,41.94887157,-87.81409969,POINT (-87.81409969377 41.94887157358)
JC431033,,9/12/2019 23:05,30,STOP SIGN/FLASHER,FUNCTIONING PROPERLY,CLEAR,"DARKNESS, LIGHTED ROAD",TURNING,T-INTERSECTION,,STRAIGHT AND LEVEL,DRY,UNKNOWN,NOT ON SCENE (DESK REPORT),NO INJURY / DRIVE AWAY,Y,,,$500 OR LESS,9/12/2019 23:25,"VISION OBSCURED (SIGNS, TREE LIMBS, BUILDINGS, ETC.)","VISION OBSCURED (SIGNS, TREE LIMBS, BUILDINGS, ETC.)",55,E,BANKS ST,1824,,,,,,,2,NO INDICATION OF INJURY,0,0,0,0,0,2,0,23,5,9,41.90668694,-87.62669466,POINT (-87.626694659231 41.906686935613)
JC431062,,9/12/2019 22:55,15,NO CONTROLS,NO CONTROLS,CLEAR,"DARKNESS, LIGHTED ROAD",REAR END,PARKING LOT,,STRAIGHT AND LEVEL,DRY,UNKNOWN,NOT ON SCENE (DESK REPORT),NO INJURY / DRIVE AWAY,,,,"OVER $1,500",9/12/2019 23:59,IMPROPER BACKING,FAILING TO YIELD RIGHT-OF-WAY,5010,N,SIMONDS DR,2024,,,,,,,2,NO INDICATION OF INJURY,0,0,0,0,0,2,0,22,5,9,41.97355659,-87.64712708,POINT (-87.647127079018 41.973556585864)
JC431003,Y,9/12/2019 22:40,30,NO CONTROLS,NO CONTROLS,CLEAR,"DARKNESS, LIGHTED ROAD",REAR END,NOT DIVIDED,,STRAIGHT AND LEVEL,DRY,NO DEFECTS,ON SCENE,INJURY AND / OR TOW DUE TO CRASH,,,Y,"OVER $1,500",9/12/2019 22:41,FOLLOWING TOO CLOSELY,"OPERATING VEHICLE IN ERRATIC, RECKLESS, CARELESS, NEGLIGENT OR AGGRESSIVE MANNER",2600,W,WILSON AVE,1911,,,,,,,2,"REPORTED, NOT EVIDENT",1,0,0,0,1,1,0,22,5,9,41.96492527,-87.69380221,POINT (-87.693802206947 41.964925266845)
JC430993,,9/12/2019 22:34,30,TRAFFIC SIGNAL,FUNCTIONING PROPERLY,CLEAR,"DARKNESS, LIGHTED ROAD",REAR END,NOT DIVIDED,,STRAIGHT AND LEVEL,DRY,NO DEFECTS,ON SCENE,INJURY AND / OR TOW DUE TO CRASH,Y,,,"$501 - $1,500",9/12/2019 22:34,FAILING TO REDUCE SPEED TO AVOID CRASH,NOT APPLICABLE,1400,W,FOSTER AVE,2013,,,,,,,2,"REPORTED, NOT EVIDENT",1,0,0,0,1,1,0,22,5,9,41.97635482,-87.66493834,POINT (-87.664938335293 41.976354815271)
JC436065,,9/12/2019 22:30,30,NO CONTROLS,NO CONTROLS,CLEAR,"DARKNESS, LIGHTED ROAD",PEDALCYCLIST,NOT DIVIDED,,STRAIGHT AND LEVEL,DRY,NO DEFECTS,NOT ON SCENE (DESK REPORT),INJURY AND / OR TOW DUE TO CRASH,,,Y,"$501 - $1,500",9/16/2019 17:38,UNABLE TO DETERMINE,UNABLE TO DETERMINE,160,W,KINZIE ST,1831,,,Y,,,,2,NONINCAPACITATING INJURY,1,0,0,1,0,1,0,22,5,9,41.8892816,-87.63349105,POINT (-87.633491050582 41.889281599111)
JC431725,,9/12/2019 22:30,30,NO CONTROLS,NO CONTROLS,CLEAR,DARKNESS,ANGLE,ONE-WAY,,STRAIGHT AND LEVEL,DRY,NO DEFECTS,NOT ON SCENE (DESK REPORT),NO INJURY / DRIVE AWAY,Y,,,"OVER $1,500",9/13/2019 13:59,UNABLE TO DETERMINE,UNABLE TO DETERMINE,1299,W,ROSCOE ST,1924,,,,,,,2,NO INDICATION OF INJURY,0,0,0,0,0,2,0,22,5,9,41.94335003,-87.66136975,POINT (-87.661369750333 41.943350029474)
JC430999,,9/12/2019 22:25,15,NO CONTROLS,NO CONTROLS,CLEAR,"DARKNESS, LIGHTED ROAD",PARKED MOTOR VEHICLE,ONE-WAY,,STRAIGHT AND LEVEL,DRY,NO DEFECTS,ON SCENE,NO INJURY / DRIVE AWAY,,,Y,"$501 - $1,500",9/12/2019 22:43,FOLLOWING TOO CLOSELY,HAD BEEN DRINKING (USE WHEN ARREST IS NOT MADE),6604,S,ARTESIAN AVE,832,,,,,,,2,NO INDICATION OF INJURY,0,0,0,0,0,1,0,22,5,9,41.77357222,-87.6848536,POINT (-87.684853600136 41.773572220693)
JC430998,,9/12/2019 22:15,40,NO CONTROLS,NO CONTROLS,CLEAR,"DARKNESS, LIGHTED ROAD",OTHER NONCOLLISION,DIVIDED - W/MEDIAN (NOT RAISED),,STRAIGHT AND LEVEL,DRY,NO DEFECTS,ON SCENE,INJURY AND / OR TOW DUE TO CRASH,,,,"OVER $1,500",9/12/2019 22:15,NOT APPLICABLE,NOT APPLICABLE,393,E,BALBO DR,114,,,,,,,1,INCAPACITATING INJURY,1,0,1,0,0,0,0,22,5,9,41.87314468,-87.61747426,POINT (-87.617474263239 41.873144681341)
JC430975,Y,9/12/2019 22:10,20,NO CONTROLS,NO CONTROLS,CLEAR,"DARKNESS, LIGHTED ROAD",PARKED MOTOR VEHICLE,ONE-WAY,,STRAIGHT AND LEVEL,DRY,NO DEFECTS,ON SCENE,NO INJURY / DRIVE AWAY,,,N,$500 OR LESS,9/12/2019 22:12,UNABLE TO DETERMINE,NOT APPLICABLE,1209,N,LEAVITT ST,1424,,,,,,,2,NO INDICATION OF INJURY,0,0,0,0,0,1,0,22,5,9,41.90341406,-87.68200465,POINT (-87.682004647594 41.903414057505)
JC430979,,9/12/2019 22:00,30,TRAFFIC SIGNAL,FUNCTIONING PROPERLY,CLEAR,"DARKNESS, LIGHTED ROAD",TURNING,NOT DIVIDED,,STRAIGHT AND LEVEL,DRY,NO DEFECTS,NOT ON SCENE (DESK REPORT),NO INJURY / DRIVE AWAY,Y,,,"OVER $1,500",9/12/2019 22:15,IMPROPER LANE USAGE,NOT APPLICABLE,116,W,CERMAK RD,131,,,,,,,2,NO INDICATION OF INJURY,0,0,0,0,0,2,0,22,5,9,41.85298708,-87.63002661,POINT (-87.630026613318 41.85298707906)
JC430986,,9/12/2019 21:50,30,TRAFFIC SIGNAL,FUNCTIONING PROPERLY,CLEAR,"DARKNESS, LIGHTED ROAD",SIDESWIPE SAME DIRECTION,ONE-WAY,,STRAIGHT AND LEVEL,DRY,NO DEFECTS,ON SCENE,NO INJURY / DRIVE AWAY,,,Y,$500 OR LESS,9/12/2019 22:24,IMPROPER OVERTAKING/PASSING,NOT APPLICABLE,44,E,LAKE ST,111,,,,,,,2,NO INDICATION OF INJURY,0,0,0,0,0,4,0,21,5,9,41.88585129,-87.62634759,POINT (-87.626347584521 41.885851286717)
JC430945,,9/12/2019 21:45,15,NO CONTROLS,NO CONTROLS,CLEAR,"DARKNESS, LIGHTED ROAD",TURNING,ALLEY,,STRAIGHT AND LEVEL,DRY,NO DEFECTS,ON SCENE,NO INJURY / DRIVE AWAY,,,,"$501 - $1,500",9/12/2019 21:52,UNABLE TO DETERMINE,UNABLE TO DETERMINE,3220,N,RACINE AVE,1924,,,,,,,2,NO INDICATION OF INJURY,0,0,0,0,0,2,0,21,5,9,41.94050048,-87.65913349,POINT (-87.659133488923 41.940500479462)
JC430948,,9/12/2019 21:40,30,NO CONTROLS,UNKNOWN,CLEAR,DARKNESS,PEDALCYCLIST,DIVIDED - W/MEDIAN BARRIER,,STRAIGHT AND LEVEL,DRY,UNKNOWN,,INJURY AND / OR TOW DUE TO CRASH,,,Y,"OVER $1,500",9/12/2019 21:43,UNABLE TO DETERMINE,UNABLE TO DETERMINE,9051,S,STONY ISLAND AVE,413,,,,,,,1,NONINCAPACITATING INJURY,1,0,0,1,0,0,0,21,5,9,41.72995149,-87.58490931,POINT (-87.584909309557 41.729951484557)
JC430957,,9/12/2019 21:32,30,NO CONTROLS,NO CONTROLS,CLEAR,"DARKNESS, LIGHTED ROAD",HEAD ON,DIVIDED - W/MEDIAN BARRIER,,STRAIGHT AND LEVEL,DRY,NO DEFECTS,ON SCENE,NO INJURY / DRIVE AWAY,,,,$500 OR LESS,9/12/2019 21:32,DRIVING ON WRONG SIDE/WRONG WAY,"OPERATING VEHICLE IN ERRATIC, RECKLESS, CARELESS, NEGLIGENT OR AGGRESSIVE MANNER",12746,S,HALSTED ST,523,,,,,,,2,NO INDICATION OF INJURY,0,0,0,0,0,3,0,21,5,9,41.66193667,-87.64152359,POINT (-87.64152359131 41.661936666724)
JC431715,,9/12/2019 21:30,30,NO CONTROLS,NO CONTROLS,CLEAR,DARKNESS,REAR END,DIVIDED - W/MEDIAN BARRIER,,STRAIGHT AND LEVEL,DRY,"RUT, HOLES",NOT ON SCENE (DESK REPORT),NO INJURY / DRIVE AWAY,,,,"OVER $1,500",9/13/2019 13:30,ROAD ENGINEERING/SURFACE/MARKING DEFECTS,FOLLOWING TOO CLOSELY,731,E,71ST ST,323,,,,,,,2,NO INDICATION OF INJURY,0,0,0,0,0,2,0,21,5,9,41.76574859,-87.60676878,POINT (-87.606768783475 41.765748589564)