RD_NO,CRASH_DATE_EST_I,CRASH_DATE,POSTED_SPEED_LIMIT,TRAFFIC_CONTROL_DEVICE,DEVICE_CONDITION,WEATHER_CONDITION,LIGHTING_CONDITION,FIRST_CRASH_TYPE,TRAFFICWAY_TYPE,LANE_CNT,ALIGNMENT,ROADWAY_SURFACE_COND,ROAD_DEFECT,REPORT_TYPE,CRASH_TYPE,INTERSECTION_RELATED_I,NOT_RIGHT_OF_WAY_I,HIT_AND_RUN_I,DAMAGE,DATE_POLICE_NOTIFIED,PRIM_CONTRIBUTORY_CAUSE,SEC_CONTRIBUTORY_CAUSE,STREET_NO,STREET_DIRECTION,STREET_NAME,BEAT_OF_OCCURRENCE,PHOTOS_TAKEN_I,STATEMENTS_TAKEN_I,DOORING_I,WORK_ZONE_I,WORK_ZONE_TYPE,WORKERS_PRESENT_I,NUM_UNITS,MOST_SEVERE_INJURY,INJURIES_TOTAL,INJURIES_FATAL,INJURIES_INCAPACITATING,INJURIES_NON_INCAPACITATING,INJURIES_REPORTED_NOT_EVIDENT,INJURIES_NO_INDICATION,INJURIES_UNKNOWN,CRASH_HOUR,CRASH_DAY_OF_WEEK,CRASH_MONTH,LATITUDE,LONGITUDE,LOCATION
JC430942,,9/12/2019 21:21,35,TRAFFIC SIGNAL,FUNCTIONING PROPERLY,CLEAR,"DARKNESS, LIGHTED ROAD",ANGLE,ONE-WAY,,STRAIGHT AND LEVEL,DRY,NO DEFECTS,ON SCENE,INJURY AND / OR TOW DUE TO CRASH,Y,,,"OVER $1,500",9/12/2019 21:30,DISREGARDING TRAFFIC SIGNALS,DRIVING SKILLS/KNOWLEDGE/EXPERIENCE,300,S,JEFFERSON ST,121,,,,,,,3,NONINCAPACITATING INJURY,1,0,0,1,0,2,0,21,5,9,41.8779351,-87.64268059,POINT (-87.64268058698 41.877935101096)
JC430974,,9/12/2019 21:15,30,TRAFFIC SIGNAL,FUNCTIONING PROPERLY,CLEAR,"DARKNESS, LIGHTED ROAD",SIDESWIPE SAME DIRECTION,DIVIDED - W/MEDIAN (NOT RAISED),,STRAIGHT AND LEVEL,DRY,NO DEFECTS,ON SCENE,INJURY AND / OR TOW DUE TO CRASH,Y,,,"OVER $1,500",9/12/2019 21:30,FOLLOWING TOO CLOSELY,UNABLE TO DETERMINE,4599,N,WESTERN AVE,1911,,,,,,,2,NO INDICATION OF INJURY,0,0,0,0,0,4,0,21,5,9,41.96478439,-87.68864102,POINT (-87.688641024184 41.96478438778)
JC430984,,9/12/2019 21:10,30,NO CONTROLS,NO CONTROLS,CLEAR,"DARKNESS, LIGHTED ROAD",PARKED MOTOR VEHICLE,ONE-WAY,,STRAIGHT AND LEVEL,DRY,NO DEFECTS,ON SCENE,INJURY AND / OR TOW DUE TO CRASH,,,,"OVER $1,500",9/12/2019 21:14,DISTRACTION - FROM INSIDE VEHICLE,NOT APPLICABLE,5217,S,UNIVERSITY AVE,233,,,,,,,3,NO INDICATION OF INJURY,0,0,0,0,0,2,0,21,5,9,41.80037606,-87.598051,POINT (-87.598051003334 41.800376063635)
JC431882,,9/12/2019 21:00,30,UNKNOWN,UNKNOWN,UNKNOWN,UNKNOWN,PARKED MOTOR VEHICLE,ONE-WAY,,STRAIGHT AND LEVEL,UNKNOWN,UNKNOWN,NOT ON SCENE (DESK REPORT),NO INJURY / DRIVE AWAY,,,Y,"OVER $1,500",9/13/2019 15:40,UNABLE TO DETERMINE,UNABLE TO DETERMINE,9674,S,HARVARD AVE,511,,,,,,,2,NO INDICATION OF INJURY,0,0,0,0,0,1,0,21,5,9,41.71805897,-87.63235143,POINT (-87.632351426902 41.718058971697)
JC430912,,9/12/2019 21:00,35,NO CONTROLS,OTHER,CLEAR,"DARKNESS, LIGHTED ROAD",REAR END,DIVIDED - W/MEDIAN BARRIER,,STRAIGHT AND LEVEL,DRY,NO DEFECTS,ON SCENE,NO INJURY / DRIVE AWAY,,,Y,"OVER $1,500",9/12/2019 21:02,UNABLE TO DETERMINE,NOT APPLICABLE,13,W,I190 EXPY,1654,,,,,,,2,NO INDICATION OF INJURY,0,0,0,0,0,4,0,21,5,9,,,
JC430953,,9/12/2019 20:59,15,NO CONTROLS,NO CONTROLS,CLEAR,"DARKNESS, LIGHTED ROAD",PARKED MOTOR VEHICLE,ALLEY,,STRAIGHT AND LEVEL,DRY,NO DEFECTS,ON SCENE,NO INJURY / DRIVE AWAY,,,,$500 OR LESS,9/12/2019 21:29,UNABLE TO DETERMINE,NOT APPLICABLE,633,N,ST CLAIR ST,1834,,,,,,,2,NO INDICATION OF INJURY,0,0,0,0,0,1,0,20,5,9,41.89347536,-87.62257467,POINT (-87.622574673578 41.893475357701)
JC435834,Y,9/12/2019 20:45,30,NO CONTROLS,NO CONTROLS,CLEAR,"DARKNESS, LIGHTED ROAD",PARKED MOTOR VEHICLE,NOT DIVIDED,,STRAIGHT AND LEVEL,DRY,NO DEFECTS,NOT ON SCENE (DESK REPORT),NO INJURY / DRIVE AWAY,,,Y,"OVER $1,500",9/16/2019 15:37,UNABLE TO DETERMINE,NOT APPLICABLE,3800,W,WELLINGTON AVE,2523,,,,,,,2,NO INDICATION OF INJURY,0,0,0,0,0,1,0,20,5,9,41.9355921,-87.72224507,POINT (-87.722245074155 41.935592097863)
JC430934,,9/12/2019 20:45,30,TRAFFIC SIGNAL,FUNCTIONING PROPERLY,CLEAR,"DARKNESS, LIGHTED ROAD",TURNING,DIVIDED - W/MEDIAN (NOT RAISED),,STRAIGHT AND LEVEL,DRY,NO DEFECTS,ON SCENE,INJURY AND / OR TOW DUE TO CRASH,Y,,,"OVER $1,500",9/12/2019 21:00,FAILING TO YIELD RIGHT-OF-WAY,UNABLE TO DETERMINE,1398,W,FULLERTON AVE,1932,,,,,,,2,NO INDICATION OF INJURY,0,0,0,0,0,4,0,20,5,9,41.92532843,-87.66326916,POINT (-87.663269162578 41.925328428232)
JC430919,,9/12/2019 20:45,30,STOP SIGN/FLASHER,FUNCTIONING PROPERLY,CLEAR,"DARKNESS, LIGHTED ROAD",ANGLE,T-INTERSECTION,,STRAIGHT AND LEVEL,DRY,NO DEFECTS,ON SCENE,INJURY AND / OR TOW DUE TO CRASH,Y,,,"OVER $1,500",9/12/2019 20:49,FAILING TO YIELD RIGHT-OF-WAY,DRIVING SKILLS/KNOWLEDGE/EXPERIENCE,8000,S,ANTHONY AVE,411,,,,,,,2,NONINCAPACITATING INJURY,4,0,0,4,0,0,0,20,5,9,41.74957387,-87.58623562,POINT (-87.586235621882 41.749573869773)
JC430879,,9/12/2019 20:45,30,NO CONTROLS,NO CONTROLS,CLEAR,DARKNESS,PARKED MOTOR VEHICLE,NOT DIVIDED,,STRAIGHT ON GRADE,DRY,NO DEFECTS,ON SCENE,NO INJURY / DRIVE AWAY,,,Y,"OVER $1,500",9/12/2019 20:47,UNABLE TO DETERMINE,UNABLE TO DETERMINE,5400,S,AUSTIN AVE,811,,,,,,,4,NO INDICATION OF INJURY,0,0,0,0,0,1,0,20,5,9,41.79413406,-87.77225965,POINT (-87.772259653969 41.794134060461)
JC430897,,9/12/2019 20:36,30,NO CONTROLS,NO CONTROLS,CLEAR,"DARKNESS, LIGHTED ROAD",REAR END,ALLEY,,STRAIGHT AND LEVEL,DRY,NO DEFECTS,ON SCENE,INJURY AND / OR TOW DUE TO CRASH,,,Y,"$501 - $1,500",9/12/2019 20:37,UNABLE TO DETERMINE,NOT APPLICABLE,1110,W,61ST ST,712,,,,,,,2,"REPORTED, NOT EVIDENT",5,0,0,0,5,1,0,20,5,9,41.78338079,-87.65268431,POINT (-87.65268431334 41.783380788875)
JC430923,,9/12/2019 20:30,35,UNKNOWN,UNKNOWN,UNKNOWN,UNKNOWN,SIDESWIPE SAME DIRECTION,NOT DIVIDED,,STRAIGHT AND LEVEL,UNKNOWN,UNKNOWN,NOT ON SCENE (DESK REPORT),NO INJURY / DRIVE AWAY,,,Y,"OVER $1,500",9/12/2019 21:10,NOT APPLICABLE,NOT APPLICABLE,4000,N,LAKE SHORE DR SB,1915,,,,,,,2,NO INDICATION OF INJURY,0,0,0,0,0,2,0,20,5,9,41.95468924,-87.64497464,POINT (-87.644974644209 41.954689241342)
JC430884,,9/12/2019 20:26,30,STOP SIGN/FLASHER,FUNCTIONING PROPERLY,CLEAR,"DARKNESS, LIGHTED ROAD",PEDALCYCLIST,FOUR WAY,,STRAIGHT AND LEVEL,DRY,NO DEFECTS,ON SCENE,INJURY AND / OR TOW DUE TO CRASH,Y,,,"OVER $1,500",9/12/2019 20:26,DISREGARDING STOP SIGN,FAILING TO YIELD RIGHT-OF-WAY,2950,W,CORTLAND ST,1421,,,,,,,2,NONINCAPACITATING INJURY,1,0,0,1,0,1,0,20,5,9,41.91574561,-87.70129325,POINT (-87.701293248082 41.91574560928)
JC430870,,9/12/2019 20:15,25,OTHER,OTHER,CLEAR,"DARKNESS, LIGHTED ROAD",OTHER NONCOLLISION,ONE-WAY,,STRAIGHT AND LEVEL,DRY,NO DEFECTS,ON SCENE,NO INJURY / DRIVE AWAY,,,,"OVER $1,500",9/12/2019 20:25,NOT APPLICABLE,NOT APPLICABLE,10725,S,AVENUE D,432,,,,,,,2,NO INDICATION OF INJURY,0,0,0,0,0,1,0,20,5,9,41.70011024,-87.52802692,POINT (-87.528026924142 41.700110241958)
JC430873,Y,9/12/2019 20:10,30,TRAFFIC SIGNAL,FUNCTIONING PROPERLY,CLEAR,DARKNESS,TURNING,UNKNOWN,,STRAIGHT AND LEVEL,DRY,UNKNOWN,NOT ON SCENE (DESK REPORT),NO INJURY / DRIVE AWAY,,,,$500 OR LESS,9/12/2019 20:20,DISREGARDING TRAFFIC SIGNALS,NOT APPLICABLE,10701,S,KEDZIE AVE,2211,,,,,,,2,NO INDICATION OF INJURY,0,0,0,0,0,2,0,20,5,9,41.69878302,-87.70093279,POINT (-87.700932785543 41.698783022375)
JC430882,,9/12/2019 20:08,10,NO CONTROLS,NO CONTROLS,CLEAR,"DARKNESS, LIGHTED ROAD",TURNING,RAMP,,STRAIGHT ON GRADE,DRY,NO DEFECTS,ON SCENE,NO INJURY / DRIVE AWAY,,,,$500 OR LESS,9/12/2019 20:12,UNABLE TO DETERMINE,NOT APPLICABLE,10000,W,OHARE ST,1651,,,,,,,2,NO INDICATION OF INJURY,0,0,0,0,0,2,0,20,5,9,41.97620114,-87.90530913,POINT (-87.905309125103 41.976201139024)
JC430924,,9/12/2019 20:00,30,UNKNOWN,UNKNOWN,CLEAR,DUSK,PARKED MOTOR VEHICLE,NOT DIVIDED,,STRAIGHT AND LEVEL,DRY,NO DEFECTS,NOT ON SCENE (DESK REPORT),NO INJURY / DRIVE AWAY,,,Y,"OVER $1,500",9/12/2019 21:30,UNABLE TO DETERMINE,NOT APPLICABLE,5722,N,ROGERS AVE,1711,,,,,,,2,NO INDICATION OF INJURY,0,0,0,0,0,1,0,20,5,9,41.98465729,-87.7422776,POINT (-87.742277595521 41.984657289999)
JC430864,,9/12/2019 20:00,30,STOP SIGN/FLASHER,FUNCTIONING PROPERLY,CLEAR,"DARKNESS, LIGHTED ROAD",ANGLE,FOUR WAY,,STRAIGHT AND LEVEL,DRY,NO DEFECTS,ON SCENE,INJURY AND / OR TOW DUE TO CRASH,,,,"OVER $1,500",9/12/2019 20:11,FAILING TO YIELD RIGHT-OF-WAY,UNABLE TO DETERMINE,1100,W,LAKE ST,1214,,,,,,,2,NO INDICATION OF INJURY,0,0,0,0,0,2,0,20,5,9,41.88565286,-87.65453368,POINT (-87.654533683347 41.885652856477)
JC430829,,9/12/2019 19:45,30,NO CONTROLS,NO CONTROLS,CLEAR,DUSK,PARKED MOTOR VEHICLE,PARKING LOT,,STRAIGHT AND LEVEL,DRY,NO DEFECTS,ON SCENE,NO INJURY / DRIVE AWAY,,Y,,"OVER $1,500",9/12/2019 19:50,UNABLE TO DETERMINE,NOT APPLICABLE,2001,S,MICHIGAN AVE,132,,,,,,,2,NO INDICATION OF INJURY,0,0,0,0,0,1,0,19,5,9,41.855432,-87.62372822,POINT (-87.623728215571 41.855431999021)
JC430876,,9/12/2019 19:30,30,NO CONTROLS,NO CONTROLS,CLEAR,"DARKNESS, LIGHTED ROAD",TURNING,DIVIDED - W/MEDIAN (NOT RAISED),,STRAIGHT AND LEVEL,DRY,NO DEFECTS,ON SCENE,NO INJURY / DRIVE AWAY,,,,"OVER $1,500",9/12/2019 19:56,UNABLE TO DETERMINE,NOT APPLICABLE,2830,S,WESTERN AVE,1034,,,,,,,2,NO INDICATION OF INJURY,0,0,0,0,0,2,0,19,5,9,41.84026106,-87.68540122,POINT (-87.685401219681 41.840261060992)
JC430872,,9/12/2019 19:30,30,TRAFFIC SIGNAL,FUNCTIONING PROPERLY,CLEAR,DAYLIGHT,SIDESWIPE SAME DIRECTION,FOUR WAY,,STRAIGHT AND LEVEL,DRY,NO DEFECTS,NOT ON SCENE (DESK REPORT),NO INJURY / DRIVE AWAY,,,,"OVER $1,500",9/12/2019 20:00,IMPROPER LANE USAGE,IMPROPER LANE USAGE,1600,E,83RD PL,412,,,,,,,2,NO INDICATION OF INJURY,0,0,0,0,0,2,0,19,5,9,41.74340729,-87.58524189,POINT (-87.58524188905 41.743407289546)
JC430860,,9/12/2019 19:21,35,NO CONTROLS,NO CONTROLS,CLEAR,"DARKNESS, LIGHTED ROAD",FIXED OBJECT,OTHER,,STRAIGHT AND LEVEL,DRY,NO DEFECTS,ON SCENE,NO INJURY / DRIVE AWAY,,Y,,$500 OR LESS,9/12/2019 20:10,DRIVING SKILLS/KNOWLEDGE/EXPERIENCE,NOT APPLICABLE,57,E,WACKER PL,111,,,,,,,1,NO INDICATION OF INJURY,0,0,0,0,0,2,0,19,5,9,41.88670561,-87.62593074,POINT (-87.625930737304 41.8867056074)
JC430812,,9/12/2019 19:20,30,STOP SIGN/FLASHER,FUNCTIONING PROPERLY,CLEAR,DAYLIGHT,ANGLE,NOT DIVIDED,,STRAIGHT AND LEVEL,DRY,NO DEFECTS,NOT ON SCENE (DESK REPORT),NO INJURY / DRIVE AWAY,Y,,,"$501 - $1,500",9/12/2019 19:45,UNABLE TO DETERMINE,NOT APPLICABLE,1735,W,OGDEN AVE,1231,,,,,,,2,NO INDICATION OF INJURY,0,0,0,0,0,3,0,19,5,9,41.87794231,-87.67007327,POINT (-87.670073274322 41.877942312238)
JC430802,,9/12/2019 19:20,25,NO CONTROLS,NO CONTROLS,CLEAR,"DARKNESS, LIGHTED ROAD",REAR END,ONE-WAY,,STRAIGHT AND LEVEL,DRY,NO DEFECTS,NOT ON SCENE (DESK REPORT),NO INJURY / DRIVE AWAY,,,Y,"$501 - $1,500",9/12/2019 19:30,UNABLE TO DETERMINE,UNABLE TO DETERMINE,4620,N,ST LOUIS AVE,1723,,,,,,,2,NO INDICATION OF INJURY,0,0,0,0,0,2,0,19,5,9,41.96537137,-87.71586502,POINT (-87.715865023983 41.965371370578)
JC430823,,9/12/2019 19:15,30,NO CONTROLS,NO CONTROLS,CLEAR,"DARKNESS, LIGHTED ROAD",REAR END,DIVIDED - W/MEDIAN (NOT RAISED),,STRAIGHT AND LEVEL,DRY,NO DEFECTS,ON SCENE,NO INJURY / DRIVE AWAY,,,,"OVER $1,500",9/12/2019 19:19,FOLLOWING TOO CLOSELY,UNABLE TO DETERMINE,4859,S,CICERO AVE,815,,,,,,,2,NO INDICATION OF INJURY,0,0,0,0,0,3,0,19,5,9,41.80406491,-87.74291682,POINT (-87.742916814844 41.80406490897)
JC430783,,9/12/2019 19:15,10,NO CONTROLS,NO CONTROLS,CLEAR,"DARKNESS, LIGHTED ROAD",SIDESWIPE SAME DIRECTION,ALLEY,,STRAIGHT AND LEVEL,DRY,NO DEFECTS,ON SCENE,NO INJURY / DRIVE AWAY,,,,$500 OR LESS,9/12/2019 19:18,FAILING TO YIELD RIGHT-OF-WAY,UNABLE TO DETERMINE,2424,W,BERWYN AVE,2011,,,,,,,2,NO INDICATION OF INJURY,0,0,0,0,0,3,0,19,5,9,41.97780292,-87.69026192,POINT (-87.690261918099 41.97780291786)
JC430841,,9/12/2019 19:10,30,TRAFFIC SIGNAL,FUNCTIONING PROPERLY,CLEAR,DARKNESS,PEDESTRIAN,FOUR WAY,,STRAIGHT AND LEVEL,DRY,NO DEFECTS,ON SCENE,INJURY AND / OR TOW DUE TO CRASH,Y,,Y,$500 OR LESS,9/12/2019 20:20,FAILING TO YIELD RIGHT-OF-WAY,NOT APPLICABLE,1600,N,WELLS ST,1814,,,,,,,2,NONINCAPACITATING INJURY,1,0,0,1,0,1,0,19,5,9,41.91119542,-87.63485888,POINT (-87.634858883507 41.911195419487)
JC435516,,9/12/2019 19:00,20,NO CONTROLS,NO CONTROLS,CLEAR,DUSK,REAR TO REAR,NOT DIVIDED,,STRAIGHT AND LEVEL,DRY,NO DEFECTS,NOT ON SCENE (DESK REPORT),NO INJURY / DRIVE AWAY,,,Y,"OVER $1,500",9/16/2019 11:57,FOLLOWING TOO CLOSELY,FOLLOWING TOO CLOSELY,10000,W,OHARE ST,1651,,,,,,,2,NO INDICATION OF INJURY,0,0,0,0,0,2,0,19,5,9,41.97620114,-87.90530913,POINT (-87.905309125103 41.976201139024)
JC432137,,9/12/2019 19:00,20,NO CONTROLS,NO CONTROLS,CLEAR,DUSK,TURNING,NOT DIVIDED,,STRAIGHT AND LEVEL,DRY,NO DEFECTS,NOT ON SCENE (DESK REPORT),NO INJURY / DRIVE AWAY,Y,,,"OVER $1,500",9/13/2019 18:00,IMPROPER TURNING/NO SIGNAL,NOT APPLICABLE,530,W,DIVERSEY PKWY,1934,,,,,,,2,NO INDICATION OF INJURY,0,0,0,0,0,2,0,19,5,9,41.93295351,-87.64272953,POINT (-87.642729529278 41.932953511246)
JC431810,,9/12/2019 19:00,30,NO CONTROLS,NO CONTROLS,CLEAR,DAYLIGHT,PARKED MOTOR VEHICLE,NOT DIVIDED,,STRAIGHT AND LEVEL,DRY,UNKNOWN,NOT ON SCENE (DESK REPORT),NO INJURY / DRIVE AWAY,,,Y,$500 OR LESS,9/13/2019 14:57,UNABLE TO DETERMINE,UNABLE TO DETERMINE,99,E,WACKER DR,111,,,,,,,2,NO INDICATION OF INJURY,0,0,0,0,0,1,0,19,5,9,41.88809155,-87.6246827,POINT (-87.624682704016 41.88809154462)
JC431586,,9/12/2019 19:00,30,NO CONTROLS,NO CONTROLS,CLEAR,DAYLIGHT,PARKED MOTOR VEHICLE,ONE-WAY,,STRAIGHT AND LEVEL,DRY,NO DEFECTS,NOT ON SCENE (DESK REPORT),NO INJURY / DRIVE AWAY,,,Y,"OVER $1,500",9/13/2019 12:10,IMPROPER LANE USAGE,IMPROPER LANE USAGE,1616,N,KEATING AVE,2533,,,,,,,2,NO INDICATION OF INJURY,0,0,0,0,0,1,0,19,5,9,41.91020349,-87.74481708,POINT (-87.74481708325 41.910203484796)
JC430821,,9/12/2019 19:00,35,NO CONTROLS,NO CONTROLS,CLEAR,DAYLIGHT,PARKED MOTOR VEHICLE,NOT DIVIDED,,STRAIGHT AND LEVEL,DRY,NO DEFECTS,NOT ON SCENE (DESK REPORT),NO INJURY / DRIVE AWAY,,,Y,"OVER $1,500",9/12/2019 19:56,UNABLE TO DETERMINE,NOT APPLICABLE,4365,S,ARCHER AVE,922,,,,,,,2,NO INDICATION OF INJURY,0,0,0,0,0,2,0,19,5,9,41.81417323,-87.70388321,POINT (-87.703883212829 41.814173226)
JC430794,,9/12/2019 19:00,30,TRAFFIC SIGNAL,FUNCTIONING PROPERLY,CLEAR,DAYLIGHT,REAR END,NOT DIVIDED,,STRAIGHT AND LEVEL,DRY,NO DEFECTS,NOT ON SCENE (DESK REPORT),NO INJURY / DRIVE AWAY,,,,"OVER $1,500",9/12/2019 19:15,UNABLE TO DETERMINE,UNABLE TO DETERMINE,11458,S,KEDZIE AVE,2211,,,,,,,2,NO INDICATION OF INJURY,0,0,0,0,0,2,0,19,5,9,41.68485724,-87.70072029,POINT (-87.700720291121 41.68485724233)
JC430869,,9/12/2019 18:58,30,NO CONTROLS,NO CONTROLS,CLEAR,DAYLIGHT,PARKED MOTOR VEHICLE,ONE-WAY,,STRAIGHT AND LEVEL,DRY,NO DEFECTS,ON SCENE,NO INJURY / DRIVE AWAY,,,Y,$500 OR LESS,9/12/2019 18:58,"OPERATING VEHICLE IN ERRATIC, RECKLESS, CARELESS, NEGLIGENT OR AGGRESSIVE MANNER",DRIVING SKILLS/KNOWLEDGE/EXPERIENCE,2540,W,52ND ST,923,,,,,,,2,NO INDICATION OF INJURY,0,0,0,0,0,4,0,18,5,9,41.79937097,-87.68825268,POINT (-87.688252675529 41.799370974437)
JC430900,,9/12/2019 18:50,30,NO CONTROLS,NO CONTROLS,CLEAR,"DARKNESS, LIGHTED ROAD",TURNING,ONE-WAY,,STRAIGHT AND LEVEL,DRY,NO DEFECTS,NOT ON SCENE (DESK REPORT),NO INJURY / DRIVE AWAY,,,,"OVER $1,500",9/12/2019 20:30,IMPROPER TURNING/NO SIGNAL,IMPROPER LANE USAGE,1134,S,JEFFERSON ST,124,,,,,,,2,NO INDICATION OF INJURY,0,0,0,0,0,2,0,18,5,9,41.86789397,-87.64235931,POINT (-87.642359314387 41.86789396981)
JC430721,,9/12/2019 18:48,30,NO CONTROLS,NO CONTROLS,CLEAR,DAYLIGHT,SIDESWIPE SAME DIRECTION,DIVIDED - W/MEDIAN (NOT RAISED),,STRAIGHT AND LEVEL,DRY,NO DEFECTS,ON SCENE,NO INJURY / DRIVE AWAY,,,,$500 OR LESS,9/12/2019 18:49,UNABLE TO DETERMINE,UNABLE TO DETERMINE,800,W,103RD ST,2232,,,,,,,2,NO INDICATION OF INJURY,0,0,0,0,0,2,0,18,5,9,41.70702632,-87.64289601,POINT (-87.642896007418 41.707026319812)
JC430813,,9/12/2019 18:47,30,TRAFFIC SIGNAL,FUNCTIONING PROPERLY,CLEAR,DUSK,REAR END,DIVIDED - W/MEDIAN (NOT RAISED),,STRAIGHT AND LEVEL,DRY,NO DEFECTS,ON SCENE,NO INJURY / DRIVE AWAY,,,,"OVER $1,500",9/12/2019 19:27,FAILING TO REDUCE SPEED TO AVOID CRASH,NOT APPLICABLE,4620,W,ADDISON ST,1731,,,,,,,2,NO INDICATION OF INJURY,0,0,0,0,0,2,0,18,5,9,41.94628365,-87.74330147,POINT (-87.743301472488 41.946283647751)
JC430751,,9/12/2019 18:43,30,TRAFFIC SIGNAL,FUNCTIONING PROPERLY,CLEAR,"DARKNESS, LIGHTED ROAD",TURNING,DIVIDED - W/MEDIAN (NOT RAISED),,STRAIGHT AND LEVEL,DRY,NO DEFECTS,NOT ON SCENE (DESK REPORT),NO INJURY / DRIVE AWAY,Y,,,"OVER $1,500",9/12/2019 19:00,FAILING TO YIELD RIGHT-OF-WAY,UNABLE TO DETERMINE,6700,S,STATE ST,322,,,,,,,2,NO INDICATION OF INJURY,0,0,0,0,0,2,0,18,5,9,41.77263463,-87.62527215,POINT (-87.62527215003 41.77263462564)
JC430762,,9/12/2019 18:40,30,NO CONTROLS,NO CONTROLS,CLEAR,DAYLIGHT,PEDALCYCLIST,ONE-WAY,,STRAIGHT AND LEVEL,DRY,NO DEFECTS,ON SCENE,INJURY AND / OR TOW DUE TO CRASH,Y,,,"OVER $1,500",9/12/2019 18:40,DRIVING ON WRONG SIDE/WRONG WAY,FAILING TO REDUCE SPEED TO AVOID CRASH,5300,W,ADDISON ST,1634,,,N,,,,2,NONINCAPACITATING INJURY,1,0,0,1,0,1,0,18,5,9,41.94607913,-87.75950096,POINT (-87.759500960817 41.946079131767)
JC430787,,9/12/2019 18:35,30,TRAFFIC SIGNAL,FUNCTIONING PROPERLY,CLOUDY/OVERCAST,DUSK,REAR END,DIVIDED - W/MEDIAN (NOT RAISED),,STRAIGHT AND LEVEL,DRY,NO DEFECTS,NOT ON SCENE (DESK REPORT),INJURY AND / OR TOW DUE TO CRASH,Y,,,"OVER $1,500",9/12/2019 19:20,EQUIPMENT - VEHICLE CONDITION,UNABLE TO DETERMINE,8700,S,LOWE AVE,2223,,,,,,,3,NO INDICATION OF INJURY,0,0,0,0,0,4,0,18,5,9,41.73580876,-87.6401092,POINT (-87.640109203572 41.735808758933)
JC432790,,9/12/2019 18:30,35,TRAFFIC SIGNAL,FUNCTIONING PROPERLY,CLEAR,DAYLIGHT,SIDESWIPE SAME DIRECTION,DIVIDED - W/MEDIAN (NOT RAISED),,STRAIGHT AND LEVEL,DRY,NO DEFECTS,NOT ON SCENE (DESK REPORT),NO INJURY / DRIVE AWAY,,,,"$501 - $1,500",9/14/2019 8:20,UNABLE TO DETERMINE,UNABLE TO DETERMINE,1400,E,83RD ST,411,,,,,,,2,NO INDICATION OF INJURY,0,0,0,0,0,2,0,18,5,9,41.74425201,-87.59039466,POINT (-87.590394657572 41.744252010392)
JC430758,,9/12/2019 18:30,30,NO CONTROLS,NO CONTROLS,CLEAR,DAYLIGHT,PARKED MOTOR VEHICLE,NOT DIVIDED,,STRAIGHT AND LEVEL,DRY,NO DEFECTS,NOT ON SCENE (DESK REPORT),NO INJURY / DRIVE AWAY,,,,$500 OR LESS,9/12/2019 19:00,FOLLOWING TOO CLOSELY,DRIVING SKILLS/KNOWLEDGE/EXPERIENCE,412,E,71ST ST,322,,,,,,,2,NO INDICATION OF INJURY,0,0,0,0,0,2,0,18,5,9,41.76583007,-87.61470465,POINT (-87.614704652272 41.765830073718)
JC430710,N,9/12/2019 18:30,30,NO CONTROLS,NO CONTROLS,CLEAR,DAYLIGHT,PARKED MOTOR VEHICLE,NOT DIVIDED,,STRAIGHT AND LEVEL,DRY,UNKNOWN,NOT ON SCENE (DESK REPORT),NO INJURY / DRIVE AWAY,,,Y,"$501 - $1,500",9/12/2019 18:43,FAILING TO REDUCE SPEED TO AVOID CRASH,NOT APPLICABLE,5902,W,ROOSEVELT RD,1513,,,,,,,2,NO INDICATION OF INJURY,0,0,0,0,0,2,0,18,5,9,41.8656023,-87.7718284,POINT (-87.771828398042 41.865602300169)
JC430732,,9/12/2019 18:25,30,UNKNOWN,UNKNOWN,CLEAR,DAYLIGHT,PARKED MOTOR VEHICLE,T-INTERSECTION,,STRAIGHT AND LEVEL,DRY,UNKNOWN,ON SCENE,INJURY AND / OR TOW DUE TO CRASH,,,,"OVER $1,500",9/12/2019 18:35,FAILING TO REDUCE SPEED TO AVOID CRASH,NOT APPLICABLE,344,N,HAMLIN AVE,1122,,,,,,,2,NO INDICATION OF INJURY,0,0,0,0,0,1,0,18,5,9,41.88661771,-87.72108866,POINT (-87.721088663857 41.886617711674)
JC430757,,9/12/2019 18:20,25,TRAFFIC SIGNAL,FUNCTIONING PROPERLY,CLEAR,DAYLIGHT,TURNING,ONE-WAY,,STRAIGHT AND LEVEL,DRY,NO DEFECTS,NOT ON SCENE (DESK REPORT),NO INJURY / DRIVE AWAY,Y,,Y,"OVER $1,500",9/12/2019 19:12,IMPROPER TURNING/NO SIGNAL,NOT APPLICABLE,200,N,FRANKLIN ST,122,,,,,,,2,NO INDICATION OF INJURY,0,0,0,0,0,3,0,18,5,9,41.88578467,-87.63555692,POINT (-87.635556924462 41.885784672133)
JC430743,,9/12/2019 18:20,30,NO CONTROLS,NO CONTROLS,CLEAR,DUSK,REAR END,DIVIDED - W/MEDIAN (NOT RAISED),,STRAIGHT AND LEVEL,DRY,NO DEFECTS,,NO INJURY / DRIVE AWAY,,,,"OVER $1,500",9/12/2019 19:00,DISTRACTION - FROM INSIDE VEHICLE,UNABLE TO DETERMINE,4102,S,ASHLAND AVE,924,,,,,,,2,NO INDICATION OF INJURY,0,0,0,0,0,2,0,18,5,9,41.81939524,-87.66537435,POINT (-87.665374350126 41.819395241903)