RD_NO,CRASH_DATE_EST_I,CRASH_DATE,POSTED_SPEED_LIMIT,TRAFFIC_CONTROL_DEVICE,DEVICE_CONDITION,WEATHER_CONDITION,LIGHTING_CONDITION,FIRST_CRASH_TYPE,TRAFFICWAY_TYPE,LANE_CNT,ALIGNMENT,ROADWAY_SURFACE_COND,ROAD_DEFECT,REPORT_TYPE,CRASH_TYPE,INTERSECTION_RELATED_I,NOT_RIGHT_OF_WAY_I,HIT_AND_RUN_I,DAMAGE,DATE_POLICE_NOTIFIED,PRIM_CONTRIBUTORY_CAUSE,SEC_CONTRIBUTORY_CAUSE,STREET_NO,STREET_DIRECTION,STREET_NAME,BEAT_OF_OCCURRENCE,PHOTOS_TAKEN_I,STATEMENTS_TAKEN_I,DOORING_I,WORK_ZONE_I,WORK_ZONE_TYPE,WORKERS_PRESENT_I,NUM_UNITS,MOST_SEVERE_INJURY,INJURIES_TOTAL,INJURIES_FATAL,INJURIES_INCAPACITATING,INJURIES_NON_INCAPACITATING,INJURIES_REPORTED_NOT_EVIDENT,INJURIES_NO_INDICATION,INJURIES_UNKNOWN,CRASH_HOUR,CRASH_DAY_OF_WEEK,CRASH_MONTH,LATITUDE,LONGITUDE,LOCATION
JC430725,,9/12/2019 18:15,30,TRAFFIC SIGNAL,FUNCTIONING PROPERLY,CLEAR,DAYLIGHT,REAR END,DIVIDED - W/MEDIAN (NOT RAISED),,STRAIGHT AND LEVEL,DRY,NO DEFECTS,NOT ON SCENE (DESK REPORT),NO INJURY / DRIVE AWAY,,,Y,$500 OR LESS,9/12/2019 18:45,FOLLOWING TOO CLOSELY,UNABLE TO DETERMINE,1440,W,99TH ST,2213,,,,,,,3,NO INDICATION OF INJURY,0,0,0,0,0,4,0,18,5,9,41.71412227,-87.65923245,POINT (-87.659232452214 41.714122273867)
JC430705,,9/12/2019 18:15,30,UNKNOWN,UNKNOWN,CLEAR,DAYLIGHT,PEDALCYCLIST,ALLEY,,STRAIGHT AND LEVEL,DRY,NO DEFECTS,ON SCENE,INJURY AND / OR TOW DUE TO CRASH,,,,"$501 - $1,500",9/12/2019 18:30,UNABLE TO DETERMINE,UNABLE TO DETERMINE,3462,N,ORIOLE AVE,1631,,,,,,,2,INCAPACITATING INJURY,1,0,1,0,0,1,0,18,5,9,41.94315467,-87.81685226,POINT (-87.816852261441 41.943154665372)
JC430709,,9/12/2019 18:14,30,NO CONTROLS,NO CONTROLS,CLEAR,DAYLIGHT,REAR END,NOT DIVIDED,,STRAIGHT AND LEVEL,DRY,NO DEFECTS,ON SCENE,NO INJURY / DRIVE AWAY,,,Y,"OVER $1,500",9/12/2019 18:37,NOT APPLICABLE,NOT APPLICABLE,4900,S,KOSTNER AVE,815,,,,,,,2,NO INDICATION OF INJURY,0,0,0,0,0,3,0,18,5,9,41.80400012,-87.73341549,POINT (-87.733415488543 41.804000122322)
JC430711,,9/12/2019 18:09,30,NO CONTROLS,NO CONTROLS,CLEAR,DAYLIGHT,REAR END,DIVIDED - W/MEDIAN (NOT RAISED),,STRAIGHT AND LEVEL,DRY,NO DEFECTS,ON SCENE,INJURY AND / OR TOW DUE TO CRASH,,,,"OVER $1,500",9/12/2019 18:11,DISREGARDING ROAD MARKINGS,NOT APPLICABLE,8421,W,BRYN MAWR AVE,1614,,,,,,,2,NO INDICATION OF INJURY,0,0,0,0,0,2,0,18,5,9,41.98099963,-87.83765708,POINT (-87.837657077242 41.98099962665)
JC430747,,9/12/2019 18:06,30,NO CONTROLS,NO CONTROLS,CLEAR,DAYLIGHT,SIDESWIPE SAME DIRECTION,NOT DIVIDED,,STRAIGHT AND LEVEL,DRY,NO DEFECTS,NOT ON SCENE (DESK REPORT),NO INJURY / DRIVE AWAY,,,,"$501 - $1,500",9/12/2019 19:05,IMPROPER LANE USAGE,NOT APPLICABLE,3150,W,31ST ST,1033,,,,,,,2,NO INDICATION OF INJURY,0,0,0,0,0,2,0,18,5,9,41.83735058,-87.70442544,POINT (-87.704425439822 41.837350582279)
JC430681,,9/12/2019 18:06,30,STOP SIGN/FLASHER,FUNCTIONING PROPERLY,CLEAR,DAYLIGHT,TURNING,UNKNOWN INTERSECTION TYPE,,STRAIGHT AND LEVEL,DRY,NO DEFECTS,,NO INJURY / DRIVE AWAY,Y,,,"OVER $1,500",9/12/2019 18:06,FAILING TO YIELD RIGHT-OF-WAY,UNABLE TO DETERMINE,759,N,PINE AVE,1524,N,N,,,,,,,,,,,,,,18,5,9,41.89471596,-87.76341542,POINT (-87.76341541823 41.894715957435)
JC430660,,9/12/2019 18:05,30,TRAFFIC SIGNAL,FUNCTIONING PROPERLY,CLEAR,DAYLIGHT,SIDESWIPE SAME DIRECTION,DIVIDED - W/MEDIAN BARRIER,,STRAIGHT AND LEVEL,DRY,NO DEFECTS,NOT ON SCENE (DESK REPORT),NO INJURY / DRIVE AWAY,,,,"$501 - $1,500",9/12/2019 18:15,IMPROPER LANE USAGE,IMPROPER LANE USAGE,370,E,24TH PL,132,,,,,,,2,NO INDICATION OF INJURY,0,0,0,0,0,2,0,18,5,9,41.84855798,-87.61775771,POINT (-87.617757705885 41.84855798102)
JC430765,,9/12/2019 18:02,30,STOP SIGN/FLASHER,FUNCTIONING PROPERLY,CLEAR,DAYLIGHT,TURNING,NOT DIVIDED,,STRAIGHT AND LEVEL,DRY,NO DEFECTS,NOT ON SCENE (DESK REPORT),NO INJURY / DRIVE AWAY,Y,,,"$501 - $1,500",9/12/2019 19:15,UNABLE TO DETERMINE,UNABLE TO DETERMINE,190,N,GREEN ST,1224,,,,,,,2,NO INDICATION OF INJURY,0,0,0,0,0,4,0,18,5,9,41.88558491,-87.64878578,POINT (-87.648785783647 41.885584908733)
JC430967,,9/12/2019 18:00,30,UNKNOWN,NO CONTROLS,CLEAR,DUSK,SIDESWIPE SAME DIRECTION,NOT DIVIDED,,STRAIGHT AND LEVEL,DRY,NO DEFECTS,NOT ON SCENE (DESK REPORT),NO INJURY / DRIVE AWAY,,,,"OVER $1,500",9/12/2019 22:16,UNABLE TO DETERMINE,NOT APPLICABLE,400,W,BELMONT AVE,1925,,,,,,,2,NO INDICATION OF INJURY,0,0,0,0,0,2,0,18,5,9,41.94024119,-87.63963911,POINT (-87.639639114276 41.940241193256)
JC430861,,9/12/2019 18:00,25,TRAFFIC SIGNAL,UNKNOWN,CLEAR,DAYLIGHT,REAR END,NOT DIVIDED,,STRAIGHT AND LEVEL,DRY,UNKNOWN,NOT ON SCENE (DESK REPORT),NO INJURY / DRIVE AWAY,Y,,Y,"OVER $1,500",9/12/2019 20:26,FOLLOWING TOO CLOSELY,NOT APPLICABLE,1457,N,HALSTED ST,1822,,,,,,,2,NO INDICATION OF INJURY,0,0,0,0,0,3,0,18,5,9,41.90800296,-87.64805062,POINT (-87.648050617433 41.908002954608)
JC430809,Y,9/12/2019 18:00,15,NO CONTROLS,NO CONTROLS,UNKNOWN,UNKNOWN,FIXED OBJECT,ALLEY,,STRAIGHT AND LEVEL,UNKNOWN,UNKNOWN,ON SCENE,NO INJURY / DRIVE AWAY,,,Y,"$501 - $1,500",9/12/2019 19:27,UNABLE TO DETERMINE,NOT APPLICABLE,6239,N,CALIFORNIA AVE,2413,,,,,,,1,NO INDICATION OF INJURY,0,0,0,0,0,1,0,18,5,9,41.9951642,-87.69940994,POINT (-87.699409937301 41.995164203973)
JC430760,,9/12/2019 18:00,30,NO CONTROLS,NO CONTROLS,CLEAR,DAYLIGHT,TURNING,NOT DIVIDED,,STRAIGHT AND LEVEL,DRY,NO DEFECTS,NOT ON SCENE (DESK REPORT),NO INJURY / DRIVE AWAY,,,,"$501 - $1,500",9/12/2019 19:10,NOT APPLICABLE,NOT APPLICABLE,2425,W,COLUMBUS AVE,835,,,,,,,2,NO INDICATION OF INJURY,0,0,0,0,0,2,0,18,5,9,41.75860684,-87.68389349,POINT (-87.683893491023 41.758606842624)
JC430658,,9/12/2019 18:00,10,NO CONTROLS,NO CONTROLS,CLEAR,DAYLIGHT,PARKED MOTOR VEHICLE,PARKING LOT,,STRAIGHT AND LEVEL,DRY,NO DEFECTS,ON SCENE,NO INJURY / DRIVE AWAY,,Y,,$500 OR LESS,9/12/2019 18:04,DRIVING SKILLS/KNOWLEDGE/EXPERIENCE,NOT APPLICABLE,1931,W,CERMAK RD,1034,,,,,,,2,NO INDICATION OF INJURY,0,0,0,0,0,1,0,18,5,9,41.8520837,-87.67465102,POINT (-87.674651015737 41.852083695533)
JC430804,,9/12/2019 17:58,25,NO CONTROLS,NO CONTROLS,CLEAR,DAYLIGHT,SIDESWIPE SAME DIRECTION,FOUR WAY,,STRAIGHT AND LEVEL,DRY,UNKNOWN,NOT ON SCENE (DESK REPORT),NO INJURY / DRIVE AWAY,,,Y,"$501 - $1,500",9/12/2019 19:48,IMPROPER LANE USAGE,NOT APPLICABLE,1000,N,LAKE SHORE DR,1824,,,,,,,2,NO INDICATION OF INJURY,0,0,0,0,0,3,0,17,5,9,41.90075297,-87.624235,POINT (-87.62423499978 41.900752974042)
JC430771,,9/12/2019 17:55,30,NO CONTROLS,NO CONTROLS,CLEAR,DAYLIGHT,REAR END,NOT DIVIDED,,STRAIGHT AND LEVEL,DRY,NO DEFECTS,NOT ON SCENE (DESK REPORT),NO INJURY / DRIVE AWAY,,,,"OVER $1,500",9/12/2019 19:30,FOLLOWING TOO CLOSELY,NOT APPLICABLE,179,E,LAKE SHORE DR,1833,,,,,,,2,NO INDICATION OF INJURY,0,0,0,0,0,2,0,17,5,9,41.90076113,-87.62261771,POINT (-87.622617710596 41.900761132456)
JC430686,,9/12/2019 17:55,30,STOP SIGN/FLASHER,FUNCTIONING PROPERLY,CLEAR,DAYLIGHT,REAR END,DIVIDED - W/MEDIAN BARRIER,,STRAIGHT AND LEVEL,DRY,NO DEFECTS,ON SCENE,NO INJURY / DRIVE AWAY,Y,,,"OVER $1,500",9/12/2019 17:56,FOLLOWING TOO CLOSELY,UNABLE TO DETERMINE,1500,S,INDIANA AVE,132,,,,,,,2,NO INDICATION OF INJURY,0,0,0,0,0,2,0,17,5,9,41.8619431,-87.62257044,POINT (-87.622570442358 41.86194309783)
JC430840,,9/12/2019 17:50,20,TRAFFIC SIGNAL,FUNCTIONING PROPERLY,CLEAR,DAYLIGHT,PEDALCYCLIST,NOT DIVIDED,,STRAIGHT AND LEVEL,DRY,NO DEFECTS,NOT ON SCENE (DESK REPORT),INJURY AND / OR TOW DUE TO CRASH,Y,,,$500 OR LESS,9/12/2019 20:00,UNABLE TO DETERMINE,UNABLE TO DETERMINE,950,W,DIVERSEY PKWY,1933,,,,,,,2,NONINCAPACITATING INJURY,1,0,0,1,0,1,0,17,5,9,41.93275508,-87.6534881,POINT (-87.653488100686 41.932755075402)
JC430832,,9/12/2019 17:50,30,NO CONTROLS,NO CONTROLS,CLEAR,DAYLIGHT,TURNING,NOT DIVIDED,,STRAIGHT AND LEVEL,DRY,NO DEFECTS,NOT ON SCENE (DESK REPORT),NO INJURY / DRIVE AWAY,Y,,,"OVER $1,500",9/12/2019 20:00,IMPROPER OVERTAKING/PASSING,NOT APPLICABLE,1100,W,CHICAGO AVE,1213,,,,,,,2,NO INDICATION OF INJURY,0,0,0,0,0,2,0,17,5,9,41.89637938,-87.65524982,POINT (-87.655249822862 41.896379380487)
JC430692,,9/12/2019 17:50,30,TRAFFIC SIGNAL,FUNCTIONING PROPERLY,CLEAR,DAYLIGHT,REAR END,ONE-WAY,,STRAIGHT AND LEVEL,DRY,NO DEFECTS,ON SCENE,INJURY AND / OR TOW DUE TO CRASH,,,,"OVER $1,500",9/12/2019 17:54,UNABLE TO DETERMINE,NOT APPLICABLE,3700,S,MICHIGAN AVE,213,,,,,,,3,NONINCAPACITATING INJURY,2,0,0,2,0,2,0,17,5,9,41.82737019,-87.62331266,POINT (-87.623312661896 41.827370190184)
JC430685,,9/12/2019 17:45,30,STOP SIGN/FLASHER,FUNCTIONING PROPERLY,CLEAR,DAYLIGHT,ANGLE,NOT DIVIDED,,STRAIGHT AND LEVEL,DRY,NO DEFECTS,NOT ON SCENE (DESK REPORT),NO INJURY / DRIVE AWAY,,,,"$501 - $1,500",9/12/2019 18:38,UNABLE TO DETERMINE,NOT APPLICABLE,4500,W,ARMITAGE AVE,2522,,,,,,,2,NO INDICATION OF INJURY,0,0,0,0,0,2,0,17,5,9,41.91712581,-87.73884528,POINT (-87.738845280947 41.91712581302)
JC430672,,9/12/2019 17:45,15,NO CONTROLS,NO CONTROLS,CLEAR,DAYLIGHT,PARKED MOTOR VEHICLE,ALLEY,,STRAIGHT AND LEVEL,DRY,NO DEFECTS,ON SCENE,NO INJURY / DRIVE AWAY,,Y,,"OVER $1,500",9/12/2019 18:16,EQUIPMENT - VEHICLE CONDITION,UNABLE TO DETERMINE,4736,S,LAVERGNE AVE,814,,,,,,,2,NO INDICATION OF INJURY,0,0,0,0,0,1,0,17,5,9,41.80644485,-87.74816392,POINT (-87.74816391635 41.806444852698)
JC430663,,9/12/2019 17:45,30,STOP SIGN/FLASHER,FUNCTIONING PROPERLY,CLEAR,DUSK,PEDALCYCLIST,NOT DIVIDED,,STRAIGHT AND LEVEL,DRY,NO DEFECTS,ON SCENE,INJURY AND / OR TOW DUE TO CRASH,,,,$500 OR LESS,9/12/2019 17:45,UNABLE TO DETERMINE,NOT APPLICABLE,3631,W,MADISON ST,1122,,,,,,,2,NONINCAPACITATING INJURY,1,0,0,1,0,1,0,17,5,9,41.88072714,-87.71721334,POINT (-87.717213340316 41.880727142987)
JC430651,,9/12/2019 17:42,30,NO CONTROLS,NO CONTROLS,CLEAR,DAYLIGHT,PARKED MOTOR VEHICLE,ONE-WAY,,STRAIGHT AND LEVEL,DRY,NO DEFECTS,ON SCENE,NO INJURY / DRIVE AWAY,,,,$500 OR LESS,9/12/2019 17:45,UNABLE TO DETERMINE,NOT APPLICABLE,1727,N,MERRIMAC AVE,2513,,,,,,,2,NO INDICATION OF INJURY,0,0,0,0,0,1,0,17,5,9,41.91175578,-87.7813779,POINT (-87.781377902088 41.91175578238)
JC431866,,9/12/2019 17:40,15,NO CONTROLS,NO CONTROLS,CLEAR,DAYLIGHT,PARKED MOTOR VEHICLE,PARKING LOT,,STRAIGHT AND LEVEL,DRY,NO DEFECTS,NOT ON SCENE (DESK REPORT),NO INJURY / DRIVE AWAY,,,Y,"$501 - $1,500",9/13/2019 15:20,UNABLE TO DETERMINE,UNABLE TO DETERMINE,3148,S,ASHLAND AVE,912,,,,,,,2,NO INDICATION OF INJURY,0,0,0,0,0,2,0,17,5,9,41.83634197,-87.66585721,POINT (-87.66585720684 41.8363419703)
JC430671,,9/12/2019 17:40,15,NO CONTROLS,NO CONTROLS,CLEAR,DAYLIGHT,PARKED MOTOR VEHICLE,PARKING LOT,,STRAIGHT AND LEVEL,DRY,NO DEFECTS,ON SCENE,NO INJURY / DRIVE AWAY,,,Y,$500 OR LESS,9/12/2019 17:41,UNABLE TO DETERMINE,UNABLE TO DETERMINE,4851,N,KEDZIE AVE,1713,,,,,,,2,NO INDICATION OF INJURY,0,0,0,0,0,1,0,17,5,9,41.96995754,-87.70837288,POINT (-87.708372878221 41.969957539645)
JC430662,,9/12/2019 17:40,15,NO CONTROLS,NO CONTROLS,CLEAR,DAYLIGHT,SIDESWIPE SAME DIRECTION,PARKING LOT,,STRAIGHT AND LEVEL,DRY,NO DEFECTS,NOT ON SCENE (DESK REPORT),NO INJURY / DRIVE AWAY,,,,"$501 - $1,500",9/12/2019 18:15,IMPROPER OVERTAKING/PASSING,UNABLE TO DETERMINE,5550,N,HARLEM AVE,1612,,,,,,,2,NO INDICATION OF INJURY,0,0,0,0,0,2,0,17,5,9,41.98221573,-87.80708847,POINT (-87.80708846766 41.982215732864)
JC430634,,9/12/2019 17:40,30,TRAFFIC SIGNAL,FUNCTIONING PROPERLY,CLEAR,DAYLIGHT,REAR END,FOUR WAY,,STRAIGHT AND LEVEL,DRY,NO DEFECTS,NOT ON SCENE (DESK REPORT),NO INJURY / DRIVE AWAY,,,,"$501 - $1,500",9/12/2019 17:50,FOLLOWING TOO CLOSELY,NOT APPLICABLE,800,W,87TH ST,613,,,,,,,2,NO INDICATION OF INJURY,0,0,0,0,0,2,0,17,5,9,41.73618257,-87.64365982,POINT (-87.643659815136 41.736182571052)
JC430625,,9/12/2019 17:32,30,NO CONTROLS,NO CONTROLS,CLEAR,DAYLIGHT,SIDESWIPE SAME DIRECTION,DIVIDED - W/MEDIAN BARRIER,,STRAIGHT AND LEVEL,DRY,NO DEFECTS,ON SCENE,INJURY AND / OR TOW DUE TO CRASH,,,,"OVER $1,500",9/12/2019 17:50,IMPROPER LANE USAGE,NOT APPLICABLE,9100,S,STONY ISLAND AVE,413,,,,,,,2,NO INDICATION OF INJURY,0,0,0,0,0,2,0,17,5,9,41.72951813,-87.58563641,POINT (-87.585636408538 41.729518128388)
JC433063,,9/12/2019 17:30,30,TRAFFIC SIGNAL,FUNCTIONING PROPERLY,CLEAR,DAYLIGHT,REAR END,ONE-WAY,,STRAIGHT AND LEVEL,DRY,NO DEFECTS,NOT ON SCENE (DESK REPORT),NO INJURY / DRIVE AWAY,,,,$500 OR LESS,9/14/2019 12:48,DRIVING SKILLS/KNOWLEDGE/EXPERIENCE,DRIVING SKILLS/KNOWLEDGE/EXPERIENCE,55,W,WASHINGTON ST,112,,,,,,,2,NO INDICATION OF INJURY,0,0,0,0,0,2,0,17,5,9,41.88310232,-87.62982731,POINT (-87.629827308297 41.883102314951)
JC430736,,9/12/2019 17:30,30,TRAFFIC SIGNAL,FUNCTIONING PROPERLY,CLEAR,DUSK,REAR END,ONE-WAY,,STRAIGHT AND LEVEL,UNKNOWN,NO DEFECTS,NOT ON SCENE (DESK REPORT),NO INJURY / DRIVE AWAY,Y,,,"OVER $1,500",9/12/2019 18:55,UNABLE TO DETERMINE,UNABLE TO DETERMINE,6000,N,RICHMOND ST,2413,,,,,,,2,NO INDICATION OF INJURY,0,0,0,0,0,2,0,17,5,9,41.99050722,-87.7031895,POINT (-87.703189499596 41.990507215207)
JC430766,,9/12/2019 17:15,35,TRAFFIC SIGNAL,FUNCTIONING PROPERLY,CLEAR,DAYLIGHT,SIDESWIPE SAME DIRECTION,NOT DIVIDED,,STRAIGHT AND LEVEL,DRY,NO DEFECTS,NOT ON SCENE (DESK REPORT),NO INJURY / DRIVE AWAY,,,,"OVER $1,500",9/12/2019 19:16,UNABLE TO DETERMINE,NOT APPLICABLE,4017,S,ARCHER AVE,921,,,,,,,2,NO INDICATION OF INJURY,0,0,0,0,0,2,0,17,5,9,41.82067578,-87.69327632,POINT (-87.693276321847 41.820675781551)
JC430641,,9/12/2019 17:14,30,UNKNOWN,UNKNOWN,UNKNOWN,UNKNOWN,PARKED MOTOR VEHICLE,UNKNOWN,,STRAIGHT AND LEVEL,UNKNOWN,UNKNOWN,NOT ON SCENE (DESK REPORT),NO INJURY / DRIVE AWAY,,,,"OVER $1,500",9/12/2019 17:55,UNABLE TO DETERMINE,NOT APPLICABLE,6001,W,IRVING PARK RD,1633,,,,,,,2,NO INDICATION OF INJURY,0,0,0,0,0,1,0,17,5,9,41.95294446,-87.77682954,POINT (-87.776829541827 41.9529444554)
JC438780,,9/12/2019 17:10,20,NO CONTROLS,NO CONTROLS,CLEAR,DAYLIGHT,PARKED MOTOR VEHICLE,NOT DIVIDED,,STRAIGHT AND LEVEL,DRY,NO DEFECTS,ON SCENE,INJURY AND / OR TOW DUE TO CRASH,,Y,,"OVER $1,500",9/18/2019 17:15,UNABLE TO DETERMINE,UNABLE TO DETERMINE,7530,S,STONY ISLAND AVE,411,,,,,,,2,NO INDICATION OF INJURY,0,0,0,0,0,1,0,17,5,9,41.75780566,-87.58626826,POINT (-87.586268258019 41.757805658543)
JC430691,,9/12/2019 17:10,30,TRAFFIC SIGNAL,FUNCTIONING PROPERLY,CLEAR,DAYLIGHT,TURNING,DIVIDED - W/MEDIAN (NOT RAISED),,STRAIGHT AND LEVEL,DRY,NO DEFECTS,NOT ON SCENE (DESK REPORT),NO INJURY / DRIVE AWAY,,,,"$501 - $1,500",9/12/2019 18:20,FAILING TO YIELD RIGHT-OF-WAY,UNABLE TO DETERMINE,5100,S,WESTERN AVE,923,,,,,,,2,NO INDICATION OF INJURY,0,0,0,0,0,2,0,17,5,9,41.80105284,-87.68436765,POINT (-87.684367648824 41.801052835623)
JC430609,Y,9/12/2019 17:10,25,NO CONTROLS,NO CONTROLS,CLEAR,DAYLIGHT,PARKED MOTOR VEHICLE,ONE-WAY,,STRAIGHT AND LEVEL,DRY,NO DEFECTS,ON SCENE,NO INJURY / DRIVE AWAY,,,Y,"$501 - $1,500",9/12/2019 17:15,UNABLE TO DETERMINE,UNABLE TO DETERMINE,2012,W,DICKENS AVE,1432,,,,,,,2,NO INDICATION OF INJURY,0,0,0,0,0,1,0,17,5,9,41.91937901,-87.67824652,POINT (-87.678246520132 41.919379009479)
JC430565,,9/12/2019 17:10,30,STOP SIGN/FLASHER,FUNCTIONING PROPERLY,CLEAR,DAYLIGHT,PEDALCYCLIST,FOUR WAY,,STRAIGHT AND LEVEL,DRY,NO DEFECTS,ON SCENE,INJURY AND / OR TOW DUE TO CRASH,,,,$500 OR LESS,9/12/2019 17:11,FAILING TO YIELD RIGHT-OF-WAY,DISREGARDING STOP SIGN,2501,S,TROY ST,1033,,,,,,,2,NONINCAPACITATING INJURY,1,0,0,1,0,1,0,17,5,9,41.84626117,-87.70371138,POINT (-87.703711380275 41.846261170681)
JC430819,,9/12/2019 17:05,30,TRAFFIC SIGNAL,FUNCTIONING PROPERLY,CLEAR,"DARKNESS, LIGHTED ROAD",TURNING,FOUR WAY,,STRAIGHT AND LEVEL,DRY,NO DEFECTS,ON SCENE,NO INJURY / DRIVE AWAY,Y,,,$500 OR LESS,9/12/2019 17:06,IMPROPER LANE USAGE,NOT APPLICABLE,1558,W,GARFIELD BLVD,934,,,,,,,2,NO INDICATION OF INJURY,0,0,0,0,0,3,0,17,5,9,41.794135,-87.66452411,POINT (-87.664524112706 41.794135001359)
JC430731,,9/12/2019 17:05,30,NO CONTROLS,NO CONTROLS,CLEAR,DAYLIGHT,SIDESWIPE SAME DIRECTION,NOT DIVIDED,,STRAIGHT AND LEVEL,DRY,NO DEFECTS,NOT ON SCENE (DESK REPORT),NO INJURY / DRIVE AWAY,,,Y,"$501 - $1,500",9/12/2019 18:51,NOT APPLICABLE,NOT APPLICABLE,1657,W,CORTLAND ST,1433,,,,,,,2,NO INDICATION OF INJURY,0,0,0,0,0,3,0,17,5,9,41.91596665,-87.67012762,POINT (-87.670127619573 41.915966651436)
JC445363,,9/12/2019 17:00,30,TRAFFIC SIGNAL,FUNCTIONING PROPERLY,CLEAR,DAYLIGHT,REAR END,NOT DIVIDED,,STRAIGHT AND LEVEL,DRY,UNKNOWN,NOT ON SCENE (DESK REPORT),NO INJURY / DRIVE AWAY,,,Y,"$501 - $1,500",9/23/2019 16:20,UNABLE TO DETERMINE,UNABLE TO DETERMINE,3300,S,EMERALD AVE,915,,,,,,,2,NO INDICATION OF INJURY,0,0,0,0,0,2,0,17,5,9,41.83432362,-87.64512184,POINT (-87.645121842884 41.834323618147)
JC430702,,9/12/2019 17:00,25,UNKNOWN,UNKNOWN,CLEAR,DAYLIGHT,SIDESWIPE SAME DIRECTION,NOT DIVIDED,,STRAIGHT AND LEVEL,DRY,UNKNOWN,NOT ON SCENE (DESK REPORT),NO INJURY / DRIVE AWAY,,,,"OVER $1,500",9/12/2019 18:36,IMPROPER LANE USAGE,NOT APPLICABLE,100,W,ONTARIO ST,1832,,,,,,,2,NO INDICATION OF INJURY,0,0,0,0,0,2,0,17,5,9,41.89333774,-87.6312445,POINT (-87.631244496213 41.893337737184)
JC430605,,9/12/2019 17:00,30,NO CONTROLS,NO CONTROLS,CLEAR,DAYLIGHT,SIDESWIPE SAME DIRECTION,DIVIDED - W/MEDIAN BARRIER,,STRAIGHT AND LEVEL,DRY,NO DEFECTS,ON SCENE,NO INJURY / DRIVE AWAY,,,Y,$500 OR LESS,9/12/2019 17:05,UNABLE TO DETERMINE,NOT APPLICABLE,3501,S,KEDZIE AVE,911,,,,,,,2,NO INDICATION OF INJURY,0,0,0,0,0,5,0,17,5,9,41.82978013,-87.70446007,POINT (-87.704460066637 41.829780127507)
JC430600,,9/12/2019 17:00,30,NO CONTROLS,NO CONTROLS,CLEAR,DAYLIGHT,PARKED MOTOR VEHICLE,NOT DIVIDED,,STRAIGHT AND LEVEL,DRY,NO DEFECTS,NOT ON SCENE (DESK REPORT),NO INJURY / DRIVE AWAY,,,,"$501 - $1,500",9/12/2019 17:35,NOT APPLICABLE,NOT APPLICABLE,3900,S,ARCHER AVE,921,,,,,,,2,NO INDICATION OF INJURY,0,0,0,0,0,1,0,17,5,9,41.82290968,-87.69009733,POINT (-87.690097334163 41.822909678928)
JC430540,,9/12/2019 16:53,30,NO CONTROLS,NO CONTROLS,CLEAR,DAYLIGHT,PARKED MOTOR VEHICLE,CENTER TURN LANE,,STRAIGHT AND LEVEL,DRY,NO DEFECTS,ON SCENE,NO INJURY / DRIVE AWAY,,,,"OVER $1,500",9/12/2019 16:53,RELATED TO BUS STOP,UNABLE TO DETERMINE,6666,N,WESTERN AVE,2412,,,,,,,2,NO INDICATION OF INJURY,0,0,0,0,0,3,0,16,5,9,42.00309552,-87.69016918,POINT (-87.690169176645 42.003095518163)
JC430617,,9/12/2019 16:47,30,NO CONTROLS,NO CONTROLS,CLEAR,DAYLIGHT,ANGLE,NOT DIVIDED,,STRAIGHT AND LEVEL,DRY,NO DEFECTS,NOT ON SCENE (DESK REPORT),NO INJURY / DRIVE AWAY,,,,"$501 - $1,500",9/12/2019 17:49,FAILING TO YIELD RIGHT-OF-WAY,NOT APPLICABLE,1398,N,ASHLAND AVE,1433,,,,,,,2,NO INDICATION OF INJURY,0,0,0,0,0,2,0,16,5,9,41.90690599,-87.66773456,POINT (-87.667734556832 41.906905991875)
JC430580,,9/12/2019 16:43,30,TRAFFIC SIGNAL,FUNCTIONING PROPERLY,CLEAR,DAYLIGHT,REAR END,NOT DIVIDED,,STRAIGHT AND LEVEL,DRY,NO DEFECTS,ON SCENE,INJURY AND / OR TOW DUE TO CRASH,,,,"OVER $1,500",9/12/2019 16:43,PHYSICAL CONDITION OF DRIVER,NOT APPLICABLE,5000,S,ARCHER AVE,815,,,,,,,4,"REPORTED, NOT EVIDENT",1,0,0,0,1,3,0,16,5,9,41.80236597,-87.72357677,POINT (-87.72357676611 41.802365973339)
JC430533,,9/12/2019 16:41,30,TRAFFIC SIGNAL,NO CONTROLS,CLEAR,DAYLIGHT,REAR END,FOUR WAY,,STRAIGHT AND LEVEL,DRY,NO DEFECTS,ON SCENE,NO INJURY / DRIVE AWAY,,,Y,$500 OR LESS,9/12/2019 16:48,UNABLE TO DETERMINE,NOT APPLICABLE,359,E,MARQUETTE RD,322,,,,,,,2,NO INDICATION OF INJURY,0,0,0,0,0,3,0,16,5,9,41.77284399,-87.61643038,POINT (-87.616430383274 41.772843991995)
JC430569,,9/12/2019 16:40,30,NO CONTROLS,NO CONTROLS,CLEAR,DAYLIGHT,REAR END,NOT DIVIDED,,STRAIGHT AND LEVEL,DRY,NO DEFECTS,ON SCENE,INJURY AND / OR TOW DUE TO CRASH,,,,"OVER $1,500",9/12/2019 16:41,UNABLE TO DETERMINE,UNABLE TO DETERMINE,8101,S,KEDZIE AVE,835,,,,,,,3,"REPORTED, NOT EVIDENT",1,0,0,0,1,2,0,16,5,9,41.74606264,-87.70214324,POINT (-87.702143235997 41.746062636044)