RD_NO,CRASH_DATE_EST_I,CRASH_DATE,POSTED_SPEED_LIMIT,TRAFFIC_CONTROL_DEVICE,DEVICE_CONDITION,WEATHER_CONDITION,LIGHTING_CONDITION,FIRST_CRASH_TYPE,TRAFFICWAY_TYPE,LANE_CNT,ALIGNMENT,ROADWAY_SURFACE_COND,ROAD_DEFECT,REPORT_TYPE,CRASH_TYPE,INTERSECTION_RELATED_I,NOT_RIGHT_OF_WAY_I,HIT_AND_RUN_I,DAMAGE,DATE_POLICE_NOTIFIED,PRIM_CONTRIBUTORY_CAUSE,SEC_CONTRIBUTORY_CAUSE,STREET_NO,STREET_DIRECTION,STREET_NAME,BEAT_OF_OCCURRENCE,PHOTOS_TAKEN_I,STATEMENTS_TAKEN_I,DOORING_I,WORK_ZONE_I,WORK_ZONE_TYPE,WORKERS_PRESENT_I,NUM_UNITS,MOST_SEVERE_INJURY,INJURIES_TOTAL,INJURIES_FATAL,INJURIES_INCAPACITATING,INJURIES_NON_INCAPACITATING,INJURIES_REPORTED_NOT_EVIDENT,INJURIES_NO_INDICATION,INJURIES_UNKNOWN,CRASH_HOUR,CRASH_DAY_OF_WEEK,CRASH_MONTH,LATITUDE,LONGITUDE,LOCATION
JC430521,,9/12/2019 16:39,30,NO CONTROLS,NO CONTROLS,CLEAR,DAYLIGHT,ANGLE,NOT DIVIDED,,STRAIGHT AND LEVEL,DRY,NO DEFECTS,ON SCENE,NO INJURY / DRIVE AWAY,Y,,,"OVER $1,500",9/12/2019 16:44,IMPROPER OVERTAKING/PASSING,NOT APPLICABLE,757,N,ORLEANS ST,1831,,,,,,,2,NO INDICATION OF INJURY,0,0,0,0,0,2,0,16,5,9,41.89650311,-87.63702357,POINT (-87.637023570947 41.896503110759)
JC430508,,9/12/2019 16:35,35,NO CONTROLS,NO CONTROLS,CLEAR,DAYLIGHT,REAR END,DIVIDED - W/MEDIAN (NOT RAISED),,STRAIGHT AND LEVEL,DRY,NO DEFECTS,ON SCENE,NO INJURY / DRIVE AWAY,,,,"OVER $1,500",9/12/2019 16:36,FAILING TO REDUCE SPEED TO AVOID CRASH,FOLLOWING TOO CLOSELY,5000,S,COTTAGE GROVE AVE,223,,Y,,,,,2,NO INDICATION OF INJURY,0,0,0,0,0,3,0,16,5,9,41.80403388,-87.60659435,POINT (-87.606594349248 41.804033874863)
JC430560,Y,9/12/2019 16:33,30,NO CONTROLS,NO CONTROLS,CLEAR,DAYLIGHT,FIXED OBJECT,NOT DIVIDED,,STRAIGHT AND LEVEL,DRY,NO DEFECTS,ON SCENE,INJURY AND / OR TOW DUE TO CRASH,,,Y,"OVER $1,500",9/12/2019 16:34,"OPERATING VEHICLE IN ERRATIC, RECKLESS, CARELESS, NEGLIGENT OR AGGRESSIVE MANNER",DISREGARDING ROAD MARKINGS,6456,S,WASHTENAW AVE,825,,,,,,,1,NO INDICATION OF INJURY,0,0,0,0,0,1,0,16,5,9,41.77554723,-87.69101228,POINT (-87.691012279183 41.77554723322)
JC431360,,9/12/2019 16:30,30,NO CONTROLS,NO CONTROLS,CLEAR,DAYLIGHT,ANGLE,T-INTERSECTION,,STRAIGHT AND LEVEL,DRY,NO DEFECTS,NOT ON SCENE (DESK REPORT),NO INJURY / DRIVE AWAY,,,Y,$500 OR LESS,9/13/2019 8:55,FAILING TO YIELD RIGHT-OF-WAY,FAILING TO YIELD RIGHT-OF-WAY,8658,S,LAFAYETTE AVE,622,,,,,,,2,NO INDICATION OF INJURY,0,0,0,0,0,2,0,16,5,9,41.73635995,-87.62559301,POINT (-87.625593005441 41.73635994631)
JC430837,,9/12/2019 16:30,30,NO CONTROLS,NO CONTROLS,CLEAR,DAYLIGHT,PARKED MOTOR VEHICLE,ONE-WAY,,STRAIGHT AND LEVEL,DRY,NO DEFECTS,NOT ON SCENE (DESK REPORT),NO INJURY / DRIVE AWAY,,,Y,"$501 - $1,500",9/12/2019 20:10,NOT APPLICABLE,NOT APPLICABLE,5650,S,ALBANY AVE,824,,,,,,,2,NO INDICATION OF INJURY,0,0,0,0,0,1,0,16,5,9,41.79023735,-87.70116883,POINT (-87.701168831008 41.790237353161)
JC430655,,9/12/2019 16:30,25,NO CONTROLS,NO CONTROLS,CLEAR,DAYLIGHT,PARKED MOTOR VEHICLE,NOT DIVIDED,,STRAIGHT AND LEVEL,DRY,NO DEFECTS,ON SCENE,NO INJURY / DRIVE AWAY,,,Y,"OVER $1,500",9/12/2019 16:56,IMPROPER BACKING,UNABLE TO DETERMINE,6319,S,ROCKWELL ST,825,,,,,,,2,NO INDICATION OF INJURY,0,0,0,0,0,1,0,16,5,9,41.77857916,-87.68836407,POINT (-87.688364064878 41.778579164121)
JC430606,,9/12/2019 16:30,30,NO CONTROLS,NO CONTROLS,CLEAR,DAYLIGHT,ANGLE,PARKING LOT,,STRAIGHT AND LEVEL,DRY,NO DEFECTS,NOT ON SCENE (DESK REPORT),NO INJURY / DRIVE AWAY,,Y,,"OVER $1,500",9/12/2019 17:36,UNABLE TO DETERMINE,NOT APPLICABLE,3320,W,FULLERTON AVE,1413,,,,,,,2,NO INDICATION OF INJURY,0,0,0,0,0,3,0,16,5,9,41.92477742,-87.71169354,POINT (-87.71169353548 41.924777419322)
JC431000,,9/12/2019 16:25,15,NO CONTROLS,NO CONTROLS,CLEAR,DUSK,PARKED MOTOR VEHICLE,PARKING LOT,,STRAIGHT AND LEVEL,DRY,NO DEFECTS,NOT ON SCENE (DESK REPORT),NO INJURY / DRIVE AWAY,,,,"OVER $1,500",9/12/2019 22:50,UNABLE TO DETERMINE,UNABLE TO DETERMINE,5015,S,BLACKSTONE AVE,222,,,,,,,2,NO INDICATION OF INJURY,0,0,0,0,0,1,0,16,5,9,41.80375479,-87.59038395,POINT (-87.590383945444 41.803754790702)
JC430501,Y,9/12/2019 16:25,15,NO CONTROLS,NO CONTROLS,CLEAR,DAYLIGHT,PARKED MOTOR VEHICLE,ONE-WAY,,STRAIGHT AND LEVEL,DRY,NO DEFECTS,NOT ON SCENE (DESK REPORT),NO INJURY / DRIVE AWAY,,,Y,"OVER $1,500",9/12/2019 16:30,UNABLE TO DETERMINE,UNABLE TO DETERMINE,6315,S,WENTWORTH AVE,312,,,,,,,2,NO INDICATION OF INJURY,0,0,0,0,0,1,0,16,5,9,41.77952566,-87.62998985,POINT (-87.629989853461 41.779525663302)
JC430453,,9/12/2019 16:21,30,NO CONTROLS,NO CONTROLS,CLEAR,DAYLIGHT,PARKED MOTOR VEHICLE,NOT DIVIDED,,STRAIGHT AND LEVEL,DRY,NO DEFECTS,NOT ON SCENE (DESK REPORT),NO INJURY / DRIVE AWAY,,,Y,"$501 - $1,500",9/12/2019 16:21,UNABLE TO DETERMINE,UNABLE TO DETERMINE,2802,S,POPLAR AVE,913,,,,,,,2,NO INDICATION OF INJURY,0,0,0,0,0,1,0,16,5,9,41.8431351,-87.65148917,POINT (-87.651489165229 41.843135099492)
JC430486,,9/12/2019 16:15,30,TRAFFIC SIGNAL,FUNCTIONING PROPERLY,CLEAR,DAYLIGHT,REAR TO FRONT,NOT DIVIDED,,STRAIGHT AND LEVEL,DRY,NO DEFECTS,ON SCENE,NO INJURY / DRIVE AWAY,N,,,"OVER $1,500",9/12/2019 16:35,IMPROPER BACKING,NOT APPLICABLE,3101,S,PULASKI RD,1031,,,,,,,2,NO INDICATION OF INJURY,0,0,0,0,0,3,0,16,5,9,41.836793,-87.72420194,POINT (-87.72420193741 41.836793001391)
JC430471,,9/12/2019 16:10,30,NO CONTROLS,NO CONTROLS,CLEAR,DAYLIGHT,SIDESWIPE SAME DIRECTION,NOT DIVIDED,,STRAIGHT AND LEVEL,DRY,NO DEFECTS,ON SCENE,INJURY AND / OR TOW DUE TO CRASH,,,,"OVER $1,500",9/12/2019 16:11,"OPERATING VEHICLE IN ERRATIC, RECKLESS, CARELESS, NEGLIGENT OR AGGRESSIVE MANNER",FOLLOWING TOO CLOSELY,8029,W,IRVING PARK RD,1631,,,,,,,2,NO INDICATION OF INJURY,0,0,0,0,0,2,0,16,5,9,41.95214842,-87.82805789,POINT (-87.82805788606 41.952148421249)
JC430717,,9/12/2019 16:00,20,NO CONTROLS,NO CONTROLS,CLEAR,DAYLIGHT,PARKED MOTOR VEHICLE,NOT DIVIDED,,STRAIGHT AND LEVEL,DRY,NO DEFECTS,NOT ON SCENE (DESK REPORT),NO INJURY / DRIVE AWAY,,,,$500 OR LESS,9/12/2019 18:30,UNABLE TO DETERMINE,UNABLE TO DETERMINE,911,W,GRACE ST,1923,,,,,,,2,NO INDICATION OF INJURY,0,0,0,0,0,1,0,16,5,9,41.95104602,-87.65249812,POINT (-87.652498115383 41.951046023685)
JC430543,,9/12/2019 16:00,20,TRAFFIC SIGNAL,FUNCTIONING PROPERLY,CLEAR,DAYLIGHT,SIDESWIPE SAME DIRECTION,NOT DIVIDED,,STRAIGHT AND LEVEL,DRY,NO DEFECTS,NOT ON SCENE (DESK REPORT),NO INJURY / DRIVE AWAY,,,,"OVER $1,500",9/12/2019 16:45,UNABLE TO DETERMINE,NOT APPLICABLE,90,E,WALTON ST,1833,,,,,,,2,NO INDICATION OF INJURY,0,0,0,0,0,2,0,16,5,9,41.90009501,-87.62546173,POINT (-87.625461733081 41.900095013234)
JC430505,,9/12/2019 16:00,30,NO CONTROLS,NO CONTROLS,CLEAR,DAYLIGHT,SIDESWIPE SAME DIRECTION,NOT DIVIDED,,STRAIGHT AND LEVEL,DRY,NO DEFECTS,NOT ON SCENE (DESK REPORT),NO INJURY / DRIVE AWAY,Y,,N,"OVER $1,500",9/12/2019 16:50,UNABLE TO DETERMINE,UNABLE TO DETERMINE,2348,W,PERSHING RD,911,,,,,,,2,NO INDICATION OF INJURY,0,0,0,0,0,2,0,16,5,9,41.82311538,-87.68471873,POINT (-87.684718730674 41.823115381875)
JC430477,,9/12/2019 16:00,30,NO CONTROLS,NO CONTROLS,CLEAR,DAYLIGHT,TURNING,NOT DIVIDED,,STRAIGHT AND LEVEL,UNKNOWN,UNKNOWN,NOT ON SCENE (DESK REPORT),NO INJURY / DRIVE AWAY,Y,,,"OVER $1,500",9/12/2019 16:30,UNABLE TO DETERMINE,NOT APPLICABLE,3400,S,ARCHER AVE,912,,,,,,,2,NO INDICATION OF INJURY,0,0,0,0,0,4,0,16,5,9,41.83223358,-87.67487117,POINT (-87.674871164632 41.832233575624)
JC430459,,9/12/2019 16:00,25,NO CONTROLS,NO CONTROLS,CLEAR,DAYLIGHT,SIDESWIPE SAME DIRECTION,NOT DIVIDED,,STRAIGHT AND LEVEL,DRY,WORN SURFACE,ON SCENE,NO INJURY / DRIVE AWAY,Y,,,$500 OR LESS,9/12/2019 16:06,IMPROPER LANE USAGE,FAILING TO YIELD RIGHT-OF-WAY,4128,N,DAMEN AVE,1911,,,,,,,2,NO INDICATION OF INJURY,0,0,0,0,0,3,0,16,5,9,41.95684454,-87.6789831,POINT (-87.678983101122 41.956844539742)
JC431506,,9/12/2019 15:55,30,NO CONTROLS,NO CONTROLS,CLEAR,DAYLIGHT,SIDESWIPE SAME DIRECTION,NOT DIVIDED,,STRAIGHT AND LEVEL,DRY,NO DEFECTS,NOT ON SCENE (DESK REPORT),NO INJURY / DRIVE AWAY,,,,"OVER $1,500",9/13/2019 10:50,UNABLE TO DETERMINE,NOT APPLICABLE,1340,W,TAYLOR ST,1231,,,,,,,2,NO INDICATION OF INJURY,0,0,0,0,0,2,0,15,5,9,41.86946104,-87.66087917,POINT (-87.660879168039 41.869461044428)
JC430429,,9/12/2019 15:51,30,STOP SIGN/FLASHER,FUNCTIONING PROPERLY,CLEAR,DAYLIGHT,ANGLE,NOT REPORTED,,STRAIGHT AND LEVEL,DRY,NO DEFECTS,,NO INJURY / DRIVE AWAY,Y,,,"OVER $1,500",9/12/2019 15:53,FAILING TO YIELD RIGHT-OF-WAY,NOT APPLICABLE,100,E,109TH ST,513,,,,,,,2,NO INDICATION OF INJURY,0,0,0,0,0,2,0,15,5,9,41.6963689,-87.62074597,POINT (-87.62074597188 41.696368895169)
JC430558,,9/12/2019 15:50,30,NO CONTROLS,NO CONTROLS,CLEAR,DAYLIGHT,TURNING,NOT DIVIDED,,STRAIGHT AND LEVEL,DRY,NO DEFECTS,NOT ON SCENE (DESK REPORT),NO INJURY / DRIVE AWAY,,,,"OVER $1,500",9/12/2019 17:30,UNABLE TO DETERMINE,NOT APPLICABLE,5447,S,DR MARTIN LUTHER KING JR DR,233,,,,,,,2,NO INDICATION OF INJURY,0,0,0,0,0,2,0,15,5,9,41.795197,-87.61584315,POINT (-87.615843149331 41.795196998039)
JC430513,,9/12/2019 15:47,30,TRAFFIC SIGNAL,FUNCTIONING PROPERLY,CLEAR,DAYLIGHT,SIDESWIPE SAME DIRECTION,FOUR WAY,,STRAIGHT AND LEVEL,DRY,NO DEFECTS,ON SCENE,NO INJURY / DRIVE AWAY,Y,,,$500 OR LESS,9/12/2019 15:49,EQUIPMENT - VEHICLE CONDITION,NOT APPLICABLE,701,W,GARFIELD BLVD,711,,,,,,,3,NO INDICATION OF INJURY,0,0,0,0,0,6,0,15,5,9,41.79387744,-87.64277582,POINT (-87.642775820956 41.793877439674)
JC430472,,9/12/2019 15:45,35,NO CONTROLS,NO CONTROLS,CLEAR,DAYLIGHT,PARKED MOTOR VEHICLE,NOT DIVIDED,,STRAIGHT AND LEVEL,DRY,NO DEFECTS,NOT ON SCENE (DESK REPORT),NO INJURY / DRIVE AWAY,,,Y,"$501 - $1,500",9/12/2019 16:26,UNABLE TO DETERMINE,NOT APPLICABLE,6322,S,ASHLAND AVE,725,,,,,,,2,NO INDICATION OF INJURY,0,0,0,0,0,1,0,15,5,9,41.77875392,-87.66434784,POINT (-87.664347836585 41.778753915576)
JC435558,,9/12/2019 15:30,30,NO CONTROLS,NO CONTROLS,UNKNOWN,UNKNOWN,PARKED MOTOR VEHICLE,DIVIDED - W/MEDIAN (NOT RAISED),,STRAIGHT AND LEVEL,UNKNOWN,UNKNOWN,NOT ON SCENE (DESK REPORT),NO INJURY / DRIVE AWAY,,,Y,"OVER $1,500",9/16/2019 12:30,UNABLE TO DETERMINE,NOT APPLICABLE,3001,S,INDIANA AVE,133,,,,,,,2,NO INDICATION OF INJURY,0,0,0,0,0,1,0,15,5,9,41.83962979,-87.62177822,POINT (-87.62177822284 41.839629793671)
JC430532,,9/12/2019 15:30,35,NO CONTROLS,NO CONTROLS,CLEAR,DAYLIGHT,PARKED MOTOR VEHICLE,NOT DIVIDED,,STRAIGHT AND LEVEL,DRY,NO DEFECTS,NOT ON SCENE (DESK REPORT),NO INJURY / DRIVE AWAY,,,,"$501 - $1,500",9/12/2019 16:59,UNABLE TO DETERMINE,NOT APPLICABLE,6300,S,TROY ST,823,,,,,,,2,NO INDICATION OF INJURY,0,0,0,0,0,1,0,15,5,9,41.77889657,-87.70206217,POINT (-87.702062172825 41.778896566147)
JC430447,,9/12/2019 15:29,30,TRAFFIC SIGNAL,FUNCTIONING PROPERLY,CLEAR,DAYLIGHT,REAR END,NOT DIVIDED,,STRAIGHT AND LEVEL,DRY,NO DEFECTS,ON SCENE,INJURY AND / OR TOW DUE TO CRASH,Y,,,"OVER $1,500",9/12/2019 15:30,FAILING TO REDUCE SPEED TO AVOID CRASH,UNABLE TO DETERMINE,6300,N,BROADWAY,2433,,,,,,,2,NO INDICATION OF INJURY,0,0,0,0,0,2,0,15,5,9,41.996462,-87.66060967,POINT (-87.660609665094 41.996462001969)
JC439965,,9/12/2019 15:25,30,UNKNOWN,UNKNOWN,UNKNOWN,DAYLIGHT,REAR END,NOT DIVIDED,,STRAIGHT AND LEVEL,UNKNOWN,UNKNOWN,NOT ON SCENE (DESK REPORT),NO INJURY / DRIVE AWAY,,,,"$501 - $1,500",9/19/2019 15:20,UNABLE TO DETERMINE,UNABLE TO DETERMINE,7432,W,BELMONT AVE,1631,,,,,,,2,NO INDICATION OF INJURY,0,0,0,0,0,2,0,15,5,9,41.93808469,-87.81271475,POINT (-87.812714748619 41.938084686172)
JC430446,,9/12/2019 15:23,30,STOP SIGN/FLASHER,FUNCTIONING PROPERLY,CLEAR,DAYLIGHT,SIDESWIPE SAME DIRECTION,NOT DIVIDED,,STRAIGHT AND LEVEL,DRY,NO DEFECTS,NOT ON SCENE (DESK REPORT),INJURY AND / OR TOW DUE TO CRASH,Y,,,"OVER $1,500",9/12/2019 16:10,FAILING TO YIELD RIGHT-OF-WAY,NOT APPLICABLE,3355,N,SHEFFIELD AVE,1924,,,,,,,2,NO INDICATION OF INJURY,0,0,0,0,0,2,0,15,5,9,41.94336801,-87.65406443,POINT (-87.654064428731 41.943368010334)
JC430392,,9/12/2019 15:21,30,TRAFFIC SIGNAL,FUNCTIONING PROPERLY,CLEAR,DAYLIGHT,SIDESWIPE SAME DIRECTION,NOT DIVIDED,,STRAIGHT AND LEVEL,DRY,NO DEFECTS,ON SCENE,NO INJURY / DRIVE AWAY,Y,,,"OVER $1,500",9/12/2019 15:21,UNABLE TO DETERMINE,NOT APPLICABLE,3900,S,WESTERN AVE,921,,,,,,,2,NO INDICATION OF INJURY,0,0,0,0,0,2,0,15,5,9,41.82295429,-87.68501299,POINT (-87.685012986006 41.822954294114)
JC430437,,9/12/2019 15:20,30,TRAFFIC SIGNAL,FUNCTIONING PROPERLY,CLEAR,DAYLIGHT,SIDESWIPE SAME DIRECTION,NOT DIVIDED,,STRAIGHT AND LEVEL,DRY,NO DEFECTS,NOT ON SCENE (DESK REPORT),NO INJURY / DRIVE AWAY,Y,,Y,"$501 - $1,500",9/12/2019 16:00,IMPROPER TURNING/NO SIGNAL,NOT APPLICABLE,4500,W,DIVERSEY AVE,2521,,,,,,,2,NO INDICATION OF INJURY,0,0,0,0,0,3,0,15,5,9,41.93173872,-87.73931233,POINT (-87.739312334189 41.931738718818)
JC430454,,9/12/2019 15:15,30,NO CONTROLS,NO CONTROLS,CLEAR,DAYLIGHT,PARKED MOTOR VEHICLE,DIVIDED - W/MEDIAN (NOT RAISED),,STRAIGHT AND LEVEL,DRY,NO DEFECTS,NOT ON SCENE (DESK REPORT),NO INJURY / DRIVE AWAY,,,,"$501 - $1,500",9/12/2019 16:20,UNABLE TO DETERMINE,UNABLE TO DETERMINE,6040,N,PULASKI RD,1711,,,,,,,2,NO INDICATION OF INJURY,0,0,0,0,0,2,0,15,5,9,41.99131034,-87.72901192,POINT (-87.729011924062 41.991310340253)
JC430417,,9/12/2019 15:15,15,NO CONTROLS,NO CONTROLS,CLEAR,DAYLIGHT,REAR END,PARKING LOT,,STRAIGHT AND LEVEL,DRY,NO DEFECTS,NOT ON SCENE (DESK REPORT),NO INJURY / DRIVE AWAY,,,,"$501 - $1,500",9/12/2019 15:45,DRIVING ON WRONG SIDE/WRONG WAY,UNABLE TO DETERMINE,9400,S,ASHLAND AVE,2221,,,,,,,2,NO INDICATION OF INJURY,0,0,0,0,0,2,0,15,5,9,41.72294122,-87.66286287,POINT (-87.662862871273 41.72294121821)
JC430396,,9/12/2019 15:15,25,STOP SIGN/FLASHER,NO CONTROLS,CLEAR,DAYLIGHT,PARKED MOTOR VEHICLE,T-INTERSECTION,,STRAIGHT AND LEVEL,DRY,NO DEFECTS,NOT ON SCENE (DESK REPORT),NO INJURY / DRIVE AWAY,Y,,,"$501 - $1,500",9/12/2019 15:50,UNABLE TO DETERMINE,UNABLE TO DETERMINE,1738,W,COLUMBIA AVE,2432,,,,,,,2,NO INDICATION OF INJURY,0,0,0,0,0,1,0,15,5,9,42.00449409,-87.67422692,POINT (-87.674226920022 42.00449409437)
JC430504,,9/12/2019 15:14,25,NO CONTROLS,NO CONTROLS,CLEAR,DAYLIGHT,SIDESWIPE SAME DIRECTION,NOT DIVIDED,,STRAIGHT AND LEVEL,DRY,NO DEFECTS,ON SCENE,NO INJURY / DRIVE AWAY,,,,"$501 - $1,500",9/12/2019 16:05,UNABLE TO DETERMINE,UNABLE TO DETERMINE,4016,W,LAKE ST,1114,,,,,,,2,NO INDICATION OF INJURY,0,0,0,0,0,3,0,15,5,9,41.88560513,-87.7265274,POINT (-87.726527395275 41.885605134358)
JC438038,,9/12/2019 15:10,15,NO CONTROLS,NO CONTROLS,CLEAR,DAYLIGHT,FIXED OBJECT,ALLEY,,STRAIGHT AND LEVEL,DRY,NO DEFECTS,NOT ON SCENE (DESK REPORT),NO INJURY / DRIVE AWAY,,,,"OVER $1,500",9/18/2019 6:15,IMPROPER TURNING/NO SIGNAL,NOT APPLICABLE,4233,N,KILDARE AVE,1722,,,,,,,1,NO INDICATION OF INJURY,0,0,0,0,0,1,0,15,5,9,41.95821028,-87.73543434,POINT (-87.735434338323 41.958210284322)
JC431728,,9/12/2019 15:10,30,TRAFFIC SIGNAL,FUNCTIONING PROPERLY,CLEAR,DAYLIGHT,REAR TO FRONT,DIVIDED - W/MEDIAN (NOT RAISED),,STRAIGHT AND LEVEL,DRY,NO DEFECTS,NOT ON SCENE (DESK REPORT),NO INJURY / DRIVE AWAY,Y,,Y,"$501 - $1,500",9/13/2019 13:52,IMPROPER BACKING,IMPROPER BACKING,3199,N,KEDZIE AVE,1411,,,,,,,2,NO INDICATION OF INJURY,0,0,0,0,0,2,0,15,5,9,41.93932587,-87.7075501,POINT (-87.707550095897 41.939325872548)
JC430632,,9/12/2019 15:06,5,NO CONTROLS,NO CONTROLS,CLEAR,DAYLIGHT,PARKED MOTOR VEHICLE,PARKING LOT,,STRAIGHT AND LEVEL,DRY,NO DEFECTS,ON SCENE,NO INJURY / DRIVE AWAY,,Y,,"$501 - $1,500",9/12/2019 17:23,UNABLE TO DETERMINE,UNABLE TO DETERMINE,3501,W,63RD ST,823,,,,,,,2,NO INDICATION OF INJURY,0,0,0,0,0,1,0,15,5,9,41.77874211,-87.71052301,POINT (-87.710523012264 41.778742106034)
JC430421,,9/12/2019 15:00,30,TRAFFIC SIGNAL,FUNCTIONING PROPERLY,CLEAR,DAYLIGHT,SIDESWIPE SAME DIRECTION,NOT DIVIDED,,STRAIGHT AND LEVEL,DRY,NO DEFECTS,NOT ON SCENE (DESK REPORT),NO INJURY / DRIVE AWAY,,,,"OVER $1,500",9/12/2019 16:00,FAILING TO YIELD RIGHT-OF-WAY,UNABLE TO DETERMINE,6701,S,STONY ISLAND AVE,332,,,,,,,2,NO INDICATION OF INJURY,0,0,0,0,0,2,0,15,5,9,41.77325491,-87.5859503,POINT (-87.585950296714 41.773254913419)
JC430384,,9/12/2019 15:00,25,STOP SIGN/FLASHER,FUNCTIONING PROPERLY,CLEAR,DAYLIGHT,PARKED MOTOR VEHICLE,T-INTERSECTION,,STRAIGHT AND LEVEL,DRY,NO DEFECTS,ON SCENE,NO INJURY / DRIVE AWAY,Y,,,"OVER $1,500",9/12/2019 15:20,IMPROPER TURNING/NO SIGNAL,NOT APPLICABLE,4945,N,TALMAN AVE,2031,,,,,,,2,NO INDICATION OF INJURY,0,0,0,0,0,1,0,15,5,9,41.97207743,-87.69499366,POINT (-87.694993658155 41.972077429871)
JC430460,,9/12/2019 14:56,30,OTHER,FUNCTIONING PROPERLY,CLEAR,DAYLIGHT,REAR END,NOT DIVIDED,,STRAIGHT AND LEVEL,DRY,NO DEFECTS,NOT ON SCENE (DESK REPORT),NO INJURY / DRIVE AWAY,,,,"$501 - $1,500",9/12/2019 16:20,NOT APPLICABLE,NOT APPLICABLE,7900,S,HOMAN AVE,834,,,,,,,2,NO INDICATION OF INJURY,0,0,0,0,0,2,0,14,5,9,41.74957377,-87.7074173,POINT (-87.707417296555 41.749573772135)
JC430458,,9/12/2019 14:56,35,STOP SIGN/FLASHER,FUNCTIONING PROPERLY,CLEAR,DAYLIGHT,REAR END,DIVIDED - W/MEDIAN (NOT RAISED),,STRAIGHT AND LEVEL,DRY,NO DEFECTS,NOT ON SCENE (DESK REPORT),NO INJURY / DRIVE AWAY,Y,,Y,"OVER $1,500",9/12/2019 16:00,FOLLOWING TOO CLOSELY,UNABLE TO DETERMINE,6700,S,STONY ISLAND AVE,332,,,,,,,2,NO INDICATION OF INJURY,0,0,0,0,0,2,0,14,5,9,41.7732929,-87.58644237,POINT (-87.586442368314 41.773292895851)
JC430369,,9/12/2019 14:55,25,TRAFFIC SIGNAL,FUNCTIONING PROPERLY,CLEAR,DAYLIGHT,TURNING,NOT DIVIDED,,STRAIGHT AND LEVEL,DRY,NO DEFECTS,ON SCENE,INJURY AND / OR TOW DUE TO CRASH,,,N,"OVER $1,500",9/12/2019 14:57,IMPROPER OVERTAKING/PASSING,UNABLE TO DETERMINE,7555,N,CALIFORNIA AVE,2411,,,,,,,2,NO INDICATION OF INJURY,0,0,0,0,0,4,0,14,5,9,42.01915488,-87.69944547,POINT (-87.699445469183 42.019154881717)
JC430359,,9/12/2019 14:40,30,UNKNOWN,UNKNOWN,UNKNOWN,UNKNOWN,REAR TO FRONT,PARKING LOT,,STRAIGHT AND LEVEL,UNKNOWN,UNKNOWN,NOT ON SCENE (DESK REPORT),NO INJURY / DRIVE AWAY,,Y,,"OVER $1,500",9/12/2019 15:15,UNABLE TO DETERMINE,NOT APPLICABLE,5313,N,DELPHIA AVE,1614,,,,,,,2,NO INDICATION OF INJURY,0,0,0,0,0,2,0,14,5,9,41.97602504,-87.84139735,POINT (-87.841397354077 41.976025038739)
JC430340,,9/12/2019 14:40,30,STOP SIGN/FLASHER,FUNCTIONING PROPERLY,CLEAR,DAYLIGHT,ANGLE,NOT DIVIDED,,STRAIGHT AND LEVEL,DRY,NO DEFECTS,ON SCENE,INJURY AND / OR TOW DUE TO CRASH,Y,,,"OVER $1,500",9/12/2019 14:46,UNABLE TO DETERMINE,NOT APPLICABLE,1712,W,107TH ST,2212,,,,,,,2,NONINCAPACITATING INJURY,1,0,0,1,0,1,0,14,5,9,41.69944968,-87.66505247,POINT (-87.665052474415 41.699449683697)
JC430333,,9/12/2019 14:40,25,TRAFFIC SIGNAL,FUNCTIONING PROPERLY,CLEAR,DAYLIGHT,SIDESWIPE SAME DIRECTION,ONE-WAY,,STRAIGHT AND LEVEL,DRY,NO DEFECTS,,NO INJURY / DRIVE AWAY,Y,,,"OVER $1,500",9/12/2019 15:01,IMPROPER LANE USAGE,NOT APPLICABLE,1000,S,CLINTON ST,124,,,,,,,,,,,,,,,,14,5,9,41.86969939,-87.64094652,POINT (-87.640946516796 41.869699394445)
JC430344,,9/12/2019 14:32,30,UNKNOWN,NO CONTROLS,CLEAR,DAYLIGHT,SIDESWIPE SAME DIRECTION,NOT DIVIDED,,STRAIGHT AND LEVEL,DRY,NO DEFECTS,ON SCENE,INJURY AND / OR TOW DUE TO CRASH,,,,"OVER $1,500",9/12/2019 14:52,UNABLE TO DETERMINE,NOT APPLICABLE,5400,W,NORTH AVE,2532,,,,,,,2,NONINCAPACITATING INJURY,2,0,0,2,0,2,0,14,5,9,41.90954836,-87.76056814,POINT (-87.760568140621 41.909548356014)
JC431914,,9/12/2019 14:30,30,NO CONTROLS,NO CONTROLS,CLEAR,DAYLIGHT,PARKED MOTOR VEHICLE,DIVIDED - W/MEDIAN BARRIER,,STRAIGHT AND LEVEL,DRY,NO DEFECTS,NOT ON SCENE (DESK REPORT),NO INJURY / DRIVE AWAY,,,Y,"OVER $1,500",9/13/2019 16:00,UNABLE TO DETERMINE,UNABLE TO DETERMINE,2850,S,MICHIGAN AVE,133,,,,,,,2,NO INDICATION OF INJURY,0,0,0,0,0,1,0,14,5,9,41.84202906,-87.62369327,POINT (-87.623693267204 41.842029054673)