RD_NO,CRASH_DATE_EST_I,CRASH_DATE,POSTED_SPEED_LIMIT,TRAFFIC_CONTROL_DEVICE,DEVICE_CONDITION,WEATHER_CONDITION,LIGHTING_CONDITION,FIRST_CRASH_TYPE,TRAFFICWAY_TYPE,LANE_CNT,ALIGNMENT,ROADWAY_SURFACE_COND,ROAD_DEFECT,REPORT_TYPE,CRASH_TYPE,INTERSECTION_RELATED_I,NOT_RIGHT_OF_WAY_I,HIT_AND_RUN_I,DAMAGE,DATE_POLICE_NOTIFIED,PRIM_CONTRIBUTORY_CAUSE,SEC_CONTRIBUTORY_CAUSE,STREET_NO,STREET_DIRECTION,STREET_NAME,BEAT_OF_OCCURRENCE,PHOTOS_TAKEN_I,STATEMENTS_TAKEN_I,DOORING_I,WORK_ZONE_I,WORK_ZONE_TYPE,WORKERS_PRESENT_I,NUM_UNITS,MOST_SEVERE_INJURY,INJURIES_TOTAL,INJURIES_FATAL,INJURIES_INCAPACITATING,INJURIES_NON_INCAPACITATING,INJURIES_REPORTED_NOT_EVIDENT,INJURIES_NO_INDICATION,INJURIES_UNKNOWN,CRASH_HOUR,CRASH_DAY_OF_WEEK,CRASH_MONTH,LATITUDE,LONGITUDE,LOCATION
JC430635,,9/12/2019 14:30,30,NO CONTROLS,NO CONTROLS,CLEAR,DAYLIGHT,PARKED MOTOR VEHICLE,ONE-WAY,,STRAIGHT AND LEVEL,DRY,UNKNOWN,NOT ON SCENE (DESK REPORT),NO INJURY / DRIVE AWAY,,,,"OVER $1,500",9/12/2019 17:45,DRIVING SKILLS/KNOWLEDGE/EXPERIENCE,UNABLE TO DETERMINE,5833,N,MAPLEWOOD AVE,2011,,,,,,,2,NO INDICATION OF INJURY,0,0,0,0,0,1,0,14,5,9,41.98778807,-87.69308423,POINT (-87.693084228559 41.987788074257)
JC430379,,9/12/2019 14:30,10,NO CONTROLS,NO CONTROLS,CLEAR,DAYLIGHT,REAR TO FRONT,PARKING LOT,,STRAIGHT AND LEVEL,UNKNOWN,UNKNOWN,NOT ON SCENE (DESK REPORT),NO INJURY / DRIVE AWAY,,Y,,"OVER $1,500",9/12/2019 15:30,IMPROPER BACKING,NOT APPLICABLE,2150,S,CANALPORT AVE,1235,,,,,,,2,NO INDICATION OF INJURY,0,0,0,0,0,2,0,14,5,9,41.85330146,-87.6499297,POINT (-87.649929695282 41.853301464075)
JC430364,,9/12/2019 14:30,30,STOP SIGN/FLASHER,UNKNOWN,CLEAR,DAYLIGHT,ANGLE,NOT DIVIDED,,STRAIGHT AND LEVEL,DRY,NO DEFECTS,ON SCENE,INJURY AND / OR TOW DUE TO CRASH,,,,"$501 - $1,500",9/12/2019 14:36,UNABLE TO DETERMINE,UNABLE TO DETERMINE,5611,N,HARLEM AVE,1612,,,,,,,2,INCAPACITATING INJURY,3,0,3,0,0,1,0,14,5,9,41.98309816,-87.80679206,POINT (-87.806792059894 41.98309816146)
JC430338,,9/12/2019 14:30,30,STOP SIGN/FLASHER,FUNCTIONING PROPERLY,CLEAR,DAYLIGHT,REAR END,DIVIDED - W/MEDIAN (NOT RAISED),,STRAIGHT AND LEVEL,DRY,NO DEFECTS,ON SCENE,NO INJURY / DRIVE AWAY,,,Y,$500 OR LESS,9/12/2019 14:39,UNABLE TO DETERMINE,NOT APPLICABLE,4900,S,LAKE PARK AVE,222,,,,,,,2,NO INDICATION OF INJURY,0,0,0,0,0,3,0,14,5,9,41.80557147,-87.58927403,POINT (-87.589274026081 41.805571466308)
JC430393,,9/12/2019 14:20,30,NO CONTROLS,NO CONTROLS,CLEAR,DAYLIGHT,ANGLE,NOT DIVIDED,,STRAIGHT AND LEVEL,DRY,NO DEFECTS,NOT ON SCENE (DESK REPORT),NO INJURY / DRIVE AWAY,,,,"$501 - $1,500",9/12/2019 15:40,IMPROPER BACKING,NOT APPLICABLE,125,N,SANGAMON ST,1224,,,,,,,2,NO INDICATION OF INJURY,0,0,0,0,0,3,0,14,5,9,41.88383526,-87.65077646,POINT (-87.650776461729 41.883835259259)
JC430385,,9/12/2019 14:20,30,TRAFFIC SIGNAL,FUNCTIONING PROPERLY,CLEAR,DAYLIGHT,ANGLE,ONE-WAY,,STRAIGHT AND LEVEL,DRY,NO DEFECTS,ON SCENE,NO INJURY / DRIVE AWAY,,,,"$501 - $1,500",9/12/2019 15:25,IMPROPER LANE USAGE,IMPROPER LANE USAGE,3001,S,INDIANA AVE,133,,,,,,,2,NO INDICATION OF INJURY,0,0,0,0,0,2,0,14,5,9,41.83962979,-87.62177822,POINT (-87.62177822284 41.839629793671)
JC430314,,9/12/2019 14:20,30,SCHOOL ZONE,UNKNOWN,CLEAR,DAYLIGHT,TURNING,NOT DIVIDED,,STRAIGHT AND LEVEL,DRY,UNKNOWN,ON SCENE,INJURY AND / OR TOW DUE TO CRASH,,,,"OVER $1,500",9/12/2019 15:16,IMPROPER TURNING/NO SIGNAL,NOT APPLICABLE,799,E,103RD ST,512,,,,,,,2,NONINCAPACITATING INJURY,2,0,0,2,0,3,0,14,5,9,41.70737397,-87.60413696,POINT (-87.604136960254 41.707373972304)
JC430386,,9/12/2019 14:18,35,NO CONTROLS,NO CONTROLS,CLEAR,DAYLIGHT,REAR TO FRONT,OTHER,,STRAIGHT AND LEVEL,DRY,NO DEFECTS,NOT ON SCENE (DESK REPORT),NO INJURY / DRIVE AWAY,,,Y,"$501 - $1,500",9/12/2019 15:25,IMPROPER BACKING,NOT APPLICABLE,11449,S,HALSTED ST,2233,,,,,,,2,NO INDICATION OF INJURY,0,0,0,0,0,2,0,14,5,9,41.68545881,-87.64201677,POINT (-87.642016773758 41.685458811029)
JC430327,,9/12/2019 14:18,30,STOP SIGN/FLASHER,NO CONTROLS,CLEAR,DAYLIGHT,ANGLE,FOUR WAY,,STRAIGHT AND LEVEL,DRY,UNKNOWN,ON SCENE,INJURY AND / OR TOW DUE TO CRASH,Y,,Y,"OVER $1,500",9/12/2019 14:20,FAILING TO YIELD RIGHT-OF-WAY,DISREGARDING STOP SIGN,600,S,KEELER AVE,1132,,,,,,,2,"REPORTED, NOT EVIDENT",1,0,0,0,1,1,0,14,5,9,41.87333354,-87.73045757,POINT (-87.730457569527 41.873333541554)
JC430337,,9/12/2019 14:16,25,NO CONTROLS,NO CONTROLS,CLEAR,DAYLIGHT,ANGLE,FOUR WAY,,STRAIGHT AND LEVEL,DRY,NO DEFECTS,NOT ON SCENE (DESK REPORT),NO INJURY / DRIVE AWAY,Y,,,"$501 - $1,500",9/12/2019 15:01,FAILING TO YIELD RIGHT-OF-WAY,UNABLE TO DETERMINE,1133,W,COLUMBIA AVE,2432,,,,,,,2,NO INDICATION OF INJURY,0,0,0,0,0,2,0,14,5,9,42.00452136,-87.65992361,POINT (-87.65992360932 42.004521361313)
JC430348,,9/12/2019 14:15,15,NO CONTROLS,FUNCTIONING PROPERLY,CLEAR,DAYLIGHT,SIDESWIPE SAME DIRECTION,NOT DIVIDED,,STRAIGHT AND LEVEL,DRY,NO DEFECTS,NOT ON SCENE (DESK REPORT),NO INJURY / DRIVE AWAY,,,,"$501 - $1,500",9/12/2019 15:16,UNABLE TO DETERMINE,NOT APPLICABLE,2612,N,NORMANDY AVE,2512,,,,,,,2,NO INDICATION OF INJURY,0,0,0,0,0,2,0,14,5,9,41.92768128,-87.79306843,POINT (-87.793068426157 41.927681275651)
JC430298,,9/12/2019 14:15,30,NO CONTROLS,NO CONTROLS,CLEAR,DAYLIGHT,REAR END,ONE-WAY,,STRAIGHT AND LEVEL,DRY,NO DEFECTS,ON SCENE,INJURY AND / OR TOW DUE TO CRASH,,,,"OVER $1,500",9/12/2019 14:25,UNABLE TO DETERMINE,UNABLE TO DETERMINE,832,W,99TH ST,2232,,,,,,,3,NO INDICATION OF INJURY,0,0,0,0,0,7,0,14,5,9,41.7143127,-87.64430359,POINT (-87.644303587101 41.714312694705)
JC430296,,9/12/2019 14:15,35,UNKNOWN,UNKNOWN,CLEAR,DAYLIGHT,PARKED MOTOR VEHICLE,DIVIDED - W/MEDIAN (NOT RAISED),,STRAIGHT AND LEVEL,DRY,NO DEFECTS,NOT ON SCENE (DESK REPORT),NO INJURY / DRIVE AWAY,,,Y,"$501 - $1,500",9/12/2019 14:30,UNABLE TO DETERMINE,UNABLE TO DETERMINE,3159,W,CERMAK RD,1033,,,,,,,2,NO INDICATION OF INJURY,0,0,0,0,0,1,0,14,5,9,41.85165629,-87.70519089,POINT (-87.705190885558 41.85165629222)
JC430291,,9/12/2019 14:15,30,TRAFFIC SIGNAL,FUNCTIONING PROPERLY,CLEAR,DAYLIGHT,REAR END,NOT DIVIDED,,STRAIGHT AND LEVEL,DRY,NO DEFECTS,NOT ON SCENE (DESK REPORT),NO INJURY / DRIVE AWAY,,,,"$501 - $1,500",9/12/2019 14:57,FOLLOWING TOO CLOSELY,FAILING TO REDUCE SPEED TO AVOID CRASH,159,N,LARAMIE AVE,1532,,,,,,,2,NO INDICATION OF INJURY,0,0,0,0,0,2,0,14,5,9,41.88420079,-87.75505855,POINT (-87.755058544886 41.884200793004)
JC431048,,9/12/2019 14:03,35,NO CONTROLS,NO CONTROLS,CLEAR,DAYLIGHT,PEDESTRIAN,NOT DIVIDED,,STRAIGHT AND LEVEL,DRY,NO DEFECTS,ON SCENE,INJURY AND / OR TOW DUE TO CRASH,Y,,Y,$500 OR LESS,9/12/2019 14:10,UNABLE TO DETERMINE,UNABLE TO DETERMINE,9500,S,PRINCETON AVE,511,,,N,,,,2,NONINCAPACITATING INJURY,1,0,0,1,0,1,0,14,5,9,41.72153212,-87.63125601,POINT (-87.631256013344 41.721532124073)
JC430719,Y,9/12/2019 14:00,30,NO CONTROLS,NO CONTROLS,UNKNOWN,UNKNOWN,PARKED MOTOR VEHICLE,NOT DIVIDED,,STRAIGHT ON GRADE,UNKNOWN,NO DEFECTS,ON SCENE,NO INJURY / DRIVE AWAY,,,Y,"OVER $1,500",9/12/2019 18:28,UNABLE TO DETERMINE,UNABLE TO DETERMINE,2427,S,STEWART AVE,914,,,,,,,2,NO INDICATION OF INJURY,0,0,0,0,0,1,0,14,5,9,41.84829401,-87.6364778,POINT (-87.636477799734 41.848294006522)
JC430881,,9/12/2019 13:51,30,TRAFFIC SIGNAL,FUNCTIONING PROPERLY,CLEAR,DAYLIGHT,REAR END,NOT DIVIDED,,STRAIGHT AND LEVEL,DRY,NO DEFECTS,NOT ON SCENE (DESK REPORT),NO INJURY / DRIVE AWAY,,,Y,"$501 - $1,500",9/12/2019 20:23,FOLLOWING TOO CLOSELY,FOLLOWING TOO CLOSELY,7900,S,STONY ISLAND AVE,411,,,,,,,2,NO INDICATION OF INJURY,0,0,0,0,0,4,0,13,5,9,41.7514606,-87.58597199,POINT (-87.585971992965 41.751460603167)
JC430363,,9/12/2019 13:50,30,NO CONTROLS,NO CONTROLS,CLEAR,DAYLIGHT,REAR END,NOT DIVIDED,,STRAIGHT AND LEVEL,DRY,NO DEFECTS,NOT ON SCENE (DESK REPORT),NO INJURY / DRIVE AWAY,,,,"$501 - $1,500",9/12/2019 14:52,UNABLE TO DETERMINE,UNABLE TO DETERMINE,1825,E,130TH ST,434,,,,,,,2,NO INDICATION OF INJURY,0,0,0,0,0,2,0,13,5,9,41.65915746,-87.58213405,POINT (-87.58213404622 41.659157460117)
JC431303,,9/12/2019 13:49,0,NO CONTROLS,NO CONTROLS,CLEAR,DAYLIGHT,PARKED MOTOR VEHICLE,PARKING LOT,,STRAIGHT AND LEVEL,DRY,NO DEFECTS,NOT ON SCENE (DESK REPORT),NO INJURY / DRIVE AWAY,,,Y,"OVER $1,500",9/13/2019 8:15,UNABLE TO DETERMINE,UNABLE TO DETERMINE,4027,W,DIVERSEY AVE,2524,,,,,,,2,NO INDICATION OF INJURY,0,0,0,0,0,1,0,13,5,9,41.93166402,-87.72808651,POINT (-87.728086510723 41.931664017314)
JC430341,,9/12/2019 13:45,25,TRAFFIC SIGNAL,UNKNOWN,CLEAR,DAYLIGHT,TURNING,NOT DIVIDED,,STRAIGHT AND LEVEL,DRY,UNKNOWN,NOT ON SCENE (DESK REPORT),NO INJURY / DRIVE AWAY,Y,,,"OVER $1,500",9/12/2019 15:17,UNABLE TO DETERMINE,NOT APPLICABLE,121,W,WACKER DR,122,,,,,,,2,NO INDICATION OF INJURY,0,0,0,0,0,2,0,13,5,9,41.88670659,-87.63162997,POINT (-87.631629969981 41.886706592651)
JC430307,,9/12/2019 13:45,30,NO CONTROLS,NO CONTROLS,CLEAR,DAYLIGHT,REAR END,NOT DIVIDED,,STRAIGHT AND LEVEL,DRY,NO DEFECTS,ON SCENE,INJURY AND / OR TOW DUE TO CRASH,,,,"OVER $1,500",9/12/2019 14:17,FOLLOWING TOO CLOSELY,FAILING TO REDUCE SPEED TO AVOID CRASH,1720,W,119TH ST,2234,,,,,,,2,"REPORTED, NOT EVIDENT",1,0,0,0,1,1,0,13,5,9,41.67758779,-87.66466705,POINT (-87.664667051188 41.677587793071)
JC430258,,9/12/2019 13:45,30,NO CONTROLS,NO CONTROLS,CLEAR,DAYLIGHT,REAR END,NOT DIVIDED,,STRAIGHT AND LEVEL,DRY,NO DEFECTS,NOT ON SCENE (DESK REPORT),NO INJURY / DRIVE AWAY,,,,"$501 - $1,500",9/12/2019 14:00,UNABLE TO DETERMINE,NOT APPLICABLE,4730,W,IRVING PARK RD,1722,,,,,,,2,NO INDICATION OF INJURY,0,0,0,0,0,2,0,13,5,9,41.95354256,-87.74668107,POINT (-87.74668107016 41.953542557568)
JC433046,,9/12/2019 13:30,15,NO CONTROLS,NO CONTROLS,CLEAR,DAYLIGHT,FIXED OBJECT,RAMP,,CURVE ON GRADE,DRY,NO DEFECTS,NOT ON SCENE (DESK REPORT),NO INJURY / DRIVE AWAY,,Y,,"$501 - $1,500",9/14/2019 12:25,IMPROPER LANE USAGE,NOT APPLICABLE,259,E,ERIE ST,1834,,,,,,,1,NO INDICATION OF INJURY,0,0,0,0,0,1,0,13,5,9,41.89408538,-87.62040431,POINT (-87.620404310022 41.894085380663)
JC430332,,9/12/2019 13:20,30,TRAFFIC SIGNAL,FUNCTIONING PROPERLY,CLEAR,DAYLIGHT,REAR END,DIVIDED - W/MEDIAN (NOT RAISED),,STRAIGHT AND LEVEL,DRY,NO DEFECTS,NOT ON SCENE (DESK REPORT),NO INJURY / DRIVE AWAY,Y,,,"OVER $1,500",9/12/2019 15:00,FOLLOWING TOO CLOSELY,FOLLOWING TOO CLOSELY,2699,W,TOUHY AVE,2411,,,,,,,2,NO INDICATION OF INJURY,0,0,0,0,0,4,0,13,5,9,42.01201689,-87.6972272,POINT (-87.697227201181 42.012016885183)
JC430256,,9/12/2019 13:20,30,NO CONTROLS,NO CONTROLS,CLEAR,DAYLIGHT,ANGLE,NOT DIVIDED,,STRAIGHT AND LEVEL,DRY,NO DEFECTS,NOT ON SCENE (DESK REPORT),NO INJURY / DRIVE AWAY,,,,$500 OR LESS,9/12/2019 14:10,IMPROPER BACKING,NOT APPLICABLE,1816,N,WELLS ST,1814,,,,,,,2,NO INDICATION OF INJURY,0,0,0,0,0,2,0,13,5,9,41.91529365,-87.63498409,POINT (-87.634984086851 41.91529364638)
JC430240,,9/12/2019 13:10,30,TRAFFIC SIGNAL,FUNCTIONING PROPERLY,CLEAR,DAYLIGHT,SIDESWIPE SAME DIRECTION,NOT DIVIDED,,STRAIGHT AND LEVEL,DRY,NO DEFECTS,ON SCENE,NO INJURY / DRIVE AWAY,,,,"OVER $1,500",9/12/2019 13:15,IMPROPER OVERTAKING/PASSING,NOT APPLICABLE,527,N,FRANKLIN ST,1831,,,,,,,2,NO INDICATION OF INJURY,0,0,0,0,0,2,0,13,5,9,41.89153093,-87.63542681,POINT (-87.635426807479 41.891530933363)
JC430237,,9/12/2019 13:10,30,NO CONTROLS,NO CONTROLS,CLEAR,DAYLIGHT,PARKED MOTOR VEHICLE,PARKING LOT,,STRAIGHT AND LEVEL,DRY,NO DEFECTS,ON SCENE,NO INJURY / DRIVE AWAY,,,,$500 OR LESS,9/12/2019 13:15,IMPROPER BACKING,UNABLE TO DETERMINE,1932,E,95TH ST,413,,,,,,,2,NO INDICATION OF INJURY,0,0,0,0,0,3,0,13,5,9,41.7225639,-87.576513,POINT (-87.57651299532 41.722563903078)
JC430326,,9/12/2019 13:04,30,NO CONTROLS,NO CONTROLS,CLEAR,DAYLIGHT,SIDESWIPE SAME DIRECTION,NOT DIVIDED,,STRAIGHT AND LEVEL,DRY,NO DEFECTS,ON SCENE,INJURY AND / OR TOW DUE TO CRASH,,,,"OVER $1,500",9/12/2019 13:04,IMPROPER OVERTAKING/PASSING,IMPROPER LANE USAGE,1150,S,CALIFORNIA AVE,1135,,,,,,,2,NO INDICATION OF INJURY,0,0,0,0,0,3,0,13,5,9,41.86677706,-87.69605934,POINT (-87.696059340993 41.866777061004)
JC430358,,9/12/2019 12:55,30,NO CONTROLS,NO CONTROLS,CLEAR,DAYLIGHT,FIXED OBJECT,PARKING LOT,,STRAIGHT AND LEVEL,DRY,UNKNOWN,NOT ON SCENE (DESK REPORT),NO INJURY / DRIVE AWAY,,Y,,"OVER $1,500",9/12/2019 15:00,UNABLE TO DETERMINE,UNABLE TO DETERMINE,600,E,115TH ST,531,,N,,,,,1,NO INDICATION OF INJURY,0,0,0,0,0,1,0,12,5,9,41.68558118,-87.60820712,POINT (-87.608207115299 41.685581178306)
JC430200,,9/12/2019 12:55,30,TRAFFIC SIGNAL,FUNCTIONING PROPERLY,CLEAR,DAYLIGHT,SIDESWIPE SAME DIRECTION,ONE-WAY,,STRAIGHT AND LEVEL,DRY,NO DEFECTS,,NO INJURY / DRIVE AWAY,,,,"$501 - $1,500",9/12/2019 13:15,IMPROPER LANE USAGE,IMPROPER LANE USAGE,1,W,OHIO ST,1831,,,,,,,,,,,,,,,,12,5,9,41.89235808,-87.62816807,POINT (-87.62816806925 41.892358081866)
JC437073,,9/12/2019 12:52,20,NO CONTROLS,NO CONTROLS,CLEAR,"DARKNESS, LIGHTED ROAD",PARKED MOTOR VEHICLE,UNKNOWN,,STRAIGHT AND LEVEL,DRY,NO DEFECTS,NOT ON SCENE (DESK REPORT),NO INJURY / DRIVE AWAY,,,Y,"$501 - $1,500",9/17/2019 13:05,UNABLE TO DETERMINE,UNABLE TO DETERMINE,3615,N,PANAMA AVE,1631,,,,,,,2,NO INDICATION OF INJURY,0,0,0,0,0,1,0,12,5,9,41.94545068,-87.82893865,POINT (-87.828938645398 41.945450683207)
JC430545,,9/12/2019 12:50,30,NO CONTROLS,NO CONTROLS,CLEAR,DAYLIGHT,PEDALCYCLIST,NOT DIVIDED,,STRAIGHT AND LEVEL,DRY,NO DEFECTS,ON SCENE,INJURY AND / OR TOW DUE TO CRASH,,,,"OVER $1,500",9/12/2019 16:44,UNABLE TO DETERMINE,UNABLE TO DETERMINE,832,W,JACKSON BLVD,1232,,,,,,,2,INCAPACITATING INJURY,1,0,1,0,0,2,0,12,5,9,41.87803852,-87.64851896,POINT (-87.648518958316 41.878038516522)
JC430181,,9/12/2019 12:50,30,NO CONTROLS,NO CONTROLS,CLEAR,DAYLIGHT,PARKED MOTOR VEHICLE,NOT DIVIDED,,STRAIGHT AND LEVEL,DRY,NO DEFECTS,ON SCENE,INJURY AND / OR TOW DUE TO CRASH,,,,"OVER $1,500",9/12/2019 12:50,UNABLE TO DETERMINE,UNABLE TO DETERMINE,310,E,47TH ST,215,,,,,,,2,"REPORTED, NOT EVIDENT",1,0,0,0,1,1,0,12,5,9,41.80945387,-87.61909197,POINT (-87.619091965315 41.809453866958)
JC430198,,9/12/2019 12:47,15,NO CONTROLS,NO CONTROLS,CLEAR,DAYLIGHT,ANGLE,ALLEY,,STRAIGHT AND LEVEL,DRY,NO DEFECTS,ON SCENE,NO INJURY / DRIVE AWAY,,,,"OVER $1,500",9/12/2019 12:50,FAILING TO REDUCE SPEED TO AVOID CRASH,FAILING TO YIELD RIGHT-OF-WAY,2743,S,HAMLIN AVE,1031,,,,,,,2,NO INDICATION OF INJURY,0,0,0,0,0,3,0,12,5,9,41.841193,-87.7194427,POINT (-87.71944270258 41.841192996206)
JC430217,,9/12/2019 12:45,25,NO CONTROLS,NO CONTROLS,CLEAR,DAYLIGHT,REAR END,ONE-WAY,,STRAIGHT AND LEVEL,DRY,UNKNOWN,NOT ON SCENE (DESK REPORT),INJURY AND / OR TOW DUE TO CRASH,,,,$500 OR LESS,9/12/2019 13:33,UNABLE TO DETERMINE,NOT APPLICABLE,50,N,CLINTON ST,121,,,,,,,2,NONINCAPACITATING INJURY,1,0,0,1,0,1,0,12,5,9,41.88310807,-87.64137748,POINT (-87.641377478105 41.883108072005)
JC430168,,9/12/2019 12:45,35,NO CONTROLS,NO CONTROLS,CLEAR,DAYLIGHT,REAR TO SIDE,PARKING LOT,,STRAIGHT AND LEVEL,DRY,UNKNOWN,ON SCENE,NO INJURY / DRIVE AWAY,,Y,,"OVER $1,500",9/12/2019 12:50,IMPROPER BACKING,FAILING TO YIELD RIGHT-OF-WAY,4440,W,NORTH AVE,2533,,,,,,,2,NO INDICATION OF INJURY,0,0,0,0,0,2,0,12,5,9,41.90984206,-87.73779797,POINT (-87.737797969282 41.909842057966)
JC430206,,9/12/2019 12:40,30,NO CONTROLS,NO CONTROLS,CLEAR,DAYLIGHT,REAR END,DIVIDED - W/MEDIAN (NOT RAISED),,STRAIGHT AND LEVEL,DRY,NO DEFECTS,ON SCENE,INJURY AND / OR TOW DUE TO CRASH,,,,"OVER $1,500",9/12/2019 13:00,FOLLOWING TOO CLOSELY,FOLLOWING TOO CLOSELY,9299,S,COTTAGE GROVE AVE,633,,,,,,,2,"REPORTED, NOT EVIDENT",1,0,0,0,1,2,0,12,5,9,41.72575134,-87.60442033,POINT (-87.604420326936 41.72575134209)
JC430166,,9/12/2019 12:40,30,TRAFFIC SIGNAL,FUNCTIONING PROPERLY,CLEAR,DAYLIGHT,SIDESWIPE SAME DIRECTION,DIVIDED - W/MEDIAN BARRIER,,STRAIGHT AND LEVEL,DRY,NO DEFECTS,ON SCENE,NO INJURY / DRIVE AWAY,N,,Y,"OVER $1,500",9/12/2019 12:45,FAILING TO REDUCE SPEED TO AVOID CRASH,UNABLE TO DETERMINE,11054,S,HALSTED ST,2233,,,,,,,2,NO INDICATION OF INJURY,0,0,0,0,0,4,0,12,5,9,41.69255826,-87.6425298,POINT (-87.642529801756 41.692558254862)
JC430294,,9/12/2019 12:30,30,TRAFFIC SIGNAL,FUNCTIONING PROPERLY,CLEAR,DAYLIGHT,TURNING,FOUR WAY,,STRAIGHT AND LEVEL,DRY,NO DEFECTS,NOT ON SCENE (DESK REPORT),NO INJURY / DRIVE AWAY,Y,,,"OVER $1,500",9/12/2019 14:30,FOLLOWING TOO CLOSELY,NOT APPLICABLE,300,W,WASHINGTON ST,122,Y,N,,,,,2,NO INDICATION OF INJURY,0,0,0,0,0,2,0,12,5,9,41.88331491,-87.63541604,POINT (-87.635416036381 41.883314912259)
JC430155,,9/12/2019 12:24,30,TRAFFIC SIGNAL,FUNCTIONING PROPERLY,CLOUDY/OVERCAST,DAYLIGHT,REAR END,FOUR WAY,,STRAIGHT AND LEVEL,DRY,NO DEFECTS,ON SCENE,NO INJURY / DRIVE AWAY,Y,,,$500 OR LESS,9/12/2019 12:24,DRIVING SKILLS/KNOWLEDGE/EXPERIENCE,NOT APPLICABLE,2199,S,INDIANA AVE,132,,,,,,,2,NO INDICATION OF INJURY,0,0,0,0,0,2,0,12,5,9,41.85293447,-87.62211065,POINT (-87.62211065151 41.852934472803)
JC431466,,9/12/2019 12:15,30,NO CONTROLS,NO CONTROLS,UNKNOWN,DAYLIGHT,SIDESWIPE SAME DIRECTION,NOT DIVIDED,,STRAIGHT AND LEVEL,UNKNOWN,UNKNOWN,NOT ON SCENE (DESK REPORT),NO INJURY / DRIVE AWAY,,,Y,"OVER $1,500",9/13/2019 10:26,IMPROPER LANE USAGE,IMPROPER LANE USAGE,4000,W,87TH ST,834,,,,,,,2,NO INDICATION OF INJURY,0,0,0,0,0,2,0,12,5,9,41.73496838,-87.7215025,POINT (-87.721502496527 41.73496837587)
JC430242,,9/12/2019 12:15,30,TRAFFIC SIGNAL,UNKNOWN,CLEAR,DAYLIGHT,TURNING,FOUR WAY,,STRAIGHT AND LEVEL,UNKNOWN,UNKNOWN,NOT ON SCENE (DESK REPORT),INJURY AND / OR TOW DUE TO CRASH,,,Y,"$501 - $1,500",9/12/2019 13:26,UNABLE TO DETERMINE,NOT APPLICABLE,3151,W,MADISON ST,1124,,,,,,,2,"REPORTED, NOT EVIDENT",1,0,0,0,1,1,0,12,5,9,41.88087664,-87.70499657,POINT (-87.704996565167 41.880876641818)
JC430388,,9/12/2019 12:00,35,NO CONTROLS,NO CONTROLS,CLEAR,DAYLIGHT,PARKED MOTOR VEHICLE,NOT DIVIDED,,STRAIGHT AND LEVEL,DRY,NO DEFECTS,NOT ON SCENE (DESK REPORT),NO INJURY / DRIVE AWAY,,,Y,"$501 - $1,500",9/12/2019 15:35,UNABLE TO DETERMINE,UNABLE TO DETERMINE,2543,S,ST LOUIS AVE,1024,,,,,,,2,NO INDICATION OF INJURY,0,0,0,0,0,1,0,12,5,9,41.84496058,-87.71221868,POINT (-87.712218682733 41.844960582749)
JC430126,,9/12/2019 12:00,5,NO CONTROLS,NO CONTROLS,CLEAR,DAYLIGHT,REAR TO FRONT,PARKING LOT,,STRAIGHT AND LEVEL,DRY,UNKNOWN,ON SCENE,NO INJURY / DRIVE AWAY,,Y,,"OVER $1,500",9/12/2019 12:00,IMPROPER BACKING,UNABLE TO DETERMINE,1642,W,59TH ST,715,,Y,,,,,2,NO INDICATION OF INJURY,0,0,0,0,0,5,0,12,5,9,41.78683683,-87.66613811,POINT (-87.666138106515 41.786836832914)
JC430150,,9/12/2019 11:52,30,NO CONTROLS,NO CONTROLS,CLEAR,DAYLIGHT,FIXED OBJECT,DIVIDED - W/MEDIAN BARRIER,,STRAIGHT AND LEVEL,DRY,NO DEFECTS,ON SCENE,NO INJURY / DRIVE AWAY,,,,"OVER $1,500",9/12/2019 12:29,ROAD ENGINEERING/SURFACE/MARKING DEFECTS,NOT APPLICABLE,361,W,47TH ST,935,,,,,,,1,NO INDICATION OF INJURY,0,0,0,0,0,1,0,11,5,9,41.8089385,-87.63571939,POINT (-87.635719385995 41.808938503931)
JC430715,,9/12/2019 11:38,30,NO CONTROLS,NO CONTROLS,CLEAR,DAYLIGHT,PARKED MOTOR VEHICLE,DIVIDED - W/MEDIAN (NOT RAISED),,STRAIGHT AND LEVEL,DRY,NO DEFECTS,NOT ON SCENE (DESK REPORT),NO INJURY / DRIVE AWAY,,,,"$501 - $1,500",9/12/2019 18:40,UNABLE TO DETERMINE,NOT APPLICABLE,520,S,LARAMIE AVE,1522,,,,,,,2,NO INDICATION OF INJURY,0,0,0,0,0,2,0,11,5,9,41.87325074,-87.75495929,POINT (-87.754959293785 41.873250743725)
JC430122,,9/12/2019 11:35,30,OTHER REG. SIGN,FUNCTIONING PROPERLY,CLEAR,DAYLIGHT,FIXED OBJECT,DIVIDED - W/MEDIAN BARRIER,,STRAIGHT AND LEVEL,DRY,NO DEFECTS,ON SCENE,NO INJURY / DRIVE AWAY,,Y,,"OVER $1,500",9/12/2019 11:40,NOT APPLICABLE,NOT APPLICABLE,420,W,ROOT ST,925,,,,,,,1,NO INDICATION OF INJURY,0,0,0,0,0,1,0,11,5,9,41.81915484,-87.63692613,POINT (-87.636926126793 41.819154835791)