RD_NO,CRASH_DATE_EST_I,CRASH_DATE,POSTED_SPEED_LIMIT,TRAFFIC_CONTROL_DEVICE,DEVICE_CONDITION,WEATHER_CONDITION,LIGHTING_CONDITION,FIRST_CRASH_TYPE,TRAFFICWAY_TYPE,LANE_CNT,ALIGNMENT,ROADWAY_SURFACE_COND,ROAD_DEFECT,REPORT_TYPE,CRASH_TYPE,INTERSECTION_RELATED_I,NOT_RIGHT_OF_WAY_I,HIT_AND_RUN_I,DAMAGE,DATE_POLICE_NOTIFIED,PRIM_CONTRIBUTORY_CAUSE,SEC_CONTRIBUTORY_CAUSE,STREET_NO,STREET_DIRECTION,STREET_NAME,BEAT_OF_OCCURRENCE,PHOTOS_TAKEN_I,STATEMENTS_TAKEN_I,DOORING_I,WORK_ZONE_I,WORK_ZONE_TYPE,WORKERS_PRESENT_I,NUM_UNITS,MOST_SEVERE_INJURY,INJURIES_TOTAL,INJURIES_FATAL,INJURIES_INCAPACITATING,INJURIES_NON_INCAPACITATING,INJURIES_REPORTED_NOT_EVIDENT,INJURIES_NO_INDICATION,INJURIES_UNKNOWN,CRASH_HOUR,CRASH_DAY_OF_WEEK,CRASH_MONTH,LATITUDE,LONGITUDE,LOCATION
JC430111,,9/12/2019 11:30,30,NO CONTROLS,NO CONTROLS,CLEAR,DAYLIGHT,SIDESWIPE SAME DIRECTION,DIVIDED - W/MEDIAN (NOT RAISED),,STRAIGHT AND LEVEL,DRY,NO DEFECTS,NOT ON SCENE (DESK REPORT),NO INJURY / DRIVE AWAY,,,,$500 OR LESS,9/12/2019 12:07,UNABLE TO DETERMINE,UNABLE TO DETERMINE,1137,W,MADISON ST,1232,,,,,,,2,NO INDICATION OF INJURY,0,0,0,0,0,2,0,11,5,9,41.88153164,-87.65578993,POINT (-87.655789930646 41.881531640194)
JC430104,,9/12/2019 11:30,30,STOP SIGN/FLASHER,FUNCTIONING PROPERLY,CLOUDY/OVERCAST,DAYLIGHT,TURNING,NOT DIVIDED,,STRAIGHT AND LEVEL,DRY,NO DEFECTS,NOT ON SCENE (DESK REPORT),NO INJURY / DRIVE AWAY,,,N,"OVER $1,500",9/12/2019 11:46,UNABLE TO DETERMINE,UNABLE TO DETERMINE,301,S,SPRINGFIELD AVE,1133,,,,,,,2,NO INDICATION OF INJURY,0,0,0,0,0,2,0,11,5,9,41.87707626,-87.72295718,POINT (-87.722957176838 41.877076262389)
JC430224,,9/12/2019 11:20,15,NO CONTROLS,NO CONTROLS,CLEAR,DARKNESS,PARKED MOTOR VEHICLE,DIVIDED - W/MEDIAN BARRIER,,STRAIGHT AND LEVEL,DRY,NO DEFECTS,NOT ON SCENE (DESK REPORT),NO INJURY / DRIVE AWAY,,Y,,"OVER $1,500",9/12/2019 13:37,IMPROPER BACKING,NOT APPLICABLE,1,W,LOWER WACKER DR,111,,,,,,,2,NO INDICATION OF INJURY,0,0,0,0,0,1,0,11,5,9,41.88667924,-87.62806464,POINT (-87.628064637147 41.88667923537)
JC449904,,9/12/2019 11:15,30,TRAFFIC SIGNAL,FUNCTIONING PROPERLY,UNKNOWN,DAYLIGHT,TURNING,FOUR WAY,,STRAIGHT AND LEVEL,UNKNOWN,UNKNOWN,NOT ON SCENE (DESK REPORT),NO INJURY / DRIVE AWAY,Y,,Y,"OVER $1,500",9/26/2019 21:40,UNABLE TO DETERMINE,NOT APPLICABLE,1,E,CERMAK RD,131,,,,,,,2,NO INDICATION OF INJURY,0,0,0,0,0,2,0,11,5,9,41.85275792,-87.62706705,POINT (-87.627067048299 41.852757917147)
JC430255,,9/12/2019 11:00,30,NO CONTROLS,NO CONTROLS,CLEAR,DAYLIGHT,REAR END,NOT DIVIDED,,STRAIGHT AND LEVEL,DRY,NO DEFECTS,NOT ON SCENE (DESK REPORT),NO INJURY / DRIVE AWAY,,,,"$501 - $1,500",9/12/2019 14:01,NOT APPLICABLE,NOT APPLICABLE,7100,W,63RD ST,812,,,,,,,2,NO INDICATION OF INJURY,0,0,0,0,0,2,0,11,5,9,41.77745132,-87.79849499,POINT (-87.798494989446 41.777451322241)
JC430078,,9/12/2019 11:00,30,NO CONTROLS,NO CONTROLS,CLOUDY/OVERCAST,DAYLIGHT,SIDESWIPE SAME DIRECTION,NOT DIVIDED,,STRAIGHT AND LEVEL,DRY,NO DEFECTS,ON SCENE,INJURY AND / OR TOW DUE TO CRASH,,,,"OVER $1,500",9/12/2019 11:10,FAILING TO YIELD RIGHT-OF-WAY,UNABLE TO DETERMINE,750,W,33RD ST,915,,,,,,,2,NO INDICATION OF INJURY,0,0,0,0,0,2,0,11,5,9,41.83451467,-87.64579907,POINT (-87.64579906552 41.834514664602)
JC430048,,9/12/2019 10:58,25,NO CONTROLS,NO CONTROLS,CLEAR,DAYLIGHT,SIDESWIPE SAME DIRECTION,NOT DIVIDED,,STRAIGHT AND LEVEL,DRY,NO DEFECTS,ON SCENE,NO INJURY / DRIVE AWAY,,,,$500 OR LESS,9/12/2019 10:58,FOLLOWING TOO CLOSELY,NOT APPLICABLE,4700,S,LANGLEY AVE,223,,,,,,,2,NO INDICATION OF INJURY,0,0,0,0,0,2,0,10,5,9,41.80940595,-87.60913009,POINT (-87.609130087521 41.809405950618)
JC430251,,9/12/2019 10:50,30,TRAFFIC SIGNAL,FUNCTIONING PROPERLY,CLEAR,DAYLIGHT,REAR END,NOT DIVIDED,,STRAIGHT AND LEVEL,DRY,NO DEFECTS,NOT ON SCENE (DESK REPORT),NO INJURY / DRIVE AWAY,,,,"OVER $1,500",9/12/2019 13:50,UNABLE TO DETERMINE,UNABLE TO DETERMINE,1158,E,95TH ST,413,,,,,,,2,NO INDICATION OF INJURY,0,0,0,0,0,2,0,10,5,9,41.72230516,-87.59485269,POINT (-87.594852688415 41.722305155885)
JC430136,,9/12/2019 10:50,20,TRAFFIC SIGNAL,FUNCTIONING PROPERLY,CLEAR,DAYLIGHT,REAR TO FRONT,DIVIDED - W/MEDIAN (NOT RAISED),,STRAIGHT AND LEVEL,DRY,NO DEFECTS,NOT ON SCENE (DESK REPORT),NO INJURY / DRIVE AWAY,,,,"$501 - $1,500",9/12/2019 12:07,UNABLE TO DETERMINE,NOT APPLICABLE,1353,S,PULASKI RD,1011,,,,,,,2,NO INDICATION OF INJURY,0,0,0,0,0,2,0,10,5,9,41.8627864,-87.72492466,POINT (-87.724924655744 41.862786402166)
JC430091,Y,9/12/2019 10:50,25,NO CONTROLS,NO CONTROLS,OTHER,DAYLIGHT,PARKED MOTOR VEHICLE,ONE-WAY,,STRAIGHT AND LEVEL,DRY,NO DEFECTS,NOT ON SCENE (DESK REPORT),NO INJURY / DRIVE AWAY,,,,"OVER $1,500",9/12/2019 11:30,UNABLE TO DETERMINE,UNABLE TO DETERMINE,800,N,MICHIGAN AVE,1833,,,,,,,2,NO INDICATION OF INJURY,0,0,0,0,0,1,0,10,5,9,41.89679057,-87.62438066,POINT (-87.624380655444 41.896790572039)
JC430062,,9/12/2019 10:50,25,NO CONTROLS,NO CONTROLS,CLOUDY/OVERCAST,DAYLIGHT,PARKED MOTOR VEHICLE,ONE-WAY,,STRAIGHT AND LEVEL,DRY,NO DEFECTS,NOT ON SCENE (DESK REPORT),NO INJURY / DRIVE AWAY,,,,"OVER $1,500",9/12/2019 11:20,DRIVING SKILLS/KNOWLEDGE/EXPERIENCE,DRIVING SKILLS/KNOWLEDGE/EXPERIENCE,5449,N,GLENWOOD AVE,2013,,,,,,,2,NO INDICATION OF INJURY,0,0,0,0,0,1,0,10,5,9,41.98138742,-87.66474799,POINT (-87.664747992234 41.98138741555)
JC430068,,9/12/2019 10:49,30,UNKNOWN,UNKNOWN,CLEAR,DAYLIGHT,TURNING,NOT DIVIDED,,STRAIGHT AND LEVEL,DRY,UNKNOWN,ON SCENE,INJURY AND / OR TOW DUE TO CRASH,,,,"OVER $1,500",9/12/2019 10:49,FAILING TO YIELD RIGHT-OF-WAY,NOT APPLICABLE,5708,N,RIDGE AVE,2013,,,,,,,2,NO INDICATION OF INJURY,0,0,0,0,0,2,0,10,5,9,41.98575616,-87.66378215,POINT (-87.663782146449 41.985756158868)
JC431468,,9/12/2019 10:45,30,STOP SIGN/FLASHER,NO CONTROLS,CLEAR,DAYLIGHT,REAR END,NOT DIVIDED,,STRAIGHT AND LEVEL,DRY,NO DEFECTS,NOT ON SCENE (DESK REPORT),NO INJURY / DRIVE AWAY,Y,,,"$501 - $1,500",9/13/2019 10:36,UNABLE TO DETERMINE,UNABLE TO DETERMINE,6812,N,RIDGE BLVD,2411,,,,,,,2,NO INDICATION OF INJURY,0,0,0,0,0,2,0,10,5,9,42.00558106,-87.68049975,POINT (-87.680499746196 42.005581055884)
JC430027,,9/12/2019 10:34,30,TRAFFIC SIGNAL,FUNCTIONING PROPERLY,CLEAR,"DARKNESS, LIGHTED ROAD",TURNING,NOT DIVIDED,,STRAIGHT AND LEVEL,DRY,NO DEFECTS,ON SCENE,NO INJURY / DRIVE AWAY,N,,,"$501 - $1,500",9/12/2019 10:56,FAILING TO YIELD RIGHT-OF-WAY,IMPROPER BACKING,152,N,COLUMBUS DR,114,,,,,,,2,NO INDICATION OF INJURY,0,0,0,0,0,3,0,10,5,9,41.88463984,-87.62079352,POINT (-87.620793521782 41.8846398437)
JC430305,,9/12/2019 10:30,10,NO CONTROLS,NO CONTROLS,CLEAR,DAYLIGHT,REAR END,FOUR WAY,,STRAIGHT AND LEVEL,DRY,NO DEFECTS,NOT ON SCENE (DESK REPORT),NO INJURY / DRIVE AWAY,Y,,,$500 OR LESS,9/12/2019 14:20,UNABLE TO DETERMINE,UNABLE TO DETERMINE,500,S,MICHIGAN AVE,123,,,,,,,2,NO INDICATION OF INJURY,0,0,0,0,0,2,0,10,5,9,41.87565854,-87.62440494,POINT (-87.624404940923 41.87565854302)
JC430029,,9/12/2019 10:30,40,NO CONTROLS,NO CONTROLS,CLEAR,DAYLIGHT,REAR END,DIVIDED - W/MEDIAN BARRIER,,STRAIGHT AND LEVEL,WET,NO DEFECTS,ON SCENE,NO INJURY / DRIVE AWAY,,,,"OVER $1,500",9/12/2019 10:32,FAILING TO REDUCE SPEED TO AVOID CRASH,NOT APPLICABLE,1200,N,LAKE SHORE DR SB,1824,,,,,,,3,NO INDICATION OF INJURY,0,0,0,0,0,5,0,10,5,9,41.90407674,-87.62480394,POINT (-87.624803937073 41.904076743028)
JC429995,,9/12/2019 10:30,30,TRAFFIC SIGNAL,FUNCTIONING PROPERLY,CLEAR,DAYLIGHT,SIDESWIPE SAME DIRECTION,FOUR WAY,,STRAIGHT AND LEVEL,DRY,NO DEFECTS,ON SCENE,NO INJURY / DRIVE AWAY,Y,,,"OVER $1,500",9/12/2019 10:30,FAILING TO REDUCE SPEED TO AVOID CRASH,EQUIPMENT - VEHICLE CONDITION,7601,S,STONY ISLAND AVE,411,,,,,,,3,NO INDICATION OF INJURY,0,0,0,0,0,3,0,10,5,9,41.75690491,-87.58554286,POINT (-87.585542859908 41.756904910398)
JC430040,Y,9/12/2019 10:28,30,NO CONTROLS,NO CONTROLS,CLEAR,DAYLIGHT,FIXED OBJECT,OTHER,,STRAIGHT ON GRADE,DRY,NO DEFECTS,ON SCENE,NO INJURY / DRIVE AWAY,,,,"OVER $1,500",9/12/2019 10:28,DRIVING SKILLS/KNOWLEDGE/EXPERIENCE,NOT APPLICABLE,1800,W,FULLERTON AVE,1931,,Y,,,,,1,NO INDICATION OF INJURY,0,0,0,0,0,1,0,10,5,9,41.92519897,-87.67285854,POINT (-87.672858543387 41.925198970835)
JC430034,,9/12/2019 10:28,30,TRAFFIC SIGNAL,FUNCTIONING PROPERLY,CLEAR,DAYLIGHT,PEDESTRIAN,ONE-WAY,,STRAIGHT AND LEVEL,DRY,NO DEFECTS,ON SCENE,INJURY AND / OR TOW DUE TO CRASH,Y,,,$500 OR LESS,9/12/2019 10:30,FAILING TO YIELD RIGHT-OF-WAY,FAILING TO REDUCE SPEED TO AVOID CRASH,9901,S,HALSTED ST,2232,,,,,,,2,INCAPACITATING INJURY,1,0,1,0,0,1,0,10,5,9,41.71412565,-87.64285255,POINT (-87.642852547443 41.714125649277)
JC430328,,9/12/2019 10:20,30,TRAFFIC SIGNAL,FUNCTIONING PROPERLY,CLEAR,DAYLIGHT,REAR END,NOT DIVIDED,,STRAIGHT AND LEVEL,DRY,NO DEFECTS,NOT ON SCENE (DESK REPORT),NO INJURY / DRIVE AWAY,,,Y,$500 OR LESS,9/12/2019 14:53,UNABLE TO DETERMINE,NOT APPLICABLE,3200,N,KIMBALL AVE,1732,,,,,,,2,NO INDICATION OF INJURY,0,0,0,0,0,2,0,10,5,9,41.93931966,-87.71264129,POINT (-87.712641285082 41.939319663188)
JC430020,,9/12/2019 10:17,30,NO CONTROLS,NO CONTROLS,CLEAR,DAYLIGHT,TURNING,NOT DIVIDED,,STRAIGHT AND LEVEL,WET,NO DEFECTS,ON SCENE,NO INJURY / DRIVE AWAY,,,,"OVER $1,500",9/12/2019 10:17,NOT APPLICABLE,NOT APPLICABLE,1547,N,CLYBOURN AVE,1822,,,,,,,2,NO INDICATION OF INJURY,0,0,0,0,0,2,0,10,5,9,41.90963067,-87.64751924,POINT (-87.647519239003 41.909630668091)
JC430077,,9/12/2019 10:15,30,NO CONTROLS,NO CONTROLS,CLEAR,DAYLIGHT,PARKED MOTOR VEHICLE,DIVIDED - W/MEDIAN (NOT RAISED),,STRAIGHT AND LEVEL,DRY,NO DEFECTS,NOT ON SCENE (DESK REPORT),NO INJURY / DRIVE AWAY,,,Y,"$501 - $1,500",9/12/2019 11:40,UNABLE TO DETERMINE,UNABLE TO DETERMINE,3950,S,WESTERN AVE,921,,,,,,,2,NO INDICATION OF INJURY,0,0,0,0,0,1,0,10,5,9,41.82153088,-87.68492608,POINT (-87.684926082707 41.821530883606)
JC430003,,9/12/2019 10:15,25,NO CONTROLS,NO CONTROLS,CLEAR,DAYLIGHT,PARKED MOTOR VEHICLE,DIVIDED - W/MEDIAN (NOT RAISED),,STRAIGHT AND LEVEL,DRY,NO DEFECTS,ON SCENE,NO INJURY / DRIVE AWAY,,,,$500 OR LESS,9/12/2019 10:15,NOT APPLICABLE,NOT APPLICABLE,5400,N,LINCOLN AVE,2011,,,,,,,2,NO INDICATION OF INJURY,0,0,0,0,0,1,0,10,5,9,41.97954951,-87.69284451,POINT (-87.692844509402 41.979549513091)
JC430007,,9/12/2019 10:12,30,NO CONTROLS,NO CONTROLS,CLEAR,DAYLIGHT,SIDESWIPE SAME DIRECTION,DIVIDED - W/MEDIAN BARRIER,,STRAIGHT AND LEVEL,DRY,NO DEFECTS,ON SCENE,NO INJURY / DRIVE AWAY,,,,"OVER $1,500",9/12/2019 10:15,ROAD ENGINEERING/SURFACE/MARKING DEFECTS,ROAD ENGINEERING/SURFACE/MARKING DEFECTS,1124,S,ASHLAND AVE,1231,,,,,,,2,NO INDICATION OF INJURY,0,0,0,0,0,2,0,10,5,9,41.86766524,-87.66655284,POINT (-87.666552839335 41.867665241274)
JC429979,,9/12/2019 10:12,30,NO CONTROLS,NO CONTROLS,CLEAR,DAYLIGHT,PEDALCYCLIST,NOT DIVIDED,,STRAIGHT AND LEVEL,DRY,NO DEFECTS,ON SCENE,INJURY AND / OR TOW DUE TO CRASH,,,,$500 OR LESS,9/12/2019 10:16,UNABLE TO DETERMINE,UNABLE TO DETERMINE,4650,N,PULASKI RD,1722,,,Y,,,,2,NONINCAPACITATING INJURY,1,0,0,1,0,1,0,10,5,9,41.96605342,-87.72811456,POINT (-87.728114561023 41.966053417064)
JC429994,,9/12/2019 10:07,30,NO CONTROLS,NO CONTROLS,CLOUDY/OVERCAST,DAYLIGHT,OTHER OBJECT,ALLEY,,STRAIGHT AND LEVEL,DRY,NO DEFECTS,ON SCENE,NO INJURY / DRIVE AWAY,,,,"$501 - $1,500",9/12/2019 10:10,IMPROPER BACKING,DRIVING SKILLS/KNOWLEDGE/EXPERIENCE,3130,N,BROADWAY,1934,,,,,,,1,NO INDICATION OF INJURY,0,0,0,0,0,1,0,10,5,9,41.93858895,-87.64449727,POINT (-87.644497266429 41.938588949533)
JC430947,,9/12/2019 10:00,10,NO CONTROLS,NO CONTROLS,CLEAR,DAYLIGHT,PARKED MOTOR VEHICLE,PARKING LOT,,STRAIGHT AND LEVEL,DRY,UNKNOWN,NOT ON SCENE (DESK REPORT),NO INJURY / DRIVE AWAY,,,Y,"OVER $1,500",9/12/2019 21:50,UNABLE TO DETERMINE,UNABLE TO DETERMINE,650,W,63RD ST,711,,,,,,,2,NO INDICATION OF INJURY,0,0,0,0,0,1,0,10,5,9,41.77990486,-87.64185815,POINT (-87.641858145754 41.779904856232)
JC430720,,9/12/2019 10:00,35,NO CONTROLS,NO CONTROLS,CLEAR,DAYLIGHT,PARKED MOTOR VEHICLE,NOT DIVIDED,,STRAIGHT AND LEVEL,DRY,NO DEFECTS,NOT ON SCENE (DESK REPORT),NO INJURY / DRIVE AWAY,,,Y,"$501 - $1,500",9/12/2019 18:45,UNABLE TO DETERMINE,NOT APPLICABLE,4500,W,DICKENS AVE,2522,,,,,,,2,NO INDICATION OF INJURY,0,0,0,0,0,1,0,10,5,9,41.91895623,-87.73890165,POINT (-87.738901644738 41.918956227296)
JC430137,,9/12/2019 10:00,30,UNKNOWN,UNKNOWN,CLEAR,DAYLIGHT,PARKED MOTOR VEHICLE,DIVIDED - W/MEDIAN (NOT RAISED),,STRAIGHT AND LEVEL,DRY,NO DEFECTS,NOT ON SCENE (DESK REPORT),NO INJURY / DRIVE AWAY,,,Y,"OVER $1,500",9/12/2019 12:30,IMPROPER TURNING/NO SIGNAL,NOT APPLICABLE,1940,W,TAYLOR ST,1231,,,,,,,2,NO INDICATION OF INJURY,0,0,0,0,0,1,0,10,5,9,41.86924322,-87.67522432,POINT (-87.675224317261 41.86924322183)
JC430049,,9/12/2019 10:00,30,TRAFFIC SIGNAL,FUNCTIONING PROPERLY,CLOUDY/OVERCAST,DAYLIGHT,SIDESWIPE SAME DIRECTION,T-INTERSECTION,,STRAIGHT AND LEVEL,DRY,NO DEFECTS,ON SCENE,NO INJURY / DRIVE AWAY,Y,,,"OVER $1,500",9/12/2019 10:07,IMPROPER LANE USAGE,IMPROPER OVERTAKING/PASSING,450,W,JACKSON BLVD,121,,,,,,,2,NO INDICATION OF INJURY,0,0,0,0,0,2,0,10,5,9,41.87815538,-87.63949996,POINT (-87.639499956282 41.878155377048)
JC430031,,9/12/2019 9:55,25,NO CONTROLS,NO CONTROLS,CLEAR,DAYLIGHT,PARKED MOTOR VEHICLE,NOT DIVIDED,,STRAIGHT AND LEVEL,OTHER,NO DEFECTS,NOT ON SCENE (DESK REPORT),NO INJURY / DRIVE AWAY,,,Y,"OVER $1,500",9/12/2019 10:05,"OPERATING VEHICLE IN ERRATIC, RECKLESS, CARELESS, NEGLIGENT OR AGGRESSIVE MANNER",NOT APPLICABLE,12454,S,LOWE AVE,523,,,,,,,2,NO INDICATION OF INJURY,0,0,0,0,0,2,0,9,5,9,41.6671376,-87.6380792,POINT (-87.638079202172 41.667137594805)
JC429952,Y,9/12/2019 9:50,30,UNKNOWN,UNKNOWN,CLOUDY/OVERCAST,DAYLIGHT,PARKED MOTOR VEHICLE,DIVIDED - W/MEDIAN (NOT RAISED),,STRAIGHT AND LEVEL,DRY,NO DEFECTS,ON SCENE,NO INJURY / DRIVE AWAY,,,,"OVER $1,500",9/12/2019 9:50,UNABLE TO DETERMINE,UNABLE TO DETERMINE,328,E,107TH ST,512,,Y,,,,,2,NO INDICATION OF INJURY,0,0,0,0,0,1,0,9,5,9,41.70010235,-87.61485234,POINT (-87.614852335066 41.700102350891)
JC430032,,9/12/2019 9:45,30,TRAFFIC SIGNAL,FUNCTIONING PROPERLY,CLEAR,DAYLIGHT,REAR END,CENTER TURN LANE,,STRAIGHT AND LEVEL,DRY,NO DEFECTS,NOT ON SCENE (DESK REPORT),INJURY AND / OR TOW DUE TO CRASH,,,,"OVER $1,500",9/12/2019 10:00,FOLLOWING TOO CLOSELY,NOT APPLICABLE,101,W,CONGRESS PKWY,123,,,,,,,2,"REPORTED, NOT EVIDENT",1,0,0,0,1,1,0,9,5,9,41.87549991,-87.63075825,POINT (-87.63075824989 41.875499909006)
JC429955,,9/12/2019 9:45,30,NO CONTROLS,NO CONTROLS,CLEAR,DAYLIGHT,REAR END,DIVIDED - W/MEDIAN (NOT RAISED),,STRAIGHT AND LEVEL,DRY,NO DEFECTS,NOT ON SCENE (DESK REPORT),NO INJURY / DRIVE AWAY,,,,"$501 - $1,500",9/12/2019 10:50,UNABLE TO DETERMINE,UNABLE TO DETERMINE,1214,W,DIVISION ST,1433,,,,,,,2,NO INDICATION OF INJURY,0,0,0,0,0,2,0,9,5,9,41.90361156,-87.65797782,POINT (-87.657977817883 41.903611554579)
JC429956,,9/12/2019 9:44,30,TRAFFIC SIGNAL,FUNCTIONING PROPERLY,CLEAR,DAYLIGHT,ANGLE,FOUR WAY,,STRAIGHT AND LEVEL,WET,NO DEFECTS,ON SCENE,INJURY AND / OR TOW DUE TO CRASH,Y,,,"OVER $1,500",9/12/2019 9:44,DISREGARDING TRAFFIC SIGNALS,FAILING TO YIELD RIGHT-OF-WAY,800,S,CENTRAL PARK AVE,1133,,,,,,,2,NO INDICATION OF INJURY,0,0,0,0,0,3,0,9,5,9,41.87079198,-87.71570437,POINT (-87.71570436515 41.870791976149)
JC429957,,9/12/2019 9:40,30,STOP SIGN/FLASHER,FUNCTIONING PROPERLY,CLEAR,DAYLIGHT,PEDALCYCLIST,FOUR WAY,,STRAIGHT AND LEVEL,DRY,NO DEFECTS,ON SCENE,INJURY AND / OR TOW DUE TO CRASH,Y,,,$500 OR LESS,9/12/2019 9:45,FAILING TO YIELD RIGHT-OF-WAY,DRIVING SKILLS/KNOWLEDGE/EXPERIENCE,1200,W,50TH ST,933,,,,,,,2,NONINCAPACITATING INJURY,1,0,0,1,0,1,0,9,5,9,41.80338116,-87.65516889,POINT (-87.655168892366 41.803381162924)
JC429911,,9/12/2019 9:35,30,TRAFFIC SIGNAL,FUNCTIONING PROPERLY,CLEAR,DAYLIGHT,SIDESWIPE SAME DIRECTION,DIVIDED - W/MEDIAN (NOT RAISED),,STRAIGHT AND LEVEL,DRY,NO DEFECTS,ON SCENE,NO INJURY / DRIVE AWAY,N,,Y,"OVER $1,500",9/12/2019 9:35,UNABLE TO DETERMINE,NOT APPLICABLE,1434,W,NORTH AVE,1433,,,,,,,2,NO INDICATION OF INJURY,0,0,0,0,0,2,0,9,5,9,41.91078739,-87.66426125,POINT (-87.664261252719 41.910787393223)
JC429942,,9/12/2019 9:32,30,TRAFFIC SIGNAL,FUNCTIONING PROPERLY,CLEAR,DAYLIGHT,REAR END,FOUR WAY,,STRAIGHT AND LEVEL,DRY,NO DEFECTS,ON SCENE,NO INJURY / DRIVE AWAY,N,,,"OVER $1,500",9/12/2019 9:39,FOLLOWING TOO CLOSELY,UNABLE TO DETERMINE,1701,W,NORTH AVE,1433,,,,,,,2,NO INDICATION OF INJURY,0,0,0,0,0,3,0,9,5,9,41.91048662,-87.67019268,POINT (-87.670192681108 41.91048661518)
JC430081,,9/12/2019 9:30,15,NO CONTROLS,NO CONTROLS,CLOUDY/OVERCAST,DAYLIGHT,TURNING,NOT DIVIDED,,STRAIGHT ON GRADE,DRY,NO DEFECTS,ON SCENE,NO INJURY / DRIVE AWAY,,,,"$501 - $1,500",9/12/2019 9:30,IMPROPER TURNING/NO SIGNAL,IMPROPER TURNING/NO SIGNAL,830,W,OHARE ST,1654,,,,,,,2,NO INDICATION OF INJURY,0,0,0,0,0,2,0,9,5,9,,,
JC429971,,9/12/2019 9:30,30,NO CONTROLS,NO CONTROLS,CLEAR,DAYLIGHT,SIDESWIPE OPPOSITE DIRECTION,NOT DIVIDED,,STRAIGHT AND LEVEL,DRY,NO DEFECTS,ON SCENE,INJURY AND / OR TOW DUE TO CRASH,,,,"OVER $1,500",9/12/2019 9:40,PHYSICAL CONDITION OF DRIVER,UNABLE TO DETERMINE,961,W,CHICAGO AVE,1214,,,,,,,2,NO INDICATION OF INJURY,0,0,0,0,0,2,0,9,5,9,41.89620621,-87.65223443,POINT (-87.652234429508 41.896206209197)
JC429970,,9/12/2019 9:30,30,TRAFFIC SIGNAL,FUNCTIONING PROPERLY,CLEAR,DAYLIGHT,SIDESWIPE SAME DIRECTION,DIVIDED - W/MEDIAN BARRIER,,STRAIGHT AND LEVEL,DRY,NO DEFECTS,NOT ON SCENE (DESK REPORT),NO INJURY / DRIVE AWAY,Y,,,"$501 - $1,500",9/12/2019 10:07,UNABLE TO DETERMINE,UNABLE TO DETERMINE,301,W,WACKER DR,122,,,,,,,2,NO INDICATION OF INJURY,0,0,0,0,0,2,0,9,5,9,41.88659962,-87.63540697,POINT (-87.635406974242 41.886599621239)
JC429938,,9/12/2019 9:30,30,NO CONTROLS,NO CONTROLS,CLEAR,DAYLIGHT,PEDALCYCLIST,OTHER,,STRAIGHT AND LEVEL,DRY,NO DEFECTS,NOT ON SCENE (DESK REPORT),INJURY AND / OR TOW DUE TO CRASH,,,,$500 OR LESS,9/12/2019 9:45,UNABLE TO DETERMINE,NOT APPLICABLE,3311,W,OGDEN AVE,1024,,,N,,,,2,NONINCAPACITATING INJURY,1,0,0,1,0,2,0,9,5,9,41.85673891,-87.70822722,POINT (-87.708227216433 41.856738913968)
JC429947,,9/12/2019 9:25,30,NO CONTROLS,NO CONTROLS,CLEAR,DAYLIGHT,REAR END,DIVIDED - W/MEDIAN (NOT RAISED),,STRAIGHT AND LEVEL,DRY,NO DEFECTS,NOT ON SCENE (DESK REPORT),NO INJURY / DRIVE AWAY,,,,"$501 - $1,500",9/12/2019 9:40,UNABLE TO DETERMINE,UNABLE TO DETERMINE,4042,S,ARCHER AVE,921,,,,,,,2,NO INDICATION OF INJURY,0,0,0,0,0,2,0,9,5,9,41.82027357,-87.69439041,POINT (-87.69439040982 41.820273567223)
JC429983,,9/12/2019 9:20,30,NO CONTROLS,NO CONTROLS,CLEAR,DAYLIGHT,SIDESWIPE SAME DIRECTION,NOT DIVIDED,,STRAIGHT AND LEVEL,WET,NO DEFECTS,NOT ON SCENE (DESK REPORT),NO INJURY / DRIVE AWAY,,,,"$501 - $1,500",9/12/2019 10:15,IMPROPER OVERTAKING/PASSING,NOT APPLICABLE,4202,S,WESTERN AVE,921,,,,,,,2,NO INDICATION OF INJURY,0,0,0,0,0,2,0,9,5,9,41.8173629,-87.6848185,POINT (-87.684818503002 41.817362895235)
JC429968,,9/12/2019 9:15,30,STOP SIGN/FLASHER,OTHER,CLEAR,DAYLIGHT,REAR END,NOT DIVIDED,,STRAIGHT AND LEVEL,DRY,NO DEFECTS,NOT ON SCENE (DESK REPORT),NO INJURY / DRIVE AWAY,,,,"OVER $1,500",9/12/2019 10:00,FAILING TO REDUCE SPEED TO AVOID CRASH,NOT APPLICABLE,1900,N,CALIFORNIA AVE,1421,,,,,,,2,NO INDICATION OF INJURY,0,0,0,0,0,2,0,9,5,9,41.91576102,-87.69729581,POINT (-87.697295810855 41.915761023246)
JC429945,,9/12/2019 9:15,35,TRAFFIC SIGNAL,FUNCTIONING PROPERLY,RAIN,DAYLIGHT,TURNING,ONE-WAY,,STRAIGHT AND LEVEL,WET,NO DEFECTS,NOT ON SCENE (DESK REPORT),NO INJURY / DRIVE AWAY,Y,,Y,"OVER $1,500",9/12/2019 9:45,FAILING TO REDUCE SPEED TO AVOID CRASH,NOT APPLICABLE,200,N,FRANKLIN ST,122,,,,,,,2,NO INDICATION OF INJURY,0,0,0,0,0,2,0,9,5,9,41.88578467,-87.63555692,POINT (-87.635556924462 41.885784672133)
JC429910,,9/12/2019 9:15,30,NO CONTROLS,NO CONTROLS,CLOUDY/OVERCAST,DAYLIGHT,REAR END,DIVIDED - W/MEDIAN (NOT RAISED),,STRAIGHT AND LEVEL,DRY,NO DEFECTS,ON SCENE,INJURY AND / OR TOW DUE TO CRASH,Y,,,"OVER $1,500",9/12/2019 9:15,UNABLE TO DETERMINE,NOT APPLICABLE,3410,W,BRYN MAWR AVE,1711,,,,,,,2,NONINCAPACITATING INJURY,1,0,0,1,0,1,0,9,5,9,41.98311204,-87.71419824,POINT (-87.714198242081 41.983112043255)