RD_NO,CRASH_DATE_EST_I,CRASH_DATE,POSTED_SPEED_LIMIT,TRAFFIC_CONTROL_DEVICE,DEVICE_CONDITION,WEATHER_CONDITION,LIGHTING_CONDITION,FIRST_CRASH_TYPE,TRAFFICWAY_TYPE,LANE_CNT,ALIGNMENT,ROADWAY_SURFACE_COND,ROAD_DEFECT,REPORT_TYPE,CRASH_TYPE,INTERSECTION_RELATED_I,NOT_RIGHT_OF_WAY_I,HIT_AND_RUN_I,DAMAGE,DATE_POLICE_NOTIFIED,PRIM_CONTRIBUTORY_CAUSE,SEC_CONTRIBUTORY_CAUSE,STREET_NO,STREET_DIRECTION,STREET_NAME,BEAT_OF_OCCURRENCE,PHOTOS_TAKEN_I,STATEMENTS_TAKEN_I,DOORING_I,WORK_ZONE_I,WORK_ZONE_TYPE,WORKERS_PRESENT_I,NUM_UNITS,MOST_SEVERE_INJURY,INJURIES_TOTAL,INJURIES_FATAL,INJURIES_INCAPACITATING,INJURIES_NON_INCAPACITATING,INJURIES_REPORTED_NOT_EVIDENT,INJURIES_NO_INDICATION,INJURIES_UNKNOWN,CRASH_HOUR,CRASH_DAY_OF_WEEK,CRASH_MONTH,LATITUDE,LONGITUDE,LOCATION
JC429816,,9/12/2019 7:40,20,NO CONTROLS,NO CONTROLS,CLEAR,DAYLIGHT,SIDESWIPE SAME DIRECTION,ONE-WAY,,STRAIGHT AND LEVEL,DRY,NO DEFECTS,,NO INJURY / DRIVE AWAY,,,,"OVER $1,500",9/12/2019 7:45,FAILING TO YIELD RIGHT-OF-WAY,UNABLE TO DETERMINE,2931,N,NATOMA AVE,2511,,,,,,,2,NO INDICATION OF INJURY,0,0,0,0,0,2,0,7,5,9,41.93369489,-87.79174344,POINT (-87.791743437513 41.93369489203)
JC429906,,9/12/2019 7:35,30,NO CONTROLS,NO CONTROLS,RAIN,DAYLIGHT,REAR END,NOT DIVIDED,,STRAIGHT AND LEVEL,WET,NO DEFECTS,NOT ON SCENE (DESK REPORT),NO INJURY / DRIVE AWAY,,,,"$501 - $1,500",9/12/2019 9:20,FOLLOWING TOO CLOSELY,NOT APPLICABLE,328,W,35TH ST,915,,,,,,,2,NO INDICATION OF INJURY,0,0,0,0,0,4,0,7,5,9,41.83100594,-87.63509305,POINT (-87.635093046922 41.831005941898)
JC429837,,9/12/2019 7:31,30,TRAFFIC SIGNAL,FUNCTIONING PROPERLY,CLOUDY/OVERCAST,DAYLIGHT,REAR END,NOT DIVIDED,,STRAIGHT AND LEVEL,WET,NO DEFECTS,NOT ON SCENE (DESK REPORT),NO INJURY / DRIVE AWAY,,,,"OVER $1,500",9/12/2019 7:36,DISTRACTION - FROM INSIDE VEHICLE,NOT APPLICABLE,950,W,IRVING PARK RD,1915,,N,,,,,3,NO INDICATION OF INJURY,0,0,0,0,0,3,0,7,5,9,41.95460446,-87.65412608,POINT (-87.654126081175 41.954604464087)
JC430911,,9/12/2019 7:30,25,STOP SIGN/FLASHER,FUNCTIONING PROPERLY,CLEAR,DAYLIGHT,TURNING,ONE-WAY,,STRAIGHT AND LEVEL,DRY,NO DEFECTS,NOT ON SCENE (DESK REPORT),NO INJURY / DRIVE AWAY,Y,,,"OVER $1,500",9/12/2019 12:30,IMPROPER OVERTAKING/PASSING,UNABLE TO DETERMINE,4727,N,LARAMIE AVE,1623,,,,,,,2,NO INDICATION OF INJURY,0,0,0,0,0,2,0,7,5,9,41.96681746,-87.75751935,POINT (-87.757519345724 41.966817459751)
JC430280,,9/12/2019 7:30,30,TRAFFIC SIGNAL,FUNCTIONING PROPERLY,CLOUDY/OVERCAST,DAYLIGHT,SIDESWIPE SAME DIRECTION,NOT DIVIDED,,STRAIGHT AND LEVEL,DRY,UNKNOWN,NOT ON SCENE (DESK REPORT),NO INJURY / DRIVE AWAY,Y,,,"OVER $1,500",9/12/2019 14:25,IMPROPER OVERTAKING/PASSING,NOT APPLICABLE,3601,W,31ST ST,1032,,,,,,,2,NO INDICATION OF INJURY,0,0,0,0,0,2,0,7,5,9,41.83694533,-87.71465085,POINT (-87.714650847712 41.836945328672)
JC429823,,9/12/2019 7:30,30,STOP SIGN/FLASHER,FUNCTIONING PROPERLY,RAIN,DAYLIGHT,TURNING,ONE-WAY,,STRAIGHT AND LEVEL,WET,NO DEFECTS,NOT ON SCENE (DESK REPORT),NO INJURY / DRIVE AWAY,Y,,,"OVER $1,500",9/12/2019 8:00,IMPROPER TURNING/NO SIGNAL,FAILING TO REDUCE SPEED TO AVOID CRASH,4727,N,LARAMIE AVE,1623,,,,,,,2,NO INDICATION OF INJURY,0,0,0,0,0,3,0,7,5,9,41.96681746,-87.75751935,POINT (-87.757519345724 41.966817459751)
JC431856,,9/12/2019 7:26,30,NO CONTROLS,NO CONTROLS,CLEAR,DAYLIGHT,REAR END,NOT DIVIDED,,STRAIGHT AND LEVEL,DRY,NO DEFECTS,NOT ON SCENE (DESK REPORT),NO INJURY / DRIVE AWAY,,,,"$501 - $1,500",9/13/2019 15:24,UNABLE TO DETERMINE,UNABLE TO DETERMINE,1574,N,KINGSBURY ST,1822,,,,,,,2,NO INDICATION OF INJURY,0,0,0,0,0,2,0,7,5,9,41.91008854,-87.65362257,POINT (-87.653622571404 41.910088541706)
JC429814,,9/12/2019 7:25,30,NO CONTROLS,NO CONTROLS,RAIN,DAYLIGHT,ANGLE,NOT DIVIDED,,STRAIGHT AND LEVEL,WET,NO DEFECTS,ON SCENE,INJURY AND / OR TOW DUE TO CRASH,,,,"$501 - $1,500",9/12/2019 7:32,FAILING TO YIELD RIGHT-OF-WAY,NOT APPLICABLE,4101,N,PULASKI RD,1723,,,,,,,2,NONINCAPACITATING INJURY,1,0,0,1,0,3,0,7,5,9,41.95556977,-87.72752398,POINT (-87.727523976932 41.955569772732)
JC429845,,9/12/2019 7:21,15,NO CONTROLS,NO CONTROLS,RAIN,DAYLIGHT,FIXED OBJECT,OTHER,,STRAIGHT AND LEVEL,WET,NO DEFECTS,NOT ON SCENE (DESK REPORT),NO INJURY / DRIVE AWAY,,Y,,"OVER $1,500",9/12/2019 7:35,WEATHER,NOT APPLICABLE,4958,W,NEWPORT AVE,1634,,,,,,,1,NO INDICATION OF INJURY,0,0,0,0,0,1,0,7,5,9,41.94343888,-87.75173909,POINT (-87.751739085822 41.943438878722)
JC429834,,9/12/2019 7:21,10,NO CONTROLS,NO CONTROLS,CLEAR,DAYLIGHT,SIDESWIPE SAME DIRECTION,DIVIDED - W/MEDIAN (NOT RAISED),,STRAIGHT AND LEVEL,WET,NO DEFECTS,ON SCENE,INJURY AND / OR TOW DUE TO CRASH,,,,"OVER $1,500",9/12/2019 7:48,UNABLE TO DETERMINE,NOT APPLICABLE,2520,W,83RD ST,835,,,,,,,2,NO INDICATION OF INJURY,0,0,0,0,0,2,0,7,5,9,41.74287241,-87.6859701,POINT (-87.685970101944 41.74287240708)
JC431338,,9/12/2019 7:20,30,TRAFFIC SIGNAL,FUNCTIONING PROPERLY,CLEAR,DAYLIGHT,REAR END,DIVIDED - W/MEDIAN (NOT RAISED),,STRAIGHT AND LEVEL,DRY,NO DEFECTS,NOT ON SCENE (DESK REPORT),NO INJURY / DRIVE AWAY,Y,,,"$501 - $1,500",9/13/2019 8:50,FOLLOWING TOO CLOSELY,UNABLE TO DETERMINE,5005,W,FULLERTON AVE,2522,,,,,,,2,NO INDICATION OF INJURY,0,0,0,0,0,2,0,7,5,9,41.92406251,-87.75150056,POINT (-87.751500555439 41.924062512803)
JC429808,,9/12/2019 7:19,35,NO CONTROLS,NO CONTROLS,CLOUDY/OVERCAST,DAYLIGHT,ANGLE,NOT DIVIDED,,STRAIGHT AND LEVEL,WET,NO DEFECTS,ON SCENE,INJURY AND / OR TOW DUE TO CRASH,,,,"OVER $1,500",9/12/2019 7:22,FAILING TO YIELD RIGHT-OF-WAY,NOT APPLICABLE,3966,N,ELSTON AVE,1732,,,,,,,2,INCAPACITATING INJURY,2,0,1,0,1,0,0,7,5,9,41.95328714,-87.71873521,POINT (-87.718735212163 41.953287134524)
JC429861,,9/12/2019 7:15,35,STOP SIGN/FLASHER,FUNCTIONING PROPERLY,OTHER,DAWN,TURNING,FOUR WAY,,STRAIGHT AND LEVEL,UNKNOWN,UNKNOWN,NOT ON SCENE (DESK REPORT),NO INJURY / DRIVE AWAY,,,Y,"$501 - $1,500",9/12/2019 8:30,DISREGARDING TRAFFIC SIGNALS,NOT APPLICABLE,1201,N,CICERO AVE,2533,,,,,,,2,NO INDICATION OF INJURY,0,0,0,0,0,4,0,7,5,9,41.90239931,-87.74583229,POINT (-87.745832284856 41.902399309555)
JC429843,Y,9/12/2019 7:15,30,TRAFFIC SIGNAL,FUNCTIONING PROPERLY,CLEAR,DAYLIGHT,SIDESWIPE SAME DIRECTION,DIVIDED - W/MEDIAN (NOT RAISED),,STRAIGHT AND LEVEL,DRY,NO DEFECTS,NOT ON SCENE (DESK REPORT),NO INJURY / DRIVE AWAY,,,Y,$500 OR LESS,9/12/2019 8:29,UNABLE TO DETERMINE,UNABLE TO DETERMINE,50,W,71ST ST,731,,,,,,,2,NO INDICATION OF INJURY,0,0,0,0,0,2,0,7,5,9,41.76555262,-87.62682483,POINT (-87.626824833481 41.76555261653)
JC429829,,9/12/2019 7:15,30,NO CONTROLS,NO CONTROLS,RAIN,DAYLIGHT,TURNING,NOT DIVIDED,,STRAIGHT AND LEVEL,WET,NO DEFECTS,ON SCENE,NO INJURY / DRIVE AWAY,,,,"OVER $1,500",9/12/2019 7:34,UNABLE TO DETERMINE,UNABLE TO DETERMINE,6435,S,HARLEM AVE,812,,,,,,,2,NO INDICATION OF INJURY,0,0,0,0,0,3,0,7,5,9,41.77453078,-87.80064291,POINT (-87.800642910981 41.774530781636)
JC429806,,9/12/2019 7:15,30,NO CONTROLS,NO CONTROLS,CLEAR,DAYLIGHT,OTHER OBJECT,DIVIDED - W/MEDIAN (NOT RAISED),,STRAIGHT AND LEVEL,WET,NO DEFECTS,ON SCENE,NO INJURY / DRIVE AWAY,,Y,,"OVER $1,500",9/12/2019 7:24,ROAD ENGINEERING/SURFACE/MARKING DEFECTS,UNABLE TO DETERMINE,6034,S,CORNELL DR,331,,,,,,,1,NO INDICATION OF INJURY,0,0,0,0,0,1,0,7,5,9,41.78492409,-87.58495233,POINT (-87.584952333176 41.784924087144)
JC429914,,9/12/2019 7:10,30,TRAFFIC SIGNAL,FUNCTIONING PROPERLY,OTHER,DAYLIGHT,REAR END,NOT DIVIDED,,STRAIGHT AND LEVEL,WET,UNKNOWN,NOT ON SCENE (DESK REPORT),NO INJURY / DRIVE AWAY,,,,"$501 - $1,500",9/12/2019 9:10,NOT APPLICABLE,NOT APPLICABLE,5874,S,ARCHER AVE,814,,,,,,,2,NO INDICATION OF INJURY,0,0,0,0,0,3,0,7,5,9,41.79591839,-87.76178079,POINT (-87.761780789101 41.795918387995)
JC429807,,9/12/2019 7:10,30,OTHER,OTHER,CLEAR,DAYLIGHT,REAR END,DIVIDED - W/MEDIAN (NOT RAISED),,STRAIGHT AND LEVEL,WET,NO DEFECTS,NOT ON SCENE (DESK REPORT),NO INJURY / DRIVE AWAY,,,Y,"OVER $1,500",9/12/2019 7:30,UNABLE TO DETERMINE,NOT APPLICABLE,3333,W,DOUGLAS BLVD,1021,,,,,,,2,NO INDICATION OF INJURY,0,0,0,0,0,2,0,7,5,9,41.8623577,-87.70927065,POINT (-87.709270651484 41.862357702909)
JC429880,Y,9/12/2019 7:00,30,NO CONTROLS,NO CONTROLS,RAIN,UNKNOWN,PARKED MOTOR VEHICLE,ONE-WAY,,STRAIGHT AND LEVEL,WET,NO DEFECTS,NOT ON SCENE (DESK REPORT),NO INJURY / DRIVE AWAY,,,Y,"OVER $1,500",9/12/2019 8:57,FAILING TO YIELD RIGHT-OF-WAY,FAILING TO YIELD RIGHT-OF-WAY,4122,N,MARMORA AVE,1624,,,,,,,2,NO INDICATION OF INJURY,0,0,0,0,0,1,0,7,5,9,41.95562095,-87.77456392,POINT (-87.774563923661 41.95562095219)
JC429815,,9/12/2019 7:00,30,TRAFFIC SIGNAL,FUNCTIONING PROPERLY,CLOUDY/OVERCAST,DUSK,REAR END,NOT DIVIDED,,STRAIGHT AND LEVEL,WET,NO DEFECTS,NOT ON SCENE (DESK REPORT),NO INJURY / DRIVE AWAY,Y,,,"$501 - $1,500",9/12/2019 7:25,WEATHER,FAILING TO REDUCE SPEED TO AVOID CRASH,400,W,18TH ST,1235,,,,,,,2,NO INDICATION OF INJURY,0,0,0,0,0,2,0,7,5,9,41.85780991,-87.63695134,POINT (-87.636951337713 41.857809910378)
JC429799,,9/12/2019 7:00,30,STOP SIGN/FLASHER,FUNCTIONING PROPERLY,CLEAR,DAYLIGHT,PEDALCYCLIST,OTHER,,STRAIGHT AND LEVEL,DRY,NO DEFECTS,ON SCENE,INJURY AND / OR TOW DUE TO CRASH,Y,,Y,"OVER $1,500",9/12/2019 7:01,UNABLE TO DETERMINE,NOT APPLICABLE,1850,W,CONGRESS PKWY,1225,,,,,,,2,INCAPACITATING INJURY,1,0,1,0,0,1,0,7,5,9,41.87517436,-87.67356672,POINT (-87.673566720064 41.87517435823)
JC429793,,9/12/2019 7:00,30,STOP SIGN/FLASHER,FUNCTIONING PROPERLY,CLEAR,DAYLIGHT,REAR END,FOUR WAY,,STRAIGHT AND LEVEL,WET,NO DEFECTS,ON SCENE,NO INJURY / DRIVE AWAY,Y,,,"OVER $1,500",9/12/2019 7:09,DRIVING SKILLS/KNOWLEDGE/EXPERIENCE,FAILING TO REDUCE SPEED TO AVOID CRASH,12830,S,HALSTED ST,523,,,,,,,2,NO INDICATION OF INJURY,0,0,0,0,0,2,0,7,5,9,41.66050229,-87.6414756,POINT (-87.641475597346 41.660502294205)
JC431235,,9/12/2019 6:55,30,STOP SIGN/FLASHER,FUNCTIONING PROPERLY,RAIN,DAWN,TURNING,NOT DIVIDED,,STRAIGHT AND LEVEL,WET,NO DEFECTS,ON SCENE,INJURY AND / OR TOW DUE TO CRASH,,,,"OVER $1,500",9/13/2019 7:00,FAILING TO YIELD RIGHT-OF-WAY,NOT APPLICABLE,2942,W,COLUMBUS AVE,835,,,,,,,2,NONINCAPACITATING INJURY,1,0,0,1,0,1,0,6,5,9,41.75317704,-87.69668276,POINT (-87.696682761071 41.753177043243)
JC429853,,9/12/2019 6:55,30,TRAFFIC SIGNAL,FUNCTIONING PROPERLY,CLOUDY/OVERCAST,DAYLIGHT,REAR END,DIVIDED - W/MEDIAN (NOT RAISED),,STRAIGHT AND LEVEL,WET,UNKNOWN,NOT ON SCENE (DESK REPORT),INJURY AND / OR TOW DUE TO CRASH,,,,$500 OR LESS,9/12/2019 8:45,FOLLOWING TOO CLOSELY,UNABLE TO DETERMINE,5400,N,CLARK ST,2012,,,,,,,2,"REPORTED, NOT EVIDENT",1,0,0,0,1,2,0,6,5,9,41.97988428,-87.66842949,POINT (-87.668429484682 41.979884282976)
JC430435,,9/12/2019 6:50,30,NO CONTROLS,NO CONTROLS,CLEAR,DAYLIGHT,REAR END,NOT DIVIDED,,STRAIGHT AND LEVEL,DRY,UNKNOWN,NOT ON SCENE (DESK REPORT),INJURY AND / OR TOW DUE TO CRASH,Y,,,"$501 - $1,500",9/12/2019 15:39,UNABLE TO DETERMINE,UNABLE TO DETERMINE,13651,S,BUFFALO AVE,433,,,,,,,2,NONINCAPACITATING INJURY,1,0,0,1,0,1,0,6,5,9,41.64672234,-87.54268351,POINT (-87.542683514364 41.646722343961)
JC429824,,9/12/2019 6:50,30,TRAFFIC SIGNAL,FUNCTIONING PROPERLY,OTHER,DAYLIGHT,SIDESWIPE SAME DIRECTION,DIVIDED - W/MEDIAN (NOT RAISED),,STRAIGHT AND LEVEL,WET,UNKNOWN,NOT ON SCENE (DESK REPORT),NO INJURY / DRIVE AWAY,Y,,,"$501 - $1,500",9/12/2019 7:45,UNABLE TO DETERMINE,UNABLE TO DETERMINE,2350,W,GARFIELD BLVD,932,,,,,,,2,NO INDICATION OF INJURY,0,0,0,0,0,3,0,6,5,9,41.793933,-87.68314376,POINT (-87.683143754624 41.793933002156)
JC429817,,9/12/2019 6:50,30,TRAFFIC SIGNAL,FUNCTIONING PROPERLY,CLEAR,DAYLIGHT,REAR END,NOT DIVIDED,,STRAIGHT AND LEVEL,WET,NO DEFECTS,NOT ON SCENE (DESK REPORT),NO INJURY / DRIVE AWAY,Y,,,"$501 - $1,500",9/12/2019 7:45,UNABLE TO DETERMINE,UNABLE TO DETERMINE,6200,W,63RD ST,812,,,,,,,2,NO INDICATION OF INJURY,0,0,0,0,0,2,0,6,5,9,41.77787612,-87.77644565,POINT (-87.776445651971 41.777876114963)
JC429800,,9/12/2019 6:50,30,NO CONTROLS,NO CONTROLS,CLEAR,DAYLIGHT,SIDESWIPE SAME DIRECTION,NOT DIVIDED,,STRAIGHT AND LEVEL,DRY,NO DEFECTS,NOT ON SCENE (DESK REPORT),NO INJURY / DRIVE AWAY,,,,"OVER $1,500",9/12/2019 7:20,IMPROPER LANE USAGE,NOT APPLICABLE,301,S,CENTRAL AVE,1522,,,,,,,2,NO INDICATION OF INJURY,0,0,0,0,0,2,0,6,5,9,41.8764963,-87.76457647,POINT (-87.764576472777 41.876496295825)
JC429795,,9/12/2019 6:50,10,NO CONTROLS,NO CONTROLS,CLEAR,DAYLIGHT,SIDESWIPE SAME DIRECTION,DIVIDED - W/MEDIAN (NOT RAISED),,STRAIGHT AND LEVEL,WET,NO DEFECTS,ON SCENE,NO INJURY / DRIVE AWAY,,,,"OVER $1,500",9/12/2019 6:53,DRIVING SKILLS/KNOWLEDGE/EXPERIENCE,NOT APPLICABLE,3271,W,COLUMBUS AVE,834,,,,,,,2,NO INDICATION OF INJURY,0,0,0,0,0,2,0,6,5,9,41.74906594,-87.70426315,POINT (-87.704263153909 41.749065937035)
JC429787,,9/12/2019 6:50,30,TRAFFIC SIGNAL,FUNCTIONING PROPERLY,CLEAR,DAYLIGHT,TURNING,NOT DIVIDED,,STRAIGHT AND LEVEL,WET,NO DEFECTS,ON SCENE,INJURY AND / OR TOW DUE TO CRASH,Y,,,"OVER $1,500",9/12/2019 6:54,NOT APPLICABLE,NOT APPLICABLE,5600,W,NORTH AVE,2531,,,,,,,2,NO INDICATION OF INJURY,0,0,0,0,0,3,0,6,5,9,41.90948796,-87.76577699,POINT (-87.76577698728 41.909487955523)
JC429785,,9/12/2019 6:50,30,NO CONTROLS,NO CONTROLS,CLEAR,DAYLIGHT,REAR TO FRONT,NOT DIVIDED,,STRAIGHT AND LEVEL,WET,NO DEFECTS,ON SCENE,NO INJURY / DRIVE AWAY,,,,"OVER $1,500",9/12/2019 6:53,IMPROPER BACKING,NOT APPLICABLE,350,N,LAVERGNE AVE,1532,,,,,,,2,NO INDICATION OF INJURY,0,0,0,0,0,2,0,6,5,9,41.88713083,-87.75055798,POINT (-87.7505579815 41.887130824826)
JC429781,,9/12/2019 6:46,30,NO CONTROLS,NO CONTROLS,CLOUDY/OVERCAST,DAYLIGHT,SIDESWIPE SAME DIRECTION,NOT DIVIDED,,STRAIGHT AND LEVEL,WET,NO DEFECTS,ON SCENE,NO INJURY / DRIVE AWAY,,,,"$501 - $1,500",9/12/2019 6:46,IMPROPER LANE USAGE,NOT APPLICABLE,205,S,MICHIGAN AVE,114,,,,,,,2,NO INDICATION OF INJURY,0,0,0,0,0,2,0,6,5,9,41.87939994,-87.62420303,POINT (-87.624203027813 41.879399937502)
JC433461,,9/12/2019 6:45,30,STOP SIGN/FLASHER,FUNCTIONING PROPERLY,CLEAR,DAYLIGHT,TURNING,DIVIDED - W/MEDIAN (NOT RAISED),,STRAIGHT AND LEVEL,DRY,NO DEFECTS,NOT ON SCENE (DESK REPORT),NO INJURY / DRIVE AWAY,Y,,,"$501 - $1,500",9/14/2019 18:56,FAILING TO YIELD RIGHT-OF-WAY,NOT APPLICABLE,7100,S,KEDZIE AVE,831,,,,,,,2,NO INDICATION OF INJURY,0,0,0,0,0,2,0,6,5,9,41.76429504,-87.70295716,POINT (-87.702957162118 41.764295036757)
JC429798,,9/12/2019 6:42,30,TRAFFIC SIGNAL,FUNCTIONING PROPERLY,CLEAR,DAYLIGHT,TURNING,UNKNOWN INTERSECTION TYPE,,STRAIGHT AND LEVEL,DRY,NO DEFECTS,ON SCENE,INJURY AND / OR TOW DUE TO CRASH,Y,,,"OVER $1,500",9/12/2019 8:43,DISREGARDING OTHER TRAFFIC SIGNS,UNABLE TO DETERMINE,601,N,CICERO AVE,1111,,,,,,,2,"REPORTED, NOT EVIDENT",1,0,0,0,1,3,0,6,5,9,41.89142875,-87.74553396,POINT (-87.745533957234 41.891428747289)
JC430816,,9/12/2019 6:30,30,TRAFFIC SIGNAL,FUNCTIONING PROPERLY,CLOUDY/OVERCAST,DAYLIGHT,REAR END,NOT DIVIDED,,STRAIGHT AND LEVEL,WET,NO DEFECTS,NOT ON SCENE (DESK REPORT),NO INJURY / DRIVE AWAY,,,,"$501 - $1,500",9/12/2019 19:40,FOLLOWING TOO CLOSELY,NOT APPLICABLE,5600,W,LAWRENCE AVE,1622,,,,,,,2,NO INDICATION OF INJURY,0,0,0,0,0,2,0,6,5,9,41.9678905,-87.7676023,POINT (-87.767602295606 41.967890500498)
JC430650,,9/12/2019 6:30,25,NO CONTROLS,NO CONTROLS,CLEAR,DAYLIGHT,PARKED MOTOR VEHICLE,NOT DIVIDED,,STRAIGHT AND LEVEL,DRY,NO DEFECTS,NOT ON SCENE (DESK REPORT),NO INJURY / DRIVE AWAY,,,Y,"$501 - $1,500",9/12/2019 17:55,UNABLE TO DETERMINE,UNABLE TO DETERMINE,4136,N,TRIPP AVE,1722,,,,,,,2,NO INDICATION OF INJURY,0,0,0,0,0,1,0,6,5,9,41.95655815,-87.73430384,POINT (-87.734303839897 41.956558149635)
JC429878,,9/12/2019 6:30,30,NO CONTROLS,NO CONTROLS,UNKNOWN,UNKNOWN,PARKED MOTOR VEHICLE,ONE-WAY,,STRAIGHT AND LEVEL,UNKNOWN,NO DEFECTS,NOT ON SCENE (DESK REPORT),INJURY AND / OR TOW DUE TO CRASH,,,Y,"OVER $1,500",9/12/2019 8:50,UNABLE TO DETERMINE,UNABLE TO DETERMINE,4003,N,PARKSIDE AVE,1624,,,,,,,2,NO INDICATION OF INJURY,0,0,0,0,0,1,0,6,5,9,41.95331805,-87.76808468,POINT (-87.768084679317 41.953318047913)
JC429778,,9/12/2019 6:24,30,TRAFFIC SIGNAL,FUNCTIONING PROPERLY,CLEAR,DAYLIGHT,REAR END,FOUR WAY,,STRAIGHT AND LEVEL,DRY,NO DEFECTS,ON SCENE,NO INJURY / DRIVE AWAY,,,,"OVER $1,500",9/12/2019 6:30,UNABLE TO DETERMINE,UNABLE TO DETERMINE,6413,W,FULLERTON AVE,2512,,,,,,,2,NO INDICATION OF INJURY,0,0,0,0,0,4,0,6,5,9,41.92356428,-87.78597599,POINT (-87.785975988317 41.9235642811)
JC429790,,9/12/2019 6:20,40,NO CONTROLS,NO CONTROLS,CLEAR,DAYLIGHT,FIXED OBJECT,DIVIDED - W/MEDIAN BARRIER,,CURVE ON GRADE,WET,NO DEFECTS,ON SCENE,INJURY AND / OR TOW DUE TO CRASH,,,,"OVER $1,500",9/12/2019 6:30,FAILING TO REDUCE SPEED TO AVOID CRASH,WEATHER,3800,N,LAKE SHORE DR SB,1925,,,,,,,2,"REPORTED, NOT EVIDENT",1,0,0,0,1,1,0,6,5,9,41.95241049,-87.64495364,POINT (-87.644953636539 41.952410486572)
JC429773,,9/12/2019 6:19,30,STOP SIGN/FLASHER,FUNCTIONING PROPERLY,RAIN,DAWN,PARKED MOTOR VEHICLE,ONE-WAY,,STRAIGHT AND LEVEL,WET,SHOULDER DEFECT,ON SCENE,INJURY AND / OR TOW DUE TO CRASH,,,,"OVER $1,500",9/12/2019 6:22,FAILING TO REDUCE SPEED TO AVOID CRASH,WEATHER,1450,W,81ST ST,612,,,,,,,2,NO INDICATION OF INJURY,0,0,0,0,0,1,0,6,5,9,41.74686539,-87.6605251,POINT (-87.660525095954 41.746865387613)
JC429981,,9/12/2019 6:00,30,NO CONTROLS,NO CONTROLS,RAIN,DAWN,SIDESWIPE SAME DIRECTION,ONE-WAY,,STRAIGHT AND LEVEL,WET,NO DEFECTS,NOT ON SCENE (DESK REPORT),NO INJURY / DRIVE AWAY,,,,"OVER $1,500",9/12/2019 10:20,IMPROPER OVERTAKING/PASSING,UNABLE TO DETERMINE,172,N,BESSIE COLEMAN DR,1654,,,,,,,2,NO INDICATION OF INJURY,0,0,0,0,0,2,0,6,5,9,,,
JC429927,Y,9/12/2019 6:00,30,NO CONTROLS,NO CONTROLS,CLEAR,DARKNESS,PARKED MOTOR VEHICLE,ONE-WAY,,STRAIGHT AND LEVEL,DRY,NO DEFECTS,ON SCENE,NO INJURY / DRIVE AWAY,,,Y,"$501 - $1,500",9/12/2019 9:14,UNABLE TO DETERMINE,NOT APPLICABLE,233,S,LOWER WACKER DR,122,,,,,,,2,NO INDICATION OF INJURY,0,0,0,0,0,1,0,6,5,9,41.87856008,-87.63648715,POINT (-87.636487146353 41.878560075262)
JC429768,,9/12/2019 5:50,40,NO CONTROLS,NO CONTROLS,RAIN,DAYLIGHT,OVERTURNED,DIVIDED - W/MEDIAN BARRIER,,"CURVE, LEVEL",WET,NO DEFECTS,ON SCENE,INJURY AND / OR TOW DUE TO CRASH,,,,"OVER $1,500",9/12/2019 5:50,"OPERATING VEHICLE IN ERRATIC, RECKLESS, CARELESS, NEGLIGENT OR AGGRESSIVE MANNER",NOT APPLICABLE,800,N,LAKE SHORE DR NB,1833,,,,,,,1,NO INDICATION OF INJURY,0,0,0,0,0,1,0,5,5,9,41.89681668,-87.61682704,POINT (-87.61682704395 41.896816682694)
JC429764,,9/12/2019 5:42,30,NO CONTROLS,NO CONTROLS,CLEAR,"DARKNESS, LIGHTED ROAD",REAR END,NOT DIVIDED,,STRAIGHT AND LEVEL,WET,NO DEFECTS,ON SCENE,INJURY AND / OR TOW DUE TO CRASH,,,Y,"OVER $1,500",9/12/2019 5:47,UNABLE TO DETERMINE,UNABLE TO DETERMINE,2200,E,130TH ST,434,,,,,,,3,NO INDICATION OF INJURY,0,0,0,0,0,3,0,5,5,9,41.65929695,-87.57012905,POINT (-87.570129044549 41.659296952728)
JC429820,,9/12/2019 5:30,30,NO CONTROLS,NO CONTROLS,CLEAR,DAYLIGHT,REAR END,DIVIDED - W/MEDIAN (NOT RAISED),,STRAIGHT AND LEVEL,DRY,NO DEFECTS,NOT ON SCENE (DESK REPORT),NO INJURY / DRIVE AWAY,,,Y,$500 OR LESS,9/12/2019 8:00,UNABLE TO DETERMINE,UNABLE TO DETERMINE,200,S,GREEN ST,1232,,,,,,,2,NO INDICATION OF INJURY,0,0,0,0,0,2,0,5,5,9,41.87913235,-87.64859751,POINT (-87.648597511455 41.879132352289)
JC429758,,9/12/2019 5:28,30,TRAFFIC SIGNAL,FUNCTIONING PROPERLY,RAIN,"DARKNESS, LIGHTED ROAD",REAR END,NOT DIVIDED,,STRAIGHT AND LEVEL,WET,NO DEFECTS,ON SCENE,NO INJURY / DRIVE AWAY,Y,,,"OVER $1,500",9/12/2019 5:35,FOLLOWING TOO CLOSELY,WEATHER,5200,S,CICERO AVE,814,,,,,,,2,NO INDICATION OF INJURY,0,0,0,0,0,2,0,5,5,9,41.79855828,-87.74307187,POINT (-87.743071866164 41.798558278193)
JC429833,,9/12/2019 5:20,30,TRAFFIC SIGNAL,FUNCTIONING PROPERLY,RAIN,DAWN,REAR END,NOT DIVIDED,,STRAIGHT AND LEVEL,WET,NO DEFECTS,NOT ON SCENE (DESK REPORT),NO INJURY / DRIVE AWAY,,,,"OVER $1,500",9/12/2019 8:00,FOLLOWING TOO CLOSELY,NOT APPLICABLE,538,W,18TH ST,1235,,,,,,,2,NO INDICATION OF INJURY,0,0,0,0,0,2,0,5,5,9,41.85774855,-87.64055573,POINT (-87.640555725331 41.857748549817)