RD_NO,CRASH_DATE_EST_I,CRASH_DATE,POSTED_SPEED_LIMIT,TRAFFIC_CONTROL_DEVICE,DEVICE_CONDITION,WEATHER_CONDITION,LIGHTING_CONDITION,FIRST_CRASH_TYPE,TRAFFICWAY_TYPE,LANE_CNT,ALIGNMENT,ROADWAY_SURFACE_COND,ROAD_DEFECT,REPORT_TYPE,CRASH_TYPE,INTERSECTION_RELATED_I,NOT_RIGHT_OF_WAY_I,HIT_AND_RUN_I,DAMAGE,DATE_POLICE_NOTIFIED,PRIM_CONTRIBUTORY_CAUSE,SEC_CONTRIBUTORY_CAUSE,STREET_NO,STREET_DIRECTION,STREET_NAME,BEAT_OF_OCCURRENCE,PHOTOS_TAKEN_I,STATEMENTS_TAKEN_I,DOORING_I,WORK_ZONE_I,WORK_ZONE_TYPE,WORKERS_PRESENT_I,NUM_UNITS,MOST_SEVERE_INJURY,INJURIES_TOTAL,INJURIES_FATAL,INJURIES_INCAPACITATING,INJURIES_NON_INCAPACITATING,INJURIES_REPORTED_NOT_EVIDENT,INJURIES_NO_INDICATION,INJURIES_UNKNOWN,CRASH_HOUR,CRASH_DAY_OF_WEEK,CRASH_MONTH,LATITUDE,LONGITUDE,LOCATION
JC430419,,9/12/2019 5:00,30,TRAFFIC SIGNAL,FUNCTIONING PROPERLY,CLOUDY/OVERCAST,DAWN,TURNING,NOT DIVIDED,,STRAIGHT AND LEVEL,DRY,UNKNOWN,NOT ON SCENE (DESK REPORT),NO INJURY / DRIVE AWAY,,,,"$501 - $1,500",9/12/2019 15:50,IMPROPER TURNING/NO SIGNAL,NOT APPLICABLE,3900,S,CICERO AVE,1031,,,,,,,2,NO INDICATION OF INJURY,0,0,0,0,0,2,0,5,5,9,41.82194483,-87.7436766,POINT (-87.743676596199 41.821944833083)
JC429765,,9/12/2019 5:00,30,NO CONTROLS,NO CONTROLS,RAIN,"DARKNESS, LIGHTED ROAD",REAR END,NOT DIVIDED,,STRAIGHT AND LEVEL,WET,NO DEFECTS,NOT ON SCENE (DESK REPORT),NO INJURY / DRIVE AWAY,,,,"OVER $1,500",9/12/2019 5:30,FOLLOWING TOO CLOSELY,WEATHER,1749,W,87TH ST,2221,,,,,,,2,NO INDICATION OF INJURY,0,0,0,0,0,2,0,5,5,9,41.73562095,-87.66747105,POINT (-87.667471046212 41.735620945965)
JC429755,,9/12/2019 5:00,30,NO CONTROLS,NO CONTROLS,CLEAR,"DARKNESS, LIGHTED ROAD",PEDESTRIAN,NOT DIVIDED,,STRAIGHT AND LEVEL,DRY,NO DEFECTS,ON SCENE,INJURY AND / OR TOW DUE TO CRASH,,,Y,$500 OR LESS,9/12/2019 5:17,UNABLE TO DETERMINE,UNABLE TO DETERMINE,8210,S,DAMEN AVE,614,,,,,,,2,NONINCAPACITATING INJURY,1,0,0,1,0,1,0,5,5,9,41.74442449,-87.67314223,POINT (-87.673142232555 41.744424490203)
JC429753,,9/12/2019 4:49,30,TRAFFIC SIGNAL,UNKNOWN,RAIN,"DARKNESS, LIGHTED ROAD",TURNING,NOT DIVIDED,,STRAIGHT AND LEVEL,WET,NO DEFECTS,ON SCENE,INJURY AND / OR TOW DUE TO CRASH,,,,"OVER $1,500",9/12/2019 4:57,FAILING TO YIELD RIGHT-OF-WAY,IMPROPER TURNING/NO SIGNAL,2810,S,KEDZIE AVE,1032,,,,,,,2,NO INDICATION OF INJURY,0,0,0,0,0,2,0,4,5,9,41.84053171,-87.70506683,POINT (-87.705066826013 41.840531710833)
JC435989,,9/12/2019 4:00,20,NO CONTROLS,NO CONTROLS,CLEAR,DAWN,OTHER NONCOLLISION,NOT DIVIDED,,STRAIGHT AND LEVEL,DRY,NO DEFECTS,NOT ON SCENE (DESK REPORT),NO INJURY / DRIVE AWAY,,,,$500 OR LESS,9/16/2019 15:00,NOT APPLICABLE,NOT APPLICABLE,300,E,58TH ST,232,,,,,,,1,NO INDICATION OF INJURY,0,0,0,0,0,1,0,4,5,9,41.7894087,-87.61900713,POINT (-87.619007132143 41.789408703525)
JC429739,,9/12/2019 3:21,30,NO CONTROLS,NO CONTROLS,RAIN,"DARKNESS, LIGHTED ROAD",PEDESTRIAN,NOT DIVIDED,,STRAIGHT AND LEVEL,WET,NO DEFECTS,ON SCENE,NO INJURY / DRIVE AWAY,,,Y,$500 OR LESS,9/12/2019 3:26,"OPERATING VEHICLE IN ERRATIC, RECKLESS, CARELESS, NEGLIGENT OR AGGRESSIVE MANNER",NOT APPLICABLE,1632,W,46TH ST,924,,,,,,,2,NO INDICATION OF INJURY,0,0,0,0,0,2,0,3,5,9,41.81051885,-87.66630031,POINT (-87.666300308637 41.81051884922)
JC429731,,9/12/2019 2:44,30,NO CONTROLS,NO CONTROLS,CLEAR,"DARKNESS, LIGHTED ROAD",FIXED OBJECT,DIVIDED - W/MEDIAN (NOT RAISED),,STRAIGHT AND LEVEL,DRY,NO DEFECTS,ON SCENE,INJURY AND / OR TOW DUE TO CRASH,,N,Y,"OVER $1,500",9/12/2019 2:44,UNDER THE INFLUENCE OF ALCOHOL/DRUGS (USE WHEN ARREST IS EFFECTED),"OPERATING VEHICLE IN ERRATIC, RECKLESS, CARELESS, NEGLIGENT OR AGGRESSIVE MANNER",655,W,LAKE ST,121,,,,,,,1,NONINCAPACITATING INJURY,1,0,0,1,0,0,0,2,5,9,41.88558669,-87.64501589,POINT (-87.645015889031 41.885586688568)
JC429728,N,9/12/2019 2:36,30,RAILROAD CROSSING GATE,FUNCTIONING PROPERLY,CLEAR,DARKNESS,TRAIN,NOT DIVIDED,,STRAIGHT AND LEVEL,DRY,NO DEFECTS,ON SCENE,INJURY AND / OR TOW DUE TO CRASH,,,,"OVER $1,500",9/12/2019 2:36,DISREGARDING TRAFFIC SIGNALS,NOT APPLICABLE,56,W,115TH ST,522,Y,,,,,,2,FATAL,1,1,0,0,0,1,0,2,5,9,41.68540341,-87.6250955,POINT (-87.625095497319 41.685403410026)
JC429727,,9/12/2019 2:35,30,NO CONTROLS,NO CONTROLS,CLEAR,"DARKNESS, LIGHTED ROAD",TURNING,NOT DIVIDED,,STRAIGHT AND LEVEL,DRY,NO DEFECTS,ON SCENE,NO INJURY / DRIVE AWAY,Y,,,"$501 - $1,500",9/12/2019 2:39,FAILING TO YIELD RIGHT-OF-WAY,NOT APPLICABLE,3500,N,ASHLAND AVE,1922,,,,,,,2,NO INDICATION OF INJURY,0,0,0,0,0,2,0,2,5,9,41.94525519,-87.66896382,POINT (-87.668963818529 41.945255189047)
JC429730,,9/12/2019 2:08,30,TRAFFIC SIGNAL,FUNCTIONING PROPERLY,CLEAR,"DARKNESS, LIGHTED ROAD",PEDALCYCLIST,DIVIDED - W/MEDIAN (NOT RAISED),,STRAIGHT AND LEVEL,WET,NO DEFECTS,,INJURY AND / OR TOW DUE TO CRASH,Y,,Y,"$501 - $1,500",9/12/2019 2:13,DISREGARDING TRAFFIC SIGNALS,UNABLE TO DETERMINE,3200,N,RACINE AVE,1924,,,,,,,2,NONINCAPACITATING INJURY,1,0,0,1,0,1,0,2,5,9,41.93988073,-87.65911672,POINT (-87.659116720047 41.939880726258)
DJ429730,,9/12/2019 2:08,30,TRAFFIC SIGNAL,FUNCTIONING PROPERLY,CLEAR,"DARKNESS, LIGHTED ROAD",PEDALCYCLIST,DIVIDED - W/MEDIAN (NOT RAISED),,STRAIGHT AND LEVEL,WET,NO DEFECTS,ON SCENE,INJURY AND / OR TOW DUE TO CRASH,Y,,Y,"$501 - $1,500",9/12/2019 2:13,DISREGARDING TRAFFIC SIGNALS,UNABLE TO DETERMINE,3200,N,RACINE AVE,1924,,,,,,,2,NONINCAPACITATING INJURY,1,0,0,1,0,1,0,2,5,9,41.93988073,-87.65911672,POINT (-87.659116720047 41.939880726258)
JC431487,Y,9/12/2019 2:00,30,NO CONTROLS,NO CONTROLS,UNKNOWN,UNKNOWN,PARKED MOTOR VEHICLE,DIVIDED - W/MEDIAN (NOT RAISED),,STRAIGHT AND LEVEL,UNKNOWN,NO DEFECTS,NOT ON SCENE (DESK REPORT),NO INJURY / DRIVE AWAY,,,Y,"$501 - $1,500",9/13/2019 10:41,UNABLE TO DETERMINE,UNABLE TO DETERMINE,3909,N,LINDER AVE,1633,,,,,,,2,NO INDICATION OF INJURY,0,0,0,0,0,1,0,2,5,9,41.95171207,-87.76434218,POINT (-87.764342180052 41.951712072901)
JC433062,,9/12/2019 1:50,10,OTHER,NO CONTROLS,UNKNOWN,DAYLIGHT,REAR TO SIDE,PARKING LOT,,STRAIGHT AND LEVEL,UNKNOWN,NO DEFECTS,NOT ON SCENE (DESK REPORT),NO INJURY / DRIVE AWAY,,,Y,"$501 - $1,500",9/14/2019 1:00,UNABLE TO DETERMINE,NOT APPLICABLE,3940,W,FULLERTON AVE,2524,,,,,,,2,NO INDICATION OF INJURY,0,0,0,0,0,2,0,1,5,9,41.9246021,-87.72595061,POINT (-87.725950606183 41.924602103712)
JC429720,,9/12/2019 1:50,30,NO CONTROLS,NO CONTROLS,RAIN,"DARKNESS, LIGHTED ROAD",PARKED MOTOR VEHICLE,NOT DIVIDED,,STRAIGHT AND LEVEL,WET,NO DEFECTS,ON SCENE,NO INJURY / DRIVE AWAY,,,,"OVER $1,500",9/12/2019 1:54,UNABLE TO DETERMINE,NOT APPLICABLE,2636,W,CERMAK RD,1023,,,,,,,2,NO INDICATION OF INJURY,0,0,0,0,0,1,0,1,5,9,41.85205864,-87.69203676,POINT (-87.692036764475 41.852058641444)
JC430192,,9/12/2019 1:45,30,STOP SIGN/FLASHER,FUNCTIONING PROPERLY,CLEAR,"DARKNESS, LIGHTED ROAD",REAR END,NOT DIVIDED,,STRAIGHT AND LEVEL,DRY,NO DEFECTS,NOT ON SCENE (DESK REPORT),NO INJURY / DRIVE AWAY,,,,"OVER $1,500",9/12/2019 13:10,UNABLE TO DETERMINE,UNABLE TO DETERMINE,1500,W,CHICAGO AVE,1213,,,,,,,2,NO INDICATION OF INJURY,0,0,0,0,0,2,0,1,5,9,41.89622007,-87.66494578,POINT (-87.664945781719 41.896220071913)
JC429718,,9/12/2019 1:10,30,NO CONTROLS,NO CONTROLS,CLOUDY/OVERCAST,"DARKNESS, LIGHTED ROAD",FIXED OBJECT,PARKING LOT,,STRAIGHT AND LEVEL,WET,UNKNOWN,NOT ON SCENE (DESK REPORT),NO INJURY / DRIVE AWAY,,Y,,$500 OR LESS,9/12/2019 1:10,FAILING TO REDUCE SPEED TO AVOID CRASH,UNABLE TO DETERMINE,7114,S,VINCENNES AVE,731,,,,,,,1,NO INDICATION OF INJURY,0,0,0,0,0,1,0,1,5,9,41.76493689,-87.62832185,POINT (-87.628321853919 41.764936885503)
JC429712,,9/12/2019 1:00,30,TRAFFIC SIGNAL,FUNCTIONING PROPERLY,CLEAR,"DARKNESS, LIGHTED ROAD",REAR END,NOT DIVIDED,,STRAIGHT AND LEVEL,DRY,NO DEFECTS,NOT ON SCENE (DESK REPORT),NO INJURY / DRIVE AWAY,,,,"OVER $1,500",9/12/2019 1:47,UNABLE TO DETERMINE,UNABLE TO DETERMINE,5500,S,KILPATRICK AVE,813,,,,,,,2,NO INDICATION OF INJURY,0,0,0,0,0,2,0,1,5,9,41.79295611,-87.74046174,POINT (-87.740461742821 41.792956107689)
JC429692,,9/12/2019 0:44,30,NO CONTROLS,NO CONTROLS,CLEAR,"DARKNESS, LIGHTED ROAD",FIXED OBJECT,DIVIDED - W/MEDIAN BARRIER,,STRAIGHT AND LEVEL,WET,NO DEFECTS,ON SCENE,INJURY AND / OR TOW DUE TO CRASH,,,,"OVER $1,500",9/12/2019 0:44,FAILING TO REDUCE SPEED TO AVOID CRASH,UNABLE TO DETERMINE,9141,S,HALSTED ST,2223,,,,,,,1,NO INDICATION OF INJURY,0,0,0,0,0,1,0,0,5,9,41.72754304,-87.64323247,POINT (-87.643232472733 41.727543039272)
JC429710,,9/12/2019 0:35,30,TRAFFIC SIGNAL,FUNCTIONING PROPERLY,RAIN,"DARKNESS, LIGHTED ROAD",ANGLE,FOUR WAY,,STRAIGHT AND LEVEL,WET,UNKNOWN,ON SCENE,INJURY AND / OR TOW DUE TO CRASH,Y,,Y,"OVER $1,500",9/12/2019 0:46,DISREGARDING TRAFFIC SIGNALS,NOT APPLICABLE,398,N,LA SALLE DR,1831,Y,,,,,,2,NO INDICATION OF INJURY,0,0,0,0,0,3,0,0,5,9,41.88915731,-87.63267109,POINT (-87.632671089576 41.889157304588)
JC429667,,9/12/2019 0:30,30,STOP SIGN/FLASHER,FUNCTIONING PROPERLY,RAIN,"DARKNESS, LIGHTED ROAD",ANGLE,NOT DIVIDED,,STRAIGHT AND LEVEL,UNKNOWN,NO DEFECTS,ON SCENE,NO INJURY / DRIVE AWAY,Y,,,"$501 - $1,500",9/12/2019 0:30,DISREGARDING STOP SIGN,NOT APPLICABLE,4700,W,MADISON ST,1113,,,,,,,2,NO INDICATION OF INJURY,0,0,0,0,0,2,0,0,5,9,41.88063406,-87.74295473,POINT (-87.742954731159 41.880634055402)
JC429683,,9/12/2019 0:27,30,NO CONTROLS,NO CONTROLS,RAIN,"DARKNESS, LIGHTED ROAD",FIXED OBJECT,DIVIDED - W/MEDIAN (NOT RAISED),,STRAIGHT AND LEVEL,WET,NO DEFECTS,ON SCENE,NO INJURY / DRIVE AWAY,,,,$500 OR LESS,9/12/2019 0:34,NOT APPLICABLE,NOT APPLICABLE,8126,S,ASHLAND AVE,614,,,,,,,1,NO INDICATION OF INJURY,0,0,0,0,0,2,0,0,5,9,41.7458872,-87.66347142,POINT (-87.663471419851 41.74588720132)
JC429687,,9/12/2019 0:22,30,TRAFFIC SIGNAL,FUNCTIONING PROPERLY,RAIN,"DARKNESS, LIGHTED ROAD",REAR END,NOT DIVIDED,,STRAIGHT AND LEVEL,WET,UNKNOWN,NOT ON SCENE (DESK REPORT),NO INJURY / DRIVE AWAY,,,,$500 OR LESS,9/12/2019 0:55,FOLLOWING TOO CLOSELY,DISTRACTION - FROM INSIDE VEHICLE,4399,S,PULASKI RD,821,,,,,,,2,NO INDICATION OF INJURY,0,0,0,0,0,2,0,0,5,9,41.81346065,-87.72364893,POINT (-87.723648927228 41.813460649358)
JC429670,,9/12/2019 0:13,30,TRAFFIC SIGNAL,FUNCTIONING PROPERLY,RAIN,"DARKNESS, LIGHTED ROAD",TURNING,T-INTERSECTION,,STRAIGHT AND LEVEL,WET,NO DEFECTS,ON SCENE,INJURY AND / OR TOW DUE TO CRASH,Y,,,"$501 - $1,500",9/12/2019 0:13,IMPROPER TURNING/NO SIGNAL,NOT APPLICABLE,7400,S,ASHLAND AVE,735,,,,,,,2,NONINCAPACITATING INJURY,1,0,0,1,0,1,0,0,5,9,41.7593684,-87.66378572,POINT (-87.663785715867 41.75936839646)
JC429673,Y,9/12/2019 0:01,30,UNKNOWN,UNKNOWN,RAIN,"DARKNESS, LIGHTED ROAD",FIXED OBJECT,DIVIDED - W/MEDIAN BARRIER,,STRAIGHT AND LEVEL,WET,NO DEFECTS,NOT ON SCENE (DESK REPORT),NO INJURY / DRIVE AWAY,,,,"OVER $1,500",9/12/2019 0:01,UNDER THE INFLUENCE OF ALCOHOL/DRUGS (USE WHEN ARREST IS EFFECTED),UNDER THE INFLUENCE OF ALCOHOL/DRUGS (USE WHEN ARREST IS EFFECTED),2456,W,IRVING PARK RD,1911,,,,,,,1,NO INDICATION OF INJURY,0,0,0,0,0,1,0,0,5,9,41.95410694,-87.69067432,POINT (-87.690674321546 41.954106939659)
JC430050,,9/11/2019 23:45,35,TRAFFIC SIGNAL,FUNCTIONING IMPROPERLY,CLEAR,"DARKNESS, LIGHTED ROAD",TURNING,DIVIDED - W/MEDIAN (NOT RAISED),,STRAIGHT AND LEVEL,DRY,NO DEFECTS,NOT ON SCENE (DESK REPORT),NO INJURY / DRIVE AWAY,,,,"$501 - $1,500",9/12/2019 10:51,IMPROPER TURNING/NO SIGNAL,NOT APPLICABLE,3378,W,DIVISION ST,1422,,,,,,,2,NO INDICATION OF INJURY,0,0,0,0,0,2,0,23,4,9,41.90289809,-87.7116244,POINT (-87.711624397675 41.902898093312)
JC429652,,9/11/2019 23:33,35,TRAFFIC SIGNAL,FUNCTIONING PROPERLY,RAIN,"DARKNESS, LIGHTED ROAD",REAR END,DIVIDED - W/MEDIAN BARRIER,,STRAIGHT AND LEVEL,WET,NO DEFECTS,ON SCENE,NO INJURY / DRIVE AWAY,Y,,,$500 OR LESS,9/11/2019 23:33,FOLLOWING TOO CLOSELY,UNDER THE INFLUENCE OF ALCOHOL/DRUGS (USE WHEN ARREST IS EFFECTED),100,S,DAMEN AVE,1223,,,,,,,2,NO INDICATION OF INJURY,0,0,0,0,0,3,0,23,4,9,41.87994759,-87.67675699,POINT (-87.676756993386 41.87994758579)
JC429659,,9/11/2019 23:32,30,NO CONTROLS,NO CONTROLS,RAIN,"DARKNESS, LIGHTED ROAD",SIDESWIPE SAME DIRECTION,DIVIDED - W/MEDIAN (NOT RAISED),,STRAIGHT AND LEVEL,WET,NO DEFECTS,ON SCENE,NO INJURY / DRIVE AWAY,,,,"$501 - $1,500",9/11/2019 23:32,DISTRACTION - FROM INSIDE VEHICLE,FAILING TO REDUCE SPEED TO AVOID CRASH,299,S,KOSTNER AVE,1115,,,,,,,2,NO INDICATION OF INJURY,0,0,0,0,0,4,0,23,4,9,41.87701345,-87.73520385,POINT (-87.735203846742 41.877013445326)
JC429647,,9/11/2019 23:15,30,NO CONTROLS,NO CONTROLS,RAIN,"DARKNESS, LIGHTED ROAD",SIDESWIPE SAME DIRECTION,NOT DIVIDED,,STRAIGHT AND LEVEL,WET,UNKNOWN,ON SCENE,NO INJURY / DRIVE AWAY,,,,"$501 - $1,500",9/11/2019 23:21,IMPROPER OVERTAKING/PASSING,NOT APPLICABLE,4751,W,LAWRENCE AVE,1722,,,,,,,2,NO INDICATION OF INJURY,0,0,0,0,0,3,0,23,4,9,41.96792554,-87.74732586,POINT (-87.747325858979 41.967925538355)
JC429635,,9/11/2019 23:05,30,NO CONTROLS,NO CONTROLS,CLEAR,"DARKNESS, LIGHTED ROAD",PEDESTRIAN,DIVIDED - W/MEDIAN (NOT RAISED),,STRAIGHT AND LEVEL,DRY,NO DEFECTS,ON SCENE,INJURY AND / OR TOW DUE TO CRASH,,,,"OVER $1,500",9/11/2019 23:09,FAILING TO YIELD RIGHT-OF-WAY,NOT APPLICABLE,327,S,CICERO AVE,1131,,,,,,,2,INCAPACITATING INJURY,1,0,1,0,0,1,0,23,4,9,41.87595151,-87.74495664,POINT (-87.744956641911 41.875951513388)
JC430493,,9/11/2019 23:00,40,NO CONTROLS,NO CONTROLS,CLEAR,"DARKNESS, LIGHTED ROAD",OTHER NONCOLLISION,OTHER,,STRAIGHT AND LEVEL,DRY,NO DEFECTS,,INJURY AND / OR TOW DUE TO CRASH,,,,"OVER $1,500",9/12/2019 16:25,UNABLE TO DETERMINE,NOT APPLICABLE,3000,S,LAKE SHORE DR SB,133,,,,,,,1,NO INDICATION OF INJURY,0,0,0,0,0,1,0,23,4,9,41.83996516,-87.60937995,POINT (-87.609379951551 41.839965158438)
JC429624,,9/11/2019 22:55,20,NO CONTROLS,NO CONTROLS,CLEAR,"DARKNESS, LIGHTED ROAD",PARKED MOTOR VEHICLE,NOT DIVIDED,,"CURVE, LEVEL",DRY,NO DEFECTS,ON SCENE,INJURY AND / OR TOW DUE TO CRASH,,,Y,"OVER $1,500",9/11/2019 22:59,UNABLE TO DETERMINE,NOT APPLICABLE,321,E,18TH ST,132,,,,,,,3,NO INDICATION OF INJURY,0,0,0,0,0,1,0,22,4,9,41.85782306,-87.61984864,POINT (-87.619848641317 41.857823062962)
JC429627,Y,9/11/2019 22:54,30,NO CONTROLS,NO CONTROLS,CLEAR,"DARKNESS, LIGHTED ROAD",TURNING,NOT DIVIDED,,STRAIGHT AND LEVEL,DRY,NO DEFECTS,ON SCENE,INJURY AND / OR TOW DUE TO CRASH,Y,,,"OVER $1,500",9/11/2019 22:54,IMPROPER TURNING/NO SIGNAL,NOT APPLICABLE,4230,W,IRVING PARK RD,1722,,,,,,,2,NONINCAPACITATING INJURY,1,0,0,1,0,1,0,22,4,9,41.9536886,-87.73389766,POINT (-87.733897658514 41.953688597388)
JC429634,,9/11/2019 22:50,20,NO CONTROLS,FUNCTIONING PROPERLY,CLEAR,DARKNESS,PARKED MOTOR VEHICLE,NOT DIVIDED,,STRAIGHT AND LEVEL,DRY,NO DEFECTS,ON SCENE,NO INJURY / DRIVE AWAY,,,,"OVER $1,500",9/11/2019 22:55,UNABLE TO DETERMINE,UNABLE TO DETERMINE,1746,W,ESTES AVE,2423,,N,,,,,2,NO INDICATION OF INJURY,0,0,0,0,0,1,0,22,4,9,42.01152507,-87.67425654,POINT (-87.674256536358 42.011525069081)
JC429615,,9/11/2019 22:50,30,NO CONTROLS,NO CONTROLS,CLEAR,"DARKNESS, LIGHTED ROAD",REAR END,NOT DIVIDED,,STRAIGHT AND LEVEL,DRY,NO DEFECTS,ON SCENE,NO INJURY / DRIVE AWAY,,,,"OVER $1,500",9/11/2019 22:52,UNABLE TO DETERMINE,UNABLE TO DETERMINE,1347,W,IRVING PARK RD,1923,,,,,,,2,NO INDICATION OF INJURY,0,0,0,0,0,3,0,22,4,9,41.95424559,-87.66417949,POINT (-87.664179484716 41.95424558974)
JC429611,,9/11/2019 22:46,30,NO CONTROLS,NO CONTROLS,CLEAR,"DARKNESS, LIGHTED ROAD",PARKED MOTOR VEHICLE,NOT DIVIDED,,STRAIGHT AND LEVEL,DRY,UNKNOWN,ON SCENE,NO INJURY / DRIVE AWAY,,,N,"OVER $1,500",9/11/2019 23:03,UNABLE TO DETERMINE,UNABLE TO DETERMINE,1108,W,FOSTER AVE,2023,,,,,,,2,NO INDICATION OF INJURY,0,0,0,0,0,1,0,22,4,9,41.97645647,-87.65824236,POINT (-87.658242359933 41.976456465606)
JC429628,,9/11/2019 22:38,30,NO CONTROLS,NO CONTROLS,CLEAR,"DARKNESS, LIGHTED ROAD",REAR END,DIVIDED - W/MEDIAN (NOT RAISED),,STRAIGHT AND LEVEL,DRY,NO DEFECTS,ON SCENE,INJURY AND / OR TOW DUE TO CRASH,,N,Y,"OVER $1,500",9/11/2019 23:12,"OPERATING VEHICLE IN ERRATIC, RECKLESS, CARELESS, NEGLIGENT OR AGGRESSIVE MANNER",NOT APPLICABLE,8001,S,WESTERN AVE,835,,,,,,,2,NO INDICATION OF INJURY,0,0,0,0,0,4,0,22,4,9,41.74824561,-87.68265725,POINT (-87.68265725033 41.748245609197)
JC429608,,9/11/2019 22:30,30,NO CONTROLS,NO CONTROLS,CLEAR,"DARKNESS, LIGHTED ROAD",SIDESWIPE SAME DIRECTION,DIVIDED - W/MEDIAN (NOT RAISED),,STRAIGHT AND LEVEL,DRY,NO DEFECTS,NOT ON SCENE (DESK REPORT),NO INJURY / DRIVE AWAY,,,,"OVER $1,500",9/11/2019 22:45,IMPROPER LANE USAGE,NOT APPLICABLE,15,E,87TH ST,632,,,,,,,2,NO INDICATION OF INJURY,0,0,0,0,0,2,0,22,4,9,41.73621666,-87.6234954,POINT (-87.623495395861 41.736216662835)
JC429612,,9/11/2019 22:24,30,TRAFFIC SIGNAL,FUNCTIONING PROPERLY,CLEAR,"DARKNESS, LIGHTED ROAD",FIXED OBJECT,DIVIDED - W/MEDIAN (NOT RAISED),,STRAIGHT AND LEVEL,DRY,NO DEFECTS,ON SCENE,NO INJURY / DRIVE AWAY,Y,,,"$501 - $1,500",9/11/2019 22:25,UNABLE TO DETERMINE,UNABLE TO DETERMINE,1459,W,NORTH AVE,1433,,,,,,,1,NO INDICATION OF INJURY,0,0,0,0,0,1,0,22,4,9,41.91055512,-87.66517836,POINT (-87.665178359138 41.910555116254)
JC441936,,9/11/2019 22:15,30,NO CONTROLS,UNKNOWN,CLEAR,DUSK,PEDALCYCLIST,NOT DIVIDED,,STRAIGHT AND LEVEL,DRY,NO DEFECTS,NOT ON SCENE (DESK REPORT),INJURY AND / OR TOW DUE TO CRASH,Y,,,$500 OR LESS,9/20/2019 21:30,UNABLE TO DETERMINE,UNABLE TO DETERMINE,2000,N,DAMEN AVE,1432,,,,,,,2,NONINCAPACITATING INJURY,1,0,0,1,0,1,0,22,4,9,41.91779304,-87.67776977,POINT (-87.677769767737 41.917793041023)
JC429582,,9/11/2019 21:45,30,NO CONTROLS,NO CONTROLS,CLEAR,"DARKNESS, LIGHTED ROAD",REAR END,DIVIDED - W/MEDIAN (NOT RAISED),,STRAIGHT AND LEVEL,DRY,NO DEFECTS,NOT ON SCENE (DESK REPORT),NO INJURY / DRIVE AWAY,,,,"$501 - $1,500",9/11/2019 22:15,FAILING TO REDUCE SPEED TO AVOID CRASH,UNABLE TO DETERMINE,1600,E,95TH ST,413,,,,,,,2,NO INDICATION OF INJURY,0,0,0,0,0,3,0,21,4,9,41.72244946,-87.58500357,POINT (-87.585003569109 41.722449457011)
JC430323,,9/11/2019 21:20,35,TRAFFIC SIGNAL,FUNCTIONING PROPERLY,CLEAR,"DARKNESS, LIGHTED ROAD",REAR END,NOT DIVIDED,,STRAIGHT AND LEVEL,DRY,NO DEFECTS,NOT ON SCENE (DESK REPORT),NO INJURY / DRIVE AWAY,,,,"OVER $1,500",9/12/2019 14:30,FOLLOWING TOO CLOSELY,UNABLE TO DETERMINE,9529,S,STONY ISLAND AVE,431,,,,,,,2,NO INDICATION OF INJURY,0,0,0,0,0,2,0,21,4,9,41.72133275,-87.58484244,POINT (-87.584842444303 41.721332746607)
JC430083,,9/11/2019 21:15,30,NO CONTROLS,NO CONTROLS,CLEAR,DUSK,PARKED MOTOR VEHICLE,OTHER,,STRAIGHT AND LEVEL,DRY,NO DEFECTS,NOT ON SCENE (DESK REPORT),NO INJURY / DRIVE AWAY,,,Y,"OVER $1,500",9/12/2019 11:30,UNABLE TO DETERMINE,UNABLE TO DETERMINE,401,N,WABASH AVE,1834,Y,,,,,,2,NO INDICATION OF INJURY,0,0,0,0,0,1,0,21,4,9,41.88928401,-87.62654855,POINT (-87.626548547941 41.889284013529)
JC430740,Y,9/11/2019 21:00,30,NO CONTROLS,NO CONTROLS,UNKNOWN,UNKNOWN,PARKED MOTOR VEHICLE,NOT DIVIDED,,STRAIGHT AND LEVEL,UNKNOWN,NO DEFECTS,ON SCENE,NO INJURY / DRIVE AWAY,,,Y,"OVER $1,500",9/12/2019 18:11,NOT APPLICABLE,NOT APPLICABLE,11848,S,STATE ST,522,,,,,,,2,NO INDICATION OF INJURY,0,0,0,0,0,1,0,21,4,9,41.67836102,-87.62281755,POINT (-87.622817549118 41.678361014784)
JC429589,,9/11/2019 21:00,15,NO CONTROLS,NO CONTROLS,CLEAR,DAYLIGHT,PARKED MOTOR VEHICLE,OTHER,,STRAIGHT AND LEVEL,DRY,NO DEFECTS,NOT ON SCENE (DESK REPORT),NO INJURY / DRIVE AWAY,,,Y,$500 OR LESS,9/11/2019 22:15,UNABLE TO DETERMINE,UNABLE TO DETERMINE,3323,N,OCONTO AVE,1631,,,,,,,2,NO INDICATION OF INJURY,0,0,0,0,0,1,0,21,4,9,41.9404703,-87.80789603,POINT (-87.807896034444 41.940470300303)
JC429583,,9/11/2019 21:00,30,NO CONTROLS,NO CONTROLS,CLEAR,"DARKNESS, LIGHTED ROAD",PARKED MOTOR VEHICLE,NOT DIVIDED,,STRAIGHT AND LEVEL,DRY,NO DEFECTS,NOT ON SCENE (DESK REPORT),NO INJURY / DRIVE AWAY,,,Y,"$501 - $1,500",9/11/2019 22:00,UNABLE TO DETERMINE,UNABLE TO DETERMINE,7026,N,SHERIDAN RD,2423,,,,,,,2,NO INDICATION OF INJURY,0,0,0,0,0,1,0,21,4,9,42.00993103,-87.66248298,POINT (-87.662482979766 42.009931028723)