RD_NO,CRASH_DATE_EST_I,CRASH_DATE,POSTED_SPEED_LIMIT,TRAFFIC_CONTROL_DEVICE,DEVICE_CONDITION,WEATHER_CONDITION,LIGHTING_CONDITION,FIRST_CRASH_TYPE,TRAFFICWAY_TYPE,LANE_CNT,ALIGNMENT,ROADWAY_SURFACE_COND,ROAD_DEFECT,REPORT_TYPE,CRASH_TYPE,INTERSECTION_RELATED_I,NOT_RIGHT_OF_WAY_I,HIT_AND_RUN_I,DAMAGE,DATE_POLICE_NOTIFIED,PRIM_CONTRIBUTORY_CAUSE,SEC_CONTRIBUTORY_CAUSE,STREET_NO,STREET_DIRECTION,STREET_NAME,BEAT_OF_OCCURRENCE,PHOTOS_TAKEN_I,STATEMENTS_TAKEN_I,DOORING_I,WORK_ZONE_I,WORK_ZONE_TYPE,WORKERS_PRESENT_I,NUM_UNITS,MOST_SEVERE_INJURY,INJURIES_TOTAL,INJURIES_FATAL,INJURIES_INCAPACITATING,INJURIES_NON_INCAPACITATING,INJURIES_REPORTED_NOT_EVIDENT,INJURIES_NO_INDICATION,INJURIES_UNKNOWN,CRASH_HOUR,CRASH_DAY_OF_WEEK,CRASH_MONTH,LATITUDE,LONGITUDE,LOCATION
JC429529,,9/11/2019 21:00,15,NO CONTROLS,NO CONTROLS,CLEAR,"DARKNESS, LIGHTED ROAD",FIXED OBJECT,ALLEY,,STRAIGHT AND LEVEL,DRY,NO DEFECTS,NOT ON SCENE (DESK REPORT),NO INJURY / DRIVE AWAY,,,,$500 OR LESS,9/11/2019 21:01,"VISION OBSCURED (SIGNS, TREE LIMBS, BUILDINGS, ETC.)",NOT APPLICABLE,615,W,103RD ST,2232,,,,,,,1,NO INDICATION OF INJURY,0,0,0,0,0,2,0,21,4,9,41.70686215,-87.63862369,POINT (-87.638623687606 41.706862151575)
JC429518,,9/11/2019 20:53,30,YIELD,OTHER,CLEAR,"DARKNESS, LIGHTED ROAD",ANGLE,DIVIDED - W/MEDIAN BARRIER,,STRAIGHT AND LEVEL,DRY,NO DEFECTS,ON SCENE,INJURY AND / OR TOW DUE TO CRASH,Y,,,"OVER $1,500",9/11/2019 20:53,FAILING TO YIELD RIGHT-OF-WAY,NOT APPLICABLE,150,N,MICHIGAN AVE,111,,,,,,,2,NO INDICATION OF INJURY,0,0,0,0,0,2,0,20,4,9,41.88453096,-87.62460205,POINT (-87.624602044601 41.884530963783)
JC429521,,9/11/2019 20:51,30,NO CONTROLS,NO CONTROLS,CLEAR,DAYLIGHT,PARKED MOTOR VEHICLE,NOT DIVIDED,,STRAIGHT AND LEVEL,DRY,NO DEFECTS,ON SCENE,INJURY AND / OR TOW DUE TO CRASH,,,,"OVER $1,500",9/11/2019 21:24,DISTRACTION - FROM INSIDE VEHICLE,NOT APPLICABLE,2221,W,43RD ST,924,,,,,,,2,NO INDICATION OF INJURY,0,0,0,0,0,4,0,20,4,9,41.81562105,-87.68063583,POINT (-87.680635833157 41.815621054207)
JC429532,,9/11/2019 20:40,30,TRAFFIC SIGNAL,FUNCTIONING PROPERLY,CLEAR,"DARKNESS, LIGHTED ROAD",ANGLE,DIVIDED - W/MEDIAN (NOT RAISED),,STRAIGHT AND LEVEL,DRY,NO DEFECTS,ON SCENE,INJURY AND / OR TOW DUE TO CRASH,Y,,Y,"OVER $1,500",9/11/2019 21:04,DISREGARDING TRAFFIC SIGNALS,NOT APPLICABLE,5900,S,ASHLAND AVE,714,,,,,,,2,NONINCAPACITATING INJURY,2,0,0,1,1,1,0,20,4,9,41.78665418,-87.66453916,POINT (-87.664539157743 41.786654178265)
JC430186,,9/11/2019 20:30,30,NO CONTROLS,NO CONTROLS,CLEAR,DAYLIGHT,REAR END,NOT DIVIDED,,STRAIGHT AND LEVEL,DRY,NO DEFECTS,NOT ON SCENE (DESK REPORT),NO INJURY / DRIVE AWAY,,,,"$501 - $1,500",9/12/2019 13:09,NOT APPLICABLE,NOT APPLICABLE,4999,S,PULASKI RD,821,,,,,,,2,NO INDICATION OF INJURY,0,0,0,0,0,2,0,20,4,9,41.80241455,-87.72328066,POINT (-87.723280661338 41.80241455447)
JC429542,,9/11/2019 20:30,30,NO CONTROLS,NO CONTROLS,CLEAR,"DARKNESS, LIGHTED ROAD",SIDESWIPE SAME DIRECTION,NOT DIVIDED,,STRAIGHT AND LEVEL,DRY,NO DEFECTS,ON SCENE,NO INJURY / DRIVE AWAY,,,,"OVER $1,500",9/11/2019 21:00,FAILING TO YIELD RIGHT-OF-WAY,DRIVING SKILLS/KNOWLEDGE/EXPERIENCE,1538,N,AVERS AVE,2535,,,,,,,3,NO INDICATION OF INJURY,0,0,0,0,0,3,0,20,4,9,41.90926933,-87.72300454,POINT (-87.723004535024 41.909269332551)
JC429506,,9/11/2019 20:30,20,TRAFFIC SIGNAL,FUNCTIONING PROPERLY,CLEAR,"DARKNESS, LIGHTED ROAD",PARKED MOTOR VEHICLE,ONE-WAY,,STRAIGHT AND LEVEL,DRY,NO DEFECTS,NOT ON SCENE (DESK REPORT),INJURY AND / OR TOW DUE TO CRASH,,,N,"OVER $1,500",9/11/2019 20:35,"OPERATING VEHICLE IN ERRATIC, RECKLESS, CARELESS, NEGLIGENT OR AGGRESSIVE MANNER",UNABLE TO DETERMINE,121,N,LECLAIRE AVE,1532,,,,,,,3,NO INDICATION OF INJURY,0,0,0,0,0,1,0,20,4,9,41.8824473,-87.75254708,POINT (-87.75254708223 41.882447301196)
JC429562,,9/11/2019 20:20,30,TRAFFIC SIGNAL,FUNCTIONING PROPERLY,CLEAR,"DARKNESS, LIGHTED ROAD",REAR END,NOT DIVIDED,,STRAIGHT AND LEVEL,DRY,UNKNOWN,NOT ON SCENE (DESK REPORT),INJURY AND / OR TOW DUE TO CRASH,,,,"$501 - $1,500",9/11/2019 21:45,FOLLOWING TOO CLOSELY,FOLLOWING TOO CLOSELY,829,W,NORTH AVE,1822,,,,,,,3,"REPORTED, NOT EVIDENT",1,0,0,0,1,2,0,20,4,9,41.91079178,-87.64943657,POINT (-87.649436574473 41.910791777487)
JC429538,,9/11/2019 20:15,30,NO CONTROLS,NO CONTROLS,CLEAR,"DARKNESS, LIGHTED ROAD",ANGLE,DIVIDED - W/MEDIAN (NOT RAISED),,STRAIGHT AND LEVEL,DRY,NO DEFECTS,NOT ON SCENE (DESK REPORT),NO INJURY / DRIVE AWAY,,,,"$501 - $1,500",9/11/2019 21:32,UNABLE TO DETERMINE,NOT APPLICABLE,350,W,BELDEN AVE,1814,,,,,,,2,NO INDICATION OF INJURY,0,0,0,0,0,3,0,20,4,9,41.92389496,-87.63849549,POINT (-87.638495491216 41.923894957243)
JC429513,,9/11/2019 20:15,30,TRAFFIC SIGNAL,FUNCTIONING PROPERLY,CLEAR,"DARKNESS, LIGHTED ROAD",TURNING,DIVIDED - W/MEDIAN BARRIER,,STRAIGHT AND LEVEL,DRY,UNKNOWN,ON SCENE,INJURY AND / OR TOW DUE TO CRASH,Y,,Y,"OVER $1,500",9/11/2019 20:17,UNABLE TO DETERMINE,UNABLE TO DETERMINE,200,N,GARVEY CT,111,,,,,,,2,NONINCAPACITATING INJURY,1,0,0,1,0,2,0,20,4,9,41.88579484,-87.6303393,POINT (-87.630339298169 41.885794838825)
JC429487,,9/11/2019 20:15,30,NO CONTROLS,NO CONTROLS,CLEAR,"DARKNESS, LIGHTED ROAD",REAR END,ONE-WAY,,STRAIGHT AND LEVEL,DRY,NO DEFECTS,NOT ON SCENE (DESK REPORT),NO INJURY / DRIVE AWAY,,,,"OVER $1,500",9/11/2019 20:35,DISTRACTION - FROM INSIDE VEHICLE,UNABLE TO DETERMINE,11100,S,MARSHFIELD AVE,2234,,,,,,,2,NO INDICATION OF INJURY,0,0,0,0,0,2,0,20,4,9,41.6920732,-87.66100306,POINT (-87.661003057986 41.692073198171)
JC429561,,9/11/2019 20:00,30,STOP SIGN/FLASHER,FUNCTIONING PROPERLY,CLEAR,"DARKNESS, LIGHTED ROAD",PARKED MOTOR VEHICLE,NOT DIVIDED,,STRAIGHT AND LEVEL,DRY,NO DEFECTS,ON SCENE,NO INJURY / DRIVE AWAY,,,Y,"OVER $1,500",9/11/2019 21:49,UNABLE TO DETERMINE,UNABLE TO DETERMINE,5657,S,MAY ST,712,,,,,,,2,NO INDICATION OF INJURY,0,0,0,0,0,1,0,20,4,9,41.79069199,-87.6534236,POINT (-87.653423599038 41.790691991759)
JC429535,,9/11/2019 20:00,30,UNKNOWN,UNKNOWN,CLEAR,DAWN,SIDESWIPE SAME DIRECTION,FOUR WAY,,STRAIGHT AND LEVEL,DRY,UNKNOWN,NOT ON SCENE (DESK REPORT),NO INJURY / DRIVE AWAY,N,,Y,"OVER $1,500",9/11/2019 21:10,NOT APPLICABLE,NOT APPLICABLE,8300,S,STONY ISLAND AVE,412,,,,,,,2,NO INDICATION OF INJURY,0,0,0,0,0,2,0,20,4,9,41.74415164,-87.58594507,POINT (-87.585945066953 41.744151639042)
JC429484,,9/11/2019 20:00,25,NO CONTROLS,NO CONTROLS,CLEAR,"DARKNESS, LIGHTED ROAD",PARKED MOTOR VEHICLE,NOT DIVIDED,,STRAIGHT AND LEVEL,DRY,NO DEFECTS,NOT ON SCENE (DESK REPORT),NO INJURY / DRIVE AWAY,,,Y,"OVER $1,500",9/11/2019 20:25,UNABLE TO DETERMINE,NOT APPLICABLE,646,E,83RD PL,632,,,,,,,2,NO INDICATION OF INJURY,0,0,0,0,0,1,0,20,4,9,41.74308491,-87.60811523,POINT (-87.608115233991 41.743084905767)
JC429541,,9/11/2019 19:50,30,NO CONTROLS,NO CONTROLS,CLEAR,"DARKNESS, LIGHTED ROAD",REAR END,DIVIDED - W/MEDIAN (NOT RAISED),,STRAIGHT AND LEVEL,DRY,NO DEFECTS,NOT ON SCENE (DESK REPORT),NO INJURY / DRIVE AWAY,,,,"$501 - $1,500",9/11/2019 21:08,UNABLE TO DETERMINE,NOT APPLICABLE,2105,W,95TH ST,2213,,,,,,,2,NO INDICATION OF INJURY,0,0,0,0,0,2,0,19,4,9,41.72093007,-87.6750966,POINT (-87.675096597998 41.720930072023)
JC430205,,9/11/2019 19:45,30,TRAFFIC SIGNAL,FUNCTIONING PROPERLY,CLEAR,DARKNESS,SIDESWIPE SAME DIRECTION,NOT DIVIDED,,STRAIGHT AND LEVEL,DRY,UNKNOWN,NOT ON SCENE (DESK REPORT),NO INJURY / DRIVE AWAY,,,,"$501 - $1,500",9/12/2019 13:20,IMPROPER OVERTAKING/PASSING,UNABLE TO DETERMINE,1601,E,83RD ST,412,,,,,,,2,NO INDICATION OF INJURY,0,0,0,0,0,2,0,19,4,9,41.74409639,-87.58530974,POINT (-87.585309739719 41.744096389353)
JC429447,,9/11/2019 19:30,30,TRAFFIC SIGNAL,FUNCTIONING PROPERLY,CLEAR,DAYLIGHT,TURNING,DIVIDED - W/MEDIAN BARRIER,,STRAIGHT AND LEVEL,DRY,NO DEFECTS,NOT ON SCENE (DESK REPORT),NO INJURY / DRIVE AWAY,Y,,,"OVER $1,500",9/11/2019 20:10,UNABLE TO DETERMINE,NOT APPLICABLE,626,N,MICHIGAN AVE,1834,,,,,,,2,NO INDICATION OF INJURY,0,0,0,0,0,2,0,19,4,9,41.89337221,-87.62436142,POINT (-87.624361418497 41.893372214284)
JC429429,,9/11/2019 19:23,30,NO CONTROLS,NO CONTROLS,CLEAR,"DARKNESS, LIGHTED ROAD",PARKED MOTOR VEHICLE,ONE-WAY,,STRAIGHT AND LEVEL,DRY,NO DEFECTS,ON SCENE,INJURY AND / OR TOW DUE TO CRASH,,,N,"OVER $1,500",9/11/2019 19:23,IMPROPER BACKING,"OPERATING VEHICLE IN ERRATIC, RECKLESS, CARELESS, NEGLIGENT OR AGGRESSIVE MANNER",947,N,LECLAIRE AVE,1531,,,,,,,2,NO INDICATION OF INJURY,0,0,0,0,0,3,0,19,4,9,41.89817563,-87.7530822,POINT (-87.753082199839 41.898175628147)
JC429656,,9/11/2019 19:20,30,NO CONTROLS,OTHER,CLEAR,"DARKNESS, LIGHTED ROAD",REAR END,DIVIDED - W/MEDIAN (NOT RAISED),,STRAIGHT AND LEVEL,DRY,NO DEFECTS,NOT ON SCENE (DESK REPORT),NO INJURY / DRIVE AWAY,Y,,,"$501 - $1,500",9/11/2019 23:40,FAILING TO REDUCE SPEED TO AVOID CRASH,NOT APPLICABLE,850,N,LA SALLE DR,1832,,,,,,,2,NO INDICATION OF INJURY,0,0,0,0,0,2,0,19,4,9,41.89817011,-87.63289354,POINT (-87.632893543169 41.898170110114)
JC429499,,9/11/2019 19:20,15,NO CONTROLS,NO CONTROLS,CLEAR,DUSK,PARKED MOTOR VEHICLE,ALLEY,,STRAIGHT AND LEVEL,DRY,OTHER,ON SCENE,INJURY AND / OR TOW DUE TO CRASH,,,Y,"OVER $1,500",9/11/2019 19:38,UNABLE TO DETERMINE,NOT APPLICABLE,8136,S,EXCHANGE AVE,422,,,,,,,2,NO INDICATION OF INJURY,0,0,0,0,0,1,0,19,4,9,41.74713037,-87.55295346,POINT (-87.552953455211 41.747130368979)
JC429430,,9/11/2019 19:20,30,STOP SIGN/FLASHER,FUNCTIONING PROPERLY,CLEAR,DAYLIGHT,REAR END,NOT DIVIDED,,STRAIGHT AND LEVEL,DRY,NO DEFECTS,NOT ON SCENE (DESK REPORT),NO INJURY / DRIVE AWAY,Y,,,"$501 - $1,500",9/11/2019 19:50,FOLLOWING TOO CLOSELY,FAILING TO REDUCE SPEED TO AVOID CRASH,2059,N,LARAMIE AVE,2522,,,,,,,2,NO INDICATION OF INJURY,0,0,0,0,0,3,0,19,4,9,41.91856861,-87.75584158,POINT (-87.755841583245 41.91856861002)
JC431073,,9/11/2019 19:05,30,NO CONTROLS,NO CONTROLS,CLEAR,DAYLIGHT,REAR TO FRONT,OTHER,,STRAIGHT AND LEVEL,DRY,NO DEFECTS,NOT ON SCENE (DESK REPORT),NO INJURY / DRIVE AWAY,,,,"$501 - $1,500",9/13/2019 0:30,UNABLE TO DETERMINE,NOT APPLICABLE,401,N,WABASH AVE,1834,,,,,,,2,NO INDICATION OF INJURY,0,0,0,0,0,2,0,19,4,9,41.88928401,-87.62654855,POINT (-87.626548547941 41.889284013529)
JC429427,,9/11/2019 19:05,30,NO CONTROLS,NO CONTROLS,CLEAR,"DARKNESS, LIGHTED ROAD",SIDESWIPE SAME DIRECTION,NOT DIVIDED,,STRAIGHT AND LEVEL,DRY,NO DEFECTS,NOT ON SCENE (DESK REPORT),NO INJURY / DRIVE AWAY,,,Y,"$501 - $1,500",9/11/2019 19:51,IMPROPER OVERTAKING/PASSING,FAILING TO REDUCE SPEED TO AVOID CRASH,5530,W,FULLERTON AVE,2515,,,,,,,2,NO INDICATION OF INJURY,0,0,0,0,0,3,0,19,4,9,41.92410661,-87.7648258,POINT (-87.764825801021 41.924106609255)
JC429424,,9/11/2019 18:50,35,UNKNOWN,UNKNOWN,CLEAR,DARKNESS,REAR END,NOT DIVIDED,,STRAIGHT AND LEVEL,DRY,UNKNOWN,ON SCENE,INJURY AND / OR TOW DUE TO CRASH,Y,,Y,"OVER $1,500",9/11/2019 19:20,FOLLOWING TOO CLOSELY,NOT APPLICABLE,3536,W,FOSTER AVE,1712,,,,,,,3,NO INDICATION OF INJURY,0,0,0,0,0,4,0,18,4,9,41.97575774,-87.71743624,POINT (-87.717436240719 41.975757736246)
JC430226,,9/11/2019 18:45,30,TRAFFIC SIGNAL,FUNCTIONING PROPERLY,CLEAR,DAYLIGHT,TURNING,DIVIDED - W/MEDIAN (NOT RAISED),,STRAIGHT AND LEVEL,DRY,NO DEFECTS,NOT ON SCENE (DESK REPORT),INJURY AND / OR TOW DUE TO CRASH,Y,,,"$501 - $1,500",9/12/2019 13:00,IMPROPER TURNING/NO SIGNAL,NOT APPLICABLE,6100,S,COTTAGE GROVE AVE,313,,,,,,,2,NONINCAPACITATING INJURY,2,0,0,1,1,1,0,18,4,9,41.78396437,-87.60615379,POINT (-87.606153790698 41.783964365307)
JC429389,,9/11/2019 18:40,15,NO CONTROLS,NO CONTROLS,CLEAR,DAYLIGHT,ANGLE,PARKING LOT,,STRAIGHT AND LEVEL,DRY,NO DEFECTS,NOT ON SCENE (DESK REPORT),NO INJURY / DRIVE AWAY,,Y,,"OVER $1,500",9/11/2019 19:16,IMPROPER BACKING,FAILING TO REDUCE SPEED TO AVOID CRASH,1988,N,NARRAGANSETT AVE,2512,,,,,,,2,NO INDICATION OF INJURY,0,0,0,0,0,3,0,18,4,9,41.91662391,-87.78537809,POINT (-87.785378094471 41.916623911633)
JC437167,,9/11/2019 18:30,30,TRAFFIC SIGNAL,FUNCTIONING PROPERLY,CLEAR,DAYLIGHT,SIDESWIPE SAME DIRECTION,DIVIDED - W/MEDIAN (NOT RAISED),,STRAIGHT AND LEVEL,DRY,NO DEFECTS,NOT ON SCENE (DESK REPORT),NO INJURY / DRIVE AWAY,Y,,,"$501 - $1,500",9/17/2019 14:00,IMPROPER LANE USAGE,IMPROPER OVERTAKING/PASSING,2900,W,IRVING PARK RD,1724,,,,,,,2,NO INDICATION OF INJURY,0,0,0,0,0,3,0,18,4,9,41.95407145,-87.70074524,POINT (-87.700745234529 41.954071454445)
JC436171,,9/11/2019 18:30,30,NO CONTROLS,NO CONTROLS,CLEAR,DAYLIGHT,REAR END,DIVIDED - W/MEDIAN (NOT RAISED),,STRAIGHT AND LEVEL,DRY,NO DEFECTS,NOT ON SCENE (DESK REPORT),NO INJURY / DRIVE AWAY,,,,"OVER $1,500",9/16/2019 18:40,FOLLOWING TOO CLOSELY,UNABLE TO DETERMINE,8200,S,EVANS AVE,631,,,,,,,2,NO INDICATION OF INJURY,0,0,0,0,0,2,0,18,4,9,41.74568443,-87.60643934,POINT (-87.606439335231 41.745684425136)
JC430087,Y,9/11/2019 18:30,15,STOP SIGN/FLASHER,FUNCTIONING PROPERLY,CLEAR,DAYLIGHT,ANGLE,ONE-WAY,,STRAIGHT AND LEVEL,DRY,NO DEFECTS,NOT ON SCENE (DESK REPORT),NO INJURY / DRIVE AWAY,,,,"OVER $1,500",9/12/2019 11:45,DISREGARDING STOP SIGN,UNABLE TO DETERMINE,6830,S,DORCHESTER AVE,321,,,,,,,2,NO INDICATION OF INJURY,0,0,0,0,0,2,0,18,4,9,41.77056868,-87.59125401,POINT (-87.591254009948 41.770568675408)
JC429470,,9/11/2019 18:30,30,TRAFFIC SIGNAL,FUNCTIONING PROPERLY,CLEAR,DAYLIGHT,ANGLE,NOT DIVIDED,,STRAIGHT AND LEVEL,DRY,NO DEFECTS,NOT ON SCENE (DESK REPORT),NO INJURY / DRIVE AWAY,Y,Y,,"OVER $1,500",9/11/2019 19:30,FAILING TO YIELD RIGHT-OF-WAY,UNABLE TO DETERMINE,200,W,115TH ST,522,,,,,,,2,NO INDICATION OF INJURY,0,0,0,0,0,4,0,18,4,9,41.68537154,-87.62775212,POINT (-87.627752121943 41.685371541636)
JC429385,,9/11/2019 18:30,30,NO CONTROLS,NO CONTROLS,CLEAR,DAYLIGHT,ANGLE,OTHER,,STRAIGHT AND LEVEL,DRY,NO DEFECTS,NOT ON SCENE (DESK REPORT),NO INJURY / DRIVE AWAY,Y,,Y,$500 OR LESS,9/11/2019 19:00,IMPROPER OVERTAKING/PASSING,NOT APPLICABLE,6400,W,BERTEAU AVE,1632,,,,,,,2,NO INDICATION OF INJURY,0,0,0,0,0,2,0,18,4,9,41.95667603,-87.78674852,POINT (-87.786748516802 41.956676034449)
JC429383,,9/11/2019 18:30,30,NO CONTROLS,NO CONTROLS,CLEAR,DAYLIGHT,SIDESWIPE SAME DIRECTION,NOT DIVIDED,,STRAIGHT AND LEVEL,DRY,NO DEFECTS,NOT ON SCENE (DESK REPORT),NO INJURY / DRIVE AWAY,,,,"OVER $1,500",9/11/2019 19:00,IMPROPER LANE USAGE,UNABLE TO DETERMINE,4932,W,FOSTER AVE,1621,,,,,,,2,NO INDICATION OF INJURY,0,0,0,0,0,3,0,18,4,9,41.97539461,-87.7517466,POINT (-87.75174659886 41.975394608046)
JC429380,,9/11/2019 18:15,15,NO CONTROLS,NO CONTROLS,CLEAR,DAYLIGHT,PEDESTRIAN,ALLEY,,STRAIGHT AND LEVEL,DRY,NO DEFECTS,ON SCENE,INJURY AND / OR TOW DUE TO CRASH,,,N,$500 OR LESS,9/11/2019 19:21,NOT APPLICABLE,NOT APPLICABLE,5224,W,ROSCOE ST,1634,,,,,,,,,,,,,,,,18,4,9,41.94244766,-87.75784627,POINT (-87.757846266645 41.942447655377)
JC429369,,9/11/2019 18:15,30,NO CONTROLS,NO CONTROLS,CLEAR,DAYLIGHT,SIDESWIPE SAME DIRECTION,NOT DIVIDED,,STRAIGHT AND LEVEL,DRY,NO DEFECTS,NOT ON SCENE (DESK REPORT),NO INJURY / DRIVE AWAY,,,,"OVER $1,500",9/11/2019 18:20,FAILING TO YIELD RIGHT-OF-WAY,NOT APPLICABLE,2500,N,CLARK ST,1935,,,,,,,2,NO INDICATION OF INJURY,0,0,0,0,0,3,0,18,4,9,41.9278051,-87.64196306,POINT (-87.641963060076 41.927805102093)
JC430467,,9/11/2019 18:00,20,NO CONTROLS,NO CONTROLS,CLEAR,"DARKNESS, LIGHTED ROAD",PARKED MOTOR VEHICLE,DIVIDED - W/MEDIAN (NOT RAISED),,STRAIGHT AND LEVEL,DRY,NO DEFECTS,NOT ON SCENE (DESK REPORT),NO INJURY / DRIVE AWAY,,,Y,"$501 - $1,500",9/12/2019 16:48,UNABLE TO DETERMINE,UNABLE TO DETERMINE,6700,N,HERMITAGE AVE,2432,,,,,,,2,NO INDICATION OF INJURY,0,0,0,0,0,1,0,18,4,9,42.0035318,-87.6741217,POINT (-87.674121701686 42.003531804488)
JC429354,,9/11/2019 18:00,30,TRAFFIC SIGNAL,FUNCTIONING PROPERLY,CLOUDY/OVERCAST,DUSK,SIDESWIPE SAME DIRECTION,DIVIDED - W/MEDIAN (NOT RAISED),,STRAIGHT AND LEVEL,DRY,NO DEFECTS,NOT ON SCENE (DESK REPORT),NO INJURY / DRIVE AWAY,Y,,,"$501 - $1,500",9/11/2019 18:25,UNABLE TO DETERMINE,UNABLE TO DETERMINE,7900,S,PERRY AVE,623,,,,,,,2,NO INDICATION OF INJURY,0,0,0,0,0,2,0,18,4,9,41.75081611,-87.62717754,POINT (-87.62717754304 41.75081610788)
JC429339,,9/11/2019 18:00,30,UNKNOWN,UNKNOWN,CLEAR,DAYLIGHT,PARKED MOTOR VEHICLE,PARKING LOT,,STRAIGHT AND LEVEL,DRY,UNKNOWN,NOT ON SCENE (DESK REPORT),NO INJURY / DRIVE AWAY,,,Y,"OVER $1,500",9/11/2019 18:35,UNABLE TO DETERMINE,UNABLE TO DETERMINE,4332,S,PRAIRIE AVE,215,,,,,,,2,NO INDICATION OF INJURY,0,0,0,0,0,1,0,18,4,9,41.81559497,-87.61991227,POINT (-87.619912266247 41.815594965441)
JC429373,,9/11/2019 17:55,30,TRAFFIC SIGNAL,FUNCTIONING PROPERLY,CLEAR,DAYLIGHT,REAR END,NOT DIVIDED,,STRAIGHT AND LEVEL,DRY,NO DEFECTS,NOT ON SCENE (DESK REPORT),NO INJURY / DRIVE AWAY,Y,,,"OVER $1,500",9/11/2019 19:00,FOLLOWING TOO CLOSELY,NOT APPLICABLE,3600,N,CICERO AVE,1634,,,,,,,2,NO INDICATION OF INJURY,0,0,0,0,0,2,0,17,4,9,41.94616352,-87.74721517,POINT (-87.74721516897 41.946163523626)
JC429323,,9/11/2019 17:50,30,NO CONTROLS,NO CONTROLS,CLEAR,DAYLIGHT,PARKED MOTOR VEHICLE,NOT DIVIDED,,STRAIGHT AND LEVEL,DRY,NO DEFECTS,NOT ON SCENE (DESK REPORT),NO INJURY / DRIVE AWAY,,,,"$501 - $1,500",9/11/2019 18:21,NOT APPLICABLE,NOT APPLICABLE,3332,W,63RD ST,823,,,,,,,2,NO INDICATION OF INJURY,0,0,0,0,0,2,0,17,4,9,41.77902177,-87.70688981,POINT (-87.706889805604 41.779021764665)
JC430784,,9/11/2019 17:46,25,NO CONTROLS,NO CONTROLS,CLEAR,DAYLIGHT,REAR END,NOT DIVIDED,,STRAIGHT AND LEVEL,DRY,NO DEFECTS,NOT ON SCENE (DESK REPORT),NO INJURY / DRIVE AWAY,Y,,,"$501 - $1,500",9/12/2019 19:30,FOLLOWING TOO CLOSELY,DISREGARDING TRAFFIC SIGNALS,1583,W,FULLERTON AVE,1811,,,,,,,2,NO INDICATION OF INJURY,0,0,0,0,0,2,0,17,4,9,41.92504259,-87.66808541,POINT (-87.668085408664 41.925042586933)
JC430043,,9/11/2019 17:45,20,NO CONTROLS,NO CONTROLS,CLEAR,DAYLIGHT,FIXED OBJECT,DIVIDED - W/MEDIAN (NOT RAISED),,STRAIGHT AND LEVEL,DRY,"RUT, HOLES",NOT ON SCENE (DESK REPORT),NO INJURY / DRIVE AWAY,,,,$500 OR LESS,9/12/2019 11:00,NOT APPLICABLE,NOT APPLICABLE,10000,W,OHARE ST,1651,,,,,,,1,NO INDICATION OF INJURY,0,0,0,0,0,1,0,17,4,9,41.97620114,-87.90530913,POINT (-87.905309125103 41.976201139024)
JC429391,,9/11/2019 17:40,30,NO CONTROLS,NO CONTROLS,CLEAR,DAYLIGHT,HEAD ON,NOT DIVIDED,,STRAIGHT AND LEVEL,DRY,NO DEFECTS,ON SCENE,INJURY AND / OR TOW DUE TO CRASH,,,N,"$501 - $1,500",9/11/2019 17:40,"OPERATING VEHICLE IN ERRATIC, RECKLESS, CARELESS, NEGLIGENT OR AGGRESSIVE MANNER",DISREGARDING TRAFFIC SIGNALS,3730,W,CHICAGO AVE,1112,,,,,,,2,NO INDICATION OF INJURY,0,0,0,0,0,4,0,17,4,9,41.89553682,-87.719913,POINT (-87.719913002825 41.895536820393)
JC429316,,9/11/2019 17:40,30,STOP SIGN/FLASHER,FUNCTIONING PROPERLY,CLEAR,DAYLIGHT,TURNING,NOT DIVIDED,,STRAIGHT AND LEVEL,DRY,NO DEFECTS,NOT ON SCENE (DESK REPORT),NO INJURY / DRIVE AWAY,,,,"$501 - $1,500",9/11/2019 18:20,FAILING TO YIELD RIGHT-OF-WAY,NOT APPLICABLE,1400,S,TALMAN AVE,1023,,,,,,,2,NO INDICATION OF INJURY,0,0,0,0,0,2,0,17,4,9,41.86270283,-87.69216835,POINT (-87.692168344852 41.862702832118)
JC430383,,9/11/2019 17:30,30,TRAFFIC SIGNAL,FUNCTIONING PROPERLY,CLEAR,DAYLIGHT,REAR END,NOT DIVIDED,,STRAIGHT AND LEVEL,DRY,NO DEFECTS,NOT ON SCENE (DESK REPORT),NO INJURY / DRIVE AWAY,,,,"$501 - $1,500",9/12/2019 15:57,FOLLOWING TOO CLOSELY,FAILING TO REDUCE SPEED TO AVOID CRASH,3558,W,NORTH AVE,1422,,,,,,,2,NO INDICATION OF INJURY,0,0,0,0,0,2,0,17,4,9,41.91010602,-87.71653096,POINT (-87.716530963067 41.910106022059)
JC429573,,9/11/2019 17:30,30,STOP SIGN/FLASHER,UNKNOWN,CLEAR,DAWN,REAR END,DIVIDED - W/MEDIAN (NOT RAISED),,STRAIGHT AND LEVEL,DRY,UNKNOWN,NOT ON SCENE (DESK REPORT),NO INJURY / DRIVE AWAY,Y,,,"$501 - $1,500",9/11/2019 22:30,UNABLE TO DETERMINE,UNABLE TO DETERMINE,1380,E,HYDE PARK BLVD,222,,,,,,,2,NO INDICATION OF INJURY,0,0,0,0,0,2,0,17,4,9,41.80252989,-87.59193634,POINT (-87.591936339324 41.802529886981)