RD_NO,CRASH_DATE_EST_I,CRASH_DATE,POSTED_SPEED_LIMIT,TRAFFIC_CONTROL_DEVICE,DEVICE_CONDITION,WEATHER_CONDITION,LIGHTING_CONDITION,FIRST_CRASH_TYPE,TRAFFICWAY_TYPE,LANE_CNT,ALIGNMENT,ROADWAY_SURFACE_COND,ROAD_DEFECT,REPORT_TYPE,CRASH_TYPE,INTERSECTION_RELATED_I,NOT_RIGHT_OF_WAY_I,HIT_AND_RUN_I,DAMAGE,DATE_POLICE_NOTIFIED,PRIM_CONTRIBUTORY_CAUSE,SEC_CONTRIBUTORY_CAUSE,STREET_NO,STREET_DIRECTION,STREET_NAME,BEAT_OF_OCCURRENCE,PHOTOS_TAKEN_I,STATEMENTS_TAKEN_I,DOORING_I,WORK_ZONE_I,WORK_ZONE_TYPE,WORKERS_PRESENT_I,NUM_UNITS,MOST_SEVERE_INJURY,INJURIES_TOTAL,INJURIES_FATAL,INJURIES_INCAPACITATING,INJURIES_NON_INCAPACITATING,INJURIES_REPORTED_NOT_EVIDENT,INJURIES_NO_INDICATION,INJURIES_UNKNOWN,CRASH_HOUR,CRASH_DAY_OF_WEEK,CRASH_MONTH,LATITUDE,LONGITUDE,LOCATION
JC429378,,9/11/2019 17:30,30,TRAFFIC SIGNAL,FUNCTIONING PROPERLY,CLEAR,"DARKNESS, LIGHTED ROAD",TURNING,NOT DIVIDED,,STRAIGHT AND LEVEL,DRY,NO DEFECTS,NOT ON SCENE (DESK REPORT),NO INJURY / DRIVE AWAY,Y,,,"OVER $1,500",9/11/2019 19:00,FAILING TO YIELD RIGHT-OF-WAY,NOT APPLICABLE,1000,N,LA SALLE DR,1824,,,,,,,2,NO INDICATION OF INJURY,0,0,0,0,0,2,0,17,4,9,41.9005848,-87.63298607,POINT (-87.632986070025 41.900584800211)
JC429295,,9/11/2019 17:30,30,NO CONTROLS,NO CONTROLS,CLEAR,DAYLIGHT,PEDALCYCLIST,FOUR WAY,,STRAIGHT ON GRADE,DRY,NO DEFECTS,ON SCENE,INJURY AND / OR TOW DUE TO CRASH,Y,,,"$501 - $1,500",9/11/2019 17:40,UNABLE TO DETERMINE,NOT APPLICABLE,911,W,ERIE ST,1214,,,,,,,2,NONINCAPACITATING INJURY,1,0,0,1,0,2,0,17,4,9,41.89322627,-87.6508688,POINT (-87.650868796101 41.893226268739)
JC429294,,9/11/2019 17:30,25,NO CONTROLS,NO CONTROLS,CLEAR,DAYLIGHT,ANGLE,NOT DIVIDED,,STRAIGHT AND LEVEL,DRY,NO DEFECTS,NOT ON SCENE (DESK REPORT),NO INJURY / DRIVE AWAY,,,,"$501 - $1,500",9/11/2019 17:55,FAILING TO YIELD RIGHT-OF-WAY,UNABLE TO DETERMINE,1307,W,TOUHY AVE,2423,,,,,,,2,NO INDICATION OF INJURY,0,0,0,0,0,3,0,17,4,9,42.01271482,-87.66380254,POINT (-87.663802537182 42.012714821492)
JC429362,,9/11/2019 17:20,15,NO CONTROLS,NO CONTROLS,CLEAR,DAYLIGHT,PEDESTRIAN,PARKING LOT,,STRAIGHT AND LEVEL,DRY,NO DEFECTS,NOT ON SCENE (DESK REPORT),INJURY AND / OR TOW DUE TO CRASH,,Y,Y,$500 OR LESS,9/11/2019 18:00,FAILING TO YIELD RIGHT-OF-WAY,UNABLE TO DETERMINE,8259,S,ASHLAND AVE,614,,,,,,,2,"REPORTED, NOT EVIDENT",1,0,0,0,1,1,0,17,4,9,41.74316904,-87.66310656,POINT (-87.663106556014 41.743169044023)
JC429298,,9/11/2019 17:20,30,TRAFFIC SIGNAL,FUNCTIONING PROPERLY,CLEAR,DAYLIGHT,REAR END,DIVIDED - W/MEDIAN (NOT RAISED),,STRAIGHT AND LEVEL,DRY,NO DEFECTS,NOT ON SCENE (DESK REPORT),NO INJURY / DRIVE AWAY,,,,"OVER $1,500",9/11/2019 17:55,FAILING TO REDUCE SPEED TO AVOID CRASH,DRIVING SKILLS/KNOWLEDGE/EXPERIENCE,6300,S,SACRAMENTO AVE,823,,,,,,,2,NO INDICATION OF INJURY,0,0,0,0,0,2,0,17,4,9,41.77894986,-87.69840992,POINT (-87.698409916487 41.778949855721)
JC436930,,9/11/2019 17:15,30,NO CONTROLS,NO CONTROLS,CLOUDY/OVERCAST,DAYLIGHT,PARKED MOTOR VEHICLE,PARKING LOT,,STRAIGHT AND LEVEL,DRY,NO DEFECTS,NOT ON SCENE (DESK REPORT),NO INJURY / DRIVE AWAY,,,Y,"$501 - $1,500",9/17/2019 11:30,UNABLE TO DETERMINE,NOT APPLICABLE,2333,W,MADISON ST,1223,,,,,,,2,NO INDICATION OF INJURY,0,0,0,0,0,1,0,17,4,9,41.88106937,-87.68530755,POINT (-87.68530755272 41.881069374222)
JC430918,,9/11/2019 17:15,30,NO CONTROLS,NO CONTROLS,CLEAR,DAYLIGHT,SIDESWIPE SAME DIRECTION,DIVIDED - W/MEDIAN BARRIER,,STRAIGHT AND LEVEL,DRY,NO DEFECTS,NOT ON SCENE (DESK REPORT),NO INJURY / DRIVE AWAY,,,,"$501 - $1,500",9/12/2019 21:20,UNABLE TO DETERMINE,NOT APPLICABLE,2300,N,ASHLAND AVE,1811,,,,,,,2,NO INDICATION OF INJURY,0,0,0,0,0,3,0,17,4,9,41.92337628,-87.66839727,POINT (-87.668397265551 41.923376279808)
JC429399,,9/11/2019 17:15,30,STOP SIGN/FLASHER,OTHER,CLEAR,DUSK,SIDESWIPE SAME DIRECTION,NOT DIVIDED,,STRAIGHT AND LEVEL,DRY,NO DEFECTS,NOT ON SCENE (DESK REPORT),NO INJURY / DRIVE AWAY,,,,"$501 - $1,500",9/11/2019 19:15,FAILING TO YIELD RIGHT-OF-WAY,UNABLE TO DETERMINE,3228,N,WASHTENAW AVE,1733,,,,,,,2,NO INDICATION OF INJURY,0,0,0,0,0,2,0,17,4,9,41.94027886,-87.69540009,POINT (-87.695400088383 41.940278856214)
JC429293,,9/11/2019 17:15,25,NO CONTROLS,NO CONTROLS,CLEAR,DAYLIGHT,PARKED MOTOR VEHICLE,NOT DIVIDED,,STRAIGHT AND LEVEL,DRY,NO DEFECTS,ON SCENE,INJURY AND / OR TOW DUE TO CRASH,,,,"OVER $1,500",9/11/2019 17:30,IMPROPER OVERTAKING/PASSING,FAILING TO REDUCE SPEED TO AVOID CRASH,6055,N,TROY ST,2413,,,,,,,3,NO INDICATION OF INJURY,0,0,0,0,0,1,0,17,4,9,41.99176495,-87.70779525,POINT (-87.707795246007 41.991764950649)
JC429469,,9/11/2019 17:10,30,TRAFFIC SIGNAL,FUNCTIONING PROPERLY,CLEAR,DAYLIGHT,REAR END,DIVIDED - W/MEDIAN (NOT RAISED),,STRAIGHT AND LEVEL,DRY,NO DEFECTS,NOT ON SCENE (DESK REPORT),NO INJURY / DRIVE AWAY,,,Y,"OVER $1,500",9/11/2019 20:13,FAILING TO REDUCE SPEED TO AVOID CRASH,DRIVING SKILLS/KNOWLEDGE/EXPERIENCE,6200,S,WESTERN AVE,825,,,,,,,2,NO INDICATION OF INJURY,0,0,0,0,0,2,0,17,4,9,41.7809601,-87.68383373,POINT (-87.683833726235 41.780960095909)
JC429257,,9/11/2019 17:10,30,TRAFFIC SIGNAL,FUNCTIONING PROPERLY,CLEAR,DAYLIGHT,TURNING,DIVIDED - W/MEDIAN (NOT RAISED),,STRAIGHT AND LEVEL,DRY,NO DEFECTS,ON SCENE,INJURY AND / OR TOW DUE TO CRASH,Y,,,"OVER $1,500",9/11/2019 17:15,FAILING TO YIELD RIGHT-OF-WAY,NOT APPLICABLE,1221,W,DIVISION ST,1213,,,,,,,2,NO INDICATION OF INJURY,0,0,0,0,0,2,0,17,4,9,41.90338788,-87.65830905,POINT (-87.658309051604 41.903387876415)
JC429238,,9/11/2019 17:05,25,TRAFFIC SIGNAL,FUNCTIONING PROPERLY,CLEAR,DAYLIGHT,SIDESWIPE SAME DIRECTION,ONE-WAY,,STRAIGHT AND LEVEL,DRY,NO DEFECTS,ON SCENE,NO INJURY / DRIVE AWAY,,,,$500 OR LESS,9/11/2019 17:20,IMPROPER OVERTAKING/PASSING,FOLLOWING TOO CLOSELY,845,N,MICHIGAN AVE,1833,,,,,,,2,NO INDICATION OF INJURY,0,0,0,0,0,2,0,17,4,9,41.89807992,-87.62394571,POINT (-87.623945705662 41.898079920503)
JC429881,,9/11/2019 17:00,15,NO CONTROLS,NO CONTROLS,CLEAR,DAYLIGHT,PARKED MOTOR VEHICLE,PARKING LOT,,STRAIGHT AND LEVEL,DRY,NO DEFECTS,NOT ON SCENE (DESK REPORT),NO INJURY / DRIVE AWAY,,Y,,$500 OR LESS,9/12/2019 8:50,UNABLE TO DETERMINE,NOT APPLICABLE,6501,S,WESTERN AVE,832,,,,,,,2,NO INDICATION OF INJURY,0,0,0,0,0,1,0,17,4,9,41.77551136,-87.68339828,POINT (-87.683398276477 41.775511364011)
JC429261,,9/11/2019 17:00,25,NO CONTROLS,NO CONTROLS,CLEAR,DAYLIGHT,SIDESWIPE SAME DIRECTION,NOT DIVIDED,,STRAIGHT AND LEVEL,DRY,OTHER,NOT ON SCENE (DESK REPORT),NO INJURY / DRIVE AWAY,,,Y,$500 OR LESS,9/11/2019 17:33,IMPROPER OVERTAKING/PASSING,UNABLE TO DETERMINE,316,W,CERMAK RD,914,,,,,,,2,NO INDICATION OF INJURY,0,0,0,0,0,2,0,17,4,9,41.8529915,-87.63554386,POINT (-87.635543854644 41.852991503101)
JC429248,,9/11/2019 16:52,30,STOP SIGN/FLASHER,FUNCTIONING PROPERLY,CLEAR,DAYLIGHT,PEDESTRIAN,FOUR WAY,,STRAIGHT AND LEVEL,DRY,NO DEFECTS,ON SCENE,INJURY AND / OR TOW DUE TO CRASH,,,Y,"OVER $1,500",9/11/2019 16:55,FAILING TO YIELD RIGHT-OF-WAY,NOT APPLICABLE,76,E,71ST ST,322,,Y,,,,,2,NONINCAPACITATING INJURY,1,0,0,1,0,2,0,16,4,9,41.76568401,-87.6219359,POINT (-87.621935899943 41.765684010976)
JC430127,,9/11/2019 16:50,30,NO CONTROLS,NO CONTROLS,UNKNOWN,UNKNOWN,OTHER NONCOLLISION,NOT DIVIDED,,STRAIGHT AND LEVEL,UNKNOWN,"RUT, HOLES",NOT ON SCENE (DESK REPORT),NO INJURY / DRIVE AWAY,,,,"OVER $1,500",9/12/2019 12:00,NOT APPLICABLE,NOT APPLICABLE,3863,W,COLUMBUS AVE,834,,,,,,,1,NO INDICATION OF INJURY,0,0,0,0,0,1,0,16,4,9,41.73798401,-87.71822708,POINT (-87.718227079775 41.737984006194)
JC429058,,9/11/2019 16:47,35,NO CONTROLS,NO CONTROLS,CLEAR,DAYLIGHT,HEAD ON,NOT DIVIDED,,STRAIGHT AND LEVEL,DRY,NO DEFECTS,ON SCENE,INJURY AND / OR TOW DUE TO CRASH,,,Y,"OVER $1,500",9/11/2019 16:48,UNABLE TO DETERMINE,UNABLE TO DETERMINE,3042,S,CALIFORNIA BLVD,1034,,,,,,,2,"REPORTED, NOT EVIDENT",2,0,0,0,2,6,0,16,4,9,41.83858757,-87.69435888,POINT (-87.694358882376 41.83858756782)
JC429259,,9/11/2019 16:45,30,NO CONTROLS,NO CONTROLS,CLEAR,DAYLIGHT,REAR END,NOT DIVIDED,,STRAIGHT AND LEVEL,DRY,NO DEFECTS,ON SCENE,INJURY AND / OR TOW DUE TO CRASH,,,,"OVER $1,500",9/11/2019 17:02,FAILING TO REDUCE SPEED TO AVOID CRASH,FOLLOWING TOO CLOSELY,6655,W,GRAND AVE,2512,,,,,,,2,NO INDICATION OF INJURY,0,0,0,0,0,2,0,16,4,9,41.92351181,-87.79236051,POINT (-87.792360508567 41.923511810185)
JC429243,,9/11/2019 16:45,30,NO CONTROLS,NO CONTROLS,CLEAR,DAYLIGHT,ANGLE,NOT DIVIDED,,STRAIGHT AND LEVEL,DRY,NO DEFECTS,NOT ON SCENE (DESK REPORT),NO INJURY / DRIVE AWAY,Y,,Y,$500 OR LESS,9/11/2019 17:20,FAILING TO YIELD RIGHT-OF-WAY,"VISION OBSCURED (SIGNS, TREE LIMBS, BUILDINGS, ETC.)",4814,W,PALMER ST,2522,,,,,,,2,NO INDICATION OF INJURY,0,0,0,0,0,2,0,16,4,9,41.92068556,-87.74682799,POINT (-87.746827984808 41.920685563129)
JC429240,,9/11/2019 16:45,35,TRAFFIC SIGNAL,FUNCTIONING PROPERLY,CLEAR,DAYLIGHT,ANGLE,FOUR WAY,,STRAIGHT AND LEVEL,DRY,NO DEFECTS,ON SCENE,NO INJURY / DRIVE AWAY,Y,,,"$501 - $1,500",9/11/2019 16:50,IMPROPER OVERTAKING/PASSING,DRIVING SKILLS/KNOWLEDGE/EXPERIENCE,1200,W,HOLLYWOOD AVE,2013,,,,,,,2,NO INDICATION OF INJURY,0,0,0,0,0,4,0,16,4,9,41.98557605,-87.66017649,POINT (-87.660176491432 41.985576045424)
JC429214,,9/11/2019 16:41,30,TRAFFIC SIGNAL,FUNCTIONING PROPERLY,CLEAR,DAYLIGHT,PEDESTRIAN,NOT DIVIDED,,STRAIGHT AND LEVEL,DRY,NO DEFECTS,ON SCENE,INJURY AND / OR TOW DUE TO CRASH,Y,,,$500 OR LESS,9/11/2019 16:45,FAILING TO REDUCE SPEED TO AVOID CRASH,"OPERATING VEHICLE IN ERRATIC, RECKLESS, CARELESS, NEGLIGENT OR AGGRESSIVE MANNER",5500,S,LAKE PARK AVE,235,,,,,,,2,NONINCAPACITATING INJURY,1,0,0,1,0,2,0,16,4,9,41.79510594,-87.58770941,POINT (-87.587709412142 41.795105937194)
JC429218,,9/11/2019 16:40,30,YIELD,FUNCTIONING PROPERLY,CLEAR,DAYLIGHT,SIDESWIPE SAME DIRECTION,DIVIDED - W/MEDIAN (NOT RAISED),,STRAIGHT AND LEVEL,DRY,NO DEFECTS,,INJURY AND / OR TOW DUE TO CRASH,,,,"OVER $1,500",9/11/2019 16:48,FAILING TO YIELD RIGHT-OF-WAY,FAILING TO YIELD RIGHT-OF-WAY,798,E,115TH ST,531,,,,,,,2,NO INDICATION OF INJURY,0,0,0,0,0,2,0,16,4,9,41.68588882,-87.60359861,POINT (-87.603598611245 41.685888819579)
JC429363,,9/11/2019 16:35,30,NO CONTROLS,NO CONTROLS,CLEAR,DAYLIGHT,TURNING,NOT DIVIDED,,STRAIGHT AND LEVEL,DRY,NO DEFECTS,ON SCENE,NO INJURY / DRIVE AWAY,,,,"OVER $1,500",9/11/2019 18:30,UNABLE TO DETERMINE,NOT APPLICABLE,4401,W,GRAND AVE,2533,,,,,,,2,NO INDICATION OF INJURY,0,0,0,0,0,2,0,16,4,9,41.90998739,-87.73638639,POINT (-87.736386388779 41.90998739136)
JC429317,,9/11/2019 16:30,30,TRAFFIC SIGNAL,FUNCTIONING PROPERLY,CLEAR,DAYLIGHT,TURNING,NOT DIVIDED,,STRAIGHT AND LEVEL,DRY,NO DEFECTS,NOT ON SCENE (DESK REPORT),INJURY AND / OR TOW DUE TO CRASH,Y,,,"OVER $1,500",9/11/2019 18:17,FAILING TO YIELD RIGHT-OF-WAY,NOT APPLICABLE,3600,W,FOSTER AVE,1712,,,,,,,2,NO INDICATION OF INJURY,0,0,0,0,0,2,0,16,4,9,41.97574658,-87.71848663,POINT (-87.718486628497 41.975746580106)
JC429302,,9/11/2019 16:30,30,NO CONTROLS,FUNCTIONING PROPERLY,CLEAR,DAYLIGHT,SIDESWIPE SAME DIRECTION,NOT DIVIDED,,STRAIGHT AND LEVEL,DRY,NO DEFECTS,ON SCENE,NO INJURY / DRIVE AWAY,,,,"OVER $1,500",9/11/2019 16:55,IMPROPER OVERTAKING/PASSING,FAILING TO YIELD RIGHT-OF-WAY,43,W,CONGRESS PKWY,123,,,,,,,2,NO INDICATION OF INJURY,0,0,0,0,0,4,0,16,4,9,41.87551638,-87.62925975,POINT (-87.629259745888 41.875516374847)
JC429219,,9/11/2019 16:30,30,TRAFFIC SIGNAL,FUNCTIONING PROPERLY,CLEAR,DAYLIGHT,REAR END,NOT DIVIDED,,STRAIGHT AND LEVEL,DRY,NO DEFECTS,NOT ON SCENE (DESK REPORT),INJURY AND / OR TOW DUE TO CRASH,Y,,,"OVER $1,500",9/11/2019 17:00,FOLLOWING TOO CLOSELY,NOT APPLICABLE,800,N,PULASKI RD,1111,,,,,,,2,NONINCAPACITATING INJURY,2,0,0,2,0,1,0,16,4,9,41.89545646,-87.72623054,POINT (-87.726230540513 41.895456456825)
JC429213,,9/11/2019 16:30,30,TRAFFIC SIGNAL,FUNCTIONING PROPERLY,CLEAR,DAYLIGHT,TURNING,OTHER,,STRAIGHT AND LEVEL,DRY,NO DEFECTS,ON SCENE,NO INJURY / DRIVE AWAY,Y,,,"$501 - $1,500",9/11/2019 16:36,IMPROPER TURNING/NO SIGNAL,UNABLE TO DETERMINE,4800,W,FLOURNOY ST,1533,,,,,,,2,NO INDICATION OF INJURY,0,0,0,0,0,2,0,16,4,9,41.87218093,-87.74498443,POINT (-87.744984427653 41.87218092888)
JC429203,,9/11/2019 16:30,30,TRAFFIC SIGNAL,FUNCTIONING PROPERLY,CLEAR,DAYLIGHT,ANGLE,FOUR WAY,,STRAIGHT AND LEVEL,DRY,NO DEFECTS,ON SCENE,INJURY AND / OR TOW DUE TO CRASH,Y,,,"OVER $1,500",9/11/2019 16:30,FAILING TO YIELD RIGHT-OF-WAY,UNABLE TO DETERMINE,3000,W,CHICAGO AVE,1211,,Y,,,,,2,NO INDICATION OF INJURY,0,0,0,0,0,2,0,16,4,9,41.89570453,-87.70221852,POINT (-87.702218523538 41.895704524946)
JC429187,,9/11/2019 16:30,30,TRAFFIC SIGNAL,FUNCTIONING PROPERLY,CLEAR,DAYLIGHT,TURNING,DIVIDED - W/MEDIAN (NOT RAISED),,STRAIGHT AND LEVEL,DRY,NO DEFECTS,ON SCENE,NO INJURY / DRIVE AWAY,Y,,,"OVER $1,500",9/11/2019 16:30,FAILING TO YIELD RIGHT-OF-WAY,DISREGARDING TRAFFIC SIGNALS,801,E,95TH ST,511,,,,,,,2,NO INDICATION OF INJURY,0,0,0,0,0,2,0,16,4,9,41.72193441,-87.60444955,POINT (-87.60444954578 41.721934405565)
JC429169,,9/11/2019 16:30,30,STOP SIGN/FLASHER,FUNCTIONING PROPERLY,CLEAR,DAYLIGHT,ANGLE,FOUR WAY,,STRAIGHT AND LEVEL,DRY,NO DEFECTS,ON SCENE,NO INJURY / DRIVE AWAY,Y,,,"$501 - $1,500",9/11/2019 16:33,FAILING TO REDUCE SPEED TO AVOID CRASH,UNABLE TO DETERMINE,3400,E,107TH ST,432,,,,,,,2,NO INDICATION OF INJURY,0,0,0,0,0,2,0,16,4,9,41.70106103,-87.54126865,POINT (-87.541268647427 41.701061028621)
JC429336,,9/11/2019 16:27,30,YIELD,OTHER,CLEAR,DAYLIGHT,REAR END,NOT DIVIDED,,STRAIGHT AND LEVEL,DRY,NO DEFECTS,ON SCENE,NO INJURY / DRIVE AWAY,,,,"OVER $1,500",9/11/2019 18:26,FOLLOWING TOO CLOSELY,NOT APPLICABLE,652,W,ROOSEVELT RD,1232,,,,,,,2,NO INDICATION OF INJURY,0,0,0,0,0,2,0,16,4,9,41.86729977,-87.64433069,POINT (-87.644330692089 41.867299774301)
JC429189,,9/11/2019 16:20,15,NO CONTROLS,NO CONTROLS,CLOUDY/OVERCAST,DAYLIGHT,PARKED MOTOR VEHICLE,OTHER,,STRAIGHT AND LEVEL,DRY,NO DEFECTS,ON SCENE,NO INJURY / DRIVE AWAY,,,,$500 OR LESS,9/11/2019 16:26,NOT APPLICABLE,NOT APPLICABLE,516,W,OHARE ST,1654,,,,,,,2,NO INDICATION OF INJURY,0,0,0,0,0,1,0,16,4,9,,,
JC429237,,9/11/2019 16:18,30,UNKNOWN,FUNCTIONING PROPERLY,CLEAR,DAYLIGHT,TURNING,FOUR WAY,,STRAIGHT AND LEVEL,DRY,NO DEFECTS,NOT ON SCENE (DESK REPORT),NO INJURY / DRIVE AWAY,,,,"OVER $1,500",9/11/2019 17:06,UNABLE TO DETERMINE,DRIVING SKILLS/KNOWLEDGE/EXPERIENCE,1701,S,ASHLAND AVE,1233,,,,,,,2,NO INDICATION OF INJURY,0,0,0,0,0,2,0,16,4,9,41.85865867,-87.66603026,POINT (-87.666030260021 41.858658665264)
JC429382,,9/11/2019 16:15,15,NO CONTROLS,NO CONTROLS,CLEAR,DAYLIGHT,ANGLE,PARKING LOT,,STRAIGHT AND LEVEL,DRY,NO DEFECTS,NOT ON SCENE (DESK REPORT),NO INJURY / DRIVE AWAY,,Y,,"$501 - $1,500",9/11/2019 19:00,IMPROPER BACKING,NOT APPLICABLE,6465,W,DIVERSEY AVE,2512,,,,,,,2,NO INDICATION OF INJURY,0,0,0,0,0,4,0,16,4,9,41.93084733,-87.78807046,POINT (-87.788070455877 41.930847333658)
JC429343,,9/11/2019 16:15,30,NO CONTROLS,NO CONTROLS,UNKNOWN,UNKNOWN,REAR END,UNKNOWN,,STRAIGHT AND LEVEL,UNKNOWN,UNKNOWN,NOT ON SCENE (DESK REPORT),INJURY AND / OR TOW DUE TO CRASH,,,,"OVER $1,500",9/11/2019 17:25,UNABLE TO DETERMINE,NOT APPLICABLE,3757,W,HARRISON ST,1133,,,,,,,2,NONINCAPACITATING INJURY,4,0,0,4,0,1,0,16,4,9,41.87340692,-87.72027085,POINT (-87.720270845952 41.873406916379)
JC429241,,9/11/2019 16:15,30,TRAFFIC SIGNAL,FUNCTIONING PROPERLY,CLEAR,DAYLIGHT,SIDESWIPE SAME DIRECTION,DIVIDED - W/MEDIAN (NOT RAISED),,STRAIGHT AND LEVEL,DRY,NO DEFECTS,NOT ON SCENE (DESK REPORT),NO INJURY / DRIVE AWAY,Y,,,"OVER $1,500",9/11/2019 16:15,IMPROPER OVERTAKING/PASSING,IMPROPER OVERTAKING/PASSING,7199,N,WESTERN AVE,2411,,,,,,,2,NO INDICATION OF INJURY,0,0,0,0,0,2,0,16,4,9,42.01223466,-87.69009968,POINT (-87.690099675519 42.01223465514)
JC429192,,9/11/2019 16:15,30,NO CONTROLS,UNKNOWN,CLEAR,DAYLIGHT,TURNING,T-INTERSECTION,,STRAIGHT AND LEVEL,DRY,UNKNOWN,NOT ON SCENE (DESK REPORT),NO INJURY / DRIVE AWAY,Y,,,"$501 - $1,500",9/11/2019 17:00,FAILING TO YIELD RIGHT-OF-WAY,DRIVING SKILLS/KNOWLEDGE/EXPERIENCE,1001,W,ROSCOE ST,1924,,,,,,,2,NO INDICATION OF INJURY,0,0,0,0,0,2,0,16,4,9,41.94345968,-87.65427652,POINT (-87.654276515554 41.943459677106)
JC429117,,9/11/2019 16:02,30,TRAFFIC SIGNAL,FUNCTIONING PROPERLY,CLEAR,DAYLIGHT,PEDESTRIAN,FOUR WAY,,STRAIGHT AND LEVEL,DRY,NO DEFECTS,ON SCENE,INJURY AND / OR TOW DUE TO CRASH,Y,,Y,"OVER $1,500",9/11/2019 16:07,DISREGARDING TRAFFIC SIGNALS,NOT APPLICABLE,3600,W,CERMAK RD,1014,,,,,,,2,INCAPACITATING INJURY,1,0,1,0,0,1,0,16,4,9,41.851773,-87.71505994,POINT (-87.715059935494 41.851772995227)
JC429262,,9/11/2019 16:00,35,NO CONTROLS,NO CONTROLS,CLEAR,DAYLIGHT,SIDESWIPE SAME DIRECTION,NOT DIVIDED,,STRAIGHT AND LEVEL,DRY,NO DEFECTS,NOT ON SCENE (DESK REPORT),NO INJURY / DRIVE AWAY,,,,"OVER $1,500",9/11/2019 17:00,FOLLOWING TOO CLOSELY,UNABLE TO DETERMINE,1709,E,67TH ST,332,,,,,,,2,NO INDICATION OF INJURY,0,0,0,0,0,2,0,16,4,9,41.77325625,-87.58346235,POINT (-87.583462350912 41.77325624762)
JC429167,Y,9/11/2019 16:00,30,NO CONTROLS,NO CONTROLS,CLEAR,DAYLIGHT,PARKED MOTOR VEHICLE,PARKING LOT,,STRAIGHT AND LEVEL,DRY,NO DEFECTS,NOT ON SCENE (DESK REPORT),NO INJURY / DRIVE AWAY,,,Y,"OVER $1,500",9/11/2019 16:45,UNABLE TO DETERMINE,NOT APPLICABLE,3500,N,KIMBALL AVE,1732,,,,,,,2,NO INDICATION OF INJURY,0,0,0,0,0,1,0,16,4,9,41.94488107,-87.71280509,POINT (-87.712805088759 41.944881073845)
JC429153,,9/11/2019 16:00,30,STOP SIGN/FLASHER,NO CONTROLS,CLEAR,DAYLIGHT,ANGLE,NOT DIVIDED,,STRAIGHT AND LEVEL,DRY,NO DEFECTS,ON SCENE,INJURY AND / OR TOW DUE TO CRASH,Y,,,"OVER $1,500",9/11/2019 16:15,DISREGARDING STOP SIGN,UNABLE TO DETERMINE,1200,N,HOYNE AVE,1424,,,,,,,2,NO INDICATION OF INJURY,0,0,0,0,0,2,0,16,4,9,41.90319065,-87.67984825,POINT (-87.679848246426 41.903190649911)
JC429162,,9/11/2019 15:58,30,NO CONTROLS,NO CONTROLS,CLEAR,DAYLIGHT,TURNING,NOT DIVIDED,,STRAIGHT AND LEVEL,DRY,NO DEFECTS,NOT ON SCENE (DESK REPORT),NO INJURY / DRIVE AWAY,,,,"$501 - $1,500",9/11/2019 16:35,FAILING TO YIELD RIGHT-OF-WAY,UNABLE TO DETERMINE,4329,N,LARAMIE AVE,1624,,,,,,,2,NO INDICATION OF INJURY,0,0,0,0,0,2,0,15,4,9,41.959646,-87.75720795,POINT (-87.757207951171 41.959645996304)
JC429163,,9/11/2019 15:52,30,STOP SIGN/FLASHER,FUNCTIONING PROPERLY,CLEAR,DAYLIGHT,REAR TO FRONT,NOT DIVIDED,,STRAIGHT AND LEVEL,DRY,NO DEFECTS,NOT ON SCENE (DESK REPORT),NO INJURY / DRIVE AWAY,Y,,,"$501 - $1,500",9/11/2019 16:45,UNABLE TO DETERMINE,NOT APPLICABLE,922,W,WEBSTER AVE,1812,,,,,,,2,NO INDICATION OF INJURY,0,0,0,0,0,2,0,15,4,9,41.92187209,-87.6520503,POINT (-87.652050304006 41.92187208761)
JC429111,,9/11/2019 15:52,30,NO CONTROLS,NO CONTROLS,CLEAR,DAYLIGHT,PEDESTRIAN,NOT DIVIDED,,STRAIGHT AND LEVEL,DRY,NO DEFECTS,ON SCENE,INJURY AND / OR TOW DUE TO CRASH,Y,,,$500 OR LESS,9/11/2019 15:53,FAILING TO YIELD RIGHT-OF-WAY,UNABLE TO DETERMINE,2434,W,51ST ST,923,,,,,,,2,INCAPACITATING INJURY,1,0,1,0,0,1,0,15,4,9,41.80124095,-87.68562268,POINT (-87.685622679359 41.801240954397)
JC429324,,9/11/2019 15:50,30,TRAFFIC SIGNAL,FUNCTIONING PROPERLY,CLEAR,DAYLIGHT,REAR END,ONE-WAY,,STRAIGHT AND LEVEL,DRY,NO DEFECTS,NOT ON SCENE (DESK REPORT),NO INJURY / DRIVE AWAY,Y,,Y,"OVER $1,500",9/11/2019 18:25,UNABLE TO DETERMINE,NOT APPLICABLE,1051,N,RUSH ST,1824,,,,,,,2,NO INDICATION OF INJURY,0,0,0,0,0,2,0,15,4,9,41.9023777,-87.6281631,POINT (-87.628163099031 41.902377694867)
JC429139,,9/11/2019 15:50,30,NO CONTROLS,NO CONTROLS,CLEAR,DAYLIGHT,TURNING,NOT DIVIDED,,STRAIGHT AND LEVEL,DRY,NO DEFECTS,NOT ON SCENE (DESK REPORT),INJURY AND / OR TOW DUE TO CRASH,Y,,,"OVER $1,500",9/11/2019 16:00,UNABLE TO DETERMINE,NOT APPLICABLE,1832,N,WESTERN AVE,1434,,,,,,,2,NONINCAPACITATING INJURY,1,0,0,1,0,3,0,15,4,9,41.91489787,-87.6874885,POINT (-87.687488501573 41.914897865122)