RD_NO,CRASH_DATE_EST_I,CRASH_DATE,POSTED_SPEED_LIMIT,TRAFFIC_CONTROL_DEVICE,DEVICE_CONDITION,WEATHER_CONDITION,LIGHTING_CONDITION,FIRST_CRASH_TYPE,TRAFFICWAY_TYPE,LANE_CNT,ALIGNMENT,ROADWAY_SURFACE_COND,ROAD_DEFECT,REPORT_TYPE,CRASH_TYPE,INTERSECTION_RELATED_I,NOT_RIGHT_OF_WAY_I,HIT_AND_RUN_I,DAMAGE,DATE_POLICE_NOTIFIED,PRIM_CONTRIBUTORY_CAUSE,SEC_CONTRIBUTORY_CAUSE,STREET_NO,STREET_DIRECTION,STREET_NAME,BEAT_OF_OCCURRENCE,PHOTOS_TAKEN_I,STATEMENTS_TAKEN_I,DOORING_I,WORK_ZONE_I,WORK_ZONE_TYPE,WORKERS_PRESENT_I,NUM_UNITS,MOST_SEVERE_INJURY,INJURIES_TOTAL,INJURIES_FATAL,INJURIES_INCAPACITATING,INJURIES_NON_INCAPACITATING,INJURIES_REPORTED_NOT_EVIDENT,INJURIES_NO_INDICATION,INJURIES_UNKNOWN,CRASH_HOUR,CRASH_DAY_OF_WEEK,CRASH_MONTH,LATITUDE,LONGITUDE,LOCATION
JC429090,,9/11/2019 15:48,30,TRAFFIC SIGNAL,FUNCTIONING PROPERLY,CLEAR,DAYLIGHT,PEDESTRIAN,DIVIDED - W/MEDIAN (NOT RAISED),,STRAIGHT AND LEVEL,DRY,NO DEFECTS,ON SCENE,INJURY AND / OR TOW DUE TO CRASH,Y,,,$500 OR LESS,9/11/2019 15:48,DRIVING SKILLS/KNOWLEDGE/EXPERIENCE,UNABLE TO DETERMINE,798,W,31ST ST,914,,,,,,,2,"REPORTED, NOT EVIDENT",1,0,0,0,1,1,0,15,4,9,41.83815596,-87.64621961,POINT (-87.646219613883 41.838155961132)
JC431472,,9/11/2019 15:45,25,STOP SIGN/FLASHER,FUNCTIONING PROPERLY,CLEAR,DAYLIGHT,SIDESWIPE SAME DIRECTION,NOT DIVIDED,,STRAIGHT AND LEVEL,DRY,SHOULDER DEFECT,NOT ON SCENE (DESK REPORT),NO INJURY / DRIVE AWAY,,,,"OVER $1,500",9/13/2019 10:29,UNABLE TO DETERMINE,UNABLE TO DETERMINE,1500,W,TAYLOR ST,1231,,,,,,,2,NO INDICATION OF INJURY,0,0,0,0,0,2,0,15,4,9,41.86940905,-87.66419709,POINT (-87.664197090165 41.869409054037)
JC429211,,9/11/2019 15:45,20,NO CONTROLS,NO CONTROLS,CLEAR,UNKNOWN,PARKED MOTOR VEHICLE,NOT DIVIDED,,STRAIGHT AND LEVEL,DRY,NO DEFECTS,NOT ON SCENE (DESK REPORT),NO INJURY / DRIVE AWAY,,,,$500 OR LESS,9/11/2019 16:00,IMPROPER OVERTAKING/PASSING,NOT APPLICABLE,910,W,WAVELAND AVE,1923,,,,,,,2,NO INDICATION OF INJURY,0,0,0,0,0,1,0,15,4,9,41.9491841,-87.65244561,POINT (-87.65244561054 41.949184096841)
JC429147,,9/11/2019 15:45,30,UNKNOWN,UNKNOWN,CLEAR,DAYLIGHT,TURNING,NOT DIVIDED,,STRAIGHT AND LEVEL,DRY,UNKNOWN,ON SCENE,NO INJURY / DRIVE AWAY,,,,"OVER $1,500",9/11/2019 15:51,IMPROPER OVERTAKING/PASSING,NOT APPLICABLE,800,W,74TH ST,733,,,,,,,2,NO INDICATION OF INJURY,0,0,0,0,0,4,0,15,4,9,41.75985341,-87.64433845,POINT (-87.644338447024 41.759853407033)
JC429062,,9/11/2019 15:42,30,TRAFFIC SIGNAL,FUNCTIONING PROPERLY,CLEAR,DAYLIGHT,TURNING,NOT DIVIDED,,STRAIGHT AND LEVEL,DRY,NO DEFECTS,ON SCENE,NO INJURY / DRIVE AWAY,Y,,Y,"$501 - $1,500",9/11/2019 15:42,UNABLE TO DETERMINE,NOT APPLICABLE,5799,W,CHICAGO AVE,1511,,,,,,,2,NO INDICATION OF INJURY,0,0,0,0,0,4,0,15,4,9,41.8946754,-87.77008547,POINT (-87.770085468981 41.894675400146)
JC429094,,9/11/2019 15:40,30,TRAFFIC SIGNAL,FUNCTIONING PROPERLY,CLEAR,DAYLIGHT,TURNING,Y-INTERSECTION,,STRAIGHT AND LEVEL,DRY,UNKNOWN,ON SCENE,NO INJURY / DRIVE AWAY,Y,,,"OVER $1,500",9/11/2019 15:46,FAILING TO REDUCE SPEED TO AVOID CRASH,DISREGARDING TRAFFIC SIGNALS,1957,E,83RD ST,412,,,,,,,2,NO INDICATION OF INJURY,0,0,0,0,0,3,0,15,4,9,41.74420795,-87.5769456,POINT (-87.576945603313 41.744207953144)
JC429059,,9/11/2019 15:38,30,NO CONTROLS,NO CONTROLS,CLEAR,DAYLIGHT,SIDESWIPE SAME DIRECTION,DIVIDED - W/MEDIAN (NOT RAISED),,STRAIGHT AND LEVEL,DRY,NO DEFECTS,ON SCENE,INJURY AND / OR TOW DUE TO CRASH,,,,"OVER $1,500",9/11/2019 15:41,IMPROPER OVERTAKING/PASSING,NOT APPLICABLE,4101,W,DEVON AVE,1711,,,,,,,2,NO INDICATION OF INJURY,0,0,0,0,0,2,0,15,4,9,41.99713173,-87.7313977,POINT (-87.731397698024 41.997131724976)
JC431787,,9/11/2019 15:35,40,TRAFFIC SIGNAL,FUNCTIONING PROPERLY,CLEAR,DAYLIGHT,REAR END,FOUR WAY,,STRAIGHT AND LEVEL,DRY,NO DEFECTS,NOT ON SCENE (DESK REPORT),NO INJURY / DRIVE AWAY,Y,,Y,"$501 - $1,500",9/11/2019 15:35,FAILING TO REDUCE SPEED TO AVOID CRASH,NOT APPLICABLE,700,S,LAKE SHORE DR E,114,,,,,,,2,NO INDICATION OF INJURY,0,0,0,0,0,2,0,15,4,9,41.87319361,-87.61722829,POINT (-87.617228294467 41.873193608809)
JC446859,,9/11/2019 15:30,25,NO CONTROLS,NO CONTROLS,CLEAR,DAYLIGHT,REAR TO FRONT,ONE-WAY,,STRAIGHT AND LEVEL,DRY,NO DEFECTS,NOT ON SCENE (DESK REPORT),NO INJURY / DRIVE AWAY,,,,"$501 - $1,500",9/12/2019 16:00,IMPROPER BACKING,FAILING TO REDUCE SPEED TO AVOID CRASH,1214,N,WASHTENAW AVE,1423,,,,,,,2,NO INDICATION OF INJURY,0,0,0,0,0,2,0,15,4,9,41.90348733,-87.69457827,POINT (-87.694578268925 41.903487328457)
JC429226,,9/11/2019 15:30,35,NO CONTROLS,NO CONTROLS,CLEAR,DAYLIGHT,PARKED MOTOR VEHICLE,NOT DIVIDED,,STRAIGHT AND LEVEL,DRY,UNKNOWN,ON SCENE,INJURY AND / OR TOW DUE TO CRASH,,,,"OVER $1,500",9/11/2019 16:33,PHYSICAL CONDITION OF DRIVER,PHYSICAL CONDITION OF DRIVER,10101,S,DR MARTIN LUTHER KING JR DR,511,,,,,,,2,NONINCAPACITATING INJURY,1,0,0,1,0,0,0,15,4,9,41.7108701,-87.61371376,POINT (-87.613713763459 41.710870100274)
JC429183,,9/11/2019 15:30,30,TRAFFIC SIGNAL,FUNCTIONING PROPERLY,CLEAR,DAYLIGHT,REAR END,NOT DIVIDED,,STRAIGHT AND LEVEL,DRY,NO DEFECTS,NOT ON SCENE (DESK REPORT),NO INJURY / DRIVE AWAY,,,,"$501 - $1,500",9/11/2019 16:36,FOLLOWING TOO CLOSELY,FOLLOWING TOO CLOSELY,8650,S,STONY ISLAND AVE,412,,,,,,,2,NO INDICATION OF INJURY,0,0,0,0,0,4,0,15,4,9,41.73721106,-87.58578221,POINT (-87.58578220704 41.73721106039)
JC429175,,9/11/2019 15:30,30,TRAFFIC SIGNAL,FUNCTIONING PROPERLY,CLEAR,DAYLIGHT,PEDALCYCLIST,Y-INTERSECTION,,STRAIGHT AND LEVEL,DRY,NO DEFECTS,ON SCENE,INJURY AND / OR TOW DUE TO CRASH,Y,,,$500 OR LESS,9/11/2019 15:45,FAILING TO YIELD RIGHT-OF-WAY,NOT APPLICABLE,1315,N,MILWAUKEE AVE,1433,,,,,,,2,INCAPACITATING INJURY,1,0,1,0,0,2,0,15,4,9,41.90566977,-87.66987011,POINT (-87.669870110723 41.905669765518)
JC429144,,9/11/2019 15:30,30,TRAFFIC SIGNAL,FUNCTIONING PROPERLY,CLEAR,DAYLIGHT,SIDESWIPE SAME DIRECTION,NOT DIVIDED,,STRAIGHT AND LEVEL,DRY,NO DEFECTS,NOT ON SCENE (DESK REPORT),NO INJURY / DRIVE AWAY,,,,"OVER $1,500",9/11/2019 15:45,UNABLE TO DETERMINE,NOT APPLICABLE,9813,S,WESTERN AVE,2213,,,,,,,2,NO INDICATION OF INJURY,0,0,0,0,0,3,0,15,4,9,41.71506679,-87.68173763,POINT (-87.681737630238 41.715066788416)
JC429071,,9/11/2019 15:30,30,TRAFFIC SIGNAL,FUNCTIONING PROPERLY,CLEAR,DAYLIGHT,REAR END,DIVIDED - W/MEDIAN BARRIER,,STRAIGHT AND LEVEL,DRY,NO DEFECTS,ON SCENE,NO INJURY / DRIVE AWAY,N,,,$500 OR LESS,9/11/2019 15:35,FAILING TO REDUCE SPEED TO AVOID CRASH,NOT APPLICABLE,8650,S,STONY ISLAND AVE,412,,Y,,,,,2,NO INDICATION OF INJURY,0,0,0,0,0,5,0,15,4,9,41.73721106,-87.58578221,POINT (-87.58578220704 41.73721106039)
JC429103,,9/11/2019 15:20,30,TRAFFIC SIGNAL,FUNCTIONING PROPERLY,CLEAR,DAYLIGHT,PEDALCYCLIST,NOT DIVIDED,,STRAIGHT AND LEVEL,DRY,NO DEFECTS,ON SCENE,NO INJURY / DRIVE AWAY,,,,"$501 - $1,500",9/11/2019 15:52,FAILING TO YIELD RIGHT-OF-WAY,NOT APPLICABLE,1400,W,CERMAK RD,1235,,,N,,,,2,NO INDICATION OF INJURY,0,0,0,0,0,2,0,15,4,9,41.85252617,-87.66129007,POINT (-87.661290064695 41.852526165608)
JC429085,N,9/11/2019 15:20,30,TRAFFIC SIGNAL,FUNCTIONING PROPERLY,CLEAR,DAYLIGHT,REAR END,NOT DIVIDED,,STRAIGHT AND LEVEL,DRY,NO DEFECTS,ON SCENE,INJURY AND / OR TOW DUE TO CRASH,Y,,,"OVER $1,500",9/11/2019 15:34,DISTRACTION - FROM INSIDE VEHICLE,UNABLE TO DETERMINE,2019,N,ASHLAND AVE,1432,,,,,,,2,INCAPACITATING INJURY,1,0,1,0,0,1,0,15,4,9,41.91853216,-87.66794147,POINT (-87.667941470836 41.918532161228)
JC439586,,9/11/2019 15:15,30,TRAFFIC SIGNAL,FUNCTIONING PROPERLY,CLEAR,DAYLIGHT,REAR END,DIVIDED - W/MEDIAN (NOT RAISED),,STRAIGHT AND LEVEL,DRY,NO DEFECTS,NOT ON SCENE (DESK REPORT),INJURY AND / OR TOW DUE TO CRASH,,,,"$501 - $1,500",9/19/2019 10:30,UNABLE TO DETERMINE,NOT APPLICABLE,1959,E,67TH ST,332,,,,,,,2,"REPORTED, NOT EVIDENT",2,0,0,0,2,1,0,15,4,9,41.77334539,-87.57654792,POINT (-87.576547920344 41.77334539196)
JC429346,,9/11/2019 15:15,30,UNKNOWN,UNKNOWN,CLEAR,DAYLIGHT,PARKED MOTOR VEHICLE,NOT DIVIDED,,STRAIGHT AND LEVEL,DRY,UNKNOWN,NOT ON SCENE (DESK REPORT),NO INJURY / DRIVE AWAY,,,,"$501 - $1,500",9/11/2019 18:15,DRIVING SKILLS/KNOWLEDGE/EXPERIENCE,DRIVING SKILLS/KNOWLEDGE/EXPERIENCE,1732,N,MILWAUKEE AVE,1434,,,,,,,2,NO INDICATION OF INJURY,0,0,0,0,0,1,0,15,4,9,41.91273042,-87.68132703,POINT (-87.681327033187 41.912730418129)
JC436646,,9/11/2019 15:13,15,NO CONTROLS,NO CONTROLS,CLEAR,DAYLIGHT,PARKED MOTOR VEHICLE,PARKING LOT,,STRAIGHT AND LEVEL,DRY,NO DEFECTS,NOT ON SCENE (DESK REPORT),NO INJURY / DRIVE AWAY,,Y,,"OVER $1,500",9/17/2019 7:10,UNABLE TO DETERMINE,UNABLE TO DETERMINE,6227,N,KEENE AVE,1711,,,,,,,2,NO INDICATION OF INJURY,0,0,0,0,0,1,0,15,4,9,41.99481175,-87.74545898,POINT (-87.745458979459 41.994811747844)
JC429082,,9/11/2019 15:12,30,TRAFFIC SIGNAL,FUNCTIONING PROPERLY,CLEAR,DAYLIGHT,REAR END,ONE-WAY,,STRAIGHT AND LEVEL,DRY,UNKNOWN,NOT ON SCENE (DESK REPORT),NO INJURY / DRIVE AWAY,Y,,,"OVER $1,500",9/11/2019 15:30,FOLLOWING TOO CLOSELY,UNABLE TO DETERMINE,8300,S,STATE ST,632,,,,,,,2,NO INDICATION OF INJURY,0,0,0,0,0,3,0,15,4,9,41.74356181,-87.6244758,POINT (-87.624475800517 41.743561807288)
JC429048,,9/11/2019 15:07,30,STOP SIGN/FLASHER,FUNCTIONING PROPERLY,CLEAR,DAYLIGHT,ANGLE,FOUR WAY,,STRAIGHT ON GRADE,DRY,NO DEFECTS,ON SCENE,NO INJURY / DRIVE AWAY,,,,"OVER $1,500",9/11/2019 15:17,UNABLE TO DETERMINE,UNABLE TO DETERMINE,11100,S,WALLACE ST,2233,,,,,,,2,NO INDICATION OF INJURY,0,0,0,0,0,2,0,15,4,9,41.69232255,-87.63767886,POINT (-87.637678864499 41.692322548522)
JC429340,N,9/11/2019 15:00,15,NO CONTROLS,NO CONTROLS,CLEAR,UNKNOWN,FIXED OBJECT,OTHER,,STRAIGHT AND LEVEL,DRY,NO DEFECTS,ON SCENE,INJURY AND / OR TOW DUE TO CRASH,,Y,,"$501 - $1,500",9/11/2019 17:18,DRIVING SKILLS/KNOWLEDGE/EXPERIENCE,NOT APPLICABLE,4844,S,CORNELL AVE,222,,,,,,,1,NO INDICATION OF INJURY,0,0,0,0,0,1,0,15,4,9,41.80610194,-87.58704584,POINT (-87.587045840188 41.806101936708)
JC429060,,9/11/2019 15:00,30,TRAFFIC SIGNAL,UNKNOWN,CLEAR,DAYLIGHT,REAR TO FRONT,NOT DIVIDED,,STRAIGHT AND LEVEL,UNKNOWN,UNKNOWN,NOT ON SCENE (DESK REPORT),NO INJURY / DRIVE AWAY,Y,,,"OVER $1,500",9/11/2019 15:45,IMPROPER BACKING,NOT APPLICABLE,3014,S,ASHLAND AVE,912,,,,,,,2,NO INDICATION OF INJURY,0,0,0,0,0,2,0,15,4,9,41.83902207,-87.6659278,POINT (-87.665927801113 41.839022073328)
JC429020,,9/11/2019 15:00,25,NO CONTROLS,NO CONTROLS,CLEAR,DAYLIGHT,REAR END,NOT DIVIDED,,STRAIGHT AND LEVEL,DRY,NO DEFECTS,NOT ON SCENE (DESK REPORT),NO INJURY / DRIVE AWAY,,,,"OVER $1,500",9/11/2019 15:15,IMPROPER BACKING,NOT APPLICABLE,11601,S,BELL AVE,2212,,,,,,,2,NO INDICATION OF INJURY,0,0,0,0,0,4,0,15,4,9,41.68306302,-87.67717693,POINT (-87.677176929317 41.683063017675)
JC429136,,9/11/2019 14:58,30,STOP SIGN/FLASHER,NO CONTROLS,CLEAR,DAYLIGHT,REAR END,DIVIDED - W/MEDIAN (NOT RAISED),,STRAIGHT AND LEVEL,DRY,NO DEFECTS,ON SCENE,NO INJURY / DRIVE AWAY,,,,"$501 - $1,500",9/11/2019 16:00,FAILING TO YIELD RIGHT-OF-WAY,NOT APPLICABLE,5335,S,ARCHER AVE,815,,,,,,,2,NO INDICATION OF INJURY,0,0,0,0,0,3,0,14,4,9,41.79882699,-87.74116646,POINT (-87.741166463388 41.79882699382)
JC429321,,9/11/2019 14:52,30,TRAFFIC SIGNAL,FUNCTIONING PROPERLY,CLEAR,DAYLIGHT,REAR END,NOT DIVIDED,,STRAIGHT AND LEVEL,DRY,NO DEFECTS,NOT ON SCENE (DESK REPORT),NO INJURY / DRIVE AWAY,,,Y,$500 OR LESS,9/11/2019 18:25,FOLLOWING TOO CLOSELY,NOT APPLICABLE,918,S,WESTERN AVE,1135,,,,,,,2,NO INDICATION OF INJURY,0,0,0,0,0,3,0,14,4,9,41.86963376,-87.68626844,POINT (-87.686268441666 41.869633762871)
JC428995,,9/11/2019 14:45,30,TRAFFIC SIGNAL,FUNCTIONING PROPERLY,CLEAR,DAYLIGHT,TURNING,DIVIDED - W/MEDIAN (NOT RAISED),,STRAIGHT AND LEVEL,DRY,NO DEFECTS,ON SCENE,NO INJURY / DRIVE AWAY,,,,"OVER $1,500",9/11/2019 15:11,IMPROPER TURNING/NO SIGNAL,UNABLE TO DETERMINE,2000,S,CLARK ST,131,,,,,,,2,NO INDICATION OF INJURY,0,0,0,0,0,2,0,14,4,9,41.85539582,-87.63030525,POINT (-87.630305245769 41.855395817538)
JC439929,,9/11/2019 14:40,30,STOP SIGN/FLASHER,OTHER,CLEAR,DAYLIGHT,REAR END,DIVIDED - W/MEDIAN (NOT RAISED),,STRAIGHT AND LEVEL,DRY,NO DEFECTS,NOT ON SCENE (DESK REPORT),NO INJURY / DRIVE AWAY,,,,"OVER $1,500",9/19/2019 14:45,UNABLE TO DETERMINE,NOT APPLICABLE,3300,W,WRIGHTWOOD AVE,1412,,,,,,,2,NO INDICATION OF INJURY,0,0,0,0,0,2,0,14,4,9,41.92844011,-87.71093045,POINT (-87.710930454138 41.92844010893)
JC429376,,9/11/2019 14:40,30,TRAFFIC SIGNAL,FUNCTIONING PROPERLY,CLEAR,DAYLIGHT,REAR END,DIVIDED - W/MEDIAN (NOT RAISED),,STRAIGHT AND LEVEL,DRY,NO DEFECTS,NOT ON SCENE (DESK REPORT),INJURY AND / OR TOW DUE TO CRASH,,,,"$501 - $1,500",9/11/2019 19:00,UNABLE TO DETERMINE,NOT APPLICABLE,2800,W,103RD ST,2211,,,,,,,2,"REPORTED, NOT EVIDENT",1,0,0,0,1,1,0,14,4,9,41.70642415,-87.69160262,POINT (-87.691602621373 41.706424153546)
JC429454,,9/11/2019 14:30,30,NO CONTROLS,NO CONTROLS,CLEAR,DAYLIGHT,TURNING,NOT DIVIDED,,STRAIGHT AND LEVEL,DRY,NO DEFECTS,NOT ON SCENE (DESK REPORT),NO INJURY / DRIVE AWAY,,,,"$501 - $1,500",9/11/2019 20:04,NOT APPLICABLE,NOT APPLICABLE,740,N,SEDGWICK ST,1831,,,,,,,2,NO INDICATION OF INJURY,0,0,0,0,0,2,0,14,4,9,41.89595826,-87.63871268,POINT (-87.638712684096 41.895958256656)
JC429041,,9/11/2019 14:30,30,STOP SIGN/FLASHER,FUNCTIONING PROPERLY,CLEAR,DAYLIGHT,TURNING,NOT DIVIDED,,STRAIGHT AND LEVEL,DRY,NO DEFECTS,NOT ON SCENE (DESK REPORT),NO INJURY / DRIVE AWAY,,,N,$500 OR LESS,9/11/2019 15:02,UNABLE TO DETERMINE,UNABLE TO DETERMINE,8700,S,DR MARTIN LUTHER KING JR DR,632,,,,,,,2,NO INDICATION OF INJURY,0,0,0,0,0,3,0,14,4,9,41.73645505,-87.61467291,POINT (-87.614672912717 41.736455045812)
JC428985,,9/11/2019 14:30,30,NO CONTROLS,NO CONTROLS,CLEAR,DAYLIGHT,REAR END,DIVIDED - W/MEDIAN BARRIER,,STRAIGHT AND LEVEL,DRY,NO DEFECTS,ON SCENE,NO INJURY / DRIVE AWAY,,,,"OVER $1,500",9/11/2019 15:00,FOLLOWING TOO CLOSELY,IMPROPER OVERTAKING/PASSING,2112,W,PETERSON AVE,2413,,,,,,,2,NO INDICATION OF INJURY,0,0,0,0,0,2,0,14,4,9,41.99072922,-87.68297945,POINT (-87.682979453599 41.990729217961)
JC428972,,9/11/2019 14:30,30,TRAFFIC SIGNAL,FUNCTIONING PROPERLY,CLEAR,DAYLIGHT,TURNING,FOUR WAY,,STRAIGHT AND LEVEL,DRY,NO DEFECTS,ON SCENE,NO INJURY / DRIVE AWAY,,,,"OVER $1,500",9/11/2019 14:35,IMPROPER TURNING/NO SIGNAL,NOT APPLICABLE,3000,N,CLARK ST,1934,,,,,,,2,NO INDICATION OF INJURY,0,0,0,0,0,2,0,14,4,9,41.93644033,-87.64800621,POINT (-87.64800621163 41.936440325368)
JC428974,,9/11/2019 14:20,35,NO CONTROLS,NO CONTROLS,CLEAR,DAYLIGHT,PARKED MOTOR VEHICLE,NOT DIVIDED,,STRAIGHT AND LEVEL,DRY,NO DEFECTS,ON SCENE,NO INJURY / DRIVE AWAY,,,Y,"OVER $1,500",9/11/2019 14:23,UNABLE TO DETERMINE,NOT APPLICABLE,2439,W,PETERSON AVE,2011,,,,,,,2,NO INDICATION OF INJURY,0,0,0,0,0,1,0,14,4,9,41.99038076,-87.69125603,POINT (-87.691256033499 41.99038076366)
JC428994,,9/11/2019 14:17,30,NO CONTROLS,NO CONTROLS,CLEAR,DAYLIGHT,TURNING,DIVIDED - W/MEDIAN (NOT RAISED),,STRAIGHT AND LEVEL,DRY,NO DEFECTS,ON SCENE,NO INJURY / DRIVE AWAY,,,,"OVER $1,500",9/11/2019 14:40,FAILING TO YIELD RIGHT-OF-WAY,NOT APPLICABLE,5747,S,HARLEM AVE,811,,,,,,,2,NO INDICATION OF INJURY,0,0,0,0,0,3,0,14,4,9,41.78693075,-87.8011659,POINT (-87.801165897198 41.786930754333)
JC429028,,9/11/2019 14:15,45,TRAFFIC SIGNAL,FUNCTIONING PROPERLY,CLEAR,DAYLIGHT,REAR END,DIVIDED - W/MEDIAN BARRIER,,STRAIGHT AND LEVEL,DRY,NO DEFECTS,NOT ON SCENE (DESK REPORT),NO INJURY / DRIVE AWAY,,,,"$501 - $1,500",9/11/2019 15:15,FOLLOWING TOO CLOSELY,FOLLOWING TOO CLOSELY,100,S,LAKE SHORE DR SB,114,,,,,,,2,NO INDICATION OF INJURY,0,0,0,0,0,2,0,14,4,9,41.88085605,-87.61763589,POINT (-87.617635891755 41.880856047671)
JC428993,,9/11/2019 14:15,10,UNKNOWN,UNKNOWN,CLEAR,DAYLIGHT,PARKED MOTOR VEHICLE,PARKING LOT,,STRAIGHT AND LEVEL,DRY,NO DEFECTS,NOT ON SCENE (DESK REPORT),NO INJURY / DRIVE AWAY,,Y,,"$501 - $1,500",9/11/2019 15:04,IMPROPER BACKING,UNABLE TO DETERMINE,4318,S,WESTERN AVE,922,,,,,,,2,NO INDICATION OF INJURY,0,0,0,0,0,1,0,14,4,9,41.8150968,-87.6847586,POINT (-87.684758602034 41.815096800211)
JC428950,,9/11/2019 14:11,30,TRAFFIC SIGNAL,FUNCTIONING PROPERLY,CLEAR,DAYLIGHT,ANGLE,NOT DIVIDED,,STRAIGHT AND LEVEL,DRY,NO DEFECTS,ON SCENE,INJURY AND / OR TOW DUE TO CRASH,Y,,,"OVER $1,500",9/11/2019 14:11,DISREGARDING TRAFFIC SIGNALS,NOT APPLICABLE,6800,N,RIDGE BLVD,2411,,,,,,,2,NO INDICATION OF INJURY,0,0,0,0,0,2,0,14,4,9,42.00523149,-87.68033813,POINT (-87.680338131596 42.005231485732)
JC435715,,9/11/2019 14:00,10,NO CONTROLS,NO CONTROLS,UNKNOWN,DAYLIGHT,PARKED MOTOR VEHICLE,PARKING LOT,,STRAIGHT AND LEVEL,UNKNOWN,NO DEFECTS,NOT ON SCENE (DESK REPORT),NO INJURY / DRIVE AWAY,,,Y,"$501 - $1,500",9/16/2019 14:30,UNABLE TO DETERMINE,UNABLE TO DETERMINE,3550,N,ELSTON AVE,1733,,,,,,,2,NO INDICATION OF INJURY,0,0,0,0,0,1,0,14,4,9,41.94580858,-87.70786079,POINT (-87.70786078472 41.94580858027)
JC429353,,9/11/2019 14:00,30,NO CONTROLS,NO CONTROLS,CLEAR,DAYLIGHT,PARKED MOTOR VEHICLE,DRIVEWAY,,STRAIGHT AND LEVEL,DRY,NO DEFECTS,NOT ON SCENE (DESK REPORT),NO INJURY / DRIVE AWAY,,,,"$501 - $1,500",9/11/2019 18:49,NOT APPLICABLE,NOT APPLICABLE,4859,S,KEDVALE AVE,815,,,,,,,2,NO INDICATION OF INJURY,0,0,0,0,0,1,0,14,4,9,41.80426044,-87.72700674,POINT (-87.727006735422 41.804260443816)
JC429170,,9/11/2019 14:00,30,NO CONTROLS,NO CONTROLS,CLEAR,DAYLIGHT,PARKED MOTOR VEHICLE,ONE-WAY,,STRAIGHT AND LEVEL,DRY,NO DEFECTS,NOT ON SCENE (DESK REPORT),NO INJURY / DRIVE AWAY,,,Y,"$501 - $1,500",9/11/2019 16:37,NOT APPLICABLE,NOT APPLICABLE,5033,S,TALMAN AVE,923,,,,,,,2,NO INDICATION OF INJURY,0,0,0,0,0,1,0,14,4,9,41.8018797,-87.69021428,POINT (-87.690214279853 41.801879698094)
JC429087,Y,9/11/2019 14:00,20,NO CONTROLS,NO CONTROLS,CLEAR,DAYLIGHT,FIXED OBJECT,PARKING LOT,,STRAIGHT ON HILLCREST,DRY,OTHER,ON SCENE,NO INJURY / DRIVE AWAY,,Y,,"$501 - $1,500",9/11/2019 14:50,UNABLE TO DETERMINE,UNABLE TO DETERMINE,251,E,95TH ST,511,,,,,,,1,NO INDICATION OF INJURY,0,0,0,0,0,1,0,14,4,9,41.72173517,-87.61695342,POINT (-87.616953421943 41.721735173263)
JC429008,,9/11/2019 14:00,30,NO CONTROLS,NO CONTROLS,CLEAR,DAYLIGHT,PARKED MOTOR VEHICLE,NOT DIVIDED,,STRAIGHT AND LEVEL,DRY,NO DEFECTS,NOT ON SCENE (DESK REPORT),NO INJURY / DRIVE AWAY,,,Y,"$501 - $1,500",9/11/2019 15:20,NOT APPLICABLE,NOT APPLICABLE,5029,W,DIVISION ST,1531,,,,,,,2,NO INDICATION OF INJURY,0,0,0,0,0,1,0,14,4,9,41.90217954,-87.75203645,POINT (-87.752036446974 41.902179544374)
JC428949,,9/11/2019 13:55,30,NO CONTROLS,NO CONTROLS,CLEAR,DAYLIGHT,REAR TO FRONT,PARKING LOT,,STRAIGHT AND LEVEL,DRY,NO DEFECTS,ON SCENE,INJURY AND / OR TOW DUE TO CRASH,,,,"OVER $1,500",9/11/2019 13:57,IMPROPER BACKING,UNABLE TO DETERMINE,4640,N,BROADWAY,1913,,,,,,,2,NONINCAPACITATING INJURY,1,0,0,1,0,1,0,13,4,9,41.96641109,-87.65828149,POINT (-87.658281493586 41.966411087547)
JC428951,,9/11/2019 13:45,30,NO CONTROLS,NO CONTROLS,CLEAR,DAYLIGHT,REAR END,NOT DIVIDED,,STRAIGHT AND LEVEL,DRY,NO DEFECTS,ON SCENE,NO INJURY / DRIVE AWAY,,,,$500 OR LESS,9/11/2019 13:46,DRIVING SKILLS/KNOWLEDGE/EXPERIENCE,DRIVING SKILLS/KNOWLEDGE/EXPERIENCE,1253,W,WASHINGTON BLVD,1224,,,,,,,2,NO INDICATION OF INJURY,0,0,0,0,0,2,0,13,4,9,41.88284177,-87.65873455,POINT (-87.65873454518 41.882841764565)
JC429171,,9/11/2019 13:40,25,NO CONTROLS,NO CONTROLS,CLEAR,DAYLIGHT,REAR TO FRONT,PARKING LOT,,STRAIGHT AND LEVEL,DRY,NO DEFECTS,NOT ON SCENE (DESK REPORT),NO INJURY / DRIVE AWAY,,,,"OVER $1,500",9/11/2019 16:30,IMPROPER BACKING,NOT APPLICABLE,901,S,PLYMOUTH CT,123,,,,,,,2,NO INDICATION OF INJURY,0,0,0,0,0,2,0,13,4,9,41.87050091,-87.6284461,POINT (-87.628446100225 41.870500910762)