RD_NO,CRASH_DATE_EST_I,CRASH_DATE,POSTED_SPEED_LIMIT,TRAFFIC_CONTROL_DEVICE,DEVICE_CONDITION,WEATHER_CONDITION,LIGHTING_CONDITION,FIRST_CRASH_TYPE,TRAFFICWAY_TYPE,LANE_CNT,ALIGNMENT,ROADWAY_SURFACE_COND,ROAD_DEFECT,REPORT_TYPE,CRASH_TYPE,INTERSECTION_RELATED_I,NOT_RIGHT_OF_WAY_I,HIT_AND_RUN_I,DAMAGE,DATE_POLICE_NOTIFIED,PRIM_CONTRIBUTORY_CAUSE,SEC_CONTRIBUTORY_CAUSE,STREET_NO,STREET_DIRECTION,STREET_NAME,BEAT_OF_OCCURRENCE,PHOTOS_TAKEN_I,STATEMENTS_TAKEN_I,DOORING_I,WORK_ZONE_I,WORK_ZONE_TYPE,WORKERS_PRESENT_I,NUM_UNITS,MOST_SEVERE_INJURY,INJURIES_TOTAL,INJURIES_FATAL,INJURIES_INCAPACITATING,INJURIES_NON_INCAPACITATING,INJURIES_REPORTED_NOT_EVIDENT,INJURIES_NO_INDICATION,INJURIES_UNKNOWN,CRASH_HOUR,CRASH_DAY_OF_WEEK,CRASH_MONTH,LATITUDE,LONGITUDE,LOCATION
JC428989,,9/11/2019 13:30,30,UNKNOWN,UNKNOWN,CLEAR,DAYLIGHT,SIDESWIPE SAME DIRECTION,DIVIDED - W/MEDIAN (NOT RAISED),,STRAIGHT AND LEVEL,DRY,NO DEFECTS,NOT ON SCENE (DESK REPORT),NO INJURY / DRIVE AWAY,,,,"OVER $1,500",9/11/2019 14:30,UNABLE TO DETERMINE,UNABLE TO DETERMINE,2006,E,71ST ST,331,,,,,,,2,NO INDICATION OF INJURY,0,0,0,0,0,2,0,13,4,9,41.76635651,-87.57599,POINT (-87.575989994705 41.766356508585)
JC428947,,9/11/2019 13:30,30,STOP SIGN/FLASHER,FUNCTIONING PROPERLY,CLEAR,DAYLIGHT,TURNING,NOT DIVIDED,,STRAIGHT AND LEVEL,DRY,NO DEFECTS,NOT ON SCENE (DESK REPORT),NO INJURY / DRIVE AWAY,Y,,,"OVER $1,500",9/11/2019 14:00,FAILING TO YIELD RIGHT-OF-WAY,UNABLE TO DETERMINE,6700,S,JEFFERY BLVD,332,,,,,,,2,NO INDICATION OF INJURY,0,0,0,0,0,2,0,13,4,9,41.77336841,-87.57663855,POINT (-87.576638552177 41.773368408547)
JC430546,,9/11/2019 13:25,30,NO CONTROLS,NO CONTROLS,CLEAR,DAYLIGHT,PEDALCYCLIST,NOT DIVIDED,,STRAIGHT AND LEVEL,DRY,NO DEFECTS,NOT ON SCENE (DESK REPORT),NO INJURY / DRIVE AWAY,,,,$500 OR LESS,9/12/2019 17:06,UNABLE TO DETERMINE,NOT APPLICABLE,1658,N,MARCEY ST,1811,,,,,,,2,NO INDICATION OF INJURY,0,0,0,0,0,2,0,13,4,9,41.91241358,-87.65388195,POINT (-87.653881949964 41.912413583819)
JC428921,,9/11/2019 13:20,10,NO CONTROLS,NO CONTROLS,CLEAR,DAYLIGHT,ANGLE,PARKING LOT,,STRAIGHT AND LEVEL,DRY,NO DEFECTS,NOT ON SCENE (DESK REPORT),NO INJURY / DRIVE AWAY,,,,"OVER $1,500",9/11/2019 13:20,IMPROPER BACKING,NOT APPLICABLE,1317,W,DIVERSEY PKWY,1932,,,,,,,2,NO INDICATION OF INJURY,0,0,0,0,0,2,0,13,4,9,41.93239654,-87.6618634,POINT (-87.661863402369 41.932396543445)
JC428878,,9/11/2019 13:18,15,NO CONTROLS,NO CONTROLS,CLEAR,DAYLIGHT,PEDESTRIAN,ALLEY,,STRAIGHT AND LEVEL,DRY,NO DEFECTS,ON SCENE,INJURY AND / OR TOW DUE TO CRASH,,,,$500 OR LESS,9/11/2019 13:18,"VISION OBSCURED (SIGNS, TREE LIMBS, BUILDINGS, ETC.)",NOT APPLICABLE,5245,W,FULLERTON AVE,2515,,,,,,,2,FATAL,1,1,0,0,0,1,0,13,4,9,41.92397326,-87.75798631,POINT (-87.757986312676 41.923973259275)
JC428952,,9/11/2019 13:15,30,TRAFFIC SIGNAL,FUNCTIONING PROPERLY,CLEAR,DAYLIGHT,REAR END,NOT DIVIDED,,STRAIGHT AND LEVEL,DRY,NO DEFECTS,NOT ON SCENE (DESK REPORT),NO INJURY / DRIVE AWAY,,,,"$501 - $1,500",9/11/2019 14:15,FOLLOWING TOO CLOSELY,UNABLE TO DETERMINE,8401,W,LAWRENCE AVE,1614,,,,,,,2,NO INDICATION OF INJURY,0,0,0,0,0,2,0,13,4,9,41.96648619,-87.83674079,POINT (-87.836740790376 41.966486186627)
JC428930,,9/11/2019 13:05,30,STOP SIGN/FLASHER,FUNCTIONING PROPERLY,CLEAR,DAYLIGHT,PEDALCYCLIST,NOT DIVIDED,,STRAIGHT AND LEVEL,DRY,NO DEFECTS,NOT ON SCENE (DESK REPORT),INJURY AND / OR TOW DUE TO CRASH,Y,,Y,"$501 - $1,500",9/11/2019 14:14,FAILING TO YIELD RIGHT-OF-WAY,FAILING TO REDUCE SPEED TO AVOID CRASH,5500,W,DIVERSEY AVE,2514,,,,,,,2,NONINCAPACITATING INJURY,1,0,0,1,0,1,0,13,4,9,41.9314189,-87.76385415,POINT (-87.763854144612 41.931418896513)
JC428884,,9/11/2019 13:05,15,NO CONTROLS,NO CONTROLS,CLEAR,DAYLIGHT,REAR TO SIDE,PARKING LOT,,STRAIGHT AND LEVEL,DRY,NO DEFECTS,ON SCENE,NO INJURY / DRIVE AWAY,,,,"OVER $1,500",9/11/2019 13:10,FAILING TO YIELD RIGHT-OF-WAY,NOT APPLICABLE,10000,W,OHARE ST,1651,,,,,,,2,NO INDICATION OF INJURY,0,0,0,0,0,2,0,13,4,9,41.97620114,-87.90530913,POINT (-87.905309125103 41.976201139024)
JC429031,N,9/11/2019 13:00,30,NO CONTROLS,NO CONTROLS,CLEAR,DAYLIGHT,PARKED MOTOR VEHICLE,NOT DIVIDED,,STRAIGHT AND LEVEL,DRY,NO DEFECTS,ON SCENE,NO INJURY / DRIVE AWAY,,,Y,"OVER $1,500",9/11/2019 15:21,UNABLE TO DETERMINE,NOT APPLICABLE,210,N,RACINE AVE,1215,,,,,,,2,NO INDICATION OF INJURY,0,0,0,0,0,1,0,13,4,9,41.88588962,-87.65696174,POINT (-87.656961739421 41.885889616913)
JC428982,,9/11/2019 13:00,30,TRAFFIC SIGNAL,FUNCTIONING PROPERLY,CLEAR,DAYLIGHT,REAR END,NOT DIVIDED,,STRAIGHT AND LEVEL,DRY,UNKNOWN,NOT ON SCENE (DESK REPORT),NO INJURY / DRIVE AWAY,Y,,Y,"OVER $1,500",9/11/2019 14:50,FAILING TO REDUCE SPEED TO AVOID CRASH,NOT APPLICABLE,51,E,63RD ST,312,,,,,,,2,NO INDICATION OF INJURY,0,0,0,0,0,2,0,13,4,9,41.77990383,-87.62335081,POINT (-87.623350814226 41.779903827211)
JC428877,,9/11/2019 13:00,35,UNKNOWN,OTHER,CLEAR,DAYLIGHT,ANGLE,NOT DIVIDED,,STRAIGHT AND LEVEL,DRY,NO DEFECTS,NOT ON SCENE (DESK REPORT),NO INJURY / DRIVE AWAY,,,,"$501 - $1,500",9/11/2019 13:25,UNABLE TO DETERMINE,NOT APPLICABLE,4000,N,NARRAGANSETT AVE,1632,,,,,,,2,NO INDICATION OF INJURY,0,0,0,0,0,2,0,13,4,9,41.95295865,-87.7867085,POINT (-87.786708502186 41.952958651098)
JC428872,,9/11/2019 13:00,30,TRAFFIC SIGNAL,FUNCTIONING PROPERLY,CLEAR,DAYLIGHT,TURNING,ONE-WAY,,STRAIGHT AND LEVEL,DRY,NO DEFECTS,NOT ON SCENE (DESK REPORT),NO INJURY / DRIVE AWAY,,,,"OVER $1,500",9/11/2019 13:38,NOT APPLICABLE,UNABLE TO DETERMINE,85,E,LAKE ST,111,,,,,,,2,NO INDICATION OF INJURY,0,0,0,0,0,3,0,13,4,9,41.88563118,-87.62496335,POINT (-87.624963348543 41.885631182369)
JC428883,,9/11/2019 12:51,30,STOP SIGN/FLASHER,FUNCTIONING PROPERLY,CLEAR,DAYLIGHT,ANGLE,FOUR WAY,,STRAIGHT AND LEVEL,DRY,NO DEFECTS,ON SCENE,INJURY AND / OR TOW DUE TO CRASH,Y,,Y,"OVER $1,500",9/11/2019 12:55,DISREGARDING STOP SIGN,FAILING TO REDUCE SPEED TO AVOID CRASH,1232,W,WASHINGTON BLVD,1224,Y,,,,,,2,"REPORTED, NOT EVIDENT",1,0,0,0,1,3,0,12,4,9,41.88307293,-87.65796742,POINT (-87.657967424289 41.88307292766)
JC428988,,9/11/2019 12:45,30,TRAFFIC SIGNAL,FUNCTIONING PROPERLY,CLEAR,DAYLIGHT,TURNING,FOUR WAY,,STRAIGHT AND LEVEL,DRY,NO DEFECTS,NOT ON SCENE (DESK REPORT),NO INJURY / DRIVE AWAY,Y,,,"OVER $1,500",9/11/2019 15:02,UNABLE TO DETERMINE,UNABLE TO DETERMINE,2400,W,LAWRENCE AVE,2031,,,,,,,2,NO INDICATION OF INJURY,0,0,0,0,0,5,0,12,4,9,41.96872435,-87.68896873,POINT (-87.688968726996 41.968724348822)
JC428981,Y,9/11/2019 12:30,25,UNKNOWN,UNKNOWN,CLEAR,DAYLIGHT,TURNING,DIVIDED - W/MEDIAN (NOT RAISED),,STRAIGHT AND LEVEL,DRY,UNKNOWN,NOT ON SCENE (DESK REPORT),NO INJURY / DRIVE AWAY,,,N,"OVER $1,500",9/11/2019 14:35,FAILING TO YIELD RIGHT-OF-WAY,FAILING TO REDUCE SPEED TO AVOID CRASH,639,W,18TH ST,1235,,,,,,,2,NO INDICATION OF INJURY,0,0,0,0,0,2,0,12,4,9,41.85748639,-87.64340551,POINT (-87.643405507886 41.857486393374)
JC428858,,9/11/2019 12:26,30,NO CONTROLS,NO CONTROLS,CLEAR,DAYLIGHT,REAR END,NOT DIVIDED,,STRAIGHT AND LEVEL,DRY,NO DEFECTS,NOT ON SCENE (DESK REPORT),NO INJURY / DRIVE AWAY,,,,"OVER $1,500",9/11/2019 13:10,FOLLOWING TOO CLOSELY,UNABLE TO DETERMINE,4100,N,OAK PARK AVE,1632,,,,,,,2,NO INDICATION OF INJURY,0,0,0,0,0,2,0,12,4,9,41.95485515,-87.79685288,POINT (-87.796852878609 41.954855153402)
JC428825,,9/11/2019 12:22,30,NO CONTROLS,NO CONTROLS,CLEAR,DAYLIGHT,SIDESWIPE SAME DIRECTION,NOT DIVIDED,,STRAIGHT AND LEVEL,DRY,NO DEFECTS,ON SCENE,NO INJURY / DRIVE AWAY,,,,"OVER $1,500",9/11/2019 12:25,IMPROPER LANE USAGE,UNABLE TO DETERMINE,5024,S,KEDZIE AVE,821,,,,,,,2,NO INDICATION OF INJURY,0,0,0,0,0,2,0,12,4,9,41.80183369,-87.70394296,POINT (-87.703942956428 41.801833692636)
JC428833,,9/11/2019 12:21,30,UNKNOWN,UNKNOWN,CLEAR,DAYLIGHT,SIDESWIPE SAME DIRECTION,NOT DIVIDED,,STRAIGHT AND LEVEL,DRY,NO DEFECTS,ON SCENE,NO INJURY / DRIVE AWAY,,,,"OVER $1,500",9/11/2019 12:22,UNABLE TO DETERMINE,DRIVING SKILLS/KNOWLEDGE/EXPERIENCE,400,W,BELMONT AVE,1925,,,,,,,2,NO INDICATION OF INJURY,0,0,0,0,0,2,0,12,4,9,41.94024119,-87.63963911,POINT (-87.639639114276 41.940241193256)
JC428862,,9/11/2019 12:20,30,NO CONTROLS,NO CONTROLS,CLEAR,DAYLIGHT,TURNING,NOT DIVIDED,,STRAIGHT AND LEVEL,DRY,NO DEFECTS,NOT ON SCENE (DESK REPORT),NO INJURY / DRIVE AWAY,,,,"$501 - $1,500",9/11/2019 13:15,IMPROPER OVERTAKING/PASSING,NOT APPLICABLE,1098,W,BELMONT AVE,1924,,,,,,,2,NO INDICATION OF INJURY,0,0,0,0,0,2,0,12,4,9,41.93998417,-87.65647879,POINT (-87.656478789305 41.939984172552)
JC429027,,9/11/2019 12:15,30,NO CONTROLS,NO CONTROLS,CLEAR,DAYLIGHT,REAR END,NOT DIVIDED,,STRAIGHT AND LEVEL,DRY,NO DEFECTS,NOT ON SCENE (DESK REPORT),NO INJURY / DRIVE AWAY,,,,"$501 - $1,500",9/11/2019 15:20,FOLLOWING TOO CLOSELY,UNABLE TO DETERMINE,5108,N,MILWAUKEE AVE,1623,,,,,,,2,NO INDICATION OF INJURY,0,0,0,0,0,2,0,12,4,9,41.97313401,-87.76564184,POINT (-87.765641844148 41.973134014058)
JC428874,,9/11/2019 12:15,15,NO CONTROLS,NO CONTROLS,CLEAR,DAYLIGHT,REAR TO SIDE,PARKING LOT,,STRAIGHT AND LEVEL,DRY,NO DEFECTS,NOT ON SCENE (DESK REPORT),NO INJURY / DRIVE AWAY,,,,"OVER $1,500",9/11/2019 13:15,PHYSICAL CONDITION OF DRIVER,NOT APPLICABLE,3160,N,MILWAUKEE AVE,2523,,,,,,,2,NO INDICATION OF INJURY,0,0,0,0,0,2,0,12,4,9,41.93823385,-87.72267123,POINT (-87.722671232536 41.938233848787)
JC428782,Y,9/11/2019 12:03,30,NO CONTROLS,NO CONTROLS,CLEAR,DAYLIGHT,PARKED MOTOR VEHICLE,ALLEY,,STRAIGHT AND LEVEL,DRY,NO DEFECTS,ON SCENE,INJURY AND / OR TOW DUE TO CRASH,,,,"OVER $1,500",9/11/2019 12:03,IMPROPER TURNING/NO SIGNAL,PHYSICAL CONDITION OF DRIVER,6233,W,55TH ST,811,,,,,,,3,NO INDICATION OF INJURY,0,0,0,0,0,1,0,12,4,9,41.79230837,-87.77821052,POINT (-87.778210515142 41.792308374455)
JC429223,Y,9/11/2019 12:00,30,NO CONTROLS,NO CONTROLS,CLEAR,DAYLIGHT,PARKED MOTOR VEHICLE,NOT DIVIDED,,STRAIGHT AND LEVEL,WET,NO DEFECTS,ON SCENE,NO INJURY / DRIVE AWAY,,,Y,"OVER $1,500",9/11/2019 16:21,UNABLE TO DETERMINE,UNABLE TO DETERMINE,2250,N,STOCKTON DR,1814,,,,,,,3,NO INDICATION OF INJURY,0,0,0,0,0,1,0,12,4,9,41.92347915,-87.63591676,POINT (-87.63591676328 41.923479147709)
JC429179,Y,9/11/2019 12:00,30,NO CONTROLS,NO CONTROLS,CLEAR,"DARKNESS, LIGHTED ROAD",PARKED MOTOR VEHICLE,ONE-WAY,,STRAIGHT AND LEVEL,DRY,NO DEFECTS,NOT ON SCENE (DESK REPORT),NO INJURY / DRIVE AWAY,,,Y,"OVER $1,500",9/11/2019 17:25,UNABLE TO DETERMINE,UNABLE TO DETERMINE,12215,S,NORMAL AVE,523,,,,,,,2,NO INDICATION OF INJURY,0,0,0,0,0,1,0,12,4,9,41.67194958,-87.63435224,POINT (-87.634352242827 41.671949579303)
JC429159,,9/11/2019 12:00,25,NO CONTROLS,NO CONTROLS,CLEAR,DAYLIGHT,PARKED MOTOR VEHICLE,NOT DIVIDED,,STRAIGHT AND LEVEL,DRY,NO DEFECTS,NOT ON SCENE (DESK REPORT),NO INJURY / DRIVE AWAY,,,Y,"$501 - $1,500",9/11/2019 14:30,UNABLE TO DETERMINE,NOT APPLICABLE,5600,W,ADDISON ST,1633,,,,,,,2,NO INDICATION OF INJURY,0,0,0,0,0,1,0,12,4,9,41.9459851,-87.76687995,POINT (-87.766879951659 41.945985104309)
JC428796,,9/11/2019 12:00,20,STOP SIGN/FLASHER,FUNCTIONING PROPERLY,CLEAR,DAYLIGHT,REAR END,FOUR WAY,,STRAIGHT AND LEVEL,DRY,NO DEFECTS,NOT ON SCENE (DESK REPORT),INJURY AND / OR TOW DUE TO CRASH,,,,"OVER $1,500",9/11/2019 12:20,FAILING TO REDUCE SPEED TO AVOID CRASH,NOT APPLICABLE,2600,N,NORMANDY AVE,2512,,,,,,,2,NONINCAPACITATING INJURY,1,0,0,1,0,2,0,12,4,9,41.92729615,-87.79305658,POINT (-87.793056577496 41.927296150079)
JC428789,,9/11/2019 11:55,30,TRAFFIC SIGNAL,FUNCTIONING PROPERLY,CLEAR,DAYLIGHT,TURNING,FOUR WAY,,STRAIGHT AND LEVEL,DRY,NO DEFECTS,ON SCENE,NO INJURY / DRIVE AWAY,,,,"$501 - $1,500",9/11/2019 12:10,IMPROPER TURNING/NO SIGNAL,UNABLE TO DETERMINE,800,W,MONROE ST,1232,,,,,,,2,NO INDICATION OF INJURY,0,0,0,0,0,2,0,11,4,9,41.88060163,-87.6473534,POINT (-87.647353403244 41.880601632129)
JC429127,,9/11/2019 11:50,30,NO CONTROLS,NO CONTROLS,CLEAR,DAYLIGHT,ANGLE,NOT DIVIDED,,STRAIGHT AND LEVEL,DRY,UNKNOWN,NOT ON SCENE (DESK REPORT),NO INJURY / DRIVE AWAY,,,,"$501 - $1,500",9/11/2019 16:10,IMPROPER BACKING,NOT APPLICABLE,7431,S,WESTERN AVE,835,,,,,,,2,NO INDICATION OF INJURY,0,0,0,0,0,2,0,11,4,9,41.75825583,-87.68292391,POINT (-87.682923905758 41.758255834267)
JC436997,,9/11/2019 11:47,30,NO CONTROLS,NO CONTROLS,CLEAR,DAYLIGHT,PARKED MOTOR VEHICLE,ONE-WAY,,STRAIGHT AND LEVEL,DRY,NO DEFECTS,NOT ON SCENE (DESK REPORT),NO INJURY / DRIVE AWAY,,,,"$501 - $1,500",9/17/2019 12:00,FAILING TO YIELD RIGHT-OF-WAY,NOT APPLICABLE,2247,N,AVERS AVE,2525,,,,,,,2,NO INDICATION OF INJURY,0,0,0,0,0,1,0,11,4,9,41.92226928,-87.72289217,POINT (-87.72289216589 41.922269283567)
JC482770,,9/11/2019 11:40,25,NO CONTROLS,NO CONTROLS,CLEAR,DAYLIGHT,REAR END,ONE-WAY,,STRAIGHT AND LEVEL,DRY,NO DEFECTS,NOT ON SCENE (DESK REPORT),NO INJURY / DRIVE AWAY,,,,"$501 - $1,500",9/11/2019 12:14,UNABLE TO DETERMINE,UNABLE TO DETERMINE,100,W,ONTARIO ST,1832,,,,,,,2,NO INDICATION OF INJURY,0,0,0,0,0,3,0,11,4,9,41.89333774,-87.6312445,POINT (-87.631244496213 41.893337737184)
JC428795,,9/11/2019 11:40,30,NO CONTROLS,NO CONTROLS,CLEAR,DAYLIGHT,SIDESWIPE SAME DIRECTION,DIVIDED - W/MEDIAN (NOT RAISED),,STRAIGHT AND LEVEL,DRY,NO DEFECTS,NOT ON SCENE (DESK REPORT),NO INJURY / DRIVE AWAY,,,,"OVER $1,500",9/11/2019 12:20,FAILING TO YIELD RIGHT-OF-WAY,NOT APPLICABLE,2339,N,CALIFORNIA AVE,1431,,,,,,,2,NO INDICATION OF INJURY,0,0,0,0,0,2,0,11,4,9,41.92396501,-87.69724672,POINT (-87.697246722923 41.923965013378)
JC428765,,9/11/2019 11:35,35,NO CONTROLS,NO CONTROLS,CLEAR,DAYLIGHT,SIDESWIPE SAME DIRECTION,NOT DIVIDED,,STRAIGHT AND LEVEL,DRY,NO DEFECTS,ON SCENE,INJURY AND / OR TOW DUE TO CRASH,,,,"OVER $1,500",9/11/2019 11:36,IMPROPER LANE USAGE,NOT APPLICABLE,5033,N,HARLEM AVE,1613,,,,,,,2,NO INDICATION OF INJURY,0,0,0,0,0,2,0,11,4,9,41.97288434,-87.80692435,POINT (-87.806924353469 41.972884341803)
JC428761,,9/11/2019 11:30,5,NO CONTROLS,NO CONTROLS,CLEAR,DAYLIGHT,REAR TO SIDE,PARKING LOT,,STRAIGHT AND LEVEL,DRY,UNKNOWN,ON SCENE,NO INJURY / DRIVE AWAY,,,,"OVER $1,500",9/11/2019 11:45,UNABLE TO DETERMINE,UNABLE TO DETERMINE,3450,S,CALIFORNIA AVE,911,,,,,,,2,NO INDICATION OF INJURY,0,0,0,0,0,4,0,11,4,9,41.83040282,-87.69495247,POINT (-87.694952467868 41.830402822602)
JC428755,,9/11/2019 11:30,30,NO CONTROLS,NO CONTROLS,CLEAR,DAYLIGHT,TURNING,NOT DIVIDED,,STRAIGHT AND LEVEL,DRY,NO DEFECTS,NOT ON SCENE (DESK REPORT),NO INJURY / DRIVE AWAY,Y,,,"OVER $1,500",9/11/2019 11:53,FAILING TO YIELD RIGHT-OF-WAY,UNABLE TO DETERMINE,2200,N,NARRAGANSETT AVE,2512,,,,,,,2,NO INDICATION OF INJURY,0,0,0,0,0,2,0,11,4,9,41.92012878,-87.78548149,POINT (-87.785481490264 41.920128779824)
JC428763,,9/11/2019 11:25,35,TRAFFIC SIGNAL,FUNCTIONING PROPERLY,CLEAR,DAYLIGHT,REAR END,NOT DIVIDED,,STRAIGHT AND LEVEL,DRY,NO DEFECTS,NOT ON SCENE (DESK REPORT),NO INJURY / DRIVE AWAY,,,,"$501 - $1,500",9/11/2019 11:55,UNABLE TO DETERMINE,UNABLE TO DETERMINE,6549,N,SHERIDAN RD,2432,,,,,,,2,NO INDICATION OF INJURY,0,0,0,0,0,2,0,11,4,9,42.00158581,-87.66059995,POINT (-87.66059994997 42.001585812994)
JC428731,,9/11/2019 11:24,30,STOP SIGN/FLASHER,FUNCTIONING PROPERLY,CLEAR,DAYLIGHT,REAR END,CENTER TURN LANE,,STRAIGHT AND LEVEL,DRY,NO DEFECTS,ON SCENE,INJURY AND / OR TOW DUE TO CRASH,Y,,,"OVER $1,500",9/11/2019 11:24,FOLLOWING TOO CLOSELY,FAILING TO REDUCE SPEED TO AVOID CRASH,1958,W,IRVING PARK RD,1912,,,,,,,2,NO INDICATION OF INJURY,0,0,0,0,0,3,0,11,4,9,41.95426825,-87.67863556,POINT (-87.678635564014 41.954268251544)
JC428969,,9/11/2019 11:15,30,NO CONTROLS,NO CONTROLS,CLEAR,DAYLIGHT,PARKED MOTOR VEHICLE,NOT DIVIDED,,STRAIGHT AND LEVEL,UNKNOWN,UNKNOWN,NOT ON SCENE (DESK REPORT),NO INJURY / DRIVE AWAY,,,,"OVER $1,500",9/11/2019 14:30,IMPROPER BACKING,NOT APPLICABLE,3557,S,WALLACE ST,915,,,,,,,2,NO INDICATION OF INJURY,0,0,0,0,0,2,0,11,4,9,41.82913993,-87.64104544,POINT (-87.641045436862 41.829139928021)
JC428914,,9/11/2019 11:15,30,TRAFFIC SIGNAL,FUNCTIONING PROPERLY,CLEAR,DAYLIGHT,TURNING,NOT DIVIDED,,STRAIGHT AND LEVEL,DRY,NO DEFECTS,,NO INJURY / DRIVE AWAY,,,,"OVER $1,500",9/11/2019 13:30,UNABLE TO DETERMINE,NOT APPLICABLE,1700,S,KEDZIE AVE,1022,,,,,,,2,NO INDICATION OF INJURY,0,0,0,0,0,2,0,11,4,9,,,
JC429468,,9/11/2019 11:12,30,NO CONTROLS,NO CONTROLS,CLEAR,DAYLIGHT,PARKED MOTOR VEHICLE,ONE-WAY,,STRAIGHT AND LEVEL,DRY,NO DEFECTS,NOT ON SCENE (DESK REPORT),NO INJURY / DRIVE AWAY,,,Y,"$501 - $1,500",9/11/2019 20:17,NOT APPLICABLE,NOT APPLICABLE,3431,N,OKETO AVE,1631,,,,,,,2,NO INDICATION OF INJURY,0,0,0,0,0,1,0,11,4,9,41.94240866,-87.81148676,POINT (-87.811486762782 41.942408655117)
JC428734,,9/11/2019 11:10,30,NO CONTROLS,NO CONTROLS,CLEAR,DAYLIGHT,FIXED OBJECT,ONE-WAY,,STRAIGHT ON GRADE,DRY,NO DEFECTS,NOT ON SCENE (DESK REPORT),NO INJURY / DRIVE AWAY,,,,"OVER $1,500",9/11/2019 11:30,"VISION OBSCURED (SIGNS, TREE LIMBS, BUILDINGS, ETC.)",NOT APPLICABLE,1800,W,WELLINGTON AVE,1931,,,,,,,1,NO INDICATION OF INJURY,0,0,0,0,0,1,0,11,4,9,41.93609439,-87.67357712,POINT (-87.673577115475 41.936094387995)
JC428797,,9/11/2019 11:07,30,TRAFFIC SIGNAL,FUNCTIONING PROPERLY,CLEAR,DAYLIGHT,TURNING,DIVIDED - W/MEDIAN BARRIER,,STRAIGHT AND LEVEL,DRY,NO DEFECTS,NOT ON SCENE (DESK REPORT),NO INJURY / DRIVE AWAY,Y,,,"OVER $1,500",9/11/2019 12:30,UNABLE TO DETERMINE,NOT APPLICABLE,7101,S,YATES BLVD,334,,,,,,,2,NO INDICATION OF INJURY,0,0,0,0,0,2,0,11,4,9,41.76627633,-87.56634043,POINT (-87.56634042479 41.766276325394)
JC429161,,9/11/2019 11:00,30,UNKNOWN,UNKNOWN,CLEAR,DAYLIGHT,PARKED MOTOR VEHICLE,PARKING LOT,,STRAIGHT AND LEVEL,DRY,NO DEFECTS,NOT ON SCENE (DESK REPORT),NO INJURY / DRIVE AWAY,,Y,Y,"OVER $1,500",9/11/2019 16:35,UNABLE TO DETERMINE,UNABLE TO DETERMINE,4314,S,COTTAGE GROVE AVE,221,,,,,,,2,NO INDICATION OF INJURY,0,0,0,0,0,1,0,11,4,9,41.81632597,-87.60684674,POINT (-87.606846737921 41.816325970337)
JC429037,,9/11/2019 11:00,30,TRAFFIC SIGNAL,FUNCTIONING PROPERLY,CLEAR,DAYLIGHT,SIDESWIPE SAME DIRECTION,ONE-WAY,,STRAIGHT AND LEVEL,DRY,NO DEFECTS,ON SCENE,NO INJURY / DRIVE AWAY,,,,"OVER $1,500",9/11/2019 16:15,IMPROPER OVERTAKING/PASSING,UNABLE TO DETERMINE,633,N,ST CLAIR ST,1834,,,,,,,2,NO INDICATION OF INJURY,0,0,0,0,0,2,0,11,4,9,41.89347536,-87.62257467,POINT (-87.622574673578 41.893475357701)
JC428735,,9/11/2019 10:58,30,NO CONTROLS,NO CONTROLS,CLEAR,DAYLIGHT,TURNING,PARKING LOT,,STRAIGHT AND LEVEL,DRY,NO DEFECTS,NOT ON SCENE (DESK REPORT),NO INJURY / DRIVE AWAY,,,Y,"OVER $1,500",9/11/2019 11:18,UNABLE TO DETERMINE,UNABLE TO DETERMINE,6001,S,STONY ISLAND AVE,331,,,,,,,2,NO INDICATION OF INJURY,0,0,0,0,0,2,0,10,4,9,41.78602978,-87.58644522,POINT (-87.586445218215 41.786029780315)
JC428706,,9/11/2019 10:50,30,NO CONTROLS,NO CONTROLS,CLEAR,DAYLIGHT,REAR END,DIVIDED - W/MEDIAN (NOT RAISED),,STRAIGHT AND LEVEL,DRY,NO DEFECTS,ON SCENE,NO INJURY / DRIVE AWAY,,,,"OVER $1,500",9/11/2019 10:58,FOLLOWING TOO CLOSELY,NOT APPLICABLE,3231,W,DIVERSEY AVE,1412,,,,,,,2,NO INDICATION OF INJURY,0,0,0,0,0,2,0,10,4,9,41.93190932,-87.70870221,POINT (-87.708702206631 41.931909321625)
JC428727,,9/11/2019 10:45,30,TRAFFIC SIGNAL,NO CONTROLS,CLEAR,DAYLIGHT,REAR END,DIVIDED - W/MEDIAN (NOT RAISED),,STRAIGHT AND LEVEL,DRY,NO DEFECTS,NOT ON SCENE (DESK REPORT),INJURY AND / OR TOW DUE TO CRASH,,,,$500 OR LESS,9/11/2019 11:45,UNABLE TO DETERMINE,UNABLE TO DETERMINE,3640,N,WESTERN AVE,1921,,,,,,,2,"REPORTED, NOT EVIDENT",1,0,0,0,1,2,0,10,4,9,41.94794732,-87.68844043,POINT (-87.688440433925 41.947947324374)
JC428695,Y,9/11/2019 10:45,0,NO CONTROLS,NO CONTROLS,CLEAR,DAYLIGHT,REAR TO SIDE,PARKING LOT,,STRAIGHT AND LEVEL,DRY,WORN SURFACE,ON SCENE,NO INJURY / DRIVE AWAY,,,,"OVER $1,500",9/11/2019 10:56,UNABLE TO DETERMINE,UNABLE TO DETERMINE,3159,S,CALUMET AVE,211,,,,,,,2,NO INDICATION OF INJURY,0,0,0,0,0,2,0,10,4,9,41.83667555,-87.61808329,POINT (-87.618083289717 41.836675550785)