RD_NO,CRASH_DATE_EST_I,CRASH_DATE,POSTED_SPEED_LIMIT,TRAFFIC_CONTROL_DEVICE,DEVICE_CONDITION,WEATHER_CONDITION,LIGHTING_CONDITION,FIRST_CRASH_TYPE,TRAFFICWAY_TYPE,LANE_CNT,ALIGNMENT,ROADWAY_SURFACE_COND,ROAD_DEFECT,REPORT_TYPE,CRASH_TYPE,INTERSECTION_RELATED_I,NOT_RIGHT_OF_WAY_I,HIT_AND_RUN_I,DAMAGE,DATE_POLICE_NOTIFIED,PRIM_CONTRIBUTORY_CAUSE,SEC_CONTRIBUTORY_CAUSE,STREET_NO,STREET_DIRECTION,STREET_NAME,BEAT_OF_OCCURRENCE,PHOTOS_TAKEN_I,STATEMENTS_TAKEN_I,DOORING_I,WORK_ZONE_I,WORK_ZONE_TYPE,WORKERS_PRESENT_I,NUM_UNITS,MOST_SEVERE_INJURY,INJURIES_TOTAL,INJURIES_FATAL,INJURIES_INCAPACITATING,INJURIES_NON_INCAPACITATING,INJURIES_REPORTED_NOT_EVIDENT,INJURIES_NO_INDICATION,INJURIES_UNKNOWN,CRASH_HOUR,CRASH_DAY_OF_WEEK,CRASH_MONTH,LATITUDE,LONGITUDE,LOCATION
JC428684,,9/11/2019 10:40,30,TRAFFIC SIGNAL,FUNCTIONING PROPERLY,CLEAR,DAYLIGHT,ANGLE,FOUR WAY,,STRAIGHT AND LEVEL,DRY,NO DEFECTS,ON SCENE,INJURY AND / OR TOW DUE TO CRASH,Y,,,"OVER $1,500",9/11/2019 10:40,DRIVING ON WRONG SIDE/WRONG WAY,FAILING TO YIELD RIGHT-OF-WAY,200,E,60TH ST,232,,,,,,,2,NONINCAPACITATING INJURY,2,0,0,2,0,1,0,10,4,9,41.78572801,-87.6205392,POINT (-87.620539198056 41.785728011257)
JC428652,,9/11/2019 10:36,30,NO CONTROLS,NO CONTROLS,CLEAR,DAYLIGHT,TURNING,NOT DIVIDED,,STRAIGHT AND LEVEL,DRY,NO DEFECTS,ON SCENE,NO INJURY / DRIVE AWAY,Y,,,"OVER $1,500",9/11/2019 10:37,FAILING TO YIELD RIGHT-OF-WAY,IMPROPER TURNING/NO SIGNAL,1699,W,DIVISION ST,1213,,,,,,,2,NO INDICATION OF INJURY,0,0,0,0,0,2,0,10,4,9,41.90319692,-87.66988006,POINT (-87.669880062936 41.903196921729)
JC428779,,9/11/2019 10:30,30,NO CONTROLS,NO CONTROLS,CLEAR,DAYLIGHT,PARKED MOTOR VEHICLE,ONE-WAY,,STRAIGHT AND LEVEL,DRY,NO DEFECTS,NOT ON SCENE (DESK REPORT),NO INJURY / DRIVE AWAY,,,Y,"OVER $1,500",9/11/2019 12:14,UNABLE TO DETERMINE,UNABLE TO DETERMINE,1817,N,LUNA AVE,2532,,,,,,,2,NO INDICATION OF INJURY,0,0,0,0,0,1,0,10,4,9,41.91359414,-87.76422567,POINT (-87.764225664533 41.913594139103)
JC428736,,9/11/2019 10:27,30,TRAFFIC SIGNAL,FUNCTIONING PROPERLY,CLEAR,DAYLIGHT,TURNING,FOUR WAY,,STRAIGHT AND LEVEL,DRY,NO DEFECTS,NOT ON SCENE (DESK REPORT),NO INJURY / DRIVE AWAY,Y,,Y,"OVER $1,500",9/11/2019 10:28,EQUIPMENT - VEHICLE CONDITION,EQUIPMENT - VEHICLE CONDITION,4400,W,FIFTH AVE,1131,,,,,,,2,NO INDICATION OF INJURY,0,0,0,0,0,2,0,10,4,9,41.87038633,-87.73522858,POINT (-87.73522857587 41.870386328135)
JC428708,,9/11/2019 10:25,30,NO CONTROLS,NO CONTROLS,CLEAR,DAYLIGHT,PARKED MOTOR VEHICLE,NOT DIVIDED,,STRAIGHT AND LEVEL,DRY,NO DEFECTS,ON SCENE,NO INJURY / DRIVE AWAY,,,Y,$500 OR LESS,9/11/2019 11:03,DRIVING SKILLS/KNOWLEDGE/EXPERIENCE,UNABLE TO DETERMINE,2301,N,STOCKTON DR,1814,,,,,,,2,NO INDICATION OF INJURY,0,0,0,0,0,1,0,10,4,9,41.92389103,-87.63563464,POINT (-87.635634641102 41.92389102773)
JC428664,,9/11/2019 10:25,30,TRAFFIC SIGNAL,FUNCTIONING PROPERLY,CLEAR,DAYLIGHT,TURNING,NOT DIVIDED,,STRAIGHT AND LEVEL,DRY,NO DEFECTS,ON SCENE,NO INJURY / DRIVE AWAY,,,,"OVER $1,500",9/11/2019 10:29,FAILING TO YIELD RIGHT-OF-WAY,NOT APPLICABLE,1603,E,79TH ST,411,,,,,,,2,NO INDICATION OF INJURY,0,0,0,0,0,2,0,10,4,9,41.75139177,-87.58551854,POINT (-87.585518544327 41.751391764802)
JC428671,,9/11/2019 10:15,30,NO CONTROLS,NO CONTROLS,CLEAR,DAYLIGHT,TURNING,DIVIDED - W/MEDIAN (NOT RAISED),,STRAIGHT AND LEVEL,DRY,UNKNOWN,ON SCENE,INJURY AND / OR TOW DUE TO CRASH,,,,"OVER $1,500",9/11/2019 10:34,FAILING TO YIELD RIGHT-OF-WAY,"VISION OBSCURED (SIGNS, TREE LIMBS, BUILDINGS, ETC.)",2225,W,HARRISON ST,1225,,,,,,,2,NO INDICATION OF INJURY,0,0,0,0,0,2,0,10,4,9,41.87384043,-87.68237114,POINT (-87.682371137722 41.873840427752)
JC428655,,9/11/2019 10:15,35,NO CONTROLS,NO CONTROLS,CLEAR,DAYLIGHT,TURNING,ONE-WAY,,STRAIGHT AND LEVEL,DRY,NO DEFECTS,NOT ON SCENE (DESK REPORT),NO INJURY / DRIVE AWAY,,,,"OVER $1,500",9/11/2019 10:45,FAILING TO REDUCE SPEED TO AVOID CRASH,NOT APPLICABLE,16,W,GRAND AVE,1831,,,,,,,2,NO INDICATION OF INJURY,0,0,0,0,0,2,0,10,4,9,41.8917686,-87.62873765,POINT (-87.628737653651 41.891768594591)
JC428650,,9/11/2019 10:14,30,TRAFFIC SIGNAL,FUNCTIONING PROPERLY,CLEAR,DAYLIGHT,TURNING,ONE-WAY,,STRAIGHT AND LEVEL,DRY,NO DEFECTS,ON SCENE,INJURY AND / OR TOW DUE TO CRASH,,,,"$501 - $1,500",9/11/2019 10:14,IMPROPER LANE USAGE,IMPROPER TURNING/NO SIGNAL,628,N,RACINE AVE,1215,,,,,,,2,NONINCAPACITATING INJURY,1,0,0,1,0,1,0,10,4,9,41.89303334,-87.65757989,POINT (-87.657579891346 41.893033342915)
JC428939,,9/11/2019 10:12,30,OTHER WARNING SIGN,FUNCTIONING PROPERLY,CLEAR,DAYLIGHT,REAR END,PARKING LOT,,STRAIGHT AND LEVEL,DRY,NO DEFECTS,NOT ON SCENE (DESK REPORT),NO INJURY / DRIVE AWAY,,Y,,"$501 - $1,500",9/11/2019 14:00,IMPROPER BACKING,IMPROPER BACKING,4701,S,CICERO AVE,815,,,,,,,2,NO INDICATION OF INJURY,0,0,0,0,0,2,0,10,4,9,41.80753346,-87.74300342,POINT (-87.743003421203 41.807533457298)
JC428666,,9/11/2019 10:05,30,STOP SIGN/FLASHER,FUNCTIONING PROPERLY,CLEAR,DAYLIGHT,ANGLE,FOUR WAY,,STRAIGHT AND LEVEL,DRY,NO DEFECTS,ON SCENE,INJURY AND / OR TOW DUE TO CRASH,Y,,,"OVER $1,500",9/11/2019 10:05,FAILING TO YIELD RIGHT-OF-WAY,NOT APPLICABLE,50,E,86TH ST,632,,,,,,,2,NONINCAPACITATING INJURY,1,0,0,1,0,1,0,10,4,9,41.73832169,-87.62239518,POINT (-87.622395177355 41.738321684511)
JC429104,,9/11/2019 10:00,30,NO CONTROLS,NO CONTROLS,CLEAR,DAYLIGHT,PARKED MOTOR VEHICLE,NOT DIVIDED,,STRAIGHT AND LEVEL,DRY,NO DEFECTS,NOT ON SCENE (DESK REPORT),NO INJURY / DRIVE AWAY,,,,"OVER $1,500",9/11/2019 16:08,IMPROPER BACKING,NOT APPLICABLE,5628,N,LUNA AVE,1623,,,,,,,2,NO INDICATION OF INJURY,0,0,0,0,0,1,0,10,4,9,41.98382535,-87.767257,POINT (-87.767257003813 41.98382534828)
JC428754,Y,9/11/2019 10:00,30,NO CONTROLS,NO CONTROLS,CLEAR,DAYLIGHT,PARKED MOTOR VEHICLE,ONE-WAY,,STRAIGHT AND LEVEL,DRY,NO DEFECTS,NOT ON SCENE (DESK REPORT),NO INJURY / DRIVE AWAY,,,Y,"$501 - $1,500",9/11/2019 11:50,UNABLE TO DETERMINE,NOT APPLICABLE,809,E,77TH ST,624,,,,,,,2,NO INDICATION OF INJURY,0,0,0,0,0,1,0,10,4,9,41.75483011,-87.60488898,POINT (-87.604888980165 41.754830105897)
JC428642,,9/11/2019 10:00,30,NO CONTROLS,NO CONTROLS,CLEAR,DAYLIGHT,REAR END,ONE-WAY,,STRAIGHT AND LEVEL,DRY,NO DEFECTS,ON SCENE,INJURY AND / OR TOW DUE TO CRASH,,,,"OVER $1,500",9/11/2019 10:11,IMPROPER OVERTAKING/PASSING,FAILING TO YIELD RIGHT-OF-WAY,241,E,SOUTH WATER ST,114,,,,,,,2,NONINCAPACITATING INJURY,1,0,0,1,0,1,0,10,4,9,41.88681641,-87.6210237,POINT (-87.621023700657 41.886816410308)
JC428616,,9/11/2019 9:50,30,TRAFFIC SIGNAL,FUNCTIONING PROPERLY,CLEAR,DAYLIGHT,TURNING,NOT DIVIDED,,STRAIGHT AND LEVEL,DRY,NO DEFECTS,ON SCENE,INJURY AND / OR TOW DUE TO CRASH,Y,,,"OVER $1,500",9/11/2019 10:20,UNABLE TO DETERMINE,UNABLE TO DETERMINE,4700,S,KILDARE AVE,815,,,,,,,2,NO INDICATION OF INJURY,0,0,0,0,0,2,0,9,4,9,41.80768617,-87.73106811,POINT (-87.731068111516 41.807686167513)
JC428593,,9/11/2019 9:49,30,NO CONTROLS,NO CONTROLS,CLEAR,DAYLIGHT,PARKED MOTOR VEHICLE,ONE-WAY,,STRAIGHT AND LEVEL,OTHER,OTHER,ON SCENE,NO INJURY / DRIVE AWAY,,,,"OVER $1,500",9/11/2019 9:49,IMPROPER OVERTAKING/PASSING,IMPROPER OVERTAKING/PASSING,3350,N,SPRINGFIELD AVE,1732,,,,Y,CONSTRUCTION,,2,NO INDICATION OF INJURY,0,0,0,0,0,1,0,9,4,9,41.9424467,-87.72498285,POINT (-87.724982848238 41.94244669682)
JC428800,,9/11/2019 9:43,30,TRAFFIC SIGNAL,FUNCTIONING PROPERLY,CLEAR,DAYLIGHT,SIDESWIPE SAME DIRECTION,CENTER TURN LANE,,STRAIGHT AND LEVEL,DRY,NO DEFECTS,NOT ON SCENE (DESK REPORT),NO INJURY / DRIVE AWAY,Y,,Y,"$501 - $1,500",9/11/2019 12:31,UNABLE TO DETERMINE,UNABLE TO DETERMINE,2405,W,HOWARD ST,2411,,,,,,,2,NO INDICATION OF INJURY,0,0,0,0,0,3,0,9,4,9,42.01941468,-87.69043609,POINT (-87.6904360912 42.019414675321)
JC429303,,9/11/2019 9:41,30,NO CONTROLS,NO CONTROLS,CLEAR,DAYLIGHT,PARKED MOTOR VEHICLE,NOT DIVIDED,,STRAIGHT AND LEVEL,DRY,UNKNOWN,NOT ON SCENE (DESK REPORT),NO INJURY / DRIVE AWAY,,,Y,"$501 - $1,500",9/11/2019 17:50,IMPROPER OVERTAKING/PASSING,NOT APPLICABLE,7706,S,HONORE ST,611,,,,,,,2,NO INDICATION OF INJURY,0,0,0,0,0,1,0,9,4,9,41.75365724,-87.66973558,POINT (-87.669735582143 41.753657241925)
JC429442,,9/11/2019 9:30,30,TRAFFIC SIGNAL,FUNCTIONING PROPERLY,CLEAR,DAYLIGHT,REAR END,NOT DIVIDED,,STRAIGHT AND LEVEL,DRY,NO DEFECTS,NOT ON SCENE (DESK REPORT),NO INJURY / DRIVE AWAY,,,Y,"OVER $1,500",9/11/2019 19:55,FAILING TO REDUCE SPEED TO AVOID CRASH,DRIVING SKILLS/KNOWLEDGE/EXPERIENCE,5780,S,ARCHER AVE,814,,,,,,,2,NO INDICATION OF INJURY,0,0,0,0,0,2,0,9,4,9,41.79655281,-87.75767811,POINT (-87.757678114445 41.796552814417)
JC429364,N,9/11/2019 9:30,30,NO CONTROLS,NO CONTROLS,CLEAR,UNKNOWN,PARKED MOTOR VEHICLE,DIVIDED - W/MEDIAN (NOT RAISED),,STRAIGHT AND LEVEL,UNKNOWN,NO DEFECTS,ON SCENE,NO INJURY / DRIVE AWAY,,,Y,"OVER $1,500",9/11/2019 18:30,NOT APPLICABLE,NOT APPLICABLE,1470,W,OHIO ST,1215,,,,,,,2,NO INDICATION OF INJURY,0,0,0,0,0,1,0,9,4,9,41.89256971,-87.66507032,POINT (-87.665070323491 41.892569713489)
JC428636,,9/11/2019 9:30,25,NO CONTROLS,NO CONTROLS,CLEAR,DAYLIGHT,PARKED MOTOR VEHICLE,NOT DIVIDED,,STRAIGHT AND LEVEL,DRY,NO DEFECTS,ON SCENE,NO INJURY / DRIVE AWAY,,,,"OVER $1,500",9/11/2019 9:45,DRIVING SKILLS/KNOWLEDGE/EXPERIENCE,FOLLOWING TOO CLOSELY,3526,W,43RD ST,821,,,,,,,3,NO INDICATION OF INJURY,0,0,0,0,0,1,0,9,4,9,41.81545065,-87.71245895,POINT (-87.712458953059 41.815450653131)
JC428621,,9/11/2019 9:30,30,STOP SIGN/FLASHER,FUNCTIONING PROPERLY,CLEAR,DAYLIGHT,TURNING,NOT DIVIDED,,STRAIGHT AND LEVEL,DRY,NO DEFECTS,NOT ON SCENE (DESK REPORT),INJURY AND / OR TOW DUE TO CRASH,,,,"OVER $1,500",9/11/2019 10:20,UNABLE TO DETERMINE,UNABLE TO DETERMINE,7177,W,GRAND AVE,2512,,,,,,,2,NONINCAPACITATING INJURY,1,0,0,1,0,1,0,9,4,9,41.92379092,-87.80558466,POINT (-87.805584661594 41.923790923819)
JC428595,,9/11/2019 9:30,30,NO CONTROLS,NO CONTROLS,CLEAR,DAYLIGHT,REAR END,DIVIDED - W/MEDIAN (NOT RAISED),,STRAIGHT AND LEVEL,DRY,UNKNOWN,NOT ON SCENE (DESK REPORT),NO INJURY / DRIVE AWAY,,,,$500 OR LESS,9/11/2019 9:55,FOLLOWING TOO CLOSELY,UNABLE TO DETERMINE,2439,W,FOSTER AVE,2031,,,,,,,2,NO INDICATION OF INJURY,0,0,0,0,0,3,0,9,4,9,41.97577142,-87.6906693,POINT (-87.690669298808 41.975771417056)
JC428572,,9/11/2019 9:27,30,TRAFFIC SIGNAL,FUNCTIONING PROPERLY,CLEAR,DAYLIGHT,SIDESWIPE SAME DIRECTION,ONE-WAY,,STRAIGHT AND LEVEL,DRY,NO DEFECTS,ON SCENE,NO INJURY / DRIVE AWAY,,,Y,$500 OR LESS,9/11/2019 9:33,IMPROPER OVERTAKING/PASSING,UNABLE TO DETERMINE,929,N,RUSH ST,1833,,,,,,,2,NO INDICATION OF INJURY,0,0,0,0,0,2,0,9,4,9,41.89995251,-87.62698693,POINT (-87.626986932321 41.899952509352)
JC428552,,9/11/2019 9:25,30,TRAFFIC SIGNAL,FUNCTIONING PROPERLY,CLEAR,DAYLIGHT,TURNING,FOUR WAY,,STRAIGHT AND LEVEL,DRY,NO DEFECTS,ON SCENE,NO INJURY / DRIVE AWAY,Y,,,$500 OR LESS,9/11/2019 9:25,IMPROPER TURNING/NO SIGNAL,NOT APPLICABLE,10300,S,LONGWOOD DR,2212,,,,,,,2,NO INDICATION OF INJURY,0,0,0,0,0,2,0,9,4,9,41.70648316,-87.67086229,POINT (-87.670862286012 41.706483159216)
JC428619,,9/11/2019 9:24,30,TRAFFIC SIGNAL,FUNCTIONING PROPERLY,CLEAR,DAYLIGHT,REAR END,NOT DIVIDED,,STRAIGHT AND LEVEL,DRY,NO DEFECTS,NOT ON SCENE (DESK REPORT),NO INJURY / DRIVE AWAY,,,,$500 OR LESS,9/11/2019 10:15,FOLLOWING TOO CLOSELY,NOT APPLICABLE,5941,N,HARLEM AVE,1612,,,,,,,2,NO INDICATION OF INJURY,0,0,0,0,0,2,0,9,4,9,41.98987545,-87.80672625,POINT (-87.806726247316 41.989875449591)
JC428594,,9/11/2019 9:20,30,STOP SIGN/FLASHER,FUNCTIONING PROPERLY,CLEAR,DAYLIGHT,REAR END,ONE-WAY,,STRAIGHT AND LEVEL,DRY,NO DEFECTS,NOT ON SCENE (DESK REPORT),NO INJURY / DRIVE AWAY,Y,,Y,"$501 - $1,500",9/11/2019 9:55,FOLLOWING TOO CLOSELY,NOT APPLICABLE,3300,S,WESTERN BLVD,911,,,,,,,2,NO INDICATION OF INJURY,0,0,0,0,0,2,0,9,4,9,41.83390346,-87.68504714,POINT (-87.685047142981 41.833903458208)
JC429390,N,9/11/2019 9:00,10,NO CONTROLS,NO CONTROLS,CLEAR,DAYLIGHT,PARKED MOTOR VEHICLE,PARKING LOT,,STRAIGHT AND LEVEL,DRY,NO DEFECTS,NOT ON SCENE (DESK REPORT),NO INJURY / DRIVE AWAY,,Y,Y,"$501 - $1,500",9/11/2019 19:00,UNABLE TO DETERMINE,NOT APPLICABLE,900,N,MICHIGAN AVE,1833,,,,,,,2,NO INDICATION OF INJURY,0,0,0,0,0,1,0,9,4,9,41.8992486,-87.62427498,POINT (-87.624274978205 41.899248597036)
JC428645,,9/11/2019 9:00,30,NO CONTROLS,NO CONTROLS,CLEAR,DAYLIGHT,FIXED OBJECT,DIVIDED - W/MEDIAN (NOT RAISED),,STRAIGHT AND LEVEL,DRY,NO DEFECTS,ON SCENE,NO INJURY / DRIVE AWAY,,,,"OVER $1,500",9/11/2019 10:35,FAILING TO YIELD RIGHT-OF-WAY,FOLLOWING TOO CLOSELY,3800,N,CENTRAL AVE,1633,,,,,,,1,NO INDICATION OF INJURY,0,0,0,0,0,1,0,9,4,9,41.94957174,-87.7670287,POINT (-87.7670286962 41.949571741267)
JC428640,,9/11/2019 9:00,25,NO CONTROLS,NO CONTROLS,CLEAR,DAYLIGHT,REAR END,NOT DIVIDED,,STRAIGHT AND LEVEL,DRY,NO DEFECTS,NOT ON SCENE (DESK REPORT),NO INJURY / DRIVE AWAY,,,Y,"OVER $1,500",9/11/2019 10:30,"OPERATING VEHICLE IN ERRATIC, RECKLESS, CARELESS, NEGLIGENT OR AGGRESSIVE MANNER",NOT APPLICABLE,1617,N,CICERO AVE,2533,,,,,,,2,NO INDICATION OF INJURY,0,0,0,0,0,7,0,9,4,9,41.91012667,-87.7459525,POINT (-87.745952497971 41.910126667825)
JC428535,,9/11/2019 9:00,35,NO CONTROLS,NO CONTROLS,CLEAR,DAYLIGHT,FIXED OBJECT,NOT DIVIDED,,STRAIGHT AND LEVEL,UNKNOWN,UNKNOWN,ON SCENE,INJURY AND / OR TOW DUE TO CRASH,,,,"OVER $1,500",9/11/2019 9:08,IMPROPER OVERTAKING/PASSING,FAILING TO REDUCE SPEED TO AVOID CRASH,8536,S,JEFFERY BLVD,412,,,,,,,1,NONINCAPACITATING INJURY,1,0,0,1,0,0,0,9,4,9,41.73958593,-87.57590682,POINT (-87.575906822611 41.739585934028)
JC430147,Y,9/11/2019 8:50,30,TRAFFIC SIGNAL,FUNCTIONING PROPERLY,CLEAR,DAYLIGHT,REAR END,DIVIDED - W/MEDIAN (NOT RAISED),,STRAIGHT AND LEVEL,DRY,NO DEFECTS,NOT ON SCENE (DESK REPORT),NO INJURY / DRIVE AWAY,Y,,,"OVER $1,500",9/12/2019 12:35,UNABLE TO DETERMINE,NOT APPLICABLE,3200,W,FULLERTON AVE,1413,,,,,,,2,NO INDICATION OF INJURY,0,0,0,0,0,2,0,8,4,9,41.92482331,-87.70765315,POINT (-87.707653150182 41.924823308285)
JC428944,,9/11/2019 8:50,25,UNKNOWN,UNKNOWN,CLEAR,DAYLIGHT,PEDALCYCLIST,NOT DIVIDED,,STRAIGHT AND LEVEL,DRY,NO DEFECTS,NOT ON SCENE (DESK REPORT),INJURY AND / OR TOW DUE TO CRASH,,,Y,"OVER $1,500",9/11/2019 14:01,UNABLE TO DETERMINE,UNABLE TO DETERMINE,2915,S,LYMAN ST,913,,,Y,,,,2,NONINCAPACITATING INJURY,1,0,0,1,0,0,0,8,4,9,41.8410861,-87.65284741,POINT (-87.652847411924 41.841086100523)
JC428562,,9/11/2019 8:50,30,NO CONTROLS,NO CONTROLS,CLEAR,DAYLIGHT,SIDESWIPE SAME DIRECTION,DIVIDED - W/MEDIAN BARRIER,,STRAIGHT AND LEVEL,DRY,NO DEFECTS,ON SCENE,NO INJURY / DRIVE AWAY,Y,,,"$501 - $1,500",9/11/2019 9:00,IMPROPER OVERTAKING/PASSING,FAILING TO YIELD RIGHT-OF-WAY,99,S,MICHIGAN AVE,114,,,,,,,2,NO INDICATION OF INJURY,0,0,0,0,0,2,0,8,4,9,41.88089279,-87.62418953,POINT (-87.624189527131 41.880892784602)
JC428548,,9/11/2019 8:50,30,NO CONTROLS,NO CONTROLS,CLEAR,DAYLIGHT,PEDALCYCLIST,DIVIDED - W/MEDIAN (NOT RAISED),,STRAIGHT AND LEVEL,DRY,NO DEFECTS,ON SCENE,INJURY AND / OR TOW DUE TO CRASH,Y,,,"$501 - $1,500",9/11/2019 9:00,FAILING TO YIELD RIGHT-OF-WAY,UNABLE TO DETERMINE,800,W,HURON ST,1214,,,,,,,2,NONINCAPACITATING INJURY,1,0,0,1,0,1,0,8,4,9,41.89526562,-87.64777658,POINT (-87.647776579662 41.895265615974)
JC430288,,9/11/2019 8:45,25,NO CONTROLS,NO CONTROLS,CLEAR,DAYLIGHT,SIDESWIPE SAME DIRECTION,NOT DIVIDED,,STRAIGHT AND LEVEL,DRY,UNKNOWN,NOT ON SCENE (DESK REPORT),NO INJURY / DRIVE AWAY,,,,$500 OR LESS,9/12/2019 14:32,UNABLE TO DETERMINE,NOT APPLICABLE,3240,N,LAKE SHORE DR SB,1925,,,,,,,2,NO INDICATION OF INJURY,0,0,0,0,0,2,0,8,4,9,41.94136608,-87.63933698,POINT (-87.639336982883 41.941366080921)
JC428692,,9/11/2019 8:45,30,TRAFFIC SIGNAL,FUNCTIONING PROPERLY,CLEAR,DAYLIGHT,SIDESWIPE SAME DIRECTION,DIVIDED - W/MEDIAN (NOT RAISED),,STRAIGHT AND LEVEL,DRY,NO DEFECTS,NOT ON SCENE (DESK REPORT),NO INJURY / DRIVE AWAY,,,,"$501 - $1,500",9/11/2019 10:46,UNABLE TO DETERMINE,NOT APPLICABLE,3230,N,LAKE SHORE DR,1925,,,,,,,2,NO INDICATION OF INJURY,0,0,0,0,0,2,0,8,4,9,41.94110529,-87.63966053,POINT (-87.639660529114 41.941105293323)
JC428556,,9/11/2019 8:43,30,TRAFFIC SIGNAL,FUNCTIONING PROPERLY,CLEAR,DAYLIGHT,REAR END,NOT DIVIDED,,STRAIGHT AND LEVEL,DRY,NO DEFECTS,NOT ON SCENE (DESK REPORT),NO INJURY / DRIVE AWAY,,,,"OVER $1,500",9/11/2019 9:29,FOLLOWING TOO CLOSELY,NOT APPLICABLE,399,N,WELLS ST,1831,,,,,,,2,NO INDICATION OF INJURY,0,0,0,0,0,3,0,8,4,9,41.88914183,-87.63385668,POINT (-87.633856681581 41.889141828126)
JC428563,,9/11/2019 8:40,30,STOP SIGN/FLASHER,FUNCTIONING PROPERLY,CLEAR,DAYLIGHT,REAR END,FOUR WAY,,STRAIGHT AND LEVEL,DRY,NO DEFECTS,ON SCENE,NO INJURY / DRIVE AWAY,Y,,,"OVER $1,500",9/11/2019 8:45,FAILING TO REDUCE SPEED TO AVOID CRASH,FOLLOWING TOO CLOSELY,3031,W,47TH ST,922,,,,,,,2,NO INDICATION OF INJURY,0,0,0,0,0,2,0,8,4,9,41.80807087,-87.70037168,POINT (-87.700371677695 41.808070868342)
JC428538,,9/11/2019 8:40,20,NO CONTROLS,NO CONTROLS,CLEAR,DAYLIGHT,OTHER OBJECT,ALLEY,,STRAIGHT AND LEVEL,DRY,NO DEFECTS,NOT ON SCENE (DESK REPORT),NO INJURY / DRIVE AWAY,,,,$500 OR LESS,9/11/2019 9:00,UNABLE TO DETERMINE,UNABLE TO DETERMINE,559,W,SURF ST,1934,,,,,,,1,NO INDICATION OF INJURY,0,0,0,0,0,1,0,8,4,9,41.93415229,-87.64371805,POINT (-87.643718049405 41.934152287869)
JC428521,,9/11/2019 8:35,30,TRAFFIC SIGNAL,FUNCTIONING PROPERLY,CLEAR,DAYLIGHT,REAR END,NOT DIVIDED,,STRAIGHT AND LEVEL,DRY,NO DEFECTS,ON SCENE,INJURY AND / OR TOW DUE TO CRASH,Y,,,$500 OR LESS,9/11/2019 8:42,PHYSICAL CONDITION OF DRIVER,NOT APPLICABLE,2602,N,WESTERN AVE,1411,,,,,,,2,"REPORTED, NOT EVIDENT",1,0,0,0,1,1,0,8,4,9,41.92874536,-87.68792502,POINT (-87.687925016967 41.928745354788)
JC438276,,9/11/2019 8:33,30,TRAFFIC SIGNAL,FUNCTIONING PROPERLY,CLEAR,DAYLIGHT,TURNING,ONE-WAY,,STRAIGHT AND LEVEL,DRY,NO DEFECTS,ON SCENE,NO INJURY / DRIVE AWAY,Y,,Y,"$501 - $1,500",9/18/2019 10:30,IMPROPER TURNING/NO SIGNAL,NOT APPLICABLE,2200,W,WARREN BLVD,1223,,,,,,,2,NO INDICATION OF INJURY,0,0,0,0,0,2,0,8,4,9,41.88226126,-87.68166829,POINT (-87.681668291806 41.882261259819)
JC428638,,9/11/2019 8:30,30,TRAFFIC SIGNAL,FUNCTIONING PROPERLY,CLEAR,DAYLIGHT,SIDESWIPE SAME DIRECTION,DIVIDED - W/MEDIAN (NOT RAISED),,STRAIGHT AND LEVEL,DRY,NO DEFECTS,NOT ON SCENE (DESK REPORT),NO INJURY / DRIVE AWAY,,,,"$501 - $1,500",9/11/2019 10:35,IMPROPER OVERTAKING/PASSING,NOT APPLICABLE,4401,W,26TH ST,1031,,,,,,,2,NO INDICATION OF INJURY,0,0,0,0,0,2,0,8,4,9,41.84400149,-87.73440502,POINT (-87.734405020056 41.844001486482)
JC428604,,9/11/2019 8:30,30,STOP SIGN/FLASHER,FUNCTIONING PROPERLY,CLEAR,DAYLIGHT,REAR END,DIVIDED - W/MEDIAN (NOT RAISED),,STRAIGHT AND LEVEL,DRY,NO DEFECTS,NOT ON SCENE (DESK REPORT),NO INJURY / DRIVE AWAY,,,,"$501 - $1,500",9/11/2019 9:59,FAILING TO YIELD RIGHT-OF-WAY,UNABLE TO DETERMINE,6137,W,DIVERSEY AVE,2512,,,,,,,2,NO INDICATION OF INJURY,0,0,0,0,0,2,0,8,4,9,41.93097344,-87.77990489,POINT (-87.779904885025 41.930973434736)
JC428559,,9/11/2019 8:30,30,TRAFFIC SIGNAL,FUNCTIONING PROPERLY,CLEAR,DAYLIGHT,TURNING,NOT DIVIDED,,STRAIGHT AND LEVEL,DRY,NO DEFECTS,NOT ON SCENE (DESK REPORT),NO INJURY / DRIVE AWAY,,,,"OVER $1,500",9/11/2019 9:30,UNABLE TO DETERMINE,NOT APPLICABLE,293,N,SACRAMENTO BLVD,1222,,,,,,,2,NO INDICATION OF INJURY,0,0,0,0,0,2,0,8,4,9,41.8864316,-87.70121112,POINT (-87.7012111225 41.886431603013)
JC429305,,9/11/2019 8:25,10,OTHER WARNING SIGN,FUNCTIONING PROPERLY,CLEAR,DAYLIGHT,PARKED MOTOR VEHICLE,PARKING LOT,,STRAIGHT AND LEVEL,DRY,NO DEFECTS,NOT ON SCENE (DESK REPORT),NO INJURY / DRIVE AWAY,,Y,Y,"$501 - $1,500",9/11/2019 17:55,IMPROPER BACKING,IMPROPER BACKING,1713,S,CLARK ST,131,,,,,,,2,NO INDICATION OF INJURY,0,0,0,0,0,1,0,8,4,9,41.85852499,-87.63009834,POINT (-87.630098338417 41.858524985673)