RD_NO,CRASH_DATE_EST_I,CRASH_DATE,POSTED_SPEED_LIMIT,TRAFFIC_CONTROL_DEVICE,DEVICE_CONDITION,WEATHER_CONDITION,LIGHTING_CONDITION,FIRST_CRASH_TYPE,TRAFFICWAY_TYPE,LANE_CNT,ALIGNMENT,ROADWAY_SURFACE_COND,ROAD_DEFECT,REPORT_TYPE,CRASH_TYPE,INTERSECTION_RELATED_I,NOT_RIGHT_OF_WAY_I,HIT_AND_RUN_I,DAMAGE,DATE_POLICE_NOTIFIED,PRIM_CONTRIBUTORY_CAUSE,SEC_CONTRIBUTORY_CAUSE,STREET_NO,STREET_DIRECTION,STREET_NAME,BEAT_OF_OCCURRENCE,PHOTOS_TAKEN_I,STATEMENTS_TAKEN_I,DOORING_I,WORK_ZONE_I,WORK_ZONE_TYPE,WORKERS_PRESENT_I,NUM_UNITS,MOST_SEVERE_INJURY,INJURIES_TOTAL,INJURIES_FATAL,INJURIES_INCAPACITATING,INJURIES_NON_INCAPACITATING,INJURIES_REPORTED_NOT_EVIDENT,INJURIES_NO_INDICATION,INJURIES_UNKNOWN,CRASH_HOUR,CRASH_DAY_OF_WEEK,CRASH_MONTH,LATITUDE,LONGITUDE,LOCATION
JC428741,,9/11/2019 8:25,20,TRAFFIC SIGNAL,FUNCTIONING PROPERLY,CLEAR,DAYLIGHT,PEDALCYCLIST,DIVIDED - W/MEDIAN BARRIER,,STRAIGHT AND LEVEL,DRY,NO DEFECTS,NOT ON SCENE (DESK REPORT),INJURY AND / OR TOW DUE TO CRASH,Y,,,$500 OR LESS,9/11/2019 9:05,DISREGARDING TRAFFIC SIGNALS,FAILING TO YIELD RIGHT-OF-WAY,800,S,ASHLAND AVE,1231,,,,,,,2,NONINCAPACITATING INJURY,1,0,0,1,0,1,0,8,4,9,41.87156599,-87.66667541,POINT (-87.666675414457 41.871565990609)
JC422363,,9/11/2019 8:25,30,NO CONTROLS,NO CONTROLS,CLEAR,DAYLIGHT,TURNING,NOT DIVIDED,,STRAIGHT AND LEVEL,DRY,NO DEFECTS,ON SCENE,NO INJURY / DRIVE AWAY,Y,,Y,"OVER $1,500",9/11/2019 8:29,"OPERATING VEHICLE IN ERRATIC, RECKLESS, CARELESS, NEGLIGENT OR AGGRESSIVE MANNER",FAILING TO REDUCE SPEED TO AVOID CRASH,502,N,CICERO AVE,1532,,,,,,,2,NO INDICATION OF INJURY,0,0,0,0,0,2,0,8,4,9,41.88968007,-87.74576676,POINT (-87.745766764044 41.889680070756)
JC429231,,9/11/2019 8:22,30,TRAFFIC SIGNAL,FUNCTIONING PROPERLY,CLEAR,DAYLIGHT,TURNING,RAMP,,STRAIGHT AND LEVEL,DRY,NO DEFECTS,NOT ON SCENE (DESK REPORT),NO INJURY / DRIVE AWAY,,,,"$501 - $1,500",9/11/2019 17:45,IMPROPER LANE USAGE,NOT APPLICABLE,2399,N,LAKE SHORE DR SB,1814,,,,,,,2,NO INDICATION OF INJURY,0,0,0,0,0,2,0,8,4,9,41.92604907,-87.63117684,POINT (-87.63117683575 41.926049072924)
JC428506,,9/11/2019 8:22,30,TRAFFIC SIGNAL,FUNCTIONING PROPERLY,CLEAR,DAYLIGHT,SIDESWIPE SAME DIRECTION,DIVIDED - W/MEDIAN BARRIER,,STRAIGHT AND LEVEL,DRY,NO DEFECTS,NOT ON SCENE (DESK REPORT),NO INJURY / DRIVE AWAY,,,Y,"$501 - $1,500",9/11/2019 8:40,UNABLE TO DETERMINE,UNABLE TO DETERMINE,5701,S,LAKE SHORE DR,331,,,,,,,2,NO INDICATION OF INJURY,0,0,0,0,0,3,0,8,4,9,41.79149785,-87.57987334,POINT (-87.579873341626 41.791497853446)
JC428586,,9/11/2019 8:20,30,NO CONTROLS,NO CONTROLS,CLEAR,DAYLIGHT,SIDESWIPE SAME DIRECTION,NOT DIVIDED,,STRAIGHT AND LEVEL,DRY,NO DEFECTS,NOT ON SCENE (DESK REPORT),NO INJURY / DRIVE AWAY,Y,,,"OVER $1,500",9/11/2019 9:45,IMPROPER LANE USAGE,FAILING TO YIELD RIGHT-OF-WAY,5000,N,MARINE DR,2024,,,,,,,2,NO INDICATION OF INJURY,0,0,0,0,0,2,0,8,4,9,41.97338891,-87.65116886,POINT (-87.651168857678 41.97338890509)
JC428524,,9/11/2019 8:20,25,TRAFFIC SIGNAL,FUNCTIONING PROPERLY,CLEAR,DAYLIGHT,TURNING,NOT DIVIDED,,CURVE ON GRADE,DRY,NO DEFECTS,ON SCENE,INJURY AND / OR TOW DUE TO CRASH,,,,"OVER $1,500",9/11/2019 8:59,IMPROPER TURNING/NO SIGNAL,FOLLOWING TOO CLOSELY,2600,W,31ST ST,1034,,,,,,,2,NO INDICATION OF INJURY,0,0,0,0,0,2,0,8,4,9,41.83806576,-87.68972022,POINT (-87.689720216218 41.838065764119)
JC428517,,9/11/2019 8:20,30,NO CONTROLS,NO CONTROLS,CLEAR,DAYLIGHT,SIDESWIPE SAME DIRECTION,NOT DIVIDED,,STRAIGHT AND LEVEL,DRY,NO DEFECTS,NOT ON SCENE (DESK REPORT),NO INJURY / DRIVE AWAY,,,,"$501 - $1,500",9/11/2019 9:45,UNABLE TO DETERMINE,UNABLE TO DETERMINE,2804,W,DEVON AVE,2412,,,,,,,2,NO INDICATION OF INJURY,0,0,0,0,0,2,0,8,4,9,41.99766659,-87.6998753,POINT (-87.699875294949 41.997666593126)
JC428546,,9/11/2019 8:18,30,TRAFFIC SIGNAL,FUNCTIONING PROPERLY,CLEAR,DAYLIGHT,ANGLE,NOT DIVIDED,,STRAIGHT AND LEVEL,DRY,NO DEFECTS,ON SCENE,NO INJURY / DRIVE AWAY,,,,"OVER $1,500",9/11/2019 9:07,FAILING TO YIELD RIGHT-OF-WAY,FAILING TO YIELD RIGHT-OF-WAY,2521,N,CICERO AVE,2521,,,,,,,2,NO INDICATION OF INJURY,0,0,0,0,0,2,0,8,4,9,41.9267365,-87.7462493,POINT (-87.746249300281 41.926736496861)
JC428483,,9/11/2019 8:16,25,FLASHING CONTROL SIGNAL,FUNCTIONING PROPERLY,CLEAR,DAYLIGHT,TURNING,NOT DIVIDED,,STRAIGHT AND LEVEL,DRY,NO DEFECTS,ON SCENE,INJURY AND / OR TOW DUE TO CRASH,,,Y,$500 OR LESS,9/11/2019 9:00,IMPROPER TURNING/NO SIGNAL,NOT APPLICABLE,1200,N,ELSTON AVE,1433,,N,,,,,2,INCAPACITATING INJURY,1,0,1,0,0,7,0,8,4,9,41.9034698,-87.6585224,POINT (-87.658522400154 41.903469797829)
JC428518,,9/11/2019 8:15,30,NO CONTROLS,NO CONTROLS,CLEAR,DAYLIGHT,REAR END,NOT DIVIDED,,STRAIGHT AND LEVEL,DRY,NO DEFECTS,ON SCENE,INJURY AND / OR TOW DUE TO CRASH,,,,"OVER $1,500",9/11/2019 8:30,UNABLE TO DETERMINE,FOLLOWING TOO CLOSELY,6239,W,63RD ST,812,,,,,,,3,NO INDICATION OF INJURY,0,0,0,0,0,3,0,8,4,9,41.7776302,-87.77797304,POINT (-87.777973036536 41.777630195927)
JC428492,,9/11/2019 8:15,30,UNKNOWN,UNKNOWN,CLEAR,DAYLIGHT,ANGLE,ONE-WAY,,STRAIGHT AND LEVEL,DRY,NO DEFECTS,ON SCENE,NO INJURY / DRIVE AWAY,,,Y,"OVER $1,500",9/11/2019 8:25,UNABLE TO DETERMINE,NOT APPLICABLE,2000,W,WARREN BLVD,1223,,,,,,,2,NO INDICATION OF INJURY,0,0,0,0,0,2,0,8,4,9,41.88233986,-87.67678799,POINT (-87.676787987969 41.882339859326)
JC428533,,9/11/2019 8:10,30,TRAFFIC SIGNAL,NO CONTROLS,CLEAR,DAYLIGHT,TURNING,FOUR WAY,,STRAIGHT AND LEVEL,DRY,NO DEFECTS,ON SCENE,INJURY AND / OR TOW DUE TO CRASH,Y,,,"OVER $1,500",9/11/2019 8:15,FAILING TO YIELD RIGHT-OF-WAY,NOT APPLICABLE,600,S,ASHLAND AVE,1231,,,,,,,2,NO INDICATION OF INJURY,0,0,0,0,0,3,0,8,4,9,41.87413327,-87.66674408,POINT (-87.66674408286 41.874133273384)
JC428495,,9/11/2019 8:10,20,NO CONTROLS,NO CONTROLS,CLEAR,DAYLIGHT,SIDESWIPE SAME DIRECTION,ONE-WAY,,STRAIGHT AND LEVEL,DRY,NO DEFECTS,ON SCENE,NO INJURY / DRIVE AWAY,,,Y,"$501 - $1,500",9/11/2019 8:15,IMPROPER OVERTAKING/PASSING,UNABLE TO DETERMINE,6801,N,ALGONQUIN AVE,1621,,,,,,,2,NO INDICATION OF INJURY,0,0,0,0,0,2,0,8,4,9,42.00439708,-87.76307333,POINT (-87.763073329129 42.004397077801)
JC428478,,9/11/2019 8:10,30,NO CONTROLS,NO CONTROLS,CLEAR,DAYLIGHT,TURNING,NOT DIVIDED,,STRAIGHT AND LEVEL,DRY,NO DEFECTS,ON SCENE,INJURY AND / OR TOW DUE TO CRASH,,,,"OVER $1,500",9/11/2019 8:12,FAILING TO YIELD RIGHT-OF-WAY,"VISION OBSCURED (SIGNS, TREE LIMBS, BUILDINGS, ETC.)",5511,S,KEDZIE AVE,824,,,,,,,2,NO INDICATION OF INJURY,0,0,0,0,0,2,0,8,4,9,41.79314343,-87.70339628,POINT (-87.703396282295 41.793143432861)
JC428507,,9/11/2019 8:09,30,NO CONTROLS,NO CONTROLS,CLEAR,DAYLIGHT,TURNING,NOT DIVIDED,,STRAIGHT AND LEVEL,DRY,NO DEFECTS,ON SCENE,INJURY AND / OR TOW DUE TO CRASH,,,,"OVER $1,500",9/11/2019 8:09,FAILING TO YIELD RIGHT-OF-WAY,UNABLE TO DETERMINE,1020,E,HYDE PARK BLVD,222,,,,,,,3,NO INDICATION OF INJURY,0,0,0,0,0,3,0,8,4,9,41.80243104,-87.60065992,POINT (-87.600659918473 41.802431034685)
JC428504,,9/11/2019 8:08,30,SCHOOL ZONE,FUNCTIONING PROPERLY,CLEAR,DAYLIGHT,PEDESTRIAN,NOT DIVIDED,,STRAIGHT AND LEVEL,DRY,NO DEFECTS,ON SCENE,INJURY AND / OR TOW DUE TO CRASH,,,,"$501 - $1,500",9/11/2019 8:43,IMPROPER BACKING,NOT APPLICABLE,2245,W,PERSHING RD,924,,,,,,,2,NONINCAPACITATING INJURY,1,0,0,1,0,1,0,8,4,9,41.82291859,-87.68177863,POINT (-87.681778627121 41.822918587086)
JC428486,,9/11/2019 8:04,35,TRAFFIC SIGNAL,FUNCTIONING PROPERLY,CLEAR,DAYLIGHT,REAR END,FOUR WAY,,STRAIGHT AND LEVEL,DRY,NO DEFECTS,ON SCENE,INJURY AND / OR TOW DUE TO CRASH,,,,"OVER $1,500",9/11/2019 8:05,FOLLOWING TOO CLOSELY,NOT APPLICABLE,2800,W,ADDISON ST,1733,,,,,,,2,"REPORTED, NOT EVIDENT",1,0,0,0,1,1,0,8,4,9,41.94679181,-87.69809434,POINT (-87.698094337095 41.946791809318)
JC435385,,9/11/2019 8:00,20,NO CONTROLS,NO CONTROLS,CLEAR,DAYLIGHT,PARKED MOTOR VEHICLE,ONE-WAY,,STRAIGHT AND LEVEL,DRY,NO DEFECTS,NOT ON SCENE (DESK REPORT),NO INJURY / DRIVE AWAY,,,Y,"$501 - $1,500",9/16/2019 10:00,FAILING TO YIELD RIGHT-OF-WAY,NOT APPLICABLE,6100,W,NEWPORT AVE,1633,,,,,,,2,NO INDICATION OF INJURY,0,0,0,0,0,1,0,8,4,9,41.94310607,-87.77895088,POINT (-87.778950877056 41.943106066744)
JC429260,,9/11/2019 8:00,30,STOP SIGN/FLASHER,NO CONTROLS,CLEAR,DAYLIGHT,PARKED MOTOR VEHICLE,ONE-WAY,,STRAIGHT AND LEVEL,DRY,NO DEFECTS,NOT ON SCENE (DESK REPORT),NO INJURY / DRIVE AWAY,,,Y,"$501 - $1,500",9/11/2019 17:28,NOT APPLICABLE,NOT APPLICABLE,6559,S,KOLIN AVE,833,,,,,,,2,NO INDICATION OF INJURY,0,0,0,0,0,1,0,8,4,9,41.7731873,-87.73101005,POINT (-87.731010053246 41.773187302665)
JC428609,,9/11/2019 8:00,30,NO CONTROLS,NO CONTROLS,CLEAR,DAYLIGHT,PARKED MOTOR VEHICLE,NOT DIVIDED,,STRAIGHT AND LEVEL,DRY,NO DEFECTS,NOT ON SCENE (DESK REPORT),NO INJURY / DRIVE AWAY,,,Y,"OVER $1,500",9/11/2019 10:11,FOLLOWING TOO CLOSELY,FOLLOWING TOO CLOSELY,1654,N,NAGLE AVE,2513,,,,,,,2,NO INDICATION OF INJURY,0,0,0,0,0,1,0,8,4,9,41.91073042,-87.78682948,POINT (-87.786829475667 41.910730419272)
JC428523,,9/11/2019 8:00,30,NO CONTROLS,NO CONTROLS,CLEAR,DAYLIGHT,ANIMAL,DIVIDED - W/MEDIAN (NOT RAISED),,STRAIGHT AND LEVEL,DRY,NO DEFECTS,ON SCENE,NO INJURY / DRIVE AWAY,,,,"OVER $1,500",9/11/2019 8:52,ANIMAL,NOT APPLICABLE,12802,S,INDIANA AVE,532,,,,,,,1,NO INDICATION OF INJURY,0,0,0,0,0,1,0,8,4,9,41.66180899,-87.61804389,POINT (-87.618043891267 41.661808988103)
JC428498,,9/11/2019 8:00,30,TRAFFIC SIGNAL,FUNCTIONING PROPERLY,CLEAR,DAYLIGHT,SIDESWIPE SAME DIRECTION,FOUR WAY,,STRAIGHT AND LEVEL,DRY,NO DEFECTS,NOT ON SCENE (DESK REPORT),NO INJURY / DRIVE AWAY,Y,,Y,"$501 - $1,500",9/11/2019 8:02,FAILING TO REDUCE SPEED TO AVOID CRASH,IMPROPER OVERTAKING/PASSING,3758,N,DAMEN AVE,1921,,,,,,,2,NO INDICATION OF INJURY,0,0,0,0,0,3,0,8,4,9,41.95046139,-87.6787999,POINT (-87.678799903964 41.950461386054)
JC428488,,9/11/2019 7:58,30,TRAFFIC SIGNAL,FUNCTIONING PROPERLY,CLEAR,DAYLIGHT,SIDESWIPE SAME DIRECTION,ONE-WAY,,STRAIGHT AND LEVEL,DRY,NO DEFECTS,ON SCENE,INJURY AND / OR TOW DUE TO CRASH,,,,"OVER $1,500",9/11/2019 8:01,FAILING TO YIELD RIGHT-OF-WAY,NOT APPLICABLE,1530,W,CONGRESS PKWY,1231,,,,,,,2,NONINCAPACITATING INJURY,1,0,0,1,0,2,0,7,4,9,41.87530478,-87.66546357,POINT (-87.665463569374 41.87530478373)
JC428467,,9/11/2019 7:58,30,NO CONTROLS,NO CONTROLS,CLEAR,DAYLIGHT,SIDESWIPE SAME DIRECTION,T-INTERSECTION,,STRAIGHT AND LEVEL,DRY,NO DEFECTS,ON SCENE,NO INJURY / DRIVE AWAY,Y,,,"OVER $1,500",9/11/2019 8:00,UNABLE TO DETERMINE,NOT APPLICABLE,2232,N,CALIFORNIA AVE,1414,,,,,,,2,NO INDICATION OF INJURY,0,0,0,0,0,3,0,7,4,9,41.92269418,-87.69750106,POINT (-87.697501054875 41.922694184066)
JC428474,,9/11/2019 7:57,30,NO CONTROLS,NO CONTROLS,CLOUDY/OVERCAST,DAYLIGHT,FIXED OBJECT,NOT DIVIDED,,STRAIGHT AND LEVEL,DRY,NO DEFECTS,ON SCENE,INJURY AND / OR TOW DUE TO CRASH,,,,"OVER $1,500",9/11/2019 7:57,DRIVING SKILLS/KNOWLEDGE/EXPERIENCE,UNABLE TO DETERMINE,556,W,71ST ST,732,,,,,,,3,NONINCAPACITATING INJURY,1,0,0,1,0,4,0,7,4,9,41.76539093,-87.63933322,POINT (-87.639333222339 41.765390929997)
JC428547,,9/11/2019 7:55,30,NO CONTROLS,NO CONTROLS,CLEAR,DAYLIGHT,TURNING,NOT DIVIDED,,STRAIGHT AND LEVEL,DRY,NO DEFECTS,NOT ON SCENE (DESK REPORT),NO INJURY / DRIVE AWAY,,,Y,"OVER $1,500",9/11/2019 8:12,UNABLE TO DETERMINE,UNABLE TO DETERMINE,330,S,HOMAN AVE,1133,,,,,,,4,NO INDICATION OF INJURY,0,0,0,0,0,11,0,7,4,9,41.87633549,-87.71099853,POINT (-87.710998531783 41.876335491453)
JC428458,,9/11/2019 7:54,30,TRAFFIC SIGNAL,FUNCTIONING PROPERLY,CLEAR,DAYLIGHT,REAR END,CENTER TURN LANE,,STRAIGHT AND LEVEL,DRY,NO DEFECTS,ON SCENE,NO INJURY / DRIVE AWAY,Y,,,"OVER $1,500",9/11/2019 7:55,FOLLOWING TOO CLOSELY,NOT APPLICABLE,2400,W,55TH ST,923,,,,,,,2,NO INDICATION OF INJURY,0,0,0,0,0,4,0,7,4,9,41.79398135,-87.68414174,POINT (-87.684141741284 41.793981346574)
JC434546,,9/11/2019 7:50,10,NO CONTROLS,NO CONTROLS,CLEAR,DAYLIGHT,OTHER OBJECT,PARKING LOT,,STRAIGHT AND LEVEL,DRY,NO DEFECTS,NOT ON SCENE (DESK REPORT),NO INJURY / DRIVE AWAY,,Y,,"OVER $1,500",9/15/2019 17:00,DRIVING SKILLS/KNOWLEDGE/EXPERIENCE,NOT APPLICABLE,1651,N,WESTERN AVE,1434,,,,,,,1,NO INDICATION OF INJURY,0,0,0,0,0,1,0,7,4,9,41.91172837,-87.68711088,POINT (-87.687110881845 41.911728368102)
JC429503,,9/11/2019 7:50,30,BICYCLE CROSSING SIGN,UNKNOWN,CLEAR,DAYLIGHT,REAR END,DIVIDED - W/MEDIAN (NOT RAISED),,STRAIGHT AND LEVEL,DRY,UNKNOWN,NOT ON SCENE (DESK REPORT),INJURY AND / OR TOW DUE TO CRASH,,,,"OVER $1,500",9/11/2019 20:45,UNABLE TO DETERMINE,UNABLE TO DETERMINE,4500,N,PULASKI RD,1722,,,,,,,2,NONINCAPACITATING INJURY,1,0,0,1,0,1,0,7,4,9,41.96254284,-87.72801678,POINT (-87.728016777652 41.962542835139)
JC429345,,9/11/2019 7:50,30,NO CONTROLS,NO CONTROLS,CLEAR,DAYLIGHT,REAR END,DIVIDED - W/MEDIAN BARRIER,,STRAIGHT AND LEVEL,DRY,NO DEFECTS,NOT ON SCENE (DESK REPORT),NO INJURY / DRIVE AWAY,,,,"$501 - $1,500",9/11/2019 18:30,FAILING TO REDUCE SPEED TO AVOID CRASH,DRIVING ON WRONG SIDE/WRONG WAY,1200,N,LAKE SHORE DR NB,1824,,,,,,,2,NO INDICATION OF INJURY,0,0,0,0,0,2,0,7,4,9,41.90412258,-87.62457001,POINT (-87.624570013143 41.904122583841)
JC428472,,9/11/2019 7:50,10,NO CONTROLS,NO CONTROLS,CLEAR,DAYLIGHT,PARKED MOTOR VEHICLE,PARKING LOT,,STRAIGHT AND LEVEL,DRY,UNKNOWN,ON SCENE,NO INJURY / DRIVE AWAY,,Y,,$500 OR LESS,9/11/2019 7:53,UNABLE TO DETERMINE,NOT APPLICABLE,9046,S,MACKINAW AVE,424,,,,,,,2,NO INDICATION OF INJURY,0,0,0,0,0,1,0,7,4,9,41.73055997,-87.54305314,POINT (-87.543053136003 41.730559973475)
JC428462,,9/11/2019 7:50,30,NO CONTROLS,NO CONTROLS,CLEAR,DAYLIGHT,ANGLE,NOT DIVIDED,,STRAIGHT AND LEVEL,DRY,NO DEFECTS,NOT ON SCENE (DESK REPORT),NO INJURY / DRIVE AWAY,,,,"OVER $1,500",9/11/2019 7:51,FAILING TO YIELD RIGHT-OF-WAY,NOT APPLICABLE,429,E,61ST ST,313,,,,,,,2,NO INDICATION OF INJURY,0,0,0,0,0,2,0,7,4,9,41.78379604,-87.61451644,POINT (-87.614516441913 41.783796035343)
JC428537,,9/11/2019 7:47,30,TRAFFIC SIGNAL,FUNCTIONING PROPERLY,CLEAR,DAYLIGHT,REAR END,NOT DIVIDED,,STRAIGHT AND LEVEL,DRY,NO DEFECTS,NOT ON SCENE (DESK REPORT),NO INJURY / DRIVE AWAY,,,,"$501 - $1,500",9/11/2019 9:05,FOLLOWING TOO CLOSELY,NOT APPLICABLE,4701,N,ASHLAND AVE,1912,,,,,,,3,NO INDICATION OF INJURY,0,0,0,0,0,5,0,7,4,9,41.96714616,-87.66925195,POINT (-87.669251951385 41.967146156697)
JC428461,,9/11/2019 7:45,30,NO CONTROLS,NO CONTROLS,CLEAR,DAYLIGHT,SIDESWIPE SAME DIRECTION,DIVIDED - W/MEDIAN (NOT RAISED),,STRAIGHT AND LEVEL,DRY,NO DEFECTS,ON SCENE,NO INJURY / DRIVE AWAY,,,,$500 OR LESS,9/11/2019 7:46,IMPROPER OVERTAKING/PASSING,NOT APPLICABLE,2534,W,63RD ST,825,,,,,,,2,NO INDICATION OF INJURY,0,0,0,0,0,4,0,7,4,9,41.77931093,-87.68745503,POINT (-87.687455029214 41.779310932336)
JC428631,Y,9/11/2019 7:40,30,NO CONTROLS,NO CONTROLS,UNKNOWN,DAYLIGHT,PARKED MOTOR VEHICLE,NOT DIVIDED,,STRAIGHT AND LEVEL,UNKNOWN,NO DEFECTS,ON SCENE,NO INJURY / DRIVE AWAY,,,Y,"OVER $1,500",9/11/2019 7:49,UNABLE TO DETERMINE,NOT APPLICABLE,5632,S,MORGAN ST,712,,,,,,,2,NO INDICATION OF INJURY,0,0,0,0,0,1,0,7,4,9,41.7914196,-87.650091,POINT (-87.650090998079 41.791419602822)
JC428484,,9/11/2019 7:40,30,STOP SIGN/FLASHER,FUNCTIONING PROPERLY,CLEAR,DAYLIGHT,SIDESWIPE SAME DIRECTION,NOT DIVIDED,,STRAIGHT AND LEVEL,DRY,NO DEFECTS,NOT ON SCENE (DESK REPORT),NO INJURY / DRIVE AWAY,,,,"OVER $1,500",9/11/2019 8:27,UNABLE TO DETERMINE,UNABLE TO DETERMINE,2700,W,59TH ST,824,,,,,,,2,NO INDICATION OF INJURY,0,0,0,0,0,2,0,7,4,9,41.78655563,-87.69122023,POINT (-87.691220232664 41.786555633314)
JC428480,,9/11/2019 7:40,30,NO CONTROLS,NO CONTROLS,CLEAR,DAYLIGHT,REAR END,DIVIDED - W/MEDIAN (NOT RAISED),,STRAIGHT AND LEVEL,DRY,NO DEFECTS,NOT ON SCENE (DESK REPORT),NO INJURY / DRIVE AWAY,,,Y,"OVER $1,500",9/11/2019 8:25,UNABLE TO DETERMINE,NOT APPLICABLE,7981,S,SOUTH CHICAGO AVE,414,,,,,,,2,NO INDICATION OF INJURY,0,0,0,0,0,3,0,7,4,9,41.7498013,-87.5830116,POINT (-87.583011599917 41.749801303042)
JC435945,,9/11/2019 7:39,30,NO CONTROLS,NO CONTROLS,CLEAR,DAYLIGHT,REAR END,NOT DIVIDED,,STRAIGHT AND LEVEL,DRY,NO DEFECTS,NOT ON SCENE (DESK REPORT),NO INJURY / DRIVE AWAY,,,,$500 OR LESS,9/16/2019 16:43,NOT APPLICABLE,NOT APPLICABLE,5500,S,CICERO AVE,813,,,,,,,2,NO INDICATION OF INJURY,0,0,0,0,0,4,0,7,4,9,41.79291088,-87.74207734,POINT (-87.742077342959 41.792910883497)
JC428445,,9/11/2019 7:31,30,TRAFFIC SIGNAL,FUNCTIONING PROPERLY,CLEAR,DAYLIGHT,TURNING,DIVIDED - W/MEDIAN (NOT RAISED),,STRAIGHT AND LEVEL,DRY,UNKNOWN,ON SCENE,INJURY AND / OR TOW DUE TO CRASH,Y,,,"OVER $1,500",9/11/2019 7:31,FAILING TO YIELD RIGHT-OF-WAY,IMPROPER TURNING/NO SIGNAL,4402,W,OGDEN AVE,1013,,,,,,,2,NONINCAPACITATING INJURY,1,0,0,1,0,1,0,7,4,9,41.8477487,-87.73458852,POINT (-87.734588522782 41.847748696436)
JC430482,,9/11/2019 7:30,30,NO CONTROLS,NO CONTROLS,CLEAR,DAYLIGHT,OTHER NONCOLLISION,NOT DIVIDED,,STRAIGHT AND LEVEL,DRY,"RUT, HOLES",NOT ON SCENE (DESK REPORT),NO INJURY / DRIVE AWAY,,,,"$501 - $1,500",9/12/2019 16:22,UNABLE TO DETERMINE,UNABLE TO DETERMINE,12700,S,INDIANA AVE,532,,,,,,,1,NO INDICATION OF INJURY,0,0,0,0,0,1,0,7,4,9,41.66325448,-87.61778866,POINT (-87.617788659925 41.663254478672)
JC429832,,9/11/2019 7:30,30,TRAFFIC SIGNAL,NOT FUNCTIONING,CLOUDY/OVERCAST,DAYLIGHT,REAR END,ONE-WAY,,STRAIGHT AND LEVEL,DRY,NO DEFECTS,NOT ON SCENE (DESK REPORT),INJURY AND / OR TOW DUE TO CRASH,,,,"$501 - $1,500",9/12/2019 8:05,UNABLE TO DETERMINE,NOT APPLICABLE,1200,S,RUBLE ST,1232,,,,,,,2,"REPORTED, NOT EVIDENT",1,0,0,0,1,1,0,7,4,9,41.86713421,-87.64423752,POINT (-87.644237519792 41.867134208293)
JC428485,,9/11/2019 7:30,20,STOP SIGN/FLASHER,FUNCTIONING PROPERLY,CLEAR,DAYLIGHT,ANGLE,DIVIDED - W/MEDIAN (NOT RAISED),,STRAIGHT AND LEVEL,DRY,NO DEFECTS,NOT ON SCENE (DESK REPORT),NO INJURY / DRIVE AWAY,,,N,"OVER $1,500",9/11/2019 8:00,UNABLE TO DETERMINE,NOT APPLICABLE,4650,W,CONGRESS PKWY,1131,,,,,,,2,NO INDICATION OF INJURY,0,0,0,0,0,2,0,7,4,9,41.87425573,-87.7421747,POINT (-87.742174695247 41.874255731559)
JC428476,,9/11/2019 7:30,35,TRAFFIC SIGNAL,FUNCTIONING PROPERLY,CLEAR,DAYLIGHT,SIDESWIPE SAME DIRECTION,NOT DIVIDED,,STRAIGHT AND LEVEL,DRY,NO DEFECTS,NOT ON SCENE (DESK REPORT),NO INJURY / DRIVE AWAY,,,,"OVER $1,500",9/11/2019 8:00,UNABLE TO DETERMINE,UNABLE TO DETERMINE,2800,W,OGDEN AVE,1022,,,,,,,2,NO INDICATION OF INJURY,0,0,0,0,0,3,0,7,4,9,41.86136821,-87.69595458,POINT (-87.695954576293 41.86136820973)
JC428551,,9/11/2019 7:20,30,NO CONTROLS,NO CONTROLS,CLEAR,DAYLIGHT,TURNING,NOT DIVIDED,,STRAIGHT AND LEVEL,DRY,NO DEFECTS,NOT ON SCENE (DESK REPORT),INJURY AND / OR TOW DUE TO CRASH,,,,"OVER $1,500",9/11/2019 9:20,UNABLE TO DETERMINE,UNABLE TO DETERMINE,6830,S,COTTAGE GROVE AVE,321,,,,,,,2,NO INDICATION OF INJURY,0,0,0,0,0,3,0,7,4,9,41.77038221,-87.60585207,POINT (-87.605852073818 41.770382212378)
JC428443,,9/11/2019 7:20,30,NO CONTROLS,NO CONTROLS,CLEAR,DAYLIGHT,TURNING,FOUR WAY,,STRAIGHT AND LEVEL,DRY,NO DEFECTS,NOT ON SCENE (DESK REPORT),NO INJURY / DRIVE AWAY,Y,,,"OVER $1,500",9/11/2019 7:40,IMPROPER TURNING/NO SIGNAL,NOT APPLICABLE,2700,N,CICERO AVE,2521,,,,,,,2,NO INDICATION OF INJURY,0,0,0,0,0,2,0,7,4,9,41.9297611,-87.74666793,POINT (-87.746667930815 41.929761102155)
JC428477,,9/11/2019 7:15,30,NO CONTROLS,NO CONTROLS,CLEAR,DAYLIGHT,REAR END,DIVIDED - W/MEDIAN (NOT RAISED),,STRAIGHT AND LEVEL,DRY,NO DEFECTS,ON SCENE,INJURY AND / OR TOW DUE TO CRASH,,,,"OVER $1,500",9/11/2019 7:21,FOLLOWING TOO CLOSELY,UNABLE TO DETERMINE,3420,S,KEDZIE AVE,911,,,,,,,3,NONINCAPACITATING INJURY,2,0,0,2,0,2,0,7,4,9,41.83099719,-87.7047963,POINT (-87.704796296659 41.830997191928)
JC428440,,9/11/2019 7:10,30,NO CONTROLS,NO CONTROLS,CLEAR,DAYLIGHT,SIDESWIPE SAME DIRECTION,NOT DIVIDED,,STRAIGHT AND LEVEL,DRY,NO DEFECTS,ON SCENE,NO INJURY / DRIVE AWAY,,,,"OVER $1,500",9/11/2019 7:19,IMPROPER OVERTAKING/PASSING,NOT APPLICABLE,5533,W,BRYN MAWR AVE,1623,,N,,,,,2,NO INDICATION OF INJURY,0,0,0,0,0,2,0,7,4,9,41.98283404,-87.76726334,POINT (-87.767263336247 41.982834040854)