RD_NO,CRASH_DATE_EST_I,CRASH_DATE,POSTED_SPEED_LIMIT,TRAFFIC_CONTROL_DEVICE,DEVICE_CONDITION,WEATHER_CONDITION,LIGHTING_CONDITION,FIRST_CRASH_TYPE,TRAFFICWAY_TYPE,LANE_CNT,ALIGNMENT,ROADWAY_SURFACE_COND,ROAD_DEFECT,REPORT_TYPE,CRASH_TYPE,INTERSECTION_RELATED_I,NOT_RIGHT_OF_WAY_I,HIT_AND_RUN_I,DAMAGE,DATE_POLICE_NOTIFIED,PRIM_CONTRIBUTORY_CAUSE,SEC_CONTRIBUTORY_CAUSE,STREET_NO,STREET_DIRECTION,STREET_NAME,BEAT_OF_OCCURRENCE,PHOTOS_TAKEN_I,STATEMENTS_TAKEN_I,DOORING_I,WORK_ZONE_I,WORK_ZONE_TYPE,WORKERS_PRESENT_I,NUM_UNITS,MOST_SEVERE_INJURY,INJURIES_TOTAL,INJURIES_FATAL,INJURIES_INCAPACITATING,INJURIES_NON_INCAPACITATING,INJURIES_REPORTED_NOT_EVIDENT,INJURIES_NO_INDICATION,INJURIES_UNKNOWN,CRASH_HOUR,CRASH_DAY_OF_WEEK,CRASH_MONTH,LATITUDE,LONGITUDE,LOCATION
JC430153,,9/11/2019 7:05,30,UNKNOWN,UNKNOWN,CLEAR,DAYLIGHT,PEDALCYCLIST,NOT DIVIDED,,STRAIGHT AND LEVEL,DRY,UNKNOWN,NOT ON SCENE (DESK REPORT),INJURY AND / OR TOW DUE TO CRASH,,,Y,$500 OR LESS,9/12/2019 12:15,FAILING TO YIELD RIGHT-OF-WAY,IMPROPER TURNING/NO SIGNAL,5100,S,CALIFORNIA AVE,923,,,,,,,2,"REPORTED, NOT EVIDENT",2,0,0,0,2,0,0,7,4,9,41.80089564,-87.69414412,POINT (-87.694144121738 41.800895636272)
JC428432,,9/11/2019 7:05,35,TRAFFIC SIGNAL,FUNCTIONING PROPERLY,CLEAR,DAYLIGHT,SIDESWIPE SAME DIRECTION,DIVIDED - W/MEDIAN (NOT RAISED),,STRAIGHT AND LEVEL,DRY,NO DEFECTS,ON SCENE,NO INJURY / DRIVE AWAY,Y,,,"OVER $1,500",9/11/2019 7:10,IMPROPER OVERTAKING/PASSING,FAILING TO YIELD RIGHT-OF-WAY,4015,S,PULASKI RD,821,,,,,,,2,NO INDICATION OF INJURY,0,0,0,0,0,4,0,7,4,9,41.81905229,-87.72381922,POINT (-87.723819221579 41.819052289717)
JC433419,Y,9/11/2019 7:00,25,NO CONTROLS,NO CONTROLS,UNKNOWN,UNKNOWN,PARKED MOTOR VEHICLE,ONE-WAY,,STRAIGHT AND LEVEL,UNKNOWN,NO DEFECTS,NOT ON SCENE (DESK REPORT),NO INJURY / DRIVE AWAY,,,Y,"OVER $1,500",9/14/2019 18:00,UNABLE TO DETERMINE,NOT APPLICABLE,959,N,CAMPBELL AVE,1212,,,,,,,2,NO INDICATION OF INJURY,0,0,0,0,0,1,0,7,4,9,41.89931133,-87.6892478,POINT (-87.689247797515 41.899311331059)
JC429003,,9/11/2019 7:00,30,NO CONTROLS,NO CONTROLS,CLEAR,DAYLIGHT,PARKED MOTOR VEHICLE,DIVIDED - W/MEDIAN (NOT RAISED),,STRAIGHT AND LEVEL,DRY,NO DEFECTS,NOT ON SCENE (DESK REPORT),NO INJURY / DRIVE AWAY,,,Y,"OVER $1,500",9/11/2019 15:00,UNABLE TO DETERMINE,UNABLE TO DETERMINE,6324,N,PULASKI RD,1711,,,,,,,2,NO INDICATION OF INJURY,0,0,0,0,0,1,0,7,4,9,41.99619045,-87.72905172,POINT (-87.72905171532 41.996190449078)
JC428889,,9/11/2019 7:00,30,STOP SIGN/FLASHER,FUNCTIONING PROPERLY,CLEAR,DAYLIGHT,ANGLE,DIVIDED - W/MEDIAN (NOT RAISED),,STRAIGHT AND LEVEL,DRY,NO DEFECTS,NOT ON SCENE (DESK REPORT),NO INJURY / DRIVE AWAY,Y,,,"OVER $1,500",9/11/2019 13:30,UNABLE TO DETERMINE,UNABLE TO DETERMINE,5699,W,MONTROSE AVE,1624,,,,,,,2,NO INDICATION OF INJURY,0,0,0,0,0,2,0,7,4,9,41.96034253,-87.76962639,POINT (-87.769626394222 41.960342531691)
JC428888,,9/11/2019 7:00,30,TRAFFIC SIGNAL,FUNCTIONING PROPERLY,CLEAR,DAYLIGHT,REAR END,NOT DIVIDED,,STRAIGHT AND LEVEL,DRY,NO DEFECTS,NOT ON SCENE (DESK REPORT),INJURY AND / OR TOW DUE TO CRASH,,,Y,"OVER $1,500",9/11/2019 13:10,UNABLE TO DETERMINE,UNABLE TO DETERMINE,300,N,CICERO AVE,1532,,,,,,,2,NO INDICATION OF INJURY,0,0,0,0,0,4,0,7,4,9,41.88574887,-87.74561598,POINT (-87.745615977086 41.885748869928)
JC428597,,9/11/2019 7:00,30,NO CONTROLS,NO CONTROLS,CLEAR,DAYLIGHT,ANGLE,ONE-WAY,,STRAIGHT AND LEVEL,DRY,NO DEFECTS,NOT ON SCENE (DESK REPORT),NO INJURY / DRIVE AWAY,,,,"OVER $1,500",9/11/2019 10:05,UNABLE TO DETERMINE,UNABLE TO DETERMINE,1948,W,FARWELL AVE,2424,,,,,,,2,NO INDICATION OF INJURY,0,0,0,0,0,2,0,7,4,9,42.00656163,-87.67987197,POINT (-87.679871970509 42.0065616321)
JC428434,,9/11/2019 6:50,30,STOP SIGN/FLASHER,FUNCTIONING PROPERLY,CLEAR,DAYLIGHT,ANGLE,FOUR WAY,,STRAIGHT AND LEVEL,DRY,NO DEFECTS,NOT ON SCENE (DESK REPORT),NO INJURY / DRIVE AWAY,Y,,,"OVER $1,500",9/11/2019 7:25,UNABLE TO DETERMINE,UNABLE TO DETERMINE,4400,N,MAJOR AVE,1622,,,,,,,2,NO INDICATION OF INJURY,0,0,0,0,0,2,0,6,4,9,41.96054352,-87.76983873,POINT (-87.769838731915 41.96054351634)
JC428426,,9/11/2019 6:50,30,NO CONTROLS,NO CONTROLS,CLEAR,DAYLIGHT,TURNING,DIVIDED - W/MEDIAN BARRIER,,STRAIGHT AND LEVEL,DRY,NO DEFECTS,NOT ON SCENE (DESK REPORT),INJURY AND / OR TOW DUE TO CRASH,Y,,N,"OVER $1,500",9/11/2019 7:00,FAILING TO YIELD RIGHT-OF-WAY,NOT APPLICABLE,1700,S,STATE ST,131,,,,,,,2,"REPORTED, NOT EVIDENT",1,0,0,0,1,3,0,6,4,9,41.85893881,-87.62737385,POINT (-87.627373844639 41.858938812896)
JC428419,,9/11/2019 6:34,30,TRAFFIC SIGNAL,FUNCTIONING PROPERLY,CLEAR,DAYLIGHT,REAR END,NOT DIVIDED,,STRAIGHT AND LEVEL,DRY,NO DEFECTS,ON SCENE,INJURY AND / OR TOW DUE TO CRASH,Y,,,"OVER $1,500",9/11/2019 6:34,FAILING TO REDUCE SPEED TO AVOID CRASH,NOT APPLICABLE,5601,W,CHICAGO AVE,1511,,,,,,,3,NONINCAPACITATING INJURY,3,0,0,3,0,1,0,6,4,9,41.89474283,-87.7654534,POINT (-87.76545339684 41.894742828323)
JC453813,,9/11/2019 6:30,15,NO CONTROLS,NO CONTROLS,CLEAR,DAYLIGHT,PARKED MOTOR VEHICLE,PARKING LOT,,STRAIGHT AND LEVEL,DRY,NO DEFECTS,ON SCENE,NO INJURY / DRIVE AWAY,,Y,,"OVER $1,500",9/30/2019 7:46,DRIVING SKILLS/KNOWLEDGE/EXPERIENCE,NOT APPLICABLE,5105,S,HARPER AVE,234,,,,,,,2,NO INDICATION OF INJURY,0,0,0,0,0,1,0,6,4,9,41.80226057,-87.58900435,POINT (-87.589004347571 41.802260569863)
JC428412,,9/11/2019 6:00,30,TRAFFIC SIGNAL,FUNCTIONING PROPERLY,CLEAR,DAWN,TURNING,NOT DIVIDED,,STRAIGHT AND LEVEL,DRY,NO DEFECTS,ON SCENE,NO INJURY / DRIVE AWAY,,,,"OVER $1,500",9/11/2019 6:07,FAILING TO YIELD RIGHT-OF-WAY,NOT APPLICABLE,6300,S,CICERO AVE,813,,,,,,,2,NO INDICATION OF INJURY,0,0,0,0,0,4,0,6,4,9,41.77833539,-87.74243649,POINT (-87.74243649416 41.778335390453)
JC429396,,9/11/2019 5:30,30,UNKNOWN,UNKNOWN,CLEAR,"DARKNESS, LIGHTED ROAD",SIDESWIPE SAME DIRECTION,NOT DIVIDED,,STRAIGHT AND LEVEL,DRY,UNKNOWN,NOT ON SCENE (DESK REPORT),NO INJURY / DRIVE AWAY,,,Y,"OVER $1,500",9/11/2019 19:20,FAILING TO REDUCE SPEED TO AVOID CRASH,NOT APPLICABLE,2352,E,75TH ST,334,,,,,,,2,NO INDICATION OF INJURY,0,0,0,0,0,2,0,5,4,9,41.75909398,-87.56668921,POINT (-87.566689213935 41.75909398024)
JC428653,,9/11/2019 5:30,30,STOP SIGN/FLASHER,FUNCTIONING PROPERLY,CLEAR,DAYLIGHT,ANGLE,NOT DIVIDED,,STRAIGHT AND LEVEL,DRY,UNKNOWN,NOT ON SCENE (DESK REPORT),NO INJURY / DRIVE AWAY,,,Y,"$501 - $1,500",9/11/2019 10:30,UNABLE TO DETERMINE,UNABLE TO DETERMINE,4601,S,CALIFORNIA AVE,922,,,,,,,2,NO INDICATION OF INJURY,0,0,0,0,0,3,0,5,4,9,41.80999466,-87.69410959,POINT (-87.6941095891 41.809994663642)
JC428457,,9/11/2019 5:01,30,NO CONTROLS,NO CONTROLS,CLEAR,"DARKNESS, LIGHTED ROAD",SIDESWIPE SAME DIRECTION,ONE-WAY,,STRAIGHT AND LEVEL,DRY,NO DEFECTS,ON SCENE,NO INJURY / DRIVE AWAY,,,,"$501 - $1,500",9/11/2019 7:51,IMPROPER OVERTAKING/PASSING,NOT APPLICABLE,645,W,GARFIELD BLVD,711,,,,,,,2,NO INDICATION OF INJURY,0,0,0,0,0,2,0,5,4,9,41.79389079,-87.6420655,POINT (-87.642065496686 41.793890794163)
JC428553,,9/11/2019 4:00,0,NO CONTROLS,NO CONTROLS,UNKNOWN,DARKNESS,PARKED MOTOR VEHICLE,UNKNOWN,,STRAIGHT AND LEVEL,DRY,UNKNOWN,ON SCENE,INJURY AND / OR TOW DUE TO CRASH,,,N,"OVER $1,500",9/11/2019 9:00,UNABLE TO DETERMINE,UNABLE TO DETERMINE,7117,S,DREXEL AVE,324,,,,,,,2,NO INDICATION OF INJURY,0,0,0,0,0,1,0,4,4,9,41.76532222,-87.60295379,POINT (-87.602953785857 41.765322220366)
JC428378,,9/11/2019 3:31,30,TRAFFIC SIGNAL,FUNCTIONING PROPERLY,CLEAR,"DARKNESS, LIGHTED ROAD",ANGLE,ONE-WAY,,STRAIGHT AND LEVEL,DRY,NO DEFECTS,ON SCENE,INJURY AND / OR TOW DUE TO CRASH,Y,,,"OVER $1,500",9/11/2019 3:34,DISREGARDING TRAFFIC SIGNALS,NOT APPLICABLE,600,N,DEARBORN ST,1832,,,,,,,2,NO INDICATION OF INJURY,0,0,0,0,0,2,0,3,4,9,41.89248545,-87.62982444,POINT (-87.62982443971 41.892485453597)
JC441333,,9/11/2019 2:21,30,NO CONTROLS,NO CONTROLS,CLEAR,DARKNESS,PARKED MOTOR VEHICLE,NOT DIVIDED,,STRAIGHT AND LEVEL,DRY,NO DEFECTS,NOT ON SCENE (DESK REPORT),NO INJURY / DRIVE AWAY,,,Y,"OVER $1,500",9/20/2019 13:58,UNABLE TO DETERMINE,NOT APPLICABLE,307,E,75TH ST,623,,,,,,,2,NO INDICATION OF INJURY,0,0,0,0,0,1,0,2,4,9,41.75824795,-87.61796718,POINT (-87.617967182621 41.758247950599)
JC435727,,9/11/2019 2:00,30,STOP SIGN/FLASHER,FUNCTIONING PROPERLY,UNKNOWN,UNKNOWN,PARKED MOTOR VEHICLE,ONE-WAY,,STRAIGHT AND LEVEL,UNKNOWN,UNKNOWN,NOT ON SCENE (DESK REPORT),NO INJURY / DRIVE AWAY,Y,,Y,"OVER $1,500",9/16/2019 14:30,UNABLE TO DETERMINE,NOT APPLICABLE,6159,S,TROY ST,823,,,,,,,2,NO INDICATION OF INJURY,0,0,0,0,0,1,0,2,4,9,41.78090075,-87.70182705,POINT (-87.70182705344 41.780900747081)
JC428357,,9/11/2019 1:54,30,NO CONTROLS,NO CONTROLS,CLEAR,"DARKNESS, LIGHTED ROAD",FIXED OBJECT,RAMP,,CURVE ON GRADE,DRY,UNKNOWN,ON SCENE,INJURY AND / OR TOW DUE TO CRASH,,,,"OVER $1,500",9/11/2019 1:54,UNABLE TO DETERMINE,UNABLE TO DETERMINE,460,S,LOWER WACKER RAMP DR,122,,,,,,,1,INCAPACITATING INJURY,1,0,1,0,0,0,0,1,4,9,41.87580398,-87.63610315,POINT (-87.636103149698 41.875803981094)
JC428347,,9/11/2019 1:11,10,NO CONTROLS,NO CONTROLS,CLEAR,"DARKNESS, LIGHTED ROAD",FIXED OBJECT,PARKING LOT,,STRAIGHT ON HILLCREST,DRY,NO DEFECTS,ON SCENE,INJURY AND / OR TOW DUE TO CRASH,,Y,,"OVER $1,500",9/11/2019 1:21,PHYSICAL CONDITION OF DRIVER,FAILING TO REDUCE SPEED TO AVOID CRASH,318,S,FEDERAL ST,113,,,,,,,1,NO INDICATION OF INJURY,0,0,0,0,0,1,0,1,4,9,41.87762624,-87.62986197,POINT (-87.629861971218 41.877626240947)
JC430011,,9/11/2019 1:00,30,NO CONTROLS,NO CONTROLS,CLEAR,DARKNESS,PARKED MOTOR VEHICLE,DIVIDED - W/MEDIAN (NOT RAISED),,STRAIGHT AND LEVEL,DRY,NO DEFECTS,NOT ON SCENE (DESK REPORT),NO INJURY / DRIVE AWAY,,,Y,"OVER $1,500",9/12/2019 10:24,UNABLE TO DETERMINE,UNABLE TO DETERMINE,8213,S,COTTAGE GROVE AVE,631,,,,,,,2,NO INDICATION OF INJURY,0,0,0,0,0,1,0,1,4,9,41.7453686,-87.60492504,POINT (-87.604925041257 41.745368600696)
JC428321,,9/11/2019 0:41,30,TRAFFIC SIGNAL,FUNCTIONING PROPERLY,CLEAR,"DARKNESS, LIGHTED ROAD",REAR END,UNKNOWN INTERSECTION TYPE,,STRAIGHT AND LEVEL,DRY,NO DEFECTS,ON SCENE,NO INJURY / DRIVE AWAY,Y,,Y,"$501 - $1,500",9/11/2019 0:43,FAILING TO YIELD RIGHT-OF-WAY,UNABLE TO DETERMINE,2258,W,CONGRESS PKWY,1225,,,,,,,2,NO INDICATION OF INJURY,0,0,0,0,0,3,0,0,4,9,41.87506857,-87.6837715,POINT (-87.683771502756 41.875068572389)
JC428323,,9/11/2019 0:35,35,NO CONTROLS,NO CONTROLS,CLEAR,"DARKNESS, LIGHTED ROAD",ANGLE,DIVIDED - W/MEDIAN (NOT RAISED),,STRAIGHT AND LEVEL,DRY,NO DEFECTS,ON SCENE,NO INJURY / DRIVE AWAY,,,Y,"$501 - $1,500",9/11/2019 0:45,IMPROPER TURNING/NO SIGNAL,UNABLE TO DETERMINE,9250,S,STONY ISLAND AVE,413,,,,,,,2,NO INDICATION OF INJURY,0,0,0,0,0,2,0,0,4,9,41.72635555,-87.58555149,POINT (-87.58555149267 41.726355546339)
JC428290,,9/10/2019 23:35,25,NO CONTROLS,NO CONTROLS,CLEAR,DARKNESS,PARKED MOTOR VEHICLE,ONE-WAY,,STRAIGHT AND LEVEL,DRY,NO DEFECTS,ON SCENE,NO INJURY / DRIVE AWAY,,,Y,"OVER $1,500",9/10/2019 23:36,IMPROPER LANE USAGE,NOT APPLICABLE,6948,S,EBERHART AVE,322,,,,,,,2,NO INDICATION OF INJURY,0,0,0,0,0,1,0,23,3,9,41.76814052,-87.61305157,POINT (-87.613051573768 41.768140518083)
JC428289,,9/10/2019 22:58,30,NO CONTROLS,NO CONTROLS,CLEAR,"DARKNESS, LIGHTED ROAD",ANGLE,FOUR WAY,,STRAIGHT AND LEVEL,DRY,NO DEFECTS,ON SCENE,NO INJURY / DRIVE AWAY,Y,,,"OVER $1,500",9/10/2019 23:00,FAILING TO YIELD RIGHT-OF-WAY,"VISION OBSCURED (SIGNS, TREE LIMBS, BUILDINGS, ETC.)",3500,N,ASHLAND AVE,1922,,,,,,,2,NO INDICATION OF INJURY,0,0,0,0,0,3,0,22,3,9,41.94525519,-87.66896382,POINT (-87.668963818529 41.945255189047)
JC428273,,9/10/2019 22:55,30,TRAFFIC SIGNAL,FUNCTIONING PROPERLY,CLEAR,"DARKNESS, LIGHTED ROAD",TURNING,FOUR WAY,,STRAIGHT AND LEVEL,DRY,NO DEFECTS,ON SCENE,NO INJURY / DRIVE AWAY,Y,,,"$501 - $1,500",9/10/2019 22:55,UNABLE TO DETERMINE,UNABLE TO DETERMINE,4001,W,OGDEN AVE,1013,,Y,,,,,2,NO INDICATION OF INJURY,0,0,0,0,0,3,0,22,3,9,41.85095796,-87.72477522,POINT (-87.724775223225 41.850957959368)
JC429024,,9/10/2019 22:30,25,TRAFFIC SIGNAL,FUNCTIONING PROPERLY,CLEAR,DARKNESS,TURNING,FOUR WAY,,STRAIGHT AND LEVEL,DRY,NO DEFECTS,NOT ON SCENE (DESK REPORT),NO INJURY / DRIVE AWAY,Y,,,"OVER $1,500",9/11/2019 15:23,IMPROPER TURNING/NO SIGNAL,NOT APPLICABLE,2100,W,TOUHY AVE,2411,,,,,,,2,NO INDICATION OF INJURY,0,0,0,0,0,2,0,22,3,9,42.01232755,-87.68315456,POINT (-87.68315455919 42.012327547727)
JC428271,,9/10/2019 22:30,30,TRAFFIC SIGNAL,FUNCTIONING PROPERLY,CLEAR,"DARKNESS, LIGHTED ROAD",REAR END,ONE-WAY,,STRAIGHT AND LEVEL,DRY,NO DEFECTS,NOT ON SCENE (DESK REPORT),NO INJURY / DRIVE AWAY,,,,"OVER $1,500",9/10/2019 22:50,UNABLE TO DETERMINE,UNABLE TO DETERMINE,3500,S,WENTWORTH AVE,915,,,,,,,2,NO INDICATION OF INJURY,0,0,0,0,0,2,0,22,3,9,41.83092244,-87.63165052,POINT (-87.631650518377 41.830922441769)
JC428264,,9/10/2019 22:30,35,STOP SIGN/FLASHER,UNKNOWN,CLEAR,"DARKNESS, LIGHTED ROAD",REAR END,NOT DIVIDED,,STRAIGHT AND LEVEL,DRY,NO DEFECTS,NOT ON SCENE (DESK REPORT),NO INJURY / DRIVE AWAY,,,,$500 OR LESS,9/10/2019 22:55,UNABLE TO DETERMINE,UNABLE TO DETERMINE,7500,S,STONY ISLAND AVE,411,,,,,,,2,NO INDICATION OF INJURY,0,0,0,0,0,2,0,22,3,9,41.75871547,-87.58628097,POINT (-87.586280964844 41.758715466706)
JC428254,,9/10/2019 22:25,30,TRAFFIC SIGNAL,FUNCTIONING PROPERLY,CLEAR,DARKNESS,TURNING,FOUR WAY,,STRAIGHT AND LEVEL,DRY,NO DEFECTS,NOT ON SCENE (DESK REPORT),NO INJURY / DRIVE AWAY,Y,,Y,"OVER $1,500",9/10/2019 22:50,FAILING TO YIELD RIGHT-OF-WAY,FAILING TO YIELD RIGHT-OF-WAY,2001,N,HALSTED ST,1812,,,,,,,2,NO INDICATION OF INJURY,0,0,0,0,0,2,0,22,3,9,41.91827386,-87.64836582,POINT (-87.648365815685 41.91827386142)
JC428242,,9/10/2019 22:17,30,NO CONTROLS,NO CONTROLS,CLEAR,"DARKNESS, LIGHTED ROAD",PARKED MOTOR VEHICLE,RAMP,,CURVE ON HILLCREST,DRY,NO DEFECTS,ON SCENE,NO INJURY / DRIVE AWAY,,,,"OVER $1,500",9/10/2019 22:23,IMPROPER BACKING,UNABLE TO DETERMINE,655,W,IRVING PARK RD,1925,Y,,,,,,2,NO INDICATION OF INJURY,0,0,0,0,0,1,0,22,3,9,41.95449396,-87.64724433,POINT (-87.647244331225 41.954493955562)
JC429312,,9/10/2019 22:10,30,NO CONTROLS,NO CONTROLS,CLEAR,DAYLIGHT,TURNING,NOT DIVIDED,,STRAIGHT AND LEVEL,DRY,NO DEFECTS,NOT ON SCENE (DESK REPORT),NO INJURY / DRIVE AWAY,,,Y,"OVER $1,500",9/11/2019 18:09,FAILING TO YIELD RIGHT-OF-WAY,DRIVING SKILLS/KNOWLEDGE/EXPERIENCE,4700,S,CALIFORNIA AVE,922,,,,,,,2,NO INDICATION OF INJURY,0,0,0,0,0,2,0,22,3,9,41.80821705,-87.69435004,POINT (-87.694350034906 41.808217051245)
JC428248,,9/10/2019 22:10,30,NO CONTROLS,NO CONTROLS,CLEAR,"DARKNESS, LIGHTED ROAD",PARKED MOTOR VEHICLE,NOT DIVIDED,,STRAIGHT AND LEVEL,DRY,NO DEFECTS,ON SCENE,INJURY AND / OR TOW DUE TO CRASH,,,N,"OVER $1,500",9/10/2019 22:13,UNABLE TO DETERMINE,NOT APPLICABLE,898,W,VAN BUREN ST,1232,,,,,,,3,NONINCAPACITATING INJURY,1,0,0,1,0,0,0,22,3,9,41.87674766,-87.64951215,POINT (-87.649512152103 41.8767476624)
JC428278,,9/10/2019 22:02,30,NO CONTROLS,NO CONTROLS,CLEAR,"DARKNESS, LIGHTED ROAD",REAR END,NOT DIVIDED,,STRAIGHT AND LEVEL,DRY,OTHER,NOT ON SCENE (DESK REPORT),NO INJURY / DRIVE AWAY,,,Y,"$501 - $1,500",9/10/2019 22:30,FOLLOWING TOO CLOSELY,UNABLE TO DETERMINE,1650,E,95TH ST,413,,,,,,,,,,,,,,,,22,3,9,41.72248103,-87.5830762,POINT (-87.583076201168 41.722481032243)
JC428215,,9/10/2019 21:40,30,NO CONTROLS,NO CONTROLS,CLEAR,DARKNESS,REAR TO FRONT,NOT DIVIDED,,STRAIGHT AND LEVEL,DRY,NO DEFECTS,NOT ON SCENE (DESK REPORT),NO INJURY / DRIVE AWAY,,,,$500 OR LESS,9/10/2019 21:40,DISTRACTION - FROM OUTSIDE VEHICLE,NOT APPLICABLE,7908,S,HALSTED ST,621,,,,,,,2,NO INDICATION OF INJURY,0,0,0,0,0,5,0,21,3,9,41.75032239,-87.64418241,POINT (-87.644182406058 41.750322387408)
JC428201,,9/10/2019 21:25,30,TRAFFIC SIGNAL,FUNCTIONING PROPERLY,CLEAR,"DARKNESS, LIGHTED ROAD",PEDESTRIAN,UNKNOWN INTERSECTION TYPE,,STRAIGHT AND LEVEL,DRY,NO DEFECTS,ON SCENE,INJURY AND / OR TOW DUE TO CRASH,Y,,,"OVER $1,500",9/10/2019 21:31,UNABLE TO DETERMINE,NOT APPLICABLE,5941,N,CLARK ST,2013,,Y,,,,,2,"REPORTED, NOT EVIDENT",1,0,0,0,1,1,0,21,3,9,41.98963786,-87.66983395,POINT (-87.66983395067 41.989637856211)
JC428203,,9/10/2019 21:07,30,NO CONTROLS,NO CONTROLS,CLEAR,"DARKNESS, LIGHTED ROAD",PARKED MOTOR VEHICLE,DIVIDED - W/MEDIAN (NOT RAISED),,STRAIGHT ON HILLCREST,DRY,NO DEFECTS,ON SCENE,INJURY AND / OR TOW DUE TO CRASH,,,Y,"OVER $1,500",9/10/2019 21:15,UNABLE TO DETERMINE,UNABLE TO DETERMINE,2840,W,LAWRENCE AVE,2031,,,,,,,2,NO INDICATION OF INJURY,0,0,0,0,0,1,0,21,3,9,41.96863185,-87.70032876,POINT (-87.70032876048 41.968631849043)
JC428186,,9/10/2019 21:05,30,NO CONTROLS,NO CONTROLS,CLEAR,"DARKNESS, LIGHTED ROAD",HEAD ON,NOT DIVIDED,,STRAIGHT AND LEVEL,DRY,NO DEFECTS,ON SCENE,INJURY AND / OR TOW DUE TO CRASH,Y,,,"OVER $1,500",9/10/2019 21:10,FAILING TO YIELD RIGHT-OF-WAY,FAILING TO YIELD RIGHT-OF-WAY,5859,W,BRYN MAWR AVE,1622,,,,,,,2,NO INDICATION OF INJURY,0,0,0,0,0,2,0,21,3,9,41.98280322,-87.77554875,POINT (-87.775548752787 41.982803217306)
JC429247,,9/10/2019 21:00,30,TRAFFIC SIGNAL,FUNCTIONING PROPERLY,CLEAR,"DARKNESS, LIGHTED ROAD",REAR END,DIVIDED - W/MEDIAN (NOT RAISED),,STRAIGHT ON GRADE,DRY,NO DEFECTS,NOT ON SCENE (DESK REPORT),INJURY AND / OR TOW DUE TO CRASH,Y,,,"OVER $1,500",9/11/2019 17:00,FOLLOWING TOO CLOSELY,UNABLE TO DETERMINE,1143,W,99TH ST,2232,,,,,,,2,"REPORTED, NOT EVIDENT",2,0,0,0,2,1,0,21,3,9,41.71400925,-87.65205267,POINT (-87.652052670796 41.714009248751)
JC437833,,9/10/2019 20:50,30,NO CONTROLS,NO CONTROLS,CLEAR,"DARKNESS, LIGHTED ROAD",SIDESWIPE SAME DIRECTION,NOT DIVIDED,,STRAIGHT AND LEVEL,DRY,WORN SURFACE,NOT ON SCENE (DESK REPORT),NO INJURY / DRIVE AWAY,,,N,"OVER $1,500",9/17/2019 22:36,IMPROPER OVERTAKING/PASSING,FAILING TO REDUCE SPEED TO AVOID CRASH,214,W,71ST ST,731,,N,,,,,2,NO INDICATION OF INJURY,0,0,0,0,0,2,0,20,3,9,41.76553459,-87.6304317,POINT (-87.630431702778 41.765534588646)
JC428255,,9/10/2019 20:45,30,STOP SIGN/FLASHER,FUNCTIONING PROPERLY,CLEAR,"DARKNESS, LIGHTED ROAD",ANGLE,FOUR WAY,,STRAIGHT AND LEVEL,DRY,NO DEFECTS,ON SCENE,INJURY AND / OR TOW DUE TO CRASH,Y,,,"OVER $1,500",9/10/2019 22:10,DISREGARDING STOP SIGN,FAILING TO REDUCE SPEED TO AVOID CRASH,200,N,RACINE AVE,1215,,,,,,,2,NO INDICATION OF INJURY,0,0,0,0,0,2,0,20,3,9,41.88555753,-87.65695052,POINT (-87.656950521081 41.885557534374)
JC428159,,9/10/2019 20:37,40,NO CONTROLS,FUNCTIONING PROPERLY,CLEAR,DARKNESS,TURNING,DIVIDED - W/MEDIAN (NOT RAISED),,STRAIGHT AND LEVEL,DRY,NO DEFECTS,ON SCENE,INJURY AND / OR TOW DUE TO CRASH,Y,,,"OVER $1,500",9/10/2019 20:40,IMPROPER OVERTAKING/PASSING,IMPROPER OVERTAKING/PASSING,2629,E,130TH ST,434,,,,,,,2,NO INDICATION OF INJURY,0,0,0,0,0,2,0,20,3,9,41.65907608,-87.5593648,POINT (-87.559364801272 41.659076074599)
JC428171,,9/10/2019 20:30,30,NO CONTROLS,UNKNOWN,CLEAR,"DARKNESS, LIGHTED ROAD",SIDESWIPE SAME DIRECTION,DIVIDED - W/MEDIAN (NOT RAISED),,STRAIGHT AND LEVEL,DRY,UNKNOWN,NOT ON SCENE (DESK REPORT),NO INJURY / DRIVE AWAY,,,,"OVER $1,500",9/10/2019 21:00,FOLLOWING TOO CLOSELY,UNABLE TO DETERMINE,7233,W,TOUHY AVE,1611,,,,,,,2,NO INDICATION OF INJURY,0,0,0,0,0,3,0,20,3,9,42.01157363,-87.80798744,POINT (-87.807987435752 42.011573631788)
JC428135,,9/10/2019 20:25,30,UNKNOWN,UNKNOWN,CLEAR,DARKNESS,REAR END,NOT DIVIDED,,STRAIGHT AND LEVEL,DRY,UNKNOWN,NOT ON SCENE (DESK REPORT),NO INJURY / DRIVE AWAY,,,Y,"$501 - $1,500",9/10/2019 20:45,UNABLE TO DETERMINE,NOT APPLICABLE,6300,S,EMERALD DR,723,,,,,,,2,NO INDICATION OF INJURY,0,0,0,0,0,2,0,20,3,9,41.77966949,-87.64379717,POINT (-87.643797165506 41.779669488376)
JC428136,,9/10/2019 20:20,30,NO CONTROLS,NO CONTROLS,CLEAR,"DARKNESS, LIGHTED ROAD",TURNING,DIVIDED - W/MEDIAN (NOT RAISED),,STRAIGHT AND LEVEL,DRY,NO DEFECTS,ON SCENE,NO INJURY / DRIVE AWAY,Y,,Y,"OVER $1,500",9/10/2019 20:25,FAILING TO YIELD RIGHT-OF-WAY,NOT APPLICABLE,8501,S,CICERO AVE,834,,,,,,,2,NO INDICATION OF INJURY,0,0,0,0,0,3,0,20,3,9,41.73814087,-87.74082688,POINT (-87.740826882687 41.738140866662)