RD_NO,CRASH_DATE_EST_I,CRASH_DATE,POSTED_SPEED_LIMIT,TRAFFIC_CONTROL_DEVICE,DEVICE_CONDITION,WEATHER_CONDITION,LIGHTING_CONDITION,FIRST_CRASH_TYPE,TRAFFICWAY_TYPE,LANE_CNT,ALIGNMENT,ROADWAY_SURFACE_COND,ROAD_DEFECT,REPORT_TYPE,CRASH_TYPE,INTERSECTION_RELATED_I,NOT_RIGHT_OF_WAY_I,HIT_AND_RUN_I,DAMAGE,DATE_POLICE_NOTIFIED,PRIM_CONTRIBUTORY_CAUSE,SEC_CONTRIBUTORY_CAUSE,STREET_NO,STREET_DIRECTION,STREET_NAME,BEAT_OF_OCCURRENCE,PHOTOS_TAKEN_I,STATEMENTS_TAKEN_I,DOORING_I,WORK_ZONE_I,WORK_ZONE_TYPE,WORKERS_PRESENT_I,NUM_UNITS,MOST_SEVERE_INJURY,INJURIES_TOTAL,INJURIES_FATAL,INJURIES_INCAPACITATING,INJURIES_NON_INCAPACITATING,INJURIES_REPORTED_NOT_EVIDENT,INJURIES_NO_INDICATION,INJURIES_UNKNOWN,CRASH_HOUR,CRASH_DAY_OF_WEEK,CRASH_MONTH,LATITUDE,LONGITUDE,LOCATION
JC428163,,9/10/2019 20:15,30,TRAFFIC SIGNAL,FUNCTIONING PROPERLY,CLEAR,"DARKNESS, LIGHTED ROAD",REAR END,NOT DIVIDED,,STRAIGHT AND LEVEL,DRY,NO DEFECTS,ON SCENE,NO INJURY / DRIVE AWAY,Y,,,"OVER $1,500",9/10/2019 21:08,FAILING TO REDUCE SPEED TO AVOID CRASH,FOLLOWING TOO CLOSELY,5611,W,MONTROSE AVE,1624,,,,,,,2,NO INDICATION OF INJURY,0,0,0,0,0,2,0,20,3,9,41.96036927,-87.76769569,POINT (-87.767695692705 41.960369269395)
JC428280,,9/10/2019 20:07,30,TRAFFIC SIGNAL,FUNCTIONING PROPERLY,CLEAR,"DARKNESS, LIGHTED ROAD",TURNING,FOUR WAY,,STRAIGHT AND LEVEL,DRY,NO DEFECTS,NOT ON SCENE (DESK REPORT),INJURY AND / OR TOW DUE TO CRASH,Y,,Y,"OVER $1,500",9/10/2019 23:20,FAILING TO YIELD RIGHT-OF-WAY,FAILING TO YIELD RIGHT-OF-WAY,6000,S,DR MARTIN LUTHER KING JR DR,311,,,,,,,2,NONINCAPACITATING INJURY,1,0,0,1,0,3,0,20,3,9,41.7856061,-87.61590388,POINT (-87.615903876604 41.785606097064)
JC428121,,9/10/2019 20:04,30,NO CONTROLS,NO CONTROLS,CLEAR,"DARKNESS, LIGHTED ROAD",ANIMAL,ONE-WAY,,STRAIGHT AND LEVEL,DRY,NO DEFECTS,ON SCENE,NO INJURY / DRIVE AWAY,,,Y,$500 OR LESS,9/10/2019 20:06,ANIMAL,ANIMAL,2409,W,HIRSCH ST,1423,,,,,,,2,NO INDICATION OF INJURY,0,0,0,0,0,3,0,20,3,9,41.90655392,-87.68750023,POINT (-87.687500233647 41.906553916318)
JC428217,,9/10/2019 20:00,30,NO CONTROLS,NO CONTROLS,CLEAR,"DARKNESS, LIGHTED ROAD",PEDESTRIAN,DIVIDED - W/MEDIAN (NOT RAISED),,STRAIGHT AND LEVEL,DRY,NO DEFECTS,NOT ON SCENE (DESK REPORT),INJURY AND / OR TOW DUE TO CRASH,Y,,N,"$501 - $1,500",9/10/2019 21:30,FAILING TO YIELD RIGHT-OF-WAY,FAILING TO REDUCE SPEED TO AVOID CRASH,8952,S,ASHLAND AVE,2221,,,,,,,2,NONINCAPACITATING INJURY,1,0,0,1,0,1,0,20,3,9,41.73054029,-87.66305614,POINT (-87.663056135952 41.730540292383)
JC428162,,9/10/2019 20:00,20,NO CONTROLS,NO CONTROLS,CLEAR,DAYLIGHT,PARKED MOTOR VEHICLE,NOT DIVIDED,,STRAIGHT AND LEVEL,DRY,NO DEFECTS,NOT ON SCENE (DESK REPORT),NO INJURY / DRIVE AWAY,,,Y,$500 OR LESS,9/10/2019 20:49,UNABLE TO DETERMINE,UNABLE TO DETERMINE,4039,N,KEDVALE AVE,1722,,,,,,,2,NO INDICATION OF INJURY,0,0,0,0,0,1,0,20,3,9,41.95493721,-87.73073104,POINT (-87.730731043573 41.954937207373)
JC428151,,9/10/2019 20:00,30,NO CONTROLS,NO CONTROLS,CLEAR,"DARKNESS, LIGHTED ROAD",SIDESWIPE SAME DIRECTION,DIVIDED - W/MEDIAN BARRIER,,STRAIGHT AND LEVEL,DRY,NO DEFECTS,NOT ON SCENE (DESK REPORT),NO INJURY / DRIVE AWAY,,,,"OVER $1,500",9/10/2019 20:40,UNABLE TO DETERMINE,NOT APPLICABLE,123,E,CERMAK RD,132,,,,,,,2,NO INDICATION OF INJURY,0,0,0,0,0,3,0,20,3,9,41.85277416,-87.62275885,POINT (-87.622758847071 41.852774162945)
JC428144,,9/10/2019 19:59,30,TRAFFIC SIGNAL,FUNCTIONING PROPERLY,CLEAR,DUSK,REAR END,NOT DIVIDED,,STRAIGHT AND LEVEL,DRY,NO DEFECTS,NOT ON SCENE (DESK REPORT),NO INJURY / DRIVE AWAY,,,,"$501 - $1,500",9/10/2019 20:40,FOLLOWING TOO CLOSELY,FOLLOWING TOO CLOSELY,5601,S,HARLEM AVE,811,,,,,,,2,NO INDICATION OF INJURY,0,0,0,0,0,5,0,19,3,9,41.79004397,-87.8013004,POINT (-87.801300394739 41.790043968552)
JC428158,,9/10/2019 19:58,30,NO CONTROLS,NO CONTROLS,CLEAR,"DARKNESS, LIGHTED ROAD",ANGLE,NOT DIVIDED,,STRAIGHT AND LEVEL,DRY,NO DEFECTS,ON SCENE,INJURY AND / OR TOW DUE TO CRASH,,,,"OVER $1,500",9/10/2019 20:44,FAILING TO YIELD RIGHT-OF-WAY,NOT APPLICABLE,500,W,FULLERTON PKWY,1935,,,,,,,2,NO INDICATION OF INJURY,0,0,0,0,0,2,0,19,3,9,41.92567796,-87.64156717,POINT (-87.64156716616 41.925677963681)
JC428116,,9/10/2019 19:48,25,TRAFFIC SIGNAL,FUNCTIONING PROPERLY,CLEAR,"DARKNESS, LIGHTED ROAD",ANGLE,FOUR WAY,,STRAIGHT AND LEVEL,DRY,NO DEFECTS,ON SCENE,INJURY AND / OR TOW DUE TO CRASH,Y,,,"OVER $1,500",9/10/2019 19:51,DISREGARDING TRAFFIC SIGNALS,NOT APPLICABLE,6300,S,COTTAGE GROVE AVE,312,,,,,,,2,NO INDICATION OF INJURY,0,0,0,0,0,3,0,19,3,9,41.78031747,-87.60607456,POINT (-87.606074558366 41.78031747049)
JC428928,,9/10/2019 19:45,30,UNKNOWN,FUNCTIONING PROPERLY,CLEAR,DAWN,PEDALCYCLIST,NOT DIVIDED,,STRAIGHT AND LEVEL,DRY,NO DEFECTS,NOT ON SCENE (DESK REPORT),INJURY AND / OR TOW DUE TO CRASH,,,,"OVER $1,500",9/11/2019 13:55,UNABLE TO DETERMINE,NOT APPLICABLE,1331,N,MILWAUKEE AVE,1433,,,Y,,,,2,NONINCAPACITATING INJURY,1,0,0,1,0,0,0,19,3,9,41.90612879,-87.67059339,POINT (-87.670593388123 41.906128794398)
JC433212,,9/10/2019 19:30,20,NO CONTROLS,NO CONTROLS,CLEAR,UNKNOWN,REAR END,PARKING LOT,,STRAIGHT AND LEVEL,DRY,NO DEFECTS,NOT ON SCENE (DESK REPORT),NO INJURY / DRIVE AWAY,,,,"$501 - $1,500",9/14/2019 15:00,UNABLE TO DETERMINE,NOT APPLICABLE,2939,W,ADDISON ST,1733,,,,,,,2,NO INDICATION OF INJURY,0,0,0,0,0,2,0,19,3,9,41.94653898,-87.70208489,POINT (-87.702084886142 41.946538982968)
JC428124,,9/10/2019 19:30,30,TRAFFIC SIGNAL,FUNCTIONING PROPERLY,CLEAR,"DARKNESS, LIGHTED ROAD",REAR END,ONE-WAY,,STRAIGHT AND LEVEL,DRY,NO DEFECTS,NOT ON SCENE (DESK REPORT),NO INJURY / DRIVE AWAY,Y,,Y,$500 OR LESS,9/10/2019 20:15,UNABLE TO DETERMINE,NOT APPLICABLE,120,E,CHESTNUT ST,1833,,,,,,,2,NO INDICATION OF INJURY,0,0,0,0,0,2,0,19,3,9,41.89848629,-87.62477684,POINT (-87.624776839488 41.898486286246)
JC428117,,9/10/2019 19:30,30,NO CONTROLS,NO CONTROLS,CLEAR,DAWN,ANIMAL,ONE-WAY,,STRAIGHT AND LEVEL,DRY,NO DEFECTS,ON SCENE,NO INJURY / DRIVE AWAY,,,Y,$500 OR LESS,9/10/2019 20:09,ANIMAL,UNABLE TO DETERMINE,3350,N,KILDARE AVE,1731,,,,,,,1,NO INDICATION OF INJURY,0,0,0,0,0,1,0,19,3,9,41.94235445,-87.73481688,POINT (-87.734816878344 41.942354446967)
JC428075,,9/10/2019 19:15,30,NO CONTROLS,NO CONTROLS,CLEAR,DUSK,FIXED OBJECT,OTHER,,STRAIGHT AND LEVEL,DRY,NO DEFECTS,ON SCENE,NO INJURY / DRIVE AWAY,,Y,Y,"OVER $1,500",9/10/2019 19:15,FAILING TO REDUCE SPEED TO AVOID CRASH,NOT APPLICABLE,3949,W,FILLMORE ST,1132,,,,,,,1,NO INDICATION OF INJURY,0,0,0,0,0,2,0,19,3,9,41.86788816,-87.72474023,POINT (-87.724740224992 41.867888164244)
JC428056,,9/10/2019 19:15,30,TRAFFIC SIGNAL,FUNCTIONING PROPERLY,CLEAR,DUSK,SIDESWIPE SAME DIRECTION,DIVIDED - W/MEDIAN (NOT RAISED),,STRAIGHT AND LEVEL,DRY,UNKNOWN,NOT ON SCENE (DESK REPORT),NO INJURY / DRIVE AWAY,Y,,,"OVER $1,500",9/10/2019 19:35,UNABLE TO DETERMINE,NOT APPLICABLE,5200,N,DAMEN AVE,2012,,,,,,,2,NO INDICATION OF INJURY,0,0,0,0,0,2,0,19,3,9,41.97607494,-87.67955246,POINT (-87.679552456208 41.976074934899)
JC428050,,9/10/2019 19:00,30,NO CONTROLS,NO CONTROLS,CLEAR,DAYLIGHT,PARKED MOTOR VEHICLE,ONE-WAY,,STRAIGHT AND LEVEL,DRY,NO DEFECTS,ON SCENE,NO INJURY / DRIVE AWAY,,,,"$501 - $1,500",9/10/2019 19:01,NOT APPLICABLE,NOT APPLICABLE,1512,W,FARGO AVE,2422,,,,,,,2,NO INDICATION OF INJURY,0,0,0,0,0,1,0,19,3,9,42.01721933,-87.66873408,POINT (-87.668734075261 42.017219331329)
JC428100,,9/10/2019 18:59,30,NO CONTROLS,NO CONTROLS,CLEAR,DUSK,SIDESWIPE SAME DIRECTION,NOT DIVIDED,,STRAIGHT AND LEVEL,DRY,NO DEFECTS,ON SCENE,INJURY AND / OR TOW DUE TO CRASH,,,,"$501 - $1,500",9/10/2019 19:57,UNABLE TO DETERMINE,UNABLE TO DETERMINE,3453,N,ELSTON AVE,1733,,,,,,,2,NO INDICATION OF INJURY,0,0,0,0,0,2,0,18,3,9,41.94391009,-87.70467194,POINT (-87.704671938032 41.943910092161)
JC428034,,9/10/2019 18:54,30,TRAFFIC SIGNAL,FUNCTIONING PROPERLY,CLEAR,DAYLIGHT,PEDALCYCLIST,UNKNOWN INTERSECTION TYPE,,STRAIGHT AND LEVEL,DRY,NO DEFECTS,ON SCENE,INJURY AND / OR TOW DUE TO CRASH,Y,,,"$501 - $1,500",9/10/2019 18:54,UNABLE TO DETERMINE,NOT APPLICABLE,3200,W,AINSLIE ST,1713,,,,,,,2,"REPORTED, NOT EVIDENT",1,0,0,0,1,1,0,18,3,9,41.97038125,-87.70859101,POINT (-87.708591010411 41.97038124761)
JC428086,,9/10/2019 18:49,20,NO CONTROLS,NO CONTROLS,CLEAR,DARKNESS,PARKED MOTOR VEHICLE,NOT DIVIDED,,STRAIGHT AND LEVEL,DRY,NO DEFECTS,ON SCENE,NO INJURY / DRIVE AWAY,,,,"OVER $1,500",9/10/2019 18:49,FOLLOWING TOO CLOSELY,NOT APPLICABLE,7329,W,GRACE ST,1631,,,,,,,2,,,,,,,,,18,3,9,41.94871827,-87.81071682,POINT (-87.81071682065 41.9487182689)
JC428070,,9/10/2019 18:45,30,NO CONTROLS,NO CONTROLS,CLEAR,"DARKNESS, LIGHTED ROAD",PARKED MOTOR VEHICLE,NOT DIVIDED,,STRAIGHT AND LEVEL,DRY,NO DEFECTS,NOT ON SCENE (DESK REPORT),NO INJURY / DRIVE AWAY,,,,"OVER $1,500",9/10/2019 19:45,UNABLE TO DETERMINE,NOT APPLICABLE,697,N,LAKE SHORE DR,1834,,,,,,,2,NO INDICATION OF INJURY,0,0,0,0,0,3,0,18,3,9,41.89508978,-87.61572764,POINT (-87.615727642505 41.895089780555)
JC437676,,9/10/2019 18:42,30,NO CONTROLS,UNKNOWN,CLEAR,DAYLIGHT,PARKED MOTOR VEHICLE,ONE-WAY,,STRAIGHT AND LEVEL,DRY,UNKNOWN,NOT ON SCENE (DESK REPORT),NO INJURY / DRIVE AWAY,,,,"$501 - $1,500",9/17/2019 19:30,IMPROPER BACKING,IMPROPER BACKING,7429,S,LUELLA AVE,333,,,,,,,2,NO INDICATION OF INJURY,0,0,0,0,0,1,0,18,3,9,41.7598865,-87.56988561,POINT (-87.569885610432 41.759886499581)
JC428102,,9/10/2019 18:40,30,NO CONTROLS,NO CONTROLS,CLEAR,DAYLIGHT,SIDESWIPE OPPOSITE DIRECTION,ONE-WAY,,STRAIGHT AND LEVEL,DRY,NO DEFECTS,NOT ON SCENE (DESK REPORT),NO INJURY / DRIVE AWAY,,,,"$501 - $1,500",9/10/2019 20:10,IMPROPER BACKING,NOT APPLICABLE,1620,N,LOWELL AVE,2534,,,,,,,2,NO INDICATION OF INJURY,0,0,0,0,0,2,0,18,3,9,41.9104282,-87.73504164,POINT (-87.735041642005 41.910428196312)
JC433374,,9/10/2019 18:35,30,TRAFFIC SIGNAL,UNKNOWN,CLEAR,DAYLIGHT,REAR TO FRONT,FOUR WAY,,STRAIGHT AND LEVEL,UNKNOWN,UNKNOWN,NOT ON SCENE (DESK REPORT),NO INJURY / DRIVE AWAY,,,,"OVER $1,500",9/14/2019 17:20,UNABLE TO DETERMINE,UNABLE TO DETERMINE,3299,N,ASHLAND AVE,1922,,,,,,,2,NO INDICATION OF INJURY,0,0,0,0,0,3,0,18,3,9,41.94147999,-87.66856376,POINT (-87.668563760536 41.941479992397)
JC428010,,9/10/2019 18:35,30,NO CONTROLS,NO CONTROLS,CLEAR,DUSK,ANGLE,FOUR WAY,,STRAIGHT AND LEVEL,DRY,NO DEFECTS,ON SCENE,NO INJURY / DRIVE AWAY,Y,,,"OVER $1,500",9/10/2019 18:44,IMPROPER LANE USAGE,FAILING TO REDUCE SPEED TO AVOID CRASH,59,E,87TH ST,632,,,,,,,2,NO INDICATION OF INJURY,0,0,0,0,0,3,0,18,3,9,41.73628396,-87.62188423,POINT (-87.621884226898 41.736283954671)
JC427990,,9/10/2019 18:35,30,TRAFFIC SIGNAL,FUNCTIONING PROPERLY,CLEAR,DAYLIGHT,REAR END,DIVIDED - W/MEDIAN BARRIER,,STRAIGHT AND LEVEL,DRY,NO DEFECTS,ON SCENE,NO INJURY / DRIVE AWAY,N,,,"OVER $1,500",9/10/2019 18:39,FOLLOWING TOO CLOSELY,NOT APPLICABLE,9501,S,HALSTED ST,2223,,,,,,,2,NO INDICATION OF INJURY,0,0,0,0,0,2,0,18,3,9,41.72136882,-87.64306505,POINT (-87.643065051892 41.721368822306)
JC428182,,9/10/2019 18:30,30,NO CONTROLS,NO CONTROLS,CLEAR,DAYLIGHT,REAR END,NOT DIVIDED,,STRAIGHT AND LEVEL,DRY,NO DEFECTS,NOT ON SCENE (DESK REPORT),NO INJURY / DRIVE AWAY,,,,"$501 - $1,500",9/10/2019 21:15,UNABLE TO DETERMINE,UNABLE TO DETERMINE,6341,N,KEDZIE AVE,2413,,,,,,,2,NO INDICATION OF INJURY,0,0,0,0,0,2,0,18,3,9,41.99680844,-87.70918538,POINT (-87.709185382235 41.996808440559)
JC428087,,9/10/2019 18:25,30,TRAFFIC SIGNAL,FUNCTIONING PROPERLY,CLEAR,DUSK,TURNING,DIVIDED - W/MEDIAN (NOT RAISED),,STRAIGHT AND LEVEL,DRY,NO DEFECTS,NOT ON SCENE (DESK REPORT),NO INJURY / DRIVE AWAY,Y,,Y,"$501 - $1,500",9/10/2019 19:58,UNABLE TO DETERMINE,NOT APPLICABLE,1,N,LA SALLE ST,122,,,,,,,2,NO INDICATION OF INJURY,0,0,0,0,0,2,0,18,3,9,41.88199007,-87.63221288,POINT (-87.632212875914 41.881990073783)
JC427978,,9/10/2019 18:25,30,NO CONTROLS,NO CONTROLS,CLEAR,DAYLIGHT,REAR END,NOT DIVIDED,,STRAIGHT AND LEVEL,DRY,NO DEFECTS,ON SCENE,NO INJURY / DRIVE AWAY,,,Y,"OVER $1,500",9/10/2019 18:31,UNABLE TO DETERMINE,NOT APPLICABLE,175,N,HARBOR DR,114,,,,,,,2,NO INDICATION OF INJURY,0,0,0,0,0,2,0,18,3,9,41.88566389,-87.61562501,POINT (-87.615625007948 41.885663892016)
JC427985,,9/10/2019 18:23,30,STOP SIGN/FLASHER,NO CONTROLS,CLEAR,DUSK,HEAD ON,NOT DIVIDED,,STRAIGHT AND LEVEL,DRY,NO DEFECTS,NOT ON SCENE (DESK REPORT),INJURY AND / OR TOW DUE TO CRASH,,,,"OVER $1,500",9/10/2019 18:23,PHYSICAL CONDITION OF DRIVER,FAILING TO REDUCE SPEED TO AVOID CRASH,3654,N,KIMBALL AVE,1732,,,,,,,2,NONINCAPACITATING INJURY,1,0,0,1,0,1,0,18,3,9,41.94818516,-87.71290789,POINT (-87.712907890352 41.948185161587)
JC427957,,9/10/2019 18:15,30,TRAFFIC SIGNAL,FUNCTIONING PROPERLY,CLEAR,DAYLIGHT,REAR END,NOT DIVIDED,,STRAIGHT AND LEVEL,DRY,NO DEFECTS,NOT ON SCENE (DESK REPORT),NO INJURY / DRIVE AWAY,,,,"OVER $1,500",9/10/2019 18:45,FOLLOWING TOO CLOSELY,NOT APPLICABLE,10158,S,WESTERN AVE,2211,,,,,,,2,NO INDICATION OF INJURY,0,0,0,0,0,4,0,18,3,9,41.70834239,-87.68182722,POINT (-87.681827224047 41.708342390567)
JC427953,,9/10/2019 18:13,30,TRAFFIC SIGNAL,FUNCTIONING PROPERLY,CLEAR,DAYLIGHT,SIDESWIPE SAME DIRECTION,DIVIDED - W/MEDIAN (NOT RAISED),,STRAIGHT AND LEVEL,DRY,NO DEFECTS,ON SCENE,NO INJURY / DRIVE AWAY,,,Y,"OVER $1,500",9/10/2019 18:14,DRIVING ON WRONG SIDE/WRONG WAY,"OPERATING VEHICLE IN ERRATIC, RECKLESS, CARELESS, NEGLIGENT OR AGGRESSIVE MANNER",398,E,CHICAGO AVE,1833,,,,,,,2,NO INDICATION OF INJURY,0,0,0,0,0,2,0,18,3,9,41.89694425,-87.61721675,POINT (-87.617216744579 41.896944253279)
JC428183,,9/10/2019 18:00,30,TRAFFIC SIGNAL,UNKNOWN,CLEAR,DAYLIGHT,PEDALCYCLIST,NOT DIVIDED,,STRAIGHT AND LEVEL,DRY,NO DEFECTS,NOT ON SCENE (DESK REPORT),INJURY AND / OR TOW DUE TO CRASH,Y,,Y,$500 OR LESS,9/10/2019 20:33,UNABLE TO DETERMINE,NOT APPLICABLE,2000,W,JACKSON BLVD,1225,,,,,,,2,NONINCAPACITATING INJURY,1,0,0,1,0,1,0,18,3,9,41.87759053,-87.67659912,POINT (-87.676599116599 41.877590532768)
JC428001,,9/10/2019 18:00,30,NO CONTROLS,NO CONTROLS,CLEAR,DUSK,ANGLE,NOT DIVIDED,,STRAIGHT AND LEVEL,DRY,NO DEFECTS,NOT ON SCENE (DESK REPORT),NO INJURY / DRIVE AWAY,Y,,,"$501 - $1,500",9/10/2019 19:01,FAILING TO YIELD RIGHT-OF-WAY,FAILING TO REDUCE SPEED TO AVOID CRASH,5630,W,DIVISION ST,2531,,,,,,,2,NO INDICATION OF INJURY,0,0,0,0,0,2,0,18,3,9,41.90223624,-87.76680922,POINT (-87.76680922424 41.902236236579)
JC427982,,9/10/2019 17:43,30,NO CONTROLS,NO CONTROLS,CLEAR,DAYLIGHT,OTHER OBJECT,NOT DIVIDED,,STRAIGHT AND LEVEL,DRY,NO DEFECTS,NOT ON SCENE (DESK REPORT),INJURY AND / OR TOW DUE TO CRASH,,,,"OVER $1,500",9/10/2019 17:47,UNABLE TO DETERMINE,UNABLE TO DETERMINE,201,W,PERSHING RD,925,,,,,,,1,NONINCAPACITATING INJURY,1,0,0,1,0,3,0,17,3,9,41.82353482,-87.63139661,POINT (-87.631396607253 41.823534817204)
JC427918,,9/10/2019 17:35,30,NO CONTROLS,NO CONTROLS,CLEAR,DAYLIGHT,PARKED MOTOR VEHICLE,PARKING LOT,,STRAIGHT AND LEVEL,DRY,NO DEFECTS,ON SCENE,NO INJURY / DRIVE AWAY,,,Y,"$501 - $1,500",9/10/2019 17:37,DRIVING SKILLS/KNOWLEDGE/EXPERIENCE,NOT APPLICABLE,7601,S,ASHLAND AVE,612,,,,,,,2,NO INDICATION OF INJURY,0,0,0,0,0,1,0,17,3,9,41.75572621,-87.66342473,POINT (-87.663424733183 41.755726209295)
JC442793,,9/10/2019 17:30,10,NO CONTROLS,NO CONTROLS,CLEAR,DAYLIGHT,PARKED MOTOR VEHICLE,PARKING LOT,,STRAIGHT AND LEVEL,DRY,NO DEFECTS,NOT ON SCENE (DESK REPORT),NO INJURY / DRIVE AWAY,,,,"OVER $1,500",9/21/2019 15:15,IMPROPER BACKING,"OPERATING VEHICLE IN ERRATIC, RECKLESS, CARELESS, NEGLIGENT OR AGGRESSIVE MANNER",5015,S,BLACKSTONE AVE,222,,,,,,,2,NO INDICATION OF INJURY,0,0,0,0,0,2,0,17,3,9,41.80375479,-87.59038395,POINT (-87.590383945444 41.803754790702)
JC428987,,9/10/2019 17:30,25,NO CONTROLS,NO CONTROLS,CLEAR,DAYLIGHT,SIDESWIPE SAME DIRECTION,ONE-WAY,,STRAIGHT AND LEVEL,DRY,NO DEFECTS,NOT ON SCENE (DESK REPORT),NO INJURY / DRIVE AWAY,,,,"OVER $1,500",9/11/2019 14:50,IMPROPER OVERTAKING/PASSING,IMPROPER OVERTAKING/PASSING,539,W,WELLINGTON AVE,1934,,,,,,,2,NO INDICATION OF INJURY,0,0,0,0,0,2,0,17,3,9,41.93642496,-87.64340587,POINT (-87.643405870303 41.936424960834)
JC427909,,9/10/2019 17:30,30,NO CONTROLS,NO CONTROLS,CLEAR,DAYLIGHT,TURNING,NOT DIVIDED,,STRAIGHT AND LEVEL,DRY,NO DEFECTS,NOT ON SCENE (DESK REPORT),NO INJURY / DRIVE AWAY,,,,"OVER $1,500",9/10/2019 17:55,FAILING TO YIELD RIGHT-OF-WAY,NOT APPLICABLE,5700,N,CENTRAL AVE,1622,,,,,,,2,NO INDICATION OF INJURY,0,0,0,0,0,4,0,17,3,9,41.98477952,-87.76845057,POINT (-87.768450567113 41.984779519506)
JC427928,,9/10/2019 17:25,25,TRAFFIC SIGNAL,FUNCTIONING PROPERLY,CLEAR,DAYLIGHT,TURNING,FOUR WAY,,STRAIGHT AND LEVEL,DRY,NO DEFECTS,ON SCENE,INJURY AND / OR TOW DUE TO CRASH,Y,,,"OVER $1,500",9/10/2019 17:33,DRIVING SKILLS/KNOWLEDGE/EXPERIENCE,NOT APPLICABLE,5200,N,ASHLAND AVE,2012,,,,,,,2,"REPORTED, NOT EVIDENT",2,0,0,0,2,1,0,17,3,9,41.97621644,-87.6697616,POINT (-87.669761602136 41.976216437221)
JC427888,,9/10/2019 17:20,30,NO CONTROLS,NO CONTROLS,CLEAR,DAYLIGHT,ANGLE,NOT DIVIDED,,STRAIGHT AND LEVEL,DRY,NO DEFECTS,ON SCENE,NO INJURY / DRIVE AWAY,N,,,"OVER $1,500",9/10/2019 17:30,FAILING TO YIELD RIGHT-OF-WAY,FAILING TO YIELD RIGHT-OF-WAY,3115,W,DEVON AVE,2413,,,,,,,2,NO INDICATION OF INJURY,0,0,0,0,0,2,0,17,3,9,41.99730935,-87.70759026,POINT (-87.70759026161 41.997309346624)
JC427892,,9/10/2019 17:15,30,NO CONTROLS,NO CONTROLS,CLEAR,DAYLIGHT,FIXED OBJECT,NOT DIVIDED,,STRAIGHT AND LEVEL,DRY,NO DEFECTS,ON SCENE,INJURY AND / OR TOW DUE TO CRASH,,,,"$501 - $1,500",9/10/2019 17:21,NOT APPLICABLE,NOT APPLICABLE,2650,W,51ST ST,923,,,,,,,1,NO INDICATION OF INJURY,0,0,0,0,0,1,0,17,3,9,41.80114728,-87.6911633,POINT (-87.691163299424 41.801147282841)
JC427889,,9/10/2019 17:11,25,NO CONTROLS,NO CONTROLS,CLEAR,DAYLIGHT,FIXED OBJECT,NOT DIVIDED,,STRAIGHT AND LEVEL,DRY,NO DEFECTS,ON SCENE,INJURY AND / OR TOW DUE TO CRASH,Y,,,"OVER $1,500",9/10/2019 17:16,FAILING TO REDUCE SPEED TO AVOID CRASH,UNABLE TO DETERMINE,1148,S,KEDZIE AVE,1134,,,,,,,1,NONINCAPACITATING INJURY,1,0,0,1,0,0,0,17,3,9,41.86670922,-87.70582438,POINT (-87.705824378429 41.866709214523)
JC427877,,9/10/2019 17:10,30,STOP SIGN/FLASHER,FUNCTIONING PROPERLY,CLEAR,DAYLIGHT,ANGLE,FOUR WAY,,STRAIGHT AND LEVEL,DRY,NO DEFECTS,ON SCENE,INJURY AND / OR TOW DUE TO CRASH,Y,,,"OVER $1,500",9/10/2019 17:17,FAILING TO YIELD RIGHT-OF-WAY,NOT APPLICABLE,3100,N,CENTRAL AVE,2514,,,,,,,2,NO INDICATION OF INJURY,0,0,0,0,0,2,0,17,3,9,41.9368409,-87.76658482,POINT (-87.76658482413 41.936840894992)
JC427858,,9/10/2019 17:10,30,TRAFFIC SIGNAL,FUNCTIONING PROPERLY,CLEAR,DAYLIGHT,PEDESTRIAN,NOT DIVIDED,,STRAIGHT AND LEVEL,DRY,UNKNOWN,NOT ON SCENE (DESK REPORT),NO INJURY / DRIVE AWAY,,,,$500 OR LESS,9/10/2019 17:20,UNABLE TO DETERMINE,UNABLE TO DETERMINE,5999,N,CALIFORNIA AVE,2011,,,,,,,2,NO INDICATION OF INJURY,0,0,0,0,0,3,0,17,3,9,41.99035159,-87.69925293,POINT (-87.699252930059 41.990351590151)
JC427865,,9/10/2019 17:09,30,NO CONTROLS,NO CONTROLS,CLEAR,DAYLIGHT,SIDESWIPE SAME DIRECTION,NOT DIVIDED,,STRAIGHT AND LEVEL,DRY,NO DEFECTS,,NO INJURY / DRIVE AWAY,,,Y,"OVER $1,500",9/10/2019 17:09,FAILING TO YIELD RIGHT-OF-WAY,NOT APPLICABLE,3298,N,HARLEM AVE,1631,,,,,,,2,NO INDICATION OF INJURY,0,0,0,0,0,2,0,17,3,9,41.93971869,-87.80695562,POINT (-87.806955619245 41.939718694207)
JC427862,,9/10/2019 17:06,25,YIELD,FUNCTIONING PROPERLY,CLEAR,DAYLIGHT,PEDALCYCLIST,FOUR WAY,,STRAIGHT AND LEVEL,DRY,NO DEFECTS,ON SCENE,INJURY AND / OR TOW DUE TO CRASH,Y,,,$500 OR LESS,9/10/2019 17:10,DRIVING ON WRONG SIDE/WRONG WAY,UNABLE TO DETERMINE,7330,N,CALIFORNIA AVE,2411,,,,,,,2,INCAPACITATING INJURY,1,0,1,0,0,1,0,17,3,9,42.01475148,-87.69981802,POINT (-87.699818019757 42.014751480781)