RD_NO,CRASH_DATE_EST_I,CRASH_DATE,POSTED_SPEED_LIMIT,TRAFFIC_CONTROL_DEVICE,DEVICE_CONDITION,WEATHER_CONDITION,LIGHTING_CONDITION,FIRST_CRASH_TYPE,TRAFFICWAY_TYPE,LANE_CNT,ALIGNMENT,ROADWAY_SURFACE_COND,ROAD_DEFECT,REPORT_TYPE,CRASH_TYPE,INTERSECTION_RELATED_I,NOT_RIGHT_OF_WAY_I,HIT_AND_RUN_I,DAMAGE,DATE_POLICE_NOTIFIED,PRIM_CONTRIBUTORY_CAUSE,SEC_CONTRIBUTORY_CAUSE,STREET_NO,STREET_DIRECTION,STREET_NAME,BEAT_OF_OCCURRENCE,PHOTOS_TAKEN_I,STATEMENTS_TAKEN_I,DOORING_I,WORK_ZONE_I,WORK_ZONE_TYPE,WORKERS_PRESENT_I,NUM_UNITS,MOST_SEVERE_INJURY,INJURIES_TOTAL,INJURIES_FATAL,INJURIES_INCAPACITATING,INJURIES_NON_INCAPACITATING,INJURIES_REPORTED_NOT_EVIDENT,INJURIES_NO_INDICATION,INJURIES_UNKNOWN,CRASH_HOUR,CRASH_DAY_OF_WEEK,CRASH_MONTH,LATITUDE,LONGITUDE,LOCATION
JC428119,,9/10/2019 17:05,35,NO CONTROLS,NO CONTROLS,CLEAR,DAYLIGHT,PARKED MOTOR VEHICLE,ONE-WAY,,STRAIGHT AND LEVEL,DRY,NO DEFECTS,NOT ON SCENE (DESK REPORT),NO INJURY / DRIVE AWAY,,,Y,"OVER $1,500",9/10/2019 19:00,IMPROPER BACKING,UNABLE TO DETERMINE,22,S,WABASH AVE,112,,,,,,,2,NO INDICATION OF INJURY,0,0,0,0,0,2,0,17,3,9,41.88152837,-87.62634253,POINT (-87.626342525353 41.881528372578)
JC427913,,9/10/2019 17:05,15,NO CONTROLS,NO CONTROLS,CLEAR,DAYLIGHT,ANGLE,PARKING LOT,,STRAIGHT AND LEVEL,DRY,NO DEFECTS,ON SCENE,NO INJURY / DRIVE AWAY,,,,"$501 - $1,500",9/10/2019 17:11,UNABLE TO DETERMINE,UNABLE TO DETERMINE,6398,N,NAGLE AVE,1611,,,,,,,2,NO INDICATION OF INJURY,0,0,0,0,0,2,0,17,3,9,41.99733484,-87.78759058,POINT (-87.787590576723 41.99733483992)
JC428601,,9/10/2019 17:00,30,NO CONTROLS,NO CONTROLS,CLEAR,DAYLIGHT,TURNING,NOT DIVIDED,,STRAIGHT AND LEVEL,DRY,NO DEFECTS,NOT ON SCENE (DESK REPORT),NO INJURY / DRIVE AWAY,,,,"$501 - $1,500",9/11/2019 10:00,FOLLOWING TOO CLOSELY,NOT APPLICABLE,4359,W,ROOSEVELT RD,1011,,,,,,,2,NO INDICATION OF INJURY,0,0,0,0,0,3,0,17,3,9,41.86592405,-87.73490028,POINT (-87.734900280994 41.865924045778)
JC428058,,9/10/2019 17:00,30,TRAFFIC SIGNAL,FUNCTIONING PROPERLY,CLEAR,DAYLIGHT,SIDESWIPE SAME DIRECTION,NOT DIVIDED,,STRAIGHT AND LEVEL,DRY,NO DEFECTS,NOT ON SCENE (DESK REPORT),NO INJURY / DRIVE AWAY,,,,"OVER $1,500",9/10/2019 20:00,FAILING TO YIELD RIGHT-OF-WAY,NOT APPLICABLE,562,N,CICERO AVE,1532,,,,,,,2,NO INDICATION OF INJURY,0,0,0,0,0,2,0,17,3,9,41.89133368,-87.74582462,POINT (-87.745824623587 41.891333677838)
JC428017,,9/10/2019 17:00,10,STOP SIGN/FLASHER,FUNCTIONING PROPERLY,CLEAR,DUSK,TURNING,NOT DIVIDED,,STRAIGHT AND LEVEL,DRY,NO DEFECTS,NOT ON SCENE (DESK REPORT),NO INJURY / DRIVE AWAY,,Y,,"OVER $1,500",9/10/2019 19:00,IMPROPER TURNING/NO SIGNAL,UNABLE TO DETERMINE,5300,S,WOODLAWN AVE,233,,,,,,,2,NO INDICATION OF INJURY,0,0,0,0,0,2,0,17,3,9,41.79938211,-87.59678686,POINT (-87.596786858994 41.799382105863)
JC427950,,9/10/2019 17:00,30,NO CONTROLS,NO CONTROLS,CLEAR,DAYLIGHT,REAR END,ONE-WAY,,STRAIGHT AND LEVEL,DRY,NO DEFECTS,NOT ON SCENE (DESK REPORT),NO INJURY / DRIVE AWAY,,,,"OVER $1,500",9/10/2019 18:00,FOLLOWING TOO CLOSELY,FOLLOWING TOO CLOSELY,5200,S,LAKE SHORE DR SB,234,,,,,,,2,NO INDICATION OF INJURY,0,0,0,0,0,2,0,17,3,9,41.80107195,-87.58174032,POINT (-87.581740315936 41.801071954481)
JC427902,,9/10/2019 17:00,30,STOP SIGN/FLASHER,FUNCTIONING PROPERLY,CLEAR,DAYLIGHT,TURNING,NOT DIVIDED,,STRAIGHT AND LEVEL,DRY,NO DEFECTS,ON SCENE,NO INJURY / DRIVE AWAY,Y,,,"$501 - $1,500",9/10/2019 17:08,UNABLE TO DETERMINE,NOT APPLICABLE,2122,S,CANAL ST,914,,,,,,,2,NO INDICATION OF INJURY,0,0,0,0,0,4,0,17,3,9,41.85364604,-87.63870755,POINT (-87.638707545942 41.853646039857)
JC427895,,9/10/2019 17:00,30,TRAFFIC SIGNAL,FUNCTIONING PROPERLY,CLEAR,DAYLIGHT,SIDESWIPE SAME DIRECTION,NOT DIVIDED,,STRAIGHT AND LEVEL,DRY,NO DEFECTS,NOT ON SCENE (DESK REPORT),NO INJURY / DRIVE AWAY,Y,,,"OVER $1,500",9/10/2019 17:45,IMPROPER LANE USAGE,NOT APPLICABLE,800,N,CLARK ST,1832,,,,,,,2,NO INDICATION OF INJURY,0,0,0,0,0,3,0,17,3,9,41.89670114,-87.63139316,POINT (-87.631393160513 41.896701140159)
JC427887,,9/10/2019 17:00,25,NO CONTROLS,NO CONTROLS,CLEAR,DAYLIGHT,PARKED MOTOR VEHICLE,DIVIDED - W/MEDIAN (NOT RAISED),,STRAIGHT AND LEVEL,DRY,NO DEFECTS,ON SCENE,NO INJURY / DRIVE AWAY,,,Y,"$501 - $1,500",9/10/2019 17:11,IMPROPER BACKING,NOT APPLICABLE,1202,W,ARTHUR AVE,2432,,,,,,,2,NO INDICATION OF INJURY,0,0,0,0,0,1,0,17,3,9,42.00054675,-87.6608586,POINT (-87.660858603211 42.000546753678)
JC427870,,9/10/2019 16:54,30,TRAFFIC SIGNAL,FUNCTIONING PROPERLY,CLEAR,DAYLIGHT,REAR END,NOT DIVIDED,,STRAIGHT AND LEVEL,DRY,NO DEFECTS,ON SCENE,NO INJURY / DRIVE AWAY,Y,,,$500 OR LESS,9/10/2019 16:55,FOLLOWING TOO CLOSELY,NOT APPLICABLE,3693,S,ARCHER AVE,912,,,,,,,2,NO INDICATION OF INJURY,0,0,0,0,0,2,0,16,3,9,41.82666259,-87.68347797,POINT (-87.683477966545 41.826662587297)
JC427821,,9/10/2019 16:52,35,NO CONTROLS,NO CONTROLS,CLEAR,DAYLIGHT,REAR END,NOT DIVIDED,,STRAIGHT AND LEVEL,DRY,NO DEFECTS,ON SCENE,NO INJURY / DRIVE AWAY,,,,$500 OR LESS,9/10/2019 16:53,FOLLOWING TOO CLOSELY,UNABLE TO DETERMINE,4556,W,55TH ST,815,,,,,,,2,NO INDICATION OF INJURY,0,0,0,0,0,2,0,16,3,9,41.79318371,-87.73770873,POINT (-87.737708725881 41.793183707103)
JC427839,,9/10/2019 16:49,25,NO CONTROLS,NO CONTROLS,CLEAR,DAYLIGHT,REAR END,NOT DIVIDED,,STRAIGHT AND LEVEL,DRY,NO DEFECTS,ON SCENE,NO INJURY / DRIVE AWAY,,,,"$501 - $1,500",9/10/2019 16:54,DRIVING SKILLS/KNOWLEDGE/EXPERIENCE,UNABLE TO DETERMINE,7500,S,COTTAGE GROVE AVE,624,,,,,,,3,NO INDICATION OF INJURY,0,0,0,0,0,3,0,16,3,9,41.75848489,-87.60553322,POINT (-87.605533219704 41.758484887637)
JC427842,,9/10/2019 16:45,30,NO CONTROLS,NO CONTROLS,CLEAR,DAYLIGHT,SIDESWIPE SAME DIRECTION,ONE-WAY,,STRAIGHT AND LEVEL,DRY,NO DEFECTS,ON SCENE,NO INJURY / DRIVE AWAY,,,,"OVER $1,500",9/10/2019 16:45,UNABLE TO DETERMINE,NOT APPLICABLE,4718,N,AVERS AVE,1723,,,,,,,2,NO INDICATION OF INJURY,0,0,0,0,0,2,0,16,3,9,41.96702776,-87.72447917,POINT (-87.72447916742 41.967027760362)
JC427822,,9/10/2019 16:45,30,STOP SIGN/FLASHER,OTHER,CLEAR,DAYLIGHT,REAR END,DIVIDED - W/MEDIAN (NOT RAISED),,STRAIGHT AND LEVEL,DRY,NO DEFECTS,,NO INJURY / DRIVE AWAY,Y,,,"OVER $1,500",9/10/2019 16:49,NOT APPLICABLE,NOT APPLICABLE,2700,W,TOUHY AVE,2411,,,,,,,3,NO INDICATION OF INJURY,0,0,0,0,0,3,0,16,3,9,42.01222954,-87.69747499,POINT (-87.697474985947 42.012229542311)
JC427807,,9/10/2019 16:35,30,NO CONTROLS,NO CONTROLS,CLEAR,DAYLIGHT,SIDESWIPE SAME DIRECTION,NOT DIVIDED,,STRAIGHT AND LEVEL,DRY,NO DEFECTS,NOT ON SCENE (DESK REPORT),NO INJURY / DRIVE AWAY,,,,"OVER $1,500",9/10/2019 16:50,IMPROPER LANE USAGE,NOT APPLICABLE,7241,W,DEVON AVE,1612,,,,,,,2,NO INDICATION OF INJURY,0,0,0,0,0,2,0,16,3,9,41.99735404,-87.8082666,POINT (-87.808266599592 41.997354043883)
JC428028,,9/10/2019 16:30,10,NO CONTROLS,NO CONTROLS,CLEAR,DAYLIGHT,REAR TO REAR,PARKING LOT,,STRAIGHT AND LEVEL,DRY,NO DEFECTS,NOT ON SCENE (DESK REPORT),NO INJURY / DRIVE AWAY,,,,"OVER $1,500",9/10/2019 19:10,UNABLE TO DETERMINE,NOT APPLICABLE,4000,W,DIVERSEY AVE,2523,,,,,,,2,NO INDICATION OF INJURY,0,0,0,0,0,2,0,16,3,9,41.93189772,-87.72710503,POINT (-87.727105030454 41.931897723146)
JC427845,Y,9/10/2019 16:30,10,NO CONTROLS,NO CONTROLS,CLEAR,DAYLIGHT,PARKED MOTOR VEHICLE,PARKING LOT,,STRAIGHT AND LEVEL,DRY,NO DEFECTS,NOT ON SCENE (DESK REPORT),NO INJURY / DRIVE AWAY,,,Y,"$501 - $1,500",9/10/2019 17:17,UNABLE TO DETERMINE,UNABLE TO DETERMINE,6208,N,HOYNE AVE,2413,,,,,,,2,NO INDICATION OF INJURY,0,0,0,0,0,1,0,16,3,9,41.99452432,-87.68254845,POINT (-87.682548450177 41.994524323847)
JC427834,,9/10/2019 16:30,30,NO CONTROLS,NO CONTROLS,CLEAR,DAYLIGHT,ANGLE,DIVIDED - W/MEDIAN (NOT RAISED),,STRAIGHT AND LEVEL,DRY,NO DEFECTS,NOT ON SCENE (DESK REPORT),NO INJURY / DRIVE AWAY,,,,"OVER $1,500",9/10/2019 16:35,UNABLE TO DETERMINE,UNABLE TO DETERMINE,3600,N,TROY ST,1733,,,,,,,2,NO INDICATION OF INJURY,0,0,0,0,0,2,0,16,3,9,41.94672833,-87.70674566,POINT (-87.70674565993 41.946728327743)
JC427925,,9/10/2019 16:29,30,NO CONTROLS,NO CONTROLS,CLEAR,DAYLIGHT,TURNING,DIVIDED - W/MEDIAN (NOT RAISED),,STRAIGHT AND LEVEL,DRY,NO DEFECTS,ON SCENE,INJURY AND / OR TOW DUE TO CRASH,,,Y,"OVER $1,500",9/10/2019 16:29,FAILING TO YIELD RIGHT-OF-WAY,NOT APPLICABLE,2829,W,IRVING PARK RD,1733,,,,,,,2,NONINCAPACITATING INJURY,1,0,0,1,0,3,0,16,3,9,41.95385801,-87.69940139,POINT (-87.699401393885 41.953858014426)
JC427773,,9/10/2019 16:26,30,NO CONTROLS,OTHER,CLEAR,DAYLIGHT,PARKED MOTOR VEHICLE,OTHER,,STRAIGHT AND LEVEL,DRY,NO DEFECTS,ON SCENE,INJURY AND / OR TOW DUE TO CRASH,,Y,,"$501 - $1,500",9/10/2019 16:41,FAILING TO YIELD RIGHT-OF-WAY,FAILING TO REDUCE SPEED TO AVOID CRASH,1998,W,GARFIELD BLVD,932,,,,,,,2,NO INDICATION OF INJURY,0,0,0,0,0,1,0,16,3,9,41.79402669,-87.67424139,POINT (-87.674241393024 41.79402669073)
JC427727,,9/10/2019 16:25,30,STOP SIGN/FLASHER,FUNCTIONING PROPERLY,CLEAR,DAYLIGHT,ANGLE,T-INTERSECTION,,STRAIGHT AND LEVEL,DRY,NO DEFECTS,ON SCENE,INJURY AND / OR TOW DUE TO CRASH,Y,,,"OVER $1,500",9/10/2019 16:35,DISREGARDING STOP SIGN,NOT APPLICABLE,533,E,77TH ST,624,,,,,,,2,NONINCAPACITATING INJURY,1,0,0,1,0,1,0,16,3,9,41.7547187,-87.61131672,POINT (-87.611316717329 41.754718699764)
JC427801,,9/10/2019 16:21,30,TRAFFIC SIGNAL,FUNCTIONING PROPERLY,CLEAR,DAYLIGHT,PARKED MOTOR VEHICLE,DIVIDED - W/MEDIAN (NOT RAISED),,STRAIGHT AND LEVEL,DRY,NO DEFECTS,ON SCENE,NO INJURY / DRIVE AWAY,N,,,"OVER $1,500",9/10/2019 16:21,DRIVING SKILLS/KNOWLEDGE/EXPERIENCE,UNABLE TO DETERMINE,5201,N,LECLAIRE AVE,1623,,,,,,,3,NO INDICATION OF INJURY,0,0,0,0,0,2,0,16,3,9,41.9753384,-87.7551373,POINT (-87.755137296345 41.975338404459)
JC427780,N,9/10/2019 16:18,15,NO CONTROLS,NO CONTROLS,CLEAR,DAYLIGHT,PARKED MOTOR VEHICLE,PARKING LOT,,STRAIGHT AND LEVEL,DRY,NO DEFECTS,ON SCENE,NO INJURY / DRIVE AWAY,,,,$500 OR LESS,9/10/2019 16:21,"VISION OBSCURED (SIGNS, TREE LIMBS, BUILDINGS, ETC.)",UNABLE TO DETERMINE,1768,W,ARMITAGE AVE,1432,,,,,,,2,NO INDICATION OF INJURY,0,0,0,0,0,1,0,16,3,9,41.91796074,-87.67270437,POINT (-87.672704369807 41.917960741746)
JC430375,,9/10/2019 16:15,30,TRAFFIC SIGNAL,FUNCTIONING PROPERLY,CLEAR,DAYLIGHT,TURNING,UNKNOWN,,STRAIGHT AND LEVEL,UNKNOWN,UNKNOWN,NOT ON SCENE (DESK REPORT),NO INJURY / DRIVE AWAY,,,,"$501 - $1,500",9/12/2019 15:30,IMPROPER OVERTAKING/PASSING,UNABLE TO DETERMINE,790,N,FAIRBANKS CT,1833,,,,,,,2,NO INDICATION OF INJURY,0,0,0,0,0,2,0,16,3,9,41.89673372,-87.62051513,POINT (-87.620515133294 41.896733724064)
JC427800,,9/10/2019 16:15,35,NO CONTROLS,NO CONTROLS,CLEAR,DAYLIGHT,TURNING,NOT DIVIDED,,STRAIGHT AND LEVEL,DRY,NO DEFECTS,NOT ON SCENE (DESK REPORT),NO INJURY / DRIVE AWAY,,,,"OVER $1,500",9/10/2019 16:49,UNABLE TO DETERMINE,NOT APPLICABLE,5900,S,KEDZIE AVE,822,,,,,,,2,NO INDICATION OF INJURY,0,0,0,0,0,3,0,16,3,9,41.78615531,-87.70349314,POINT (-87.703493140571 41.786155307863)
JC427785,,9/10/2019 16:15,30,TRAFFIC SIGNAL,FUNCTIONING PROPERLY,CLEAR,DAYLIGHT,REAR END,NOT DIVIDED,,STRAIGHT AND LEVEL,DRY,NO DEFECTS,NOT ON SCENE (DESK REPORT),INJURY AND / OR TOW DUE TO CRASH,,,,"OVER $1,500",9/10/2019 16:15,FOLLOWING TOO CLOSELY,UNABLE TO DETERMINE,2401,W,BRYN MAWR AVE,2011,,,,,,,2,"REPORTED, NOT EVIDENT",1,0,0,0,1,1,0,16,3,9,41.98305774,-87.68950828,POINT (-87.689508275614 41.983057739802)
JC427781,,9/10/2019 16:10,30,TRAFFIC SIGNAL,FUNCTIONING PROPERLY,CLEAR,DAYLIGHT,SIDESWIPE SAME DIRECTION,ONE-WAY,,STRAIGHT AND LEVEL,DRY,NO DEFECTS,NOT ON SCENE (DESK REPORT),NO INJURY / DRIVE AWAY,,,,"$501 - $1,500",9/10/2019 16:35,IMPROPER LANE USAGE,IMPROPER LANE USAGE,323,E,ONTARIO ST,1834,,,,,,,2,NO INDICATION OF INJURY,0,0,0,0,0,2,0,16,3,9,41.89331604,-87.61933556,POINT (-87.619335561642 41.893316043457)
JC427765,,9/10/2019 16:10,30,TRAFFIC SIGNAL,FUNCTIONING PROPERLY,CLEAR,DAYLIGHT,ANGLE,FOUR WAY,,STRAIGHT AND LEVEL,DRY,NO DEFECTS,ON SCENE,INJURY AND / OR TOW DUE TO CRASH,Y,,,"OVER $1,500",9/10/2019 16:10,UNABLE TO DETERMINE,NOT APPLICABLE,300,N,KEDZIE AVE,1123,,,,,,,2,NONINCAPACITATING INJURY,3,0,0,3,0,1,0,16,3,9,41.88647184,-87.7064307,POINT (-87.706430699075 41.886471836896)
JC427746,,9/10/2019 16:01,30,TRAFFIC SIGNAL,FUNCTIONING PROPERLY,CLEAR,DAYLIGHT,REAR END,DIVIDED - W/MEDIAN (NOT RAISED),,STRAIGHT AND LEVEL,DRY,NO DEFECTS,ON SCENE,NO INJURY / DRIVE AWAY,,,,"OVER $1,500",9/10/2019 16:19,UNABLE TO DETERMINE,UNABLE TO DETERMINE,2301,S,THROOP ST,1235,,,,,,,2,NO INDICATION OF INJURY,0,0,0,0,0,2,0,16,3,9,41.85045497,-87.65850428,POINT (-87.658504280776 41.85045497356)
JC428037,,9/10/2019 16:00,30,UNKNOWN,UNKNOWN,CLEAR,DAYLIGHT,REAR END,UNKNOWN,,STRAIGHT AND LEVEL,UNKNOWN,UNKNOWN,ON SCENE,INJURY AND / OR TOW DUE TO CRASH,,,,"OVER $1,500",9/10/2019 18:36,UNABLE TO DETERMINE,UNABLE TO DETERMINE,4800,W,CHICAGO AVE,1531,,,,,,,2,NONINCAPACITATING INJURY,1,0,0,1,0,2,0,16,3,9,41.89511222,-87.74593243,POINT (-87.745932427015 41.895112218578)
JC427940,,9/10/2019 16:00,30,TRAFFIC SIGNAL,FUNCTIONING PROPERLY,CLEAR,DAYLIGHT,REAR END,NOT DIVIDED,,STRAIGHT AND LEVEL,DRY,NO DEFECTS,NOT ON SCENE (DESK REPORT),NO INJURY / DRIVE AWAY,Y,,Y,"$501 - $1,500",9/10/2019 18:00,UNABLE TO DETERMINE,NOT APPLICABLE,4305,S,HALSTED ST,925,,,,,,,3,NO INDICATION OF INJURY,0,0,0,0,0,4,0,16,3,9,41.81600061,-87.64557478,POINT (-87.645574774872 41.816000608797)
JC427885,Y,9/10/2019 16:00,30,NO CONTROLS,NO CONTROLS,CLEAR,DAYLIGHT,PARKED MOTOR VEHICLE,NOT DIVIDED,,STRAIGHT AND LEVEL,DRY,NO DEFECTS,NOT ON SCENE (DESK REPORT),NO INJURY / DRIVE AWAY,,,Y,"$501 - $1,500",9/10/2019 17:35,UNABLE TO DETERMINE,UNABLE TO DETERMINE,3143,W,24TH ST,1033,,,,,,,2,NO INDICATION OF INJURY,0,0,0,0,0,1,0,16,3,9,41.84803954,-87.70440347,POINT (-87.704403474023 41.848039539014)
JC427830,,9/10/2019 16:00,30,NO CONTROLS,NO CONTROLS,CLEAR,DAYLIGHT,SIDESWIPE SAME DIRECTION,ONE-WAY,,STRAIGHT AND LEVEL,DRY,NO DEFECTS,NOT ON SCENE (DESK REPORT),NO INJURY / DRIVE AWAY,,,,"$501 - $1,500",9/10/2019 17:05,IMPROPER LANE USAGE,IMPROPER LANE USAGE,5455,S,HARDING AVE,822,,,,,,,2,NO INDICATION OF INJURY,0,0,0,0,0,2,0,16,3,9,41.7934357,-87.72177958,POINT (-87.721779575062 41.793435702666)
JC427790,,9/10/2019 16:00,30,NO CONTROLS,NO CONTROLS,CLEAR,DAYLIGHT,PARKED MOTOR VEHICLE,NOT DIVIDED,,STRAIGHT AND LEVEL,DRY,NO DEFECTS,NOT ON SCENE (DESK REPORT),NO INJURY / DRIVE AWAY,,,,"OVER $1,500",9/10/2019 16:50,UNABLE TO DETERMINE,UNABLE TO DETERMINE,7615,W,ADDISON ST,1631,,,,,,,2,NO INDICATION OF INJURY,0,0,0,0,0,2,0,16,3,9,41.94513076,-87.81744916,POINT (-87.817449158313 41.945130754813)
JC427775,,9/10/2019 16:00,30,NO CONTROLS,NO CONTROLS,CLEAR,DAYLIGHT,REAR END,NOT DIVIDED,,STRAIGHT AND LEVEL,DRY,NO DEFECTS,NOT ON SCENE (DESK REPORT),NO INJURY / DRIVE AWAY,,,,"$501 - $1,500",9/10/2019 16:42,UNABLE TO DETERMINE,UNABLE TO DETERMINE,1698,N,LAKE SHORE DR SB,1814,,,,,,,2,NO INDICATION OF INJURY,0,0,0,0,0,2,0,16,3,9,41.91274762,-87.62650205,POINT (-87.626502050376 41.91274762245)
JC427743,,9/10/2019 16:00,15,NO CONTROLS,NO CONTROLS,CLEAR,DAYLIGHT,REAR TO FRONT,PARKING LOT,,STRAIGHT AND LEVEL,DRY,NO DEFECTS,NOT ON SCENE (DESK REPORT),NO INJURY / DRIVE AWAY,,Y,,"$501 - $1,500",9/10/2019 16:51,IMPROPER BACKING,FAILING TO REDUCE SPEED TO AVOID CRASH,4650,W,NORTH AVE,2533,,,,,,,2,NO INDICATION OF INJURY,0,0,0,0,0,4,0,16,3,9,41.90976453,-87.7433763,POINT (-87.743376295706 41.909764527033)
JC427737,,9/10/2019 16:00,30,TRAFFIC SIGNAL,FUNCTIONING PROPERLY,CLEAR,DAYLIGHT,TURNING,DIVIDED - W/MEDIAN (NOT RAISED),,STRAIGHT AND LEVEL,DRY,NO DEFECTS,ON SCENE,INJURY AND / OR TOW DUE TO CRASH,Y,,,"OVER $1,500",9/10/2019 16:01,IMPROPER TURNING/NO SIGNAL,DRIVING SKILLS/KNOWLEDGE/EXPERIENCE,3400,W,OGDEN AVE,1021,,,,,,,2,NONINCAPACITATING INJURY,5,0,0,5,0,0,0,16,3,9,41.85635054,-87.71037525,POINT (-87.710375249191 41.856350538058)
JC427702,,9/10/2019 16:00,30,TRAFFIC SIGNAL,FUNCTIONING PROPERLY,CLEAR,DAYLIGHT,REAR END,NOT DIVIDED,,STRAIGHT AND LEVEL,DRY,NO DEFECTS,ON SCENE,NO INJURY / DRIVE AWAY,Y,,Y,$500 OR LESS,9/10/2019 16:05,FOLLOWING TOO CLOSELY,UNABLE TO DETERMINE,2,N,CICERO AVE,1533,,,,,,,2,NO INDICATION OF INJURY,0,0,0,0,0,2,0,16,3,9,41.88056088,-87.74542684,POINT (-87.745426843318 41.880560880395)
JC427778,,9/10/2019 15:56,30,STOP SIGN/FLASHER,NO CONTROLS,CLEAR,DAYLIGHT,PEDALCYCLIST,T-INTERSECTION,,STRAIGHT AND LEVEL,DRY,NO DEFECTS,NOT ON SCENE (DESK REPORT),INJURY AND / OR TOW DUE TO CRASH,,,Y,"$501 - $1,500",9/10/2019 15:56,UNABLE TO DETERMINE,NOT APPLICABLE,4600,S,ROCKWELL ST,922,,Y,,,,,2,NONINCAPACITATING INJURY,1,0,0,1,0,1,0,15,3,9,41.81011907,-87.68952203,POINT (-87.689522025931 41.810119071558)
JC427836,,9/10/2019 15:53,30,NO CONTROLS,NO CONTROLS,CLEAR,DAYLIGHT,TURNING,DRIVEWAY,,STRAIGHT AND LEVEL,DRY,NO DEFECTS,NOT ON SCENE (DESK REPORT),NO INJURY / DRIVE AWAY,,,,"OVER $1,500",9/10/2019 17:05,UNABLE TO DETERMINE,NOT APPLICABLE,1553,N,HOMAN AVE,1422,,,,,,,2,NO INDICATION OF INJURY,0,0,0,0,0,2,0,15,3,9,41.90982699,-87.71174197,POINT (-87.71174197138 41.909826988377)
JC427788,,9/10/2019 15:49,30,NO CONTROLS,NO CONTROLS,CLEAR,DAYLIGHT,SIDESWIPE SAME DIRECTION,NOT DIVIDED,,STRAIGHT AND LEVEL,DRY,NO DEFECTS,NOT ON SCENE (DESK REPORT),NO INJURY / DRIVE AWAY,,,Y,"$501 - $1,500",9/10/2019 16:32,IMPROPER OVERTAKING/PASSING,IMPROPER OVERTAKING/PASSING,256,E,111TH ST,513,,,,,,,2,NO INDICATION OF INJURY,0,0,0,0,0,4,0,15,3,9,41.69279259,-87.61617046,POINT (-87.616170463988 41.692792592262)
JC439873,,9/10/2019 15:45,30,TRAFFIC SIGNAL,FUNCTIONING PROPERLY,CLEAR,DAYLIGHT,REAR END,ONE-WAY,,STRAIGHT AND LEVEL,DRY,NO DEFECTS,NOT ON SCENE (DESK REPORT),NO INJURY / DRIVE AWAY,,,,"$501 - $1,500",9/19/2019 14:05,UNABLE TO DETERMINE,UNABLE TO DETERMINE,1700,N,LA SALLE DR,1814,,,,,,,2,NO INDICATION OF INJURY,0,0,0,0,0,5,0,15,3,9,41.91287494,-87.63326564,POINT (-87.633265638884 41.912874937441)
JC435614,,9/10/2019 15:45,15,NO CONTROLS,NO CONTROLS,CLEAR,DAYLIGHT,PARKED MOTOR VEHICLE,PARKING LOT,,STRAIGHT AND LEVEL,DRY,NO DEFECTS,NOT ON SCENE (DESK REPORT),NO INJURY / DRIVE AWAY,,,Y,$500 OR LESS,9/16/2019 13:14,UNABLE TO DETERMINE,NOT APPLICABLE,443,E,34TH ST,211,,,,,,,2,NO INDICATION OF INJURY,0,0,0,0,0,1,0,15,3,9,41.83304474,-87.61461136,POINT (-87.614611364432 41.833044738179)
JC427736,,9/10/2019 15:44,30,NO CONTROLS,NO CONTROLS,CLEAR,DAYLIGHT,REAR END,NOT DIVIDED,,STRAIGHT AND LEVEL,DRY,NO DEFECTS,NOT ON SCENE (DESK REPORT),NO INJURY / DRIVE AWAY,,,,"$501 - $1,500",9/10/2019 16:15,DRIVING SKILLS/KNOWLEDGE/EXPERIENCE,UNABLE TO DETERMINE,3732,W,ADDISON ST,1732,,,,,,,2,NO INDICATION OF INJURY,0,0,0,0,0,3,0,15,3,9,41.94656376,-87.72139992,POINT (-87.721399915 41.946563762805)
JC427687,,9/10/2019 15:31,30,NO CONTROLS,UNKNOWN,CLEAR,DAYLIGHT,PEDALCYCLIST,NOT DIVIDED,,STRAIGHT AND LEVEL,DRY,NO DEFECTS,ON SCENE,NO INJURY / DRIVE AWAY,,,,$500 OR LESS,9/10/2019 15:31,FAILING TO YIELD RIGHT-OF-WAY,NOT APPLICABLE,189,E,LAKE SHORE DR,1833,,,,,,,2,NO INDICATION OF INJURY,0,0,0,0,0,2,0,15,3,9,41.90077286,-87.62225512,POINT (-87.622255118084 41.900772862168)
JC437582,,9/10/2019 15:30,30,UNKNOWN,UNKNOWN,UNKNOWN,UNKNOWN,PARKED MOTOR VEHICLE,UNKNOWN,,STRAIGHT AND LEVEL,UNKNOWN,UNKNOWN,NOT ON SCENE (DESK REPORT),NO INJURY / DRIVE AWAY,,,N,$500 OR LESS,9/17/2019 18:31,IMPROPER BACKING,UNABLE TO DETERMINE,4729,W,OHIO ST,1111,N,,,,,,2,NO INDICATION OF INJURY,0,0,0,0,0,1,0,15,3,9,41.89128852,-87.74449769,POINT (-87.74449768585 41.891288521117)
JC427806,Y,9/10/2019 15:30,25,NO CONTROLS,NO CONTROLS,CLEAR,DAYLIGHT,PARKED MOTOR VEHICLE,ONE-WAY,,STRAIGHT AND LEVEL,DRY,NO DEFECTS,NOT ON SCENE (DESK REPORT),NO INJURY / DRIVE AWAY,,,Y,"$501 - $1,500",9/10/2019 16:55,UNABLE TO DETERMINE,UNABLE TO DETERMINE,4644,N,MONTICELLO AVE,1723,,,,,,,2,NO INDICATION OF INJURY,0,0,0,0,0,1,0,15,3,9,41.965986,-87.71954997,POINT (-87.719549964761 41.965986000187)