RD_NO,CRASH_DATE_EST_I,CRASH_DATE,POSTED_SPEED_LIMIT,TRAFFIC_CONTROL_DEVICE,DEVICE_CONDITION,WEATHER_CONDITION,LIGHTING_CONDITION,FIRST_CRASH_TYPE,TRAFFICWAY_TYPE,LANE_CNT,ALIGNMENT,ROADWAY_SURFACE_COND,ROAD_DEFECT,REPORT_TYPE,CRASH_TYPE,INTERSECTION_RELATED_I,NOT_RIGHT_OF_WAY_I,HIT_AND_RUN_I,DAMAGE,DATE_POLICE_NOTIFIED,PRIM_CONTRIBUTORY_CAUSE,SEC_CONTRIBUTORY_CAUSE,STREET_NO,STREET_DIRECTION,STREET_NAME,BEAT_OF_OCCURRENCE,PHOTOS_TAKEN_I,STATEMENTS_TAKEN_I,DOORING_I,WORK_ZONE_I,WORK_ZONE_TYPE,WORKERS_PRESENT_I,NUM_UNITS,MOST_SEVERE_INJURY,INJURIES_TOTAL,INJURIES_FATAL,INJURIES_INCAPACITATING,INJURIES_NON_INCAPACITATING,INJURIES_REPORTED_NOT_EVIDENT,INJURIES_NO_INDICATION,INJURIES_UNKNOWN,CRASH_HOUR,CRASH_DAY_OF_WEEK,CRASH_MONTH,LATITUDE,LONGITUDE,LOCATION
JC427693,,9/10/2019 15:30,30,NO CONTROLS,NO CONTROLS,CLEAR,DAYLIGHT,PARKED MOTOR VEHICLE,NOT DIVIDED,,STRAIGHT AND LEVEL,DRY,NO DEFECTS,NOT ON SCENE (DESK REPORT),NO INJURY / DRIVE AWAY,,,Y,"$501 - $1,500",9/10/2019 15:56,NOT APPLICABLE,NOT APPLICABLE,5130,W,BELDEN AVE,2522,,,,,,,2,NO INDICATION OF INJURY,0,0,0,0,0,2,0,15,3,9,41.9224045,-87.7549273,POINT (-87.754927295732 41.922404498966)
JC427764,,9/10/2019 15:21,35,TRAFFIC SIGNAL,FUNCTIONING PROPERLY,CLEAR,DAYLIGHT,SIDESWIPE SAME DIRECTION,NOT DIVIDED,,STRAIGHT AND LEVEL,DRY,NO DEFECTS,ON SCENE,INJURY AND / OR TOW DUE TO CRASH,,,,"OVER $1,500",9/10/2019 16:26,EQUIPMENT - VEHICLE CONDITION,NOT APPLICABLE,5799,S,LAKE SHORE DR,331,,,,,,,3,INCAPACITATING INJURY,3,0,1,2,0,1,0,15,3,9,41.79028209,-87.57897752,POINT (-87.578977515595 41.790282089333)
JC428178,,9/10/2019 15:20,30,NO CONTROLS,NO CONTROLS,CLEAR,DAYLIGHT,PARKED MOTOR VEHICLE,NOT DIVIDED,,STRAIGHT AND LEVEL,UNKNOWN,UNKNOWN,NOT ON SCENE (DESK REPORT),NO INJURY / DRIVE AWAY,,,,"OVER $1,500",9/10/2019 21:00,UNABLE TO DETERMINE,NOT APPLICABLE,2567,N,CLARK ST,1935,,,,,,,2,NO INDICATION OF INJURY,0,0,0,0,0,1,0,15,3,9,41.92957112,-87.64267629,POINT (-87.64267628619 41.929571119768)
JC427919,,9/10/2019 15:20,30,NO CONTROLS,NO CONTROLS,CLEAR,DAYLIGHT,REAR END,DIVIDED - W/MEDIAN (NOT RAISED),,STRAIGHT AND LEVEL,DRY,NO DEFECTS,NOT ON SCENE (DESK REPORT),NO INJURY / DRIVE AWAY,,,,"OVER $1,500",9/10/2019 18:00,FOLLOWING TOO CLOSELY,UNABLE TO DETERMINE,4100,S,WESTERN AVE,921,,,,,,,2,NO INDICATION OF INJURY,0,0,0,0,0,2,0,15,3,9,41.8191961,-87.68486378,POINT (-87.684863776512 41.819196100264)
JC427680,,9/10/2019 15:16,30,TRAFFIC SIGNAL,FUNCTIONING PROPERLY,CLEAR,DAYLIGHT,TURNING,NOT DIVIDED,,STRAIGHT AND LEVEL,DRY,UNKNOWN,ON SCENE,NO INJURY / DRIVE AWAY,,,,"OVER $1,500",9/10/2019 15:27,FAILING TO YIELD RIGHT-OF-WAY,NOT APPLICABLE,6320,N,CALDWELL AVE,1621,,,,,,,2,NO INDICATION OF INJURY,0,0,0,0,0,2,0,15,3,9,41.99602756,-87.76425359,POINT (-87.764253590677 41.996027563389)
JC427747,,9/10/2019 15:15,30,TRAFFIC SIGNAL,FUNCTIONING PROPERLY,CLEAR,DAYLIGHT,SIDESWIPE SAME DIRECTION,NOT DIVIDED,,STRAIGHT AND LEVEL,DRY,NO DEFECTS,NOT ON SCENE (DESK REPORT),NO INJURY / DRIVE AWAY,,,,"OVER $1,500",9/10/2019 16:30,UNABLE TO DETERMINE,NOT APPLICABLE,5200,N,LECLAIRE AVE,1623,,,,,,,2,NO INDICATION OF INJURY,0,0,0,0,0,2,0,15,3,9,41.97533655,-87.75543148,POINT (-87.755431484238 41.975336550357)
JC427666,,9/10/2019 15:15,25,NO CONTROLS,NO CONTROLS,CLEAR,DAYLIGHT,PARKED MOTOR VEHICLE,NOT DIVIDED,,STRAIGHT AND LEVEL,DRY,NO DEFECTS,ON SCENE,NO INJURY / DRIVE AWAY,Y,,,"OVER $1,500",9/10/2019 15:30,EQUIPMENT - VEHICLE CONDITION,NOT APPLICABLE,1315,E,57TH ST,235,Y,Y,,,,,2,NO INDICATION OF INJURY,0,0,0,0,0,2,0,15,3,9,41.79135958,-87.59418729,POINT (-87.594187285223 41.791359580904)
JC427670,,9/10/2019 15:05,30,TRAFFIC SIGNAL,FUNCTIONING PROPERLY,CLEAR,DAYLIGHT,TURNING,DIVIDED - W/MEDIAN (NOT RAISED),,STRAIGHT AND LEVEL,DRY,NO DEFECTS,ON SCENE,NO INJURY / DRIVE AWAY,,,,"OVER $1,500",9/10/2019 15:11,FAILING TO YIELD RIGHT-OF-WAY,NOT APPLICABLE,1958,W,GRAND AVE,1221,,,,,,,2,NO INDICATION OF INJURY,0,0,0,0,0,2,0,15,3,9,41.89093616,-87.67679066,POINT (-87.676790663646 41.890936161341)
JC427673,,9/10/2019 15:04,30,TRAFFIC SIGNAL,FUNCTIONING PROPERLY,CLEAR,DAYLIGHT,REAR END,NOT DIVIDED,,STRAIGHT AND LEVEL,DRY,NO DEFECTS,ON SCENE,NO INJURY / DRIVE AWAY,Y,,Y,"$501 - $1,500",9/10/2019 15:04,FAILING TO REDUCE SPEED TO AVOID CRASH,FOLLOWING TOO CLOSELY,799,N,AUSTIN BLVD,1511,,,,,,,3,NO INDICATION OF INJURY,0,0,0,0,0,7,0,15,3,9,41.89466914,-87.77498101,POINT (-87.774981009577 41.894669139673)
JC427750,,9/10/2019 15:02,30,NO CONTROLS,NO CONTROLS,CLEAR,DAYLIGHT,TURNING,NOT DIVIDED,,STRAIGHT AND LEVEL,DRY,NO DEFECTS,ON SCENE,INJURY AND / OR TOW DUE TO CRASH,Y,,,"OVER $1,500",9/10/2019 15:02,IMPROPER TURNING/NO SIGNAL,FAILING TO YIELD RIGHT-OF-WAY,3632,W,AUGUSTA BLVD,1112,,,,,,,3,NONINCAPACITATING INJURY,2,0,0,2,0,1,0,15,3,9,41.89920783,-87.71759297,POINT (-87.717592965248 41.899207833691)
JC428608,Y,9/10/2019 15:00,25,NO CONTROLS,NO CONTROLS,CLEAR,DAYLIGHT,PARKED MOTOR VEHICLE,NOT DIVIDED,,STRAIGHT AND LEVEL,DRY,NO DEFECTS,NOT ON SCENE (DESK REPORT),NO INJURY / DRIVE AWAY,,,Y,"OVER $1,500",9/11/2019 10:00,UNABLE TO DETERMINE,NOT APPLICABLE,3829,N,CLAREMONT AVE,1921,,,,,,,2,NO INDICATION OF INJURY,0,0,0,0,0,1,0,15,3,9,41.95128262,-87.68702705,POINT (-87.687027044869 41.951282616909)
JC427874,,9/10/2019 15:00,30,TRAFFIC SIGNAL,FUNCTIONING PROPERLY,CLEAR,DAYLIGHT,TURNING,NOT DIVIDED,,STRAIGHT AND LEVEL,DRY,NO DEFECTS,NOT ON SCENE (DESK REPORT),NO INJURY / DRIVE AWAY,Y,,Y,"$501 - $1,500",9/10/2019 17:25,UNABLE TO DETERMINE,NOT APPLICABLE,2211,S,ASHLAND AVE,1235,,,,,,,2,NO INDICATION OF INJURY,0,0,0,0,0,2,0,15,3,9,41.85181125,-87.66587334,POINT (-87.665873341285 41.851811254026)
JC427677,,9/10/2019 15:00,55,TRAFFIC SIGNAL,FUNCTIONING PROPERLY,CLEAR,DAYLIGHT,TURNING,DIVIDED - W/MEDIAN BARRIER,,STRAIGHT AND LEVEL,DRY,NO DEFECTS,ON SCENE,INJURY AND / OR TOW DUE TO CRASH,Y,,,"OVER $1,500",9/10/2019 15:05,DISREGARDING TRAFFIC SIGNALS,UNABLE TO DETERMINE,5700,S,LAKE SHORE DR,331,,,,,,,2,NONINCAPACITATING INJURY,1,0,0,1,0,1,0,15,3,9,41.79142028,-87.58014777,POINT (-87.580147768689 41.791420282098)
JC427667,,9/10/2019 15:00,30,NO CONTROLS,NO CONTROLS,CLEAR,DAYLIGHT,TURNING,T-INTERSECTION,,STRAIGHT AND LEVEL,DRY,NO DEFECTS,NOT ON SCENE (DESK REPORT),NO INJURY / DRIVE AWAY,,,,$500 OR LESS,9/10/2019 15:22,UNABLE TO DETERMINE,NOT APPLICABLE,3954,W,DIVISION ST,2535,,,,,,,2,NO INDICATION OF INJURY,0,0,0,0,0,2,0,15,3,9,41.90278631,-87.72606012,POINT (-87.726060117408 41.902786313719)
JC427774,,9/10/2019 14:45,30,NO CONTROLS,NO CONTROLS,CLEAR,DAYLIGHT,ANGLE,NOT DIVIDED,,STRAIGHT AND LEVEL,DRY,NO DEFECTS,NOT ON SCENE (DESK REPORT),NO INJURY / DRIVE AWAY,,,,"$501 - $1,500",9/10/2019 16:40,IMPROPER LANE USAGE,IMPROPER LANE USAGE,9625,S,WESTERN AVE,2213,,,,,,,2,NO INDICATION OF INJURY,0,0,0,0,0,2,0,14,3,9,41.71834149,-87.68183692,POINT (-87.68183692289 41.718341487678)
JC428882,,9/10/2019 14:40,30,TRAFFIC SIGNAL,FUNCTIONING PROPERLY,CLEAR,DAYLIGHT,SIDESWIPE SAME DIRECTION,DIVIDED - W/MEDIAN (NOT RAISED),,STRAIGHT AND LEVEL,DRY,NO DEFECTS,NOT ON SCENE (DESK REPORT),NO INJURY / DRIVE AWAY,,,Y,"$501 - $1,500",9/11/2019 13:15,UNABLE TO DETERMINE,UNABLE TO DETERMINE,3140,W,COLUMBUS AVE,835,,,,,,,2,NO INDICATION OF INJURY,0,0,0,0,0,2,0,14,3,9,41.75105183,-87.70145667,POINT (-87.701456669655 41.75105183034)
JC427669,,9/10/2019 14:40,30,STOP SIGN/FLASHER,FUNCTIONING PROPERLY,CLEAR,DAYLIGHT,PARKED MOTOR VEHICLE,NOT DIVIDED,,STRAIGHT AND LEVEL,DRY,NO DEFECTS,ON SCENE,NO INJURY / DRIVE AWAY,,,,"OVER $1,500",9/10/2019 14:59,"VISION OBSCURED (SIGNS, TREE LIMBS, BUILDINGS, ETC.)",NOT APPLICABLE,2654,N,KIMBALL AVE,1412,,,,,,,2,NO INDICATION OF INJURY,0,0,0,0,0,2,0,14,3,9,41.93000073,-87.71239229,POINT (-87.712392286088 41.930000734142)
JC435848,,9/10/2019 14:35,15,NO CONTROLS,NO CONTROLS,CLEAR,DAYLIGHT,ANGLE,ALLEY,,STRAIGHT AND LEVEL,DRY,NO DEFECTS,NOT ON SCENE (DESK REPORT),NO INJURY / DRIVE AWAY,,,,"$501 - $1,500",9/16/2019 15:40,FAILING TO YIELD RIGHT-OF-WAY,UNABLE TO DETERMINE,5518,N,WINTHROP AVE,2023,,,,,,,2,NO INDICATION OF INJURY,0,0,0,0,0,2,0,14,3,9,41.98243152,-87.65812879,POINT (-87.658128785753 41.982431515424)
JC427619,,9/10/2019 14:33,15,NO CONTROLS,NO CONTROLS,CLEAR,DAYLIGHT,PARKED MOTOR VEHICLE,OTHER,,STRAIGHT AND LEVEL,DRY,NO DEFECTS,ON SCENE,NO INJURY / DRIVE AWAY,,Y,,"OVER $1,500",9/10/2019 15:04,NOT APPLICABLE,NOT APPLICABLE,3100,S,MICHIGAN AVE,211,,,,,,,2,NO INDICATION OF INJURY,0,0,0,0,0,1,0,14,3,9,41.83824953,-87.62358837,POINT (-87.623588365364 41.838249529106)
JC427820,,9/10/2019 14:30,30,TRAFFIC SIGNAL,FUNCTIONING PROPERLY,CLEAR,DAYLIGHT,TURNING,FOUR WAY,,STRAIGHT AND LEVEL,DRY,NO DEFECTS,NOT ON SCENE (DESK REPORT),NO INJURY / DRIVE AWAY,Y,,,"OVER $1,500",9/10/2019 17:00,FAILING TO YIELD RIGHT-OF-WAY,NOT APPLICABLE,300,W,BELMONT AVE,1925,,,,,,,2,NO INDICATION OF INJURY,0,0,0,0,0,2,0,14,3,9,41.94068746,-87.63809213,POINT (-87.638092128602 41.940687458655)
JC427639,,9/10/2019 14:30,30,TRAFFIC SIGNAL,FUNCTIONING PROPERLY,CLEAR,DAYLIGHT,REAR END,DIVIDED - W/MEDIAN BARRIER,,STRAIGHT AND LEVEL,DRY,NO DEFECTS,ON SCENE,INJURY AND / OR TOW DUE TO CRASH,Y,,,"OVER $1,500",9/10/2019 14:38,UNABLE TO DETERMINE,UNABLE TO DETERMINE,149,E,WACKER DR,114,,,,Y,CONSTRUCTION,Y,2,NONINCAPACITATING INJURY,2,0,0,2,0,0,0,14,3,9,41.88800925,-87.62263983,POINT (-87.62263982452 41.888009248738)
JC429025,,9/10/2019 14:20,30,NO CONTROLS,NO CONTROLS,RAIN,DAYLIGHT,PARKED MOTOR VEHICLE,PARKING LOT,,STRAIGHT AND LEVEL,DRY,NO DEFECTS,NOT ON SCENE (DESK REPORT),NO INJURY / DRIVE AWAY,,Y,,"$501 - $1,500",9/11/2019 15:20,NOT APPLICABLE,NOT APPLICABLE,5601,S,HARLEM AVE,811,,,,,,,2,NO INDICATION OF INJURY,0,0,0,0,0,1,0,14,3,9,41.79004397,-87.8013004,POINT (-87.801300394739 41.790043968552)
JC428911,,9/10/2019 14:15,30,NO CONTROLS,NO CONTROLS,CLEAR,DAYLIGHT,PARKED MOTOR VEHICLE,PARKING LOT,,STRAIGHT AND LEVEL,DRY,NO DEFECTS,NOT ON SCENE (DESK REPORT),NO INJURY / DRIVE AWAY,,Y,Y,"OVER $1,500",9/11/2019 14:35,UNABLE TO DETERMINE,UNABLE TO DETERMINE,10800,S,WESTERN AVE,2212,,,,,,,2,NO INDICATION OF INJURY,0,0,0,0,0,1,0,14,3,9,41.69723821,-87.6814748,POINT (-87.681474804182 41.69723820878)
JC427609,,9/10/2019 14:05,30,TRAFFIC SIGNAL,FUNCTIONING PROPERLY,CLEAR,DAYLIGHT,TURNING,NOT DIVIDED,,STRAIGHT AND LEVEL,DRY,NO DEFECTS,ON SCENE,INJURY AND / OR TOW DUE TO CRASH,Y,,,"OVER $1,500",9/10/2019 14:46,UNABLE TO DETERMINE,UNABLE TO DETERMINE,400,E,MONROE DR,114,,,,,,,2,NO INDICATION OF INJURY,0,0,0,0,0,2,0,14,3,9,41.88102972,-87.61728157,POINT (-87.617281566405 41.881029716883)
JC429001,,9/10/2019 14:00,25,TRAFFIC SIGNAL,FUNCTIONING PROPERLY,CLEAR,DAYLIGHT,REAR END,DIVIDED - W/MEDIAN BARRIER,,STRAIGHT AND LEVEL,DRY,NO DEFECTS,NOT ON SCENE (DESK REPORT),NO INJURY / DRIVE AWAY,,,,"OVER $1,500",9/11/2019 15:00,FOLLOWING TOO CLOSELY,UNABLE TO DETERMINE,1605,E,71ST ST,324,,,,,,,2,NO INDICATION OF INJURY,0,0,0,0,0,2,0,14,3,9,41.76586876,-87.58571467,POINT (-87.58571467377 41.765868757331)
JC427735,,9/10/2019 14:00,30,NO CONTROLS,NO CONTROLS,CLEAR,DAYLIGHT,TURNING,DIVIDED - W/MEDIAN (NOT RAISED),,STRAIGHT AND LEVEL,DRY,NO DEFECTS,ON SCENE,NO INJURY / DRIVE AWAY,,,,"OVER $1,500",9/10/2019 14:03,IMPROPER TURNING/NO SIGNAL,NOT APPLICABLE,1642,W,MONTEREY AVE,2234,,,,,,,2,NO INDICATION OF INJURY,0,0,0,0,0,3,0,14,3,9,41.68975219,-87.66326867,POINT (-87.663268665411 41.68975218496)
JC427576,,9/10/2019 13:57,25,NO CONTROLS,NO CONTROLS,CLEAR,DAYLIGHT,OTHER OBJECT,NOT DIVIDED,,STRAIGHT AND LEVEL,DRY,NO DEFECTS,ON SCENE,INJURY AND / OR TOW DUE TO CRASH,N,,,"OVER $1,500",9/10/2019 14:15,DISREGARDING STOP SIGN,NOT APPLICABLE,10600,S,DR MARTIN LUTHER KING JR DR,512,,,,,,,1,NO INDICATION OF INJURY,0,0,0,0,0,1,0,13,3,9,41.70174417,-87.61376423,POINT (-87.613764231239 41.701744167487)
JC427665,,9/10/2019 13:55,30,NO CONTROLS,NO CONTROLS,CLEAR,DAYLIGHT,REAR END,NOT DIVIDED,,STRAIGHT AND LEVEL,DRY,NO DEFECTS,ON SCENE,INJURY AND / OR TOW DUE TO CRASH,,,,"OVER $1,500",9/10/2019 13:58,FOLLOWING TOO CLOSELY,UNABLE TO DETERMINE,4151,S,CICERO AVE,815,,,,,,,3,NO INDICATION OF INJURY,0,0,0,0,0,3,0,13,3,9,41.81683765,-87.74324845,POINT (-87.743248445592 41.816837647643)
JC427662,Y,9/10/2019 13:50,35,TRAFFIC SIGNAL,FUNCTIONING PROPERLY,CLEAR,DAYLIGHT,TURNING,CENTER TURN LANE,,STRAIGHT AND LEVEL,DRY,UNKNOWN,ON SCENE,NO INJURY / DRIVE AWAY,Y,,Y,"OVER $1,500",9/10/2019 13:50,UNABLE TO DETERMINE,NOT APPLICABLE,4100,S,PULASKI RD,815,,,,,,,2,NO INDICATION OF INJURY,0,0,0,0,0,2,0,13,3,9,41.81834902,-87.72409641,POINT (-87.724096405469 41.818349016985)
JC427697,,9/10/2019 13:45,30,TRAFFIC SIGNAL,FUNCTIONING PROPERLY,CLEAR,DAYLIGHT,SIDESWIPE SAME DIRECTION,NOT DIVIDED,,STRAIGHT AND LEVEL,DRY,UNKNOWN,NOT ON SCENE (DESK REPORT),NO INJURY / DRIVE AWAY,,,Y,"$501 - $1,500",9/10/2019 15:40,IMPROPER LANE USAGE,NOT APPLICABLE,8300,S,HALSTED ST,613,,,,,,,2,NO INDICATION OF INJURY,0,0,0,0,0,2,0,13,3,9,41.74326449,-87.64397498,POINT (-87.643974980157 41.743264490644)
JC427622,,9/10/2019 13:45,30,NO CONTROLS,OTHER,CLEAR,DAYLIGHT,SIDESWIPE SAME DIRECTION,DIVIDED - W/MEDIAN (NOT RAISED),,STRAIGHT AND LEVEL,DRY,UNKNOWN,ON SCENE,INJURY AND / OR TOW DUE TO CRASH,,,,"OVER $1,500",9/10/2019 14:44,DRIVING SKILLS/KNOWLEDGE/EXPERIENCE,UNABLE TO DETERMINE,332,W,OAK ST,1823,,Y,,,,,2,"REPORTED, NOT EVIDENT",1,0,0,0,1,1,0,13,3,9,41.90061701,-87.6372126,POINT (-87.63721260348 41.900617008093)
JC427613,,9/10/2019 13:45,30,TRAFFIC SIGNAL,FUNCTIONING PROPERLY,UNKNOWN,DAYLIGHT,REAR END,UNKNOWN,,STRAIGHT AND LEVEL,UNKNOWN,UNKNOWN,NOT ON SCENE (DESK REPORT),NO INJURY / DRIVE AWAY,,,,"OVER $1,500",9/10/2019 15:00,UNABLE TO DETERMINE,NOT APPLICABLE,9192,S,LAKE SHORE DR,424,,,,,,,2,NO INDICATION OF INJURY,0,0,0,0,0,2,0,13,3,9,41.7286706,-87.54292006,POINT (-87.542920061934 41.728670604174)
JC427644,,9/10/2019 13:40,30,NO CONTROLS,NO CONTROLS,CLEAR,DAYLIGHT,FIXED OBJECT,ONE-WAY,,STRAIGHT AND LEVEL,DRY,DEBRIS ON ROADWAY,ON SCENE,NO INJURY / DRIVE AWAY,,,,"OVER $1,500",9/10/2019 14:38,ROAD CONSTRUCTION/MAINTENANCE,UNABLE TO DETERMINE,5300,S,WELLS ST,935,,,,,,,2,NO INDICATION OF INJURY,0,0,0,0,0,1,0,13,3,9,41.79809434,-87.63206426,POINT (-87.632064259378 41.798094336147)
JC427555,,9/10/2019 13:35,30,STOP SIGN/FLASHER,NO CONTROLS,CLEAR,DAYLIGHT,ANGLE,DIVIDED - W/MEDIAN (NOT RAISED),,STRAIGHT AND LEVEL,DRY,NO DEFECTS,ON SCENE,INJURY AND / OR TOW DUE TO CRASH,,,,"OVER $1,500",9/10/2019 13:38,DISREGARDING STOP SIGN,FAILING TO YIELD RIGHT-OF-WAY,8500,S,STONY ISLAND AVE,412,,Y,,,,,2,NONINCAPACITATING INJURY,1,0,0,1,0,4,0,13,3,9,41.74050623,-87.58587462,POINT (-87.585874619515 41.740506227247)
JC427624,,9/10/2019 13:30,30,NO CONTROLS,NO CONTROLS,CLEAR,DAYLIGHT,TURNING,DIVIDED - W/MEDIAN (NOT RAISED),,STRAIGHT AND LEVEL,DRY,NO DEFECTS,ON SCENE,NO INJURY / DRIVE AWAY,,,Y,"OVER $1,500",9/10/2019 14:40,FAILING TO YIELD RIGHT-OF-WAY,NOT APPLICABLE,3641,W,83RD PL,834,,,,,,,2,NO INDICATION OF INJURY,0,0,0,0,0,2,0,13,3,9,41.74128524,-87.71368666,POINT (-87.713686656648 41.741285236049)
JC427545,,9/10/2019 13:30,30,TRAFFIC SIGNAL,FUNCTIONING PROPERLY,CLEAR,DAYLIGHT,REAR END,DIVIDED - W/MEDIAN (NOT RAISED),,STRAIGHT AND LEVEL,DRY,UNKNOWN,ON SCENE,NO INJURY / DRIVE AWAY,Y,,,"OVER $1,500",9/10/2019 13:46,FAILING TO REDUCE SPEED TO AVOID CRASH,NOT APPLICABLE,5999,N,JERSEY AVE,1711,,,,,,,2,NO INDICATION OF INJURY,0,0,0,0,0,4,0,13,3,9,41.99028671,-87.71085242,POINT (-87.71085241845 41.99028670772)
JC427552,,9/10/2019 13:25,35,TRAFFIC SIGNAL,FUNCTIONING PROPERLY,CLEAR,DAYLIGHT,TURNING,FOUR WAY,,STRAIGHT AND LEVEL,DRY,NO DEFECTS,,NO INJURY / DRIVE AWAY,Y,,,"OVER $1,500",9/10/2019 13:30,NOT APPLICABLE,NOT APPLICABLE,10600,S,AVENUE O,432,,,,,,,2,NO INDICATION OF INJURY,0,0,0,0,0,2,0,13,3,9,41.70266254,-87.54024419,POINT (-87.540244193113 41.702662543523)
JC427658,,9/10/2019 13:24,35,NO CONTROLS,NO CONTROLS,CLOUDY/OVERCAST,DAYLIGHT,PARKED MOTOR VEHICLE,NOT DIVIDED,,STRAIGHT AND LEVEL,DRY,NO DEFECTS,ON SCENE,NO INJURY / DRIVE AWAY,,,,"$501 - $1,500",9/10/2019 13:24,UNABLE TO DETERMINE,NOT APPLICABLE,4627,N,WESTERN AVE,1911,,,,,,,2,NO INDICATION OF INJURY,0,0,0,0,0,2,0,13,3,9,41.96569716,-87.68866715,POINT (-87.688667154148 41.96569715874)
JC427691,,9/10/2019 13:12,30,UNKNOWN,FUNCTIONING PROPERLY,CLEAR,DAYLIGHT,SIDESWIPE SAME DIRECTION,DIVIDED - W/MEDIAN (NOT RAISED),,STRAIGHT AND LEVEL,DRY,NO DEFECTS,NOT ON SCENE (DESK REPORT),NO INJURY / DRIVE AWAY,,,Y,"OVER $1,500",9/10/2019 15:48,UNABLE TO DETERMINE,DRIVING SKILLS/KNOWLEDGE/EXPERIENCE,2064,W,OGDEN AVE,1225,,,,,,,2,NO INDICATION OF INJURY,0,0,0,0,0,2,0,13,3,9,41.87147965,-87.67814324,POINT (-87.678143235531 41.871479650866)
JC427518,,9/10/2019 13:12,35,NO CONTROLS,NO CONTROLS,CLEAR,DAYLIGHT,SIDESWIPE SAME DIRECTION,DIVIDED - W/MEDIAN BARRIER,,STRAIGHT AND LEVEL,DRY,NO DEFECTS,ON SCENE,NO INJURY / DRIVE AWAY,,,,"OVER $1,500",9/10/2019 13:16,UNABLE TO DETERMINE,NOT APPLICABLE,9298,S,STONY ISLAND AVE,413,,,,,,,2,NO INDICATION OF INJURY,0,0,0,0,0,2,0,13,3,9,41.72607614,-87.5855613,POINT (-87.585561304235 41.726076135036)
JC427587,,9/10/2019 13:10,30,NO CONTROLS,NO CONTROLS,CLEAR,DAYLIGHT,REAR END,NOT DIVIDED,,STRAIGHT AND LEVEL,DRY,NO DEFECTS,NOT ON SCENE (DESK REPORT),NO INJURY / DRIVE AWAY,,,,"$501 - $1,500",9/10/2019 14:26,UNABLE TO DETERMINE,UNABLE TO DETERMINE,2500,N,SOUTHPORT AVE,1932,,,,,,,2,NO INDICATION OF INJURY,0,0,0,0,0,2,0,13,3,9,41.92707497,-87.66353109,POINT (-87.663531088917 41.927074970386)
JC427563,,9/10/2019 13:10,25,NO CONTROLS,NO CONTROLS,CLEAR,DAYLIGHT,REAR END,NOT DIVIDED,,STRAIGHT AND LEVEL,DRY,NO DEFECTS,ON SCENE,INJURY AND / OR TOW DUE TO CRASH,,,,"OVER $1,500",9/10/2019 13:13,DRIVING SKILLS/KNOWLEDGE/EXPERIENCE,NOT APPLICABLE,3024,N,PULASKI RD,2523,,,,,,,3,"REPORTED, NOT EVIDENT",1,0,0,0,1,3,0,13,3,9,41.9361373,-87.72724608,POINT (-87.727246078449 41.936137297771)
JC427549,,9/10/2019 13:10,25,TRAFFIC SIGNAL,FUNCTIONING PROPERLY,CLEAR,DAWN,TURNING,DIVIDED - W/MEDIAN (NOT RAISED),,STRAIGHT AND LEVEL,DRY,NO DEFECTS,ON SCENE,NO INJURY / DRIVE AWAY,Y,,,"OVER $1,500",9/10/2019 13:14,NOT APPLICABLE,NOT APPLICABLE,10000,W,OHARE ST,1651,,,,,,,2,NO INDICATION OF INJURY,0,0,0,0,0,2,0,13,3,9,41.97620114,-87.90530913,POINT (-87.905309125103 41.976201139024)
JC427541,,9/10/2019 13:10,30,TRAFFIC SIGNAL,FUNCTIONING PROPERLY,CLEAR,DAYLIGHT,TURNING,NOT DIVIDED,,STRAIGHT AND LEVEL,DRY,NO DEFECTS,ON SCENE,NO INJURY / DRIVE AWAY,Y,,,"$501 - $1,500",9/10/2019 13:18,UNABLE TO DETERMINE,NOT APPLICABLE,1500,W,NORTH AVE,1433,,,,,,,2,NO INDICATION OF INJURY,0,0,0,0,0,2,0,13,3,9,41.91077414,-87.66521777,POINT (-87.665217769273 41.910774139618)
JC427513,Y,9/10/2019 13:10,30,NO CONTROLS,NO CONTROLS,CLEAR,DAYLIGHT,TURNING,NOT DIVIDED,,STRAIGHT AND LEVEL,DRY,NO DEFECTS,ON SCENE,NO INJURY / DRIVE AWAY,Y,,,"OVER $1,500",9/10/2019 13:18,UNABLE TO DETERMINE,UNABLE TO DETERMINE,847,W,IRVING PARK RD,1923,,,,,,,2,NO INDICATION OF INJURY,0,0,0,0,0,2,0,13,3,9,41.95442134,-87.65156295,POINT (-87.651562950911 41.954421342219)
JC427646,,9/10/2019 13:05,30,OTHER WARNING SIGN,FUNCTIONING PROPERLY,CLEAR,DAYLIGHT,REAR TO FRONT,PARKING LOT,,STRAIGHT AND LEVEL,DRY,NO DEFECTS,NOT ON SCENE (DESK REPORT),NO INJURY / DRIVE AWAY,,Y,Y,"$501 - $1,500",9/10/2019 15:05,IMPROPER BACKING,IMPROPER BACKING,2160,S,ARCHER AVE,914,,,,,,,2,NO INDICATION OF INJURY,0,0,0,0,0,3,0,13,3,9,41.85330451,-87.63417688,POINT (-87.634176883447 41.853304512107)