RD_NO,CRASH_DATE_EST_I,CRASH_DATE,POSTED_SPEED_LIMIT,TRAFFIC_CONTROL_DEVICE,DEVICE_CONDITION,WEATHER_CONDITION,LIGHTING_CONDITION,FIRST_CRASH_TYPE,TRAFFICWAY_TYPE,LANE_CNT,ALIGNMENT,ROADWAY_SURFACE_COND,ROAD_DEFECT,REPORT_TYPE,CRASH_TYPE,INTERSECTION_RELATED_I,NOT_RIGHT_OF_WAY_I,HIT_AND_RUN_I,DAMAGE,DATE_POLICE_NOTIFIED,PRIM_CONTRIBUTORY_CAUSE,SEC_CONTRIBUTORY_CAUSE,STREET_NO,STREET_DIRECTION,STREET_NAME,BEAT_OF_OCCURRENCE,PHOTOS_TAKEN_I,STATEMENTS_TAKEN_I,DOORING_I,WORK_ZONE_I,WORK_ZONE_TYPE,WORKERS_PRESENT_I,NUM_UNITS,MOST_SEVERE_INJURY,INJURIES_TOTAL,INJURIES_FATAL,INJURIES_INCAPACITATING,INJURIES_NON_INCAPACITATING,INJURIES_REPORTED_NOT_EVIDENT,INJURIES_NO_INDICATION,INJURIES_UNKNOWN,CRASH_HOUR,CRASH_DAY_OF_WEEK,CRASH_MONTH,LATITUDE,LONGITUDE,LOCATION
JC427521,,9/10/2019 13:05,30,TRAFFIC SIGNAL,FUNCTIONING PROPERLY,CLEAR,DAYLIGHT,TURNING,DIVIDED - W/MEDIAN (NOT RAISED),,STRAIGHT AND LEVEL,DRY,NO DEFECTS,NOT ON SCENE (DESK REPORT),NO INJURY / DRIVE AWAY,Y,,Y,"$501 - $1,500",9/10/2019 13:35,IMPROPER OVERTAKING/PASSING,NOT APPLICABLE,100,E,CERMAK RD,132,,,,,,,2,NO INDICATION OF INJURY,0,0,0,0,0,2,0,13,3,9,41.85297603,-87.62377487,POINT (-87.623774869532 41.852976030122)
JC428557,,9/10/2019 13:00,30,NO CONTROLS,NO CONTROLS,CLEAR,DAYLIGHT,PARKED MOTOR VEHICLE,DIVIDED - W/MEDIAN (NOT RAISED),,STRAIGHT AND LEVEL,DRY,NO DEFECTS,NOT ON SCENE (DESK REPORT),NO INJURY / DRIVE AWAY,,,Y,"OVER $1,500",9/11/2019 9:29,UNABLE TO DETERMINE,NOT APPLICABLE,2813,W,CORTLAND ST,1421,,,,,,,2,NO INDICATION OF INJURY,0,0,0,0,0,1,0,13,3,9,41.9155578,-87.69775352,POINT (-87.697753517974 41.915557795875)
JC427597,,9/10/2019 13:00,30,STOP SIGN/FLASHER,NO CONTROLS,CLEAR,DAYLIGHT,ANGLE,T-INTERSECTION,,STRAIGHT AND LEVEL,DRY,NO DEFECTS,NOT ON SCENE (DESK REPORT),NO INJURY / DRIVE AWAY,,,,"OVER $1,500",9/10/2019 14:20,NOT APPLICABLE,NOT APPLICABLE,8500,S,SOUTH CHICAGO AVE,412,,,,,,,2,NO INDICATION OF INJURY,0,0,0,0,0,2,0,13,3,9,41.74063521,-87.57069143,POINT (-87.57069142722 41.740635212912)
JC427596,,9/10/2019 12:50,15,NO CONTROLS,NO CONTROLS,CLEAR,DAYLIGHT,REAR END,PARKING LOT,,STRAIGHT AND LEVEL,DRY,NO DEFECTS,NOT ON SCENE (DESK REPORT),NO INJURY / DRIVE AWAY,,Y,,"OVER $1,500",9/10/2019 14:30,UNABLE TO DETERMINE,UNABLE TO DETERMINE,1038,W,SHERIDAN RD,2432,,,,,,,2,NO INDICATION OF INJURY,0,0,0,0,0,2,0,12,3,9,41.99832877,-87.65779668,POINT (-87.657796681393 41.998328766377)
JC427497,,9/10/2019 12:40,30,STOP SIGN/FLASHER,FUNCTIONING PROPERLY,CLEAR,DAYLIGHT,PARKED MOTOR VEHICLE,ONE-WAY,,STRAIGHT AND LEVEL,DRY,NO DEFECTS,ON SCENE,NO INJURY / DRIVE AWAY,,,Y,"OVER $1,500",9/10/2019 12:44,UNABLE TO DETERMINE,UNABLE TO DETERMINE,395,E,94TH ST,633,,,,,,,2,NO INDICATION OF INJURY,0,0,0,0,0,1,0,12,3,9,41.72360714,-87.61424769,POINT (-87.614247685548 41.723607137897)
JC427504,,9/10/2019 12:38,30,NO CONTROLS,NO CONTROLS,CLEAR,DAYLIGHT,SIDESWIPE SAME DIRECTION,DIVIDED - W/MEDIAN (NOT RAISED),,STRAIGHT AND LEVEL,DRY,UNKNOWN,NOT ON SCENE (DESK REPORT),NO INJURY / DRIVE AWAY,,,,"OVER $1,500",9/10/2019 13:00,UNABLE TO DETERMINE,UNABLE TO DETERMINE,4323,W,LAWRENCE AVE,1722,,,,,,,3,NO INDICATION OF INJURY,0,0,0,0,0,2,0,12,3,9,41.96804062,-87.73643282,POINT (-87.736432817997 41.968040622725)
JC427482,,9/10/2019 12:35,30,TRAFFIC SIGNAL,FUNCTIONING PROPERLY,CLEAR,DAYLIGHT,REAR END,NOT DIVIDED,,STRAIGHT AND LEVEL,DRY,NO DEFECTS,ON SCENE,NO INJURY / DRIVE AWAY,,,,"OVER $1,500",9/10/2019 12:45,UNABLE TO DETERMINE,UNABLE TO DETERMINE,4150,W,LAWRENCE AVE,1712,,,,,,,2,NO INDICATION OF INJURY,0,0,0,0,0,2,0,12,3,9,41.96830042,-87.73256587,POINT (-87.732565865158 41.968300422956)
JC429204,,9/10/2019 12:30,35,UNKNOWN,UNKNOWN,CLEAR,DAYLIGHT,REAR END,NOT DIVIDED,,STRAIGHT AND LEVEL,DRY,NO DEFECTS,NOT ON SCENE (DESK REPORT),NO INJURY / DRIVE AWAY,,,,"$501 - $1,500",9/10/2019 16:45,UNABLE TO DETERMINE,NOT APPLICABLE,7134,W,GUNNISON ST,1613,,,,,,,2,NO INDICATION OF INJURY,0,0,0,0,0,2,0,12,3,9,41.96838711,-87.806184,POINT (-87.80618399934 41.968387106424)
JC439529,,9/10/2019 12:27,20,NO CONTROLS,NO CONTROLS,CLEAR,DAYLIGHT,PARKED MOTOR VEHICLE,DIVIDED - W/MEDIAN (NOT RAISED),,STRAIGHT AND LEVEL,DRY,NO DEFECTS,NOT ON SCENE (DESK REPORT),NO INJURY / DRIVE AWAY,,,Y,"OVER $1,500",9/19/2019 9:50,UNABLE TO DETERMINE,UNABLE TO DETERMINE,2125,N,STAVE ST,1431,,,,,,,2,NO INDICATION OF INJURY,0,0,0,0,0,1,0,12,3,9,41.9199401,-87.69500338,POINT (-87.695003376435 41.919940102718)
JC427676,,9/10/2019 12:23,30,TRAFFIC SIGNAL,FUNCTIONING PROPERLY,CLEAR,DAYLIGHT,PARKED MOTOR VEHICLE,ONE-WAY,,STRAIGHT AND LEVEL,DRY,NO DEFECTS,ON SCENE,NO INJURY / DRIVE AWAY,,N,,"$501 - $1,500",9/10/2019 15:15,FOLLOWING TOO CLOSELY,IMPROPER OVERTAKING/PASSING,2721,N,SPAULDING AVE,1412,,,,,,,2,NO INDICATION OF INJURY,0,0,0,0,0,1,0,12,3,9,41.93070604,-87.71066171,POINT (-87.710661705168 41.930706043075)
JC427464,,9/10/2019 12:18,30,NO CONTROLS,NO CONTROLS,CLEAR,DAYLIGHT,SIDESWIPE SAME DIRECTION,NOT DIVIDED,,STRAIGHT AND LEVEL,DRY,NO DEFECTS,NOT ON SCENE (DESK REPORT),INJURY AND / OR TOW DUE TO CRASH,,,Y,"OVER $1,500",9/10/2019 12:21,IMPROPER OVERTAKING/PASSING,IMPROPER OVERTAKING/PASSING,10410,S,VINCENNES AVE,2212,,,,,,,2,NONINCAPACITATING INJURY,2,0,0,2,0,2,0,12,3,9,41.70459311,-87.65699097,POINT (-87.656990971375 41.704593106521)
JC427449,,9/10/2019 12:10,25,NO CONTROLS,NO CONTROLS,CLEAR,DAYLIGHT,PARKED MOTOR VEHICLE,NOT DIVIDED,,STRAIGHT AND LEVEL,DRY,NO DEFECTS,ON SCENE,NO INJURY / DRIVE AWAY,,,,"$501 - $1,500",9/10/2019 12:17,UNABLE TO DETERMINE,NOT APPLICABLE,3350,N,PAULINA ST,1922,,,,,,,2,NO INDICATION OF INJURY,0,0,0,0,0,1,0,12,3,9,41.94298705,-87.67133184,POINT (-87.67133183587 41.942987046125)
JC427535,,9/10/2019 12:06,30,TRAFFIC SIGNAL,FUNCTIONING PROPERLY,CLEAR,DAYLIGHT,REAR END,DIVIDED - W/MEDIAN (NOT RAISED),,STRAIGHT AND LEVEL,DRY,UNKNOWN,ON SCENE,INJURY AND / OR TOW DUE TO CRASH,,,,"OVER $1,500",9/10/2019 12:06,FOLLOWING TOO CLOSELY,FOLLOWING TOO CLOSELY,8700,S,LAFAYETTE AVE,634,,,,,,,4,NONINCAPACITATING INJURY,1,0,0,1,0,3,0,12,3,9,41.73616511,-87.62558757,POINT (-87.625587568999 41.736165110086)
JC427456,,9/10/2019 12:01,30,NO CONTROLS,NO CONTROLS,CLEAR,DAYLIGHT,TURNING,NOT DIVIDED,,STRAIGHT AND LEVEL,DRY,NO DEFECTS,ON SCENE,NO INJURY / DRIVE AWAY,,,,"OVER $1,500",9/10/2019 12:10,IMPROPER TURNING/NO SIGNAL,NOT APPLICABLE,3510,S,RHODES AVE,212,,,,,,,2,NO INDICATION OF INJURY,0,0,0,0,0,2,0,12,3,9,41.83083812,-87.61462489,POINT (-87.614624887683 41.830838116221)
JC428011,Y,9/10/2019 12:00,30,NO CONTROLS,NO CONTROLS,UNKNOWN,DAYLIGHT,PARKED MOTOR VEHICLE,NOT DIVIDED,,STRAIGHT AND LEVEL,UNKNOWN,UNKNOWN,NOT ON SCENE (DESK REPORT),NO INJURY / DRIVE AWAY,,,Y,"OVER $1,500",9/10/2019 19:00,UNABLE TO DETERMINE,NOT APPLICABLE,2844,S,WELLS ST,914,,,,,,,2,NO INDICATION OF INJURY,0,0,0,0,0,1,0,12,3,9,41.84122617,-87.63310744,POINT (-87.633107437598 41.841226167092)
JC427424,,9/10/2019 11:57,30,TRAFFIC SIGNAL,FUNCTIONING PROPERLY,CLEAR,DAYLIGHT,REAR END,FOUR WAY,,STRAIGHT AND LEVEL,DRY,NO DEFECTS,ON SCENE,INJURY AND / OR TOW DUE TO CRASH,Y,,,"OVER $1,500",9/10/2019 11:58,DISTRACTION - FROM INSIDE VEHICLE,FAILING TO REDUCE SPEED TO AVOID CRASH,4801,W,WASHINGTON BLVD,1533,,,,,,,2,NO INDICATION OF INJURY,0,0,0,0,0,3,0,11,3,9,41.88170645,-87.74546212,POINT (-87.745462114941 41.881706452614)
JC427446,,9/10/2019 11:50,25,NO CONTROLS,NO CONTROLS,CLEAR,DAYLIGHT,PARKED MOTOR VEHICLE,OTHER,,STRAIGHT AND LEVEL,DRY,NO DEFECTS,NOT ON SCENE (DESK REPORT),NO INJURY / DRIVE AWAY,,,,$500 OR LESS,9/10/2019 12:33,UNABLE TO DETERMINE,UNABLE TO DETERMINE,601,W,JACKSON BLVD,121,,,,,,,2,NO INDICATION OF INJURY,0,0,0,0,0,1,0,11,3,9,41.87788853,-87.64260918,POINT (-87.642609175333 41.877888528978)
JC427433,,9/10/2019 11:50,30,TRAFFIC SIGNAL,FUNCTIONING PROPERLY,CLEAR,DAYLIGHT,ANGLE,FOUR WAY,,STRAIGHT AND LEVEL,DRY,NO DEFECTS,ON SCENE,INJURY AND / OR TOW DUE TO CRASH,Y,,,"OVER $1,500",9/10/2019 12:02,DISREGARDING TRAFFIC SIGNALS,FAILING TO REDUCE SPEED TO AVOID CRASH,2632,W,111TH ST,2212,,,,,,,2,NONINCAPACITATING INJURY,2,0,0,2,0,0,0,11,3,9,41.69183629,-87.68736448,POINT (-87.687364481974 41.691836285576)
JC427430,,9/10/2019 11:47,30,NO CONTROLS,NO CONTROLS,CLEAR,DAYLIGHT,REAR END,ONE-WAY,,STRAIGHT AND LEVEL,DRY,NO DEFECTS,ON SCENE,INJURY AND / OR TOW DUE TO CRASH,,,Y,"$501 - $1,500",9/10/2019 11:53,DRIVING SKILLS/KNOWLEDGE/EXPERIENCE,IMPROPER OVERTAKING/PASSING,310,S,CLARK ST,122,,,,,,,2,"REPORTED, NOT EVIDENT",2,0,0,0,2,3,0,11,3,9,41.87785503,-87.63092417,POINT (-87.630924165209 41.877855031512)
JC427440,,9/10/2019 11:46,30,NO CONTROLS,NO CONTROLS,CLEAR,DAYLIGHT,TURNING,DIVIDED - W/MEDIAN (NOT RAISED),,STRAIGHT AND LEVEL,DRY,NO DEFECTS,NOT ON SCENE (DESK REPORT),NO INJURY / DRIVE AWAY,,,,$500 OR LESS,9/10/2019 12:15,UNABLE TO DETERMINE,UNABLE TO DETERMINE,3610,N,WESTERN AVE,1921,,,,,,,2,NO INDICATION OF INJURY,0,0,0,0,0,3,0,11,3,9,41.94710069,-87.68841372,POINT (-87.688413719427 41.947100686508)
JC427726,,9/10/2019 11:45,30,UNKNOWN,UNKNOWN,CLEAR,DAYLIGHT,PARKED MOTOR VEHICLE,ONE-WAY,,STRAIGHT AND LEVEL,DRY,NO DEFECTS,NOT ON SCENE (DESK REPORT),NO INJURY / DRIVE AWAY,,,Y,"OVER $1,500",9/10/2019 16:10,UNABLE TO DETERMINE,UNABLE TO DETERMINE,3056,N,OKETO AVE,2511,,,,,,,2,NO INDICATION OF INJURY,0,0,0,0,0,1,0,11,3,9,41.93609153,-87.81171205,POINT (-87.811712050375 41.936091527776)
JC427416,,9/10/2019 11:45,35,TRAFFIC SIGNAL,FUNCTIONING PROPERLY,CLEAR,DAYLIGHT,TURNING,FOUR WAY,,STRAIGHT AND LEVEL,DRY,NO DEFECTS,ON SCENE,NO INJURY / DRIVE AWAY,Y,Y,,"OVER $1,500",9/10/2019 11:53,IMPROPER TURNING/NO SIGNAL,DRIVING SKILLS/KNOWLEDGE/EXPERIENCE,1200,E,47TH ST,222,,,,,,,2,NO INDICATION OF INJURY,0,0,0,0,0,2,0,11,3,9,41.80975215,-87.59674728,POINT (-87.596747276481 41.809752144966)
JC427403,,9/10/2019 11:45,30,NO CONTROLS,NO CONTROLS,CLEAR,DAYLIGHT,PARKED MOTOR VEHICLE,ONE-WAY,,STRAIGHT AND LEVEL,DRY,UNKNOWN,NOT ON SCENE (DESK REPORT),NO INJURY / DRIVE AWAY,N,,,"OVER $1,500",9/10/2019 12:15,IMPROPER LANE USAGE,NOT APPLICABLE,255,E,JACKSON DR,114,,,,,,,2,NO INDICATION OF INJURY,0,0,0,0,0,1,0,11,3,9,41.87822059,-87.62076223,POINT (-87.620762232986 41.878220589803)
JC427358,,9/10/2019 11:45,15,NO CONTROLS,NO CONTROLS,CLEAR,DAYLIGHT,PARKED MOTOR VEHICLE,NOT DIVIDED,,STRAIGHT AND LEVEL,DRY,NO DEFECTS,ON SCENE,NO INJURY / DRIVE AWAY,,,,$500 OR LESS,9/10/2019 11:45,IMPROPER BACKING,NOT APPLICABLE,2330,W,27TH ST,1034,,,,,,,2,NO INDICATION OF INJURY,0,0,0,0,0,1,0,11,3,9,41.84355258,-87.68423602,POINT (-87.684236017944 41.843552579924)
JC427405,,9/10/2019 11:44,30,NO CONTROLS,NO CONTROLS,CLEAR,DAYLIGHT,ANGLE,DIVIDED - W/MEDIAN (NOT RAISED),,STRAIGHT AND LEVEL,DRY,NO DEFECTS,ON SCENE,INJURY AND / OR TOW DUE TO CRASH,,,Y,"OVER $1,500",9/10/2019 11:44,DRIVING ON WRONG SIDE/WRONG WAY,UNABLE TO DETERMINE,3531,W,26TH ST,1032,,,,,,,2,INCAPACITATING INJURY,3,0,1,1,1,1,0,11,3,9,41.8442913,-87.71350469,POINT (-87.713504692654 41.84429129905)
JC427425,,9/10/2019 11:40,25,TRAFFIC SIGNAL,FUNCTIONING PROPERLY,CLEAR,DAYLIGHT,TURNING,DIVIDED - W/MEDIAN (NOT RAISED),,STRAIGHT AND LEVEL,DRY,NO DEFECTS,ON SCENE,NO INJURY / DRIVE AWAY,,,Y,"OVER $1,500",9/10/2019 11:45,FAILING TO REDUCE SPEED TO AVOID CRASH,IMPROPER LANE USAGE,1811,S,ASHLAND AVE,1233,,,,,,,8,NO INDICATION OF INJURY,0,0,0,0,0,5,0,11,3,9,41.85743536,-87.66598691,POINT (-87.665986910059 41.857435362107)
JC427391,,9/10/2019 11:35,30,NO CONTROLS,NO CONTROLS,CLEAR,DAYLIGHT,PARKED MOTOR VEHICLE,OTHER,,STRAIGHT AND LEVEL,DRY,NO DEFECTS,ON SCENE,NO INJURY / DRIVE AWAY,,,,"OVER $1,500",9/10/2019 11:40,UNABLE TO DETERMINE,UNABLE TO DETERMINE,6344,N,CALIFORNIA AVE,2413,,,,,,,2,NO INDICATION OF INJURY,0,0,0,0,0,3,0,11,3,9,41.99707862,-87.69976981,POINT (-87.699769805433 41.997078623286)
JC428107,,9/10/2019 11:28,30,TRAFFIC SIGNAL,FUNCTIONING PROPERLY,CLEAR,DAYLIGHT,TURNING,NOT DIVIDED,,STRAIGHT AND LEVEL,DRY,NO DEFECTS,NOT ON SCENE (DESK REPORT),NO INJURY / DRIVE AWAY,,,,$500 OR LESS,9/10/2019 20:15,IMPROPER LANE USAGE,UNABLE TO DETERMINE,6800,N,OZARK AVE,1612,,,,,,,2,NO INDICATION OF INJURY,0,0,0,0,0,2,0,11,3,9,42.00447726,-87.82104046,POINT (-87.821040463423 42.004477256179)
JC427407,,9/10/2019 11:28,30,NO CONTROLS,NO CONTROLS,CLEAR,DAYLIGHT,SIDESWIPE SAME DIRECTION,DIVIDED - W/MEDIAN BARRIER,,STRAIGHT AND LEVEL,DRY,NO DEFECTS,ON SCENE,NO INJURY / DRIVE AWAY,,,,"OVER $1,500",9/10/2019 11:29,FAILING TO REDUCE SPEED TO AVOID CRASH,NOT APPLICABLE,5831,S,CICERO AVE,813,,,,Y,CONSTRUCTION,,2,NO INDICATION OF INJURY,0,0,0,0,0,2,0,11,3,9,41.78682244,-87.74121612,POINT (-87.741216118326 41.786822442941)
JC427380,,9/10/2019 11:28,30,NO CONTROLS,NO CONTROLS,CLEAR,DAYLIGHT,FIXED OBJECT,NOT DIVIDED,,STRAIGHT AND LEVEL,DRY,UNKNOWN,ON SCENE,NO INJURY / DRIVE AWAY,,,,"OVER $1,500",9/10/2019 11:29,NOT APPLICABLE,NOT APPLICABLE,1901,W,WEBSTER AVE,1432,,,,,,,1,NO INDICATION OF INJURY,0,0,0,0,0,1,0,11,3,9,41.92132592,-87.67520185,POINT (-87.675201848457 41.921325918375)
JC427402,,9/10/2019 11:19,30,TRAFFIC SIGNAL,FUNCTIONING PROPERLY,CLEAR,DAYLIGHT,PEDALCYCLIST,NOT DIVIDED,,STRAIGHT AND LEVEL,DRY,NO DEFECTS,ON SCENE,INJURY AND / OR TOW DUE TO CRASH,Y,,,"OVER $1,500",9/10/2019 11:19,UNABLE TO DETERMINE,UNABLE TO DETERMINE,2199,W,CHICAGO AVE,1221,,Y,,,,,2,NONINCAPACITATING INJURY,1,0,0,1,0,1,0,11,3,9,41.89571957,-87.68182312,POINT (-87.681823119563 41.895719570041)
JC427397,,9/10/2019 11:15,35,NO CONTROLS,NO CONTROLS,CLEAR,DAYLIGHT,SIDESWIPE SAME DIRECTION,DIVIDED - W/MEDIAN BARRIER,,STRAIGHT AND LEVEL,DRY,NO DEFECTS,ON SCENE,NO INJURY / DRIVE AWAY,,,,"OVER $1,500",9/10/2019 11:30,UNABLE TO DETERMINE,NOT APPLICABLE,8941,S,WESTERN AVE,2221,,,,,,,2,NO INDICATION OF INJURY,0,0,0,0,0,3,0,11,3,9,41.73065657,-87.6822169,POINT (-87.682216897976 41.730656566664)
JC427522,,9/10/2019 11:10,30,NO CONTROLS,NO CONTROLS,CLEAR,DAYLIGHT,REAR END,NOT DIVIDED,,STRAIGHT AND LEVEL,DRY,NO DEFECTS,NOT ON SCENE (DESK REPORT),NO INJURY / DRIVE AWAY,,,,"OVER $1,500",9/10/2019 13:25,FOLLOWING TOO CLOSELY,FOLLOWING TOO CLOSELY,1600,S,CALIFORNIA BLVD,1022,,,,,,,2,NO INDICATION OF INJURY,0,0,0,0,0,2,0,11,3,9,41.85912714,-87.69583575,POINT (-87.69583574575 41.859127137274)
JC427388,,9/10/2019 11:10,30,NO CONTROLS,NO CONTROLS,CLEAR,DAYLIGHT,PARKED MOTOR VEHICLE,NOT DIVIDED,,STRAIGHT AND LEVEL,DRY,NO DEFECTS,ON SCENE,INJURY AND / OR TOW DUE TO CRASH,,,,"OVER $1,500",9/10/2019 11:19,EQUIPMENT - VEHICLE CONDITION,UNABLE TO DETERMINE,5213,W,WASHINGTON BLVD,1522,,,,,,,3,NO INDICATION OF INJURY,0,0,0,0,0,1,0,11,3,9,41.88225094,-87.75574586,POINT (-87.755745863422 41.882250936893)
JC427370,,9/10/2019 11:10,30,OTHER,OTHER,CLEAR,DAYLIGHT,FIXED OBJECT,ONE-WAY,,STRAIGHT ON GRADE,DRY,NO DEFECTS,ON SCENE,INJURY AND / OR TOW DUE TO CRASH,,,,"OVER $1,500",9/10/2019 11:33,FAILING TO REDUCE SPEED TO AVOID CRASH,NOT APPLICABLE,331,E,LOWER WACKER DR,114,,,,Y,CONSTRUCTION,Y,1,NONINCAPACITATING INJURY,1,0,0,1,0,0,0,11,3,9,41.88749889,-87.61928309,POINT (-87.619283090242 41.887498887223)
JC428799,Y,9/10/2019 11:00,15,NO CONTROLS,NO CONTROLS,CLEAR,DAYLIGHT,PARKED MOTOR VEHICLE,ONE-WAY,,STRAIGHT AND LEVEL,DRY,NO DEFECTS,NOT ON SCENE (DESK REPORT),NO INJURY / DRIVE AWAY,,,Y,"$501 - $1,500",9/11/2019 12:36,UNABLE TO DETERMINE,UNABLE TO DETERMINE,60,E,70TH ST,322,,,,,,,2,NO INDICATION OF INJURY,0,0,0,0,0,1,0,11,3,9,41.76749015,-87.62262838,POINT (-87.622628375876 41.767490150347)
JC427341,,9/10/2019 11:00,35,NO CONTROLS,NO CONTROLS,CLEAR,DAYLIGHT,REAR END,DIVIDED - W/MEDIAN BARRIER,,STRAIGHT AND LEVEL,DRY,NO DEFECTS,ON SCENE,INJURY AND / OR TOW DUE TO CRASH,,,,"OVER $1,500",9/10/2019 11:03,FOLLOWING TOO CLOSELY,UNABLE TO DETERMINE,5470,W,MADISON ST,1522,,,,,,,2,"REPORTED, NOT EVIDENT",1,0,0,0,1,2,0,11,3,9,41.88038164,-87.76296899,POINT (-87.762968988375 41.880381636844)
JC427340,,9/10/2019 11:00,40,TRAFFIC SIGNAL,FUNCTIONING PROPERLY,CLEAR,DAYLIGHT,REAR END,DIVIDED - W/MEDIAN (NOT RAISED),,STRAIGHT AND LEVEL,DRY,NO DEFECTS,ON SCENE,NO INJURY / DRIVE AWAY,,,,"OVER $1,500",9/10/2019 11:20,UNABLE TO DETERMINE,NOT APPLICABLE,4001,S,PULASKI RD,821,,,,,,,2,NO INDICATION OF INJURY,0,0,0,0,0,2,0,11,3,9,41.81905229,-87.72381922,POINT (-87.723819221579 41.819052289717)
JC427536,Y,9/10/2019 10:50,30,NO CONTROLS,NO CONTROLS,UNKNOWN,UNKNOWN,PARKED MOTOR VEHICLE,PARKING LOT,,STRAIGHT AND LEVEL,UNKNOWN,UNKNOWN,ON SCENE,NO INJURY / DRIVE AWAY,,Y,N,$500 OR LESS,9/10/2019 13:05,UNABLE TO DETERMINE,UNABLE TO DETERMINE,112,W,87TH ST,622,,,,,,,2,NO INDICATION OF INJURY,0,0,0,0,0,1,0,10,3,9,41.73638005,-87.62750922,POINT (-87.627509219026 41.736380045588)
JC427321,,9/10/2019 10:44,20,NO CONTROLS,NO CONTROLS,CLEAR,DAYLIGHT,SIDESWIPE SAME DIRECTION,ONE-WAY,,STRAIGHT AND LEVEL,DRY,NO DEFECTS,ON SCENE,NO INJURY / DRIVE AWAY,,,,$500 OR LESS,9/10/2019 10:50,UNABLE TO DETERMINE,NOT APPLICABLE,3908,N,CENTRAL PARK AVE,1732,,,,,,,2,NO INDICATION OF INJURY,0,0,0,0,0,2,0,10,3,9,41.95223541,-87.71791524,POINT (-87.717915238716 41.95223541249)
JC427477,,9/10/2019 10:40,30,NO CONTROLS,NO CONTROLS,CLEAR,DAYLIGHT,SIDESWIPE SAME DIRECTION,DIVIDED - W/MEDIAN (NOT RAISED),,STRAIGHT AND LEVEL,DRY,UNKNOWN,NOT ON SCENE (DESK REPORT),NO INJURY / DRIVE AWAY,,,,"$501 - $1,500",9/10/2019 12:55,UNABLE TO DETERMINE,UNABLE TO DETERMINE,7329,N,WESTERN AVE,2411,,,,,,,2,NO INDICATION OF INJURY,0,0,0,0,0,3,0,10,3,9,42.01500032,-87.69007231,POINT (-87.690072310592 42.015000323387)
JC427325,,9/10/2019 10:36,25,TRAFFIC SIGNAL,FUNCTIONING PROPERLY,CLEAR,"DARKNESS, LIGHTED ROAD",FIXED OBJECT,DIVIDED - W/MEDIAN BARRIER,,STRAIGHT AND LEVEL,DRY,NO DEFECTS,ON SCENE,INJURY AND / OR TOW DUE TO CRASH,Y,,,"OVER $1,500",9/10/2019 10:39,DISTRACTION - FROM INSIDE VEHICLE,NOT APPLICABLE,64,W,LOWER WACKER DR,111,,,,,,,1,NONINCAPACITATING INJURY,1,0,0,1,0,0,0,10,3,9,41.8870693,-87.63036787,POINT (-87.630367868642 41.887069304408)
JC427900,,9/10/2019 10:30,20,STOP SIGN/FLASHER,NO CONTROLS,CLEAR,DAYLIGHT,PARKED MOTOR VEHICLE,ONE-WAY,,STRAIGHT AND LEVEL,DRY,NO DEFECTS,ON SCENE,NO INJURY / DRIVE AWAY,,,Y,"OVER $1,500",9/10/2019 14:25,UNABLE TO DETERMINE,UNABLE TO DETERMINE,7501,S,WOLCOTT AVE,611,,,,,,,2,NO INDICATION OF INJURY,0,0,0,0,0,1,0,10,3,9,41.75734992,-87.67075844,POINT (-87.670758434753 41.757349916763)
JC427372,,9/10/2019 10:30,30,NO CONTROLS,NO CONTROLS,CLEAR,DAYLIGHT,REAR END,NOT DIVIDED,,STRAIGHT AND LEVEL,DRY,NO DEFECTS,NOT ON SCENE (DESK REPORT),NO INJURY / DRIVE AWAY,,,,"$501 - $1,500",9/10/2019 11:25,UNABLE TO DETERMINE,FOLLOWING TOO CLOSELY,800,W,53RD ST,934,,,,,,,2,NO INDICATION OF INJURY,0,0,0,0,0,3,0,10,3,9,41.79795031,-87.64537294,POINT (-87.645372938665 41.797950310685)
JC427319,,9/10/2019 10:30,30,NO CONTROLS,NO CONTROLS,CLEAR,DAYLIGHT,SIDESWIPE SAME DIRECTION,NOT DIVIDED,,STRAIGHT AND LEVEL,DRY,NO DEFECTS,ON SCENE,NO INJURY / DRIVE AWAY,,,Y,"OVER $1,500",9/10/2019 10:30,UNABLE TO DETERMINE,UNABLE TO DETERMINE,1925,W,FOSTER AVE,2032,,,,,,,2,NO INDICATION OF INJURY,0,0,0,0,0,2,0,10,3,9,41.97594976,-87.67747544,POINT (-87.677475437369 41.975949762352)
JC427294,,9/10/2019 10:20,30,STOP SIGN/FLASHER,FUNCTIONING PROPERLY,CLEAR,DAYLIGHT,ANGLE,NOT DIVIDED,,STRAIGHT AND LEVEL,DRY,NO DEFECTS,ON SCENE,INJURY AND / OR TOW DUE TO CRASH,Y,,,"OVER $1,500",9/10/2019 10:26,FAILING TO YIELD RIGHT-OF-WAY,NOT APPLICABLE,2800,S,LAWNDALE AVE,1031,,,,,,,2,NO INDICATION OF INJURY,0,0,0,0,0,3,0,10,3,9,41.84058932,-87.71727702,POINT (-87.717277014539 41.840589317411)
JC427306,,9/10/2019 10:05,30,NO CONTROLS,NO CONTROLS,CLEAR,DAYLIGHT,SIDESWIPE SAME DIRECTION,DIVIDED - W/MEDIAN BARRIER,,STRAIGHT AND LEVEL,DRY,NO DEFECTS,NOT ON SCENE (DESK REPORT),NO INJURY / DRIVE AWAY,,,,"$501 - $1,500",9/10/2019 10:35,IMPROPER OVERTAKING/PASSING,NOT APPLICABLE,300,E,LOWER WACKER DR,114,,,,,,,2,NO INDICATION OF INJURY,0,0,0,0,0,3,0,10,3,9,41.88808207,-87.62050117,POINT (-87.620501170849 41.888082067345)