RD_NO,CRASH_DATE_EST_I,CRASH_DATE,POSTED_SPEED_LIMIT,TRAFFIC_CONTROL_DEVICE,DEVICE_CONDITION,WEATHER_CONDITION,LIGHTING_CONDITION,FIRST_CRASH_TYPE,TRAFFICWAY_TYPE,LANE_CNT,ALIGNMENT,ROADWAY_SURFACE_COND,ROAD_DEFECT,REPORT_TYPE,CRASH_TYPE,INTERSECTION_RELATED_I,NOT_RIGHT_OF_WAY_I,HIT_AND_RUN_I,DAMAGE,DATE_POLICE_NOTIFIED,PRIM_CONTRIBUTORY_CAUSE,SEC_CONTRIBUTORY_CAUSE,STREET_NO,STREET_DIRECTION,STREET_NAME,BEAT_OF_OCCURRENCE,PHOTOS_TAKEN_I,STATEMENTS_TAKEN_I,DOORING_I,WORK_ZONE_I,WORK_ZONE_TYPE,WORKERS_PRESENT_I,NUM_UNITS,MOST_SEVERE_INJURY,INJURIES_TOTAL,INJURIES_FATAL,INJURIES_INCAPACITATING,INJURIES_NON_INCAPACITATING,INJURIES_REPORTED_NOT_EVIDENT,INJURIES_NO_INDICATION,INJURIES_UNKNOWN,CRASH_HOUR,CRASH_DAY_OF_WEEK,CRASH_MONTH,LATITUDE,LONGITUDE,LOCATION
JC429465,Y,9/10/2019 10:00,55,NO CONTROLS,UNKNOWN,CLEAR,DAYLIGHT,REAR END,DIVIDED - W/MEDIAN BARRIER,,STRAIGHT AND LEVEL,DRY,UNKNOWN,NOT ON SCENE (DESK REPORT),NO INJURY / DRIVE AWAY,,,,"OVER $1,500",9/11/2019 20:10,FOLLOWING TOO CLOSELY,FAILING TO REDUCE SPEED TO AVOID CRASH,250,S,LAKE SHORE DR NB,114,,,,,,,2,NO INDICATION OF INJURY,0,0,0,0,0,2,0,10,3,9,41.8784407,-87.6173488,POINT (-87.617348797248 41.878440697831)
JC427606,,9/10/2019 10:00,30,NO CONTROLS,NO CONTROLS,CLEAR,DAYLIGHT,PARKED MOTOR VEHICLE,NOT DIVIDED,,STRAIGHT AND LEVEL,DRY,NO DEFECTS,NOT ON SCENE (DESK REPORT),NO INJURY / DRIVE AWAY,,,Y,"$501 - $1,500",9/10/2019 14:40,UNABLE TO DETERMINE,UNABLE TO DETERMINE,5545,N,MILWAUKEE AVE,1622,,,,,,,2,NO INDICATION OF INJURY,0,0,0,0,0,1,0,10,3,9,41.98274161,-87.7740155,POINT (-87.774015496975 41.982741611626)
JC427344,,9/10/2019 10:00,30,NO CONTROLS,NO CONTROLS,CLEAR,DAYLIGHT,REAR END,PARKING LOT,,STRAIGHT AND LEVEL,DRY,UNKNOWN,NOT ON SCENE (DESK REPORT),INJURY AND / OR TOW DUE TO CRASH,,,Y,"$501 - $1,500",9/10/2019 11:00,UNABLE TO DETERMINE,UNABLE TO DETERMINE,5724,S,KEDZIE AVE,822,,,,,,,2,"REPORTED, NOT EVIDENT",1,0,0,0,1,4,0,10,3,9,41.78911255,-87.70357973,POINT (-87.703579726608 41.789112548017)
JC427342,,9/10/2019 10:00,10,NO CONTROLS,NO CONTROLS,CLEAR,DAYLIGHT,REAR TO FRONT,OTHER,,STRAIGHT AND LEVEL,DRY,NO DEFECTS,NOT ON SCENE (DESK REPORT),NO INJURY / DRIVE AWAY,,Y,,"OVER $1,500",9/10/2019 11:10,IMPROPER BACKING,UNABLE TO DETERMINE,1900,W,JACKSON BLVD,1225,,,,,,,2,NO INDICATION OF INJURY,0,0,0,0,0,2,0,10,3,9,41.87761166,-87.67422787,POINT (-87.674227867806 41.877611658237)
JC427335,,9/10/2019 10:00,30,TRAFFIC SIGNAL,FUNCTIONING PROPERLY,CLEAR,DAYLIGHT,TURNING,NOT DIVIDED,,STRAIGHT AND LEVEL,DRY,NO DEFECTS,NOT ON SCENE (DESK REPORT),NO INJURY / DRIVE AWAY,Y,,,"OVER $1,500",9/10/2019 11:00,UNABLE TO DETERMINE,UNABLE TO DETERMINE,1950,W,IRVING PARK RD,1912,,,,,,,2,NO INDICATION OF INJURY,0,0,0,0,0,3,0,10,3,9,41.95427214,-87.67833443,POINT (-87.678334431579 41.954272136002)
JC427305,,9/10/2019 10:00,15,NO CONTROLS,NO CONTROLS,CLEAR,DAYLIGHT,PARKED MOTOR VEHICLE,PARKING LOT,,STRAIGHT AND LEVEL,DRY,NO DEFECTS,NOT ON SCENE (DESK REPORT),NO INJURY / DRIVE AWAY,,,Y,"OVER $1,500",9/10/2019 10:30,UNABLE TO DETERMINE,UNABLE TO DETERMINE,4010,W,LAWRENCE AVE,1712,,,,,,,2,NO INDICATION OF INJURY,0,0,0,0,0,1,0,10,3,9,41.96834599,-87.72851802,POINT (-87.728518020177 41.968345986776)
JC427284,,9/10/2019 10:00,30,NO CONTROLS,NO CONTROLS,CLEAR,DAYLIGHT,HEAD ON,NOT DIVIDED,,STRAIGHT ON GRADE,DRY,NO DEFECTS,ON SCENE,INJURY AND / OR TOW DUE TO CRASH,Y,,,"OVER $1,500",9/10/2019 10:15,UNABLE TO DETERMINE,UNABLE TO DETERMINE,529,E,73RD ST,323,,,,,,,2,NO INDICATION OF INJURY,0,0,0,0,0,2,0,10,3,9,41.76201301,-87.61160867,POINT (-87.611608670977 41.762013010327)
JC427296,,9/10/2019 9:50,30,NO CONTROLS,NO CONTROLS,CLEAR,DAYLIGHT,ANGLE,NOT DIVIDED,,STRAIGHT AND LEVEL,DRY,NO DEFECTS,ON SCENE,NO INJURY / DRIVE AWAY,Y,,,"OVER $1,500",9/10/2019 9:51,UNABLE TO DETERMINE,NOT APPLICABLE,2146,S,HOYNE AVE,1234,,,,,,,2,NO INDICATION OF INJURY,0,0,0,0,0,2,0,9,3,9,41.8525641,-87.67844899,POINT (-87.678448990887 41.852564101006)
JC427255,,9/10/2019 9:43,35,UNKNOWN,UNKNOWN,CLEAR,DAYLIGHT,SIDESWIPE SAME DIRECTION,RAMP,,"CURVE, LEVEL",DRY,NO DEFECTS,ON SCENE,NO INJURY / DRIVE AWAY,,,Y,"OVER $1,500",9/10/2019 9:45,UNABLE TO DETERMINE,NOT APPLICABLE,1436,E,103RD ST,511,,,,,,,2,NO INDICATION OF INJURY,0,0,0,0,0,2,0,9,3,9,41.70784496,-87.58893873,POINT (-87.588938725188 41.707844955085)
JC427324,,9/10/2019 9:30,10,NO CONTROLS,NO CONTROLS,CLEAR,DAYLIGHT,PARKED MOTOR VEHICLE,PARKING LOT,,STRAIGHT AND LEVEL,DRY,NO DEFECTS,ON SCENE,NO INJURY / DRIVE AWAY,,,Y,"$501 - $1,500",9/10/2019 10:16,NOT APPLICABLE,NOT APPLICABLE,11411,S,EGGLESTON AVE,2233,,,,N,,,2,NO INDICATION OF INJURY,0,0,0,0,0,1,0,9,3,9,41.68663682,-87.63359476,POINT (-87.633594760174 41.686636820704)
JC427288,,9/10/2019 9:30,30,STOP SIGN/FLASHER,NO CONTROLS,CLEAR,DAYLIGHT,PARKED MOTOR VEHICLE,ONE-WAY,,STRAIGHT AND LEVEL,DRY,UNKNOWN,NOT ON SCENE (DESK REPORT),NO INJURY / DRIVE AWAY,,,,"$501 - $1,500",9/10/2019 10:30,UNABLE TO DETERMINE,UNABLE TO DETERMINE,5312,N,BERNARD ST,1712,,,,,,,2,NO INDICATION OF INJURY,0,0,0,0,0,1,0,9,3,9,41.97794285,-87.71496155,POINT (-87.714961549135 41.977942853393)
JC427281,,9/10/2019 9:30,10,NO CONTROLS,NO CONTROLS,CLEAR,DAYLIGHT,ANGLE,PARKING LOT,,STRAIGHT AND LEVEL,DRY,NO DEFECTS,NOT ON SCENE (DESK REPORT),NO INJURY / DRIVE AWAY,,,,"OVER $1,500",9/10/2019 10:30,UNABLE TO DETERMINE,NOT APPLICABLE,3541,N,CICERO AVE,1731,,,,,,,2,NO INDICATION OF INJURY,0,0,0,0,0,2,0,9,3,9,41.94590506,-87.74690752,POINT (-87.746907515773 41.945905064376)
JC427266,,9/10/2019 9:30,30,NO CONTROLS,NO CONTROLS,CLEAR,DAYLIGHT,SIDESWIPE SAME DIRECTION,NOT DIVIDED,,STRAIGHT AND LEVEL,DRY,SHOULDER DEFECT,NOT ON SCENE (DESK REPORT),NO INJURY / DRIVE AWAY,,,,$500 OR LESS,9/10/2019 10:10,UNABLE TO DETERMINE,UNABLE TO DETERMINE,1118,W,FULLERTON AVE,1932,,,,,,,2,NO INDICATION OF INJURY,0,0,0,0,0,2,0,9,3,9,41.92543093,-87.6567514,POINT (-87.656751396342 41.92543092801)
JC427258,,9/10/2019 9:30,30,STOP SIGN/FLASHER,FUNCTIONING PROPERLY,CLEAR,DAYLIGHT,ANGLE,DIVIDED - W/MEDIAN BARRIER,,STRAIGHT AND LEVEL,DRY,NO DEFECTS,NOT ON SCENE (DESK REPORT),NO INJURY / DRIVE AWAY,,,,"OVER $1,500",9/10/2019 10:00,FAILING TO YIELD RIGHT-OF-WAY,UNABLE TO DETERMINE,431,S,ASHLAND AVE,1231,,,,,,,2,NO INDICATION OF INJURY,0,0,0,0,0,2,0,9,3,9,41.8754767,-87.66648922,POINT (-87.666489215686 41.875476700169)
JC427245,,9/10/2019 9:22,30,TRAFFIC SIGNAL,FUNCTIONING PROPERLY,CLEAR,DAYLIGHT,TURNING,NOT DIVIDED,,STRAIGHT AND LEVEL,DRY,UNKNOWN,NOT ON SCENE (DESK REPORT),NO INJURY / DRIVE AWAY,Y,,,"OVER $1,500",9/10/2019 9:50,UNABLE TO DETERMINE,NOT APPLICABLE,500,W,ROOSEVELT RD,124,,,,,,,2,NO INDICATION OF INJURY,0,0,0,0,0,2,0,9,3,9,41.86736269,-87.6392932,POINT (-87.639293194642 41.867362692617)
JC427371,,9/10/2019 9:15,30,NO CONTROLS,NO CONTROLS,CLEAR,DAYLIGHT,TURNING,DIVIDED - W/MEDIAN (NOT RAISED),,STRAIGHT AND LEVEL,DRY,NO DEFECTS,NOT ON SCENE (DESK REPORT),NO INJURY / DRIVE AWAY,,,,"$501 - $1,500",9/10/2019 11:30,IMPROPER TURNING/NO SIGNAL,NOT APPLICABLE,2401,W,OGDEN AVE,1023,,,,,,,2,NO INDICATION OF INJURY,0,0,0,0,0,3,0,9,3,9,41.86464673,-87.68600251,POINT (-87.686002512195 41.864646729616)
JC427277,Y,9/10/2019 9:15,30,NO CONTROLS,NO CONTROLS,CLEAR,DAYLIGHT,PARKED MOTOR VEHICLE,NOT DIVIDED,,STRAIGHT AND LEVEL,DRY,UNKNOWN,ON SCENE,INJURY AND / OR TOW DUE TO CRASH,,,,"OVER $1,500",9/10/2019 9:42,UNABLE TO DETERMINE,UNABLE TO DETERMINE,1021,S,AUSTIN BLVD,1513,,,,,,,3,NO INDICATION OF INJURY,0,0,0,0,0,1,0,9,3,9,41.8684591,-87.77409217,POINT (-87.7740921687 41.868459095777)
JC427257,,9/10/2019 9:15,25,TRAFFIC SIGNAL,FUNCTIONING PROPERLY,CLEAR,DAYLIGHT,REAR END,NOT DIVIDED,,STRAIGHT AND LEVEL,DRY,OTHER,,NO INJURY / DRIVE AWAY,,,Y,"OVER $1,500",9/10/2019 10:03,FOLLOWING TOO CLOSELY,UNABLE TO DETERMINE,650,W,71ST ST,732,,,,,,,5,NO INDICATION OF INJURY,0,0,0,0,0,5,0,9,3,9,41.76535834,-87.64156766,POINT (-87.641567656259 41.7653583412)
JC427216,,9/10/2019 9:15,25,NO CONTROLS,NO CONTROLS,CLEAR,DAYLIGHT,PARKED MOTOR VEHICLE,ONE-WAY,,STRAIGHT AND LEVEL,DRY,NO DEFECTS,ON SCENE,NO INJURY / DRIVE AWAY,,,Y,"$501 - $1,500",9/10/2019 9:20,DRIVING ON WRONG SIDE/WRONG WAY,FAILING TO REDUCE SPEED TO AVOID CRASH,6905,S,CAMPBELL AVE,832,,,,,,,2,NO INDICATION OF INJURY,0,0,0,0,0,1,0,9,3,9,41.7680962,-87.68563209,POINT (-87.685632092501 41.768096198459)
JC427229,,9/10/2019 9:05,30,NO CONTROLS,NO CONTROLS,CLEAR,DAWN,OTHER OBJECT,DIVIDED - W/MEDIAN (NOT RAISED),,STRAIGHT AND LEVEL,DRY,NO DEFECTS,ON SCENE,NO INJURY / DRIVE AWAY,,Y,Y,"OVER $1,500",9/10/2019 9:05,UNABLE TO DETERMINE,UNABLE TO DETERMINE,3841,W,47TH ST,821,,,,,,,1,NO INDICATION OF INJURY,0,0,0,0,0,1,0,9,3,9,41.80780255,-87.72028954,POINT (-87.720289538592 41.807802554112)
JC427871,,9/10/2019 9:00,30,NO CONTROLS,NO CONTROLS,CLEAR,DAYLIGHT,PARKED MOTOR VEHICLE,NOT DIVIDED,,STRAIGHT AND LEVEL,DRY,NO DEFECTS,NOT ON SCENE (DESK REPORT),NO INJURY / DRIVE AWAY,,,,"$501 - $1,500",9/10/2019 17:20,UNABLE TO DETERMINE,NOT APPLICABLE,5466,W,FOSTER AVE,1623,,,,,,,2,NO INDICATION OF INJURY,0,0,0,0,0,1,0,9,3,9,41.97524387,-87.7653541,POINT (-87.765354101912 41.97524386599)
JC427448,,9/10/2019 9:00,25,NO CONTROLS,NO CONTROLS,CLEAR,DAYLIGHT,SIDESWIPE SAME DIRECTION,NOT DIVIDED,,STRAIGHT AND LEVEL,DRY,NO DEFECTS,NOT ON SCENE (DESK REPORT),NO INJURY / DRIVE AWAY,,,Y,"$501 - $1,500",9/10/2019 12:25,UNABLE TO DETERMINE,UNABLE TO DETERMINE,123,N,MICHIGAN AVE,114,,,,,,,2,NO INDICATION OF INJURY,0,0,0,0,0,2,0,9,3,9,41.88380789,-87.62427818,POINT (-87.62427817536 41.883807887699)
JC427211,,9/10/2019 9:00,30,NO CONTROLS,NO CONTROLS,CLEAR,DAYLIGHT,PARKED MOTOR VEHICLE,NOT DIVIDED,,STRAIGHT AND LEVEL,DRY,NO DEFECTS,ON SCENE,NO INJURY / DRIVE AWAY,,,,"$501 - $1,500",9/10/2019 9:15,UNABLE TO DETERMINE,UNABLE TO DETERMINE,221,N,ADA ST,1215,,,,,,,2,NO INDICATION OF INJURY,0,0,0,0,0,1,0,9,3,9,41.88616529,-87.66063755,POINT (-87.660637552141 41.886165286238)
JC427208,,9/10/2019 9:00,30,TRAFFIC SIGNAL,FUNCTIONING PROPERLY,CLEAR,DAYLIGHT,REAR END,NOT DIVIDED,,STRAIGHT AND LEVEL,DRY,NO DEFECTS,NOT ON SCENE (DESK REPORT),NO INJURY / DRIVE AWAY,Y,,,$500 OR LESS,9/10/2019 9:10,FOLLOWING TOO CLOSELY,UNABLE TO DETERMINE,1159,S,HALSTED ST,1232,,,,,,,2,NO INDICATION OF INJURY,0,0,0,0,0,2,0,9,3,9,41.86724054,-87.6467718,POINT (-87.646771798597 41.867240540073)
JC427209,,9/10/2019 8:53,30,STOP SIGN/FLASHER,FUNCTIONING PROPERLY,CLEAR,DAYLIGHT,ANGLE,DIVIDED - W/MEDIAN (NOT RAISED),,STRAIGHT AND LEVEL,DRY,NO DEFECTS,ON SCENE,INJURY AND / OR TOW DUE TO CRASH,Y,,,"OVER $1,500",9/10/2019 8:55,FAILING TO YIELD RIGHT-OF-WAY,FAILING TO REDUCE SPEED TO AVOID CRASH,4700,S,HAMLIN AVE,821,,,,,,,2,"REPORTED, NOT EVIDENT",1,0,0,0,1,2,0,8,3,9,41.80783964,-87.71882254,POINT (-87.718822540233 41.807839638258)
JC427367,,9/10/2019 8:50,30,NO CONTROLS,NO CONTROLS,CLEAR,DAYLIGHT,TURNING,DIVIDED - W/MEDIAN (NOT RAISED),,STRAIGHT AND LEVEL,DRY,UNKNOWN,NOT ON SCENE (DESK REPORT),NO INJURY / DRIVE AWAY,,,,"OVER $1,500",9/10/2019 11:25,FAILING TO YIELD RIGHT-OF-WAY,UNABLE TO DETERMINE,6030,N,JERSEY AVE,1711,,,,,,,2,NO INDICATION OF INJURY,0,0,0,0,0,3,0,8,3,9,41.99122767,-87.71135327,POINT (-87.711353265683 41.991227672838)
JC427220,,9/10/2019 8:50,30,NO CONTROLS,NO CONTROLS,CLEAR,DAYLIGHT,REAR END,NOT DIVIDED,,STRAIGHT AND LEVEL,DRY,NO DEFECTS,NOT ON SCENE (DESK REPORT),NO INJURY / DRIVE AWAY,,,,"$501 - $1,500",9/10/2019 9:20,FOLLOWING TOO CLOSELY,NOT APPLICABLE,4500,N,SHERIDAN RD,1914,,,,,,,2,NO INDICATION OF INJURY,0,0,0,0,0,2,0,8,3,9,41.96364762,-87.65491631,POINT (-87.654916310209 41.963647615414)
JC432013,,9/10/2019 8:30,20,NO CONTROLS,NO CONTROLS,CLEAR,DAYLIGHT,PARKED MOTOR VEHICLE,ONE-WAY,,STRAIGHT AND LEVEL,DRY,NO DEFECTS,NOT ON SCENE (DESK REPORT),NO INJURY / DRIVE AWAY,,,Y,"$501 - $1,500",9/13/2019 17:05,IMPROPER LANE USAGE,UNABLE TO DETERMINE,7506,S,EMERALD AVE,621,,,,,,,2,NO INDICATION OF INJURY,0,0,0,0,0,1,0,8,3,9,41.75760738,-87.64314383,POINT (-87.643143829557 41.75760737776)
JC427706,,9/10/2019 8:30,30,NO CONTROLS,NO CONTROLS,CLEAR,DAYLIGHT,SIDESWIPE SAME DIRECTION,NOT DIVIDED,,STRAIGHT AND LEVEL,DRY,NO DEFECTS,NOT ON SCENE (DESK REPORT),NO INJURY / DRIVE AWAY,,,,"OVER $1,500",9/10/2019 16:00,IMPROPER LANE USAGE,UNABLE TO DETERMINE,3006,N,PULASKI RD,2523,,,,,,,2,NO INDICATION OF INJURY,0,0,0,0,0,2,0,8,3,9,41.93564064,-87.72723238,POINT (-87.727232381872 41.935640639786)
JC427253,,9/10/2019 8:30,25,NO CONTROLS,NO CONTROLS,CLEAR,DAYLIGHT,ANGLE,ONE-WAY,,STRAIGHT AND LEVEL,DRY,NO DEFECTS,NOT ON SCENE (DESK REPORT),NO INJURY / DRIVE AWAY,,,,"OVER $1,500",9/10/2019 10:00,FAILING TO YIELD RIGHT-OF-WAY,NOT APPLICABLE,4742,W,DICKENS AVE,2522,,,,,,,2,NO INDICATION OF INJURY,0,0,0,0,0,5,0,8,3,9,41.9188768,-87.74544709,POINT (-87.745447091575 41.918876802385)
JC427176,,9/10/2019 8:30,30,TRAFFIC SIGNAL,FUNCTIONING PROPERLY,CLEAR,DAYLIGHT,REAR END,NOT DIVIDED,,STRAIGHT AND LEVEL,DRY,NO DEFECTS,ON SCENE,INJURY AND / OR TOW DUE TO CRASH,,,,"OVER $1,500",9/10/2019 8:32,FAILING TO YIELD RIGHT-OF-WAY,NOT APPLICABLE,8859,S,WESTERN AVE,2221,,,,,,,2,NONINCAPACITATING INJURY,1,0,0,1,0,1,0,8,3,9,41.73196805,-87.68225801,POINT (-87.682258009034 41.731968053072)
JC427175,N,9/10/2019 8:30,20,SCHOOL ZONE,FUNCTIONING PROPERLY,CLEAR,DAYLIGHT,SIDESWIPE SAME DIRECTION,NOT DIVIDED,,STRAIGHT AND LEVEL,DRY,NO DEFECTS,ON SCENE,NO INJURY / DRIVE AWAY,,,Y,$500 OR LESS,9/10/2019 8:32,IMPROPER OVERTAKING/PASSING,NOT APPLICABLE,10041,S,UNION AVE,2232,,,,,,,2,NO INDICATION OF INJURY,0,0,0,0,0,2,0,8,3,9,41.71119799,-87.6403774,POINT (-87.640377398618 41.711197992392)
JC427462,,9/10/2019 8:26,30,NO CONTROLS,NOT FUNCTIONING,CLEAR,DAYLIGHT,TURNING,ALLEY,,STRAIGHT AND LEVEL,DRY,NO DEFECTS,ON SCENE,NO INJURY / DRIVE AWAY,,,,"OVER $1,500",9/10/2019 12:00,FAILING TO YIELD RIGHT-OF-WAY,NOT APPLICABLE,2813,N,LAWNDALE AVE,2523,,,,,,,2,NO INDICATION OF INJURY,0,0,0,0,0,2,0,8,3,9,41.93228345,-87.71949648,POINT (-87.71949647807 41.932283451033)
JC427180,,9/10/2019 8:25,30,TRAFFIC SIGNAL,FUNCTIONING PROPERLY,CLEAR,DAYLIGHT,REAR END,NOT DIVIDED,,STRAIGHT AND LEVEL,DRY,NO DEFECTS,ON SCENE,INJURY AND / OR TOW DUE TO CRASH,Y,,,"OVER $1,500",9/10/2019 8:25,UNABLE TO DETERMINE,UNABLE TO DETERMINE,1200,W,DEVON AVE,2432,,,,,,,3,NONINCAPACITATING INJURY,1,0,0,1,0,3,0,8,3,9,41.99829823,-87.66061166,POINT (-87.660611660635 41.998298227719)
JC427868,,9/10/2019 8:24,30,STOP SIGN/FLASHER,FUNCTIONING PROPERLY,CLEAR,DAYLIGHT,PARKED MOTOR VEHICLE,NOT DIVIDED,,STRAIGHT AND LEVEL,DRY,UNKNOWN,ON SCENE,NO INJURY / DRIVE AWAY,,,,"OVER $1,500",9/10/2019 17:14,IMPROPER TURNING/NO SIGNAL,UNABLE TO DETERMINE,1900,W,AINSLIE ST,2032,,,,,,,2,NO INDICATION OF INJURY,0,0,0,0,0,1,0,8,3,9,41.9707255,-87.67633645,POINT (-87.676336446439 41.970725502888)
JC427243,,9/10/2019 8:20,30,STOP SIGN/FLASHER,FUNCTIONING PROPERLY,CLEAR,DAYLIGHT,REAR END,OTHER,,STRAIGHT AND LEVEL,DRY,NO DEFECTS,NOT ON SCENE (DESK REPORT),NO INJURY / DRIVE AWAY,Y,,,$500 OR LESS,9/10/2019 9:48,NOT APPLICABLE,NOT APPLICABLE,8100,S,HERMITAGE AVE,614,,,,,,,2,NO INDICATION OF INJURY,0,0,0,0,0,2,0,8,3,9,41.74657377,-87.66713139,POINT (-87.667131389531 41.746573766914)
JC427200,,9/10/2019 8:18,30,NO CONTROLS,NO CONTROLS,CLEAR,DAYLIGHT,REAR END,DIVIDED - W/MEDIAN BARRIER,,STRAIGHT AND LEVEL,DRY,NO DEFECTS,ON SCENE,NO INJURY / DRIVE AWAY,,,,"OVER $1,500",9/10/2019 8:23,FOLLOWING TOO CLOSELY,UNABLE TO DETERMINE,3639,N,CUMBERLAND AVE,1631,,,,,,,2,NO INDICATION OF INJURY,0,0,0,0,0,2,0,8,3,9,41.94592657,-87.83632771,POINT (-87.836327713334 41.945926569028)
JC429887,,9/10/2019 8:15,35,NO CONTROLS,NO CONTROLS,CLEAR,DAYLIGHT,REAR END,NOT DIVIDED,,STRAIGHT AND LEVEL,DRY,NO DEFECTS,NOT ON SCENE (DESK REPORT),NO INJURY / DRIVE AWAY,,,,"OVER $1,500",9/12/2019 8:30,FOLLOWING TOO CLOSELY,NOT APPLICABLE,2778,N,MILWAUKEE AVE,1412,,,,,,,2,NO INDICATION OF INJURY,0,0,0,0,0,2,0,8,3,9,41.93160611,-87.71179536,POINT (-87.711795360985 41.931606112408)
JC427227,,9/10/2019 8:15,30,NO CONTROLS,NO CONTROLS,CLEAR,DAYLIGHT,TURNING,PARKING LOT,,STRAIGHT AND LEVEL,DRY,NO DEFECTS,NOT ON SCENE (DESK REPORT),NO INJURY / DRIVE AWAY,,,,$500 OR LESS,9/10/2019 9:15,FAILING TO YIELD RIGHT-OF-WAY,NOT APPLICABLE,7528,S,ASHLAND AVE,611,,,,,,,2,NO INDICATION OF INJURY,0,0,0,0,0,2,0,8,3,9,41.75670804,-87.66374071,POINT (-87.663740709993 41.756708042309)
JC427163,,9/10/2019 8:15,30,TRAFFIC SIGNAL,FUNCTIONING PROPERLY,CLEAR,DAYLIGHT,REAR END,DIVIDED - W/MEDIAN (NOT RAISED),,STRAIGHT AND LEVEL,DRY,NO DEFECTS,ON SCENE,NO INJURY / DRIVE AWAY,,,,"OVER $1,500",9/10/2019 8:20,DISTRACTION - FROM INSIDE VEHICLE,DISTRACTION - FROM INSIDE VEHICLE,2100,S,WESTERN AVE,1023,,,,,,,2,NO INDICATION OF INJURY,0,0,0,0,0,2,0,8,3,9,41.85382825,-87.68583397,POINT (-87.685833964746 41.853828252932)
JC427192,,9/10/2019 8:10,30,TRAFFIC SIGNAL,FUNCTIONING PROPERLY,CLEAR,DAYLIGHT,REAR END,NOT DIVIDED,,STRAIGHT AND LEVEL,DRY,NO DEFECTS,NOT ON SCENE (DESK REPORT),NO INJURY / DRIVE AWAY,,,,"$501 - $1,500",9/10/2019 8:45,FOLLOWING TOO CLOSELY,FAILING TO REDUCE SPEED TO AVOID CRASH,3401,W,DIVERSEY AVE,1412,,,,,,,2,NO INDICATION OF INJURY,0,0,0,0,0,2,0,8,3,9,41.93186852,-87.71237027,POINT (-87.712370266716 41.931868523058)
JC427141,,9/10/2019 8:10,35,NO CONTROLS,NO CONTROLS,CLEAR,DAYLIGHT,TURNING,NOT DIVIDED,,STRAIGHT AND LEVEL,DRY,NO DEFECTS,ON SCENE,INJURY AND / OR TOW DUE TO CRASH,,,,"OVER $1,500",9/10/2019 8:14,FAILING TO YIELD RIGHT-OF-WAY,NOT APPLICABLE,300,E,51ST ST,224,,,,,,,2,NO INDICATION OF INJURY,0,0,0,0,0,2,0,8,3,9,41.8021638,-87.61933792,POINT (-87.619337915316 41.802163799507)
JC427198,,9/10/2019 8:04,30,TRAFFIC SIGNAL,FUNCTIONING PROPERLY,CLEAR,DAYLIGHT,SIDESWIPE SAME DIRECTION,NOT DIVIDED,,STRAIGHT AND LEVEL,DRY,NO DEFECTS,ON SCENE,NO INJURY / DRIVE AWAY,Y,,,"OVER $1,500",9/10/2019 8:51,UNABLE TO DETERMINE,NOT APPLICABLE,5103,S,WESTERN AVE,923,,,,,,,3,NO INDICATION OF INJURY,0,0,0,0,0,3,0,8,3,9,41.80100211,-87.68407246,POINT (-87.684072458096 41.801002113146)
JC427144,,9/10/2019 8:00,20,NO CONTROLS,NO CONTROLS,CLEAR,DAYLIGHT,SIDESWIPE SAME DIRECTION,ONE-WAY,,STRAIGHT AND LEVEL,DRY,NO DEFECTS,NOT ON SCENE (DESK REPORT),NO INJURY / DRIVE AWAY,,,,"$501 - $1,500",9/10/2019 8:24,UNABLE TO DETERMINE,UNABLE TO DETERMINE,2427,W,ROSEMONT AVE,2413,,,,,,,2,NO INDICATION OF INJURY,0,0,0,0,0,4,0,8,3,9,41.9957844,-87.69098686,POINT (-87.690986854505 41.995784403934)
JC427138,,9/10/2019 8:00,35,STOP SIGN/FLASHER,FUNCTIONING PROPERLY,CLEAR,DAYLIGHT,ANGLE,FOUR WAY,,STRAIGHT AND LEVEL,DRY,NO DEFECTS,ON SCENE,INJURY AND / OR TOW DUE TO CRASH,Y,,,"OVER $1,500",9/10/2019 8:02,DISREGARDING STOP SIGN,UNABLE TO DETERMINE,5759,S,WESTERN AVE,824,,,,,,,2,NONINCAPACITATING INJURY,4,0,0,1,3,1,0,8,3,9,41.78845308,-87.68374011,POINT (-87.68374011436 41.788453081953)
JC427228,,9/10/2019 7:59,15,NO CONTROLS,NO CONTROLS,CLEAR,DAYLIGHT,PARKED MOTOR VEHICLE,PARKING LOT,,STRAIGHT AND LEVEL,DRY,NO DEFECTS,NOT ON SCENE (DESK REPORT),NO INJURY / DRIVE AWAY,,,,"$501 - $1,500",9/10/2019 9:34,UNABLE TO DETERMINE,UNABLE TO DETERMINE,3303,W,26TH ST,1032,,,,,,,2,NO INDICATION OF INJURY,0,0,0,0,0,1,0,7,3,9,41.84437139,-87.70760587,POINT (-87.707605865302 41.84437139104)
JC427128,N,9/10/2019 7:55,30,TRAFFIC SIGNAL,FUNCTIONING PROPERLY,CLEAR,DAYLIGHT,TURNING,NOT DIVIDED,,STRAIGHT AND LEVEL,DRY,NO DEFECTS,ON SCENE,INJURY AND / OR TOW DUE TO CRASH,Y,,,"OVER $1,500",9/10/2019 7:56,FAILING TO YIELD RIGHT-OF-WAY,NOT APPLICABLE,6300,S,ASHLAND AVE,725,,,,,,,2,NO INDICATION OF INJURY,0,0,0,0,0,3,0,7,3,9,41.77937222,-87.66436535,POINT (-87.664365347416 41.779372220485)