RD_NO,CRASH_DATE_EST_I,CRASH_DATE,POSTED_SPEED_LIMIT,TRAFFIC_CONTROL_DEVICE,DEVICE_CONDITION,WEATHER_CONDITION,LIGHTING_CONDITION,FIRST_CRASH_TYPE,TRAFFICWAY_TYPE,LANE_CNT,ALIGNMENT,ROADWAY_SURFACE_COND,ROAD_DEFECT,REPORT_TYPE,CRASH_TYPE,INTERSECTION_RELATED_I,NOT_RIGHT_OF_WAY_I,HIT_AND_RUN_I,DAMAGE,DATE_POLICE_NOTIFIED,PRIM_CONTRIBUTORY_CAUSE,SEC_CONTRIBUTORY_CAUSE,STREET_NO,STREET_DIRECTION,STREET_NAME,BEAT_OF_OCCURRENCE,PHOTOS_TAKEN_I,STATEMENTS_TAKEN_I,DOORING_I,WORK_ZONE_I,WORK_ZONE_TYPE,WORKERS_PRESENT_I,NUM_UNITS,MOST_SEVERE_INJURY,INJURIES_TOTAL,INJURIES_FATAL,INJURIES_INCAPACITATING,INJURIES_NON_INCAPACITATING,INJURIES_REPORTED_NOT_EVIDENT,INJURIES_NO_INDICATION,INJURIES_UNKNOWN,CRASH_HOUR,CRASH_DAY_OF_WEEK,CRASH_MONTH,LATITUDE,LONGITUDE,LOCATION
JC427145,,9/10/2019 7:54,30,NO CONTROLS,NO CONTROLS,CLEAR,DAYLIGHT,FIXED OBJECT,NOT DIVIDED,,STRAIGHT AND LEVEL,DRY,NO DEFECTS,ON SCENE,INJURY AND / OR TOW DUE TO CRASH,,Y,,"OVER $1,500",9/10/2019 7:55,IMPROPER TURNING/NO SIGNAL,DRIVING SKILLS/KNOWLEDGE/EXPERIENCE,4700,S,CALIFORNIA AVE,922,,,,,,,1,"REPORTED, NOT EVIDENT",1,0,0,0,1,0,0,7,3,9,41.80821705,-87.69435004,POINT (-87.694350034906 41.808217051245)
JC427197,,9/10/2019 7:50,30,TRAFFIC SIGNAL,FUNCTIONING PROPERLY,CLEAR,DAYLIGHT,REAR END,NOT DIVIDED,,STRAIGHT AND LEVEL,DRY,NO DEFECTS,NOT ON SCENE (DESK REPORT),NO INJURY / DRIVE AWAY,,,Y,$500 OR LESS,9/10/2019 9:10,TEXTING,DISREGARDING TRAFFIC SIGNALS,11200,S,VINCENNES AVE,2212,,,,,,,2,NO INDICATION OF INJURY,0,0,0,0,0,4,0,7,3,9,41.69008169,-87.66481728,POINT (-87.664817281655 41.690081689849)
JC427151,,9/10/2019 7:50,25,NO CONTROLS,NO CONTROLS,CLEAR,DAYLIGHT,SIDESWIPE OPPOSITE DIRECTION,NOT DIVIDED,,STRAIGHT AND LEVEL,DRY,NO DEFECTS,NOT ON SCENE (DESK REPORT),NO INJURY / DRIVE AWAY,,,Y,$500 OR LESS,9/10/2019 8:30,IMPROPER OVERTAKING/PASSING,NOT APPLICABLE,2725,N,LONG AVE,2514,,,,,,,2,NO INDICATION OF INJURY,0,0,0,0,0,2,0,7,3,9,41.93032308,-87.76115069,POINT (-87.761150689328 41.9303230817)
JC427148,,9/10/2019 7:50,30,STOP SIGN/FLASHER,FUNCTIONING PROPERLY,CLEAR,DAYLIGHT,TURNING,NOT DIVIDED,,STRAIGHT AND LEVEL,DRY,NO DEFECTS,ON SCENE,NO INJURY / DRIVE AWAY,Y,,,"OVER $1,500",9/10/2019 8:00,IMPROPER TURNING/NO SIGNAL,NOT APPLICABLE,730,N,WABASH AVE,1833,Y,,,,,,2,NO INDICATION OF INJURY,0,0,0,0,0,3,0,7,3,9,41.89574657,-87.62697415,POINT (-87.626974145395 41.895746569982)
JC438090,,9/10/2019 7:45,10,NO CONTROLS,NO CONTROLS,CLEAR,"DARKNESS, LIGHTED ROAD",FIXED OBJECT,PARKING LOT,,STRAIGHT AND LEVEL,DRY,NO DEFECTS,ON SCENE,NO INJURY / DRIVE AWAY,,Y,,"OVER $1,500",9/18/2019 7:21,IMPROPER BACKING,UNABLE TO DETERMINE,1560,N,SANDBURG TER,1821,,,,,,,1,NO INDICATION OF INJURY,0,0,0,0,0,1,0,7,3,9,41.91111826,-87.63261971,POINT (-87.632619709988 41.911118258609)
JC427974,,9/10/2019 7:45,30,TRAFFIC SIGNAL,FUNCTIONING PROPERLY,CLEAR,DAYLIGHT,TURNING,DIVIDED - W/MEDIAN (NOT RAISED),,STRAIGHT AND LEVEL,DRY,UNKNOWN,NOT ON SCENE (DESK REPORT),NO INJURY / DRIVE AWAY,,,,"$501 - $1,500",9/10/2019 18:30,UNABLE TO DETERMINE,UNABLE TO DETERMINE,4701,N,ASHLAND AVE,1912,,,,,,,2,NO INDICATION OF INJURY,0,0,0,0,0,2,0,7,3,9,41.96714616,-87.66925195,POINT (-87.669251951385 41.967146156697)
JC427147,,9/10/2019 7:45,30,NO CONTROLS,NO CONTROLS,CLEAR,DAYLIGHT,ANGLE,OTHER,,STRAIGHT AND LEVEL,DRY,UNKNOWN,NOT ON SCENE (DESK REPORT),NO INJURY / DRIVE AWAY,,,,"$501 - $1,500",9/10/2019 8:10,UNABLE TO DETERMINE,UNABLE TO DETERMINE,6515,S,WESTERN AVE,832,,,,,,,2,NO INDICATION OF INJURY,0,0,0,0,0,2,0,7,3,9,41.77511657,-87.68338584,POINT (-87.683385838871 41.775116565909)
JC427161,,9/10/2019 7:44,30,TRAFFIC SIGNAL,FUNCTIONING PROPERLY,CLEAR,DAYLIGHT,SIDESWIPE SAME DIRECTION,CENTER TURN LANE,,STRAIGHT AND LEVEL,DRY,NO DEFECTS,ON SCENE,NO INJURY / DRIVE AWAY,Y,,Y,$500 OR LESS,9/10/2019 7:44,IMPROPER OVERTAKING/PASSING,IMPROPER LANE USAGE,350,W,BELMONT AVE,1925,,,,,,,2,NO INDICATION OF INJURY,0,0,0,0,0,2,0,7,3,9,41.94029733,-87.63907422,POINT (-87.639074222297 41.940297326019)
JC427157,,9/10/2019 7:40,30,STOP SIGN/FLASHER,FUNCTIONING PROPERLY,CLEAR,DAYLIGHT,ANGLE,FOUR WAY,,STRAIGHT AND LEVEL,DRY,NO DEFECTS,,INJURY AND / OR TOW DUE TO CRASH,Y,,,"OVER $1,500",9/10/2019 7:50,FAILING TO YIELD RIGHT-OF-WAY,FAILING TO YIELD RIGHT-OF-WAY,11200,S,LAFLIN ST,2234,,,,,,,2,NONINCAPACITATING INJURY,1,0,0,1,0,2,0,7,3,9,41.69031615,-87.66030315,POINT (-87.66030314997 41.690316147898)
JC427127,,9/10/2019 7:40,30,NO CONTROLS,NO CONTROLS,UNKNOWN,UNKNOWN,PARKED MOTOR VEHICLE,ONE-WAY,,STRAIGHT AND LEVEL,DRY,NO DEFECTS,ON SCENE,INJURY AND / OR TOW DUE TO CRASH,,,Y,"OVER $1,500",9/10/2019 7:49,UNABLE TO DETERMINE,NOT APPLICABLE,7438,S,GREEN ST,733,,,,,,,2,NO INDICATION OF INJURY,0,0,0,0,0,1,0,7,3,9,41.75859298,-87.64560441,POINT (-87.645604411806 41.758592975945)
JC427123,,9/10/2019 7:40,30,STOP SIGN/FLASHER,FUNCTIONING PROPERLY,UNKNOWN,DAYLIGHT,TURNING,DIVIDED - W/MEDIAN (NOT RAISED),,STRAIGHT AND LEVEL,UNKNOWN,UNKNOWN,NOT ON SCENE (DESK REPORT),INJURY AND / OR TOW DUE TO CRASH,,,,"OVER $1,500",9/10/2019 8:00,FAILING TO YIELD RIGHT-OF-WAY,NOT APPLICABLE,2526,E,103RD ST,431,,,,,,,2,NO INDICATION OF INJURY,0,0,0,0,0,2,0,7,3,9,41.7082481,-87.56215538,POINT (-87.5621553779 41.708248096352)
JC427116,,9/10/2019 7:40,25,STOP SIGN/FLASHER,FUNCTIONING PROPERLY,CLEAR,DAYLIGHT,PEDALCYCLIST,NOT DIVIDED,,STRAIGHT AND LEVEL,DRY,NO DEFECTS,ON SCENE,INJURY AND / OR TOW DUE TO CRASH,,,,$500 OR LESS,9/10/2019 7:43,FAILING TO YIELD RIGHT-OF-WAY,NOT APPLICABLE,650,W,WILSON DR,1914,,,,,,,2,NONINCAPACITATING INJURY,1,0,0,1,0,2,0,7,3,9,41.96576328,-87.64737503,POINT (-87.647375024804 41.965763280172)
JC427139,,9/10/2019 7:38,35,NO CONTROLS,NO CONTROLS,CLEAR,DAYLIGHT,TURNING,NOT DIVIDED,,STRAIGHT AND LEVEL,DRY,NO DEFECTS,ON SCENE,INJURY AND / OR TOW DUE TO CRASH,N,,,"OVER $1,500",9/10/2019 7:50,FAILING TO REDUCE SPEED TO AVOID CRASH,NOT APPLICABLE,5335,S,WESTERN BLVD,932,,,,,,,2,INCAPACITATING INJURY,1,0,1,0,0,1,0,7,3,9,41.79649113,-87.68339357,POINT (-87.683393568649 41.79649113134)
JC428067,N,9/10/2019 7:30,25,NO CONTROLS,NO CONTROLS,CLEAR,DAYLIGHT,PARKED MOTOR VEHICLE,DIVIDED - W/MEDIAN (NOT RAISED),,STRAIGHT AND LEVEL,DRY,NO DEFECTS,NOT ON SCENE (DESK REPORT),NO INJURY / DRIVE AWAY,,,,"OVER $1,500",9/10/2019 19:45,UNABLE TO DETERMINE,UNABLE TO DETERMINE,5263,W,SUNNYSIDE AVE,1623,,,,,,,2,NO INDICATION OF INJURY,0,0,0,0,0,1,0,7,3,9,41.96233348,-87.7598065,POINT (-87.759806500269 41.962333480318)
JC427129,,9/10/2019 7:30,35,STOP SIGN/FLASHER,FUNCTIONING PROPERLY,CLEAR,DAYLIGHT,PEDALCYCLIST,FOUR WAY,,STRAIGHT AND LEVEL,DRY,NO DEFECTS,ON SCENE,INJURY AND / OR TOW DUE TO CRASH,Y,,,"$501 - $1,500",9/10/2019 7:34,UNABLE TO DETERMINE,UNABLE TO DETERMINE,3900,W,WRIGHTWOOD AVE,2524,,,,,,,2,NONINCAPACITATING INJURY,1,0,0,1,0,2,0,7,3,9,41.92828731,-87.72449585,POINT (-87.724495847998 41.928287307766)
JC427286,,9/10/2019 7:28,30,NO CONTROLS,NO CONTROLS,CLEAR,DAYLIGHT,REAR END,NOT DIVIDED,,STRAIGHT AND LEVEL,DRY,NO DEFECTS,NOT ON SCENE (DESK REPORT),NO INJURY / DRIVE AWAY,,,Y,"$501 - $1,500",9/10/2019 10:10,UNABLE TO DETERMINE,NOT APPLICABLE,4633,W,NORTH AVE,2533,,,,,,,2,NO INDICATION OF INJURY,0,0,0,0,0,2,0,7,3,9,41.90955539,-87.74265236,POINT (-87.742652359869 41.909555391568)
JC427295,,9/10/2019 7:20,30,NO CONTROLS,NO CONTROLS,CLEAR,DAYLIGHT,TURNING,UNKNOWN,,STRAIGHT AND LEVEL,DRY,UNKNOWN,NOT ON SCENE (DESK REPORT),NO INJURY / DRIVE AWAY,Y,,,"OVER $1,500",9/10/2019 10:28,UNABLE TO DETERMINE,NOT APPLICABLE,333,W,ONTARIO ST,1831,,,,,,,2,NO INDICATION OF INJURY,0,0,0,0,0,3,0,7,3,9,41.8930372,-87.63700422,POINT (-87.637004223232 41.893037195577)
JC428493,Y,9/10/2019 7:15,30,UNKNOWN,NO CONTROLS,CLEAR,DAYLIGHT,PARKED MOTOR VEHICLE,NOT DIVIDED,,STRAIGHT AND LEVEL,UNKNOWN,UNKNOWN,NOT ON SCENE (DESK REPORT),NO INJURY / DRIVE AWAY,,,Y,"OVER $1,500",9/11/2019 8:32,UNABLE TO DETERMINE,UNABLE TO DETERMINE,4638,N,CENTRAL PARK AVE,1723,,,,,,,2,NO INDICATION OF INJURY,0,0,0,0,0,1,0,7,3,9,41.96587156,-87.71832465,POINT (-87.718324646184 41.965871557806)
JC427413,,9/10/2019 7:15,30,TRAFFIC SIGNAL,FUNCTIONING PROPERLY,CLEAR,DAYLIGHT,PEDALCYCLIST,DIVIDED - W/MEDIAN (NOT RAISED),,STRAIGHT AND LEVEL,DRY,NO DEFECTS,NOT ON SCENE (DESK REPORT),NO INJURY / DRIVE AWAY,,,,"OVER $1,500",9/10/2019 12:00,NOT APPLICABLE,NOT APPLICABLE,600,S,WESTERN AVE,1135,,,,,,,2,NO INDICATION OF INJURY,0,0,0,0,0,2,0,7,3,9,41.8738459,-87.68638129,POINT (-87.686381294359 41.873845896018)
JC427122,,9/10/2019 7:15,30,STOP SIGN/FLASHER,FUNCTIONING IMPROPERLY,CLOUDY/OVERCAST,DAYLIGHT,REAR TO SIDE,NOT DIVIDED,,STRAIGHT AND LEVEL,DRY,NO DEFECTS,NOT ON SCENE (DESK REPORT),NO INJURY / DRIVE AWAY,,,,"OVER $1,500",9/10/2019 8:00,IMPROPER BACKING,NOT APPLICABLE,4408,N,AUSTIN AVE,1622,,,,,,,2,NO INDICATION OF INJURY,0,0,0,0,0,3,0,7,3,9,41.96060446,-87.77717542,POINT (-87.777175415683 41.960604454582)
JC427292,,9/10/2019 7:04,30,TRAFFIC SIGNAL,FUNCTIONING PROPERLY,CLEAR,DAYLIGHT,TURNING,DIVIDED - W/MEDIAN (NOT RAISED),,STRAIGHT AND LEVEL,DRY,NO DEFECTS,NOT ON SCENE (DESK REPORT),NO INJURY / DRIVE AWAY,Y,,,"OVER $1,500",9/10/2019 10:15,IMPROPER TURNING/NO SIGNAL,NOT APPLICABLE,300,E,BALBO DR,114,,,,,,,2,NO INDICATION OF INJURY,0,0,0,0,0,4,0,7,3,9,41.87332572,-87.62043197,POINT (-87.620431970445 41.873325720985)
JC427103,,9/10/2019 7:03,30,NO CONTROLS,NO CONTROLS,CLEAR,DAYLIGHT,SIDESWIPE OPPOSITE DIRECTION,NOT DIVIDED,,STRAIGHT AND LEVEL,DRY,SHOULDER DEFECT,ON SCENE,NO INJURY / DRIVE AWAY,,,,"OVER $1,500",9/10/2019 7:08,FAILING TO REDUCE SPEED TO AVOID CRASH,UNABLE TO DETERMINE,1918,W,36TH ST,912,,,,,,,2,NO INDICATION OF INJURY,0,0,0,0,0,6,0,7,3,9,41.82869468,-87.67362146,POINT (-87.673621456723 41.828694675676)
JC429106,,9/10/2019 7:00,30,NO CONTROLS,NO CONTROLS,CLEAR,DAYLIGHT,OTHER OBJECT,NOT DIVIDED,,STRAIGHT AND LEVEL,UNKNOWN,NO DEFECTS,ON SCENE,NO INJURY / DRIVE AWAY,,Y,Y,"OVER $1,500",9/11/2019 15:46,UNABLE TO DETERMINE,UNABLE TO DETERMINE,8101,S,CALIFORNIA AVE,835,,,,,,,1,NO INDICATION OF INJURY,0,0,0,0,0,1,0,7,3,9,41.74622049,-87.69238046,POINT (-87.692380461505 41.746220485333)
JC427855,,9/10/2019 7:00,30,TRAFFIC SIGNAL,FUNCTIONING PROPERLY,CLEAR,DAYLIGHT,ANGLE,NOT DIVIDED,,STRAIGHT AND LEVEL,DRY,NO DEFECTS,NOT ON SCENE (DESK REPORT),NO INJURY / DRIVE AWAY,Y,,,"$501 - $1,500",9/10/2019 17:27,DISREGARDING TRAFFIC SIGNALS,FAILING TO REDUCE SPEED TO AVOID CRASH,1158,N,KOSTNER AVE,1111,,,,,,,2,NO INDICATION OF INJURY,0,0,0,0,0,2,0,7,3,9,41.90246324,-87.73629081,POINT (-87.736290812904 41.902463236333)
JC427101,,9/10/2019 7:00,30,NO CONTROLS,NO CONTROLS,CLEAR,DAYLIGHT,PARKED MOTOR VEHICLE,NOT DIVIDED,,STRAIGHT AND LEVEL,DRY,NO DEFECTS,NOT ON SCENE (DESK REPORT),NO INJURY / DRIVE AWAY,,,,"$501 - $1,500",9/10/2019 7:20,FAILING TO YIELD RIGHT-OF-WAY,UNABLE TO DETERMINE,2241,S,CENTRAL PARK AVE,1024,,,,,,,2,NO INDICATION OF INJURY,0,0,0,0,0,1,0,7,3,9,41.85045171,-87.71481587,POINT (-87.714815874042 41.850451713596)
JC427102,,9/10/2019 6:55,30,STOP SIGN/FLASHER,FUNCTIONING PROPERLY,CLEAR,DAYLIGHT,HEAD ON,NOT DIVIDED,,STRAIGHT AND LEVEL,DRY,NO DEFECTS,NOT ON SCENE (DESK REPORT),NO INJURY / DRIVE AWAY,,,,"OVER $1,500",9/10/2019 7:28,UNABLE TO DETERMINE,UNABLE TO DETERMINE,4601,N,MAJOR AVE,1622,,,,,,,2,NO INDICATION OF INJURY,0,0,0,0,0,2,0,6,3,9,41.96414801,-87.76966022,POINT (-87.769660221611 41.964148012237)
JC427099,,9/10/2019 6:55,35,NO CONTROLS,NO CONTROLS,CLEAR,DAYLIGHT,ANIMAL,NOT DIVIDED,,STRAIGHT AND LEVEL,DRY,NO DEFECTS,ON SCENE,NO INJURY / DRIVE AWAY,,,,"OVER $1,500",9/10/2019 7:00,ANIMAL,ANIMAL,13200,S,TORRENCE AVE,434,,,,,,,1,NO INDICATION OF INJURY,0,0,0,0,0,1,0,6,3,9,41.65548488,-87.55944533,POINT (-87.55944532854 41.655484875173)
JC427091,,9/10/2019 6:51,35,NO CONTROLS,NO CONTROLS,CLEAR,DAYLIGHT,PEDESTRIAN,NOT DIVIDED,,STRAIGHT AND LEVEL,DRY,NO DEFECTS,ON SCENE,INJURY AND / OR TOW DUE TO CRASH,,,,$500 OR LESS,9/10/2019 6:54,FAILING TO YIELD RIGHT-OF-WAY,NOT APPLICABLE,3599,N,AVONDALE AVE,1732,,,,,,,2,NONINCAPACITATING INJURY,1,0,0,1,0,1,0,6,3,9,41.94672766,-87.71996115,POINT (-87.719961145264 41.946727657121)
JC427107,,9/10/2019 6:50,30,TRAFFIC SIGNAL,FUNCTIONING PROPERLY,CLEAR,DAWN,TURNING,DIVIDED - W/MEDIAN (NOT RAISED),,STRAIGHT AND LEVEL,DRY,UNKNOWN,NOT ON SCENE (DESK REPORT),NO INJURY / DRIVE AWAY,Y,,,"OVER $1,500",9/10/2019 7:35,UNABLE TO DETERMINE,NOT APPLICABLE,150,W,CERMAK RD,914,,,,,,,2,NO INDICATION OF INJURY,0,0,0,0,0,2,0,6,3,9,41.85297138,-87.63139646,POINT (-87.63139646193 41.852971384276)
JC427095,,9/10/2019 6:45,30,TRAFFIC SIGNAL,FUNCTIONING PROPERLY,CLEAR,DAYLIGHT,TURNING,ONE-WAY,,STRAIGHT AND LEVEL,DRY,NO DEFECTS,NOT ON SCENE (DESK REPORT),NO INJURY / DRIVE AWAY,,,,"OVER $1,500",9/10/2019 6:50,UNABLE TO DETERMINE,UNABLE TO DETERMINE,2400,W,CONGRESS PKWY,1135,,,,,,,2,NO INDICATION OF INJURY,0,0,0,0,0,2,0,6,3,9,41.87510522,-87.68630707,POINT (-87.686307072463 41.875105219072)
JC427345,,9/10/2019 6:30,30,TRAFFIC SIGNAL,FUNCTIONING PROPERLY,CLEAR,DAYLIGHT,REAR END,OTHER,,STRAIGHT AND LEVEL,DRY,NO DEFECTS,NOT ON SCENE (DESK REPORT),NO INJURY / DRIVE AWAY,Y,,,"$501 - $1,500",9/10/2019 11:00,NOT APPLICABLE,NOT APPLICABLE,4500,S,ARCHER AVE,821,,,,,,,2,NO INDICATION OF INJURY,0,0,0,0,0,2,0,6,3,9,41.8114168,-87.70883039,POINT (-87.7088303912 41.811416800648)
JC427104,,9/10/2019 6:15,30,TRAFFIC SIGNAL,FUNCTIONING PROPERLY,CLEAR,DAYLIGHT,TURNING,NOT DIVIDED,,STRAIGHT AND LEVEL,DRY,NO DEFECTS,NOT ON SCENE (DESK REPORT),NO INJURY / DRIVE AWAY,,,,"$501 - $1,500",9/10/2019 7:20,UNABLE TO DETERMINE,NOT APPLICABLE,13100,S,DR MARTIN LUTHER KING JR DR,533,,,,,,,2,NO INDICATION OF INJURY,0,0,0,0,0,2,0,6,3,9,41.65751125,-87.61320619,POINT (-87.613206188092 41.657511245759)
JC427728,,9/10/2019 5:50,25,NO CONTROLS,NO CONTROLS,UNKNOWN,"DARKNESS, LIGHTED ROAD",PARKED MOTOR VEHICLE,ONE-WAY,,STRAIGHT AND LEVEL,UNKNOWN,NO DEFECTS,NOT ON SCENE (DESK REPORT),NO INJURY / DRIVE AWAY,,,Y,"$501 - $1,500",9/10/2019 16:20,UNABLE TO DETERMINE,NOT APPLICABLE,2901,S,DR MARTIN LUTHER KING JR DR,133,,,,,,,2,NO INDICATION OF INJURY,0,0,0,0,0,1,0,5,3,9,41.84198407,-87.61705417,POINT (-87.617054173346 41.841984074087)
JC427633,,9/10/2019 5:50,30,NO CONTROLS,NO CONTROLS,CLEAR,"DARKNESS, LIGHTED ROAD",PEDESTRIAN,DIVIDED - W/MEDIAN (NOT RAISED),,STRAIGHT AND LEVEL,DRY,NO DEFECTS,NOT ON SCENE (DESK REPORT),INJURY AND / OR TOW DUE TO CRASH,,,Y,"OVER $1,500",9/10/2019 15:00,FAILING TO YIELD RIGHT-OF-WAY,NOT APPLICABLE,2958,N,MILWAUKEE AVE,2523,,,,,,,2,NONINCAPACITATING INJURY,1,0,0,1,0,1,0,5,3,9,41.93503945,-87.71742528,POINT (-87.717425279568 41.935039454421)
JC427653,,9/10/2019 5:45,30,NO CONTROLS,NO CONTROLS,CLEAR,DAYLIGHT,SIDESWIPE SAME DIRECTION,NOT DIVIDED,,STRAIGHT AND LEVEL,DRY,NO DEFECTS,NOT ON SCENE (DESK REPORT),NO INJURY / DRIVE AWAY,,,,"$501 - $1,500",9/10/2019 15:10,UNABLE TO DETERMINE,NOT APPLICABLE,6312,N,NAGLE AVE,1611,,,,,,,2,NO INDICATION OF INJURY,0,0,0,0,0,2,0,5,3,9,41.99598529,-87.78763712,POINT (-87.787637117071 41.995985286062)
JC427054,,9/10/2019 3:58,20,NO CONTROLS,NO CONTROLS,CLEAR,"DARKNESS, LIGHTED ROAD",PARKED MOTOR VEHICLE,ONE-WAY,,STRAIGHT AND LEVEL,DRY,NO DEFECTS,ON SCENE,INJURY AND / OR TOW DUE TO CRASH,,,Y,"OVER $1,500",9/10/2019 3:58,UNABLE TO DETERMINE,UNABLE TO DETERMINE,7741,S,CREGIER AVE,414,,,,,,,2,NO INDICATION OF INJURY,0,0,0,0,0,1,0,3,3,9,41.75396423,-87.58077727,POINT (-87.580777273617 41.753964225565)
JC427052,,9/10/2019 3:45,30,UNKNOWN,UNKNOWN,CLEAR,"DARKNESS, LIGHTED ROAD",PEDESTRIAN,ONE-WAY,,STRAIGHT AND LEVEL,DRY,NO DEFECTS,ON SCENE,INJURY AND / OR TOW DUE TO CRASH,,,Y,$500 OR LESS,9/10/2019 3:48,NOT APPLICABLE,NOT APPLICABLE,4710,S,DR MARTIN LUTHER KING JR DR,224,,,,,,,2,NONINCAPACITATING INJURY,1,0,0,1,0,2,0,3,3,9,41.80900817,-87.61672529,POINT (-87.616725293163 41.809008167004)
JC427059,Y,9/10/2019 3:00,30,UNKNOWN,UNKNOWN,CLEAR,"DARKNESS, LIGHTED ROAD",PARKED MOTOR VEHICLE,T-INTERSECTION,,"CURVE, LEVEL",DRY,NO DEFECTS,ON SCENE,INJURY AND / OR TOW DUE TO CRASH,,,,"OVER $1,500",9/10/2019 3:00,FAILING TO REDUCE SPEED TO AVOID CRASH,NOT APPLICABLE,40,N,LARAMIE AVE,1522,,,,,,,2,NONINCAPACITATING INJURY,1,0,0,1,0,0,0,3,3,9,41.88159895,-87.75525648,POINT (-87.75525648323 41.881598949041)
JC427042,N,9/10/2019 3:00,30,NO CONTROLS,NO CONTROLS,CLEAR,DARKNESS,PARKED MOTOR VEHICLE,NOT DIVIDED,,STRAIGHT AND LEVEL,DRY,NO DEFECTS,ON SCENE,INJURY AND / OR TOW DUE TO CRASH,,N,,"OVER $1,500",9/10/2019 3:05,"OPERATING VEHICLE IN ERRATIC, RECKLESS, CARELESS, NEGLIGENT OR AGGRESSIVE MANNER",NOT APPLICABLE,5211,S,ST LOUIS AVE,822,,,N,,,,3,NO INDICATION OF INJURY,0,0,0,0,0,1,0,3,3,9,41.79851802,-87.71089171,POINT (-87.710891710551 41.798518017721)
JC427032,,9/10/2019 2:41,30,TRAFFIC SIGNAL,UNKNOWN,CLEAR,"DARKNESS, LIGHTED ROAD",TURNING,DIVIDED - W/MEDIAN (NOT RAISED),,STRAIGHT AND LEVEL,DRY,UNKNOWN,ON SCENE,INJURY AND / OR TOW DUE TO CRASH,Y,,,"OVER $1,500",9/10/2019 2:46,UNABLE TO DETERMINE,UNABLE TO DETERMINE,2400,W,LAWRENCE AVE,2031,,,,,,,3,NONINCAPACITATING INJURY,3,0,0,3,0,1,0,2,3,9,41.96872435,-87.68896873,POINT (-87.688968726996 41.968724348822)
JC427300,N,9/10/2019 2:30,30,NO CONTROLS,NO CONTROLS,UNKNOWN,UNKNOWN,PARKED MOTOR VEHICLE,NOT DIVIDED,,STRAIGHT AND LEVEL,UNKNOWN,UNKNOWN,ON SCENE,NO INJURY / DRIVE AWAY,,,Y,"OVER $1,500",9/10/2019 10:15,UNABLE TO DETERMINE,UNABLE TO DETERMINE,1228,W,WINONA ST,2033,,N,,,,,2,NO INDICATION OF INJURY,0,0,0,0,0,1,0,2,3,9,41.97552119,-87.66101097,POINT (-87.661010973621 41.975521190437)
JC427027,,9/10/2019 2:03,30,TRAFFIC SIGNAL,FUNCTIONING PROPERLY,CLEAR,"DARKNESS, LIGHTED ROAD",ANGLE,FOUR WAY,,STRAIGHT AND LEVEL,DRY,NO DEFECTS,NOT ON SCENE (DESK REPORT),NO INJURY / DRIVE AWAY,Y,,,"OVER $1,500",9/10/2019 2:03,UNABLE TO DETERMINE,UNABLE TO DETERMINE,1632,W,115TH ST,2234,,,,,,,2,NO INDICATION OF INJURY,0,0,0,0,0,3,0,2,3,9,41.68490621,-87.66306074,POINT (-87.663060740726 41.684906210163)
JC427121,Y,9/10/2019 1:30,10,NO CONTROLS,NO CONTROLS,CLEAR,UNKNOWN,PARKED MOTOR VEHICLE,PARKING LOT,,STRAIGHT AND LEVEL,DRY,NO DEFECTS,ON SCENE,NO INJURY / DRIVE AWAY,,,,"OVER $1,500",9/10/2019 7:33,UNABLE TO DETERMINE,UNABLE TO DETERMINE,330,W,DIVERSEY PKWY,1934,,,,,,,2,NO INDICATION OF INJURY,0,0,0,0,0,2,0,1,3,9,41.93304199,-87.63802271,POINT (-87.63802271095 41.933041987219)
JC427001,Y,9/10/2019 0:55,30,TRAFFIC SIGNAL,FUNCTIONING PROPERLY,CLEAR,"DARKNESS, LIGHTED ROAD",OTHER NONCOLLISION,DIVIDED - W/MEDIAN BARRIER,,"CURVE, LEVEL",UNKNOWN,UNKNOWN,ON SCENE,INJURY AND / OR TOW DUE TO CRASH,,,,$500 OR LESS,9/10/2019 1:03,DRIVING SKILLS/KNOWLEDGE/EXPERIENCE,NOT APPLICABLE,100,E,LA SALLE DR,1814,,,,,,,1,NONINCAPACITATING INJURY,1,0,0,1,0,0,0,0,3,9,41.91257786,-87.62709786,POINT (-87.627097857495 41.91257786203)
JC426989,,9/10/2019 0:27,30,TRAFFIC SIGNAL,FUNCTIONING PROPERLY,CLEAR,"DARKNESS, LIGHTED ROAD",ANGLE,FOUR WAY,,STRAIGHT AND LEVEL,DRY,NO DEFECTS,ON SCENE,INJURY AND / OR TOW DUE TO CRASH,Y,,,"OVER $1,500",9/10/2019 0:28,DISREGARDING TRAFFIC SIGNALS,FAILING TO REDUCE SPEED TO AVOID CRASH,800,W,87TH ST,613,,,,,,,3,NO INDICATION OF INJURY,0,0,0,0,0,5,0,0,3,9,41.73618257,-87.64365982,POINT (-87.643659815136 41.736182571052)
JC426976,,9/10/2019 0:11,30,TRAFFIC SIGNAL,FUNCTIONING PROPERLY,CLEAR,"DARKNESS, LIGHTED ROAD",REAR END,NOT DIVIDED,,STRAIGHT AND LEVEL,DRY,NO DEFECTS,ON SCENE,INJURY AND / OR TOW DUE TO CRASH,,,,$500 OR LESS,9/10/2019 0:11,FOLLOWING TOO CLOSELY,FAILING TO REDUCE SPEED TO AVOID CRASH,375,E,CHICAGO AVE,1833,,,,,,,2,NONINCAPACITATING INJURY,1,0,0,1,0,3,0,0,3,9,41.89672011,-87.61756751,POINT (-87.617567506554 41.896720113748)