RD_NO,CRASH_DATE_EST_I,CRASH_DATE,POSTED_SPEED_LIMIT,TRAFFIC_CONTROL_DEVICE,DEVICE_CONDITION,WEATHER_CONDITION,LIGHTING_CONDITION,FIRST_CRASH_TYPE,TRAFFICWAY_TYPE,LANE_CNT,ALIGNMENT,ROADWAY_SURFACE_COND,ROAD_DEFECT,REPORT_TYPE,CRASH_TYPE,INTERSECTION_RELATED_I,NOT_RIGHT_OF_WAY_I,HIT_AND_RUN_I,DAMAGE,DATE_POLICE_NOTIFIED,PRIM_CONTRIBUTORY_CAUSE,SEC_CONTRIBUTORY_CAUSE,STREET_NO,STREET_DIRECTION,STREET_NAME,BEAT_OF_OCCURRENCE,PHOTOS_TAKEN_I,STATEMENTS_TAKEN_I,DOORING_I,WORK_ZONE_I,WORK_ZONE_TYPE,WORKERS_PRESENT_I,NUM_UNITS,MOST_SEVERE_INJURY,INJURIES_TOTAL,INJURIES_FATAL,INJURIES_INCAPACITATING,INJURIES_NON_INCAPACITATING,INJURIES_REPORTED_NOT_EVIDENT,INJURIES_NO_INDICATION,INJURIES_UNKNOWN,CRASH_HOUR,CRASH_DAY_OF_WEEK,CRASH_MONTH,LATITUDE,LONGITUDE,LOCATION
JC427431,,9/10/2019 0:10,35,STOP SIGN/FLASHER,FUNCTIONING PROPERLY,CLEAR,"DARKNESS, LIGHTED ROAD",SIDESWIPE SAME DIRECTION,NOT DIVIDED,,STRAIGHT AND LEVEL,DRY,NO DEFECTS,NOT ON SCENE (DESK REPORT),NO INJURY / DRIVE AWAY,,,Y,"OVER $1,500",9/10/2019 12:15,IMPROPER OVERTAKING/PASSING,UNABLE TO DETERMINE,1583,E,84TH ST,412,,,,,,,2,NO INDICATION OF INJURY,0,0,0,0,0,3,0,0,3,9,41.7422739,-87.58534343,POINT (-87.58534342763 41.742273902391)
JC426937,,9/9/2019 23:25,30,STOP SIGN/FLASHER,FUNCTIONING PROPERLY,CLEAR,"DARKNESS, LIGHTED ROAD",ANGLE,FOUR WAY,,STRAIGHT AND LEVEL,DRY,NO DEFECTS,ON SCENE,NO INJURY / DRIVE AWAY,Y,,,"OVER $1,500",9/9/2019 23:28,FAILING TO YIELD RIGHT-OF-WAY,FAILING TO REDUCE SPEED TO AVOID CRASH,1231,S,RACINE AVE,1232,,,,,,,2,NO INDICATION OF INJURY,0,0,0,0,0,2,0,23,2,9,41.86618841,-87.65651555,POINT (-87.656515549775 41.86618841016)
JC426944,,9/9/2019 23:22,25,UNKNOWN,UNKNOWN,CLEAR,DUSK,REAR END,NOT DIVIDED,,STRAIGHT AND LEVEL,DRY,NO DEFECTS,ON SCENE,INJURY AND / OR TOW DUE TO CRASH,,,,"OVER $1,500",9/9/2019 23:22,UNABLE TO DETERMINE,WEATHER,10300,S,VINCENNES AVE,2212,,,,,,,2,NO INDICATION OF INJURY,0,0,0,0,0,3,0,23,2,9,41.70672358,-87.65619454,POINT (-87.65619454086 41.706723577926)
JC427473,,9/9/2019 23:00,30,NO CONTROLS,NO CONTROLS,CLEAR,"DARKNESS, LIGHTED ROAD",SIDESWIPE SAME DIRECTION,NOT DIVIDED,,STRAIGHT AND LEVEL,DRY,NO DEFECTS,NOT ON SCENE (DESK REPORT),NO INJURY / DRIVE AWAY,,,Y,"$501 - $1,500",9/10/2019 12:45,FOLLOWING TOO CLOSELY,FOLLOWING TOO CLOSELY,10200,S,HALSTED ST,2232,,,,,,,2,NO INDICATION OF INJURY,0,0,0,0,0,2,0,23,2,9,41.70864399,-87.64302435,POINT (-87.643024347783 41.708643985185)
JC426934,,9/9/2019 22:59,40,NO CONTROLS,NO CONTROLS,CLEAR,"DARKNESS, LIGHTED ROAD",OTHER NONCOLLISION,DIVIDED - W/MEDIAN BARRIER,,STRAIGHT ON GRADE,DRY,NO DEFECTS,ON SCENE,INJURY AND / OR TOW DUE TO CRASH,,,,"$501 - $1,500",9/9/2019 22:59,DRIVING SKILLS/KNOWLEDGE/EXPERIENCE,DRIVING SKILLS/KNOWLEDGE/EXPERIENCE,2500,N,LAKE SHORE DR NB,1935,,,,,,,1,NONINCAPACITATING INJURY,1,0,0,1,0,0,0,22,2,9,41.92788079,-87.63184319,POINT (-87.631843194353 41.927880788485)
JC426918,N,9/9/2019 22:55,20,NO CONTROLS,NO CONTROLS,CLEAR,"DARKNESS, LIGHTED ROAD",REAR TO FRONT,ONE-WAY,,STRAIGHT AND LEVEL,DRY,NO DEFECTS,NOT ON SCENE (DESK REPORT),NO INJURY / DRIVE AWAY,,,,$500 OR LESS,9/9/2019 22:55,NOT APPLICABLE,NOT APPLICABLE,3214,N,LOCKWOOD AVE,1634,,,,,,,2,NO INDICATION OF INJURY,0,0,0,0,0,2,0,22,2,9,41.93915366,-87.75930832,POINT (-87.759308318582 41.939153661803)
JC427741,,9/9/2019 22:47,30,NO CONTROLS,NO CONTROLS,RAIN,"DARKNESS, LIGHTED ROAD",FIXED OBJECT,ONE-WAY,,STRAIGHT AND LEVEL,WET,NO DEFECTS,NOT ON SCENE (DESK REPORT),NO INJURY / DRIVE AWAY,,,,"OVER $1,500",9/10/2019 16:24,WEATHER,WEATHER,6499,N,FAIRFIELD AVE,2412,,,,,,,1,NO INDICATION OF INJURY,0,0,0,0,0,2,0,22,2,9,41.99931774,-87.69832485,POINT (-87.698324852947 41.999317737856)
JC426902,,9/9/2019 22:31,30,NO CONTROLS,NO CONTROLS,CLEAR,"DARKNESS, LIGHTED ROAD",REAR TO FRONT,T-INTERSECTION,,STRAIGHT AND LEVEL,DRY,NO DEFECTS,ON SCENE,NO INJURY / DRIVE AWAY,,,,"OVER $1,500",9/9/2019 22:37,IMPROPER LANE USAGE,NOT APPLICABLE,1634,N,NORTH PARK AVE,1814,,,,,,,2,NO INDICATION OF INJURY,0,0,0,0,0,2,0,22,2,9,41.91209353,-87.63684379,POINT (-87.636843789779 41.912093529468)
JC426884,,9/9/2019 22:27,30,NO CONTROLS,NO CONTROLS,CLEAR,"DARKNESS, LIGHTED ROAD",TURNING,FOUR WAY,,STRAIGHT AND LEVEL,DRY,NO DEFECTS,ON SCENE,INJURY AND / OR TOW DUE TO CRASH,Y,,,"OVER $1,500",9/9/2019 22:27,DISREGARDING TRAFFIC SIGNALS,DISREGARDING TRAFFIC SIGNALS,1600,N,KOSTNER AVE,2533,,,,,,,2,NO INDICATION OF INJURY,0,0,0,0,0,2,0,22,2,9,41.9097883,-87.73640467,POINT (-87.736404667392 41.909788303943)
JC426974,,9/9/2019 22:20,30,TRAFFIC SIGNAL,FUNCTIONING PROPERLY,CLEAR,"DARKNESS, LIGHTED ROAD",SIDESWIPE SAME DIRECTION,NOT DIVIDED,,STRAIGHT AND LEVEL,DRY,NO DEFECTS,NOT ON SCENE (DESK REPORT),NO INJURY / DRIVE AWAY,N,,Y,"OVER $1,500",9/10/2019 0:10,FAILING TO YIELD RIGHT-OF-WAY,DRIVING SKILLS/KNOWLEDGE/EXPERIENCE,2758,W,ROOSEVELT RD,1135,,,,,,,2,NO INDICATION OF INJURY,0,0,0,0,0,7,0,22,2,9,41.86662117,-87.69584963,POINT (-87.695849633312 41.866621174158)
JC426903,,9/9/2019 22:09,30,NO CONTROLS,NO CONTROLS,CLEAR,"DARKNESS, LIGHTED ROAD",PARKED MOTOR VEHICLE,ONE-WAY,,STRAIGHT AND LEVEL,DRY,NO DEFECTS,ON SCENE,NO INJURY / DRIVE AWAY,,,Y,"OVER $1,500",9/9/2019 22:09,DRIVING ON WRONG SIDE/WRONG WAY,FAILING TO REDUCE SPEED TO AVOID CRASH,3454,W,PIERCE AVE,1422,,,,,,,2,NO INDICATION OF INJURY,0,0,0,0,0,1,0,22,2,9,41.90921236,-87.71405484,POINT (-87.714054840449 41.909212354546)
JC429255,,9/9/2019 22:00,20,NO CONTROLS,NO CONTROLS,RAIN,"DARKNESS, LIGHTED ROAD",FIXED OBJECT,ONE-WAY,,STRAIGHT AND LEVEL,WET,NO DEFECTS,NOT ON SCENE (DESK REPORT),NO INJURY / DRIVE AWAY,,,,"$501 - $1,500",9/11/2019 17:33,UNABLE TO DETERMINE,UNABLE TO DETERMINE,6500,N,FAIRFIELD AVE,2412,,,,,,,1,NO INDICATION OF INJURY,0,0,0,0,0,1,0,22,2,9,41.99949452,-87.69862465,POINT (-87.698624653041 41.999494519643)
JC426872,,9/9/2019 21:57,30,NO CONTROLS,NO CONTROLS,CLEAR,"DARKNESS, LIGHTED ROAD",HEAD ON,NOT DIVIDED,,STRAIGHT AND LEVEL,DRY,NO DEFECTS,ON SCENE,INJURY AND / OR TOW DUE TO CRASH,Y,,Y,"OVER $1,500",9/9/2019 21:57,DRIVING ON WRONG SIDE/WRONG WAY,UNDER THE INFLUENCE OF ALCOHOL/DRUGS (USE WHEN ARREST IS EFFECTED),698,E,111TH ST,513,,Y,,,,,2,"REPORTED, NOT EVIDENT",1,0,0,0,1,2,0,21,2,9,41.69293066,-87.60558689,POINT (-87.605586887805 41.692930658875)
JC426919,,9/9/2019 21:40,35,STOP SIGN/FLASHER,FUNCTIONING PROPERLY,CLEAR,"DARKNESS, LIGHTED ROAD",PARKED MOTOR VEHICLE,ONE-WAY,,STRAIGHT AND LEVEL,DRY,NO DEFECTS,NOT ON SCENE (DESK REPORT),NO INJURY / DRIVE AWAY,,,,$500 OR LESS,9/9/2019 22:25,UNABLE TO DETERMINE,UNABLE TO DETERMINE,4458,W,57TH ST,813,,,,,,,2,NO INDICATION OF INJURY,0,0,0,0,0,1,0,21,2,9,41.78956465,-87.73524301,POINT (-87.735243012803 41.78956464497)
JC426824,,9/9/2019 21:30,15,NO CONTROLS,NO CONTROLS,CLEAR,DAYLIGHT,PARKED MOTOR VEHICLE,PARKING LOT,,STRAIGHT AND LEVEL,DRY,NO DEFECTS,NOT ON SCENE (DESK REPORT),NO INJURY / DRIVE AWAY,,Y,,"$501 - $1,500",9/9/2019 21:30,UNABLE TO DETERMINE,NOT APPLICABLE,1341,N,PAULINA ST,1433,,,,,,,2,NO INDICATION OF INJURY,0,0,0,0,0,1,0,21,2,9,41.9062437,-87.66986228,POINT (-87.669862281285 41.906243703085)
JC426898,,9/9/2019 21:15,30,NO CONTROLS,NO CONTROLS,CLEAR,"DARKNESS, LIGHTED ROAD",TURNING,NOT DIVIDED,,STRAIGHT AND LEVEL,DRY,NO DEFECTS,NOT ON SCENE (DESK REPORT),NO INJURY / DRIVE AWAY,,,,"OVER $1,500",9/9/2019 22:30,FAILING TO YIELD RIGHT-OF-WAY,UNABLE TO DETERMINE,3946,W,71ST ST,833,,,,,,,2,NO INDICATION OF INJURY,0,0,0,0,0,2,0,21,2,9,41.76421601,-87.72184144,POINT (-87.721841436356 41.764216006024)
JC426835,,9/9/2019 20:50,30,STOP SIGN/FLASHER,FUNCTIONING PROPERLY,CLEAR,"DARKNESS, LIGHTED ROAD",ANGLE,DIVIDED - W/MEDIAN (NOT RAISED),,STRAIGHT AND LEVEL,DRY,NO DEFECTS,ON SCENE,INJURY AND / OR TOW DUE TO CRASH,Y,,,"OVER $1,500",9/9/2019 20:50,DISREGARDING STOP SIGN,FAILING TO REDUCE SPEED TO AVOID CRASH,5159,W,THOMAS ST,1531,,,,,,,2,NO INDICATION OF INJURY,0,0,0,0,0,3,0,20,2,9,41.90030795,-87.75566987,POINT (-87.755669872231 41.900307945975)
JC426821,,9/9/2019 20:50,30,TRAFFIC SIGNAL,FUNCTIONING PROPERLY,CLEAR,"DARKNESS, LIGHTED ROAD",REAR END,DIVIDED - W/MEDIAN (NOT RAISED),,STRAIGHT AND LEVEL,DRY,NO DEFECTS,NOT ON SCENE (DESK REPORT),NO INJURY / DRIVE AWAY,N,,,"$501 - $1,500",9/9/2019 21:15,FAILING TO REDUCE SPEED TO AVOID CRASH,UNABLE TO DETERMINE,3349,N,CICERO AVE,1731,,,,,,,2,NO INDICATION OF INJURY,0,0,0,0,0,2,0,20,2,9,41.94213982,-87.74680906,POINT (-87.746809061406 41.942139815363)
JC428062,,9/9/2019 20:45,30,NO CONTROLS,NO CONTROLS,CLEAR,"DARKNESS, LIGHTED ROAD",PARKED MOTOR VEHICLE,ONE-WAY,,STRAIGHT AND LEVEL,DRY,NO DEFECTS,NOT ON SCENE (DESK REPORT),NO INJURY / DRIVE AWAY,,,,"OVER $1,500",9/10/2019 19:35,UNABLE TO DETERMINE,UNABLE TO DETERMINE,131,W,109TH PL,513,,,,,,,2,NO INDICATION OF INJURY,0,0,0,0,0,1,0,20,2,9,41.69516422,-87.62680661,POINT (-87.626806610727 41.695164216154)
JC426787,,9/9/2019 20:40,30,TRAFFIC SIGNAL,FUNCTIONING PROPERLY,CLEAR,"DARKNESS, LIGHTED ROAD",FIXED OBJECT,NOT DIVIDED,,STRAIGHT AND LEVEL,DRY,NO DEFECTS,ON SCENE,NO INJURY / DRIVE AWAY,N,,Y,$500 OR LESS,9/9/2019 20:45,UNABLE TO DETERMINE,UNABLE TO DETERMINE,2202,W,35TH ST,912,,,,,,,1,NO INDICATION OF INJURY,0,0,0,0,0,1,0,20,2,9,41.83044496,-87.68031239,POINT (-87.680312386591 41.830444956521)
JC426827,,9/9/2019 20:30,30,TRAFFIC SIGNAL,FUNCTIONING PROPERLY,CLEAR,"DARKNESS, LIGHTED ROAD",TURNING,DIVIDED - W/MEDIAN (NOT RAISED),,STRAIGHT AND LEVEL,DRY,NO DEFECTS,NOT ON SCENE (DESK REPORT),NO INJURY / DRIVE AWAY,,,,"$501 - $1,500",9/9/2019 20:54,DRIVING SKILLS/KNOWLEDGE/EXPERIENCE,NOT APPLICABLE,2301,S,BLUE ISLAND AVE,1034,,,,,,,2,NO INDICATION OF INJURY,0,0,0,0,0,2,0,20,2,9,41.85026571,-87.67093599,POINT (-87.670935984761 41.850265711775)
JC426754,,9/9/2019 20:23,30,NO CONTROLS,NO CONTROLS,CLEAR,"DARKNESS, LIGHTED ROAD",REAR END,DIVIDED - W/MEDIAN (NOT RAISED),,STRAIGHT AND LEVEL,DRY,NO DEFECTS,ON SCENE,INJURY AND / OR TOW DUE TO CRASH,,,Y,"OVER $1,500",9/9/2019 20:26,UNABLE TO DETERMINE,UNABLE TO DETERMINE,1744,N,PULASKI RD,2534,,,,,,,2,NO INDICATION OF INJURY,0,0,0,0,0,2,0,20,2,9,41.91294499,-87.72657577,POINT (-87.726575774125 41.912944990214)
JC426781,,9/9/2019 20:15,30,NO CONTROLS,NO CONTROLS,CLEAR,"DARKNESS, LIGHTED ROAD",PARKED MOTOR VEHICLE,NOT DIVIDED,,STRAIGHT AND LEVEL,DRY,NO DEFECTS,ON SCENE,INJURY AND / OR TOW DUE TO CRASH,,,,"OVER $1,500",9/9/2019 20:16,EQUIPMENT - VEHICLE CONDITION,EQUIPMENT - VEHICLE CONDITION,1811,W,AUGUSTA BLVD,1212,Y,Y,,,,,3,NO INDICATION OF INJURY,0,0,0,0,0,1,0,20,2,9,41.89951561,-87.67275749,POINT (-87.672757488965 41.89951560645)
JC426763,,9/9/2019 20:15,30,TRAFFIC SIGNAL,FUNCTIONING PROPERLY,CLEAR,"DARKNESS, LIGHTED ROAD",PEDALCYCLIST,NOT DIVIDED,,STRAIGHT AND LEVEL,DRY,UNKNOWN,ON SCENE,INJURY AND / OR TOW DUE TO CRASH,,,,$500 OR LESS,9/9/2019 20:15,UNABLE TO DETERMINE,NOT APPLICABLE,5800,N,CENTRAL AVE,1622,,,,,,,2,NONINCAPACITATING INJURY,1,0,0,1,0,1,0,20,2,9,41.98614956,-87.76841997,POINT (-87.76841997193 41.986149564207)
JC426772,,9/9/2019 20:06,30,NO CONTROLS,NO CONTROLS,CLEAR,"DARKNESS, LIGHTED ROAD",SIDESWIPE SAME DIRECTION,DIVIDED - W/MEDIAN BARRIER,,STRAIGHT AND LEVEL,DRY,NO DEFECTS,ON SCENE,NO INJURY / DRIVE AWAY,,,Y,"$501 - $1,500",9/9/2019 20:09,IMPROPER LANE USAGE,NOT APPLICABLE,49,W,WACKER DR,111,,,,,,,2,NO INDICATION OF INJURY,0,0,0,0,0,4,0,20,2,9,41.88670713,-87.62986742,POINT (-87.629867424402 41.886707132093)
JC429365,,9/9/2019 20:00,10,NO CONTROLS,NO CONTROLS,CLEAR,"DARKNESS, LIGHTED ROAD",FIXED OBJECT,OTHER,,STRAIGHT AND LEVEL,DRY,NO DEFECTS,NOT ON SCENE (DESK REPORT),NO INJURY / DRIVE AWAY,,Y,Y,"OVER $1,500",9/11/2019 19:00,IMPROPER BACKING,NOT APPLICABLE,4455,W,MONTROSE AVE,1722,,,,,,,1,NO INDICATION OF INJURY,0,0,0,0,0,1,0,20,2,9,41.96069294,-87.7405963,POINT (-87.740596296503 41.960692943678)
JC427328,,9/9/2019 20:00,30,NO CONTROLS,NO CONTROLS,CLEAR,DARKNESS,PARKED MOTOR VEHICLE,ONE-WAY,,STRAIGHT AND LEVEL,DRY,NO DEFECTS,NOT ON SCENE (DESK REPORT),NO INJURY / DRIVE AWAY,,,Y,"OVER $1,500",9/10/2019 11:56,UNABLE TO DETERMINE,NOT APPLICABLE,5533,W,HURON ST,1524,,,,,,,2,NO INDICATION OF INJURY,0,0,0,0,0,1,0,20,2,9,41.89281976,-87.76489885,POINT (-87.76489884588 41.892819757843)
JC426745,,9/9/2019 19:50,30,NO CONTROLS,NO CONTROLS,CLEAR,"DARKNESS, LIGHTED ROAD",PEDESTRIAN,PARKING LOT,,STRAIGHT AND LEVEL,DRY,NO DEFECTS,ON SCENE,INJURY AND / OR TOW DUE TO CRASH,,,Y,$500 OR LESS,9/9/2019 19:51,UNABLE TO DETERMINE,UNABLE TO DETERMINE,7100,S,ASHLAND AVE,735,,,,,,,2,NONINCAPACITATING INJURY,1,0,0,1,0,1,0,19,2,9,41.76485938,-87.66394018,POINT (-87.663940176305 41.764859382425)
JC426744,Y,9/9/2019 19:50,30,NO CONTROLS,NO CONTROLS,CLEAR,DARKNESS,PARKED MOTOR VEHICLE,NOT DIVIDED,,STRAIGHT AND LEVEL,DRY,NO DEFECTS,ON SCENE,NO INJURY / DRIVE AWAY,,,Y,"OVER $1,500",9/9/2019 19:53,UNABLE TO DETERMINE,UNABLE TO DETERMINE,5728,W,WABANSIA AVE,2531,,,,,,,2,NO INDICATION OF INJURY,0,0,0,0,0,1,0,19,2,9,41.91126831,-87.76910871,POINT (-87.769108710632 41.91126830741)
JC426747,,9/9/2019 19:49,30,NO CONTROLS,NO CONTROLS,CLEAR,"DARKNESS, LIGHTED ROAD",PARKED MOTOR VEHICLE,ONE-WAY,,STRAIGHT AND LEVEL,DRY,NO DEFECTS,ON SCENE,NO INJURY / DRIVE AWAY,,,,$500 OR LESS,9/9/2019 19:50,UNABLE TO DETERMINE,NOT APPLICABLE,13316,S,AVENUE K,433,,,,,,,2,NO INDICATION OF INJURY,0,0,0,0,0,1,0,19,2,9,41.65311295,-87.53518149,POINT (-87.535181488523 41.653112946542)
JC426783,,9/9/2019 19:48,30,TRAFFIC SIGNAL,FUNCTIONING PROPERLY,CLEAR,"DARKNESS, LIGHTED ROAD",REAR END,NOT DIVIDED,,STRAIGHT AND LEVEL,DRY,NO DEFECTS,ON SCENE,INJURY AND / OR TOW DUE TO CRASH,,,Y,"OVER $1,500",9/9/2019 19:50,FAILING TO REDUCE SPEED TO AVOID CRASH,DISREGARDING TRAFFIC SIGNALS,4800,N,ELSTON AVE,1712,,,,,,,2,NONINCAPACITATING INJURY,1,0,0,1,0,3,0,19,2,9,41.96803936,-87.74028389,POINT (-87.74028389449 41.968039361437)
JC426737,,9/9/2019 19:45,35,TRAFFIC SIGNAL,FUNCTIONING PROPERLY,CLEAR,DAYLIGHT,SIDESWIPE OPPOSITE DIRECTION,NOT DIVIDED,,STRAIGHT AND LEVEL,DRY,NO DEFECTS,ON SCENE,NO INJURY / DRIVE AWAY,Y,,,$500 OR LESS,9/9/2019 19:49,PHYSICAL CONDITION OF DRIVER,NOT APPLICABLE,5732,N,CICERO AVE,1621,,,,,,,2,NO INDICATION OF INJURY,0,0,0,0,0,2,0,19,2,9,41.98521537,-87.74844698,POINT (-87.74844697724 41.985215373141)
JC426685,,9/9/2019 19:32,30,TRAFFIC SIGNAL,FUNCTIONING PROPERLY,CLEAR,DUSK,REAR END,NOT DIVIDED,,STRAIGHT AND LEVEL,DRY,NO DEFECTS,ON SCENE,INJURY AND / OR TOW DUE TO CRASH,N,,,"OVER $1,500",9/9/2019 19:33,FAILING TO YIELD RIGHT-OF-WAY,DISTRACTION - FROM INSIDE VEHICLE,3696,S,ARCHER AVE,912,,,,,,,3,INCAPACITATING INJURY,2,0,2,0,0,5,0,19,2,9,41.82651854,-87.68420498,POINT (-87.684204982395 41.826518542923)
JC426718,,9/9/2019 19:31,25,UNKNOWN,UNKNOWN,CLEAR,DARKNESS,TURNING,FOUR WAY,,STRAIGHT AND LEVEL,DRY,NO DEFECTS,ON SCENE,INJURY AND / OR TOW DUE TO CRASH,,,,"OVER $1,500",9/9/2019 19:31,UNABLE TO DETERMINE,NOT APPLICABLE,400,E,MARQUETTE RD,312,,,,,,,2,INCAPACITATING INJURY,2,0,2,0,0,1,0,19,2,9,41.77308031,-87.61539262,POINT (-87.615392621573 41.773080310407)
JC426679,,9/9/2019 19:30,30,NO CONTROLS,NO CONTROLS,CLEAR,DARKNESS,OTHER OBJECT,NOT DIVIDED,,STRAIGHT AND LEVEL,DRY,UNKNOWN,ON SCENE,NO INJURY / DRIVE AWAY,Y,,Y,"$501 - $1,500",9/9/2019 19:32,UNABLE TO DETERMINE,UNABLE TO DETERMINE,1200,W,ALTGELD ST,1932,,,,,,,2,NO INDICATION OF INJURY,0,0,0,0,0,3,0,19,2,9,41.92721583,-87.65862248,POINT (-87.658622481868 41.927215827089)
JC426660,,9/9/2019 19:15,30,NO CONTROLS,NO CONTROLS,CLEAR,DARKNESS,ANGLE,OTHER,,STRAIGHT AND LEVEL,DRY,NO DEFECTS,NOT ON SCENE (DESK REPORT),NO INJURY / DRIVE AWAY,,,,"$501 - $1,500",9/9/2019 19:32,UNABLE TO DETERMINE,UNABLE TO DETERMINE,3077,S,LYMAN ST,913,,,,,,,2,NO INDICATION OF INJURY,0,0,0,0,0,2,0,19,2,9,41.83832909,-87.65856017,POINT (-87.658560172311 41.838329091839)
JC426674,Y,9/9/2019 19:05,35,TRAFFIC SIGNAL,FUNCTIONING PROPERLY,CLEAR,"DARKNESS, LIGHTED ROAD",TURNING,"FIVE POINT, OR MORE",,STRAIGHT AND LEVEL,DRY,NO DEFECTS,ON SCENE,INJURY AND / OR TOW DUE TO CRASH,Y,,,"OVER $1,500",9/9/2019 19:16,FAILING TO YIELD RIGHT-OF-WAY,NOT APPLICABLE,1941,N,WESTERN AVE,1434,,,,,,,2,NO INDICATION OF INJURY,0,0,0,0,0,2,0,19,2,9,41.91680089,-87.68724162,POINT (-87.687241621131 41.916800886226)
JC427863,,9/9/2019 19:00,30,NO CONTROLS,NO CONTROLS,CLEAR,DAYLIGHT,SIDESWIPE SAME DIRECTION,NOT DIVIDED,,STRAIGHT AND LEVEL,DRY,NO DEFECTS,NOT ON SCENE (DESK REPORT),NO INJURY / DRIVE AWAY,Y,,Y,"$501 - $1,500",9/10/2019 17:15,IMPROPER OVERTAKING/PASSING,NOT APPLICABLE,4532,W,BELMONT AVE,1731,,,,,,,2,NO INDICATION OF INJURY,0,0,0,0,0,3,0,19,2,9,41.93902022,-87.74082297,POINT (-87.740822968957 41.939020219741)
JC426647,,9/9/2019 18:58,30,NO CONTROLS,NO CONTROLS,CLEAR,DAYLIGHT,SIDESWIPE OPPOSITE DIRECTION,NOT DIVIDED,,STRAIGHT AND LEVEL,DRY,NO DEFECTS,ON SCENE,INJURY AND / OR TOW DUE TO CRASH,,,,"OVER $1,500",9/9/2019 19:17,IMPROPER OVERTAKING/PASSING,NOT APPLICABLE,6833,N,KEDZIE AVE,2411,,,,,,,2,NO INDICATION OF INJURY,0,0,0,0,0,2,0,18,2,9,42.00561454,-87.70917153,POINT (-87.709171526438 42.005614536586)
JC426733,,9/9/2019 18:55,30,NO CONTROLS,NO CONTROLS,CLEAR,"DARKNESS, LIGHTED ROAD",FIXED OBJECT,PARKING LOT,,STRAIGHT AND LEVEL,DRY,NO DEFECTS,ON SCENE,NO INJURY / DRIVE AWAY,,,,$500 OR LESS,9/9/2019 19:01,IMPROPER BACKING,UNABLE TO DETERMINE,3057,N,ROCKWELL ST,1411,,,,,,,1,NO INDICATION OF INJURY,0,0,0,0,0,1,0,18,2,9,41.93739495,-87.69273769,POINT (-87.692737689661 41.937394949019)
JC426712,,9/9/2019 18:30,10,UNKNOWN,UNKNOWN,UNKNOWN,UNKNOWN,PARKED MOTOR VEHICLE,PARKING LOT,,STRAIGHT AND LEVEL,UNKNOWN,UNKNOWN,NOT ON SCENE (DESK REPORT),NO INJURY / DRIVE AWAY,,,Y,$500 OR LESS,9/9/2019 19:50,UNABLE TO DETERMINE,NOT APPLICABLE,1101,W,JACKSON BLVD,1232,,,,,,,2,NO INDICATION OF INJURY,0,0,0,0,0,1,0,18,2,9,41.87772021,-87.65469,POINT (-87.654690001107 41.877720207181)
JC426691,,9/9/2019 18:30,30,STOP SIGN/FLASHER,FUNCTIONING PROPERLY,CLEAR,DAYLIGHT,TURNING,PARKING LOT,,STRAIGHT AND LEVEL,DRY,NO DEFECTS,NOT ON SCENE (DESK REPORT),NO INJURY / DRIVE AWAY,,,,"OVER $1,500",9/9/2019 19:45,UNABLE TO DETERMINE,UNABLE TO DETERMINE,3405,S,DR MARTIN LUTHER KING JR DR,211,,,,,,,2,NO INDICATION OF INJURY,0,0,0,0,0,2,0,18,2,9,41.83262451,-87.6168411,POINT (-87.616841095915 41.832624504717)
JC426605,,9/9/2019 18:30,30,NO CONTROLS,NO CONTROLS,CLEAR,DUSK,TURNING,ONE-WAY,,STRAIGHT AND LEVEL,DRY,NO DEFECTS,NOT ON SCENE (DESK REPORT),NO INJURY / DRIVE AWAY,,,Y,"$501 - $1,500",9/9/2019 19:09,DRIVING ON WRONG SIDE/WRONG WAY,FAILING TO REDUCE SPEED TO AVOID CRASH,4801,W,HIRSCH ST,2533,,,,,,,2,NO INDICATION OF INJURY,0,0,0,0,0,7,0,18,2,9,41.90587719,-87.74615787,POINT (-87.746157874018 41.905877193784)
JC426575,,9/9/2019 18:30,30,STOP SIGN/FLASHER,FUNCTIONING PROPERLY,CLEAR,DAYLIGHT,REAR END,ONE-WAY,,STRAIGHT AND LEVEL,DRY,NO DEFECTS,ON SCENE,INJURY AND / OR TOW DUE TO CRASH,,,Y,$500 OR LESS,9/9/2019 18:35,UNABLE TO DETERMINE,UNABLE TO DETERMINE,2202,S,MILLARD AVE,1013,,,,,,,2,NONINCAPACITATING INJURY,2,0,0,2,0,3,0,18,2,9,41.85152911,-87.7163623,POINT (-87.716362301905 41.851529110114)
JC426577,,9/9/2019 18:24,5,NO CONTROLS,NO CONTROLS,CLEAR,DUSK,PARKED MOTOR VEHICLE,PARKING LOT,,STRAIGHT AND LEVEL,DRY,NO DEFECTS,ON SCENE,NO INJURY / DRIVE AWAY,,,Y,$500 OR LESS,9/9/2019 18:28,IMPROPER BACKING,NOT APPLICABLE,9100,S,COMMERCIAL AVE,423,,,,,,,2,NO INDICATION OF INJURY,0,0,0,0,0,4,0,18,2,9,41.72998249,-87.55140127,POINT (-87.551401266962 41.729982488298)
JC426631,,9/9/2019 18:20,30,TRAFFIC SIGNAL,FUNCTIONING PROPERLY,CLEAR,DAYLIGHT,TURNING,NOT DIVIDED,,STRAIGHT AND LEVEL,UNKNOWN,UNKNOWN,NOT ON SCENE (DESK REPORT),NO INJURY / DRIVE AWAY,,,,"$501 - $1,500",9/9/2019 18:55,IMPROPER TURNING/NO SIGNAL,IMPROPER OVERTAKING/PASSING,1600,W,IRVING PARK RD,1912,,,,,,,2,NO INDICATION OF INJURY,0,0,0,0,0,3,0,18,2,9,41.9543993,-87.66911287,POINT (-87.669112865433 41.954399303703)