RD_NO,CRASH_DATE_EST_I,CRASH_DATE,POSTED_SPEED_LIMIT,TRAFFIC_CONTROL_DEVICE,DEVICE_CONDITION,WEATHER_CONDITION,LIGHTING_CONDITION,FIRST_CRASH_TYPE,TRAFFICWAY_TYPE,LANE_CNT,ALIGNMENT,ROADWAY_SURFACE_COND,ROAD_DEFECT,REPORT_TYPE,CRASH_TYPE,INTERSECTION_RELATED_I,NOT_RIGHT_OF_WAY_I,HIT_AND_RUN_I,DAMAGE,DATE_POLICE_NOTIFIED,PRIM_CONTRIBUTORY_CAUSE,SEC_CONTRIBUTORY_CAUSE,STREET_NO,STREET_DIRECTION,STREET_NAME,BEAT_OF_OCCURRENCE,PHOTOS_TAKEN_I,STATEMENTS_TAKEN_I,DOORING_I,WORK_ZONE_I,WORK_ZONE_TYPE,WORKERS_PRESENT_I,NUM_UNITS,MOST_SEVERE_INJURY,INJURIES_TOTAL,INJURIES_FATAL,INJURIES_INCAPACITATING,INJURIES_NON_INCAPACITATING,INJURIES_REPORTED_NOT_EVIDENT,INJURIES_NO_INDICATION,INJURIES_UNKNOWN,CRASH_HOUR,CRASH_DAY_OF_WEEK,CRASH_MONTH,LATITUDE,LONGITUDE,LOCATION
JC426595,,9/9/2019 18:20,25,TRAFFIC SIGNAL,FUNCTIONING PROPERLY,CLEAR,DUSK,REAR END,DIVIDED - W/MEDIAN (NOT RAISED),,STRAIGHT AND LEVEL,DRY,UNKNOWN,NOT ON SCENE (DESK REPORT),NO INJURY / DRIVE AWAY,,,Y,"OVER $1,500",9/9/2019 18:20,FAILING TO REDUCE SPEED TO AVOID CRASH,NOT APPLICABLE,3658,W,IRVING PARK RD,1723,,,,,,,2,NO INDICATION OF INJURY,0,0,0,0,0,3,0,18,2,9,41.95385814,-87.71999799,POINT (-87.719997986862 41.953858136734)
JC426586,,9/9/2019 18:10,30,NO CONTROLS,NO CONTROLS,CLEAR,DAYLIGHT,SIDESWIPE SAME DIRECTION,NOT DIVIDED,,STRAIGHT AND LEVEL,DRY,UNKNOWN,NOT ON SCENE (DESK REPORT),NO INJURY / DRIVE AWAY,,,,"OVER $1,500",9/9/2019 18:40,UNABLE TO DETERMINE,UNABLE TO DETERMINE,2233,W,IRVING PARK RD,1921,,,,,,,2,NO INDICATION OF INJURY,0,0,0,0,0,2,0,18,2,9,41.95395607,-87.68488614,POINT (-87.684886142038 41.953956070886)
JC426553,,9/9/2019 18:10,30,NO CONTROLS,NO CONTROLS,CLEAR,DAYLIGHT,PARKED MOTOR VEHICLE,NOT DIVIDED,,STRAIGHT AND LEVEL,DRY,NO DEFECTS,ON SCENE,NO INJURY / DRIVE AWAY,,,Y,"OVER $1,500",9/9/2019 18:10,IMPROPER BACKING,UNABLE TO DETERMINE,6973,N,CLARK ST,2431,,,,,,,3,NO INDICATION OF INJURY,0,0,0,0,0,1,0,18,2,9,42.00872054,-87.67375036,POINT (-87.673750361779 42.008720542296)
JC426541,Y,9/9/2019 18:08,30,NO CONTROLS,NO CONTROLS,CLEAR,DAYLIGHT,PARKED MOTOR VEHICLE,DIVIDED - W/MEDIAN (NOT RAISED),,STRAIGHT AND LEVEL,DRY,NO DEFECTS,ON SCENE,NO INJURY / DRIVE AWAY,,,Y,$500 OR LESS,9/9/2019 18:10,UNABLE TO DETERMINE,NOT APPLICABLE,520,N,NOBLE ST,1215,,,,,,,2,NO INDICATION OF INJURY,0,0,0,0,0,1,0,18,2,9,41.89169632,-87.66243087,POINT (-87.662430865322 41.891696322729)
JC426528,,9/9/2019 18:07,35,NO CONTROLS,NO CONTROLS,CLEAR,DUSK,REAR END,DIVIDED - W/MEDIAN (NOT RAISED),,STRAIGHT AND LEVEL,DRY,NO DEFECTS,ON SCENE,NO INJURY / DRIVE AWAY,,,,"OVER $1,500",9/9/2019 18:20,FOLLOWING TOO CLOSELY,FOLLOWING TOO CLOSELY,7900,S,STONY ISLAND AVE,411,,,,,,,2,NO INDICATION OF INJURY,0,0,0,0,0,2,0,18,2,9,41.7514606,-87.58597199,POINT (-87.585971992965 41.751460603167)
JC426769,,9/9/2019 18:00,35,NO CONTROLS,UNKNOWN,CLEAR,DAYLIGHT,REAR END,NOT DIVIDED,,STRAIGHT AND LEVEL,DRY,UNKNOWN,NOT ON SCENE (DESK REPORT),NO INJURY / DRIVE AWAY,,,N,$500 OR LESS,9/9/2019 20:00,NOT APPLICABLE,NOT APPLICABLE,111,N,WABASH AVE,111,,,,,,,2,NO INDICATION OF INJURY,0,0,0,0,0,2,0,18,2,9,41.88352649,-87.6260822,POINT (-87.626082196787 41.883526491747)
JC426715,,9/9/2019 18:00,10,NO CONTROLS,NO CONTROLS,CLEAR,DAYLIGHT,PARKED MOTOR VEHICLE,ALLEY,,STRAIGHT AND LEVEL,DRY,NO DEFECTS,NOT ON SCENE (DESK REPORT),NO INJURY / DRIVE AWAY,,,,"$501 - $1,500",9/9/2019 18:20,UNABLE TO DETERMINE,NOT APPLICABLE,3747,N,SOUTHPORT AVE,1923,,,,,,,2,NO INDICATION OF INJURY,0,0,0,0,0,1,0,18,2,9,41.95023994,-87.66395803,POINT (-87.663958034255 41.950239935967)
JC426536,,9/9/2019 18:00,30,NO CONTROLS,NO CONTROLS,CLEAR,DAYLIGHT,REAR END,NOT DIVIDED,,STRAIGHT AND LEVEL,DRY,NO DEFECTS,ON SCENE,INJURY AND / OR TOW DUE TO CRASH,,,Y,"$501 - $1,500",9/9/2019 18:04,UNABLE TO DETERMINE,UNABLE TO DETERMINE,3268,W,FULLERTON AVE,1413,,,,,,,2,"REPORTED, NOT EVIDENT",1,0,0,0,1,1,0,18,2,9,41.92479633,-87.71012068,POINT (-87.710120679176 41.924796324736)
JC426524,Y,9/9/2019 18:00,35,NO CONTROLS,NO CONTROLS,CLEAR,DAYLIGHT,REAR END,DIVIDED - W/MEDIAN (NOT RAISED),,STRAIGHT AND LEVEL,DRY,NO DEFECTS,NOT ON SCENE (DESK REPORT),NO INJURY / DRIVE AWAY,,,,"OVER $1,500",9/9/2019 18:18,DISTRACTION - FROM INSIDE VEHICLE,UNABLE TO DETERMINE,4830,N,ELSTON AVE,1712,,,,,,,2,NO INDICATION OF INJURY,0,0,0,0,0,4,0,18,2,9,41.96856376,-87.74112525,POINT (-87.741125253336 41.968563763727)
JC426522,,9/9/2019 18:00,30,TRAFFIC SIGNAL,FUNCTIONING PROPERLY,CLEAR,DAYLIGHT,REAR END,NOT DIVIDED,,STRAIGHT AND LEVEL,DRY,NO DEFECTS,ON SCENE,INJURY AND / OR TOW DUE TO CRASH,Y,,,"$501 - $1,500",9/9/2019 18:05,FAILING TO REDUCE SPEED TO AVOID CRASH,NOT APPLICABLE,6000,W,GRAND AVE,2512,,,,,,,2,NO INDICATION OF INJURY,0,0,0,0,0,2,0,18,2,9,41.92067663,-87.77563027,POINT (-87.775630269041 41.920676630982)
JC426516,,9/9/2019 18:00,30,TRAFFIC SIGNAL,FUNCTIONING PROPERLY,CLEAR,DAYLIGHT,REAR END,NOT DIVIDED,,STRAIGHT AND LEVEL,DRY,NO DEFECTS,NOT ON SCENE (DESK REPORT),NO INJURY / DRIVE AWAY,Y,,,"$501 - $1,500",9/9/2019 18:16,FOLLOWING TOO CLOSELY,NOT APPLICABLE,508,W,DIVISION ST,1821,,,,,,,2,NO INDICATION OF INJURY,0,0,0,0,0,2,0,18,2,9,41.90385308,-87.64151368,POINT (-87.64151367737 41.903853083562)
JC426535,,9/9/2019 17:55,10,NO CONTROLS,NO CONTROLS,CLEAR,DAYLIGHT,REAR END,PARKING LOT,,STRAIGHT AND LEVEL,DRY,NO DEFECTS,NOT ON SCENE (DESK REPORT),NO INJURY / DRIVE AWAY,,,,"$501 - $1,500",9/9/2019 18:15,UNABLE TO DETERMINE,NOT APPLICABLE,9843,S,WESTERN AVE,2213,,,,,,,2,NO INDICATION OF INJURY,0,0,0,0,0,2,0,17,2,9,41.71421193,-87.68170937,POINT (-87.681709370806 41.714211931593)
JC426557,,9/9/2019 17:47,30,STOP SIGN/FLASHER,FUNCTIONING PROPERLY,CLEAR,DAWN,REAR END,DIVIDED - W/MEDIAN (NOT RAISED),,STRAIGHT AND LEVEL,DRY,NO DEFECTS,ON SCENE,NO INJURY / DRIVE AWAY,,,,"OVER $1,500",9/9/2019 17:50,FAILING TO REDUCE SPEED TO AVOID CRASH,FAILING TO REDUCE SPEED TO AVOID CRASH,9800,S,WENTWORTH AVE,511,,,,,,,2,NO INDICATION OF INJURY,0,0,0,0,0,3,0,17,2,9,41.71620542,-87.62869636,POINT (-87.628696357244 41.716205420203)
JC426509,,9/9/2019 17:45,30,NO CONTROLS,NO CONTROLS,CLEAR,DAYLIGHT,TURNING,NOT DIVIDED,,STRAIGHT AND LEVEL,DRY,NO DEFECTS,ON SCENE,INJURY AND / OR TOW DUE TO CRASH,Y,,,"OVER $1,500",9/9/2019 17:46,FAILING TO YIELD RIGHT-OF-WAY,NOT APPLICABLE,3932,W,MONTROSE AVE,1723,,,,,,,2,NO INDICATION OF INJURY,0,0,0,0,0,2,0,17,2,9,41.96107053,-87.72674709,POINT (-87.72674709281 41.961070524511)
JC426609,,9/9/2019 17:40,30,TRAFFIC SIGNAL,FUNCTIONING PROPERLY,CLEAR,DAYLIGHT,REAR END,DIVIDED - W/MEDIAN (NOT RAISED),,STRAIGHT AND LEVEL,DRY,NO DEFECTS,NOT ON SCENE (DESK REPORT),NO INJURY / DRIVE AWAY,,,,"$501 - $1,500",9/9/2019 18:58,FOLLOWING TOO CLOSELY,NOT APPLICABLE,4300,S,CALIFORNIA AVE,922,,,,,,,2,NO INDICATION OF INJURY,0,0,0,0,0,2,0,17,2,9,41.81544961,-87.6945694,POINT (-87.694569400937 41.815449611067)
JC426519,Y,9/9/2019 17:34,30,NO CONTROLS,NO CONTROLS,CLEAR,DAYLIGHT,SIDESWIPE SAME DIRECTION,DIVIDED - W/MEDIAN (NOT RAISED),,STRAIGHT AND LEVEL,DRY,NO DEFECTS,ON SCENE,INJURY AND / OR TOW DUE TO CRASH,,,Y,"OVER $1,500",9/9/2019 17:35,DISREGARDING ROAD MARKINGS,FAILING TO REDUCE SPEED TO AVOID CRASH,4500,W,CERMAK RD,1012,,,,,,,3,NONINCAPACITATING INJURY,1,0,0,1,0,2,0,17,2,9,41.85147608,-87.73703049,POINT (-87.737030487655 41.851476081642)
JC426455,,9/9/2019 17:34,15,NO CONTROLS,NO CONTROLS,CLEAR,DAYLIGHT,REAR TO SIDE,PARKING LOT,,STRAIGHT AND LEVEL,DRY,NO DEFECTS,ON SCENE,NO INJURY / DRIVE AWAY,,Y,,"OVER $1,500",9/9/2019 18:22,UNABLE TO DETERMINE,NOT APPLICABLE,3137,S,FEDERAL ST,211,,,,,,,2,NO INDICATION OF INJURY,0,0,0,0,0,2,0,17,2,9,41.83692177,-87.62878939,POINT (-87.628789384977 41.836921774114)
JC426437,,9/9/2019 17:31,25,STOP SIGN/FLASHER,FUNCTIONING PROPERLY,CLEAR,DAYLIGHT,ANGLE,DIVIDED - W/MEDIAN (NOT RAISED),,STRAIGHT AND LEVEL,DRY,NO DEFECTS,ON SCENE,INJURY AND / OR TOW DUE TO CRASH,Y,,,"OVER $1,500",9/9/2019 17:33,DISREGARDING STOP SIGN,DISREGARDING STOP SIGN,6300,S,MAY ST,724,,,,,,,2,NO INDICATION OF INJURY,0,0,0,0,0,2,0,17,2,9,41.77953527,-87.65343241,POINT (-87.653432412628 41.779535269017)
JC426587,,9/9/2019 17:30,20,NO CONTROLS,NO CONTROLS,CLEAR,DAYLIGHT,REAR TO FRONT,RAMP,,CURVE ON GRADE,DRY,NO DEFECTS,ON SCENE,INJURY AND / OR TOW DUE TO CRASH,Y,,,"OVER $1,500",9/9/2019 18:50,IMPROPER BACKING,NOT APPLICABLE,3,W,TERMINAL ST,1653,,,,,,,2,NO INDICATION OF INJURY,0,0,0,0,0,3,0,17,2,9,,,
JC426440,,9/9/2019 17:30,30,TRAFFIC SIGNAL,FUNCTIONING PROPERLY,CLEAR,DAYLIGHT,SIDESWIPE SAME DIRECTION,NOT DIVIDED,,STRAIGHT AND LEVEL,DRY,NO DEFECTS,NOT ON SCENE (DESK REPORT),NO INJURY / DRIVE AWAY,,,Y,"$501 - $1,500",9/9/2019 17:55,IMPROPER OVERTAKING/PASSING,IMPROPER OVERTAKING/PASSING,600,S,HOMAN AVE,1133,,,,,,,2,NO INDICATION OF INJURY,0,0,0,0,0,2,0,17,2,9,41.87358175,-87.71092787,POINT (-87.71092786952 41.873581747107)
JC426452,,9/9/2019 17:25,30,NO CONTROLS,NO CONTROLS,CLEAR,DAYLIGHT,SIDESWIPE SAME DIRECTION,ONE-WAY,,STRAIGHT AND LEVEL,DRY,NO DEFECTS,ON SCENE,NO INJURY / DRIVE AWAY,,,,"$501 - $1,500",9/9/2019 17:25,IMPROPER LANE USAGE,NOT APPLICABLE,241,N,DEARBORN ST,111,,,,,,,2,NO INDICATION OF INJURY,0,0,0,0,0,2,0,17,2,9,41.88676537,-87.62938158,POINT (-87.629381582921 41.886765373777)
JC426539,,9/9/2019 17:20,30,NO CONTROLS,NO CONTROLS,CLEAR,DAYLIGHT,SIDESWIPE OPPOSITE DIRECTION,NOT DIVIDED,,STRAIGHT AND LEVEL,DRY,NO DEFECTS,NOT ON SCENE (DESK REPORT),NO INJURY / DRIVE AWAY,,,Y,"$501 - $1,500",9/9/2019 18:49,UNABLE TO DETERMINE,NOT APPLICABLE,7600,S,YATES BLVD,414,,,,,,,2,NO INDICATION OF INJURY,0,0,0,0,0,2,0,17,2,9,41.7570665,-87.56648012,POINT (-87.5664801163 41.757066500677)
JC426432,,9/9/2019 17:20,30,STOP SIGN/FLASHER,FUNCTIONING PROPERLY,CLEAR,DAYLIGHT,PEDALCYCLIST,ONE-WAY,,STRAIGHT AND LEVEL,DRY,NO DEFECTS,ON SCENE,NO INJURY / DRIVE AWAY,Y,,,$500 OR LESS,9/9/2019 17:28,FAILING TO REDUCE SPEED TO AVOID CRASH,DISTRACTION - FROM OUTSIDE VEHICLE,4130,W,PALMER ST,2525,,,,,,,2,NO INDICATION OF INJURY,0,0,0,0,0,2,0,17,2,9,41.92088865,-87.73039753,POINT (-87.730397533682 41.920888648033)
JC426424,,9/9/2019 17:15,30,TRAFFIC SIGNAL,UNKNOWN,CLEAR,DAYLIGHT,SIDESWIPE SAME DIRECTION,FOUR WAY,,STRAIGHT AND LEVEL,DRY,NO DEFECTS,NOT ON SCENE (DESK REPORT),NO INJURY / DRIVE AWAY,Y,,Y,$500 OR LESS,9/9/2019 17:39,UNABLE TO DETERMINE,UNABLE TO DETERMINE,1156,S,DAMEN AVE,1233,,,,,,,2,NO INDICATION OF INJURY,0,0,0,0,0,2,0,17,2,9,41.86681108,-87.67639815,POINT (-87.676398150273 41.866811082861)
JC426431,,9/9/2019 17:10,30,STOP SIGN/FLASHER,FUNCTIONING PROPERLY,CLEAR,DAYLIGHT,ANGLE,FOUR WAY,,STRAIGHT AND LEVEL,DRY,NO DEFECTS,ON SCENE,INJURY AND / OR TOW DUE TO CRASH,Y,,,"OVER $1,500",9/9/2019 17:26,DISREGARDING TRAFFIC SIGNALS,NOT APPLICABLE,7900,S,KEDZIE AVE,834,,,,,,,2,NONINCAPACITATING INJURY,1,0,0,1,0,1,0,17,2,9,41.74972397,-87.70253957,POINT (-87.702539571674 41.749723971726)
JC426626,,9/9/2019 17:00,30,NO CONTROLS,FUNCTIONING PROPERLY,CLOUDY/OVERCAST,DAYLIGHT,SIDESWIPE SAME DIRECTION,NOT DIVIDED,,STRAIGHT AND LEVEL,DRY,UNKNOWN,NOT ON SCENE (DESK REPORT),NO INJURY / DRIVE AWAY,,,Y,"OVER $1,500",9/9/2019 19:10,IMPROPER OVERTAKING/PASSING,NOT APPLICABLE,4741,W,JACKSON BLVD,1131,,,,,,,2,NO INDICATION OF INJURY,0,0,0,0,0,2,0,17,2,9,41.87674477,-87.74433381,POINT (-87.744333814092 41.876744773665)
JC426521,,9/9/2019 17:00,30,TRAFFIC SIGNAL,FUNCTIONING PROPERLY,CLEAR,DAYLIGHT,TURNING,NOT DIVIDED,,STRAIGHT AND LEVEL,DRY,NO DEFECTS,NOT ON SCENE (DESK REPORT),NO INJURY / DRIVE AWAY,Y,,Y,"$501 - $1,500",9/9/2019 18:10,FAILING TO YIELD RIGHT-OF-WAY,NOT APPLICABLE,4801,W,ADDISON ST,1634,,,,,,,2,NO INDICATION OF INJURY,0,0,0,0,0,2,0,17,2,9,41.94601235,-87.74719104,POINT (-87.747191038518 41.946012351933)
JC426488,,9/9/2019 17:00,30,TRAFFIC SIGNAL,FUNCTIONING PROPERLY,CLEAR,DAYLIGHT,SIDESWIPE SAME DIRECTION,NOT DIVIDED,,STRAIGHT AND LEVEL,DRY,NO DEFECTS,NOT ON SCENE (DESK REPORT),NO INJURY / DRIVE AWAY,,,,"OVER $1,500",9/9/2019 17:45,FAILING TO YIELD RIGHT-OF-WAY,NOT APPLICABLE,801,W,104TH ST,2233,,,,,,,2,NO INDICATION OF INJURY,0,0,0,0,0,2,0,17,2,9,41.70498479,-87.64283646,POINT (-87.642836457454 41.704984784926)
JC426467,,9/9/2019 17:00,30,TRAFFIC SIGNAL,FUNCTIONING PROPERLY,CLEAR,DAYLIGHT,PEDESTRIAN,NOT DIVIDED,,STRAIGHT AND LEVEL,DRY,NO DEFECTS,NOT ON SCENE (DESK REPORT),INJURY AND / OR TOW DUE TO CRASH,,,,$500 OR LESS,9/9/2019 17:50,UNABLE TO DETERMINE,UNABLE TO DETERMINE,2300,W,GRAND AVE,1221,,,,,,,2,NONINCAPACITATING INJURY,1,0,0,1,0,2,0,17,2,9,41.89081045,-87.68431333,POINT (-87.684313325796 41.890810447097)
JC426442,,9/9/2019 17:00,30,NO CONTROLS,NO CONTROLS,CLEAR,DAYLIGHT,PARKED MOTOR VEHICLE,NOT DIVIDED,,STRAIGHT AND LEVEL,DRY,NO DEFECTS,,INJURY AND / OR TOW DUE TO CRASH,,,,"OVER $1,500",9/9/2019 17:04,FAILING TO YIELD RIGHT-OF-WAY,FAILING TO YIELD RIGHT-OF-WAY,1155,S,CANAL ST,124,,,,,,,2,NO INDICATION OF INJURY,0,0,0,0,0,1,0,17,2,9,41.86744903,-87.63904775,POINT (-87.639047752499 41.867449034417)
JC426422,,9/9/2019 17:00,30,NO CONTROLS,NO CONTROLS,CLEAR,DAYLIGHT,PARKED MOTOR VEHICLE,NOT DIVIDED,,STRAIGHT AND LEVEL,DRY,NO DEFECTS,NOT ON SCENE (DESK REPORT),NO INJURY / DRIVE AWAY,,,,"OVER $1,500",9/9/2019 17:45,UNABLE TO DETERMINE,UNABLE TO DETERMINE,501,N,CENTRAL AVE,1523,,,,,,,2,NO INDICATION OF INJURY,0,0,0,0,0,1,0,17,2,9,41.88938364,-87.76503865,POINT (-87.765038652549 41.889383638321)
JC426411,,9/9/2019 17:00,30,NO CONTROLS,NO CONTROLS,CLEAR,DAYLIGHT,TURNING,NOT DIVIDED,,STRAIGHT AND LEVEL,DRY,NO DEFECTS,ON SCENE,INJURY AND / OR TOW DUE TO CRASH,,,,"OVER $1,500",9/9/2019 17:05,FAILING TO YIELD RIGHT-OF-WAY,NOT APPLICABLE,2356,W,CHICAGO AVE,1212,,,,,,,2,NONINCAPACITATING INJURY,1,0,0,1,0,2,0,17,2,9,41.89585612,-87.68664749,POINT (-87.686647488175 41.895856120589)
JC426389,,9/9/2019 17:00,30,NO CONTROLS,NO CONTROLS,CLEAR,DAYLIGHT,SIDESWIPE SAME DIRECTION,DIVIDED - W/MEDIAN (NOT RAISED),,STRAIGHT AND LEVEL,DRY,NO DEFECTS,NOT ON SCENE (DESK REPORT),NO INJURY / DRIVE AWAY,,,Y,"OVER $1,500",9/9/2019 17:10,NOT APPLICABLE,NOT APPLICABLE,9000,S,JEFFERY BLVD,413,,,,,,,2,NO INDICATION OF INJURY,0,0,0,0,0,2,0,17,2,9,41.731491,-87.57573005,POINT (-87.575730053476 41.731490995184)
JC426530,,9/9/2019 16:55,30,STOP SIGN/FLASHER,NO CONTROLS,CLEAR,DAYLIGHT,TURNING,NOT DIVIDED,,STRAIGHT AND LEVEL,DRY,NO DEFECTS,NOT ON SCENE (DESK REPORT),NO INJURY / DRIVE AWAY,Y,,,"OVER $1,500",9/9/2019 17:58,UNABLE TO DETERMINE,NOT APPLICABLE,9000,S,VINCENNES AVE,2222,,,,,,,2,NO INDICATION OF INJURY,0,0,0,0,0,2,0,16,2,9,41.73048043,-87.64744428,POINT (-87.647444277011 41.730480427765)
JC426395,,9/9/2019 16:55,15,NO CONTROLS,NO CONTROLS,CLEAR,DAYLIGHT,FIXED OBJECT,ALLEY,,STRAIGHT AND LEVEL,DRY,NO DEFECTS,ON SCENE,NO INJURY / DRIVE AWAY,N,,,"OVER $1,500",9/9/2019 17:00,IMPROPER LANE USAGE,UNABLE TO DETERMINE,5914,S,MAPLEWOOD AVE,824,,,,,,,1,NO INDICATION OF INJURY,0,0,0,0,0,5,0,16,2,9,41.78601519,-87.68763026,POINT (-87.687630256331 41.786015187808)
JC426379,,9/9/2019 16:55,30,NO CONTROLS,NO CONTROLS,CLEAR,DAYLIGHT,REAR END,ONE-WAY,,STRAIGHT AND LEVEL,DRY,NO DEFECTS,ON SCENE,NO INJURY / DRIVE AWAY,,,,$500 OR LESS,9/9/2019 17:00,FOLLOWING TOO CLOSELY,NOT APPLICABLE,5,W,TERMINAL ST,1655,,,,,,,2,NO INDICATION OF INJURY,0,0,0,0,0,2,0,16,2,9,,,
JC426412,,9/9/2019 16:54,30,TRAFFIC SIGNAL,FUNCTIONING PROPERLY,CLEAR,DAYLIGHT,SIDESWIPE SAME DIRECTION,DIVIDED - W/MEDIAN (NOT RAISED),,STRAIGHT AND LEVEL,DRY,NO DEFECTS,NOT ON SCENE (DESK REPORT),NO INJURY / DRIVE AWAY,,,Y,"$501 - $1,500",9/9/2019 17:30,FAILING TO YIELD RIGHT-OF-WAY,UNABLE TO DETERMINE,2000,W,DIVERSEY PKWY,1931,,,,,,,2,NO INDICATION OF INJURY,0,0,0,0,0,3,0,16,2,9,41.93239416,-87.67817303,POINT (-87.678173030878 41.932394164037)
JC427184,,9/9/2019 16:45,30,NO CONTROLS,NO CONTROLS,CLEAR,DAYLIGHT,SIDESWIPE SAME DIRECTION,NOT DIVIDED,,STRAIGHT AND LEVEL,DRY,NO DEFECTS,NOT ON SCENE (DESK REPORT),NO INJURY / DRIVE AWAY,,,,"$501 - $1,500",9/10/2019 8:45,FAILING TO YIELD RIGHT-OF-WAY,UNABLE TO DETERMINE,4144,W,31ST ST,1031,,,,,,,2,NO INDICATION OF INJURY,0,0,0,0,0,2,0,16,2,9,41.83694595,-87.72856307,POINT (-87.728563067874 41.836945953103)
JC426480,,9/9/2019 16:45,30,STOP SIGN/FLASHER,FUNCTIONING PROPERLY,CLEAR,DAYLIGHT,ANGLE,FOUR WAY,,STRAIGHT AND LEVEL,DRY,NO DEFECTS,NOT ON SCENE (DESK REPORT),NO INJURY / DRIVE AWAY,Y,,,"$501 - $1,500",9/9/2019 18:00,FAILING TO YIELD RIGHT-OF-WAY,UNABLE TO DETERMINE,2800,S,KOSTNER AVE,1031,,,,,,,2,NO INDICATION OF INJURY,0,0,0,0,0,2,0,16,2,9,41.84035111,-87.73432072,POINT (-87.734320722033 41.840351108819)
JC426399,,9/9/2019 16:45,30,NO CONTROLS,NO CONTROLS,CLEAR,DAYLIGHT,REAR END,DIVIDED - W/MEDIAN (NOT RAISED),,STRAIGHT AND LEVEL,DRY,NO DEFECTS,NOT ON SCENE (DESK REPORT),NO INJURY / DRIVE AWAY,,,,"$501 - $1,500",9/9/2019 17:15,UNABLE TO DETERMINE,UNABLE TO DETERMINE,3427,N,ASHLAND AVE,1922,,,,,,,2,NO INDICATION OF INJURY,0,0,0,0,0,2,0,16,2,9,41.94417227,-87.66863851,POINT (-87.668638508527 41.944172271775)
JC426862,,9/9/2019 16:35,30,STOP SIGN/FLASHER,FUNCTIONING PROPERLY,CLEAR,DAYLIGHT,TURNING,DIVIDED - W/MEDIAN (NOT RAISED),,STRAIGHT AND LEVEL,DRY,NO DEFECTS,NOT ON SCENE (DESK REPORT),NO INJURY / DRIVE AWAY,,,Y,"OVER $1,500",9/9/2019 21:30,FOLLOWING TOO CLOSELY,NOT APPLICABLE,2498,W,NORTH AVE,1434,,,,,,,1,NO INDICATION OF INJURY,0,0,0,0,0,1,0,16,2,9,41.91040446,-87.68960766,POINT (-87.689607663524 41.910404460307)
JC426398,,9/9/2019 16:28,30,STOP SIGN/FLASHER,FUNCTIONING PROPERLY,CLEAR,DAYLIGHT,ANGLE,NOT DIVIDED,,STRAIGHT AND LEVEL,DRY,NO DEFECTS,ON SCENE,INJURY AND / OR TOW DUE TO CRASH,Y,,,"OVER $1,500",9/9/2019 16:28,FAILING TO YIELD RIGHT-OF-WAY,DRIVING SKILLS/KNOWLEDGE/EXPERIENCE,611,E,76TH ST,624,,,,,,,2,NO INDICATION OF INJURY,0,0,0,0,0,2,0,16,2,9,41.75656753,-87.60973128,POINT (-87.609731279764 41.756567529459)
JC426328,,9/9/2019 16:24,30,TRAFFIC SIGNAL,FUNCTIONING PROPERLY,CLEAR,DAYLIGHT,ANGLE,NOT DIVIDED,,STRAIGHT AND LEVEL,DRY,UNKNOWN,NOT ON SCENE (DESK REPORT),NO INJURY / DRIVE AWAY,Y,,,"OVER $1,500",9/9/2019 16:45,UNABLE TO DETERMINE,UNABLE TO DETERMINE,6200,N,CALIFORNIA AVE,2413,,,,,,,2,NO INDICATION OF INJURY,0,0,0,0,0,3,0,16,2,9,41.99406469,-87.69966621,POINT (-87.699666209442 41.994064689074)
JC426415,,9/9/2019 16:23,30,TRAFFIC SIGNAL,FUNCTIONING PROPERLY,CLEAR,DAYLIGHT,REAR END,DIVIDED - W/MEDIAN BARRIER,,STRAIGHT AND LEVEL,DRY,NO DEFECTS,NOT ON SCENE (DESK REPORT),NO INJURY / DRIVE AWAY,,,,"OVER $1,500",9/9/2019 17:11,UNABLE TO DETERMINE,NOT APPLICABLE,8259,S,VINCENNES AVE,622,,,,,,,2,NO INDICATION OF INJURY,0,0,0,0,0,2,0,16,2,9,41.74419453,-87.6357826,POINT (-87.635782603111 41.744194530914)
JC426343,,9/9/2019 16:20,25,NO CONTROLS,NO CONTROLS,CLEAR,DAYLIGHT,REAR END,ONE-WAY,,STRAIGHT AND LEVEL,DRY,NO DEFECTS,NOT ON SCENE (DESK REPORT),NO INJURY / DRIVE AWAY,,,,"OVER $1,500",9/9/2019 16:59,FAILING TO REDUCE SPEED TO AVOID CRASH,NOT APPLICABLE,210,S,CANAL ST,121,,,,,,,2,NO INDICATION OF INJURY,0,0,0,0,0,3,0,16,2,9,41.87896179,-87.63973261,POINT (-87.639732611844 41.878961784808)
JC426313,,9/9/2019 16:17,25,NO CONTROLS,NO CONTROLS,CLEAR,DAYLIGHT,PARKED MOTOR VEHICLE,ONE-WAY,,STRAIGHT AND LEVEL,DRY,NO DEFECTS,ON SCENE,NO INJURY / DRIVE AWAY,,,,"$501 - $1,500",9/9/2019 16:25,IMPROPER OVERTAKING/PASSING,NOT APPLICABLE,1533,W,JARVIS AVE,2423,,,,,,,2,NO INDICATION OF INJURY,0,0,0,0,0,1,0,16,2,9,42.01590167,-87.66944214,POINT (-87.669442135045 42.015901673999)
JC426651,,9/9/2019 16:15,30,UNKNOWN,UNKNOWN,CLEAR,DAYLIGHT,REAR END,NOT DIVIDED,,STRAIGHT AND LEVEL,DRY,NO DEFECTS,NOT ON SCENE (DESK REPORT),NO INJURY / DRIVE AWAY,,,,"$501 - $1,500",9/9/2019 19:28,FOLLOWING TOO CLOSELY,FOLLOWING TOO CLOSELY,8081,W,OHARE ST,1654,,,,,,,2,NO INDICATION OF INJURY,0,0,0,0,0,2,0,16,2,9,,,