RD_NO,CRASH_DATE_EST_I,CRASH_DATE,POSTED_SPEED_LIMIT,TRAFFIC_CONTROL_DEVICE,DEVICE_CONDITION,WEATHER_CONDITION,LIGHTING_CONDITION,FIRST_CRASH_TYPE,TRAFFICWAY_TYPE,LANE_CNT,ALIGNMENT,ROADWAY_SURFACE_COND,ROAD_DEFECT,REPORT_TYPE,CRASH_TYPE,INTERSECTION_RELATED_I,NOT_RIGHT_OF_WAY_I,HIT_AND_RUN_I,DAMAGE,DATE_POLICE_NOTIFIED,PRIM_CONTRIBUTORY_CAUSE,SEC_CONTRIBUTORY_CAUSE,STREET_NO,STREET_DIRECTION,STREET_NAME,BEAT_OF_OCCURRENCE,PHOTOS_TAKEN_I,STATEMENTS_TAKEN_I,DOORING_I,WORK_ZONE_I,WORK_ZONE_TYPE,WORKERS_PRESENT_I,NUM_UNITS,MOST_SEVERE_INJURY,INJURIES_TOTAL,INJURIES_FATAL,INJURIES_INCAPACITATING,INJURIES_NON_INCAPACITATING,INJURIES_REPORTED_NOT_EVIDENT,INJURIES_NO_INDICATION,INJURIES_UNKNOWN,CRASH_HOUR,CRASH_DAY_OF_WEEK,CRASH_MONTH,LATITUDE,LONGITUDE,LOCATION
JC426310,,9/9/2019 16:15,25,TRAFFIC SIGNAL,FUNCTIONING PROPERLY,CLEAR,DAYLIGHT,PEDESTRIAN,NOT DIVIDED,,STRAIGHT AND LEVEL,DRY,NO DEFECTS,ON SCENE,INJURY AND / OR TOW DUE TO CRASH,,,,"OVER $1,500",9/9/2019 16:17,IMPROPER BACKING,UNABLE TO DETERMINE,1601,W,46TH ST,924,,,,,,,2,NONINCAPACITATING INJURY,1,0,0,1,0,4,0,16,2,9,41.81031103,-87.66507895,POINT (-87.665078948761 41.810311033223)
JC426285,,9/9/2019 16:15,20,STOP SIGN/FLASHER,FUNCTIONING PROPERLY,CLEAR,DAYLIGHT,TURNING,NOT DIVIDED,,STRAIGHT AND LEVEL,DRY,NO DEFECTS,ON SCENE,NO INJURY / DRIVE AWAY,,,,"$501 - $1,500",9/9/2019 16:15,NOT APPLICABLE,NOT APPLICABLE,3460,W,WAVELAND AVE,1732,,,,,,,2,NO INDICATION OF INJURY,0,0,0,0,0,3,0,16,2,9,41.9484687,-87.71515805,POINT (-87.71515804691 41.948468702139)
JC426297,,9/9/2019 16:10,30,NO CONTROLS,NO CONTROLS,CLEAR,DAYLIGHT,PEDALCYCLIST,NOT DIVIDED,,STRAIGHT AND LEVEL,DRY,NO DEFECTS,,INJURY AND / OR TOW DUE TO CRASH,,,,"OVER $1,500",9/9/2019 16:14,FOLLOWING TOO CLOSELY,FOLLOWING TOO CLOSELY,601,W,24TH PL,914,,,,,,,2,INCAPACITATING INJURY,1,0,1,0,0,1,0,16,2,9,41.84800904,-87.64166567,POINT (-87.641665665245 41.848009041437)
JC426284,,9/9/2019 16:10,30,NO CONTROLS,NO CONTROLS,CLEAR,DAYLIGHT,REAR END,NOT DIVIDED,,STRAIGHT AND LEVEL,DRY,NO DEFECTS,ON SCENE,INJURY AND / OR TOW DUE TO CRASH,,,,"OVER $1,500",9/9/2019 16:12,FOLLOWING TOO CLOSELY,IMPROPER TURNING/NO SIGNAL,900,N,PULASKI RD,1111,,,,,,,2,NONINCAPACITATING INJURY,2,0,0,2,0,2,0,16,2,9,41.89728886,-87.72629048,POINT (-87.726290477551 41.897288859731)
JC427131,,9/9/2019 16:05,25,NO CONTROLS,NO CONTROLS,CLEAR,DAYLIGHT,SIDESWIPE SAME DIRECTION,ONE-WAY,,STRAIGHT AND LEVEL,DRY,NO DEFECTS,NOT ON SCENE (DESK REPORT),NO INJURY / DRIVE AWAY,,,,"$501 - $1,500",9/10/2019 8:11,IMPROPER LANE USAGE,IMPROPER OVERTAKING/PASSING,153,W,NORTH AVE,1821,,,,,,,2,NO INDICATION OF INJURY,0,0,0,0,0,2,0,16,2,9,41.91105218,-87.63375526,POINT (-87.633755256532 41.911052181077)
JC426272,,9/9/2019 16:05,30,STOP SIGN/FLASHER,UNKNOWN,CLEAR,DAYLIGHT,PEDALCYCLIST,FOUR WAY,,STRAIGHT AND LEVEL,DRY,NO DEFECTS,ON SCENE,NO INJURY / DRIVE AWAY,,,Y,"$501 - $1,500",9/9/2019 16:08,IMPROPER OVERTAKING/PASSING,FAILING TO YIELD RIGHT-OF-WAY,1059,W,WELLINGTON AVE,1933,,,,,,,2,NO INDICATION OF INJURY,0,0,0,0,0,2,0,16,2,9,41.93612528,-87.65634941,POINT (-87.656349409254 41.936125276968)
JC426269,,9/9/2019 16:05,30,NO CONTROLS,NO CONTROLS,CLEAR,DAYLIGHT,ANGLE,TRAFFIC ROUTE,,STRAIGHT AND LEVEL,DRY,NO DEFECTS,ON SCENE,INJURY AND / OR TOW DUE TO CRASH,Y,,,"OVER $1,500",9/9/2019 16:06,FAILING TO YIELD RIGHT-OF-WAY,UNABLE TO DETERMINE,2698,W,PETERSON AVE,2413,,,,,,,2,"REPORTED, NOT EVIDENT",1,0,0,0,1,1,0,16,2,9,41.99056666,-87.696907,POINT (-87.696906997368 41.990566660641)
JC426359,,9/9/2019 16:02,30,NO CONTROLS,NO CONTROLS,CLEAR,DAYLIGHT,FIXED OBJECT,NOT DIVIDED,,STRAIGHT AND LEVEL,DRY,NO DEFECTS,ON SCENE,INJURY AND / OR TOW DUE TO CRASH,,,N,"OVER $1,500",9/9/2019 16:02,UNABLE TO DETERMINE,NOT APPLICABLE,1617,W,FOSTER AVE,2032,,,,Y,UTILITY,Y,1,NO INDICATION OF INJURY,0,0,0,0,0,1,0,16,2,9,41.97605165,-87.67034467,POINT (-87.67034466835 41.97605165336)
JC426658,N,9/9/2019 16:00,30,NO CONTROLS,NO CONTROLS,UNKNOWN,UNKNOWN,PARKED MOTOR VEHICLE,OTHER,,STRAIGHT AND LEVEL,UNKNOWN,NO DEFECTS,ON SCENE,INJURY AND / OR TOW DUE TO CRASH,,,Y,"$501 - $1,500",9/9/2019 18:55,UNABLE TO DETERMINE,UNABLE TO DETERMINE,4116,W,CONGRESS PKWY,1132,,,,,,,2,NO INDICATION OF INJURY,0,0,0,0,0,1,0,16,2,9,41.87442754,-87.72862916,POINT (-87.72862915628 41.874427540072)
JC426385,,9/9/2019 16:00,30,TRAFFIC SIGNAL,FUNCTIONING PROPERLY,CLEAR,DAYLIGHT,REAR END,DIVIDED - W/MEDIAN (NOT RAISED),,STRAIGHT AND LEVEL,DRY,NO DEFECTS,NOT ON SCENE (DESK REPORT),NO INJURY / DRIVE AWAY,,,,"$501 - $1,500",9/9/2019 17:14,FOLLOWING TOO CLOSELY,UNABLE TO DETERMINE,2400,W,51ST ST,923,,,,,,,2,NO INDICATION OF INJURY,0,0,0,0,0,2,0,16,2,9,41.80125749,-87.68428112,POINT (-87.684281115646 41.801257491999)
JC426366,,9/9/2019 15:58,30,NO CONTROLS,NO CONTROLS,CLEAR,DAYLIGHT,SIDESWIPE SAME DIRECTION,NOT DIVIDED,,STRAIGHT AND LEVEL,DRY,UNKNOWN,NOT ON SCENE (DESK REPORT),NO INJURY / DRIVE AWAY,,,Y,$500 OR LESS,9/9/2019 17:00,UNABLE TO DETERMINE,UNABLE TO DETERMINE,3000,W,LOGAN BLVD,1411,,,,,,,2,NO INDICATION OF INJURY,0,0,0,0,0,3,0,15,2,9,41.92853326,-87.70248316,POINT (-87.702483159303 41.92853325507)
JC426335,,9/9/2019 15:58,30,NO CONTROLS,NO CONTROLS,CLEAR,DAYLIGHT,REAR END,DIVIDED - W/MEDIAN (NOT RAISED),,STRAIGHT AND LEVEL,DRY,UNKNOWN,ON SCENE,INJURY AND / OR TOW DUE TO CRASH,,,,"OVER $1,500",9/9/2019 16:13,FOLLOWING TOO CLOSELY,NOT APPLICABLE,6150,N,KIMBALL AVE,1711,,,,,,,3,NO INDICATION OF INJURY,0,0,0,0,0,3,0,15,2,9,41.99349856,-87.71423179,POINT (-87.71423178887 41.993498559502)
JC426388,,9/9/2019 15:57,30,NO CONTROLS,NO CONTROLS,CLEAR,DAYLIGHT,REAR END,DIVIDED - W/MEDIAN BARRIER,,STRAIGHT ON HILLCREST,DRY,NO DEFECTS,ON SCENE,INJURY AND / OR TOW DUE TO CRASH,,,,"OVER $1,500",9/9/2019 16:10,FAILING TO REDUCE SPEED TO AVOID CRASH,NOT APPLICABLE,2300,W,87TH ST,614,,,,,,,2,NO INDICATION OF INJURY,0,0,0,0,0,2,0,15,2,9,41.73566854,-87.68041171,POINT (-87.680411706994 41.735668543508)
JC426364,,9/9/2019 15:53,30,NO CONTROLS,NO CONTROLS,CLEAR,DAYLIGHT,REAR END,DIVIDED - W/MEDIAN BARRIER,,STRAIGHT AND LEVEL,DRY,NO DEFECTS,NOT ON SCENE (DESK REPORT),NO INJURY / DRIVE AWAY,Y,,,$500 OR LESS,9/9/2019 17:11,UNABLE TO DETERMINE,NOT APPLICABLE,7900,S,STONY ISLAND AVE,411,,,,,,,2,NO INDICATION OF INJURY,0,0,0,0,0,2,0,15,2,9,41.7514606,-87.58597199,POINT (-87.585971992965 41.751460603167)
JC426292,,9/9/2019 15:53,30,STOP SIGN/FLASHER,FUNCTIONING PROPERLY,CLEAR,DAYLIGHT,ANGLE,FOUR WAY,,STRAIGHT AND LEVEL,DRY,NO DEFECTS,ON SCENE,NO INJURY / DRIVE AWAY,Y,,,"$501 - $1,500",9/9/2019 15:54,FAILING TO YIELD RIGHT-OF-WAY,FAILING TO REDUCE SPEED TO AVOID CRASH,1438,W,47TH ST,924,,,,,,,2,NO INDICATION OF INJURY,0,0,0,0,0,2,0,15,2,9,41.8087583,-87.66163349,POINT (-87.661633493413 41.808758294577)
JC426314,,9/9/2019 15:50,15,NO CONTROLS,NO CONTROLS,CLEAR,DAYLIGHT,ANGLE,PARKING LOT,,STRAIGHT AND LEVEL,DRY,NO DEFECTS,ON SCENE,NO INJURY / DRIVE AWAY,,Y,Y,"OVER $1,500",9/9/2019 16:17,IMPROPER BACKING,FAILING TO YIELD RIGHT-OF-WAY,101,N,WESTERN AVE,1223,,,,,,,2,NO INDICATION OF INJURY,0,0,0,0,0,2,0,15,2,9,41.8830406,-87.68633875,POINT (-87.686338745603 41.883040604418)
JC426352,,9/9/2019 15:45,30,NO CONTROLS,NO CONTROLS,CLEAR,DAYLIGHT,PARKED MOTOR VEHICLE,NOT DIVIDED,,STRAIGHT AND LEVEL,DRY,NO DEFECTS,NOT ON SCENE (DESK REPORT),NO INJURY / DRIVE AWAY,,,Y,"$501 - $1,500",9/9/2019 17:00,UNABLE TO DETERMINE,UNABLE TO DETERMINE,3235,S,PULASKI RD,1031,,,,,,,2,NO INDICATION OF INJURY,0,0,0,0,0,1,0,15,2,9,41.83403818,-87.72414376,POINT (-87.72414375485 41.834038174587)
JC426327,,9/9/2019 15:45,30,STOP SIGN/FLASHER,FUNCTIONING PROPERLY,CLEAR,DAYLIGHT,REAR END,NOT DIVIDED,,STRAIGHT AND LEVEL,DRY,NO DEFECTS,NOT ON SCENE (DESK REPORT),NO INJURY / DRIVE AWAY,,,Y,"OVER $1,500",9/9/2019 16:00,FOLLOWING TOO CLOSELY,UNABLE TO DETERMINE,11200,S,AVENUE H,433,,,,,,,2,NO INDICATION OF INJURY,0,0,0,0,0,2,0,15,2,9,41.69174111,-87.53301172,POINT (-87.533011723074 41.691741105698)
JC426235,,9/9/2019 15:42,30,NO CONTROLS,NO CONTROLS,CLEAR,DAYLIGHT,PARKED MOTOR VEHICLE,NOT DIVIDED,,STRAIGHT AND LEVEL,DRY,NO DEFECTS,ON SCENE,NO INJURY / DRIVE AWAY,,,,$500 OR LESS,9/9/2019 15:44,FAILING TO YIELD RIGHT-OF-WAY,NOT APPLICABLE,7142,S,SPAULDING AVE,831,,,,,,,2,NO INDICATION OF INJURY,0,0,0,0,0,2,0,15,2,9,41.76306281,-87.70537079,POINT (-87.705370786504 41.763062806724)
JC429386,,9/9/2019 15:40,30,NO CONTROLS,NO CONTROLS,CLEAR,DAYLIGHT,ANGLE,NOT DIVIDED,,STRAIGHT AND LEVEL,DRY,NO DEFECTS,NOT ON SCENE (DESK REPORT),NO INJURY / DRIVE AWAY,,,,"$501 - $1,500",9/11/2019 19:05,FAILING TO YIELD RIGHT-OF-WAY,FAILING TO YIELD RIGHT-OF-WAY,3867,S,ARCHER AVE,911,,,,,,,2,NO INDICATION OF INJURY,0,0,0,0,0,2,0,15,2,9,41.82315835,-87.68923665,POINT (-87.689236647236 41.823158345079)
JC426288,,9/9/2019 15:40,30,NO CONTROLS,NO CONTROLS,CLEAR,DAYLIGHT,SIDESWIPE SAME DIRECTION,NOT DIVIDED,,STRAIGHT AND LEVEL,DRY,NO DEFECTS,NOT ON SCENE (DESK REPORT),NO INJURY / DRIVE AWAY,,,,"$501 - $1,500",9/9/2019 16:25,IMPROPER LANE USAGE,IMPROPER LANE USAGE,3700,W,47TH ST,821,,,,,,,2,NO INDICATION OF INJURY,0,0,0,0,0,2,0,15,2,9,41.80807305,-87.71629641,POINT (-87.716296412225 41.808073054096)
JC426282,,9/9/2019 15:38,30,STOP SIGN/FLASHER,FUNCTIONING PROPERLY,CLEAR,DAYLIGHT,REAR END,ONE-WAY,,STRAIGHT AND LEVEL,DRY,NO DEFECTS,NOT ON SCENE (DESK REPORT),NO INJURY / DRIVE AWAY,Y,,,"OVER $1,500",9/9/2019 16:25,IMPROPER BACKING,UNABLE TO DETERMINE,4228,W,28TH ST,1031,,,,,,,2,NO INDICATION OF INJURY,0,0,0,0,0,2,0,15,2,9,41.84060085,-87.73047259,POINT (-87.730472587535 41.840600853853)
JC426227,,9/9/2019 15:38,30,TRAFFIC SIGNAL,FUNCTIONING PROPERLY,CLEAR,DAYLIGHT,REAR END,DIVIDED - W/MEDIAN BARRIER,,STRAIGHT AND LEVEL,DRY,NO DEFECTS,ON SCENE,INJURY AND / OR TOW DUE TO CRASH,Y,,,"$501 - $1,500",9/9/2019 15:38,FOLLOWING TOO CLOSELY,FAILING TO REDUCE SPEED TO AVOID CRASH,29,W,69TH ST,731,,,,,,,2,NONINCAPACITATING INJURY,1,0,0,1,0,1,0,15,2,9,41.76907021,-87.62613284,POINT (-87.626132844145 41.769070205657)
JC426319,,9/9/2019 15:35,10,NO CONTROLS,NO CONTROLS,CLEAR,"DARKNESS, LIGHTED ROAD",REAR TO FRONT,PARKING LOT,,STRAIGHT AND LEVEL,DRY,NO DEFECTS,ON SCENE,NO INJURY / DRIVE AWAY,,Y,Y,"$501 - $1,500",9/9/2019 15:36,FAILING TO REDUCE SPEED TO AVOID CRASH,NOT APPLICABLE,835,N,MICHIGAN AVE,1833,,,,,,,2,NO INDICATION OF INJURY,0,0,0,0,0,2,0,15,2,9,41.89774086,-87.62396132,POINT (-87.623961315982 41.897740856253)
JC426242,,9/9/2019 15:35,30,STOP SIGN/FLASHER,FUNCTIONING PROPERLY,CLEAR,DAYLIGHT,ANGLE,NOT DIVIDED,,STRAIGHT AND LEVEL,DRY,NO DEFECTS,ON SCENE,INJURY AND / OR TOW DUE TO CRASH,Y,,,"OVER $1,500",9/9/2019 15:40,FAILING TO YIELD RIGHT-OF-WAY,UNABLE TO DETERMINE,6500,S,NORMAL BLVD,722,,,,,,,2,NO INDICATION OF INJURY,0,0,0,0,0,2,0,15,2,9,41.77611612,-87.63745692,POINT (-87.63745691583 41.776116121303)
JC426241,,9/9/2019 15:35,30,NO CONTROLS,NO CONTROLS,CLEAR,DAYLIGHT,PARKED MOTOR VEHICLE,NOT DIVIDED,,STRAIGHT AND LEVEL,WET,NO DEFECTS,ON SCENE,NO INJURY / DRIVE AWAY,,,Y,"OVER $1,500",9/9/2019 15:46,NOT APPLICABLE,NOT APPLICABLE,4217,W,JACKSON BLVD,1132,,,,,,,2,NO INDICATION OF INJURY,0,0,0,0,0,1,0,15,2,9,41.87690795,-87.73117718,POINT (-87.731177181212 41.876907949221)
JC426583,,9/9/2019 15:30,30,TRAFFIC SIGNAL,UNKNOWN,CLEAR,DAYLIGHT,PEDESTRIAN,FOUR WAY,,STRAIGHT AND LEVEL,DRY,NO DEFECTS,NOT ON SCENE (DESK REPORT),INJURY AND / OR TOW DUE TO CRASH,Y,,Y,$500 OR LESS,9/9/2019 15:50,FAILING TO REDUCE SPEED TO AVOID CRASH,NOT APPLICABLE,632,N,MICHIGAN AVE,1834,,,,,,,2,NONINCAPACITATING INJURY,1,0,0,1,0,1,0,15,2,9,41.89355286,-87.62436782,POINT (-87.624367818663 41.893552863332)
JC426294,,9/9/2019 15:30,30,NO CONTROLS,NO CONTROLS,CLEAR,DAYLIGHT,TURNING,NOT DIVIDED,,STRAIGHT AND LEVEL,DRY,NO DEFECTS,NOT ON SCENE (DESK REPORT),NO INJURY / DRIVE AWAY,,,,"OVER $1,500",9/9/2019 17:00,FAILING TO YIELD RIGHT-OF-WAY,FAILING TO YIELD RIGHT-OF-WAY,4934,S,WABASH AVE,224,,,,,,,2,NO INDICATION OF INJURY,0,0,0,0,0,2,0,15,2,9,41.80456384,-87.62448408,POINT (-87.62448408075 41.804563840198)
JC426290,,9/9/2019 15:30,30,NO CONTROLS,NO CONTROLS,CLEAR,DAYLIGHT,PARKED MOTOR VEHICLE,NOT DIVIDED,,STRAIGHT AND LEVEL,DRY,UNKNOWN,NOT ON SCENE (DESK REPORT),NO INJURY / DRIVE AWAY,,,,"$501 - $1,500",9/9/2019 16:20,IMPROPER BACKING,NOT APPLICABLE,9600,S,LOOMIS ST,2213,,,,,,,2,NO INDICATION OF INJURY,0,0,0,0,0,2,0,15,2,9,41.7193537,-87.65779383,POINT (-87.65779383448 41.719353698953)
JC426233,,9/9/2019 15:30,30,TRAFFIC SIGNAL,FUNCTIONING PROPERLY,CLEAR,DAYLIGHT,REAR END,ONE-WAY,,STRAIGHT AND LEVEL,DRY,NO DEFECTS,ON SCENE,NO INJURY / DRIVE AWAY,,,Y,"OVER $1,500",9/9/2019 15:47,FOLLOWING TOO CLOSELY,NOT APPLICABLE,2300,W,VAN BUREN ST,1225,,,,,,,2,NO INDICATION OF INJURY,0,0,0,0,0,2,0,15,2,9,41.87622895,-87.68395154,POINT (-87.683951541377 41.876228946289)
JC426237,,9/9/2019 15:25,30,NO CONTROLS,NO CONTROLS,CLEAR,DAYLIGHT,REAR END,NOT DIVIDED,,STRAIGHT AND LEVEL,UNKNOWN,UNKNOWN,NOT ON SCENE (DESK REPORT),NO INJURY / DRIVE AWAY,,,,"OVER $1,500",9/9/2019 15:46,FOLLOWING TOO CLOSELY,FOLLOWING TOO CLOSELY,720,W,BELMONT AVE,1925,,,,,,,3,NO INDICATION OF INJURY,0,0,0,0,0,3,0,15,2,9,41.94011389,-87.64771537,POINT (-87.647715367081 41.940113891988)
JC426404,,9/9/2019 15:20,30,NO CONTROLS,NO CONTROLS,CLEAR,DAYLIGHT,PARKED MOTOR VEHICLE,NOT DIVIDED,,STRAIGHT AND LEVEL,DRY,NO DEFECTS,NOT ON SCENE (DESK REPORT),NO INJURY / DRIVE AWAY,,,,"$501 - $1,500",9/9/2019 17:31,UNABLE TO DETERMINE,UNABLE TO DETERMINE,10111,S,UNION AVE,2232,,,,,,,2,NO INDICATION OF INJURY,0,0,0,0,0,1,0,15,2,9,41.71022437,-87.64034844,POINT (-87.64034844267 41.710224366105)
JC426221,,9/9/2019 15:20,30,NO CONTROLS,NO CONTROLS,CLEAR,DAYLIGHT,SIDESWIPE SAME DIRECTION,DIVIDED - W/MEDIAN BARRIER,,STRAIGHT ON HILLCREST,DRY,NO DEFECTS,ON SCENE,NO INJURY / DRIVE AWAY,,,Y,$500 OR LESS,9/9/2019 15:25,IMPROPER LANE USAGE,NOT APPLICABLE,10000,W,OHARE ST,1651,,,,,,,2,NO INDICATION OF INJURY,0,0,0,0,0,2,0,15,2,9,41.97620114,-87.90530913,POINT (-87.905309125103 41.976201139024)
JC426211,,9/9/2019 15:20,30,TRAFFIC SIGNAL,FUNCTIONING PROPERLY,CLEAR,DAYLIGHT,REAR END,DIVIDED - W/MEDIAN (NOT RAISED),,STRAIGHT AND LEVEL,DRY,NO DEFECTS,NOT ON SCENE (DESK REPORT),NO INJURY / DRIVE AWAY,,,,"$501 - $1,500",9/9/2019 15:35,FOLLOWING TOO CLOSELY,UNABLE TO DETERMINE,3124,N,KEDZIE AVE,1412,,,,,,,2,NO INDICATION OF INJURY,0,0,0,0,0,3,0,15,2,9,41.93825497,-87.70776244,POINT (-87.707762442417 41.9382549716)
JC426347,,9/9/2019 15:15,30,NO CONTROLS,NO CONTROLS,CLEAR,DAYLIGHT,FIXED OBJECT,DIVIDED - W/MEDIAN (NOT RAISED),,STRAIGHT AND LEVEL,DRY,NO DEFECTS,ON SCENE,NO INJURY / DRIVE AWAY,,,Y,"$501 - $1,500",9/9/2019 15:17,FOLLOWING TOO CLOSELY,FAILING TO YIELD RIGHT-OF-WAY,6560,W,BELMONT AVE,1632,,,,,,,1,NO INDICATION OF INJURY,0,0,0,0,0,3,0,15,2,9,41.93834912,-87.79071654,POINT (-87.790716543026 41.938349122986)
JC426213,,9/9/2019 15:15,30,TRAFFIC SIGNAL,FUNCTIONING PROPERLY,CLEAR,DAYLIGHT,SIDESWIPE SAME DIRECTION,CENTER TURN LANE,,STRAIGHT AND LEVEL,DRY,NO DEFECTS,ON SCENE,INJURY AND / OR TOW DUE TO CRASH,,,Y,"$501 - $1,500",9/9/2019 15:22,UNABLE TO DETERMINE,UNABLE TO DETERMINE,599,S,DAMEN AVE,1225,,,,,,,3,NO INDICATION OF INJURY,0,0,0,0,0,5,0,15,2,9,41.87409358,-87.67631089,POINT (-87.67631088561 41.874093582091)
JC426230,Y,9/9/2019 15:10,30,NO CONTROLS,NO CONTROLS,CLEAR,DAYLIGHT,PARKED MOTOR VEHICLE,DIVIDED - W/MEDIAN (NOT RAISED),,STRAIGHT AND LEVEL,DRY,NO DEFECTS,NOT ON SCENE (DESK REPORT),NO INJURY / DRIVE AWAY,,,Y,"OVER $1,500",9/9/2019 15:33,DRIVING SKILLS/KNOWLEDGE/EXPERIENCE,UNABLE TO DETERMINE,3910,W,OGDEN AVE,1014,,,,,,,2,NO INDICATION OF INJURY,0,0,0,0,0,1,0,15,2,9,41.85197143,-87.72279321,POINT (-87.72279320757 41.851971434166)
JC426183,,9/9/2019 15:10,5,NO CONTROLS,NO CONTROLS,CLEAR,DAYLIGHT,TURNING,PARKING LOT,,STRAIGHT AND LEVEL,DRY,OTHER,ON SCENE,INJURY AND / OR TOW DUE TO CRASH,,Y,,"OVER $1,500",9/9/2019 15:20,UNABLE TO DETERMINE,OBSTRUCTED CROSSWALKS,2727,S,MARY ST,913,,,,,,,2,NO INDICATION OF INJURY,0,0,0,0,0,2,0,15,2,9,41.84424502,-87.65143456,POINT (-87.651434555424 41.844245018499)
JC426202,,9/9/2019 15:08,30,NO CONTROLS,NO CONTROLS,CLEAR,DAYLIGHT,SIDESWIPE OPPOSITE DIRECTION,NOT DIVIDED,,STRAIGHT AND LEVEL,DRY,NO DEFECTS,NOT ON SCENE (DESK REPORT),NO INJURY / DRIVE AWAY,,,Y,"$501 - $1,500",9/9/2019 15:35,UNABLE TO DETERMINE,UNABLE TO DETERMINE,1110,W,NORTH AVE,1811,,,,,,,2,NO INDICATION OF INJURY,0,0,0,0,0,4,0,15,2,9,41.91090089,-87.65632181,POINT (-87.65632181093 41.910900892789)
JC426210,,9/9/2019 15:07,30,TRAFFIC SIGNAL,FUNCTIONING PROPERLY,CLEAR,DAYLIGHT,TURNING,NOT DIVIDED,,STRAIGHT AND LEVEL,DRY,NO DEFECTS,NOT ON SCENE (DESK REPORT),INJURY AND / OR TOW DUE TO CRASH,,,,"$501 - $1,500",9/9/2019 15:40,UNABLE TO DETERMINE,NOT APPLICABLE,654,W,TAYLOR ST,124,,,,,,,2,"REPORTED, NOT EVIDENT",1,0,0,0,1,2,0,15,2,9,41.86980688,-87.64367009,POINT (-87.643670093094 41.869806880037)
JC426226,,9/9/2019 15:05,30,STOP SIGN/FLASHER,FUNCTIONING PROPERLY,CLEAR,DAYLIGHT,ANGLE,FOUR WAY,,STRAIGHT AND LEVEL,DRY,NO DEFECTS,ON SCENE,NO INJURY / DRIVE AWAY,Y,,,"OVER $1,500",9/9/2019 15:08,FAILING TO YIELD RIGHT-OF-WAY,NOT APPLICABLE,1734,W,MONTROSE AVE,1912,,,,,,,2,NO INDICATION OF INJURY,0,0,0,0,0,2,0,15,2,9,41.96165887,-87.67234161,POINT (-87.67234160862 41.961658873128)
JC426665,Y,9/9/2019 15:00,25,NO CONTROLS,NO CONTROLS,CLEAR,DAYLIGHT,PARKED MOTOR VEHICLE,ONE-WAY,,STRAIGHT AND LEVEL,DRY,NO DEFECTS,NOT ON SCENE (DESK REPORT),NO INJURY / DRIVE AWAY,,,Y,"OVER $1,500",9/9/2019 19:30,UNABLE TO DETERMINE,UNABLE TO DETERMINE,4009,N,MOZART ST,1724,,,,,,,3,NO INDICATION OF INJURY,0,0,0,0,0,1,0,15,2,9,41.95428548,-87.69932648,POINT (-87.699326484222 41.954285480805)
JC426185,,9/9/2019 15:00,30,PEDESTRIAN CROSSING SIGN,FUNCTIONING PROPERLY,CLEAR,DAYLIGHT,REAR END,NOT DIVIDED,,STRAIGHT AND LEVEL,DRY,NO DEFECTS,ON SCENE,NO INJURY / DRIVE AWAY,,,,$500 OR LESS,9/9/2019 15:04,FOLLOWING TOO CLOSELY,UNABLE TO DETERMINE,935,N,CENTRAL AVE,1524,,,,,,,2,NO INDICATION OF INJURY,0,0,0,0,0,4,0,15,2,9,41.89762449,-87.76534703,POINT (-87.765347028767 41.897624493094)
JC426178,,9/9/2019 15:00,30,UNKNOWN,UNKNOWN,CLEAR,DAYLIGHT,REAR END,NOT DIVIDED,,STRAIGHT AND LEVEL,DRY,NO DEFECTS,NOT ON SCENE (DESK REPORT),NO INJURY / DRIVE AWAY,,,,$500 OR LESS,9/9/2019 15:18,FOLLOWING TOO CLOSELY,FOLLOWING TOO CLOSELY,5202,N,PULASKI RD,1712,,,,,,,2,NO INDICATION OF INJURY,0,0,0,0,0,2,0,15,2,9,41.97567731,-87.7283848,POINT (-87.728384801312 41.975677311111)
JC426192,,9/9/2019 14:59,20,STOP SIGN/FLASHER,FUNCTIONING PROPERLY,CLEAR,DAYLIGHT,SIDESWIPE OPPOSITE DIRECTION,ONE-WAY,,STRAIGHT AND LEVEL,DRY,NO DEFECTS,ON SCENE,NO INJURY / DRIVE AWAY,,,,"OVER $1,500",9/9/2019 15:00,UNABLE TO DETERMINE,NOT APPLICABLE,8000,S,INGLESIDE AVE,631,,,,,,,2,NO INDICATION OF INJURY,0,0,0,0,0,5,0,14,2,9,41.74940319,-87.60164135,POINT (-87.601641346736 41.749403192054)
JC426164,,9/9/2019 14:49,30,TRAFFIC SIGNAL,FUNCTIONING PROPERLY,CLEAR,DAYLIGHT,SIDESWIPE SAME DIRECTION,DIVIDED - W/MEDIAN (NOT RAISED),,STRAIGHT AND LEVEL,DRY,NO DEFECTS,ON SCENE,INJURY AND / OR TOW DUE TO CRASH,Y,,,"OVER $1,500",9/9/2019 14:50,NOT APPLICABLE,NOT APPLICABLE,5900,S,KEDZIE AVE,822,,,,,,,2,NO INDICATION OF INJURY,0,0,0,0,0,6,0,14,2,9,41.78615531,-87.70349314,POINT (-87.703493140571 41.786155307863)
JC430257,,9/9/2019 14:45,30,NO CONTROLS,NO CONTROLS,CLEAR,DAYLIGHT,PARKED MOTOR VEHICLE,NOT DIVIDED,,STRAIGHT AND LEVEL,DRY,NO DEFECTS,NOT ON SCENE (DESK REPORT),NO INJURY / DRIVE AWAY,,,,"$501 - $1,500",9/12/2019 13:00,UNABLE TO DETERMINE,UNABLE TO DETERMINE,9822,S,EXCHANGE AVE,431,,,,,,,2,NO INDICATION OF INJURY,0,0,0,0,0,1,0,14,2,9,41.71657908,-87.55251993,POINT (-87.552519930189 41.716579078736)