RD_NO,CRASH_DATE_EST_I,CRASH_DATE,POSTED_SPEED_LIMIT,TRAFFIC_CONTROL_DEVICE,DEVICE_CONDITION,WEATHER_CONDITION,LIGHTING_CONDITION,FIRST_CRASH_TYPE,TRAFFICWAY_TYPE,LANE_CNT,ALIGNMENT,ROADWAY_SURFACE_COND,ROAD_DEFECT,REPORT_TYPE,CRASH_TYPE,INTERSECTION_RELATED_I,NOT_RIGHT_OF_WAY_I,HIT_AND_RUN_I,DAMAGE,DATE_POLICE_NOTIFIED,PRIM_CONTRIBUTORY_CAUSE,SEC_CONTRIBUTORY_CAUSE,STREET_NO,STREET_DIRECTION,STREET_NAME,BEAT_OF_OCCURRENCE,PHOTOS_TAKEN_I,STATEMENTS_TAKEN_I,DOORING_I,WORK_ZONE_I,WORK_ZONE_TYPE,WORKERS_PRESENT_I,NUM_UNITS,MOST_SEVERE_INJURY,INJURIES_TOTAL,INJURIES_FATAL,INJURIES_INCAPACITATING,INJURIES_NON_INCAPACITATING,INJURIES_REPORTED_NOT_EVIDENT,INJURIES_NO_INDICATION,INJURIES_UNKNOWN,CRASH_HOUR,CRASH_DAY_OF_WEEK,CRASH_MONTH,LATITUDE,LONGITUDE,LOCATION
JC426446,,9/9/2019 14:45,25,NO CONTROLS,NO CONTROLS,CLEAR,DAYLIGHT,ANGLE,ALLEY,,STRAIGHT AND LEVEL,DRY,NO DEFECTS,NOT ON SCENE (DESK REPORT),NO INJURY / DRIVE AWAY,,,,"OVER $1,500",9/9/2019 16:40,UNABLE TO DETERMINE,NOT APPLICABLE,6300,S,PULASKI RD,813,,,,,,,2,NO INDICATION OF INJURY,0,0,0,0,0,2,0,14,2,9,41.77863647,-87.72290636,POINT (-87.722906355685 41.778636468781)
JC426374,,9/9/2019 14:45,35,NO CONTROLS,NO CONTROLS,CLEAR,DAYLIGHT,TURNING,NOT DIVIDED,,STRAIGHT AND LEVEL,UNKNOWN,UNKNOWN,ON SCENE,NO INJURY / DRIVE AWAY,,,Y,"$501 - $1,500",9/9/2019 16:50,UNABLE TO DETERMINE,NOT APPLICABLE,4800,W,POLK ST,1533,,,,,,,2,NO INDICATION OF INJURY,0,0,0,0,0,2,0,14,2,9,41.87037728,-87.74501083,POINT (-87.74501083435 41.870377276117)
JC426200,,9/9/2019 14:45,30,NO CONTROLS,NO CONTROLS,CLEAR,DAYLIGHT,SIDESWIPE SAME DIRECTION,NOT DIVIDED,,STRAIGHT AND LEVEL,WET,NO DEFECTS,NOT ON SCENE (DESK REPORT),NO INJURY / DRIVE AWAY,,,,"$501 - $1,500",9/9/2019 15:30,IMPROPER LANE USAGE,IMPROPER LANE USAGE,5459,S,KEDZIE AVE,923,,,,,,,2,NO INDICATION OF INJURY,0,0,0,0,0,2,0,14,2,9,41.79356247,-87.70340906,POINT (-87.70340905935 41.79356246791)
JC426159,,9/9/2019 14:40,30,TRAFFIC SIGNAL,FUNCTIONING PROPERLY,CLEAR,DAYLIGHT,REAR END,NOT DIVIDED,,STRAIGHT ON GRADE,WET,NO DEFECTS,NOT ON SCENE (DESK REPORT),INJURY AND / OR TOW DUE TO CRASH,Y,,,"$501 - $1,500",9/9/2019 14:59,FAILING TO REDUCE SPEED TO AVOID CRASH,FAILING TO REDUCE SPEED TO AVOID CRASH,2210,W,99TH ST,2213,,,,,,,2,"REPORTED, NOT EVIDENT",1,0,0,0,1,2,0,14,2,9,41.7138307,-87.67748314,POINT (-87.67748314088 41.71383069831)
JC429011,,9/9/2019 14:30,30,OTHER REG. SIGN,OTHER,CLEAR,DAYLIGHT,SIDESWIPE SAME DIRECTION,Y-INTERSECTION,,"CURVE, LEVEL",DRY,NO DEFECTS,NOT ON SCENE (DESK REPORT),NO INJURY / DRIVE AWAY,Y,,,"$501 - $1,500",9/11/2019 15:10,IMPROPER OVERTAKING/PASSING,UNABLE TO DETERMINE,2643,N,KEDZIE AVE,1411,,,,,,,2,NO INDICATION OF INJURY,0,0,0,0,0,3,0,14,2,9,41.92970274,-87.70722369,POINT (-87.707223694057 41.929702736862)
JC426279,,9/9/2019 14:30,30,UNKNOWN,UNKNOWN,CLEAR,DAYLIGHT,SIDESWIPE SAME DIRECTION,NOT DIVIDED,,STRAIGHT AND LEVEL,DRY,UNKNOWN,NOT ON SCENE (DESK REPORT),NO INJURY / DRIVE AWAY,,,,"OVER $1,500",9/9/2019 16:00,UNABLE TO DETERMINE,NOT APPLICABLE,6230,S,STATE ST,311,,,,,,,2,NO INDICATION OF INJURY,0,0,0,0,0,2,0,14,2,9,41.78091252,-87.62550309,POINT (-87.625503090101 41.780912515408)
JC426193,,9/9/2019 14:21,15,STOP SIGN/FLASHER,FUNCTIONING PROPERLY,CLEAR,DAYLIGHT,REAR TO FRONT,PARKING LOT,,STRAIGHT AND LEVEL,DRY,NO DEFECTS,ON SCENE,INJURY AND / OR TOW DUE TO CRASH,,,Y,"OVER $1,500",9/9/2019 14:23,DRIVING SKILLS/KNOWLEDGE/EXPERIENCE,NOT APPLICABLE,4650,W,NORTH AVE,2533,,Y,,,,,2,"REPORTED, NOT EVIDENT",1,0,0,0,1,2,0,14,2,9,41.90976453,-87.7433763,POINT (-87.743376295706 41.909764527033)
JC426152,,9/9/2019 14:20,30,TRAFFIC SIGNAL,FUNCTIONING PROPERLY,CLOUDY/OVERCAST,DAYLIGHT,REAR END,NOT DIVIDED,,STRAIGHT AND LEVEL,DRY,UNKNOWN,NOT ON SCENE (DESK REPORT),NO INJURY / DRIVE AWAY,,,,"OVER $1,500",9/9/2019 14:54,FOLLOWING TOO CLOSELY,NOT APPLICABLE,321,N,CENTRAL AVE,1523,,,,,,,2,NO INDICATION OF INJURY,0,0,0,0,0,2,0,14,2,9,41.88638428,-87.76493413,POINT (-87.76493413332 41.886384278721)
JC426169,,9/9/2019 14:17,35,NO CONTROLS,NO CONTROLS,CLEAR,DAYLIGHT,SIDESWIPE SAME DIRECTION,OTHER,,STRAIGHT AND LEVEL,DRY,NO DEFECTS,ON SCENE,INJURY AND / OR TOW DUE TO CRASH,,,Y,"$501 - $1,500",9/9/2019 14:20,IMPROPER LANE USAGE,NOT APPLICABLE,655,W,RANDOLPH ST,121,,,,Y,CONSTRUCTION,,2,NO INDICATION OF INJURY,0,0,0,0,0,2,0,14,2,9,41.8843101,-87.64485627,POINT (-87.644856270182 41.884310096946)
JC426222,,9/9/2019 14:15,30,TRAFFIC SIGNAL,FUNCTIONING PROPERLY,CLEAR,DAYLIGHT,REAR END,NOT DIVIDED,,STRAIGHT AND LEVEL,DRY,NO DEFECTS,NOT ON SCENE (DESK REPORT),NO INJURY / DRIVE AWAY,Y,,,$500 OR LESS,9/9/2019 15:50,UNABLE TO DETERMINE,UNABLE TO DETERMINE,5828,N,RIDGE AVE,2013,,,,,,,2,NO INDICATION OF INJURY,0,0,0,0,0,2,0,14,2,9,41.98775719,-87.6670469,POINT (-87.667046899477 41.98775718532)
JC426121,,9/9/2019 14:11,30,STOP SIGN/FLASHER,FUNCTIONING PROPERLY,CLEAR,DAYLIGHT,TURNING,NOT DIVIDED,,STRAIGHT AND LEVEL,DRY,NO DEFECTS,NOT ON SCENE (DESK REPORT),INJURY AND / OR TOW DUE TO CRASH,,,,"OVER $1,500",9/9/2019 14:11,UNABLE TO DETERMINE,UNABLE TO DETERMINE,315,N,KENTON AVE,1113,,,,,,,2,NONINCAPACITATING INJURY,1,0,0,1,0,1,0,14,2,9,41.88589495,-87.74012171,POINT (-87.740121708358 41.885894950264)
JD426117,Y,9/9/2019 14:10,30,NO CONTROLS,NO CONTROLS,CLEAR,DAYLIGHT,PARKED MOTOR VEHICLE,NOT DIVIDED,,STRAIGHT AND LEVEL,DRY,NO DEFECTS,NOT ON SCENE (DESK REPORT),NO INJURY / DRIVE AWAY,,,,"$501 - $1,500",9/9/2019 14:25,FOLLOWING TOO CLOSELY,NOT APPLICABLE,7444,N,SEELEY AVE,2424,,,,,,,2,NO INDICATION OF INJURY,0,0,0,0,0,1,0,14,2,9,42.01717651,-87.68179633,POINT (-87.681796325172 42.017176514177)
JC426552,,9/9/2019 14:00,30,NO CONTROLS,NO CONTROLS,CLEAR,DAYLIGHT,SIDESWIPE SAME DIRECTION,DIVIDED - W/MEDIAN (NOT RAISED),,STRAIGHT AND LEVEL,DRY,NO DEFECTS,NOT ON SCENE (DESK REPORT),NO INJURY / DRIVE AWAY,,,,"$501 - $1,500",9/9/2019 18:25,FOLLOWING TOO CLOSELY,UNABLE TO DETERMINE,926,N,MICHIGAN AVE,1833,,,,,,,2,NO INDICATION OF INJURY,0,0,0,0,0,2,0,14,2,9,41.89996018,-87.62430539,POINT (-87.624305386048 41.899960182251)
JC426181,,9/9/2019 14:00,35,NO CONTROLS,NO CONTROLS,CLEAR,DAYLIGHT,PARKED MOTOR VEHICLE,DIVIDED - W/MEDIAN (NOT RAISED),,STRAIGHT AND LEVEL,DRY,NO DEFECTS,ON SCENE,INJURY AND / OR TOW DUE TO CRASH,,,Y,"$501 - $1,500",9/9/2019 14:18,DISTRACTION - FROM INSIDE VEHICLE,UNABLE TO DETERMINE,8346,S,ASHLAND AVE,614,,,,,,,2,NONINCAPACITATING INJURY,1,0,0,1,0,2,0,14,2,9,41.74168028,-87.66336476,POINT (-87.663364757439 41.741680277715)
JC426151,,9/9/2019 14:00,30,TRAFFIC SIGNAL,FUNCTIONING PROPERLY,CLOUDY/OVERCAST,DAYLIGHT,TURNING,T-INTERSECTION,,STRAIGHT AND LEVEL,DRY,NO DEFECTS,ON SCENE,NO INJURY / DRIVE AWAY,Y,,,"OVER $1,500",9/9/2019 14:21,IMPROPER TURNING/NO SIGNAL,UNABLE TO DETERMINE,799,N,FAIRBANKS CT,1833,,,,,,,2,NO INDICATION OF INJURY,0,0,0,0,0,4,0,14,2,9,41.89673792,-87.62022135,POINT (-87.620221354034 41.896737923045)
JC426146,,9/9/2019 13:52,30,STOP SIGN/FLASHER,NO CONTROLS,CLEAR,UNKNOWN,REAR END,NOT DIVIDED,,STRAIGHT AND LEVEL,UNKNOWN,UNKNOWN,NOT ON SCENE (DESK REPORT),NO INJURY / DRIVE AWAY,,,,$500 OR LESS,9/9/2019 14:45,FOLLOWING TOO CLOSELY,UNABLE TO DETERMINE,1900,W,CERMAK RD,1234,,,,,,,2,NO INDICATION OF INJURY,0,0,0,0,0,2,0,13,2,9,41.85231917,-87.67351598,POINT (-87.673515979577 41.85231916935)
JC427681,,9/9/2019 13:45,30,TRAFFIC SIGNAL,FUNCTIONING PROPERLY,CLEAR,DAYLIGHT,SIDESWIPE OPPOSITE DIRECTION,NOT DIVIDED,,STRAIGHT AND LEVEL,UNKNOWN,UNKNOWN,ON SCENE,INJURY AND / OR TOW DUE TO CRASH,,,Y,"$501 - $1,500",9/10/2019 15:30,DISTRACTION - FROM OUTSIDE VEHICLE,NOT APPLICABLE,628,S,PULASKI RD,1132,,,,,,,2,NONINCAPACITATING INJURY,1,0,0,1,0,1,0,13,2,9,41.87262316,-87.72554824,POINT (-87.725548239981 41.872623159881)
JC426190,,9/9/2019 13:40,30,NO CONTROLS,NO CONTROLS,CLEAR,DAYLIGHT,PARKED MOTOR VEHICLE,DIVIDED - W/MEDIAN (NOT RAISED),,STRAIGHT AND LEVEL,DRY,NO DEFECTS,NOT ON SCENE (DESK REPORT),NO INJURY / DRIVE AWAY,,,,"$501 - $1,500",9/9/2019 15:18,PHYSICAL CONDITION OF DRIVER,DRIVING SKILLS/KNOWLEDGE/EXPERIENCE,4129,S,ARCHER AVE,921,,,,,,,3,NO INDICATION OF INJURY,0,0,0,0,0,3,0,13,2,9,41.81837705,-87.69702214,POINT (-87.697022139223 41.818377048535)
JC426129,Y,9/9/2019 13:30,20,NO CONTROLS,NO CONTROLS,CLEAR,DAYLIGHT,PARKED MOTOR VEHICLE,NOT DIVIDED,,STRAIGHT AND LEVEL,DRY,NO DEFECTS,NOT ON SCENE (DESK REPORT),NO INJURY / DRIVE AWAY,,,,"OVER $1,500",9/9/2019 14:00,DRIVING SKILLS/KNOWLEDGE/EXPERIENCE,DRIVING SKILLS/KNOWLEDGE/EXPERIENCE,2929,W,19TH ST,1022,,,,,,,2,NO INDICATION OF INJURY,0,0,0,0,0,2,0,13,2,9,41.85537899,-87.70040522,POINT (-87.700405219977 41.855378986281)
JC426102,,9/9/2019 13:30,30,NO CONTROLS,NO CONTROLS,CLEAR,DAYLIGHT,SIDESWIPE SAME DIRECTION,NOT DIVIDED,,STRAIGHT AND LEVEL,DRY,NO DEFECTS,NOT ON SCENE (DESK REPORT),NO INJURY / DRIVE AWAY,,,,"OVER $1,500",9/9/2019 14:25,FAILING TO YIELD RIGHT-OF-WAY,NOT APPLICABLE,1637,W,FULLERTON AVE,1811,,,,,,,2,NO INDICATION OF INJURY,0,0,0,0,0,2,0,13,2,9,41.9250224,-87.6695987,POINT (-87.669598698242 41.925022396284)
JC426091,,9/9/2019 13:30,30,NO CONTROLS,NO CONTROLS,CLEAR,DAYLIGHT,PARKED MOTOR VEHICLE,NOT DIVIDED,,STRAIGHT AND LEVEL,DRY,NO DEFECTS,NOT ON SCENE (DESK REPORT),NO INJURY / DRIVE AWAY,,,,"$501 - $1,500",9/9/2019 14:06,UNABLE TO DETERMINE,UNABLE TO DETERMINE,2473,N,CLARK ST,1935,,,,,,,2,NO INDICATION OF INJURY,0,0,0,0,0,2,0,13,2,9,41.92747773,-87.64144978,POINT (-87.641449775903 41.927477726852)
JC426172,,9/9/2019 13:15,20,STOP SIGN/FLASHER,FUNCTIONING PROPERLY,CLOUDY/OVERCAST,DAYLIGHT,PARKED MOTOR VEHICLE,NOT DIVIDED,,STRAIGHT AND LEVEL,DRY,NO DEFECTS,ON SCENE,NO INJURY / DRIVE AWAY,,,Y,"OVER $1,500",9/9/2019 15:00,IMPROPER OVERTAKING/PASSING,NOT APPLICABLE,6940,N,ROCKWELL ST,2411,,,,,,,2,NO INDICATION OF INJURY,0,0,0,0,0,1,0,13,2,9,42.00794865,-87.6951107,POINT (-87.695110697825 42.00794864614)
JC426158,,9/9/2019 13:15,30,UNKNOWN,UNKNOWN,UNKNOWN,UNKNOWN,ANGLE,PARKING LOT,,STRAIGHT AND LEVEL,UNKNOWN,UNKNOWN,NOT ON SCENE (DESK REPORT),NO INJURY / DRIVE AWAY,,,,"OVER $1,500",9/9/2019 15:00,UNABLE TO DETERMINE,NOT APPLICABLE,251,E,HURON ST,1834,,,,,,,2,NO INDICATION OF INJURY,0,0,0,0,0,2,0,13,2,9,41.8949033,-87.62074373,POINT (-87.62074372624 41.894903302355)
JC426066,,9/9/2019 13:15,25,NO CONTROLS,NO CONTROLS,CLEAR,DAYLIGHT,PARKED MOTOR VEHICLE,ONE-WAY,,STRAIGHT AND LEVEL,WET,NO DEFECTS,ON SCENE,NO INJURY / DRIVE AWAY,,,,"$501 - $1,500",9/9/2019 13:40,UNABLE TO DETERMINE,DISTRACTION - FROM INSIDE VEHICLE,10658,S,PRAIRIE AVE,512,,,,,,,2,NO INDICATION OF INJURY,0,0,0,0,0,1,0,13,2,9,41.70004871,-87.61737191,POINT (-87.617371908577 41.700048705856)
JC426105,,9/9/2019 13:14,25,NO CONTROLS,NO CONTROLS,CLEAR,DAYLIGHT,TURNING,ONE-WAY,,STRAIGHT AND LEVEL,DRY,NO DEFECTS,ON SCENE,NO INJURY / DRIVE AWAY,N,,,"$501 - $1,500",9/9/2019 13:57,IMPROPER TURNING/NO SIGNAL,NOT APPLICABLE,41,E,CHESTNUT ST,1833,,,,,,,2,NO INDICATION OF INJURY,0,0,0,0,0,3,0,13,2,9,41.8982413,-87.62663176,POINT (-87.626631761787 41.898241300504)
JC426094,,9/9/2019 13:11,30,NO CONTROLS,NO CONTROLS,CLEAR,DAYLIGHT,REAR END,DIVIDED - W/MEDIAN BARRIER,,STRAIGHT AND LEVEL,DRY,UNKNOWN,ON SCENE,NO INJURY / DRIVE AWAY,,,,"OVER $1,500",9/9/2019 14:00,CELL PHONE USE OTHER THAN TEXTING,NOT APPLICABLE,530,N,HALSTED ST,1214,,,,,,,2,NO INDICATION OF INJURY,0,0,0,0,0,2,0,13,2,9,41.89218764,-87.64774574,POINT (-87.647745742867 41.892187642841)
JC426065,,9/9/2019 13:10,30,NO CONTROLS,NO CONTROLS,CLEAR,DAYLIGHT,REAR END,DIVIDED - W/MEDIAN (NOT RAISED),,STRAIGHT AND LEVEL,DRY,NO DEFECTS,NOT ON SCENE (DESK REPORT),NO INJURY / DRIVE AWAY,,,,"OVER $1,500",9/9/2019 13:50,FOLLOWING TOO CLOSELY,UNABLE TO DETERMINE,6500,S,LAFAYETTE AVE,312,,,,,,,2,NO INDICATION OF INJURY,0,0,0,0,0,2,0,13,2,9,41.77638542,-87.62697692,POINT (-87.626976915314 41.776385416727)
JC427178,,9/9/2019 13:00,5,NO CONTROLS,NO CONTROLS,CLEAR,DAYLIGHT,PARKED MOTOR VEHICLE,PARKING LOT,,STRAIGHT AND LEVEL,DRY,NO DEFECTS,NOT ON SCENE (DESK REPORT),NO INJURY / DRIVE AWAY,,,Y,"$501 - $1,500",9/10/2019 8:40,UNABLE TO DETERMINE,UNABLE TO DETERMINE,1300,E,47TH ST,222,,,,,,,2,NO INDICATION OF INJURY,0,0,0,0,0,1,0,13,2,9,41.80977273,-87.59496089,POINT (-87.594960890937 41.809772726608)
JC426078,,9/9/2019 13:00,25,NO CONTROLS,NO CONTROLS,CLEAR,DAYLIGHT,TURNING,NOT DIVIDED,,STRAIGHT AND LEVEL,UNKNOWN,NO DEFECTS,,INJURY AND / OR TOW DUE TO CRASH,,,,"OVER $1,500",9/9/2019 13:02,FAILING TO YIELD RIGHT-OF-WAY,UNABLE TO DETERMINE,6455,S,WESTERN AVE,825,,,,,,,5,NONINCAPACITATING INJURY,1,0,0,1,0,1,0,13,2,9,41.77580467,-87.68340686,POINT (-87.683406857441 41.77580466723)
JC426052,,9/9/2019 12:59,30,NO CONTROLS,NO CONTROLS,CLEAR,DAYLIGHT,SIDESWIPE SAME DIRECTION,DIVIDED - W/MEDIAN (NOT RAISED),,STRAIGHT AND LEVEL,DRY,OTHER,ON SCENE,NO INJURY / DRIVE AWAY,,,,"OVER $1,500",9/9/2019 13:19,IMPROPER OVERTAKING/PASSING,IMPROPER LANE USAGE,5339,W,DIVERSEY AVE,2514,,,,Y,CONSTRUCTION,,2,NO INDICATION OF INJURY,0,0,0,0,0,4,0,12,2,9,41.93123876,-87.76044478,POINT (-87.760444783799 41.931238757849)
JC426001,,9/9/2019 12:57,15,NO CONTROLS,NO CONTROLS,CLEAR,DAYLIGHT,PARKED MOTOR VEHICLE,ONE-WAY,,STRAIGHT AND LEVEL,DRY,NO DEFECTS,NOT ON SCENE (DESK REPORT),NO INJURY / DRIVE AWAY,,,,"OVER $1,500",9/9/2019 12:58,UNABLE TO DETERMINE,UNABLE TO DETERMINE,6800,S,RIDGELAND AVE,332,,,,,,,2,NO INDICATION OF INJURY,0,0,0,0,0,1,0,12,2,9,41.77143022,-87.58274166,POINT (-87.582741663673 41.771430218345)
JC426131,,9/9/2019 12:54,30,UNKNOWN,UNKNOWN,CLOUDY/OVERCAST,DAYLIGHT,TURNING,NOT DIVIDED,,STRAIGHT AND LEVEL,WET,"RUT, HOLES",NOT ON SCENE (DESK REPORT),INJURY AND / OR TOW DUE TO CRASH,,,,"OVER $1,500",9/9/2019 14:04,FAILING TO REDUCE SPEED TO AVOID CRASH,NOT APPLICABLE,4813,W,LAKE ST,1532,Y,,,,,,2,NO INDICATION OF INJURY,0,0,0,0,0,2,0,12,2,9,41.8865566,-87.74608953,POINT (-87.746089528582 41.886556599199)
JC426155,,9/9/2019 12:45,30,TRAFFIC SIGNAL,NO CONTROLS,CLEAR,DAYLIGHT,REAR END,NOT DIVIDED,,STRAIGHT AND LEVEL,DRY,NO DEFECTS,NOT ON SCENE (DESK REPORT),NO INJURY / DRIVE AWAY,,,,"OVER $1,500",9/9/2019 14:45,FOLLOWING TOO CLOSELY,UNABLE TO DETERMINE,5800,N,CUMBERLAND AVE,1614,,,,,,,2,NO INDICATION OF INJURY,0,0,0,0,0,2,0,12,2,9,41.9845299,-87.8367282,POINT (-87.836728202353 41.984529900475)
JC426031,,9/9/2019 12:45,30,TRAFFIC SIGNAL,FUNCTIONING PROPERLY,CLEAR,DAYLIGHT,REAR END,DIVIDED - W/MEDIAN BARRIER,,STRAIGHT AND LEVEL,DRY,UNKNOWN,NOT ON SCENE (DESK REPORT),NO INJURY / DRIVE AWAY,,,,$500 OR LESS,9/9/2019 13:00,UNABLE TO DETERMINE,UNABLE TO DETERMINE,3201,N,WESTERN AVE,1921,,,,,,,2,NO INDICATION OF INJURY,0,0,0,0,0,2,0,12,2,9,41.93950746,-87.68776521,POINT (-87.68776520764 41.939507463765)
JC426013,,9/9/2019 12:45,30,TRAFFIC SIGNAL,FUNCTIONING PROPERLY,CLEAR,DAYLIGHT,TURNING,NOT DIVIDED,,STRAIGHT AND LEVEL,DRY,NO DEFECTS,NOT ON SCENE (DESK REPORT),NO INJURY / DRIVE AWAY,,,,$500 OR LESS,9/9/2019 13:00,UNABLE TO DETERMINE,UNABLE TO DETERMINE,4410,N,WESTERN AVE,1911,,,,,,,2,NO INDICATION OF INJURY,0,0,0,0,0,2,0,12,2,9,41.96168558,-87.68884027,POINT (-87.688840270937 41.961685576151)
JC426003,,9/9/2019 12:42,30,TRAFFIC SIGNAL,FUNCTIONING PROPERLY,CLEAR,DAYLIGHT,TURNING,T-INTERSECTION,,STRAIGHT AND LEVEL,DRY,NO DEFECTS,ON SCENE,NO INJURY / DRIVE AWAY,Y,,,"OVER $1,500",9/9/2019 12:43,IMPROPER LANE USAGE,IMPROPER TURNING/NO SIGNAL,116,W,CERMAK RD,131,,,,,,,2,NO INDICATION OF INJURY,0,0,0,0,0,12,0,12,2,9,41.85298708,-87.63002661,POINT (-87.630026613318 41.85298707906)
JC426034,,9/9/2019 12:40,30,NO CONTROLS,NO CONTROLS,CLEAR,DAYLIGHT,SIDESWIPE SAME DIRECTION,NOT DIVIDED,,STRAIGHT AND LEVEL,DRY,NO DEFECTS,ON SCENE,INJURY AND / OR TOW DUE TO CRASH,,,,"OVER $1,500",9/9/2019 12:55,UNABLE TO DETERMINE,FOLLOWING TOO CLOSELY,2155,W,NORTH AVE,1424,,,,,,,2,INCAPACITATING INJURY,1,0,1,0,0,1,0,12,2,9,41.91028767,-87.68207804,POINT (-87.682078034609 41.91028766559)
JC426170,,9/9/2019 12:30,10,NO CONTROLS,NO CONTROLS,CLEAR,DAYLIGHT,PARKED MOTOR VEHICLE,PARKING LOT,,STRAIGHT AND LEVEL,DRY,NO DEFECTS,NOT ON SCENE (DESK REPORT),NO INJURY / DRIVE AWAY,,,,"OVER $1,500",9/9/2019 15:00,UNABLE TO DETERMINE,UNABLE TO DETERMINE,1550,N,KINGSBURY ST,1822,,,,,,,2,NO INDICATION OF INJURY,0,0,0,0,0,1,0,12,2,9,41.90939879,-87.6530507,POINT (-87.653050697894 41.909398787809)
JC426039,,9/9/2019 12:30,30,TRAFFIC SIGNAL,FUNCTIONING PROPERLY,CLEAR,DAYLIGHT,ANGLE,NOT DIVIDED,,STRAIGHT AND LEVEL,DRY,UNKNOWN,NOT ON SCENE (DESK REPORT),NO INJURY / DRIVE AWAY,Y,,,"OVER $1,500",9/9/2019 13:15,DISREGARDING TRAFFIC SIGNALS,UNABLE TO DETERMINE,5600,N,SHERIDAN RD,2022,,,,,,,2,NO INDICATION OF INJURY,0,0,0,0,0,3,0,12,2,9,41.98388604,-87.65534235,POINT (-87.655342351398 41.983886040841)
JC425997,,9/9/2019 12:30,30,NO CONTROLS,NO CONTROLS,CLEAR,DAYLIGHT,REAR END,DIVIDED - W/MEDIAN BARRIER,,STRAIGHT AND LEVEL,DRY,NO DEFECTS,NOT ON SCENE (DESK REPORT),NO INJURY / DRIVE AWAY,,,,"OVER $1,500",9/9/2019 13:11,FOLLOWING TOO CLOSELY,UNABLE TO DETERMINE,515,N,WESTERN AVE,1221,N,,,,,,3,NO INDICATION OF INJURY,0,0,0,0,0,6,0,12,2,9,41.89114238,-87.68655928,POINT (-87.686559281255 41.891142380137)
JC427331,,9/9/2019 12:25,30,UNKNOWN,UNKNOWN,CLEAR,DAYLIGHT,REAR END,NOT DIVIDED,,STRAIGHT AND LEVEL,UNKNOWN,UNKNOWN,NOT ON SCENE (DESK REPORT),NO INJURY / DRIVE AWAY,,,,"OVER $1,500",9/10/2019 11:00,UNABLE TO DETERMINE,UNABLE TO DETERMINE,3400,W,BELMONT AVE,1732,,,,,,,2,NO INDICATION OF INJURY,0,0,0,0,0,2,0,12,2,9,41.93938716,-87.71255881,POINT (-87.712558810816 41.939387156854)
JC425992,,9/9/2019 12:25,30,NO CONTROLS,NO CONTROLS,CLEAR,DAYLIGHT,PARKED MOTOR VEHICLE,ONE-WAY,,STRAIGHT AND LEVEL,DRY,UNKNOWN,ON SCENE,NO INJURY / DRIVE AWAY,,,,"OVER $1,500",9/9/2019 12:32,UNABLE TO DETERMINE,NOT APPLICABLE,3328,N,KENNETH AVE,1731,,,,,,,2,NO INDICATION OF INJURY,0,0,0,0,0,1,0,12,2,9,41.94164712,-87.73848939,POINT (-87.738489389455 41.941647122808)
JC426033,,9/9/2019 12:20,30,NO CONTROLS,NO CONTROLS,CLEAR,DAYLIGHT,PARKED MOTOR VEHICLE,PARKING LOT,,STRAIGHT AND LEVEL,DRY,NO DEFECTS,NOT ON SCENE (DESK REPORT),NO INJURY / DRIVE AWAY,,Y,,"$501 - $1,500",9/9/2019 13:10,UNABLE TO DETERMINE,NOT APPLICABLE,2148,S,ARCHER AVE,914,,,,,,,2,NO INDICATION OF INJURY,0,0,0,0,0,3,0,12,2,9,41.85351003,-87.63375047,POINT (-87.633750469127 41.853510030263)
JC426021,,9/9/2019 12:20,25,NO CONTROLS,NO CONTROLS,CLEAR,DAYLIGHT,REAR END,ONE-WAY,,STRAIGHT AND LEVEL,DRY,NO DEFECTS,NOT ON SCENE (DESK REPORT),NO INJURY / DRIVE AWAY,,,,"OVER $1,500",9/9/2019 13:12,UNABLE TO DETERMINE,NOT APPLICABLE,50,W,WASHINGTON ST,111,,,,,,,2,NO INDICATION OF INJURY,0,0,0,0,0,3,0,12,2,9,41.8833222,-87.6297751,POINT (-87.629775096643 41.88332219915)
JC425980,,9/9/2019 12:20,30,NO CONTROLS,NO CONTROLS,CLEAR,DAYLIGHT,REAR END,NOT DIVIDED,,STRAIGHT AND LEVEL,DRY,NO DEFECTS,ON SCENE,NO INJURY / DRIVE AWAY,,,,"OVER $1,500",9/9/2019 12:25,FAILING TO REDUCE SPEED TO AVOID CRASH,NOT APPLICABLE,3059,W,71ST ST,831,,,,,,,2,NO INDICATION OF INJURY,0,0,0,0,0,2,0,12,2,9,41.76430671,-87.70029993,POINT (-87.700299933785 41.764306709598)
JC426022,,9/9/2019 12:15,30,STOP SIGN/FLASHER,FUNCTIONING PROPERLY,CLEAR,DAYLIGHT,REAR END,NOT DIVIDED,,STRAIGHT AND LEVEL,DRY,NO DEFECTS,NOT ON SCENE (DESK REPORT),NO INJURY / DRIVE AWAY,,,,"$501 - $1,500",9/9/2019 13:00,UNABLE TO DETERMINE,UNABLE TO DETERMINE,1037,E,87TH ST,412,,,,,,,2,NO INDICATION OF INJURY,0,0,0,0,0,2,0,12,2,9,41.73662782,-87.59846416,POINT (-87.598464163435 41.736627821354)