RD_NO,CRASH_DATE_EST_I,CRASH_DATE,POSTED_SPEED_LIMIT,TRAFFIC_CONTROL_DEVICE,DEVICE_CONDITION,WEATHER_CONDITION,LIGHTING_CONDITION,FIRST_CRASH_TYPE,TRAFFICWAY_TYPE,LANE_CNT,ALIGNMENT,ROADWAY_SURFACE_COND,ROAD_DEFECT,REPORT_TYPE,CRASH_TYPE,INTERSECTION_RELATED_I,NOT_RIGHT_OF_WAY_I,HIT_AND_RUN_I,DAMAGE,DATE_POLICE_NOTIFIED,PRIM_CONTRIBUTORY_CAUSE,SEC_CONTRIBUTORY_CAUSE,STREET_NO,STREET_DIRECTION,STREET_NAME,BEAT_OF_OCCURRENCE,PHOTOS_TAKEN_I,STATEMENTS_TAKEN_I,DOORING_I,WORK_ZONE_I,WORK_ZONE_TYPE,WORKERS_PRESENT_I,NUM_UNITS,MOST_SEVERE_INJURY,INJURIES_TOTAL,INJURIES_FATAL,INJURIES_INCAPACITATING,INJURIES_NON_INCAPACITATING,INJURIES_REPORTED_NOT_EVIDENT,INJURIES_NO_INDICATION,INJURIES_UNKNOWN,CRASH_HOUR,CRASH_DAY_OF_WEEK,CRASH_MONTH,LATITUDE,LONGITUDE,LOCATION
JC426020,,9/9/2019 12:15,25,NO CONTROLS,NO CONTROLS,CLEAR,DAYLIGHT,REAR END,NOT DIVIDED,,STRAIGHT AND LEVEL,DRY,NO DEFECTS,NOT ON SCENE (DESK REPORT),NO INJURY / DRIVE AWAY,,,,"OVER $1,500",9/9/2019 13:10,FOLLOWING TOO CLOSELY,NOT APPLICABLE,3244,W,59TH ST,822,,,,,,,2,NO INDICATION OF INJURY,0,0,0,0,0,2,0,12,2,9,41.78632805,-87.70513618,POINT (-87.705136175049 41.786328044987)
JC425977,,9/9/2019 12:12,30,NO CONTROLS,NO CONTROLS,CLEAR,DAYLIGHT,SIDESWIPE SAME DIRECTION,NOT DIVIDED,,STRAIGHT AND LEVEL,DRY,NO DEFECTS,NOT ON SCENE (DESK REPORT),NO INJURY / DRIVE AWAY,,,Y,"$501 - $1,500",9/9/2019 12:30,UNABLE TO DETERMINE,UNABLE TO DETERMINE,7052,S,SOUTH SHORE DR,331,,,,,,,2,NO INDICATION OF INJURY,0,0,0,0,0,3,0,12,2,9,41.76653988,-87.56661579,POINT (-87.566615789511 41.766539878411)
JC426053,,9/9/2019 12:10,30,TRAFFIC SIGNAL,FUNCTIONING PROPERLY,UNKNOWN,DAYLIGHT,REAR END,UNKNOWN,,STRAIGHT AND LEVEL,UNKNOWN,UNKNOWN,NOT ON SCENE (DESK REPORT),NO INJURY / DRIVE AWAY,N,,,"$501 - $1,500",9/9/2019 13:34,UNABLE TO DETERMINE,NOT APPLICABLE,10000,S,TORRENCE AVE,431,,,,,,,2,NO INDICATION OF INJURY,0,0,0,0,0,2,0,12,2,9,41.71337386,-87.55989468,POINT (-87.559894682333 41.71337385748)
JC425948,,9/9/2019 12:05,30,NO CONTROLS,NO CONTROLS,CLEAR,DAYLIGHT,REAR TO SIDE,PARKING LOT,,STRAIGHT AND LEVEL,DRY,NO DEFECTS,NOT ON SCENE (DESK REPORT),NO INJURY / DRIVE AWAY,,Y,,"OVER $1,500",9/9/2019 12:20,FAILING TO YIELD RIGHT-OF-WAY,FAILING TO YIELD RIGHT-OF-WAY,5401,N,ELSTON AVE,1621,,,,,,,2,NO INDICATION OF INJURY,0,0,0,0,0,2,0,12,2,9,41.97959355,-87.75858927,POINT (-87.758589271767 41.979593550153)
JC425925,,9/9/2019 12:01,30,TRAFFIC SIGNAL,FUNCTIONING PROPERLY,CLEAR,DAYLIGHT,SIDESWIPE OPPOSITE DIRECTION,FOUR WAY,,STRAIGHT AND LEVEL,DRY,NO DEFECTS,ON SCENE,NO INJURY / DRIVE AWAY,,,,"$501 - $1,500",9/9/2019 12:01,DRIVING SKILLS/KNOWLEDGE/EXPERIENCE,"OPERATING VEHICLE IN ERRATIC, RECKLESS, CARELESS, NEGLIGENT OR AGGRESSIVE MANNER",5619,W,FOSTER AVE,1622,,,,,,,2,NO INDICATION OF INJURY,0,0,0,0,0,2,0,12,2,9,41.97557189,-87.76927668,POINT (-87.769276676057 41.975571888042)
JC435829,,9/9/2019 12:00,10,NO CONTROLS,NO CONTROLS,CLEAR,DAYLIGHT,PARKED MOTOR VEHICLE,PARKING LOT,,STRAIGHT AND LEVEL,DRY,NO DEFECTS,NOT ON SCENE (DESK REPORT),NO INJURY / DRIVE AWAY,,,,$500 OR LESS,9/16/2019 14:45,NOT APPLICABLE,NOT APPLICABLE,9901,S,DR MARTIN LUTHER KING JR DR,511,,,,,,,2,NO INDICATION OF INJURY,0,0,0,0,0,1,0,12,2,9,41.71457403,-87.61383053,POINT (-87.613830526229 41.714574031879)
JC426548,,9/9/2019 12:00,30,NO CONTROLS,NO CONTROLS,CLEAR,DAYLIGHT,PARKED MOTOR VEHICLE,NOT DIVIDED,,STRAIGHT AND LEVEL,DRY,NO DEFECTS,NOT ON SCENE (DESK REPORT),NO INJURY / DRIVE AWAY,,,Y,"$501 - $1,500",9/9/2019 18:25,UNABLE TO DETERMINE,NOT APPLICABLE,4167,W,78TH ST,834,,,,,,,2,NO INDICATION OF INJURY,0,0,0,0,0,1,0,12,2,9,41.75186173,-87.72517854,POINT (-87.725178537355 41.751861726264)
JC425988,,9/9/2019 12:00,30,NO CONTROLS,NO CONTROLS,CLEAR,DAYLIGHT,ANGLE,DRIVEWAY,,STRAIGHT AND LEVEL,WET,NO DEFECTS,NOT ON SCENE (DESK REPORT),NO INJURY / DRIVE AWAY,,,,"OVER $1,500",9/9/2019 12:35,FAILING TO REDUCE SPEED TO AVOID CRASH,NOT APPLICABLE,1940,W,ALBION AVE,2412,,,,,,,2,NO INDICATION OF INJURY,0,0,0,0,0,2,0,12,2,9,42.00170867,-87.67943176,POINT (-87.679431757635 42.001708671653)
JC425972,,9/9/2019 11:50,30,STOP SIGN/FLASHER,FUNCTIONING PROPERLY,RAIN,DAYLIGHT,REAR END,NOT DIVIDED,,STRAIGHT AND LEVEL,WET,NO DEFECTS,NOT ON SCENE (DESK REPORT),NO INJURY / DRIVE AWAY,,,Y,"$501 - $1,500",9/9/2019 12:40,UNABLE TO DETERMINE,NOT APPLICABLE,10100,S,DR MARTIN LUTHER KING JR DR,511,,,,,,,2,NO INDICATION OF INJURY,0,0,0,0,0,2,0,11,2,9,41.71086734,-87.61400673,POINT (-87.614006725109 41.710867343747)
JC425926,,9/9/2019 11:47,30,NO CONTROLS,NO CONTROLS,CLOUDY/OVERCAST,DAYLIGHT,SIDESWIPE SAME DIRECTION,DIVIDED - W/MEDIAN (NOT RAISED),,STRAIGHT AND LEVEL,DRY,NO DEFECTS,ON SCENE,NO INJURY / DRIVE AWAY,,,Y,$500 OR LESS,9/9/2019 11:52,UNABLE TO DETERMINE,NOT APPLICABLE,2018,W,47TH ST,924,,,,,,,,,,,,,,,,11,2,9,41.80861145,-87.67561635,POINT (-87.675616349629 41.808611450226)
JC425920,,9/9/2019 11:40,30,NO CONTROLS,NO CONTROLS,CLEAR,DAYLIGHT,PEDESTRIAN,DIVIDED - W/MEDIAN BARRIER,,STRAIGHT AND LEVEL,WET,NO DEFECTS,ON SCENE,INJURY AND / OR TOW DUE TO CRASH,,,,$500 OR LESS,9/9/2019 11:41,UNABLE TO DETERMINE,NOT APPLICABLE,2334,W,95TH ST,2221,,,,,,,2,NONINCAPACITATING INJURY,1,0,0,1,0,1,0,11,2,9,41.72106291,-87.68106947,POINT (-87.681069464942 41.721062904551)
JC425914,,9/9/2019 11:40,10,NO CONTROLS,NO CONTROLS,CLEAR,DAYLIGHT,FIXED OBJECT,PARKING LOT,,STRAIGHT AND LEVEL,DRY,NO DEFECTS,ON SCENE,NO INJURY / DRIVE AWAY,,Y,,"$501 - $1,500",9/9/2019 11:41,DISTRACTION - FROM OUTSIDE VEHICLE,NOT APPLICABLE,3220,W,115TH ST,2211,,,,,,,1,NO INDICATION OF INJURY,0,0,0,0,0,1,0,11,2,9,41.68435879,-87.70143104,POINT (-87.701431037155 41.684358787922)
JC425910,,9/9/2019 11:40,20,NO CONTROLS,NO CONTROLS,CLEAR,DAYLIGHT,SIDESWIPE SAME DIRECTION,DIVIDED - W/MEDIAN (NOT RAISED),,STRAIGHT AND LEVEL,DRY,NO DEFECTS,ON SCENE,NO INJURY / DRIVE AWAY,,,,"$501 - $1,500",9/9/2019 11:45,NOT APPLICABLE,NOT APPLICABLE,10000,W,OHARE ST,1651,,,,,,,2,NO INDICATION OF INJURY,0,0,0,0,0,2,0,11,2,9,41.97620114,-87.90530913,POINT (-87.905309125103 41.976201139024)
JC425941,,9/9/2019 11:37,15,NO CONTROLS,NO CONTROLS,CLEAR,DAYLIGHT,PARKED MOTOR VEHICLE,PARKING LOT,,STRAIGHT ON GRADE,DRY,NO DEFECTS,ON SCENE,NO INJURY / DRIVE AWAY,,,Y,"OVER $1,500",9/9/2019 11:37,UNABLE TO DETERMINE,NOT APPLICABLE,1900,W,JACKSON BLVD,1225,,,,,,,2,NO INDICATION OF INJURY,0,0,0,0,0,1,0,11,2,9,41.87761166,-87.67422787,POINT (-87.674227867806 41.877611658237)
JC425996,,9/9/2019 11:33,30,TRAFFIC SIGNAL,FUNCTIONING PROPERLY,CLEAR,DAYLIGHT,TURNING,NOT DIVIDED,,STRAIGHT AND LEVEL,DRY,NO DEFECTS,ON SCENE,NO INJURY / DRIVE AWAY,Y,,,"OVER $1,500",9/9/2019 12:36,IMPROPER TURNING/NO SIGNAL,NOT APPLICABLE,698,S,MICHIGAN AVE,123,,,,,,,2,NO INDICATION OF INJURY,0,0,0,0,0,2,0,11,2,9,41.87322319,-87.62434873,POINT (-87.624348732928 41.873223187237)
JC425899,,9/9/2019 11:33,15,NO CONTROLS,NO CONTROLS,CLEAR,DAYLIGHT,FIXED OBJECT,PARKING LOT,,STRAIGHT AND LEVEL,WET,NO DEFECTS,ON SCENE,NO INJURY / DRIVE AWAY,,Y,,"$501 - $1,500",9/9/2019 11:35,UNABLE TO DETERMINE,UNABLE TO DETERMINE,1852,W,115TH ST,2212,,,,,,,1,NO INDICATION OF INJURY,0,0,0,0,0,1,0,11,2,9,41.68480375,-87.66824172,POINT (-87.668241724149 41.684803750776)
JC426047,,9/9/2019 11:30,30,TRAFFIC SIGNAL,FUNCTIONING PROPERLY,CLEAR,DAYLIGHT,REAR END,DIVIDED - W/MEDIAN BARRIER,,STRAIGHT AND LEVEL,DRY,NO DEFECTS,NOT ON SCENE (DESK REPORT),NO INJURY / DRIVE AWAY,,,,$500 OR LESS,9/9/2019 13:31,FOLLOWING TOO CLOSELY,NOT APPLICABLE,4000,W,ROOSEVELT RD,1132,,,,,,,2,NO INDICATION OF INJURY,0,0,0,0,0,2,0,11,2,9,41.866281,-87.72523422,POINT (-87.725234219839 41.866281002665)
JC425975,,9/9/2019 11:30,30,YIELD,NO CONTROLS,CLEAR,DAYLIGHT,TURNING,NOT DIVIDED,,STRAIGHT AND LEVEL,DRY,NO DEFECTS,NOT ON SCENE (DESK REPORT),NO INJURY / DRIVE AWAY,Y,,,$500 OR LESS,9/9/2019 12:38,FAILING TO YIELD RIGHT-OF-WAY,NOT APPLICABLE,2883,W,DEVON AVE,2413,,,,,,,,,,,,,,,,11,2,9,41.99740885,-87.70201053,POINT (-87.702010531621 41.997408849982)
JC425902,,9/9/2019 11:15,20,NO CONTROLS,NO CONTROLS,CLEAR,DAYLIGHT,HEAD ON,NOT DIVIDED,,STRAIGHT AND LEVEL,DRY,NO DEFECTS,ON SCENE,NO INJURY / DRIVE AWAY,,,Y,"OVER $1,500",9/9/2019 11:25,UNABLE TO DETERMINE,NOT APPLICABLE,4144,W,CARMEN AVE,1712,,,,,,,2,NO INDICATION OF INJURY,0,0,0,0,0,2,0,11,2,9,41.9737665,-87.73247425,POINT (-87.732474250876 41.973766500071)
JC425900,Y,9/9/2019 11:15,30,NO CONTROLS,NO CONTROLS,RAIN,DAYLIGHT,PARKED MOTOR VEHICLE,DIVIDED - W/MEDIAN (NOT RAISED),,STRAIGHT AND LEVEL,WET,NO DEFECTS,ON SCENE,INJURY AND / OR TOW DUE TO CRASH,,,Y,"OVER $1,500",9/9/2019 11:58,NOT APPLICABLE,NOT APPLICABLE,1248,E,79TH ST,411,,,,,,,2,NO INDICATION OF INJURY,0,0,0,0,0,1,0,11,2,9,41.75151854,-87.59353782,POINT (-87.593537820694 41.751518538443)
JC425859,,9/9/2019 11:05,30,PEDESTRIAN CROSSING SIGN,FUNCTIONING PROPERLY,CLEAR,DAYLIGHT,REAR END,NOT DIVIDED,,STRAIGHT AND LEVEL,DRY,NO DEFECTS,ON SCENE,NO INJURY / DRIVE AWAY,,,,"OVER $1,500",9/9/2019 11:05,FAILING TO REDUCE SPEED TO AVOID CRASH,FOLLOWING TOO CLOSELY,3537,W,LAWRENCE AVE,1723,,,,,,,2,NO INDICATION OF INJURY,0,0,0,0,0,3,0,11,2,9,41.96825095,-87.71732731,POINT (-87.717327306413 41.968250948653)
JC425844,,9/9/2019 11:00,30,STOP SIGN/FLASHER,NO CONTROLS,CLEAR,DAYLIGHT,REAR END,NOT DIVIDED,,STRAIGHT AND LEVEL,DRY,NO DEFECTS,NOT ON SCENE (DESK REPORT),NO INJURY / DRIVE AWAY,N,,,$500 OR LESS,9/9/2019 11:12,FAILING TO REDUCE SPEED TO AVOID CRASH,NOT APPLICABLE,1651,W,DEVON AVE,2433,Y,,,,,,2,NO INDICATION OF INJURY,0,0,0,0,0,2,0,11,2,9,41.99794336,-87.67191769,POINT (-87.671917693877 41.997943359136)
JC425954,,9/9/2019 10:56,30,UNKNOWN,UNKNOWN,CLEAR,DAYLIGHT,REAR END,NOT DIVIDED,,STRAIGHT AND LEVEL,DRY,UNKNOWN,ON SCENE,INJURY AND / OR TOW DUE TO CRASH,Y,,,"OVER $1,500",9/21/2019 10:59,UNABLE TO DETERMINE,UNABLE TO DETERMINE,2100,W,GRAND AVE,1221,,,,,,,3,INCAPACITATING INJURY,1,0,1,0,0,2,0,10,2,9,41.89089177,-87.67947744,POINT (-87.679477443046 41.890891771283)
JC427267,,9/9/2019 10:52,30,OTHER,OTHER,CLEAR,DAYLIGHT,REAR END,NOT DIVIDED,,STRAIGHT AND LEVEL,DRY,NO DEFECTS,NOT ON SCENE (DESK REPORT),NO INJURY / DRIVE AWAY,,,,"$501 - $1,500",9/10/2019 10:10,FOLLOWING TOO CLOSELY,"OPERATING VEHICLE IN ERRATIC, RECKLESS, CARELESS, NEGLIGENT OR AGGRESSIVE MANNER",3310,E,106TH ST,432,,,,,,,2,NO INDICATION OF INJURY,0,0,0,0,0,2,0,10,2,9,41.70286988,-87.54331814,POINT (-87.54331813597 41.702869880303)
JC425889,,9/9/2019 10:50,35,RAILROAD CROSSING GATE,NO CONTROLS,CLEAR,DAYLIGHT,REAR END,NOT DIVIDED,,STRAIGHT AND LEVEL,DRY,NO DEFECTS,NOT ON SCENE (DESK REPORT),NO INJURY / DRIVE AWAY,,,,$500 OR LESS,9/9/2019 11:40,FOLLOWING TOO CLOSELY,UNABLE TO DETERMINE,3222,E,106TH ST,432,,,,,,,2,NO INDICATION OF INJURY,0,0,0,0,0,2,0,10,2,9,41.70287656,-87.54553222,POINT (-87.545532217322 41.702876555582)
JC425937,,9/9/2019 10:45,30,TRAFFIC SIGNAL,FUNCTIONING PROPERLY,CLEAR,DAYLIGHT,REAR TO FRONT,DIVIDED - W/MEDIAN BARRIER,,STRAIGHT AND LEVEL,DRY,NO DEFECTS,ON SCENE,INJURY AND / OR TOW DUE TO CRASH,,,,"OVER $1,500",9/9/2019 11:53,UNABLE TO DETERMINE,NOT APPLICABLE,5042,S,ASHLAND AVE,931,,,,,,,2,NO INDICATION OF INJURY,0,0,0,0,0,2,0,10,2,9,41.80185989,-87.66493552,POINT (-87.664935520132 41.801859892457)
JC425855,,9/9/2019 10:43,30,TRAFFIC SIGNAL,FUNCTIONING PROPERLY,CLEAR,DAYLIGHT,PARKED MOTOR VEHICLE,DIVIDED - W/MEDIAN (NOT RAISED),,STRAIGHT AND LEVEL,DRY,NO DEFECTS,ON SCENE,INJURY AND / OR TOW DUE TO CRASH,,,,"OVER $1,500",9/9/2019 11:07,FAILING TO REDUCE SPEED TO AVOID CRASH,PHYSICAL CONDITION OF DRIVER,3359,N,LARAMIE AVE,1634,,,,,,,2,NO INDICATION OF INJURY,0,0,0,0,0,1,0,10,2,9,41.94230767,-87.7566585,POINT (-87.756658494553 41.942307666124)
JC425824,,9/9/2019 10:30,35,TRAFFIC SIGNAL,FUNCTIONING PROPERLY,CLEAR,DAYLIGHT,REAR END,NOT DIVIDED,,STRAIGHT AND LEVEL,DRY,NO DEFECTS,NOT ON SCENE (DESK REPORT),NO INJURY / DRIVE AWAY,,,,$500 OR LESS,9/9/2019 10:52,FOLLOWING TOO CLOSELY,UNABLE TO DETERMINE,1955,E,95TH ST,431,,,,,,,2,NO INDICATION OF INJURY,0,0,0,0,0,3,0,10,2,9,41.72235678,-87.57559669,POINT (-87.575596687932 41.722356778466)
JC425813,,9/9/2019 10:29,30,STOP SIGN/FLASHER,FUNCTIONING PROPERLY,CLOUDY/OVERCAST,DAYLIGHT,TURNING,NOT DIVIDED,,STRAIGHT AND LEVEL,DRY,NO DEFECTS,ON SCENE,INJURY AND / OR TOW DUE TO CRASH,Y,,,"OVER $1,500",9/9/2019 10:30,NOT APPLICABLE,NOT APPLICABLE,5100,N,CLARK ST,2032,,,,,,,2,NONINCAPACITATING INJURY,2,0,0,2,0,0,0,10,2,9,41.97440225,-87.66835973,POINT (-87.668359726212 41.974402251805)
JC425804,,9/9/2019 10:21,5,NO CONTROLS,NO CONTROLS,CLEAR,DAYLIGHT,REAR TO SIDE,PARKING LOT,,STRAIGHT AND LEVEL,DRY,NO DEFECTS,ON SCENE,NO INJURY / DRIVE AWAY,,,,$500 OR LESS,9/9/2019 10:30,NOT APPLICABLE,UNABLE TO DETERMINE,3621,N,WESTERN AVE,1921,,,,,,,2,NO INDICATION OF INJURY,0,0,0,0,0,3,0,10,2,9,41.94738858,-87.68813004,POINT (-87.688130043923 41.947388580551)
JC425970,,9/9/2019 10:20,25,NO CONTROLS,NO CONTROLS,CLEAR,DAYLIGHT,FIXED OBJECT,NOT DIVIDED,,STRAIGHT AND LEVEL,DRY,NO DEFECTS,ON SCENE,NO INJURY / DRIVE AWAY,,,,"OVER $1,500",9/9/2019 12:30,UNABLE TO DETERMINE,UNABLE TO DETERMINE,1760,W,WRIGHTWOOD AVE,1931,,,,,,,1,NO INDICATION OF INJURY,0,0,0,0,0,1,0,10,2,9,41.92882415,-87.67304202,POINT (-87.673042019911 41.928824149319)
JC425769,,9/9/2019 10:15,30,TRAFFIC SIGNAL,FUNCTIONING PROPERLY,CLOUDY/OVERCAST,DAYLIGHT,REAR END,DIVIDED - W/MEDIAN (NOT RAISED),,STRAIGHT AND LEVEL,DRY,NO DEFECTS,ON SCENE,INJURY AND / OR TOW DUE TO CRASH,Y,,,"OVER $1,500",9/9/2019 10:15,FOLLOWING TOO CLOSELY,NOT APPLICABLE,4001,W,FOSTER AVE,1712,,,,,,,2,NO INDICATION OF INJURY,0,0,0,0,0,2,0,10,2,9,41.97542111,-87.72833095,POINT (-87.728330948634 41.975421111334)
JC427349,,9/9/2019 10:00,30,TRAFFIC SIGNAL,NO CONTROLS,CLEAR,DAYLIGHT,REAR END,NOT DIVIDED,,STRAIGHT AND LEVEL,DRY,NO DEFECTS,NOT ON SCENE (DESK REPORT),NO INJURY / DRIVE AWAY,,,,"OVER $1,500",9/10/2019 11:15,FAILING TO REDUCE SPEED TO AVOID CRASH,FAILING TO YIELD RIGHT-OF-WAY,3556,W,ADDISON ST,1732,,,,,,,2,NO INDICATION OF INJURY,0,0,0,0,0,3,0,10,2,9,41.94661585,-87.71742548,POINT (-87.717425479262 41.946615844899)
JC426483,,9/9/2019 10:00,30,NO CONTROLS,NO CONTROLS,CLEAR,DAYLIGHT,REAR TO FRONT,ONE-WAY,,STRAIGHT AND LEVEL,DRY,NO DEFECTS,NOT ON SCENE (DESK REPORT),NO INJURY / DRIVE AWAY,,,,"$501 - $1,500",9/9/2019 18:00,IMPROPER BACKING,IMPROPER BACKING,5322,S,SAWYER AVE,822,,,,,,,2,NO INDICATION OF INJURY,0,0,0,0,0,2,0,10,2,9,41.79643143,-87.70501057,POINT (-87.70501057126 41.796431427088)
JC425935,,9/9/2019 10:00,30,NO CONTROLS,NO CONTROLS,CLEAR,DAYLIGHT,REAR END,NOT DIVIDED,,STRAIGHT AND LEVEL,DRY,NO DEFECTS,NOT ON SCENE (DESK REPORT),NO INJURY / DRIVE AWAY,,,,"$501 - $1,500",9/9/2019 12:30,FOLLOWING TOO CLOSELY,FOLLOWING TOO CLOSELY,11320,S,PULASKI RD,2211,,,,,,,2,NO INDICATION OF INJURY,0,0,0,0,0,2,0,10,2,9,41.68692055,-87.72030274,POINT (-87.720302736982 41.686920553766)
JC425860,,9/9/2019 10:00,30,NO CONTROLS,NO CONTROLS,CLEAR,DAYLIGHT,OTHER OBJECT,DIVIDED - W/MEDIAN BARRIER,,"CURVE, LEVEL",OTHER,"RUT, HOLES",ON SCENE,INJURY AND / OR TOW DUE TO CRASH,,,,"OVER $1,500",9/9/2019 10:57,NOT APPLICABLE,NOT APPLICABLE,2558,W,31ST BLVD,1034,,,,,,,1,NONINCAPACITATING INJURY,1,0,0,1,0,0,0,10,2,9,41.83825091,-87.69031387,POINT (-87.690313872138 41.838250905234)
JC425768,,9/9/2019 9:55,30,NO CONTROLS,NO CONTROLS,CLEAR,DAYLIGHT,FIXED OBJECT,PARKING LOT,,STRAIGHT AND LEVEL,DRY,NO DEFECTS,ON SCENE,NO INJURY / DRIVE AWAY,,Y,,$500 OR LESS,9/9/2019 9:55,ROAD CONSTRUCTION/MAINTENANCE,NOT APPLICABLE,1150,W,ALBION AVE,2432,,,,Y,CONSTRUCTION,Y,1,NO INDICATION OF INJURY,0,0,0,0,0,1,0,9,2,9,42.0026616,-87.66067554,POINT (-87.660675543353 42.002661597747)
JC425823,,9/9/2019 9:50,30,TRAFFIC SIGNAL,FUNCTIONING PROPERLY,CLEAR,DAYLIGHT,REAR END,DIVIDED - W/MEDIAN (NOT RAISED),,STRAIGHT AND LEVEL,DRY,NO DEFECTS,NOT ON SCENE (DESK REPORT),NO INJURY / DRIVE AWAY,,,Y,"$501 - $1,500",9/9/2019 10:40,FOLLOWING TOO CLOSELY,NOT APPLICABLE,6705,S,ASHLAND AVE,725,,,,,,,2,NO INDICATION OF INJURY,0,0,0,0,0,2,0,9,2,9,41.77199041,-87.66386774,POINT (-87.663867743995 41.771990408711)
JC426897,N,9/9/2019 9:38,30,NO CONTROLS,NO CONTROLS,CLEAR,"DARKNESS, LIGHTED ROAD",PEDALCYCLIST,NOT DIVIDED,,STRAIGHT AND LEVEL,UNKNOWN,UNKNOWN,NOT ON SCENE (DESK REPORT),NO INJURY / DRIVE AWAY,Y,,,$500 OR LESS,9/9/2019 10:50,DRIVING SKILLS/KNOWLEDGE/EXPERIENCE,NOT APPLICABLE,1716,W,MONTROSE AVE,1912,,,,,,,2,NO INDICATION OF INJURY,0,0,0,0,0,2,0,9,2,9,41.96166954,-87.67158968,POINT (-87.671589681491 41.961669544443)
JC425747,,9/9/2019 9:35,30,NO CONTROLS,NO CONTROLS,CLEAR,DAYLIGHT,REAR END,DIVIDED - W/MEDIAN (NOT RAISED),,STRAIGHT AND LEVEL,DRY,NO DEFECTS,ON SCENE,NO INJURY / DRIVE AWAY,,,Y,$500 OR LESS,9/9/2019 9:36,FOLLOWING TOO CLOSELY,NOT APPLICABLE,5251,S,KEDZIE AVE,923,,,,,,,3,NO INDICATION OF INJURY,0,0,0,0,0,3,0,9,2,9,41.79748723,-87.70352171,POINT (-87.703521707308 41.797487227873)
JC425936,,9/9/2019 9:30,30,NO CONTROLS,NO CONTROLS,CLEAR,DAYLIGHT,PARKED MOTOR VEHICLE,ONE-WAY,,STRAIGHT AND LEVEL,DRY,NO DEFECTS,NOT ON SCENE (DESK REPORT),NO INJURY / DRIVE AWAY,,,Y,"OVER $1,500",9/9/2019 12:00,IMPROPER OVERTAKING/PASSING,NOT APPLICABLE,4017,S,ARTESIAN AVE,921,,,,,,,2,NO INDICATION OF INJURY,0,0,0,0,0,1,0,9,2,9,41.8205704,-87.68588732,POINT (-87.6858873215 41.820570399802)
JC425822,,9/9/2019 9:30,30,STOP SIGN/FLASHER,FUNCTIONING PROPERLY,CLEAR,DAYLIGHT,REAR END,FOUR WAY,,STRAIGHT AND LEVEL,DRY,NO DEFECTS,ON SCENE,INJURY AND / OR TOW DUE TO CRASH,Y,,Y,$500 OR LESS,9/9/2019 10:30,UNABLE TO DETERMINE,UNABLE TO DETERMINE,5100,N,CALIFORNIA AVE,2031,,,,,,,2,NONINCAPACITATING INJURY,1,0,0,1,0,1,0,9,2,9,41.97403594,-87.69901661,POINT (-87.699016611612 41.974035935627)
JC425779,Y,9/9/2019 9:30,25,TRAFFIC SIGNAL,FUNCTIONING PROPERLY,CLOUDY/OVERCAST,DAYLIGHT,ANGLE,NOT DIVIDED,,STRAIGHT AND LEVEL,DRY,NO DEFECTS,NOT ON SCENE (DESK REPORT),NO INJURY / DRIVE AWAY,Y,,,"OVER $1,500",9/9/2019 10:00,UNABLE TO DETERMINE,UNABLE TO DETERMINE,820,N,ORLEANS ST,1823,,,,,,,2,NO INDICATION OF INJURY,0,0,0,0,0,2,0,9,2,9,41.89733805,-87.63734543,POINT (-87.63734543001 41.897338047455)
JC425763,,9/9/2019 9:30,30,TRAFFIC SIGNAL,FUNCTIONING PROPERLY,CLEAR,DAYLIGHT,REAR END,FOUR WAY,,STRAIGHT AND LEVEL,DRY,NO DEFECTS,NOT ON SCENE (DESK REPORT),NO INJURY / DRIVE AWAY,,,Y,$500 OR LESS,9/9/2019 10:00,FOLLOWING TOO CLOSELY,UNABLE TO DETERMINE,4700,S,WESTERN BLVD,922,,,,,,,2,NO INDICATION OF INJURY,0,0,0,0,0,2,0,9,2,9,41.80836955,-87.6840194,POINT (-87.684019396719 41.808369548854)
JC425757,,9/9/2019 9:30,30,TRAFFIC SIGNAL,FUNCTIONING PROPERLY,CLEAR,DAYLIGHT,TURNING,DIVIDED - W/MEDIAN (NOT RAISED),,STRAIGHT AND LEVEL,DRY,NO DEFECTS,ON SCENE,INJURY AND / OR TOW DUE TO CRASH,Y,,,"OVER $1,500",9/9/2019 9:30,FAILING TO YIELD RIGHT-OF-WAY,IMPROPER TURNING/NO SIGNAL,2400,N,KOSTNER AVE,2524,,,,,,,2,NONINCAPACITATING INJURY,1,0,0,1,0,3,0,9,2,9,41.92441066,-87.73671982,POINT (-87.736719821172 41.924410657307)
JC425756,,9/9/2019 9:30,30,NO CONTROLS,NO CONTROLS,CLEAR,DAYLIGHT,PARKED MOTOR VEHICLE,NOT DIVIDED,,STRAIGHT AND LEVEL,DRY,NO DEFECTS,ON SCENE,NO INJURY / DRIVE AWAY,,,,"OVER $1,500",9/9/2019 9:40,FAILING TO YIELD RIGHT-OF-WAY,FAILING TO YIELD RIGHT-OF-WAY,3238,N,CENTRAL AVE,1633,,,,,,,2,NO INDICATION OF INJURY,0,0,0,0,0,1,0,9,2,9,41.93976608,-87.76668841,POINT (-87.766688409447 41.939766076215)
JC425750,,9/9/2019 9:26,30,NO CONTROLS,NO CONTROLS,CLEAR,DAYLIGHT,PARKED MOTOR VEHICLE,DIVIDED - W/MEDIAN BARRIER,,STRAIGHT AND LEVEL,DRY,NO DEFECTS,ON SCENE,NO INJURY / DRIVE AWAY,,,,"OVER $1,500",9/9/2019 9:41,IMPROPER BACKING,UNABLE TO DETERMINE,1440,S,INDIANA AVE,132,,,,,,,2,NO INDICATION OF INJURY,0,0,0,0,0,1,0,9,2,9,41.86297911,-87.62259503,POINT (-87.622595031474 41.862979104724)