RD_NO,CRASH_DATE_EST_I,CRASH_DATE,POSTED_SPEED_LIMIT,TRAFFIC_CONTROL_DEVICE,DEVICE_CONDITION,WEATHER_CONDITION,LIGHTING_CONDITION,FIRST_CRASH_TYPE,TRAFFICWAY_TYPE,LANE_CNT,ALIGNMENT,ROADWAY_SURFACE_COND,ROAD_DEFECT,REPORT_TYPE,CRASH_TYPE,INTERSECTION_RELATED_I,NOT_RIGHT_OF_WAY_I,HIT_AND_RUN_I,DAMAGE,DATE_POLICE_NOTIFIED,PRIM_CONTRIBUTORY_CAUSE,SEC_CONTRIBUTORY_CAUSE,STREET_NO,STREET_DIRECTION,STREET_NAME,BEAT_OF_OCCURRENCE,PHOTOS_TAKEN_I,STATEMENTS_TAKEN_I,DOORING_I,WORK_ZONE_I,WORK_ZONE_TYPE,WORKERS_PRESENT_I,NUM_UNITS,MOST_SEVERE_INJURY,INJURIES_TOTAL,INJURIES_FATAL,INJURIES_INCAPACITATING,INJURIES_NON_INCAPACITATING,INJURIES_REPORTED_NOT_EVIDENT,INJURIES_NO_INDICATION,INJURIES_UNKNOWN,CRASH_HOUR,CRASH_DAY_OF_WEEK,CRASH_MONTH,LATITUDE,LONGITUDE,LOCATION
JC426113,,9/9/2019 9:25,30,NO CONTROLS,NO CONTROLS,CLEAR,DAYLIGHT,REAR END,NOT DIVIDED,,STRAIGHT AND LEVEL,DRY,NO DEFECTS,NOT ON SCENE (DESK REPORT),NO INJURY / DRIVE AWAY,,,,"OVER $1,500",9/9/2019 14:25,UNABLE TO DETERMINE,UNABLE TO DETERMINE,2199,N,DAMEN AVE,1432,,,,,,,2,NO INDICATION OF INJURY,0,0,0,0,0,2,0,9,2,9,41.92137014,-87.67760456,POINT (-87.677604555811 41.921370135444)
JC425771,,9/9/2019 9:25,20,STOP SIGN/FLASHER,FUNCTIONING PROPERLY,CLEAR,DAYLIGHT,PARKED MOTOR VEHICLE,FOUR WAY,,STRAIGHT AND LEVEL,DRY,NO DEFECTS,ON SCENE,NO INJURY / DRIVE AWAY,Y,,,"$501 - $1,500",9/9/2019 9:43,ROAD CONSTRUCTION/MAINTENANCE,NOT APPLICABLE,2600,S,FEDERAL ST,133,,,,,,,2,NO INDICATION OF INJURY,0,0,0,0,0,1,0,9,2,9,41.84552996,-87.62931408,POINT (-87.629314081654 41.845529959483)
JC425845,,9/9/2019 9:20,30,NO CONTROLS,NO CONTROLS,CLEAR,DAYLIGHT,REAR TO FRONT,ONE-WAY,,STRAIGHT AND LEVEL,DRY,NO DEFECTS,NOT ON SCENE (DESK REPORT),NO INJURY / DRIVE AWAY,,,N,$500 OR LESS,9/9/2019 11:10,UNABLE TO DETERMINE,UNABLE TO DETERMINE,5801,N,PULASKI RD,1711,,,,,,,2,NO INDICATION OF INJURY,0,0,0,0,0,2,0,9,2,9,41.98593151,-87.72836921,POINT (-87.728369210034 41.985931514183)
JC425892,,9/9/2019 9:18,30,NO CONTROLS,NO CONTROLS,CLEAR,DAYLIGHT,SIDESWIPE SAME DIRECTION,ONE-WAY,,STRAIGHT AND LEVEL,DRY,NO DEFECTS,NOT ON SCENE (DESK REPORT),NO INJURY / DRIVE AWAY,,,Y,"OVER $1,500",9/9/2019 11:28,UNABLE TO DETERMINE,UNABLE TO DETERMINE,2300,W,VAN BUREN ST,1225,,,,,,,2,NO INDICATION OF INJURY,0,0,0,0,0,2,0,9,2,9,41.87622895,-87.68395154,POINT (-87.683951541377 41.876228946289)
JC425851,Y,9/9/2019 9:15,30,NO CONTROLS,NO CONTROLS,CLEAR,DAYLIGHT,PARKED MOTOR VEHICLE,ONE-WAY,,STRAIGHT AND LEVEL,DRY,NO DEFECTS,NOT ON SCENE (DESK REPORT),NO INJURY / DRIVE AWAY,,,Y,$500 OR LESS,9/9/2019 11:23,UNABLE TO DETERMINE,UNABLE TO DETERMINE,1300,W,JACKSON BLVD,1231,,,,,,,2,NO INDICATION OF INJURY,0,0,0,0,0,1,0,9,2,9,41.8778586,-87.65957542,POINT (-87.659575419006 41.877858597417)
JC425733,,9/9/2019 9:15,30,NO CONTROLS,NO CONTROLS,CLEAR,DAYLIGHT,SIDESWIPE SAME DIRECTION,NOT DIVIDED,,STRAIGHT AND LEVEL,DRY,NO DEFECTS,NOT ON SCENE (DESK REPORT),NO INJURY / DRIVE AWAY,,,,"OVER $1,500",9/9/2019 9:30,FAILING TO YIELD RIGHT-OF-WAY,IMPROPER LANE USAGE,757,W,WELLINGTON AVE,1934,,,,,,,2,NO INDICATION OF INJURY,0,0,0,0,0,2,0,9,2,9,41.93627713,-87.64898584,POINT (-87.648985842984 41.936277126908)
JC427510,,9/9/2019 9:10,30,TRAFFIC SIGNAL,FUNCTIONING PROPERLY,CLEAR,DAYLIGHT,SIDESWIPE SAME DIRECTION,NOT DIVIDED,,STRAIGHT AND LEVEL,DRY,NO DEFECTS,NOT ON SCENE (DESK REPORT),NO INJURY / DRIVE AWAY,,,,"$501 - $1,500",9/10/2019 13:10,FOLLOWING TOO CLOSELY,FOLLOWING TOO CLOSELY,1000,N,ASHLAND AVE,1213,,,,,,,2,NO INDICATION OF INJURY,0,0,0,0,0,2,0,9,2,9,41.89975116,-87.66754062,POINT (-87.667540614866 41.899751161011)
JC428598,,9/9/2019 9:07,30,NO CONTROLS,NO CONTROLS,CLEAR,DAYLIGHT,REAR END,DIVIDED - W/MEDIAN BARRIER,,STRAIGHT AND LEVEL,DRY,NO DEFECTS,NOT ON SCENE (DESK REPORT),NO INJURY / DRIVE AWAY,,,,$500 OR LESS,9/10/2019 9:00,ROAD CONSTRUCTION/MAINTENANCE,UNABLE TO DETERMINE,212,W,CERMAK RD,914,,,,,,,2,NO INDICATION OF INJURY,0,0,0,0,0,2,0,9,2,9,41.8529533,-87.63261164,POINT (-87.632611642206 41.852953299717)
JC425716,,9/9/2019 9:07,30,NO CONTROLS,NO CONTROLS,CLEAR,DAYLIGHT,PARKED MOTOR VEHICLE,ONE-WAY,,STRAIGHT AND LEVEL,DRY,NO DEFECTS,ON SCENE,NO INJURY / DRIVE AWAY,,,,$500 OR LESS,9/9/2019 9:07,NOT APPLICABLE,NOT APPLICABLE,4741,S,SEELEY AVE,931,,,,,,,2,NO INDICATION OF INJURY,0,0,0,0,0,2,0,9,2,9,41.80727908,-87.67572232,POINT (-87.675722321482 41.807279079606)
JC425740,,9/9/2019 9:03,30,TRAFFIC SIGNAL,FUNCTIONING PROPERLY,CLEAR,DAYLIGHT,SIDESWIPE SAME DIRECTION,T-INTERSECTION,,STRAIGHT AND LEVEL,DRY,NO DEFECTS,ON SCENE,NO INJURY / DRIVE AWAY,,,Y,$500 OR LESS,9/9/2019 9:05,RELATED TO BUS STOP,NOT APPLICABLE,3301,N,LAKE SHORE DR,1925,,,,,,,2,NO INDICATION OF INJURY,0,0,0,0,0,2,0,9,2,9,41.94237966,-87.63982864,POINT (-87.63982863849 41.942379660212)
JC425711,,9/9/2019 9:03,30,NO CONTROLS,NO CONTROLS,CLEAR,DAYLIGHT,REAR END,DIVIDED - W/MEDIAN (NOT RAISED),,STRAIGHT AND LEVEL,DRY,UNKNOWN,ON SCENE,NO INJURY / DRIVE AWAY,,,Y,"$501 - $1,500",9/9/2019 9:03,UNABLE TO DETERMINE,UNABLE TO DETERMINE,1000,S,CALIFORNIA AVE,1135,,,,,,,2,NO INDICATION OF INJURY,0,0,0,0,0,2,0,9,2,9,41.86921367,-87.69612571,POINT (-87.69612571203 41.86921366718)
JC425732,,9/9/2019 9:00,30,TRAFFIC SIGNAL,FUNCTIONING PROPERLY,CLEAR,DAYLIGHT,SIDESWIPE SAME DIRECTION,ONE-WAY,,STRAIGHT AND LEVEL,DRY,DEBRIS ON ROADWAY,ON SCENE,INJURY AND / OR TOW DUE TO CRASH,Y,,,"$501 - $1,500",9/9/2019 9:10,FOLLOWING TOO CLOSELY,UNABLE TO DETERMINE,800,N,CLARK ST,1832,,,,Y,CONSTRUCTION,Y,2,NO INDICATION OF INJURY,0,0,0,0,0,2,0,9,2,9,41.89670114,-87.63139316,POINT (-87.631393160513 41.896701140159)
JC425728,,9/9/2019 9:00,35,NO CONTROLS,NO CONTROLS,CLEAR,DAYLIGHT,REAR END,DIVIDED - W/MEDIAN (NOT RAISED),,STRAIGHT AND LEVEL,DRY,NO DEFECTS,ON SCENE,NO INJURY / DRIVE AWAY,,,,"OVER $1,500",9/9/2019 9:00,UNABLE TO DETERMINE,UNABLE TO DETERMINE,7301,S,CICERO AVE,833,,,,,,,2,NO INDICATION OF INJURY,0,0,0,0,0,2,0,9,2,9,41.76038824,-87.74162717,POINT (-87.741627168712 41.76038823931)
JC425727,,9/9/2019 9:00,25,STOP SIGN/FLASHER,FUNCTIONING PROPERLY,CLEAR,DAYLIGHT,PARKED MOTOR VEHICLE,ONE-WAY,,STRAIGHT AND LEVEL,DRY,NO DEFECTS,ON SCENE,NO INJURY / DRIVE AWAY,,,,"$501 - $1,500",9/9/2019 9:20,IMPROPER TURNING/NO SIGNAL,NOT APPLICABLE,7500,S,HARVARD AVE,623,N,,,,,,2,NO INDICATION OF INJURY,0,0,0,0,0,2,0,9,2,9,41.75801023,-87.63300953,POINT (-87.633009526593 41.758010228255)
JC425745,,9/9/2019 8:55,30,NO CONTROLS,UNKNOWN,CLEAR,DAYLIGHT,SIDESWIPE SAME DIRECTION,NOT DIVIDED,,STRAIGHT AND LEVEL,DRY,NO DEFECTS,ON SCENE,NO INJURY / DRIVE AWAY,,,Y,"$501 - $1,500",9/9/2019 8:57,IMPROPER OVERTAKING/PASSING,NOT APPLICABLE,1023,N,ASHLAND AVE,1213,,,,,,,2,NO INDICATION OF INJURY,0,0,0,0,0,2,0,8,2,9,41.90044812,-87.66726606,POINT (-87.66726606004 41.900448121589)
JC425721,,9/9/2019 8:52,30,TRAFFIC SIGNAL,FUNCTIONING PROPERLY,CLEAR,DAYLIGHT,TURNING,UNKNOWN INTERSECTION TYPE,,STRAIGHT AND LEVEL,DRY,NO DEFECTS,ON SCENE,INJURY AND / OR TOW DUE TO CRASH,Y,,,"OVER $1,500",9/9/2019 8:53,FAILING TO YIELD RIGHT-OF-WAY,FAILING TO REDUCE SPEED TO AVOID CRASH,9300,S,SOUTH CHICAGO AVE,424,,,,,,,2,NONINCAPACITATING INJURY,2,0,0,2,0,0,0,8,2,9,41.72626026,-87.55072459,POINT (-87.550724586828 41.726260258806)
JC425701,,9/9/2019 8:50,30,TRAFFIC SIGNAL,FUNCTIONING PROPERLY,CLEAR,DAYLIGHT,REAR END,NOT DIVIDED,,STRAIGHT AND LEVEL,DRY,NO DEFECTS,NOT ON SCENE (DESK REPORT),NO INJURY / DRIVE AWAY,,,,$500 OR LESS,9/9/2019 9:15,FOLLOWING TOO CLOSELY,UNABLE TO DETERMINE,6014,S,COTTAGE GROVE AVE,313,,,,,,,2,NO INDICATION OF INJURY,0,0,0,0,0,2,0,8,2,9,41.78538745,-87.60618376,POINT (-87.606183761008 41.785387444959)
JC425699,,9/9/2019 8:45,30,TRAFFIC SIGNAL,FUNCTIONING PROPERLY,CLEAR,DAYLIGHT,REAR END,NOT DIVIDED,,STRAIGHT AND LEVEL,DRY,NO DEFECTS,ON SCENE,NO INJURY / DRIVE AWAY,,,,"OVER $1,500",9/9/2019 8:51,EQUIPMENT - VEHICLE CONDITION,NOT APPLICABLE,2358,S,PULASKI RD,1013,,,,,,,2,NO INDICATION OF INJURY,0,0,0,0,0,3,0,8,2,9,41.84802922,-87.72480877,POINT (-87.724808767064 41.848029218394)
JC425963,,9/9/2019 8:39,30,NO CONTROLS,NO CONTROLS,CLEAR,DAYLIGHT,REAR END,DIVIDED - W/MEDIAN BARRIER,,STRAIGHT AND LEVEL,DRY,NO DEFECTS,NOT ON SCENE (DESK REPORT),NO INJURY / DRIVE AWAY,,,,"OVER $1,500",9/9/2019 12:30,FOLLOWING TOO CLOSELY,UNABLE TO DETERMINE,940,W,HARRISON ST,1232,,,,,,,2,NO INDICATION OF INJURY,0,0,0,0,0,2,0,8,2,9,41.87449381,-87.65108622,POINT (-87.651086219391 41.874493807708)
JC425688,,9/9/2019 8:32,30,TRAFFIC SIGNAL,FUNCTIONING PROPERLY,CLEAR,DAYLIGHT,SIDESWIPE SAME DIRECTION,DIVIDED - W/MEDIAN (NOT RAISED),,STRAIGHT AND LEVEL,DRY,NO DEFECTS,ON SCENE,NO INJURY / DRIVE AWAY,,,,"$501 - $1,500",9/9/2019 8:39,FAILING TO YIELD RIGHT-OF-WAY,PHYSICAL CONDITION OF DRIVER,222,S,RACINE AVE,1231,,,,Y,CONSTRUCTION,Y,3,NO INDICATION OF INJURY,0,0,0,0,0,2,0,8,2,9,41.87833867,-87.65718096,POINT (-87.657180962097 41.878338668942)
JC426759,,9/9/2019 8:30,30,NO CONTROLS,NO CONTROLS,UNKNOWN,DAYLIGHT,PARKED MOTOR VEHICLE,UNKNOWN,,STRAIGHT AND LEVEL,UNKNOWN,UNKNOWN,NOT ON SCENE (DESK REPORT),NO INJURY / DRIVE AWAY,,,Y,"OVER $1,500",9/9/2019 20:33,UNABLE TO DETERMINE,NOT APPLICABLE,5015,S,LAKE PARK AVE,222,,,,,,,2,NO INDICATION OF INJURY,0,0,0,0,0,1,0,8,2,9,41.80385441,-87.58823202,POINT (-87.58823201594 41.803854410501)
JC426633,,9/9/2019 8:30,10,UNKNOWN,UNKNOWN,CLEAR,DAYLIGHT,PARKED MOTOR VEHICLE,PARKING LOT,,STRAIGHT AND LEVEL,DRY,NO DEFECTS,NOT ON SCENE (DESK REPORT),NO INJURY / DRIVE AWAY,,,Y,"OVER $1,500",9/9/2019 19:10,UNABLE TO DETERMINE,UNABLE TO DETERMINE,4843,N,KEDZIE AVE,1713,,,,,,,2,NO INDICATION OF INJURY,0,0,0,0,0,1,0,8,2,9,41.96973166,-87.70836601,POINT (-87.708366005141 41.969731656869)
JC425684,,9/9/2019 8:30,30,TRAFFIC SIGNAL,FUNCTIONING PROPERLY,CLEAR,DAYLIGHT,SIDESWIPE SAME DIRECTION,NOT DIVIDED,,STRAIGHT AND LEVEL,DRY,NO DEFECTS,NOT ON SCENE (DESK REPORT),NO INJURY / DRIVE AWAY,,,,"$501 - $1,500",9/9/2019 8:45,UNABLE TO DETERMINE,UNABLE TO DETERMINE,6001,W,55TH ST,811,,,,,,,2,NO INDICATION OF INJURY,0,0,0,0,0,2,0,8,2,9,41.79243185,-87.77212427,POINT (-87.772124268189 41.79243185238)
JC425683,,9/9/2019 8:30,30,TRAFFIC SIGNAL,FUNCTIONING PROPERLY,CLEAR,DAYLIGHT,SIDESWIPE SAME DIRECTION,DIVIDED - W/MEDIAN (NOT RAISED),,STRAIGHT AND LEVEL,DRY,NO DEFECTS,NOT ON SCENE (DESK REPORT),NO INJURY / DRIVE AWAY,Y,,,"OVER $1,500",9/9/2019 8:50,FOLLOWING TOO CLOSELY,NOT APPLICABLE,2800,N,SACRAMENTO AVE,1411,,,,,,,2,NO INDICATION OF INJURY,0,0,0,0,0,2,0,8,2,9,41.93214798,-87.70267152,POINT (-87.702671515669 41.932147983515)
JC430023,,9/9/2019 8:29,30,TRAFFIC SIGNAL,FUNCTIONING PROPERLY,CLEAR,DAYLIGHT,REAR END,NOT DIVIDED,,STRAIGHT AND LEVEL,DRY,NO DEFECTS,NOT ON SCENE (DESK REPORT),NO INJURY / DRIVE AWAY,,,Y,"$501 - $1,500",9/12/2019 10:55,IMPROPER BACKING,NOT APPLICABLE,50,E,PERSHING RD,213,,,,,,,2,NO INDICATION OF INJURY,0,0,0,0,0,2,0,8,2,9,41.82384885,-87.62451477,POINT (-87.624514773977 41.823848853343)
JC425742,,9/9/2019 8:27,30,NO CONTROLS,NO CONTROLS,CLOUDY/OVERCAST,DAYLIGHT,SIDESWIPE SAME DIRECTION,NOT DIVIDED,,STRAIGHT ON GRADE,DRY,NO DEFECTS,ON SCENE,NO INJURY / DRIVE AWAY,,,Y,$500 OR LESS,9/9/2019 8:43,UNABLE TO DETERMINE,UNABLE TO DETERMINE,4100,W,CHICAGO AVE,1111,,,,,,,2,NO INDICATION OF INJURY,0,0,0,0,0,2,0,8,2,9,41.8954317,-87.72861187,POINT (-87.728611874027 41.895431697551)
JC426244,,9/9/2019 8:23,30,NO CONTROLS,NO CONTROLS,CLEAR,DAYLIGHT,OTHER OBJECT,PARKING LOT,,STRAIGHT AND LEVEL,DRY,NO DEFECTS,ON SCENE,NO INJURY / DRIVE AWAY,,Y,,"$501 - $1,500",9/9/2019 14:54,FAILING TO REDUCE SPEED TO AVOID CRASH,NOT APPLICABLE,3301,W,PERSHING RD,821,,,,,,,1,NO INDICATION OF INJURY,0,0,0,0,0,1,0,8,2,9,41.82244589,-87.70697235,POINT (-87.706972347963 41.822445888528)
JC425723,,9/9/2019 8:22,20,NO CONTROLS,NO CONTROLS,CLEAR,DAYLIGHT,PARKED MOTOR VEHICLE,NOT DIVIDED,,STRAIGHT AND LEVEL,DRY,NO DEFECTS,ON SCENE,NO INJURY / DRIVE AWAY,,,,"OVER $1,500",9/9/2019 8:35,UNABLE TO DETERMINE,NOT APPLICABLE,2168,S,CARPENTER ST,1235,,,,,,,2,NO INDICATION OF INJURY,0,0,0,0,0,1,0,8,2,9,41.85260761,-87.65319993,POINT (-87.65319993051 41.85260760828)
JC425671,,9/9/2019 8:20,35,TRAFFIC SIGNAL,FUNCTIONING PROPERLY,CLEAR,DAYLIGHT,REAR END,DIVIDED - W/MEDIAN (NOT RAISED),,STRAIGHT AND LEVEL,DRY,NO DEFECTS,ON SCENE,NO INJURY / DRIVE AWAY,Y,,,"$501 - $1,500",9/9/2019 8:21,FOLLOWING TOO CLOSELY,NOT APPLICABLE,3559,N,KIMBALL AVE,1733,,,,,,,2,NO INDICATION OF INJURY,0,0,0,0,0,2,0,8,2,9,41.94642657,-87.71256188,POINT (-87.712561879753 41.946426567756)
JC425660,,9/9/2019 8:20,5,NO CONTROLS,NO CONTROLS,CLEAR,DAYLIGHT,REAR END,PARKING LOT,,STRAIGHT AND LEVEL,DRY,NO DEFECTS,ON SCENE,NO INJURY / DRIVE AWAY,,Y,,"$501 - $1,500",9/9/2019 8:30,PHYSICAL CONDITION OF DRIVER,NOT APPLICABLE,2438,W,CERMAK RD,1023,,,,,,,4,NO INDICATION OF INJURY,0,0,0,0,0,4,0,8,2,9,41.85212453,-87.68728217,POINT (-87.687282164902 41.852124531449)
JC425682,,9/9/2019 8:16,30,NO CONTROLS,NO CONTROLS,CLEAR,DAYLIGHT,SIDESWIPE SAME DIRECTION,DIVIDED - W/MEDIAN BARRIER,,"CURVE, LEVEL",DRY,UNKNOWN,NOT ON SCENE (DESK REPORT),NO INJURY / DRIVE AWAY,,,,$500 OR LESS,9/9/2019 8:45,IMPROPER LANE USAGE,UNABLE TO DETERMINE,2215,S,CANAL ST,914,,,,,,,2,NO INDICATION OF INJURY,0,0,0,0,0,2,0,8,2,9,41.8522588,-87.63837333,POINT (-87.638373326548 41.852258799478)
JC426167,,9/9/2019 8:15,30,NO CONTROLS,NO CONTROLS,CLEAR,DAYLIGHT,REAR END,DIVIDED - W/MEDIAN (NOT RAISED),,STRAIGHT AND LEVEL,DRY,NO DEFECTS,NOT ON SCENE (DESK REPORT),NO INJURY / DRIVE AWAY,Y,,,"$501 - $1,500",9/9/2019 15:09,UNABLE TO DETERMINE,NOT APPLICABLE,6100,S,COTTAGE GROVE AVE,313,,,,,,,2,NO INDICATION OF INJURY,0,0,0,0,0,2,0,8,2,9,41.78396437,-87.60615379,POINT (-87.606153790698 41.783964365307)
JC425906,Y,9/9/2019 8:15,30,NO CONTROLS,NO CONTROLS,UNKNOWN,DAYLIGHT,PEDALCYCLIST,ONE-WAY,,STRAIGHT AND LEVEL,WET,UNKNOWN,ON SCENE,INJURY AND / OR TOW DUE TO CRASH,,,Y,$500 OR LESS,9/9/2019 11:21,UNABLE TO DETERMINE,NOT APPLICABLE,2037,N,LONG AVE,2515,,,Y,,,,2,NONINCAPACITATING INJURY,1,0,0,1,0,1,0,8,2,9,41.9177938,-87.76072316,POINT (-87.760723158513 41.917793803465)
JC425673,,9/9/2019 8:15,30,NO CONTROLS,NO CONTROLS,CLEAR,DAYLIGHT,REAR END,DIVIDED - W/MEDIAN (NOT RAISED),,STRAIGHT AND LEVEL,DRY,NO DEFECTS,ON SCENE,INJURY AND / OR TOW DUE TO CRASH,,,,"OVER $1,500",9/9/2019 8:20,FAILING TO REDUCE SPEED TO AVOID CRASH,DRIVING SKILLS/KNOWLEDGE/EXPERIENCE,5110,W,IRVING PARK RD,1624,,,,,,,2,NONINCAPACITATING INJURY,1,0,0,1,0,1,0,8,2,9,41.95343323,-87.75514784,POINT (-87.755147835897 41.953433232666)
JC425674,,9/9/2019 8:08,30,TRAFFIC SIGNAL,FUNCTIONING PROPERLY,CLEAR,DAYLIGHT,ANGLE,DIVIDED - W/MEDIAN (NOT RAISED),,STRAIGHT AND LEVEL,WET,NO DEFECTS,ON SCENE,INJURY AND / OR TOW DUE TO CRASH,Y,,,"OVER $1,500",9/9/2019 8:15,EQUIPMENT - VEHICLE CONDITION,FAILING TO REDUCE SPEED TO AVOID CRASH,2400,W,87TH ST,835,,,,,,,2,NO INDICATION OF INJURY,0,0,0,0,0,2,0,8,2,9,41.73563533,-87.68265034,POINT (-87.682650342555 41.735635328819)
JC425650,,9/9/2019 8:05,25,NO CONTROLS,NO CONTROLS,CLEAR,DAYLIGHT,SIDESWIPE SAME DIRECTION,ONE-WAY,,STRAIGHT AND LEVEL,DRY,NO DEFECTS,ON SCENE,NO INJURY / DRIVE AWAY,,,,"$501 - $1,500",9/9/2019 8:08,NOT APPLICABLE,NOT APPLICABLE,1,W,TERMINAL ST,1651,,,,,,,2,NO INDICATION OF INJURY,0,0,0,0,0,2,0,8,2,9,,,
JC425867,Y,9/9/2019 8:03,30,NO CONTROLS,NO CONTROLS,CLEAR,UNKNOWN,FIXED OBJECT,ALLEY,,STRAIGHT AND LEVEL,UNKNOWN,NO DEFECTS,ON SCENE,NO INJURY / DRIVE AWAY,,,Y,"OVER $1,500",9/9/2019 11:15,UNABLE TO DETERMINE,UNABLE TO DETERMINE,4209,N,CENTRAL PARK AVE,1723,,,,,,,1,NO INDICATION OF INJURY,0,0,0,0,0,1,0,8,2,9,41.95774937,-87.71778697,POINT (-87.717786965664 41.957749369082)
JC426375,,9/9/2019 8:00,20,NO CONTROLS,NO CONTROLS,CLEAR,DAYLIGHT,PARKED MOTOR VEHICLE,ONE-WAY,,STRAIGHT AND LEVEL,DRY,NO DEFECTS,NOT ON SCENE (DESK REPORT),NO INJURY / DRIVE AWAY,,,Y,"OVER $1,500",9/9/2019 17:25,UNABLE TO DETERMINE,UNABLE TO DETERMINE,1664,W,JUNEWAY TER,2422,,,,,,,2,NO INDICATION OF INJURY,0,0,0,0,0,1,0,8,2,9,42.02263911,-87.67287819,POINT (-87.672878185407 42.022639112795)
JC425670,,9/9/2019 8:00,30,NO CONTROLS,NO CONTROLS,CLEAR,DAYLIGHT,PARKED MOTOR VEHICLE,NOT DIVIDED,,STRAIGHT AND LEVEL,DRY,NO DEFECTS,NOT ON SCENE (DESK REPORT),NO INJURY / DRIVE AWAY,,,,$500 OR LESS,9/9/2019 8:51,UNABLE TO DETERMINE,NOT APPLICABLE,1340,N,WELLS ST,1821,,,,,,,2,NO INDICATION OF INJURY,0,0,0,0,0,1,0,8,2,9,41.90686371,-87.63472786,POINT (-87.634727855433 41.906863706241)
JC425675,,9/9/2019 7:58,30,NO CONTROLS,NO CONTROLS,CLEAR,DAYLIGHT,SIDESWIPE SAME DIRECTION,NOT DIVIDED,,STRAIGHT AND LEVEL,DRY,NO DEFECTS,NOT ON SCENE (DESK REPORT),NO INJURY / DRIVE AWAY,,,,"OVER $1,500",9/9/2019 8:39,IMPROPER OVERTAKING/PASSING,NOT APPLICABLE,4131,N,CENTRAL AVE,1624,,,,,,,2,NO INDICATION OF INJURY,0,0,0,0,0,2,0,7,2,9,41.95595178,-87.76694565,POINT (-87.766945647185 41.955951777754)
JC425639,,9/9/2019 7:57,35,NO CONTROLS,NO CONTROLS,CLEAR,DAYLIGHT,TURNING,CENTER TURN LANE,,STRAIGHT AND LEVEL,DRY,NO DEFECTS,ON SCENE,INJURY AND / OR TOW DUE TO CRASH,N,,,"OVER $1,500",9/9/2019 8:00,FAILING TO YIELD RIGHT-OF-WAY,FAILING TO REDUCE SPEED TO AVOID CRASH,5259,S,PULASKI RD,822,,,,,,,2,"REPORTED, NOT EVIDENT",1,0,0,0,1,1,0,7,2,9,41.79693383,-87.72312072,POINT (-87.723120718963 41.796933824524)
JC430230,,9/9/2019 7:55,30,UNKNOWN,NO CONTROLS,CLEAR,DAYLIGHT,PARKED MOTOR VEHICLE,NOT DIVIDED,,STRAIGHT AND LEVEL,DRY,NO DEFECTS,NOT ON SCENE (DESK REPORT),NO INJURY / DRIVE AWAY,,,Y,"$501 - $1,500",9/12/2019 13:30,UNABLE TO DETERMINE,NOT APPLICABLE,5424,N,OKETO AVE,1613,,,,,,,2,NO INDICATION OF INJURY,0,0,0,0,0,1,0,7,2,9,41.97851501,-87.81209057,POINT (-87.812090569013 41.978515012202)
JC426561,,9/9/2019 7:55,30,TRAFFIC SIGNAL,FUNCTIONING PROPERLY,CLEAR,DAYLIGHT,REAR END,NOT DIVIDED,,STRAIGHT ON GRADE,WET,NO DEFECTS,NOT ON SCENE (DESK REPORT),NO INJURY / DRIVE AWAY,Y,,,"$501 - $1,500",9/9/2019 18:30,FAILING TO REDUCE SPEED TO AVOID CRASH,FOLLOWING TOO CLOSELY,3400,W,115TH ST,2211,,,,,,,2,NO INDICATION OF INJURY,0,0,0,0,0,2,0,7,2,9,41.68429501,-87.70554244,POINT (-87.705542444142 41.68429500893)
JC425655,,9/9/2019 7:53,30,TRAFFIC SIGNAL,FUNCTIONING PROPERLY,CLOUDY/OVERCAST,DAYLIGHT,TURNING,FOUR WAY,,STRAIGHT AND LEVEL,WET,NO DEFECTS,ON SCENE,INJURY AND / OR TOW DUE TO CRASH,Y,,,"OVER $1,500",9/9/2019 7:55,UNABLE TO DETERMINE,UNABLE TO DETERMINE,2000,W,DIVISION ST,1424,,,,,,,2,NO INDICATION OF INJURY,0,0,0,0,0,2,0,7,2,9,41.90329879,-87.67738325,POINT (-87.677383247396 41.903298792682)
JC427119,,9/9/2019 7:50,30,NO CONTROLS,NO CONTROLS,CLOUDY/OVERCAST,DAYLIGHT,TURNING,NOT DIVIDED,,STRAIGHT AND LEVEL,DRY,NO DEFECTS,ON SCENE,INJURY AND / OR TOW DUE TO CRASH,Y,,,"OVER $1,500",9/10/2019 7:48,FAILING TO YIELD RIGHT-OF-WAY,DRIVING SKILLS/KNOWLEDGE/EXPERIENCE,3213,W,47TH ST,821,,,,,,,2,NO INDICATION OF INJURY,0,0,0,0,0,2,0,7,2,9,41.80800458,-87.70453467,POINT (-87.704534667744 41.808004583045)
JC425637,,9/9/2019 7:47,30,OTHER,OTHER,CLEAR,DAYLIGHT,ANGLE,OTHER,,STRAIGHT AND LEVEL,DRY,OTHER,ON SCENE,NO INJURY / DRIVE AWAY,Y,,,"OVER $1,500",9/9/2019 7:52,NOT APPLICABLE,NOT APPLICABLE,4499,W,ARMITAGE AVE,2533,,,,,,,2,NO INDICATION OF INJURY,0,0,0,0,0,2,0,7,2,9,41.91690826,-87.73871647,POINT (-87.738716474226 41.916908258903)
JC426344,,9/9/2019 7:45,25,TRAFFIC SIGNAL,FUNCTIONING PROPERLY,RAIN,DAYLIGHT,REAR END,NOT DIVIDED,,STRAIGHT AND LEVEL,WET,NO DEFECTS,NOT ON SCENE (DESK REPORT),NO INJURY / DRIVE AWAY,,,,"OVER $1,500",9/9/2019 16:50,FOLLOWING TOO CLOSELY,NOT APPLICABLE,7941,S,ASHLAND AVE,612,,,,,,,2,NO INDICATION OF INJURY,0,0,0,0,0,2,0,7,2,9,41.74913119,-87.66326519,POINT (-87.663265191271 41.749131187577)