RD_NO,CRASH_DATE_EST_I,CRASH_DATE,POSTED_SPEED_LIMIT,TRAFFIC_CONTROL_DEVICE,DEVICE_CONDITION,WEATHER_CONDITION,LIGHTING_CONDITION,FIRST_CRASH_TYPE,TRAFFICWAY_TYPE,LANE_CNT,ALIGNMENT,ROADWAY_SURFACE_COND,ROAD_DEFECT,REPORT_TYPE,CRASH_TYPE,INTERSECTION_RELATED_I,NOT_RIGHT_OF_WAY_I,HIT_AND_RUN_I,DAMAGE,DATE_POLICE_NOTIFIED,PRIM_CONTRIBUTORY_CAUSE,SEC_CONTRIBUTORY_CAUSE,STREET_NO,STREET_DIRECTION,STREET_NAME,BEAT_OF_OCCURRENCE,PHOTOS_TAKEN_I,STATEMENTS_TAKEN_I,DOORING_I,WORK_ZONE_I,WORK_ZONE_TYPE,WORKERS_PRESENT_I,NUM_UNITS,MOST_SEVERE_INJURY,INJURIES_TOTAL,INJURIES_FATAL,INJURIES_INCAPACITATING,INJURIES_NON_INCAPACITATING,INJURIES_REPORTED_NOT_EVIDENT,INJURIES_NO_INDICATION,INJURIES_UNKNOWN,CRASH_HOUR,CRASH_DAY_OF_WEEK,CRASH_MONTH,LATITUDE,LONGITUDE,LOCATION
JC425658,,9/9/2019 7:45,30,TRAFFIC SIGNAL,FUNCTIONING PROPERLY,RAIN,DAYLIGHT,SIDESWIPE SAME DIRECTION,NOT DIVIDED,,STRAIGHT AND LEVEL,WET,NO DEFECTS,,INJURY AND / OR TOW DUE TO CRASH,,,,"OVER $1,500",9/9/2019 7:55,UNABLE TO DETERMINE,NOT APPLICABLE,7854,S,KEDZIE AVE,835,,,,,,,2,"REPORTED, NOT EVIDENT",2,0,0,0,2,0,0,7,2,9,41.74999857,-87.702547,POINT (-87.702546996102 41.749998566334)
JC425621,,9/9/2019 7:45,30,TRAFFIC SIGNAL,FUNCTIONING PROPERLY,CLOUDY/OVERCAST,DAYLIGHT,PEDESTRIAN,NOT DIVIDED,,STRAIGHT AND LEVEL,WET,NO DEFECTS,ON SCENE,INJURY AND / OR TOW DUE TO CRASH,Y,,,"OVER $1,500",9/9/2019 7:47,FAILING TO YIELD RIGHT-OF-WAY,NOT APPLICABLE,1159,S,STATE ST,123,,,,,,,2,NONINCAPACITATING INJURY,1,0,0,1,0,1,0,7,2,9,41.86770576,-87.62728009,POINT (-87.627280094306 41.86770575528)
JC429146,,9/9/2019 7:40,30,UNKNOWN,UNKNOWN,UNKNOWN,UNKNOWN,PARKED MOTOR VEHICLE,ONE-WAY,,STRAIGHT AND LEVEL,UNKNOWN,UNKNOWN,NOT ON SCENE (DESK REPORT),NO INJURY / DRIVE AWAY,,,Y,"$501 - $1,500",9/11/2019 16:00,UNABLE TO DETERMINE,UNABLE TO DETERMINE,4406,N,WOLCOTT AVE,1912,,,,,,,2,NO INDICATION OF INJURY,0,0,0,0,0,1,0,7,2,9,41.96175386,-87.67615739,POINT (-87.676157387386 41.96175386426)
JC428027,,9/9/2019 7:40,30,UNKNOWN,UNKNOWN,UNKNOWN,UNKNOWN,SIDESWIPE SAME DIRECTION,UNKNOWN,,STRAIGHT AND LEVEL,UNKNOWN,UNKNOWN,NOT ON SCENE (DESK REPORT),NO INJURY / DRIVE AWAY,,,,"OVER $1,500",9/10/2019 19:56,UNABLE TO DETERMINE,UNABLE TO DETERMINE,2904,W,FULLERTON AVE,1414,,,,,,,2,NO INDICATION OF INJURY,0,0,0,0,0,2,0,7,2,9,41.92489237,-87.70008823,POINT (-87.700088229223 41.924892372858)
JC425800,,9/9/2019 7:30,30,STOP SIGN/FLASHER,FUNCTIONING PROPERLY,CLEAR,DAYLIGHT,PEDALCYCLIST,ONE-WAY,,STRAIGHT AND LEVEL,DRY,NO DEFECTS,ON SCENE,INJURY AND / OR TOW DUE TO CRASH,Y,,Y,"OVER $1,500",9/9/2019 10:35,DISREGARDING STOP SIGN,FAILING TO REDUCE SPEED TO AVOID CRASH,5000,W,ROSCOE ST,1634,,,,,,,2,NONINCAPACITATING INJURY,1,0,0,1,0,1,0,7,2,9,41.94252128,-87.75202363,POINT (-87.752023634 41.942521283198)
JC425679,,9/9/2019 7:30,30,TRAFFIC SIGNAL,FUNCTIONING PROPERLY,UNKNOWN,DAYLIGHT,REAR END,NOT DIVIDED,,STRAIGHT AND LEVEL,UNKNOWN,UNKNOWN,NOT ON SCENE (DESK REPORT),INJURY AND / OR TOW DUE TO CRASH,,,Y,"$501 - $1,500",9/9/2019 8:40,UNABLE TO DETERMINE,UNABLE TO DETERMINE,5858,S,ARCHER AVE,814,,,,,,,3,"REPORTED, NOT EVIDENT",2,0,0,0,2,1,0,7,2,9,41.79602806,-87.76106157,POINT (-87.761061568599 41.796028064467)
JC425687,,9/9/2019 7:28,30,STOP SIGN/FLASHER,FUNCTIONING PROPERLY,CLEAR,DAYLIGHT,TURNING,ONE-WAY,,STRAIGHT AND LEVEL,DRY,NO DEFECTS,NOT ON SCENE (DESK REPORT),NO INJURY / DRIVE AWAY,,,,"$501 - $1,500",9/9/2019 9:00,UNABLE TO DETERMINE,UNABLE TO DETERMINE,2000,W,53RD ST,932,,,,,,,2,NO INDICATION OF INJURY,0,0,0,0,0,3,0,7,2,9,41.79766169,-87.6745169,POINT (-87.674516894685 41.797661691499)
JC426408,,9/9/2019 7:25,30,TRAFFIC SIGNAL,FUNCTIONING PROPERLY,CLEAR,DAYLIGHT,REAR END,NOT DIVIDED,,STRAIGHT AND LEVEL,DRY,NO DEFECTS,NOT ON SCENE (DESK REPORT),NO INJURY / DRIVE AWAY,Y,,,"$501 - $1,500",9/9/2019 17:30,UNABLE TO DETERMINE,NOT APPLICABLE,320,W,87TH ST,622,,,,,,,2,NO INDICATION OF INJURY,0,0,0,0,0,3,0,7,2,9,41.73608878,-87.63237187,POINT (-87.632371865543 41.736088780008)
JC425623,,9/9/2019 7:25,20,NO CONTROLS,NO CONTROLS,CLEAR,DAYLIGHT,ANGLE,NOT DIVIDED,,STRAIGHT AND LEVEL,DRY,NO DEFECTS,NOT ON SCENE (DESK REPORT),NO INJURY / DRIVE AWAY,,,,"OVER $1,500",9/9/2019 7:40,FAILING TO YIELD RIGHT-OF-WAY,NOT APPLICABLE,816,W,71ST ST,733,,,,,,,2,NO INDICATION OF INJURY,0,0,0,0,0,2,0,7,2,9,41.76530109,-87.645151,POINT (-87.645150996109 41.765301087018)
JC425616,,9/9/2019 7:25,20,STOP SIGN/FLASHER,NO CONTROLS,CLEAR,DAYLIGHT,ANGLE,FOUR WAY,,STRAIGHT AND LEVEL,DRY,UNKNOWN,ON SCENE,INJURY AND / OR TOW DUE TO CRASH,Y,,,"OVER $1,500",9/9/2019 7:28,UNABLE TO DETERMINE,NOT APPLICABLE,4100,W,CORNELIA AVE,1731,,,,,,,2,"REPORTED, NOT EVIDENT",1,0,0,0,1,1,0,7,2,9,41.94488956,-87.72928712,POINT (-87.729287119278 41.94488955856)
JC426545,,9/9/2019 7:20,30,NO CONTROLS,NO CONTROLS,CLOUDY/OVERCAST,DAYLIGHT,SIDESWIPE SAME DIRECTION,ONE-WAY,,STRAIGHT AND LEVEL,WET,NO DEFECTS,ON SCENE,NO INJURY / DRIVE AWAY,,,,"OVER $1,500",9/9/2019 8:25,IMPROPER LANE USAGE,NOT APPLICABLE,7131,S,STONY ISLAND AVE,324,,Y,,,,,2,NO INDICATION OF INJURY,0,0,0,0,0,2,0,7,2,9,41.76510323,-87.58574868,POINT (-87.585748679706 41.765103230214)
JC425608,,9/9/2019 7:19,30,TRAFFIC SIGNAL,UNKNOWN,RAIN,DAYLIGHT,SIDESWIPE SAME DIRECTION,NOT DIVIDED,,STRAIGHT AND LEVEL,WET,NO DEFECTS,ON SCENE,INJURY AND / OR TOW DUE TO CRASH,Y,,,"OVER $1,500",9/9/2019 7:19,UNABLE TO DETERMINE,NOT APPLICABLE,5200,W,ROOSEVELT RD,1522,,,,,,,2,NONINCAPACITATING INJURY,1,0,0,1,0,1,0,7,2,9,41.86585673,-87.7548716,POINT (-87.754871604193 41.865856734392)
JC425619,,9/9/2019 7:10,30,NO CONTROLS,NO CONTROLS,RAIN,DAYLIGHT,REAR END,ONE-WAY,,CURVE ON GRADE,WET,NO DEFECTS,ON SCENE,NO INJURY / DRIVE AWAY,,,,"OVER $1,500",9/9/2019 7:30,FOLLOWING TOO CLOSELY,NOT APPLICABLE,1,W,TERMINAL ST,1651,,,,,,,2,NO INDICATION OF INJURY,0,0,0,0,0,3,0,7,2,9,,,
JC425603,,9/9/2019 7:09,30,NO CONTROLS,NO CONTROLS,CLOUDY/OVERCAST,DAYLIGHT,TURNING,DIVIDED - W/MEDIAN (NOT RAISED),,STRAIGHT AND LEVEL,WET,NO DEFECTS,ON SCENE,INJURY AND / OR TOW DUE TO CRASH,Y,,,"OVER $1,500",9/9/2019 7:10,IMPROPER TURNING/NO SIGNAL,UNABLE TO DETERMINE,11070,S,LONGWOOD DR,2212,,,,,,,2,NONINCAPACITATING INJURY,2,0,0,2,0,0,0,7,2,9,41.69238097,-87.67180202,POINT (-87.671802019921 41.692380970332)
JC427384,,9/9/2019 7:00,30,NO CONTROLS,NO CONTROLS,CLEAR,DAYLIGHT,PARKED MOTOR VEHICLE,NOT DIVIDED,,STRAIGHT AND LEVEL,DRY,NO DEFECTS,NOT ON SCENE (DESK REPORT),NO INJURY / DRIVE AWAY,,,Y,$500 OR LESS,9/10/2019 11:44,UNABLE TO DETERMINE,NOT APPLICABLE,2233,W,DIVISION ST,1212,,,,,,,2,NO INDICATION OF INJURY,0,0,0,0,0,1,0,7,2,9,41.90297191,-87.68348493,POINT (-87.683484931346 41.902971912262)
JC426852,Y,9/9/2019 7:00,30,NO CONTROLS,NO CONTROLS,UNKNOWN,UNKNOWN,PARKED MOTOR VEHICLE,UNKNOWN,,STRAIGHT AND LEVEL,UNKNOWN,UNKNOWN,NOT ON SCENE (DESK REPORT),NO INJURY / DRIVE AWAY,,,N,"OVER $1,500",9/9/2019 21:40,FAILING TO REDUCE SPEED TO AVOID CRASH,NOT APPLICABLE,1431,E,83RD ST,412,,,,,,,2,NO INDICATION OF INJURY,0,0,0,0,0,1,0,7,2,9,41.74404511,-87.58927048,POINT (-87.58927048178 41.744045110309)
JC425624,,9/9/2019 7:00,30,NO CONTROLS,NO CONTROLS,CLEAR,DAYLIGHT,REAR END,DIVIDED - W/MEDIAN (NOT RAISED),,STRAIGHT AND LEVEL,DRY,NO DEFECTS,NOT ON SCENE (DESK REPORT),NO INJURY / DRIVE AWAY,,,,"OVER $1,500",9/9/2019 7:40,FOLLOWING TOO CLOSELY,NOT APPLICABLE,3300,W,GRAND AVE,1121,,,,,,,2,NO INDICATION OF INJURY,0,0,0,0,0,2,0,7,2,9,41.89950058,-87.70932711,POINT (-87.709327105003 41.899500583242)
JC425601,,9/9/2019 7:00,30,STOP SIGN/FLASHER,FUNCTIONING PROPERLY,CLEAR,DAYLIGHT,ANGLE,NOT DIVIDED,,STRAIGHT AND LEVEL,DRY,NO DEFECTS,ON SCENE,INJURY AND / OR TOW DUE TO CRASH,Y,,,"OVER $1,500",9/9/2019 7:03,FAILING TO YIELD RIGHT-OF-WAY,NOT APPLICABLE,7000,W,HIGGINS AVE,1613,,,,,,,3,NO INDICATION OF INJURY,0,0,0,0,0,6,0,7,2,9,41.9802298,-87.80236698,POINT (-87.802366983092 41.980229798514)
JC428068,,9/9/2019 6:45,30,TRAFFIC SIGNAL,FUNCTIONING PROPERLY,CLEAR,DAYLIGHT,REAR END,DIVIDED - W/MEDIAN BARRIER,,STRAIGHT AND LEVEL,UNKNOWN,UNKNOWN,NOT ON SCENE (DESK REPORT),NO INJURY / DRIVE AWAY,,,,"OVER $1,500",9/9/2019 19:30,FOLLOWING TOO CLOSELY,UNABLE TO DETERMINE,3100,W,PETERSON AVE,2413,,,,,,,2,NO INDICATION OF INJURY,0,0,0,0,0,2,0,6,2,9,41.99050816,-87.70671868,POINT (-87.706718678176 41.9905081606)
JC425599,,9/9/2019 6:40,30,NO CONTROLS,NO CONTROLS,RAIN,DAYLIGHT,ANGLE,NOT DIVIDED,,STRAIGHT AND LEVEL,WET,NO DEFECTS,ON SCENE,INJURY AND / OR TOW DUE TO CRASH,Y,,,"OVER $1,500",9/9/2019 6:45,FAILING TO YIELD RIGHT-OF-WAY,FAILING TO REDUCE SPEED TO AVOID CRASH,12549,S,STATE ST,532,,,,,,,2,NO INDICATION OF INJURY,0,0,0,0,0,2,0,6,2,9,41.66560077,-87.6220482,POINT (-87.622048204189 41.665600765024)
JC427242,,9/9/2019 6:30,30,TRAFFIC SIGNAL,FUNCTIONING PROPERLY,RAIN,DAYLIGHT,REAR END,NOT DIVIDED,,STRAIGHT AND LEVEL,WET,NO DEFECTS,NOT ON SCENE (DESK REPORT),NO INJURY / DRIVE AWAY,,,,"OVER $1,500",9/10/2019 9:30,FOLLOWING TOO CLOSELY,DISREGARDING OTHER TRAFFIC SIGNS,5020,S,ARCHER AVE,815,,,,,,,2,NO INDICATION OF INJURY,0,0,0,0,0,2,0,6,2,9,41.80163034,-87.72484543,POINT (-87.724845431384 41.801630340539)
JC425591,,9/9/2019 6:20,30,TRAFFIC SIGNAL,FUNCTIONING PROPERLY,CLEAR,DAYLIGHT,TURNING,DIVIDED - W/MEDIAN (NOT RAISED),,STRAIGHT AND LEVEL,DRY,NO DEFECTS,ON SCENE,NO INJURY / DRIVE AWAY,Y,,,"OVER $1,500",9/9/2019 6:30,IMPROPER LANE USAGE,NOT APPLICABLE,2200,S,ASHLAND AVE,1034,,,,,,,2,NO INDICATION OF INJURY,0,0,0,0,0,2,0,6,2,9,41.852218,-87.66617016,POINT (-87.666170161509 41.852217996528)
JC425587,,9/9/2019 6:20,30,NO CONTROLS,NO CONTROLS,CLEAR,DAYLIGHT,SIDESWIPE SAME DIRECTION,NOT DIVIDED,,STRAIGHT AND LEVEL,DRY,NO DEFECTS,NOT ON SCENE (DESK REPORT),NO INJURY / DRIVE AWAY,,,,"OVER $1,500",9/9/2019 6:45,FOLLOWING TOO CLOSELY,UNABLE TO DETERMINE,1532,S,KEDZIE AVE,1022,,,,,,,2,NO INDICATION OF INJURY,0,0,0,0,0,3,0,6,2,9,41.86031619,-87.70564157,POINT (-87.705641573781 41.860316187016)
JC435905,,9/9/2019 5:48,10,NO CONTROLS,NO CONTROLS,UNKNOWN,UNKNOWN,PARKED MOTOR VEHICLE,PARKING LOT,,STRAIGHT AND LEVEL,UNKNOWN,UNKNOWN,NOT ON SCENE (DESK REPORT),NO INJURY / DRIVE AWAY,,,,"OVER $1,500",9/16/2019 16:00,IMPROPER BACKING,NOT APPLICABLE,3900,N,PINE GROVE AVE,1925,,,,,,,2,NO INDICATION OF INJURY,0,0,0,0,0,1,0,5,2,9,41.95293853,-87.64804114,POINT (-87.648041138725 41.952938529458)
JC436074,,9/9/2019 5:30,30,STOP SIGN/FLASHER,UNKNOWN,CLEAR,UNKNOWN,PARKED MOTOR VEHICLE,NOT DIVIDED,,STRAIGHT AND LEVEL,DRY,NO DEFECTS,NOT ON SCENE (DESK REPORT),NO INJURY / DRIVE AWAY,,,Y,"OVER $1,500",9/16/2019 17:30,UNABLE TO DETERMINE,NOT APPLICABLE,4100,W,60TH ST,813,,,,,,,2,NO INDICATION OF INJURY,0,0,0,0,0,1,0,5,2,9,41.78419585,-87.7254186,POINT (-87.725418597736 41.784195854415)
JC425569,,9/9/2019 4:45,30,NO CONTROLS,NO CONTROLS,RAIN,"DARKNESS, LIGHTED ROAD",PARKED MOTOR VEHICLE,NOT DIVIDED,,STRAIGHT AND LEVEL,WET,NO DEFECTS,ON SCENE,NO INJURY / DRIVE AWAY,,,Y,"OVER $1,500",9/9/2019 4:52,UNABLE TO DETERMINE,UNABLE TO DETERMINE,1621,W,43RD ST,924,,,,,,,2,NO INDICATION OF INJURY,0,0,0,0,0,1,0,4,2,9,41.81574934,-87.66612593,POINT (-87.666125925005 41.815749343028)
JC425653,,9/9/2019 4:30,30,TRAFFIC SIGNAL,FUNCTIONING PROPERLY,CLEAR,"DARKNESS, LIGHTED ROAD",REAR END,FOUR WAY,,STRAIGHT AND LEVEL,DRY,NO DEFECTS,NOT ON SCENE (DESK REPORT),INJURY AND / OR TOW DUE TO CRASH,Y,,,"OVER $1,500",9/9/2019 8:25,UNABLE TO DETERMINE,UNABLE TO DETERMINE,4770,W,IRVING PARK RD,1722,,,,,,,2,INCAPACITATING INJURY,1,0,1,0,0,1,0,4,2,9,41.95353056,-87.74722436,POINT (-87.747224358827 41.953530563276)
JC425556,,9/9/2019 4:10,30,TRAFFIC SIGNAL,FUNCTIONING PROPERLY,CLEAR,"DARKNESS, LIGHTED ROAD",TURNING,DIVIDED - W/MEDIAN (NOT RAISED),,STRAIGHT AND LEVEL,WET,NO DEFECTS,ON SCENE,NO INJURY / DRIVE AWAY,,,Y,"OVER $1,500",9/9/2019 4:10,DISREGARDING TRAFFIC SIGNALS,NOT APPLICABLE,4501,S,KEDZIE AVE,922,,,,,,,2,NO INDICATION OF INJURY,0,0,0,0,0,2,0,4,2,9,41.81160777,-87.70396395,POINT (-87.703963944953 41.811607767459)
JC426143,,9/9/2019 4:00,30,TRAFFIC SIGNAL,FUNCTIONING PROPERLY,CLEAR,DAWN,REAR END,DIVIDED - W/MEDIAN (NOT RAISED),,STRAIGHT AND LEVEL,DRY,NO DEFECTS,NOT ON SCENE (DESK REPORT),NO INJURY / DRIVE AWAY,,,Y,"$501 - $1,500",9/9/2019 14:45,FOLLOWING TOO CLOSELY,UNABLE TO DETERMINE,3700,W,26TH ST,1013,,,,,,,2,NO INDICATION OF INJURY,0,0,0,0,0,2,0,4,2,9,41.84445912,-87.71729686,POINT (-87.717296862203 41.844459117141)
JC425544,,9/9/2019 3:33,30,NO CONTROLS,NO CONTROLS,RAIN,DAWN,FIXED OBJECT,UNKNOWN,,"CURVE, LEVEL",WET,NO DEFECTS,ON SCENE,INJURY AND / OR TOW DUE TO CRASH,N,,,"OVER $1,500",9/9/2019 3:33,UNABLE TO DETERMINE,NOT APPLICABLE,2449,W,31ST BLVD,1034,,,,,,,1,NO INDICATION OF INJURY,0,0,0,0,0,1,0,3,2,9,41.83818768,-87.68680522,POINT (-87.686805220699 41.838187679607)
JC425543,,9/9/2019 3:30,25,NO CONTROLS,NO CONTROLS,CLEAR,DARKNESS,PARKED MOTOR VEHICLE,NOT DIVIDED,,STRAIGHT AND LEVEL,DRY,NO DEFECTS,ON SCENE,INJURY AND / OR TOW DUE TO CRASH,,,,"$501 - $1,500",9/9/2019 3:33,DISTRACTION - FROM OUTSIDE VEHICLE,NOT APPLICABLE,7520,S,COLES AVE,421,,,,,,,2,INCAPACITATING INJURY,1,0,1,0,0,0,0,3,2,9,41.75926823,-87.55822308,POINT (-87.558223083102 41.759268229299)
JC427777,,9/9/2019 3:00,30,NO CONTROLS,NO CONTROLS,CLEAR,UNKNOWN,PARKED MOTOR VEHICLE,NOT DIVIDED,,STRAIGHT AND LEVEL,UNKNOWN,UNKNOWN,ON SCENE,INJURY AND / OR TOW DUE TO CRASH,,,Y,"OVER $1,500",9/10/2019 16:13,UNABLE TO DETERMINE,UNABLE TO DETERMINE,458,N,NOBLE ST,1215,,,,,,,2,NO INDICATION OF INJURY,0,0,0,0,0,1,0,3,2,9,41.89057679,-87.66239868,POINT (-87.66239867946 41.890576793152)
JC425538,,9/9/2019 2:50,30,TRAFFIC SIGNAL,FUNCTIONING PROPERLY,CLEAR,"DARKNESS, LIGHTED ROAD",TURNING,NOT DIVIDED,,STRAIGHT AND LEVEL,DRY,NO DEFECTS,ON SCENE,NO INJURY / DRIVE AWAY,Y,,Y,"OVER $1,500",9/9/2019 2:56,UNABLE TO DETERMINE,UNABLE TO DETERMINE,3000,W,CHICAGO AVE,1211,,,,,,,2,NO INDICATION OF INJURY,0,0,0,0,0,2,0,2,2,9,41.89570453,-87.70221852,POINT (-87.702218523538 41.895704524946)
JC425585,,9/9/2019 2:40,30,NO CONTROLS,NO CONTROLS,CLEAR,"DARKNESS, LIGHTED ROAD",REAR TO FRONT,NOT DIVIDED,,STRAIGHT AND LEVEL,DRY,NO DEFECTS,NOT ON SCENE (DESK REPORT),NO INJURY / DRIVE AWAY,,,,$500 OR LESS,9/9/2019 6:40,IMPROPER BACKING,UNABLE TO DETERMINE,911,W,ROSCOE ST,1924,,,,,,,2,NO INDICATION OF INJURY,0,0,0,0,0,2,0,2,2,9,41.94346148,-87.65241269,POINT (-87.652412692072 41.943461479051)
JC426204,,9/9/2019 2:00,10,NO CONTROLS,NO CONTROLS,CLOUDY/OVERCAST,DAYLIGHT,TURNING,NOT DIVIDED,,STRAIGHT AND LEVEL,DRY,NO DEFECTS,NOT ON SCENE (DESK REPORT),INJURY AND / OR TOW DUE TO CRASH,,,Y,"OVER $1,500",9/9/2019 15:00,UNABLE TO DETERMINE,NOT APPLICABLE,10500,S,COTTAGE GROVE AVE,512,,,,,,,2,NONINCAPACITATING INJURY,2,0,0,2,0,1,0,2,2,9,41.70372909,-87.60750831,POINT (-87.607508312154 41.703729088417)
JC425852,Y,9/9/2019 2:00,15,NO CONTROLS,NO CONTROLS,RAIN,"DARKNESS, LIGHTED ROAD",PARKED MOTOR VEHICLE,ONE-WAY,,STRAIGHT AND LEVEL,WET,UNKNOWN,NOT ON SCENE (DESK REPORT),NO INJURY / DRIVE AWAY,,,Y,"OVER $1,500",9/9/2019 11:20,UNABLE TO DETERMINE,NOT APPLICABLE,6800,S,INDIANA AVE,322,,,,,,,2,NO INDICATION OF INJURY,0,0,0,0,0,1,0,2,2,9,41.77097108,-87.62040348,POINT (-87.620403483647 41.77097108357)
JC425668,,9/9/2019 2:00,30,STOP SIGN/FLASHER,FUNCTIONING PROPERLY,CLEAR,"DARKNESS, LIGHTED ROAD",PARKED MOTOR VEHICLE,ONE-WAY,,STRAIGHT AND LEVEL,DRY,NO DEFECTS,ON SCENE,NO INJURY / DRIVE AWAY,Y,,Y,"$501 - $1,500",9/9/2019 8:23,UNABLE TO DETERMINE,UNABLE TO DETERMINE,2051,E,69TH ST,331,,,,,,,2,NO INDICATION OF INJURY,0,0,0,0,0,1,0,2,2,9,41.76971433,-87.5743504,POINT (-87.574350399854 41.769714330337)
JC425518,,9/9/2019 1:28,30,TRAFFIC SIGNAL,FUNCTIONING PROPERLY,CLEAR,"DARKNESS, LIGHTED ROAD",FIXED OBJECT,NOT DIVIDED,,STRAIGHT AND LEVEL,DRY,NO DEFECTS,ON SCENE,INJURY AND / OR TOW DUE TO CRASH,,,,"OVER $1,500",9/9/2019 1:28,PHYSICAL CONDITION OF DRIVER,NOT APPLICABLE,246,S,KOSTNER AVE,1113,,,,,,,1,INCAPACITATING INJURY,2,0,1,1,0,1,0,1,2,9,41.87700845,-87.73549752,POINT (-87.735497517204 41.877008454134)
JC428128,,9/9/2019 1:00,30,NO CONTROLS,NO CONTROLS,CLEAR,"DARKNESS, LIGHTED ROAD",HEAD ON,NOT DIVIDED,,STRAIGHT AND LEVEL,DRY,NO DEFECTS,NOT ON SCENE (DESK REPORT),NO INJURY / DRIVE AWAY,,,,"OVER $1,500",9/10/2019 20:30,UNABLE TO DETERMINE,UNABLE TO DETERMINE,5249,S,ST LOUIS AVE,822,,,,,,,2,NO INDICATION OF INJURY,0,0,0,0,0,2,0,1,2,9,41.79743771,-87.71086683,POINT (-87.710866826379 41.797437714029)
JC425519,,9/9/2019 0:52,35,NO CONTROLS,NO CONTROLS,CLEAR,DARKNESS,PARKED MOTOR VEHICLE,ALLEY,,STRAIGHT AND LEVEL,DRY,NO DEFECTS,NOT ON SCENE (DESK REPORT),NO INJURY / DRIVE AWAY,,,,"$501 - $1,500",9/9/2019 0:54,"OPERATING VEHICLE IN ERRATIC, RECKLESS, CARELESS, NEGLIGENT OR AGGRESSIVE MANNER",NOT APPLICABLE,935,N,KARLOV AVE,1111,,,,,,,2,NO INDICATION OF INJURY,0,0,0,0,0,1,0,0,2,9,41.89821418,-87.7284858,POINT (-87.728485794891 41.898214175095)
JC425459,,9/9/2019 0:33,30,STOP SIGN/FLASHER,FUNCTIONING PROPERLY,CLEAR,"DARKNESS, LIGHTED ROAD",REAR END,NOT DIVIDED,,STRAIGHT AND LEVEL,DRY,NO DEFECTS,ON SCENE,INJURY AND / OR TOW DUE TO CRASH,Y,,,"$501 - $1,500",9/9/2019 0:35,FAILING TO REDUCE SPEED TO AVOID CRASH,UNABLE TO DETERMINE,300,N,DAMEN AVE,1223,,,,,,,2,NONINCAPACITATING INJURY,1,0,0,1,0,1,0,0,2,9,41.88681461,-87.67693994,POINT (-87.676939939027 41.886814612521)
JC428299,Y,9/9/2019 0:30,25,NO CONTROLS,NO CONTROLS,UNKNOWN,UNKNOWN,PARKED MOTOR VEHICLE,DIVIDED - W/MEDIAN (NOT RAISED),,STRAIGHT AND LEVEL,UNKNOWN,UNKNOWN,NOT ON SCENE (DESK REPORT),NO INJURY / DRIVE AWAY,,,Y,"OVER $1,500",9/10/2019 23:45,UNABLE TO DETERMINE,UNABLE TO DETERMINE,437,E,41ST ST,214,,,,,,,2,NO INDICATION OF INJURY,0,0,0,0,0,1,0,0,2,9,41.82014939,-87.61522922,POINT (-87.615229221404 41.82014938563)
JC425478,,9/9/2019 0:09,30,NO CONTROLS,NO CONTROLS,CLEAR,"DARKNESS, LIGHTED ROAD",HEAD ON,ONE-WAY,,STRAIGHT AND LEVEL,DRY,NO DEFECTS,ON SCENE,INJURY AND / OR TOW DUE TO CRASH,,,Y,"OVER $1,500",9/9/2019 0:26,DISREGARDING OTHER TRAFFIC SIGNS,NOT APPLICABLE,6919,S,INDIANA AVE,322,,,,,,,3,NO INDICATION OF INJURY,0,0,0,0,0,2,0,0,2,9,41.76864396,-87.62004861,POINT (-87.620048613811 41.768643955081)
JC425476,,9/9/2019 0:04,30,NO CONTROLS,NO CONTROLS,CLEAR,"DARKNESS, LIGHTED ROAD",FIXED OBJECT,NOT DIVIDED,,STRAIGHT AND LEVEL,UNKNOWN,UNKNOWN,ON SCENE,NO INJURY / DRIVE AWAY,,,,"OVER $1,500",9/9/2019 0:04,NOT APPLICABLE,NOT APPLICABLE,100,S,SPAULDING AVE,1124,,,,,,,1,NO INDICATION OF INJURY,0,0,0,0,0,2,0,0,2,9,41.87955993,-87.70860676,POINT (-87.708606762751 41.87955992892)
JC425462,,9/8/2019 23:46,30,NO CONTROLS,NO CONTROLS,CLEAR,"DARKNESS, LIGHTED ROAD",PARKED MOTOR VEHICLE,NOT DIVIDED,,STRAIGHT AND LEVEL,DRY,NO DEFECTS,ON SCENE,INJURY AND / OR TOW DUE TO CRASH,,,Y,"OVER $1,500",9/8/2019 23:48,UNABLE TO DETERMINE,UNABLE TO DETERMINE,4713,W,BELMONT AVE,2521,,,,,,,3,NO INDICATION OF INJURY,0,0,0,0,0,1,0,23,1,9,41.93874377,-87.74492897,POINT (-87.74492897237 41.938743774355)
JC425498,,9/8/2019 23:45,35,OTHER,OTHER,CLEAR,DARKNESS,PARKED MOTOR VEHICLE,NOT DIVIDED,,STRAIGHT AND LEVEL,DRY,NO DEFECTS,NOT ON SCENE (DESK REPORT),NO INJURY / DRIVE AWAY,,,,"OVER $1,500",9/9/2019 0:30,UNABLE TO DETERMINE,UNABLE TO DETERMINE,3506,W,LE MOYNE ST,1422,,,,,,,2,NO INDICATION OF INJURY,0,0,0,0,0,1,0,23,1,9,41.90830538,-87.71465123,POINT (-87.714651225819 41.908305377871)
JC425464,,9/8/2019 23:45,30,NO CONTROLS,NO CONTROLS,CLEAR,"DARKNESS, LIGHTED ROAD",PARKED MOTOR VEHICLE,DIVIDED - W/MEDIAN (NOT RAISED),,STRAIGHT AND LEVEL,DRY,NO DEFECTS,NOT ON SCENE (DESK REPORT),NO INJURY / DRIVE AWAY,,,Y,"$501 - $1,500",9/8/2019 23:57,UNABLE TO DETERMINE,FAILING TO REDUCE SPEED TO AVOID CRASH,2502,S,CENTRAL PARK AVE,1013,,,,,,,2,NO INDICATION OF INJURY,0,0,0,0,0,1,0,23,1,9,41.8460694,-87.71498331,POINT (-87.714983312419 41.846069397749)