RD_NO,CRASH_DATE_EST_I,CRASH_DATE,POSTED_SPEED_LIMIT,TRAFFIC_CONTROL_DEVICE,DEVICE_CONDITION,WEATHER_CONDITION,LIGHTING_CONDITION,FIRST_CRASH_TYPE,TRAFFICWAY_TYPE,LANE_CNT,ALIGNMENT,ROADWAY_SURFACE_COND,ROAD_DEFECT,REPORT_TYPE,CRASH_TYPE,INTERSECTION_RELATED_I,NOT_RIGHT_OF_WAY_I,HIT_AND_RUN_I,DAMAGE,DATE_POLICE_NOTIFIED,PRIM_CONTRIBUTORY_CAUSE,SEC_CONTRIBUTORY_CAUSE,STREET_NO,STREET_DIRECTION,STREET_NAME,BEAT_OF_OCCURRENCE,PHOTOS_TAKEN_I,STATEMENTS_TAKEN_I,DOORING_I,WORK_ZONE_I,WORK_ZONE_TYPE,WORKERS_PRESENT_I,NUM_UNITS,MOST_SEVERE_INJURY,INJURIES_TOTAL,INJURIES_FATAL,INJURIES_INCAPACITATING,INJURIES_NON_INCAPACITATING,INJURIES_REPORTED_NOT_EVIDENT,INJURIES_NO_INDICATION,INJURIES_UNKNOWN,CRASH_HOUR,CRASH_DAY_OF_WEEK,CRASH_MONTH,LATITUDE,LONGITUDE,LOCATION
JC425456,,9/8/2019 23:45,30,NO CONTROLS,NO CONTROLS,CLEAR,DARKNESS,PARKED MOTOR VEHICLE,DIVIDED - W/MEDIAN (NOT RAISED),,STRAIGHT AND LEVEL,DRY,NO DEFECTS,ON SCENE,INJURY AND / OR TOW DUE TO CRASH,,,,"OVER $1,500",9/8/2019 23:45,DISTRACTION - FROM OUTSIDE VEHICLE,NOT APPLICABLE,4137,N,KIMBALL AVE,1724,,,,,,,2,NO INDICATION OF INJURY,0,0,0,0,0,1,0,23,1,9,41.95681371,-87.71285676,POINT (-87.712856756768 41.956813706487)
JC428019,,9/8/2019 23:30,35,TRAFFIC SIGNAL,FUNCTIONING PROPERLY,CLEAR,DARKNESS,REAR END,NOT DIVIDED,,STRAIGHT AND LEVEL,DRY,NO DEFECTS,NOT ON SCENE (DESK REPORT),NO INJURY / DRIVE AWAY,,,,"OVER $1,500",9/10/2019 19:05,FAILING TO REDUCE SPEED TO AVOID CRASH,NOT APPLICABLE,3220,W,COLUMBUS AVE,835,,,,,,,2,NO INDICATION OF INJURY,0,0,0,0,0,4,0,23,1,9,41.75015323,-87.70319152,POINT (-87.703191517038 41.750153225207)
JC425442,,9/8/2019 23:25,35,NO CONTROLS,NO CONTROLS,CLEAR,"DARKNESS, LIGHTED ROAD",FIXED OBJECT,FOUR WAY,,STRAIGHT AND LEVEL,DRY,NO DEFECTS,ON SCENE,INJURY AND / OR TOW DUE TO CRASH,Y,,,"$501 - $1,500",9/8/2019 23:30,UNABLE TO DETERMINE,UNABLE TO DETERMINE,8299,S,ESSEX AVE,423,,,,,,,1,"REPORTED, NOT EVIDENT",1,0,0,0,1,0,0,23,1,9,41.74458436,-87.56354817,POINT (-87.563548167762 41.744584355026)
JC425445,,9/8/2019 23:06,30,NO CONTROLS,NO CONTROLS,CLEAR,"DARKNESS, LIGHTED ROAD",PARKED MOTOR VEHICLE,DIVIDED - W/MEDIAN (NOT RAISED),,STRAIGHT AND LEVEL,DRY,NO DEFECTS,ON SCENE,NO INJURY / DRIVE AWAY,,,Y,"$501 - $1,500",9/8/2019 23:06,"OPERATING VEHICLE IN ERRATIC, RECKLESS, CARELESS, NEGLIGENT OR AGGRESSIVE MANNER",UNDER THE INFLUENCE OF ALCOHOL/DRUGS (USE WHEN ARREST IS EFFECTED),2302,W,CULLERTON ST,1234,,,,,,,2,NO INDICATION OF INJURY,0,0,0,0,0,1,0,23,1,9,41.85492981,-87.68347061,POINT (-87.683470611019 41.854929814212)
JC425436,,9/8/2019 22:52,30,NO CONTROLS,NO CONTROLS,CLEAR,"DARKNESS, LIGHTED ROAD",PARKED MOTOR VEHICLE,PARKING LOT,,STRAIGHT AND LEVEL,DRY,NO DEFECTS,NOT ON SCENE (DESK REPORT),NO INJURY / DRIVE AWAY,,N,Y,"OVER $1,500",9/8/2019 22:52,UNABLE TO DETERMINE,UNABLE TO DETERMINE,3520,W,LAWRENCE AVE,1712,,,,,,,2,NO INDICATION OF INJURY,0,0,0,0,0,1,0,22,1,9,41.9684761,-87.71678968,POINT (-87.716789678035 41.968476103317)
JC425440,,9/8/2019 22:45,30,NO CONTROLS,NO CONTROLS,CLEAR,DUSK,PARKED MOTOR VEHICLE,NOT DIVIDED,,STRAIGHT AND LEVEL,DRY,NO DEFECTS,ON SCENE,INJURY AND / OR TOW DUE TO CRASH,,,Y,"OVER $1,500",9/8/2019 23:15,UNABLE TO DETERMINE,UNABLE TO DETERMINE,4134,W,ROSCOE ST,1731,,,,,,,4,NO INDICATION OF INJURY,0,0,0,0,0,4,0,22,1,9,41.94279259,-87.73123647,POINT (-87.731236472813 41.942792587381)
JC425426,,9/8/2019 22:30,35,TRAFFIC SIGNAL,FUNCTIONING PROPERLY,CLEAR,"DARKNESS, LIGHTED ROAD",SIDESWIPE OPPOSITE DIRECTION,NOT DIVIDED,,STRAIGHT AND LEVEL,DRY,NO DEFECTS,NOT ON SCENE (DESK REPORT),NO INJURY / DRIVE AWAY,Y,,Y,"OVER $1,500",9/8/2019 22:50,UNABLE TO DETERMINE,UNABLE TO DETERMINE,2601,W,59TH ST,824,,,,,,,2,NO INDICATION OF INJURY,0,0,0,0,0,2,0,22,1,9,41.78637634,-87.68877651,POINT (-87.688776514026 41.78637634321)
JC425418,,9/8/2019 22:30,30,NO CONTROLS,NO CONTROLS,CLEAR,"DARKNESS, LIGHTED ROAD",SIDESWIPE SAME DIRECTION,NOT DIVIDED,,STRAIGHT AND LEVEL,DRY,NO DEFECTS,NOT ON SCENE (DESK REPORT),NO INJURY / DRIVE AWAY,,,Y,"$501 - $1,500",9/8/2019 22:50,IMPROPER OVERTAKING/PASSING,NOT APPLICABLE,4420,N,KIMBALL AVE,1723,,,,,,,2,NO INDICATION OF INJURY,0,0,0,0,0,2,0,22,1,9,41.96178436,-87.71330678,POINT (-87.713306779875 41.961784359632)
JC425406,,9/8/2019 22:20,30,NO CONTROLS,NO CONTROLS,CLEAR,"DARKNESS, LIGHTED ROAD",PARKED MOTOR VEHICLE,DIVIDED - W/MEDIAN BARRIER,,STRAIGHT AND LEVEL,DRY,NO DEFECTS,NOT ON SCENE (DESK REPORT),NO INJURY / DRIVE AWAY,,,,"$501 - $1,500",9/8/2019 22:45,IMPROPER BACKING,NOT APPLICABLE,1068,W,TAYLOR ST,1232,,,,,,,2,NO INDICATION OF INJURY,0,0,0,0,0,1,0,22,1,9,41.86957531,-87.65375913,POINT (-87.653759131359 41.869575305104)
JC425405,,9/8/2019 22:13,35,STOP SIGN/FLASHER,FUNCTIONING PROPERLY,CLEAR,DAYLIGHT,FIXED OBJECT,ONE-WAY,,STRAIGHT AND LEVEL,DRY,NO DEFECTS,ON SCENE,NO INJURY / DRIVE AWAY,Y,,,"OVER $1,500",9/8/2019 22:13,IMPROPER BACKING,IMPROPER BACKING,827,W,81ST ST,613,,,,,,,1,NO INDICATION OF INJURY,0,0,0,0,0,1,0,22,1,9,41.74687053,-87.64508535,POINT (-87.645085354397 41.746870532793)
JC425821,,9/8/2019 22:00,30,NO CONTROLS,NO CONTROLS,UNKNOWN,UNKNOWN,PARKED MOTOR VEHICLE,ONE-WAY,,STRAIGHT AND LEVEL,UNKNOWN,UNKNOWN,NOT ON SCENE (DESK REPORT),NO INJURY / DRIVE AWAY,,,Y,"$501 - $1,500",9/9/2019 10:47,UNABLE TO DETERMINE,NOT APPLICABLE,7611,S,CLYDE AVE,414,,,,,,,2,NO INDICATION OF INJURY,0,0,0,0,0,1,0,22,1,9,41.75671675,-87.57350478,POINT (-87.57350478395 41.756716751399)
JC425794,,9/8/2019 22:00,30,NO CONTROLS,NO CONTROLS,UNKNOWN,UNKNOWN,PARKED MOTOR VEHICLE,ONE-WAY,,STRAIGHT AND LEVEL,UNKNOWN,UNKNOWN,ON SCENE,NO INJURY / DRIVE AWAY,,,Y,"$501 - $1,500",9/9/2019 10:25,IMPROPER BACKING,UNABLE TO DETERMINE,6707,S,CREGIER AVE,332,,,,,,,2,NO INDICATION OF INJURY,0,0,0,0,0,1,0,22,1,9,41.77313224,-87.58126193,POINT (-87.581261931971 41.773132241221)
JC425393,,9/8/2019 21:50,45,NO CONTROLS,NO CONTROLS,CLEAR,"DARKNESS, LIGHTED ROAD",SIDESWIPE SAME DIRECTION,DIVIDED - W/MEDIAN BARRIER,,STRAIGHT ON GRADE,DRY,NO DEFECTS,ON SCENE,NO INJURY / DRIVE AWAY,,,,"$501 - $1,500",9/8/2019 22:00,UNABLE TO DETERMINE,UNABLE TO DETERMINE,2700,S,LAKE SHORE DR NB,133,,,,,,,2,NO INDICATION OF INJURY,0,0,0,0,0,2,0,21,1,9,41.84446566,-87.61096423,POINT (-87.610964233651 41.844465655528)
JC425364,,9/8/2019 21:38,30,TRAFFIC SIGNAL,FUNCTIONING PROPERLY,CLEAR,"DARKNESS, LIGHTED ROAD",REAR END,DIVIDED - W/MEDIAN (NOT RAISED),,STRAIGHT AND LEVEL,DRY,NO DEFECTS,ON SCENE,NO INJURY / DRIVE AWAY,,,,"OVER $1,500",9/8/2019 21:40,FAILING TO REDUCE SPEED TO AVOID CRASH,UNABLE TO DETERMINE,6731,N,RIDGE BLVD,2432,,,,,,,2,NO INDICATION OF INJURY,0,0,0,0,0,5,0,21,1,9,42.00425563,-87.67958051,POINT (-87.679580506286 42.004255634308)
JC425371,,9/8/2019 21:35,0,NO CONTROLS,NO CONTROLS,CLEAR,"DARKNESS, LIGHTED ROAD",REAR END,NOT DIVIDED,,STRAIGHT AND LEVEL,DRY,NO DEFECTS,ON SCENE,NO INJURY / DRIVE AWAY,,,,$500 OR LESS,9/8/2019 21:38,FOLLOWING TOO CLOSELY,NOT APPLICABLE,1216,W,VICTORIA ST,2013,,,,,,,2,NO INDICATION OF INJURY,0,0,0,0,0,2,0,21,1,9,41.9870503,-87.66094729,POINT (-87.660947286288 41.987050298254)
JC425702,,9/8/2019 21:30,30,NO CONTROLS,NO CONTROLS,CLEAR,"DARKNESS, LIGHTED ROAD",SIDESWIPE SAME DIRECTION,ONE-WAY,,STRAIGHT AND LEVEL,DRY,NO DEFECTS,NOT ON SCENE (DESK REPORT),NO INJURY / DRIVE AWAY,,,,$500 OR LESS,9/9/2019 9:00,UNABLE TO DETERMINE,UNABLE TO DETERMINE,1410,S,MUSEUM CAMPUS DR,132,,,,,,,2,NO INDICATION OF INJURY,0,0,0,0,0,3,0,21,1,9,41.86262829,-87.61503109,POINT (-87.615031094113 41.862628294038)
JC425358,Y,9/8/2019 21:30,30,TRAFFIC SIGNAL,FUNCTIONING PROPERLY,CLEAR,"DARKNESS, LIGHTED ROAD",PARKED MOTOR VEHICLE,DIVIDED - W/MEDIAN (NOT RAISED),,STRAIGHT AND LEVEL,DRY,NO DEFECTS,ON SCENE,INJURY AND / OR TOW DUE TO CRASH,,,,"OVER $1,500",9/8/2019 21:44,UNABLE TO DETERMINE,NOT APPLICABLE,1402,W,GRAND AVE,1215,,,,,,,3,NO INDICATION OF INJURY,0,0,0,0,0,1,0,21,1,9,41.89113618,-87.66242943,POINT (-87.662429428303 41.891136177563)
JC425368,,9/8/2019 21:25,30,NO CONTROLS,NO CONTROLS,CLEAR,"DARKNESS, LIGHTED ROAD",PARKED MOTOR VEHICLE,DIVIDED - W/MEDIAN (NOT RAISED),,STRAIGHT AND LEVEL,DRY,NO DEFECTS,ON SCENE,INJURY AND / OR TOW DUE TO CRASH,,,,"OVER $1,500",9/8/2019 21:29,FAILING TO REDUCE SPEED TO AVOID CRASH,UNABLE TO DETERMINE,6111,W,63RD ST,812,,,,,,,3,NONINCAPACITATING INJURY,1,0,0,1,0,0,0,21,1,9,41.77769739,-87.77438776,POINT (-87.774387756253 41.777697388555)
JC425367,,9/8/2019 21:23,25,STOP SIGN/FLASHER,FUNCTIONING PROPERLY,CLEAR,"DARKNESS, LIGHTED ROAD",REAR END,NOT DIVIDED,,STRAIGHT AND LEVEL,DRY,NO DEFECTS,NOT ON SCENE (DESK REPORT),NO INJURY / DRIVE AWAY,,,,"$501 - $1,500",9/8/2019 21:45,FOLLOWING TOO CLOSELY,NOT APPLICABLE,4600,W,WILSON AVE,1722,,,,,,,2,NO INDICATION OF INJURY,0,0,0,0,0,4,0,21,1,9,41.96453937,-87.7427872,POINT (-87.742787195995 41.964539372844)
JC425321,,9/8/2019 20:50,30,TRAFFIC SIGNAL,FUNCTIONING PROPERLY,CLEAR,"DARKNESS, LIGHTED ROAD",REAR END,NOT DIVIDED,,STRAIGHT AND LEVEL,DRY,NO DEFECTS,NOT ON SCENE (DESK REPORT),NO INJURY / DRIVE AWAY,,,,$500 OR LESS,9/8/2019 21:00,UNABLE TO DETERMINE,NOT APPLICABLE,500,W,MADISON ST,121,,,,,,,2,NO INDICATION OF INJURY,0,0,0,0,0,2,0,20,1,9,41.88199434,-87.63975869,POINT (-87.639758684881 41.881994338205)
JC425315,,9/8/2019 20:45,25,NO CONTROLS,NO CONTROLS,CLEAR,"DARKNESS, LIGHTED ROAD",PARKED MOTOR VEHICLE,NOT DIVIDED,,STRAIGHT AND LEVEL,DRY,NO DEFECTS,ON SCENE,NO INJURY / DRIVE AWAY,,,,"$501 - $1,500",9/8/2019 21:00,UNABLE TO DETERMINE,UNABLE TO DETERMINE,2811,W,47TH ST,922,,,,,,,2,NO INDICATION OF INJURY,0,0,0,0,0,1,0,20,1,9,41.80816378,-87.69465618,POINT (-87.69465617485 41.808163781634)
JC435200,,9/8/2019 20:36,25,NO CONTROLS,NO CONTROLS,CLEAR,DARKNESS,PARKED MOTOR VEHICLE,ONE-WAY,,STRAIGHT AND LEVEL,DRY,NO DEFECTS,NOT ON SCENE (DESK REPORT),NO INJURY / DRIVE AWAY,,,Y,"OVER $1,500",9/16/2019 7:15,UNABLE TO DETERMINE,UNABLE TO DETERMINE,2932,W,62ND ST,823,,,,,,,2,NO INDICATION OF INJURY,0,0,0,0,0,1,0,20,1,9,41.78099203,-87.6971615,POINT (-87.697161503138 41.780992031168)
JC425302,,9/8/2019 20:30,30,STOP SIGN/FLASHER,NO CONTROLS,CLEAR,DARKNESS,ANGLE,NOT DIVIDED,,STRAIGHT AND LEVEL,DRY,NO DEFECTS,ON SCENE,INJURY AND / OR TOW DUE TO CRASH,Y,Y,,"OVER $1,500",9/8/2019 20:45,FAILING TO YIELD RIGHT-OF-WAY,UNABLE TO DETERMINE,4299,W,59TH ST,813,,,,,,,2,NONINCAPACITATING INJURY,2,0,0,2,0,1,0,20,1,9,41.7857523,-87.73023826,POINT (-87.730238258427 41.785752297479)
JC425359,,9/8/2019 20:26,15,NO CONTROLS,NO CONTROLS,CLEAR,"DARKNESS, LIGHTED ROAD",PARKED MOTOR VEHICLE,PARKING LOT,,STRAIGHT AND LEVEL,DRY,NO DEFECTS,NOT ON SCENE (DESK REPORT),NO INJURY / DRIVE AWAY,,,,"$501 - $1,500",9/8/2019 21:45,UNABLE TO DETERMINE,UNABLE TO DETERMINE,4660,W,IRVING PARK RD,1722,,,,,,,2,NO INDICATION OF INJURY,0,0,0,0,0,1,0,20,1,9,41.95355444,-87.74505531,POINT (-87.745055311195 41.953554438404)
JC425350,,9/8/2019 20:26,15,NO CONTROLS,NO CONTROLS,CLEAR,DAYLIGHT,PARKED MOTOR VEHICLE,PARKING LOT,,STRAIGHT AND LEVEL,DRY,NO DEFECTS,NOT ON SCENE (DESK REPORT),NO INJURY / DRIVE AWAY,,,Y,$500 OR LESS,9/8/2019 20:45,UNABLE TO DETERMINE,UNABLE TO DETERMINE,4660,W,IRVING PARK RD,1722,,,,,,,2,NO INDICATION OF INJURY,0,0,0,0,0,1,0,20,1,9,41.95355444,-87.74505531,POINT (-87.745055311195 41.953554438404)
JC426238,,9/8/2019 20:20,25,TRAFFIC SIGNAL,FUNCTIONING PROPERLY,CLEAR,DARKNESS,REAR END,NOT DIVIDED,,STRAIGHT AND LEVEL,DRY,NO DEFECTS,NOT ON SCENE (DESK REPORT),NO INJURY / DRIVE AWAY,Y,,Y,"OVER $1,500",9/9/2019 16:01,FAILING TO REDUCE SPEED TO AVOID CRASH,NOT APPLICABLE,100,E,ROOSEVELT RD,114,,,,,,,3,NO INDICATION OF INJURY,0,0,0,0,0,4,0,20,1,9,41.86756654,-87.62409418,POINT (-87.624094174802 41.867566540607)
JC425341,N,9/8/2019 20:15,30,NO CONTROLS,NO CONTROLS,CLEAR,"DARKNESS, LIGHTED ROAD",TURNING,DIVIDED - W/MEDIAN (NOT RAISED),,STRAIGHT AND LEVEL,DRY,NO DEFECTS,,NO INJURY / DRIVE AWAY,,,,"OVER $1,500",9/8/2019 21:30,IMPROPER OVERTAKING/PASSING,NOT APPLICABLE,2608,N,WESTERN AVE,1411,,,,,,,2,NO INDICATION OF INJURY,0,0,0,0,0,5,0,20,1,9,41.92897155,-87.68793286,POINT (-87.687932857627 41.928971545659)
JC425307,,9/8/2019 20:03,30,STOP SIGN/FLASHER,FUNCTIONING PROPERLY,CLEAR,"DARKNESS, LIGHTED ROAD",ANGLE,NOT DIVIDED,,STRAIGHT AND LEVEL,DRY,NO DEFECTS,ON SCENE,INJURY AND / OR TOW DUE TO CRASH,Y,,,"OVER $1,500",9/8/2019 20:05,FAILING TO YIELD RIGHT-OF-WAY,"VISION OBSCURED (SIGNS, TREE LIMBS, BUILDINGS, ETC.)",4600,W,WASHINGTON BLVD,1113,,,,,,,2,NO INDICATION OF INJURY,0,0,0,0,0,2,0,20,1,9,41.88198444,-87.74016301,POINT (-87.740163011434 41.881984434835)
JC425298,,9/8/2019 20:02,30,NO CONTROLS,NO CONTROLS,CLEAR,"DARKNESS, LIGHTED ROAD",REAR END,NOT DIVIDED,,STRAIGHT AND LEVEL,DRY,UNKNOWN,ON SCENE,INJURY AND / OR TOW DUE TO CRASH,,,,"OVER $1,500",9/8/2019 20:02,FOLLOWING TOO CLOSELY,FAILING TO REDUCE SPEED TO AVOID CRASH,4920,N,CICERO AVE,1623,,Y,,,,,2,NONINCAPACITATING INJURY,1,0,0,1,0,1,0,20,1,9,41.97048124,-87.74802962,POINT (-87.748029615281 41.970481234961)
JC425286,,9/8/2019 20:02,30,NO CONTROLS,NO CONTROLS,CLEAR,DUSK,PARKED MOTOR VEHICLE,ALLEY,,STRAIGHT AND LEVEL,DRY,NO DEFECTS,ON SCENE,NO INJURY / DRIVE AWAY,,,,$500 OR LESS,9/8/2019 20:25,IMPROPER BACKING,NOT APPLICABLE,1104,N,WOLCOTT AVE,1212,,,,,,,2,NO INDICATION OF INJURY,0,0,0,0,0,1,0,20,1,9,41.90158692,-87.67491886,POINT (-87.674918856856 41.901586916695)
JC425292,,9/8/2019 20:00,5,NO CONTROLS,NO CONTROLS,CLEAR,DARKNESS,PARKED MOTOR VEHICLE,PARKING LOT,,STRAIGHT AND LEVEL,DRY,NO DEFECTS,ON SCENE,INJURY AND / OR TOW DUE TO CRASH,,,Y,"OVER $1,500",9/8/2019 20:10,UNABLE TO DETERMINE,UNABLE TO DETERMINE,1538,E,54TH ST,234,,,,,,,4,NO INDICATION OF INJURY,0,0,0,0,0,1,0,20,1,9,41.79820295,-87.58765106,POINT (-87.587651063332 41.798202951291)
JC425274,,9/8/2019 20:00,30,TRAFFIC SIGNAL,FUNCTIONING PROPERLY,CLEAR,"DARKNESS, LIGHTED ROAD",REAR END,DIVIDED - W/MEDIAN (NOT RAISED),,STRAIGHT AND LEVEL,DRY,NO DEFECTS,ON SCENE,NO INJURY / DRIVE AWAY,Y,,,"$501 - $1,500",9/8/2019 20:02,FOLLOWING TOO CLOSELY,NOT APPLICABLE,3957,W,CERMAK RD,1013,,,,,,,2,NO INDICATION OF INJURY,0,0,0,0,0,2,0,20,1,9,41.85144508,-87.72423799,POINT (-87.724237988415 41.851445075228)
JC425270,,9/8/2019 19:45,35,NO CONTROLS,NO CONTROLS,CLEAR,"DARKNESS, LIGHTED ROAD",REAR END,DIVIDED - W/MEDIAN BARRIER,,"CURVE, LEVEL",DRY,NO DEFECTS,ON SCENE,NO INJURY / DRIVE AWAY,,,,"$501 - $1,500",9/8/2019 19:50,DISTRACTION - FROM OUTSIDE VEHICLE,NOT APPLICABLE,13,W,I190 EXPY,1654,,,,,,,2,NO INDICATION OF INJURY,0,0,0,0,0,2,0,19,1,9,,,
JC425241,,9/8/2019 19:21,30,TRAFFIC SIGNAL,FUNCTIONING PROPERLY,CLEAR,"DARKNESS, LIGHTED ROAD",SIDESWIPE SAME DIRECTION,DIVIDED - W/MEDIAN BARRIER,,STRAIGHT AND LEVEL,DRY,NO DEFECTS,ON SCENE,NO INJURY / DRIVE AWAY,,,,$500 OR LESS,9/8/2019 19:31,UNABLE TO DETERMINE,NOT APPLICABLE,690,S,MICHIGAN AVE,123,,,,,,,2,NO INDICATION OF INJURY,0,0,0,0,0,2,0,19,1,9,41.87322319,-87.62434873,POINT (-87.624348732928 41.873223187237)
JC425351,,9/8/2019 19:05,30,NO CONTROLS,NO CONTROLS,CLEAR,"DARKNESS, LIGHTED ROAD",REAR END,NOT DIVIDED,,STRAIGHT AND LEVEL,DRY,NO DEFECTS,NOT ON SCENE (DESK REPORT),NO INJURY / DRIVE AWAY,,,Y,"$501 - $1,500",9/8/2019 21:20,IMPROPER OVERTAKING/PASSING,FOLLOWING TOO CLOSELY,2851,S,KOSTNER AVE,1031,,,,,,,2,NO INDICATION OF INJURY,0,0,0,0,0,2,0,19,1,9,41.83893125,-87.73398684,POINT (-87.733986842621 41.83893124714)
JC425258,,9/8/2019 19:05,30,TRAFFIC SIGNAL,FUNCTIONING PROPERLY,CLEAR,DUSK,REAR END,DIVIDED - W/MEDIAN BARRIER,,STRAIGHT AND LEVEL,DRY,NO DEFECTS,ON SCENE,INJURY AND / OR TOW DUE TO CRASH,,,,"OVER $1,500",9/8/2019 19:06,FOLLOWING TOO CLOSELY,UNABLE TO DETERMINE,8900,S,STONY ISLAND AVE,413,,,,,,,2,NONINCAPACITATING INJURY,3,0,0,1,2,2,0,19,1,9,41.73318797,-87.5857127,POINT (-87.585712697936 41.733187965898)
JC425226,,9/8/2019 19:04,20,NO CONTROLS,NO CONTROLS,CLEAR,DUSK,SIDESWIPE SAME DIRECTION,ONE-WAY,,"CURVE, LEVEL",DRY,NO DEFECTS,ON SCENE,NO INJURY / DRIVE AWAY,,,,"$501 - $1,500",9/8/2019 19:05,UNABLE TO DETERMINE,NOT APPLICABLE,1,W,TERMINAL ST,1651,,,,,,,2,NO INDICATION OF INJURY,0,0,0,0,0,2,0,19,1,9,,,
JC425282,,9/8/2019 19:00,30,NO CONTROLS,NO CONTROLS,CLEAR,"DARKNESS, LIGHTED ROAD",SIDESWIPE SAME DIRECTION,NOT DIVIDED,,STRAIGHT AND LEVEL,DRY,NO DEFECTS,NOT ON SCENE (DESK REPORT),NO INJURY / DRIVE AWAY,,,Y,$500 OR LESS,9/8/2019 20:20,FAILING TO YIELD RIGHT-OF-WAY,UNABLE TO DETERMINE,300,E,PERSHING RD,212,,,,,,,2,NO INDICATION OF INJURY,0,0,0,0,0,5,0,19,1,9,41.82391537,-87.6191487,POINT (-87.619148701602 41.823915367394)
JC425209,,9/8/2019 18:50,30,NO CONTROLS,NO CONTROLS,CLEAR,DAYLIGHT,PARKED MOTOR VEHICLE,NOT DIVIDED,,STRAIGHT AND LEVEL,DRY,NO DEFECTS,ON SCENE,NO INJURY / DRIVE AWAY,,,,"OVER $1,500",9/8/2019 18:50,UNABLE TO DETERMINE,NOT APPLICABLE,25,S,HOYNE AVE,1223,,,,,,,2,NO INDICATION OF INJURY,0,0,0,0,0,1,0,18,1,9,41.88047514,-87.67892255,POINT (-87.678922550359 41.880475139435)
JC425228,,9/8/2019 18:45,30,TRAFFIC SIGNAL,FUNCTIONING PROPERLY,CLEAR,DAYLIGHT,ANGLE,NOT DIVIDED,,STRAIGHT AND LEVEL,DRY,NO DEFECTS,ON SCENE,INJURY AND / OR TOW DUE TO CRASH,Y,,Y,"OVER $1,500",9/8/2019 18:46,UNABLE TO DETERMINE,UNABLE TO DETERMINE,5700,S,STATE ST,232,,,,,,,2,"REPORTED, NOT EVIDENT",2,0,0,0,2,2,0,18,1,9,41.79095262,-87.62575246,POINT (-87.625752462886 41.790952615603)
JC426890,,9/8/2019 18:30,30,TRAFFIC SIGNAL,FUNCTIONING PROPERLY,CLEAR,DAYLIGHT,SIDESWIPE SAME DIRECTION,NOT DIVIDED,,STRAIGHT AND LEVEL,DRY,NO DEFECTS,NOT ON SCENE (DESK REPORT),NO INJURY / DRIVE AWAY,,,Y,"$501 - $1,500",9/9/2019 22:30,UNABLE TO DETERMINE,NOT APPLICABLE,3414,S,DAMEN AVE,912,,,,,,,2,NO INDICATION OF INJURY,0,0,0,0,0,2,0,18,1,9,41.83183581,-87.67546184,POINT (-87.6754618393 41.831835810861)
JC425870,,9/8/2019 18:30,30,NO CONTROLS,NO CONTROLS,CLEAR,DAYLIGHT,SIDESWIPE OPPOSITE DIRECTION,NOT DIVIDED,,STRAIGHT AND LEVEL,DRY,NO DEFECTS,NOT ON SCENE (DESK REPORT),NO INJURY / DRIVE AWAY,,,Y,"OVER $1,500",9/9/2019 11:25,UNABLE TO DETERMINE,UNABLE TO DETERMINE,4530,W,LAWRENCE AVE,1712,,,,,,,2,NO INDICATION OF INJURY,0,0,0,0,0,2,0,18,1,9,41.96819541,-87.74257109,POINT (-87.742571093412 41.968195406043)
JC425207,,9/8/2019 18:30,30,NO CONTROLS,NO CONTROLS,CLEAR,DAYLIGHT,REAR END,DIVIDED - W/MEDIAN (NOT RAISED),,STRAIGHT AND LEVEL,DRY,UNKNOWN,ON SCENE,INJURY AND / OR TOW DUE TO CRASH,,,,"OVER $1,500",9/8/2019 18:35,FOLLOWING TOO CLOSELY,DRIVING SKILLS/KNOWLEDGE/EXPERIENCE,62,W,KINZIE ST,1831,,Y,,,,,3,NO INDICATION OF INJURY,0,0,0,0,0,3,0,18,1,9,41.88933173,-87.63037083,POINT (-87.630370833604 41.889331726284)
JC425206,,9/8/2019 18:30,30,NO CONTROLS,NO CONTROLS,CLEAR,DAYLIGHT,REAR END,NOT DIVIDED,,STRAIGHT AND LEVEL,DRY,NO DEFECTS,ON SCENE,INJURY AND / OR TOW DUE TO CRASH,,,,"OVER $1,500",9/8/2019 18:37,FAILING TO REDUCE SPEED TO AVOID CRASH,FOLLOWING TOO CLOSELY,4854,W,LAKE ST,1532,,,,,,,3,NONINCAPACITATING INJURY,3,0,0,3,0,1,0,18,1,9,41.8868665,-87.74767124,POINT (-87.747671235852 41.886866502111)
JC425191,,9/8/2019 18:20,30,NO CONTROLS,NO CONTROLS,CLOUDY/OVERCAST,DAYLIGHT,TURNING,NOT DIVIDED,,STRAIGHT AND LEVEL,OTHER,NO DEFECTS,ON SCENE,INJURY AND / OR TOW DUE TO CRASH,,,,"OVER $1,500",9/8/2019 18:22,FAILING TO YIELD RIGHT-OF-WAY,IMPROPER TURNING/NO SIGNAL,5615,N,CLARK ST,2013,,,,,,,4,NO INDICATION OF INJURY,0,0,0,0,0,3,0,18,1,9,41.98398729,-87.66871571,POINT (-87.66871571065 41.983987288115)
JC425171,,9/8/2019 18:20,30,NO CONTROLS,NO CONTROLS,CLEAR,DAYLIGHT,PEDALCYCLIST,NOT DIVIDED,,STRAIGHT AND LEVEL,DRY,NO DEFECTS,ON SCENE,NO INJURY / DRIVE AWAY,,,Y,$500 OR LESS,9/8/2019 18:27,UNABLE TO DETERMINE,UNABLE TO DETERMINE,3337,W,NORTH AVE,1422,,,,,,,2,NO INDICATION OF INJURY,0,0,0,0,0,2,0,18,1,9,41.90995419,-87.71090488,POINT (-87.710904878988 41.90995419194)