RD_NO,CRASH_DATE_EST_I,CRASH_DATE,POSTED_SPEED_LIMIT,TRAFFIC_CONTROL_DEVICE,DEVICE_CONDITION,WEATHER_CONDITION,LIGHTING_CONDITION,FIRST_CRASH_TYPE,TRAFFICWAY_TYPE,LANE_CNT,ALIGNMENT,ROADWAY_SURFACE_COND,ROAD_DEFECT,REPORT_TYPE,CRASH_TYPE,INTERSECTION_RELATED_I,NOT_RIGHT_OF_WAY_I,HIT_AND_RUN_I,DAMAGE,DATE_POLICE_NOTIFIED,PRIM_CONTRIBUTORY_CAUSE,SEC_CONTRIBUTORY_CAUSE,STREET_NO,STREET_DIRECTION,STREET_NAME,BEAT_OF_OCCURRENCE,PHOTOS_TAKEN_I,STATEMENTS_TAKEN_I,DOORING_I,WORK_ZONE_I,WORK_ZONE_TYPE,WORKERS_PRESENT_I,NUM_UNITS,MOST_SEVERE_INJURY,INJURIES_TOTAL,INJURIES_FATAL,INJURIES_INCAPACITATING,INJURIES_NON_INCAPACITATING,INJURIES_REPORTED_NOT_EVIDENT,INJURIES_NO_INDICATION,INJURIES_UNKNOWN,CRASH_HOUR,CRASH_DAY_OF_WEEK,CRASH_MONTH,LATITUDE,LONGITUDE,LOCATION
JC425188,N,9/8/2019 18:15,30,STOP SIGN/FLASHER,FUNCTIONING PROPERLY,CLEAR,DAYLIGHT,PEDESTRIAN,NOT DIVIDED,,STRAIGHT AND LEVEL,DRY,NO DEFECTS,NOT ON SCENE (DESK REPORT),NO INJURY / DRIVE AWAY,,,,$500 OR LESS,9/8/2019 18:50,UNABLE TO DETERMINE,UNABLE TO DETERMINE,6301,S,MORGAN ST,723,,,,,,,,,,,,,,,,18,1,9,41.77958567,-87.6494939,POINT (-87.649493896391 41.779585665204)
JC425175,,9/8/2019 18:15,35,NO CONTROLS,NO CONTROLS,CLOUDY/OVERCAST,DAYLIGHT,ANGLE,T-INTERSECTION,,STRAIGHT AND LEVEL,DRY,UNKNOWN,ON SCENE,NO INJURY / DRIVE AWAY,Y,,,"OVER $1,500",9/8/2019 18:19,IMPROPER TURNING/NO SIGNAL,NOT APPLICABLE,2031,N,PULASKI RD,2525,,,,,,,2,NO INDICATION OF INJURY,0,0,0,0,0,2,0,18,1,9,41.91812728,-87.72644356,POINT (-87.72644356398 41.918127275862)
JC425160,,9/8/2019 18:10,30,NO CONTROLS,NO CONTROLS,CLEAR,DAYLIGHT,PEDALCYCLIST,ALLEY,,STRAIGHT AND LEVEL,DRY,NO DEFECTS,ON SCENE,INJURY AND / OR TOW DUE TO CRASH,Y,,Y,$500 OR LESS,9/8/2019 18:15,FAILING TO YIELD RIGHT-OF-WAY,NOT APPLICABLE,3815,W,GRENSHAW ST,1133,,,,,,,2,NONINCAPACITATING INJURY,1,0,0,1,0,1,0,18,1,9,41.86702073,-87.72080791,POINT (-87.720807906292 41.867020734459)
JC427528,,9/8/2019 18:00,30,TRAFFIC SIGNAL,FUNCTIONING PROPERLY,CLEAR,DAYLIGHT,REAR END,NOT DIVIDED,,STRAIGHT AND LEVEL,DRY,NO DEFECTS,NOT ON SCENE (DESK REPORT),NO INJURY / DRIVE AWAY,,,,"OVER $1,500",9/10/2019 13:30,UNABLE TO DETERMINE,UNABLE TO DETERMINE,6255,S,MICHIGAN AVE,311,,,,,,,2,NO INDICATION OF INJURY,0,0,0,0,0,2,0,18,1,9,41.78034921,-87.62183622,POINT (-87.621836220976 41.780349206814)
JC425218,,9/8/2019 18:00,30,NO CONTROLS,NO CONTROLS,CLEAR,DAYLIGHT,PARKED MOTOR VEHICLE,DIVIDED - W/MEDIAN (NOT RAISED),,STRAIGHT AND LEVEL,DRY,NO DEFECTS,NOT ON SCENE (DESK REPORT),NO INJURY / DRIVE AWAY,,,Y,"OVER $1,500",9/8/2019 19:09,FAILING TO REDUCE SPEED TO AVOID CRASH,DRIVING SKILLS/KNOWLEDGE/EXPERIENCE,6358,S,SACRAMENTO AVE,823,,,,,,,2,NO INDICATION OF INJURY,0,0,0,0,0,1,0,18,1,9,41.77731013,-87.69836806,POINT (-87.698368060802 41.777310128014)
JC425181,,9/8/2019 18:00,30,TRAFFIC SIGNAL,FUNCTIONING PROPERLY,CLEAR,DUSK,TURNING,NOT DIVIDED,,STRAIGHT AND LEVEL,DRY,NO DEFECTS,NOT ON SCENE (DESK REPORT),NO INJURY / DRIVE AWAY,Y,,,"OVER $1,500",9/8/2019 18:45,IMPROPER TURNING/NO SIGNAL,NOT APPLICABLE,656,N,MICHIGAN AVE,1834,,,,,,,2,NO INDICATION OF INJURY,0,0,0,0,0,2,0,18,1,9,41.89409532,-87.62438357,POINT (-87.624383570948 41.894095316065)
JC425177,,9/8/2019 18:00,20,STOP SIGN/FLASHER,FUNCTIONING PROPERLY,CLEAR,DAYLIGHT,PARKED MOTOR VEHICLE,NOT DIVIDED,,STRAIGHT AND LEVEL,DRY,NO DEFECTS,ON SCENE,NO INJURY / DRIVE AWAY,,,,"OVER $1,500",9/8/2019 18:05,UNABLE TO DETERMINE,NOT APPLICABLE,4201,N,KEELER AVE,1722,,,,,,,2,NO INDICATION OF INJURY,0,0,0,0,0,1,0,18,1,9,41.95733945,-87.7324392,POINT (-87.732439201562 41.957339449578)
JC425163,,9/8/2019 17:59,30,NO CONTROLS,NOT FUNCTIONING,CLEAR,DAYLIGHT,PARKED MOTOR VEHICLE,NOT DIVIDED,,STRAIGHT AND LEVEL,DRY,SHOULDER DEFECT,ON SCENE,NO INJURY / DRIVE AWAY,,,,$500 OR LESS,9/8/2019 18:00,UNABLE TO DETERMINE,UNABLE TO DETERMINE,5755,S,DREXEL AVE,235,,,,,,,2,NO INDICATION OF INJURY,0,0,0,0,0,2,0,17,1,9,41.78974667,-87.60356402,POINT (-87.603564022578 41.789746669975)
JC425159,,9/8/2019 17:55,35,STOP SIGN/FLASHER,FUNCTIONING PROPERLY,CLEAR,DAYLIGHT,ANGLE,FOUR WAY,,STRAIGHT AND LEVEL,DRY,UNKNOWN,ON SCENE,NO INJURY / DRIVE AWAY,Y,,,"OVER $1,500",9/8/2019 18:00,FAILING TO YIELD RIGHT-OF-WAY,NOT APPLICABLE,5222,S,ARCHER AVE,815,,,,,,,2,NO INDICATION OF INJURY,0,0,0,0,0,3,0,17,1,9,41.79993993,-87.73556833,POINT (-87.735568325585 41.799939929807)
JC425153,,9/8/2019 17:48,35,STOP SIGN/FLASHER,FUNCTIONING PROPERLY,CLEAR,DAYLIGHT,TURNING,T-INTERSECTION,,STRAIGHT AND LEVEL,DRY,NO DEFECTS,ON SCENE,NO INJURY / DRIVE AWAY,Y,,Y,"OVER $1,500",9/8/2019 18:10,FAILING TO YIELD RIGHT-OF-WAY,UNABLE TO DETERMINE,328,W,35TH ST,915,,,,,,,2,NO INDICATION OF INJURY,0,0,0,0,0,3,0,17,1,9,41.83100594,-87.63509305,POINT (-87.635093046922 41.831005941898)
JC425148,,9/8/2019 17:48,25,TRAFFIC SIGNAL,FUNCTIONING PROPERLY,RAIN,DAYLIGHT,TURNING,NOT DIVIDED,,STRAIGHT AND LEVEL,DRY,NO DEFECTS,ON SCENE,INJURY AND / OR TOW DUE TO CRASH,,,,"OVER $1,500",9/8/2019 17:50,FAILING TO YIELD RIGHT-OF-WAY,DRIVING SKILLS/KNOWLEDGE/EXPERIENCE,5600,N,SHERIDAN RD,2022,,,,,,,2,NO INDICATION OF INJURY,0,0,0,0,0,2,0,17,1,9,41.98388604,-87.65534235,POINT (-87.655342351398 41.983886040841)
JC425384,Y,9/8/2019 17:40,30,NO CONTROLS,NO CONTROLS,CLEAR,DAYLIGHT,PARKED MOTOR VEHICLE,NOT DIVIDED,,STRAIGHT AND LEVEL,DRY,NO DEFECTS,NOT ON SCENE (DESK REPORT),INJURY AND / OR TOW DUE TO CRASH,,,Y,"OVER $1,500",9/8/2019 22:10,UNABLE TO DETERMINE,UNABLE TO DETERMINE,2755,W,CERMAK RD,1034,,,,,,,2,NO INDICATION OF INJURY,0,0,0,0,0,1,0,17,1,9,41.85179425,-87.69522311,POINT (-87.695223114296 41.851794251516)
JC425150,,9/8/2019 17:40,25,NO CONTROLS,NO CONTROLS,CLEAR,DAYLIGHT,ANGLE,DIVIDED - W/MEDIAN (NOT RAISED),,STRAIGHT AND LEVEL,DRY,NO DEFECTS,,INJURY AND / OR TOW DUE TO CRASH,,,,"OVER $1,500",9/8/2019 17:43,UNABLE TO DETERMINE,UNABLE TO DETERMINE,7601,S,CICERO AVE,833,,,,,,,2,NO INDICATION OF INJURY,0,0,0,0,0,2,0,17,1,9,41.75466012,-87.74138476,POINT (-87.741384758605 41.754660124394)
JC425215,,9/8/2019 17:37,30,TRAFFIC SIGNAL,NO CONTROLS,CLEAR,DUSK,SIDESWIPE SAME DIRECTION,DIVIDED - W/MEDIAN (NOT RAISED),,STRAIGHT AND LEVEL,DRY,NO DEFECTS,NOT ON SCENE (DESK REPORT),NO INJURY / DRIVE AWAY,,,,"$501 - $1,500",9/8/2019 19:15,DRIVING SKILLS/KNOWLEDGE/EXPERIENCE,UNABLE TO DETERMINE,3959,W,ARMITAGE AVE,2535,,,,,,,2,NO INDICATION OF INJURY,0,0,0,0,0,2,0,17,1,9,41.91705724,-87.72649509,POINT (-87.726495086922 41.917057241615)
JC425137,,9/8/2019 17:35,30,TRAFFIC SIGNAL,FUNCTIONING PROPERLY,CLEAR,DAYLIGHT,REAR END,NOT DIVIDED,,STRAIGHT AND LEVEL,DRY,NO DEFECTS,NOT ON SCENE (DESK REPORT),NO INJURY / DRIVE AWAY,,,,$500 OR LESS,9/8/2019 17:40,FOLLOWING TOO CLOSELY,DRIVING SKILLS/KNOWLEDGE/EXPERIENCE,2603,S,KEDZIE AVE,1033,,,,,,,2,NO INDICATION OF INJURY,0,0,0,0,0,2,0,17,1,9,41.84437158,-87.70489076,POINT (-87.704890762276 41.8443715799)
JC425133,,9/8/2019 17:30,20,TRAFFIC SIGNAL,FUNCTIONING PROPERLY,CLEAR,DAYLIGHT,REAR END,NOT DIVIDED,,STRAIGHT AND LEVEL,DRY,NO DEFECTS,NOT ON SCENE (DESK REPORT),NO INJURY / DRIVE AWAY,,,,"OVER $1,500",9/8/2019 18:00,FOLLOWING TOO CLOSELY,NOT APPLICABLE,2600,N,ASHLAND AVE,1931,,,,,,,2,NO INDICATION OF INJURY,0,0,0,0,0,2,0,17,1,9,41.92886702,-87.6684221,POINT (-87.668422101707 41.928867018523)
JC425113,,9/8/2019 17:23,30,NO CONTROLS,NO CONTROLS,CLEAR,DAYLIGHT,TURNING,DIVIDED - W/MEDIAN (NOT RAISED),,STRAIGHT AND LEVEL,DRY,NO DEFECTS,NOT ON SCENE (DESK REPORT),NO INJURY / DRIVE AWAY,,,,"OVER $1,500",9/8/2019 17:41,UNABLE TO DETERMINE,NOT APPLICABLE,6000,W,ADDISON ST,1633,,Y,,,,,2,NO INDICATION OF INJURY,0,0,0,0,0,6,0,17,1,9,41.94587968,-87.77662742,POINT (-87.776627420937 41.945879675591)
JC425120,,9/8/2019 17:05,30,POLICE/FLAGMAN,UNKNOWN,CLOUDY/OVERCAST,DUSK,TURNING,FOUR WAY,,STRAIGHT AND LEVEL,UNKNOWN,UNKNOWN,ON SCENE,INJURY AND / OR TOW DUE TO CRASH,Y,,,"OVER $1,500",9/8/2019 17:10,IMPROPER TURNING/NO SIGNAL,UNABLE TO DETERMINE,299,E,ROOSEVELT RD,132,,,,,,,2,NONINCAPACITATING INJURY,1,0,0,1,0,2,0,17,1,9,41.86740243,-87.62042761,POINT (-87.620427604931 41.867402433986)
JC426681,Y,9/8/2019 17:00,30,NO CONTROLS,NO CONTROLS,UNKNOWN,UNKNOWN,PARKED MOTOR VEHICLE,ONE-WAY,,STRAIGHT AND LEVEL,DRY,NO DEFECTS,ON SCENE,NO INJURY / DRIVE AWAY,,,Y,"$501 - $1,500",9/9/2019 19:23,UNABLE TO DETERMINE,UNABLE TO DETERMINE,5633,N,KENMORE AVE,2022,,,,,,,2,NO INDICATION OF INJURY,0,0,0,0,0,1,0,17,1,9,41.98468273,-87.65649797,POINT (-87.656497972051 41.984682727524)
JC425654,,9/8/2019 17:00,10,NO CONTROLS,NO CONTROLS,UNKNOWN,DAYLIGHT,FIXED OBJECT,OTHER,,STRAIGHT AND LEVEL,UNKNOWN,NO DEFECTS,ON SCENE,INJURY AND / OR TOW DUE TO CRASH,,Y,,"OVER $1,500",9/9/2019 8:00,DRIVING SKILLS/KNOWLEDGE/EXPERIENCE,UNABLE TO DETERMINE,5215,N,MILWAUKEE AVE,1623,,,,,,,2,NO INDICATION OF INJURY,0,0,0,0,0,1,0,17,1,9,41.97507133,-87.76702884,POINT (-87.76702884268 41.975071331532)
JC425395,N,9/8/2019 17:00,15,NO CONTROLS,NO CONTROLS,CLEAR,DAYLIGHT,PARKED MOTOR VEHICLE,ALLEY,,STRAIGHT AND LEVEL,UNKNOWN,UNKNOWN,NOT ON SCENE (DESK REPORT),NO INJURY / DRIVE AWAY,,,Y,"OVER $1,500",9/8/2019 22:30,UNABLE TO DETERMINE,NOT APPLICABLE,837,W,FLETCHER ST,1933,,,,,,,2,NO INDICATION OF INJURY,0,0,0,0,0,1,0,17,1,9,41.93888759,-87.65066793,POINT (-87.650667932632 41.938887589265)
JC425387,,9/8/2019 17:00,45,NO CONTROLS,NO CONTROLS,CLEAR,DARKNESS,SIDESWIPE SAME DIRECTION,NOT DIVIDED,2,STRAIGHT AND LEVEL,DRY,NO DEFECTS,NOT ON SCENE (DESK REPORT),NO INJURY / DRIVE AWAY,,,Y,"OVER $1,500",9/8/2019 22:30,IMPROPER LANE USAGE,IMPROPER LANE USAGE,2301,S,LAKE SHORE DR W,132,,,,,,,2,NO INDICATION OF INJURY,0,0,0,0,0,2,0,17,1,9,41.85110748,-87.61286663,POINT (-87.612866632544 41.85110748019)
JC425347,N,9/8/2019 17:00,30,POLICE/FLAGMAN,FUNCTIONING PROPERLY,CLEAR,DAYLIGHT,SIDESWIPE SAME DIRECTION,NOT DIVIDED,,STRAIGHT AND LEVEL,DRY,NO DEFECTS,NOT ON SCENE (DESK REPORT),NO INJURY / DRIVE AWAY,,,Y,$500 OR LESS,9/8/2019 21:15,UNABLE TO DETERMINE,NOT APPLICABLE,357,E,18TH DR,132,,,,,,,2,NO INDICATION OF INJURY,0,0,0,0,0,3,0,17,1,9,41.85697264,-87.61744453,POINT (-87.617444534415 41.856972642389)
JC425102,,9/8/2019 17:00,30,STOP SIGN/FLASHER,FUNCTIONING PROPERLY,CLEAR,DAYLIGHT,TURNING,T-INTERSECTION,,STRAIGHT AND LEVEL,DRY,NO DEFECTS,ON SCENE,NO INJURY / DRIVE AWAY,Y,,,"OVER $1,500",9/8/2019 17:11,UNABLE TO DETERMINE,UNABLE TO DETERMINE,5500,S,PAYNE DR,233,Y,Y,,,,,2,NO INDICATION OF INJURY,0,0,0,0,0,2,0,17,1,9,41.79494721,-87.60754041,POINT (-87.607540408161 41.794947213124)
JC425085,,9/8/2019 16:58,30,NO CONTROLS,NO CONTROLS,CLEAR,DAYLIGHT,REAR END,DIVIDED - W/MEDIAN (NOT RAISED),,STRAIGHT AND LEVEL,DRY,NO DEFECTS,ON SCENE,INJURY AND / OR TOW DUE TO CRASH,,,,"OVER $1,500",9/8/2019 17:25,FOLLOWING TOO CLOSELY,FOLLOWING TOO CLOSELY,8347,S,COTTAGE GROVE AVE,632,,,,,,,2,NO INDICATION OF INJURY,0,0,0,0,0,2,0,16,1,9,41.74255298,-87.60484587,POINT (-87.604845871696 41.742552980956)
JC425089,,9/8/2019 16:53,30,NO CONTROLS,NO CONTROLS,CLEAR,DAYLIGHT,PARKED MOTOR VEHICLE,NOT DIVIDED,,STRAIGHT AND LEVEL,DRY,NO DEFECTS,ON SCENE,NO INJURY / DRIVE AWAY,,,Y,$500 OR LESS,9/8/2019 17:12,"OPERATING VEHICLE IN ERRATIC, RECKLESS, CARELESS, NEGLIGENT OR AGGRESSIVE MANNER",FAILING TO REDUCE SPEED TO AVOID CRASH,715,N,HAMLIN AVE,1112,,,,,,,2,NO INDICATION OF INJURY,0,0,0,0,0,3,0,16,1,9,41.89408662,-87.72100178,POINT (-87.721001784328 41.894086617878)
JC425058,,9/8/2019 16:50,30,NO CONTROLS,NO CONTROLS,CLEAR,DAYLIGHT,PEDALCYCLIST,DIVIDED - W/MEDIAN (NOT RAISED),,STRAIGHT AND LEVEL,DRY,NO DEFECTS,ON SCENE,INJURY AND / OR TOW DUE TO CRASH,,,,"$501 - $1,500",9/8/2019 16:53,FAILING TO YIELD RIGHT-OF-WAY,UNABLE TO DETERMINE,1354,W,OHIO ST,1215,,,,,,,2,NONINCAPACITATING INJURY,1,0,0,1,0,1,0,16,1,9,41.8926062,-87.66164696,POINT (-87.661646955753 41.892606203422)
JC426493,,9/8/2019 16:30,30,STOP SIGN/FLASHER,FUNCTIONING PROPERLY,CLEAR,DAYLIGHT,TURNING,DIVIDED - W/MEDIAN (NOT RAISED),,STRAIGHT AND LEVEL,DRY,NO DEFECTS,NOT ON SCENE (DESK REPORT),NO INJURY / DRIVE AWAY,,,Y,"$501 - $1,500",9/9/2019 17:56,FAILING TO YIELD RIGHT-OF-WAY,UNABLE TO DETERMINE,5200,S,KEDZIE AVE,822,,,,,,,2,NO INDICATION OF INJURY,0,0,0,0,0,2,0,16,1,9,41.79889965,-87.703858,POINT (-87.703857997716 41.798899651482)
JC425094,,9/8/2019 16:30,30,OTHER,OTHER,CLEAR,DUSK,SIDESWIPE SAME DIRECTION,DIVIDED - W/MEDIAN (NOT RAISED),,STRAIGHT AND LEVEL,OTHER,OTHER,ON SCENE,NO INJURY / DRIVE AWAY,,,,"$501 - $1,500",9/8/2019 16:46,NOT APPLICABLE,NOT APPLICABLE,305,S,LARAMIE AVE,1533,,,,,,,2,NO INDICATION OF INJURY,0,0,0,0,0,8,0,16,1,9,41.87648145,-87.75477573,POINT (-87.754775728657 41.876481447061)
JC425060,,9/8/2019 16:22,25,NO CONTROLS,NO CONTROLS,CLEAR,DAYLIGHT,PARKED MOTOR VEHICLE,NOT DIVIDED,,STRAIGHT AND LEVEL,DRY,NO DEFECTS,ON SCENE,NO INJURY / DRIVE AWAY,,,,$500 OR LESS,9/8/2019 16:22,UNABLE TO DETERMINE,UNABLE TO DETERMINE,6210,S,KEDVALE AVE,813,,,,,,,2,NO INDICATION OF INJURY,0,0,0,0,0,1,0,16,1,9,41.7800483,-87.72660938,POINT (-87.726609378624 41.780048298694)
JC425201,,9/8/2019 16:20,25,UNKNOWN,UNKNOWN,CLEAR,DAYLIGHT,REAR TO FRONT,ONE-WAY,,STRAIGHT AND LEVEL,DRY,UNKNOWN,NOT ON SCENE (DESK REPORT),NO INJURY / DRIVE AWAY,,,,"$501 - $1,500",9/8/2019 18:55,IMPROPER BACKING,NOT APPLICABLE,1934,N,WASHTENAW AVE,1421,,,,,,,2,NO INDICATION OF INJURY,0,0,0,0,0,2,0,16,1,9,41.916759,-87.69487052,POINT (-87.694870521804 41.91675899822)
JC425043,,9/8/2019 16:20,40,NO CONTROLS,NO CONTROLS,CLEAR,DAYLIGHT,SIDESWIPE SAME DIRECTION,NOT DIVIDED,,STRAIGHT AND LEVEL,DRY,NO DEFECTS,NOT ON SCENE (DESK REPORT),NO INJURY / DRIVE AWAY,,,,"OVER $1,500",9/8/2019 16:53,UNABLE TO DETERMINE,NOT APPLICABLE,700,S,COLUMBUS DR,114,,,,,,,2,NO INDICATION OF INJURY,0,0,0,0,0,8,0,16,1,9,41.87314833,-87.62073886,POINT (-87.620738859591 41.873148327225)
JC425030,,9/8/2019 16:10,30,NO CONTROLS,NO CONTROLS,CLEAR,DAYLIGHT,SIDESWIPE SAME DIRECTION,NOT DIVIDED,,STRAIGHT AND LEVEL,DRY,NO DEFECTS,NOT ON SCENE (DESK REPORT),NO INJURY / DRIVE AWAY,,,,"OVER $1,500",9/8/2019 16:47,FAILING TO YIELD RIGHT-OF-WAY,UNABLE TO DETERMINE,219,S,DEARBORN ST,113,,,,,,,2,NO INDICATION OF INJURY,0,0,0,0,0,2,0,16,1,9,41.87896684,-87.62919336,POINT (-87.629193356099 41.878966836146)
JC425072,,9/8/2019 16:08,30,NO CONTROLS,NO CONTROLS,CLEAR,DAYLIGHT,SIDESWIPE SAME DIRECTION,NOT DIVIDED,,STRAIGHT AND LEVEL,DRY,NO DEFECTS,ON SCENE,INJURY AND / OR TOW DUE TO CRASH,N,,,"OVER $1,500",9/8/2019 16:10,FAILING TO YIELD RIGHT-OF-WAY,NOT APPLICABLE,2637,W,PETERSON AVE,2011,,,,,,,4,NO INDICATION OF INJURY,0,0,0,0,0,4,0,16,1,9,41.99035162,-87.69606252,POINT (-87.696062518378 41.990351620573)
JC430019,Y,9/8/2019 16:00,35,NO CONTROLS,NO CONTROLS,CLEAR,DAYLIGHT,PARKED MOTOR VEHICLE,NOT DIVIDED,,STRAIGHT AND LEVEL,DRY,NO DEFECTS,NOT ON SCENE (DESK REPORT),NO INJURY / DRIVE AWAY,,,Y,"$501 - $1,500",9/12/2019 10:50,UNABLE TO DETERMINE,UNABLE TO DETERMINE,4659,N,KENTON AVE,1722,,,,,,,2,NO INDICATION OF INJURY,0,0,0,0,0,1,0,16,1,9,41.96616872,-87.74263114,POINT (-87.742631141874 41.966168718086)
JC427368,,9/8/2019 16:00,30,NO CONTROLS,NO CONTROLS,CLEAR,DAYLIGHT,PARKED MOTOR VEHICLE,PARKING LOT,,STRAIGHT AND LEVEL,DRY,NO DEFECTS,NOT ON SCENE (DESK REPORT),NO INJURY / DRIVE AWAY,,,Y,"OVER $1,500",9/10/2019 11:35,UNABLE TO DETERMINE,NOT APPLICABLE,8331,S,STEWART AVE,622,,,,,,,2,NO INDICATION OF INJURY,0,0,0,0,0,1,0,16,1,9,41.74257762,-87.63393693,POINT (-87.633936930688 41.742577617335)
JC425880,,9/8/2019 16:00,30,NO CONTROLS,NO CONTROLS,CLOUDY/OVERCAST,DAYLIGHT,REAR END,NOT DIVIDED,,STRAIGHT AND LEVEL,DRY,NO DEFECTS,NOT ON SCENE (DESK REPORT),NO INJURY / DRIVE AWAY,,,,"OVER $1,500",9/9/2019 11:30,FOLLOWING TOO CLOSELY,FAILING TO REDUCE SPEED TO AVOID CRASH,2360,N,DAMEN AVE,1432,,,,,,,3,NO INDICATION OF INJURY,0,0,0,0,0,3,0,16,1,9,41.92456778,-87.67801892,POINT (-87.678018922771 41.924567780913)
JC424998,,9/8/2019 15:54,30,TRAFFIC SIGNAL,FUNCTIONING PROPERLY,CLEAR,DAYLIGHT,PEDESTRIAN,FOUR WAY,,STRAIGHT AND LEVEL,DRY,UNKNOWN,ON SCENE,INJURY AND / OR TOW DUE TO CRASH,Y,,Y,"$501 - $1,500",9/8/2019 15:54,IMPROPER LANE USAGE,IMPROPER OVERTAKING/PASSING,1558,W,69TH ST,725,,,,,,,3,NONINCAPACITATING INJURY,1,0,0,1,0,2,0,15,1,9,41.7686623,-87.66384165,POINT (-87.663841653715 41.768662295987)
JC425068,,9/8/2019 15:50,30,NO CONTROLS,NO CONTROLS,CLOUDY/OVERCAST,DAYLIGHT,REAR TO SIDE,NOT DIVIDED,,STRAIGHT AND LEVEL,DRY,NO DEFECTS,NOT ON SCENE (DESK REPORT),NO INJURY / DRIVE AWAY,,,,"$501 - $1,500",9/8/2019 16:50,UNABLE TO DETERMINE,NOT APPLICABLE,1355,W,18TH ST,1233,,,,,,,2,NO INDICATION OF INJURY,0,0,0,0,0,2,0,15,1,9,41.85777164,-87.66099683,POINT (-87.66099683174 41.857771641178)
JC425001,,9/8/2019 15:50,30,TRAFFIC SIGNAL,UNKNOWN,CLEAR,DAYLIGHT,REAR END,FOUR WAY,,STRAIGHT AND LEVEL,DRY,UNKNOWN,ON SCENE,NO INJURY / DRIVE AWAY,Y,,,"OVER $1,500",9/8/2019 15:50,FOLLOWING TOO CLOSELY,FAILING TO REDUCE SPEED TO AVOID CRASH,5800,N,MILWAUKEE AVE,1622,,Y,,,,,2,NO INDICATION OF INJURY,0,0,0,0,0,2,0,15,1,9,41.98684369,-87.77812273,POINT (-87.778122726884 41.986843684505)
JC424987,,9/8/2019 15:40,30,TRAFFIC SIGNAL,FUNCTIONING PROPERLY,CLEAR,DAYLIGHT,TURNING,DIVIDED - W/MEDIAN (NOT RAISED),,STRAIGHT AND LEVEL,DRY,NO DEFECTS,ON SCENE,NO INJURY / DRIVE AWAY,,,,"OVER $1,500",9/8/2019 15:45,FOLLOWING TOO CLOSELY,NOT APPLICABLE,2001,W,DIVISION ST,1212,,,,,,,2,NO INDICATION OF INJURY,0,0,0,0,0,2,0,15,1,9,41.90307932,-87.67737658,POINT (-87.677376575093 41.903079316896)
JC425869,,9/8/2019 15:30,30,TRAFFIC SIGNAL,FUNCTIONING PROPERLY,CLEAR,DAYLIGHT,TURNING,NOT DIVIDED,,STRAIGHT AND LEVEL,DRY,NO DEFECTS,NOT ON SCENE (DESK REPORT),NO INJURY / DRIVE AWAY,,,Y,"$501 - $1,500",9/9/2019 11:15,UNABLE TO DETERMINE,UNABLE TO DETERMINE,3501,W,DEVON AVE,1711,,,,,,,2,NO INDICATION OF INJURY,0,0,0,0,0,2,0,15,1,9,41.99717936,-87.71679934,POINT (-87.716799336642 41.997179363377)
JC425187,,9/8/2019 15:30,30,NO CONTROLS,NO CONTROLS,CLEAR,DAYLIGHT,PARKED MOTOR VEHICLE,UNKNOWN,,STRAIGHT AND LEVEL,DRY,NO DEFECTS,NOT ON SCENE (DESK REPORT),NO INJURY / DRIVE AWAY,,,,"$501 - $1,500",9/8/2019 18:40,UNABLE TO DETERMINE,UNABLE TO DETERMINE,10703,S,AVENUE J,432,,,,,,,2,NO INDICATION OF INJURY,0,0,0,0,0,1,0,15,1,9,41.70077027,-87.53392896,POINT (-87.533928962724 41.700770266071)
JC424978,,9/8/2019 15:24,30,TRAFFIC SIGNAL,FUNCTIONING PROPERLY,CLEAR,DAYLIGHT,TURNING,RAMP,,STRAIGHT ON HILLCREST,DRY,NO DEFECTS,ON SCENE,NO INJURY / DRIVE AWAY,,,Y,"OVER $1,500",9/8/2019 15:29,IMPROPER LANE USAGE,FOLLOWING TOO CLOSELY,141,W,CERMAK RD,914,,,,,,,2,NO INDICATION OF INJURY,0,0,0,0,0,3,0,15,1,9,41.85275691,-87.63103694,POINT (-87.631036940699 41.85275690669)
JC424966,,9/8/2019 15:20,30,STOP SIGN/FLASHER,FUNCTIONING PROPERLY,CLEAR,DAYLIGHT,TURNING,OTHER,,STRAIGHT AND LEVEL,DRY,NO DEFECTS,NOT ON SCENE (DESK REPORT),NO INJURY / DRIVE AWAY,Y,,,"OVER $1,500",9/8/2019 15:40,IMPROPER TURNING/NO SIGNAL,DRIVING SKILLS/KNOWLEDGE/EXPERIENCE,7801,S,CICERO AVE,834,,,,,,,2,NO INDICATION OF INJURY,0,0,0,0,0,2,0,15,1,9,41.75089893,-87.74127482,POINT (-87.741274817684 41.750898924706)
JC424970,,9/8/2019 15:15,30,STOP SIGN/FLASHER,UNKNOWN,CLEAR,DAYLIGHT,SIDESWIPE SAME DIRECTION,FOUR WAY,,STRAIGHT AND LEVEL,DRY,UNKNOWN,NOT ON SCENE (DESK REPORT),NO INJURY / DRIVE AWAY,,,Y,$500 OR LESS,9/8/2019 15:30,UNABLE TO DETERMINE,NOT APPLICABLE,2531,W,DIVISION ST,1211,,,,,,,2,NO INDICATION OF INJURY,0,0,0,0,0,3,0,15,1,9,41.90287112,-87.69078164,POINT (-87.690781643497 41.902871116187)