RD_NO,CRASH_DATE_EST_I,CRASH_DATE,POSTED_SPEED_LIMIT,TRAFFIC_CONTROL_DEVICE,DEVICE_CONDITION,WEATHER_CONDITION,LIGHTING_CONDITION,FIRST_CRASH_TYPE,TRAFFICWAY_TYPE,LANE_CNT,ALIGNMENT,ROADWAY_SURFACE_COND,ROAD_DEFECT,REPORT_TYPE,CRASH_TYPE,INTERSECTION_RELATED_I,NOT_RIGHT_OF_WAY_I,HIT_AND_RUN_I,DAMAGE,DATE_POLICE_NOTIFIED,PRIM_CONTRIBUTORY_CAUSE,SEC_CONTRIBUTORY_CAUSE,STREET_NO,STREET_DIRECTION,STREET_NAME,BEAT_OF_OCCURRENCE,PHOTOS_TAKEN_I,STATEMENTS_TAKEN_I,DOORING_I,WORK_ZONE_I,WORK_ZONE_TYPE,WORKERS_PRESENT_I,NUM_UNITS,MOST_SEVERE_INJURY,INJURIES_TOTAL,INJURIES_FATAL,INJURIES_INCAPACITATING,INJURIES_NON_INCAPACITATING,INJURIES_REPORTED_NOT_EVIDENT,INJURIES_NO_INDICATION,INJURIES_UNKNOWN,CRASH_HOUR,CRASH_DAY_OF_WEEK,CRASH_MONTH,LATITUDE,LONGITUDE,LOCATION
JC424957,,9/8/2019 15:15,30,TRAFFIC SIGNAL,FUNCTIONING IMPROPERLY,CLEAR,DAYLIGHT,TURNING,FOUR WAY,,STRAIGHT AND LEVEL,WET,NO DEFECTS,ON SCENE,INJURY AND / OR TOW DUE TO CRASH,Y,,,"OVER $1,500",9/8/2019 15:19,FAILING TO YIELD RIGHT-OF-WAY,DISREGARDING TRAFFIC SIGNALS,6700,S,RACINE AVE,724,,,,,,,2,NONINCAPACITATING INJURY,1,0,0,1,0,3,0,15,1,9,41.77224028,-87.65445437,POINT (-87.654454370177 41.77224027873)
JC424963,,9/8/2019 15:00,15,NO CONTROLS,NO CONTROLS,UNKNOWN,UNKNOWN,PARKED MOTOR VEHICLE,PARKING LOT,,STRAIGHT AND LEVEL,UNKNOWN,NO DEFECTS,ON SCENE,NO INJURY / DRIVE AWAY,,,Y,"$501 - $1,500",9/8/2019 15:03,UNABLE TO DETERMINE,NOT APPLICABLE,850,W,OHARE ST,1654,,,,,,,2,NO INDICATION OF INJURY,0,0,0,0,0,1,0,15,1,9,,,
JC424937,,9/8/2019 15:00,25,NO CONTROLS,NO CONTROLS,CLEAR,DAYLIGHT,SIDESWIPE SAME DIRECTION,NOT DIVIDED,,STRAIGHT AND LEVEL,DRY,NO DEFECTS,NOT ON SCENE (DESK REPORT),NO INJURY / DRIVE AWAY,,,,"OVER $1,500",9/8/2019 15:30,IMPROPER LANE USAGE,NOT APPLICABLE,700,S,STATE ST,123,,,,,,,2,NO INDICATION OF INJURY,0,0,0,0,0,3,0,15,1,9,41.87304937,-87.62771142,POINT (-87.627711419764 41.873049366308)
JC424917,,9/8/2019 15:00,30,NO CONTROLS,NO CONTROLS,CLEAR,DAYLIGHT,REAR END,NOT DIVIDED,,STRAIGHT AND LEVEL,DRY,NO DEFECTS,ON SCENE,NO INJURY / DRIVE AWAY,,,,"OVER $1,500",9/8/2019 15:20,FAILING TO REDUCE SPEED TO AVOID CRASH,NOT APPLICABLE,1159,N,CICERO AVE,1111,,,,,,,2,NO INDICATION OF INJURY,0,0,0,0,0,3,0,15,1,9,41.90230799,-87.74583059,POINT (-87.745830587239 41.902307988818)
JC424912,,9/8/2019 15:00,30,NO CONTROLS,NO CONTROLS,CLEAR,DAYLIGHT,REAR END,NOT DIVIDED,,STRAIGHT AND LEVEL,DRY,NO DEFECTS,NOT ON SCENE (DESK REPORT),NO INJURY / DRIVE AWAY,,,,"OVER $1,500",9/8/2019 15:10,FOLLOWING TOO CLOSELY,NOT APPLICABLE,5524,W,DEVON AVE,1621,,,,,,,2,NO INDICATION OF INJURY,0,0,0,0,0,2,0,15,1,9,41.99741462,-87.76666169,POINT (-87.766661691409 41.99741462138)
JC415361,,9/8/2019 15:00,30,TRAFFIC SIGNAL,FUNCTIONING PROPERLY,CLOUDY/OVERCAST,DAYLIGHT,SIDESWIPE SAME DIRECTION,NOT DIVIDED,,STRAIGHT AND LEVEL,DRY,NO DEFECTS,NOT ON SCENE (DESK REPORT),NO INJURY / DRIVE AWAY,,,,"$501 - $1,500",9/8/2019 15:42,IMPROPER OVERTAKING/PASSING,NOT APPLICABLE,540,N,LA SALLE DR,1831,,,,,,,2,NO INDICATION OF INJURY,0,0,0,0,0,3,0,15,1,9,41.89198293,-87.63273957,POINT (-87.63273957162 41.891982924943)
JC424915,Y,9/8/2019 14:58,30,NO CONTROLS,NO CONTROLS,CLEAR,DAYLIGHT,PARKED MOTOR VEHICLE,DIVIDED - W/MEDIAN (NOT RAISED),,STRAIGHT AND LEVEL,DRY,NO DEFECTS,ON SCENE,INJURY AND / OR TOW DUE TO CRASH,,,,"OVER $1,500",9/8/2019 15:00,UNABLE TO DETERMINE,UNABLE TO DETERMINE,439,E,103RD ST,512,,Y,,,,,4,NONINCAPACITATING INJURY,1,0,0,1,0,0,0,14,1,9,41.70722812,-87.61223257,POINT (-87.612232568686 41.707228116496)
JC424926,,9/8/2019 14:53,30,TRAFFIC SIGNAL,FUNCTIONING PROPERLY,CLEAR,DAYLIGHT,TURNING,CENTER TURN LANE,,STRAIGHT AND LEVEL,DRY,NO DEFECTS,ON SCENE,INJURY AND / OR TOW DUE TO CRASH,,,,"OVER $1,500",9/8/2019 15:18,FAILING TO YIELD RIGHT-OF-WAY,NOT APPLICABLE,2601,W,PETERSON AVE,2011,,,,,,,2,"REPORTED, NOT EVIDENT",1,0,0,0,1,1,0,14,1,9,41.99036062,-87.69459321,POINT (-87.69459321221 41.990360615151)
JC424919,,9/8/2019 14:40,30,NO CONTROLS,NO CONTROLS,CLEAR,DAYLIGHT,PARKED MOTOR VEHICLE,ONE-WAY,,STRAIGHT AND LEVEL,DRY,NO DEFECTS,NOT ON SCENE (DESK REPORT),NO INJURY / DRIVE AWAY,,,,"$501 - $1,500",9/8/2019 15:00,IMPROPER BACKING,NOT APPLICABLE,600,N,CLARK ST,1832,,,,,,,2,NO INDICATION OF INJURY,0,0,0,0,0,3,0,14,1,9,41.89246403,-87.63129489,POINT (-87.631294885907 41.892464032993)
JC424940,,9/8/2019 14:30,25,TRAFFIC SIGNAL,FUNCTIONING PROPERLY,CLEAR,DAYLIGHT,REAR END,NOT DIVIDED,,STRAIGHT AND LEVEL,DRY,NO DEFECTS,NOT ON SCENE (DESK REPORT),NO INJURY / DRIVE AWAY,,,,"$501 - $1,500",9/8/2019 14:35,DISTRACTION - FROM INSIDE VEHICLE,NOT APPLICABLE,9135,S,WESTERN AVE,2221,,,,,,,2,NO INDICATION OF INJURY,0,0,0,0,0,2,0,14,1,9,41.72723625,-87.68211285,POINT (-87.682112852663 41.727236246013)
JC424931,,9/8/2019 14:30,10,NO CONTROLS,NO CONTROLS,CLEAR,DAYLIGHT,PARKED MOTOR VEHICLE,PARKING LOT,,STRAIGHT AND LEVEL,DRY,NO DEFECTS,NOT ON SCENE (DESK REPORT),NO INJURY / DRIVE AWAY,,,,"OVER $1,500",9/8/2019 15:20,UNABLE TO DETERMINE,UNABLE TO DETERMINE,7530,S,STONY ISLAND AVE,411,,,,,,,1,NO INDICATION OF INJURY,0,0,0,0,0,1,0,14,1,9,41.75780566,-87.58626826,POINT (-87.586268258019 41.757805658543)
JC424920,Y,9/8/2019 14:30,30,NO CONTROLS,NO CONTROLS,CLEAR,DAYLIGHT,FIXED OBJECT,NOT DIVIDED,,STRAIGHT AND LEVEL,DRY,NO DEFECTS,ON SCENE,NO INJURY / DRIVE AWAY,,Y,Y,"OVER $1,500",9/8/2019 14:55,UNABLE TO DETERMINE,UNABLE TO DETERMINE,200,W,111TH ST,513,,,,,,,1,NO INDICATION OF INJURY,0,0,0,0,0,1,0,14,1,9,41.69263466,-87.62802991,POINT (-87.628029909331 41.692634657761)
JC424895,,9/8/2019 14:29,30,NO CONTROLS,NO CONTROLS,CLEAR,DAYLIGHT,SIDESWIPE SAME DIRECTION,DIVIDED - W/MEDIAN (NOT RAISED),,STRAIGHT AND LEVEL,DRY,NO DEFECTS,ON SCENE,NO INJURY / DRIVE AWAY,,,,"$501 - $1,500",9/8/2019 14:29,UNABLE TO DETERMINE,UNABLE TO DETERMINE,4332,W,FOSTER AVE,1712,,,,,,,2,NO INDICATION OF INJURY,0,0,0,0,0,4,0,14,1,9,41.97554945,-87.73700306,POINT (-87.737003060391 41.975549448914)
JC424904,,9/8/2019 14:24,30,TRAFFIC SIGNAL,UNKNOWN,CLEAR,DAYLIGHT,TURNING,FOUR WAY,,STRAIGHT AND LEVEL,DRY,UNKNOWN,ON SCENE,INJURY AND / OR TOW DUE TO CRASH,Y,,,"OVER $1,500",9/8/2019 14:34,IMPROPER TURNING/NO SIGNAL,UNABLE TO DETERMINE,9500,S,STONY ISLAND AVE,511,,,,,,,2,NO INDICATION OF INJURY,0,0,0,0,0,2,0,14,1,9,41.72225727,-87.58527557,POINT (-87.585275565077 41.722257273006)
JC425847,,9/8/2019 14:08,10,NO CONTROLS,NO CONTROLS,CLEAR,DAYLIGHT,PARKED MOTOR VEHICLE,PARKING LOT,,STRAIGHT AND LEVEL,DRY,NO DEFECTS,NOT ON SCENE (DESK REPORT),NO INJURY / DRIVE AWAY,,Y,,"$501 - $1,500",9/9/2019 12:00,UNABLE TO DETERMINE,UNABLE TO DETERMINE,1366,W,FULLERTON AVE,1932,,,,,,,2,NO INDICATION OF INJURY,0,0,0,0,0,1,0,14,1,9,41.92533056,-87.66312244,POINT (-87.663122435349 41.925330555308)
JC424916,,9/8/2019 14:00,30,NO CONTROLS,NO CONTROLS,CLOUDY/OVERCAST,DAYLIGHT,SIDESWIPE SAME DIRECTION,NOT DIVIDED,,STRAIGHT AND LEVEL,UNKNOWN,UNKNOWN,NOT ON SCENE (DESK REPORT),NO INJURY / DRIVE AWAY,,,,"$501 - $1,500",9/8/2019 15:00,IMPROPER OVERTAKING/PASSING,NOT APPLICABLE,9500,S,PRINCETON AVE,511,,,,,,,3,NO INDICATION OF INJURY,0,0,0,0,0,2,0,14,1,9,41.72153212,-87.63125601,POINT (-87.631256013344 41.721532124073)
JC424907,,9/8/2019 14:00,10,NO CONTROLS,NO CONTROLS,CLOUDY/OVERCAST,DAYLIGHT,REAR TO SIDE,PARKING LOT,,STRAIGHT AND LEVEL,DRY,NO DEFECTS,NOT ON SCENE (DESK REPORT),NO INJURY / DRIVE AWAY,,Y,,"$501 - $1,500",9/8/2019 15:10,UNABLE TO DETERMINE,NOT APPLICABLE,3357,S,DR MARTIN LUTHER KING JR DR,211,,,,,,,2,NO INDICATION OF INJURY,0,0,0,0,0,2,0,14,1,9,41.83321857,-87.61685396,POINT (-87.616853961355 41.833218567169)
JC425006,,9/8/2019 13:50,25,TRAFFIC SIGNAL,FUNCTIONING PROPERLY,CLEAR,DAYLIGHT,TURNING,NOT DIVIDED,,STRAIGHT AND LEVEL,DRY,NO DEFECTS,NOT ON SCENE (DESK REPORT),NO INJURY / DRIVE AWAY,Y,,Y,"OVER $1,500",9/8/2019 16:16,IMPROPER TURNING/NO SIGNAL,NOT APPLICABLE,98,E,GRAND AVE,1834,,,,,,,2,NO INDICATION OF INJURY,0,0,0,0,0,2,0,13,1,9,41.89182003,-87.62544388,POINT (-87.625443874791 41.89182003397)
JC424869,,9/8/2019 13:50,35,STOP SIGN/FLASHER,NO CONTROLS,CLEAR,DAYLIGHT,ANGLE,FOUR WAY,,STRAIGHT AND LEVEL,DRY,UNKNOWN,ON SCENE,INJURY AND / OR TOW DUE TO CRASH,Y,,,"OVER $1,500",9/8/2019 13:51,UNABLE TO DETERMINE,UNABLE TO DETERMINE,3700,W,71ST ST,833,,,,,,,2,NONINCAPACITATING INJURY,2,0,0,2,0,1,0,13,1,9,41.7643135,-87.71511175,POINT (-87.715111753123 41.764313494891)
JC424876,,9/8/2019 13:45,30,NO CONTROLS,NO CONTROLS,RAIN,DAYLIGHT,SIDESWIPE SAME DIRECTION,NOT DIVIDED,,STRAIGHT AND LEVEL,WET,NO DEFECTS,NOT ON SCENE (DESK REPORT),NO INJURY / DRIVE AWAY,,,,"$501 - $1,500",9/8/2019 14:15,FAILING TO YIELD RIGHT-OF-WAY,UNABLE TO DETERMINE,647,N,KEDZIE AVE,1221,,,,,,,2,NO INDICATION OF INJURY,0,0,0,0,0,2,0,13,1,9,41.89329505,-87.70634088,POINT (-87.706340877164 41.89329504912)
JC424847,,9/8/2019 13:25,30,NO CONTROLS,NOT FUNCTIONING,CLEAR,DAYLIGHT,SIDESWIPE SAME DIRECTION,NOT DIVIDED,,STRAIGHT AND LEVEL,DRY,NO DEFECTS,ON SCENE,INJURY AND / OR TOW DUE TO CRASH,,,,"$501 - $1,500",9/8/2019 13:29,FAILING TO YIELD RIGHT-OF-WAY,FAILING TO REDUCE SPEED TO AVOID CRASH,4718,N,KIMBALL AVE,1723,,,,,,,2,NO INDICATION OF INJURY,0,0,0,0,0,3,0,13,1,9,41.96717913,-87.71347354,POINT (-87.713473535446 41.96717912759)
JC424875,,9/8/2019 13:21,30,TRAFFIC SIGNAL,FUNCTIONING PROPERLY,RAIN,DAYLIGHT,TURNING,NOT DIVIDED,,STRAIGHT AND LEVEL,WET,NO DEFECTS,NOT ON SCENE (DESK REPORT),NO INJURY / DRIVE AWAY,,,Y,"OVER $1,500",9/8/2019 14:15,UNABLE TO DETERMINE,NOT APPLICABLE,140,E,GRAND AVE,1834,,,,,,,2,NO INDICATION OF INJURY,0,0,0,0,0,2,0,13,1,9,41.89184026,-87.62392444,POINT (-87.623924438063 41.891840255412)
JC424851,,9/8/2019 13:18,20,NO CONTROLS,NO CONTROLS,RAIN,DAYLIGHT,SIDESWIPE SAME DIRECTION,DIVIDED - W/MEDIAN (NOT RAISED),,STRAIGHT AND LEVEL,WET,NO DEFECTS,NOT ON SCENE (DESK REPORT),NO INJURY / DRIVE AWAY,,,Y,"$501 - $1,500",9/8/2019 13:50,"OPERATING VEHICLE IN ERRATIC, RECKLESS, CARELESS, NEGLIGENT OR AGGRESSIVE MANNER","OPERATING VEHICLE IN ERRATIC, RECKLESS, CARELESS, NEGLIGENT OR AGGRESSIVE MANNER",6510,N,GLENWOOD AVE,2432,,,,,,,2,NO INDICATION OF INJURY,0,0,0,0,0,2,0,13,1,9,42.00036084,-87.66572933,POINT (-87.665729325596 42.000360836043)
JC426418,,9/8/2019 13:15,30,NO CONTROLS,NO CONTROLS,CLEAR,DAYLIGHT,SIDESWIPE SAME DIRECTION,NOT DIVIDED,,STRAIGHT AND LEVEL,DRY,NO DEFECTS,NOT ON SCENE (DESK REPORT),NO INJURY / DRIVE AWAY,,,,"$501 - $1,500",9/9/2019 17:30,IMPROPER LANE USAGE,IMPROPER LANE USAGE,100,W,CERMAK RD,131,,,,,,,2,NO INDICATION OF INJURY,0,0,0,0,0,2,0,13,1,9,41.85299122,-87.62938693,POINT (-87.629386933044 41.852991219253)
JC424857,,9/8/2019 13:15,30,NO CONTROLS,NO CONTROLS,RAIN,DAYLIGHT,REAR END,DIVIDED - W/MEDIAN (NOT RAISED),,STRAIGHT AND LEVEL,WET,NO DEFECTS,ON SCENE,INJURY AND / OR TOW DUE TO CRASH,,,,"OVER $1,500",9/8/2019 13:45,FOLLOWING TOO CLOSELY,UNABLE TO DETERMINE,311,S,WESTERN AVE,1225,,,,,,,2,NO INDICATION OF INJURY,0,0,0,0,0,4,0,13,1,9,41.8771784,-87.68619208,POINT (-87.686192076692 41.877178397836)
JC424856,,9/8/2019 13:14,30,TRAFFIC SIGNAL,FUNCTIONING PROPERLY,CLEAR,DAYLIGHT,TURNING,NOT DIVIDED,,STRAIGHT AND LEVEL,DRY,NO DEFECTS,NOT ON SCENE (DESK REPORT),NO INJURY / DRIVE AWAY,,,,"$501 - $1,500",9/8/2019 13:55,IMPROPER TURNING/NO SIGNAL,UNABLE TO DETERMINE,155,W,CERMAK RD,914,,,,,,,2,NO INDICATION OF INJURY,0,0,0,0,0,2,0,13,1,9,41.85275048,-87.63148014,POINT (-87.631480140201 41.852750480136)
JC424833,,9/8/2019 13:10,20,NO CONTROLS,NO CONTROLS,RAIN,DAYLIGHT,REAR END,DIVIDED - W/MEDIAN (NOT RAISED),,STRAIGHT AND LEVEL,DRY,NO DEFECTS,NOT ON SCENE (DESK REPORT),NO INJURY / DRIVE AWAY,,,,"$501 - $1,500",9/8/2019 13:30,FOLLOWING TOO CLOSELY,WEATHER,2401,W,HOWARD ST,2411,,,,,,,2,NO INDICATION OF INJURY,0,0,0,0,0,2,0,13,1,9,42.01941677,-87.6902932,POINT (-87.690293198412 42.01941676643)
JC424837,,9/8/2019 13:05,30,TRAFFIC SIGNAL,FUNCTIONING PROPERLY,CLOUDY/OVERCAST,DAYLIGHT,REAR END,DIVIDED - W/MEDIAN BARRIER,,STRAIGHT AND LEVEL,WET,NO DEFECTS,ON SCENE,INJURY AND / OR TOW DUE TO CRASH,,,,"OVER $1,500",9/8/2019 13:06,WEATHER,NOT APPLICABLE,6200,N,CLARK ST,2433,,,,,,,2,"REPORTED, NOT EVIDENT",1,0,0,0,1,1,0,13,1,9,41.9944866,-87.67029806,POINT (-87.670298058609 41.994486599526)
JC427551,Y,9/8/2019 13:00,25,NO CONTROLS,NO CONTROLS,CLEAR,DAYLIGHT,PARKED MOTOR VEHICLE,NOT DIVIDED,,STRAIGHT AND LEVEL,DRY,NO DEFECTS,NOT ON SCENE (DESK REPORT),NO INJURY / DRIVE AWAY,,,Y,"$501 - $1,500",9/10/2019 13:58,IMPROPER OVERTAKING/PASSING,UNABLE TO DETERMINE,658,W,WRIGHTWOOD AVE,1935,,,,,,,2,NO INDICATION OF INJURY,0,0,0,0,0,1,0,13,1,9,41.9293001,-87.64509309,POINT (-87.64509308848 41.929300103133)
JC424844,,9/8/2019 13:00,30,NO CONTROLS,NO CONTROLS,CLEAR,DAYLIGHT,PARKED MOTOR VEHICLE,NOT DIVIDED,,STRAIGHT AND LEVEL,WET,NO DEFECTS,NOT ON SCENE (DESK REPORT),NO INJURY / DRIVE AWAY,,,Y,"$501 - $1,500",9/8/2019 14:07,NOT APPLICABLE,NOT APPLICABLE,2559,N,LOCKWOOD AVE,2515,,,,,,,2,NO INDICATION OF INJURY,0,0,0,0,0,1,0,13,1,9,41.92770432,-87.75859266,POINT (-87.758592656073 41.927704315412)
JC424830,,9/8/2019 13:00,20,STOP SIGN/FLASHER,FUNCTIONING PROPERLY,CLOUDY/OVERCAST,DAYLIGHT,PEDESTRIAN,OTHER,,STRAIGHT AND LEVEL,DRY,NO DEFECTS,ON SCENE,NO INJURY / DRIVE AWAY,,,,$500 OR LESS,9/8/2019 13:00,FAILING TO YIELD RIGHT-OF-WAY,NOT APPLICABLE,700,W,OHARE ST,1654,,,,,,,2,NO INDICATION OF INJURY,0,0,0,0,0,2,0,13,1,9,,,
JC425079,,9/8/2019 12:45,30,STOP SIGN/FLASHER,FUNCTIONING IMPROPERLY,CLOUDY/OVERCAST,DAYLIGHT,TURNING,NOT DIVIDED,,STRAIGHT AND LEVEL,UNKNOWN,UNKNOWN,NOT ON SCENE (DESK REPORT),NO INJURY / DRIVE AWAY,,,,"$501 - $1,500",9/8/2019 17:20,IMPROPER LANE USAGE,NOT APPLICABLE,7600,S,GREEN ST,621,,,,,,,2,NO INDICATION OF INJURY,0,0,0,0,0,6,0,12,1,9,41.75599021,-87.64553856,POINT (-87.645538554917 41.755990211757)
JC242838,,9/8/2019 12:45,25,NO CONTROLS,NO CONTROLS,RAIN,DAYLIGHT,SIDESWIPE SAME DIRECTION,NOT DIVIDED,,STRAIGHT AND LEVEL,WET,NO DEFECTS,NOT ON SCENE (DESK REPORT),NO INJURY / DRIVE AWAY,,,Y,"$501 - $1,500",9/8/2019 13:10,UNABLE TO DETERMINE,UNABLE TO DETERMINE,3100,S,KEDZIE AVE,1032,,,,,,,2,NO INDICATION OF INJURY,0,0,0,0,0,8,0,12,1,9,41.83713267,-87.70496712,POINT (-87.704967114787 41.837132671422)
JC424808,,9/8/2019 12:23,35,TRAFFIC SIGNAL,FUNCTIONING PROPERLY,RAIN,DAYLIGHT,TURNING,UNKNOWN INTERSECTION TYPE,,STRAIGHT AND LEVEL,WET,NO DEFECTS,ON SCENE,INJURY AND / OR TOW DUE TO CRASH,Y,,,"OVER $1,500",9/8/2019 12:33,DISREGARDING TRAFFIC SIGNALS,UNABLE TO DETERMINE,1600,E,87TH ST,412,,,,,,,2,NO INDICATION OF INJURY,0,0,0,0,0,2,0,12,1,9,41.73703099,-87.58508645,POINT (-87.585086453532 41.737030992315)
JC424805,,9/8/2019 12:15,30,TRAFFIC SIGNAL,UNKNOWN,CLEAR,DAYLIGHT,REAR END,NOT DIVIDED,,STRAIGHT AND LEVEL,DRY,NO DEFECTS,ON SCENE,NO INJURY / DRIVE AWAY,,,,"$501 - $1,500",9/8/2019 12:20,UNABLE TO DETERMINE,UNABLE TO DETERMINE,3500,S,CALIFORNIA AVE,911,,,,,,,2,NO INDICATION OF INJURY,0,0,0,0,0,3,0,12,1,9,41.83002728,-87.69493784,POINT (-87.69493783907 41.830027283593)
JC424788,,9/8/2019 12:10,30,NO CONTROLS,NO CONTROLS,CLEAR,DAYLIGHT,SIDESWIPE SAME DIRECTION,DIVIDED - W/MEDIAN (NOT RAISED),,STRAIGHT AND LEVEL,WET,NO DEFECTS,NOT ON SCENE (DESK REPORT),NO INJURY / DRIVE AWAY,,,,"OVER $1,500",9/8/2019 12:20,FAILING TO REDUCE SPEED TO AVOID CRASH,UNABLE TO DETERMINE,1912,S,HOMAN AVE,1024,,,,,,,2,NO INDICATION OF INJURY,0,0,0,0,0,2,0,12,1,9,41.85488115,-87.71036306,POINT (-87.710363058764 41.854881149322)
JC432215,,9/8/2019 12:00,30,NO CONTROLS,NO CONTROLS,CLEAR,DAYLIGHT,REAR END,NOT DIVIDED,,STRAIGHT AND LEVEL,DRY,NO DEFECTS,NOT ON SCENE (DESK REPORT),NO INJURY / DRIVE AWAY,,,,"$501 - $1,500",9/13/2019 18:57,NOT APPLICABLE,NOT APPLICABLE,7351,S,CICERO AVE,833,,,,,,,2,NO INDICATION OF INJURY,0,0,0,0,0,3,0,12,1,9,41.75917739,-87.74155612,POINT (-87.741556121654 41.759177386642)
JC432072,,9/8/2019 12:00,25,NO CONTROLS,NO CONTROLS,CLOUDY/OVERCAST,DAYLIGHT,PARKED MOTOR VEHICLE,NOT DIVIDED,,STRAIGHT AND LEVEL,DRY,NO DEFECTS,NOT ON SCENE (DESK REPORT),NO INJURY / DRIVE AWAY,,,Y,"OVER $1,500",9/13/2019 17:35,NOT APPLICABLE,NOT APPLICABLE,1423,W,FARRAGUT AVE,2013,,,,,,,2,NO INDICATION OF INJURY,0,0,0,0,0,1,0,12,1,9,41.97703625,-87.66574965,POINT (-87.665749648883 41.977036254458)
JC424867,,9/8/2019 12:00,35,NO CONTROLS,NO CONTROLS,RAIN,DAYLIGHT,SIDESWIPE SAME DIRECTION,NOT DIVIDED,,STRAIGHT AND LEVEL,WET,NO DEFECTS,NOT ON SCENE (DESK REPORT),NO INJURY / DRIVE AWAY,,,,"OVER $1,500",9/8/2019 14:00,IMPROPER OVERTAKING/PASSING,UNABLE TO DETERMINE,7345,W,TOUHY AVE,1611,,,,,,,2,NO INDICATION OF INJURY,0,0,0,0,0,2,0,12,1,9,42.01149344,-87.81089653,POINT (-87.810896534183 42.011493440974)
JC424841,,9/8/2019 12:00,20,NO CONTROLS,NO CONTROLS,CLOUDY/OVERCAST,DAYLIGHT,PARKED MOTOR VEHICLE,PARKING LOT,,STRAIGHT AND LEVEL,WET,NO DEFECTS,NOT ON SCENE (DESK REPORT),NO INJURY / DRIVE AWAY,,,Y,"OVER $1,500",9/8/2019 13:45,UNABLE TO DETERMINE,UNABLE TO DETERMINE,754,E,114TH ST,531,,,,,,,2,NO INDICATION OF INJURY,0,0,0,0,0,1,0,12,1,9,41.68759389,-87.60330267,POINT (-87.603302673086 41.687593885246)
JC424819,,9/8/2019 12:00,35,TRAFFIC SIGNAL,FUNCTIONING PROPERLY,CLEAR,DAYLIGHT,REAR END,UNKNOWN,,STRAIGHT AND LEVEL,DRY,NO DEFECTS,NOT ON SCENE (DESK REPORT),NO INJURY / DRIVE AWAY,,,,$500 OR LESS,9/8/2019 13:00,UNABLE TO DETERMINE,UNABLE TO DETERMINE,500,S,KOSTNER AVE,1131,,,,,,,2,NO INDICATION OF INJURY,0,0,0,0,0,2,0,12,1,9,41.87421106,-87.73538709,POINT (-87.735387089165 41.874211054858)
JC424790,,9/8/2019 12:00,30,NO CONTROLS,NO CONTROLS,RAIN,DAYLIGHT,REAR END,NOT DIVIDED,,STRAIGHT AND LEVEL,WET,NO DEFECTS,NOT ON SCENE (DESK REPORT),NO INJURY / DRIVE AWAY,,,,"OVER $1,500",9/8/2019 12:30,FOLLOWING TOO CLOSELY,UNABLE TO DETERMINE,3641,S,WESTERN BLVD,912,,,,,,,3,NO INDICATION OF INJURY,0,0,0,0,0,4,0,12,1,9,41.82723297,-87.68422835,POINT (-87.684228346769 41.827232971087)
JC424779,,9/8/2019 12:00,10,NO CONTROLS,NO CONTROLS,RAIN,DAYLIGHT,PARKED MOTOR VEHICLE,PARKING LOT,,STRAIGHT AND LEVEL,WET,NO DEFECTS,ON SCENE,NO INJURY / DRIVE AWAY,,,Y,"OVER $1,500",9/8/2019 12:02,UNABLE TO DETERMINE,NOT APPLICABLE,7627,S,JEFFERY BLVD,414,,,,,,,2,NO INDICATION OF INJURY,0,0,0,0,0,1,0,12,1,9,41.7562368,-87.5759402,POINT (-87.575940203076 41.756236797394)
JC426232,,9/8/2019 11:45,30,NO CONTROLS,NO CONTROLS,RAIN,DAYLIGHT,SIDESWIPE SAME DIRECTION,DIVIDED - W/MEDIAN BARRIER,,STRAIGHT ON GRADE,WET,NO DEFECTS,NOT ON SCENE (DESK REPORT),NO INJURY / DRIVE AWAY,Y,,Y,"$501 - $1,500",9/9/2019 16:00,"OPERATING VEHICLE IN ERRATIC, RECKLESS, CARELESS, NEGLIGENT OR AGGRESSIVE MANNER",DRIVING SKILLS/KNOWLEDGE/EXPERIENCE,8300,S,STONY ISLAND AVE,412,,,,,,,2,NO INDICATION OF INJURY,0,0,0,0,0,2,0,11,1,9,41.74415164,-87.58594507,POINT (-87.585945066953 41.744151639042)
JC424803,,9/8/2019 11:40,30,STOP SIGN/FLASHER,FUNCTIONING PROPERLY,CLEAR,DAYLIGHT,TURNING,NOT DIVIDED,,STRAIGHT AND LEVEL,WET,NO DEFECTS,ON SCENE,INJURY AND / OR TOW DUE TO CRASH,Y,,,"$501 - $1,500",9/8/2019 11:44,FAILING TO YIELD RIGHT-OF-WAY,NOT APPLICABLE,1000,N,KEYSTONE AVE,1111,,,,,,,2,NONINCAPACITATING INJURY,1,0,0,1,0,5,0,11,1,9,41.89908857,-87.72757225,POINT (-87.727572251252 41.899088573236)
JC424776,,9/8/2019 11:35,30,NO CONTROLS,NO CONTROLS,RAIN,DAYLIGHT,SIDESWIPE SAME DIRECTION,NOT DIVIDED,,STRAIGHT AND LEVEL,WET,NO DEFECTS,NOT ON SCENE (DESK REPORT),NO INJURY / DRIVE AWAY,,,,"$501 - $1,500",9/8/2019 12:13,UNABLE TO DETERMINE,UNABLE TO DETERMINE,22,N,KILDARE AVE,1115,,,,,,,2,NO INDICATION OF INJURY,0,0,0,0,0,2,0,11,1,9,41.88136167,-87.73319549,POINT (-87.733195485947 41.881361669436)
JC424954,,9/8/2019 11:30,35,NO CONTROLS,NO CONTROLS,CLEAR,DAYLIGHT,SIDESWIPE SAME DIRECTION,NOT DIVIDED,,STRAIGHT AND LEVEL,DRY,NO DEFECTS,NOT ON SCENE (DESK REPORT),NO INJURY / DRIVE AWAY,,,,"$501 - $1,500",9/8/2019 15:40,UNABLE TO DETERMINE,UNABLE TO DETERMINE,15,N,KILDARE AVE,1115,,,,,,,2,NO INDICATION OF INJURY,0,0,0,0,0,3,0,11,1,9,41.88116908,-87.73289495,POINT (-87.73289494627 41.881169075569)