RD_NO,CRASH_DATE_EST_I,CRASH_DATE,POSTED_SPEED_LIMIT,TRAFFIC_CONTROL_DEVICE,DEVICE_CONDITION,WEATHER_CONDITION,LIGHTING_CONDITION,FIRST_CRASH_TYPE,TRAFFICWAY_TYPE,LANE_CNT,ALIGNMENT,ROADWAY_SURFACE_COND,ROAD_DEFECT,REPORT_TYPE,CRASH_TYPE,INTERSECTION_RELATED_I,NOT_RIGHT_OF_WAY_I,HIT_AND_RUN_I,DAMAGE,DATE_POLICE_NOTIFIED,PRIM_CONTRIBUTORY_CAUSE,SEC_CONTRIBUTORY_CAUSE,STREET_NO,STREET_DIRECTION,STREET_NAME,BEAT_OF_OCCURRENCE,PHOTOS_TAKEN_I,STATEMENTS_TAKEN_I,DOORING_I,WORK_ZONE_I,WORK_ZONE_TYPE,WORKERS_PRESENT_I,NUM_UNITS,MOST_SEVERE_INJURY,INJURIES_TOTAL,INJURIES_FATAL,INJURIES_INCAPACITATING,INJURIES_NON_INCAPACITATING,INJURIES_REPORTED_NOT_EVIDENT,INJURIES_NO_INDICATION,INJURIES_UNKNOWN,CRASH_HOUR,CRASH_DAY_OF_WEEK,CRASH_MONTH,LATITUDE,LONGITUDE,LOCATION
JC424799,,9/8/2019 11:30,30,TRAFFIC SIGNAL,FUNCTIONING PROPERLY,RAIN,DAYLIGHT,TURNING,FOUR WAY,,STRAIGHT AND LEVEL,WET,NO DEFECTS,NOT ON SCENE (DESK REPORT),NO INJURY / DRIVE AWAY,Y,,,$500 OR LESS,9/8/2019 12:20,TURNING RIGHT ON RED,NOT APPLICABLE,8701,S,STONY ISLAND AVE,412,,,,,,,2,NO INDICATION OF INJURY,0,0,0,0,0,2,0,11,1,9,41.73682783,-87.58506058,POINT (-87.585060580126 41.73682782899)
JC425061,,9/8/2019 11:26,30,STOP SIGN/FLASHER,FUNCTIONING PROPERLY,CLEAR,DAYLIGHT,REAR END,DIVIDED - W/MEDIAN (NOT RAISED),,STRAIGHT AND LEVEL,DRY,NO DEFECTS,NOT ON SCENE (DESK REPORT),NO INJURY / DRIVE AWAY,,,,"OVER $1,500",9/8/2019 16:50,FOLLOWING TOO CLOSELY,UNABLE TO DETERMINE,4105,W,CHICAGO AVE,1111,,,,,,,2,NO INDICATION OF INJURY,0,0,0,0,0,2,0,11,1,9,41.89520906,-87.72879128,POINT (-87.728791277168 41.895209063885)
JC424746,,9/8/2019 11:17,30,STOP SIGN/FLASHER,FUNCTIONING PROPERLY,RAIN,DAYLIGHT,TURNING,DIVIDED - W/MEDIAN (NOT RAISED),,STRAIGHT AND LEVEL,WET,NO DEFECTS,ON SCENE,NO INJURY / DRIVE AWAY,Y,,Y,"$501 - $1,500",9/8/2019 11:29,FAILING TO YIELD RIGHT-OF-WAY,UNABLE TO DETERMINE,3832,W,CHICAGO AVE,1112,,,,,,,2,NO INDICATION OF INJURY,0,0,0,0,0,2,0,11,1,9,41.89551075,-87.72247443,POINT (-87.72247442871 41.895510752526)
JC424747,,9/8/2019 11:16,35,NO CONTROLS,NO CONTROLS,CLEAR,DAYLIGHT,PARKED MOTOR VEHICLE,DIVIDED - W/MEDIAN BARRIER,,STRAIGHT AND LEVEL,DRY,NO DEFECTS,ON SCENE,INJURY AND / OR TOW DUE TO CRASH,,,,"OVER $1,500",9/8/2019 11:17,"OPERATING VEHICLE IN ERRATIC, RECKLESS, CARELESS, NEGLIGENT OR AGGRESSIVE MANNER",FAILING TO REDUCE SPEED TO AVOID CRASH,8743,S,HALSTED ST,2223,,,,,,,5,NO INDICATION OF INJURY,0,0,0,0,0,2,0,11,1,9,41.73461689,-87.64343022,POINT (-87.643430222014 41.734616888699)
JC424730,,9/8/2019 11:00,30,TRAFFIC SIGNAL,FUNCTIONING PROPERLY,RAIN,DAYLIGHT,TURNING,DIVIDED - W/MEDIAN (NOT RAISED),,"CURVE, LEVEL",WET,NO DEFECTS,ON SCENE,NO INJURY / DRIVE AWAY,Y,,,"$501 - $1,500",9/8/2019 11:09,DISREGARDING ROAD MARKINGS,NOT APPLICABLE,2000,E,MARQUETTE DR,331,,,,,,,2,NO INDICATION OF INJURY,0,0,0,0,0,5,0,11,1,9,41.77576988,-87.57634735,POINT (-87.57634735179 41.775769880715)
JC424727,Y,9/8/2019 11:00,30,NO CONTROLS,NO CONTROLS,RAIN,DAYLIGHT,PARKED MOTOR VEHICLE,ONE-WAY,,STRAIGHT AND LEVEL,WET,NO DEFECTS,NOT ON SCENE (DESK REPORT),NO INJURY / DRIVE AWAY,,,Y,$500 OR LESS,9/8/2019 11:10,UNABLE TO DETERMINE,UNABLE TO DETERMINE,6651,S,BISHOP ST,725,,,,,,,2,NO INDICATION OF INJURY,0,0,0,0,0,1,0,11,1,9,41.77256383,-87.66023464,POINT (-87.660234643678 41.77256383057)
JC424719,,9/8/2019 10:53,25,TRAFFIC SIGNAL,FUNCTIONING PROPERLY,RAIN,DAYLIGHT,SIDESWIPE SAME DIRECTION,NOT DIVIDED,,STRAIGHT AND LEVEL,WET,NO DEFECTS,ON SCENE,INJURY AND / OR TOW DUE TO CRASH,,,,"OVER $1,500",9/8/2019 10:58,FAILING TO YIELD RIGHT-OF-WAY,UNABLE TO DETERMINE,1159,S,CANAL ST,124,,,,,,,2,"REPORTED, NOT EVIDENT",1,0,0,0,1,2,0,10,1,9,41.86731941,-87.63905675,POINT (-87.63905674603 41.867319405339)
JC424714,,9/8/2019 10:45,25,NO CONTROLS,NO CONTROLS,CLEAR,DAYLIGHT,TURNING,NOT DIVIDED,,STRAIGHT AND LEVEL,WET,NO DEFECTS,NOT ON SCENE (DESK REPORT),NO INJURY / DRIVE AWAY,,,Y,"$501 - $1,500",9/8/2019 11:00,FAILING TO YIELD RIGHT-OF-WAY,IMPROPER TURNING/NO SIGNAL,805,W,76TH ST,621,,,,,,,2,NO INDICATION OF INJURY,0,0,0,0,0,2,0,10,1,9,41.75598863,-87.64440812,POINT (-87.644408123745 41.755988628267)
JC424725,Y,9/8/2019 10:40,30,STOP SIGN/FLASHER,FUNCTIONING IMPROPERLY,RAIN,DAYLIGHT,ANGLE,NOT DIVIDED,,STRAIGHT AND LEVEL,WET,NO DEFECTS,NOT ON SCENE (DESK REPORT),INJURY AND / OR TOW DUE TO CRASH,Y,,,"OVER $1,500",9/8/2019 11:00,DISREGARDING STOP SIGN,FAILING TO YIELD RIGHT-OF-WAY,5698,W,AUGUSTA BLVD,1511,,,,,,,2,"REPORTED, NOT EVIDENT",1,0,0,0,1,2,0,10,1,9,41.89857351,-87.76789134,POINT (-87.767891335283 41.898573508834)
JC424765,,9/8/2019 10:30,30,STOP SIGN/FLASHER,FUNCTIONING PROPERLY,CLEAR,DAYLIGHT,ANGLE,FOUR WAY,,STRAIGHT AND LEVEL,WET,NO DEFECTS,NOT ON SCENE (DESK REPORT),INJURY AND / OR TOW DUE TO CRASH,Y,,,"OVER $1,500",9/8/2019 12:05,DISREGARDING STOP SIGN,FAILING TO YIELD RIGHT-OF-WAY,5700,W,AUGUSTA BLVD,1511,N,,,,,,2,NONINCAPACITATING INJURY,2,0,0,2,0,1,0,10,1,9,41.89857179,-87.76801295,POINT (-87.768012944745 41.898571792448)
JC424717,,9/8/2019 10:30,25,NO CONTROLS,NO CONTROLS,RAIN,DAYLIGHT,PARKED MOTOR VEHICLE,PARKING LOT,,STRAIGHT AND LEVEL,WET,UNKNOWN,NOT ON SCENE (DESK REPORT),NO INJURY / DRIVE AWAY,,Y,Y,"OVER $1,500",9/8/2019 11:05,UNABLE TO DETERMINE,NOT APPLICABLE,4500,N,BROADWAY,1913,,,,,,,2,NO INDICATION OF INJURY,0,0,0,0,0,1,0,10,1,9,41.96378896,-87.65660649,POINT (-87.656606492376 41.963788964252)
JC424695,,9/8/2019 10:26,30,STOP SIGN/FLASHER,FUNCTIONING PROPERLY,RAIN,DAYLIGHT,REAR END,NOT DIVIDED,,STRAIGHT AND LEVEL,WET,NO DEFECTS,ON SCENE,INJURY AND / OR TOW DUE TO CRASH,Y,,,"OVER $1,500",9/8/2019 10:29,UNABLE TO DETERMINE,UNABLE TO DETERMINE,3000,W,BRYN MAWR AVE,2011,,,,,,,3,NO INDICATION OF INJURY,0,0,0,0,0,3,0,10,1,9,41.98320718,-87.7040652,POINT (-87.704065203703 41.98320718024)
JC424686,,9/8/2019 10:22,30,TRAFFIC SIGNAL,FUNCTIONING PROPERLY,RAIN,DAYLIGHT,TURNING,FOUR WAY,,STRAIGHT AND LEVEL,WET,NO DEFECTS,ON SCENE,NO INJURY / DRIVE AWAY,Y,,,"OVER $1,500",9/8/2019 10:24,IMPROPER OVERTAKING/PASSING,UNABLE TO DETERMINE,2340,W,35TH ST,912,,,,,,,2,NO INDICATION OF INJURY,0,0,0,0,0,3,0,10,1,9,41.83039898,-87.68442506,POINT (-87.684425054949 41.830398983034)
JC425081,,9/8/2019 10:15,30,NO CONTROLS,NO CONTROLS,CLEAR,DAYLIGHT,REAR END,NOT DIVIDED,,STRAIGHT AND LEVEL,UNKNOWN,UNKNOWN,NOT ON SCENE (DESK REPORT),INJURY AND / OR TOW DUE TO CRASH,,,,"OVER $1,500",9/8/2019 17:20,DRIVING SKILLS/KNOWLEDGE/EXPERIENCE,UNABLE TO DETERMINE,521,S,WELLS ST,123,,,,,,,2,"REPORTED, NOT EVIDENT",2,0,0,0,2,1,0,10,1,9,41.8751923,-87.63350119,POINT (-87.633501191287 41.875192303537)
JC424682,,9/8/2019 10:12,35,TRAFFIC SIGNAL,FUNCTIONING PROPERLY,RAIN,DAYLIGHT,TURNING,FOUR WAY,,STRAIGHT AND LEVEL,WET,NO DEFECTS,ON SCENE,NO INJURY / DRIVE AWAY,Y,,,"$501 - $1,500",9/8/2019 10:15,WEATHER,UNABLE TO DETERMINE,4401,S,PULASKI RD,821,,,,,,,2,NO INDICATION OF INJURY,0,0,0,0,0,2,0,10,1,9,41.81327793,-87.72364188,POINT (-87.723641881733 41.813277928858)
JC425199,,9/8/2019 10:10,25,TRAFFIC SIGNAL,FUNCTIONING PROPERLY,CLEAR,DAYLIGHT,REAR END,NOT DIVIDED,,STRAIGHT AND LEVEL,DRY,NO DEFECTS,NOT ON SCENE (DESK REPORT),NO INJURY / DRIVE AWAY,Y,,,"OVER $1,500",9/8/2019 19:01,FAILING TO REDUCE SPEED TO AVOID CRASH,NOT APPLICABLE,160,W,CERMAK RD,914,,,,,,,2,NO INDICATION OF INJURY,0,0,0,0,0,2,0,10,1,9,41.8529657,-87.63175599,POINT (-87.631755989104 41.852965703857)
JC424724,,9/8/2019 10:00,30,TRAFFIC SIGNAL,FUNCTIONING PROPERLY,RAIN,DAYLIGHT,PARKED MOTOR VEHICLE,ONE-WAY,,STRAIGHT AND LEVEL,WET,UNKNOWN,ON SCENE,NO INJURY / DRIVE AWAY,,,Y,"OVER $1,500",9/8/2019 11:11,UNABLE TO DETERMINE,UNABLE TO DETERMINE,57,N,KOSTNER AVE,1115,,Y,,,,,2,NO INDICATION OF INJURY,0,0,0,0,0,1,0,10,1,9,41.8818636,-87.73536807,POINT (-87.735368069489 41.881863595636)
JC424715,,9/8/2019 10:00,30,NO CONTROLS,NO CONTROLS,CLOUDY/OVERCAST,DAYLIGHT,REAR END,DIVIDED - W/MEDIAN (NOT RAISED),,STRAIGHT AND LEVEL,WET,NO DEFECTS,NOT ON SCENE (DESK REPORT),INJURY AND / OR TOW DUE TO CRASH,,,,"OVER $1,500",9/8/2019 11:15,FOLLOWING TOO CLOSELY,FOLLOWING TOO CLOSELY,2335,N,HARLEM AVE,2512,,,,,,,2,"REPORTED, NOT EVIDENT",1,0,0,0,1,1,0,10,1,9,41.92217382,-87.80604978,POINT (-87.80604977816 41.922173817344)
JC424671,,9/8/2019 9:50,30,NO CONTROLS,NO CONTROLS,RAIN,DAYLIGHT,TURNING,NOT DIVIDED,,STRAIGHT AND LEVEL,WET,NO DEFECTS,NOT ON SCENE (DESK REPORT),NO INJURY / DRIVE AWAY,,,,"$501 - $1,500",9/8/2019 10:05,UNABLE TO DETERMINE,UNABLE TO DETERMINE,7340,N,CLARK ST,2424,,,,,,,2,NO INDICATION OF INJURY,0,0,0,0,0,2,0,9,1,9,42.01497569,-87.6751762,POINT (-87.67517619872 42.014975691711)
JC424667,,9/8/2019 9:40,30,NO CONTROLS,MISSING,RAIN,DAYLIGHT,TURNING,NOT DIVIDED,,STRAIGHT AND LEVEL,WET,UNKNOWN,ON SCENE,INJURY AND / OR TOW DUE TO CRASH,Y,,Y,"OVER $1,500",9/8/2019 9:45,FAILING TO YIELD RIGHT-OF-WAY,"OPERATING VEHICLE IN ERRATIC, RECKLESS, CARELESS, NEGLIGENT OR AGGRESSIVE MANNER",13200,S,INDIANA AVE,533,,,,,,,3,NONINCAPACITATING INJURY,1,0,0,1,0,2,0,9,1,9,41.65531048,-87.61741218,POINT (-87.617412181422 41.655310480937)
JC424689,,9/8/2019 9:38,30,NO CONTROLS,NO CONTROLS,FREEZING RAIN/DRIZZLE,DAYLIGHT,REAR END,NOT DIVIDED,,STRAIGHT AND LEVEL,WET,NO DEFECTS,ON SCENE,INJURY AND / OR TOW DUE TO CRASH,,,,"OVER $1,500",9/8/2019 9:38,DISTRACTION - FROM INSIDE VEHICLE,CELL PHONE USE OTHER THAN TEXTING,653,E,75TH ST,624,,,,,,,2,NONINCAPACITATING INJURY,1,0,0,1,0,4,0,9,1,9,41.75842366,-87.60815059,POINT (-87.608150590912 41.758423659223)
JC424660,,9/8/2019 9:35,30,TRAFFIC SIGNAL,FUNCTIONING PROPERLY,CLOUDY/OVERCAST,DAYLIGHT,TURNING,ONE-WAY,,STRAIGHT AND LEVEL,DRY,NO DEFECTS,ON SCENE,NO INJURY / DRIVE AWAY,Y,,,"OVER $1,500",9/8/2019 9:45,FAILING TO YIELD RIGHT-OF-WAY,NOT APPLICABLE,99,E,MONROE ST,112,,,,,,,2,NO INDICATION OF INJURY,0,0,0,0,0,2,0,9,1,9,41.88071557,-87.62442284,POINT (-87.624422843507 41.880715571269)
JC424662,,9/8/2019 9:30,30,NO CONTROLS,NO CONTROLS,RAIN,DAYLIGHT,TURNING,NOT DIVIDED,,STRAIGHT AND LEVEL,WET,NO DEFECTS,ON SCENE,INJURY AND / OR TOW DUE TO CRASH,,,,"OVER $1,500",9/8/2019 9:35,FAILING TO YIELD RIGHT-OF-WAY,UNABLE TO DETERMINE,5830,W,IRVING PARK RD,1624,,,,,,,2,NO INDICATION OF INJURY,0,0,0,0,0,2,0,9,1,9,41.95321137,-87.77317626,POINT (-87.773176263181 41.953211365778)
JC424661,,9/8/2019 9:30,30,NO CONTROLS,NO CONTROLS,FREEZING RAIN/DRIZZLE,DAYLIGHT,PARKED MOTOR VEHICLE,ONE-WAY,,STRAIGHT AND LEVEL,WET,NO DEFECTS,ON SCENE,NO INJURY / DRIVE AWAY,,,Y,"OVER $1,500",9/8/2019 9:36,UNABLE TO DETERMINE,UNABLE TO DETERMINE,4910,S,HONORE ST,931,,,,,,,2,NO INDICATION OF INJURY,0,0,0,0,0,1,0,9,1,9,41.80450452,-87.67108546,POINT (-87.671085463621 41.804504518575)
JC424653,,9/8/2019 9:20,35,NO CONTROLS,NO CONTROLS,CLEAR,DAYLIGHT,REAR END,NOT DIVIDED,,STRAIGHT AND LEVEL,WET,NO DEFECTS,ON SCENE,NO INJURY / DRIVE AWAY,,,Y,$500 OR LESS,9/8/2019 9:24,FOLLOWING TOO CLOSELY,FAILING TO REDUCE SPEED TO AVOID CRASH,5300,S,HALSTED ST,934,,,,,,,2,NO INDICATION OF INJURY,0,0,0,0,0,2,0,9,1,9,41.79779435,-87.64539322,POINT (-87.645393214766 41.797794354059)
JC424646,,9/8/2019 9:20,30,TRAFFIC SIGNAL,FUNCTIONING PROPERLY,CLOUDY/OVERCAST,DAYLIGHT,TURNING,NOT DIVIDED,,STRAIGHT AND LEVEL,WET,NO DEFECTS,ON SCENE,NO INJURY / DRIVE AWAY,Y,,Y,"OVER $1,500",9/8/2019 9:26,DISREGARDING TRAFFIC SIGNALS,NOT APPLICABLE,702,S,CENTRAL AVE,1513,,,,,,,2,NO INDICATION OF INJURY,0,0,0,0,0,3,0,9,1,9,41.87170306,-87.76470838,POINT (-87.76470838016 41.87170306104)
JC424651,,9/8/2019 9:10,30,NO CONTROLS,NO CONTROLS,RAIN,DAYLIGHT,FIXED OBJECT,DIVIDED - W/MEDIAN BARRIER,,STRAIGHT AND LEVEL,WET,UNKNOWN,ON SCENE,INJURY AND / OR TOW DUE TO CRASH,,,,"$501 - $1,500",9/8/2019 9:18,WEATHER,NOT APPLICABLE,30,E,LA SALLE DR,1814,,,,,,,1,NONINCAPACITATING INJURY,2,0,0,2,0,0,0,9,1,9,41.91238687,-87.62792255,POINT (-87.627922544659 41.912386866365)
JC424642,,9/8/2019 9:05,10,NO CONTROLS,NO CONTROLS,RAIN,DAYLIGHT,PEDESTRIAN,PARKING LOT,,STRAIGHT AND LEVEL,WET,UNKNOWN,ON SCENE,INJURY AND / OR TOW DUE TO CRASH,,Y,,$500 OR LESS,9/8/2019 9:07,IMPROPER BACKING,UNABLE TO DETERMINE,4608,W,BELMONT AVE,1731,,,,,,,2,NONINCAPACITATING INJURY,1,0,0,1,0,2,0,9,1,9,41.93899382,-87.74269899,POINT (-87.742698989467 41.938993824336)
JC424641,,9/8/2019 9:05,30,TRAFFIC SIGNAL,FUNCTIONING PROPERLY,RAIN,DAYLIGHT,TURNING,ONE-WAY,,STRAIGHT AND LEVEL,WET,NO DEFECTS,ON SCENE,NO INJURY / DRIVE AWAY,Y,,,"OVER $1,500",9/8/2019 9:05,UNABLE TO DETERMINE,UNABLE TO DETERMINE,2999,W,CONGRESS PKWY,1135,,,,,,,2,NO INDICATION OF INJURY,0,0,0,0,0,2,0,9,1,9,41.87424262,-87.70088858,POINT (-87.700888578114 41.874242623273)
JC426606,,9/8/2019 9:00,30,NO CONTROLS,NO CONTROLS,CLEAR,DAYLIGHT,SIDESWIPE SAME DIRECTION,NOT DIVIDED,,STRAIGHT AND LEVEL,DRY,NO DEFECTS,NOT ON SCENE (DESK REPORT),NO INJURY / DRIVE AWAY,,,,"$501 - $1,500",9/9/2019 18:55,FAILING TO YIELD RIGHT-OF-WAY,FAILING TO YIELD RIGHT-OF-WAY,6924,S,KEDVALE AVE,833,,,,,,,2,NO INDICATION OF INJURY,0,0,0,0,0,2,0,9,1,9,41.7668877,-87.72695776,POINT (-87.72695775582 41.766887702522)
JC424635,Y,9/8/2019 8:45,35,NO CONTROLS,NO CONTROLS,FREEZING RAIN/DRIZZLE,DAYLIGHT,SIDESWIPE OPPOSITE DIRECTION,DIVIDED - W/MEDIAN (NOT RAISED),,STRAIGHT AND LEVEL,WET,NO DEFECTS,NOT ON SCENE (DESK REPORT),NO INJURY / DRIVE AWAY,,,,"OVER $1,500",9/8/2019 9:15,UNABLE TO DETERMINE,UNABLE TO DETERMINE,1500,N,LAKE SHORE DR NB,1824,,,,,,,2,NO INDICATION OF INJURY,0,0,0,0,0,2,0,8,1,9,41.90961072,-87.62583365,POINT (-87.625833647032 41.9096107172)
JC429296,,9/8/2019 8:30,30,NO CONTROLS,NO CONTROLS,CLEAR,DAYLIGHT,PARKED MOTOR VEHICLE,OTHER,,STRAIGHT AND LEVEL,DRY,NO DEFECTS,NOT ON SCENE (DESK REPORT),NO INJURY / DRIVE AWAY,,,,"OVER $1,500",9/11/2019 17:59,IMPROPER BACKING,UNABLE TO DETERMINE,2401,S,WABASH AVE,131,,,,,,,2,NO INDICATION OF INJURY,0,0,0,0,0,1,0,8,1,9,41.84921077,-87.62526793,POINT (-87.625267928811 41.849210766645)
JC424637,,9/8/2019 8:15,30,NO CONTROLS,NO CONTROLS,RAIN,DAYLIGHT,PARKED MOTOR VEHICLE,ONE-WAY,,STRAIGHT AND LEVEL,WET,NO DEFECTS,NOT ON SCENE (DESK REPORT),NO INJURY / DRIVE AWAY,,,Y,"$501 - $1,500",9/8/2019 9:15,UNABLE TO DETERMINE,NOT APPLICABLE,1318,S,KILDARE AVE,1011,,,,,,,2,NO INDICATION OF INJURY,0,0,0,0,0,1,0,8,1,9,41.86363808,-87.73258355,POINT (-87.732583546183 41.863638079235)
JC424607,,9/8/2019 8:15,30,NO CONTROLS,NO CONTROLS,CLOUDY/OVERCAST,DAYLIGHT,REAR END,NOT DIVIDED,,STRAIGHT AND LEVEL,DRY,NO DEFECTS,NOT ON SCENE (DESK REPORT),NO INJURY / DRIVE AWAY,,,,"OVER $1,500",9/8/2019 8:33,"OPERATING VEHICLE IN ERRATIC, RECKLESS, CARELESS, NEGLIGENT OR AGGRESSIVE MANNER",UNABLE TO DETERMINE,9328,S,HALSTED ST,2223,,,,,,,2,NO INDICATION OF INJURY,0,0,0,0,0,3,0,8,1,9,41.72413694,-87.64343152,POINT (-87.643431523708 41.724136936614)
JC425642,,9/8/2019 8:00,25,NO CONTROLS,NO CONTROLS,CLEAR,DAYLIGHT,PARKED MOTOR VEHICLE,NOT DIVIDED,,STRAIGHT AND LEVEL,DRY,NO DEFECTS,NOT ON SCENE (DESK REPORT),NO INJURY / DRIVE AWAY,,,Y,"$501 - $1,500",9/9/2019 8:00,UNABLE TO DETERMINE,UNABLE TO DETERMINE,611,E,60TH ST,313,,,,,,,2,NO INDICATION OF INJURY,0,0,0,0,0,1,0,8,1,9,41.78568592,-87.61043997,POINT (-87.610439968694 41.785685923557)
JC424903,,9/8/2019 8:00,25,NO CONTROLS,UNKNOWN,CLEAR,DAYLIGHT,HEAD ON,NOT DIVIDED,,STRAIGHT AND LEVEL,DRY,UNKNOWN,NOT ON SCENE (DESK REPORT),NO INJURY / DRIVE AWAY,,,Y,"OVER $1,500",9/8/2019 13:00,IMPROPER TURNING/NO SIGNAL,DRIVING ON WRONG SIDE/WRONG WAY,7599,S,ELLIS AVE,624,,,,,,,2,NO INDICATION OF INJURY,0,0,0,0,0,2,0,8,1,9,41.75690375,-87.60032702,POINT (-87.600327022947 41.756903747483)
JC424757,,9/8/2019 7:50,30,NO CONTROLS,NO CONTROLS,RAIN,DAYLIGHT,PARKED MOTOR VEHICLE,NOT DIVIDED,,STRAIGHT AND LEVEL,WET,NO DEFECTS,NOT ON SCENE (DESK REPORT),NO INJURY / DRIVE AWAY,,,,"$501 - $1,500",9/8/2019 11:54,UNABLE TO DETERMINE,UNABLE TO DETERMINE,3020,W,WILSON AVE,1713,,,,,,,3,NO INDICATION OF INJURY,0,0,0,0,0,1,0,7,1,9,41.96484358,-87.7043154,POINT (-87.7043154032 41.964843576856)
JC424586,,9/8/2019 7:40,30,NO CONTROLS,NO CONTROLS,CLEAR,DAYLIGHT,FIXED OBJECT,T-INTERSECTION,,STRAIGHT AND LEVEL,DRY,NO DEFECTS,ON SCENE,NO INJURY / DRIVE AWAY,,,,"OVER $1,500",9/8/2019 7:45,DISREGARDING OTHER TRAFFIC SIGNS,NOT APPLICABLE,400,E,RANDOLPH ST,114,,,,,,,1,NO INDICATION OF INJURY,0,0,0,0,0,1,0,7,1,9,41.88464637,-87.6172485,POINT (-87.617248496239 41.884646365435)
JC424575,,9/8/2019 7:26,30,NO CONTROLS,NO CONTROLS,CLEAR,DAWN,PARKED MOTOR VEHICLE,NOT DIVIDED,,STRAIGHT AND LEVEL,DRY,NO DEFECTS,ON SCENE,INJURY AND / OR TOW DUE TO CRASH,,,,"OVER $1,500",9/8/2019 7:26,UNABLE TO DETERMINE,UNABLE TO DETERMINE,5819,S,ST LOUIS AVE,822,,,,,,,2,NO INDICATION OF INJURY,0,0,0,0,0,1,0,7,1,9,41.78738043,-87.71058941,POINT (-87.71058941061 41.787380426402)
JC424952,,9/8/2019 7:20,35,TRAFFIC SIGNAL,FUNCTIONING PROPERLY,CLOUDY/OVERCAST,DAYLIGHT,ANGLE,FOUR WAY,,STRAIGHT AND LEVEL,DRY,NO DEFECTS,ON SCENE,NO INJURY / DRIVE AWAY,Y,,,"OVER $1,500",9/8/2019 7:28,UNABLE TO DETERMINE,NOT APPLICABLE,621,N,WELLS ST,1832,,,,,,,3,NO INDICATION OF INJURY,0,0,0,0,0,4,0,7,1,9,41.8931506,-87.63396271,POINT (-87.633962711316 41.893150596897)
JC430119,,9/8/2019 7:15,30,TRAFFIC SIGNAL,FUNCTIONING PROPERLY,CLEAR,DAYLIGHT,SIDESWIPE SAME DIRECTION,UNKNOWN INTERSECTION TYPE,,STRAIGHT AND LEVEL,DRY,NO DEFECTS,NOT ON SCENE (DESK REPORT),NO INJURY / DRIVE AWAY,Y,,,"OVER $1,500",9/12/2019 12:00,NOT APPLICABLE,NOT APPLICABLE,5700,S,CICERO AVE,813,,,,,,,2,NO INDICATION OF INJURY,0,0,0,0,0,2,0,7,1,9,41.78932932,-87.74164564,POINT (-87.741645644196 41.789329323265)
JC424584,,9/8/2019 7:15,20,TRAFFIC SIGNAL,FUNCTIONING PROPERLY,CLEAR,DAYLIGHT,ANGLE,NOT DIVIDED,,STRAIGHT AND LEVEL,DRY,NO DEFECTS,ON SCENE,INJURY AND / OR TOW DUE TO CRASH,N,,,"$501 - $1,500",9/8/2019 7:26,DISREGARDING TRAFFIC SIGNALS,NOT APPLICABLE,3700,W,63RD ST,823,,,,,,,2,NO INDICATION OF INJURY,0,0,0,0,0,3,0,7,1,9,41.7788777,-87.71552906,POINT (-87.715529054506 41.778877701173)
JC424574,,9/8/2019 7:15,30,TRAFFIC SIGNAL,FUNCTIONING PROPERLY,CLEAR,DAYLIGHT,TURNING,FOUR WAY,,STRAIGHT AND LEVEL,DRY,UNKNOWN,ON SCENE,INJURY AND / OR TOW DUE TO CRASH,Y,,,"OVER $1,500",9/8/2019 7:21,UNABLE TO DETERMINE,NOT APPLICABLE,6407,N,CENTRAL AVE,1621,,,,,,,2,NO INDICATION OF INJURY,0,0,0,0,0,7,0,7,1,9,41.99755886,-87.76355702,POINT (-87.763557018504 41.997558854584)
JC424569,,9/8/2019 7:05,30,TRAFFIC SIGNAL,FUNCTIONING PROPERLY,CLEAR,DAYLIGHT,REAR END,DIVIDED - W/MEDIAN (NOT RAISED),,STRAIGHT AND LEVEL,DRY,NO DEFECTS,NOT ON SCENE (DESK REPORT),NO INJURY / DRIVE AWAY,Y,,,"OVER $1,500",9/8/2019 7:20,FOLLOWING TOO CLOSELY,FAILING TO REDUCE SPEED TO AVOID CRASH,5358,W,IRVING PARK RD,1624,,,,,,,2,NO INDICATION OF INJURY,0,0,0,0,0,2,0,7,1,9,41.95335465,-87.76195618,POINT (-87.761956179326 41.953354653197)
JC424643,,9/8/2019 7:00,10,NO CONTROLS,NO CONTROLS,CLEAR,DAYLIGHT,FIXED OBJECT,ALLEY,,STRAIGHT AND LEVEL,DRY,DEBRIS ON ROADWAY,NOT ON SCENE (DESK REPORT),NO INJURY / DRIVE AWAY,,,,$500 OR LESS,9/8/2019 9:00,UNABLE TO DETERMINE,UNABLE TO DETERMINE,7210,S,MAY ST,733,,,,,,,1,NO INDICATION OF INJURY,0,0,0,0,0,1,0,7,1,9,41.7628808,-87.65299246,POINT (-87.652992460999 41.762880801285)
JC424565,,9/8/2019 6:59,30,NO CONTROLS,FUNCTIONING PROPERLY,CLOUDY/OVERCAST,DAWN,OTHER OBJECT,NOT DIVIDED,,"CURVE, LEVEL",DRY,NO DEFECTS,ON SCENE,INJURY AND / OR TOW DUE TO CRASH,,,,"$501 - $1,500",9/8/2019 6:59,UNABLE TO DETERMINE,UNABLE TO DETERMINE,3045,W,PETERSON AVE,2011,,,,,,,1,NO INDICATION OF INJURY,0,0,0,0,0,1,0,6,1,9,41.99029496,-87.70599471,POINT (-87.705994712932 41.990294956829)