RD_NO,CRASH_DATE_EST_I,CRASH_DATE,POSTED_SPEED_LIMIT,TRAFFIC_CONTROL_DEVICE,DEVICE_CONDITION,WEATHER_CONDITION,LIGHTING_CONDITION,FIRST_CRASH_TYPE,TRAFFICWAY_TYPE,LANE_CNT,ALIGNMENT,ROADWAY_SURFACE_COND,ROAD_DEFECT,REPORT_TYPE,CRASH_TYPE,INTERSECTION_RELATED_I,NOT_RIGHT_OF_WAY_I,HIT_AND_RUN_I,DAMAGE,DATE_POLICE_NOTIFIED,PRIM_CONTRIBUTORY_CAUSE,SEC_CONTRIBUTORY_CAUSE,STREET_NO,STREET_DIRECTION,STREET_NAME,BEAT_OF_OCCURRENCE,PHOTOS_TAKEN_I,STATEMENTS_TAKEN_I,DOORING_I,WORK_ZONE_I,WORK_ZONE_TYPE,WORKERS_PRESENT_I,NUM_UNITS,MOST_SEVERE_INJURY,INJURIES_TOTAL,INJURIES_FATAL,INJURIES_INCAPACITATING,INJURIES_NON_INCAPACITATING,INJURIES_REPORTED_NOT_EVIDENT,INJURIES_NO_INDICATION,INJURIES_UNKNOWN,CRASH_HOUR,CRASH_DAY_OF_WEEK,CRASH_MONTH,LATITUDE,LONGITUDE,LOCATION
JC424564,,9/8/2019 6:50,35,STOP SIGN/FLASHER,FUNCTIONING PROPERLY,CLEAR,DAYLIGHT,REAR END,DIVIDED - W/MEDIAN (NOT RAISED),,STRAIGHT AND LEVEL,DRY,NO DEFECTS,ON SCENE,INJURY AND / OR TOW DUE TO CRASH,,,,"OVER $1,500",9/8/2019 6:57,PHYSICAL CONDITION OF DRIVER,FOLLOWING TOO CLOSELY,2100,N,PULASKI RD,2525,,,,,,,2,"REPORTED, NOT EVIDENT",2,0,0,0,2,0,0,6,1,9,41.91903719,-87.72676314,POINT (-87.726763139745 41.919037192151)
JC424595,,9/8/2019 6:45,30,NO CONTROLS,NO CONTROLS,CLEAR,DAYLIGHT,SIDESWIPE OPPOSITE DIRECTION,NOT DIVIDED,,STRAIGHT AND LEVEL,DRY,NO DEFECTS,NOT ON SCENE (DESK REPORT),INJURY AND / OR TOW DUE TO CRASH,Y,,Y,"OVER $1,500",9/8/2019 8:05,FAILING TO REDUCE SPEED TO AVOID CRASH,NOT APPLICABLE,2105,W,52ND PL,932,,,,,,,2,NO INDICATION OF INJURY,0,0,0,0,0,2,0,6,1,9,41.79789127,-87.67709084,POINT (-87.677090842823 41.797891266228)
JC424572,N,9/8/2019 6:45,30,NO CONTROLS,NO CONTROLS,CLEAR,DAYLIGHT,PARKED MOTOR VEHICLE,NOT DIVIDED,,STRAIGHT AND LEVEL,DRY,NO DEFECTS,NOT ON SCENE (DESK REPORT),NO INJURY / DRIVE AWAY,,,Y,"OVER $1,500",9/8/2019 7:15,IMPROPER BACKING,NOT APPLICABLE,2756,W,FULTON ST,1222,,,,,,,2,NO INDICATION OF INJURY,0,0,0,0,0,1,0,6,1,9,41.88665049,-87.69620369,POINT (-87.69620368598 41.886650491178)
JC424557,,9/8/2019 6:36,30,TRAFFIC SIGNAL,FUNCTIONING PROPERLY,CLEAR,DAYLIGHT,PARKED MOTOR VEHICLE,NOT DIVIDED,,STRAIGHT AND LEVEL,DRY,NO DEFECTS,ON SCENE,INJURY AND / OR TOW DUE TO CRASH,,,Y,"OVER $1,500",9/8/2019 6:36,UNABLE TO DETERMINE,UNABLE TO DETERMINE,1,N,WESTERN AVE,1223,,Y,,,,,3,NO INDICATION OF INJURY,0,0,0,0,0,1,0,6,1,9,41.88121083,-87.68628581,POINT (-87.686285806864 41.88121082617)
JC424561,,9/8/2019 6:35,30,TRAFFIC SIGNAL,FUNCTIONING PROPERLY,CLEAR,DAWN,REAR END,NOT DIVIDED,,STRAIGHT AND LEVEL,DRY,NO DEFECTS,NOT ON SCENE (DESK REPORT),NO INJURY / DRIVE AWAY,,,Y,"OVER $1,500",9/8/2019 6:55,FOLLOWING TOO CLOSELY,UNABLE TO DETERMINE,5400,W,ADDISON ST,1633,,,,,,,2,NO INDICATION OF INJURY,0,0,0,0,0,3,0,6,1,9,41.9460494,-87.76190101,POINT (-87.761901010978 41.946049396419)
JC424669,N,9/8/2019 6:15,30,STOP SIGN/FLASHER,FUNCTIONING PROPERLY,CLOUDY/OVERCAST,DAYLIGHT,PARKED MOTOR VEHICLE,ONE-WAY,,STRAIGHT AND LEVEL,DRY,NO DEFECTS,NOT ON SCENE (DESK REPORT),INJURY AND / OR TOW DUE TO CRASH,,,Y,"OVER $1,500",9/8/2019 10:03,UNABLE TO DETERMINE,NOT APPLICABLE,4102,N,CAMPBELL AVE,1911,,,,,,,2,NO INDICATION OF INJURY,0,0,0,0,0,1,0,6,1,9,41.95593345,-87.6911156,POINT (-87.691115604005 41.955933453392)
JC424534,,9/8/2019 5:50,30,NO CONTROLS,NO CONTROLS,CLEAR,DAWN,PARKED MOTOR VEHICLE,NOT DIVIDED,,STRAIGHT AND LEVEL,DRY,NO DEFECTS,ON SCENE,INJURY AND / OR TOW DUE TO CRASH,,,,"OVER $1,500",9/8/2019 5:54,PHYSICAL CONDITION OF DRIVER,FAILING TO REDUCE SPEED TO AVOID CRASH,1826,W,CHICAGO AVE,1212,,,,,,,2,NO INDICATION OF INJURY,0,0,0,0,0,1,0,5,1,9,41.89608268,-87.67328187,POINT (-87.673281866748 41.896082683401)
JC424535,,9/8/2019 5:45,20,NO CONTROLS,NO CONTROLS,CLEAR,"DARKNESS, LIGHTED ROAD",PARKED MOTOR VEHICLE,PARKING LOT,,STRAIGHT AND LEVEL,DRY,NO DEFECTS,ON SCENE,NO INJURY / DRIVE AWAY,,,,"OVER $1,500",9/8/2019 5:55,IMPROPER BACKING,NOT APPLICABLE,524,W,OHARE ST,1654,,,,,,,2,NO INDICATION OF INJURY,0,0,0,0,0,1,0,5,1,9,,,
JC424539,,9/8/2019 5:40,30,TRAFFIC SIGNAL,FUNCTIONING PROPERLY,CLEAR,DAYLIGHT,ANGLE,DIVIDED - W/MEDIAN BARRIER,,STRAIGHT AND LEVEL,DRY,NO DEFECTS,ON SCENE,INJURY AND / OR TOW DUE TO CRASH,,,,"OVER $1,500",9/8/2019 5:40,DRIVING ON WRONG SIDE/WRONG WAY,PHYSICAL CONDITION OF DRIVER,601,S,INDEPENDENCE BLVD,1133,,,,,,,2,NO INDICATION OF INJURY,0,0,0,0,0,2,0,5,1,9,41.87347922,-87.7196089,POINT (-87.719608895659 41.873479220546)
JC424529,,9/8/2019 5:06,30,NO CONTROLS,UNKNOWN,CLEAR,DAWN,PARKED MOTOR VEHICLE,ONE-WAY,,STRAIGHT AND LEVEL,DRY,NO DEFECTS,ON SCENE,INJURY AND / OR TOW DUE TO CRASH,,,Y,"$501 - $1,500",9/8/2019 5:43,UNABLE TO DETERMINE,UNABLE TO DETERMINE,8157,S,ESCANABA AVE,422,,,,,,,2,NO INDICATION OF INJURY,0,0,0,0,0,1,0,5,1,9,41.74658976,-87.55386459,POINT (-87.553864585881 41.746589762835)
JC424503,,9/8/2019 4:42,30,TRAFFIC SIGNAL,FUNCTIONING PROPERLY,CLEAR,"DARKNESS, LIGHTED ROAD",PARKED MOTOR VEHICLE,NOT DIVIDED,,STRAIGHT AND LEVEL,DRY,NO DEFECTS,ON SCENE,NO INJURY / DRIVE AWAY,,,,"OVER $1,500",9/8/2019 4:50,"EVASIVE ACTION DUE TO ANIMAL, OBJECT, NONMOTORIST",NOT APPLICABLE,29,W,DIVISION ST,1824,,Y,,,,,3,NO INDICATION OF INJURY,0,0,0,0,0,2,0,4,1,9,41.90381415,-87.62991853,POINT (-87.6299185341 41.903814145449)
JC424675,,9/8/2019 4:30,25,NO CONTROLS,NO CONTROLS,UNKNOWN,DARKNESS,PARKED MOTOR VEHICLE,NOT DIVIDED,,STRAIGHT AND LEVEL,UNKNOWN,NO DEFECTS,ON SCENE,NO INJURY / DRIVE AWAY,,,Y,"OVER $1,500",9/8/2019 10:00,UNABLE TO DETERMINE,UNABLE TO DETERMINE,4130,W,44TH ST,815,,,,,,,2,NO INDICATION OF INJURY,0,0,0,0,0,1,0,4,1,9,41.81342743,-87.72739994,POINT (-87.727399942783 41.813427430105)
JC424507,,9/8/2019 4:27,30,NO CONTROLS,NO CONTROLS,CLEAR,"DARKNESS, LIGHTED ROAD",PARKED MOTOR VEHICLE,NOT DIVIDED,,STRAIGHT AND LEVEL,DRY,NO DEFECTS,ON SCENE,INJURY AND / OR TOW DUE TO CRASH,,,,"OVER $1,500",9/8/2019 4:27,UNABLE TO DETERMINE,UNABLE TO DETERMINE,2961,S,THROOP ST,913,,,,,,,3,NO INDICATION OF INJURY,0,0,0,0,0,1,0,4,1,9,41.84003174,-87.65097801,POINT (-87.650978008385 41.840031740702)
JC424491,,9/8/2019 4:26,30,NO CONTROLS,NO CONTROLS,CLEAR,"DARKNESS, LIGHTED ROAD",PARKED MOTOR VEHICLE,NOT DIVIDED,,STRAIGHT AND LEVEL,DRY,NO DEFECTS,ON SCENE,NO INJURY / DRIVE AWAY,,,Y,"$501 - $1,500",9/8/2019 4:26,FAILING TO REDUCE SPEED TO AVOID CRASH,DRIVING SKILLS/KNOWLEDGE/EXPERIENCE,11036,S,CAMPBELL AVE,2212,,,,,,,3,NO INDICATION OF INJURY,0,0,0,0,0,1,0,4,1,9,41.69251196,-87.68381764,POINT (-87.683817642907 41.692511957545)
JC424487,,9/8/2019 3:44,20,NO CONTROLS,NO CONTROLS,CLEAR,"DARKNESS, LIGHTED ROAD",PARKED MOTOR VEHICLE,ONE-WAY,,STRAIGHT AND LEVEL,DRY,NO DEFECTS,ON SCENE,INJURY AND / OR TOW DUE TO CRASH,,,,"OVER $1,500",9/8/2019 4:02,UNDER THE INFLUENCE OF ALCOHOL/DRUGS (USE WHEN ARREST IS EFFECTED),UNDER THE INFLUENCE OF ALCOHOL/DRUGS (USE WHEN ARREST IS EFFECTED),5136,W,HUTCHINSON ST,1624,,,,,,,2,NO INDICATION OF INJURY,0,0,0,0,0,1,0,3,1,9,41.95798356,-87.75633605,POINT (-87.756336048372 41.957983559315)
JC424480,,9/8/2019 3:40,35,NO CONTROLS,NO CONTROLS,CLEAR,"DARKNESS, LIGHTED ROAD",SIDESWIPE OPPOSITE DIRECTION,NOT DIVIDED,,STRAIGHT AND LEVEL,DRY,NO DEFECTS,ON SCENE,INJURY AND / OR TOW DUE TO CRASH,,,Y,"OVER $1,500",9/8/2019 3:51,UNABLE TO DETERMINE,UNABLE TO DETERMINE,6222,S,PULASKI RD,813,,,,,,,3,NO INDICATION OF INJURY,0,0,0,0,0,2,0,3,1,9,41.77965995,-87.72293504,POINT (-87.722935042722 41.779659952298)
JC424485,,9/8/2019 3:38,20,STOP SIGN/FLASHER,FUNCTIONING PROPERLY,CLEAR,"DARKNESS, LIGHTED ROAD",PARKED MOTOR VEHICLE,ONE-WAY,,STRAIGHT AND LEVEL,DRY,NO DEFECTS,ON SCENE,INJURY AND / OR TOW DUE TO CRASH,,,Y,"OVER $1,500",9/8/2019 4:15,"OPERATING VEHICLE IN ERRATIC, RECKLESS, CARELESS, NEGLIGENT OR AGGRESSIVE MANNER",NOT APPLICABLE,5011,S,LECLAIRE AVE,814,,,,,,,2,NO INDICATION OF INJURY,0,0,0,0,0,2,0,3,1,9,41.80167584,-87.75018543,POINT (-87.75018542489 41.801675841638)
JC427607,,9/8/2019 3:30,30,UNKNOWN,UNKNOWN,UNKNOWN,UNKNOWN,PARKED MOTOR VEHICLE,UNKNOWN,,STRAIGHT AND LEVEL,UNKNOWN,UNKNOWN,NOT ON SCENE (DESK REPORT),NO INJURY / DRIVE AWAY,,,Y,"OVER $1,500",9/10/2019 14:35,HAD BEEN DRINKING (USE WHEN ARREST IS NOT MADE),UNABLE TO DETERMINE,2423,W,104TH ST,2211,,,,,,,2,NO INDICATION OF INJURY,0,0,0,0,0,1,0,3,1,9,41.70445283,-87.68259709,POINT (-87.68259708724 41.704452827153)
JC424462,,9/8/2019 3:15,30,NO CONTROLS,NO CONTROLS,CLEAR,"DARKNESS, LIGHTED ROAD",PARKED MOTOR VEHICLE,NOT DIVIDED,,STRAIGHT AND LEVEL,DRY,NO DEFECTS,ON SCENE,INJURY AND / OR TOW DUE TO CRASH,,,,"OVER $1,500",9/8/2019 3:20,UNABLE TO DETERMINE,UNABLE TO DETERMINE,416,E,75TH ST,323,,,,,,,3,NO INDICATION OF INJURY,0,0,0,0,0,2,0,3,1,9,41.75853249,-87.61437625,POINT (-87.614376248729 41.75853249115)
JC424476,,9/8/2019 3:10,15,NO CONTROLS,NO CONTROLS,CLEAR,"DARKNESS, LIGHTED ROAD",PARKED MOTOR VEHICLE,PARKING LOT,,STRAIGHT AND LEVEL,DRY,NO DEFECTS,NOT ON SCENE (DESK REPORT),NO INJURY / DRIVE AWAY,,Y,,"OVER $1,500",9/8/2019 3:45,IMPROPER BACKING,NOT APPLICABLE,4060,W,115TH ST,2211,,,,,,,2,NO INDICATION OF INJURY,0,0,0,0,0,1,0,3,1,9,41.68403922,-87.72228166,POINT (-87.722281657965 41.68403922337)
JC425835,N,9/8/2019 3:00,30,NO CONTROLS,NO CONTROLS,UNKNOWN,UNKNOWN,PARKED MOTOR VEHICLE,ONE-WAY,,STRAIGHT AND LEVEL,UNKNOWN,UNKNOWN,NOT ON SCENE (DESK REPORT),NO INJURY / DRIVE AWAY,,,Y,"$501 - $1,500",9/9/2019 11:00,UNABLE TO DETERMINE,UNABLE TO DETERMINE,7847,S,RIDGELAND AVE,414,,,,,,,2,NO INDICATION OF INJURY,0,0,0,0,0,1,0,3,1,9,41.75196146,-87.58195144,POINT (-87.581951436389 41.751961458569)
JC424478,,9/8/2019 3:00,35,STOP SIGN/FLASHER,FUNCTIONING PROPERLY,CLEAR,"DARKNESS, LIGHTED ROAD",ANGLE,DIVIDED - W/MEDIAN (NOT RAISED),,STRAIGHT AND LEVEL,DRY,NO DEFECTS,ON SCENE,INJURY AND / OR TOW DUE TO CRASH,Y,,,"OVER $1,500",9/8/2019 3:00,DISREGARDING STOP SIGN,FAILING TO YIELD RIGHT-OF-WAY,2855,W,BELMONT AVE,1411,,,,,,,2,NO INDICATION OF INJURY,0,0,0,0,0,5,0,3,1,9,41.93926975,-87.70002438,POINT (-87.700024382058 41.939269746822)
JC424474,,9/8/2019 3:00,30,NO CONTROLS,NO CONTROLS,CLEAR,"DARKNESS, LIGHTED ROAD",SIDESWIPE SAME DIRECTION,NOT DIVIDED,,STRAIGHT AND LEVEL,UNKNOWN,UNKNOWN,NOT ON SCENE (DESK REPORT),NO INJURY / DRIVE AWAY,,,,"OVER $1,500",9/8/2019 3:35,UNABLE TO DETERMINE,NOT APPLICABLE,415,N,STATE ST,1834,,,,,,,2,NO INDICATION OF INJURY,0,0,0,0,0,2,0,3,1,9,41.88980696,-87.62785306,POINT (-87.627853055375 41.889806955655)
JC424469,,9/8/2019 2:55,35,TRAFFIC SIGNAL,FUNCTIONING PROPERLY,CLEAR,DARKNESS,FIXED OBJECT,NOT DIVIDED,,STRAIGHT AND LEVEL,DRY,NO DEFECTS,ON SCENE,INJURY AND / OR TOW DUE TO CRASH,Y,,,"OVER $1,500",9/8/2019 3:09,UNABLE TO DETERMINE,UNABLE TO DETERMINE,1832,W,115TH ST,2234,,,,,,,1,NONINCAPACITATING INJURY,1,0,0,1,0,0,0,2,1,9,41.68481455,-87.6676547,POINT (-87.667654698779 41.684814548058)
JC424459,,9/8/2019 2:53,20,NO CONTROLS,NO CONTROLS,CLEAR,"DARKNESS, LIGHTED ROAD",PARKED MOTOR VEHICLE,NOT DIVIDED,,STRAIGHT AND LEVEL,DRY,NO DEFECTS,ON SCENE,INJURY AND / OR TOW DUE TO CRASH,,,,"OVER $1,500",9/8/2019 2:55,UNDER THE INFLUENCE OF ALCOHOL/DRUGS (USE WHEN ARREST IS EFFECTED),UNABLE TO DETERMINE,1221,W,74TH PL,734,,,,,,,4,NO INDICATION OF INJURY,0,0,0,0,0,1,0,2,1,9,41.75856397,-87.65483616,POINT (-87.654836158501 41.758563964801)
JC424885,,9/8/2019 2:30,30,NO CONTROLS,NO CONTROLS,CLEAR,"DARKNESS, LIGHTED ROAD",PARKED MOTOR VEHICLE,NOT DIVIDED,,STRAIGHT AND LEVEL,DRY,NO DEFECTS,NOT ON SCENE (DESK REPORT),NO INJURY / DRIVE AWAY,,,Y,"$501 - $1,500",9/8/2019 14:38,DRIVING SKILLS/KNOWLEDGE/EXPERIENCE,UNABLE TO DETERMINE,2168,N,TALMAN AVE,1431,,,,,,,2,NO INDICATION OF INJURY,0,0,0,0,0,1,0,2,1,9,41.92166079,-87.69382544,POINT (-87.693825439489 41.921660786988)
JC424431,,9/8/2019 2:27,30,TRAFFIC SIGNAL,FUNCTIONING PROPERLY,CLEAR,"DARKNESS, LIGHTED ROAD",ANGLE,FOUR WAY,,STRAIGHT AND LEVEL,DRY,NO DEFECTS,NOT ON SCENE (DESK REPORT),INJURY AND / OR TOW DUE TO CRASH,Y,,,"OVER $1,500",9/8/2019 2:28,DISREGARDING TRAFFIC SIGNALS,DISREGARDING TRAFFIC SIGNALS,5100,S,RACINE AVE,934,,N,,,,,2,NO INDICATION OF INJURY,0,0,0,0,0,3,0,2,1,9,41.80135826,-87.6552032,POINT (-87.655203197348 41.801358264272)
JC424466,,9/8/2019 2:26,30,NO CONTROLS,NO CONTROLS,CLEAR,"DARKNESS, LIGHTED ROAD",PARKED MOTOR VEHICLE,ONE-WAY,,STRAIGHT AND LEVEL,DRY,NO DEFECTS,ON SCENE,NO INJURY / DRIVE AWAY,,,Y,"OVER $1,500",9/8/2019 3:26,UNABLE TO DETERMINE,UNABLE TO DETERMINE,2168,N,TALMAN AVE,1431,,,,,,,2,NO INDICATION OF INJURY,0,0,0,0,0,1,0,2,1,9,41.92166079,-87.69382544,POINT (-87.693825439489 41.921660786988)
JC424433,,9/8/2019 2:21,25,NO CONTROLS,NO CONTROLS,CLEAR,"DARKNESS, LIGHTED ROAD",PARKED MOTOR VEHICLE,ONE-WAY,,STRAIGHT AND LEVEL,DRY,NO DEFECTS,ON SCENE,INJURY AND / OR TOW DUE TO CRASH,,,,"OVER $1,500",9/8/2019 2:21,PHYSICAL CONDITION OF DRIVER,IMPROPER LANE USAGE,1420,W,FARWELL AVE,2431,,,,,,,2,NO INDICATION OF INJURY,0,0,0,0,0,3,0,2,1,9,42.00678372,-87.66669564,POINT (-87.666695639114 42.006783715063)
JC424726,,9/8/2019 2:20,30,TRAFFIC SIGNAL,FUNCTIONING PROPERLY,CLEAR,"DARKNESS, LIGHTED ROAD",ANGLE,FOUR WAY,,STRAIGHT AND LEVEL,DRY,NO DEFECTS,NOT ON SCENE (DESK REPORT),NO INJURY / DRIVE AWAY,Y,,,"OVER $1,500",9/8/2019 11:00,FAILING TO YIELD RIGHT-OF-WAY,UNABLE TO DETERMINE,6001,W,BELMONT AVE,2511,,,,,,,2,NO INDICATION OF INJURY,0,0,0,0,0,2,0,2,1,9,41.93833677,-87.77633347,POINT (-87.776333471694 41.938336767308)
JC424440,,9/8/2019 2:19,25,NO CONTROLS,NO CONTROLS,CLEAR,"DARKNESS, LIGHTED ROAD",PARKED MOTOR VEHICLE,DIVIDED - W/MEDIAN (NOT RAISED),,STRAIGHT AND LEVEL,DRY,NO DEFECTS,ON SCENE,INJURY AND / OR TOW DUE TO CRASH,,,,"OVER $1,500",9/8/2019 2:19,NOT APPLICABLE,NOT APPLICABLE,3151,W,HARRISON ST,1134,,,,,,,2,NO INDICATION OF INJURY,0,0,0,0,0,2,0,2,1,9,41.87358229,-87.70548813,POINT (-87.705488125953 41.873582288348)
JC424429,,9/8/2019 2:12,30,TRAFFIC SIGNAL,FUNCTIONING PROPERLY,CLEAR,"DARKNESS, LIGHTED ROAD",REAR END,DIVIDED - W/MEDIAN (NOT RAISED),,STRAIGHT AND LEVEL,DRY,NO DEFECTS,ON SCENE,INJURY AND / OR TOW DUE TO CRASH,,,,"OVER $1,500",9/8/2019 2:22,UNABLE TO DETERMINE,NOT APPLICABLE,1700,N,MILWAUKEE AVE,1434,,,,,,,2,NO INDICATION OF INJURY,0,0,0,0,0,2,0,2,1,9,41.91218805,-87.68049072,POINT (-87.680490715628 41.912188051721)
JC426434,,9/8/2019 2:00,30,TRAFFIC SIGNAL,FUNCTIONING PROPERLY,CLEAR,"DARKNESS, LIGHTED ROAD",SIDESWIPE SAME DIRECTION,NOT DIVIDED,,STRAIGHT ON GRADE,DRY,NO DEFECTS,NOT ON SCENE (DESK REPORT),NO INJURY / DRIVE AWAY,,,Y,"OVER $1,500",9/9/2019 17:35,"OPERATING VEHICLE IN ERRATIC, RECKLESS, CARELESS, NEGLIGENT OR AGGRESSIVE MANNER",UNABLE TO DETERMINE,200,E,47TH ST,215,,,,,,,2,NO INDICATION OF INJURY,0,0,0,0,0,2,0,2,1,9,41.80942186,-87.62113408,POINT (-87.621134078425 41.809421856532)
JC424422,,9/8/2019 1:53,30,NO CONTROLS,NO CONTROLS,CLEAR,"DARKNESS, LIGHTED ROAD",FIXED OBJECT,NOT DIVIDED,,STRAIGHT AND LEVEL,DRY,NO DEFECTS,ON SCENE,INJURY AND / OR TOW DUE TO CRASH,,,,"OVER $1,500",9/8/2019 1:53,UNABLE TO DETERMINE,NOT APPLICABLE,3700,S,WESTERN AVE,911,,,,,,,1,NONINCAPACITATING INJURY,1,0,0,1,0,0,0,1,1,9,41.8264369,-87.68506685,POINT (-87.685066849015 41.826436901538)
JC424413,,9/8/2019 1:50,20,NO CONTROLS,NO CONTROLS,CLEAR,"DARKNESS, LIGHTED ROAD",PARKED MOTOR VEHICLE,ONE-WAY,,STRAIGHT AND LEVEL,DRY,NO DEFECTS,ON SCENE,NO INJURY / DRIVE AWAY,,,Y,"$501 - $1,500",9/8/2019 1:56,UNABLE TO DETERMINE,UNABLE TO DETERMINE,5128,N,WOLCOTT AVE,2032,,,,,,,5,NO INDICATION OF INJURY,0,0,0,0,0,1,0,1,1,9,41.97569244,-87.67654244,POINT (-87.67654244013 41.975692441433)
JC424434,Y,9/8/2019 1:49,25,STOP SIGN/FLASHER,FUNCTIONING PROPERLY,CLEAR,DARKNESS,REAR END,DIVIDED - W/MEDIAN (NOT RAISED),,STRAIGHT AND LEVEL,DRY,NO DEFECTS,NOT ON SCENE (DESK REPORT),NO INJURY / DRIVE AWAY,,,,"OVER $1,500",9/8/2019 2:30,NOT APPLICABLE,NOT APPLICABLE,1763,W,HOWARD ST,2422,,,,,,,2,NO INDICATION OF INJURY,0,0,0,0,0,2,0,1,1,9,42.01928855,-87.67505851,POINT (-87.675058509388 42.019288550088)
JC424427,,9/8/2019 1:37,30,TRAFFIC SIGNAL,FUNCTIONING PROPERLY,CLEAR,"DARKNESS, LIGHTED ROAD",TURNING,DIVIDED - W/MEDIAN (NOT RAISED),,STRAIGHT AND LEVEL,UNKNOWN,UNKNOWN,ON SCENE,INJURY AND / OR TOW DUE TO CRASH,Y,,,"OVER $1,500",9/8/2019 2:07,FOLLOWING TOO CLOSELY,FAILING TO REDUCE SPEED TO AVOID CRASH,2198,S,MICHIGAN AVE,131,,,,,,,2,NONINCAPACITATING INJURY,1,0,0,1,0,3,0,1,1,9,41.85293218,-87.62396062,POINT (-87.623960623761 41.852932178872)
JC433338,,9/8/2019 1:35,10,NO CONTROLS,NO CONTROLS,CLEAR,"DARKNESS, LIGHTED ROAD",PARKED MOTOR VEHICLE,ALLEY,,STRAIGHT AND LEVEL,DRY,UNKNOWN,NOT ON SCENE (DESK REPORT),NO INJURY / DRIVE AWAY,,N,Y,"OVER $1,500",9/14/2019 16:00,UNABLE TO DETERMINE,UNABLE TO DETERMINE,504,N,WELLS ST,1831,,,,,,,2,NO INDICATION OF INJURY,0,0,0,0,0,1,0,1,1,9,41.89095521,-87.63420044,POINT (-87.634200436763 41.890955206415)
JC438838,Y,9/8/2019 1:30,30,NO CONTROLS,NO CONTROLS,CLEAR,"DARKNESS, LIGHTED ROAD",PARKED MOTOR VEHICLE,OTHER,,STRAIGHT AND LEVEL,DRY,NO DEFECTS,NOT ON SCENE (DESK REPORT),NO INJURY / DRIVE AWAY,,Y,Y,"$501 - $1,500",9/18/2019 17:45,UNABLE TO DETERMINE,NOT APPLICABLE,2356,W,ROOSEVELT RD,1225,,,,,,,2,NO INDICATION OF INJURY,0,0,0,0,0,1,0,1,1,9,41.86672491,-87.68584255,POINT (-87.685842553295 41.866724906467)
JC424385,,9/8/2019 1:27,30,TRAFFIC SIGNAL,FUNCTIONING PROPERLY,CLEAR,"DARKNESS, LIGHTED ROAD",TURNING,NOT DIVIDED,,STRAIGHT AND LEVEL,DRY,NO DEFECTS,ON SCENE,NO INJURY / DRIVE AWAY,Y,,,$500 OR LESS,9/8/2019 1:30,IMPROPER LANE USAGE,DRIVING SKILLS/KNOWLEDGE/EXPERIENCE,7900,S,HALSTED ST,621,,,,,,,2,NO INDICATION OF INJURY,0,0,0,0,0,3,0,1,1,9,41.75054956,-87.64418837,POINT (-87.644188367841 41.750549559439)
JC424419,,9/8/2019 1:20,30,UNKNOWN,NO CONTROLS,CLEAR,"DARKNESS, LIGHTED ROAD",PARKED MOTOR VEHICLE,ONE-WAY,,STRAIGHT AND LEVEL,DRY,NO DEFECTS,ON SCENE,NO INJURY / DRIVE AWAY,,,Y,$500 OR LESS,9/8/2019 1:24,UNDER THE INFLUENCE OF ALCOHOL/DRUGS (USE WHEN ARREST IS EFFECTED),UNABLE TO DETERMINE,4044,N,LEAMINGTON AVE,1624,,,,,,,2,NO INDICATION OF INJURY,0,0,0,0,0,1,0,1,1,9,41.95464841,-87.75610781,POINT (-87.756107813785 41.954648410899)
JC424381,,9/8/2019 1:17,30,NO CONTROLS,NO CONTROLS,CLEAR,"DARKNESS, LIGHTED ROAD",FIXED OBJECT,DIVIDED - W/MEDIAN (NOT RAISED),,STRAIGHT AND LEVEL,DRY,NO DEFECTS,ON SCENE,INJURY AND / OR TOW DUE TO CRASH,,,,"OVER $1,500",9/8/2019 1:17,FAILING TO REDUCE SPEED TO AVOID CRASH,UNABLE TO DETERMINE,5403,S,HALSTED ST,935,,,,,,,1,NO INDICATION OF INJURY,0,0,0,0,0,1,0,1,1,9,41.79600205,-87.64505437,POINT (-87.645054370212 41.796002053291)
JC424377,,9/8/2019 1:16,30,TRAFFIC SIGNAL,FUNCTIONING PROPERLY,CLEAR,"DARKNESS, LIGHTED ROAD",TURNING,FOUR WAY,,STRAIGHT AND LEVEL,DRY,NO DEFECTS,ON SCENE,NO INJURY / DRIVE AWAY,,,,$500 OR LESS,9/8/2019 1:17,UNABLE TO DETERMINE,UNABLE TO DETERMINE,635,N,ORLEANS ST,1831,,,,,,,2,NO INDICATION OF INJURY,0,0,0,0,0,2,0,1,1,9,41.8934063,-87.63694047,POINT (-87.636940469698 41.893406299414)
JC424697,Y,9/8/2019 1:15,30,NO CONTROLS,NO CONTROLS,UNKNOWN,UNKNOWN,PARKED MOTOR VEHICLE,NOT DIVIDED,,STRAIGHT AND LEVEL,UNKNOWN,NO DEFECTS,,INJURY AND / OR TOW DUE TO CRASH,,,Y,"OVER $1,500",9/8/2019 10:28,UNABLE TO DETERMINE,UNABLE TO DETERMINE,4237,N,DAMEN AVE,1912,,,,,,,2,NO INDICATION OF INJURY,0,0,0,0,0,1,0,1,1,9,41.95888984,-87.67874802,POINT (-87.678748020451 41.958889841663)
JC424372,,9/8/2019 1:10,30,NO CONTROLS,NO CONTROLS,CLEAR,"DARKNESS, LIGHTED ROAD",PEDESTRIAN,DIVIDED - W/MEDIAN (NOT RAISED),,STRAIGHT AND LEVEL,DRY,NO DEFECTS,ON SCENE,INJURY AND / OR TOW DUE TO CRASH,,,Y,"OVER $1,500",9/8/2019 1:13,"OPERATING VEHICLE IN ERRATIC, RECKLESS, CARELESS, NEGLIGENT OR AGGRESSIVE MANNER",IMPROPER OVERTAKING/PASSING,705,W,BELMONT AVE,1934,,,,,,,2,NONINCAPACITATING INJURY,1,0,0,1,0,1,0,1,1,9,41.93990211,-87.6471061,POINT (-87.64710609914 41.939902107807)