RD_NO,CRASH_DATE_EST_I,CRASH_DATE,POSTED_SPEED_LIMIT,TRAFFIC_CONTROL_DEVICE,DEVICE_CONDITION,WEATHER_CONDITION,LIGHTING_CONDITION,FIRST_CRASH_TYPE,TRAFFICWAY_TYPE,LANE_CNT,ALIGNMENT,ROADWAY_SURFACE_COND,ROAD_DEFECT,REPORT_TYPE,CRASH_TYPE,INTERSECTION_RELATED_I,NOT_RIGHT_OF_WAY_I,HIT_AND_RUN_I,DAMAGE,DATE_POLICE_NOTIFIED,PRIM_CONTRIBUTORY_CAUSE,SEC_CONTRIBUTORY_CAUSE,STREET_NO,STREET_DIRECTION,STREET_NAME,BEAT_OF_OCCURRENCE,PHOTOS_TAKEN_I,STATEMENTS_TAKEN_I,DOORING_I,WORK_ZONE_I,WORK_ZONE_TYPE,WORKERS_PRESENT_I,NUM_UNITS,MOST_SEVERE_INJURY,INJURIES_TOTAL,INJURIES_FATAL,INJURIES_INCAPACITATING,INJURIES_NON_INCAPACITATING,INJURIES_REPORTED_NOT_EVIDENT,INJURIES_NO_INDICATION,INJURIES_UNKNOWN,CRASH_HOUR,CRASH_DAY_OF_WEEK,CRASH_MONTH,LATITUDE,LONGITUDE,LOCATION
JC424400,,9/8/2019 1:03,15,NO CONTROLS,NO CONTROLS,CLEAR,"DARKNESS, LIGHTED ROAD",ANGLE,ALLEY,,STRAIGHT AND LEVEL,DRY,NO DEFECTS,NOT ON SCENE (DESK REPORT),NO INJURY / DRIVE AWAY,,,Y,"OVER $1,500",9/8/2019 1:03,UNABLE TO DETERMINE,NOT APPLICABLE,1543,S,KILDARE AVE,1012,,,,,,,2,NO INDICATION OF INJURY,0,0,0,0,0,3,0,1,1,9,41.85930822,-87.73215917,POINT (-87.732159173134 41.859308218142)
JC424396,,9/8/2019 1:02,30,TRAFFIC SIGNAL,FUNCTIONING PROPERLY,CLEAR,"DARKNESS, LIGHTED ROAD",REAR END,NOT DIVIDED,,STRAIGHT AND LEVEL,DRY,NO DEFECTS,NOT ON SCENE (DESK REPORT),NO INJURY / DRIVE AWAY,Y,,Y,"OVER $1,500",9/8/2019 1:40,FAILING TO REDUCE SPEED TO AVOID CRASH,FOLLOWING TOO CLOSELY,3002,E,95TH ST,424,,,,,,,3,NO INDICATION OF INJURY,0,0,0,0,0,3,0,1,1,9,41.72287638,-87.55093198,POINT (-87.55093198074 41.722876375216)
JC424735,,9/8/2019 1:00,30,NO CONTROLS,NO CONTROLS,CLEAR,"DARKNESS, LIGHTED ROAD",PARKED MOTOR VEHICLE,NOT DIVIDED,,STRAIGHT AND LEVEL,DRY,NO DEFECTS,ON SCENE,NO INJURY / DRIVE AWAY,,,Y,"$501 - $1,500",9/8/2019 11:00,NOT APPLICABLE,NOT APPLICABLE,609,E,60TH ST,313,,,,,,,2,NO INDICATION OF INJURY,0,0,0,0,0,1,0,1,1,9,41.7856845,-87.61052285,POINT (-87.610522851429 41.785684504415)
JC424406,,9/8/2019 1:00,30,TRAFFIC SIGNAL,FUNCTIONING PROPERLY,CLEAR,DARKNESS,REAR END,DIVIDED - W/MEDIAN (NOT RAISED),,STRAIGHT AND LEVEL,DRY,NO DEFECTS,ON SCENE,INJURY AND / OR TOW DUE TO CRASH,,,,"OVER $1,500",9/8/2019 1:52,UNABLE TO DETERMINE,NOT APPLICABLE,9500,S,STATE ST,511,,,,,,,2,NONINCAPACITATING INJURY,1,0,0,1,0,2,0,1,1,9,41.72157071,-87.62387335,POINT (-87.623873353867 41.721570706446)
JC424525,,9/8/2019 0:50,30,TRAFFIC SIGNAL,FUNCTIONING PROPERLY,CLEAR,"DARKNESS, LIGHTED ROAD",SIDESWIPE SAME DIRECTION,NOT DIVIDED,,STRAIGHT AND LEVEL,DRY,NO DEFECTS,NOT ON SCENE (DESK REPORT),NO INJURY / DRIVE AWAY,,,Y,$500 OR LESS,9/8/2019 6:00,FAILING TO REDUCE SPEED TO AVOID CRASH,UNABLE TO DETERMINE,3765,N,CLARK ST,1923,,,,,,,2,NO INDICATION OF INJURY,0,0,0,0,0,2,0,0,1,9,41.95057158,-87.65906307,POINT (-87.659063073552 41.950571575532)
JC424498,,9/8/2019 0:45,30,NO CONTROLS,NO CONTROLS,CLEAR,"DARKNESS, LIGHTED ROAD",PARKED MOTOR VEHICLE,NOT DIVIDED,,STRAIGHT AND LEVEL,DRY,NO DEFECTS,ON SCENE,NO INJURY / DRIVE AWAY,,,,$500 OR LESS,9/8/2019 4:45,PHYSICAL CONDITION OF DRIVER,UNABLE TO DETERMINE,2913,W,NORTH AVE,1423,,,,,,,2,NO INDICATION OF INJURY,0,0,0,0,0,1,0,0,1,9,41.91008296,-87.69961645,POINT (-87.699616447961 41.910082960612)
JC424399,,9/8/2019 0:44,30,TRAFFIC SIGNAL,FUNCTIONING PROPERLY,CLEAR,DARKNESS,REAR END,NOT DIVIDED,,STRAIGHT AND LEVEL,DRY,UNKNOWN,NOT ON SCENE (DESK REPORT),INJURY AND / OR TOW DUE TO CRASH,,,Y,"OVER $1,500",9/8/2019 1:45,FOLLOWING TOO CLOSELY,NOT APPLICABLE,510,S,STATE ST,123,,,,,,,2,NONINCAPACITATING INJURY,2,0,0,2,0,1,0,0,1,9,41.87541575,-87.62776635,POINT (-87.627766344751 41.8754157513)
JC424339,,9/8/2019 0:30,30,NO CONTROLS,NO CONTROLS,CLEAR,"DARKNESS, LIGHTED ROAD",PARKED MOTOR VEHICLE,NOT DIVIDED,,STRAIGHT AND LEVEL,DRY,NO DEFECTS,ON SCENE,INJURY AND / OR TOW DUE TO CRASH,,,,"OVER $1,500",9/8/2019 0:30,FAILING TO REDUCE SPEED TO AVOID CRASH,IMPROPER LANE USAGE,4226,W,55TH ST,815,,,,,,,3,NO INDICATION OF INJURY,0,0,0,0,0,1,0,0,1,9,41.79326095,-87.72922841,POINT (-87.729228405132 41.793260945005)
JC424415,,9/8/2019 0:25,30,NO CONTROLS,NO CONTROLS,CLEAR,"DARKNESS, LIGHTED ROAD",SIDESWIPE SAME DIRECTION,ONE-WAY,,STRAIGHT AND LEVEL,DRY,NO DEFECTS,ON SCENE,INJURY AND / OR TOW DUE TO CRASH,,,,"OVER $1,500",9/8/2019 0:30,UNABLE TO DETERMINE,NOT APPLICABLE,151,W,ADAMS ST,122,,,,,,,2,NO INDICATION OF INJURY,0,0,0,0,0,6,0,0,1,9,41.87929007,-87.63236273,POINT (-87.6323627253 41.879290073296)
JC424376,,9/8/2019 0:20,30,UNKNOWN,UNKNOWN,CLEAR,DARKNESS,PARKED MOTOR VEHICLE,PARKING LOT,,STRAIGHT AND LEVEL,DRY,UNKNOWN,NOT ON SCENE (DESK REPORT),NO INJURY / DRIVE AWAY,,,,$500 OR LESS,9/8/2019 1:00,NOT APPLICABLE,NOT APPLICABLE,424,W,DIVISION ST,1821,,,,,,,2,NO INDICATION OF INJURY,0,0,0,0,0,1,0,0,1,9,41.90388396,-87.6394372,POINT (-87.639437201552 41.90388396114)
JC424332,,9/8/2019 0:20,20,NO CONTROLS,NO CONTROLS,CLEAR,"DARKNESS, LIGHTED ROAD",PARKED MOTOR VEHICLE,NOT DIVIDED,,STRAIGHT AND LEVEL,DRY,NO DEFECTS,ON SCENE,INJURY AND / OR TOW DUE TO CRASH,,,,"OVER $1,500",9/8/2019 0:25,"EVASIVE ACTION DUE TO ANIMAL, OBJECT, NONMOTORIST",DISREGARDING STOP SIGN,11212,S,DR MARTIN LUTHER KING JR DR,531,Y,Y,,,,,2,NONINCAPACITATING INJURY,1,0,0,1,0,0,0,0,1,9,41.69048246,-87.61345479,POINT (-87.613454784628 41.690482460605)
JC424358,,9/8/2019 0:15,30,NO CONTROLS,NO CONTROLS,CLEAR,"DARKNESS, LIGHTED ROAD",PARKED MOTOR VEHICLE,NOT DIVIDED,,STRAIGHT AND LEVEL,DRY,NO DEFECTS,ON SCENE,INJURY AND / OR TOW DUE TO CRASH,,,,"OVER $1,500",9/8/2019 0:20,UNABLE TO DETERMINE,UNABLE TO DETERMINE,10834,S,HOMAN AVE,2211,,,,,,,3,NO INDICATION OF INJURY,0,0,0,0,0,1,0,0,1,9,41.69591272,-87.70607269,POINT (-87.706072693838 41.695912716841)
JC424811,,9/8/2019 0:10,30,STOP SIGN/FLASHER,NO CONTROLS,CLEAR,DAYLIGHT,REAR END,NOT DIVIDED,,STRAIGHT AND LEVEL,DRY,NO DEFECTS,NOT ON SCENE (DESK REPORT),NO INJURY / DRIVE AWAY,,,Y,$500 OR LESS,9/8/2019 12:56,FOLLOWING TOO CLOSELY,FOLLOWING TOO CLOSELY,297,N,HOMAN AVE,1123,,,,,,,2,NO INDICATION OF INJURY,0,0,0,0,0,2,0,0,1,9,41.88631115,-87.71101862,POINT (-87.711018617452 41.886311148373)
JC424316,,9/8/2019 0:01,30,TRAFFIC SIGNAL,FUNCTIONING PROPERLY,CLEAR,"DARKNESS, LIGHTED ROAD",REAR END,NOT DIVIDED,,STRAIGHT AND LEVEL,DRY,NO DEFECTS,ON SCENE,NO INJURY / DRIVE AWAY,,,,$500 OR LESS,9/8/2019 0:02,FOLLOWING TOO CLOSELY,FAILING TO REDUCE SPEED TO AVOID CRASH,4018,S,KEDZIE AVE,821,,,,,,,2,NO INDICATION OF INJURY,0,0,0,0,0,2,0,0,1,9,41.82013471,-87.70459127,POINT (-87.704591272766 41.820134707452)
JC242699,,9/8/2019 0:01,25,NO CONTROLS,NO CONTROLS,CLEAR,"DARKNESS, LIGHTED ROAD",PARKED MOTOR VEHICLE,NOT DIVIDED,,STRAIGHT AND LEVEL,DRY,NO DEFECTS,NOT ON SCENE (DESK REPORT),NO INJURY / DRIVE AWAY,,,Y,"OVER $1,500",9/8/2019 10:40,UNABLE TO DETERMINE,NOT APPLICABLE,5016,N,NORTHWEST HWY,1623,,,,,,,2,NO INDICATION OF INJURY,0,0,0,0,0,1,0,0,1,9,41.97186895,-87.76337924,POINT (-87.763379237215 41.971868948462)
JC424408,,9/8/2019 0:00,30,NO CONTROLS,NO CONTROLS,CLEAR,"DARKNESS, LIGHTED ROAD",PARKED MOTOR VEHICLE,ONE-WAY,,STRAIGHT AND LEVEL,DRY,NO DEFECTS,,NO INJURY / DRIVE AWAY,,,Y,"OVER $1,500",9/8/2019 1:55,UNABLE TO DETERMINE,UNABLE TO DETERMINE,2356,N,ST LOUIS AVE,1413,,,,,,,,,,,,,,,,0,1,9,41.92453723,-87.71388168,POINT (-87.713881677655 41.924537232208)
JC424311,,9/7/2019 23:55,35,TRAFFIC SIGNAL,FUNCTIONING PROPERLY,CLEAR,"DARKNESS, LIGHTED ROAD",ANGLE,DIVIDED - W/MEDIAN BARRIER,,STRAIGHT AND LEVEL,DRY,NO DEFECTS,ON SCENE,INJURY AND / OR TOW DUE TO CRASH,Y,,Y,"OVER $1,500",9/8/2019 0:05,IMPROPER TURNING/NO SIGNAL,UNDER THE INFLUENCE OF ALCOHOL/DRUGS (USE WHEN ARREST IS EFFECTED),11900,S,HALSTED ST,524,,,,,,,2,NONINCAPACITATING INJURY,1,0,0,1,0,1,0,23,7,9,41.67772083,-87.64205185,POINT (-87.642051844982 41.677720829248)
JC424374,,9/7/2019 23:47,30,NO CONTROLS,NO CONTROLS,CLEAR,"DARKNESS, LIGHTED ROAD",REAR TO FRONT,OTHER,,STRAIGHT AND LEVEL,DRY,NO DEFECTS,NOT ON SCENE (DESK REPORT),NO INJURY / DRIVE AWAY,,,,"$501 - $1,500",9/8/2019 1:15,UNABLE TO DETERMINE,UNABLE TO DETERMINE,60,W,KINZIE ST,1831,,,,,,,2,NO INDICATION OF INJURY,0,0,0,0,0,3,0,23,7,9,41.88933322,-87.63028247,POINT (-87.630282472199 41.889333215048)
JC424356,,9/7/2019 23:45,30,TRAFFIC SIGNAL,FUNCTIONING PROPERLY,UNKNOWN,UNKNOWN,TURNING,NOT DIVIDED,,STRAIGHT AND LEVEL,UNKNOWN,UNKNOWN,NOT ON SCENE (DESK REPORT),NO INJURY / DRIVE AWAY,Y,,,"OVER $1,500",9/8/2019 1:00,UNABLE TO DETERMINE,NOT APPLICABLE,3159,W,31ST ST,1033,,,,,,,2,NO INDICATION OF INJURY,0,0,0,0,0,3,0,23,7,9,41.8371248,-87.70475666,POINT (-87.704756661591 41.837124801585)
JC424390,,9/7/2019 23:42,30,TRAFFIC SIGNAL,FUNCTIONING PROPERLY,CLEAR,"DARKNESS, LIGHTED ROAD",SIDESWIPE SAME DIRECTION,FOUR WAY,,STRAIGHT AND LEVEL,DRY,NO DEFECTS,NOT ON SCENE (DESK REPORT),NO INJURY / DRIVE AWAY,,,Y,"OVER $1,500",9/8/2019 1:20,UNABLE TO DETERMINE,NOT APPLICABLE,732,N,CLARK ST,1832,,,,,,,2,NO INDICATION OF INJURY,0,0,0,0,0,2,0,23,7,9,41.89581098,-87.63137487,POINT (-87.631374873899 41.895810983465)
JC428885,,9/7/2019 23:30,30,NO CONTROLS,UNKNOWN,UNKNOWN,DARKNESS,SIDESWIPE SAME DIRECTION,NOT DIVIDED,,STRAIGHT AND LEVEL,UNKNOWN,UNKNOWN,NOT ON SCENE (DESK REPORT),NO INJURY / DRIVE AWAY,,,Y,"$501 - $1,500",9/11/2019 13:15,FAILING TO YIELD RIGHT-OF-WAY,NOT APPLICABLE,1105,W,LAWRENCE AVE,1914,,,,,,,2,NO INDICATION OF INJURY,0,0,0,0,0,2,0,23,7,9,41.96893933,-87.65784196,POINT (-87.657841964267 41.968939329094)
JC424361,,9/7/2019 23:30,30,NO CONTROLS,NO CONTROLS,CLEAR,"DARKNESS, LIGHTED ROAD",PARKED MOTOR VEHICLE,DIVIDED - W/MEDIAN (NOT RAISED),,STRAIGHT AND LEVEL,DRY,NO DEFECTS,ON SCENE,NO INJURY / DRIVE AWAY,,,Y,"$501 - $1,500",9/7/2019 23:55,UNABLE TO DETERMINE,UNABLE TO DETERMINE,2812,S,CANAL ST,914,,,,,,,2,NO INDICATION OF INJURY,0,0,0,0,0,1,0,23,7,9,41.84315934,-87.63842465,POINT (-87.638424647225 41.843159340621)
JC424286,Y,9/7/2019 23:30,30,NO CONTROLS,NO CONTROLS,CLEAR,"DARKNESS, LIGHTED ROAD",SIDESWIPE SAME DIRECTION,NOT DIVIDED,,STRAIGHT AND LEVEL,DRY,NO DEFECTS,ON SCENE,NO INJURY / DRIVE AWAY,,,,"OVER $1,500",9/7/2019 23:30,IMPROPER LANE USAGE,DRIVING SKILLS/KNOWLEDGE/EXPERIENCE,1312,W,87TH ST,613,,,,,,,2,NO INDICATION OF INJURY,0,0,0,0,0,2,0,23,7,9,41.73599872,-87.65638213,POINT (-87.656382127692 41.735998716459)
JC424287,,9/7/2019 23:16,30,NO CONTROLS,NO CONTROLS,CLEAR,"DARKNESS, LIGHTED ROAD",REAR END,NOT DIVIDED,,STRAIGHT AND LEVEL,DRY,NO DEFECTS,ON SCENE,NO INJURY / DRIVE AWAY,,,,"$501 - $1,500",9/7/2019 23:26,FOLLOWING TOO CLOSELY,FOLLOWING TOO CLOSELY,413,E,47TH ST,223,,,,,,,2,NO INDICATION OF INJURY,0,0,0,0,0,5,0,23,7,9,41.80928762,-87.61574017,POINT (-87.615740166956 41.809287621773)
JC424274,,9/7/2019 23:05,30,NO CONTROLS,NO CONTROLS,CLEAR,"DARKNESS, LIGHTED ROAD",FIXED OBJECT,ONE-WAY,,STRAIGHT AND LEVEL,DRY,NO DEFECTS,ON SCENE,INJURY AND / OR TOW DUE TO CRASH,,,,"$501 - $1,500",9/7/2019 23:11,UNABLE TO DETERMINE,NOT APPLICABLE,5928,S,YALE AVE,711,,,,,,,1,NO INDICATION OF INJURY,0,0,0,0,0,3,0,23,7,9,41.78637256,-87.63207058,POINT (-87.632070582044 41.78637256381)
JC424298,,9/7/2019 23:01,30,STOP SIGN/FLASHER,NO CONTROLS,CLEAR,"DARKNESS, LIGHTED ROAD",PARKED MOTOR VEHICLE,DIVIDED - W/MEDIAN (NOT RAISED),,STRAIGHT AND LEVEL,DRY,NO DEFECTS,NOT ON SCENE (DESK REPORT),INJURY AND / OR TOW DUE TO CRASH,,,Y,"OVER $1,500",9/7/2019 23:02,IMPROPER BACKING,IMPROPER BACKING,5206,S,LOOMIS BLVD,934,,,,,,,2,NO INDICATION OF INJURY,0,0,0,0,0,1,0,23,7,9,41.79930062,-87.66001344,POINT (-87.660013437905 41.799300622264)
JC424577,,9/7/2019 23:00,25,NO CONTROLS,NO CONTROLS,CLEAR,"DARKNESS, LIGHTED ROAD",PARKED MOTOR VEHICLE,ONE-WAY,,STRAIGHT AND LEVEL,DRY,UNKNOWN,NOT ON SCENE (DESK REPORT),NO INJURY / DRIVE AWAY,,,Y,"$501 - $1,500",9/8/2019 7:35,UNABLE TO DETERMINE,UNABLE TO DETERMINE,5076,W,MONROE ST,1533,,,,,,,2,NO INDICATION OF INJURY,0,0,0,0,0,1,0,23,7,9,41.87952139,-87.75247837,POINT (-87.752478371011 41.879521392716)
JC424336,,9/7/2019 23:00,35,TRAFFIC SIGNAL,FUNCTIONING PROPERLY,CLEAR,"DARKNESS, LIGHTED ROAD",ANGLE,"FIVE POINT, OR MORE",,STRAIGHT AND LEVEL,DRY,UNKNOWN,NOT ON SCENE (DESK REPORT),INJURY AND / OR TOW DUE TO CRASH,Y,,Y,"$501 - $1,500",9/8/2019 0:10,UNABLE TO DETERMINE,NOT APPLICABLE,7900,S,STONY ISLAND AVE,411,,,,,,,3,"REPORTED, NOT EVIDENT",1,0,0,0,1,2,0,23,7,9,41.7514606,-87.58597199,POINT (-87.585971992965 41.751460603167)
JC424278,,9/7/2019 23:00,30,NO CONTROLS,NO CONTROLS,CLEAR,"DARKNESS, LIGHTED ROAD",REAR END,OTHER,,STRAIGHT AND LEVEL,DRY,NO DEFECTS,NOT ON SCENE (DESK REPORT),NO INJURY / DRIVE AWAY,,,,"OVER $1,500",9/7/2019 23:20,UNABLE TO DETERMINE,NOT APPLICABLE,8700,S,ASHLAND AVE,2221,,,,,,,2,NO INDICATION OF INJURY,0,0,0,0,0,2,0,23,7,9,41.73569699,-87.66320954,POINT (-87.663209544457 41.735696988636)
JC425973,,9/7/2019 22:55,30,TRAFFIC SIGNAL,FUNCTIONING PROPERLY,CLEAR,DAYLIGHT,SIDESWIPE SAME DIRECTION,NOT DIVIDED,,STRAIGHT AND LEVEL,DRY,NO DEFECTS,NOT ON SCENE (DESK REPORT),NO INJURY / DRIVE AWAY,,,,"$501 - $1,500",9/9/2019 12:30,UNABLE TO DETERMINE,UNABLE TO DETERMINE,2200,N,HALSTED ST,1812,,,,,,,2,NO INDICATION OF INJURY,0,0,0,0,0,3,0,22,7,9,41.92190548,-87.64878198,POINT (-87.648781980903 41.921905477671)
JC424617,,9/7/2019 22:50,30,STOP SIGN/FLASHER,FUNCTIONING PROPERLY,CLEAR,"DARKNESS, LIGHTED ROAD",REAR END,NOT DIVIDED,,STRAIGHT AND LEVEL,DRY,NO DEFECTS,,NO INJURY / DRIVE AWAY,Y,,,$500 OR LESS,9/8/2019 8:45,UNABLE TO DETERMINE,UNABLE TO DETERMINE,445,N,HALSTED ST,1214,,,,,,,2,NO INDICATION OF INJURY,0,0,0,0,0,2,0,22,7,9,41.89028378,-87.64745839,POINT (-87.647458385782 41.890283784478)
JC424255,,9/7/2019 22:50,30,TRAFFIC SIGNAL,FUNCTIONING PROPERLY,CLEAR,"DARKNESS, LIGHTED ROAD",REAR END,NOT DIVIDED,,STRAIGHT AND LEVEL,DRY,NO DEFECTS,ON SCENE,NO INJURY / DRIVE AWAY,,,Y,$500 OR LESS,9/7/2019 22:52,UNABLE TO DETERMINE,UNABLE TO DETERMINE,7300,S,COTTAGE GROVE AVE,323,,,,,,,2,NO INDICATION OF INJURY,0,0,0,0,0,3,0,22,7,9,41.76213628,-87.60563349,POINT (-87.605633490465 41.762136276864)
JC424280,,9/7/2019 22:45,30,NO CONTROLS,NO CONTROLS,CLEAR,"DARKNESS, LIGHTED ROAD",REAR END,ONE-WAY,,STRAIGHT AND LEVEL,UNKNOWN,UNKNOWN,NOT ON SCENE (DESK REPORT),NO INJURY / DRIVE AWAY,,,,"OVER $1,500",9/7/2019 23:25,UNABLE TO DETERMINE,NOT APPLICABLE,626,N,CLARK ST,1832,,,,,,,2,NO INDICATION OF INJURY,0,0,0,0,0,2,0,22,7,9,41.89318763,-87.63131472,POINT (-87.631314720159 41.893187628353)
JC430432,,9/7/2019 22:36,15,NO CONTROLS,NO CONTROLS,CLEAR,DARKNESS,HEAD ON,ALLEY,,STRAIGHT AND LEVEL,DRY,NO DEFECTS,NOT ON SCENE (DESK REPORT),NO INJURY / DRIVE AWAY,,,,"$501 - $1,500",9/12/2019 16:08,FAILING TO REDUCE SPEED TO AVOID CRASH,NOT APPLICABLE,3130,W,59TH ST,824,,,,,,,2,NO INDICATION OF INJURY,0,0,0,0,0,3,0,22,7,9,41.786377,-87.70207069,POINT (-87.702070685558 41.786377003072)
JC424277,,9/7/2019 22:35,30,TRAFFIC SIGNAL,FUNCTIONING PROPERLY,CLEAR,"DARKNESS, LIGHTED ROAD",TURNING,FOUR WAY,,STRAIGHT AND LEVEL,DRY,NO DEFECTS,NOT ON SCENE (DESK REPORT),NO INJURY / DRIVE AWAY,,,Y,"$501 - $1,500",9/7/2019 23:00,FAILING TO REDUCE SPEED TO AVOID CRASH,NOT APPLICABLE,5400,W,BELMONT AVE,1633,,,,,,,2,NO INDICATION OF INJURY,0,0,0,0,0,3,0,22,7,9,41.93874656,-87.76165949,POINT (-87.761659489619 41.938746555762)
JC424252,Y,9/7/2019 22:34,30,NO CONTROLS,NO CONTROLS,CLEAR,"DARKNESS, LIGHTED ROAD",PARKED MOTOR VEHICLE,NOT DIVIDED,,STRAIGHT AND LEVEL,DRY,NO DEFECTS,ON SCENE,INJURY AND / OR TOW DUE TO CRASH,,,,"OVER $1,500",9/7/2019 22:34,FAILING TO REDUCE SPEED TO AVOID CRASH,UNDER THE INFLUENCE OF ALCOHOL/DRUGS (USE WHEN ARREST IS EFFECTED),415,N,HAMLIN AVE,1122,,,,,,,3,NO INDICATION OF INJURY,0,0,0,0,0,1,0,22,7,9,41.88851184,-87.72084915,POINT (-87.720849152882 41.888511843676)
JC424292,,9/7/2019 22:30,35,TRAFFIC SIGNAL,UNKNOWN,CLEAR,DUSK,REAR END,NOT DIVIDED,,STRAIGHT AND LEVEL,DRY,UNKNOWN,NOT ON SCENE (DESK REPORT),NO INJURY / DRIVE AWAY,,,,$500 OR LESS,9/7/2019 23:40,UNABLE TO DETERMINE,NOT APPLICABLE,7300,S,YATES BLVD,334,,,,,,,2,NO INDICATION OF INJURY,0,0,0,0,0,2,0,22,7,9,41.76252674,-87.56659498,POINT (-87.566594977019 41.762526734679)
JC424261,,9/7/2019 22:30,30,STOP SIGN/FLASHER,FUNCTIONING PROPERLY,CLEAR,UNKNOWN,ANGLE,FOUR WAY,,STRAIGHT AND LEVEL,DRY,NO DEFECTS,NOT ON SCENE (DESK REPORT),NO INJURY / DRIVE AWAY,Y,,,"$501 - $1,500",9/7/2019 22:40,NOT APPLICABLE,NOT APPLICABLE,401,W,BELDEN AVE,1814,,,,,,,2,NO INDICATION OF INJURY,0,0,0,0,0,5,0,22,7,9,41.92366452,-87.63913301,POINT (-87.639133009185 41.92366451892)
JC424248,,9/7/2019 22:30,30,STOP SIGN/FLASHER,FUNCTIONING PROPERLY,CLEAR,"DARKNESS, LIGHTED ROAD",ANGLE,FOUR WAY,,STRAIGHT AND LEVEL,DRY,NO DEFECTS,ON SCENE,NO INJURY / DRIVE AWAY,Y,,Y,"OVER $1,500",9/7/2019 22:31,FAILING TO YIELD RIGHT-OF-WAY,UNABLE TO DETERMINE,5700,W,FULLERTON AVE,2515,,,,,,,2,NO INDICATION OF INJURY,0,0,0,0,0,4,0,22,7,9,41.92405115,-87.76848554,POINT (-87.768485539921 41.924051148079)
JC424247,,9/7/2019 22:20,30,TRAFFIC SIGNAL,FUNCTIONING PROPERLY,CLEAR,"DARKNESS, LIGHTED ROAD",SIDESWIPE SAME DIRECTION,DIVIDED - W/MEDIAN (NOT RAISED),,STRAIGHT AND LEVEL,DRY,NO DEFECTS,ON SCENE,INJURY AND / OR TOW DUE TO CRASH,Y,,,"OVER $1,500",9/7/2019 22:30,IMPROPER LANE USAGE,UNABLE TO DETERMINE,4300,S,ASHLAND AVE,924,,,,,,,2,NO INDICATION OF INJURY,0,0,0,0,0,2,0,22,7,9,41.81577843,-87.66529289,POINT (-87.665292890367 41.815778426908)
JC424229,,9/7/2019 22:10,30,NO CONTROLS,NO CONTROLS,CLEAR,"DARKNESS, LIGHTED ROAD",PARKED MOTOR VEHICLE,NOT DIVIDED,,STRAIGHT AND LEVEL,DRY,NO DEFECTS,NOT ON SCENE (DESK REPORT),NO INJURY / DRIVE AWAY,,,Y,"OVER $1,500",9/7/2019 22:25,FAILING TO REDUCE SPEED TO AVOID CRASH,UNABLE TO DETERMINE,2947,W,59TH ST,824,,,,,,,2,NO INDICATION OF INJURY,0,0,0,0,0,1,0,22,7,9,41.78622774,-87.69790201,POINT (-87.697902011049 41.786227742913)
JC427165,,9/7/2019 22:00,30,NO CONTROLS,NO CONTROLS,CLEAR,"DARKNESS, LIGHTED ROAD",PARKED MOTOR VEHICLE,DIVIDED - W/MEDIAN (NOT RAISED),,STRAIGHT AND LEVEL,DRY,NO DEFECTS,NOT ON SCENE (DESK REPORT),NO INJURY / DRIVE AWAY,Y,,,"$501 - $1,500",9/10/2019 8:35,UNABLE TO DETERMINE,NOT APPLICABLE,412,E,75TH ST,323,,,,,,,3,NO INDICATION OF INJURY,0,0,0,0,0,2,0,22,7,9,41.75852918,-87.61454817,POINT (-87.614548167932 41.758529175013)
JC424212,,9/7/2019 22:00,30,NO CONTROLS,NO CONTROLS,CLEAR,"DARKNESS, LIGHTED ROAD",PARKED MOTOR VEHICLE,UNKNOWN,,STRAIGHT AND LEVEL,DRY,NO DEFECTS,NOT ON SCENE (DESK REPORT),NO INJURY / DRIVE AWAY,,,,"OVER $1,500",9/7/2019 22:00,"OPERATING VEHICLE IN ERRATIC, RECKLESS, CARELESS, NEGLIGENT OR AGGRESSIVE MANNER",UNABLE TO DETERMINE,9843,S,UNIVERSITY AVE,511,,,,,,,2,NO INDICATION OF INJURY,0,0,0,0,0,2,0,22,7,9,41.71554607,-87.59564009,POINT (-87.595640090039 41.715546068062)
JC424216,,9/7/2019 21:55,30,STOP SIGN/FLASHER,NO CONTROLS,CLEAR,"DARKNESS, LIGHTED ROAD",ANGLE,NOT DIVIDED,,STRAIGHT AND LEVEL,DRY,NO DEFECTS,ON SCENE,NO INJURY / DRIVE AWAY,N,,Y,"OVER $1,500",9/7/2019 22:00,DISREGARDING STOP SIGN,NOT APPLICABLE,9000,S,JEFFERY BLVD,413,,,,,,,2,NO INDICATION OF INJURY,0,0,0,0,0,2,0,21,7,9,41.731491,-87.57573005,POINT (-87.575730053476 41.731490995184)
JC424201,,9/7/2019 21:52,30,NO CONTROLS,NO CONTROLS,CLEAR,"DARKNESS, LIGHTED ROAD",PARKED MOTOR VEHICLE,ONE-WAY,,STRAIGHT AND LEVEL,DRY,NO DEFECTS,ON SCENE,INJURY AND / OR TOW DUE TO CRASH,,,Y,"$501 - $1,500",9/7/2019 21:52,UNABLE TO DETERMINE,NOT APPLICABLE,7204,S,ALBANY AVE,831,,,,,,,3,NONINCAPACITATING INJURY,1,0,0,1,0,1,0,21,7,9,41.76238958,-87.70045702,POINT (-87.700457019518 41.762389577183)