RD_NO,CRASH_DATE_EST_I,CRASH_DATE,POSTED_SPEED_LIMIT,TRAFFIC_CONTROL_DEVICE,DEVICE_CONDITION,WEATHER_CONDITION,LIGHTING_CONDITION,FIRST_CRASH_TYPE,TRAFFICWAY_TYPE,LANE_CNT,ALIGNMENT,ROADWAY_SURFACE_COND,ROAD_DEFECT,REPORT_TYPE,CRASH_TYPE,INTERSECTION_RELATED_I,NOT_RIGHT_OF_WAY_I,HIT_AND_RUN_I,DAMAGE,DATE_POLICE_NOTIFIED,PRIM_CONTRIBUTORY_CAUSE,SEC_CONTRIBUTORY_CAUSE,STREET_NO,STREET_DIRECTION,STREET_NAME,BEAT_OF_OCCURRENCE,PHOTOS_TAKEN_I,STATEMENTS_TAKEN_I,DOORING_I,WORK_ZONE_I,WORK_ZONE_TYPE,WORKERS_PRESENT_I,NUM_UNITS,MOST_SEVERE_INJURY,INJURIES_TOTAL,INJURIES_FATAL,INJURIES_INCAPACITATING,INJURIES_NON_INCAPACITATING,INJURIES_REPORTED_NOT_EVIDENT,INJURIES_NO_INDICATION,INJURIES_UNKNOWN,CRASH_HOUR,CRASH_DAY_OF_WEEK,CRASH_MONTH,LATITUDE,LONGITUDE,LOCATION
JC424238,,9/7/2019 21:48,25,NO CONTROLS,NO CONTROLS,CLEAR,"DARKNESS, LIGHTED ROAD",TURNING,ALLEY,,STRAIGHT AND LEVEL,DRY,NO DEFECTS,NOT ON SCENE (DESK REPORT),NO INJURY / DRIVE AWAY,,,Y,"OVER $1,500",9/7/2019 22:30,FAILING TO REDUCE SPEED TO AVOID CRASH,HAD BEEN DRINKING (USE WHEN ARREST IS NOT MADE),1700,W,84TH ST,614,,,,,,,2,NO INDICATION OF INJURY,0,0,0,0,0,3,0,21,7,9,41.74132767,-87.66569879,POINT (-87.665698789335 41.741327669234)
JC424207,,9/7/2019 21:48,30,NO CONTROLS,NO CONTROLS,CLEAR,"DARKNESS, LIGHTED ROAD",PARKED MOTOR VEHICLE,NOT DIVIDED,,STRAIGHT AND LEVEL,DRY,NO DEFECTS,ON SCENE,INJURY AND / OR TOW DUE TO CRASH,,,Y,"OVER $1,500",9/7/2019 22:06,UNABLE TO DETERMINE,UNABLE TO DETERMINE,5421,S,MENARD AVE,811,,Y,,,,,3,NONINCAPACITATING INJURY,1,0,0,1,0,2,0,21,7,9,41.79433639,-87.76708891,POINT (-87.767088909045 41.794336391649)
JC424246,,9/7/2019 21:45,30,TRAFFIC SIGNAL,FUNCTIONING PROPERLY,CLEAR,"DARKNESS, LIGHTED ROAD",REAR END,DIVIDED - W/MEDIAN (NOT RAISED),,STRAIGHT AND LEVEL,DRY,NO DEFECTS,ON SCENE,NO INJURY / DRIVE AWAY,,,,$500 OR LESS,9/7/2019 22:00,IMPROPER OVERTAKING/PASSING,NOT APPLICABLE,2958,W,DEVON AVE,2412,,,,,,,2,NO INDICATION OF INJURY,0,0,0,0,0,3,0,21,7,9,41.99758635,-87.7044563,POINT (-87.704456304326 41.99758635032)
JC424240,,9/7/2019 21:45,30,TRAFFIC SIGNAL,FUNCTIONING PROPERLY,CLEAR,"DARKNESS, LIGHTED ROAD",REAR END,NOT DIVIDED,,STRAIGHT AND LEVEL,DRY,NO DEFECTS,NOT ON SCENE (DESK REPORT),NO INJURY / DRIVE AWAY,,,N,"$501 - $1,500",9/7/2019 22:30,UNABLE TO DETERMINE,UNABLE TO DETERMINE,4800,W,WASHINGTON BLVD,1532,,,,,,,2,NO INDICATION OF INJURY,0,0,0,0,0,3,0,21,7,9,41.88192599,-87.74546236,POINT (-87.745462361128 41.881925987309)
JC424203,,9/7/2019 21:40,30,NO CONTROLS,UNKNOWN,CLEAR,"DARKNESS, LIGHTED ROAD",REAR END,DIVIDED - W/MEDIAN (NOT RAISED),,STRAIGHT AND LEVEL,DRY,NO DEFECTS,ON SCENE,INJURY AND / OR TOW DUE TO CRASH,,,,$500 OR LESS,9/7/2019 21:47,UNDER THE INFLUENCE OF ALCOHOL/DRUGS (USE WHEN ARREST IS EFFECTED),NOT APPLICABLE,5627,W,GRAND AVE,2515,,,,,,,3,NO INDICATION OF INJURY,0,0,0,0,0,4,0,21,7,9,41.91886555,-87.76701087,POINT (-87.767010873939 41.918865551309)
JC424985,,9/7/2019 21:38,45,NO CONTROLS,NO CONTROLS,CLEAR,"DARKNESS, LIGHTED ROAD",SIDESWIPE SAME DIRECTION,DIVIDED - W/MEDIAN BARRIER,,STRAIGHT AND LEVEL,DRY,NO DEFECTS,NOT ON SCENE (DESK REPORT),NO INJURY / DRIVE AWAY,,,,"OVER $1,500",9/8/2019 16:09,IMPROPER OVERTAKING/PASSING,NOT APPLICABLE,500,S,LAKE SHORE DR SB,114,,,,,,,2,NO INDICATION OF INJURY,0,0,0,0,0,3,0,21,7,9,41.87575626,-87.61751568,POINT (-87.617515679751 41.875756255241)
JC424232,,9/7/2019 21:20,30,TRAFFIC SIGNAL,FUNCTIONING PROPERLY,RAIN,"DARKNESS, LIGHTED ROAD",REAR END,NOT DIVIDED,,STRAIGHT AND LEVEL,DRY,NO DEFECTS,NOT ON SCENE (DESK REPORT),NO INJURY / DRIVE AWAY,,,Y,"$501 - $1,500",9/7/2019 22:30,UNABLE TO DETERMINE,UNABLE TO DETERMINE,595,S,DAMEN AVE,1225,,,,,,,2,NO INDICATION OF INJURY,0,0,0,0,0,2,0,21,7,9,41.87409358,-87.67631089,POINT (-87.67631088561 41.874093582091)
JC424235,,9/7/2019 21:17,30,NO CONTROLS,NO CONTROLS,CLEAR,DAYLIGHT,PARKED MOTOR VEHICLE,NOT DIVIDED,,STRAIGHT AND LEVEL,DRY,NO DEFECTS,,NO INJURY / DRIVE AWAY,,,,"OVER $1,500",9/7/2019 22:35,UNABLE TO DETERMINE,UNABLE TO DETERMINE,2453,W,DEVON AVE,2413,,,,,,,2,NO INDICATION OF INJURY,0,0,0,0,0,3,0,21,7,9,41.99758612,-87.69200462,POINT (-87.692004620745 41.997586116771)
JC424200,,9/7/2019 21:15,30,NO CONTROLS,NO CONTROLS,CLEAR,"DARKNESS, LIGHTED ROAD",TURNING,DIVIDED - W/MEDIAN (NOT RAISED),,STRAIGHT AND LEVEL,DRY,NO DEFECTS,ON SCENE,NO INJURY / DRIVE AWAY,,,,"OVER $1,500",9/7/2019 21:40,FAILING TO YIELD RIGHT-OF-WAY,NOT APPLICABLE,8421,W,BRYN MAWR AVE,1614,,,,,,,2,NO INDICATION OF INJURY,0,0,0,0,0,6,0,21,7,9,41.98099963,-87.83765708,POINT (-87.837657077242 41.98099962665)
JC425310,,9/7/2019 21:00,30,NO CONTROLS,NO CONTROLS,CLEAR,"DARKNESS, LIGHTED ROAD",REAR END,DIVIDED - W/MEDIAN (NOT RAISED),,STRAIGHT AND LEVEL,DRY,NO DEFECTS,NOT ON SCENE (DESK REPORT),NO INJURY / DRIVE AWAY,,,,"$501 - $1,500",9/8/2019 20:50,UNABLE TO DETERMINE,UNABLE TO DETERMINE,1900,S,ARCHER AVE,131,,,,,,,2,NO INDICATION OF INJURY,0,0,0,0,0,2,0,21,7,9,41.8566084,-87.627325,POINT (-87.627324998794 41.856608401473)
JC424614,,9/7/2019 21:00,30,NO CONTROLS,NO CONTROLS,CLEAR,"DARKNESS, LIGHTED ROAD",PARKED MOTOR VEHICLE,ONE-WAY,,STRAIGHT AND LEVEL,DRY,NO DEFECTS,ON SCENE,NO INJURY / DRIVE AWAY,,,Y,"$501 - $1,500",9/8/2019 8:50,UNABLE TO DETERMINE,UNABLE TO DETERMINE,3123,S,EMERALD AVE,915,,,,,,,2,NO INDICATION OF INJURY,0,0,0,0,0,1,0,21,7,9,41.83734878,-87.64489892,POINT (-87.644898921574 41.837348779107)
JC424178,,9/7/2019 21:00,30,NO CONTROLS,NO CONTROLS,CLEAR,"DARKNESS, LIGHTED ROAD",PARKED MOTOR VEHICLE,DIVIDED - W/MEDIAN (NOT RAISED),,STRAIGHT AND LEVEL,DRY,NO DEFECTS,ON SCENE,NO INJURY / DRIVE AWAY,,,,"$501 - $1,500",9/7/2019 21:07,UNABLE TO DETERMINE,NOT APPLICABLE,3035,N,HARLEM AVE,2511,,,,,,,2,NO INDICATION OF INJURY,0,0,0,0,0,1,0,21,7,9,41.93544039,-87.80651044,POINT (-87.806510437084 41.935440390064)
JC425123,,9/7/2019 20:45,30,UNKNOWN,UNKNOWN,UNKNOWN,DUSK,TURNING,NOT DIVIDED,,STRAIGHT AND LEVEL,UNKNOWN,UNKNOWN,NOT ON SCENE (DESK REPORT),NO INJURY / DRIVE AWAY,Y,,,"$501 - $1,500",9/8/2019 17:50,IMPROPER TURNING/NO SIGNAL,IMPROPER TURNING/NO SIGNAL,728,S,SACRAMENTO BLVD,1134,,,,,,,2,NO INDICATION OF INJURY,0,0,0,0,0,2,0,20,7,9,41.8719596,-87.70110194,POINT (-87.701101935571 41.871959600076)
JC424800,,9/7/2019 20:45,30,NO CONTROLS,NO CONTROLS,CLEAR,"DARKNESS, LIGHTED ROAD",PARKED MOTOR VEHICLE,NOT DIVIDED,,STRAIGHT AND LEVEL,DRY,NO DEFECTS,NOT ON SCENE (DESK REPORT),NO INJURY / DRIVE AWAY,,,Y,"OVER $1,500",9/8/2019 12:40,NOT APPLICABLE,NOT APPLICABLE,3441,N,SHEFFIELD AVE,1924,,,,,,,2,NO INDICATION OF INJURY,0,0,0,0,0,1,0,20,7,9,41.94477276,-87.65410785,POINT (-87.654107848133 41.944772763281)
JC424145,,9/7/2019 20:45,30,NO CONTROLS,NO CONTROLS,CLEAR,"DARKNESS, LIGHTED ROAD",PARKED MOTOR VEHICLE,ONE-WAY,,STRAIGHT AND LEVEL,DRY,NO DEFECTS,ON SCENE,NO INJURY / DRIVE AWAY,,,N,"OVER $1,500",9/7/2019 20:55,FOLLOWING TOO CLOSELY,UNABLE TO DETERMINE,2238,N,LAMON AVE,2522,,,,,,,2,NO INDICATION OF INJURY,0,0,0,0,0,1,0,20,7,9,41.92172768,-87.74884506,POINT (-87.748845062815 41.921727675839)
JC424152,Y,9/7/2019 20:40,30,NO CONTROLS,NO CONTROLS,CLEAR,"DARKNESS, LIGHTED ROAD",REAR END,NOT DIVIDED,,STRAIGHT AND LEVEL,DRY,UNKNOWN,NOT ON SCENE (DESK REPORT),NO INJURY / DRIVE AWAY,,,,"$501 - $1,500",9/7/2019 21:10,UNABLE TO DETERMINE,NOT APPLICABLE,7427,N,RIDGE BLVD,2424,,,,,,,2,NO INDICATION OF INJURY,0,0,0,0,0,2,0,20,7,9,42.01667746,-87.68416989,POINT (-87.684169887321 42.016677464052)
JC424138,,9/7/2019 20:38,30,TRAFFIC SIGNAL,FUNCTIONING PROPERLY,CLEAR,"DARKNESS, LIGHTED ROAD",TURNING,NOT DIVIDED,,STRAIGHT AND LEVEL,DRY,NO DEFECTS,ON SCENE,INJURY AND / OR TOW DUE TO CRASH,Y,,,"OVER $1,500",9/7/2019 20:39,FOLLOWING TOO CLOSELY,NOT APPLICABLE,2558,S,CENTRAL PARK AVE,1013,,,,,,,2,NONINCAPACITATING INJURY,2,0,0,1,1,0,0,20,7,9,41.84447472,-87.71493585,POINT (-87.714935851557 41.844474718513)
JC428844,,9/7/2019 20:30,15,NO CONTROLS,NO CONTROLS,CLEAR,"DARKNESS, LIGHTED ROAD",PARKED MOTOR VEHICLE,ONE-WAY,,STRAIGHT AND LEVEL,DRY,NO DEFECTS,NOT ON SCENE (DESK REPORT),NO INJURY / DRIVE AWAY,,,Y,"$501 - $1,500",9/11/2019 12:55,UNABLE TO DETERMINE,NOT APPLICABLE,2807,W,LEXINGTON ST,1135,,,,,,,2,NO INDICATION OF INJURY,0,0,0,0,0,1,0,20,7,9,41.87185899,-87.69639839,POINT (-87.696398386177 41.871858985166)
JC424988,,9/7/2019 20:30,30,TRAFFIC SIGNAL,FUNCTIONING PROPERLY,CLEAR,"DARKNESS, LIGHTED ROAD",SIDESWIPE SAME DIRECTION,OTHER,,STRAIGHT AND LEVEL,DRY,NO DEFECTS,NOT ON SCENE (DESK REPORT),NO INJURY / DRIVE AWAY,,,,"$501 - $1,500",9/8/2019 16:03,IMPROPER OVERTAKING/PASSING,NOT APPLICABLE,731,S,SACRAMENTO BLVD,1135,,,,,,,2,NO INDICATION OF INJURY,0,0,0,0,0,2,0,20,7,9,41.87187387,-87.7008054,POINT (-87.700805395917 41.871873866263)
JC424219,,9/7/2019 20:30,30,STOP SIGN/FLASHER,UNKNOWN,CLEAR,"DARKNESS, LIGHTED ROAD",REAR END,NOT DIVIDED,,STRAIGHT AND LEVEL,UNKNOWN,UNKNOWN,NOT ON SCENE (DESK REPORT),NO INJURY / DRIVE AWAY,Y,,Y,"OVER $1,500",9/7/2019 22:30,UNABLE TO DETERMINE,NOT APPLICABLE,3500,N,HALSTED ST,1924,,,,,,,2,NO INDICATION OF INJURY,0,0,0,0,0,2,0,20,7,9,41.94550365,-87.64957851,POINT (-87.64957851411 41.945503653311)
JC424139,,9/7/2019 20:30,30,STOP SIGN/FLASHER,FUNCTIONING PROPERLY,CLEAR,DARKNESS,REAR END,OTHER,,STRAIGHT AND LEVEL,DRY,UNKNOWN,NOT ON SCENE (DESK REPORT),NO INJURY / DRIVE AWAY,Y,,,"OVER $1,500",9/7/2019 21:00,FOLLOWING TOO CLOSELY,NOT APPLICABLE,65,E,ONTARIO ST,1834,,,,,,,2,NO INDICATION OF INJURY,0,0,0,0,0,3,0,20,7,9,41.89320435,-87.62548219,POINT (-87.625482185792 41.893204345311)
JC424150,,9/7/2019 20:28,25,NO CONTROLS,NO CONTROLS,CLEAR,DARKNESS,PARKED MOTOR VEHICLE,NOT DIVIDED,,STRAIGHT AND LEVEL,DRY,NO DEFECTS,ON SCENE,NO INJURY / DRIVE AWAY,,,Y,"OVER $1,500",9/7/2019 20:30,FAILING TO REDUCE SPEED TO AVOID CRASH,IMPROPER LANE USAGE,3518,N,LONG AVE,1633,,,,,,,4,NO INDICATION OF INJURY,0,0,0,0,0,1,0,20,7,9,41.94472423,-87.7619428,POINT (-87.761942797773 41.94472423315)
JC424109,,9/7/2019 20:11,30,NO CONTROLS,NO CONTROLS,CLEAR,"DARKNESS, LIGHTED ROAD",PEDALCYCLIST,NOT DIVIDED,,STRAIGHT AND LEVEL,DRY,NO DEFECTS,ON SCENE,NO INJURY / DRIVE AWAY,,,,"$501 - $1,500",9/7/2019 20:11,UNABLE TO DETERMINE,NOT APPLICABLE,1375,N,MILWAUKEE AVE,1433,,,,,,,2,NO INDICATION OF INJURY,0,0,0,0,0,6,0,20,7,9,41.90690225,-87.67180216,POINT (-87.671802163126 41.906902251638)
JC424135,,9/7/2019 20:10,30,STOP SIGN/FLASHER,FUNCTIONING PROPERLY,CLEAR,"DARKNESS, LIGHTED ROAD",FIXED OBJECT,T-INTERSECTION,,STRAIGHT AND LEVEL,DRY,NO DEFECTS,ON SCENE,INJURY AND / OR TOW DUE TO CRASH,Y,,,"OVER $1,500",9/7/2019 20:10,DRIVING SKILLS/KNOWLEDGE/EXPERIENCE,NOT APPLICABLE,1732,W,DIVISION ST,1424,,,,,,,1,NONINCAPACITATING INJURY,1,0,0,1,0,0,0,20,7,9,41.90339206,-87.67137668,POINT (-87.671376683813 41.90339206173)
JC424118,,9/7/2019 20:10,30,NO CONTROLS,NO CONTROLS,CLEAR,"DARKNESS, LIGHTED ROAD",REAR END,NOT DIVIDED,,STRAIGHT ON GRADE,DRY,NO DEFECTS,ON SCENE,NO INJURY / DRIVE AWAY,,,,"OVER $1,500",9/7/2019 20:10,FOLLOWING TOO CLOSELY,FOLLOWING TOO CLOSELY,11901,S,ADA ST,524,,,,,,,2,NO INDICATION OF INJURY,0,0,0,0,0,2,0,20,7,9,41.67754608,-87.65478146,POINT (-87.654781460666 41.677546080732)
JC424827,,9/7/2019 20:08,35,TRAFFIC SIGNAL,FUNCTIONING PROPERLY,CLEAR,DAYLIGHT,TURNING,DIVIDED - W/MEDIAN (NOT RAISED),,STRAIGHT AND LEVEL,DRY,NO DEFECTS,NOT ON SCENE (DESK REPORT),NO INJURY / DRIVE AWAY,,,Y,"$501 - $1,500",9/8/2019 15:32,IMPROPER TURNING/NO SIGNAL,NOT APPLICABLE,3200,N,BROADWAY,1925,,,,,,,2,NO INDICATION OF INJURY,0,0,0,0,0,2,0,20,7,9,41.9400969,-87.64454837,POINT (-87.644548366667 41.940096904389)
JC424195,N,9/7/2019 20:00,15,NO CONTROLS,NO CONTROLS,CLEAR,"DARKNESS, LIGHTED ROAD",PARKED MOTOR VEHICLE,NOT DIVIDED,,STRAIGHT AND LEVEL,DRY,NO DEFECTS,NOT ON SCENE (DESK REPORT),NO INJURY / DRIVE AWAY,,,Y,"$501 - $1,500",9/7/2019 22:00,UNABLE TO DETERMINE,UNABLE TO DETERMINE,5129,W,AINSLIE ST,1623,,,,,,,2,NO INDICATION OF INJURY,0,0,0,0,0,1,0,20,7,9,41.96964012,-87.75626347,POINT (-87.756263471776 41.969640116728)
JC424132,,9/7/2019 19:55,30,NO CONTROLS,NO CONTROLS,CLEAR,DARKNESS,PARKED MOTOR VEHICLE,NOT DIVIDED,,STRAIGHT AND LEVEL,DRY,NO DEFECTS,ON SCENE,NO INJURY / DRIVE AWAY,,,,"OVER $1,500",9/7/2019 20:25,IMPROPER BACKING,NOT APPLICABLE,1807,N,HUDSON AVE,1813,,,,,,,4,NO INDICATION OF INJURY,0,0,0,0,0,1,0,19,7,9,41.9149597,-87.63977778,POINT (-87.639777778973 41.91495970078)
JC424123,,9/7/2019 19:50,30,NO CONTROLS,NO CONTROLS,CLEAR,"DARKNESS, LIGHTED ROAD",REAR END,DIVIDED - W/MEDIAN (NOT RAISED),,STRAIGHT AND LEVEL,DRY,"RUT, HOLES",,NO INJURY / DRIVE AWAY,,,Y,"$501 - $1,500",9/7/2019 19:55,FOLLOWING TOO CLOSELY,FOLLOWING TOO CLOSELY,2953,W,DIVERSEY AVE,1411,,,,,,,2,NO INDICATION OF INJURY,0,0,0,0,0,2,0,19,7,9,41.93195378,-87.70222183,POINT (-87.702221826495 41.931953784267)
JC424108,,9/7/2019 19:45,30,STOP SIGN/FLASHER,FUNCTIONING PROPERLY,CLEAR,"DARKNESS, LIGHTED ROAD",TURNING,NOT DIVIDED,,STRAIGHT AND LEVEL,DRY,NO DEFECTS,NOT ON SCENE (DESK REPORT),NO INJURY / DRIVE AWAY,Y,,,"$501 - $1,500",9/7/2019 20:10,UNABLE TO DETERMINE,UNABLE TO DETERMINE,1300,N,HALSTED ST,1822,,,,,,,2,NO INDICATION OF INJURY,0,0,0,0,0,2,0,19,7,9,41.90515954,-87.64826969,POINT (-87.648269694078 41.905159539077)
JC428751,Y,9/7/2019 19:40,20,STOP SIGN/FLASHER,NO CONTROLS,CLEAR,DUSK,SIDESWIPE SAME DIRECTION,NOT DIVIDED,,STRAIGHT AND LEVEL,DRY,NO DEFECTS,NOT ON SCENE (DESK REPORT),INJURY AND / OR TOW DUE TO CRASH,,,Y,"OVER $1,500",9/11/2019 11:30,UNABLE TO DETERMINE,UNABLE TO DETERMINE,1232,W,ROSEMONT AVE,2433,,,,,,,2,NONINCAPACITATING INJURY,1,0,0,1,0,1,0,19,7,9,41.99647254,-87.66188238,POINT (-87.661882383786 41.9964725402)
JC425200,,9/7/2019 19:30,30,TRAFFIC SIGNAL,FUNCTIONING PROPERLY,CLEAR,DAYLIGHT,REAR END,DIVIDED - W/MEDIAN (NOT RAISED),,STRAIGHT AND LEVEL,DRY,NO DEFECTS,NOT ON SCENE (DESK REPORT),NO INJURY / DRIVE AWAY,,,,"OVER $1,500",9/8/2019 19:00,FAILING TO REDUCE SPEED TO AVOID CRASH,DRIVING SKILLS/KNOWLEDGE/EXPERIENCE,5500,S,CENTRAL AVE,811,,,,,,,2,NO INDICATION OF INJURY,0,0,0,0,0,2,0,19,7,9,41.79264234,-87.7624466,POINT (-87.762446600716 41.792642336891)
JC424102,,9/7/2019 19:30,30,NO CONTROLS,NO CONTROLS,CLEAR,DARKNESS,TURNING,ONE-WAY,,STRAIGHT AND LEVEL,DRY,UNKNOWN,NOT ON SCENE (DESK REPORT),NO INJURY / DRIVE AWAY,,,Y,"$501 - $1,500",9/7/2019 20:00,UNABLE TO DETERMINE,NOT APPLICABLE,211,S,KARLOV AVE,1115,,,,,,,2,NO INDICATION OF INJURY,0,0,0,0,0,2,0,19,7,9,41.87757244,-87.72786734,POINT (-87.727867334808 41.877572442001)
JC424096,,9/7/2019 19:25,30,NO CONTROLS,NO CONTROLS,CLEAR,"DARKNESS, LIGHTED ROAD",REAR END,NOT DIVIDED,,STRAIGHT AND LEVEL,DRY,NO DEFECTS,NOT ON SCENE (DESK REPORT),NO INJURY / DRIVE AWAY,,,,"$501 - $1,500",9/7/2019 19:40,FOLLOWING TOO CLOSELY,FOLLOWING TOO CLOSELY,6312,S,PULASKI RD,813,,,,,,,2,NO INDICATION OF INJURY,0,0,0,0,0,2,0,19,7,9,41.77822512,-87.72289536,POINT (-87.722895358584 41.778225116897)
JC424129,,9/7/2019 19:13,30,NO CONTROLS,NO CONTROLS,CLEAR,"DARKNESS, LIGHTED ROAD",TURNING,NOT DIVIDED,,STRAIGHT ON GRADE,DRY,UNKNOWN,ON SCENE,INJURY AND / OR TOW DUE TO CRASH,,,,"OVER $1,500",9/7/2019 19:22,UNABLE TO DETERMINE,UNABLE TO DETERMINE,643,W,MADISON ST,121,,,,,,,2,NO INDICATION OF INJURY,0,0,0,0,0,2,0,19,7,9,41.88170852,-87.64426017,POINT (-87.64426017005 41.881708522596)
JC437008,Y,9/7/2019 19:00,30,NO CONTROLS,NO CONTROLS,CLEAR,DUSK,TURNING,FOUR WAY,,STRAIGHT AND LEVEL,DRY,NO DEFECTS,NOT ON SCENE (DESK REPORT),NO INJURY / DRIVE AWAY,,,,"OVER $1,500",9/17/2019 12:25,IMPROPER OVERTAKING/PASSING,NOT APPLICABLE,500,W,35TH ST,915,Y,,,,,,2,NO INDICATION OF INJURY,0,0,0,0,0,2,0,19,7,9,41.83095443,-87.6388669,POINT (-87.638866898665 41.83095443385)
JC424914,,9/7/2019 19:00,15,NO CONTROLS,NO CONTROLS,CLEAR,DAYLIGHT,FIXED OBJECT,ALLEY,,STRAIGHT AND LEVEL,DRY,NO DEFECTS,ON SCENE,NO INJURY / DRIVE AWAY,,Y,Y,$500 OR LESS,9/8/2019 15:00,IMPROPER LANE USAGE,NOT APPLICABLE,6000,S,FAIRFIELD AVE,825,,,,,,,1,NO INDICATION OF INJURY,0,0,0,0,0,1,0,19,7,9,41.78450789,-87.69246739,POINT (-87.692467384998 41.78450789247)
JC424774,,9/7/2019 19:00,15,NO CONTROLS,OTHER,UNKNOWN,UNKNOWN,OTHER OBJECT,ALLEY,,STRAIGHT AND LEVEL,UNKNOWN,UNKNOWN,ON SCENE,NO INJURY / DRIVE AWAY,,Y,Y,"$501 - $1,500",9/8/2019 11:52,UNABLE TO DETERMINE,UNABLE TO DETERMINE,19,E,102ND ST,511,,,,,,,1,NO INDICATION OF INJURY,0,0,0,0,0,1,0,19,7,9,41.70888729,-87.62272071,POINT (-87.6227207079 41.708887286971)
JC424110,,9/7/2019 18:57,30,NO CONTROLS,NO CONTROLS,CLEAR,DUSK,SIDESWIPE SAME DIRECTION,NOT DIVIDED,,STRAIGHT AND LEVEL,DRY,NO DEFECTS,NOT ON SCENE (DESK REPORT),NO INJURY / DRIVE AWAY,,,,"OVER $1,500",9/7/2019 20:15,IMPROPER LANE USAGE,NOT APPLICABLE,190,N,STATE ST,111,,,,,,,2,NO INDICATION OF INJURY,0,0,0,0,0,6,0,18,7,9,41.88555517,-87.62808273,POINT (-87.628082725161 41.885555169503)
JC424070,,9/7/2019 18:54,40,NO CONTROLS,NO CONTROLS,CLOUDY/OVERCAST,"DARKNESS, LIGHTED ROAD",TURNING,NOT DIVIDED,,STRAIGHT AND LEVEL,DRY,"RUT, HOLES",ON SCENE,NO INJURY / DRIVE AWAY,,,,"OVER $1,500",9/7/2019 18:56,UNABLE TO DETERMINE,NOT APPLICABLE,4000,S,CICERO AVE,1031,,,,,,,2,NO INDICATION OF INJURY,0,0,0,0,0,5,0,18,7,9,41.82056577,-87.7436532,POINT (-87.743653198213 41.820565772976)
JC424114,,9/7/2019 18:45,15,NO CONTROLS,UNKNOWN,CLEAR,DUSK,PEDESTRIAN,ONE-WAY,,STRAIGHT AND LEVEL,DRY,OTHER,ON SCENE,INJURY AND / OR TOW DUE TO CRASH,,,Y,$500 OR LESS,9/7/2019 18:45,UNABLE TO DETERMINE,NOT APPLICABLE,4251,W,KAMERLING AVE,2534,,,,,,,2,"REPORTED, NOT EVIDENT",1,0,0,0,1,1,0,18,7,9,41.90516236,-87.73332714,POINT (-87.733327142363 41.905162360372)
JC424073,,9/7/2019 18:34,30,STOP SIGN/FLASHER,FUNCTIONING PROPERLY,CLEAR,DAYLIGHT,ANGLE,FOUR WAY,,STRAIGHT AND LEVEL,DRY,NO DEFECTS,ON SCENE,NO INJURY / DRIVE AWAY,Y,,,"OVER $1,500",9/7/2019 18:34,FAILING TO YIELD RIGHT-OF-WAY,"VISION OBSCURED (SIGNS, TREE LIMBS, BUILDINGS, ETC.)",2700,S,KEDZIE AVE,1032,,,,,,,2,NO INDICATION OF INJURY,0,0,0,0,0,3,0,18,7,9,41.84260253,-87.70512781,POINT (-87.705127810739 41.842602526365)
JC424064,,9/7/2019 18:25,30,TRAFFIC SIGNAL,FUNCTIONING PROPERLY,CLEAR,DAYLIGHT,TURNING,CENTER TURN LANE,,STRAIGHT AND LEVEL,DRY,NO DEFECTS,,INJURY AND / OR TOW DUE TO CRASH,Y,,,"OVER $1,500",9/7/2019 18:31,FAILING TO YIELD RIGHT-OF-WAY,NOT APPLICABLE,8300,S,PULASKI RD,834,,,,,,,2,NO INDICATION OF INJURY,0,0,0,0,0,4,0,18,7,9,41.74213055,-87.7218241,POINT (-87.72182410033 41.742130554062)
JC424029,,9/7/2019 18:15,30,UNKNOWN,UNKNOWN,UNKNOWN,UNKNOWN,PARKED MOTOR VEHICLE,UNKNOWN,,STRAIGHT AND LEVEL,UNKNOWN,UNKNOWN,NOT ON SCENE (DESK REPORT),NO INJURY / DRIVE AWAY,,,,"OVER $1,500",9/7/2019 18:35,UNABLE TO DETERMINE,NOT APPLICABLE,1141,N,ASHLAND AVE,1213,,,,,,,2,NO INDICATION OF INJURY,0,0,0,0,0,4,0,18,7,9,41.90279709,-87.6673307,POINT (-87.667330694792 41.902797093511)
JC424010,,9/7/2019 18:02,30,NO CONTROLS,NO CONTROLS,CLEAR,DAYLIGHT,PARKED MOTOR VEHICLE,ONE-WAY,,STRAIGHT AND LEVEL,DRY,NO DEFECTS,,INJURY AND / OR TOW DUE TO CRASH,,,,"OVER $1,500",9/7/2019 18:02,"OPERATING VEHICLE IN ERRATIC, RECKLESS, CARELESS, NEGLIGENT OR AGGRESSIVE MANNER",UNABLE TO DETERMINE,3222,S,EMERALD AVE,915,,,,,,,4,NO INDICATION OF INJURY,0,0,0,0,0,1,0,18,7,9,41.8355245,-87.64515026,POINT (-87.645150258263 41.835524503189)
JC424028,,9/7/2019 18:00,30,NO CONTROLS,NO CONTROLS,CLEAR,DAYLIGHT,PARKED MOTOR VEHICLE,NOT DIVIDED,,STRAIGHT AND LEVEL,DRY,NO DEFECTS,ON SCENE,NO INJURY / DRIVE AWAY,,,,$500 OR LESS,9/7/2019 18:35,UNABLE TO DETERMINE,UNABLE TO DETERMINE,4812,N,KEDZIE AVE,1713,,,,,,,2,NO INDICATION OF INJURY,0,0,0,0,0,1,0,18,7,9,41.96887859,-87.70863559,POINT (-87.70863558549 41.96887858858)