RD_NO,CRASH_DATE_EST_I,CRASH_DATE,POSTED_SPEED_LIMIT,TRAFFIC_CONTROL_DEVICE,DEVICE_CONDITION,WEATHER_CONDITION,LIGHTING_CONDITION,FIRST_CRASH_TYPE,TRAFFICWAY_TYPE,LANE_CNT,ALIGNMENT,ROADWAY_SURFACE_COND,ROAD_DEFECT,REPORT_TYPE,CRASH_TYPE,INTERSECTION_RELATED_I,NOT_RIGHT_OF_WAY_I,HIT_AND_RUN_I,DAMAGE,DATE_POLICE_NOTIFIED,PRIM_CONTRIBUTORY_CAUSE,SEC_CONTRIBUTORY_CAUSE,STREET_NO,STREET_DIRECTION,STREET_NAME,BEAT_OF_OCCURRENCE,PHOTOS_TAKEN_I,STATEMENTS_TAKEN_I,DOORING_I,WORK_ZONE_I,WORK_ZONE_TYPE,WORKERS_PRESENT_I,NUM_UNITS,MOST_SEVERE_INJURY,INJURIES_TOTAL,INJURIES_FATAL,INJURIES_INCAPACITATING,INJURIES_NON_INCAPACITATING,INJURIES_REPORTED_NOT_EVIDENT,INJURIES_NO_INDICATION,INJURIES_UNKNOWN,CRASH_HOUR,CRASH_DAY_OF_WEEK,CRASH_MONTH,LATITUDE,LONGITUDE,LOCATION
JC424011,,9/7/2019 17:54,25,NO CONTROLS,NO CONTROLS,CLEAR,DAYLIGHT,PARKED MOTOR VEHICLE,ONE-WAY,,STRAIGHT AND LEVEL,DRY,NO DEFECTS,ON SCENE,INJURY AND / OR TOW DUE TO CRASH,,,,"OVER $1,500",9/7/2019 17:55,EQUIPMENT - VEHICLE CONDITION,NOT APPLICABLE,2212,N,KEYSTONE AVE,2525,,,,,,,3,NO INDICATION OF INJURY,0,0,0,0,0,1,0,17,7,9,41.92123908,-87.72803886,POINT (-87.728038862203 41.921239082539)
JC424016,,9/7/2019 17:47,45,NO CONTROLS,NO CONTROLS,CLEAR,DAYLIGHT,FIXED OBJECT,DIVIDED - W/MEDIAN BARRIER,,STRAIGHT AND LEVEL,DRY,NO DEFECTS,ON SCENE,INJURY AND / OR TOW DUE TO CRASH,,,,"OVER $1,500",9/7/2019 17:50,UNABLE TO DETERMINE,UNABLE TO DETERMINE,4900,S,CHICAGO BEACH DR,222,,,,,,,3,NONINCAPACITATING INJURY,1,0,0,1,0,3,0,17,7,9,41.80617039,-87.58579957,POINT (-87.585799572515 41.806170387633)
JC424037,,9/7/2019 17:45,15,NO CONTROLS,NO CONTROLS,CLEAR,DAYLIGHT,HEAD ON,ONE-WAY,,STRAIGHT AND LEVEL,DRY,NO DEFECTS,ON SCENE,NO INJURY / DRIVE AWAY,N,,Y,$500 OR LESS,9/7/2019 18:28,FAILING TO YIELD RIGHT-OF-WAY,UNABLE TO DETERMINE,258,N,LA CROSSE AVE,1532,,,,,,,2,NO INDICATION OF INJURY,0,0,0,0,0,2,0,17,7,9,41.88565851,-87.74683844,POINT (-87.746838443562 41.885658508739)
JC424027,,9/7/2019 17:35,20,TRAFFIC SIGNAL,FUNCTIONING PROPERLY,CLOUDY/OVERCAST,DAYLIGHT,PARKED MOTOR VEHICLE,ONE-WAY,,STRAIGHT AND LEVEL,DRY,NO DEFECTS,ON SCENE,INJURY AND / OR TOW DUE TO CRASH,,,Y,"OVER $1,500",9/7/2019 17:41,UNABLE TO DETERMINE,NOT APPLICABLE,1647,W,NORTH SHORE AVE,2432,,,,,,,2,NO INDICATION OF INJURY,0,0,0,0,0,1,0,17,7,9,42.00340658,-87.67237959,POINT (-87.672379589018 42.003406583459)
JC424098,,9/7/2019 17:30,35,STOP SIGN/FLASHER,FUNCTIONING PROPERLY,CLEAR,DAYLIGHT,ANGLE,NOT DIVIDED,,STRAIGHT AND LEVEL,DRY,NO DEFECTS,NOT ON SCENE (DESK REPORT),NO INJURY / DRIVE AWAY,,,,"$501 - $1,500",9/7/2019 19:43,UNABLE TO DETERMINE,NOT APPLICABLE,4200,W,64TH ST,813,,,,,,,2,NO INDICATION OF INJURY,0,0,0,0,0,5,0,17,7,9,41.77688699,-87.72765964,POINT (-87.72765963595 41.776886985108)
JC424060,,9/7/2019 17:30,15,NO CONTROLS,NO CONTROLS,CLEAR,DAYLIGHT,PARKED MOTOR VEHICLE,ONE-WAY,,STRAIGHT AND LEVEL,DRY,NO DEFECTS,ON SCENE,NO INJURY / DRIVE AWAY,,,Y,$500 OR LESS,9/7/2019 17:54,DRIVING SKILLS/KNOWLEDGE/EXPERIENCE,UNABLE TO DETERMINE,4921,W,GLADYS AVE,1533,,,,,,,2,NO INDICATION OF INJURY,0,0,0,0,0,1,0,17,7,9,41.87573181,-87.74812985,POINT (-87.74812985448 41.87573181184)
JC423985,,9/7/2019 17:30,15,NO CONTROLS,NO CONTROLS,CLEAR,DAYLIGHT,REAR TO REAR,PARKING LOT,,STRAIGHT AND LEVEL,DRY,NO DEFECTS,NOT ON SCENE (DESK REPORT),NO INJURY / DRIVE AWAY,,,,"$501 - $1,500",9/7/2019 17:45,IMPROPER BACKING,UNABLE TO DETERMINE,4798,N,CENTRAL AVE,1622,,,,,,,2,NO INDICATION OF INJURY,0,0,0,0,0,2,0,17,7,9,41.96773491,-87.76762263,POINT (-87.767622626845 41.967734907219)
JC423980,,9/7/2019 17:29,30,NO CONTROLS,NO CONTROLS,CLEAR,DAYLIGHT,FIXED OBJECT,T-INTERSECTION,,STRAIGHT AND LEVEL,DRY,NO DEFECTS,ON SCENE,INJURY AND / OR TOW DUE TO CRASH,Y,Y,,"OVER $1,500",9/7/2019 17:31,NOT APPLICABLE,NOT APPLICABLE,6800,S,WOOD ST,726,,,,,,,1,NONINCAPACITATING INJURY,1,0,0,1,0,0,0,17,7,9,41.77021957,-87.66896784,POINT (-87.668967836784 41.770219571844)
JC424006,,9/7/2019 17:27,10,OTHER,OTHER,CLEAR,DAYLIGHT,PEDESTRIAN,PARKING LOT,,CURVE ON GRADE,DRY,OTHER,ON SCENE,INJURY AND / OR TOW DUE TO CRASH,Y,Y,,"OVER $1,500",9/7/2019 17:28,DRIVING SKILLS/KNOWLEDGE/EXPERIENCE,FAILING TO YIELD RIGHT-OF-WAY,6403,N,ARTESIAN AVE,2412,,,,,,,2,INCAPACITATING INJURY,1,0,1,0,0,1,0,17,7,9,41.99785885,-87.69096194,POINT (-87.690961934682 41.997858852382)
JC423995,,9/7/2019 17:25,30,UNKNOWN,UNKNOWN,CLEAR,DAYLIGHT,TURNING,T-INTERSECTION,,STRAIGHT AND LEVEL,DRY,NO DEFECTS,NOT ON SCENE (DESK REPORT),INJURY AND / OR TOW DUE TO CRASH,Y,,,"OVER $1,500",9/7/2019 17:26,FAILING TO YIELD RIGHT-OF-WAY,NOT APPLICABLE,11100,S,DOTY AVE E,513,,,,,,,2,NO INDICATION OF INJURY,0,0,0,0,0,4,0,17,7,9,41.69275271,-87.59698875,POINT (-87.59698875385 41.692752710685)
JC423983,,9/7/2019 17:20,30,TRAFFIC SIGNAL,FUNCTIONING PROPERLY,CLEAR,DAYLIGHT,PEDESTRIAN,FOUR WAY,,STRAIGHT ON GRADE,DRY,NO DEFECTS,ON SCENE,INJURY AND / OR TOW DUE TO CRASH,Y,,Y,"OVER $1,500",9/7/2019 17:24,DISREGARDING TRAFFIC SIGNALS,UNABLE TO DETERMINE,3955,W,ROOSEVELT RD,1011,,,,,,,2,NONINCAPACITATING INJURY,1,0,0,1,0,1,0,17,7,9,41.86606589,-87.72492306,POINT (-87.724923056635 41.866065894363)
JC423955,,9/7/2019 17:08,30,TRAFFIC SIGNAL,FUNCTIONING PROPERLY,CLEAR,DAYLIGHT,REAR END,RAMP,,STRAIGHT AND LEVEL,DRY,NO DEFECTS,ON SCENE,INJURY AND / OR TOW DUE TO CRASH,,,,"OVER $1,500",9/7/2019 17:09,UNABLE TO DETERMINE,NOT APPLICABLE,2759,W,VAN BUREN ST,1135,,,,,,,2,INCAPACITATING INJURY,1,0,1,0,0,2,0,17,7,9,41.87587163,-87.69612324,POINT (-87.696123238512 41.875871627791)
JC423960,,9/7/2019 17:02,30,TRAFFIC SIGNAL,FUNCTIONING PROPERLY,CLEAR,DAYLIGHT,TURNING,NOT DIVIDED,,STRAIGHT AND LEVEL,DRY,NO DEFECTS,ON SCENE,NO INJURY / DRIVE AWAY,,,,"OVER $1,500",9/7/2019 17:15,"VISION OBSCURED (SIGNS, TREE LIMBS, BUILDINGS, ETC.)",UNABLE TO DETERMINE,3058,S,ARCHER AVE,913,,,,,,,2,NO INDICATION OF INJURY,0,0,0,0,0,3,0,17,7,9,41.83912798,-87.66346041,POINT (-87.663460409237 41.839127983918)
JC424015,,9/7/2019 17:00,30,NO CONTROLS,NO CONTROLS,CLEAR,DAYLIGHT,REAR END,DIVIDED - W/MEDIAN (NOT RAISED),,STRAIGHT AND LEVEL,DRY,NO DEFECTS,NOT ON SCENE (DESK REPORT),NO INJURY / DRIVE AWAY,,,,"$501 - $1,500",9/7/2019 18:15,UNABLE TO DETERMINE,UNABLE TO DETERMINE,4731,W,FOSTER AVE,1712,,,,,,,2,NO INDICATION OF INJURY,0,0,0,0,0,2,0,17,7,9,41.97524215,-87.74699701,POINT (-87.746997008924 41.975242148996)
JC423971,,9/7/2019 17:00,30,NO CONTROLS,NO CONTROLS,CLEAR,DAYLIGHT,PARKED MOTOR VEHICLE,ONE-WAY,,STRAIGHT AND LEVEL,DRY,NO DEFECTS,ON SCENE,NO INJURY / DRIVE AWAY,,,,$500 OR LESS,9/7/2019 17:08,UNABLE TO DETERMINE,UNABLE TO DETERMINE,642,W,JUNIOR TER,1915,,,,,,,2,NO INDICATION OF INJURY,0,0,0,0,0,1,0,17,7,9,41.96111794,-87.64685817,POINT (-87.646858167869 41.961117941336)
JC423958,,9/7/2019 17:00,30,TRAFFIC SIGNAL,FUNCTIONING PROPERLY,CLOUDY/OVERCAST,DAYLIGHT,REAR END,DIVIDED - W/MEDIAN (NOT RAISED),,STRAIGHT AND LEVEL,DRY,NO DEFECTS,ON SCENE,NO INJURY / DRIVE AWAY,,,,"OVER $1,500",9/7/2019 17:04,IMPROPER LANE USAGE,DISREGARDING ROAD MARKINGS,1338,S,MICHIGAN AVE,131,,,,,,,2,NO INDICATION OF INJURY,0,0,0,0,0,3,0,17,7,9,41.86467686,-87.62423473,POINT (-87.624234732517 41.864676860165)
JC424046,,9/7/2019 16:55,15,NO CONTROLS,NO CONTROLS,CLEAR,DAYLIGHT,PARKED MOTOR VEHICLE,NOT DIVIDED,,STRAIGHT AND LEVEL,DRY,NO DEFECTS,NOT ON SCENE (DESK REPORT),NO INJURY / DRIVE AWAY,,,Y,"$501 - $1,500",9/7/2019 18:50,UNABLE TO DETERMINE,UNABLE TO DETERMINE,3819,W,57TH ST,822,,,,,,,2,NO INDICATION OF INJURY,0,0,0,0,0,1,0,16,7,9,41.78953123,-87.71896264,POINT (-87.718962634562 41.789531234405)
JC423934,,9/7/2019 16:51,30,TRAFFIC SIGNAL,FUNCTIONING PROPERLY,CLEAR,DAYLIGHT,TURNING,FOUR WAY,,STRAIGHT AND LEVEL,DRY,NO DEFECTS,,INJURY AND / OR TOW DUE TO CRASH,Y,,,"OVER $1,500",9/7/2019 16:51,EQUIPMENT - VEHICLE CONDITION,UNABLE TO DETERMINE,3353,W,DIVISION ST,1121,,,,,,,3,NO INDICATION OF INJURY,0,0,0,0,0,3,0,16,7,9,41.90267953,-87.71153379,POINT (-87.71153379056 41.902679525985)
JC423948,,9/7/2019 16:45,30,NO CONTROLS,NO CONTROLS,CLEAR,DAYLIGHT,ANGLE,PARKING LOT,,STRAIGHT AND LEVEL,DRY,NO DEFECTS,NOT ON SCENE (DESK REPORT),NO INJURY / DRIVE AWAY,,,,"OVER $1,500",9/7/2019 17:10,IMPROPER BACKING,NOT APPLICABLE,1215,W,ROOSEVELT RD,1233,,,,,,,2,NO INDICATION OF INJURY,0,0,0,0,0,2,0,16,7,9,41.86687721,-87.65728721,POINT (-87.657287211973 41.866877208868)
JC423924,,9/7/2019 16:42,30,TRAFFIC SIGNAL,FUNCTIONING PROPERLY,CLEAR,DAYLIGHT,ANGLE,NOT DIVIDED,,STRAIGHT AND LEVEL,DRY,NO DEFECTS,ON SCENE,NO INJURY / DRIVE AWAY,Y,,Y,"OVER $1,500",9/7/2019 16:46,UNABLE TO DETERMINE,NOT APPLICABLE,7058,S,STEWART AVE,732,,,,,,,2,NO INDICATION OF INJURY,0,0,0,0,0,2,0,16,7,9,41.76544512,-87.63481373,POINT (-87.634813726243 41.765445118815)
JC423975,,9/7/2019 16:41,30,UNKNOWN,UNKNOWN,UNKNOWN,UNKNOWN,PARKED MOTOR VEHICLE,ONE-WAY,,STRAIGHT AND LEVEL,UNKNOWN,UNKNOWN,NOT ON SCENE (DESK REPORT),NO INJURY / DRIVE AWAY,,,,"OVER $1,500",9/7/2019 17:35,UNABLE TO DETERMINE,NOT APPLICABLE,4800,W,GEORGE ST,2521,,,,,,,2,NO INDICATION OF INJURY,0,0,0,0,0,2,0,16,7,9,41.93346293,-87.74679225,POINT (-87.746792246811 41.93346293058)
JC423976,,9/7/2019 16:40,15,NO CONTROLS,NO CONTROLS,CLEAR,DAYLIGHT,PARKED MOTOR VEHICLE,PARKING LOT,,STRAIGHT AND LEVEL,DRY,NO DEFECTS,NOT ON SCENE (DESK REPORT),NO INJURY / DRIVE AWAY,,,Y,"$501 - $1,500",9/7/2019 17:40,UNABLE TO DETERMINE,UNABLE TO DETERMINE,5800,S,KEDZIE AVE,822,,,,,,,2,NO INDICATION OF INJURY,0,0,0,0,0,1,0,16,7,9,41.7879702,-87.70354447,POINT (-87.703544465118 41.787970201401)
JC423950,,9/7/2019 16:40,30,NO CONTROLS,NO CONTROLS,CLEAR,DAYLIGHT,SIDESWIPE SAME DIRECTION,ONE-WAY,,STRAIGHT AND LEVEL,DRY,NO DEFECTS,NOT ON SCENE (DESK REPORT),NO INJURY / DRIVE AWAY,,,Y,$500 OR LESS,9/7/2019 17:10,DRIVING SKILLS/KNOWLEDGE/EXPERIENCE,UNABLE TO DETERMINE,7822,S,CARPENTER ST,612,,,,,,,2,NO INDICATION OF INJURY,0,0,0,0,0,2,0,16,7,9,41.75165703,-87.65027648,POINT (-87.650276482899 41.751657033633)
JC424004,,9/7/2019 16:37,30,NO CONTROLS,NO CONTROLS,CLOUDY/OVERCAST,DAYLIGHT,PARKED MOTOR VEHICLE,ONE-WAY,,STRAIGHT AND LEVEL,DRY,NO DEFECTS,ON SCENE,NO INJURY / DRIVE AWAY,,,,"OVER $1,500",9/7/2019 16:37,FAILING TO REDUCE SPEED TO AVOID CRASH,NOT APPLICABLE,397,E,ONTARIO ST,1834,,,,,,,2,NO INDICATION OF INJURY,0,0,0,0,0,1,0,16,7,9,41.89333372,-87.61785925,POINT (-87.617859249093 41.893333716262)
JC424053,,9/7/2019 16:35,30,TRAFFIC SIGNAL,FUNCTIONING PROPERLY,CLEAR,DAYLIGHT,REAR END,DIVIDED - W/MEDIAN (NOT RAISED),,STRAIGHT AND LEVEL,DRY,NO DEFECTS,NOT ON SCENE (DESK REPORT),NO INJURY / DRIVE AWAY,,,,"OVER $1,500",9/7/2019 16:45,FOLLOWING TOO CLOSELY,UNABLE TO DETERMINE,306,S,SACRAMENTO BLVD,1124,,,,,,,3,NO INDICATION OF INJURY,0,0,0,0,0,4,0,16,7,9,41.8771235,-87.70124909,POINT (-87.701249094398 41.877123502764)
JC440561,,9/7/2019 16:30,30,NO CONTROLS,NO CONTROLS,UNKNOWN,DAYLIGHT,PARKED MOTOR VEHICLE,ONE-WAY,,STRAIGHT AND LEVEL,UNKNOWN,NO DEFECTS,NOT ON SCENE (DESK REPORT),NO INJURY / DRIVE AWAY,,,Y,"OVER $1,500",9/19/2019 22:00,IMPROPER LANE USAGE,NOT APPLICABLE,3829,N,MOZART ST,1733,,,,,,,2,NO INDICATION OF INJURY,0,0,0,0,0,1,0,16,7,9,41.95120825,-87.69923657,POINT (-87.699236569239 41.95120825345)
JC424835,,9/7/2019 16:30,25,NO CONTROLS,NO CONTROLS,CLEAR,DAYLIGHT,PARKED MOTOR VEHICLE,ONE-WAY,,STRAIGHT AND LEVEL,DRY,NO DEFECTS,NOT ON SCENE (DESK REPORT),NO INJURY / DRIVE AWAY,,,Y,"$501 - $1,500",9/8/2019 13:38,UNABLE TO DETERMINE,UNABLE TO DETERMINE,4356,N,LOWELL AVE,1722,,,,,,,2,NO INDICATION OF INJURY,0,0,0,0,0,1,0,16,7,9,41.96069707,-87.73716704,POINT (-87.737167043973 41.960697067526)
JC424020,,9/7/2019 16:30,30,NO CONTROLS,NO CONTROLS,CLEAR,DAYLIGHT,PARKED MOTOR VEHICLE,NOT DIVIDED,,STRAIGHT AND LEVEL,DRY,NO DEFECTS,NOT ON SCENE (DESK REPORT),NO INJURY / DRIVE AWAY,,,,"$501 - $1,500",9/7/2019 19:20,UNABLE TO DETERMINE,UNABLE TO DETERMINE,3926,W,69TH ST,833,,,,,,,2,NO INDICATION OF INJURY,0,0,0,0,0,1,0,16,7,9,41.76786335,-87.72114931,POINT (-87.721149307867 41.767863348616)
JC423964,,9/7/2019 16:30,30,NO CONTROLS,NO CONTROLS,CLEAR,DAYLIGHT,SIDESWIPE SAME DIRECTION,NOT DIVIDED,,STRAIGHT AND LEVEL,DRY,NO DEFECTS,NOT ON SCENE (DESK REPORT),NO INJURY / DRIVE AWAY,,,,"$501 - $1,500",9/7/2019 17:19,FAILING TO YIELD RIGHT-OF-WAY,IMPROPER TURNING/NO SIGNAL,211,W,CHICAGO AVE,1831,,,,,,,2,NO INDICATION OF INJURY,0,0,0,0,0,2,0,16,7,9,41.89647855,-87.63469373,POINT (-87.63469372843 41.896478552337)
JC423938,,9/7/2019 16:30,30,TRAFFIC SIGNAL,UNKNOWN,CLEAR,DAYLIGHT,SIDESWIPE SAME DIRECTION,NOT DIVIDED,,STRAIGHT AND LEVEL,DRY,NO DEFECTS,NOT ON SCENE (DESK REPORT),NO INJURY / DRIVE AWAY,,,Y,"OVER $1,500",9/7/2019 17:00,IMPROPER LANE USAGE,NOT APPLICABLE,4700,S,EVANS AVE,223,,,,,,,2,NO INDICATION OF INJURY,0,0,0,0,0,2,0,16,7,9,41.80942214,-87.607946,POINT (-87.607945995937 41.809422136095)
JC426030,,9/7/2019 16:26,30,NO CONTROLS,NO CONTROLS,CLEAR,DAYLIGHT,PARKED MOTOR VEHICLE,NOT DIVIDED,,STRAIGHT AND LEVEL,DRY,NO DEFECTS,NOT ON SCENE (DESK REPORT),NO INJURY / DRIVE AWAY,,,Y,"$501 - $1,500",9/9/2019 13:10,UNABLE TO DETERMINE,UNABLE TO DETERMINE,3625,W,67TH PL,833,,,,,,,2,NO INDICATION OF INJURY,0,0,0,0,0,1,0,16,7,9,41.77048883,-87.7139016,POINT (-87.713901602705 41.770488826677)
JC423887,,9/7/2019 16:21,30,NO CONTROLS,NO CONTROLS,CLEAR,DAYLIGHT,REAR END,OTHER,,STRAIGHT AND LEVEL,DRY,NO DEFECTS,ON SCENE,INJURY AND / OR TOW DUE TO CRASH,,,,"OVER $1,500",9/7/2019 16:29,UNABLE TO DETERMINE,NOT APPLICABLE,9500,S,PAXTON AVE,431,,,,,,,2,NO INDICATION OF INJURY,0,0,0,0,0,2,0,16,7,9,41.72245497,-87.57067381,POINT (-87.570673805878 41.722454974015)
JC423914,,9/7/2019 16:20,10,NO CONTROLS,NO CONTROLS,CLEAR,DAYLIGHT,REAR TO FRONT,PARKING LOT,,STRAIGHT AND LEVEL,UNKNOWN,UNKNOWN,NOT ON SCENE (DESK REPORT),NO INJURY / DRIVE AWAY,,Y,Y,"OVER $1,500",9/7/2019 16:45,UNABLE TO DETERMINE,NOT APPLICABLE,741,W,31ST ST,915,,,,,,,2,NO INDICATION OF INJURY,0,0,0,0,0,2,0,16,7,9,41.83794567,-87.64545983,POINT (-87.645459827304 41.837945672974)
JC423911,,9/7/2019 16:20,30,UNKNOWN,UNKNOWN,CLEAR,DAYLIGHT,REAR END,NOT DIVIDED,,STRAIGHT AND LEVEL,UNKNOWN,UNKNOWN,NOT ON SCENE (DESK REPORT),NO INJURY / DRIVE AWAY,,,Y,"$501 - $1,500",9/7/2019 16:35,FOLLOWING TOO CLOSELY,FOLLOWING TOO CLOSELY,4199,N,LAKE SHORE DR SB,1915,,,,,,,2,NO INDICATION OF INJURY,0,0,0,0,0,2,0,16,7,9,41.95844273,-87.64591298,POINT (-87.645912975606 41.958442733471)
JC423943,,9/7/2019 16:15,25,NO CONTROLS,NO CONTROLS,CLEAR,DAYLIGHT,PARKED MOTOR VEHICLE,NOT DIVIDED,,STRAIGHT AND LEVEL,DRY,NO DEFECTS,ON SCENE,NO INJURY / DRIVE AWAY,,,Y,"OVER $1,500",9/7/2019 16:59,UNABLE TO DETERMINE,NOT APPLICABLE,3937,W,75TH PL,833,,,,,,,2,NO INDICATION OF INJURY,0,0,0,0,0,1,0,16,7,9,41.75627547,-87.72208675,POINT (-87.722086751092 41.756275465767)
JC423895,,9/7/2019 16:13,30,NO CONTROLS,NO CONTROLS,CLEAR,DAYLIGHT,REAR END,DIVIDED - W/MEDIAN (NOT RAISED),,STRAIGHT AND LEVEL,DRY,NO DEFECTS,ON SCENE,NO INJURY / DRIVE AWAY,,,,"OVER $1,500",9/7/2019 16:20,UNABLE TO DETERMINE,NOT APPLICABLE,7505,W,BELMONT AVE,2511,,,,,,,2,NO INDICATION OF INJURY,0,0,0,0,0,2,0,16,7,9,41.9378563,-87.81430494,POINT (-87.814304944195 41.937856304202)
JC423871,,9/7/2019 16:09,30,STOP SIGN/FLASHER,FUNCTIONING IMPROPERLY,CLEAR,DAYLIGHT,TURNING,DIVIDED - W/MEDIAN (NOT RAISED),,STRAIGHT AND LEVEL,DRY,NO DEFECTS,ON SCENE,INJURY AND / OR TOW DUE TO CRASH,,,,"OVER $1,500",9/7/2019 16:25,FAILING TO YIELD RIGHT-OF-WAY,NOT APPLICABLE,3435,N,MILWAUKEE AVE,1731,,,,,,,2,NO INDICATION OF INJURY,0,0,0,0,0,2,0,16,7,9,41.94379604,-87.73132736,POINT (-87.731327356515 41.943796043682)
JC423894,,9/7/2019 16:00,30,NO CONTROLS,NO CONTROLS,CLEAR,DAYLIGHT,REAR END,NOT DIVIDED,,STRAIGHT AND LEVEL,DRY,NO DEFECTS,ON SCENE,INJURY AND / OR TOW DUE TO CRASH,Y,,,"OVER $1,500",9/7/2019 16:05,FOLLOWING TOO CLOSELY,UNABLE TO DETERMINE,5301,N,ASHLAND AVE,2012,,,,,,,3,NONINCAPACITATING INJURY,1,0,0,1,0,2,0,16,7,9,41.97804778,-87.66951777,POINT (-87.669517772155 41.978047778826)
JC423890,,9/7/2019 15:50,30,TRAFFIC SIGNAL,FUNCTIONING PROPERLY,CLEAR,DAYLIGHT,SIDESWIPE SAME DIRECTION,NOT DIVIDED,,STRAIGHT AND LEVEL,DRY,NO DEFECTS,NOT ON SCENE (DESK REPORT),NO INJURY / DRIVE AWAY,,,Y,"OVER $1,500",9/7/2019 16:30,IMPROPER OVERTAKING/PASSING,IMPROPER LANE USAGE,299,E,MONROE DR,114,,,,,,,2,NO INDICATION OF INJURY,0,0,0,0,0,4,0,15,7,9,41.88076242,-87.62088387,POINT (-87.620883870254 41.880762422701)
JC423832,,9/7/2019 15:45,20,NO CONTROLS,NO CONTROLS,CLEAR,DAYLIGHT,PEDESTRIAN,ONE-WAY,,STRAIGHT AND LEVEL,DRY,NO DEFECTS,ON SCENE,INJURY AND / OR TOW DUE TO CRASH,,,,"$501 - $1,500",9/7/2019 15:45,UNABLE TO DETERMINE,UNABLE TO DETERMINE,1350,N,HUDSON AVE,1821,,,,,,,2,NONINCAPACITATING INJURY,1,0,0,1,0,1,0,15,7,9,41.90692335,-87.63982132,POINT (-87.639821319527 41.906923348979)
JC423851,,9/7/2019 15:37,30,STOP SIGN/FLASHER,FUNCTIONING PROPERLY,CLEAR,DAYLIGHT,ANGLE,NOT DIVIDED,,STRAIGHT AND LEVEL,DRY,NO DEFECTS,ON SCENE,NO INJURY / DRIVE AWAY,Y,,,"OVER $1,500",9/7/2019 15:52,FAILING TO YIELD RIGHT-OF-WAY,UNABLE TO DETERMINE,7099,W,GRAND AVE,2512,,,,,,,2,NO INDICATION OF INJURY,0,0,0,0,0,2,0,15,7,9,41.92343297,-87.80248082,POINT (-87.80248081452 41.923432971056)
JC423869,,9/7/2019 15:31,30,TRAFFIC SIGNAL,FUNCTIONING PROPERLY,CLEAR,DAYLIGHT,TURNING,FOUR WAY,,STRAIGHT AND LEVEL,DRY,NO DEFECTS,,INJURY AND / OR TOW DUE TO CRASH,Y,,,"OVER $1,500",9/7/2019 15:59,FAILING TO YIELD RIGHT-OF-WAY,NOT APPLICABLE,9500,S,HALSTED ST,2223,,,,,,,3,NO INDICATION OF INJURY,0,0,0,0,0,3,0,15,7,9,41.72136506,-87.64335804,POINT (-87.643358042341 41.721365060783)
JC423902,,9/7/2019 15:30,30,TRAFFIC SIGNAL,FUNCTIONING PROPERLY,CLEAR,DAYLIGHT,TURNING,NOT DIVIDED,,STRAIGHT AND LEVEL,DRY,NO DEFECTS,ON SCENE,NO INJURY / DRIVE AWAY,,,Y,"OVER $1,500",9/7/2019 16:30,FOLLOWING TOO CLOSELY,"OPERATING VEHICLE IN ERRATIC, RECKLESS, CARELESS, NEGLIGENT OR AGGRESSIVE MANNER",6198,N,LINCOLN AVE,1711,,,,,,,2,NO INDICATION OF INJURY,0,0,0,0,0,2,0,15,7,9,41.99437341,-87.71408478,POINT (-87.714084778809 41.994373408508)
JC423841,,9/7/2019 15:30,30,STOP SIGN/FLASHER,FUNCTIONING PROPERLY,CLEAR,DAYLIGHT,ANGLE,NOT DIVIDED,,STRAIGHT AND LEVEL,DRY,NO DEFECTS,ON SCENE,NO INJURY / DRIVE AWAY,Y,,,"$501 - $1,500",9/7/2019 15:55,UNABLE TO DETERMINE,UNABLE TO DETERMINE,499,W,WEBSTER AVE,1812,,,,,,,2,NO INDICATION OF INJURY,0,0,0,0,0,2,0,15,7,9,41.92181775,-87.64129825,POINT (-87.641298250364 41.92181775212)
JC423823,,9/7/2019 15:30,35,NO CONTROLS,NO CONTROLS,CLEAR,DAYLIGHT,TURNING,NOT DIVIDED,,STRAIGHT AND LEVEL,DRY,UNKNOWN,ON SCENE,INJURY AND / OR TOW DUE TO CRASH,,,,"$501 - $1,500",9/7/2019 15:35,FAILING TO YIELD RIGHT-OF-WAY,IMPROPER OVERTAKING/PASSING,1100,N,PULASKI RD,1111,,,,,,,2,NONINCAPACITATING INJURY,1,0,0,1,0,2,0,15,7,9,41.90093516,-87.72639912,POINT (-87.726399120935 41.900935158791)
JC423857,,9/7/2019 15:23,30,TRAFFIC SIGNAL,FUNCTIONING PROPERLY,CLEAR,DAYLIGHT,REAR TO FRONT,DIVIDED - W/MEDIAN BARRIER,,STRAIGHT AND LEVEL,DRY,NO DEFECTS,NOT ON SCENE (DESK REPORT),NO INJURY / DRIVE AWAY,,,Y,$500 OR LESS,9/7/2019 16:00,IMPROPER BACKING,NOT APPLICABLE,7900,S,STONY ISLAND AVE,411,,,,,,,2,NO INDICATION OF INJURY,0,0,0,0,0,2,0,15,7,9,41.7514606,-87.58597199,POINT (-87.585971992965 41.751460603167)
JC423868,,9/7/2019 15:20,35,NO CONTROLS,NO CONTROLS,CLEAR,DAYLIGHT,TURNING,NOT DIVIDED,,STRAIGHT AND LEVEL,DRY,NO DEFECTS,NOT ON SCENE (DESK REPORT),NO INJURY / DRIVE AWAY,,,,"$501 - $1,500",9/7/2019 16:18,UNABLE TO DETERMINE,NOT APPLICABLE,7098,W,ARCHER AVE,811,,,,,,,2,NO INDICATION OF INJURY,0,0,0,0,0,2,0,15,7,9,41.79210122,-87.79893596,POINT (-87.798935956159 41.792101216946)