RD_NO,CRASH_DATE_EST_I,CRASH_DATE,POSTED_SPEED_LIMIT,TRAFFIC_CONTROL_DEVICE,DEVICE_CONDITION,WEATHER_CONDITION,LIGHTING_CONDITION,FIRST_CRASH_TYPE,TRAFFICWAY_TYPE,LANE_CNT,ALIGNMENT,ROADWAY_SURFACE_COND,ROAD_DEFECT,REPORT_TYPE,CRASH_TYPE,INTERSECTION_RELATED_I,NOT_RIGHT_OF_WAY_I,HIT_AND_RUN_I,DAMAGE,DATE_POLICE_NOTIFIED,PRIM_CONTRIBUTORY_CAUSE,SEC_CONTRIBUTORY_CAUSE,STREET_NO,STREET_DIRECTION,STREET_NAME,BEAT_OF_OCCURRENCE,PHOTOS_TAKEN_I,STATEMENTS_TAKEN_I,DOORING_I,WORK_ZONE_I,WORK_ZONE_TYPE,WORKERS_PRESENT_I,NUM_UNITS,MOST_SEVERE_INJURY,INJURIES_TOTAL,INJURIES_FATAL,INJURIES_INCAPACITATING,INJURIES_NON_INCAPACITATING,INJURIES_REPORTED_NOT_EVIDENT,INJURIES_NO_INDICATION,INJURIES_UNKNOWN,CRASH_HOUR,CRASH_DAY_OF_WEEK,CRASH_MONTH,LATITUDE,LONGITUDE,LOCATION
JC423856,,9/7/2019 15:20,30,TRAFFIC SIGNAL,FUNCTIONING PROPERLY,CLEAR,DAYLIGHT,SIDESWIPE OPPOSITE DIRECTION,NOT DIVIDED,,STRAIGHT AND LEVEL,DRY,NO DEFECTS,ON SCENE,INJURY AND / OR TOW DUE TO CRASH,,,,"OVER $1,500",9/7/2019 15:46,UNABLE TO DETERMINE,NOT APPLICABLE,735,N,AUSTIN BLVD,1511,,,,,,,2,NONINCAPACITATING INJURY,1,0,0,1,0,1,0,15,7,9,41.89375538,-87.77495075,POINT (-87.774950752809 41.893755375182)
JC423852,,9/7/2019 15:20,30,TRAFFIC SIGNAL,FUNCTIONING PROPERLY,CLEAR,DAYLIGHT,TURNING,DIVIDED - W/MEDIAN (NOT RAISED),,STRAIGHT AND LEVEL,DRY,NO DEFECTS,NOT ON SCENE (DESK REPORT),NO INJURY / DRIVE AWAY,Y,,Y,"$501 - $1,500",9/7/2019 15:50,DRIVING SKILLS/KNOWLEDGE/EXPERIENCE,HAD BEEN DRINKING (USE WHEN ARREST IS NOT MADE),7758,S,HALSTED ST,621,,,,,,,2,NO INDICATION OF INJURY,0,0,0,0,0,2,0,15,7,9,41.75254494,-87.64423694,POINT (-87.644236937143 41.752544939584)
JC430361,,9/7/2019 15:15,30,NO CONTROLS,NO CONTROLS,CLEAR,DAYLIGHT,ANIMAL,NOT DIVIDED,,STRAIGHT AND LEVEL,DRY,NO DEFECTS,NOT ON SCENE (DESK REPORT),NO INJURY / DRIVE AWAY,,,,"OVER $1,500",9/12/2019 15:05,ANIMAL,NOT APPLICABLE,5733,N,ELSTON AVE,1622,,,,,,,1,NO INDICATION OF INJURY,0,0,0,0,0,1,0,15,7,9,41.98573977,-87.76946296,POINT (-87.769462955797 41.985739772984)
JC423937,,9/7/2019 15:15,30,NO CONTROLS,NO CONTROLS,CLEAR,DAYLIGHT,SIDESWIPE SAME DIRECTION,NOT DIVIDED,,STRAIGHT AND LEVEL,DRY,NO DEFECTS,NOT ON SCENE (DESK REPORT),NO INJURY / DRIVE AWAY,,,,"$501 - $1,500",9/7/2019 17:10,FAILING TO YIELD RIGHT-OF-WAY,FAILING TO REDUCE SPEED TO AVOID CRASH,1121,S,RACINE AVE,1232,,,,,,,2,NO INDICATION OF INJURY,0,0,0,0,0,2,0,15,7,9,41.86753875,-87.65655424,POINT (-87.656554239181 41.867538751762)
JC423861,N,9/7/2019 15:15,35,STOP SIGN/FLASHER,FUNCTIONING PROPERLY,CLEAR,DAYLIGHT,REAR END,Y-INTERSECTION,,STRAIGHT AND LEVEL,DRY,NO DEFECTS,NOT ON SCENE (DESK REPORT),NO INJURY / DRIVE AWAY,,,,"$501 - $1,500",9/7/2019 15:30,UNABLE TO DETERMINE,UNABLE TO DETERMINE,3300,S,WESTERN AVE,911,,,,,,,2,NO INDICATION OF INJURY,0,0,0,0,0,2,0,15,7,9,41.83388647,-87.68535287,POINT (-87.685352871518 41.833886468166)
JC423840,,9/7/2019 15:15,30,TRAFFIC SIGNAL,FUNCTIONING PROPERLY,CLEAR,DAYLIGHT,PEDALCYCLIST,FOUR WAY,,STRAIGHT AND LEVEL,DRY,NO DEFECTS,ON SCENE,NO INJURY / DRIVE AWAY,,,,$500 OR LESS,9/7/2019 15:32,UNABLE TO DETERMINE,UNABLE TO DETERMINE,3241,W,PETERSON AVE,1711,,,,,,,2,NO INDICATION OF INJURY,0,0,0,0,0,2,0,15,7,9,41.99025485,-87.71076324,POINT (-87.710763243534 41.990254848132)
JC423797,,9/7/2019 15:12,30,NO CONTROLS,NO CONTROLS,CLEAR,DAYLIGHT,REAR END,DIVIDED - W/MEDIAN (NOT RAISED),,STRAIGHT AND LEVEL,DRY,NO DEFECTS,ON SCENE,NO INJURY / DRIVE AWAY,,,,"$501 - $1,500",9/7/2019 15:15,NOT APPLICABLE,NOT APPLICABLE,2330,E,103RD ST,431,,,,,,,2,NO INDICATION OF INJURY,0,0,0,0,0,2,0,15,7,9,41.70817442,-87.56699034,POINT (-87.566990336926 41.708174419983)
JC423785,,9/7/2019 15:12,30,NO CONTROLS,NO CONTROLS,CLEAR,DAYLIGHT,TURNING,NOT DIVIDED,,STRAIGHT AND LEVEL,DRY,NO DEFECTS,ON SCENE,INJURY AND / OR TOW DUE TO CRASH,,,,"OVER $1,500",9/7/2019 15:41,IMPROPER TURNING/NO SIGNAL,NOT APPLICABLE,5301,S,ARCHER AVE,815,,,,,,,2,NO INDICATION OF INJURY,0,0,0,0,0,2,0,15,7,9,41.79914875,-87.73928819,POINT (-87.739288185063 41.799148752294)
JC423863,,9/7/2019 15:10,30,STOP SIGN/FLASHER,FUNCTIONING PROPERLY,CLEAR,DAYLIGHT,SIDESWIPE SAME DIRECTION,NOT DIVIDED,,STRAIGHT AND LEVEL,DRY,NO DEFECTS,NOT ON SCENE (DESK REPORT),NO INJURY / DRIVE AWAY,,,,"OVER $1,500",9/7/2019 16:15,IMPROPER LANE USAGE,IMPROPER LANE USAGE,3958,W,COLUMBUS AVE,834,,,,,,,2,NO INDICATION OF INJURY,0,0,0,0,0,2,0,15,7,9,41.73636545,-87.72070109,POINT (-87.720701091836 41.736365450701)
JC423802,,9/7/2019 15:10,30,TRAFFIC SIGNAL,FUNCTIONING PROPERLY,CLEAR,DAYLIGHT,REAR END,NOT DIVIDED,,STRAIGHT AND LEVEL,DRY,NO DEFECTS,ON SCENE,NO INJURY / DRIVE AWAY,,,,"OVER $1,500",9/7/2019 15:13,FOLLOWING TOO CLOSELY,UNABLE TO DETERMINE,628,W,ROOSEVELT RD,124,,,,,,,2,NO INDICATION OF INJURY,0,0,0,0,0,2,0,15,7,9,41.86731327,-87.64335622,POINT (-87.643356223462 41.867313273799)
JC423883,,9/7/2019 15:06,30,STOP SIGN/FLASHER,NOT FUNCTIONING,CLEAR,DAYLIGHT,REAR END,NOT DIVIDED,,STRAIGHT AND LEVEL,DRY,NO DEFECTS,NOT ON SCENE (DESK REPORT),NO INJURY / DRIVE AWAY,,,,"$501 - $1,500",9/7/2019 16:30,UNABLE TO DETERMINE,UNABLE TO DETERMINE,2601,W,BELMONT AVE,1411,,,,,,,2,NO INDICATION OF INJURY,0,0,0,0,0,2,0,15,7,9,41.93931182,-87.69311854,POINT (-87.693118540684 41.939311817093)
JC434213,,9/7/2019 15:00,30,NO CONTROLS,NO CONTROLS,CLEAR,DAYLIGHT,ANIMAL,DIVIDED - W/MEDIAN (NOT RAISED),,STRAIGHT AND LEVEL,DRY,NO DEFECTS,NOT ON SCENE (DESK REPORT),NO INJURY / DRIVE AWAY,,,,$500 OR LESS,9/15/2019 12:00,UNABLE TO DETERMINE,UNABLE TO DETERMINE,3852,N,SOUTHPORT AVE,1922,,,,,,,1,NO INDICATION OF INJURY,0,0,0,0,0,1,0,15,7,9,41.95229176,-87.66430958,POINT (-87.664309574906 41.952291758185)
JC425995,,9/7/2019 15:00,35,NO CONTROLS,NO CONTROLS,CLEAR,DAYLIGHT,SIDESWIPE OPPOSITE DIRECTION,NOT DIVIDED,,STRAIGHT AND LEVEL,DRY,NO DEFECTS,NOT ON SCENE (DESK REPORT),NO INJURY / DRIVE AWAY,,,Y,"OVER $1,500",9/9/2019 12:45,UNABLE TO DETERMINE,UNABLE TO DETERMINE,100,E,57TH ST,231,,,,,,,2,NO INDICATION OF INJURY,0,0,0,0,0,2,0,15,7,9,41.79117998,-87.62229251,POINT (-87.622292507849 41.791179980973)
JC423839,,9/7/2019 15:00,20,TRAFFIC SIGNAL,FUNCTIONING PROPERLY,CLEAR,DAYLIGHT,REAR END,DIVIDED - W/MEDIAN (NOT RAISED),,STRAIGHT AND LEVEL,DRY,NO DEFECTS,NOT ON SCENE (DESK REPORT),NO INJURY / DRIVE AWAY,,,,"OVER $1,500",9/7/2019 15:45,IMPROPER LANE USAGE,FAILING TO YIELD RIGHT-OF-WAY,2834,W,IRVING PARK RD,1724,,,,,,,2,NO INDICATION OF INJURY,0,0,0,0,0,2,0,15,7,9,41.95407628,-87.69968216,POINT (-87.699682155672 41.95407627735)
JC423825,,9/7/2019 14:56,30,NO CONTROLS,NO CONTROLS,CLEAR,DAYLIGHT,REAR END,NOT DIVIDED,,STRAIGHT AND LEVEL,DRY,NO DEFECTS,ON SCENE,NO INJURY / DRIVE AWAY,,,Y,"OVER $1,500",9/7/2019 14:58,UNABLE TO DETERMINE,FOLLOWING TOO CLOSELY,2909,N,BROADWAY,1934,,,,,,,2,NO INDICATION OF INJURY,0,0,0,0,0,3,0,14,7,9,41.93538701,-87.64409601,POINT (-87.644096009119 41.935387006625)
JC423867,,9/7/2019 14:55,30,NO CONTROLS,NOT FUNCTIONING,CLEAR,DAYLIGHT,SIDESWIPE SAME DIRECTION,NOT DIVIDED,,STRAIGHT AND LEVEL,DRY,NO DEFECTS,NOT ON SCENE (DESK REPORT),NO INJURY / DRIVE AWAY,,,,"OVER $1,500",9/7/2019 16:10,IMPROPER LANE USAGE,IMPROPER LANE USAGE,1440,W,63RD ST,713,,,,,,,2,NO INDICATION OF INJURY,0,0,0,0,0,3,0,14,7,9,41.77963027,-87.66097092,POINT (-87.66097091755 41.779630273089)
JC423813,,9/7/2019 14:55,30,STOP SIGN/FLASHER,FUNCTIONING PROPERLY,CLEAR,DAYLIGHT,TURNING,DIVIDED - W/MEDIAN BARRIER,,STRAIGHT AND LEVEL,DRY,NO DEFECTS,NOT ON SCENE (DESK REPORT),NO INJURY / DRIVE AWAY,Y,,,"OVER $1,500",9/7/2019 15:30,UNABLE TO DETERMINE,UNABLE TO DETERMINE,1500,W,MADISON ST,1224,,,,,,,2,NO INDICATION OF INJURY,0,0,0,0,0,5,0,14,7,9,41.88159606,-87.66450658,POINT (-87.664506574704 41.881596057292)
JC423799,,9/7/2019 14:55,30,NO CONTROLS,FUNCTIONING PROPERLY,CLEAR,DAYLIGHT,TURNING,NOT DIVIDED,,STRAIGHT AND LEVEL,DRY,NO DEFECTS,ON SCENE,NO INJURY / DRIVE AWAY,Y,,,"OVER $1,500",9/7/2019 15:00,IMPROPER TURNING/NO SIGNAL,NOT APPLICABLE,2331,N,DAMEN AVE,1432,,,,,,,2,NO INDICATION OF INJURY,0,0,0,0,0,2,0,14,7,9,41.92384726,-87.67769646,POINT (-87.677696459893 41.92384725667)
JC423947,,9/7/2019 14:51,30,NO CONTROLS,NO CONTROLS,CLEAR,DAYLIGHT,SIDESWIPE SAME DIRECTION,RAMP,,STRAIGHT AND LEVEL,DRY,NO DEFECTS,NOT ON SCENE (DESK REPORT),NO INJURY / DRIVE AWAY,,,,"$501 - $1,500",9/7/2019 17:20,IMPROPER OVERTAKING/PASSING,NOT APPLICABLE,2350,N,LAKE SHORE DR SB,1814,,,,,,,2,NO INDICATION OF INJURY,0,0,0,0,0,2,0,14,7,9,41.92570129,-87.63136805,POINT (-87.631368050773 41.925701287024)
JC423796,,9/7/2019 14:45,35,NO CONTROLS,NO CONTROLS,CLEAR,DAYLIGHT,SIDESWIPE SAME DIRECTION,DIVIDED - W/MEDIAN (NOT RAISED),,STRAIGHT AND LEVEL,DRY,NO DEFECTS,ON SCENE,NO INJURY / DRIVE AWAY,,,Y,$500 OR LESS,9/7/2019 14:45,UNABLE TO DETERMINE,NOT APPLICABLE,5317,W,FULLERTON AVE,2515,,,,,,,2,NO INDICATION OF INJURY,0,0,0,0,0,2,0,14,7,9,41.92395682,-87.75929795,POINT (-87.759297950435 41.923956822598)
JC423787,,9/7/2019 14:45,35,NO CONTROLS,NO CONTROLS,CLEAR,DAYLIGHT,REAR END,DIVIDED - W/MEDIAN (NOT RAISED),,STRAIGHT AND LEVEL,DRY,NO DEFECTS,ON SCENE,INJURY AND / OR TOW DUE TO CRASH,,,,"OVER $1,500",9/7/2019 14:52,FOLLOWING TOO CLOSELY,UNABLE TO DETERMINE,1701,W,87TH ST,2221,,,,,,,3,NO INDICATION OF INJURY,0,0,0,0,0,8,0,14,7,9,41.73564741,-87.66555421,POINT (-87.665554214059 41.73564741398)
JC423757,,9/7/2019 14:45,30,STOP SIGN/FLASHER,FUNCTIONING PROPERLY,CLEAR,DAYLIGHT,REAR END,NOT DIVIDED,,STRAIGHT AND LEVEL,DRY,NO DEFECTS,NOT ON SCENE (DESK REPORT),NO INJURY / DRIVE AWAY,,,,"$501 - $1,500",9/7/2019 15:55,FOLLOWING TOO CLOSELY,FOLLOWING TOO CLOSELY,4001,W,MARQUETTE RD,833,,,,,,,2,NO INDICATION OF INJURY,0,0,0,0,0,2,0,14,7,9,41.77126329,-87.72263393,POINT (-87.722633926947 41.771263290476)
JC427333,,9/7/2019 14:40,30,STOP SIGN/FLASHER,NO CONTROLS,CLEAR,DAYLIGHT,TURNING,DIVIDED - W/MEDIAN (NOT RAISED),,STRAIGHT AND LEVEL,DRY,NO DEFECTS,NOT ON SCENE (DESK REPORT),NO INJURY / DRIVE AWAY,,,,"$501 - $1,500",9/10/2019 11:09,IMPROPER OVERTAKING/PASSING,IMPROPER TURNING/NO SIGNAL,3125,W,ROOSEVELT RD,1022,,,,,,,2,NO INDICATION OF INJURY,0,0,0,0,0,2,0,14,7,9,41.86631255,-87.70429645,POINT (-87.704296451624 41.866312552305)
JC423826,,9/7/2019 14:40,30,NO CONTROLS,NO CONTROLS,CLEAR,DAYLIGHT,PARKED MOTOR VEHICLE,DIVIDED - W/MEDIAN (NOT RAISED),,STRAIGHT AND LEVEL,DRY,NO DEFECTS,NOT ON SCENE (DESK REPORT),NO INJURY / DRIVE AWAY,,,,"OVER $1,500",9/7/2019 15:35,IMPROPER TURNING/NO SIGNAL,UNABLE TO DETERMINE,2101,W,MONTROSE AVE,1911,,,,,,,2,NO INDICATION OF INJURY,0,0,0,0,0,1,0,14,7,9,41.96131495,-87.68144013,POINT (-87.681440132502 41.961314947376)
JC423810,,9/7/2019 14:40,30,UNKNOWN,UNKNOWN,UNKNOWN,UNKNOWN,SIDESWIPE SAME DIRECTION,UNKNOWN,,STRAIGHT AND LEVEL,UNKNOWN,UNKNOWN,NOT ON SCENE (DESK REPORT),NO INJURY / DRIVE AWAY,,,,"OVER $1,500",9/7/2019 15:30,UNABLE TO DETERMINE,NOT APPLICABLE,2829,W,IRVING PARK RD,1733,,,,,,,2,NO INDICATION OF INJURY,0,0,0,0,0,2,0,14,7,9,41.95385801,-87.69940139,POINT (-87.699401393885 41.953858014426)
JC423801,,9/7/2019 14:40,15,NO CONTROLS,NO CONTROLS,CLEAR,DAYLIGHT,PARKED MOTOR VEHICLE,PARKING LOT,,STRAIGHT AND LEVEL,DRY,NO DEFECTS,ON SCENE,NO INJURY / DRIVE AWAY,,,Y,$500 OR LESS,9/7/2019 15:04,UNABLE TO DETERMINE,UNABLE TO DETERMINE,6250,S,WESTERN AVE,825,,,,,,,2,NO INDICATION OF INJURY,0,0,0,0,0,1,0,14,7,9,41.7795341,-87.68379523,POINT (-87.683795231294 41.779534097328)
JC423793,,9/7/2019 14:40,30,STOP SIGN/FLASHER,FUNCTIONING PROPERLY,CLEAR,DAYLIGHT,ANGLE,T-INTERSECTION,,STRAIGHT AND LEVEL,DRY,NO DEFECTS,ON SCENE,NO INJURY / DRIVE AWAY,Y,,,"OVER $1,500",9/7/2019 15:27,UNABLE TO DETERMINE,UNABLE TO DETERMINE,7100,S,CLAREMONT AVE,832,,,,,,,2,NO INDICATION OF INJURY,0,0,0,0,0,2,0,14,7,9,41.76462784,-87.68206517,POINT (-87.682065171883 41.764627842356)
JC423749,,9/7/2019 14:40,30,NO CONTROLS,NO CONTROLS,CLEAR,DAYLIGHT,PARKED MOTOR VEHICLE,PARKING LOT,,STRAIGHT AND LEVEL,DRY,NO DEFECTS,NOT ON SCENE (DESK REPORT),NO INJURY / DRIVE AWAY,,,Y,"OVER $1,500",9/7/2019 14:50,IMPROPER BACKING,IMPROPER BACKING,806,W,63RD ST,712,,,,,,,2,NO INDICATION OF INJURY,0,0,0,0,0,1,0,14,7,9,41.77985559,-87.64514243,POINT (-87.645142433598 41.779855590848)
JC429760,,9/7/2019 14:30,45,NO CONTROLS,NO CONTROLS,CLEAR,DAYLIGHT,REAR END,DIVIDED - W/MEDIAN BARRIER,,STRAIGHT AND LEVEL,DRY,NO DEFECTS,NOT ON SCENE (DESK REPORT),NO INJURY / DRIVE AWAY,,,,"$501 - $1,500",9/7/2019 14:48,DISTRACTION - FROM INSIDE VEHICLE,DRIVING SKILLS/KNOWLEDGE/EXPERIENCE,900,N,LAKE SHORE DR,1833,,,,,,,2,NO INDICATION OF INJURY,0,0,0,0,0,6,0,14,7,9,41.89928099,-87.61889451,POINT (-87.618894512302 41.89928099092)
JC423811,,9/7/2019 14:30,30,NO CONTROLS,NO CONTROLS,CLEAR,DAYLIGHT,ANGLE,DIVIDED - W/MEDIAN (NOT RAISED),,STRAIGHT AND LEVEL,DRY,NO DEFECTS,ON SCENE,INJURY AND / OR TOW DUE TO CRASH,,,,"OVER $1,500",9/7/2019 14:30,FAILING TO YIELD RIGHT-OF-WAY,NOT APPLICABLE,11415,S,PULASKI RD,2211,,,,,,,2,NO INDICATION OF INJURY,0,0,0,0,0,2,0,14,7,9,41.68532287,-87.71996574,POINT (-87.71996574161 41.68532287381)
JC423808,,9/7/2019 14:30,25,NO CONTROLS,NO CONTROLS,CLEAR,DAYLIGHT,SIDESWIPE SAME DIRECTION,NOT DIVIDED,,STRAIGHT AND LEVEL,DRY,NO DEFECTS,NOT ON SCENE (DESK REPORT),NO INJURY / DRIVE AWAY,,,,"OVER $1,500",9/7/2019 15:20,FAILING TO YIELD RIGHT-OF-WAY,DISTRACTION - FROM INSIDE VEHICLE,550,N,KINGSBURY ST,1831,,,,,,,2,NO INDICATION OF INJURY,0,0,0,0,0,3,0,14,7,9,41.89181352,-87.64027938,POINT (-87.640279379111 41.89181351767)
JC423777,,9/7/2019 14:20,35,NO CONTROLS,NO CONTROLS,CLEAR,DAYLIGHT,FIXED OBJECT,DIVIDED - W/MEDIAN BARRIER,,"CURVE, LEVEL",DRY,NO DEFECTS,ON SCENE,INJURY AND / OR TOW DUE TO CRASH,,,,"OVER $1,500",9/7/2019 14:35,UNABLE TO DETERMINE,NOT APPLICABLE,9199,S,LAKE SHORE DR,424,,,,,,,1,NO INDICATION OF INJURY,0,0,0,0,0,1,0,14,7,9,41.72852479,-87.54270098,POINT (-87.542700984267 41.728524786461)
JC423754,,9/7/2019 14:18,30,NO CONTROLS,NO CONTROLS,CLEAR,DAYLIGHT,SIDESWIPE SAME DIRECTION,DIVIDED - W/MEDIAN (NOT RAISED),,STRAIGHT AND LEVEL,DRY,NO DEFECTS,NOT ON SCENE (DESK REPORT),NO INJURY / DRIVE AWAY,,,,"$501 - $1,500",9/7/2019 14:40,UNABLE TO DETERMINE,NOT APPLICABLE,201,N,CICERO AVE,1113,,,,,,,2,NO INDICATION OF INJURY,0,0,0,0,0,2,0,14,7,9,41.88447811,-87.74527707,POINT (-87.745277070858 41.884478109994)
JC423913,,9/7/2019 14:15,30,NO CONTROLS,NO CONTROLS,CLEAR,DAYLIGHT,REAR TO SIDE,PARKING LOT,,STRAIGHT AND LEVEL,DRY,NO DEFECTS,NOT ON SCENE (DESK REPORT),NO INJURY / DRIVE AWAY,,Y,,"$501 - $1,500",9/7/2019 16:48,IMPROPER BACKING,UNABLE TO DETERMINE,6040,W,DIVERSEY AVE,2511,,,,,,,2,NO INDICATION OF INJURY,0,0,0,0,0,2,0,14,7,9,41.93122555,-87.77763469,POINT (-87.777634686326 41.931225548628)
JC423803,,9/7/2019 14:15,30,NO CONTROLS,NO CONTROLS,CLEAR,DAYLIGHT,PEDALCYCLIST,NOT DIVIDED,,STRAIGHT AND LEVEL,DRY,NO DEFECTS,ON SCENE,INJURY AND / OR TOW DUE TO CRASH,Y,,Y,$500 OR LESS,9/7/2019 14:15,UNABLE TO DETERMINE,NOT APPLICABLE,650,W,71ST ST,732,,,N,,,,2,INCAPACITATING INJURY,1,0,1,0,0,1,0,14,7,9,41.76535834,-87.64156766,POINT (-87.641567656259 41.7653583412)
JC423755,,9/7/2019 14:15,30,NO CONTROLS,NO CONTROLS,CLEAR,DAYLIGHT,REAR END,NOT DIVIDED,,STRAIGHT AND LEVEL,DRY,NO DEFECTS,NOT ON SCENE (DESK REPORT),NO INJURY / DRIVE AWAY,,,,"OVER $1,500",9/7/2019 14:50,FAILING TO REDUCE SPEED TO AVOID CRASH,NOT APPLICABLE,2800,N,ASHLAND AVE,1931,,,,,,,2,NO INDICATION OF INJURY,0,0,0,0,0,3,0,14,7,9,41.93244536,-87.66854285,POINT (-87.668542849642 41.932445362001)
JC423815,,9/7/2019 14:08,30,UNKNOWN,UNKNOWN,CLEAR,DAYLIGHT,TURNING,T-INTERSECTION,,STRAIGHT AND LEVEL,UNKNOWN,UNKNOWN,NOT ON SCENE (DESK REPORT),NO INJURY / DRIVE AWAY,Y,,,"OVER $1,500",9/7/2019 15:30,NOT APPLICABLE,NOT APPLICABLE,6336,W,NORTH AVE,2513,,,,,,,2,NO INDICATION OF INJURY,0,0,0,0,0,2,0,14,7,9,41.90925843,-87.784922,POINT (-87.784921994803 41.909258432645)
JC423781,,9/7/2019 14:05,30,NO CONTROLS,NO CONTROLS,CLEAR,DAYLIGHT,TURNING,NOT DIVIDED,,STRAIGHT AND LEVEL,DRY,NO DEFECTS,ON SCENE,INJURY AND / OR TOW DUE TO CRASH,,,,"$501 - $1,500",9/7/2019 14:23,"VISION OBSCURED (SIGNS, TREE LIMBS, BUILDINGS, ETC.)","VISION OBSCURED (SIGNS, TREE LIMBS, BUILDINGS, ETC.)",5916,W,ADDISON ST,1633,,,,,,,2,"REPORTED, NOT EVIDENT",3,0,0,0,3,1,0,14,7,9,41.94589923,-87.77479369,POINT (-87.774793685867 41.945899229683)
JC423718,,9/7/2019 14:03,35,NO CONTROLS,NO CONTROLS,CLEAR,DAYLIGHT,TURNING,NOT DIVIDED,,STRAIGHT AND LEVEL,DRY,NO DEFECTS,ON SCENE,INJURY AND / OR TOW DUE TO CRASH,Y,,,"OVER $1,500",9/7/2019 14:09,IMPROPER LANE USAGE,IMPROPER LANE USAGE,900,W,63RD ST,712,,,,,,,3,"REPORTED, NOT EVIDENT",2,0,0,0,2,5,0,14,7,9,41.77981945,-87.64727683,POINT (-87.647276834282 41.779819448545)
JC425884,,9/7/2019 14:00,30,TRAFFIC SIGNAL,FUNCTIONING PROPERLY,CLEAR,DAYLIGHT,SIDESWIPE SAME DIRECTION,DIVIDED - W/MEDIAN (NOT RAISED),,STRAIGHT AND LEVEL,DRY,NO DEFECTS,NOT ON SCENE (DESK REPORT),NO INJURY / DRIVE AWAY,,,,"$501 - $1,500",9/9/2019 11:35,IMPROPER LANE USAGE,NOT APPLICABLE,6000,N,WESTERN AVE,2413,,,,,,,2,NO INDICATION OF INJURY,0,0,0,0,0,2,0,14,7,9,41.99058604,-87.68982247,POINT (-87.689822472944 41.99058604242)
JC423743,,9/7/2019 14:00,30,NO CONTROLS,NO CONTROLS,CLEAR,DAYLIGHT,SIDESWIPE SAME DIRECTION,NOT DIVIDED,,STRAIGHT AND LEVEL,DRY,NO DEFECTS,,NO INJURY / DRIVE AWAY,,,,"$501 - $1,500",9/7/2019 14:46,IMPROPER OVERTAKING/PASSING,NOT APPLICABLE,4800,W,WASHINGTON BLVD,1532,,,,,,,2,NO INDICATION OF INJURY,0,0,0,0,0,3,0,14,7,9,41.88192599,-87.74546236,POINT (-87.745462361128 41.881925987309)
JC423742,,9/7/2019 14:00,15,NO CONTROLS,NO CONTROLS,CLEAR,DAYLIGHT,PARKED MOTOR VEHICLE,DIVIDED - W/MEDIAN (NOT RAISED),,STRAIGHT AND LEVEL,DRY,NO DEFECTS,NOT ON SCENE (DESK REPORT),NO INJURY / DRIVE AWAY,,,,"$501 - $1,500",9/7/2019 14:20,DRIVING SKILLS/KNOWLEDGE/EXPERIENCE,NOT APPLICABLE,8331,S,STEWART AVE,622,,,,,,,2,NO INDICATION OF INJURY,0,0,0,0,0,3,0,14,7,9,41.74257762,-87.63393693,POINT (-87.633936930688 41.742577617335)
JC423854,,9/7/2019 13:55,20,NO CONTROLS,NO CONTROLS,CLEAR,DAYLIGHT,OTHER OBJECT,ALLEY,,STRAIGHT AND LEVEL,DRY,NO DEFECTS,NOT ON SCENE (DESK REPORT),NO INJURY / DRIVE AWAY,,Y,,"$501 - $1,500",9/7/2019 16:10,UNABLE TO DETERMINE,UNABLE TO DETERMINE,4563,N,ELSTON AVE,1722,,,,,,,1,NO INDICATION OF INJURY,0,0,0,0,0,1,0,13,7,9,41.96388747,-87.73377514,POINT (-87.73377513526 41.963887467334)
JC424045,,9/7/2019 13:50,30,NO CONTROLS,NO CONTROLS,CLEAR,DAYLIGHT,PARKED MOTOR VEHICLE,PARKING LOT,,STRAIGHT AND LEVEL,DRY,NO DEFECTS,NOT ON SCENE (DESK REPORT),NO INJURY / DRIVE AWAY,,,,"$501 - $1,500",9/7/2019 18:34,UNABLE TO DETERMINE,UNABLE TO DETERMINE,8331,S,STEWART AVE,622,,,,,,,2,NO INDICATION OF INJURY,0,0,0,0,0,1,0,13,7,9,41.74257762,-87.63393693,POINT (-87.633936930688 41.742577617335)
JC426032,,9/7/2019 13:47,30,NO CONTROLS,NO CONTROLS,CLEAR,DAYLIGHT,TURNING,NOT DIVIDED,,STRAIGHT AND LEVEL,DRY,NO DEFECTS,NOT ON SCENE (DESK REPORT),NO INJURY / DRIVE AWAY,Y,,,"OVER $1,500",9/9/2019 13:00,FAILING TO YIELD RIGHT-OF-WAY,NOT APPLICABLE,6300,W,FULLERTON AVE,2512,,,,,,,2,NO INDICATION OF INJURY,0,0,0,0,0,2,0,13,7,9,41.92382472,-87.78307748,POINT (-87.783077475351 41.923824716985)
JC423710,,9/7/2019 13:40,30,NO CONTROLS,NO CONTROLS,CLEAR,DAYLIGHT,ANGLE,NOT DIVIDED,,STRAIGHT AND LEVEL,DRY,NO DEFECTS,ON SCENE,INJURY AND / OR TOW DUE TO CRASH,,,,"OVER $1,500",9/7/2019 13:45,IMPROPER LANE USAGE,UNABLE TO DETERMINE,6317,S,PULASKI RD,823,,,,,,,2,NO INDICATION OF INJURY,0,0,0,0,0,6,0,13,7,9,41.7780728,-87.72259816,POINT (-87.722598156209 41.778072795014)
JC423709,N,9/7/2019 13:40,30,NO CONTROLS,FUNCTIONING IMPROPERLY,CLEAR,DAYLIGHT,ANGLE,OTHER,,STRAIGHT AND LEVEL,DRY,NO DEFECTS,ON SCENE,NO INJURY / DRIVE AWAY,,,,"OVER $1,500",9/7/2019 13:45,UNABLE TO DETERMINE,UNABLE TO DETERMINE,4746,N,WHIPPLE ST,1713,,,,,,,2,NO INDICATION OF INJURY,0,0,0,0,0,2,0,13,7,9,41.96805042,-87.70494018,POINT (-87.704940175787 41.968050423152)