RD_NO,CRASH_DATE_EST_I,CRASH_DATE,POSTED_SPEED_LIMIT,TRAFFIC_CONTROL_DEVICE,DEVICE_CONDITION,WEATHER_CONDITION,LIGHTING_CONDITION,FIRST_CRASH_TYPE,TRAFFICWAY_TYPE,LANE_CNT,ALIGNMENT,ROADWAY_SURFACE_COND,ROAD_DEFECT,REPORT_TYPE,CRASH_TYPE,INTERSECTION_RELATED_I,NOT_RIGHT_OF_WAY_I,HIT_AND_RUN_I,DAMAGE,DATE_POLICE_NOTIFIED,PRIM_CONTRIBUTORY_CAUSE,SEC_CONTRIBUTORY_CAUSE,STREET_NO,STREET_DIRECTION,STREET_NAME,BEAT_OF_OCCURRENCE,PHOTOS_TAKEN_I,STATEMENTS_TAKEN_I,DOORING_I,WORK_ZONE_I,WORK_ZONE_TYPE,WORKERS_PRESENT_I,NUM_UNITS,MOST_SEVERE_INJURY,INJURIES_TOTAL,INJURIES_FATAL,INJURIES_INCAPACITATING,INJURIES_NON_INCAPACITATING,INJURIES_REPORTED_NOT_EVIDENT,INJURIES_NO_INDICATION,INJURIES_UNKNOWN,CRASH_HOUR,CRASH_DAY_OF_WEEK,CRASH_MONTH,LATITUDE,LONGITUDE,LOCATION
JC423738,,9/7/2019 13:35,30,NO CONTROLS,NO CONTROLS,CLEAR,DAYLIGHT,PARKED MOTOR VEHICLE,NOT DIVIDED,,STRAIGHT AND LEVEL,DRY,NO DEFECTS,NOT ON SCENE (DESK REPORT),NO INJURY / DRIVE AWAY,,,,"OVER $1,500",9/7/2019 14:30,UNABLE TO DETERMINE,NOT APPLICABLE,1150,W,15TH ST,1232,,,,,,,2,NO INDICATION OF INJURY,0,0,0,0,0,1,0,13,7,9,41.86172355,-87.65611608,POINT (-87.656116080096 41.861723551738)
JC426126,,9/7/2019 13:30,30,UNKNOWN,NO CONTROLS,CLEAR,DAYLIGHT,ANGLE,PARKING LOT,,STRAIGHT AND LEVEL,DRY,OTHER,NOT ON SCENE (DESK REPORT),NO INJURY / DRIVE AWAY,,,,"$501 - $1,500",9/9/2019 14:35,IMPROPER BACKING,IMPROPER BACKING,6819,W,RAVEN ST,1611,,,,,,,2,NO INDICATION OF INJURY,0,0,0,0,0,2,0,13,7,9,41.99260448,-87.79832402,POINT (-87.798324018376 41.992604477188)
JC423715,,9/7/2019 13:30,15,NO CONTROLS,NO CONTROLS,CLEAR,DAYLIGHT,REAR TO SIDE,PARKING LOT,,STRAIGHT AND LEVEL,DRY,NO DEFECTS,NOT ON SCENE (DESK REPORT),NO INJURY / DRIVE AWAY,,Y,,"$501 - $1,500",9/7/2019 14:10,UNABLE TO DETERMINE,UNABLE TO DETERMINE,1380,W,LAKE ST,1215,,,,,,,2,NO INDICATION OF INJURY,0,0,0,0,0,2,0,13,7,9,41.88553521,-87.66189725,POINT (-87.66189724784 41.885535211997)
JC423707,,9/7/2019 13:30,30,NO CONTROLS,NO CONTROLS,CLEAR,DAYLIGHT,PEDALCYCLIST,T-INTERSECTION,,STRAIGHT AND LEVEL,DRY,NO DEFECTS,ON SCENE,NO INJURY / DRIVE AWAY,Y,,,"$501 - $1,500",9/7/2019 13:35,"VISION OBSCURED (SIGNS, TREE LIMBS, BUILDINGS, ETC.)",NOT APPLICABLE,2025,N,ASHLAND AVE,1432,,,,,,,2,NO INDICATION OF INJURY,0,0,0,0,0,4,0,13,7,9,41.9187334,-87.66799437,POINT (-87.667994371589 41.918733397877)
JC423656,,9/7/2019 13:30,25,NO CONTROLS,NO CONTROLS,CLEAR,DAYLIGHT,SIDESWIPE OPPOSITE DIRECTION,ONE-WAY,,STRAIGHT AND LEVEL,DRY,NO DEFECTS,ON SCENE,INJURY AND / OR TOW DUE TO CRASH,,,,"OVER $1,500",9/7/2019 13:30,DRIVING ON WRONG SIDE/WRONG WAY,DRIVING ON WRONG SIDE/WRONG WAY,2550,S,AVERS AVE,1013,,,,,,,3,NO INDICATION OF INJURY,0,0,0,0,0,4,0,13,7,9,41.84461867,-87.72104712,POINT (-87.72104711906 41.844618664855)
JC423679,,9/7/2019 13:25,30,NO CONTROLS,NO CONTROLS,CLEAR,DAYLIGHT,TURNING,NOT DIVIDED,,STRAIGHT AND LEVEL,DRY,NO DEFECTS,ON SCENE,NO INJURY / DRIVE AWAY,Y,,,"OVER $1,500",9/7/2019 13:35,UNABLE TO DETERMINE,UNABLE TO DETERMINE,5500,S,MASSASOIT AVE,811,,,,,,,2,NO INDICATION OF INJURY,0,0,0,0,0,3,0,13,7,9,41.79256916,-87.76610717,POINT (-87.766107171625 41.792569159163)
JC423783,,9/7/2019 13:15,35,STOP SIGN/FLASHER,FUNCTIONING PROPERLY,CLEAR,DAYLIGHT,REAR END,NOT DIVIDED,,STRAIGHT AND LEVEL,DRY,NO DEFECTS,NOT ON SCENE (DESK REPORT),NO INJURY / DRIVE AWAY,,,,"$501 - $1,500",9/7/2019 15:06,IMPROPER BACKING,NOT APPLICABLE,7101,W,59TH ST,811,,,,,,,2,NO INDICATION OF INJURY,0,0,0,0,0,4,0,13,7,9,41.78461979,-87.79876008,POINT (-87.798760082852 41.784619791416)
JC423690,,9/7/2019 13:13,30,NO CONTROLS,NO CONTROLS,CLEAR,DAYLIGHT,SIDESWIPE SAME DIRECTION,NOT DIVIDED,,STRAIGHT AND LEVEL,DRY,NO DEFECTS,ON SCENE,NO INJURY / DRIVE AWAY,,,,"OVER $1,500",9/7/2019 13:13,IMPROPER LANE USAGE,NOT APPLICABLE,1815,W,47TH ST,931,,Y,,,,,2,NO INDICATION OF INJURY,0,0,0,0,0,2,0,13,7,9,41.80844108,-87.6705251,POINT (-87.670525099557 41.808441079956)
JC423655,,9/7/2019 13:10,30,STOP SIGN/FLASHER,FUNCTIONING PROPERLY,CLEAR,DAYLIGHT,ANGLE,NOT DIVIDED,,STRAIGHT AND LEVEL,DRY,NO DEFECTS,ON SCENE,INJURY AND / OR TOW DUE TO CRASH,Y,,,"OVER $1,500",9/7/2019 13:11,UNABLE TO DETERMINE,UNABLE TO DETERMINE,3200,W,FLOURNOY ST,1134,,,,,,,2,NO INDICATION OF INJURY,0,0,0,0,0,2,0,13,7,9,41.87288745,-87.70601051,POINT (-87.706010510909 41.872887449708)
JC423677,,9/7/2019 13:06,35,NO CONTROLS,NO CONTROLS,CLEAR,DAYLIGHT,TURNING,CENTER TURN LANE,,STRAIGHT AND LEVEL,DRY,NO DEFECTS,ON SCENE,INJURY AND / OR TOW DUE TO CRASH,,,,"OVER $1,500",9/7/2019 13:06,IMPROPER LANE USAGE,IMPROPER TURNING/NO SIGNAL,1538,E,95TH ST,413,,,,,,,2,"REPORTED, NOT EVIDENT",1,0,0,0,1,2,0,13,7,9,41.72243948,-87.58618584,POINT (-87.586185836462 41.722439475881)
JC423662,,9/7/2019 13:05,20,TRAFFIC SIGNAL,FUNCTIONING PROPERLY,CLEAR,DAYLIGHT,REAR END,DIVIDED - W/MEDIAN (NOT RAISED),,STRAIGHT AND LEVEL,DRY,NO DEFECTS,NOT ON SCENE (DESK REPORT),NO INJURY / DRIVE AWAY,,,,"$501 - $1,500",9/7/2019 13:45,PHYSICAL CONDITION OF DRIVER,FOLLOWING TOO CLOSELY,6349,N,CLARK ST,2433,,,,,,,2,NO INDICATION OF INJURY,0,0,0,0,0,2,0,13,7,9,41.99766626,-87.67033502,POINT (-87.670335015503 41.997666262611)
JC423765,,9/7/2019 13:00,30,UNKNOWN,UNKNOWN,UNKNOWN,UNKNOWN,PARKED MOTOR VEHICLE,UNKNOWN,,STRAIGHT AND LEVEL,UNKNOWN,UNKNOWN,NOT ON SCENE (DESK REPORT),NO INJURY / DRIVE AWAY,,,,"OVER $1,500",9/7/2019 14:55,UNABLE TO DETERMINE,NOT APPLICABLE,6855,N,MENDOTA AVE,1621,,,,,,,2,NO INDICATION OF INJURY,0,0,0,0,0,1,0,13,7,9,42.00601504,-87.77962557,POINT (-87.7796255665 42.006015042454)
JC423654,,9/7/2019 12:50,30,TRAFFIC SIGNAL,FUNCTIONING PROPERLY,CLEAR,DAYLIGHT,ANGLE,FOUR WAY,,STRAIGHT AND LEVEL,DRY,UNKNOWN,ON SCENE,INJURY AND / OR TOW DUE TO CRASH,Y,,,"OVER $1,500",9/7/2019 13:00,UNABLE TO DETERMINE,UNABLE TO DETERMINE,4300,S,ASHLAND AVE,924,,,,,,,2,NO INDICATION OF INJURY,0,0,0,0,0,2,0,12,7,9,41.81577843,-87.66529289,POINT (-87.665292890367 41.815778426908)
JC423713,,9/7/2019 12:45,10,NO CONTROLS,NO CONTROLS,CLEAR,DAYLIGHT,PARKED MOTOR VEHICLE,PARKING LOT,,STRAIGHT AND LEVEL,DRY,NO DEFECTS,NOT ON SCENE (DESK REPORT),NO INJURY / DRIVE AWAY,,Y,,"$501 - $1,500",9/7/2019 13:30,UNABLE TO DETERMINE,NOT APPLICABLE,4300,N,NARRAGANSETT AVE,1632,,,,,,,2,NO INDICATION OF INJURY,0,0,0,0,0,1,0,12,7,9,41.95854835,-87.78691899,POINT (-87.786918988769 41.958548345645)
JC423741,,9/7/2019 12:40,30,NO CONTROLS,NO CONTROLS,CLEAR,DAYLIGHT,FIXED OBJECT,ALLEY,,STRAIGHT AND LEVEL,DRY,NO DEFECTS,ON SCENE,INJURY AND / OR TOW DUE TO CRASH,,Y,,"OVER $1,500",9/7/2019 13:20,"OPERATING VEHICLE IN ERRATIC, RECKLESS, CARELESS, NEGLIGENT OR AGGRESSIVE MANNER",DRIVING SKILLS/KNOWLEDGE/EXPERIENCE,4417,W,GLADYS AVE,1131,,,,,,,1,NO INDICATION OF INJURY,0,0,0,0,0,3,0,12,7,9,41.87593779,-87.73604541,POINT (-87.736045406363 41.875937785162)
JC423664,,9/7/2019 12:40,25,NO CONTROLS,NO CONTROLS,CLEAR,DAYLIGHT,PARKED MOTOR VEHICLE,ONE-WAY,,STRAIGHT AND LEVEL,DRY,NO DEFECTS,ON SCENE,NO INJURY / DRIVE AWAY,,,,$500 OR LESS,9/7/2019 12:46,UNABLE TO DETERMINE,NOT APPLICABLE,2100,W,GIDDINGS ST,1911,,,,,,,2,NO INDICATION OF INJURY,0,0,0,0,0,1,0,12,7,9,41.96792295,-87.68085974,POINT (-87.680859740273 41.967922949475)
JC423620,,9/7/2019 12:35,30,TRAFFIC SIGNAL,FUNCTIONING PROPERLY,CLEAR,DAYLIGHT,SIDESWIPE SAME DIRECTION,NOT DIVIDED,,STRAIGHT AND LEVEL,DRY,NO DEFECTS,ON SCENE,NO INJURY / DRIVE AWAY,Y,,,"$501 - $1,500",9/7/2019 12:37,UNABLE TO DETERMINE,UNABLE TO DETERMINE,800,N,HAMLIN AVE,1112,,,,,,,2,NO INDICATION OF INJURY,0,0,0,0,0,8,0,12,7,9,41.89550064,-87.72134269,POINT (-87.721342687975 41.895500637566)
JC423669,,9/7/2019 12:34,35,NO CONTROLS,NO CONTROLS,CLEAR,DAYLIGHT,ANGLE,DIVIDED - W/MEDIAN (NOT RAISED),,STRAIGHT AND LEVEL,DRY,NO DEFECTS,NOT ON SCENE (DESK REPORT),NO INJURY / DRIVE AWAY,,,,"$501 - $1,500",9/7/2019 13:30,UNABLE TO DETERMINE,UNABLE TO DETERMINE,2200,S,ALBANY AVE,1033,,,,,,,2,NO INDICATION OF INJURY,0,0,0,0,0,4,0,12,7,9,41.8517014,-87.70295109,POINT (-87.702951091047 41.85170140422)
JC423626,,9/7/2019 12:34,10,NO CONTROLS,NO CONTROLS,CLEAR,DAYLIGHT,PARKED MOTOR VEHICLE,PARKING LOT,,STRAIGHT AND LEVEL,UNKNOWN,UNKNOWN,ON SCENE,NO INJURY / DRIVE AWAY,,,,"OVER $1,500",9/7/2019 12:36,UNABLE TO DETERMINE,NOT APPLICABLE,6933,N,KEDZIE AVE,2411,,,,,,,2,NO INDICATION OF INJURY,0,0,0,0,0,1,0,12,7,9,42.00737745,-87.70912562,POINT (-87.709125619765 42.007377450752)
JC423847,,9/7/2019 12:30,30,TRAFFIC SIGNAL,FUNCTIONING PROPERLY,CLEAR,DAYLIGHT,REAR END,DIVIDED - W/MEDIAN (NOT RAISED),,STRAIGHT AND LEVEL,DRY,NO DEFECTS,NOT ON SCENE (DESK REPORT),NO INJURY / DRIVE AWAY,,,,"OVER $1,500",9/7/2019 16:10,FOLLOWING TOO CLOSELY,NOT APPLICABLE,1000,W,NORTH AVE,1811,,,,,,,2,NO INDICATION OF INJURY,0,0,0,0,0,2,0,12,7,9,41.91094876,-87.65315955,POINT (-87.653159551272 41.910948762561)
JC423701,,9/7/2019 12:30,10,NO CONTROLS,NO CONTROLS,CLEAR,DAYLIGHT,PARKED MOTOR VEHICLE,PARKING LOT,,STRAIGHT AND LEVEL,DRY,NO DEFECTS,NOT ON SCENE (DESK REPORT),NO INJURY / DRIVE AWAY,,Y,,"$501 - $1,500",9/7/2019 13:55,UNABLE TO DETERMINE,UNABLE TO DETERMINE,1601,W,NORTH AVE,1433,,,,,,,2,NO INDICATION OF INJURY,0,0,0,0,0,2,0,12,7,9,41.91051964,-87.66774969,POINT (-87.667749686328 41.910519635296)
JC423641,,9/7/2019 12:25,45,TRAFFIC SIGNAL,FUNCTIONING PROPERLY,CLEAR,DAYLIGHT,SIDESWIPE SAME DIRECTION,DIVIDED - W/MEDIAN BARRIER,,STRAIGHT AND LEVEL,DRY,NO DEFECTS,NOT ON SCENE (DESK REPORT),NO INJURY / DRIVE AWAY,,,Y,"OVER $1,500",9/7/2019 13:05,IMPROPER OVERTAKING/PASSING,IMPROPER OVERTAKING/PASSING,1750,S,LAKE SHORE DR E,132,,,,,,,3,NO INDICATION OF INJURY,0,0,0,0,0,3,0,12,7,9,41.85802949,-87.61665388,POINT (-87.616653884447 41.858029484947)
JC423644,,9/7/2019 12:23,35,NO CONTROLS,NO CONTROLS,CLEAR,DAYLIGHT,SIDESWIPE SAME DIRECTION,DIVIDED - W/MEDIAN (NOT RAISED),,STRAIGHT AND LEVEL,DRY,NO DEFECTS,ON SCENE,INJURY AND / OR TOW DUE TO CRASH,,,,"OVER $1,500",9/7/2019 12:23,FAILING TO YIELD RIGHT-OF-WAY,UNABLE TO DETERMINE,4734,W,NORTH AVE,2533,,,,,,,2,"REPORTED, NOT EVIDENT",1,0,0,0,1,3,0,12,7,9,41.90975114,-87.7449104,POINT (-87.744910396992 41.909751137893)
JC426571,,9/7/2019 12:20,30,NO CONTROLS,NO CONTROLS,CLEAR,DAYLIGHT,REAR END,NOT DIVIDED,,STRAIGHT AND LEVEL,DRY,NO DEFECTS,NOT ON SCENE (DESK REPORT),NO INJURY / DRIVE AWAY,,,,"OVER $1,500",9/9/2019 18:25,UNABLE TO DETERMINE,UNABLE TO DETERMINE,6400,W,FOSTER AVE,1613,,,,,,,2,NO INDICATION OF INJURY,0,0,0,0,0,2,0,12,7,9,41.97576257,-87.7879343,POINT (-87.787934295511 41.975762574472)
JC423634,,9/7/2019 12:15,25,NO CONTROLS,NO CONTROLS,CLEAR,DAYLIGHT,PARKED MOTOR VEHICLE,NOT DIVIDED,,STRAIGHT AND LEVEL,DRY,NO DEFECTS,ON SCENE,NO INJURY / DRIVE AWAY,,,Y,$500 OR LESS,9/7/2019 12:37,UNABLE TO DETERMINE,UNABLE TO DETERMINE,10807,S,WOOD ST,2212,,,,,,,2,NO INDICATION OF INJURY,0,0,0,0,0,1,0,12,7,9,41.69721465,-87.66665957,POINT (-87.666659574324 41.697214653023)
JC423728,,9/7/2019 12:12,25,STOP SIGN/FLASHER,FUNCTIONING PROPERLY,CLEAR,DAYLIGHT,TURNING,DIVIDED - W/MEDIAN BARRIER,,STRAIGHT AND LEVEL,DRY,NO DEFECTS,NOT ON SCENE (DESK REPORT),NO INJURY / DRIVE AWAY,Y,,,"OVER $1,500",9/7/2019 14:15,FAILING TO YIELD RIGHT-OF-WAY,UNABLE TO DETERMINE,7600,S,EXCHANGE AVE,421,,,,,,,2,NO INDICATION OF INJURY,0,0,0,0,0,2,0,12,7,9,41.75715636,-87.55840891,POINT (-87.55840891305 41.757156359802)
JC423594,,9/7/2019 12:05,15,NO CONTROLS,NO CONTROLS,CLEAR,DAYLIGHT,REAR TO REAR,PARKING LOT,,STRAIGHT AND LEVEL,DRY,NO DEFECTS,ON SCENE,NO INJURY / DRIVE AWAY,,,Y,"OVER $1,500",9/7/2019 12:10,DRIVING SKILLS/KNOWLEDGE/EXPERIENCE,UNABLE TO DETERMINE,7030,S,ASHLAND AVE,735,,,,,,,2,NO INDICATION OF INJURY,0,0,0,0,0,4,0,12,7,9,41.76579077,-87.66396689,POINT (-87.663966886455 41.765790770432)
JC446462,,9/7/2019 12:00,10,NO CONTROLS,NO CONTROLS,CLEAR,DAYLIGHT,PARKED MOTOR VEHICLE,PARKING LOT,,STRAIGHT AND LEVEL,DRY,NO DEFECTS,NOT ON SCENE (DESK REPORT),NO INJURY / DRIVE AWAY,,Y,,"OVER $1,500",9/24/2019 11:30,UNABLE TO DETERMINE,UNABLE TO DETERMINE,2112,N,ASHLAND AVE,1432,,,,,,,2,NO INDICATION OF INJURY,0,0,0,0,0,3,0,12,7,9,41.92024549,-87.66857296,POINT (-87.668572962613 41.920245490489)
JC426346,,9/7/2019 12:00,30,NO CONTROLS,NO CONTROLS,CLEAR,DAYLIGHT,REAR END,ONE-WAY,,STRAIGHT AND LEVEL,DRY,NO DEFECTS,NOT ON SCENE (DESK REPORT),NO INJURY / DRIVE AWAY,,,,"OVER $1,500",9/9/2019 16:35,UNABLE TO DETERMINE,UNABLE TO DETERMINE,628,N,WELLS ST,1831,,,,,,,2,NO INDICATION OF INJURY,0,0,0,0,0,2,0,12,7,9,41.89322672,-87.63425839,POINT (-87.6342583864 41.893226724216)
JC426106,,9/7/2019 12:00,10,NO CONTROLS,NO CONTROLS,CLEAR,DAYLIGHT,PARKED MOTOR VEHICLE,OTHER,,STRAIGHT AND LEVEL,UNKNOWN,UNKNOWN,NOT ON SCENE (DESK REPORT),NO INJURY / DRIVE AWAY,,,,"$501 - $1,500",9/9/2019 14:07,IMPROPER OVERTAKING/PASSING,IMPROPER OVERTAKING/PASSING,3047,S,HALSTED ST,914,,,,,,,2,NO INDICATION OF INJURY,0,0,0,0,0,3,0,12,7,9,41.83847684,-87.64614167,POINT (-87.646141670737 41.838476835034)
JC423912,,9/7/2019 12:00,20,NO CONTROLS,NO CONTROLS,CLEAR,UNKNOWN,PARKED MOTOR VEHICLE,ONE-WAY,,STRAIGHT AND LEVEL,DRY,NO DEFECTS,NOT ON SCENE (DESK REPORT),NO INJURY / DRIVE AWAY,,,Y,"OVER $1,500",9/7/2019 16:40,UNABLE TO DETERMINE,NOT APPLICABLE,4348,N,SPAULDING AVE,1724,,,,,,,2,NO INDICATION OF INJURY,0,0,0,0,0,1,0,12,7,9,41.96081965,-87.71083366,POINT (-87.710833661934 41.960819647516)
JC423694,,9/7/2019 12:00,35,NO CONTROLS,NO CONTROLS,CLEAR,DAYLIGHT,REAR END,DIVIDED - W/MEDIAN BARRIER,,STRAIGHT AND LEVEL,DRY,NO DEFECTS,ON SCENE,INJURY AND / OR TOW DUE TO CRASH,,,,"OVER $1,500",9/7/2019 12:00,FOLLOWING TOO CLOSELY,FOLLOWING TOO CLOSELY,6815,S,CICERO AVE,833,,,,,,,2,NO INDICATION OF INJURY,0,0,0,0,0,2,0,12,7,9,41.76894051,-87.74185518,POINT (-87.741855181269 41.768940505528)
JC423614,,9/7/2019 12:00,15,NO CONTROLS,NO CONTROLS,CLEAR,DAYLIGHT,PARKED MOTOR VEHICLE,OTHER,,STRAIGHT AND LEVEL,DRY,NO DEFECTS,ON SCENE,NO INJURY / DRIVE AWAY,,Y,,"$501 - $1,500",9/7/2019 12:17,NOT APPLICABLE,NOT APPLICABLE,2,W,71ST ST,322,,,,,,,2,NO INDICATION OF INJURY,0,0,0,0,0,2,0,12,7,9,41.76556301,-87.62493704,POINT (-87.624937040809 41.765563007104)
JC423606,,9/7/2019 12:00,10,NO CONTROLS,NO CONTROLS,CLEAR,DAYLIGHT,REAR TO SIDE,PARKING LOT,,STRAIGHT AND LEVEL,DRY,NO DEFECTS,NOT ON SCENE (DESK REPORT),NO INJURY / DRIVE AWAY,,,Y,"$501 - $1,500",9/7/2019 12:45,UNABLE TO DETERMINE,UNABLE TO DETERMINE,5733,S,KEDZIE AVE,824,,,,,,,2,NO INDICATION OF INJURY,0,0,0,0,0,2,0,12,7,9,41.78889143,-87.70327959,POINT (-87.703279592166 41.788891434222)
JC423580,,9/7/2019 12:00,20,NO CONTROLS,NO CONTROLS,CLEAR,DAYLIGHT,PARKED MOTOR VEHICLE,PARKING LOT,,STRAIGHT AND LEVEL,DRY,NO DEFECTS,NOT ON SCENE (DESK REPORT),NO INJURY / DRIVE AWAY,,,,"$501 - $1,500",9/7/2019 12:20,DISTRACTION - FROM OUTSIDE VEHICLE,DISTRACTION - FROM OUTSIDE VEHICLE,10701,S,WESTERN AVE,2212,,,,,,,2,NO INDICATION OF INJURY,0,0,0,0,0,1,0,12,7,9,41.69901803,-87.68123917,POINT (-87.681239167602 41.699018029218)
JC423557,,9/7/2019 11:43,30,NO CONTROLS,NO CONTROLS,CLEAR,DAYLIGHT,REAR END,NOT DIVIDED,,STRAIGHT AND LEVEL,DRY,NO DEFECTS,NOT ON SCENE (DESK REPORT),NO INJURY / DRIVE AWAY,,,,"OVER $1,500",9/7/2019 12:10,FAILING TO REDUCE SPEED TO AVOID CRASH,UNABLE TO DETERMINE,3220,N,HALSTED ST,1924,,,,,,,2,NO INDICATION OF INJURY,0,0,0,0,0,2,0,11,7,9,41.94054678,-87.64943132,POINT (-87.649431324287 41.940546778159)
JC423547,,9/7/2019 11:35,10,NO CONTROLS,NO CONTROLS,CLEAR,DAYLIGHT,SIDESWIPE SAME DIRECTION,DIVIDED - W/MEDIAN (NOT RAISED),,STRAIGHT AND LEVEL,DRY,NO DEFECTS,ON SCENE,INJURY AND / OR TOW DUE TO CRASH,,,Y,"OVER $1,500",9/7/2019 11:35,UNABLE TO DETERMINE,NOT APPLICABLE,7631,S,PULASKI RD,833,,,,,,,2,NO INDICATION OF INJURY,0,0,0,0,0,4,0,11,7,9,41.75409871,-87.72195201,POINT (-87.721952010731 41.754098713081)
JC423647,,9/7/2019 11:34,25,TRAFFIC SIGNAL,FUNCTIONING PROPERLY,CLEAR,DAYLIGHT,ANGLE,NOT DIVIDED,,STRAIGHT AND LEVEL,DRY,NO DEFECTS,NOT ON SCENE (DESK REPORT),INJURY AND / OR TOW DUE TO CRASH,Y,,Y,"OVER $1,500",9/7/2019 13:00,DISREGARDING TRAFFIC SIGNALS,NOT APPLICABLE,400,S,STATE ST,113,,,,,,,2,"REPORTED, NOT EVIDENT",1,0,0,0,1,1,0,11,7,9,41.87686253,-87.62779697,POINT (-87.627796970132 41.876862529588)
JC424052,,9/7/2019 11:30,30,NO CONTROLS,NO CONTROLS,CLEAR,DAYLIGHT,PARKED MOTOR VEHICLE,PARKING LOT,,STRAIGHT AND LEVEL,DRY,UNKNOWN,NOT ON SCENE (DESK REPORT),NO INJURY / DRIVE AWAY,,,Y,"OVER $1,500",9/7/2019 18:45,UNABLE TO DETERMINE,UNABLE TO DETERMINE,168,N,CLINTON ST,121,,,,,,,2,NO INDICATION OF INJURY,0,0,0,0,0,1,0,11,7,9,41.88519218,-87.64144089,POINT (-87.641440891103 41.885192180908)
JC423763,,9/7/2019 11:30,30,NO CONTROLS,NO CONTROLS,CLEAR,DAYLIGHT,PARKED MOTOR VEHICLE,NOT DIVIDED,,STRAIGHT AND LEVEL,DRY,NO DEFECTS,NOT ON SCENE (DESK REPORT),NO INJURY / DRIVE AWAY,,,,$500 OR LESS,9/7/2019 13:30,NOT APPLICABLE,NOT APPLICABLE,600,E,47TH ST,221,,,,,,,2,NO INDICATION OF INJURY,0,0,0,0,0,1,0,11,7,9,41.80957252,-87.61139462,POINT (-87.611394620986 41.809572516992)
JC423549,,9/7/2019 11:30,30,TRAFFIC SIGNAL,FUNCTIONING PROPERLY,CLEAR,DAYLIGHT,REAR END,FOUR WAY,,STRAIGHT AND LEVEL,DRY,NO DEFECTS,NOT ON SCENE (DESK REPORT),NO INJURY / DRIVE AWAY,Y,,,"$501 - $1,500",9/7/2019 11:50,FAILING TO REDUCE SPEED TO AVOID CRASH,CELL PHONE USE OTHER THAN TEXTING,1982,E,HAYES DR,331,,,,,,,2,NO INDICATION OF INJURY,0,0,0,0,0,2,0,11,7,9,41.78043857,-87.57775712,POINT (-87.577757117388 41.78043856825)
JC423562,,9/7/2019 11:18,30,TRAFFIC SIGNAL,FUNCTIONING PROPERLY,CLEAR,DAYLIGHT,TURNING,NOT DIVIDED,,STRAIGHT AND LEVEL,DRY,NO DEFECTS,ON SCENE,NO INJURY / DRIVE AWAY,,,,"OVER $1,500",9/7/2019 11:36,UNABLE TO DETERMINE,UNABLE TO DETERMINE,7601,S,LOOMIS BLVD,612,,,,,,,2,NO INDICATION OF INJURY,0,0,0,0,0,3,0,11,7,9,41.75579455,-87.65858198,POINT (-87.658581982712 41.755794552089)
JC423539,,9/7/2019 11:15,30,NO CONTROLS,NO CONTROLS,CLEAR,DAYLIGHT,REAR END,NOT DIVIDED,,STRAIGHT AND LEVEL,DRY,NO DEFECTS,NOT ON SCENE (DESK REPORT),NO INJURY / DRIVE AWAY,,,,"$501 - $1,500",9/7/2019 12:40,FAILING TO REDUCE SPEED TO AVOID CRASH,UNABLE TO DETERMINE,701,W,DIVERSEY PKWY,1935,,,,,,,2,NO INDICATION OF INJURY,0,0,0,0,0,2,0,11,7,9,41.932655,-87.64671464,POINT (-87.646714638498 41.932655004077)
JC423520,,9/7/2019 11:13,30,STOP SIGN/FLASHER,FUNCTIONING PROPERLY,CLEAR,DAYLIGHT,ANGLE,DIVIDED - W/MEDIAN (NOT RAISED),,STRAIGHT AND LEVEL,DRY,NO DEFECTS,ON SCENE,INJURY AND / OR TOW DUE TO CRASH,Y,,,"OVER $1,500",9/7/2019 11:13,DISREGARDING STOP SIGN,UNABLE TO DETERMINE,11101,S,EWING AVE,433,,,,,,,2,NONINCAPACITATING INJURY,1,0,0,1,0,1,0,11,7,9,41.69357108,-87.53513525,POINT (-87.535135247411 41.693571075)
JC423530,,9/7/2019 11:12,30,TRAFFIC SIGNAL,FUNCTIONING PROPERLY,CLEAR,DAYLIGHT,SIDESWIPE SAME DIRECTION,OTHER,,STRAIGHT AND LEVEL,DRY,NO DEFECTS,ON SCENE,NO INJURY / DRIVE AWAY,Y,,,"OVER $1,500",9/7/2019 11:26,IMPROPER LANE USAGE,DISREGARDING ROAD MARKINGS,336,W,ONTARIO ST,1831,,,,,,,2,NO INDICATION OF INJURY,0,0,0,0,0,2,0,11,7,9,41.89325671,-87.6370078,POINT (-87.637007797127 41.893256711085)
JC423510,,9/7/2019 11:12,30,NO CONTROLS,NO CONTROLS,CLEAR,DAYLIGHT,REAR END,ONE-WAY,,STRAIGHT AND LEVEL,DRY,NO DEFECTS,ON SCENE,NO INJURY / DRIVE AWAY,,,Y,$500 OR LESS,9/7/2019 11:12,UNABLE TO DETERMINE,UNABLE TO DETERMINE,6101,S,UNIVERSITY AVE,314,,,,,,,2,NO INDICATION OF INJURY,0,0,0,0,0,3,0,11,7,9,41.78405998,-87.59775983,POINT (-87.59775982745 41.78405998381)
JC424760,Y,9/7/2019 11:00,20,NO CONTROLS,OTHER,UNKNOWN,UNKNOWN,PARKED MOTOR VEHICLE,DIVIDED - W/MEDIAN (NOT RAISED),,STRAIGHT AND LEVEL,UNKNOWN,UNKNOWN,ON SCENE,NO INJURY / DRIVE AWAY,,,Y,"OVER $1,500",9/8/2019 11:24,NOT APPLICABLE,NOT APPLICABLE,2941,W,BELMONT AVE,1411,,,,,,,2,NO INDICATION OF INJURY,0,0,0,0,0,1,0,11,7,9,41.93925757,-87.70195626,POINT (-87.70195626276 41.939257572831)