RD_NO,CRASH_DATE_EST_I,CRASH_DATE,POSTED_SPEED_LIMIT,TRAFFIC_CONTROL_DEVICE,DEVICE_CONDITION,WEATHER_CONDITION,LIGHTING_CONDITION,FIRST_CRASH_TYPE,TRAFFICWAY_TYPE,LANE_CNT,ALIGNMENT,ROADWAY_SURFACE_COND,ROAD_DEFECT,REPORT_TYPE,CRASH_TYPE,INTERSECTION_RELATED_I,NOT_RIGHT_OF_WAY_I,HIT_AND_RUN_I,DAMAGE,DATE_POLICE_NOTIFIED,PRIM_CONTRIBUTORY_CAUSE,SEC_CONTRIBUTORY_CAUSE,STREET_NO,STREET_DIRECTION,STREET_NAME,BEAT_OF_OCCURRENCE,PHOTOS_TAKEN_I,STATEMENTS_TAKEN_I,DOORING_I,WORK_ZONE_I,WORK_ZONE_TYPE,WORKERS_PRESENT_I,NUM_UNITS,MOST_SEVERE_INJURY,INJURIES_TOTAL,INJURIES_FATAL,INJURIES_INCAPACITATING,INJURIES_NON_INCAPACITATING,INJURIES_REPORTED_NOT_EVIDENT,INJURIES_NO_INDICATION,INJURIES_UNKNOWN,CRASH_HOUR,CRASH_DAY_OF_WEEK,CRASH_MONTH,LATITUDE,LONGITUDE,LOCATION
JC424745,,9/7/2019 11:00,25,NO CONTROLS,NO CONTROLS,CLEAR,"DARKNESS, LIGHTED ROAD",PEDESTRIAN,ONE-WAY,,STRAIGHT AND LEVEL,DRY,NO DEFECTS,NOT ON SCENE (DESK REPORT),INJURY AND / OR TOW DUE TO CRASH,,,Y,"$501 - $1,500",9/8/2019 11:40,UNABLE TO DETERMINE,UNABLE TO DETERMINE,114,N,DEARBORN ST,111,,,,,,,2,NONINCAPACITATING INJURY,1,0,0,1,0,1,0,11,7,9,41.88355461,-87.62957672,POINT (-87.629576718098 41.883554612663)
JC423643,,9/7/2019 11:00,30,NO CONTROLS,NO CONTROLS,CLEAR,DAYLIGHT,PARKED MOTOR VEHICLE,NOT DIVIDED,,STRAIGHT AND LEVEL,DRY,NO DEFECTS,NOT ON SCENE (DESK REPORT),NO INJURY / DRIVE AWAY,,,Y,"$501 - $1,500",9/7/2019 13:21,NOT APPLICABLE,NOT APPLICABLE,3933,N,KEDZIE AVE,1733,,,,,,,2,NO INDICATION OF INJURY,0,0,0,0,0,1,0,11,7,9,41.95310018,-87.70784644,POINT (-87.707846440138 41.953100178868)
JC423640,Y,9/7/2019 11:00,30,STOP SIGN/FLASHER,FUNCTIONING PROPERLY,CLEAR,DAYLIGHT,PARKED MOTOR VEHICLE,DIVIDED - W/MEDIAN (NOT RAISED),,STRAIGHT AND LEVEL,DRY,UNKNOWN,ON SCENE,NO INJURY / DRIVE AWAY,,,Y,"$501 - $1,500",9/7/2019 12:50,UNABLE TO DETERMINE,NOT APPLICABLE,5703,S,PAYNE DR,233,,,,,,,2,NO INDICATION OF INJURY,0,0,0,0,0,1,0,11,7,9,41.79118142,-87.60775946,POINT (-87.607759460785 41.791181415765)
JC423514,,9/7/2019 11:00,30,NO CONTROLS,NO CONTROLS,CLEAR,DAYLIGHT,REAR TO FRONT,DIVIDED - W/MEDIAN (NOT RAISED),,STRAIGHT AND LEVEL,DRY,NO DEFECTS,ON SCENE,NO INJURY / DRIVE AWAY,,,,"$501 - $1,500",9/7/2019 11:04,UNABLE TO DETERMINE,NOT APPLICABLE,2441,W,ARMITAGE AVE,1434,,,,,,,2,NO INDICATION OF INJURY,0,0,0,0,0,3,0,11,7,9,41.91745242,-87.68900609,POINT (-87.689006094217 41.917452414686)
JC423484,,9/7/2019 11:00,35,TRAFFIC SIGNAL,FUNCTIONING PROPERLY,CLEAR,DAYLIGHT,REAR END,NOT DIVIDED,,STRAIGHT AND LEVEL,DRY,NO DEFECTS,ON SCENE,NO INJURY / DRIVE AWAY,,,,"$501 - $1,500",9/7/2019 11:05,FOLLOWING TOO CLOSELY,NOT APPLICABLE,3201,W,WILSON AVE,1724,,,,,,,2,NO INDICATION OF INJURY,0,0,0,0,0,2,0,11,7,9,41.96458802,-87.70841339,POINT (-87.708413392304 41.964588015089)
JC423979,,9/7/2019 10:43,10,NO CONTROLS,NO CONTROLS,CLEAR,DAYLIGHT,PARKED MOTOR VEHICLE,PARKING LOT,,STRAIGHT AND LEVEL,DRY,NO DEFECTS,NOT ON SCENE (DESK REPORT),NO INJURY / DRIVE AWAY,,,Y,"$501 - $1,500",9/7/2019 17:45,UNABLE TO DETERMINE,NOT APPLICABLE,5515,W,IRVING PARK RD,1633,,,,,,,2,NO INDICATION OF INJURY,0,0,0,0,0,1,0,10,7,9,41.95309127,-87.76519557,POINT (-87.765195568592 41.953091267848)
JC423593,,9/7/2019 10:33,30,TRAFFIC SIGNAL,FUNCTIONING PROPERLY,CLEAR,DAYLIGHT,REAR END,DIVIDED - W/MEDIAN (NOT RAISED),,STRAIGHT AND LEVEL,UNKNOWN,UNKNOWN,NOT ON SCENE (DESK REPORT),NO INJURY / DRIVE AWAY,Y,,,"$501 - $1,500",9/7/2019 12:30,UNABLE TO DETERMINE,UNABLE TO DETERMINE,4501,W,LAKE ST,1113,,,,,,,2,NO INDICATION OF INJURY,0,0,0,0,0,2,0,10,7,9,41.88606377,-87.73822811,POINT (-87.738228110264 41.886063769323)
JC423497,,9/7/2019 10:30,35,NO CONTROLS,NO CONTROLS,CLEAR,DAYLIGHT,TURNING,DIVIDED - W/MEDIAN (NOT RAISED),,STRAIGHT AND LEVEL,UNKNOWN,UNKNOWN,NOT ON SCENE (DESK REPORT),NO INJURY / DRIVE AWAY,,,,"OVER $1,500",9/7/2019 11:10,UNABLE TO DETERMINE,NOT APPLICABLE,2834,N,SHERIDAN RD,1934,,,,,,,2,NO INDICATION OF INJURY,0,0,0,0,0,2,0,10,7,9,41.93385816,-87.63947188,POINT (-87.639471881496 41.933858157973)
JC423478,,9/7/2019 10:25,30,TRAFFIC SIGNAL,FUNCTIONING PROPERLY,CLEAR,DAYLIGHT,TURNING,ONE-WAY,,STRAIGHT AND LEVEL,DRY,NO DEFECTS,ON SCENE,NO INJURY / DRIVE AWAY,Y,,,"$501 - $1,500",9/7/2019 10:27,FOLLOWING TOO CLOSELY,UNABLE TO DETERMINE,250,E,OHIO ST,1834,,,,,,,2,NO INDICATION OF INJURY,0,0,0,0,0,2,0,10,7,9,41.89270244,-87.62068192,POINT (-87.620681922235 41.892702435482)
JC423476,,9/7/2019 10:25,30,NO CONTROLS,OTHER,CLEAR,DAYLIGHT,SIDESWIPE SAME DIRECTION,NOT DIVIDED,,STRAIGHT AND LEVEL,DRY,NO DEFECTS,ON SCENE,NO INJURY / DRIVE AWAY,,,,"OVER $1,500",9/7/2019 10:35,UNABLE TO DETERMINE,NOT APPLICABLE,3016,W,PETERSON AVE,2413,,,,,,,3,NO INDICATION OF INJURY,0,0,0,0,0,3,0,10,7,9,41.99051967,-87.70504409,POINT (-87.705044086138 41.990519668828)
JC423480,,9/7/2019 10:22,25,NO CONTROLS,NO CONTROLS,CLEAR,DAYLIGHT,PARKED MOTOR VEHICLE,NOT DIVIDED,,STRAIGHT AND LEVEL,DRY,NO DEFECTS,ON SCENE,NO INJURY / DRIVE AWAY,,,Y,"OVER $1,500",9/7/2019 10:41,UNABLE TO DETERMINE,UNABLE TO DETERMINE,10347,S,SAWYER AVE,2211,,,,,,,2,NO INDICATION OF INJURY,0,0,0,0,0,1,0,10,7,9,41.70477561,-87.70236401,POINT (-87.702364014154 41.704775609356)
JC423512,,9/7/2019 10:20,10,NO CONTROLS,NO CONTROLS,CLEAR,DAYLIGHT,PARKED MOTOR VEHICLE,PARKING LOT,,STRAIGHT AND LEVEL,DRY,NO DEFECTS,ON SCENE,NO INJURY / DRIVE AWAY,,Y,,$500 OR LESS,9/7/2019 10:26,UNABLE TO DETERMINE,NOT APPLICABLE,40,S,HALSTED ST,1232,,,,,,,2,NO INDICATION OF INJURY,0,0,0,0,0,1,0,10,7,9,41.88055425,-87.64747041,POINT (-87.647470405718 41.880554245414)
JC423470,,9/7/2019 10:20,30,TRAFFIC SIGNAL,FUNCTIONING PROPERLY,CLEAR,DAYLIGHT,REAR END,NOT DIVIDED,,STRAIGHT AND LEVEL,DRY,NO DEFECTS,ON SCENE,NO INJURY / DRIVE AWAY,Y,,,$500 OR LESS,9/7/2019 10:30,FOLLOWING TOO CLOSELY,NOT APPLICABLE,300,N,HAMLIN AVE,1122,,,,,,,2,NO INDICATION OF INJURY,0,0,0,0,0,2,0,10,7,9,41.88528264,-87.72106954,POINT (-87.721069538545 41.885282635809)
JC423451,,9/7/2019 10:00,30,NO CONTROLS,NO CONTROLS,CLEAR,DAYLIGHT,REAR END,DIVIDED - W/MEDIAN (NOT RAISED),,STRAIGHT AND LEVEL,DRY,NO DEFECTS,ON SCENE,INJURY AND / OR TOW DUE TO CRASH,,,,"OVER $1,500",9/7/2019 10:03,FAILING TO REDUCE SPEED TO AVOID CRASH,NOT APPLICABLE,2754,N,PULASKI RD,2524,,,,,,,3,NONINCAPACITATING INJURY,2,0,0,2,0,2,0,10,7,9,41.93162481,-87.72712111,POINT (-87.727121106874 41.931624808656)
JC423444,,9/7/2019 10:00,0,NO CONTROLS,NO CONTROLS,CLEAR,DAYLIGHT,FIXED OBJECT,OTHER,,STRAIGHT AND LEVEL,DRY,NO DEFECTS,ON SCENE,NO INJURY / DRIVE AWAY,,Y,,"OVER $1,500",9/7/2019 10:00,FAILING TO REDUCE SPEED TO AVOID CRASH,NOT APPLICABLE,5133,W,IRVING PARK RD,1634,,,,,,,1,NO INDICATION OF INJURY,0,0,0,0,0,1,0,10,7,9,41.9532033,-87.75604874,POINT (-87.756048735038 41.953203300975)
JC423429,,9/7/2019 9:54,30,STOP SIGN/FLASHER,FUNCTIONING PROPERLY,CLEAR,DAYLIGHT,PARKED MOTOR VEHICLE,NOT DIVIDED,,STRAIGHT AND LEVEL,DRY,NO DEFECTS,ON SCENE,NO INJURY / DRIVE AWAY,,,,"OVER $1,500",9/7/2019 9:54,IMPROPER BACKING,NOT APPLICABLE,1121,W,GRAND AVE,1214,,,,,,,2,NO INDICATION OF INJURY,0,0,0,0,0,2,0,9,7,9,41.89099061,-87.65555577,POINT (-87.655555767058 41.89099061439)
JC423465,,9/7/2019 9:45,30,TRAFFIC SIGNAL,FUNCTIONING PROPERLY,CLEAR,DAYLIGHT,TURNING,NOT DIVIDED,,STRAIGHT AND LEVEL,DRY,"RUT, HOLES",NOT ON SCENE (DESK REPORT),NO INJURY / DRIVE AWAY,Y,,Y,"OVER $1,500",9/7/2019 10:19,UNABLE TO DETERMINE,UNABLE TO DETERMINE,2358,N,ASHLAND AVE,1811,,,,,,,2,NO INDICATION OF INJURY,0,0,0,0,0,2,0,9,7,9,41.92510495,-87.66829118,POINT (-87.668291181568 41.925104953308)
JC423908,,9/7/2019 9:40,30,STOP SIGN/FLASHER,FUNCTIONING PROPERLY,CLEAR,DAYLIGHT,REAR END,NOT DIVIDED,,STRAIGHT AND LEVEL,DRY,NO DEFECTS,NOT ON SCENE (DESK REPORT),NO INJURY / DRIVE AWAY,,,,"$501 - $1,500",9/7/2019 16:46,FOLLOWING TOO CLOSELY,FOLLOWING TOO CLOSELY,3200,S,ARCHER AVE,912,,,,,,,2,NO INDICATION OF INJURY,0,0,0,0,0,2,0,9,7,9,41.83595802,-87.66879027,POINT (-87.668790266538 41.835958018486)
JC423439,,9/7/2019 9:38,15,NO CONTROLS,NO CONTROLS,CLEAR,DAYLIGHT,REAR TO SIDE,PARKING LOT,,STRAIGHT AND LEVEL,DRY,NO DEFECTS,ON SCENE,NO INJURY / DRIVE AWAY,,,,$500 OR LESS,9/7/2019 9:40,IMPROPER BACKING,NOT APPLICABLE,3429,S,ARCHER AVE,912,,,,,,,2,NO INDICATION OF INJURY,0,0,0,0,0,3,0,9,7,9,41.83146662,-87.67565756,POINT (-87.675657558384 41.831466619974)
JC423507,,9/7/2019 9:30,20,NO CONTROLS,NO CONTROLS,CLEAR,DAYLIGHT,PARKED MOTOR VEHICLE,ONE-WAY,,STRAIGHT AND LEVEL,DRY,NO DEFECTS,NOT ON SCENE (DESK REPORT),NO INJURY / DRIVE AWAY,,,,"OVER $1,500",9/7/2019 11:15,UNABLE TO DETERMINE,UNABLE TO DETERMINE,240,W,ST PAUL AVE,1814,,,,,,,2,NO INDICATION OF INJURY,0,0,0,0,0,1,0,9,7,9,41.91371005,-87.63652177,POINT (-87.636521773003 41.913710054025)
JC423488,,9/7/2019 9:30,25,NO CONTROLS,NO CONTROLS,CLEAR,DAYLIGHT,ANGLE,NOT DIVIDED,,STRAIGHT AND LEVEL,DRY,NO DEFECTS,NOT ON SCENE (DESK REPORT),NO INJURY / DRIVE AWAY,,,,"$501 - $1,500",9/7/2019 11:00,UNABLE TO DETERMINE,NOT APPLICABLE,2468,E,72ND ST,334,,,,,,,2,NO INDICATION OF INJURY,0,0,0,0,0,2,0,9,7,9,41.76507702,-87.56401235,POINT (-87.564012353055 41.765077022395)
JC423460,Y,9/7/2019 9:30,30,TRAFFIC SIGNAL,FUNCTIONING PROPERLY,CLEAR,DAYLIGHT,REAR END,NOT DIVIDED,,STRAIGHT AND LEVEL,DRY,WORN SURFACE,NOT ON SCENE (DESK REPORT),NO INJURY / DRIVE AWAY,Y,,,"OVER $1,500",9/7/2019 10:15,FAILING TO REDUCE SPEED TO AVOID CRASH,UNABLE TO DETERMINE,1399,N,KOSTNER AVE,2534,,,,,,,2,NO INDICATION OF INJURY,0,0,0,0,0,2,0,9,7,9,41.90609088,-87.73609159,POINT (-87.736091587881 41.906090881596)
JC423422,,9/7/2019 9:30,30,NO CONTROLS,UNKNOWN,CLEAR,DAYLIGHT,PARKED MOTOR VEHICLE,NOT DIVIDED,,STRAIGHT AND LEVEL,DRY,NO DEFECTS,ON SCENE,NO INJURY / DRIVE AWAY,,,,"OVER $1,500",9/7/2019 9:31,UNABLE TO DETERMINE,UNABLE TO DETERMINE,4355,W,66TH ST,833,,,,,,,2,NO INDICATION OF INJURY,0,0,0,0,0,1,0,9,7,9,41.77297445,-87.73214391,POINT (-87.732143914008 41.77297444572)
JC423571,,9/7/2019 9:15,30,STOP SIGN/FLASHER,NO CONTROLS,RAIN,DAYLIGHT,REAR END,NOT DIVIDED,,STRAIGHT AND LEVEL,DRY,NO DEFECTS,NOT ON SCENE (DESK REPORT),NO INJURY / DRIVE AWAY,,,,"OVER $1,500",9/7/2019 11:42,UNABLE TO DETERMINE,UNABLE TO DETERMINE,900,S,CENTRAL PARK AVE,1133,,,,,,,2,NO INDICATION OF INJURY,0,0,0,0,0,2,0,9,7,9,41.86988897,-87.71567998,POINT (-87.715679978989 41.869888969637)
JC428794,N,9/7/2019 9:00,20,NO CONTROLS,NO CONTROLS,CLEAR,UNKNOWN,PARKED MOTOR VEHICLE,ONE-WAY,,STRAIGHT AND LEVEL,UNKNOWN,UNKNOWN,NOT ON SCENE (DESK REPORT),NO INJURY / DRIVE AWAY,,,Y,"OVER $1,500",9/11/2019 12:30,UNABLE TO DETERMINE,NOT APPLICABLE,1678,W,EDGEWATER AVE,2012,,,,,,,2,NO INDICATION OF INJURY,0,0,0,0,0,1,0,9,7,9,41.98599527,-87.67292465,POINT (-87.672924646527 41.985995269189)
JC427364,,9/7/2019 9:00,30,NO CONTROLS,NO CONTROLS,CLEAR,DAYLIGHT,FIXED OBJECT,DIVIDED - W/MEDIAN (NOT RAISED),,STRAIGHT AND LEVEL,UNKNOWN,UNKNOWN,NOT ON SCENE (DESK REPORT),NO INJURY / DRIVE AWAY,,,Y,"OVER $1,500",9/10/2019 11:40,NOT APPLICABLE,NOT APPLICABLE,5786,S,ARCHER AVE,814,,,,,,,1,NO INDICATION OF INJURY,0,0,0,0,0,1,0,9,7,9,41.79651795,-87.7579178,POINT (-87.75791779651 41.796517946551)
JC425021,,9/7/2019 8:45,10,NO CONTROLS,NO CONTROLS,CLEAR,DAYLIGHT,PARKED MOTOR VEHICLE,PARKING LOT,,STRAIGHT AND LEVEL,DRY,NO DEFECTS,NOT ON SCENE (DESK REPORT),NO INJURY / DRIVE AWAY,,,Y,"$501 - $1,500",9/8/2019 16:19,UNABLE TO DETERMINE,UNABLE TO DETERMINE,10900,S,DOTY AVE E,513,,,,,,,2,NO INDICATION OF INJURY,0,0,0,0,0,1,0,8,7,9,41.69623253,-87.5958062,POINT (-87.59580619714 41.696232527674)
JC423399,,9/7/2019 8:45,30,NO CONTROLS,NO CONTROLS,CLEAR,DAYLIGHT,SIDESWIPE OPPOSITE DIRECTION,NOT DIVIDED,,STRAIGHT AND LEVEL,DRY,NO DEFECTS,NOT ON SCENE (DESK REPORT),NO INJURY / DRIVE AWAY,,,,"OVER $1,500",9/7/2019 9:15,UNABLE TO DETERMINE,NOT APPLICABLE,6759,N,RAVENSWOOD AVE,2432,,,,,,,2,NO INDICATION OF INJURY,0,0,0,0,0,2,0,8,7,9,42.00526458,-87.67507548,POINT (-87.675075479707 42.005264581504)
JC423381,,9/7/2019 8:42,30,NO CONTROLS,NO CONTROLS,CLEAR,DAYLIGHT,SIDESWIPE OPPOSITE DIRECTION,DIVIDED - W/MEDIAN (NOT RAISED),,STRAIGHT AND LEVEL,DRY,NO DEFECTS,ON SCENE,INJURY AND / OR TOW DUE TO CRASH,,,,"OVER $1,500",9/7/2019 8:43,DRIVING ON WRONG SIDE/WRONG WAY,IMPROPER LANE USAGE,3346,W,16TH ST,1021,,,,,,,2,NONINCAPACITATING INJURY,2,0,0,2,0,0,0,8,7,9,41.85914525,-87.70976681,POINT (-87.709766809477 41.859145253354)
JC423736,,9/7/2019 8:40,30,NO CONTROLS,NO CONTROLS,CLEAR,DAYLIGHT,REAR END,DIVIDED - W/MEDIAN (NOT RAISED),,STRAIGHT AND LEVEL,DRY,NO DEFECTS,NOT ON SCENE (DESK REPORT),NO INJURY / DRIVE AWAY,,,,"$501 - $1,500",9/7/2019 14:30,FOLLOWING TOO CLOSELY,UNABLE TO DETERMINE,6401,W,FULLERTON AVE,2512,,,,,,,2,NO INDICATION OF INJURY,0,0,0,0,0,2,0,8,7,9,41.92356669,-87.78556225,POINT (-87.785562245684 41.923566685943)
JC423631,,9/7/2019 8:33,10,NO CONTROLS,NO CONTROLS,CLEAR,DAYLIGHT,ANGLE,ALLEY,,STRAIGHT AND LEVEL,DRY,NO DEFECTS,NOT ON SCENE (DESK REPORT),NO INJURY / DRIVE AWAY,,,,"OVER $1,500",9/7/2019 13:00,UNABLE TO DETERMINE,NOT APPLICABLE,4939,W,IRVING PARK RD,1634,,,,,,,2,NO INDICATION OF INJURY,0,0,0,0,0,2,0,8,7,9,41.95326461,-87.75145319,POINT (-87.751453188611 41.953264611662)
JC423407,,9/7/2019 8:30,30,TRAFFIC SIGNAL,FUNCTIONING PROPERLY,CLEAR,DAYLIGHT,REAR END,FOUR WAY,,STRAIGHT AND LEVEL,DRY,NO DEFECTS,ON SCENE,NO INJURY / DRIVE AWAY,Y,,,"$501 - $1,500",9/7/2019 8:45,FOLLOWING TOO CLOSELY,UNABLE TO DETERMINE,1158,W,47TH ST,925,,,,,,,2,NO INDICATION OF INJURY,0,0,0,0,0,2,0,8,7,9,41.80884589,-87.65512248,POINT (-87.655122479632 41.808845892428)
JC423363,,9/7/2019 8:20,30,NO CONTROLS,NO CONTROLS,CLEAR,DAYLIGHT,PARKED MOTOR VEHICLE,DIVIDED - W/MEDIAN (NOT RAISED),,STRAIGHT AND LEVEL,DRY,NO DEFECTS,,INJURY AND / OR TOW DUE TO CRASH,,,,"OVER $1,500",9/7/2019 8:22,"DISTRACTION - OTHER ELECTRONIC DEVICE (NAVIGATION DEVICE, DVD PLAYER, ETC.)",UNABLE TO DETERMINE,4826,N,PULASKI RD,1712,,,,,,,3,NO INDICATION OF INJURY,0,0,0,0,0,1,0,8,7,9,41.96908552,-87.72820043,POINT (-87.728200426571 41.969085522767)
JC423369,Y,9/7/2019 8:15,30,TRAFFIC SIGNAL,FUNCTIONING PROPERLY,CLEAR,UNKNOWN,PARKED MOTOR VEHICLE,NOT DIVIDED,,STRAIGHT AND LEVEL,DRY,NO DEFECTS,ON SCENE,NO INJURY / DRIVE AWAY,,,Y,"$501 - $1,500",9/7/2019 8:20,UNABLE TO DETERMINE,UNABLE TO DETERMINE,3752,W,DIVISION ST,2535,,,,,,,2,NO INDICATION OF INJURY,0,0,0,0,0,1,0,8,7,9,41.90282499,-87.72113723,POINT (-87.721137228804 41.902824984533)
JC423365,,9/7/2019 8:05,30,TRAFFIC SIGNAL,FUNCTIONING PROPERLY,CLEAR,DAYLIGHT,REAR END,DIVIDED - W/MEDIAN BARRIER,,STRAIGHT AND LEVEL,DRY,NO DEFECTS,ON SCENE,INJURY AND / OR TOW DUE TO CRASH,Y,,,"OVER $1,500",9/7/2019 8:11,FAILING TO REDUCE SPEED TO AVOID CRASH,DISTRACTION - FROM INSIDE VEHICLE,600,W,87TH ST,622,,,,,,,3,NO INDICATION OF INJURY,0,0,0,0,0,4,0,8,7,9,41.73627238,-87.63881572,POINT (-87.638815714536 41.736272377346)
JC424588,Y,9/7/2019 8:00,30,NO CONTROLS,NO CONTROLS,CLEAR,UNKNOWN,PARKED MOTOR VEHICLE,ONE-WAY,,STRAIGHT AND LEVEL,UNKNOWN,NO DEFECTS,NOT ON SCENE (DESK REPORT),NO INJURY / DRIVE AWAY,,,Y,"OVER $1,500",9/8/2019 7:52,UNABLE TO DETERMINE,UNABLE TO DETERMINE,1839,N,ST LOUIS AVE,1422,,,,,,,2,NO INDICATION OF INJURY,0,0,0,0,0,1,0,8,7,9,41.91480667,-87.7133092,POINT (-87.713309197923 41.914806665935)
JC423364,,9/7/2019 8:00,35,TRAFFIC SIGNAL,FUNCTIONING PROPERLY,CLEAR,DAYLIGHT,REAR END,NOT DIVIDED,,STRAIGHT AND LEVEL,DRY,NO DEFECTS,ON SCENE,NO INJURY / DRIVE AWAY,,,,$500 OR LESS,9/7/2019 8:10,FOLLOWING TOO CLOSELY,FOLLOWING TOO CLOSELY,4000,W,COLUMBUS AVE,834,,,,,,,2,NO INDICATION OF INJURY,0,0,0,0,0,2,0,8,7,9,41.73563479,-87.72162239,POINT (-87.721622389173 41.73563478707)
JC423352,,9/7/2019 7:58,30,STOP SIGN/FLASHER,FUNCTIONING PROPERLY,CLEAR,DAYLIGHT,TURNING,DIVIDED - W/MEDIAN (NOT RAISED),,STRAIGHT AND LEVEL,DRY,NO DEFECTS,ON SCENE,NO INJURY / DRIVE AWAY,Y,,,"OVER $1,500",9/7/2019 8:01,FAILING TO REDUCE SPEED TO AVOID CRASH,UNABLE TO DETERMINE,3959,N,NEVA AVE,1632,,,,,,,2,NO INDICATION OF INJURY,0,0,0,0,0,2,0,7,7,9,41.95249845,-87.80591601,POINT (-87.805916005173 41.952498448166)
JC423349,,9/7/2019 7:58,30,NO CONTROLS,NO CONTROLS,CLEAR,DAYLIGHT,TURNING,NOT DIVIDED,,STRAIGHT AND LEVEL,DRY,NO DEFECTS,ON SCENE,NO INJURY / DRIVE AWAY,,,,"OVER $1,500",9/7/2019 8:02,IMPROPER OVERTAKING/PASSING,UNABLE TO DETERMINE,2528,N,OAK PARK AVE,2512,,,,,,,2,NO INDICATION OF INJURY,0,0,0,0,0,4,0,7,7,9,41.92629769,-87.7954713,POINT (-87.795471302331 41.92629768963)
JC429265,N,9/7/2019 7:56,30,NO CONTROLS,NO CONTROLS,CLEAR,DAYLIGHT,PARKED MOTOR VEHICLE,NOT DIVIDED,,STRAIGHT AND LEVEL,DRY,NO DEFECTS,NOT ON SCENE (DESK REPORT),NO INJURY / DRIVE AWAY,,,Y,"$501 - $1,500",9/11/2019 17:47,NOT APPLICABLE,NOT APPLICABLE,2333,W,HIRSCH ST,1424,,,,,,,3,NO INDICATION OF INJURY,0,0,0,0,0,1,0,7,7,9,41.90657533,-87.68596601,POINT (-87.685966010224 41.90657532542)
JC423348,,9/7/2019 7:55,30,TRAFFIC SIGNAL,FUNCTIONING PROPERLY,CLEAR,DAYLIGHT,HEAD ON,DIVIDED - W/MEDIAN (NOT RAISED),,STRAIGHT AND LEVEL,DRY,NO DEFECTS,NOT ON SCENE (DESK REPORT),NO INJURY / DRIVE AWAY,Y,,,"OVER $1,500",9/7/2019 8:05,DISTRACTION - FROM INSIDE VEHICLE,DRIVING SKILLS/KNOWLEDGE/EXPERIENCE,7900,S,KEDZIE AVE,834,,,,,,,2,NO INDICATION OF INJURY,0,0,0,0,0,3,0,7,7,9,41.74972397,-87.70253957,POINT (-87.702539571674 41.749723971726)
JC423402,,9/7/2019 7:50,30,NO CONTROLS,NO CONTROLS,CLEAR,DAYLIGHT,PARKED MOTOR VEHICLE,ONE-WAY,,STRAIGHT AND LEVEL,DRY,NO DEFECTS,NOT ON SCENE (DESK REPORT),NO INJURY / DRIVE AWAY,,,Y,"OVER $1,500",9/7/2019 9:20,UNABLE TO DETERMINE,NOT APPLICABLE,3035,S,SPRINGFIELD AVE,1031,,,,,,,2,NO INDICATION OF INJURY,0,0,0,0,0,1,0,7,7,9,41.83770362,-87.72178207,POINT (-87.721782067255 41.837703618071)
JC423342,,9/7/2019 7:47,35,NO CONTROLS,NO CONTROLS,CLEAR,DAYLIGHT,PEDESTRIAN,T-INTERSECTION,,STRAIGHT AND LEVEL,DRY,NO DEFECTS,ON SCENE,INJURY AND / OR TOW DUE TO CRASH,Y,,,$500 OR LESS,9/7/2019 7:48,UNABLE TO DETERMINE,UNABLE TO DETERMINE,3231,N,PULASKI RD,1732,,,,,,,2,NONINCAPACITATING INJURY,1,0,0,1,0,1,0,7,7,9,41.94005016,-87.72706237,POINT (-87.727062369963 41.940050163546)
JC423362,,9/7/2019 7:45,30,NO CONTROLS,FUNCTIONING PROPERLY,CLEAR,DAYLIGHT,TURNING,DIVIDED - W/MEDIAN (NOT RAISED),,STRAIGHT AND LEVEL,DRY,NO DEFECTS,ON SCENE,NO INJURY / DRIVE AWAY,,,,"OVER $1,500",9/7/2019 8:32,FAILING TO YIELD RIGHT-OF-WAY,FAILING TO YIELD RIGHT-OF-WAY,4301,W,IRVING PARK RD,1731,,,,,,,2,NO INDICATION OF INJURY,0,0,0,0,0,3,0,7,7,9,41.95344843,-87.73550036,POINT (-87.735500361987 41.953448433382)
JC423345,,9/7/2019 7:45,30,NO CONTROLS,NO CONTROLS,CLEAR,DAYLIGHT,PARKED MOTOR VEHICLE,DIVIDED - W/MEDIAN BARRIER,,STRAIGHT ON GRADE,DRY,WORN SURFACE,ON SCENE,INJURY AND / OR TOW DUE TO CRASH,,,,"OVER $1,500",9/7/2019 7:45,UNABLE TO DETERMINE,UNABLE TO DETERMINE,5408,S,ASHLAND AVE,932,,,,,,,2,INCAPACITATING INJURY,1,0,1,0,0,0,0,7,7,9,41.79553077,-87.664773,POINT (-87.664772995124 41.795530764518)
JC423987,,9/7/2019 7:30,35,NO CONTROLS,NO CONTROLS,CLEAR,DAYLIGHT,REAR END,OTHER,,STRAIGHT AND LEVEL,DRY,NO DEFECTS,NOT ON SCENE (DESK REPORT),NO INJURY / DRIVE AWAY,,,,"$501 - $1,500",9/7/2019 17:58,UNABLE TO DETERMINE,NOT APPLICABLE,3867,S,ARCHER AVE,911,,,,,,,2,NO INDICATION OF INJURY,0,0,0,0,0,3,0,7,7,9,41.82315835,-87.68923665,POINT (-87.689236647236 41.823158345079)
JC423366,,9/7/2019 7:30,30,NO CONTROLS,NO CONTROLS,CLEAR,DAYLIGHT,SIDESWIPE SAME DIRECTION,NOT DIVIDED,,STRAIGHT AND LEVEL,DRY,NO DEFECTS,NOT ON SCENE (DESK REPORT),NO INJURY / DRIVE AWAY,,,,"$501 - $1,500",9/7/2019 8:00,NOT APPLICABLE,NOT APPLICABLE,5160,W,FULLERTON AVE,2521,,,,,,,2,NO INDICATION OF INJURY,0,0,0,0,0,4,0,7,7,9,41.92421898,-87.7560263,POINT (-87.756026301859 41.924218977389)