RD_NO,CRASH_DATE_EST_I,CRASH_DATE,POSTED_SPEED_LIMIT,TRAFFIC_CONTROL_DEVICE,DEVICE_CONDITION,WEATHER_CONDITION,LIGHTING_CONDITION,FIRST_CRASH_TYPE,TRAFFICWAY_TYPE,LANE_CNT,ALIGNMENT,ROADWAY_SURFACE_COND,ROAD_DEFECT,REPORT_TYPE,CRASH_TYPE,INTERSECTION_RELATED_I,NOT_RIGHT_OF_WAY_I,HIT_AND_RUN_I,DAMAGE,DATE_POLICE_NOTIFIED,PRIM_CONTRIBUTORY_CAUSE,SEC_CONTRIBUTORY_CAUSE,STREET_NO,STREET_DIRECTION,STREET_NAME,BEAT_OF_OCCURRENCE,PHOTOS_TAKEN_I,STATEMENTS_TAKEN_I,DOORING_I,WORK_ZONE_I,WORK_ZONE_TYPE,WORKERS_PRESENT_I,NUM_UNITS,MOST_SEVERE_INJURY,INJURIES_TOTAL,INJURIES_FATAL,INJURIES_INCAPACITATING,INJURIES_NON_INCAPACITATING,INJURIES_REPORTED_NOT_EVIDENT,INJURIES_NO_INDICATION,INJURIES_UNKNOWN,CRASH_HOUR,CRASH_DAY_OF_WEEK,CRASH_MONTH,LATITUDE,LONGITUDE,LOCATION
JC423335,,9/7/2019 7:30,30,TRAFFIC SIGNAL,FUNCTIONING PROPERLY,CLEAR,DAYLIGHT,TURNING,FOUR WAY,,STRAIGHT AND LEVEL,DRY,NO DEFECTS,NOT ON SCENE (DESK REPORT),NO INJURY / DRIVE AWAY,Y,,,"$501 - $1,500",9/7/2019 7:50,FOLLOWING TOO CLOSELY,IMPROPER LANE USAGE,2031,S,CLARK ST,131,,,,,,,2,NO INDICATION OF INJURY,0,0,0,0,0,2,0,7,7,9,41.8544114,-87.62999188,POINT (-87.629991876396 41.85441140009)
JC423340,,9/7/2019 7:21,30,NO CONTROLS,NO CONTROLS,CLEAR,DAYLIGHT,SIDESWIPE SAME DIRECTION,DIVIDED - W/MEDIAN (NOT RAISED),,STRAIGHT AND LEVEL,DRY,NO DEFECTS,ON SCENE,INJURY AND / OR TOW DUE TO CRASH,,,,"OVER $1,500",9/7/2019 7:37,FAILING TO YIELD RIGHT-OF-WAY,UNABLE TO DETERMINE,5731,N,HARLEM AVE,1612,,,,,,,2,NO INDICATION OF INJURY,0,0,0,0,0,2,0,7,7,9,41.9855527,-87.80677017,POINT (-87.806770168275 41.985552702556)
JC424080,,9/7/2019 7:15,30,TRAFFIC SIGNAL,FUNCTIONING PROPERLY,CLEAR,DAYLIGHT,TURNING,FOUR WAY,,STRAIGHT AND LEVEL,DRY,NO DEFECTS,NOT ON SCENE (DESK REPORT),NO INJURY / DRIVE AWAY,,,Y,"OVER $1,500",9/7/2019 19:20,DISREGARDING TRAFFIC SIGNALS,NOT APPLICABLE,4700,S,MICHIGAN AVE,224,,,,,,,2,NO INDICATION OF INJURY,0,0,0,0,0,2,0,7,7,9,41.80919351,-87.62297931,POINT (-87.62297930642 41.809193513201)
JC423327,Y,9/7/2019 7:15,30,NO CONTROLS,NO CONTROLS,CLEAR,DAYLIGHT,SIDESWIPE SAME DIRECTION,DIVIDED - W/MEDIAN BARRIER,,STRAIGHT AND LEVEL,DRY,NO DEFECTS,ON SCENE,NO INJURY / DRIVE AWAY,N,,,"OVER $1,500",9/7/2019 7:24,IMPROPER LANE USAGE,IMPROPER OVERTAKING/PASSING,1511,W,ROOSEVELT RD,1233,,,,,,,2,NO INDICATION OF INJURY,0,0,0,0,0,3,0,7,7,9,41.86675916,-87.66449413,POINT (-87.664494126851 41.866759159761)
JC423373,,9/7/2019 7:10,35,NO CONTROLS,NO CONTROLS,CLEAR,DAYLIGHT,PARKED MOTOR VEHICLE,NOT DIVIDED,,STRAIGHT AND LEVEL,DRY,NO DEFECTS,ON SCENE,NO INJURY / DRIVE AWAY,,,,"OVER $1,500",9/7/2019 8:50,UNABLE TO DETERMINE,NOT APPLICABLE,5643,W,AUGUSTA BLVD,1511,,,,,,,2,NO INDICATION OF INJURY,0,0,0,0,0,2,0,7,7,9,41.89836325,-87.76721414,POINT (-87.767214136308 41.898363251302)
JC423321,,9/7/2019 7:10,30,NO CONTROLS,NO CONTROLS,CLEAR,DAYLIGHT,PARKED MOTOR VEHICLE,NOT DIVIDED,,STRAIGHT AND LEVEL,DRY,NO DEFECTS,ON SCENE,INJURY AND / OR TOW DUE TO CRASH,,,,"OVER $1,500",9/7/2019 7:10,FOLLOWING TOO CLOSELY,WEATHER,5520,W,LAKE ST,1523,,,,,,,2,"REPORTED, NOT EVIDENT",1,0,0,0,1,0,0,7,7,9,41.8878432,-87.76420615,POINT (-87.76420614462 41.887843202084)
JC423319,,9/7/2019 7:05,30,TRAFFIC SIGNAL,FUNCTIONING PROPERLY,CLEAR,DAYLIGHT,SIDESWIPE SAME DIRECTION,NOT DIVIDED,,STRAIGHT AND LEVEL,DRY,UNKNOWN,NOT ON SCENE (DESK REPORT),NO INJURY / DRIVE AWAY,,,Y,"OVER $1,500",9/7/2019 7:20,UNABLE TO DETERMINE,UNABLE TO DETERMINE,701,S,CICERO AVE,1131,,,,,,,2,NO INDICATION OF INJURY,0,0,0,0,0,2,0,7,7,9,41.87205936,-87.74478562,POINT (-87.744785624327 41.872059359507)
JC423336,,9/7/2019 7:00,30,TRAFFIC SIGNAL,FUNCTIONING PROPERLY,CLEAR,DAYLIGHT,REAR END,DIVIDED - W/MEDIAN (NOT RAISED),,STRAIGHT AND LEVEL,DRY,NO DEFECTS,ON SCENE,NO INJURY / DRIVE AWAY,,,,"OVER $1,500",9/7/2019 7:15,FOLLOWING TOO CLOSELY,NOT APPLICABLE,10255,W,ZEMKE RD,1654,,,,,,,2,NO INDICATION OF INJURY,0,0,0,0,0,2,0,7,7,9,41.99479339,-87.88270766,POINT (-87.882707659516 41.994793386112)
JC423322,,9/7/2019 7:00,30,NO CONTROLS,NO CONTROLS,CLEAR,DAYLIGHT,PARKED MOTOR VEHICLE,NOT DIVIDED,,STRAIGHT AND LEVEL,DRY,NO DEFECTS,ON SCENE,INJURY AND / OR TOW DUE TO CRASH,,,Y,"OVER $1,500",9/7/2019 7:05,WEATHER,WEATHER,435,W,43RD ST,925,,,,,,,3,NONINCAPACITATING INJURY,1,0,0,1,0,1,0,7,7,9,41.81621367,-87.63746002,POINT (-87.637460018199 41.816213674158)
JC423522,,9/7/2019 6:30,25,NO CONTROLS,NO CONTROLS,CLEAR,DAWN,PARKED MOTOR VEHICLE,ONE-WAY,,STRAIGHT AND LEVEL,DRY,NO DEFECTS,ON SCENE,NO INJURY / DRIVE AWAY,,,Y,"OVER $1,500",9/7/2019 11:06,NOT APPLICABLE,NOT APPLICABLE,4348,N,SPAULDING AVE,1724,,,,,,,2,NO INDICATION OF INJURY,0,0,0,0,0,1,0,6,7,9,41.96081965,-87.71083366,POINT (-87.710833661934 41.960819647516)
JC423308,,9/7/2019 6:21,30,TRAFFIC SIGNAL,FUNCTIONING PROPERLY,CLEAR,DAYLIGHT,ANGLE,NOT DIVIDED,,STRAIGHT AND LEVEL,DRY,NO DEFECTS,ON SCENE,NO INJURY / DRIVE AWAY,Y,,Y,$500 OR LESS,9/7/2019 6:31,UNABLE TO DETERMINE,NOT APPLICABLE,2800,W,63RD ST,823,,,,,,,2,NO INDICATION OF INJURY,0,0,0,0,0,2,0,6,7,9,41.77922453,-87.69345644,POINT (-87.693456441033 41.779224532387)
JC423303,,9/7/2019 6:11,30,NO CONTROLS,NO CONTROLS,CLEAR,DAWN,PARKED MOTOR VEHICLE,NOT DIVIDED,,STRAIGHT AND LEVEL,DRY,NO DEFECTS,ON SCENE,INJURY AND / OR TOW DUE TO CRASH,,Y,,"OVER $1,500",9/7/2019 6:11,PHYSICAL CONDITION OF DRIVER,NOT APPLICABLE,1711,W,FOSTER AVE,2032,,,,,,,2,NONINCAPACITATING INJURY,1,0,0,1,0,1,0,6,7,9,41.97602056,-87.67256272,POINT (-87.672562717429 41.976020557372)
JC423307,,9/7/2019 6:07,15,NO CONTROLS,NO CONTROLS,CLEAR,DAYLIGHT,FIXED OBJECT,PARKING LOT,,STRAIGHT AND LEVEL,DRY,NO DEFECTS,ON SCENE,INJURY AND / OR TOW DUE TO CRASH,,,,"$501 - $1,500",9/7/2019 6:16,IMPROPER BACKING,IMPROPER BACKING,3945,W,31ST ST,1031,,,,,,,1,FATAL,3,1,2,0,0,0,0,6,7,9,41.83678252,-87.72369457,POINT (-87.72369456761 41.836782523061)
JC425961,,9/7/2019 5:10,30,NO CONTROLS,NO CONTROLS,CLEAR,DAYLIGHT,REAR END,ONE-WAY,,STRAIGHT AND LEVEL,DRY,UNKNOWN,NOT ON SCENE (DESK REPORT),NO INJURY / DRIVE AWAY,,,Y,"$501 - $1,500",9/9/2019 11:45,UNABLE TO DETERMINE,UNABLE TO DETERMINE,1200,S,RUBLE ST,1232,,,,,,,2,NO INDICATION OF INJURY,0,0,0,0,0,2,0,5,7,9,41.86713421,-87.64423752,POINT (-87.644237519792 41.867134208293)
JC423279,,9/7/2019 5:08,30,NO CONTROLS,NO CONTROLS,CLEAR,"DARKNESS, LIGHTED ROAD",ANGLE,NOT DIVIDED,,STRAIGHT AND LEVEL,DRY,NO DEFECTS,,INJURY AND / OR TOW DUE TO CRASH,,,,"OVER $1,500",9/7/2019 5:08,FAILING TO YIELD RIGHT-OF-WAY,FAILING TO REDUCE SPEED TO AVOID CRASH,2555,W,TOUHY AVE,2411,,,,,,,3,"REPORTED, NOT EVIDENT",2,0,0,0,2,0,0,5,7,9,42.01207042,-87.69480592,POINT (-87.694805923462 42.01207042083)
JC425694,,9/7/2019 5:00,30,NO CONTROLS,NO CONTROLS,CLEAR,DAWN,PARKED MOTOR VEHICLE,NOT DIVIDED,,STRAIGHT AND LEVEL,DRY,NO DEFECTS,NOT ON SCENE (DESK REPORT),NO INJURY / DRIVE AWAY,,,,"OVER $1,500",9/9/2019 9:00,NOT APPLICABLE,NOT APPLICABLE,3500,W,110TH ST,2211,,,,,,,2,NO INDICATION OF INJURY,0,0,0,0,0,1,0,5,7,9,41.69338695,-87.70829899,POINT (-87.708298984533 41.693386950296)
JC423281,,9/7/2019 5:00,30,TRAFFIC SIGNAL,FUNCTIONING PROPERLY,CLEAR,"DARKNESS, LIGHTED ROAD",REAR END,DIVIDED - W/MEDIAN (NOT RAISED),,STRAIGHT AND LEVEL,DRY,NO DEFECTS,ON SCENE,INJURY AND / OR TOW DUE TO CRASH,,,,"$501 - $1,500",9/7/2019 5:05,FAILING TO REDUCE SPEED TO AVOID CRASH,NOT APPLICABLE,5499,N,HARLEM AVE,1613,,,,,,,2,INCAPACITATING INJURY,1,0,1,0,0,1,0,5,7,9,41.98101039,-87.80681781,POINT (-87.806817806709 41.981010392775)
JC423555,,9/7/2019 4:30,20,NO CONTROLS,NO CONTROLS,CLEAR,"DARKNESS, LIGHTED ROAD",PARKED MOTOR VEHICLE,ONE-WAY,,STRAIGHT AND LEVEL,DRY,NO DEFECTS,NOT ON SCENE (DESK REPORT),NO INJURY / DRIVE AWAY,,,Y,"OVER $1,500",9/7/2019 12:00,HAD BEEN DRINKING (USE WHEN ARREST IS NOT MADE),NOT APPLICABLE,2538,N,AVERS AVE,2524,,,,,,,2,NO INDICATION OF INJURY,0,0,0,0,0,1,0,4,7,9,41.92752208,-87.72333933,POINT (-87.723339333374 41.927522075288)
JC431803,,9/7/2019 4:00,30,STOP SIGN/FLASHER,UNKNOWN,UNKNOWN,UNKNOWN,OTHER OBJECT,DIVIDED - W/MEDIAN (NOT RAISED),,STRAIGHT AND LEVEL,UNKNOWN,"RUT, HOLES",NOT ON SCENE (DESK REPORT),NO INJURY / DRIVE AWAY,,,,$500 OR LESS,9/13/2019 14:29,UNABLE TO DETERMINE,NOT APPLICABLE,1359,W,16TH ST,1233,,,,,,,1,NO INDICATION OF INJURY,0,0,0,0,0,1,0,4,7,9,41.85957952,-87.66128048,POINT (-87.661280476805 41.859579521814)
JC423259,,9/7/2019 3:45,35,NO CONTROLS,NO CONTROLS,CLEAR,"DARKNESS, LIGHTED ROAD",FIXED OBJECT,NOT DIVIDED,,STRAIGHT AND LEVEL,DRY,NO DEFECTS,ON SCENE,INJURY AND / OR TOW DUE TO CRASH,,,,"OVER $1,500",9/7/2019 3:49,UNABLE TO DETERMINE,NOT APPLICABLE,6753,S,COTTAGE GROVE AVE,321,,,,,,,1,NO INDICATION OF INJURY,0,0,0,0,0,1,0,3,7,9,41.77158385,-87.60558536,POINT (-87.605585360193 41.771583853061)
JC423257,,9/7/2019 3:34,30,STOP SIGN/FLASHER,OTHER,CLEAR,"DARKNESS, LIGHTED ROAD",TURNING,NOT DIVIDED,,STRAIGHT AND LEVEL,DRY,NO DEFECTS,ON SCENE,NO INJURY / DRIVE AWAY,,,Y,"$501 - $1,500",9/7/2019 3:35,UNABLE TO DETERMINE,UNABLE TO DETERMINE,345,W,SUPERIOR ST,1831,,,,,,,2,NO INDICATION OF INJURY,0,0,0,0,0,2,0,3,7,9,41.89544095,-87.63738429,POINT (-87.637384289755 41.895440946499)
JC423254,,9/7/2019 3:20,30,TRAFFIC SIGNAL,FUNCTIONING PROPERLY,CLEAR,"DARKNESS, LIGHTED ROAD",FIXED OBJECT,FOUR WAY,,STRAIGHT AND LEVEL,DRY,NO DEFECTS,ON SCENE,INJURY AND / OR TOW DUE TO CRASH,Y,,,"OVER $1,500",9/7/2019 3:25,FAILING TO REDUCE SPEED TO AVOID CRASH,NOT APPLICABLE,4700,S,ASHLAND AVE,931,,,,,,,1,NO INDICATION OF INJURY,0,0,0,0,0,1,0,3,7,9,41.8085116,-87.66511729,POINT (-87.665117291733 41.808511597247)
JC423639,Y,9/7/2019 3:00,35,NO CONTROLS,NO CONTROLS,CLEAR,DARKNESS,PARKED MOTOR VEHICLE,ONE-WAY,,STRAIGHT AND LEVEL,DRY,NO DEFECTS,NOT ON SCENE (DESK REPORT),NO INJURY / DRIVE AWAY,,,Y,"$501 - $1,500",9/7/2019 13:06,UNABLE TO DETERMINE,NOT APPLICABLE,6048,S,KILBOURN AVE,813,,,,,,,2,NO INDICATION OF INJURY,0,0,0,0,0,1,0,3,7,9,41.78253338,-87.73523595,POINT (-87.735235944747 41.782533376005)
JC423237,,9/7/2019 2:52,25,NO CONTROLS,NO CONTROLS,CLEAR,"DARKNESS, LIGHTED ROAD",PARKED MOTOR VEHICLE,NOT DIVIDED,,STRAIGHT AND LEVEL,DRY,NO DEFECTS,ON SCENE,INJURY AND / OR TOW DUE TO CRASH,,,,"OVER $1,500",9/7/2019 2:52,UNDER THE INFLUENCE OF ALCOHOL/DRUGS (USE WHEN ARREST IS EFFECTED),FAILING TO REDUCE SPEED TO AVOID CRASH,2841,E,76TH ST,421,,,,,,,3,NO INDICATION OF INJURY,0,0,0,0,0,1,0,2,7,9,41.75874531,-87.5554239,POINT (-87.555423894582 41.758745308301)
JC423252,,9/7/2019 2:50,30,TRAFFIC SIGNAL,FUNCTIONING PROPERLY,CLEAR,"DARKNESS, LIGHTED ROAD",REAR END,ONE-WAY,,STRAIGHT AND LEVEL,DRY,NO DEFECTS,ON SCENE,INJURY AND / OR TOW DUE TO CRASH,Y,,Y,"OVER $1,500",9/7/2019 2:58,FOLLOWING TOO CLOSELY,UNABLE TO DETERMINE,100,S,CLARK ST,122,,,,,,,2,"REPORTED, NOT EVIDENT",1,0,0,0,1,2,0,2,7,9,41.88066287,-87.63099923,POINT (-87.630999232701 41.880662867542)
JC423232,,9/7/2019 2:50,30,TRAFFIC SIGNAL,FUNCTIONING PROPERLY,CLEAR,"DARKNESS, LIGHTED ROAD",ANGLE,NOT DIVIDED,,STRAIGHT AND LEVEL,DRY,NO DEFECTS,ON SCENE,INJURY AND / OR TOW DUE TO CRASH,Y,,,"OVER $1,500",9/7/2019 2:52,DISREGARDING TRAFFIC SIGNALS,UNABLE TO DETERMINE,4401,W,ROOSEVELT RD,1011,,,,,,,2,NONINCAPACITATING INJURY,2,0,0,2,0,1,0,2,7,9,41.86592137,-87.73508384,POINT (-87.735083842195 41.865921374106)
JC423238,N,9/7/2019 2:48,30,TRAFFIC SIGNAL,FUNCTIONING PROPERLY,CLEAR,"DARKNESS, LIGHTED ROAD",REAR END,FOUR WAY,,STRAIGHT AND LEVEL,DRY,NO DEFECTS,ON SCENE,NO INJURY / DRIVE AWAY,Y,,,$500 OR LESS,9/7/2019 2:48,FOLLOWING TOO CLOSELY,NOT APPLICABLE,4801,W,63RD ST,813,,,,,,,2,NO INDICATION OF INJURY,0,0,0,0,0,3,0,2,7,9,41.77831857,-87.74235067,POINT (-87.742350674334 41.77831856698)
JC423235,,9/7/2019 2:47,20,TRAFFIC SIGNAL,FUNCTIONING PROPERLY,CLEAR,"DARKNESS, LIGHTED ROAD",REAR END,OTHER,,STRAIGHT AND LEVEL,DRY,NO DEFECTS,ON SCENE,NO INJURY / DRIVE AWAY,N,,,"OVER $1,500",9/7/2019 2:47,DISTRACTION - FROM INSIDE VEHICLE,NOT APPLICABLE,1700,E,57TH DR,331,,,,,,,2,NO INDICATION OF INJURY,0,0,0,0,0,2,0,2,7,9,41.79275553,-87.58380402,POINT (-87.583804015692 41.79275553348)
JC423250,,9/7/2019 2:40,30,NO CONTROLS,NO CONTROLS,CLEAR,"DARKNESS, LIGHTED ROAD",PARKED MOTOR VEHICLE,NOT DIVIDED,,STRAIGHT AND LEVEL,DRY,NO DEFECTS,ON SCENE,NO INJURY / DRIVE AWAY,,,Y,"OVER $1,500",9/7/2019 3:00,UNABLE TO DETERMINE,UNABLE TO DETERMINE,514,W,43RD ST,925,,,,,,,3,NO INDICATION OF INJURY,0,0,0,0,0,1,0,2,7,9,41.8164052,-87.63905703,POINT (-87.639057025832 41.816405197812)
JC423239,,9/7/2019 2:40,30,NO CONTROLS,NO CONTROLS,CLEAR,"DARKNESS, LIGHTED ROAD",FIXED OBJECT,DIVIDED - W/MEDIAN (NOT RAISED),,STRAIGHT AND LEVEL,DRY,NO DEFECTS,ON SCENE,INJURY AND / OR TOW DUE TO CRASH,,,,"OVER $1,500",9/7/2019 2:47,ANIMAL,ANIMAL,3550,S,WESTERN AVE,911,,,,,,,1,NO INDICATION OF INJURY,0,0,0,0,0,1,0,2,7,9,41.82876788,-87.68513396,POINT (-87.685133962717 41.828767881547)
JC423226,,9/7/2019 2:40,30,TRAFFIC SIGNAL,FUNCTIONING PROPERLY,CLEAR,"DARKNESS, LIGHTED ROAD",ANGLE,FOUR WAY,,STRAIGHT AND LEVEL,DRY,NO DEFECTS,ON SCENE,INJURY AND / OR TOW DUE TO CRASH,Y,,Y,"OVER $1,500",9/7/2019 2:43,DISREGARDING OTHER TRAFFIC SIGNS,NOT APPLICABLE,11200,S,MARSHFIELD AVE,2234,,,,,,,2,"REPORTED, NOT EVIDENT",1,0,0,0,1,1,0,2,7,9,41.69032983,-87.66164617,POINT (-87.661646164899 41.690329833777)
JC423258,,9/7/2019 2:35,30,STOP SIGN/FLASHER,FUNCTIONING PROPERLY,CLEAR,"DARKNESS, LIGHTED ROAD",HEAD ON,ONE-WAY,,STRAIGHT AND LEVEL,DRY,NO DEFECTS,ON SCENE,INJURY AND / OR TOW DUE TO CRASH,,,Y,"OVER $1,500",9/7/2019 2:48,FAILING TO YIELD RIGHT-OF-WAY,NOT APPLICABLE,8700,S,LAFLIN ST,2221,,,,,,,2,NO INDICATION OF INJURY,0,0,0,0,0,2,0,2,7,9,41.7357344,-87.66077914,POINT (-87.660779134752 41.735734401911)
JC423233,,9/7/2019 2:32,35,NO CONTROLS,NO CONTROLS,CLEAR,"DARKNESS, LIGHTED ROAD",FIXED OBJECT,DIVIDED - W/MEDIAN BARRIER,,STRAIGHT AND LEVEL,DRY,NO DEFECTS,ON SCENE,INJURY AND / OR TOW DUE TO CRASH,,,,"OVER $1,500",9/7/2019 2:32,UNDER THE INFLUENCE OF ALCOHOL/DRUGS (USE WHEN ARREST IS EFFECTED),"OPERATING VEHICLE IN ERRATIC, RECKLESS, CARELESS, NEGLIGENT OR AGGRESSIVE MANNER",291,N,OGDEN AVE,1215,Y,,,,,,1,NONINCAPACITATING INJURY,1,0,0,1,0,0,0,2,7,9,41.88651509,-87.66193735,POINT (-87.661937350156 41.886515093818)
JC424991,,9/7/2019 2:30,30,TRAFFIC SIGNAL,FUNCTIONING PROPERLY,CLEAR,"DARKNESS, LIGHTED ROAD",ANGLE,NOT DIVIDED,,STRAIGHT AND LEVEL,DRY,NO DEFECTS,NOT ON SCENE (DESK REPORT),NO INJURY / DRIVE AWAY,Y,,,"OVER $1,500",9/8/2019 16:00,UNABLE TO DETERMINE,NOT APPLICABLE,3200,N,AUSTIN AVE,1633,,,,,,,2,NO INDICATION OF INJURY,0,0,0,0,0,2,0,2,7,9,41.93849112,-87.77636315,POINT (-87.776363151942 41.938491124151)
JC423227,,9/7/2019 2:30,30,TRAFFIC SIGNAL,FUNCTIONING PROPERLY,CLEAR,"DARKNESS, LIGHTED ROAD",ANGLE,ONE-WAY,,STRAIGHT AND LEVEL,DRY,NO DEFECTS,ON SCENE,INJURY AND / OR TOW DUE TO CRASH,Y,,,"OVER $1,500",9/7/2019 2:36,DRIVING ON WRONG SIDE/WRONG WAY,NOT APPLICABLE,101,W,RANDOLPH ST,122,,,,,,,2,NONINCAPACITATING INJURY,3,0,0,3,0,1,0,2,7,9,41.88436674,-87.63100949,POINT (-87.631009492059 41.884366736388)
JC423221,,9/7/2019 2:18,30,STOP SIGN/FLASHER,FUNCTIONING PROPERLY,CLEAR,"DARKNESS, LIGHTED ROAD",ANGLE,ONE-WAY,,STRAIGHT AND LEVEL,DRY,NO DEFECTS,ON SCENE,INJURY AND / OR TOW DUE TO CRASH,Y,,,"OVER $1,500",9/7/2019 2:22,DISREGARDING STOP SIGN,NOT APPLICABLE,1399,S,TRIPP AVE,1011,,,,,,,2,NONINCAPACITATING INJURY,3,0,0,3,0,5,0,2,7,9,41.86252531,-87.73102923,POINT (-87.731029224906 41.862525307869)
JC426513,Y,9/7/2019 2:00,10,NO CONTROLS,NO CONTROLS,UNKNOWN,"DARKNESS, LIGHTED ROAD",PARKED MOTOR VEHICLE,ALLEY,,STRAIGHT AND LEVEL,DRY,NO DEFECTS,NOT ON SCENE (DESK REPORT),NO INJURY / DRIVE AWAY,,,,"OVER $1,500",9/9/2019 18:05,UNABLE TO DETERMINE,NOT APPLICABLE,4039,W,KAMERLING AVE,2534,,,,,,,2,NO INDICATION OF INJURY,0,0,0,0,0,1,0,2,7,9,41.90524303,-87.72795186,POINT (-87.727951863799 41.905243028749)
JC423216,,9/7/2019 1:59,35,TRAFFIC SIGNAL,FUNCTIONING PROPERLY,CLEAR,"DARKNESS, LIGHTED ROAD",TURNING,DIVIDED - W/MEDIAN BARRIER,,STRAIGHT AND LEVEL,DRY,NO DEFECTS,ON SCENE,INJURY AND / OR TOW DUE TO CRASH,Y,,,"OVER $1,500",9/7/2019 2:02,FAILING TO REDUCE SPEED TO AVOID CRASH,DISREGARDING TRAFFIC SIGNALS,8300,S,STONY ISLAND AVE,412,,Y,,,,,2,INCAPACITATING INJURY,1,0,1,0,0,1,0,1,7,9,41.74415164,-87.58594507,POINT (-87.585945066953 41.744151639042)
JC423206,,9/7/2019 1:50,30,STOP SIGN/FLASHER,FUNCTIONING PROPERLY,CLEAR,"DARKNESS, LIGHTED ROAD",ANGLE,FOUR WAY,,STRAIGHT AND LEVEL,UNKNOWN,UNKNOWN,ON SCENE,INJURY AND / OR TOW DUE TO CRASH,Y,,,"OVER $1,500",9/7/2019 1:53,DISREGARDING STOP SIGN,FAILING TO REDUCE SPEED TO AVOID CRASH,3400,N,RACINE AVE,1924,,,,,,,2,NO INDICATION OF INJURY,0,0,0,0,0,3,0,1,7,9,41.94353641,-87.65922105,POINT (-87.65922104519 41.943536411136)
JC423737,,9/7/2019 1:45,25,NO CONTROLS,NO CONTROLS,CLEAR,DAYLIGHT,SIDESWIPE SAME DIRECTION,NOT DIVIDED,,STRAIGHT AND LEVEL,DRY,NO DEFECTS,ON SCENE,NO INJURY / DRIVE AWAY,,,N,"$501 - $1,500",9/7/2019 14:00,UNABLE TO DETERMINE,IMPROPER OVERTAKING/PASSING,100,E,127TH ST,532,,,,,,,2,NO INDICATION OF INJURY,0,0,0,0,0,2,0,1,7,9,41.66358598,-87.61988918,POINT (-87.61988918223 41.663585975856)
JC424773,,9/7/2019 1:30,30,NO CONTROLS,NO CONTROLS,CLEAR,DAYLIGHT,SIDESWIPE SAME DIRECTION,NOT DIVIDED,,STRAIGHT AND LEVEL,DRY,NO DEFECTS,NOT ON SCENE (DESK REPORT),NO INJURY / DRIVE AWAY,,,,"OVER $1,500",9/8/2019 12:00,UNABLE TO DETERMINE,UNABLE TO DETERMINE,2153,W,ADDISON ST,1921,,,,,,,2,NO INDICATION OF INJURY,0,0,0,0,0,2,0,1,7,9,41.9466953,-87.68309187,POINT (-87.68309186852 41.946695299487)
JC423432,Y,9/7/2019 1:30,30,NO CONTROLS,NO CONTROLS,CLEAR,"DARKNESS, LIGHTED ROAD",PARKED MOTOR VEHICLE,ONE-WAY,,STRAIGHT AND LEVEL,DRY,NO DEFECTS,ON SCENE,INJURY AND / OR TOW DUE TO CRASH,,,Y,"OVER $1,500",9/7/2019 9:42,"OPERATING VEHICLE IN ERRATIC, RECKLESS, CARELESS, NEGLIGENT OR AGGRESSIVE MANNER",NOT APPLICABLE,5,N,LAVERGNE AVE,1533,,,,,,,2,NO INDICATION OF INJURY,0,0,0,0,0,1,0,1,7,9,41.88063531,-87.75003344,POINT (-87.750033438731 41.880635313887)
JC424839,Y,9/7/2019 1:00,20,NO CONTROLS,NO CONTROLS,CLEAR,DARKNESS,PARKED MOTOR VEHICLE,ONE-WAY,,STRAIGHT AND LEVEL,DRY,NO DEFECTS,ON SCENE,INJURY AND / OR TOW DUE TO CRASH,,,Y,"OVER $1,500",9/8/2019 13:22,UNABLE TO DETERMINE,UNABLE TO DETERMINE,5614,W,DAKIN ST,1633,,,,,,,2,NO INDICATION OF INJURY,0,0,0,0,0,1,0,1,7,9,41.95233825,-87.76762427,POINT (-87.767624271581 41.95233824577)
JC423183,,9/7/2019 0:48,30,NO CONTROLS,NO CONTROLS,CLEAR,"DARKNESS, LIGHTED ROAD",PARKED MOTOR VEHICLE,NOT DIVIDED,,STRAIGHT AND LEVEL,DRY,NO DEFECTS,ON SCENE,INJURY AND / OR TOW DUE TO CRASH,,,Y,"OVER $1,500",9/7/2019 0:54,UNDER THE INFLUENCE OF ALCOHOL/DRUGS (USE WHEN ARREST IS EFFECTED),UNDER THE INFLUENCE OF ALCOHOL/DRUGS (USE WHEN ARREST IS EFFECTED),3950,N,BROADWAY,1923,,,,,,,2,NO INDICATION OF INJURY,0,0,0,0,0,1,0,0,7,9,41.95422374,-87.65048392,POINT (-87.650483921086 41.954223742443)
JC423468,,9/7/2019 0:20,30,TRAFFIC SIGNAL,FUNCTIONING PROPERLY,CLEAR,"DARKNESS, LIGHTED ROAD",TURNING,NOT REPORTED,,STRAIGHT AND LEVEL,DRY,NO DEFECTS,NOT ON SCENE (DESK REPORT),NO INJURY / DRIVE AWAY,Y,,Y,"OVER $1,500",9/7/2019 10:30,UNABLE TO DETERMINE,UNABLE TO DETERMINE,4100,S,MICHIGAN AVE,213,,,,,,,2,NO INDICATION OF INJURY,0,0,0,0,0,2,0,0,7,9,41.82005543,-87.62326884,POINT (-87.623268836451 41.8200554259)