RD_NO,CRASH_DATE_EST_I,CRASH_DATE,POSTED_SPEED_LIMIT,TRAFFIC_CONTROL_DEVICE,DEVICE_CONDITION,WEATHER_CONDITION,LIGHTING_CONDITION,FIRST_CRASH_TYPE,TRAFFICWAY_TYPE,LANE_CNT,ALIGNMENT,ROADWAY_SURFACE_COND,ROAD_DEFECT,REPORT_TYPE,CRASH_TYPE,INTERSECTION_RELATED_I,NOT_RIGHT_OF_WAY_I,HIT_AND_RUN_I,DAMAGE,DATE_POLICE_NOTIFIED,PRIM_CONTRIBUTORY_CAUSE,SEC_CONTRIBUTORY_CAUSE,STREET_NO,STREET_DIRECTION,STREET_NAME,BEAT_OF_OCCURRENCE,PHOTOS_TAKEN_I,STATEMENTS_TAKEN_I,DOORING_I,WORK_ZONE_I,WORK_ZONE_TYPE,WORKERS_PRESENT_I,NUM_UNITS,MOST_SEVERE_INJURY,INJURIES_TOTAL,INJURIES_FATAL,INJURIES_INCAPACITATING,INJURIES_NON_INCAPACITATING,INJURIES_REPORTED_NOT_EVIDENT,INJURIES_NO_INDICATION,INJURIES_UNKNOWN,CRASH_HOUR,CRASH_DAY_OF_WEEK,CRASH_MONTH,LATITUDE,LONGITUDE,LOCATION
JC423166,,9/7/2019 0:07,30,TRAFFIC SIGNAL,FUNCTIONING PROPERLY,CLEAR,"DARKNESS, LIGHTED ROAD",SIDESWIPE SAME DIRECTION,DIVIDED - W/MEDIAN BARRIER,,"CURVE, LEVEL",DRY,NO DEFECTS,ON SCENE,NO INJURY / DRIVE AWAY,,,,"$501 - $1,500",9/7/2019 0:15,FAILING TO REDUCE SPEED TO AVOID CRASH,NOT APPLICABLE,300,S,LOWER WACKER DR,122,,,,,,,2,NO INDICATION OF INJURY,0,0,0,0,0,2,0,0,7,9,41.87800941,-87.63709519,POINT (-87.63709519022 41.878009410984)
JC431663,,9/7/2019 0:01,30,NO CONTROLS,NO CONTROLS,UNKNOWN,UNKNOWN,PARKED MOTOR VEHICLE,ONE-WAY,,STRAIGHT ON HILLCREST,DRY,NO DEFECTS,NOT ON SCENE (DESK REPORT),NO INJURY / DRIVE AWAY,,,Y,"OVER $1,500",9/13/2019 12:50,UNABLE TO DETERMINE,UNABLE TO DETERMINE,5337,S,DREXEL AVE,233,,,,,,,2,NO INDICATION OF INJURY,0,0,0,0,0,1,0,0,7,9,41.79822149,-87.6037473,POINT (-87.603747298047 41.798221488178)
JC423487,Y,9/7/2019 0:01,30,NO CONTROLS,NO CONTROLS,UNKNOWN,"DARKNESS, LIGHTED ROAD",PARKED MOTOR VEHICLE,ONE-WAY,,STRAIGHT AND LEVEL,UNKNOWN,NO DEFECTS,NOT ON SCENE (DESK REPORT),NO INJURY / DRIVE AWAY,,,Y,"OVER $1,500",9/7/2019 10:55,UNABLE TO DETERMINE,UNABLE TO DETERMINE,1448,N,WASHTENAW AVE,1423,,,,,,,2,NO INDICATION OF INJURY,0,0,0,0,0,1,0,0,7,9,41.9080445,-87.69463872,POINT (-87.694638716684 41.908044502636)
JC423160,,9/7/2019 0:01,30,OTHER,OTHER,CLEAR,"DARKNESS, LIGHTED ROAD",HEAD ON,NOT DIVIDED,,STRAIGHT AND LEVEL,DRY,UNKNOWN,NOT ON SCENE (DESK REPORT),INJURY AND / OR TOW DUE TO CRASH,,,,$500 OR LESS,9/7/2019 0:20,FAILING TO YIELD RIGHT-OF-WAY,FAILING TO YIELD RIGHT-OF-WAY,1150,N,MILWAUKEE AVE,1213,,,,,,,2,"REPORTED, NOT EVIDENT",1,0,0,0,1,1,0,0,7,9,41.90252945,-87.66540931,POINT (-87.665409310884 41.902529453556)
JC423171,,9/6/2019 23:45,30,NO CONTROLS,NO CONTROLS,CLEAR,"DARKNESS, LIGHTED ROAD",TURNING,PARKING LOT,,STRAIGHT AND LEVEL,DRY,NO DEFECTS,NOT ON SCENE (DESK REPORT),NO INJURY / DRIVE AWAY,,Y,,"$501 - $1,500",9/7/2019 0:30,UNABLE TO DETERMINE,UNABLE TO DETERMINE,1530,S,STATE ST,131,,,,,,,2,NO INDICATION OF INJURY,0,0,0,0,0,3,0,23,6,9,41.86101824,-87.6274171,POINT (-87.627417099996 41.861018239854)
JC425077,,9/6/2019 23:40,30,NO CONTROLS,NO CONTROLS,CLEAR,DARKNESS,PARKED MOTOR VEHICLE,ONE-WAY,,STRAIGHT AND LEVEL,UNKNOWN,UNKNOWN,NOT ON SCENE (DESK REPORT),NO INJURY / DRIVE AWAY,,,,"$501 - $1,500",9/8/2019 17:06,IMPROPER OVERTAKING/PASSING,IMPROPER OVERTAKING/PASSING,3805,N,MARSHFIELD AVE,1922,,,,,,,2,NO INDICATION OF INJURY,0,0,0,0,0,1,0,23,6,9,41.95083056,-87.67004243,POINT (-87.670042429692 41.950830558521)
JC423116,,9/6/2019 23:38,30,TRAFFIC SIGNAL,FUNCTIONING PROPERLY,CLEAR,"DARKNESS, LIGHTED ROAD",ANGLE,DIVIDED - W/MEDIAN (NOT RAISED),,STRAIGHT AND LEVEL,DRY,NO DEFECTS,ON SCENE,INJURY AND / OR TOW DUE TO CRASH,Y,,,"OVER $1,500",9/6/2019 23:45,DISREGARDING TRAFFIC SIGNALS,IMPROPER OVERTAKING/PASSING,2000,N,ASHLAND AVE,1432,,,,,,,2,NO INDICATION OF INJURY,0,0,0,0,0,2,0,23,6,9,41.91794251,-87.66811346,POINT (-87.668113463493 41.917942513293)
JC423149,,9/6/2019 23:34,30,TRAFFIC SIGNAL,FUNCTIONING PROPERLY,CLEAR,"DARKNESS, LIGHTED ROAD",SIDESWIPE SAME DIRECTION,NOT DIVIDED,,STRAIGHT AND LEVEL,DRY,NO DEFECTS,ON SCENE,NO INJURY / DRIVE AWAY,,,Y,"OVER $1,500",9/6/2019 23:59,UNDER THE INFLUENCE OF ALCOHOL/DRUGS (USE WHEN ARREST IS EFFECTED),IMPROPER LANE USAGE,394,W,WACKER DR,122,,,,,,,2,NO INDICATION OF INJURY,0,0,0,0,0,3,0,23,6,9,41.88582821,-87.6370915,POINT (-87.637091502663 41.885828209986)
JC423609,,9/6/2019 23:30,30,NO CONTROLS,NO CONTROLS,CLEAR,"DARKNESS, LIGHTED ROAD",PARKED MOTOR VEHICLE,ONE-WAY,,STRAIGHT AND LEVEL,DRY,NO DEFECTS,NOT ON SCENE (DESK REPORT),NO INJURY / DRIVE AWAY,,,Y,"$501 - $1,500",9/7/2019 12:35,UNABLE TO DETERMINE,UNABLE TO DETERMINE,5943,S,KENNETH AVE,813,,,,,,,2,NO INDICATION OF INJURY,0,0,0,0,0,1,0,23,6,9,41.78454642,-87.73378123,POINT (-87.7337812307 41.784546415993)
JC423111,,9/6/2019 23:30,30,NO CONTROLS,NO CONTROLS,CLEAR,"DARKNESS, LIGHTED ROAD",REAR END,NOT DIVIDED,,STRAIGHT AND LEVEL,DRY,NO DEFECTS,ON SCENE,NO INJURY / DRIVE AWAY,N,,Y,$500 OR LESS,9/6/2019 23:34,UNABLE TO DETERMINE,UNABLE TO DETERMINE,741,W,31ST ST,915,,,,,,,2,NO INDICATION OF INJURY,0,0,0,0,0,3,0,23,6,9,41.83794567,-87.64545983,POINT (-87.645459827304 41.837945672974)
JC423121,,9/6/2019 23:26,30,TRAFFIC SIGNAL,FUNCTIONING PROPERLY,CLEAR,"DARKNESS, LIGHTED ROAD",ANGLE,UNKNOWN INTERSECTION TYPE,,STRAIGHT AND LEVEL,DRY,NO DEFECTS,ON SCENE,NO INJURY / DRIVE AWAY,Y,,,"OVER $1,500",9/6/2019 23:26,UNDER THE INFLUENCE OF ALCOHOL/DRUGS (USE WHEN ARREST IS EFFECTED),FAILING TO REDUCE SPEED TO AVOID CRASH,500,S,HAMLIN BLVD,1133,,,,,,,2,NO INDICATION OF INJURY,0,0,0,0,0,2,0,23,6,9,41.87441695,-87.7205462,POINT (-87.720546198954 41.874416945488)
JC423141,Y,9/6/2019 23:02,30,TRAFFIC SIGNAL,FUNCTIONING PROPERLY,CLEAR,"DARKNESS, LIGHTED ROAD",SIDESWIPE SAME DIRECTION,NOT DIVIDED,,STRAIGHT AND LEVEL,DRY,NO DEFECTS,ON SCENE,NO INJURY / DRIVE AWAY,N,,,"OVER $1,500",9/6/2019 23:12,IMPROPER LANE USAGE,NOT APPLICABLE,308,S,JEFFERSON ST,121,,,,,,,2,NO INDICATION OF INJURY,0,0,0,0,0,4,0,23,6,9,41.87769484,-87.64267307,POINT (-87.642673067831 41.877694835141)
JC423143,,9/6/2019 23:00,15,NO CONTROLS,NO CONTROLS,CLEAR,DARKNESS,PARKED MOTOR VEHICLE,DIVIDED - W/MEDIAN (NOT RAISED),,STRAIGHT AND LEVEL,DRY,NO DEFECTS,NOT ON SCENE (DESK REPORT),NO INJURY / DRIVE AWAY,,,Y,"OVER $1,500",9/6/2019 23:30,NOT APPLICABLE,NOT APPLICABLE,6416,N,PAULINA ST,2432,,,,,,,2,NO INDICATION OF INJURY,0,0,0,0,0,1,0,23,6,9,41.99857437,-87.67243807,POINT (-87.672438064527 41.998574370529)
JC423107,Y,9/6/2019 23:00,20,NO CONTROLS,NO CONTROLS,CLEAR,"DARKNESS, LIGHTED ROAD",PARKED MOTOR VEHICLE,PARKING LOT,,STRAIGHT AND LEVEL,DRY,NO DEFECTS,ON SCENE,NO INJURY / DRIVE AWAY,,,Y,"OVER $1,500",9/6/2019 23:20,UNABLE TO DETERMINE,NOT APPLICABLE,3404,N,CICERO AVE,1634,,,,,,,2,NO INDICATION OF INJURY,0,0,0,0,0,1,0,23,6,9,41.94263714,-87.7471158,POINT (-87.747115797803 41.942637141179)
JC423106,,9/6/2019 23:00,30,NO CONTROLS,NO CONTROLS,CLEAR,"DARKNESS, LIGHTED ROAD",PEDALCYCLIST,NOT DIVIDED,,STRAIGHT AND LEVEL,DRY,NO DEFECTS,ON SCENE,NO INJURY / DRIVE AWAY,,,,$500 OR LESS,9/6/2019 23:04,DRIVING SKILLS/KNOWLEDGE/EXPERIENCE,NOT APPLICABLE,1125,W,THORNDALE AVE,2022,,Y,,,,,2,NO INDICATION OF INJURY,0,0,0,0,0,2,0,23,6,9,41.98992712,-87.65927894,POINT (-87.659278935965 41.989927122034)
JC423104,,9/6/2019 23:00,30,NO CONTROLS,NO CONTROLS,CLEAR,DAYLIGHT,SIDESWIPE SAME DIRECTION,DIVIDED - W/MEDIAN (NOT RAISED),,STRAIGHT AND LEVEL,DRY,NO DEFECTS,NOT ON SCENE (DESK REPORT),NO INJURY / DRIVE AWAY,,,,$500 OR LESS,9/6/2019 23:08,IMPROPER LANE USAGE,NOT APPLICABLE,6710,W,BELMONT AVE,1632,,,,,,,2,NO INDICATION OF INJURY,0,0,0,0,0,3,0,23,6,9,41.93830133,-87.79374072,POINT (-87.793740718182 41.938301331833)
JC423492,,9/6/2019 22:59,30,TRAFFIC SIGNAL,FUNCTIONING PROPERLY,CLEAR,"DARKNESS, LIGHTED ROAD",REAR END,DIVIDED - W/MEDIAN BARRIER,,STRAIGHT AND LEVEL,DRY,NO DEFECTS,NOT ON SCENE (DESK REPORT),INJURY AND / OR TOW DUE TO CRASH,,,,"OVER $1,500",9/7/2019 10:55,FOLLOWING TOO CLOSELY,UNABLE TO DETERMINE,191,N,WACKER DR,122,,,,,,,2,"REPORTED, NOT EVIDENT",1,0,0,0,1,1,0,22,6,9,41.8855345,-87.63667609,POINT (-87.636676091475 41.885534499942)
JC423082,,9/6/2019 22:56,30,STOP SIGN/FLASHER,NO CONTROLS,CLEAR,"DARKNESS, LIGHTED ROAD",REAR TO SIDE,NOT DIVIDED,,STRAIGHT AND LEVEL,DRY,NO DEFECTS,NOT ON SCENE (DESK REPORT),NO INJURY / DRIVE AWAY,Y,,,"$501 - $1,500",9/6/2019 23:25,FAILING TO YIELD RIGHT-OF-WAY,UNABLE TO DETERMINE,1537,W,72ND PL,734,,,,,,,2,NO INDICATION OF INJURY,0,0,0,0,0,2,0,22,6,9,41.76207221,-87.6636322,POINT (-87.663632200717 41.762072205397)
JC423963,,9/6/2019 22:55,25,NO CONTROLS,NO CONTROLS,CLEAR,"DARKNESS, LIGHTED ROAD",PARKED MOTOR VEHICLE,NOT DIVIDED,,STRAIGHT AND LEVEL,DRY,NO DEFECTS,NOT ON SCENE (DESK REPORT),NO INJURY / DRIVE AWAY,,,Y,"OVER $1,500",9/7/2019 17:00,UNABLE TO DETERMINE,NOT APPLICABLE,2032,N,AVONDALE AVE,1432,,,,,,,2,NO INDICATION OF INJURY,0,0,0,0,0,1,0,22,6,9,41.91876026,-87.67302802,POINT (-87.673028015941 41.918760260858)
JC423100,,9/6/2019 22:55,30,TRAFFIC SIGNAL,FUNCTIONING PROPERLY,CLEAR,"DARKNESS, LIGHTED ROAD",REAR END,NOT DIVIDED,,STRAIGHT AND LEVEL,DRY,NO DEFECTS,NOT ON SCENE (DESK REPORT),NO INJURY / DRIVE AWAY,Y,,N,"OVER $1,500",9/6/2019 23:10,FOLLOWING TOO CLOSELY,NOT APPLICABLE,700,S,LAKE SHORE DR E,114,,,,,,,2,NO INDICATION OF INJURY,0,0,0,0,0,2,0,22,6,9,41.87319361,-87.61722829,POINT (-87.617228294467 41.873193608809)
JC423064,,9/6/2019 22:53,35,NO CONTROLS,NO CONTROLS,CLEAR,"DARKNESS, LIGHTED ROAD",FIXED OBJECT,ONE-WAY,,STRAIGHT AND LEVEL,DRY,NO DEFECTS,ON SCENE,INJURY AND / OR TOW DUE TO CRASH,,,Y,"OVER $1,500",9/6/2019 22:53,UNABLE TO DETERMINE,UNABLE TO DETERMINE,8017,S,STATE ST,623,,,,,,,1,NO INDICATION OF INJURY,0,0,0,0,0,1,0,22,6,9,41.74858149,-87.62431642,POINT (-87.624316419284 41.748581490179)
JC423162,,9/6/2019 22:30,25,TRAFFIC SIGNAL,FUNCTIONING PROPERLY,CLEAR,DARKNESS,REAR END,NOT DIVIDED,,STRAIGHT AND LEVEL,DRY,NO DEFECTS,NOT ON SCENE (DESK REPORT),NO INJURY / DRIVE AWAY,,,,"$501 - $1,500",9/7/2019 0:30,FAILING TO REDUCE SPEED TO AVOID CRASH,"OPERATING VEHICLE IN ERRATIC, RECKLESS, CARELESS, NEGLIGENT OR AGGRESSIVE MANNER",4700,S,PRAIRIE AVE,224,,,,,,,2,NO INDICATION OF INJURY,0,0,0,0,0,2,0,22,6,9,41.8092425,-87.6197368,POINT (-87.619736801734 41.809242496495)
JC423137,,9/6/2019 22:30,30,TRAFFIC SIGNAL,FUNCTIONING PROPERLY,CLEAR,"DARKNESS, LIGHTED ROAD",REAR END,NOT DIVIDED,,STRAIGHT AND LEVEL,DRY,NO DEFECTS,ON SCENE,NO INJURY / DRIVE AWAY,,,,"OVER $1,500",9/6/2019 23:57,FOLLOWING TOO CLOSELY,NOT APPLICABLE,801,W,127TH ST,523,,,,,,,3,NO INDICATION OF INJURY,0,0,0,0,0,3,0,22,6,9,41.66313453,-87.64147987,POINT (-87.641479867328 41.663134533224)
JC423101,,9/6/2019 22:30,30,STOP SIGN/FLASHER,OTHER,CLEAR,"DARKNESS, LIGHTED ROAD",ANGLE,NOT DIVIDED,,STRAIGHT AND LEVEL,DRY,NO DEFECTS,ON SCENE,INJURY AND / OR TOW DUE TO CRASH,Y,,,"OVER $1,500",9/6/2019 22:30,DISREGARDING STOP SIGN,FAILING TO REDUCE SPEED TO AVOID CRASH,400,E,74TH ST,323,,,,,,,4,NO INDICATION OF INJURY,0,0,0,0,0,2,0,22,6,9,41.76034485,-87.61510594,POINT (-87.615105936212 41.760344845073)
JC423076,,9/6/2019 22:30,30,STOP SIGN/FLASHER,FUNCTIONING PROPERLY,CLEAR,"DARKNESS, LIGHTED ROAD",TURNING,OTHER,,STRAIGHT AND LEVEL,DRY,NO DEFECTS,NOT ON SCENE (DESK REPORT),NO INJURY / DRIVE AWAY,Y,,Y,"$501 - $1,500",9/6/2019 22:55,UNABLE TO DETERMINE,UNABLE TO DETERMINE,6351,W,DEVON AVE,1611,,,,,,,2,NO INDICATION OF INJURY,0,0,0,0,0,2,0,22,6,9,41.99724728,-87.78733452,POINT (-87.787334518712 41.997247284223)
JC425748,,9/6/2019 22:22,30,OTHER,FUNCTIONING PROPERLY,CLEAR,DARKNESS,SIDESWIPE SAME DIRECTION,NOT DIVIDED,,STRAIGHT AND LEVEL,DRY,NO DEFECTS,NOT ON SCENE (DESK REPORT),NO INJURY / DRIVE AWAY,,,,"$501 - $1,500",9/9/2019 9:45,UNABLE TO DETERMINE,UNABLE TO DETERMINE,1357,W,LAKE ST,1224,,,,,,,2,NO INDICATION OF INJURY,0,0,0,0,0,2,0,22,6,9,41.88533129,-87.66099587,POINT (-87.660995871906 41.885331287883)
JC423069,,9/6/2019 22:17,30,NO CONTROLS,NO CONTROLS,CLOUDY/OVERCAST,DUSK,FIXED OBJECT,ONE-WAY,,STRAIGHT AND LEVEL,DRY,NO DEFECTS,ON SCENE,INJURY AND / OR TOW DUE TO CRASH,,,,"OVER $1,500",9/6/2019 22:17,UNABLE TO DETERMINE,UNABLE TO DETERMINE,10234,S,RHODES AVE,511,,N,,,,,1,NONINCAPACITATING INJURY,1,0,0,1,0,0,0,22,6,9,41.7081386,-87.61027932,POINT (-87.610279320111 41.70813859908)
JC423055,,9/6/2019 22:12,30,OTHER,FUNCTIONING PROPERLY,CLEAR,"DARKNESS, LIGHTED ROAD",OTHER OBJECT,NOT DIVIDED,,STRAIGHT AND LEVEL,DRY,NO DEFECTS,ON SCENE,INJURY AND / OR TOW DUE TO CRASH,Y,,,$500 OR LESS,9/6/2019 22:12,UNDER THE INFLUENCE OF ALCOHOL/DRUGS (USE WHEN ARREST IS EFFECTED),DISREGARDING OTHER TRAFFIC SIGNS,531,W,35TH ST,915,,,,,,,1,NO INDICATION OF INJURY,0,0,0,0,0,1,0,22,6,9,41.83072244,-87.63995263,POINT (-87.639952626194 41.830722436752)
JC423051,,9/6/2019 21:50,30,TRAFFIC SIGNAL,FUNCTIONING PROPERLY,CLEAR,"DARKNESS, LIGHTED ROAD",ANGLE,OTHER,,STRAIGHT AND LEVEL,DRY,UNKNOWN,NOT ON SCENE (DESK REPORT),NO INJURY / DRIVE AWAY,,,,$500 OR LESS,9/6/2019 22:25,IMPROPER BACKING,IMPROPER BACKING,600,N,ST CLAIR ST,1834,,,,,,,2,NO INDICATION OF INJURY,0,0,0,0,0,3,0,21,6,9,41.89259351,-87.6228409,POINT (-87.62284090321 41.892593508354)
JC423035,,9/6/2019 21:45,30,TRAFFIC SIGNAL,FUNCTIONING PROPERLY,CLEAR,"DARKNESS, LIGHTED ROAD",TURNING,NOT DIVIDED,,STRAIGHT AND LEVEL,DRY,UNKNOWN,NOT ON SCENE (DESK REPORT),NO INJURY / DRIVE AWAY,Y,,,$500 OR LESS,9/6/2019 22:00,IMPROPER TURNING/NO SIGNAL,IMPROPER TURNING/NO SIGNAL,1029,N,STATE ST,1824,,,,,,,2,NO INDICATION OF INJURY,0,0,0,0,0,2,0,21,6,9,41.90146995,-87.62818761,POINT (-87.62818760908 41.901469945937)
JC423027,,9/6/2019 21:45,30,UNKNOWN,UNKNOWN,CLEAR,DAWN,REAR END,CENTER TURN LANE,,STRAIGHT AND LEVEL,DRY,NO DEFECTS,ON SCENE,NO INJURY / DRIVE AWAY,,,,$500 OR LESS,9/6/2019 21:46,FOLLOWING TOO CLOSELY,FOLLOWING TOO CLOSELY,207,W,DIVISION ST,1823,,,,,,,2,NO INDICATION OF INJURY,0,0,0,0,0,2,0,21,6,9,41.90374018,-87.63480473,POINT (-87.634804726355 41.903740177086)
JC423029,,9/6/2019 21:18,30,TRAFFIC SIGNAL,FUNCTIONING PROPERLY,CLEAR,"DARKNESS, LIGHTED ROAD",SIDESWIPE SAME DIRECTION,DIVIDED - W/MEDIAN (NOT RAISED),,STRAIGHT AND LEVEL,DRY,NO DEFECTS,NOT ON SCENE (DESK REPORT),NO INJURY / DRIVE AWAY,Y,,Y,$500 OR LESS,9/6/2019 22:03,UNABLE TO DETERMINE,NOT APPLICABLE,620,N,STATE ST,1832,,,,,,,2,NO INDICATION OF INJURY,0,0,0,0,0,2,0,21,6,9,41.89306252,-87.62826529,POINT (-87.628265287614 41.893062524459)
JC422978,,9/6/2019 21:09,15,NO CONTROLS,NO CONTROLS,CLEAR,"DARKNESS, LIGHTED ROAD",PARKED MOTOR VEHICLE,PARKING LOT,,STRAIGHT AND LEVEL,DRY,NO DEFECTS,ON SCENE,INJURY AND / OR TOW DUE TO CRASH,,,,"OVER $1,500",9/6/2019 21:11,"OPERATING VEHICLE IN ERRATIC, RECKLESS, CARELESS, NEGLIGENT OR AGGRESSIVE MANNER",NOT APPLICABLE,524,W,OHARE ST,1654,,,,,,,5,NONINCAPACITATING INJURY,1,0,0,1,0,0,0,21,6,9,,,
JC423034,,9/6/2019 21:01,30,NO CONTROLS,NO CONTROLS,CLEAR,"DARKNESS, LIGHTED ROAD",REAR END,FOUR WAY,,STRAIGHT AND LEVEL,DRY,NO DEFECTS,ON SCENE,INJURY AND / OR TOW DUE TO CRASH,Y,,,"OVER $1,500",9/6/2019 21:52,UNABLE TO DETERMINE,UNABLE TO DETERMINE,5900,S,WHIPPLE ST,824,,Y,,,,,3,NO INDICATION OF INJURY,0,0,0,0,0,3,0,21,6,9,41.78621394,-87.69983493,POINT (-87.699834924811 41.786213938287)
JC423004,,9/6/2019 21:00,30,STOP SIGN/FLASHER,FUNCTIONING PROPERLY,CLEAR,"DARKNESS, LIGHTED ROAD",REAR END,NOT DIVIDED,,STRAIGHT AND LEVEL,DRY,NO DEFECTS,ON SCENE,INJURY AND / OR TOW DUE TO CRASH,Y,,,"OVER $1,500",9/6/2019 21:30,FOLLOWING TOO CLOSELY,FOLLOWING TOO CLOSELY,6530,W,ADDISON ST,1632,,,,,,,2,NO INDICATION OF INJURY,0,0,0,0,0,2,0,21,6,9,41.94570563,-87.79005047,POINT (-87.790050473511 41.945705631381)
JC422970,,9/6/2019 20:53,30,TRAFFIC SIGNAL,FUNCTIONING PROPERLY,CLEAR,"DARKNESS, LIGHTED ROAD",SIDESWIPE SAME DIRECTION,NOT DIVIDED,,STRAIGHT AND LEVEL,DRY,NO DEFECTS,ON SCENE,NO INJURY / DRIVE AWAY,,,,"$501 - $1,500",9/6/2019 21:12,DRIVING SKILLS/KNOWLEDGE/EXPERIENCE,NOT APPLICABLE,5699,N,SHERIDAN RD,2022,,,,,,,2,NO INDICATION OF INJURY,0,0,0,0,0,2,0,20,6,9,41.98546058,-87.65509723,POINT (-87.655097227911 41.985460581867)
JC423020,N,9/6/2019 20:45,25,NO CONTROLS,NO CONTROLS,CLEAR,"DARKNESS, LIGHTED ROAD",PARKED MOTOR VEHICLE,ONE-WAY,,STRAIGHT AND LEVEL,DRY,NO DEFECTS,ON SCENE,NO INJURY / DRIVE AWAY,,,Y,"OVER $1,500",9/6/2019 21:45,NOT APPLICABLE,UNABLE TO DETERMINE,3345,W,64TH PL,823,,,,,,,2,NO INDICATION OF INJURY,0,0,0,0,0,1,0,20,6,9,41.7760515,-87.70726969,POINT (-87.70726968537 41.776051499483)
JC422995,,9/6/2019 20:30,30,UNKNOWN,UNKNOWN,CLEAR,"DARKNESS, LIGHTED ROAD",PARKED MOTOR VEHICLE,ONE-WAY,,STRAIGHT AND LEVEL,DRY,UNKNOWN,NOT ON SCENE (DESK REPORT),NO INJURY / DRIVE AWAY,Y,,,"$501 - $1,500",9/6/2019 21:10,UNABLE TO DETERMINE,UNABLE TO DETERMINE,1336,N,HUDSON AVE,1821,,,,,,,2,NO INDICATION OF INJURY,0,0,0,0,0,1,0,20,6,9,41.90651335,-87.63981153,POINT (-87.639811532828 41.906513352214)
JC422958,,9/6/2019 20:25,30,STOP SIGN/FLASHER,UNKNOWN,CLEAR,"DARKNESS, LIGHTED ROAD",PEDALCYCLIST,ONE-WAY,,STRAIGHT AND LEVEL,DRY,NO DEFECTS,ON SCENE,INJURY AND / OR TOW DUE TO CRASH,Y,,,$500 OR LESS,9/6/2019 20:50,UNABLE TO DETERMINE,UNABLE TO DETERMINE,2099,W,GRACE ST,1921,,,,,,,2,NONINCAPACITATING INJURY,1,0,0,1,0,1,0,20,6,9,41.95037056,-87.68101782,POINT (-87.681017817636 41.950370563921)
JC422951,,9/6/2019 20:15,15,UNKNOWN,UNKNOWN,CLEAR,"DARKNESS, LIGHTED ROAD",TURNING,DRIVEWAY,,STRAIGHT AND LEVEL,DRY,UNKNOWN,NOT ON SCENE (DESK REPORT),NO INJURY / DRIVE AWAY,,Y,,"OVER $1,500",9/6/2019 20:45,DRIVING SKILLS/KNOWLEDGE/EXPERIENCE,FOLLOWING TOO CLOSELY,520,W,TAYLOR ST,124,,,,,,,2,NO INDICATION OF INJURY,0,0,0,0,0,3,0,20,6,9,41.8698556,-87.64027031,POINT (-87.640270307865 41.869855596599)
JC423085,,9/6/2019 20:10,30,TRAFFIC SIGNAL,FUNCTIONING PROPERLY,CLEAR,"DARKNESS, LIGHTED ROAD",SIDESWIPE SAME DIRECTION,OTHER,,STRAIGHT AND LEVEL,DRY,NO DEFECTS,NOT ON SCENE (DESK REPORT),NO INJURY / DRIVE AWAY,N,,,"OVER $1,500",9/6/2019 22:00,UNABLE TO DETERMINE,UNABLE TO DETERMINE,4700,W,47TH ST,815,,,,Y,CONSTRUCTION,,2,NO INDICATION OF INJURY,0,0,0,0,0,4,0,20,6,9,41.80776148,-87.74077391,POINT (-87.740773907521 41.807761480982)
JC422960,,9/6/2019 20:10,30,NO CONTROLS,NO CONTROLS,CLEAR,DARKNESS,FIXED OBJECT,DIVIDED - W/MEDIAN BARRIER,,"CURVE, LEVEL",DRY,NO DEFECTS,ON SCENE,INJURY AND / OR TOW DUE TO CRASH,,,,"OVER $1,500",9/6/2019 20:14,UNABLE TO DETERMINE,UNABLE TO DETERMINE,12958,S,INDIANA AVE,532,,Y,,,,,1,NONINCAPACITATING INJURY,1,0,0,1,0,0,0,20,6,9,41.65919327,-87.61858358,POINT (-87.618583579943 41.659193271389)
JC422950,,9/6/2019 20:00,30,NO CONTROLS,NO CONTROLS,CLEAR,"DARKNESS, LIGHTED ROAD",SIDESWIPE SAME DIRECTION,NOT DIVIDED,,STRAIGHT AND LEVEL,DRY,NO DEFECTS,NOT ON SCENE (DESK REPORT),NO INJURY / DRIVE AWAY,,,,"$501 - $1,500",9/6/2019 20:41,UNABLE TO DETERMINE,UNABLE TO DETERMINE,300,N,STATE ST,1831,,,,,,,2,NO INDICATION OF INJURY,0,0,0,0,0,2,0,20,6,9,41.88755787,-87.62815307,POINT (-87.628153064672 41.887557872813)
JC422932,,9/6/2019 20:00,30,TRAFFIC SIGNAL,FUNCTIONING PROPERLY,CLEAR,"DARKNESS, LIGHTED ROAD",SIDESWIPE SAME DIRECTION,NOT DIVIDED,,STRAIGHT AND LEVEL,DRY,NO DEFECTS,NOT ON SCENE (DESK REPORT),NO INJURY / DRIVE AWAY,Y,,,"OVER $1,500",9/6/2019 20:00,FAILING TO YIELD RIGHT-OF-WAY,UNABLE TO DETERMINE,50,E,CHICAGO AVE,1833,,,,,,,2,NO INDICATION OF INJURY,0,0,0,0,0,2,0,20,6,9,41.89681404,-87.62627782,POINT (-87.626277823438 41.896814039218)
JC422915,,9/6/2019 19:56,30,TRAFFIC SIGNAL,FUNCTIONING PROPERLY,CLEAR,"DARKNESS, LIGHTED ROAD",SIDESWIPE OPPOSITE DIRECTION,"FIVE POINT, OR MORE",,STRAIGHT AND LEVEL,DRY,NO DEFECTS,ON SCENE,NO INJURY / DRIVE AWAY,Y,,Y,"OVER $1,500",9/6/2019 19:56,UNABLE TO DETERMINE,NOT APPLICABLE,4400,W,GRAND AVE,2533,,,,,,,2,NO INDICATION OF INJURY,0,0,0,0,0,2,0,19,6,9,41.91018141,-87.73624887,POINT (-87.736248870407 41.910181409597)