RD_NO,CRASH_DATE_EST_I,CRASH_DATE,POSTED_SPEED_LIMIT,TRAFFIC_CONTROL_DEVICE,DEVICE_CONDITION,WEATHER_CONDITION,LIGHTING_CONDITION,FIRST_CRASH_TYPE,TRAFFICWAY_TYPE,LANE_CNT,ALIGNMENT,ROADWAY_SURFACE_COND,ROAD_DEFECT,REPORT_TYPE,CRASH_TYPE,INTERSECTION_RELATED_I,NOT_RIGHT_OF_WAY_I,HIT_AND_RUN_I,DAMAGE,DATE_POLICE_NOTIFIED,PRIM_CONTRIBUTORY_CAUSE,SEC_CONTRIBUTORY_CAUSE,STREET_NO,STREET_DIRECTION,STREET_NAME,BEAT_OF_OCCURRENCE,PHOTOS_TAKEN_I,STATEMENTS_TAKEN_I,DOORING_I,WORK_ZONE_I,WORK_ZONE_TYPE,WORKERS_PRESENT_I,NUM_UNITS,MOST_SEVERE_INJURY,INJURIES_TOTAL,INJURIES_FATAL,INJURIES_INCAPACITATING,INJURIES_NON_INCAPACITATING,INJURIES_REPORTED_NOT_EVIDENT,INJURIES_NO_INDICATION,INJURIES_UNKNOWN,CRASH_HOUR,CRASH_DAY_OF_WEEK,CRASH_MONTH,LATITUDE,LONGITUDE,LOCATION
JC422937,,9/6/2019 19:51,30,TRAFFIC SIGNAL,FUNCTIONING PROPERLY,CLEAR,"DARKNESS, LIGHTED ROAD",REAR END,ONE-WAY,,STRAIGHT AND LEVEL,DRY,NO DEFECTS,ON SCENE,INJURY AND / OR TOW DUE TO CRASH,Y,,Y,"OVER $1,500",9/6/2019 20:08,UNABLE TO DETERMINE,PHYSICAL CONDITION OF DRIVER,4355,W,CONGRESS PKWY,1131,,,,,,,4,INCAPACITATING INJURY,2,0,1,0,1,5,0,19,6,9,41.87412229,-87.73504337,POINT (-87.735043370588 41.874122289117)
JC422909,,9/6/2019 19:48,30,NO CONTROLS,NO CONTROLS,CLEAR,DARKNESS,TURNING,T-INTERSECTION,,STRAIGHT AND LEVEL,DRY,NO DEFECTS,ON SCENE,NO INJURY / DRIVE AWAY,Y,,Y,"OVER $1,500",9/6/2019 19:48,UNABLE TO DETERMINE,NOT APPLICABLE,3100,S,MAY ST,913,,,,,,,2,NO INDICATION OF INJURY,0,0,0,0,0,2,0,19,6,9,41.83788307,-87.65494974,POINT (-87.654949741211 41.837883073862)
JC424618,,9/6/2019 19:45,30,TRAFFIC SIGNAL,FUNCTIONING PROPERLY,CLEAR,"DARKNESS, LIGHTED ROAD",REAR END,NOT DIVIDED,,STRAIGHT AND LEVEL,WET,NO DEFECTS,NOT ON SCENE (DESK REPORT),NO INJURY / DRIVE AWAY,,,N,"OVER $1,500",9/8/2019 8:40,FOLLOWING TOO CLOSELY,UNABLE TO DETERMINE,4132,S,CICERO AVE,814,,,,,,,2,NO INDICATION OF INJURY,0,0,0,0,0,5,0,19,6,9,41.81733928,-87.74356786,POINT (-87.743567861602 41.817339275337)
JC422946,,9/6/2019 19:32,30,STOP SIGN/FLASHER,FUNCTIONING PROPERLY,CLEAR,"DARKNESS, LIGHTED ROAD",ANGLE,FOUR WAY,,STRAIGHT AND LEVEL,DRY,NO DEFECTS,ON SCENE,INJURY AND / OR TOW DUE TO CRASH,Y,,,"OVER $1,500",9/6/2019 19:32,DISREGARDING STOP SIGN,NOT APPLICABLE,5400,S,ALBANY AVE,923,,,,,,,2,NO INDICATION OF INJURY,0,0,0,0,0,2,0,19,6,9,41.79533598,-87.70131496,POINT (-87.70131496373 41.795335974914)
JC422889,,9/6/2019 19:27,30,TRAFFIC SIGNAL,FUNCTIONING PROPERLY,CLEAR,"DARKNESS, LIGHTED ROAD",PEDALCYCLIST,FOUR WAY,,STRAIGHT AND LEVEL,DRY,NO DEFECTS,ON SCENE,NO INJURY / DRIVE AWAY,Y,,,$500 OR LESS,9/6/2019 19:27,FAILING TO YIELD RIGHT-OF-WAY,NOT APPLICABLE,3600,W,ARMITAGE AVE,2525,,,,,,,2,NO INDICATION OF INJURY,0,0,0,0,0,3,0,19,6,9,41.91739178,-87.71683559,POINT (-87.716835592899 41.917391780625)
JC422913,,9/6/2019 19:25,30,NO CONTROLS,NO CONTROLS,CLEAR,DAYLIGHT,REAR END,NOT DIVIDED,,STRAIGHT AND LEVEL,DRY,NO DEFECTS,NOT ON SCENE (DESK REPORT),NO INJURY / DRIVE AWAY,,,,"$501 - $1,500",9/6/2019 20:02,NOT APPLICABLE,NOT APPLICABLE,6700,S,PULASKI RD,833,,,,,,,2,NO INDICATION OF INJURY,0,0,0,0,0,2,0,19,6,9,41.77132587,-87.72272138,POINT (-87.722721377294 41.771325865209)
JC422871,,9/6/2019 19:20,30,STOP SIGN/FLASHER,FUNCTIONING PROPERLY,CLEAR,DAYLIGHT,ANGLE,DIVIDED - W/MEDIAN BARRIER,,STRAIGHT AND LEVEL,DRY,NO DEFECTS,ON SCENE,INJURY AND / OR TOW DUE TO CRASH,Y,,,"OVER $1,500",9/6/2019 19:22,DISTRACTION - FROM INSIDE VEHICLE,FAILING TO REDUCE SPEED TO AVOID CRASH,632,W,95TH ST,2223,,,,,,,3,NONINCAPACITATING INJURY,1,0,0,1,0,2,0,19,6,9,41.72161667,-87.63963651,POINT (-87.639636505878 41.721616670817)
JC422987,,9/6/2019 19:15,30,NO CONTROLS,NO CONTROLS,CLEAR,DAYLIGHT,SIDESWIPE OPPOSITE DIRECTION,NOT DIVIDED,,STRAIGHT AND LEVEL,DRY,NO DEFECTS,NOT ON SCENE (DESK REPORT),INJURY AND / OR TOW DUE TO CRASH,,,,"OVER $1,500",9/6/2019 21:30,DISTRACTION - FROM OUTSIDE VEHICLE,DISTRACTION - FROM OUTSIDE VEHICLE,2035,N,MOBILE AVE,2512,,,,,,,3,NONINCAPACITATING INJURY,1,0,0,1,0,1,0,19,6,9,41.91759334,-87.78266267,POINT (-87.782662667659 41.917593340511)
JC422931,,9/6/2019 19:05,30,NO CONTROLS,NO CONTROLS,CLEAR,"DARKNESS, LIGHTED ROAD",PARKED MOTOR VEHICLE,ONE-WAY,,STRAIGHT AND LEVEL,DRY,NO DEFECTS,NOT ON SCENE (DESK REPORT),NO INJURY / DRIVE AWAY,,,,"$501 - $1,500",9/6/2019 20:20,UNABLE TO DETERMINE,UNABLE TO DETERMINE,641,N,CLARK ST,1832,,,,,,,2,NO INDICATION OF INJURY,0,0,0,0,0,2,0,19,6,9,41.89363229,-87.63103001,POINT (-87.631030008305 41.893632293807)
JC423072,,9/6/2019 19:00,20,NO CONTROLS,NO CONTROLS,CLEAR,DAYLIGHT,PARKED MOTOR VEHICLE,NOT DIVIDED,,STRAIGHT AND LEVEL,DRY,NO DEFECTS,ON SCENE,NO INJURY / DRIVE AWAY,,,Y,"OVER $1,500",9/6/2019 22:58,IMPROPER LANE USAGE,DRIVING SKILLS/KNOWLEDGE/EXPERIENCE,2951,S,VERNON AVE,133,,,,,,,2,NO INDICATION OF INJURY,0,0,0,0,0,1,0,19,6,9,41.84015388,-87.61547762,POINT (-87.615477621827 41.840153874967)
JC422883,,9/6/2019 18:55,20,NO CONTROLS,NO CONTROLS,CLEAR,"DARKNESS, LIGHTED ROAD",TURNING,NOT DIVIDED,,STRAIGHT AND LEVEL,DRY,NO DEFECTS,ON SCENE,INJURY AND / OR TOW DUE TO CRASH,,,Y,"$501 - $1,500",9/6/2019 19:03,IMPROPER TURNING/NO SIGNAL,NOT APPLICABLE,7459,N,HOYNE AVE,2424,,,,,,,2,NONINCAPACITATING INJURY,1,0,0,1,0,1,0,18,6,9,42.01758452,-87.68284565,POINT (-87.682845645662 42.017584514587)
JC422860,,9/6/2019 18:55,30,TRAFFIC SIGNAL,FUNCTIONING PROPERLY,CLEAR,"DARKNESS, LIGHTED ROAD",FIXED OBJECT,OTHER,,STRAIGHT AND LEVEL,DRY,NO DEFECTS,ON SCENE,INJURY AND / OR TOW DUE TO CRASH,Y,,,"OVER $1,500",9/6/2019 19:00,UNABLE TO DETERMINE,NOT APPLICABLE,137,W,CERMAK RD,914,,,,,,,1,NO INDICATION OF INJURY,0,0,0,0,0,1,0,18,6,9,41.85275757,-87.63095287,POINT (-87.630952871001 41.852757571153)
JC422876,,9/6/2019 18:51,30,TRAFFIC SIGNAL,FUNCTIONING PROPERLY,CLEAR,DAYLIGHT,SIDESWIPE SAME DIRECTION,FOUR WAY,,STRAIGHT AND LEVEL,DRY,NO DEFECTS,NOT ON SCENE (DESK REPORT),NO INJURY / DRIVE AWAY,,,,"OVER $1,500",9/6/2019 19:24,FAILING TO YIELD RIGHT-OF-WAY,NOT APPLICABLE,2556,W,FULLERTON AVE,1431,,,,,,,2,NO INDICATION OF INJURY,0,0,0,0,0,2,0,18,6,9,41.92496522,-87.69240092,POINT (-87.692400919174 41.924965223754)
JC423079,,9/6/2019 18:45,30,NO CONTROLS,NO CONTROLS,CLEAR,"DARKNESS, LIGHTED ROAD",PARKED MOTOR VEHICLE,NOT DIVIDED,,STRAIGHT AND LEVEL,DRY,NO DEFECTS,,NO INJURY / DRIVE AWAY,,,Y,"OVER $1,500",9/6/2019 21:41,UNABLE TO DETERMINE,UNABLE TO DETERMINE,6129,S,WABASH AVE,311,,,,,,,2,NO INDICATION OF INJURY,0,0,0,0,0,1,0,18,6,9,41.78291983,-87.62362927,POINT (-87.623629268728 41.78291982485)
JC422856,,9/6/2019 18:35,20,NO CONTROLS,NO CONTROLS,CLOUDY/OVERCAST,DUSK,TURNING,OTHER,,STRAIGHT AND LEVEL,DRY,NO DEFECTS,ON SCENE,INJURY AND / OR TOW DUE TO CRASH,,,,"OVER $1,500",9/6/2019 18:37,UNABLE TO DETERMINE,NOT APPLICABLE,210,S,KARLOV AVE,1115,,,,,,,2,NO INDICATION OF INJURY,0,0,0,0,0,3,0,18,6,9,41.87756632,-87.72816097,POINT (-87.728160969091 41.877566314506)
JC425225,,9/6/2019 18:30,30,NO CONTROLS,NO CONTROLS,UNKNOWN,UNKNOWN,PARKED MOTOR VEHICLE,NOT DIVIDED,,STRAIGHT AND LEVEL,UNKNOWN,UNKNOWN,ON SCENE,NO INJURY / DRIVE AWAY,,,Y,$500 OR LESS,9/8/2019 19:17,UNABLE TO DETERMINE,UNABLE TO DETERMINE,1116,W,ADAMS ST,1232,,,,,,,2,NO INDICATION OF INJURY,0,0,0,0,0,1,0,18,6,9,41.87919419,-87.65534557,POINT (-87.65534557155 41.879194187717)
JC425195,,9/6/2019 18:30,30,NO CONTROLS,NO CONTROLS,CLEAR,DUSK,PEDESTRIAN,DIVIDED - W/MEDIAN (NOT RAISED),,STRAIGHT AND LEVEL,DRY,NO DEFECTS,NOT ON SCENE (DESK REPORT),INJURY AND / OR TOW DUE TO CRASH,,,Y,"$501 - $1,500",9/8/2019 18:52,FOLLOWING TOO CLOSELY,NOT APPLICABLE,5800,S,KILDARE AVE,813,,,,,,,2,NONINCAPACITATING INJURY,1,0,0,1,0,1,0,18,6,9,41.78758963,-87.73049561,POINT (-87.730495604518 41.787589632813)
JC422884,,9/6/2019 18:30,25,STOP SIGN/FLASHER,UNKNOWN,CLOUDY/OVERCAST,DAWN,REAR END,DIVIDED - W/MEDIAN (NOT RAISED),,STRAIGHT AND LEVEL,UNKNOWN,UNKNOWN,,NO INJURY / DRIVE AWAY,,,,"OVER $1,500",9/6/2019 19:15,FAILING TO REDUCE SPEED TO AVOID CRASH,NOT APPLICABLE,2828,N,OAK PARK AVE,2511,,,,,,,2,NO INDICATION OF INJURY,0,0,0,0,0,2,0,18,6,9,41.93176301,-87.79564086,POINT (-87.795640854957 41.931763005766)
JC422824,,9/6/2019 18:30,25,TRAFFIC SIGNAL,FUNCTIONING PROPERLY,CLEAR,"DARKNESS, LIGHTED ROAD",REAR END,FOUR WAY,,STRAIGHT AND LEVEL,DRY,NO DEFECTS,ON SCENE,NO INJURY / DRIVE AWAY,Y,,,"$501 - $1,500",9/6/2019 18:30,UNABLE TO DETERMINE,UNABLE TO DETERMINE,399,W,79TH ST,623,,,,,,,2,NO INDICATION OF INJURY,0,0,0,0,0,2,0,18,6,9,41.75067417,-87.6341684,POINT (-87.634168395998 41.750674170171)
JC422821,,9/6/2019 18:25,30,NO CONTROLS,NO CONTROLS,CLEAR,DAYLIGHT,SIDESWIPE SAME DIRECTION,OTHER,,STRAIGHT AND LEVEL,DRY,UNKNOWN,NOT ON SCENE (DESK REPORT),NO INJURY / DRIVE AWAY,,,,"OVER $1,500",9/6/2019 18:40,UNABLE TO DETERMINE,NOT APPLICABLE,5500,S,LA SALLE ST,225,,,,,,,2,NO INDICATION OF INJURY,0,0,0,0,0,2,0,18,6,9,41.79414496,-87.62944194,POINT (-87.629441939823 41.794144961276)
JC422822,,9/6/2019 18:24,30,NO CONTROLS,NO CONTROLS,CLEAR,DAYLIGHT,PEDALCYCLIST,ONE-WAY,,STRAIGHT AND LEVEL,DRY,NO DEFECTS,,INJURY AND / OR TOW DUE TO CRASH,,,Y,"$501 - $1,500",9/6/2019 18:26,IMPROPER LANE USAGE,IMPROPER LANE USAGE,10,S,DESPLAINES ST,121,,,,,,,2,NONINCAPACITATING INJURY,1,0,0,1,0,1,0,18,6,9,41.88150831,-87.64426188,POINT (-87.644261875374 41.881508308567)
JC422798,,9/6/2019 18:17,35,NO CONTROLS,UNKNOWN,CLEAR,DAYLIGHT,TURNING,DIVIDED - W/MEDIAN BARRIER,,STRAIGHT AND LEVEL,DRY,UNKNOWN,NOT ON SCENE (DESK REPORT),NO INJURY / DRIVE AWAY,,,Y,"OVER $1,500",9/6/2019 18:25,FAILING TO YIELD RIGHT-OF-WAY,IMPROPER LANE USAGE,12,S,MICHIGAN AVE,112,,,,,,,2,NO INDICATION OF INJURY,0,0,0,0,0,2,0,18,6,9,41.8818033,-87.62450427,POINT (-87.624504273853 41.881803300378)
JC422857,,9/6/2019 18:12,30,NO CONTROLS,NO CONTROLS,CLEAR,DAYLIGHT,REAR END,NOT DIVIDED,,STRAIGHT AND LEVEL,DRY,NO DEFECTS,NOT ON SCENE (DESK REPORT),NO INJURY / DRIVE AWAY,,,,"$501 - $1,500",9/6/2019 19:12,NOT APPLICABLE,NOT APPLICABLE,7300,S,PULASKI RD,833,,,,,,,2,NO INDICATION OF INJURY,0,0,0,0,0,2,0,18,6,9,41.76042289,-87.72240628,POINT (-87.722406280202 41.760422890905)
JC422874,,9/6/2019 18:10,30,NO CONTROLS,NO CONTROLS,CLEAR,DAYLIGHT,SIDESWIPE SAME DIRECTION,DIVIDED - W/MEDIAN (NOT RAISED),,STRAIGHT AND LEVEL,DRY,NO DEFECTS,,NO INJURY / DRIVE AWAY,,,,"$501 - $1,500",9/6/2019 19:30,FOLLOWING TOO CLOSELY,NOT APPLICABLE,6300,S,PULASKI RD,813,,,,,,,2,NO INDICATION OF INJURY,0,0,0,0,0,2,0,18,6,9,41.77863647,-87.72290636,POINT (-87.722906355685 41.778636468781)
JC422988,,9/6/2019 18:09,25,STOP SIGN/FLASHER,FUNCTIONING PROPERLY,CLEAR,"DARKNESS, LIGHTED ROAD",ANGLE,ONE-WAY,,STRAIGHT AND LEVEL,DRY,NO DEFECTS,NOT ON SCENE (DESK REPORT),NO INJURY / DRIVE AWAY,,,,"OVER $1,500",9/6/2019 21:15,FAILING TO YIELD RIGHT-OF-WAY,UNABLE TO DETERMINE,5700,S,SPRINGFIELD AVE,822,,,,,,,2,NO INDICATION OF INJURY,0,0,0,0,0,2,0,18,6,9,41.78956753,-87.72075345,POINT (-87.720753446998 41.789567531757)
JC422922,,9/6/2019 18:02,30,NO CONTROLS,NO CONTROLS,CLEAR,DUSK,PARKED MOTOR VEHICLE,DIVIDED - W/MEDIAN (NOT RAISED),,STRAIGHT AND LEVEL,DRY,NO DEFECTS,ON SCENE,INJURY AND / OR TOW DUE TO CRASH,,,,"OVER $1,500",9/6/2019 18:04,FAILING TO YIELD RIGHT-OF-WAY,NOT APPLICABLE,6314,N,BROADWAY,2433,,,,,,,2,NO INDICATION OF INJURY,0,0,0,0,0,2,0,18,6,9,41.99686251,-87.66060807,POINT (-87.660608067721 41.996862510387)
JC422802,,9/6/2019 18:02,15,TRAFFIC SIGNAL,FUNCTIONING PROPERLY,CLEAR,DAYLIGHT,TURNING,DIVIDED - W/MEDIAN (NOT RAISED),,STRAIGHT AND LEVEL,DRY,NO DEFECTS,ON SCENE,INJURY AND / OR TOW DUE TO CRASH,Y,,Y,"OVER $1,500",9/6/2019 18:07,UNABLE TO DETERMINE,UNABLE TO DETERMINE,5000,W,WASHINGTON BLVD,1532,,,,,,,3,NONINCAPACITATING INJURY,1,0,0,1,0,3,0,18,6,9,41.88185978,-87.75034781,POINT (-87.750347812104 41.881859781393)
JC422793,,9/6/2019 18:02,30,TRAFFIC SIGNAL,FUNCTIONING PROPERLY,CLEAR,DAYLIGHT,SIDESWIPE SAME DIRECTION,NOT DIVIDED,,STRAIGHT AND LEVEL,"SAND, MUD, DIRT",OTHER,ON SCENE,NO INJURY / DRIVE AWAY,,,,$500 OR LESS,9/6/2019 18:03,UNABLE TO DETERMINE,NOT APPLICABLE,4700,S,ASHLAND AVE,931,,,,Y,CONSTRUCTION,,2,NO INDICATION OF INJURY,0,0,0,0,0,4,0,18,6,9,41.8085116,-87.66511729,POINT (-87.665117291733 41.808511597247)
JC422844,,9/6/2019 18:01,30,TRAFFIC SIGNAL,FUNCTIONING PROPERLY,CLOUDY/OVERCAST,DAYLIGHT,SIDESWIPE SAME DIRECTION,DIVIDED - W/MEDIAN BARRIER,,STRAIGHT AND LEVEL,UNKNOWN,UNKNOWN,NOT ON SCENE (DESK REPORT),NO INJURY / DRIVE AWAY,,,,$500 OR LESS,9/6/2019 18:53,IMPROPER LANE USAGE,IMPROPER OVERTAKING/PASSING,100,N,MICHIGAN AVE,111,,,,,,,2,NO INDICATION OF INJURY,0,0,0,0,0,3,0,18,6,9,41.88328915,-87.6245494,POINT (-87.624549396399 41.883289151389)
JC446234,,9/6/2019 18:00,20,STOP SIGN/FLASHER,FUNCTIONING PROPERLY,CLEAR,DAYLIGHT,ANGLE,FOUR WAY,,STRAIGHT AND LEVEL,DRY,NO DEFECTS,ON SCENE,NO INJURY / DRIVE AWAY,Y,,,"OVER $1,500",9/24/2019 11:00,FAILING TO YIELD RIGHT-OF-WAY,FAILING TO YIELD RIGHT-OF-WAY,2330,S,DAMEN AVE,1034,,,,,,,2,NO INDICATION OF INJURY,0,0,0,0,0,2,0,18,6,9,41.84949456,-87.67591875,POINT (-87.675918751325 41.849494557897)
JC423193,Y,9/6/2019 18:00,6,NO CONTROLS,NO CONTROLS,UNKNOWN,UNKNOWN,FIXED OBJECT,PARKING LOT,,STRAIGHT AND LEVEL,DRY,NO DEFECTS,NOT ON SCENE (DESK REPORT),NO INJURY / DRIVE AWAY,,,,"OVER $1,500",9/7/2019 0:10,IMPROPER BACKING,UNABLE TO DETERMINE,300,S,KEDZIE AVE,1134,,,,N,,,2,NO INDICATION OF INJURY,0,0,0,0,0,1,0,18,6,9,41.87725104,-87.70615923,POINT (-87.706159226855 41.877251043563)
JC422945,,9/6/2019 18:00,35,NO CONTROLS,NO CONTROLS,CLEAR,DUSK,PARKED MOTOR VEHICLE,NOT DIVIDED,,STRAIGHT AND LEVEL,DRY,NO DEFECTS,NOT ON SCENE (DESK REPORT),NO INJURY / DRIVE AWAY,,,Y,"OVER $1,500",9/6/2019 20:00,NOT APPLICABLE,NOT APPLICABLE,6601,S,KEDZIE AVE,831,,,,,,,2,NO INDICATION OF INJURY,0,0,0,0,0,1,0,18,6,9,41.77345686,-87.7028636,POINT (-87.702863598791 41.773456856878)
JC422846,,9/6/2019 18:00,30,NO CONTROLS,NO CONTROLS,CLEAR,DAYLIGHT,ANGLE,NOT DIVIDED,,STRAIGHT AND LEVEL,DRY,NO DEFECTS,NOT ON SCENE (DESK REPORT),NO INJURY / DRIVE AWAY,,,,"$501 - $1,500",9/6/2019 18:30,FAILING TO YIELD RIGHT-OF-WAY,NOT APPLICABLE,5901,W,NORTH AVE,2531,,,,,,,2,NO INDICATION OF INJURY,0,0,0,0,0,3,0,18,6,9,41.90917281,-87.77321593,POINT (-87.773215934078 41.909172813889)
JC422786,,9/6/2019 18:00,30,NO CONTROLS,NO CONTROLS,CLEAR,DAYLIGHT,ANGLE,CENTER TURN LANE,,STRAIGHT AND LEVEL,DRY,NO DEFECTS,ON SCENE,INJURY AND / OR TOW DUE TO CRASH,N,,,"OVER $1,500",9/6/2019 18:03,UNABLE TO DETERMINE,UNABLE TO DETERMINE,1969,W,OGDEN AVE,1231,N,,,,,,2,"REPORTED, NOT EVIDENT",1,0,0,0,1,2,0,18,6,9,41.873217,-87.67567518,POINT (-87.67567517654 41.873216999115)
JC422780,,9/6/2019 18:00,30,NO CONTROLS,NO CONTROLS,CLEAR,DUSK,PARKED MOTOR VEHICLE,NOT DIVIDED,,STRAIGHT AND LEVEL,DRY,NO DEFECTS,NOT ON SCENE (DESK REPORT),NO INJURY / DRIVE AWAY,,,,"OVER $1,500",9/6/2019 18:10,NOT APPLICABLE,NOT APPLICABLE,6042,N,WESTERN AVE,2413,,,,,,,2,NO INDICATION OF INJURY,0,0,0,0,0,1,0,18,6,9,41.99170491,-87.68984577,POINT (-87.689845770145 41.991704914134)
JC422784,,9/6/2019 17:50,30,TRAFFIC SIGNAL,FUNCTIONING PROPERLY,CLEAR,DAYLIGHT,TURNING,FOUR WAY,,STRAIGHT AND LEVEL,DRY,NO DEFECTS,ON SCENE,INJURY AND / OR TOW DUE TO CRASH,Y,,,"OVER $1,500",9/6/2019 17:58,IMPROPER TURNING/NO SIGNAL,FAILING TO REDUCE SPEED TO AVOID CRASH,6300,S,PULASKI RD,813,,,,,,,2,NONINCAPACITATING INJURY,1,0,0,1,0,1,0,17,6,9,41.77863647,-87.72290636,POINT (-87.722906355685 41.778636468781)
JC422795,,9/6/2019 17:49,30,TRAFFIC SIGNAL,FUNCTIONING PROPERLY,CLEAR,DAYLIGHT,REAR END,DIVIDED - W/MEDIAN (NOT RAISED),,STRAIGHT AND LEVEL,DRY,NO DEFECTS,ON SCENE,INJURY AND / OR TOW DUE TO CRASH,,,,"OVER $1,500",9/6/2019 17:50,FAILING TO REDUCE SPEED TO AVOID CRASH,NOT APPLICABLE,10532,S,INDIANAPOLIS AVE,432,,,,,,,3,NO INDICATION OF INJURY,0,0,0,0,0,3,0,17,6,9,41.70366236,-87.52571243,POINT (-87.52571242676 41.703662360894)
JC422769,N,9/6/2019 17:48,30,OTHER,FUNCTIONING PROPERLY,CLEAR,DAYLIGHT,FIXED OBJECT,NOT DIVIDED,,STRAIGHT AND LEVEL,DRY,NO DEFECTS,ON SCENE,INJURY AND / OR TOW DUE TO CRASH,,Y,,"OVER $1,500",9/6/2019 17:48,PHYSICAL CONDITION OF DRIVER,NOT APPLICABLE,6701,S,DR MARTIN LUTHER KING JR DR,322,,,,,,,1,NO INDICATION OF INJURY,0,0,0,0,0,1,0,17,6,9,41.77291489,-87.61530151,POINT (-87.615301510052 41.772914885222)
JC422911,,9/6/2019 17:45,30,NO CONTROLS,NO CONTROLS,CLEAR,DAYLIGHT,OTHER NONCOLLISION,DIVIDED - W/MEDIAN (NOT RAISED),,STRAIGHT AND LEVEL,DRY,NO DEFECTS,NOT ON SCENE (DESK REPORT),INJURY AND / OR TOW DUE TO CRASH,,,,"$501 - $1,500",9/6/2019 20:04,NOT APPLICABLE,NOT APPLICABLE,6900,S,HOYNE AVE,735,,,,,,,1,NO INDICATION OF INJURY,0,0,0,0,0,1,0,17,6,9,41.76836608,-87.6762054,POINT (-87.676205402075 41.76836607886)
JC422765,,9/6/2019 17:45,30,STOP SIGN/FLASHER,FUNCTIONING PROPERLY,CLOUDY/OVERCAST,DAYLIGHT,PEDALCYCLIST,NOT DIVIDED,,STRAIGHT AND LEVEL,DRY,NO DEFECTS,ON SCENE,INJURY AND / OR TOW DUE TO CRASH,,,Y,"$501 - $1,500",9/6/2019 18:04,DISREGARDING STOP SIGN,CELL PHONE USE OTHER THAN TEXTING,1799,S,WESTERN AVE,1233,,,,,,,2,INCAPACITATING INJURY,1,0,1,0,0,1,0,17,6,9,41.8575186,-87.68567867,POINT (-87.685678671522 41.85751859918)
JC423536,,9/6/2019 17:40,30,TRAFFIC SIGNAL,FUNCTIONING PROPERLY,CLEAR,DAYLIGHT,TURNING,NOT DIVIDED,,STRAIGHT AND LEVEL,DRY,NO DEFECTS,NOT ON SCENE (DESK REPORT),INJURY AND / OR TOW DUE TO CRASH,Y,,,$500 OR LESS,9/7/2019 11:45,IMPROPER TURNING/NO SIGNAL,FAILING TO YIELD RIGHT-OF-WAY,153,E,GRAND AVE,1834,,,,,,,2,"REPORTED, NOT EVIDENT",1,0,0,0,1,2,0,17,6,9,41.89163945,-87.62333085,POINT (-87.623330853303 41.891639453393)
JC422895,,9/6/2019 17:40,30,NO CONTROLS,NO CONTROLS,CLOUDY/OVERCAST,DAYLIGHT,SIDESWIPE SAME DIRECTION,NOT DIVIDED,,STRAIGHT AND LEVEL,DRY,NO DEFECTS,ON SCENE,NO INJURY / DRIVE AWAY,,,,"$501 - $1,500",9/6/2019 19:39,UNABLE TO DETERMINE,UNABLE TO DETERMINE,2640,W,TOUHY AVE,2411,,,,,,,2,NO INDICATION OF INJURY,0,0,0,0,0,2,0,17,6,9,42.01224972,-87.69662872,POINT (-87.696628720317 42.012249720325)
JC422803,,9/6/2019 17:36,30,NO CONTROLS,NO CONTROLS,CLEAR,DAYLIGHT,TURNING,OTHER,,STRAIGHT AND LEVEL,DRY,NO DEFECTS,ON SCENE,INJURY AND / OR TOW DUE TO CRASH,,,,"$501 - $1,500",9/6/2019 18:15,IMPROPER TURNING/NO SIGNAL,NOT APPLICABLE,530,N,RACINE AVE,1214,,,,,,,2,NO INDICATION OF INJURY,0,0,0,0,0,2,0,17,6,9,41.8920768,-87.65755636,POINT (-87.657556355927 41.892076795218)
JC422758,,9/6/2019 17:33,30,TRAFFIC SIGNAL,FUNCTIONING PROPERLY,CLEAR,DAYLIGHT,SIDESWIPE SAME DIRECTION,DIVIDED - W/MEDIAN BARRIER,,STRAIGHT AND LEVEL,DRY,NO DEFECTS,ON SCENE,NO INJURY / DRIVE AWAY,,,Y,$500 OR LESS,9/6/2019 17:38,DRIVING SKILLS/KNOWLEDGE/EXPERIENCE,NOT APPLICABLE,152,N,MICHIGAN AVE,111,,,,,,,2,NO INDICATION OF INJURY,0,0,0,0,0,2,0,17,6,9,41.88457903,-87.62460473,POINT (-87.624604727203 41.884579033084)
JC423332,,9/6/2019 17:30,30,UNKNOWN,UNKNOWN,CLOUDY/OVERCAST,DAYLIGHT,TURNING,FOUR WAY,,STRAIGHT AND LEVEL,DRY,NO DEFECTS,NOT ON SCENE (DESK REPORT),NO INJURY / DRIVE AWAY,,,,"OVER $1,500",9/7/2019 7:15,IMPROPER OVERTAKING/PASSING,NOT APPLICABLE,7200,S,RACINE AVE,734,,,,,,,2,NO INDICATION OF INJURY,0,0,0,0,0,2,0,17,6,9,41.76318923,-87.65421368,POINT (-87.654213675518 41.763189228173)
JC422820,,9/6/2019 17:30,35,NO CONTROLS,NO CONTROLS,CLEAR,DAYLIGHT,REAR END,NOT DIVIDED,,STRAIGHT AND LEVEL,DRY,NO DEFECTS,NOT ON SCENE (DESK REPORT),NO INJURY / DRIVE AWAY,,,Y,"$501 - $1,500",9/6/2019 18:40,UNABLE TO DETERMINE,UNABLE TO DETERMINE,2100,W,CERMAK RD,1234,,,,,,,3,NO INDICATION OF INJURY,0,0,0,0,0,6,0,17,6,9,41.85224519,-87.67841789,POINT (-87.67841788835 41.852245185595)
JC422806,,9/6/2019 17:30,30,NO CONTROLS,NO CONTROLS,CLEAR,DAYLIGHT,PARKED MOTOR VEHICLE,NOT DIVIDED,,STRAIGHT AND LEVEL,DRY,NO DEFECTS,NOT ON SCENE (DESK REPORT),NO INJURY / DRIVE AWAY,,,,"OVER $1,500",9/6/2019 18:25,UNABLE TO DETERMINE,UNABLE TO DETERMINE,3054,W,THORNDALE AVE,2011,,,,,,,2,NO INDICATION OF INJURY,0,0,0,0,0,1,0,17,6,9,41.98857672,-87.70632091,POINT (-87.706320910513 41.988576715851)