RD_NO,CRASH_DATE_EST_I,CRASH_DATE,POSTED_SPEED_LIMIT,TRAFFIC_CONTROL_DEVICE,DEVICE_CONDITION,WEATHER_CONDITION,LIGHTING_CONDITION,FIRST_CRASH_TYPE,TRAFFICWAY_TYPE,LANE_CNT,ALIGNMENT,ROADWAY_SURFACE_COND,ROAD_DEFECT,REPORT_TYPE,CRASH_TYPE,INTERSECTION_RELATED_I,NOT_RIGHT_OF_WAY_I,HIT_AND_RUN_I,DAMAGE,DATE_POLICE_NOTIFIED,PRIM_CONTRIBUTORY_CAUSE,SEC_CONTRIBUTORY_CAUSE,STREET_NO,STREET_DIRECTION,STREET_NAME,BEAT_OF_OCCURRENCE,PHOTOS_TAKEN_I,STATEMENTS_TAKEN_I,DOORING_I,WORK_ZONE_I,WORK_ZONE_TYPE,WORKERS_PRESENT_I,NUM_UNITS,MOST_SEVERE_INJURY,INJURIES_TOTAL,INJURIES_FATAL,INJURIES_INCAPACITATING,INJURIES_NON_INCAPACITATING,INJURIES_REPORTED_NOT_EVIDENT,INJURIES_NO_INDICATION,INJURIES_UNKNOWN,CRASH_HOUR,CRASH_DAY_OF_WEEK,CRASH_MONTH,LATITUDE,LONGITUDE,LOCATION
JC422778,,9/6/2019 17:30,30,NO CONTROLS,NO CONTROLS,CLEAR,DAYLIGHT,REAR END,NOT DIVIDED,,STRAIGHT AND LEVEL,DRY,NO DEFECTS,NOT ON SCENE (DESK REPORT),NO INJURY / DRIVE AWAY,,,,$500 OR LESS,9/6/2019 19:00,NOT APPLICABLE,NOT APPLICABLE,4000,S,ASHLAND AVE,924,,,,,,,2,NO INDICATION OF INJURY,0,0,0,0,0,2,0,17,6,9,41.82071161,-87.66541679,POINT (-87.665416794239 41.820711610236)
JC423699,,9/6/2019 17:20,15,NO CONTROLS,NO CONTROLS,CLEAR,DAYLIGHT,REAR TO SIDE,PARKING LOT,,STRAIGHT AND LEVEL,DRY,NO DEFECTS,,NO INJURY / DRIVE AWAY,,,,"$501 - $1,500",9/7/2019 14:00,IMPROPER BACKING,IMPROPER BACKING,7701,S,CICERO AVE,834,,,,,,,2,NO INDICATION OF INJURY,0,0,0,0,0,3,0,17,6,9,41.75282202,-87.74135449,POINT (-87.741354493194 41.752822020767)
JC422744,,9/6/2019 17:15,30,OTHER WARNING SIGN,FUNCTIONING PROPERLY,CLEAR,DAYLIGHT,REAR TO REAR,PARKING LOT,,STRAIGHT AND LEVEL,DRY,NO DEFECTS,NOT ON SCENE (DESK REPORT),NO INJURY / DRIVE AWAY,,Y,,"$501 - $1,500",9/6/2019 17:35,IMPROPER BACKING,IMPROPER BACKING,2941,S,MICHIGAN AVE,133,,,,,,,2,NO INDICATION OF INJURY,0,0,0,0,0,2,0,17,6,9,41.84077124,-87.62311996,POINT (-87.623119954905 41.84077124114)
JC422727,,9/6/2019 17:10,35,NO CONTROLS,NO CONTROLS,CLEAR,DAYLIGHT,SIDESWIPE SAME DIRECTION,ONE-WAY,,STRAIGHT AND LEVEL,DRY,UNKNOWN,ON SCENE,INJURY AND / OR TOW DUE TO CRASH,,,,"OVER $1,500",9/6/2019 17:10,UNABLE TO DETERMINE,UNABLE TO DETERMINE,7214,W,BRYN MAWR AVE,1612,,Y,,Y,MAINTENANCE,,2,NO INDICATION OF INJURY,0,0,0,0,0,2,0,17,6,9,41.98285977,-87.80758217,POINT (-87.807582166597 41.982859774347)
JC422700,,9/6/2019 17:10,30,TRAFFIC SIGNAL,FUNCTIONING PROPERLY,CLEAR,DAYLIGHT,SIDESWIPE SAME DIRECTION,DIVIDED - W/MEDIAN (NOT RAISED),,STRAIGHT AND LEVEL,DRY,NO DEFECTS,ON SCENE,NO INJURY / DRIVE AWAY,N,,,"OVER $1,500",9/6/2019 17:20,IMPROPER OVERTAKING/PASSING,NOT APPLICABLE,2458,S,KEDZIE AVE,1024,,,,,,,2,NO INDICATION OF INJURY,0,0,0,0,0,2,0,17,6,9,41.84642261,-87.70524355,POINT (-87.705243547291 41.846422605153)
JC422699,,9/6/2019 17:10,30,NO CONTROLS,NO CONTROLS,CLEAR,DAYLIGHT,REAR END,NOT DIVIDED,,STRAIGHT AND LEVEL,DRY,NO DEFECTS,ON SCENE,NO INJURY / DRIVE AWAY,,,,"$501 - $1,500",9/6/2019 17:15,FOLLOWING TOO CLOSELY,NOT APPLICABLE,1605,W,MONTEREY AVE,2234,,Y,,,,,2,NO INDICATION OF INJURY,0,0,0,0,0,2,0,17,6,9,41.68919253,-87.66208015,POINT (-87.662080152709 41.689192525621)
JC422725,,9/6/2019 17:05,30,STOP SIGN/FLASHER,FUNCTIONING PROPERLY,CLOUDY/OVERCAST,DAYLIGHT,REAR END,NOT DIVIDED,,STRAIGHT AND LEVEL,DRY,NO DEFECTS,NOT ON SCENE (DESK REPORT),NO INJURY / DRIVE AWAY,,,,"$501 - $1,500",9/6/2019 17:25,UNABLE TO DETERMINE,NOT APPLICABLE,1601,S,LOOMIS ST,1233,,,,,,,2,NO INDICATION OF INJURY,0,0,0,0,0,2,0,17,6,9,41.85964525,-87.66122555,POINT (-87.661225545316 41.85964525377)
JC428091,,9/6/2019 17:00,30,NO CONTROLS,NO CONTROLS,CLEAR,DAYLIGHT,SIDESWIPE SAME DIRECTION,NOT DIVIDED,,STRAIGHT AND LEVEL,DRY,NO DEFECTS,NOT ON SCENE (DESK REPORT),NO INJURY / DRIVE AWAY,,,,"$501 - $1,500",9/10/2019 19:50,FAILING TO YIELD RIGHT-OF-WAY,FAILING TO YIELD RIGHT-OF-WAY,2932,W,26TH ST,1033,,,,,,,2,NO INDICATION OF INJURY,0,0,0,0,0,2,0,17,6,9,41.84475178,-87.69903794,POINT (-87.699037941366 41.844751775528)
JC426762,,9/6/2019 17:00,30,TRAFFIC SIGNAL,NO CONTROLS,CLEAR,DAYLIGHT,ANGLE,NOT DIVIDED,,STRAIGHT AND LEVEL,DRY,UNKNOWN,NOT ON SCENE (DESK REPORT),NO INJURY / DRIVE AWAY,Y,,Y,"$501 - $1,500",9/9/2019 20:00,UNABLE TO DETERMINE,UNABLE TO DETERMINE,9501,S,COMMERCIAL AVE,431,,,,,,,2,NO INDICATION OF INJURY,0,0,0,0,0,2,0,17,6,9,41.72267431,-87.55092895,POINT (-87.550928949746 41.722674304798)
JC422861,,9/6/2019 16:58,30,NO CONTROLS,NO CONTROLS,CLEAR,DAYLIGHT,SIDESWIPE SAME DIRECTION,NOT DIVIDED,,STRAIGHT AND LEVEL,UNKNOWN,UNKNOWN,NOT ON SCENE (DESK REPORT),NO INJURY / DRIVE AWAY,,,,"$501 - $1,500",9/6/2019 19:10,UNABLE TO DETERMINE,UNABLE TO DETERMINE,2020,N,ASHLAND AVE,1432,,,,,,,2,NO INDICATION OF INJURY,0,0,0,0,0,2,0,16,6,9,41.91859017,-87.66825471,POINT (-87.668254713857 41.91859016695)
JC422695,,9/6/2019 16:55,30,STOP SIGN/FLASHER,FUNCTIONING PROPERLY,CLEAR,DAYLIGHT,ANGLE,NOT DIVIDED,,STRAIGHT AND LEVEL,DRY,NO DEFECTS,NOT ON SCENE (DESK REPORT),NO INJURY / DRIVE AWAY,Y,,,"OVER $1,500",9/6/2019 17:24,UNABLE TO DETERMINE,UNABLE TO DETERMINE,1000,W,EXCHANGE AVE,925,,,,,,,2,NO INDICATION OF INJURY,0,0,0,0,0,2,0,16,6,9,41.81878274,-87.65080717,POINT (-87.650807174027 41.818782738291)
JC422729,,9/6/2019 16:50,30,NO CONTROLS,NO CONTROLS,CLOUDY/OVERCAST,DAYLIGHT,ANGLE,NOT DIVIDED,,STRAIGHT AND LEVEL,DRY,NO DEFECTS,NOT ON SCENE (DESK REPORT),NO INJURY / DRIVE AWAY,,,,"OVER $1,500",9/6/2019 17:40,UNABLE TO DETERMINE,UNABLE TO DETERMINE,6721,W,GRAND AVE,2512,,,,,,,2,NO INDICATION OF INJURY,0,0,0,0,0,2,0,16,6,9,41.9235044,-87.79330172,POINT (-87.793301724355 41.9235044017)
JC422693,,9/6/2019 16:50,30,NO CONTROLS,NO CONTROLS,CLOUDY/OVERCAST,DAYLIGHT,SIDESWIPE SAME DIRECTION,NOT DIVIDED,,STRAIGHT AND LEVEL,DRY,NO DEFECTS,NOT ON SCENE (DESK REPORT),NO INJURY / DRIVE AWAY,,,,"$501 - $1,500",9/6/2019 17:10,FAILING TO YIELD RIGHT-OF-WAY,FAILING TO YIELD RIGHT-OF-WAY,2744,S,CENTRAL PARK AVE,1032,,,,,,,2,NO INDICATION OF INJURY,0,0,0,0,0,3,0,16,6,9,41.84120825,-87.71485248,POINT (-87.714852481745 41.841208246507)
JC422678,,9/6/2019 16:50,30,NO CONTROLS,NO CONTROLS,CLEAR,DAYLIGHT,ANGLE,NOT DIVIDED,,STRAIGHT AND LEVEL,DRY,NO DEFECTS,NOT ON SCENE (DESK REPORT),NO INJURY / DRIVE AWAY,,,,"$501 - $1,500",9/6/2019 17:10,FAILING TO YIELD RIGHT-OF-WAY,NOT APPLICABLE,5701,W,FULLERTON AVE,2515,,,,,,,2,NO INDICATION OF INJURY,0,0,0,0,0,2,0,16,6,9,41.92383167,-87.76847884,POINT (-87.768478843667 41.923831671387)
JC423378,,9/6/2019 16:48,30,NO CONTROLS,NO CONTROLS,CLEAR,DAYLIGHT,SIDESWIPE SAME DIRECTION,NOT DIVIDED,,STRAIGHT AND LEVEL,DRY,NO DEFECTS,NOT ON SCENE (DESK REPORT),NO INJURY / DRIVE AWAY,,,,"OVER $1,500",9/7/2019 8:50,IMPROPER LANE USAGE,NOT APPLICABLE,2112,N,ASHLAND AVE,1432,,,,,,,2,NO INDICATION OF INJURY,0,0,0,0,0,3,0,16,6,9,41.92024549,-87.66857296,POINT (-87.668572962613 41.920245490489)
JC422809,,9/6/2019 16:45,30,STOP SIGN/FLASHER,FUNCTIONING PROPERLY,CLOUDY/OVERCAST,DAYLIGHT,TURNING,NOT DIVIDED,,STRAIGHT AND LEVEL,DRY,NO DEFECTS,NOT ON SCENE (DESK REPORT),NO INJURY / DRIVE AWAY,,,,"$501 - $1,500",9/6/2019 18:25,FAILING TO YIELD RIGHT-OF-WAY,FAILING TO YIELD RIGHT-OF-WAY,2800,S,LAWNDALE AVE,1031,,,,,,,2,NO INDICATION OF INJURY,0,0,0,0,0,6,0,16,6,9,41.84058932,-87.71727702,POINT (-87.717277014539 41.840589317411)
JC422690,,9/6/2019 16:45,30,NO CONTROLS,NO CONTROLS,CLEAR,DAYLIGHT,SIDESWIPE SAME DIRECTION,DIVIDED - W/MEDIAN (NOT RAISED),,STRAIGHT AND LEVEL,DRY,NO DEFECTS,ON SCENE,INJURY AND / OR TOW DUE TO CRASH,,,,"OVER $1,500",9/6/2019 16:52,FAILING TO YIELD RIGHT-OF-WAY,NOT APPLICABLE,3021,W,BELMONT AVE,1411,,,,,,,2,NO INDICATION OF INJURY,0,0,0,0,0,3,0,16,6,9,41.93924903,-87.70357257,POINT (-87.703572572928 41.939249029192)
JC422890,,9/6/2019 16:40,30,NO CONTROLS,NO CONTROLS,CLEAR,DAYLIGHT,ANGLE,NOT DIVIDED,,STRAIGHT AND LEVEL,DRY,NO DEFECTS,NOT ON SCENE (DESK REPORT),NO INJURY / DRIVE AWAY,,,,"$501 - $1,500",9/6/2019 19:45,FAILING TO YIELD RIGHT-OF-WAY,NOT APPLICABLE,653,W,TAYLOR ST,124,,,,,,,2,NO INDICATION OF INJURY,0,0,0,0,0,2,0,16,6,9,41.8695874,-87.64366396,POINT (-87.643663960591 41.869587395081)
JC422830,,9/6/2019 16:34,30,NO CONTROLS,NO CONTROLS,CLEAR,DAYLIGHT,SIDESWIPE SAME DIRECTION,NOT DIVIDED,,STRAIGHT AND LEVEL,DRY,NO DEFECTS,NOT ON SCENE (DESK REPORT),NO INJURY / DRIVE AWAY,,,,$500 OR LESS,9/6/2019 18:52,IMPROPER OVERTAKING/PASSING,UNABLE TO DETERMINE,660,N,RUSH ST,1834,,,,,,,2,NO INDICATION OF INJURY,0,0,0,0,0,2,0,16,6,9,41.89422048,-87.62558293,POINT (-87.625582933241 41.894220475501)
JC422992,,9/6/2019 16:30,15,NO CONTROLS,NO CONTROLS,CLEAR,DAYLIGHT,PARKED MOTOR VEHICLE,PARKING LOT,,STRAIGHT AND LEVEL,DRY,NO DEFECTS,NOT ON SCENE (DESK REPORT),NO INJURY / DRIVE AWAY,,N,,"OVER $1,500",9/6/2019 21:20,IMPROPER TURNING/NO SIGNAL,NOT APPLICABLE,6623,N,DAMEN AVE,2412,,,,,,,2,NO INDICATION OF INJURY,0,0,0,0,0,1,0,16,6,9,42.00222338,-87.68012883,POINT (-87.680128827981 42.002223375062)
JC422733,,9/6/2019 16:30,30,NO CONTROLS,NO CONTROLS,CLEAR,DAYLIGHT,SIDESWIPE SAME DIRECTION,NOT DIVIDED,,STRAIGHT AND LEVEL,DRY,NO DEFECTS,NOT ON SCENE (DESK REPORT),NO INJURY / DRIVE AWAY,,,,"$501 - $1,500",9/6/2019 17:33,NOT APPLICABLE,NOT APPLICABLE,6300,S,PULASKI RD,813,,,,,,,2,NO INDICATION OF INJURY,0,0,0,0,0,2,0,16,6,9,41.77863647,-87.72290636,POINT (-87.722906355685 41.778636468781)
JC422708,,9/6/2019 16:30,30,NO CONTROLS,NO CONTROLS,CLEAR,DAYLIGHT,SIDESWIPE SAME DIRECTION,NOT DIVIDED,,STRAIGHT AND LEVEL,DRY,NO DEFECTS,ON SCENE,NO INJURY / DRIVE AWAY,,,Y,$500 OR LESS,9/6/2019 17:20,UNABLE TO DETERMINE,NOT APPLICABLE,2015,E,79TH ST,414,,,,,,,2,NO INDICATION OF INJURY,0,0,0,0,0,2,0,16,6,9,41.75150394,-87.57532855,POINT (-87.575328550664 41.751503939851)
JC422649,,9/6/2019 16:26,30,NO CONTROLS,NO CONTROLS,CLEAR,DAYLIGHT,OTHER OBJECT,DIVIDED - W/MEDIAN (NOT RAISED),,STRAIGHT AND LEVEL,DRY,NO DEFECTS,ON SCENE,NO INJURY / DRIVE AWAY,,,,"OVER $1,500",9/6/2019 16:48,UNABLE TO DETERMINE,UNABLE TO DETERMINE,1300,S,CLINTON ST,124,,,,,,,1,NO INDICATION OF INJURY,0,0,0,0,0,1,0,16,6,9,41.86553468,-87.64081331,POINT (-87.64081331229 41.865534677771)
JC422675,Y,9/6/2019 16:20,30,TRAFFIC SIGNAL,FUNCTIONING PROPERLY,CLEAR,DAYLIGHT,SIDESWIPE SAME DIRECTION,DIVIDED - W/MEDIAN (NOT RAISED),,STRAIGHT AND LEVEL,DRY,NO DEFECTS,,INJURY AND / OR TOW DUE TO CRASH,,,,"OVER $1,500",9/6/2019 16:43,UNABLE TO DETERMINE,NOT APPLICABLE,954,W,87TH ST,613,,,,,,,2,NO INDICATION OF INJURY,0,0,0,0,0,2,0,16,6,9,41.73611661,-87.64826717,POINT (-87.648267169122 41.736116605306)
JC430065,,9/6/2019 16:15,45,UNKNOWN,UNKNOWN,UNKNOWN,UNKNOWN,REAR END,DIVIDED - W/MEDIAN BARRIER,,STRAIGHT AND LEVEL,UNKNOWN,UNKNOWN,NOT ON SCENE (DESK REPORT),NO INJURY / DRIVE AWAY,,,Y,$500 OR LESS,9/12/2019 11:20,UNABLE TO DETERMINE,UNABLE TO DETERMINE,850,N,LAKE SHORE DR,1833,,,,,,,2,NO INDICATION OF INJURY,0,0,0,0,0,2,0,16,6,9,41.89810585,-87.61809722,POINT (-87.618097215676 41.898105852915)
JC422840,,9/6/2019 16:15,30,TRAFFIC SIGNAL,FUNCTIONING PROPERLY,CLEAR,DAYLIGHT,TURNING,NOT DIVIDED,,STRAIGHT AND LEVEL,DRY,NO DEFECTS,NOT ON SCENE (DESK REPORT),NO INJURY / DRIVE AWAY,Y,,,"$501 - $1,500",9/6/2019 19:00,IMPROPER TURNING/NO SIGNAL,DRIVING SKILLS/KNOWLEDGE/EXPERIENCE,2859,W,CHICAGO AVE,1221,,,,,,,2,NO INDICATION OF INJURY,0,0,0,0,0,2,0,16,6,9,41.89552708,-87.69909818,POINT (-87.699098182975 41.895527077955)
JC422645,,9/6/2019 16:14,35,NO CONTROLS,NO CONTROLS,CLEAR,DAYLIGHT,REAR END,NOT DIVIDED,,STRAIGHT AND LEVEL,DRY,NO DEFECTS,ON SCENE,INJURY AND / OR TOW DUE TO CRASH,,,Y,"OVER $1,500",9/6/2019 16:50,UNABLE TO DETERMINE,UNABLE TO DETERMINE,8633,S,CALIFORNIA AVE,835,,,,,,,2,NO INDICATION OF INJURY,0,0,0,0,0,2,0,16,6,9,41.73611018,-87.69212361,POINT (-87.692123614297 41.736110183113)
JC426354,,9/6/2019 16:10,30,NO CONTROLS,NO CONTROLS,CLEAR,DAYLIGHT,TURNING,NOT DIVIDED,,STRAIGHT AND LEVEL,DRY,NO DEFECTS,NOT ON SCENE (DESK REPORT),NO INJURY / DRIVE AWAY,,,,"$501 - $1,500",9/9/2019 17:14,IMPROPER TURNING/NO SIGNAL,FAILING TO REDUCE SPEED TO AVOID CRASH,5823,W,IRVING PARK RD,1633,,,,,,,2,NO INDICATION OF INJURY,0,0,0,0,0,5,0,16,6,9,41.95299708,-87.77281351,POINT (-87.772813511146 41.952997075499)
JC422687,,9/6/2019 16:10,25,NO CONTROLS,NO CONTROLS,CLEAR,DAYLIGHT,TURNING,ONE-WAY,,STRAIGHT AND LEVEL,DRY,NO DEFECTS,NOT ON SCENE (DESK REPORT),NO INJURY / DRIVE AWAY,,Y,,"OVER $1,500",9/6/2019 17:13,FAILING TO YIELD RIGHT-OF-WAY,NOT APPLICABLE,835,W,AINSLIE ST,2024,,,,,,,2,NO INDICATION OF INJURY,0,0,0,0,0,2,0,16,6,9,41.97151371,-87.65158681,POINT (-87.651586808412 41.971513713284)
JC422641,,9/6/2019 16:10,30,TRAFFIC SIGNAL,FUNCTIONING PROPERLY,CLEAR,DAYLIGHT,TURNING,NOT DIVIDED,,STRAIGHT AND LEVEL,DRY,NO DEFECTS,ON SCENE,INJURY AND / OR TOW DUE TO CRASH,Y,,,"$501 - $1,500",9/6/2019 16:12,FAILING TO REDUCE SPEED TO AVOID CRASH,NOT APPLICABLE,220,W,51ST ST,935,,,,,,,2,NONINCAPACITATING INJURY,1,0,0,1,0,1,0,16,6,9,41.8019239,-87.63148627,POINT (-87.631486265587 41.801923897186)
JC422636,,9/6/2019 16:10,30,TRAFFIC SIGNAL,FUNCTIONING PROPERLY,CLEAR,DAYLIGHT,REAR END,OTHER,,STRAIGHT AND LEVEL,DRY,NO DEFECTS,ON SCENE,NO INJURY / DRIVE AWAY,,,,"$501 - $1,500",9/6/2019 16:17,UNABLE TO DETERMINE,NOT APPLICABLE,1724,W,95TH ST,2221,,,,,,,2,NO INDICATION OF INJURY,0,0,0,0,0,2,0,16,6,9,41.72127941,-87.6657749,POINT (-87.665774900189 41.721279407478)
JC422644,,9/6/2019 16:05,30,STOP SIGN/FLASHER,FUNCTIONING PROPERLY,CLEAR,DAYLIGHT,ANGLE,NOT DIVIDED,,STRAIGHT AND LEVEL,DRY,NO DEFECTS,ON SCENE,INJURY AND / OR TOW DUE TO CRASH,Y,,,"OVER $1,500",9/6/2019 16:14,DISREGARDING STOP SIGN,FAILING TO YIELD RIGHT-OF-WAY,2829,W,LOGAN BLVD,1414,,,,,,,2,NO INDICATION OF INJURY,0,0,0,0,0,2,0,16,6,9,41.92834671,-87.69867841,POINT (-87.698678410857 41.928346709276)
JC422613,,9/6/2019 16:05,35,STOP SIGN/FLASHER,FUNCTIONING PROPERLY,CLEAR,DAYLIGHT,ANGLE,DIVIDED - W/MEDIAN BARRIER,,STRAIGHT AND LEVEL,DRY,NO DEFECTS,ON SCENE,INJURY AND / OR TOW DUE TO CRASH,Y,,,"OVER $1,500",9/6/2019 16:10,FAILING TO YIELD RIGHT-OF-WAY,FAILING TO REDUCE SPEED TO AVOID CRASH,4700,W,63RD ST,813,,,,,,,2,NO INDICATION OF INJURY,0,0,0,0,0,2,0,16,6,9,41.7785672,-87.73990948,POINT (-87.739909475119 41.778567202964)
JC422702,,9/6/2019 16:00,0,NO CONTROLS,NO CONTROLS,CLEAR,DAYLIGHT,FIXED OBJECT,PARKING LOT,,STRAIGHT AND LEVEL,DRY,NO DEFECTS,ON SCENE,NO INJURY / DRIVE AWAY,,Y,,$500 OR LESS,9/6/2019 16:55,IMPROPER BACKING,UNABLE TO DETERMINE,806,W,63RD ST,712,,,,,,,1,NO INDICATION OF INJURY,0,0,0,0,0,2,0,16,6,9,41.77985559,-87.64514243,POINT (-87.645142433598 41.779855590848)
JC422632,,9/6/2019 16:00,15,NO CONTROLS,NO CONTROLS,CLEAR,DAYLIGHT,PARKED MOTOR VEHICLE,ONE-WAY,,STRAIGHT AND LEVEL,DRY,NO DEFECTS,ON SCENE,NO INJURY / DRIVE AWAY,,,,"$501 - $1,500",9/6/2019 16:11,IMPROPER BACKING,UNABLE TO DETERMINE,4916,W,QUINCY ST,1533,,,,,,,2,NO INDICATION OF INJURY,0,0,0,0,0,3,0,16,6,9,41.87776432,-87.74807407,POINT (-87.748074070881 41.877764323887)
JC422658,,9/6/2019 15:55,30,TRAFFIC SIGNAL,FUNCTIONING PROPERLY,CLEAR,DAYLIGHT,TURNING,FOUR WAY,,STRAIGHT AND LEVEL,DRY,NO DEFECTS,ON SCENE,NO INJURY / DRIVE AWAY,Y,,Y,$500 OR LESS,9/6/2019 16:27,FAILING TO YIELD RIGHT-OF-WAY,UNABLE TO DETERMINE,2916,W,GRAND AVE,1211,,,,,,,2,NO INDICATION OF INJURY,0,0,0,0,0,3,0,15,6,9,41.89574062,-87.69987952,POINT (-87.699879515009 41.895740616098)
JC422602,,9/6/2019 15:51,30,STOP SIGN/FLASHER,NO CONTROLS,CLEAR,DAYLIGHT,ANGLE,DIVIDED - W/MEDIAN (NOT RAISED),,STRAIGHT AND LEVEL,DRY,NO DEFECTS,ON SCENE,INJURY AND / OR TOW DUE TO CRASH,Y,,,"OVER $1,500",9/6/2019 15:53,FAILING TO REDUCE SPEED TO AVOID CRASH,NOT APPLICABLE,7325,W,TALCOTT AVE,1612,,,,,,,2,NO INDICATION OF INJURY,0,0,0,0,0,4,0,15,6,9,41.98731686,-87.81036369,POINT (-87.810363687615 41.987316861718)
JC422607,,9/6/2019 15:50,30,NO CONTROLS,NO CONTROLS,CLEAR,DAYLIGHT,SIDESWIPE SAME DIRECTION,ONE-WAY,,STRAIGHT AND LEVEL,DRY,OTHER,NOT ON SCENE (DESK REPORT),NO INJURY / DRIVE AWAY,,,,"OVER $1,500",9/6/2019 16:04,IMPROPER LANE USAGE,NOT APPLICABLE,5108,S,WELLS ST,935,,,,,,,2,NO INDICATION OF INJURY,0,0,0,0,0,2,0,15,6,9,41.80136497,-87.63214694,POINT (-87.632146934627 41.801364965219)
JC427923,,9/6/2019 15:45,30,NO CONTROLS,NO CONTROLS,CLEAR,DAYLIGHT,REAR END,DIVIDED - W/MEDIAN (NOT RAISED),,STRAIGHT AND LEVEL,DRY,NO DEFECTS,NOT ON SCENE (DESK REPORT),NO INJURY / DRIVE AWAY,,,,"OVER $1,500",9/10/2019 17:52,UNABLE TO DETERMINE,UNABLE TO DETERMINE,4000,S,ASHLAND AVE,924,,,,,,,2,NO INDICATION OF INJURY,0,0,0,0,0,4,0,15,6,9,41.82071161,-87.66541679,POINT (-87.665416794239 41.820711610236)
JC422638,,9/6/2019 15:45,30,TRAFFIC SIGNAL,NO CONTROLS,CLOUDY/OVERCAST,DAYLIGHT,SIDESWIPE SAME DIRECTION,DIVIDED - W/MEDIAN (NOT RAISED),,STRAIGHT AND LEVEL,DRY,NO DEFECTS,NOT ON SCENE (DESK REPORT),NO INJURY / DRIVE AWAY,Y,,,"OVER $1,500",9/6/2019 16:37,IMPROPER OVERTAKING/PASSING,IMPROPER OVERTAKING/PASSING,6629,N,CLARK ST,2432,,,,,,,2,NO INDICATION OF INJURY,0,0,0,0,0,2,0,15,6,9,42.00259125,-87.67201233,POINT (-87.672012332613 42.002591254184)
JC422616,,9/6/2019 15:45,30,NO CONTROLS,NO CONTROLS,CLEAR,DAYLIGHT,PEDALCYCLIST,NOT DIVIDED,,STRAIGHT AND LEVEL,DRY,NO DEFECTS,NOT ON SCENE (DESK REPORT),INJURY AND / OR TOW DUE TO CRASH,Y,,,"$501 - $1,500",9/6/2019 16:21,UNABLE TO DETERMINE,UNABLE TO DETERMINE,799,N,MILWAUKEE AVE,1215,,,,,,,2,NONINCAPACITATING INJURY,1,0,0,1,0,1,0,15,6,9,41.89633211,-87.65533049,POINT (-87.65533048861 41.896332111865)
JC422651,,9/6/2019 15:40,30,NO CONTROLS,NO CONTROLS,UNKNOWN,DAYLIGHT,SIDESWIPE SAME DIRECTION,NOT DIVIDED,,STRAIGHT AND LEVEL,UNKNOWN,UNKNOWN,NOT ON SCENE (DESK REPORT),NO INJURY / DRIVE AWAY,,,,"$501 - $1,500",9/6/2019 16:45,UNABLE TO DETERMINE,UNABLE TO DETERMINE,7323,W,IRVING PARK RD,1631,,,,,,,2,NO INDICATION OF INJURY,0,0,0,0,0,2,0,15,6,9,41.95257158,-87.81103809,POINT (-87.811038089437 41.952571577487)
JC422569,,9/6/2019 15:40,30,TRAFFIC SIGNAL,FUNCTIONING PROPERLY,CLEAR,DAYLIGHT,REAR TO FRONT,NOT DIVIDED,,STRAIGHT AND LEVEL,DRY,NO DEFECTS,NOT ON SCENE (DESK REPORT),NO INJURY / DRIVE AWAY,,,,"OVER $1,500",9/6/2019 15:50,UNABLE TO DETERMINE,UNABLE TO DETERMINE,2290,S,ARCHER AVE,914,,,,,,,2,NO INDICATION OF INJURY,0,0,0,0,0,2,0,15,6,9,41.85119783,-87.6385403,POINT (-87.638540303313 41.851197833308)
JC422582,,9/6/2019 15:37,25,NO CONTROLS,NO CONTROLS,CLEAR,DAYLIGHT,FIXED OBJECT,NOT DIVIDED,,STRAIGHT AND LEVEL,DRY,NO DEFECTS,ON SCENE,NO INJURY / DRIVE AWAY,,,,"OVER $1,500",9/6/2019 15:37,NOT APPLICABLE,NOT APPLICABLE,3711,S,ROCKWELL ST,911,,,,,,,1,NO INDICATION OF INJURY,0,0,0,0,0,1,0,15,6,9,41.82621421,-87.68966562,POINT (-87.689665619863 41.82621420878)
JC422815,,9/6/2019 15:30,30,TRAFFIC SIGNAL,FUNCTIONING PROPERLY,CLEAR,DAYLIGHT,PEDALCYCLIST,DIVIDED - W/MEDIAN (NOT RAISED),,STRAIGHT AND LEVEL,DRY,NO DEFECTS,NOT ON SCENE (DESK REPORT),INJURY AND / OR TOW DUE TO CRASH,Y,,Y,"OVER $1,500",9/6/2019 18:20,FAILING TO YIELD RIGHT-OF-WAY,UNABLE TO DETERMINE,100,N,WOOD ST,1223,,,,,,,2,NONINCAPACITATING INJURY,1,0,0,1,0,1,0,15,6,9,41.88326708,-87.67194495,POINT (-87.671944946483 41.883267077708)
JC422772,,9/6/2019 15:30,30,NO CONTROLS,NO CONTROLS,CLEAR,DAYLIGHT,PEDESTRIAN,DIVIDED - W/MEDIAN (NOT RAISED),,STRAIGHT AND LEVEL,DRY,NO DEFECTS,ON SCENE,INJURY AND / OR TOW DUE TO CRASH,,,,$500 OR LESS,9/6/2019 17:40,UNABLE TO DETERMINE,UNABLE TO DETERMINE,4431,S,ARCHER AVE,821,,,,,,,2,NONINCAPACITATING INJURY,1,0,0,1,0,1,0,15,6,9,41.81262899,-87.7063942,POINT (-87.706394204098 41.812628989175)