RD_NO,CRASH_DATE_EST_I,CRASH_DATE,POSTED_SPEED_LIMIT,TRAFFIC_CONTROL_DEVICE,DEVICE_CONDITION,WEATHER_CONDITION,LIGHTING_CONDITION,FIRST_CRASH_TYPE,TRAFFICWAY_TYPE,LANE_CNT,ALIGNMENT,ROADWAY_SURFACE_COND,ROAD_DEFECT,REPORT_TYPE,CRASH_TYPE,INTERSECTION_RELATED_I,NOT_RIGHT_OF_WAY_I,HIT_AND_RUN_I,DAMAGE,DATE_POLICE_NOTIFIED,PRIM_CONTRIBUTORY_CAUSE,SEC_CONTRIBUTORY_CAUSE,STREET_NO,STREET_DIRECTION,STREET_NAME,BEAT_OF_OCCURRENCE,PHOTOS_TAKEN_I,STATEMENTS_TAKEN_I,DOORING_I,WORK_ZONE_I,WORK_ZONE_TYPE,WORKERS_PRESENT_I,NUM_UNITS,MOST_SEVERE_INJURY,INJURIES_TOTAL,INJURIES_FATAL,INJURIES_INCAPACITATING,INJURIES_NON_INCAPACITATING,INJURIES_REPORTED_NOT_EVIDENT,INJURIES_NO_INDICATION,INJURIES_UNKNOWN,CRASH_HOUR,CRASH_DAY_OF_WEEK,CRASH_MONTH,LATITUDE,LONGITUDE,LOCATION
JC422716,,9/6/2019 15:30,30,NO CONTROLS,NO CONTROLS,CLEAR,DAYLIGHT,PARKED MOTOR VEHICLE,NOT DIVIDED,,STRAIGHT AND LEVEL,DRY,NO DEFECTS,NOT ON SCENE (DESK REPORT),NO INJURY / DRIVE AWAY,,,,"OVER $1,500",9/6/2019 15:30,UNABLE TO DETERMINE,UNABLE TO DETERMINE,512,N,MC CLURG CT,1834,,,,,,,2,NO INDICATION OF INJURY,0,0,0,0,0,2,0,15,6,9,41.8915179,-87.61783052,POINT (-87.617830522582 41.891517894531)
JC422667,,9/6/2019 15:30,25,TRAFFIC SIGNAL,FUNCTIONING PROPERLY,CLEAR,DAYLIGHT,PARKED MOTOR VEHICLE,NOT DIVIDED,,STRAIGHT AND LEVEL,DRY,NO DEFECTS,ON SCENE,NO INJURY / DRIVE AWAY,,,,"$501 - $1,500",9/6/2019 16:39,UNABLE TO DETERMINE,UNABLE TO DETERMINE,39,E,14TH ST,131,,,,,,,2,NO INDICATION OF INJURY,0,0,0,0,0,2,0,15,6,9,41.86395824,-87.62578875,POINT (-87.625788748295 41.863958235023)
JC422611,,9/6/2019 15:30,30,STOP SIGN/FLASHER,FUNCTIONING PROPERLY,CLEAR,DAYLIGHT,SIDESWIPE SAME DIRECTION,DIVIDED - W/MEDIAN (NOT RAISED),,STRAIGHT AND LEVEL,DRY,NO DEFECTS,ON SCENE,NO INJURY / DRIVE AWAY,,,,"OVER $1,500",9/6/2019 16:10,UNABLE TO DETERMINE,UNABLE TO DETERMINE,5455,N,KIMBALL AVE,1712,,,,,,,2,NO INDICATION OF INJURY,0,0,0,0,0,3,0,15,6,9,41.9809887,-87.713531,POINT (-87.713531002614 41.980988701544)
JC422585,,9/6/2019 15:25,35,UNKNOWN,UNKNOWN,CLEAR,DAYLIGHT,TURNING,NOT DIVIDED,,STRAIGHT AND LEVEL,DRY,UNKNOWN,ON SCENE,NO INJURY / DRIVE AWAY,Y,,,"OVER $1,500",9/6/2019 16:00,UNABLE TO DETERMINE,NOT APPLICABLE,7200,S,KEDZIE AVE,831,,,,,,,2,NO INDICATION OF INJURY,0,0,0,0,0,2,0,15,6,9,41.76246372,-87.70290451,POINT (-87.702904513708 41.76246372415)
JC422539,,9/6/2019 15:25,30,STOP SIGN/FLASHER,UNKNOWN,CLEAR,DAYLIGHT,SIDESWIPE SAME DIRECTION,ONE-WAY,,STRAIGHT AND LEVEL,DRY,NO DEFECTS,NOT ON SCENE (DESK REPORT),NO INJURY / DRIVE AWAY,,,,$500 OR LESS,9/6/2019 15:40,IMPROPER LANE USAGE,FOLLOWING TOO CLOSELY,339,E,25TH ST,133,,,,,,,2,NO INDICATION OF INJURY,0,0,0,0,0,2,0,15,6,9,41.84741149,-87.6191313,POINT (-87.61913129922 41.847411486229)
JC422600,,9/6/2019 15:20,30,TRAFFIC SIGNAL,FUNCTIONING PROPERLY,CLEAR,DAYLIGHT,REAR END,NOT DIVIDED,,STRAIGHT AND LEVEL,DRY,NO DEFECTS,ON SCENE,INJURY AND / OR TOW DUE TO CRASH,,,,"OVER $1,500",9/6/2019 15:48,FOLLOWING TOO CLOSELY,NOT APPLICABLE,298,S,COLUMBUS DR,114,,,,,,,2,NO INDICATION OF INJURY,0,0,0,0,0,2,0,15,6,9,41.87838431,-87.62083163,POINT (-87.620831634157 41.87838430551)
JC422562,,9/6/2019 15:20,30,TRAFFIC SIGNAL,FUNCTIONING PROPERLY,CLEAR,DAYLIGHT,SIDESWIPE SAME DIRECTION,NOT DIVIDED,,STRAIGHT AND LEVEL,DRY,NO DEFECTS,ON SCENE,NO INJURY / DRIVE AWAY,Y,,,"$501 - $1,500",9/6/2019 15:21,EQUIPMENT - VEHICLE CONDITION,IMPROPER OVERTAKING/PASSING,2002,E,87TH ST,412,,,,,,,2,NO INDICATION OF INJURY,0,0,0,0,0,2,0,15,6,9,41.73716776,-87.57557734,POINT (-87.575577342668 41.737167762811)
JC422722,,9/6/2019 15:15,30,TRAFFIC SIGNAL,FUNCTIONING PROPERLY,CLEAR,DAYLIGHT,TURNING,NOT DIVIDED,,STRAIGHT AND LEVEL,DRY,NO DEFECTS,NOT ON SCENE (DESK REPORT),NO INJURY / DRIVE AWAY,Y,,,"$501 - $1,500",9/6/2019 17:32,UNABLE TO DETERMINE,UNABLE TO DETERMINE,644,N,LAKE SHORE DR SB,1834,,,,,,,2,NO INDICATION OF INJURY,0,0,0,0,0,2,0,15,6,9,41.89394985,-87.61508346,POINT (-87.615083457597 41.893949849381)
JC422544,,9/6/2019 15:15,30,NO CONTROLS,NO CONTROLS,CLEAR,DAYLIGHT,SIDESWIPE SAME DIRECTION,NOT DIVIDED,,STRAIGHT AND LEVEL,DRY,NO DEFECTS,ON SCENE,NO INJURY / DRIVE AWAY,,,Y,"$501 - $1,500",9/6/2019 15:20,FAILING TO YIELD RIGHT-OF-WAY,UNABLE TO DETERMINE,1954,N,HALSTED ST,1813,,,,,,,2,NO INDICATION OF INJURY,0,0,0,0,0,2,0,15,6,9,41.91754113,-87.64862901,POINT (-87.648629010271 41.917541126814)
JC422565,,9/6/2019 15:12,25,NO CONTROLS,NO CONTROLS,CLOUDY/OVERCAST,DAYLIGHT,PARKED MOTOR VEHICLE,NOT DIVIDED,,STRAIGHT AND LEVEL,DRY,NO DEFECTS,NOT ON SCENE (DESK REPORT),NO INJURY / DRIVE AWAY,,,Y,"$501 - $1,500",9/6/2019 15:44,UNABLE TO DETERMINE,UNABLE TO DETERMINE,7462,N,GREENVIEW AVE,2422,,,,,,,2,NO INDICATION OF INJURY,0,0,0,0,0,2,0,15,6,9,42.01787541,-87.66835047,POINT (-87.668350466783 42.017875407491)
JC422545,,9/6/2019 15:11,25,NO CONTROLS,UNKNOWN,CLEAR,DAYLIGHT,SIDESWIPE SAME DIRECTION,NOT DIVIDED,,STRAIGHT AND LEVEL,DRY,UNKNOWN,ON SCENE,INJURY AND / OR TOW DUE TO CRASH,N,,,"OVER $1,500",9/6/2019 15:18,UNABLE TO DETERMINE,UNABLE TO DETERMINE,3817,N,LOCKWOOD AVE,1634,,,,,,,2,NONINCAPACITATING INJURY,1,0,0,1,0,2,0,15,6,9,41.95017394,-87.75936768,POINT (-87.759367677586 41.950173943059)
JC422648,Y,9/6/2019 15:10,30,NO CONTROLS,NO CONTROLS,CLOUDY/OVERCAST,DAYLIGHT,SIDESWIPE SAME DIRECTION,NOT DIVIDED,,STRAIGHT AND LEVEL,DRY,NO DEFECTS,ON SCENE,NO INJURY / DRIVE AWAY,,,,"OVER $1,500",9/6/2019 16:14,FAILING TO YIELD RIGHT-OF-WAY,DRIVING SKILLS/KNOWLEDGE/EXPERIENCE,4025,N,AUSTIN AVE,1624,,,,,,,2,NO INDICATION OF INJURY,0,0,0,0,0,2,0,15,6,9,41.95385239,-87.77665526,POINT (-87.77665525671 41.95385239351)
JC422570,,9/6/2019 15:10,30,TRAFFIC SIGNAL,FUNCTIONING PROPERLY,CLEAR,DAYLIGHT,TURNING,FOUR WAY,,STRAIGHT AND LEVEL,DRY,NO DEFECTS,ON SCENE,INJURY AND / OR TOW DUE TO CRASH,Y,,,"OVER $1,500",9/6/2019 15:12,UNABLE TO DETERMINE,UNABLE TO DETERMINE,2600,S,MICHIGAN AVE,133,,,,,,,2,NONINCAPACITATING INJURY,1,0,0,1,0,1,0,15,6,9,41.84556816,-87.62378129,POINT (-87.623781285937 41.845568155896)
JC422536,,9/6/2019 15:10,35,NO CONTROLS,NO CONTROLS,CLEAR,DAYLIGHT,SIDESWIPE SAME DIRECTION,ONE-WAY,,STRAIGHT AND LEVEL,DRY,NO DEFECTS,ON SCENE,NO INJURY / DRIVE AWAY,,,,"$501 - $1,500",9/6/2019 15:22,FAILING TO YIELD RIGHT-OF-WAY,IMPROPER LANE USAGE,659,W,WASHINGTON BLVD,121,,,,,,,2,NO INDICATION OF INJURY,0,0,0,0,0,2,0,15,6,9,41.88305174,-87.64506444,POINT (-87.645064442023 41.8830517352)
JC422526,,9/6/2019 15:02,25,NO CONTROLS,NO CONTROLS,CLEAR,DAYLIGHT,REAR END,DIVIDED - W/MEDIAN BARRIER,,STRAIGHT AND LEVEL,DRY,NO DEFECTS,ON SCENE,INJURY AND / OR TOW DUE TO CRASH,,,,"OVER $1,500",9/6/2019 15:04,FAILING TO REDUCE SPEED TO AVOID CRASH,NOT APPLICABLE,358,E,MARQUETTE RD,312,,,,,,,2,NO INDICATION OF INJURY,0,0,0,0,0,4,0,15,6,9,41.77306347,-87.61643729,POINT (-87.616437287166 41.773063466936)
JC422537,,9/6/2019 15:01,30,STOP SIGN/FLASHER,FUNCTIONING PROPERLY,CLOUDY/OVERCAST,DAYLIGHT,ANGLE,UNKNOWN INTERSECTION TYPE,,STRAIGHT ON GRADE,DRY,NO DEFECTS,ON SCENE,INJURY AND / OR TOW DUE TO CRASH,Y,,,"OVER $1,500",9/6/2019 15:04,FAILING TO YIELD RIGHT-OF-WAY,NOT APPLICABLE,1858,W,OGDEN AVE,1225,,,,,,,2,NO INDICATION OF INJURY,0,0,0,0,0,2,0,15,6,9,41.87563351,-87.67318344,POINT (-87.673183435552 41.87563350517)
JC426511,,9/6/2019 14:55,30,TRAFFIC SIGNAL,FUNCTIONING PROPERLY,CLEAR,DAYLIGHT,TURNING,DIVIDED - W/MEDIAN (NOT RAISED),,STRAIGHT AND LEVEL,DRY,NO DEFECTS,NOT ON SCENE (DESK REPORT),NO INJURY / DRIVE AWAY,,,,$500 OR LESS,9/9/2019 18:00,UNABLE TO DETERMINE,NOT APPLICABLE,2401,W,NORTH AVE,1423,,,,,,,2,NO INDICATION OF INJURY,0,0,0,0,0,3,0,14,6,9,41.91021036,-87.68727936,POINT (-87.687279355859 41.910210360084)
JC422527,,9/6/2019 14:55,35,TRAFFIC SIGNAL,FUNCTIONING PROPERLY,CLEAR,DAYLIGHT,TURNING,DIVIDED - W/MEDIAN (NOT RAISED),,STRAIGHT AND LEVEL,DRY,NO DEFECTS,ON SCENE,INJURY AND / OR TOW DUE TO CRASH,Y,,,"OVER $1,500",9/6/2019 14:57,FAILING TO YIELD RIGHT-OF-WAY,NOT APPLICABLE,10300,S,WESTERN AVE,2211,,,,,,,2,NO INDICATION OF INJURY,0,0,0,0,0,2,0,14,6,9,41.70628233,-87.6817636,POINT (-87.68176359458 41.706282331898)
JC422577,,9/6/2019 14:53,25,TRAFFIC SIGNAL,FUNCTIONING PROPERLY,CLEAR,DAYLIGHT,PEDESTRIAN,DIVIDED - W/MEDIAN BARRIER,,STRAIGHT AND LEVEL,DRY,NO DEFECTS,ON SCENE,NO INJURY / DRIVE AWAY,,,,$500 OR LESS,9/6/2019 15:53,FAILING TO YIELD RIGHT-OF-WAY,NOT APPLICABLE,1384,W,HARRISON ST,1231,,,,,,,2,NO INDICATION OF INJURY,0,0,0,0,0,2,0,14,6,9,41.87431509,-87.66168932,POINT (-87.661689316515 41.874315093895)
JC422524,Y,9/6/2019 14:53,30,NO CONTROLS,NO CONTROLS,CLOUDY/OVERCAST,DAYLIGHT,PARKED MOTOR VEHICLE,DIVIDED - W/MEDIAN (NOT RAISED),,STRAIGHT AND LEVEL,DRY,NO DEFECTS,ON SCENE,INJURY AND / OR TOW DUE TO CRASH,,,,"OVER $1,500",9/6/2019 14:59,DRIVING SKILLS/KNOWLEDGE/EXPERIENCE,DRIVING SKILLS/KNOWLEDGE/EXPERIENCE,3821,W,ROOSEVELT RD,1011,,,,,,,2,NO INDICATION OF INJURY,0,0,0,0,0,1,0,14,6,9,41.86611949,-87.72092757,POINT (-87.720927573996 41.866119493974)
JC422498,,9/6/2019 14:35,30,OTHER,UNKNOWN,CLEAR,DAYLIGHT,TURNING,FOUR WAY,,STRAIGHT AND LEVEL,DRY,NO DEFECTS,ON SCENE,NO INJURY / DRIVE AWAY,,,,"OVER $1,500",9/6/2019 14:44,IMPROPER TURNING/NO SIGNAL,NOT APPLICABLE,5745,N,BROADWAY,2022,,,,,,,2,NO INDICATION OF INJURY,0,0,0,0,0,3,0,14,6,9,41.98673178,-87.6600154,POINT (-87.660015404264 41.986731776314)
JC432020,,9/6/2019 14:30,35,TRAFFIC SIGNAL,FUNCTIONING PROPERLY,CLEAR,DAYLIGHT,SIDESWIPE SAME DIRECTION,NOT DIVIDED,,STRAIGHT AND LEVEL,DRY,NO DEFECTS,ON SCENE,NO INJURY / DRIVE AWAY,,,,"OVER $1,500",9/13/2019 14:34,DISTRACTION - FROM INSIDE VEHICLE,NOT APPLICABLE,3010,E,92ND ST,424,,,,,,,2,NO INDICATION OF INJURY,0,0,0,0,0,2,0,14,6,9,41.7283667,-87.55072922,POINT (-87.550729215135 41.728366703815)
JC422525,,9/6/2019 14:30,25,NO CONTROLS,NO CONTROLS,CLEAR,DAYLIGHT,SIDESWIPE SAME DIRECTION,NOT DIVIDED,,STRAIGHT AND LEVEL,DRY,NO DEFECTS,ON SCENE,NO INJURY / DRIVE AWAY,,,,"OVER $1,500",9/6/2019 14:35,UNABLE TO DETERMINE,NOT APPLICABLE,4736,N,DAMEN AVE,1911,,,,,,,2,NO INDICATION OF INJURY,0,0,0,0,0,2,0,14,6,9,41.96800646,-87.67931185,POINT (-87.679311846689 41.968006462176)
JC422519,,9/6/2019 14:30,30,NO CONTROLS,NO CONTROLS,CLEAR,DAYLIGHT,SIDESWIPE SAME DIRECTION,NOT DIVIDED,,STRAIGHT AND LEVEL,DRY,NO DEFECTS,NOT ON SCENE (DESK REPORT),NO INJURY / DRIVE AWAY,,,,$500 OR LESS,9/6/2019 15:30,NOT APPLICABLE,NOT APPLICABLE,4700,S,DAMEN AVE,931,,,,,,,2,NO INDICATION OF INJURY,0,0,0,0,0,2,0,14,6,9,41.80841675,-87.67483107,POINT (-87.67483107178 41.808416744713)
JC422495,,9/6/2019 14:30,10,NO CONTROLS,NO CONTROLS,CLOUDY/OVERCAST,DAYLIGHT,PARKED MOTOR VEHICLE,PARKING LOT,,STRAIGHT AND LEVEL,UNKNOWN,UNKNOWN,NOT ON SCENE (DESK REPORT),NO INJURY / DRIVE AWAY,,,Y,"$501 - $1,500",9/6/2019 14:43,UNABLE TO DETERMINE,UNABLE TO DETERMINE,4545,N,BROADWAY,1914,,,,,,,2,NO INDICATION OF INJURY,0,0,0,0,0,1,0,14,6,9,41.96492575,-87.65700813,POINT (-87.657008132355 41.964925752877)
JC422484,,9/6/2019 14:25,35,TRAFFIC SIGNAL,FUNCTIONING PROPERLY,CLEAR,DAYLIGHT,SIDESWIPE SAME DIRECTION,ONE-WAY,,STRAIGHT AND LEVEL,DRY,NO DEFECTS,ON SCENE,NO INJURY / DRIVE AWAY,Y,,,"$501 - $1,500",9/6/2019 14:27,IMPROPER OVERTAKING/PASSING,DRIVING SKILLS/KNOWLEDGE/EXPERIENCE,363,W,ONTARIO ST,1831,,,,,,,2,NO INDICATION OF INJURY,0,0,0,0,0,2,0,14,6,9,41.89302506,-87.63802327,POINT (-87.638023272571 41.893025062847)
JC422478,,9/6/2019 14:24,30,STOP SIGN/FLASHER,UNKNOWN,CLEAR,DAYLIGHT,SIDESWIPE SAME DIRECTION,NOT DIVIDED,,STRAIGHT AND LEVEL,DRY,NO DEFECTS,ON SCENE,NO INJURY / DRIVE AWAY,,,,$500 OR LESS,9/6/2019 14:24,IMPROPER OVERTAKING/PASSING,UNABLE TO DETERMINE,401,E,BOWEN AVE,214,,,,,,,,,,,,,,,,14,6,9,41.81922851,-87.61645178,POINT (-87.616451775295 41.819228512714)
JC422610,,9/6/2019 14:20,30,NO CONTROLS,NO CONTROLS,CLEAR,DAYLIGHT,SIDESWIPE SAME DIRECTION,ONE-WAY,,STRAIGHT AND LEVEL,DRY,NO DEFECTS,NOT ON SCENE (DESK REPORT),NO INJURY / DRIVE AWAY,,,,"$501 - $1,500",9/6/2019 16:11,NOT APPLICABLE,NOT APPLICABLE,4700,S,HOYNE AVE,931,,,,,,,2,NO INDICATION OF INJURY,0,0,0,0,0,2,0,14,6,9,41.80840728,-87.67726298,POINT (-87.677262976184 41.808407279119)
JC422513,,9/6/2019 14:20,30,NO CONTROLS,NO CONTROLS,CLOUDY/OVERCAST,DAYLIGHT,ANGLE,NOT DIVIDED,,STRAIGHT AND LEVEL,DRY,NO DEFECTS,NOT ON SCENE (DESK REPORT),NO INJURY / DRIVE AWAY,,,Y,"$501 - $1,500",9/6/2019 15:00,UNABLE TO DETERMINE,NOT APPLICABLE,2353,W,CERMAK RD,1034,,,,,,,2,NO INDICATION OF INJURY,0,0,0,0,0,2,0,14,6,9,41.85192306,-87.68535929,POINT (-87.685359293618 41.851923056735)
JC422507,,9/6/2019 14:19,30,NO CONTROLS,NO CONTROLS,CLEAR,DAYLIGHT,SIDESWIPE SAME DIRECTION,NOT DIVIDED,,STRAIGHT AND LEVEL,DRY,NO DEFECTS,ON SCENE,NO INJURY / DRIVE AWAY,,,,"OVER $1,500",9/6/2019 14:19,DRIVING SKILLS/KNOWLEDGE/EXPERIENCE,NOT APPLICABLE,7838,S,COTTAGE GROVE AVE,624,,,,,,,2,NO INDICATION OF INJURY,0,0,0,0,0,2,0,14,6,9,41.7519405,-87.60536808,POINT (-87.605368081793 41.751940503348)
JC422472,,9/6/2019 14:16,30,TRAFFIC SIGNAL,FUNCTIONING PROPERLY,CLEAR,DAYLIGHT,PARKED MOTOR VEHICLE,NOT DIVIDED,,STRAIGHT AND LEVEL,DRY,NO DEFECTS,ON SCENE,INJURY AND / OR TOW DUE TO CRASH,Y,,,"OVER $1,500",9/6/2019 14:18,DISREGARDING ROAD MARKINGS,NOT APPLICABLE,6314,S,ASHLAND AVE,725,,,,,,,2,NO INDICATION OF INJURY,0,0,0,0,0,1,0,14,6,9,41.77897857,-87.6643543,POINT (-87.664354296004 41.778978568903)
JC422650,,9/6/2019 14:15,15,NO CONTROLS,OTHER,RAIN,DAYLIGHT,REAR TO REAR,PARKING LOT,,STRAIGHT AND LEVEL,DRY,NO DEFECTS,NOT ON SCENE (DESK REPORT),NO INJURY / DRIVE AWAY,,,,"OVER $1,500",9/6/2019 16:35,IMPROPER BACKING,UNABLE TO DETERMINE,3857,S,DR MARTIN LUTHER KING JR DR,212,,,,,,,2,NO INDICATION OF INJURY,0,0,0,0,0,2,0,14,6,9,41.82398325,-87.61685389,POINT (-87.616853890785 41.823983251515)
JC422528,,9/6/2019 14:15,30,NO CONTROLS,NO CONTROLS,CLOUDY/OVERCAST,DAYLIGHT,PARKED MOTOR VEHICLE,NOT DIVIDED,,STRAIGHT AND LEVEL,DRY,NO DEFECTS,ON SCENE,INJURY AND / OR TOW DUE TO CRASH,,,,"OVER $1,500",9/6/2019 14:15,DRIVING SKILLS/KNOWLEDGE/EXPERIENCE,NOT APPLICABLE,950,W,ARMITAGE AVE,1812,,,,,,,2,NO INDICATION OF INJURY,0,0,0,0,0,1,0,14,6,9,41.91822112,-87.65297305,POINT (-87.652973052976 41.918221120709)
JC422485,,9/6/2019 14:07,30,NO CONTROLS,NO CONTROLS,CLEAR,DAYLIGHT,PARKED MOTOR VEHICLE,PARKING LOT,,STRAIGHT AND LEVEL,DRY,NO DEFECTS,ON SCENE,NO INJURY / DRIVE AWAY,,,,"$501 - $1,500",9/6/2019 14:08,IMPROPER BACKING,NOT APPLICABLE,12525,S,CARONDOLET AVE,433,,,,,,,2,NO INDICATION OF INJURY,0,0,0,0,0,1,0,14,6,9,41.66744478,-87.54941823,POINT (-87.549418232998 41.667444774662)
JC422502,,9/6/2019 14:05,30,TRAFFIC SIGNAL,FUNCTIONING PROPERLY,CLOUDY/OVERCAST,DAYLIGHT,REAR END,NOT DIVIDED,,STRAIGHT ON GRADE,DRY,UNKNOWN,NOT ON SCENE (DESK REPORT),NO INJURY / DRIVE AWAY,,,Y,"OVER $1,500",9/6/2019 14:55,FAILING TO REDUCE SPEED TO AVOID CRASH,NOT APPLICABLE,5932,W,WASHINGTON BLVD,1512,,,,,,,3,NO INDICATION OF INJURY,0,0,0,0,0,3,0,14,6,9,41.88223613,-87.77322013,POINT (-87.773220128199 41.882236125636)
JC432301,,9/6/2019 14:00,30,NO CONTROLS,NO CONTROLS,CLEAR,DAYLIGHT,PARKED MOTOR VEHICLE,NOT DIVIDED,,STRAIGHT AND LEVEL,DRY,NO DEFECTS,NOT ON SCENE (DESK REPORT),NO INJURY / DRIVE AWAY,,,,"OVER $1,500",9/13/2019 19:50,DRIVING SKILLS/KNOWLEDGE/EXPERIENCE,NOT APPLICABLE,2054,N,CALIFORNIA AVE,1414,,,,,,,2,NO INDICATION OF INJURY,0,0,0,0,0,1,0,14,6,9,41.91903825,-87.69739138,POINT (-87.697391376768 41.919038252039)
JC423931,,9/6/2019 14:00,20,STOP SIGN/FLASHER,FUNCTIONING PROPERLY,CLOUDY/OVERCAST,DAYLIGHT,PARKED MOTOR VEHICLE,NOT DIVIDED,,STRAIGHT AND LEVEL,DRY,NO DEFECTS,NOT ON SCENE (DESK REPORT),NO INJURY / DRIVE AWAY,,,Y,"$501 - $1,500",9/7/2019 17:00,UNABLE TO DETERMINE,NOT APPLICABLE,6217,N,GREENVIEW AVE,2433,,,,,,,2,NO INDICATION OF INJURY,0,0,0,0,0,1,0,14,6,9,41.9950203,-87.66759021,POINT (-87.667590209734 41.995020300327)
JC422557,,9/6/2019 14:00,40,NO CONTROLS,NO CONTROLS,CLEAR,DAYLIGHT,OTHER NONCOLLISION,DIVIDED - W/MEDIAN BARRIER,,STRAIGHT AND LEVEL,DRY,OTHER,ON SCENE,INJURY AND / OR TOW DUE TO CRASH,,,,"OVER $1,500",9/6/2019 14:20,DRIVING SKILLS/KNOWLEDGE/EXPERIENCE,NOT APPLICABLE,5645,N,LAKE SHORE DR SB,2022,,,,,,,1,NONINCAPACITATING INJURY,1,0,0,1,0,0,0,14,6,9,41.98514608,-87.65308634,POINT (-87.653086336546 41.985146083219)
JC422467,,9/6/2019 14:00,30,NO CONTROLS,NO CONTROLS,CLEAR,DAYLIGHT,ANGLE,NOT DIVIDED,,STRAIGHT AND LEVEL,DRY,NO DEFECTS,NOT ON SCENE (DESK REPORT),INJURY AND / OR TOW DUE TO CRASH,,,Y,"$501 - $1,500",9/6/2019 14:25,UNABLE TO DETERMINE,UNABLE TO DETERMINE,298,W,KINZIE ST,1831,,,,,,,2,NONINCAPACITATING INJURY,1,0,0,1,0,1,0,14,6,9,41.88925924,-87.63543436,POINT (-87.63543436357 41.889259239419)
JC422493,,9/6/2019 13:59,30,NO CONTROLS,NO CONTROLS,CLEAR,DAYLIGHT,SIDESWIPE SAME DIRECTION,NOT DIVIDED,,STRAIGHT AND LEVEL,DRY,NO DEFECTS,NOT ON SCENE (DESK REPORT),NO INJURY / DRIVE AWAY,,,,$500 OR LESS,9/6/2019 14:52,UNABLE TO DETERMINE,UNABLE TO DETERMINE,32,E,HURON ST,1834,,,,,,,2,NO INDICATION OF INJURY,0,0,0,0,0,2,0,13,6,9,41.89500492,-87.62687687,POINT (-87.626876869297 41.895004916666)
JC422416,,9/6/2019 13:49,30,NO CONTROLS,NO CONTROLS,CLEAR,DAYLIGHT,FIXED OBJECT,NOT DIVIDED,,STRAIGHT AND LEVEL,DRY,NO DEFECTS,ON SCENE,NO INJURY / DRIVE AWAY,,Y,,"OVER $1,500",9/6/2019 13:50,IMPROPER BACKING,IMPROPER BACKING,1549,W,DIVISION ST,1213,,,,,,,1,NO INDICATION OF INJURY,0,0,0,0,0,1,0,13,6,9,41.90324287,-87.66706205,POINT (-87.667062047823 41.903242865455)
JC422479,,9/6/2019 13:47,30,NO CONTROLS,NO CONTROLS,CLEAR,DAYLIGHT,ANGLE,UNKNOWN INTERSECTION TYPE,,STRAIGHT AND LEVEL,DRY,NO DEFECTS,ON SCENE,INJURY AND / OR TOW DUE TO CRASH,,,,"OVER $1,500",9/6/2019 13:48,UNABLE TO DETERMINE,UNABLE TO DETERMINE,531,E,63RD ST,312,,,,,,,2,NO INDICATION OF INJURY,0,0,0,0,0,2,0,13,6,9,41.78019205,-87.61207801,POINT (-87.612078011969 41.780192050061)
JC435454,,9/6/2019 13:45,30,NO CONTROLS,NO CONTROLS,CLEAR,DAYLIGHT,PARKED MOTOR VEHICLE,DIVIDED - W/MEDIAN (NOT RAISED),,STRAIGHT AND LEVEL,DRY,NO DEFECTS,NOT ON SCENE (DESK REPORT),NO INJURY / DRIVE AWAY,,,Y,"OVER $1,500",9/16/2019 11:25,UNABLE TO DETERMINE,NOT APPLICABLE,6338,S,COTTAGE GROVE AVE,312,,,,,,,2,NO INDICATION OF INJURY,0,0,0,0,0,1,0,13,6,9,41.77924681,-87.60605192,POINT (-87.606051915116 41.779246809736)
JC422512,,9/6/2019 13:45,30,NO CONTROLS,NO CONTROLS,CLEAR,DAYLIGHT,SIDESWIPE SAME DIRECTION,NOT DIVIDED,,STRAIGHT AND LEVEL,DRY,NO DEFECTS,NOT ON SCENE (DESK REPORT),NO INJURY / DRIVE AWAY,,,N,"$501 - $1,500",9/6/2019 15:08,UNABLE TO DETERMINE,UNABLE TO DETERMINE,3400,S,KEDZIE AVE,911,,,,,,,2,NO INDICATION OF INJURY,0,0,0,0,0,2,0,13,6,9,41.83157425,-87.70481472,POINT (-87.704814715769 41.831574253207)
JC422471,,9/6/2019 13:40,25,NO CONTROLS,NO CONTROLS,CLEAR,DAYLIGHT,SIDESWIPE SAME DIRECTION,ONE-WAY,,STRAIGHT AND LEVEL,DRY,NO DEFECTS,NOT ON SCENE (DESK REPORT),NO INJURY / DRIVE AWAY,,,,"OVER $1,500",9/6/2019 14:34,UNABLE TO DETERMINE,NOT APPLICABLE,100,N,WELLS ST,122,,,,,,,2,NO INDICATION OF INJURY,0,0,0,0,0,5,0,13,6,9,41.88324209,-87.63400682,POINT (-87.634006820981 41.88324209419)
JC427694,,9/6/2019 13:30,15,NO CONTROLS,NO CONTROLS,CLEAR,DAYLIGHT,PARKED MOTOR VEHICLE,PARKING LOT,,STRAIGHT AND LEVEL,DRY,NO DEFECTS,NOT ON SCENE (DESK REPORT),NO INJURY / DRIVE AWAY,,,Y,"$501 - $1,500",9/10/2019 15:42,UNABLE TO DETERMINE,NOT APPLICABLE,4200,S,PULASKI RD,815,,,,,,,2,NO INDICATION OF INJURY,0,0,0,0,0,1,0,13,6,9,41.81690171,-87.72405154,POINT (-87.724051536308 41.816901707548)
JC422854,,9/6/2019 13:30,30,NO CONTROLS,NO CONTROLS,CLEAR,DAYLIGHT,SIDESWIPE SAME DIRECTION,NOT DIVIDED,,STRAIGHT AND LEVEL,DRY,NO DEFECTS,NOT ON SCENE (DESK REPORT),NO INJURY / DRIVE AWAY,,,,"OVER $1,500",9/6/2019 19:00,UNABLE TO DETERMINE,UNABLE TO DETERMINE,1636,W,ARMITAGE AVE,1432,,,,,,,2,NO INDICATION OF INJURY,0,0,0,0,0,2,0,13,6,9,41.91802728,-87.66911127,POINT (-87.669111271911 41.918027280755)