RD_NO,CRASH_DATE_EST_I,CRASH_DATE,POSTED_SPEED_LIMIT,TRAFFIC_CONTROL_DEVICE,DEVICE_CONDITION,WEATHER_CONDITION,LIGHTING_CONDITION,FIRST_CRASH_TYPE,TRAFFICWAY_TYPE,LANE_CNT,ALIGNMENT,ROADWAY_SURFACE_COND,ROAD_DEFECT,REPORT_TYPE,CRASH_TYPE,INTERSECTION_RELATED_I,NOT_RIGHT_OF_WAY_I,HIT_AND_RUN_I,DAMAGE,DATE_POLICE_NOTIFIED,PRIM_CONTRIBUTORY_CAUSE,SEC_CONTRIBUTORY_CAUSE,STREET_NO,STREET_DIRECTION,STREET_NAME,BEAT_OF_OCCURRENCE,PHOTOS_TAKEN_I,STATEMENTS_TAKEN_I,DOORING_I,WORK_ZONE_I,WORK_ZONE_TYPE,WORKERS_PRESENT_I,NUM_UNITS,MOST_SEVERE_INJURY,INJURIES_TOTAL,INJURIES_FATAL,INJURIES_INCAPACITATING,INJURIES_NON_INCAPACITATING,INJURIES_REPORTED_NOT_EVIDENT,INJURIES_NO_INDICATION,INJURIES_UNKNOWN,CRASH_HOUR,CRASH_DAY_OF_WEEK,CRASH_MONTH,LATITUDE,LONGITUDE,LOCATION
JC422670,,9/6/2019 13:30,30,NO CONTROLS,NO CONTROLS,CLOUDY/OVERCAST,DAYLIGHT,REAR END,NOT DIVIDED,,STRAIGHT AND LEVEL,DRY,UNKNOWN,NOT ON SCENE (DESK REPORT),NO INJURY / DRIVE AWAY,,,,"$501 - $1,500",9/6/2019 17:00,UNABLE TO DETERMINE,NOT APPLICABLE,7800,S,DAMEN AVE,611,,,,,,,2,NO INDICATION OF INJURY,0,0,0,0,0,2,0,13,6,9,41.75196209,-87.67332799,POINT (-87.673327991846 41.751962093076)
JC422622,,9/6/2019 13:30,10,NO CONTROLS,NO CONTROLS,CLEAR,DAYLIGHT,PARKED MOTOR VEHICLE,PARKING LOT,,STRAIGHT AND LEVEL,DRY,NO DEFECTS,NOT ON SCENE (DESK REPORT),NO INJURY / DRIVE AWAY,,Y,Y,"$501 - $1,500",9/6/2019 16:25,IMPROPER BACKING,NOT APPLICABLE,1710,N,KOSTNER AVE,2533,,,,,,,2,NO INDICATION OF INJURY,0,0,0,0,0,1,0,13,6,9,41.91194623,-87.73632108,POINT (-87.736321081128 41.91194623298)
JC422448,,9/6/2019 13:30,30,NO CONTROLS,NO CONTROLS,CLEAR,DAYLIGHT,TURNING,DIVIDED - W/MEDIAN (NOT RAISED),,STRAIGHT AND LEVEL,DRY,NO DEFECTS,NOT ON SCENE (DESK REPORT),NO INJURY / DRIVE AWAY,,,,"$501 - $1,500",9/6/2019 14:14,IMPROPER OVERTAKING/PASSING,NOT APPLICABLE,5521,S,KEDZIE AVE,824,,,,,,,2,NO INDICATION OF INJURY,0,0,0,0,0,2,0,13,6,9,41.79286167,-87.70338926,POINT (-87.703389258136 41.792861669618)
JC422433,,9/6/2019 13:30,25,STOP SIGN/FLASHER,FUNCTIONING PROPERLY,CLEAR,DAYLIGHT,ANGLE,NOT DIVIDED,,STRAIGHT AND LEVEL,DRY,NO DEFECTS,ON SCENE,INJURY AND / OR TOW DUE TO CRASH,Y,,,"OVER $1,500",9/6/2019 13:35,UNABLE TO DETERMINE,UNABLE TO DETERMINE,10100,S,CALUMET AVE,511,,,,,,,2,NONINCAPACITATING INJURY,2,0,0,1,1,0,0,13,6,9,41.71084789,-87.61522324,POINT (-87.615223239384 41.710847890204)
JC422685,,9/6/2019 13:26,30,NO CONTROLS,NO CONTROLS,CLEAR,DAYLIGHT,TURNING,DIVIDED - W/MEDIAN (NOT RAISED),,STRAIGHT AND LEVEL,DRY,NO DEFECTS,NOT ON SCENE (DESK REPORT),NO INJURY / DRIVE AWAY,,,,"$501 - $1,500",9/6/2019 17:05,FAILING TO YIELD RIGHT-OF-WAY,DRIVING SKILLS/KNOWLEDGE/EXPERIENCE,11030,S,KEDZIE AVE,2211,,,,,,,2,NO INDICATION OF INJURY,0,0,0,0,0,3,0,13,6,9,41.69244913,-87.70100334,POINT (-87.701003335625 41.692449134175)
JC422410,,9/6/2019 13:20,30,TRAFFIC SIGNAL,FUNCTIONING PROPERLY,CLEAR,DAYLIGHT,PEDALCYCLIST,NOT DIVIDED,,STRAIGHT AND LEVEL,DRY,NO DEFECTS,ON SCENE,INJURY AND / OR TOW DUE TO CRASH,,,Y,$500 OR LESS,9/6/2019 13:26,IMPROPER OVERTAKING/PASSING,FAILING TO REDUCE SPEED TO AVOID CRASH,5546,N,PULASKI RD,1712,,,,,,,2,NONINCAPACITATING INJURY,1,0,0,1,0,1,0,13,6,9,41.98239011,-87.72856971,POINT (-87.728569705001 41.982390106411)
JC422432,,9/6/2019 13:17,25,TRAFFIC SIGNAL,UNKNOWN,CLEAR,DAYLIGHT,REAR END,DIVIDED - W/MEDIAN (NOT RAISED),,STRAIGHT AND LEVEL,UNKNOWN,NO DEFECTS,NOT ON SCENE (DESK REPORT),NO INJURY / DRIVE AWAY,,,,"OVER $1,500",9/6/2019 13:45,FAILING TO REDUCE SPEED TO AVOID CRASH,NOT APPLICABLE,5570,N,PULASKI RD,1712,,,,,,,2,NO INDICATION OF INJURY,0,0,0,0,0,2,0,13,6,9,41.98273663,-87.72857756,POINT (-87.728577559745 41.982736627299)
JC425672,,9/6/2019 13:15,10,NO CONTROLS,NO CONTROLS,CLEAR,DAYLIGHT,REAR TO SIDE,PARKING LOT,,STRAIGHT AND LEVEL,DRY,NO DEFECTS,NOT ON SCENE (DESK REPORT),NO INJURY / DRIVE AWAY,,Y,,"OVER $1,500",9/9/2019 8:40,IMPROPER BACKING,NOT APPLICABLE,4750,N,CUMBERLAND AVE,1614,,,,,,,2,NO INDICATION OF INJURY,0,0,0,0,0,2,0,13,6,9,41.96652597,-87.8368294,POINT (-87.83682939738 41.966525969862)
JC422451,,9/6/2019 13:15,30,NO CONTROLS,NO CONTROLS,CLOUDY/OVERCAST,DAYLIGHT,ANGLE,ONE-WAY,,STRAIGHT ON GRADE,DRY,NO DEFECTS,NOT ON SCENE (DESK REPORT),NO INJURY / DRIVE AWAY,,,,"OVER $1,500",9/6/2019 14:00,UNABLE TO DETERMINE,NOT APPLICABLE,765,W,ADAMS ST,1232,,,,,,,2,NO INDICATION OF INJURY,0,0,0,0,0,2,0,13,6,9,41.87911724,-87.64660719,POINT (-87.646607192167 41.879117244017)
JC422424,,9/6/2019 13:15,35,NO CONTROLS,NO CONTROLS,CLOUDY/OVERCAST,DAYLIGHT,FIXED OBJECT,PARKING LOT,,STRAIGHT AND LEVEL,DRY,NO DEFECTS,ON SCENE,NO INJURY / DRIVE AWAY,,Y,,$500 OR LESS,9/6/2019 13:30,DRIVING SKILLS/KNOWLEDGE/EXPERIENCE,UNABLE TO DETERMINE,5897,S,ARCHER AVE,811,,,,,,,2,NO INDICATION OF INJURY,0,0,0,0,0,2,0,13,6,9,41.79554052,-87.76276028,POINT (-87.762760284172 41.795540523432)
JC422409,,9/6/2019 13:15,15,NO CONTROLS,NO CONTROLS,CLEAR,DAYLIGHT,REAR TO FRONT,ONE-WAY,,STRAIGHT AND LEVEL,UNKNOWN,UNKNOWN,NOT ON SCENE (DESK REPORT),NO INJURY / DRIVE AWAY,,,,"OVER $1,500",9/6/2019 13:45,IMPROPER BACKING,FAILING TO REDUCE SPEED TO AVOID CRASH,2328,S,MICHIGAN AVE,131,,,,,,,2,NO INDICATION OF INJURY,0,0,0,0,0,2,0,13,6,9,41.85022714,-87.62388554,POINT (-87.623885536965 41.850227144241)
JC422394,,9/6/2019 13:07,35,TRAFFIC SIGNAL,FUNCTIONING PROPERLY,CLEAR,DAYLIGHT,REAR END,FOUR WAY,,STRAIGHT AND LEVEL,DRY,NO DEFECTS,ON SCENE,INJURY AND / OR TOW DUE TO CRASH,Y,,Y,"OVER $1,500",9/6/2019 13:32,MOTORCYCLE ADVANCING LEGALLY ON RED LIGHT,MOTORCYCLE ADVANCING LEGALLY ON RED LIGHT,6400,S,COTTAGE GROVE AVE,312,,,,,,,2,NONINCAPACITATING INJURY,1,0,0,1,0,1,0,13,6,9,41.77850179,-87.60603509,POINT (-87.606035086379 41.778501794315)
JC422688,,9/6/2019 13:00,30,TRAFFIC SIGNAL,FUNCTIONING PROPERLY,CLEAR,DAYLIGHT,REAR END,NOT DIVIDED,,STRAIGHT AND LEVEL,DRY,NO DEFECTS,,NO INJURY / DRIVE AWAY,,,,"OVER $1,500",9/6/2019 16:05,UNABLE TO DETERMINE,NOT APPLICABLE,5900,S,WESTERN AVE,824,,,,,,,3,NO INDICATION OF INJURY,0,0,0,0,0,3,0,13,6,9,41.78643718,-87.68397525,POINT (-87.683975246481 41.786437174774)
JC422429,,9/6/2019 13:00,35,NO CONTROLS,NO CONTROLS,CLEAR,DAYLIGHT,PARKED MOTOR VEHICLE,ALLEY,,STRAIGHT AND LEVEL,DRY,NO DEFECTS,NOT ON SCENE (DESK REPORT),NO INJURY / DRIVE AWAY,,,Y,"$501 - $1,500",9/6/2019 13:50,UNABLE TO DETERMINE,UNABLE TO DETERMINE,2700,S,KOLIN AVE,1031,,,,,,,2,NO INDICATION OF INJURY,0,0,0,0,0,1,0,13,6,9,41.84220215,-87.73315862,POINT (-87.733158619068 41.842202153962)
JC422402,,9/6/2019 13:00,30,NO CONTROLS,NO CONTROLS,CLEAR,DAYLIGHT,SIDESWIPE SAME DIRECTION,NOT DIVIDED,,STRAIGHT AND LEVEL,DRY,NO DEFECTS,ON SCENE,NO INJURY / DRIVE AWAY,,,Y,"OVER $1,500",9/6/2019 13:14,FAILING TO YIELD RIGHT-OF-WAY,IMPROPER LANE USAGE,3612,W,26TH ST,1013,,,,,,,2,NO INDICATION OF INJURY,0,0,0,0,0,3,0,13,6,9,41.84448598,-87.71540098,POINT (-87.715400983686 41.844485974816)
JC422542,,9/6/2019 12:50,20,TRAFFIC SIGNAL,FUNCTIONING PROPERLY,CLEAR,DAYLIGHT,REAR END,NOT DIVIDED,,STRAIGHT AND LEVEL,DRY,NO DEFECTS,NOT ON SCENE (DESK REPORT),NO INJURY / DRIVE AWAY,,,,"$501 - $1,500",9/6/2019 15:30,FOLLOWING TOO CLOSELY,UNABLE TO DETERMINE,629,W,MONTROSE DR,1915,,,,,,,2,NO INDICATION OF INJURY,0,0,0,0,0,2,0,12,6,9,41.96180643,-87.64673875,POINT (-87.646738745597 41.96180643235)
JC422378,,9/6/2019 12:50,35,TRAFFIC SIGNAL,FUNCTIONING PROPERLY,CLEAR,DAYLIGHT,REAR END,NOT DIVIDED,,STRAIGHT AND LEVEL,DRY,NO DEFECTS,ON SCENE,INJURY AND / OR TOW DUE TO CRASH,,,,"OVER $1,500",9/6/2019 12:50,FAILING TO REDUCE SPEED TO AVOID CRASH,DISTRACTION - FROM INSIDE VEHICLE,6812,S,JEFFERY BLVD,332,,Y,,,,,2,NO INDICATION OF INJURY,0,0,0,0,0,2,0,12,6,9,41.7711948,-87.57658334,POINT (-87.576583335999 41.771194802485)
JC422342,,9/6/2019 12:40,30,NO CONTROLS,NO CONTROLS,CLOUDY/OVERCAST,DAYLIGHT,PARKED MOTOR VEHICLE,NOT DIVIDED,,STRAIGHT AND LEVEL,DRY,NO DEFECTS,ON SCENE,NO INJURY / DRIVE AWAY,,,Y,"OVER $1,500",9/6/2019 12:43,FAILING TO YIELD RIGHT-OF-WAY,NOT APPLICABLE,6444,S,LOCKWOOD AVE,813,,,,,,,2,NO INDICATION OF INJURY,0,0,0,0,0,1,0,12,6,9,41.7750033,-87.75456726,POINT (-87.754567257409 41.775003300817)
JC422346,Y,9/6/2019 12:31,30,TRAFFIC SIGNAL,FUNCTIONING PROPERLY,CLOUDY/OVERCAST,DAYLIGHT,REAR END,DIVIDED - W/MEDIAN (NOT RAISED),,STRAIGHT AND LEVEL,DRY,NO DEFECTS,ON SCENE,NO INJURY / DRIVE AWAY,N,,,"OVER $1,500",9/6/2019 12:35,FOLLOWING TOO CLOSELY,NOT APPLICABLE,147,N,OGDEN AVE,1224,,,,,,,2,NO INDICATION OF INJURY,0,0,0,0,0,4,0,12,6,9,41.88406971,-87.66327002,POINT (-87.663270015382 41.884069709437)
JC427435,,9/6/2019 12:30,30,NO CONTROLS,NO CONTROLS,CLEAR,DAYLIGHT,PEDESTRIAN,ONE-WAY,,STRAIGHT AND LEVEL,DRY,NO DEFECTS,NOT ON SCENE (DESK REPORT),INJURY AND / OR TOW DUE TO CRASH,,,Y,$500 OR LESS,9/10/2019 12:21,NOT APPLICABLE,NOT APPLICABLE,5840,S,HOMAN AVE,822,,,,,,,,,,,,,,,,12,6,9,41.78676693,-87.70841499,POINT (-87.708414992828 41.786766926421)
JC431638,,9/6/2019 12:25,30,STOP SIGN/FLASHER,NO CONTROLS,CLEAR,DAYLIGHT,ANGLE,FOUR WAY,,STRAIGHT AND LEVEL,DRY,NO DEFECTS,ON SCENE,INJURY AND / OR TOW DUE TO CRASH,Y,,,"OVER $1,500",9/13/2019 12:25,FAILING TO YIELD RIGHT-OF-WAY,NOT APPLICABLE,2700,N,OAK PARK AVE,2512,,,,,,,2,NO INDICATION OF INJURY,0,0,0,0,0,2,0,12,6,9,41.92915018,-87.79556003,POINT (-87.795560024922 41.929150184187)
JC422334,,9/6/2019 12:20,40,TRAFFIC SIGNAL,FUNCTIONING PROPERLY,CLOUDY/OVERCAST,DAYLIGHT,SIDESWIPE SAME DIRECTION,DIVIDED - W/MEDIAN BARRIER,,STRAIGHT AND LEVEL,DRY,NO DEFECTS,ON SCENE,INJURY AND / OR TOW DUE TO CRASH,Y,,,"OVER $1,500",9/6/2019 12:28,IMPROPER LANE USAGE,UNABLE TO DETERMINE,305,S,LAKE SHORE DR NB,114,,,,,,,3,NO INDICATION OF INJURY,0,0,0,0,0,3,0,12,6,9,41.87822501,-87.61704999,POINT (-87.617049984516 41.878225007137)
JC422735,,9/6/2019 12:15,30,NO CONTROLS,NO CONTROLS,CLEAR,DAYLIGHT,REAR END,NOT DIVIDED,,STRAIGHT AND LEVEL,DRY,NO DEFECTS,,NO INJURY / DRIVE AWAY,,,,"$501 - $1,500",9/6/2019 15:30,UNABLE TO DETERMINE,NOT APPLICABLE,5500,N,ST LOUIS AVE,1712,,,,,,,2,NO INDICATION OF INJURY,0,0,0,0,0,2,0,12,6,9,41.98124967,-87.71626385,POINT (-87.71626384798 41.981249671392)
JC422365,,9/6/2019 12:12,25,STOP SIGN/FLASHER,FUNCTIONING PROPERLY,CLEAR,DAYLIGHT,TURNING,FOUR WAY,,STRAIGHT AND LEVEL,DRY,NO DEFECTS,ON SCENE,INJURY AND / OR TOW DUE TO CRASH,Y,,,"OVER $1,500",9/6/2019 12:15,FAILING TO YIELD RIGHT-OF-WAY,NOT APPLICABLE,432,W,76TH ST,621,,Y,,,,,2,NO INDICATION OF INJURY,0,0,0,0,0,3,0,12,6,9,41.75634394,-87.63571946,POINT (-87.635719462129 41.756343935896)
JC422401,,9/6/2019 12:10,30,TRAFFIC SIGNAL,FUNCTIONING PROPERLY,CLEAR,DAYLIGHT,TURNING,DIVIDED - W/MEDIAN (NOT RAISED),,STRAIGHT AND LEVEL,DRY,NO DEFECTS,NOT ON SCENE (DESK REPORT),INJURY AND / OR TOW DUE TO CRASH,Y,,Y,"OVER $1,500",9/6/2019 12:27,IMPROPER OVERTAKING/PASSING,UNABLE TO DETERMINE,7598,S,HALSTED ST,621,,,,,,,2,"REPORTED, NOT EVIDENT",1,0,0,0,1,1,0,12,6,9,41.75616923,-87.6443321,POINT (-87.644332104248 41.756169227743)
JC422371,N,9/6/2019 12:05,30,NO CONTROLS,NO CONTROLS,CLEAR,DAYLIGHT,PEDALCYCLIST,T-INTERSECTION,,STRAIGHT AND LEVEL,DRY,NO DEFECTS,NOT ON SCENE (DESK REPORT),INJURY AND / OR TOW DUE TO CRASH,Y,,,"OVER $1,500",9/6/2019 12:50,DRIVING ON WRONG SIDE/WRONG WAY,"VISION OBSCURED (SIGNS, TREE LIMBS, BUILDINGS, ETC.)",1450,W,19TH ST,1233,,,,,,,2,NONINCAPACITATING INJURY,1,0,0,1,0,1,0,12,6,9,41.85613935,-87.66320883,POINT (-87.663208832542 41.856139353557)
JC422309,,9/6/2019 12:05,30,NO CONTROLS,NO CONTROLS,CLEAR,DAYLIGHT,SIDESWIPE SAME DIRECTION,NOT DIVIDED,,STRAIGHT AND LEVEL,DRY,NO DEFECTS,NOT ON SCENE (DESK REPORT),NO INJURY / DRIVE AWAY,,,Y,"OVER $1,500",9/6/2019 12:20,IMPROPER LANE USAGE,IMPROPER LANE USAGE,6257,S,COTTAGE GROVE AVE,313,,,,,,,2,NO INDICATION OF INJURY,0,0,0,0,0,2,0,12,6,9,41.78055964,-87.60578666,POINT (-87.605786660651 41.780559644211)
JC423806,,9/6/2019 12:00,15,NO CONTROLS,NO CONTROLS,CLEAR,DAYLIGHT,PARKED MOTOR VEHICLE,ONE-WAY,,STRAIGHT AND LEVEL,DRY,NO DEFECTS,NOT ON SCENE (DESK REPORT),NO INJURY / DRIVE AWAY,,,,"OVER $1,500",9/7/2019 15:30,IMPROPER BACKING,UNABLE TO DETERMINE,2247,N,AVERS AVE,2525,,,,,,,2,NO INDICATION OF INJURY,0,0,0,0,0,1,0,12,6,9,41.92226928,-87.72289217,POINT (-87.72289216589 41.922269283567)
JC422465,,9/6/2019 12:00,30,NO CONTROLS,NO CONTROLS,CLEAR,DAYLIGHT,PARKED MOTOR VEHICLE,ONE-WAY,,STRAIGHT AND LEVEL,DRY,"RUT, HOLES",NOT ON SCENE (DESK REPORT),NO INJURY / DRIVE AWAY,,,,"OVER $1,500",9/6/2019 14:19,NOT APPLICABLE,NOT APPLICABLE,3323,W,64TH PL,823,,,,,,,3,NO INDICATION OF INJURY,0,0,0,0,0,1,0,12,6,9,41.77606483,-87.70643912,POINT (-87.706439119689 41.776064832755)
JC422422,,9/6/2019 12:00,25,TRAFFIC SIGNAL,FUNCTIONING PROPERLY,CLEAR,DAYLIGHT,SIDESWIPE SAME DIRECTION,DIVIDED - W/MEDIAN (NOT RAISED),,STRAIGHT AND LEVEL,DRY,NO DEFECTS,ON SCENE,NO INJURY / DRIVE AWAY,,,,"$501 - $1,500",9/6/2019 13:50,UNABLE TO DETERMINE,UNABLE TO DETERMINE,2800,N,SHERIDAN RD,1934,,,,,,,2,NO INDICATION OF INJURY,0,0,0,0,0,2,0,12,6,9,41.93298718,-87.63946725,POINT (-87.639467252266 41.932987177105)
JC422396,Y,9/6/2019 12:00,25,NO CONTROLS,NO CONTROLS,CLEAR,DAYLIGHT,PARKED MOTOR VEHICLE,ONE-WAY,,STRAIGHT AND LEVEL,DRY,NO DEFECTS,NOT ON SCENE (DESK REPORT),NO INJURY / DRIVE AWAY,,,Y,"OVER $1,500",9/6/2019 13:30,UNABLE TO DETERMINE,UNABLE TO DETERMINE,4011,W,SCHOOL ST,1731,,,,,,,2,NO INDICATION OF INJURY,0,0,0,0,0,1,0,12,6,9,41.94076479,-87.72769091,POINT (-87.727690911623 41.940764785525)
JC422423,,9/6/2019 11:58,30,TRAFFIC SIGNAL,FUNCTIONING PROPERLY,CLEAR,DAYLIGHT,REAR END,T-INTERSECTION,,STRAIGHT AND LEVEL,DRY,NO DEFECTS,NOT ON SCENE (DESK REPORT),NO INJURY / DRIVE AWAY,,,,"$501 - $1,500",9/6/2019 13:58,FAILING TO REDUCE SPEED TO AVOID CRASH,FOLLOWING TOO CLOSELY,242,W,GARFIELD BLVD,935,,,,,,,2,NO INDICATION OF INJURY,0,0,0,0,0,2,0,11,6,9,41.79463883,-87.63226705,POINT (-87.632267045463 41.794638826304)
JC422455,,9/6/2019 11:36,10,NO CONTROLS,NO CONTROLS,CLEAR,DAYLIGHT,OTHER OBJECT,ONE-WAY,,STRAIGHT AND LEVEL,DRY,NO DEFECTS,ON SCENE,NO INJURY / DRIVE AWAY,,,Y,"$501 - $1,500",9/6/2019 14:05,IMPROPER OVERTAKING/PASSING,NOT APPLICABLE,300,E,24TH ST,132,,,,,,,1,NO INDICATION OF INJURY,0,0,0,0,0,1,0,11,6,9,41.84944348,-87.62053494,POINT (-87.620534935052 41.849443475788)
JC433377,,9/6/2019 11:35,30,UNKNOWN,UNKNOWN,CLEAR,DAYLIGHT,SIDESWIPE OPPOSITE DIRECTION,NOT DIVIDED,,STRAIGHT AND LEVEL,DRY,NO DEFECTS,ON SCENE,INJURY AND / OR TOW DUE TO CRASH,,,,"OVER $1,500",9/6/2019 11:37,UNABLE TO DETERMINE,UNABLE TO DETERMINE,501,N,KILBOURN AVE,1111,,,,,,,2,NONINCAPACITATING INJURY,2,0,0,1,1,0,0,11,6,9,41.88970824,-87.73809036,POINT (-87.738090359545 41.889708242513)
JC422426,,9/6/2019 11:30,20,UNKNOWN,UNKNOWN,CLEAR,DAYLIGHT,TURNING,NOT DIVIDED,,STRAIGHT AND LEVEL,DRY,NO DEFECTS,NOT ON SCENE (DESK REPORT),NO INJURY / DRIVE AWAY,,,,"OVER $1,500",9/6/2019 13:30,IMPROPER TURNING/NO SIGNAL,NOT APPLICABLE,844,W,71ST ST,733,N,,,,,,2,NO INDICATION OF INJURY,0,0,0,0,0,2,0,11,6,9,41.76528429,-87.6461974,POINT (-87.646197400453 41.765284290452)
JC422323,,9/6/2019 11:30,30,NO CONTROLS,NO CONTROLS,CLEAR,DAYLIGHT,SIDESWIPE SAME DIRECTION,NOT DIVIDED,,STRAIGHT AND LEVEL,DRY,NO DEFECTS,NOT ON SCENE (DESK REPORT),NO INJURY / DRIVE AWAY,,,,"OVER $1,500",9/6/2019 12:30,IMPROPER OVERTAKING/PASSING,NOT APPLICABLE,1997,N,CLYBOURN AVE,1811,,,,,,,2,NO INDICATION OF INJURY,0,0,0,0,0,2,0,11,6,9,41.91764729,-87.65869132,POINT (-87.658691316319 41.917647288104)
JC422284,,9/6/2019 11:30,30,TRAFFIC SIGNAL,FUNCTIONING IMPROPERLY,CLEAR,DAYLIGHT,REAR END,NOT DIVIDED,,STRAIGHT AND LEVEL,DRY,DEBRIS ON ROADWAY,ON SCENE,NO INJURY / DRIVE AWAY,Y,,,$500 OR LESS,9/6/2019 11:35,NOT APPLICABLE,NOT APPLICABLE,8700,S,DR MARTIN LUTHER KING JR DR,632,,,,Y,CONSTRUCTION,Y,2,NO INDICATION OF INJURY,0,0,0,0,0,2,0,11,6,9,41.73645505,-87.61467291,POINT (-87.614672912717 41.736455045812)
JC422274,,9/6/2019 11:30,30,NO CONTROLS,OTHER,CLEAR,DAYLIGHT,PEDESTRIAN,DIVIDED - W/MEDIAN (NOT RAISED),,STRAIGHT AND LEVEL,DRY,NO DEFECTS,NOT ON SCENE (DESK REPORT),NO INJURY / DRIVE AWAY,,,,$500 OR LESS,9/6/2019 11:51,UNABLE TO DETERMINE,NOT APPLICABLE,2313,W,OGDEN AVE,1233,,,,,,,2,NO INDICATION OF INJURY,0,0,0,0,0,3,0,11,6,9,41.86623928,-87.68400206,POINT (-87.684002057383 41.866239278785)
JC422364,,9/6/2019 11:27,30,TRAFFIC SIGNAL,FUNCTIONING PROPERLY,CLOUDY/OVERCAST,DAYLIGHT,REAR END,DIVIDED - W/MEDIAN (NOT RAISED),,STRAIGHT AND LEVEL,DRY,NO DEFECTS,NOT ON SCENE (DESK REPORT),NO INJURY / DRIVE AWAY,Y,,,$500 OR LESS,9/6/2019 12:50,FOLLOWING TOO CLOSELY,UNABLE TO DETERMINE,9899,S,WABASH AVE,511,,,,,,,2,NO INDICATION OF INJURY,0,0,0,0,0,4,0,11,6,9,41.71479763,-87.62034758,POINT (-87.620347578787 41.714797631906)
JC422421,,9/6/2019 11:15,30,TRAFFIC SIGNAL,FUNCTIONING PROPERLY,CLEAR,DARKNESS,PARKED MOTOR VEHICLE,NOT DIVIDED,,STRAIGHT AND LEVEL,DRY,NO DEFECTS,NOT ON SCENE (DESK REPORT),NO INJURY / DRIVE AWAY,,,,"OVER $1,500",9/6/2019 14:00,"EVASIVE ACTION DUE TO ANIMAL, OBJECT, NONMOTORIST",ANIMAL,7300,S,DR MARTIN LUTHER KING JR DR,323,,,,,,,2,NO INDICATION OF INJURY,0,0,0,0,0,1,0,11,6,9,41.7619667,-87.61535052,POINT (-87.615350518276 41.761966696864)
JC422303,,9/6/2019 11:15,10,NO CONTROLS,NO CONTROLS,CLEAR,DAYLIGHT,PARKED MOTOR VEHICLE,PARKING LOT,,STRAIGHT AND LEVEL,DRY,NO DEFECTS,NOT ON SCENE (DESK REPORT),NO INJURY / DRIVE AWAY,,,Y,"OVER $1,500",9/6/2019 12:17,UNABLE TO DETERMINE,UNABLE TO DETERMINE,800,N,KEDZIE AVE,1121,,,,,,,2,NO INDICATION OF INJURY,0,0,0,0,0,1,0,11,6,9,41.89561531,-87.70670533,POINT (-87.706705325106 41.895615313545)
JC422244,,9/6/2019 11:15,30,NO CONTROLS,UNKNOWN,CLEAR,DAYLIGHT,REAR END,DIVIDED - W/MEDIAN (NOT RAISED),,STRAIGHT AND LEVEL,DRY,"RUT, HOLES",NOT ON SCENE (DESK REPORT),NO INJURY / DRIVE AWAY,,,,"OVER $1,500",9/6/2019 11:30,UNABLE TO DETERMINE,UNABLE TO DETERMINE,10700,S,DOTY AVE W,513,,,,,,,2,NO INDICATION OF INJURY,0,0,0,0,0,2,0,11,6,9,41.70039477,-87.59443039,POINT (-87.594430393484 41.700394765452)
JC422376,Y,9/6/2019 11:00,15,NO CONTROLS,NO CONTROLS,CLEAR,DAYLIGHT,PARKED MOTOR VEHICLE,PARKING LOT,,STRAIGHT AND LEVEL,DRY,NO DEFECTS,NOT ON SCENE (DESK REPORT),NO INJURY / DRIVE AWAY,,,Y,"OVER $1,500",9/6/2019 11:10,UNABLE TO DETERMINE,NOT APPLICABLE,3350,W,DIVERSEY AVE,1412,,,,,,,2,NO INDICATION OF INJURY,0,0,0,0,0,1,0,11,6,9,41.93209097,-87.71201474,POINT (-87.712014738929 41.932090965142)
JC422264,,9/6/2019 10:45,30,TRAFFIC SIGNAL,FUNCTIONING PROPERLY,CLOUDY/OVERCAST,DAYLIGHT,REAR END,DIVIDED - W/MEDIAN (NOT RAISED),,STRAIGHT AND LEVEL,DRY,NO DEFECTS,ON SCENE,INJURY AND / OR TOW DUE TO CRASH,,,,"$501 - $1,500",9/6/2019 11:30,FOLLOWING TOO CLOSELY,UNABLE TO DETERMINE,2400,S,BLUE ISLAND AVE,1034,,,,,,,2,"REPORTED, NOT EVIDENT",1,0,0,0,1,1,0,10,6,9,41.8488453,-87.67526272,POINT (-87.67526271744 41.848845297763)
JC422242,,9/6/2019 10:45,10,NO CONTROLS,NO CONTROLS,CLEAR,DAYLIGHT,FIXED OBJECT,OTHER,,STRAIGHT AND LEVEL,DRY,NO DEFECTS,ON SCENE,NO INJURY / DRIVE AWAY,,Y,,"OVER $1,500",9/6/2019 10:58,IMPROPER BACKING,NOT APPLICABLE,1010,S,CLINTON ST,124,,,,,,,1,NO INDICATION OF INJURY,0,0,0,0,0,1,0,10,6,9,41.86937512,-87.64093572,POINT (-87.640935716886 41.86937511939)
JC422229,,9/6/2019 10:41,30,STOP SIGN/FLASHER,FUNCTIONING PROPERLY,CLEAR,DAWN,ANGLE,FOUR WAY,,STRAIGHT AND LEVEL,DRY,SHOULDER DEFECT,ON SCENE,INJURY AND / OR TOW DUE TO CRASH,Y,,,"OVER $1,500",9/6/2019 10:41,FAILING TO REDUCE SPEED TO AVOID CRASH,UNABLE TO DETERMINE,299,E,70TH ST,322,,,,,,,2,NONINCAPACITATING INJURY,2,0,0,2,0,4,0,10,6,9,41.76735776,-87.6186019,POINT (-87.618601896089 41.767357759164)