RD_NO,CRASH_DATE_EST_I,CRASH_DATE,POSTED_SPEED_LIMIT,TRAFFIC_CONTROL_DEVICE,DEVICE_CONDITION,WEATHER_CONDITION,LIGHTING_CONDITION,FIRST_CRASH_TYPE,TRAFFICWAY_TYPE,LANE_CNT,ALIGNMENT,ROADWAY_SURFACE_COND,ROAD_DEFECT,REPORT_TYPE,CRASH_TYPE,INTERSECTION_RELATED_I,NOT_RIGHT_OF_WAY_I,HIT_AND_RUN_I,DAMAGE,DATE_POLICE_NOTIFIED,PRIM_CONTRIBUTORY_CAUSE,SEC_CONTRIBUTORY_CAUSE,STREET_NO,STREET_DIRECTION,STREET_NAME,BEAT_OF_OCCURRENCE,PHOTOS_TAKEN_I,STATEMENTS_TAKEN_I,DOORING_I,WORK_ZONE_I,WORK_ZONE_TYPE,WORKERS_PRESENT_I,NUM_UNITS,MOST_SEVERE_INJURY,INJURIES_TOTAL,INJURIES_FATAL,INJURIES_INCAPACITATING,INJURIES_NON_INCAPACITATING,INJURIES_REPORTED_NOT_EVIDENT,INJURIES_NO_INDICATION,INJURIES_UNKNOWN,CRASH_HOUR,CRASH_DAY_OF_WEEK,CRASH_MONTH,LATITUDE,LONGITUDE,LOCATION
JC422621,,9/6/2019 10:30,30,NO CONTROLS,NO CONTROLS,CLEAR,DAYLIGHT,OTHER OBJECT,NOT DIVIDED,,STRAIGHT AND LEVEL,DRY,"RUT, HOLES",NOT ON SCENE (DESK REPORT),NO INJURY / DRIVE AWAY,,,,"OVER $1,500",9/6/2019 16:25,ROAD ENGINEERING/SURFACE/MARKING DEFECTS,DRIVING SKILLS/KNOWLEDGE/EXPERIENCE,701,S,CANAL ST,124,,,,,,,1,NO INDICATION OF INJURY,0,0,0,0,0,1,0,10,6,9,41.87347484,-87.63925592,POINT (-87.639255919033 41.873474840816)
JC422298,Y,9/6/2019 10:30,30,NO CONTROLS,NO CONTROLS,CLEAR,DAYLIGHT,PARKED MOTOR VEHICLE,ONE-WAY,,STRAIGHT AND LEVEL,DRY,NO DEFECTS,ON SCENE,NO INJURY / DRIVE AWAY,,,,"$501 - $1,500",9/6/2019 11:43,DRIVING SKILLS/KNOWLEDGE/EXPERIENCE,NOT APPLICABLE,5350,W,ADAMS ST,1522,,,,,,,2,NO INDICATION OF INJURY,0,0,0,0,0,1,0,10,6,9,41.87852432,-87.75954851,POINT (-87.759548514356 41.878524316045)
JC422278,,9/6/2019 10:30,30,STOP SIGN/FLASHER,OTHER,CLEAR,DAYLIGHT,REAR END,NOT DIVIDED,,STRAIGHT AND LEVEL,DRY,NO DEFECTS,ON SCENE,INJURY AND / OR TOW DUE TO CRASH,Y,,Y,"OVER $1,500",9/6/2019 11:02,FOLLOWING TOO CLOSELY,FAILING TO REDUCE SPEED TO AVOID CRASH,4133,W,16TH ST,1012,,,,,,,2,NONINCAPACITATING INJURY,2,0,0,2,0,2,0,10,6,9,41.85870976,-87.72867437,POINT (-87.728674372856 41.858709761946)
JC422250,,9/6/2019 10:30,30,NO CONTROLS,NO CONTROLS,CLEAR,DAYLIGHT,SIDESWIPE SAME DIRECTION,NOT DIVIDED,,STRAIGHT AND LEVEL,DRY,NO DEFECTS,NOT ON SCENE (DESK REPORT),NO INJURY / DRIVE AWAY,,,Y,"$501 - $1,500",9/6/2019 11:31,IMPROPER OVERTAKING/PASSING,UNABLE TO DETERMINE,3122,W,TOUHY AVE,2411,,,,,,,2,NO INDICATION OF INJURY,0,0,0,0,0,2,0,10,6,9,42.01199858,-87.70770275,POINT (-87.707702745697 42.011998577874)
JC422225,,9/6/2019 10:30,30,NO CONTROLS,NO CONTROLS,CLEAR,DAYLIGHT,SIDESWIPE SAME DIRECTION,NOT DIVIDED,,STRAIGHT AND LEVEL,DRY,NO DEFECTS,NOT ON SCENE (DESK REPORT),NO INJURY / DRIVE AWAY,,,,"$501 - $1,500",9/6/2019 11:00,IMPROPER OVERTAKING/PASSING,NOT APPLICABLE,962,W,CHICAGO AVE,1213,,,,,,,2,NO INDICATION OF INJURY,0,0,0,0,0,2,0,10,6,9,41.8964279,-87.65212281,POINT (-87.652122808358 41.896427894835)
JC422217,,9/6/2019 10:30,30,NO CONTROLS,NO CONTROLS,CLOUDY/OVERCAST,DAYLIGHT,FIXED OBJECT,ONE-WAY,,STRAIGHT AND LEVEL,DRY,NO DEFECTS,ON SCENE,INJURY AND / OR TOW DUE TO CRASH,,Y,,"OVER $1,500",9/6/2019 10:30,EQUIPMENT - VEHICLE CONDITION,EQUIPMENT - VEHICLE CONDITION,4129,S,LA SALLE ST,213,,,,,,,1,NONINCAPACITATING INJURY,1,0,0,1,0,0,0,10,6,9,41.81920194,-87.62934338,POINT (-87.629343375485 41.81920194067)
JC422234,,9/6/2019 10:28,30,TRAFFIC SIGNAL,FUNCTIONING PROPERLY,CLEAR,DAYLIGHT,SIDESWIPE SAME DIRECTION,CENTER TURN LANE,,STRAIGHT AND LEVEL,DRY,NO DEFECTS,NOT ON SCENE (DESK REPORT),NO INJURY / DRIVE AWAY,Y,,,"OVER $1,500",9/6/2019 11:00,IMPROPER OVERTAKING/PASSING,UNABLE TO DETERMINE,1610,N,OAK PARK AVE,2513,,,,,,,2,NO INDICATION OF INJURY,0,0,0,0,0,2,0,10,6,9,41.90939993,-87.7949522,POINT (-87.794952198237 41.909399927926)
JC422230,,9/6/2019 10:20,35,TRAFFIC SIGNAL,FUNCTIONING PROPERLY,CLEAR,DAYLIGHT,SIDESWIPE SAME DIRECTION,NOT DIVIDED,,STRAIGHT AND LEVEL,DRY,NO DEFECTS,ON SCENE,NO INJURY / DRIVE AWAY,,,Y,"OVER $1,500",9/6/2019 10:40,UNABLE TO DETERMINE,NOT APPLICABLE,1501,W,LAWRENCE AVE,1912,,,,,,,2,NO INDICATION OF INJURY,0,0,0,0,0,2,0,10,6,9,41.9687879,-87.66758782,POINT (-87.667587824021 41.968787903796)
JC422221,,9/6/2019 10:20,20,NO CONTROLS,NO CONTROLS,CLEAR,DAYLIGHT,PARKED MOTOR VEHICLE,NOT DIVIDED,,STRAIGHT AND LEVEL,DRY,NO DEFECTS,NOT ON SCENE (DESK REPORT),NO INJURY / DRIVE AWAY,,,,"OVER $1,500",9/6/2019 10:47,UNABLE TO DETERMINE,NOT APPLICABLE,2121,N,STOCKTON DR,1814,,,,,,,2,NO INDICATION OF INJURY,0,0,0,0,0,1,0,10,6,9,41.92084678,-87.63551855,POINT (-87.635518547998 41.920846776668)
JC422195,,9/6/2019 10:20,30,NO CONTROLS,NO CONTROLS,CLOUDY/OVERCAST,DAYLIGHT,REAR END,DIVIDED - W/MEDIAN (NOT RAISED),,STRAIGHT AND LEVEL,DRY,NO DEFECTS,ON SCENE,INJURY AND / OR TOW DUE TO CRASH,,,,"OVER $1,500",9/6/2019 10:39,FAILING TO YIELD RIGHT-OF-WAY,NOT APPLICABLE,4900,W,65TH ST,813,,,,,,,2,NO INDICATION OF INJURY,0,0,0,0,0,2,0,10,6,9,41.77482393,-87.74467625,POINT (-87.744676247064 41.774823925615)
JC422212,,9/6/2019 10:19,30,NO CONTROLS,NO CONTROLS,CLEAR,DAYLIGHT,SIDESWIPE SAME DIRECTION,DIVIDED - W/MEDIAN (NOT RAISED),,STRAIGHT AND LEVEL,DRY,NO DEFECTS,ON SCENE,NO INJURY / DRIVE AWAY,,,,$500 OR LESS,9/6/2019 10:30,UNABLE TO DETERMINE,UNABLE TO DETERMINE,6530,N,MILWAUKEE AVE,1611,,,,,,,2,NO INDICATION OF INJURY,0,0,0,0,0,2,0,10,6,9,42.00005649,-87.79051705,POINT (-87.790517049399 42.00005648983)
JC422174,Y,9/6/2019 10:11,30,STOP SIGN/FLASHER,FUNCTIONING PROPERLY,CLEAR,DAYLIGHT,REAR END,DIVIDED - W/MEDIAN (NOT RAISED),,STRAIGHT AND LEVEL,DRY,NO DEFECTS,ON SCENE,INJURY AND / OR TOW DUE TO CRASH,,,,"OVER $1,500",9/6/2019 10:47,DISTRACTION - FROM INSIDE VEHICLE,NOT APPLICABLE,5857,N,AUSTIN AVE,1622,,,,,,,2,"REPORTED, NOT EVIDENT",1,0,0,0,1,1,0,10,6,9,41.98825681,-87.7777842,POINT (-87.777784196497 41.988256810704)
JC422332,,9/6/2019 10:00,10,NO CONTROLS,NO CONTROLS,CLEAR,DAYLIGHT,PARKED MOTOR VEHICLE,PARKING LOT,,STRAIGHT AND LEVEL,DRY,NO DEFECTS,NOT ON SCENE (DESK REPORT),NO INJURY / DRIVE AWAY,,,,"OVER $1,500",9/6/2019 12:50,DRIVING SKILLS/KNOWLEDGE/EXPERIENCE,UNABLE TO DETERMINE,7640,N,PAULINA ST,2422,,,,,,,2,NO INDICATION OF INJURY,0,0,0,0,0,1,0,10,6,9,42.02058703,-87.67322917,POINT (-87.673229168064 42.020587028775)
JC422261,,9/6/2019 10:00,35,NO CONTROLS,NO CONTROLS,CLOUDY/OVERCAST,DAYLIGHT,REAR END,DIVIDED - W/MEDIAN (NOT RAISED),,STRAIGHT AND LEVEL,DRY,NO DEFECTS,NOT ON SCENE (DESK REPORT),NO INJURY / DRIVE AWAY,,,,"OVER $1,500",9/6/2019 11:15,FAILING TO REDUCE SPEED TO AVOID CRASH,NOT APPLICABLE,1930,W,DIVISION ST,1424,,,,,,,2,NO INDICATION OF INJURY,0,0,0,0,0,2,0,10,6,9,41.90331962,-87.67610376,POINT (-87.6761037565 41.903319620272)
JC422173,,9/6/2019 10:00,30,NO CONTROLS,NO CONTROLS,CLEAR,DAYLIGHT,REAR END,NOT DIVIDED,,STRAIGHT AND LEVEL,DRY,NO DEFECTS,ON SCENE,NO INJURY / DRIVE AWAY,,,,$500 OR LESS,9/6/2019 10:10,UNABLE TO DETERMINE,UNABLE TO DETERMINE,3500,W,47TH ST,821,,,,,,,2,NO INDICATION OF INJURY,0,0,0,0,0,2,0,10,6,9,41.80814466,-87.71100113,POINT (-87.711001130524 41.808144657193)
JC422151,,9/6/2019 9:50,30,NO CONTROLS,NO CONTROLS,CLEAR,DAYLIGHT,REAR END,NOT DIVIDED,,STRAIGHT AND LEVEL,DRY,NO DEFECTS,ON SCENE,NO INJURY / DRIVE AWAY,,,,"OVER $1,500",9/6/2019 9:55,FOLLOWING TOO CLOSELY,FAILING TO REDUCE SPEED TO AVOID CRASH,2353,W,111TH ST,2212,,,,,,,2,NO INDICATION OF INJURY,0,0,0,0,0,2,0,9,6,9,41.69166663,-87.68083409,POINT (-87.6808340933 41.691666631849)
JC422163,,9/6/2019 9:47,35,TRAFFIC SIGNAL,FUNCTIONING PROPERLY,CLOUDY/OVERCAST,DAYLIGHT,REAR END,DIVIDED - W/MEDIAN (NOT RAISED),,STRAIGHT AND LEVEL,DRY,UNKNOWN,ON SCENE,NO INJURY / DRIVE AWAY,,,,"OVER $1,500",9/6/2019 10:04,UNABLE TO DETERMINE,NOT APPLICABLE,2699,N,CLYBOURN AVE,1931,,,,,,,2,NO INDICATION OF INJURY,0,0,0,0,0,2,0,9,6,9,41.93002546,-87.67533354,POINT (-87.675333536486 41.930025458044)
JC422175,,9/6/2019 9:45,30,TRAFFIC SIGNAL,FUNCTIONING PROPERLY,CLOUDY/OVERCAST,DAYLIGHT,TURNING,CENTER TURN LANE,,STRAIGHT AND LEVEL,UNKNOWN,UNKNOWN,NOT ON SCENE (DESK REPORT),NO INJURY / DRIVE AWAY,Y,,,"OVER $1,500",9/6/2019 10:20,UNABLE TO DETERMINE,NOT APPLICABLE,2808,N,WESTERN AVE,1411,,,,,,,2,NO INDICATION OF INJURY,0,0,0,0,0,3,0,9,6,9,41.93235185,-87.68804498,POINT (-87.688044974908 41.932351848527)
JC422031,,9/6/2019 9:45,30,NO CONTROLS,NO CONTROLS,CLEAR,DAYLIGHT,TURNING,OTHER,,STRAIGHT AND LEVEL,DRY,UNKNOWN,,NO INJURY / DRIVE AWAY,,,,"OVER $1,500",9/6/2019 10:00,FAILING TO REDUCE SPEED TO AVOID CRASH,FAILING TO REDUCE SPEED TO AVOID CRASH,7958,S,STATE ST,623,,,,,,,2,NO INDICATION OF INJURY,0,0,0,0,0,2,0,9,6,9,41.74917371,-87.62462788,POINT (-87.62462787542 41.749173713602)
JC423534,,9/6/2019 9:40,10,NO CONTROLS,NO CONTROLS,CLEAR,DAYLIGHT,PARKED MOTOR VEHICLE,ALLEY,,STRAIGHT AND LEVEL,DRY,NO DEFECTS,NOT ON SCENE (DESK REPORT),NO INJURY / DRIVE AWAY,,,,"$501 - $1,500",9/7/2019 11:30,NOT APPLICABLE,NOT APPLICABLE,55,E,PEARSON ST,1833,,,,,,,2,NO INDICATION OF INJURY,0,0,0,0,0,2,0,9,6,9,41.8974382,-87.62602037,POINT (-87.626020374337 41.897438195052)
JC422141,,9/6/2019 9:38,30,NO CONTROLS,NO CONTROLS,CLOUDY/OVERCAST,DAYLIGHT,PARKED MOTOR VEHICLE,NOT DIVIDED,,STRAIGHT AND LEVEL,DRY,NO DEFECTS,NOT ON SCENE (DESK REPORT),NO INJURY / DRIVE AWAY,,,,"OVER $1,500",9/6/2019 9:38,DRIVING SKILLS/KNOWLEDGE/EXPERIENCE,NOT APPLICABLE,1126,W,MONTROSE AVE,1913,,,,,,,2,NO INDICATION OF INJURY,0,0,0,0,0,3,0,9,6,9,41.96184247,-87.65837013,POINT (-87.658370127228 41.961842470327)
JC422227,,9/6/2019 9:30,30,TRAFFIC SIGNAL,FUNCTIONING PROPERLY,CLEAR,DAYLIGHT,SIDESWIPE SAME DIRECTION,DIVIDED - W/MEDIAN (NOT RAISED),,STRAIGHT AND LEVEL,DRY,NO DEFECTS,NOT ON SCENE (DESK REPORT),NO INJURY / DRIVE AWAY,,,,"OVER $1,500",9/6/2019 10:30,IMPROPER OVERTAKING/PASSING,NOT APPLICABLE,1251,S,MICHIGAN AVE,132,Y,,,,,,2,NO INDICATION OF INJURY,0,0,0,0,0,3,0,9,6,9,41.86607901,-87.62397407,POINT (-87.623974070288 41.86607901435)
JC422138,,9/6/2019 9:25,30,TRAFFIC SIGNAL,FUNCTIONING PROPERLY,CLEAR,DAYLIGHT,ANGLE,UNKNOWN INTERSECTION TYPE,,STRAIGHT AND LEVEL,DRY,NO DEFECTS,NOT ON SCENE (DESK REPORT),NO INJURY / DRIVE AWAY,,,,"OVER $1,500",9/6/2019 9:45,UNABLE TO DETERMINE,NOT APPLICABLE,11100,S,STATE ST,522,,,,,,,2,NO INDICATION OF INJURY,0,0,0,0,0,2,0,9,6,9,41.69253704,-87.62324927,POINT (-87.623249265298 41.692537041934)
JC422568,,9/6/2019 9:23,30,TRAFFIC SIGNAL,NO CONTROLS,CLEAR,DAYLIGHT,SIDESWIPE SAME DIRECTION,NOT DIVIDED,,STRAIGHT AND LEVEL,DRY,NO DEFECTS,NOT ON SCENE (DESK REPORT),NO INJURY / DRIVE AWAY,,,,$500 OR LESS,9/6/2019 15:45,IMPROPER OVERTAKING/PASSING,UNABLE TO DETERMINE,3398,W,CHICAGO AVE,1121,,,,,,,2,NO INDICATION OF INJURY,0,0,0,0,0,3,0,9,6,9,41.89561691,-87.71137663,POINT (-87.711376627143 41.895616909442)
JC422126,,9/6/2019 9:19,30,TRAFFIC SIGNAL,FUNCTIONING PROPERLY,CLEAR,DAYLIGHT,REAR END,DIVIDED - W/MEDIAN (NOT RAISED),,STRAIGHT AND LEVEL,DRY,NO DEFECTS,NOT ON SCENE (DESK REPORT),INJURY AND / OR TOW DUE TO CRASH,Y,,,"OVER $1,500",9/6/2019 9:20,FOLLOWING TOO CLOSELY,UNABLE TO DETERMINE,2100,N,NARRAGANSETT AVE,2512,,,,,,,3,NO INDICATION OF INJURY,0,0,0,0,0,3,0,9,6,9,41.9183169,-87.78542577,POINT (-87.78542577051 41.918316896875)
JC422104,,9/6/2019 9:18,30,NO CONTROLS,NO CONTROLS,CLOUDY/OVERCAST,DAYLIGHT,REAR END,NOT DIVIDED,,STRAIGHT AND LEVEL,DRY,NO DEFECTS,ON SCENE,INJURY AND / OR TOW DUE TO CRASH,,,,$500 OR LESS,9/6/2019 9:18,FAILING TO REDUCE SPEED TO AVOID CRASH,DISTRACTION - FROM INSIDE VEHICLE,3400,W,LAWRENCE AVE,1712,,,,,,,2,NONINCAPACITATING INJURY,1,0,0,1,0,2,0,9,6,9,41.96851014,-87.71342578,POINT (-87.713425775248 41.968510142288)
JC422144,,9/6/2019 9:15,30,OTHER,FUNCTIONING PROPERLY,CLEAR,DAYLIGHT,SIDESWIPE SAME DIRECTION,ONE-WAY,,STRAIGHT AND LEVEL,DRY,NO DEFECTS,ON SCENE,NO INJURY / DRIVE AWAY,,,,"$501 - $1,500",9/6/2019 9:26,IMPROPER LANE USAGE,NOT APPLICABLE,520,W,JACKSON BLVD,121,,,,,,,2,NO INDICATION OF INJURY,0,0,0,0,0,2,0,9,6,9,41.87814177,-87.64054427,POINT (-87.640544267472 41.878141766716)
JC422122,,9/6/2019 9:15,30,STOP SIGN/FLASHER,FUNCTIONING PROPERLY,CLOUDY/OVERCAST,DAYLIGHT,ANGLE,FOUR WAY,,STRAIGHT AND LEVEL,DRY,NO DEFECTS,ON SCENE,NO INJURY / DRIVE AWAY,Y,,,"OVER $1,500",9/6/2019 9:15,DISREGARDING TRAFFIC SIGNALS,NOT APPLICABLE,3400,W,PETERSON AVE,1711,,,,,,,2,NO INDICATION OF INJURY,0,0,0,0,0,2,0,9,6,9,41.99043184,-87.71404664,POINT (-87.714046636636 41.990431843922)
JC422121,,9/6/2019 9:10,30,TRAFFIC SIGNAL,FUNCTIONING PROPERLY,CLEAR,DAYLIGHT,TURNING,FOUR WAY,,STRAIGHT AND LEVEL,DRY,NO DEFECTS,ON SCENE,NO INJURY / DRIVE AWAY,Y,,,"$501 - $1,500",9/6/2019 9:16,DRIVING SKILLS/KNOWLEDGE/EXPERIENCE,NOT APPLICABLE,700,S,MICHIGAN AVE,123,,,,,,,2,NO INDICATION OF INJURY,0,0,0,0,0,2,0,9,6,9,41.87309549,-87.62434525,POINT (-87.624345247792 41.873095485332)
JC422111,,9/6/2019 9:09,30,NO CONTROLS,NO CONTROLS,CLEAR,DAYLIGHT,PARKED MOTOR VEHICLE,ONE-WAY,,STRAIGHT AND LEVEL,DRY,NO DEFECTS,ON SCENE,NO INJURY / DRIVE AWAY,,,,$500 OR LESS,9/6/2019 9:09,UNABLE TO DETERMINE,NOT APPLICABLE,4036,W,WILSON AVE,1722,,,,,,,2,NO INDICATION OF INJURY,0,0,0,0,0,1,0,9,6,9,41.96418961,-87.72935432,POINT (-87.729354322395 41.964189610941)
JC422117,,9/6/2019 9:08,30,UNKNOWN,UNKNOWN,CLEAR,DAYLIGHT,REAR TO SIDE,FOUR WAY,,STRAIGHT AND LEVEL,DRY,NO DEFECTS,ON SCENE,INJURY AND / OR TOW DUE TO CRASH,,,,"OVER $1,500",9/6/2019 9:08,DISREGARDING STOP SIGN,NOT APPLICABLE,7200,S,JEFFERY BLVD,333,,,,,,,2,NONINCAPACITATING INJURY,1,0,0,1,0,2,0,9,6,9,41.76428391,-87.57640667,POINT (-87.576406669444 41.764283911619)
JC423495,,9/6/2019 9:00,30,NO CONTROLS,NO CONTROLS,CLEAR,DAYLIGHT,REAR END,DIVIDED - W/MEDIAN (NOT RAISED),,STRAIGHT AND LEVEL,DRY,NO DEFECTS,NOT ON SCENE (DESK REPORT),NO INJURY / DRIVE AWAY,,,,"OVER $1,500",9/7/2019 10:55,DRIVING SKILLS/KNOWLEDGE/EXPERIENCE,UNABLE TO DETERMINE,334,E,87TH ST,632,,,,,,,2,NO INDICATION OF INJURY,0,0,0,0,0,2,0,9,6,9,41.73658891,-87.61622199,POINT (-87.616221991176 41.736588905238)
JC422848,,9/6/2019 9:00,30,NO CONTROLS,NO CONTROLS,CLEAR,DAYLIGHT,PARKED MOTOR VEHICLE,NOT DIVIDED,,STRAIGHT AND LEVEL,DRY,NO DEFECTS,NOT ON SCENE (DESK REPORT),NO INJURY / DRIVE AWAY,,,,"OVER $1,500",9/6/2019 19:10,UNABLE TO DETERMINE,UNABLE TO DETERMINE,232,E,WALTON ST,1833,,,,,,,2,NO INDICATION OF INJURY,0,0,0,0,0,1,0,9,6,9,41.90017558,-87.62067438,POINT (-87.620674383493 41.900175582849)
JC422176,,9/6/2019 9:00,30,NO CONTROLS,NO CONTROLS,CLEAR,DAYLIGHT,PARKED MOTOR VEHICLE,ALLEY,,STRAIGHT AND LEVEL,DRY,NO DEFECTS,NOT ON SCENE (DESK REPORT),NO INJURY / DRIVE AWAY,,,Y,"OVER $1,500",9/6/2019 10:30,NOT APPLICABLE,NOT APPLICABLE,400,W,BRIAR PL,1934,,,,,,,2,NO INDICATION OF INJURY,0,0,0,0,0,1,0,9,6,9,41.93887073,-87.6396306,POINT (-87.639630604174 41.938870724825)
JC422167,,9/6/2019 9:00,30,NO CONTROLS,NO CONTROLS,CLOUDY/OVERCAST,DAYLIGHT,TURNING,DIVIDED - W/MEDIAN (NOT RAISED),,STRAIGHT AND LEVEL,DRY,NO DEFECTS,ON SCENE,INJURY AND / OR TOW DUE TO CRASH,,,,"$501 - $1,500",9/6/2019 10:03,"VISION OBSCURED (SIGNS, TREE LIMBS, BUILDINGS, ETC.)",NOT APPLICABLE,3215,W,MONTROSE AVE,1724,,,,,,,2,NO INDICATION OF INJURY,0,0,0,0,0,2,0,9,6,9,41.96107111,-87.70890033,POINT (-87.708900331793 41.961071113106)
JC427332,,9/6/2019 8:55,25,NO CONTROLS,NO CONTROLS,CLEAR,DAYLIGHT,ANGLE,NOT DIVIDED,,STRAIGHT AND LEVEL,DRY,NO DEFECTS,NOT ON SCENE (DESK REPORT),NO INJURY / DRIVE AWAY,,,,"OVER $1,500",9/10/2019 10:55,IMPROPER BACKING,NOT APPLICABLE,3864,N,MELVINA AVE,1633,,,,,,,2,NO INDICATION OF INJURY,0,0,0,0,0,6,0,8,6,9,41.95110572,-87.78173641,POINT (-87.781736413452 41.951105721649)
JC422102,N,9/6/2019 8:55,30,NO CONTROLS,NO CONTROLS,CLEAR,DAYLIGHT,PEDALCYCLIST,ONE-WAY,,STRAIGHT AND LEVEL,DRY,NO DEFECTS,ON SCENE,INJURY AND / OR TOW DUE TO CRASH,N,,,$500 OR LESS,9/6/2019 9:04,DRIVING ON WRONG SIDE/WRONG WAY,IMPROPER LANE USAGE,135,N,WABASH AVE,111,,,,,,,2,NONINCAPACITATING INJURY,1,0,0,1,0,1,0,8,6,9,41.8840991,-87.62609264,POINT (-87.62609263929 41.884099095714)
JC422100,,9/6/2019 8:55,30,NO CONTROLS,NO CONTROLS,CLEAR,DAYLIGHT,PARKED MOTOR VEHICLE,NOT DIVIDED,,STRAIGHT AND LEVEL,DRY,NO DEFECTS,ON SCENE,NO INJURY / DRIVE AWAY,,,,"OVER $1,500",9/6/2019 8:56,UNABLE TO DETERMINE,NOT APPLICABLE,462,N,UNION AVE,1214,,,,,,,2,NO INDICATION OF INJURY,0,0,0,0,0,1,0,8,6,9,41.8908597,-87.64597045,POINT (-87.645970448614 41.890859695393)
JC422097,,9/6/2019 8:54,30,NO CONTROLS,UNKNOWN,CLEAR,DAYLIGHT,REAR END,NOT DIVIDED,,STRAIGHT AND LEVEL,DRY,UNKNOWN,ON SCENE,INJURY AND / OR TOW DUE TO CRASH,,,,"OVER $1,500",9/6/2019 8:57,FAILING TO REDUCE SPEED TO AVOID CRASH,UNABLE TO DETERMINE,7527,N,CALIFORNIA AVE,2411,,,,,,,2,INCAPACITATING INJURY,1,0,1,0,0,1,0,8,6,9,42.01837387,-87.6994555,POINT (-87.699455503375 42.018373868716)
JC422162,,9/6/2019 8:50,30,NO CONTROLS,NO CONTROLS,CLEAR,DAYLIGHT,PARKED MOTOR VEHICLE,ONE-WAY,,STRAIGHT AND LEVEL,DRY,NO DEFECTS,ON SCENE,NO INJURY / DRIVE AWAY,,,Y,$500 OR LESS,9/6/2019 10:00,UNABLE TO DETERMINE,NOT APPLICABLE,1300,W,JACKSON BLVD,1231,,,,,,,2,NO INDICATION OF INJURY,0,0,0,0,0,1,0,8,6,9,41.8778586,-87.65957542,POINT (-87.659575419006 41.877858597417)
JC422112,,9/6/2019 8:50,25,TRAFFIC SIGNAL,FUNCTIONING PROPERLY,CLEAR,DAYLIGHT,TURNING,DIVIDED - W/MEDIAN (NOT RAISED),,STRAIGHT AND LEVEL,DRY,NO DEFECTS,ON SCENE,NO INJURY / DRIVE AWAY,Y,,,"$501 - $1,500",9/6/2019 8:59,IMPROPER TURNING/NO SIGNAL,NOT APPLICABLE,301,S,STATE ST,113,,,,,,,2,NO INDICATION OF INJURY,0,0,0,0,0,2,0,8,6,9,41.87811602,-87.6275284,POINT (-87.627528398524 41.878116015094)
JC422311,,9/6/2019 8:45,30,NO CONTROLS,NO CONTROLS,CLEAR,DAYLIGHT,TURNING,NOT DIVIDED,,STRAIGHT AND LEVEL,DRY,NO DEFECTS,NOT ON SCENE (DESK REPORT),NO INJURY / DRIVE AWAY,,,,"$501 - $1,500",9/6/2019 8:45,UNABLE TO DETERMINE,NOT APPLICABLE,2325,W,NORTH AVE,1424,,,,,,,2,NO INDICATION OF INJURY,0,0,0,0,0,2,0,8,6,9,41.91023001,-87.68585037,POINT (-87.685850366833 41.910230009267)
JC422107,,9/6/2019 8:45,30,TRAFFIC SIGNAL,FUNCTIONING PROPERLY,CLEAR,DAYLIGHT,TURNING,NOT DIVIDED,,STRAIGHT AND LEVEL,DRY,NO DEFECTS,ON SCENE,NO INJURY / DRIVE AWAY,Y,,,"OVER $1,500",9/6/2019 8:55,IMPROPER TURNING/NO SIGNAL,NOT APPLICABLE,1800,S,STATE ST,131,,,,,,,2,NO INDICATION OF INJURY,0,0,0,0,0,2,0,8,6,9,41.85774485,-87.62734138,POINT (-87.627341378293 41.857744853451)
JC422098,,9/6/2019 8:45,30,NO CONTROLS,NO CONTROLS,CLEAR,DAYLIGHT,REAR END,NOT DIVIDED,,STRAIGHT AND LEVEL,DRY,NO DEFECTS,NOT ON SCENE (DESK REPORT),NO INJURY / DRIVE AWAY,,,,"OVER $1,500",9/6/2019 9:00,FOLLOWING TOO CLOSELY,UNABLE TO DETERMINE,2732,W,CERMAK RD,1023,,,,,,,2,NO INDICATION OF INJURY,0,0,0,0,0,2,0,8,6,9,41.85202653,-87.69427308,POINT (-87.694273079528 41.85202653381)
JC422091,,9/6/2019 8:45,30,TRAFFIC SIGNAL,FUNCTIONING PROPERLY,CLEAR,DAYLIGHT,SIDESWIPE SAME DIRECTION,DIVIDED - W/MEDIAN (NOT RAISED),,STRAIGHT AND LEVEL,DRY,NO DEFECTS,ON SCENE,NO INJURY / DRIVE AWAY,,,,"$501 - $1,500",9/6/2019 8:50,IMPROPER TURNING/NO SIGNAL,NOT APPLICABLE,1878,W,FULLERTON AVE,1432,,,,,,,2,NO INDICATION OF INJURY,0,0,0,0,0,2,0,8,6,9,41.92516444,-87.67558174,POINT (-87.675581739972 41.925164435102)
JC422075,,9/6/2019 8:42,30,NO CONTROLS,NO CONTROLS,CLEAR,DAYLIGHT,PEDESTRIAN,OTHER,,STRAIGHT ON GRADE,DRY,NO DEFECTS,ON SCENE,NO INJURY / DRIVE AWAY,,,,"OVER $1,500",9/6/2019 8:42,UNABLE TO DETERMINE,UNABLE TO DETERMINE,4900,W,FULLERTON AVE,2521,,,,,,,2,NO INDICATION OF INJURY,0,0,0,0,0,3,0,8,6,9,41.9243148,-87.74888395,POINT (-87.748883944595 41.924314796598)
JC422106,,9/6/2019 8:40,30,STOP SIGN/FLASHER,FUNCTIONING IMPROPERLY,CLEAR,DAYLIGHT,REAR END,ONE-WAY,,STRAIGHT AND LEVEL,DRY,NO DEFECTS,NOT ON SCENE (DESK REPORT),NO INJURY / DRIVE AWAY,,,,$500 OR LESS,9/6/2019 9:15,FAILING TO REDUCE SPEED TO AVOID CRASH,NOT APPLICABLE,89,E,85TH ST,632,,,,,,,2,NO INDICATION OF INJURY,0,0,0,0,0,3,0,8,6,9,41.73994496,-87.62116596,POINT (-87.621165963074 41.739944957173)