RD_NO,CRASH_DATE_EST_I,CRASH_DATE,POSTED_SPEED_LIMIT,TRAFFIC_CONTROL_DEVICE,DEVICE_CONDITION,WEATHER_CONDITION,LIGHTING_CONDITION,FIRST_CRASH_TYPE,TRAFFICWAY_TYPE,LANE_CNT,ALIGNMENT,ROADWAY_SURFACE_COND,ROAD_DEFECT,REPORT_TYPE,CRASH_TYPE,INTERSECTION_RELATED_I,NOT_RIGHT_OF_WAY_I,HIT_AND_RUN_I,DAMAGE,DATE_POLICE_NOTIFIED,PRIM_CONTRIBUTORY_CAUSE,SEC_CONTRIBUTORY_CAUSE,STREET_NO,STREET_DIRECTION,STREET_NAME,BEAT_OF_OCCURRENCE,PHOTOS_TAKEN_I,STATEMENTS_TAKEN_I,DOORING_I,WORK_ZONE_I,WORK_ZONE_TYPE,WORKERS_PRESENT_I,NUM_UNITS,MOST_SEVERE_INJURY,INJURIES_TOTAL,INJURIES_FATAL,INJURIES_INCAPACITATING,INJURIES_NON_INCAPACITATING,INJURIES_REPORTED_NOT_EVIDENT,INJURIES_NO_INDICATION,INJURIES_UNKNOWN,CRASH_HOUR,CRASH_DAY_OF_WEEK,CRASH_MONTH,LATITUDE,LONGITUDE,LOCATION
JC422109,,9/6/2019 8:38,25,NO CONTROLS,NO CONTROLS,CLEAR,DAYLIGHT,SIDESWIPE SAME DIRECTION,NOT DIVIDED,,STRAIGHT AND LEVEL,DRY,NO DEFECTS,ON SCENE,NO INJURY / DRIVE AWAY,N,,,"OVER $1,500",9/6/2019 8:46,UNABLE TO DETERMINE,UNABLE TO DETERMINE,3028,E,126TH ST,433,,,,,,,2,NO INDICATION OF INJURY,0,0,0,0,0,2,0,8,6,9,41.66681132,-87.54950133,POINT (-87.549501334248 41.666811315236)
JC435518,,9/6/2019 8:30,30,TRAFFIC SIGNAL,FUNCTIONING PROPERLY,CLEAR,DAYLIGHT,REAR END,OTHER,,STRAIGHT AND LEVEL,DRY,NO DEFECTS,NOT ON SCENE (DESK REPORT),NO INJURY / DRIVE AWAY,,,,$500 OR LESS,9/16/2019 11:55,UNABLE TO DETERMINE,NOT APPLICABLE,2431,W,COLUMBUS AVE,835,,,,,,,2,NO INDICATION OF INJURY,0,0,0,0,0,2,0,8,6,9,41.75851734,-87.68409705,POINT (-87.684097052334 41.758517335834)
JC422184,N,9/6/2019 8:30,35,NO CONTROLS,NO CONTROLS,CLOUDY/OVERCAST,DAYLIGHT,TURNING,DIVIDED - W/MEDIAN BARRIER,,STRAIGHT AND LEVEL,DRY,NO DEFECTS,NOT ON SCENE (DESK REPORT),NO INJURY / DRIVE AWAY,,,,"OVER $1,500",9/6/2019 10:30,FAILING TO REDUCE SPEED TO AVOID CRASH,NOT APPLICABLE,23,N,WACKER DR,122,,,,,,,2,NO INDICATION OF INJURY,0,0,0,0,0,2,0,8,6,9,41.88254185,-87.6366344,POINT (-87.636634400347 41.882541849181)
JC422094,,9/6/2019 8:20,20,STOP SIGN/FLASHER,FUNCTIONING PROPERLY,CLEAR,DAYLIGHT,REAR END,DIVIDED - W/MEDIAN (NOT RAISED),,STRAIGHT AND LEVEL,DRY,NO DEFECTS,NOT ON SCENE (DESK REPORT),NO INJURY / DRIVE AWAY,,,Y,"OVER $1,500",9/6/2019 9:15,FOLLOWING TOO CLOSELY,FOLLOWING TOO CLOSELY,9525,S,HALSTED ST,2223,,,,,,,,,,,,,,,,8,6,9,41.72069489,-87.64304817,POINT (-87.643048172133 41.720694885749)
JC436750,,9/6/2019 8:10,30,RAILROAD CROSSING GATE,FUNCTIONING PROPERLY,CLEAR,DAYLIGHT,REAR END,NOT DIVIDED,,STRAIGHT AND LEVEL,DRY,NO DEFECTS,NOT ON SCENE (DESK REPORT),NO INJURY / DRIVE AWAY,,,,"OVER $1,500",9/17/2019 9:10,UNABLE TO DETERMINE,NOT APPLICABLE,1800,W,MONTEREY AVE,2212,,,,,,,2,NO INDICATION OF INJURY,0,0,0,0,0,3,0,8,6,9,41.6910224,-87.66723654,POINT (-87.667236539587 41.691022398011)
JC422150,,9/6/2019 8:05,30,NO CONTROLS,NO CONTROLS,CLEAR,DAYLIGHT,REAR END,DIVIDED - W/MEDIAN (NOT RAISED),,STRAIGHT AND LEVEL,DRY,NO DEFECTS,NOT ON SCENE (DESK REPORT),NO INJURY / DRIVE AWAY,,,Y,"OVER $1,500",9/6/2019 9:50,FOLLOWING TOO CLOSELY,FOLLOWING TOO CLOSELY,8700,S,STATE ST,632,,,,,,,2,NO INDICATION OF INJURY,0,0,0,0,0,2,0,8,6,9,41.73620947,-87.62430552,POINT (-87.624305519124 41.736209469449)
JC426295,,9/6/2019 8:00,30,STOP SIGN/FLASHER,FUNCTIONING PROPERLY,CLEAR,DAYLIGHT,REAR END,DIVIDED - W/MEDIAN (NOT RAISED),,STRAIGHT AND LEVEL,DRY,NO DEFECTS,NOT ON SCENE (DESK REPORT),NO INJURY / DRIVE AWAY,,,,"$501 - $1,500",9/9/2019 16:28,EQUIPMENT - VEHICLE CONDITION,UNABLE TO DETERMINE,5000,W,47TH ST,814,,,,,,,2,NO INDICATION OF INJURY,0,0,0,0,0,2,0,8,6,9,41.80766435,-87.74811517,POINT (-87.748115174196 41.807664350072)
JC426148,,9/6/2019 8:00,30,NO CONTROLS,NO CONTROLS,CLEAR,DAYLIGHT,PARKED MOTOR VEHICLE,NOT DIVIDED,,STRAIGHT AND LEVEL,DRY,NO DEFECTS,NOT ON SCENE (DESK REPORT),NO INJURY / DRIVE AWAY,,,,"$501 - $1,500",9/9/2019 15:05,IMPROPER OVERTAKING/PASSING,FAILING TO REDUCE SPEED TO AVOID CRASH,2852,N,NATOMA AVE,2511,,,,,,,2,NO INDICATION OF INJURY,0,0,0,0,0,1,0,8,6,9,41.93234955,-87.79199283,POINT (-87.791992833299 41.932349552834)
JC422801,,9/6/2019 8:00,30,TRAFFIC SIGNAL,FUNCTIONING PROPERLY,CLEAR,DAYLIGHT,TURNING,DIVIDED - W/MEDIAN (NOT RAISED),,STRAIGHT AND LEVEL,DRY,NO DEFECTS,,NO INJURY / DRIVE AWAY,Y,,Y,"$501 - $1,500",9/6/2019 18:26,FOLLOWING TOO CLOSELY,NOT APPLICABLE,6200,S,CALIFORNIA AVE,823,,,,,,,1,NO INDICATION OF INJURY,0,0,0,0,0,1,0,8,6,9,41.78084438,-87.69358705,POINT (-87.693587053206 41.780844381892)
JC422586,,9/6/2019 8:00,30,STOP SIGN/FLASHER,FUNCTIONING PROPERLY,CLEAR,DAYLIGHT,SIDESWIPE SAME DIRECTION,NOT DIVIDED,,STRAIGHT AND LEVEL,DRY,UNKNOWN,NOT ON SCENE (DESK REPORT),NO INJURY / DRIVE AWAY,,,Y,$500 OR LESS,9/6/2019 15:53,IMPROPER OVERTAKING/PASSING,NOT APPLICABLE,4261,N,LINCOLN AVE,1911,,,,,,,2,NO INDICATION OF INJURY,0,0,0,0,0,2,0,8,6,9,41.95946589,-87.68231657,POINT (-87.682316573384 41.959465890612)
JC422105,,9/6/2019 8:00,30,NO CONTROLS,NO CONTROLS,CLEAR,DAYLIGHT,SIDESWIPE SAME DIRECTION,NOT DIVIDED,,STRAIGHT AND LEVEL,DRY,NO DEFECTS,ON SCENE,NO INJURY / DRIVE AWAY,,,,"$501 - $1,500",9/6/2019 8:55,IMPROPER OVERTAKING/PASSING,NOT APPLICABLE,358,W,MADISON ST,122,,,,,,,2,NO INDICATION OF INJURY,0,0,0,0,0,2,0,8,6,9,41.88202425,-87.63695684,POINT (-87.636956842867 41.882024247383)
JC422074,,9/6/2019 8:00,30,NO CONTROLS,NO CONTROLS,CLEAR,DAYLIGHT,PARKED MOTOR VEHICLE,NOT DIVIDED,,STRAIGHT AND LEVEL,DRY,NO DEFECTS,ON SCENE,NO INJURY / DRIVE AWAY,,,Y,"OVER $1,500",9/6/2019 8:33,FAILING TO YIELD RIGHT-OF-WAY,NOT APPLICABLE,6315,S,OAK PARK AVE,812,,,,,,,2,NO INDICATION OF INJURY,0,0,0,0,0,1,0,8,6,9,41.77697509,-87.79086336,POINT (-87.790863355164 41.776975084833)
JC422070,,9/6/2019 8:00,25,TRAFFIC SIGNAL,FUNCTIONING PROPERLY,CLEAR,DAYLIGHT,REAR END,DIVIDED - W/MEDIAN (NOT RAISED),,STRAIGHT AND LEVEL,DRY,NO DEFECTS,NOT ON SCENE (DESK REPORT),NO INJURY / DRIVE AWAY,,,Y,"OVER $1,500",9/6/2019 8:20,UNABLE TO DETERMINE,NOT APPLICABLE,5301,W,LAKE ST,1523,,,,,,,2,NO INDICATION OF INJURY,0,0,0,0,0,2,0,8,6,9,41.88722154,-87.75782635,POINT (-87.757826345623 41.887221537144)
JC422040,,9/6/2019 8:00,20,OTHER,OTHER,CLOUDY/OVERCAST,DAYLIGHT,PEDALCYCLIST,NOT DIVIDED,,STRAIGHT AND LEVEL,DRY,NO DEFECTS,ON SCENE,INJURY AND / OR TOW DUE TO CRASH,,,,"$501 - $1,500",9/6/2019 8:04,FAILING TO YIELD RIGHT-OF-WAY,UNABLE TO DETERMINE,3014,N,HALSTED ST,1933,,,,,,,2,NONINCAPACITATING INJURY,1,0,0,1,0,1,0,8,6,9,41.93682776,-87.64930482,POINT (-87.649304820039 41.936827761267)
JC422052,Y,9/6/2019 7:59,30,STOP SIGN/FLASHER,FUNCTIONING PROPERLY,CLEAR,DAYLIGHT,ANGLE,FOUR WAY,,STRAIGHT AND LEVEL,DRY,NO DEFECTS,ON SCENE,INJURY AND / OR TOW DUE TO CRASH,Y,,,"OVER $1,500",9/6/2019 8:07,FAILING TO YIELD RIGHT-OF-WAY,NOT APPLICABLE,1100,N,DAMEN AVE,1212,,,,,,,2,"REPORTED, NOT EVIDENT",1,0,0,0,1,1,0,7,6,9,41.90141564,-87.67735384,POINT (-87.677353843578 41.901415639343)
JC422044,,9/6/2019 7:57,10,OTHER,FUNCTIONING PROPERLY,CLEAR,DAYLIGHT,FIXED OBJECT,OTHER,,STRAIGHT AND LEVEL,DRY,NO DEFECTS,ON SCENE,NO INJURY / DRIVE AWAY,,Y,,$500 OR LESS,9/6/2019 8:12,NOT APPLICABLE,NOT APPLICABLE,2600,S,CALIFORNIA AVE,1033,,,,,,,1,NO INDICATION OF INJURY,0,0,0,0,0,1,0,7,6,9,41.8445843,-87.69535984,POINT (-87.695359843215 41.844584300311)
JC422062,,9/6/2019 7:55,30,NO CONTROLS,NO CONTROLS,CLEAR,DAYLIGHT,REAR END,NOT DIVIDED,,STRAIGHT AND LEVEL,DRY,NO DEFECTS,ON SCENE,NO INJURY / DRIVE AWAY,,,Y,"$501 - $1,500",9/6/2019 8:08,FOLLOWING TOO CLOSELY,NOT APPLICABLE,6745,N,RIDGE BLVD,2432,,,,,,,2,NO INDICATION OF INJURY,0,0,0,0,0,2,0,7,6,9,42.00466101,-87.67976809,POINT (-87.67976809215 42.004661004557)
JC422068,,9/6/2019 7:45,30,TRAFFIC SIGNAL,NO CONTROLS,CLEAR,DAYLIGHT,REAR END,DIVIDED - W/MEDIAN (NOT RAISED),,STRAIGHT AND LEVEL,DRY,NO DEFECTS,NOT ON SCENE (DESK REPORT),NO INJURY / DRIVE AWAY,,,,$500 OR LESS,9/6/2019 8:05,UNABLE TO DETERMINE,UNABLE TO DETERMINE,4129,N,WESTERN AVE,1911,,,,,,,2,NO INDICATION OF INJURY,0,0,0,0,0,3,0,7,6,9,41.95671279,-87.68839909,POINT (-87.688399086135 41.956712788802)
JC422060,,9/6/2019 7:45,30,NO CONTROLS,NO CONTROLS,CLEAR,DAYLIGHT,TURNING,NOT DIVIDED,,STRAIGHT AND LEVEL,DRY,NO DEFECTS,NOT ON SCENE (DESK REPORT),NO INJURY / DRIVE AWAY,,,,"OVER $1,500",9/6/2019 8:33,IMPROPER OVERTAKING/PASSING,FAILING TO YIELD RIGHT-OF-WAY,7238,W,TOUHY AVE,1611,,,,,,,2,NO INDICATION OF INJURY,0,0,0,0,0,2,0,7,6,9,42.01178902,-87.80816247,POINT (-87.808162473775 42.011789017566)
JC422072,,9/6/2019 7:44,30,NO CONTROLS,NO CONTROLS,CLEAR,DAYLIGHT,SIDESWIPE SAME DIRECTION,DIVIDED - W/MEDIAN BARRIER,,STRAIGHT AND LEVEL,DRY,NO DEFECTS,NOT ON SCENE (DESK REPORT),NO INJURY / DRIVE AWAY,,,Y,"$501 - $1,500",9/6/2019 8:50,UNABLE TO DETERMINE,UNABLE TO DETERMINE,3708,S,WESTERN AVE,911,,,,,,,2,NO INDICATION OF INJURY,0,0,0,0,0,2,0,7,6,9,41.82619865,-87.68505888,POINT (-87.685058880429 41.826198646554)
JC422046,,9/6/2019 7:38,30,NO CONTROLS,NO CONTROLS,CLOUDY/OVERCAST,DAYLIGHT,REAR END,DIVIDED - W/MEDIAN (NOT RAISED),,STRAIGHT AND LEVEL,DRY,UNKNOWN,NOT ON SCENE (DESK REPORT),NO INJURY / DRIVE AWAY,,,,"$501 - $1,500",9/6/2019 8:15,FOLLOWING TOO CLOSELY,UNABLE TO DETERMINE,1500,W,WILSON AVE,1912,,,,,,,2,NO INDICATION OF INJURY,0,0,0,0,0,2,0,7,6,9,41.96536418,-87.66787952,POINT (-87.667879517599 41.965364176671)
JC422034,,9/6/2019 7:37,30,NO CONTROLS,NO CONTROLS,CLEAR,DAYLIGHT,SIDESWIPE SAME DIRECTION,DIVIDED - W/MEDIAN (NOT RAISED),,STRAIGHT AND LEVEL,DRY,NO DEFECTS,ON SCENE,NO INJURY / DRIVE AWAY,Y,,,"OVER $1,500",9/6/2019 7:38,IMPROPER OVERTAKING/PASSING,FOLLOWING TOO CLOSELY,1940,W,119TH ST,2234,,,,,,,2,NO INDICATION OF INJURY,0,0,0,0,0,3,0,7,6,9,41.67748563,-87.67036706,POINT (-87.670367058516 41.677485632352)
JC422028,,9/6/2019 7:30,25,STOP SIGN/FLASHER,FUNCTIONING PROPERLY,CLEAR,DAYLIGHT,TURNING,FOUR WAY,,STRAIGHT AND LEVEL,DRY,NO DEFECTS,ON SCENE,NO INJURY / DRIVE AWAY,Y,,,$500 OR LESS,9/6/2019 7:38,FAILING TO YIELD RIGHT-OF-WAY,FAILING TO YIELD RIGHT-OF-WAY,11600,S,MICHIGAN AVE,532,,,,,,,2,NO INDICATION OF INJURY,0,0,0,0,0,4,0,7,6,9,41.68250991,-87.6208034,POINT (-87.620803402825 41.682509908434)
JC422548,,9/6/2019 7:20,30,NO CONTROLS,NO CONTROLS,CLEAR,DAYLIGHT,REAR END,NOT DIVIDED,,STRAIGHT AND LEVEL,DRY,NO DEFECTS,NOT ON SCENE (DESK REPORT),NO INJURY / DRIVE AWAY,,,,"$501 - $1,500",9/6/2019 15:34,NOT APPLICABLE,NOT APPLICABLE,3920,W,87TH ST,834,,,,,,,2,NO INDICATION OF INJURY,0,0,0,0,0,2,0,7,6,9,41.7349943,-87.71985865,POINT (-87.719858651856 41.734994294674)
JC422375,,9/6/2019 7:15,30,NO CONTROLS,NO CONTROLS,CLEAR,DAYLIGHT,PARKED MOTOR VEHICLE,DIVIDED - W/MEDIAN (NOT RAISED),,STRAIGHT AND LEVEL,DRY,NO DEFECTS,NOT ON SCENE (DESK REPORT),NO INJURY / DRIVE AWAY,,,,$500 OR LESS,9/6/2019 13:13,IMPROPER BACKING,NOT APPLICABLE,3733,W,JACKSON BLVD,1133,,,,,,,2,NO INDICATION OF INJURY,0,0,0,0,0,1,0,7,6,9,41.87705662,-87.71934179,POINT (-87.719341793575 41.877056620994)
JC422012,,9/6/2019 7:15,30,NO CONTROLS,NO CONTROLS,CLEAR,DAYLIGHT,TURNING,NOT DIVIDED,,STRAIGHT AND LEVEL,DRY,NO DEFECTS,ON SCENE,INJURY AND / OR TOW DUE TO CRASH,,,,"OVER $1,500",9/6/2019 7:17,FAILING TO YIELD RIGHT-OF-WAY,NOT APPLICABLE,7700,S,SOUTH CHICAGO AVE,411,,,,,,,2,NO INDICATION OF INJURY,0,0,0,0,0,2,0,7,6,9,41.75456422,-87.59004716,POINT (-87.590047158729 41.754564215832)
JC423607,,9/6/2019 7:10,30,NO CONTROLS,NO CONTROLS,CLEAR,DAYLIGHT,REAR END,NOT DIVIDED,,STRAIGHT AND LEVEL,UNKNOWN,UNKNOWN,NOT ON SCENE (DESK REPORT),NO INJURY / DRIVE AWAY,,,,"$501 - $1,500",9/7/2019 12:33,FOLLOWING TOO CLOSELY,FOLLOWING TOO CLOSELY,2259,W,ADDISON ST,1921,,,,,,,2,NO INDICATION OF INJURY,0,0,0,0,0,2,0,7,6,9,41.94665851,-87.6857683,POINT (-87.685768303909 41.946658513176)
JC422020,,9/6/2019 7:10,15,NO CONTROLS,NO CONTROLS,CLEAR,DAYLIGHT,ANGLE,ONE-WAY,,STRAIGHT AND LEVEL,DRY,UNKNOWN,NOT ON SCENE (DESK REPORT),NO INJURY / DRIVE AWAY,,,Y,"$501 - $1,500",9/6/2019 7:43,UNABLE TO DETERMINE,UNABLE TO DETERMINE,1333,E,68TH ST,321,,,,,,,2,NO INDICATION OF INJURY,0,0,0,0,0,2,0,7,6,9,,,
JC422010,,9/6/2019 7:10,35,TRAFFIC SIGNAL,FUNCTIONING PROPERLY,CLEAR,DAYLIGHT,ANGLE,NOT DIVIDED,,STRAIGHT AND LEVEL,DRY,NO DEFECTS,ON SCENE,NO INJURY / DRIVE AWAY,Y,,,"OVER $1,500",9/6/2019 7:11,DISREGARDING OTHER TRAFFIC SIGNS,FAILING TO YIELD RIGHT-OF-WAY,5100,S,COTTAGE GROVE AVE,233,,,,,,,2,NO INDICATION OF INJURY,0,0,0,0,0,2,0,7,6,9,41.80222063,-87.60655293,POINT (-87.606552929969 41.802220633425)
JC422006,,9/6/2019 7:02,30,NO CONTROLS,NO CONTROLS,CLEAR,DAYLIGHT,PARKED MOTOR VEHICLE,DIVIDED - W/MEDIAN (NOT RAISED),,STRAIGHT AND LEVEL,DRY,NO DEFECTS,ON SCENE,NO INJURY / DRIVE AWAY,N,,Y,"OVER $1,500",9/6/2019 7:04,FAILING TO REDUCE SPEED TO AVOID CRASH,UNABLE TO DETERMINE,1973,W,111TH ST,2212,,,,,,,2,NO INDICATION OF INJURY,0,0,0,0,0,1,0,7,6,9,41.69183559,-87.67109333,POINT (-87.671093330672 41.691835585801)
JC423716,Y,9/6/2019 7:00,35,NO CONTROLS,NO CONTROLS,CLEAR,DAYLIGHT,TURNING,NOT DIVIDED,,STRAIGHT AND LEVEL,DRY,NO DEFECTS,NOT ON SCENE (DESK REPORT),NO INJURY / DRIVE AWAY,,,,"$501 - $1,500",9/7/2019 14:00,UNABLE TO DETERMINE,UNABLE TO DETERMINE,5101,N,LA CROSSE AVE,1621,,,,,,,2,NO INDICATION OF INJURY,0,0,0,0,0,2,0,7,6,9,41.97376714,-87.74906824,POINT (-87.749068235609 41.973767140376)
JC422081,,9/6/2019 6:48,35,NO CONTROLS,NO CONTROLS,CLEAR,DAYLIGHT,PARKED MOTOR VEHICLE,NOT DIVIDED,,STRAIGHT AND LEVEL,DRY,UNKNOWN,ON SCENE,NO INJURY / DRIVE AWAY,,,Y,"$501 - $1,500",9/6/2019 8:45,IMPROPER OVERTAKING/PASSING,UNABLE TO DETERMINE,3809,W,GRAND AVE,2535,,,,,,,2,NO INDICATION OF INJURY,0,0,0,0,0,1,0,6,6,9,41.90425707,-87.7219224,POINT (-87.72192239548 41.904257074219)
JC421993,,9/6/2019 6:20,25,TRAFFIC SIGNAL,FUNCTIONING PROPERLY,CLEAR,DAYLIGHT,REAR END,DIVIDED - W/MEDIAN BARRIER,,STRAIGHT AND LEVEL,DRY,NO DEFECTS,ON SCENE,INJURY AND / OR TOW DUE TO CRASH,,,,"OVER $1,500",9/6/2019 6:24,IMPROPER LANE USAGE,FOLLOWING TOO CLOSELY,413,S,MICHIGAN AVE,114,,,,,,,2,"REPORTED, NOT EVIDENT",1,0,0,0,1,1,0,6,6,9,41.87666666,-87.62413439,POINT (-87.624134389366 41.8766666624)
JC422739,Y,9/6/2019 6:10,15,NO CONTROLS,NO CONTROLS,CLEAR,DAYLIGHT,PARKED MOTOR VEHICLE,PARKING LOT,,STRAIGHT AND LEVEL,DRY,NO DEFECTS,ON SCENE,INJURY AND / OR TOW DUE TO CRASH,,,Y,"OVER $1,500",9/6/2019 17:20,UNABLE TO DETERMINE,UNABLE TO DETERMINE,3099,S,CALIFORNIA BLVD,1034,,,,,,,2,NO INDICATION OF INJURY,0,0,0,0,0,1,0,6,6,9,,,
JC422113,,9/6/2019 6:00,20,OTHER,FUNCTIONING PROPERLY,CLEAR,DAYLIGHT,PARKED MOTOR VEHICLE,ALLEY,,STRAIGHT AND LEVEL,DRY,NO DEFECTS,ON SCENE,NO INJURY / DRIVE AWAY,,,Y,"OVER $1,500",9/6/2019 9:21,UNABLE TO DETERMINE,UNABLE TO DETERMINE,3434,W,WRIGHTWOOD AVE,1412,,,,,,,2,NO INDICATION OF INJURY,0,0,0,0,0,1,0,6,6,9,41.92840843,-87.71364328,POINT (-87.713643275492 41.928408428783)
JC421992,,9/6/2019 6:00,30,TRAFFIC SIGNAL,FUNCTIONING PROPERLY,CLEAR,DAYLIGHT,ANGLE,FOUR WAY,,STRAIGHT AND LEVEL,DRY,NO DEFECTS,ON SCENE,INJURY AND / OR TOW DUE TO CRASH,Y,,,"OVER $1,500",9/6/2019 6:06,UNABLE TO DETERMINE,UNABLE TO DETERMINE,7100,S,STONY ISLAND AVE,324,N,,,,,,2,INCAPACITATING INJURY,2,0,1,1,0,0,0,6,6,9,41.76592819,-87.58647008,POINT (-87.586470077922 41.76592819222)
JC421985,,9/6/2019 5:55,30,TRAFFIC SIGNAL,FUNCTIONING PROPERLY,CLEAR,DAWN,ANGLE,FOUR WAY,,STRAIGHT AND LEVEL,DRY,NO DEFECTS,ON SCENE,INJURY AND / OR TOW DUE TO CRASH,Y,,,"OVER $1,500",9/6/2019 5:57,DISREGARDING TRAFFIC SIGNALS,FAILING TO REDUCE SPEED TO AVOID CRASH,6000,W,IRVING PARK RD,1624,,,,,,,3,INCAPACITATING INJURY,1,0,1,0,0,2,0,5,6,9,41.95316377,-87.77684259,POINT (-87.776842592847 41.953163771852)
JC421987,,9/6/2019 5:12,30,NO CONTROLS,NO CONTROLS,CLEAR,DARKNESS,TURNING,NOT DIVIDED,,STRAIGHT AND LEVEL,DRY,NO DEFECTS,NOT ON SCENE (DESK REPORT),NO INJURY / DRIVE AWAY,,,,"OVER $1,500",9/6/2019 6:31,UNABLE TO DETERMINE,UNABLE TO DETERMINE,2825,S,LA SALLE ST,914,,,,,,,2,NO INDICATION OF INJURY,0,0,0,0,0,3,0,5,6,9,41.84187351,-87.62997891,POINT (-87.629978911444 41.84187350579)
JC421959,,9/6/2019 4:30,30,NO CONTROLS,NO CONTROLS,CLEAR,"DARKNESS, LIGHTED ROAD",PARKED MOTOR VEHICLE,NOT DIVIDED,,STRAIGHT AND LEVEL,DRY,NO DEFECTS,ON SCENE,INJURY AND / OR TOW DUE TO CRASH,,,,"OVER $1,500",9/6/2019 4:35,EQUIPMENT - VEHICLE CONDITION,NOT APPLICABLE,2552,W,TOUHY AVE,2411,,,,,,,2,NO INDICATION OF INJURY,0,0,0,0,0,1,0,4,6,9,42.01229135,-87.69474581,POINT (-87.694745808959 42.012291346638)
JC421957,,9/6/2019 4:00,35,NO CONTROLS,NO CONTROLS,CLEAR,"DARKNESS, LIGHTED ROAD",REAR END,NOT DIVIDED,,STRAIGHT AND LEVEL,DRY,NO DEFECTS,,NO INJURY / DRIVE AWAY,,,,$500 OR LESS,9/6/2019 4:20,UNABLE TO DETERMINE,UNABLE TO DETERMINE,7021,S,JEFFERY BLVD,331,,,,,,,2,NO INDICATION OF INJURY,0,0,0,0,0,3,0,4,6,9,41.76735719,-87.57618477,POINT (-87.576184772714 41.767357187328)
JC422746,,9/6/2019 3:00,30,NO CONTROLS,NO CONTROLS,UNKNOWN,DARKNESS,PARKED MOTOR VEHICLE,NOT DIVIDED,,STRAIGHT AND LEVEL,UNKNOWN,UNKNOWN,NOT ON SCENE (DESK REPORT),NO INJURY / DRIVE AWAY,,,Y,"$501 - $1,500",9/6/2019 17:44,UNABLE TO DETERMINE,UNABLE TO DETERMINE,256,W,24TH ST,914,,,,,,,2,NO INDICATION OF INJURY,0,0,0,0,0,1,0,3,6,9,41.8492357,-87.63414009,POINT (-87.634140091231 41.849235700676)
JC421938,,9/6/2019 2:40,30,NO CONTROLS,NO CONTROLS,CLEAR,"DARKNESS, LIGHTED ROAD",PARKED MOTOR VEHICLE,NOT DIVIDED,,STRAIGHT AND LEVEL,DRY,NO DEFECTS,,INJURY AND / OR TOW DUE TO CRASH,,,Y,"OVER $1,500",9/6/2019 2:43,UNABLE TO DETERMINE,UNABLE TO DETERMINE,5550,W,HARRISON ST,1522,,,,,,,2,NO INDICATION OF INJURY,0,0,0,0,0,1,0,2,6,9,41.87294993,-87.76355131,POINT (-87.763551313862 41.872949929246)
JC421944,,9/6/2019 1:45,30,UNKNOWN,UNKNOWN,CLEAR,"DARKNESS, LIGHTED ROAD",HEAD ON,NOT DIVIDED,,STRAIGHT AND LEVEL,DRY,NO DEFECTS,ON SCENE,INJURY AND / OR TOW DUE TO CRASH,,,Y,"OVER $1,500",9/6/2019 3:20,NOT APPLICABLE,NOT APPLICABLE,800,W,GARFIELD BLVD,934,,,,,,,2,NO INDICATION OF INJURY,0,0,0,0,0,2,0,1,6,9,41.79441011,-87.64528468,POINT (-87.645284674705 41.794410114413)
JC421939,,9/6/2019 1:41,30,NO CONTROLS,NO CONTROLS,CLEAR,"DARKNESS, LIGHTED ROAD",FIXED OBJECT,NOT DIVIDED,,STRAIGHT AND LEVEL,DRY,NO DEFECTS,ON SCENE,NO INJURY / DRIVE AWAY,,,,"OVER $1,500",9/6/2019 1:41,UNDER THE INFLUENCE OF ALCOHOL/DRUGS (USE WHEN ARREST IS EFFECTED),FAILING TO REDUCE SPEED TO AVOID CRASH,1965,N,MILWAUKEE AVE,1434,,,,,,,1,NO INDICATION OF INJURY,0,0,0,0,0,2,0,1,6,9,41.9172691,-87.68789714,POINT (-87.687897137788 41.917269103619)
JC422926,,9/6/2019 1:15,30,NO CONTROLS,NO CONTROLS,CLEAR,DARKNESS,PARKED MOTOR VEHICLE,DIVIDED - W/MEDIAN (NOT RAISED),,STRAIGHT AND LEVEL,DRY,SHOULDER DEFECT,NOT ON SCENE (DESK REPORT),NO INJURY / DRIVE AWAY,,,Y,"$501 - $1,500",9/6/2019 20:16,FOLLOWING TOO CLOSELY,NOT APPLICABLE,4654,W,63RD ST,813,,,,,,,2,NO INDICATION OF INJURY,0,0,0,0,0,1,0,1,6,9,41.77856974,-87.73961627,POINT (-87.739616270362 41.778569742908)
JC422110,Y,9/6/2019 1:00,30,NO CONTROLS,NO CONTROLS,CLOUDY/OVERCAST,"DARKNESS, LIGHTED ROAD",PARKED MOTOR VEHICLE,ONE-WAY,,STRAIGHT AND LEVEL,DRY,NO DEFECTS,NOT ON SCENE (DESK REPORT),NO INJURY / DRIVE AWAY,,,Y,"$501 - $1,500",9/6/2019 9:20,UNABLE TO DETERMINE,NOT APPLICABLE,2518,W,45TH PL,922,,,,,,,2,NO INDICATION OF INJURY,0,0,0,0,0,1,0,1,6,9,41.81122108,-87.68789,POINT (-87.687890003409 41.81122107774)
JC422078,Y,9/6/2019 1:00,25,NO CONTROLS,NO CONTROLS,CLEAR,"DARKNESS, LIGHTED ROAD",PARKED MOTOR VEHICLE,ONE-WAY,,STRAIGHT AND LEVEL,DRY,NO DEFECTS,NOT ON SCENE (DESK REPORT),NO INJURY / DRIVE AWAY,,,Y,"$501 - $1,500",9/6/2019 8:45,FAILING TO YIELD RIGHT-OF-WAY,NOT APPLICABLE,5605,W,POTOMAC AVE,2531,,,,,,,2,NO INDICATION OF INJURY,0,0,0,0,0,1,0,1,6,9,41.90383982,-87.76595954,POINT (-87.765959540017 41.903839823166)