RD_NO,CRASH_DATE_EST_I,CRASH_DATE,POSTED_SPEED_LIMIT,TRAFFIC_CONTROL_DEVICE,DEVICE_CONDITION,WEATHER_CONDITION,LIGHTING_CONDITION,FIRST_CRASH_TYPE,TRAFFICWAY_TYPE,LANE_CNT,ALIGNMENT,ROADWAY_SURFACE_COND,ROAD_DEFECT,REPORT_TYPE,CRASH_TYPE,INTERSECTION_RELATED_I,NOT_RIGHT_OF_WAY_I,HIT_AND_RUN_I,DAMAGE,DATE_POLICE_NOTIFIED,PRIM_CONTRIBUTORY_CAUSE,SEC_CONTRIBUTORY_CAUSE,STREET_NO,STREET_DIRECTION,STREET_NAME,BEAT_OF_OCCURRENCE,PHOTOS_TAKEN_I,STATEMENTS_TAKEN_I,DOORING_I,WORK_ZONE_I,WORK_ZONE_TYPE,WORKERS_PRESENT_I,NUM_UNITS,MOST_SEVERE_INJURY,INJURIES_TOTAL,INJURIES_FATAL,INJURIES_INCAPACITATING,INJURIES_NON_INCAPACITATING,INJURIES_REPORTED_NOT_EVIDENT,INJURIES_NO_INDICATION,INJURIES_UNKNOWN,CRASH_HOUR,CRASH_DAY_OF_WEEK,CRASH_MONTH,LATITUDE,LONGITUDE,LOCATION
JC421965,,9/6/2019 0:34,15,NO CONTROLS,NO CONTROLS,CLEAR,"DARKNESS, LIGHTED ROAD",PARKED MOTOR VEHICLE,DRIVEWAY,,STRAIGHT AND LEVEL,DRY,NO DEFECTS,ON SCENE,NO INJURY / DRIVE AWAY,,,Y,"$501 - $1,500",9/6/2019 4:00,UNABLE TO DETERMINE,NOT APPLICABLE,1201,S,PRAIRIE AVE,132,,,,,,,2,NO INDICATION OF INJURY,0,0,0,0,0,1,0,0,6,9,41.86643957,-87.62149888,POINT (-87.621498879852 41.866439574451)
JC422543,,9/6/2019 0:30,30,NO CONTROLS,NO CONTROLS,CLEAR,"DARKNESS, LIGHTED ROAD",PARKED MOTOR VEHICLE,NOT DIVIDED,,STRAIGHT AND LEVEL,DRY,NO DEFECTS,NOT ON SCENE (DESK REPORT),NO INJURY / DRIVE AWAY,,,Y,"OVER $1,500",9/6/2019 15:15,UNABLE TO DETERMINE,UNABLE TO DETERMINE,1728,W,91ST ST,2221,,,,,,,2,NO INDICATION OF INJURY,0,0,0,0,0,1,0,0,6,9,41.72852261,-87.66643822,POINT (-87.666438219087 41.728522606062)
JC421916,,9/6/2019 0:30,35,NO CONTROLS,NO CONTROLS,CLEAR,DARKNESS,SIDESWIPE SAME DIRECTION,NOT DIVIDED,,STRAIGHT AND LEVEL,DRY,NO DEFECTS,ON SCENE,NO INJURY / DRIVE AWAY,,,,"OVER $1,500",9/6/2019 1:54,NOT APPLICABLE,FAILING TO YIELD RIGHT-OF-WAY,2400,N,MILWAUKEE AVE,1414,,,,,,,2,NO INDICATION OF INJURY,0,0,0,0,0,2,0,0,6,9,41.92472746,-87.70055267,POINT (-87.70055266896 41.924727461841)
JC421883,,9/6/2019 0:15,30,NO CONTROLS,NO CONTROLS,CLEAR,"DARKNESS, LIGHTED ROAD",PEDESTRIAN,NOT DIVIDED,,STRAIGHT AND LEVEL,DRY,NO DEFECTS,ON SCENE,INJURY AND / OR TOW DUE TO CRASH,Y,,,$500 OR LESS,9/6/2019 0:19,UNABLE TO DETERMINE,UNABLE TO DETERMINE,100,E,23RD ST,132,,,,,,,2,"REPORTED, NOT EVIDENT",1,0,0,0,1,1,0,0,6,9,41.85122372,-87.62372557,POINT (-87.623725569118 41.851223718654)
JC421877,,9/6/2019 0:15,30,NO CONTROLS,NO CONTROLS,CLEAR,DARKNESS,PARKED MOTOR VEHICLE,DIVIDED - W/MEDIAN BARRIER,,STRAIGHT AND LEVEL,DRY,NO DEFECTS,ON SCENE,INJURY AND / OR TOW DUE TO CRASH,,,Y,"OVER $1,500",9/6/2019 0:19,EQUIPMENT - VEHICLE CONDITION,NOT APPLICABLE,910,E,79TH ST,624,,,,,,,2,NO INDICATION OF INJURY,0,0,0,0,0,1,0,0,6,9,41.75142962,-87.6022796,POINT (-87.602279603946 41.751429616713)
JC422681,N,9/6/2019 0:01,20,NO CONTROLS,NO CONTROLS,UNKNOWN,UNKNOWN,PARKED MOTOR VEHICLE,ONE-WAY,,STRAIGHT AND LEVEL,UNKNOWN,UNKNOWN,NOT ON SCENE (DESK REPORT),NO INJURY / DRIVE AWAY,,,Y,"OVER $1,500",9/6/2019 17:00,UNABLE TO DETERMINE,UNABLE TO DETERMINE,6400,S,TROY ST,823,,,,,,,2,NO INDICATION OF INJURY,0,0,0,0,0,1,0,0,6,9,41.77707272,-87.70201528,POINT (-87.702015278838 41.777072717135)
JC421878,,9/6/2019 0:01,35,NO CONTROLS,NO CONTROLS,CLEAR,"DARKNESS, LIGHTED ROAD",OTHER OBJECT,NOT DIVIDED,,STRAIGHT AND LEVEL,DRY,UNKNOWN,NOT ON SCENE (DESK REPORT),INJURY AND / OR TOW DUE TO CRASH,,Y,N,"OVER $1,500",9/6/2019 0:03,NOT APPLICABLE,NOT APPLICABLE,1557,N,LAVERGNE AVE,2533,,,,,,,1,NO INDICATION OF INJURY,0,0,0,0,0,1,0,0,6,9,41.9094168,-87.75088538,POINT (-87.750885378305 41.909416798004)
JC432131,Y,9/6/2019 0:00,30,NO CONTROLS,NO CONTROLS,CLEAR,UNKNOWN,FIXED OBJECT,NOT DIVIDED,,STRAIGHT AND LEVEL,DRY,NO DEFECTS,NOT ON SCENE (DESK REPORT),NO INJURY / DRIVE AWAY,,Y,,"OVER $1,500",9/13/2019 18:00,UNABLE TO DETERMINE,NOT APPLICABLE,7201,S,RACINE AVE,733,,,,,,,1,NO INDICATION OF INJURY,0,0,0,0,0,1,0,0,6,9,41.76319534,-87.65392057,POINT (-87.653920565133 41.763195340866)
JC421882,Y,9/5/2019 23:50,25,NO CONTROLS,NO CONTROLS,CLEAR,"DARKNESS, LIGHTED ROAD",PARKED MOTOR VEHICLE,NOT DIVIDED,,STRAIGHT AND LEVEL,DRY,NO DEFECTS,NOT ON SCENE (DESK REPORT),NO INJURY / DRIVE AWAY,,,Y,"OVER $1,500",9/6/2019 0:30,UNABLE TO DETERMINE,UNABLE TO DETERMINE,4353,S,WELLS ST,925,,,,,,,2,NO INDICATION OF INJURY,0,0,0,0,0,1,0,23,5,9,41.81486609,-87.63217619,POINT (-87.632176188857 41.81486609424)
JC421881,,9/5/2019 23:50,30,TRAFFIC SIGNAL,FUNCTIONING PROPERLY,CLEAR,"DARKNESS, LIGHTED ROAD",SIDESWIPE SAME DIRECTION,DIVIDED - W/MEDIAN (NOT RAISED),,STRAIGHT AND LEVEL,DRY,NO DEFECTS,NOT ON SCENE (DESK REPORT),NO INJURY / DRIVE AWAY,Y,,,"OVER $1,500",9/6/2019 0:20,UNABLE TO DETERMINE,UNABLE TO DETERMINE,8658,S,STONY ISLAND AVE,412,,,,,,,2,NO INDICATION OF INJURY,0,0,0,0,0,3,0,23,5,9,41.7369592,-87.58578299,POINT (-87.585782994337 41.736959197529)
JC421860,,9/5/2019 23:42,30,STOP SIGN/FLASHER,NO CONTROLS,CLEAR,"DARKNESS, LIGHTED ROAD",REAR END,DIVIDED - W/MEDIAN (NOT RAISED),,STRAIGHT ON GRADE,DRY,NO DEFECTS,ON SCENE,INJURY AND / OR TOW DUE TO CRASH,Y,,Y,"OVER $1,500",9/5/2019 23:47,FOLLOWING TOO CLOSELY,FAILING TO REDUCE SPEED TO AVOID CRASH,300,N,DAMEN AVE,1223,,,,,,,2,NO INDICATION OF INJURY,0,0,0,0,0,2,0,23,5,9,41.88681461,-87.67693994,POINT (-87.676939939027 41.886814612521)
JC421880,,9/5/2019 23:32,30,NO CONTROLS,NO CONTROLS,CLEAR,"DARKNESS, LIGHTED ROAD",REAR END,NOT DIVIDED,,STRAIGHT AND LEVEL,DRY,NO DEFECTS,NOT ON SCENE (DESK REPORT),NO INJURY / DRIVE AWAY,,,N,"OVER $1,500",9/6/2019 0:10,IMPROPER BACKING,NOT APPLICABLE,2930,S,FEDERAL ST,133,,,,,,,2,NO INDICATION OF INJURY,0,0,0,0,0,2,0,23,5,9,41.84139533,-87.62933915,POINT (-87.629339152723 41.841395329374)
JC425708,,9/5/2019 23:30,30,NO CONTROLS,NO CONTROLS,UNKNOWN,UNKNOWN,PARKED MOTOR VEHICLE,NOT DIVIDED,,STRAIGHT AND LEVEL,UNKNOWN,UNKNOWN,NOT ON SCENE (DESK REPORT),NO INJURY / DRIVE AWAY,,,N,"$501 - $1,500",9/9/2019 9:20,UNABLE TO DETERMINE,UNABLE TO DETERMINE,900,E,79TH ST,624,,,,,,,2,NO INDICATION OF INJURY,0,0,0,0,0,1,0,23,5,9,41.75142504,-87.60269857,POINT (-87.602698566988 41.751425038576)
JC421840,,9/5/2019 23:09,35,NO CONTROLS,NO CONTROLS,CLEAR,"DARKNESS, LIGHTED ROAD",REAR END,DIVIDED - W/MEDIAN BARRIER,,STRAIGHT AND LEVEL,DRY,NO DEFECTS,ON SCENE,NO INJURY / DRIVE AWAY,,,N,"$501 - $1,500",9/5/2019 23:09,IMPROPER OVERTAKING/PASSING,FAILING TO REDUCE SPEED TO AVOID CRASH,1600,E,95TH ST,413,,,,,,,2,NO INDICATION OF INJURY,0,0,0,0,0,5,0,23,5,9,41.72244946,-87.58500357,POINT (-87.585003569109 41.722449457011)
JC422626,,9/5/2019 23:00,30,NO CONTROLS,NO CONTROLS,CLEAR,DARKNESS,PARKED MOTOR VEHICLE,NOT DIVIDED,,STRAIGHT AND LEVEL,DRY,NO DEFECTS,NOT ON SCENE (DESK REPORT),NO INJURY / DRIVE AWAY,,,Y,"OVER $1,500",9/6/2019 16:30,UNABLE TO DETERMINE,UNABLE TO DETERMINE,2924,S,WELLS ST,914,,,,,,,2,NO INDICATION OF INJURY,0,0,0,0,0,1,0,23,5,9,41.84037048,-87.63308674,POINT (-87.633086741435 41.840370476602)
JC422159,,9/5/2019 23:00,30,NO CONTROLS,NO CONTROLS,CLEAR,UNKNOWN,PARKED MOTOR VEHICLE,ONE-WAY,,STRAIGHT AND LEVEL,DRY,NO DEFECTS,NOT ON SCENE (DESK REPORT),NO INJURY / DRIVE AWAY,,,Y,"OVER $1,500",9/6/2019 10:15,UNABLE TO DETERMINE,UNABLE TO DETERMINE,4032,S,INDIANA AVE,213,,,,,,,2,NO INDICATION OF INJURY,0,0,0,0,0,1,0,23,5,9,41.82100471,-87.62167634,POINT (-87.621676342922 41.821004704551)
JC421854,,9/5/2019 22:48,30,TRAFFIC SIGNAL,FUNCTIONING PROPERLY,CLEAR,"DARKNESS, LIGHTED ROAD",REAR END,NOT DIVIDED,,STRAIGHT AND LEVEL,DRY,NO DEFECTS,NOT ON SCENE (DESK REPORT),NO INJURY / DRIVE AWAY,,,Y,"OVER $1,500",9/5/2019 23:50,UNABLE TO DETERMINE,NOT APPLICABLE,9500,S,STONY ISLAND AVE,511,,,,,,,2,NO INDICATION OF INJURY,0,0,0,0,0,3,0,22,5,9,41.72225727,-87.58527557,POINT (-87.585275565077 41.722257273006)
JC421848,,9/5/2019 22:30,30,TRAFFIC SIGNAL,FUNCTIONING PROPERLY,CLEAR,"DARKNESS, LIGHTED ROAD",SIDESWIPE SAME DIRECTION,NOT DIVIDED,,STRAIGHT AND LEVEL,DRY,NO DEFECTS,NOT ON SCENE (DESK REPORT),NO INJURY / DRIVE AWAY,Y,,,"OVER $1,500",9/5/2019 23:30,IMPROPER LANE USAGE,NOT APPLICABLE,116,W,CERMAK RD,131,,,,,,,2,NO INDICATION OF INJURY,0,0,0,0,0,2,0,22,5,9,41.85298708,-87.63002661,POINT (-87.630026613318 41.85298707906)
JC421808,,9/5/2019 22:26,30,NO CONTROLS,NO CONTROLS,CLEAR,"DARKNESS, LIGHTED ROAD",PARKED MOTOR VEHICLE,DIVIDED - W/MEDIAN (NOT RAISED),,STRAIGHT AND LEVEL,UNKNOWN,UNKNOWN,ON SCENE,INJURY AND / OR TOW DUE TO CRASH,,,Y,"OVER $1,500",9/5/2019 22:26,FAILING TO REDUCE SPEED TO AVOID CRASH,NOT APPLICABLE,6511,S,DR MARTIN LUTHER KING JR DR,312,,,,,,,2,NO INDICATION OF INJURY,0,0,0,0,0,1,0,22,5,9,41.77623301,-87.61537895,POINT (-87.615378954151 41.776233008035)
JC421807,,9/5/2019 22:22,30,NO CONTROLS,NO CONTROLS,CLEAR,"DARKNESS, LIGHTED ROAD",SIDESWIPE OPPOSITE DIRECTION,NOT DIVIDED,,STRAIGHT AND LEVEL,DRY,NO DEFECTS,,INJURY AND / OR TOW DUE TO CRASH,Y,,Y,"OVER $1,500",9/5/2019 22:22,DRIVING ON WRONG SIDE/WRONG WAY,IMPROPER LANE USAGE,7200,S,WESTERN AVE,832,,,,,,,2,NONINCAPACITATING INJURY,1,0,0,1,0,1,0,22,5,9,41.76278384,-87.68333691,POINT (-87.683336906075 41.762783841947)
JC421812,,9/5/2019 22:20,35,NO CONTROLS,NO CONTROLS,CLEAR,"DARKNESS, LIGHTED ROAD",REAR END,NOT DIVIDED,,STRAIGHT AND LEVEL,DRY,UNKNOWN,NOT ON SCENE (DESK REPORT),NO INJURY / DRIVE AWAY,,,,"OVER $1,500",9/5/2019 22:30,ROAD ENGINEERING/SURFACE/MARKING DEFECTS,FAILING TO REDUCE SPEED TO AVOID CRASH,2345,S,PULASKI RD,1013,,,,,,,2,NO INDICATION OF INJURY,0,0,0,0,0,5,0,22,5,9,41.84855902,-87.72453224,POINT (-87.724532244229 41.84855901864)
JC421794,,9/5/2019 22:16,40,TRAFFIC SIGNAL,FUNCTIONING PROPERLY,CLEAR,"DARKNESS, LIGHTED ROAD",REAR END,DIVIDED - W/MEDIAN BARRIER,,STRAIGHT AND LEVEL,DRY,NO DEFECTS,ON SCENE,INJURY AND / OR TOW DUE TO CRASH,,,,"OVER $1,500",9/5/2019 22:18,FOLLOWING TOO CLOSELY,NOT APPLICABLE,551,S,LAKE SHORE DR NB,114,,,,,,,4,NONINCAPACITATING INJURY,1,0,0,1,0,5,0,22,5,9,41.87476298,-87.61696835,POINT (-87.616968347032 41.874762983339)
JC421875,,9/5/2019 22:15,30,UNKNOWN,UNKNOWN,CLEAR,DUSK,PARKED MOTOR VEHICLE,NOT DIVIDED,,STRAIGHT AND LEVEL,DRY,UNKNOWN,NOT ON SCENE (DESK REPORT),NO INJURY / DRIVE AWAY,,,,"OVER $1,500",9/6/2019 0:45,UNABLE TO DETERMINE,NOT APPLICABLE,1411,W,MADISON ST,1224,,,,,,,2,NO INDICATION OF INJURY,0,0,0,0,0,1,0,22,5,9,41.88141888,-87.66248298,POINT (-87.662482980676 41.88141888121)
JC421852,,9/5/2019 22:08,30,TRAFFIC SIGNAL,FUNCTIONING PROPERLY,CLEAR,"DARKNESS, LIGHTED ROAD",REAR END,NOT DIVIDED,,STRAIGHT AND LEVEL,DRY,NO DEFECTS,ON SCENE,NO INJURY / DRIVE AWAY,,,Y,$500 OR LESS,9/5/2019 22:22,DISTRACTION - FROM OUTSIDE VEHICLE,IMPROPER BACKING,2439,N,SACRAMENTO AVE,1414,,,,,,,2,NO INDICATION OF INJURY,0,0,0,0,0,2,0,22,5,9,41.9259581,-87.7021993,POINT (-87.702199295908 41.925958099165)
JC421811,,9/5/2019 22:03,30,STOP SIGN/FLASHER,FUNCTIONING PROPERLY,CLEAR,"DARKNESS, LIGHTED ROAD",REAR END,FOUR WAY,,STRAIGHT AND LEVEL,DRY,NO DEFECTS,NOT ON SCENE (DESK REPORT),INJURY AND / OR TOW DUE TO CRASH,,,,"OVER $1,500",9/5/2019 22:30,DISTRACTION - FROM INSIDE VEHICLE,NOT APPLICABLE,4700,S,PULASKI RD,815,,,,,,,2,"REPORTED, NOT EVIDENT",2,0,0,0,2,1,0,22,5,9,41.80778877,-87.72373033,POINT (-87.72373033158 41.807788769095)
JC421787,,9/5/2019 21:38,30,TRAFFIC SIGNAL,FUNCTIONING PROPERLY,CLEAR,"DARKNESS, LIGHTED ROAD",REAR END,FOUR WAY,,STRAIGHT AND LEVEL,DRY,NO DEFECTS,NOT ON SCENE (DESK REPORT),NO INJURY / DRIVE AWAY,Y,,,"OVER $1,500",9/5/2019 22:00,DISREGARDING TRAFFIC SIGNALS,CELL PHONE USE OTHER THAN TEXTING,1200,W,79TH ST,612,,,,,,,2,NO INDICATION OF INJURY,0,0,0,0,0,2,0,21,5,9,41.75060652,-87.65379975,POINT (-87.653799750308 41.750606519706)
JC421830,,9/5/2019 21:30,30,TRAFFIC SIGNAL,FUNCTIONING PROPERLY,CLEAR,"DARKNESS, LIGHTED ROAD",TURNING,NOT DIVIDED,,STRAIGHT AND LEVEL,DRY,NO DEFECTS,NOT ON SCENE (DESK REPORT),NO INJURY / DRIVE AWAY,Y,,Y,"$501 - $1,500",9/5/2019 23:00,FOLLOWING TOO CLOSELY,NOT APPLICABLE,100,E,RANDOLPH ST,114,,,,,,,2,NO INDICATION OF INJURY,0,0,0,0,0,2,0,21,5,9,41.88457722,-87.62440363,POINT (-87.62440363391 41.884577219487)
JC421759,,9/5/2019 21:13,30,TRAFFIC SIGNAL,FUNCTIONING PROPERLY,CLEAR,"DARKNESS, LIGHTED ROAD",REAR END,NOT DIVIDED,,STRAIGHT AND LEVEL,DRY,NO DEFECTS,ON SCENE,NO INJURY / DRIVE AWAY,,,,"OVER $1,500",9/5/2019 21:13,FAILING TO REDUCE SPEED TO AVOID CRASH,NOT APPLICABLE,2353,N,CALIFORNIA AVE,1431,,,,,,,2,NO INDICATION OF INJURY,0,0,0,0,0,2,0,21,5,9,41.92436282,-87.6972554,POINT (-87.697255395673 41.924362821568)
JC421766,,9/5/2019 21:10,45,NO CONTROLS,NO CONTROLS,CLEAR,"DARKNESS, LIGHTED ROAD",SIDESWIPE SAME DIRECTION,DIVIDED - W/MEDIAN (NOT RAISED),,STRAIGHT AND LEVEL,DRY,NO DEFECTS,NOT ON SCENE (DESK REPORT),NO INJURY / DRIVE AWAY,,,Y,"$501 - $1,500",9/5/2019 21:22,UNABLE TO DETERMINE,UNABLE TO DETERMINE,5201,N,LAKE SHORE DR NB,2023,,,,,,,2,NO INDICATION OF INJURY,0,0,0,0,0,2,0,21,5,9,41.97677895,-87.65016355,POINT (-87.650163545346 41.976778952794)
JC421813,,9/5/2019 21:00,55,NO CONTROLS,NO CONTROLS,CLEAR,"DARKNESS, LIGHTED ROAD",SIDESWIPE SAME DIRECTION,DIVIDED - W/MEDIAN (NOT RAISED),,STRAIGHT AND LEVEL,DRY,NO DEFECTS,ON SCENE,NO INJURY / DRIVE AWAY,,,Y,"$501 - $1,500",9/5/2019 22:00,UNABLE TO DETERMINE,NOT APPLICABLE,9300,S,CHICAGO SKYWAY OB,423,,,,,,,2,NO INDICATION OF INJURY,0,0,0,0,0,2,0,21,5,9,,,
JC421771,,9/5/2019 21:00,30,NO CONTROLS,NO CONTROLS,CLEAR,"DARKNESS, LIGHTED ROAD",REAR END,DIVIDED - W/MEDIAN BARRIER,,STRAIGHT AND LEVEL,DRY,NO DEFECTS,ON SCENE,INJURY AND / OR TOW DUE TO CRASH,,,,"OVER $1,500",9/5/2019 21:12,FOLLOWING TOO CLOSELY,UNABLE TO DETERMINE,601,W,GRAND AVE,1214,,,,,,,2,NO INDICATION OF INJURY,0,0,0,0,0,2,0,21,5,9,41.89114435,-87.6430694,POINT (-87.64306940215 41.891144344664)
JC422247,,9/5/2019 20:30,30,TRAFFIC SIGNAL,FUNCTIONING PROPERLY,CLEAR,"DARKNESS, LIGHTED ROAD",REAR END,NOT DIVIDED,,STRAIGHT AND LEVEL,DRY,NO DEFECTS,NOT ON SCENE (DESK REPORT),INJURY AND / OR TOW DUE TO CRASH,Y,,Y,"OVER $1,500",9/6/2019 11:00,FOLLOWING TOO CLOSELY,DRIVING SKILLS/KNOWLEDGE/EXPERIENCE,4502,W,CHICAGO AVE,1111,,,,,,,2,NO INDICATION OF INJURY,0,0,0,0,0,4,0,20,5,9,41.89524706,-87.73858853,POINT (-87.738588524758 41.895247063737)
JC421748,,9/5/2019 20:30,30,TRAFFIC SIGNAL,FUNCTIONING PROPERLY,CLEAR,"DARKNESS, LIGHTED ROAD",SIDESWIPE SAME DIRECTION,NOT DIVIDED,,STRAIGHT AND LEVEL,DRY,"RUT, HOLES",NOT ON SCENE (DESK REPORT),NO INJURY / DRIVE AWAY,,,,"$501 - $1,500",9/5/2019 21:00,IMPROPER OVERTAKING/PASSING,IMPROPER OVERTAKING/PASSING,615,W,DIVISION ST,1822,,,,,,,2,NO INDICATION OF INJURY,0,0,0,0,0,4,0,20,5,9,41.903594,-87.64389366,POINT (-87.643893656115 41.90359399612)
JC421817,,9/5/2019 20:25,30,YIELD,FUNCTIONING PROPERLY,CLEAR,"DARKNESS, LIGHTED ROAD",ANGLE,FOUR WAY,,STRAIGHT AND LEVEL,DRY,UNKNOWN,ON SCENE,INJURY AND / OR TOW DUE TO CRASH,Y,,,"OVER $1,500",9/5/2019 22:28,FAILING TO YIELD RIGHT-OF-WAY,NOT APPLICABLE,2300,E,71ST ST,331,,,,,,,2,NO INDICATION OF INJURY,0,0,0,0,0,2,0,20,5,9,41.76641351,-87.56974417,POINT (-87.569744168209 41.766413507169)
JC421734,,9/5/2019 20:25,30,TRAFFIC SIGNAL,FUNCTIONING PROPERLY,CLEAR,"DARKNESS, LIGHTED ROAD",REAR END,NOT DIVIDED,,STRAIGHT AND LEVEL,DRY,NO DEFECTS,ON SCENE,INJURY AND / OR TOW DUE TO CRASH,,,,"OVER $1,500",9/5/2019 20:26,FAILING TO REDUCE SPEED TO AVOID CRASH,UNDER THE INFLUENCE OF ALCOHOL/DRUGS (USE WHEN ARREST IS EFFECTED),3157,N,CENTRAL AVE,2514,,,,,,,2,"REPORTED, NOT EVIDENT",1,0,0,0,1,1,0,20,5,9,41.93842994,-87.7663475,POINT (-87.766347496718 41.938429937864)
JC421750,,9/5/2019 20:24,30,STOP SIGN/FLASHER,NO CONTROLS,CLEAR,"DARKNESS, LIGHTED ROAD",ANGLE,FOUR WAY,,STRAIGHT AND LEVEL,DRY,NO DEFECTS,ON SCENE,NO INJURY / DRIVE AWAY,Y,,Y,"$501 - $1,500",9/5/2019 20:30,FAILING TO YIELD RIGHT-OF-WAY,UNABLE TO DETERMINE,830,W,MONROE ST,1232,,,,,,,2,NO INDICATION OF INJURY,0,0,0,0,0,2,0,20,5,9,41.88058101,-87.64855393,POINT (-87.64855392545 41.8805810114)
JC421744,,9/5/2019 20:22,30,TRAFFIC SIGNAL,FUNCTIONING PROPERLY,CLEAR,DAYLIGHT,SIDESWIPE SAME DIRECTION,DIVIDED - W/MEDIAN (NOT RAISED),,STRAIGHT AND LEVEL,DRY,NO DEFECTS,ON SCENE,NO INJURY / DRIVE AWAY,,,,"$501 - $1,500",9/5/2019 20:32,UNABLE TO DETERMINE,NOT APPLICABLE,3158,W,ARMITAGE AVE,1414,,,,,,,2,NO INDICATION OF INJURY,0,0,0,0,0,3,0,20,5,9,41.9175119,-87.70688427,POINT (-87.706884274363 41.917511899722)
JC421728,,9/5/2019 20:15,15,NO CONTROLS,NO CONTROLS,CLEAR,DARKNESS,PEDALCYCLIST,NOT DIVIDED,,STRAIGHT AND LEVEL,DRY,NO DEFECTS,ON SCENE,INJURY AND / OR TOW DUE TO CRASH,,,Y,"OVER $1,500",9/5/2019 20:35,FAILING TO YIELD RIGHT-OF-WAY,FAILING TO YIELD RIGHT-OF-WAY,2333,W,VAN BUREN ST,1225,,,,,,,2,NONINCAPACITATING INJURY,1,0,0,1,0,1,0,20,5,9,41.87599475,-87.68516087,POINT (-87.685160868467 41.875994744577)
JC421726,,9/5/2019 20:15,30,TRAFFIC SIGNAL,FUNCTIONING PROPERLY,CLEAR,"DARKNESS, LIGHTED ROAD",SIDESWIPE SAME DIRECTION,NOT DIVIDED,,STRAIGHT AND LEVEL,DRY,NO DEFECTS,ON SCENE,NO INJURY / DRIVE AWAY,,,Y,"$501 - $1,500",9/5/2019 20:21,IMPROPER OVERTAKING/PASSING,NOT APPLICABLE,123,W,CERMAK RD,914,,,,,,,2,NO INDICATION OF INJURY,0,0,0,0,0,2,0,20,5,9,41.85276506,-87.63028089,POINT (-87.630280887932 41.852765062015)
JC421720,Y,9/5/2019 20:15,30,TRAFFIC SIGNAL,FUNCTIONING PROPERLY,CLEAR,DARKNESS,ANGLE,NOT DIVIDED,,STRAIGHT AND LEVEL,DRY,NO DEFECTS,ON SCENE,INJURY AND / OR TOW DUE TO CRASH,Y,,,"$501 - $1,500",9/5/2019 20:17,DRIVING SKILLS/KNOWLEDGE/EXPERIENCE,UNABLE TO DETERMINE,4338,W,NORTH AVE,2534,,,,,,,2,NO INDICATION OF INJURY,0,0,0,0,0,2,0,20,5,9,41.90988087,-87.7351582,POINT (-87.735158200369 41.909880868056)
JC422011,,9/5/2019 20:13,30,NO CONTROLS,NO CONTROLS,CLEAR,"DARKNESS, LIGHTED ROAD",REAR TO FRONT,PARKING LOT,,STRAIGHT AND LEVEL,DRY,NO DEFECTS,NOT ON SCENE (DESK REPORT),NO INJURY / DRIVE AWAY,,,,"$501 - $1,500",9/6/2019 7:20,IMPROPER BACKING,NOT APPLICABLE,3142,W,NORTH AVE,1421,,,,,,,2,NO INDICATION OF INJURY,0,0,0,0,0,2,0,20,5,9,41.91022961,-87.70623005,POINT (-87.706230046121 41.910229608231)
JC421763,N,9/5/2019 20:11,35,TRAFFIC SIGNAL,FUNCTIONING PROPERLY,CLEAR,DARKNESS,TURNING,T-INTERSECTION,,STRAIGHT AND LEVEL,DRY,NO DEFECTS,ON SCENE,INJURY AND / OR TOW DUE TO CRASH,Y,,,"OVER $1,500",9/5/2019 20:56,UNABLE TO DETERMINE,UNABLE TO DETERMINE,13751,S,AVENUE O,433,,,,,,,2,"REPORTED, NOT EVIDENT",4,0,0,0,4,2,0,20,5,9,41.64510948,-87.53984872,POINT (-87.539848716612 41.645109481492)
JC421712,,9/5/2019 20:10,30,NO CONTROLS,NO CONTROLS,CLEAR,"DARKNESS, LIGHTED ROAD",PARKED MOTOR VEHICLE,NOT DIVIDED,,STRAIGHT AND LEVEL,DRY,NO DEFECTS,ON SCENE,NO INJURY / DRIVE AWAY,,,N,"OVER $1,500",9/5/2019 20:10,UNABLE TO DETERMINE,UNABLE TO DETERMINE,11051,S,MORGAN ST,2234,,,,,,,2,NO INDICATION OF INJURY,0,0,0,0,0,1,0,20,5,9,41.69259546,-87.64710463,POINT (-87.647104630428 41.69259545889)
JC421707,,9/5/2019 20:10,30,NO CONTROLS,NO CONTROLS,CLEAR,"DARKNESS, LIGHTED ROAD",REAR END,PARKING LOT,,STRAIGHT AND LEVEL,DRY,NO DEFECTS,NOT ON SCENE (DESK REPORT),NO INJURY / DRIVE AWAY,,,,"$501 - $1,500",9/5/2019 20:33,DRIVING SKILLS/KNOWLEDGE/EXPERIENCE,DRIVING SKILLS/KNOWLEDGE/EXPERIENCE,11500,S,CHAMPLAIN AVE,532,,,,,,,2,NO INDICATION OF INJURY,0,0,0,0,0,4,0,20,5,9,41.68545335,-87.60720243,POINT (-87.607202430264 41.685453352497)
JC421701,,9/5/2019 20:10,30,NO CONTROLS,NO CONTROLS,CLEAR,"DARKNESS, LIGHTED ROAD",SIDESWIPE SAME DIRECTION,DIVIDED - W/MEDIAN (NOT RAISED),,STRAIGHT AND LEVEL,DRY,NO DEFECTS,NOT ON SCENE (DESK REPORT),NO INJURY / DRIVE AWAY,,,,"$501 - $1,500",9/5/2019 20:16,FAILING TO YIELD RIGHT-OF-WAY,DRIVING SKILLS/KNOWLEDGE/EXPERIENCE,3359,W,59TH ST,822,,,,,,,2,NO INDICATION OF INJURY,0,0,0,0,0,2,0,20,5,9,41.78606332,-87.70816594,POINT (-87.708165936074 41.786063323336)