RD_NO,CRASH_DATE_EST_I,CRASH_DATE,POSTED_SPEED_LIMIT,TRAFFIC_CONTROL_DEVICE,DEVICE_CONDITION,WEATHER_CONDITION,LIGHTING_CONDITION,FIRST_CRASH_TYPE,TRAFFICWAY_TYPE,LANE_CNT,ALIGNMENT,ROADWAY_SURFACE_COND,ROAD_DEFECT,REPORT_TYPE,CRASH_TYPE,INTERSECTION_RELATED_I,NOT_RIGHT_OF_WAY_I,HIT_AND_RUN_I,DAMAGE,DATE_POLICE_NOTIFIED,PRIM_CONTRIBUTORY_CAUSE,SEC_CONTRIBUTORY_CAUSE,STREET_NO,STREET_DIRECTION,STREET_NAME,BEAT_OF_OCCURRENCE,PHOTOS_TAKEN_I,STATEMENTS_TAKEN_I,DOORING_I,WORK_ZONE_I,WORK_ZONE_TYPE,WORKERS_PRESENT_I,NUM_UNITS,MOST_SEVERE_INJURY,INJURIES_TOTAL,INJURIES_FATAL,INJURIES_INCAPACITATING,INJURIES_NON_INCAPACITATING,INJURIES_REPORTED_NOT_EVIDENT,INJURIES_NO_INDICATION,INJURIES_UNKNOWN,CRASH_HOUR,CRASH_DAY_OF_WEEK,CRASH_MONTH,LATITUDE,LONGITUDE,LOCATION
JC421738,,9/5/2019 20:05,55,NO CONTROLS,NO CONTROLS,CLEAR,DARKNESS,SIDESWIPE SAME DIRECTION,NOT DIVIDED,,STRAIGHT AND LEVEL,DRY,NO DEFECTS,ON SCENE,NO INJURY / DRIVE AWAY,,,,"OVER $1,500",9/5/2019 20:19,IMPROPER LANE USAGE,NOT APPLICABLE,9299,S,CHICAGO SKYWAY IB,423,,,,,,,2,NO INDICATION OF INJURY,0,0,0,0,0,3,0,20,5,9,,,
JC421716,,9/5/2019 20:00,30,TRAFFIC SIGNAL,UNKNOWN,CLEAR,DARKNESS,REAR END,FOUR WAY,,STRAIGHT AND LEVEL,DRY,UNKNOWN,NOT ON SCENE (DESK REPORT),NO INJURY / DRIVE AWAY,,,,$500 OR LESS,9/5/2019 20:15,FOLLOWING TOO CLOSELY,NOT APPLICABLE,3409,W,IRVING PARK RD,1732,,,,,,,2,NO INDICATION OF INJURY,0,0,0,0,0,2,0,20,5,9,41.95374135,-87.71330091,POINT (-87.713300906186 41.953741352172)
JC421711,,9/5/2019 20:00,30,NO CONTROLS,NOT FUNCTIONING,CLEAR,"DARKNESS, LIGHTED ROAD",SIDESWIPE SAME DIRECTION,NOT DIVIDED,,STRAIGHT AND LEVEL,DRY,NO DEFECTS,NOT ON SCENE (DESK REPORT),NO INJURY / DRIVE AWAY,,,,"$501 - $1,500",9/5/2019 20:34,UNABLE TO DETERMINE,UNABLE TO DETERMINE,800,N,LAKE SHORE DR NB,1833,,,,,,,2,NO INDICATION OF INJURY,0,0,0,0,0,2,0,20,5,9,41.89681668,-87.61682704,POINT (-87.61682704395 41.896816682694)
JC421695,,9/5/2019 20:00,30,NO CONTROLS,NO CONTROLS,CLEAR,"DARKNESS, LIGHTED ROAD",REAR END,NOT DIVIDED,,STRAIGHT AND LEVEL,DRY,NO DEFECTS,ON SCENE,NO INJURY / DRIVE AWAY,,,Y,"OVER $1,500",9/5/2019 20:15,FOLLOWING TOO CLOSELY,UNABLE TO DETERMINE,834,N,WESTERN AVE,1212,,,,,,,2,NO INDICATION OF INJURY,0,0,0,0,0,2,0,20,5,9,41.89681689,-87.6870149,POINT (-87.687014894682 41.896816892412)
JC421710,,9/5/2019 19:50,30,TRAFFIC SIGNAL,FUNCTIONING PROPERLY,CLEAR,DAYLIGHT,SIDESWIPE SAME DIRECTION,NOT DIVIDED,,STRAIGHT AND LEVEL,DRY,NO DEFECTS,NOT ON SCENE (DESK REPORT),NO INJURY / DRIVE AWAY,,,N,"$501 - $1,500",9/5/2019 20:15,IMPROPER LANE USAGE,IMPROPER LANE USAGE,1150,S,COLUMBUS DR,114,,,,,,,2,NO INDICATION OF INJURY,0,0,0,0,0,2,0,19,5,9,41.86782626,-87.62058243,POINT (-87.620582425933 41.867826260581)
JC421719,,9/5/2019 19:46,30,STOP SIGN/FLASHER,NO CONTROLS,CLEAR,"DARKNESS, LIGHTED ROAD",ANGLE,DIVIDED - W/MEDIAN (NOT RAISED),,STRAIGHT AND LEVEL,DRY,NO DEFECTS,ON SCENE,INJURY AND / OR TOW DUE TO CRASH,Y,,,"OVER $1,500",9/5/2019 20:20,FAILING TO YIELD RIGHT-OF-WAY,NOT APPLICABLE,800,N,CARPENTER ST,1213,,,,,,,2,NO INDICATION OF INJURY,0,0,0,0,0,2,0,19,5,9,41.8963433,-87.65375427,POINT (-87.653754269712 41.896343298631)
JC421758,,9/5/2019 19:45,30,UNKNOWN,UNKNOWN,CLEAR,DUSK,SIDESWIPE SAME DIRECTION,NOT DIVIDED,,STRAIGHT AND LEVEL,DRY,NO DEFECTS,NOT ON SCENE (DESK REPORT),NO INJURY / DRIVE AWAY,,,,"OVER $1,500",9/5/2019 21:15,IMPROPER OVERTAKING/PASSING,IMPROPER TURNING/NO SIGNAL,3210,W,ADDISON ST,1733,,,,,,,2,NO INDICATION OF INJURY,0,0,0,0,0,2,0,19,5,9,41.94673703,-87.70833408,POINT (-87.708334082031 41.946737026535)
JC421721,,9/5/2019 19:45,25,OTHER REG. SIGN,FUNCTIONING PROPERLY,CLEAR,"DARKNESS, LIGHTED ROAD",SIDESWIPE SAME DIRECTION,NOT DIVIDED,,STRAIGHT AND LEVEL,DRY,NO DEFECTS,NOT ON SCENE (DESK REPORT),NO INJURY / DRIVE AWAY,,,Y,"$501 - $1,500",9/5/2019 20:51,UNABLE TO DETERMINE,UNABLE TO DETERMINE,5900,S,CORNELL DR,331,,,,,,,2,NO INDICATION OF INJURY,0,0,0,0,0,2,0,19,5,9,41.78797748,-87.58535205,POINT (-87.58535204872 41.787977478522)
JC421687,,9/5/2019 19:40,30,TRAFFIC SIGNAL,FUNCTIONING PROPERLY,CLEAR,DUSK,PEDESTRIAN,NOT DIVIDED,,STRAIGHT AND LEVEL,DRY,NO DEFECTS,ON SCENE,INJURY AND / OR TOW DUE TO CRASH,,,,"$501 - $1,500",9/5/2019 19:42,NOT APPLICABLE,NOT APPLICABLE,2425,W,DIVERSEY AVE,1411,,,,,,,2,NONINCAPACITATING INJURY,1,0,0,1,0,1,0,19,5,9,41.93204685,-87.68897869,POINT (-87.688978686305 41.932046851025)
JC421623,,9/5/2019 19:15,30,TRAFFIC SIGNAL,FUNCTIONING PROPERLY,CLEAR,DUSK,REAR END,DIVIDED - W/MEDIAN BARRIER,,STRAIGHT AND LEVEL,DRY,NO DEFECTS,NOT ON SCENE (DESK REPORT),NO INJURY / DRIVE AWAY,,,,"OVER $1,500",9/5/2019 19:40,FAILING TO REDUCE SPEED TO AVOID CRASH,UNABLE TO DETERMINE,710,S,LAKE SHORE DR E,114,,,,,,,2,NO INDICATION OF INJURY,0,0,0,0,0,2,0,19,5,9,41.8730452,-87.61722623,POINT (-87.617226228311 41.873045199899)
JC425876,,9/5/2019 19:10,30,NO CONTROLS,NO CONTROLS,CLEAR,DUSK,SIDESWIPE SAME DIRECTION,DIVIDED - W/MEDIAN BARRIER,,STRAIGHT AND LEVEL,DRY,NO DEFECTS,NOT ON SCENE (DESK REPORT),NO INJURY / DRIVE AWAY,,,Y,"OVER $1,500",9/9/2019 11:40,IMPROPER OVERTAKING/PASSING,NOT APPLICABLE,406,S,MICHIGAN AVE,113,,,,,,,2,NO INDICATION OF INJURY,0,0,0,0,0,2,0,19,5,9,41.8767998,-87.62443234,POINT (-87.624432334875 41.876799795711)
JC421658,,9/5/2019 19:10,30,TRAFFIC SIGNAL,FUNCTIONING PROPERLY,CLEAR,"DARKNESS, LIGHTED ROAD",SIDESWIPE SAME DIRECTION,NOT DIVIDED,,STRAIGHT AND LEVEL,DRY,NO DEFECTS,NOT ON SCENE (DESK REPORT),NO INJURY / DRIVE AWAY,Y,,,"$501 - $1,500",9/5/2019 19:42,UNABLE TO DETERMINE,UNABLE TO DETERMINE,398,W,NORTH AVE,1814,,,,,,,2,NO INDICATION OF INJURY,0,0,0,0,0,2,0,19,5,9,41.91122467,-87.63856779,POINT (-87.638567787333 41.911224671647)
JC421630,,9/5/2019 19:09,30,NO CONTROLS,NO CONTROLS,CLEAR,DAYLIGHT,SIDESWIPE SAME DIRECTION,NOT DIVIDED,,STRAIGHT AND LEVEL,DRY,NO DEFECTS,ON SCENE,INJURY AND / OR TOW DUE TO CRASH,,,,$500 OR LESS,9/5/2019 19:09,FAILING TO YIELD RIGHT-OF-WAY,FAILING TO REDUCE SPEED TO AVOID CRASH,3333,W,MADISON ST,1124,,,,,,,3,NO INDICATION OF INJURY,0,0,0,0,0,2,0,19,5,9,41.88081879,-87.70978996,POINT (-87.709789959793 41.880818788874)
JC421627,,9/5/2019 19:05,30,STOP SIGN/FLASHER,NO CONTROLS,CLEAR,DAYLIGHT,PEDALCYCLIST,NOT DIVIDED,,STRAIGHT AND LEVEL,DRY,NO DEFECTS,ON SCENE,INJURY AND / OR TOW DUE TO CRASH,,,,$500 OR LESS,9/5/2019 19:06,DISREGARDING STOP SIGN,NOT APPLICABLE,3142,W,JEROME ST,2411,,,,,,,2,"REPORTED, NOT EVIDENT",1,0,0,0,1,1,0,19,5,9,42.01834111,-87.70836133,POINT (-87.708361330302 42.018341106366)
JC421667,,9/5/2019 19:00,30,NO CONTROLS,NO CONTROLS,CLEAR,DAYLIGHT,PEDESTRIAN,NOT DIVIDED,,STRAIGHT AND LEVEL,DRY,NO DEFECTS,,NO INJURY / DRIVE AWAY,,,Y,$500 OR LESS,9/5/2019 19:41,UNABLE TO DETERMINE,NOT APPLICABLE,2900,W,GRAND AVE,1221,,,,,,,2,NO INDICATION OF INJURY,0,0,0,0,0,2,0,19,5,9,41.89574062,-87.69987952,POINT (-87.699879515009 41.895740616098)
JC421622,,9/5/2019 18:55,30,NO CONTROLS,NO CONTROLS,CLEAR,"DARKNESS, LIGHTED ROAD",PEDALCYCLIST,ONE-WAY,,STRAIGHT AND LEVEL,DRY,NO DEFECTS,ON SCENE,NO INJURY / DRIVE AWAY,,,,"$501 - $1,500",9/5/2019 18:59,"OPERATING VEHICLE IN ERRATIC, RECKLESS, CARELESS, NEGLIGENT OR AGGRESSIVE MANNER",DISREGARDING ROAD MARKINGS,615,W,RANDOLPH ST,121,,,,,,,2,NO INDICATION OF INJURY,0,0,0,0,0,3,0,18,5,9,41.88432104,-87.64342475,POINT (-87.643424753347 41.884321040693)
JC421604,,9/5/2019 18:55,30,NO CONTROLS,NO CONTROLS,CLEAR,DAYLIGHT,SIDESWIPE SAME DIRECTION,NOT DIVIDED,,STRAIGHT AND LEVEL,DRY,"RUT, HOLES",ON SCENE,INJURY AND / OR TOW DUE TO CRASH,,,,"OVER $1,500",9/5/2019 19:00,FAILING TO YIELD RIGHT-OF-WAY,NOT APPLICABLE,3615,W,55TH ST,822,,N,,,,,2,NO INDICATION OF INJURY,0,0,0,0,0,2,0,18,5,9,41.79323172,-87.71432766,POINT (-87.714327662213 41.793231722901)
JC421702,,9/5/2019 18:45,25,NO CONTROLS,NO CONTROLS,CLEAR,"DARKNESS, LIGHTED ROAD",PARKED MOTOR VEHICLE,ONE-WAY,,STRAIGHT AND LEVEL,DRY,NO DEFECTS,NOT ON SCENE (DESK REPORT),NO INJURY / DRIVE AWAY,,,,"$501 - $1,500",9/5/2019 20:20,UNABLE TO DETERMINE,UNABLE TO DETERMINE,6699,N,OLMSTED AVE,1612,,,,,,,2,NO INDICATION OF INJURY,0,0,0,0,0,1,0,18,5,9,42.00216249,-87.81663689,POINT (-87.81663688746 42.002162489246)
JC421609,,9/5/2019 18:45,30,TRAFFIC SIGNAL,FUNCTIONING PROPERLY,CLEAR,DUSK,REAR END,DIVIDED - W/MEDIAN BARRIER,,STRAIGHT AND LEVEL,DRY,UNKNOWN,ON SCENE,NO INJURY / DRIVE AWAY,,,,"$501 - $1,500",9/5/2019 18:54,FAILING TO REDUCE SPEED TO AVOID CRASH,NOT APPLICABLE,1607,W,GARFIELD BLVD,715,,,,Y,UNKNOWN,,2,NO INDICATION OF INJURY,0,0,0,0,0,3,0,18,5,9,41.79355474,-87.66490803,POINT (-87.664908030032 41.793554737208)
JC421600,,9/5/2019 18:43,30,NO CONTROLS,NO CONTROLS,CLEAR,DAYLIGHT,SIDESWIPE SAME DIRECTION,NOT DIVIDED,,STRAIGHT AND LEVEL,DRY,NO DEFECTS,NOT ON SCENE (DESK REPORT),NO INJURY / DRIVE AWAY,,,,"$501 - $1,500",9/5/2019 18:58,NOT APPLICABLE,NOT APPLICABLE,6300,S,KEDZIE AVE,823,,,,,,,2,NO INDICATION OF INJURY,0,0,0,0,0,2,0,18,5,9,41.77894575,-87.70328312,POINT (-87.703283119003 41.77894575018)
JC421598,,9/5/2019 18:43,30,TRAFFIC SIGNAL,FUNCTIONING PROPERLY,CLEAR,DAYLIGHT,PEDESTRIAN,DIVIDED - W/MEDIAN (NOT RAISED),,STRAIGHT AND LEVEL,DRY,NO DEFECTS,ON SCENE,INJURY AND / OR TOW DUE TO CRASH,N,,,$500 OR LESS,9/5/2019 18:43,IMPROPER OVERTAKING/PASSING,FAILING TO YIELD RIGHT-OF-WAY,6800,W,63RD ST,812,,,,,,,2,NONINCAPACITATING INJURY,1,0,0,1,0,1,0,18,5,9,41.77763667,-87.79114675,POINT (-87.791146745461 41.777636671673)
JC421635,,9/5/2019 18:40,30,TRAFFIC SIGNAL,FUNCTIONING PROPERLY,CLEAR,DAWN,SIDESWIPE SAME DIRECTION,DIVIDED - W/MEDIAN BARRIER,,STRAIGHT AND LEVEL,DRY,NO DEFECTS,NOT ON SCENE (DESK REPORT),NO INJURY / DRIVE AWAY,,,Y,"OVER $1,500",9/5/2019 19:15,IMPROPER LANE USAGE,IMPROPER LANE USAGE,1430,S,MICHIGAN AVE,131,,,,,,,3,NO INDICATION OF INJURY,0,0,0,0,0,3,0,18,5,9,41.86320726,-87.62420579,POINT (-87.624205786923 41.863207260934)
JC421675,,9/5/2019 18:30,30,NO CONTROLS,NO CONTROLS,CLEAR,DAYLIGHT,PARKED MOTOR VEHICLE,ONE-WAY,,STRAIGHT AND LEVEL,DRY,NO DEFECTS,NOT ON SCENE (DESK REPORT),NO INJURY / DRIVE AWAY,,,Y,"OVER $1,500",9/5/2019 19:35,"OPERATING VEHICLE IN ERRATIC, RECKLESS, CARELESS, NEGLIGENT OR AGGRESSIVE MANNER",UNABLE TO DETERMINE,11142,S,NORMAL AVE,2233,,,,,,,2,NO INDICATION OF INJURY,0,0,0,0,0,1,0,18,5,9,41.6911653,-87.63524222,POINT (-87.635242217172 41.691165294526)
JC421671,,9/5/2019 18:30,30,TRAFFIC SIGNAL,FUNCTIONING PROPERLY,CLEAR,DUSK,REAR END,DIVIDED - W/MEDIAN (NOT RAISED),,STRAIGHT AND LEVEL,DRY,NO DEFECTS,ON SCENE,INJURY AND / OR TOW DUE TO CRASH,,,,"OVER $1,500",9/5/2019 19:11,UNABLE TO DETERMINE,NOT APPLICABLE,2,W,63RD ST,311,,,,,,,4,NO INDICATION OF INJURY,0,0,0,0,0,4,0,18,5,9,41.78016768,-87.6254298,POINT (-87.625429798661 41.780167678293)
JC421659,,9/5/2019 18:30,30,NO CONTROLS,NO CONTROLS,CLEAR,DAYLIGHT,PARKED MOTOR VEHICLE,PARKING LOT,,STRAIGHT AND LEVEL,DRY,NO DEFECTS,NOT ON SCENE (DESK REPORT),NO INJURY / DRIVE AWAY,,Y,Y,"$501 - $1,500",9/5/2019 19:30,IMPROPER LANE USAGE,NOT APPLICABLE,3222,N,MILWAUKEE AVE,1732,,,,,,,2,NO INDICATION OF INJURY,0,0,0,0,0,1,0,18,5,9,41.93953549,-87.72480654,POINT (-87.724806540695 41.939535494268)
JC421605,,9/5/2019 18:30,30,TRAFFIC SIGNAL,FUNCTIONING PROPERLY,CLEAR,DAYLIGHT,SIDESWIPE SAME DIRECTION,DIVIDED - W/MEDIAN (NOT RAISED),,STRAIGHT AND LEVEL,DRY,NO DEFECTS,NOT ON SCENE (DESK REPORT),NO INJURY / DRIVE AWAY,,,,"$501 - $1,500",9/5/2019 19:11,IMPROPER LANE USAGE,NOT APPLICABLE,1000,S,CLARK ST,123,,,,,,,2,NO INDICATION OF INJURY,0,0,0,0,0,2,0,18,5,9,41.8698488,-87.63065553,POINT (-87.630655526344 41.869848798097)
JC421603,,9/5/2019 18:30,30,NO CONTROLS,NO CONTROLS,CLEAR,DAYLIGHT,REAR TO SIDE,PARKING LOT,,STRAIGHT AND LEVEL,DRY,NO DEFECTS,NOT ON SCENE (DESK REPORT),NO INJURY / DRIVE AWAY,,,,"OVER $1,500",9/5/2019 19:00,FAILING TO YIELD RIGHT-OF-WAY,NOT APPLICABLE,4710,W,LAWRENCE AVE,1712,,,,,,,2,NO INDICATION OF INJURY,0,0,0,0,0,2,0,18,5,9,41.96815701,-87.74581228,POINT (-87.745812281197 41.968157011093)
JC421594,,9/5/2019 18:25,30,TRAFFIC SIGNAL,FUNCTIONING PROPERLY,CLEAR,DAYLIGHT,TURNING,DIVIDED - W/MEDIAN (NOT RAISED),,STRAIGHT AND LEVEL,DRY,NO DEFECTS,ON SCENE,INJURY AND / OR TOW DUE TO CRASH,Y,,,"OVER $1,500",9/5/2019 18:30,FAILING TO YIELD RIGHT-OF-WAY,NOT APPLICABLE,1121,W,DIVISION ST,1822,,,,,,,2,NO INDICATION OF INJURY,0,0,0,0,0,2,0,18,5,9,41.90340995,-87.65653174,POINT (-87.656531741871 41.903409950443)
JC421585,,9/5/2019 18:25,30,NO CONTROLS,NO CONTROLS,CLEAR,DAYLIGHT,TURNING,CENTER TURN LANE,,STRAIGHT AND LEVEL,DRY,NO DEFECTS,ON SCENE,NO INJURY / DRIVE AWAY,Y,,,"$501 - $1,500",9/5/2019 18:33,IMPROPER LANE USAGE,IMPROPER TURNING/NO SIGNAL,10200,S,WESTERN AVE,2211,,Y,,,,,2,NO INDICATION OF INJURY,0,0,0,0,0,4,0,18,5,9,41.70810544,-87.68182033,POINT (-87.681820330549 41.708105443915)
JC421616,,9/5/2019 18:24,30,TRAFFIC SIGNAL,FUNCTIONING PROPERLY,CLEAR,DAYLIGHT,TURNING,NOT DIVIDED,,STRAIGHT AND LEVEL,DRY,NO DEFECTS,ON SCENE,NO INJURY / DRIVE AWAY,Y,,,"OVER $1,500",9/5/2019 19:13,IMPROPER TURNING/NO SIGNAL,NOT APPLICABLE,1004,S,DESPLAINES ST,124,,,,,,,2,NO INDICATION OF INJURY,0,0,0,0,0,2,0,18,5,9,41.86953109,-87.64388153,POINT (-87.643881530117 41.869531089373)
JC429414,,9/5/2019 18:20,30,NO CONTROLS,NO CONTROLS,UNKNOWN,DAYLIGHT,SIDESWIPE SAME DIRECTION,NOT DIVIDED,,STRAIGHT AND LEVEL,UNKNOWN,UNKNOWN,NOT ON SCENE (DESK REPORT),NO INJURY / DRIVE AWAY,,,,"$501 - $1,500",9/11/2019 19:35,IMPROPER LANE USAGE,IMPROPER OVERTAKING/PASSING,7600,S,VINCENNES AVE,623,,,,,,,2,NO INDICATION OF INJURY,0,0,0,0,0,2,0,18,5,9,41.7562857,-87.63240666,POINT (-87.632406662789 41.756285700818)
JC421593,,9/5/2019 18:20,15,NO CONTROLS,NO CONTROLS,CLEAR,DAYLIGHT,PARKED MOTOR VEHICLE,OTHER,,STRAIGHT AND LEVEL,DRY,NO DEFECTS,ON SCENE,NO INJURY / DRIVE AWAY,,,,"$501 - $1,500",9/5/2019 18:26,NOT APPLICABLE,NOT APPLICABLE,616,W,OHARE ST,1654,,,,,,,2,NO INDICATION OF INJURY,0,0,0,0,0,1,0,18,5,9,,,
JC421575,,9/5/2019 18:20,30,TRAFFIC SIGNAL,FUNCTIONING PROPERLY,CLEAR,DAYLIGHT,REAR END,NOT DIVIDED,,STRAIGHT ON GRADE,DRY,UNKNOWN,NOT ON SCENE (DESK REPORT),INJURY AND / OR TOW DUE TO CRASH,,,,$500 OR LESS,9/5/2019 18:26,FAILING TO REDUCE SPEED TO AVOID CRASH,UNABLE TO DETERMINE,221,W,47TH ST,935,,,,,,,2,NONINCAPACITATING INJURY,2,0,0,2,0,2,0,18,5,9,41.80901787,-87.63185333,POINT (-87.631853332296 41.809017870528)
JC421563,,9/5/2019 18:15,30,NO CONTROLS,NO CONTROLS,CLEAR,DAYLIGHT,ANGLE,NOT DIVIDED,,STRAIGHT AND LEVEL,DRY,NO DEFECTS,ON SCENE,NO INJURY / DRIVE AWAY,,,Y,"OVER $1,500",9/5/2019 18:40,FAILING TO YIELD RIGHT-OF-WAY,NOT APPLICABLE,7800,S,SOUTH CHICAGO AVE,411,,,,,,,2,NO INDICATION OF INJURY,0,0,0,0,0,2,0,18,5,9,41.75274564,-87.58752349,POINT (-87.587523485262 41.752745640488)
JC421557,,9/5/2019 18:15,20,NO CONTROLS,NO CONTROLS,CLEAR,DAYLIGHT,PEDESTRIAN,ALLEY,,STRAIGHT AND LEVEL,DRY,NO DEFECTS,ON SCENE,NO INJURY / DRIVE AWAY,,,Y,$500 OR LESS,9/5/2019 18:30,UNABLE TO DETERMINE,UNABLE TO DETERMINE,2215,S,SPRINGFIELD AVE,1013,,,,,,,2,NO INDICATION OF INJURY,0,0,0,0,0,2,0,18,5,9,41.85110356,-87.72211795,POINT (-87.722117953383 41.851103555462)
JC421560,,9/5/2019 18:08,35,TRAFFIC SIGNAL,FUNCTIONING PROPERLY,CLEAR,DAYLIGHT,REAR END,ONE-WAY,,STRAIGHT AND LEVEL,DRY,NO DEFECTS,ON SCENE,INJURY AND / OR TOW DUE TO CRASH,,,,"OVER $1,500",9/5/2019 18:10,UNDER THE INFLUENCE OF ALCOHOL/DRUGS (USE WHEN ARREST IS EFFECTED),FOLLOWING TOO CLOSELY,9457,S,LAFAYETTE AVE,634,,,,,,,3,"REPORTED, NOT EVIDENT",2,0,0,0,2,3,0,18,5,9,41.72178206,-87.6248949,POINT (-87.624894903617 41.721782060872)
JC421596,,9/5/2019 18:07,30,STOP SIGN/FLASHER,FUNCTIONING PROPERLY,CLEAR,DAWN,SIDESWIPE SAME DIRECTION,NOT DIVIDED,,STRAIGHT AND LEVEL,DRY,NO DEFECTS,NOT ON SCENE (DESK REPORT),NO INJURY / DRIVE AWAY,,,,$500 OR LESS,9/5/2019 18:50,IMPROPER OVERTAKING/PASSING,NOT APPLICABLE,2448,S,OAKLEY AVE,1034,,,,,,,2,NO INDICATION OF INJURY,0,0,0,0,0,3,0,18,5,9,41.84702046,-87.68319955,POINT (-87.683199552151 41.847020464002)
JC422606,,9/5/2019 18:00,30,TRAFFIC SIGNAL,FUNCTIONING PROPERLY,CLEAR,DUSK,ANGLE,FOUR WAY,,STRAIGHT AND LEVEL,DRY,NO DEFECTS,NOT ON SCENE (DESK REPORT),NO INJURY / DRIVE AWAY,Y,,Y,"$501 - $1,500",9/6/2019 16:00,IMPROPER OVERTAKING/PASSING,NOT APPLICABLE,500,W,ROOSEVELT RD,124,,,,,,,2,NO INDICATION OF INJURY,0,0,0,0,0,2,0,18,5,9,41.86736269,-87.6392932,POINT (-87.639293194642 41.867362692617)
JC421670,,9/5/2019 18:00,30,STOP SIGN/FLASHER,FUNCTIONING PROPERLY,CLEAR,DAYLIGHT,PARKED MOTOR VEHICLE,ONE-WAY,,STRAIGHT AND LEVEL,UNKNOWN,UNKNOWN,NOT ON SCENE (DESK REPORT),NO INJURY / DRIVE AWAY,,,,"OVER $1,500",9/5/2019 19:45,DRIVING SKILLS/KNOWLEDGE/EXPERIENCE,IMPROPER OVERTAKING/PASSING,1500,W,WELLINGTON AVE,1932,,,,,,,2,NO INDICATION OF INJURY,0,0,0,0,0,3,0,18,5,9,41.93619083,-87.66623908,POINT (-87.666239082379 41.936190824525)
JC421545,,9/5/2019 18:00,30,TRAFFIC SIGNAL,FUNCTIONING PROPERLY,CLEAR,DAYLIGHT,SIDESWIPE SAME DIRECTION,NOT DIVIDED,,STRAIGHT ON GRADE,DRY,NO DEFECTS,NOT ON SCENE (DESK REPORT),NO INJURY / DRIVE AWAY,Y,,,"OVER $1,500",9/5/2019 18:15,FAILING TO REDUCE SPEED TO AVOID CRASH,IMPROPER OVERTAKING/PASSING,3110,W,103RD ST,2211,,,,,,,2,NO INDICATION OF INJURY,0,0,0,0,0,2,0,18,5,9,41.70632002,-87.69931411,POINT (-87.699314112261 41.706320021775)
JC421528,Y,9/5/2019 18:00,10,NO CONTROLS,NO CONTROLS,CLEAR,DAYLIGHT,TURNING,PARKING LOT,,STRAIGHT AND LEVEL,DRY,NO DEFECTS,ON SCENE,INJURY AND / OR TOW DUE TO CRASH,,,,"OVER $1,500",9/5/2019 18:06,DRIVING SKILLS/KNOWLEDGE/EXPERIENCE,DRIVING SKILLS/KNOWLEDGE/EXPERIENCE,6400,W,IRVING PARK RD,1632,,,,,,,2,NO INDICATION OF INJURY,0,0,0,0,0,2,0,18,5,9,41.95302475,-87.78668324,POINT (-87.786683237666 41.953024750753)
JC421612,,9/5/2019 17:57,30,TRAFFIC SIGNAL,UNKNOWN,CLEAR,DAYLIGHT,PEDESTRIAN,NOT DIVIDED,,STRAIGHT AND LEVEL,DRY,NO DEFECTS,ON SCENE,INJURY AND / OR TOW DUE TO CRASH,Y,,Y,"$501 - $1,500",9/5/2019 18:00,DISREGARDING TRAFFIC SIGNALS,UNABLE TO DETERMINE,530,N,KINGSBURY ST,1831,,,,,,,2,NONINCAPACITATING INJURY,1,0,0,1,0,1,0,17,5,9,41.89140499,-87.6399778,POINT (-87.639977804097 41.891404990596)
JC421543,,9/5/2019 17:55,30,STOP SIGN/FLASHER,FUNCTIONING PROPERLY,CLEAR,DAYLIGHT,PEDESTRIAN,FOUR WAY,,STRAIGHT AND LEVEL,DRY,NO DEFECTS,ON SCENE,INJURY AND / OR TOW DUE TO CRASH,Y,,,$500 OR LESS,9/5/2019 18:01,NOT APPLICABLE,NOT APPLICABLE,3301,W,25TH ST,1024,,,,,,,2,"REPORTED, NOT EVIDENT",1,0,0,0,1,2,0,17,5,9,41.84618367,-87.70758544,POINT (-87.707585440038 41.846183667317)
JC421538,,9/5/2019 17:50,30,NO CONTROLS,NO CONTROLS,CLEAR,DAYLIGHT,REAR END,NOT DIVIDED,,STRAIGHT AND LEVEL,DRY,NO DEFECTS,ON SCENE,NO INJURY / DRIVE AWAY,,,,"OVER $1,500",9/5/2019 17:52,UNABLE TO DETERMINE,NOT APPLICABLE,1935,N,LARRABEE ST,1813,,,,,,,2,NO INDICATION OF INJURY,0,0,0,0,0,3,0,17,5,9,41.91749925,-87.64349543,POINT (-87.643495427667 41.917499246474)
JC421590,,9/5/2019 17:45,30,TRAFFIC SIGNAL,FUNCTIONING PROPERLY,CLEAR,DAYLIGHT,TURNING,DIVIDED - W/MEDIAN BARRIER,,STRAIGHT AND LEVEL,DRY,NO DEFECTS,ON SCENE,NO INJURY / DRIVE AWAY,Y,,,"OVER $1,500",9/5/2019 18:20,FAILING TO YIELD RIGHT-OF-WAY,NOT APPLICABLE,200,E,130TH ST,532,,,,,,,2,NO INDICATION OF INJURY,0,0,0,0,0,2,0,17,5,9,41.65921351,-87.61718909,POINT (-87.617189092757 41.659213513068)
JC421529,,9/5/2019 17:45,30,NO CONTROLS,NO CONTROLS,CLEAR,DAYLIGHT,SIDESWIPE SAME DIRECTION,NOT DIVIDED,,STRAIGHT AND LEVEL,DRY,NO DEFECTS,NOT ON SCENE (DESK REPORT),NO INJURY / DRIVE AWAY,,,,$500 OR LESS,9/5/2019 17:50,UNABLE TO DETERMINE,UNABLE TO DETERMINE,500,W,ROOSEVELT RD,124,,,,,,,2,NO INDICATION OF INJURY,0,0,0,0,0,2,0,17,5,9,41.86736269,-87.6392932,POINT (-87.639293194642 41.867362692617)