RD_NO,CRASH_DATE_EST_I,CRASH_DATE,POSTED_SPEED_LIMIT,TRAFFIC_CONTROL_DEVICE,DEVICE_CONDITION,WEATHER_CONDITION,LIGHTING_CONDITION,FIRST_CRASH_TYPE,TRAFFICWAY_TYPE,LANE_CNT,ALIGNMENT,ROADWAY_SURFACE_COND,ROAD_DEFECT,REPORT_TYPE,CRASH_TYPE,INTERSECTION_RELATED_I,NOT_RIGHT_OF_WAY_I,HIT_AND_RUN_I,DAMAGE,DATE_POLICE_NOTIFIED,PRIM_CONTRIBUTORY_CAUSE,SEC_CONTRIBUTORY_CAUSE,STREET_NO,STREET_DIRECTION,STREET_NAME,BEAT_OF_OCCURRENCE,PHOTOS_TAKEN_I,STATEMENTS_TAKEN_I,DOORING_I,WORK_ZONE_I,WORK_ZONE_TYPE,WORKERS_PRESENT_I,NUM_UNITS,MOST_SEVERE_INJURY,INJURIES_TOTAL,INJURIES_FATAL,INJURIES_INCAPACITATING,INJURIES_NON_INCAPACITATING,INJURIES_REPORTED_NOT_EVIDENT,INJURIES_NO_INDICATION,INJURIES_UNKNOWN,CRASH_HOUR,CRASH_DAY_OF_WEEK,CRASH_MONTH,LATITUDE,LONGITUDE,LOCATION
JC422381,,9/5/2019 17:40,30,NO CONTROLS,NO CONTROLS,CLEAR,DAYLIGHT,PEDALCYCLIST,NOT DIVIDED,,STRAIGHT AND LEVEL,DRY,NO DEFECTS,NOT ON SCENE (DESK REPORT),INJURY AND / OR TOW DUE TO CRASH,,,,"$501 - $1,500",9/6/2019 13:21,UNABLE TO DETERMINE,UNABLE TO DETERMINE,2005,W,DIVISION ST,1212,,,Y,,,,2,NONINCAPACITATING INJURY,1,0,0,1,0,1,0,17,5,9,41.90307675,-87.67752782,POINT (-87.677527824192 41.903076748534)
JC421524,,9/5/2019 17:40,30,UNKNOWN,UNKNOWN,CLEAR,DAYLIGHT,SIDESWIPE SAME DIRECTION,OTHER,,STRAIGHT AND LEVEL,DRY,UNKNOWN,ON SCENE,NO INJURY / DRIVE AWAY,,,,$500 OR LESS,9/5/2019 17:47,RELATED TO BUS STOP,NOT APPLICABLE,2315,W,95TH ST,2213,,,,,,,2,NO INDICATION OF INJURY,0,0,0,0,0,2,0,17,5,9,41.72085566,-87.68031797,POINT (-87.680317969239 41.720855656061)
JC421568,,9/5/2019 17:35,30,NO CONTROLS,NO CONTROLS,CLEAR,DAYLIGHT,TURNING,NOT DIVIDED,,STRAIGHT AND LEVEL,DRY,NO DEFECTS,NOT ON SCENE (DESK REPORT),NO INJURY / DRIVE AWAY,,,Y,"OVER $1,500",9/5/2019 18:15,UNABLE TO DETERMINE,UNABLE TO DETERMINE,2421,S,BLUE ISLAND AVE,1034,,,,,,,2,NO INDICATION OF INJURY,0,0,0,0,0,3,0,17,5,9,41.84819897,-87.6763052,POINT (-87.676305196761 41.848198972537)
JC421527,,9/5/2019 17:35,30,TRAFFIC SIGNAL,FUNCTIONING PROPERLY,CLEAR,DAYLIGHT,ANGLE,NOT DIVIDED,,STRAIGHT AND LEVEL,DRY,NO DEFECTS,ON SCENE,NO INJURY / DRIVE AWAY,Y,,,"$501 - $1,500",9/5/2019 17:40,UNABLE TO DETERMINE,NOT APPLICABLE,3500,S,UNION AVE,915,,,,,,,2,NO INDICATION OF INJURY,0,0,0,0,0,3,0,17,5,9,41.83068869,-87.64381854,POINT (-87.643818537902 41.830688688438)
JC421517,,9/5/2019 17:32,30,TRAFFIC SIGNAL,FUNCTIONING PROPERLY,CLEAR,DAYLIGHT,SIDESWIPE SAME DIRECTION,FOUR WAY,,STRAIGHT AND LEVEL,DRY,NO DEFECTS,ON SCENE,INJURY AND / OR TOW DUE TO CRASH,Y,,,"$501 - $1,500",9/5/2019 17:37,IMPROPER LANE USAGE,"OPERATING VEHICLE IN ERRATIC, RECKLESS, CARELESS, NEGLIGENT OR AGGRESSIVE MANNER",800,N,FRANKLIN ST,1823,,,,,,,2,NONINCAPACITATING INJURY,1,0,0,1,0,1,0,17,5,9,41.89662149,-87.63584071,POINT (-87.63584070765 41.896621488199)
JC421580,,9/5/2019 17:30,25,NO CONTROLS,NO CONTROLS,CLEAR,DAYLIGHT,SIDESWIPE SAME DIRECTION,ONE-WAY,,STRAIGHT AND LEVEL,DRY,NO DEFECTS,NOT ON SCENE (DESK REPORT),NO INJURY / DRIVE AWAY,,,,"OVER $1,500",9/5/2019 18:45,UNABLE TO DETERMINE,UNABLE TO DETERMINE,1410,S,MUSEUM CAMPUS DR,132,,,,,,,2,NO INDICATION OF INJURY,0,0,0,0,0,3,0,17,5,9,41.86262829,-87.61503109,POINT (-87.615031094113 41.862628294038)
JC421540,,9/5/2019 17:30,25,TRAFFIC SIGNAL,FUNCTIONING PROPERLY,CLEAR,DAYLIGHT,TURNING,FOUR WAY,,STRAIGHT AND LEVEL,DRY,NO DEFECTS,NOT ON SCENE (DESK REPORT),NO INJURY / DRIVE AWAY,Y,,,"$501 - $1,500",9/5/2019 18:01,UNABLE TO DETERMINE,UNABLE TO DETERMINE,1209,W,ALBION AVE,2432,,,,,,,2,NO INDICATION OF INJURY,0,0,0,0,0,3,0,17,5,9,42.00243764,-87.66119115,POINT (-87.66119115199 42.002437642825)
JC421491,Y,9/5/2019 17:30,30,NO CONTROLS,NO CONTROLS,CLEAR,DAYLIGHT,SIDESWIPE SAME DIRECTION,NOT DIVIDED,,STRAIGHT AND LEVEL,DRY,NO DEFECTS,ON SCENE,NO INJURY / DRIVE AWAY,,,,"$501 - $1,500",9/5/2019 17:34,UNABLE TO DETERMINE,UNABLE TO DETERMINE,432,S,KEDZIE AVE,1134,,,,,,,2,NO INDICATION OF INJURY,0,0,0,0,0,2,0,17,5,9,41.87489016,-87.70609758,POINT (-87.70609757921 41.874890159273)
JC421513,,9/5/2019 17:28,30,TRAFFIC SIGNAL,FUNCTIONING PROPERLY,CLEAR,DAYLIGHT,REAR END,NOT DIVIDED,,STRAIGHT AND LEVEL,DRY,NO DEFECTS,NOT ON SCENE (DESK REPORT),NO INJURY / DRIVE AWAY,,,Y,"OVER $1,500",9/5/2019 17:55,FOLLOWING TOO CLOSELY,NOT APPLICABLE,5300,S,ASHLAND AVE,932,,,,,,,2,NO INDICATION OF INJURY,0,0,0,0,0,2,0,17,5,9,41.79758,-87.66482482,POINT (-87.664824818501 41.797579996037)
JC421628,,9/5/2019 17:25,25,STOP SIGN/FLASHER,FUNCTIONING PROPERLY,CLEAR,DAYLIGHT,REAR TO FRONT,FOUR WAY,,STRAIGHT AND LEVEL,DRY,NO DEFECTS,NOT ON SCENE (DESK REPORT),NO INJURY / DRIVE AWAY,Y,,,"$501 - $1,500",9/5/2019 19:20,IMPROPER BACKING,UNABLE TO DETERMINE,625,N,WABASH AVE,1834,,,,,,,2,NO INDICATION OF INJURY,0,0,0,0,0,5,0,17,5,9,41.89325598,-87.62661246,POINT (-87.62661246369 41.893255982975)
JC421510,,9/5/2019 17:23,30,TRAFFIC SIGNAL,FUNCTIONING PROPERLY,CLEAR,DAYLIGHT,REAR END,DIVIDED - W/MEDIAN (NOT RAISED),,STRAIGHT AND LEVEL,DRY,NO DEFECTS,NOT ON SCENE (DESK REPORT),NO INJURY / DRIVE AWAY,,,,$500 OR LESS,9/5/2019 17:35,FOLLOWING TOO CLOSELY,UNABLE TO DETERMINE,2632,W,111TH ST,2212,,,,,,,2,NO INDICATION OF INJURY,0,0,0,0,0,2,0,17,5,9,41.69183629,-87.68736448,POINT (-87.687364481974 41.691836285576)
JC421501,,9/5/2019 17:20,30,TRAFFIC SIGNAL,FUNCTIONING PROPERLY,CLEAR,DAYLIGHT,OVERTURNED,T-INTERSECTION,,STRAIGHT AND LEVEL,DRY,NO DEFECTS,ON SCENE,INJURY AND / OR TOW DUE TO CRASH,,,,"OVER $1,500",9/5/2019 17:31,"OPERATING VEHICLE IN ERRATIC, RECKLESS, CARELESS, NEGLIGENT OR AGGRESSIVE MANNER",UNABLE TO DETERMINE,1620,W,GARFIELD BLVD,932,Y,Y,,,,,1,INCAPACITATING INJURY,1,0,1,0,0,0,0,17,5,9,41.7941242,-87.66555275,POINT (-87.665552747319 41.794124196657)
JC421697,,9/5/2019 17:15,30,TRAFFIC SIGNAL,UNKNOWN,CLEAR,DAYLIGHT,REAR END,DIVIDED - W/MEDIAN (NOT RAISED),,STRAIGHT AND LEVEL,UNKNOWN,UNKNOWN,ON SCENE,INJURY AND / OR TOW DUE TO CRASH,Y,,Y,"OVER $1,500",9/5/2019 17:22,UNABLE TO DETERMINE,UNABLE TO DETERMINE,4432,W,FOSTER AVE,1712,Y,,,,,,2,"REPORTED, NOT EVIDENT",1,0,0,0,1,1,0,17,5,9,41.97552459,-87.73944555,POINT (-87.739445549727 41.9755245873)
JC421516,,9/5/2019 17:05,30,NO CONTROLS,NO CONTROLS,CLEAR,DAYLIGHT,SIDESWIPE SAME DIRECTION,DIVIDED - W/MEDIAN (NOT RAISED),,STRAIGHT AND LEVEL,DRY,NO DEFECTS,ON SCENE,INJURY AND / OR TOW DUE TO CRASH,,,,"OVER $1,500",9/5/2019 17:07,UNABLE TO DETERMINE,NOT APPLICABLE,8410,W,BRYN MAWR AVE,1614,,,,,,,2,NO INDICATION OF INJURY,0,0,0,0,0,2,0,17,5,9,41.98119839,-87.83723873,POINT (-87.837238724969 41.981198391229)
JC421479,Y,9/5/2019 17:05,30,NO CONTROLS,NO CONTROLS,CLEAR,DAYLIGHT,TURNING,FOUR WAY,,STRAIGHT AND LEVEL,DRY,NO DEFECTS,NOT ON SCENE (DESK REPORT),NO INJURY / DRIVE AWAY,Y,,N,$500 OR LESS,9/5/2019 17:35,UNABLE TO DETERMINE,UNABLE TO DETERMINE,4800,W,NORTH AVE,2533,,,,,,,2,NO INDICATION OF INJURY,0,0,0,0,0,2,0,17,5,9,41.90973389,-87.74624497,POINT (-87.746244972959 41.909733890131)
JC421458,,9/5/2019 17:05,35,TRAFFIC SIGNAL,FUNCTIONING PROPERLY,CLEAR,DAYLIGHT,TURNING,NOT DIVIDED,,STRAIGHT AND LEVEL,DRY,NO DEFECTS,ON SCENE,NO INJURY / DRIVE AWAY,,,,"OVER $1,500",9/5/2019 17:11,FAILING TO YIELD RIGHT-OF-WAY,DRIVING SKILLS/KNOWLEDGE/EXPERIENCE,7100,S,PULASKI RD,833,,,,,,,2,NO INDICATION OF INJURY,0,0,0,0,0,2,0,17,5,9,41.76400775,-87.72249911,POINT (-87.722499107707 41.764007749308)
JC422777,,9/5/2019 17:00,30,NO CONTROLS,NO CONTROLS,CLEAR,DAYLIGHT,REAR END,NOT DIVIDED,,STRAIGHT AND LEVEL,DRY,NO DEFECTS,NOT ON SCENE (DESK REPORT),NO INJURY / DRIVE AWAY,,,,"OVER $1,500",9/6/2019 18:17,FOLLOWING TOO CLOSELY,NOT APPLICABLE,2703,W,LOGAN BLVD,1431,,,,,,,2,NO INDICATION OF INJURY,0,0,0,0,0,2,0,17,5,9,41.92837609,-87.69523715,POINT (-87.695237145853 41.92837608453)
JC422295,,9/5/2019 17:00,30,NO CONTROLS,NO CONTROLS,CLEAR,DAYLIGHT,TURNING,UNKNOWN INTERSECTION TYPE,,STRAIGHT AND LEVEL,DRY,NO DEFECTS,NOT ON SCENE (DESK REPORT),NO INJURY / DRIVE AWAY,,,Y,"OVER $1,500",9/6/2019 11:50,FAILING TO YIELD RIGHT-OF-WAY,NOT APPLICABLE,1902,W,18TH ST,1234,,,,,,,2,NO INDICATION OF INJURY,0,0,0,0,0,2,0,17,5,9,41.85780179,-87.67375109,POINT (-87.673751093132 41.857801793321)
JC421574,,9/5/2019 17:00,30,STOP SIGN/FLASHER,UNKNOWN,CLEAR,DAYLIGHT,SIDESWIPE SAME DIRECTION,DIVIDED - W/MEDIAN (NOT RAISED),,STRAIGHT AND LEVEL,DRY,UNKNOWN,NOT ON SCENE (DESK REPORT),INJURY AND / OR TOW DUE TO CRASH,N,,Y,"OVER $1,500",9/5/2019 18:30,IMPROPER OVERTAKING/PASSING,UNABLE TO DETERMINE,9100,S,WENTWORTH AVE,634,,,,,,,2,NO INDICATION OF INJURY,0,0,0,0,0,3,0,17,5,9,41.72887566,-87.62900473,POINT (-87.629004727539 41.728875659193)
JC421550,N,9/5/2019 17:00,30,NO CONTROLS,NO CONTROLS,RAIN,DAYLIGHT,PARKED MOTOR VEHICLE,ONE-WAY,,STRAIGHT AND LEVEL,DRY,NO DEFECTS,ON SCENE,NO INJURY / DRIVE AWAY,,,Y,$500 OR LESS,9/5/2019 17:30,UNABLE TO DETERMINE,UNABLE TO DETERMINE,1299,W,GRACE ST,1923,,,,,,,2,NO INDICATION OF INJURY,0,0,0,0,0,1,0,17,5,9,41.95090324,-87.66163534,POINT (-87.66163533881 41.950903234932)
JC421488,,9/5/2019 17:00,25,NO CONTROLS,NO CONTROLS,CLEAR,DAYLIGHT,PARKED MOTOR VEHICLE,ONE-WAY,,STRAIGHT AND LEVEL,DRY,NO DEFECTS,ON SCENE,NO INJURY / DRIVE AWAY,,,,$500 OR LESS,9/5/2019 17:00,UNABLE TO DETERMINE,NOT APPLICABLE,4649,N,SPRINGFIELD AVE,1723,,,,,,,2,NO INDICATION OF INJURY,0,0,0,0,0,7,0,17,5,9,41.96602937,-87.72537608,POINT (-87.72537607501 41.966029368411)
JC421471,,9/5/2019 17:00,30,UNKNOWN,UNKNOWN,CLEAR,UNKNOWN,REAR END,ONE-WAY,,STRAIGHT AND LEVEL,UNKNOWN,UNKNOWN,NOT ON SCENE (DESK REPORT),NO INJURY / DRIVE AWAY,,,,"$501 - $1,500",9/5/2019 17:15,FAILING TO REDUCE SPEED TO AVOID CRASH,UNABLE TO DETERMINE,850,W,JACKSON BLVD,1232,,,,,,,2,NO INDICATION OF INJURY,0,0,0,0,0,2,0,17,5,9,41.87802578,-87.64923995,POINT (-87.649239947974 41.878025780213)
JC421451,,9/5/2019 17:00,30,TRAFFIC SIGNAL,FUNCTIONING PROPERLY,CLEAR,DAYLIGHT,SIDESWIPE SAME DIRECTION,NOT DIVIDED,,STRAIGHT AND LEVEL,DRY,NO DEFECTS,NOT ON SCENE (DESK REPORT),NO INJURY / DRIVE AWAY,,,,"OVER $1,500",9/5/2019 17:10,IMPROPER OVERTAKING/PASSING,NOT APPLICABLE,6700,S,DR MARTIN LUTHER KING JR DR,322,,,,,,,2,NO INDICATION OF INJURY,0,0,0,0,0,2,0,17,5,9,41.77291003,-87.61559471,POINT (-87.615594705433 41.772910033936)
JC421441,,9/5/2019 17:00,30,NO CONTROLS,NO CONTROLS,CLEAR,DAYLIGHT,REAR END,DIVIDED - W/MEDIAN (NOT RAISED),,STRAIGHT AND LEVEL,DRY,NO DEFECTS,NOT ON SCENE (DESK REPORT),NO INJURY / DRIVE AWAY,,,,"$501 - $1,500",9/5/2019 17:17,FOLLOWING TOO CLOSELY,NOT APPLICABLE,3421,W,63RD ST,823,,,,,,,2,NO INDICATION OF INJURY,0,0,0,0,0,2,0,17,5,9,41.7787677,-87.70885749,POINT (-87.708857490162 41.778767702155)
JC421475,,9/5/2019 16:58,30,TRAFFIC SIGNAL,FUNCTIONING PROPERLY,CLEAR,DAYLIGHT,REAR END,NOT DIVIDED,,STRAIGHT AND LEVEL,DRY,NO DEFECTS,ON SCENE,INJURY AND / OR TOW DUE TO CRASH,Y,,,"$501 - $1,500",9/5/2019 16:58,DRIVING SKILLS/KNOWLEDGE/EXPERIENCE,NOT APPLICABLE,800,W,69TH ST,723,,,,,,,2,NO INDICATION OF INJURY,0,0,0,0,0,2,0,16,5,9,41.76894649,-87.64457066,POINT (-87.644570662029 41.768946489336)
JC421473,,9/5/2019 16:58,30,NO CONTROLS,NO CONTROLS,CLEAR,DAYLIGHT,ANGLE,NOT DIVIDED,,STRAIGHT AND LEVEL,DRY,NO DEFECTS,ON SCENE,NO INJURY / DRIVE AWAY,,,,"OVER $1,500",9/5/2019 16:59,FAILING TO YIELD RIGHT-OF-WAY,DRIVING SKILLS/KNOWLEDGE/EXPERIENCE,3300,N,KENNETH AVE,1731,,,,,,,2,NO INDICATION OF INJURY,0,0,0,0,0,2,0,16,5,9,41.94085568,-87.73846863,POINT (-87.738468630796 41.940855678865)
JC421418,,9/5/2019 16:58,30,TRAFFIC SIGNAL,FUNCTIONING PROPERLY,CLEAR,DAYLIGHT,TURNING,NOT DIVIDED,,STRAIGHT AND LEVEL,DRY,NO DEFECTS,,INJURY AND / OR TOW DUE TO CRASH,,,,"OVER $1,500",9/5/2019 17:02,FAILING TO YIELD RIGHT-OF-WAY,NOT APPLICABLE,1600,S,KOSTNER AVE,1012,,,,,,,,,,,,,,,,16,5,9,41.85868185,-87.73488064,POINT (-87.734880642816 41.858681848973)
JC421416,,9/5/2019 16:58,30,NO CONTROLS,NO CONTROLS,CLEAR,DAYLIGHT,REAR END,DIVIDED - W/MEDIAN (NOT RAISED),,STRAIGHT AND LEVEL,DRY,NO DEFECTS,ON SCENE,INJURY AND / OR TOW DUE TO CRASH,,,,"OVER $1,500",9/5/2019 16:58,IMPROPER OVERTAKING/PASSING,NOT APPLICABLE,2832,W,IRVING PARK RD,1724,,,,,,,2,"REPORTED, NOT EVIDENT",1,0,0,0,1,2,0,16,5,9,41.95407663,-87.69960374,POINT (-87.699603735973 41.95407663273)
JC421518,,9/5/2019 16:55,20,NO CONTROLS,NO CONTROLS,CLEAR,DAYLIGHT,ANGLE,ONE-WAY,,STRAIGHT AND LEVEL,DRY,NO DEFECTS,NOT ON SCENE (DESK REPORT),NO INJURY / DRIVE AWAY,,,,"OVER $1,500",9/5/2019 18:00,FAILING TO YIELD RIGHT-OF-WAY,NOT APPLICABLE,3315,W,BALMORAL AVE,1712,,,,,,,2,NO INDICATION OF INJURY,0,0,0,0,0,4,0,16,5,9,41.9792723,-87.71189911,POINT (-87.711899104995 41.979272297227)
JC421446,Y,9/5/2019 16:54,30,TRAFFIC SIGNAL,FUNCTIONING PROPERLY,CLEAR,DAYLIGHT,TURNING,FOUR WAY,,STRAIGHT AND LEVEL,DRY,NO DEFECTS,ON SCENE,NO INJURY / DRIVE AWAY,Y,,,$500 OR LESS,9/5/2019 17:15,UNABLE TO DETERMINE,NOT APPLICABLE,3100,W,CERMAK RD,1022,,,,,,,2,NO INDICATION OF INJURY,0,0,0,0,0,4,0,16,5,9,41.85190837,-87.70287599,POINT (-87.702875988997 41.851908367483)
JC421481,,9/5/2019 16:50,30,NO CONTROLS,NO CONTROLS,CLEAR,DAYLIGHT,ANGLE,NOT DIVIDED,,STRAIGHT AND LEVEL,DRY,NO DEFECTS,NOT ON SCENE (DESK REPORT),NO INJURY / DRIVE AWAY,,,Y,"$501 - $1,500",9/5/2019 17:35,IMPROPER OVERTAKING/PASSING,UNABLE TO DETERMINE,412,S,PULASKI RD,1132,,,,,,,2,NO INDICATION OF INJURY,0,0,0,0,0,5,0,16,5,9,41.87480837,-87.72561139,POINT (-87.725611389538 41.874808370734)
JC421396,,9/5/2019 16:46,30,TRAFFIC SIGNAL,FUNCTIONING PROPERLY,CLEAR,DAYLIGHT,PEDALCYCLIST,NOT DIVIDED,,STRAIGHT AND LEVEL,DRY,NO DEFECTS,ON SCENE,NO INJURY / DRIVE AWAY,,,,"OVER $1,500",9/5/2019 16:48,UNABLE TO DETERMINE,UNABLE TO DETERMINE,3702,S,ARCHER AVE,911,,,,,,,2,NO INDICATION OF INJURY,0,0,0,0,0,2,0,16,5,9,41.82629602,-87.68455414,POINT (-87.684554138894 41.826296015809)
JC421421,,9/5/2019 16:45,30,NO CONTROLS,NO CONTROLS,CLEAR,DAYLIGHT,SIDESWIPE SAME DIRECTION,NOT DIVIDED,,STRAIGHT AND LEVEL,DRY,NO DEFECTS,NOT ON SCENE (DESK REPORT),NO INJURY / DRIVE AWAY,,,,"$501 - $1,500",9/5/2019 17:13,UNABLE TO DETERMINE,UNABLE TO DETERMINE,198,W,NORTH AVE,1814,,,,,,,2,NO INDICATION OF INJURY,0,0,0,0,0,2,0,16,5,9,41.91127122,-87.63463296,POINT (-87.634632960302 41.911271216682)
JC421427,,9/5/2019 16:43,20,NO CONTROLS,NO CONTROLS,CLEAR,DAYLIGHT,PARKED MOTOR VEHICLE,OTHER,,STRAIGHT AND LEVEL,DRY,NO DEFECTS,ON SCENE,NO INJURY / DRIVE AWAY,,,,"$501 - $1,500",9/5/2019 16:47,NOT APPLICABLE,NOT APPLICABLE,412,W,OHARE ST,1654,,,,,,,2,NO INDICATION OF INJURY,0,0,0,0,0,1,0,16,5,9,,,
JC421426,,9/5/2019 16:41,30,UNKNOWN,UNKNOWN,CLEAR,UNKNOWN,SIDESWIPE SAME DIRECTION,NOT DIVIDED,,STRAIGHT AND LEVEL,DRY,UNKNOWN,NOT ON SCENE (DESK REPORT),NO INJURY / DRIVE AWAY,,,Y,"OVER $1,500",9/5/2019 17:04,RELATED TO BUS STOP,NOT APPLICABLE,831,E,95TH ST,511,,,,,,,,,,,,,,,,16,5,9,41.72193977,-87.60312076,POINT (-87.6031207561 41.721939766802)
JC421437,,9/5/2019 16:40,30,NO CONTROLS,NO CONTROLS,CLEAR,DAYLIGHT,SIDESWIPE SAME DIRECTION,DIVIDED - W/MEDIAN BARRIER,,STRAIGHT AND LEVEL,DRY,NO DEFECTS,ON SCENE,NO INJURY / DRIVE AWAY,,,,"OVER $1,500",9/5/2019 16:53,UNABLE TO DETERMINE,NOT APPLICABLE,9700,S,HALSTED ST,2223,,,,,,,2,NO INDICATION OF INJURY,0,0,0,0,0,2,0,16,5,9,41.71753744,-87.64325162,POINT (-87.643251620045 41.717537434869)
JC421434,,9/5/2019 16:40,30,UNKNOWN,UNKNOWN,CLEAR,DAYLIGHT,REAR TO FRONT,DIVIDED - W/MEDIAN BARRIER,,STRAIGHT AND LEVEL,DRY,UNKNOWN,NOT ON SCENE (DESK REPORT),NO INJURY / DRIVE AWAY,,,,"OVER $1,500",9/5/2019 17:10,IMPROPER BACKING,DRIVING SKILLS/KNOWLEDGE/EXPERIENCE,166,W,NORTH AVE,1814,,,,,,,2,NO INDICATION OF INJURY,0,0,0,0,0,2,0,16,5,9,41.91127137,-87.63436972,POINT (-87.634369715342 41.91127136598)
JC421387,,9/5/2019 16:40,30,NO CONTROLS,NO CONTROLS,CLEAR,DAYLIGHT,TURNING,T-INTERSECTION,,STRAIGHT AND LEVEL,DRY,UNKNOWN,ON SCENE,INJURY AND / OR TOW DUE TO CRASH,Y,,,"OVER $1,500",9/5/2019 16:50,FAILING TO YIELD RIGHT-OF-WAY,FAILING TO YIELD RIGHT-OF-WAY,5332,N,CICERO AVE,1621,,,,,,,2,NO INDICATION OF INJURY,0,0,0,0,0,3,0,16,5,9,41.97892765,-87.74825885,POINT (-87.748258853069 41.978927654107)
JC422497,,9/5/2019 16:35,30,STOP SIGN/FLASHER,FUNCTIONING PROPERLY,CLEAR,DAYLIGHT,ANGLE,NOT DIVIDED,,STRAIGHT AND LEVEL,DRY,NO DEFECTS,NOT ON SCENE (DESK REPORT),NO INJURY / DRIVE AWAY,,,,"OVER $1,500",9/6/2019 14:55,FAILING TO YIELD RIGHT-OF-WAY,UNABLE TO DETERMINE,6831,S,DR MARTIN LUTHER KING JR DR,322,,,,,,,2,NO INDICATION OF INJURY,0,0,0,0,0,2,0,16,5,9,41.77036439,-87.61523618,POINT (-87.615236178065 41.770364386312)
JC421503,,9/5/2019 16:33,30,STOP SIGN/FLASHER,NO CONTROLS,CLEAR,DAYLIGHT,ANGLE,FOUR WAY,,STRAIGHT AND LEVEL,DRY,NO DEFECTS,ON SCENE,INJURY AND / OR TOW DUE TO CRASH,Y,,,"OVER $1,500",9/5/2019 17:26,FAILING TO REDUCE SPEED TO AVOID CRASH,FAILING TO YIELD RIGHT-OF-WAY,1830,W,NORTH AVE,1434,,,,,,,2,"REPORTED, NOT EVIDENT",1,0,0,0,1,2,0,16,5,9,41.91065229,-87.67374125,POINT (-87.673741253308 41.910652294374)
JC421684,,9/5/2019 16:30,30,NO CONTROLS,UNKNOWN,UNKNOWN,UNKNOWN,REAR END,NOT DIVIDED,,STRAIGHT AND LEVEL,UNKNOWN,UNKNOWN,NOT ON SCENE (DESK REPORT),NO INJURY / DRIVE AWAY,,,,$500 OR LESS,9/5/2019 19:55,FOLLOWING TOO CLOSELY,UNABLE TO DETERMINE,150,W,ROOSEVELT RD,123,,,,,,,2,NO INDICATION OF INJURY,0,0,0,0,0,3,0,16,5,9,41.86745273,-87.63233424,POINT (-87.632334236597 41.867452730876)
JC421502,,9/5/2019 16:30,30,TRAFFIC SIGNAL,FUNCTIONING PROPERLY,CLEAR,DAYLIGHT,SIDESWIPE SAME DIRECTION,DIVIDED - W/MEDIAN (NOT RAISED),,STRAIGHT AND LEVEL,DRY,UNKNOWN,NOT ON SCENE (DESK REPORT),NO INJURY / DRIVE AWAY,Y,,Y,"OVER $1,500",9/5/2019 17:50,UNABLE TO DETERMINE,NOT APPLICABLE,5767,N,FOREST GLEN AVE,1711,,,,,,,2,NO INDICATION OF INJURY,0,0,0,0,0,2,0,16,5,9,41.98552674,-87.74817264,POINT (-87.748172641528 41.985526738122)
JC421453,,9/5/2019 16:30,30,TRAFFIC SIGNAL,FUNCTIONING PROPERLY,CLEAR,DAYLIGHT,SIDESWIPE SAME DIRECTION,DIVIDED - W/MEDIAN (NOT RAISED),,STRAIGHT AND LEVEL,DRY,NO DEFECTS,NOT ON SCENE (DESK REPORT),NO INJURY / DRIVE AWAY,,,,"$501 - $1,500",9/5/2019 17:20,UNABLE TO DETERMINE,NOT APPLICABLE,205,W,WACKER DR,122,,,,,,,2,NO INDICATION OF INJURY,0,0,0,0,0,2,0,16,5,9,41.8867073,-87.63415039,POINT (-87.634150393212 41.886707304096)
JC421410,,9/5/2019 16:30,30,NO CONTROLS,NO CONTROLS,CLEAR,DAYLIGHT,TURNING,NOT DIVIDED,,STRAIGHT AND LEVEL,DRY,NO DEFECTS,NOT ON SCENE (DESK REPORT),NO INJURY / DRIVE AWAY,,,,"$501 - $1,500",9/5/2019 17:00,FAILING TO YIELD RIGHT-OF-WAY,UNABLE TO DETERMINE,85,E,13TH ST,131,,,,,,,2,NO INDICATION OF INJURY,0,0,0,0,0,2,0,16,5,9,41.86567459,-87.62419597,POINT (-87.62419596746 41.865674585997)
JC421409,,9/5/2019 16:30,30,TRAFFIC SIGNAL,FUNCTIONING PROPERLY,CLEAR,DAYLIGHT,TURNING,DIVIDED - W/MEDIAN BARRIER,,STRAIGHT AND LEVEL,DRY,NO DEFECTS,ON SCENE,NO INJURY / DRIVE AWAY,Y,,,"OVER $1,500",9/5/2019 16:37,UNABLE TO DETERMINE,NOT APPLICABLE,2033,S,CANALPORT AVE,1235,,,,,,,2,NO INDICATION OF INJURY,0,0,0,0,0,2,0,16,5,9,41.85498161,-87.64569826,POINT (-87.645698258989 41.854981611928)
JC421388,,9/5/2019 16:30,30,NO CONTROLS,NO CONTROLS,CLEAR,DAYLIGHT,REAR END,DIVIDED - W/MEDIAN (NOT RAISED),,STRAIGHT AND LEVEL,DRY,NO DEFECTS,ON SCENE,INJURY AND / OR TOW DUE TO CRASH,,,,"$501 - $1,500",9/5/2019 16:45,FAILING TO REDUCE SPEED TO AVOID CRASH,NOT APPLICABLE,5960,N,MILWAUKEE AVE,1622,,,,,,,2,NONINCAPACITATING INJURY,1,0,0,1,0,2,0,16,5,9,41.99002745,-87.78107947,POINT (-87.78107947237 41.990027449783)
JC421415,,9/5/2019 16:26,30,NO CONTROLS,NO CONTROLS,CLEAR,DAYLIGHT,REAR END,ONE-WAY,,STRAIGHT AND LEVEL,DRY,NO DEFECTS,NOT ON SCENE (DESK REPORT),NO INJURY / DRIVE AWAY,,,,"$501 - $1,500",9/5/2019 17:15,UNABLE TO DETERMINE,UNABLE TO DETERMINE,1700,N,STOCKTON DR,1814,,,,,,,2,NO INDICATION OF INJURY,0,0,0,0,0,3,0,16,5,9,41.91341247,-87.63187356,POINT (-87.631873557423 41.913412465781)