RD_NO,CRASH_DATE_EST_I,CRASH_DATE,POSTED_SPEED_LIMIT,TRAFFIC_CONTROL_DEVICE,DEVICE_CONDITION,WEATHER_CONDITION,LIGHTING_CONDITION,FIRST_CRASH_TYPE,TRAFFICWAY_TYPE,LANE_CNT,ALIGNMENT,ROADWAY_SURFACE_COND,ROAD_DEFECT,REPORT_TYPE,CRASH_TYPE,INTERSECTION_RELATED_I,NOT_RIGHT_OF_WAY_I,HIT_AND_RUN_I,DAMAGE,DATE_POLICE_NOTIFIED,PRIM_CONTRIBUTORY_CAUSE,SEC_CONTRIBUTORY_CAUSE,STREET_NO,STREET_DIRECTION,STREET_NAME,BEAT_OF_OCCURRENCE,PHOTOS_TAKEN_I,STATEMENTS_TAKEN_I,DOORING_I,WORK_ZONE_I,WORK_ZONE_TYPE,WORKERS_PRESENT_I,NUM_UNITS,MOST_SEVERE_INJURY,INJURIES_TOTAL,INJURIES_FATAL,INJURIES_INCAPACITATING,INJURIES_NON_INCAPACITATING,INJURIES_REPORTED_NOT_EVIDENT,INJURIES_NO_INDICATION,INJURIES_UNKNOWN,CRASH_HOUR,CRASH_DAY_OF_WEEK,CRASH_MONTH,LATITUDE,LONGITUDE,LOCATION
JC421649,,9/5/2019 16:21,15,NO CONTROLS,NO CONTROLS,CLEAR,DAYLIGHT,FIXED OBJECT,ALLEY,,STRAIGHT AND LEVEL,DRY,UNKNOWN,ON SCENE,INJURY AND / OR TOW DUE TO CRASH,,,Y,"OVER $1,500",9/5/2019 17:43,UNABLE TO DETERMINE,UNABLE TO DETERMINE,4819,W,AUGUSTA BLVD,1531,,,,,,,1,NO INDICATION OF INJURY,0,0,0,0,0,1,0,16,5,9,41.89855424,-87.74669674,POINT (-87.746696734632 41.898554241034)
JC452097,,9/5/2019 16:18,30,NO CONTROLS,NO CONTROLS,CLEAR,DAYLIGHT,REAR END,NOT DIVIDED,,STRAIGHT AND LEVEL,DRY,NO DEFECTS,NOT ON SCENE (DESK REPORT),NO INJURY / DRIVE AWAY,,,,"$501 - $1,500",9/28/2019 16:50,FOLLOWING TOO CLOSELY,NOT APPLICABLE,8768,W,FOSTER AVE,1614,,,,,,,2,NO INDICATION OF INJURY,0,0,0,0,0,2,0,16,5,9,41.97381575,-87.84643803,POINT (-87.846438027085 41.97381574636)
JC421569,,9/5/2019 16:18,30,STOP SIGN/FLASHER,FUNCTIONING PROPERLY,CLEAR,DAYLIGHT,TURNING,NOT DIVIDED,,STRAIGHT AND LEVEL,DRY,NO DEFECTS,ON SCENE,INJURY AND / OR TOW DUE TO CRASH,Y,,,"OVER $1,500",9/5/2019 18:24,NOT APPLICABLE,NOT APPLICABLE,3900,W,BELMONT AVE,1732,,Y,,,,,2,NONINCAPACITATING INJURY,1,0,0,1,0,2,0,16,5,9,41.93924239,-87.72396132,POINT (-87.723961323982 41.939242385398)
JC423325,Y,9/5/2019 16:15,25,NO CONTROLS,NO CONTROLS,CLEAR,DAYLIGHT,SIDESWIPE SAME DIRECTION,NOT DIVIDED,,STRAIGHT AND LEVEL,DRY,NO DEFECTS,NOT ON SCENE (DESK REPORT),NO INJURY / DRIVE AWAY,,,,"OVER $1,500",9/7/2019 7:00,UNABLE TO DETERMINE,UNABLE TO DETERMINE,3159,W,CHICAGO AVE,1221,,,,,,,2,NO INDICATION OF INJURY,0,0,0,0,0,2,0,16,5,9,41.89544423,-87.70649295,POINT (-87.706492953851 41.895444232898)
JC421626,,9/5/2019 16:15,30,STOP SIGN/FLASHER,UNKNOWN,CLEAR,DAYLIGHT,TURNING,FOUR WAY,,STRAIGHT AND LEVEL,DRY,UNKNOWN,NOT ON SCENE (DESK REPORT),NO INJURY / DRIVE AWAY,,,,"OVER $1,500",9/5/2019 19:28,IMPROPER TURNING/NO SIGNAL,NOT APPLICABLE,3100,W,LAKE ST,1222,,,,,,,2,NO INDICATION OF INJURY,0,0,0,0,0,2,0,16,5,9,41.88432563,-87.70386415,POINT (-87.703864151691 41.884325626424)
JC421390,,9/5/2019 16:15,30,STOP SIGN/FLASHER,NO CONTROLS,CLEAR,DAYLIGHT,PEDESTRIAN,NOT DIVIDED,,STRAIGHT AND LEVEL,DRY,NO DEFECTS,ON SCENE,INJURY AND / OR TOW DUE TO CRASH,,,,"OVER $1,500",9/5/2019 16:26,UNABLE TO DETERMINE,NOT APPLICABLE,3031,E,91ST ST,424,,,,,,,2,"REPORTED, NOT EVIDENT",1,0,0,0,1,1,0,16,5,9,41.72998072,-87.54993607,POINT (-87.549936065179 41.729980719591)
JC421342,,9/5/2019 16:15,30,NO CONTROLS,NO CONTROLS,CLEAR,DAYLIGHT,PARKED MOTOR VEHICLE,ONE-WAY,,STRAIGHT AND LEVEL,DRY,NO DEFECTS,ON SCENE,NO INJURY / DRIVE AWAY,,,,"$501 - $1,500",9/5/2019 16:16,IMPROPER BACKING,NOT APPLICABLE,4999,N,KRUGER AVE,1712,,,,,,,2,NO INDICATION OF INJURY,0,0,0,0,0,4,0,16,5,9,,,
JC421347,,9/5/2019 16:11,35,NO CONTROLS,NO CONTROLS,CLEAR,DAYLIGHT,REAR END,DIVIDED - W/MEDIAN BARRIER,,STRAIGHT AND LEVEL,DRY,NO DEFECTS,ON SCENE,INJURY AND / OR TOW DUE TO CRASH,,,,"OVER $1,500",9/5/2019 16:11,FAILING TO REDUCE SPEED TO AVOID CRASH,NOT APPLICABLE,2638,W,87TH ST,835,,,,,,,2,NO INDICATION OF INJURY,0,0,0,0,0,2,0,16,5,9,41.73552618,-87.68908149,POINT (-87.689081493172 41.73552617722)
JC426338,,9/5/2019 16:10,30,NO CONTROLS,NO CONTROLS,CLEAR,DAYLIGHT,PARKED MOTOR VEHICLE,DIVIDED - W/MEDIAN (NOT RAISED),,STRAIGHT AND LEVEL,DRY,NO DEFECTS,NOT ON SCENE (DESK REPORT),NO INJURY / DRIVE AWAY,,,Y,"$501 - $1,500",9/9/2019 16:51,IMPROPER OVERTAKING/PASSING,UNABLE TO DETERMINE,3019,W,60TH ST,823,,,,,,,2,NO INDICATION OF INJURY,0,0,0,0,0,1,0,16,5,9,41.78438112,-87.69930028,POINT (-87.699300275513 41.78438112381)
JC421438,,9/5/2019 16:10,5,UNKNOWN,UNKNOWN,OTHER,"DARKNESS, LIGHTED ROAD",PARKED MOTOR VEHICLE,PARKING LOT,,STRAIGHT AND LEVEL,DRY,NO DEFECTS,ON SCENE,INJURY AND / OR TOW DUE TO CRASH,,Y,,"OVER $1,500",9/5/2019 16:18,UNABLE TO DETERMINE,UNABLE TO DETERMINE,721,S,WABASH AVE,123,,,,,,,2,NO INDICATION OF INJURY,0,0,0,0,0,1,0,16,5,9,41.87276652,-87.62581166,POINT (-87.625811659504 41.872766519251)
JC422152,,9/5/2019 16:00,35,NO CONTROLS,NO CONTROLS,CLEAR,DAYLIGHT,PARKED MOTOR VEHICLE,NOT DIVIDED,,STRAIGHT AND LEVEL,DRY,NO DEFECTS,NOT ON SCENE (DESK REPORT),NO INJURY / DRIVE AWAY,,,Y,"$501 - $1,500",9/6/2019 10:05,UNABLE TO DETERMINE,UNABLE TO DETERMINE,3600,W,LE MOYNE ST,2535,,,,,,,2,NO INDICATION OF INJURY,0,0,0,0,0,1,0,16,5,9,41.90829029,-87.71679796,POINT (-87.716797961706 41.908290288958)
JC422036,,9/5/2019 16:00,30,TRAFFIC SIGNAL,FUNCTIONING IMPROPERLY,CLEAR,DAYLIGHT,TURNING,DIVIDED - W/MEDIAN (NOT RAISED),,STRAIGHT AND LEVEL,DRY,NO DEFECTS,NOT ON SCENE (DESK REPORT),NO INJURY / DRIVE AWAY,,,,"OVER $1,500",9/6/2019 8:00,IMPROPER TURNING/NO SIGNAL,NOT APPLICABLE,1800,S,LAKE SHORE DR E,132,,,,,,,2,NO INDICATION OF INJURY,0,0,0,0,0,2,0,16,5,9,41.85790967,-87.61659414,POINT (-87.616594138523 41.857909668758)
JC421442,,9/5/2019 16:00,20,NO CONTROLS,NO CONTROLS,CLEAR,DAYLIGHT,PARKED MOTOR VEHICLE,NOT DIVIDED,,STRAIGHT AND LEVEL,DRY,NO DEFECTS,NOT ON SCENE (DESK REPORT),NO INJURY / DRIVE AWAY,,,,$500 OR LESS,9/5/2019 17:15,IMPROPER OVERTAKING/PASSING,NOT APPLICABLE,540,W,ROSCOE ST,1925,,,,,,,2,NO INDICATION OF INJURY,0,0,0,0,0,1,0,16,5,9,41.94344568,-87.64358675,POINT (-87.64358675018 41.943445678105)
JC421386,,9/5/2019 16:00,30,TRAFFIC SIGNAL,FUNCTIONING PROPERLY,CLEAR,DAYLIGHT,PEDESTRIAN,FOUR WAY,,STRAIGHT AND LEVEL,DRY,NO DEFECTS,,INJURY AND / OR TOW DUE TO CRASH,Y,,Y,"OVER $1,500",9/5/2019 16:17,FAILING TO YIELD RIGHT-OF-WAY,FAILING TO YIELD RIGHT-OF-WAY,8700,S,LAFAYETTE AVE,634,,,,,,,,,,,,,,,,16,5,9,41.73616511,-87.62558757,POINT (-87.625587568999 41.736165110086)
JC421358,,9/5/2019 16:00,5,NO CONTROLS,NO CONTROLS,CLEAR,DAYLIGHT,REAR TO REAR,OTHER,,STRAIGHT AND LEVEL,DRY,UNKNOWN,NOT ON SCENE (DESK REPORT),NO INJURY / DRIVE AWAY,,,,"$501 - $1,500",9/5/2019 16:42,UNABLE TO DETERMINE,UNABLE TO DETERMINE,5440,N,CLARK ST,2012,,,,,,,2,NO INDICATION OF INJURY,0,0,0,0,0,2,0,16,5,9,41.98108997,-87.66852633,POINT (-87.668526331313 41.981089964981)
JC421343,N,9/5/2019 16:00,30,NO CONTROLS,NO CONTROLS,CLEAR,DAYLIGHT,REAR TO FRONT,DIVIDED - W/MEDIAN (NOT RAISED),,STRAIGHT AND LEVEL,DRY,NO DEFECTS,NOT ON SCENE (DESK REPORT),NO INJURY / DRIVE AWAY,N,,,"OVER $1,500",9/5/2019 16:30,IMPROPER BACKING,NOT APPLICABLE,3831,N,CICERO AVE,1731,,,,,,,2,NO INDICATION OF INJURY,0,0,0,0,0,5,0,16,5,9,41.95071635,-87.74709264,POINT (-87.747092636246 41.950716351318)
JC421340,Y,9/5/2019 16:00,20,NO CONTROLS,NO CONTROLS,CLEAR,DAYLIGHT,PARKED MOTOR VEHICLE,NOT DIVIDED,,STRAIGHT AND LEVEL,DRY,NO DEFECTS,ON SCENE,INJURY AND / OR TOW DUE TO CRASH,,,,"OVER $1,500",9/5/2019 16:02,UNABLE TO DETERMINE,UNABLE TO DETERMINE,1240,S,PULASKI RD,1011,,,,,,,3,NO INDICATION OF INJURY,0,0,0,0,0,1,0,16,5,9,41.8649426,-87.72527877,POINT (-87.725278766935 41.864942598744)
JC421345,,9/5/2019 15:50,30,TRAFFIC SIGNAL,FUNCTIONING PROPERLY,CLEAR,DAYLIGHT,SIDESWIPE SAME DIRECTION,NOT DIVIDED,,STRAIGHT AND LEVEL,DRY,NO DEFECTS,ON SCENE,NO INJURY / DRIVE AWAY,Y,,,"OVER $1,500",9/5/2019 15:57,UNABLE TO DETERMINE,NOT APPLICABLE,1601,N,AUSTIN AVE,2531,,,,,,,2,NO INDICATION OF INJURY,0,0,0,0,0,2,0,15,5,9,41.90928082,-87.77540856,POINT (-87.775408562206 41.909280822073)
JC421326,,9/5/2019 15:40,30,STOP SIGN/FLASHER,FUNCTIONING PROPERLY,CLEAR,DAYLIGHT,TURNING,T-INTERSECTION,,STRAIGHT AND LEVEL,DRY,NO DEFECTS,ON SCENE,INJURY AND / OR TOW DUE TO CRASH,Y,,,"OVER $1,500",9/5/2019 15:49,DISREGARDING STOP SIGN,NOT APPLICABLE,4356,W,FORD CITY DR,833,,,,,,,2,NO INDICATION OF INJURY,0,0,0,0,0,2,0,15,5,9,41.75327857,-87.73189421,POINT (-87.731894214416 41.753278570327)
JC421334,,9/5/2019 15:37,30,NO CONTROLS,NO CONTROLS,CLEAR,DAYLIGHT,TURNING,NOT DIVIDED,,STRAIGHT AND LEVEL,DRY,NO DEFECTS,NOT ON SCENE (DESK REPORT),NO INJURY / DRIVE AWAY,,,,"OVER $1,500",9/5/2019 16:15,UNABLE TO DETERMINE,UNABLE TO DETERMINE,1677,W,BRYN MAWR AVE,2012,,,,,,,2,NO INDICATION OF INJURY,0,0,0,0,0,3,0,15,5,9,41.98332848,-87.67214091,POINT (-87.672140913083 41.983328484265)
JC421352,,9/5/2019 15:35,20,STOP SIGN/FLASHER,FUNCTIONING PROPERLY,CLEAR,DAYLIGHT,PARKED MOTOR VEHICLE,OTHER,,STRAIGHT AND LEVEL,DRY,NO DEFECTS,ON SCENE,INJURY AND / OR TOW DUE TO CRASH,,,,"OVER $1,500",9/5/2019 15:35,NOT APPLICABLE,NOT APPLICABLE,1601,N,KILDARE AVE,2534,,,,,,,2,NO INDICATION OF INJURY,0,0,0,0,0,1,0,15,5,9,41.9098827,-87.73351108,POINT (-87.733511082614 41.9098826973)
JC421317,,9/5/2019 15:35,20,NO CONTROLS,NO CONTROLS,CLEAR,DAYLIGHT,REAR END,DIVIDED - W/MEDIAN (NOT RAISED),,STRAIGHT AND LEVEL,DRY,NO DEFECTS,ON SCENE,INJURY AND / OR TOW DUE TO CRASH,,,Y,"OVER $1,500",9/5/2019 15:50,UNABLE TO DETERMINE,UNABLE TO DETERMINE,5500,N,KIMBALL AVE,1712,,,,,,,2,NONINCAPACITATING INJURY,1,0,0,1,0,2,0,15,5,9,41.98128158,-87.71383178,POINT (-87.713831784126 41.981281579277)
JC421304,,9/5/2019 15:35,20,NO CONTROLS,NO CONTROLS,CLEAR,DAYLIGHT,PEDESTRIAN,DIVIDED - W/MEDIAN (NOT RAISED),,STRAIGHT AND LEVEL,DRY,NO DEFECTS,ON SCENE,INJURY AND / OR TOW DUE TO CRASH,Y,,,"$501 - $1,500",9/5/2019 15:37,UNABLE TO DETERMINE,UNABLE TO DETERMINE,3358,W,16TH ST,1021,,,,,,,2,NONINCAPACITATING INJURY,1,0,0,1,0,2,0,15,5,9,41.85913692,-87.71027863,POINT (-87.71027862755 41.85913691862)
JC423485,,9/5/2019 15:30,30,NO CONTROLS,NOT FUNCTIONING,CLEAR,DAYLIGHT,SIDESWIPE SAME DIRECTION,NOT DIVIDED,,STRAIGHT AND LEVEL,DRY,NO DEFECTS,NOT ON SCENE (DESK REPORT),NO INJURY / DRIVE AWAY,,,,"OVER $1,500",9/7/2019 11:00,UNABLE TO DETERMINE,UNABLE TO DETERMINE,3224,W,47TH ST,821,,,,,,,2,NO INDICATION OF INJURY,0,0,0,0,0,2,0,15,5,9,41.80821538,-87.70504304,POINT (-87.705043037064 41.808215379637)
JC422654,,9/5/2019 15:30,35,STOP SIGN/FLASHER,FUNCTIONING PROPERLY,CLEAR,DAYLIGHT,ANGLE,NOT DIVIDED,,STRAIGHT AND LEVEL,DRY,NO DEFECTS,NOT ON SCENE (DESK REPORT),NO INJURY / DRIVE AWAY,,,Y,"$501 - $1,500",9/6/2019 16:45,UNABLE TO DETERMINE,UNABLE TO DETERMINE,2600,S,HARDING AVE,1031,,,,,,,2,NO INDICATION OF INJURY,0,0,0,0,0,2,0,15,5,9,41.84417473,-87.72347589,POINT (-87.723475892496 41.844174734217)
JC422155,,9/5/2019 15:30,15,NO CONTROLS,NO CONTROLS,CLEAR,DAYLIGHT,SIDESWIPE SAME DIRECTION,DIVIDED - W/MEDIAN BARRIER,,STRAIGHT AND LEVEL,DRY,NO DEFECTS,NOT ON SCENE (DESK REPORT),NO INJURY / DRIVE AWAY,,,Y,"OVER $1,500",9/6/2019 10:00,IMPROPER OVERTAKING/PASSING,NOT APPLICABLE,1410,S,MUSEUM CAMPUS DR,132,,,,,,,2,NO INDICATION OF INJURY,0,0,0,0,0,2,0,15,5,9,41.86262829,-87.61503109,POINT (-87.615031094113 41.862628294038)
JC421310,,9/5/2019 15:30,35,TRAFFIC SIGNAL,FUNCTIONING PROPERLY,CLEAR,DAYLIGHT,REAR END,NOT DIVIDED,,STRAIGHT AND LEVEL,DRY,NO DEFECTS,NOT ON SCENE (DESK REPORT),NO INJURY / DRIVE AWAY,,,,"OVER $1,500",9/5/2019 15:55,FOLLOWING TOO CLOSELY,UNABLE TO DETERMINE,5958,W,IRVING PARK RD,1624,,,,,,,2,NO INDICATION OF INJURY,0,0,0,0,0,3,0,15,5,9,41.95317025,-87.77664726,POINT (-87.776647257015 41.953170248681)
JC421309,,9/5/2019 15:30,30,NO CONTROLS,NO CONTROLS,CLEAR,DAYLIGHT,REAR END,NOT DIVIDED,,STRAIGHT AND LEVEL,DRY,NO DEFECTS,NOT ON SCENE (DESK REPORT),NO INJURY / DRIVE AWAY,,,,"OVER $1,500",9/5/2019 16:01,FOLLOWING TOO CLOSELY,NOT APPLICABLE,1008,W,JACKSON BLVD,1232,,,,,,,3,NO INDICATION OF INJURY,0,0,0,0,0,3,0,15,5,9,41.87797224,-87.6523432,POINT (-87.652343201642 41.877972235799)
JC421287,,9/5/2019 15:30,30,TRAFFIC SIGNAL,FUNCTIONING PROPERLY,CLEAR,DAYLIGHT,REAR END,DIVIDED - W/MEDIAN (NOT RAISED),,STRAIGHT AND LEVEL,DRY,NO DEFECTS,NOT ON SCENE (DESK REPORT),NO INJURY / DRIVE AWAY,,,,"$501 - $1,500",9/5/2019 15:42,FOLLOWING TOO CLOSELY,NOT APPLICABLE,6000,S,ARCHER AVE,811,,,,,,,2,NO INDICATION OF INJURY,0,0,0,0,0,2,0,15,5,9,41.79519619,-87.76648187,POINT (-87.766481867678 41.795196188319)
JC421284,,9/5/2019 15:30,30,NO CONTROLS,NO CONTROLS,CLEAR,DAYLIGHT,REAR END,NOT DIVIDED,,STRAIGHT AND LEVEL,DRY,NO DEFECTS,NOT ON SCENE (DESK REPORT),NO INJURY / DRIVE AWAY,,,Y,"OVER $1,500",9/5/2019 15:40,FAILING TO REDUCE SPEED TO AVOID CRASH,NOT APPLICABLE,4600,N,ELSTON AVE,1722,,,,,,,2,NO INDICATION OF INJURY,0,0,0,0,0,2,0,15,5,9,41.96452175,-87.73513379,POINT (-87.735133787396 41.964521751211)
JC421282,,9/5/2019 15:30,30,TRAFFIC SIGNAL,FUNCTIONING PROPERLY,CLEAR,DAYLIGHT,REAR END,DIVIDED - W/MEDIAN (NOT RAISED),,STRAIGHT AND LEVEL,DRY,NO DEFECTS,NOT ON SCENE (DESK REPORT),NO INJURY / DRIVE AWAY,,,,"$501 - $1,500",9/5/2019 15:41,FOLLOWING TOO CLOSELY,UNABLE TO DETERMINE,5858,N,SHERIDAN RD,2022,,,,,,,2,NO INDICATION OF INJURY,0,0,0,0,0,2,0,15,5,9,41.98900565,-87.65549999,POINT (-87.655499991682 41.989005653102)
JC421341,,9/5/2019 15:25,30,TRAFFIC SIGNAL,FUNCTIONING PROPERLY,CLEAR,DAYLIGHT,SIDESWIPE SAME DIRECTION,DIVIDED - W/MEDIAN (NOT RAISED),,STRAIGHT AND LEVEL,DRY,NO DEFECTS,,NO INJURY / DRIVE AWAY,,,,"OVER $1,500",9/5/2019 16:40,IMPROPER OVERTAKING/PASSING,UNABLE TO DETERMINE,224,S,MICHIGAN AVE,113,,,,,,,2,NO INDICATION OF INJURY,0,0,0,0,0,3,0,15,5,9,41.87893738,-87.62448327,POINT (-87.62448327326 41.878937382428)
JC421331,,9/5/2019 15:25,30,NO CONTROLS,NO CONTROLS,CLEAR,DAYLIGHT,SIDESWIPE SAME DIRECTION,DIVIDED - W/MEDIAN (NOT RAISED),,STRAIGHT AND LEVEL,DRY,NO DEFECTS,NOT ON SCENE (DESK REPORT),NO INJURY / DRIVE AWAY,,,,"$501 - $1,500",9/5/2019 16:13,FAILING TO YIELD RIGHT-OF-WAY,NOT APPLICABLE,4000,W,47TH ST,815,,,,,,,2,NO INDICATION OF INJURY,0,0,0,0,0,6,0,15,5,9,41.80799293,-87.72364912,POINT (-87.72364912042 41.807992932693)
JC421314,,9/5/2019 15:25,35,TRAFFIC SIGNAL,FUNCTIONING PROPERLY,CLEAR,DAYLIGHT,SIDESWIPE SAME DIRECTION,DIVIDED - W/MEDIAN (NOT RAISED),,STRAIGHT AND LEVEL,DRY,NO DEFECTS,ON SCENE,NO INJURY / DRIVE AWAY,,,,"$501 - $1,500",9/5/2019 15:31,UNABLE TO DETERMINE,NOT APPLICABLE,6359,N,CALDWELL AVE,1621,,,,,,,2,NO INDICATION OF INJURY,0,0,0,0,0,2,0,15,5,9,41.99679472,-87.76533742,POINT (-87.765337422114 41.996794718088)
JC421281,,9/5/2019 15:24,30,NO CONTROLS,NO CONTROLS,CLEAR,DAYLIGHT,REAR END,NOT DIVIDED,,STRAIGHT AND LEVEL,DRY,NO DEFECTS,ON SCENE,NO INJURY / DRIVE AWAY,,,,"OVER $1,500",9/5/2019 15:39,FOLLOWING TOO CLOSELY,UNABLE TO DETERMINE,4000,S,KEDZIE AVE,821,,,,,,,2,NO INDICATION OF INJURY,0,0,0,0,0,2,0,15,5,9,41.82074117,-87.70461555,POINT (-87.704615553947 41.820741173314)
JC421277,,9/5/2019 15:24,30,NO CONTROLS,NO CONTROLS,CLEAR,DAYLIGHT,PARKED MOTOR VEHICLE,NOT DIVIDED,,STRAIGHT AND LEVEL,DRY,NO DEFECTS,ON SCENE,NO INJURY / DRIVE AWAY,,,Y,$500 OR LESS,9/5/2019 15:30,IMPROPER OVERTAKING/PASSING,NOT APPLICABLE,1725,N,ASHLAND AVE,1433,,Y,,,,,2,NO INDICATION OF INJURY,0,0,0,0,0,1,0,15,5,9,41.91322699,-87.66761595,POINT (-87.667615951601 41.913226992038)
JC421319,,9/5/2019 15:20,30,STOP SIGN/FLASHER,FUNCTIONING PROPERLY,CLEAR,DAYLIGHT,TURNING,FOUR WAY,,STRAIGHT AND LEVEL,DRY,NO DEFECTS,NOT ON SCENE (DESK REPORT),NO INJURY / DRIVE AWAY,Y,,,"OVER $1,500",9/5/2019 15:50,UNABLE TO DETERMINE,UNABLE TO DETERMINE,3059,W,111TH ST,2211,,,,,,,2,NO INDICATION OF INJURY,0,0,0,0,0,4,0,15,5,9,41.69148824,-87.69832936,POINT (-87.698329358724 41.691488242961)
JC421292,,9/5/2019 15:20,15,NO CONTROLS,NO CONTROLS,CLEAR,DAYLIGHT,PARKED MOTOR VEHICLE,NOT DIVIDED,,STRAIGHT AND LEVEL,DRY,NO DEFECTS,ON SCENE,NO INJURY / DRIVE AWAY,,,,"$501 - $1,500",9/5/2019 15:30,UNABLE TO DETERMINE,DRIVING SKILLS/KNOWLEDGE/EXPERIENCE,5129,N,WASHTENAW AVE,2031,,,,,,,3,NO INDICATION OF INJURY,0,0,0,0,0,1,0,15,5,9,,,
JC421286,,9/5/2019 15:20,30,NO CONTROLS,NO CONTROLS,CLEAR,DAYLIGHT,REAR TO FRONT,ONE-WAY,,STRAIGHT AND LEVEL,DRY,NO DEFECTS,NOT ON SCENE (DESK REPORT),NO INJURY / DRIVE AWAY,,,,"$501 - $1,500",9/5/2019 15:45,IMPROPER BACKING,NOT APPLICABLE,525,W,MONROE ST,121,,,,,,,2,NO INDICATION OF INJURY,0,0,0,0,0,2,0,15,5,9,41.88046315,-87.64080388,POINT (-87.640803884278 41.880463147078)
JC421275,,9/5/2019 15:19,30,UNKNOWN,UNKNOWN,CLEAR,DAYLIGHT,PEDESTRIAN,T-INTERSECTION,,STRAIGHT AND LEVEL,DRY,NO DEFECTS,ON SCENE,INJURY AND / OR TOW DUE TO CRASH,Y,,,$500 OR LESS,9/5/2019 15:19,FAILING TO REDUCE SPEED TO AVOID CRASH,NOT APPLICABLE,900,N,MICHIGAN AVE,1833,,Y,,,,,2,NONINCAPACITATING INJURY,1,0,0,1,0,1,0,15,5,9,41.8992486,-87.62427498,POINT (-87.624274978205 41.899248597036)
JC423822,,9/5/2019 15:15,30,TRAFFIC SIGNAL,FUNCTIONING PROPERLY,CLEAR,DAYLIGHT,REAR END,ONE-WAY,,STRAIGHT AND LEVEL,DRY,NO DEFECTS,NOT ON SCENE (DESK REPORT),NO INJURY / DRIVE AWAY,,,,"OVER $1,500",9/7/2019 15:30,FOLLOWING TOO CLOSELY,NOT APPLICABLE,1700,N,PAULINA ST,1433,,,,,,,2,NO INDICATION OF INJURY,0,0,0,0,0,2,0,15,5,9,41.91250969,-87.67033255,POINT (-87.670332553648 41.912509693126)
JC421298,,9/5/2019 15:15,30,NO CONTROLS,NO CONTROLS,CLEAR,DAYLIGHT,REAR END,NOT DIVIDED,,STRAIGHT AND LEVEL,DRY,NO DEFECTS,NOT ON SCENE (DESK REPORT),NO INJURY / DRIVE AWAY,Y,,,"$501 - $1,500",9/5/2019 15:55,UNABLE TO DETERMINE,UNABLE TO DETERMINE,1924,N,PAULINA ST,1433,,,,,,,2,NO INDICATION OF INJURY,0,0,0,0,0,2,0,15,5,9,41.91682603,-87.67045089,POINT (-87.670450884523 41.916826030272)
JC421289,,9/5/2019 15:15,30,TRAFFIC SIGNAL,FUNCTIONING PROPERLY,CLEAR,DAYLIGHT,REAR END,DIVIDED - W/MEDIAN BARRIER,,STRAIGHT AND LEVEL,DRY,NO DEFECTS,ON SCENE,NO INJURY / DRIVE AWAY,,,,"$501 - $1,500",9/5/2019 15:20,FAILING TO REDUCE SPEED TO AVOID CRASH,NOT APPLICABLE,800,S,HALSTED ST,1232,,,,,,,3,NO INDICATION OF INJURY,0,0,0,0,0,4,0,15,5,9,41.87185038,-87.64716647,POINT (-87.647166465184 41.871850374852)
JC421297,,9/5/2019 15:14,30,NO CONTROLS,NO CONTROLS,CLEAR,DAYLIGHT,REAR END,ONE-WAY,,STRAIGHT AND LEVEL,DRY,NO DEFECTS,ON SCENE,NO INJURY / DRIVE AWAY,,,,"OVER $1,500",9/5/2019 15:35,FAILING TO REDUCE SPEED TO AVOID CRASH,FOLLOWING TOO CLOSELY,2245,W,ARTHUR AVE,2412,,,,,,,2,NO INDICATION OF INJURY,0,0,0,0,0,2,0,15,5,9,41.999487,-87.68684255,POINT (-87.686842548006 41.999486997188)
JC430406,,9/5/2019 15:00,30,NO CONTROLS,NO CONTROLS,CLEAR,DAYLIGHT,PARKED MOTOR VEHICLE,FOUR WAY,,STRAIGHT AND LEVEL,DRY,NO DEFECTS,NOT ON SCENE (DESK REPORT),NO INJURY / DRIVE AWAY,,,Y,"$501 - $1,500",9/12/2019 15:45,UNABLE TO DETERMINE,UNABLE TO DETERMINE,3130,N,SACRAMENTO AVE,1411,,,,,,,2,NO INDICATION OF INJURY,0,0,0,0,0,1,0,15,5,9,41.93849451,-87.70284881,POINT (-87.702848807977 41.938494514329)
JC426443,,9/5/2019 15:00,15,NO CONTROLS,NO CONTROLS,UNKNOWN,DAYLIGHT,PARKED MOTOR VEHICLE,PARKING LOT,,STRAIGHT AND LEVEL,UNKNOWN,NO DEFECTS,NOT ON SCENE (DESK REPORT),NO INJURY / DRIVE AWAY,,,Y,"OVER $1,500",9/9/2019 17:30,UNABLE TO DETERMINE,NOT APPLICABLE,2230,N,DOMINICK ST,1811,,,,,,,2,NO INDICATION OF INJURY,0,0,0,0,0,1,0,15,5,9,41.92222026,-87.66710345,POINT (-87.667103453905 41.92222025546)
JC422118,,9/5/2019 15:00,30,NO CONTROLS,NO CONTROLS,CLEAR,DAYLIGHT,PARKED MOTOR VEHICLE,NOT DIVIDED,,STRAIGHT AND LEVEL,DRY,NO DEFECTS,NOT ON SCENE (DESK REPORT),NO INJURY / DRIVE AWAY,,,,"$501 - $1,500",9/6/2019 9:20,UNABLE TO DETERMINE,NOT APPLICABLE,1948,W,CHICAGO AVE,1212,,,,,,,2,NO INDICATION OF INJURY,0,0,0,0,0,1,0,15,5,9,41.8960303,-87.6765718,POINT (-87.676571797576 41.896030295134)