RD_NO,CRASH_DATE_EST_I,CRASH_DATE,POSTED_SPEED_LIMIT,TRAFFIC_CONTROL_DEVICE,DEVICE_CONDITION,WEATHER_CONDITION,LIGHTING_CONDITION,FIRST_CRASH_TYPE,TRAFFICWAY_TYPE,LANE_CNT,ALIGNMENT,ROADWAY_SURFACE_COND,ROAD_DEFECT,REPORT_TYPE,CRASH_TYPE,INTERSECTION_RELATED_I,NOT_RIGHT_OF_WAY_I,HIT_AND_RUN_I,DAMAGE,DATE_POLICE_NOTIFIED,PRIM_CONTRIBUTORY_CAUSE,SEC_CONTRIBUTORY_CAUSE,STREET_NO,STREET_DIRECTION,STREET_NAME,BEAT_OF_OCCURRENCE,PHOTOS_TAKEN_I,STATEMENTS_TAKEN_I,DOORING_I,WORK_ZONE_I,WORK_ZONE_TYPE,WORKERS_PRESENT_I,NUM_UNITS,MOST_SEVERE_INJURY,INJURIES_TOTAL,INJURIES_FATAL,INJURIES_INCAPACITATING,INJURIES_NON_INCAPACITATING,INJURIES_REPORTED_NOT_EVIDENT,INJURIES_NO_INDICATION,INJURIES_UNKNOWN,CRASH_HOUR,CRASH_DAY_OF_WEEK,CRASH_MONTH,LATITUDE,LONGITUDE,LOCATION
JC421303,,9/5/2019 15:00,30,NO CONTROLS,NO CONTROLS,CLEAR,DAYLIGHT,PARKED MOTOR VEHICLE,NOT DIVIDED,,STRAIGHT AND LEVEL,DRY,NO DEFECTS,NOT ON SCENE (DESK REPORT),NO INJURY / DRIVE AWAY,,,Y,"OVER $1,500",9/5/2019 15:55,IMPROPER LANE USAGE,IMPROPER LANE USAGE,5900,W,GRACE ST,1633,,,,,,,2,NO INDICATION OF INJURY,0,0,0,0,0,2,0,15,5,9,41.94955034,-87.77432736,POINT (-87.774327363461 41.949550335111)
JC421280,,9/5/2019 15:00,30,TRAFFIC SIGNAL,FUNCTIONING PROPERLY,CLEAR,DAYLIGHT,SIDESWIPE SAME DIRECTION,FOUR WAY,,STRAIGHT AND LEVEL,DRY,NO DEFECTS,NOT ON SCENE (DESK REPORT),NO INJURY / DRIVE AWAY,,,Y,$500 OR LESS,9/5/2019 15:35,UNABLE TO DETERMINE,NOT APPLICABLE,14,S,ASHLAND AVE,1224,,,,,,,2,NO INDICATION OF INJURY,0,0,0,0,0,2,0,15,5,9,41.88100849,-87.66693931,POINT (-87.666939310687 41.881008493757)
JC421268,,9/5/2019 15:00,35,NO CONTROLS,NO CONTROLS,CLEAR,DAYLIGHT,SIDESWIPE SAME DIRECTION,NOT DIVIDED,,STRAIGHT AND LEVEL,DRY,NO DEFECTS,ON SCENE,NO INJURY / DRIVE AWAY,,,,"OVER $1,500",9/5/2019 15:07,DRIVING SKILLS/KNOWLEDGE/EXPERIENCE,NOT APPLICABLE,1805,W,MONTEREY AVE,2212,,,,,,,2,NO INDICATION OF INJURY,0,0,0,0,0,2,0,15,5,9,41.69087032,-87.66750624,POINT (-87.667506238336 41.690870316222)
JC421272,,9/5/2019 14:56,30,NO CONTROLS,NO CONTROLS,CLEAR,DAYLIGHT,TURNING,NOT DIVIDED,,STRAIGHT AND LEVEL,DRY,UNKNOWN,ON SCENE,INJURY AND / OR TOW DUE TO CRASH,,,Y,"OVER $1,500",9/5/2019 14:56,FAILING TO YIELD RIGHT-OF-WAY,UNABLE TO DETERMINE,321,W,63RD ST,722,,,,,,,2,NONINCAPACITATING INJURY,1,0,0,1,0,1,0,14,5,9,41.779828,-87.63338877,POINT (-87.633388766707 41.779827997617)
JC421323,,9/5/2019 14:55,30,TRAFFIC SIGNAL,FUNCTIONING PROPERLY,CLEAR,DAYLIGHT,TURNING,NOT DIVIDED,,STRAIGHT AND LEVEL,DRY,NO DEFECTS,NOT ON SCENE (DESK REPORT),NO INJURY / DRIVE AWAY,Y,,,"OVER $1,500",9/5/2019 16:05,"VISION OBSCURED (SIGNS, TREE LIMBS, BUILDINGS, ETC.)",NOT APPLICABLE,3601,W,31ST ST,1032,,,,,,,2,NO INDICATION OF INJURY,0,0,0,0,0,2,0,14,5,9,41.83694533,-87.71465085,POINT (-87.714650847712 41.836945328672)
JC421241,,9/5/2019 14:55,25,NO CONTROLS,NO CONTROLS,CLEAR,DAYLIGHT,TURNING,NOT DIVIDED,,STRAIGHT AND LEVEL,DRY,NO DEFECTS,ON SCENE,INJURY AND / OR TOW DUE TO CRASH,Y,,,"OVER $1,500",9/5/2019 15:05,IMPROPER LANE USAGE,IMPROPER LANE USAGE,1632,W,43RD ST,924,,,,,,,3,NO INDICATION OF INJURY,0,0,0,0,0,3,0,14,5,9,41.81596681,-87.66643601,POINT (-87.666436006924 41.815966813165)
JC421276,,9/5/2019 14:50,30,NO CONTROLS,NO CONTROLS,CLEAR,DAYLIGHT,PARKED MOTOR VEHICLE,NOT DIVIDED,,STRAIGHT AND LEVEL,DRY,NO DEFECTS,NOT ON SCENE (DESK REPORT),NO INJURY / DRIVE AWAY,,,,"OVER $1,500",9/5/2019 15:35,UNABLE TO DETERMINE,UNABLE TO DETERMINE,4748,N,WESTERN AVE,1911,,,,,,,2,NO INDICATION OF INJURY,0,0,0,0,0,3,0,14,5,9,41.96818451,-87.689041,POINT (-87.689041002813 41.96818451105)
JC421305,,9/5/2019 14:45,30,NO CONTROLS,NO CONTROLS,CLEAR,DAYLIGHT,ANGLE,OTHER,,STRAIGHT ON GRADE,DRY,NO DEFECTS,NOT ON SCENE (DESK REPORT),INJURY AND / OR TOW DUE TO CRASH,Y,,,"OVER $1,500",9/5/2019 15:45,FAILING TO REDUCE SPEED TO AVOID CRASH,NOT APPLICABLE,8900,S,RACINE AVE,2222,,,,,,,2,NO INDICATION OF INJURY,0,0,0,0,0,3,0,14,5,9,41.7321781,-87.6533786,POINT (-87.653378595505 41.732178097558)
JC421300,,9/5/2019 14:45,30,UNKNOWN,NO CONTROLS,CLEAR,DAYLIGHT,SIDESWIPE SAME DIRECTION,ONE-WAY,,STRAIGHT AND LEVEL,DRY,NO DEFECTS,NOT ON SCENE (DESK REPORT),NO INJURY / DRIVE AWAY,,,,"OVER $1,500",9/5/2019 17:15,UNABLE TO DETERMINE,UNABLE TO DETERMINE,397,N,MICHIGAN AVE,1834,,,,,,,2,NO INDICATION OF INJURY,0,0,0,0,0,2,0,14,5,9,41.88923388,-87.62413513,POINT (-87.624135126317 41.889233875492)
JC421269,,9/5/2019 14:45,30,NO CONTROLS,NO CONTROLS,CLEAR,DAYLIGHT,ANGLE,NOT DIVIDED,,STRAIGHT AND LEVEL,DRY,NO DEFECTS,ON SCENE,INJURY AND / OR TOW DUE TO CRASH,Y,,,"OVER $1,500",9/5/2019 14:51,FAILING TO YIELD RIGHT-OF-WAY,NOT APPLICABLE,4814,W,WARNER AVE,1624,,,,,,,2,NO INDICATION OF INJURY,0,0,0,0,0,2,0,14,5,9,41.9562578,-87.74806316,POINT (-87.748063157132 41.95625780012)
JC421364,,9/5/2019 14:30,30,NO CONTROLS,NO CONTROLS,CLEAR,DAYLIGHT,PARKED MOTOR VEHICLE,NOT DIVIDED,,STRAIGHT AND LEVEL,DRY,NO DEFECTS,NOT ON SCENE (DESK REPORT),NO INJURY / DRIVE AWAY,,,,"$501 - $1,500",9/5/2019 16:34,UNABLE TO DETERMINE,UNABLE TO DETERMINE,9500,S,WENTWORTH AVE,511,,,,,,,2,NO INDICATION OF INJURY,0,0,0,0,0,2,0,14,5,9,41.72156745,-87.62880904,POINT (-87.628809038591 41.721567447856)
JC421307,,9/5/2019 14:30,30,NO CONTROLS,NO CONTROLS,CLEAR,DAYLIGHT,ANGLE,DIVIDED - W/MEDIAN (NOT RAISED),,STRAIGHT AND LEVEL,DRY,NO DEFECTS,NOT ON SCENE (DESK REPORT),NO INJURY / DRIVE AWAY,,,,"OVER $1,500",9/5/2019 15:58,FAILING TO YIELD RIGHT-OF-WAY,FAILING TO YIELD RIGHT-OF-WAY,7300,N,ROGERS AVE,2424,,,,,,,2,NO INDICATION OF INJURY,0,0,0,0,0,2,0,14,5,9,42.01377369,-87.68030073,POINT (-87.680300731701 42.0137736926)
JC421189,,9/5/2019 14:26,30,TRAFFIC SIGNAL,FUNCTIONING PROPERLY,CLEAR,DAYLIGHT,REAR END,DIVIDED - W/MEDIAN (NOT RAISED),,STRAIGHT AND LEVEL,DRY,NO DEFECTS,NOT ON SCENE (DESK REPORT),INJURY AND / OR TOW DUE TO CRASH,Y,,,"OVER $1,500",9/5/2019 14:26,FOLLOWING TOO CLOSELY,FAILING TO REDUCE SPEED TO AVOID CRASH,5500,S,STATE ST,225,,,,,,,4,"REPORTED, NOT EVIDENT",2,0,0,0,2,2,0,14,5,9,41.79422529,-87.62583602,POINT (-87.625836015583 41.79422529104)
JC422640,,9/5/2019 14:20,30,UNKNOWN,UNKNOWN,CLEAR,DAYLIGHT,SIDESWIPE SAME DIRECTION,UNKNOWN,,STRAIGHT AND LEVEL,DRY,UNKNOWN,NOT ON SCENE (DESK REPORT),NO INJURY / DRIVE AWAY,,,Y,$500 OR LESS,9/5/2019 14:20,UNABLE TO DETERMINE,NOT APPLICABLE,463,W,CHICAGO AVE,1831,,,,Y,UNKNOWN,Y,2,NO INDICATION OF INJURY,0,0,0,0,0,2,0,14,5,9,41.89639093,-87.64096138,POINT (-87.640961375168 41.896390924672)
JC421372,,9/5/2019 14:15,30,TRAFFIC SIGNAL,FUNCTIONING PROPERLY,CLEAR,DAYLIGHT,TURNING,DIVIDED - W/MEDIAN (NOT RAISED),,STRAIGHT AND LEVEL,DRY,UNKNOWN,NOT ON SCENE (DESK REPORT),INJURY AND / OR TOW DUE TO CRASH,Y,,Y,"OVER $1,500",9/5/2019 16:51,FAILING TO YIELD RIGHT-OF-WAY,UNABLE TO DETERMINE,6900,S,ASHLAND AVE,735,,,,,,,2,"REPORTED, NOT EVIDENT",2,0,0,0,2,3,0,14,5,9,41.76845491,-87.66403843,POINT (-87.664038433009 41.768454909931)
JC421221,,9/5/2019 14:12,30,NO CONTROLS,NO CONTROLS,CLEAR,DAYLIGHT,SIDESWIPE SAME DIRECTION,NOT DIVIDED,,STRAIGHT AND LEVEL,DRY,NO DEFECTS,ON SCENE,NO INJURY / DRIVE AWAY,,,,"OVER $1,500",9/5/2019 14:12,UNABLE TO DETERMINE,UNABLE TO DETERMINE,2130,S,MICHIGAN AVE,131,,,,,,,2,NO INDICATION OF INJURY,0,0,0,0,0,2,0,14,5,9,41.85329916,-87.62397548,POINT (-87.623975476355 41.853299156758)
JC422350,,9/5/2019 14:00,40,TRAFFIC SIGNAL,FUNCTIONING PROPERLY,CLEAR,DAYLIGHT,REAR END,DIVIDED - W/MEDIAN BARRIER,,STRAIGHT AND LEVEL,DRY,NO DEFECTS,NOT ON SCENE (DESK REPORT),NO INJURY / DRIVE AWAY,Y,,,$500 OR LESS,9/6/2019 13:30,UNABLE TO DETERMINE,NOT APPLICABLE,6358,N,MANNHEIM RD,1654,,,,,,,2,NO INDICATION OF INJURY,0,0,0,0,0,2,0,14,5,9,41.99425895,-87.88475392,POINT (-87.884753922477 41.994258947544)
JC421447,,9/5/2019 14:00,30,NO CONTROLS,NO CONTROLS,CLEAR,DAYLIGHT,PARKED MOTOR VEHICLE,NOT DIVIDED,,STRAIGHT AND LEVEL,DRY,UNKNOWN,NOT ON SCENE (DESK REPORT),NO INJURY / DRIVE AWAY,,,,"OVER $1,500",9/5/2019 17:20,UNABLE TO DETERMINE,NOT APPLICABLE,2145,S,ALBANY AVE,1022,,,,,,,2,NO INDICATION OF INJURY,0,0,0,0,0,1,0,14,5,9,41.85225683,-87.70268797,POINT (-87.702687973618 41.852256827705)
JC421223,,9/5/2019 14:00,30,NO CONTROLS,NO CONTROLS,CLEAR,DAYLIGHT,SIDESWIPE SAME DIRECTION,DIVIDED - W/MEDIAN (NOT RAISED),,STRAIGHT AND LEVEL,DRY,NO DEFECTS,ON SCENE,NO INJURY / DRIVE AWAY,,,,"OVER $1,500",9/5/2019 14:35,UNABLE TO DETERMINE,NOT APPLICABLE,3652,W,ADDISON ST,1732,,,,,,,2,NO INDICATION OF INJURY,0,0,0,0,0,2,0,14,5,9,41.94658498,-87.71974863,POINT (-87.719748629201 41.946584976536)
JC421164,,9/5/2019 13:54,30,STOP SIGN/FLASHER,OTHER,CLEAR,DAYLIGHT,PEDALCYCLIST,NOT DIVIDED,,STRAIGHT AND LEVEL,DRY,NO DEFECTS,ON SCENE,INJURY AND / OR TOW DUE TO CRASH,,,Y,"OVER $1,500",9/5/2019 14:05,FAILING TO YIELD RIGHT-OF-WAY,UNABLE TO DETERMINE,5000,N,LECLAIRE AVE,1623,,,N,,,,2,"REPORTED, NOT EVIDENT",1,0,0,0,1,1,0,13,5,9,41.97163415,-87.75531187,POINT (-87.755311870202 41.971634144841)
JC421173,,9/5/2019 13:50,30,NO CONTROLS,NO CONTROLS,CLEAR,DAYLIGHT,REAR TO SIDE,DIVIDED - W/MEDIAN (NOT RAISED),,STRAIGHT AND LEVEL,DRY,NO DEFECTS,ON SCENE,NO INJURY / DRIVE AWAY,Y,,,"$501 - $1,500",9/5/2019 14:00,UNABLE TO DETERMINE,UNABLE TO DETERMINE,4637,S,ARCHER AVE,821,,,,,,,2,NO INDICATION OF INJURY,0,0,0,0,0,2,0,13,5,9,41.80918002,-87.71201656,POINT (-87.712016556477 41.809180018447)
JC421188,,9/5/2019 13:45,30,STOP SIGN/FLASHER,FUNCTIONING PROPERLY,CLEAR,DAYLIGHT,PARKED MOTOR VEHICLE,ONE-WAY,,STRAIGHT AND LEVEL,DRY,UNKNOWN,NOT ON SCENE (DESK REPORT),NO INJURY / DRIVE AWAY,,,,$500 OR LESS,9/5/2019 14:30,UNABLE TO DETERMINE,NOT APPLICABLE,802,N,FRANCISCO AVE,1211,,,,,,,2,NO INDICATION OF INJURY,0,0,0,0,0,1,0,13,5,9,41.89580956,-87.69931428,POINT (-87.699314281528 41.895809563157)
JC421468,,9/5/2019 13:37,30,UNKNOWN,UNKNOWN,CLEAR,DAYLIGHT,PEDESTRIAN,DIVIDED - W/MEDIAN (NOT RAISED),,STRAIGHT AND LEVEL,UNKNOWN,UNKNOWN,ON SCENE,INJURY AND / OR TOW DUE TO CRASH,,,Y,"OVER $1,500",9/5/2019 17:08,DISREGARDING YIELD SIGN,NOT APPLICABLE,1601,N,LA SALLE DR,1814,,,,,,,2,NONINCAPACITATING INJURY,1,0,0,1,0,1,0,13,5,9,41.91125039,-87.63300635,POINT (-87.633006350019 41.911250387148)
JC422415,,9/5/2019 13:30,10,UNKNOWN,UNKNOWN,CLEAR,DAYLIGHT,PARKED MOTOR VEHICLE,PARKING LOT,,STRAIGHT AND LEVEL,DRY,UNKNOWN,NOT ON SCENE (DESK REPORT),NO INJURY / DRIVE AWAY,,,Y,"OVER $1,500",9/6/2019 13:52,NOT APPLICABLE,NOT APPLICABLE,4559,N,BROADWAY,1914,,,,,,,2,NO INDICATION OF INJURY,0,0,0,0,0,1,0,13,5,9,41.96531018,-87.65725382,POINT (-87.6572538151 41.965310174656)
JC421419,,9/5/2019 13:30,30,TRAFFIC SIGNAL,FUNCTIONING PROPERLY,CLEAR,DAYLIGHT,REAR END,DIVIDED - W/MEDIAN (NOT RAISED),,STRAIGHT AND LEVEL,DRY,NO DEFECTS,NOT ON SCENE (DESK REPORT),NO INJURY / DRIVE AWAY,,,N,$500 OR LESS,9/5/2019 17:12,FOLLOWING TOO CLOSELY,NOT APPLICABLE,4757,N,WESTERN AVE,1911,,,,,,,2,NO INDICATION OF INJURY,0,0,0,0,0,2,0,13,5,9,41.96841243,-87.68875511,POINT (-87.688755111819 41.968412425893)
JC421204,,9/5/2019 13:30,30,NO CONTROLS,NO CONTROLS,CLEAR,DAYLIGHT,PEDESTRIAN,DIVIDED - W/MEDIAN (NOT RAISED),,STRAIGHT AND LEVEL,DRY,UNKNOWN,NOT ON SCENE (DESK REPORT),NO INJURY / DRIVE AWAY,,,Y,$500 OR LESS,9/5/2019 14:00,IMPROPER BACKING,NOT APPLICABLE,3958,N,CENTRAL AVE,1633,,,,,,,2,NO INDICATION OF INJURY,0,0,0,0,0,2,0,13,5,9,41.95313409,-87.76714491,POINT (-87.767144912562 41.953134092387)
JC421177,,9/5/2019 13:30,30,TRAFFIC SIGNAL,FUNCTIONING PROPERLY,CLEAR,DAYLIGHT,TURNING,NOT DIVIDED,,STRAIGHT AND LEVEL,DRY,UNKNOWN,NOT ON SCENE (DESK REPORT),NO INJURY / DRIVE AWAY,Y,,,"$501 - $1,500",9/5/2019 14:15,IMPROPER TURNING/NO SIGNAL,"VISION OBSCURED (SIGNS, TREE LIMBS, BUILDINGS, ETC.)",2600,S,KOSTNER AVE,1031,,,,,,,2,NO INDICATION OF INJURY,0,0,0,0,0,2,0,13,5,9,41.84401942,-87.73442573,POINT (-87.734425729972 41.844019421781)
JC421175,,9/5/2019 13:30,30,TRAFFIC SIGNAL,FUNCTIONING PROPERLY,CLEAR,DAYLIGHT,REAR END,NOT DIVIDED,,STRAIGHT AND LEVEL,DRY,NO DEFECTS,NOT ON SCENE (DESK REPORT),NO INJURY / DRIVE AWAY,,,Y,"$501 - $1,500",9/5/2019 13:55,UNABLE TO DETERMINE,UNABLE TO DETERMINE,1617,N,ASHLAND AVE,1433,,,,,,,3,NO INDICATION OF INJURY,0,0,0,0,0,3,0,13,5,9,41.9111754,-87.66755825,POINT (-87.667558244839 41.911175401417)
JC421179,,9/5/2019 13:27,30,NO CONTROLS,NO CONTROLS,CLEAR,DAYLIGHT,HEAD ON,NOT DIVIDED,,STRAIGHT AND LEVEL,DRY,NO DEFECTS,ON SCENE,INJURY AND / OR TOW DUE TO CRASH,Y,,,"OVER $1,500",9/5/2019 13:29,CELL PHONE USE OTHER THAN TEXTING,UNABLE TO DETERMINE,4700,W,HARRISON ST,1131,,,,,,,2,NONINCAPACITATING INJURY,2,0,0,2,0,0,0,13,5,9,41.87330922,-87.74269056,POINT (-87.742690558874 41.873309219345)
JC421624,,9/5/2019 13:25,30,TRAFFIC SIGNAL,FUNCTIONING PROPERLY,CLEAR,DAYLIGHT,TURNING,NOT DIVIDED,,STRAIGHT AND LEVEL,DRY,NO DEFECTS,,NO INJURY / DRIVE AWAY,Y,,Y,$500 OR LESS,9/5/2019 19:15,UNABLE TO DETERMINE,NOT APPLICABLE,2,N,LA SALLE ST,122,,,,,,,1,NO INDICATION OF INJURY,0,0,0,0,0,1,0,13,5,9,41.8819923,-87.63250663,POINT (-87.632506626701 41.881992298253)
JC421195,,9/5/2019 13:25,35,NO CONTROLS,NO CONTROLS,CLEAR,DAYLIGHT,SIDESWIPE OPPOSITE DIRECTION,NOT DIVIDED,,STRAIGHT AND LEVEL,DRY,NO DEFECTS,NOT ON SCENE (DESK REPORT),NO INJURY / DRIVE AWAY,,,,"$501 - $1,500",9/5/2019 14:20,UNABLE TO DETERMINE,UNABLE TO DETERMINE,3501,N,KILBOURN AVE,1731,,,,,,,2,NO INDICATION OF INJURY,0,0,0,0,0,2,0,13,5,9,41.94450485,-87.73951111,POINT (-87.739511109065 41.944504853272)
JC421330,Y,9/5/2019 13:19,35,NO CONTROLS,NO CONTROLS,CLEAR,DAYLIGHT,REAR END,NOT DIVIDED,,STRAIGHT AND LEVEL,DRY,NO DEFECTS,NOT ON SCENE (DESK REPORT),NO INJURY / DRIVE AWAY,,,Y,"$501 - $1,500",9/5/2019 16:10,UNABLE TO DETERMINE,UNABLE TO DETERMINE,3100,W,CORTLAND ST,1421,,,,,,,2,NO INDICATION OF INJURY,0,0,0,0,0,2,0,13,5,9,41.91569869,-87.70530828,POINT (-87.705308279123 41.915698685983)
JC421184,,9/5/2019 13:15,30,NO CONTROLS,NO CONTROLS,CLEAR,DAYLIGHT,SIDESWIPE SAME DIRECTION,NOT DIVIDED,,STRAIGHT AND LEVEL,DRY,NO DEFECTS,NOT ON SCENE (DESK REPORT),NO INJURY / DRIVE AWAY,,,,$500 OR LESS,9/5/2019 14:15,NOT APPLICABLE,NOT APPLICABLE,6858,S,WESTERN AVE,832,,,,,,,2,NO INDICATION OF INJURY,0,0,0,0,0,2,0,13,5,9,41.76842012,-87.68349303,POINT (-87.683493032482 41.768420118063)
JC421548,,9/5/2019 13:12,30,TRAFFIC SIGNAL,FUNCTIONING PROPERLY,CLEAR,DAYLIGHT,REAR END,DIVIDED - W/MEDIAN BARRIER,,STRAIGHT AND LEVEL,UNKNOWN,UNKNOWN,NOT ON SCENE (DESK REPORT),NO INJURY / DRIVE AWAY,,,,"$501 - $1,500",9/5/2019 18:08,FOLLOWING TOO CLOSELY,FOLLOWING TOO CLOSELY,980,N,MICHIGAN AVE,1833,,,,,,,2,NO INDICATION OF INJURY,0,0,0,0,0,4,0,13,5,9,41.90080165,-87.62427247,POINT (-87.62427246793 41.900801649452)
JC421169,,9/5/2019 13:10,30,NO CONTROLS,NO CONTROLS,CLEAR,DAWN,SIDESWIPE SAME DIRECTION,NOT DIVIDED,,STRAIGHT AND LEVEL,DRY,NO DEFECTS,NOT ON SCENE (DESK REPORT),NO INJURY / DRIVE AWAY,,,Y,"$501 - $1,500",9/5/2019 14:08,UNABLE TO DETERMINE,UNABLE TO DETERMINE,10,E,GRAND AVE,1834,,,,,,,2,NO INDICATION OF INJURY,0,0,0,0,0,2,0,13,5,9,41.89179146,-87.62765774,POINT (-87.6276577412 41.891791463112)
JC422726,,9/5/2019 13:00,30,NO CONTROLS,NO CONTROLS,CLEAR,DAYLIGHT,SIDESWIPE SAME DIRECTION,NOT DIVIDED,,STRAIGHT AND LEVEL,DRY,NO DEFECTS,NOT ON SCENE (DESK REPORT),NO INJURY / DRIVE AWAY,,,,"$501 - $1,500",9/6/2019 17:35,IMPROPER OVERTAKING/PASSING,NOT APPLICABLE,5739,N,NAGLE AVE,1622,,,,,,,2,NO INDICATION OF INJURY,0,0,0,0,0,2,0,13,5,9,41.98591023,-87.78753021,POINT (-87.787530206648 41.9859102255)
JC421400,,9/5/2019 13:00,30,NO CONTROLS,NO CONTROLS,CLEAR,DAYLIGHT,FIXED OBJECT,DIVIDED - W/MEDIAN BARRIER,,STRAIGHT AND LEVEL,DRY,"RUT, HOLES",NOT ON SCENE (DESK REPORT),NO INJURY / DRIVE AWAY,N,,,"OVER $1,500",9/5/2019 17:00,UNABLE TO DETERMINE,UNABLE TO DETERMINE,3308,S,WESTERN AVE,911,,,,,,,1,NO INDICATION OF INJURY,0,0,0,0,0,1,0,13,5,9,41.8336485,-87.6853367,POINT (-87.685336698444 41.833648502063)
JC421248,,9/5/2019 13:00,30,STOP SIGN/FLASHER,FUNCTIONING PROPERLY,CLEAR,DAYLIGHT,SIDESWIPE SAME DIRECTION,NOT DIVIDED,,STRAIGHT ON GRADE,DRY,NO DEFECTS,NOT ON SCENE (DESK REPORT),NO INJURY / DRIVE AWAY,Y,,,"$501 - $1,500",9/5/2019 15:14,UNABLE TO DETERMINE,UNABLE TO DETERMINE,40,W,WALTON ST,1832,,,,,,,2,NO INDICATION OF INJURY,0,0,0,0,0,3,0,13,5,9,41.90002283,-87.62978923,POINT (-87.629789225187 41.900022828704)
JC421132,,9/5/2019 13:00,30,TRAFFIC SIGNAL,FUNCTIONING PROPERLY,CLEAR,DAYLIGHT,REAR END,NOT DIVIDED,,STRAIGHT AND LEVEL,DRY,NO DEFECTS,NOT ON SCENE (DESK REPORT),INJURY AND / OR TOW DUE TO CRASH,Y,,,"$501 - $1,500",9/5/2019 13:27,FOLLOWING TOO CLOSELY,NOT APPLICABLE,2600,N,CICERO AVE,2521,,,,,,,2,"REPORTED, NOT EVIDENT",1,0,0,0,1,1,0,13,5,9,41.92791992,-87.7465929,POINT (-87.746592904471 41.927919922922)
JC421124,,9/5/2019 13:00,30,NO CONTROLS,NO CONTROLS,CLEAR,DAYLIGHT,PARKED MOTOR VEHICLE,DIVIDED - W/MEDIAN (NOT RAISED),,STRAIGHT AND LEVEL,DRY,NO DEFECTS,NOT ON SCENE (DESK REPORT),NO INJURY / DRIVE AWAY,,,,"$501 - $1,500",9/5/2019 13:23,DRIVING SKILLS/KNOWLEDGE/EXPERIENCE,NOT APPLICABLE,5629,W,63RD ST,812,,,,,,,2,NO INDICATION OF INJURY,0,0,0,0,0,1,0,13,5,9,41.77792054,-87.76280725,POINT (-87.762807247395 41.777920543043)
JC421150,,9/5/2019 12:55,30,TRAFFIC SIGNAL,FUNCTIONING PROPERLY,CLEAR,DAYLIGHT,SIDESWIPE SAME DIRECTION,ONE-WAY,,STRAIGHT AND LEVEL,DRY,NO DEFECTS,NOT ON SCENE (DESK REPORT),NO INJURY / DRIVE AWAY,,,N,"$501 - $1,500",9/5/2019 13:50,IMPROPER OVERTAKING/PASSING,UNABLE TO DETERMINE,1700,W,WASHINGTON BLVD,1224,,,,,,,2,NO INDICATION OF INJURY,0,0,0,0,0,2,0,12,5,9,41.88336801,-87.66939756,POINT (-87.669397563991 41.883368010761)
JC421137,,9/5/2019 12:54,30,NO CONTROLS,NO CONTROLS,CLEAR,DAYLIGHT,SIDESWIPE SAME DIRECTION,ONE-WAY,,STRAIGHT AND LEVEL,DRY,UNKNOWN,ON SCENE,NO INJURY / DRIVE AWAY,,,Y,"OVER $1,500",9/5/2019 12:58,IMPROPER LANE USAGE,DRIVING SKILLS/KNOWLEDGE/EXPERIENCE,388,W,ADAMS ST,122,,,,,,,2,NO INDICATION OF INJURY,0,0,0,0,0,2,0,12,5,9,41.87944563,-87.63805917,POINT (-87.6380591693 41.879445628224)
JC421313,,9/5/2019 12:45,30,NO CONTROLS,NO CONTROLS,CLEAR,DAYLIGHT,REAR END,NOT DIVIDED,,STRAIGHT AND LEVEL,DRY,NO DEFECTS,NOT ON SCENE (DESK REPORT),NO INJURY / DRIVE AWAY,,,,"$501 - $1,500",9/5/2019 15:57,NOT APPLICABLE,NOT APPLICABLE,3825,W,OGDEN AVE,1014,,,,,,,2,NO INDICATION OF INJURY,0,0,0,0,0,2,0,12,5,9,41.8522697,-87.72087872,POINT (-87.720878715831 41.852269703621)
JC421128,,9/5/2019 12:45,15,OTHER,OTHER,CLEAR,DAYLIGHT,REAR TO SIDE,PARKING LOT,,STRAIGHT AND LEVEL,DRY,NO DEFECTS,NOT ON SCENE (DESK REPORT),NO INJURY / DRIVE AWAY,,Y,,"$501 - $1,500",9/5/2019 13:30,FAILING TO YIELD RIGHT-OF-WAY,IMPROPER BACKING,1755,W,ADDISON ST,1922,,,,,,,2,NO INDICATION OF INJURY,0,0,0,0,0,4,0,12,5,9,41.94681874,-87.67356492,POINT (-87.673564918084 41.946818741778)
JC421091,,9/5/2019 12:33,25,TRAFFIC SIGNAL,FUNCTIONING PROPERLY,CLEAR,DAYLIGHT,PARKED MOTOR VEHICLE,ONE-WAY,,STRAIGHT AND LEVEL,DRY,NO DEFECTS,ON SCENE,NO INJURY / DRIVE AWAY,,,,"$501 - $1,500",9/5/2019 12:35,DRIVING SKILLS/KNOWLEDGE/EXPERIENCE,NOT APPLICABLE,6,E,VAN BUREN ST,113,,,,,,,2,NO INDICATION OF INJURY,0,0,0,0,0,3,0,12,5,9,41.87705202,-87.62743253,POINT (-87.627432525499 41.877052017852)
JC421461,Y,9/5/2019 12:30,20,NO CONTROLS,NO CONTROLS,CLEAR,DAYLIGHT,PARKED MOTOR VEHICLE,OTHER,,STRAIGHT AND LEVEL,DRY,NO DEFECTS,ON SCENE,INJURY AND / OR TOW DUE TO CRASH,,,Y,"OVER $1,500",9/5/2019 17:00,UNABLE TO DETERMINE,NOT APPLICABLE,1716,N,MARSHFIELD AVE,1433,,,,,,,2,NO INDICATION OF INJURY,0,0,0,0,0,1,0,12,5,9,41.9129767,-87.66912485,POINT (-87.669124846563 41.912976701631)
JC421145,,9/5/2019 12:30,30,NO CONTROLS,NO CONTROLS,CLEAR,DAYLIGHT,REAR END,PARKING LOT,,STRAIGHT AND LEVEL,DRY,NO DEFECTS,NOT ON SCENE (DESK REPORT),NO INJURY / DRIVE AWAY,,Y,,"$501 - $1,500",9/5/2019 13:45,NOT APPLICABLE,NOT APPLICABLE,7100,S,WESTERN AVE,832,,,,,,,2,NO INDICATION OF INJURY,0,0,0,0,0,2,0,12,5,9,41.76460891,-87.68338705,POINT (-87.683387053281 41.764608912236)