RD_NO,CRASH_DATE_EST_I,CRASH_DATE,POSTED_SPEED_LIMIT,TRAFFIC_CONTROL_DEVICE,DEVICE_CONDITION,WEATHER_CONDITION,LIGHTING_CONDITION,FIRST_CRASH_TYPE,TRAFFICWAY_TYPE,LANE_CNT,ALIGNMENT,ROADWAY_SURFACE_COND,ROAD_DEFECT,REPORT_TYPE,CRASH_TYPE,INTERSECTION_RELATED_I,NOT_RIGHT_OF_WAY_I,HIT_AND_RUN_I,DAMAGE,DATE_POLICE_NOTIFIED,PRIM_CONTRIBUTORY_CAUSE,SEC_CONTRIBUTORY_CAUSE,STREET_NO,STREET_DIRECTION,STREET_NAME,BEAT_OF_OCCURRENCE,PHOTOS_TAKEN_I,STATEMENTS_TAKEN_I,DOORING_I,WORK_ZONE_I,WORK_ZONE_TYPE,WORKERS_PRESENT_I,NUM_UNITS,MOST_SEVERE_INJURY,INJURIES_TOTAL,INJURIES_FATAL,INJURIES_INCAPACITATING,INJURIES_NON_INCAPACITATING,INJURIES_REPORTED_NOT_EVIDENT,INJURIES_NO_INDICATION,INJURIES_UNKNOWN,CRASH_HOUR,CRASH_DAY_OF_WEEK,CRASH_MONTH,LATITUDE,LONGITUDE,LOCATION
JC421119,,9/5/2019 12:30,15,NO CONTROLS,NO CONTROLS,CLEAR,DAYLIGHT,PARKED MOTOR VEHICLE,PARKING LOT,,STRAIGHT AND LEVEL,DRY,NO DEFECTS,ON SCENE,NO INJURY / DRIVE AWAY,,,Y,"OVER $1,500",9/5/2019 13:05,UNABLE TO DETERMINE,UNABLE TO DETERMINE,3552,W,ARMITAGE AVE,1413,,,,,,,2,NO INDICATION OF INJURY,0,0,0,0,0,1,0,12,5,9,41.91740411,-87.7156725,POINT (-87.715672502397 41.917404110754)
JC421088,,9/5/2019 12:15,30,NO CONTROLS,NO CONTROLS,CLEAR,DAYLIGHT,PARKED MOTOR VEHICLE,ONE-WAY,,STRAIGHT AND LEVEL,DRY,NO DEFECTS,NOT ON SCENE (DESK REPORT),NO INJURY / DRIVE AWAY,,,Y,"OVER $1,500",9/5/2019 12:40,CELL PHONE USE OTHER THAN TEXTING,NOT APPLICABLE,1653,W,CONGRESS PKWY,1231,,,,,,,2,NO INDICATION OF INJURY,0,0,0,0,0,1,0,12,5,9,41.87503334,-87.668753,POINT (-87.668753001303 41.875033341441)
JC421078,,9/5/2019 12:15,30,STOP SIGN/FLASHER,FUNCTIONING PROPERLY,CLEAR,DAYLIGHT,TURNING,DIVIDED - W/MEDIAN (NOT RAISED),,STRAIGHT AND LEVEL,DRY,NO DEFECTS,ON SCENE,INJURY AND / OR TOW DUE TO CRASH,Y,,,"OVER $1,500",9/5/2019 12:19,FAILING TO YIELD RIGHT-OF-WAY,UNABLE TO DETERMINE,706,W,LAKE ST,1214,,,,,,,3,"REPORTED, NOT EVIDENT",1,0,0,0,1,2,0,12,5,9,41.88579385,-87.64598281,POINT (-87.645982806687 41.885793851662)
JC421071,,9/5/2019 12:10,30,NO CONTROLS,NO CONTROLS,CLEAR,DAYLIGHT,PARKED MOTOR VEHICLE,OTHER,,STRAIGHT AND LEVEL,DRY,NO DEFECTS,NOT ON SCENE (DESK REPORT),NO INJURY / DRIVE AWAY,,,,$500 OR LESS,9/5/2019 12:12,UNABLE TO DETERMINE,NOT APPLICABLE,711,N,LEAVITT ST,1221,,,,,,,2,NO INDICATION OF INJURY,0,0,0,0,0,1,0,12,5,9,41.89440004,-87.68176365,POINT (-87.681763653063 41.894400037568)
JC421263,,9/5/2019 12:00,30,NO CONTROLS,NO CONTROLS,CLEAR,DAYLIGHT,REAR END,DIVIDED - W/MEDIAN (NOT RAISED),,STRAIGHT AND LEVEL,DRY,NO DEFECTS,NOT ON SCENE (DESK REPORT),NO INJURY / DRIVE AWAY,,,,"$501 - $1,500",9/5/2019 15:22,FOLLOWING TOO CLOSELY,DRIVING SKILLS/KNOWLEDGE/EXPERIENCE,4107,W,47TH ST,815,,,,,,,2,NO INDICATION OF INJURY,0,0,0,0,0,2,0,12,5,9,41.80772735,-87.72636657,POINT (-87.726366565475 41.807727346481)
JC421094,,9/5/2019 12:00,30,NO CONTROLS,UNKNOWN,CLEAR,DAYLIGHT,PEDALCYCLIST,DIVIDED - W/MEDIAN BARRIER,,STRAIGHT AND LEVEL,DRY,NO DEFECTS,ON SCENE,NO INJURY / DRIVE AWAY,,,,$500 OR LESS,9/5/2019 12:11,FAILING TO YIELD RIGHT-OF-WAY,FAILING TO YIELD RIGHT-OF-WAY,4324,W,CERMAK RD,1012,,,,,,,2,NO INDICATION OF INJURY,0,0,0,0,0,3,0,12,5,9,41.85152865,-87.73314129,POINT (-87.73314129288 41.851528648317)
JC421057,,9/5/2019 12:00,30,TRAFFIC SIGNAL,FUNCTIONING PROPERLY,CLEAR,DAYLIGHT,ANGLE,DIVIDED - W/MEDIAN (NOT RAISED),,STRAIGHT AND LEVEL,DRY,NO DEFECTS,ON SCENE,INJURY AND / OR TOW DUE TO CRASH,Y,,Y,"OVER $1,500",9/5/2019 12:11,DISREGARDING TRAFFIC SIGNALS,FAILING TO REDUCE SPEED TO AVOID CRASH,2500,S,PULASKI RD,1013,,,,,,,2,INCAPACITATING INJURY,2,0,2,0,0,2,0,12,5,9,41.84603757,-87.72476137,POINT (-87.724761370522 41.846037568964)
JC421048,,9/5/2019 12:00,30,NO CONTROLS,NO CONTROLS,CLEAR,DAYLIGHT,PARKED MOTOR VEHICLE,NOT DIVIDED,,STRAIGHT AND LEVEL,DRY,NO DEFECTS,ON SCENE,NO INJURY / DRIVE AWAY,,,,"OVER $1,500",9/5/2019 12:05,IMPROPER OVERTAKING/PASSING,FAILING TO REDUCE SPEED TO AVOID CRASH,5700,S,WOODLAWN AVE,235,,,,,,,2,NO INDICATION OF INJURY,0,0,0,0,0,1,0,12,5,9,41.79135357,-87.5966016,POINT (-87.596601603669 41.791353570933)
JC421512,,9/5/2019 11:50,30,NO CONTROLS,NO CONTROLS,CLEAR,DAYLIGHT,TURNING,NOT DIVIDED,,STRAIGHT AND LEVEL,DRY,NO DEFECTS,NOT ON SCENE (DESK REPORT),NO INJURY / DRIVE AWAY,,,,"$501 - $1,500",9/5/2019 17:50,FOLLOWING TOO CLOSELY,NOT APPLICABLE,8550,W,BRYN MAWR AVE,1614,,,,,,,2,NO INDICATION OF INJURY,0,0,0,0,0,2,0,11,5,9,41.98114396,-87.84108738,POINT (-87.841087374554 41.981143964083)
JC421036,N,9/5/2019 11:45,15,NO CONTROLS,NO CONTROLS,CLEAR,DAYLIGHT,OTHER OBJECT,PARKING LOT,,STRAIGHT AND LEVEL,DRY,NO DEFECTS,ON SCENE,NO INJURY / DRIVE AWAY,,,,"OVER $1,500",9/5/2019 12:00,UNABLE TO DETERMINE,NOT APPLICABLE,200,W,87TH ST,622,,Y,,,,,1,NO INDICATION OF INJURY,0,0,0,0,0,1,0,11,5,9,41.7362617,-87.62906472,POINT (-87.629064716425 41.736261699376)
JC421028,,9/5/2019 11:30,25,STOP SIGN/FLASHER,FUNCTIONING PROPERLY,CLEAR,DAYLIGHT,ANGLE,FOUR WAY,,STRAIGHT AND LEVEL,DRY,NO DEFECTS,ON SCENE,INJURY AND / OR TOW DUE TO CRASH,Y,,,"OVER $1,500",9/5/2019 11:40,UNABLE TO DETERMINE,NOT APPLICABLE,2531,S,CALIFORNIA AVE,1034,,,,,,,2,NO INDICATION OF INJURY,0,0,0,0,0,2,0,11,5,9,,,
JC421024,Y,9/5/2019 11:30,30,TRAFFIC SIGNAL,FUNCTIONING PROPERLY,CLEAR,DAYLIGHT,TURNING,DIVIDED - W/MEDIAN (NOT RAISED),,STRAIGHT AND LEVEL,DRY,NO DEFECTS,ON SCENE,NO INJURY / DRIVE AWAY,Y,,,"$501 - $1,500",9/5/2019 11:37,UNABLE TO DETERMINE,UNABLE TO DETERMINE,501,S,SACRAMENTO BLVD,1135,,,,,,,2,NO INDICATION OF INJURY,0,0,0,0,0,2,0,11,5,9,,,
JC421041,,9/5/2019 11:20,30,NO CONTROLS,NO CONTROLS,CLEAR,DAYLIGHT,SIDESWIPE SAME DIRECTION,NOT DIVIDED,,STRAIGHT AND LEVEL,DRY,NO DEFECTS,ON SCENE,INJURY AND / OR TOW DUE TO CRASH,,,,"OVER $1,500",9/5/2019 11:50,UNABLE TO DETERMINE,UNABLE TO DETERMINE,22,S,CENTRAL AVE,1513,,,,,,,2,NO INDICATION OF INJURY,0,0,0,0,0,2,0,11,5,9,41.8795534,-87.76498791,POINT (-87.764987909987 41.879553395028)
JC421182,,9/5/2019 11:15,30,TRAFFIC SIGNAL,FUNCTIONING PROPERLY,CLEAR,DAYLIGHT,ANGLE,DIVIDED - W/MEDIAN (NOT RAISED),,STRAIGHT AND LEVEL,DRY,NO DEFECTS,NOT ON SCENE (DESK REPORT),NO INJURY / DRIVE AWAY,N,,,"OVER $1,500",9/5/2019 14:10,IMPROPER BACKING,IMPROPER BACKING,5006,N,CLARK ST,2032,,,,,,,2,NO INDICATION OF INJURY,0,0,0,0,0,2,0,11,5,9,41.97273497,-87.66809767,POINT (-87.668097673964 41.972734968304)
JC421043,,9/5/2019 11:15,30,NO CONTROLS,NO CONTROLS,CLEAR,DAYLIGHT,SIDESWIPE SAME DIRECTION,NOT DIVIDED,,STRAIGHT AND LEVEL,DRY,NO DEFECTS,NOT ON SCENE (DESK REPORT),NO INJURY / DRIVE AWAY,,,,$500 OR LESS,9/5/2019 12:10,FOLLOWING TOO CLOSELY,FOLLOWING TOO CLOSELY,4800,W,MADISON ST,1533,,,,,,,2,NO INDICATION OF INJURY,0,0,0,0,0,2,0,11,5,9,41.88060622,-87.74540229,POINT (-87.745402285926 41.880606224313)
JC421011,,9/5/2019 11:15,30,NO CONTROLS,NO CONTROLS,CLEAR,DAYLIGHT,REAR TO SIDE,NOT DIVIDED,,STRAIGHT AND LEVEL,DRY,NO DEFECTS,ON SCENE,NO INJURY / DRIVE AWAY,Y,,,"$501 - $1,500",9/5/2019 12:00,IMPROPER BACKING,NOT APPLICABLE,1962,N,CLIFTON AVE,1811,,,,,,,2,NO INDICATION OF INJURY,0,0,0,0,0,2,0,11,5,9,41.91653274,-87.65752442,POINT (-87.657524418068 41.916532740701)
JC426018,,9/5/2019 11:00,15,NO CONTROLS,NO CONTROLS,UNKNOWN,DAYLIGHT,PARKED MOTOR VEHICLE,PARKING LOT,,STRAIGHT AND LEVEL,UNKNOWN,NO DEFECTS,ON SCENE,NO INJURY / DRIVE AWAY,,,Y,$500 OR LESS,9/9/2019 13:00,UNABLE TO DETERMINE,UNABLE TO DETERMINE,7971,S,CICERO AVE,834,,,,,,,2,NO INDICATION OF INJURY,0,0,0,0,0,1,0,11,5,9,41.747682,-87.74115727,POINT (-87.741157266283 41.74768199829)
JC421136,,9/5/2019 11:00,25,NO CONTROLS,NO CONTROLS,CLEAR,DAYLIGHT,PARKED MOTOR VEHICLE,NOT DIVIDED,,STRAIGHT AND LEVEL,DRY,NO DEFECTS,ON SCENE,NO INJURY / DRIVE AWAY,,,Y,"OVER $1,500",9/5/2019 13:05,UNABLE TO DETERMINE,NOT APPLICABLE,12508,S,WALLACE ST,523,,,,,,,2,NO INDICATION OF INJURY,0,0,0,0,0,1,0,11,5,9,41.66665647,-87.63686382,POINT (-87.636863816303 41.666656468369)
JC420998,,9/5/2019 11:00,30,NO CONTROLS,NO CONTROLS,CLEAR,DAYLIGHT,REAR TO FRONT,DIVIDED - W/MEDIAN (NOT RAISED),,STRAIGHT AND LEVEL,DRY,NO DEFECTS,ON SCENE,NO INJURY / DRIVE AWAY,,,,"$501 - $1,500",9/5/2019 11:40,UNABLE TO DETERMINE,UNABLE TO DETERMINE,6500,W,65TH ST,812,,,,,,,2,NO INDICATION OF INJURY,0,0,0,0,0,2,0,11,5,9,41.77408605,-87.78368422,POINT (-87.783684215818 41.77408604705)
JC420957,Y,9/5/2019 10:50,30,TRAFFIC SIGNAL,FUNCTIONING PROPERLY,CLEAR,DAYLIGHT,REAR END,DIVIDED - W/MEDIAN (NOT RAISED),,STRAIGHT AND LEVEL,DRY,NO DEFECTS,ON SCENE,NO INJURY / DRIVE AWAY,,,Y,"OVER $1,500",9/5/2019 11:03,NOT APPLICABLE,NOT APPLICABLE,3601,W,CHICAGO AVE,1112,,,,,,,2,NO INDICATION OF INJURY,0,0,0,0,0,2,0,10,5,9,41.8953505,-87.71637302,POINT (-87.716373016515 41.895350497341)
JC420929,,9/5/2019 10:45,30,TRAFFIC SIGNAL,FUNCTIONING PROPERLY,CLEAR,DAYLIGHT,TURNING,T-INTERSECTION,,STRAIGHT AND LEVEL,DRY,NO DEFECTS,ON SCENE,NO INJURY / DRIVE AWAY,Y,,,"$501 - $1,500",9/5/2019 10:52,FAILING TO YIELD RIGHT-OF-WAY,UNABLE TO DETERMINE,3759,S,KEDZIE AVE,911,,,,,,,2,NO INDICATION OF INJURY,0,0,0,0,0,2,0,10,5,9,41.82445178,-87.7043028,POINT (-87.704302797051 41.824451777357)
JC420951,,9/5/2019 10:42,30,TRAFFIC SIGNAL,FUNCTIONING PROPERLY,CLEAR,DAYLIGHT,REAR END,FOUR WAY,,STRAIGHT AND LEVEL,DRY,UNKNOWN,NOT ON SCENE (DESK REPORT),NO INJURY / DRIVE AWAY,,,,"OVER $1,500",9/5/2019 10:44,PHYSICAL CONDITION OF DRIVER,UNABLE TO DETERMINE,5759,N,MILWAUKEE AVE,1622,,,,,,,2,NO INDICATION OF INJURY,0,0,0,0,0,3,0,10,5,9,41.98623263,-87.77720366,POINT (-87.77720365696 41.986232626607)
JC420954,,9/5/2019 10:40,30,TRAFFIC SIGNAL,FUNCTIONING PROPERLY,CLEAR,DAYLIGHT,SIDESWIPE SAME DIRECTION,DIVIDED - W/MEDIAN (NOT RAISED),,STRAIGHT AND LEVEL,DRY,NO DEFECTS,NOT ON SCENE (DESK REPORT),NO INJURY / DRIVE AWAY,,,,$500 OR LESS,9/5/2019 11:10,UNABLE TO DETERMINE,UNABLE TO DETERMINE,333,S,STATE ST,113,,,,,,,2,NO INDICATION OF INJURY,0,0,0,0,0,2,0,10,5,9,41.87739694,-87.62751493,POINT (-87.627514931711 41.877396937036)
JC420941,,9/5/2019 10:35,30,NO CONTROLS,NO CONTROLS,CLEAR,DAYLIGHT,SIDESWIPE SAME DIRECTION,NOT DIVIDED,,STRAIGHT AND LEVEL,DRY,NO DEFECTS,NOT ON SCENE (DESK REPORT),NO INJURY / DRIVE AWAY,,,,"OVER $1,500",9/5/2019 10:55,UNABLE TO DETERMINE,UNABLE TO DETERMINE,3221,W,ADDISON ST,1733,,,,,,,2,NO INDICATION OF INJURY,0,0,0,0,0,2,0,10,5,9,41.94651372,-87.70879032,POINT (-87.708790321347 41.946513722061)
JC421027,,9/5/2019 10:30,10,NO CONTROLS,NO CONTROLS,CLEAR,DAYLIGHT,REAR END,OTHER,,STRAIGHT AND LEVEL,DRY,NO DEFECTS,NOT ON SCENE (DESK REPORT),NO INJURY / DRIVE AWAY,,Y,,$500 OR LESS,9/5/2019 11:45,UNABLE TO DETERMINE,UNABLE TO DETERMINE,1430,S,ASHLAND AVE,1233,,,,,,,2,NO INDICATION OF INJURY,0,0,0,0,0,4,0,10,5,9,41.86240243,-87.66641897,POINT (-87.666418968157 41.862402424927)
JC421023,,9/5/2019 10:30,10,NO CONTROLS,NO CONTROLS,CLEAR,DAYLIGHT,PARKED MOTOR VEHICLE,PARKING LOT,,STRAIGHT AND LEVEL,DRY,NO DEFECTS,NOT ON SCENE (DESK REPORT),NO INJURY / DRIVE AWAY,,,Y,"OVER $1,500",9/5/2019 11:43,UNABLE TO DETERMINE,UNABLE TO DETERMINE,3340,W,FILLMORE ST,1134,,,,,,,2,NO INDICATION OF INJURY,0,0,0,0,0,1,0,10,5,9,41.8682854,-87.70979986,POINT (-87.709799857895 41.86828539742)
JC420952,,9/5/2019 10:30,30,TRAFFIC SIGNAL,FUNCTIONING PROPERLY,CLEAR,DAYLIGHT,SIDESWIPE SAME DIRECTION,T-INTERSECTION,,STRAIGHT AND LEVEL,DRY,NO DEFECTS,ON SCENE,NO INJURY / DRIVE AWAY,Y,,,"OVER $1,500",9/5/2019 10:43,IMPROPER LANE USAGE,UNABLE TO DETERMINE,3901,S,KEDZIE AVE,921,,,,,,,2,NO INDICATION OF INJURY,0,0,0,0,0,3,0,10,5,9,41.8225154,-87.70431578,POINT (-87.704315782621 41.822515403741)
JC420921,,9/5/2019 10:24,30,NO CONTROLS,NO CONTROLS,CLEAR,DAYLIGHT,TURNING,NOT DIVIDED,,STRAIGHT AND LEVEL,DRY,NO DEFECTS,ON SCENE,INJURY AND / OR TOW DUE TO CRASH,Y,,,"OVER $1,500",9/5/2019 10:40,IMPROPER OVERTAKING/PASSING,NOT APPLICABLE,1300,E,63RD ST,314,,,,,,,2,NONINCAPACITATING INJURY,1,0,0,1,0,1,0,10,5,9,41.78064739,-87.59456912,POINT (-87.594569123449 41.780647393649)
JC422182,,9/5/2019 10:20,30,NO CONTROLS,NO CONTROLS,CLEAR,DAYLIGHT,FIXED OBJECT,NOT DIVIDED,,STRAIGHT AND LEVEL,DRY,NO DEFECTS,ON SCENE,NO INJURY / DRIVE AWAY,Y,,,"OVER $1,500",9/6/2019 10:25,UNABLE TO DETERMINE,UNABLE TO DETERMINE,1,W,63RD ST,312,,,,,,,1,NO INDICATION OF INJURY,0,0,0,0,0,1,0,10,5,9,41.77994815,-87.62542709,POINT (-87.625427084647 41.779948151941)
JC420915,,9/5/2019 10:20,30,STOP SIGN/FLASHER,FUNCTIONING PROPERLY,CLEAR,DAYLIGHT,TURNING,DIVIDED - W/MEDIAN BARRIER,,STRAIGHT AND LEVEL,DRY,NO DEFECTS,ON SCENE,INJURY AND / OR TOW DUE TO CRASH,Y,,,"OVER $1,500",9/5/2019 10:20,FAILING TO YIELD RIGHT-OF-WAY,"OPERATING VEHICLE IN ERRATIC, RECKLESS, CARELESS, NEGLIGENT OR AGGRESSIVE MANNER",1,E,13TH ST,131,,,,,,,2,NO INDICATION OF INJURY,0,0,0,0,0,2,0,10,5,9,41.86563353,-87.62734192,POINT (-87.627341917992 41.865633533388)
JC420902,,9/5/2019 10:20,35,TRAFFIC SIGNAL,FUNCTIONING PROPERLY,CLEAR,DAYLIGHT,ANGLE,FOUR WAY,,STRAIGHT AND LEVEL,DRY,NO DEFECTS,ON SCENE,INJURY AND / OR TOW DUE TO CRASH,,,,"OVER $1,500",9/5/2019 10:21,UNABLE TO DETERMINE,UNABLE TO DETERMINE,100,N,CICERO AVE,1532,,,,,,,2,NO INDICATION OF INJURY,0,0,0,0,0,5,0,10,5,9,41.88187971,-87.74548925,POINT (-87.745489247301 41.881879709916)
JC420897,,9/5/2019 10:16,30,NO CONTROLS,NO CONTROLS,CLEAR,DAYLIGHT,TURNING,DIVIDED - W/MEDIAN (NOT RAISED),,STRAIGHT AND LEVEL,DRY,NO DEFECTS,ON SCENE,NO INJURY / DRIVE AWAY,,,,"OVER $1,500",9/5/2019 10:16,UNABLE TO DETERMINE,UNABLE TO DETERMINE,7200,S,STONY ISLAND AVE,324,,,,,,,2,NO INDICATION OF INJURY,0,0,0,0,0,2,0,10,5,9,41.7641858,-87.58642639,POINT (-87.586426389081 41.764185795037)
JC427494,,9/5/2019 10:15,30,NO CONTROLS,NO CONTROLS,CLEAR,DAYLIGHT,PARKED MOTOR VEHICLE,NOT DIVIDED,,STRAIGHT AND LEVEL,UNKNOWN,UNKNOWN,NOT ON SCENE (DESK REPORT),NO INJURY / DRIVE AWAY,,,Y,"$501 - $1,500",9/10/2019 12:55,UNABLE TO DETERMINE,UNABLE TO DETERMINE,1142,W,BELMONT AVE,1924,,,,,,,2,NO INDICATION OF INJURY,0,0,0,0,0,1,0,10,5,9,41.93995997,-87.65823753,POINT (-87.658237529405 41.939959971256)
JC420923,,9/5/2019 10:15,30,NO CONTROLS,NO CONTROLS,CLEAR,DAYLIGHT,REAR TO SIDE,DIVIDED - W/MEDIAN BARRIER,,STRAIGHT AND LEVEL,DRY,NO DEFECTS,ON SCENE,INJURY AND / OR TOW DUE TO CRASH,,,,"OVER $1,500",9/5/2019 10:17,IMPROPER BACKING,UNABLE TO DETERMINE,4558,S,TROY ST,922,,,,,,,2,NONINCAPACITATING INJURY,1,0,0,1,0,1,0,10,5,9,41.81004665,-87.70296414,POINT (-87.702964135482 41.810046652736)
JC420899,,9/5/2019 10:10,25,NO CONTROLS,NO CONTROLS,CLEAR,DAYLIGHT,FIXED OBJECT,ALLEY,,STRAIGHT AND LEVEL,DRY,NO DEFECTS,ON SCENE,NO INJURY / DRIVE AWAY,,,,$500 OR LESS,9/5/2019 10:10,NOT APPLICABLE,NOT APPLICABLE,4614,N,LAVERGNE AVE,1623,,,,,,,1,NO INDICATION OF INJURY,0,0,0,0,0,1,0,10,5,9,41.96474887,-87.75269114,POINT (-87.752691143817 41.96474886693)
JC420910,,9/5/2019 10:08,30,NO CONTROLS,NO CONTROLS,CLEAR,DAYLIGHT,PARKED MOTOR VEHICLE,NOT DIVIDED,,STRAIGHT AND LEVEL,DRY,NO DEFECTS,ON SCENE,NO INJURY / DRIVE AWAY,,,,"OVER $1,500",9/5/2019 10:09,IMPROPER BACKING,UNABLE TO DETERMINE,5431,N,EAST RIVER RD,1614,,,,,,,2,NO INDICATION OF INJURY,0,0,0,0,0,1,0,10,5,9,41.97795547,-87.84631989,POINT (-87.846319888343 41.977955465241)
JC420932,,9/5/2019 10:06,35,NO CONTROLS,NO CONTROLS,CLEAR,DAYLIGHT,SIDESWIPE SAME DIRECTION,NOT DIVIDED,,STRAIGHT AND LEVEL,DRY,NO DEFECTS,ON SCENE,INJURY AND / OR TOW DUE TO CRASH,,,Y,"OVER $1,500",9/5/2019 10:07,IMPROPER LANE USAGE,UNABLE TO DETERMINE,1405,E,83RD ST,412,,,,,,,2,"REPORTED, NOT EVIDENT",1,0,0,0,1,1,0,10,5,9,41.74403339,-87.59022165,POINT (-87.590221651119 41.744033389416)
JC420912,,9/5/2019 9:56,30,NO CONTROLS,NO CONTROLS,CLEAR,DAYLIGHT,TURNING,NOT DIVIDED,,STRAIGHT AND LEVEL,DRY,NO DEFECTS,ON SCENE,NO INJURY / DRIVE AWAY,,,,"$501 - $1,500",9/5/2019 10:06,DISTRACTION - FROM OUTSIDE VEHICLE,NOT APPLICABLE,4100,W,76TH ST,833,,,,,,,2,NO INDICATION OF INJURY,0,0,0,0,0,2,0,9,5,9,41.7551635,-87.72455957,POINT (-87.724559570174 41.755163500032)
JC420872,,9/5/2019 9:34,30,TRAFFIC SIGNAL,FUNCTIONING PROPERLY,CLOUDY/OVERCAST,DAYLIGHT,ANGLE,ONE-WAY,,STRAIGHT AND LEVEL,DRY,NO DEFECTS,ON SCENE,INJURY AND / OR TOW DUE TO CRASH,Y,,,"OVER $1,500",9/5/2019 9:34,DISREGARDING TRAFFIC SIGNALS,NOT APPLICABLE,233,W,GARFIELD BLVD,711,,,,,,,2,NONINCAPACITATING INJURY,3,0,0,3,0,0,0,9,5,9,41.79406718,-87.6318366,POINT (-87.631836600921 41.794067181989)
JC420866,,9/5/2019 9:28,30,TRAFFIC SIGNAL,FUNCTIONING PROPERLY,CLEAR,DAYLIGHT,REAR END,NOT DIVIDED,,STRAIGHT AND LEVEL,DRY,NO DEFECTS,ON SCENE,INJURY AND / OR TOW DUE TO CRASH,,,,"OVER $1,500",9/5/2019 9:28,FAILING TO REDUCE SPEED TO AVOID CRASH,CELL PHONE USE OTHER THAN TEXTING,801,S,CICERO AVE,1131,,,,,,,2,NO INDICATION OF INJURY,0,0,0,0,0,2,0,9,5,9,41.87036638,-87.74475049,POINT (-87.744750492544 41.870366377658)
JC420849,,9/5/2019 9:26,30,TRAFFIC SIGNAL,FUNCTIONING PROPERLY,CLEAR,DAYLIGHT,ANGLE,DIVIDED - W/MEDIAN (NOT RAISED),,STRAIGHT AND LEVEL,DRY,NO DEFECTS,ON SCENE,INJURY AND / OR TOW DUE TO CRASH,Y,,,"OVER $1,500",9/5/2019 9:30,DISREGARDING TRAFFIC SIGNALS,DISTRACTION - FROM INSIDE VEHICLE,1000,S,DESPLAINES ST,124,,,,,,,2,NONINCAPACITATING INJURY,2,0,0,2,0,0,0,9,5,9,41.86965518,-87.6438859,POINT (-87.643885902073 41.86965518436)
JC422453,,9/5/2019 9:25,30,UNKNOWN,UNKNOWN,CLEAR,DAYLIGHT,SIDESWIPE SAME DIRECTION,ONE-WAY,,STRAIGHT AND LEVEL,DRY,UNKNOWN,NOT ON SCENE (DESK REPORT),NO INJURY / DRIVE AWAY,,,,"OVER $1,500",9/6/2019 14:20,IMPROPER LANE USAGE,ROAD CONSTRUCTION/MAINTENANCE,171,W,ADAMS ST,122,,,,Y,CONSTRUCTION,,2,NO INDICATION OF INJURY,0,0,0,0,0,3,0,9,5,9,41.87928466,-87.63291116,POINT (-87.632911162699 41.879284659507)
JC420888,Y,9/5/2019 9:15,30,NO CONTROLS,NO CONTROLS,CLEAR,DAYLIGHT,PARKED MOTOR VEHICLE,ONE-WAY,,STRAIGHT AND LEVEL,DRY,NO DEFECTS,NOT ON SCENE (DESK REPORT),NO INJURY / DRIVE AWAY,,,Y,"OVER $1,500",9/5/2019 10:00,UNABLE TO DETERMINE,UNABLE TO DETERMINE,1300,W,JACKSON BLVD,1231,,,,,,,2,NO INDICATION OF INJURY,0,0,0,0,0,1,0,9,5,9,41.8778586,-87.65957542,POINT (-87.659575419006 41.877858597417)
JC420944,,9/5/2019 9:13,30,NO CONTROLS,NO CONTROLS,CLEAR,DAYLIGHT,SIDESWIPE SAME DIRECTION,ONE-WAY,,STRAIGHT AND LEVEL,DRY,NO DEFECTS,NOT ON SCENE (DESK REPORT),NO INJURY / DRIVE AWAY,,,,"OVER $1,500",9/5/2019 10:30,IMPROPER LANE USAGE,NOT APPLICABLE,640,N,CLARK ST,1832,,,,,,,2,NO INDICATION OF INJURY,0,0,0,0,0,3,0,9,5,9,41.89362811,-87.63132377,POINT (-87.631323774133 41.893628111278)
JC420856,,9/5/2019 9:10,30,OTHER,NO CONTROLS,CLEAR,DAYLIGHT,REAR END,DIVIDED - W/MEDIAN BARRIER,,STRAIGHT AND LEVEL,DRY,NO DEFECTS,NOT ON SCENE (DESK REPORT),NO INJURY / DRIVE AWAY,,,,"OVER $1,500",9/5/2019 9:30,UNABLE TO DETERMINE,UNABLE TO DETERMINE,3900,N,ASHLAND AVE,1922,,,,,,,2,NO INDICATION OF INJURY,0,0,0,0,0,2,0,9,5,9,41.95255607,-87.6691488,POINT (-87.669148796688 41.9525560678)
JC420860,,9/5/2019 9:06,30,TRAFFIC SIGNAL,FUNCTIONING PROPERLY,CLEAR,DAYLIGHT,SIDESWIPE SAME DIRECTION,FOUR WAY,,STRAIGHT AND LEVEL,DRY,UNKNOWN,ON SCENE,NO INJURY / DRIVE AWAY,Y,,,"OVER $1,500",9/5/2019 9:07,FAILING TO REDUCE SPEED TO AVOID CRASH,NOT APPLICABLE,300,W,ADAMS ST,122,,,,,,,2,NO INDICATION OF INJURY,0,0,0,0,0,2,0,9,5,9,41.87947786,-87.63531103,POINT (-87.635311025689 41.879477859443)
JC420850,,9/5/2019 9:05,25,TRAFFIC SIGNAL,FUNCTIONING PROPERLY,CLEAR,DAYLIGHT,SIDESWIPE SAME DIRECTION,DIVIDED - W/MEDIAN BARRIER,,STRAIGHT AND LEVEL,DRY,NO DEFECTS,ON SCENE,NO INJURY / DRIVE AWAY,,,,"$501 - $1,500",9/5/2019 9:08,IMPROPER LANE USAGE,NOT APPLICABLE,105,S,MICHIGAN AVE,114,,,,,,,2,NO INDICATION OF INJURY,0,0,0,0,0,2,0,9,5,9,41.88066511,-87.6241977,POINT (-87.624197700981 41.880665109565)