RD_NO,CRASH_DATE_EST_I,CRASH_DATE,POSTED_SPEED_LIMIT,TRAFFIC_CONTROL_DEVICE,DEVICE_CONDITION,WEATHER_CONDITION,LIGHTING_CONDITION,FIRST_CRASH_TYPE,TRAFFICWAY_TYPE,LANE_CNT,ALIGNMENT,ROADWAY_SURFACE_COND,ROAD_DEFECT,REPORT_TYPE,CRASH_TYPE,INTERSECTION_RELATED_I,NOT_RIGHT_OF_WAY_I,HIT_AND_RUN_I,DAMAGE,DATE_POLICE_NOTIFIED,PRIM_CONTRIBUTORY_CAUSE,SEC_CONTRIBUTORY_CAUSE,STREET_NO,STREET_DIRECTION,STREET_NAME,BEAT_OF_OCCURRENCE,PHOTOS_TAKEN_I,STATEMENTS_TAKEN_I,DOORING_I,WORK_ZONE_I,WORK_ZONE_TYPE,WORKERS_PRESENT_I,NUM_UNITS,MOST_SEVERE_INJURY,INJURIES_TOTAL,INJURIES_FATAL,INJURIES_INCAPACITATING,INJURIES_NON_INCAPACITATING,INJURIES_REPORTED_NOT_EVIDENT,INJURIES_NO_INDICATION,INJURIES_UNKNOWN,CRASH_HOUR,CRASH_DAY_OF_WEEK,CRASH_MONTH,LATITUDE,LONGITUDE,LOCATION
JC420840,,9/5/2019 9:05,30,TRAFFIC SIGNAL,FUNCTIONING PROPERLY,CLEAR,DAYLIGHT,SIDESWIPE SAME DIRECTION,DIVIDED - W/MEDIAN (NOT RAISED),,STRAIGHT AND LEVEL,DRY,NO DEFECTS,ON SCENE,NO INJURY / DRIVE AWAY,Y,,,"OVER $1,500",9/5/2019 9:35,UNABLE TO DETERMINE,UNABLE TO DETERMINE,4300,S,CICERO AVE,814,,,,,,,2,NO INDICATION OF INJURY,0,0,0,0,0,2,0,9,5,9,41.81483675,-87.74350148,POINT (-87.743501480634 41.81483675036)
JC421017,Y,9/5/2019 9:00,25,STOP SIGN/FLASHER,FUNCTIONING PROPERLY,CLEAR,DAYLIGHT,PEDESTRIAN,NOT DIVIDED,,STRAIGHT AND LEVEL,DRY,NO DEFECTS,ON SCENE,NO INJURY / DRIVE AWAY,Y,,,$500 OR LESS,9/5/2019 11:33,UNABLE TO DETERMINE,UNABLE TO DETERMINE,3730,S,PAULINA ST,912,,,,,,,2,NO INDICATION OF INJURY,0,0,0,0,0,2,0,9,5,9,41.82586119,-87.66798629,POINT (-87.667986285862 41.825861193689)
JC420854,,9/5/2019 9:00,30,NO CONTROLS,NO CONTROLS,CLOUDY/OVERCAST,DAYLIGHT,PARKED MOTOR VEHICLE,DIVIDED - W/MEDIAN (NOT RAISED),,STRAIGHT AND LEVEL,DRY,UNKNOWN,NOT ON SCENE (DESK REPORT),NO INJURY / DRIVE AWAY,,,,"OVER $1,500",9/5/2019 9:30,IMPROPER LANE USAGE,UNABLE TO DETERMINE,5411,N,BROADWAY,2023,,,,,,,2,NO INDICATION OF INJURY,0,0,0,0,0,1,0,9,5,9,41.98034806,-87.65983191,POINT (-87.659831904566 41.980348062328)
JC420833,,9/5/2019 8:55,25,NO CONTROLS,NO CONTROLS,CLEAR,DAYLIGHT,REAR TO FRONT,NOT DIVIDED,,STRAIGHT AND LEVEL,DRY,NO DEFECTS,NOT ON SCENE (DESK REPORT),NO INJURY / DRIVE AWAY,Y,,,"$501 - $1,500",9/5/2019 9:12,IMPROPER BACKING,UNABLE TO DETERMINE,511,W,DIVISION ST,1823,,,,,,,2,NO INDICATION OF INJURY,0,0,0,0,0,2,0,8,5,9,41.90363084,-87.64168743,POINT (-87.641687431939 41.903630840413)
JC420844,,9/5/2019 8:48,30,NO CONTROLS,NO CONTROLS,CLEAR,DAYLIGHT,PARKED MOTOR VEHICLE,ONE-WAY,,STRAIGHT AND LEVEL,DRY,NO DEFECTS,ON SCENE,NO INJURY / DRIVE AWAY,,,,"OVER $1,500",9/5/2019 9:34,IMPROPER LANE USAGE,IMPROPER LANE USAGE,956,N,TRUMBULL AVE,1121,,,,,,,4,NO INDICATION OF INJURY,0,0,0,0,0,1,0,8,5,9,41.89898883,-87.71291801,POINT (-87.712918006714 41.898988830409)
JC420818,,9/5/2019 8:48,30,TRAFFIC SIGNAL,FUNCTIONING PROPERLY,CLEAR,DAYLIGHT,ANGLE,FOUR WAY,,STRAIGHT AND LEVEL,DRY,UNKNOWN,ON SCENE,INJURY AND / OR TOW DUE TO CRASH,Y,,,"OVER $1,500",9/5/2019 8:51,DISREGARDING TRAFFIC SIGNALS,"DISTRACTION - OTHER ELECTRONIC DEVICE (NAVIGATION DEVICE, DVD PLAYER, ETC.)",4100,W,IRVING PARK RD,1722,,,,,,,2,NO INDICATION OF INJURY,0,0,0,0,0,2,0,8,5,9,41.95374332,-87.72925407,POINT (-87.729254067147 41.953743321298)
JC420847,,9/5/2019 8:45,30,NO CONTROLS,NO CONTROLS,CLEAR,DAYLIGHT,SIDESWIPE SAME DIRECTION,NOT DIVIDED,,STRAIGHT AND LEVEL,DRY,NO DEFECTS,NOT ON SCENE (DESK REPORT),NO INJURY / DRIVE AWAY,,,Y,"$501 - $1,500",9/5/2019 9:40,DRIVING SKILLS/KNOWLEDGE/EXPERIENCE,UNABLE TO DETERMINE,284,E,75TH ST,323,,,,,,,2,NO INDICATION OF INJURY,0,0,0,0,0,2,0,8,5,9,41.75845943,-87.61838999,POINT (-87.618389986428 41.758459425572)
JC420806,,9/5/2019 8:35,30,STOP SIGN/FLASHER,NO CONTROLS,CLEAR,DAYLIGHT,FIXED OBJECT,NOT DIVIDED,,STRAIGHT AND LEVEL,DRY,NO DEFECTS,ON SCENE,INJURY AND / OR TOW DUE TO CRASH,,,,"OVER $1,500",9/5/2019 8:38,UNABLE TO DETERMINE,NOT APPLICABLE,3158,W,81ST ST,835,,,,,,,1,NONINCAPACITATING INJURY,1,0,0,1,0,0,0,8,5,9,41.74626233,-87.70223435,POINT (-87.702234348583 41.746262330616)
JC420823,N,9/5/2019 8:30,25,NO CONTROLS,NO CONTROLS,CLEAR,DAYLIGHT,PARKED MOTOR VEHICLE,NOT DIVIDED,,STRAIGHT AND LEVEL,DRY,NO DEFECTS,ON SCENE,NO INJURY / DRIVE AWAY,,,Y,"OVER $1,500",9/5/2019 8:58,UNABLE TO DETERMINE,NOT APPLICABLE,6130,W,SCHUBERT AVE,2512,,,,,,,2,NO INDICATION OF INJURY,0,0,0,0,0,1,0,8,5,9,41.92936677,-87.77961341,POINT (-87.779613408125 41.929366768996)
JC420812,,9/5/2019 8:30,30,POLICE/FLAGMAN,NO CONTROLS,CLOUDY/OVERCAST,DAYLIGHT,REAR END,DIVIDED - W/MEDIAN (NOT RAISED),,STRAIGHT AND LEVEL,DRY,UNKNOWN,NOT ON SCENE (DESK REPORT),INJURY AND / OR TOW DUE TO CRASH,,,,"OVER $1,500",9/5/2019 8:57,FOLLOWING TOO CLOSELY,UNABLE TO DETERMINE,4059,N,WESTERN AVE,1911,,,,,,,2,"REPORTED, NOT EVIDENT",1,0,0,0,1,1,0,8,5,9,41.95580364,-87.6883722,POINT (-87.688372199297 41.955803636095)
JC420798,,9/5/2019 8:25,30,PEDESTRIAN CROSSING SIGN,FUNCTIONING PROPERLY,CLOUDY/OVERCAST,DAYLIGHT,REAR END,DIVIDED - W/MEDIAN BARRIER,,STRAIGHT AND LEVEL,DRY,NO DEFECTS,ON SCENE,NO INJURY / DRIVE AWAY,,,Y,"OVER $1,500",9/5/2019 8:30,FOLLOWING TOO CLOSELY,DRIVING SKILLS/KNOWLEDGE/EXPERIENCE,6400,S,HALSTED ST,723,,,,,,,2,NO INDICATION OF INJURY,0,0,0,0,0,2,0,8,5,9,41.77785482,-87.64488313,POINT (-87.644883127349 41.777854815285)
JC420795,,9/5/2019 8:15,35,STOP SIGN/FLASHER,FUNCTIONING PROPERLY,CLOUDY/OVERCAST,DAYLIGHT,TURNING,Y-INTERSECTION,,STRAIGHT AND LEVEL,DRY,NO DEFECTS,NOT ON SCENE (DESK REPORT),NO INJURY / DRIVE AWAY,,,,"OVER $1,500",9/5/2019 8:40,UNABLE TO DETERMINE,UNABLE TO DETERMINE,13500,S,BALTIMORE AVE,433,,,,,,,2,NO INDICATION OF INJURY,0,0,0,0,0,2,0,8,5,9,41.64993178,-87.54731009,POINT (-87.547310086085 41.649931776289)
JC420791,,9/5/2019 8:15,30,NO CONTROLS,NO CONTROLS,CLEAR,DAYLIGHT,SIDESWIPE SAME DIRECTION,DIVIDED - W/MEDIAN BARRIER,,STRAIGHT AND LEVEL,DRY,NO DEFECTS,ON SCENE,NO INJURY / DRIVE AWAY,,,Y,"$501 - $1,500",9/5/2019 8:20,DRIVING SKILLS/KNOWLEDGE/EXPERIENCE,UNABLE TO DETERMINE,1934,W,95TH ST,2221,,,,,,,2,NO INDICATION OF INJURY,0,0,0,0,0,2,0,8,5,9,41.72120368,-87.67118726,POINT (-87.671187258155 41.721203680263)
JC421582,,9/5/2019 8:10,30,TRAFFIC SIGNAL,FUNCTIONING PROPERLY,CLEAR,DAYLIGHT,SIDESWIPE SAME DIRECTION,DIVIDED - W/MEDIAN BARRIER,,STRAIGHT AND LEVEL,DRY,NO DEFECTS,NOT ON SCENE (DESK REPORT),NO INJURY / DRIVE AWAY,,,,"OVER $1,500",9/5/2019 17:45,UNABLE TO DETERMINE,UNABLE TO DETERMINE,6100,N,LINCOLN AVE,1711,,,,,,,2,NO INDICATION OF INJURY,0,0,0,0,0,2,0,8,5,9,41.99290771,-87.71170578,POINT (-87.711705782475 41.992907710051)
JC421302,,9/5/2019 8:04,30,TRAFFIC SIGNAL,FUNCTIONING PROPERLY,CLEAR,DAYLIGHT,REAR END,FOUR WAY,,STRAIGHT AND LEVEL,DRY,NO DEFECTS,NOT ON SCENE (DESK REPORT),NO INJURY / DRIVE AWAY,Y,,,"$501 - $1,500",9/5/2019 15:45,UNABLE TO DETERMINE,NOT APPLICABLE,1002,N,CENTRAL AVE,1511,,,,,,,2,NO INDICATION OF INJURY,0,0,0,0,0,2,0,8,5,9,41.89859908,-87.765675,POINT (-87.765674994798 41.898599075474)
JC420785,,9/5/2019 8:04,20,NO CONTROLS,NO CONTROLS,CLEAR,DAYLIGHT,SIDESWIPE SAME DIRECTION,ONE-WAY,,STRAIGHT AND LEVEL,DRY,NO DEFECTS,ON SCENE,NO INJURY / DRIVE AWAY,,,,"$501 - $1,500",9/5/2019 8:06,NOT APPLICABLE,NOT APPLICABLE,2128,N,LONG AVE,2515,,,,,,,2,NO INDICATION OF INJURY,0,0,0,0,0,3,0,8,5,9,41.91950052,-87.76106691,POINT (-87.76106690868 41.919500515542)
JC420780,,9/5/2019 8:04,30,STOP SIGN/FLASHER,FUNCTIONING PROPERLY,CLEAR,DAYLIGHT,PEDALCYCLIST,DIVIDED - W/MEDIAN (NOT RAISED),,STRAIGHT AND LEVEL,DRY,NO DEFECTS,ON SCENE,INJURY AND / OR TOW DUE TO CRASH,,,,$500 OR LESS,9/5/2019 8:19,FAILING TO YIELD RIGHT-OF-WAY,IMPROPER TURNING/NO SIGNAL,3164,N,MILWAUKEE AVE,2523,,,,,,,2,NONINCAPACITATING INJURY,1,0,0,1,0,1,0,8,5,9,41.93829572,-87.72277657,POINT (-87.722776570813 41.9382957238)
JC421186,,9/5/2019 8:03,30,UNKNOWN,UNKNOWN,CLEAR,DAYLIGHT,OTHER OBJECT,DIVIDED - W/MEDIAN BARRIER,,STRAIGHT AND LEVEL,UNKNOWN,OTHER,NOT ON SCENE (DESK REPORT),NO INJURY / DRIVE AWAY,,,,"$501 - $1,500",9/5/2019 14:07,ROAD CONSTRUCTION/MAINTENANCE,ROAD CONSTRUCTION/MAINTENANCE,1070,W,BRYN MAWR AVE,2022,,,,Y,CONSTRUCTION,Y,1,NO INDICATION OF INJURY,0,0,0,0,0,1,0,8,5,9,41.98376891,-87.6579386,POINT (-87.657938604348 41.983768913451)
JC423415,,9/5/2019 8:00,30,NO CONTROLS,NO CONTROLS,CLEAR,DAYLIGHT,SIDESWIPE SAME DIRECTION,NOT DIVIDED,,STRAIGHT AND LEVEL,DRY,NO DEFECTS,NOT ON SCENE (DESK REPORT),NO INJURY / DRIVE AWAY,,,,"OVER $1,500",9/7/2019 9:30,IMPROPER LANE USAGE,DISREGARDING ROAD MARKINGS,858,S,STATE ST,123,,,,,,,2,NO INDICATION OF INJURY,0,0,0,0,0,2,0,8,5,9,41.8710628,-87.62765329,POINT (-87.627653289254 41.871062804464)
JC420997,,9/5/2019 8:00,30,NO CONTROLS,NO CONTROLS,CLEAR,DAYLIGHT,SIDESWIPE SAME DIRECTION,NOT DIVIDED,,STRAIGHT AND LEVEL,DRY,NO DEFECTS,NOT ON SCENE (DESK REPORT),NO INJURY / DRIVE AWAY,,,,"$501 - $1,500",9/5/2019 11:39,IMPROPER OVERTAKING/PASSING,NOT APPLICABLE,4399,W,63RD ST,813,,,,,,,2,NO INDICATION OF INJURY,0,0,0,0,0,2,0,8,5,9,41.77843439,-87.73246268,POINT (-87.732462675803 41.778434393049)
JC420825,Y,9/5/2019 8:00,25,NO CONTROLS,NO CONTROLS,CLEAR,UNKNOWN,PARKED MOTOR VEHICLE,ONE-WAY,,STRAIGHT AND LEVEL,DRY,NO DEFECTS,ON SCENE,NO INJURY / DRIVE AWAY,,,Y,"$501 - $1,500",9/5/2019 8:58,UNABLE TO DETERMINE,NOT APPLICABLE,2745,N,MANGO AVE,2514,,,,,,,2,NO INDICATION OF INJURY,0,0,0,0,0,1,0,8,5,9,41.93074115,-87.7697279,POINT (-87.769727895521 41.930741154183)
JC420800,,9/5/2019 8:00,30,TRAFFIC SIGNAL,FUNCTIONING PROPERLY,CLOUDY/OVERCAST,DAYLIGHT,REAR END,NOT DIVIDED,,STRAIGHT AND LEVEL,DRY,NO DEFECTS,ON SCENE,NO INJURY / DRIVE AWAY,Y,,,$500 OR LESS,9/5/2019 8:07,DRIVING SKILLS/KNOWLEDGE/EXPERIENCE,NOT APPLICABLE,4900,S,WESTERN AVE,923,,,,,,,3,NO INDICATION OF INJURY,0,0,0,0,0,3,0,8,5,9,41.80464125,-87.68451691,POINT (-87.684516905411 41.804641245012)
JC420790,,9/5/2019 8:00,30,TRAFFIC SIGNAL,FUNCTIONING PROPERLY,CLEAR,DAYLIGHT,TURNING,OTHER,,STRAIGHT AND LEVEL,DRY,NO DEFECTS,NOT ON SCENE (DESK REPORT),NO INJURY / DRIVE AWAY,,,,"OVER $1,500",9/5/2019 8:20,UNABLE TO DETERMINE,NOT APPLICABLE,1600,E,103RD ST,431,,,,,,,2,NO INDICATION OF INJURY,0,0,0,0,0,2,0,8,5,9,41.70789989,-87.58482289,POINT (-87.584822888781 41.707899886453)
JC421315,,9/5/2019 7:48,20,STOP SIGN/FLASHER,OTHER,CLEAR,DAYLIGHT,SIDESWIPE OPPOSITE DIRECTION,ONE-WAY,,STRAIGHT AND LEVEL,DRY,NO DEFECTS,NOT ON SCENE (DESK REPORT),NO INJURY / DRIVE AWAY,,,Y,"OVER $1,500",9/5/2019 16:00,IMPROPER BACKING,FAILING TO YIELD RIGHT-OF-WAY,2851,N,SEMINARY AVE,1933,,,,,,,2,NO INDICATION OF INJURY,0,0,0,0,0,3,0,7,5,9,41.93412004,-87.65619168,POINT (-87.656191674538 41.934120040407)
JC421191,,9/5/2019 7:45,30,NO CONTROLS,NO CONTROLS,CLEAR,DAYLIGHT,SIDESWIPE SAME DIRECTION,NOT DIVIDED,,STRAIGHT AND LEVEL,DRY,NO DEFECTS,NOT ON SCENE (DESK REPORT),NO INJURY / DRIVE AWAY,,,,"OVER $1,500",9/5/2019 14:14,IMPROPER LANE USAGE,UNABLE TO DETERMINE,1500,W,MADISON ST,1224,,,,,,,2,NO INDICATION OF INJURY,0,0,0,0,0,2,0,7,5,9,41.88159606,-87.66450658,POINT (-87.664506574704 41.881596057292)
JC420835,,9/5/2019 7:45,30,NO CONTROLS,NO CONTROLS,CLEAR,DAYLIGHT,PARKED MOTOR VEHICLE,NOT DIVIDED,,STRAIGHT AND LEVEL,DRY,NO DEFECTS,ON SCENE,NO INJURY / DRIVE AWAY,,,,$500 OR LESS,9/5/2019 7:55,UNABLE TO DETERMINE,UNABLE TO DETERMINE,1030,W,DIVISION ST,1822,,,,,,,2,NO INDICATION OF INJURY,0,0,0,0,0,2,0,7,5,9,41.90366842,-87.65369936,POINT (-87.653699363657 41.903668417727)
JC420797,,9/5/2019 7:45,30,NO CONTROLS,NO CONTROLS,CLOUDY/OVERCAST,DAYLIGHT,SIDESWIPE SAME DIRECTION,NOT DIVIDED,,STRAIGHT AND LEVEL,DRY,NO DEFECTS,NOT ON SCENE (DESK REPORT),NO INJURY / DRIVE AWAY,,,Y,"OVER $1,500",9/5/2019 8:26,IMPROPER OVERTAKING/PASSING,IMPROPER LANE USAGE,9727,S,BEVERLY AVE,2213,,,,,,,2,NO INDICATION OF INJURY,0,0,0,0,0,2,0,7,5,9,41.71692346,-87.66093754,POINT (-87.660937543103 41.716923461549)
JC422305,,9/5/2019 7:44,30,NO CONTROLS,NO CONTROLS,CLEAR,DAYLIGHT,SIDESWIPE SAME DIRECTION,ONE-WAY,,STRAIGHT AND LEVEL,DRY,NO DEFECTS,NOT ON SCENE (DESK REPORT),NO INJURY / DRIVE AWAY,,,,"OVER $1,500",9/6/2019 12:15,UNABLE TO DETERMINE,NOT APPLICABLE,2851,N,SEMINARY AVE,1933,,,,,,,2,NO INDICATION OF INJURY,0,0,0,0,0,2,0,7,5,9,41.93412004,-87.65619168,POINT (-87.656191674538 41.934120040407)
JC420801,,9/5/2019 7:42,30,STOP SIGN/FLASHER,FUNCTIONING PROPERLY,CLEAR,DAYLIGHT,TURNING,NOT DIVIDED,,STRAIGHT AND LEVEL,DRY,NO DEFECTS,ON SCENE,NO INJURY / DRIVE AWAY,Y,,N,"$501 - $1,500",9/5/2019 8:28,DRIVING SKILLS/KNOWLEDGE/EXPERIENCE,IMPROPER OVERTAKING/PASSING,4000,S,CALIFORNIA AVE,921,,,,,,,2,NO INDICATION OF INJURY,0,0,0,0,0,4,0,7,5,9,41.82097856,-87.69474563,POINT (-87.694745631653 41.82097855742)
JC420763,,9/5/2019 7:39,30,NO CONTROLS,NO CONTROLS,CLEAR,DAYLIGHT,REAR TO FRONT,NOT DIVIDED,,STRAIGHT AND LEVEL,DRY,NO DEFECTS,ON SCENE,NO INJURY / DRIVE AWAY,,,,$500 OR LESS,9/5/2019 7:39,UNABLE TO DETERMINE,UNABLE TO DETERMINE,910,S,KEELER AVE,1132,,,,,,,2,NO INDICATION OF INJURY,0,0,0,0,0,3,0,7,5,9,41.86959243,-87.73033398,POINT (-87.730333974969 41.869592425261)
JC426014,,9/5/2019 7:30,35,NO CONTROLS,NO CONTROLS,CLEAR,DAYLIGHT,SIDESWIPE SAME DIRECTION,ONE-WAY,,STRAIGHT AND LEVEL,DRY,NO DEFECTS,NOT ON SCENE (DESK REPORT),NO INJURY / DRIVE AWAY,,,Y,$500 OR LESS,9/9/2019 12:13,UNABLE TO DETERMINE,UNABLE TO DETERMINE,3035,S,LA SALLE ST,914,,,,,,,,,,,,,,,,7,5,9,41.83847545,-87.62988131,POINT (-87.629881308287 41.838475448119)
JC420789,,9/5/2019 7:30,30,TRAFFIC SIGNAL,FUNCTIONING PROPERLY,CLEAR,DAYLIGHT,REAR END,NOT DIVIDED,,STRAIGHT AND LEVEL,DRY,NO DEFECTS,NOT ON SCENE (DESK REPORT),NO INJURY / DRIVE AWAY,Y,,,"OVER $1,500",9/5/2019 8:26,FAILING TO REDUCE SPEED TO AVOID CRASH,DISTRACTION - FROM INSIDE VEHICLE,900,W,ROOSEVELT RD,1232,,,,,,,2,NO INDICATION OF INJURY,0,0,0,0,0,2,0,7,5,9,41.86722662,-87.64916349,POINT (-87.649163485157 41.867226621531)
JC420762,,9/5/2019 7:30,30,NO CONTROLS,NO CONTROLS,CLEAR,DAYLIGHT,SIDESWIPE SAME DIRECTION,NOT DIVIDED,,STRAIGHT AND LEVEL,DRY,NO DEFECTS,ON SCENE,INJURY AND / OR TOW DUE TO CRASH,,,,"OVER $1,500",9/5/2019 7:35,IMPROPER OVERTAKING/PASSING,NOT APPLICABLE,4228,W,ADDISON ST,1731,,,,,,,3,NONINCAPACITATING INJURY,1,0,0,1,0,3,0,7,5,9,41.94640573,-87.73350381,POINT (-87.733503809235 41.946405727723)
JC421283,,9/5/2019 7:25,30,TRAFFIC SIGNAL,FUNCTIONING PROPERLY,CLEAR,DAYLIGHT,TURNING,DIVIDED - W/MEDIAN (NOT RAISED),,STRAIGHT AND LEVEL,DRY,UNKNOWN,NOT ON SCENE (DESK REPORT),NO INJURY / DRIVE AWAY,,,,"$501 - $1,500",9/5/2019 15:40,UNABLE TO DETERMINE,UNABLE TO DETERMINE,6160,N,LINCOLN AVE,1711,,,,,,,2,NO INDICATION OF INJURY,0,0,0,0,0,2,0,7,5,9,41.99402794,-87.71352801,POINT (-87.713528008419 41.994027942755)
JC420772,,9/5/2019 7:25,10,NO CONTROLS,NO CONTROLS,CLEAR,DAYLIGHT,ANGLE,PARKING LOT,,STRAIGHT AND LEVEL,DRY,NO DEFECTS,NOT ON SCENE (DESK REPORT),NO INJURY / DRIVE AWAY,,,,"OVER $1,500",9/5/2019 8:22,IMPROPER BACKING,IMPROPER BACKING,5893,S,ARCHER AVE,811,,,,,,,2,NO INDICATION OF INJURY,0,0,0,0,0,2,0,7,5,9,41.79557225,-87.76251629,POINT (-87.762516294322 41.795572249211)
JC420776,,9/5/2019 7:20,30,NO CONTROLS,NO CONTROLS,CLEAR,DAYLIGHT,SIDESWIPE SAME DIRECTION,ONE-WAY,,STRAIGHT AND LEVEL,DRY,NO DEFECTS,NOT ON SCENE (DESK REPORT),NO INJURY / DRIVE AWAY,,,,"$501 - $1,500",9/5/2019 8:10,UNABLE TO DETERMINE,UNABLE TO DETERMINE,151,W,ADAMS ST,122,,,,,,,2,NO INDICATION OF INJURY,0,0,0,0,0,2,0,7,5,9,41.87929007,-87.63236273,POINT (-87.6323627253 41.879290073296)
JC420766,,9/5/2019 7:20,30,TRAFFIC SIGNAL,FUNCTIONING PROPERLY,CLEAR,DAYLIGHT,REAR END,DIVIDED - W/MEDIAN (NOT RAISED),,STRAIGHT AND LEVEL,DRY,NO DEFECTS,NOT ON SCENE (DESK REPORT),NO INJURY / DRIVE AWAY,,,Y,$500 OR LESS,9/5/2019 8:05,FOLLOWING TOO CLOSELY,NOT APPLICABLE,5101,S,KEDZIE AVE,923,,,,,,,2,NO INDICATION OF INJURY,0,0,0,0,0,4,0,7,5,9,41.80073146,-87.70361687,POINT (-87.703616874333 41.800731461185)
JC420750,,9/5/2019 7:20,30,NO CONTROLS,NO CONTROLS,CLEAR,DAYLIGHT,REAR END,NOT DIVIDED,,STRAIGHT AND LEVEL,DRY,NO DEFECTS,NOT ON SCENE (DESK REPORT),NO INJURY / DRIVE AWAY,,,,"$501 - $1,500",9/5/2019 7:40,FOLLOWING TOO CLOSELY,NOT APPLICABLE,3668,W,ROOSEVELT RD,1133,,,,,,,2,NO INDICATION OF INJURY,0,0,0,0,0,2,0,7,5,9,41.8663798,-87.7177955,POINT (-87.717795495532 41.866379798404)
JC420745,,9/5/2019 7:20,35,RAILROAD CROSSING GATE,FUNCTIONING PROPERLY,CLEAR,DAWN,REAR END,NOT DIVIDED,,STRAIGHT ON GRADE,DRY,NO DEFECTS,ON SCENE,NO INJURY / DRIVE AWAY,,,,$500 OR LESS,9/5/2019 7:22,FOLLOWING TOO CLOSELY,NOT APPLICABLE,1622,W,MONTEREY AVE,2234,,,,,,,2,NO INDICATION OF INJURY,0,0,0,0,0,2,0,7,5,9,41.68957477,-87.66272315,POINT (-87.66272314558 41.689574769193)
JC420740,,9/5/2019 7:20,30,STOP SIGN/FLASHER,FUNCTIONING PROPERLY,CLEAR,DAYLIGHT,TURNING,DIVIDED - W/MEDIAN (NOT RAISED),,STRAIGHT AND LEVEL,DRY,NO DEFECTS,ON SCENE,NO INJURY / DRIVE AWAY,Y,,,"OVER $1,500",9/5/2019 7:25,IMPROPER OVERTAKING/PASSING,DRIVING SKILLS/KNOWLEDGE/EXPERIENCE,300,E,47TH ST,215,,,,,,,2,NO INDICATION OF INJURY,0,0,0,0,0,5,0,7,5,9,41.80944685,-87.61952409,POINT (-87.619524087226 41.809446853655)
JC420768,,9/5/2019 7:15,30,TRAFFIC SIGNAL,FUNCTIONING PROPERLY,CLEAR,DAYLIGHT,SIDESWIPE SAME DIRECTION,DIVIDED - W/MEDIAN (NOT RAISED),,STRAIGHT AND LEVEL,DRY,UNKNOWN,ON SCENE,NO INJURY / DRIVE AWAY,,,Y,"OVER $1,500",9/5/2019 7:15,DISREGARDING ROAD MARKINGS,FAILING TO YIELD RIGHT-OF-WAY,3153,W,IRVING PARK RD,1733,,,,,,,2,NO INDICATION OF INJURY,0,0,0,0,0,2,0,7,5,9,41.95381203,-87.7077171,POINT (-87.707717101816 41.953812032924)
JC420751,,9/5/2019 7:15,30,STOP SIGN/FLASHER,FUNCTIONING PROPERLY,CLEAR,DAYLIGHT,ANGLE,FOUR WAY,,STRAIGHT AND LEVEL,DRY,NO DEFECTS,NOT ON SCENE (DESK REPORT),NO INJURY / DRIVE AWAY,,,,"OVER $1,500",9/5/2019 7:35,FAILING TO YIELD RIGHT-OF-WAY,UNABLE TO DETERMINE,2100,W,71ST ST,735,,,,,,,2,NO INDICATION OF INJURY,0,0,0,0,0,7,0,7,5,9,41.76489269,-87.67601816,POINT (-87.676018157341 41.764892689879)
JC420754,,9/5/2019 7:00,15,NO CONTROLS,NO CONTROLS,CLEAR,DAYLIGHT,ANGLE,ALLEY,,STRAIGHT AND LEVEL,DRY,NO DEFECTS,NOT ON SCENE (DESK REPORT),NO INJURY / DRIVE AWAY,,,,"$501 - $1,500",9/5/2019 7:40,UNABLE TO DETERMINE,NOT APPLICABLE,4435,W,WRIGHTWOOD AVE,2524,,,,,,,2,NO INDICATION OF INJURY,0,0,0,0,0,3,0,7,5,9,41.92819388,-87.73811205,POINT (-87.738112052927 41.928193879397)
JC420781,,9/5/2019 6:58,30,TRAFFIC SIGNAL,FUNCTIONING PROPERLY,CLEAR,DAYLIGHT,TURNING,FOUR WAY,,STRAIGHT AND LEVEL,DRY,NO DEFECTS,ON SCENE,INJURY AND / OR TOW DUE TO CRASH,Y,,,"OVER $1,500",9/5/2019 7:49,DISREGARDING OTHER TRAFFIC SIGNS,NOT APPLICABLE,150,N,WACKER DR,122,,,,,,,2,NONINCAPACITATING INJURY,1,0,0,1,0,1,0,6,5,9,41.88452546,-87.63721639,POINT (-87.637216392475 41.884525460956)
JC424887,,9/5/2019 6:55,30,NO CONTROLS,NO CONTROLS,CLEAR,DAYLIGHT,PARKED MOTOR VEHICLE,NOT DIVIDED,,STRAIGHT AND LEVEL,DRY,UNKNOWN,NOT ON SCENE (DESK REPORT),NO INJURY / DRIVE AWAY,,,,$500 OR LESS,9/8/2019 14:45,UNABLE TO DETERMINE,UNABLE TO DETERMINE,2804,N,MILWAUKEE AVE,1412,,,,,,,2,NO INDICATION OF INJURY,0,0,0,0,0,2,0,6,5,9,41.93208034,-87.71258221,POINT (-87.712582213954 41.93208034029)
JC420735,,9/5/2019 6:55,30,STOP SIGN/FLASHER,NOT FUNCTIONING,CLOUDY/OVERCAST,DAYLIGHT,ANGLE,DIVIDED - W/MEDIAN (NOT RAISED),,STRAIGHT AND LEVEL,DRY,NO DEFECTS,NOT ON SCENE (DESK REPORT),NO INJURY / DRIVE AWAY,,,Y,"$501 - $1,500",9/5/2019 7:00,DISREGARDING STOP SIGN,DISREGARDING STOP SIGN,8200,S,MORGAN ST,613,,,,,,,2,NO INDICATION OF INJURY,0,0,0,0,0,3,0,6,5,9,41.74501432,-87.64888263,POINT (-87.648882627428 41.745014323091)