RD_NO,CRASH_DATE_EST_I,CRASH_DATE,POSTED_SPEED_LIMIT,TRAFFIC_CONTROL_DEVICE,DEVICE_CONDITION,WEATHER_CONDITION,LIGHTING_CONDITION,FIRST_CRASH_TYPE,TRAFFICWAY_TYPE,LANE_CNT,ALIGNMENT,ROADWAY_SURFACE_COND,ROAD_DEFECT,REPORT_TYPE,CRASH_TYPE,INTERSECTION_RELATED_I,NOT_RIGHT_OF_WAY_I,HIT_AND_RUN_I,DAMAGE,DATE_POLICE_NOTIFIED,PRIM_CONTRIBUTORY_CAUSE,SEC_CONTRIBUTORY_CAUSE,STREET_NO,STREET_DIRECTION,STREET_NAME,BEAT_OF_OCCURRENCE,PHOTOS_TAKEN_I,STATEMENTS_TAKEN_I,DOORING_I,WORK_ZONE_I,WORK_ZONE_TYPE,WORKERS_PRESENT_I,NUM_UNITS,MOST_SEVERE_INJURY,INJURIES_TOTAL,INJURIES_FATAL,INJURIES_INCAPACITATING,INJURIES_NON_INCAPACITATING,INJURIES_REPORTED_NOT_EVIDENT,INJURIES_NO_INDICATION,INJURIES_UNKNOWN,CRASH_HOUR,CRASH_DAY_OF_WEEK,CRASH_MONTH,LATITUDE,LONGITUDE,LOCATION
JC420758,,9/5/2019 6:35,30,NO CONTROLS,NO CONTROLS,CLEAR,DAYLIGHT,REAR END,NOT DIVIDED,,STRAIGHT AND LEVEL,DRY,NO DEFECTS,ON SCENE,INJURY AND / OR TOW DUE TO CRASH,,,Y,"OVER $1,500",9/5/2019 7:20,FOLLOWING TOO CLOSELY,UNABLE TO DETERMINE,2301,W,HOWARD ST,2411,,,,,,,2,NO INDICATION OF INJURY,0,0,0,0,0,2,0,6,5,9,42.0194052,-87.68777826,POINT (-87.687778260832 42.019405203719)
JC420726,,9/5/2019 6:35,30,STOP SIGN/FLASHER,FUNCTIONING PROPERLY,CLEAR,DAYLIGHT,TURNING,DIVIDED - W/MEDIAN (NOT RAISED),,STRAIGHT AND LEVEL,DRY,NO DEFECTS,ON SCENE,INJURY AND / OR TOW DUE TO CRASH,Y,,,"OVER $1,500",9/5/2019 6:39,FAILING TO YIELD RIGHT-OF-WAY,IMPROPER TURNING/NO SIGNAL,6300,S,TROY ST,823,,,,,,,2,NO INDICATION OF INJURY,0,0,0,0,0,3,0,6,5,9,41.77889657,-87.70206217,POINT (-87.702062172825 41.778896566147)
JC420725,,9/5/2019 6:30,10,TRAFFIC SIGNAL,FUNCTIONING PROPERLY,CLEAR,DAYLIGHT,FIXED OBJECT,DIVIDED - W/MEDIAN BARRIER,,STRAIGHT ON GRADE,DRY,NO DEFECTS,ON SCENE,INJURY AND / OR TOW DUE TO CRASH,,,,"OVER $1,500",9/5/2019 6:35,UNABLE TO DETERMINE,NOT APPLICABLE,3134,W,79TH ST,835,,,,,,,1,NO INDICATION OF INJURY,0,0,0,0,0,1,0,6,5,9,41.74995169,-87.70137445,POINT (-87.701374449063 41.749951686684)
JC420804,,9/5/2019 6:10,10,NO CONTROLS,NO CONTROLS,CLEAR,DAWN,PARKED MOTOR VEHICLE,ONE-WAY,,STRAIGHT AND LEVEL,DRY,NO DEFECTS,NOT ON SCENE (DESK REPORT),NO INJURY / DRIVE AWAY,,,Y,"$501 - $1,500",9/5/2019 8:40,UNABLE TO DETERMINE,UNABLE TO DETERMINE,4909,W,CONGRESS PKWY,1533,,,,,,,2,NO INDICATION OF INJURY,0,0,0,0,0,1,0,6,5,9,41.87392673,-87.74762713,POINT (-87.747627128681 41.873926729373)
JC420717,,9/5/2019 6:10,35,TRAFFIC SIGNAL,FUNCTIONING PROPERLY,CLEAR,DAYLIGHT,SIDESWIPE OPPOSITE DIRECTION,NOT DIVIDED,,STRAIGHT AND LEVEL,DRY,NO DEFECTS,ON SCENE,INJURY AND / OR TOW DUE TO CRASH,Y,,,"OVER $1,500",9/5/2019 6:12,IMPROPER LANE USAGE,NOT APPLICABLE,3401,N,ELSTON AVE,1733,,,,,,,4,INCAPACITATING INJURY,7,0,2,1,4,0,0,6,5,9,41.94287087,-87.70316221,POINT (-87.70316220851 41.942870873864)
JC421197,,9/5/2019 6:00,30,TRAFFIC SIGNAL,FUNCTIONING PROPERLY,CLEAR,DAYLIGHT,SIDESWIPE SAME DIRECTION,NOT DIVIDED,,STRAIGHT AND LEVEL,DRY,NO DEFECTS,NOT ON SCENE (DESK REPORT),NO INJURY / DRIVE AWAY,Y,,,"$501 - $1,500",9/5/2019 14:30,FAILING TO YIELD RIGHT-OF-WAY,NOT APPLICABLE,700,N,ORLEANS ST,1831,,,,,,,2,NO INDICATION OF INJURY,0,0,0,0,0,2,0,6,5,9,41.89478951,-87.63727455,POINT (-87.637274551986 41.894789508896)
JC420716,,9/5/2019 6:00,30,NO CONTROLS,NO CONTROLS,CLEAR,DAYLIGHT,REAR END,NOT DIVIDED,,STRAIGHT AND LEVEL,DRY,NO DEFECTS,NOT ON SCENE (DESK REPORT),NO INJURY / DRIVE AWAY,,,,"$501 - $1,500",9/5/2019 6:15,NOT APPLICABLE,NOT APPLICABLE,3300,W,111TH ST,2211,,,,,,,2,NO INDICATION OF INJURY,0,0,0,0,0,2,0,6,5,9,41.6916388,-87.70338637,POINT (-87.703386366783 41.691638801388)
JC420719,,9/5/2019 5:45,30,NO CONTROLS,NO CONTROLS,CLEAR,DAYLIGHT,SIDESWIPE SAME DIRECTION,DIVIDED - W/MEDIAN (NOT RAISED),,STRAIGHT AND LEVEL,DRY,NO DEFECTS,ON SCENE,INJURY AND / OR TOW DUE TO CRASH,,,,"OVER $1,500",9/5/2019 5:50,IMPROPER OVERTAKING/PASSING,NOT APPLICABLE,5431,S,HARLEM AVE,811,,,,,,,2,NO INDICATION OF INJURY,0,0,0,0,0,2,0,5,5,9,41.79294864,-87.80141291,POINT (-87.801412908353 41.792948643406)
JC420722,,9/5/2019 5:42,25,TRAFFIC SIGNAL,FUNCTIONING PROPERLY,CLEAR,DAYLIGHT,SIDESWIPE SAME DIRECTION,ONE-WAY,,STRAIGHT AND LEVEL,DRY,NO DEFECTS,ON SCENE,INJURY AND / OR TOW DUE TO CRASH,,,,"OVER $1,500",9/5/2019 5:44,IMPROPER LANE USAGE,NOT APPLICABLE,53,E,MADISON ST,112,,,,,,,2,NO INDICATION OF INJURY,0,0,0,0,0,2,0,5,5,9,41.88197839,-87.62590489,POINT (-87.625904886131 41.881978389427)
JC420714,,9/5/2019 5:39,30,TRAFFIC SIGNAL,FUNCTIONING PROPERLY,CLEAR,DAWN,ANGLE,FOUR WAY,,STRAIGHT AND LEVEL,DRY,NO DEFECTS,NOT ON SCENE (DESK REPORT),NO INJURY / DRIVE AWAY,Y,,,"OVER $1,500",9/5/2019 5:48,UNABLE TO DETERMINE,UNABLE TO DETERMINE,298,W,VAN BUREN ST,122,,,,,,,,,,,,,,,,5,5,9,41.87693666,-87.63510521,POINT (-87.635105208179 41.876936661072)
JC422188,,9/5/2019 4:40,30,TRAFFIC SIGNAL,FUNCTIONING PROPERLY,CLEAR,DAYLIGHT,REAR END,NOT DIVIDED,,STRAIGHT AND LEVEL,DRY,NO DEFECTS,NOT ON SCENE (DESK REPORT),NO INJURY / DRIVE AWAY,,,,"OVER $1,500",9/6/2019 10:00,FAILING TO REDUCE SPEED TO AVOID CRASH,NOT APPLICABLE,1201,W,87TH ST,2222,,,,,,,2,NO INDICATION OF INJURY,0,0,0,0,0,2,0,4,5,9,41.73582461,-87.65339765,POINT (-87.653397649296 41.735824606928)
JC420699,,9/5/2019 4:26,30,NO CONTROLS,NO CONTROLS,CLEAR,"DARKNESS, LIGHTED ROAD",PARKED MOTOR VEHICLE,DIVIDED - W/MEDIAN (NOT RAISED),,STRAIGHT AND LEVEL,DRY,NO DEFECTS,ON SCENE,INJURY AND / OR TOW DUE TO CRASH,,,Y,"OVER $1,500",9/5/2019 4:38,NOT APPLICABLE,NOT APPLICABLE,5502,W,ADDISON ST,1633,,,,,,,3,NO INDICATION OF INJURY,0,0,0,0,0,1,0,4,5,9,41.9460159,-87.7644415,POINT (-87.764441503799 41.946015900182)
JC420697,,9/5/2019 4:25,30,NO CONTROLS,NO CONTROLS,CLEAR,"DARKNESS, LIGHTED ROAD",FIXED OBJECT,NOT DIVIDED,,STRAIGHT AND LEVEL,DRY,NO DEFECTS,ON SCENE,INJURY AND / OR TOW DUE TO CRASH,,,Y,"OVER $1,500",9/5/2019 4:35,UNABLE TO DETERMINE,NOT APPLICABLE,4100,W,LAKE ST,1114,,,,,,,1,NO INDICATION OF INJURY,0,0,0,0,0,1,0,4,5,9,41.88571554,-87.72837561,POINT (-87.728375607159 41.885715539593)
JC422817,,9/5/2019 4:20,35,NO CONTROLS,NO CONTROLS,CLEAR,DAYLIGHT,PARKED MOTOR VEHICLE,PARKING LOT,,STRAIGHT AND LEVEL,DRY,NO DEFECTS,NOT ON SCENE (DESK REPORT),NO INJURY / DRIVE AWAY,,,,"$501 - $1,500",9/6/2019 18:30,UNABLE TO DETERMINE,NOT APPLICABLE,10000,W,OHARE ST,1651,,,,,,,2,NO INDICATION OF INJURY,0,0,0,0,0,1,0,4,5,9,41.97620114,-87.90530913,POINT (-87.905309125103 41.976201139024)
JC421394,Y,9/5/2019 4:00,30,NO CONTROLS,NO CONTROLS,CLEAR,"DARKNESS, LIGHTED ROAD",SIDESWIPE OPPOSITE DIRECTION,DIVIDED - W/MEDIAN (NOT RAISED),,STRAIGHT AND LEVEL,DRY,NO DEFECTS,NOT ON SCENE (DESK REPORT),NO INJURY / DRIVE AWAY,,,Y,$500 OR LESS,9/5/2019 16:54,IMPROPER LANE USAGE,NOT APPLICABLE,2700,N,NARRAGANSETT AVE,2512,Y,,,,,,2,NO INDICATION OF INJURY,0,0,0,0,0,2,0,4,5,9,41.92925669,-87.78579517,POINT (-87.785795165033 41.929256687664)
JC420677,,9/5/2019 2:30,30,TRAFFIC SIGNAL,FUNCTIONING PROPERLY,CLEAR,"DARKNESS, LIGHTED ROAD",SIDESWIPE OPPOSITE DIRECTION,DIVIDED - W/MEDIAN (NOT RAISED),,STRAIGHT AND LEVEL,DRY,NO DEFECTS,ON SCENE,NO INJURY / DRIVE AWAY,Y,,Y,"OVER $1,500",9/5/2019 2:36,IMPROPER LANE USAGE,FAILING TO REDUCE SPEED TO AVOID CRASH,2000,N,MILWAUKEE AVE,1431,,,,,,,2,NO INDICATION OF INJURY,0,0,0,0,0,2,0,2,5,9,41.91749661,-87.68871961,POINT (-87.688719608399 41.917496607937)
JC420674,,9/5/2019 2:28,30,TRAFFIC SIGNAL,FUNCTIONING PROPERLY,CLEAR,"DARKNESS, LIGHTED ROAD",HEAD ON,NOT DIVIDED,,STRAIGHT AND LEVEL,DRY,NO DEFECTS,ON SCENE,INJURY AND / OR TOW DUE TO CRASH,,,,"OVER $1,500",9/5/2019 2:28,UNABLE TO DETERMINE,UNABLE TO DETERMINE,6400,W,HIGGINS AVE,1613,,,,,,,2,NO INDICATION OF INJURY,0,0,0,0,0,2,0,2,5,9,41.97640636,-87.7878626,POINT (-87.787862595782 41.976406356619)
JC420793,Y,9/5/2019 1:30,30,NO CONTROLS,NO CONTROLS,CLEAR,"DARKNESS, LIGHTED ROAD",PARKED MOTOR VEHICLE,DIVIDED - W/MEDIAN (NOT RAISED),,STRAIGHT AND LEVEL,DRY,NO DEFECTS,NOT ON SCENE (DESK REPORT),NO INJURY / DRIVE AWAY,,,Y,"$501 - $1,500",9/5/2019 8:30,UNABLE TO DETERMINE,NOT APPLICABLE,208,W,HARRISON ST,123,,,,,,,2,NO INDICATION OF INJURY,0,0,0,0,0,1,0,1,5,9,41.87459073,-87.63391628,POINT (-87.633916278063 41.87459073248)
JC420644,,9/5/2019 1:10,35,STOP SIGN/FLASHER,UNKNOWN,CLEAR,DARKNESS,REAR END,FOUR WAY,,STRAIGHT AND LEVEL,DRY,NO DEFECTS,ON SCENE,NO INJURY / DRIVE AWAY,Y,,Y,"OVER $1,500",9/5/2019 1:10,FOLLOWING TOO CLOSELY,NOT APPLICABLE,800,W,71ST ST,733,,,,,,,2,NO INDICATION OF INJURY,0,0,0,0,0,3,0,1,5,9,41.76531136,-87.64447748,POINT (-87.644477477454 41.765311360618)
JC421235,,9/5/2019 1:00,15,NO CONTROLS,NO CONTROLS,CLEAR,UNKNOWN,PARKED MOTOR VEHICLE,ONE-WAY,,STRAIGHT AND LEVEL,DRY,NO DEFECTS,NOT ON SCENE (DESK REPORT),NO INJURY / DRIVE AWAY,,,Y,"$501 - $1,500",9/5/2019 14:50,UNABLE TO DETERMINE,NOT APPLICABLE,5451,W,MONROE ST,1522,,,,,,,2,NO INDICATION OF INJURY,0,0,0,0,0,1,0,1,5,9,41.87918227,-87.76168117,POINT (-87.761681165866 41.879182266639)
JC420622,,9/5/2019 0:11,30,UNKNOWN,FUNCTIONING PROPERLY,CLEAR,"DARKNESS, LIGHTED ROAD",FIXED OBJECT,NOT DIVIDED,,STRAIGHT AND LEVEL,DRY,NO DEFECTS,ON SCENE,NO INJURY / DRIVE AWAY,,Y,Y,"OVER $1,500",9/5/2019 0:11,UNABLE TO DETERMINE,NOT APPLICABLE,4157,W,WASHINGTON BLVD,1115,,,,,,,1,NO INDICATION OF INJURY,0,0,0,0,0,1,0,0,5,9,41.88187843,-87.7304136,POINT (-87.730413597374 41.881878433314)
JC420617,,9/4/2019 23:35,35,TRAFFIC SIGNAL,FUNCTIONING PROPERLY,CLEAR,"DARKNESS, LIGHTED ROAD",REAR END,DIVIDED - W/MEDIAN BARRIER,,"CURVE, LEVEL",DRY,NO DEFECTS,ON SCENE,INJURY AND / OR TOW DUE TO CRASH,Y,,,"OVER $1,500",9/4/2019 23:38,PHYSICAL CONDITION OF DRIVER,DRIVING SKILLS/KNOWLEDGE/EXPERIENCE,6200,S,LAKE SHORE DR,331,,,,,,,2,NONINCAPACITATING INJURY,2,0,0,2,0,0,0,23,4,9,41.78242863,-87.57589221,POINT (-87.575892213744 41.782428629351)
JC420584,,9/4/2019 22:50,35,NO CONTROLS,OTHER,CLEAR,"DARKNESS, LIGHTED ROAD",PARKED MOTOR VEHICLE,ONE-WAY,,STRAIGHT AND LEVEL,DRY,UNKNOWN,NOT ON SCENE (DESK REPORT),NO INJURY / DRIVE AWAY,,,,$500 OR LESS,9/4/2019 23:05,UNABLE TO DETERMINE,UNABLE TO DETERMINE,6748,S,RIDGELAND AVE,332,,,,,,,2,NO INDICATION OF INJURY,0,0,0,0,0,1,0,22,4,9,41.77190182,-87.58275936,POINT (-87.58275936243 41.771901815222)
JC420548,,9/4/2019 22:20,30,NO CONTROLS,NO CONTROLS,CLEAR,"DARKNESS, LIGHTED ROAD",PARKED MOTOR VEHICLE,ONE-WAY,,STRAIGHT AND LEVEL,DRY,NO DEFECTS,ON SCENE,NO INJURY / DRIVE AWAY,,,,$500 OR LESS,9/4/2019 22:27,NOT APPLICABLE,NOT APPLICABLE,4907,W,PATTERSON AVE,1634,,,,,,,2,NO INDICATION OF INJURY,0,0,0,0,0,1,0,22,4,9,41.94689315,-87.75001877,POINT (-87.750018770309 41.946893149365)
JC420560,,9/4/2019 22:15,20,OTHER,FUNCTIONING PROPERLY,CLEAR,"DARKNESS, LIGHTED ROAD",PEDALCYCLIST,NOT DIVIDED,,STRAIGHT AND LEVEL,DRY,NO DEFECTS,ON SCENE,NO INJURY / DRIVE AWAY,,,,"$501 - $1,500",9/4/2019 22:20,IMPROPER TURNING/NO SIGNAL,UNABLE TO DETERMINE,5420,N,CLARK ST,2012,,,,,,,2,NO INDICATION OF INJURY,0,0,0,0,0,2,0,22,4,9,41.98047008,-87.66847533,POINT (-87.668475333613 41.980470076543)
JC421260,Y,9/4/2019 21:30,10,NO CONTROLS,NO CONTROLS,CLEAR,UNKNOWN,PARKED MOTOR VEHICLE,NOT DIVIDED,,STRAIGHT AND LEVEL,DRY,NO DEFECTS,ON SCENE,INJURY AND / OR TOW DUE TO CRASH,,,Y,$500 OR LESS,9/5/2019 15:00,UNABLE TO DETERMINE,NOT APPLICABLE,1314,W,WAVELAND AVE,1923,,,,,,,2,NO INDICATION OF INJURY,0,0,0,0,0,1,0,21,4,9,41.94902789,-87.66229455,POINT (-87.662294553929 41.94902788537)
JC420523,,9/4/2019 21:30,30,NO CONTROLS,NO CONTROLS,CLEAR,"DARKNESS, LIGHTED ROAD",SIDESWIPE SAME DIRECTION,NOT DIVIDED,,STRAIGHT AND LEVEL,DRY,NO DEFECTS,ON SCENE,NO INJURY / DRIVE AWAY,,,,"OVER $1,500",9/4/2019 21:35,FAILING TO YIELD RIGHT-OF-WAY,FAILING TO YIELD RIGHT-OF-WAY,8500,W,BRYN MAWR AVE,1614,,,,,,,2,NO INDICATION OF INJURY,0,0,0,0,0,2,0,21,4,9,41.98118073,-87.83916756,POINT (-87.839167557705 41.981180724878)
JC421521,,9/4/2019 21:20,30,NO CONTROLS,NO CONTROLS,CLEAR,DUSK,TURNING,NOT DIVIDED,,STRAIGHT AND LEVEL,DRY,NO DEFECTS,NOT ON SCENE (DESK REPORT),INJURY AND / OR TOW DUE TO CRASH,,,,"OVER $1,500",9/5/2019 17:59,FAILING TO YIELD RIGHT-OF-WAY,NOT APPLICABLE,2617,S,KOSTNER AVE,1031,,,,,,,2,"REPORTED, NOT EVIDENT",2,0,0,0,2,1,0,21,4,9,41.84357126,-87.73411863,POINT (-87.734118628174 41.843571257803)
JC420493,,9/4/2019 21:15,30,NO CONTROLS,NO CONTROLS,CLEAR,"DARKNESS, LIGHTED ROAD",PEDALCYCLIST,DIVIDED - W/MEDIAN (NOT RAISED),,STRAIGHT AND LEVEL,DRY,NO DEFECTS,ON SCENE,INJURY AND / OR TOW DUE TO CRASH,,,Y,"$501 - $1,500",9/4/2019 21:28,UNABLE TO DETERMINE,UNABLE TO DETERMINE,6430,S,STONY ISLAND AVE,314,,,,,,,2,NONINCAPACITATING INJURY,1,0,0,1,0,4,0,21,4,9,41.77784252,-87.58652329,POINT (-87.586523290999 41.777842522117)
JC420555,Y,9/4/2019 21:10,30,NO CONTROLS,NO CONTROLS,CLEAR,"DARKNESS, LIGHTED ROAD",REAR TO SIDE,PARKING LOT,,STRAIGHT AND LEVEL,DRY,NO DEFECTS,NOT ON SCENE (DESK REPORT),NO INJURY / DRIVE AWAY,,,,$500 OR LESS,9/4/2019 22:00,UNABLE TO DETERMINE,NOT APPLICABLE,6133,N,LINCOLN AVE,1711,,,,,,,2,NO INDICATION OF INJURY,0,0,0,0,0,2,0,21,4,9,41.9936824,-87.71249986,POINT (-87.712499862706 41.993682398709)
JC420509,,9/4/2019 21:02,30,TRAFFIC SIGNAL,FUNCTIONING PROPERLY,CLEAR,"DARKNESS, LIGHTED ROAD",REAR TO FRONT,NOT DIVIDED,,STRAIGHT AND LEVEL,DRY,NO DEFECTS,ON SCENE,INJURY AND / OR TOW DUE TO CRASH,Y,,,"$501 - $1,500",9/4/2019 21:04,FAILING TO REDUCE SPEED TO AVOID CRASH,NOT APPLICABLE,4801,W,CHICAGO AVE,1531,,,,,,,2,NONINCAPACITATING INJURY,1,0,0,1,0,3,0,21,4,9,41.89489272,-87.74592702,POINT (-87.745927023949 41.894892721418)
JC420855,Y,9/4/2019 21:00,25,NO CONTROLS,NO CONTROLS,UNKNOWN,UNKNOWN,PARKED MOTOR VEHICLE,ONE-WAY,,STRAIGHT AND LEVEL,UNKNOWN,NO DEFECTS,ON SCENE,NO INJURY / DRIVE AWAY,,,Y,"$501 - $1,500",9/5/2019 9:25,NOT APPLICABLE,NOT APPLICABLE,4746,N,AVERS AVE,1723,,,,,,,2,NO INDICATION OF INJURY,0,0,0,0,0,1,0,21,4,9,41.9678463,-87.72450138,POINT (-87.724501378698 41.967846300759)
JC420517,,9/4/2019 20:42,30,NO CONTROLS,NO CONTROLS,CLEAR,"DARKNESS, LIGHTED ROAD",TURNING,OTHER,,STRAIGHT AND LEVEL,DRY,NO DEFECTS,ON SCENE,INJURY AND / OR TOW DUE TO CRASH,,,,"OVER $1,500",9/4/2019 20:49,FAILING TO YIELD RIGHT-OF-WAY,NOT APPLICABLE,4800,N,ASHLAND AVE,2032,,,,,,,2,NONINCAPACITATING INJURY,1,0,0,1,0,1,0,20,4,9,41.96902343,-87.66959043,POINT (-87.669590433542 41.969023429614)
JC422224,,9/4/2019 20:30,30,NO CONTROLS,NO CONTROLS,CLEAR,DUSK,PARKED MOTOR VEHICLE,ALLEY,,STRAIGHT AND LEVEL,DRY,NO DEFECTS,NOT ON SCENE (DESK REPORT),NO INJURY / DRIVE AWAY,,,,"OVER $1,500",9/6/2019 11:00,IMPROPER BACKING,NOT APPLICABLE,3073,N,AVERS AVE,2523,,,,,,,2,NO INDICATION OF INJURY,0,0,0,0,0,1,0,20,4,9,41.93688749,-87.72158523,POINT (-87.721585230344 41.936887487128)
JC420586,,9/4/2019 20:30,30,NO CONTROLS,NO CONTROLS,CLEAR,"DARKNESS, LIGHTED ROAD",PARKED MOTOR VEHICLE,NOT DIVIDED,,STRAIGHT AND LEVEL,DRY,NO DEFECTS,NOT ON SCENE (DESK REPORT),NO INJURY / DRIVE AWAY,,,Y,"OVER $1,500",9/4/2019 21:00,UNABLE TO DETERMINE,NOT APPLICABLE,1603,W,18TH ST,1234,,,,,,,2,NO INDICATION OF INJURY,0,0,0,0,0,1,0,20,4,9,41.85767862,-87.6662709,POINT (-87.66627089661 41.857678615834)
JC420469,,9/4/2019 20:25,15,NO CONTROLS,NO CONTROLS,CLEAR,DARKNESS,REAR END,PARKING LOT,,STRAIGHT AND LEVEL,DRY,NO DEFECTS,ON SCENE,NO INJURY / DRIVE AWAY,,,Y,$500 OR LESS,9/4/2019 20:40,DISTRACTION - FROM OUTSIDE VEHICLE,NOT APPLICABLE,6518,S,DR MARTIN LUTHER KING JR DR,312,,,,,,,2,NO INDICATION OF INJURY,0,0,0,0,0,2,0,20,4,9,41.77600314,-87.61566643,POINT (-87.615666429508 41.776003138763)
JC420503,,9/4/2019 20:20,30,TRAFFIC SIGNAL,UNKNOWN,CLEAR,UNKNOWN,TURNING,UNKNOWN INTERSECTION TYPE,,STRAIGHT AND LEVEL,UNKNOWN,UNKNOWN,NOT ON SCENE (DESK REPORT),NO INJURY / DRIVE AWAY,Y,,,"OVER $1,500",9/4/2019 21:10,FAILING TO YIELD RIGHT-OF-WAY,UNABLE TO DETERMINE,3400,N,AVONDALE AVE,1732,,,,,,,2,NO INDICATION OF INJURY,0,0,0,0,0,2,0,20,4,9,41.94351288,-87.71471399,POINT (-87.714713986758 41.943512882917)
JC420474,,9/4/2019 20:20,30,NO CONTROLS,NO CONTROLS,CLEAR,DARKNESS,REAR END,NOT DIVIDED,,STRAIGHT AND LEVEL,DRY,NO DEFECTS,ON SCENE,NO INJURY / DRIVE AWAY,,,Y,"$501 - $1,500",9/4/2019 20:25,NOT APPLICABLE,NOT APPLICABLE,2857,W,DIVERSEY AVE,1411,,,,,,,2,NO INDICATION OF INJURY,0,0,0,0,0,3,0,20,4,9,41.93197047,-87.69993162,POINT (-87.699931619044 41.931970469953)
JC422439,,9/4/2019 20:15,25,NO CONTROLS,NO CONTROLS,CLEAR,"DARKNESS, LIGHTED ROAD",ANGLE,NOT DIVIDED,,STRAIGHT ON GRADE,DRY,NO DEFECTS,NOT ON SCENE (DESK REPORT),NO INJURY / DRIVE AWAY,,,Y,"OVER $1,500",9/6/2019 14:10,FAILING TO YIELD RIGHT-OF-WAY,"OPERATING VEHICLE IN ERRATIC, RECKLESS, CARELESS, NEGLIGENT OR AGGRESSIVE MANNER",6220,N,RIDGE AVE,2413,,,,,,,2,NO INDICATION OF INJURY,0,0,0,0,0,2,0,20,4,9,41.99500077,-87.67561547,POINT (-87.675615466333 41.995000764645)
JC420440,,9/4/2019 20:15,30,NO CONTROLS,NO CONTROLS,CLEAR,DARKNESS,PARKED MOTOR VEHICLE,PARKING LOT,,STRAIGHT AND LEVEL,DRY,UNKNOWN,ON SCENE,NO INJURY / DRIVE AWAY,,Y,Y,$500 OR LESS,9/4/2019 20:22,UNABLE TO DETERMINE,UNABLE TO DETERMINE,1546,W,35TH ST,912,,,,,,,2,NO INDICATION OF INJURY,0,0,0,0,0,1,0,20,4,9,41.8306191,-87.66498111,POINT (-87.664981113763 41.830619099686)
JC420453,,9/4/2019 20:04,35,NO CONTROLS,NO CONTROLS,CLEAR,"DARKNESS, LIGHTED ROAD",PARKED MOTOR VEHICLE,DIVIDED - W/MEDIAN (NOT RAISED),,STRAIGHT AND LEVEL,DRY,NO DEFECTS,ON SCENE,INJURY AND / OR TOW DUE TO CRASH,,,Y,"OVER $1,500",9/4/2019 20:08,UNABLE TO DETERMINE,UNABLE TO DETERMINE,728,E,51ST ST,223,,,,,,,,,,,,,,,,20,4,9,41.80233641,-87.60764844,POINT (-87.607648439769 41.802336406333)
JC430599,,9/4/2019 20:00,30,NO CONTROLS,NO CONTROLS,CLEAR,DARKNESS,PARKED MOTOR VEHICLE,NOT DIVIDED,,STRAIGHT AND LEVEL,DRY,NO DEFECTS,NOT ON SCENE (DESK REPORT),NO INJURY / DRIVE AWAY,,,Y,"$501 - $1,500",9/12/2019 17:03,FOLLOWING TOO CLOSELY,FOLLOWING TOO CLOSELY,12815,S,EMERALD AVE,523,,,,,,,2,NO INDICATION OF INJURY,0,0,0,0,0,1,0,20,4,9,41.66091193,-87.63999972,POINT (-87.639999715609 41.660911927051)
JC421509,,9/4/2019 20:00,30,NO CONTROLS,NO CONTROLS,CLEAR,"DARKNESS, LIGHTED ROAD",SIDESWIPE SAME DIRECTION,DIVIDED - W/MEDIAN (NOT RAISED),,STRAIGHT AND LEVEL,DRY,NO DEFECTS,NOT ON SCENE (DESK REPORT),NO INJURY / DRIVE AWAY,,,Y,"OVER $1,500",9/5/2019 17:51,IMPROPER LANE USAGE,NOT APPLICABLE,4400,S,ASHLAND AVE,924,,,,,,,2,NO INDICATION OF INJURY,0,0,0,0,0,2,0,20,4,9,41.81396633,-87.66525393,POINT (-87.665253928687 41.813966327139)
JC420481,,9/4/2019 20:00,10,STOP SIGN/FLASHER,FUNCTIONING PROPERLY,CLEAR,DARKNESS,REAR END,PARKING LOT,,STRAIGHT AND LEVEL,DRY,NO DEFECTS,NOT ON SCENE (DESK REPORT),INJURY AND / OR TOW DUE TO CRASH,,,,"OVER $1,500",9/4/2019 20:55,FOLLOWING TOO CLOSELY,NOT APPLICABLE,6420,W,FULLERTON AVE,2512,,,,,,,2,NO INDICATION OF INJURY,0,0,0,0,0,2,0,20,4,9,41.9237818,-87.78625367,POINT (-87.786253674433 41.92378179667)
JC420449,,9/4/2019 19:48,30,STOP SIGN/FLASHER,FUNCTIONING PROPERLY,CLEAR,DAYLIGHT,PEDALCYCLIST,UNKNOWN INTERSECTION TYPE,,STRAIGHT AND LEVEL,DRY,NO DEFECTS,ON SCENE,INJURY AND / OR TOW DUE TO CRASH,Y,,,"OVER $1,500",9/4/2019 19:58,DISREGARDING STOP SIGN,NOT APPLICABLE,332,W,KINZIE ST,1831,,,,,,,2,"REPORTED, NOT EVIDENT",1,0,0,0,1,1,0,19,4,9,41.88924235,-87.63695389,POINT (-87.636953893799 41.889242347194)
JC420418,,9/4/2019 19:48,30,NO CONTROLS,NO CONTROLS,CLEAR,"DARKNESS, LIGHTED ROAD",PARKED MOTOR VEHICLE,DIVIDED - W/MEDIAN (NOT RAISED),,STRAIGHT AND LEVEL,DRY,NO DEFECTS,ON SCENE,INJURY AND / OR TOW DUE TO CRASH,,,,"OVER $1,500",9/4/2019 19:50,UNABLE TO DETERMINE,NOT APPLICABLE,641,W,WILLOW ST,1813,,,,,,,3,NO INDICATION OF INJURY,0,0,0,0,0,1,0,19,4,9,41.91376601,-87.6451855,POINT (-87.645185500701 41.913766012541)