RD_NO,CRASH_DATE_EST_I,CRASH_DATE,POSTED_SPEED_LIMIT,TRAFFIC_CONTROL_DEVICE,DEVICE_CONDITION,WEATHER_CONDITION,LIGHTING_CONDITION,FIRST_CRASH_TYPE,TRAFFICWAY_TYPE,LANE_CNT,ALIGNMENT,ROADWAY_SURFACE_COND,ROAD_DEFECT,REPORT_TYPE,CRASH_TYPE,INTERSECTION_RELATED_I,NOT_RIGHT_OF_WAY_I,HIT_AND_RUN_I,DAMAGE,DATE_POLICE_NOTIFIED,PRIM_CONTRIBUTORY_CAUSE,SEC_CONTRIBUTORY_CAUSE,STREET_NO,STREET_DIRECTION,STREET_NAME,BEAT_OF_OCCURRENCE,PHOTOS_TAKEN_I,STATEMENTS_TAKEN_I,DOORING_I,WORK_ZONE_I,WORK_ZONE_TYPE,WORKERS_PRESENT_I,NUM_UNITS,MOST_SEVERE_INJURY,INJURIES_TOTAL,INJURIES_FATAL,INJURIES_INCAPACITATING,INJURIES_NON_INCAPACITATING,INJURIES_REPORTED_NOT_EVIDENT,INJURIES_NO_INDICATION,INJURIES_UNKNOWN,CRASH_HOUR,CRASH_DAY_OF_WEEK,CRASH_MONTH,LATITUDE,LONGITUDE,LOCATION
JC421863,,9/4/2019 19:45,10,NO CONTROLS,NO CONTROLS,CLEAR,DARKNESS,PARKED MOTOR VEHICLE,PARKING LOT,,STRAIGHT AND LEVEL,DRY,NO DEFECTS,NOT ON SCENE (DESK REPORT),NO INJURY / DRIVE AWAY,,Y,,"$501 - $1,500",9/5/2019 23:44,UNABLE TO DETERMINE,UNABLE TO DETERMINE,4800,S,KILBOURN AVE,815,,,,,,,2,NO INDICATION OF INJURY,0,0,0,0,0,1,0,19,4,9,41.80579323,-87.73591178,POINT (-87.735911775117 41.805793224727)
JC420521,,9/4/2019 19:30,30,STOP SIGN/FLASHER,NO CONTROLS,CLEAR,"DARKNESS, LIGHTED ROAD",REAR END,DIVIDED - W/MEDIAN (NOT RAISED),,STRAIGHT AND LEVEL,DRY,UNKNOWN,NOT ON SCENE (DESK REPORT),NO INJURY / DRIVE AWAY,,,Y,"$501 - $1,500",9/4/2019 20:00,FOLLOWING TOO CLOSELY,NOT APPLICABLE,5232,N,CLARK ST,2012,,,,,,,2,NO INDICATION OF INJURY,0,0,0,0,0,2,0,19,4,9,41.9772129,-87.66853085,POINT (-87.668530849639 41.977212902889)
JC420399,,9/4/2019 19:25,35,TRAFFIC SIGNAL,FUNCTIONING PROPERLY,CLEAR,"DARKNESS, LIGHTED ROAD",REAR END,NOT DIVIDED,,STRAIGHT AND LEVEL,DRY,NO DEFECTS,ON SCENE,INJURY AND / OR TOW DUE TO CRASH,,,Y,"$501 - $1,500",9/4/2019 19:27,FOLLOWING TOO CLOSELY,UNABLE TO DETERMINE,1601,W,79TH ST,611,,,,,,,2,INCAPACITATING INJURY,1,0,1,0,0,1,0,19,4,9,41.75024643,-87.66346171,POINT (-87.663461712856 41.750246426384)
JC421657,,9/4/2019 19:10,30,NO CONTROLS,NO CONTROLS,CLEAR,DAYLIGHT,PARKED MOTOR VEHICLE,ONE-WAY,,STRAIGHT AND LEVEL,DRY,NO DEFECTS,NOT ON SCENE (DESK REPORT),NO INJURY / DRIVE AWAY,,,Y,"OVER $1,500",9/5/2019 19:42,UNABLE TO DETERMINE,UNABLE TO DETERMINE,5131,S,ROCKWELL ST,923,,,,,,,2,NO INDICATION OF INJURY,0,0,0,0,0,1,0,19,4,9,41.80013345,-87.68894782,POINT (-87.688947815271 41.800133446931)
JC420500,Y,9/4/2019 19:10,30,NO CONTROLS,NO CONTROLS,CLEAR,UNKNOWN,PARKED MOTOR VEHICLE,NOT DIVIDED,,STRAIGHT AND LEVEL,UNKNOWN,NO DEFECTS,ON SCENE,NO INJURY / DRIVE AWAY,,,Y,"$501 - $1,500",9/4/2019 19:20,UNABLE TO DETERMINE,UNABLE TO DETERMINE,4513,S,HONORE ST,924,,,,,,,2,NO INDICATION OF INJURY,0,0,0,0,0,1,0,19,4,9,41.81175937,-87.67098377,POINT (-87.670983764994 41.811759365917)
JC420376,Y,9/4/2019 19:10,30,TRAFFIC SIGNAL,FUNCTIONING PROPERLY,CLEAR,"DARKNESS, LIGHTED ROAD",TURNING,DIVIDED - W/MEDIAN (NOT RAISED),,STRAIGHT AND LEVEL,DRY,NO DEFECTS,ON SCENE,INJURY AND / OR TOW DUE TO CRASH,,,,"OVER $1,500",9/4/2019 19:17,DRIVING SKILLS/KNOWLEDGE/EXPERIENCE,NOT APPLICABLE,3011,S,ASHLAND AVE,913,,,,,,,2,NO INDICATION OF INJURY,0,0,0,0,0,4,0,19,4,9,41.83910488,-87.66563638,POINT (-87.665636379393 41.839104883052)
JC420420,,9/4/2019 19:04,30,TRAFFIC SIGNAL,FUNCTIONING PROPERLY,CLEAR,DUSK,SIDESWIPE SAME DIRECTION,DIVIDED - W/MEDIAN (NOT RAISED),,STRAIGHT AND LEVEL,DRY,NO DEFECTS,NOT ON SCENE (DESK REPORT),NO INJURY / DRIVE AWAY,Y,,,"OVER $1,500",9/4/2019 20:05,UNABLE TO DETERMINE,NOT APPLICABLE,800,W,DIVISION ST,1822,,,,,,,2,NO INDICATION OF INJURY,0,0,0,0,0,2,0,19,4,9,41.90374556,-87.64816701,POINT (-87.648167010628 41.903745557347)
JC422292,,9/4/2019 19:00,30,NO CONTROLS,NO CONTROLS,CLEAR,DAYLIGHT,OTHER OBJECT,NOT DIVIDED,,STRAIGHT AND LEVEL,DRY,NO DEFECTS,NOT ON SCENE (DESK REPORT),NO INJURY / DRIVE AWAY,,,,"OVER $1,500",9/6/2019 12:00,NOT APPLICABLE,NOT APPLICABLE,1105,W,LAWRENCE AVE,1914,,,,,,,1,NO INDICATION OF INJURY,0,0,0,0,0,1,0,19,4,9,41.96893933,-87.65784196,POINT (-87.657841964267 41.968939329094)
JC420571,N,9/4/2019 18:50,10,NO CONTROLS,NO CONTROLS,CLEAR,DAWN,REAR TO SIDE,PARKING LOT,,STRAIGHT AND LEVEL,DRY,NO DEFECTS,NOT ON SCENE (DESK REPORT),NO INJURY / DRIVE AWAY,,,,$500 OR LESS,9/4/2019 21:00,IMPROPER BACKING,IMPROPER BACKING,10000,W,OHARE ST,1651,,,,,,,2,NO INDICATION OF INJURY,0,0,0,0,0,2,0,18,4,9,41.97620114,-87.90530913,POINT (-87.905309125103 41.976201139024)
JC420308,,9/4/2019 18:49,35,NO CONTROLS,NO CONTROLS,CLEAR,DAYLIGHT,TURNING,NOT DIVIDED,,STRAIGHT AND LEVEL,DRY,NO DEFECTS,ON SCENE,INJURY AND / OR TOW DUE TO CRASH,Y,,Y,"$501 - $1,500",9/4/2019 18:49,IMPROPER TURNING/NO SIGNAL,NOT APPLICABLE,4200,W,AUGUSTA BLVD,1111,,,,,,,2,NONINCAPACITATING INJURY,3,0,0,3,0,2,0,18,4,9,41.89904574,-87.73124184,POINT (-87.731241837079 41.899045744342)
JC420371,,9/4/2019 18:45,30,NO CONTROLS,NO CONTROLS,CLEAR,DAYLIGHT,FIXED OBJECT,DIVIDED - W/MEDIAN (NOT RAISED),,STRAIGHT AND LEVEL,DRY,"RUT, HOLES",NOT ON SCENE (DESK REPORT),NO INJURY / DRIVE AWAY,,,,$500 OR LESS,9/4/2019 19:25,UNABLE TO DETERMINE,"VISION OBSCURED (SIGNS, TREE LIMBS, BUILDINGS, ETC.)",750,E,130TH ST,532,,,,,,,1,NO INDICATION OF INJURY,0,0,0,0,0,1,0,18,4,9,41.65925841,-87.60350003,POINT (-87.603500030441 41.659258405264)
JC420339,,9/4/2019 18:40,20,STOP SIGN/FLASHER,FUNCTIONING PROPERLY,CLEAR,DAYLIGHT,PARKED MOTOR VEHICLE,ONE-WAY,,STRAIGHT AND LEVEL,DRY,NO DEFECTS,,NO INJURY / DRIVE AWAY,Y,,Y,"$501 - $1,500",9/4/2019 18:55,UNABLE TO DETERMINE,NOT APPLICABLE,1955,W,ARGYLE ST,2032,,,,,,,2,NO INDICATION OF INJURY,0,0,0,0,0,1,0,18,4,9,41.97230668,-87.67845771,POINT (-87.678457707249 41.97230668003)
JC420328,,9/4/2019 18:40,30,NO CONTROLS,NO CONTROLS,CLEAR,DAYLIGHT,REAR TO FRONT,NOT DIVIDED,,STRAIGHT AND LEVEL,DRY,NO DEFECTS,ON SCENE,NO INJURY / DRIVE AWAY,,,,"$501 - $1,500",9/4/2019 18:41,IMPROPER BACKING,NOT APPLICABLE,2125,N,OAK PARK AVE,2512,,,,,,,2,NO INDICATION OF INJURY,0,0,0,0,0,2,0,18,4,9,41.91894808,-87.79495094,POINT (-87.794950941973 41.918948081156)
JC421167,Y,9/4/2019 18:38,35,TRAFFIC SIGNAL,FUNCTIONING PROPERLY,CLEAR,DAYLIGHT,PEDESTRIAN,NOT DIVIDED,,STRAIGHT AND LEVEL,DRY,UNKNOWN,NOT ON SCENE (DESK REPORT),INJURY AND / OR TOW DUE TO CRASH,Y,,Y,$500 OR LESS,9/5/2019 13:50,DISREGARDING TRAFFIC SIGNALS,IMPROPER BACKING,4800,W,HARRISON ST,1533,,,,,,,2,NONINCAPACITATING INJURY,1,0,0,1,0,1,0,18,4,9,41.87324546,-87.74511718,POINT (-87.745117178881 41.87324546438)
JC420324,,9/4/2019 18:25,30,TRAFFIC SIGNAL,FUNCTIONING PROPERLY,CLEAR,DAYLIGHT,SIDESWIPE SAME DIRECTION,DIVIDED - W/MEDIAN (NOT RAISED),,STRAIGHT AND LEVEL,DRY,NO DEFECTS,NOT ON SCENE (DESK REPORT),NO INJURY / DRIVE AWAY,Y,,,"OVER $1,500",9/4/2019 19:00,IMPROPER LANE USAGE,NOT APPLICABLE,1,S,STATE ST,112,,,,,,,2,NO INDICATION OF INJURY,0,0,0,0,0,2,0,18,4,9,41.8819952,-87.62764725,POINT (-87.62764724523 41.881995197635)
JC420323,,9/4/2019 18:20,30,NO CONTROLS,NO CONTROLS,CLEAR,DUSK,REAR END,DIVIDED - W/MEDIAN (NOT RAISED),,STRAIGHT AND LEVEL,DRY,"RUT, HOLES",NOT ON SCENE (DESK REPORT),NO INJURY / DRIVE AWAY,,,,"OVER $1,500",9/4/2019 18:38,FOLLOWING TOO CLOSELY,ROAD CONSTRUCTION/MAINTENANCE,7500,S,ASHLAND AVE,611,,,,,,,2,NO INDICATION OF INJURY,0,0,0,0,0,4,0,18,4,9,41.75773255,-87.66375456,POINT (-87.663754554797 41.757732551539)
JC420264,,9/4/2019 18:16,30,NO CONTROLS,NO CONTROLS,CLEAR,DAYLIGHT,REAR END,NOT DIVIDED,,STRAIGHT AND LEVEL,DRY,NO DEFECTS,ON SCENE,NO INJURY / DRIVE AWAY,,,,$500 OR LESS,9/4/2019 18:27,UNABLE TO DETERMINE,UNABLE TO DETERMINE,1098,N,CLARK ST,1824,,,,,,,2,NO INDICATION OF INJURY,0,0,0,0,0,2,0,18,4,9,41.90177655,-87.63153328,POINT (-87.631533278781 41.901776551189)
JC420287,,9/4/2019 18:12,35,STOP SIGN/FLASHER,FUNCTIONING PROPERLY,CLEAR,DAYLIGHT,TURNING,DIVIDED - W/MEDIAN (NOT RAISED),,STRAIGHT AND LEVEL,DRY,NO DEFECTS,ON SCENE,INJURY AND / OR TOW DUE TO CRASH,Y,,,"OVER $1,500",9/4/2019 18:12,FAILING TO YIELD RIGHT-OF-WAY,FAILING TO YIELD RIGHT-OF-WAY,927,W,59TH ST,712,,,,,,,2,NONINCAPACITATING INJURY,2,0,0,2,0,1,0,18,4,9,41.78686481,-87.64855593,POINT (-87.64855592499 41.786864814326)
JC421143,,9/4/2019 18:10,30,NO CONTROLS,NO CONTROLS,CLEAR,DAYLIGHT,PARKED MOTOR VEHICLE,NOT DIVIDED,,STRAIGHT AND LEVEL,DRY,UNKNOWN,NOT ON SCENE (DESK REPORT),NO INJURY / DRIVE AWAY,,,Y,$500 OR LESS,9/5/2019 13:51,UNABLE TO DETERMINE,UNABLE TO DETERMINE,2827,S,ARCHER AVE,913,,,,,,,2,NO INDICATION OF INJURY,0,0,0,0,0,1,0,18,4,9,41.84291777,-87.65504733,POINT (-87.655047330561 41.842917770288)
JC420269,,9/4/2019 18:10,25,NO CONTROLS,NO CONTROLS,CLEAR,DAYLIGHT,PARKED MOTOR VEHICLE,NOT DIVIDED,,STRAIGHT AND LEVEL,DRY,NO DEFECTS,ON SCENE,NO INJURY / DRIVE AWAY,,,,"$501 - $1,500",9/4/2019 18:11,UNABLE TO DETERMINE,UNABLE TO DETERMINE,3158,N,MOBILE AVE,2511,,,,,,,2,NO INDICATION OF INJURY,0,0,0,0,0,1,0,18,4,9,41.9383056,-87.78365104,POINT (-87.783651036572 41.938305598033)
JC420281,,9/4/2019 18:08,30,TRAFFIC SIGNAL,FUNCTIONING PROPERLY,CLEAR,DAYLIGHT,REAR TO FRONT,FOUR WAY,,STRAIGHT AND LEVEL,DRY,NO DEFECTS,ON SCENE,NO INJURY / DRIVE AWAY,Y,,,"$501 - $1,500",9/4/2019 18:15,FAILING TO REDUCE SPEED TO AVOID CRASH,IMPROPER BACKING,3900,S,WESTERN BLVD,921,,,,,,,2,NO INDICATION OF INJURY,0,0,0,0,0,4,0,18,4,9,41.82296363,-87.68438479,POINT (-87.684384785413 41.82296362788)
JC420256,,9/4/2019 18:06,30,NO CONTROLS,NO CONTROLS,CLEAR,DAYLIGHT,REAR END,DIVIDED - W/MEDIAN (NOT RAISED),,STRAIGHT AND LEVEL,DRY,NO DEFECTS,ON SCENE,INJURY AND / OR TOW DUE TO CRASH,,,,"OVER $1,500",9/4/2019 18:06,FAILING TO REDUCE SPEED TO AVOID CRASH,DISTRACTION - FROM INSIDE VEHICLE,5550,S,WESTERN AVE,824,,,,,,,2,NONINCAPACITATING INJURY,1,0,0,1,0,1,0,18,4,9,41.7923346,-87.68414545,POINT (-87.684145452735 41.7923345996)
JC421096,,9/4/2019 18:00,30,TRAFFIC SIGNAL,FUNCTIONING PROPERLY,CLEAR,DAYLIGHT,SIDESWIPE SAME DIRECTION,NOT DIVIDED,,STRAIGHT AND LEVEL,DRY,NO DEFECTS,NOT ON SCENE (DESK REPORT),NO INJURY / DRIVE AWAY,,,,$500 OR LESS,9/5/2019 13:00,UNABLE TO DETERMINE,UNABLE TO DETERMINE,321,W,76TH ST,623,,,,,,,2,NO INDICATION OF INJURY,0,0,0,0,0,2,0,18,4,9,41.75616972,-87.63279316,POINT (-87.632793157806 41.756169721981)
JC420354,,9/4/2019 18:00,30,UNKNOWN,UNKNOWN,CLEAR,DAYLIGHT,REAR END,NOT DIVIDED,,STRAIGHT AND LEVEL,DRY,NO DEFECTS,NOT ON SCENE (DESK REPORT),NO INJURY / DRIVE AWAY,,,,"OVER $1,500",9/4/2019 19:15,UNABLE TO DETERMINE,UNABLE TO DETERMINE,2400,W,47TH ST,922,,,,,,,2,NO INDICATION OF INJURY,0,0,0,0,0,2,0,18,4,9,41.80854224,-87.6845482,POINT (-87.684548201832 41.808542244315)
JC420263,,9/4/2019 17:58,45,TRAFFIC SIGNAL,FUNCTIONING PROPERLY,CLEAR,DAYLIGHT,REAR END,DIVIDED - W/MEDIAN BARRIER,,STRAIGHT AND LEVEL,DRY,NO DEFECTS,ON SCENE,INJURY AND / OR TOW DUE TO CRASH,N,,,"OVER $1,500",9/4/2019 18:10,DRIVING SKILLS/KNOWLEDGE/EXPERIENCE,UNABLE TO DETERMINE,302,S,LAKE SHORE DR SB,114,,,,,,,3,NO INDICATION OF INJURY,0,0,0,0,0,4,0,17,4,9,41.8782643,-87.61757472,POINT (-87.617574723577 41.87826429628)
JC420244,,9/4/2019 17:53,35,STOP SIGN/FLASHER,FUNCTIONING PROPERLY,CLEAR,DAYLIGHT,ANGLE,DIVIDED - W/MEDIAN (NOT RAISED),,STRAIGHT ON GRADE,DRY,UNKNOWN,ON SCENE,INJURY AND / OR TOW DUE TO CRASH,Y,,,"OVER $1,500",9/4/2019 17:53,FAILING TO YIELD RIGHT-OF-WAY,DRIVING SKILLS/KNOWLEDGE/EXPERIENCE,1805,W,MONTEREY AVE,2212,,,,,,,2,NO INDICATION OF INJURY,0,0,0,0,0,2,0,17,4,9,41.69087032,-87.66750624,POINT (-87.667506238336 41.690870316222)
JC421633,,9/4/2019 17:51,30,NO CONTROLS,NO CONTROLS,CLEAR,DAYLIGHT,SIDESWIPE SAME DIRECTION,NOT DIVIDED,,STRAIGHT AND LEVEL,DRY,NO DEFECTS,NOT ON SCENE (DESK REPORT),NO INJURY / DRIVE AWAY,,,,"$501 - $1,500",9/5/2019 19:25,FAILING TO YIELD RIGHT-OF-WAY,NOT APPLICABLE,5011,W,FULLERTON AVE,2522,,,,,,,2,NO INDICATION OF INJURY,0,0,0,0,0,2,0,17,4,9,41.92405911,-87.751728,POINT (-87.751728004374 41.924059105726)
JC430695,,9/4/2019 17:45,30,TRAFFIC SIGNAL,FUNCTIONING PROPERLY,CLEAR,DAYLIGHT,PEDALCYCLIST,ONE-WAY,,STRAIGHT AND LEVEL,DRY,NO DEFECTS,NOT ON SCENE (DESK REPORT),NO INJURY / DRIVE AWAY,,,Y,"OVER $1,500",9/12/2019 18:30,DRIVING SKILLS/KNOWLEDGE/EXPERIENCE,NOT APPLICABLE,630,N,WELLS ST,1831,,,,,,,2,NO INDICATION OF INJURY,0,0,0,0,0,2,0,17,4,9,41.89329877,-87.6342601,POINT (-87.634260100663 41.893298765741)
JC420230,,9/4/2019 17:43,30,STOP SIGN/FLASHER,FUNCTIONING PROPERLY,CLEAR,DAYLIGHT,ANGLE,DIVIDED - W/MEDIAN (NOT RAISED),,STRAIGHT AND LEVEL,DRY,UNKNOWN,ON SCENE,INJURY AND / OR TOW DUE TO CRASH,Y,,,"OVER $1,500",9/4/2019 17:55,DISREGARDING STOP SIGN,NOT APPLICABLE,2000,W,HASTINGS ST,1233,,,,,,,2,NONINCAPACITATING INJURY,1,0,0,1,0,3,0,17,4,9,41.86414129,-87.67629853,POINT (-87.676298526311 41.864141286421)
JC420991,,9/4/2019 17:40,25,NO CONTROLS,NO CONTROLS,CLEAR,DAYLIGHT,REAR END,NOT DIVIDED,,STRAIGHT AND LEVEL,DRY,NO DEFECTS,NOT ON SCENE (DESK REPORT),NO INJURY / DRIVE AWAY,,,,"$501 - $1,500",9/5/2019 11:25,UNABLE TO DETERMINE,UNABLE TO DETERMINE,3100,S,CALIFORNIA AVE,1033,,,,,,,2,NO INDICATION OF INJURY,0,0,0,0,0,2,0,17,4,9,41.83727705,-87.69517225,POINT (-87.695172246519 41.837277050366)
JC420292,,9/4/2019 17:40,30,UNKNOWN,UNKNOWN,CLEAR,DAYLIGHT,SIDESWIPE SAME DIRECTION,ONE-WAY,,STRAIGHT AND LEVEL,DRY,NO DEFECTS,NOT ON SCENE (DESK REPORT),NO INJURY / DRIVE AWAY,,,Y,"OVER $1,500",9/4/2019 18:30,UNABLE TO DETERMINE,UNABLE TO DETERMINE,601,S,MORGAN ST,1232,,,,,,,2,NO INDICATION OF INJURY,0,0,0,0,0,2,0,17,4,9,41.87430317,-87.65166206,POINT (-87.651662059153 41.874303165555)
JC421384,,9/4/2019 17:30,30,NO CONTROLS,NO CONTROLS,CLEAR,DAYLIGHT,REAR END,NOT DIVIDED,,STRAIGHT AND LEVEL,DRY,NO DEFECTS,NOT ON SCENE (DESK REPORT),NO INJURY / DRIVE AWAY,,,,"OVER $1,500",9/5/2019 16:30,FOLLOWING TOO CLOSELY,FAILING TO YIELD RIGHT-OF-WAY,2931,W,PETERSON AVE,2011,,,,,,,3,NO INDICATION OF INJURY,0,0,0,0,0,3,0,17,4,9,41.99031353,-87.70297799,POINT (-87.702977987652 41.990313528649)
JC420267,,9/4/2019 17:30,30,TRAFFIC SIGNAL,UNKNOWN,CLEAR,DAYLIGHT,TURNING,DIVIDED - W/MEDIAN (NOT RAISED),,STRAIGHT AND LEVEL,DRY,UNKNOWN,NOT ON SCENE (DESK REPORT),NO INJURY / DRIVE AWAY,Y,,,"OVER $1,500",9/4/2019 18:10,EQUIPMENT - VEHICLE CONDITION,FOLLOWING TOO CLOSELY,400,W,63RD ST,711,,,,,,,2,NO INDICATION OF INJURY,0,0,0,0,0,2,0,17,4,9,41.78001804,-87.63511276,POINT (-87.635112763932 41.780018036652)
JC420229,,9/4/2019 17:30,30,NO CONTROLS,NO CONTROLS,CLEAR,DAYLIGHT,SIDESWIPE SAME DIRECTION,DIVIDED - W/MEDIAN (NOT RAISED),,STRAIGHT AND LEVEL,DRY,NO DEFECTS,NOT ON SCENE (DESK REPORT),NO INJURY / DRIVE AWAY,,,,"OVER $1,500",9/4/2019 17:55,IMPROPER LANE USAGE,IMPROPER LANE USAGE,5700,N,SHERIDAN RD,2022,,,,,,,2,NO INDICATION OF INJURY,0,0,0,0,0,3,0,17,4,9,41.9856411,-87.65538854,POINT (-87.655388544127 41.985641095429)
JC420225,,9/4/2019 17:30,10,NO CONTROLS,NO CONTROLS,CLEAR,DAYLIGHT,ANGLE,PARKING LOT,,STRAIGHT AND LEVEL,DRY,NO DEFECTS,ON SCENE,NO INJURY / DRIVE AWAY,,,,"$501 - $1,500",9/4/2019 17:37,FAILING TO YIELD RIGHT-OF-WAY,UNABLE TO DETERMINE,2425,S,WALLACE ST,914,,,,,,,2,NO INDICATION OF INJURY,0,0,0,0,0,3,0,17,4,9,41.84858748,-87.6417838,POINT (-87.641783804448 41.848587480306)
JC420206,,9/4/2019 17:30,25,TRAFFIC SIGNAL,FUNCTIONING PROPERLY,CLEAR,DAYLIGHT,TURNING,NOT DIVIDED,,STRAIGHT AND LEVEL,DRY,NO DEFECTS,ON SCENE,INJURY AND / OR TOW DUE TO CRASH,,,Y,"OVER $1,500",9/4/2019 17:30,IMPROPER TURNING/NO SIGNAL,UNABLE TO DETERMINE,6916,S,CALIFORNIA AVE,831,,,,,,,2,NO INDICATION OF INJURY,0,0,0,0,0,3,0,17,4,9,41.76763226,-87.69325136,POINT (-87.693251357019 41.767632258031)
JC420215,,9/4/2019 17:27,30,NO CONTROLS,NO CONTROLS,CLEAR,DAYLIGHT,FIXED OBJECT,NOT DIVIDED,,STRAIGHT AND LEVEL,DRY,NO DEFECTS,ON SCENE,INJURY AND / OR TOW DUE TO CRASH,,,,"OVER $1,500",9/4/2019 17:27,DRIVING SKILLS/KNOWLEDGE/EXPERIENCE,NOT APPLICABLE,1944,W,33RD ST,912,,,,,,,1,NO INDICATION OF INJURY,0,0,0,0,0,3,0,17,4,9,41.83414419,-87.67475346,POINT (-87.674753454574 41.83414418823)
JC420176,,9/4/2019 17:20,35,TRAFFIC SIGNAL,FUNCTIONING PROPERLY,CLEAR,DAYLIGHT,TURNING,NOT DIVIDED,,STRAIGHT AND LEVEL,DRY,NO DEFECTS,ON SCENE,NO INJURY / DRIVE AWAY,Y,,,"OVER $1,500",9/4/2019 17:20,FAILING TO YIELD RIGHT-OF-WAY,NOT APPLICABLE,1450,S,CANAL ST,124,,,,,,,2,NO INDICATION OF INJURY,0,0,0,0,0,2,0,17,4,9,41.86222539,-87.63923315,POINT (-87.639233147419 41.862225391805)
JC420237,,9/4/2019 17:15,30,TRAFFIC SIGNAL,FUNCTIONING PROPERLY,CLEAR,DAYLIGHT,PEDESTRIAN,DIVIDED - W/MEDIAN BARRIER,,STRAIGHT AND LEVEL,DRY,UNKNOWN,ON SCENE,INJURY AND / OR TOW DUE TO CRASH,Y,,Y,$500 OR LESS,9/4/2019 18:00,UNABLE TO DETERMINE,UNABLE TO DETERMINE,7101,S,STATE ST,323,,,,,,,2,NONINCAPACITATING INJURY,1,0,0,1,0,1,0,17,4,9,41.7653974,-87.62475729,POINT (-87.624757285727 41.765397402699)
JC420202,,9/4/2019 17:15,30,TRAFFIC SIGNAL,FUNCTIONING PROPERLY,CLEAR,DAYLIGHT,ANGLE,NOT DIVIDED,,STRAIGHT AND LEVEL,DRY,NO DEFECTS,ON SCENE,INJURY AND / OR TOW DUE TO CRASH,Y,,,"$501 - $1,500",9/4/2019 17:15,FAILING TO YIELD RIGHT-OF-WAY,NOT APPLICABLE,5201,W,MADISON ST,1522,,Y,,,,,2,"REPORTED, NOT EVIDENT",2,0,0,0,2,1,0,17,4,9,41.88026125,-87.75512498,POINT (-87.755124979873 41.880261254492)
JC420210,,9/4/2019 17:10,30,NO CONTROLS,NO CONTROLS,CLEAR,DAYLIGHT,REAR END,DIVIDED - W/MEDIAN BARRIER,,STRAIGHT AND LEVEL,DRY,NO DEFECTS,ON SCENE,NO INJURY / DRIVE AWAY,,,,"OVER $1,500",9/4/2019 17:20,UNABLE TO DETERMINE,UNABLE TO DETERMINE,1137,W,HARRISON ST,1232,,,,,,,2,NO INDICATION OF INJURY,0,0,0,0,0,3,0,17,4,9,41.8741901,-87.65579325,POINT (-87.655793249727 41.874190098331)
JC420166,,9/4/2019 17:05,30,NO CONTROLS,NO CONTROLS,CLEAR,DAYLIGHT,PARKED MOTOR VEHICLE,NOT DIVIDED,,STRAIGHT AND LEVEL,DRY,NO DEFECTS,NOT ON SCENE (DESK REPORT),NO INJURY / DRIVE AWAY,,,Y,"OVER $1,500",9/4/2019 17:20,UNABLE TO DETERMINE,UNABLE TO DETERMINE,639,W,37TH ST,915,,,,,,,2,NO INDICATION OF INJURY,0,0,0,0,0,2,0,17,4,9,41.82703631,-87.64267039,POINT (-87.642670386212 41.827036306402)
JC420157,,9/4/2019 17:01,30,TRAFFIC SIGNAL,FUNCTIONING PROPERLY,CLEAR,DAYLIGHT,SIDESWIPE SAME DIRECTION,DIVIDED - W/MEDIAN BARRIER,,STRAIGHT AND LEVEL,DRY,NO DEFECTS,ON SCENE,NO INJURY / DRIVE AWAY,,,,$500 OR LESS,9/4/2019 17:06,IMPROPER TURNING/NO SIGNAL,UNABLE TO DETERMINE,670,N,CLARK ST,1832,,,,,,,2,NO INDICATION OF INJURY,0,0,0,0,0,2,0,17,4,9,41.89450278,-87.63134326,POINT (-87.631343259071 41.894502778389)
JC420432,,9/4/2019 17:00,30,NO CONTROLS,NO CONTROLS,CLEAR,DAYLIGHT,PARKED MOTOR VEHICLE,PARKING LOT,,STRAIGHT AND LEVEL,DRY,NO DEFECTS,NOT ON SCENE (DESK REPORT),NO INJURY / DRIVE AWAY,,,,"$501 - $1,500",9/4/2019 20:00,IMPROPER BACKING,IMPROPER BACKING,5356,S,ARCHER AVE,815,,,,,,,2,NO INDICATION OF INJURY,0,0,0,0,0,1,0,17,4,9,41.79885029,-87.74245455,POINT (-87.742454547479 41.798850284747)
JC420327,,9/4/2019 17:00,25,NO CONTROLS,NO CONTROLS,CLEAR,DAYLIGHT,PARKED MOTOR VEHICLE,DIVIDED - W/MEDIAN (NOT RAISED),,STRAIGHT AND LEVEL,DRY,NO DEFECTS,NOT ON SCENE (DESK REPORT),NO INJURY / DRIVE AWAY,,,Y,"$501 - $1,500",9/4/2019 19:00,DRIVING SKILLS/KNOWLEDGE/EXPERIENCE,UNABLE TO DETERMINE,331,E,47TH ST,224,,,,,,,2,NO INDICATION OF INJURY,0,0,0,0,0,1,0,17,4,9,41.8092476,-87.61822216,POINT (-87.61822215528 41.809247602296)
JC420189,,9/4/2019 17:00,35,NO CONTROLS,NO CONTROLS,CLEAR,DAYLIGHT,SIDESWIPE SAME DIRECTION,NOT DIVIDED,,STRAIGHT AND LEVEL,DRY,NO DEFECTS,NOT ON SCENE (DESK REPORT),NO INJURY / DRIVE AWAY,,,N,"$501 - $1,500",9/4/2019 17:30,UNABLE TO DETERMINE,NOT APPLICABLE,5600,N,MILWAUKEE AVE,1622,,,,,,,2,NO INDICATION OF INJURY,0,0,0,0,0,2,0,17,4,9,41.98287042,-87.77448693,POINT (-87.774486927674 41.982870423201)
JC420161,,9/4/2019 17:00,30,NO CONTROLS,NO CONTROLS,CLEAR,DAYLIGHT,PEDALCYCLIST,DIVIDED - W/MEDIAN (NOT RAISED),,STRAIGHT AND LEVEL,DRY,NO DEFECTS,ON SCENE,INJURY AND / OR TOW DUE TO CRASH,Y,,Y,"$501 - $1,500",9/4/2019 17:05,FAILING TO YIELD RIGHT-OF-WAY,NOT APPLICABLE,3868,W,GRAND AVE,2535,,,,,,,2,NONINCAPACITATING INJURY,1,0,0,1,0,1,0,17,4,9,41.90525297,-87.7238126,POINT (-87.723812603401 41.905252966116)