RD_NO,CRASH_DATE_EST_I,CRASH_DATE,POSTED_SPEED_LIMIT,TRAFFIC_CONTROL_DEVICE,DEVICE_CONDITION,WEATHER_CONDITION,LIGHTING_CONDITION,FIRST_CRASH_TYPE,TRAFFICWAY_TYPE,LANE_CNT,ALIGNMENT,ROADWAY_SURFACE_COND,ROAD_DEFECT,REPORT_TYPE,CRASH_TYPE,INTERSECTION_RELATED_I,NOT_RIGHT_OF_WAY_I,HIT_AND_RUN_I,DAMAGE,DATE_POLICE_NOTIFIED,PRIM_CONTRIBUTORY_CAUSE,SEC_CONTRIBUTORY_CAUSE,STREET_NO,STREET_DIRECTION,STREET_NAME,BEAT_OF_OCCURRENCE,PHOTOS_TAKEN_I,STATEMENTS_TAKEN_I,DOORING_I,WORK_ZONE_I,WORK_ZONE_TYPE,WORKERS_PRESENT_I,NUM_UNITS,MOST_SEVERE_INJURY,INJURIES_TOTAL,INJURIES_FATAL,INJURIES_INCAPACITATING,INJURIES_NON_INCAPACITATING,INJURIES_REPORTED_NOT_EVIDENT,INJURIES_NO_INDICATION,INJURIES_UNKNOWN,CRASH_HOUR,CRASH_DAY_OF_WEEK,CRASH_MONTH,LATITUDE,LONGITUDE,LOCATION
JC420152,,9/4/2019 17:00,30,NO CONTROLS,NO CONTROLS,CLEAR,DAYLIGHT,ANGLE,ONE-WAY,,STRAIGHT AND LEVEL,DRY,NO DEFECTS,ON SCENE,INJURY AND / OR TOW DUE TO CRASH,Y,,,"OVER $1,500",9/4/2019 17:01,FAILING TO YIELD RIGHT-OF-WAY,UNABLE TO DETERMINE,2149,W,RICE ST,1212,,,,,,,2,NO INDICATION OF INJURY,0,0,0,0,0,2,0,17,4,9,41.89664701,-87.68146852,POINT (-87.681468516428 41.896647010767)
JC420150,,9/4/2019 17:00,35,TRAFFIC SIGNAL,UNKNOWN,CLEAR,DAYLIGHT,REAR END,DIVIDED - W/MEDIAN (NOT RAISED),,STRAIGHT AND LEVEL,DRY,UNKNOWN,ON SCENE,NO INJURY / DRIVE AWAY,,,Y,"OVER $1,500",9/4/2019 17:00,FAILING TO REDUCE SPEED TO AVOID CRASH,FAILING TO REDUCE SPEED TO AVOID CRASH,5900,S,NORMAL BLVD,711,,,,,,,2,NO INDICATION OF INJURY,0,0,0,0,0,2,0,17,4,9,41.78705508,-87.63780717,POINT (-87.637807172888 41.787055074662)
JB420252,,9/4/2019 17:00,30,TRAFFIC SIGNAL,FUNCTIONING PROPERLY,CLEAR,DAYLIGHT,REAR END,DIVIDED - W/MEDIAN (NOT RAISED),,STRAIGHT AND LEVEL,DRY,UNKNOWN,NOT ON SCENE (DESK REPORT),NO INJURY / DRIVE AWAY,,,,"$501 - $1,500",9/4/2019 17:00,UNABLE TO DETERMINE,UNABLE TO DETERMINE,5101,N,KIMBALL AVE,1713,,,,,,,2,NO INDICATION OF INJURY,0,0,0,0,0,2,0,17,4,9,41.97401636,-87.71337241,POINT (-87.713372407296 41.974016360532)
JC428970,,9/4/2019 16:55,30,NO CONTROLS,UNKNOWN,UNKNOWN,DAYLIGHT,ANGLE,NOT DIVIDED,,STRAIGHT AND LEVEL,UNKNOWN,UNKNOWN,NOT ON SCENE (DESK REPORT),NO INJURY / DRIVE AWAY,,,,"$501 - $1,500",9/11/2019 14:30,FAILING TO YIELD RIGHT-OF-WAY,DRIVING SKILLS/KNOWLEDGE/EXPERIENCE,1101,W,IRVING PARK RD,1923,,,,,,,2,NO INDICATION OF INJURY,0,0,0,0,0,3,0,16,4,9,41.95434048,-87.65698331,POINT (-87.656983313806 41.954340478512)
JC421778,,9/4/2019 16:50,40,NO CONTROLS,NO CONTROLS,CLEAR,DAYLIGHT,REAR END,DIVIDED - W/MEDIAN BARRIER,,STRAIGHT AND LEVEL,DRY,NO DEFECTS,NOT ON SCENE (DESK REPORT),NO INJURY / DRIVE AWAY,,,,"$501 - $1,500",9/5/2019 21:45,UNABLE TO DETERMINE,NOT APPLICABLE,1517,S,LAKE SHORE DR E,132,,,,,,,2,NO INDICATION OF INJURY,0,0,0,0,0,2,0,16,4,9,41.86160174,-87.61797981,POINT (-87.617979813252 41.861601744174)
JC420188,,9/4/2019 16:45,30,NO CONTROLS,NO CONTROLS,CLEAR,DAYLIGHT,SIDESWIPE SAME DIRECTION,DIVIDED - W/MEDIAN (NOT RAISED),,STRAIGHT AND LEVEL,DRY,NO DEFECTS,ON SCENE,NO INJURY / DRIVE AWAY,,,,$500 OR LESS,9/4/2019 17:00,IMPROPER LANE USAGE,NOT APPLICABLE,7601,S,CICERO AVE,833,,,,,,,2,NO INDICATION OF INJURY,0,0,0,0,0,5,0,16,4,9,41.75466012,-87.74138476,POINT (-87.741384758605 41.754660124394)
JC420146,,9/4/2019 16:45,30,NO CONTROLS,NO CONTROLS,CLEAR,DAYLIGHT,TURNING,DIVIDED - W/MEDIAN (NOT RAISED),,STRAIGHT AND LEVEL,DRY,NO DEFECTS,NOT ON SCENE (DESK REPORT),NO INJURY / DRIVE AWAY,,,,"$501 - $1,500",9/4/2019 17:00,UNABLE TO DETERMINE,UNABLE TO DETERMINE,5557,W,GRAND AVE,2515,,,,,,,2,NO INDICATION OF INJURY,0,0,0,0,0,2,0,16,4,9,41.91862941,-87.76568981,POINT (-87.765689805855 41.918629412196)
JC420112,Y,9/4/2019 16:40,30,NO CONTROLS,NO CONTROLS,CLEAR,DAYLIGHT,SIDESWIPE SAME DIRECTION,NOT DIVIDED,,STRAIGHT AND LEVEL,DRY,NO DEFECTS,ON SCENE,NO INJURY / DRIVE AWAY,,,Y,$500 OR LESS,9/4/2019 16:41,UNABLE TO DETERMINE,NOT APPLICABLE,5010,W,NORTH AVE,2533,,,,,,,2,NO INDICATION OF INJURY,0,0,0,0,0,3,0,16,4,9,41.90966505,-87.7516092,POINT (-87.751609199148 41.909665048658)
JC420099,Y,9/4/2019 16:35,30,NO CONTROLS,NO CONTROLS,CLEAR,DAYLIGHT,SIDESWIPE SAME DIRECTION,DIVIDED - W/MEDIAN (NOT RAISED),,STRAIGHT AND LEVEL,DRY,NO DEFECTS,ON SCENE,NO INJURY / DRIVE AWAY,,,Y,$500 OR LESS,9/4/2019 16:35,NOT APPLICABLE,NOT APPLICABLE,3700,W,FULLERTON AVE,2524,,,,,,,2,NO INDICATION OF INJURY,0,0,0,0,0,2,0,16,4,9,41.9246824,-87.71950184,POINT (-87.719501835372 41.92468239973)
JC420236,,9/4/2019 16:31,30,NO CONTROLS,NO CONTROLS,CLEAR,DAYLIGHT,TURNING,NOT DIVIDED,,STRAIGHT AND LEVEL,DRY,NO DEFECTS,ON SCENE,INJURY AND / OR TOW DUE TO CRASH,,,,"OVER $1,500",9/4/2019 17:10,EQUIPMENT - VEHICLE CONDITION,UNABLE TO DETERMINE,7758,S,DAMEN AVE,611,,,,,,,2,NO INDICATION OF INJURY,0,0,0,0,0,2,0,16,4,9,41.75214034,-87.67333093,POINT (-87.673330928287 41.752140343911)
JC420141,,9/4/2019 16:30,30,NO CONTROLS,NO CONTROLS,CLEAR,DAYLIGHT,PARKED MOTOR VEHICLE,ONE-WAY,,STRAIGHT AND LEVEL,DRY,NO DEFECTS,ON SCENE,NO INJURY / DRIVE AWAY,,,Y,"$501 - $1,500",9/4/2019 16:36,IMPROPER BACKING,"OPERATING VEHICLE IN ERRATIC, RECKLESS, CARELESS, NEGLIGENT OR AGGRESSIVE MANNER",153,E,ERIE ST,1834,Y,,,,,,2,NO INDICATION OF INJURY,0,0,0,0,0,4,0,16,4,9,41.89404236,-87.62338516,POINT (-87.623385155458 41.894042358283)
JC420134,,9/4/2019 16:30,30,NO CONTROLS,FUNCTIONING PROPERLY,CLEAR,DAYLIGHT,PARKED MOTOR VEHICLE,NOT DIVIDED,,STRAIGHT AND LEVEL,DRY,NO DEFECTS,NOT ON SCENE (DESK REPORT),NO INJURY / DRIVE AWAY,,,Y,"OVER $1,500",9/4/2019 17:01,FAILING TO YIELD RIGHT-OF-WAY,NOT APPLICABLE,1079,W,TAYLOR ST,1232,,,,,,,2,NO INDICATION OF INJURY,0,0,0,0,0,5,0,16,4,9,41.86934859,-87.6541691,POINT (-87.654169096489 41.869348588423)
JC420190,,9/4/2019 16:29,30,NO CONTROLS,NO CONTROLS,CLEAR,DAYLIGHT,PARKED MOTOR VEHICLE,NOT DIVIDED,,STRAIGHT AND LEVEL,DRY,NO DEFECTS,ON SCENE,NO INJURY / DRIVE AWAY,,,,$500 OR LESS,9/4/2019 17:00,IMPROPER OVERTAKING/PASSING,NOT APPLICABLE,1747,N,MAPLEWOOD AVE,1434,,,,,,,2,NO INDICATION OF INJURY,0,0,0,0,0,1,0,16,4,9,41.91345432,-87.69082031,POINT (-87.69082030781 41.913454314729)
JC421254,,9/4/2019 16:27,30,TRAFFIC SIGNAL,FUNCTIONING PROPERLY,CLEAR,DAYLIGHT,SIDESWIPE SAME DIRECTION,NOT DIVIDED,,STRAIGHT AND LEVEL,DRY,NO DEFECTS,NOT ON SCENE (DESK REPORT),NO INJURY / DRIVE AWAY,Y,,Y,"$501 - $1,500",9/5/2019 15:10,IMPROPER LANE USAGE,NOT APPLICABLE,5601,W,FULLERTON AVE,2515,,,,,,,2,NO INDICATION OF INJURY,0,0,0,0,0,2,0,16,4,9,41.92387069,-87.76604922,POINT (-87.766049221352 41.923870688815)
JC420103,,9/4/2019 16:22,20,STOP SIGN/FLASHER,UNKNOWN,UNKNOWN,UNKNOWN,TURNING,NOT DIVIDED,,STRAIGHT AND LEVEL,UNKNOWN,UNKNOWN,NOT ON SCENE (DESK REPORT),NO INJURY / DRIVE AWAY,,,,$500 OR LESS,9/4/2019 16:35,DISREGARDING STOP SIGN,IMPROPER TURNING/NO SIGNAL,2000,S,RACINE AVE,1235,,,,,,,2,NO INDICATION OF INJURY,0,0,0,0,0,2,0,16,4,9,41.85515446,-87.65649128,POINT (-87.656491278962 41.855154462063)
JC420105,,9/4/2019 16:21,30,STOP SIGN/FLASHER,NO CONTROLS,CLEAR,DAWN,TURNING,DIVIDED - W/MEDIAN (NOT RAISED),,STRAIGHT AND LEVEL,DRY,NO DEFECTS,ON SCENE,NO INJURY / DRIVE AWAY,,,,"OVER $1,500",9/4/2019 16:27,FAILING TO YIELD RIGHT-OF-WAY,NOT APPLICABLE,7101,W,BELMONT AVE,2511,,,,,,,2,NO INDICATION OF INJURY,0,0,0,0,0,3,0,16,4,9,41.93792531,-87.80399539,POINT (-87.803995385754 41.937925305714)
JC420098,,9/4/2019 16:20,30,NO CONTROLS,NO CONTROLS,CLEAR,DAYLIGHT,ANGLE,NOT DIVIDED,,STRAIGHT AND LEVEL,DRY,NO DEFECTS,ON SCENE,INJURY AND / OR TOW DUE TO CRASH,Y,,,"OVER $1,500",9/4/2019 16:27,FAILING TO YIELD RIGHT-OF-WAY,NOT APPLICABLE,6234,W,HIGGINS AVE,1622,,,,,,,2,NO INDICATION OF INJURY,0,0,0,0,0,2,0,16,4,9,41.9752621,-87.7843291,POINT (-87.784329103988 41.975262096096)
JC420151,,9/4/2019 16:19,30,TRAFFIC SIGNAL,FUNCTIONING PROPERLY,CLEAR,DAYLIGHT,REAR END,DIVIDED - W/MEDIAN (NOT RAISED),,STRAIGHT AND LEVEL,DRY,NO DEFECTS,ON SCENE,NO INJURY / DRIVE AWAY,,,,"OVER $1,500",9/4/2019 16:21,FAILING TO REDUCE SPEED TO AVOID CRASH,UNABLE TO DETERMINE,4501,S,PULASKI RD,821,,,,,,,2,NO INDICATION OF INJURY,0,0,0,0,0,2,0,16,4,9,41.81145154,-87.72357465,POINT (-87.72357465442 41.811451542236)
JC420228,,9/4/2019 16:15,25,TRAFFIC SIGNAL,FUNCTIONING PROPERLY,CLEAR,DAYLIGHT,REAR END,DIVIDED - W/MEDIAN (NOT RAISED),,STRAIGHT AND LEVEL,DRY,NO DEFECTS,NOT ON SCENE (DESK REPORT),NO INJURY / DRIVE AWAY,Y,,Y,"$501 - $1,500",9/4/2019 17:58,UNABLE TO DETERMINE,NOT APPLICABLE,5700,S,CORNELL DR,331,,,,Y,CONSTRUCTION,Y,2,NO INDICATION OF INJURY,0,0,0,0,0,2,0,16,4,9,41.7915802,-87.58556422,POINT (-87.585564215195 41.791580204331)
JC420108,,9/4/2019 16:15,30,STOP SIGN/FLASHER,FUNCTIONING PROPERLY,CLEAR,DAYLIGHT,ANGLE,NOT DIVIDED,,STRAIGHT AND LEVEL,DRY,NO DEFECTS,ON SCENE,INJURY AND / OR TOW DUE TO CRASH,Y,,,"OVER $1,500",9/4/2019 16:32,DISREGARDING STOP SIGN,NOT APPLICABLE,1801,W,TAYLOR ST,1231,,,,,,,2,NO INDICATION OF INJURY,0,0,0,0,0,2,0,16,4,9,41.86908325,-87.67153169,POINT (-87.671531691578 41.869083252589)
JC420096,,9/4/2019 16:10,25,STOP SIGN/FLASHER,FUNCTIONING PROPERLY,CLEAR,DAYLIGHT,ANGLE,NOT DIVIDED,,STRAIGHT AND LEVEL,DRY,NO DEFECTS,ON SCENE,INJURY AND / OR TOW DUE TO CRASH,Y,,,"OVER $1,500",9/4/2019 16:12,DISREGARDING STOP SIGN,FAILING TO YIELD RIGHT-OF-WAY,9800,S,DAMEN AVE,2213,,,,,,,2,NO INDICATION OF INJURY,0,0,0,0,0,2,0,16,4,9,41.71553161,-87.6723458,POINT (-87.672345799319 41.715531608091)
JC420217,,9/4/2019 16:05,30,NO CONTROLS,NO CONTROLS,CLEAR,DAYLIGHT,PARKED MOTOR VEHICLE,NOT DIVIDED,,STRAIGHT AND LEVEL,DRY,NO DEFECTS,NOT ON SCENE (DESK REPORT),NO INJURY / DRIVE AWAY,,,Y,"OVER $1,500",9/4/2019 17:50,UNABLE TO DETERMINE,UNABLE TO DETERMINE,5430,W,GALE ST,1623,,,,,,,2,NO INDICATION OF INJURY,0,0,0,0,0,1,0,16,4,9,41.9702142,-87.76425541,POINT (-87.764255414239 41.97021419822)
JC420165,,9/4/2019 16:05,30,NO CONTROLS,NO CONTROLS,CLEAR,DAYLIGHT,PEDALCYCLIST,T-INTERSECTION,,STRAIGHT AND LEVEL,DRY,NO DEFECTS,NOT ON SCENE (DESK REPORT),NO INJURY / DRIVE AWAY,,,,"$501 - $1,500",9/4/2019 17:16,UNABLE TO DETERMINE,NOT APPLICABLE,1800,N,ROCKWELL ST,1421,,,,,,,2,NO INDICATION OF INJURY,0,0,0,0,0,2,0,16,4,9,41.91399148,-87.69235116,POINT (-87.692351162123 41.913991475125)
JC420091,,9/4/2019 16:05,20,NO CONTROLS,NO CONTROLS,CLEAR,DAYLIGHT,PARKED MOTOR VEHICLE,ONE-WAY,,STRAIGHT AND LEVEL,DRY,NO DEFECTS,ON SCENE,NO INJURY / DRIVE AWAY,,,,"$501 - $1,500",9/4/2019 16:10,DRIVING SKILLS/KNOWLEDGE/EXPERIENCE,NOT APPLICABLE,5650,N,MOZART ST,2011,,,,,,,2,NO INDICATION OF INJURY,0,0,0,0,0,1,0,16,4,9,41.98461372,-87.70056525,POINT (-87.700565250281 41.984613716529)
JC420088,,9/4/2019 16:05,30,NO CONTROLS,NO CONTROLS,CLEAR,DAYLIGHT,REAR END,ONE-WAY,,STRAIGHT AND LEVEL,DRY,NO DEFECTS,NOT ON SCENE (DESK REPORT),NO INJURY / DRIVE AWAY,,,,"$501 - $1,500",9/4/2019 16:30,UNABLE TO DETERMINE,UNABLE TO DETERMINE,4367,W,25TH PL,1013,,,,,,,2,NO INDICATION OF INJURY,0,0,0,0,0,2,0,16,4,9,41.84492767,-87.7337061,POINT (-87.733706101497 41.844927671446)
JC420086,,9/4/2019 16:05,30,TRAFFIC SIGNAL,FUNCTIONING PROPERLY,CLEAR,DAYLIGHT,TURNING,FOUR WAY,,STRAIGHT AND LEVEL,DRY,NO DEFECTS,ON SCENE,NO INJURY / DRIVE AWAY,Y,,,"OVER $1,500",9/4/2019 16:25,IMPROPER TURNING/NO SIGNAL,NOT APPLICABLE,3500,S,WESTERN AVE,911,,Y,,,,,2,NO INDICATION OF INJURY,0,0,0,0,0,2,0,16,4,9,41.83018726,-87.68517793,POINT (-87.685177925102 41.830187255269)
JC429129,,9/4/2019 16:00,30,TRAFFIC SIGNAL,FUNCTIONING PROPERLY,CLEAR,DAYLIGHT,TURNING,ONE-WAY,,STRAIGHT AND LEVEL,DRY,NO DEFECTS,NOT ON SCENE (DESK REPORT),NO INJURY / DRIVE AWAY,Y,,,"$501 - $1,500",9/11/2019 16:20,IMPROPER OVERTAKING/PASSING,NOT APPLICABLE,8,W,OHIO ST,1832,,,,,,,2,NO INDICATION OF INJURY,0,0,0,0,0,2,0,16,4,9,41.89257422,-87.62842558,POINT (-87.628425584301 41.892574218075)
JC420316,,9/4/2019 16:00,15,NO CONTROLS,NO CONTROLS,CLEAR,DAYLIGHT,REAR TO SIDE,PARKING LOT,,STRAIGHT AND LEVEL,DRY,NO DEFECTS,NOT ON SCENE (DESK REPORT),NO INJURY / DRIVE AWAY,,,,"OVER $1,500",9/4/2019 19:00,DRIVING SKILLS/KNOWLEDGE/EXPERIENCE,UNABLE TO DETERMINE,4608,W,BELMONT AVE,1731,,,,,,,2,NO INDICATION OF INJURY,0,0,0,0,0,2,0,16,4,9,41.93899382,-87.74269899,POINT (-87.742698989467 41.938993824336)
JC420104,,9/4/2019 16:00,30,NO CONTROLS,NO CONTROLS,CLEAR,DAYLIGHT,REAR END,NOT DIVIDED,,STRAIGHT AND LEVEL,DRY,NO DEFECTS,NOT ON SCENE (DESK REPORT),NO INJURY / DRIVE AWAY,,,,"OVER $1,500",9/4/2019 16:30,FOLLOWING TOO CLOSELY,NOT APPLICABLE,5298,N,CICERO AVE,1621,,,,,,,2,NO INDICATION OF INJURY,0,0,0,0,0,2,0,16,4,9,41.97791175,-87.7482263,POINT (-87.748226298289 41.977911752895)
JC420092,,9/4/2019 16:00,30,STOP SIGN/FLASHER,NO CONTROLS,CLEAR,DAYLIGHT,FIXED OBJECT,DIVIDED - W/MEDIAN (NOT RAISED),,STRAIGHT AND LEVEL,DRY,NO DEFECTS,ON SCENE,NO INJURY / DRIVE AWAY,,,,"$501 - $1,500",9/4/2019 16:14,UNABLE TO DETERMINE,UNABLE TO DETERMINE,4647,N,LAWLER AVE,1623,,,,,,,1,NO INDICATION OF INJURY,0,0,0,0,0,5,0,16,4,9,41.96564444,-87.75364343,POINT (-87.753643425697 41.965644440524)
JC420302,,9/4/2019 15:56,30,STOP SIGN/FLASHER,FUNCTIONING IMPROPERLY,CLEAR,DAYLIGHT,FIXED OBJECT,DIVIDED - W/MEDIAN (NOT RAISED),,STRAIGHT AND LEVEL,DRY,NO DEFECTS,ON SCENE,NO INJURY / DRIVE AWAY,,,,"OVER $1,500",9/4/2019 15:56,"OPERATING VEHICLE IN ERRATIC, RECKLESS, CARELESS, NEGLIGENT OR AGGRESSIVE MANNER",UNABLE TO DETERMINE,202,E,41ST ST,213,Y,,,,,,2,NO INDICATION OF INJURY,0,0,0,0,0,2,0,15,4,9,41.82028139,-87.62133706,POINT (-87.621337057524 41.82028138961)
JC420068,,9/4/2019 15:55,30,NO CONTROLS,NO CONTROLS,CLEAR,DAYLIGHT,REAR END,NOT DIVIDED,,STRAIGHT AND LEVEL,DRY,NO DEFECTS,NOT ON SCENE (DESK REPORT),INJURY AND / OR TOW DUE TO CRASH,,,,"$501 - $1,500",9/4/2019 16:22,FOLLOWING TOO CLOSELY,FAILING TO REDUCE SPEED TO AVOID CRASH,4330,W,BELMONT AVE,1731,,,,,,,2,"REPORTED, NOT EVIDENT",1,0,0,0,1,2,0,15,4,9,41.93908931,-87.73582829,POINT (-87.735828292419 41.939089311766)
JC420106,,9/4/2019 15:54,30,TRAFFIC SIGNAL,FUNCTIONING PROPERLY,CLEAR,DAYLIGHT,TURNING,T-INTERSECTION,,STRAIGHT AND LEVEL,DRY,NO DEFECTS,ON SCENE,NO INJURY / DRIVE AWAY,Y,,,"OVER $1,500",9/4/2019 15:54,IMPROPER TURNING/NO SIGNAL,IMPROPER TURNING/NO SIGNAL,400,E,87TH ST,632,,,,,,,2,NO INDICATION OF INJURY,0,0,0,0,0,3,0,15,4,9,41.73661397,-87.61444973,POINT (-87.614449730497 41.736613967437)
JC420073,,9/4/2019 15:50,30,NO CONTROLS,NO CONTROLS,CLEAR,DAYLIGHT,PARKED MOTOR VEHICLE,NOT DIVIDED,,STRAIGHT AND LEVEL,DRY,UNKNOWN,ON SCENE,NO INJURY / DRIVE AWAY,,,,"OVER $1,500",9/4/2019 15:55,UNABLE TO DETERMINE,UNABLE TO DETERMINE,2132,S,MICHIGAN AVE,131,,,,,,,2,NO INDICATION OF INJURY,0,0,0,0,0,2,0,15,4,9,41.85323834,-87.62397396,POINT (-87.623973964477 41.853238341608)
JC420045,,9/4/2019 15:50,30,NO CONTROLS,NO CONTROLS,CLEAR,DAYLIGHT,PARKED MOTOR VEHICLE,ONE-WAY,,STRAIGHT AND LEVEL,DRY,NO DEFECTS,ON SCENE,NO INJURY / DRIVE AWAY,,,,$500 OR LESS,9/4/2019 16:05,UNABLE TO DETERMINE,NOT APPLICABLE,844,W,WINDSOR AVE,1914,,,,,,,2,NO INDICATION OF INJURY,0,0,0,0,0,9,0,15,4,9,41.96460445,-87.65174456,POINT (-87.651744556253 41.964604453037)
JC420024,,9/4/2019 15:45,20,NO CONTROLS,NO CONTROLS,CLEAR,DAYLIGHT,REAR END,ONE-WAY,,STRAIGHT AND LEVEL,DRY,NO DEFECTS,ON SCENE,NO INJURY / DRIVE AWAY,,,Y,"$501 - $1,500",9/4/2019 15:50,UNABLE TO DETERMINE,NOT APPLICABLE,3530,E,114TH ST,433,,,,,,,2,NO INDICATION OF INJURY,0,0,0,0,0,2,0,15,4,9,41.68832981,-87.53775237,POINT (-87.537752373182 41.688329811074)
JC420123,,9/4/2019 15:40,30,NO CONTROLS,NO CONTROLS,CLEAR,DAYLIGHT,REAR END,ONE-WAY,,STRAIGHT AND LEVEL,DRY,NO DEFECTS,NOT ON SCENE (DESK REPORT),NO INJURY / DRIVE AWAY,,,,"OVER $1,500",9/4/2019 16:00,UNABLE TO DETERMINE,NOT APPLICABLE,5436,S,WELLS ST,935,,,,,,,2,NO INDICATION OF INJURY,0,0,0,0,0,2,0,15,4,9,41.79523051,-87.63197966,POINT (-87.631979660524 41.795230510553)
JC420101,,9/4/2019 15:40,30,STOP SIGN/FLASHER,FUNCTIONING PROPERLY,CLEAR,DAYLIGHT,REAR END,NOT DIVIDED,,STRAIGHT AND LEVEL,DRY,NO DEFECTS,NOT ON SCENE (DESK REPORT),NO INJURY / DRIVE AWAY,,,Y,"$501 - $1,500",9/4/2019 17:26,IMPROPER OVERTAKING/PASSING,FAILING TO REDUCE SPEED TO AVOID CRASH,1831,N,KEDVALE AVE,2534,,,,,,,2,NO INDICATION OF INJURY,0,0,0,0,0,5,0,15,4,9,41.91445118,-87.72998968,POINT (-87.729989683192 41.914451177402)
JC420029,,9/4/2019 15:37,30,STOP SIGN/FLASHER,FUNCTIONING PROPERLY,CLEAR,DAYLIGHT,ANGLE,FOUR WAY,,STRAIGHT AND LEVEL,DRY,NO DEFECTS,ON SCENE,INJURY AND / OR TOW DUE TO CRASH,Y,,,"OVER $1,500",9/4/2019 15:49,FAILING TO REDUCE SPEED TO AVOID CRASH,FAILING TO YIELD RIGHT-OF-WAY,3600,S,WESTERN AVE,911,,,,,,,2,NO INDICATION OF INJURY,0,0,0,0,0,3,0,15,4,9,41.82838159,-87.68512204,POINT (-87.685122042848 41.828381587588)
JC420014,,9/4/2019 15:35,25,NO CONTROLS,NO CONTROLS,CLEAR,DAYLIGHT,FIXED OBJECT,NOT DIVIDED,,STRAIGHT AND LEVEL,DRY,NO DEFECTS,ON SCENE,NO INJURY / DRIVE AWAY,,,,"OVER $1,500",9/4/2019 15:36,DRIVING SKILLS/KNOWLEDGE/EXPERIENCE,NOT APPLICABLE,3340,W,LAKE ST,1123,,,,,,,1,NO INDICATION OF INJURY,0,0,0,0,0,1,0,15,4,9,41.88470093,-87.71034604,POINT (-87.710346040087 41.88470092496)
JC420064,,9/4/2019 15:34,30,STOP SIGN/FLASHER,FUNCTIONING PROPERLY,CLEAR,DAYLIGHT,ANGLE,FOUR WAY,,STRAIGHT AND LEVEL,DRY,NO DEFECTS,ON SCENE,INJURY AND / OR TOW DUE TO CRASH,Y,,,"OVER $1,500",9/4/2019 15:59,FAILING TO YIELD RIGHT-OF-WAY,FAILING TO REDUCE SPEED TO AVOID CRASH,1900,E,79TH ST,414,,,,,,,2,"REPORTED, NOT EVIDENT",1,0,0,0,1,1,0,15,4,9,41.7516864,-87.57836711,POINT (-87.578367111772 41.751686398713)
JC421104,,9/4/2019 15:30,30,NO CONTROLS,NO CONTROLS,CLEAR,DAYLIGHT,PARKED MOTOR VEHICLE,PARKING LOT,,STRAIGHT AND LEVEL,DRY,NO DEFECTS,ON SCENE,NO INJURY / DRIVE AWAY,,,Y,"$501 - $1,500",9/5/2019 11:00,UNABLE TO DETERMINE,UNABLE TO DETERMINE,2501,W,ADDISON ST,1921,,,,,,,2,NO INDICATION OF INJURY,0,0,0,0,0,1,0,15,4,9,41.94661693,-87.69105603,POINT (-87.691056027306 41.946616932302)
JC421019,,9/4/2019 15:30,30,NO CONTROLS,NO CONTROLS,CLEAR,DAYLIGHT,PARKED MOTOR VEHICLE,NOT DIVIDED,,STRAIGHT AND LEVEL,DRY,UNKNOWN,NOT ON SCENE (DESK REPORT),NO INJURY / DRIVE AWAY,,,Y,"$501 - $1,500",9/5/2019 11:25,UNABLE TO DETERMINE,UNABLE TO DETERMINE,1650,E,79TH ST,414,,,,,,,2,NO INDICATION OF INJURY,0,0,0,0,0,1,0,15,4,9,41.75161868,-87.5837251,POINT (-87.583725099143 41.751618681797)
JC420081,,9/4/2019 15:29,30,TRAFFIC SIGNAL,NO CONTROLS,CLEAR,DAYLIGHT,REAR END,NOT DIVIDED,,STRAIGHT AND LEVEL,DRY,NO DEFECTS,NOT ON SCENE (DESK REPORT),NO INJURY / DRIVE AWAY,,,Y,"OVER $1,500",9/4/2019 16:04,FOLLOWING TOO CLOSELY,FOLLOWING TOO CLOSELY,11500,S,MICHIGAN AVE,532,,,,,,,2,NO INDICATION OF INJURY,0,0,0,0,0,3,0,15,4,9,41.68527122,-87.62094716,POINT (-87.620947158386 41.685271222904)
JC420122,,9/4/2019 15:25,30,NO CONTROLS,NO CONTROLS,CLEAR,DAYLIGHT,PEDALCYCLIST,DIVIDED - W/MEDIAN (NOT RAISED),,STRAIGHT AND LEVEL,DRY,NO DEFECTS,NOT ON SCENE (DESK REPORT),NO INJURY / DRIVE AWAY,,,,$500 OR LESS,9/4/2019 16:59,UNABLE TO DETERMINE,NOT APPLICABLE,1550,N,WELLS ST,1821,,,Y,,,,2,NO INDICATION OF INJURY,0,0,0,0,0,2,0,15,4,9,41.91062145,-87.63484097,POINT (-87.634840969715 41.910621450689)
JC420116,,9/4/2019 15:20,30,TRAFFIC SIGNAL,FUNCTIONING PROPERLY,CLEAR,DAYLIGHT,REAR END,NOT DIVIDED,,STRAIGHT AND LEVEL,DRY,NO DEFECTS,ON SCENE,INJURY AND / OR TOW DUE TO CRASH,,,,$500 OR LESS,9/4/2019 15:32,UNABLE TO DETERMINE,UNABLE TO DETERMINE,4300,W,BELMONT AVE,1731,,,,,,,2,NONINCAPACITATING INJURY,2,0,0,2,0,0,0,15,4,9,41.93910417,-87.73460211,POINT (-87.7346021111 41.939104167999)