RD_NO,CRASH_DATE_EST_I,CRASH_DATE,POSTED_SPEED_LIMIT,TRAFFIC_CONTROL_DEVICE,DEVICE_CONDITION,WEATHER_CONDITION,LIGHTING_CONDITION,FIRST_CRASH_TYPE,TRAFFICWAY_TYPE,LANE_CNT,ALIGNMENT,ROADWAY_SURFACE_COND,ROAD_DEFECT,REPORT_TYPE,CRASH_TYPE,INTERSECTION_RELATED_I,NOT_RIGHT_OF_WAY_I,HIT_AND_RUN_I,DAMAGE,DATE_POLICE_NOTIFIED,PRIM_CONTRIBUTORY_CAUSE,SEC_CONTRIBUTORY_CAUSE,STREET_NO,STREET_DIRECTION,STREET_NAME,BEAT_OF_OCCURRENCE,PHOTOS_TAKEN_I,STATEMENTS_TAKEN_I,DOORING_I,WORK_ZONE_I,WORK_ZONE_TYPE,WORKERS_PRESENT_I,NUM_UNITS,MOST_SEVERE_INJURY,INJURIES_TOTAL,INJURIES_FATAL,INJURIES_INCAPACITATING,INJURIES_NON_INCAPACITATING,INJURIES_REPORTED_NOT_EVIDENT,INJURIES_NO_INDICATION,INJURIES_UNKNOWN,CRASH_HOUR,CRASH_DAY_OF_WEEK,CRASH_MONTH,LATITUDE,LONGITUDE,LOCATION
JC420018,,9/4/2019 15:18,30,STOP SIGN/FLASHER,NO CONTROLS,CLEAR,DAYLIGHT,TURNING,FOUR WAY,,STRAIGHT AND LEVEL,UNKNOWN,UNKNOWN,ON SCENE,INJURY AND / OR TOW DUE TO CRASH,Y,,,"OVER $1,500",9/4/2019 15:18,UNABLE TO DETERMINE,UNABLE TO DETERMINE,8000,S,JEFFERY BLVD,414,,,,,,,2,NO INDICATION OF INJURY,0,0,0,0,0,2,0,15,4,9,41.74969626,-87.57609464,POINT (-87.57609464168 41.749696260927)
JC421040,,9/4/2019 15:15,30,TRAFFIC SIGNAL,FUNCTIONING PROPERLY,CLEAR,DAYLIGHT,SIDESWIPE SAME DIRECTION,DIVIDED - W/MEDIAN BARRIER,,STRAIGHT AND LEVEL,DRY,NO DEFECTS,NOT ON SCENE (DESK REPORT),NO INJURY / DRIVE AWAY,,,,"$501 - $1,500",9/5/2019 12:10,UNABLE TO DETERMINE,UNABLE TO DETERMINE,7501,S,STONY ISLAND AVE,411,,,,,,,2,NO INDICATION OF INJURY,0,0,0,0,0,4,0,15,4,9,41.75872376,-87.5855909,POINT (-87.585590902031 41.758723759994)
JC420168,,9/4/2019 15:15,30,NO CONTROLS,NO CONTROLS,CLEAR,DAYLIGHT,PARKED MOTOR VEHICLE,DIVIDED - W/MEDIAN (NOT RAISED),,STRAIGHT AND LEVEL,DRY,NO DEFECTS,NOT ON SCENE (DESK REPORT),NO INJURY / DRIVE AWAY,,,Y,"OVER $1,500",9/4/2019 17:20,UNABLE TO DETERMINE,UNABLE TO DETERMINE,5851,W,DIVERSEY AVE,2514,,,,,,,2,NO INDICATION OF INJURY,0,0,0,0,0,2,0,15,4,9,41.93106976,-87.77315816,POINT (-87.773158160433 41.931069760008)
JC420033,,9/4/2019 15:15,25,NO CONTROLS,NO CONTROLS,CLEAR,DAYLIGHT,SIDESWIPE SAME DIRECTION,"FIVE POINT, OR MORE",,STRAIGHT AND LEVEL,DRY,NO DEFECTS,NOT ON SCENE (DESK REPORT),NO INJURY / DRIVE AWAY,Y,,Y,"$501 - $1,500",9/4/2019 15:59,UNABLE TO DETERMINE,NOT APPLICABLE,7100,S,SOUTH SHORE DR,334,,,,,,,2,NO INDICATION OF INJURY,0,0,0,0,0,3,0,15,4,9,41.7661952,-87.56290818,POINT (-87.562908182042 41.76619520231)
JC420007,,9/4/2019 15:10,30,TRAFFIC SIGNAL,FUNCTIONING PROPERLY,CLEAR,DAYLIGHT,ANGLE,FOUR WAY,,STRAIGHT AND LEVEL,DRY,NO DEFECTS,ON SCENE,NO INJURY / DRIVE AWAY,Y,,,$500 OR LESS,9/4/2019 15:20,DISREGARDING OTHER TRAFFIC SIGNS,FAILING TO YIELD RIGHT-OF-WAY,10000,W,OHARE ST,1651,,,,,,,2,NO INDICATION OF INJURY,0,0,0,0,0,2,0,15,4,9,41.97620114,-87.90530913,POINT (-87.905309125103 41.976201139024)
JC420074,,9/4/2019 15:02,30,NO CONTROLS,NO CONTROLS,CLEAR,DAYLIGHT,REAR END,ONE-WAY,,STRAIGHT AND LEVEL,DRY,NO DEFECTS,NOT ON SCENE (DESK REPORT),NO INJURY / DRIVE AWAY,,,,"$501 - $1,500",9/4/2019 16:18,NOT APPLICABLE,NOT APPLICABLE,5400,S,SACRAMENTO AVE,923,,,,,,,2,NO INDICATION OF INJURY,0,0,0,0,0,2,0,15,4,9,41.79537918,-87.69887619,POINT (-87.698876187173 41.795379179399)
JC420530,,9/4/2019 15:00,35,STOP SIGN/FLASHER,OTHER,CLEAR,DAYLIGHT,PARKED MOTOR VEHICLE,NOT DIVIDED,,STRAIGHT AND LEVEL,DRY,NO DEFECTS,NOT ON SCENE (DESK REPORT),NO INJURY / DRIVE AWAY,,,,$500 OR LESS,9/4/2019 21:30,UNABLE TO DETERMINE,UNABLE TO DETERMINE,7900,S,RIDGELAND AVE,414,,,,,,,2,NO INDICATION OF INJURY,0,0,0,0,0,1,0,15,4,9,41.75144221,-87.58182322,POINT (-87.581823215883 41.751442206869)
JC420465,,9/4/2019 15:00,30,NO CONTROLS,NO CONTROLS,CLEAR,DAYLIGHT,REAR END,NOT DIVIDED,,STRAIGHT AND LEVEL,DRY,NO DEFECTS,NOT ON SCENE (DESK REPORT),NO INJURY / DRIVE AWAY,,,,"$501 - $1,500",9/4/2019 20:40,FOLLOWING TOO CLOSELY,FOLLOWING TOO CLOSELY,6511,W,ARCHER AVE,811,,,,,,,2,NO INDICATION OF INJURY,0,0,0,0,0,2,0,15,4,9,41.79217696,-87.78476486,POINT (-87.784764858524 41.792176958366)
JC420047,,9/4/2019 15:00,30,UNKNOWN,UNKNOWN,CLEAR,DAYLIGHT,OTHER OBJECT,DIVIDED - W/MEDIAN BARRIER,,STRAIGHT AND LEVEL,DRY,NO DEFECTS,NOT ON SCENE (DESK REPORT),NO INJURY / DRIVE AWAY,,,,"OVER $1,500",9/4/2019 15:50,"VISION OBSCURED (SIGNS, TREE LIMBS, BUILDINGS, ETC.)",NOT APPLICABLE,7531,S,STONY ISLAND AVE,411,N,,,,,,2,NO INDICATION OF INJURY,0,0,0,0,0,2,0,15,4,9,41.75781542,-87.58556922,POINT (-87.585569221511 41.757815422072)
JC420008,,9/4/2019 15:00,20,NO CONTROLS,NO CONTROLS,CLEAR,DAYLIGHT,ANGLE,DIVIDED - W/MEDIAN (NOT RAISED),,STRAIGHT AND LEVEL,DRY,NO DEFECTS,NOT ON SCENE (DESK REPORT),NO INJURY / DRIVE AWAY,,,,"OVER $1,500",9/4/2019 15:41,UNABLE TO DETERMINE,NOT APPLICABLE,544,W,OAK ST,1823,,,,,,,2,NO INDICATION OF INJURY,0,0,0,0,0,2,0,15,4,9,41.90052524,-87.64295528,POINT (-87.642955275271 41.900525237912)
JC419999,,9/4/2019 15:00,30,TRAFFIC SIGNAL,FUNCTIONING PROPERLY,CLEAR,DAYLIGHT,TURNING,DIVIDED - W/MEDIAN (NOT RAISED),,STRAIGHT AND LEVEL,DRY,NO DEFECTS,NOT ON SCENE (DESK REPORT),NO INJURY / DRIVE AWAY,,,,"$501 - $1,500",9/4/2019 15:30,IMPROPER TURNING/NO SIGNAL,FAILING TO YIELD RIGHT-OF-WAY,3634,N,WESTERN AVE,1921,,,,,,,2,NO INDICATION OF INJURY,0,0,0,0,0,3,0,15,4,9,41.94777816,-87.68843636,POINT (-87.68843635465 41.947778161226)
JC419985,,9/4/2019 15:00,30,STOP SIGN/FLASHER,FUNCTIONING PROPERLY,CLEAR,DAYLIGHT,TURNING,DIVIDED - W/MEDIAN (NOT RAISED),,STRAIGHT AND LEVEL,DRY,NO DEFECTS,ON SCENE,INJURY AND / OR TOW DUE TO CRASH,,,,"OVER $1,500",9/4/2019 15:10,FAILING TO YIELD RIGHT-OF-WAY,NOT APPLICABLE,7800,S,KEDZIE AVE,835,,,,,,,2,NO INDICATION OF INJURY,0,0,0,0,0,4,0,15,4,9,41.75157075,-87.70259286,POINT (-87.702592862696 41.751570751478)
JC419980,,9/4/2019 14:52,35,TRAFFIC SIGNAL,FUNCTIONING PROPERLY,CLEAR,DAYLIGHT,TURNING,NOT DIVIDED,,STRAIGHT AND LEVEL,DRY,NO DEFECTS,ON SCENE,INJURY AND / OR TOW DUE TO CRASH,Y,,,"OVER $1,500",9/4/2019 15:02,FAILING TO YIELD RIGHT-OF-WAY,FAILING TO YIELD RIGHT-OF-WAY,10700,S,HALSTED ST,2233,,,,,,,2,NONINCAPACITATING INJURY,3,0,0,1,2,0,0,14,4,9,41.69954742,-87.64275192,POINT (-87.64275191512 41.699547414667)
JC419993,,9/4/2019 14:50,30,NO CONTROLS,NO CONTROLS,CLEAR,DAYLIGHT,SIDESWIPE SAME DIRECTION,NOT DIVIDED,,STRAIGHT AND LEVEL,DRY,NO DEFECTS,ON SCENE,NO INJURY / DRIVE AWAY,,,,"$501 - $1,500",9/4/2019 14:51,IMPROPER OVERTAKING/PASSING,IMPROPER LANE USAGE,4242,N,TRIPP AVE,1722,,,,,,,2,NO INDICATION OF INJURY,0,0,0,0,0,3,0,14,4,9,41.95850453,-87.73426436,POINT (-87.73426436333 41.958504528027)
JC419984,,9/4/2019 14:50,20,STOP SIGN/FLASHER,NO CONTROLS,CLEAR,DAYLIGHT,ANGLE,NOT DIVIDED,,STRAIGHT AND LEVEL,DRY,NO DEFECTS,NOT ON SCENE (DESK REPORT),NO INJURY / DRIVE AWAY,Y,,,"OVER $1,500",9/4/2019 15:10,DISREGARDING STOP SIGN,NOT APPLICABLE,400,W,76TH ST,621,,,,,,,2,NO INDICATION OF INJURY,0,0,0,0,0,2,0,14,4,9,41.75636253,-87.63450382,POINT (-87.634503815514 41.756362527225)
JC420037,,9/4/2019 14:45,30,NO CONTROLS,NO CONTROLS,CLEAR,DAYLIGHT,REAR END,NOT DIVIDED,,STRAIGHT AND LEVEL,DRY,UNKNOWN,NOT ON SCENE (DESK REPORT),NO INJURY / DRIVE AWAY,,,,"$501 - $1,500",9/4/2019 16:00,UNABLE TO DETERMINE,UNABLE TO DETERMINE,2319,N,CICERO AVE,2522,,,,,,,2,NO INDICATION OF INJURY,0,0,0,0,0,2,0,14,4,9,41.92298954,-87.74612079,POINT (-87.746120786508 41.922989536126)
JC420027,,9/4/2019 14:45,30,TRAFFIC SIGNAL,FUNCTIONING PROPERLY,CLEAR,DAYLIGHT,PEDALCYCLIST,CENTER TURN LANE,,STRAIGHT AND LEVEL,DRY,NO DEFECTS,ON SCENE,INJURY AND / OR TOW DUE TO CRASH,Y,N,Y,$500 OR LESS,9/4/2019 15:29,FAILING TO YIELD RIGHT-OF-WAY,UNABLE TO DETERMINE,1999,W,MADISON ST,1223,,,,,,,2,NONINCAPACITATING INJURY,1,0,0,1,0,1,0,14,4,9,41.88120512,-87.6765781,POINT (-87.676578104073 41.881205121996)
JC419986,,9/4/2019 14:45,30,NO CONTROLS,NO CONTROLS,CLEAR,DAYLIGHT,REAR END,OTHER,,STRAIGHT AND LEVEL,DRY,NO DEFECTS,NOT ON SCENE (DESK REPORT),NO INJURY / DRIVE AWAY,,,,"OVER $1,500",9/4/2019 15:00,FOLLOWING TOO CLOSELY,UNABLE TO DETERMINE,814,W,FULLERTON AVE,1932,,,,,,,2,NO INDICATION OF INJURY,0,0,0,0,0,3,0,14,4,9,41.92555558,-87.64936193,POINT (-87.649361934324 41.925555577114)
JC419981,,9/4/2019 14:45,35,TRAFFIC SIGNAL,FUNCTIONING PROPERLY,CLEAR,DAYLIGHT,REAR END,NOT DIVIDED,,STRAIGHT AND LEVEL,DRY,NO DEFECTS,ON SCENE,NO INJURY / DRIVE AWAY,,,,"OVER $1,500",9/4/2019 14:50,EQUIPMENT - VEHICLE CONDITION,NOT APPLICABLE,533,E,111TH ST,531,,,,,,,2,NO INDICATION OF INJURY,0,0,0,0,0,4,0,14,4,9,41.69267598,-87.60844517,POINT (-87.608445173873 41.692675983252)
JC419973,,9/4/2019 14:45,35,NO CONTROLS,NO CONTROLS,CLEAR,DAYLIGHT,REAR END,DIVIDED - W/MEDIAN (NOT RAISED),,STRAIGHT AND LEVEL,DRY,NO DEFECTS,ON SCENE,INJURY AND / OR TOW DUE TO CRASH,,,,"OVER $1,500",9/4/2019 14:56,FOLLOWING TOO CLOSELY,UNABLE TO DETERMINE,2332,W,95TH ST,2221,,,,,,,2,NONINCAPACITATING INJURY,2,0,0,2,0,3,0,14,4,9,41.72106454,-87.68098425,POINT (-87.680984249661 41.721064538726)
JC420078,,9/4/2019 14:40,30,UNKNOWN,UNKNOWN,CLEAR,DAYLIGHT,TURNING,NOT DIVIDED,,STRAIGHT AND LEVEL,DRY,UNKNOWN,NOT ON SCENE (DESK REPORT),NO INJURY / DRIVE AWAY,,,,"$501 - $1,500",9/4/2019 16:00,FAILING TO YIELD RIGHT-OF-WAY,DRIVING SKILLS/KNOWLEDGE/EXPERIENCE,756,N,MILWAUKEE AVE,1214,,,,,,,2,NO INDICATION OF INJURY,0,0,0,0,0,2,0,14,4,9,41.8955359,-87.6545488,POINT (-87.65454879834 41.895535900049)
JC420067,,9/4/2019 14:30,15,NO CONTROLS,NO CONTROLS,CLEAR,DAYLIGHT,FIXED OBJECT,UNKNOWN INTERSECTION TYPE,,STRAIGHT AND LEVEL,DRY,NO DEFECTS,NOT ON SCENE (DESK REPORT),NO INJURY / DRIVE AWAY,,Y,,"$501 - $1,500",9/4/2019 16:10,FAILING TO REDUCE SPEED TO AVOID CRASH,FAILING TO REDUCE SPEED TO AVOID CRASH,5055,S,ARCHER AVE,815,,,,,,,1,NO INDICATION OF INJURY,0,0,0,0,0,1,0,14,4,9,41.80110836,-87.72648386,POINT (-87.726483855689 41.801108361942)
JC419907,,9/4/2019 14:30,30,TRAFFIC SIGNAL,FUNCTIONING PROPERLY,CLEAR,DAYLIGHT,SIDESWIPE SAME DIRECTION,NOT DIVIDED,,STRAIGHT AND LEVEL,DRY,NO DEFECTS,NOT ON SCENE (DESK REPORT),NO INJURY / DRIVE AWAY,,,Y,"$501 - $1,500",9/4/2019 15:49,IMPROPER OVERTAKING/PASSING,FAILING TO REDUCE SPEED TO AVOID CRASH,4858,W,DIVERSEY AVE,2521,,,,,,,2,NO INDICATION OF INJURY,0,0,0,0,0,2,0,14,4,9,41.93161152,-87.74893557,POINT (-87.748935569593 41.931611520583)
JC419963,,9/4/2019 14:25,25,NO CONTROLS,NO CONTROLS,CLEAR,DAYLIGHT,PARKED MOTOR VEHICLE,NOT DIVIDED,,STRAIGHT AND LEVEL,DRY,NO DEFECTS,ON SCENE,NO INJURY / DRIVE AWAY,,,,$500 OR LESS,9/4/2019 14:32,IMPROPER OVERTAKING/PASSING,IMPROPER OVERTAKING/PASSING,2400,N,CLARK ST,1935,,,,,,,2,NO INDICATION OF INJURY,0,0,0,0,0,1,0,14,4,9,41.92559762,-87.64065097,POINT (-87.640650973099 41.925597623023)
JC420969,,9/4/2019 14:10,30,STOP SIGN/FLASHER,FUNCTIONING PROPERLY,CLEAR,DAYLIGHT,TURNING,ONE-WAY,,STRAIGHT AND LEVEL,DRY,NO DEFECTS,NOT ON SCENE (DESK REPORT),NO INJURY / DRIVE AWAY,,,,"$501 - $1,500",9/5/2019 11:00,IMPROPER LANE USAGE,IMPROPER TURNING/NO SIGNAL,10000,W,OHARE ST,1651,,,,,,,2,NO INDICATION OF INJURY,0,0,0,0,0,2,0,14,4,9,41.97620114,-87.90530913,POINT (-87.905309125103 41.976201139024)
JC419925,,9/4/2019 14:03,35,TRAFFIC SIGNAL,FUNCTIONING PROPERLY,CLEAR,DAYLIGHT,TURNING,FOUR WAY,,STRAIGHT AND LEVEL,DRY,NO DEFECTS,ON SCENE,NO INJURY / DRIVE AWAY,Y,,,"$501 - $1,500",9/4/2019 14:05,FOLLOWING TOO CLOSELY,NOT APPLICABLE,10000,W,OHARE ST,1651,,,,,,,2,NO INDICATION OF INJURY,0,0,0,0,0,3,0,14,4,9,41.97620114,-87.90530913,POINT (-87.905309125103 41.976201139024)
JC420363,,9/4/2019 14:00,30,NO CONTROLS,NO CONTROLS,CLEAR,DAYLIGHT,REAR TO FRONT,ONE-WAY,,STRAIGHT AND LEVEL,DRY,NO DEFECTS,NOT ON SCENE (DESK REPORT),NO INJURY / DRIVE AWAY,,,,"OVER $1,500",9/4/2019 19:00,UNABLE TO DETERMINE,NOT APPLICABLE,129,N,DEARBORN ST,111,,,,,,,2,NO INDICATION OF INJURY,0,0,0,0,0,2,0,14,4,9,41.88388757,-87.62929111,POINT (-87.629291109383 41.883887573017)
JC419933,,9/4/2019 14:00,20,NO CONTROLS,NO CONTROLS,CLEAR,DAYLIGHT,OTHER OBJECT,PARKING LOT,,STRAIGHT AND LEVEL,DRY,NO DEFECTS,ON SCENE,NO INJURY / DRIVE AWAY,,,,$500 OR LESS,9/4/2019 14:10,NOT APPLICABLE,NOT APPLICABLE,3,W,TERMINAL ST,1653,,,,,,,1,NO INDICATION OF INJURY,0,0,0,0,0,1,0,14,4,9,,,
JC419926,,9/4/2019 14:00,30,NO CONTROLS,NO CONTROLS,CLEAR,DAYLIGHT,REAR END,NOT DIVIDED,,STRAIGHT AND LEVEL,DRY,NO DEFECTS,NOT ON SCENE (DESK REPORT),INJURY AND / OR TOW DUE TO CRASH,,,,"$501 - $1,500",9/4/2019 14:20,FOLLOWING TOO CLOSELY,UNABLE TO DETERMINE,6400,W,DEVON AVE,1611,,,,,,,2,NONINCAPACITATING INJURY,1,0,0,1,0,1,0,14,4,9,41.99746398,-87.78761024,POINT (-87.787610243414 41.997463981029)
JC419924,,9/4/2019 13:56,30,TRAFFIC SIGNAL,FUNCTIONING PROPERLY,CLEAR,DAYLIGHT,ANGLE,DIVIDED - W/MEDIAN (NOT RAISED),,STRAIGHT AND LEVEL,DRY,NO DEFECTS,ON SCENE,INJURY AND / OR TOW DUE TO CRASH,Y,,,"OVER $1,500",9/4/2019 13:56,DISREGARDING TRAFFIC SIGNALS,UNABLE TO DETERMINE,1,W,47TH ST,224,,,,,,,2,NO INDICATION OF INJURY,0,0,0,0,0,3,0,13,4,9,41.80912577,-87.62613616,POINT (-87.626136163395 41.809125772506)
JC419906,,9/4/2019 13:55,30,TRAFFIC SIGNAL,FUNCTIONING PROPERLY,CLEAR,DAYLIGHT,PEDESTRIAN,NOT DIVIDED,,STRAIGHT AND LEVEL,DRY,SHOULDER DEFECT,ON SCENE,INJURY AND / OR TOW DUE TO CRASH,Y,,,$500 OR LESS,9/4/2019 13:57,UNABLE TO DETERMINE,NOT APPLICABLE,4700,S,WOOD ST,931,,,,,,,2,INCAPACITATING INJURY,1,0,1,0,0,1,0,13,4,9,41.80846432,-87.66997199,POINT (-87.669971993627 41.808464321319)
JC419996,,9/4/2019 13:50,30,NO CONTROLS,NO CONTROLS,CLEAR,DAYLIGHT,SIDESWIPE SAME DIRECTION,NOT DIVIDED,,STRAIGHT AND LEVEL,DRY,NO DEFECTS,NOT ON SCENE (DESK REPORT),NO INJURY / DRIVE AWAY,,,,"$501 - $1,500",9/4/2019 15:27,IMPROPER OVERTAKING/PASSING,IMPROPER LANE USAGE,3110,W,GRAND AVE,1211,,,,,,,2,NO INDICATION OF INJURY,0,0,0,0,0,2,0,13,4,9,41.8975646,-87.70445898,POINT (-87.704458982148 41.897564599155)
JC419905,,9/4/2019 13:50,30,NO CONTROLS,NO CONTROLS,CLEAR,DAYLIGHT,REAR END,NOT DIVIDED,,STRAIGHT AND LEVEL,DRY,NO DEFECTS,ON SCENE,INJURY AND / OR TOW DUE TO CRASH,,,,"$501 - $1,500",9/4/2019 13:51,UNABLE TO DETERMINE,DRIVING SKILLS/KNOWLEDGE/EXPERIENCE,4340,S,WESTERN AVE,922,,,,,,,2,NO INDICATION OF INJURY,0,0,0,0,0,2,0,13,4,9,41.81447824,-87.68473839,POINT (-87.684738385162 41.814478237249)
JC419895,,9/4/2019 13:41,30,TRAFFIC SIGNAL,FUNCTIONING PROPERLY,CLEAR,DAYLIGHT,PEDESTRIAN,DIVIDED - W/MEDIAN (NOT RAISED),,STRAIGHT AND LEVEL,DRY,NO DEFECTS,ON SCENE,INJURY AND / OR TOW DUE TO CRASH,,,,$500 OR LESS,9/4/2019 13:51,FAILING TO YIELD RIGHT-OF-WAY,IMPROPER TURNING/NO SIGNAL,3001,N,CENTRAL AVE,2514,,,,,,,2,NONINCAPACITATING INJURY,1,0,0,1,0,1,0,13,4,9,41.93502218,-87.76622875,POINT (-87.7662287491 41.935022181844)
JC420443,,9/4/2019 13:40,30,STOP SIGN/FLASHER,OTHER,CLEAR,DAYLIGHT,ANGLE,FOUR WAY,,STRAIGHT AND LEVEL,DRY,NO DEFECTS,NOT ON SCENE (DESK REPORT),NO INJURY / DRIVE AWAY,Y,,,"$501 - $1,500",9/4/2019 20:30,FAILING TO YIELD RIGHT-OF-WAY,UNABLE TO DETERMINE,2500,N,ASHLAND AVE,1931,,,,,,,2,NO INDICATION OF INJURY,0,0,0,0,0,2,0,13,4,9,41.92705136,-87.66835948,POINT (-87.668359475893 41.927051361774)
JC419956,,9/4/2019 13:40,30,NO CONTROLS,NO CONTROLS,CLEAR,DAYLIGHT,REAR END,DIVIDED - W/MEDIAN (NOT RAISED),,STRAIGHT AND LEVEL,DRY,NO DEFECTS,NOT ON SCENE (DESK REPORT),NO INJURY / DRIVE AWAY,,,,"$501 - $1,500",9/4/2019 14:45,FOLLOWING TOO CLOSELY,NOT APPLICABLE,328,N,OGDEN AVE,1215,,,,,,,2,NO INDICATION OF INJURY,0,0,0,0,0,2,0,13,4,9,41.88736611,-87.66176935,POINT (-87.661769348062 41.887366104582)
JC419998,,9/4/2019 13:30,10,NO CONTROLS,FUNCTIONING PROPERLY,CLEAR,DAYLIGHT,PARKED MOTOR VEHICLE,PARKING LOT,,STRAIGHT AND LEVEL,DRY,UNKNOWN,NOT ON SCENE (DESK REPORT),NO INJURY / DRIVE AWAY,,Y,,"$501 - $1,500",9/4/2019 15:15,IMPROPER BACKING,UNABLE TO DETERMINE,100,W,91ST ST,634,,,,,,,2,NO INDICATION OF INJURY,0,0,0,0,0,1,0,13,4,9,41.72910991,-87.62656632,POINT (-87.626566322756 41.729109910549)
JC419953,,9/4/2019 13:30,35,NO CONTROLS,NO CONTROLS,CLEAR,DAYLIGHT,PARKED MOTOR VEHICLE,PARKING LOT,,STRAIGHT AND LEVEL,DRY,NO DEFECTS,NOT ON SCENE (DESK REPORT),NO INJURY / DRIVE AWAY,,Y,Y,"OVER $1,500",9/4/2019 14:30,UNABLE TO DETERMINE,UNABLE TO DETERMINE,5430,W,CHICAGO AVE,1524,,,,,,,2,NO INDICATION OF INJURY,0,0,0,0,0,1,0,13,4,9,41.89498951,-87.76190289,POINT (-87.761902884992 41.894989504972)
JC419935,,9/4/2019 13:30,30,NO CONTROLS,NO CONTROLS,CLEAR,DAYLIGHT,TURNING,NOT DIVIDED,,STRAIGHT AND LEVEL,DRY,NO DEFECTS,NOT ON SCENE (DESK REPORT),NO INJURY / DRIVE AWAY,,,,"OVER $1,500",9/4/2019 14:00,IMPROPER TURNING/NO SIGNAL,NOT APPLICABLE,1014,W,FULLERTON AVE,1932,,,,,,,2,NO INDICATION OF INJURY,0,0,0,0,0,2,0,13,4,9,41.92547514,-87.65421928,POINT (-87.65421927856 41.925475142949)
JC419911,,9/4/2019 13:30,30,NO CONTROLS,NO CONTROLS,CLEAR,DAYLIGHT,SIDESWIPE SAME DIRECTION,DIVIDED - W/MEDIAN BARRIER,,STRAIGHT AND LEVEL,DRY,NO DEFECTS,NOT ON SCENE (DESK REPORT),NO INJURY / DRIVE AWAY,,,,"OVER $1,500",9/4/2019 14:00,"VISION OBSCURED (SIGNS, TREE LIMBS, BUILDINGS, ETC.)",NOT APPLICABLE,4329,N,ASHLAND AVE,1912,,,,,,,2,NO INDICATION OF INJURY,0,0,0,0,0,2,0,13,4,9,41.9606541,-87.6690825,POINT (-87.669082496558 41.960654097582)
JC419899,,9/4/2019 13:30,30,STOP SIGN/FLASHER,FUNCTIONING PROPERLY,CLEAR,DAYLIGHT,ANGLE,T-INTERSECTION,,STRAIGHT AND LEVEL,DRY,NO DEFECTS,NOT ON SCENE (DESK REPORT),NO INJURY / DRIVE AWAY,,,,"OVER $1,500",9/4/2019 14:15,FAILING TO YIELD RIGHT-OF-WAY,UNABLE TO DETERMINE,4501,N,SHERIDAN RD,1914,,,,,,,2,NO INDICATION OF INJURY,0,0,0,0,0,3,0,13,4,9,41.96365028,-87.65462219,POINT (-87.654622190369 41.963650277462)
JC421121,,9/4/2019 13:15,30,NO CONTROLS,NO CONTROLS,CLEAR,DAYLIGHT,SIDESWIPE SAME DIRECTION,NOT DIVIDED,,STRAIGHT AND LEVEL,DRY,NO DEFECTS,NOT ON SCENE (DESK REPORT),NO INJURY / DRIVE AWAY,,,,"OVER $1,500",9/5/2019 13:20,UNABLE TO DETERMINE,UNABLE TO DETERMINE,7100,W,IRVING PARK RD,1632,,,,,,,2,NO INDICATION OF INJURY,0,0,0,0,0,2,0,13,4,9,41.95286317,-87.8036683,POINT (-87.80366830112 41.952863164765)
JC433216,,9/4/2019 13:14,30,NO CONTROLS,NO CONTROLS,CLEAR,DAYLIGHT,SIDESWIPE SAME DIRECTION,NOT DIVIDED,,STRAIGHT AND LEVEL,DRY,NO DEFECTS,NOT ON SCENE (DESK REPORT),NO INJURY / DRIVE AWAY,,,,"OVER $1,500",9/14/2019 15:00,FAILING TO YIELD RIGHT-OF-WAY,UNABLE TO DETERMINE,7742,W,HIGGINS AVE,1612,,,,,,,2,NO INDICATION OF INJURY,0,0,0,0,0,2,0,13,4,9,41.98427101,-87.82068643,POINT (-87.820686428101 41.984271011121)
JC419863,,9/4/2019 13:10,30,NO CONTROLS,NO CONTROLS,CLEAR,DAYLIGHT,HEAD ON,NOT DIVIDED,,STRAIGHT AND LEVEL,DRY,NO DEFECTS,ON SCENE,INJURY AND / OR TOW DUE TO CRASH,Y,,,"OVER $1,500",9/4/2019 13:15,IMPROPER LANE USAGE,FAILING TO YIELD RIGHT-OF-WAY,6400,S,CICERO AVE,813,,,,,,,2,INCAPACITATING INJURY,1,0,1,0,0,1,0,13,4,9,41.7765116,-87.74237234,POINT (-87.742372341405 41.776511601051)
JC425871,Y,9/4/2019 13:00,30,TRAFFIC SIGNAL,FUNCTIONING PROPERLY,CLEAR,DAYLIGHT,SIDESWIPE OPPOSITE DIRECTION,NOT DIVIDED,,STRAIGHT AND LEVEL,DRY,NO DEFECTS,NOT ON SCENE (DESK REPORT),NO INJURY / DRIVE AWAY,Y,,,"OVER $1,500",9/9/2019 11:30,UNABLE TO DETERMINE,UNABLE TO DETERMINE,1111,W,DIVISION ST,1822,,,,,,,2,NO INDICATION OF INJURY,0,0,0,0,0,2,0,13,4,9,41.90341609,-87.65603712,POINT (-87.65603711678 41.903416088848)
JC420389,,9/4/2019 13:00,30,NO CONTROLS,NO CONTROLS,CLEAR,DAYLIGHT,PARKED MOTOR VEHICLE,NOT DIVIDED,,STRAIGHT AND LEVEL,DRY,NO DEFECTS,NOT ON SCENE (DESK REPORT),NO INJURY / DRIVE AWAY,,,,"OVER $1,500",9/4/2019 19:40,IMPROPER BACKING,NOT APPLICABLE,4800,S,RICHMOND ST,922,,,,,,,2,NO INDICATION OF INJURY,0,0,0,0,0,1,0,13,4,9,41.80625372,-87.69795934,POINT (-87.69795933922 41.806253721789)
JC419890,,9/4/2019 13:00,35,UNKNOWN,UNKNOWN,CLEAR,DAYLIGHT,SIDESWIPE SAME DIRECTION,NOT DIVIDED,,STRAIGHT AND LEVEL,DRY,NO DEFECTS,NOT ON SCENE (DESK REPORT),NO INJURY / DRIVE AWAY,,,Y,"$501 - $1,500",9/4/2019 13:50,UNABLE TO DETERMINE,NOT APPLICABLE,2200,W,MONTROSE AVE,1911,,,,,,,2,NO INDICATION OF INJURY,0,0,0,0,0,2,0,13,4,9,41.96149401,-87.68389405,POINT (-87.683894048126 41.961494013631)