RD_NO,CRASH_DATE_EST_I,CRASH_DATE,POSTED_SPEED_LIMIT,TRAFFIC_CONTROL_DEVICE,DEVICE_CONDITION,WEATHER_CONDITION,LIGHTING_CONDITION,FIRST_CRASH_TYPE,TRAFFICWAY_TYPE,LANE_CNT,ALIGNMENT,ROADWAY_SURFACE_COND,ROAD_DEFECT,REPORT_TYPE,CRASH_TYPE,INTERSECTION_RELATED_I,NOT_RIGHT_OF_WAY_I,HIT_AND_RUN_I,DAMAGE,DATE_POLICE_NOTIFIED,PRIM_CONTRIBUTORY_CAUSE,SEC_CONTRIBUTORY_CAUSE,STREET_NO,STREET_DIRECTION,STREET_NAME,BEAT_OF_OCCURRENCE,PHOTOS_TAKEN_I,STATEMENTS_TAKEN_I,DOORING_I,WORK_ZONE_I,WORK_ZONE_TYPE,WORKERS_PRESENT_I,NUM_UNITS,MOST_SEVERE_INJURY,INJURIES_TOTAL,INJURIES_FATAL,INJURIES_INCAPACITATING,INJURIES_NON_INCAPACITATING,INJURIES_REPORTED_NOT_EVIDENT,INJURIES_NO_INDICATION,INJURIES_UNKNOWN,CRASH_HOUR,CRASH_DAY_OF_WEEK,CRASH_MONTH,LATITUDE,LONGITUDE,LOCATION
JC419849,,9/4/2019 13:00,30,STOP SIGN/FLASHER,FUNCTIONING PROPERLY,CLEAR,DAYLIGHT,TURNING,UNKNOWN INTERSECTION TYPE,,STRAIGHT AND LEVEL,DRY,NO DEFECTS,NOT ON SCENE (DESK REPORT),NO INJURY / DRIVE AWAY,,,,"$501 - $1,500",9/4/2019 13:30,UNABLE TO DETERMINE,NOT APPLICABLE,1900,N,KEDZIE AVE,1421,,,,,,,2,NO INDICATION OF INJURY,0,0,0,0,0,2,0,13,4,9,41.91562241,-87.70706394,POINT (-87.707063935234 41.915622412231)
JC419848,,9/4/2019 13:00,30,STOP SIGN/FLASHER,FUNCTIONING PROPERLY,CLEAR,DAYLIGHT,REAR END,ONE-WAY,,STRAIGHT AND LEVEL,DRY,NO DEFECTS,NOT ON SCENE (DESK REPORT),NO INJURY / DRIVE AWAY,,,Y,"OVER $1,500",9/4/2019 14:00,FOLLOWING TOO CLOSELY,UNABLE TO DETERMINE,1105,W,WELLINGTON AVE,1933,,,,,,,2,NO INDICATION OF INJURY,0,0,0,0,0,2,0,13,4,9,41.9361212,-87.65662646,POINT (-87.656626458013 41.936121197289)
JC419814,,9/4/2019 13:00,20,STOP SIGN/FLASHER,FUNCTIONING PROPERLY,CLEAR,DAYLIGHT,OTHER OBJECT,NOT DIVIDED,,STRAIGHT AND LEVEL,DRY,NO DEFECTS,ON SCENE,INJURY AND / OR TOW DUE TO CRASH,Y,,,"OVER $1,500",9/4/2019 13:05,FAILING TO YIELD RIGHT-OF-WAY,UNABLE TO DETERMINE,4200,W,WRIGHTWOOD AVE,2524,,,,,,,2,NONINCAPACITATING INJURY,1,0,0,1,0,1,0,13,4,9,41.92816138,-87.73184175,POINT (-87.731841745924 41.928161379067)
JC419822,,9/4/2019 12:59,30,NO CONTROLS,NO CONTROLS,CLEAR,DAYLIGHT,PARKED MOTOR VEHICLE,PARKING LOT,,STRAIGHT AND LEVEL,DRY,NO DEFECTS,ON SCENE,NO INJURY / DRIVE AWAY,,,Y,"$501 - $1,500",9/4/2019 13:01,UNABLE TO DETERMINE,UNABLE TO DETERMINE,4120,S,PULASKI RD,815,,,,,,,2,NO INDICATION OF INJURY,0,0,0,0,0,1,0,12,4,9,41.81783167,-87.72407715,POINT (-87.724077152023 41.817831666459)
JC419830,,9/4/2019 12:45,30,NO CONTROLS,NO CONTROLS,CLEAR,DAYLIGHT,SIDESWIPE SAME DIRECTION,DIVIDED - W/MEDIAN (NOT RAISED),,STRAIGHT AND LEVEL,DRY,NO DEFECTS,ON SCENE,INJURY AND / OR TOW DUE TO CRASH,,,Y,"OVER $1,500",9/4/2019 12:52,UNABLE TO DETERMINE,UNABLE TO DETERMINE,9105,S,COTTAGE GROVE AVE,633,,,,,,,4,NONINCAPACITATING INJURY,1,0,0,1,0,5,0,12,4,9,41.72919466,-87.60449613,POINT (-87.604496133949 41.729194658494)
JC419816,,9/4/2019 12:39,30,NO CONTROLS,NO CONTROLS,CLOUDY/OVERCAST,DAYLIGHT,PARKED MOTOR VEHICLE,ONE-WAY,,STRAIGHT AND LEVEL,DRY,NO DEFECTS,ON SCENE,NO INJURY / DRIVE AWAY,,,,"OVER $1,500",9/4/2019 12:51,IMPROPER BACKING,UNABLE TO DETERMINE,8108,W,MEMORY LN,1614,,,,,,,2,NO INDICATION OF INJURY,0,0,0,0,0,1,0,12,4,9,41.97357136,-87.83005202,POINT (-87.830052017287 41.973571360925)
JC419913,,9/4/2019 12:35,30,NO CONTROLS,NO CONTROLS,CLEAR,DAYLIGHT,PEDESTRIAN,NOT DIVIDED,,STRAIGHT AND LEVEL,DRY,NO DEFECTS,NOT ON SCENE (DESK REPORT),INJURY AND / OR TOW DUE TO CRASH,,,,$500 OR LESS,9/4/2019 14:15,FOLLOWING TOO CLOSELY,NOT APPLICABLE,6821,S,WESTERN AVE,832,,,,,,,2,NONINCAPACITATING INJURY,1,0,0,1,0,1,0,12,4,9,41.76949679,-87.68322841,POINT (-87.683228412848 41.769496789914)
JC419843,,9/4/2019 12:34,30,TRAFFIC SIGNAL,FUNCTIONING PROPERLY,CLEAR,DAYLIGHT,ANGLE,NOT DIVIDED,,STRAIGHT AND LEVEL,DRY,NO DEFECTS,ON SCENE,INJURY AND / OR TOW DUE TO CRASH,Y,Y,Y,"OVER $1,500",9/4/2019 12:34,DISREGARDING OTHER TRAFFIC SIGNS,EQUIPMENT - VEHICLE CONDITION,6600,S,ST LAWRENCE AVE,321,,,,,,,3,"REPORTED, NOT EVIDENT",1,0,0,0,1,1,0,12,4,9,41.77478201,-87.61082037,POINT (-87.610820371837 41.774782009911)
JC420250,,9/4/2019 12:30,25,TRAFFIC SIGNAL,FUNCTIONING PROPERLY,CLEAR,DAYLIGHT,REAR END,DIVIDED - W/MEDIAN BARRIER,,STRAIGHT AND LEVEL,DRY,NO DEFECTS,NOT ON SCENE (DESK REPORT),NO INJURY / DRIVE AWAY,,,,"OVER $1,500",9/4/2019 18:00,FOLLOWING TOO CLOSELY,NOT APPLICABLE,5457,S,WOOD ST,932,,,,,,,2,NO INDICATION OF INJURY,0,0,0,0,0,3,0,12,4,9,41.7941213,-87.66930106,POINT (-87.669301060469 41.79412129957)
JC419910,,9/4/2019 12:30,0,NO CONTROLS,NO CONTROLS,OTHER,DAYLIGHT,PARKED MOTOR VEHICLE,PARKING LOT,,STRAIGHT AND LEVEL,DRY,UNKNOWN,NOT ON SCENE (DESK REPORT),NO INJURY / DRIVE AWAY,,Y,Y,"OVER $1,500",9/4/2019 14:00,UNABLE TO DETERMINE,UNABLE TO DETERMINE,1611,W,HARRISON ST,1231,,,,,,,2,NO INDICATION OF INJURY,0,0,0,0,0,1,0,12,4,9,41.87408199,-87.66722276,POINT (-87.66722275935 41.874081988696)
JC419884,,9/4/2019 12:30,40,NO CONTROLS,NO CONTROLS,CLEAR,DAYLIGHT,SIDESWIPE SAME DIRECTION,OTHER,,STRAIGHT AND LEVEL,DRY,NO DEFECTS,NOT ON SCENE (DESK REPORT),NO INJURY / DRIVE AWAY,,,,"OVER $1,500",9/4/2019 12:45,IMPROPER OVERTAKING/PASSING,NOT APPLICABLE,680,N,LAKE SHORE DR,1834,,,,,,,2,NO INDICATION OF INJURY,0,0,0,0,0,2,0,12,4,9,41.89479837,-87.61586665,POINT (-87.615866645679 41.894798370283)
JC419851,,9/4/2019 12:25,30,NO CONTROLS,NO CONTROLS,CLEAR,DAYLIGHT,PARKED MOTOR VEHICLE,NOT DIVIDED,,STRAIGHT AND LEVEL,DRY,NO DEFECTS,NOT ON SCENE (DESK REPORT),NO INJURY / DRIVE AWAY,,,,"$501 - $1,500",9/4/2019 13:00,UNABLE TO DETERMINE,UNABLE TO DETERMINE,7101,S,MILLARD AVE,833,,,,,,,2,NO INDICATION OF INJURY,0,0,0,0,0,1,0,12,4,9,41.76413525,-87.71367751,POINT (-87.71367750903 41.764135249643)
JC419815,,9/4/2019 12:25,30,TRAFFIC SIGNAL,FUNCTIONING PROPERLY,CLEAR,DAYLIGHT,ANGLE,NOT DIVIDED,,STRAIGHT AND LEVEL,DRY,NO DEFECTS,ON SCENE,INJURY AND / OR TOW DUE TO CRASH,Y,,,"OVER $1,500",9/4/2019 12:35,UNABLE TO DETERMINE,UNABLE TO DETERMINE,4100,W,115TH ST,2211,,N,,,,,2,"REPORTED, NOT EVIDENT",1,0,0,0,1,2,0,12,4,9,41.68403635,-87.72253068,POINT (-87.722530679137 41.684036353169)
JC420486,,9/4/2019 12:20,20,NO CONTROLS,NO CONTROLS,CLEAR,DAYLIGHT,PARKED MOTOR VEHICLE,PARKING LOT,,STRAIGHT AND LEVEL,DRY,NO DEFECTS,NOT ON SCENE (DESK REPORT),NO INJURY / DRIVE AWAY,,,,"OVER $1,500",9/4/2019 21:20,IMPROPER BACKING,NOT APPLICABLE,1220,S,ASHLAND AVE,1233,,,,,,,2,NO INDICATION OF INJURY,0,0,0,0,0,1,0,12,4,9,41.86625418,-87.66652414,POINT (-87.666524140131 41.866254176143)
JC419828,,9/4/2019 12:15,30,TRAFFIC SIGNAL,FUNCTIONING PROPERLY,CLEAR,DAYLIGHT,REAR END,ONE-WAY,,STRAIGHT AND LEVEL,DRY,NO DEFECTS,ON SCENE,NO INJURY / DRIVE AWAY,,,,"$501 - $1,500",9/4/2019 13:06,FOLLOWING TOO CLOSELY,NOT APPLICABLE,140,E,ONTARIO ST,1834,,,,,,,2,NO INDICATION OF INJURY,0,0,0,0,0,3,0,12,4,9,41.89344874,-87.623949,POINT (-87.623948998624 41.893448741752)
JC419811,,9/4/2019 12:15,30,TRAFFIC SIGNAL,FUNCTIONING PROPERLY,CLEAR,DAYLIGHT,PARKED MOTOR VEHICLE,NOT DIVIDED,,STRAIGHT AND LEVEL,DRY,NO DEFECTS,ON SCENE,NO INJURY / DRIVE AWAY,,,,$500 OR LESS,9/4/2019 12:30,UNABLE TO DETERMINE,NOT APPLICABLE,4134,S,WESTERN AVE,921,,,,,,,2,NO INDICATION OF INJURY,0,0,0,0,0,1,0,12,4,9,41.81825973,-87.68483902,POINT (-87.684839021358 41.818259726826)
JC419802,,9/4/2019 12:15,30,UNKNOWN,UNKNOWN,CLEAR,DAYLIGHT,PARKED MOTOR VEHICLE,NOT DIVIDED,,STRAIGHT AND LEVEL,DRY,UNKNOWN,NOT ON SCENE (DESK REPORT),NO INJURY / DRIVE AWAY,,,Y,"$501 - $1,500",9/4/2019 12:55,DRIVING SKILLS/KNOWLEDGE/EXPERIENCE,DRIVING SKILLS/KNOWLEDGE/EXPERIENCE,526,W,WRIGHTWOOD AVE,1935,,,,,,,2,NO INDICATION OF INJURY,0,0,0,0,0,3,0,12,4,9,41.93044848,-87.64248738,POINT (-87.642487377936 41.930448480865)
JC419857,,9/4/2019 12:00,30,STOP SIGN/FLASHER,FUNCTIONING PROPERLY,CLOUDY/OVERCAST,DAYLIGHT,REAR END,NOT DIVIDED,,STRAIGHT AND LEVEL,DRY,UNKNOWN,ON SCENE,NO INJURY / DRIVE AWAY,,,Y,"OVER $1,500",9/4/2019 13:30,UNABLE TO DETERMINE,UNABLE TO DETERMINE,2005,W,CERMAK RD,1034,,,,,,,2,NO INDICATION OF INJURY,0,0,0,0,0,2,0,12,4,9,41.8520613,-87.6761116,POINT (-87.676111597809 41.852061297308)
JC419767,,9/4/2019 12:00,30,NO CONTROLS,NO CONTROLS,CLEAR,DAYLIGHT,SIDESWIPE SAME DIRECTION,ONE-WAY,,STRAIGHT ON HILLCREST,DRY,NO DEFECTS,ON SCENE,NO INJURY / DRIVE AWAY,Y,,,"OVER $1,500",9/4/2019 12:10,UNABLE TO DETERMINE,UNABLE TO DETERMINE,1558,W,VAN BUREN ST,1231,,,,,,,2,NO INDICATION OF INJURY,0,0,0,0,0,2,0,12,4,9,41.87646063,-87.66662208,POINT (-87.666622079113 41.876460629864)
JC419754,,9/4/2019 12:00,25,TRAFFIC SIGNAL,FUNCTIONING PROPERLY,CLEAR,DAYLIGHT,TURNING,FOUR WAY,,STRAIGHT AND LEVEL,DRY,NO DEFECTS,NOT ON SCENE (DESK REPORT),NO INJURY / DRIVE AWAY,Y,,,"$501 - $1,500",9/4/2019 12:10,FAILING TO YIELD RIGHT-OF-WAY,UNABLE TO DETERMINE,800,N,ORLEANS ST,1823,,,,,,,2,NO INDICATION OF INJURY,0,0,0,0,0,2,0,12,4,9,41.89659113,-87.63731927,POINT (-87.637319266853 41.896591130052)
JC419760,,9/4/2019 11:55,30,NO CONTROLS,NO CONTROLS,CLEAR,DAYLIGHT,ANGLE,NOT DIVIDED,,STRAIGHT AND LEVEL,DRY,NO DEFECTS,ON SCENE,NO INJURY / DRIVE AWAY,,,,"OVER $1,500",9/4/2019 12:00,UNABLE TO DETERMINE,IMPROPER LANE USAGE,1704,N,MILWAUKEE AVE,1434,,,,,,,2,NO INDICATION OF INJURY,0,0,0,0,0,2,0,11,4,9,41.91227322,-87.68062401,POINT (-87.680624010582 41.912273216356)
JC419751,,9/4/2019 11:55,35,TRAFFIC SIGNAL,FUNCTIONING PROPERLY,CLEAR,DAYLIGHT,PEDESTRIAN,NOT DIVIDED,,STRAIGHT AND LEVEL,DRY,NO DEFECTS,ON SCENE,INJURY AND / OR TOW DUE TO CRASH,Y,,,"$501 - $1,500",9/4/2019 11:58,IMPROPER TURNING/NO SIGNAL,NOT APPLICABLE,6171,N,SHERIDAN RD,2433,,,,,,,3,NONINCAPACITATING INJURY,2,0,0,2,0,1,0,11,4,9,41.99432936,-87.65537018,POINT (-87.655370176867 41.994329357624)
JC430135,,9/4/2019 11:52,30,NO CONTROLS,NO CONTROLS,CLEAR,DAYLIGHT,FIXED OBJECT,PARKING LOT,,STRAIGHT AND LEVEL,DRY,NO DEFECTS,NOT ON SCENE (DESK REPORT),NO INJURY / DRIVE AWAY,,Y,,"OVER $1,500",9/12/2019 12:06,UNABLE TO DETERMINE,NOT APPLICABLE,5154,W,ROOSEVELT RD,1533,,,,,,,1,NO INDICATION OF INJURY,0,0,0,0,0,1,0,11,4,9,41.86586642,-87.75419884,POINT (-87.754198836601 41.865866417369)
JC419750,,9/4/2019 11:50,30,NO CONTROLS,NO CONTROLS,CLEAR,DAYLIGHT,TURNING,DIVIDED - W/MEDIAN BARRIER,,STRAIGHT AND LEVEL,DRY,NO DEFECTS,ON SCENE,NO INJURY / DRIVE AWAY,,,,"$501 - $1,500",9/4/2019 11:56,UNABLE TO DETERMINE,UNABLE TO DETERMINE,4000,S,CICERO AVE,1031,,,,,,,2,NO INDICATION OF INJURY,0,0,0,0,0,2,0,11,4,9,41.82056577,-87.7436532,POINT (-87.743653198213 41.820565772976)
JC419741,,9/4/2019 11:45,10,NO CONTROLS,NO CONTROLS,CLEAR,DAYLIGHT,PARKED MOTOR VEHICLE,PARKING LOT,,STRAIGHT AND LEVEL,DRY,NO DEFECTS,NOT ON SCENE (DESK REPORT),NO INJURY / DRIVE AWAY,,,,"OVER $1,500",9/4/2019 12:16,IMPROPER BACKING,IMPROPER BACKING,4700,S,HOYNE AVE,931,,,,,,,2,NO INDICATION OF INJURY,0,0,0,0,0,1,0,11,4,9,41.80840728,-87.67726298,POINT (-87.677262976184 41.808407279119)
JC420075,,9/4/2019 11:40,25,NO CONTROLS,NO CONTROLS,CLEAR,DAYLIGHT,PARKED MOTOR VEHICLE,NOT DIVIDED,,STRAIGHT AND LEVEL,DRY,NO DEFECTS,NOT ON SCENE (DESK REPORT),NO INJURY / DRIVE AWAY,,,,"OVER $1,500",9/4/2019 16:00,UNABLE TO DETERMINE,UNABLE TO DETERMINE,452,E,75TH ST,323,,,,,,,2,NO INDICATION OF INJURY,0,0,0,0,0,1,0,11,4,9,41.7585562,-87.61298886,POINT (-87.612988863075 41.758556202133)
JC419709,,9/4/2019 11:38,30,TRAFFIC SIGNAL,FUNCTIONING PROPERLY,CLEAR,DAYLIGHT,PARKED MOTOR VEHICLE,DIVIDED - W/MEDIAN (NOT RAISED),,STRAIGHT AND LEVEL,DRY,NO DEFECTS,ON SCENE,NO INJURY / DRIVE AWAY,,,,"OVER $1,500",9/4/2019 11:38,IMPROPER OVERTAKING/PASSING,UNABLE TO DETERMINE,1356,W,51ST ST,933,,,,,,,2,NO INDICATION OF INJURY,0,0,0,0,0,2,0,11,4,9,41.80149281,-87.65977753,POINT (-87.659777527827 41.80149281216)
JC419716,,9/4/2019 11:37,30,TRAFFIC SIGNAL,FUNCTIONING PROPERLY,CLEAR,DAYLIGHT,SIDESWIPE SAME DIRECTION,NOT DIVIDED,,STRAIGHT AND LEVEL,DRY,NO DEFECTS,ON SCENE,NO INJURY / DRIVE AWAY,,,Y,"OVER $1,500",9/4/2019 11:39,IMPROPER OVERTAKING/PASSING,IMPROPER LANE USAGE,3900,S,CALIFORNIA AVE,921,,,,,,,2,NO INDICATION OF INJURY,0,0,0,0,0,2,0,11,4,9,41.82274823,-87.69477729,POINT (-87.69477729328 41.822748227787)
JC419718,,9/4/2019 11:31,30,TRAFFIC SIGNAL,FUNCTIONING PROPERLY,CLEAR,DAYLIGHT,ANGLE,NOT DIVIDED,,STRAIGHT AND LEVEL,DRY,NO DEFECTS,ON SCENE,INJURY AND / OR TOW DUE TO CRASH,Y,,,"OVER $1,500",9/4/2019 11:32,UNABLE TO DETERMINE,NOT APPLICABLE,1400,W,51ST ST,933,,,,,,,2,NO INDICATION OF INJURY,0,0,0,0,0,3,0,11,4,9,41.80149196,-87.65998004,POINT (-87.659980040301 41.80149195475)
JC420278,,9/4/2019 11:30,35,NO CONTROLS,NO CONTROLS,CLEAR,DAYLIGHT,PARKED MOTOR VEHICLE,NOT DIVIDED,,STRAIGHT AND LEVEL,DRY,NO DEFECTS,NOT ON SCENE (DESK REPORT),NO INJURY / DRIVE AWAY,,,Y,"$501 - $1,500",9/4/2019 18:30,UNABLE TO DETERMINE,NOT APPLICABLE,6330,N,TROY ST,2413,,,,,,,2,NO INDICATION OF INJURY,0,0,0,0,0,1,0,11,4,9,41.99655296,-87.7082474,POINT (-87.708247398812 41.996552956014)
JC419704,,9/4/2019 11:25,30,NO CONTROLS,NO CONTROLS,CLEAR,DAYLIGHT,PARKED MOTOR VEHICLE,NOT DIVIDED,,STRAIGHT AND LEVEL,UNKNOWN,UNKNOWN,NOT ON SCENE (DESK REPORT),NO INJURY / DRIVE AWAY,,,Y,"OVER $1,500",9/4/2019 11:45,UNABLE TO DETERMINE,NOT APPLICABLE,4740,N,WESTERN AVE,1911,,,,,,,2,NO INDICATION OF INJURY,0,0,0,0,0,1,0,11,4,9,41.96796197,-87.68903213,POINT (-87.689032131482 41.9679619719)
JC431959,,9/4/2019 11:24,30,NO CONTROLS,NO CONTROLS,CLEAR,DAYLIGHT,PARKED MOTOR VEHICLE,NOT DIVIDED,,STRAIGHT AND LEVEL,DRY,NO DEFECTS,NOT ON SCENE (DESK REPORT),NO INJURY / DRIVE AWAY,,,Y,"OVER $1,500",9/13/2019 16:30,UNABLE TO DETERMINE,NOT APPLICABLE,400,E,RANDOLPH ST,114,,,,,,,2,NO INDICATION OF INJURY,0,0,0,0,0,1,0,11,4,9,41.88464637,-87.6172485,POINT (-87.617248496239 41.884646365435)
JC419748,,9/4/2019 11:24,35,NO CONTROLS,NO CONTROLS,CLEAR,DAYLIGHT,PARKED MOTOR VEHICLE,PARKING LOT,,STRAIGHT AND LEVEL,DRY,"RUT, HOLES",ON SCENE,NO INJURY / DRIVE AWAY,,,Y,"OVER $1,500",9/4/2019 11:24,UNABLE TO DETERMINE,UNABLE TO DETERMINE,853,W,115TH ST,524,,,,,,,2,NO INDICATION OF INJURY,0,0,0,0,0,4,0,11,4,9,41.68494501,-87.64421928,POINT (-87.644219283231 41.684945013059)
JC419758,,9/4/2019 11:15,30,TRAFFIC SIGNAL,FUNCTIONING PROPERLY,CLEAR,DAYLIGHT,SIDESWIPE SAME DIRECTION,NOT DIVIDED,,STRAIGHT AND LEVEL,DRY,NO DEFECTS,ON SCENE,NO INJURY / DRIVE AWAY,Y,,,"$501 - $1,500",9/4/2019 11:30,FOLLOWING TOO CLOSELY,IMPROPER OVERTAKING/PASSING,1559,N,WELLS ST,1821,,,,,,,2,NO INDICATION OF INJURY,0,0,0,0,0,2,0,11,4,9,41.91084519,-87.63455412,POINT (-87.634554115232 41.910845189402)
JC419686,,9/4/2019 11:15,20,TRAFFIC SIGNAL,FUNCTIONING PROPERLY,CLOUDY/OVERCAST,DAYLIGHT,SIDESWIPE SAME DIRECTION,NOT DIVIDED,,STRAIGHT AND LEVEL,DRY,NO DEFECTS,NOT ON SCENE (DESK REPORT),NO INJURY / DRIVE AWAY,,,,"OVER $1,500",9/4/2019 11:30,IMPROPER LANE USAGE,NOT APPLICABLE,3850,W,111TH ST,2211,,,,,,,2,NO INDICATION OF INJURY,0,0,0,0,0,2,0,11,4,9,41.69141732,-87.71751902,POINT (-87.717519014693 41.691417315963)
JC419723,,9/4/2019 11:08,30,TRAFFIC SIGNAL,FUNCTIONING PROPERLY,CLEAR,DAYLIGHT,REAR END,NOT DIVIDED,,STRAIGHT AND LEVEL,DRY,NO DEFECTS,ON SCENE,NO INJURY / DRIVE AWAY,N,,,"$501 - $1,500",9/4/2019 11:36,FOLLOWING TOO CLOSELY,NOT APPLICABLE,657,N,FAIRBANKS CT,1834,,,,,,,2,NO INDICATION OF INJURY,0,0,0,0,0,2,0,11,4,9,41.89416428,-87.62014473,POINT (-87.620144729206 41.89416428252)
JC420580,,9/4/2019 11:06,15,NO CONTROLS,NO CONTROLS,CLEAR,DAYLIGHT,PARKED MOTOR VEHICLE,PARKING LOT,,STRAIGHT AND LEVEL,DRY,NO DEFECTS,NOT ON SCENE (DESK REPORT),NO INJURY / DRIVE AWAY,,,Y,"OVER $1,500",9/4/2019 22:50,IMPROPER BACKING,UNABLE TO DETERMINE,8529,W,RASCHER AVE,1614,,,,,,,2,NO INDICATION OF INJURY,0,0,0,0,0,1,0,11,4,9,41.97822798,-87.84025619,POINT (-87.840256184611 41.978227983137)
JC419792,,9/4/2019 11:05,35,NO CONTROLS,NO CONTROLS,CLEAR,DAYLIGHT,FIXED OBJECT,ALLEY,,STRAIGHT AND LEVEL,DRY,UNKNOWN,ON SCENE,NO INJURY / DRIVE AWAY,,,,"OVER $1,500",9/4/2019 12:33,UNABLE TO DETERMINE,NOT APPLICABLE,352,W,120TH ST,522,,,,,,,1,NO INDICATION OF INJURY,0,0,0,0,0,1,0,11,4,9,41.67621155,-87.63191248,POINT (-87.631912475061 41.676211552374)
JC419670,,9/4/2019 11:05,30,STOP SIGN/FLASHER,FUNCTIONING PROPERLY,CLEAR,DAYLIGHT,ANGLE,NOT DIVIDED,,STRAIGHT AND LEVEL,DRY,NO DEFECTS,ON SCENE,INJURY AND / OR TOW DUE TO CRASH,Y,,,"OVER $1,500",9/4/2019 11:07,UNABLE TO DETERMINE,NOT APPLICABLE,4600,W,WASHINGTON BLVD,1113,,,,,,,2,NONINCAPACITATING INJURY,1,0,0,1,0,1,0,11,4,9,41.88198444,-87.74016301,POINT (-87.740163011434 41.881984434835)
JC419620,,9/4/2019 11:05,30,NO CONTROLS,NO CONTROLS,CLEAR,DAYLIGHT,ANGLE,NOT DIVIDED,,STRAIGHT ON GRADE,DRY,NO DEFECTS,ON SCENE,NO INJURY / DRIVE AWAY,,,,$500 OR LESS,9/4/2019 11:05,NOT APPLICABLE,NOT APPLICABLE,4401,W,CHICAGO AVE,1111,,,,,,,2,NO INDICATION OF INJURY,0,0,0,0,0,2,0,11,4,9,41.89507316,-87.73606351,POINT (-87.736063506281 41.895073155649)
JC420246,Y,9/4/2019 11:00,25,NO CONTROLS,NO CONTROLS,CLEAR,DAYLIGHT,PARKED MOTOR VEHICLE,NOT DIVIDED,,STRAIGHT AND LEVEL,DRY,NO DEFECTS,NOT ON SCENE (DESK REPORT),NO INJURY / DRIVE AWAY,,,Y,"$501 - $1,500",9/4/2019 18:11,UNABLE TO DETERMINE,UNABLE TO DETERMINE,6970,N,WOLCOTT AVE,2424,,,,,,,2,NO INDICATION OF INJURY,0,0,0,0,0,1,0,11,4,9,42.00860734,-87.67819503,POINT (-87.678195027803 42.00860733553)
JC420184,,9/4/2019 11:00,30,NO CONTROLS,NO CONTROLS,CLEAR,DAYLIGHT,PARKED MOTOR VEHICLE,ONE-WAY,,STRAIGHT AND LEVEL,DRY,UNKNOWN,NOT ON SCENE (DESK REPORT),NO INJURY / DRIVE AWAY,,,Y,"$501 - $1,500",9/4/2019 17:30,UNABLE TO DETERMINE,UNABLE TO DETERMINE,510,N,WOLCOTT AVE,1221,,,,,,,2,NO INDICATION OF INJURY,0,0,0,0,0,1,0,11,4,9,41.89125849,-87.67462416,POINT (-87.674624162844 41.891258494047)
JC420070,Y,9/4/2019 11:00,30,NO CONTROLS,NO CONTROLS,UNKNOWN,UNKNOWN,PARKED MOTOR VEHICLE,ONE-WAY,,STRAIGHT AND LEVEL,UNKNOWN,UNKNOWN,NOT ON SCENE (DESK REPORT),NO INJURY / DRIVE AWAY,,,Y,"OVER $1,500",9/4/2019 16:20,UNABLE TO DETERMINE,NOT APPLICABLE,1833,W,HENDERSON ST,1922,,,,,,,2,NO INDICATION OF INJURY,0,0,0,0,0,1,0,11,4,9,41.94223299,-87.67528715,POINT (-87.675287152192 41.942232987012)
JC420050,,9/4/2019 11:00,10,NO CONTROLS,NO CONTROLS,CLEAR,DAYLIGHT,PARKED MOTOR VEHICLE,PARKING LOT,,STRAIGHT AND LEVEL,DRY,NO DEFECTS,NOT ON SCENE (DESK REPORT),NO INJURY / DRIVE AWAY,,N,Y,"OVER $1,500",9/4/2019 16:00,IMPROPER LANE USAGE,NOT APPLICABLE,600,E,GRAND AVE,1834,,,,,,,2,NO INDICATION OF INJURY,0,0,0,0,0,1,0,11,4,9,41.89209414,-87.61156988,POINT (-87.611569883947 41.892094136862)
JC419713,,9/4/2019 11:00,30,NO CONTROLS,NO CONTROLS,CLEAR,DAYLIGHT,REAR END,NOT DIVIDED,,STRAIGHT AND LEVEL,DRY,NO DEFECTS,ON SCENE,NO INJURY / DRIVE AWAY,,,,$500 OR LESS,9/4/2019 11:20,FOLLOWING TOO CLOSELY,NOT APPLICABLE,400,W,KINZIE ST,1831,,,,,,,2,NO INDICATION OF INJURY,0,0,0,0,0,2,0,11,4,9,41.88919328,-87.6381507,POINT (-87.63815069502 41.889193279096)
JC419685,,9/4/2019 11:00,20,NO CONTROLS,NO CONTROLS,CLEAR,DAYLIGHT,PARKED MOTOR VEHICLE,NOT DIVIDED,,STRAIGHT AND LEVEL,DRY,UNKNOWN,ON SCENE,INJURY AND / OR TOW DUE TO CRASH,,,,"OVER $1,500",9/4/2019 11:15,UNABLE TO DETERMINE,UNABLE TO DETERMINE,1125,W,40TH ST,925,,,,,,,2,NO INDICATION OF INJURY,0,0,0,0,0,1,0,11,4,9,41.82094942,-87.65432982,POINT (-87.654329819372 41.820949419151)
JC419738,,9/4/2019 10:55,35,TRAFFIC SIGNAL,FUNCTIONING PROPERLY,CLEAR,DAYLIGHT,ANGLE,FOUR WAY,,STRAIGHT AND LEVEL,DRY,NO DEFECTS,ON SCENE,INJURY AND / OR TOW DUE TO CRASH,Y,,,"OVER $1,500",9/4/2019 11:17,DISREGARDING TRAFFIC SIGNALS,NOT APPLICABLE,1001,W,GARFIELD BLVD,712,,,,,,,2,NONINCAPACITATING INJURY,2,0,0,2,0,0,0,10,4,9,41.79376088,-87.65007118,POINT (-87.650071180111 41.793760880904)