RD_NO,CRASH_DATE_EST_I,CRASH_DATE,POSTED_SPEED_LIMIT,TRAFFIC_CONTROL_DEVICE,DEVICE_CONDITION,WEATHER_CONDITION,LIGHTING_CONDITION,FIRST_CRASH_TYPE,TRAFFICWAY_TYPE,LANE_CNT,ALIGNMENT,ROADWAY_SURFACE_COND,ROAD_DEFECT,REPORT_TYPE,CRASH_TYPE,INTERSECTION_RELATED_I,NOT_RIGHT_OF_WAY_I,HIT_AND_RUN_I,DAMAGE,DATE_POLICE_NOTIFIED,PRIM_CONTRIBUTORY_CAUSE,SEC_CONTRIBUTORY_CAUSE,STREET_NO,STREET_DIRECTION,STREET_NAME,BEAT_OF_OCCURRENCE,PHOTOS_TAKEN_I,STATEMENTS_TAKEN_I,DOORING_I,WORK_ZONE_I,WORK_ZONE_TYPE,WORKERS_PRESENT_I,NUM_UNITS,MOST_SEVERE_INJURY,INJURIES_TOTAL,INJURIES_FATAL,INJURIES_INCAPACITATING,INJURIES_NON_INCAPACITATING,INJURIES_REPORTED_NOT_EVIDENT,INJURIES_NO_INDICATION,INJURIES_UNKNOWN,CRASH_HOUR,CRASH_DAY_OF_WEEK,CRASH_MONTH,LATITUDE,LONGITUDE,LOCATION
JC419710,,9/4/2019 10:45,25,NO CONTROLS,NO CONTROLS,CLEAR,DAYLIGHT,ANGLE,NOT DIVIDED,,STRAIGHT AND LEVEL,DRY,NO DEFECTS,ON SCENE,NO INJURY / DRIVE AWAY,,,,"$501 - $1,500",9/4/2019 10:47,FAILING TO YIELD RIGHT-OF-WAY,NOT APPLICABLE,1206,N,LAVERGNE AVE,2533,,,,,,,2,NO INDICATION OF INJURY,0,0,0,0,0,2,0,10,4,9,41.90254939,-87.75102519,POINT (-87.751025190525 41.902549391874)
JC419674,,9/4/2019 10:45,30,NO CONTROLS,NO CONTROLS,CLEAR,DAYLIGHT,PARKED MOTOR VEHICLE,NOT DIVIDED,,STRAIGHT AND LEVEL,DRY,NO DEFECTS,ON SCENE,NO INJURY / DRIVE AWAY,,,Y,"$501 - $1,500",9/4/2019 11:07,UNABLE TO DETERMINE,UNABLE TO DETERMINE,2740,W,FOSTER AVE,2011,,,,,,,2,NO INDICATION OF INJURY,0,0,0,0,0,1,0,10,4,9,41.97593338,-87.69812168,POINT (-87.698121677158 41.975933383327)
JC419646,,9/4/2019 10:45,30,TRAFFIC SIGNAL,FUNCTIONING PROPERLY,CLEAR,DAYLIGHT,SIDESWIPE SAME DIRECTION,FOUR WAY,,STRAIGHT AND LEVEL,DRY,NO DEFECTS,ON SCENE,NO INJURY / DRIVE AWAY,Y,,,"OVER $1,500",9/4/2019 10:48,IMPROPER LANE USAGE,UNABLE TO DETERMINE,4659,S,ASHLAND AVE,924,,,,,,,2,NO INDICATION OF INJURY,0,0,0,0,0,2,0,10,4,9,41.80862343,-87.66482619,POINT (-87.664826185223 41.808623424602)
JC420382,,9/4/2019 10:40,25,TRAFFIC SIGNAL,FUNCTIONING PROPERLY,CLEAR,DAYLIGHT,TURNING,DIVIDED - W/MEDIAN (NOT RAISED),,STRAIGHT AND LEVEL,DRY,NO DEFECTS,NOT ON SCENE (DESK REPORT),NO INJURY / DRIVE AWAY,Y,,,"OVER $1,500",9/4/2019 19:35,IMPROPER TURNING/NO SIGNAL,NOT APPLICABLE,6700,S,COTTAGE GROVE AVE,321,,,,,,,2,NO INDICATION OF INJURY,0,0,0,0,0,2,0,10,4,9,41.77304782,-87.60591305,POINT (-87.605913052872 41.773047821886)
JC419746,,9/4/2019 10:30,30,TRAFFIC SIGNAL,FUNCTIONING PROPERLY,CLEAR,DAYLIGHT,TURNING,DIVIDED - W/MEDIAN (NOT RAISED),,STRAIGHT AND LEVEL,DRY,NO DEFECTS,ON SCENE,NO INJURY / DRIVE AWAY,,,,"$501 - $1,500",9/4/2019 12:40,UNABLE TO DETERMINE,UNABLE TO DETERMINE,2700,S,WESTERN AVE,1034,,,,,,,2,NO INDICATION OF INJURY,0,0,0,0,0,2,0,10,4,9,41.84330771,-87.68550216,POINT (-87.685502164358 41.843307707459)
JC419697,,9/4/2019 10:30,30,NO CONTROLS,NO CONTROLS,CLEAR,DAYLIGHT,PARKED MOTOR VEHICLE,ONE-WAY,,STRAIGHT AND LEVEL,DRY,NO DEFECTS,NOT ON SCENE (DESK REPORT),NO INJURY / DRIVE AWAY,,,Y,"$501 - $1,500",9/4/2019 11:30,UNABLE TO DETERMINE,UNABLE TO DETERMINE,2204,W,ESTES AVE,2411,,,,,,,2,NO INDICATION OF INJURY,0,0,0,0,0,1,0,10,4,9,42.01120771,-87.68632137,POINT (-87.686321369621 42.011207705568)
JC419642,,9/4/2019 10:30,30,NO CONTROLS,NO CONTROLS,CLEAR,DAYLIGHT,REAR END,DIVIDED - W/MEDIAN BARRIER,,STRAIGHT AND LEVEL,DRY,UNKNOWN,NOT ON SCENE (DESK REPORT),NO INJURY / DRIVE AWAY,,,,"OVER $1,500",9/4/2019 11:00,DISTRACTION - FROM INSIDE VEHICLE,NOT APPLICABLE,1142,N,LAKE SHORE DR SB,1824,,,,,,,2,NO INDICATION OF INJURY,0,0,0,0,0,3,0,10,4,9,41.90367507,-87.62468531,POINT (-87.624685305738 41.903675067937)
JC419619,,9/4/2019 10:30,30,NO CONTROLS,NO CONTROLS,CLEAR,DAYLIGHT,PARKED MOTOR VEHICLE,DIVIDED - W/MEDIAN (NOT RAISED),,STRAIGHT AND LEVEL,DRY,NO DEFECTS,ON SCENE,NO INJURY / DRIVE AWAY,,,,"OVER $1,500",9/4/2019 10:35,UNABLE TO DETERMINE,UNABLE TO DETERMINE,5111,N,BROADWAY,2033,,,,,,,2,NO INDICATION OF INJURY,0,0,0,0,0,1,0,10,4,9,41.97522169,-87.65969096,POINT (-87.659690961509 41.975221688188)
JC419467,,9/4/2019 10:30,25,NO CONTROLS,NO CONTROLS,CLEAR,DAYLIGHT,PARKED MOTOR VEHICLE,UNKNOWN,,STRAIGHT AND LEVEL,DRY,NO DEFECTS,ON SCENE,NO INJURY / DRIVE AWAY,,,,$500 OR LESS,9/4/2019 10:35,UNABLE TO DETERMINE,UNABLE TO DETERMINE,6528,S,DR MARTIN LUTHER KING JR DR,312,,,,,,,2,NO INDICATION OF INJURY,0,0,0,0,0,1,0,10,4,9,41.77572124,-87.61566005,POINT (-87.615660051417 41.775721242913)
JC419987,,9/4/2019 10:15,30,TRAFFIC SIGNAL,FUNCTIONING PROPERLY,CLOUDY/OVERCAST,DAYLIGHT,REAR END,DIVIDED - W/MEDIAN (NOT RAISED),,STRAIGHT AND LEVEL,DRY,NO DEFECTS,NOT ON SCENE (DESK REPORT),NO INJURY / DRIVE AWAY,Y,,,"$501 - $1,500",9/4/2019 15:05,FAILING TO REDUCE SPEED TO AVOID CRASH,UNABLE TO DETERMINE,7600,S,HALSTED ST,621,,,,,,,2,NO INDICATION OF INJURY,0,0,0,0,0,2,0,10,4,9,41.75599579,-87.64432824,POINT (-87.644328238864 41.755995790481)
JC419654,,9/4/2019 10:15,30,STOP SIGN/FLASHER,FUNCTIONING PROPERLY,CLEAR,DAYLIGHT,ANGLE,FOUR WAY,,STRAIGHT AND LEVEL,DRY,NO DEFECTS,,NO INJURY / DRIVE AWAY,Y,,,"OVER $1,500",9/4/2019 10:30,UNABLE TO DETERMINE,UNABLE TO DETERMINE,2100,E,77TH ST,414,,,,,,,2,NO INDICATION OF INJURY,0,0,0,0,0,4,0,10,4,9,41.75538073,-87.57356318,POINT (-87.573563180782 41.755380728277)
JC419651,,9/4/2019 10:15,30,NO CONTROLS,NO CONTROLS,CLEAR,DAYLIGHT,TURNING,NOT DIVIDED,,STRAIGHT AND LEVEL,DRY,SHOULDER DEFECT,NOT ON SCENE (DESK REPORT),NO INJURY / DRIVE AWAY,Y,,Y,"OVER $1,500",9/4/2019 10:49,UNABLE TO DETERMINE,UNABLE TO DETERMINE,134,N,HAMLIN BLVD,1122,,,,,,,2,NO INDICATION OF INJURY,0,0,0,0,0,2,0,10,4,9,41.88294277,-87.72100353,POINT (-87.721003524701 41.882942771669)
JC419661,,9/4/2019 10:12,20,NO CONTROLS,NO CONTROLS,CLEAR,DAYLIGHT,PARKED MOTOR VEHICLE,NOT DIVIDED,,STRAIGHT AND LEVEL,DRY,NO DEFECTS,NOT ON SCENE (DESK REPORT),NO INJURY / DRIVE AWAY,,,,"$501 - $1,500",9/4/2019 11:14,IMPROPER OVERTAKING/PASSING,NOT APPLICABLE,3801,S,ST LOUIS AVE,911,,,,,,,2,NO INDICATION OF INJURY,0,0,0,0,0,5,0,10,4,9,41.82424939,-87.71165666,POINT (-87.711656656496 41.824249384566)
JC419659,,9/4/2019 10:10,30,TRAFFIC SIGNAL,FUNCTIONING PROPERLY,CLEAR,DAYLIGHT,REAR END,DIVIDED - W/MEDIAN BARRIER,,STRAIGHT AND LEVEL,DRY,NO DEFECTS,NOT ON SCENE (DESK REPORT),NO INJURY / DRIVE AWAY,,,,"$501 - $1,500",9/4/2019 11:20,UNABLE TO DETERMINE,UNABLE TO DETERMINE,7521,S,STONY ISLAND AVE,411,,,,,,,2,NO INDICATION OF INJURY,0,0,0,0,0,2,0,10,4,9,41.75813877,-87.58557859,POINT (-87.585578593759 41.758138766584)
JC419600,,9/4/2019 10:07,30,TRAFFIC SIGNAL,FUNCTIONING PROPERLY,CLEAR,DAYLIGHT,ANGLE,NOT DIVIDED,,STRAIGHT AND LEVEL,DRY,NO DEFECTS,ON SCENE,NO INJURY / DRIVE AWAY,Y,,,"OVER $1,500",9/4/2019 10:09,DISREGARDING TRAFFIC SIGNALS,FAILING TO REDUCE SPEED TO AVOID CRASH,800,N,KOSTNER AVE,1111,,,,,,,2,NO INDICATION OF INJURY,0,0,0,0,0,5,0,10,4,9,41.89522858,-87.73609273,POINT (-87.736092729846 41.89522857701)
JC419624,,9/4/2019 10:05,25,NO CONTROLS,NO CONTROLS,CLEAR,DAYLIGHT,PEDALCYCLIST,ONE-WAY,,STRAIGHT AND LEVEL,DRY,NO DEFECTS,ON SCENE,NO INJURY / DRIVE AWAY,,,,"$501 - $1,500",9/4/2019 10:17,FAILING TO YIELD RIGHT-OF-WAY,NOT APPLICABLE,217,W,WASHINGTON ST,122,,,,,,,2,NO INDICATION OF INJURY,0,0,0,0,0,2,0,10,4,9,41.88310003,-87.63437825,POINT (-87.634378245247 41.883100029814)
JC419615,,9/4/2019 10:05,15,NO CONTROLS,NO CONTROLS,CLEAR,DAYLIGHT,SIDESWIPE OPPOSITE DIRECTION,ALLEY,,STRAIGHT AND LEVEL,DRY,NO DEFECTS,NOT ON SCENE (DESK REPORT),NO INJURY / DRIVE AWAY,,,Y,"OVER $1,500",9/4/2019 10:44,UNABLE TO DETERMINE,UNABLE TO DETERMINE,2430,W,ARTHINGTON ST,1135,,,,,,,2,NO INDICATION OF INJURY,0,0,0,0,0,2,0,10,4,9,41.87035074,-87.6873945,POINT (-87.687394498864 41.870350743747)
JC420255,Y,9/4/2019 10:00,30,UNKNOWN,UNKNOWN,CLEAR,DAYLIGHT,PARKED MOTOR VEHICLE,ONE-WAY,,STRAIGHT AND LEVEL,DRY,UNKNOWN,ON SCENE,NO INJURY / DRIVE AWAY,,,Y,"OVER $1,500",9/4/2019 18:15,NOT APPLICABLE,NOT APPLICABLE,2348,N,SEELEY AVE,1432,,,,,,,3,NO INDICATION OF INJURY,0,0,0,0,0,1,0,10,4,9,41.92422926,-87.67924116,POINT (-87.679241163358 41.924229259433)
JC419798,,9/4/2019 10:00,30,NO CONTROLS,NO CONTROLS,CLEAR,DAYLIGHT,TURNING,ONE-WAY,,STRAIGHT AND LEVEL,DRY,NO DEFECTS,NOT ON SCENE (DESK REPORT),NO INJURY / DRIVE AWAY,,,Y,"OVER $1,500",9/4/2019 12:30,UNABLE TO DETERMINE,UNABLE TO DETERMINE,900,N,RUSH ST,1833,,,,,,,2,NO INDICATION OF INJURY,0,0,0,0,0,2,0,10,4,9,41.89918194,-87.62700508,POINT (-87.627005076893 41.899181937432)
JC419881,,9/4/2019 9:55,30,NO CONTROLS,NO CONTROLS,CLEAR,DAYLIGHT,SIDESWIPE SAME DIRECTION,DIVIDED - W/MEDIAN (NOT RAISED),,STRAIGHT AND LEVEL,DRY,NO DEFECTS,NOT ON SCENE (DESK REPORT),NO INJURY / DRIVE AWAY,,,,"$501 - $1,500",9/4/2019 14:45,UNABLE TO DETERMINE,NOT APPLICABLE,205,W,WACKER DR,122,,,,,,,2,NO INDICATION OF INJURY,0,0,0,0,0,2,0,9,4,9,41.8867073,-87.63415039,POINT (-87.634150393212 41.886707304096)
JC419572,,9/4/2019 9:51,30,STOP SIGN/FLASHER,OTHER,CLEAR,DAYLIGHT,PEDALCYCLIST,ONE-WAY,,STRAIGHT AND LEVEL,DRY,NO DEFECTS,ON SCENE,INJURY AND / OR TOW DUE TO CRASH,Y,,,$500 OR LESS,9/4/2019 9:51,FAILING TO YIELD RIGHT-OF-WAY,UNABLE TO DETERMINE,3947,N,MOBILE AVE,1633,,,,,,,2,NONINCAPACITATING INJURY,1,0,0,1,0,1,0,9,4,9,41.95252988,-87.78342603,POINT (-87.783426032204 41.952529878604)
JC419677,,9/4/2019 9:50,10,NO CONTROLS,NO CONTROLS,CLEAR,DAYLIGHT,PARKED MOTOR VEHICLE,PARKING LOT,,STRAIGHT AND LEVEL,DRY,NO DEFECTS,NOT ON SCENE (DESK REPORT),NO INJURY / DRIVE AWAY,,Y,,"$501 - $1,500",9/4/2019 11:25,IMPROPER BACKING,UNABLE TO DETERMINE,1859,S,BLUE ISLAND AVE,1233,,,,,,,2,NO INDICATION OF INJURY,0,0,0,0,0,1,0,9,4,9,41.85634863,-87.66227567,POINT (-87.662275667136 41.85634862978)
JC419581,,9/4/2019 9:50,30,TRAFFIC SIGNAL,UNKNOWN,CLEAR,DAYLIGHT,REAR END,DIVIDED - W/MEDIAN (NOT RAISED),,STRAIGHT AND LEVEL,DRY,UNKNOWN,ON SCENE,INJURY AND / OR TOW DUE TO CRASH,,,,"OVER $1,500",9/4/2019 9:52,FOLLOWING TOO CLOSELY,NOT APPLICABLE,3420,N,ELSTON AVE,1733,,,,,,,3,"REPORTED, NOT EVIDENT",1,0,0,0,1,3,0,9,4,9,41.94307798,-87.70389761,POINT (-87.703897611139 41.943077977198)
JC419575,,9/4/2019 9:50,30,TRAFFIC SIGNAL,FUNCTIONING IMPROPERLY,CLEAR,DAYLIGHT,REAR TO FRONT,NOT DIVIDED,,STRAIGHT AND LEVEL,DRY,NO DEFECTS,ON SCENE,INJURY AND / OR TOW DUE TO CRASH,,,Y,"OVER $1,500",9/4/2019 10:01,IMPROPER BACKING,UNABLE TO DETERMINE,1800,N,AUSTIN AVE,2513,,,,,,,3,NONINCAPACITATING INJURY,1,0,0,1,0,2,0,9,4,9,41.91296797,-87.77549303,POINT (-87.775493034283 41.912967970665)
JC420396,,9/4/2019 9:40,30,NO CONTROLS,NO CONTROLS,CLEAR,DAYLIGHT,PEDALCYCLIST,NOT DIVIDED,,STRAIGHT AND LEVEL,DRY,NO DEFECTS,NOT ON SCENE (DESK REPORT),INJURY AND / OR TOW DUE TO CRASH,,,Y,"$501 - $1,500",9/4/2019 19:40,NOT APPLICABLE,NOT APPLICABLE,3521,S,ARCHER AVE,912,,,,,,,2,NONINCAPACITATING INJURY,1,0,0,1,0,1,0,9,4,9,41.82998515,-87.67808894,POINT (-87.678088938587 41.829985147073)
JC422304,,9/4/2019 9:30,30,NO CONTROLS,NO CONTROLS,CLEAR,DAYLIGHT,REAR END,NOT DIVIDED,,STRAIGHT AND LEVEL,DRY,NO DEFECTS,NOT ON SCENE (DESK REPORT),NO INJURY / DRIVE AWAY,,,,"OVER $1,500",9/6/2019 12:16,FOLLOWING TOO CLOSELY,NOT APPLICABLE,2,W,CONGRESS PKWY,113,,,,,,,2,NO INDICATION OF INJURY,0,0,0,0,0,2,0,9,4,9,41.87574748,-87.62767401,POINT (-87.627674006991 41.875747479612)
JC419569,,9/4/2019 9:29,30,NO CONTROLS,NO CONTROLS,UNKNOWN,UNKNOWN,PARKED MOTOR VEHICLE,ONE-WAY,,STRAIGHT AND LEVEL,UNKNOWN,UNKNOWN,ON SCENE,NO INJURY / DRIVE AWAY,,,Y,"OVER $1,500",9/4/2019 9:55,DRIVING SKILLS/KNOWLEDGE/EXPERIENCE,"OPERATING VEHICLE IN ERRATIC, RECKLESS, CARELESS, NEGLIGENT OR AGGRESSIVE MANNER",8936,S,BLACKSTONE AVE,413,,,,,,,2,NO INDICATION OF INJURY,0,0,0,0,0,1,0,9,4,9,41.73212514,-87.58817664,POINT (-87.588176638787 41.732125141285)
JC419567,,9/4/2019 9:28,25,NO CONTROLS,NO CONTROLS,CLEAR,DAYLIGHT,REAR END,ONE-WAY,,STRAIGHT AND LEVEL,DRY,NO DEFECTS,NOT ON SCENE (DESK REPORT),NO INJURY / DRIVE AWAY,,,,"$501 - $1,500",9/4/2019 10:00,FOLLOWING TOO CLOSELY,UNABLE TO DETERMINE,150,E,HURON ST,1834,,,,,,,2,NO INDICATION OF INJURY,0,0,0,0,0,2,0,9,4,9,41.89506079,-87.62350751,POINT (-87.623507509116 41.895060785681)
JC419660,,9/4/2019 9:20,30,NO CONTROLS,NO CONTROLS,CLEAR,DAYLIGHT,SIDESWIPE SAME DIRECTION,NOT DIVIDED,,STRAIGHT AND LEVEL,UNKNOWN,UNKNOWN,NOT ON SCENE (DESK REPORT),NO INJURY / DRIVE AWAY,,,Y,$500 OR LESS,9/4/2019 11:00,FAILING TO YIELD RIGHT-OF-WAY,UNABLE TO DETERMINE,9402,S,COLFAX AVE,423,,,,,,,2,NO INDICATION OF INJURY,0,0,0,0,0,2,0,9,4,9,41.72438557,-87.56091131,POINT (-87.560911308675 41.724385569257)
JC419537,,9/4/2019 9:20,30,NO CONTROLS,NO CONTROLS,CLEAR,DAYLIGHT,TURNING,T-INTERSECTION,,STRAIGHT AND LEVEL,DRY,NO DEFECTS,ON SCENE,INJURY AND / OR TOW DUE TO CRASH,Y,,Y,"OVER $1,500",9/4/2019 9:25,UNABLE TO DETERMINE,NOT APPLICABLE,2940,W,GRAND AVE,1211,,,,,,,2,"REPORTED, NOT EVIDENT",1,0,0,0,1,2,0,9,4,9,41.89601314,-87.70055867,POINT (-87.700558667107 41.896013135975)
JC419544,,9/4/2019 9:17,40,NO CONTROLS,NO CONTROLS,CLEAR,DAYLIGHT,REAR END,DIVIDED - W/MEDIAN BARRIER,,STRAIGHT AND LEVEL,DRY,NO DEFECTS,ON SCENE,INJURY AND / OR TOW DUE TO CRASH,,,,"OVER $1,500",9/4/2019 9:23,FOLLOWING TOO CLOSELY,FAILING TO REDUCE SPEED TO AVOID CRASH,2400,N,LAKE SHORE DR SB,1935,,,,,,,4,NONINCAPACITATING INJURY,1,0,0,1,0,5,0,9,4,9,41.92616072,-87.63151467,POINT (-87.631514664826 41.926160719812)
JC419532,,9/4/2019 9:17,30,TRAFFIC SIGNAL,FUNCTIONING PROPERLY,CLEAR,DAYLIGHT,REAR END,OTHER,,STRAIGHT AND LEVEL,DRY,NO DEFECTS,ON SCENE,NO INJURY / DRIVE AWAY,,,,$500 OR LESS,9/4/2019 9:17,UNABLE TO DETERMINE,UNABLE TO DETERMINE,2801,W,OGDEN AVE,1022,,,,,,,2,NO INDICATION OF INJURY,0,0,0,0,0,2,0,9,4,9,41.86116964,-87.69582934,POINT (-87.695829340469 41.861169638018)
JC419529,,9/4/2019 9:05,30,TRAFFIC SIGNAL,NO CONTROLS,CLEAR,DAYLIGHT,REAR END,NOT DIVIDED,,STRAIGHT AND LEVEL,DRY,NO DEFECTS,ON SCENE,INJURY AND / OR TOW DUE TO CRASH,Y,,,"OVER $1,500",9/4/2019 9:09,FAILING TO REDUCE SPEED TO AVOID CRASH,NOT APPLICABLE,2624,W,103RD ST,2211,,,,,,,2,NO INDICATION OF INJURY,0,0,0,0,0,6,0,9,4,9,41.7064663,-87.68773216,POINT (-87.687732162155 41.706466301329)
JC419502,,9/4/2019 9:05,30,NO CONTROLS,NO CONTROLS,CLEAR,DAYLIGHT,PARKED MOTOR VEHICLE,PARKING LOT,,STRAIGHT AND LEVEL,DRY,NO DEFECTS,ON SCENE,NO INJURY / DRIVE AWAY,,,,"$501 - $1,500",9/4/2019 9:15,IMPROPER BACKING,NOT APPLICABLE,401,N,STATE ST,1834,,,,,,,2,NO INDICATION OF INJURY,0,0,0,0,0,1,0,9,4,9,41.88926542,-87.62786766,POINT (-87.627867657864 41.889265415961)
JC422157,,9/4/2019 9:00,10,NO CONTROLS,NO CONTROLS,CLEAR,DAYLIGHT,PARKED MOTOR VEHICLE,PARKING LOT,,STRAIGHT AND LEVEL,DRY,NO DEFECTS,NOT ON SCENE (DESK REPORT),NO INJURY / DRIVE AWAY,,Y,,"OVER $1,500",9/6/2019 10:00,UNABLE TO DETERMINE,UNABLE TO DETERMINE,1110,W,SHERIDAN RD,2432,,,,,,,2,NO INDICATION OF INJURY,0,0,0,0,0,1,0,9,4,9,41.99831325,-87.65925504,POINT (-87.659255042686 41.998313247)
JC419852,Y,9/4/2019 9:00,20,NO CONTROLS,NO CONTROLS,CLEAR,DAYLIGHT,PARKED MOTOR VEHICLE,ONE-WAY,,STRAIGHT AND LEVEL,DRY,SHOULDER DEFECT,ON SCENE,NO INJURY / DRIVE AWAY,,,Y,"OVER $1,500",9/4/2019 13:13,UNABLE TO DETERMINE,NOT APPLICABLE,2169,N,PARKSIDE AVE,2515,,,,,,,2,NO INDICATION OF INJURY,0,0,0,0,0,1,0,9,4,9,41.9200783,-87.76691317,POINT (-87.766913170023 41.920078299519)
JC419609,,9/4/2019 9:00,30,STOP SIGN/FLASHER,FUNCTIONING PROPERLY,CLEAR,DAYLIGHT,REAR TO FRONT,ONE-WAY,,STRAIGHT AND LEVEL,DRY,NO DEFECTS,,NO INJURY / DRIVE AWAY,Y,,,"OVER $1,500",9/4/2019 10:30,UNABLE TO DETERMINE,UNABLE TO DETERMINE,2910,W,NELSON ST,1411,,,,,,,2,NO INDICATION OF INJURY,0,0,0,0,0,2,0,9,4,9,41.93675774,-87.70065553,POINT (-87.700655530463 41.936757736727)
JC419604,,9/4/2019 9:00,30,NO CONTROLS,NO CONTROLS,CLEAR,DAYLIGHT,SIDESWIPE SAME DIRECTION,NOT DIVIDED,,STRAIGHT AND LEVEL,DRY,NO DEFECTS,NOT ON SCENE (DESK REPORT),NO INJURY / DRIVE AWAY,,,,"OVER $1,500",9/4/2019 10:35,FAILING TO YIELD RIGHT-OF-WAY,UNABLE TO DETERMINE,2343,W,22ND PL,1034,,,,,,,2,NO INDICATION OF INJURY,0,0,0,0,0,2,0,9,4,9,41.85101816,-87.6848818,POINT (-87.68488180274 41.851018163395)
JC419597,,9/4/2019 9:00,30,NO CONTROLS,NO CONTROLS,CLEAR,DAYLIGHT,PARKED MOTOR VEHICLE,NOT DIVIDED,,STRAIGHT AND LEVEL,DRY,NO DEFECTS,NOT ON SCENE (DESK REPORT),NO INJURY / DRIVE AWAY,,,Y,"OVER $1,500",9/4/2019 10:25,IMPROPER LANE USAGE,UNABLE TO DETERMINE,1837,S,RACINE AVE,1235,,,,,,,2,NO INDICATION OF INJURY,0,0,0,0,0,1,0,9,4,9,41.85683905,-87.65624936,POINT (-87.656249361813 41.856839045345)
JC419522,,9/4/2019 9:00,30,NO CONTROLS,NO CONTROLS,CLEAR,DAYLIGHT,REAR END,NOT DIVIDED,,STRAIGHT AND LEVEL,DRY,NO DEFECTS,NOT ON SCENE (DESK REPORT),NO INJURY / DRIVE AWAY,,,,"$501 - $1,500",9/4/2019 9:35,UNABLE TO DETERMINE,UNABLE TO DETERMINE,2921,W,TOUHY AVE,2411,,,,,,,2,NO INDICATION OF INJURY,0,0,0,0,0,2,0,9,4,9,42.01188617,-87.70302218,POINT (-87.703022182828 42.011886167189)
JC419496,,9/4/2019 9:00,30,NO CONTROLS,NO CONTROLS,CLEAR,DAYLIGHT,PARKED MOTOR VEHICLE,DIVIDED - W/MEDIAN (NOT RAISED),,STRAIGHT AND LEVEL,DRY,NO DEFECTS,ON SCENE,NO INJURY / DRIVE AWAY,,,,"OVER $1,500",9/4/2019 9:04,UNABLE TO DETERMINE,UNABLE TO DETERMINE,3280,W,FULLERTON AVE,1413,,,,,,,2,NO INDICATION OF INJURY,0,0,0,0,0,1,0,9,4,9,41.92478607,-87.71074395,POINT (-87.710743954298 41.92478607099)
JC419484,,9/4/2019 8:58,30,TRAFFIC SIGNAL,UNKNOWN,CLEAR,DAYLIGHT,SIDESWIPE SAME DIRECTION,NOT DIVIDED,,STRAIGHT AND LEVEL,DRY,NO DEFECTS,ON SCENE,INJURY AND / OR TOW DUE TO CRASH,,,,"OVER $1,500",9/4/2019 8:59,FAILING TO YIELD RIGHT-OF-WAY,NOT APPLICABLE,5601,W,JACKSON BLVD,1513,,,,,,,2,NONINCAPACITATING INJURY,2,0,0,1,1,3,0,8,4,9,41.87642906,-87.76479894,POINT (-87.764798937066 41.876429057355)
JC419513,,9/4/2019 8:53,30,NO CONTROLS,NO CONTROLS,CLEAR,DAYLIGHT,SIDESWIPE SAME DIRECTION,DIVIDED - W/MEDIAN BARRIER,,STRAIGHT AND LEVEL,DRY,NO DEFECTS,ON SCENE,NO INJURY / DRIVE AWAY,,,,"OVER $1,500",9/4/2019 9:00,"VISION OBSCURED (SIGNS, TREE LIMBS, BUILDINGS, ETC.)",NOT APPLICABLE,2700,N,CICERO AVE,2521,,,,,,,3,NO INDICATION OF INJURY,0,0,0,0,0,2,0,8,4,9,41.9297611,-87.74666793,POINT (-87.746667930815 41.929761102155)
JC419509,,9/4/2019 8:50,30,NO CONTROLS,NO CONTROLS,CLEAR,DAYLIGHT,PEDALCYCLIST,ONE-WAY,,STRAIGHT AND LEVEL,DRY,NO DEFECTS,NOT ON SCENE (DESK REPORT),INJURY AND / OR TOW DUE TO CRASH,,,,$500 OR LESS,9/4/2019 9:20,UNABLE TO DETERMINE,UNABLE TO DETERMINE,77,E,WASHINGTON ST,112,,,Y,,,,2,NONINCAPACITATING INJURY,1,0,0,1,0,2,0,8,4,9,41.88311499,-87.62511209,POINT (-87.625112088007 41.883114985941)
JC419498,,9/4/2019 8:50,30,OTHER WARNING SIGN,FUNCTIONING PROPERLY,CLEAR,DAYLIGHT,ANGLE,FOUR WAY,,STRAIGHT AND LEVEL,DRY,NO DEFECTS,ON SCENE,NO INJURY / DRIVE AWAY,Y,,,"OVER $1,500",9/4/2019 8:53,UNABLE TO DETERMINE,UNABLE TO DETERMINE,8159,S,STONY ISLAND AVE,411,,,,,,,2,NO INDICATION OF INJURY,0,0,0,0,0,2,0,8,4,9,41.74612043,-87.58526103,POINT (-87.585261028451 41.746120428165)
JC421296,,9/4/2019 8:48,30,TRAFFIC SIGNAL,UNKNOWN,CLEAR,DAYLIGHT,PARKED MOTOR VEHICLE,NOT DIVIDED,,STRAIGHT AND LEVEL,DRY,UNKNOWN,NOT ON SCENE (DESK REPORT),NO INJURY / DRIVE AWAY,,,,"OVER $1,500",9/5/2019 15:53,IMPROPER TURNING/NO SIGNAL,NOT APPLICABLE,30,E,BALBO AVE,123,N,,,,,,2,NO INDICATION OF INJURY,0,0,0,0,0,1,0,8,4,9,41.87322166,-87.62650283,POINT (-87.626502826363 41.873221664003)
JC419465,Y,9/4/2019 8:47,30,NO CONTROLS,NO CONTROLS,CLEAR,DAYLIGHT,FIXED OBJECT,PARKING LOT,,STRAIGHT AND LEVEL,DRY,DEBRIS ON ROADWAY,ON SCENE,NO INJURY / DRIVE AWAY,,,,$500 OR LESS,9/4/2019 8:47,DRIVING SKILLS/KNOWLEDGE/EXPERIENCE,UNABLE TO DETERMINE,2359,W,18TH PL,1234,,,,,,,1,NO INDICATION OF INJURY,0,0,0,0,0,1,0,8,4,9,41.8565269,-87.68563473,POINT (-87.685634732538 41.856526903752)