RD_NO,CRASH_DATE_EST_I,CRASH_DATE,POSTED_SPEED_LIMIT,TRAFFIC_CONTROL_DEVICE,DEVICE_CONDITION,WEATHER_CONDITION,LIGHTING_CONDITION,FIRST_CRASH_TYPE,TRAFFICWAY_TYPE,LANE_CNT,ALIGNMENT,ROADWAY_SURFACE_COND,ROAD_DEFECT,REPORT_TYPE,CRASH_TYPE,INTERSECTION_RELATED_I,NOT_RIGHT_OF_WAY_I,HIT_AND_RUN_I,DAMAGE,DATE_POLICE_NOTIFIED,PRIM_CONTRIBUTORY_CAUSE,SEC_CONTRIBUTORY_CAUSE,STREET_NO,STREET_DIRECTION,STREET_NAME,BEAT_OF_OCCURRENCE,PHOTOS_TAKEN_I,STATEMENTS_TAKEN_I,DOORING_I,WORK_ZONE_I,WORK_ZONE_TYPE,WORKERS_PRESENT_I,NUM_UNITS,MOST_SEVERE_INJURY,INJURIES_TOTAL,INJURIES_FATAL,INJURIES_INCAPACITATING,INJURIES_NON_INCAPACITATING,INJURIES_REPORTED_NOT_EVIDENT,INJURIES_NO_INDICATION,INJURIES_UNKNOWN,CRASH_HOUR,CRASH_DAY_OF_WEEK,CRASH_MONTH,LATITUDE,LONGITUDE,LOCATION
JC419485,,9/4/2019 8:40,30,TRAFFIC SIGNAL,FUNCTIONING PROPERLY,CLEAR,DAYLIGHT,REAR END,DIVIDED - W/MEDIAN (NOT RAISED),,STRAIGHT AND LEVEL,DRY,NO DEFECTS,NOT ON SCENE (DESK REPORT),NO INJURY / DRIVE AWAY,Y,,,"OVER $1,500",9/4/2019 9:00,FOLLOWING TOO CLOSELY,UNABLE TO DETERMINE,2158,S,ASHLAND AVE,1234,,,,,,,2,NO INDICATION OF INJURY,0,0,0,0,0,2,0,8,4,9,41.85237549,-87.6661714,POINT (-87.666171395751 41.852375493174)
JC419492,Y,9/4/2019 8:37,30,TRAFFIC SIGNAL,FUNCTIONING PROPERLY,CLEAR,DAYLIGHT,TURNING,CENTER TURN LANE,,STRAIGHT AND LEVEL,DRY,NO DEFECTS,ON SCENE,NO INJURY / DRIVE AWAY,,,,$500 OR LESS,9/4/2019 8:39,FOLLOWING TOO CLOSELY,NOT APPLICABLE,3999,W,FOSTER AVE,1712,,,,,,,2,NO INDICATION OF INJURY,0,0,0,0,0,2,0,8,4,9,41.97542279,-87.72818486,POINT (-87.728184859443 41.975422786518)
JC419547,,9/4/2019 8:34,30,OTHER,OTHER,CLEAR,DAYLIGHT,TURNING,FOUR WAY,,STRAIGHT AND LEVEL,DRY,"RUT, HOLES",ON SCENE,INJURY AND / OR TOW DUE TO CRASH,Y,,,"OVER $1,500",9/4/2019 8:45,UNABLE TO DETERMINE,UNABLE TO DETERMINE,2632,W,FULTON ST,1222,,,,,,,2,NONINCAPACITATING INJURY,2,0,0,2,0,0,0,8,4,9,41.88668448,-87.69269858,POINT (-87.692698576841 41.886684478809)
JC419491,,9/4/2019 8:33,30,NO CONTROLS,NO CONTROLS,CLEAR,DAYLIGHT,TURNING,NOT DIVIDED,,STRAIGHT AND LEVEL,DRY,NO DEFECTS,ON SCENE,INJURY AND / OR TOW DUE TO CRASH,,,Y,"OVER $1,500",9/4/2019 8:35,IMPROPER TURNING/NO SIGNAL,"OPERATING VEHICLE IN ERRATIC, RECKLESS, CARELESS, NEGLIGENT OR AGGRESSIVE MANNER",3355,W,LAKE ST,1123,,,,,,,2,NO INDICATION OF INJURY,0,0,0,0,0,2,0,8,4,9,41.88451095,-87.71087199,POINT (-87.710871993177 41.884510945476)
JC422007,,9/4/2019 8:30,40,NO CONTROLS,NO CONTROLS,CLEAR,DAYLIGHT,REAR END,DIVIDED - W/MEDIAN BARRIER,,STRAIGHT AND LEVEL,DRY,UNKNOWN,NOT ON SCENE (DESK REPORT),NO INJURY / DRIVE AWAY,,,,"OVER $1,500",9/6/2019 7:15,FOLLOWING TOO CLOSELY,UNABLE TO DETERMINE,1630,N,LAKE SHORE DR,1814,,,,,,,2,NO INDICATION OF INJURY,0,0,0,0,0,2,0,8,4,9,41.91215751,-87.62783947,POINT (-87.627839468089 41.9121575105)
JC419477,,9/4/2019 8:30,25,TRAFFIC SIGNAL,FUNCTIONING PROPERLY,CLEAR,DAYLIGHT,SIDESWIPE SAME DIRECTION,ONE-WAY,,STRAIGHT AND LEVEL,DRY,NO DEFECTS,ON SCENE,NO INJURY / DRIVE AWAY,,,,$500 OR LESS,9/4/2019 8:34,IMPROPER OVERTAKING/PASSING,NOT APPLICABLE,205,W,MONROE ST,122,,,,,,,2,NO INDICATION OF INJURY,0,0,0,0,0,3,0,8,4,9,41.8805479,-87.63398067,POINT (-87.63398066695 41.880547897807)
JC419455,,9/4/2019 8:23,25,STOP SIGN/FLASHER,FUNCTIONING PROPERLY,CLEAR,DAYLIGHT,ANGLE,NOT DIVIDED,,STRAIGHT AND LEVEL,DRY,NO DEFECTS,ON SCENE,NO INJURY / DRIVE AWAY,Y,,,"$501 - $1,500",9/4/2019 8:23,UNABLE TO DETERMINE,UNABLE TO DETERMINE,3400,W,38TH ST,911,,,,,,,2,NO INDICATION OF INJURY,0,0,0,0,0,2,0,8,4,9,41.82443863,-87.70947842,POINT (-87.709478418779 41.824438626215)
JC419536,,9/4/2019 8:20,30,NO CONTROLS,NO CONTROLS,CLEAR,DAYLIGHT,SIDESWIPE SAME DIRECTION,NOT DIVIDED,,STRAIGHT AND LEVEL,UNKNOWN,UNKNOWN,NOT ON SCENE (DESK REPORT),NO INJURY / DRIVE AWAY,,,,"$501 - $1,500",9/4/2019 9:30,FAILING TO YIELD RIGHT-OF-WAY,UNABLE TO DETERMINE,1421,E,53RD ST,234,,,,,,,2,NO INDICATION OF INJURY,0,0,0,0,0,2,0,8,4,9,41.79941162,-87.59084861,POINT (-87.590848609587 41.79941161912)
JC419479,,9/4/2019 8:19,30,NO CONTROLS,NO CONTROLS,CLEAR,DAYLIGHT,SIDESWIPE SAME DIRECTION,DIVIDED - W/MEDIAN BARRIER,,STRAIGHT AND LEVEL,DRY,UNKNOWN,ON SCENE,NO INJURY / DRIVE AWAY,,,,"$501 - $1,500",9/4/2019 8:40,UNABLE TO DETERMINE,UNABLE TO DETERMINE,358,N,WESTERN AVE,1222,,,,,,,2,NO INDICATION OF INJURY,0,0,0,0,0,2,0,8,4,9,41.88841687,-87.68677062,POINT (-87.686770616423 41.888416867873)
JC419444,,9/4/2019 8:17,30,STOP SIGN/FLASHER,FUNCTIONING PROPERLY,CLEAR,DAYLIGHT,ANGLE,T-INTERSECTION,,STRAIGHT ON GRADE,DRY,UNKNOWN,ON SCENE,INJURY AND / OR TOW DUE TO CRASH,Y,,,"OVER $1,500",9/4/2019 8:17,FAILING TO YIELD RIGHT-OF-WAY,FAILING TO YIELD RIGHT-OF-WAY,1879,W,OGDEN AVE,1231,,,,,,,2,NONINCAPACITATING INJURY,1,0,0,1,0,1,0,8,4,9,41.87500849,-87.67353686,POINT (-87.673536864033 41.875008491025)
JC423426,,9/4/2019 8:15,30,NO CONTROLS,NO CONTROLS,CLEAR,DAYLIGHT,SIDESWIPE SAME DIRECTION,NOT DIVIDED,,STRAIGHT AND LEVEL,DRY,NO DEFECTS,NOT ON SCENE (DESK REPORT),NO INJURY / DRIVE AWAY,,,,"OVER $1,500",9/7/2019 9:45,FAILING TO YIELD RIGHT-OF-WAY,NOT APPLICABLE,2355,N,ASHLAND AVE,1811,,,,,,,2,NO INDICATION OF INJURY,0,0,0,0,0,3,0,8,4,9,41.92498981,-87.66799299,POINT (-87.667992993415 41.924989813875)
JC419476,,9/4/2019 8:15,30,OTHER,FUNCTIONING PROPERLY,CLEAR,DAYLIGHT,PEDALCYCLIST,ONE-WAY,,STRAIGHT AND LEVEL,DRY,NO DEFECTS,ON SCENE,INJURY AND / OR TOW DUE TO CRASH,N,,,"$501 - $1,500",9/4/2019 8:29,UNABLE TO DETERMINE,IMPROPER LANE USAGE,71,S,WACKER DR,122,,,,,,,2,NONINCAPACITATING INJURY,1,0,0,1,0,1,0,8,4,9,41.88071758,-87.63658911,POINT (-87.636589107372 41.880717575265)
JC419464,,9/4/2019 8:15,25,STOP SIGN/FLASHER,FUNCTIONING PROPERLY,CLEAR,DAYLIGHT,TURNING,NOT DIVIDED,,STRAIGHT AND LEVEL,DRY,NO DEFECTS,NOT ON SCENE (DESK REPORT),INJURY AND / OR TOW DUE TO CRASH,,,,"$501 - $1,500",9/4/2019 8:45,UNABLE TO DETERMINE,UNABLE TO DETERMINE,6155,N,RAVENSWOOD AVE,2433,,,,,,,2,"REPORTED, NOT EVIDENT",1,0,0,0,1,2,0,8,4,9,41.99361196,-87.67472834,POINT (-87.67472833967 41.993611956046)
JC419461,,9/4/2019 8:15,30,NO CONTROLS,NO CONTROLS,CLEAR,DAYLIGHT,SIDESWIPE SAME DIRECTION,DIVIDED - W/MEDIAN BARRIER,,STRAIGHT AND LEVEL,DRY,UNKNOWN,NOT ON SCENE (DESK REPORT),NO INJURY / DRIVE AWAY,,,,"$501 - $1,500",9/4/2019 8:40,UNABLE TO DETERMINE,UNABLE TO DETERMINE,5700,S,CICERO AVE,813,,,,,,,2,NO INDICATION OF INJURY,0,0,0,0,0,4,0,8,4,9,41.78932932,-87.74164564,POINT (-87.741645644196 41.789329323265)
JC419442,,9/4/2019 8:10,30,NO CONTROLS,NO CONTROLS,CLEAR,DAYLIGHT,ANGLE,NOT DIVIDED,,STRAIGHT AND LEVEL,DRY,NO DEFECTS,ON SCENE,INJURY AND / OR TOW DUE TO CRASH,,,,"OVER $1,500",9/4/2019 8:14,FAILING TO YIELD RIGHT-OF-WAY,NOT APPLICABLE,7400,S,WESTERN AVE,835,,,,,,,2,NO INDICATION OF INJURY,0,0,0,0,0,5,0,8,4,9,41.7591586,-87.68324641,POINT (-87.683246407317 41.759158602213)
JC419511,,9/4/2019 8:06,25,NO CONTROLS,NO CONTROLS,CLEAR,DAYLIGHT,SIDESWIPE SAME DIRECTION,ONE-WAY,,STRAIGHT AND LEVEL,DRY,NO DEFECTS,NOT ON SCENE (DESK REPORT),NO INJURY / DRIVE AWAY,,,,"$501 - $1,500",9/4/2019 9:20,IMPROPER OVERTAKING/PASSING,UNABLE TO DETERMINE,1156,N,THROOP ST,1213,,,,,,,2,NO INDICATION OF INJURY,0,0,0,0,0,2,0,8,4,9,41.90320732,-87.66078787,POINT (-87.660787869689 41.903207316196)
JC419481,,9/4/2019 8:05,30,TRAFFIC SIGNAL,FUNCTIONING PROPERLY,CLEAR,DAYLIGHT,REAR END,NOT DIVIDED,,STRAIGHT AND LEVEL,DRY,NO DEFECTS,NOT ON SCENE (DESK REPORT),NO INJURY / DRIVE AWAY,Y,,,$500 OR LESS,9/4/2019 8:30,FOLLOWING TOO CLOSELY,DRIVING SKILLS/KNOWLEDGE/EXPERIENCE,5011,W,MADISON ST,1533,,,,,,,2,NO INDICATION OF INJURY,0,0,0,0,0,6,0,8,4,9,41.88031922,-87.75061688,POINT (-87.750616879981 41.880319223267)
JC419432,,9/4/2019 8:01,35,TRAFFIC SIGNAL,FUNCTIONING PROPERLY,CLEAR,DAYLIGHT,TURNING,"FIVE POINT, OR MORE",,STRAIGHT AND LEVEL,DRY,NO DEFECTS,ON SCENE,INJURY AND / OR TOW DUE TO CRASH,Y,,,"OVER $1,500",9/4/2019 8:02,IMPROPER TURNING/NO SIGNAL,DISREGARDING TRAFFIC SIGNALS,7900,S,STONY ISLAND AVE,411,,,,,,,5,INCAPACITATING INJURY,2,0,2,0,0,3,0,8,4,9,41.7514606,-87.58597199,POINT (-87.585971992965 41.751460603167)
JC421038,,9/4/2019 8:00,10,NO CONTROLS,NO CONTROLS,CLEAR,"DARKNESS, LIGHTED ROAD",PARKED MOTOR VEHICLE,PARKING LOT,,STRAIGHT AND LEVEL,DRY,NO DEFECTS,NOT ON SCENE (DESK REPORT),NO INJURY / DRIVE AWAY,,,,"$501 - $1,500",9/5/2019 11:30,UNABLE TO DETERMINE,UNABLE TO DETERMINE,11610,S,MARSHFIELD AVE,2234,,,,,,,2,NO INDICATION OF INJURY,0,0,0,0,0,1,0,8,4,9,41.68262887,-87.66277379,POINT (-87.662773787638 41.68262886573)
JC419940,,9/4/2019 8:00,10,UNKNOWN,UNKNOWN,UNKNOWN,UNKNOWN,PARKED MOTOR VEHICLE,PARKING LOT,,STRAIGHT AND LEVEL,UNKNOWN,UNKNOWN,NOT ON SCENE (DESK REPORT),NO INJURY / DRIVE AWAY,,,Y,$500 OR LESS,9/4/2019 14:25,UNABLE TO DETERMINE,NOT APPLICABLE,1869,W,PERSHING RD,924,,,,,,,2,NO INDICATION OF INJURY,0,0,0,0,0,1,0,8,4,9,41.82303483,-87.67252164,POINT (-87.672521641663 41.823034832925)
JC419466,N,9/4/2019 8:00,30,NO CONTROLS,NO CONTROLS,CLEAR,DAYLIGHT,SIDESWIPE OPPOSITE DIRECTION,NOT DIVIDED,,STRAIGHT AND LEVEL,DRY,NO DEFECTS,ON SCENE,NO INJURY / DRIVE AWAY,,,,$500 OR LESS,9/4/2019 8:06,IMPROPER LANE USAGE,NOT APPLICABLE,4836,S,MARSHFIELD AVE,931,,,,,,,2,NO INDICATION OF INJURY,0,0,0,0,0,2,0,8,4,9,41.80566027,-87.66625715,POINT (-87.666257149119 41.805660271318)
JC419448,,9/4/2019 8:00,30,STOP SIGN/FLASHER,FUNCTIONING PROPERLY,CLEAR,DAYLIGHT,ANGLE,NOT DIVIDED,,STRAIGHT AND LEVEL,DRY,NO DEFECTS,ON SCENE,INJURY AND / OR TOW DUE TO CRASH,Y,,,"OVER $1,500",9/4/2019 8:14,FAILING TO REDUCE SPEED TO AVOID CRASH,NOT APPLICABLE,800,N,HARDING AVE,1112,,,,,,,2,NO INDICATION OF INJURY,0,0,0,0,0,2,0,8,4,9,41.89546546,-87.72501353,POINT (-87.725013530315 41.895465462031)
JC419462,,9/4/2019 7:52,20,TRAFFIC SIGNAL,FUNCTIONING PROPERLY,CLEAR,DAYLIGHT,SIDESWIPE SAME DIRECTION,DIVIDED - W/MEDIAN BARRIER,,STRAIGHT AND LEVEL,DRY,NO DEFECTS,NOT ON SCENE (DESK REPORT),NO INJURY / DRIVE AWAY,,,,"OVER $1,500",9/4/2019 9:06,UNABLE TO DETERMINE,UNABLE TO DETERMINE,11901,S,ASHLAND AVE,524,,,,,,,2,NO INDICATION OF INJURY,0,0,0,0,0,2,0,7,4,9,41.67743887,-87.66123603,POINT (-87.661236027425 41.677438869926)
JC419414,,9/4/2019 7:52,20,NO CONTROLS,NO CONTROLS,CLEAR,DAYLIGHT,PEDESTRIAN,ONE-WAY,,STRAIGHT AND LEVEL,DRY,NO DEFECTS,ON SCENE,INJURY AND / OR TOW DUE TO CRASH,,,,$500 OR LESS,9/4/2019 7:52,FAILING TO REDUCE SPEED TO AVOID CRASH,NOT APPLICABLE,1451,W,112TH ST,2234,N,N,,,,,2,"REPORTED, NOT EVIDENT",1,0,0,0,1,1,0,7,4,9,41.69027883,-87.65886203,POINT (-87.658862025455 41.690278831065)
JC419837,,9/4/2019 7:50,30,NO CONTROLS,NO CONTROLS,CLEAR,DAYLIGHT,TURNING,DIVIDED - W/MEDIAN (NOT RAISED),,STRAIGHT AND LEVEL,DRY,NO DEFECTS,NOT ON SCENE (DESK REPORT),NO INJURY / DRIVE AWAY,,,N,"OVER $1,500",9/4/2019 13:30,UNABLE TO DETERMINE,UNABLE TO DETERMINE,5059,W,DIVERSEY AVE,2521,,,,,,,2,NO INDICATION OF INJURY,0,0,0,0,0,2,0,7,4,9,41.93132565,-87.75383505,POINT (-87.753835053278 41.931325649974)
JC419445,,9/4/2019 7:50,30,TRAFFIC SIGNAL,FUNCTIONING PROPERLY,CLEAR,DAYLIGHT,REAR END,DIVIDED - W/MEDIAN (NOT RAISED),,STRAIGHT AND LEVEL,DRY,NO DEFECTS,ON SCENE,INJURY AND / OR TOW DUE TO CRASH,,,,"OVER $1,500",9/4/2019 8:12,FAILING TO REDUCE SPEED TO AVOID CRASH,NOT APPLICABLE,7052,S,PULASKI RD,833,,,,,,,2,NO INDICATION OF INJURY,0,0,0,0,0,2,0,7,4,9,41.76431475,-87.72251534,POINT (-87.722515344452 41.764314753665)
JC419429,,9/4/2019 7:50,30,NO CONTROLS,NO CONTROLS,CLEAR,DAYLIGHT,TURNING,DIVIDED - W/MEDIAN (NOT RAISED),,STRAIGHT AND LEVEL,DRY,NO DEFECTS,ON SCENE,INJURY AND / OR TOW DUE TO CRASH,,,,"OVER $1,500",9/4/2019 7:52,FAILING TO REDUCE SPEED TO AVOID CRASH,NOT APPLICABLE,3301,W,103RD ST,2211,,,,,,,2,NO INDICATION OF INJURY,0,0,0,0,0,2,0,7,4,9,41.70605111,-87.70385445,POINT (-87.703854454115 41.706051110447)
JC419418,,9/4/2019 7:40,30,NO CONTROLS,NO CONTROLS,CLEAR,DAYLIGHT,TURNING,NOT DIVIDED,,STRAIGHT AND LEVEL,DRY,NO DEFECTS,ON SCENE,INJURY AND / OR TOW DUE TO CRASH,Y,,,"OVER $1,500",9/4/2019 7:43,FAILING TO YIELD RIGHT-OF-WAY,NOT APPLICABLE,6440,W,NORTH AVE,2513,,,,,,,2,NO INDICATION OF INJURY,0,0,0,0,0,2,0,7,4,9,41.90924211,-87.78660242,POINT (-87.786602415427 41.909242109879)
JC419419,,9/4/2019 7:37,30,STOP SIGN/FLASHER,NO CONTROLS,CLEAR,DAYLIGHT,ANGLE,FOUR WAY,,STRAIGHT AND LEVEL,DRY,NO DEFECTS,ON SCENE,INJURY AND / OR TOW DUE TO CRASH,Y,,Y,"$501 - $1,500",9/4/2019 7:38,DRIVING SKILLS/KNOWLEDGE/EXPERIENCE,"OPERATING VEHICLE IN ERRATIC, RECKLESS, CARELESS, NEGLIGENT OR AGGRESSIVE MANNER",7700,S,CHAPPEL AVE,414,,,,,,,2,NONINCAPACITATING INJURY,1,0,0,1,0,1,0,7,4,9,41.75516506,-87.57498672,POINT (-87.574986716146 41.75516506389)
JC419774,,9/4/2019 7:35,30,NO CONTROLS,NO CONTROLS,CLEAR,DAYLIGHT,REAR END,NOT DIVIDED,,STRAIGHT AND LEVEL,DRY,NO DEFECTS,NOT ON SCENE (DESK REPORT),NO INJURY / DRIVE AWAY,,,,"OVER $1,500",9/4/2019 12:30,FOLLOWING TOO CLOSELY,UNABLE TO DETERMINE,5119,W,AUGUSTA BLVD,1531,,,,,,,2,NO INDICATION OF INJURY,0,0,0,0,0,4,0,7,4,9,41.89848365,-87.75412463,POINT (-87.754124629881 41.898483649225)
JC419430,,9/4/2019 7:32,20,TRAFFIC SIGNAL,FUNCTIONING PROPERLY,CLEAR,DAYLIGHT,TURNING,FOUR WAY,,STRAIGHT AND LEVEL,DRY,NO DEFECTS,NOT ON SCENE (DESK REPORT),NO INJURY / DRIVE AWAY,Y,,,"$501 - $1,500",9/4/2019 8:00,TURNING RIGHT ON RED,NOT APPLICABLE,6358,W,DICKENS AVE,2512,,,,,,,2,NO INDICATION OF INJURY,0,0,0,0,0,7,0,7,4,9,41.91833833,-87.78521993,POINT (-87.785219931892 41.918338333931)
JC420170,,9/4/2019 7:30,30,TRAFFIC SIGNAL,FUNCTIONING PROPERLY,CLEAR,DAYLIGHT,REAR END,ONE-WAY,,STRAIGHT AND LEVEL,DRY,NO DEFECTS,NOT ON SCENE (DESK REPORT),NO INJURY / DRIVE AWAY,Y,,Y,"$501 - $1,500",9/4/2019 15:15,FOLLOWING TOO CLOSELY,UNABLE TO DETERMINE,2901,W,WASHINGTON BLVD,1222,,,,,,,2,NO INDICATION OF INJURY,0,0,0,0,0,2,0,7,4,9,41.88276057,-87.69891368,POINT (-87.69891368138 41.882760570926)
JC419650,N,9/4/2019 7:30,25,NO CONTROLS,NO CONTROLS,CLEAR,UNKNOWN,PARKED MOTOR VEHICLE,ONE-WAY,,STRAIGHT AND LEVEL,DRY,NO DEFECTS,ON SCENE,NO INJURY / DRIVE AWAY,,,Y,"$501 - $1,500",9/4/2019 11:10,"DISTRACTION - OTHER ELECTRONIC DEVICE (NAVIGATION DEVICE, DVD PLAYER, ETC.)",DRIVING SKILLS/KNOWLEDGE/EXPERIENCE,5316,S,DORCHESTER AVE,234,,,,,,,2,NO INDICATION OF INJURY,0,0,0,0,0,1,0,7,4,9,41.79897237,-87.59191794,POINT (-87.591917940311 41.79897236694)
JC419443,,9/4/2019 7:30,39,NO CONTROLS,NO CONTROLS,CLEAR,DAYLIGHT,SIDESWIPE SAME DIRECTION,DIVIDED - W/MEDIAN (NOT RAISED),,STRAIGHT ON GRADE,DRY,NO DEFECTS,NOT ON SCENE (DESK REPORT),NO INJURY / DRIVE AWAY,,,Y,"OVER $1,500",9/4/2019 8:20,UNABLE TO DETERMINE,UNABLE TO DETERMINE,2320,W,47TH ST,924,,,,,,,2,NO INDICATION OF INJURY,0,0,0,0,0,5,0,7,4,9,41.80853258,-87.68289214,POINT (-87.682892138166 41.808532582036)
JC419404,,9/4/2019 7:30,30,TRAFFIC SIGNAL,FUNCTIONING PROPERLY,CLEAR,DAYLIGHT,REAR END,DIVIDED - W/MEDIAN (NOT RAISED),,STRAIGHT AND LEVEL,DRY,NO DEFECTS,ON SCENE,INJURY AND / OR TOW DUE TO CRASH,,,,"$501 - $1,500",9/4/2019 7:38,UNABLE TO DETERMINE,NOT APPLICABLE,355,S,DAMEN AVE,1225,,,,,,,2,NONINCAPACITATING INJURY,1,0,0,1,0,1,0,7,4,9,41.87627351,-87.67638313,POINT (-87.676383127319 41.876273505197)
JC419402,,9/4/2019 7:30,30,TRAFFIC SIGNAL,FUNCTIONING PROPERLY,CLEAR,DAYLIGHT,OTHER OBJECT,DIVIDED - W/MEDIAN (NOT RAISED),,STRAIGHT AND LEVEL,DRY,NO DEFECTS,,NO INJURY / DRIVE AWAY,,,,"OVER $1,500",9/4/2019 7:40,"VISION OBSCURED (SIGNS, TREE LIMBS, BUILDINGS, ETC.)",UNABLE TO DETERMINE,11301,S,MICHIGAN AVE,531,,,,Y,CONSTRUCTION,Y,1,NO INDICATION OF INJURY,0,0,0,0,0,1,0,7,4,9,41.68893883,-87.62085931,POINT (-87.620859309699 41.688938826789)
JC419495,,9/4/2019 7:20,30,TRAFFIC SIGNAL,FUNCTIONING PROPERLY,CLEAR,DAYLIGHT,SIDESWIPE SAME DIRECTION,DIVIDED - W/MEDIAN (NOT RAISED),,STRAIGHT AND LEVEL,DRY,NO DEFECTS,NOT ON SCENE (DESK REPORT),NO INJURY / DRIVE AWAY,,,,"OVER $1,500",9/4/2019 9:20,FAILING TO YIELD RIGHT-OF-WAY,FAILING TO YIELD RIGHT-OF-WAY,6403,W,IRVING PARK RD,1632,,,,,,,2,NO INDICATION OF INJURY,0,0,0,0,0,6,0,7,4,9,41.95280431,-87.78675363,POINT (-87.786753628206 41.95280431363)
JC419399,,9/4/2019 7:20,30,NO CONTROLS,NO CONTROLS,CLEAR,DAYLIGHT,TURNING,NOT DIVIDED,,STRAIGHT AND LEVEL,DRY,NO DEFECTS,ON SCENE,INJURY AND / OR TOW DUE TO CRASH,Y,,,"OVER $1,500",9/4/2019 7:20,FAILING TO YIELD RIGHT-OF-WAY,FAILING TO REDUCE SPEED TO AVOID CRASH,655,W,IRVING PARK RD,1925,,,,,,,3,NO INDICATION OF INJURY,0,0,0,0,0,3,0,7,4,9,41.95449396,-87.64724433,POINT (-87.647244331225 41.954493955562)
JC419405,,9/4/2019 7:15,30,TRAFFIC SIGNAL,FUNCTIONING PROPERLY,CLEAR,DAYLIGHT,SIDESWIPE SAME DIRECTION,NOT DIVIDED,,STRAIGHT AND LEVEL,DRY,NO DEFECTS,NOT ON SCENE (DESK REPORT),NO INJURY / DRIVE AWAY,,,,"OVER $1,500",9/4/2019 7:53,IMPROPER OVERTAKING/PASSING,UNABLE TO DETERMINE,2401,W,ROOSEVELT RD,1023,,,,,,,2,NO INDICATION OF INJURY,0,0,0,0,0,2,0,7,4,9,41.86650119,-87.6861576,POINT (-87.686157599021 41.866501191036)
JC419401,,9/4/2019 7:15,25,NO CONTROLS,NO CONTROLS,CLEAR,DAYLIGHT,ANGLE,FOUR WAY,,STRAIGHT AND LEVEL,DRY,NO DEFECTS,ON SCENE,INJURY AND / OR TOW DUE TO CRASH,Y,,,"OVER $1,500",9/4/2019 7:20,FAILING TO YIELD RIGHT-OF-WAY,"VISION OBSCURED (SIGNS, TREE LIMBS, BUILDINGS, ETC.)",2432,W,DEVON AVE,2412,,,,,,,4,NONINCAPACITATING INJURY,1,0,0,1,0,3,0,7,4,9,41.99781895,-87.69116748,POINT (-87.691167477685 41.99781894802)
JC419411,,9/4/2019 7:08,30,NO CONTROLS,NO CONTROLS,CLEAR,DAYLIGHT,SIDESWIPE SAME DIRECTION,NOT DIVIDED,,STRAIGHT AND LEVEL,DRY,NO DEFECTS,NOT ON SCENE (DESK REPORT),NO INJURY / DRIVE AWAY,,,Y,"$501 - $1,500",9/4/2019 7:40,IMPROPER LANE USAGE,UNABLE TO DETERMINE,755,W,IRVING PARK RD,1925,,,,,,,2,NO INDICATION OF INJURY,0,0,0,0,0,2,0,7,4,9,41.95445331,-87.64960763,POINT (-87.649607633101 41.954453314233)
JC419382,,9/4/2019 7:01,30,TRAFFIC SIGNAL,FUNCTIONING PROPERLY,CLEAR,DAYLIGHT,REAR END,DIVIDED - W/MEDIAN (NOT RAISED),,STRAIGHT AND LEVEL,DRY,NO DEFECTS,ON SCENE,NO INJURY / DRIVE AWAY,,,Y,"$501 - $1,500",9/4/2019 7:29,UNABLE TO DETERMINE,UNABLE TO DETERMINE,1558,W,50TH ST,933,,,,,,,2,NO INDICATION OF INJURY,0,0,0,0,0,5,0,7,4,9,41.80325057,-87.66476518,POINT (-87.66476518148 41.803250568309)
JC419406,,9/4/2019 7:00,30,TRAFFIC SIGNAL,FUNCTIONING PROPERLY,CLEAR,DAYLIGHT,TURNING,NOT DIVIDED,,STRAIGHT AND LEVEL,DRY,NO DEFECTS,NOT ON SCENE (DESK REPORT),NO INJURY / DRIVE AWAY,,,Y,"OVER $1,500",9/4/2019 7:50,FAILING TO YIELD RIGHT-OF-WAY,IMPROPER TURNING/NO SIGNAL,7201,W,HIGGINS AVE,1613,,,,,,,2,NO INDICATION OF INJURY,0,0,0,0,0,2,0,7,4,9,41.98102763,-87.80708076,POINT (-87.807080762271 41.981027631859)
JC419377,,9/4/2019 6:45,30,STOP SIGN/FLASHER,FUNCTIONING PROPERLY,CLEAR,DAYLIGHT,ANGLE,NOT DIVIDED,,STRAIGHT AND LEVEL,DRY,NO DEFECTS,ON SCENE,NO INJURY / DRIVE AWAY,Y,,,"OVER $1,500",9/4/2019 6:47,FAILING TO YIELD RIGHT-OF-WAY,NOT APPLICABLE,2200,W,99TH ST,2213,,,,,,,2,NO INDICATION OF INJURY,0,0,0,0,0,3,0,6,4,9,41.71383756,-87.67706471,POINT (-87.677064713155 41.713837563393)
JC420249,,9/4/2019 6:30,30,STOP SIGN/FLASHER,FUNCTIONING PROPERLY,CLEAR,DAYLIGHT,REAR END,NOT DIVIDED,,STRAIGHT AND LEVEL,DRY,NO DEFECTS,NOT ON SCENE (DESK REPORT),NO INJURY / DRIVE AWAY,,,,"$501 - $1,500",9/4/2019 18:15,FOLLOWING TOO CLOSELY,FOLLOWING TOO CLOSELY,4800,W,55TH ST,814,,,,,,,2,NO INDICATION OF INJURY,0,0,0,0,0,2,0,6,4,9,41.79312636,-87.74293177,POINT (-87.742931772386 41.793126358267)
JC419807,Y,9/4/2019 6:30,30,NO CONTROLS,NO CONTROLS,UNKNOWN,UNKNOWN,PARKED MOTOR VEHICLE,ONE-WAY,,STRAIGHT AND LEVEL,UNKNOWN,UNKNOWN,NOT ON SCENE (DESK REPORT),NO INJURY / DRIVE AWAY,,,Y,"$501 - $1,500",9/4/2019 12:50,UNABLE TO DETERMINE,NOT APPLICABLE,6024,S,KILDARE AVE,813,,,,,,,2,NO INDICATION OF INJURY,0,0,0,0,0,1,0,6,4,9,41.78326667,-87.73036905,POINT (-87.730369047317 41.783266665061)