RD_NO,CRASH_DATE_EST_I,CRASH_DATE,POSTED_SPEED_LIMIT,TRAFFIC_CONTROL_DEVICE,DEVICE_CONDITION,WEATHER_CONDITION,LIGHTING_CONDITION,FIRST_CRASH_TYPE,TRAFFICWAY_TYPE,LANE_CNT,ALIGNMENT,ROADWAY_SURFACE_COND,ROAD_DEFECT,REPORT_TYPE,CRASH_TYPE,INTERSECTION_RELATED_I,NOT_RIGHT_OF_WAY_I,HIT_AND_RUN_I,DAMAGE,DATE_POLICE_NOTIFIED,PRIM_CONTRIBUTORY_CAUSE,SEC_CONTRIBUTORY_CAUSE,STREET_NO,STREET_DIRECTION,STREET_NAME,BEAT_OF_OCCURRENCE,PHOTOS_TAKEN_I,STATEMENTS_TAKEN_I,DOORING_I,WORK_ZONE_I,WORK_ZONE_TYPE,WORKERS_PRESENT_I,NUM_UNITS,MOST_SEVERE_INJURY,INJURIES_TOTAL,INJURIES_FATAL,INJURIES_INCAPACITATING,INJURIES_NON_INCAPACITATING,INJURIES_REPORTED_NOT_EVIDENT,INJURIES_NO_INDICATION,INJURIES_UNKNOWN,CRASH_HOUR,CRASH_DAY_OF_WEEK,CRASH_MONTH,LATITUDE,LONGITUDE,LOCATION
JC419374,,9/4/2019 6:30,30,NO CONTROLS,NO CONTROLS,CLEAR,DAYLIGHT,SIDESWIPE OPPOSITE DIRECTION,OTHER,,STRAIGHT AND LEVEL,DRY,NO DEFECTS,NOT ON SCENE (DESK REPORT),NO INJURY / DRIVE AWAY,,,,"OVER $1,500",9/4/2019 6:45,UNABLE TO DETERMINE,NOT APPLICABLE,2600,N,KEDZIE AVE,1412,,,,,,,2,NO INDICATION OF INJURY,0,0,0,0,0,2,0,6,4,9,41.92842183,-87.70802578,POINT (-87.708025776257 41.928421829663)
JC419373,,9/4/2019 5:58,35,STOP SIGN/FLASHER,NO CONTROLS,CLEAR,DAYLIGHT,ANGLE,DIVIDED - W/MEDIAN BARRIER,,STRAIGHT AND LEVEL,UNKNOWN,NO DEFECTS,ON SCENE,INJURY AND / OR TOW DUE TO CRASH,Y,,,"OVER $1,500",9/4/2019 5:59,DISREGARDING STOP SIGN,NOT APPLICABLE,9001,S,STONY ISLAND AVE,413,,,,,,,2,INCAPACITATING INJURY,2,0,1,1,0,0,0,5,4,9,41.7313621,-87.58495178,POINT (-87.584951775807 41.731362103656)
JC419356,,9/4/2019 5:55,35,NO CONTROLS,NO CONTROLS,CLEAR,DAWN,SIDESWIPE SAME DIRECTION,NOT DIVIDED,,STRAIGHT AND LEVEL,DRY,NO DEFECTS,ON SCENE,INJURY AND / OR TOW DUE TO CRASH,,,Y,"$501 - $1,500",9/4/2019 6:00,IMPROPER LANE USAGE,UNABLE TO DETERMINE,5525,S,PULASKI RD,822,,,,,,,2,NO INDICATION OF INJURY,0,0,0,0,0,2,0,5,4,9,41.79233004,-87.72298623,POINT (-87.722986230219 41.792330039883)
JC419364,,9/4/2019 5:50,20,STOP SIGN/FLASHER,FUNCTIONING PROPERLY,CLEAR,DAWN,PEDALCYCLIST,NOT DIVIDED,,STRAIGHT AND LEVEL,DRY,NO DEFECTS,NOT ON SCENE (DESK REPORT),INJURY AND / OR TOW DUE TO CRASH,Y,,,$500 OR LESS,9/4/2019 6:10,UNABLE TO DETERMINE,UNABLE TO DETERMINE,2059,N,CENTRAL PARK AVE,1413,,,,,,,2,NONINCAPACITATING INJURY,1,0,0,1,0,1,0,5,4,9,41.91907053,-87.71668003,POINT (-87.71668002614 41.919070531166)
JC419363,,9/4/2019 5:42,30,TRAFFIC SIGNAL,FUNCTIONING PROPERLY,CLEAR,DAYLIGHT,PEDESTRIAN,DIVIDED - W/MEDIAN (NOT RAISED),,STRAIGHT AND LEVEL,DRY,NO DEFECTS,,INJURY AND / OR TOW DUE TO CRASH,,,Y,$500 OR LESS,9/4/2019 6:00,"OPERATING VEHICLE IN ERRATIC, RECKLESS, CARELESS, NEGLIGENT OR AGGRESSIVE MANNER",UNABLE TO DETERMINE,4701,S,CICERO AVE,815,,,,,,,2,NONINCAPACITATING INJURY,1,0,0,1,0,1,0,5,4,9,41.80753346,-87.74300342,POINT (-87.743003421203 41.807533457298)
JC419353,,9/4/2019 5:38,30,NO CONTROLS,NO CONTROLS,CLEAR,DAWN,TURNING,NOT DIVIDED,,STRAIGHT AND LEVEL,DRY,NO DEFECTS,ON SCENE,INJURY AND / OR TOW DUE TO CRASH,,,,"OVER $1,500",9/4/2019 5:39,FAILING TO REDUCE SPEED TO AVOID CRASH,DRIVING SKILLS/KNOWLEDGE/EXPERIENCE,161,N,COLUMBUS DR,114,,,,,,,2,"REPORTED, NOT EVIDENT",2,0,0,0,2,0,0,5,4,9,41.88486186,-87.62050527,POINT (-87.62050527188 41.884861858373)
JC419354,,9/4/2019 5:35,30,TRAFFIC SIGNAL,FUNCTIONING PROPERLY,CLEAR,"DARKNESS, LIGHTED ROAD",REAR END,DIVIDED - W/MEDIAN BARRIER,,STRAIGHT AND LEVEL,DRY,NO DEFECTS,ON SCENE,INJURY AND / OR TOW DUE TO CRASH,,,,"OVER $1,500",9/4/2019 5:40,EQUIPMENT - VEHICLE CONDITION,NOT APPLICABLE,1601,E,103RD ST,434,,,,,,,2,"REPORTED, NOT EVIDENT",2,0,0,0,2,1,0,5,4,9,41.70768041,-87.58481611,POINT (-87.584816108862 41.707680407853)
JC419342,Y,9/4/2019 5:11,30,NO CONTROLS,NO CONTROLS,CLEAR,"DARKNESS, LIGHTED ROAD",PARKED MOTOR VEHICLE,NOT DIVIDED,,STRAIGHT AND LEVEL,DRY,NO DEFECTS,ON SCENE,NO INJURY / DRIVE AWAY,,,,"OVER $1,500",9/4/2019 5:11,UNABLE TO DETERMINE,UNABLE TO DETERMINE,1523,W,FILLMORE ST,1231,,,,,,,2,,,,,,,,,5,4,9,41.86838397,-87.66495625,POINT (-87.664956248745 41.86838396482)
JC419337,,9/4/2019 4:41,30,TRAFFIC SIGNAL,FUNCTIONING PROPERLY,CLEAR,DAWN,TURNING,DIVIDED - W/MEDIAN BARRIER,,STRAIGHT AND LEVEL,DRY,NO DEFECTS,ON SCENE,NO INJURY / DRIVE AWAY,Y,,,$500 OR LESS,9/4/2019 4:48,UNABLE TO DETERMINE,IMPROPER LANE USAGE,9901,S,HALSTED ST,2232,,,,,,,2,NO INDICATION OF INJURY,0,0,0,0,0,2,0,4,4,9,41.71412565,-87.64285255,POINT (-87.642852547443 41.714125649277)
JC419333,,9/4/2019 4:35,30,TRAFFIC SIGNAL,FUNCTIONING PROPERLY,CLEAR,"DARKNESS, LIGHTED ROAD",PEDALCYCLIST,ONE-WAY,,STRAIGHT AND LEVEL,DRY,NO DEFECTS,ON SCENE,NO INJURY / DRIVE AWAY,,,,"OVER $1,500",9/4/2019 4:35,IMPROPER LANE USAGE,NOT APPLICABLE,600,N,DEARBORN ST,1832,,,,,,,2,NO INDICATION OF INJURY,0,0,0,0,0,2,0,4,4,9,41.89248545,-87.62982444,POINT (-87.62982443971 41.892485453597)
JC425722,,9/4/2019 4:30,30,NO CONTROLS,NO CONTROLS,UNKNOWN,DAYLIGHT,TURNING,OTHER,,STRAIGHT AND LEVEL,UNKNOWN,NO DEFECTS,NOT ON SCENE (DESK REPORT),NO INJURY / DRIVE AWAY,,,,"$501 - $1,500",9/9/2019 9:00,UNABLE TO DETERMINE,NOT APPLICABLE,2300,N,ASHLAND AVE,1811,,,,,,,2,NO INDICATION OF INJURY,0,0,0,0,0,2,0,4,4,9,41.92337628,-87.66839727,POINT (-87.668397265551 41.923376279808)
JC420373,,9/4/2019 3:00,30,NO CONTROLS,NO CONTROLS,CLEAR,"DARKNESS, LIGHTED ROAD",PARKED MOTOR VEHICLE,ONE-WAY,,STRAIGHT AND LEVEL,DRY,NO DEFECTS,NOT ON SCENE (DESK REPORT),NO INJURY / DRIVE AWAY,,,Y,$500 OR LESS,9/4/2019 19:35,UNABLE TO DETERMINE,NOT APPLICABLE,3934,N,DRAKE AVE,1732,,,,,,,2,NO INDICATION OF INJURY,0,0,0,0,0,1,0,3,4,9,41.95307112,-87.71671335,POINT (-87.716713346849 41.953071120361)
JC421061,,9/4/2019 2:00,30,NO CONTROLS,NO CONTROLS,CLEAR,"DARKNESS, LIGHTED ROAD",PARKED MOTOR VEHICLE,ONE-WAY,,STRAIGHT AND LEVEL,DRY,NO DEFECTS,NOT ON SCENE (DESK REPORT),NO INJURY / DRIVE AWAY,,,Y,$500 OR LESS,9/5/2019 12:35,UNABLE TO DETERMINE,NOT APPLICABLE,5001,S,MICHIGAN AVE,224,,,,,,,2,NO INDICATION OF INJURY,0,0,0,0,0,1,0,2,4,9,41.80373103,-87.62254508,POINT (-87.622545075142 41.803731033006)
JC419290,,9/4/2019 1:50,20,NO CONTROLS,NO CONTROLS,CLEAR,"DARKNESS, LIGHTED ROAD",PARKED MOTOR VEHICLE,ONE-WAY,,STRAIGHT AND LEVEL,DRY,NO DEFECTS,NOT ON SCENE (DESK REPORT),NO INJURY / DRIVE AWAY,,,Y,"OVER $1,500",9/4/2019 2:05,UNABLE TO DETERMINE,UNABLE TO DETERMINE,4500,N,SPRINGFIELD AVE,1723,,,,,,,2,NO INDICATION OF INJURY,0,0,0,0,0,1,0,1,4,9,41.96293165,-87.72558349,POINT (-87.7255834934 41.962931648239)
JC419293,,9/4/2019 1:42,20,NO CONTROLS,NO CONTROLS,CLEAR,"DARKNESS, LIGHTED ROAD",PEDESTRIAN,ONE-WAY,,STRAIGHT AND LEVEL,DRY,NO DEFECTS,ON SCENE,INJURY AND / OR TOW DUE TO CRASH,,,Y,"OVER $1,500",9/4/2019 1:42,UNABLE TO DETERMINE,UNABLE TO DETERMINE,2814,E,78TH ST,421,,,,,,,2,NONINCAPACITATING INJURY,1,0,0,1,0,1,0,1,4,9,41.75378494,-87.55642881,POINT (-87.556428812413 41.753784942405)
JC419351,,9/4/2019 1:30,25,NO CONTROLS,NO CONTROLS,CLEAR,DARKNESS,FIXED OBJECT,ONE-WAY,,STRAIGHT AND LEVEL,DRY,NO DEFECTS,ON SCENE,INJURY AND / OR TOW DUE TO CRASH,,,Y,"OVER $1,500",9/4/2019 1:30,FAILING TO REDUCE SPEED TO AVOID CRASH,DRIVING SKILLS/KNOWLEDGE/EXPERIENCE,5901,W,THOMAS ST,1511,,,,,,,1,NO INDICATION OF INJURY,0,0,0,0,0,3,0,1,4,9,41.9001022,-87.77293703,POINT (-87.772937032007 41.90010220268)
JC419280,,9/4/2019 1:26,30,NO CONTROLS,NO CONTROLS,CLEAR,"DARKNESS, LIGHTED ROAD",PARKED MOTOR VEHICLE,ONE-WAY,,STRAIGHT AND LEVEL,DRY,NO DEFECTS,ON SCENE,NO INJURY / DRIVE AWAY,Y,,,$500 OR LESS,9/4/2019 1:26,IMPROPER BACKING,UNABLE TO DETERMINE,3620,N,PINE GROVE AVE,1925,,,,,,,2,NO INDICATION OF INJURY,0,0,0,0,0,1,0,1,4,9,41.94847261,-87.64603786,POINT (-87.6460378594 41.948472609672)
JC419266,,9/4/2019 0:33,30,TRAFFIC SIGNAL,FUNCTIONING PROPERLY,CLEAR,"DARKNESS, LIGHTED ROAD",TURNING,DIVIDED - W/MEDIAN (NOT RAISED),,STRAIGHT AND LEVEL,DRY,NO DEFECTS,ON SCENE,INJURY AND / OR TOW DUE TO CRASH,Y,,,"OVER $1,500",9/4/2019 0:34,FAILING TO YIELD RIGHT-OF-WAY,FAILING TO YIELD RIGHT-OF-WAY,4434,S,KEDZIE AVE,821,,,,,,,2,NO INDICATION OF INJURY,0,0,0,0,0,2,0,0,4,9,41.81255608,-87.70429639,POINT (-87.704296388864 41.812556077595)
JC419260,,9/4/2019 0:28,30,NO CONTROLS,NO CONTROLS,CLEAR,"DARKNESS, LIGHTED ROAD",PARKED MOTOR VEHICLE,NOT DIVIDED,,STRAIGHT AND LEVEL,DRY,NO DEFECTS,ON SCENE,INJURY AND / OR TOW DUE TO CRASH,,,,"OVER $1,500",9/4/2019 0:28,DISTRACTION - FROM OUTSIDE VEHICLE,NOT APPLICABLE,1421,S,HALSTED ST,1232,,,,,,,4,"REPORTED, NOT EVIDENT",1,0,0,0,1,0,0,0,4,9,41.86290801,-87.64664613,POINT (-87.646646125951 41.862908013953)
JC419265,,9/4/2019 0:25,30,NO CONTROLS,NO CONTROLS,CLEAR,"DARKNESS, LIGHTED ROAD",PARKED MOTOR VEHICLE,NOT DIVIDED,,STRAIGHT AND LEVEL,DRY,NO DEFECTS,ON SCENE,NO INJURY / DRIVE AWAY,,,Y,$500 OR LESS,9/4/2019 0:30,UNABLE TO DETERMINE,UNABLE TO DETERMINE,12852,S,NORMAL AVE,523,,,,,,,2,NO INDICATION OF INJURY,0,0,0,0,0,1,0,0,4,9,41.65997096,-87.63424036,POINT (-87.634240356501 41.6599709576)
JC419256,,9/4/2019 0:19,30,NO CONTROLS,NO CONTROLS,CLEAR,"DARKNESS, LIGHTED ROAD",FIXED OBJECT,NOT DIVIDED,,STRAIGHT AND LEVEL,DRY,UNKNOWN,ON SCENE,INJURY AND / OR TOW DUE TO CRASH,,,,"OVER $1,500",9/4/2019 0:21,UNABLE TO DETERMINE,UNABLE TO DETERMINE,2233,S,DR MARTIN LUTHER KING JR DR,132,,,,,,,1,NO INDICATION OF INJURY,0,0,0,0,0,2,0,0,4,9,41.85207557,-87.6188508,POINT (-87.618850803918 41.852075574499)
JC419250,,9/4/2019 0:17,30,NO CONTROLS,NO CONTROLS,CLEAR,DARKNESS,PARKED MOTOR VEHICLE,NOT DIVIDED,,STRAIGHT AND LEVEL,DRY,NO DEFECTS,ON SCENE,INJURY AND / OR TOW DUE TO CRASH,,,N,"OVER $1,500",9/4/2019 0:17,UNABLE TO DETERMINE,UNABLE TO DETERMINE,4909,S,COTTAGE GROVE AVE,223,,,,,,,3,NONINCAPACITATING INJURY,1,0,0,1,0,0,0,0,4,9,41.80558003,-87.6063329,POINT (-87.606332898814 41.805580030728)
JC419259,,9/4/2019 0:10,30,STOP SIGN/FLASHER,FUNCTIONING PROPERLY,CLEAR,"DARKNESS, LIGHTED ROAD",ANGLE,T-INTERSECTION,,STRAIGHT AND LEVEL,DRY,NO DEFECTS,ON SCENE,INJURY AND / OR TOW DUE TO CRASH,Y,,,"OVER $1,500",9/4/2019 0:15,UNABLE TO DETERMINE,UNABLE TO DETERMINE,355,W,OHIO ST,1831,,,,,,,2,INCAPACITATING INJURY,3,0,3,0,0,0,0,0,4,9,41.89218244,-87.6376708,POINT (-87.637670804482 41.892182434903)
JC419253,,9/4/2019 0:03,30,STOP SIGN/FLASHER,FUNCTIONING PROPERLY,UNKNOWN,"DARKNESS, LIGHTED ROAD",ANGLE,NOT DIVIDED,,STRAIGHT AND LEVEL,UNKNOWN,UNKNOWN,NOT ON SCENE (DESK REPORT),NO INJURY / DRIVE AWAY,Y,,,"OVER $1,500",9/4/2019 0:15,DRIVING SKILLS/KNOWLEDGE/EXPERIENCE,UNABLE TO DETERMINE,7400,S,JEFFERY BLVD,333,,,,,,,2,NO INDICATION OF INJURY,0,0,0,0,0,3,0,0,4,9,41.76062594,-87.57632659,POINT (-87.57632659035 41.760625940278)
JC419664,N,9/4/2019 0:01,25,NO CONTROLS,NO CONTROLS,UNKNOWN,UNKNOWN,PARKED MOTOR VEHICLE,NOT DIVIDED,,STRAIGHT AND LEVEL,UNKNOWN,NO DEFECTS,ON SCENE,NO INJURY / DRIVE AWAY,,,Y,"OVER $1,500",9/4/2019 11:10,UNABLE TO DETERMINE,UNABLE TO DETERMINE,4736,N,LONG AVE,1623,,,,,,,3,NO INDICATION OF INJURY,0,0,0,0,0,1,0,0,4,9,41.96664414,-87.76268775,POINT (-87.762687745265 41.966644134512)
JC419286,,9/4/2019 0:00,30,NO CONTROLS,NO CONTROLS,CLEAR,"DARKNESS, LIGHTED ROAD",PARKED MOTOR VEHICLE,NOT DIVIDED,,STRAIGHT AND LEVEL,UNKNOWN,UNKNOWN,,NO INJURY / DRIVE AWAY,,,Y,"OVER $1,500",9/4/2019 0:56,IMPROPER BACKING,FAILING TO REDUCE SPEED TO AVOID CRASH,12865,S,NORMAL AVE,523,,,,,,,2,NO INDICATION OF INJURY,0,0,0,0,0,2,0,0,4,9,41.65960449,-87.63393522,POINT (-87.633935221712 41.659604490238)
JC419236,,9/3/2019 23:50,30,TRAFFIC SIGNAL,FUNCTIONING PROPERLY,CLEAR,"DARKNESS, LIGHTED ROAD",REAR END,NOT DIVIDED,,STRAIGHT AND LEVEL,DRY,NO DEFECTS,ON SCENE,NO INJURY / DRIVE AWAY,Y,,,"$501 - $1,500",9/4/2019 0:10,FOLLOWING TOO CLOSELY,NOT APPLICABLE,4157,N,KEDZIE AVE,1724,,,,,,,2,NO INDICATION OF INJURY,0,0,0,0,0,2,0,23,3,9,41.9574541,-87.70797786,POINT (-87.707977859135 41.957454097148)
JC419229,,9/3/2019 23:35,10,NO CONTROLS,NO CONTROLS,CLEAR,"DARKNESS, LIGHTED ROAD",FIXED OBJECT,ROUNDABOUT,,STRAIGHT AND LEVEL,DRY,NO DEFECTS,ON SCENE,INJURY AND / OR TOW DUE TO CRASH,,,,"OVER $1,500",9/3/2019 23:46,DISTRACTION - FROM INSIDE VEHICLE,UNABLE TO DETERMINE,700,S,MORGAN ST,1232,,,,,,,1,NONINCAPACITATING INJURY,1,0,0,1,0,0,0,23,3,9,41.87268332,-87.6513956,POINT (-87.651395599253 41.872683320262)
JC419222,,9/3/2019 23:30,30,TRAFFIC SIGNAL,FUNCTIONING PROPERLY,CLEAR,"DARKNESS, LIGHTED ROAD",ANGLE,T-INTERSECTION,,STRAIGHT AND LEVEL,DRY,NO DEFECTS,ON SCENE,INJURY AND / OR TOW DUE TO CRASH,Y,,,"OVER $1,500",9/3/2019 23:30,DISREGARDING TRAFFIC SIGNALS,NOT APPLICABLE,150,N,WACKER DR,122,,,,,,,2,NO INDICATION OF INJURY,0,0,0,0,0,3,0,23,3,9,41.88452546,-87.63721639,POINT (-87.637216392475 41.884525460956)
JC419217,,9/3/2019 23:30,30,TRAFFIC SIGNAL,FUNCTIONING PROPERLY,CLEAR,"DARKNESS, LIGHTED ROAD",TURNING,FOUR WAY,,STRAIGHT AND LEVEL,DRY,NO DEFECTS,ON SCENE,INJURY AND / OR TOW DUE TO CRASH,Y,,,"OVER $1,500",9/3/2019 23:30,IMPROPER TURNING/NO SIGNAL,FAILING TO YIELD RIGHT-OF-WAY,3400,W,IRVING PARK RD,1723,,,,,,,2,"REPORTED, NOT EVIDENT",1,0,0,0,1,1,0,23,3,9,41.95396568,-87.71296876,POINT (-87.712968763225 41.953965677765)
JC419205,,9/3/2019 23:00,25,TRAFFIC SIGNAL,FUNCTIONING PROPERLY,CLEAR,"DARKNESS, LIGHTED ROAD",REAR END,NOT DIVIDED,,STRAIGHT AND LEVEL,DRY,NO DEFECTS,NOT ON SCENE (DESK REPORT),NO INJURY / DRIVE AWAY,,,,"OVER $1,500",9/3/2019 23:00,UNABLE TO DETERMINE,UNABLE TO DETERMINE,3201,S,KEDZIE AVE,1033,,,,,,,2,NO INDICATION OF INJURY,0,0,0,0,0,2,0,23,3,9,41.83518232,-87.70461506,POINT (-87.704615063636 41.835182324274)
JC419228,,9/3/2019 22:47,30,TRAFFIC SIGNAL,FUNCTIONING PROPERLY,CLEAR,"DARKNESS, LIGHTED ROAD",TURNING,DIVIDED - W/MEDIAN (NOT RAISED),,STRAIGHT AND LEVEL,UNKNOWN,UNKNOWN,ON SCENE,INJURY AND / OR TOW DUE TO CRASH,Y,,,$500 OR LESS,9/3/2019 22:47,UNABLE TO DETERMINE,UNABLE TO DETERMINE,4200,S,CICERO AVE,814,,,,,,,2,"REPORTED, NOT EVIDENT",1,0,0,0,1,2,0,22,3,9,41.81672939,-87.74353671,POINT (-87.743536712476 41.816729386747)
JC419204,,9/3/2019 22:26,30,TRAFFIC SIGNAL,FUNCTIONING PROPERLY,CLEAR,"DARKNESS, LIGHTED ROAD",ANGLE,FOUR WAY,,STRAIGHT AND LEVEL,DRY,OTHER,NOT ON SCENE (DESK REPORT),NO INJURY / DRIVE AWAY,Y,,,"$501 - $1,500",9/3/2019 23:00,DISREGARDING TRAFFIC SIGNALS,NOT APPLICABLE,800,W,47TH ST,925,,,,,,,2,NO INDICATION OF INJURY,0,0,0,0,0,2,0,22,3,9,41.80897699,-87.64565669,POINT (-87.645656688873 41.808976990618)
JC419174,,9/3/2019 22:10,30,NO CONTROLS,NO CONTROLS,CLEAR,"DARKNESS, LIGHTED ROAD",REAR END,NOT DIVIDED,,STRAIGHT ON GRADE,DRY,NO DEFECTS,NOT ON SCENE (DESK REPORT),NO INJURY / DRIVE AWAY,,,,"$501 - $1,500",9/3/2019 23:30,UNABLE TO DETERMINE,UNABLE TO DETERMINE,2347,S,CANAL ST,914,,Y,,,,,2,NO INDICATION OF INJURY,0,0,0,0,0,2,0,22,3,9,41.84951173,-87.63830058,POINT (-87.638300583394 41.849511725684)
JC419177,,9/3/2019 21:45,15,NO CONTROLS,NO CONTROLS,CLEAR,"DARKNESS, LIGHTED ROAD",FIXED OBJECT,ALLEY,,STRAIGHT AND LEVEL,WET,NO DEFECTS,NOT ON SCENE (DESK REPORT),NO INJURY / DRIVE AWAY,,,,"$501 - $1,500",9/3/2019 22:09,UNABLE TO DETERMINE,UNABLE TO DETERMINE,6246,S,DR MARTIN LUTHER KING JR DR,311,,,,,,,1,NO INDICATION OF INJURY,0,0,0,0,0,2,0,21,3,9,41.78067018,-87.61578084,POINT (-87.615780834747 41.780670177408)
JC419152,,9/3/2019 21:40,30,NO CONTROLS,NO CONTROLS,CLEAR,"DARKNESS, LIGHTED ROAD",TURNING,NOT DIVIDED,,STRAIGHT AND LEVEL,DRY,NO DEFECTS,ON SCENE,NO INJURY / DRIVE AWAY,,,,"$501 - $1,500",9/3/2019 22:15,IMPROPER BACKING,NOT APPLICABLE,14,E,HARRISON ST,123,,,,,,,2,NO INDICATION OF INJURY,0,0,0,0,0,5,0,21,3,9,41.87449046,-87.62732391,POINT (-87.627323905395 41.874490460932)
JC419165,,9/3/2019 21:30,30,TRAFFIC SIGNAL,FUNCTIONING PROPERLY,CLEAR,"DARKNESS, LIGHTED ROAD",TURNING,FOUR WAY,,STRAIGHT AND LEVEL,DRY,"RUT, HOLES",ON SCENE,NO INJURY / DRIVE AWAY,Y,,Y,"OVER $1,500",9/3/2019 21:32,FOLLOWING TOO CLOSELY,UNABLE TO DETERMINE,700,S,CICERO AVE,1533,,,,,,,2,NO INDICATION OF INJURY,0,0,0,0,0,2,0,21,3,9,41.87205805,-87.74507934,POINT (-87.745079343101 41.872058050459)
JC419590,Y,9/3/2019 21:10,35,NO CONTROLS,NO CONTROLS,CLEAR,DAYLIGHT,PARKED MOTOR VEHICLE,NOT DIVIDED,,STRAIGHT AND LEVEL,DRY,NO DEFECTS,NOT ON SCENE (DESK REPORT),NO INJURY / DRIVE AWAY,,,,"$501 - $1,500",9/4/2019 10:15,UNABLE TO DETERMINE,UNABLE TO DETERMINE,2002,W,MONTROSE AVE,1911,,,,,,,2,NO INDICATION OF INJURY,0,0,0,0,0,1,0,21,3,9,41.96156558,-87.67912568,POINT (-87.679125680762 41.961565583287)
JC419151,,9/3/2019 21:10,30,NO CONTROLS,NO CONTROLS,CLEAR,"DARKNESS, LIGHTED ROAD",PEDALCYCLIST,NOT DIVIDED,,STRAIGHT AND LEVEL,DRY,NO DEFECTS,ON SCENE,NO INJURY / DRIVE AWAY,,,N,$500 OR LESS,9/3/2019 21:31,UNABLE TO DETERMINE,NOT APPLICABLE,1532,N,MILWAUKEE AVE,1424,,,,,,,2,NO INDICATION OF INJURY,0,0,0,0,0,1,0,21,3,9,41.90927856,-87.67597394,POINT (-87.67597394097 41.909278558756)
JC419171,,9/3/2019 21:00,30,NO CONTROLS,NO CONTROLS,UNKNOWN,"DARKNESS, LIGHTED ROAD",PARKED MOTOR VEHICLE,ONE-WAY,,STRAIGHT AND LEVEL,UNKNOWN,UNKNOWN,NOT ON SCENE (DESK REPORT),NO INJURY / DRIVE AWAY,,,,"OVER $1,500",9/3/2019 22:25,DISTRACTION - FROM INSIDE VEHICLE,NOT APPLICABLE,6748,S,CRANDON AVE,331,,,,,,,2,NO INDICATION OF INJURY,0,0,0,0,0,1,0,21,3,9,41.77206915,-87.57008298,POINT (-87.570082981043 41.772069147266)
JC419133,Y,9/3/2019 21:00,30,NO CONTROLS,NO CONTROLS,CLEAR,"DARKNESS, LIGHTED ROAD",PARKED MOTOR VEHICLE,ONE-WAY,,STRAIGHT AND LEVEL,DRY,UNKNOWN,ON SCENE,NO INJURY / DRIVE AWAY,,,Y,"OVER $1,500",9/3/2019 21:26,UNABLE TO DETERMINE,NOT APPLICABLE,4715,W,PALMER ST,2522,,,,,,,2,NO INDICATION OF INJURY,0,0,0,0,0,1,0,21,3,9,41.92049854,-87.74438511,POINT (-87.744385108256 41.920498539421)
JC419121,,9/3/2019 21:00,15,NO CONTROLS,NO CONTROLS,CLEAR,DARKNESS,TURNING,ALLEY,,STRAIGHT AND LEVEL,DRY,NO DEFECTS,ON SCENE,INJURY AND / OR TOW DUE TO CRASH,Y,,,"OVER $1,500",9/3/2019 21:01,FAILING TO YIELD RIGHT-OF-WAY,NOT APPLICABLE,3744,N,CICERO AVE,1634,,,,,,,2,NO INDICATION OF INJURY,0,0,0,0,0,3,0,21,3,9,41.94931247,-87.74732296,POINT (-87.74732296032 41.949312467496)
JC419135,,9/3/2019 20:52,30,TRAFFIC SIGNAL,FUNCTIONING PROPERLY,CLEAR,"DARKNESS, LIGHTED ROAD",TURNING,DIVIDED - W/MEDIAN (NOT RAISED),,STRAIGHT AND LEVEL,DRY,NO DEFECTS,ON SCENE,INJURY AND / OR TOW DUE TO CRASH,,,,"OVER $1,500",9/3/2019 21:12,"OPERATING VEHICLE IN ERRATIC, RECKLESS, CARELESS, NEGLIGENT OR AGGRESSIVE MANNER",NOT APPLICABLE,383,E,MONROE DR,114,,,,,,,2,NO INDICATION OF INJURY,0,0,0,0,0,2,0,20,3,9,41.88080336,-87.61785353,POINT (-87.617853527976 41.880803360865)
JC419388,,9/3/2019 20:50,30,TRAFFIC SIGNAL,FUNCTIONING PROPERLY,CLEAR,"DARKNESS, LIGHTED ROAD",REAR END,NOT DIVIDED,,STRAIGHT AND LEVEL,DRY,NO DEFECTS,NOT ON SCENE (DESK REPORT),INJURY AND / OR TOW DUE TO CRASH,Y,,Y,"OVER $1,500",9/4/2019 7:20,FOLLOWING TOO CLOSELY,UNABLE TO DETERMINE,8300,S,SOUTH CHICAGO AVE,412,,,,,,,2,"REPORTED, NOT EVIDENT",1,0,0,0,1,3,0,20,3,9,41.74419529,-87.57563925,POINT (-87.575639253594 41.744195286263)
JC419127,,9/3/2019 20:50,10,NO CONTROLS,NO CONTROLS,CLEAR,"DARKNESS, LIGHTED ROAD",REAR END,PARKING LOT,,STRAIGHT AND LEVEL,DRY,NO DEFECTS,NOT ON SCENE (DESK REPORT),NO INJURY / DRIVE AWAY,,,Y,"OVER $1,500",9/3/2019 21:25,UNABLE TO DETERMINE,UNABLE TO DETERMINE,5300,S,PULASKI RD,815,,,,,,,2,NO INDICATION OF INJURY,0,0,0,0,0,3,0,20,3,9,41.79675457,-87.72340922,POINT (-87.7234092203 41.796754571853)
JC419102,,9/3/2019 20:35,30,STOP SIGN/FLASHER,FUNCTIONING PROPERLY,CLEAR,"DARKNESS, LIGHTED ROAD",PEDESTRIAN,FOUR WAY,,STRAIGHT AND LEVEL,DRY,NO DEFECTS,ON SCENE,INJURY AND / OR TOW DUE TO CRASH,Y,,,$500 OR LESS,9/3/2019 20:38,FAILING TO YIELD RIGHT-OF-WAY,NOT APPLICABLE,2940,N,SHERIDAN RD,1934,,,,,,,2,NONINCAPACITATING INJURY,1,0,0,1,0,1,0,20,3,9,41.93552971,-87.63954323,POINT (-87.639543224703 41.935529710737)