RD_NO,CRASH_DATE_EST_I,CRASH_DATE,POSTED_SPEED_LIMIT,TRAFFIC_CONTROL_DEVICE,DEVICE_CONDITION,WEATHER_CONDITION,LIGHTING_CONDITION,FIRST_CRASH_TYPE,TRAFFICWAY_TYPE,LANE_CNT,ALIGNMENT,ROADWAY_SURFACE_COND,ROAD_DEFECT,REPORT_TYPE,CRASH_TYPE,INTERSECTION_RELATED_I,NOT_RIGHT_OF_WAY_I,HIT_AND_RUN_I,DAMAGE,DATE_POLICE_NOTIFIED,PRIM_CONTRIBUTORY_CAUSE,SEC_CONTRIBUTORY_CAUSE,STREET_NO,STREET_DIRECTION,STREET_NAME,BEAT_OF_OCCURRENCE,PHOTOS_TAKEN_I,STATEMENTS_TAKEN_I,DOORING_I,WORK_ZONE_I,WORK_ZONE_TYPE,WORKERS_PRESENT_I,NUM_UNITS,MOST_SEVERE_INJURY,INJURIES_TOTAL,INJURIES_FATAL,INJURIES_INCAPACITATING,INJURIES_NON_INCAPACITATING,INJURIES_REPORTED_NOT_EVIDENT,INJURIES_NO_INDICATION,INJURIES_UNKNOWN,CRASH_HOUR,CRASH_DAY_OF_WEEK,CRASH_MONTH,LATITUDE,LONGITUDE,LOCATION
JC419073,,9/3/2019 20:00,35,NO CONTROLS,NO CONTROLS,CLEAR,"DARKNESS, LIGHTED ROAD",SIDESWIPE SAME DIRECTION,NOT DIVIDED,,STRAIGHT AND LEVEL,DRY,NO DEFECTS,NOT ON SCENE (DESK REPORT),NO INJURY / DRIVE AWAY,,,,"OVER $1,500",9/3/2019 20:15,FAILING TO YIELD RIGHT-OF-WAY,NOT APPLICABLE,5900,S,DAMEN AVE,714,,,,,,,2,NO INDICATION OF INJURY,0,0,0,0,0,2,0,20,3,9,41.78653345,-87.67424315,POINT (-87.674243150013 41.786533453836)
JC419037,,9/3/2019 19:44,15,NO CONTROLS,NO CONTROLS,CLEAR,DARKNESS,FIXED OBJECT,PARKING LOT,,STRAIGHT AND LEVEL,DRY,NO DEFECTS,ON SCENE,INJURY AND / OR TOW DUE TO CRASH,,Y,,"OVER $1,500",9/3/2019 19:44,DRIVING SKILLS/KNOWLEDGE/EXPERIENCE,UNABLE TO DETERMINE,3615,W,IRVING PARK RD,1732,,,,,,,1,NO INDICATION OF INJURY,0,0,0,0,0,3,0,19,3,9,41.95364665,-87.71848491,POINT (-87.71848490505 41.953646651916)
JC419061,,9/3/2019 19:40,30,UNKNOWN,UNKNOWN,UNKNOWN,UNKNOWN,REAR END,NOT DIVIDED,,STRAIGHT AND LEVEL,UNKNOWN,UNKNOWN,NOT ON SCENE (DESK REPORT),NO INJURY / DRIVE AWAY,,,,"$501 - $1,500",9/3/2019 20:20,FOLLOWING TOO CLOSELY,UNABLE TO DETERMINE,2100,S,DAMEN AVE,1234,,,,,,,2,NO INDICATION OF INJURY,0,0,0,0,0,5,0,19,3,9,41.85396282,-87.67603993,POINT (-87.676039930451 41.853962818869)
JC419504,Y,9/3/2019 19:30,5,NO CONTROLS,NO CONTROLS,CLEAR,DUSK,PARKED MOTOR VEHICLE,PARKING LOT,,STRAIGHT AND LEVEL,DRY,NO DEFECTS,NOT ON SCENE (DESK REPORT),NO INJURY / DRIVE AWAY,,Y,Y,"OVER $1,500",9/4/2019 9:15,UNABLE TO DETERMINE,UNABLE TO DETERMINE,7342,W,FOSTER AVE,1613,,,,,,,2,NO INDICATION OF INJURY,0,0,0,0,0,1,0,19,3,9,41.97454295,-87.81134688,POINT (-87.811346884218 41.974542947709)
JC419049,,9/3/2019 19:30,35,TRAFFIC SIGNAL,UNKNOWN,CLEAR,"DARKNESS, LIGHTED ROAD",TURNING,TRAFFIC ROUTE,,STRAIGHT AND LEVEL,DRY,NO DEFECTS,NOT ON SCENE (DESK REPORT),NO INJURY / DRIVE AWAY,Y,,,"OVER $1,500",9/3/2019 20:09,UNABLE TO DETERMINE,UNABLE TO DETERMINE,500,S,CLARK ST,123,,,,,,,2,NO INDICATION OF INJURY,0,0,0,0,0,2,0,19,3,9,41.87555254,-87.63085422,POINT (-87.630854221965 41.875552544291)
JC419011,,9/3/2019 19:30,35,TRAFFIC SIGNAL,FUNCTIONING PROPERLY,CLOUDY/OVERCAST,DARKNESS,REAR END,FOUR WAY,,STRAIGHT AND LEVEL,DRY,NO DEFECTS,ON SCENE,INJURY AND / OR TOW DUE TO CRASH,Y,,Y,"OVER $1,500",9/3/2019 19:39,FOLLOWING TOO CLOSELY,FOLLOWING TOO CLOSELY,800,W,119TH ST,524,,,,,,,2,"REPORTED, NOT EVIDENT",1,0,0,0,1,1,0,19,3,9,41.67792339,-87.64198965,POINT (-87.64198964584 41.677923389134)
JC419017,,9/3/2019 19:23,35,NO CONTROLS,NO CONTROLS,CLEAR,"DARKNESS, LIGHTED ROAD",SIDESWIPE OPPOSITE DIRECTION,NOT DIVIDED,,STRAIGHT AND LEVEL,DRY,NO DEFECTS,ON SCENE,NO INJURY / DRIVE AWAY,,,Y,"OVER $1,500",9/3/2019 19:23,FOLLOWING TOO CLOSELY,IMPROPER OVERTAKING/PASSING,6800,S,SOUTH SHORE DR,331,,,,,,,2,NO INDICATION OF INJURY,0,0,0,0,0,2,0,19,3,9,41.77164113,-87.56674236,POINT (-87.566742358715 41.771641127083)
JC419045,,9/3/2019 19:22,30,NO CONTROLS,NO CONTROLS,CLEAR,"DARKNESS, LIGHTED ROAD",REAR END,NOT DIVIDED,,STRAIGHT AND LEVEL,DRY,NO DEFECTS,ON SCENE,INJURY AND / OR TOW DUE TO CRASH,,,,"OVER $1,500",9/3/2019 19:48,FAILING TO REDUCE SPEED TO AVOID CRASH,FOLLOWING TOO CLOSELY,7221,S,JEFFERY BLVD,333,,Y,,,,,3,NO INDICATION OF INJURY,0,0,0,0,0,4,0,19,3,9,41.76366648,-87.57610021,POINT (-87.576100207402 41.763666477363)
JC419077,,9/3/2019 19:00,30,TRAFFIC SIGNAL,FUNCTIONING PROPERLY,CLEAR,"DARKNESS, LIGHTED ROAD",TURNING,DIVIDED - W/MEDIAN BARRIER,,STRAIGHT AND LEVEL,DRY,NO DEFECTS,ON SCENE,INJURY AND / OR TOW DUE TO CRASH,Y,,,"OVER $1,500",9/3/2019 20:23,DISREGARDING TRAFFIC SIGNALS,NOT APPLICABLE,8300,S,WESTERN AVE,835,,,,,,,2,NONINCAPACITATING INJURY,2,0,0,2,0,0,0,19,3,9,41.74272797,-87.68282479,POINT (-87.68282479295 41.742727965581)
JC419616,Y,9/3/2019 18:50,25,NO CONTROLS,NO CONTROLS,CLEAR,UNKNOWN,PARKED MOTOR VEHICLE,ONE-WAY,,STRAIGHT AND LEVEL,DRY,NO DEFECTS,NOT ON SCENE (DESK REPORT),NO INJURY / DRIVE AWAY,,,Y,"OVER $1,500",9/4/2019 10:45,UNABLE TO DETERMINE,UNABLE TO DETERMINE,7515,N,BELL AVE,2411,,,,,,,2,NO INDICATION OF INJURY,0,0,0,0,0,1,0,18,3,9,42.01800421,-87.68638043,POINT (-87.686380425795 42.018004208535)
JC418982,,9/3/2019 18:49,30,NO CONTROLS,NO CONTROLS,CLEAR,DAYLIGHT,PARKED MOTOR VEHICLE,DIVIDED - W/MEDIAN (NOT RAISED),,STRAIGHT AND LEVEL,DRY,NO DEFECTS,ON SCENE,NO INJURY / DRIVE AWAY,,,Y,"OVER $1,500",9/3/2019 18:49,UNABLE TO DETERMINE,UNABLE TO DETERMINE,2311,S,MARSHALL BLVD,1033,Y,,,,,,3,NO INDICATION OF INJURY,0,0,0,0,0,1,0,18,3,9,41.84967065,-87.69888064,POINT (-87.698880639999 41.849670647043)
JC418942,,9/3/2019 18:40,15,NO CONTROLS,NO CONTROLS,CLEAR,DAYLIGHT,FIXED OBJECT,ALLEY,,STRAIGHT AND LEVEL,DRY,NO DEFECTS,ON SCENE,NO INJURY / DRIVE AWAY,,Y,,"OVER $1,500",9/3/2019 18:52,UNABLE TO DETERMINE,NOT APPLICABLE,2429,N,CLYBOURN AVE,1931,,,,,,,1,NO INDICATION OF INJURY,0,0,0,0,0,1,0,18,3,9,41.92589727,-87.67015665,POINT (-87.67015664922 41.925897274336)
JC418939,,9/3/2019 18:40,30,OTHER WARNING SIGN,NO CONTROLS,CLEAR,DAYLIGHT,FIXED OBJECT,ONE-WAY,,CURVE ON HILLCREST,DRY,NO DEFECTS,ON SCENE,INJURY AND / OR TOW DUE TO CRASH,,Y,,"OVER $1,500",9/3/2019 18:45,FAILING TO REDUCE SPEED TO AVOID CRASH,DRIVING SKILLS/KNOWLEDGE/EXPERIENCE,2558,W,VAN BUREN ST,1125,,,,,,,1,NO INDICATION OF INJURY,0,0,0,0,0,1,0,18,3,9,41.87614519,-87.69131957,POINT (-87.691319571028 41.876145193614)
JC418928,,9/3/2019 18:40,30,NO CONTROLS,NO CONTROLS,CLEAR,DAYLIGHT,FIXED OBJECT,DIVIDED - W/MEDIAN BARRIER,,STRAIGHT AND LEVEL,DRY,NO DEFECTS,ON SCENE,INJURY AND / OR TOW DUE TO CRASH,,,,"OVER $1,500",9/3/2019 18:41,DISTRACTION - FROM INSIDE VEHICLE,NOT APPLICABLE,4559,W,DEVON AVE,1711,,,,,,,1,NONINCAPACITATING INJURY,1,0,0,1,0,0,0,18,3,9,41.99715503,-87.74342898,POINT (-87.743428978384 41.997155032092)
JC418979,,9/3/2019 18:34,35,TRAFFIC SIGNAL,FUNCTIONING PROPERLY,CLEAR,DAYLIGHT,REAR END,DIVIDED - W/MEDIAN (NOT RAISED),,STRAIGHT AND LEVEL,DRY,NO DEFECTS,ON SCENE,INJURY AND / OR TOW DUE TO CRASH,,,,"OVER $1,500",9/3/2019 18:47,FOLLOWING TOO CLOSELY,NOT APPLICABLE,2556,W,CHICAGO AVE,1211,,,,,,,3,NONINCAPACITATING INJURY,1,0,0,1,0,2,0,18,3,9,41.8958111,-87.69163068,POINT (-87.691630678824 41.895811098125)
JC419343,,9/3/2019 18:30,30,TRAFFIC SIGNAL,FUNCTIONING PROPERLY,CLEAR,DAYLIGHT,SIDESWIPE SAME DIRECTION,NOT DIVIDED,,STRAIGHT AND LEVEL,DRY,NO DEFECTS,NOT ON SCENE (DESK REPORT),NO INJURY / DRIVE AWAY,,,,"OVER $1,500",9/4/2019 5:20,UNABLE TO DETERMINE,NOT APPLICABLE,500,N,COLUMBUS DR,1834,,,,,,,2,NO INDICATION OF INJURY,0,0,0,0,0,2,0,18,3,9,41.89104457,-87.62037184,POINT (-87.620371839074 41.891044569124)
JC418985,,9/3/2019 18:30,30,NO CONTROLS,NO CONTROLS,CLEAR,DAYLIGHT,REAR END,NOT DIVIDED,,STRAIGHT AND LEVEL,DRY,NO DEFECTS,NOT ON SCENE (DESK REPORT),NO INJURY / DRIVE AWAY,,,,"OVER $1,500",9/3/2019 19:24,FOLLOWING TOO CLOSELY,UNABLE TO DETERMINE,4700,W,IRVING PARK RD,1722,,,,,,,2,NO INDICATION OF INJURY,0,0,0,0,0,2,0,18,3,9,41.95355433,-87.74566755,POINT (-87.745667551162 41.953554327295)
JC418917,,9/3/2019 18:28,30,TRAFFIC SIGNAL,FUNCTIONING PROPERLY,CLEAR,DAYLIGHT,REAR END,ONE-WAY,,STRAIGHT AND LEVEL,DRY,NO DEFECTS,ON SCENE,NO INJURY / DRIVE AWAY,,,,"OVER $1,500",9/3/2019 18:28,FOLLOWING TOO CLOSELY,NOT APPLICABLE,2004,E,71ST ST,331,,,,,,,2,NO INDICATION OF INJURY,0,0,0,0,0,3,0,18,3,9,41.76635573,-87.57607438,POINT (-87.576074375457 41.766355724811)
JC419099,,9/3/2019 18:24,30,NO CONTROLS,NO CONTROLS,CLEAR,DAYLIGHT,SIDESWIPE SAME DIRECTION,NOT DIVIDED,,STRAIGHT AND LEVEL,DRY,NO DEFECTS,NOT ON SCENE (DESK REPORT),NO INJURY / DRIVE AWAY,,,,"OVER $1,500",9/3/2019 21:00,UNABLE TO DETERMINE,UNABLE TO DETERMINE,7600,S,PULASKI RD,833,,,,,,,2,NO INDICATION OF INJURY,0,0,0,0,0,2,0,18,3,9,41.75504428,-87.72231551,POINT (-87.722315514022 41.755044279733)
JC418974,,9/3/2019 18:21,30,NO CONTROLS,NO CONTROLS,CLEAR,DAYLIGHT,REAR END,NOT DIVIDED,,STRAIGHT AND LEVEL,DRY,NO DEFECTS,NOT ON SCENE (DESK REPORT),NO INJURY / DRIVE AWAY,,,,"$501 - $1,500",9/3/2019 19:12,NOT APPLICABLE,NOT APPLICABLE,7300,S,PULASKI RD,833,,,,,,,2,NO INDICATION OF INJURY,0,0,0,0,0,2,0,18,3,9,41.76042289,-87.72240628,POINT (-87.722406280202 41.760422890905)
JC418996,,9/3/2019 18:20,30,NO CONTROLS,NO CONTROLS,CLEAR,DAYLIGHT,TURNING,NOT DIVIDED,,STRAIGHT AND LEVEL,DRY,NO DEFECTS,NOT ON SCENE (DESK REPORT),NO INJURY / DRIVE AWAY,,,,"OVER $1,500",9/3/2019 19:30,UNABLE TO DETERMINE,NOT APPLICABLE,4654,W,IRVING PARK RD,1722,,,,,,,2,NO INDICATION OF INJURY,0,0,0,0,0,2,0,18,3,9,41.95355494,-87.744823,POINT (-87.744823004493 41.953554943552)
JC418911,,9/3/2019 18:20,10,NO CONTROLS,NO CONTROLS,CLEAR,DAYLIGHT,REAR TO SIDE,PARKING LOT,,STRAIGHT AND LEVEL,DRY,NO DEFECTS,ON SCENE,NO INJURY / DRIVE AWAY,,,Y,$500 OR LESS,9/3/2019 18:26,UNABLE TO DETERMINE,NOT APPLICABLE,3311,S,ARCHER AVE,912,,,,,,,2,NO INDICATION OF INJURY,0,0,0,0,0,2,0,18,3,9,41.83377274,-87.67189746,POINT (-87.671897456933 41.833772740272)
JC418844,,9/3/2019 18:18,30,TRAFFIC SIGNAL,FUNCTIONING PROPERLY,CLEAR,DAYLIGHT,SIDESWIPE OPPOSITE DIRECTION,T-INTERSECTION,,STRAIGHT AND LEVEL,DRY,NO DEFECTS,ON SCENE,INJURY AND / OR TOW DUE TO CRASH,Y,,,"$501 - $1,500",9/3/2019 18:20,IMPROPER LANE USAGE,UNABLE TO DETERMINE,8300,S,HOLLAND RD,622,,,,,,,3,NO INDICATION OF INJURY,0,0,0,0,0,3,0,18,3,9,41.74342733,-87.63218113,POINT (-87.632181132025 41.743427333057)
JC418936,,9/3/2019 18:16,30,TRAFFIC SIGNAL,FUNCTIONING PROPERLY,CLEAR,DAYLIGHT,SIDESWIPE SAME DIRECTION,DIVIDED - W/MEDIAN BARRIER,,STRAIGHT AND LEVEL,DRY,NO DEFECTS,ON SCENE,NO INJURY / DRIVE AWAY,Y,,,"$501 - $1,500",9/3/2019 18:19,IMPROPER OVERTAKING/PASSING,DRIVING SKILLS/KNOWLEDGE/EXPERIENCE,210,W,WACKER DR,122,,,,,,,2,NO INDICATION OF INJURY,0,0,0,0,0,2,0,18,3,9,41.88703718,-87.63432203,POINT (-87.634322034461 41.887037176546)
JC419123,,9/3/2019 18:15,30,TRAFFIC SIGNAL,FUNCTIONING PROPERLY,UNKNOWN,DAYLIGHT,REAR END,UNKNOWN INTERSECTION TYPE,,STRAIGHT AND LEVEL,UNKNOWN,UNKNOWN,NOT ON SCENE (DESK REPORT),NO INJURY / DRIVE AWAY,Y,,,$500 OR LESS,9/3/2019 21:13,FOLLOWING TOO CLOSELY,NOT APPLICABLE,2800,N,WESTERN AVE,1411,,,,,,,2,NO INDICATION OF INJURY,0,0,0,0,0,2,0,18,3,9,41.93221699,-87.68803328,POINT (-87.688033280895 41.932216987947)
JC419058,,9/3/2019 18:15,15,TRAFFIC SIGNAL,FUNCTIONING PROPERLY,CLEAR,DAYLIGHT,REAR END,NOT DIVIDED,,STRAIGHT AND LEVEL,DRY,NO DEFECTS,NOT ON SCENE (DESK REPORT),NO INJURY / DRIVE AWAY,Y,,,"OVER $1,500",9/3/2019 20:14,"OPERATING VEHICLE IN ERRATIC, RECKLESS, CARELESS, NEGLIGENT OR AGGRESSIVE MANNER",UNABLE TO DETERMINE,9500,S,CHARLES ST,2213,,,,,,,2,NO INDICATION OF INJURY,0,0,0,0,0,2,0,18,3,9,41.72106407,-87.6644131,POINT (-87.664413101908 41.721064073751)
JC418943,,9/3/2019 18:15,30,TRAFFIC SIGNAL,FUNCTIONING PROPERLY,CLEAR,DAYLIGHT,TURNING,FOUR WAY,,STRAIGHT AND LEVEL,DRY,NO DEFECTS,ON SCENE,NO INJURY / DRIVE AWAY,Y,,,"OVER $1,500",9/3/2019 18:48,FAILING TO YIELD RIGHT-OF-WAY,UNABLE TO DETERMINE,1200,N,ASHLAND AVE,1424,,,,,,,2,NO INDICATION OF INJURY,0,0,0,0,0,3,0,18,3,9,41.90337747,-87.66764314,POINT (-87.667643142275 41.903377467567)
JC418945,,9/3/2019 18:09,30,NO CONTROLS,NO CONTROLS,CLEAR,DAYLIGHT,SIDESWIPE SAME DIRECTION,NOT DIVIDED,,STRAIGHT AND LEVEL,DRY,NO DEFECTS,ON SCENE,INJURY AND / OR TOW DUE TO CRASH,,,,"$501 - $1,500",9/3/2019 18:50,FAILING TO YIELD RIGHT-OF-WAY,NOT APPLICABLE,10245,S,WENTWORTH AVE,511,,,,,,,2,NO INDICATION OF INJURY,0,0,0,0,0,2,0,18,3,9,41.70759048,-87.62818386,POINT (-87.628183854609 41.707590478593)
JC418976,,9/3/2019 18:07,30,NO CONTROLS,NO CONTROLS,CLEAR,DAYLIGHT,FIXED OBJECT,FOUR WAY,,STRAIGHT AND LEVEL,DRY,NO DEFECTS,ON SCENE,NO INJURY / DRIVE AWAY,,,,$500 OR LESS,9/3/2019 19:10,DRIVING SKILLS/KNOWLEDGE/EXPERIENCE,UNABLE TO DETERMINE,1559,W,76TH ST,612,,,,,,,1,NO INDICATION OF INJURY,0,0,0,0,0,1,0,18,3,9,41.7557053,-87.66349099,POINT (-87.663490986234 41.75570529686)
JC419915,,9/3/2019 18:05,40,NO CONTROLS,NO CONTROLS,CLEAR,DAYLIGHT,SIDESWIPE SAME DIRECTION,DIVIDED - W/MEDIAN BARRIER,,STRAIGHT AND LEVEL,DRY,NO DEFECTS,NOT ON SCENE (DESK REPORT),NO INJURY / DRIVE AWAY,,,,"$501 - $1,500",9/4/2019 14:10,IMPROPER OVERTAKING/PASSING,NOT APPLICABLE,4000,N,LAKE SHORE DR NB,1915,,,,,,,2,NO INDICATION OF INJURY,0,0,0,0,0,2,0,18,3,9,41.95469764,-87.64472679,POINT (-87.644726784755 41.954697640237)
JC419729,,9/3/2019 18:04,30,NO CONTROLS,NO CONTROLS,CLEAR,DAYLIGHT,SIDESWIPE SAME DIRECTION,ONE-WAY,,STRAIGHT AND LEVEL,DRY,NO DEFECTS,NOT ON SCENE (DESK REPORT),NO INJURY / DRIVE AWAY,,,,"$501 - $1,500",9/4/2019 11:45,UNABLE TO DETERMINE,NOT APPLICABLE,636,N,RACINE AVE,1215,,,,,,,2,NO INDICATION OF INJURY,0,0,0,0,0,2,0,18,3,9,41.89338043,-87.65758774,POINT (-87.657587737968 41.893380429025)
JC419435,,9/3/2019 18:00,30,NO CONTROLS,NO CONTROLS,CLEAR,DAYLIGHT,PARKED MOTOR VEHICLE,ONE-WAY,,STRAIGHT AND LEVEL,DRY,NO DEFECTS,ON SCENE,NO INJURY / DRIVE AWAY,,,,$500 OR LESS,9/4/2019 7:40,DRIVING SKILLS/KNOWLEDGE/EXPERIENCE,UNABLE TO DETERMINE,1658,W,CARMEN AVE,2032,,,,,,,2,NO INDICATION OF INJURY,0,0,0,0,0,1,0,18,3,9,41.97442194,-87.67176089,POINT (-87.671760888395 41.974421941017)
JC419110,,9/3/2019 18:00,30,TRAFFIC SIGNAL,FUNCTIONING PROPERLY,CLEAR,DAYLIGHT,SIDESWIPE SAME DIRECTION,NOT DIVIDED,,STRAIGHT AND LEVEL,DRY,NO DEFECTS,NOT ON SCENE (DESK REPORT),INJURY AND / OR TOW DUE TO CRASH,Y,,,"OVER $1,500",9/3/2019 21:00,IMPROPER LANE USAGE,IMPROPER LANE USAGE,2801,W,DEVON AVE,2413,,,,,,,2,NO INDICATION OF INJURY,0,0,0,0,0,2,0,18,3,9,41.99745005,-87.69969979,POINT (-87.69969978623 41.997450049375)
JC418874,Y,9/3/2019 17:58,30,NO CONTROLS,NO CONTROLS,CLEAR,DAYLIGHT,REAR END,ONE-WAY,,STRAIGHT AND LEVEL,DRY,NO DEFECTS,ON SCENE,NO INJURY / DRIVE AWAY,,,,$500 OR LESS,9/3/2019 18:05,UNABLE TO DETERMINE,NOT APPLICABLE,1901,S,RUBLE ST,1235,,,,,,,2,NO INDICATION OF INJURY,0,0,0,0,0,2,0,17,3,9,41.85684818,-87.64360496,POINT (-87.643604962601 41.856848178056)
JC418859,,9/3/2019 17:55,30,NO CONTROLS,NO CONTROLS,CLEAR,DAYLIGHT,REAR END,NOT DIVIDED,,STRAIGHT AND LEVEL,DRY,UNKNOWN,NOT ON SCENE (DESK REPORT),NO INJURY / DRIVE AWAY,,,,"OVER $1,500",9/3/2019 18:05,FOLLOWING TOO CLOSELY,UNABLE TO DETERMINE,2499,W,FOSTER AVE,2031,,,,,,,3,NO INDICATION OF INJURY,0,0,0,0,0,3,0,17,3,9,41.97575769,-87.69230914,POINT (-87.692309143786 41.975757687694)
JC419756,,9/3/2019 17:50,30,TRAFFIC SIGNAL,FUNCTIONING PROPERLY,CLEAR,DAYLIGHT,TURNING,FOUR WAY,,STRAIGHT AND LEVEL,DRY,NO DEFECTS,NOT ON SCENE (DESK REPORT),NO INJURY / DRIVE AWAY,Y,,,"OVER $1,500",9/4/2019 12:00,FAILING TO YIELD RIGHT-OF-WAY,NOT APPLICABLE,2801,N,CALIFORNIA AVE,1411,,,,,,,2,NO INDICATION OF INJURY,0,0,0,0,0,2,0,17,3,9,41.93212472,-87.69747135,POINT (-87.697471351219 41.932124719821)
JC418870,,9/3/2019 17:50,35,UNKNOWN,UNKNOWN,CLEAR,DAYLIGHT,PARKED MOTOR VEHICLE,DIVIDED - W/MEDIAN (NOT RAISED),,STRAIGHT AND LEVEL,DRY,NO DEFECTS,ON SCENE,INJURY AND / OR TOW DUE TO CRASH,,,Y,"OVER $1,500",9/3/2019 17:56,UNABLE TO DETERMINE,NOT APPLICABLE,3337,W,NORTH AVE,1422,,,,,,,2,NO INDICATION OF INJURY,0,0,0,0,0,2,0,17,3,9,41.90995419,-87.71090488,POINT (-87.710904878988 41.90995419194)
JC418908,,9/3/2019 17:44,30,NO CONTROLS,NO CONTROLS,CLEAR,DAYLIGHT,REAR END,NOT DIVIDED,,STRAIGHT AND LEVEL,DRY,NO DEFECTS,NOT ON SCENE (DESK REPORT),NO INJURY / DRIVE AWAY,,,,"OVER $1,500",9/3/2019 18:50,FAILING TO YIELD RIGHT-OF-WAY,NOT APPLICABLE,1520,W,FULLERTON AVE,1932,,,,,,,2,NO INDICATION OF INJURY,0,0,0,0,0,2,0,17,3,9,41.92528231,-87.66661708,POINT (-87.666617077535 41.925282314355)
JC427924,,9/3/2019 17:40,30,NO CONTROLS,NO CONTROLS,CLEAR,DAYLIGHT,REAR END,ONE-WAY,,STRAIGHT AND LEVEL,DRY,NO DEFECTS,ON SCENE,INJURY AND / OR TOW DUE TO CRASH,,,,"OVER $1,500",9/10/2019 17:41,FAILING TO REDUCE SPEED TO AVOID CRASH,CELL PHONE USE OTHER THAN TEXTING,2033,W,95TH ST,2213,,,,,,,2,"REPORTED, NOT EVIDENT",1,0,0,0,1,2,0,17,3,9,41.72094992,-87.67370082,POINT (-87.673700818849 41.720949918433)
JC420516,,9/3/2019 17:40,9,NO CONTROLS,NO CONTROLS,CLEAR,DAYLIGHT,REAR END,OTHER,,STRAIGHT AND LEVEL,OTHER,NO DEFECTS,NOT ON SCENE (DESK REPORT),INJURY AND / OR TOW DUE TO CRASH,,Y,Y,"$501 - $1,500",9/4/2019 21:07,DISTRACTION - FROM INSIDE VEHICLE,UNABLE TO DETERMINE,1538,E,95TH ST,413,,,,,,,2,NONINCAPACITATING INJURY,1,0,0,1,0,1,0,17,3,9,41.72243948,-87.58618584,POINT (-87.586185836462 41.722439475881)
JC418867,,9/3/2019 17:40,30,NO CONTROLS,NO CONTROLS,CLEAR,DAYLIGHT,PARKED MOTOR VEHICLE,PARKING LOT,,STRAIGHT AND LEVEL,DRY,NO DEFECTS,NOT ON SCENE (DESK REPORT),NO INJURY / DRIVE AWAY,,,Y,"OVER $1,500",9/3/2019 18:00,UNABLE TO DETERMINE,NOT APPLICABLE,5401,S,WENTWORTH AVE,225,,,,,,,2,NO INDICATION OF INJURY,0,0,0,0,0,1,0,17,3,9,41.79623488,-87.63040492,POINT (-87.630404924387 41.796234875219)
JC418836,,9/3/2019 17:40,30,NO CONTROLS,NO CONTROLS,CLEAR,DAYLIGHT,REAR END,NOT DIVIDED,,STRAIGHT AND LEVEL,DRY,NO DEFECTS,NOT ON SCENE (DESK REPORT),NO INJURY / DRIVE AWAY,,,,"$501 - $1,500",9/3/2019 17:53,NOT APPLICABLE,NOT APPLICABLE,6600,S,SPRINGFIELD AVE,833,,,,,,,2,NO INDICATION OF INJURY,0,0,0,0,0,3,0,17,3,9,41.77318228,-87.72031441,POINT (-87.720314405966 41.773182284138)
JC418826,,9/3/2019 17:40,30,NO CONTROLS,NO CONTROLS,CLEAR,DAYLIGHT,SIDESWIPE SAME DIRECTION,NOT DIVIDED,,STRAIGHT AND LEVEL,DRY,NO DEFECTS,ON SCENE,NO INJURY / DRIVE AWAY,,,,$500 OR LESS,9/3/2019 17:45,IMPROPER LANE USAGE,NOT APPLICABLE,172,N,BESSIE COLEMAN DR,1654,,,,,,,3,NO INDICATION OF INJURY,0,0,0,0,0,3,0,17,3,9,,,
JC418830,,9/3/2019 17:35,30,STOP SIGN/FLASHER,FUNCTIONING PROPERLY,CLEAR,DAYLIGHT,PEDALCYCLIST,OTHER,,STRAIGHT AND LEVEL,DRY,NO DEFECTS,ON SCENE,INJURY AND / OR TOW DUE TO CRASH,,,,$500 OR LESS,9/3/2019 17:35,UNABLE TO DETERMINE,NOT APPLICABLE,3958,W,THOMAS ST,1112,,,,,,,2,NONINCAPACITATING INJURY,1,0,0,1,0,2,0,17,3,9,41.90095743,-87.72619173,POINT (-87.726191732547 41.90095742892)
JC418860,,9/3/2019 17:32,30,TRAFFIC SIGNAL,FUNCTIONING PROPERLY,CLEAR,DAYLIGHT,ANGLE,DIVIDED - W/MEDIAN (NOT RAISED),,STRAIGHT AND LEVEL,DRY,NO DEFECTS,ON SCENE,NO INJURY / DRIVE AWAY,Y,,,"OVER $1,500",9/3/2019 17:39,DRIVING SKILLS/KNOWLEDGE/EXPERIENCE,DRIVING SKILLS/KNOWLEDGE/EXPERIENCE,3100,S,CENTRAL PARK AVE,1032,,,,,,,2,NO INDICATION OF INJURY,0,0,0,0,0,3,0,17,3,9,41.83696536,-87.71473914,POINT (-87.714739142055 41.836965364198)
JC419031,,9/3/2019 17:30,15,NO CONTROLS,NO CONTROLS,CLEAR,DAYLIGHT,FIXED OBJECT,OTHER,,STRAIGHT AND LEVEL,DRY,SHOULDER DEFECT,ON SCENE,NO INJURY / DRIVE AWAY,,Y,,$500 OR LESS,9/3/2019 19:20,IMPROPER LANE USAGE,NOT APPLICABLE,6236,S,NAGLE AVE,812,,,,,,,1,NO INDICATION OF INJURY,0,0,0,0,0,1,0,17,3,9,41.77837078,-87.78265982,POINT (-87.782659822377 41.778370778197)
JC418937,,9/3/2019 17:30,30,TRAFFIC SIGNAL,FUNCTIONING PROPERLY,CLEAR,DAYLIGHT,TURNING,ONE-WAY,,STRAIGHT AND LEVEL,DRY,NO DEFECTS,NOT ON SCENE (DESK REPORT),NO INJURY / DRIVE AWAY,Y,,,"$501 - $1,500",9/3/2019 19:00,UNABLE TO DETERMINE,UNABLE TO DETERMINE,39,W,WASHINGTON ST,112,,,,,,,2,NO INDICATION OF INJURY,0,0,0,0,0,4,0,17,3,9,41.88310574,-87.62935556,POINT (-87.629355564469 41.883105736973)