RD_NO,CRASH_DATE_EST_I,CRASH_DATE,POSTED_SPEED_LIMIT,TRAFFIC_CONTROL_DEVICE,DEVICE_CONDITION,WEATHER_CONDITION,LIGHTING_CONDITION,FIRST_CRASH_TYPE,TRAFFICWAY_TYPE,LANE_CNT,ALIGNMENT,ROADWAY_SURFACE_COND,ROAD_DEFECT,REPORT_TYPE,CRASH_TYPE,INTERSECTION_RELATED_I,NOT_RIGHT_OF_WAY_I,HIT_AND_RUN_I,DAMAGE,DATE_POLICE_NOTIFIED,PRIM_CONTRIBUTORY_CAUSE,SEC_CONTRIBUTORY_CAUSE,STREET_NO,STREET_DIRECTION,STREET_NAME,BEAT_OF_OCCURRENCE,PHOTOS_TAKEN_I,STATEMENTS_TAKEN_I,DOORING_I,WORK_ZONE_I,WORK_ZONE_TYPE,WORKERS_PRESENT_I,NUM_UNITS,MOST_SEVERE_INJURY,INJURIES_TOTAL,INJURIES_FATAL,INJURIES_INCAPACITATING,INJURIES_NON_INCAPACITATING,INJURIES_REPORTED_NOT_EVIDENT,INJURIES_NO_INDICATION,INJURIES_UNKNOWN,CRASH_HOUR,CRASH_DAY_OF_WEEK,CRASH_MONTH,LATITUDE,LONGITUDE,LOCATION
JC418872,,9/3/2019 17:30,30,UNKNOWN,UNKNOWN,UNKNOWN,UNKNOWN,SIDESWIPE SAME DIRECTION,PARKING LOT,,STRAIGHT AND LEVEL,UNKNOWN,UNKNOWN,NOT ON SCENE (DESK REPORT),NO INJURY / DRIVE AWAY,,,,"OVER $1,500",9/3/2019 18:15,UNABLE TO DETERMINE,NOT APPLICABLE,5320,N,CUMBERLAND AVE,1614,,,,,,,2,NO INDICATION OF INJURY,0,0,0,0,0,2,0,17,3,9,41.97626545,-87.83676599,POINT (-87.836765991052 41.976265451313)
JC418861,,9/3/2019 17:30,30,NO CONTROLS,NO CONTROLS,CLEAR,DAYLIGHT,PARKED MOTOR VEHICLE,UNKNOWN,,STRAIGHT AND LEVEL,DRY,NO DEFECTS,NOT ON SCENE (DESK REPORT),NO INJURY / DRIVE AWAY,,,Y,"$501 - $1,500",9/3/2019 18:15,UNABLE TO DETERMINE,UNABLE TO DETERMINE,2145,E,87TH ST,412,,,,,,,,,,,,,,,,17,3,9,41.73700721,-87.57151885,POINT (-87.571518846801 41.73700720461)
JC418815,,9/3/2019 17:25,30,STOP SIGN/FLASHER,UNKNOWN,CLEAR,DAYLIGHT,PEDALCYCLIST,ONE-WAY,,STRAIGHT AND LEVEL,DRY,UNKNOWN,ON SCENE,INJURY AND / OR TOW DUE TO CRASH,,,,"OVER $1,500",9/3/2019 17:30,DISREGARDING STOP SIGN,DISREGARDING STOP SIGN,4000,N,PARKSIDE AVE,1624,,,Y,,,,2,INCAPACITATING INJURY,1,0,1,0,0,1,0,17,3,9,41.95325625,-87.76837692,POINT (-87.768376914881 41.953256244883)
JC418794,,9/3/2019 17:24,30,NO CONTROLS,NO CONTROLS,CLEAR,DAYLIGHT,TURNING,NOT DIVIDED,,STRAIGHT AND LEVEL,DRY,NO DEFECTS,ON SCENE,INJURY AND / OR TOW DUE TO CRASH,Y,,,"OVER $1,500",9/3/2019 17:25,FAILING TO YIELD RIGHT-OF-WAY,UNABLE TO DETERMINE,116,S,WESTERN AVE,1125,,,,,,,2,NONINCAPACITATING INJURY,1,0,0,1,0,1,0,17,3,9,41.87966563,-87.68653993,POINT (-87.686539929421 41.879665633803)
JC418811,,9/3/2019 17:20,10,NO CONTROLS,NO CONTROLS,CLEAR,DAYLIGHT,PARKED MOTOR VEHICLE,OTHER,,STRAIGHT AND LEVEL,DRY,NO DEFECTS,ON SCENE,NO INJURY / DRIVE AWAY,,,Y,"$501 - $1,500",9/3/2019 17:23,IMPROPER BACKING,IMPROPER BACKING,7109,S,JEFFERY BLVD,333,,,,,,,2,NO INDICATION OF INJURY,0,0,0,0,0,1,0,17,3,9,41.76581642,-87.57614548,POINT (-87.576145475166 41.765816415803)
JC418792,,9/3/2019 17:20,30,NO CONTROLS,NO CONTROLS,CLEAR,DAYLIGHT,TURNING,NOT DIVIDED,,STRAIGHT AND LEVEL,DRY,NO DEFECTS,NOT ON SCENE (DESK REPORT),NO INJURY / DRIVE AWAY,,,,"$501 - $1,500",9/3/2019 17:32,NOT APPLICABLE,NOT APPLICABLE,7100,S,PULASKI RD,833,,,,,,,2,NO INDICATION OF INJURY,0,0,0,0,0,2,0,17,3,9,41.76400775,-87.72249911,POINT (-87.722499107707 41.764007749308)
JC422343,,9/3/2019 17:15,25,TRAFFIC SIGNAL,FUNCTIONING PROPERLY,CLEAR,DAYLIGHT,SIDESWIPE SAME DIRECTION,DIVIDED - W/MEDIAN (NOT RAISED),,STRAIGHT AND LEVEL,DRY,NO DEFECTS,NOT ON SCENE (DESK REPORT),NO INJURY / DRIVE AWAY,,,,"$501 - $1,500",9/6/2019 12:00,UNABLE TO DETERMINE,NOT APPLICABLE,400,N,CENTRAL AVE,1512,,,,,,,2,NO INDICATION OF INJURY,0,0,0,0,0,2,0,17,3,9,41.88780462,-87.7652685,POINT (-87.765268498104 41.887804620535)
JC420947,,9/3/2019 17:15,20,NO CONTROLS,NO CONTROLS,CLEAR,DAYLIGHT,PARKED MOTOR VEHICLE,NOT DIVIDED,,STRAIGHT AND LEVEL,DRY,NO DEFECTS,NOT ON SCENE (DESK REPORT),NO INJURY / DRIVE AWAY,,,,"OVER $1,500",9/5/2019 11:00,UNABLE TO DETERMINE,UNABLE TO DETERMINE,8804,S,GREENWOOD AVE,412,,,,,,,2,NO INDICATION OF INJURY,0,0,0,0,0,1,0,17,3,9,41.73460783,-87.59765073,POINT (-87.597650731223 41.734607828252)
JC419042,,9/3/2019 17:15,30,NO CONTROLS,NO CONTROLS,CLEAR,DAYLIGHT,REAR END,NOT DIVIDED,,STRAIGHT AND LEVEL,DRY,NO DEFECTS,NOT ON SCENE (DESK REPORT),INJURY AND / OR TOW DUE TO CRASH,,,,"OVER $1,500",9/3/2019 19:10,FOLLOWING TOO CLOSELY,NOT APPLICABLE,5700,W,FULLERTON AVE,2515,,,,,,,2,NONINCAPACITATING INJURY,1,0,0,1,0,1,0,17,3,9,41.92405115,-87.76848554,POINT (-87.768485539921 41.924051148079)
JC418876,,9/3/2019 17:15,30,NO CONTROLS,NO CONTROLS,CLEAR,DAYLIGHT,REAR END,NOT DIVIDED,,STRAIGHT AND LEVEL,DRY,NO DEFECTS,NOT ON SCENE (DESK REPORT),NO INJURY / DRIVE AWAY,,,,$500 OR LESS,9/3/2019 18:15,FOLLOWING TOO CLOSELY,NOT APPLICABLE,4851,N,NAGLE AVE,1622,,,,,,,2,NO INDICATION OF INJURY,0,0,0,0,0,2,0,17,3,9,41.96993265,-87.78784075,POINT (-87.787840748264 41.969932652792)
JC418871,,9/3/2019 17:15,30,NO CONTROLS,NO CONTROLS,CLEAR,DAYLIGHT,SIDESWIPE SAME DIRECTION,ONE-WAY,,STRAIGHT AND LEVEL,DRY,NO DEFECTS,NOT ON SCENE (DESK REPORT),NO INJURY / DRIVE AWAY,,,,"$501 - $1,500",9/3/2019 18:15,UNABLE TO DETERMINE,UNABLE TO DETERMINE,230,N,DEARBORN ST,111,,,,,,,2,NO INDICATION OF INJURY,0,0,0,0,0,2,0,17,3,9,41.88652043,-87.62967034,POINT (-87.629670335284 41.886520430076)
JC418776,,9/3/2019 17:15,30,NO CONTROLS,NO CONTROLS,CLEAR,DAWN,SIDESWIPE SAME DIRECTION,NOT DIVIDED,,STRAIGHT AND LEVEL,DRY,NO DEFECTS,NOT ON SCENE (DESK REPORT),NO INJURY / DRIVE AWAY,,,,"OVER $1,500",9/3/2019 17:30,FAILING TO YIELD RIGHT-OF-WAY,NOT APPLICABLE,4937,N,MILWAUKEE AVE,1623,,,,,,,2,NO INDICATION OF INJURY,0,0,0,0,0,3,0,17,3,9,41.97058157,-87.76298592,POINT (-87.762985924408 41.970581570425)
JC419598,,9/3/2019 17:10,30,TRAFFIC SIGNAL,FUNCTIONING PROPERLY,CLEAR,DAYLIGHT,REAR END,FOUR WAY,,STRAIGHT AND LEVEL,DRY,NO DEFECTS,NOT ON SCENE (DESK REPORT),NO INJURY / DRIVE AWAY,,,Y,"$501 - $1,500",9/4/2019 10:30,NOT APPLICABLE,NOT APPLICABLE,35,W,87TH ST,634,,,,,,,2,NO INDICATION OF INJURY,0,0,0,0,0,2,0,17,3,9,41.7361542,-87.62570354,POINT (-87.625703537429 41.736154195703)
JC418793,,9/3/2019 17:10,30,STOP SIGN/FLASHER,FUNCTIONING PROPERLY,CLEAR,DAYLIGHT,TURNING,NOT DIVIDED,,STRAIGHT AND LEVEL,DRY,NO DEFECTS,,INJURY AND / OR TOW DUE TO CRASH,Y,,,"OVER $1,500",9/3/2019 17:12,UNABLE TO DETERMINE,NOT APPLICABLE,999,W,111TH ST,2234,,,,,,,2,NONINCAPACITATING INJURY,2,0,0,2,0,0,0,17,3,9,41.69218947,-87.64717962,POINT (-87.647179621071 41.692189474411)
JC419787,Y,9/3/2019 17:05,30,NO CONTROLS,NO CONTROLS,CLEAR,DAYLIGHT,SIDESWIPE SAME DIRECTION,DIVIDED - W/MEDIAN (NOT RAISED),,STRAIGHT AND LEVEL,DRY,NO DEFECTS,NOT ON SCENE (DESK REPORT),NO INJURY / DRIVE AWAY,,,,"$501 - $1,500",9/4/2019 12:35,UNABLE TO DETERMINE,NOT APPLICABLE,5402,S,HALSTED ST,934,,,,,,,2,NO INDICATION OF INJURY,0,0,0,0,0,2,0,17,3,9,41.79593372,-87.64534582,POINT (-87.645345823434 41.795933722153)
JC419015,,9/3/2019 17:03,30,NO CONTROLS,NO CONTROLS,CLEAR,DAYLIGHT,PARKED MOTOR VEHICLE,NOT DIVIDED,,STRAIGHT AND LEVEL,DRY,NO DEFECTS,NOT ON SCENE (DESK REPORT),NO INJURY / DRIVE AWAY,,,,"$501 - $1,500",9/3/2019 19:42,NOT APPLICABLE,NOT APPLICABLE,8517,S,KEATING AVE,834,,,,,,,2,NO INDICATION OF INJURY,0,0,0,0,0,1,0,17,3,9,41.73766729,-87.73959605,POINT (-87.739596051096 41.737667286187)
JC418758,,9/3/2019 17:01,30,NO CONTROLS,NO CONTROLS,CLEAR,DAYLIGHT,TURNING,T-INTERSECTION,,STRAIGHT AND LEVEL,DRY,NO DEFECTS,ON SCENE,INJURY AND / OR TOW DUE TO CRASH,Y,,,"OVER $1,500",9/3/2019 17:01,IMPROPER TURNING/NO SIGNAL,NOT APPLICABLE,5400,S,HALSTED ST,934,,,,,,,2,"REPORTED, NOT EVIDENT",1,0,0,0,1,2,0,17,3,9,41.79599727,-87.64534767,POINT (-87.645347673872 41.795997271195)
JC429819,,9/3/2019 17:00,30,NO CONTROLS,NO CONTROLS,CLEAR,DAYLIGHT,OTHER OBJECT,NOT DIVIDED,,STRAIGHT AND LEVEL,DRY,"RUT, HOLES",NOT ON SCENE (DESK REPORT),NO INJURY / DRIVE AWAY,,,,$500 OR LESS,9/12/2019 7:50,UNABLE TO DETERMINE,UNABLE TO DETERMINE,3916,W,55TH ST,822,,,,,,,1,NO INDICATION OF INJURY,0,0,0,0,0,1,0,17,3,9,41.79334075,-87.72149273,POINT (-87.721492729498 41.793340745652)
JC426969,,9/3/2019 17:00,30,STOP SIGN/FLASHER,FUNCTIONING PROPERLY,CLEAR,DAYLIGHT,HEAD ON,NOT DIVIDED,,STRAIGHT AND LEVEL,DRY,NO DEFECTS,NOT ON SCENE (DESK REPORT),NO INJURY / DRIVE AWAY,,,,"$501 - $1,500",9/10/2019 0:10,UNABLE TO DETERMINE,UNABLE TO DETERMINE,10300,S,LOWE AVE,2232,,,,,,,2,NO INDICATION OF INJURY,0,0,0,0,0,2,0,17,3,9,41.70687991,-87.63933525,POINT (-87.639335248127 41.7068799144)
JC418953,,9/3/2019 17:00,30,NO CONTROLS,UNKNOWN,CLEAR,DAYLIGHT,ANGLE,NOT DIVIDED,,STRAIGHT AND LEVEL,DRY,UNKNOWN,NOT ON SCENE (DESK REPORT),NO INJURY / DRIVE AWAY,Y,,,"$501 - $1,500",9/3/2019 18:50,UNABLE TO DETERMINE,UNABLE TO DETERMINE,3753,N,ELSTON AVE,1732,,,,,,,2,NO INDICATION OF INJURY,0,0,0,0,0,2,0,17,3,9,41.94974421,-87.71317444,POINT (-87.713174434522 41.949744207137)
JC418914,,9/3/2019 17:00,30,NO CONTROLS,NO CONTROLS,CLEAR,DAYLIGHT,PEDALCYCLIST,ONE-WAY,,STRAIGHT AND LEVEL,DRY,NO DEFECTS,NOT ON SCENE (DESK REPORT),NO INJURY / DRIVE AWAY,,,Y,"$501 - $1,500",9/3/2019 20:03,FAILING TO YIELD RIGHT-OF-WAY,FAILING TO REDUCE SPEED TO AVOID CRASH,2333,N,KEATING AVE,2522,,,,,,,2,NO INDICATION OF INJURY,0,0,0,0,0,2,0,17,3,9,41.92342871,-87.74491438,POINT (-87.744914382293 41.923428713894)
JC418895,,9/3/2019 17:00,25,NO CONTROLS,NO CONTROLS,CLEAR,DAYLIGHT,PARKED MOTOR VEHICLE,NOT DIVIDED,,STRAIGHT AND LEVEL,DRY,NO DEFECTS,NOT ON SCENE (DESK REPORT),NO INJURY / DRIVE AWAY,,,,$500 OR LESS,9/3/2019 18:30,UNABLE TO DETERMINE,NOT APPLICABLE,1216,W,97TH ST,2213,,,,,,,2,NO INDICATION OF INJURY,0,0,0,0,0,1,0,17,3,9,41.71823072,-87.65358992,POINT (-87.653589923864 41.718230718202)
JC418757,,9/3/2019 17:00,30,TRAFFIC SIGNAL,FUNCTIONING PROPERLY,CLEAR,DAYLIGHT,REAR END,DIVIDED - W/MEDIAN BARRIER,,STRAIGHT AND LEVEL,DRY,UNKNOWN,NOT ON SCENE (DESK REPORT),NO INJURY / DRIVE AWAY,Y,,,$500 OR LESS,9/3/2019 17:15,UNABLE TO DETERMINE,NOT APPLICABLE,5999,N,RIDGE AVE,2012,,,,,,,2,NO INDICATION OF INJURY,0,0,0,0,0,2,0,17,3,9,41.99085017,-87.67202118,POINT (-87.672021178093 41.990850173449)
JC418777,,9/3/2019 16:50,30,NO CONTROLS,NO CONTROLS,CLEAR,DAYLIGHT,REAR END,DIVIDED - W/MEDIAN (NOT RAISED),,STRAIGHT AND LEVEL,DRY,NO DEFECTS,ON SCENE,INJURY AND / OR TOW DUE TO CRASH,,,,"OVER $1,500",9/3/2019 17:04,FOLLOWING TOO CLOSELY,FOLLOWING TOO CLOSELY,6617,W,63RD ST,812,,,,,,,3,"REPORTED, NOT EVIDENT",1,0,0,0,1,2,0,16,3,9,41.77748442,-87.78683751,POINT (-87.786837506066 41.777484421869)
JC418889,,9/3/2019 16:45,30,STOP SIGN/FLASHER,FUNCTIONING PROPERLY,CLEAR,DAYLIGHT,ANGLE,DIVIDED - W/MEDIAN (NOT RAISED),,STRAIGHT AND LEVEL,DRY,NO DEFECTS,NOT ON SCENE (DESK REPORT),INJURY AND / OR TOW DUE TO CRASH,Y,,,"OVER $1,500",9/3/2019 18:00,UNABLE TO DETERMINE,UNABLE TO DETERMINE,3400,W,GRACE ST,1732,,,,,,,2,NO INDICATION OF INJURY,0,0,0,0,0,3,0,16,3,9,41.95032501,-87.71287156,POINT (-87.712871561643 41.950325009961)
JC418849,,9/3/2019 16:30,15,NO CONTROLS,NO CONTROLS,CLEAR,DAYLIGHT,REAR END,PARKING LOT,,STRAIGHT AND LEVEL,DRY,NO DEFECTS,NOT ON SCENE (DESK REPORT),NO INJURY / DRIVE AWAY,,,,$500 OR LESS,9/3/2019 18:03,UNABLE TO DETERMINE,NOT APPLICABLE,8645,S,STONY ISLAND AVE,412,,,,,,,2,NO INDICATION OF INJURY,0,0,0,0,0,2,0,16,3,9,41.73740694,-87.58506914,POINT (-87.585069140279 41.737406941068)
JC418790,,9/3/2019 16:30,30,STOP SIGN/FLASHER,UNKNOWN,CLEAR,DAYLIGHT,TURNING,NOT DIVIDED,,STRAIGHT AND LEVEL,UNKNOWN,UNKNOWN,NOT ON SCENE (DESK REPORT),NO INJURY / DRIVE AWAY,Y,,,"$501 - $1,500",9/3/2019 17:20,FAILING TO YIELD RIGHT-OF-WAY,NOT APPLICABLE,2100,S,KOSTNER AVE,1012,,,,,,,2,NO INDICATION OF INJURY,0,0,0,0,0,8,0,16,3,9,41.85331206,-87.73470773,POINT (-87.734707729137 41.853312055957)
JC418780,,9/3/2019 16:30,30,NO CONTROLS,NO CONTROLS,RAIN,DAYLIGHT,PARKED MOTOR VEHICLE,NOT DIVIDED,,STRAIGHT AND LEVEL,WET,NO DEFECTS,NOT ON SCENE (DESK REPORT),NO INJURY / DRIVE AWAY,,,,$500 OR LESS,9/3/2019 16:40,DRIVING SKILLS/KNOWLEDGE/EXPERIENCE,UNABLE TO DETERMINE,4703,W,BERTEAU AVE,1722,,,,,,,2,NO INDICATION OF INJURY,0,0,0,0,0,2,0,16,3,9,41.95638815,-87.74584972,POINT (-87.745849715335 41.95638814689)
JC420495,,9/3/2019 16:29,30,NO CONTROLS,NO CONTROLS,CLEAR,DAYLIGHT,PEDESTRIAN,DIVIDED - W/MEDIAN BARRIER,,STRAIGHT AND LEVEL,DRY,NO DEFECTS,ON SCENE,INJURY AND / OR TOW DUE TO CRASH,,,Y,"$501 - $1,500",9/3/2019 16:44,DISTRACTION - FROM OUTSIDE VEHICLE,NOT APPLICABLE,459,W,ROOSEVELT RD,124,,,,,,,2,"REPORTED, NOT EVIDENT",1,0,0,0,1,1,0,16,3,9,41.86714398,-87.63913327,POINT (-87.639133265083 41.867143978896)
JC418990,,9/3/2019 16:28,15,NO CONTROLS,NO CONTROLS,CLEAR,DAYLIGHT,PARKED MOTOR VEHICLE,PARKING LOT,,STRAIGHT AND LEVEL,DRY,NO DEFECTS,NOT ON SCENE (DESK REPORT),NO INJURY / DRIVE AWAY,,Y,,"$501 - $1,500",9/3/2019 19:30,IMPROPER BACKING,IMPROPER BACKING,2333,W,MADISON ST,1223,,,,,,,2,NO INDICATION OF INJURY,0,0,0,0,0,2,0,16,3,9,41.88106937,-87.68530755,POINT (-87.68530755272 41.881069374222)
JC418710,,9/3/2019 16:28,30,NO CONTROLS,NO CONTROLS,CLEAR,DAYLIGHT,REAR END,DIVIDED - W/MEDIAN (NOT RAISED),,STRAIGHT AND LEVEL,DRY,NO DEFECTS,ON SCENE,NO INJURY / DRIVE AWAY,,,,"OVER $1,500",9/3/2019 16:45,FAILING TO REDUCE SPEED TO AVOID CRASH,NOT APPLICABLE,2648,W,63RD ST,825,,,,,,,2,NO INDICATION OF INJURY,0,0,0,0,0,6,0,16,3,9,41.77926936,-87.69047772,POINT (-87.690477716457 41.779269362379)
JC426342,,9/3/2019 16:20,30,NO CONTROLS,NO CONTROLS,UNKNOWN,DAYLIGHT,PARKED MOTOR VEHICLE,ONE-WAY,,STRAIGHT AND LEVEL,UNKNOWN,UNKNOWN,NOT ON SCENE (DESK REPORT),NO INJURY / DRIVE AWAY,,,Y,"$501 - $1,500",9/9/2019 16:50,UNABLE TO DETERMINE,UNABLE TO DETERMINE,4113,W,WELLINGTON AVE,2523,,,,,,,2,NO INDICATION OF INJURY,0,0,0,0,0,1,0,16,3,9,41.93529354,-87.73012941,POINT (-87.73012941051 41.935293541747)
JC418675,,9/3/2019 16:20,25,NO CONTROLS,NO CONTROLS,CLEAR,DAYLIGHT,FIXED OBJECT,NOT DIVIDED,,STRAIGHT AND LEVEL,DRY,NO DEFECTS,ON SCENE,NO INJURY / DRIVE AWAY,,,,"$501 - $1,500",9/3/2019 16:20,DRIVING SKILLS/KNOWLEDGE/EXPERIENCE,UNABLE TO DETERMINE,1759,W,MELROSE ST,1922,,,,,,,1,NO INDICATION OF INJURY,0,0,0,0,0,9,0,16,3,9,41.9404357,-87.67335311,POINT (-87.673353104646 41.940435703477)
JC418799,,9/3/2019 16:15,30,NO CONTROLS,NO CONTROLS,CLEAR,DAYLIGHT,PARKED MOTOR VEHICLE,NOT DIVIDED,,STRAIGHT AND LEVEL,DRY,NO DEFECTS,NOT ON SCENE (DESK REPORT),NO INJURY / DRIVE AWAY,,,,"OVER $1,500",9/3/2019 17:40,UNABLE TO DETERMINE,UNABLE TO DETERMINE,6518,S,LOOMIS BLVD,725,,,,,,,2,NO INDICATION OF INJURY,0,0,0,0,0,2,0,16,3,9,41.77529939,-87.65939499,POINT (-87.659394987867 41.775299385113)
JC418775,,9/3/2019 16:15,30,NO CONTROLS,UNKNOWN,CLEAR,DAYLIGHT,REAR END,DIVIDED - W/MEDIAN (NOT RAISED),,STRAIGHT AND LEVEL,DRY,NO DEFECTS,ON SCENE,NO INJURY / DRIVE AWAY,Y,,,$500 OR LESS,9/3/2019 16:17,FOLLOWING TOO CLOSELY,UNABLE TO DETERMINE,1658,N,CENTRAL AVE,2531,,,,,,,3,NO INDICATION OF INJURY,0,0,0,0,0,4,0,16,3,9,41.91110837,-87.76571512,POINT (-87.765715119022 41.91110836638)
JC418753,,9/3/2019 16:15,30,OTHER,OTHER,CLEAR,DAYLIGHT,REAR END,NOT DIVIDED,,STRAIGHT AND LEVEL,DRY,NO DEFECTS,,NO INJURY / DRIVE AWAY,,,Y,"$501 - $1,500",9/3/2019 16:30,FOLLOWING TOO CLOSELY,FOLLOWING TOO CLOSELY,3842,N,NARRAGANSETT AVE,1632,,,,,,,3,NO INDICATION OF INJURY,0,0,0,0,0,3,0,16,3,9,41.95058724,-87.78660441,POINT (-87.786604413925 41.950587243281)
JC418673,,9/3/2019 16:15,35,TRAFFIC SIGNAL,FUNCTIONING PROPERLY,CLEAR,DAYLIGHT,REAR END,DIVIDED - W/MEDIAN (NOT RAISED),,STRAIGHT AND LEVEL,DRY,NO DEFECTS,NOT ON SCENE (DESK REPORT),NO INJURY / DRIVE AWAY,,,,"$501 - $1,500",9/3/2019 16:45,UNABLE TO DETERMINE,UNABLE TO DETERMINE,1800,S,WESTERN AVE,1023,,,,,,,3,NO INDICATION OF INJURY,0,0,0,0,0,4,0,16,3,9,41.85747437,-87.68596861,POINT (-87.685968604685 41.857474370968)
JC418655,,9/3/2019 16:13,30,TRAFFIC SIGNAL,FUNCTIONING PROPERLY,CLEAR,DAYLIGHT,REAR END,NOT DIVIDED,,STRAIGHT AND LEVEL,DRY,NO DEFECTS,NOT ON SCENE (DESK REPORT),INJURY AND / OR TOW DUE TO CRASH,,,,"OVER $1,500",9/3/2019 16:25,FOLLOWING TOO CLOSELY,NOT APPLICABLE,1833,S,HALSTED ST,1235,,,,,,,2,"REPORTED, NOT EVIDENT",1,0,0,0,1,2,0,16,3,9,41.85707785,-87.64647594,POINT (-87.646475943363 41.857077850066)
JC418687,,9/3/2019 16:05,30,TRAFFIC SIGNAL,FUNCTIONING PROPERLY,CLEAR,DAYLIGHT,SIDESWIPE SAME DIRECTION,DIVIDED - W/MEDIAN BARRIER,,STRAIGHT AND LEVEL,DRY,NO DEFECTS,ON SCENE,NO INJURY / DRIVE AWAY,,,,"$501 - $1,500",9/3/2019 16:26,UNABLE TO DETERMINE,UNABLE TO DETERMINE,10,W,CONGRESS PKWY,113,,,,,,,2,NO INDICATION OF INJURY,0,0,0,0,0,2,0,16,3,9,41.87574529,-87.62797425,POINT (-87.627974247109 41.875745292199)
JC418851,,9/3/2019 16:00,30,NO CONTROLS,NO CONTROLS,CLEAR,DAYLIGHT,REAR TO FRONT,NOT DIVIDED,,STRAIGHT AND LEVEL,DRY,NO DEFECTS,NOT ON SCENE (DESK REPORT),NO INJURY / DRIVE AWAY,,,,"OVER $1,500",9/3/2019 18:00,UNABLE TO DETERMINE,UNABLE TO DETERMINE,5700,S,PULASKI RD,813,,,,,,,2,NO INDICATION OF INJURY,0,0,0,0,0,2,0,16,3,9,41.78953063,-87.72320717,POINT (-87.723207174023 41.789530633118)
JC418731,,9/3/2019 16:00,30,STOP SIGN/FLASHER,FUNCTIONING PROPERLY,CLEAR,DAYLIGHT,ANGLE,NOT DIVIDED,,STRAIGHT AND LEVEL,DRY,NO DEFECTS,ON SCENE,INJURY AND / OR TOW DUE TO CRASH,Y,,,"OVER $1,500",9/3/2019 16:00,FAILING TO YIELD RIGHT-OF-WAY,UNABLE TO DETERMINE,4600,W,LAKE ST,1113,,,,,,,2,NO INDICATION OF INJURY,0,0,0,0,0,3,0,16,3,9,41.88640484,-87.74028542,POINT (-87.740285417973 41.886404835909)
JC418720,,9/3/2019 16:00,30,OTHER,NO CONTROLS,CLEAR,DAYLIGHT,REAR END,NOT DIVIDED,,STRAIGHT AND LEVEL,DRY,UNKNOWN,NOT ON SCENE (DESK REPORT),INJURY AND / OR TOW DUE TO CRASH,,,,"OVER $1,500",9/3/2019 16:45,FOLLOWING TOO CLOSELY,UNABLE TO DETERMINE,5101,N,CALIFORNIA AVE,2031,,,,,,,2,NO INDICATION OF INJURY,0,0,0,0,0,2,0,16,3,9,41.97404249,-87.69872255,POINT (-87.698722552123 41.974042491773)
JC418716,,9/3/2019 16:00,30,NO CONTROLS,NO CONTROLS,CLEAR,DAYLIGHT,REAR END,NOT DIVIDED,,STRAIGHT AND LEVEL,DRY,NO DEFECTS,NOT ON SCENE (DESK REPORT),NO INJURY / DRIVE AWAY,,,,"$501 - $1,500",9/3/2019 16:50,UNABLE TO DETERMINE,NOT APPLICABLE,2201,S,WESTERN AVE,1034,,,,,,,2,NO INDICATION OF INJURY,0,0,0,0,0,2,0,16,3,9,41.85198865,-87.68549215,POINT (-87.6854921445 41.851988653906)
JC418685,,9/3/2019 16:00,30,TRAFFIC SIGNAL,FUNCTIONING PROPERLY,CLEAR,DAYLIGHT,TURNING,DIVIDED - W/MEDIAN (NOT RAISED),,STRAIGHT AND LEVEL,DRY,UNKNOWN,ON SCENE,INJURY AND / OR TOW DUE TO CRASH,,,,"$501 - $1,500",9/3/2019 16:31,IMPROPER OVERTAKING/PASSING,IMPROPER TURNING/NO SIGNAL,4800,N,KIMBALL AVE,1712,,,,,,,2,NO INDICATION OF INJURY,0,0,0,0,0,2,0,16,3,9,41.96848888,-87.71351349,POINT (-87.713513494027 41.968488877833)
JC418681,,9/3/2019 16:00,30,TRAFFIC SIGNAL,FUNCTIONING PROPERLY,CLEAR,DAYLIGHT,PEDESTRIAN,DIVIDED - W/MEDIAN BARRIER,,STRAIGHT AND LEVEL,DRY,NO DEFECTS,ON SCENE,INJURY AND / OR TOW DUE TO CRASH,Y,,,$500 OR LESS,9/3/2019 16:01,FAILING TO YIELD RIGHT-OF-WAY,UNABLE TO DETERMINE,251,S,WACKER DR,122,,,,,,,2,NONINCAPACITATING INJURY,1,0,0,1,0,1,0,16,3,9,41.8781457,-87.63652177,POINT (-87.636521769727 41.878145701205)
JC418638,,9/3/2019 16:00,30,NO CONTROLS,NO CONTROLS,UNKNOWN,DAYLIGHT,PARKED MOTOR VEHICLE,OTHER,,STRAIGHT AND LEVEL,UNKNOWN,UNKNOWN,NOT ON SCENE (DESK REPORT),NO INJURY / DRIVE AWAY,,,Y,"$501 - $1,500",9/3/2019 16:38,UNABLE TO DETERMINE,NOT APPLICABLE,8701,S,BLACKSTONE AVE,412,,,,,,,2,NO INDICATION OF INJURY,0,0,0,0,0,1,0,16,3,9,41.73678897,-87.58797892,POINT (-87.58797891644 41.736788969742)