RD_NO,CRASH_DATE_EST_I,CRASH_DATE,POSTED_SPEED_LIMIT,TRAFFIC_CONTROL_DEVICE,DEVICE_CONDITION,WEATHER_CONDITION,LIGHTING_CONDITION,FIRST_CRASH_TYPE,TRAFFICWAY_TYPE,LANE_CNT,ALIGNMENT,ROADWAY_SURFACE_COND,ROAD_DEFECT,REPORT_TYPE,CRASH_TYPE,INTERSECTION_RELATED_I,NOT_RIGHT_OF_WAY_I,HIT_AND_RUN_I,DAMAGE,DATE_POLICE_NOTIFIED,PRIM_CONTRIBUTORY_CAUSE,SEC_CONTRIBUTORY_CAUSE,STREET_NO,STREET_DIRECTION,STREET_NAME,BEAT_OF_OCCURRENCE,PHOTOS_TAKEN_I,STATEMENTS_TAKEN_I,DOORING_I,WORK_ZONE_I,WORK_ZONE_TYPE,WORKERS_PRESENT_I,NUM_UNITS,MOST_SEVERE_INJURY,INJURIES_TOTAL,INJURIES_FATAL,INJURIES_INCAPACITATING,INJURIES_NON_INCAPACITATING,INJURIES_REPORTED_NOT_EVIDENT,INJURIES_NO_INDICATION,INJURIES_UNKNOWN,CRASH_HOUR,CRASH_DAY_OF_WEEK,CRASH_MONTH,LATITUDE,LONGITUDE,LOCATION
JC418661,,9/3/2019 15:57,30,NO CONTROLS,NO CONTROLS,UNKNOWN,DAYLIGHT,SIDESWIPE SAME DIRECTION,ONE-WAY,,STRAIGHT AND LEVEL,UNKNOWN,UNKNOWN,NOT ON SCENE (DESK REPORT),NO INJURY / DRIVE AWAY,,,Y,$500 OR LESS,9/3/2019 17:00,UNABLE TO DETERMINE,NOT APPLICABLE,9500,S,JEFFERY AVE,431,,,,,,,2,NO INDICATION OF INJURY,0,0,0,0,0,2,0,15,3,9,41.72237591,-87.5754999,POINT (-87.575499903328 41.722375907041)
JC418647,,9/3/2019 15:54,30,TRAFFIC SIGNAL,FUNCTIONING PROPERLY,CLEAR,DAYLIGHT,ANGLE,FOUR WAY,,STRAIGHT AND LEVEL,DRY,NO DEFECTS,NOT ON SCENE (DESK REPORT),INJURY AND / OR TOW DUE TO CRASH,Y,,,"OVER $1,500",9/3/2019 16:00,DISREGARDING TRAFFIC SIGNALS,NOT APPLICABLE,5200,W,HARRISON ST,1522,,,,,,,2,NO INDICATION OF INJURY,0,0,0,0,0,2,0,15,3,9,41.87305558,-87.75484369,POINT (-87.754843690342 41.873055575528)
JC418965,,9/3/2019 15:45,35,TRAFFIC SIGNAL,FUNCTIONING PROPERLY,CLEAR,DAYLIGHT,REAR END,NOT DIVIDED,,STRAIGHT AND LEVEL,DRY,NO DEFECTS,NOT ON SCENE (DESK REPORT),NO INJURY / DRIVE AWAY,,,,"$501 - $1,500",9/3/2019 19:10,UNABLE TO DETERMINE,UNABLE TO DETERMINE,4400,W,CERMAK RD,1012,,,,,,,2,NO INDICATION OF INJURY,0,0,0,0,0,2,0,15,3,9,41.8515092,-87.73455933,POINT (-87.734559326014 41.851509196295)
JC418633,,9/3/2019 15:45,30,TRAFFIC SIGNAL,FUNCTIONING PROPERLY,CLOUDY/OVERCAST,DAYLIGHT,PEDALCYCLIST,"FIVE POINT, OR MORE",,STRAIGHT AND LEVEL,DRY,NO DEFECTS,ON SCENE,INJURY AND / OR TOW DUE TO CRASH,Y,,,"$501 - $1,500",9/3/2019 15:52,UNABLE TO DETERMINE,NOT APPLICABLE,1552,N,KINGSBURY ST,1822,,,,,,,2,NONINCAPACITATING INJURY,1,0,0,1,0,2,0,15,3,9,41.90944663,-87.65308997,POINT (-87.653089971645 41.909446633558)
JC419421,Y,9/3/2019 15:40,30,NO CONTROLS,NO CONTROLS,CLEAR,DAYLIGHT,REAR END,DIVIDED - W/MEDIAN BARRIER,,STRAIGHT AND LEVEL,DRY,NO DEFECTS,NOT ON SCENE (DESK REPORT),NO INJURY / DRIVE AWAY,,,,"$501 - $1,500",9/4/2019 8:05,UNABLE TO DETERMINE,NOT APPLICABLE,400,N,LOWER LAKE SHORE DR,1834,,,,,,,3,NO INDICATION OF INJURY,0,0,0,0,0,3,0,15,3,9,,,
JC418629,,9/3/2019 15:39,30,NO CONTROLS,NO CONTROLS,CLEAR,DAYLIGHT,REAR END,NOT DIVIDED,,STRAIGHT AND LEVEL,DRY,NO DEFECTS,NOT ON SCENE (DESK REPORT),NO INJURY / DRIVE AWAY,,,,"OVER $1,500",9/3/2019 16:04,NOT APPLICABLE,NOT APPLICABLE,3334,W,63RD ST,823,,,,,,,2,NO INDICATION OF INJURY,0,0,0,0,0,2,0,15,3,9,41.77902053,-87.70696518,POINT (-87.706965175363 41.77902053116)
JC418820,,9/3/2019 15:36,30,TRAFFIC SIGNAL,FUNCTIONING PROPERLY,CLEAR,DAYLIGHT,REAR END,NOT DIVIDED,,STRAIGHT AND LEVEL,DRY,NO DEFECTS,NOT ON SCENE (DESK REPORT),NO INJURY / DRIVE AWAY,Y,,,"$501 - $1,500",9/3/2019 17:50,UNABLE TO DETERMINE,UNABLE TO DETERMINE,2225,S,WESTERN AVE,1034,,,,,,,2,NO INDICATION OF INJURY,0,0,0,0,0,2,0,15,3,9,41.85116639,-87.68546957,POINT (-87.685469571094 41.8511663898)
JC418611,,9/3/2019 15:35,35,TRAFFIC SIGNAL,FUNCTIONING PROPERLY,CLEAR,DAYLIGHT,TURNING,FOUR WAY,,STRAIGHT AND LEVEL,DRY,NO DEFECTS,ON SCENE,INJURY AND / OR TOW DUE TO CRASH,Y,,,"OVER $1,500",9/3/2019 15:38,FAILING TO YIELD RIGHT-OF-WAY,DRIVING SKILLS/KNOWLEDGE/EXPERIENCE,5900,S,DAMEN AVE,714,,,,,,,2,NO INDICATION OF INJURY,0,0,0,0,0,2,0,15,3,9,41.78653345,-87.67424315,POINT (-87.674243150013 41.786533453836)
JC418691,,9/3/2019 15:33,30,NO CONTROLS,NO CONTROLS,CLEAR,DAYLIGHT,REAR END,NOT DIVIDED,,STRAIGHT AND LEVEL,DRY,NO DEFECTS,NOT ON SCENE (DESK REPORT),NO INJURY / DRIVE AWAY,,,,"$501 - $1,500",9/3/2019 16:52,UNABLE TO DETERMINE,NOT APPLICABLE,7370,S,SOUTH SHORE DR,334,,,,,,,2,NO INDICATION OF INJURY,0,0,0,0,0,2,0,15,3,9,41.76234753,-87.55909927,POINT (-87.559099271951 41.762347524613)
JC431808,,9/3/2019 15:30,30,TRAFFIC SIGNAL,FUNCTIONING PROPERLY,UNKNOWN,DAYLIGHT,SIDESWIPE SAME DIRECTION,DIVIDED - W/MEDIAN (NOT RAISED),,STRAIGHT AND LEVEL,UNKNOWN,UNKNOWN,NOT ON SCENE (DESK REPORT),NO INJURY / DRIVE AWAY,Y,,,"OVER $1,500",9/13/2019 14:30,IMPROPER OVERTAKING/PASSING,UNABLE TO DETERMINE,1567,W,69TH ST,734,,,,,,,2,NO INDICATION OF INJURY,0,0,0,0,0,2,0,15,3,9,41.7684428,-87.66383602,POINT (-87.663836023609 41.768442799275)
JC423650,,9/3/2019 15:30,30,TRAFFIC SIGNAL,FUNCTIONING PROPERLY,CLEAR,DAYLIGHT,REAR END,NOT DIVIDED,,STRAIGHT ON GRADE,DRY,SHOULDER DEFECT,NOT ON SCENE (DESK REPORT),NO INJURY / DRIVE AWAY,Y,,,"$501 - $1,500",9/7/2019 13:22,UNABLE TO DETERMINE,UNABLE TO DETERMINE,1501,N,HALSTED ST,1822,,,,,,,2,NO INDICATION OF INJURY,0,0,0,0,0,2,0,15,3,9,41.9086441,-87.64806633,POINT (-87.648066325982 41.908644096415)
JC420131,,9/3/2019 15:30,10,NO CONTROLS,NO CONTROLS,CLEAR,DAYLIGHT,TURNING,PARKING LOT,,STRAIGHT AND LEVEL,DRY,NO DEFECTS,NOT ON SCENE (DESK REPORT),NO INJURY / DRIVE AWAY,,Y,,"OVER $1,500",9/4/2019 16:55,FAILING TO YIELD RIGHT-OF-WAY,NOT APPLICABLE,325,S,MICHIGAN AVE,114,,,,,,,2,NO INDICATION OF INJURY,0,0,0,0,0,2,0,15,3,9,41.87766756,-87.62415745,POINT (-87.624157452749 41.877667557581)
JC418670,,9/3/2019 15:30,30,TRAFFIC SIGNAL,FUNCTIONING PROPERLY,CLEAR,DAYLIGHT,SIDESWIPE SAME DIRECTION,DIVIDED - W/MEDIAN (NOT RAISED),,STRAIGHT AND LEVEL,DRY,NO DEFECTS,NOT ON SCENE (DESK REPORT),NO INJURY / DRIVE AWAY,,,,"OVER $1,500",9/3/2019 16:30,UNABLE TO DETERMINE,UNABLE TO DETERMINE,3949,W,LAKE ST,1122,,,,,,,2,NO INDICATION OF INJURY,0,0,0,0,0,2,0,15,3,9,41.88533105,-87.7252323,POINT (-87.725232294903 41.885331050061)
JC418649,,9/3/2019 15:30,30,NO CONTROLS,NO CONTROLS,UNKNOWN,DAYLIGHT,REAR END,DIVIDED - W/MEDIAN BARRIER,,STRAIGHT AND LEVEL,UNKNOWN,UNKNOWN,NOT ON SCENE (DESK REPORT),NO INJURY / DRIVE AWAY,,,,"$501 - $1,500",9/3/2019 16:15,NOT APPLICABLE,NOT APPLICABLE,9200,S,STONY ISLAND AVE,413,,,,,,,2,NO INDICATION OF INJURY,0,0,0,0,0,2,0,15,3,9,41.72772744,-87.58559431,POINT (-87.585594309293 41.727727438391)
JC418602,,9/3/2019 15:25,30,NO CONTROLS,NO CONTROLS,CLOUDY/OVERCAST,DAYLIGHT,REAR END,NOT DIVIDED,,STRAIGHT AND LEVEL,DRY,NO DEFECTS,ON SCENE,NO INJURY / DRIVE AWAY,,,,"OVER $1,500",9/3/2019 15:30,FAILING TO REDUCE SPEED TO AVOID CRASH,UNABLE TO DETERMINE,5619,N,NAGLE AVE,1622,,,,,,,2,NO INDICATION OF INJURY,0,0,0,0,0,2,0,15,3,9,41.9835446,-87.78757589,POINT (-87.787575890755 41.98354460201)
JC418594,,9/3/2019 15:25,20,NO CONTROLS,NO CONTROLS,CLOUDY/OVERCAST,DAYLIGHT,PARKED MOTOR VEHICLE,NOT DIVIDED,,STRAIGHT AND LEVEL,DRY,NO DEFECTS,ON SCENE,NO INJURY / DRIVE AWAY,,,,$500 OR LESS,9/3/2019 15:28,IMPROPER OVERTAKING/PASSING,UNABLE TO DETERMINE,1518,W,THOME AVE,2433,,,,,,,2,NO INDICATION OF INJURY,0,0,0,0,0,1,0,15,3,9,41.99554281,-87.66855673,POINT (-87.668556731988 41.995542812425)
JC418619,,9/3/2019 15:21,30,NO CONTROLS,NO CONTROLS,CLEAR,DAYLIGHT,REAR END,NOT DIVIDED,,STRAIGHT AND LEVEL,DRY,OTHER,NOT ON SCENE (DESK REPORT),INJURY AND / OR TOW DUE TO CRASH,,,,"OVER $1,500",9/3/2019 16:07,UNABLE TO DETERMINE,UNABLE TO DETERMINE,2298,W,99TH ST,2213,,,,,,,2,"REPORTED, NOT EVIDENT",1,0,0,0,1,1,0,15,3,9,41.71379997,-87.67936459,POINT (-87.679364590353 41.713799966358)
JC418658,,9/3/2019 15:18,30,TRAFFIC SIGNAL,FUNCTIONING PROPERLY,CLEAR,DAYLIGHT,TURNING,NOT DIVIDED,,STRAIGHT AND LEVEL,WET,NO DEFECTS,ON SCENE,NO INJURY / DRIVE AWAY,Y,,,"$501 - $1,500",9/3/2019 15:18,IMPROPER TURNING/NO SIGNAL,DRIVING SKILLS/KNOWLEDGE/EXPERIENCE,400,E,83RD ST,631,,,,,,,2,NO INDICATION OF INJURY,0,0,0,0,0,2,0,15,3,9,41.74392291,-87.61468749,POINT (-87.614687486131 41.743922906387)
JC420017,,9/3/2019 15:15,30,NO CONTROLS,NO CONTROLS,CLEAR,DAYLIGHT,ANGLE,PARKING LOT,,STRAIGHT AND LEVEL,DRY,NO DEFECTS,NOT ON SCENE (DESK REPORT),NO INJURY / DRIVE AWAY,,,,"OVER $1,500",9/4/2019 15:40,IMPROPER BACKING,IMPROPER BACKING,6130,S,WOLCOTT AVE,714,,,,,,,2,NO INDICATION OF INJURY,0,0,0,0,0,2,0,15,3,9,41.7820428,-87.67169858,POINT (-87.671698578172 41.782042797594)
JC418606,,9/3/2019 15:15,30,NO CONTROLS,NO CONTROLS,CLOUDY/OVERCAST,DAYLIGHT,SIDESWIPE SAME DIRECTION,NOT DIVIDED,,STRAIGHT AND LEVEL,WET,NO DEFECTS,ON SCENE,NO INJURY / DRIVE AWAY,,,,"$501 - $1,500",9/3/2019 15:29,UNABLE TO DETERMINE,UNABLE TO DETERMINE,1200,E,87TH ST,412,,,,,,,2,NO INDICATION OF INJURY,0,0,0,0,0,2,0,15,3,9,41.73689344,-87.59525736,POINT (-87.595257357383 41.736893435414)
JC418598,,9/3/2019 15:15,30,TRAFFIC SIGNAL,FUNCTIONING PROPERLY,CLEAR,DAYLIGHT,REAR END,DIVIDED - W/MEDIAN (NOT RAISED),,STRAIGHT AND LEVEL,DRY,NO DEFECTS,NOT ON SCENE (DESK REPORT),NO INJURY / DRIVE AWAY,,,,"OVER $1,500",9/3/2019 15:45,FAILING TO YIELD RIGHT-OF-WAY,UNABLE TO DETERMINE,3344,N,LINCOLN AVE,1922,,,,,,,2,NO INDICATION OF INJURY,0,0,0,0,0,2,0,15,3,9,41.94286348,-87.67105449,POINT (-87.671054493369 41.942863482887)
JC418693,,9/3/2019 15:10,20,NO CONTROLS,NO CONTROLS,CLEAR,DAYLIGHT,REAR END,NOT DIVIDED,,STRAIGHT ON GRADE,WET,NO DEFECTS,ON SCENE,NO INJURY / DRIVE AWAY,,,,$500 OR LESS,9/3/2019 15:12,DRIVING SKILLS/KNOWLEDGE/EXPERIENCE,NOT APPLICABLE,5901,N,RIDGE AVE,2013,,,,,,,2,NO INDICATION OF INJURY,0,0,0,0,0,5,0,15,3,9,41.98917352,-87.66889615,POINT (-87.668896145824 41.989173519055)
JC418592,,9/3/2019 15:10,30,NO CONTROLS,NO CONTROLS,CLEAR,DAYLIGHT,SIDESWIPE SAME DIRECTION,DIVIDED - W/MEDIAN (NOT RAISED),,STRAIGHT AND LEVEL,DRY,NO DEFECTS,NOT ON SCENE (DESK REPORT),NO INJURY / DRIVE AWAY,,,,"OVER $1,500",9/3/2019 15:35,IMPROPER LANE USAGE,NOT APPLICABLE,2747,W,FULLERTON AVE,1431,,,,,,,2,NO INDICATION OF INJURY,0,0,0,0,0,2,0,15,3,9,41.92470289,-87.69687891,POINT (-87.696878907748 41.924702885143)
JC418589,,9/3/2019 15:10,30,STOP SIGN/FLASHER,FUNCTIONING PROPERLY,CLEAR,DAYLIGHT,ANGLE,FOUR WAY,,STRAIGHT AND LEVEL,DRY,NO DEFECTS,ON SCENE,INJURY AND / OR TOW DUE TO CRASH,Y,,,"OVER $1,500",9/3/2019 15:10,FAILING TO REDUCE SPEED TO AVOID CRASH,FAILING TO YIELD RIGHT-OF-WAY,200,W,ROOT ST,925,Y,,,,,,2,NONINCAPACITATING INJURY,1,0,0,1,0,4,0,15,3,9,41.81923997,-87.63132196,POINT (-87.631321959297 41.819239966529)
JC418568,,9/3/2019 15:05,25,NO CONTROLS,NO CONTROLS,CLEAR,DAYLIGHT,SIDESWIPE OPPOSITE DIRECTION,NOT DIVIDED,,STRAIGHT AND LEVEL,DRY,NO DEFECTS,NOT ON SCENE (DESK REPORT),NO INJURY / DRIVE AWAY,,,,"$501 - $1,500",9/3/2019 15:18,UNABLE TO DETERMINE,UNABLE TO DETERMINE,4529,N,CENTRAL PARK AVE,1723,,,,,,,2,NO INDICATION OF INJURY,0,0,0,0,0,2,0,15,3,9,41.96377395,-87.71797006,POINT (-87.717970055961 41.963773948454)
JC418616,,9/3/2019 15:04,35,NO CONTROLS,NO CONTROLS,CLEAR,DAYLIGHT,REAR END,DIVIDED - W/MEDIAN (NOT RAISED),,STRAIGHT AND LEVEL,DRY,NO DEFECTS,NOT ON SCENE (DESK REPORT),NO INJURY / DRIVE AWAY,,,,"$501 - $1,500",9/3/2019 15:55,UNABLE TO DETERMINE,UNABLE TO DETERMINE,2719,S,PULASKI RD,1031,,,,,,,3,NO INDICATION OF INJURY,0,0,0,0,0,3,0,15,3,9,41.84180501,-87.7243374,POINT (-87.724337403778 41.841805007725)
JC418892,Y,9/3/2019 15:00,30,NO CONTROLS,NO CONTROLS,CLEAR,DAYLIGHT,PARKED MOTOR VEHICLE,ONE-WAY,,STRAIGHT AND LEVEL,DRY,NO DEFECTS,NOT ON SCENE (DESK REPORT),NO INJURY / DRIVE AWAY,,,Y,"$501 - $1,500",9/3/2019 18:20,UNABLE TO DETERMINE,UNABLE TO DETERMINE,3441,S,EMERALD AVE,915,,,,,,,2,NO INDICATION OF INJURY,0,0,0,0,0,1,0,15,3,9,41.83137023,-87.64475739,POINT (-87.644757393192 41.831370226579)
JC418644,,9/3/2019 15:00,30,NO CONTROLS,NO CONTROLS,CLEAR,DAYLIGHT,REAR END,NOT DIVIDED,,STRAIGHT AND LEVEL,DRY,NO DEFECTS,NOT ON SCENE (DESK REPORT),NO INJURY / DRIVE AWAY,,,,"OVER $1,500",9/3/2019 16:10,FOLLOWING TOO CLOSELY,NOT APPLICABLE,6331,W,DICKENS AVE,2512,,,,,,,2,NO INDICATION OF INJURY,0,0,0,0,0,2,0,15,3,9,41.91813245,-87.78411934,POINT (-87.784119341889 41.918132448316)
JC418641,,9/3/2019 15:00,40,NO CONTROLS,NO CONTROLS,CLEAR,DAYLIGHT,REAR END,ONE-WAY,,STRAIGHT AND LEVEL,DRY,NO DEFECTS,NOT ON SCENE (DESK REPORT),NO INJURY / DRIVE AWAY,,,,"OVER $1,500",9/3/2019 16:25,FOLLOWING TOO CLOSELY,NOT APPLICABLE,1231,N,LAKE SHORE DR SB,1824,,,,,,,2,NO INDICATION OF INJURY,0,0,0,0,0,2,0,15,3,9,41.90495458,-87.62473385,POINT (-87.624733849857 41.904954583833)
JC418623,,9/3/2019 15:00,30,TRAFFIC SIGNAL,FUNCTIONING PROPERLY,CLEAR,DAYLIGHT,TURNING,NOT DIVIDED,,STRAIGHT AND LEVEL,DRY,NO DEFECTS,NOT ON SCENE (DESK REPORT),NO INJURY / DRIVE AWAY,Y,,,"$501 - $1,500",9/3/2019 16:00,UNABLE TO DETERMINE,UNABLE TO DETERMINE,600,N,WELLS ST,1831,,,,,,,2,NO INDICATION OF INJURY,0,0,0,0,0,2,0,15,3,9,41.89242479,-87.63423714,POINT (-87.634237135636 41.892424784651)
JC418610,,9/3/2019 15:00,15,NO CONTROLS,NO CONTROLS,CLEAR,DAYLIGHT,TURNING,DIVIDED - W/MEDIAN (NOT RAISED),,STRAIGHT AND LEVEL,DRY,NO DEFECTS,ON SCENE,NO INJURY / DRIVE AWAY,,,,$500 OR LESS,9/3/2019 15:30,IMPROPER TURNING/NO SIGNAL,NOT APPLICABLE,7900,S,KEDZIE AVE,834,,,,,,,2,NO INDICATION OF INJURY,0,0,0,0,0,5,0,15,3,9,41.74972397,-87.70253957,POINT (-87.702539571674 41.749723971726)
JC418576,,9/3/2019 15:00,30,TRAFFIC SIGNAL,NOT FUNCTIONING,RAIN,DAYLIGHT,REAR END,DIVIDED - W/MEDIAN (NOT RAISED),,STRAIGHT AND LEVEL,WET,NO DEFECTS,ON SCENE,NO INJURY / DRIVE AWAY,Y,,Y,"$501 - $1,500",9/3/2019 15:26,UNABLE TO DETERMINE,NOT APPLICABLE,1600,S,BLUE ISLAND AVE,1233,,,,,,,2,NO INDICATION OF INJURY,0,0,0,0,0,6,0,15,3,9,41.85968245,-87.65977343,POINT (-87.65977343428 41.859682452426)
JC418563,,9/3/2019 15:00,30,NO CONTROLS,NO CONTROLS,CLEAR,DAYLIGHT,SIDESWIPE SAME DIRECTION,NOT DIVIDED,,STRAIGHT AND LEVEL,DRY,UNKNOWN,NOT ON SCENE (DESK REPORT),NO INJURY / DRIVE AWAY,,,,"$501 - $1,500",9/3/2019 15:20,FAILING TO YIELD RIGHT-OF-WAY,NOT APPLICABLE,7900,S,LA SALLE ST,623,,,,,,,2,NO INDICATION OF INJURY,0,0,0,0,0,2,0,15,3,9,41.75079331,-87.62838938,POINT (-87.628389382906 41.750793312355)
JC418587,N,9/3/2019 14:52,30,TRAFFIC SIGNAL,FUNCTIONING PROPERLY,CLEAR,DAYLIGHT,PEDESTRIAN,DIVIDED - W/MEDIAN BARRIER,,STRAIGHT ON GRADE,DRY,UNKNOWN,ON SCENE,INJURY AND / OR TOW DUE TO CRASH,Y,,,$500 OR LESS,9/3/2019 15:27,DISREGARDING TRAFFIC SIGNALS,UNABLE TO DETERMINE,5500,S,STATE ST,225,,,,,,,2,NONINCAPACITATING INJURY,1,0,0,1,0,1,0,14,3,9,41.79422529,-87.62583602,POINT (-87.625836015583 41.79422529104)
JC418570,,9/3/2019 14:50,30,NO CONTROLS,NO CONTROLS,CLEAR,DAYLIGHT,TURNING,NOT DIVIDED,,STRAIGHT AND LEVEL,DRY,NO DEFECTS,NOT ON SCENE (DESK REPORT),NO INJURY / DRIVE AWAY,,,Y,"OVER $1,500",9/3/2019 15:10,UNABLE TO DETERMINE,UNABLE TO DETERMINE,15,S,CICERO AVE,1113,,,,,,,2,NO INDICATION OF INJURY,0,0,0,0,0,2,0,14,3,9,41.8799671,-87.74511338,POINT (-87.745113382259 41.879967094904)
JC422382,,9/3/2019 14:45,30,NO CONTROLS,NO CONTROLS,CLEAR,DAYLIGHT,ANGLE,NOT DIVIDED,,STRAIGHT AND LEVEL,DRY,NO DEFECTS,NOT ON SCENE (DESK REPORT),NO INJURY / DRIVE AWAY,,,Y,"$501 - $1,500",9/6/2019 14:15,IMPROPER BACKING,NOT APPLICABLE,1546,N,CENTRAL AVE,2531,,,,,,,2,NO INDICATION OF INJURY,0,0,0,0,0,2,0,14,3,9,41.90897892,-87.76600936,POINT (-87.766009354989 41.908978921192)
JC418626,,9/3/2019 14:42,30,UNKNOWN,UNKNOWN,CLEAR,DAYLIGHT,REAR END,DIVIDED - W/MEDIAN (NOT RAISED),,STRAIGHT AND LEVEL,DRY,NO DEFECTS,NOT ON SCENE (DESK REPORT),NO INJURY / DRIVE AWAY,,,Y,"OVER $1,500",9/3/2019 15:45,UNABLE TO DETERMINE,UNABLE TO DETERMINE,3932,W,IRVING PARK RD,1723,,,,,,,2,NO INDICATION OF INJURY,0,0,0,0,0,2,0,14,3,9,41.95377451,-87.72645871,POINT (-87.726458706758 41.953774509765)
JC418703,,9/3/2019 14:40,30,NO CONTROLS,NO CONTROLS,CLEAR,DAYLIGHT,PARKED MOTOR VEHICLE,NOT DIVIDED,,STRAIGHT AND LEVEL,UNKNOWN,UNKNOWN,NOT ON SCENE (DESK REPORT),NO INJURY / DRIVE AWAY,,,,"$501 - $1,500",9/3/2019 16:35,UNABLE TO DETERMINE,NOT APPLICABLE,3010,S,LAWNDALE AVE,1031,,,,,,,2,NO INDICATION OF INJURY,0,0,0,0,0,2,0,14,3,9,41.83846825,-87.717219,POINT (-87.717218999636 41.83846825448)
JC418554,,9/3/2019 14:40,30,NO CONTROLS,NO CONTROLS,CLEAR,DAYLIGHT,ANGLE,ALLEY,,STRAIGHT AND LEVEL,WET,NO DEFECTS,NOT ON SCENE (DESK REPORT),NO INJURY / DRIVE AWAY,,,,"OVER $1,500",9/3/2019 15:20,FAILING TO YIELD RIGHT-OF-WAY,UNABLE TO DETERMINE,3616,N,FRANCISCO AVE,1733,,,,,,,2,NO INDICATION OF INJURY,0,0,0,0,0,2,0,14,3,9,41.9472077,-87.70064041,POINT (-87.700640407044 41.947207695818)
JC418596,,9/3/2019 14:32,30,NO CONTROLS,NO CONTROLS,CLEAR,DAYLIGHT,ANGLE,NOT DIVIDED,,STRAIGHT AND LEVEL,WET,NO DEFECTS,NOT ON SCENE (DESK REPORT),NO INJURY / DRIVE AWAY,,,Y,"$501 - $1,500",9/3/2019 15:47,FAILING TO YIELD RIGHT-OF-WAY,FAILING TO REDUCE SPEED TO AVOID CRASH,2302,N,HAMLIN AVE,2525,,,,,,,2,NO INDICATION OF INJURY,0,0,0,0,0,2,0,14,3,9,41.92285908,-87.72197949,POINT (-87.72197949418 41.922859083303)
JC418542,,9/3/2019 14:30,25,NO CONTROLS,NO CONTROLS,CLOUDY/OVERCAST,DAYLIGHT,ANGLE,PARKING LOT,,STRAIGHT AND LEVEL,DRY,NO DEFECTS,ON SCENE,INJURY AND / OR TOW DUE TO CRASH,,,Y,"OVER $1,500",9/3/2019 14:38,UNABLE TO DETERMINE,UNABLE TO DETERMINE,11850,S,MARSHFIELD AVE,2234,,,,,,,2,NONINCAPACITATING INJURY,1,0,0,1,0,1,0,14,3,9,41.67783661,-87.66263112,POINT (-87.662631118512 41.677836604569)
JC418537,,9/3/2019 14:30,30,NO CONTROLS,NO CONTROLS,CLEAR,DAYLIGHT,PARKED MOTOR VEHICLE,ONE-WAY,,STRAIGHT AND LEVEL,DRY,NO DEFECTS,NOT ON SCENE (DESK REPORT),INJURY AND / OR TOW DUE TO CRASH,,,,"OVER $1,500",9/3/2019 15:02,UNABLE TO DETERMINE,UNABLE TO DETERMINE,3445,S,CLAREMONT AVE,912,,,,,,,3,NO INDICATION OF INJURY,0,0,0,0,0,1,0,14,3,9,41.83078362,-87.68357725,POINT (-87.683577246727 41.830783615137)
JC423905,,9/3/2019 14:25,15,NO CONTROLS,NO CONTROLS,CLEAR,DAYLIGHT,PARKED MOTOR VEHICLE,PARKING LOT,,STRAIGHT AND LEVEL,DRY,NO DEFECTS,NOT ON SCENE (DESK REPORT),NO INJURY / DRIVE AWAY,,Y,,"OVER $1,500",9/7/2019 16:15,UNABLE TO DETERMINE,NOT APPLICABLE,11600,S,BURLEY AVE,433,,,,,,,2,NO INDICATION OF INJURY,0,0,0,0,0,2,0,14,3,9,41.68355441,-87.54521874,POINT (-87.545218736757 41.683554409107)
JC418521,,9/3/2019 14:22,30,STOP SIGN/FLASHER,FUNCTIONING PROPERLY,RAIN,DAYLIGHT,TURNING,NOT DIVIDED,,STRAIGHT AND LEVEL,WET,NO DEFECTS,ON SCENE,INJURY AND / OR TOW DUE TO CRASH,Y,,,"OVER $1,500",9/3/2019 14:23,DISREGARDING STOP SIGN,FAILING TO YIELD RIGHT-OF-WAY,2101,S,STATE ST,131,,,,,,,2,"REPORTED, NOT EVIDENT",2,0,0,0,2,2,0,14,3,9,41.85418435,-87.62696485,POINT (-87.626964851379 41.854184344584)
JC421653,,9/3/2019 14:21,35,NO CONTROLS,NO CONTROLS,CLEAR,DAYLIGHT,OTHER OBJECT,ALLEY,,STRAIGHT AND LEVEL,DRY,NO DEFECTS,NOT ON SCENE (DESK REPORT),INJURY AND / OR TOW DUE TO CRASH,,,,$500 OR LESS,9/3/2019 14:21,"OPERATING VEHICLE IN ERRATIC, RECKLESS, CARELESS, NEGLIGENT OR AGGRESSIVE MANNER",NOT APPLICABLE,4407,W,FULTON ST,1113,,,,,,,1,NO INDICATION OF INJURY,0,0,0,0,0,1,0,14,3,9,41.88526114,-87.73597664,POINT (-87.735976643119 41.885261135297)
JC418574,,9/3/2019 14:20,30,TRAFFIC SIGNAL,FUNCTIONING PROPERLY,CLEAR,DAYLIGHT,REAR END,NOT DIVIDED,,STRAIGHT AND LEVEL,WET,NO DEFECTS,NOT ON SCENE (DESK REPORT),NO INJURY / DRIVE AWAY,,,,"OVER $1,500",9/3/2019 15:30,FAILING TO REDUCE SPEED TO AVOID CRASH,UNABLE TO DETERMINE,6200,S,DR MARTIN LUTHER KING JR DR,311,,,,,,,3,NO INDICATION OF INJURY,0,0,0,0,0,3,0,14,3,9,41.78197998,-87.61581637,POINT (-87.615816371683 41.781979976537)
JC418558,,9/3/2019 14:20,30,TRAFFIC SIGNAL,UNKNOWN,CLOUDY/OVERCAST,DAYLIGHT,REAR END,T-INTERSECTION,,STRAIGHT AND LEVEL,UNKNOWN,UNKNOWN,ON SCENE,NO INJURY / DRIVE AWAY,Y,,Y,$500 OR LESS,9/3/2019 14:24,UNABLE TO DETERMINE,UNABLE TO DETERMINE,200,E,ROOSEVELT RD,114,,,,,,,2,NO INDICATION OF INJURY,0,0,0,0,0,2,0,14,3,9,41.86759463,-87.62249747,POINT (-87.622497473924 41.867594625045)